/**
 * generated by fontconvert.py
 * name: notoserif_24_regular
 * size: 24
 * mode: 2-bit  compressed: true
 * Command used: fontconvert.py notoserif_24_regular 24 ../builtinFonts/source/NotoSerif/NotoSerif-Regular.ttf --2bit --compress --pnum --zopfli
 */
#pragma once
#include "EpdFontData.h"

static const uint8_t notoserif_24_regularBitmaps[60764] = {
    0xD5, 0x7C, 0x31, 0xB0, 0xDE, 0x56, 0x76, 0xDE, 0x01, 0xB0, 0x24, 0x32, 0x8B, 0x02, 0x29, 0x24,
    0xDA, 0x11, 0x0B, 0x34, 0x69, 0xC2, 0x19, 0x0F, 0xDA, 0x14, 0x59, 0x5D, 0x38, 0x9E, 0xB1, 0x8B,
    0x2D, 0xCC, 0xC2, 0xCF, 0x9E, 0x09, 0x8B, 0x4D, 0x99, 0x51, 0xC3, 0xD6, 0x29, 0x48, 0xC0, 0xF1,
    0x64, 0x5C, 0xB8, 0x10, 0x8B, 0x6C, 0x52, 0xAE, 0x0A, 0x7B, 0x46, 0x7A, 0x3B, 0x13, 0xF6, 0x33,
    0xA2, 0x01, 0x67, 0x0B, 0x17, 0x5B, 0x18, 0x93, 0xB5, 0x67, 0x4B, 0x21, 0x1E, 0xAA, 0x59, 0x15,
    0x82, 0x23, 0x78, 0x16, 0x8F, 0x04, 0xF0, 0xE5, 0x3F, 0xDF, 0x39, 0x78, 0xFF, 0xFF, 0xF8, 0x2C,
    0x89, 0x94, 0xB4, 0xCC, 0x0A, 0x7C, 0x38, 0xDF, 0xF7, 0xF0, 0x80, 0x7B, 0xCF, 0x3D, 0xF7, 0xDC,
    0x73, 0xCF, 0xC5, 0x7F, 0x7F, 0xBE, 0xF3, 0x5E, 0x3B, 0xD6, 0xFE, 0x2F, 0xE8, 0xBF, 0xC1, 0xFF,
    0xF5, 0xA1, 0x2F, 0xF5, 0x5F, 0x57, 0x76, 0xC5, 0xE5, 0xBF, 0xBC, 0xCB, 0x9B, 0xBC, 0x11, 0x1E,
    0x37, 0x24, 0x0C, 0xED, 0x84, 0xC3, 0xBF, 0xF6, 0xF0, 0x54, 0x24, 0x77, 0xDE, 0xBB, 0xF9, 0x41,
    0x18, 0xB3, 0x35, 0x8C, 0xA9, 0x9E, 0x4B, 0x39, 0x24, 0x4B, 0xD1, 0xDB, 0x99, 0x77, 0xC9, 0x9C,
    0x77, 0xB1, 0x9E, 0x53, 0xDE, 0x45, 0x53, 0xD6, 0x44, 0xA3, 0xF0, 0x78, 0xAB, 0x8A, 0xFE, 0xE2,
    0x00, 0x65, 0x15, 0x4F, 0x84, 0x44, 0xAF, 0x07, 0x39, 0x85, 0x87, 0x92, 0x0E, 0x84, 0xAC, 0x3F,
    0xC0, 0x13, 0x83, 0x45, 0xF2, 0x6E, 0x87, 0x1C, 0x7A, 0x0C, 0x57, 0x41, 0x92, 0x49, 0x82, 0x88,
    0x16, 0x71, 0x04, 0x2D, 0xE9, 0xA1, 0x88, 0x16, 0xF1, 0xC4, 0x60, 0x11, 0xD1, 0x22, 0x4E, 0xA0,
    0x68, 0xA2, 0x59, 0x55, 0x69, 0xE2, 0x03, 0x80, 0xC7, 0x0E, 0x2D, 0xE1, 0xCB, 0x35, 0x22, 0x14,
    0x8D, 0x48, 0x34, 0x13, 0xE2, 0x49, 0xCA, 0xEA, 0x45, 0x55, 0x44, 0xD2, 0xEE, 0x9A, 0xD4, 0x82,
    0xA2, 0x16, 0x83, 0x48, 0x01, 0x6C, 0x22, 0xED, 0x27, 0x3F, 0x47, 0x13, 0x23, 0xED, 0xD0, 0x25,
    0x6B, 0xDA, 0xD5, 0x7D, 0xB6, 0xA4, 0x5D, 0xE8, 0xB3, 0x39, 0xED, 0xCA, 0x3E, 0x57, 0xD9, 0xA8,
    0xFC, 0x57, 0xA2, 0xD7, 0x45, 0xD2, 0x4D, 0x65, 0x82, 0x3F, 0x3B, 0xC8, 0x18, 0xCF, 0xB5, 0xCC,
    0x16, 0x2A, 0x4B, 0xCC, 0x5A, 0x33, 0xA0, 0x9D, 0x57, 0x63, 0xD2, 0xC6, 0x63, 0xD3, 0x1A, 0x79,
    0x29, 0xFD, 0x09, 0x7A, 0xD5, 0xA1, 0x1D, 0x55, 0x86, 0x31, 0x6B, 0xD2, 0xAE, 0x98, 0xC2, 0x41,
    0xE6, 0x53, 0xE8, 0x28, 0xFB, 0xC3, 0x95, 0x31, 0x0C, 0x87, 0x1A, 0xC7, 0x30, 0x1D, 0xEE, 0x19,
    0x8A, 0x45, 0xB5, 0x4A, 0xF1, 0x3F, 0x3E, 0xD9, 0x24, 0x02, 0xB4, 0xCC, 0xEF, 0xE2, 0x99, 0xB7,
    0xE5, 0x4B, 0xE5, 0xF1, 0xB8, 0xAF, 0x6A, 0xD0, 0x09, 0x62, 0xA8, 0x16, 0x09, 0x95, 0x9B, 0xB3,
    0x03, 0x64, 0xDA, 0xFD, 0xF9, 0x98, 0x2C, 0x07, 0xA9, 0x96, 0x29, 0x87, 0x78, 0x3B, 0x48, 0x2D,
    0x20, 0x74, 0x11, 0x0E, 0xB2, 0xD2, 0xE6, 0x74, 0x02, 0x91, 0x56, 0x9C, 0x56, 0xB2, 0x2A, 0x6D,
    0x0F, 0xB4, 0x89, 0x97, 0x4B, 0xCA, 0x62, 0x8D, 0xB2, 0x58, 0xA3, 0x2C, 0xD6, 0x28, 0x8B, 0x25,
    0xAD, 0x58, 0xAC, 0x15, 0xD6, 0xCA, 0x5B, 0x07, 0xD5, 0x82, 0x56, 0xB1, 0x8A, 0xDA, 0x2A, 0xF4,
    0x11, 0xE2, 0x25, 0xDD, 0xEE, 0x8F, 0xAA, 0xCE, 0x9A, 0x4C, 0xF9, 0x98, 0xCE, 0x54, 0x32, 0x1B,
    0xD5, 0xE5, 0x25, 0x5D, 0x8A, 0x31, 0xEF, 0x43, 0x1F, 0xD3, 0x2C, 0x5D, 0xD9, 0xD5, 0x54, 0xB5,
    0x5C, 0x25, 0x54, 0x5A, 0xBA, 0xB0, 0x1A, 0xAB, 0x48, 0xE9, 0x2A, 0x68, 0x8C, 0xC6, 0x0B, 0x69,
    0x23, 0x34, 0xC2, 0x4E, 0xB3, 0xD1, 0x29, 0x8D, 0xD0, 0xFA, 0xBD, 0x65, 0xE7, 0x25, 0xD0, 0x08,
    0xB5, 0x97, 0xDB, 0xBA, 0x61, 0x58, 0xAC, 0x50, 0x07, 0x16, 0x2B, 0x85, 0x6A, 0x66, 0xB6, 0xCD,
    0x27, 0x35, 0x2D, 0x6D, 0x9B, 0x6C, 0xED, 0x20, 0x6E, 0xDB, 0x96, 0x65, 0xD9, 0xC8, 0xBE, 0x6B,
    0xE8, 0x47, 0x81, 0x99, 0x18, 0xC1, 0xDC, 0x47, 0x52, 0xFC, 0xB0, 0xA5, 0x09, 0xF3, 0x45, 0x0A,
    0x9A, 0xB5, 0x1C, 0x25, 0xA3, 0xA9, 0xC3, 0x28, 0xA9, 0x91, 0x41, 0x92, 0x6B, 0xC4, 0xFF, 0xB4,
    0xDF, 0x5C, 0x4E, 0x92, 0x4F, 0x5E, 0x4E, 0x60, 0x81, 0x19, 0x04, 0x9D, 0x92, 0x04, 0x7F, 0xBE,
    0x09, 0x0F, 0x60, 0x30, 0xD2, 0x6E, 0x22, 0x01, 0xA3, 0xC4, 0x58, 0x8D, 0x94, 0x40, 0x25, 0xE1,
    0x42, 0x04, 0xFF, 0x80, 0x4E, 0x42, 0x2F, 0x09, 0xAA, 0x76, 0x94, 0xD0, 0x48, 0xB6, 0x4A, 0x58,
    0xD4, 0x2E, 0xC5, 0x22, 0x39, 0x24, 0xB0, 0xAA, 0x04, 0x5D, 0x2D, 0xAC, 0x07, 0xE3, 0x13, 0x23,
    0x61, 0x59, 0xA8, 0x97, 0xE4, 0x70, 0x92, 0x62, 0xB2, 0x3F, 0x45, 0x18, 0x8D, 0x48, 0x3D, 0xF3,
    0xF1, 0x83, 0xD8, 0x44, 0x0B, 0xD4, 0xCA, 0x1B, 0xC9, 0x37, 0x1A, 0x44, 0x2B, 0x6D, 0x24, 0x9B,
    0xDB, 0x49, 0x22, 0x5C, 0xFC, 0x21, 0xFA, 0x72, 0xAB, 0x24, 0x00, 0xE0, 0xF0, 0x4A, 0x81, 0xA7,
    0x92, 0x1C, 0x88, 0xDC, 0x38, 0x13, 0x3D, 0xEE, 0xBC, 0x17, 0x18, 0x65, 0xCB, 0xA1, 0xE8, 0x8B,
    0x3E, 0xEF, 0xEC, 0x5F, 0x66, 0x11, 0xF5, 0x3F, 0x32, 0x3C, 0x69, 0x43, 0x22, 0x08, 0x4D, 0x54,
    0x8C, 0xFC, 0x55, 0xD0, 0xF0, 0x52, 0xB2, 0x89, 0xA4, 0xAB, 0xFD, 0x29, 0xD7, 0x3F, 0xCF, 0x3C,
    0xA9, 0x5D, 0xA0, 0xDE, 0x2F, 0x75, 0xF2, 0xDE, 0x92, 0xA7, 0x3D, 0x9F, 0x7B, 0x79, 0xD9, 0x6A,
    0x75, 0xC4, 0x10, 0x11, 0x54, 0x1C, 0x01, 0x52, 0xAA, 0x79, 0x66, 0xFB, 0x83, 0xB4, 0x8D, 0xBA,
    0x92, 0x48, 0x34, 0x50, 0x61, 0xC6, 0x40, 0x53, 0x31, 0x9B, 0xF9, 0x9C, 0xDD, 0x12, 0x06, 0xEA,
    0xCE, 0x42, 0x53, 0x2F, 0x34, 0x81, 0xDE, 0x50, 0x49, 0xA4, 0x3E, 0x84, 0xEE, 0x85, 0xB3, 0xFF,
    0xF2, 0xF3, 0x78, 0x3F, 0xCB, 0xD0, 0xB2, 0x62, 0xB0, 0xDC, 0xA3, 0x51, 0xB4, 0x51, 0x23, 0xF5,
    0x8E, 0xF4, 0xF2, 0xE2, 0xBF, 0x56, 0x22, 0x7F, 0x2C, 0xFB, 0xD1, 0x56, 0x47, 0x59, 0x8B, 0xC8,
    0x1B, 0x12, 0xE4, 0x5F, 0x48, 0x90, 0x20, 0x0F, 0xA4, 0x1E, 0xDE, 0x8E, 0x21, 0xED, 0xFA, 0x5B,
    0x25, 0xAA, 0x02, 0xFF, 0x13, 0x17, 0x22, 0xF7, 0xB1, 0x55, 0xDA, 0xD5, 0xBD, 0x28, 0x5F, 0x45,
    0x6E, 0x63, 0xC3, 0x85, 0xB4, 0xEB, 0xF7, 0x4A, 0x54, 0x87, 0xFB, 0x13, 0x48, 0xA8, 0xDE, 0x96,
    0x87, 0xF2, 0x9B, 0x2C, 0x47, 0xA4, 0xBE, 0x56, 0x8B, 0xCF, 0x74, 0xE4, 0xE5, 0x2B, 0xC9, 0xB3,
    0xB3, 0xFB, 0x3F, 0x3C, 0xAB, 0x6C, 0x42, 0x33, 0xF9, 0xCE, 0x79, 0xFB, 0x8B, 0xF3, 0x47, 0xAF,
    0x5A, 0x8E, 0x48, 0xA1, 0xF2, 0xAE, 0x76, 0x71, 0x01, 0x29, 0xD0, 0xE4, 0x68, 0x32, 0x0B, 0x2B,
    0xA1, 0x92, 0x20, 0xF2, 0xB6, 0xC8, 0x87, 0x92, 0x8C, 0x6A, 0xBA, 0xBF, 0xD2, 0x1B, 0xE5, 0x9D,
    0xF3, 0xF3, 0x06, 0x40, 0xBF, 0x9F, 0x6F, 0x9E, 0x9D, 0x55, 0x9C, 0xF2, 0xC7, 0x7D, 0xCA, 0xBF,
    0x21, 0x9C, 0xD9, 0xF4, 0x29, 0x9E, 0xA9, 0xBA, 0x41, 0x27, 0x92, 0xEB, 0xD9, 0x58, 0x95, 0x25,
    0xA7, 0x71, 0x16, 0xCF, 0x19, 0x77, 0xB1, 0x33, 0x9A, 0x5F, 0x78, 0x74, 0x10, 0x4E, 0xA2, 0xB9,
    0x3F, 0x5E, 0x34, 0xA6, 0x77, 0xF0, 0xC7, 0x1F, 0x9E, 0x3C, 0x3E, 0x8B, 0x44, 0x93, 0x48, 0xFC,
    0xCA, 0x8F, 0x5E, 0x3D, 0x3C, 0xE0, 0xA5, 0x80, 0x8D, 0xED, 0xC7, 0xF4, 0xEF, 0x21, 0x72, 0x17,
    0x6D, 0x3B, 0x49, 0x60, 0x41, 0x6B, 0xA5, 0x33, 0xD3, 0xBF, 0xE6, 0x7D, 0xAC, 0x14, 0x33, 0x3D,
    0xAE, 0x9C, 0xE8, 0x7C, 0x84, 0x8D, 0x63, 0x2B, 0xC1, 0x37, 0x0C, 0x56, 0xB4, 0x57, 0xC4, 0x6A,
    0x57, 0x57, 0xC2, 0x60, 0x36, 0x05, 0x27, 0x53, 0x77, 0x14, 0x6D, 0x40, 0xDD, 0xF9, 0x9C, 0x26,
    0x12, 0x2E, 0x6E, 0x6F, 0x0C, 0xAC, 0x98, 0xC5, 0x22, 0x16, 0x23, 0xFC, 0x1F, 0x88, 0xF8, 0x1C,
    0xC0, 0x87, 0x3C, 0xDE, 0x49, 0x46, 0x59, 0x33, 0x0D, 0xD8, 0xF4, 0x7A, 0xBB, 0x58, 0xC0, 0x54,
    0x59, 0x37, 0x2A, 0x45, 0x7E, 0x7D, 0x64, 0xAB, 0x6D, 0xBA, 0xA9, 0x03, 0xB4, 0x04, 0x80, 0xC6,
    0xA4, 0xD8, 0x71, 0x1B, 0x2B, 0x1B, 0x8C, 0x81, 0x13, 0xD6, 0x2C, 0xF9, 0x2A, 0x39, 0x2D, 0x69,
    0xD6, 0x8D, 0xD1, 0x84, 0x41, 0x22, 0x74, 0x07, 0x29, 0xE8, 0x8A, 0x5E, 0x65, 0xFC, 0x48, 0xA5,
    0x88, 0xD0, 0x78, 0x34, 0xA6, 0xC5, 0x35, 0x0F, 0x80, 0x3E, 0x85, 0xD9, 0xB4, 0x55, 0x0C, 0x54,
    0xC5, 0x6E, 0x57, 0x11, 0xAF, 0xBC, 0x65, 0xE6, 0x2D, 0xD7, 0xFE, 0xB8, 0x1C, 0x4D, 0x5E, 0xE8,
    0x65, 0xC6, 0xA5, 0xF7, 0x98, 0xAD, 0x8C, 0x3A, 0x31, 0x47, 0xA3, 0x3E, 0x93, 0x8C, 0x65, 0xA3,
    0x0E, 0x57, 0x03, 0xC0, 0xD8, 0x5E, 0x93, 0x7B, 0xEB, 0x18, 0x96, 0x78, 0x21, 0xC1, 0xDF, 0xDF,
    0x5F, 0xB5, 0x75, 0x29, 0xAA, 0x62, 0xD6, 0x16, 0x69, 0xD0, 0x73, 0xD9, 0x97, 0x83, 0xBA, 0x75,
    0x4E, 0x19, 0x3D, 0x3A, 0xC8, 0x5E, 0xE4, 0xB4, 0x8D, 0xDE, 0xBA, 0x94, 0xAA, 0x73, 0x36, 0x8F,
    0x5A, 0xE6, 0x90, 0x17, 0xA2, 0x72, 0xAB, 0x54, 0x82, 0x4D, 0xBA, 0x6F, 0x76, 0xF0, 0x67, 0x47,
    0x36, 0x81, 0x86, 0x08, 0xFC, 0x73, 0x49, 0x59, 0x2C, 0x2E, 0x79, 0xA5, 0xA0, 0x0C, 0xEC, 0x31,
    0x6D, 0x6E, 0x3D, 0xD6, 0x0C, 0xF7, 0x9A, 0x27, 0xA0, 0x29, 0xB6, 0xDF, 0x6E, 0x57, 0xC9, 0xAC,
    0x59, 0xAD, 0x05, 0xDA, 0x33, 0x0F, 0x99, 0xE7, 0x0D, 0x8D, 0x66, 0x95, 0xA5, 0x06, 0xB9, 0x41,
    0x69, 0xF0, 0xC0, 0x60, 0x21, 0xC4, 0x13, 0x21, 0x1D, 0x08, 0x79, 0x47, 0x28, 0x2B, 0x42, 0x10,
    0xC2, 0x42, 0x88, 0x67, 0x42, 0x32, 0x12, 0xF2, 0x9E, 0x50, 0x34, 0x84, 0x20, 0x84, 0x27, 0x84,
    0x68, 0x26, 0x24, 0x23, 0x21, 0xEB, 0x09, 0x45, 0x47, 0x08, 0xE7, 0xE7, 0xE7, 0xF8, 0xC5, 0xFB,
    0xEC, 0x23, 0x2C, 0x0E, 0x6E, 0xD7, 0x97, 0x83, 0x18, 0x3D, 0xBB, 0xD1, 0x53, 0x71, 0x60, 0x70,
    0x88, 0xCF, 0x0F, 0x87, 0x9A, 0x1C, 0x1B, 0x25, 0x24, 0x35, 0xF9, 0xF7, 0x67, 0x67, 0x2D, 0x93,
    0xE7, 0x92, 0x51, 0xB6, 0xA0, 0xCC, 0x29, 0x0F, 0x68, 0xB2, 0xB9, 0x26, 0x2D, 0xF8, 0xFF, 0xB6,
    0x5A, 0xB5, 0x00, 0x56, 0x4A, 0xF4, 0x52, 0x7E, 0xFC, 0x87, 0x98, 0xE5, 0x3B, 0x4C, 0x6A, 0x68,
    0x5F, 0xD3, 0xA9, 0x39, 0xF1, 0x8D, 0xFE, 0x28, 0xDB, 0xE1, 0x44, 0xFA, 0xF5, 0xEF, 0xF0, 0xCE,
    0x07, 0xA2, 0xFE, 0xC6, 0xE9, 0xBD, 0x02, 0xF3, 0x37, 0x2D, 0x7C, 0x91, 0x7A, 0xBB, 0x87, 0x89,
    0x75, 0x75, 0x12, 0x83, 0xBE, 0x64, 0x29, 0x90, 0x1F, 0x05, 0x26, 0x0E, 0x4E, 0x7D, 0x66, 0xFB,
    0x5D, 0x74, 0x52, 0x8E, 0x1A, 0x6B, 0xEB, 0x4E, 0x43, 0x2D, 0x2A, 0xC9, 0xC7, 0x18, 0x3A, 0x86,
    0x92, 0x55, 0x5B, 0x92, 0xD9, 0xA0, 0xA3, 0x2C, 0xCC, 0xD7, 0x26, 0x97, 0x27, 0x11, 0xE1, 0xE6,
    0x07, 0x2A, 0x5B, 0x4C, 0x12, 0x9E, 0xAB, 0xF5, 0x02, 0xFA, 0x14, 0x5D, 0x58, 0x45, 0x30, 0x58,
    0xEA, 0xA3, 0xB2, 0x9C, 0x54, 0x16, 0x8B, 0xCA, 0xFC, 0x8A, 0x2C, 0x27, 0x95, 0x05, 0x65, 0x3E,
    0x53, 0x32, 0xC9, 0xB2, 0xF8, 0x9A, 0x6C, 0x5A, 0x02, 0xA3, 0x6B, 0x2F, 0x2D, 0xDD, 0x26, 0x5C,
    0xDC, 0x83, 0x87, 0x56, 0x46, 0x56, 0x0F, 0xAC, 0xE7, 0x7A, 0xFC, 0x05, 0xF4, 0x98, 0x29, 0x27,
    0xCA, 0x71, 0x3B, 0x3B, 0x4C, 0xE7, 0xC3, 0xCC, 0xA8, 0x30, 0x51, 0x8E, 0xCC, 0x97, 0x54, 0x42,
    0xA7, 0xDC, 0xE8, 0x24, 0x88, 0x24, 0xCB, 0x49, 0x28, 0x99, 0x28, 0x47, 0x36, 0xD9, 0xC2, 0x4A,
    0xEF, 0x0B, 0x14, 0x16, 0xE0, 0x21, 0x66, 0x2F, 0x20, 0xD9, 0x8E, 0x05, 0x64, 0xA7, 0xE1, 0xEA,
    0x8B, 0x0B, 0xA8, 0xBE, 0xAC, 0x00, 0x3F, 0x62, 0x86, 0xD8, 0x92, 0xAD, 0xC6, 0xD3, 0xDB, 0xEA,
    0xA5, 0x12, 0x81, 0x7D, 0x54, 0x77, 0x6A, 0xB7, 0x30, 0x14, 0xCC, 0xC3, 0x4A, 0xB5, 0xF3, 0x15,
    0xC9, 0x64, 0x75, 0xCC, 0x99, 0x6B, 0xE7, 0xD0, 0xFB, 0x35, 0x98, 0xA0, 0x8A, 0x30, 0xA7, 0xFA,
    0x38, 0xEE, 0xDB, 0xC2, 0xD7, 0x6B, 0xD9, 0x67, 0xE7, 0xF0, 0x0F, 0xD8, 0x34, 0x14, 0x97, 0xE8,
    0xB2, 0x45, 0x12, 0x8C, 0x5A, 0x7E, 0x3B, 0xB3, 0x37, 0x97, 0x5A, 0xF3, 0xD3, 0x55, 0xBD, 0x32,
    0xDD, 0x18, 0xB8, 0x4E, 0xE5, 0x5A, 0xF7, 0xDA, 0x90, 0x30, 0x68, 0x43, 0x54, 0x87, 0x7C, 0xB2,
    0xDA, 0x13, 0x54, 0xEA, 0xED, 0x00, 0x33, 0x3A, 0xEB, 0xBB, 0x37, 0x39, 0x29, 0xF2, 0xB8, 0x49,
    0x8F, 0x2D, 0xC1, 0x7C, 0xF3, 0x19, 0x26, 0x75, 0xEF, 0x7C, 0x95, 0x6C, 0xD5, 0xC6, 0xE6, 0xB3,
    0xB6, 0x57, 0xBD, 0x05, 0x1D, 0xE7, 0xC5, 0xDE, 0xBC, 0xAB, 0x1E, 0x54, 0xEA, 0x28, 0x29, 0x4D,
    0x4E, 0x2A, 0x8B, 0xD9, 0x64, 0x3D, 0xAA, 0xA4, 0xCE, 0x33, 0x93, 0xF5, 0x45, 0x63, 0x24, 0xE6,
    0x1C, 0x55, 0x8A, 0x39, 0xC1, 0x86, 0x4F, 0x67, 0x01, 0xB6, 0x62, 0x96, 0xDB, 0x78, 0x7A, 0xDD,
    0xBF, 0x5D, 0x0E, 0x2A, 0x6B, 0x1B, 0x95, 0xA7, 0xF3, 0x94, 0xA4, 0xEC, 0xB7, 0xBC, 0xD2, 0x1E,
    0xCB, 0x7B, 0x1D, 0x4F, 0xF9, 0xFA, 0xBB, 0xE8, 0x25, 0x05, 0xED, 0x49, 0x43, 0xCA, 0x8D, 0xBF,
    0x14, 0x96, 0xDB, 0x59, 0x16, 0x87, 0xB1, 0x1E, 0xDF, 0x6A, 0xE4, 0x73, 0x8F, 0x1B, 0x52, 0x0F,
    0xD8, 0xF3, 0xBD, 0xFE, 0x86, 0xCF, 0x62, 0x19, 0x24, 0x47, 0xC5, 0x1F, 0x49, 0x21, 0xD1, 0xFB,
    0xF2, 0x92, 0x47, 0x74, 0xCC, 0x3F, 0xAB, 0x82, 0xF9, 0xA7, 0x0E, 0xA7, 0x20, 0xFA, 0xF3, 0x3D,
    0x8D, 0xCF, 0x29, 0xF3, 0xCF, 0x27, 0xCC, 0x3F, 0x4F, 0x8E, 0xF7, 0x54, 0x64, 0xD6, 0x72, 0x95,
    0x29, 0x1A, 0xA5, 0x0B, 0xA9, 0x9A, 0xA2, 0x5C, 0x55, 0x33, 0xA3, 0x1B, 0xE9, 0xC0, 0x18, 0x43,
    0x2B, 0xD1, 0x86, 0xBC, 0x60, 0xF7, 0xF9, 0x8D, 0x52, 0xAF, 0xFB, 0xCC, 0xE2, 0x8B, 0x3C, 0x2F,
    0xD8, 0xD3, 0x0A, 0xC9, 0x50, 0x1D, 0xA3, 0x5E, 0x41, 0x19, 0xA9, 0x54, 0x4F, 0x39, 0x8C, 0xE4,
    0xAB, 0x69, 0x39, 0xC7, 0xFC, 0x23, 0x79, 0x89, 0xE3, 0x4C, 0x8F, 0xBB, 0x57, 0x53, 0x7A, 0x7F,
    0x76, 0x6F, 0xAA, 0x6C, 0x94, 0xE8, 0x5D, 0x67, 0x6F, 0xA7, 0xB7, 0xF9, 0x9A, 0x9A, 0xCD, 0xB1,
    0x99, 0xB9, 0x8F, 0x62, 0x8F, 0xD7, 0x47, 0x5B, 0xCD, 0x56, 0x86, 0xD2, 0x13, 0x5B, 0x19, 0x1D,
    0xDC, 0x6C, 0x7B, 0x5B, 0xA1, 0x42, 0x26, 0xB9, 0x76, 0xDC, 0xC7, 0xCC, 0x64, 0x00, 0x8D, 0xE4,
    0x7C, 0x05, 0x10, 0x66, 0xC9, 0xB8, 0x74, 0x4F, 0x36, 0xF5, 0xC9, 0x08, 0xCC, 0x77, 0xD0, 0x94,
    0x94, 0xB1, 0x2F, 0xF4, 0x5C, 0x46, 0x9E, 0x6D, 0x54, 0xA2, 0x85, 0x50, 0xF5, 0xED, 0x98, 0x2A,
    0x84, 0x89, 0xB7, 0xF4, 0x6E, 0xF8, 0xBD, 0x75, 0xD6, 0xB8, 0x27, 0x2A, 0xE4, 0xC3, 0x2F, 0x94,
    0xD7, 0x0F, 0x0E, 0xE7, 0x18, 0x6E, 0x31, 0xCA, 0xEE, 0x28, 0x4F, 0x72, 0x1F, 0xF9, 0x97, 0xBB,
    0x83, 0x9E, 0x7F, 0xB0, 0xB3, 0x16, 0x98, 0x8D, 0x1E, 0x93, 0xCA, 0x08, 0x17, 0x12, 0xB9, 0xA1,
    0x37, 0x2D, 0x43, 0x85, 0xD4, 0xA3, 0x07, 0x51, 0x6F, 0xA1, 0x14, 0xBD, 0xA7, 0x53, 0x07, 0x60,
    0xC8, 0x21, 0x8D, 0x67, 0x8B, 0xBA, 0x3A, 0x13, 0x2F, 0xBC, 0xFF, 0x36, 0xE6, 0x3F, 0x96, 0x27,
    0x8C, 0xB9, 0xAD, 0xC6, 0x98, 0x5A, 0x92, 0x55, 0x12, 0x66, 0xA8, 0x41, 0xD2, 0x85, 0xAB, 0x8D,
    0xF1, 0x40, 0xB3, 0x49, 0x4D, 0x5C, 0x8C, 0x52, 0x56, 0xF9, 0xA8, 0xA3, 0xBE, 0x1C, 0x0E, 0xB4,
    0x18, 0x84, 0x6F, 0xA3, 0x0E, 0x34, 0x74, 0xDA, 0x0E, 0xA7, 0x89, 0xD2, 0x4E, 0x69, 0x93, 0xAE,
    0x0C, 0xF1, 0x41, 0xEA, 0x26, 0xB3, 0x2A, 0x83, 0xB4, 0x15, 0x69, 0x45, 0x9A, 0x2F, 0x8C, 0xFB,
    0x0F, 0xA5, 0x15, 0x52, 0xB5, 0x34, 0xA9, 0xEA, 0xB4, 0x18, 0x8D, 0x21, 0xD1, 0x7C, 0xA0, 0x8C,
    0xBC, 0x9A, 0x0D, 0xB5, 0x55, 0xAA, 0x39, 0x9B, 0x64, 0xFD, 0x81, 0x26, 0x90, 0x32, 0x68, 0x7F,
    0xD7, 0x8D, 0xE0, 0x17, 0x4B, 0xF1, 0xCC, 0x6A, 0x0F, 0x98, 0x32, 0xCC, 0xA4, 0x29, 0x1A, 0x76,
    0x6B, 0xE9, 0x63, 0xC7, 0x67, 0x32, 0x3F, 0xB2, 0x79, 0x67, 0xDA, 0x78, 0x3F, 0xDC, 0x49, 0x24,
    0x3A, 0xE6, 0x1B, 0x79, 0xE3, 0x09, 0xA6, 0xAF, 0xA9, 0x33, 0x3C, 0xDA, 0x3D, 0x27, 0x02, 0xCE,
    0x1F, 0xA3, 0xF7, 0xAC, 0x18, 0xB8, 0x20, 0xF3, 0x85, 0xFB, 0xF5, 0xE3, 0xDC, 0x31, 0x86, 0x93,
    0x04, 0x0D, 0xD1, 0x1D, 0x83, 0x85, 0xF7, 0xAE, 0x68, 0xEB, 0x4A, 0x17, 0xB5, 0xAB, 0x1C, 0xCA,
    0xC9, 0x49, 0xEE, 0x9A, 0x3F, 0xC9, 0x17, 0x23, 0x4B, 0xB6, 0x12, 0xA3, 0x25, 0x81, 0xD5, 0x30,
    0x39, 0x49, 0x46, 0xCF, 0xAC, 0xD2, 0x41, 0x58, 0x07, 0xD3, 0xCE, 0x9E, 0xA4, 0xB3, 0x90, 0x26,
    0x65, 0xB3, 0x47, 0xF8, 0x3D, 0xEC, 0xD7, 0xD6, 0x40, 0x7A, 0x7F, 0x4E, 0x72, 0x48, 0x20, 0x7E,
    0xB0, 0xB2, 0xC5, 0x7A, 0x50, 0xF5, 0x9D, 0x8C, 0x9E, 0xBD, 0x31, 0x4A, 0xC2, 0x97, 0xC2, 0xAC,
    0xA3, 0x50, 0xC2, 0xE9, 0xA8, 0xF2, 0x59, 0x24, 0xEC, 0xE3, 0xAD, 0xDE, 0x87, 0x1F, 0x9C, 0x44,
    0x24, 0xE5, 0xB6, 0x87, 0x0A, 0x34, 0x2C, 0xBE, 0x04, 0xD6, 0x4B, 0x72, 0x47, 0x93, 0x1B, 0x2D,
    0x00, 0x00, 0x9E, 0x8A, 0xDC, 0xDA, 0x75, 0x08, 0x33, 0x2D, 0xC8, 0x5E, 0x6A, 0x39, 0xD9, 0xB1,
    0x16, 0x62, 0xB9, 0x18, 0x16, 0x8E, 0xF9, 0x0B, 0x58, 0x5C, 0x41, 0x96, 0x41, 0x0C, 0x5E, 0x0E,
    0x7A, 0xE2, 0x6D, 0x58, 0x1A, 0x8B, 0x49, 0x0C, 0x9F, 0x2A, 0x6E, 0xE7, 0x8F, 0x79, 0xDD, 0xEB,
    0x3D, 0x2D, 0x27, 0x5B, 0x0D, 0x13, 0xEC, 0x58, 0x39, 0x36, 0xC4, 0xF8, 0x05, 0x4C, 0x1C, 0x8F,
    0xF7, 0x79, 0x39, 0x8E, 0xF9, 0xCA, 0x76, 0x6A, 0x3C, 0x8D, 0xA0, 0xF5, 0x0E, 0x66, 0x87, 0x4D,
    0x0C, 0x3D, 0x8A, 0xEF, 0x21, 0x64, 0xF2, 0xF0, 0xD1, 0x48, 0x84, 0x67, 0xF7, 0x30, 0x32, 0xB4,
    0xB5, 0xB3, 0x94, 0x34, 0x09, 0x7B, 0x25, 0xB7, 0x55, 0x49, 0x66, 0x4E, 0x93, 0x8E, 0x29, 0xA1,
    0x71, 0x5F, 0x72, 0xDF, 0x2A, 0x0C, 0x4A, 0x83, 0x30, 0x5F, 0x81, 0xE9, 0xA5, 0x61, 0x3E, 0x85,
    0xF2, 0x4A, 0xD1, 0xB9, 0xD7, 0xB7, 0x11, 0x32, 0xF7, 0x5B, 0x9C, 0xAC, 0xC1, 0xFE, 0xB5, 0x60,
    0x64, 0xB0, 0xAD, 0x17, 0x06, 0xB3, 0x02, 0x8F, 0xE4, 0xFE, 0x24, 0x29, 0x6C, 0xED, 0xD2, 0x02,
    0xA8, 0xF4, 0x49, 0x4C, 0xE2, 0xB9, 0x94, 0x7A, 0xCA, 0x07, 0x74, 0x3A, 0xF8, 0xB0, 0x34, 0x5F,
    0xE9, 0x4D, 0x89, 0x18, 0xB3, 0x78, 0x4F, 0x43, 0x64, 0x37, 0xBF, 0x91, 0xC8, 0x3B, 0x7C, 0xEF,
    0x51, 0x3E, 0xE1, 0xC4, 0xFB, 0x96, 0x3A, 0x3B, 0xD9, 0x9C, 0x64, 0x70, 0x92, 0x1E, 0x49, 0x65,
    0x24, 0xF9, 0x7A, 0x24, 0xC5, 0x8B, 0x55, 0x78, 0xA5, 0xAE, 0x86, 0x2B, 0xF6, 0x82, 0xAA, 0xF5,
    0xE8, 0x04, 0xC3, 0xDE, 0xC0, 0xCE, 0x48, 0xEE, 0x23, 0x26, 0x6A, 0x17, 0xB9, 0x74, 0xA5, 0x4B,
    0x5F, 0xDA, 0x9D, 0x49, 0x6D, 0xA8, 0xC7, 0x7B, 0x76, 0x01, 0xA3, 0x5B, 0x70, 0xF4, 0x3A, 0x46,
    0xB3, 0x5F, 0x3A, 0x7A, 0xE9, 0x8E, 0xF1, 0x64, 0x18, 0x5D, 0x45, 0x1E, 0xAF, 0x8C, 0x00, 0x66,
    0xC7, 0x45, 0x71, 0xE3, 0xF0, 0xF7, 0xBF, 0x7F, 0x4D, 0x2C, 0x1C, 0xC3, 0xE7, 0x60, 0x6B, 0xED,
    0x8C, 0x41, 0x13, 0x1D, 0x6C, 0xE4, 0x76, 0xD8, 0x71, 0xDB, 0xED, 0xE3, 0xE6, 0x71, 0xEB, 0xB8,
    0x71, 0xDC, 0x36, 0x6E, 0x1A, 0xB7, 0x0C, 0x21, 0xBA, 0x02, 0x22, 0xAF, 0x0C, 0x6E, 0x16, 0xC2,
    0x62, 0x46, 0x79, 0xDF, 0xFF, 0xF6, 0x8D, 0x81, 0x0F, 0xF6, 0x7D, 0x8E, 0xB3, 0x81, 0x44, 0x74,
    0xF0, 0xE3, 0xCA, 0x64, 0xB7, 0x77, 0x97, 0xB4, 0xDB, 0x7F, 0x07, 0x3C, 0xCF, 0xC9, 0xE9, 0x75,
    0x8B, 0xA7, 0x7D, 0x9C, 0x66, 0x94, 0x80, 0x33, 0x43, 0xE7, 0xB3, 0x6D, 0xDD, 0x78, 0x56, 0xF6,
    0x9F, 0xF7, 0xC4, 0xCC, 0x7D, 0xDB, 0xB5, 0x71, 0x52, 0xEE, 0x24, 0xCC, 0xD7, 0xC8, 0xF4, 0x92,
    0xE4, 0xD0, 0x63, 0x55, 0xF0, 0xF5, 0x7F, 0xC7, 0xC7, 0x1F, 0x63, 0xAB, 0x48, 0x12, 0x8C, 0x5E,
    0x05, 0x7A, 0xAF, 0x14, 0x1D, 0xD5, 0x30, 0xB2, 0x39, 0x49, 0xE1, 0x24, 0x41, 0x65, 0x24, 0x42,
    0x67, 0x44, 0xDA, 0xD1, 0x49, 0x58, 0x9C, 0xE4, 0x68, 0x8C, 0xC4, 0xD8, 0xCE, 0xEE, 0x29, 0x91,
    0x00, 0x37, 0x62, 0x6C, 0xF1, 0x8B, 0x2F, 0x28, 0xEE, 0xDA, 0x88, 0xFB, 0x40, 0xBE, 0x7B, 0x50,
    0xB1, 0x09, 0xC0, 0x2A, 0xB9, 0xEA, 0x78, 0x4B, 0x67, 0x9A, 0x1B, 0x2D, 0x2E, 0x2A, 0x09, 0xAB,
    0xE7, 0xDC, 0xA6, 0x66, 0xE2, 0xA1, 0xEB, 0x75, 0x32, 0xF0, 0x38, 0x65, 0x74, 0xC0, 0xF3, 0x1F,
    0x9F, 0xDC, 0xF7, 0xFA, 0x99, 0x5B, 0xC3, 0xAD, 0x9E, 0xA1, 0x72, 0xA7, 0xBD, 0x8F, 0x41, 0x8E,
    0x96, 0x3C, 0x32, 0xB5, 0xB3, 0xFE, 0x46, 0xDB, 0x86, 0x75, 0xCF, 0x11, 0x5E, 0xD3, 0xB9, 0x50,
    0x4F, 0xD5, 0x50, 0x75, 0xD0, 0x33, 0xD6, 0x45, 0x58, 0x02, 0xA0, 0x8F, 0x38, 0x98, 0x12, 0xF4,
    0x3E, 0xF5, 0x45, 0x68, 0xBE, 0x25, 0x22, 0x46, 0xE5, 0x22, 0xC1, 0xBE, 0x3E, 0xC9, 0x17, 0x1F,
    0x76, 0xB7, 0xB4, 0x41, 0x2D, 0xE4, 0x20, 0x1E, 0xED, 0x7E, 0xFE, 0x96, 0x8E, 0x44, 0x60, 0xE5,
    0x67, 0xA9, 0xEC, 0x89, 0x14, 0xAB, 0x98, 0x93, 0xA3, 0xB7, 0x3E, 0x89, 0x2E, 0x67, 0xE7, 0xC5,
    0x49, 0x36, 0x3A, 0x29, 0x7A, 0x27, 0xA1, 0x72, 0xB2, 0x89, 0x91, 0x64, 0x76, 0x92, 0x0F, 0x4E,
    0xCA, 0xCE, 0x49, 0x2B, 0x46, 0xA2, 0xC5, 0x49, 0x3A, 0x3B, 0xC9, 0x57, 0x27, 0x01, 0x4E, 0x00,
    0x7B, 0xEA, 0xF9, 0x73, 0x58, 0x39, 0x18, 0x30, 0x19, 0x69, 0xEA, 0x85, 0x64, 0x93, 0x72, 0x5F,
    0x46, 0xE6, 0x70, 0x35, 0x52, 0x74, 0x46, 0x62, 0xEC, 0xAA, 0x62, 0x76, 0x52, 0xAF, 0x4E, 0x4A,
    0x38, 0xC9, 0xD1, 0x90, 0x58, 0x97, 0x17, 0x6C, 0xF2, 0xE4, 0x7E, 0xDC, 0xAE, 0xEE, 0xC6, 0x01,
    0x8F, 0x68, 0x28, 0xC9, 0x30, 0x1B, 0x91, 0xC7, 0x33, 0x6D, 0x28, 0x62, 0xFE, 0x6D, 0xF9, 0x8D,
    0xCE, 0x8D, 0x66, 0x40, 0x8F, 0x96, 0xDE, 0x92, 0x6F, 0x01, 0x16, 0x8E, 0xE5, 0x97, 0xCC, 0xCA,
    0xB5, 0x23, 0x5E, 0x66, 0x76, 0xD6, 0x1E, 0x51, 0x0C, 0xF0, 0xF7, 0x14, 0xC0, 0x2D, 0xEF, 0x55,
    0xE0, 0x63, 0x09, 0xE8, 0x8D, 0x8A, 0x94, 0xEC, 0xAB, 0x98, 0xEF, 0xA8, 0x5B, 0xA5, 0xC9, 0x73,
    0xA5, 0x3F, 0x62, 0xFA, 0xF5, 0x89, 0xD2, 0x77, 0x19, 0x59, 0x7E, 0xAA, 0xF4, 0xCF, 0xD5, 0xC0,
    0x39, 0xE9, 0x9F, 0x6D, 0xE2, 0x17, 0x8A, 0x3F, 0x65, 0xFC, 0xC9, 0x94, 0xFE, 0x17, 0x54, 0x3B,
    0xFD, 0x13, 0xAD, 0xF9, 0x01, 0x69, 0xA3, 0x35, 0x2F, 0x46, 0x75, 0x61, 0x39, 0x1B, 0x0D, 0xA3,
    0xC4, 0xD3, 0x25, 0x4D, 0x46, 0xA3, 0xEA, 0x48, 0x83, 0xD1, 0x7C, 0x91, 0xAC, 0x37, 0x7A, 0x90,
    0x79, 0x67, 0x34, 0xDD, 0x0E, 0xC2, 0x68, 0x02, 0x29, 0xC5, 0x68, 0x8C, 0x2A, 0x38, 0x8D, 0xD0,
    0x3C, 0x70, 0x2A, 0xE8, 0x96, 0x9D, 0xB6, 0xFD, 0x25, 0x0D, 0xFF, 0x38, 0x5D, 0xD2, 0xCF, 0xC6,
    0x9D, 0x16, 0xCF, 0x87, 0x9D, 0xE6, 0xE8, 0x77, 0x9A, 0xA1, 0x33, 0xCA, 0x45, 0x35, 0x69, 0xB0,
    0x09, 0x30, 0x07, 0x5D, 0x36, 0x86, 0xC8, 0x7D, 0xFA, 0x69, 0x15, 0x6D, 0xCC, 0xCC, 0x95, 0xCA,
    0x42, 0x7A, 0xE7, 0x90, 0x45, 0x8A, 0x06, 0xB9, 0x80, 0xC5, 0x56, 0x8E, 0xB7, 0xD4, 0xD4, 0xD1,
    0x7D, 0xF6, 0x82, 0x5A, 0x7E, 0xDB, 0x3F, 0x59, 0xD1, 0x40, 0x8C, 0x7E, 0x27, 0xE3, 0x4E, 0x66,
    0x27, 0x3F, 0x5A, 0x9D, 0xBC, 0x0B, 0x12, 0xB5, 0x7B, 0xA3, 0x44, 0x4D, 0xDD, 0x1B, 0x69, 0x30,
    0x3A, 0x09, 0xB3, 0x93, 0x72, 0x71, 0x92, 0xC3, 0x49, 0x82, 0xC6, 0x48, 0x8C, 0xCE, 0x88, 0x60,
    0x74, 0x52, 0x4F, 0x4E, 0xCA, 0xC5, 0x49, 0x0E, 0x27, 0x29, 0x2A, 0x23, 0x31, 0x3A, 0x23, 0x82,
    0xC1, 0x49, 0x3D, 0x39, 0x29, 0x17, 0x27, 0xF9, 0xE6, 0x24, 0x85, 0x93, 0x64, 0x27, 0x42, 0xD2,
    0xF1, 0xBD, 0x1A, 0x6D, 0xE9, 0x93, 0xC2, 0xE4, 0x5B, 0x52, 0xA0, 0xAD, 0xC9, 0x9C, 0x30, 0xFC,
    0x1D, 0x8F, 0x9B, 0xC0, 0x53, 0x92, 0xDA, 0xF3, 0x88, 0x44, 0x57, 0x78, 0x83, 0x2F, 0x0C, 0xCA,
    0x3D, 0xE8, 0xA6, 0xF0, 0x48, 0x6A, 0x5B, 0x16, 0x1A, 0x7B, 0xA1, 0x91, 0x60, 0xDF, 0x07, 0x83,
    0x7D, 0x1F, 0xCC, 0xBA, 0xC7, 0xB0, 0x65, 0xDF, 0x58, 0x63, 0x64, 0x65, 0x59, 0x4C, 0xC9, 0xC2,
    0x4C, 0x02, 0x27, 0x29, 0x58, 0xC3, 0xD7, 0x21, 0x7B, 0x81, 0xE5, 0x25, 0xB1, 0x4A, 0xB7, 0x63,
    0xED, 0xBB, 0x62, 0x9E, 0x13, 0x96, 0xF3, 0x51, 0x79, 0x6B, 0x4E, 0x3D, 0x58, 0x03, 0x99, 0x5F,
    0xD5, 0xE3, 0x9E, 0x0E, 0xAC, 0x62, 0x65, 0xA4, 0xF8, 0xF8, 0x26, 0x46, 0x1F, 0xF9, 0x68, 0xAC,
    0x1E, 0xCC, 0xFB, 0x7B, 0x54, 0x95, 0xFE, 0x46, 0x21, 0xD8, 0x4A, 0xF2, 0x16, 0xB6, 0x1F, 0x63,
    0x63, 0x68, 0xC9, 0xD0, 0x50, 0x35, 0xF4, 0x16, 0xB9, 0x47, 0x42, 0x98, 0x09, 0xE5, 0x42, 0x28,
    0x0C, 0xF2, 0x2F, 0x00, 0xBF, 0xA5, 0x9C, 0x09, 0x61, 0x32, 0x18, 0x09, 0xE8, 0x14, 0xB8, 0x4A,
    0x5C, 0xCF, 0x5A, 0xFF, 0x78, 0x6C, 0x20, 0x5C, 0xBC, 0x8E, 0x1C, 0xFE, 0x9B, 0xF7, 0xA8, 0xED,
    0x25, 0x3C, 0x6A, 0xBE, 0xE6, 0x51, 0xD3, 0xAF, 0xC6, 0xA3, 0xB6, 0xAF, 0xE2, 0x51, 0xED, 0xE7,
    0x7B, 0xD4, 0xFA, 0xB9, 0x1E, 0x35, 0xED, 0x1F, 0x8B, 0x1B, 0x4A, 0x7A, 0x8D, 0x24, 0xA8, 0x76,
    0xD2, 0x10, 0xB9, 0x64, 0xB0, 0x03, 0xC3, 0x8B, 0x8B, 0x99, 0xE2, 0x78, 0xF7, 0x5E, 0x40, 0xBD,
    0x93, 0xE8, 0x3F, 0x5C, 0x3A, 0xED, 0xA5, 0xDB, 0xCA, 0xEE, 0xB8, 0xC7, 0x37, 0x61, 0x6C, 0x1B,
    0x8B, 0x76, 0xC7, 0x33, 0xC2, 0xAB, 0xEE, 0x98, 0x4E, 0xF2, 0x97, 0x20, 0x85, 0x93, 0xE3, 0xE3,
    0x61, 0x74, 0x52, 0xF7, 0x46, 0x22, 0x54, 0x46, 0x7E, 0xB0, 0xEC, 0x6B, 0xC1, 0x7E, 0x27, 0x42,
    0xB2, 0xFE, 0x11, 0x3A, 0xCF, 0xBE, 0xD0, 0x1B, 0x11, 0x8C, 0x4E, 0xC2, 0xEC, 0xA4, 0x5C, 0x9D,
    0xE4, 0x70, 0x92, 0xA2, 0x31, 0x92, 0xA0, 0x33, 0x22, 0x18, 0x9D, 0xB4, 0x93, 0x93, 0xB0, 0xB8,
    0xCB, 0x17, 0x70, 0xA7, 0xCF, 0xD0, 0x98, 0xDB, 0x27, 0x98, 0x3C, 0x49, 0x02, 0x48, 0xD8, 0x53,
    0xD7, 0x3F, 0x50, 0x8C, 0xF0, 0xF1, 0x7D, 0x48, 0xBA, 0xA9, 0x27, 0xE4, 0x1C, 0x9E, 0x05, 0xB7,
    0x73, 0x69, 0x53, 0x03, 0x37, 0x6A, 0x84, 0x4A, 0xE5, 0x6F, 0x8A, 0x4A, 0x37, 0x81, 0xBB, 0x9F,
    0x3B, 0x18, 0x6D, 0x90, 0x61, 0xB8, 0xDC, 0xBD, 0x20, 0x97, 0xEF, 0xE1, 0x2A, 0xD6, 0x35, 0xF2,
    0x97, 0xD5, 0x2A, 0xAE, 0x64, 0x9F, 0xF4, 0x12, 0xF7, 0xA9, 0xD3, 0x12, 0xE7, 0x4C, 0x4B, 0x9C,
    0x03, 0x65, 0x5D, 0x1D, 0xE4, 0xC4, 0x1D, 0x70, 0x63, 0xDB, 0x89, 0x94, 0xF6, 0x81, 0x5F, 0xAF,
    0xF7, 0xA2, 0xC9, 0xB7, 0x8A, 0x1F, 0x85, 0xD2, 0x13, 0x6B, 0x16, 0x1C, 0xE9, 0x7A, 0xF2, 0xDC,
    0x8E, 0x0A, 0x76, 0x1C, 0xB1, 0x52, 0xEF, 0x6B, 0x9B, 0x4D, 0x14, 0x43, 0xB3, 0x10, 0x4B, 0xC7,
    0xC2, 0x31, 0x6F, 0x66, 0xC7, 0xDD, 0x5B, 0xBF, 0x7D, 0xE8, 0x1F, 0xB7, 0xF9, 0x56, 0x07, 0xDF,
    0xED, 0xE1, 0xC8, 0x71, 0xF4, 0xBE, 0xDC, 0x3C, 0x88, 0x5A, 0xBD, 0x22, 0x05, 0x16, 0x26, 0xD1,
    0xD1, 0x63, 0xFC, 0x37, 0xCB, 0xA2, 0xD3, 0xC5, 0x5D, 0x3E, 0x99, 0x9D, 0xC4, 0xD3, 0xB7, 0x8A,
    0x14, 0xFF, 0x3C, 0x49, 0x7C, 0x7F, 0xA4, 0x91, 0xD5, 0xB7, 0x06, 0x31, 0x21, 0xC8, 0x7B, 0x0F,
    0x52, 0xA1, 0xE3, 0x5A, 0xC4, 0x07, 0x76, 0x8B, 0xF3, 0xC7, 0x36, 0x32, 0xDD, 0x84, 0x12, 0xC1,
    0x3C, 0x7C, 0xDF, 0x36, 0xC3, 0x57, 0x85, 0x6F, 0x1D, 0x04, 0x6F, 0x28, 0x0E, 0xE2, 0x1E, 0xB6,
    0xBB, 0x72, 0xA3, 0xDD, 0xEE, 0xFA, 0x4A, 0x68, 0xF2, 0x80, 0x64, 0xFB, 0x81, 0xBC, 0xAE, 0x9A,
    0x7F, 0xEA, 0xDC, 0xED, 0xCB, 0xC6, 0x95, 0x0F, 0xE2, 0x1A, 0xD6, 0xE2, 0x1A, 0xFE, 0xD5, 0xFE,
    0xA1, 0xDD, 0xBE, 0xD8, 0x8F, 0x8C, 0x54, 0x6C, 0x16, 0xC3, 0x77, 0x32, 0xEE, 0x6F, 0x68, 0x8C,
    0xF4, 0x92, 0xF5, 0xFE, 0xC1, 0x6D, 0xDE, 0xF9, 0x90, 0x2D, 0x8C, 0x4C, 0x12, 0xAA, 0x3D, 0xF4,
    0x88, 0xCF, 0x51, 0x0F, 0x49, 0xB2, 0x55, 0x56, 0x92, 0x74, 0x93, 0xC5, 0xA3, 0x70, 0x34, 0xBB,
    0x37, 0xFD, 0xCE, 0xE4, 0xEE, 0xF5, 0xA7, 0x23, 0x89, 0xE0, 0x6F, 0x06, 0x23, 0xED, 0x4F, 0x7B,
    0x23, 0xF5, 0x47, 0x9D, 0x91, 0xF0, 0x69, 0x63, 0xA4, 0x84, 0xA1, 0xE4, 0x97, 0x64, 0x73, 0x92,
    0x2D, 0x4E, 0x12, 0x92, 0x77, 0xD4, 0x86, 0xF2, 0x66, 0x45, 0x6B, 0xB6, 0x00, 0x23, 0x8F, 0x5A,
    0x1A, 0xB7, 0xD5, 0x96, 0x0C, 0xB6, 0xF7, 0xF0, 0xB1, 0x60, 0x12, 0x37, 0x21, 0x2A, 0x8B, 0x1A,
    0xA0, 0x60, 0x0B, 0xFD, 0x97, 0x95, 0xAD, 0xF4, 0x8C, 0xD2, 0xFD, 0x38, 0xC6, 0x62, 0x76, 0x2B,
    0x16, 0x4F, 0x45, 0xE3, 0xD9, 0xCC, 0xCB, 0x45, 0x4E, 0x32, 0x9A, 0x89, 0xB3, 0x9F, 0x6D, 0x42,
    0x1B, 0xA6, 0x10, 0xC9, 0x7F, 0x02, 0x91, 0x6C, 0x30, 0x9B, 0xE7, 0xFF, 0x0B, 0xBB, 0x8B, 0x54,
    0xB6, 0xB8, 0xC9, 0x3B, 0xB3, 0x7D, 0x59, 0xF9, 0x0E, 0x25, 0x86, 0x14, 0x61, 0x3C, 0xB1, 0x3E,
    0x78, 0x5B, 0xD5, 0x0E, 0x95, 0x69, 0xFC, 0x80, 0x3B, 0x6D, 0xFC, 0xA3, 0xCB, 0x45, 0xC2, 0xC8,
    0x7E, 0x55, 0x5C, 0xA4, 0x1C, 0x65, 0xB5, 0xCE, 0x89, 0x98, 0x2E, 0xF9, 0x96, 0x9B, 0x78, 0x92,
    0x7C, 0x89, 0x3C, 0x91, 0x48, 0x74, 0x33, 0xA4, 0x2A, 0xAD, 0x6A, 0x27, 0xA3, 0xA4, 0x6B, 0x62,
    0x23, 0x7B, 0x4B, 0x07, 0x49, 0x36, 0xF3, 0x80, 0x14, 0x99, 0x66, 0x25, 0xE9, 0x60, 0xBD, 0x97,
    0x77, 0x12, 0xEB, 0x15, 0xF6, 0xE0, 0xEF, 0xEB, 0xAC, 0xF0, 0xFB, 0x9D, 0xF5, 0xE2, 0x8F, 0x2A,
    0x11, 0xBC, 0x6B, 0xFD, 0x85, 0x8F, 0x54, 0xC3, 0x8F, 0xAC, 0xCF, 0x00, 0xD5, 0xD0, 0xA7, 0xE1,
    0xD6, 0xDE, 0x8A, 0x7B, 0xAF, 0xAE, 0x2A, 0x36, 0x39, 0x26, 0x57, 0xE5, 0xE9, 0x7A, 0x3B, 0x3F,
    0x2E, 0xBA, 0xFD, 0x97, 0x3B, 0x3A, 0x57, 0xBF, 0x73, 0x58, 0xAB, 0x07, 0x60, 0x96, 0x16, 0xAB,
    0xDC, 0x06, 0x1E, 0x1D, 0xC4, 0x53, 0x91, 0x7A, 0xDB, 0x13, 0x0C, 0x25, 0x8B, 0xBF, 0xE2, 0x67,
    0x8B, 0x12, 0x34, 0xB4, 0xBA, 0x85, 0x64, 0xDF, 0xF5, 0xE6, 0x4E, 0x5B, 0x4F, 0x66, 0x35, 0x29,
    0xDD, 0x2E, 0x92, 0x7B, 0xCB, 0x25, 0xC5, 0xF7, 0x7B, 0x77, 0xDA, 0xDD, 0x0F, 0x01, 0x43, 0x69,
    0x57, 0x39, 0xAA, 0xED, 0x73, 0xF2, 0x8B, 0x9E, 0x59, 0xA0, 0xF1, 0x7B, 0xD0, 0x1B, 0x59, 0x31,
    0x12, 0xE3, 0xD9, 0xF3, 0x93, 0x74, 0x2C, 0xBD, 0xD2, 0xDE, 0xFD, 0xB8, 0x6C, 0x52, 0x98, 0x62,
    0xFB, 0x9E, 0xB9, 0xD5, 0x87, 0x7A, 0x32, 0xAB, 0xB6, 0x7C, 0xC8, 0xAB, 0xCD, 0x7B, 0xAF, 0x36,
    0x74, 0x5E, 0x6D, 0xDB, 0x09, 0x97, 0x97, 0xA9, 0x3E, 0x51, 0x62, 0x92, 0x16, 0xA8, 0xF8, 0x49,
    0xFF, 0x25, 0xA1, 0x0D, 0x75, 0x26, 0xAB, 0xD5, 0x86, 0x00, 0x2A, 0x8E, 0x87, 0x3F, 0x82, 0xD6,
    0x33, 0xFB, 0x58, 0xA8, 0x67, 0xDF, 0x55, 0x14, 0xAE, 0xC7, 0x0D, 0x5C, 0xC6, 0x8D, 0xCA, 0xCC,
    0x1B, 0x9D, 0x44, 0x09, 0xEA, 0x64, 0x29, 0x3E, 0x1B, 0x1F, 0x8E, 0x31, 0xC1, 0xED, 0x9C, 0x1D,
    0x43, 0x41, 0x7C, 0x2D, 0x02, 0x5C, 0x0E, 0xFC, 0xEB, 0xE3, 0x7D, 0xDB, 0xC9, 0xFA, 0x2B, 0x27,
    0xC5, 0x31, 0x53, 0x7C, 0x44, 0x0C, 0x6A, 0xB8, 0x13, 0xF2, 0x5D, 0xDB, 0x26, 0xF2, 0xC2, 0xF7,
    0x95, 0x26, 0x6D, 0x53, 0xA7, 0x06, 0x48, 0x51, 0xE5, 0xD6, 0x25, 0x39, 0x97, 0xB0, 0x84, 0x7A,
    0xE6, 0x2E, 0xBE, 0x3D, 0xE2, 0xF7, 0xFB, 0x1E, 0x4C, 0xB7, 0xA9, 0x7B, 0xEE, 0xEE, 0x52, 0xDE,
    0xD7, 0x7E, 0xFF, 0x71, 0xFF, 0x64, 0x73, 0xE2, 0x62, 0xEE, 0x72, 0xEE, 0x4B, 0xAD, 0x17, 0x3C,
    0x9C, 0x14, 0xEC, 0xBE, 0xB4, 0xFB, 0x96, 0x17, 0xAC, 0xF7, 0x4F, 0x56, 0xF0, 0xC4, 0x59, 0x3D,
    0x9A, 0x38, 0x4D, 0xC5, 0x13, 0x15, 0x49, 0x26, 0x2A, 0x92, 0x4D, 0x61, 0xD3, 0xD0, 0x39, 0x05,
    0xE8, 0xB1, 0x03, 0xB0, 0xE8, 0xCF, 0xAC, 0x9D, 0x8D, 0xEE, 0xF5, 0xFE, 0x8C, 0x02, 0xBC, 0x0F,
    0x2C, 0x67, 0x67, 0x7F, 0xA0, 0x4D, 0x79, 0xB2, 0x7F, 0x6F, 0xC1, 0xCF, 0xB2, 0xF2, 0x57, 0x05,
    0x9D, 0x9D, 0x99, 0x76, 0xC5, 0x70, 0xDC, 0x9D, 0x1E, 0xA9, 0x45, 0xB5, 0xF1, 0x8B, 0xEF, 0x36,
    0x79, 0xC0, 0x1D, 0xED, 0x2F, 0xF7, 0xB0, 0x3A, 0x6B, 0xB4, 0x3F, 0xFC, 0x65, 0xB5, 0x67, 0x9D,
    0x6D, 0xA3, 0x4F, 0x86, 0xFD, 0x61, 0xF7, 0x9E, 0x00, 0xA8, 0x4F, 0xA7, 0x90, 0xE4, 0xF5, 0xFE,
    0xE4, 0xB8, 0xC3, 0xDA, 0x0F, 0x5B, 0x9E, 0x44, 0x62, 0x5B, 0x6D, 0xF5, 0xC7, 0x4D, 0x1C, 0xC5,
    0x74, 0xF4, 0xBC, 0x87, 0x94, 0x8B, 0xB6, 0x2D, 0x9A, 0x83, 0x39, 0x44, 0xA3, 0x61, 0xC7, 0xCC,
    0x92, 0x0D, 0xDA, 0x46, 0x6D, 0x55, 0x59, 0xC5, 0x33, 0xDB, 0xBE, 0x30, 0x34, 0x3C, 0x21, 0xA9,
    0x85, 0x17, 0x2B, 0xBD, 0xA1, 0xE8, 0xD2, 0x91, 0xB1, 0xAD, 0xD7, 0xC7, 0x8B, 0x4E, 0x8B, 0xD2,
    0xB0, 0x1B, 0x2F, 0x77, 0xB4, 0x8A, 0xF7, 0xCD, 0xA5, 0xA4, 0xBE, 0x02, 0x7E, 0x9C, 0x55, 0x0C,
    0xD2, 0x3A, 0x61, 0x49, 0xB2, 0xDA, 0x84, 0xDC, 0xA8, 0xCE, 0xBA, 0xF9, 0xF9, 0x46, 0xC5, 0x44,
    0x54, 0x9D, 0x96, 0x99, 0x7A, 0x82, 0xBF, 0xBB, 0xBF, 0xBA, 0x55, 0xD3, 0x55, 0x22, 0x30, 0xDD,
    0x44, 0x15, 0xAB, 0x6C, 0xE4, 0x3F, 0x51, 0x32, 0x9F, 0xB9, 0x2A, 0xDF, 0x3C, 0x47, 0x67, 0xBB,
    0x5B, 0x23, 0x6C, 0x7F, 0x89, 0x2E, 0x43, 0x25, 0xE8, 0x8A, 0xC5, 0xB6, 0x04, 0xAA, 0xAC, 0x07,
    0xCA, 0xFE, 0x8A, 0x8C, 0x79, 0x3D, 0xE1, 0x3D, 0x19, 0xBA, 0x72, 0x96, 0xEF, 0xD5, 0x5D, 0x8E,
    0x1F, 0xCF, 0x61, 0x4A, 0x81, 0x21, 0x40, 0x5A, 0x54, 0x01, 0xB6, 0x3D, 0x3F, 0x60, 0x94, 0x23,
    0x44, 0x06, 0x12, 0x0C, 0xCA, 0x57, 0x81, 0x37, 0x08, 0x19, 0x9E, 0x2A, 0xD4, 0xD8, 0x0E, 0xF0,
    0x8F, 0xAA, 0xBB, 0x94, 0x9F, 0x0D, 0x3A, 0xEE, 0x4B, 0x54, 0x6A, 0xB0, 0x72, 0xB3, 0xD5, 0x1F,
    0xBF, 0x5C, 0x40, 0xC8, 0xEC, 0x5D, 0x81, 0x7F, 0xFF, 0x20, 0xD9, 0x58, 0x66, 0x82, 0x57, 0x00,
    0x7F, 0xCE, 0x4B, 0xF1, 0x32, 0xBD, 0x06, 0xAF, 0xCF, 0x6B, 0x0F, 0x9F, 0xA8, 0x2E, 0x11, 0x7E,
    0x86, 0xC7, 0xE8, 0x02, 0x3A, 0x00, 0x72, 0x80, 0x12, 0x93, 0xE5, 0xB7, 0x94, 0xD5, 0xB5, 0xFD,
    0xA7, 0x05, 0x24, 0xD6, 0x19, 0xAA, 0x62, 0xF7, 0x35, 0x39, 0x3B, 0x4E, 0x43, 0xAA, 0xA9, 0x30,
    0x5F, 0xDB, 0x3D, 0xF9, 0x92, 0x72, 0x3C, 0xCA, 0xD2, 0x17, 0x83, 0x7B, 0xAC, 0x8F, 0xAB, 0x14,
    0x22, 0x59, 0x13, 0x63, 0xE0, 0xB6, 0x27, 0xDF, 0x1A, 0xC3, 0x54, 0xEE, 0xB8, 0x0B, 0x98, 0xE1,
    0x76, 0x3D, 0x01, 0xA9, 0x0D, 0x72, 0x83, 0xCC, 0x20, 0xFD, 0x32, 0xB8, 0x41, 0x48, 0x31, 0x2B,
    0x04, 0xE0, 0xF7, 0x0E, 0x00, 0xE0, 0xE7, 0xAB, 0x24, 0xE8, 0xD3, 0x5F, 0xAE, 0x92, 0x81, 0x69,
    0x85, 0xB6, 0x3C, 0xAC, 0x54, 0xB3, 0x58, 0xA9, 0x73, 0xBE, 0xB2, 0x01, 0x0E, 0xD9, 0x11, 0x06,
    0x16, 0xED, 0x50, 0xFB, 0x6F, 0xD7, 0xE0, 0xF8, 0x80, 0x97, 0x52, 0x1A, 0x78, 0x0D, 0x5E, 0x5F,
    0xB6, 0xB1, 0x61, 0x09, 0x9A, 0xF8, 0x33, 0x7E, 0x10, 0xD0, 0xFE, 0x0C, 0x8F, 0xA4, 0x06, 0x7E,
    0x07, 0x90, 0x0C, 0x6B, 0x0C, 0x70, 0x4C, 0x9E, 0x76, 0xDF, 0x01, 0x0A, 0xDB, 0xF2, 0x7F, 0x71,
    0x7F, 0xD5, 0xCC, 0x35, 0x81, 0x3A, 0x89, 0xC0, 0xB6, 0xA9, 0x71, 0x13, 0x71, 0xCD, 0x4D, 0xC4,
    0x61, 0x2C, 0x47, 0x95, 0xE1, 0x54, 0x02, 0x80, 0xC9, 0xC9, 0xF9, 0xE7, 0x74, 0x9C, 0x49, 0x2D,
    0x87, 0xFE, 0xE6, 0x46, 0x8F, 0xB8, 0x45, 0x2E, 0xED, 0x22, 0xF4, 0x9A, 0xAA, 0xB4, 0x78, 0x8C,
    0xCA, 0xF7, 0xC6, 0xC7, 0xC0, 0xB0, 0x77, 0x9F, 0x6B, 0x5D, 0xB2, 0xF3, 0xA0, 0x4A, 0x27, 0xAB,
    0x66, 0x2C, 0xD9, 0x2C, 0x6D, 0xA7, 0xD1, 0xAF, 0xAE, 0xD4, 0x22, 0xFF, 0x56, 0x54, 0x5E, 0xAF,
    0xD8, 0x25, 0x83, 0x53, 0x43, 0xD9, 0xC9, 0x9D, 0xF6, 0xD9, 0x79, 0xE5, 0xD7, 0x5F, 0xBB, 0xF4,
    0xC4, 0x20, 0x66, 0x7B, 0x5A, 0x00, 0x2E, 0xED, 0x78, 0x83, 0xDD, 0x63, 0xAF, 0x14, 0xB7, 0xEF,
    0x7B, 0x70, 0x43, 0x2F, 0xED, 0xD3, 0x62, 0xCD, 0x3B, 0x41, 0x95, 0xAC, 0x37, 0x25, 0x81, 0xC4,
    0x10, 0x8B, 0xAA, 0x95, 0x45, 0xCA, 0x46, 0xB2, 0x13, 0xE8, 0x1C, 0xF6, 0xBF, 0xA5, 0xBC, 0x53,
    0xFB, 0x36, 0x82, 0xE8, 0x69, 0x5F, 0x22, 0xEC, 0x8B, 0x85, 0x96, 0xDD, 0xDF, 0x03, 0xD0, 0xCE,
    0xFF, 0xF5, 0xAE, 0x70, 0x66, 0xE5, 0xB1, 0x50, 0x46, 0x0E, 0x2B, 0x41, 0x7C, 0xBF, 0x57, 0x8B,
    0x3D, 0x00, 0x60, 0x34, 0x58, 0x24, 0xC6, 0xF9, 0x39, 0x56, 0x76, 0x75, 0xB6, 0x31, 0xAD, 0x8D,
    0x37, 0xA9, 0x2B, 0xD6, 0xD9, 0x1A, 0x40, 0x4B, 0xDA, 0x44, 0x2B, 0x8B, 0x57, 0x6E, 0xD7, 0x4C,
    0x16, 0xED, 0x7F, 0xDF, 0x5E, 0xC9, 0x05, 0x2A, 0x7E, 0xF8, 0x98, 0x16, 0x00, 0x66, 0xCE, 0x13,
    0xCF, 0xAA, 0x3D, 0xFE, 0x1E, 0x31, 0x72, 0x94, 0xE0, 0x58, 0xBE, 0x3A, 0xBE, 0x61, 0x58, 0x60,
    0x20, 0xB6, 0x58, 0x15, 0xFF, 0x2F, 0x68, 0x8A, 0xF2, 0x97, 0xBD, 0xED, 0xA3, 0x83, 0xEF, 0xDB,
    0x5B, 0xAD, 0xAE, 0x72, 0x71, 0x9C, 0xAD, 0xAC, 0x72, 0xA2, 0x6F, 0x93, 0xBF, 0x4E, 0x0C, 0xB3,
    0xEF, 0x15, 0xDC, 0x2A, 0x29, 0xB6, 0x2A, 0x00, 0x93, 0x14, 0x98, 0x76, 0x94, 0xB2, 0x31, 0xBD,
    0x31, 0xF2, 0x24, 0x0F, 0x9D, 0xFC, 0x73, 0x47, 0xAD, 0x43, 0x10, 0x83, 0xFC, 0x06, 0x06, 0xBF,
    0xEF, 0x1B, 0x3C, 0xDB, 0x51, 0x6E, 0x62, 0xE5, 0x3C, 0xAF, 0xA7, 0xA4, 0x4C, 0x09, 0x8A, 0xD5,
    0x82, 0x97, 0xFE, 0x7A, 0xF5, 0xC8, 0xB0, 0xE4, 0x58, 0x6E, 0xB4, 0x8B, 0xFE, 0x35, 0xFB, 0x06,
    0x7F, 0x58, 0x60, 0x3E, 0xEB, 0x4F, 0x31, 0x6A, 0x17, 0xB6, 0xDD, 0x6D, 0x54, 0xED, 0x2A, 0xED,
    0xA3, 0x5F, 0x89, 0x77, 0xED, 0x58, 0x63, 0x25, 0xB6, 0xD8, 0x88, 0xBA, 0xDC, 0x55, 0x4C, 0x50,
    0x11, 0xD3, 0x45, 0x88, 0xF9, 0x68, 0x58, 0x76, 0x86, 0xAD, 0x10, 0xE3, 0xC5, 0x30, 0x1D, 0x0D,
    0x8B, 0xDE, 0xB0, 0x76, 0xC4, 0x48, 0xFC, 0x0C, 0x33, 0x11, 0x9F, 0xAE, 0x86, 0xBF, 0x07, 0xE2,
    0x9C, 0xA0, 0xB1, 0xF2, 0xD0, 0x7B, 0xB9, 0x5E, 0x4F, 0x98, 0x0D, 0x8B, 0xD5, 0x30, 0x83, 0x61,
    0x82, 0x8E, 0xDE, 0x15, 0x61, 0x30, 0xEF, 0x6A, 0x57, 0xA1, 0x57, 0x95, 0xE8, 0x89, 0x31, 0xFA,
    0x1A, 0xA3, 0xE8, 0x49, 0x3B, 0x71, 0x34, 0xFC, 0x7F, 0x3A, 0xC3, 0x4C, 0x1D, 0x6B, 0x60, 0xD1,
    0x53, 0x9B, 0x7C, 0xD7, 0xCF, 0x80, 0xA6, 0xE4, 0x1C, 0xD8, 0x28, 0xFF, 0x6B, 0x60, 0x4E, 0x18,
    0xAA, 0x6E, 0xE1, 0x27, 0xC0, 0x96, 0x03, 0x8B, 0xBD, 0xE5, 0xC8, 0x50, 0x56, 0xC5, 0x66, 0xAF,
    0x32, 0x62, 0x2C, 0xC7, 0xDD, 0x33, 0x6C, 0x6A, 0xC5, 0x77, 0x47, 0x34, 0x1A, 0x0B, 0xF2, 0x91,
    0xB4, 0x73, 0xCB, 0x29, 0xE9, 0xE9, 0xDF, 0x0A, 0xDE, 0xAA, 0xCE, 0xDA, 0x96, 0xDE, 0xA6, 0xA0,
    0xFA, 0x82, 0xED, 0x6C, 0xC1, 0x0E, 0xED, 0x05, 0xE8, 0x4E, 0xF9, 0x6E, 0xCF, 0x5A, 0x6D, 0xD9,
    0x2B, 0xFE, 0x35, 0xED, 0xF6, 0x1B, 0x6A, 0x43, 0x98, 0xFD, 0x52, 0xDA, 0x82, 0x2F, 0xD0, 0xCD,
    0x6E, 0x6D, 0xEF, 0xFB, 0x9A, 0x07, 0xB3, 0x51, 0x70, 0x74, 0xFE, 0x5A, 0xB1, 0x55, 0x3E, 0x31,
    0x02, 0x49, 0x58, 0xAD, 0x9D, 0x01, 0xE3, 0x8E, 0x22, 0x11, 0xE7, 0xBB, 0xC8, 0xB6, 0x79, 0x16,
    0xEE, 0x14, 0x17, 0xF7, 0x50, 0x69, 0x42, 0xA4, 0x4D, 0x49, 0x6C, 0xD4, 0xFA, 0x97, 0x7C, 0x73,
    0xFF, 0xC2, 0xF1, 0x68, 0xF9, 0xD9, 0x01, 0x92, 0xCD, 0x00, 0xAC, 0xF3, 0xD5, 0x60, 0x3C, 0xC2,
    0xE6, 0x65, 0xEE, 0x35, 0x78, 0x7D, 0x29, 0x63, 0x87, 0xFA, 0x21, 0xCD, 0xD9, 0x3E, 0x4D, 0x7D,
    0xD2, 0xDD, 0xC4, 0xF3, 0x24, 0x4F, 0x94, 0x3C, 0x7D, 0xD0, 0x8E, 0xD3, 0x15, 0x46, 0x8D, 0xA1,
    0xC6, 0x26, 0xB7, 0xF0, 0x7F, 0x98, 0xF2, 0x84, 0x2F, 0x5A, 0x61, 0xCC, 0xAF, 0x65, 0x85, 0xB1,
    0x5C, 0xD6, 0xFE, 0x7C, 0x88, 0x30, 0x6A, 0xC4, 0x7A, 0xCC, 0x2F, 0x1C, 0x5A, 0xDE, 0x3E, 0x96,
    0x98, 0x14, 0xA2, 0x33, 0x8F, 0x9E, 0xAF, 0x04, 0x8C, 0x65, 0x16, 0xAD, 0xC4, 0x82, 0x95, 0x03,
    0xCD, 0x43, 0x99, 0x62, 0x16, 0x6C, 0x7A, 0xF5, 0xDF, 0x03, 0x02, 0xE0, 0x7F, 0xE3, 0xA9, 0xA6,
    0xEE, 0x9F, 0xE1, 0xD7, 0x27, 0x75, 0xFF, 0xE5, 0xCA, 0xD4, 0xFD, 0xE7, 0x3A, 0x30, 0x6D, 0x89,
    0x91, 0x61, 0x4D, 0x57, 0x26, 0xC1, 0x04, 0x91, 0x97, 0x87, 0xCC, 0x20, 0xC7, 0xC9, 0xBB, 0xB0,
    0x00, 0x60, 0x07, 0xFA, 0x7E, 0x8D, 0x8A, 0x3F, 0x7F, 0x02, 0xF4, 0x1C, 0xD4, 0x83, 0xB4, 0x3F,
    0x6D, 0x74, 0x70, 0x7C, 0xA4, 0x4D, 0x08, 0x8B, 0x84, 0x4E, 0xE5, 0xDB, 0x3A, 0x8C, 0x3E, 0x27,
    0xAB, 0x1D, 0xBE, 0x11, 0xC9, 0xA1, 0xCA, 0x81, 0xCA, 0xC6, 0x2F, 0x2E, 0xFD, 0x28, 0x19, 0x8C,
    0x01, 0xC9, 0x2F, 0x62, 0x74, 0xA5, 0x2E, 0x19, 0x54, 0xB1, 0xBE, 0x6E, 0xA4, 0xE8, 0x54, 0x54,
    0x75, 0x27, 0xDF, 0xB1, 0x92, 0xE8, 0x0C, 0x05, 0x1A, 0x5A, 0x6F, 0x5F, 0x0C, 0x06, 0x2D, 0x2B,
    0xB5, 0xCC, 0x0E, 0x9D, 0x7F, 0xDF, 0xCA, 0x3F, 0x72, 0x99, 0x7E, 0x4B, 0x24, 0x9F, 0x1E, 0x6A,
    0x0E, 0xDA, 0x1E, 0xD8, 0x68, 0x42, 0x8B, 0x0F, 0x53, 0x84, 0xA6, 0x00, 0x36, 0x8E, 0x35, 0x1F,
    0x69, 0x49, 0xBF, 0x8B, 0x54, 0x45, 0xAE, 0xA2, 0x50, 0x51, 0xF7, 0x62, 0x4A, 0x86, 0x5D, 0xF0,
    0xDA, 0x37, 0x2F, 0x02, 0xC5, 0xE0, 0x5D, 0xE0, 0x1F, 0x69, 0x6F, 0x91, 0x67, 0xF1, 0xB1, 0x0A,
    0x79, 0xF3, 0xAE, 0xB4, 0xE8, 0x2E, 0x03, 0x79, 0x7B, 0xC0, 0x7B, 0x07, 0xBC, 0x0D, 0x9F, 0x09,
    0x14, 0xDB, 0x03, 0xB6, 0x8E, 0xF5, 0x6B, 0xC2, 0xF6, 0x88, 0xBC, 0x86, 0x9E, 0x4D, 0xD9, 0xF7,
    0x44, 0xA7, 0x8A, 0xE5, 0x6A, 0x5F, 0xF5, 0xC9, 0xF1, 0x7C, 0x0B, 0xAB, 0x48, 0x02, 0x2C, 0x25,
    0x93, 0x53, 0xF4, 0xC5, 0xDE, 0x0F, 0xFA, 0x1B, 0x9A, 0x0C, 0x68, 0x00, 0x34, 0x39, 0xD0, 0xFD,
    0x00, 0x17, 0x72, 0xA3, 0xBD, 0x90, 0x84, 0x65, 0x0C, 0x36, 0x23, 0x15, 0x87, 0x93, 0xD8, 0x58,
    0x9D, 0x65, 0xE5, 0x33, 0x84, 0x18, 0x3E, 0xF4, 0x97, 0x0A, 0x1F, 0xFA, 0xEA, 0x74, 0x11, 0xC6,
    0xDF, 0x68, 0x12, 0x46, 0xB2, 0x64, 0x14, 0xC6, 0xB7, 0x64, 0x60, 0xC0, 0xAD, 0xEC, 0xAD, 0x1B,
    0x9A, 0xBC, 0x23, 0x76, 0x79, 0x45, 0x4D, 0xFA, 0x52, 0xCC, 0x93, 0xDF, 0x36, 0x1C, 0x1F, 0x10,
    0x8B, 0x69, 0x21, 0xE6, 0xF3, 0x4C, 0xCC, 0xB6, 0x91, 0x98, 0x82, 0x48, 0x4D, 0x8F, 0xEF, 0x87,
    0x59, 0xF0, 0xBE, 0xCC, 0x7D, 0x47, 0xDB, 0xB7, 0x90, 0xB6, 0xA4, 0x3F, 0xC0, 0x3F, 0xF1, 0xEF,
    0xB7, 0xF1, 0x77, 0x9A, 0xA2, 0x45, 0x3C, 0x09, 0xFA, 0xAB, 0xAC, 0x22, 0xA4, 0x83, 0x88, 0x2F,
    0xFE, 0x3E, 0x1D, 0x25, 0x9A, 0x69, 0xE4, 0xFC, 0x6F, 0x75, 0x67, 0x1D, 0xED, 0x9C, 0xBF, 0x3B,
    0x4B, 0x62, 0x93, 0x71, 0x99, 0x2D, 0x6C, 0x56, 0x39, 0x49, 0x48, 0x16, 0x49, 0x7B, 0x1A, 0xE2,
    0xED, 0x64, 0x93, 0xBC, 0xA3, 0x2D, 0x3E, 0x8C, 0x21, 0x79, 0x43, 0x73, 0x2C, 0x02, 0x29, 0x2A,
    0xC6, 0x96, 0x49, 0xD0, 0x94, 0xAA, 0xFB, 0x16, 0x6B, 0x0E, 0x1D, 0x94, 0x22, 0x19, 0x25, 0x74,
    0x0F, 0xD8, 0x92, 0xA4, 0x97, 0x30, 0xA8, 0x35, 0x05, 0xDF, 0xD7, 0xF8, 0xBE, 0x90, 0xBE, 0xDB,
    0x49, 0x31, 0xCE, 0xB4, 0xD5, 0xDF, 0x56, 0x92, 0xFF, 0xD3, 0x68, 0x1F, 0x10, 0x8A, 0x64, 0xCF,
    0x48, 0x03, 0x44, 0xD2, 0xE3, 0xD7, 0x43, 0xDD, 0x30, 0xC5, 0xE2, 0xB6, 0xB1, 0xBE, 0x89, 0xD0,
    0x90, 0x6A, 0xDF, 0xD8, 0x48, 0xC6, 0xD0, 0x82, 0x3B, 0xC3, 0xB8, 0x7A, 0xBB, 0x89, 0xED, 0xEE,
    0xC1, 0x3C, 0xDC, 0x48, 0x96, 0x6C, 0xF6, 0x7C, 0x32, 0x5B, 0x47, 0xA6, 0xA3, 0x75, 0xE0, 0xDE,
    0x71, 0x65, 0x45, 0x0D, 0x46, 0xEB, 0xB0, 0x72, 0xF6, 0x8E, 0xBA, 0xDA, 0x31, 0x34, 0x2F, 0x8F,
    0x76, 0xF0, 0xDF, 0x27, 0x62, 0xF2, 0xA9, 0xDF, 0xFF, 0x37, 0x1B, 0xB1, 0x8C, 0x51, 0xD9, 0xC2,
    0xD9, 0x1E, 0xF0, 0x17, 0x5E, 0xFE, 0x7D, 0x07, 0xC9, 0x7A, 0x0B, 0xC7, 0x85, 0xF6, 0x90, 0x56,
    0x6B, 0x9D, 0x76, 0x13, 0x03, 0x3F, 0x8F, 0x07, 0x10, 0x01, 0x68, 0x76, 0x6C, 0x01, 0xC9, 0x01,
    0x81, 0x61, 0x55, 0xA8, 0x63, 0xC3, 0x1D, 0x3B, 0xB8, 0x63, 0x97, 0xEE, 0xD8, 0xA1, 0xD1, 0x3E,
    0x3E, 0x3A, 0x74, 0xED, 0xEF, 0xCA, 0x9E, 0xD0, 0xEF, 0x8E, 0x0E, 0x4D, 0x3B, 0xAC, 0xF4, 0x03,
    0x3A, 0xF4, 0xC8, 0xE6, 0x54, 0x29, 0x1B, 0x76, 0xFC, 0x2F, 0xB8, 0xCC, 0x3E, 0x61, 0x28, 0x1A,
    0xE2, 0x18, 0xDC, 0x91, 0x0D, 0xF3, 0x59, 0x8B, 0xD5, 0x02, 0x17, 0x62, 0xB2, 0x1A, 0xC6, 0x6E,
    0x17, 0xC1, 0xE8, 0x38, 0x18, 0xD6, 0xBD, 0x61, 0xE8, 0x1C, 0x1B, 0xBF, 0x6E, 0x20, 0x30, 0x88,
    0x56, 0xC3, 0x64, 0x31, 0x4C, 0x67, 0xC3, 0x62, 0x3C, 0x2D, 0xC6, 0x77, 0x26, 0xE9, 0x27, 0xE9,
    0xDE, 0x5B, 0x93, 0xE1, 0xB3, 0xEA, 0xF8, 0x1D, 0xD1, 0x2A, 0x9C, 0xCA, 0x86, 0x6F, 0x22, 0xE8,
    0x09, 0xDF, 0x63, 0xA4, 0xFC, 0x77, 0xEC, 0xCB, 0x37, 0xBC, 0x67, 0x13, 0x54, 0xD7, 0xBF, 0x01,
    0xEB, 0xDD, 0xFD, 0xB2, 0xB7, 0xA4, 0x8D, 0xDE, 0x92, 0x35, 0x7A, 0x4B, 0xDE, 0x14, 0xB6, 0xDD,
    0x72, 0xD2, 0xA6, 0xB6, 0xF0, 0x5E, 0x75, 0x69, 0x73, 0x92, 0x06, 0x43, 0x0E, 0xDE, 0xC1, 0x0B,
    0x4F, 0xB6, 0x7D, 0xD6, 0xCE, 0xBE, 0x9A, 0xC8, 0x17, 0x0A, 0x57, 0x2D, 0x62, 0xA6, 0xAE, 0x65,
    0xB6, 0xF6, 0x6D, 0xAF, 0x8E, 0x8E, 0x7E, 0xE5, 0xA3, 0xD8, 0x6C, 0xF9, 0xEA, 0xB5, 0xA5, 0x9B,
    0x79, 0xD0, 0x6E, 0xA0, 0x56, 0x9B, 0x55, 0x90, 0x9E, 0x55, 0x4F, 0x5E, 0xF9, 0xA0, 0x92, 0x2C,
    0x83, 0x16, 0x31, 0xEB, 0xBA, 0xA6, 0x5F, 0x5D, 0x64, 0x8B, 0x6B, 0xEA, 0xFD, 0x87, 0xA7, 0xE2,
    0x4A, 0x66, 0x2A, 0xB4, 0x52, 0x3A, 0x13, 0x6F, 0x71, 0x23, 0x7E, 0x0D, 0x31, 0x73, 0xD0, 0xB9,
    0x9D, 0x6B, 0xD6, 0xB0, 0x09, 0x27, 0x61, 0x3F, 0xCC, 0x5F, 0x96, 0x04, 0xEB, 0x41, 0xEA, 0x98,
    0x8E, 0xE6, 0xBC, 0x0B, 0x43, 0x3C, 0x95, 0x55, 0x3E, 0x27, 0x63, 0x90, 0x18, 0x3F, 0x1A, 0x82,
    0x1A, 0xA2, 0x53, 0x6F, 0x85, 0xFC, 0x1B, 0xFE, 0x6F, 0x7C, 0xFF, 0x0F, 0xCC, 0x56, 0x31, 0x8C,
    0xE6, 0x46, 0x19, 0x7D, 0xB6, 0xC9, 0x1A, 0x62, 0xA4, 0xB9, 0xE6, 0x84, 0xB4, 0x11, 0x9A, 0x1E,
    0xA4, 0xB8, 0xA5, 0xE0, 0x76, 0x9C, 0xBE, 0x49, 0x71, 0x7B, 0x48, 0x49, 0x41, 0x0F, 0xC5, 0xF6,
    0x52, 0x88, 0xAD, 0xF4, 0xC5, 0x16, 0x5C, 0x9F, 0xE2, 0x0A, 0xE2, 0x2B, 0x68, 0x28, 0x73, 0x37,
    0x46, 0xF4, 0xC2, 0x12, 0x25, 0x45, 0x8C, 0x14, 0x9A, 0xA3, 0xC8, 0x10, 0xF9, 0x24, 0xDF, 0xC5,
    0xF6, 0x87, 0xDF, 0x37, 0xFE, 0xAD, 0xEC, 0x69, 0xA5, 0xE4, 0xA2, 0x20, 0x18, 0xEF, 0xFF, 0xBD,
    0xB7, 0x63, 0xCF, 0xF3, 0xF8, 0x9B, 0x37, 0xFA, 0x06, 0x28, 0xFB, 0x3A, 0xC8, 0x28, 0xA3, 0x1F,
    0xEB, 0x70, 0xDE, 0x40, 0xDB, 0x9B, 0x95, 0x69, 0x4C, 0x67, 0x3A, 0xBB, 0x5F, 0x25, 0xAF, 0xBE,
    0xEC, 0x1D, 0xAF, 0x61, 0xBF, 0x82, 0x0B, 0xF5, 0x7E, 0xF9, 0xED, 0x02, 0xD2, 0x8F, 0x39, 0x36,
    0x0B, 0xAF, 0xC6, 0x5A, 0xAE, 0x81, 0x42, 0x64, 0x01, 0x9C, 0x88, 0x34, 0x90, 0xBF, 0xFC, 0x5B,
    0xFA, 0x4C, 0xB2, 0x6D, 0x54, 0xBE, 0x64, 0x9B, 0x8E, 0x99, 0xB7, 0xD8, 0x9B, 0x29, 0x0B, 0x65,
    0x65, 0x47, 0x8E, 0x2A, 0x03, 0xA3, 0x7B, 0xCD, 0x58, 0xEA, 0x58, 0x3B, 0x31, 0x52, 0x13, 0x28,
    0x96, 0x2D, 0x36, 0x7C, 0x57, 0xDA, 0xA7, 0xF2, 0xB7, 0x50, 0xF4, 0xF0, 0xF2, 0xDC, 0x77, 0x28,
    0x45, 0xA4, 0x42, 0xAA, 0xB3, 0xC2, 0x4F, 0x5E, 0x56, 0xB7, 0xCE, 0x9C, 0xF1, 0x68, 0x57, 0x32,
    0x02, 0xC8, 0x75, 0x1C, 0xEC, 0xF2, 0x40, 0x7A, 0xA0, 0xEE, 0x51, 0x07, 0x40, 0x1A, 0x94, 0x01,
    0x89, 0x00, 0x26, 0x20, 0x8D, 0x90, 0xAD, 0x1B, 0xF4, 0x0A, 0x67, 0x20, 0xB0, 0xA5, 0x3B, 0x88,
    0x42, 0x12, 0x01, 0x52, 0x45, 0x68, 0x14, 0xEA, 0x2E, 0x42, 0xCF, 0xE8, 0x45, 0x24, 0x1C, 0x00,
    0x33, 0x82, 0xAD, 0x98, 0x14, 0xB2, 0xF9, 0x5B, 0xC3, 0x3E, 0x2E, 0x28, 0x98, 0x4E, 0xC1, 0xDD,
    0x05, 0x92, 0x0A, 0x22, 0x2F, 0x50, 0x34, 0x99, 0x88, 0xBC, 0xF4, 0x55, 0x29, 0x6C, 0x70, 0xFF,
    0x7C, 0x5F, 0x64, 0xC6, 0x2F, 0x80, 0x52, 0x06, 0xB0, 0x5D, 0x02, 0x3F, 0xE0, 0x94, 0x71, 0x8F,
    0x3A, 0x8D, 0x7F, 0x47, 0x3E, 0xDF, 0x1C, 0xF1, 0x85, 0x88, 0x6F, 0x0A, 0x79, 0x29, 0x2B, 0xBF,
    0xB0, 0x98, 0xF8, 0xA2, 0x74, 0x46, 0x3E, 0x00, 0x4F, 0xF4, 0x35, 0xEE, 0x14, 0x1B, 0xA0, 0x8C,
    0xF1, 0x46, 0x7F, 0xC1, 0x27, 0x39, 0x2A, 0x99, 0x77, 0x85, 0x42, 0x9E, 0xF9, 0x05, 0x3A, 0x8F,
    0xAA, 0xFE, 0x48, 0xA6, 0xB2, 0xBF, 0xE0, 0x1B, 0xBB, 0x1F, 0x32, 0x6F, 0x68, 0xDB, 0xB6, 0x3A,
    0x6F, 0x3F, 0xE1, 0xCD, 0x52, 0xD6, 0xAB, 0x6D, 0xEA, 0x67, 0xF2, 0x22, 0xE3, 0x52, 0xF8, 0x2E,
    0x91, 0x0E, 0xA8, 0x2B, 0xE8, 0xC2, 0x00, 0xB5, 0x4A, 0xC3, 0x05, 0x60, 0xA6, 0x29, 0x90, 0x8E,
    0x74, 0x85, 0x2E, 0x6A, 0xBE, 0x20, 0xEF, 0x81, 0x4C, 0x74, 0x1A, 0x89, 0x54, 0x96, 0x4B, 0x20,
    0x9D, 0x8B, 0x0B, 0xF0, 0x3B, 0x82, 0x1B, 0x66, 0x82, 0x0D, 0x13, 0xC1, 0x7C, 0x19, 0x08, 0xC5,
    0x57, 0x83, 0x3A, 0x5A, 0x64, 0x3D, 0xE0, 0xEE, 0x03, 0x79, 0x78, 0x1F, 0x94, 0x69, 0xF0, 0x2A,
    0xDC, 0x7C, 0x52, 0x3B, 0xBF, 0x01, 0x32, 0xE9, 0x08, 0x6F, 0xA9, 0xDB, 0x8A, 0xB8, 0xEE, 0x11,
    0x9E, 0xDC, 0xD2, 0x70, 0xB4, 0x5B, 0xEF, 0x26, 0xFE, 0x05, 0xB8, 0x86, 0x4C, 0xC9, 0x96, 0xD7,
    0x11, 0xE9, 0xC2, 0x14, 0xE4, 0x13, 0x8D, 0x51, 0x04, 0xFD, 0x37, 0x30, 0xF7, 0x8C, 0x13, 0x23,
    0xAE, 0x35, 0x02, 0xC5, 0xCC, 0x98, 0x4B, 0xA5, 0x73, 0x1A, 0x75, 0x82, 0x52, 0xB1, 0x47, 0x98,
    0xC7, 0xCF, 0x44, 0x80, 0xF2, 0x1D, 0x91, 0x01, 0x0E, 0xA5, 0x4C, 0x5B, 0x4C, 0x69, 0x9C, 0x0A,
    0xA5, 0x34, 0xAE, 0xE3, 0x67, 0x30, 0xF3, 0xBE, 0xB7, 0x0B, 0x53, 0x69, 0xA4, 0x87, 0x1D, 0x72,
    0x59, 0x60, 0x86, 0x44, 0xA4, 0x31, 0x3D, 0x9C, 0x4C, 0xA6, 0xE3, 0xA7, 0x5D, 0x55, 0x80, 0xD7,
    0xF4, 0x14, 0xA2, 0x2F, 0xF5, 0x1A, 0xCD, 0xFA, 0xB5, 0xAD, 0xE2, 0x81, 0x8A, 0x7E, 0xC9, 0x7A,
    0xC6, 0x42, 0xA3, 0x19, 0x34, 0x06, 0xE0, 0x43, 0x9D, 0xED, 0xCC, 0xD9, 0xE6, 0x13, 0xE7, 0x49,
    0xD3, 0xD6, 0x3A, 0xDD, 0xA4, 0xBD, 0x86, 0xB6, 0xBA, 0x2A, 0x82, 0x74, 0x76, 0x3A, 0xFD, 0xEA,
    0xC6, 0x84, 0x37, 0xE8, 0xFF, 0xA3, 0xC5, 0x4C, 0xC5, 0xC7, 0xF3, 0x7D, 0xC1, 0x28, 0xD3, 0xFE,
    0x91, 0xE9, 0x43, 0xCA, 0x5B, 0x57, 0x33, 0xD4, 0x44, 0xFB, 0xC4, 0x5C, 0x7F, 0xDA, 0xB1, 0x9E,
    0x42, 0x9A, 0xC6, 0x05, 0xFC, 0xC0, 0x4C, 0xF7, 0x82, 0x15, 0x19, 0x39, 0xAF, 0x00, 0x7F, 0xBD,
    0x8D, 0x7A, 0x0A, 0xD3, 0xA7, 0x0B, 0x73, 0x4F, 0xFF, 0xE7, 0x13, 0xF7, 0x4A, 0x59, 0x95, 0x15,
    0x87, 0x6D, 0x79, 0xEF, 0xE2, 0xD7, 0x40, 0x99, 0x1D, 0xC8, 0x8A, 0x8D, 0x95, 0xBD, 0xB2, 0xFE,
    0x62, 0x7F, 0x5D, 0xFE, 0x0D, 0xEC, 0x18, 0x41, 0x36, 0x9C, 0x98, 0xDD, 0x95, 0xF5, 0x6D, 0xCA,
    0x6C, 0xC3, 0xAC, 0xFD, 0x18, 0xB6, 0x31, 0x5D, 0xB6, 0x02, 0xBF, 0x8C, 0xFB, 0x51, 0x9A, 0x64,
    0x46, 0xCD, 0xD9, 0xBB, 0xD5, 0x07, 0x2C, 0xB4, 0x47, 0x21, 0xD2, 0xA4, 0x13, 0x20, 0xC0, 0xF9,
    0x35, 0x8D, 0x03, 0xA7, 0x2E, 0xE5, 0x8B, 0x4C, 0xF4, 0x46, 0x05, 0x64, 0x0C, 0x76, 0xD1, 0xF5,
    0x5A, 0x2F, 0xDF, 0x93, 0xF8, 0x6E, 0xDD, 0xC9, 0x7B, 0x2A, 0xD9, 0xA5, 0xED, 0xF2, 0x5D, 0x85,
    0xAB, 0xB5, 0x42, 0xC6, 0x5E, 0x33, 0x17, 0xE3, 0xA6, 0x94, 0x33, 0x57, 0xD9, 0x0C, 0xDC, 0x61,
    0x40, 0xBE, 0x05, 0x2F, 0x33, 0x8A, 0xF5, 0x57, 0x33, 0x4A, 0xDE, 0x70, 0x3D, 0x43, 0xA7, 0x21,
    0xE7, 0xBF, 0x66, 0xBB, 0xF1, 0xFC, 0xC3, 0x15, 0x46, 0x82, 0xF4, 0xA9, 0x54, 0x6D, 0x83, 0x34,
    0xE0, 0x03, 0xE4, 0x43, 0x32, 0xC1, 0x76, 0x79, 0x80, 0x6B, 0xCC, 0x00, 0xE1, 0xA0, 0x05, 0xD2,
    0x98, 0x39, 0x15, 0x94, 0x63, 0xB1, 0xC0, 0x07, 0x3B, 0x43, 0xFA, 0x72, 0x8A, 0x4C, 0xFB, 0xF4,
    0xAE, 0x3E, 0xA7, 0x23, 0x74, 0xAC, 0xAA, 0xA8, 0x9E, 0x2A, 0x5F, 0xB2, 0x55, 0xC2, 0x36, 0xC4,
    0xF8, 0x9B, 0xB6, 0x6D, 0x1F, 0x0F, 0x9A, 0xFB, 0xEF, 0x16, 0xA9, 0xD0, 0x88, 0x48, 0x7F, 0xFA,
    0xDD, 0xDD, 0xDE, 0xF0, 0xFD, 0xFB, 0xF2, 0xBC, 0x6D, 0x7F, 0x0F, 0xF5, 0x65, 0xA9, 0x65, 0x98,
    0xB9, 0x4E, 0xE4, 0xA1, 0x0F, 0xEA, 0x4B, 0xD4, 0x4D, 0x31, 0xA9, 0x2F, 0x37, 0x96, 0x45, 0x5F,
    0x2A, 0x53, 0x37, 0x6E, 0x2C, 0x8D, 0x2C, 0xF6, 0x15, 0x07, 0xA3, 0x2F, 0x39, 0x76, 0x44, 0xAE,
    0xEC, 0xA1, 0xEF, 0x77, 0x26, 0x0B, 0x76, 0xF6, 0xAF, 0x99, 0x8C, 0x23, 0x3E, 0x12, 0xA0, 0x50,
    0xD6, 0x48, 0x75, 0x62, 0x75, 0xA7, 0xBE, 0xDC, 0x58, 0x39, 0xA8, 0x2F, 0x37, 0x66, 0x46, 0xF5,
    0x25, 0x95, 0xE7, 0xE8, 0x4B, 0x4F, 0x93, 0xD2, 0x97, 0x56, 0x96, 0x44, 0x06, 0xFA, 0xD2, 0xCA,
    0x0A, 0xFF, 0x65, 0xF4, 0x25, 0xF0, 0xFD, 0xF9, 0xD2, 0x09, 0x1B, 0xEA, 0x1B, 0x80, 0xA4, 0xE2,
    0x78, 0xFA, 0xB5, 0x33, 0xAB, 0x0F, 0x65, 0x9F, 0x4F, 0xAE, 0x4A, 0xE6, 0x1A, 0x58, 0x3C, 0xB0,
    0x3E, 0x05, 0x9E, 0xFA, 0x8D, 0xF3, 0x7F, 0xB7, 0x65, 0xCB, 0x8E, 0x76, 0x2C, 0x44, 0x86, 0x94,
    0xB9, 0xFE, 0xF9, 0xE7, 0x00, 0xCE, 0xF5, 0x75, 0xE5, 0x6B, 0xC5, 0xCB, 0xCB, 0xAB, 0x87, 0xAF,
    0xDA, 0xCD, 0x3F, 0x6B, 0xAF, 0x5F, 0x57, 0x07, 0xB0, 0x1A, 0x6F, 0x6F, 0xFE, 0xD0, 0x3F, 0x45,
    0xA8, 0x95, 0x56, 0x58, 0x91, 0xDE, 0xF5, 0x65, 0xA8, 0x1B, 0x33, 0xD5, 0x55, 0x31, 0x97, 0x28,
    0xE6, 0x78, 0x00, 0x31, 0xFC, 0x05, 0xC0, 0x0E, 0x31, 0xEB, 0x1E, 0x48, 0xB8, 0xCE, 0xEC, 0x6A,
    0x80, 0xA7, 0xF8, 0x51, 0x3A, 0xE2, 0xA7, 0x45, 0x8F, 0x7B, 0xAE, 0x6D, 0x17, 0x11, 0xD1, 0xDF,
    0xB6, 0x57, 0xFE, 0x10, 0xB5, 0xB5, 0xC8, 0xF7, 0xF5, 0xA6, 0xED, 0x37, 0x6D, 0xBF, 0xE9, 0xB9,
    0xA8, 0x39, 0xB2, 0xE8, 0xD2, 0x17, 0xF8, 0xED, 0x02, 0xC8, 0x08, 0xB4, 0x34, 0xBA, 0x1D, 0xA1,
    0xEF, 0xCE, 0x96, 0x3B, 0xC8, 0xD6, 0x3F, 0x6D, 0x38, 0x23, 0x9F, 0xB9, 0x67, 0xFD, 0xE6, 0xE1,
    0x52, 0xA4, 0x39, 0x93, 0x2D, 0xCB, 0x77, 0x2B, 0x48, 0x9F, 0x4A, 0xA3, 0xA7, 0x09, 0x4E, 0xCE,
    0x35, 0x3C, 0x06, 0x3C, 0x02, 0x5C, 0x3C, 0xB0, 0xB9, 0xE1, 0x7F, 0x06, 0x7E, 0x83, 0x00, 0xC8,
    0x01, 0xF5, 0x88, 0x94, 0xC0, 0xD2, 0x35, 0xA0, 0x5E, 0x51, 0xFA, 0x80, 0x5A, 0xBE, 0x12, 0xBB,
    0xA0, 0xAE, 0x65, 0x2E, 0xA4, 0xA9, 0x8D, 0x0C, 0x89, 0x34, 0x1E, 0x97, 0x7B, 0x1D, 0xBC, 0x05,
    0xAA, 0x08, 0x5D, 0x84, 0x21, 0xC2, 0xA2, 0x50, 0x8B, 0x82, 0x5B, 0x15, 0xCA, 0x59, 0x21, 0x1F,
    0x15, 0xA2, 0xB3, 0xE7, 0x5C, 0x14, 0xAC, 0xC8, 0xCB, 0xC7, 0x6B, 0xE5, 0x44, 0xC6, 0x6C, 0x42,
    0x4D, 0x08, 0xF0, 0x11, 0xE4, 0x5B, 0x43, 0x1C, 0x70, 0x1A, 0xEE, 0x22, 0xD8, 0x08, 0x45, 0x84,
    0x34, 0x02, 0xCE, 0x1F, 0x2B, 0x20, 0xFB, 0xFF, 0x02, 0x3D, 0x77, 0x8D, 0xAC, 0x3F, 0x67, 0x7E,
    0xCC, 0xE4, 0x11, 0x0A, 0xD9, 0x60, 0xC6, 0x59, 0xFB, 0x71, 0xDA, 0xAA, 0x8D, 0x7C, 0x90, 0x91,
    0x57, 0x1D, 0xDE, 0xAC, 0xF0, 0x2E, 0xAB, 0x42, 0xB6, 0xFD, 0x49, 0x95, 0xCA, 0x40, 0xE7, 0x16,
    0x63, 0xFC, 0xDB, 0xF8, 0x4B, 0x6E, 0xA7, 0x86, 0x87, 0xB0, 0x74, 0x8C, 0x0E, 0xF6, 0x23, 0xDE,
    0x97, 0x11, 0xF2, 0xD7, 0x11, 0x17, 0x74, 0xFA, 0x77, 0xF9, 0x95, 0x33, 0x13, 0x3B, 0xFF, 0x8C,
    0x5B, 0xE9, 0xAD, 0xB5, 0x42, 0x22, 0x12, 0x90, 0x2F, 0x39, 0x0F, 0x73, 0x89, 0xB0, 0xE6, 0x4B,
    0xE5, 0x7A, 0xD4, 0x9D, 0xEB, 0x62, 0x70, 0x37, 0x02, 0xFB, 0x78, 0xB7, 0x1C, 0xE0, 0x79, 0x18,
    0x10, 0x1D, 0x4B, 0x95, 0x11, 0xAA, 0xF7, 0x01, 0x6C, 0xA5, 0x95, 0x20, 0x96, 0x3E, 0xC3, 0xC2,
    0x9B, 0x4F, 0x89, 0x9E, 0xF1, 0xA5, 0x49, 0xA4, 0xAA, 0x07, 0x16, 0xCE, 0x11, 0x2E, 0x98, 0x19,
    0x6E, 0x34, 0x8B, 0x32, 0xED, 0xD3, 0xBB, 0xFA, 0x9C, 0x8E, 0xD0, 0xB1, 0xAA, 0xA2, 0x7A, 0xAA,
    0x8C, 0x44, 0x5D, 0xF8, 0xC9, 0x71, 0xCA, 0x8C, 0xFF, 0xD7, 0x8C, 0xD9, 0xA4, 0x67, 0x5F, 0xD2,
    0x3C, 0xB0, 0xF3, 0xEF, 0xA4, 0x86, 0x96, 0x7E, 0x5B, 0x9F, 0xB5, 0xDD, 0x31, 0xCC, 0x35, 0x07,
    0xAD, 0x71, 0xD0, 0xF5, 0xA0, 0x2A, 0xAB, 0x54, 0x65, 0x95, 0x52, 0xF6, 0xA0, 0x2A, 0xAB, 0x54,
    0x65, 0x95, 0x52, 0x36, 0x11, 0xA5, 0x94, 0xCD, 0x22, 0xA5, 0x6C, 0x11, 0x29, 0x65, 0x6D, 0xA4,
    0x94, 0xBD, 0x20, 0xB5, 0x0B, 0x65, 0x9F, 0x88, 0x16, 0xEA, 0xD9, 0x0C, 0xC9, 0x73, 0x01, 0xCE,
    0xB7, 0xE5, 0xB1, 0x5D, 0xF6, 0x0F, 0xA1, 0x30, 0x65, 0x8B, 0x3F, 0x2B, 0xA5, 0xAC, 0x4D, 0x94,
    0x52, 0xF6, 0x5E, 0xA4, 0x94, 0xFD, 0x94, 0x54, 0x93, 0x90, 0x84, 0x48, 0x79, 0x1A, 0x92, 0xAD,
    0x35, 0x9A, 0x84, 0x9C, 0xB4, 0xD3, 0x24, 0x24, 0x97, 0x0F, 0xE4, 0xB2, 0xDA, 0x93, 0x90, 0xC8,
    0x2E, 0x7B, 0xD0, 0xF5, 0xA0, 0x9A, 0x84, 0x4C, 0x05, 0x34, 0x09, 0x72, 0xE4, 0x16, 0xB4, 0x4F,
    0xBC, 0x9F, 0x3E, 0x3A, 0xD2, 0x17, 0xD3, 0x53, 0xC7, 0xAC, 0x1F, 0x6B, 0x61, 0xBB, 0x63, 0x2D,
    0x34, 0xEB, 0x6F, 0xFF, 0x17, 0xB2, 0x7E, 0xD0, 0x1A, 0x07, 0x5D, 0x13, 0x91, 0x6A, 0xCF, 0x7A,
    0x21, 0x12, 0xF6, 0xAC, 0x5B, 0xBA, 0x8D, 0x34, 0x0F, 0xAE, 0xCF, 0x17, 0xA5, 0x66, 0x28, 0xF5,
    0x14, 0x6B, 0x97, 0x4D, 0xD6, 0x90, 0x72, 0x2D, 0x28, 0x9B, 0x2D, 0xBA, 0x16, 0x94, 0xCD, 0xE6,
    0x23, 0x3D, 0xF9, 0x7C, 0xA4, 0xA7, 0x18, 0x63, 0xD6, 0xE3, 0x37, 0x6B, 0x12, 0x0E, 0x7B, 0x69,
    0xC7, 0x53, 0x32, 0x9D, 0x6D, 0xCA, 0x87, 0xE2, 0xBD, 0xA2, 0x3F, 0xB2, 0xEE, 0xAA, 0xB3, 0x93,
    0xEC, 0x0C, 0xB3, 0xCB, 0x66, 0x81, 0x54, 0x65, 0xED, 0xB3, 0xD6, 0xEF, 0xB2, 0x4E, 0x44, 0x54,
    0xF6, 0xA0, 0x94, 0xDD, 0xB6, 0x72, 0x8B, 0xA3, 0x69, 0x71, 0xD4, 0x55, 0xD1, 0x12, 0x19, 0x07,
    0xB2, 0x50, 0xC6, 0x71, 0x2C, 0x97, 0x71, 0x98, 0x07, 0x19, 0x27, 0xE3, 0x94, 0xC5, 0xCC, 0x99,
    0xF1, 0xB4, 0x1E, 0x36, 0x9C, 0x96, 0xA3, 0x6E, 0xE2, 0xF7, 0x69, 0x49, 0x8D, 0x8B, 0x21, 0x63,
    0x94, 0xD3, 0xF2, 0x4A, 0x39, 0x1D, 0x31, 0xE2, 0x58, 0x89, 0x28, 0xA7, 0xF9, 0x5B, 0x29, 0xC5,
    0xB2, 0xBB, 0xC9, 0xB9, 0x00, 0x16, 0xDF, 0x4D, 0xCE, 0x07, 0xB0, 0x04, 0xF3, 0x14, 0x19, 0xC0,
    0x42, 0x6C, 0x86, 0xEC, 0x8B, 0x00, 0x96, 0x63, 0xDB, 0x15, 0x9F, 0x05, 0xCE, 0xBE, 0x71, 0x8D,
    0xFD, 0x75, 0x00, 0x4B, 0x73, 0x8D, 0x0B, 0x1B, 0xF6, 0xFC, 0x7F, 0x1A, 0x59, 0x32, 0x27, 0x21,
    0xB2, 0x6C, 0xCA, 0xFA, 0xC8, 0xF2, 0x50, 0x74, 0x91, 0x99, 0xC1, 0x22, 0x32, 0xDB, 0x31, 0x59,
    0x93, 0x66, 0xBE, 0xDE, 0x58, 0x74, 0xDF, 0xDD, 0xCB, 0xAB, 0xE7, 0xF7, 0x55, 0x8E, 0x9F, 0xAA,
    0x72, 0xCA, 0x54, 0x4E, 0xD9, 0xB1, 0x96, 0xA7, 0xB5, 0x35, 0x22, 0x5D, 0xCC, 0xDD, 0x9B, 0x6D,
    0xCB, 0x45, 0x1C, 0x8E, 0xB2, 0x08, 0x77, 0x33, 0x1E, 0xFD, 0xF9, 0x80, 0x5B, 0x5B, 0xDA, 0xE8,
    0xDD, 0xFE, 0xD5, 0x58, 0x7C, 0x2D, 0x5A, 0xC6, 0x44, 0x18, 0x8D, 0x54, 0x9C, 0xF5, 0x74, 0x74,
    0x64, 0xDA, 0x61, 0x56, 0x7D, 0x2E, 0xBE, 0x6F, 0x64, 0x74, 0xE1, 0x66, 0xBC, 0xA3, 0xF1, 0x42,
    0x63, 0xDD, 0xD0, 0x05, 0xBE, 0xE3, 0x1A, 0x4B, 0x57, 0xCC, 0xE0, 0x49, 0x47, 0xAA, 0x42, 0xF4,
    0x0C, 0xC7, 0x9D, 0x10, 0xCF, 0x6E, 0xEF, 0xE9, 0x8E, 0x7E, 0xE3, 0xFE, 0x7F, 0xDA, 0xB9, 0x62,
    0x18, 0xCD, 0x8D, 0xEB, 0xFC, 0x48, 0x62, 0x8F, 0x80, 0x88, 0x80, 0x8D, 0x4E, 0x46, 0x7C, 0x48,
    0xD8, 0xA4, 0xB0, 0xD4, 0xB0, 0x07, 0x62, 0x0F, 0x01, 0x97, 0x69, 0xAE, 0xD0, 0xC5, 0x85, 0x0B,
    0x37, 0x29, 0x04, 0xA7, 0xB8, 0xBE, 0xB0, 0xC8, 0x40, 0x45, 0xCA, 0x18, 0x88, 0x7B, 0x5F, 0x71,
    0x01, 0xE2, 0x4B, 0xB1, 0x3D, 0xE0, 0x13, 0x19, 0xA8, 0x4C, 0x43, 0x20, 0x4E, 0x2D, 0x16, 0x77,
    0x4D, 0x5C, 0x98, 0x89, 0x08, 0x9B, 0x77, 0x47, 0xF2, 0xCB, 0x3F, 0xEF, 0x7D, 0xB3, 0xFF, 0x52,
    0xD9, 0x85, 0x75, 0xB2, 0xF6, 0xAC, 0x95, 0xFF, 0xC1, 0xFE, 0xFC, 0xBE, 0xBD, 0x9F, 0xC7, 0x99,
    0x79, 0x6F, 0x86, 0xF3, 0xDE, 0x9B, 0x37, 0x2B, 0x5A, 0x58, 0x89, 0xD6, 0x49, 0x22, 0xE8, 0x48,
    0x5C, 0x6F, 0x48, 0xDF, 0x93, 0xC2, 0x63, 0x50, 0x21, 0x90, 0x3F, 0x97, 0x6B, 0xCB, 0x13, 0x62,
    0x0C, 0x92, 0x04, 0x8D, 0x91, 0x34, 0xD4, 0x91, 0x81, 0x75, 0xE4, 0x2D, 0x65, 0x59, 0xD4, 0xAC,
    0xCC, 0x95, 0x13, 0x49, 0x3E, 0xB3, 0xCE, 0x7C, 0x31, 0xB2, 0x64, 0x2B, 0xDF, 0x8C, 0x6C, 0x75,
    0x3C, 0x91, 0x24, 0x63, 0x8C, 0x86, 0xAA, 0xB1, 0x3A, 0xF2, 0x5E, 0xB4, 0x0E, 0x75, 0x5F, 0x4C,
    0xA7, 0x4D, 0x10, 0x61, 0x90, 0x6B, 0xED, 0xC5, 0xCC, 0x5E, 0x59, 0x1D, 0xDB, 0x83, 0x07, 0x3F,
    0x5A, 0x55, 0x1F, 0xBE, 0x68, 0xD3, 0x03, 0x19, 0x7D, 0x87, 0xC2, 0x00, 0x41, 0xC7, 0xA0, 0x99,
    0xDA, 0xA1, 0x1D, 0x8D, 0xAC, 0xB2, 0xA2, 0x82, 0x9C, 0x56, 0x33, 0x69, 0x0D, 0x56, 0x07, 0x48,
    0x22, 0x25, 0xE5, 0x26, 0xA9, 0xB6, 0xAE, 0x46, 0x03, 0xD8, 0x2A, 0xB1, 0x06, 0x62, 0x7D, 0x0C,
    0xFE, 0x9E, 0xC6, 0xB0, 0x76, 0x8A, 0xA2, 0x10, 0xE8, 0xCF, 0x04, 0xE7, 0x86, 0x21, 0x0D, 0x92,
    0x85, 0x18, 0x3D, 0x3A, 0xA9, 0xE9, 0x26, 0xD5, 0xA4, 0x26, 0x38, 0x67, 0x2E, 0x25, 0xD6, 0x51,
    0x50, 0xA0, 0xC4, 0xDC, 0xA7, 0x14, 0x54, 0xFB, 0xFD, 0x45, 0x31, 0x5A, 0x25, 0x2C, 0xE5, 0x52,
    0xAA, 0x34, 0xEE, 0x34, 0xFE, 0xE7, 0xA4, 0xA6, 0x9B, 0x52, 0xD3, 0x8F, 0x25, 0x08, 0x6C, 0x90,
    0x49, 0x7B, 0x81, 0xD5, 0x48, 0x79, 0x8E, 0x5F, 0x6B, 0x2F, 0xBE, 0x17, 0xC1, 0x3A, 0xF8, 0xD7,
    0x52, 0x06, 0xF9, 0x46, 0xFF, 0x7A, 0x73, 0x73, 0xE7, 0xA4, 0x94, 0x50, 0xBC, 0x6B, 0x59, 0xF1,
    0xBD, 0x86, 0xEE, 0x6A, 0x92, 0x2C, 0xC1, 0xA5, 0xBD, 0x2F, 0x6F, 0x4B, 0x28, 0x27, 0xED, 0xDC,
    0xBC, 0x76, 0x24, 0x0D, 0xA2, 0x73, 0xA0, 0x58, 0xDA, 0xBF, 0x0D, 0xD2, 0x08, 0xD6, 0xC0, 0x2C,
    0xDF, 0x53, 0x8C, 0x26, 0x12, 0x99, 0x03, 0x59, 0x85, 0x4F, 0xAB, 0x7F, 0x33, 0xEF, 0x5F, 0x8C,
    0xAF, 0xAF, 0x94, 0x93, 0x52, 0x9E, 0x68, 0x51, 0x3F, 0x59, 0xA0, 0x65, 0x53, 0xFE, 0xF7, 0x97,
    0x78, 0xFC, 0x19, 0x44, 0x12, 0xE3, 0xE9, 0x7F, 0xFA, 0x07, 0x1B, 0xCF, 0x3F, 0xF1, 0xFC, 0x43,
    0xE5, 0xC5, 0xF7, 0x3D, 0x37, 0x15, 0xB9, 0xE4, 0xC8, 0x7F, 0x72, 0x89, 0x2F, 0xCA, 0xA9, 0x57,
    0x72, 0xED, 0xF1, 0x91, 0x67, 0x3D, 0xB9, 0x0A, 0xF4, 0xC8, 0xCB, 0xEA, 0xC8, 0x9D, 0x1C, 0xF9,
    0x53, 0x13, 0x9C, 0xF2, 0x85, 0x5C, 0xF5, 0x75, 0xE0, 0xF4, 0x77, 0x34, 0x6E, 0x72, 0xF1, 0xF8,
    0x23, 0x2F, 0xFE, 0xEB, 0xC1, 0x0F, 0xC8, 0x2D, 0x18, 0x4B, 0x5E, 0x5F, 0xE2, 0xAB, 0xF0, 0x7E,
    0xBA, 0x5B, 0xE4, 0xC9, 0x74, 0xE4, 0xE9, 0x40, 0x9E, 0xF4, 0xAA, 0x29, 0xE5, 0x69, 0x2F, 0x45,
    0xA3, 0x5C, 0xEB, 0x74, 0x15, 0x79, 0xDE, 0x6B, 0x3C, 0x8D, 0x3C, 0xD2, 0x5B, 0xFD, 0xC5, 0x75,
    0x3A, 0x50, 0x4B, 0xDF, 0x66, 0x74, 0x00, 0x24, 0x83, 0x96, 0x1D, 0x97, 0x50, 0xA2, 0x56, 0x67,
    0x8E, 0x85, 0xD8, 0x23, 0xBC, 0xFC, 0x21, 0x46, 0xC9, 0x50, 0x49, 0x3B, 0x4B, 0x39, 0xAB, 0x4B,
    0xD1, 0x0E, 0x3A, 0xD2, 0xD0, 0x79, 0x27, 0xCB, 0x9A, 0x34, 0xA6, 0x0A, 0x0D, 0xC7, 0x36, 0xC7,
    0x7A, 0x61, 0x50, 0x1A, 0xB8, 0x79, 0x07, 0xD3, 0x17, 0x86, 0xF9, 0x32, 0x94, 0xBB, 0x47, 0xE7,
    0xAC, 0x8F, 0xEE, 0x3B, 0x2E, 0xCF, 0xD4, 0x58, 0x3B, 0xF5, 0x57, 0xA2, 0x1B, 0xCF, 0xBF, 0x94,
    0x7A, 0x51, 0xEF, 0xB7, 0xC0, 0x4F, 0xE5, 0xE1, 0x24, 0x29, 0x83, 0xC4, 0x2D, 0xCC, 0x41, 0x07,
    0xB4, 0xB2, 0xE2, 0x67, 0xF6, 0xBC, 0xEA, 0x72, 0x25, 0xF7, 0xA8, 0x0D, 0x34, 0x0A, 0xAE, 0xBB,
    0x02, 0x5A, 0xFF, 0x5D, 0xFA, 0x1B, 0x88, 0x07, 0xAC, 0x56, 0xFF, 0x40, 0x9B, 0x6B, 0x67, 0x18,
    0xB7, 0x83, 0x61, 0x39, 0x86, 0x30, 0x81, 0x61, 0xBC, 0x0A, 0x6F, 0x20, 0x16, 0x0D, 0xBF, 0x20,
    0xEE, 0xCA, 0x7B, 0x3A, 0xB5, 0x1E, 0x31, 0xD2, 0x3F, 0xCA, 0x3B, 0x44, 0x15, 0x53, 0x71, 0xC0,
    0x72, 0x66, 0x28, 0xFB, 0x80, 0x09, 0x31, 0x9E, 0x0C, 0xA3, 0x3D, 0x6A, 0x79, 0x6D, 0x04, 0x30,
    0x13, 0x17, 0x8F, 0xDB, 0x13, 0x1F, 0x5C, 0xE4, 0xF7, 0x7F, 0x20, 0x16, 0x44, 0x77, 0x0D, 0xB6,
    0xD6, 0xCF, 0x18, 0x12, 0xE1, 0x50, 0xEF, 0x39, 0x28, 0x07, 0x22, 0x5F, 0x2D, 0x77, 0xEF, 0x53,
    0xA0, 0xE3, 0x4E, 0x03, 0x17, 0x93, 0x6B, 0xD9, 0xBB, 0x8D, 0x25, 0x15, 0xF4, 0xA1, 0x81, 0xFC,
    0x9D, 0x7C, 0x19, 0xB9, 0x9F, 0xE4, 0x7E, 0x97, 0xBE, 0x05, 0x06, 0x8A, 0x7D, 0xA2, 0xD8, 0x39,
    0x65, 0x5F, 0x31, 0xB6, 0x33, 0x98, 0x8D, 0xE4, 0x2A, 0x13, 0xBC, 0x0F, 0x41, 0xD2, 0x05, 0x7C,
    0xF4, 0x25, 0xE4, 0x7E, 0x92, 0x3B, 0xCB, 0x66, 0x31, 0x9B, 0x18, 0x95, 0x1B, 0xAF, 0x40, 0x01,
    0xFD, 0xEF, 0xB7, 0xE5, 0x4C, 0x42, 0x39, 0xC9, 0xFB, 0x35, 0xE5, 0xAD, 0xEF, 0x16, 0x37, 0xDB,
    0x4A, 0x97, 0x6E, 0x0C, 0x56, 0xD7, 0x9D, 0xAE, 0xC2, 0x2A, 0x0F, 0x79, 0x7C, 0x59, 0x96, 0xBF,
    0x70, 0xC0, 0xFA, 0x0E, 0xF0, 0x4C, 0xDC, 0x6A, 0x6B, 0x58, 0x31, 0xBF, 0xA1, 0xCF, 0xA2, 0xC1,
    0xC0, 0x08, 0xA8, 0x7C, 0x1B, 0xFC, 0xC7, 0xC7, 0xD5, 0xF8, 0xC5, 0xA4, 0x7B, 0x7A, 0x82, 0x4A,
    0x97, 0x9F, 0x74, 0x32, 0x83, 0xF0, 0xDB, 0xF2, 0xF5, 0x6D, 0xFB, 0xD9, 0x7D, 0x6D, 0x83, 0x6E,
    0x08, 0x02, 0x12, 0xA3, 0xED, 0xD2, 0xB9, 0x1C, 0xF2, 0x21, 0x9D, 0xFC, 0x66, 0xF6, 0x77, 0x44,
    0xDE, 0xFD, 0xDA, 0xB6, 0x5D, 0x17, 0x99, 0x64, 0x76, 0x43, 0xB6, 0xB8, 0x31, 0x5B, 0xFD, 0xA7,
    0xEC, 0x93, 0xE5, 0xCC, 0xFB, 0x89, 0xF2, 0xF5, 0x95, 0xF9, 0x7B, 0xDE, 0x88, 0xAF, 0x82, 0x25,
    0xFB, 0x42, 0x84, 0x6F, 0x83, 0xDE, 0xAC, 0xB2, 0x18, 0xB3, 0xD8, 0xFB, 0xA0, 0x80, 0xF0, 0x85,
    0x80, 0xC6, 0x48, 0x84, 0x3E, 0x4C, 0xA9, 0x91, 0xC4, 0xCD, 0x24, 0xC5, 0x42, 0x92, 0xAF, 0x81,
    0x6C, 0x24, 0x19, 0x48, 0xD2, 0x23, 0xA9, 0x8C, 0x24, 0xDA, 0x2E, 0x2C, 0x3B, 0xF2, 0xDE, 0xF9,
    0x76, 0xD8, 0x0B, 0x4A, 0x78, 0xCF, 0xF5, 0x84, 0x0F, 0x64, 0x15, 0xFB, 0x4A, 0xD9, 0x0C, 0x36,
    0x6C, 0xDF, 0xD4, 0x7A, 0x24, 0xC1, 0x10, 0x3A, 0xD8, 0x19, 0xC9, 0x61, 0xF7, 0x45, 0xED, 0x22,
    0xFA, 0xB2, 0x38, 0xC7, 0x40, 0x41, 0x6D, 0x42, 0xC2, 0x04, 0xAE, 0x90, 0x9C, 0x1A, 0x81, 0xEE,
    0x66, 0x02, 0x34, 0xDF, 0xF5, 0x24, 0xFB, 0x6F, 0xBC, 0xB4, 0x94, 0xB1, 0xA6, 0xC6, 0xA4, 0x44,
    0x83, 0x3F, 0x56, 0x7E, 0x5C, 0x5D, 0xFD, 0x82, 0x7E, 0x24, 0x12, 0x1F, 0x34, 0xE3, 0xB0, 0xE8,
    0xA3, 0xF0, 0x0E, 0x56, 0x91, 0xE8, 0x21, 0x9E, 0x8B, 0x03, 0x53, 0x35, 0x4B, 0x35, 0x79, 0x7C,
    0x77, 0xD0, 0x07, 0x32, 0x06, 0x32, 0x93, 0xFC, 0x7C, 0x25, 0xF9, 0x27, 0x90, 0x7C, 0x84, 0xC6,
    0xC8, 0x3F, 0xA0, 0x37, 0xD2, 0x60, 0x24, 0x71, 0x33, 0x49, 0xB9, 0x90, 0xE4, 0x20, 0xF1, 0x5A,
    0x57, 0x12, 0xA3, 0x33, 0x22, 0x18, 0x49, 0xEA, 0x89, 0xA4, 0x5C, 0x48, 0x72, 0x90, 0xA4, 0xA8,
    0x8C, 0xC4, 0xE8, 0x8C, 0x08, 0x06, 0x92, 0x7A, 0x22, 0x29, 0x17, 0x92, 0x7C, 0x23, 0x49, 0x41,
    0x92, 0x04, 0x22, 0x4A, 0x3A, 0x6E, 0xFF, 0xB9, 0x4E, 0x38, 0x92, 0x27, 0xF3, 0x48, 0x9C, 0x8E,
    0xD8, 0x8C, 0x44, 0xB7, 0xD2, 0xF4, 0x6D, 0x42, 0x53, 0x9F, 0x24, 0xDB, 0xF6, 0xD1, 0x18, 0xDA,
    0xF6, 0xFB, 0xC0, 0x75, 0x36, 0x92, 0x44, 0x33, 0x89, 0x7C, 0x20, 0xD7, 0x94, 0x3B, 0xC0, 0x33,
    0x25, 0x35, 0xF3, 0x75, 0x12, 0xEF, 0x53, 0x0D, 0x1C, 0x79, 0xE5, 0x42, 0x47, 0x27, 0x05, 0x1D,
    0xF1, 0x08, 0x8D, 0xF9, 0xE8, 0xD2, 0x06, 0x87, 0xD2, 0x8D, 0x92, 0x81, 0xFB, 0x2B, 0xF9, 0xCA,
    0xE6, 0xE6, 0x0B, 0x3D, 0xAD, 0xC2, 0xC8, 0xAA, 0xCF, 0xD2, 0x0E, 0xB8, 0x59, 0x09, 0x48, 0x52,
    0x68, 0x0D, 0x7F, 0x08, 0x09, 0x0F, 0x2C, 0x2F, 0x08, 0x53, 0x1C, 0x8F, 0xB5, 0x87, 0x86, 0x51,
    0x82, 0xE5, 0x7C, 0xD1, 0x78, 0x76, 0xA7, 0x1E, 0xAC, 0x83, 0x82, 0xCE, 0x66, 0x94, 0x7E, 0x5F,
    0xAC, 0x14, 0x7E, 0x8A, 0xE7, 0x77, 0x30, 0x86, 0x64, 0x9E, 0xC6, 0xEA, 0x01, 0xE5, 0x7B, 0xF7,
    0x81, 0xC2, 0x6E, 0x4B, 0x68, 0x25, 0x29, 0x27, 0x92, 0x7A, 0x20, 0x41, 0x98, 0x69, 0x41, 0x97,
    0xC9, 0x44, 0x92, 0xF5, 0x24, 0x6F, 0xC9, 0x49, 0x5F, 0x37, 0xAD, 0xAF, 0xAB, 0xD5, 0xE5, 0x40,
    0x52, 0x07, 0x35, 0xA1, 0xEE, 0xB9, 0x4F, 0x9B, 0x8F, 0x9C, 0x5E, 0x09, 0xBD, 0xFC, 0x8E, 0x5B,
    0xD7, 0xEF, 0xD2, 0x28, 0x39, 0xE9, 0xEB, 0x66, 0xF5, 0x75, 0x27, 0x58, 0xAD, 0x25, 0xAA, 0xB4,
    0xB3, 0x9B, 0xC7, 0x4C, 0xC9, 0xD6, 0x6E, 0xE7, 0x5E, 0xBC, 0xD1, 0x98, 0x31, 0x0E, 0x36, 0x08,
    0x5D, 0x3A, 0x4D, 0xAA, 0x3D, 0x69, 0xE7, 0x26, 0xB5, 0xB3, 0x2F, 0x45, 0x1F, 0x33, 0xA6, 0x36,
    0xA6, 0xDB, 0x35, 0xA4, 0x18, 0x38, 0x89, 0xA2, 0x6A, 0x6F, 0x5E, 0x9E, 0xD4, 0xF4, 0x06, 0xD4,
    0xF4, 0x67, 0xFE, 0x1B, 0x8D, 0xCD, 0xFA, 0x93, 0x47, 0xDE, 0x86, 0xC8, 0x26, 0x6F, 0x92, 0xC5,
    0xAB, 0xE6, 0x9E, 0xB6, 0x55, 0x39, 0x78, 0x7B, 0xC2, 0x9B, 0x16, 0xD9, 0x6F, 0x37, 0x11, 0x5A,
    0xD1, 0x8C, 0x0E, 0xB6, 0xE6, 0xC1, 0x6B, 0x26, 0xDF, 0x4B, 0xDF, 0xE4, 0x52, 0x83, 0x25, 0x6D,
    0x53, 0xF6, 0x12, 0x6F, 0x9A, 0x9D, 0x37, 0xFB, 0x47, 0x95, 0x83, 0x7F, 0x94, 0x6B, 0x7C, 0x2D,
    0x7F, 0xE9, 0x6F, 0xDE, 0x99, 0x8A, 0x59, 0x43, 0x52, 0x56, 0xA6, 0xE2, 0xC1, 0x05, 0x15, 0x2F,
    0x41, 0xC5, 0xF3, 0xE7, 0x55, 0x9C, 0x05, 0x15, 0xE7, 0xE8, 0x4C, 0x26, 0x05, 0xA8, 0x62, 0x17,
    0x54, 0xFC, 0x34, 0xA8, 0x78, 0xA1, 0x8A, 0xE3, 0x91, 0x2A, 0x4E, 0x06, 0xAA, 0x38, 0xEF, 0xA8,
    0xE2, 0xA2, 0xA1, 0x8A, 0x5D, 0x50, 0xD6, 0x4F, 0x02, 0x59, 0x48, 0xE2, 0x89, 0x24, 0x19, 0x49,
    0xB2, 0x9E, 0x24, 0x6F, 0x48, 0x5C, 0x50, 0xF1, 0x87, 0x41, 0xC5, 0x0B, 0x55, 0x1C, 0xCD, 0x54,
    0x71, 0x32, 0x52, 0xC5, 0x59, 0x4F, 0x15, 0xE7, 0x1D, 0x55, 0x5C, 0x56, 0x54, 0xF1, 0xC7, 0x41,
    0xC5, 0x4B, 0x50, 0xF1, 0xFC, 0x79, 0x15, 0x67, 0x41, 0xC5, 0x39, 0xA8, 0xE2, 0xF2, 0x6F, 0xA8,
    0x62, 0x17, 0x54, 0xFC, 0x54, 0x42, 0x89, 0xA8, 0x73, 0x46, 0x9B, 0x85, 0xC2, 0xE3, 0x54, 0xFC,
    0x7C, 0xE6, 0x03, 0x67, 0x24, 0x37, 0x39, 0xA8, 0x1B, 0x92, 0x6B, 0xB6, 0xD4, 0x35, 0x49, 0xF2,
    0xCE, 0xE1, 0x52, 0x03, 0xAB, 0xA4, 0xC0, 0xF2, 0x0E, 0xF0, 0x58, 0xA2, 0x73, 0xFC, 0x4C, 0xDC,
    0xCA, 0x30, 0xA6, 0x8E, 0xF8, 0x64, 0x26, 0x89, 0xA7, 0x5B, 0x45, 0x8A, 0xAB, 0x89, 0xAA, 0x73,
    0x09, 0x64, 0xA5, 0xD5, 0x9D, 0x71, 0xA7, 0xC3, 0x5C, 0x4C, 0xD7, 0x59, 0x7C, 0x31, 0x42, 0xA5,
    0x53, 0xF2, 0xC9, 0xF9, 0x1A, 0x62, 0x47, 0xA3, 0x6A, 0x07, 0xD8, 0x2A, 0xEA, 0xC9, 0xA3, 0x16,
    0x32, 0x2A, 0xCA, 0x42, 0x63, 0x46, 0xD2, 0xA0, 0x95, 0x7C, 0x26, 0x29, 0x06, 0x43, 0x9D, 0xC9,
    0x7B, 0xD5, 0x3F, 0x92, 0x93, 0xBE, 0xDE, 0x84, 0xBE, 0xEE, 0x92, 0x30, 0x9E, 0x6C, 0x0F, 0xD8,
    0x45, 0x94, 0x19, 0x52, 0xD6, 0xD7, 0x24, 0x55, 0x59, 0x33, 0xA8, 0xCC, 0xA8, 0x32, 0xC3, 0xCA,
    0x27, 0x7D, 0xBD, 0x01, 0x7D, 0x85, 0xD2, 0x86, 0x44, 0x59, 0x34, 0x25, 0x6F, 0x6E, 0xDC, 0x9E,
    0x08, 0xC2, 0x04, 0x7B, 0x7B, 0x7F, 0x90, 0xED, 0xA4, 0xA6, 0x1B, 0x57, 0x53, 0xF4, 0xFF, 0x73,
    0xC1, 0x56, 0xD9, 0x87, 0xCA, 0xC5, 0x0D, 0x24, 0x75, 0x43, 0xB2, 0x12, 0xE3, 0x29, 0x90, 0xE6,
    0x5A, 0x7D, 0x3D, 0xD6, 0xC3, 0xAE, 0x35, 0x30, 0x0B, 0x80, 0xEA, 0x1E, 0xB6, 0xFB, 0xF2, 0x03,
    0xAC, 0x22, 0x98, 0x69, 0xE8, 0xD4, 0x33, 0x83, 0xE6, 0x6E, 0xF1, 0x44, 0xD8, 0xC1, 0x8F, 0x85,
    0x1D, 0x5C, 0xD8, 0xBC, 0x64, 0xE2, 0xF6, 0x1D, 0x13, 0x7F, 0x7B, 0xED, 0xBA, 0xDA, 0x67, 0x45,
    0xC3, 0xBD, 0x61, 0x17, 0x36, 0x9E, 0x3F, 0x0E, 0x61, 0x9C, 0x85, 0xDD, 0x63, 0x5B, 0x23, 0x7C,
    0xC4, 0xF5, 0x18, 0xFF, 0xD1, 0x87, 0x24, 0x0F, 0xB6, 0xBE, 0xC4, 0x2E, 0xCF, 0x94, 0x0D, 0xB9,
    0x61, 0x52, 0x80, 0xA4, 0x66, 0x84, 0xD0, 0xD1, 0xDE, 0x20, 0x61, 0x52, 0xB5, 0xFE, 0x66, 0x31,
    0xD7, 0xE7, 0xFA, 0xE5, 0xBA, 0xDB, 0x07, 0x9F, 0x77, 0xB0, 0xFD, 0xE2, 0x7D, 0x2A, 0x7E, 0x30,
    0xB0, 0xE0, 0xE6, 0x3D, 0x34, 0x1E, 0x04, 0x83, 0x42, 0x3D, 0x2A, 0xB8, 0x99, 0x11, 0xDF, 0xCB,
    0x90, 0x5F, 0x05, 0xC5, 0x0E, 0xCA, 0x59, 0xC1, 0x8D, 0x0A, 0xAD, 0x3E, 0x33, 0x46, 0xE7, 0xE1,
    0xE1, 0x66, 0xD5, 0x4E, 0x0A, 0x9B, 0x1E, 0x5B, 0x7B, 0xFF, 0x8A, 0x76, 0xD2, 0x7B, 0x51, 0x88,
    0x80, 0x8A, 0xDD, 0x24, 0xEC, 0x5D, 0x13, 0x8E, 0xDD, 0x5A, 0x9F, 0x2A, 0x31, 0xFA, 0x7B, 0x1B,
    0xD7, 0x6A, 0x54, 0xDA, 0x42, 0x1D, 0x42, 0xC5, 0x68, 0x99, 0xC0, 0xEE, 0x80, 0xE5, 0x60, 0x63,
    0xB7, 0x18, 0x0D, 0xF3, 0x80, 0xD3, 0x05, 0x3A, 0x0C, 0x72, 0x07, 0xB3, 0x62, 0x7B, 0xC0, 0xF7,
    0xDA, 0x21, 0xC1, 0xF3, 0xF7, 0xFD, 0xF7, 0xD9, 0x22, 0xE2, 0x31, 0x1F, 0xF7, 0x58, 0x7C, 0x0E,
    0xF3, 0x89, 0xB8, 0x1A, 0x66, 0xE8, 0x15, 0x13, 0xBC, 0x50, 0x14, 0xA0, 0x51, 0x2C, 0x31, 0x29,
    0xC6, 0x58, 0x15, 0xA5, 0x84, 0x61, 0x8A, 0x46, 0x31, 0x42, 0xA7, 0x28, 0xAD, 0xC7, 0x5C, 0xA4,
    0xF6, 0xE8, 0x44, 0xDC, 0x0E, 0x2B, 0xFF, 0xEF, 0xED, 0xE0, 0x3A, 0x41, 0x75, 0x07, 0x43, 0x39,
    0xA5, 0x10, 0x60, 0xC8, 0x80, 0xC5, 0x23, 0x53, 0x02, 0x2D, 0xE6, 0xC2, 0xCD, 0x6F, 0x37, 0x1D,
    0xC5, 0x9D, 0x32, 0x2B, 0xE1, 0x38, 0xA3, 0x99, 0x34, 0x9F, 0x8E, 0x57, 0x1B, 0x34, 0x67, 0x5E,
    0xEE, 0xF7, 0xB4, 0x17, 0xAA, 0xD2, 0x04, 0xBF, 0x7A, 0xB8, 0x4A, 0x8A, 0x03, 0xF1, 0x0F, 0x8B,
    0xA0, 0x2F, 0x5D, 0x54, 0xB1, 0xBF, 0x36, 0xF2, 0x81, 0x5E, 0xD5, 0xAE, 0xDE, 0x5F, 0xEF, 0x3E,
    0x41, 0xA7, 0xA3, 0xA2, 0x8B, 0xB0, 0xFD, 0x0B, 0xBA, 0x0C, 0x95, 0xA0, 0xF3, 0x8D, 0xB2, 0x33,
    0xD6, 0xE8, 0xEA, 0x41, 0xAF, 0xFD, 0xEE, 0x1A, 0xEB, 0xBF, 0x27, 0x7A, 0x4F, 0x86, 0xAE, 0x9C,
    0xE5, 0xBB, 0x75, 0x97, 0xE3, 0xDF, 0x66, 0x37, 0xA5, 0xC0, 0xE0, 0x20, 0x2D, 0x2A, 0x87, 0x10,
    0x62, 0x22, 0x32, 0x15, 0x7E, 0xBC, 0x70, 0xA3, 0xC4, 0xFC, 0xD9, 0xF5, 0xD8, 0xD3, 0xBC, 0xD3,
    0x90, 0x85, 0xDC, 0xE6, 0xFE, 0x32, 0x74, 0x4D, 0xA7, 0xB7, 0x5D, 0x6C, 0x1E, 0x69, 0x47, 0x35,
    0x9F, 0x65, 0x72, 0x7E, 0x4E, 0xF4, 0x3A, 0xF2, 0xF5, 0xD0, 0xC7, 0x07, 0xFA, 0x73, 0x6B, 0xFB,
    0xCB, 0xC8, 0x94, 0x43, 0x95, 0x35, 0x02, 0x0C, 0x79, 0x13, 0x6D, 0xED, 0xD6, 0x4A, 0x3C, 0x66,
    0xD8, 0x24, 0xE9, 0x23, 0x2C, 0x8C, 0x43, 0xDD, 0x66, 0x9D, 0x86, 0x83, 0x56, 0x76, 0x44, 0x62,
    0xF6, 0x23, 0x38, 0x5F, 0xC2, 0xD5, 0x75, 0xD9, 0x24, 0xB2, 0x3B, 0xF2, 0x7F, 0x7B, 0x7B, 0xFA,
    0x6D, 0x55, 0x27, 0xB3, 0x13, 0x35, 0x93, 0x6C, 0xC8, 0x06, 0x3F, 0x35, 0xD5, 0xCC, 0x69, 0xE2,
    0x91, 0x9C, 0xD7, 0xF4, 0xC5, 0xC3, 0x5E, 0x24, 0x86, 0xC5, 0x68, 0xD6, 0x5B, 0x3E, 0x73, 0x2B,
    0xAF, 0x46, 0xB6, 0x38, 0xC5, 0x26, 0xD6, 0x6A, 0x07, 0xF4, 0xDA, 0xF2, 0x0D, 0xCF, 0xDB, 0xD9,
    0x5A, 0x0F, 0xC9, 0x56, 0xEB, 0xC1, 0x22, 0x09, 0x7B, 0x31, 0x49, 0xC4, 0x9E, 0x68, 0x8B, 0xB4,
    0x37, 0x83, 0x32, 0xFA, 0xB4, 0x7C, 0xED, 0x75, 0x3B, 0x36, 0x68, 0xEF, 0x7C, 0x19, 0xB4, 0x87,
    0xCA, 0xB4, 0x97, 0xCA, 0xAC, 0xA7, 0x5C, 0x2C, 0xC8, 0xAC, 0xC7, 0x61, 0x67, 0x85, 0xAC, 0xB7,
    0x3A, 0xC8, 0x06, 0xB2, 0x18, 0x23, 0xEF, 0x4B, 0xE0, 0x23, 0x2A, 0x1A, 0x0D, 0xFC, 0x74, 0x15,
    0xC9, 0xAB, 0x72, 0x16, 0xF7, 0x8F, 0x68, 0xA4, 0x95, 0x83, 0x44, 0x10, 0x61, 0x3B, 0xDF, 0x24,
    0x05, 0x66, 0xA9, 0xFD, 0x45, 0x5A, 0xFC, 0xD4, 0xFF, 0xDA, 0x84, 0x65, 0xCB, 0x5F, 0x74, 0x88,
    0x53, 0xDB, 0xA5, 0xDE, 0x85, 0x67, 0x05, 0xBC, 0x9F, 0x9E, 0xA0, 0x52, 0x69, 0x34, 0xB9, 0x6A,
    0x52, 0x4F, 0x11, 0x69, 0x26, 0xDD, 0xBC, 0x3F, 0x75, 0x34, 0x7C, 0xE1, 0xEB, 0x78, 0xBC, 0x96,
    0x13, 0x4D, 0x14, 0x5A, 0x69, 0x71, 0x95, 0xC2, 0x47, 0xD1, 0x62, 0x0C, 0x7E, 0xBD, 0x44, 0xC8,
    0x6D, 0x5D, 0xB4, 0x6D, 0xBD, 0xBF, 0xEB, 0x57, 0x7A, 0x6F, 0x73, 0xB4, 0xEB, 0x32, 0x1B, 0x58,
    0xAD, 0x09, 0x50, 0x05, 0x55, 0xF6, 0xE4, 0x34, 0x76, 0x93, 0x5F, 0xDB, 0x99, 0x7E, 0x8B, 0xFA,
    0x0D, 0xC7, 0xB5, 0xDA, 0x2A, 0x5E, 0x2E, 0xE5, 0xA8, 0xA1, 0x3A, 0xA6, 0x18, 0xE6, 0x03, 0x0D,
    0xEF, 0x2B, 0x73, 0xD3, 0x82, 0xC4, 0x0E, 0x50, 0xA8, 0xD5, 0xDF, 0xBE, 0x78, 0xB8, 0xDA, 0xE1,
    0x2A, 0xCD, 0xAE, 0x45, 0x93, 0x2D, 0xE1, 0xA5, 0x52, 0x0F, 0xC5, 0xE4, 0xFB, 0x5C, 0x8E, 0xFE,
    0xEA, 0x2E, 0x5F, 0x01, 0xC0, 0xAE, 0x13, 0xF9, 0xD5, 0xB2, 0xE2, 0xB5, 0x98, 0xD8, 0x64, 0xBA,
    0x0F, 0x91, 0x66, 0xD5, 0xA6, 0x5D, 0x84, 0x5E, 0x6D, 0x15, 0x9C, 0xA3, 0xF2, 0xED, 0x59, 0xB5,
    0x6D, 0x83, 0x50, 0xC9, 0x01, 0x8A, 0xAB, 0xD7, 0xEA, 0xD8, 0xD6, 0xEA, 0x69, 0xB7, 0x56, 0xDF,
    0xE2, 0xFE, 0xEE, 0x8D, 0x31, 0xD8, 0x5A, 0xBD, 0x5D, 0xAC, 0xD5, 0xB9, 0xAE, 0xD5, 0x65, 0xE7,
    0xD7, 0xEA, 0x5A, 0xD7, 0xEA, 0xC7, 0x5C, 0xAB, 0x6F, 0x65, 0x7F, 0xAF, 0x5C, 0xC7, 0xD0, 0x15,
    0x17, 0xD7, 0xBA, 0xC9, 0xC7, 0xDD, 0x3A, 0x76, 0x6B, 0x7B, 0xBA, 0xCB, 0x02, 0x4B, 0x36, 0x8E,
    0x5F, 0xAF, 0xCD, 0x7C, 0xD8, 0x67, 0x81, 0xB1, 0x14, 0x98, 0x34, 0xF1, 0xE2, 0x0C, 0x0C, 0x52,
    0xE4, 0x5F, 0xE1, 0xA7, 0x5C, 0x24, 0x6A, 0x8F, 0x59, 0x3B, 0x6C, 0x9D, 0x65, 0x78, 0x45, 0x68,
    0xB4, 0x81, 0xA9, 0xBF, 0xB7, 0xB7, 0xA8, 0xF3, 0x77, 0x64, 0x57, 0x6A, 0xDF, 0x53, 0x0C, 0xF2,
    0x2D, 0x0C, 0xB6, 0x5C, 0xB8, 0xAF, 0xF0, 0xD3, 0x8E, 0x72, 0x07, 0xAB, 0x2E, 0x73, 0xFE, 0x23,
    0x67, 0x14, 0x9C, 0x5F, 0xCA, 0xE1, 0xF5, 0x8A, 0x26, 0x9B, 0x5D, 0x5F, 0xF4, 0xD9, 0xE8, 0xB3,
    0xB8, 0x3E, 0x60, 0xEB, 0xFE, 0x28, 0x72, 0xD3, 0xA1, 0x9B, 0x4E, 0x75, 0x9F, 0x2F, 0x2D, 0x3F,
    0xDE, 0xF4, 0x3A, 0x13, 0xE1, 0x80, 0xFD, 0x23, 0xB5, 0x8B, 0xE5, 0x2F, 0x44, 0xA2, 0x46, 0x17,
    0xAB, 0x42, 0x37, 0x67, 0xAA, 0xF6, 0x00, 0x11, 0x5E, 0x31, 0xE4, 0x33, 0x5C, 0x3A, 0x05, 0x53,
    0xEA, 0x6F, 0x31, 0x7E, 0x64, 0x71, 0xB1, 0x74, 0xF5, 0xD0, 0x44, 0xD8, 0xA5, 0xB5, 0xE8, 0xC2,
    0x14, 0xDD, 0x2F, 0x46, 0x1D, 0xD9, 0x3F, 0x3F, 0x40, 0x09, 0x5B, 0x73, 0x5F, 0xFC, 0xD0, 0xB2,
    0xAB, 0xA4, 0x5D, 0xD4, 0x79, 0x2C, 0x57, 0x1D, 0xE8, 0xF9, 0xA6, 0xB3, 0x25, 0xB3, 0x85, 0x37,
    0x85, 0xCE, 0xA0, 0xE4, 0x08, 0xC3, 0xEF, 0x01, 0xDE, 0xB9, 0x19, 0xAC, 0x52, 0x7A, 0x58, 0xEC,
    0x99, 0x8B, 0xD5, 0x30, 0x69, 0x7D, 0xC5, 0x28, 0x09, 0x68, 0x68, 0x3C, 0xBB, 0x83, 0x4A, 0x5B,
    0xB6, 0x72, 0x2B, 0xEB, 0x52, 0x72, 0xC1, 0x5B, 0x34, 0xFA, 0xDB, 0xCD, 0xCE, 0xAE, 0x03, 0x7D,
    0xE9, 0x7B, 0xFA, 0x12, 0xDB, 0xC7, 0x5E, 0x18, 0x5D, 0x81, 0x45, 0x31, 0xC6, 0xC4, 0xE8, 0xD4,
    0x35, 0x51, 0xAB, 0xFB, 0x96, 0x96, 0x50, 0xA2, 0xF7, 0xF8, 0xEF, 0xBA, 0xD4, 0x7F, 0x0B, 0x9F,
    0x58, 0x48, 0xA2, 0xFD, 0xB4, 0x51, 0xB9, 0xBA, 0x4D, 0x22, 0x30, 0x68, 0xD5, 0xF6, 0x3C, 0x22,
    0x33, 0xF0, 0xCC, 0x0C, 0x91, 0xFC, 0x8D, 0x62, 0xEB, 0xF9, 0xA4, 0xF3, 0x4C, 0xDC, 0x2A, 0x2D,
    0x30, 0x8A, 0xC3, 0x18, 0x90, 0x0E, 0x23, 0x1D, 0xE4, 0x90, 0xE7, 0x94, 0xEC, 0xCF, 0x36, 0x94,
    0xDD, 0xE5, 0xFC, 0xA6, 0x78, 0xBE, 0x3E, 0xB7, 0x29, 0xBA, 0xAF, 0x57, 0xCB, 0x6E, 0x2B, 0xA0,
    0x12, 0x6E, 0x0F, 0x23, 0xA6, 0xD2, 0x4D, 0xC3, 0xB6, 0xD7, 0xD7, 0x4D, 0x39, 0x9A, 0x3E, 0x67,
    0xFF, 0xE3, 0xB5, 0xAB, 0x23, 0x66, 0xDD, 0x0D, 0x00, 0x8E, 0x8A, 0xD7, 0x82, 0xF1, 0x08, 0x1B,
    0x9F, 0xC9, 0x1A, 0x58, 0x9F, 0x8D, 0xD7, 0xD1, 0x9B, 0x8C, 0xAA, 0x9B, 0xF6, 0x99, 0xAA, 0xAE,
    0x04, 0xAD, 0xAE, 0xDD, 0xF8, 0x09, 0xB1, 0xD0, 0x0C, 0x21, 0x86, 0x48, 0x6B, 0x90, 0xD3, 0xE3,
    0x68, 0x89, 0x45, 0x8C, 0x29, 0x8E, 0xDC, 0xB1, 0xFB, 0x66, 0xCB, 0x85, 0x03, 0x26, 0x04, 0xEB,
    0x36, 0x85, 0x56, 0x25, 0x11, 0x41, 0x2D, 0xDC, 0x64, 0xD1, 0xF8, 0x7D, 0x3E, 0xAA, 0xB1, 0x56,
    0x6A, 0xFA, 0x9F, 0xBC, 0xAB, 0x3F, 0xDF, 0x58, 0xB9, 0x30, 0x12, 0xC1, 0x0C, 0x19, 0xE6, 0xC7,
    0x68, 0x76, 0x4C, 0x13, 0x72, 0x63, 0xE2, 0x51, 0xB0, 0xF0, 0xD5, 0xF4, 0x4D, 0x96, 0x04, 0x4B,
    0xD1, 0x27, 0xB3, 0x65, 0x9E, 0xAC, 0x0A, 0xD9, 0x25, 0x28, 0xFB, 0x44, 0xED, 0xDD, 0x7D, 0x8A,
    0xF3, 0x37, 0x5C, 0x20, 0x65, 0x43, 0xB7, 0x98, 0xFB, 0x1C, 0xE4, 0x74, 0xE4, 0xCE, 0xE4, 0xFA,
    0x72, 0xF5, 0x1F, 0xE7, 0x7B, 0xC2, 0x51, 0x74, 0x7D, 0x71, 0x5F, 0xAC, 0xC6, 0x5F, 0x9A, 0xB4,
    0x67, 0x95, 0xF6, 0x3F, 0x8F, 0x2A, 0x6D, 0xF4, 0x26, 0xED, 0xEE, 0xB2, 0xB4, 0x6B, 0x93, 0x36,
    0x54, 0xDA, 0x31, 0x54, 0xDA, 0xC9, 0xEF, 0x54, 0xDA, 0xD9, 0x27, 0x2A, 0xED, 0xE2, 0x23, 0x95,
    0xA1, 0x4B, 0x14, 0x9E, 0x1A, 0xCC, 0x0A, 0xC9, 0xA8, 0x90, 0xF6, 0x0A, 0x79, 0xA7, 0x50, 0x9A,
    0x98, 0x3F, 0x34, 0x58, 0x54, 0xDA, 0xFF, 0x3B, 0xA9, 0xB4, 0x5F, 0x8D, 0x2A, 0x6D, 0x74, 0x2A,
    0x6D, 0x34, 0x97, 0xA5, 0x0D, 0x95, 0x76, 0x04, 0x95, 0x76, 0xF2, 0x5B, 0x95, 0x76, 0xDA, 0xAB,
    0xB4, 0xF3, 0x6E, 0xBF, 0x93, 0x95, 0xA0, 0xDA, 0x9F, 0xB4, 0xAB, 0x7B, 0xC3, 0x62, 0x34, 0x4C,
    0x67, 0xC3, 0x68, 0x0D, 0x52, 0x23, 0xBE, 0x55, 0xC9, 0xF5, 0xA5, 0x45, 0xA7, 0xB6, 0x31, 0x0E,
    0xD8, 0x1E, 0xD0, 0x4B, 0xEA, 0x1E, 0x34, 0xF4, 0xC3, 0x70, 0xCB, 0x01, 0x5B, 0x62, 0xFD, 0x86,
    0xB0, 0x3D, 0x22, 0x43, 0x32, 0xDC, 0x61, 0xF0, 0x38, 0x4A, 0xEA, 0xB1, 0x5C, 0xED, 0x3C, 0x72,
    0x8E, 0x57, 0x9B, 0x5B, 0x35, 0xCE, 0xB6, 0x94, 0x6A, 0xDC, 0xA3, 0x2F, 0x3C, 0xAA, 0x14, 0x77,
    0x27, 0xE5, 0x30, 0x7C, 0xA9, 0x93, 0x72, 0x8F, 0xE5, 0x4F, 0x5B, 0x7E, 0xFB, 0x13, 0x6F, 0x0C,
    0x86, 0x69, 0x86, 0xBA, 0x62, 0xFE, 0xBB, 0x55, 0xB1, 0xEC, 0xC1, 0xE4, 0x04, 0x9B, 0x96, 0x8B,
    0x64, 0x83, 0xA6, 0x26, 0xF8, 0x9F, 0x3F, 0x65, 0xF9, 0xB1, 0x20, 0xFC, 0xB5, 0xA1, 0xCA, 0x8D,
    0x8A, 0xCD, 0x11, 0xF9, 0xFD, 0xC0, 0x64, 0x01, 0x61, 0x39, 0xCD, 0xDB, 0xAF, 0xF4, 0x84, 0xEB,
    0x5E, 0x7E, 0x90, 0x1C, 0x10, 0x18, 0x56, 0x05, 0x5E, 0xC8, 0xD9, 0xE1, 0x93, 0xB0, 0xCD, 0x5A,
    0x99, 0x7F, 0xA2, 0x47, 0xD7, 0x58, 0x7F, 0x1C, 0x03, 0x2A, 0x35, 0x0D, 0xE8, 0xA7, 0x4C, 0xA6,
    0x5A, 0xF8, 0xA7, 0xE7, 0x66, 0xDB, 0x87, 0x8C, 0x27, 0x6B, 0x65, 0x32, 0x9A, 0xBE, 0x53, 0xD5,
    0x2B, 0x9A, 0xDC, 0x16, 0xB0, 0x2E, 0xEF, 0xB8, 0xD5, 0xDA, 0x28, 0x8E, 0x4E, 0x2C, 0x46, 0x63,
    0x98, 0xCF, 0x4F, 0x15, 0xB3, 0x85, 0xE6, 0xF8, 0x6A, 0x78, 0xE1, 0xDE, 0x61, 0x24, 0x0E, 0xFB,
    0x85, 0xC0, 0x75, 0xC4, 0xC6, 0xB0, 0x36, 0x10, 0xEC, 0xD7, 0x85, 0x64, 0xD9, 0xAF, 0x17, 0xC5,
    0xB8, 0x7B, 0x4C, 0x8C, 0xC6, 0xC3, 0x59, 0xBB, 0x59, 0x6B, 0x30, 0x19, 0xBE, 0xAC, 0x14, 0x9D,
    0xD5, 0x4E, 0x88, 0x0C, 0xC4, 0x19, 0x94, 0xAF, 0x03, 0x6F, 0x2B, 0x64, 0x78, 0xE6, 0xA1, 0xC6,
    0x76, 0x80, 0xFF, 0x01, 0xD0, 0x49, 0xF9, 0xD9, 0x10, 0x61, 0x90, 0x12, 0x95, 0x77, 0xF8, 0x4A,
    0xDD, 0xE3, 0xB7, 0xAC, 0xCB, 0x45, 0xA3, 0x10, 0xD9, 0xAA, 0x90, 0x6E, 0xAA, 0x03, 0xDA, 0x35,
    0x09, 0x5E, 0x07, 0xF8, 0xFF, 0xF8, 0x94, 0x45, 0x9F, 0xC9, 0x1A, 0xB4, 0xBE, 0xE5, 0xA2, 0xF6,
    0x57, 0x83, 0xEF, 0x63, 0xF9, 0x19, 0xCE, 0x7D, 0xCB, 0x46, 0x0B, 0x92, 0x8F, 0x25, 0x26, 0x0F,
    0xD1, 0x83, 0xD7, 0xED, 0x34, 0x23, 0xE1, 0x16, 0x23, 0x65, 0x5E, 0xC0, 0x44, 0xB8, 0x32, 0xBF,
    0x08, 0x4D, 0xF9, 0xFB, 0xDE, 0x16, 0x7C, 0x3D, 0x7F, 0xF5, 0xA3, 0xFD, 0x34, 0xDA, 0xFF, 0x0F,
    0xED, 0x7D, 0x3D, 0x8C, 0xE5, 0xC6, 0xB5, 0xE6, 0x21, 0xA9, 0x1E, 0x02, 0x22, 0x16, 0x54, 0xA0,
    0x91, 0xBD, 0x9A, 0x80, 0xC9, 0x06, 0xB6, 0x80, 0x5D, 0xA6, 0x0E, 0xA4, 0x21, 0xB1, 0x0E, 0x1C,
    0x38, 0xF0, 0x04, 0x6E, 0x18, 0x58, 0x05, 0x4A, 0x05, 0x25, 0x93, 0xEE, 0x02, 0x92, 0x48, 0xAF,
    0xB1, 0xB1, 0x26, 0x58, 0x3B, 0xF5, 0x04, 0xB3, 0x80, 0xDC, 0x0A, 0x26, 0x75, 0x20, 0x99, 0x5C,
    0x3B, 0xD8, 0xC0, 0x81, 0x09, 0xC8, 0x8B, 0x0D, 0x45, 0x60, 0xA5, 0xE0, 0x3D, 0x07, 0xE2, 0x7B,
    0xA6, 0x61, 0x8E, 0x44, 0xF2, 0x7B, 0x5D, 0xE7, 0x7C, 0x85, 0x7B, 0x6F, 0xFF, 0x8C, 0x7A, 0xE0,
    0xE9, 0x99, 0x69, 0xCD, 0x2D, 0xF4, 0xAD, 0xEF, 0xEB, 0xDB, 0xB7, 0xAB, 0x58, 0xE7, 0x7C, 0x55,
    0xAC, 0x3F, 0xD6, 0x15, 0x49, 0x00, 0xD4, 0x22, 0x22, 0x29, 0x80, 0x76, 0x87, 0x3C, 0x34, 0x1C,
    0x11, 0x43, 0x90, 0x44, 0xA8, 0x8D, 0xC4, 0xFE, 0xBF, 0x13, 0x74, 0x46, 0xD2, 0xA6, 0x37, 0x92,
    0x55, 0x83, 0x91, 0x22, 0x1F, 0x49, 0xD2, 0xC9, 0xC8, 0x27, 0xE9, 0x6C, 0x64, 0x4E, 0x16, 0xC5,
    0x60, 0x8E, 0x60, 0x39, 0x8C, 0x24, 0xD1, 0x10, 0x5A, 0x1E, 0x71, 0x2F, 0xBC, 0xD4, 0x4E, 0xD0,
    0x29, 0x69, 0xA5, 0xD2, 0x3C, 0xF2, 0x5A, 0x0A, 0xCD, 0xA3, 0x10, 0xB1, 0x3C, 0x2A, 0x91, 0x6C,
    0xD6, 0x1C, 0x44, 0x52, 0x25, 0xEB, 0xE1, 0xE1, 0x5B, 0x2E, 0x8F, 0x00, 0x2E, 0xE8, 0xA5, 0x7B,
    0x32, 0x88, 0x68, 0x1E, 0x89, 0x4B, 0x0C, 0xAD, 0x26, 0x2C, 0x9A, 0x47, 0xE6, 0x88, 0x2B, 0x47,
    0x5E, 0x8A, 0x68, 0x1E, 0x85, 0x66, 0x33, 0x6A, 0x0E, 0x96, 0x07, 0x48, 0x02, 0x25, 0xF9, 0x2A,
    0xB1, 0x5E, 0x5D, 0x85, 0x5A, 0x93, 0xCF, 0x81, 0x05, 0x9E, 0x48, 0x03, 0x4C, 0xE2, 0xE2, 0x99,
    0xF1, 0x59, 0xE1, 0xC0, 0x65, 0x76, 0x43, 0x3D, 0x04, 0x60, 0x94, 0x08, 0x7F, 0xBE, 0xBD, 0x48,
    0x8C, 0x63, 0x22, 0xF1, 0xE2, 0x32, 0x8A, 0x5D, 0xBE, 0x65, 0xE8, 0xE2, 0x5A, 0xDE, 0xD6, 0x98,
    0x97, 0xBE, 0x1D, 0x5F, 0x3F, 0x42, 0x2B, 0x19, 0x80, 0x36, 0xC0, 0xFA, 0xBF, 0xD0, 0x26, 0x28,
    0x05, 0xAD, 0x5E, 0x73, 0x5B, 0x0C, 0x2E, 0xAE, 0x7A, 0x8D, 0xBB, 0x9D, 0x38, 0xD4, 0xF7, 0x23,
    0xFD, 0x4C, 0x82, 0x36, 0x9F, 0xE4, 0x8D, 0xAA, 0x4D, 0xF1, 0xD1, 0x54, 0x8C, 0x31, 0xD0, 0x17,
    0x90, 0x06, 0x65, 0x01, 0x39, 0xF8, 0xA9, 0xEC, 0x84, 0xB8, 0x95, 0xB4, 0x54, 0xD2, 0x49, 0xA6,
    0x24, 0x9A, 0xA4, 0xA1, 0x5E, 0xB0, 0x2A, 0x11, 0xF8, 0x32, 0xE7, 0xA0, 0x3C, 0x82, 0xDF, 0x5C,
    0x9A, 0xDE, 0xF6, 0x7A, 0xB3, 0xF0, 0xBA, 0xC8, 0x6F, 0x45, 0x6E, 0x8A, 0x4C, 0x22, 0x45, 0x1D,
    0x8F, 0xE2, 0x54, 0x31, 0x88, 0x24, 0x5A, 0xE7, 0x43, 0x68, 0x4A, 0xAF, 0xDE, 0xBB, 0xEA, 0x3A,
    0xDC, 0xAB, 0xE5, 0x71, 0xA8, 0x25, 0x98, 0x14, 0xB4, 0x24, 0x34, 0x48, 0x49, 0x02, 0x62, 0xB0,
    0x90, 0x84, 0x9E, 0x44, 0x9E, 0x84, 0xAB, 0x27, 0xB8, 0xF3, 0x92, 0x31, 0x80, 0x16, 0xAE, 0x3C,
    0xB9, 0x86, 0x3B, 0x57, 0x48, 0x5D, 0x6A, 0x10, 0x5A, 0xA3, 0x70, 0x97, 0xC0, 0x46, 0x6D, 0xA5,
    0x05, 0x7C, 0xA9, 0xA9, 0xBB, 0x00, 0xDD, 0x4B, 0xBE, 0xD4, 0x52, 0x68, 0xAC, 0xE5, 0x15, 0x09,
    0x4C, 0xA8, 0xE9, 0xAA, 0x90, 0x6B, 0xB2, 0x94, 0x86, 0x34, 0x2D, 0xD3, 0x64, 0xBB, 0xA9, 0x62,
    0xED, 0x15, 0x5E, 0x2C, 0xE5, 0x54, 0x08, 0x1A, 0x8C, 0xA2, 0x5E, 0x43, 0x2D, 0x01, 0xBE, 0x7A,
    0x13, 0x83, 0xB8, 0x82, 0x37, 0x93, 0xA6, 0x9B, 0xCF, 0xAA, 0x8B, 0x74, 0x56, 0x0B, 0x25, 0x26,
    0xDB, 0x78, 0x88, 0x15, 0x6A, 0xAA, 0x99, 0xEA, 0xCE, 0x0C, 0x72, 0x83, 0x62, 0xDA, 0x81, 0xF1,
    0xC2, 0x30, 0x6D, 0x43, 0xBE, 0x93, 0x74, 0xCA, 0xFC, 0x56, 0x56, 0xC1, 0xED, 0xBA, 0x19, 0xAA,
    0x23, 0xFF, 0x83, 0xA8, 0x9D, 0x3E, 0x96, 0x6A, 0x16, 0x09, 0x27, 0xC9, 0x70, 0x47, 0x6E, 0x8F,
    0x12, 0x03, 0x40, 0xAF, 0x77, 0x4A, 0x94, 0xDA, 0x5C, 0x69, 0x66, 0xD7, 0xD5, 0x8E, 0xAC, 0xF7,
    0xF9, 0x4C, 0x2B, 0x52, 0x0E, 0x54, 0x7A, 0x34, 0x6B, 0x5E, 0xFA, 0x76, 0xA6, 0x39, 0xFD, 0xFB,
    0xD3, 0x46, 0x2C, 0xF5, 0x02, 0x50, 0xAB, 0x21, 0x27, 0x11, 0x7C, 0x9E, 0x41, 0x42, 0x94, 0x11,
    0x4A, 0x55, 0x60, 0x9D, 0xAA, 0xF6, 0xD2, 0x51, 0x04, 0x92, 0x0F, 0x22, 0x13, 0x33, 0x62, 0xDC,
    0x5F, 0x38, 0x1E, 0x7C, 0xEC, 0x9B, 0x80, 0x6C, 0xF2, 0x96, 0x09, 0x4B, 0xE7, 0x96, 0xA4, 0x0E,
    0xD1, 0x4B, 0x55, 0x0B, 0x7C, 0x75, 0x9C, 0xF5, 0xDA, 0x3A, 0x16, 0x94, 0xB0, 0xB1, 0x66, 0x01,
    0x85, 0x8A, 0x95, 0xA2, 0xEA, 0xB4, 0x16, 0xA6, 0x83, 0x96, 0x5A, 0x4B, 0x9F, 0xB5, 0xF2, 0xBB,
    0x63, 0xF8, 0xBE, 0xC8, 0xAB, 0x7B, 0xFD, 0x9C, 0xD6, 0xCF, 0xC1, 0xAD, 0x2D, 0xF9, 0x68, 0xD2,
    0x80, 0x26, 0xE8, 0xAA, 0x62, 0x3C, 0xE5, 0xAE, 0xFC, 0xBD, 0xBB, 0x57, 0x16, 0x65, 0x30, 0x8B,
    0x7C, 0x4F, 0x2D, 0x79, 0x95, 0xF5, 0x13, 0x8D, 0x67, 0x58, 0x93, 0xC0, 0x37, 0xE3, 0x49, 0x1E,
    0x16, 0xF6, 0xC2, 0x61, 0xB3, 0x4C, 0x07, 0x30, 0x3F, 0xC6, 0x99, 0x6F, 0x72, 0x76, 0xC3, 0x15,
    0x96, 0xCC, 0xCB, 0x22, 0x2F, 0x88, 0x76, 0x1C, 0x3F, 0xD6, 0xF6, 0x44, 0xEF, 0x4B, 0xC9, 0x98,
    0xF5, 0xDA, 0xD6, 0x54, 0xD6, 0xDA, 0xA2, 0xD4, 0xFB, 0x97, 0xD9, 0xB8, 0x98, 0xE5, 0xEC, 0xBE,
    0xE4, 0x5E, 0x39, 0x34, 0x27, 0xAD, 0xA9, 0xC6, 0xA4, 0x2D, 0xD5, 0x94, 0xB4, 0x24, 0x0D, 0x59,
    0xCC, 0x34, 0xE3, 0x95, 0xD6, 0xCF, 0x4B, 0x5A, 0x66, 0xED, 0xE7, 0x06, 0xF4, 0x55, 0x1D, 0x0F,
    0x4A, 0xD2, 0x3E, 0xEF, 0x94, 0xC4, 0x73, 0x53, 0xFB, 0x31, 0xA2, 0x58, 0xC0, 0x4C, 0x52, 0x4D,
    0x24, 0xAF, 0xDD, 0x95, 0x33, 0xC3, 0x6B, 0x47, 0x47, 0x47, 0xBF, 0xD1, 0xCE, 0x2F, 0x00, 0x3C,
    0x10, 0x91, 0x57, 0x1C, 0x41, 0x67, 0x7E, 0x0D, 0x31, 0xB1, 0xA3, 0x95, 0x81, 0x05, 0x88, 0x50,
    0x1B, 0x09, 0xD0, 0x19, 0x91, 0x66, 0x20, 0x29, 0x26, 0x92, 0x6C, 0x26, 0x49, 0x17, 0x4F, 0x56,
    0x92, 0x04, 0x24, 0xF1, 0x86, 0x94, 0x46, 0xA2, 0x7F, 0x8C, 0xC4, 0x38, 0x99, 0x05, 0x33, 0xE5,
    0x65, 0xF0, 0xC2, 0x4E, 0x5C, 0x6A, 0x35, 0x90, 0xA0, 0xF7, 0x05, 0x6C, 0x8D, 0xA4, 0xB0, 0xCF,
    0x05, 0xCD, 0xEC, 0x4A, 0xBB, 0x1E, 0xDD, 0x47, 0x4F, 0x43, 0xAD, 0x42, 0x72, 0x87, 0x3D, 0x7D,
    0x2C, 0x21, 0x88, 0x2A, 0xFC, 0x6A, 0x89, 0x66, 0x73, 0xB6, 0xDD, 0x34, 0x92, 0xC5, 0xDC, 0x16,
    0x2F, 0x49, 0x47, 0xAC, 0x0D, 0x53, 0x31, 0x54, 0x20, 0x1E, 0x18, 0xC6, 0x98, 0x14, 0x0B, 0xE0,
    0x47, 0x0E, 0x01, 0xFC, 0xBF, 0x63, 0x8C, 0xD0, 0xC5, 0x7F, 0x5F, 0xAC, 0x98, 0xCD, 0x62, 0x75,
    0xBA, 0x60, 0x01, 0xB3, 0x45, 0xC5, 0xA6, 0x05, 0x2E, 0x86, 0x0D, 0x26, 0xDB, 0xD8, 0x5B, 0x3E,
    0x1E, 0x2B, 0x62, 0x71, 0x1A, 0x77, 0xFF, 0x8F, 0xE9, 0xE5, 0x44, 0x9F, 0x9F, 0xCF, 0x3F, 0x59,
    0x5D, 0xB9, 0x55, 0x21, 0xE1, 0x5F, 0xA1, 0x26, 0x6B, 0x3E, 0x75, 0x16, 0xAA, 0x80, 0x1F, 0xC2,
    0xE9, 0x1D, 0x8B, 0x69, 0xF4, 0xB0, 0x7C, 0x16, 0xB5, 0x57, 0x00, 0x98, 0x77, 0xC8, 0x6B, 0xF7,
    0xD7, 0xA3, 0x0F, 0xAF, 0x80, 0xF6, 0x36, 0x60, 0x1E, 0x60, 0xAE, 0xAA, 0xBB, 0x8D, 0xAC, 0x52,
    0x6B, 0x66, 0x08, 0x07, 0x87, 0x6F, 0xAE, 0x87, 0xFC, 0x1B, 0x81, 0xC2, 0xA3, 0xEE, 0x28, 0xBB,
    0x00, 0xC0, 0xA7, 0x0B, 0x45, 0x47, 0xCD, 0xD1, 0xE5, 0x54, 0x00, 0x05, 0x41, 0x7D, 0x50, 0x2E,
    0x54, 0x0F, 0xC5, 0xF4, 0x50, 0xE0, 0x3F, 0x10, 0x98, 0x58, 0x36, 0x8A, 0x64, 0x96, 0x51, 0xBE,
    0x50, 0x5A, 0x54, 0x96, 0x17, 0x16, 0x75, 0x45, 0x59, 0x51, 0x55, 0x7A, 0xBD, 0xC3, 0x19, 0x28,
    0xE7, 0x35, 0x80, 0x2E, 0xDC, 0x35, 0x8B, 0x62, 0xA0, 0x04, 0x07, 0x3A, 0x69, 0x30, 0x01, 0xC6,
    0x03, 0xDD, 0x43, 0x0C, 0x47, 0xCA, 0x70, 0x17, 0x35, 0x3C, 0x32, 0x02, 0x98, 0x88, 0xB3, 0xC3,
    0xF5, 0xE8, 0xE8, 0x9E, 0xFF, 0xFB, 0x3F, 0x8A, 0x19, 0xB1, 0x38, 0x07, 0x1B, 0x2B, 0x67, 0x08,
    0xD5, 0xD8, 0xB1, 0xC8, 0x68, 0x07, 0x8F, 0xCE, 0xEC, 0x17, 0x99, 0x70, 0xF5, 0x77, 0xD5, 0xD2,
    0x4F, 0x8C, 0x35, 0x0F, 0x6E, 0x2F, 0x12, 0xA2, 0x8E, 0x20, 0xD1, 0x2A, 0x82, 0x3A, 0x71, 0xFF,
    0xDE, 0xA6, 0x93, 0x6B, 0x6E, 0x9C, 0x6F, 0x8B, 0x21, 0x1F, 0x5C, 0x5C, 0x6C, 0xC7, 0x00, 0x60,
    0xF1, 0x48, 0x7E, 0xF6, 0xFD, 0x94, 0x71, 0x36, 0xB2, 0x4B, 0x43, 0xA1, 0x07, 0x6D, 0x04, 0x91,
    0xB8, 0x75, 0xAD, 0x43, 0xD5, 0x4A, 0x83, 0xFB, 0xAE, 0x7A, 0x02, 0x8B, 0x5E, 0x5B, 0xEF, 0xEF,
    0xAA, 0x3E, 0x04, 0x83, 0x44, 0x9A, 0xF2, 0x24, 0x71, 0xE7, 0x70, 0xD5, 0x09, 0x21, 0x2D, 0x72,
    0xAD, 0xB9, 0x00, 0xEC, 0xBD, 0xB0, 0xD4, 0xEF, 0xD4, 0x8F, 0xAC, 0xA0, 0xBD, 0x82, 0x18, 0xDE,
    0xD0, 0x5E, 0x5B, 0xA1, 0x53, 0xA8, 0x79, 0x1B, 0x8F, 0x22, 0xA9, 0x9F, 0x42, 0xED, 0xD8, 0x77,
    0x63, 0x7F, 0xED, 0x2A, 0x2B, 0x2B, 0xA7, 0x42, 0xAA, 0xDE, 0xB0, 0x19, 0x4E, 0x20, 0xDF, 0x2F,
    0x5A, 0x39, 0x15, 0x1E, 0x59, 0x59, 0x7B, 0x65, 0x71, 0x4E, 0x71, 0xD4, 0x78, 0xF2, 0xB1, 0x7F,
    0x27, 0xA3, 0xB1, 0xE5, 0x8A, 0xB7, 0x59, 0x7B, 0x25, 0x5C, 0xA8, 0x8D, 0x79, 0xDF, 0x80, 0xB3,
    0x34, 0xD4, 0xC6, 0xA6, 0xAA, 0x55, 0xB5, 0x61, 0x53, 0x9E, 0x40, 0xFF, 0xF7, 0xF1, 0x05, 0xC5,
    0x02, 0x1C, 0xC1, 0x12, 0x83, 0xE6, 0xF3, 0xAB, 0xA4, 0x16, 0x88, 0x08, 0x07, 0x8B, 0x36, 0xE4,
    0x48, 0x87, 0x4D, 0x5D, 0x60, 0x3C, 0x6C, 0x8D, 0x46, 0xFD, 0x62, 0xC9, 0xD6, 0x1C, 0x04, 0x8B,
    0x7B, 0x4B, 0x54, 0x43, 0x71, 0x6F, 0xF7, 0xC6, 0xBC, 0xB5, 0xF1, 0x67, 0x63, 0x0D, 0xDD, 0xFF,
    0x5F, 0x76, 0xAC, 0x14, 0x61, 0x50, 0x0C, 0x41, 0xB3, 0x1F, 0xED, 0xEF, 0x95, 0x8F, 0xAE, 0x63,
    0x0E, 0xF8, 0xDF, 0x13, 0x99, 0x45, 0x72, 0x1D, 0xEA, 0xA7, 0x43, 0xDE, 0x71, 0x90, 0xEF, 0x47,
    0xF8, 0x58, 0x38, 0xB6, 0xE7, 0xC0, 0xFE, 0x6A, 0xF7, 0xC5, 0x0E, 0x0D, 0x74, 0x2C, 0xA5, 0x21,
    0x41, 0xEB, 0x9D, 0xE5, 0xEF, 0x96, 0x9F, 0x8D, 0x46, 0x9A, 0x1F, 0xB2, 0x4E, 0x2E, 0x02, 0x31,
    0x89, 0xF3, 0x96, 0x7B, 0xAD, 0x76, 0x3F, 0x67, 0x87, 0xDB, 0x58, 0xCB, 0x8D, 0xF3, 0x55, 0xE7,
    0xBF, 0x52, 0x4B, 0xC6, 0xA8, 0x25, 0xD5, 0x21, 0xD7, 0xAC, 0xCA, 0x65, 0x61, 0x1C, 0x41, 0x6B,
    0x4D, 0x43, 0x88, 0xD2, 0xDA, 0x8E, 0x48, 0x33, 0xFC, 0x6F, 0x36, 0xCC, 0xE5, 0x10, 0x8B, 0x24,
    0x9B, 0x49, 0x72, 0x4F, 0x8A, 0xE9, 0x14, 0x19, 0x2F, 0x48, 0x8E, 0xEB, 0x47, 0xE9, 0x48, 0x00,
    0xA0, 0xD5, 0x7F, 0xBF, 0x8F, 0xB5, 0x54, 0x12, 0x61, 0x60, 0x16, 0xE8, 0x98, 0x29, 0x5A, 0x77,
    0x19, 0x24, 0x2B, 0x49, 0x0C, 0x92, 0x08, 0xA5, 0x91, 0x00, 0xAD, 0x11, 0x69, 0x06, 0x92, 0x62,
    0x26, 0x49, 0x51, 0x1B, 0x09, 0xB1, 0x1E, 0xBE, 0xE9, 0x88, 0xC9, 0x91, 0x32, 0xA2, 0x0F, 0x0E,
    0x0E, 0x6F, 0x19, 0x1A, 0x14, 0xF3, 0xF6, 0x60, 0x13, 0xB0, 0x35, 0xBC, 0xA6, 0x16, 0x9D, 0xF9,
    0xEF, 0x74, 0x7E, 0x2A, 0x19, 0xC4, 0xCF, 0xFD, 0xCB, 0xDB, 0x3A, 0xFF, 0xBF, 0x1D, 0x5E, 0x56,
    0xA9, 0x06, 0xA8, 0x5D, 0xBE, 0x3F, 0xE6, 0x0A, 0x24, 0x3A, 0x69, 0x3E, 0xCF, 0x96, 0xB4, 0x15,
    0x94, 0xD1, 0x72, 0xCD, 0x19, 0x3D, 0x84, 0x2D, 0x8E, 0xA2, 0xB4, 0xE5, 0xCC, 0x5A, 0x92, 0x2D,
    0x68, 0x3D, 0xF0, 0x6F, 0xB1, 0x7D, 0x32, 0x5A, 0x75, 0x15, 0x2B, 0x30, 0xC5, 0x4B, 0xD3, 0xA9,
    0xB5, 0x72, 0x1B, 0x09, 0x26, 0x56, 0xB6, 0xFC, 0x7F, 0x68, 0x51, 0xDE, 0x13, 0x0D, 0xD4, 0x15,
    0x81, 0x9E, 0x05, 0xE0, 0xDA, 0xFE, 0x06, 0x7E, 0xBE, 0x10, 0x83, 0xC1, 0x2C, 0x21, 0x8E, 0x8E,
    0xE0, 0x86, 0xA9, 0x2A, 0x88, 0xA2, 0xD5, 0x25, 0xCC, 0xAA, 0xD4, 0x3C, 0x1B, 0x03, 0xB8, 0x94,
    0x56, 0x41, 0xA9, 0x8B, 0x9C, 0xCE, 0x36, 0xD1, 0xEC, 0xEA, 0x82, 0x24, 0xA3, 0xEA, 0xAC, 0xEA,
    0x25, 0xC5, 0x2F, 0xEF, 0x3B, 0x0B, 0x50, 0x98, 0x37, 0xF0, 0x55, 0x29, 0xDB, 0x21, 0x6A, 0x25,
    0xAD, 0x95, 0xF4, 0x9B, 0x1D, 0x21, 0x95, 0x43, 0xD5, 0x07, 0x2B, 0xC5, 0x66, 0x47, 0xC8, 0x60,
    0x24, 0x38, 0x2A, 0x65, 0x5F, 0x17, 0x2E, 0xBB, 0x2E, 0x6C, 0x06, 0x36, 0xBF, 0x15, 0x8E, 0x6C,
    0xB4, 0xD1, 0x1E, 0xCD, 0xBC, 0x94, 0x1A, 0xE7, 0xF8, 0xFD, 0xAC, 0xFE, 0xC5, 0x2B, 0xC1, 0xBE,
    0x12, 0xFC, 0x4E, 0x28, 0x67, 0xD4, 0x46, 0x42, 0xB4, 0x27, 0x48, 0xE0, 0x89, 0x34, 0x72, 0x3A,
    0xEC, 0x2B, 0xC1, 0xE5, 0x57, 0x82, 0xA4, 0x3F, 0x7F, 0x49, 0x88, 0x6F, 0xA6, 0xBD, 0xEC, 0x84,
    0x8B, 0x57, 0x82, 0x7D, 0x25, 0xD8, 0x6B, 0xF6, 0x12, 0x34, 0x7B, 0x3A, 0xA8, 0x89, 0x48, 0x14,
    0x54, 0x6A, 0x24, 0x33, 0x49, 0x3C, 0x92, 0x24, 0x83, 0x27, 0x2D, 0x49, 0x5A, 0x9F, 0xDA, 0xFB,
    0x67, 0x50, 0xEC, 0x8C, 0x4D, 0x17, 0xCB, 0x62, 0xDE, 0x4E, 0x37, 0x99, 0x14, 0xD2, 0xE9, 0xD1,
    0x6F, 0x11, 0xFB, 0xDA, 0x71, 0xDD, 0x90, 0x4B, 0x28, 0x74, 0xE0, 0x40, 0x16, 0x61, 0x26, 0x4B,
    0xBF, 0x5E, 0xC9, 0xF2, 0xCE, 0x3B, 0xBA, 0x2A, 0xF3, 0x96, 0x5E, 0xF1, 0x0E, 0x0D, 0xEE, 0x8A,
    0xDC, 0x3D, 0x7F, 0x32, 0xEE, 0x37, 0xF2, 0xE2, 0xB1, 0xB0, 0xEB, 0x02, 0x58, 0x6C, 0xBB, 0xF7,
    0x2B, 0xAE, 0xDC, 0x07, 0x0D, 0x1E, 0x94, 0x52, 0x2C, 0x6A, 0xB1, 0x9A, 0xF5, 0x27, 0xE2, 0x92,
    0xD5, 0x93, 0x64, 0xD0, 0xB0, 0xCB, 0xD6, 0xE3, 0x0B, 0xFE, 0x68, 0xF3, 0xB9, 0xA7, 0xC0, 0x68,
    0x0D, 0xD6, 0xD5, 0x04, 0x25, 0xE7, 0x7A, 0x6F, 0xA3, 0x97, 0x8D, 0x25, 0x37, 0xCC, 0x39, 0x95,
    0xB5, 0xB4, 0x1A, 0x0D, 0x31, 0xD3, 0xB1, 0x2B, 0x57, 0xAA, 0xA0, 0x98, 0x0E, 0x55, 0xAB, 0x2E,
    0x6D, 0xD3, 0x5E, 0xEB, 0x18, 0xA7, 0x7E, 0xEE, 0xE9, 0x70, 0xE3, 0x64, 0x28, 0x30, 0xEC, 0x60,
    0x40, 0x94, 0x82, 0x98, 0x3F, 0x3A, 0xBE, 0x6C, 0x98, 0xA1, 0x57, 0x6C, 0xB0, 0x38, 0xFC, 0x57,
    0x68, 0x01, 0xF3, 0xBF, 0x77, 0xBA, 0x6B, 0x36, 0x07, 0xF7, 0x98, 0x72, 0x09, 0x35, 0x9F, 0x89,
    0x93, 0xA5, 0x95, 0x8F, 0x3A, 0x7A, 0x56, 0xFE, 0x24, 0xB1, 0x98, 0xB8, 0xAF, 0x75, 0x2D, 0x25,
    0x5B, 0xCB, 0x02, 0x18, 0x25, 0xC3, 0xE8, 0xF1, 0x71, 0xEB, 0xFD, 0xFA, 0xED, 0xE5, 0xF0, 0xF0,
    0xF0, 0x67, 0x38, 0x2C, 0x0B, 0x30, 0xB4, 0x1B, 0xF6, 0xFC, 0xEA, 0xFD, 0x51, 0x75, 0x59, 0xB0,
    0x0D, 0x34, 0x74, 0x76, 0xFD, 0xDB, 0xE1, 0xAD, 0xAB, 0xAF, 0xCF, 0x0B, 0xEB, 0x52, 0x9F, 0x76,
    0x48, 0xD0, 0x05, 0x43, 0x8E, 0x39, 0x1C, 0x8A, 0xFB, 0xB8, 0xDF, 0xBD, 0x1B, 0x02, 0xED, 0x6F,
    0x6D, 0x47, 0xE7, 0xB5, 0xAD, 0x1B, 0xA8, 0xEA, 0xB7, 0x4C, 0x01, 0x94, 0x4E, 0xB5, 0x22, 0x29,
    0x4A, 0x6E, 0x46, 0x8A, 0xD7, 0xA7, 0x1E, 0x41, 0xB8, 0xCE, 0x5F, 0xA1, 0x13, 0xBD, 0x48, 0x8D,
    0xE4, 0x1D, 0xFD, 0x63, 0x2F, 0x53, 0x8A, 0x55, 0xC6, 0xFC, 0x23, 0xFC, 0x65, 0xB8, 0x19, 0x00,
    0xDD, 0xEB, 0x92, 0xA1, 0x3E, 0xEB, 0x71, 0x8F, 0x00, 0xA6, 0xB2, 0x5A, 0xE4, 0x2D, 0x17, 0x85,
    0x2E, 0x92, 0xCB, 0x8C, 0x38, 0x02, 0xBB, 0xA1, 0xBB, 0xCE, 0x81, 0x4E, 0x23, 0xA7, 0x69, 0xFF,
    0x3A, 0x79, 0xE7, 0x74, 0xEF, 0x69, 0xEB, 0x51, 0x2C, 0xA6, 0xB0, 0x6C, 0x7A, 0x42, 0x2F, 0xA7,
    0xE6, 0x59, 0x4D, 0xE4, 0xAF, 0x0D, 0xC0, 0x08, 0x60, 0x62, 0x05, 0xDA, 0x09, 0x99, 0x8A, 0x6C,
    0x92, 0x03, 0x4C, 0x56, 0x03, 0xD2, 0xC7, 0xF6, 0xD2, 0x72, 0x07, 0xCD, 0xE6, 0x3A, 0xC4, 0x76,
    0x06, 0xBE, 0x9B, 0x8B, 0xCC, 0x59, 0x17, 0x4D, 0x29, 0x30, 0xC4, 0x40, 0x2F, 0x40, 0xC9, 0x7E,
    0xE0, 0xB3, 0x67, 0x3F, 0x5E, 0xF7, 0xBB, 0x22, 0xD3, 0x4D, 0x09, 0x46, 0xB7, 0x1D, 0x2D, 0x03,
    0xFA, 0x14, 0x68, 0x75, 0x76, 0xFA, 0xD5, 0xBB, 0x4F, 0xCD, 0x9E, 0xCF, 0x9C, 0x9D, 0x02, 0x77,
    0x9D, 0x9D, 0x3D, 0xFE, 0x01, 0xEB, 0x2D, 0x87, 0xFE, 0xE5, 0x7E, 0x77, 0x0F, 0x78, 0x00, 0x83,
    0x14, 0x18, 0xF4, 0x09, 0x87, 0xBC, 0xB6, 0x96, 0x18, 0x83, 0xBE, 0x94, 0x9F, 0xB5, 0x50, 0xCC,
    0x26, 0xA3, 0x42, 0x2F, 0xDF, 0x41, 0xCF, 0xCF, 0x3D, 0xC6, 0x57, 0xE3, 0x2E, 0x67, 0x11, 0xD6,
    0x13, 0x5D, 0x01, 0xD2, 0x32, 0xAC, 0x36, 0x74, 0xB1, 0x7D, 0x97, 0x22, 0x89, 0xC3, 0x59, 0xF7,
    0x50, 0x95, 0x11, 0xD0, 0x8A, 0x7B, 0xDD, 0x58, 0x4B, 0x9D, 0x12, 0xC8, 0xD4, 0x3F, 0xF4, 0xC1,
    0xBC, 0xB3, 0xAB, 0xF7, 0x59, 0xD5, 0xF5, 0x93, 0xB4, 0xA9, 0x2B, 0xBB, 0xDE, 0x9C, 0x5C, 0xC6,
    0xDA, 0xEC, 0x3B, 0x2B, 0x1C, 0x34, 0xF8, 0x27, 0x51, 0x53, 0xA4, 0x28, 0xCD, 0x1E, 0x89, 0xEF,
    0x5E, 0xC4, 0xEB, 0x73, 0x41, 0x66, 0x92, 0x82, 0xC4, 0x39, 0x48, 0x89, 0xD6, 0xA8, 0x1D, 0xA2,
    0xE1, 0x21, 0x24, 0x59, 0x48, 0xD2, 0x79, 0x87, 0x30, 0x3F, 0x76, 0xB2, 0x48, 0xD0, 0x19, 0xBE,
    0x85, 0x52, 0x31, 0xC4, 0x24, 0x46, 0xD6, 0xD2, 0x6F, 0xEC, 0xA8, 0x4A, 0xAB, 0x9E, 0xAD, 0x60,
    0xD0, 0x2D, 0x88, 0x04, 0xBE, 0x59, 0xB4, 0xFA, 0x91, 0x6F, 0x08, 0xAC, 0xBC, 0x0D, 0x5A, 0xA7,
    0x35, 0xA0, 0x75, 0x72, 0x7B, 0x13, 0x2D, 0x53, 0x31, 0xB1, 0x3C, 0x6D, 0x68, 0x06, 0x07, 0x4E,
    0xB0, 0xC7, 0x00, 0x60, 0xDC, 0x80, 0xB8, 0x70, 0x26, 0x80, 0x50, 0x6F, 0x41, 0xC0, 0x8D, 0xDF,
    0x06, 0xC9, 0xAC, 0xEF, 0x35, 0x23, 0x9F, 0x24, 0x54, 0x78, 0x60, 0x8B, 0x80, 0xEC, 0x52, 0x44,
    0xAE, 0xF2, 0xA5, 0x3A, 0x7F, 0xF0, 0xF5, 0x2C, 0x52, 0xFD, 0xF7, 0x55, 0xC4, 0x4D, 0x18, 0x44,
    0xA3, 0x64, 0x6D, 0x58, 0x4B, 0x78, 0x67, 0x6B, 0xCE, 0xE6, 0xB8, 0x02, 0xDD, 0xD1, 0xAE, 0x47,
    0xA0, 0xB3, 0x63, 0x11, 0x3A, 0xA6, 0x12, 0xA0, 0xBE, 0x22, 0x51, 0x88, 0x92, 0x51, 0x04, 0x2F,
    0xDE, 0x74, 0xE6, 0x3C, 0xDA, 0x2B, 0xAE, 0x40, 0x0D, 0x9C, 0x89, 0xEF, 0x70, 0xF1, 0x4D, 0xBB,
    0xC7, 0x8D, 0x36, 0x5C, 0x12, 0xAD, 0x28, 0x93, 0xB1, 0x68, 0xB3, 0x2E, 0x1D, 0x0A, 0x09, 0xA7,
    0xB7, 0x4F, 0x0C, 0x7C, 0x13, 0xCC, 0xBA, 0x3E, 0x7F, 0xD0, 0xCC, 0x96, 0x68, 0xF2, 0x84, 0x5E,
    0xE9, 0xCC, 0x9B, 0x34, 0x57, 0xF5, 0x0B, 0x95, 0x93, 0xDC, 0x40, 0x29, 0xCD, 0x62, 0x85, 0xD1,
    0xE1, 0xE5, 0xAB, 0x6C, 0x00, 0x25, 0x67, 0x03, 0x28, 0xB1, 0x93, 0x5C, 0xB1, 0xB0, 0x42, 0xE6,
    0x33, 0x15, 0xA4, 0xDB, 0x01, 0x66, 0x92, 0x64, 0x20, 0xC9, 0x3A, 0x92, 0xA2, 0x24, 0x59, 0xC5,
    0x48, 0x34, 0x91, 0xA4, 0x3D, 0x49, 0xDE, 0x92, 0x34, 0x62, 0x24, 0x98, 0x49, 0xE2, 0x89, 0x24,
    0x5D, 0x48, 0x0A, 0x90, 0x00, 0xAD, 0x92, 0xAF, 0xBF, 0x46, 0xAF, 0x04, 0x3D, 0x46, 0x23, 0x75,
    0x35, 0x2B, 0x59, 0x25, 0x5F, 0x95, 0x38, 0x53, 0xF3, 0x32, 0x62, 0xB4, 0x46, 0x42, 0xF8, 0x4B,
    0xC5, 0x44, 0x52, 0x2D, 0x24, 0x39, 0x48, 0x52, 0xD4, 0x4A, 0x4C, 0xBE, 0x99, 0x16, 0x79, 0xE4,
    0xF0, 0xB1, 0x59, 0x38, 0x7A, 0x2C, 0x70, 0x47, 0x0D, 0x25, 0x09, 0x26, 0x23, 0x72, 0x7F, 0x92,
    0x87, 0x86, 0xCD, 0x44, 0xE6, 0x45, 0x66, 0x34, 0x7B, 0x92, 0xB4, 0xF5, 0xA4, 0xBE, 0xF4, 0xE9,
    0x13, 0x8F, 0x15, 0x16, 0xC5, 0x06, 0xAB, 0xE2, 0x0D, 0x7C, 0xAE, 0x18, 0xA1, 0x54, 0x8C, 0x67,
    0x51, 0x4C, 0x07, 0xC3, 0xBC, 0x35, 0x6C, 0x44, 0x31, 0x9C, 0x0D, 0xE3, 0xC1, 0x30, 0xEB, 0x0C,
    0x2B, 0x22, 0x06, 0xC5, 0xBF, 0x62, 0x52, 0xC4, 0x97, 0x8B, 0xE1, 0x8F, 0xA0, 0x38, 0x45, 0xA8,
    0x2D, 0x3D, 0x74, 0x4C, 0x97, 0xF9, 0x14, 0x93, 0x61, 0xB6, 0x18, 0x26, 0x30, 0x8C, 0xD0, 0xDA,
    0xE6, 0x6C, 0xF4, 0x12, 0x60, 0x55, 0x51, 0xEB, 0xF0, 0x34, 0x47, 0xA7, 0xA8, 0xB3, 0xF0, 0xE7,
    0x86, 0x7C, 0x24, 0x7A, 0x0B, 0x9E, 0xDC, 0xA8, 0x54, 0xEE, 0xAE, 0x68, 0x7D, 0x4C, 0x9C, 0x76,
    0xFD, 0xA1, 0x76, 0x73, 0xA8, 0x76, 0x7B, 0x05, 0xB4, 0x5B, 0x71, 0xD5, 0xED, 0x16, 0x1C, 0x52,
    0x92, 0xA0, 0x10, 0xE7, 0x5D, 0x73, 0x55, 0x34, 0x13, 0x0C, 0x58, 0x8F, 0x25, 0xF2, 0x8F, 0x46,
    0xD7, 0xE7, 0x4F, 0xDF, 0x0A, 0x7B, 0x0F, 0xF6, 0xA8, 0xC1, 0x3D, 0x33, 0xE4, 0xB2, 0xBB, 0xEC,
    0x91, 0x4D, 0x57, 0x00, 0x33, 0x62, 0x4E, 0x2C, 0xCE, 0xC1, 0x8A, 0x88, 0x0B, 0xEC, 0xA0, 0x3B,
    0xF8, 0xA9, 0x7D, 0xA8, 0x1A, 0xB8, 0xDA, 0x22, 0x12, 0xB1, 0xE3, 0x9E, 0xD5, 0x3B, 0xCF, 0x6E,
    0x56, 0x18, 0xF4, 0x15, 0x80, 0x6D, 0x7B, 0xFE, 0x54, 0x5E, 0xD4, 0xD2, 0x5A, 0x56, 0xC0, 0xEC,
    0x5E, 0x7B, 0x1F, 0x3F, 0xDC, 0xC7, 0x0F, 0x09, 0xC5, 0x40, 0xEC, 0xCF, 0xD9, 0x34, 0x69, 0x20,
    0x2B, 0x71, 0x26, 0x8E, 0xC4, 0x67, 0x5A, 0x17, 0xB2, 0x09, 0xFC, 0xFB, 0x60, 0xAD, 0xAE, 0xEF,
    0xB1, 0xFF, 0x8E, 0x25, 0x32, 0xF3, 0xB3, 0x6F, 0x72, 0xD7, 0x74, 0x94, 0xF7, 0xA6, 0xA3, 0xA2,
    0x35, 0x1D, 0x15, 0x9C, 0xF2, 0x2E, 0xE8, 0xA7, 0xF7, 0x89, 0x1F, 0x13, 0x47, 0xE2, 0xAD, 0x6F,
    0xAF, 0x8E, 0x2A, 0x0C, 0xC9, 0x74, 0x1C, 0xA5, 0x43, 0xE0, 0x22, 0x29, 0x86, 0xAC, 0x75, 0xF7,
    0x8F, 0xFA, 0x38, 0xCA, 0x9D, 0x85, 0x6F, 0xBA, 0xE8, 0x75, 0x17, 0xC9, 0xD3, 0x8D, 0xB4, 0x24,
    0x7A, 0xAB, 0x51, 0x1D, 0x68, 0xF4, 0x54, 0x5A, 0x89, 0xAC, 0x35, 0x2C, 0x06, 0xC3, 0xEA, 0x1C,
    0xCC, 0xBB, 0x67, 0xC1, 0xBB, 0xA2, 0x11, 0xFB, 0x78, 0xC5, 0xE3, 0x74, 0x49, 0x38, 0x1D, 0x47,
    0xC9, 0x7A, 0x1C, 0xA5, 0x60, 0x64, 0xBF, 0x46, 0xF3, 0xD5, 0xF1, 0xEE, 0x7F, 0x35, 0x0C, 0x27,
    0xC3, 0x7C, 0x54, 0x7C, 0x80, 0x5A, 0x11, 0xB3, 0x18, 0x76, 0x86, 0xCB, 0xCE, 0xA3, 0xB8, 0x11,
    0x0C, 0x73, 0x62, 0xF1, 0x6B, 0xC3, 0x1F, 0x3C, 0x21, 0xEF, 0x36, 0x18, 0xF4, 0x15, 0x60, 0x30,
    0xD5, 0x15, 0x8F, 0xFC, 0xFA, 0xAE, 0x14, 0xFF, 0x32, 0x49, 0x01, 0xF7, 0xEA, 0xA4, 0x58, 0x35,
    0x9D, 0x10, 0x83, 0xEE, 0x3F, 0x2C, 0x9A, 0x41, 0x7E, 0x70, 0x91, 0x74, 0xAA, 0x51, 0x42, 0xBD,
    0x1E, 0x4C, 0xEE, 0x25, 0xC2, 0x85, 0xDF, 0x9D, 0xC5, 0xFC, 0x00, 0xED, 0x89, 0x31, 0x4C, 0x3C,
    0x93, 0xA4, 0x03, 0x49, 0xDE, 0x92, 0xBC, 0x4F, 0x94, 0x7B, 0xE7, 0xAD, 0xE0, 0xDF, 0xB5, 0x39,
    0x83, 0x02, 0xB3, 0x4B, 0x11, 0x78, 0xC5, 0x69, 0x24, 0xB8, 0x8D, 0x2F, 0xA4, 0x00, 0x0F, 0xA1,
    0xC9, 0x35, 0xC7, 0xD9, 0xFC, 0x47, 0x32, 0x78, 0x32, 0x91, 0xFC, 0x7A, 0x21, 0xF9, 0x00, 0x24,
    0xBF, 0x40, 0x6D, 0xE4, 0xE7, 0xE8, 0x8C, 0xD4, 0x18, 0x48, 0x8A, 0x89, 0x24, 0x9F, 0x49, 0x52,
    0x90, 0x44, 0xA8, 0x8D, 0x84, 0x68, 0x8D, 0x08, 0x06, 0x92, 0x6A, 0x24, 0xC9, 0x67, 0x92, 0x14,
    0x24, 0x31, 0x4A, 0x23, 0x21, 0x5A, 0x23, 0x82, 0x9E, 0xA4, 0x1A, 0x49, 0xF2, 0x99, 0x24, 0x5D,
    0x49, 0x62, 0x90, 0x44, 0x9E, 0x88, 0x92, 0xD6, 0x29, 0x68, 0xD6, 0xDB, 0x21, 0x27, 0x45, 0x47,
    0xEB, 0x77, 0x17, 0x70, 0xA5, 0x49, 0x3C, 0x89, 0x66, 0x6E, 0x01, 0xDE, 0xDD, 0xF2, 0xD3, 0xD0,
    0x59, 0xA8, 0x15, 0xA2, 0x95, 0x9E, 0xA2, 0x90, 0x53, 0xFE, 0x39, 0x2F, 0x0D, 0xBF, 0x27, 0xE7,
    0x04, 0x97, 0x6C, 0x85, 0x3A, 0x47, 0xE7, 0xF0, 0x7F, 0xEB, 0x8D, 0xFB, 0x3B, 0xF8, 0x03, 0x00,
    0x97, 0xC9, 0x67, 0x75, 0x8C, 0x5A, 0x9C, 0xDC, 0x02, 0xBF, 0xF3, 0xA7, 0xE9, 0x78, 0x56, 0x53,
    0x4F, 0x59, 0x11, 0xC9, 0x9F, 0x28, 0x36, 0x8E, 0x8F, 0x72, 0x8D, 0xF3, 0x17, 0x0D, 0xE7, 0xF5,
    0x3D, 0x3E, 0x06, 0xED, 0xED, 0xB5, 0xF7, 0xF0, 0x50, 0xF4, 0x24, 0x55, 0x47, 0xD2, 0xB4, 0x9E,
    0x94, 0x24, 0x20, 0xCA, 0x4C, 0x0C, 0x26, 0x92, 0x70, 0x78, 0xAE, 0xF4, 0x78, 0x81, 0xE9, 0x89,
    0xE2, 0x82, 0xD3, 0x13, 0x33, 0x71, 0x3A, 0x6D, 0xBE, 0x97, 0xF8, 0x81, 0x90, 0x9B, 0x43, 0x4B,
    0xB6, 0x05, 0x59, 0xC7, 0xC4, 0xD2, 0x11, 0xBE, 0x7D, 0x5F, 0xE9, 0x10, 0xF8, 0xF4, 0x30, 0x6C,
    0xCE, 0xAE, 0xB8, 0xAC, 0xE6, 0x7C, 0x5F, 0xA5, 0x6E, 0xF1, 0x84, 0x91, 0x4F, 0x58, 0x15, 0x8A,
    0x3A, 0x19, 0xB6, 0x8F, 0x17, 0x89, 0xA7, 0xA6, 0xDE, 0x39, 0x5C, 0xC4, 0xFB, 0xA7, 0x9A, 0xBC,
    0x77, 0x9E, 0xC3, 0xE6, 0x3C, 0xD4, 0x42, 0x73, 0xDE, 0x97, 0xA1, 0xC0, 0x69, 0x96, 0xC3, 0xB3,
    0x84, 0x8C, 0x13, 0xDA, 0xB4, 0xA1, 0x27, 0xF2, 0x9E, 0xB7, 0x98, 0x7C, 0x5C, 0xA1, 0x54, 0x9B,
    0x85, 0x63, 0x83, 0x9F, 0x03, 0xBA, 0x86, 0x7C, 0x03, 0xFF, 0x47, 0xED, 0x86, 0x52, 0xF0, 0xA7,
    0x3A, 0x39, 0x06, 0x9B, 0x4A, 0x76, 0x3A, 0x2B, 0xCD, 0x17, 0x68, 0x35, 0xC5, 0x41, 0xED, 0x48,
    0x56, 0x19, 0xE3, 0x12, 0xA4, 0xFE, 0xFE, 0xCC, 0x30, 0xD0, 0xB3, 0x12, 0xE3, 0x81, 0x9F, 0xF2,
    0x87, 0xEE, 0x91, 0xEA, 0x37, 0xEC, 0xAC, 0x3A, 0xBE, 0x3E, 0xA4, 0x8E, 0xF7, 0xA7, 0xEA, 0xF8,
    0xFC, 0x90, 0x3A, 0xDE, 0x9E, 0x5F, 0xC7, 0x67, 0x92, 0x6C, 0x21, 0x49, 0x36, 0x75, 0xBC, 0x35,
    0x12, 0xA0, 0x33, 0x22, 0xCD, 0x40, 0x52, 0xCC, 0x24, 0xD9, 0x42, 0x92, 0x80, 0x24, 0xF2, 0x55,
    0x3B, 0x40, 0xA7, 0xC4, 0x69, 0x8C, 0xA4, 0x98, 0x49, 0xB2, 0x95, 0x24, 0x39, 0x55, 0xB5, 0x03,
    0x4F, 0xA4, 0xF1, 0x75, 0xBC, 0xF0, 0x75, 0x3C, 0x63, 0x1D, 0xDF, 0xAE, 0xDA, 0x24, 0xC1, 0x2C,
    0x0C, 0x17, 0x20, 0x81, 0x27, 0xE1, 0x44, 0x12, 0x8D, 0x9E, 0x0C, 0xB2, 0xDB, 0x9B, 0x3B, 0x68,
    0x5A, 0xBE, 0x81, 0x92, 0x64, 0x62, 0xBD, 0xF7, 0xD5, 0x9E, 0xB5, 0x9E, 0x95, 0xDE, 0xD7, 0x79,
    0x56, 0x79, 0xD6, 0x78, 0x56, 0x78, 0xD6, 0x3D, 0x83, 0xC1, 0xB1, 0x4B, 0x86, 0x46, 0x33, 0xB2,
    0xEA, 0xCD, 0x5A, 0x4D, 0xD0, 0x82, 0x9E, 0x03, 0xBD, 0x07, 0x4A, 0x79, 0x7B, 0xF1, 0x93, 0xAD,
    0xA4, 0xED, 0xD5, 0x5F, 0x14, 0x30, 0x2A, 0xE8, 0x02, 0x72, 0xEE, 0x27, 0xE0, 0x8A, 0x5D, 0xF2,
    0xF0, 0x70, 0x0D, 0xF8, 0xDC, 0x32, 0xE3, 0x5E, 0xF6, 0xC8, 0x1D, 0xFB, 0xD5, 0xF3, 0x78, 0x99,
    0xDC, 0xAF, 0x13, 0xC6, 0xE0, 0x82, 0x99, 0x6D, 0x13, 0xAF, 0x45, 0x4D, 0x1B, 0x81, 0xD7, 0x9E,
    0x80, 0xF7, 0xF5, 0x74, 0xF1, 0x4B, 0x55, 0x33, 0x67, 0xD6, 0x33, 0x23, 0x8B, 0xA5, 0xA5, 0x5B,
    0xB4, 0x27, 0x25, 0x20, 0x89, 0xA1, 0x39, 0xFC, 0x23, 0xC4, 0x27, 0x98, 0x93, 0x30, 0xAF, 0x74,
    0xDD, 0xE4, 0xEE, 0x2F, 0x8C, 0xCF, 0x25, 0xE4, 0xD3, 0xE6, 0xE2, 0xAD, 0x38, 0x55, 0xCF, 0x25,
    0x7A, 0xB4, 0xD6, 0xB4, 0x45, 0xE0, 0xD8, 0x5A, 0xD3, 0x88, 0xF1, 0xC5, 0x35, 0x0C, 0xE2, 0xF7,
    0xA0, 0x5B, 0x3E, 0xA0, 0x20, 0xAF, 0x1F, 0xB2, 0x2D, 0xC6, 0x42, 0xB3, 0x7F, 0x93, 0xF5, 0x83,
    0x5B, 0x1A, 0xDB, 0x11, 0x3B, 0x99, 0xCD, 0x20, 0x36, 0x0F, 0xDE, 0x44, 0xE9, 0xAE, 0x46, 0x4D,
    0xAB, 0x0B, 0x55, 0x5C, 0xE7, 0x54, 0xE5, 0x27, 0x36, 0x7F, 0xC1, 0xE3, 0x6C, 0xA2, 0xD5, 0x00,
    0x2A, 0x96, 0x47, 0x83, 0x61, 0x03, 0x2B, 0xD3, 0x64, 0x0E, 0x3E, 0xBF, 0x78, 0xD1, 0xDC, 0x43,
    0x94, 0x6A, 0x97, 0xE6, 0x73, 0xBD, 0x95, 0x52, 0x61, 0x7C, 0xBA, 0xF6, 0xD4, 0xE1, 0xD2, 0x99,
    0xC8, 0x1B, 0x46, 0x6A, 0x79, 0x8F, 0x55, 0x39, 0x9C, 0x65, 0xC7, 0x54, 0x11, 0xC0, 0x7A, 0xDE,
    0xA0, 0xA6, 0x02, 0x3F, 0xDC, 0x6B, 0xF3, 0xF2, 0xB5, 0xC9, 0x90, 0x9B, 0x8F, 0xB2, 0x52, 0x67,
    0x93, 0xD3, 0x2E, 0x9C, 0xED, 0xC3, 0x23, 0x7D, 0xB3, 0xE5, 0x99, 0x17, 0xEF, 0x7D, 0xCB, 0x75,
    0x7B, 0xFD, 0x16, 0x59, 0x35, 0xB0, 0x8F, 0x85, 0xCE, 0xDC, 0x15, 0xA0, 0x76, 0xFF, 0xAE, 0xF9,
    0xD0, 0x9E, 0x53, 0xB8, 0x52, 0xD2, 0x11, 0xA7, 0xD5, 0x6A, 0xDE, 0xA8, 0x5E, 0x93, 0x17, 0xEB,
    0xBD, 0x80, 0x2F, 0x5F, 0xC0, 0x74, 0x17, 0x9D, 0x85, 0xAE, 0x18, 0xE9, 0x28, 0xBA, 0x89, 0x4E,
    0xF2, 0x2E, 0xF2, 0x0E, 0xFA, 0xBE, 0xBC, 0x58, 0x3E, 0x0F, 0xED, 0x2F, 0xF5, 0xF6, 0x95, 0x1E,
    0x7F, 0xA1, 0x8A, 0xD3, 0x30, 0x38, 0xCD, 0xFD, 0x17, 0x52, 0x55, 0xDD, 0xA4, 0x49, 0x17, 0xA3,
    0xD1, 0x64, 0x10, 0x74, 0x4A, 0x79, 0x50, 0x3A, 0x69, 0x04, 0x31, 0x1A, 0x0E, 0xC9, 0x86, 0xA6,
    0x0B, 0xA9, 0xAA, 0xCF, 0xD3, 0x6C, 0x43, 0xF3, 0x0D, 0x2D, 0xA6, 0x33, 0xE9, 0x78, 0x82, 0x02,
    0x18, 0x37, 0x74, 0x22, 0xD5, 0x43, 0x33, 0x4E, 0x7D, 0x96, 0xF4, 0x74, 0xBA, 0x8C, 0x49, 0xCF,
    0xBC, 0x32, 0x5E, 0x3A, 0xAB, 0x09, 0xE9, 0x7F, 0x8A, 0xE0, 0x69, 0xE1, 0x0A, 0x4F, 0x4A, 0x93,
    0xE8, 0x8C, 0x6F, 0x35, 0x90, 0xAE, 0xAA, 0x57, 0xB5, 0xC3, 0xEA, 0x14, 0x7B, 0xD0, 0xB8, 0xF9,
    0xEF, 0xD5, 0x34, 0xCB, 0xE5, 0xCF, 0xC4, 0xD3, 0x2D, 0xDD, 0x52, 0x6C, 0x2F, 0x53, 0x70, 0xB5,
    0x24, 0x3C, 0x1F, 0xE4, 0x18, 0x1A, 0xA0, 0x36, 0xE1, 0x45, 0xF8, 0x15, 0x7A, 0x13, 0xDF, 0x1F,
    0x67, 0x97, 0x8B, 0x0A, 0x10, 0x83, 0x78, 0x51, 0xA0, 0x77, 0x6F, 0xA9, 0x4C, 0xF4, 0x91, 0x45,
    0x13, 0x0E, 0xF4, 0xD1, 0x4B, 0x53, 0x54, 0xED, 0xAA, 0x83, 0xD1, 0x52, 0x69, 0x7F, 0x82, 0x02,
    0xD8, 0xA6, 0xED, 0xA9, 0x77, 0xC5, 0x85, 0x53, 0xB4, 0x54, 0x3A, 0x9C, 0xA0, 0xB5, 0xA3, 0xFE,
    0x1A, 0x44, 0x78, 0x65, 0x9D, 0xD2, 0x99, 0x1B, 0xEC, 0xFE, 0x9D, 0x09, 0xD9, 0x95, 0xF7, 0xA6,
    0x89, 0xF9, 0x8F, 0xAB, 0x04, 0x8B, 0x09, 0xFA, 0x3F, 0xE3, 0xAB, 0x66, 0xE6, 0x99, 0xA4, 0x0D,
    0xD0, 0xF3, 0x60, 0xD2, 0x04, 0x28, 0xBD, 0xB8, 0xF5, 0xB1, 0x13, 0x87, 0xE5, 0x89, 0x3D, 0x94,
    0xBC, 0x12, 0xEE, 0x66, 0xB3, 0xEC, 0x49, 0xB2, 0x9E, 0xA4, 0x28, 0x49, 0x16, 0xE2, 0x43, 0x1E,
    0xBC, 0x73, 0x6A, 0xF3, 0x0F, 0x74, 0xF6, 0xBA, 0xA6, 0xB3, 0x7E, 0x84, 0x95, 0x12, 0x8B, 0xD1,
    0x52, 0x24, 0xE8, 0xFD, 0x76, 0xB0, 0x91, 0x24, 0x9F, 0x48, 0xB2, 0x99, 0x24, 0xBD, 0x00, 0xC9,
    0xE6, 0x93, 0xFF, 0x5E, 0x0C, 0x24, 0x55, 0x67, 0x24, 0x40, 0x69, 0xE4, 0xAD, 0x59, 0x4C, 0x2D,
    0xE8, 0x3C, 0x11, 0x25, 0xCB, 0xCF, 0xD0, 0x72, 0xA3, 0x19, 0x3A, 0x23, 0x82, 0x81, 0xA4, 0x98,
    0x48, 0xF2, 0x85, 0x24, 0x05, 0x49, 0x8C, 0xDA, 0x48, 0x84, 0x96, 0x99, 0x62, 0x20, 0x69, 0x46,
    0x92, 0x62, 0x66, 0xED, 0xC9, 0xC0, 0x71, 0x60, 0xA2, 0xFA, 0x42, 0x29, 0x11, 0x46, 0xAE, 0x7D,
    0x01, 0x24, 0x37, 0xB0, 0x79, 0x52, 0x12, 0x3D, 0x9F, 0xA7, 0xF7, 0x2A, 0x4A, 0xE6, 0xCD, 0x62,
    0x4A, 0x51, 0x6F, 0x9E, 0xBA, 0xBF, 0x77, 0x66, 0xAB, 0x5C, 0xA1, 0xD4, 0x9F, 0x9F, 0x03, 0x9D,
    0x0E, 0xEB, 0xFA, 0xE3, 0x0A, 0x51, 0x63, 0x90, 0xE2, 0x33, 0x1D, 0xBE, 0xCD, 0x52, 0xB4, 0x2E,
    0xBE, 0x69, 0x4E, 0xA0, 0xE5, 0x76, 0xE3, 0xFE, 0xB1, 0xC4, 0x3A, 0x82, 0xB3, 0xF9, 0x19, 0x5D,
    0xF8, 0x63, 0xBC, 0x57, 0xCB, 0xE3, 0x51, 0xCB, 0x37, 0xCD, 0x0F, 0xD3, 0x9F, 0x24, 0x9D, 0x27,
    0x2D, 0x49, 0x55, 0x92, 0x34, 0xA7, 0x26, 0x1B, 0xA6, 0xAB, 0xA9, 0xAB, 0xD3, 0x61, 0x6B, 0x46,
    0xCB, 0xCF, 0x02, 0x40, 0x8B, 0xBD, 0x6E, 0x0A, 0x1C, 0x4C, 0xA7, 0xD6, 0x16, 0x82, 0x52, 0xA4,
    0xE4, 0x94, 0x4A, 0xD2, 0xB1, 0x09, 0x2C, 0x6A, 0x9A, 0x0D, 0x4C, 0xFA, 0x53, 0x66, 0x99, 0x82,
    0xF6, 0x8A, 0x31, 0x28, 0xD2, 0xD3, 0x3C, 0x61, 0x6B, 0xDF, 0x60, 0x5E, 0x52, 0x15, 0x50, 0x2F,
    0xD1, 0x45, 0xC1, 0xAC, 0xFE, 0x69, 0x4A, 0x88, 0xF7, 0x4C, 0x8A, 0x91, 0x0F, 0xE9, 0xD1, 0x21,
    0x3C, 0x72, 0xE7, 0x0A, 0x0A, 0x9B, 0x0B, 0xBA, 0xCC, 0x9F, 0x8B, 0xB9, 0xA8, 0x39, 0xB7, 0xEA,
    0x97, 0x71, 0xD3, 0xDE, 0x2F, 0xE1, 0x9E, 0xFA, 0x16, 0x87, 0x9D, 0xE3, 0xD4, 0x03, 0x7C, 0x71,
    0x1B, 0xEE, 0xBE, 0x1F, 0xA2, 0x4E, 0x75, 0x56, 0x3A, 0x1B, 0x44, 0xAA, 0x56, 0x27, 0xF6, 0xB4,
    0x4B, 0x53, 0x94, 0x2E, 0xFE, 0xAE, 0xBF, 0xB4, 0xC1, 0x67, 0x4D, 0x19, 0x71, 0x3E, 0x31, 0xA1,
    0x69, 0x75, 0xEE, 0xCC, 0x9F, 0x7B, 0x8F, 0x52, 0xF3, 0x1A, 0xF4, 0x97, 0xC5, 0x9F, 0x72, 0xE6,
    0x27, 0x80, 0x23, 0x8E, 0x51, 0xB6, 0x53, 0x9C, 0x12, 0xED, 0x7C, 0x14, 0x1A, 0xBB, 0x46, 0x29,
    0x1D, 0x9B, 0x5A, 0x24, 0x1B, 0x5C, 0x7D, 0xCD, 0x07, 0x9D, 0x19, 0xD7, 0xA1, 0x0A, 0xEA, 0x74,
    0x2D, 0x6F, 0xAC, 0x12, 0x01, 0x2E, 0xB3, 0x4A, 0x13, 0x0E, 0xD8, 0xC3, 0x39, 0xF4, 0x7D, 0x9A,
    0x64, 0xD5, 0x84, 0xBC, 0x49, 0xAB, 0x9A, 0xB5, 0x3D, 0x1C, 0x5D, 0x74, 0x46, 0x75, 0xCC, 0x75,
    0x53, 0x2B, 0x20, 0xE9, 0x83, 0x10, 0x6D, 0xDE, 0x39, 0x4B, 0xB4, 0x52, 0x74, 0x55, 0x2D, 0x59,
    0xEB, 0xA2, 0xB2, 0x6A, 0xE5, 0x05, 0x4D, 0xCD, 0x34, 0x9E, 0xE9, 0x48, 0x89, 0xA7, 0xA4, 0x75,
    0x3C, 0x8C, 0x30, 0x06, 0x4A, 0x96, 0x32, 0x84, 0x66, 0xAC, 0x02, 0x1F, 0xFF, 0xA3, 0x2B, 0xCF,
    0xFB, 0x22, 0xC9, 0xD8, 0x1C, 0xB3, 0xC1, 0xA2, 0x56, 0x4B, 0x14, 0xA0, 0xCE, 0x80, 0x95, 0xA3,
    0x11, 0x1B, 0x8B, 0xD0, 0xCD, 0xD3, 0xE6, 0xE0, 0x2E, 0x40, 0x47, 0xD1, 0xA8, 0xFD, 0xA9, 0x5D,
    0x69, 0x97, 0x0C, 0x3C, 0xB3, 0x8B, 0x47, 0x76, 0x3D, 0x37, 0x7E, 0xA6, 0x9B, 0xD5, 0x16, 0xE8,
    0xD8, 0x45, 0x2E, 0xBE, 0x9C, 0xDC, 0x33, 0x28, 0x8B, 0xC8, 0x22, 0x8D, 0xE8, 0x33, 0x28, 0xD7,
    0x6A, 0x7A, 0xFA, 0x99, 0xF5, 0xF3, 0xB7, 0xDB, 0x57, 0x95, 0xA9, 0x58, 0x36, 0x29, 0xE6, 0xEB,
    0xD6, 0xB2, 0x5A, 0x53, 0xEE, 0xC4, 0x7C, 0x3F, 0x75, 0x23, 0x41, 0xDE, 0x4C, 0x13, 0xDC, 0x79,
    0xC6, 0xDC, 0x16, 0x8F, 0x76, 0xC2, 0xDB, 0x31, 0x33, 0x73, 0x72, 0x3F, 0xBD, 0x48, 0xBA, 0x1D,
    0xE9, 0x7B, 0xC1, 0x57, 0xE8, 0xF8, 0x4C, 0x48, 0x33, 0x89, 0x3F, 0x30, 0xF2, 0x7D, 0x7F, 0x60,
    0xE4, 0xE8, 0x3E, 0xA9, 0x5F, 0x89, 0x31, 0x37, 0xED, 0x89, 0x03, 0x23, 0x8B, 0x99, 0xEB, 0xB5,
    0xCF, 0x51, 0xAD, 0x3E, 0x38, 0xC6, 0x32, 0xE9, 0x24, 0xAB, 0xED, 0xAB, 0x14, 0xD7, 0x70, 0x16,
    0x69, 0x3E, 0x18, 0xF9, 0x20, 0x4B, 0xEA, 0xF2, 0x4E, 0xF4, 0xCA, 0x8E, 0x9E, 0xE9, 0xD6, 0xFB,
    0xC8, 0x42, 0x09, 0x0B, 0x1B, 0x2C, 0x03, 0xB4, 0xD2, 0xD4, 0x5C, 0x53, 0xAB, 0x67, 0xC5, 0x9C,
    0x98, 0x11, 0xD3, 0x7A, 0x22, 0x8A, 0xA2, 0xC8, 0x95, 0x43, 0xD6, 0x0A, 0x3B, 0x73, 0x40, 0x25,
    0xA6, 0x52, 0x22, 0xF2, 0x3B, 0x1A, 0xB9, 0x94, 0xBE, 0xBB, 0x2D, 0xED, 0xF6, 0xBC, 0xFB, 0xF4,
    0x53, 0xB0, 0x1A, 0x0A, 0x76, 0x7F, 0xE7, 0xDF, 0xF3, 0x66, 0x36, 0x64, 0xB2, 0x37, 0x54, 0xC4,
    0x12, 0x75, 0x3E, 0x8A, 0x5D, 0x94, 0xBA, 0x28, 0xEB, 0xD8, 0xFF, 0x57, 0x91, 0x14, 0x3E, 0xD2,
    0xF7, 0x1E, 0x7F, 0x54, 0x68, 0xD4, 0xB3, 0xDA, 0xB1, 0xCF, 0xBE, 0x06, 0x6A, 0x82, 0x92, 0x95,
    0xE9, 0xE6, 0x2D, 0x39, 0x8E, 0x84, 0x22, 0xD3, 0x75, 0x48, 0xAE, 0x49, 0x6E, 0x45, 0xEC, 0xDA,
    0x65, 0xF7, 0xB5, 0x3F, 0x3C, 0x6A, 0x5F, 0x98, 0xE3, 0x92, 0xED, 0x61, 0xC9, 0x22, 0x79, 0xCB,
    0x41, 0xC9, 0x89, 0x13, 0x7F, 0x27, 0xC5, 0xF8, 0x02, 0x27, 0xFE, 0xEE, 0x85, 0x7B, 0x01, 0xE1,
    0x26, 0x3A, 0xA2, 0x18, 0xD9, 0xC8, 0x53, 0x5A, 0xAD, 0x44, 0x5D, 0x5E, 0x1E, 0x47, 0x37, 0x9D,
    0xE2, 0x5E, 0x7F, 0x66, 0x15, 0x77, 0xFD, 0xD6, 0x37, 0xB8, 0x18, 0x27, 0x5C, 0x9C, 0x5D, 0x9A,
    0x8B, 0x43, 0xB8, 0xD0, 0x12, 0x3B, 0x09, 0x8E, 0x8E, 0xF0, 0xCF, 0x47, 0xF5, 0xD3, 0x77, 0xF1,
    0x63, 0x6E, 0x3B, 0x72, 0x3E, 0x31, 0xBB, 0xCA, 0xF5, 0xE6, 0x8B, 0x9F, 0x3E, 0x46, 0x4F, 0x6A,
    0xF7, 0xA0, 0x14, 0x16, 0x6D, 0xD2, 0xB5, 0x48, 0xBD, 0x7D, 0xBD, 0xEB, 0x48, 0xFA, 0x17, 0x7C,
    0x35, 0x2B, 0x29, 0x2B, 0x3E, 0x05, 0xCB, 0x29, 0x65, 0x17, 0xDE, 0x39, 0x6F, 0x2A, 0xE2, 0x43,
    0xB9, 0x76, 0x1C, 0x55, 0xFA, 0xD0, 0x3E, 0x30, 0xEB, 0x7E, 0xFC, 0xE0, 0x3E, 0xFE, 0xA7, 0x6D,
    0xF9, 0x89, 0x67, 0xCE, 0x1A, 0x44, 0x13, 0x49, 0x38, 0x5E, 0x29, 0x92, 0x9D, 0x4D, 0xA2, 0x41,
    0xE7, 0x47, 0x48, 0x16, 0x9E, 0x19, 0x98, 0x80, 0xEE, 0x8F, 0x50, 0xDB, 0x6C, 0x59, 0x80, 0x91,
    0x73, 0x23, 0x0D, 0x8E, 0xEE, 0xDB, 0xE4, 0x06, 0x55, 0x23, 0x01, 0xB0, 0x96, 0xA2, 0xEC, 0x50,
    0x91, 0xCE, 0xA1, 0x6F, 0x36, 0xAE, 0xA1, 0x67, 0xE8, 0x18, 0xFA, 0xE5, 0x21, 0x6E, 0x61, 0x68,
    0xD0, 0xEA, 0x51, 0x04, 0x38, 0xC6, 0x06, 0x9D, 0x1E, 0x42, 0x70, 0xC3, 0x1F, 0x1B, 0xE9, 0xB0,
    0x39, 0xC6, 0x86, 0x58, 0x3D, 0x21, 0x6C, 0x36, 0xA8, 0xEF, 0xA1, 0x53, 0xE1, 0xFA, 0x73, 0x2D,
    0x63, 0x87, 0xF9, 0x62, 0x5F, 0x3A, 0x9C, 0xE2, 0xEB, 0xD5, 0xA9, 0x28, 0x02, 0xE6, 0x1C, 0xBD,
    0xB8, 0x52, 0x64, 0xDB, 0xE3, 0xA0, 0x80, 0xA6, 0x3C, 0x4D, 0x18, 0xF6, 0x92, 0xBD, 0x64, 0xC9,
    0x46, 0x00, 0x3A, 0x62, 0xBF, 0x41, 0x86, 0xE7, 0x58, 0x9A, 0x3B, 0xDF, 0x42, 0xD4, 0x29, 0xE1,
    0xD7, 0x10, 0x6D, 0xBE, 0x6B, 0x81, 0x0B, 0x90, 0x5B, 0xDF, 0x44, 0xC4, 0xD5, 0x49, 0xAD, 0xD9,
    0xF5, 0x5E, 0xBE, 0x97, 0x2D, 0xDF, 0x53, 0x4E, 0x0A, 0x46, 0xFA, 0xC8, 0xBB, 0xA8, 0x39, 0xF5,
    0x55, 0x51, 0x13, 0xDD, 0x53, 0x3E, 0xE7, 0xF2, 0xF6, 0x06, 0x88, 0xBD, 0x45, 0x32, 0xAC, 0x46,
    0x8A, 0xB2, 0xF0, 0x23, 0xB5, 0xAC, 0x24, 0x49, 0x6B, 0x4F, 0x4A, 0x25, 0x37, 0x25, 0x37, 0x52,
    0xFC, 0xDF, 0x46, 0x76, 0xBE, 0x68, 0x84, 0x83, 0xE8, 0xBD, 0xF2, 0x2F, 0x5B, 0xF9, 0x47, 0x86,
    0x09, 0xC6, 0x9D, 0xAF, 0xC5, 0xA9, 0xA4, 0xE2, 0xA9, 0x14, 0xB9, 0xE2, 0x4C, 0xF4, 0xBF, 0x7F,
    0xE2, 0xE7, 0xE6, 0x7E, 0xB9, 0xD2, 0xED, 0x13, 0xDD, 0xD6, 0x3D, 0xE7, 0x35, 0xE2, 0x90, 0x6B,
    0xF0, 0x11, 0x6A, 0x93, 0x70, 0x0C, 0x0E, 0x20, 0xD2, 0x39, 0xE2, 0x18, 0x7B, 0x48, 0x66, 0xAE,
    0xA4, 0xA6, 0x83, 0x12, 0x70, 0x51, 0x35, 0x98, 0x69, 0xF7, 0xF0, 0xAE, 0x7C, 0xB8, 0xD7, 0xFF,
    0x13, 0xD0, 0xFF, 0x61, 0xA9, 0x23, 0x22, 0x7A, 0x8B, 0xCE, 0xDA, 0xF8, 0x8A, 0xAE, 0xA2, 0xA7,
    0xE8, 0x28, 0xFA, 0x89, 0x6E, 0x7A, 0x8E, 0xF5, 0xAE, 0x4B, 0xD0, 0x2F, 0x1E, 0x47, 0x00, 0x26,
    0x49, 0x81, 0xE9, 0x4D, 0x1C, 0xEB, 0xF0, 0xA0, 0xC1, 0x1D, 0x69, 0x26, 0xCE, 0x77, 0x54, 0x03,
    0xBF, 0xA4, 0xAA, 0xB8, 0xFA, 0xA4, 0xDF, 0x26, 0xFA, 0x2C, 0x46, 0x47, 0xE5, 0xA6, 0x2D, 0xE5,
    0x99, 0xEB, 0x5C, 0x33, 0xD7, 0x25, 0x22, 0xDB, 0x31, 0xA6, 0xCA, 0x3B, 0x6A, 0x26, 0xBF, 0x5C,
    0xDF, 0x71, 0xA3, 0xE0, 0xEA, 0x9F, 0xB2, 0x28, 0x4F, 0x3C, 0x91, 0x91, 0x0C, 0x24, 0x59, 0x7B,
    0x6A, 0xD3, 0x45, 0xED, 0x49, 0x7B, 0x92, 0x14, 0xE3, 0x0B, 0x46, 0x72, 0x2C, 0x4C, 0xC7, 0x93,
    0xA0, 0x99, 0xBE, 0xED, 0x7A, 0xFC, 0x84, 0x3D, 0x91, 0x81, 0x36, 0x38, 0xF1, 0x20, 0x23, 0xE4,
    0x1C, 0x2C, 0x89, 0xDD, 0x4B, 0x8A, 0x15, 0x46, 0xDA, 0x70, 0xDC, 0xED, 0x88, 0xB0, 0x5D, 0x67,
    0x68, 0x86, 0x0D, 0x0F, 0xF8, 0xD1, 0xAD, 0xE3, 0xE8, 0x19, 0x92, 0xAF, 0xA0, 0xC8, 0x5D, 0x71,
    0x4D, 0xED, 0xB9, 0x14, 0x75, 0xDE, 0x79, 0x2E, 0x0B, 0xAF, 0xDA, 0xEF, 0x90, 0xBB, 0x27, 0x0F,
    0x0D, 0xEF, 0xE8, 0xEE, 0xD2, 0xEB, 0xA5, 0x56, 0xC0, 0x06, 0x18, 0x54, 0x1E, 0x01, 0x80, 0x1B,
    0x58, 0x6F, 0x99, 0x15, 0xDF, 0xC4, 0x17, 0x82, 0xD1, 0x4F, 0x90, 0xA3, 0xB4, 0x0B, 0x86, 0x46,
    0x14, 0xB1, 0xFE, 0xB2, 0xA8, 0x90, 0x59, 0x04, 0xDE, 0x3A, 0x42, 0xCC, 0xDA, 0xC4, 0x49, 0x36,
    0xB3, 0x3C, 0xE1, 0x64, 0x6D, 0x6E, 0xFC, 0x17, 0x67, 0xFC, 0xC1, 0xD6, 0xC8, 0x93, 0x4F, 0x57,
    0x33, 0x77, 0x0C, 0x91, 0xF4, 0x0F, 0x10, 0x49, 0xB8, 0x6D, 0x31, 0xFD, 0x3D, 0x7C, 0xAB, 0x5C,
    0xBA, 0x27, 0xAF, 0x6A, 0xAD, 0x1E, 0xE1, 0x31, 0xE6, 0x25, 0x5A, 0x15, 0xB5, 0x4E, 0x16, 0x8A,
    0x4E, 0x06, 0x8B, 0xFA, 0xFC, 0xA6, 0xBB, 0xEC, 0xA2, 0xB4, 0x2B, 0x7E, 0xCF, 0x29, 0xA0, 0xE2,
    0x0C, 0xF7, 0x2C, 0xC5, 0xA0, 0xFB, 0xD5, 0x1C, 0xEA, 0x06, 0xE0, 0xC5, 0xD4, 0x1E, 0x4C, 0xEE,
    0xD6, 0x30, 0xF3, 0x9C, 0x86, 0x51, 0xD2, 0x39, 0x98, 0x79, 0xA3, 0x1D, 0x24, 0x99, 0x43, 0xEE,
    0x39, 0x8D, 0x06, 0x89, 0xFD, 0x17, 0x74, 0xAF, 0xB1, 0xAB, 0x90, 0xD1, 0xA0, 0x4A, 0x41, 0xD2,
    0x49, 0x84, 0xB8, 0x37, 0xB7, 0xA5, 0xAD, 0x84, 0xEE, 0x1D, 0xF5, 0xF9, 0x4F, 0x6A, 0x09, 0xF0,
    0x93, 0xD6, 0xBC, 0xFB, 0xEB, 0x52, 0x04, 0x1F, 0x98, 0x9E, 0xF0, 0x99, 0x3D, 0xD7, 0xB8, 0xF9,
    0x46, 0xAC, 0x8A, 0x0A, 0x6A, 0x56, 0xAD, 0xDD, 0x74, 0xEF, 0xE2, 0xA2, 0x95, 0xBF, 0x68, 0xBB,
    0xB0, 0x7D, 0x32, 0x45, 0xBA, 0x7D, 0x3C, 0x05, 0x7F, 0xE1, 0xDA, 0xF4, 0x89, 0xAF, 0xBE, 0xB1,
    0x36, 0x84, 0x21, 0xF5, 0x42, 0xE3, 0xB9, 0x89, 0x4C, 0xFE, 0xF7, 0xAB, 0xA7, 0x2B, 0xE5, 0xAE,
    0x1E, 0x4B, 0x5B, 0xD2, 0x3B, 0xEE, 0xE7, 0x02, 0xC1, 0x9F, 0x4B, 0xDD, 0x60, 0x56, 0xDA, 0x28,
    0x7D, 0x0B, 0x7F, 0xD3, 0xAD, 0x22, 0x37, 0xF0, 0xE7, 0x08, 0xAD, 0x04, 0xFA, 0x52, 0x88, 0xD0,
    0xAA, 0x80, 0x94, 0xF6, 0x22, 0xB3, 0xD2, 0xF8, 0xCB, 0x41, 0x82, 0x49, 0x55, 0x98, 0xFE, 0x69,
    0x90, 0x70, 0xD4, 0xEA, 0x9C, 0x7E, 0x30, 0x49, 0x64, 0xED, 0x68, 0x9E, 0xCC, 0xBA, 0x0E, 0x9A,
    0x8F, 0x52, 0x44, 0xB3, 0xC4, 0x9D, 0xDA, 0xE1, 0x66, 0xB4, 0xFA, 0x46, 0xF4, 0xE3, 0x10, 0x3A,
    0x54, 0x48, 0x66, 0x99, 0x05, 0x3A, 0x7C, 0x88, 0x17, 0x19, 0x05, 0x75, 0xAE, 0x3B, 0x19, 0xC2,
    0x41, 0x9A, 0xB6, 0x70, 0x14, 0xD1, 0x20, 0x45, 0xFB, 0x9E, 0x1A, 0x2C, 0xEA, 0xA4, 0xE8, 0x3F,
    0xD6, 0x72, 0xFC, 0xB8, 0x95, 0x7C, 0x98, 0x45, 0xCC, 0x6D, 0xD9, 0xA0, 0x42, 0x68, 0xFE, 0x54,
    0x4A, 0xFA, 0xB7, 0x41, 0x45, 0xF5, 0x99, 0xAB, 0x9A, 0x4A, 0x0B, 0x70, 0x87, 0x8F, 0x79, 0x28,
    0xE2, 0xAE, 0xA4, 0x99, 0x2E, 0x30, 0xEF, 0x04, 0xA8, 0x95, 0x8E, 0x9B, 0xF6, 0x22, 0xF0, 0x1D,
    0xBE, 0x74, 0x25, 0xC9, 0x41, 0x52, 0x79, 0xDF, 0xA1, 0xEA, 0x14, 0xC3, 0x85, 0xDD, 0xBC, 0x78,
    0x8C, 0x66, 0x25, 0x69, 0x6B, 0x82, 0x96, 0x57, 0xF5, 0xE7, 0xEC, 0x7E, 0xDE, 0x3D, 0x57, 0xBD,
    0xCB, 0x0A, 0x98, 0xD4, 0x33, 0x5A, 0xB7, 0x7F, 0x06, 0x67, 0xEF, 0x89, 0xF5, 0xBA, 0x72, 0xA4,
    0x6A, 0xA9, 0xB0, 0x8A, 0x3B, 0xAC, 0x35, 0xE9, 0x04, 0x56, 0x9F, 0xB5, 0x0A, 0xAA, 0xF8, 0x03,
    0xB4, 0x6C, 0x66, 0xD0, 0x49, 0xDA, 0xB1, 0x72, 0x65, 0x35, 0xB7, 0x8B, 0x14, 0x62, 0xA5, 0xE5,
    0x85, 0x25, 0xAB, 0xCC, 0x94, 0x5F, 0x38, 0xB2, 0x95, 0xFB, 0xC5, 0xC0, 0x72, 0xFD, 0xB1, 0x63,
    0x49, 0xBF, 0xAC, 0xB7, 0xCA, 0x4E, 0x6B, 0x90, 0x2C, 0x97, 0x4E, 0xB2, 0x8D, 0xC1, 0x4D, 0xDE,
    0x05, 0x80, 0x7A, 0x9B, 0x6C, 0xDA, 0x6C, 0xD6, 0xA1, 0x10, 0x74, 0x04, 0xE8, 0x87, 0xAF, 0xB9,
    0x1C, 0xD8, 0x81, 0x37, 0x0B, 0xBB, 0xCF, 0xCE, 0xDA, 0x94, 0x49, 0x70, 0xD7, 0xFD, 0x9C, 0x1B,
    0x1A, 0x40, 0x52, 0x40, 0x60, 0x58, 0x66, 0x78, 0x20, 0x07, 0xC7, 0xAF, 0x88, 0xB7, 0xB0, 0x00,
    0xAD, 0xDD, 0x87, 0x1C, 0x16, 0x35, 0x9F, 0x8B, 0xE5, 0xF4, 0x7C, 0xC5, 0x4D, 0x96, 0x9F, 0x70,
    0xB3, 0xD1, 0x2C, 0x2A, 0xF8, 0x60, 0x12, 0x55, 0xBB, 0x1A, 0x3D, 0x82, 0xD6, 0x19, 0x09, 0x50,
    0xC6, 0xDC, 0xB1, 0x95, 0x72, 0x23, 0xA2, 0x55, 0xEE, 0xA2, 0xA7, 0xFF, 0x86, 0xC2, 0x4C, 0x32,
    0xD2, 0x8D, 0xD3, 0x27, 0x5C, 0x74, 0xA2, 0x13, 0x17, 0xC3, 0xD0, 0x37, 0x20, 0x18, 0x88, 0xFD,
    0xEE, 0x69, 0x0A, 0x45, 0x4B, 0xAC, 0xF9, 0xFE, 0x89, 0x55, 0x54, 0xDA, 0x3E, 0x9A, 0x77, 0x4F,
    0xFF, 0xC8, 0x98, 0x9C, 0x17, 0x3C, 0x6A, 0xEB, 0xD7, 0xAC, 0x3B, 0xCD, 0x56, 0xBA, 0xFB, 0x6D,
    0x47, 0xEC, 0xE8, 0xF0, 0x33, 0x53, 0x08, 0x2A, 0x30, 0x44, 0xB9, 0x43, 0x92, 0x91, 0xD9, 0x07,
    0xA5, 0xBC, 0x2C, 0x3E, 0xEC, 0x6B, 0xCD, 0xE5, 0xD5, 0x1A, 0xDE, 0x88, 0x22, 0xFB, 0x35, 0xA6,
    0x87, 0x66, 0x0E, 0x5E, 0xB7, 0x85, 0xB2, 0x6E, 0xF5, 0x5B, 0xCF, 0xBA, 0xCB, 0xBC, 0x78, 0xE4,
    0xC2, 0x9D, 0x14, 0x2E, 0xF4, 0x1E, 0x46, 0xDD, 0x4F, 0xE9, 0xAC, 0x19, 0xA3, 0xD4, 0x46, 0xDF,
    0x1A, 0xFC, 0x7C, 0x56, 0xA8, 0x26, 0x9D, 0x20, 0xF2, 0x63, 0xB6, 0xCE, 0x6F, 0x88, 0xA5, 0x83,
    0x74, 0x55, 0x6B, 0xE7, 0xFB, 0x29, 0xC7, 0x2D, 0x4D, 0xB3, 0xD9, 0x8E, 0xD9, 0x64, 0xF3, 0xF3,
    0x8B, 0x42, 0x31, 0x29, 0x34, 0x4C, 0xB8, 0xDF, 0x4A, 0x38, 0xA6, 0xE8, 0xD6, 0xCD, 0x4D, 0x9A,
    0x4A, 0x19, 0x2D, 0xE1, 0xD1, 0x8E, 0xAD, 0x1C, 0xD5, 0x28, 0xE1, 0xA8, 0x17, 0x12, 0x8D, 0xD9,
    0xAA, 0x02, 0x2D, 0x56, 0xD7, 0x13, 0x1B, 0x0B, 0xB8, 0xE0, 0x41, 0xB8, 0xDA, 0xC6, 0xFC, 0xB8,
    0x7A, 0x69, 0xD5, 0x91, 0xB7, 0x13, 0xDF, 0xC3, 0xA7, 0x8E, 0xDE, 0x96, 0xB3, 0x42, 0x0E, 0x00,
    0x65, 0xB1, 0x1D, 0xD7, 0xFA, 0x98, 0x99, 0xDE, 0xA7, 0xDE, 0xD0, 0x0E, 0xDC, 0xEB, 0x2A, 0xED,
    0x97, 0x55, 0xAE, 0xAA, 0x5E, 0x15, 0x23, 0x6F, 0x65, 0xBB, 0xDB, 0x3E, 0x2F, 0xF8, 0x91, 0xB8,
    0x76, 0x1F, 0x49, 0x6A, 0xF7, 0x91, 0xB4, 0xCE, 0xEC, 0x81, 0xF9, 0x51, 0xBF, 0x1A, 0x18, 0x00,
    0x6A, 0x6C, 0xC5, 0xEC, 0x66, 0xB3, 0x90, 0xF4, 0x19, 0x81, 0x6F, 0xF2, 0x23, 0xE7, 0x84, 0xBD,
    0x56, 0xA8, 0x83, 0x6A, 0x60, 0xA6, 0x8C, 0xFD, 0x3B, 0x1C, 0x2C, 0x30, 0x5C, 0x51, 0x95, 0x70,
    0xF3, 0x09, 0xF7, 0x9E, 0x04, 0xDC, 0x10, 0xDF, 0x94, 0xE0, 0x66, 0x78, 0xDE, 0x2B, 0xB6, 0xB6,
    0x9D, 0x44, 0xD4, 0xD3, 0xF6, 0xA6, 0x93, 0xBD, 0x58, 0x78, 0xE8, 0x8E, 0x7D, 0xF5, 0x44, 0x51,
    0xEA, 0xD9, 0xAD, 0xBD, 0x6B, 0x90, 0x93, 0xC9, 0x65, 0xC6, 0x53, 0x76, 0xA0, 0x59, 0x35, 0x23,
    0xB7, 0x03, 0x5E, 0x49, 0xC9, 0xF0, 0xB9, 0x33, 0xAE, 0x2A, 0x34, 0xBA, 0xEF, 0x63, 0xE5, 0x17,
    0xDC, 0x55, 0xAD, 0xA4, 0x93, 0x93, 0x50, 0x3A, 0xCA, 0xF7, 0x7D, 0x17, 0x24, 0x7F, 0xA6, 0x63,
    0x4A, 0x85, 0xC7, 0x19, 0x4A, 0x05, 0xC0, 0xC7, 0xFF, 0x06, 0xE4, 0x97, 0x31, 0x8C, 0xE5, 0x56,
    0x15, 0x86, 0x7F, 0x3F, 0xB3, 0x63, 0x09, 0x17, 0x6E, 0x60, 0x53, 0xA4, 0x78, 0x3D, 0x8D, 0xFB,
    0x02, 0x5D, 0x4B, 0x14, 0xB4, 0x5B, 0x90, 0x6A, 0xFB, 0x3A, 0x7D, 0x81, 0x6C, 0x44, 0x2F, 0xA6,
    0x6F, 0xD8, 0x22, 0x45, 0x32, 0xCD, 0xB6, 0x14, 0x44, 0x7E, 0x11, 0xBD, 0x64, 0x29, 0x12, 0x29,
    0xB1, 0xD0, 0x46, 0xA2, 0xC3, 0x12, 0x46, 0xF1, 0x82, 0xED, 0x9F, 0x7B, 0x74, 0xAE, 0x7D, 0x0E,
    0x68, 0x96, 0x49, 0x10, 0x28, 0x91, 0x38, 0x92, 0xF7, 0x7C, 0xDF, 0xDA, 0x73, 0xE6, 0xFA, 0xBE,
    0xFF, 0x59, 0x1E, 0xA4, 0xFA, 0xD9, 0x01, 0xF9, 0x7E, 0x50, 0x41, 0x00, 0x77, 0xE4, 0x9B, 0x48,
    0x0D, 0xD0, 0x92, 0x6C, 0xF2, 0x48, 0x39, 0xFF, 0xF6, 0x92, 0x23, 0x08, 0x54, 0x3B, 0x50, 0xAF,
    0x68, 0x81, 0x30, 0x43, 0xAE, 0xFF, 0x14, 0xE0, 0x00, 0x64, 0xFC, 0x6C, 0xC1, 0x85, 0x1D, 0x80,
    0xFE, 0xCF, 0x23, 0x72, 0x46, 0x40, 0x20, 0x50, 0x0A, 0xA1, 0x5E, 0x80, 0x6A, 0x13, 0xBA, 0xAE,
    0x91, 0xE2, 0x21, 0xFF, 0xAA, 0xE9, 0x99, 0x5A, 0x08, 0xE5, 0x0E, 0x84, 0x05, 0x42, 0x3C, 0xA8,
    0x10, 0x9A, 0xFF, 0x1B, 0x64, 0x93, 0x6B, 0x23, 0x5D, 0xC1, 0x6E, 0x6B, 0xB1, 0x95, 0xEA, 0x7A,
    0xF4, 0xEA, 0x74, 0x47, 0x13, 0xD2, 0x5D, 0xB6, 0x23, 0xF4, 0xCE, 0xC1, 0x9B, 0xE8, 0x74, 0x5C,
    0x72, 0xDD, 0x8E, 0x51, 0x05, 0xBF, 0xBC, 0xE3, 0x24, 0x84, 0x9E, 0x64, 0x07, 0xFD, 0x9D, 0x5C,
    0xA0, 0xF5, 0xC3, 0x0F, 0x60, 0xF5, 0x03, 0x6D, 0x19, 0xB5, 0xE7, 0xEC, 0xB4, 0xCB, 0xF4, 0xEC,
    0x05, 0xB2, 0xD8, 0x33, 0xF2, 0x1E, 0x6D, 0x87, 0x2B, 0xB9, 0x22, 0x34, 0xE8, 0xDF, 0xBE, 0x64,
    0x13, 0x64, 0x3D, 0xE8, 0x87, 0xDF, 0xCA, 0xC7, 0x88, 0xFA, 0xAB, 0x19, 0x95, 0xEC, 0x30, 0x3B,
    0x54, 0x0B, 0x50, 0x46, 0xAE, 0x27, 0xA0, 0xD8, 0x74, 0xED, 0xF9, 0x9E, 0x3A, 0x63, 0x1F, 0xFF,
    0xC3, 0x3E, 0xB9, 0xBE, 0xDB, 0xFC, 0xE3, 0xF7, 0x55, 0xAB, 0x72, 0xB1, 0xE9, 0xB9, 0x0B, 0x1B,
    0xDD, 0xAD, 0xFE, 0x4D, 0x21, 0x77, 0x85, 0x9A, 0xDC, 0x01, 0x39, 0xC1, 0x11, 0x52, 0xCF, 0x8E,
    0x28, 0xAA, 0x35, 0x07, 0x85, 0xF1, 0xA0, 0x76, 0xFA, 0xD1, 0xC3, 0xC3, 0xC7, 0xB8, 0x7B, 0x78,
    0xD5, 0xCE, 0x2D, 0xB9, 0xA1, 0xE0, 0x1C, 0xE6, 0xE7, 0xE4, 0x47, 0xC8, 0x5E, 0xCF, 0xD5, 0x84,
    0xB0, 0xC9, 0x86, 0xCF, 0xC5, 0xA4, 0x1F, 0x6D, 0x3E, 0x97, 0xA3, 0xD2, 0x65, 0xBE, 0xDE, 0x12,
    0xFD, 0xB5, 0x47, 0x22, 0x2E, 0x07, 0xED, 0xCD, 0x41, 0x33, 0xBE, 0xAB, 0x74, 0x7D, 0x17, 0xE5,
    0x93, 0x7E, 0x8D, 0x94, 0x34, 0xB6, 0xA5, 0x50, 0x49, 0xD1, 0xE1, 0xC8, 0x51, 0x90, 0x84, 0x66,
    0x9C, 0xE3, 0xD1, 0x68, 0x1A, 0x1F, 0x5E, 0x6F, 0x02, 0x12, 0x25, 0x4E, 0x29, 0x78, 0xDC, 0x1B,
    0x28, 0x7E, 0xD0, 0xF8, 0x60, 0x1E, 0x90, 0x12, 0x29, 0x51, 0x3C, 0x60, 0x38, 0x4E, 0x0D, 0x3D,
    0x6F, 0x68, 0x39, 0x84, 0x1B, 0x23, 0xF4, 0x1C, 0xAE, 0xB7, 0x97, 0x11, 0xDE, 0xE7, 0x50, 0x77,
    0x88, 0x80, 0x78, 0x0A, 0xE8, 0x23, 0xF4, 0xBF, 0x5F, 0x15, 0x5A, 0x8E, 0x09, 0xDE, 0x22, 0xC1,
    0xF0, 0x3F, 0x87, 0xDE, 0x81, 0xFE, 0x37, 0x07, 0x0D, 0xDA, 0x45, 0x61, 0x42, 0x21, 0x80, 0x7A,
    0xC3, 0xB5, 0x9D, 0x22, 0x54, 0xFC, 0xFB, 0x2E, 0xE1, 0x42, 0x4E, 0x2E, 0x35, 0x25, 0x91, 0x72,
    0x7B, 0x02, 0x9A, 0x5B, 0x5F, 0x59, 0x03, 0xBC, 0x70, 0x7E, 0x99, 0x51, 0x8C, 0x70, 0xB5, 0xA3,
    0xBE, 0x79, 0x0F, 0x5D, 0xDF, 0x78, 0xBF, 0xFE, 0x71, 0x87, 0xAF, 0x92, 0x2B, 0x7C, 0xE5, 0x9C,
    0xE0, 0x2B, 0x93, 0x75, 0xF8, 0x7A, 0xE8, 0xF0, 0x64, 0xC5, 0xAF, 0xD2, 0xC3, 0x27, 0x4D, 0x84,
    0xBB, 0x07, 0xA9, 0x57, 0x81, 0xB1, 0xE4, 0x43, 0x28, 0x05, 0x38, 0x3D, 0xA7, 0xD4, 0x70, 0x3A,
    0xC2, 0xA2, 0x5F, 0x99, 0x2A, 0x1E, 0xB2, 0x4F, 0x12, 0xCD, 0x2B, 0xA3, 0x8F, 0x1A, 0xB0, 0xEB,
    0xA2, 0xBD, 0x1A, 0x34, 0x7A, 0xE2, 0x12, 0x8E, 0xEA, 0x16, 0x79, 0x57, 0x47, 0x3F, 0x89, 0x23,
    0xAC, 0xEA, 0x32, 0x54, 0xBC, 0x9F, 0xD5, 0xD3, 0x33, 0x13, 0x1C, 0xD5, 0x35, 0xCD, 0xB8, 0xF0,
    0x76, 0xF8, 0x2E, 0x5E, 0xB0, 0x53, 0xD7, 0x8C, 0xA3, 0x22, 0x92, 0x17, 0x42, 0xA8, 0x37, 0xF3,
    0x46, 0x7F, 0x4B, 0xF2, 0x5C, 0x5C, 0x56, 0x61, 0xAE, 0xFB, 0x67, 0xAE, 0x8F, 0x5B, 0xEF, 0x25,
    0x1B, 0xEF, 0xBA, 0x08, 0xE7, 0xF5, 0xFA, 0xCF, 0xDE, 0xCE, 0xF0, 0xEB, 0x01, 0x27, 0xC0, 0xD6,
    0xAB, 0x21, 0xB3, 0xFB, 0x91, 0x4D, 0x33, 0xDF, 0x8E, 0x7B, 0xB2, 0xFD, 0xB8, 0x6E, 0xE6, 0x61,
    0xD1, 0xCD, 0xC3, 0x6F, 0xD4, 0xDB, 0x49, 0x37, 0x0F, 0xAB, 0x3A, 0x47, 0x3D, 0xD4, 0xE5, 0x4E,
    0xE4, 0x38, 0xBD, 0x62, 0xDA, 0x92, 0xCB, 0x22, 0xA3, 0xB2, 0x7E, 0x4D, 0x9B, 0x57, 0x2C, 0x19,
    0xF7, 0x87, 0xD7, 0xF2, 0xA3, 0xF5, 0x1E, 0xE3, 0xD0, 0x2F, 0x81, 0xD4, 0x27, 0xB4, 0x00, 0xA9,
    0x7E, 0x6F, 0x8E, 0xB3, 0xBE, 0x07, 0x3C, 0xF3, 0xE9, 0x6D, 0x10, 0x9C, 0x96, 0x63, 0xB6, 0x5A,
    0xD8, 0x90, 0xAF, 0xE5, 0x0C, 0xCD, 0x9A, 0x46, 0xB7, 0x1E, 0x71, 0x46, 0x0D, 0x90, 0x27, 0xC8,
    0x99, 0xB4, 0x48, 0x6C, 0x70, 0x06, 0x4D, 0x63, 0x74, 0xE6, 0x0C, 0xF8, 0xFE, 0xC7, 0xAA, 0xF6,
    0x0C, 0xB2, 0x94, 0x79, 0x0D, 0x8B, 0xA9, 0xEE, 0x69, 0xC1, 0x58, 0xE3, 0xB1, 0xE5, 0xAA, 0x53,
    0xD2, 0x1D, 0xA5, 0x9D, 0x8D, 0x8C, 0x72, 0x96, 0xA7, 0x9D, 0x6A, 0x11, 0x75, 0x90, 0x4F, 0xF9,
    0xD0, 0xA6, 0xBC, 0xA1, 0xDC, 0xED, 0xD3, 0xAF, 0xE2, 0x99, 0xD5, 0xF4, 0x99, 0xBE, 0x79, 0xF8,
    0xEC, 0x8D, 0x5E, 0x65, 0xB0, 0xA9, 0xFE, 0x63, 0x2A, 0x83, 0x4D, 0x65, 0xB0, 0x8F, 0x55, 0x98,
    0x2D, 0x55, 0x3A, 0xD8, 0x42, 0xA5, 0x83, 0x2D, 0x53, 0xB9, 0x45, 0x58, 0xDF, 0x68, 0xFC, 0xE6,
    0xE8, 0x60, 0x0B, 0x94, 0x0C, 0x9E, 0x2C, 0x4F, 0x71, 0x70, 0x36, 0x9D, 0x71, 0x92, 0xC1, 0x17,
    0xD5, 0x8A, 0x3A, 0x38, 0x9F, 0x52, 0x98, 0x74, 0x70, 0x39, 0x9D, 0x59, 0xAA, 0x18, 0x6B, 0x3A,
    0xA3, 0x54, 0x9B, 0xDE, 0x9F, 0xEA, 0x1F, 0x9B, 0x0D, 0xE4, 0x67, 0x64, 0xBD, 0xA3, 0xEC, 0x73,
    0x92, 0x6C, 0x45, 0xE8, 0x10, 0xAB, 0x8D, 0x82, 0xBE, 0xA1, 0x30, 0x2A, 0x91, 0xF0, 0xC5, 0xAA,
    0x29, 0x13, 0xA9, 0x38, 0x0B, 0xA3, 0x10, 0x29, 0x39, 0x9A, 0xC4, 0x85, 0x9B, 0x64, 0x0F, 0x8D,
    0x49, 0x2A, 0x2F, 0xCF, 0x9C, 0x14, 0x5C, 0x44, 0x18, 0x6B, 0x95, 0xD8, 0xFE, 0xF4, 0x14, 0x92,
    0x5F, 0x1C, 0x92, 0x73, 0x28, 0xBE, 0x8A, 0xB2, 0xCB, 0xDE, 0x95, 0x04, 0xFA, 0x0D, 0xD9, 0x22,
    0x3B, 0x57, 0xAD, 0x40, 0x88, 0x32, 0xC9, 0xBE, 0x5D, 0x65, 0xAB, 0x45, 0x64, 0xD7, 0xEA, 0x59,
    0x6F, 0xA1, 0x91, 0x3D, 0x0B, 0x93, 0x7B, 0xDF, 0x14, 0x91, 0xFB, 0x91, 0x61, 0x4E, 0xFA, 0x11,
    0x61, 0x3C, 0x6E, 0x81, 0x37, 0x13, 0xF9, 0x08, 0xDA, 0x24, 0x32, 0xCC, 0xCE, 0x5C, 0x57, 0x27,
    0x61, 0x56, 0x29, 0x37, 0x1D, 0x96, 0x46, 0xEB, 0x30, 0x11, 0x0B, 0x4A, 0x9D, 0x44, 0x86, 0xFD,
    0x38, 0xAD, 0x1A, 0xD5, 0x1A, 0x45, 0xEF, 0x47, 0x87, 0xFD, 0x5C, 0x4E, 0xB7, 0x9B, 0x0E, 0xFB,
    0x34, 0x67, 0x77, 0xF9, 0x0B, 0x01, 0x89, 0xC8, 0x96, 0x71, 0xEF, 0x3F, 0xE7, 0x7D, 0xCE, 0x58,
    0x1B, 0x5A, 0xF2, 0x27, 0x64, 0x92, 0x92, 0xDB, 0x25, 0xC9, 0x0A, 0xD8, 0x4B, 0x86, 0x3C, 0x23,
    0x3E, 0x91, 0x1E, 0x1F, 0x15, 0x1F, 0x05, 0x72, 0x13, 0x26, 0xB9, 0xC8, 0xFB, 0x9D, 0xF0, 0x4B,
    0x09, 0x4D, 0x48, 0x9F, 0x0C, 0x97, 0xE3, 0xB1, 0xAB, 0x91, 0xBD, 0x2E, 0xCA, 0xE1, 0xFF, 0x89,
    0xAF, 0x8E, 0x6B, 0xC7, 0xE1, 0x6B, 0x70, 0xEB, 0x98, 0xCA, 0x21, 0xF2, 0x45, 0x59, 0xBE, 0xC0,
    0x0F, 0xAF, 0x95, 0x03, 0xA5, 0x3C, 0xEF, 0xC2, 0x48, 0xF5, 0x6E, 0x6E, 0x3D, 0x8F, 0xC6, 0xFD,
    0x60, 0xCC, 0xDB, 0xA3, 0x9C, 0xF3, 0x20, 0x09, 0xA1, 0x7D, 0x33, 0xFB, 0xE5, 0xE4, 0x2B, 0x07,
    0xE3, 0x3F, 0xC1, 0xD5, 0xE6, 0xC6, 0x34, 0x92, 0x2A, 0xC5, 0x2E, 0x85, 0x4A, 0x50, 0x32, 0xA5,
    0xD8, 0x1C, 0x91, 0xCA, 0x76, 0x4B, 0x94, 0x3E, 0x0C, 0xBF, 0x21, 0x5E, 0x48, 0x87, 0x4D, 0x42,
    0x7C, 0x68, 0x98, 0x1B, 0x5E, 0x0C, 0xB3, 0x6F, 0x07, 0xAF, 0x86, 0xB5, 0x61, 0x78, 0x0A, 0x5B,
    0x43, 0x0A, 0xA6, 0xD4, 0x08, 0xA6, 0xD0, 0x08, 0x6A, 0x4E, 0x1C, 0xEE, 0x82, 0xF6, 0xBE, 0x8A,
    0x47, 0xF0, 0xF2, 0x14, 0xE6, 0xFB, 0x63, 0x4F, 0xEB, 0x6A, 0x3D, 0xB1, 0x9E, 0x0F, 0xBA, 0xE3,
    0x68, 0x39, 0x69, 0x4E, 0x7C, 0x03, 0xB4, 0x9C, 0x80, 0xBA, 0x93, 0x86, 0x7E, 0xCC, 0xA4, 0xC5,
    0x23, 0x68, 0xAB, 0x27, 0xF9, 0x4F, 0x69, 0x08, 0x37, 0x69, 0x52, 0x4F, 0xB4, 0x96, 0x83, 0xB6,
    0x51, 0xDA, 0x7B, 0xD2, 0xDC, 0x94, 0x6F, 0xBB, 0x85, 0x45, 0x5A, 0xC6, 0xBD, 0x89, 0xAD, 0x25,
    0x57, 0x6B, 0x90, 0x7A, 0xB4, 0xB5, 0x83, 0xB6, 0x1B, 0xA4, 0x7A, 0x6D, 0xEC, 0x52, 0x7C, 0xA4,
    0x15, 0x3B, 0x44, 0xDA, 0x55, 0x63, 0x3D, 0x42, 0xDA, 0x5B, 0x79, 0x86, 0xBF, 0x02, 0x2E, 0xF1,
    0x09, 0x2E, 0xC7, 0x7D, 0xE0, 0x2A, 0x67, 0x49, 0x39, 0xC6, 0xE7, 0xDC, 0x80, 0xEC, 0x43, 0x7E,
    0x19, 0x0F, 0x59, 0x0E, 0x01, 0x5C, 0xF6, 0xF4, 0xE3, 0xB5, 0xBE, 0xA4, 0x1E, 0x2F, 0x44, 0x1C,
    0xD4, 0xA0, 0x36, 0xC1, 0xDB, 0xE2, 0xED, 0xD7, 0x9B, 0xB7, 0x5F, 0xD1, 0xDB, 0x2F, 0xD9, 0x39,
    0xFB, 0x05, 0x07, 0x67, 0x1D, 0x27, 0x6F, 0x61, 0xF1, 0x56, 0xAF, 0xDE, 0x2A, 0x7A, 0xCB, 0xD9,
    0x39, 0xBB, 0xC4, 0x66, 0x06, 0x4E, 0xDE, 0xDA, 0xD9, 0x5B, 0xBD, 0x7A, 0xAB, 0xE8, 0xAD, 0x60,
    0xE3, 0x2C, 0x0E, 0x75, 0x06, 0x8E, 0xDE, 0xDA, 0xD9, 0x5B, 0xBD, 0x7A, 0xAB, 0x76, 0x6F, 0x05,
    0xBD, 0xE5, 0xDE, 0x00, 0xB3, 0x78, 0xA0, 0x3D, 0x2C, 0x88, 0x85, 0x64, 0x19, 0xE7, 0x08, 0x55,
    0xB2, 0xA0, 0x7F, 0x0D, 0x7A, 0x43, 0x9E, 0xCC, 0xEA, 0xDF, 0x59, 0xF6, 0x2F, 0xD6, 0x39, 0xBB,
    0xB0, 0x71, 0x96, 0x13, 0xEF, 0xB4, 0x6A, 0xF5, 0x56, 0x2F, 0x4E, 0x9E, 0x73, 0x74, 0xD6, 0xB2,
    0xF1, 0xF6, 0x0A, 0xBE, 0xF2, 0xD9, 0xB8, 0xDA, 0xCE, 0xDC, 0xA2, 0xDA, 0xCF, 0xD4, 0x46, 0x3E,
    0x33, 0x1B, 0xAF, 0xB1, 0xC4, 0x16, 0x8B, 0xE5, 0x15, 0x3E, 0xAD, 0x3E, 0xAB, 0x3E, 0xA9, 0x3E,
    0xA7, 0x96, 0xD2, 0x92, 0x6B, 0xCA, 0xA8, 0xF0, 0x76, 0x26, 0x34, 0xEB, 0x37, 0xCB, 0x67, 0xB5,
    0x59, 0x3A, 0xCB, 0xCD, 0xB2, 0x59, 0x08, 0x57, 0x34, 0xD6, 0x5C, 0x2A, 0x6B, 0x2A, 0x95, 0xC1,
    0xC9, 0xB8, 0x9D, 0x8D, 0xEB, 0xD5, 0xB8, 0xA2, 0xB2, 0x65, 0x51, 0x59, 0x93, 0xA8, 0x0C, 0x8E,
    0xC6, 0xED, 0x6C, 0x5C, 0xAF, 0xC6, 0xD5, 0x6E, 0x5C, 0xD0, 0x38, 0x77, 0x0C, 0x65, 0x4B, 0x5E,
    0xE4, 0x94, 0x3B, 0xE1, 0x23, 0x75, 0xC2, 0x47, 0xE6, 0x8C, 0x73, 0xBD, 0xFE, 0xAC, 0x62, 0x7D,
    0x9C, 0xCB, 0xAF, 0xC1, 0xD5, 0x62, 0x7C, 0x9D, 0x8D, 0xC3, 0xF4, 0xE8, 0xCB, 0xCA, 0xFB, 0x2E,
    0xB0, 0xED, 0x06, 0xE3, 0x7B, 0xE3, 0xDA, 0x2E, 0xE1, 0x60, 0x38, 0x3E, 0x8A, 0x76, 0x41, 0xE8,
    0xF0, 0x0D, 0xEB, 0xC5, 0x91, 0xF1, 0xAE, 0xE6, 0x20, 0x7D, 0x68, 0xF9, 0x19, 0x65, 0x67, 0x7B,
    0x0E, 0xEF, 0xF1, 0x77, 0x24, 0x65, 0xC5, 0x03, 0xFA, 0x3F, 0x74, 0x85, 0x2C, 0x3C, 0x62, 0xD8,
    0xF5, 0x2B, 0xD8, 0x46, 0x94, 0x0B, 0x07, 0xC5, 0x39, 0xB6, 0x51, 0x71, 0x02, 0x82, 0xC3, 0x49,
    0x71, 0xFC, 0xAE, 0x62, 0x3F, 0x45, 0x9C, 0x05, 0xEF, 0xB8, 0x45, 0xDC, 0x04, 0x7B, 0x72, 0x42,
    0x88, 0x87, 0x47, 0xDB, 0xEA, 0x27, 0xB1, 0xBF, 0x3D, 0x86, 0x74, 0xD8, 0x3C, 0xF2, 0x72, 0x52,
    0x6E, 0x07, 0x65, 0xF6, 0x92, 0x5A, 0x70, 0x38, 0xF1, 0xAD, 0xFF, 0x1B, 0x17, 0xF9, 0x84, 0x72,
    0x00, 0xEC, 0x6F, 0x5B, 0xFB, 0xBB, 0x16, 0xE1, 0xF3, 0x55, 0xA1, 0xE2, 0x7C, 0xCC, 0xF9, 0x47,
    0x7B, 0x57, 0x0C, 0x6B, 0xB7, 0x91, 0x5D, 0x87, 0xA4, 0xBF, 0x88, 0x98, 0x08, 0xB8, 0x85, 0xB5,
    0x49, 0xAC, 0x82, 0x6D, 0x6C, 0x20, 0x60, 0x9D, 0xC2, 0x1E, 0x22, 0x29, 0x52, 0x6C, 0xA3, 0x22,
    0x7F, 0x0D, 0x24, 0x85, 0xAB, 0x00, 0xCE, 0xA6, 0x50, 0xDA, 0x00, 0xB1, 0xC8, 0x20, 0x08, 0xD2,
    0x7E, 0x20, 0xF6, 0xD6, 0x2A, 0x1C, 0xC0, 0x6B, 0x17, 0xEE, 0x01, 0xCB, 0x1C, 0x60, 0x8B, 0x14,
    0x69, 0x88, 0x64, 0x8D, 0x94, 0x4B, 0x20, 0x76, 0x95, 0x22, 0x8C, 0x43, 0xAC, 0xA9, 0x98, 0xE4,
    0x8D, 0xE6, 0xCC, 0x99, 0x79, 0xEF, 0xF1, 0xF9, 0x0B, 0xB2, 0xE5, 0xFF, 0x6D, 0x49, 0x6F, 0x20,
    0xCD, 0x3D, 0xFF, 0xFF, 0xF7, 0x1E, 0x39, 0x9C, 0x7B, 0x67, 0x66, 0xEE, 0xB9, 0x73, 0x5F, 0x0F,
    0xC9, 0x7D, 0x2C, 0xF7, 0xB0, 0x97, 0x95, 0x0F, 0xB6, 0x77, 0x97, 0x78, 0xC5, 0x4D, 0xFD, 0xDB,
    0x33, 0x7F, 0x63, 0x79, 0xCB, 0x4F, 0x2E, 0xFC, 0x6A, 0x5D, 0x97, 0x23, 0x81, 0x37, 0x8F, 0xFB,
    0x7E, 0xC4, 0x9D, 0xD9, 0xC8, 0x68, 0x4E, 0x84, 0x9E, 0x4D, 0x82, 0x64, 0x88, 0xDD, 0x35, 0xD2,
    0x9E, 0x4F, 0x2A, 0xEF, 0xA8, 0xDF, 0xB9, 0xE1, 0xE2, 0xBF, 0x6C, 0x68, 0x58, 0xDA, 0xAF, 0xD4,
    0x6A, 0xEF, 0x79, 0xB8, 0xEF, 0x47, 0xF5, 0xF5, 0xFC, 0xFC, 0x4D, 0xB7, 0xBF, 0xB5, 0x05, 0xB7,
    0xEE, 0x81, 0xE7, 0x5C, 0xB2, 0x9E, 0xBD, 0x91, 0x1B, 0xDA, 0x50, 0x61, 0xB8, 0xA1, 0x2D, 0x2B,
    0x18, 0x2F, 0xAE, 0x40, 0xC5, 0xF0, 0x14, 0x8E, 0x10, 0x44, 0x00, 0xE5, 0xCA, 0xAE, 0xA9, 0xA5,
    0xC1, 0xC7, 0x97, 0x22, 0x4B, 0x00, 0xEA, 0x47, 0xF0, 0x77, 0xDF, 0xC5, 0xD8, 0x5A, 0x9A, 0xD4,
    0x6E, 0xD4, 0x87, 0xA2, 0xB7, 0x63, 0x4F, 0x6D, 0x70, 0x6F, 0xD0, 0x02, 0xB7, 0x43, 0x9F, 0xB1,
    0x75, 0xC5, 0x66, 0xE2, 0x88, 0xBE, 0xB8, 0x25, 0x30, 0x3C, 0x91, 0x51, 0x25, 0xF2, 0xAB, 0x3B,
    0xD6, 0xCF, 0xF4, 0x10, 0xD8, 0xE1, 0x2B, 0x12, 0x0C, 0x56, 0x52, 0xC5, 0xB6, 0x6E, 0xD4, 0x5B,
    0xA8, 0xD9, 0xB0, 0xFD, 0xFA, 0xE6, 0x07, 0x62, 0xE0, 0x9F, 0x37, 0x91, 0xAC, 0xFF, 0x2C, 0xC6,
    0xBA, 0x22, 0xC5, 0xA0, 0x45, 0x46, 0x0F, 0xB6, 0xAE, 0x7B, 0xD4, 0xDD, 0x41, 0x1D, 0xE3, 0xF7,
    0x09, 0x5E, 0x93, 0x89, 0x29, 0x27, 0xF5, 0x5A, 0x6D, 0x72, 0xF9, 0x70, 0xD2, 0x63, 0x2A, 0xD2,
    0x6B, 0x51, 0xAD, 0x5D, 0x99, 0x5B, 0xDF, 0x35, 0xDA, 0xFA, 0x82, 0x56, 0xEA, 0x7E, 0xD1, 0x25,
    0x53, 0x36, 0xE6, 0x43, 0xB2, 0x68, 0xA3, 0xC4, 0x3A, 0x15, 0xC4, 0x35, 0xF0, 0xE5, 0xF7, 0x0F,
    0x36, 0xE9, 0x76, 0x1F, 0xF5, 0x63, 0x4B, 0x0F, 0x6A, 0x32, 0x76, 0xC5, 0x74, 0x4D, 0xFF, 0x67,
    0xDC, 0x4F, 0x24, 0xD8, 0x55, 0x2C, 0xF6, 0xBF, 0xBD, 0xF7, 0xD7, 0x95, 0xFA, 0xB8, 0x30, 0xF6,
    0xDE, 0x8B, 0x3E, 0x59, 0x6A, 0x63, 0xFF, 0xAE, 0xDA, 0x95, 0xF7, 0x7E, 0xD8, 0x35, 0x85, 0x8C,
    0x98, 0x97, 0xCF, 0x3C, 0xF9, 0x93, 0x7F, 0x87, 0xFF, 0x4B, 0x3B, 0x77, 0xEF, 0xEE, 0x0D, 0x4F,
    0x16, 0x9E, 0x51, 0xAB, 0x99, 0x77, 0x01, 0xF2, 0x3E, 0x9E, 0x01, 0xEC, 0xED, 0x72, 0xDF, 0x59,
    0xD2, 0x04, 0x5B, 0x6F, 0x9D, 0x5A, 0xFC, 0xDD, 0xAE, 0x10, 0xF4, 0x74, 0x1E, 0x17, 0xF2, 0xB4,
    0x00, 0xA0, 0x69, 0x95, 0xF2, 0x2C, 0x6D, 0x20, 0x69, 0x03, 0x47, 0xEB, 0x29, 0xDA, 0xC6, 0x33,
    0xB4, 0x5D, 0xA0, 0x33, 0x3D, 0x3F, 0x3B, 0x06, 0x27, 0xD4, 0x8E, 0x9D, 0x0D, 0x84, 0x68, 0xE0,
    0x66, 0x03, 0x81, 0x1A, 0x98, 0x59, 0x3D, 0x3E, 0x11, 0x08, 0x1F, 0x58, 0x06, 0x40, 0x3E, 0x36,
    0x5C, 0x3D, 0xDC, 0x58, 0x20, 0x63, 0xC3, 0xCD, 0x07, 0x2A, 0x36, 0x30, 0xB1, 0x81, 0x88, 0x0D,
    0x3C, 0xEC, 0x3E, 0x0D, 0x4B, 0x16, 0x96, 0x24, 0x6C, 0xE0, 0x60, 0x69, 0x08, 0xF6, 0x23, 0x5D,
    0x67, 0xE5, 0x5D, 0x8C, 0x37, 0x4E, 0x20, 0xD3, 0xE2, 0x55, 0x63, 0x38, 0xE3, 0x7B, 0xD9, 0x45,
    0xE5, 0x72, 0x79, 0xF7, 0x44, 0xB7, 0x51, 0x3B, 0x57, 0x27, 0xD8, 0x5A, 0xE5, 0xC8, 0x5A, 0x72,
    0xB5, 0xA4, 0x4D, 0xC9, 0x94, 0x92, 0x38, 0x25, 0x8F, 0x4A, 0x5A, 0xD5, 0x09, 0x51, 0xBA, 0xFF,
    0xA6, 0x62, 0xD8, 0x89, 0x95, 0x9F, 0xC9, 0x2B, 0xF0, 0x7A, 0x24, 0x66, 0xC9, 0xCB, 0x92, 0x96,
    0x25, 0x2B, 0x1B, 0x48, 0xD9, 0xC0, 0x6D, 0x79, 0x46, 0x2B, 0x9A, 0x54, 0x42, 0x2E, 0x5B, 0xE5,
    0x1D, 0x80, 0x36, 0x75, 0x03, 0x90, 0xFF, 0x8F, 0x40, 0x72, 0xDF, 0x41, 0x86, 0xD5, 0x15, 0x19,
    0x08, 0x7E, 0x76, 0x01, 0xB1, 0x2D, 0x8E, 0xD7, 0x7D, 0x58, 0x91, 0xD6, 0x95, 0x99, 0xAC, 0xAE,
    0xBC, 0x43, 0x52, 0x77, 0x56, 0xE4, 0x74, 0x03, 0x69, 0x3B, 0x3E, 0x55, 0xA0, 0x38, 0x06, 0x24,
    0x6F, 0x03, 0x77, 0x1B, 0xA8, 0xDB, 0xC0, 0xDC, 0x06, 0xE2, 0x36, 0xF0, 0xB6, 0x81, 0xB6, 0x0D,
    0xAC, 0x6D, 0x20, 0x6D, 0x03, 0x67, 0x1B, 0x56, 0x19, 0x89, 0x27, 0x1E, 0x17, 0x12, 0x8E, 0x75,
    0x43, 0xB5, 0xFD, 0xCF, 0x85, 0x0B, 0x8C, 0xE9, 0x80, 0x50, 0x8C, 0xA5, 0x7B, 0x0C, 0x02, 0x91,
    0x2C, 0xAF, 0x22, 0xC9, 0xAB, 0xC8, 0xF1, 0x2A, 0x52, 0xBC, 0xA4, 0x56, 0x29, 0xEB, 0x6B, 0x92,
    0x6D, 0x90, 0x81, 0xD1, 0x0D, 0x84, 0x2E, 0xF9, 0xDC, 0x40, 0xE7, 0x7A, 0x36, 0x37, 0x11, 0x99,
    0x4B, 0xE9, 0x03, 0x97, 0x1B, 0xD4, 0x3D, 0xE2, 0xA3, 0xDD, 0x82, 0xA3, 0xC2, 0x61, 0x23, 0xAA,
    0x00, 0x44, 0x15, 0x7C, 0x71, 0xA3, 0x8F, 0x40, 0xB9, 0xB1, 0x1B, 0x96, 0x2B, 0x35, 0x85, 0x93,
    0x29, 0xC4, 0x24, 0x16, 0xE1, 0x81, 0x0A, 0xF2, 0xF2, 0x12, 0xD1, 0x54, 0x12, 0xC1, 0xA8, 0x78,
    0x24, 0xA3, 0xD5, 0x6D, 0x55, 0xD5, 0x8F, 0xD4, 0xD9, 0x73, 0x6B, 0x22, 0xDB, 0x6D, 0x72, 0xDB,
    0x13, 0x88, 0xD9, 0xEE, 0x3C, 0x66, 0x82, 0x6C, 0x20, 0x28, 0x1A, 0x82, 0xDF, 0xA3, 0xBC, 0xCB,
    0x8D, 0x90, 0x92, 0xAA, 0xBC, 0xC4, 0x7A, 0xC2, 0x9F, 0xD4, 0x2B, 0xEA, 0x46, 0x73, 0xD5, 0x46,
    0x73, 0x32, 0x9A, 0x30, 0x4F, 0x43, 0x47, 0xD8, 0x15, 0x07, 0x2E, 0xF8, 0x6C, 0x72, 0x32, 0xEF,
    0x0F, 0xDD, 0x1E, 0xAF, 0x39, 0xF1, 0xBE, 0x7A, 0xB1, 0x72, 0x6A, 0xA0, 0xBB, 0xAF, 0x35, 0x26,
    0xFC, 0x1E, 0x41, 0x0C, 0xCD, 0xF3, 0x6C, 0x44, 0x71, 0xAF, 0xA2, 0x11, 0x68, 0xF5, 0x16, 0xA2,
    0x0D, 0xDD, 0xEE, 0xC5, 0x6F, 0x8E, 0x97, 0x53, 0xE3, 0xB1, 0x13, 0xE9, 0x9B, 0x18, 0x51, 0x71,
    0x32, 0xA2, 0x6B, 0x9C, 0x79, 0x1A, 0x15, 0xDD, 0xC3, 0xB3, 0xA2, 0x95, 0x48, 0xE5, 0x16, 0xCA,
    0xFA, 0xDF, 0x9C, 0x11, 0xE5, 0xEC, 0xD7, 0x74, 0xBB, 0xF8, 0xA2, 0x11, 0xBE, 0xF5, 0x68, 0x23,
    0x8A, 0x4F, 0x46, 0xB4, 0x65, 0x15, 0xA4, 0xDB, 0xCE, 0x4C, 0xF9, 0xB8, 0x9D, 0x88, 0xD4, 0xEA,
    0x81, 0xA6, 0xB4, 0x8F, 0x79, 0x63, 0x44, 0xCD, 0xCE, 0x88, 0x46, 0x82, 0xF2, 0x64, 0x44, 0xDF,
    0x87, 0x11, 0xD1, 0xCD, 0x19, 0xB3, 0x8F, 0xA1, 0x31, 0xEC, 0x61, 0x76, 0xF0, 0xA6, 0x7F, 0xEF,
    0x53, 0x96, 0xEA, 0x71, 0x8D, 0xC8, 0x4A, 0xF5, 0xF1, 0x73, 0x6E, 0x44, 0x2F, 0xB9, 0x7E, 0x78,
    0x80, 0x3E, 0x90, 0x46, 0xA5, 0xE8, 0x92, 0x7C, 0xB4, 0xFC, 0x4C, 0x51, 0xD9, 0x6E, 0xFC, 0xED,
    0xC0, 0xD1, 0x89, 0xA1, 0x6F, 0x3C, 0xF8, 0xCD, 0x75, 0x1F, 0xFA, 0x24, 0xD4, 0x35, 0x82, 0xBB,
    0x5A, 0x5B, 0x13, 0xDB, 0x27, 0xAE, 0x5D, 0xDD, 0xDB, 0xBA, 0xEE, 0x9D, 0x1B, 0xDF, 0xF9, 0x31,
    0xCB, 0xD1, 0x1A, 0x5E, 0x3E, 0xAB, 0x58, 0x2C, 0xBD, 0x9C, 0x2D, 0xB6, 0x25, 0xF5, 0x04, 0x7F,
    0x4D, 0x6F, 0x15, 0x09, 0x86, 0x7B, 0x0E, 0x37, 0x84, 0xBD, 0x3B, 0x73, 0x0C, 0x2E, 0xA5, 0x4A,
    0xCE, 0xBC, 0x8E, 0xD4, 0x0D, 0xD9, 0x6B, 0x31, 0x87, 0x60, 0x21, 0x88, 0x11, 0x53, 0xCF, 0x72,
    0xF2, 0xB0, 0x5F, 0x95, 0x87, 0xBD, 0x16, 0x71, 0x3D, 0x3B, 0xFB, 0xFA, 0xB8, 0xE8, 0x26, 0x1B,
    0xAD, 0x9A, 0xE5, 0xA0, 0xAA, 0x50, 0x03, 0x6B, 0x63, 0x7F, 0x7F, 0xA6, 0xA2, 0xEA, 0x69, 0xF5,
    0xB9, 0x73, 0x84, 0x3B, 0xC7, 0x18, 0xB7, 0xD5, 0x61, 0x46, 0x64, 0x5F, 0x3A, 0x1A, 0xBD, 0xB4,
    0x89, 0x9C, 0x81, 0x55, 0x6E, 0x41, 0x98, 0xEC, 0xAE, 0x4C, 0x87, 0x4F, 0x3A, 0xDC, 0x3E, 0x86,
    0x0E, 0xE3, 0xF2, 0xB8, 0xDA, 0xA6, 0x2E, 0x7B, 0x74, 0x74, 0xF5, 0x34, 0xF3, 0x46, 0xDB, 0x71,
    0x37, 0x3B, 0xC2, 0xDF, 0xAE, 0x7C, 0x80, 0xF2, 0x0B, 0x60, 0x41, 0x59, 0x81, 0xFF, 0x6A, 0x0F,
    0x23, 0xD4, 0x34, 0x71, 0x38, 0xFD, 0x77, 0x09, 0xAA, 0x9E, 0xFF, 0xD2, 0xE2, 0xBB, 0xC0, 0xC5,
    0x1F, 0x5B, 0xFC, 0x3A, 0xB0, 0x4E, 0x76, 0xF8, 0xED, 0x3D, 0x3C, 0x03, 0xA3, 0x44, 0xE3, 0x0E,
    0x27, 0xC3, 0x0E, 0x67, 0xDD, 0x0E, 0xE7, 0x66, 0x87, 0xCB, 0x6A, 0x87, 0xB5, 0xDA, 0xE1, 0xFB,
    0x4E, 0x1D, 0x81, 0xE7, 0x1D, 0x8E, 0x6D, 0x67, 0x3E, 0x6C, 0x17, 0xD9, 0xDF, 0x44, 0xC2, 0xC7,
    0xEF, 0x70, 0xF1, 0xE9, 0xF9, 0x1B, 0xC4, 0x2E, 0xD4, 0x92, 0xB8, 0xDE, 0xC3, 0x98, 0xC5, 0x15,
    0x2D, 0x6C, 0x87, 0x93, 0x91, 0x18, 0xE6, 0x45, 0x9C, 0xD8, 0xD3, 0x17, 0xC4, 0x69, 0xC7, 0x40,
    0x0C, 0x77, 0x4D, 0x5D, 0x01, 0xC3, 0x04, 0x5B, 0x15, 0x70, 0x24, 0x21, 0xBA, 0xDC, 0xC0, 0xFC,
    0x4B, 0x7B, 0xCF, 0x62, 0x44, 0x84, 0x07, 0x41, 0x76, 0x98, 0x5D, 0xBC, 0x7F, 0x78, 0x48, 0xC6,
    0x0D, 0x7A, 0xAC, 0x42, 0xBD, 0x3F, 0x53, 0xD4, 0xFD, 0x14, 0x9D, 0x6C, 0x3F, 0x43, 0x8B, 0x74,
    0xB0, 0x81, 0x55, 0x3E, 0x6F, 0x27, 0xD8, 0x81, 0xBD, 0xF8, 0xE2, 0x6C, 0x61, 0x56, 0x09, 0xED,
    0x61, 0x54, 0x11, 0x6D, 0x02, 0xBA, 0x0D, 0xBB, 0xE8, 0x81, 0x68, 0xFD, 0x6D, 0x07, 0x64, 0x0E,
    0x50, 0x0F, 0x3B, 0x61, 0xB0, 0xBF, 0x88, 0x43, 0xB0, 0x17, 0x20, 0x67, 0x33, 0x61, 0x6C, 0xF0,
    0x96, 0x4C, 0x54, 0xF7, 0x01, 0x71, 0xF1, 0x45, 0xD4, 0x13, 0xC5, 0xEE, 0xB1, 0xC0, 0x9E, 0x6C,
    0xEC, 0x3C, 0x78, 0xB6, 0x5F, 0xDB, 0x40, 0xEA, 0xAA, 0x9C, 0x94, 0xFE, 0x47, 0x4B, 0x02, 0xA9,
    0x5C, 0x3E, 0x94, 0x48, 0xD6, 0x8F, 0x56, 0x6B, 0x49, 0x53, 0x98, 0x17, 0x2F, 0xEC, 0x8F, 0x0D,
    0x97, 0x67, 0x37, 0x37, 0x07, 0x8C, 0x10, 0x3E, 0xC7, 0x65, 0xF3, 0x64, 0x41, 0xBB, 0xFE, 0x5C,
    0x84, 0xC7, 0x62, 0x72, 0x31, 0xEE, 0x7E, 0xB9, 0x0E, 0x64, 0xFB, 0x71, 0xA7, 0xAD, 0xE1, 0x1C,
    0x51, 0x37, 0xD4, 0x95, 0xBF, 0x09, 0xE1, 0xB5, 0x5C, 0xB3, 0xBB, 0xD6, 0x12, 0x94, 0x1E, 0xE8,
    0xE9, 0x08, 0x8C, 0x8F, 0x05, 0x60, 0xCC, 0x95, 0x05, 0x56, 0x25, 0x0C, 0xDE, 0xFE, 0x91, 0xAC,
    0x15, 0x40, 0x22, 0x03, 0x2F, 0x21, 0x1D, 0x2F, 0x2A, 0x86, 0xB7, 0x61, 0xC1, 0xEA, 0x9A, 0x68,
    0x52, 0x21, 0xB0, 0xF1, 0xB3, 0x67, 0xE7, 0xF2, 0x69, 0x15, 0x89, 0xF1, 0x7D, 0x38, 0x10, 0xE8,
    0x99, 0x20, 0x97, 0xC6, 0x81, 0x58, 0xD6, 0x73, 0xBB, 0x50, 0xA7, 0x29, 0xB9, 0x6D, 0x40, 0x38,
    0x6C, 0x88, 0x85, 0x64, 0x98, 0x50, 0xA3, 0xCA, 0xF1, 0xA2, 0xEB, 0x4F, 0x38, 0x6C, 0xDA, 0xC0,
    0x99, 0xCF, 0x8A, 0x25, 0x37, 0x4A, 0xAA, 0x64, 0xB9, 0xA1, 0x12, 0xC1, 0x44, 0x99, 0x2C, 0x08,
    0xFF, 0x48, 0xDD, 0xE8, 0x9B, 0xED, 0x09, 0xE3, 0x05, 0xFF, 0x96, 0xBA, 0x57, 0x26, 0x2B, 0x26,
    0x93, 0x48, 0x2C, 0xB2, 0xCA, 0x87, 0x76, 0x96, 0xCE, 0x64, 0x32, 0x77, 0x57, 0xE5, 0xBB, 0xB8,
    0x97, 0xBB, 0x9C, 0x3E, 0x51, 0x47, 0x14, 0xEC, 0x13, 0x71, 0x2C, 0x2F, 0xA9, 0xCB, 0x12, 0x26,
    0x07, 0x31, 0xA9, 0xF8, 0xA1, 0x81, 0xDA, 0x40, 0xB2, 0xD1, 0x71, 0xB3, 0x06, 0x21, 0x6A, 0x75,
    0x85, 0x6B, 0xB6, 0x55, 0x6C, 0x5F, 0x23, 0xCA, 0x89, 0x2A, 0x3A, 0x7F, 0x63, 0xBD, 0xDD, 0x36,
    0x6E, 0x29, 0x6C, 0xB0, 0x7B, 0xD2, 0x03, 0x54, 0x34, 0x97, 0x77, 0x3F, 0x92, 0xCA, 0xBD, 0x0E,
    0x56, 0xF8, 0x7F, 0x8E, 0x49, 0xB2, 0x8F, 0x86, 0x43, 0x4A, 0xEE, 0x17, 0xC8, 0x35, 0xD9, 0x8E,
    0x68, 0x65, 0x3F, 0xFF, 0xCB, 0xEC, 0xC9, 0x75, 0xBF, 0x2B, 0x93, 0x6E, 0x13, 0xAF, 0xC2, 0x8D,
    0x1C, 0xCB, 0xF3, 0xA9, 0xCE, 0x04, 0xA9, 0x10, 0x24, 0x52, 0x39, 0xF0, 0x5D, 0xA9, 0x33, 0x03,
    0x57, 0x94, 0x0D, 0x88, 0xB0, 0x0D, 0x37, 0x08, 0x72, 0xCC, 0x10, 0xBB, 0xC2, 0xE0, 0x15, 0x04,
    0x4F, 0xB8, 0x87, 0xAC, 0x42, 0xFC, 0xCA, 0x26, 0x4A, 0xE2, 0x87, 0x61, 0x14, 0xFF, 0x80, 0x16,
    0xBD, 0xFD, 0x6D, 0x8C, 0x62, 0x76, 0x46, 0xB1, 0x5C, 0x66, 0x14, 0x10, 0xE2, 0xD8, 0x1C, 0x1C,
    0x86, 0x5B, 0xD4, 0x9E, 0x51, 0x64, 0x87, 0x46, 0xD1, 0x1C, 0x1B, 0x45, 0x08, 0xE2, 0xEA, 0x1F,
    0x11, 0xC4, 0xF5, 0x1F, 0xDB, 0x20, 0xAE, 0xEC, 0x31, 0x83, 0xB8, 0x78, 0x12, 0xE6, 0x65, 0xAB,
    0x69, 0x22, 0x8B, 0x6D, 0x51, 0x85, 0x70, 0x9B, 0xD4, 0xC5, 0xB8, 0xD1, 0x04, 0xCA, 0x19, 0xCD,
    0xE0, 0x79, 0xB8, 0x99, 0x20, 0x1B, 0x08, 0x8A, 0x8E, 0x40, 0x57, 0x04, 0xAB, 0x72, 0x20, 0x99,
    0x08, 0xF2, 0x9E, 0xA0, 0x34, 0x04, 0xAD, 0x72, 0x20, 0x9A, 0x09, 0xD2, 0x89, 0x20, 0x5F, 0x08,
    0xB4, 0x10, 0x08, 0xA7, 0xC6, 0xAF, 0xBE, 0x92, 0x1E, 0x40, 0x7A, 0x19, 0x1D, 0x68, 0xEA, 0x99,
    0xD1, 0x2B, 0xE5, 0x4A, 0x0B, 0xCC, 0x85, 0xB7, 0x91, 0x8A, 0x71, 0x20, 0x16, 0x7F, 0xAB, 0x32,
    0x11, 0xD4, 0x0B, 0x41, 0x29, 0x04, 0xB9, 0x34, 0x6C, 0x20, 0x96, 0xF0, 0x68, 0xF2, 0x48, 0xAD,
    0x6D, 0x17, 0x2A, 0xB3, 0x96, 0x0B, 0x17, 0x6E, 0x93, 0xC9, 0xE4, 0x80, 0xFA, 0x68, 0x72, 0x31,
    0x0B, 0x3C, 0x7D, 0x3B, 0xB8, 0xBD, 0x50, 0x61, 0xF6, 0x4F, 0xDB, 0x16, 0x5F, 0xAC, 0x07, 0xA7,
    0x6B, 0x93, 0xB0, 0x78, 0xE9, 0x1F, 0x41, 0x82, 0x6B, 0x19, 0x0E, 0x64, 0x44, 0xA9, 0x34, 0x65,
    0xF9, 0xED, 0x65, 0x2D, 0x0B, 0x64, 0x2B, 0x2B, 0xE4, 0x2D, 0xF9, 0x0C, 0x92, 0x67, 0xB2, 0x60,
    0x45, 0x56, 0xE6, 0x83, 0x93, 0xA5, 0x71, 0xB2, 0x55, 0x90, 0xF1, 0xEC, 0x64, 0x3A, 0x38, 0x59,
    0x74, 0x4E, 0xD6, 0x94, 0x32, 0x40, 0xFE, 0xAF, 0x4C, 0x90, 0xF2, 0xDF, 0x8B, 0x93, 0x7F, 0x22,
    0x90, 0x53, 0x22, 0x8D, 0xFB, 0x3C, 0xE9, 0xF8, 0xB9, 0xBC, 0x8E, 0x9E, 0x9C, 0x2C, 0x16, 0x27,
    0x33, 0x71, 0x32, 0xE1, 0x61, 0x4D, 0xFB, 0xC4, 0x70, 0xC4, 0xA0, 0xB5, 0x41, 0xD2, 0x32, 0xAA,
    0x52, 0x3A, 0xC8, 0x58, 0xBA, 0x53, 0xA8, 0xD2, 0x77, 0x1B, 0xAA, 0xF4, 0x3B, 0x0F, 0xFC, 0xB4,
    0x66, 0x08, 0xEA, 0x6A, 0xB3, 0xD9, 0x8F, 0x97, 0xE0, 0xF4, 0x3E, 0x02, 0xE1, 0x35, 0xD2, 0x70,
    0x01, 0x14, 0xE2, 0x1A, 0x6A, 0x0F, 0x52, 0xB9, 0x78, 0x66, 0x02, 0x98, 0xB2, 0x31, 0xF0, 0x93,
    0xE1, 0x09, 0x85, 0x08, 0x3C, 0x88, 0xD4, 0x89, 0x8C, 0x3F, 0x79, 0x4E, 0xA6, 0x82, 0x82, 0x72,
    0x90, 0xA3, 0xB8, 0x65, 0x17, 0x2A, 0xBC, 0x84, 0x2D, 0x7A, 0x0B, 0x58, 0x9E, 0xFE, 0x40, 0xBD,
    0x93, 0xF6, 0x73, 0x22, 0x61, 0xCF, 0x52, 0x1C, 0x95, 0x67, 0xD4, 0x4E, 0xDA, 0xFD, 0xE5, 0x56,
    0x42, 0x93, 0xF8, 0x3A, 0x91, 0x38, 0x3B, 0x89, 0xFD, 0xE9, 0x7D, 0x08, 0x1E, 0x94, 0x60, 0x5A,
    0x80, 0xA2, 0x51, 0xDA, 0x91, 0x41, 0x0B, 0x3E, 0xCC, 0xD9, 0x9B, 0x38, 0x1A, 0xAD, 0x76, 0x86,
    0x55, 0xBA, 0x7E, 0xCE, 0xC5, 0x59, 0xCA, 0x2F, 0x8E, 0x8D, 0xC7, 0x79, 0x84, 0x52, 0x38, 0x80,
    0x9C, 0x58, 0x9C, 0x18, 0x55, 0xFA, 0xE0, 0xA1, 0x3B, 0xB0, 0x57, 0x99, 0xC1, 0x31, 0x8A, 0xAC,
    0xB1, 0xAA, 0x60, 0x45, 0x4C, 0xC3, 0xE6, 0x49, 0x3D, 0x73, 0xDC, 0xB2, 0x74, 0xD8, 0xD7, 0x25,
    0x6A, 0xD2, 0x8A, 0xDE, 0x4C, 0x9C, 0xB5, 0x26, 0xCE, 0x56, 0xA3, 0xF3, 0x8F, 0xDC, 0x63, 0x8A,
    0xB8, 0x56, 0x28, 0xFD, 0xD2, 0x21, 0x78, 0x4E, 0x21, 0x0C, 0xB9, 0x2A, 0xD2, 0x92, 0x91, 0x13,
    0x45, 0x83, 0x5F, 0xD6, 0x4E, 0xB4, 0x06, 0x6F, 0x68, 0x3B, 0x58, 0x54, 0x3B, 0xC0, 0x7A, 0xF4,
    0xA2, 0xC0, 0xB4, 0xC8, 0xAF, 0x6E, 0x89, 0xA5, 0x6E, 0xDC, 0x65, 0x6B, 0x0E, 0x19, 0x7F, 0xF6,
    0x0E, 0x68, 0x0C, 0xAC, 0xEF, 0x67, 0x30, 0x6E, 0x75, 0x65, 0x17, 0x6F, 0x65, 0xA7, 0xB1, 0x89,
    0x13, 0x5C, 0x7C, 0x09, 0xF7, 0xC7, 0x70, 0xCB, 0x9F, 0xDD, 0x53, 0x47, 0x85, 0x47, 0xF2, 0x0D,
    0xEA, 0x6E, 0x0F, 0x37, 0xF6, 0x70, 0xA4, 0xE0, 0xCC, 0x0F, 0x18, 0x9F, 0x74, 0x50, 0x05, 0x57,
    0x91, 0x64, 0x44, 0x56, 0x8E, 0x9D, 0x7C, 0xA6, 0x7C, 0x6E, 0xFC, 0xA3, 0x3B, 0x58, 0x8B, 0x3A,
    0x15, 0x2B, 0x52, 0x28, 0x56, 0xF4, 0x53, 0x21, 0xC3, 0x57, 0xED, 0x9E, 0x8C, 0xEC, 0xB3, 0x45,
    0x23, 0xC7, 0x33, 0x2E, 0xF8, 0x36, 0xF5, 0xB8, 0xAB, 0xCB, 0xA1, 0xC4, 0xBB, 0x5A, 0x78, 0x57,
    0xEC, 0xE7, 0x89, 0x11, 0xA3, 0x62, 0x3C, 0x43, 0x7B, 0x3A, 0x6B, 0xFD, 0xB9, 0x0C, 0x2A, 0x73,
    0x4F, 0xEE, 0x8E, 0x7D, 0x70, 0xDF, 0x34, 0x36, 0x3C, 0x93, 0x19, 0xA4, 0xFC, 0x59, 0xCB, 0xFC,
    0x45, 0xD9, 0x35, 0xFD, 0xA7, 0xA1, 0xE2, 0x7F, 0xC1, 0x73, 0x37, 0xAD, 0x65, 0x18, 0xB1, 0xA2,
    0x52, 0xED, 0xC5, 0x93, 0x65, 0x6B, 0x39, 0x65, 0x6B, 0x39, 0x65, 0x6B, 0xF1, 0xFA, 0xC3, 0xE2,
    0xD5, 0x87, 0x25, 0x68, 0x0F, 0x0B, 0x95, 0x87, 0x25, 0xE8, 0x0E, 0x0B, 0x55, 0x07, 0xF8, 0x19,
    0x48, 0xC0, 0x72, 0x4A, 0xC0, 0xC2, 0x34, 0x2B, 0x2C, 0xFC, 0xE1, 0xF8, 0xA4, 0x23, 0x5B, 0xB2,
    0x39, 0xF2, 0xC6, 0x92, 0x3E, 0xD9, 0x0F, 0xA7, 0x9C, 0x2B, 0xD7, 0x9E, 0x73, 0x25, 0x94, 0x73,
    0x27, 0xA8, 0xA2, 0x68, 0xCF, 0xF6, 0x80, 0x6C, 0xD9, 0x13, 0xD4, 0xCD, 0x76, 0xB9, 0x3D, 0x7A,
    0xB0, 0x39, 0xD9, 0x71, 0xA5, 0xAE, 0xDE, 0x93, 0xAB, 0x97, 0xDC, 0x10, 0xDB, 0x1C, 0xEE, 0xBD,
    0xF5, 0x61, 0xA0, 0x7B, 0x5B, 0xA1, 0x74, 0x24, 0x77, 0x09, 0xF1, 0xB2, 0x7A, 0x2C, 0x57, 0xEF,
    0xC9, 0xD5, 0x4B, 0x3F, 0xEC, 0x8B, 0x0C, 0xC6, 0xC0, 0x86, 0x30, 0x27, 0xE7, 0x09, 0x7F, 0xEC,
    0x59, 0x2B, 0x0F, 0xF0, 0x9C, 0xF5, 0x82, 0xC6, 0x34, 0x41, 0xF5, 0x02, 0x13, 0x5B, 0x4C, 0x3F,
    0xAC, 0x1F, 0x04, 0x05, 0x6D, 0xD9, 0xFC, 0x60, 0x97, 0x11, 0x1F, 0x8A, 0x6D, 0xD8, 0x3B, 0xE1,
    0x3D, 0x68, 0x58, 0xF8, 0xA1, 0x9C, 0xC3, 0x0F, 0x00, 0xD7, 0xFA, 0x03, 0xCC, 0xBF, 0x1C, 0xA9,
    0xEE, 0x91, 0xB8, 0x28, 0x11, 0xED, 0x4D, 0xAF, 0xED, 0x3D, 0xB1, 0x51, 0x8F, 0xB1, 0x18, 0xD7,
    0x26, 0xB4, 0x77, 0x0D, 0x5B, 0xF9, 0xD8, 0x73, 0xD2, 0x34, 0xA3, 0x43, 0x8F, 0xFB, 0x85, 0x6A,
    0xA5, 0x87, 0x5B, 0x37, 0xC3, 0x9B, 0x7E, 0xEC, 0xA6, 0x49, 0x8C, 0xD2, 0xF2, 0xEE, 0x9B, 0xD0,
    0xB7, 0x2F, 0xE9, 0xAC, 0x2E, 0xF0, 0xCA, 0xD9, 0x82, 0x46, 0x91, 0xA7, 0x84, 0x06, 0xF0, 0xC4,
    0x66, 0x6A, 0xC1, 0xCC, 0x11, 0x95, 0xA0, 0xD9, 0x03, 0xD3, 0x25, 0xA0, 0xDA, 0x80, 0x54, 0xC2,
    0xF2, 0x22, 0x2C, 0x2C, 0x3C, 0x58, 0x08, 0xC2, 0x5A, 0x47, 0x8F, 0x61, 0x01, 0x41, 0x20, 0x9D,
    0x03, 0x71, 0x70, 0xA2, 0x07, 0xB7, 0xFA, 0x4C, 0x10, 0x56, 0x30, 0xD2, 0x39, 0x10, 0x96, 0x29,
    0x61, 0x45, 0xD2, 0xF6, 0x0E, 0x64, 0x52, 0x01, 0x3C, 0x68, 0x27, 0xAF, 0x4B, 0x0D, 0x01, 0x36,
    0xA9, 0x5C, 0xF9, 0xF2, 0x5D, 0xDF, 0x06, 0x84, 0x31, 0x9B, 0x80, 0x3D, 0x1A, 0x3A, 0x90, 0x60,
    0x33, 0x6B, 0xC5, 0x62, 0x88, 0xDA, 0xE3, 0xF0, 0xDF, 0xE9, 0x28, 0xFC, 0xB7, 0x3D, 0xCA, 0xD4,
    0x70, 0x83, 0xE0, 0xB2, 0x12, 0x72, 0x83, 0x84, 0xC4, 0x20, 0x21, 0x2B, 0x48, 0x48, 0x09, 0xB2,
    0xCB, 0x07, 0x52, 0x48, 0xE7, 0xC1, 0xE0, 0xC1, 0x44, 0xC0, 0x1C, 0x20, 0x21, 0x01, 0x48, 0xC8,
    0xFE, 0x11, 0x52, 0x7F, 0x20, 0xEF, 0x07, 0x81, 0x9E, 0x08, 0xCA, 0x99, 0x20, 0x17, 0x02, 0xE6,
    0xFA, 0x60, 0xA2, 0x0F, 0x66, 0x9E, 0x21, 0xA8, 0x47, 0x82, 0x72, 0x26, 0xC8, 0x05, 0x80, 0x99,
    0x3D, 0x42, 0x5A, 0x0F, 0xE6, 0xF4, 0x20, 0xA8, 0x47, 0x82, 0x72, 0x26, 0xC8, 0x57, 0x82, 0x54,
    0x08, 0x12, 0x0F, 0x14, 0x00, 0xD3, 0x77, 0x84, 0xDC, 0x1D, 0x21, 0x71, 0x07, 0xB3, 0x76, 0x10,
    0xB8, 0x87, 0x7F, 0xF3, 0xF6, 0xC1, 0x3C, 0x0C, 0x15, 0x64, 0x08, 0x26, 0x3B, 0x7B, 0xB3, 0xC2,
    0x28, 0x3C, 0x85, 0xEC, 0x3B, 0xF3, 0xBD, 0x47, 0x64, 0xC2, 0x08, 0x69, 0x30, 0x98, 0x03, 0xC3,
    0x27, 0xC0, 0x08, 0xD9, 0x2F, 0x98, 0xFA, 0x22, 0xE4, 0xBD, 0x60, 0xD2, 0x0B, 0x37, 0x8A, 0x50,
    0x12, 0x5F, 0xAB, 0x64, 0x06, 0x0B, 0x9F, 0xBE, 0xC2, 0x27, 0xAC, 0xF0, 0x92, 0x8E, 0xA4, 0xED,
    0xFA, 0x6C, 0xF6, 0x26, 0xD3, 0x6F, 0xF3, 0x87, 0x04, 0x3D, 0xBF, 0xF0, 0xE0, 0x2F, 0xD4, 0x86,
    0x93, 0xAF, 0x85, 0x5D, 0xB0, 0x46, 0x7C, 0xF5, 0xC4, 0xD8, 0x83, 0x68, 0x54, 0xAF, 0x07, 0xC0,
    0x3F, 0xF9, 0x69, 0xF9, 0x93, 0x3F, 0xE2, 0x8B, 0xF5, 0x8E, 0xCF, 0xEC, 0x8E, 0xE2, 0x05, 0xCD,
    0x26, 0x5E, 0xB0, 0xF4, 0xEC, 0x96, 0x2E, 0xF8, 0xAE, 0xBB, 0x7B, 0x61, 0x82, 0x04, 0xC9, 0xBA,
    0x0D, 0x13, 0x8C, 0xA4, 0x3A, 0x0C, 0x13, 0x34, 0x34, 0xEE, 0x22, 0x84, 0x09, 0x56, 0x7B, 0x61,
    0x82, 0x13, 0x6E, 0xF0, 0xC9, 0xA2, 0x03, 0x1B, 0xBF, 0xF5, 0xF2, 0xD1, 0x81, 0x35, 0x77, 0xBE,
    0x5F, 0x17, 0x14, 0x78, 0x71, 0x69, 0x50, 0x20, 0x6F, 0x82, 0xCB, 0xB1, 0xD6, 0x31, 0xEE, 0x81,
    0x6D, 0xE0, 0xD9, 0xCF, 0xDF, 0xDA, 0xE4, 0x2F, 0xE2, 0x48, 0x97, 0x3E, 0xB8, 0x63, 0xCD, 0xA6,
    0x4B, 0x7B, 0x7B, 0x63, 0x08, 0xA3, 0x6F, 0xE2, 0xC1, 0xE3, 0xAC, 0xB7, 0x77, 0x9D, 0xAC, 0xF8,
    0x4C, 0x11, 0xF8, 0x59, 0x3F, 0x7B, 0x5A, 0x03, 0x07, 0x19, 0x01, 0x1B, 0x20, 0x97, 0xCC, 0x9B,
    0x89, 0x60, 0x9B, 0x4F, 0xD0, 0xEC, 0xB0, 0x50, 0xEE, 0xE8, 0x9C, 0x10, 0xF9, 0xB6, 0x3D, 0xD6,
    0x71, 0x0A, 0x34, 0x7C, 0x46, 0x02, 0x0D, 0xC3, 0x24, 0x42, 0x53, 0xDD, 0x1C, 0xFA, 0xE1, 0xA0,
    0x11, 0xFC, 0xD0, 0x3B, 0x5A, 0x83, 0x96, 0x17, 0x1E, 0xA1, 0x2F, 0xBF, 0x7F, 0x0A, 0x48, 0x7C,
    0xA2, 0x80, 0xC4, 0x60, 0xCC, 0xF9, 0xB2, 0xCD, 0xC0, 0x58, 0xF7, 0xDB, 0x7C, 0xF1, 0xEB, 0x36,
    0xF1, 0x5A, 0xD6, 0x79, 0x43, 0xA5, 0xC4, 0x2F, 0x9B, 0xA0, 0xF4, 0x8E, 0x33, 0xED, 0xB5, 0xD7,
    0xCB, 0xD9, 0x73, 0xA6, 0xD3, 0x96, 0x33, 0xCD, 0x3C, 0x67, 0x9A, 0x8B, 0xE1, 0x6A, 0x57, 0xA8,
    0xEC, 0xDA, 0x73, 0xA6, 0xF7, 0x3D, 0x67, 0x3A, 0x93, 0x33, 0x8D, 0x07, 0x72, 0xA6, 0x49, 0x4F,
    0xCE, 0x34, 0x37, 0xE4, 0x4C, 0x8B, 0x86, 0x9C, 0xA9, 0xF6, 0xEC, 0xE7, 0xDB, 0x1E, 0xCC, 0x04,
    0xF1, 0x48, 0x90, 0x0C, 0x04, 0x59, 0x47, 0x90, 0x37, 0x04, 0xDA, 0x73, 0xA6, 0x77, 0x3D, 0x67,
    0x3A, 0x3B, 0x30, 0x47, 0x13, 0x39, 0xD3, 0x64, 0x20, 0x67, 0x9A, 0x75, 0xE4, 0x4C, 0x73, 0x43,
    0xCE, 0xB4, 0xAC, 0xC8, 0x99, 0x7E, 0xE2, 0xFB, 0x76, 0xF6, 0x9C, 0xE9, 0xB4, 0xE5, 0x4C, 0x33,
    0xCF, 0x99, 0xE6, 0x42, 0xCE, 0xB4, 0xFC, 0x09, 0x3D, 0x2C, 0x9A, 0xC9, 0x4D, 0xC2, 0xC1, 0xA8,
    0xD0, 0x6F, 0x68, 0x33, 0x35, 0x68, 0xEB, 0x39, 0xA0, 0x05, 0xA5, 0xC3, 0x23, 0x3D, 0x07, 0x1F,
    0x3B, 0xF2, 0x13, 0xFE, 0x5F, 0xF9, 0xA7, 0xC1, 0xED, 0x2F, 0x3B, 0x47, 0x7E, 0x9A, 0x7D, 0xF2,
    0xB3, 0x76, 0xE4, 0xA7, 0x80, 0xFC, 0x8C, 0x05, 0xE4, 0x67, 0xF2, 0xE5, 0x02, 0x05, 0xFC, 0xE5,
    0x6A, 0x45, 0xF1, 0xF7, 0xA0, 0x34, 0x75, 0x02, 0x71, 0xDF, 0x89, 0x09, 0x22, 0x19, 0x20, 0xD2,
    0x0E, 0x22, 0x37, 0x10, 0xA5, 0x63, 0x3D, 0xEF, 0x3A, 0x31, 0x83, 0xFC, 0xFC, 0x62, 0x04, 0xF9,
    0xF9, 0xD5, 0x00, 0xF2, 0x53, 0x0C, 0xC8, 0x4F, 0x69, 0xF6, 0xC9, 0x4F, 0x01, 0xF9, 0x19, 0xB9,
    0xD1, 0x3D, 0xF9, 0x0D, 0x7C, 0x2A, 0x69, 0x87, 0xE7, 0x91, 0x1B, 0xFF, 0x70, 0x38, 0x2F, 0x65,
    0x4B, 0xC2, 0x87, 0x21, 0xB4, 0x2B, 0x25, 0x55, 0x48, 0x8D, 0x59, 0x92, 0x3B, 0xEC, 0xB3, 0x91,
    0x34, 0x23, 0xE7, 0xA1, 0x87, 0xE2, 0x13, 0x7F, 0xF6, 0xEC, 0xD5, 0xD3, 0xE9, 0x8B, 0x2B, 0x3A,
    0x7D, 0x71, 0x5E, 0xD9, 0xB9, 0xA0, 0xED, 0xDC, 0xBA, 0x1D, 0xC4, 0xD9, 0x98, 0x2E, 0x96, 0x97,
    0xB6, 0x4F, 0x34, 0x5E, 0xE1, 0xFA, 0x69, 0xC1, 0xFA, 0x96, 0xC6, 0xDE, 0xCE, 0x8D, 0x26, 0xBE,
    0xF7, 0x94, 0x9F, 0xB5, 0x38, 0xCA, 0x2A, 0xA7, 0x85, 0xBD, 0x2F, 0xB2, 0x72, 0x90, 0xFD, 0xA9,
    0xF8, 0x41, 0xB6, 0x6C, 0x18, 0xA2, 0x98, 0x03, 0xC4, 0x0D, 0x37, 0xBA, 0x27, 0x6D, 0xBC, 0x82,
    0xB3, 0x40, 0x2C, 0xAD, 0xF3, 0xDA, 0x80, 0x75, 0x14, 0x78, 0xB1, 0x3F, 0xBF, 0x83, 0x0F, 0x4F,
    0x06, 0xF8, 0x37, 0x47, 0x65, 0xB5, 0xE8, 0xBD, 0xA7, 0x58, 0x0F, 0xA3, 0x73, 0x47, 0x1F, 0xC4,
    0x52, 0xF9, 0x0B, 0x6B, 0xAE, 0x2F, 0x48, 0xD6, 0x0F, 0x6E, 0x77, 0x9A, 0x4D, 0xF1, 0xC2, 0xE1,
    0xB0, 0x75, 0xCF, 0x86, 0x1A, 0xF9, 0xB2, 0x7A, 0x11, 0x72, 0xEB, 0x64, 0x01, 0xAD, 0x4D, 0xBA,
    0x72, 0x20, 0x23, 0x39, 0x90, 0x1D, 0x1B, 0xDC, 0x3E, 0x29, 0x1D, 0xE8, 0xC7, 0xA2, 0x8C, 0x47,
    0x27, 0xA3, 0x8D, 0xB4, 0xE5, 0x9B, 0x49, 0x52, 0x12, 0x94, 0xB3, 0x52, 0x70, 0x88, 0xBE, 0x17,
    0xFE, 0xFE, 0x84, 0xB2, 0xA0, 0xD4, 0x97, 0xC8, 0x36, 0x24, 0x5F, 0x67, 0x0E, 0x6D, 0x3E, 0x07,
    0x2F, 0x57, 0x75, 0xB3, 0x3A, 0xBB, 0x8D, 0x91, 0x0E, 0xA1, 0x02, 0xE9, 0x1A, 0x46, 0x3A, 0x81,
    0x3F, 0xBB, 0xAD, 0x34, 0x46, 0xBA, 0x1C, 0x1B, 0x45, 0xBB, 0xC4, 0x8A, 0xEF, 0xA9, 0xF7, 0x8F,
    0x3C, 0x25, 0x21, 0x46, 0x27, 0x45, 0x23, 0xCB, 0xD5, 0x06, 0x29, 0xB5, 0x30, 0x40, 0xEB, 0x51,
    0xED, 0xED, 0x27, 0x96, 0x43, 0x02, 0x27, 0x63, 0x0A, 0xFA, 0xC9, 0x85, 0x27, 0xE4, 0xFB, 0xB5,
    0x88, 0x88, 0xAB, 0x17, 0x62, 0x34, 0x95, 0xF5, 0xBC, 0xAD, 0x53, 0xE6, 0x5C, 0x0F, 0x27, 0x14,
    0xFF, 0x1A, 0x3C, 0xC8, 0xA0, 0xEA, 0xD1, 0x76, 0x6C, 0x29, 0xFF, 0x25, 0x76, 0xE5, 0x04, 0xA3,
    0x69, 0x65, 0xDA, 0xEC, 0x0B, 0xED, 0x7B, 0x7A, 0xC8, 0x22, 0xF8, 0x00, 0x79, 0x0A, 0xF9, 0xDD,
    0xD6, 0x58, 0x39, 0xC3, 0xAC, 0x6D, 0xDF, 0x27, 0x9D, 0x95, 0xF7, 0xC8, 0x44, 0x9D, 0xF4, 0xEB,
    0x1B, 0xE8, 0xD7, 0x21, 0xDB, 0x9B, 0x08, 0xFC, 0xDA, 0x82, 0xB8, 0x0E, 0x37, 0x82, 0x55, 0xF1,
    0x84, 0x9D, 0xEC, 0x84, 0x5D, 0xD3, 0x5B, 0xDB, 0x08, 0x38, 0x52, 0x54, 0x15, 0xDA, 0x37, 0xD8,
    0x15, 0xE0, 0x9D, 0xC5, 0x0E, 0xBE, 0x89, 0xE3, 0x7D, 0xA4, 0xC9, 0xDC, 0xF1, 0xDD, 0xC9, 0x2E,
    0x65, 0x8B, 0xD1, 0x6A, 0x72, 0x39, 0xD8, 0x5A, 0xEF, 0xD7, 0x3B, 0x72, 0x7A, 0x24, 0xEE, 0x2F,
    0x3B, 0x5D, 0xCE, 0xB8, 0x20, 0x6A, 0x19, 0x39, 0x55, 0xEC, 0x99, 0x53, 0x13, 0x49, 0x67, 0x7D,
    0x05, 0xAD, 0xD8, 0x13, 0x2D, 0x85, 0xC8, 0xC2, 0x30, 0x37, 0x2C, 0x7C, 0x9D, 0x25, 0xE9, 0xA1,
    0xB0, 0x47, 0x66, 0xB2, 0x45, 0x65, 0xB3, 0xBB, 0x47, 0x3B, 0x56, 0x5A, 0x4F, 0xA6, 0x6E, 0xF2,
    0x5E, 0xE5, 0x5D, 0x32, 0x5A, 0x0B, 0x7A, 0x6F, 0x13, 0x94, 0x0F, 0x07, 0x34, 0xC8, 0x1F, 0x92,
    0x3E, 0x25, 0x1D, 0xE9, 0xDF, 0x77, 0x85, 0x9D, 0xD0, 0x4C, 0x47, 0x12, 0x6E, 0xD2, 0x56, 0x68,
    0x6A, 0x3D, 0xD8, 0x08, 0xFF, 0x11, 0xF1, 0x80, 0xC9, 0x6A, 0x57, 0xF6, 0x62, 0x27, 0xB7, 0xDA,
    0x36, 0xB5, 0xB0, 0xDB, 0xF6, 0x74, 0x50, 0xF1, 0x45, 0x74, 0xE4, 0x5D, 0x2D, 0x64, 0xA4, 0xEF,
    0xFA, 0x4C, 0x26, 0xEF, 0xA8, 0xCA, 0xAF, 0xB2, 0xE2, 0x99, 0x86, 0x76, 0xBF, 0x09, 0x4E, 0x29,
    0x57, 0xDB, 0x81, 0x26, 0x13, 0x19, 0xF2, 0x07, 0x7F, 0x3E, 0x96, 0x4D, 0x34, 0x97, 0x4A, 0x7D,
    0xFC, 0x0A, 0x74, 0xF1, 0x87, 0x99, 0x97, 0x94, 0xCB, 0x01, 0x2C, 0x06, 0x0A, 0x91, 0xCE, 0x2E,
    0x04, 0xEC, 0x32, 0xE0, 0x6F, 0x95, 0x1A, 0xB9, 0x04, 0xF8, 0x7E, 0x72, 0x92, 0x9E, 0xDD, 0x8E,
    0xFE, 0x94, 0x0E, 0xF8, 0x74, 0xE5, 0x3E, 0x27, 0xF6, 0x61, 0x8C, 0x7E, 0xB7, 0x2E, 0x95, 0xF6,
    0xC9, 0x1D, 0x0B, 0x6E, 0x01, 0x7B, 0xB2, 0xC8, 0xC9, 0x18, 0xCD, 0xDE, 0x1F, 0xFF, 0x97, 0x57,
    0x1D, 0xEA, 0x7C, 0xCA, 0x49, 0x7A, 0x76, 0x1B, 0xCB, 0xAE, 0x72, 0xCC, 0x9D, 0x6F, 0xD9, 0x79,
    0xDB, 0xD6, 0x48, 0x1C, 0xB3, 0x5D, 0x1B, 0x30, 0x26, 0x65, 0x07, 0xC2, 0x04, 0x61, 0x99, 0xA9,
    0xDB, 0x88, 0x46, 0x9C, 0xFF, 0x9F, 0xDD, 0x9C, 0xA4, 0xA1, 0x94, 0x81, 0x42, 0x92, 0x8E, 0x8A,
    0x4C, 0x8E, 0xE2, 0xE1, 0x68, 0x31, 0x3B, 0x60, 0x94, 0x03, 0x45, 0xA5, 0x5E, 0xF3, 0xCE, 0x8C,
    0x57, 0xAE, 0x5A, 0x7D, 0x4F, 0xEA, 0xBB, 0xE9, 0x23, 0xF6, 0x50, 0x2A, 0x32, 0xB8, 0xDE, 0x99,
    0x1C, 0xA7, 0x33, 0x5B, 0x81, 0x1D, 0x12, 0xFB, 0xE5, 0x59, 0xD5, 0xDB, 0x30, 0xFC, 0xD2, 0x94,
    0x69, 0xCC, 0x0D, 0x19, 0xD0, 0x96, 0x41, 0xEA, 0x86, 0xF1, 0x56, 0x65, 0x97, 0x0F, 0xF4, 0x2E,
    0x91, 0xC1, 0x8E, 0x27, 0xB5, 0xF8, 0x1C, 0x7B, 0xAF, 0x5E, 0xFE, 0xC5, 0x8E, 0xEF, 0x05, 0xC7,
    0x7E, 0x8F, 0x68, 0x95, 0xF5, 0x43, 0x59, 0xC9, 0xBE, 0xA6, 0x62, 0x3C, 0xB1, 0xD5, 0x6F, 0xA3,
    0x00, 0xCA, 0x89, 0xA0, 0x98, 0x09, 0xF2, 0xC7, 0x00, 0xC5, 0xBC, 0x7D, 0xBB, 0x1E, 0x08, 0xEA,
    0xCE, 0x81, 0x48, 0x2A, 0x07, 0xDE, 0xB4, 0xAF, 0xA5, 0x9F, 0x90, 0x80, 0xB1, 0x03, 0x6F, 0x88,
    0xE1, 0xE1, 0xC3, 0x10, 0x70, 0x2B, 0x03, 0x81, 0x9E, 0x08, 0xCA, 0x85, 0x20, 0x17, 0x82, 0x54,
    0x1A, 0x80, 0xBD, 0x30, 0x60, 0x19, 0x08, 0xDA, 0x91, 0x40, 0xCF, 0x3E, 0x52, 0x42, 0xB8, 0x50,
    0xCA, 0xA4, 0x71, 0x8B, 0xA5, 0x44, 0x46, 0x2E, 0x34, 0x44, 0x08, 0x6E, 0x89, 0xBA, 0x09, 0xF7,
    0x52, 0xDD, 0x97, 0xE3, 0x6E, 0xD3, 0x95, 0x58, 0x42, 0x64, 0x66, 0x34, 0x53, 0x6D, 0x29, 0xF3,
    0xAA, 0x34, 0x56, 0x7D, 0xED, 0xB0, 0x7B, 0xE3, 0x22, 0xBA, 0xF7, 0x35, 0x4A, 0x5B, 0x4B, 0x85,
    0x7F, 0x7F, 0x27, 0xFC, 0x52, 0x86, 0x5E, 0xB5, 0xFF, 0x6A, 0x29, 0x7E, 0xFD, 0x6B, 0xB8, 0x3B,
    0x67, 0xA5, 0x8D, 0xAD, 0x5F, 0x67, 0x27, 0xE0, 0xC9, 0x6D, 0xEA, 0xFE, 0x3B, 0xA9, 0xC1, 0x34,
    0x83, 0x67, 0xC6, 0xB8, 0x36, 0xB3, 0x3E, 0xDE, 0x69, 0x85, 0xAD, 0x96, 0x7B, 0x21, 0xA4, 0xDD,
    0x6C, 0x35, 0x24, 0x82, 0x72, 0x03, 0x30, 0x58, 0x9E, 0x27, 0xEC, 0xB7, 0xAE, 0x46, 0x0F, 0x4F,
    0x7A, 0x78, 0xF0, 0x95, 0x12, 0x99, 0x88, 0xBB, 0x55, 0x03, 0xC7, 0x52, 0x6F, 0xE9, 0xC7, 0x74,
    0xB0, 0x6E, 0xF8, 0x68, 0xC0, 0x92, 0xF2, 0x69, 0xD5, 0xC0, 0xF3, 0xEA, 0x66, 0x65, 0x25, 0xFD,
    0x54, 0x78, 0x03, 0xF7, 0xB7, 0xC5, 0x98, 0xCD, 0x8C, 0x79, 0x88, 0x57, 0x7F, 0xBE, 0x4B, 0x7C,
    0x28, 0x8F, 0x36, 0x0C, 0xE5, 0xC9, 0x7B, 0xC7, 0x24, 0xD1, 0xC9, 0x7B, 0x85, 0x49, 0xF9, 0x4E,
    0x49, 0xF9, 0x1E, 0x4E, 0x60, 0xE7, 0x07, 0xB4, 0x88, 0x34, 0x75, 0xBF, 0x4F, 0x8A, 0x94, 0x43,
    0x36, 0x39, 0xF2, 0x35, 0x99, 0xE9, 0x02, 0x14, 0x17, 0x43, 0xC2, 0xC3, 0x42, 0xAF, 0xAA, 0x17,
    0x9F, 0xEB, 0x64, 0x7B, 0xA1, 0xE0, 0xB9, 0xA3, 0xE4, 0xB2, 0x06, 0x36, 0xBE, 0x01, 0xA8, 0x3F,
    0xAD, 0x0D, 0x79, 0xF8, 0xAC, 0x07, 0x08, 0xB9, 0xF7, 0xEF, 0xA9, 0xE8, 0xAA, 0xD5, 0xFC, 0xA4,
    0xE6, 0xC7, 0xF3, 0x62, 0x29, 0xCB, 0xFE, 0xAC, 0xC8, 0x49, 0x31, 0xCC, 0x89, 0xF1, 0xA0, 0x52,
    0xC3, 0x19, 0xF1, 0xA4, 0xDE, 0xB1, 0x8F, 0xD4, 0xB6, 0x93, 0xEE, 0xE7, 0x77, 0x90, 0xD3, 0x31,
    0x96, 0xC6, 0xAE, 0x9B, 0x05, 0x4E, 0x85, 0x1A, 0x63, 0xBD, 0x06, 0x7D, 0xA0, 0x2B, 0x5B, 0xFF,
    0xAE, 0xD2, 0x47, 0x27, 0x03, 0xB9, 0x59, 0x91, 0x2A, 0x24, 0xD0, 0x48, 0x5C, 0x37, 0xB5, 0xB0,
    0x9C, 0x52, 0xA4, 0xC2, 0xB5, 0x06, 0xF6, 0x0F, 0xDD, 0x90, 0x3E, 0x20, 0x33, 0xE1, 0xFE, 0x64,
    0xFF, 0x13, 0xA7, 0x0C, 0xEE, 0x26, 0x8D, 0xBA, 0xB6, 0x54, 0xCD, 0x68, 0xFB, 0xB1, 0x18, 0xEC,
    0x03, 0x28, 0x5D, 0x7E, 0xCA, 0x4E, 0xBB, 0x6C, 0x94, 0x6B, 0x75, 0x6B, 0x05, 0xA3, 0x64, 0x99,
    0x21, 0x1E, 0x05, 0xBD, 0xAD, 0x36, 0xA5, 0xDC, 0x9F, 0x2B, 0x3B, 0xD4, 0x26, 0x1C, 0x28, 0x25,
    0x19, 0x3C, 0xD3, 0x82, 0x37, 0xEF, 0x44, 0x8E, 0x04, 0x11, 0x95, 0x3F, 0x88, 0xC5, 0x94, 0xD6,
    0x6D, 0x69, 0x67, 0xE3, 0xAE, 0x6E, 0x54, 0x61, 0x6C, 0x55, 0xD5, 0x46, 0xBD, 0x80, 0xC7, 0xC2,
    0x53, 0x71, 0xE0, 0xB3, 0xE8, 0xD1, 0xB4, 0x7D, 0x23, 0x33, 0x09, 0x27, 0x34, 0x98, 0xAA, 0x0A,
    0x62, 0xAE, 0x18, 0xFF, 0xC0, 0x36, 0xCD, 0xC6, 0x1E, 0x8C, 0xED, 0x43, 0x34, 0xB8, 0xCA, 0xA0,
    0x71, 0x91, 0x34, 0x88, 0x8D, 0x8E, 0xE5, 0xA8, 0xE3, 0x7C, 0x44, 0x0F, 0xC7, 0x0B, 0xC6, 0xD0,
    0xE4, 0x03, 0x6D, 0xC9, 0xD1, 0x89, 0x45, 0x60, 0x0E, 0x5D, 0xA9, 0xC4, 0x95, 0x9D, 0x44, 0x8E,
    0xA6, 0xB6, 0x71, 0x61, 0x97, 0xBA, 0x99, 0x21, 0x4B, 0xCA, 0x82, 0x32, 0x6F, 0x26, 0xCA, 0x10,
    0xE6, 0xF8, 0xD4, 0x49, 0xD8, 0x08, 0x08, 0xBC, 0x91, 0x3B, 0x60, 0x19, 0x82, 0x7C, 0x54, 0x91,
    0x66, 0x3F, 0x6C, 0x29, 0x70, 0xAF, 0xC9, 0x42, 0x39, 0x51, 0x0E, 0x87, 0xA1, 0x6D, 0x99, 0x39,
    0xEC, 0xAC, 0xCE, 0x57, 0x29, 0x7A, 0xC7, 0x79, 0x82, 0x18, 0xFA, 0x03, 0xDD, 0xD2, 0xA1, 0xC2,
    0xEF, 0xBE, 0xF3, 0x4A, 0xA3, 0xEA, 0x69, 0x02, 0x5C, 0xC4, 0xAF, 0x11, 0x8F, 0x77, 0xC0, 0x1C,
    0x19, 0xB8, 0x15, 0x8A, 0x18, 0xB6, 0x9F, 0x47, 0x33, 0x7C, 0x14, 0x5F, 0xC2, 0xC1, 0x9C, 0x2D,
    0xDA, 0x2F, 0xB7, 0xB0, 0xF7, 0x67, 0xE4, 0x46, 0x2E, 0xEF, 0xDA, 0x61, 0x53, 0xBB, 0xF8, 0xAA,
    0xDA, 0xD1, 0x38, 0xAD, 0x0B, 0xA1, 0x69, 0x0D, 0xA6, 0x00, 0x0A, 0xDD, 0x40, 0xDC, 0xA8, 0x20,
    0x02, 0x5F, 0x10, 0x04, 0xA9, 0x6B, 0xC7, 0x69, 0x93, 0x91, 0x2E, 0x96, 0xF0, 0x15, 0xB2, 0xF0,
    0x9D, 0xC2, 0xEE, 0xB0, 0x02, 0xCF, 0x7B, 0x9C, 0xF2, 0x78, 0x81, 0x7B, 0x96, 0x10, 0xCD, 0x5C,
    0xF0, 0xA3, 0x0F, 0x4E, 0x85, 0xA7, 0x8F, 0x10, 0x7C, 0x49, 0x4E, 0xB1, 0xEE, 0xC7, 0xE3, 0xD4,
    0x53, 0xC8, 0x2B, 0x13, 0xF8, 0xF7, 0x52, 0xDC, 0xEF, 0x26, 0x7E, 0xDF, 0x24, 0xEE, 0x6F, 0x75,
    0xF7, 0xD7, 0xED, 0x22, 0x01, 0x6A, 0x77, 0xA4, 0xF3, 0x0F, 0x15, 0x0B, 0xEC, 0xBA, 0x96, 0x51,
    0x91, 0x60, 0x2B, 0x96, 0x48, 0x3A, 0x2C, 0xFB, 0x07, 0x55, 0x23, 0x3E, 0xA6, 0x6E, 0xEC, 0x93,
    0xA8, 0x2B, 0x44, 0x6B, 0x83, 0x46, 0x39, 0x63, 0x7C, 0x31, 0xEB, 0x1C, 0x35, 0xD9, 0xF7, 0x9E,
    0x0F, 0x89, 0x2D, 0xBE, 0x21, 0x63, 0x20, 0xE4, 0x5E, 0xAF, 0xFC, 0x41, 0x01, 0xBC, 0x77, 0x9F,
    0xF4, 0x63, 0x8D, 0xB5, 0xE3, 0x5E, 0x1D, 0xB3, 0x76, 0xAF, 0x64, 0x2C, 0xF8, 0x26, 0x80, 0x56,
    0x7A, 0x1E, 0x0E, 0xC3, 0xF4, 0xC3, 0x4E, 0x89, 0xDA, 0x15, 0x47, 0xBC, 0x7B, 0x32, 0xEE, 0x38,
    0x0C, 0x76, 0xF8, 0x3D, 0x45, 0xFC, 0xA2, 0x22, 0x94, 0x16, 0xF6, 0x10, 0xBE, 0xAA, 0x28, 0x7C,
    0x57, 0xD1, 0x26, 0xBB, 0x3E, 0x76, 0x60, 0x2C, 0x32, 0x84, 0xF1, 0xED, 0x31, 0x4E, 0xB5, 0xED,
    0x8E, 0x09, 0xED, 0xCE, 0x08, 0xED, 0x0E, 0x08, 0x85, 0xD3, 0x41, 0xEC, 0x60, 0x1E, 0xC2, 0xB8,
    0x56, 0x24, 0xB6, 0x6C, 0x10, 0x0F, 0xFC, 0x84, 0xD7, 0x5D, 0x3F, 0x9A, 0x89, 0x60, 0xC7, 0x38,
    0xB6, 0x1D, 0x89, 0xB0, 0x67, 0x77, 0x4F, 0x72, 0x87, 0x42, 0x7E, 0x33, 0x7E, 0x35, 0x9F, 0xFF,
    0x72, 0x3E, 0x7E, 0x3D, 0x1F, 0x73, 0x9C, 0x71, 0x2D, 0xC7, 0xBE, 0x5F, 0xC2, 0x91, 0x12, 0xE6,
    0x39, 0xBB, 0xA6, 0x94, 0x4E, 0x2F, 0x39, 0x59, 0x48, 0x0F, 0xD9, 0xCA, 0x62, 0xE5, 0x17, 0xE2,
    0xA6, 0xEA, 0x2F, 0x3B, 0xD8, 0x75, 0x29, 0x8C, 0x42, 0x59, 0xDC, 0xB5, 0xCA, 0x99, 0x72, 0x72,
    0x9F, 0x85, 0xF3, 0x4E, 0x23, 0xF0, 0xB5, 0x4A, 0x9E, 0x48, 0x46, 0x4A, 0xA7, 0x62, 0xAD, 0xB4,
    0x80, 0xA0, 0x1A, 0xBD, 0xFC, 0x7F, 0xAD, 0x96, 0x01, 0x84, 0x25, 0xC9, 0x19, 0xC7, 0x7F, 0xDD,
    0xBD, 0x3B, 0x1D, 0xDB, 0x92, 0x1A, 0xEC, 0x9E, 0xCB, 0x6E, 0x5C, 0x1F, 0x82, 0xB5, 0x49, 0xA6,
    0x03, 0x38, 0x32, 0x33, 0x55, 0x77, 0x70, 0x08, 0xF2, 0xB0, 0x13, 0x24, 0x10, 0x1C, 0x2E, 0x0B,
    0x13, 0xC0, 0x62, 0x67, 0xBA, 0x93, 0x00, 0x20, 0x03, 0x12, 0x04, 0x5E, 0x18, 0xDC, 0xBD, 0xC3,
    0x1C, 0x36, 0x31, 0x78, 0x73, 0x5D, 0x82, 0xC0, 0x41, 0xC5, 0x49, 0x90, 0x40, 0xE3, 0x02, 0x39,
    0xA8, 0xA3, 0x2F, 0x7A, 0x4F, 0xBF, 0xFE, 0xD2, 0x35, 0xEF, 0xBD, 0xCC, 0xEC, 0xEE, 0xDE, 0xE6,
    0xEE, 0xDC, 0xBF, 0xBE, 0xFA, 0xEA, 0x7B, 0xF5, 0x7D, 0x5F, 0x55, 0xF5, 0x57, 0x55, 0xDF, 0xAB,
    0x1B, 0x13, 0xCA, 0x96, 0xBC, 0x27, 0x5B, 0x10, 0x0B, 0xD4, 0x86, 0xDC, 0x92, 0x7A, 0x98, 0x72,
    0x75, 0x82, 0x6E, 0xA9, 0x1B, 0xA4, 0x4A, 0x06, 0xD2, 0x0E, 0xD5, 0x50, 0x18, 0x6E, 0x03, 0xA3,
    0x5B, 0xD0, 0x21, 0x3D, 0x91, 0x0C, 0x24, 0x0B, 0x31, 0xAA, 0xD5, 0xB6, 0xB0, 0xAA, 0x29, 0x89,
    0xDB, 0x63, 0x78, 0x33, 0x7A, 0x1B, 0x50, 0xE2, 0x22, 0x5F, 0x48, 0x9F, 0x34, 0xFA, 0x44, 0x4E,
    0xDC, 0x3C, 0x16, 0xB1, 0xA7, 0x94, 0x02, 0x6C, 0x1C, 0xA3, 0x45, 0xFA, 0x52, 0x64, 0x11, 0x2A,
    0x80, 0x96, 0x11, 0xF6, 0x32, 0x07, 0x68, 0x89, 0x7C, 0x4F, 0xE2, 0x6B, 0x93, 0x37, 0x5A, 0xC4,
    0xE6, 0x22, 0x26, 0x0D, 0x0E, 0xF7, 0x8E, 0x28, 0xAA, 0xBA, 0x11, 0x2F, 0xBE, 0x6E, 0xB4, 0x05,
    0x80, 0xC2, 0x26, 0x9D, 0x6E, 0xB2, 0xBE, 0xF4, 0x6A, 0x11, 0x5A, 0xED, 0xD2, 0xEE, 0x2A, 0x4C,
    0x36, 0xE4, 0x48, 0x4B, 0xA7, 0xDF, 0x59, 0xBC, 0xC2, 0xB0, 0xC9, 0xC0, 0x48, 0xB7, 0x7A, 0xC4,
    0x07, 0xB1, 0x87, 0x39, 0xBC, 0x41, 0x34, 0x33, 0x4A, 0xBC, 0x96, 0xFE, 0x3D, 0xDE, 0xEB, 0xD1,
    0x1D, 0xC5, 0xC8, 0x47, 0x2A, 0x7F, 0xBB, 0x28, 0xA4, 0x4B, 0xC5, 0x41, 0xF8, 0xF4, 0xAB, 0x77,
    0xA9, 0xFD, 0xA8, 0x12, 0xA7, 0xDB, 0x58, 0x4C, 0xED, 0x92, 0x05, 0x52, 0xA9, 0x2E, 0x19, 0xC8,
    0x9B, 0xB4, 0x43, 0x1B, 0xE5, 0xF8, 0x39, 0x37, 0x0D, 0x13, 0xD8, 0x5C, 0x10, 0x75, 0xDA, 0x64,
    0x3E, 0x6F, 0x0A, 0x9B, 0x75, 0x62, 0x12, 0x19, 0x40, 0x7A, 0xA8, 0x5B, 0xB8, 0x33, 0xE5, 0x60,
    0x05, 0xFA, 0xC4, 0x3F, 0x93, 0x80, 0x3D, 0x33, 0x06, 0xBC, 0x76, 0xDA, 0xA3, 0xBD, 0xEA, 0xC8,
    0xDB, 0x74, 0x41, 0xDA, 0xC7, 0x42, 0x3C, 0x50, 0x1B, 0x6A, 0x0A, 0x3B, 0x52, 0xD6, 0xB0, 0x51,
    0xC5, 0x53, 0xAE, 0x19, 0xD0, 0x16, 0x4A, 0x07, 0x75, 0x13, 0x5A, 0x8E, 0x8B, 0x5F, 0x4E, 0x3B,
    0x62, 0x7F, 0x46, 0xDA, 0x94, 0x7F, 0x2B, 0x5D, 0x88, 0xA3, 0x12, 0x21, 0x92, 0x96, 0x35, 0x82,
    0x1C, 0xFA, 0x0A, 0x91, 0x2A, 0xD8, 0x04, 0xDB, 0xE0, 0x73, 0x4C, 0x34, 0x85, 0x0A, 0x65, 0xA9,
    0xAB, 0xB8, 0x25, 0x75, 0xA8, 0x8A, 0xDC, 0xA0, 0x2B, 0x74, 0x83, 0x5E, 0xA0, 0x25, 0x50, 0x21,
    0x64, 0x3D, 0x4C, 0x88, 0x8E, 0x49, 0x05, 0x25, 0x95, 0x12, 0x9B, 0x89, 0x8D, 0xC5, 0x52, 0x5A,
    0xF2, 0xA5, 0x0F, 0xCC, 0x49, 0x5B, 0xB4, 0x63, 0x07, 0x36, 0x09, 0xC6, 0x6A, 0x11, 0x7C, 0xF5,
    0x48, 0x03, 0xBA, 0x0B, 0xAA, 0xC2, 0x04, 0x5B, 0x65, 0x49, 0x1A, 0xA2, 0x05, 0xC1, 0x3D, 0xB5,
    0x60, 0xBE, 0xD0, 0xC8, 0x7B, 0x86, 0xDA, 0xA3, 0x5B, 0x54, 0x4F, 0x32, 0x80, 0x40, 0x61, 0xC9,
    0x5C, 0xF8, 0x9C, 0x31, 0x9C, 0xD2, 0x44, 0x62, 0x93, 0xB0, 0x66, 0x94, 0xA7, 0xA8, 0x38, 0x84,
    0x63, 0x00, 0x74, 0x28, 0x32, 0xE2, 0x5E, 0x1D, 0x24, 0xBE, 0x09, 0x7D, 0x28, 0x84, 0xBE, 0xE1,
    0xED, 0x20, 0xBD, 0x49, 0x29, 0x62, 0x42, 0xBD, 0x37, 0x3B, 0x31, 0x90, 0x3F, 0xBF, 0x72, 0x0D,
    0xEE, 0x12, 0x2E, 0x91, 0x8C, 0x64, 0x12, 0x31, 0x08, 0x94, 0xF0, 0x1E, 0x51, 0xCF, 0x2D, 0x4F,
    0x5D, 0x71, 0x0C, 0x91, 0xCF, 0xBD, 0x6E, 0xCE, 0xE8, 0xE9, 0xE8, 0x39, 0x43, 0x1F, 0xE5, 0x3E,
    0xF6, 0x21, 0xA2, 0xED, 0x05, 0xFD, 0xF8, 0xD1, 0x44, 0xC4, 0x8F, 0x04, 0xEC, 0xED, 0xAD, 0xE4,
    0x17, 0x3E, 0x31, 0x97, 0x6D, 0x00, 0xB8, 0xF8, 0xF9, 0xCE, 0x30, 0x5D, 0x9A, 0x5D, 0x18, 0x4C,
    0x01, 0x4A, 0x59, 0x8C, 0x74, 0x63, 0xEF, 0x2E, 0x80, 0xB2, 0x4F, 0xD3, 0x44, 0x57, 0x22, 0x46,
    0x84, 0x7A, 0xC1, 0xAD, 0x06, 0xA0, 0x7F, 0x16, 0xD5, 0x91, 0x29, 0xC5, 0xEA, 0x70, 0x35, 0xAB,
    0xF8, 0x11, 0x7C, 0x81, 0x6B, 0x19, 0x87, 0xBD, 0xF4, 0xFA, 0xA3, 0xFE, 0x90, 0xB3, 0x39, 0xBB,
    0x23, 0x8D, 0x82, 0xFE, 0x67, 0x3F, 0x76, 0x06, 0x55, 0xAF, 0x3A, 0x75, 0x7E, 0x73, 0x74, 0xA5,
    0xD9, 0x01, 0xB8, 0x0E, 0xA7, 0xD0, 0x81, 0x38, 0xEA, 0x96, 0xAC, 0x27, 0x59, 0xD1, 0x28, 0xEF,
    0xD6, 0xAD, 0x16, 0x57, 0x0C, 0x50, 0x98, 0xB8, 0x23, 0xF3, 0xE4, 0x16, 0x1D, 0x88, 0x32, 0x10,
    0xBA, 0xBD, 0x52, 0xC8, 0x22, 0x93, 0x45, 0x54, 0x77, 0x1C, 0x2E, 0x71, 0xB0, 0x37, 0x62, 0x22,
    0x23, 0xFC, 0x92, 0xFD, 0x7B, 0x56, 0xFB, 0x01, 0x32, 0xDF, 0x43, 0xE2, 0x3B, 0x88, 0x7D, 0x0B,
    0x91, 0x9F, 0x00, 0x93, 0x77, 0x93, 0xEA, 0x1B, 0x3E, 0xB5, 0xAA, 0xCD, 0xEC, 0x4B, 0x67, 0xFB,
    0x9F, 0x1C, 0xE8, 0x41, 0xFA, 0xBC, 0xD3, 0x1E, 0xE0, 0x60, 0xA4, 0xA2, 0x8A, 0xC7, 0x25, 0x2B,
    0x9F, 0xF4, 0xDA, 0xC6, 0x22, 0x06, 0x11, 0xD0, 0x3D, 0x14, 0xDD, 0xB2, 0x06, 0x59, 0x84, 0xA0,
    0x0B, 0x36, 0xC1, 0x36, 0xF8, 0x04, 0xDF, 0x29, 0x5C, 0xDC, 0xD2, 0xA3, 0xFD, 0xF5, 0x2D, 0x25,
    0x96, 0x0E, 0x00, 0x7E, 0x32, 0x21, 0x64, 0xBE, 0x90, 0x01, 0x83, 0xAE, 0x34, 0xB9, 0x0B, 0x99,
    0x31, 0xF8, 0x6C, 0x82, 0x01, 0x20, 0x1D, 0x0C, 0xD3, 0x5C, 0x9A, 0xD8, 0x6B, 0x59, 0xA4, 0xEE,
    0xE0, 0x56, 0x48, 0xB9, 0x91, 0x88, 0x79, 0x48, 0xBE, 0x80, 0xB5, 0xD9, 0x3A, 0xEF, 0x86, 0x1C,
    0x0C, 0x00, 0xB5, 0x8C, 0x68, 0x96, 0xBC, 0x0C, 0xDC, 0x2D, 0xF9, 0xE5, 0x7E, 0x9E, 0xC2, 0xD3,
    0x36, 0xEB, 0xC4, 0x1F, 0x16, 0xD0, 0x25, 0x4D, 0xF9, 0xBF, 0xC4, 0xDF, 0xB1, 0x4E, 0xFC, 0x4F,
    0x44, 0xFC, 0xDE, 0x6C, 0x36, 0x3B, 0xBA, 0xB1, 0x77, 0x8E, 0xBB, 0xB5, 0x9C, 0x63, 0x58, 0xB7,
    0xA3, 0x32, 0x20, 0x0C, 0x1A, 0x03, 0xE4, 0x06, 0x10, 0x0B, 0x99, 0x00, 0x65, 0x0B, 0xA9, 0x54,
    0x50, 0xF4, 0x10, 0x89, 0x83, 0x7C, 0x00, 0xB4, 0x5F, 0x5B, 0x5E, 0x61, 0x85, 0x4D, 0x00, 0x76,
    0x01, 0x38, 0x04, 0x60, 0x01, 0x10, 0xF5, 0x00, 0x71, 0x07, 0x90, 0x78, 0x80, 0xB4, 0x01, 0x50,
    0x0E, 0x20, 0xB7, 0x00, 0x45, 0x05, 0xA0, 0xBF, 0x42, 0x57, 0x9E, 0xEB, 0xAA, 0xBE, 0x4A, 0xD7,
    0x6B, 0x00, 0xB4, 0x88, 0xA9, 0x6D, 0xDA, 0x24, 0x3E, 0xF6, 0x89, 0x4F, 0x9B, 0x13, 0x2B, 0xA6,
    0x63, 0x02, 0x4C, 0x5A, 0x88, 0x96, 0xA7, 0xBC, 0x87, 0x64, 0x79, 0xF2, 0xE5, 0xD3, 0x99, 0xF8,
    0x8B, 0x0D, 0x3A, 0xDF, 0xAF, 0x3B, 0xE3, 0x2E, 0xBC, 0xA5, 0x45, 0xA4, 0xDF, 0x1D, 0xA5, 0xF9,
    0x0E, 0xF0, 0xE0, 0x09, 0x76, 0xAE, 0x3D, 0x67, 0xE7, 0xC6, 0x1B, 0xC7, 0xD7, 0x8E, 0x8A, 0xA1,
    0xEC, 0x75, 0x3D, 0x2C, 0x4E, 0x53, 0xBF, 0xD5, 0x26, 0x4E, 0xF9, 0xB1, 0xB2, 0xDC, 0x97, 0x9D,
    0xC4, 0x96, 0x3F, 0x6A, 0x0A, 0xA9, 0xB2, 0xF0, 0x82, 0x40, 0x89, 0xD1, 0x27, 0xEE, 0x30, 0x73,
    0x2F, 0xC6, 0x86, 0xBB, 0x69, 0x97, 0xB7, 0xDA, 0x68, 0xC6, 0x6A, 0x55, 0x93, 0xB5, 0x49, 0xCF,
    0x58, 0xE2, 0xBE, 0x68, 0x8B, 0xEA, 0x3A, 0x5F, 0xEE, 0x64, 0xDE, 0x08, 0x0F, 0x1A, 0xF2, 0x9E,
    0x74, 0x41, 0x24, 0x50, 0x56, 0xE4, 0x8E, 0xC4, 0xC3, 0x31, 0xA3, 0xAE, 0xF4, 0x88, 0x8B, 0xC4,
    0x24, 0x0B, 0xB2, 0x16, 0xE5, 0xD0, 0x70, 0x1B, 0x3E, 0xC7, 0x79, 0xCE, 0x2A, 0xED, 0x75, 0xAB,
    0xDB, 0xB4, 0x0D, 0xD1, 0xCD, 0xEC, 0x21, 0x2F, 0xAF, 0x8F, 0x9E, 0xB6, 0x40, 0xE9, 0x03, 0x6B,
    0x28, 0x6C, 0xFD, 0xE7, 0x5E, 0x37, 0xF5, 0xAF, 0xA5, 0x6C, 0xEA, 0x64, 0x64, 0x43, 0x22, 0xDA,
    0xF6, 0xF1, 0xE2, 0x2A, 0x61, 0x33, 0xF8, 0x19, 0xDC, 0x30, 0xB5, 0x5D, 0x96, 0xF2, 0x43, 0x3D,
    0xE4, 0x8B, 0x68, 0xF2, 0x85, 0xD2, 0xD3, 0x97, 0x0B, 0xCC, 0x73, 0x9E, 0x1E, 0x70, 0xE9, 0x9F,
    0x30, 0x94, 0x1B, 0xAB, 0x0F, 0xCB, 0x43, 0x64, 0x34, 0x28, 0x59, 0x84, 0xC8, 0xF4, 0xEB, 0xC8,
    0x24, 0x21, 0x32, 0xA9, 0x08, 0xA8, 0xBF, 0x1C, 0x83, 0x32, 0x40, 0x44, 0x60, 0x2D, 0x90, 0xF4,
    0x10, 0xC2, 0x1F, 0xA4, 0x75, 0x1F, 0x60, 0x52, 0xA9, 0x62, 0x9F, 0x87, 0xF8, 0x6A, 0x19, 0x47,
    0x39, 0x48, 0x45, 0xAA, 0xF0, 0x50, 0xE4, 0x38, 0xC4, 0x17, 0xA6, 0x17, 0xBE, 0x8F, 0x0D, 0xC0,
    0xE4, 0x73, 0x6D, 0x10, 0xF0, 0xF9, 0xED, 0x26, 0x57, 0x89, 0x5C, 0x6A, 0xD2, 0x7F, 0xFD, 0xD4,
    0xE5, 0x22, 0x6D, 0xC8, 0x90, 0x4A, 0xC4, 0x27, 0x2E, 0xB5, 0xB8, 0x14, 0x00, 0xA6, 0xC4, 0x1D,
    0xD9, 0x40, 0x21, 0xD5, 0x77, 0x86, 0x2A, 0xE9, 0x79, 0x82, 0x66, 0x33, 0xAE, 0xCD, 0xA6, 0x63,
    0x23, 0x82, 0x12, 0x8F, 0xC8, 0x5A, 0x58, 0xA7, 0x5B, 0xF4, 0x33, 0x85, 0xCD, 0xED, 0x2B, 0x4B,
    0x61, 0x7E, 0xB0, 0x0B, 0x1A, 0x98, 0xDF, 0x1E, 0x05, 0x60, 0x7B, 0x93, 0x2B, 0xDB, 0x00, 0xE7,
    0x57, 0x0D, 0xE0, 0xF6, 0xAA, 0x46, 0x66, 0xC5, 0x52, 0x07, 0x24, 0x8E, 0xD3, 0xC4, 0x12, 0x84,
    0xAD, 0x67, 0x4C, 0xA1, 0x0C, 0x40, 0x7B, 0x49, 0xB8, 0x0A, 0xC0, 0xE4, 0x92, 0x4D, 0x70, 0x27,
    0xB6, 0x7A, 0x35, 0x60, 0x03, 0x71, 0x45, 0xE8, 0x01, 0xAE, 0x87, 0x7A, 0x69, 0x19, 0x17, 0x42,
    0xE0, 0x41, 0x3E, 0x85, 0xF9, 0xF6, 0x2E, 0x84, 0xD9, 0xBF, 0x7D, 0xF0, 0xE2, 0x6A, 0xF6, 0xEB,
    0xCF, 0xFE, 0xE4, 0x61, 0x15, 0xA8, 0xFA, 0xE9, 0x40, 0x4D, 0x60, 0x0E, 0xE5, 0x11, 0xF9, 0x40,
    0x24, 0x0D, 0x65, 0x93, 0x88, 0x2B, 0x1E, 0x51, 0x57, 0x9C, 0x82, 0x81, 0x68, 0xAA, 0xBC, 0x6E,
    0x0E, 0x99, 0x13, 0xCA, 0x21, 0xBA, 0x51, 0x3E, 0x9A, 0x3E, 0xF7, 0x2D, 0x9B, 0xBF, 0x3A, 0xBD,
    0xFC, 0x2E, 0x46, 0x5B, 0xB8, 0x69, 0x00, 0xB6, 0x13, 0x5B, 0x2A, 0x77, 0x29, 0x1B, 0xA1, 0x4F,
    0xEC, 0x2A, 0x1B, 0x31, 0x09, 0x41, 0xD8, 0x77, 0x99, 0x98, 0xBA, 0xA5, 0x76, 0x94, 0x3D, 0x1B,
    0x52, 0x51, 0x34, 0xC4, 0x0D, 0x6C, 0xFE, 0xDF, 0x95, 0x36, 0x70, 0x93, 0x01, 0xB4, 0xA9, 0x3F,
    0x44, 0x57, 0xB9, 0x54, 0xB5, 0x8D, 0xC4, 0x85, 0x74, 0xF3, 0x57, 0xF1, 0xB9, 0xFC, 0xEA, 0x3F,
    0xBE, 0x6E, 0x12, 0xDF, 0x2D, 0xC8, 0xDC, 0x59, 0x83, 0xAA, 0x76, 0x8F, 0x11, 0x6A, 0x9B, 0xB9,
    0xA4, 0x09, 0x25, 0x73, 0xB5, 0x15, 0x8E, 0xC9, 0x6D, 0xE9, 0xEB, 0xB1, 0x94, 0xBE, 0x70, 0x2C,
    0x57, 0x9E, 0x1B, 0xBE, 0xAE, 0x52, 0x8A, 0xDF, 0x14, 0x55, 0xF1, 0xA9, 0x54, 0xEC, 0x1F, 0xB1,
    0x21, 0x8F, 0xD0, 0xFF, 0x28, 0x6D, 0xAE, 0x94, 0xF9, 0x5A, 0xFE, 0x1A, 0x14, 0x15, 0xF1, 0x90,
    0x75, 0xE4, 0x22, 0x62, 0xF4, 0xEF, 0x87, 0x7D, 0x7B, 0x10, 0x77, 0xA9, 0x9B, 0x47, 0x6D, 0xD2,
    0x9C, 0xB3, 0xF3, 0x9F, 0xE7, 0x8A, 0x73, 0x93, 0x60, 0x0C, 0xA0, 0x0C, 0x05, 0x68, 0xD0, 0xD2,
    0x94, 0x21, 0x65, 0x2C, 0xDF, 0x85, 0x15, 0x39, 0xC0, 0x1B, 0x2C, 0x11, 0x1D, 0xED, 0xB0, 0x44,
    0x6A, 0x73, 0x03, 0x00, 0x85, 0xC9, 0x1A, 0x00, 0x58, 0x10, 0x0F, 0x00, 0xDC, 0x6A, 0xA1, 0x7C,
    0x04, 0x6C, 0x88, 0x83, 0x4C, 0x64, 0x76, 0x22, 0xC3, 0xC5, 0xC3, 0x03, 0x82, 0x46, 0x24, 0x58,
    0x00, 0xEC, 0x4D, 0x00, 0xEE, 0xB3, 0x44, 0xEC, 0xD6, 0x73, 0x64, 0x36, 0xAF, 0xD6, 0x73, 0xA4,
    0x2D, 0x00, 0x51, 0x48, 0xE7, 0x06, 0x20, 0x3F, 0x9F, 0xC3, 0xC0, 0x0B, 0xCB, 0x17, 0x42, 0xC0,
    0xC5, 0x1C, 0x0E, 0x20, 0x1A, 0xC5, 0x0F, 0xB9, 0x8C, 0xD5, 0xCB, 0xC3, 0xC8, 0x12, 0x7E, 0xDD,
    0xCE, 0x96, 0x98, 0xD6, 0xCB, 0xDF, 0xCD, 0x93, 0x7A, 0xD6, 0x88, 0xF6, 0x0C, 0x00, 0xB7, 0x29,
    0x56, 0x63, 0xCF, 0x23, 0x91, 0x20, 0x32, 0xC6, 0x75, 0x98, 0xD5, 0x41, 0xCC, 0xBD, 0x72, 0x61,
    0xF2, 0x11, 0xB6, 0x80, 0xA5, 0xC8, 0x0E, 0x41, 0xDC, 0x7F, 0x22, 0x4D, 0xAF, 0xD7, 0x78, 0x11,
    0x9B, 0x8B, 0x6F, 0x59, 0x7F, 0x9F, 0x23, 0x1A, 0xCC, 0x2A, 0xAE, 0xA9, 0x5F, 0xC7, 0xFA, 0x22,
    0x36, 0x17, 0x7B, 0x72, 0x11, 0x43, 0x1E, 0xC3, 0xCB, 0x2C, 0xB1, 0xCD, 0x32, 0x00, 0x25, 0xB2,
    0x84, 0x5D, 0xB5, 0x6E, 0xD5, 0x56, 0x5C, 0x7A, 0x3B, 0xC1, 0x2B, 0x2C, 0xB1, 0x49, 0x36, 0xB0,
    0x95, 0xDA, 0xEF, 0x26, 0x8E, 0x73, 0xCA, 0x3F, 0x72, 0x0F, 0x12, 0x77, 0x9A, 0xB8, 0x87, 0x89,
    0x7B, 0x70, 0xB3, 0x29, 0x3E, 0xEE, 0x80, 0x68, 0x40, 0xBD, 0xEE, 0xB6, 0xF0, 0xDB, 0xB4, 0x3B,
    0x7B, 0xAD, 0x96, 0x76, 0x1B, 0x46, 0xDA, 0x02, 0x55, 0xBD, 0x1B, 0xAF, 0x06, 0xCF, 0xAA, 0xAC,
    0x8A, 0x80, 0x3B, 0x46, 0x55, 0xE9, 0x63, 0x25, 0xB3, 0x75, 0x17, 0x0F, 0xE4, 0xAF, 0xBB, 0x6D,
    0xFC, 0x7D, 0x1E, 0x3E, 0xE4, 0xF4, 0x21, 0xF7, 0x47, 0x3A, 0xE5, 0x74, 0xEC, 0xD9, 0x8A, 0x9B,
    0x54, 0x4C, 0xF0, 0xAC, 0x66, 0xE1, 0x6C, 0x90, 0x58, 0xF5, 0xEC, 0x1A, 0x74, 0x4D, 0x69, 0x90,
    0xF7, 0x3D, 0xC0, 0xC6, 0xC0, 0x56, 0x66, 0xC7, 0x5B, 0x7F, 0x1A, 0xF1, 0x10, 0x5A, 0x02, 0x9D,
    0xC2, 0x03, 0x28, 0x5E, 0xB5, 0x99, 0x18, 0x56, 0x88, 0x7B, 0x08, 0xBD, 0x6C, 0x13, 0x6A, 0xBC,
    0xD8, 0x46, 0xFD, 0x6E, 0xCE, 0x16, 0x3D, 0x3B, 0x3C, 0x60, 0xFB, 0xB1, 0xF2, 0x80, 0xEF, 0x31,
    0x27, 0x7F, 0x6D, 0x4E, 0x3A, 0x68, 0xCB, 0x0A, 0x85, 0x85, 0xD4, 0x42, 0xB2, 0xAE, 0xEF, 0xB7,
    0x24, 0x8F, 0x0E, 0x49, 0x9C, 0xFA, 0xCC, 0xF5, 0xA6, 0x56, 0x19, 0xDD, 0x29, 0x7F, 0x27, 0x6B,
    0xF6, 0x2B, 0xD4, 0x1F, 0xCF, 0xFE, 0xEE, 0xC9, 0x6C, 0x41, 0x47, 0x56, 0xE5, 0x9C, 0x8E, 0xFC,
    0x25, 0xEE, 0x7F, 0x36, 0xB7, 0x39, 0x0F, 0x28, 0xDB, 0xDC, 0x95, 0xE6, 0xCE, 0x0F, 0x9B, 0xEC,
    0xED, 0x36, 0x69, 0xDE, 0x0D, 0x9B, 0x64, 0x1F, 0xA3, 0xD4, 0xA2, 0x17, 0x40, 0x8A, 0xA2, 0x7C,
    0x6B, 0xFF, 0x6E, 0xCE, 0xE5, 0xA2, 0x48, 0x7B, 0x98, 0x1D, 0xCD, 0xAA, 0xC2, 0x6C, 0xA1, 0xF8,
    0x16, 0x59, 0x75, 0x9B, 0xD4, 0x7E, 0x9F, 0xC4, 0xFD, 0x82, 0xC8, 0x3B, 0xF8, 0xD8, 0xC2, 0x9F,
    0x2A, 0xD0, 0xC0, 0x2E, 0xDC, 0xFB, 0xC3, 0x8C, 0xDC, 0x9E, 0x8E, 0xFA, 0xE9, 0x52, 0x57, 0x02,
    0x05, 0xF0, 0x83, 0x0A, 0x3E, 0x70, 0x24, 0xA6, 0x45, 0x71, 0x86, 0x7C, 0x20, 0xF6, 0xBF, 0xEC,
    0x9C, 0x3F, 0x8C, 0xE5, 0xC6, 0x95, 0xEE, 0x0F, 0x2F, 0xD1, 0x4D, 0xD8, 0x0C, 0xF8, 0x82, 0x67,
    0x19, 0xCF, 0x1D, 0x30, 0x79, 0x81, 0xA1, 0x84, 0x79, 0x60, 0x15, 0x1D, 0x6F, 0xB0, 0x13, 0x68,
    0x94, 0x4C, 0xA0, 0xC4, 0x9B, 0xD8, 0x41, 0xE7, 0x80, 0x67, 0x48, 0xE7, 0xC1, 0x4E, 0xA0, 0x1C,
    0x0A, 0xC6, 0x80, 0xD4, 0x13, 0x4C, 0xAA, 0x60, 0x5A, 0x45, 0xEC, 0x06, 0x0E, 0x4D, 0xC0, 0xDE,
    0x68, 0x83, 0xE5, 0x62, 0xDB, 0x30, 0x34, 0x89, 0x69, 0x80, 0xC6, 0xB2, 0x7B, 0x49, 0x9E, 0xBD,
    0xE7, 0x3B, 0xA7, 0xEE, 0x65, 0xDF, 0xEE, 0x96, 0x5B, 0xD6, 0x48, 0x96, 0xAD, 0x29, 0x60, 0xEA,
    0xFB, 0xB1, 0xEF, 0x25, 0x59, 0xFF, 0xEB, 0xD4, 0xA9, 0xBA, 0x43, 0xC7, 0x67, 0x24, 0x21, 0xE6,
    0x52, 0x24, 0xE2, 0x06, 0x97, 0x55, 0x0B, 0xC9, 0x7B, 0x48, 0x32, 0x42, 0x68, 0x56, 0x71, 0x2A,
    0x47, 0x74, 0x18, 0xCE, 0x10, 0x6A, 0x46, 0x68, 0x1E, 0x41, 0x5A, 0xE2, 0x9E, 0xC8, 0xB7, 0x54,
    0x6D, 0x25, 0x57, 0xC9, 0x54, 0x52, 0x95, 0x44, 0x25, 0x56, 0x89, 0x4A, 0x08, 0xD1, 0xBD, 0x84,
    0x99, 0xFB, 0xBD, 0x5C, 0x9D, 0x9D, 0x7D, 0x68, 0x9F, 0xFD, 0xA5, 0xF2, 0xF2, 0x9A, 0x4C, 0x6B,
    0xD9, 0x4C, 0xE4, 0x25, 0xD5, 0xD3, 0x31, 0x6F, 0x5F, 0xC4, 0x13, 0x23, 0x04, 0x21, 0x7A, 0x80,
    0x12, 0x49, 0x26, 0x72, 0x0D, 0x51, 0x36, 0x93, 0xEF, 0x76, 0x92, 0x4E, 0x54, 0x6D, 0x25, 0x1E,
    0xA9, 0x68, 0xE8, 0xF6, 0xF0, 0xA6, 0x04, 0x7F, 0xAA, 0x99, 0x2F, 0x89, 0x3C, 0x23, 0xD4, 0xD7,
    0xA8, 0xDD, 0x6C, 0xC5, 0x0B, 0x91, 0x90, 0x14, 0xF2, 0x39, 0x28, 0xDF, 0xD2, 0x4B, 0x50, 0x76,
    0x07, 0x7D, 0x02, 0x4A, 0x6B, 0x22, 0x02, 0x11, 0xDD, 0x8F, 0xDE, 0x35, 0xFA, 0x85, 0xE7, 0x41,
    0xE9, 0x05, 0x33, 0x97, 0x20, 0x09, 0x1D, 0xE8, 0x92, 0x8E, 0x79, 0x0C, 0xF7, 0xBA, 0x29, 0x50,
    0xB6, 0x04, 0x4A, 0x59, 0x49, 0x7B, 0xD9, 0x4D, 0xAA, 0x3F, 0x97, 0xCA, 0x1D, 0x91, 0x51, 0xB2,
    0xA3, 0x6C, 0x0E, 0x94, 0x4F, 0xE8, 0xC4, 0x8D, 0x55, 0x42, 0xCE, 0x03, 0x9D, 0x70, 0x4B, 0x94,
    0x49, 0xC5, 0xBA, 0x85, 0x02, 0x75, 0x84, 0xF0, 0x70, 0xDD, 0xE9, 0xD3, 0x05, 0x57, 0xD9, 0x08,
    0xB1, 0xAF, 0x54, 0x35, 0x44, 0x3F, 0xDA, 0x0C, 0x2A, 0xF5, 0x1D, 0x0D, 0xB6, 0xB4, 0x6A, 0x7A,
    0xA4, 0x22, 0x0D, 0x36, 0xE2, 0x06, 0x49, 0x71, 0x2A, 0xB9, 0x4A, 0x76, 0x9B, 0xA4, 0x35, 0x84,
    0xE8, 0x9B, 0x28, 0x1E, 0x59, 0x3F, 0xE6, 0x59, 0x84, 0x99, 0x97, 0x20, 0xAB, 0x10, 0x79, 0xBE,
    0xD8, 0x4A, 0x81, 0xBC, 0x6F, 0xF8, 0xEA, 0x39, 0x77, 0x94, 0x72, 0x29, 0xF7, 0xBA, 0x01, 0x6D,
    0xC2, 0x4B, 0x55, 0x4C, 0x11, 0xEA, 0x6C, 0x44, 0x4D, 0xA6, 0x7D, 0x22, 0xCF, 0x48, 0x6A, 0xD4,
    0xA1, 0x7C, 0x0A, 0xC9, 0x55, 0x0A, 0xAB, 0x0B, 0x93, 0xE1, 0x9A, 0x5C, 0x6D, 0x4B, 0x7C, 0x2B,
    0x8C, 0xB6, 0xA8, 0x62, 0x9F, 0x1D, 0xCA, 0xB8, 0x96, 0xE2, 0xDA, 0x1B, 0xB2, 0x05, 0x92, 0xF2,
    0xBA, 0x25, 0x6C, 0x30, 0xFC, 0xFF, 0x7F, 0xA9, 0x3F, 0xE9, 0x35, 0xD5, 0x84, 0x31, 0x2B, 0xE7,
    0xA7, 0x74, 0xDA, 0x53, 0xA2, 0x83, 0x11, 0x79, 0xED, 0x03, 0x29, 0x6B, 0xA7, 0xF8, 0x9E, 0xB6,
    0x25, 0xBD, 0x9D, 0x9F, 0x22, 0x61, 0x13, 0x45, 0xFC, 0xD9, 0x29, 0x97, 0xC9, 0x22, 0xED, 0x40,
    0xB2, 0x56, 0x75, 0xB9, 0x94, 0x44, 0x57, 0xF4, 0x44, 0x45, 0xEB, 0xD0, 0x22, 0x24, 0xFE, 0x0E,
    0x49, 0x4C, 0x16, 0x6B, 0xB6, 0x73, 0x24, 0x2D, 0x43, 0x57, 0x4C, 0xAC, 0x6B, 0xE1, 0xA2, 0x42,
    0x2D, 0x64, 0x48, 0x45, 0xC4, 0xF8, 0xE4, 0x84, 0x19, 0xB5, 0x84, 0x84, 0xA7, 0xE8, 0x91, 0x11,
    0xE3, 0x59, 0xD5, 0xB8, 0xCF, 0x74, 0x36, 0xA5, 0x88, 0x1D, 0xE2, 0xAA, 0x44, 0x8C, 0xBA, 0xA8,
    0x1A, 0xA2, 0x7C, 0x70, 0x9D, 0xA4, 0x40, 0xDE, 0xEE, 0x9B, 0x8C, 0xCB, 0x13, 0x2E, 0x37, 0x3A,
    0xA6, 0x9F, 0x22, 0x47, 0xF4, 0xF0, 0x01, 0x5A, 0xFA, 0x33, 0x66, 0x1E, 0x1F, 0xC9, 0x9F, 0x78,
    0x44, 0x03, 0xF9, 0x5A, 0xFF, 0xF9, 0x01, 0xCD, 0x50, 0xD2, 0x20, 0xFF, 0x8E, 0x28, 0x2A, 0xAB,
    0x3A, 0xEB, 0xB9, 0x29, 0x86, 0xF0, 0xCF, 0x95, 0x59, 0x47, 0x07, 0xE1, 0x9B, 0x96, 0xEE, 0xCD,
    0x36, 0x41, 0x4F, 0x63, 0x66, 0xEE, 0xA2, 0x53, 0x5E, 0x4A, 0x8A, 0xB9, 0x83, 0xDD, 0xF1, 0x37,
    0x13, 0xD5, 0x16, 0x6D, 0xB8, 0xB4, 0x51, 0x19, 0x3D, 0x39, 0x9B, 0xAC, 0xE3, 0xBD, 0x25, 0x19,
    0xF2, 0xF2, 0xA1, 0xFF, 0x50, 0x2A, 0xE0, 0x07, 0x67, 0x08, 0xE0, 0x82, 0x11, 0x7A, 0xE1, 0x23,
    0x2F, 0xB8, 0x3C, 0xD0, 0x5E, 0xD9, 0x11, 0xB1, 0xD5, 0x5D, 0x26, 0xDC, 0x28, 0xA7, 0xED, 0x97,
    0xE0, 0x66, 0xCF, 0xD9, 0x7D, 0x99, 0x5F, 0x3D, 0xDD, 0x33, 0x73, 0xB9, 0xE2, 0x41, 0xD2, 0xA9,
    0xDF, 0xAF, 0x66, 0xE1, 0x1A, 0x9C, 0x72, 0x19, 0x58, 0x07, 0x90, 0x42, 0x99, 0xB8, 0xDD, 0x72,
    0xA9, 0xEC, 0xA5, 0x87, 0x29, 0xEB, 0xB4, 0x40, 0x7B, 0xAE, 0x8C, 0xDD, 0x96, 0xFD, 0x8A, 0x97,
    0xFD, 0x77, 0xA2, 0x79, 0xCF, 0x9B, 0xC9, 0xD8, 0xF7, 0x94, 0x80, 0xF5, 0x5D, 0xF9, 0xA0, 0x1C,
    0x71, 0xF3, 0x1E, 0xF7, 0xCA, 0x09, 0x97, 0x9E, 0x3B, 0x1D, 0xD8, 0x4E, 0x17, 0x1D, 0x26, 0x4E,
    0xF8, 0xD5, 0x0B, 0x1E, 0xA8, 0x62, 0xA2, 0xD8, 0xE6, 0x2B, 0x37, 0x19, 0x5F, 0x10, 0x1D, 0x3D,
    0xB8, 0xDE, 0x77, 0x34, 0x22, 0xB4, 0x5F, 0x8D, 0x88, 0xD0, 0x97, 0x10, 0xC9, 0x07, 0x63, 0x88,
    0x90, 0x3C, 0x8B, 0x4C, 0xDC, 0x5F, 0x81, 0x65, 0x7E, 0xF0, 0x57, 0x67, 0x0F, 0x84, 0xD9, 0x42,
    0xBD, 0xE2, 0x71, 0x97, 0xCE, 0xE8, 0x94, 0xF7, 0xF7, 0xC6, 0xDC, 0x04, 0x46, 0x5B, 0x0C, 0x2C,
    0xB0, 0x63, 0x37, 0xEC, 0xB9, 0x18, 0x57, 0x3C, 0x7D, 0x31, 0x76, 0xE3, 0xED, 0xCF, 0xF4, 0x3D,
    0x18, 0x75, 0xCE, 0x2D, 0x66, 0x5F, 0xF9, 0x5B, 0xCA, 0x35, 0xA6, 0xE0, 0x63, 0x99, 0x5C, 0x97,
    0x5D, 0x5D, 0x30, 0x77, 0x7B, 0xBE, 0x24, 0xDA, 0x99, 0x90, 0x7B, 0xCB, 0xF1, 0x00, 0x83, 0x15,
    0xB9, 0x36, 0x23, 0x57, 0x76, 0x64, 0x30, 0x1A, 0xEF, 0xC6, 0xB5, 0x2D, 0x29, 0x08, 0xBD, 0x2F,
    0xBE, 0x4B, 0x7B, 0x8B, 0x72, 0xA4, 0xB5, 0x49, 0x09, 0x94, 0xD0, 0x2A, 0x5E, 0x96, 0xC7, 0xDC,
    0x03, 0x51, 0x75, 0x83, 0x21, 0x0A, 0x31, 0x60, 0x76, 0x3B, 0xCE, 0x3B, 0x4C, 0x5F, 0x3F, 0xC2,
    0xC4, 0x4C, 0x99, 0xD4, 0xC6, 0x14, 0x0C, 0x46, 0xE6, 0x16, 0x79, 0x8D, 0x12, 0xA2, 0x87, 0x10,
    0xBB, 0x43, 0x67, 0x62, 0x83, 0xA2, 0x37, 0xA8, 0x1A, 0x03, 0x36, 0x8D, 0x26, 0x83, 0xB8, 0x37,
    0x38, 0xAE, 0x55, 0x6F, 0x9B, 0xDA, 0xB6, 0x75, 0xFE, 0xB1, 0xB6, 0x01, 0xCF, 0x0B, 0xFA, 0xA4,
    0x26, 0x8C, 0x47, 0xB5, 0x6A, 0x74, 0x81, 0x34, 0x93, 0x42, 0x36, 0x18, 0xE4, 0xAD, 0x81, 0x2B,
    0x0D, 0x16, 0x52, 0x88, 0x47, 0x83, 0xAC, 0x33, 0x28, 0x1A, 0x03, 0x4F, 0x0A, 0xD1, 0x64, 0x90,
    0xF4, 0x06, 0x59, 0xAB, 0xC0, 0xDC, 0x07, 0x18, 0x15, 0xAE, 0xFC, 0x1C, 0xBE, 0xC3, 0x06, 0x09,
    0x37, 0x0A, 0x1B, 0x0E, 0xAF, 0xE0, 0xC1, 0xC0, 0x4D, 0x06, 0x39, 0x03, 0xD0, 0xF4, 0x15, 0x62,
    0x6E, 0x15, 0x22, 0xEE, 0x15, 0xC8, 0x4F, 0x06, 0x6E, 0x31, 0xC8, 0x76, 0x59, 0xE6, 0x56, 0x8D,
    0xD7, 0x0D, 0x0F, 0x66, 0xBE, 0xFA, 0xA5, 0xD4, 0xDE, 0x5F, 0x70, 0xA7, 0x10, 0xC9, 0xB0, 0x7C,
    0xFC, 0x31, 0x59, 0x48, 0x58, 0x15, 0x13, 0x5C, 0x40, 0xDF, 0xD0, 0x61, 0x95, 0x51, 0x3A, 0xA8,
    0x5A, 0x65, 0x69, 0x78, 0xB2, 0xA3, 0x23, 0x95, 0xBB, 0x6A, 0xEC, 0xBB, 0xDB, 0x18, 0x55, 0x86,
    0xD6, 0x52, 0xA2, 0xCE, 0x8E, 0x3C, 0x7F, 0xA6, 0x95, 0x16, 0xB2, 0x60, 0xAD, 0x46, 0x29, 0x59,
    0x6E, 0x52, 0xB6, 0x23, 0xB7, 0x23, 0x0E, 0x14, 0xEF, 0x28, 0xFD, 0x7D, 0xA0, 0xE2, 0x57, 0x81,
    0xAA, 0xC4, 0x28, 0x9A, 0x02, 0x25, 0x7D, 0xA0, 0xAC, 0x0D, 0xE4, 0xCA, 0x40, 0x0B, 0x19, 0xC5,
    0x63, 0xA0, 0xB4, 0x0B, 0x54, 0x34, 0x81, 0x2A, 0x32, 0xFA, 0xE3, 0x14, 0xE8, 0xBF, 0xFB, 0x40,
    0xDC, 0xEE, 0xA8, 0x0C, 0x34, 0x53, 0xA0, 0xD1, 0xE8, 0xEE, 0xFC, 0xA6, 0x42, 0x7E, 0x40, 0x09,
    0xE9, 0x8A, 0x44, 0x1F, 0xBA, 0x2F, 0xC9, 0x3D, 0x11, 0x1D, 0xB7, 0xF4, 0x5D, 0xD4, 0x61, 0xD1,
    0x52, 0xD6, 0xDB, 0xC2, 0x2E, 0x1B, 0x01, 0x3D, 0x15, 0x80, 0x62, 0xF9, 0xB1, 0xB6, 0xD7, 0x34,
    0x0C, 0x3C, 0xE4, 0xF9, 0x92, 0x3E, 0x37, 0xC0, 0x92, 0x79, 0x5B, 0x7D, 0x14, 0x3D, 0x39, 0xE6,
    0xE6, 0x7D, 0xB1, 0x61, 0xDE, 0xE2, 0xCB, 0x72, 0x23, 0xD5, 0x07, 0x47, 0x07, 0xA3, 0x56, 0x1A,
    0x24, 0x57, 0xBB, 0x98, 0xC3, 0x47, 0xC1, 0x20, 0xFF, 0x34, 0x54, 0xDF, 0x64, 0xB5, 0x1C, 0x8D,
    0xB6, 0x08, 0x89, 0x7B, 0x5D, 0x86, 0x28, 0x10, 0xB7, 0xB0, 0x68, 0x30, 0x07, 0x64, 0x8D, 0x2D,
    0x6D, 0xF2, 0x1A, 0x30, 0x51, 0xA1, 0xA6, 0xD3, 0x4C, 0xEF, 0x84, 0x25, 0xCD, 0xE3, 0xD0, 0x8E,
    0x27, 0x40, 0xCC, 0xBF, 0x18, 0xAC, 0x3D, 0xFF, 0x8B, 0x35, 0x5E, 0xFE, 0xAF, 0x4E, 0x44, 0x6A,
    0xA6, 0x51, 0x70, 0x6C, 0x90, 0x73, 0xA9, 0x90, 0x31, 0x44, 0x0B, 0x5F, 0x1F, 0x34, 0x19, 0x6C,
    0x46, 0x83, 0x78, 0x30, 0x48, 0x7B, 0x83, 0xAA, 0xD5, 0x6B, 0xE6, 0xDA, 0x52, 0xC1, 0xF6, 0x55,
    0x9E, 0xA1, 0xD6, 0x71, 0xB1, 0x68, 0xDA, 0x77, 0x07, 0x29, 0xCC, 0x8F, 0x50, 0x73, 0x8E, 0x79,
    0x46, 0x67, 0x78, 0x8B, 0xF9, 0x99, 0xF6, 0x05, 0x37, 0x5B, 0xE5, 0x17, 0x93, 0x41, 0x3E, 0x7E,
    0x9B, 0xC0, 0x03, 0x26, 0x3A, 0x66, 0x18, 0x35, 0x5C, 0xB2, 0x85, 0xD9, 0xD4, 0x7A, 0xC1, 0x10,
    0xA6, 0x99, 0x26, 0x14, 0x79, 0xAD, 0xB0, 0xD9, 0xCD, 0x2A, 0x01, 0x68, 0x09, 0x30, 0x07, 0x98,
    0x02, 0xBC, 0x0C, 0xF0, 0x13, 0xD3, 0xE8, 0x4C, 0xD5, 0x9E, 0xB3, 0x7E, 0x72, 0xB2, 0x33, 0x9B,
    0xB9, 0x35, 0xF0, 0x9D, 0x42, 0x51, 0xF5, 0x0A, 0xAE, 0x18, 0x14, 0xAA, 0x6C, 0x54, 0x38, 0x0F,
    0x13, 0xE0, 0x94, 0xCE, 0x36, 0x80, 0xC6, 0x6C, 0x0D, 0x2A, 0x40, 0x6F, 0x56, 0x43, 0xDA, 0x99,
    0x69, 0x9E, 0xB5, 0xB0, 0xA5, 0xD5, 0x8B, 0x82, 0x77, 0x14, 0x75, 0x58, 0x37, 0x6F, 0x59, 0xE7,
    0x0E, 0x94, 0x93, 0xE6, 0x2A, 0x03, 0x2C, 0x0F, 0x1F, 0xBE, 0x3F, 0xEF, 0xEC, 0x0A, 0x24, 0xDD,
    0x20, 0xF9, 0xD3, 0xC3, 0x87, 0xEF, 0x61, 0x4E, 0xEF, 0xD4, 0x4C, 0xD6, 0xBE, 0xC5, 0x2D, 0xDE,
    0x10, 0x8C, 0xF5, 0x60, 0x9D, 0x05, 0x87, 0x82, 0x0F, 0xDE, 0x03, 0x36, 0x88, 0x00, 0xC5, 0xA2,
    0x73, 0x0D, 0x55, 0x5C, 0xE3, 0xF1, 0x85, 0xD6, 0x8E, 0xC2, 0x35, 0xFF, 0x50, 0x79, 0xCD, 0x3F,
    0x54, 0xEB, 0xCC, 0xA5, 0x52, 0xA8, 0x64, 0xB7, 0x49, 0x74, 0x4F, 0x4F, 0xE6, 0xF2, 0x0C, 0xC2,
    0xDC, 0xA9, 0x68, 0xDF, 0xC9, 0xF5, 0x45, 0x1B, 0x6E, 0x45, 0xCC, 0xC0, 0x0C, 0x36, 0x67, 0x31,
    0xAA, 0x4C, 0x90, 0xFC, 0x36, 0x29, 0x54, 0xDC, 0xA8, 0x32, 0xD8, 0x53, 0xCC, 0x42, 0x15, 0x3A,
    0xE1, 0x7A, 0x6F, 0x97, 0x32, 0xF7, 0x90, 0x4B, 0xF5, 0x8D, 0x7D, 0x40, 0x64, 0x66, 0x1D, 0xF2,
    0x3E, 0x63, 0x6C, 0x3C, 0xE5, 0x52, 0x93, 0xA4, 0x06, 0x37, 0x77, 0xEB, 0x94, 0x55, 0x2A, 0xEE,
    0x36, 0xA9, 0x54, 0x7C, 0x07, 0xD1, 0xDB, 0x63, 0x26, 0x91, 0xD3, 0x51, 0x33, 0x5D, 0xAB, 0x5C,
    0x60, 0x1D, 0xE0, 0x99, 0xF6, 0x79, 0x07, 0xAE, 0x32, 0x9D, 0x4D, 0x2A, 0x33, 0x24, 0x5D, 0xEE,
    0x96, 0xCC, 0x64, 0x5E, 0x17, 0x48, 0x35, 0x90, 0x97, 0x47, 0x77, 0xD2, 0x37, 0x99, 0x6B, 0xEB,
    0x8D, 0x12, 0x2F, 0xE5, 0xB7, 0xDB, 0x2F, 0xF8, 0x5D, 0xCD, 0xFD, 0x47, 0x94, 0x31, 0xC2, 0x64,
    0x6B, 0x7D, 0xFE, 0x80, 0x28, 0xEB, 0x6D, 0x0E, 0x4C, 0x04, 0x30, 0xED, 0x09, 0x0C, 0x7F, 0x06,
    0xBA, 0x43, 0x48, 0x76, 0xD0, 0x1A, 0xA4, 0x3B, 0x68, 0x0E, 0x21, 0xBB, 0x09, 0xB5, 0x41, 0x5E,
    0x1A, 0x14, 0x01, 0x1C, 0x1D, 0xC2, 0x93, 0x00, 0xE7, 0x01, 0x26, 0x83, 0x28, 0xC0, 0x66, 0x30,
    0x88, 0x7B, 0x83, 0xB4, 0x33, 0xC8, 0x5A, 0x83, 0xA2, 0x31, 0xA8, 0x48, 0xE1, 0x6D, 0x96, 0x62,
    0xF2, 0xCB, 0x47, 0x15, 0x6B, 0x98, 0xF7, 0xB0, 0x68, 0x29, 0xCF, 0x56, 0xDC, 0xD9, 0x6C, 0xEB,
    0x84, 0x78, 0xAE, 0x6C, 0xED, 0x35, 0x57, 0xA4, 0x61, 0x0F, 0x4F, 0x0C, 0xCE, 0x1F, 0x1B, 0x3C,
    0x0E, 0xF0, 0xA3, 0x1F, 0x1A, 0xFC, 0xF0, 0xDB, 0xBC, 0xC5, 0xB2, 0x6D, 0x98, 0xB5, 0x34, 0xCE,
    0x72, 0x1B, 0x95, 0x19, 0x73, 0x93, 0x31, 0x73, 0x9D, 0xB3, 0x0C, 0x60, 0x4B, 0x79, 0xE4, 0xB1,
    0xEC, 0x9C, 0xB5, 0x5D, 0x62, 0xDD, 0x01, 0x9B, 0x75, 0xB2, 0x95, 0x81, 0xFC, 0x8B, 0x66, 0xF5,
    0x79, 0x6D, 0x26, 0x54, 0x8F, 0x5E, 0x24, 0x3A, 0x15, 0x35, 0xB8, 0xD0, 0xA5, 0x50, 0xD6, 0xE1,
    0xA2, 0x40, 0x5D, 0x25, 0x03, 0x2E, 0x2A, 0xAD, 0xB7, 0x09, 0x17, 0x36, 0x0D, 0xB2, 0x5C, 0x04,
    0x5B, 0xCA, 0xD5, 0x31, 0x6B, 0xBB, 0x21, 0xA9, 0x86, 0x98, 0x29, 0x6F, 0x82, 0x91, 0x15, 0x33,
    0x39, 0x65, 0x8A, 0xC5, 0x83, 0xCE, 0xCA, 0xEA, 0x95, 0xDE, 0x1B, 0x6E, 0x12, 0xEC, 0x9E, 0x62,
    0x79, 0xCE, 0xCF, 0xD9, 0x9E, 0xE6, 0xE4, 0x1E, 0x6F, 0xEF, 0x61, 0x3C, 0x6D, 0xB2, 0x89, 0x1D,
    0xEF, 0x59, 0xC2, 0xE4, 0x1E, 0x73, 0x30, 0xFF, 0x32, 0x4D, 0x9B, 0x3E, 0x2E, 0x9F, 0xE5, 0xC2,
    0x16, 0x6C, 0x4E, 0xB3, 0xC0, 0xBD, 0x3E, 0x4C, 0x33, 0x37, 0xC1, 0xC8, 0xB0, 0x6C, 0xCF, 0x78,
    0x98, 0x15, 0x08, 0xC3, 0x32, 0x29, 0xB5, 0xA8, 0xB8, 0x81, 0x83, 0x1B, 0x17, 0x58, 0xD1, 0xB9,
    0x49, 0x2F, 0x88, 0x07, 0xFC, 0xC3, 0x57, 0xC9, 0xCF, 0xEA, 0xCD, 0x3E, 0x95, 0xA8, 0xE0, 0xDA,
    0x73, 0x4D, 0xA8, 0x2C, 0x4A, 0x79, 0xF4, 0x17, 0x64, 0x17, 0xF4, 0x62, 0x24, 0x0B, 0x29, 0xAB,
    0x23, 0x95, 0x79, 0x91, 0x8B, 0xDF, 0xFD, 0x8C, 0x5B, 0xBC, 0x68, 0xBF, 0x09, 0xE1, 0x7A, 0xE4,
    0xC3, 0xB5, 0x18, 0xD1, 0x5D, 0x03, 0x49, 0x9B, 0xFD, 0x06, 0x90, 0xC9, 0xAC, 0xB2, 0xDE, 0x89,
    0xB0, 0xE6, 0x67, 0xDB, 0xC3, 0x27, 0x0B, 0x98, 0x5B, 0x95, 0x0B, 0x98, 0xB2, 0xCC, 0xB6, 0xBF,
    0xD6, 0x93, 0x96, 0xD1, 0xFA, 0x99, 0xC9, 0x7E, 0x9B, 0x01, 0x62, 0x5F, 0xAD, 0x23, 0x95, 0xBC,
    0x86, 0x54, 0x35, 0x3E, 0xF3, 0x8D, 0x48, 0xE9, 0x5B, 0xAC, 0x0D, 0x3C, 0x66, 0x1E, 0xB5, 0x84,
    0xB1, 0x17, 0x71, 0x8C, 0x42, 0xD6, 0x4A, 0x3F, 0xB5, 0xB7, 0x3F, 0x7C, 0xF7, 0xCD, 0xE2, 0xF2,
    0x6B, 0x5C, 0x5C, 0x6E, 0x3E, 0xA4, 0xE4, 0xA9, 0xD6, 0x6F, 0x4F, 0xC9, 0x18, 0xBC, 0x03, 0xE9,
    0xAE, 0xC9, 0x64, 0xA1, 0xF6, 0x7F, 0xEC, 0xC7, 0x5D, 0x37, 0x0D, 0x0B, 0xAF, 0xD5, 0xE6, 0xD9,
    0x5F, 0xD9, 0x51, 0xF0, 0xA6, 0x2E, 0xDF, 0xB8, 0xD0, 0x5E, 0x83, 0x0B, 0xCD, 0x76, 0x78, 0x9E,
    0x85, 0xED, 0x9D, 0x31, 0xD8, 0x7B, 0x4F, 0x75, 0x63, 0xC7, 0xA1, 0xB5, 0x0A, 0xA0, 0x7A, 0xDA,
    0x2F, 0x02, 0x8D, 0x41, 0xF6, 0x17, 0x41, 0xBE, 0x83, 0xFA, 0x10, 0x8A, 0x1D, 0x94, 0x06, 0x6E,
    0x07, 0x64, 0x50, 0x05, 0xF0, 0x01, 0x16, 0x83, 0x68, 0x36, 0xD8, 0x4C, 0x06, 0x49, 0x80, 0x7C,
    0x50, 0x78, 0x2F, 0x94, 0xB1, 0xE7, 0x4E, 0x1B, 0xA4, 0xE7, 0x46, 0xDB, 0x63, 0xC5, 0xB6, 0xA1,
    0xE2, 0x26, 0x03, 0xDD, 0x75, 0xD1, 0x8E, 0x2F, 0x22, 0xAE, 0x7C, 0x66, 0x06, 0x6E, 0xF5, 0x11,
    0x73, 0xAD, 0x93, 0xCD, 0xEF, 0x48, 0x27, 0xF8, 0x0D, 0x2F, 0xD6, 0x55, 0x28, 0xE6, 0x69, 0x8B,
    0x58, 0x7C, 0x27, 0x7F, 0x10, 0xD4, 0x5E, 0xFF, 0x6B, 0x41, 0x37, 0x08, 0xFE, 0xB3, 0x20, 0x66,
    0xB2, 0xE2, 0x1F, 0x05, 0x75, 0xAF, 0x2E, 0x03, 0x4A, 0x46, 0x9E, 0x00, 0x31, 0x49, 0x9D, 0x03,
    0x63, 0xC1, 0x09, 0x28, 0x8B, 0xF1, 0x68, 0x04, 0xCA, 0xF4, 0xB7, 0xE9, 0x81, 0xC4, 0x2D, 0xC5,
    0x86, 0xBE, 0xA3, 0xA4, 0x05, 0xA2, 0xCD, 0x37, 0x8A, 0x6E, 0xA0, 0xAC, 0x56, 0x2C, 0x26, 0x2A,
    0x4A, 0xC5, 0x6D, 0xEC, 0xC8, 0x70, 0xA6, 0x27, 0x86, 0x09, 0xD3, 0xB9, 0x61, 0xCC, 0x34, 0x29,
    0xCA, 0x36, 0xC1, 0xA8, 0xA8, 0xFE, 0x2B, 0x45, 0xE2, 0xDF, 0xEC, 0xD0, 0xFF, 0xBE, 0x0D, 0xE8,
    0xB8, 0xD9, 0x63, 0x1D, 0xB0, 0xE0, 0x32, 0x60, 0xC6, 0x04, 0xF4, 0x25, 0x65, 0x0B, 0x6C, 0x90,
    0x63, 0x6E, 0xD1, 0xAD, 0x2B, 0x7E, 0xCA, 0xBC, 0x50, 0x3C, 0x61, 0x48, 0x10, 0xDC, 0x8C, 0x40,
    0xB4, 0x69, 0x69, 0xDC, 0x52, 0x43, 0x68, 0xDC, 0xEA, 0x9E, 0x42, 0x2D, 0xA0, 0x34, 0x39, 0x0C,
    0xB1, 0x73, 0x80, 0xE9, 0x2B, 0x05, 0x96, 0xB0, 0x07, 0xDB, 0xEC, 0x7A, 0xB1, 0xFB, 0xCE, 0xD7,
    0x0C, 0x18, 0x64, 0xF3, 0x25, 0x0C, 0x0E, 0xFC, 0x74, 0x57, 0x50, 0x3B, 0xA0, 0x7D, 0x38, 0x56,
    0x63, 0x45, 0x53, 0x5F, 0xA2, 0xE1, 0x5E, 0x3E, 0xE2, 0x5E, 0x1F, 0xA1, 0x36, 0xA3, 0x34, 0xD7,
    0x84, 0x4B, 0x35, 0xBC, 0xD1, 0xDC, 0x74, 0xDB, 0x4A, 0xCD, 0x4A, 0x74, 0xAB, 0x74, 0x09, 0x73,
    0xEC, 0x6C, 0x7E, 0x98, 0x7C, 0x32, 0xB3, 0xAD, 0x50, 0x58, 0xEC, 0xC4, 0x47, 0xCA, 0x2B, 0x18,
    0x04, 0x92, 0x2F, 0x0F, 0x37, 0x9E, 0x1C, 0x5E, 0xBA, 0x4F, 0x46, 0x48, 0xD8, 0x3E, 0xA9, 0x89,
    0x25, 0xDE, 0x2C, 0xBF, 0x4A, 0x37, 0xB8, 0x35, 0xD2, 0x49, 0xB8, 0xD4, 0x02, 0xC8, 0x67, 0xBC,
    0xE6, 0xB7, 0x47, 0x3C, 0x58, 0xCF, 0x37, 0x57, 0x98, 0x4D, 0x06, 0xE1, 0xB8, 0xC9, 0x99, 0x85,
    0x8F, 0xD8, 0xC2, 0xFC, 0xC8, 0xE0, 0x19, 0x69, 0x89, 0x86, 0x06, 0x99, 0x7F, 0xFB, 0x1C, 0xA7,
    0xC5, 0x18, 0x1C, 0xEF, 0x93, 0xB6, 0xCC, 0x88, 0xB9, 0xDC, 0x79, 0x98, 0x77, 0xB0, 0x76, 0x4F,
    0xD5, 0xEA, 0x9E, 0x1A, 0xD5, 0x3D, 0xB5, 0xA8, 0xA1, 0xC3, 0xB5, 0x48, 0x70, 0xD8, 0xF8, 0xEE,
    0x9A, 0x7B, 0x6A, 0xB8, 0x8F, 0xDC, 0xED, 0xB3, 0xAA, 0xC3, 0x04, 0x5D, 0x5D, 0x3D, 0x67, 0x73,
    0x5D, 0xB5, 0x90, 0x8B, 0xBF, 0xE2, 0xD1, 0x2D, 0xE9, 0x8F, 0x1D, 0xA5, 0xFB, 0x55, 0x53, 0xF1,
    0x9A, 0x8F, 0x6E, 0xDD, 0x5F, 0x46, 0x95, 0xE9, 0xAB, 0x3E, 0xBA, 0x15, 0xB6, 0xCC, 0xC3, 0x26,
    0xF9, 0x4E, 0x5B, 0xA9, 0x2B, 0x5F, 0x7B, 0x12, 0x75, 0xCD, 0x39, 0x34, 0x6F, 0x5E, 0x42, 0xB3,
    0x1B, 0xFA, 0x09, 0x34, 0xAD, 0x09, 0x4A, 0xF4, 0xB7, 0xA3, 0x11, 0x77, 0x56, 0x9E, 0x97, 0x61,
    0xA5, 0x32, 0x04, 0x7D, 0xAD, 0xFB, 0x5D, 0x6F, 0xF6, 0xBB, 0xD4, 0xAE, 0x7B, 0xA6, 0xE4, 0x77,
    0x63, 0xFA, 0xCF, 0x98, 0xED, 0x6F, 0xE4, 0x47, 0x03, 0x72, 0xBD, 0xC1, 0x51, 0xF5, 0xA7, 0x12,
    0x70, 0x62, 0x26, 0x35, 0x45, 0x6A, 0xA6, 0x20, 0xE5, 0x4F, 0x5D, 0xFF, 0x08, 0x23, 0xC7, 0x28,
    0x77, 0xF8, 0x41, 0x9C, 0xF2, 0x42, 0x70, 0xD8, 0x94, 0x42, 0x09, 0x97, 0x52, 0xF6, 0x0E, 0x0E,
    0xF7, 0x7C, 0x02, 0x11, 0xB7, 0x6E, 0x54, 0xF2, 0xBD, 0x1B, 0x94, 0xAA, 0xBE, 0xEA, 0x8D, 0x86,
    0x40, 0xEE, 0x9E, 0x54, 0xAD, 0x9E, 0xB2, 0x7B, 0x72, 0xB7, 0x7F, 0xDB, 0x3E, 0x05, 0x49, 0x48,
    0x15, 0x6D, 0x76, 0x29, 0x25, 0x1F, 0x52, 0x4F, 0xB9, 0xE6, 0xA8, 0x09, 0xFB, 0x36, 0xF3, 0x3A,
    0xE7, 0x56, 0x1A, 0x07, 0x25, 0x24, 0xE9, 0x35, 0x78, 0x4B, 0xDA, 0xE6, 0x41, 0xE9, 0x1A, 0xBD,
    0x1D, 0x56, 0x7A, 0x8E, 0x79, 0xC4, 0x22, 0xFC, 0xFB, 0xE2, 0x90, 0x3E, 0xC1, 0x56, 0x01, 0xDB,
    0x0E, 0x57, 0x2E, 0xA0, 0x8D, 0xD4, 0xAA, 0x3C, 0xE6, 0x1A, 0x2E, 0x39, 0x94, 0xAB, 0x36, 0x49,
    0xEE, 0xD1, 0xC4, 0x51, 0xE6, 0x9F, 0x86, 0xF1, 0xC9, 0x86, 0x26, 0xB6, 0x76, 0x92, 0xF0, 0x3F,
    0x74, 0xD6, 0x18, 0xFE, 0x23, 0x74, 0x37, 0x0E, 0x75, 0xBC, 0xA8, 0xDA, 0xE8, 0xA6, 0xF6, 0xCF,
    0x41, 0x4B, 0xCC, 0x79, 0xD7, 0x5A, 0x5B, 0x85, 0xD9, 0xF7, 0xD0, 0x68, 0xB4, 0xB1, 0x31, 0xEE,
    0x73, 0x1B, 0x7F, 0x5B, 0xBB, 0xAD, 0xA8, 0x13, 0x6D, 0x8B, 0x95, 0x0D, 0x87, 0x84, 0xFD, 0x16,
    0x6D, 0xC6, 0x5A, 0x48, 0x49, 0x6F, 0xAF, 0xCD, 0x3A, 0xEB, 0x92, 0xAE, 0x09, 0x2E, 0x37, 0x40,
    0x43, 0x09, 0x5F, 0xE8, 0xE1, 0x16, 0xCF, 0x5C, 0xC6, 0x3A, 0x26, 0x1A, 0xBC, 0xD9, 0xAF, 0xFD,
    0x33, 0xE0, 0x0D, 0x6C, 0xBF, 0x76, 0xF9, 0x98, 0x2D, 0x2C, 0x3B, 0x08, 0x4D, 0x36, 0x40, 0x1A,
    0x20, 0x0E, 0x10, 0x05, 0xA0, 0x1D, 0x7C, 0x7A, 0xE3, 0x90, 0xC9, 0x3B, 0x37, 0xE0, 0xFF, 0x99,
    0x2F, 0xC3, 0x6A, 0xC7, 0x33, 0x4F, 0xE1, 0x9C, 0xDE, 0x07, 0x5A, 0x3B, 0x3E, 0x24, 0xD5, 0xF5,
    0xAF, 0x0F, 0xDC, 0xE7, 0xC0, 0x68, 0x50, 0x4C, 0x06, 0x19, 0x1A, 0x5A, 0x8F, 0xC9, 0xE6, 0xE1,
    0x0B, 0xEE, 0xC3, 0xA6, 0x6C, 0xAF, 0xFD, 0x74, 0xC1, 0xAD, 0xE2, 0x8B, 0x07, 0x48, 0x78, 0xED,
    0x50, 0x8D, 0xAA, 0x1B, 0x5E, 0x4A, 0x51, 0x14, 0xD4, 0x0E, 0xA4, 0x0C, 0x8F, 0xB7, 0x45, 0xB8,
    0xD9, 0x02, 0x56, 0x33, 0x29, 0xF3, 0x8C, 0xD3, 0xBA, 0x52, 0x96, 0x47, 0x9E, 0x2F, 0xE4, 0xD4,
    0xEE, 0x03, 0x94, 0x67, 0xCE, 0xA4, 0xA7, 0x77, 0x6D, 0x8F, 0x10, 0xA6, 0x22, 0x2E, 0xB0, 0xB7,
    0xFD, 0xE6, 0xE2, 0xAB, 0xB8, 0xF0, 0xBB, 0x8B, 0x56, 0x7B, 0xD9, 0x0B, 0x3E, 0x3B, 0x13, 0x13,
    0x9A, 0x57, 0xA1, 0xBB, 0x76, 0xF1, 0xA6, 0x4E, 0xFF, 0x66, 0xEA, 0xB4, 0x59, 0xD7, 0xE9, 0xAB,
    0x0F, 0x79, 0x15, 0xFA, 0x6B, 0x17, 0x2B, 0xAF, 0xC2, 0xFA, 0x82, 0xAA, 0xF5, 0x45, 0xB1, 0xBE,
    0xC8, 0xD6, 0x17, 0xE9, 0xFA, 0x22, 0x59, 0x5F, 0xC4, 0x77, 0x5E, 0x6C, 0xD6, 0x17, 0xD1, 0xD3,
    0x9F, 0x5E, 0x3B, 0x69, 0x1B, 0xE0, 0x92, 0x04, 0xDA, 0x84, 0x4B, 0x40, 0xD8, 0xF8, 0x39, 0x0F,
    0xA6, 0xE5, 0xCB, 0xBB, 0xE1, 0x93, 0x00, 0x74, 0x3F, 0x60, 0xFE, 0xB8, 0x34, 0xE0, 0xCB, 0x00,
    0xDC, 0xE0, 0x3B, 0x28, 0x15, 0x00, 0x15, 0x93, 0x41, 0xB6, 0x18, 0x24, 0x6C, 0x10, 0x73, 0xA9,
    0xB0, 0xE1, 0x3A, 0x40, 0x73, 0x0F, 0xA8, 0xF7, 0xB7, 0x1B, 0x90, 0x42, 0xBA, 0xAC, 0x5F, 0x9A,
    0x2D, 0xC1, 0xCF, 0xCC, 0x67, 0x48, 0x58, 0xA6, 0x06, 0x9D, 0xC2, 0x52, 0xDB, 0x2E, 0x07, 0x49,
    0xBF, 0x94, 0xAA, 0x1E, 0x75, 0x36, 0xE8, 0xF5, 0x60, 0x79, 0xE8, 0x93, 0x28, 0xFA, 0xD0, 0x23,
    0xD1, 0x46, 0xBE, 0x1E, 0xE4, 0xAB, 0x0F, 0x76, 0xC8, 0xDC, 0xEE, 0x71, 0x32, 0xD4, 0x73, 0x2C,
    0x8A, 0x28, 0x1D, 0x43, 0xE2, 0x6E, 0x87, 0xAE, 0xDF, 0xE3, 0x68, 0x88, 0xD2, 0x09, 0x98, 0xDF,
    0x1F, 0xED, 0x36, 0x7B, 0xD8, 0x6D, 0xAF, 0xF0, 0x01, 0x2D, 0x39, 0xF8, 0x4B, 0xCE, 0xA5, 0x14,
    0x1F, 0x4E, 0xE8, 0xCC, 0x74, 0xC2, 0x97, 0x76, 0x70, 0x1C, 0x45, 0x2D, 0xF4, 0x19, 0x01, 0xB5,
    0x2E, 0xAE, 0x9D, 0xF0, 0x5F, 0x9F, 0xEB, 0x7F, 0x2D, 0xA2, 0x65, 0x6A, 0xE5, 0x69, 0x65, 0x59,
    0xDD, 0x75, 0x1E, 0xC8, 0xF5, 0x2A, 0x87, 0x47, 0x94, 0xEE, 0x7B, 0x52, 0xA9, 0xB7, 0x32, 0xB1,
    0x47, 0x5B, 0x59, 0x68, 0x39, 0x58, 0x19, 0x90, 0xE6, 0x7F, 0x17, 0x4E, 0xB4, 0xE5, 0x31, 0xF3,
    0x8C, 0x3D, 0xE4, 0x53, 0x59, 0xF2, 0xCF, 0x68, 0xC5, 0xFB, 0x3D, 0x64, 0x38, 0x18, 0x5B, 0xF5,
    0x06, 0x36, 0x58, 0x20, 0xA4, 0x8D, 0xCD, 0x13, 0x98, 0x96, 0x54, 0x7A, 0x88, 0xBF, 0x9E, 0xFF,
    0x03, 0x17, 0x07, 0xDE, 0xC4, 0x41, 0xD0, 0x1D, 0xFC, 0xDD, 0xDE, 0x93, 0x43, 0xEF, 0x8E, 0x0A,
    0x77, 0x11, 0xA4, 0xC9, 0x4B, 0x24, 0x42, 0xF7, 0x90, 0x4B, 0xDF, 0x20, 0x81, 0xEA, 0xBC, 0xC1,
    0x77, 0x8B, 0x01, 0x86, 0x3F, 0x77, 0xB2, 0xC4, 0x3A, 0xE1, 0x92, 0x12, 0x2D, 0x7F, 0xAA, 0xAC,
    0xAA, 0xDF, 0x7B, 0x70, 0xDB, 0x1E, 0x24, 0x9D, 0xC0, 0x4E, 0xDA, 0xA5, 0x73, 0xB0, 0xB6, 0x91,
    0xF1, 0x2F, 0x4F, 0xD9, 0x1A, 0x48, 0x35, 0xEC, 0xA7, 0x49, 0x51, 0xB5, 0x0F, 0x25, 0x19, 0xC1,
    0x5F, 0x6C, 0x23, 0xC3, 0x0C, 0xCE, 0xF4, 0xB7, 0x9A, 0x60, 0x78, 0x8B, 0x36, 0xA8, 0x7F, 0xCD,
    0xA6, 0xB9, 0xDB, 0xD4, 0x5C, 0x53, 0xF6, 0xCA, 0x2D, 0xB8, 0x13, 0x56, 0x67, 0x1A, 0x2B, 0xF7,
    0xE0, 0x56, 0xB8, 0x3A, 0x60, 0xE6, 0xDB, 0xF9, 0xEA, 0xF9, 0xFA, 0xFB, 0xF7, 0xE1, 0xF5, 0xBB,
    0xFC, 0x9A, 0x35, 0x6D, 0x9D, 0x7D, 0x2D, 0xA4, 0xD3, 0xAA, 0x8C, 0x9B, 0x5D, 0x1E, 0x23, 0xAE,
    0x0F, 0xF3, 0x9E, 0xDA, 0xA6, 0xA6, 0x96, 0xD5, 0xDE, 0xB7, 0x1E, 0xB1, 0x9D, 0x52, 0xF2, 0x83,
    0x95, 0x69, 0xAB, 0x5E, 0xBC, 0x7C, 0x29, 0xA5, 0xE2, 0x50, 0x17, 0x31, 0x62, 0x65, 0x3A, 0x65,
    0xAE, 0x29, 0x84, 0x87, 0x56, 0x8F, 0xC7, 0x32, 0x41, 0xED, 0x8F, 0x3F, 0x16, 0x22, 0xBF, 0x23,
    0xE2, 0x99, 0x32, 0x3B, 0x7B, 0x91, 0xCD, 0xEA, 0x6D, 0xCF, 0x26, 0x34, 0x6A, 0xD5, 0x59, 0x35,
    0x9F, 0xEE, 0xA7, 0xD9, 0x6C, 0xCA, 0xAA, 0xE1, 0x79, 0x1B, 0x6E, 0xA1, 0xE4, 0x2F, 0x55, 0x73,
    0x6B, 0x6E, 0x91, 0x29, 0x99, 0x6E, 0xF0, 0x03, 0x49, 0xDC, 0x08, 0xCD, 0x98, 0xA0, 0xC5, 0xA4,
    0xEA, 0x46, 0x55, 0xEE, 0xA1, 0x91, 0x3D, 0x37, 0xE6, 0x06, 0x9A, 0xB2, 0xA5, 0x67, 0x51, 0x75,
    0x96, 0x26, 0x1E, 0xF0, 0xB7, 0x84, 0x3B, 0x6C, 0x4C, 0x54, 0x5C, 0xA3, 0x04, 0xAA, 0x91, 0xA0,
    0x44, 0x47, 0xA5, 0x76, 0x78, 0x6D, 0xDC, 0x83, 0x14, 0x88, 0xBA, 0xEC, 0x63, 0xA6, 0x74, 0xA2,
    0x08, 0x31, 0x71, 0x19, 0x4B, 0x5C, 0xD3, 0x4F, 0x10, 0xA3, 0x4E, 0xAF, 0xC7, 0xDF, 0x3B, 0xE3,
    0x46, 0x9E, 0xC3, 0x4D, 0xC4, 0x7C, 0xC5, 0x4D, 0xCA, 0x4F, 0x89, 0x9B, 0x02, 0xB3, 0x84, 0x43,
    0x87, 0x50, 0x77, 0xBF, 0x6F, 0x11, 0x37, 0x16, 0x6F, 0xF0, 0x97, 0x98, 0x1B, 0x69, 0x14, 0xDC,
    0xB8, 0x91, 0x9E, 0x54, 0x4D, 0xCE, 0xCF, 0x27, 0x37, 0xA4, 0xCC, 0xBD, 0xE3, 0x88, 0xB9, 0x76,
    0x4C, 0x47, 0xEF, 0x92, 0x85, 0xEF, 0xAC, 0xD7, 0x7B, 0x7A, 0x04, 0xE5, 0x05, 0xCF, 0x84, 0xDA,
    0x9F, 0xB4, 0x9E, 0x7B, 0x2D, 0xE6, 0x12, 0x43, 0xAD, 0x34, 0x03, 0xBE, 0x24, 0xED, 0x5F, 0x22,
    0xBA, 0x2D, 0x1D, 0x0E, 0x18, 0x65, 0x0D, 0x24, 0xAF, 0x4F, 0xA4, 0xFB, 0x17, 0x1B, 0x2C, 0x4D,
    0x5D, 0x76, 0x25, 0xBE, 0x97, 0x77, 0xF4, 0x54, 0xEA, 0x3B, 0x5A, 0xA6, 0x4F, 0x26, 0x98, 0x67,
    0xD5, 0x80, 0x96, 0x5B, 0xF5, 0x26, 0x78, 0xAE, 0x48, 0xC4, 0xB5, 0xEF, 0x44, 0x90, 0x53, 0xBA,
    0x43, 0x9C, 0x7E, 0xC5, 0xE9, 0x0D, 0x05, 0x6E, 0xAF, 0x73, 0x48, 0x99, 0xE9, 0xA3, 0x53, 0x3D,
    0x0C, 0x10, 0xEB, 0x6B, 0x23, 0x2E, 0xF5, 0xB4, 0x5C, 0x17, 0x71, 0xB7, 0xCB, 0xD8, 0xC6, 0xFC,
    0x3A, 0x47, 0x0F, 0xD1, 0x84, 0x24, 0x9B, 0xCC, 0x8C, 0x7D, 0xFB, 0x57, 0x5E, 0xEA, 0xA0, 0xD1,
    0xF9, 0xD7, 0xE6, 0xC5, 0x62, 0x94, 0x38, 0x5F, 0xC7, 0x03, 0xFE, 0x8E, 0x4F, 0xAB, 0x76, 0x1B,
    0x1F, 0x6B, 0x97, 0xBA, 0x20, 0x52, 0x43, 0x8A, 0xFF, 0xED, 0x67, 0xDC, 0xE0, 0x53, 0x7C, 0x33,
    0x9B, 0x24, 0x4E, 0x67, 0x89, 0x93, 0xE5, 0x30, 0xD6, 0xBF, 0xEB, 0x77, 0xDC, 0x98, 0xF0, 0xAB,
    0xE7, 0xB6, 0xF8, 0x28, 0x19, 0xCF, 0x54, 0xB6, 0x53, 0xA0, 0xF2, 0x69, 0x1D, 0xC1, 0xAD, 0x8C,
    0xEF, 0x23, 0x2E, 0x10, 0xE7, 0x88, 0xB3, 0x55, 0x4C, 0xF4, 0x7A, 0xE3, 0x88, 0x5B, 0xFB, 0x3D,
    0xB1, 0x35, 0x78, 0x8B, 0xA9, 0xD2, 0xD4, 0x91, 0x87, 0x36, 0xF4, 0x16, 0x9F, 0x9D, 0xF1, 0x65,
    0x09, 0xA7, 0x03, 0xEE, 0x79, 0x82, 0x27, 0xA8, 0xD6, 0x2B, 0x7D, 0x7C, 0xA0, 0x3F, 0x37, 0x7D,
    0x79, 0xA0, 0x93, 0xE9, 0x78, 0x5D, 0xA3, 0x41, 0x75, 0xD3, 0xAB, 0xC6, 0x41, 0x3B, 0xD5, 0xB4,
    0x55, 0xCD, 0x1A, 0xD5, 0xBC, 0x56, 0x75, 0xA5, 0x6A, 0x45, 0xD0, 0xB7, 0x17, 0xD9, 0xA0, 0x7D,
    0x55, 0x57, 0x8C, 0xD0, 0x04, 0xD5, 0x83, 0x22, 0x5B, 0x55, 0x7F, 0x72, 0x53, 0xA9, 0x3B, 0xB9,
    0xA9, 0x4A, 0xD1, 0xA2, 0xA9, 0xAC, 0x17, 0x04, 0x7D, 0x62, 0xFA, 0x18, 0x9A, 0x36, 0x3F, 0x87,
    0x26, 0x0D, 0x4E, 0x3B, 0xA2, 0xDD, 0x6D, 0xA5, 0xD0, 0x82, 0xEB, 0xF2, 0x45, 0x8F, 0xC3, 0x95,
    0x29, 0xFA, 0x79, 0x36, 0x4A, 0x33, 0x2D, 0x60, 0x75, 0x38, 0xCC, 0xB5, 0xD2, 0xDA, 0x8B, 0x51,
    0x9A, 0x7E, 0x3E, 0xFA, 0x16, 0xF1, 0xAB, 0xED, 0xBA, 0x66, 0x44, 0x21, 0x4F, 0x16, 0x23, 0x65,
    0xEB, 0x18, 0x5D, 0xE5, 0xE6, 0x2F, 0xC2, 0x75, 0x00, 0x6C, 0xE1, 0x93, 0xEC, 0x64, 0xE0, 0x2E,
    0x5A, 0xE2, 0xE5, 0xB9, 0x34, 0x1E, 0xF4, 0xDA, 0x0D, 0x5A, 0x2F, 0x86, 0x0A, 0xCF, 0x63, 0xC6,
    0xDC, 0x39, 0x79, 0xC7, 0x94, 0x61, 0x20, 0x99, 0x73, 0xD9, 0x4F, 0xE4, 0x07, 0x27, 0x7C, 0x11,
    0xE9, 0x6F, 0x3D, 0xE3, 0x05, 0x6E, 0xBF, 0x62, 0xC0, 0x90, 0x90, 0xE1, 0xA7, 0xA3, 0x69, 0x27,
    0x35, 0x20, 0x94, 0x4B, 0x96, 0x27, 0x21, 0x07, 0xD7, 0x93, 0xD0, 0xB9, 0x90, 0xDB, 0x52, 0xA4,
    0xE9, 0x69, 0xF2, 0x21, 0xEE, 0x75, 0x30, 0xC9, 0x07, 0x3B, 0xF1, 0xB8, 0x5B, 0x97, 0x15, 0x42,
    0xF8, 0x9E, 0xBB, 0x7A, 0x71, 0xF5, 0x62, 0xD2, 0xFC, 0xE5, 0x43, 0xAA, 0xC7, 0xE6, 0xE4, 0x5E,
    0x2E, 0x61, 0xA5, 0xE4, 0x83, 0xAE, 0x2A, 0x18, 0xBD, 0x52, 0x6D, 0x95, 0x3C, 0x9C, 0x4C, 0x17,
    0x52, 0x57, 0xB2, 0x50, 0xAE, 0xB6, 0x4B, 0x31, 0xE0, 0x5C, 0x22, 0x7A, 0x9B, 0x48, 0xCE, 0x14,
    0x79, 0x59, 0x67, 0x0C, 0x98, 0xD7, 0x18, 0x13, 0x7D, 0xA7, 0x94, 0xB2, 0x39, 0xDE, 0x2B, 0xC6,
    0x44, 0xC7, 0x38, 0x11, 0x58, 0x56, 0x03, 0x39, 0xCC, 0x25, 0xAE, 0x95, 0xEE, 0xEB, 0xD0, 0x95,
    0xF3, 0x5A, 0x4A, 0x25, 0x2A, 0x25, 0x36, 0x4B, 0xC5, 0x8A, 0x9D, 0x72, 0x64, 0xCA, 0x4B, 0x4B,
    0xB4, 0x63, 0x57, 0x8B, 0x14, 0xF6, 0x7B, 0xDC, 0xED, 0xBF, 0x13, 0xF3, 0x7E, 0x9C, 0x8D, 0xF4,
    0x58, 0x1F, 0xD7, 0x79, 0x29, 0xEC, 0x6A, 0xC4, 0x0D, 0xC5, 0x6C, 0xDB, 0xD7, 0xC5, 0x4C, 0xA7,
    0x13, 0xA5, 0x30, 0x40, 0x23, 0x0F, 0xF3, 0x2A, 0x7A, 0xA8, 0xD3, 0x50, 0x59, 0xA8, 0xF3, 0xA2,
    0x76, 0x58, 0x07, 0x5D, 0xC2, 0x17, 0x86, 0x9E, 0xEB, 0xCD, 0xB6, 0xAA, 0x3A, 0x55, 0x67, 0x6A,
    0xD7, 0x11, 0xAB, 0xA6, 0xA6, 0x85, 0xA9, 0xAF, 0xA0, 0x9B, 0xC9, 0x41, 0xB3, 0x4E, 0xD5, 0xD5,
    0xAA, 0x0B, 0x41, 0xFF, 0x75, 0x54, 0xFD, 0x75, 0xAB, 0xCA, 0xA5, 0xEA, 0x4C, 0xAA, 0x83, 0x69,
    0x73, 0xA8, 0x78, 0x7F, 0x48, 0x5F, 0xC2, 0x03, 0x6D, 0x78, 0xA6, 0x90, 0xFE, 0xA0, 0x44, 0xFF,
    0x87, 0x22, 0xDD, 0x4C, 0x51, 0x9F, 0x7A, 0x32, 0x51, 0x3C, 0xA9, 0x26, 0x66, 0x0F, 0x65, 0x6A,
    0x0A, 0xBC, 0xF2, 0x83, 0x56, 0x18, 0x37, 0xA2, 0x11, 0x96, 0x24, 0x77, 0x84, 0xBF, 0xDB, 0xF2,
    0xD2, 0x19, 0x63, 0x90, 0x4B, 0xE6, 0x51, 0x72, 0x75, 0xCA, 0x6D, 0xA4, 0xF6, 0x1A, 0xE6, 0x87,
    0x1E, 0x52, 0x34, 0x10, 0x47, 0x90, 0x09, 0x12, 0x0F, 0x90, 0xB4, 0x85, 0x14, 0x35, 0xA4, 0x0A,
    0x85, 0xA5, 0xD2, 0x88, 0xBC, 0xE2, 0x5E, 0x67, 0xE5, 0x11, 0x92, 0x4F, 0x90, 0x8C, 0x21, 0x31,
    0xD7, 0x22, 0x91, 0xAD, 0x7A, 0xB9, 0x87, 0xC8, 0x57, 0xC3, 0x7A, 0xA8, 0xA5, 0x94, 0x4B, 0x49,
    0x7F, 0xAC, 0xC5, 0x4F, 0xBC, 0x40, 0x4E, 0x96, 0xFD, 0x74, 0xA2, 0x2A, 0xD3, 0xC9, 0x73, 0xBE,
    0xC4, 0x40, 0x12, 0xD9, 0x34, 0x12, 0x71, 0x0D, 0x43, 0x26, 0xE2, 0x72, 0xA5, 0x8F, 0xFF, 0x8C,
    0x9E, 0x9B, 0xBE, 0x34, 0x9D, 0xEE, 0xD0, 0x51, 0x35, 0x32, 0xDD, 0x0C, 0xAA, 0x71, 0xAF, 0x9A,
    0x9A, 0xE6, 0x9D, 0xAA, 0x6F, 0x90, 0x1E, 0xCF, 0x8D, 0xAE, 0x12, 0x59, 0xAC, 0xC2, 0x01, 0x9B,
    0x34, 0xA8, 0x90, 0x51, 0x15, 0xE6, 0x22, 0x09, 0x0F, 0x3A, 0x1B, 0x34, 0xCC, 0xDA, 0x76, 0xB9,
    0x7D, 0x04, 0x4A, 0x79, 0x2E, 0x23, 0xDB, 0x95, 0x43, 0xA3, 0x08, 0xDB, 0x38, 0x8C, 0x59, 0x4B,
    0x68, 0x96, 0xE8, 0x89, 0xD8, 0x80, 0x93, 0x94, 0xED, 0x39, 0x48, 0x46, 0xBB, 0x09, 0xE4, 0x06,
    0xDA, 0x0C, 0xA0, 0x62, 0xA4, 0xB8, 0x07, 0x65, 0x13, 0x25, 0x9D, 0xD2, 0x42, 0x59, 0x03, 0x92,
    0xF1, 0xB2, 0x06, 0xC5, 0x5C, 0x16, 0x04, 0x12, 0xD3, 0x4A, 0x89, 0xB8, 0x3D, 0x37, 0xF2, 0xDD,
    0x64, 0xE4, 0xFE, 0x38, 0x1A, 0x15, 0xFF, 0xD3, 0x1B, 0xE5, 0xDC, 0x19, 0x65, 0xDC, 0x18, 0x25,
    0x6A, 0xFA, 0x44, 0x0B, 0x56, 0x6F, 0xDC, 0x51, 0xC2, 0xF5, 0x86, 0x29, 0x81, 0xDB, 0x60, 0xA2,
    0x59, 0xAA, 0xB5, 0x15, 0x7A, 0x69, 0xC4, 0xA5, 0x83, 0xA2, 0xE9, 0x76, 0xD2, 0x58, 0xBF, 0x1F,
    0xBA, 0x20, 0x5B, 0x17, 0xF4, 0xAD, 0x6A, 0xF5, 0x97, 0xA8, 0x84, 0xB5, 0x6E, 0x67, 0xD1, 0x2F,
    0xF5, 0x3C, 0x4D, 0x8F, 0xA6, 0xAF, 0x43, 0x17, 0x3C, 0x46, 0xDE, 0x34, 0xFD, 0x41, 0x89, 0xA2,
    0x07, 0xB4, 0x3F, 0xE4, 0x9D, 0x33, 0xEA, 0xD5, 0x5F, 0x1C, 0x73, 0x63, 0xAB, 0x55, 0x4C, 0x11,
    0xF9, 0x40, 0xD9, 0x88, 0x39, 0xA0, 0x18, 0x60, 0xBA, 0x3A, 0x35, 0x8E, 0x4D, 0xAA, 0x0E, 0x73,
    0x82, 0x6F, 0x57, 0x52, 0x8B, 0x44, 0xB7, 0xC9, 0x26, 0x48, 0x69, 0xF7, 0xB9, 0x6E, 0xFD, 0xB0,
    0x02, 0x87, 0x50, 0xF1, 0xBE, 0x74, 0xA2, 0x74, 0xC2, 0xDB, 0x63, 0xB6, 0x91, 0xA5, 0xC3, 0x44,
    0x5A, 0x68, 0x3A, 0x8F, 0x91, 0x03, 0x35, 0x08, 0x88, 0x35, 0x34, 0x41, 0xB7, 0x56, 0x28, 0xEC,
    0x3B, 0x74, 0x46, 0xED, 0xE1, 0xDF, 0xC8, 0x7F, 0x11, 0x6B, 0x35, 0x25, 0x3C, 0xE0, 0x9F, 0x6D,
    0x44, 0x36, 0x41, 0x25, 0x83, 0xFF, 0x57, 0xB7, 0xF3, 0x73, 0x3D, 0x41, 0xD3, 0x78, 0xE6, 0x92,
    0xBE, 0xCF, 0xBF, 0xB1, 0xC3, 0x1E, 0xFF, 0xDE, 0x46, 0x18, 0x89, 0xFF, 0x40, 0xE4, 0x56, 0x2B,
    0x43, 0x27, 0x25, 0xB8, 0x84, 0xB3, 0x66, 0x64, 0xE5, 0x1B, 0xB4, 0x84, 0x6E, 0xD6, 0xDA, 0x89,
    0xD6, 0x87, 0x7A, 0xF3, 0x7B, 0x76, 0xBF, 0xEA, 0xEA, 0xF9, 0xE1, 0x7D, 0xE1, 0xFD, 0x2C, 0x2C,
    0xE9, 0x6A, 0xE1, 0x1E, 0x75, 0xBF, 0x67, 0xCF, 0xED, 0x56, 0xFF, 0x53, 0xC7, 0x68, 0xD7, 0x15,
    0x3C, 0x92, 0x68, 0xF4, 0x90, 0xA0, 0x44, 0x5F, 0x48, 0x7B, 0xD5, 0x0A, 0x8A, 0x19, 0x66, 0x7D,
    0xB0, 0x38, 0xA8, 0xD9, 0xB5, 0xC7, 0xFB, 0xFF, 0xB3, 0x88, 0xF8, 0xE2, 0x84, 0xCB, 0x98, 0xC3,
    0x92, 0x9C, 0x1B, 0x6C, 0x69, 0x36, 0xD2, 0xF2, 0xAA, 0x5A, 0x1E, 0xFB, 0xD8, 0x2C, 0x54, 0x8D,
    0x7D, 0x7B, 0x8F, 0x78, 0xF5, 0xFD, 0xEA, 0x86, 0x5D, 0x8B, 0x69, 0xA7, 0x86, 0x3B, 0xA2, 0x81,
    0x5D, 0xDB, 0x44, 0x62, 0xD7, 0x96, 0xE4, 0xD8, 0x4C, 0x36, 0xB9, 0xF1, 0x7B, 0xEF, 0x86, 0x45,
    0x0A, 0x79, 0x93, 0xAB, 0x17, 0xCB, 0xF3, 0xAD, 0x94, 0xD9, 0x48, 0x9E, 0x3E, 0xA5, 0xAD, 0x38,
    0x3A, 0x57, 0x79, 0x29, 0x52, 0xA8, 0xE4, 0xF4, 0x89, 0x48, 0x46, 0x24, 0x42, 0x5F, 0xAD, 0x14,
    0x93, 0x1D, 0xA8, 0x2A, 0xD5, 0x06, 0x9E, 0x76, 0xE2, 0x99, 0x29, 0xD5, 0x65, 0x60, 0x99, 0x31,
    0xD7, 0x39, 0x5F, 0xD2, 0x91, 0x9F, 0xF5, 0x38, 0x76, 0x61, 0x0E, 0x9F, 0xBC, 0x0D, 0xBF, 0x40,
    0xD5, 0xF2, 0x0A, 0xC7, 0x92, 0xC3, 0xAF, 0xD0, 0x9E, 0x98, 0xB1, 0x79, 0x4E, 0x84, 0xDE, 0x6F,
    0x6E, 0x7D, 0x3B, 0x49, 0xA3, 0x5B, 0x15, 0x11, 0x97, 0x50, 0x33, 0x01, 0xA4, 0xF2, 0xEC, 0x14,
    0x4D, 0x97, 0xD7, 0xD0, 0xBE, 0x28, 0x45, 0xF3, 0xC1, 0x69, 0xD2, 0xA7, 0x27, 0xD0, 0x74, 0x9A,
    0xA1, 0xF1, 0x32, 0x59, 0xA3, 0x19, 0xA1, 0xC4, 0xFD, 0x75, 0xAD, 0x5A, 0x55, 0xD7, 0xA8, 0x16,
    0xB5, 0x69, 0xA9, 0xEA, 0x0E, 0x36, 0xAC, 0x27, 0x95, 0x78, 0xBC, 0xBE, 0xEF, 0x52, 0x74, 0xFA,
    0x16, 0x33, 0xF3, 0x98, 0x4B, 0xD5, 0xE5, 0xFA, 0x29, 0x98, 0x30, 0xE9, 0x92, 0xE3, 0xE1, 0x9A,
    0x46, 0x5E, 0x95, 0x0A, 0xD3, 0xFC, 0x8B, 0xAA, 0xD5, 0x19, 0xF3, 0x65, 0xD8, 0x39, 0x91, 0x32,
    0x5F, 0xDE, 0xBF, 0xF4, 0x58, 0x68, 0x64, 0x43, 0x82, 0xAE, 0x90, 0xC9, 0xBA, 0x24, 0x9D, 0x45,
    0xAB, 0x3E, 0x1F, 0x45, 0x8B, 0xB1, 0x18, 0x44, 0xB3, 0xC9, 0xF5, 0xD0, 0xB9, 0xEA, 0x44, 0xD3,
    0xC5, 0x43, 0x93, 0xC5, 0xB7, 0x50, 0x56, 0x8D, 0xEF, 0x56, 0xFB, 0x7E, 0xB8, 0xDF, 0xF5, 0xD0,
    0xD9, 0xD9, 0xF3, 0xF3, 0x49, 0x34, 0x1F, 0xB3, 0x59, 0xD4, 0xF5, 0x31, 0x3C, 0x25, 0x5E, 0x6C,
    0xC1, 0x6C, 0xC0, 0x50, 0x33, 0x67, 0xC3, 0x29, 0x5C, 0xD5, 0x9A, 0x7E, 0xAA, 0xD8, 0x8A, 0xF0,
    0xF4, 0xB2, 0xFC, 0x32, 0xE5, 0x62, 0x8D, 0xD9, 0x5A, 0xB3, 0x8E, 0x0F, 0x6B, 0xA5, 0x50, 0x7A,
    0x9D, 0xE7, 0x49, 0xFE, 0xDA, 0x7B, 0x9E, 0xE9, 0x18, 0xAB, 0xCC, 0xDF, 0x52, 0x58, 0x63, 0x52,
    0xB6, 0xD5, 0x51, 0xDB, 0x69, 0xD2, 0x93, 0xBA, 0x7A, 0xCC, 0x23, 0xA1, 0x0D, 0xA6, 0xEA, 0xDF,
    0xD1, 0x27, 0x8D, 0x13, 0x34, 0xD3, 0x76, 0xA6, 0x3D, 0xC3, 0xBC, 0xC1, 0x08, 0xDC, 0xD9, 0xF5,
    0x00, 0x8D, 0xFF, 0x60, 0xDF, 0xFF, 0xD5, 0x02, 0x2D, 0xCC, 0xC5, 0xF5, 0x98, 0xF4, 0x86, 0x51,
    0x87, 0x99, 0xB8, 0xD7, 0x0C, 0xA5, 0x58, 0xE9, 0xA1, 0x6F, 0x61, 0xA5, 0x56, 0x89, 0xCA, 0x5E,
    0x63, 0x47, 0xB9, 0x4E, 0x2D, 0x11, 0x33, 0xD7, 0x2B, 0x2D, 0xAB, 0xD5, 0x54, 0x23, 0x56, 0xCD,
    0x09, 0xA6, 0xCC, 0x60, 0x39, 0x34, 0xDF, 0xE8, 0x7F, 0x09, 0xBF, 0x82, 0x4B, 0x84, 0x35, 0xB4,
    0x41, 0xAD, 0x6B, 0xAB, 0xEE, 0xBB, 0xB2, 0x69, 0x6E, 0x9A, 0x1D, 0x68, 0x6A, 0x9A, 0x98, 0xC6,
    0xB0, 0xFA, 0x64, 0xAE, 0xB5, 0xB2, 0xAA, 0xA5, 0x7C, 0xDE, 0xE7, 0x4B, 0x3D, 0xC7, 0xB7, 0x9B,
    0xBE, 0xE1, 0xA6, 0xF9, 0x82, 0xDA, 0x98, 0xB6, 0xAA, 0xBE, 0x57, 0x75, 0x4B, 0x79, 0x2A, 0x9A,
    0xF3, 0xCE, 0x09, 0x78, 0x25, 0x4A, 0x6F, 0xFD, 0x32, 0x82, 0x12, 0xDD, 0x57, 0x63, 0x6D, 0x20,
    0xA8, 0x77, 0x1D, 0x82, 0xB8, 0x0E, 0xCA, 0xCC, 0x3F, 0x66, 0x9E, 0x13, 0xFD, 0xC1, 0xE8, 0x2F,
    0x98, 0x17, 0x41, 0x5D, 0x80, 0x5D, 0x44, 0x9E, 0x3F, 0x50, 0x7B, 0xA4, 0xC4, 0x91, 0xB5, 0xF0,
    0xEB, 0xC6, 0xE9, 0xEF, 0x04, 0xA3, 0x80, 0x33, 0xDA, 0xCF, 0x73, 0x96, 0x6D, 0xF8, 0x9A, 0x77,
    0x61, 0x5A, 0xE3, 0x9B, 0x82, 0x02, 0xEE, 0x0A, 0x6A, 0xF9, 0x88, 0x77, 0x61, 0x5E, 0x21, 0x85,
    0x50, 0xEC, 0x31, 0xD9, 0xE3, 0x66, 0x8F, 0xD1, 0x1E, 0x69, 0x85, 0xE7, 0xB7, 0xE2, 0xE3, 0x3D,
    0xFE, 0xA8, 0x32, 0x37, 0xAE, 0x0F, 0x7A, 0xE5, 0xF9, 0x81, 0x68, 0x59, 0x8C, 0x3A, 0x13, 0x17,
    0xBD, 0xDE, 0xAE, 0xFA, 0xF2, 0x40, 0x3F, 0x31, 0xA5, 0x9B, 0xCA, 0xFC, 0x99, 0x29, 0x77, 0xA2,
    0x57, 0x67, 0x3C, 0xE9, 0xE7, 0xF9, 0xA2, 0x1A, 0xB3, 0xEA, 0x86, 0x4B, 0x68, 0xC4, 0x35, 0x94,
    0x0E, 0x34, 0x32, 0xB5, 0xEF, 0xE9, 0x7D, 0xAE, 0xB7, 0x13, 0x36, 0xDB, 0xE7, 0x8E, 0x98, 0x5B,
    0x98, 0x3B, 0xD5, 0x4B, 0xF5, 0x54, 0x68, 0xBC, 0xA7, 0x47, 0xF0, 0x4B, 0xBF, 0x8F, 0xA1, 0xB8,
    0x0B, 0x63, 0x59, 0xF0, 0x71, 0x7F, 0x49, 0x62, 0x7E, 0xB6, 0x23, 0x2E, 0x41, 0xF0, 0xE6, 0x87,
    0xEF, 0x55, 0x63, 0xA0, 0x7C, 0x0A, 0x94, 0xCE, 0x81, 0x92, 0xE5, 0x73, 0x69, 0xBE, 0x79, 0x47,
    0x36, 0x05, 0xAA, 0x06, 0x74, 0x17, 0xBC, 0x2D, 0xE5, 0x61, 0xBF, 0x67, 0xD0, 0x08, 0x5C, 0x1C,
    0x94, 0x01, 0x91, 0x96, 0x82, 0x96, 0xC0, 0xFD, 0xFD, 0xFF, 0x96, 0x43, 0xCB, 0x9D, 0xE5, 0xCC,
    0x72, 0x95, 0x7F, 0xEE, 0x1E, 0x47, 0x32, 0x1F, 0xEE, 0x74, 0x54, 0xC3, 0xCD, 0x9D, 0x0E, 0x5D,
    0x8D, 0x51, 0xC5, 0xA3, 0xDA, 0x53, 0x35, 0x7E, 0xFD, 0xDA, 0xC3, 0x7D, 0xAB, 0xBE, 0xD6, 0xC5,
    0x7E, 0x22, 0x9F, 0xD7, 0xF8, 0xE9, 0x73, 0x79, 0x5B, 0x22, 0xC3, 0xDA, 0x41, 0x76, 0x2F, 0xB9,
    0xA5, 0x8C, 0x39, 0xC4, 0xEB, 0x4F, 0xD7, 0x77, 0xAD, 0x7C, 0xAD, 0xA5, 0xAB, 0xB1, 0x60, 0x46,
    0x92, 0x5D, 0x27, 0x73, 0x7F, 0x31, 0x92, 0xEF, 0xF0, 0x00, 0xF9, 0x02, 0xAC, 0xDA, 0xA3, 0x7F,
    0xA2, 0x10, 0x6C, 0x7D, 0x5C, 0x52, 0xC5, 0x17, 0xA0, 0x3A, 0xC1, 0xA5, 0x8C, 0x64, 0xC5, 0xA5,
    0x4D, 0xF7, 0xF2, 0xBE, 0x62, 0xC0, 0xAB, 0xB8, 0xB4, 0xB1, 0x20, 0x66, 0x31, 0x6A, 0x84, 0x24,
    0x8E, 0x59, 0x28, 0x9D, 0x74, 0x1D, 0xA8, 0x8B, 0xA7, 0x88, 0x6B, 0xA3, 0xAD, 0xE8, 0x52, 0xEA,
    0x90, 0x98, 0x6F, 0xD2, 0xAB, 0x17, 0xE3, 0xDD, 0x77, 0xAC, 0x9F, 0x17, 0xDE, 0xB1, 0x7E, 0x6F,
    0x32, 0x87, 0xB4, 0x48, 0x1C, 0x2F, 0x96, 0x66, 0xDD, 0xCE, 0x6C, 0xE1, 0x33, 0xD4, 0xB5, 0xB4,
    0x13, 0x2B, 0x12, 0xF9, 0x4D, 0x25, 0xBF, 0xA0, 0xC8, 0xEB, 0x8C, 0x88, 0xBD, 0x35, 0xC8, 0x0F,
    0x30, 0xA2, 0x24, 0xFF, 0xDB, 0xDE, 0xD7, 0x80, 0x6A, 0x6E, 0x9D, 0xE9, 0x1D, 0x7D, 0xCA, 0x8C,
    0x5A, 0x0B, 0xAA, 0x50, 0xE2, 0x49, 0xBB, 0xC3, 0x56, 0x0B, 0x14, 0xD8, 0x66, 0xCB, 0xAA, 0x40,
    0x81, 0x02, 0x89, 0x25, 0xAF, 0xD9, 0x16, 0x58, 0xA0, 0x03, 0xF8, 0x3A, 0xD0, 0x01, 0x1C, 0x20,
    0xFC, 0x6C, 0x4A, 0xB9, 0x01, 0x0A, 0x14, 0x88, 0x2D, 0xB1, 0x01, 0x02, 0x14, 0xE8, 0x05, 0xE2,
    0x5D, 0xA0, 0x40, 0x0D, 0x18, 0xA8, 0xAF, 0x81, 0x29, 0xFF, 0x29, 0xCC, 0x58, 0x4A, 0x0B, 0x04,
    0x08, 0x50, 0xD1, 0xA6, 0x2D, 0x50, 0x20, 0x2A, 0x6B, 0x77, 0x49, 0x02, 0xCD, 0x69, 0x56, 0xB3,
    0xD1, 0x1D, 0x1F, 0xE9, 0xED, 0x7D, 0xDF, 0xF7, 0x79, 0x75, 0xF5, 0x7D, 0x73, 0xAF, 0x67, 0xC6,
    0x1E, 0x3B, 0x76, 0xE2, 0x83, 0xE7, 0x7B, 0x9E, 0xD7, 0xF7, 0xFB, 0xF4, 0x73, 0x74, 0x74, 0x7E,
    0xDE, 0xBF, 0x83, 0x58, 0x2E, 0x36, 0xAF, 0x9D, 0xB0, 0x49, 0x3A, 0xD7, 0x2E, 0x30, 0x1F, 0xE5,
    0xAC, 0x50, 0x42, 0x1C, 0x02, 0xFE, 0xC6, 0x97, 0xC8, 0x60, 0xF9, 0x29, 0xEB, 0x33, 0x81, 0x5C,
    0xFB, 0xAA, 0x9D, 0x02, 0xDF, 0xF5, 0x08, 0xCB, 0x00, 0xCC, 0x02, 0xB2, 0x62, 0x66, 0xC8, 0x83,
    0x40, 0x39, 0x09, 0xB4, 0x1E, 0x07, 0x13, 0xDB, 0x85, 0x1A, 0x33, 0x72, 0xE2, 0x75, 0x43, 0x45,
    0xCC, 0x68, 0xA2, 0x13, 0x01, 0xF7, 0xEC, 0x2D, 0x73, 0xB0, 0xB6, 0x80, 0x7E, 0x64, 0x17, 0xA2,
    0x6A, 0x5D, 0xBE, 0x20, 0x3C, 0x77, 0x37, 0x5A, 0xCA, 0xA3, 0x6D, 0xF9, 0x74, 0x99, 0x7D, 0x50,
    0xCA, 0x86, 0x17, 0x58, 0xAD, 0x5C, 0x98, 0x98, 0xB3, 0xC1, 0xEB, 0x86, 0x2D, 0xAC, 0xD7, 0xF4,
    0x96, 0x50, 0x3E, 0x9D, 0x77, 0x8A, 0x60, 0x5A, 0x83, 0x9D, 0x82, 0xAB, 0x15, 0xCA, 0x2D, 0x60,
    0x40, 0x04, 0x3C, 0x5B, 0xDF, 0x3F, 0xBA, 0xB5, 0xFD, 0x8A, 0x81, 0xFE, 0xCF, 0x82, 0x7A, 0x06,
    0x59, 0xDE, 0x94, 0x7F, 0x4E, 0x44, 0xA2, 0x9F, 0x49, 0xB8, 0x89, 0x2D, 0xAA, 0xFD, 0xE6, 0xCA,
    0x1C, 0xD4, 0x0D, 0x68, 0x80, 0x9B, 0xF3, 0x21, 0x0C, 0x4F, 0x13, 0xBC, 0x40, 0x2B, 0x70, 0x9D,
    0x66, 0x86, 0x96, 0xC8, 0x03, 0x50, 0x7B, 0xEF, 0x0F, 0x83, 0x42, 0xBF, 0xCD, 0x63, 0x68, 0xA9,
    0x27, 0x44, 0x38, 0x9E, 0x05, 0xF0, 0xE2, 0xAB, 0x3F, 0xF4, 0x51, 0x85, 0x75, 0x97, 0x85, 0x56,
    0xA5, 0x6A, 0x0B, 0x93, 0xEF, 0x14, 0xFA, 0x14, 0xAB, 0x75, 0x69, 0x1F, 0xBD, 0xEE, 0x2E, 0x29,
    0x9F, 0x06, 0xB3, 0xF7, 0xD3, 0x55, 0x7F, 0xFD, 0xF4, 0xF4, 0x4D, 0xF5, 0x60, 0xC7, 0xE7, 0xD3,
    0x55, 0x7F, 0xA1, 0x1C, 0x8B, 0xC1, 0x85, 0xC8, 0x65, 0x67, 0x3B, 0xEA, 0xCA, 0xDE, 0x95, 0x7D,
    0xDD, 0xB8, 0x62, 0xE0, 0x90, 0xE6, 0x9E, 0x3F, 0x9A, 0xB6, 0x71, 0x9F, 0x73, 0x75, 0x6F, 0x1E,
    0x64, 0x85, 0xD8, 0xCF, 0x79, 0x36, 0xB5, 0x83, 0xCB, 0x5D, 0x90, 0xC3, 0x56, 0x4C, 0x7B, 0xA6,
    0xDE, 0xDC, 0xD2, 0xB2, 0xE9, 0xCB, 0xCE, 0xA5, 0xD3, 0x3D, 0xE7, 0x92, 0x69, 0x39, 0x67, 0x23,
    0xB1, 0xCB, 0x2C, 0xF1, 0xE1, 0xD9, 0x01, 0xA3, 0x2B, 0x88, 0x88, 0x8F, 0x32, 0x62, 0x78, 0xC8,
    0x7B, 0x0B, 0x01, 0xC2, 0x3F, 0x2F, 0x26, 0x95, 0xCB, 0x4A, 0x49, 0x5E, 0xFE, 0xDD, 0x20, 0x0F,
    0x97, 0xC5, 0xA7, 0xF9, 0x6F, 0xE4, 0xEE, 0x5F, 0x82, 0x7C, 0xF8, 0x5F, 0xDE, 0xA4, 0x7D, 0x39,
    0xE4, 0x63, 0xED, 0x0B, 0xF9, 0x57, 0x0E, 0xC5, 0x98, 0x77, 0xD9, 0xF0, 0xAB, 0xBE, 0x2E, 0x97,
    0xB0, 0x42, 0x47, 0xA3, 0x83, 0x99, 0x24, 0x93, 0xDB, 0x2F, 0x19, 0x85, 0x8C, 0xC2, 0xB5, 0x56,
    0xC2, 0x99, 0xB3, 0xA7, 0xFE, 0x9F, 0x8C, 0x9F, 0x85, 0xF4, 0x2E, 0x3C, 0x8D, 0xE6, 0xE1, 0x92,
    0x1B, 0x7E, 0x6D, 0x21, 0x29, 0xD0, 0xAC, 0x6A, 0x0C, 0xD5, 0xE9, 0x1D, 0x7A, 0x07, 0x5A, 0xBC,
    0x98, 0x2C, 0xEE, 0xC4, 0xC2, 0x53, 0x9E, 0xBB, 0x84, 0xBD, 0xF2, 0x98, 0xEC, 0x1E, 0x37, 0xDF,
    0x45, 0x8D, 0x78, 0x31, 0xFC, 0xBF, 0xC2, 0x39, 0xE3, 0xCC, 0x86, 0xC2, 0x16, 0x7E, 0xF9, 0x94,
    0xE9, 0xCB, 0x33, 0x31, 0xE3, 0x0A, 0x8D, 0x56, 0xB6, 0x1B, 0x8D, 0xC5, 0xDE, 0x58, 0xBA, 0xB2,
    0x7C, 0x30, 0xD6, 0x6A, 0xB6, 0x91, 0x76, 0x68, 0x79, 0xF6, 0x2A, 0x47, 0x6E, 0xC9, 0xB9, 0x63,
    0xBE, 0x3D, 0xD7, 0x2E, 0x36, 0xB1, 0x29, 0x27, 0x61, 0x4B, 0x75, 0xA1, 0x6D, 0x74, 0x50, 0x70,
    0x34, 0x5B, 0x06, 0x25, 0x10, 0xBA, 0x14, 0xC4, 0x57, 0x91, 0x1A, 0x0F, 0x8D, 0x55, 0x1F, 0x90,
    0xB1, 0xBA, 0xE6, 0xF4, 0x35, 0x66, 0x5A, 0xE6, 0x95, 0x51, 0x87, 0xEF, 0x45, 0xE4, 0xC1, 0xB8,
    0x69, 0x81, 0xE5, 0xC1, 0x58, 0xF6, 0xC4, 0xAC, 0x98, 0xF4, 0x3E, 0x2A, 0xD7, 0x7A, 0x9E, 0x13,
    0xA6, 0x6C, 0xA7, 0x35, 0xD5, 0x0E, 0x91, 0x33, 0x76, 0xE2, 0x6A, 0x28, 0xE5, 0x0C, 0x77, 0x40,
    0x57, 0x03, 0xCB, 0x7D, 0xC4, 0x88, 0x0B, 0xC4, 0xD0, 0x7B, 0xF8, 0x3D, 0xA0, 0xFE, 0x7F, 0x1D,
    0x7E, 0x31, 0xFE, 0xDA, 0x00, 0x8C, 0x11, 0xB8, 0xD3, 0xD4, 0x24, 0x82, 0x41, 0xFB, 0xD2, 0x72,
    0xBA, 0xFA, 0xBD, 0x2B, 0x3E, 0x06, 0xAC, 0x19, 0xD5, 0x76, 0xEF, 0x8A, 0x45, 0x2D, 0x2A, 0x05,
    0x79, 0xC3, 0x75, 0x14, 0xB5, 0x56, 0x12, 0xD3, 0x5E, 0x9C, 0xB4, 0xDF, 0x6A, 0xD0, 0x5B, 0x04,
    0xF5, 0x29, 0x9C, 0xB8, 0x2B, 0xCA, 0xA7, 0xDB, 0x27, 0x80, 0x0D, 0x59, 0xA8, 0x0F, 0x25, 0xD4,
    0xEF, 0xB7, 0x84, 0x6C, 0x3C, 0x88, 0xBB, 0x5D, 0x80, 0x45, 0x75, 0x75, 0x0A, 0x6C, 0x94, 0xDF,
    0x24, 0xC7, 0x99, 0x89, 0x6B, 0x08, 0x06, 0x60, 0x96, 0x97, 0x87, 0x1D, 0x67, 0x9A, 0x47, 0x39,
    0xCE, 0x7C, 0x58, 0x7B, 0xD4, 0x67, 0xF6, 0xA8, 0x4F, 0xAB, 0x7D, 0x00, 0x26, 0x7F, 0xD8, 0x07,
    0xC6, 0x87, 0x5C, 0x03, 0x9C, 0x4B, 0xB5, 0x9E, 0xF5, 0x2E, 0xB6, 0xB9, 0x02, 0xDA, 0x46, 0xB1,
    0xDE, 0xD4, 0xEB, 0xD5, 0xF8, 0x39, 0x48, 0xAC, 0x12, 0xA2, 0x81, 0x13, 0x82, 0x8A, 0xC9, 0x3C,
    0x51, 0xDD, 0x10, 0x87, 0x1E, 0x0C, 0x05, 0x2D, 0xAA, 0x8C, 0x4F, 0xA5, 0xE3, 0xD4, 0xBE, 0x21,
    0xA2, 0xF1, 0x77, 0x32, 0x6A, 0xF4, 0xF4, 0xC5, 0xA4, 0xD9, 0x02, 0x49, 0x73, 0xB5, 0xEE, 0xF0,
    0xB2, 0xA8, 0x36, 0x03, 0x33, 0x4F, 0x76, 0x1F, 0x13, 0x1E, 0xB8, 0xEF, 0xD0, 0xA9, 0x6C, 0x01,
    0xCE, 0x7D, 0x53, 0x3E, 0xEB, 0xB3, 0x2E, 0xE0, 0xE1, 0xCE, 0x3C, 0x9F, 0x2D, 0xBC, 0x5B, 0xFF,
    0x5F, 0x82, 0x0C, 0x8E, 0x19, 0xE1, 0xE2, 0x3C, 0xA3, 0xC6, 0x42, 0xA7, 0x83, 0xAE, 0x82, 0x32,
    0xEE, 0x62, 0x7B, 0xE6, 0x8D, 0x2B, 0x10, 0x08, 0xCE, 0x17, 0xFC, 0x1C, 0x5B, 0x90, 0x1A, 0x5D,
    0x2F, 0xDD, 0x6D, 0xBD, 0x36, 0xBB, 0x73, 0x3E, 0xD5, 0x5E, 0xAB, 0x82, 0xFA, 0xC8, 0x97, 0xA3,
    0x86, 0xED, 0xB6, 0x43, 0x3C, 0x94, 0x93, 0xBB, 0x8B, 0x14, 0x5E, 0x7D, 0x31, 0x39, 0xE4, 0x23,
    0xCF, 0xBA, 0x3C, 0xEC, 0xBC, 0xF0, 0x31, 0xAF, 0xB2, 0x10, 0x0F, 0xBA, 0x48, 0x28, 0x5C, 0x36,
    0xA7, 0x9D, 0x2E, 0x15, 0xBE, 0xE2, 0xD2, 0x25, 0x6B, 0xF4, 0x25, 0xB9, 0xEB, 0x12, 0x2A, 0x9C,
    0xF0, 0x99, 0xDD, 0x20, 0xF1, 0xD2, 0x48, 0x2A, 0xC6, 0xC0, 0x94, 0x6B, 0xD8, 0xED, 0xCC, 0x58,
    0x26, 0x35, 0xEB, 0xC1, 0x51, 0xBB, 0xB6, 0x08, 0xA4, 0xE6, 0x22, 0xE6, 0x98, 0x84, 0x3A, 0x3C,
    0xC2, 0x74, 0x52, 0x6D, 0x49, 0xDB, 0xD4, 0x84, 0x26, 0xD4, 0x73, 0xF7, 0x52, 0x4B, 0xA7, 0xF9,
    0x37, 0xA9, 0xB3, 0xA5, 0x6A, 0x3B, 0xC8, 0xA8, 0x98, 0xAB, 0xAE, 0x8F, 0x6B, 0x55, 0xCC, 0x6E,
    0xD9, 0x24, 0x2C, 0xD3, 0xBE, 0x2A, 0x1B, 0x78, 0x21, 0x99, 0xCC, 0x62, 0x57, 0x8A, 0xE1, 0xE4,
    0xDD, 0xA9, 0x92, 0xC1, 0xB9, 0x1C, 0x73, 0x1C, 0x6C, 0x9E, 0xD2, 0xF0, 0x7F, 0xA5, 0x38, 0x67,
    0x45, 0x18, 0xCE, 0xEA, 0x9E, 0x6F, 0xE3, 0x9E, 0xF4, 0x1D, 0x1C, 0xA0, 0xA9, 0x8A, 0xE8, 0xB4,
    0xF5, 0xD2, 0xE1, 0xE4, 0x3E, 0x7B, 0xD9, 0x4B, 0x57, 0x93, 0x4D, 0x45, 0x36, 0x26, 0x03, 0xB3,
    0xF0, 0x95, 0x6C, 0x92, 0xEE, 0x26, 0x0D, 0xDF, 0x4A, 0x83, 0x3C, 0x9A, 0x78, 0x9E, 0x12, 0xCD,
    0x92, 0x1A, 0x93, 0x47, 0x5D, 0xED, 0x68, 0xC0, 0x8C, 0x26, 0xC2, 0xF8, 0x06, 0x1D, 0x1B, 0xC2,
    0x83, 0x2B, 0xD5, 0xC7, 0x73, 0xB6, 0x9D, 0x4D, 0xD8, 0x82, 0x86, 0x55, 0xDB, 0xEA, 0x59, 0x1F,
    0xE9, 0x65, 0x78, 0x74, 0xD4, 0xDE, 0xE7, 0xEC, 0x8C, 0x96, 0xB0, 0xC9, 0x70, 0xE1, 0xE4, 0x6D,
    0x01, 0x69, 0x4B, 0xCF, 0x71, 0x62, 0xBC, 0xEB, 0xDC, 0xEB, 0x8C, 0xBF, 0x7B, 0xE9, 0xF1, 0xB0,
    0x35, 0x0D, 0xB2, 0x1C, 0x5B, 0xE6, 0x18, 0x4B, 0x24, 0x83, 0xBC, 0x32, 0x16, 0x31, 0xA2, 0xD8,
    0x0E, 0x8A, 0xF6, 0xAF, 0x34, 0x1C, 0xAF, 0xC0, 0xCD, 0x77, 0x37, 0xC7, 0xD9, 0x21, 0x96, 0x2C,
    0x95, 0x7C, 0x7A, 0xF7, 0x5F, 0x5A, 0x6F, 0xA4, 0x57, 0xFC, 0x09, 0x03, 0xD7, 0xB9, 0xC1, 0x75,
    0x05, 0xD7, 0x2A, 0x94, 0x1F, 0x0C, 0x8E, 0xEA, 0xFB, 0xF0, 0x8B, 0xA5, 0x0E, 0xF0, 0x81, 0x0E,
    0x06, 0x20, 0x3A, 0xAB, 0x04, 0xC4, 0xDA, 0x70, 0xFF, 0xA8, 0x25, 0xF9, 0xDB, 0x0E, 0x2D, 0xB9,
    0x1D, 0x04, 0xEA, 0xF7, 0xD1, 0xCB, 0xD4, 0x83, 0x00, 0xF5, 0xFC, 0xE5, 0x1D, 0x67, 0x8D, 0x7D,
    0xF7, 0xE8, 0x18, 0x69, 0xAF, 0x47, 0x4B, 0xFD, 0x6C, 0x45, 0x73, 0x4E, 0xBC, 0xC9, 0xB5, 0xA0,
    0xC9, 0x12, 0x60, 0xA8, 0x6F, 0x6E, 0x68, 0x7A, 0xEA, 0x85, 0x73, 0xED, 0x94, 0xB3, 0x3A, 0x13,
    0xB5, 0xA3, 0xF4, 0x51, 0xE9, 0xAC, 0x9E, 0xCF, 0x93, 0xD3, 0x17, 0x29, 0x30, 0xD5, 0xA0, 0xB3,
    0x49, 0xA8, 0x24, 0x05, 0xF5, 0x42, 0xC5, 0x73, 0xBA, 0x61, 0x8A, 0x25, 0x08, 0xD3, 0x1D, 0x55,
    0x46, 0x63, 0x72, 0x46, 0x93, 0x4B, 0x69, 0x7A, 0x09, 0x25, 0x2D, 0x07, 0x74, 0x91, 0x88, 0xDC,
    0x53, 0xFD, 0x6E, 0xB6, 0xFD, 0xD9, 0x23, 0x68, 0xB2, 0xBD, 0x9C, 0x0D, 0xDD, 0x5C, 0x6F, 0x07,
    0x6A, 0xDD, 0x92, 0xDE, 0x9B, 0x07, 0x85, 0x76, 0xE2, 0x77, 0x98, 0xAA, 0x3A, 0xF7, 0x7B, 0x1A,
    0x7A, 0x44, 0x15, 0xCF, 0x8A, 0xCA, 0xA0, 0x5D, 0x5D, 0xE1, 0x23, 0x68, 0xF8, 0x89, 0x06, 0xAE,
    0x6A, 0x7D, 0xCE, 0x95, 0xD2, 0xEB, 0xFC, 0x74, 0xF6, 0x75, 0xDB, 0xD0, 0xFF, 0xB4, 0x44, 0x83,
    0xEE, 0xAE, 0x46, 0x3A, 0x79, 0xA7, 0xC9, 0x7D, 0x95, 0xE3, 0x4E, 0xDB, 0x77, 0x72, 0x72, 0x9A,
    0xE0, 0xBB, 0x8A, 0x75, 0x56, 0x17, 0x2F, 0x5C, 0xD1, 0xCC, 0x78, 0xDA, 0x03, 0x26, 0x7D, 0x24,
    0x33, 0x7E, 0x5C, 0xFF, 0xD1, 0x31, 0x2B, 0x56, 0xED, 0x5B, 0xF9, 0x3E, 0x0C, 0x43, 0xEE, 0x86,
    0x71, 0x93, 0xC4, 0xBB, 0x5D, 0x6A, 0x3B, 0xBB, 0xFA, 0x28, 0x85, 0x31, 0x38, 0x6E, 0xE0, 0xAA,
    0x8C, 0x71, 0xA3, 0xD2, 0x6B, 0xE6, 0x71, 0xAC, 0x41, 0xA2, 0x72, 0x57, 0xEB, 0x26, 0x42, 0x2D,
    0x11, 0xAD, 0xF7, 0x3B, 0x2B, 0xDB, 0xE1, 0xC5, 0xBD, 0xD0, 0x27, 0x47, 0x6F, 0x1E, 0xE6, 0xA5,
    0x48, 0x08, 0x24, 0xBD, 0x48, 0x9C, 0xD3, 0x29, 0xC9, 0x5B, 0x9B, 0x87, 0x95, 0x03, 0x48, 0xE1,
    0x95, 0xDC, 0xCB, 0x47, 0x25, 0x01, 0x17, 0x18, 0x4D, 0xA9, 0x92, 0xDD, 0x88, 0x60, 0xE6, 0xD8,
    0xA3, 0xAD, 0x26, 0x03, 0xDA, 0x6F, 0xA6, 0xE1, 0xAB, 0x46, 0xCC, 0x08, 0x89, 0x9A, 0x83, 0x23,
    0xDB, 0x9D, 0xA5, 0x1D, 0xB1, 0xA7, 0x40, 0x3E, 0xE1, 0x0C, 0x3A, 0x1D, 0x9E, 0x32, 0xDD, 0x5E,
    0x80, 0x33, 0x14, 0x6A, 0xB4, 0xF3, 0x39, 0x91, 0x06, 0x98, 0xF6, 0x59, 0xD8, 0x69, 0x54, 0x09,
    0x0C, 0x70, 0x79, 0xC3, 0x84, 0xB5, 0x59, 0x55, 0x86, 0x00, 0x52, 0x97, 0x69, 0xA0, 0xE7, 0xDB,
    0x4C, 0x58, 0x55, 0x37, 0x33, 0x61, 0xBB, 0x07, 0x13, 0xAE, 0xDE, 0x58, 0x09, 0xB9, 0x9C, 0xE4,
    0x57, 0xD4, 0x10, 0x8D, 0x7C, 0x2E, 0x9A, 0x40, 0xB4, 0x6B, 0x3E, 0xF4, 0x5E, 0xF1, 0x82, 0xEB,
    0xC0, 0xFC, 0x17, 0x41, 0x30, 0xFD, 0x6F, 0x48, 0xE4, 0xF2, 0x9F, 0x17, 0xC1, 0xFC, 0x79, 0x12,
    0x2C, 0x31, 0x3A, 0xBF, 0x0A, 0xE5, 0xED, 0x5D, 0x4C, 0x77, 0xE1, 0xDD, 0x82, 0x88, 0x2F, 0x0B,
    0x05, 0x74, 0xC9, 0xFF, 0xA1, 0x97, 0x03, 0x1F, 0xE6, 0xFB, 0x94, 0xCC, 0x7A, 0x18, 0xB5, 0xCF,
    0x46, 0x24, 0xD5, 0xFA, 0x5C, 0x44, 0x72, 0xC0, 0xBB, 0x8C, 0xEA, 0x33, 0x2C, 0xAB, 0x90, 0x31,
    0x22, 0xD1, 0xA6, 0x08, 0x8E, 0x2E, 0x15, 0x0C, 0xAE, 0x90, 0xBF, 0x93, 0x23, 0xE2, 0xDF, 0x53,
    0x6F, 0x88, 0x4E, 0xCD, 0x7D, 0x03, 0x4F, 0x63, 0x5E, 0xD5, 0xCA, 0xDA, 0xB1, 0x99, 0xD3, 0x4E,
    0x39, 0x6F, 0x3C, 0x79, 0x8A, 0xA0, 0xC2, 0x70, 0xE1, 0x64, 0x94, 0xFE, 0xDC, 0x43, 0x90, 0x6C,
    0x95, 0x0C, 0x10, 0x72, 0xCE, 0x57, 0x69, 0x42, 0x91, 0xCE, 0x17, 0x42, 0xA9, 0x8D, 0x51, 0x85,
    0x57, 0x63, 0xBA, 0x10, 0x82, 0xB6, 0x1C, 0x08, 0x8E, 0x3A, 0x13, 0x76, 0xE3, 0x46, 0x88, 0x3D,
    0xDF, 0x31, 0x84, 0x04, 0x6F, 0x54, 0x4E, 0x28, 0xE3, 0x56, 0x08, 0x2C, 0x70, 0x6C, 0x51, 0xFB,
    0x33, 0xBA, 0x23, 0xC2, 0xA4, 0x17, 0x90, 0x2E, 0x26, 0xD4, 0xF1, 0x12, 0x93, 0x09, 0xF7, 0x58,
    0xA8, 0x20, 0x84, 0x78, 0x89, 0xA8, 0x51, 0x21, 0x9A, 0x62, 0x36, 0xA3, 0xAA, 0x10, 0x8F, 0xE7,
    0x42, 0xDB, 0x43, 0xF0, 0x31, 0x4F, 0x03, 0x54, 0x48, 0x87, 0x73, 0xA1, 0x1C, 0x55, 0xC8, 0xBA,
    0x73, 0xA1, 0x98, 0x54, 0xC8, 0x59, 0xC8, 0x82, 0x0A, 0x45, 0xC5, 0xC2, 0xAC, 0x42, 0xC9, 0x2F,
    0x67, 0x42, 0xAA, 0x49, 0x6E, 0x59, 0x10, 0xC7, 0x53, 0xF1, 0x84, 0x97, 0xBF, 0x74, 0xDC, 0x2D,
    0x26, 0xD4, 0x9F, 0x0B, 0xB9, 0x76, 0x8C, 0x25, 0xF1, 0xB5, 0x31, 0xD9, 0x0A, 0xD2, 0x0F, 0x46,
    0xA6, 0x0D, 0xC0, 0x44, 0x42, 0x7B, 0x42, 0x38, 0xCC, 0x68, 0xD2, 0x96, 0xC1, 0xC6, 0xD3, 0xEC,
    0xC7, 0xDE, 0x68, 0xFE, 0x4F, 0x47, 0xA3, 0x65, 0x1A, 0x8C, 0xBE, 0x9A, 0x80, 0x4A, 0x65, 0x18,
    0x9D, 0x76, 0x04, 0xCA, 0x8F, 0xA5, 0x52, 0x1A, 0x6B, 0xD8, 0xBA, 0xF5, 0x84, 0xFD, 0x05, 0x1D,
    0x9C, 0xF4, 0x8A, 0xC7, 0xFF, 0x76, 0xAE, 0x3D, 0x3A, 0xBE, 0x24, 0xE4, 0x93, 0xD2, 0xE7, 0x92,
    0x90, 0x05, 0xA5, 0x77, 0x93, 0x90, 0xCC, 0x4A, 0x43, 0x12, 0x62, 0x12, 0x1A, 0x8D, 0x49, 0xD8,
    0x29, 0x8D, 0x7D, 0x12, 0x22, 0xED, 0x58, 0x93, 0x21, 0x09, 0x58, 0x87, 0x67, 0x7D, 0xA2, 0xE9,
    0xED, 0xDA, 0x21, 0x17, 0xEA, 0x79, 0xDE, 0x52, 0xCB, 0x77, 0xB9, 0x5B, 0xFC, 0x73, 0x0A, 0x09,
    0xBF, 0xC9, 0xD5, 0x86, 0xDA, 0xDE, 0x06, 0x27, 0x96, 0x6C, 0x9D, 0x86, 0x7D, 0xC6, 0x7F, 0xD4,
    0x04, 0xDE, 0x58, 0x2E, 0x61, 0x74, 0x5E, 0xCC, 0x58, 0x10, 0x6B, 0xBD, 0x78, 0x2C, 0x3E, 0xF5,
    0xC1, 0xF6, 0x96, 0xDA, 0xA1, 0x84, 0x79, 0xA6, 0xD2, 0x1F, 0xA8, 0x0A, 0x42, 0x59, 0xE9, 0x13,
    0x6F, 0x03, 0xEB, 0xEA, 0x9B, 0x35, 0x97, 0x8D, 0xB2, 0x98, 0x5A, 0x25, 0xD1, 0x1D, 0x0B, 0x69,
    0xCF, 0xAD, 0x0A, 0x5D, 0xBD, 0xD4, 0x7F, 0x45, 0x93, 0xF6, 0x44, 0x85, 0xA6, 0x8D, 0x62, 0x95,
    0xBE, 0x4F, 0x48, 0xAD, 0x3C, 0x85, 0x8F, 0x95, 0xB9, 0xC2, 0x23, 0xBD, 0x83, 0x0C, 0xA9, 0x9D,
    0xA6, 0xD5, 0xF4, 0x4E, 0x58, 0x60, 0x26, 0x6D, 0x57, 0x18, 0x62, 0xED, 0x0B, 0xB3, 0x55, 0x31,
    0xD3, 0x79, 0x24, 0xB3, 0x42, 0xEC, 0x65, 0xCC, 0xB8, 0x6D, 0x52, 0xAF, 0xDE, 0x1E, 0x3A, 0xD9,
    0x92, 0x29, 0xC2, 0x4D, 0xAA, 0xD8, 0x6E, 0x1B, 0x53, 0x4F, 0x0B, 0x3F, 0xEF, 0x31, 0xA2, 0x99,
    0x06, 0x61, 0xEE, 0xE6, 0xEC, 0x72, 0xAB, 0xD2, 0x42, 0x88, 0xDF, 0x90, 0x6C, 0x3E, 0x3A, 0x3A,
    0x3A, 0xB6, 0x3A, 0xAE, 0xD1, 0xFD, 0x44, 0x33, 0xF4, 0x01, 0xF1, 0x08, 0x87, 0x46, 0xAD, 0xA4,
    0x34, 0xAC, 0x95, 0xBA, 0xD6, 0xE9, 0x7F, 0x9A, 0x94, 0xD4, 0x3F, 0xF3, 0x6E, 0x6F, 0x70, 0x31,
    0xA7, 0x9D, 0x98, 0xFE, 0x80, 0x12, 0x92, 0x0A, 0xDE, 0x91, 0xD6, 0x03, 0xB7, 0xA5, 0x56, 0x02,
    0xB3, 0x77, 0xA4, 0x5A, 0x48, 0xBF, 0x23, 0x9D, 0x30, 0x0F, 0xE7, 0xA4, 0x18, 0x75, 0x77, 0x3D,
    0x38, 0x08, 0x28, 0xD9, 0x69, 0xF0, 0x04, 0xBF, 0x96, 0xFA, 0x5F, 0x95, 0x2F, 0x2E, 0xA5, 0x7E,
    0x47, 0x3D, 0x05, 0x47, 0xFC, 0x2F, 0x50, 0x2F, 0xE4, 0x66, 0x90, 0x7E, 0xF5, 0x3A, 0x36, 0xCB,
    0xD4, 0x8E, 0x35, 0x25, 0x29, 0x5E, 0x7B, 0x56, 0x93, 0xB4, 0x6B, 0x4D, 0xB4, 0xA9, 0x0D, 0xDA,
    0xB7, 0x6A, 0xEF, 0x57, 0xA2, 0x97, 0xD1, 0xF7, 0xA9, 0x75, 0x2A, 0x21, 0x61, 0xB1, 0x4A, 0xE8,
    0x79, 0x40, 0x74, 0xC6, 0x99, 0x79, 0x48, 0x9A, 0xBC, 0xBF, 0x83, 0xA4, 0xCE, 0x29, 0xCE, 0x24,
    0xBE, 0xE9, 0x4D, 0x57, 0x5C, 0x8C, 0x31, 0x23, 0xA4, 0x2C, 0xA4, 0xFE, 0x42, 0x8A, 0x29, 0xEF,
    0x2E, 0xA4, 0x88, 0xDA, 0x4A, 0x24, 0x42, 0xF9, 0x09, 0x24, 0x14, 0xBF, 0xF6, 0xB4, 0xCB, 0x9D,
    0x07, 0x6D, 0x58, 0x7B, 0x57, 0x9F, 0x4D, 0x29, 0x99, 0x44, 0x7D, 0x36, 0xAD, 0xFD, 0x6B, 0xC4,
    0x16, 0x69, 0x74, 0xB0, 0xEA, 0x55, 0x3A, 0x5D, 0xF4, 0xB0, 0xE4, 0x58, 0xEA, 0x55, 0x4A, 0x44,
    0x6A, 0x07, 0x95, 0xD2, 0x85, 0xA5, 0xD2, 0xAB, 0x94, 0xCD, 0x22, 0x8D, 0x2A, 0xE5, 0x81, 0x25,
    0xF4, 0xB9, 0x8C, 0x3C, 0xE3, 0x0E, 0x2A, 0x95, 0x23, 0x4B, 0x6B, 0xAF, 0xEB, 0x45, 0x5A, 0xD0,
    0xED, 0x7A, 0x9B, 0x56, 0x97, 0xDA, 0xD0, 0x8B, 0xC0, 0xDD, 0xA7, 0x76, 0xBC, 0x1D, 0x3B, 0xD0,
    0xEE, 0xB4, 0xE7, 0x6D, 0x89, 0xEF, 0x39, 0xB8, 0x96, 0x44, 0x7A, 0x47, 0xA5, 0x9B, 0xC4, 0x7D,
    0x6F, 0x6D, 0xBA, 0x7E, 0x22, 0xDF, 0x82, 0x73, 0xEF, 0x5B, 0x83, 0xBB, 0xD6, 0x73, 0x47, 0x78,
    0x74, 0xD4, 0xDA, 0x5C, 0x0F, 0x4F, 0x54, 0xE7, 0xA5, 0xDC, 0xE6, 0x99, 0xAB, 0x8A, 0x7F, 0x50,
    0xCE, 0xEF, 0x42, 0xD9, 0x80, 0xF3, 0x9B, 0xEB, 0xC0, 0xD3, 0xB0, 0x0B, 0xC6, 0xE3, 0x25, 0xF1,
    0xC6, 0x1D, 0xFD, 0xBB, 0x6E, 0x33, 0x37, 0x3D, 0x03, 0xDF, 0xF6, 0xC4, 0x2F, 0xD3, 0xED, 0xB9,
    0x0E, 0xE8, 0x8A, 0xA7, 0x34, 0xA4, 0x8B, 0xCD, 0x4C, 0x53, 0xEB, 0x76, 0x5D, 0xDD, 0xA7, 0xD6,
    0xD9, 0xAA, 0x77, 0x0A, 0x75, 0x17, 0xBC, 0xED, 0x99, 0xAB, 0x5F, 0x41, 0xE9, 0x99, 0xC7, 0xE4,
    0x98, 0x8F, 0xCC, 0xD3, 0x85, 0xB9, 0xD4, 0xEA, 0x90, 0x61, 0xAE, 0x25, 0x7D, 0x72, 0x70, 0x05,
    0x55, 0x89, 0xF6, 0xC4, 0x3E, 0x26, 0xF2, 0x3B, 0xF2, 0xCC, 0x1B, 0xE6, 0x9C, 0xE1, 0xF3, 0x0B,
    0x1A, 0xEA, 0x59, 0x6A, 0x6F, 0x9B, 0xF5, 0xA9, 0xAC, 0x8E, 0xC6, 0xFC, 0xBF, 0x57, 0xEC, 0x65,
    0xA7, 0x5A, 0x29, 0xC2, 0x04, 0x79, 0xBA, 0x48, 0xF5, 0xB1, 0xD3, 0xF7, 0x3D, 0xA3, 0xD7, 0x8E,
    0xA9, 0xD1, 0x8C, 0x1C, 0x83, 0xDA, 0xDC, 0x75, 0xD6, 0x50, 0xA0, 0x5D, 0x05, 0x87, 0x5D, 0x26,
    0xEB, 0x4A, 0xE0, 0x99, 0xEA, 0xAA, 0xB4, 0xA7, 0xDE, 0xF4, 0xDB, 0xB0, 0x9F, 0xDB, 0x37, 0x32,
    0xA2, 0x13, 0xE6, 0x0C, 0x22, 0x59, 0x12, 0x53, 0xE8, 0x1B, 0xC6, 0x4B, 0x76, 0x8D, 0xC8, 0x48,
    0x20, 0x55, 0x48, 0xF6, 0x20, 0xDD, 0x82, 0xFD, 0xA0, 0x08, 0x1B, 0x75, 0x65, 0x22, 0x61, 0x4C,
    0x6F, 0xC9, 0xBA, 0xA8, 0x25, 0x3E, 0x41, 0xAA, 0xAF, 0x5E, 0xB1, 0x54, 0x9B, 0x6C, 0x24, 0xED,
    0x70, 0x08, 0xC7, 0x93, 0xA6, 0xBF, 0x25, 0x57, 0x2E, 0x47, 0xD0, 0x11, 0x13, 0x49, 0x93, 0x3E,
    0x7B, 0xBE, 0xAD, 0x64, 0x09, 0xF5, 0xDC, 0x81, 0x07, 0xC9, 0xE8, 0x76, 0xA2, 0xD4, 0xC8, 0x65,
    0x0C, 0xAB, 0xFF, 0x2F, 0x2B, 0x7C, 0x34, 0x97, 0xF1, 0xB8, 0xBA, 0x69, 0x14, 0x34, 0x33, 0x55,
    0x8F, 0xAE, 0xAA, 0x1E, 0x61, 0xE9, 0xCC, 0xBD, 0x04, 0xE0, 0xCA, 0x62, 0x25, 0x95, 0x4F, 0x67,
    0x61, 0xB8, 0xF1, 0x8C, 0x1E, 0x1C, 0x3A, 0xE7, 0x67, 0x5F, 0x12, 0xC5, 0x20, 0x2D, 0xDA, 0x67,
    0x57, 0xBC, 0x9C, 0xD3, 0x35, 0x40, 0xBA, 0xF1, 0xF1, 0x31, 0xAB, 0x5A, 0x63, 0x9F, 0xDA, 0x28,
    0xD0, 0x47, 0xC6, 0xB4, 0xFA, 0x04, 0x45, 0x5C, 0x51, 0xBF, 0xC7, 0xD7, 0xA3, 0xF3, 0xF5, 0x7C,
    0xF9, 0x2E, 0x5E, 0x05, 0x9B, 0xBA, 0xD7, 0x0D, 0xF8, 0x8E, 0x9A, 0xB2, 0x77, 0x35, 0x0D, 0xC5,
    0x83, 0x63, 0x22, 0x9F, 0x6A, 0xBF, 0x75, 0xE7, 0xAC, 0x4A, 0x54, 0x73, 0x5C, 0x7D, 0xE9, 0xF4,
    0xF5, 0x9D, 0xEE, 0x96, 0xDB, 0xD4, 0xD2, 0x44, 0x27, 0x47, 0xD4, 0xDD, 0x24, 0x1F, 0xD5, 0x74,
    0xE2, 0x58, 0x2F, 0x40, 0xEA, 0xEE, 0x48, 0x83, 0x25, 0xFF, 0xD0, 0x17, 0xE3, 0x63, 0xA2, 0x5A,
    0x07, 0x1B, 0x5A, 0x8C, 0x4C, 0xD5, 0x21, 0x73, 0x62, 0x6A, 0x29, 0x48, 0x56, 0x3A, 0x33, 0xD5,
    0xC4, 0x2D, 0xC4, 0x34, 0x57, 0x53, 0x43, 0x7F, 0x4E, 0xB5, 0xD2, 0xDB, 0xE5, 0xF6, 0x7C, 0x9B,
    0x74, 0x94, 0xDD, 0xE4, 0x36, 0x3C, 0x3E, 0x67, 0x27, 0x4A, 0xF1, 0x5C, 0x9E, 0x12, 0xCD, 0x68,
    0xA5, 0x5C, 0xA9, 0x17, 0x2A, 0x8B, 0x87, 0xA9, 0x2B, 0x9A, 0xA7, 0x8F, 0x25, 0xF9, 0x73, 0xCC,
    0x7A, 0xC5, 0xD2, 0xDF, 0x50, 0x9C, 0x5C, 0xCD, 0xC8, 0xB3, 0x22, 0xC6, 0x78, 0x56, 0x8C, 0x16,
    0x45, 0x67, 0xD8, 0x02, 0x6B, 0x60, 0xF9, 0x84, 0xF8, 0x1C, 0xF0, 0x15, 0xE0, 0x5D, 0x57, 0x8C,
    0x8C, 0xAC, 0x24, 0xE2, 0xF3, 0x71, 0xA2, 0x14, 0x3E, 0x3F, 0xB7, 0xB3, 0x73, 0x4C, 0x07, 0x56,
    0xBF, 0x14, 0x4D, 0xC9, 0xAD, 0x77, 0x2C, 0xFE, 0x84, 0x60, 0x92, 0x0D, 0x9B, 0x09, 0xCF, 0xCE,
    0x1E, 0xDA, 0xB5, 0xE3, 0xE6, 0xA3, 0xAB, 0xB7, 0xF7, 0xCF, 0x01, 0xFF, 0xE0, 0xB6, 0x5C, 0x4A,
    0x86, 0xB4, 0x61, 0x16, 0x37, 0x67, 0x39, 0xE0, 0x1B, 0xCB, 0x01, 0xDF, 0x3F, 0x94, 0x03, 0x7E,
    0x5C, 0x53, 0xAD, 0xA3, 0x33, 0xCE, 0xB6, 0xC9, 0xE0, 0x75, 0x91, 0xB9, 0x4D, 0x06, 0x3F, 0xFE,
    0xD6, 0x1B, 0x9A, 0xB6, 0xE9, 0xAF, 0x88, 0x1A, 0x21, 0x32, 0xCC, 0x65, 0x4C, 0x8E, 0x5A, 0xFA,
    0x29, 0x11, 0xBC, 0x01, 0x98, 0x8C, 0xDC, 0x90, 0xFF, 0x4C, 0x49, 0xF4, 0xE2, 0xA5, 0x39, 0xE0,
    0x8B, 0x27, 0xC9, 0x01, 0x6F, 0x17, 0x6F, 0xB7, 0xA3, 0x7A, 0xC4, 0x6D, 0x0E, 0x78, 0xCD, 0x6D,
    0xAC, 0xC7, 0x48, 0xE8, 0x5D, 0x24, 0xB6, 0x6B, 0xAF, 0xCA, 0x01, 0xBF, 0x89, 0x51, 0xC5, 0xC8,
    0xA2, 0xE9, 0x76, 0x6E, 0x53, 0x25, 0xE7, 0xE0, 0x0A, 0xE3, 0x3A, 0xF5, 0x9A, 0x9F, 0x67, 0x42,
    0xE8, 0x28, 0x02, 0x49, 0x35, 0x4C, 0xF1, 0x22, 0x62, 0x75, 0xF8, 0xBC, 0xC0, 0xCF, 0xA8, 0x62,
    0x20, 0x3A, 0xBB, 0x79, 0x0E, 0xF3, 0xB1, 0x54, 0xC5, 0x10, 0xB5, 0x02, 0xEE, 0xDA, 0x0B, 0x02,
    0x16, 0x95, 0x6A, 0xB0, 0x1C, 0x04, 0xA7, 0xE2, 0x7C, 0xC9, 0xBC, 0xFA, 0x7C, 0xD7, 0x03, 0x47,
    0xCF, 0x26, 0xD4, 0xAC, 0x31, 0xAA, 0xBB, 0x6D, 0x8C, 0x2A, 0xB6, 0x87, 0x3F, 0x1E, 0x74, 0x36,
    0xB8, 0xA3, 0x49, 0x92, 0x4C, 0xBB, 0x84, 0x82, 0xAA, 0xE6, 0x33, 0x0A, 0x4E, 0xC7, 0x90, 0xFE,
    0x5F, 0xEA, 0x50, 0x55, 0x42, 0xD3, 0xED, 0x5A, 0x34, 0x19, 0x37, 0xDB, 0x28, 0x1C, 0xB0, 0xAA,
    0x8A, 0x26, 0x74, 0xF4, 0xF1, 0x88, 0x3C, 0xAB, 0xB1, 0xC7, 0x00, 0x90, 0x28, 0xA9, 0xC4, 0xC0,
    0x23, 0xB5, 0x65, 0x71, 0x49, 0x46, 0x7A, 0xA4, 0x9D, 0xAE, 0x07, 0xD8, 0x12, 0x4B, 0x58, 0x74,
    0x9C, 0x9A, 0x73, 0x74, 0x5E, 0x7A, 0xCF, 0x0C, 0xFB, 0x01, 0x7D, 0x15, 0x48, 0xB2, 0x44, 0x66,
    0x7B, 0xD9, 0x99, 0xCE, 0xE7, 0x05, 0x25, 0x11, 0x7D, 0x1B, 0x2A, 0x32, 0xFA, 0x81, 0x19, 0xD7,
    0x7E, 0x08, 0x52, 0xFF, 0xB8, 0x51, 0x52, 0x52, 0xA5, 0xA4, 0x20, 0x45, 0x6E, 0x5C, 0x20, 0x33,
    0x48, 0x1A, 0x40, 0x62, 0x10, 0x2D, 0xE2, 0xAD, 0x12, 0xB5, 0x0D, 0x36, 0xCB, 0x1A, 0x38, 0x30,
    0xC7, 0xE5, 0xE4, 0x75, 0xB3, 0xAD, 0xFF, 0x39, 0x68, 0xA6, 0x2E, 0xD7, 0x38, 0xC6, 0x19, 0x8B,
    0xD2, 0xE0, 0xE0, 0x64, 0xA3, 0x18, 0x8F, 0x50, 0xD4, 0x7A, 0xBD, 0xBB, 0x64, 0x80, 0xD1, 0xB9,
    0x87, 0xD1, 0xB9, 0x43, 0xD6, 0x06, 0x0C, 0xAB, 0x39, 0x06, 0xDC, 0x02, 0x4B, 0xD6, 0x52, 0xB0,
    0xED, 0x5F, 0x81, 0x46, 0xF2, 0xAE, 0xA2, 0xC7, 0x8C, 0x69, 0x44, 0xDC, 0xE4, 0x99, 0x47, 0x06,
    0x5C, 0xC5, 0x84, 0x06, 0x0B, 0xFE, 0xDA, 0xF7, 0x16, 0x80, 0x4D, 0xFB, 0x45, 0x77, 0x84, 0xBF,
    0x3B, 0xB3, 0xD3, 0x36, 0xB0, 0xFF, 0xD6, 0x5D, 0xE1, 0x61, 0xC8, 0x45, 0x34, 0x66, 0x3A, 0xA2,
    0x5A, 0xCE, 0x01, 0x55, 0xB7, 0xB8, 0xB2, 0x52, 0xB5, 0x3C, 0xB6, 0x06, 0x3E, 0x2C, 0x9F, 0x35,
    0xC3, 0xA7, 0xD0, 0x0C, 0x8F, 0xDC, 0xB3, 0x70, 0x6F, 0x32, 0x37, 0xC9, 0x02, 0x8E, 0x8F, 0xFA,
    0x64, 0xB2, 0x31, 0x9E, 0xF5, 0xEB, 0x11, 0xE1, 0xB1, 0xD4, 0x7A, 0x67, 0x95, 0x2E, 0x1A, 0x9F,
    0xA9, 0xAE, 0x1F, 0xB8, 0xC1, 0xFC, 0x46, 0x34, 0xEF, 0xC3, 0x92, 0x12, 0x2A, 0xFF, 0x20, 0x9F,
    0x39, 0x8E, 0xF5, 0x93, 0xE3, 0xCD, 0x9F, 0xE1, 0x7F, 0x63, 0x05, 0x16, 0x3D, 0x2B, 0x50, 0xDE,
    0xA0, 0xEC, 0x90, 0xB5, 0x13, 0x25, 0x26, 0xFB, 0xC0, 0xC5, 0xA2, 0x21, 0x6E, 0x9F, 0x32, 0x7D,
    0x9F, 0x68, 0xE6, 0xE9, 0xBB, 0x0E, 0x6F, 0xF4, 0x5F, 0x49, 0x54, 0x36, 0x4B, 0xA1, 0xE2, 0x70,
    0x4C, 0xEF, 0xB8, 0x1B, 0x34, 0xEA, 0x70, 0xD8, 0x0E, 0x29, 0xFF, 0xBC, 0xED, 0x4A, 0x15, 0xBD,
    0x6E, 0xA1, 0x55, 0x95, 0x23, 0x76, 0xAC, 0x12, 0xD1, 0x99, 0x28, 0x77, 0x7F, 0xCF, 0x44, 0x4B,
    0x4D, 0x61, 0xA2, 0xE8, 0xA7, 0x37, 0xA2, 0xBA, 0xFF, 0x99, 0x28, 0xE1, 0x06, 0x7E, 0x15, 0xF1,
    0x28, 0x4D, 0x94, 0x91, 0xA8, 0x77, 0x76, 0x19, 0x2E, 0x96, 0x07, 0x5B, 0x40, 0x44, 0x20, 0x8A,
    0xDD, 0x82, 0x44, 0x8F, 0x60, 0xEC, 0x45, 0x56, 0x84, 0x12, 0xB5, 0xA6, 0x23, 0x74, 0xF7, 0x2A,
    0x2A, 0x07, 0x4B, 0x5B, 0x6C, 0x0A, 0x69, 0x11, 0x50, 0x81, 0x99, 0x55, 0x6C, 0xF6, 0x8B, 0x71,
    0x5B, 0xED, 0xD9, 0x7B, 0xDE, 0xC1, 0x87, 0x66, 0xB4, 0x76, 0x60, 0xFA, 0x31, 0x6B, 0x0E, 0x29,
    0x7D, 0x97, 0xC7, 0x6D, 0xB4, 0x0A, 0x4B, 0x92, 0x87, 0xC6, 0x81, 0x65, 0x23, 0xAC, 0xD1, 0xDB,
    0x1C, 0x7F, 0xA4, 0x60, 0x65, 0xD9, 0x93, 0x76, 0xC1, 0xD8, 0xD6, 0xE7, 0x65, 0xBB, 0x87, 0xFD,
    0xA5, 0xE9, 0x71, 0xE1, 0x34, 0x0E, 0x72, 0x59, 0x13, 0x4D, 0x69, 0x2B, 0xDD, 0x68, 0xC3, 0x56,
    0x2C, 0x69, 0xD8, 0x13, 0xCF, 0x40, 0x22, 0x5C, 0xB2, 0x4D, 0x59, 0x52, 0xEE, 0x63, 0xF9, 0x5F,
    0x4E, 0x9A, 0xA9, 0x2A, 0x62, 0x81, 0xA7, 0x2F, 0x7F, 0xC8, 0x37, 0x7B, 0x4C, 0x27, 0x3A, 0x89,
    0x11, 0xD7, 0x8E, 0x19, 0x53, 0x99, 0x9C, 0x05, 0x9B, 0x60, 0x64, 0x2C, 0x8C, 0x98, 0x74, 0xA4,
    0xDC, 0xC1, 0x7A, 0x4C, 0x44, 0xA4, 0x6F, 0x1D, 0x30, 0x39, 0xD9, 0xC9, 0xA6, 0x9C, 0x2A, 0x50,
    0xA4, 0x7D, 0xAC, 0x4E, 0x62, 0xE0, 0x81, 0x0E, 0x81, 0xD5, 0x25, 0x15, 0x04, 0x74, 0xB3, 0x2A,
    0xF0, 0x41, 0xDF, 0x36, 0x81, 0x4F, 0x17, 0x56, 0x21, 0x0D, 0x1B, 0x21, 0x99, 0x77, 0xEA, 0x08,
    0xAD, 0xBA, 0xBE, 0xD8, 0x43, 0x58, 0x5C, 0x24, 0x02, 0x26, 0x49, 0x8E, 0xFE, 0xA8, 0x77, 0x36,
    0x55, 0x72, 0xED, 0x7F, 0x41, 0x33, 0xE1, 0xFF, 0x51, 0x72, 0xC7, 0xAB, 0xD3, 0x26, 0x74, 0xBE,
    0x98, 0x3C, 0xA9, 0x85, 0x1F, 0x53, 0x28, 0x74, 0xC2, 0x98, 0x48, 0xA9, 0x9E, 0x1D, 0xD3, 0xA9,
    0x38, 0x6C, 0x4C, 0x78, 0xF1, 0x74, 0x55, 0xC6, 0xE3, 0x6C, 0x50, 0xDC, 0xC6, 0xFD, 0xEE, 0xFB,
    0x51, 0xA1, 0xB1, 0x6D, 0x1F, 0x99, 0xE2, 0x61, 0x08, 0x23, 0x06, 0x3B, 0x14, 0x9D, 0xCA, 0xA3,
    0xEC, 0x75, 0x60, 0xF4, 0xC6, 0x4A, 0xDF, 0x04, 0x26, 0x87, 0x66, 0xC4, 0xA8, 0xA5, 0xB3, 0x3D,
    0x7D, 0x6C, 0x64, 0xFA, 0xD8, 0x94, 0xBE, 0x43, 0xDF, 0x91, 0xD9, 0x63, 0xD8, 0x2D, 0xF2, 0xDE,
    0xB4, 0x5E, 0x4F, 0xAD, 0xC6, 0xA6, 0x2C, 0x40, 0xD9, 0x92, 0x90, 0xBE, 0x96, 0x2C, 0xA6, 0x0B,
    0x9C, 0x3A, 0xB8, 0x17, 0x83, 0x4B, 0xA3, 0x92, 0xDE, 0x14, 0x25, 0x43, 0x39, 0x29, 0xF1, 0x4A,
    0xB0, 0x8F, 0xC5, 0xE5, 0x64, 0xBC, 0x9A, 0x6C, 0x7E, 0x6E, 0x07, 0x2C, 0x02, 0x88, 0x9D, 0x74,
    0xC8, 0x40, 0xBA, 0xCC, 0x2E, 0x4C, 0x2F, 0x15, 0x26, 0x66, 0xBE, 0x66, 0xDC, 0x0E, 0x37, 0xE6,
    0xD6, 0xEC, 0x54, 0xE5, 0x14, 0xBD, 0x89, 0x8D, 0xF9, 0xFE, 0x09, 0xBD, 0xB0, 0xEE, 0x8C, 0xB1,
    0xD8, 0x2A, 0xCA, 0xE2, 0x98, 0x97, 0x03, 0x9B, 0xAC, 0x34, 0x15, 0xF8, 0xF6, 0x1C, 0x94, 0x2F,
    0xD8, 0x48, 0xB0, 0x89, 0x88, 0xD6, 0xBA, 0x4F, 0xB7, 0xB9, 0x79, 0xB9, 0xA7, 0xFF, 0x8E, 0x68,
    0xAE, 0xFF, 0xD8, 0x51, 0x23, 0x03, 0x7D, 0xDD, 0x67, 0x3A, 0x88, 0xE6, 0xA3, 0xF4, 0x7B, 0x85,
    0xAA, 0x8E, 0x4B, 0x86, 0x0C, 0x10, 0xCA, 0xE1, 0xB1, 0xC1, 0x0B, 0x14, 0x02, 0x93, 0x1C, 0x33,
    0x1F, 0x71, 0x06, 0x3D, 0x1F, 0xEB, 0x07, 0xBF, 0x20, 0x8E, 0xA7, 0xDF, 0xA7, 0x17, 0xC8, 0xB9,
    0xFA, 0x3D, 0xFA, 0xF9, 0xAC, 0x26, 0x17, 0xEF, 0x2C, 0x7D, 0x9A, 0xDD, 0x83, 0x0D, 0x5C, 0x7F,
    0x7C, 0x49, 0x9F, 0x53, 0x6F, 0xFA, 0x30, 0xA2, 0xD9, 0x68, 0xAC, 0x4E, 0x1B, 0xCA, 0x87, 0xEB,
    0xB4, 0xD6, 0x5E, 0x17, 0xDD, 0x34, 0xBE, 0xAB, 0xCA, 0x4E, 0x27, 0x35, 0xA6, 0xE2, 0xBB, 0x8C,
    0x27, 0x1B, 0x1E, 0xF7, 0x17, 0x3C, 0xED, 0x56, 0x8A, 0x19, 0x9B, 0x96, 0xD1, 0x3D, 0xA2, 0x14,
    0xE2, 0x4E, 0xB8, 0x20, 0x38, 0x8B, 0xCD, 0xCD, 0x58, 0x28, 0x1F, 0xB3, 0x66, 0xEE, 0x58, 0x27,
    0x35, 0x31, 0x55, 0x62, 0x88, 0x80, 0xCB, 0x52, 0x6D, 0xFE, 0xE2, 0xAE, 0xE5, 0x68, 0xC8, 0x5A,
    0xF4, 0x69, 0xAC, 0x39, 0xD0, 0x4D, 0x57, 0x16, 0x7E, 0xF6, 0x11, 0x57, 0xF2, 0xAA, 0x57, 0x41,
    0x84, 0xC0, 0xCA, 0x73, 0xE5, 0xBA, 0x86, 0x36, 0x9E, 0xAA, 0x35, 0x52, 0x39, 0xB9, 0xF2, 0x32,
    0x9E, 0x1C, 0xF0, 0xF1, 0x09, 0xF9, 0xF4, 0x7E, 0x1C, 0xE7, 0x0A, 0x17, 0xBC, 0x30, 0x8E, 0x65,
    0xB7, 0xF1, 0x6C, 0x36, 0x3E, 0xB3, 0xA8, 0xA5, 0x08, 0x3A, 0x68, 0xFD, 0x35, 0xAE, 0x33, 0xF8,
    0xA2, 0xFC, 0xBE, 0xBC, 0xC1, 0xDA, 0x74, 0xD8, 0xBD, 0x91, 0x3C, 0x36, 0x33, 0xC6, 0x3E, 0x99,
    0xF5, 0x2C, 0x9A, 0xC6, 0x1C, 0x8B, 0x56, 0xFA, 0xA5, 0xBE, 0x74, 0x1A, 0xDC, 0x6A, 0xBB, 0x73,
    0xB6, 0xE7, 0x90, 0x98, 0xD3, 0xED, 0x91, 0x73, 0x1C, 0x78, 0x28, 0xDC, 0xF4, 0x53, 0x99, 0x3E,
    0x40, 0x4D, 0x35, 0x22, 0xAC, 0xFC, 0x43, 0xFC, 0xF6, 0x5B, 0x2E, 0x51, 0xF2, 0xBD, 0x68, 0xBC,
    0x39, 0x1D, 0x6C, 0x40, 0x44, 0xEE, 0xF0, 0xE5, 0xFD, 0x8A, 0x91, 0x2F, 0x03, 0xA3, 0x11, 0x44,
    0xDD, 0x02, 0x71, 0x7B, 0x97, 0x97, 0x2F, 0x20, 0xDA, 0x35, 0xA5, 0x77, 0xD4, 0xC5, 0xB9, 0xA5,
    0x45, 0xEC, 0x4E, 0x3B, 0x7A, 0x9E, 0x5E, 0xA0, 0x7F, 0x4C, 0x3C, 0x8E, 0x94, 0xDF, 0x0E, 0x12,
    0x30, 0x78, 0x4E, 0x46, 0x57, 0xF6, 0xEC, 0xD0, 0xF7, 0xC2, 0xA8, 0x2F, 0xF9, 0xDF, 0x72, 0x5F,
    0x73, 0xB9, 0x47, 0x73, 0xCF, 0xC6, 0x72, 0x50, 0x32, 0xAD, 0xA4, 0xEE, 0x95, 0x84, 0x27, 0x23,
    0x03, 0xC8, 0xC5, 0x01, 0xFD, 0x3E, 0xC9, 0xC7, 0x5C, 0xFC, 0xA0, 0x5D, 0x21, 0xEB, 0x87, 0x7F,
    0x24, 0x66, 0x02, 0x75, 0x3B, 0x6E, 0x3B, 0x0D, 0x51, 0xE4, 0x84, 0x8B, 0x9C, 0xAB, 0xFB, 0xEC,
    0x36, 0x49, 0xCF, 0xF5, 0xBF, 0xA4, 0xEF, 0x4A, 0x25, 0xFA, 0xA6, 0x57, 0x5F, 0x7C, 0x1D, 0x10,
    0x37, 0x1D, 0xE7, 0x3A, 0xB6, 0x68, 0x59, 0x4E, 0x97, 0xD3, 0x00, 0xFE, 0x2D, 0xF7, 0x3D, 0x37,
    0x82, 0xFF, 0x43, 0xF7, 0x0F, 0xDC, 0x37, 0xDD, 0xE5, 0xE5, 0x33, 0x4F, 0xD7, 0x4F, 0xBB, 0xA7,
    0x6B, 0x74, 0x74, 0x5E, 0x5E, 0xB4, 0x51, 0x80, 0x6C, 0x22, 0x65, 0x2B, 0xAD, 0x69, 0x87, 0x24,
    0xA7, 0xCE, 0x3B, 0x1F, 0x0D, 0xC2, 0x3E, 0xEF, 0x6E, 0xB9, 0xCB, 0x96, 0x6B, 0x57, 0x7B, 0xCE,
    0x7E, 0xE6, 0x39, 0x6B, 0x45, 0x23, 0xCC, 0xB1, 0xD7, 0x60, 0xC4, 0x7A, 0x5F, 0x2F, 0xAE, 0x64,
    0xAD, 0x9A, 0x5D, 0x8B, 0xC0, 0xF5, 0x61, 0x79, 0x11, 0x60, 0x4F, 0x4C, 0x7C, 0x22, 0xD0, 0xA4,
    0x97, 0xEE, 0x35, 0xA8, 0x50, 0x7E, 0xD0, 0x2D, 0x07, 0x27, 0xC0, 0x65, 0x9B, 0x0C, 0xCE, 0x97,
    0xEE, 0x35, 0xD8, 0x6C, 0x57, 0xEE, 0x16, 0x17, 0x85, 0x1F, 0xD2, 0x89, 0xBB, 0x75, 0xB1, 0xD3,
    0x77, 0xAB, 0x90, 0x2A, 0xB8, 0x67, 0x61, 0x60, 0x7B, 0x52, 0xC0, 0x49, 0x12, 0x9A, 0x2B, 0x67,
    0x09, 0xF8, 0x9D, 0x02, 0xC2, 0xB6, 0x31, 0x3E, 0x4D, 0x1C, 0xC0, 0x9A, 0x13, 0x66, 0x93, 0x89,
    0x58, 0x79, 0xD4, 0x51, 0x91, 0x83, 0x6B, 0x34, 0x7F, 0x20, 0x1C, 0xC7, 0xEC, 0x73, 0x78, 0xEC,
    0xCF, 0x6D, 0xE8, 0xEA, 0x68, 0x96, 0x7D, 0xAB, 0x24, 0x9B, 0xC5, 0x4A, 0x2C, 0xB5, 0xCE, 0x1F,
    0x0B, 0xFE, 0x44, 0xD0, 0xA9, 0xBB, 0x86, 0xD8, 0xEF, 0x0F, 0xFD, 0xE9, 0x1C, 0x72, 0xF9, 0xF8,
    0x8D, 0xC2, 0x49, 0x43, 0x29, 0xBF, 0xA6, 0x0B, 0xD8, 0xD9, 0x15, 0x48, 0x33, 0xDE, 0x31, 0x4C,
    0xC8, 0xC5, 0x86, 0x0B, 0x0C, 0xDB, 0x9D, 0xB7, 0x32, 0xD2, 0xAE, 0x47, 0xC7, 0x80, 0xF2, 0x87,
    0xAA, 0x8C, 0x7F, 0x9E, 0xE4, 0xF7, 0x2E, 0xEF, 0xFE, 0x06, 0x1F, 0x7F, 0x57, 0x95, 0x7D, 0xAA,
    0x1B, 0x9B, 0x65, 0xAA, 0x00, 0xFC, 0x39, 0x36, 0xFD, 0x87, 0x53, 0x62, 0xA3, 0xCD, 0x62, 0x54,
    0x58, 0x18, 0xF0, 0xC4, 0x33, 0x2F, 0xEB, 0x62, 0xFC, 0xBE, 0xEE, 0xE4, 0xA2, 0xA9, 0x72, 0x9F,
    0x47, 0x17, 0x64, 0xEB, 0x73, 0x1E, 0xD3, 0xB6, 0x05, 0xB1, 0x4E, 0xB9, 0x7F, 0xF6, 0xE8, 0xA8,
    0xF6, 0xEB, 0xCE, 0x37, 0x83, 0x5A, 0x0D, 0x2A, 0x8C, 0xE5, 0xAA, 0x0F, 0x75, 0xEE, 0x58, 0x93,
    0xCF, 0xFB, 0x92, 0xE8, 0x67, 0x63, 0x49, 0xA3, 0xBB, 0xCB, 0xBE, 0x21, 0xDF, 0x7A, 0x96, 0xBF,
    0x76, 0xB3, 0xA9, 0x7B, 0xEA, 0xA9, 0x0A, 0xEE, 0x55, 0x57, 0xF4, 0x89, 0x77, 0x5F, 0xFB, 0xFD,
    0xAA, 0xEE, 0x6B, 0x9F, 0xFB, 0xD8, 0xA7, 0x7D, 0xDD, 0xCC, 0xEE, 0xC4, 0xB9, 0xF6, 0x04, 0x11,
    0xC1, 0x19, 0xCF, 0x83, 0x8B, 0xD7, 0x5A, 0x0A, 0x5F, 0x61, 0x85, 0xE7, 0x97, 0x9D, 0xBB, 0x19,
    0xDC, 0xC3, 0x05, 0x4F, 0x7A, 0x5B, 0x72, 0x9A, 0xF7, 0xE4, 0x92, 0xA8, 0xDA, 0xCA, 0xF5, 0xAD,
    0xE3, 0x6E, 0x2B, 0x07, 0x97, 0xEE, 0xC9, 0x13, 0xA6, 0xCB, 0x1F, 0xA4, 0x14, 0x0B, 0x48, 0x4E,
    0xD5, 0xE6, 0xC1, 0x58, 0x82, 0x80, 0x18, 0xBE, 0xA2, 0x96, 0x36, 0x3E, 0x7D, 0xF7, 0xAB, 0xD8,
    0x3C, 0xEF, 0xEC, 0xA5, 0xA0, 0x33, 0xA7, 0x60, 0x79, 0xBE, 0x9F, 0x63, 0xB9, 0x72, 0x9A, 0xF7,
    0x3B, 0x55, 0xF9, 0x93, 0x56, 0xBE, 0x71, 0xB2, 0xC7, 0x53, 0x34, 0x69, 0xF4, 0x10, 0xD6, 0xD2,
    0xD1, 0xBE, 0xA9, 0x2A, 0x1F, 0x50, 0x63, 0xF2, 0x39, 0xEF, 0xEE, 0x41, 0xAD, 0xAC, 0xD1, 0xBB,
    0x69, 0x7F, 0x17, 0x35, 0xAF, 0xD3, 0x9E, 0x78, 0xF8, 0xBA, 0xDB, 0xAD, 0x27, 0xF8, 0xBA, 0x8B,
    0xC0, 0x3F, 0x49, 0xE5, 0xE6, 0x19, 0xC8, 0x33, 0x0F, 0x04, 0xC8, 0x6E, 0xB0, 0xA6, 0x7E, 0xFB,
    0xBC, 0x23, 0xED, 0x28, 0xD3, 0x07, 0x77, 0x30, 0x33, 0x58, 0xDE, 0x92, 0xE7, 0xDD, 0xD9, 0xF3,
    0xEE, 0xDD, 0x3D, 0x7D, 0xDE, 0x77, 0xB7, 0xCF, 0xFB, 0x1A, 0xDE, 0x2E, 0xEE, 0x5B, 0x9F, 0x75,
    0x8F, 0x59, 0xA2, 0x83, 0xF7, 0x21, 0x7B, 0xF8, 0x7D, 0xD8, 0x93, 0xEB, 0xD7, 0xDA, 0x66, 0x2B,
    0xDF, 0x75, 0xD9, 0xC1, 0xFB, 0x90, 0xF4, 0xEF, 0x7F, 0xC2, 0x6A, 0xFF, 0x7C, 0xFB, 0xDF, 0xCE,
    0xBB, 0x3D, 0xB1, 0xD8, 0x88, 0x30, 0x58, 0x5C, 0xA2, 0xE2, 0x41, 0x21, 0x77, 0x85, 0x98, 0x60,
    0x16, 0x85, 0x92, 0x57, 0x5C, 0xA5, 0xDB, 0x73, 0x40, 0xBC, 0x06, 0x5D, 0x22, 0x54, 0x44, 0x75,
    0xB5, 0xD5, 0x34, 0xA6, 0xBA, 0x3B, 0x55, 0x80, 0xD8, 0x42, 0x51, 0x63, 0x7F, 0x1C, 0x61, 0xD3,
    0xD9, 0xDB, 0xA5, 0x15, 0x90, 0xCF, 0x7B, 0xF1, 0x7E, 0xB6, 0xD6, 0x2E, 0x31, 0x20, 0xE0, 0xA6,
    0x7E, 0xDB, 0xFD, 0x0A, 0xCA, 0x1B, 0x1B, 0xFE, 0xAF, 0xB0, 0xE5, 0x06, 0x4A, 0x3D, 0x40, 0xD5,
    0x00, 0x91, 0xAA, 0x62, 0x4F, 0x9C, 0xA2, 0x3D, 0x91, 0xB6, 0xCE, 0x0E, 0xD1, 0x31, 0x39, 0xF7,
    0x2F, 0x98, 0xA1, 0xFC, 0x33, 0xF7, 0xAB, 0x2F, 0xBF, 0xB3, 0x2F, 0x4E, 0xA6, 0x2B, 0xD9, 0xB3,
    0x43, 0x96, 0x7E, 0xBB, 0x96, 0x8D, 0x28, 0xB8, 0x6D, 0x10, 0x34, 0x8D, 0xA6, 0x52, 0x46, 0x95,
    0xE0, 0xEE, 0x3B, 0x0C, 0xA4, 0xFA, 0x8C, 0xCB, 0x41, 0xC4, 0x0A, 0x7F, 0x51, 0xED, 0xF4, 0xEB,
    0x96, 0xC7, 0x24, 0x19, 0xB7, 0x9A, 0xE9, 0xAD, 0xA2, 0x53, 0x7E, 0xE1, 0xF7, 0x1B, 0x70, 0x65,
    0x52, 0xF4, 0xFE, 0xFA, 0xF1, 0x03, 0x71, 0x34, 0x86, 0x16, 0x77, 0xE5, 0x2B, 0xF8, 0x35, 0x77,
    0x5D, 0xA5, 0xD4, 0x9B, 0x9A, 0x35, 0xF3, 0x1A, 0xD2, 0x0C, 0xBB, 0xBB, 0x32, 0xB5, 0xB9, 0x63,
    0xB5, 0xD1, 0xDB, 0x43, 0x5F, 0x94, 0xE8, 0x16, 0x00, 0x28, 0x97, 0x6D, 0xC4, 0xC4, 0x8E, 0xC7,
    0x92, 0x29, 0x4A, 0xB3, 0x59, 0xC9, 0x26, 0x4C, 0xD7, 0x5A, 0x76, 0xE8, 0xC2, 0xAE, 0x04, 0x15,
    0x2C, 0x91, 0x29, 0x39, 0xB0, 0x64, 0x79, 0x98, 0x65, 0x2B, 0x2B, 0x57, 0x46, 0xC6, 0xE2, 0x95,
    0xA5, 0x7F, 0x61, 0xAC, 0xF8, 0x81, 0xB1, 0x3A, 0x01, 0x8B, 0x82, 0xB1, 0xC4, 0x1B, 0xCB, 0x7A,
    0x63, 0x65, 0x65, 0x6C, 0x71, 0x60, 0xF1, 0x64, 0x2C, 0x1D, 0x8C, 0x15, 0x9D, 0xB1, 0xDA, 0x81,
    0xFD, 0xBF, 0x60, 0xEC, 0x97, 0xDE, 0x18, 0xF5, 0x2B, 0xAB, 0x8C, 0xCD, 0xCE, 0xD8, 0x04, 0x76,
    0xF5, 0xFD, 0xA6, 0xCC, 0xDA, 0x11, 0xDE, 0x43, 0xD7, 0x69, 0xC6, 0x41, 0xD7, 0x9A, 0x1C, 0x2E,
    0x98, 0x43, 0x49, 0x7B, 0x90, 0x4D, 0xC7, 0x9C, 0x37, 0xC6, 0xCA, 0x6A, 0x65, 0x46, 0x5C, 0xBB,
    0xB2, 0xE5, 0xE1, 0x84, 0x7E, 0x71, 0x78, 0x98, 0xED, 0xDE, 0x70, 0x9F, 0x6D, 0x8B, 0xF0, 0x84,
    0xD1, 0xF0, 0xD0, 0xD1, 0x2A, 0x26, 0xBD, 0x3D, 0xA1, 0x7D, 0x2C, 0x9A, 0xFD, 0xA7, 0x54, 0x5B,
    0xAD, 0xEC, 0x3F, 0x95, 0x5D, 0x80, 0xFC, 0x06, 0xD6, 0x32, 0x4F, 0x00, 0x5F, 0xBA, 0xB3, 0x70,
    0x28, 0x68, 0x49, 0x44, 0x01, 0x80, 0xBF, 0x7D, 0x20, 0xA0, 0x07, 0x6F, 0x08, 0x10, 0x0D, 0xE2,
    0x07, 0x4D, 0x33, 0xA2, 0xE8, 0x1A, 0x06, 0x47, 0x03, 0x9C, 0x8E, 0x15, 0x10, 0x1C, 0x18, 0xB6,
    0x90, 0x5D, 0x06, 0xB9, 0x02, 0xA2, 0x09, 0xCB, 0xD1, 0xF6, 0x27, 0x2E, 0x25, 0xE8, 0x2E, 0xA2,
    0xF9, 0xA8, 0x25, 0x75, 0xEF, 0x1D, 0x05, 0x1E, 0xA0, 0xC2, 0x7E, 0xFD, 0x03, 0x34, 0xBF, 0x24,
    0xFD, 0xA9, 0xE5, 0x9B, 0xBC, 0xC1, 0x29, 0x97, 0xD8, 0x6B, 0x55, 0xAB, 0xBC, 0x90, 0xD4, 0x69,
    0xD8, 0xD5, 0x79, 0x5B, 0xE5, 0xC5, 0x23, 0xAB, 0x1C, 0xD0, 0xE4, 0x0C, 0xB1, 0x97, 0x9A, 0x8F,
    0x26, 0xAD, 0xF9, 0xBB, 0xFA, 0xFC, 0x4A, 0xEA, 0x18, 0x72, 0x49, 0x8D, 0x7A, 0xD4, 0xCE, 0xFA,
    0xDC, 0xBD, 0xC0, 0x19, 0x5C, 0xCF, 0xEF, 0x29, 0x94, 0x0A, 0x59, 0x25, 0xF0, 0xB9, 0xC7, 0x6B,
    0x4B, 0xD0, 0x87, 0x08, 0x20, 0x8B, 0x41, 0x49, 0x82, 0x00, 0xA8, 0x2A, 0x6B, 0xEA, 0x59, 0x13,
    0x5C, 0xD3, 0xC0, 0x03, 0xD0, 0x0D, 0xFA, 0xDF, 0xF2, 0xE8, 0xCA, 0xBF, 0x94, 0xAD, 0xB6, 0x0A,
    0xCD, 0x31, 0x53, 0x2C, 0x7C, 0x5C, 0xBE, 0x6F, 0x0B, 0x83, 0x4B, 0x67, 0x01, 0x0E, 0x0E, 0x19,
    0x57, 0xB7, 0xAF, 0x98, 0x9E, 0x04, 0xF0, 0xBB, 0xC9, 0x7D, 0x93, 0x8F, 0x12, 0xDC, 0x94, 0xCE,
    0x0C, 0xF7, 0xF8, 0x0C, 0x8B, 0x2B, 0x73, 0x71, 0xF4, 0xE6, 0x39, 0x42, 0xF1, 0xDE, 0x90, 0x90,
    0x77, 0xC5, 0x5F, 0xD2, 0x1D, 0xD9, 0xAE, 0x8B, 0x88, 0xC4, 0xDE, 0x44, 0x0B, 0x43, 0x74, 0x54,
    0x54, 0x72, 0xCC, 0xAC, 0xD3, 0x43, 0x0F, 0x02, 0xBB, 0x9E, 0x81, 0xCB, 0xA5, 0x50, 0x22, 0x1C,
    0x61, 0x41, 0xBD, 0x8C, 0x80, 0x03, 0x4B, 0x4D, 0x76, 0x19, 0x14, 0x0A, 0x6D, 0xC3, 0xAD, 0xE7,
    0x8E, 0xF4, 0x48, 0x88, 0xE5, 0x95, 0x8A, 0x35, 0x1D, 0x92, 0x42, 0xFE, 0xA9, 0x81, 0x27, 0x6F,
    0x3D, 0x7F, 0x5B, 0xEE, 0x53, 0xBE, 0x68, 0x1F, 0x88, 0xC1, 0x69, 0xC9, 0xCA, 0x6D, 0x7A, 0x70,
    0xFA, 0x26, 0x1C, 0xA4, 0x3E, 0xDA, 0x8F, 0xD6, 0x63, 0x50, 0x27, 0xA2, 0xA0, 0x1F, 0x5F, 0xD2,
    0x08, 0x1A, 0x7D, 0x40, 0xFE, 0x86, 0x82, 0x3C, 0xA0, 0xC2, 0x6B, 0x33, 0xF6, 0x88, 0xBE, 0xDB,
    0xC2, 0xCE, 0xE0, 0x89, 0xEB, 0xED, 0xB4, 0x5D, 0xB8, 0x3B, 0xA1, 0x6D, 0xBA, 0xC1, 0x5F, 0xCD,
    0x03, 0xD2, 0xB3, 0x23, 0x69, 0x73, 0xF7, 0x55, 0xCE, 0xAB, 0xDB, 0x49, 0xAF, 0x29, 0xFD, 0x67,
    0x2E, 0x9F, 0xD9, 0xE6, 0x33, 0xED, 0xAE, 0xD2, 0xF8, 0xB5, 0x84, 0x3A, 0x9D, 0xF9, 0xFE, 0x1E,
    0xBC, 0xF9, 0x64, 0xDA, 0x42, 0xDB, 0x1F, 0x13, 0x8F, 0x46, 0x1F, 0x0B, 0x3E, 0xF1, 0x74, 0x5C,
    0x69, 0x91, 0x4D, 0x40, 0x7B, 0x40, 0xF6, 0x84, 0xF0, 0x6C, 0xF6, 0x71, 0x77, 0x80, 0x5C, 0x9E,
    0x18, 0xE7, 0xD3, 0x13, 0x41, 0x22, 0x3A, 0x01, 0xCE, 0x8C, 0xF3, 0x4B, 0x84, 0x88, 0xA2, 0x84,
    0x70, 0xFC, 0x36, 0x28, 0xE6, 0x8B, 0x62, 0x42, 0x8A, 0x3B, 0xEA, 0x04, 0x9D, 0x61, 0x3B, 0x28,
    0xD6, 0x5E, 0xB1, 0xBC, 0x04, 0x83, 0x62, 0xA9, 0xC8, 0x8F, 0x8F, 0x51, 0x1F, 0xDC, 0x8A, 0x97,
    0x66, 0xD4, 0xD2, 0xE9, 0xD9, 0xE7, 0xD5, 0x33, 0x29, 0xF6, 0x70, 0x10, 0xC4, 0xB6, 0x23, 0x19,
    0xAE, 0x6B, 0xDD, 0x8C, 0x93, 0xD4, 0x38, 0x94, 0xD0, 0xBB, 0xB7, 0xA9, 0x87, 0x9D, 0x0B, 0x37,
    0xAC, 0xAE, 0xD7, 0x6C, 0xF2, 0x40, 0x4B, 0x71, 0x88, 0x2F, 0x42, 0x5B, 0x41, 0x63, 0x41, 0x6B,
    0x61, 0xC8, 0xF6, 0x20, 0xED, 0x1E, 0x39, 0x82, 0x9F, 0x28, 0x2C, 0xBA, 0xFB, 0x1B, 0xA6, 0x78,
    0xAD, 0x17, 0xC8, 0x83, 0x40, 0xBA, 0x08, 0xC4, 0x24, 0x10, 0xD9, 0x2C, 0xB1, 0x51, 0xE8, 0x00,
    0xF2, 0xA3, 0xB6, 0xD3, 0x88, 0xF5, 0x4E, 0x1A, 0xCF, 0x0A, 0x7B, 0x09, 0x2D, 0xF7, 0xA1, 0x71,
    0x3B, 0x64, 0x3A, 0xEB, 0xD5, 0x3E, 0x32, 0x48, 0x14, 0x49, 0xEE, 0xD5, 0x96, 0xA2, 0xEE, 0xCF,
    0x29, 0xFD, 0x29, 0x75, 0x17, 0x4E, 0x13, 0xBF, 0x47, 0x27, 0xBA, 0x64, 0x78, 0x46, 0x72, 0x7C,
    0x14, 0xA3, 0xCB, 0x35, 0xEB, 0x70, 0x70, 0x91, 0x68, 0xD5, 0x46, 0xF5, 0x5B, 0x67, 0x93, 0x62,
    0xF9, 0xDE, 0xEC, 0x74, 0x68, 0x7C, 0x8F, 0x9D, 0xEC, 0x6B, 0xAD, 0xF8, 0xB2, 0x7A, 0xDB, 0x65,
    0x2E, 0x6F, 0x90, 0x11, 0xE9, 0xCB, 0x2E, 0x72, 0x69, 0xCF, 0x42, 0x34, 0xC9, 0x73, 0x8B, 0x3D,
    0x0B, 0xB1, 0x87, 0xDD, 0x96, 0x05, 0x9B, 0xC0, 0x06, 0x16, 0x6C, 0xF6, 0xFA, 0x0A, 0x0B, 0xEA,
    0x6E, 0x68, 0x71, 0xE8, 0xCA, 0x1D, 0x1B, 0xCB, 0x90, 0xF7, 0x1B, 0xC1, 0xEB, 0x13, 0x84, 0xB8,
    0xCF, 0x42, 0xE4, 0x21, 0xEC, 0xBC, 0xDA, 0xD4, 0xB4, 0xCC, 0x59, 0xC8, 0x1B, 0xF0, 0xF4, 0xC2,
    0xB0, 0x65, 0xDB, 0xA9, 0x58, 0x66, 0xFC, 0xFB, 0x59, 0xF8, 0x22, 0xF5, 0x66, 0xE1, 0xD0, 0xFD,
    0x82, 0xF5, 0x27, 0x72, 0x05, 0xB6, 0x7C, 0x65, 0x61, 0x35, 0xBC, 0xB0, 0x00, 0xE3, 0x48, 0xA9,
    0xF7, 0x43, 0x70, 0x73, 0x91, 0x3B, 0x85, 0x17, 0x5B, 0x27, 0x75, 0x00, 0xD5, 0x9C, 0xD6, 0x8E,
    0x1C, 0x1B, 0x0D, 0x96, 0x7F, 0x6A, 0x5B, 0xCF, 0xC2, 0x00, 0x83, 0xE9, 0x06, 0xD6, 0xA9, 0x93,
    0x0A, 0xA9, 0xE4, 0x76, 0xF0, 0xB0, 0x72, 0x8A, 0xCA, 0xBB, 0xD7, 0x15, 0x61, 0x44, 0x67, 0x0E,
    0xDA, 0x6B, 0x3E, 0x36, 0x79, 0x6E, 0xE3, 0x2A, 0xE4, 0xE4, 0xB7, 0x3A, 0xBA, 0x2B, 0x37, 0x86,
    0x4F, 0x1F, 0x73, 0xC7, 0xF7, 0x2B, 0x05, 0xF7, 0x98, 0xC2, 0xEB, 0x5B, 0x21, 0xD1, 0xB4, 0xCB,
    0x52, 0x39, 0x05, 0x0D, 0xC2, 0x53, 0xC9, 0x13, 0x32, 0xB9, 0x97, 0xE9, 0xBE, 0x2B, 0x28, 0xB8,
    0xF2, 0x7F, 0xCC, 0xE2, 0xD2, 0x52, 0xFF, 0x59, 0x70, 0x85, 0xAB, 0xA5, 0x59, 0xCF, 0x6E, 0x72,
    0xCF, 0x70, 0x4B, 0x23, 0xB7, 0x1B, 0xE5, 0x90, 0x69, 0x7F, 0xCE, 0x93, 0xC1, 0x2E, 0x9F, 0xD0,
    0x98, 0xB8, 0xE9, 0x11, 0x9C, 0x86, 0xB9, 0x4D, 0xD2, 0xEA, 0x7C, 0x52, 0x54, 0x14, 0x05, 0xF0,
    0xF4, 0x5D, 0xBA, 0x3D, 0x80, 0xB7, 0x66, 0x1C, 0x47, 0x63, 0xA1, 0x01, 0x2A, 0xF6, 0xE7, 0x89,
    0x23, 0xA5, 0x10, 0x33, 0x46, 0x66, 0x1A, 0x23, 0x39, 0x2F, 0x39, 0x3C, 0x68, 0x82, 0xBA, 0x86,
    0x3F, 0x57, 0x3F, 0x26, 0x72, 0x8E, 0xA4, 0x4D, 0x68, 0xDF, 0x44, 0xA6, 0x7A, 0x08, 0xC2, 0xCB,
    0x49, 0x0F, 0x19, 0x61, 0xA7, 0x80, 0x88, 0x64, 0xD2, 0x2E, 0xBA, 0x8C, 0x14, 0xAB, 0xD0, 0x84,
    0xEE, 0x57, 0x44, 0x0E, 0x75, 0x45, 0x1D, 0xBD, 0xA3, 0xDC, 0x15, 0x78, 0xE3, 0x71, 0xFE, 0xCB,
    0x5D, 0xD8, 0x8A, 0x0D, 0xCF, 0x37, 0x3C, 0xFB, 0x10, 0x3C, 0xDD, 0xF0, 0xEB, 0xD5, 0x41, 0x60,
    0x4B, 0x2B, 0xAF, 0x55, 0xCC, 0x7D, 0xEF, 0x20, 0x6D, 0xB8, 0xC6, 0x0C, 0x5A, 0x95, 0x3F, 0xE9,
    0x22, 0x90, 0xAC, 0x61, 0x14, 0x79, 0x2F, 0xB0, 0x3B, 0x11, 0xD8, 0xC6, 0xF7, 0xC1, 0x4A, 0x15,
    0xB6, 0x06, 0x4B, 0x1A, 0xD0, 0x74, 0xF8, 0xDB, 0x34, 0x0A, 0x37, 0xBD, 0x37, 0x55, 0xDB, 0xD4,
    0x12, 0x25, 0xCC, 0x97, 0x1B, 0xBB, 0xE5, 0xC6, 0x4B, 0xAA, 0x33, 0x9B, 0xAD, 0x42, 0xDE, 0xC8,
    0xFF, 0xAC, 0x15, 0x34, 0x7A, 0xBD, 0x69, 0x75, 0x8B, 0xF3, 0x16, 0x1B, 0x9E, 0xCF, 0x62, 0xE7,
    0xCC, 0xE9, 0x47, 0x37, 0xE5, 0xA1, 0xE8, 0xF9, 0x6A, 0x0C, 0x29, 0xB7, 0xE5, 0xD3, 0x32, 0x69,
    0x3B, 0xD3, 0xD5, 0x9A, 0xC6, 0x59, 0xA1, 0xDB, 0xC0, 0xE7, 0x5B, 0x81, 0x92, 0x2A, 0x81, 0xE5,
    0xD0, 0x23, 0xB5, 0xA5, 0x51, 0xDA, 0x60, 0x55, 0xCE, 0x11, 0xF5, 0xE2, 0xF8, 0x5B, 0xF3, 0x50,
    0x5B, 0x73, 0x1F, 0x52, 0xF0, 0x47, 0x84, 0x7D, 0x97, 0x32, 0xF5, 0x43, 0x53, 0x47, 0xEF, 0x23,
    0xF6, 0xA1, 0x6D, 0x69, 0x82, 0x37, 0x9B, 0x86, 0x0B, 0xBA, 0x62, 0x44, 0x45, 0xAA, 0x52, 0x3A,
    0x5E, 0x7E, 0x9F, 0x3F, 0x5A, 0xEE, 0xF2, 0x89, 0xFF, 0x9F, 0x74, 0x4C, 0x6D, 0xCF, 0xE9, 0xAC,
    0x39, 0x54, 0x38, 0x27, 0xA2, 0x46, 0xED, 0x45, 0xD7, 0x67, 0xE4, 0x8E, 0xC3, 0x5D, 0x64, 0xBD,
    0x79, 0xCA, 0xA6, 0xF6, 0xF1, 0xB9, 0xDC, 0xC3, 0x96, 0x98, 0xC9, 0x90, 0x32, 0x5B, 0xD6, 0x9F,
    0x7C, 0x44, 0x72, 0x0C, 0x5A, 0x34, 0x7C, 0x3B, 0x26, 0xD2, 0xE7, 0x92, 0xBD, 0x47, 0xDA, 0xCF,
    0x95, 0x4D, 0xAD, 0xF3, 0x89, 0x57, 0xDD, 0xDF, 0x57, 0x12, 0x2C, 0x2D, 0x8E, 0x07, 0x89, 0x07,
    0x90, 0xB4, 0x03, 0xC9, 0x1A, 0x90, 0xC2, 0x81, 0x3C, 0x67, 0xE4, 0xAE, 0x91, 0x11, 0x24, 0xF6,
    0x20, 0x68, 0xFB, 0xBC, 0xCA, 0x34, 0x42, 0x7A, 0x9C, 0xF0, 0x45, 0xB2, 0x53, 0xD4, 0x23, 0x48,
    0x11, 0x40, 0xB2, 0x19, 0x24, 0xA5, 0x4D, 0x16, 0x1F, 0x26, 0x78, 0xE5, 0xA0, 0xA0, 0x50, 0x52,
    0x7B, 0x90, 0x72, 0x02, 0xC9, 0x03, 0x48, 0x46, 0x4C, 0xB0, 0x3D, 0xB8, 0xFA, 0xB0, 0x50, 0x8F,
    0x29, 0x2C, 0xCD, 0xA8, 0xA8, 0x9A, 0x26, 0x25, 0xE9, 0x3A, 0x4E, 0xB5, 0x46, 0x72, 0x23, 0x89,
    0x91, 0xD8, 0x48, 0x64, 0xC4, 0x3D, 0x11, 0xF9, 0xFA, 0xC6, 0x3C, 0xC3, 0x37, 0xC8, 0x18, 0x78,
    0x81, 0xFE, 0x2C, 0x27, 0xF6, 0x22, 0x1A, 0xB8, 0x1A, 0x76, 0xF3, 0xF1, 0x20, 0xA1, 0x4C, 0x3E,
    0xE9, 0x19, 0xB3, 0x2E, 0xAE, 0x18, 0x59, 0xBB, 0xC4, 0xF8, 0xAA, 0x53, 0x0C, 0x8A, 0xB1, 0x57,
    0x4C, 0x7B, 0xC1, 0xB3, 0xBA, 0x12, 0x24, 0x1A, 0x81, 0x24, 0x38, 0xDD, 0xA4, 0x46, 0x30, 0xA2,
    0x5E, 0xD0, 0xD5, 0x5E, 0xB1, 0x9C, 0x14, 0xF3, 0xA0, 0x98, 0x2D, 0x8A, 0x5C, 0x6D, 0x8C, 0x31,
    0x75, 0x82, 0x11, 0x21, 0xEE, 0x9F, 0x26, 0xDD, 0xA3, 0xA9, 0xA4, 0x17, 0xE5, 0xFA, 0x73, 0x0A,
    0x82, 0x66, 0xEC, 0x76, 0x05, 0x30, 0x01, 0xEE, 0x80, 0x11, 0xD0, 0x1D, 0xE2, 0xDD, 0x47, 0xE0,
    0xD7, 0xB5, 0x79, 0x5F, 0x5F, 0xF0, 0xD4, 0x0A, 0xEA, 0x34, 0xEF, 0x4B, 0x4B, 0x3D, 0xD2, 0x59,
    0xB5, 0x52, 0x77, 0x2E, 0x19, 0xB3, 0xDE, 0xB2, 0x99, 0x34, 0x42, 0xF2, 0x2A, 0x72, 0x4C, 0xB4,
    0xC9, 0x32, 0xB9, 0xAB, 0x24, 0x6F, 0x26, 0x90, 0x3F, 0xF1, 0x20, 0xDF, 0x1E, 0x40, 0xFE, 0x75,
    0x07, 0xF2, 0x6F, 0x1A, 0x90, 0x3B, 0x0E, 0x64, 0x36, 0x32, 0x29, 0x61, 0xF5, 0x0E, 0x08, 0x79,
    0x21, 0xA1, 0xA0, 0x60, 0x3F, 0x5F, 0xEC, 0xC8, 0x54, 0xE1, 0x5C, 0xD4, 0x29, 0x69, 0xA8, 0x07,
    0x69, 0x3D, 0x48, 0x39, 0x81, 0xA0, 0x0D, 0x5F, 0xD3, 0x67, 0x81, 0x55, 0x80, 0x92, 0x98, 0x3A,
    0x25, 0x11, 0xF5, 0x68, 0xEC, 0xE6, 0xA2, 0xE5, 0xEA, 0x80, 0xE6, 0x5D, 0x50, 0x63, 0xAD, 0x3A,
    0x28, 0x71, 0xC7, 0x61, 0xDB, 0xF6, 0xF8, 0x61, 0xCA, 0x33, 0x4B, 0x69, 0x92, 0xB6, 0x57, 0x50,
    0x90, 0xFA, 0xE3, 0x61, 0x3F, 0x93, 0xEC, 0x43, 0x8C, 0xD7, 0x76, 0xA3, 0xFB, 0xE6, 0x39, 0x96,
    0xDC, 0x25, 0x30, 0xA6, 0x9D, 0x62, 0x5E, 0x29, 0x96, 0x4E, 0xF1, 0x2E, 0xDA, 0xDE, 0xDA, 0xE6,
    0x2A, 0x60, 0xAF, 0x7F, 0x6F, 0x47, 0xC5, 0x22, 0x28, 0x66, 0x8B, 0x62, 0x42, 0x8A, 0x31, 0x35,
    0x82, 0x11, 0xDA, 0x9A, 0x23, 0xAF, 0x58, 0x8F, 0x8A, 0x25, 0xE6, 0x6A, 0x39, 0x69, 0xDB, 0x4B,
    0xA9, 0x47, 0x9B, 0x23, 0x41, 0x77, 0x4C, 0x1F, 0xA8, 0x0B, 0xD4, 0x2F, 0x07, 0xE7, 0x84, 0x48,
    0x17, 0xF8, 0xA5, 0x76, 0x79, 0xF3, 0x53, 0xDE, 0x05, 0xCE, 0x0F, 0x77, 0x81, 0xCD, 0x95, 0x5D,
    0x60, 0x49, 0xBD, 0x92, 0xEB, 0xD4, 0x17, 0xE8, 0x05, 0x0D, 0x6D, 0x0E, 0xE6, 0x0A, 0x60, 0xB6,
    0x8F, 0x05, 0xD4, 0xAF, 0x86, 0xD7, 0x5E, 0x3E, 0x3B, 0xAA, 0x0E, 0xBF, 0x67, 0x98, 0x92, 0x62,
    0x49, 0x9D, 0x20, 0xD1, 0xC0, 0xF8, 0x71, 0xF5, 0x77, 0xED, 0x87, 0xEF, 0xEF, 0xAA, 0x52, 0x7D,
    0xA2, 0x47, 0xC1, 0xA8, 0x1D, 0x4F, 0x4F, 0xB5, 0xD1, 0x4D, 0x0E, 0x5E, 0x9E, 0x44, 0xBC, 0xB3,
    0x08, 0xBD, 0x2B, 0xCD, 0x6E, 0xD6, 0x65, 0x06, 0x51, 0x15, 0x74, 0xB1, 0xD1, 0x95, 0x6E, 0x12,
    0x56, 0xBA, 0xDF, 0x76, 0xB7, 0x84, 0xDD, 0x65, 0x35, 0x2B, 0x33, 0x78, 0xD6, 0x62, 0xC9, 0xA6,
    0x2C, 0xE9, 0x8D, 0x65, 0x9D, 0xB1, 0xBC, 0x32, 0x56, 0x3A, 0x63, 0xAF, 0xAC, 0x6C, 0x32, 0xB6,
    0xF3, 0xC6, 0x6E, 0xF6, 0x60, 0xDA, 0x0A, 0x95, 0x91, 0x1D, 0xEF, 0x06, 0x79, 0x30, 0x34, 0x44,
    0xAC, 0xB8, 0xC0, 0xB2, 0xC5, 0x58, 0x42, 0xC6, 0x62, 0x6A, 0xC0, 0x1C, 0xF5, 0xC6, 0x5A, 0x6F,
    0xAC, 0x1C, 0x8D, 0x15, 0xC1, 0x58, 0xB6, 0x18, 0x4B, 0xC9, 0x58, 0xAC, 0x2D, 0x67, 0x86, 0x73,
    0x4F, 0xD4, 0xF2, 0x61, 0x69, 0xB6, 0xA5, 0x7C, 0x41, 0x03, 0xD8, 0x4E, 0xBD, 0xD2, 0x36, 0x79,
    0xBE, 0x53, 0x55, 0xAF, 0x4F, 0xAE, 0xA6, 0x8E, 0xD3, 0x68, 0x9C, 0xF0, 0x2C, 0x5D, 0x2E, 0x3B,
    0x3E, 0x3B, 0xEE, 0x24, 0xEF, 0x7C, 0x36, 0x64, 0xDD, 0xC8, 0x24, 0x6F, 0x12, 0xE7, 0xB0, 0xB3,
    0xBC, 0x92, 0x00, 0x12, 0x4D, 0x20, 0xB1, 0x07, 0xC9, 0x3A, 0x25, 0xF7, 0x5B, 0x06, 0xA8, 0x2F,
    0x40, 0x66, 0x25, 0x63, 0x4E, 0x95, 0x92, 0x1D, 0x75, 0x4A, 0x1C, 0x0D, 0x20, 0xB5, 0x07, 0x29,
    0x03, 0x48, 0x3E, 0x83, 0x64, 0x04, 0xC2, 0xAF, 0x22, 0x52, 0x79, 0x77, 0xD0, 0x0F, 0x93, 0x87,
    0x86, 0xB8, 0xE6, 0x7F, 0x7C, 0x5F, 0x39, 0x79, 0x25, 0x51, 0xEB, 0xA5, 0x5F, 0x63, 0x4B, 0xAC,
    0xF6, 0xE9, 0x19, 0x11, 0x46, 0xBF, 0x6B, 0x2D, 0xDB, 0x2E, 0x4A, 0x8D, 0x55, 0x69, 0x50, 0xDD,
    0x48, 0x0E, 0xF6, 0xB1, 0x32, 0xE2, 0xB2, 0x65, 0xC8, 0xAD, 0xF3, 0xD6, 0xE6, 0x7B, 0x1F, 0x3F,
    0x0B, 0xC6, 0xCA, 0x80, 0x1A, 0xD2, 0x8E, 0x8F, 0x23, 0x07, 0x2F, 0x6A, 0xF2, 0x82, 0x99, 0xB7,
    0x8F, 0xB1, 0xED, 0x0A, 0xAF, 0x5C, 0x59, 0xB1, 0xB2, 0xEC, 0x12, 0x96, 0xAE, 0x2C, 0xB9, 0x84,
    0xC5, 0x2B, 0xDB, 0x35, 0x2D, 0xD1, 0x90, 0x58, 0x52, 0x44, 0x26, 0x15, 0xE7, 0xDE, 0x89, 0x6A,
    0x7A, 0x57, 0xDF, 0xA5, 0x8C, 0xA0, 0xE2, 0x4A, 0x16, 0x90, 0xF8, 0x43, 0x10, 0x22, 0xA2, 0x2D,
    0x91, 0xC4, 0x3E, 0xB7, 0x9F, 0xC6, 0x91, 0x71, 0x85, 0xC8, 0xD5, 0x06, 0xED, 0xEB, 0x31, 0xBD,
    0x7B, 0x71, 0x5F, 0x2B, 0x41, 0x75, 0x18, 0x71, 0x2B, 0x69, 0x8D, 0x94, 0x0F, 0x91, 0xC2, 0x48,
    0xFE, 0x18, 0xE4, 0x19, 0x87, 0x77, 0x05, 0xBA, 0x78, 0x7D, 0xB0, 0x34, 0xD8, 0xDB, 0x72, 0xDA,
    0x7A, 0x7B, 0x5D, 0x5C, 0xE6, 0xD7, 0xF7, 0x25, 0xF1, 0x6B, 0xB3, 0x89, 0x1F, 0x45, 0x77, 0xC3,
    0xA6, 0x89, 0x3D, 0x0D, 0x4A, 0x52, 0x0E, 0xA9, 0xBD, 0x3D, 0xF6, 0xDD, 0x5F, 0x31, 0x0D, 0x46,
    0xED, 0x5D, 0xAA, 0xDC, 0xFA, 0x32, 0x0D, 0x6E, 0xF3, 0x36, 0x6D, 0xA9, 0xB5, 0x70, 0x6A, 0xAC,
    0x05, 0x50, 0xA7, 0x6D, 0x7C, 0x39, 0x6A, 0x3B, 0x2C, 0xF2, 0x2D, 0x30, 0x32, 0x51, 0xA6, 0xCD,
    0x2A, 0xBD, 0x84, 0x5D, 0x6F, 0x8C, 0x39, 0xF7, 0x28, 0x46, 0x44, 0x74, 0xC8, 0xD0, 0xDE, 0xF1,
    0xBD, 0xA7, 0xC2, 0x12, 0x61, 0xD6, 0xF0, 0xAD, 0xE5, 0xF7, 0xEE, 0xA2, 0xE9, 0x6F, 0x98, 0xDA,
    0x20, 0x90, 0xCF, 0xB9, 0xDC, 0xEE, 0xD5, 0x78, 0x03, 0xC2, 0x77, 0xCD, 0x5E, 0x88, 0x9E, 0x9C,
    0x51, 0x04, 0x33, 0x22, 0x7C, 0x12, 0x85, 0x33, 0x18, 0x36, 0x26, 0x73, 0xB2, 0xDF, 0x0A, 0xE1,
    0xE2, 0x6B, 0xB0, 0x73, 0xE0, 0x00, 0x29, 0x0D, 0x9B, 0xA3, 0xB5, 0xD3, 0x46, 0x28, 0xE6, 0x8D,
    0x90, 0xD2, 0x46, 0x88, 0xA9, 0x31, 0x41, 0xFB, 0x66, 0x13, 0x60, 0x3C, 0x37, 0xA1, 0x1D, 0x36,
    0x42, 0xED, 0x37, 0x42, 0x79, 0x28, 0x84, 0x8D, 0x50, 0xB2, 0xB0, 0x35, 0x94, 0x6C, 0xAC, 0x25,
    0xB3, 0xAB, 0xF9, 0xE3, 0x50, 0x70, 0x5B, 0xAF, 0xBB, 0xAB, 0x84, 0xB6, 0x07, 0xB9, 0x05, 0x8B,
    0x81, 0xA9, 0x7C, 0xCD, 0xEB, 0xD0, 0x65, 0xC8, 0xC4, 0x62, 0xF3, 0x13, 0x34, 0x2C, 0xBC, 0x78,
    0xDB, 0x38, 0x33, 0xD7, 0x8E, 0x10, 0x52, 0x58, 0x5A, 0xD6, 0x10, 0xA3, 0x65, 0x6F, 0x87, 0x64,
    0xD0, 0xAD, 0xE1, 0x05, 0xCF, 0x63, 0xD3, 0xF2, 0xD8, 0x00, 0x73, 0x7A, 0x47, 0xDB, 0x1D, 0xA2,
    0x20, 0xAC, 0x69, 0x67, 0xD3, 0x47, 0x44, 0x75, 0x42, 0x05, 0x4A, 0x15, 0xE8, 0xF2, 0x16, 0x79,
    0x50, 0x5D, 0x06, 0x81, 0x26, 0xB4, 0xD2, 0x1D, 0x55, 0xA0, 0x52, 0x8B, 0x46, 0xDB, 0x7E, 0xA5,
    0xF5, 0x60, 0xD4, 0x3C, 0x33, 0x72, 0xA5, 0xAD, 0xE7, 0x37, 0x0A, 0x7B, 0x9A, 0x61, 0x2A, 0xEF,
    0x89, 0xC8, 0xF3, 0xAC, 0x6E, 0x9F, 0x3A, 0x94, 0xAB, 0xE8, 0xF0, 0x10, 0xFD, 0x0F, 0x70, 0x23,
    0x54, 0xE7, 0xBD, 0x56, 0x69, 0xA2, 0xC1, 0x38, 0x48, 0x55, 0xB1, 0x23, 0x1B, 0xF9, 0x58, 0x82,
    0x72, 0xF4, 0xDD, 0xD6, 0x6F, 0xB2, 0x4B, 0x30, 0x22, 0x52, 0x6E, 0x5B, 0x10, 0x1A, 0x8A, 0x0D,
    0xF4, 0x35, 0x73, 0xD1, 0x3F, 0x1F, 0xAD, 0x31, 0x7C, 0x6D, 0xA3, 0xA5, 0xC5, 0x54, 0x7C, 0x9B,
    0x48, 0x21, 0x26, 0x16, 0x26, 0x55, 0xEB, 0xE6, 0x62, 0xB0, 0x98, 0x39, 0x83, 0x3B, 0xF5, 0xC8,
    0x17, 0xA9, 0x6F, 0xC0, 0x8E, 0xAA, 0x62, 0x42, 0xB2, 0x20, 0xB5, 0xBC, 0xA4, 0x12, 0xD0, 0xC8,
    0x16, 0x96, 0x85, 0x39, 0x93, 0xD9, 0xA5, 0x04, 0x92, 0x08, 0xC9, 0xC3, 0x63, 0x93, 0xC9, 0xE5,
    0x33, 0x93, 0x62, 0xC2, 0x71, 0x8A, 0x80, 0x23, 0x67, 0x81, 0xC5, 0x6C, 0xC6, 0x61, 0x59, 0x5C,
    0x24, 0x61, 0x65, 0xD0, 0x48, 0xA3, 0xAE, 0x1C, 0xE5, 0x76, 0xA8, 0xAF, 0xCD, 0x3C, 0x87, 0xDC,
    0x62, 0xE5, 0x7B, 0x92, 0x96, 0x71, 0x86, 0xDF, 0x73, 0xC2, 0xDB, 0xA8, 0xAD, 0x99, 0x8B, 0xBC,
    0x1B, 0x60, 0x4D, 0xB8, 0xE3, 0x25, 0x73, 0x51, 0x4A, 0x56, 0x39, 0xC7, 0xFB, 0xB9, 0xD2, 0x35,
    0x42, 0x4F, 0x23, 0xF6, 0x52, 0xAD, 0xE2, 0x7A, 0x79, 0x49, 0xA3, 0x39, 0xAC, 0x0A, 0x2D, 0xDD,
    0x08, 0x5A, 0xE1, 0xA8, 0x93, 0x79, 0xF6, 0x43, 0xE1, 0x9C, 0x4E, 0x4D, 0xE9, 0x39, 0xEB, 0x48,
    0xCF, 0x50, 0x95, 0x43, 0x29, 0x69, 0x39, 0x7D, 0x39, 0xC4, 0x0C, 0x35, 0x43, 0x3E, 0x96, 0x0F,
    0x43, 0x31, 0x96, 0x9E, 0xC1, 0x17, 0x9C, 0x9B, 0x82, 0x23, 0x9B, 0x23, 0x6A, 0xCA, 0x21, 0x9B,
    0xE4, 0x60, 0x69, 0x70, 0x75, 0x2F, 0x1B, 0x6A, 0x96, 0xBF, 0x90, 0x50, 0x43, 0x3E, 0x9F, 0xAB,
    0xCF, 0x52, 0x9A, 0xB0, 0x8F, 0xE5, 0x5F, 0x57, 0x13, 0x2B, 0x71, 0x32, 0xBA, 0x1D, 0x96, 0x26,
    0xD7, 0x6E, 0xFD, 0xBA, 0x46, 0x3D, 0xFD, 0x5D, 0x47, 0x5E, 0x53, 0x51, 0x07, 0xF1, 0x5C, 0xCC,
    0x39, 0x57, 0xC3, 0x88, 0x1D, 0xF4, 0xCD, 0xFE, 0xE1, 0x52, 0xA8, 0x00, 0x8A, 0x1F, 0xE9, 0x81,
    0x86, 0x3D, 0x95, 0xED, 0xAC, 0x40, 0x0A, 0xED, 0x16, 0x90, 0xF9, 0x9A, 0x16, 0x05, 0xDC, 0x70,
    0xEF, 0xDC, 0x27, 0x25, 0xDC, 0x69, 0x57, 0x49, 0xC4, 0x64, 0xA3, 0xF9, 0xD4, 0x1D, 0xC1, 0x16,
    0x45, 0x61, 0x0D, 0x77, 0xCA, 0xDF, 0xD1, 0x51, 0x65, 0xA3, 0x65, 0xD5, 0xBB, 0xA9, 0x31, 0x9D,
    0x16, 0x5E, 0x61, 0xD6, 0x6D, 0x6E, 0xF0, 0xED, 0x6C, 0xFB, 0xD0, 0x9C, 0x6A, 0xA9, 0x48, 0xCB,
    0x05, 0x56, 0xBA, 0x87, 0xE2, 0xE2, 0x18, 0xCB, 0x26, 0x08, 0x16, 0xC0, 0x1C, 0x98, 0x35, 0x13,
    0xD0, 0xDE, 0x9C, 0x4F, 0x1F, 0xEE, 0x80, 0x37, 0x69, 0x34, 0x63, 0xA4, 0x37, 0x44, 0x5F, 0x7C,
    0xE0, 0x1F, 0x91, 0x01, 0x53, 0x60, 0x7C, 0x80, 0x3B, 0x60, 0x74, 0x19, 0xC2, 0x36, 0x8B, 0xBC,
    0xAB, 0x04, 0xF8, 0xE9, 0x9D, 0xE5, 0xB4, 0xED, 0x34, 0x21, 0x69, 0x17, 0x18, 0x32, 0x85, 0xB4,
    0x9B, 0x18, 0x92, 0x5E, 0x20, 0xEE, 0xD1, 0x27, 0x7D, 0xA4, 0x90, 0x01, 0xD0, 0x90, 0xE8, 0x35,
    0xAC, 0x51, 0x2A, 0xC0, 0x76, 0x31, 0x07, 0xA8, 0x15, 0x4A, 0x85, 0x62, 0x0F, 0xF2, 0xCB, 0x20,
    0x53, 0x78, 0x46, 0x0C, 0x58, 0x6F, 0x38, 0x6E, 0x82, 0xA2, 0xF6, 0xE0, 0xE3, 0xDF, 0xE4, 0x3C,
    0x58, 0x5F, 0x15, 0x55, 0x2E, 0xA6, 0x75, 0xAE, 0x46, 0x82, 0x7B, 0xA8, 0xBB, 0xAD, 0xF3, 0x78,
    0xDB, 0xFA, 0x8D, 0x00, 0x5B, 0x70, 0x3C, 0xE2, 0xC9, 0x26, 0x1E, 0x43, 0x63, 0xD6, 0x5B, 0xFA,
    0x9E, 0x06, 0x1D, 0x51, 0x69, 0x37, 0xF9, 0xB6, 0xD9, 0x3E, 0x83, 0xA5, 0xAD, 0x1A, 0x2D, 0x5B,
    0x15, 0x9E, 0x14, 0xFD, 0xB0, 0x57, 0x52, 0xFF, 0xBC, 0xB9, 0x3A, 0x37, 0xD5, 0x47, 0x4E, 0x72,
    0x3A, 0x48, 0x44, 0x59, 0x62, 0xC2, 0x6D, 0xA4, 0xD5, 0xCD, 0x95, 0x1B, 0x96, 0x32, 0xA2, 0xEE,
    0x65, 0xD9, 0x63, 0xEB, 0x0C, 0x7B, 0x6C, 0x0D, 0x5C, 0x23, 0x6A, 0x92, 0x16, 0xE4, 0x1F, 0xF4,
    0xDB, 0x3D, 0xB6, 0x14, 0x5F, 0xDD, 0x58, 0x49, 0xB2, 0xA0, 0x75, 0x9A, 0x42, 0x3D, 0x99, 0x2C,
    0x96, 0x47, 0x4C, 0x8D, 0x84, 0x9C, 0x53, 0xB7, 0xD7, 0x00, 0x1A, 0x4B, 0x22, 0x96, 0x55, 0x48,
    0xC0, 0x85, 0x59, 0xD2, 0x73, 0x8A, 0xFE, 0x15, 0xCC, 0x6E, 0x6D, 0x28, 0x9D, 0x0E, 0xF2, 0x54,
    0xF9, 0xAB, 0xF2, 0x54, 0x3D, 0x05, 0xDC, 0xBE, 0xDD, 0xF7, 0xB7, 0xC1, 0x10, 0xC0, 0x5F, 0xB7,
    0xB6, 0x17, 0x1D, 0xBD, 0xBC, 0x1C, 0xDD, 0xC2, 0xFD, 0xD1, 0xB8, 0x92, 0x27, 0x6D, 0x72, 0x9F,
    0xB5, 0x3D, 0x74, 0x79, 0x61, 0x83, 0xD7, 0x8E, 0xE8, 0xB5, 0x17, 0x9F, 0x72, 0xDB, 0xFB, 0xC6,
    0xE9, 0x9B, 0x6A, 0x96, 0x6B, 0x69, 0xD6, 0x2C, 0xD1, 0x37, 0x75, 0xBB, 0x1E, 0xD3, 0x65, 0x32,
    0x09, 0xCE, 0x32, 0x2B, 0x60, 0x7E, 0x94, 0x0E, 0x68, 0x69, 0xB9, 0xDE, 0xBF, 0xB7, 0x71, 0x7E,
    0x44, 0xBB, 0x2A, 0x42, 0x64, 0x7D, 0x78, 0x6C, 0xF7, 0xFA, 0x47, 0xE6, 0x73, 0xF5, 0x63, 0xBB,
    0x4B, 0x52, 0x74, 0xED, 0x0C, 0x52, 0x06, 0x90, 0x7C, 0x6D, 0x06, 0x04, 0x92, 0xDB, 0xBD, 0x95,
    0xD4, 0x2B, 0x99, 0x2D, 0xD8, 0x75, 0xC2, 0xE4, 0x2E, 0xF1, 0x05, 0x4E, 0xDA, 0x5B, 0x86, 0xE8,
    0x06, 0xC3, 0x44, 0x6D, 0x75, 0x31, 0xC3, 0x7C, 0x15, 0x9B, 0xF9, 0x2A, 0x31, 0x13, 0x66, 0xD6,
    0xE3, 0xB4, 0x65, 0x87, 0xD3, 0xB6, 0x9D, 0x06, 0xF1, 0x25, 0x62, 0x8E, 0x91, 0x3A, 0xA2, 0x8A,
    0x2B, 0xCF, 0xAF, 0xC4, 0x96, 0x57, 0x20, 0xAE, 0x36, 0x92, 0x1B, 0xC9, 0x8C, 0x24, 0x46, 0xE2,
    0x87, 0xC8, 0xEE, 0x21, 0x12, 0x19, 0x71, 0x27, 0xBC, 0xA8, 0x6E, 0xC5, 0x56, 0xCF, 0xE7, 0x9D,
    0x39, 0xB8, 0xE5, 0xD6, 0x4D, 0xFA, 0x11, 0xDB, 0x5C, 0x55, 0x23, 0x94, 0x9F, 0x23, 0x22, 0x83,
    0x12, 0xAF, 0xCD, 0xD3, 0x9A, 0x65, 0xA1, 0x37, 0xEF, 0x9F, 0x83, 0x4E, 0x07, 0xD5, 0xB3, 0x6D,
    0x76, 0x5B, 0x6D, 0x73, 0x3B, 0x40, 0x46, 0x14, 0xE9, 0xCF, 0xF1, 0xFD, 0x1F, 0xA0, 0x36, 0x91,
    0x42, 0xE9, 0x15, 0x28, 0x13, 0x30, 0xE1, 0x34, 0x1D, 0x65, 0xDA, 0x6B, 0x40, 0x5F, 0xDE, 0x61,
    0xAB, 0x02, 0xC6, 0x8E, 0x13, 0x9A, 0xCB, 0x76, 0x81, 0x44, 0x14, 0x71, 0xC3, 0x03, 0xE2, 0xD4,
    0x40, 0x57, 0x02, 0x73, 0x60, 0x06, 0x4C, 0x81, 0xC9, 0x01, 0xC6, 0x57, 0xE0, 0xAE, 0x39, 0x95,
    0xF2, 0x3C, 0x2B, 0x62, 0x49, 0xCA, 0x1F, 0xF0, 0x83, 0x52, 0xDA, 0x1C, 0xD3, 0x72, 0x4B, 0xF6,
    0xB0, 0x69, 0x65, 0x4A, 0xCB, 0x0B, 0x41, 0xEC, 0xD0, 0x1D, 0x98, 0xE6, 0x17, 0x34, 0x3B, 0xA4,
    0xD3, 0x4A, 0x6D, 0x86, 0xF2, 0x9B, 0x4A, 0x73, 0xA5, 0x83, 0xAC, 0x59, 0xB9, 0xB2, 0xD9, 0xBA,
    0x57, 0x10, 0x8A, 0xDF, 0x52, 0x94, 0xEB, 0xA0, 0xDA, 0x1A, 0x2F, 0xCB, 0xC2, 0x97, 0x5E, 0xD0,
    0xF8, 0x52, 0xBA, 0xBB, 0xA0, 0xD1, 0xA5, 0xD4, 0x6D, 0xE8, 0xEB, 0x2D, 0x91, 0xA6, 0x09, 0x18,
    0x49, 0x18, 0x0F, 0xAF, 0xF4, 0xD3, 0xF6, 0xC1, 0x1D, 0x7F, 0x83, 0x96, 0x5B, 0x1C, 0xC0, 0x95,
    0x78, 0xEE, 0xAD, 0xC2, 0x39, 0x8B, 0x47, 0x57, 0x7A, 0x61, 0x3B, 0x61, 0xD3, 0x39, 0x8B, 0x56,
    0xE6, 0x84, 0x39, 0x66, 0xEE, 0x93, 0xC2, 0xEA, 0x95, 0xB5, 0xC2, 0x46, 0xE7, 0x38, 0xF4, 0xE7,
    0xE8, 0xA8, 0x5E, 0x6E, 0xB9, 0x9A, 0xB4, 0x4C, 0x1B, 0x86, 0x52, 0xAF, 0x2C, 0x5B, 0x59, 0xBC,
    0xB2, 0xDD, 0xCA, 0xA2, 0x95, 0xB9, 0x27, 0x67, 0x5F, 0x3F, 0xD5, 0x71, 0xE5, 0xF4, 0xDF, 0x13,
    0x69, 0x9F, 0x19, 0x38, 0x7A, 0x53, 0x77, 0x10, 0xD4, 0x39, 0x4D, 0x30, 0xC7, 0xC8, 0xD1, 0x6E,
    0xCD, 0x7F, 0xA4, 0x64, 0x04, 0x91, 0xE1, 0xA1, 0xF5, 0xF0, 0x70, 0x27, 0x0F, 0x65, 0x26, 0x79,
    0x24, 0x46, 0xD3, 0x2A, 0x25, 0xEA, 0x85, 0x5C, 0xA7, 0x77, 0xD6, 0x15, 0xD7, 0xD3, 0x23, 0xE3,
    0xC1, 0xB3, 0xD8, 0xC1, 0x89, 0x07, 0x41, 0x08, 0x2B, 0x51, 0x6A, 0x24, 0x33, 0x12, 0x1B, 0x89,
    0x8C, 0xB8, 0x95, 0xDC, 0x33, 0xF2, 0x8A, 0x91, 0xAF, 0x5C, 0x4D, 0x7E, 0x97, 0xC7, 0x13, 0xD6,
    0x2C, 0xD4, 0xFA, 0xA2, 0x84, 0x2F, 0xD2, 0x72, 0xEB, 0x06, 0xD1, 0x8B, 0xA2, 0xE9, 0x2D, 0xA7,
    0xCD, 0x3E, 0xD0, 0xC3, 0x13, 0xA2, 0xBF, 0xC0, 0x9A, 0xB9, 0x85, 0x18, 0xD0, 0x29, 0x69, 0x9D,
    0xD3, 0x52, 0x78, 0x4D, 0xE2, 0xC8, 0xE8, 0x7E, 0xEF, 0x27, 0xE6, 0xA2, 0xFC, 0xD8, 0x88, 0x11,
    0x3F, 0xA2, 0xE5, 0x45, 0x28, 0x29, 0x83, 0x21, 0xBE, 0x08, 0x4C, 0x81, 0xF1, 0xD5, 0x8E, 0x60,
    0x8F, 0x76, 0x0C, 0x7B, 0xCC, 0x66, 0x3D, 0x59, 0xB3, 0xF6, 0x1F, 0x82, 0x84, 0x7D, 0x52, 0xBE,
    0x0F, 0x99, 0x40, 0x8A, 0x00, 0x92, 0x51, 0x15, 0x60, 0x15, 0x3A, 0x9B, 0xEF, 0x58, 0xB3, 0x26,
    0x42, 0xB3, 0x5E, 0xD0, 0xAC, 0x97, 0x8A, 0x89, 0xDC, 0xEB, 0xD3, 0x21, 0x0E, 0xE4, 0x8A, 0x66,
    0x1D, 0x56, 0x82, 0x5D, 0xD6, 0x2B, 0xC2, 0x74, 0x9D, 0x83, 0x75, 0x79, 0xBA, 0xBE, 0x23, 0x9D,
    0x2B, 0xAC, 0xBB, 0xC4, 0x53, 0xF3, 0x28, 0x2C, 0xF7, 0xB1, 0x03, 0xF6, 0x8A, 0xAD, 0x57, 0x2C,
    0x97, 0xFA, 0xD8, 0xD4, 0x06, 0x8C, 0x3B, 0xA2, 0x07, 0x8C, 0xEE, 0x46, 0x1B, 0x09, 0xBA, 0xF2,
    0x11, 0xF8, 0xF7, 0x80, 0xE6, 0x4E, 0xEC, 0xF2, 0x35, 0x05, 0x25, 0x35, 0x86, 0xB6, 0x49, 0x1C,
    0xFC, 0x9A, 0x6C, 0x73, 0xB8, 0x8D, 0x6F, 0x32, 0x86, 0x4D, 0x25, 0xD3, 0x53, 0x23, 0xD7, 0xDE,
    0xAC, 0x84, 0x5C, 0x27, 0x9A, 0x84, 0xD4, 0xAB, 0x9A, 0xE4, 0xC1, 0x1D, 0xEA, 0x99, 0x9C, 0x21,
    0x96, 0x40, 0xAA, 0x63, 0x5C, 0xAD, 0x5A, 0x20, 0x79, 0x00, 0xC9, 0x3E, 0x12, 0x12, 0x40, 0xCA,
    0xA0, 0x0E, 0x37, 0x6A, 0xDE, 0x6A, 0xE1, 0x24, 0x58, 0x12, 0xD1, 0x86, 0x68, 0x1B, 0x32, 0x8C,
    0x0E, 0xB5, 0x5E, 0xC5, 0x93, 0xE3, 0x17, 0x14, 0x73, 0x1A, 0x04, 0x5B, 0x9A, 0x19, 0x7F, 0xA1,
    0x75, 0x54, 0xFC, 0x52, 0xF7, 0xDB, 0x2F, 0x48, 0xC7, 0xD1, 0x62, 0xB6, 0x51, 0x02, 0x68, 0x21,
    0x5A, 0x5C, 0x69, 0xA3, 0xF2, 0x8F, 0x0F, 0x91, 0xE7, 0x2E, 0xA8, 0x7B, 0x4E, 0xBE, 0x54, 0x3C,
    0x99, 0xE1, 0xC6, 0x67, 0xE8, 0x0E, 0xED, 0x35, 0x27, 0xCA, 0x6A, 0x6B, 0x82, 0x31, 0x9D, 0x1D,
    0xC3, 0x5F, 0x6A, 0xB1, 0xAC, 0x2D, 0x25, 0x8E, 0xAB, 0xD3, 0xB7, 0x2C, 0xD8, 0xEC, 0x3F, 0x5D,
    0xA0, 0x43, 0xD0, 0xA9, 0x7B, 0x4A, 0xBA, 0x8E, 0xB0, 0x9D, 0x63, 0xA8, 0x49, 0x1A, 0x9B, 0x00,
    0x96, 0x7D, 0x01, 0x56, 0x77, 0x38, 0x54, 0xBF, 0xC7, 0x46, 0x5D, 0x4A, 0xD4, 0x83, 0xB1, 0x72,
    0x69, 0x1F, 0xC8, 0x34, 0x71, 0xC8, 0x08, 0x65, 0x88, 0x5A, 0x63, 0xCE, 0xD5, 0xF7, 0x8F, 0xB8,
    0xA0, 0x7D, 0x6A, 0xD9, 0xB0, 0xE9, 0x61, 0x56, 0x04, 0x63, 0xB9, 0x31, 0xD3, 0x49, 0xE0, 0xEA,
    0x0F, 0x3D, 0x3E, 0x90, 0x68, 0x7A, 0x4D, 0x31, 0xF6, 0x77, 0x98, 0xD5, 0x01, 0x59, 0x32, 0x54,
    0xAF, 0x8F, 0xF4, 0x5E, 0xAB, 0xBE, 0xA2, 0xC5, 0x32, 0x05, 0x9B, 0x51, 0xD8, 0x6E, 0x14, 0x20,
    0xD7, 0xEC, 0x14, 0xB3, 0x55, 0xBB, 0xEA, 0x04, 0xDE, 0x6D, 0xA1, 0x33, 0xC8, 0x66, 0x73, 0x5A,
    0x73, 0xD7, 0x2A, 0xDD, 0x19, 0xA2, 0xE8, 0x4A, 0xAF, 0x35, 0x57, 0xF7, 0x82, 0x4D, 0xDB, 0xA9,
    0xCC, 0xD8, 0xF6, 0x75, 0x4F, 0x82, 0xB6, 0x37, 0x60, 0x0A, 0x74, 0x2D, 0x10, 0x2B, 0xAF, 0x87,
    0xB1, 0x35, 0x34, 0x9D, 0xCD, 0xB0, 0x7D, 0x79, 0xE0, 0xC0, 0x8B, 0x89, 0x44, 0x5E, 0xA9, 0x5B,
    0x66, 0xAB, 0x23, 0xE8, 0x1D, 0xCB, 0xAD, 0x3B, 0xE1, 0xFE, 0x1B, 0xBD, 0x51, 0x1E, 0x59, 0x3F,
    0xCE, 0x36, 0xF6, 0x59, 0x1B, 0x83, 0x93, 0x64, 0x64, 0x8F, 0x40, 0xF5, 0x30, 0x87, 0x97, 0x93,
    0x8D, 0x0F, 0x2F, 0x9A, 0x92, 0x95, 0xC5, 0xC3, 0xFB, 0xB2, 0xDE, 0x58, 0xD4, 0x7C, 0x2A, 0xDB,
    0x71, 0xF1, 0xB8, 0xED, 0x38, 0xB5, 0x34, 0xB5, 0x2C, 0x6E, 0xD7, 0x9D, 0x45, 0xBF, 0x1F, 0x20,
    0x95, 0x19, 0x36, 0x8F, 0x87, 0xD7, 0x2B, 0x8D, 0x79, 0xE1, 0x81, 0x4B, 0x46, 0xF9, 0x72, 0x86,
    0x83, 0xF8, 0xF4, 0x31, 0xFD, 0xD3, 0xF1, 0x34, 0xC2, 0x86, 0xCF, 0xEB, 0x94, 0xA3, 0x42, 0x7A,
    0x56, 0x55, 0x9F, 0xE0, 0xFE, 0x70, 0xC7, 0xF9, 0x60, 0x42, 0xE9, 0x51, 0x97, 0xA8, 0xCD, 0x7A,
    0x30, 0x21, 0xA3, 0xB7, 0xEC, 0x29, 0x58, 0xB0, 0xA8, 0x95, 0x1B, 0xA7, 0xB7, 0xDC, 0xFB, 0x16,
    0xF6, 0x7C, 0x6B, 0xD8, 0xFB, 0xAD, 0x3A, 0xFF, 0xA8, 0x58, 0x0B, 0x9B, 0x11, 0x51, 0x93, 0x13,
    0x35, 0x3C, 0xDF, 0x14, 0x7F, 0xD1, 0xEB, 0x34, 0x9B, 0x6F, 0x4D, 0xA3, 0x4E, 0x03, 0x89, 0x6D,
    0x2B, 0x40, 0x58, 0xD0, 0xC4, 0x64, 0x21, 0x1B, 0xAD, 0x0A, 0xD8, 0xAE, 0xAF, 0x63, 0x01, 0x3A,
    0xA1, 0x6C, 0x60, 0x01, 0x99, 0x4F, 0x92, 0x51, 0x84, 0x1A, 0xC1, 0x1E, 0x22, 0xE0, 0x45, 0x21,
    0x16, 0xE2, 0xD1, 0xA2, 0xB2, 0x74, 0xBB, 0x35, 0xE8, 0x98, 0x62, 0x5A, 0xAB, 0x27, 0xF5, 0x6C,
    0xEC, 0x5E, 0x17, 0xC3, 0xE7, 0x02, 0x29, 0xD7, 0xB7, 0x74, 0x4D, 0xDA, 0xCE, 0xDC, 0xAA, 0xA7,
    0x58, 0xDE, 0xA2, 0xB7, 0xC8, 0x5A, 0x26, 0xFF, 0xA6, 0xC5, 0x79, 0x48, 0x8E, 0x16, 0x50, 0x85,
    0x72, 0x9E, 0xC5, 0xAC, 0xCA, 0x31, 0x99, 0x36, 0x33, 0xD3, 0x6B, 0x83, 0x17, 0xEF, 0xCC, 0xC2,
    0x0E, 0x7D, 0xA7, 0xDE, 0x02, 0x79, 0x3D, 0x98, 0xDE, 0x9C, 0xF6, 0xA0, 0xB8, 0x6D, 0xDD, 0xAF,
    0x13, 0x15, 0xA2, 0xFD, 0x68, 0xA5, 0x55, 0x45, 0x1D, 0xD4, 0xB5, 0x04, 0xD5, 0x5E, 0x19, 0x54,
    0x70, 0x34, 0xEA, 0xBF, 0x54, 0xA6, 0xC6, 0xB3, 0x3A, 0x41, 0x1D, 0xAB, 0x56, 0xB3, 0x69, 0x39,
    0x20, 0x0C, 0xFB, 0x8B, 0x4C, 0xED, 0x3B, 0x0E, 0x82, 0xBB, 0x33, 0x99, 0xF3, 0x90, 0x99, 0x73,
    0x17, 0x65, 0xB4, 0x26, 0x94, 0xA5, 0xCA, 0x26, 0xC7, 0xEC, 0x32, 0x80, 0xEF, 0x3D, 0xB8, 0x33,
    0x2B, 0xCB, 0x89, 0x46, 0x4B, 0xDE, 0xF7, 0xA6, 0x7B, 0x64, 0x69, 0x69, 0xCA, 0x64, 0x3B, 0xF3,
    0xD0, 0xEA, 0x0E, 0x09, 0x25, 0xCD, 0x39, 0xFD, 0xE8, 0x1A, 0xD1, 0xAD, 0x9B, 0xF4, 0x8E, 0xEC,
    0x45, 0xAE, 0x0A, 0xCF, 0xB2, 0xE3, 0x29, 0x59, 0x3C, 0x69, 0x2B, 0x1F, 0x35, 0x97, 0xAF, 0x67,
    0xC6, 0xCF, 0x34, 0x0A, 0xAB, 0xC7, 0xF5, 0xDB, 0xCC, 0xEE, 0x31, 0x2B, 0x57, 0x9F, 0xEB, 0xAC,
    0x33, 0xA7, 0xEB, 0x74, 0xC8, 0x47, 0xB4, 0xA8, 0x55, 0x57, 0x55, 0xA8, 0xBA, 0x44, 0xA3, 0xB9,
    0x1F, 0xDC, 0xD1, 0x96, 0xD8, 0xE7, 0x23, 0xB6, 0xC2, 0xE0, 0xDF, 0xEA, 0xF8, 0x55, 0xC1, 0x09,
    0x3B, 0x21, 0x3E, 0x07, 0xF5, 0xEA, 0xBB, 0x3E, 0x62, 0xBD, 0xCB, 0x4C, 0x57, 0xD0, 0xCC, 0xF8,
    0x7D, 0xA5, 0x81, 0xAF, 0x39, 0xD3, 0x87, 0x5E, 0x4E, 0x0C, 0x12, 0x4F, 0xC2, 0x83, 0xE6, 0xA8,
    0x7E, 0x8B, 0xE2, 0x76, 0x3D, 0x28, 0x4B, 0xE9, 0x93, 0x18, 0x55, 0xF7, 0xAE, 0x12, 0xAD, 0x22,
    0x25, 0xD4, 0x30, 0x59, 0x8E, 0x8E, 0xD7, 0x2C, 0x10, 0xED, 0x02, 0x92, 0x5D, 0x6C, 0x58, 0xDA,
    0x2B, 0x71, 0xAD, 0x07, 0x29, 0xC7, 0x2B, 0x97, 0x1F, 0xE9, 0x0C, 0x92, 0x2C, 0x46, 0x08, 0x24,
    0x66, 0x12, 0x40, 0x4A, 0x10, 0xEE, 0x06, 0x99, 0xA0, 0xA2, 0x40, 0xF4, 0x57, 0x7B, 0x49, 0xC6,
    0xB7, 0x29, 0xE0, 0x75, 0xD8, 0x53, 0x52, 0x3B, 0x1C, 0x9E, 0x6C, 0xEF, 0x58, 0x26, 0xED, 0xC0,
    0xA4, 0x81, 0x6E, 0x9C, 0x06, 0x0C, 0xF8, 0xED, 0x72, 0xD4, 0x06, 0x6B, 0x29, 0xC3, 0x7E, 0x47,
    0x79, 0x6D, 0x9B, 0xD2, 0x0C, 0x3B, 0xFB, 0x2E, 0x66, 0x5C, 0x69, 0x9E, 0x25, 0xDE, 0xE2, 0x83,
    0x3A, 0x7E, 0x68, 0xC9, 0x59, 0x2D, 0x71, 0x28, 0x59, 0x9F, 0x09, 0x16, 0x4D, 0xE2, 0x18, 0xEB,
    0xFD, 0x78, 0x93, 0xDD, 0xA8, 0x98, 0x0C, 0x8A, 0x59, 0x27, 0x78, 0xD6, 0x7E, 0xD7, 0x5A, 0xED,
    0x00, 0x5C, 0x18, 0xE7, 0xEA, 0xA6, 0xC5, 0x30, 0xB5, 0x5E, 0x31, 0x0F, 0x8A, 0xE9, 0xA2, 0x18,
    0x93, 0x22, 0xDF, 0x19, 0xA3, 0xA3, 0x6E, 0x1F, 0x5B, 0xBE, 0x3E, 0xC6, 0x9E, 0x9D, 0xD5, 0x30,
    0x84, 0x87, 0x2D, 0x1E, 0x0C, 0xD3, 0xC0, 0xAD, 0xE1, 0x2A, 0xAD, 0x9C, 0xAE, 0xBD, 0x1B, 0xB7,
    0x23, 0xF4, 0xDE, 0x5C, 0xF5, 0x72, 0xCF, 0x9B, 0x11, 0xA8, 0x58, 0x6E, 0x4B, 0xF3, 0x49, 0x6D,
    0x00, 0xD3, 0x99, 0xE4, 0x6F, 0x9D, 0x4A, 0x79, 0xC3, 0x15, 0xA6, 0xBD, 0xBC, 0xD6, 0x0A, 0x39,
    0x91, 0xF4, 0x06, 0x08, 0xA2, 0x61, 0xE2, 0xD5, 0x3E, 0xF0, 0x04, 0xA4, 0x03, 0xC9, 0x3E, 0x10,
    0xC9, 0x57, 0xD2, 0x1C, 0x92, 0x62, 0x25, 0x15, 0x48, 0xB9, 0x12, 0x07, 0x52, 0x1B, 0x69, 0x8D,
    0x2C, 0x20, 0xD1, 0x0C, 0xB2, 0x0B, 0x20, 0x89, 0x91, 0x7C, 0x54, 0xF2, 0x12, 0xC9, 0x21, 0x3C,
    0x32, 0xBD, 0xB6, 0xE3, 0x39, 0xE9, 0xD4, 0xF3, 0xB7, 0x26, 0x75, 0xAE, 0x5C, 0xCA, 0xA0, 0x64,
    0x36, 0x7F, 0xAC, 0xBB, 0x0E, 0x25, 0x1C, 0x2A, 0x76, 0xE3, 0xD1, 0x88, 0x07, 0x49, 0x8D, 0x64,
    0xC3, 0xE1, 0x4E, 0x29, 0x65, 0x77, 0x48, 0xBE, 0x51, 0x41, 0xB9, 0xDC, 0xB8, 0x16, 0x78, 0x83,
    0x4E, 0xDF, 0xA2, 0x33, 0xEE, 0x75, 0xF1, 0xCE, 0xBC, 0x0A, 0x37, 0xD3, 0xE7, 0xB4, 0x35, 0xAC,
    0xF8, 0xCA, 0x23, 0xF0, 0x1E, 0xF0, 0x2E, 0x30, 0x5C, 0x81, 0x93, 0x62, 0x04, 0xDC, 0x8D, 0x8A,
    0xB1, 0x57, 0x4C, 0x81, 0xF9, 0xA0, 0xD8, 0x76, 0x72, 0x3D, 0x5C, 0x6B, 0xDC, 0x73, 0xB7, 0xA4,
    0x0E, 0x37, 0xDC, 0x5D, 0x49, 0x30, 0xC6, 0xA4, 0x78, 0xAD, 0xDA, 0xCE, 0xF5, 0x8A, 0x4A, 0xB1,
    0x3C, 0xD8, 0xD0, 0x62, 0x06, 0x1E, 0x44, 0x99, 0x9A, 0x2E, 0x3D, 0x19, 0xF7, 0xED, 0x1B, 0xD7,
    0x4F, 0xDC, 0x87, 0x0E, 0xA5, 0xF9, 0x2C, 0x94, 0x06, 0x6C, 0xED, 0xF0, 0xAD, 0xC7, 0xDF, 0xB2,
    0xC3, 0x3E, 0x1F, 0x9D, 0xBE, 0xF5, 0xFA, 0x5B, 0xF6, 0x39, 0x3B, 0x91, 0xFB, 0xD6, 0xBA, 0xBE,
    0x20, 0xAC, 0x38, 0x36, 0x5D, 0xBF, 0x23, 0x6F, 0x8B, 0xBD, 0x76, 0xF9, 0xD3, 0xD6, 0x42, 0x6F,
    0x57, 0x03, 0xE6, 0x1D, 0xD5, 0xF3, 0xFD, 0xDA, 0x04, 0xD5, 0x80, 0xB4, 0x5E, 0x09, 0x77, 0x30,
    0x4C, 0xE4, 0xBE, 0x36, 0xE4, 0x21, 0x7B, 0x44, 0xF2, 0x30, 0x09, 0x20, 0xA9, 0x90, 0xEF, 0xC1,
    0xEA, 0x14, 0x05, 0x58, 0xC7, 0x77, 0xFC, 0xE0, 0xAC, 0xB2, 0x51, 0xD7, 0xBC, 0xA9, 0x05, 0x86,
    0x57, 0x0B, 0x03, 0x65, 0x3D, 0xF2, 0x53, 0x7A, 0x7D, 0x3E, 0x8B, 0x44, 0xAB, 0x36, 0xC1, 0x33,
    0x6B, 0x4D, 0xFA, 0x0B, 0xF6, 0xB0, 0xE1, 0x35, 0xB9, 0x2C, 0x3B, 0xE8, 0xCA, 0x8A, 0x4B, 0xF2,
    0x84, 0xD6, 0x46, 0x1C, 0x1D, 0xA6, 0xA2, 0x45, 0x57, 0x69, 0xB9, 0x28, 0x49, 0x97, 0xB0, 0x3D,
    0x72, 0x5E, 0x0E, 0x6C, 0x0E, 0xF8, 0xA2, 0xE5, 0xEE, 0xE4, 0x8B, 0x51, 0x2D, 0x82, 0x62, 0xFD,
    0x41, 0x90, 0xCB, 0x16, 0x7F, 0x7A, 0x7A, 0xFA, 0x61, 0x8E, 0x87, 0xEB, 0xD1, 0xEB, 0x1B, 0x5C,
    0x22, 0xA9, 0x92, 0xCE, 0x0E, 0x73, 0x77, 0x0E, 0xFB, 0xBA, 0x96, 0xF4, 0x40, 0xD1, 0x90, 0x5F,
    0x91, 0xB3, 0xB3, 0x05, 0x2E, 0xFB, 0x06, 0xBE, 0x38, 0xAC, 0x39, 0x54, 0x9F, 0xC4, 0xB2, 0xFA,
    0x99, 0x65, 0x95, 0x15, 0x0F, 0x42, 0x88, 0x28, 0x1C, 0x90, 0xB3, 0x4D, 0xE8, 0x82, 0x92, 0xEA,
    0x30, 0xA3, 0x6D, 0x78, 0x88, 0x4C, 0x46, 0xC6, 0x2B, 0x08, 0xB2, 0x1E, 0xFD, 0x7F, 0xED, 0x9B,
    0x3D, 0x8C, 0xE5, 0xD6, 0x75, 0xC7, 0x0F, 0xC9, 0xCC, 0x10, 0x10, 0x11, 0xD0, 0x85, 0xB4, 0x29,
    0xA6, 0x60, 0x1B, 0x6C, 0x0A, 0xF6, 0x45, 0x7C, 0x19, 0xA4, 0x4C, 0x33, 0x01, 0x76, 0x24, 0x20,
    0x5B, 0xA8, 0x49, 0x80, 0xC0, 0x2E, 0xB6, 0x07, 0xB2, 0x22, 0x9D, 0x14, 0x2E, 0x52, 0x64, 0x0A,
    0x21, 0x6D, 0x5C, 0xD8, 0x80, 0xF5, 0xB6, 0x98, 0x1E, 0xF0, 0x2E, 0x89, 0xB8, 0x70, 0x91, 0x22,
    0x04, 0xA2, 0xD4, 0x26, 0x90, 0x59, 0x04, 0x72, 0x8A, 0x50, 0x30, 0x03, 0x73, 0x46, 0x24, 0xFF,
    0x79, 0xE7, 0xE3, 0x3E, 0xBE, 0x9D, 0x87, 0xD9, 0xCC, 0x5A, 0x9A, 0x85, 0x1C, 0xEC, 0xC5, 0xBE,
    0xFB, 0xFF, 0x71, 0x1E, 0xDF, 0xFD, 0x3A, 0xE7, 0xDE, 0xCB, 0x7B, 0x44, 0x39, 0xA0, 0xCF, 0x81,
    0xB1, 0xDC, 0xEA, 0x96, 0xA7, 0x3F, 0xC0, 0x72, 0xFA, 0x00, 0x78, 0x44, 0xF5, 0x40, 0xE4, 0x46,
    0x22, 0xD7, 0x13, 0xE5, 0xFD, 0x56, 0xBB, 0x37, 0xD4, 0x7E, 0xD5, 0x92, 0x79, 0xA4, 0x18, 0x5B,
    0xCD, 0xB0, 0x01, 0x6B, 0x02, 0x2C, 0xFC, 0x7D, 0x08, 0x74, 0xAC, 0xF4, 0x47, 0x5F, 0x90, 0x28,
    0xD1, 0x9D, 0xD5, 0x8D, 0x22, 0x1F, 0x60, 0x29, 0x58, 0x4B, 0x60, 0x7A, 0x45, 0x07, 0x22, 0xD1,
    0xC6, 0xB4, 0x30, 0x55, 0xA1, 0x4F, 0x6E, 0xE8, 0xD3, 0x1B, 0xFA, 0x37, 0x37, 0xF4, 0x0F, 0x89,
    0xE8, 0xE1, 0x66, 0x53, 0x90, 0x2A, 0x39, 0xA0, 0x62, 0xAE, 0x01, 0x7A, 0x00, 0x48, 0x2D, 0xC0,
    0x4B, 0x22, 0x87, 0x56, 0x99, 0xDB, 0x0A, 0x6E, 0x6C, 0x88, 0x99, 0x88, 0xB2, 0x9A, 0x39, 0xFA,
    0x4A, 0xF8, 0x9F, 0xB8, 0xF1, 0xF1, 0x7F, 0x09, 0xFF, 0x03, 0xB7, 0x37, 0xF9, 0x17, 0xE1, 0xBF,
    0xE7, 0x3C, 0x55, 0xFE, 0xE1, 0x22, 0x7F, 0x11, 0xFE, 0x3B, 0x70, 0x8F, 0x13, 0xE1, 0xBF, 0x45,
    0xB1, 0xE3, 0x1F, 0x70, 0x23, 0x9E, 0x2A, 0x57, 0xDC, 0x88, 0xC9, 0xB8, 0x6E, 0x89, 0x46, 0x63,
    0xD7, 0x53, 0x38, 0xAC, 0x1C, 0xF5, 0xC6, 0xD9, 0x48, 0x71, 0x67, 0x9C, 0x4E, 0x94, 0xB4, 0xC6,
    0x5B, 0x49, 0x1B, 0xE3, 0x78, 0xD9, 0x66, 0xC6, 0x11, 0x28, 0x27, 0xE3, 0x10, 0x85, 0xF3, 0x1C,
    0xA0, 0x7A, 0xEA, 0x99, 0xD0, 0x4C, 0x3B, 0xAE, 0xDB, 0x95, 0xDD, 0x97, 0xC3, 0xCA, 0xBF, 0xEE,
    0x77, 0x9C, 0x7D, 0xD5, 0xED, 0x38, 0x45, 0xBB, 0xE3, 0x04, 0x8D, 0x71, 0x43, 0x31, 0x2A, 0x65,
    0xD7, 0x50, 0x84, 0x82, 0x52, 0x10, 0x05, 0x18, 0x28, 0x04, 0xD1, 0x13, 0x9C, 0xB3, 0x2D, 0x8A,
    0x60, 0xA1, 0x18, 0x40, 0xC3, 0x4C, 0x93, 0x70, 0x45, 0xBB, 0x94, 0x15, 0x2B, 0xBB, 0x15, 0xA9,
    0xDC, 0xE3, 0x17, 0x7B, 0x3C, 0xAF, 0x18, 0x4C, 0x2B, 0x47, 0xE3, 0xCA, 0xF1, 0xB0, 0x72, 0xD2,
    0xAF, 0x9C, 0xEE, 0xF1, 0x7B, 0xE7, 0x04, 0x0C, 0xE2, 0x02, 0x68, 0xD4, 0x31, 0x23, 0xA0, 0x7D,
    0x2C, 0x94, 0x60, 0x2E, 0x02, 0x2C, 0xFC, 0x13, 0x74, 0xE6, 0x30, 0x19, 0xDB, 0x50, 0x5A, 0xEE,
    0x98, 0x66, 0xCE, 0x3E, 0xA9, 0xD9, 0xAE, 0xEC, 0x55, 0xCF, 0x85, 0x78, 0x42, 0x4D, 0x42, 0x6E,
    0xA0, 0x70, 0x10, 0xCA, 0x47, 0x8A, 0x7A, 0xA1, 0x74, 0xA2, 0xB8, 0x53, 0x5A, 0x28, 0x6D, 0x84,
    0x62, 0x50, 0x56, 0x09, 0x45, 0x28, 0x72, 0x12, 0x0A, 0xD0, 0x38, 0x25, 0x42, 0xFB, 0xDC, 0xA8,
    0xEE, 0x26, 0x23, 0xF7, 0xE5, 0x68, 0x94, 0x7F, 0xD5, 0x1B, 0x65, 0xE8, 0x8C, 0x52, 0x34, 0x46,
    0xF1, 0x96, 0xD0, 0x50, 0xB0, 0x88, 0x61, 0xD0, 0xB1, 0xAD, 0x42, 0x6C, 0xF3, 0x2B, 0xE2, 0xFE,
    0xCE, 0x54, 0x03, 0x1D, 0xD3, 0xCF, 0x98, 0xDA, 0xDD, 0x80, 0x35, 0x9E, 0x52, 0x25, 0x35, 0xBA,
    0x25, 0x57, 0x1C, 0xDA, 0xAA, 0xDE, 0xD1, 0xE2, 0x21, 0x98, 0x3D, 0x45, 0xD3, 0xA1, 0x85, 0x82,
    0x53, 0x9E, 0xA7, 0x9F, 0x39, 0x60, 0x7E, 0x00, 0x5C, 0x92, 0x9B, 0x89, 0xF2, 0x89, 0x28, 0x1B,
    0xDF, 0xD2, 0x67, 0x22, 0x72, 0x13, 0x05, 0x40, 0xC1, 0x6D, 0xE0, 0x0F, 0x11, 0x15, 0xF4, 0x7B,
    0x3A, 0x00, 0xAD, 0xF5, 0x3C, 0xEF, 0x28, 0xEB, 0x05, 0x7A, 0xFE, 0x47, 0xF2, 0xE3, 0x52, 0x20,
    0xC5, 0x33, 0x34, 0xA4, 0xDE, 0x63, 0x9D, 0x7E, 0xB0, 0x39, 0xA7, 0xDB, 0xD2, 0xC6, 0x34, 0x84,
    0x41, 0x64, 0x33, 0x40, 0x8C, 0xA4, 0xB5, 0x7A, 0x0B, 0xA4, 0x75, 0xA7, 0x90, 0x95, 0xBD, 0x82,
    0xCB, 0x07, 0x83, 0x74, 0x54, 0x78, 0x9E, 0x4E, 0x2C, 0xBA, 0xA6, 0xE8, 0x4C, 0x88, 0xA0, 0x35,
    0x0C, 0x06, 0x51, 0x1F, 0x6A, 0x1D, 0x71, 0x47, 0x5A, 0x47, 0xDA, 0x12, 0x5A, 0xB3, 0x6B, 0x29,
    0x75, 0xE4, 0x15, 0xB9, 0xDE, 0x6C, 0xA9, 0x75, 0x94, 0x3C, 0x38, 0x52, 0x03, 0x91, 0xD6, 0xB1,
    0x9C, 0x9D, 0x7D, 0xCC, 0x75, 0x04, 0xE0, 0xA4, 0xB3, 0xC4, 0xA0, 0x27, 0x92, 0x3A, 0x12, 0x2E,
    0x0C, 0x8D, 0x3A, 0x8C, 0xD4, 0x91, 0x31, 0x70, 0x3F, 0xF2, 0x82, 0x48, 0xEA, 0x70, 0xC4, 0x30,
    0x48, 0x0D, 0x5A, 0x07, 0x0C, 0x02, 0x81, 0x7C, 0xA1, 0x58, 0x5A, 0x57, 0xA2, 0x92, 0xE2, 0x73,
    0x60, 0xDE, 0x01, 0x5B, 0xA6, 0x90, 0x46, 0x4D, 0x14, 0x2E, 0xFC, 0x93, 0xD0, 0xFE, 0xF1, 0x2A,
    0x48, 0xB8, 0xAE, 0x27, 0xB9, 0xB1, 0x23, 0x0A, 0xBE, 0xF7, 0x19, 0xDD, 0x48, 0x47, 0xDC, 0x88,
    0x13, 0x99, 0xBA, 0x00, 0x06, 0x8A, 0xF0, 0xF9, 0x93, 0x99, 0x62, 0x6C, 0x81, 0xE2, 0x99, 0x4B,
    0x8B, 0xB9, 0x3D, 0x45, 0xC8, 0x79, 0x45, 0x7F, 0x2D, 0xB9, 0x75, 0x69, 0x3F, 0xFF, 0x60, 0x83,
    0x86, 0x32, 0x00, 0x4D, 0x80, 0xE5, 0x27, 0x68, 0x12, 0x14, 0x84, 0x46, 0xFA, 0xD2, 0xB8, 0x9E,
    0xF3, 0xB2, 0x93, 0xBC, 0x7D, 0x25, 0x0F, 0xE5, 0xEF, 0x91, 0xDC, 0x93, 0xA0, 0xC9, 0x47, 0xFA,
    0xE3, 0xB2, 0x49, 0xF1, 0x6C, 0x74, 0x43, 0x0C, 0x74, 0x0E, 0x54, 0xB3, 0x1F, 0xD2, 0xD1, 0x23,
    0x5A, 0x93, 0xCE, 0x17, 0xDD, 0x19, 0x93, 0x99, 0xD0, 0x1C, 0x82, 0xCD, 0xAE, 0x5A, 0x67, 0xE4,
    0x29, 0xBD, 0x4F, 0x3E, 0xBD, 0xF3, 0xC3, 0xFB, 0xF2, 0x43, 0x4D, 0xAE, 0xE2, 0x5D, 0xA5, 0x6E,
    0x78, 0x18, 0xEA, 0x36, 0x9D, 0x7C, 0xEE, 0x9A, 0x64, 0x20, 0x3A, 0xA2, 0x40, 0x4D, 0xF2, 0xBB,
    0xEE, 0x87, 0x1B, 0x49, 0x3A, 0x9D, 0x20, 0x69, 0x11, 0xFE, 0xFE, 0x1E, 0x87, 0xBF, 0x06, 0x51,
    0xA4, 0x1C, 0xFF, 0x1B, 0x88, 0x48, 0x39, 0xFD, 0x39, 0x76, 0x4F, 0x70, 0xD9, 0x9F, 0x32, 0x7F,
    0x57, 0xD8, 0x45, 0x2B, 0x3F, 0xDD, 0xE3, 0x89, 0x59, 0x53, 0x30, 0xAC, 0x1C, 0xF5, 0x2B, 0x27,
    0xED, 0xCA, 0x69, 0xB3, 0x72, 0x5E, 0xAC, 0xEC, 0x68, 0xE5, 0xE7, 0xEA, 0x22, 0x5A, 0xFC, 0xCA,
    0x21, 0x0F, 0xFC, 0xB6, 0x5F, 0x5A, 0xBC, 0xDE, 0xAF, 0xC5, 0xAF, 0x9C, 0xFD, 0xFB, 0xD9, 0x47,
    0x9E, 0x1D, 0x00, 0xCF, 0xE5, 0x1E, 0xCF, 0xB4, 0xBB, 0x3F, 0x98, 0x56, 0x8E, 0x86, 0x95, 0xE3,
    0xCE, 0x38, 0xD2, 0x2D, 0x45, 0x38, 0x6E, 0x29, 0xAB, 0x98, 0xB5, 0x4E, 0x57, 0x30, 0xEB, 0xB4,
    0xA8, 0x69, 0xC7, 0x81, 0xDC, 0xCA, 0x99, 0x6B, 0x64, 0x4A, 0xE6, 0xDC, 0x66, 0x34, 0x00, 0x28,
    0x81, 0xA4, 0x57, 0x58, 0xBD, 0xEB, 0x88, 0xCC, 0xC3, 0x62, 0x2C, 0xA4, 0x5E, 0xE6, 0x80, 0x56,
    0x3C, 0x6D, 0xC1, 0xCB, 0x7A, 0x54, 0x6F, 0x03, 0x25, 0xB3, 0x7A, 0x1C, 0x8F, 0x8B, 0x7A, 0xDD,
    0x40, 0x81, 0x79, 0x9E, 0x78, 0x90, 0x78, 0x5F, 0x27, 0x64, 0x73, 0xA9, 0x6E, 0xCD, 0xFF, 0xF6,
    0xA9, 0x13, 0x6F, 0xE4, 0xD4, 0xB1, 0x47, 0x2A, 0xB1, 0x57, 0x2A, 0xA9, 0x67, 0xDA, 0x04, 0x33,
    0x72, 0xBD, 0xA7, 0xB2, 0xDB, 0x51, 0xAB, 0x75, 0x18, 0x75, 0x46, 0x21, 0x7A, 0xBB, 0x2F, 0xC2,
    0x48, 0x14, 0x11, 0x7B, 0xEE, 0x2F, 0x67, 0xA2, 0xB4, 0xC8, 0x47, 0x72, 0x3F, 0x44, 0x45, 0xB5,
    0x6C, 0xC5, 0x01, 0x96, 0x0B, 0x79, 0xC8, 0x1C, 0xA9, 0xE4, 0x8C, 0x6A, 0x9C, 0xF3, 0x65, 0x45,
    0xEA, 0xCD, 0x1F, 0x70, 0x46, 0xDF, 0xA1, 0xC0, 0x2C, 0x14, 0x73, 0xB9, 0xC9, 0x56, 0x47, 0x1E,
    0xEC, 0x49, 0x97, 0x98, 0x64, 0xA1, 0x6C, 0x14, 0x0B, 0xFC, 0x4A, 0xEB, 0xAD, 0xA1, 0xF3, 0xEF,
    0x68, 0xF3, 0x29, 0x1D, 0xA6, 0x87, 0x1B, 0x4E, 0x3F, 0x52, 0xFF, 0x40, 0x4F, 0x0F, 0x54, 0xF5,
    0xF4, 0x93, 0xE9, 0xC9, 0x8A, 0x2B, 0x92, 0x42, 0x23, 0xD3, 0x70, 0x50, 0x0D, 0x6E, 0x28, 0xA7,
    0x37, 0x56, 0x00, 0xA3, 0xE9, 0xC4, 0xBA, 0x6C, 0x36, 0x3F, 0xF6, 0xDF, 0x7F, 0x5D, 0xCD, 0x4C,
    0xDD, 0x2D, 0x5A, 0x6B, 0x3F, 0x43, 0x50, 0x80, 0x6D, 0xBD, 0x17, 0xB0, 0x71, 0xF0, 0xBA, 0x90,
    0xED, 0xD9, 0x2F, 0x78, 0xA6, 0x04, 0x0B, 0x11, 0xF4, 0x66, 0x0A, 0x50, 0xB1, 0x8F, 0xD7, 0xD7,
    0x17, 0x33, 0xB7, 0x5D, 0x8C, 0x7D, 0xB8, 0x67, 0x07, 0x85, 0x3E, 0x5C, 0x15, 0x72, 0x0F, 0xAF,
    0xB6, 0x57, 0x4F, 0x66, 0x0A, 0xE5, 0xB7, 0x11, 0x97, 0x56, 0x25, 0x93, 0x5F, 0x82, 0xCB, 0x2E,
    0x1B, 0xD8, 0xAF, 0xF4, 0x58, 0xEB, 0xF6, 0x73, 0x00, 0xD0, 0x7C, 0x30, 0x16, 0xDF, 0xB2, 0xBC,
    0xBF, 0x99, 0x73, 0x39, 0xE2, 0x10, 0xBA, 0xC7, 0x52, 0x20, 0xCB, 0x4C, 0xDC, 0x04, 0x68, 0xF9,
    0xB4, 0x5A, 0xE3, 0x02, 0x05, 0xB7, 0x67, 0xD6, 0xF3, 0x31, 0xA9, 0x7B, 0xAD, 0xA9, 0xC6, 0x95,
    0xB7, 0x4C, 0x27, 0x97, 0x72, 0x6B, 0x80, 0xCB, 0xA0, 0x44, 0x45, 0xD1, 0x4C, 0xB2, 0xB9, 0x44,
    0x2D, 0x7F, 0xE7, 0xF7, 0xD2, 0x49, 0x35, 0x9D, 0x55, 0x13, 0xA8, 0x46, 0x28, 0x4C, 0x2B, 0xD1,
    0x10, 0x8D, 0x68, 0x60, 0x4A, 0x68, 0x6F, 0x68, 0xA7, 0x1E, 0x89, 0xAE, 0x84, 0xA4, 0x55, 0xFF,
    0xE7, 0x6C, 0x9B, 0xD0, 0x69, 0x1F, 0x77, 0xDA, 0xEE, 0x74, 0xD0, 0x72, 0xF3, 0x41, 0xEB, 0xC9,
    0x47, 0xAD, 0x37, 0x9B, 0x44, 0x0B, 0x9D, 0x1D, 0xD0, 0x73, 0x5E, 0xCA, 0xC7, 0x09, 0x9D, 0xD0,
    0x21, 0x0A, 0xDD, 0x4B, 0xD1, 0xE8, 0xA4, 0x2D, 0x07, 0x39, 0x0F, 0x52, 0x86, 0x3F, 0x2F, 0x17,
    0x59, 0xBF, 0x00, 0xDD, 0xCE, 0x2D, 0x12, 0x10, 0x9C, 0x89, 0xE8, 0xA3, 0x4A, 0x86, 0x2B, 0xDD,
    0xCE, 0x2B, 0xB9, 0xB1, 0xA7, 0x74, 0xA0, 0x72, 0xA2, 0xAC, 0xE0, 0xBA, 0x7E, 0x9F, 0xB4, 0x78,
    0xBF, 0x42, 0xD4, 0xB6, 0x4E, 0xDC, 0x66, 0xBD, 0x52, 0xAC, 0x5B, 0x4B, 0xAE, 0xCC, 0xAB, 0x8B,
    0xD3, 0xBC, 0xE3, 0xBC, 0x94, 0x7E, 0x97, 0xD2, 0x6B, 0xED, 0x2B, 0xF8, 0x68, 0xCD, 0x27, 0xA2,
    0x85, 0xBB, 0x16, 0xA2, 0x2D, 0x79, 0xE5, 0x10, 0xD3, 0x25, 0xBA, 0xBD, 0x9D, 0x9D, 0xD2, 0x5E,
    0x5A, 0x28, 0x6B, 0x65, 0xA4, 0x0A, 0xA9, 0x35, 0xBC, 0xA1, 0x04, 0xCA, 0x5B, 0xED, 0x5D, 0x40,
    0x87, 0xE9, 0x9D, 0x97, 0xBC, 0xA1, 0x97, 0x68, 0xAA, 0x29, 0xED, 0xD8, 0x54, 0xB9, 0x37, 0x9B,
    0xE5, 0x75, 0x91, 0xF6, 0x32, 0xD4, 0x05, 0x1D, 0xA6, 0xDF, 0x55, 0x0F, 0x5B, 0x9F, 0xFC, 0x6B,
    0xCF, 0x94, 0x4C, 0xA4, 0xC6, 0x55, 0xFB, 0xAB, 0x65, 0x0F, 0xBF, 0x89, 0x47, 0xD2, 0xDE, 0xAC,
    0xA7, 0x81, 0xBB, 0xA7, 0xF7, 0x36, 0x9B, 0x6A, 0xFB, 0xD9, 0x14, 0xDB, 0xAC, 0x48, 0x81, 0x26,
    0x05, 0x50, 0x65, 0x40, 0x75, 0x8C, 0xA5, 0x38, 0xAA, 0x71, 0x55, 0x1C, 0x63, 0xD6, 0x2D, 0x2D,
    0x41, 0xA5, 0xEE, 0x14, 0x4F, 0xF6, 0x84, 0x02, 0x3D, 0xF0, 0x8B, 0xC5, 0xC3, 0x49, 0x8D, 0x26,
    0x17, 0xB1, 0x0E, 0x5D, 0x23, 0x17, 0xA9, 0x3E, 0xF3, 0x77, 0x72, 0x91, 0xEB, 0x91, 0x60, 0x90,
    0x8B, 0x52, 0x5D, 0x77, 0x92, 0x0B, 0x73, 0x74, 0xF0, 0x45, 0xE4, 0xBD, 0x9F, 0x57, 0xFD, 0xC4,
    0x1F, 0x47, 0xDA, 0x08, 0x94, 0xF9, 0xD3, 0x4A, 0x1F, 0x81, 0xDC, 0x6E, 0xD8, 0x22, 0x10, 0x94,
    0xC5, 0xE0, 0xF0, 0x23, 0x92, 0x32, 0xFB, 0x81, 0xCB, 0x97, 0x67, 0x78, 0x06, 0x2B, 0xCD, 0xF1,
    0x6F, 0xFC, 0x2C, 0x83, 0x94, 0x36, 0xD9, 0x4C, 0x92, 0x7A, 0x16, 0x3F, 0xBD, 0x22, 0x50, 0x0A,
    0x2D, 0x4C, 0xDB, 0xA6, 0xC5, 0x65, 0x33, 0x5F, 0x84, 0x50, 0x87, 0xD1, 0x2E, 0xA0, 0xD7, 0xC2,
    0xB4, 0x73, 0x93, 0x4C, 0x1B, 0xEB, 0xF6, 0x2C, 0x85, 0xD9, 0x80, 0x40, 0x26, 0x4C, 0xA1, 0x43,
    0x85, 0x86, 0xA4, 0xB6, 0x08, 0xFC, 0x69, 0xB9, 0x30, 0xBD, 0x20, 0x0C, 0xFA, 0xE1, 0x5B, 0xA9,
    0x9E, 0x29, 0xE1, 0xCA, 0x9E, 0x70, 0x96, 0xA3, 0xAA, 0x51, 0x91, 0x18, 0x8B, 0x12, 0x8C, 0xF5,
    0x25, 0xD9, 0x05, 0x5D, 0x8C, 0xB4, 0x9F, 0xF2, 0x26, 0x1A, 0x95, 0x5C, 0x97, 0x4C, 0x4A, 0x65,
    0x9F, 0xCE, 0x37, 0xFF, 0xE6, 0xDA, 0x78, 0x54, 0x3A, 0x62, 0x27, 0xBA, 0x7B, 0xAA, 0x31, 0xA6,
    0x72, 0x88, 0x98, 0x6A, 0x4C, 0xA9, 0x6C, 0xBA, 0x73, 0x86, 0xCF, 0x8F, 0x80, 0xD3, 0x13, 0x5C,
    0x06, 0xA8, 0x64, 0x70, 0x16, 0xF1, 0x86, 0x7C, 0xA0, 0x68, 0x14, 0x87, 0xC8, 0x06, 0x31, 0x6B,
    0xD4, 0x33, 0xB1, 0x4D, 0x83, 0x89, 0x49, 0x0C, 0xFA, 0x82, 0xE9, 0x39, 0x93, 0xDB, 0x52, 0x30,
    0xEA, 0x63, 0x7F, 0x36, 0x44, 0x3D, 0x53, 0xD2, 0x65, 0x83, 0x79, 0x94, 0xCC, 0x45, 0xA6, 0x9C,
    0x49, 0xEE, 0x73, 0xD7, 0x17, 0xD7, 0x17, 0xEA, 0x89, 0x6D, 0x36, 0x24, 0x8B, 0x98, 0x80, 0x7F,
    0x8B, 0x42, 0xD6, 0xAA, 0x6C, 0x90, 0x85, 0x32, 0x06, 0xD7, 0xC1, 0x83, 0x9D, 0x4A, 0xBD, 0x1A,
    0x0F, 0x67, 0xD2, 0x08, 0x3B, 0x93, 0x3C, 0xB8, 0x76, 0xDC, 0xE6, 0x54, 0x8D, 0xEE, 0x46, 0x96,
    0x0C, 0x14, 0xD4, 0x0B, 0x05, 0x18, 0x30, 0x13, 0xF7, 0x97, 0x4A, 0xA0, 0x53, 0x4A, 0xD6, 0x63,
    0x4A, 0x27, 0xF3, 0x21, 0xEF, 0xE5, 0x84, 0xC4, 0xE7, 0xAC, 0xF5, 0x2A, 0xEB, 0x22, 0x39, 0xCF,
    0x16, 0xB7, 0x8F, 0x73, 0xA2, 0x11, 0x0D, 0x00, 0x0B, 0x5F, 0xBC, 0xFC, 0x3E, 0x5A, 0xF1, 0x91,
    0x7A, 0x20, 0x37, 0x88, 0x87, 0xB8, 0x5E, 0x5C, 0xD0, 0xB5, 0xB2, 0xE4, 0xBA, 0x46, 0x24, 0xD9,
    0x4A, 0x62, 0xC7, 0x30, 0x93, 0x59, 0x65, 0x12, 0xC9, 0x47, 0xB3, 0xFF, 0xDE, 0x4E, 0x71, 0xB2,
    0x08, 0xA3, 0x55, 0xB9, 0x94, 0xF3, 0x9F, 0x3D, 0xFF, 0xEA, 0x63, 0xB8, 0x7A, 0xE4, 0x5A, 0x66,
    0x0C, 0xBF, 0x03, 0xA9, 0xD8, 0xAD, 0x55, 0xA0, 0x92, 0x55, 0x22, 0x65, 0x25, 0xDF, 0xD5, 0x0D,
    0x4B, 0x51, 0xB7, 0xB2, 0x45, 0xD4, 0xBD, 0x34, 0xC9, 0xCD, 0x44, 0xE5, 0x48, 0x19, 0xCE, 0x8F,
    0x65, 0x7E, 0xE8, 0x7C, 0x7D, 0x62, 0xB5, 0x9F, 0x3D, 0xBA, 0xB1, 0xF3, 0xEA, 0x3E, 0xBB, 0x9F,
    0xDB, 0x8E, 0xFB, 0xBE, 0x9E, 0x7B, 0x0E, 0xD3, 0x07, 0xBA, 0xAB, 0xC8, 0x86, 0x0A, 0x19, 0xBB,
    0xA2, 0x1C, 0xC8, 0xF5, 0x3C, 0x10, 0x4E, 0xE2, 0xD9, 0xAE, 0x21, 0x09, 0xA3, 0xB3, 0x6B, 0x06,
    0x85, 0x1D, 0x64, 0xE3, 0x79, 0x1D, 0xAC, 0x4C, 0x4F, 0x02, 0x15, 0xFB, 0xD9, 0x48, 0x9C, 0xF3,
    0x2D, 0x47, 0x1F, 0xA2, 0xF3, 0xF7, 0xD8, 0x2C, 0xB5, 0xCD, 0x24, 0xD0, 0x01, 0x40, 0x95, 0x15,
    0xCC, 0xAE, 0x92, 0x5C, 0x26, 0xBC, 0xEB, 0xD9, 0x2A, 0xF9, 0x4C, 0x4F, 0x26, 0xB6, 0x2C, 0x3A,
    0x0A, 0x6A, 0x2C, 0x85, 0xED, 0x77, 0xC7, 0x72, 0xD6, 0xD6, 0x65, 0x6B, 0x51, 0x99, 0x55, 0x06,
    0x8A, 0xAF, 0xB6, 0xC1, 0x8F, 0x4E, 0xEC, 0xEA, 0x2A, 0x4A, 0x2A, 0x1E, 0x10, 0x96, 0x70, 0xDC,
    0x0F, 0x71, 0xE7, 0x8D, 0x48, 0xBD, 0x1F, 0x1A, 0xD7, 0x15, 0xD8, 0x2F, 0x97, 0x65, 0x21, 0xB2,
    0x9C, 0x6A, 0xAB, 0x71, 0xA9, 0x02, 0x69, 0xC3, 0x85, 0x76, 0x29, 0x80, 0x39, 0xC9, 0x62, 0x2E,
    0x48, 0x66, 0x5E, 0x15, 0x0D, 0x7A, 0xAA, 0x04, 0x68, 0x02, 0x15, 0x35, 0x76, 0x53, 0xAA, 0xA8,
    0xB1, 0x2B, 0x36, 0x76, 0x6C, 0xC6, 0x5E, 0xD4, 0xD8, 0x13, 0x65, 0xF8, 0xFC, 0x04, 0x3D, 0xC5,
    0x66, 0xEC, 0xD2, 0x8C, 0xFD, 0x17, 0x9F, 0xFA, 0x99, 0xDC, 0x48, 0xDE, 0xEE, 0x71, 0x95, 0x5D,
    0x12, 0x81, 0x8D, 0x14, 0xCA, 0xDE, 0x1D, 0xF7, 0x72, 0x3A, 0x69, 0xD7, 0x70, 0xF4, 0xA2, 0xFB,
    0xC7, 0x3A, 0x16, 0x59, 0xB3, 0x7E, 0x29, 0xC6, 0x8C, 0x24, 0x8F, 0xC1, 0x12, 0xEB, 0xAC, 0xFA,
    0x50, 0x2E, 0x28, 0x43, 0xB1, 0xF6, 0x08, 0xFB, 0xFB, 0xFE, 0xC0, 0x79, 0x2E, 0x79, 0x36, 0x1E,
    0xE4, 0xC3, 0x9A, 0xE7, 0x7D, 0x2E, 0xBF, 0xAA, 0xE5, 0xF9, 0x81, 0xCB, 0x43, 0x83, 0x86, 0x42,
    0xE9, 0x3B, 0xFB, 0xF9, 0xF2, 0x8F, 0xB2, 0x2A, 0xA8, 0x7B, 0x6B, 0x87, 0x23, 0x71, 0xC8, 0x5B,
    0xE8, 0xB5, 0x69, 0xC3, 0xA7, 0x3C, 0xDE, 0xAC, 0x09, 0xC0, 0x28, 0x83, 0x56, 0x3C, 0x06, 0xCE,
    0xE9, 0xA8, 0xC6, 0x17, 0x44, 0xEA, 0xA5, 0x32, 0xB6, 0xBD, 0xD9, 0x4F, 0x29, 0x5E, 0x0E, 0x29,
    0xDD, 0x91, 0xDB, 0x11, 0x3C, 0x45, 0x3B, 0x4A, 0xFE, 0xD3, 0x53, 0xFE, 0x0B, 0x4F, 0x65, 0x6C,
    0x14, 0x4C, 0x9E, 0xE2, 0xDE, 0x53, 0xDA, 0x7A, 0x72, 0x85, 0xA7, 0x85, 0x8C, 0xA2, 0xD1, 0x53,
    0xD2, 0x79, 0xCA, 0x1B, 0x4F, 0x25, 0x19, 0x7D, 0x39, 0x79, 0xFA, 0x4D, 0xEF, 0x09, 0xED, 0x8E,
    0x0A, 0x4F, 0x33, 0x79, 0x1A, 0x95, 0x5E, 0xD3, 0xDF, 0x84, 0xA9, 0x1E, 0x74, 0x13, 0xA7, 0x63,
    0xCC, 0x56, 0xE8, 0x3A, 0x92, 0x2B, 0x51, 0xA0, 0xFB, 0xCA, 0x81, 0xFE, 0x1F, 0x89, 0x7F, 0x9B,
    0x03, 0x1D, 0x7B, 0xAE, 0x03, 0xFA, 0xC7, 0xB8, 0x22, 0x7E, 0x8A, 0x0A, 0x24, 0x88, 0x62, 0xC1,
    0x8F, 0xB2, 0x53, 0x75, 0xA6, 0x76, 0x1D, 0x40, 0x35, 0x31, 0xCD, 0x4D, 0x6B, 0xFD, 0x3E, 0x9C,
    0xF4, 0xFE, 0xB4, 0x53, 0x75, 0x95, 0xEA, 0x42, 0xA2, 0x3F, 0x1F, 0x55, 0xFF, 0xB5, 0x55, 0x45,
    0xA1, 0x3A, 0x93, 0xEA, 0xA0, 0xAA, 0xF5, 0x1E, 0xD4, 0xEF, 0xDB, 0x17, 0x63, 0xA0, 0x10, 0x33,
    0xF9, 0xF6, 0x7B, 0xA5, 0xBD, 0x14, 0xCC, 0xE4, 0x2A, 0xF3, 0x59, 0x2A, 0x5B, 0x4F, 0xF5, 0x4D,
    0x0A, 0x65, 0x85, 0x25, 0x0D, 0xBE, 0x1C, 0xD1, 0xB7, 0xC5, 0xB7, 0xDF, 0xF9, 0xF6, 0x2E, 0xD5,
    0xFE, 0x4C, 0x5B, 0xB9, 0xFE, 0x50, 0x65, 0xDD, 0xED, 0x58, 0xED, 0xA0, 0xF5, 0xCE, 0xF7, 0xB3,
    0x36, 0x9C, 0x04, 0x9C, 0x7A, 0xC4, 0x01, 0xE8, 0xA3, 0x9D, 0xDE, 0xA3, 0x0F, 0x77, 0xAF, 0x4F,
    0xC7, 0xB6, 0x05, 0x52, 0x69, 0x96, 0x89, 0x70, 0xFD, 0x18, 0x9D, 0x79, 0x70, 0x3E, 0xD9, 0x56,
    0xA4, 0x27, 0xAD, 0x56, 0x4C, 0xA3, 0xFF, 0xB9, 0x83, 0x6A, 0x1F, 0xB1, 0x96, 0x80, 0xBE, 0xED,
    0x56, 0xA9, 0xEE, 0x6A, 0x16, 0xD3, 0xE4, 0x3C, 0x53, 0x98, 0xB5, 0x2C, 0xF6, 0x13, 0x37, 0x0A,
    0xC0, 0x20, 0x86, 0xD4, 0xF0, 0x75, 0xC0, 0x17, 0x98, 0xEF, 0x40, 0x2B, 0x5D, 0xD6, 0xDA, 0x7D,
    0xC3, 0xD4, 0x51, 0xF9, 0x4E, 0xDF, 0x78, 0xED, 0x8E, 0xFA, 0x41, 0x4B, 0x6A, 0x14, 0x9D, 0xA4,
    0x7A, 0xC0, 0xD2, 0x32, 0x62, 0xBC, 0x3C, 0xDE, 0xC5, 0x65, 0x51, 0x69, 0x3D, 0x18, 0xED, 0x49,
    0xEF, 0x4C, 0x75, 0x77, 0x44, 0x1C, 0xD5, 0x1E, 0xB3, 0x48, 0xB2, 0x27, 0x79, 0x2B, 0xB6, 0x09,
    0x5E, 0x77, 0xBC, 0x09, 0x4E, 0x25, 0x07, 0xCE, 0x35, 0x4C, 0x33, 0x71, 0xA5, 0x57, 0x8F, 0x51,
    0x70, 0x4B, 0x65, 0xD8, 0xD9, 0x32, 0xBD, 0x0C, 0x71, 0x3A, 0xF2, 0x3F, 0x3E, 0x8B, 0xE7, 0xBD,
    0x3C, 0x3A, 0x3A, 0x6E, 0xF9, 0xA2, 0x02, 0x72, 0xDD, 0x9B, 0x4A, 0xBF, 0xCA, 0xE2, 0xCB, 0xB4,
    0x1A, 0xAC, 0x3E, 0xEE, 0x55, 0x2E, 0xCF, 0xC0, 0x32, 0x66, 0xF5, 0xA5, 0x84, 0x53, 0x72, 0x60,
    0x21, 0x8B, 0x4B, 0x6A, 0x60, 0xF2, 0x3E, 0xDC, 0x6C, 0xB9, 0x83, 0x9B, 0x8D, 0x07, 0x6E, 0x76,
    0xE8, 0x30, 0xD0, 0xB4, 0x07, 0xD7, 0x9B, 0x6D, 0x7A, 0x76, 0xFF, 0x6E, 0x56, 0xEB, 0xB4, 0xFF,
    0x1A, 0x6E, 0x76, 0x9F, 0x0E, 0x02, 0x00, 0xAB, 0xBC, 0x3C, 0x3B, 0xFB, 0xE8, 0x6D, 0x39, 0x88,
    0x9D, 0x55, 0xF5, 0x7C, 0xAA, 0x30, 0x44, 0x78, 0x15, 0xD2, 0x3E, 0x9C, 0xDF, 0xF2, 0xC2, 0xF6,
    0xCE, 0xE3, 0x0E, 0x36, 0x1F, 0xD9, 0x68, 0x0E, 0x44, 0x37, 0x9D, 0xDB, 0x2C, 0xF3, 0xFF, 0xD4,
    0x6F, 0xD7, 0x00, 0xCB, 0x6F, 0x35, 0x20, 0x27, 0x32, 0x12, 0x01, 0x80, 0x59, 0x02, 0x2C, 0x4F,
    0xD0, 0xB0, 0x5D, 0x02, 0xF4, 0x6B, 0x80, 0x45, 0x4F, 0xAF, 0xAD, 0xBA, 0x83, 0x9E, 0x6C, 0x93,
    0x66, 0x8D, 0xB0, 0xA3, 0x55, 0xE9, 0x45, 0x6A, 0x95, 0xD2, 0x64, 0x10, 0x71, 0x26, 0xA3, 0xD4,
    0x04, 0x2F, 0xF2, 0xB8, 0x5B, 0x8F, 0xFA, 0x9D, 0xC9, 0xB0, 0xCA, 0x5A, 0xCA, 0x2B, 0x45, 0xA3,
    0x0B, 0x44, 0x9A, 0xAC, 0x90, 0x46, 0x68, 0x80, 0xA5, 0xA8, 0x1B, 0x3D, 0x6C, 0x6B, 0x2C, 0xAB,
    0xEE, 0x65, 0xCA, 0x38, 0x8D, 0x5D, 0x65, 0x38, 0x3F, 0x41, 0x41, 0x31, 0xD4, 0xE0, 0xA5, 0x9A,
    0x9F, 0x3E, 0x3C, 0xDD, 0x7F, 0x9E, 0xCF, 0x1B, 0x79, 0x96, 0xEF, 0x5E, 0xC9, 0x03, 0x8D, 0x29,
    0xDD, 0x1A, 0x60, 0x79, 0x5F, 0xA7, 0xF7, 0x48, 0xF6, 0x52, 0x5F, 0xBA, 0xFC, 0x49, 0xDD, 0x4B,
    0xE0, 0x4C, 0x03, 0x2C, 0x8B, 0x05, 0x7F, 0x33, 0x99, 0xD9, 0x41, 0x71, 0xF0, 0x2E, 0x83, 0x4E,
    0x76, 0xC9, 0x39, 0x02, 0x82, 0x96, 0x52, 0xC0, 0xE7, 0xFB, 0xDF, 0xEE, 0xFF, 0x6A, 0x2F, 0xC0,
    0x52, 0xB8, 0x4A, 0x9C, 0xAA, 0x11, 0x07, 0xED, 0x28, 0x1B, 0x79, 0xFE, 0xD5, 0xDD, 0x7A, 0x84,
    0x1B, 0xD9, 0x65, 0xFE, 0x4A, 0x67, 0x8F, 0x3A, 0x92, 0x78, 0x14, 0xF6, 0xE1, 0xF5, 0x27, 0x92,
    0x1F, 0xF1, 0x7F, 0xEA, 0xAD, 0x00, 0x76, 0x0A, 0xA0, 0xF9, 0x18, 0xCB, 0x29, 0x3D, 0xC0, 0x55,
    0x11, 0x4A, 0xD9, 0x65, 0xA7, 0xC6, 0x97, 0x81, 0xAA, 0x07, 0x86, 0xC2, 0xEC, 0x59, 0x92, 0x2D,
    0x73, 0x2F, 0xFC, 0x71, 0x64, 0xB2, 0x53, 0x4B, 0x30, 0x5A, 0xE4, 0x2C, 0xEA, 0x35, 0xF8, 0xA0,
    0xC0, 0xCE, 0x94, 0xB4, 0x66, 0xEC, 0xB4, 0x31, 0x57, 0xC8, 0x2A, 0x81, 0x89, 0x72, 0xB2, 0x88,
    0xF3, 0x77, 0x7D, 0x1C, 0xEE, 0xA9, 0x8F, 0xC4, 0x4D, 0x02, 0x11, 0x7E, 0x30, 0x08, 0x04, 0xF8,
    0xE7, 0x5E, 0x80, 0xF0, 0x1F, 0x9D, 0x42, 0xF9, 0x9B, 0x46, 0xC1, 0xC1, 0x20, 0x5B, 0xA3, 0xE3,
    0xAA, 0x14, 0x2F, 0x37, 0x5F, 0xDA, 0x0B, 0x47, 0x83, 0x68, 0xB8, 0xF9, 0x3E, 0x65, 0xD9, 0xEA,
    0x35, 0x50, 0x59, 0x2B, 0x60, 0xB7, 0x62, 0x56, 0x08, 0xD0, 0xAF, 0x81, 0x38, 0x4D, 0x7B, 0x47,
    0xE9, 0xC1, 0xEB, 0x5D, 0x82, 0xCB, 0x60, 0x83, 0x12, 0x54, 0x8B, 0x0C, 0x57, 0x74, 0x84, 0x2B,
    0x8B, 0x93, 0x77, 0x3A, 0x17, 0xF3, 0xC6, 0x1E, 0xEB, 0x2B, 0x6D, 0x9B, 0xD3, 0x25, 0x58, 0xAD,
    0x30, 0x90, 0x84, 0x92, 0xD3, 0xD1, 0x6C, 0x30, 0xA9, 0x09, 0xE2, 0x99, 0xC2, 0x41, 0x9A, 0xAC,
    0x06, 0x08, 0x50, 0xC4, 0x1D, 0x89, 0x7B, 0xA5, 0x6A, 0x87, 0xC6, 0xCC, 0xD0, 0x99, 0x15, 0x7A,
    0xA7, 0x63, 0x37, 0xA8, 0xA6, 0x23, 0x17, 0xCB, 0x05, 0x9A, 0x05, 0x66, 0xD5, 0xD0, 0x77, 0x0B,
    0xBD, 0x69, 0xB7, 0x37, 0x6A, 0xEA, 0x2D, 0xAA, 0x95, 0x6A, 0xA9, 0x42, 0xF0, 0x13, 0xF2, 0x55,
    0x43, 0xC4, 0xA3, 0x6A, 0xD6, 0xEF, 0x17, 0x63, 0xFB, 0x0B, 0x1D, 0xD5, 0x8B, 0x19, 0x72, 0x50,
    0xBD, 0x3E, 0x38, 0xAB, 0xA5, 0x9D, 0x15, 0xC9, 0x41, 0xF0, 0x3B, 0xEC, 0xEE, 0xDF, 0x79, 0x8B,
    0xD3, 0xE2, 0xDD, 0xB4, 0xF0, 0xA9, 0x2E, 0x52, 0x75, 0xBF, 0x26, 0x1F, 0x0E, 0x54, 0xBF, 0xEF,
    0xFD, 0x69, 0xFC, 0xDD, 0xB4, 0xB9, 0xC7, 0x69, 0x73, 0xF4, 0x28, 0x38, 0xB3, 0x8D, 0x39, 0x5D,
    0x6C, 0x17, 0xCE, 0xB4, 0x50, 0x34, 0xAE, 0xD7, 0x42, 0xA8, 0x6E, 0xAC, 0x32, 0x3F, 0x7F, 0xAC,
    0xDE, 0xAC, 0x89, 0xB5, 0xC2, 0x87, 0xF4, 0x5E, 0xF5, 0x6E, 0xFE, 0xDC, 0xEF, 0xFC, 0x51, 0x2A,
    0x8E, 0x4E, 0xFD, 0x6B, 0x0A, 0x6A, 0xE0, 0xBA, 0x53, 0x07, 0x45, 0x23, 0x7E, 0x16, 0x42, 0xFD,
    0x20, 0x9E, 0xD4, 0x8D, 0x74, 0x1E, 0xD5, 0xE2, 0xFE, 0x44, 0x3F, 0xA5, 0x87, 0xF7, 0x39, 0x8F,
    0xDE, 0x6D, 0x3F, 0xE1, 0x44, 0x65, 0x61, 0xBE, 0x80, 0xE6, 0x10, 0xAC, 0xB2, 0x52, 0x9B, 0x73,
    0x4A, 0x47, 0x77, 0x88, 0x13, 0x7F, 0x6F, 0xB3, 0xF9, 0x29, 0x80, 0x91, 0xED, 0x33, 0x49, 0x94,
    0x78, 0x9B, 0x7D, 0xAA, 0x41, 0xE2, 0x7A, 0xF4, 0xB1, 0xDF, 0xFE, 0x9B, 0x03, 0xF7, 0x1A, 0x18,
    0x0D, 0xF2, 0xC9, 0x20, 0x45, 0xA1, 0xCF, 0xEC, 0x09, 0xAE, 0xCE, 0x2E, 0x20, 0x87, 0x1F, 0x4E,
    0xBD, 0x3A, 0xD4, 0xC2, 0xF7, 0x48, 0x6C, 0x54, 0x80, 0xD3, 0x37, 0x0E, 0xE5, 0xA8, 0x1A, 0x62,
    0x29, 0xBC, 0x23, 0x4F, 0x2B, 0xEC, 0x07, 0xF3, 0x1B, 0x1F, 0xCA, 0x37, 0xED, 0x56, 0xD5, 0x43,
    0xC0, 0x5D, 0x43, 0xF8, 0x1A, 0x03, 0xAE, 0x35, 0xDA, 0x5C, 0xF1, 0x87, 0x63, 0xC0, 0x1F, 0xE3,
    0x4A, 0x97, 0x23, 0xE8, 0x2C, 0x09, 0x50, 0xB0, 0x93, 0xBF, 0xA1, 0x36, 0xA6, 0xAD, 0x6A, 0xDD,
    0xAB, 0xBA, 0xA5, 0x78, 0xC2, 0x9A, 0x01, 0x60, 0x0D, 0x81, 0x6B, 0x56, 0x7A, 0xF0, 0x93, 0x40,
    0x94, 0xE8, 0xAE, 0x1A, 0xA1, 0x11, 0xCD, 0xD4, 0x93, 0x43, 0x6E, 0xBF, 0x57, 0x7B, 0xDF, 0xD3,
    0xA9, 0x15, 0x1F, 0xA8, 0x88, 0xE1, 0xF3, 0x5E, 0x5F, 0x8C, 0xE9, 0xED, 0x55, 0xCF, 0x7D, 0x09,
    0xF7, 0x85, 0xD3, 0xB7, 0x51, 0x26, 0x11, 0x27, 0x12, 0x68, 0xAC, 0xC6, 0x41, 0xD4, 0x84, 0x28,
    0x57, 0x09, 0x55, 0xC8, 0xC4, 0xA9, 0xE4, 0x2A, 0x99, 0x4A, 0xFA, 0x1A, 0x39, 0x56, 0xE7, 0x53,
    0xD7, 0x00, 0x9A, 0x8F, 0x70, 0xBD, 0x41, 0xC3, 0x07, 0x36, 0xD7, 0xC8, 0xF9, 0x4D, 0xF2, 0x74,
    0x2F, 0x4F, 0x24, 0x27, 0xBA, 0x97, 0xBC, 0xB6, 0x49, 0xF8, 0x48, 0xDC, 0x76, 0xF2, 0x39, 0xF9,
    0x50, 0xB9, 0xE4, 0x91, 0x8E, 0x8B, 0xE4, 0x74, 0x5B, 0xFE, 0xB3, 0xBD, 0xFC, 0x2F, 0xE9, 0x46,
    0x8A, 0x07, 0xAA, 0x0D, 0xD3, 0x29, 0x40, 0xF5, 0x3A, 0x8C, 0x47, 0xC2, 0x1B, 0xBE, 0xC5, 0xA5,
    0xCB, 0x21, 0x85, 0xEC, 0x9E, 0x00, 0x46, 0x5D, 0x6A, 0x7A, 0x59, 0x12, 0x29, 0x78, 0xC2, 0x0F,
    0x16, 0x18, 0xD5, 0x7A, 0xDD, 0x2E, 0x9C, 0x80, 0xE6, 0xED, 0x20, 0xAE, 0x3F, 0xDD, 0x21, 0xD0,
    0xAE, 0x38, 0xED, 0xEE, 0xE5, 0xD9, 0x6B, 0x18, 0xA2, 0xF1, 0x48, 0xE8, 0x76, 0xE8, 0xFA, 0x15,
    0x47, 0x43, 0x31, 0x92, 0xC7, 0xEC, 0x0D, 0x30, 0x37, 0xB4, 0xC2, 0x0E, 0xAB, 0xA8, 0x15, 0xD7,
    0xE6, 0xF0, 0x5F, 0x32, 0x14, 0x3C, 0x7C, 0xC7, 0xB8, 0x7E, 0x86, 0x99, 0x4E, 0x70, 0x45, 0xE0,
    0xD4, 0xC9, 0x50, 0x33, 0x7D, 0x41, 0x82, 0x74, 0xF8, 0xC6, 0xA8, 0x7F, 0x47, 0xF4, 0x36, 0x5A,
    0xDF, 0x1C, 0xD5, 0x50, 0xCB, 0x1B, 0x24, 0x00, 0x8D, 0xE6, 0x2B, 0x3D, 0xC6, 0x55, 0x41, 0xBC,
    0xE4, 0x16, 0x01, 0x3A, 0xA9, 0xC7, 0x46, 0x5D, 0xF3, 0xAF, 0x45, 0xC0, 0x8F, 0x77, 0x84, 0x42,
    0xE9, 0x57, 0xCF, 0xD0, 0xF9, 0xFB, 0xCA, 0xD1, 0x53, 0x36, 0x79, 0x4A, 0x66, 0x4F, 0xF1, 0xF2,
    0x5A, 0x9A, 0x0F, 0x7F, 0x91, 0x4E, 0x9E, 0xCA, 0x21, 0x40, 0x4B, 0xB1, 0xD4, 0x96, 0x60, 0xD0,
    0xD1, 0x2F, 0xAC, 0xE7, 0xB8, 0x24, 0xA6, 0xB7, 0xBD, 0x44, 0x6F, 0xEA, 0x85, 0x27, 0x1E, 0x34,
    0x8A, 0x51, 0xAB, 0xBC, 0xD5, 0x25, 0xBA, 0x32, 0xB1, 0xF5, 0xF7, 0x76, 0xC9, 0x45, 0xAA, 0xD2,
    0x7E, 0xAF, 0xFE, 0x37, 0xAB, 0x0F, 0x69, 0x15, 0xF9, 0xF9, 0x37, 0xB8, 0x36, 0xD7, 0xE0, 0xC2,
    0x21, 0xF9, 0xA6, 0xBE, 0xFE, 0xEC, 0xB7, 0x5F, 0x9B, 0x67, 0xF5, 0xF2, 0xC5, 0x72, 0x4E, 0x9F,
    0xDC, 0x92, 0x3F, 0xE7, 0x4E, 0x05, 0xFA, 0x8A, 0xCF, 0x24, 0xB9, 0x9E, 0x87, 0x64, 0x92, 0xBD,
    0x28, 0x88, 0x1E, 0xEA, 0x63, 0xE3, 0x67, 0xE4, 0xF4, 0xB1, 0x71, 0xD6, 0x00, 0xF0, 0x09, 0x2E,
    0x89, 0xCA, 0xC5, 0xC7, 0xE5, 0x19, 0xFC, 0x89, 0x2A, 0xD2, 0xC7, 0xF3, 0x4A, 0xDF, 0x3E, 0x0D,
    0xD8, 0xAF, 0x75, 0x32, 0xF4, 0xB6, 0xF7, 0x95, 0x03, 0xBD, 0xD0, 0xE1, 0x9B, 0x02, 0xFF, 0x7A,
    0x5C, 0xD4, 0x0B, 0xC4, 0xF8, 0x33, 0xFF, 0x3E, 0xC4, 0x2F, 0x1B, 0x3F, 0x5D, 0x55, 0xA9, 0x9E,
    0x55, 0xCD, 0xA2, 0x7A, 0xFE, 0xBA, 0x71, 0x6C, 0xCA, 0x50, 0x29, 0x38, 0xB4, 0x0A, 0x33, 0x6C,
    0xE5, 0x18, 0xDD, 0xA8, 0x55, 0xF4, 0xB9, 0x55, 0xDA, 0xDA, 0x31, 0x35, 0xAF, 0x62, 0x68, 0xC3,
    0xFC, 0x3B, 0x4D, 0xB3, 0x3D, 0xFD, 0x47, 0x23, 0xB7, 0x56, 0x7E, 0x64, 0xD5, 0xA6, 0xAD, 0x55,
    0xEB, 0x1A, 0xAB, 0xB6, 0xDE, 0x42, 0xC2, 0x53, 0x51, 0xDF, 0x2E, 0x1D, 0xD8, 0x8E, 0x45, 0x04,
    0xA0, 0xD9, 0x81, 0x6F, 0xE5, 0x1D, 0x20, 0xAB, 0x54, 0x4F, 0x4B, 0x03, 0xA0, 0xB8, 0x39, 0x0E,
    0x93, 0xC1, 0x49, 0x47, 0x39, 0xD0, 0xD5, 0x98, 0xD8, 0x38, 0x3D, 0xDB, 0xE6, 0x18, 0xCB, 0xE9,
    0x09, 0x3E, 0x97, 0xD7, 0xC6, 0xF4, 0x8D, 0xC9, 0xAD, 0xDA, 0x7B, 0x10, 0xB1, 0xBD, 0x78, 0xAF,
    0x75, 0xA1, 0xC9, 0xB5, 0xCF, 0xBD, 0x1E, 0x61, 0xF3, 0xD1, 0x46, 0x45, 0xC7, 0x4B, 0x0F, 0x6A,
    0x66, 0x3F, 0xAD, 0xB6, 0xB3, 0xEB, 0x41, 0xBF, 0xFF, 0x6F, 0xBB, 0xFF, 0x17, 0x36, 0x88, 0xF6,
    0x98, 0xF3, 0x94, 0xF4, 0x07, 0xA3, 0x3E, 0x53, 0xDB, 0x7A, 0x41, 0x89, 0xFF, 0x5F, 0xE1, 0x1B,
    0xF5, 0x98, 0x92, 0xB5, 0xA1, 0x63, 0x74, 0x74, 0xA2, 0x2B, 0x53, 0x00, 0xA0, 0xF1, 0x6A, 0xA3,
    0x72, 0x53, 0xAB, 0x57, 0x35, 0x53, 0xAD, 0xCA, 0x62, 0x7F, 0x84, 0x56, 0x9D, 0x54, 0xF3, 0xEE,
    0xDB, 0xE7, 0xC5, 0x90, 0xD4, 0xAE, 0xB0, 0x6D, 0xDD, 0x05, 0x36, 0x9B, 0xEA, 0xDB, 0xE6, 0xC5,
    0xD5, 0x0E, 0xEE, 0xCD, 0xD7, 0xC0, 0xA9, 0x5B, 0x75, 0xB3, 0xC1, 0xF5, 0xE6, 0xFC, 0xBE, 0x7D,
    0xAD, 0xF2, 0xFA, 0xBF, 0xED, 0x5C, 0x3D, 0x8C, 0xDD, 0x56, 0x76, 0x3E, 0x24, 0xA5, 0x79, 0x80,
    0x88, 0x2C, 0x5D, 0xD8, 0x5E, 0x58, 0x4A, 0xC0, 0x76, 0xD7, 0x45, 0xD8, 0x03, 0xB6, 0x78, 0x83,
    0x20, 0x29, 0x92, 0xC6, 0x45, 0x9C, 0x05, 0xE2, 0xC2, 0x29, 0x05, 0x37, 0x4A, 0x0F, 0x7B, 0x49,
    0xC4, 0xC5, 0xB6, 0x0A, 0x90, 0xA4, 0x56, 0xA1, 0x00, 0xDE, 0xD9, 0x42, 0xED, 0x16, 0x92, 0xC9,
    0xD4, 0x69, 0x18, 0x20, 0x3F, 0x65, 0x58, 0x38, 0x8D, 0x53, 0x98, 0x05, 0x17, 0xA1, 0x64, 0x92,
    0x27, 0x73, 0xCF, 0xF9, 0xF8, 0x8E, 0x1F, 0x67, 0x67, 0xB2, 0xB2, 0x3C, 0xF6, 0x8C, 0x86, 0x17,
    0x33, 0xFC, 0x0E, 0xDE, 0xE3, 0xDC, 0x7B, 0xDF, 0x3D, 0xDF, 0x77, 0x78, 0x7F, 0xCE, 0x3C, 0x22,
    0xA2, 0x63, 0xD2, 0x12, 0x32, 0x8C, 0x88, 0x4B, 0x35, 0x76, 0x5C, 0xAB, 0x11, 0x73, 0xA3, 0x46,
    0x52, 0xB5, 0x6A, 0xA4, 0x45, 0xA7, 0x46, 0x9E, 0xF5, 0x30, 0x92, 0x41, 0x8D, 0xA7, 0xC9, 0xA8,
    0xC6, 0x18, 0x4F, 0x82, 0xC1, 0x18, 0xB1, 0xB6, 0xD0, 0xC3, 0x88, 0xBA, 0x50, 0xDB, 0xD8, 0xB5,
    0xA4, 0x6D, 0x24, 0x0D, 0x71, 0x23, 0x46, 0x4D, 0x85, 0xB4, 0x91, 0x95, 0x94, 0x4B, 0x1B, 0x39,
    0x91, 0xB6, 0x51, 0x10, 0xA5, 0xA3, 0xB4, 0x40, 0xA4, 0x6D, 0xCC, 0xEF, 0xBF, 0xFF, 0xA1, 0x6F,
    0x23, 0x60, 0x5F, 0xA4, 0xEB, 0x8B, 0xD1, 0x11, 0x49, 0x1B, 0xB1, 0xAF, 0x8C, 0x6B, 0xA9, 0x98,
    0xA4, 0x8D, 0xD4, 0x1B, 0xFE, 0x73, 0x64, 0x8E, 0x48, 0xDA, 0xC8, 0xC9, 0x1B, 0xBD, 0xB4, 0xA0,
    0x6D, 0x30, 0x8C, 0x40, 0x8C, 0x6C, 0xA6, 0x9D, 0xF4, 0xAE, 0xE0, 0x52, 0xAA, 0xCF, 0x98, 0xA7,
    0xBD, 0x41, 0xE7, 0x96, 0x60, 0x82, 0x11, 0xF1, 0xDE, 0x70, 0xA7, 0x8C, 0xC3, 0x9B, 0xAD, 0xDC,
    0xF4, 0x77, 0xDC, 0x61, 0x2E, 0x89, 0x98, 0xB9, 0xA7, 0x88, 0xFF, 0xED, 0xFE, 0x44, 0x3B, 0xF6,
    0x7F, 0xB2, 0x9B, 0x7C, 0xF7, 0x76, 0xBE, 0xB7, 0x2E, 0xF4, 0xD7, 0x92, 0xEE, 0xC9, 0x55, 0x3F,
    0xF0, 0xC1, 0xF5, 0x8D, 0x63, 0xAE, 0x29, 0x65, 0xE6, 0x3A, 0xE0, 0xF9, 0x9F, 0xB8, 0x8E, 0xD9,
    0x11, 0xD7, 0xF2, 0x49, 0xEB, 0xBC, 0xF3, 0xD7, 0xA2, 0x95, 0x6B, 0x73, 0x70, 0x0D, 0xE5, 0xF5,
    0x48, 0xEE, 0x89, 0xB9, 0xCE, 0x06, 0x7A, 0xB7, 0xA8, 0x13, 0xFE, 0xD5, 0x90, 0xF7, 0x3B, 0xE6,
    0x36, 0x67, 0xAA, 0xD8, 0xE5, 0x4C, 0x37, 0xFF, 0x82, 0xD6, 0x25, 0x15, 0x6F, 0xAA, 0x07, 0x0B,
    0x5C, 0xED, 0x95, 0x4C, 0xDE, 0x5D, 0x97, 0x74, 0xA1, 0x59, 0xC1, 0xE0, 0xD2, 0xE7, 0x3F, 0x03,
    0x97, 0xFE, 0x86, 0x26, 0x42, 0x59, 0x8C, 0x70, 0x84, 0x71, 0x1F, 0x0C, 0x0C, 0x78, 0xA9, 0x75,
    0x04, 0xD2, 0x70, 0xCA, 0x78, 0x8F, 0x56, 0xE5, 0x65, 0xF9, 0xBF, 0xF1, 0x3F, 0xA8, 0x7A, 0x19,
    0x2C, 0xF6, 0xDD, 0x7F, 0x5E, 0xD5, 0x44, 0xB1, 0xCB, 0x6A, 0x22, 0x34, 0x45, 0x62, 0x07, 0xEC,
    0xBC, 0x39, 0x19, 0x37, 0x52, 0x67, 0xD7, 0x5B, 0x57, 0x9A, 0xF3, 0xF1, 0x00, 0x23, 0xE9, 0x60,
    0xE4, 0xD2, 0x8B, 0xE0, 0x98, 0x0A, 0x10, 0xA9, 0x1C, 0xF5, 0x06, 0xFE, 0xD7, 0x87, 0x7A, 0xC3,
    0x57, 0xB8, 0xB5, 0xFA, 0xE3, 0x71, 0x61, 0x73, 0x45, 0xA0, 0x44, 0x5A, 0x62, 0x1C, 0x02, 0x47,
    0x28, 0x17, 0x40, 0xDA, 0x2D, 0x68, 0x7F, 0x54, 0x0A, 0x68, 0x18, 0x0E, 0xFD, 0x6B, 0x37, 0xDF,
    0xDB, 0xF5, 0xBE, 0xDA, 0x21, 0xF1, 0x7F, 0xC9, 0x63, 0x26, 0x43, 0xCC, 0xF2, 0xA9, 0x87, 0xA2,
    0x16, 0xEE, 0x26, 0xAD, 0x7C, 0xBE, 0xD0, 0x8F, 0xDC, 0x3D, 0xF9, 0xB1, 0x62, 0x0C, 0x06, 0x85,
    0xC1, 0x61, 0x90, 0x18, 0x2C, 0x06, 0x8D, 0xC1, 0x63, 0x02, 0x91, 0x8D, 0xC9, 0xC4, 0xF5, 0x0A,
    0xC0, 0x66, 0xA5, 0x33, 0x29, 0x9F, 0x49, 0x09, 0x4D, 0xCA, 0x68, 0x52, 0x4A, 0x53, 0xD1, 0x2A,
    0x34, 0x2B, 0x08, 0x3D, 0x08, 0xAF, 0x49, 0x89, 0x4D, 0xCA, 0x6C, 0x52, 0x6A, 0x13, 0xB8, 0x0D,
    0x72, 0x2F, 0xEC, 0x2E, 0xEA, 0x85, 0xD0, 0xED, 0x9A, 0xE2, 0xE1, 0x18, 0x80, 0x84, 0x9F, 0xEF,
    0xD0, 0xED, 0xDB, 0xC9, 0x42, 0xB9, 0xF3, 0xE9, 0x5D, 0x5F, 0x30, 0xBD, 0x37, 0x7A, 0x83, 0xD9,
    0x79, 0xF3, 0x4D, 0x9F, 0x45, 0x03, 0xBD, 0xEF, 0x71, 0xD2, 0xC1, 0xCC, 0x12, 0xD6, 0xF0, 0xCC,
    0xFA, 0x78, 0xFE, 0xC5, 0xA8, 0x33, 0x90, 0x59, 0xBB, 0x9A, 0x95, 0x44, 0x47, 0xA5, 0xFF, 0x39,
    0x55, 0x84, 0x1B, 0x41, 0xC5, 0x83, 0x44, 0x34, 0xF6, 0xFA, 0xC9, 0xA7, 0x3F, 0xF5, 0xBD, 0x29,
    0x3A, 0xE9, 0x7C, 0xD1, 0x50, 0xEA, 0xA1, 0xA6, 0xA4, 0x97, 0xF8, 0x9F, 0x0C, 0x52, 0x19, 0xDC,
    0x91, 0x8C, 0xA7, 0x20, 0xF8, 0xAB, 0xC7, 0xA3, 0x8E, 0xD9, 0xE8, 0x59, 0xFE, 0xE5, 0x87, 0x27,
    0x50, 0xF5, 0xFE, 0xBD, 0x80, 0x6B, 0x0F, 0x11, 0x93, 0x87, 0xDD, 0xAC, 0x30, 0xAD, 0x21, 0xD3,
    0xF7, 0x72, 0xBD, 0xB3, 0x1A, 0xFD, 0x48, 0x47, 0xFF, 0x39, 0x12, 0xF1, 0xF3, 0xEA, 0x53, 0x76,
    0x54, 0xF0, 0x1C, 0xB1, 0x27, 0x7E, 0xEF, 0x81, 0xDE, 0x3F, 0x4D, 0xBD, 0x74, 0x82, 0x91, 0x33,
    0xDE, 0x7C, 0x2D, 0x59, 0x3E, 0x3C, 0x0C, 0xF8, 0x87, 0x82, 0xE3, 0x70, 0x02, 0x1B, 0xFF, 0xB6,
    0x45, 0x60, 0x6F, 0xDC, 0x16, 0xD8, 0x2F, 0x47, 0x60, 0x0F, 0xB8, 0x94, 0xC6, 0x7D, 0x37, 0xC3,
    0x3F, 0x1A, 0x6C, 0x46, 0x18, 0x0C, 0x3E, 0xC2, 0xA7, 0xAD, 0x0F, 0xF0, 0x99, 0xC4, 0xF7, 0xB7,
    0x10, 0xDE, 0x11, 0xDD, 0x25, 0xB8, 0x23, 0xB6, 0x23, 0xB4, 0x5F, 0xE1, 0xD9, 0xF8, 0x0D, 0x0A,
    0x74, 0xB6, 0xCB, 0x6D, 0xD4, 0x2A, 0x95, 0xE6, 0xB8, 0x51, 0x2A, 0x31, 0x1C, 0x5D, 0x17, 0x4C,
    0x62, 0xB8, 0xA3, 0x91, 0xAC, 0x28, 0xC9, 0x61, 0x20, 0xBC, 0x0B, 0xC9, 0xE9, 0xF2, 0x90, 0x7C,
    0x5B, 0x72, 0xC6, 0xCF, 0xE8, 0xAE, 0x7F, 0xA1, 0xF9, 0x84, 0xA8, 0x90, 0xC8, 0xF9, 0x34, 0xF6,
    0xAC, 0x1F, 0xA8, 0x6A, 0xF6, 0x2B, 0x9D, 0x9B, 0x82, 0xF9, 0x40, 0x42, 0x78, 0x7A, 0x95, 0x09,
    0x4F, 0xEF, 0xAF, 0x97, 0xD8, 0xF1, 0x42, 0xA7, 0x94, 0xC1, 0xA2, 0xFC, 0xBF, 0x7A, 0xA3, 0x2E,
    0xD6, 0xDC, 0xAC, 0xD4, 0xD3, 0x67, 0x1E, 0x9E, 0x7A, 0x57, 0x8C, 0xBA, 0xDB, 0x6E, 0xC9, 0x8A,
    0xEA, 0x95, 0xCC, 0x2A, 0xF4, 0xD3, 0x4D, 0xFE, 0x4F, 0xE3, 0x3E, 0x57, 0xC2, 0x77, 0x2B, 0xC2,
    0x5F, 0xBF, 0xFD, 0x96, 0x60, 0xF9, 0xF3, 0xDD, 0xB8, 0x9E, 0xD5, 0x67, 0x35, 0x8C, 0x62, 0xB5,
    0x73, 0xB2, 0xAB, 0x31, 0x09, 0x8A, 0x5A, 0x4C, 0x82, 0xA2, 0x67, 0x41, 0xA5, 0xD5, 0xED, 0xDD,
    0x5A, 0xF1, 0x60, 0x3B, 0x39, 0x26, 0xC9, 0x0B, 0x95, 0xD2, 0x26, 0x25, 0x4C, 0xF3, 0xAB, 0xD2,
    0x77, 0x68, 0xF6, 0x66, 0x24, 0xDD, 0x96, 0x67, 0xFD, 0x3B, 0x37, 0xE9, 0xD7, 0x44, 0x77, 0x65,
    0xEE, 0x93, 0x97, 0xBB, 0x8E, 0x3C, 0x2D, 0x5B, 0x3F, 0xB2, 0x5C, 0xEF, 0xD7, 0xB6, 0xB7, 0x1F,
    0xD1, 0x95, 0x16, 0x42, 0x00, 0x96, 0xE9, 0x2E, 0x93, 0xAD, 0x5C, 0x4D, 0x18, 0xF0, 0x8C, 0x96,
    0x27, 0x97, 0x9B, 0xD2, 0x1B, 0xA5, 0xD3, 0xDE, 0xA2, 0x53, 0x30, 0x59, 0x3C, 0xD2, 0x86, 0xDF,
    0x09, 0xDC, 0xAB, 0x4F, 0x69, 0x2B, 0xF1, 0x0C, 0x23, 0x5D, 0x28, 0x74, 0x63, 0xB7, 0xE7, 0xF4,
    0x62, 0xC4, 0x35, 0x0C, 0x76, 0xEB, 0xB8, 0xFD, 0xD7, 0x97, 0x8D, 0xE4, 0x1B, 0xC9, 0xEF, 0x37,
    0xFB, 0xD9, 0x38, 0x3D, 0x78, 0x4A, 0xBE, 0xDC, 0x95, 0xEB, 0x27, 0xB6, 0x9D, 0xAC, 0x54, 0x8F,
    0xAF, 0x03, 0xD5, 0x6F, 0x12, 0x9D, 0xB7, 0x50, 0x55, 0x7E, 0x17, 0xEC, 0xB0, 0x50, 0x9D, 0x68,
    0x5D, 0xB6, 0x78, 0x7E, 0xA9, 0xE3, 0xB9, 0xE7, 0x5C, 0x26, 0x23, 0x7E, 0x97, 0x28, 0x67, 0xCF,
    0xFB, 0x4F, 0x62, 0xEF, 0x87, 0x5F, 0xCB, 0xE7, 0x79, 0x8D, 0xAC, 0xBC, 0x43, 0x74, 0x5D, 0x62,
    0x3B, 0x18, 0xEB, 0xC4, 0x68, 0x28, 0x55, 0xC6, 0x0E, 0x54, 0x81, 0x71, 0x8C, 0xB8, 0xCF, 0x0C,
    0xCE, 0x64, 0x0C, 0x82, 0x05, 0xBF, 0xBC, 0x7A, 0x8C, 0xDD, 0xD6, 0xA7, 0x2B, 0x86, 0x93, 0x32,
    0xBC, 0x17, 0x86, 0x77, 0xA7, 0x19, 0x7E, 0xED, 0x56, 0xA6, 0x6F, 0x1F, 0xFB, 0xF2, 0x90, 0x72,
    0xF6, 0xA5, 0xA3, 0x37, 0x81, 0xB2, 0xA0, 0x4F, 0x4F, 0x30, 0x3B, 0x41, 0x89, 0x08, 0x27, 0x18,
    0x01, 0xC3, 0x5E, 0x31, 0x58, 0x21, 0xD1, 0xB7, 0x40, 0x66, 0x1E, 0x80, 0xA3, 0xC7, 0xF9, 0xF8,
    0xF8, 0x91, 0xBD, 0xFF, 0x72, 0x98, 0x02, 0xF3, 0x33, 0xB0, 0xD2, 0xCF, 0x19, 0x32, 0x05, 0x7C,
    0xD2, 0xEE, 0x63, 0xC6, 0x38, 0x2C, 0x38, 0xD3, 0x39, 0xA5, 0x70, 0x8A, 0x50, 0x78, 0xC0, 0x8D,
    0x21, 0x5E, 0xB7, 0xFB, 0xAC, 0x04, 0x4E, 0x03, 0x8D, 0x5B, 0x38, 0x58, 0x3D, 0xBB, 0x3F, 0xC9,
    0xC1, 0x09, 0x53, 0x34, 0x7B, 0x06, 0xC5, 0x23, 0x51, 0x55, 0xFB, 0x58, 0x50, 0xB4, 0x69, 0xEF,
    0x7D, 0x96, 0x75, 0xFE, 0x9A, 0x7F, 0xF3, 0xCA, 0xCC, 0xAC, 0xD7, 0x1E, 0xB6, 0x48, 0x1E, 0xD7,
    0x6E, 0x7D, 0xF5, 0xF5, 0x2C, 0x92, 0xF7, 0x31, 0x25, 0xA8, 0xE5, 0x48, 0xB4, 0xF6, 0xBD, 0x2D,
    0x6A, 0xAA, 0xF8, 0x31, 0x3B, 0x4A, 0x45, 0x8A, 0xA1, 0xC4, 0x7E, 0x90, 0xEA, 0x4C, 0x4E, 0xF5,
    0xB8, 0x5A, 0x0B, 0x0D, 0x9D, 0x2A, 0x21, 0xE3, 0xEC, 0x89, 0x59, 0xF1, 0xDF, 0xAB, 0xD2, 0xE3,
    0x8F, 0x28, 0xC7, 0xE0, 0x64, 0xC0, 0xA2, 0x14, 0xF8, 0x31, 0x23, 0x12, 0x0E, 0x40, 0x87, 0xDB,
    0xE8, 0x10, 0x6F, 0x00, 0x7F, 0x27, 0x0E, 0x6F, 0x1C, 0xAE, 0xFC, 0x8D, 0x91, 0x70, 0x6E, 0x27,
    0xB9, 0x22, 0xBB, 0xD2, 0xBB, 0x2B, 0xA0, 0xA4, 0xD9, 0xBB, 0x2E, 0xF0, 0xAF, 0x53, 0x22, 0x94,
    0x4F, 0xF0, 0x1C, 0xB1, 0x53, 0xB8, 0x23, 0x77, 0x55, 0x19, 0x7C, 0xFB, 0x01, 0xE4, 0x38, 0x51,
    0xAA, 0xFD, 0xAE, 0xFD, 0xB4, 0x3F, 0x7A, 0xCE, 0xCF, 0x27, 0x99, 0xE3, 0x66, 0x3C, 0x7A, 0x2C,
    0x77, 0x8C, 0xE7, 0xF1, 0x47, 0x4E, 0x71, 0xE3, 0xD8, 0x0B, 0x70, 0xEC, 0xE8, 0xA1, 0xC8, 0x78,
    0xA6, 0xC4, 0x11, 0x73, 0x93, 0xB8, 0xF0, 0x39, 0xCF, 0x15, 0x45, 0x6D, 0xCA, 0x13, 0x45, 0x35,
    0x22, 0xC1, 0xED, 0x92, 0xE8, 0x6A, 0x47, 0xC3, 0x80, 0x15, 0xA3, 0x49, 0x31, 0xEE, 0x35, 0xA9,
    0x45, 0x25, 0xC3, 0x5D, 0x2E, 0x6F, 0xF2, 0x70, 0x4F, 0xDE, 0xFC, 0x5A, 0xEF, 0x4A, 0xDB, 0x4A,
    0xB0, 0x40, 0x8A, 0xD6, 0x28, 0x54, 0x91, 0x05, 0xD8, 0x7B, 0x1B, 0xD7, 0x5E, 0x3C, 0x9E, 0x99,
    0x48, 0xD9, 0xED, 0x9D, 0xF1, 0x86, 0xA6, 0x11, 0x15, 0xBD, 0x4E, 0x53, 0xC7, 0x3F, 0xB4, 0x34,
    0xA2, 0x78, 0x28, 0x4A, 0x89, 0x73, 0x69, 0xEB, 0xEF, 0x90, 0xC1, 0xA2, 0x47, 0x76, 0x12, 0xB1,
    0x22, 0x24, 0x18, 0x09, 0x4A, 0x82, 0x93, 0x20, 0x25, 0x58, 0x49, 0x4A, 0x4B, 0x52, 0x5E, 0x92,
    0x12, 0x93, 0x94, 0x99, 0x94, 0x1F, 0x02, 0x33, 0x33, 0xA0, 0x57, 0xE8, 0xC0, 0xCC, 0x3D, 0x74,
    0x2B, 0x00, 0x49, 0xC1, 0x52, 0xA3, 0x29, 0x29, 0x4F, 0x09, 0x44, 0x05, 0x53, 0x41, 0x55, 0x70,
    0x15, 0x64, 0x4D, 0x7A, 0x10, 0x74, 0x54, 0x0C, 0x41, 0x58, 0x2A, 0x90, 0x82, 0x95, 0xD6, 0x1A,
    0xF0, 0xC2, 0x4F, 0x79, 0xA0, 0x15, 0x5B, 0xDD, 0x21, 0x5B, 0xA3, 0x6F, 0xCD, 0xD6, 0x8D, 0xAD,
    0x67, 0x64, 0x05, 0xE9, 0xEE, 0xF9, 0xB8, 0x63, 0x77, 0x3A, 0x2B, 0xA8, 0xFA, 0xC5, 0x20, 0x2B,
    0x99, 0x60, 0xC6, 0x09, 0xA9, 0x23, 0xBA, 0xE5, 0x7E, 0xEB, 0xF9, 0xE8, 0xEB, 0x58, 0xA4, 0xF6,
    0x58, 0xC2, 0xC9, 0x4A, 0xF3, 0x1F, 0xB9, 0x91, 0x61, 0x17, 0x02, 0xB6, 0xC2, 0xD1, 0xAA, 0x16,
    0x22, 0x70, 0x49, 0xBB, 0x59, 0x36, 0xEC, 0x23, 0xF6, 0x9D, 0xF6, 0x10, 0xAD, 0xC0, 0x17, 0x80,
    0x53, 0x10, 0xCE, 0x13, 0xED, 0x81, 0x4F, 0x83, 0xD4, 0x69, 0xB3, 0x5E, 0x39, 0x0B, 0xFF, 0x7D,
    0xA5, 0xF2, 0xC7, 0x92, 0xE5, 0xB3, 0x1B, 0x7D, 0xCF, 0x9E, 0x73, 0xAF, 0xFD, 0x6C, 0xA4, 0xD7,
    0x52, 0x9F, 0xA5, 0x05, 0xAD, 0x52, 0x1F, 0x62, 0x6E, 0x0F, 0x0F, 0x11, 0x42, 0xE0, 0xAE, 0xD5,
    0x98, 0xAB, 0x93, 0x46, 0xEE, 0x3E, 0x46, 0xCC, 0x7D, 0x7D, 0x8B, 0xB9, 0x17, 0x16, 0x73, 0x2D,
    0xC3, 0xA7, 0xB3, 0x0C, 0x1F, 0x92, 0x6B, 0xD0, 0xFB, 0xE0, 0x9B, 0xB5, 0x3E, 0xF6, 0xE6, 0x96,
    0xE1, 0xC3, 0x08, 0xBC, 0x88, 0xBB, 0x08, 0xBB, 0x88, 0xBA, 0x57, 0x77, 0x0E, 0x10, 0x38, 0x15,
    0x5D, 0x36, 0xE8, 0x91, 0x56, 0xC5, 0x7F, 0x37, 0x78, 0x64, 0xD6, 0x91, 0xE9, 0xEE, 0x70, 0xA3,
    0xDB, 0xA1, 0x95, 0xF1, 0x5A, 0xF9, 0xAA, 0xC8, 0x1D, 0x81, 0xAF, 0xB4, 0xF1, 0xF5, 0x02, 0xF9,
    0x8A, 0x5D, 0xFD, 0x77, 0x89, 0x72, 0x7E, 0xF0, 0x64, 0x49, 0xD6, 0x19, 0xEF, 0x70, 0x4F, 0xD4,
    0x5B, 0xB2, 0x8E, 0xE7, 0xAE, 0xAD, 0x65, 0x79, 0xA4, 0x57, 0x98, 0xBB, 0xF4, 0x06, 0x28, 0x89,
    0xC8, 0x1A, 0x70, 0x0F, 0x2E, 0x22, 0x2B, 0xF4, 0xEB, 0xF9, 0x60, 0x06, 0x90, 0x83, 0x8B, 0x93,
    0x72, 0x31, 0x78, 0x48, 0xF4, 0xF0, 0x07, 0xE7, 0xE2, 0xB6, 0x87, 0x04, 0xC6, 0xE6, 0xC6, 0xD8,
    0x80, 0xE7, 0x7D, 0xCE, 0x4D, 0x22, 0x39, 0x37, 0x59, 0x9D, 0x74, 0xC2, 0xDB, 0xC1, 0x78, 0x7B,
    0xFD, 0x76, 0xA1, 0xAA, 0x99, 0x22, 0xE6, 0x3A, 0xFA, 0xCD, 0xFD, 0x36, 0x2A, 0xE3, 0x8E, 0xC8,
    0xFF, 0xA6, 0xAD, 0xE4, 0x37, 0xC7, 0xB3, 0x66, 0x6B, 0xC4, 0xB5, 0xFE, 0x06, 0x6E, 0x61, 0xF3,
    0x2F, 0x73, 0xE6, 0xE9, 0x4D, 0xE6, 0x2F, 0x28, 0xD7, 0x24, 0x67, 0xF1, 0xF4, 0xF7, 0xF2, 0x3B,
    0x4A, 0x36, 0x75, 0xC0, 0xEC, 0x7C, 0x1F, 0xFC, 0x6F, 0x50, 0x7D, 0x41, 0x09, 0xCF, 0x94, 0x7C,
    0xC9, 0x2E, 0xA1, 0xBC, 0xBC, 0x41, 0x59, 0x4D, 0x27, 0x48, 0x47, 0x2C, 0xF7, 0x52, 0xFE, 0x80,
    0x28, 0xC7, 0xDE, 0xD8, 0x5B, 0x64, 0xD4, 0xF2, 0x63, 0xCA, 0x2D, 0xFD, 0x98, 0x5B, 0xDD, 0xAB,
    0xCF, 0xBF, 0xC3, 0xDF, 0xAA, 0xA3, 0x23, 0x9E, 0xC8, 0xFB, 0xDD, 0xFF, 0x5E, 0xB6, 0x31, 0x3B,
    0x3C, 0xCA, 0x6F, 0xF5, 0xBE, 0x6C, 0x44, 0xBF, 0x46, 0xA5, 0x01, 0x4E, 0x48, 0x64, 0x6C, 0xB8,
    0x93, 0x5F, 0xB1, 0xF3, 0x9A, 0xAC, 0xFC, 0x30, 0xE3, 0x49, 0x28, 0x2F, 0xD0, 0xC7, 0x23, 0xE6,
    0x2F, 0xD0, 0x4F, 0x51, 0x35, 0x45, 0xFC, 0xFC, 0x03, 0x6E, 0xB1, 0xA5, 0x97, 0x8D, 0x88, 0x17,
    0x3B, 0xC6, 0x11, 0x4E, 0xC0, 0xA5, 0x97, 0xBB, 0x4E, 0xD5, 0x23, 0x86, 0x82, 0x62, 0x31, 0xB2,
    0x9E, 0x92, 0x09, 0xC7, 0x37, 0xC9, 0x08, 0xC9, 0xA6, 0x6A, 0x4C, 0x5A, 0x97, 0x57, 0x4F, 0x3E,
    0x88, 0xC1, 0x30, 0x76, 0xEC, 0x5B, 0x78, 0x09, 0xC3, 0x2A, 0xCC, 0xF6, 0x86, 0x36, 0x3A, 0x5B,
    0xEB, 0xFB, 0x8E, 0xC5, 0x33, 0x66, 0x61, 0x4B, 0xE7, 0xF1, 0x71, 0xE4, 0x24, 0xA5, 0x41, 0xEC,
    0x2C, 0x3A, 0xD2, 0xF7, 0xD3, 0x89, 0xB4, 0x8E, 0x1D, 0xFF, 0xF7, 0x11, 0x56, 0x59, 0xCC, 0x5C,
    0x6A, 0x3B, 0x3C, 0x20, 0xAE, 0x9E, 0x7D, 0x2A, 0xBD, 0xEB, 0x15, 0x31, 0x20, 0xA8, 0x12, 0xC6,
    0xEA, 0x2D, 0xBB, 0x19, 0x05, 0x39, 0xE1, 0x01, 0xF3, 0x03, 0x7D, 0x4C, 0x8D, 0xB2, 0xAB, 0xF0,
    0x01, 0x3B, 0xE9, 0xB4, 0xF7, 0x80, 0x77, 0x52, 0x27, 0x35, 0x24, 0x83, 0xFF, 0xA1, 0x78, 0xF4,
    0x2F, 0xD0, 0x6E, 0x92, 0xC8, 0x16, 0xCD, 0x0A, 0x2C, 0x74, 0x79, 0x31, 0xE8, 0x0C, 0x66, 0xD4,
    0x89, 0x16, 0xD0, 0x9E, 0x7F, 0xC1, 0xBF, 0x11, 0xB2, 0x93, 0xE1, 0xAB, 0xBE, 0x90, 0x25, 0x58,
    0xC6, 0x3C, 0xAF, 0x76, 0x15, 0xCE, 0x1A, 0x16, 0x7C, 0xF2, 0xD4, 0xC0, 0x5E, 0x8C, 0x7B, 0x3A,
    0x43, 0x50, 0x8E, 0x30, 0x2A, 0x8D, 0x18, 0xE1, 0xB3, 0x0F, 0x3B, 0x7D, 0xA5, 0xDE, 0x0F, 0x60,
    0xD4, 0xAF, 0x92, 0x25, 0x83, 0xAA, 0x41, 0xCB, 0xEC, 0x60, 0x74, 0xCB, 0xBD, 0xED, 0xDA, 0x08,
    0xDC, 0xC5, 0xA9, 0x64, 0x53, 0xC9, 0xFD, 0x09, 0xEE, 0xAB, 0xC9, 0x53, 0xEB, 0xB1, 0x2C, 0x7F,
    0x1A, 0x84, 0x56, 0x78, 0x25, 0x56, 0x28, 0x1A, 0xAD, 0xC2, 0x81, 0x33, 0x02, 0xCD, 0x37, 0x21,
    0x2C, 0x5F, 0x61, 0xBD, 0x64, 0xED, 0x3A, 0x41, 0x92, 0xE5, 0x7A, 0xEB, 0xB3, 0x10, 0x8A, 0x99,
    0x77, 0xD8, 0x09, 0xE4, 0x3F, 0x53, 0xCE, 0x72, 0x55, 0x63, 0xDB, 0x2E, 0x59, 0x46, 0x32, 0x1A,
    0x96, 0xE7, 0xC1, 0xCF, 0x97, 0xBD, 0x9F, 0x9B, 0x84, 0x72, 0xA1, 0x3C, 0xDF, 0x9E, 0x06, 0x6F,
    0x3F, 0xF8, 0xA6, 0xFB, 0x58, 0xD2, 0xDE, 0xC5, 0x75, 0xD9, 0x28, 0x8E, 0x2B, 0x58, 0x8E, 0xC9,
    0xB4, 0x8A, 0x68, 0xCA, 0x1A, 0x71, 0x98, 0x10, 0x3D, 0x2B, 0x03, 0x7F, 0xE3, 0x4F, 0x88, 0x7E,
    0x4A, 0x28, 0xAF, 0x20, 0xCF, 0x43, 0xA6, 0x55, 0x2E, 0xA4, 0xCD, 0x51, 0x92, 0xF6, 0xD6, 0x67,
    0x48, 0x5E, 0x49, 0xB1, 0x1A, 0xBA, 0x97, 0xB3, 0xA3, 0x33, 0x79, 0x3E, 0x7E, 0xFF, 0x3C, 0xDF,
    0x78, 0x7E, 0xEC, 0xBE, 0x49, 0xF1, 0xB4, 0x45, 0x14, 0x0F, 0xBC, 0x77, 0x83, 0x51, 0x87, 0xE8,
    0x5D, 0x64, 0xC3, 0xE6, 0xEA, 0x79, 0xFE, 0xF3, 0xDE, 0x7B, 0x6E, 0x0C, 0x27, 0x9D, 0x66, 0xE7,
    0x3E, 0xA4, 0x39, 0xFF, 0x73, 0xAA, 0xE0, 0x3F, 0x9B, 0xC5, 0x5B, 0x3B, 0x66, 0x96, 0x94, 0xA0,
    0xBF, 0xE4, 0x46, 0xA6, 0xB3, 0x59, 0xBF, 0x1C, 0xA9, 0xE0, 0x80, 0xC5, 0xB3, 0x3E, 0x64, 0xFF,
    0x02, 0x05, 0xEC, 0xC4, 0x19, 0x5C, 0x2A, 0xD4, 0xC9, 0xF0, 0xA2, 0x30, 0x1A, 0x70, 0x89, 0x3A,
    0xD1, 0x02, 0xDA, 0x0B, 0xD8, 0xE9, 0x81, 0x4E, 0xA3, 0x2B, 0x85, 0x67, 0x01, 0xD2, 0xDF, 0x94,
    0x2A, 0x3C, 0x20, 0xDF, 0x7D, 0x5D, 0xAA, 0x1E, 0x06, 0x4F, 0x30, 0xDC, 0x5D, 0x42, 0xD9, 0x1B,
    0x4F, 0x11, 0xEA, 0x93, 0x1E, 0xA1, 0x3E, 0x29, 0x11, 0xEA, 0xFF, 0x84, 0xB6, 0x50, 0x7F, 0xD9,
    0x42, 0xBD, 0x4E, 0x2F, 0x03, 0x6C, 0x88, 0x95, 0x4F, 0x04, 0xE8, 0x13, 0x85, 0x27, 0x12, 0xF8,
    0x63, 0x09, 0xEB, 0x63, 0x22, 0x8D, 0xF2, 0x2D, 0xBA, 0xC6, 0x81, 0x5F, 0xCA, 0x6B, 0xE0, 0x66,
    0xC4, 0x4E, 0x13, 0x2B, 0x13, 0x1E, 0x32, 0x8F, 0xF2, 0x07, 0xCA, 0xF5, 0x65, 0x40, 0xDF, 0x41,
    0x64, 0xD1, 0x02, 0x65, 0xC0, 0x48, 0x67, 0x18, 0x39, 0xBB, 0x4B, 0xA8, 0x8C, 0x6D, 0x49, 0x2C,
    0x7C, 0x49, 0xC4, 0xC1, 0x6D, 0x6E, 0xEE, 0xBD, 0xBB, 0x13, 0xE7, 0x7E, 0x2C, 0x55, 0xD3, 0x6B,
    0x07, 0xFF, 0x17, 0x88, 0xEE, 0x52, 0xC1, 0x74, 0xCD, 0x75, 0x62, 0x28, 0x0E, 0x03, 0xD1, 0x61,
    0x14, 0x5C, 0xAA, 0xC1, 0x45, 0x23, 0x18, 0x9D, 0x9A, 0x0E, 0xA5, 0x35, 0x7D, 0xEE, 0xD1, 0x8F,
    0xD2, 0xED, 0x2B, 0xC8, 0xF8, 0x6D, 0x13, 0x08, 0x8A, 0xC0, 0xEE, 0x48, 0x3E, 0x0B, 0x54, 0xE2,
    0xA7, 0x40, 0x23, 0x5D, 0x34, 0xA6, 0xE2, 0xAC, 0x45, 0x18, 0x34, 0xAA, 0xBF, 0xCF, 0x13, 0xC6,
    0xB6, 0xA3, 0x64, 0xF5, 0x80, 0x18, 0xA0, 0x2F, 0x4A, 0xD1, 0x2E, 0x16, 0x97, 0x30, 0x82, 0x99,
    0xD6, 0xFB, 0x4B, 0x14, 0x37, 0x8B, 0x75, 0xCB, 0x26, 0xAC, 0x96, 0xF4, 0xA0, 0xE4, 0x84, 0xC4,
    0x76, 0xEC, 0xA0, 0xB1, 0x88, 0xDD, 0x22, 0x32, 0xDE, 0xAB, 0xAC, 0xD8, 0xCB, 0xEC, 0xE9, 0xA2,
    0xB3, 0x7F, 0x1E, 0x16, 0xA1, 0x7D, 0xD5, 0x2E, 0x64, 0x65, 0xCF, 0x3A, 0xF0, 0xD7, 0x28, 0x6D,
    0x62, 0x33, 0xBE, 0x9B, 0xDC, 0x4C, 0x1E, 0x26, 0x38, 0x68, 0xE7, 0x25, 0x2D, 0xAB, 0xD9, 0x94,
    0x67, 0xD2, 0xB3, 0xBE, 0x58, 0x4F, 0x4D, 0x7D, 0x26, 0x3F, 0xD3, 0x9F, 0x09, 0xD0, 0x14, 0x68,
    0x12, 0x34, 0x0D, 0x9A, 0x08, 0x4D, 0x85, 0x87, 0x32, 0x0C, 0x60, 0xC5, 0x6C, 0x0A, 0x33, 0x17,
    0x23, 0xB5, 0xC6, 0x56, 0x9E, 0xC1, 0x68, 0x59, 0x23, 0xAF, 0x7B, 0x8F, 0x95, 0x96, 0xB4, 0xC7,
    0x25, 0xB0, 0x16, 0x05, 0x05, 0x5C, 0xAB, 0x84, 0x8A, 0x52, 0x35, 0x94, 0x3B, 0x15, 0x51, 0x0E,
    0x15, 0x3D, 0x51, 0x19, 0xFD, 0x6F, 0xAF, 0xBC, 0xE6, 0x72, 0xA1, 0xF9, 0xC2, 0x7A, 0x88, 0x00,
    0xC8, 0x04, 0x89, 0x7C, 0x0B, 0xEC, 0xC8, 0x70, 0xB6, 0xFA, 0x97, 0xF6, 0xA0, 0xAB, 0x45, 0x58,
    0x7B, 0x65, 0x41, 0x5A, 0xD0, 0x96, 0x89, 0xCB, 0x54, 0x81, 0xB0, 0x63, 0x2A, 0x02, 0x93, 0xEC,
    0x5F, 0x56, 0x50, 0xAA, 0x72, 0xB1, 0xB2, 0x66, 0x7F, 0x63, 0xB7, 0x58, 0xC1, 0x40, 0x4B, 0xB9,
    0xB7, 0xE9, 0xE3, 0xF2, 0xE8, 0x03, 0xEE, 0x45, 0x57, 0xCC, 0xB5, 0x11, 0xAF, 0xA2, 0x5E, 0x56,
    0x1F, 0xBA, 0x34, 0x1C, 0x54, 0x1F, 0x74, 0xEF, 0x7A, 0xEB, 0x63, 0x7D, 0x24, 0x61, 0x67, 0x12,
    0x76, 0x28, 0x61, 0xA7, 0x12, 0xEB, 0xC7, 0x46, 0xD2, 0xD1, 0xEA, 0x60, 0x42, 0xD8, 0x0F, 0xAB,
    0xA3, 0xD5, 0x91, 0x04, 0x2C, 0x64, 0x12, 0xFD, 0xB0, 0xEA, 0xD9, 0xD4, 0x83, 0x43, 0x0C, 0x3B,
    0xC5, 0xC0, 0x31, 0x86, 0x9D, 0x63, 0x98, 0x0F, 0x63, 0x60, 0xD1, 0xA0, 0x2E, 0x67, 0xD3, 0x15,
    0x1C, 0x63, 0xBC, 0x2E, 0xA8, 0x6A, 0x0A, 0xCB, 0xEB, 0xA9, 0xA6, 0xA3, 0x47, 0x84, 0x92, 0xB1,
    0xDB, 0xD5, 0xF0, 0x40, 0x17, 0xAB, 0x35, 0x57, 0xF3, 0x63, 0xE7, 0x8D, 0xA0, 0x8B, 0x99, 0x55,
    0x60, 0x2D, 0xF1, 0x48, 0x28, 0xB7, 0x1F, 0x6C, 0x4F, 0x96, 0x4B, 0xA3, 0x0D, 0xB8, 0x12, 0x8E,
    0x84, 0x1B, 0xE1, 0xC4, 0xD2, 0x5C, 0x18, 0x76, 0xC4, 0xA3, 0x70, 0x9F, 0x6E, 0x3D, 0xD8, 0x9E,
    0x24, 0x97, 0x86, 0xBF, 0x5B, 0x6C, 0x3F, 0x7F, 0x0D, 0x8F, 0xE1, 0x42, 0xDD, 0x2B, 0xCB, 0xDE,
    0xC5, 0x5F, 0x9C, 0x95, 0x7A, 0x4F, 0x1B, 0xE3, 0x4F, 0x0D, 0xAE, 0x0D, 0x5E, 0xBA, 0xC2, 0x04,
    0x18, 0xF7, 0xAB, 0x04, 0xD2, 0xCF, 0xE8, 0xE8, 0xE4, 0x52, 0x30, 0x4F, 0xB4, 0x63, 0x1E, 0xDF,
    0x64, 0x7E, 0x44, 0xC1, 0x63, 0xFE, 0x7B, 0xC9, 0x26, 0xA3, 0xDD, 0x08, 0x6A, 0x45, 0x03, 0x8C,
    0xB0, 0xBF, 0x52, 0x46, 0xFA, 0xDB, 0x8D, 0xA8, 0x93, 0x21, 0x81, 0x31, 0x61, 0x96, 0x21, 0xD2,
    0x4E, 0x1A, 0x50, 0x2A, 0xAF, 0x35, 0x4F, 0x37, 0x60, 0x27, 0x84, 0x3F, 0x7E, 0xAC, 0x2A, 0x62,
    0xE6, 0x0E, 0x33, 0x97, 0xD9, 0x61, 0x9D, 0xEC, 0xE8, 0xAC, 0xF2, 0x39, 0x30, 0x64, 0x67, 0x74,
    0x3D, 0x34, 0xC2, 0xC5, 0xA0, 0x19, 0x48, 0xD0, 0x58, 0x2D, 0xC9, 0x6F, 0x7C, 0x82, 0xD5, 0x09,
    0x7E, 0x70, 0x82, 0x77, 0xB8, 0x51, 0x81, 0x7A, 0xAC, 0x4E, 0xB0, 0x02, 0x16, 0xDF, 0x13, 0x56,
    0x86, 0xF2, 0x1A, 0x37, 0x42, 0xF7, 0x50, 0xB0, 0xA3, 0x9D, 0xC7, 0x6C, 0xD2, 0xEF, 0x58, 0x48,
    0xF8, 0xEB, 0xD9, 0xD3, 0x28, 0x62, 0x1E, 0x33, 0xC9, 0xDE, 0xE3, 0x26, 0xF5, 0x78, 0x16, 0x8B,
    0x29, 0x2F, 0x15, 0xB9, 0x01, 0xB6, 0x2B, 0x6C, 0x0E, 0xEE, 0x3B, 0xFB, 0x1F, 0x9F, 0x29, 0x61,
    0x86, 0x02, 0xFE, 0xA1, 0x72, 0x62, 0xFC, 0x9E, 0xFD, 0x15, 0x0C, 0x4B, 0xEF, 0xBD, 0xC3, 0xCB,
    0x3B, 0xC3, 0x62, 0xB8, 0xC5, 0xA0, 0xB5, 0x71, 0x83, 0x2E, 0x4C, 0x43, 0x9B, 0x86, 0x02, 0xB8,
    0x3A, 0x61, 0x64, 0xC4, 0x7F, 0xA9, 0xC2, 0xF9, 0x11, 0x9C, 0x76, 0x43, 0xD1, 0x7C, 0x77, 0xC4,
    0x70, 0xCF, 0x08, 0x74, 0x40, 0x3A, 0xC4, 0xB7, 0x80, 0xD7, 0x4F, 0x62, 0x16, 0x9D, 0xB8, 0x59,
    0x47, 0x23, 0xDA, 0xCD, 0x84, 0x92, 0x0C, 0x8B, 0x95, 0xB6, 0x64, 0x2A, 0xB0, 0xC3, 0x74, 0x94,
    0x87, 0xF8, 0x7E, 0x0E, 0xDC, 0xB1, 0xBF, 0xB7, 0xE8, 0x20, 0x85, 0x87, 0x45, 0x0F, 0x2D, 0xF4,
    0x79, 0x0F, 0x31, 0xF4, 0x49, 0x07, 0x35, 0xF4, 0xBB, 0x0E, 0x72, 0xE8, 0xE3, 0x76, 0x21, 0x59,
    0x5A, 0xC3, 0xFA, 0x4D, 0x45, 0xB0, 0x78, 0x58, 0xAC, 0xD9, 0x19, 0x19, 0x2F, 0xAB, 0x95, 0x9E,
    0xB6, 0x4C, 0x25, 0x26, 0x13, 0xD3, 0x89, 0x09, 0xC5, 0x94, 0x62, 0x52, 0x31, 0xAD, 0x98, 0x58,
    0x4C, 0x2D, 0x90, 0x8B, 0xFD, 0x4F, 0xC2, 0x61, 0x90, 0x0C, 0xB8, 0x56, 0x23, 0xE2, 0xFF, 0xFF,
    0x9B, 0x2F, 0x7F, 0xBE, 0x4C, 0xA8, 0x1E, 0xC9, 0x8E, 0x95, 0xD5, 0x00, 0xA3, 0xD9, 0x53, 0x07,
    0x5A, 0xC9, 0x6B, 0x88, 0x25, 0xAD, 0xA1, 0x96, 0xAC, 0x84, 0x5C, 0x72, 0xF0, 0xF6, 0x3F, 0x46,
    0x10, 0x9A, 0x5B, 0x18, 0xCF, 0xC8, 0x28, 0x7E, 0xC1, 0x46, 0x75, 0x60, 0x40, 0x3F, 0x26, 0xA0,
    0x45, 0x41, 0x26, 0xA1, 0x45, 0x43, 0x22, 0xA2, 0xC1, 0x8B, 0xC8, 0x54, 0x64, 0x32, 0xB2, 0x24,
    0x94, 0x90, 0xEB, 0x95, 0x9E, 0xB4, 0x56, 0x94, 0xC4, 0xF6, 0xAA, 0x46, 0xA2, 0x53, 0x0F, 0xF6,
    0xCC, 0x2D, 0xD6, 0x51, 0xB9, 0xE9, 0xE8, 0xD2, 0xE8, 0x28, 0x58, 0x7D, 0x99, 0xB2, 0x69, 0x00,
    0xD4, 0x92, 0x1A, 0x3A, 0x18, 0xBB, 0xE1, 0xD4, 0x97, 0x1E, 0xE5, 0x44, 0x58, 0x8A, 0xBB, 0x4D,
    0x47, 0xE7, 0xE8, 0x68, 0x3D, 0x57, 0xB3, 0xC9, 0x9A, 0xCD, 0xD6, 0xD6, 0xD3, 0x35, 0x58, 0x78,
    0xE8, 0xDB, 0x8C, 0xCD, 0xA6, 0x6C, 0xB0, 0x4C, 0x4D, 0x64, 0xD6, 0xA2, 0xB2, 0x1B, 0x3F, 0xB0,
    0xCA, 0x36, 0x95, 0x61, 0x76, 0x67, 0xD3, 0x3B, 0x9B, 0xDF, 0xD9, 0x04, 0xCF, 0x66, 0x78, 0xE6,
    0xED, 0x23, 0x26, 0x9B, 0xE4, 0x99, 0xAB, 0x4D, 0x77, 0x30, 0xB8, 0xD4, 0x89, 0xDE, 0x69, 0xDD,
    0x6D, 0xBA, 0x7B, 0xDB, 0xC1, 0x08, 0x78, 0xA0, 0x77, 0xB1, 0x3B, 0xC6, 0xEE, 0x63, 0x75, 0xC7,
    0xFF, 0xF0, 0xF3, 0x51, 0x2D, 0x57, 0x30, 0xF2, 0x25, 0x29, 0xB6, 0xE7, 0xDB, 0x47, 0xDB, 0xB3,
    0xEA, 0xD2, 0xA8, 0x08, 0xAE, 0x34, 0x4F, 0x9A, 0x23, 0xE1, 0x47, 0x73, 0x23, 0xBC, 0xF8, 0x3A,
    0x9C, 0xB8, 0x3D, 0x99, 0xCE, 0x7F, 0x32, 0x5D, 0x1E, 0x96, 0x6F, 0x2C, 0x3F, 0x6F, 0x3F, 0xCD,
    0x96, 0xB0, 0x68, 0x65, 0x6D, 0x85, 0x7B, 0x8B, 0x66, 0x3A, 0x6F, 0x17, 0xF9, 0x6C, 0x49, 0x6C,
    0x92, 0x38, 0x6F, 0x87, 0x8E, 0x6C, 0x90, 0xDA, 0x53, 0x46, 0xB3, 0xBE, 0x19, 0xC5, 0x6A, 0x4E,
    0xC7, 0xF5, 0xFE, 0x83, 0xF9, 0xB3, 0xAA, 0x2D, 0x1B, 0x66, 0x75, 0x9C, 0x1F, 0x8C, 0x84, 0xF2,
    0x13, 0xE0, 0xE9, 0xAF, 0x44, 0x78, 0x44, 0xC7, 0xC7, 0xC7, 0xAE, 0x60, 0x1E, 0x88, 0x99, 0xDD,
    0x1D, 0x9E, 0xDF, 0xA3, 0x9F, 0xF1, 0x44, 0xC4, 0x03, 0xBE, 0x3C, 0xB5, 0xF0, 0x46, 0x51, 0x63,
    0x3A, 0x51, 0x2C, 0xE4, 0xFD, 0x7C, 0xE1, 0xEE, 0x88, 0x75, 0x40, 0xD4, 0x2B, 0x2D, 0xD0, 0x3E,
    0x37, 0xCA, 0x6A, 0x2A, 0x3A, 0x4A, 0x4B, 0x4C, 0x3D, 0x73, 0x6C, 0xAF, 0x83, 0x98, 0xF1, 0x4C,
    0x23, 0xA8, 0x18, 0xF6, 0x60, 0xD3, 0xA7, 0xE8, 0x3D, 0xFF, 0x4B, 0xA3, 0x46, 0xF1, 0x15, 0xC6,
    0x25, 0x63, 0x45, 0x4A, 0xE6, 0xC5, 0x98, 0x2E, 0xDC, 0x48, 0x2D, 0xF7, 0xF5, 0x81, 0x60, 0xCE,
    0xCC, 0xA5, 0x19, 0xB6, 0x18, 0x0A, 0xB9, 0x5E, 0x6D, 0xBB, 0x76, 0x87, 0x6B, 0xDC, 0x68, 0x5C,
    0x69, 0x2C, 0x73, 0xB6, 0xB6, 0x3D, 0xB3, 0x54, 0xCC, 0x32, 0xE3, 0x67, 0x45, 0x97, 0xF2, 0x33,
    0xBA, 0x79, 0xF2, 0x1B, 0x61, 0xA3, 0x4B, 0x84, 0x98, 0xD5, 0x44, 0x1E, 0xF3, 0x52, 0xF9, 0x9C,
    0xA3, 0xF9, 0x02, 0xF9, 0x67, 0x4F, 0xB1, 0x63, 0xE5, 0x7B, 0x10, 0x8F, 0x9A, 0x24, 0xB5, 0x9B,
    0x34, 0x3C, 0x45, 0xAC, 0x21, 0x29, 0x60, 0xB7, 0x6B, 0x55, 0xE2, 0x49, 0xA3, 0xCC, 0x4A, 0x6A,
    0x0D, 0xED, 0xF0, 0x5F, 0xA7, 0xEE, 0x4B, 0x7B, 0xC5, 0x64, 0x78, 0x2A, 0x18, 0x8F, 0x70, 0xE2,
    0xA4, 0x18, 0x32, 0x3E, 0x30, 0x77, 0x87, 0x54, 0x2F, 0x96, 0x81, 0xA9, 0x0F, 0x09, 0x5F, 0x28,
    0x10, 0xDB, 0x32, 0xD1, 0xC6, 0xCB, 0xD6, 0x8F, 0x69, 0x67, 0xD5, 0x58, 0xD0, 0xBA, 0x59, 0xCD,
    0x98, 0x23, 0xF7, 0x8A, 0xCF, 0xDD, 0xC6, 0xED, 0xEF, 0x8A, 0xDB, 0xE7, 0x96, 0x68, 0x38, 0x55,
    0xF3, 0x7C, 0xE6, 0xA7, 0x88, 0x86, 0x8D, 0xD5, 0x85, 0x53, 0x56, 0x73, 0x2D, 0xAC, 0x0E, 0xB8,
    0x11, 0x56, 0x0B, 0xFA, 0x6A, 0xB8, 0x56, 0x56, 0x17, 0xEE, 0x0C, 0x56, 0x9F, 0x91, 0x06, 0xC6,
    0xE8, 0x4A, 0xF0, 0xEC, 0x43, 0xF4, 0xB1, 0x89, 0x86, 0x75, 0x0A, 0x58, 0x0C, 0x23, 0xA8, 0xDA,
    0xF5, 0x97, 0x52, 0x77, 0xB4, 0x36, 0x5A, 0x42, 0x71, 0xDF, 0xF9, 0xF3, 0x62, 0xD3, 0x54, 0xB8,
    0x3F, 0xB4, 0x99, 0x04, 0xB3, 0x2F, 0x59, 0xF0, 0x0F, 0xA8, 0x70, 0x58, 0xD2, 0x3B, 0xA8, 0xE4,
    0xF0, 0xA9, 0x5F, 0xAC, 0xBE, 0x6E, 0xF8, 0x2E, 0x1D, 0xE2, 0x4F, 0xBF, 0x9B, 0xE7, 0xC7, 0xF6,
    0xFC, 0x58, 0x7D, 0x95, 0x7E, 0xCC, 0x4D, 0xD0, 0x29, 0xA3, 0xC6, 0x50, 0x8C, 0xFC, 0x31, 0xFF,
    0x4A, 0x3A, 0xF5, 0x71, 0x88, 0x8C, 0xBC, 0x27, 0xF6, 0x5F, 0x32, 0xE1, 0xA3, 0x0B, 0x9B, 0x6C,
    0x6D, 0xE2, 0x79, 0xF9, 0xEF, 0x49, 0xDE, 0xC4, 0xF1, 0xF2, 0xE2, 0xF8, 0x3F, 0xCD, 0x5A, 0x3D,
    0xAC, 0xDD, 0xC8, 0x75, 0xFE, 0x48, 0x5A, 0xE2, 0x46, 0x2C, 0x66, 0x0B, 0xC9, 0x30, 0xB4, 0x40,
    0xD8, 0xDA, 0xC2, 0x26, 0x6C, 0x6D, 0x40, 0x4F, 0x33, 0xDB, 0x37, 0xAF, 0xD8, 0x17, 0x03, 0x49,
    0x91, 0x66, 0x03, 0x04, 0xDA, 0x62, 0xDB, 0x04, 0x58, 0x89, 0x74, 0x5C, 0xBA, 0xF0, 0x2B, 0xE2,
    0xDA, 0x2A, 0x5C, 0x48, 0x2F, 0x40, 0x54, 0x07, 0x78, 0xFB, 0x66, 0x92, 0x94, 0x29, 0xC2, 0x26,
    0x55, 0x0A, 0xB3, 0xB0, 0x0B, 0xC1, 0x85, 0xA7, 0x60, 0x00, 0xAE, 0xCD, 0xCB, 0x93, 0x39, 0x73,
    0xE6, 0xBE, 0x7B, 0x89, 0x7B, 0xF5, 0xAC, 0x15, 0xA0, 0xDD, 0x3D, 0xE2, 0xFD, 0xCE, 0xE1, 0xF0,
    0xCC, 0xF9, 0xE3, 0xA1, 0x66, 0x2E, 0xDF, 0xBD, 0xFB, 0xF0, 0x4D, 0xE8, 0xFB, 0x00, 0x1E, 0xE2,
    0x61, 0x83, 0xA9, 0xFA, 0xCF, 0x21, 0xA7, 0x0E, 0x57, 0x00, 0xA1, 0x20, 0xA7, 0xAE, 0xFC, 0xA3,
    0x87, 0x97, 0x3F, 0x7C, 0xF8, 0x61, 0xB8, 0xFC, 0xAE, 0x0E, 0x76, 0x0E, 0x9C, 0x00, 0xB5, 0x41,
    0xD9, 0x23, 0x1B, 0x89, 0x36, 0x44, 0xB3, 0xCF, 0xBD, 0xAF, 0x9C, 0x6F, 0xE0, 0x3F, 0x84, 0xC7,
    0xBB, 0x3A, 0x9E, 0x21, 0xD2, 0xE7, 0xC1, 0x2D, 0x3B, 0xAF, 0x0D, 0x5A, 0x22, 0x4D, 0xA4, 0x3A,
    0x55, 0x0C, 0x0A, 0x93, 0xC2, 0x0F, 0x15, 0xF0, 0xEE, 0x8E, 0x3B, 0x8F, 0x2F, 0x2E, 0x3A, 0x22,
    0xEA, 0xB7, 0x9F, 0x7B, 0x67, 0x67, 0xE6, 0xD8, 0x18, 0x1D, 0x10, 0x22, 0xE9, 0x28, 0xFB, 0x36,
    0xB2, 0x31, 0x31, 0xEC, 0x5F, 0x13, 0x9A, 0x5B, 0xDA, 0xD1, 0x66, 0x75, 0x02, 0xA1, 0xB7, 0x9F,
    0xF3, 0x14, 0xF3, 0xB7, 0xF0, 0x88, 0x99, 0x0C, 0x2D, 0xA3, 0x17, 0xC4, 0x01, 0xBD, 0x5E, 0xA7,
    0x43, 0xED, 0x60, 0xBB, 0x7C, 0x44, 0xE5, 0xA0, 0x3A, 0x34, 0x06, 0x3A, 0x1C, 0x03, 0xF4, 0x0C,
    0x4D, 0x7C, 0x34, 0x0B, 0xAA, 0x19, 0x38, 0x45, 0xF6, 0x2B, 0xA8, 0x05, 0x35, 0x99, 0x9A, 0x3A,
    0x45, 0x5D, 0x49, 0x5D, 0x98, 0x18, 0xB5, 0x63, 0x5B, 0xCF, 0x28, 0x3D, 0xDA, 0x0E, 0xFF, 0x86,
    0x48, 0xA7, 0xA8, 0x36, 0x41, 0x19, 0xA2, 0x5C, 0x05, 0x65, 0xDA, 0x2A, 0x3F, 0x02, 0x2E, 0x51,
    0x04, 0x65, 0x87, 0x2B, 0x56, 0x44, 0xFE, 0x0C, 0x6A, 0x93, 0xDC, 0xE9, 0x05, 0x7A, 0x82, 0xEE,
    0x59, 0xB7, 0x36, 0x1C, 0x52, 0x39, 0x20, 0xDB, 0x80, 0xB5, 0x2B, 0x07, 0x18, 0x8E, 0xF9, 0x3D,
    0xD4, 0x2E, 0x9B, 0x83, 0xFB, 0x6A, 0x0A, 0x91, 0x37, 0x26, 0x5C, 0xB8, 0x64, 0xD5, 0x29, 0xC8,
    0x61, 0x40, 0x9B, 0x22, 0xC0, 0x50, 0x04, 0x53, 0x73, 0x41, 0x4E, 0x53, 0x41, 0x3E, 0x42, 0xB3,
    0xE4, 0x34, 0x54, 0x61, 0xA2, 0x0B, 0x6E, 0x6F, 0x71, 0x46, 0xF7, 0x8D, 0x5A, 0x40, 0x43, 0x4D,
    0x1F, 0xD1, 0x58, 0xD3, 0x4F, 0x68, 0x0A, 0xC1, 0xD2, 0x14, 0x72, 0x6B, 0xA7, 0x68, 0x3E, 0xD9,
    0xE2, 0x70, 0x4F, 0x50, 0xF4, 0x98, 0xA1, 0x1C, 0xE7, 0x89, 0xB6, 0x2B, 0xA7, 0x90, 0x6B, 0x75,
    0x8E, 0x48, 0x6C, 0x8F, 0x33, 0xB6, 0x7D, 0x4D, 0x19, 0xF9, 0x9D, 0xA9, 0x90, 0xB9, 0x9D, 0x40,
    0x9D, 0xDA, 0x37, 0xF5, 0x08, 0xC5, 0x80, 0x4B, 0x54, 0x2E, 0xC8, 0x1A, 0xAD, 0x2B, 0x67, 0x5C,
    0xA1, 0x1A, 0xD8, 0x48, 0xAC, 0xC6, 0x03, 0xAE, 0x07, 0xF5, 0xBB, 0xC0, 0xF5, 0x52, 0xD0, 0xA0,
    0xA7, 0x82, 0x3A, 0xDD, 0x17, 0x1B, 0xB1, 0x54, 0x9B, 0x6C, 0x94, 0xA4, 0xCB, 0x01, 0x4F, 0xB9,
    0x46, 0x75, 0x2F, 0xB6, 0x62, 0x39, 0x60, 0xF0, 0x1D, 0x80, 0x3A, 0x04, 0x30, 0xD7, 0x80, 0x40,
    0xF6, 0x1A, 0xDA, 0x6B, 0x78, 0x94, 0xE0, 0x7D, 0xBE, 0x95, 0xED, 0xAB, 0x93, 0xBF, 0x59, 0xB8,
    0x4F, 0x02, 0x5C, 0xD9, 0xE5, 0x47, 0xE6, 0x11, 0x1E, 0xB3, 0x9E, 0x58, 0x11, 0xA3, 0x19, 0x39,
    0x20, 0x67, 0xC8, 0x12, 0xC8, 0x85, 0x03, 0x97, 0xF6, 0x75, 0x2E, 0x9F, 0x8A, 0xCB, 0x15, 0x9C,
    0xBC, 0x21, 0x7C, 0x0F, 0x37, 0x38, 0x5A, 0x9B, 0xFF, 0x91, 0x39, 0xC9, 0x1E, 0xB7, 0x64, 0x29,
    0x65, 0xF4, 0xDB, 0x93, 0xFB, 0xCB, 0xFB, 0xA2, 0x62, 0x25, 0xA3, 0x75, 0x0A, 0x66, 0x15, 0xCB,
    0x87, 0x6B, 0x78, 0x98, 0x8C, 0xCA, 0xDC, 0x8C, 0xBA, 0x75, 0xE6, 0x29, 0x8C, 0x1F, 0x04, 0x95,
    0xBF, 0x6E, 0x97, 0x2B, 0x9B, 0x5C, 0xBE, 0x7A, 0xF2, 0xE9, 0xC2, 0x85, 0xBD, 0xC5, 0x73, 0x57,
    0x35, 0xB0, 0x11, 0x56, 0x85, 0xC5, 0x85, 0x01, 0x53, 0x66, 0x7F, 0x83, 0x8A, 0xF8, 0x81, 0x23,
    0xA3, 0x89, 0x5C, 0x4B, 0xD4, 0x87, 0xCF, 0x60, 0xD3, 0x87, 0x65, 0x1E, 0xE3, 0x6B, 0x0D, 0xF1,
    0x53, 0x46, 0xC8, 0x69, 0x02, 0xEE, 0x19, 0xB0, 0x85, 0x29, 0xD9, 0xE3, 0x21, 0x0A, 0x02, 0x05,
    0x81, 0x82, 0x40, 0x41, 0xA0, 0xB8, 0xF6, 0x50, 0x1F, 0x18, 0x02, 0x43, 0x60, 0x08, 0x0C, 0x81,
    0xE1, 0x1C, 0x5B, 0xD2, 0xBD, 0xF5, 0x34, 0xF2, 0xBF, 0xD6, 0xDF, 0x31, 0xDB, 0x31, 0xE4, 0x0B,
    0xAC, 0x47, 0x49, 0x86, 0x46, 0x54, 0xD4, 0x5D, 0x23, 0x3F, 0x34, 0x1E, 0x05, 0x81, 0x75, 0x3F,
    0xE1, 0x64, 0xF1, 0x31, 0x90, 0x99, 0x76, 0xE0, 0x41, 0x34, 0x9E, 0x7C, 0xD0, 0x34, 0xD0, 0x93,
    0x4C, 0x41, 0x3B, 0xEF, 0x04, 0x36, 0xC8, 0x97, 0x82, 0xFD, 0x62, 0x61, 0x65, 0x9E, 0xFE, 0x3E,
    0x4F, 0xBF, 0x05, 0x3D, 0x48, 0x1C, 0xD6, 0xEB, 0x81, 0x87, 0x41, 0xB4, 0x84, 0x63, 0xBD, 0xC4,
    0xBD, 0xDB, 0x95, 0xD3, 0x12, 0x85, 0x03, 0x50, 0x5F, 0xCB, 0x71, 0xE7, 0xEC, 0xEC, 0x8C, 0x6E,
    0xA4, 0x77, 0xBA, 0x4F, 0x11, 0xEF, 0x7F, 0xB8, 0x78, 0x71, 0x58, 0x0D, 0xA2, 0xE5, 0xEB, 0xF1,
    0xFE, 0xF8, 0xE2, 0xE5, 0x61, 0x65, 0xEC, 0xBB, 0xCF, 0xFD, 0x80, 0x3E, 0x5B, 0x00, 0x5E, 0x28,
    0x12, 0xE5, 0x44, 0x3D, 0x50, 0x8C, 0x48, 0x54, 0x4D, 0xD5, 0x18, 0xD0, 0x23, 0x91, 0xF2, 0xC5,
    0x1C, 0xB0, 0x47, 0xA2, 0x66, 0xC8, 0x97, 0x80, 0x0E, 0x89, 0xB4, 0xCB, 0x28, 0xA0, 0x41, 0xA2,
    0xD6, 0x81, 0x00, 0x8B, 0xFD, 0x73, 0x83, 0x0D, 0xB6, 0x64, 0x1D, 0xA8, 0xCB, 0xE7, 0xF5, 0x79,
    0x31, 0xAE, 0xCF, 0x2B, 0xBF, 0x3E, 0x57, 0xFD, 0xFA, 0xBC, 0x71, 0xAB, 0x73, 0xA3, 0xCD, 0xDA,
    0x9F, 0xC5, 0x7D, 0x4E, 0x90, 0x41, 0x73, 0x3C, 0x1B, 0x10, 0x75, 0xC8, 0x88, 0x0C, 0x74, 0x9F,
    0x51, 0x3E, 0x97, 0xCB, 0x67, 0x1E, 0xD5, 0xA6, 0x1D, 0x38, 0x9F, 0x4D, 0x31, 0x2A, 0x5F, 0x4E,
    0xA8, 0x7D, 0x35, 0xC6, 0x7C, 0x2B, 0xDF, 0x0C, 0xC5, 0x1C, 0x54, 0x03, 0x94, 0x73, 0xED, 0x55,
    0xAF, 0xFB, 0x90, 0xB5, 0x76, 0xC5, 0x86, 0x8D, 0xF4, 0x8D, 0x6B, 0x39, 0x6B, 0xEB, 0x62, 0x29,
    0x78, 0xF5, 0xE2, 0x28, 0x40, 0x5D, 0x46, 0x12, 0x93, 0x44, 0xB5, 0x3D, 0x67, 0xF7, 0x1D, 0x9F,
    0x1B, 0x39, 0xCF, 0xE7, 0x78, 0xDE, 0xF1, 0xB9, 0x01, 0x17, 0x7F, 0x7D, 0x5E, 0xF9, 0xF5, 0xB9,
    0xEA, 0x61, 0xF7, 0xE7, 0x37, 0x6E, 0x6D, 0x5F, 0x1B, 0xA9, 0xBA, 0x4D, 0xE7, 0x36, 0xDD, 0x95,
    0x36, 0xC6, 0xC7, 0xEE, 0xB1, 0x8B, 0x3F, 0xBA, 0x47, 0xCD, 0xF9, 0x35, 0x9C, 0x5F, 0x74, 0x0F,
    0x35, 0xC6, 0xD4, 0x95, 0x17, 0xF7, 0x28, 0x16, 0x3B, 0xA0, 0x5C, 0x6C, 0x2F, 0xEE, 0x01, 0xCB,
    0x91, 0x10, 0x83, 0xD0, 0xAD, 0x53, 0x01, 0xA1, 0x9B, 0x9B, 0xEC, 0x78, 0xA7, 0x1D, 0x6F, 0xB7,
    0xC3, 0x9E, 0x3B, 0xDE, 0x78, 0xC7, 0xBB, 0xEF, 0xB0, 0x05, 0x8F, 0xF7, 0xE1, 0xF1, 0x66, 0x3C,
    0xDE, 0x91, 0x87, 0x6D, 0x79, 0xB4, 0x37, 0x8F, 0x37, 0xE8, 0xF1, 0x2E, 0x3D, 0xDE, 0xAA, 0xC7,
    0xFB, 0x35, 0x3F, 0xD2, 0xB4, 0x0C, 0xFD, 0x41, 0xE7, 0x36, 0x83, 0xF2, 0x07, 0xED, 0xAB, 0x5D,
    0x39, 0x1D, 0xF4, 0x70, 0xEB, 0x8A, 0x99, 0xAD, 0xBB, 0xBD, 0x46, 0xE6, 0x9C, 0x37, 0x07, 0xDD,
    0x4C, 0x26, 0x5F, 0xD6, 0x2D, 0x2D, 0x83, 0x07, 0x7D, 0x9D, 0x11, 0xF2, 0x83, 0xE6, 0xFE, 0x68,
    0x3B, 0x58, 0x8C, 0x47, 0x06, 0x2B, 0x7F, 0x38, 0xB8, 0xEE, 0xF5, 0xED, 0x60, 0xE3, 0x0E, 0xBD,
    0xAF, 0xBB, 0x9E, 0xE3, 0x3C, 0x68, 0x7D, 0x1B, 0x33, 0xDA, 0xF6, 0xFF, 0x86, 0x73, 0x9F, 0x25,
    0xF7, 0xF5, 0x43, 0x20, 0x55, 0x3A, 0x78, 0x12, 0xEA, 0x63, 0x8F, 0x43, 0xB5, 0x58, 0x87, 0xF5,
    0x33, 0x01, 0x64, 0xB4, 0xE0, 0xF0, 0xC1, 0x60, 0xB8, 0xF3, 0x5C, 0xCD, 0xF5, 0x58, 0xFB, 0x66,
    0xD0, 0x4E, 0x77, 0xDA, 0xB4, 0xF8, 0x02, 0x97, 0x98, 0xC0, 0x57, 0xB2, 0x0B, 0xA3, 0xE6, 0x9C,
    0x4C, 0x3D, 0x16, 0x84, 0xDA, 0x87, 0x58, 0x9B, 0xA1, 0x4C, 0xB1, 0x68, 0xEE, 0x35, 0x6D, 0xD4,
    0x80, 0x16, 0xCA, 0xE1, 0x0B, 0x86, 0x4B, 0xD4, 0x06, 0x13, 0x6A, 0x08, 0x45, 0x03, 0x0F, 0x9E,
    0x45, 0x13, 0xED, 0x10, 0x8D, 0x58, 0xC7, 0x66, 0x02, 0x8B, 0x86, 0xC8, 0x44, 0x53, 0x24, 0xC6,
    0x96, 0x68, 0x2E, 0x9B, 0xA3, 0xC1, 0x7C, 0x8A, 0x26, 0x0B, 0x1F, 0x8D, 0x06, 0xC6, 0x66, 0x8B,
    0x1E, 0x89, 0x2E, 0xCE, 0xDB, 0x41, 0x0F, 0x4D, 0xC8, 0xBF, 0xF2, 0xE5, 0x58, 0x4C, 0x61, 0xD6,
    0x1C, 0x34, 0x4F, 0xF8, 0xCA, 0xFD, 0xE7, 0x68, 0x07, 0x35, 0x43, 0x0F, 0xD5, 0x8C, 0x86, 0xDD,
    0x29, 0x86, 0xCA, 0x67, 0x0B, 0xCA, 0x11, 0x84, 0x62, 0x42, 0x8B, 0x2C, 0x28, 0x00, 0x41, 0xC1,
    0xC8, 0xF7, 0x98, 0x13, 0x54, 0x1D, 0x00, 0x31, 0x90, 0x5F, 0xB0, 0x09, 0x8E, 0x3B, 0x1A, 0x21,
    0x13, 0xCD, 0x50, 0x17, 0x0D, 0xB5, 0x2E, 0x9A, 0xD2, 0x2E, 0x1A, 0x6B, 0x5C, 0x34, 0xA7, 0xFA,
    0x68, 0xB0, 0x1A, 0xA2, 0xC9, 0x62, 0x88, 0x46, 0x0B, 0x1F, 0xCD, 0x66, 0x1E, 0x7B, 0x54, 0x38,
    0xB0, 0x1A, 0x94, 0x07, 0x9A, 0x09, 0xD0, 0x33, 0xF0, 0xF4, 0x0A, 0x98, 0x35, 0xB2, 0x29, 0x4C,
    0xF5, 0xCA, 0x95, 0x43, 0xD5, 0xAB, 0xBE, 0xF4, 0xB5, 0x2B, 0x46, 0x6D, 0xB2, 0xB9, 0x05, 0x36,
    0xC8, 0x3D, 0xCA, 0x01, 0xB5, 0x83, 0xEE, 0x40, 0xE0, 0xAC, 0x82, 0xA7, 0x11, 0xD6, 0x83, 0x7A,
    0xC6, 0x20, 0xAB, 0x99, 0xC7, 0x41, 0x60, 0x9D, 0xDA, 0xB1, 0x7E, 0xEE, 0x9F, 0x00, 0x1A, 0x7C,
    0xA6, 0x82, 0x81, 0x09, 0xC5, 0x12, 0xF7, 0xD0, 0xB6, 0x87, 0xF6, 0xD0, 0x23, 0xA3, 0xED, 0xC3,
    0x48, 0xB1, 0xF0, 0x55, 0xE5, 0xA3, 0x07, 0xE0, 0x09, 0x22, 0x3D, 0x67, 0xF8, 0x0E, 0x50, 0x10,
    0x00, 0x53, 0x03, 0x25, 0x01, 0x45, 0xAF, 0x5D, 0x10, 0x4C, 0xD0, 0xAE, 0x3D, 0x8F, 0x70, 0x2D,
    0x66, 0x70, 0x7F, 0x13, 0x32, 0x02, 0x4E, 0xC1, 0x1D, 0xDC, 0x3A, 0x48, 0x96, 0x41, 0x89, 0x55,
    0x80, 0xA0, 0x14, 0xA3, 0x63, 0xA5, 0xA8, 0xC2, 0x4A, 0x51, 0x85, 0x95, 0xA2, 0x4A, 0x54, 0x22,
    0x44, 0xA2, 0xA8, 0xD2, 0x18, 0xE8, 0xFF, 0xF6, 0xA8, 0x7A, 0xDB, 0x43, 0x91, 0x43, 0x33, 0x91,
    0xEC, 0x6E, 0xF5, 0x4C, 0x3E, 0x09, 0x76, 0x48, 0x97, 0x82, 0x09, 0xFD, 0x6B, 0x2F, 0x26, 0x29,
    0xBA, 0x63, 0x47, 0xEC, 0x2E, 0xC6, 0xC2, 0xEE, 0x24, 0x96, 0x18, 0x13, 0x28, 0xBA, 0x93, 0x58,
    0x32, 0x12, 0x15, 0x8E, 0x49, 0xC2, 0x8D, 0x4A, 0x24, 0x31, 0xB1, 0x4A, 0xB6, 0x61, 0x25, 0x25,
    0x4E, 0x5B, 0x97, 0x8A, 0x50, 0xFB, 0x06, 0x51, 0x28, 0xFB, 0x54, 0xA8, 0xCC, 0x00, 0xAC, 0x1C,
    0xE8, 0xF1, 0xB3, 0xD0, 0x4F, 0xF1, 0x16, 0xB5, 0x87, 0xE0, 0xF4, 0x0E, 0x06, 0x01, 0xBB, 0x0F,
    0xBD, 0x40, 0xEB, 0x9A, 0x00, 0x9D, 0x80, 0x13, 0xD0, 0x5D, 0x1D, 0xC0, 0x1C, 0x01, 0xA8, 0x08,
    0x9D, 0x40, 0x83, 0x35, 0xE1, 0x16, 0x70, 0x0F, 0xD1, 0xBC, 0x1D, 0x33, 0x1A, 0x28, 0x80, 0x8F,
    0x60, 0x7D, 0x38, 0x8D, 0x17, 0xB2, 0x78, 0xC7, 0x85, 0x1A, 0xFA, 0x92, 0x73, 0x22, 0x1A, 0x50,
    0xD3, 0x2F, 0x3E, 0xDB, 0x70, 0xB7, 0x16, 0x64, 0xAC, 0x07, 0xC8, 0x91, 0x03, 0xDA, 0xC1, 0x06,
    0xD4, 0xBE, 0x35, 0xE4, 0x9A, 0xB1, 0x8E, 0x08, 0xD8, 0x84, 0x5A, 0xD0, 0x33, 0xB6, 0x01, 0xDB,
    0x8E, 0xFA, 0x80, 0x3F, 0x89, 0x33, 0x7F, 0x4A, 0x08, 0xF8, 0xF3, 0x39, 0xA0, 0xA6, 0x21, 0xA2,
    0x61, 0x1C, 0xC1, 0x68, 0x22, 0xE2, 0x38, 0x36, 0x38, 0x4E, 0xF7, 0x22, 0x72, 0x44, 0x08, 0xD9,
    0x44, 0xF4, 0x7B, 0x38, 0x6C, 0xAF, 0x4A, 0x86, 0x9A, 0x98, 0xD0, 0xAE, 0xD8, 0x27, 0x10, 0xCA,
    0xCE, 0x4F, 0x20, 0x54, 0xBA, 0xDA, 0x88, 0xD4, 0x98, 0x6A, 0x10, 0x69, 0x83, 0xB4, 0xEA, 0x7C,
    0x30, 0x02, 0x6D, 0xA8, 0x11, 0x6E, 0x73, 0x66, 0x15, 0xD1, 0xC5, 0x4B, 0x8A, 0x57, 0x2C, 0xC5,
    0xAA, 0xC5, 0x2B, 0x44, 0xAC, 0xC1, 0x74, 0x76, 0xB0, 0x1F, 0xC9, 0x82, 0xE2, 0x6F, 0xB0, 0x9A,
    0x51, 0x11, 0xD3, 0x02, 0xB6, 0x6C, 0x80, 0xEF, 0x52, 0x8F, 0x6C, 0x31, 0xC9, 0x5B, 0xE9, 0xB7,
    0x11, 0xD4, 0xDD, 0x36, 0xAA, 0x5D, 0xA4, 0xFF, 0x00, 0xA1, 0xBC, 0x67, 0xBC, 0x13, 0x35, 0x9A,
    0x88, 0x52, 0xB8, 0xAB, 0x88, 0x73, 0x54, 0x99, 0x18, 0x0B, 0xCF, 0x28, 0x69, 0x29, 0x77, 0x93,
    0x7A, 0xC4, 0x62, 0x8C, 0xEA, 0x3E, 0xAA, 0xF7, 0x51, 0xDD, 0x45, 0x75, 0x29, 0x6D, 0x1C, 0xA7,
    0x29, 0x5A, 0x9F, 0xA3, 0xF5, 0xAB, 0x68, 0x5D, 0x47, 0xEB, 0xBA, 0x63, 0xEB, 0xB5, 0x63, 0xEB,
    0x6A, 0x60, 0xEB, 0x9C, 0xCC, 0x8C, 0x62, 0xE2, 0x60, 0xB2, 0x39, 0x06, 0xB3, 0x44, 0xEB, 0x6D,
    0xB4, 0xAE, 0x3B, 0xB6, 0x5E, 0x3B, 0x6D, 0x10, 0x26, 0x58, 0x60, 0x9B, 0xBD, 0x76, 0x91, 0x1D,
    0xC8, 0xAC, 0x2E, 0xF4, 0x67, 0xC1, 0x53, 0x06, 0x21, 0xD5, 0xD5, 0xA6, 0xD9, 0x6A, 0x8C, 0x75,
    0x46, 0x5D, 0x9A, 0xB9, 0xA8, 0x8A, 0xD2, 0x8C, 0x0F, 0xE8, 0xD7, 0x76, 0x31, 0x10, 0xAA, 0x89,
    0x58, 0x14, 0xB2, 0x03, 0x63, 0x52, 0xBA, 0x56, 0x29, 0xE9, 0xF7, 0x76, 0x81, 0x90, 0x26, 0xA5,
    0xC8, 0xAD, 0xED, 0xAF, 0xFD, 0x4A, 0x3C, 0xF9, 0x2E, 0x4E, 0xD1, 0x38, 0x9E, 0x8B, 0x08, 0xC7,
    0xB1, 0x11, 0xB9, 0x4B, 0x06, 0x23, 0xDE, 0x4E, 0x8E, 0xEA, 0x88, 0xCD, 0xA8, 0x3E, 0xA2, 0x4E,
    0xC2, 0x90, 0xC0, 0x02, 0xD6, 0xE4, 0x24, 0xE0, 0x8A, 0x51, 0x12, 0x11, 0x94, 0x04, 0x23, 0x4A,
    0xE2, 0x5D, 0x44, 0x13, 0x2E, 0xFE, 0xBE, 0x5D, 0x8C, 0x94, 0x45, 0x0A, 0x25, 0xB8, 0x6F, 0x9F,
    0xFD, 0xD6, 0xC9, 0xFB, 0x7B, 0x5C, 0x70, 0xC1, 0x55, 0x9C, 0xAF, 0xCB, 0x25, 0xBE, 0x57, 0xB9,
    0xE1, 0xC3, 0x6F, 0xA6, 0x77, 0x3D, 0x2C, 0x96, 0x5A, 0x30, 0x2D, 0x0C, 0x99, 0xB4, 0xE3, 0x84,
    0xEB, 0xA6, 0x50, 0x03, 0x63, 0xED, 0xBE, 0xFD, 0xEA, 0x20, 0x9A, 0xF9, 0x98, 0x40, 0x3D, 0xC8,
    0x7D, 0xF5, 0x83, 0x26, 0x3E, 0xFE, 0xE7, 0xF4, 0x6D, 0xE6, 0x7A, 0x10, 0x3D, 0x27, 0x9A, 0xCF,
    0xCE, 0x3E, 0xD6, 0x44, 0xE1, 0x40, 0x43, 0x28, 0x09, 0xC5, 0x57, 0x3E, 0x1A, 0xE2, 0xE3, 0xD6,
    0x8F, 0xDF, 0x66, 0x2E, 0x14, 0x3D, 0x88, 0xDE, 0xC3, 0x6D, 0x5E, 0x7F, 0x2D, 0xA3, 0x49, 0x50,
    0x96, 0x9D, 0x2E, 0xA1, 0xA2, 0x5F, 0x58, 0x9F, 0x50, 0x4F, 0xA8, 0xE6, 0x2D, 0x7A, 0x14, 0x4B,
    0x44, 0x42, 0xDB, 0x23, 0x4B, 0x68, 0xB8, 0xC3, 0xA8, 0x13, 0x6C, 0x76, 0xE8, 0xF2, 0x6E, 0x87,
    0xC0, 0x0A, 0xE5, 0xB1, 0x15, 0xCC, 0xC9, 0x30, 0xB2, 0xCC, 0x96, 0xAF, 0xB1, 0x5A, 0x18, 0xCB,
    0x28, 0xD7, 0x33, 0xA3, 0x8A, 0xA8, 0x47, 0xC1, 0x68, 0xA0, 0xBF, 0xC6, 0x8A, 0xCC, 0x35, 0xDA,
    0x09, 0xD7, 0x48, 0x5D, 0x94, 0x23, 0x7E, 0x81, 0x1D, 0x5E, 0xAE, 0xE5, 0x37, 0xC6, 0x37, 0xA5,
    0x8F, 0x23, 0xDE, 0x45, 0xCC, 0x6D, 0x87, 0x25, 0x75, 0x7B, 0xE8, 0x8E, 0xA3, 0xD4, 0x82, 0x71,
    0x35, 0x17, 0xEF, 0x0B, 0x1E, 0xDE, 0xC4, 0x3B, 0x17, 0xE9, 0xDE, 0x55, 0x24, 0x37, 0x8E, 0x85,
    0x78, 0xD7, 0x58, 0x90, 0x1B, 0x57, 0x2D, 0xE9, 0xAE, 0x95, 0x0B, 0xE4, 0x66, 0x05, 0xA1, 0xD9,
    0x0A, 0x72, 0x9B, 0x82, 0x00, 0xB0, 0x50, 0x6C, 0x20, 0x37, 0x48, 0x84, 0x9C, 0x8C, 0x08, 0x05,
    0x21, 0x0A, 0x6C, 0xAD, 0x98, 0xE5, 0xD6, 0x24, 0x41, 0x8F, 0x22, 0x64, 0xD4, 0x8B, 0x50, 0x91,
    0x11, 0xC1, 0x4E, 0x69, 0x49, 0xA3, 0x2E, 0x09, 0x5F, 0x20, 0x09, 0x97, 0x2C, 0x4C, 0x49, 0xC8,
    0x6E, 0x10, 0xC6, 0x37, 0xA8, 0xF6, 0xA9, 0x14, 0x8A, 0x13, 0x94, 0x1A, 0x2A, 0x62, 0xC1, 0x1D,
    0x08, 0x72, 0x29, 0x2A, 0x4B, 0x3A, 0xEF, 0xCB, 0xF4, 0x48, 0xB2, 0x93, 0xCC, 0x89, 0xCE, 0xE3,
    0x4E, 0x9F, 0x68, 0x46, 0xEB, 0x41, 0x5F, 0xFE, 0x98, 0x4C, 0xEB, 0x73, 0x72, 0x68, 0xFB, 0xD6,
    0xCB, 0x1B, 0xDF, 0xC0, 0x17, 0x40, 0x8D, 0xDA, 0xB3, 0x15, 0x35, 0x6B, 0x9F, 0xCD, 0x91, 0x0F,
    0xF8, 0x7E, 0xE2, 0x38, 0xE4, 0xF5, 0xA4, 0x7B, 0x29, 0x98, 0xF0, 0xD6, 0x37, 0x91, 0x53, 0x1F,
    0x79, 0x21, 0xCF, 0x0F, 0xD4, 0x82, 0xC8, 0xED, 0x88, 0xDA, 0x49, 0xF8, 0xCC, 0xAB, 0x0D, 0xE4,
    0x7C, 0x48, 0xBC, 0xDF, 0x71, 0xB5, 0xE5, 0xDD, 0x9A, 0xBF, 0x8E, 0x6E, 0x41, 0x36, 0xD0, 0x1C,
    0x57, 0x33, 0x46, 0x57, 0xD0, 0x33, 0x40, 0x6B, 0x0E, 0xEB, 0x99, 0x8B, 0x5E, 0x1D, 0xE4, 0x4C,
    0xE6, 0x25, 0xFA, 0x47, 0x00, 0xF7, 0x7E, 0x65, 0x77, 0x7F, 0xB9, 0xF4, 0x3A, 0xA2, 0x8A, 0x98,
    0xBD, 0xA4, 0x57, 0x4A, 0xF2, 0xEF, 0x23, 0x3A, 0xC6, 0x7A, 0x7F, 0xFB, 0x23, 0x18, 0xED, 0xB5,
    0x60, 0xB2, 0x7B, 0x1B, 0xA2, 0xCD, 0x0E, 0xB3, 0xFD, 0xCD, 0xD1, 0x14, 0x71, 0x8C, 0xE8, 0x77,
    0x8B, 0x41, 0x15, 0x71, 0xDF, 0x61, 0x72, 0x95, 0xF0, 0x26, 0x87, 0x8B, 0xE0, 0xDA, 0x21, 0x31,
    0x8D, 0xC2, 0x08, 0xB7, 0xE9, 0xC2, 0x12, 0x39, 0x58, 0xB4, 0x44, 0x1E, 0xAD, 0x30, 0xCD, 0x6C,
    0x14, 0x36, 0x09, 0x9B, 0x6F, 0x60, 0xD3, 0x6A, 0x82, 0x5F, 0xB1, 0x5E, 0x58, 0x17, 0xD9, 0x02,
    0x66, 0x17, 0xE7, 0xCC, 0x9E, 0x02, 0xDF, 0x12, 0xD6, 0x4A, 0xD1, 0x08, 0x6D, 0x07, 0xFC, 0x4B,
    0x60, 0x7F, 0x00, 0x28, 0x30, 0x32, 0xB8, 0x78, 0x81, 0x07, 0x17, 0xAB, 0xED, 0x36, 0x91, 0xAF,
    0x88, 0x69, 0xA8, 0x89, 0x7E, 0xFB, 0xB7, 0x23, 0x34, 0x51, 0xAF, 0x7A, 0xB4, 0xCC, 0x1C, 0xAC,
    0x30, 0xFA, 0xD3, 0xCC, 0xAE, 0x58, 0xB2, 0xD2, 0x30, 0xF3, 0x88, 0x9D, 0xB6, 0x9C, 0xE7, 0xC4,
    0xE4, 0x71, 0xFF, 0x22, 0xD0, 0x39, 0x84, 0xC4, 0xB9, 0xB0, 0x0D, 0x72, 0x3A, 0xB3, 0x44, 0x46,
    0xEE, 0x9F, 0x43, 0xBB, 0x57, 0xF2, 0x61, 0xC5, 0xFC, 0x01, 0x3B, 0x50, 0xE9, 0xD1, 0x8A, 0x15,
    0x62, 0xD6, 0x7D, 0x4A, 0x4C, 0x88, 0x38, 0xE1, 0x82, 0x29, 0xAE, 0x45, 0x0C, 0x09, 0xDB, 0xB8,
    0x22, 0x68, 0xBC, 0x07, 0x0D, 0x8D, 0x27, 0x68, 0x87, 0x47, 0x39, 0xC1, 0x6E, 0xFE, 0xA2, 0x21,
    0x53, 0xD3, 0xBF, 0xD2, 0x97, 0xC0, 0x67, 0xB4, 0x98, 0xB4, 0xA4, 0x05, 0x79, 0x13, 0x37, 0x8E,
    0x61, 0xDC, 0x6E, 0x4E, 0x82, 0x4E, 0xD0, 0x2F, 0x08, 0xDA, 0x3C, 0xC2, 0x53, 0x7C, 0x2F, 0xDA,
    0x11, 0x9B, 0x6B, 0x2F, 0x89, 0x2A, 0x8F, 0x66, 0x86, 0x0E, 0xC7, 0x86, 0xB1, 0x9E, 0x71, 0xFB,
    0x1C, 0x6F, 0x48, 0xD9, 0x69, 0x7C, 0xE3, 0xB1, 0x6C, 0xFF, 0x62, 0x3D, 0xA7, 0xBF, 0x58, 0x37,
    0x80, 0xEA, 0x50, 0x39, 0xE4, 0x13, 0x60, 0xBB, 0xF8, 0x6C, 0x75, 0xD8, 0xD1, 0xED, 0xFD, 0xEF,
    0x57, 0xB2, 0x1E, 0xBF, 0xFA, 0x94, 0x7C, 0x5A, 0xAF, 0x3F, 0xD8, 0xEC, 0xFD, 0x21, 0x30, 0xAD,
    0x1E, 0x03, 0x94, 0x3C, 0xBD, 0xA3, 0x3C, 0x9C, 0xF2, 0xAE, 0x28, 0xD2, 0x15, 0xEE, 0x8A, 0x70,
    0x0F, 0xDF, 0x5A, 0x6A, 0xB7, 0x4C, 0x4B, 0x19, 0x36, 0x50, 0x7D, 0xFA, 0xEF, 0xA9, 0x9C, 0x00,
    0x70, 0x76, 0xF9, 0x12, 0x55, 0xE2, 0x17, 0xF8, 0xB4, 0xA1, 0xA9, 0xE9, 0x9F, 0xEF, 0x59, 0xBE,
    0x1E, 0x5B, 0xB6, 0x93, 0xEF, 0x3B, 0x34, 0xA5, 0x74, 0xCF, 0x18, 0xBF, 0xC1, 0xCE, 0xF9, 0x06,
    0xBD, 0x67, 0x13, 0x1E, 0x94, 0x84, 0xA7, 0x15, 0xE1, 0x32, 0x7C, 0xE6, 0x92, 0xB2, 0x31, 0xDF,
    0x14, 0x1E, 0xE0, 0x8F, 0xAC, 0x71, 0xB2, 0xAE, 0x35, 0x06, 0xB1, 0x51, 0x1E, 0xA5, 0xED, 0xC4,
    0x1C, 0x27, 0x23, 0x1F, 0x93, 0xEA, 0x00, 0x54, 0x4E, 0xD4, 0xEB, 0x8E, 0x55, 0xE5, 0xF3, 0x44,
    0x54, 0x31, 0xEF, 0x54, 0x0B, 0x56, 0xED, 0xEB, 0x4E, 0xB9, 0x76, 0xA8, 0x3B, 0xEB, 0x1B, 0x63,
    0xBD, 0x46, 0xEB, 0x9F, 0x72, 0xD3, 0x63, 0xF5, 0xDD, 0x74, 0x2E, 0x68, 0x13, 0x50, 0x11, 0x99,
    0x6C, 0x52, 0x4E, 0x0F, 0xF9, 0xD8, 0x18, 0x35, 0x15, 0x41, 0x3F, 0xA7, 0x5F, 0x0E, 0x1A, 0xB0,
    0xE4, 0x02, 0xD6, 0x84, 0x1F, 0x6C, 0xFF, 0xE2, 0xF1, 0xDD, 0x8B, 0x17, 0x06, 0xE9, 0x0E, 0xC7,
    0x22, 0x05, 0x55, 0xA6, 0x09, 0xAC, 0xF7, 0xEA, 0xEC, 0xAF, 0x2C, 0x19, 0xC0, 0xF2, 0x73, 0x93,
    0xD9, 0x21, 0x6D, 0xAF, 0x50, 0xCE, 0x50, 0xC9, 0x7B, 0x8B, 0x06, 0x42, 0xAA, 0xFB, 0x1C, 0x42,
    0x45, 0x7F, 0x8A, 0x44, 0x41, 0xA8, 0x59, 0x53, 0xF0, 0x54, 0xB9, 0xBB, 0xC8, 0xBC, 0x72, 0x27,
    0xC1, 0x84, 0x72, 0x64, 0x72, 0x52, 0xFF, 0x41, 0x80, 0xFD, 0xD9, 0xCF, 0x26, 0xA0, 0xFE, 0xDF,
    0x5F, 0xF6, 0x40, 0xF1, 0x47, 0x0B, 0xFC, 0x1D, 0xEC, 0x94, 0x7D, 0x62, 0xC9, 0xFE, 0x91, 0x26,
    0x4B, 0x44, 0x01, 0x5F, 0xB5, 0xFF, 0xF7, 0x72, 0x42, 0xC6, 0x29, 0xA2, 0xFA, 0x9D, 0xE5, 0x22,
    0xFF, 0xD7, 0xCF, 0x3D, 0x40, 0xEA, 0xA7, 0x1B, 0x94, 0x1B, 0xF5, 0xEF, 0x64, 0x8A, 0x90, 0xB5,
    0x05, 0x82, 0xFD, 0x87, 0x58, 0xF9, 0xC5, 0xAD, 0x55, 0x07, 0xC9, 0x58, 0x3B, 0x02, 0xEB, 0xDD,
    0x78, 0x1B, 0x51, 0xFB, 0xF4, 0x6D, 0xF3, 0x80, 0xEE, 0x77, 0x51, 0xCB, 0x33, 0x92, 0xE0, 0xB8,
    0x43, 0xEB, 0x77, 0x8B, 0xF8, 0x71, 0x92, 0x28, 0xB4, 0x17, 0x5F, 0x07, 0xDE, 0xA3, 0x95, 0xC6,
    0x33, 0x66, 0xB8, 0xF3, 0xFC, 0xF6, 0x8B, 0xFC, 0x22, 0xE7, 0xF7, 0xEE, 0xD5, 0xA6, 0x5C, 0x0A,
    0x42, 0x3D, 0x06, 0x71, 0x2E, 0x16, 0xD4, 0x5E, 0x8D, 0xD5, 0x5C, 0xCE, 0x68, 0x06, 0x16, 0x83,
    0xA0, 0x5D, 0x3D, 0x28, 0x5F, 0x8D, 0xF1, 0x3D, 0x89, 0x0A, 0x22, 0xB4, 0xE1, 0x17, 0x83, 0xBC,
    0x94, 0x41, 0xA3, 0xE9, 0xE2, 0x7B, 0x79, 0x0D, 0xCD, 0xDD, 0x76, 0x89, 0x27, 0x3C, 0x06, 0x4C,
    0xF8, 0x1C, 0x27, 0xF8, 0x4B, 0x1C, 0xA1, 0x6C, 0x01, 0xD2, 0x2E, 0x5F, 0x36, 0xFE, 0x87, 0xAC,
    0x20, 0xA9, 0xE9, 0x0B, 0x08, 0x1D, 0xAF, 0xD6, 0xED, 0x67, 0xB1, 0x5C, 0xF5, 0x4C, 0xCC, 0x9A,
    0x4D, 0x2C, 0x95, 0xDE, 0x32, 0x1B, 0x07, 0xE7, 0x58, 0xB3, 0x10, 0xFD, 0x6B, 0xE8, 0x6E, 0xC4,
    0x9C, 0x5E, 0x1F, 0x52, 0x1A, 0x14, 0x15, 0x99, 0x90, 0x28, 0x99, 0x4E, 0x8E, 0xD6, 0xDE, 0x53,
    0x48, 0x29, 0xC0, 0x14, 0x2E, 0x8E, 0x13, 0xA7, 0x29, 0x49, 0xDF, 0x50, 0x90, 0x4E, 0x4A, 0x77,
    0xD3, 0x86, 0x56, 0x7E, 0x92, 0x01, 0xA8, 0xE9, 0xA6, 0x82, 0xE8, 0x3E, 0xAA, 0xC4, 0x09, 0x30,
    0x7B, 0x3F, 0x06, 0xF1, 0xED, 0x70, 0xC7, 0xE0, 0x2B, 0x50, 0xB6, 0x9A, 0xBB, 0xF7, 0x18, 0x64,
    0xF4, 0xC6, 0x77, 0xF8, 0xEF, 0xF1, 0x16, 0x94, 0x45, 0x34, 0x92, 0xC9, 0x4D, 0xF5, 0x9F, 0x53,
    0x3D, 0x62, 0x6C, 0xD9, 0x29, 0xDE, 0x82, 0xDE, 0xAA, 0x41, 0xFE, 0xDC, 0x60, 0xC2, 0xED, 0x73,
    0xDB, 0x63, 0x46, 0x3D, 0xD2, 0x10, 0x98, 0x9E, 0xF7, 0x59, 0x33, 0xB5, 0x2E, 0x30, 0xE5, 0xBF,
    0x83, 0xC0, 0x98, 0xFE, 0x24, 0xA3, 0x48, 0x93, 0xB0, 0x39, 0x31, 0xBC, 0xF1, 0x74, 0xDD, 0x05,
    0x56, 0x0D, 0x56, 0xBC, 0xAF, 0x43, 0xB2, 0x7D, 0x1C, 0x6C, 0x44, 0xE5, 0xE6, 0x96, 0x58, 0x5F,
    0xBD, 0x6D, 0x6E, 0x6E, 0x89, 0xE3, 0xB6, 0x0E, 0x2D, 0x1C, 0x8E, 0x1D, 0xDA, 0x4A, 0xBF, 0x1F,
    0xB9, 0x7A, 0x71, 0xF8, 0xFB, 0x0E, 0x4B, 0xCB, 0xD7, 0xF5, 0xDB, 0x99, 0x97, 0x1E, 0xCA, 0xAF,
    0x8F, 0xAF, 0xE7, 0x97, 0x3B, 0x2D, 0x6D, 0x34, 0xCD, 0x35, 0x8D, 0x15, 0x0D, 0x05, 0xB9, 0x9C,
    0x3A, 0x10, 0x70, 0x95, 0x74, 0xDE, 0xA9, 0x77, 0x80, 0x91, 0xE5, 0xED, 0xEF, 0xAA, 0x4B, 0xEA,
    0x15, 0xF9, 0x10, 0x8C, 0xA6, 0x39, 0x04, 0xF6, 0xAE, 0xBD, 0xB3, 0x40, 0x28, 0x7F, 0xD7, 0xD7,
    0x1F, 0x8D, 0x4F, 0xF0, 0xE4, 0x11, 0x2E, 0xD5, 0x3F, 0xF9, 0x10, 0x06, 0xE8, 0x9D, 0xE7, 0x7E,
    0xF6, 0x31, 0x68, 0xC6, 0xE3, 0x4B, 0x7C, 0x23, 0x5D, 0xF7, 0xFF, 0xED, 0x96, 0x01, 0x84, 0x26,
    0xC9, 0x15, 0xC7, 0x7F, 0x5D, 0x9D, 0x6C, 0x4B, 0x8A, 0x74, 0x60, 0x44, 0x76, 0xE5, 0xFA, 0x10,
    0xB0, 0x49, 0xB6, 0x01, 0x42, 0x6E, 0xB7, 0xFA, 0x00, 0x80, 0xC1, 0x7D, 0x09, 0x39, 0x6C, 0x00,
    0xB2, 0x87, 0x09, 0x82, 0xC0, 0x6D, 0x37, 0x00, 0xE0, 0x43, 0x2E, 0x00, 0x16, 0x8B, 0x5C, 0x1F,
    0x04, 0x87, 0x60, 0x77, 0xBB, 0x09, 0x09, 0x20, 0x1D, 0x1C, 0x80, 0x34, 0xB9, 0x80, 0xE0, 0x0A,
    0x75, 0xD2, 0x73, 0x57, 0xDD, 0x2F, 0xAF, 0xA6, 0xC7, 0xC8, 0x32, 0xF6, 0xDC, 0x0A, 0x71, 0x6C,
    0x7D, 0xF5, 0xFF, 0xB5, 0xAA, 0x7E, 0xEF, 0xBD, 0xAA, 0xAA, 0xCF, 0xD3, 0x00, 0x50, 0x49, 0x03,
    0x22, 0x9E, 0x7C, 0x2D, 0x22, 0x76, 0xC9, 0x36, 0x4A, 0x8F, 0x50, 0x29, 0x9A, 0x7A, 0x66, 0xE8,
    0x9C, 0x62, 0x74, 0x13, 0xED, 0x0B, 0x90, 0x4C, 0x2E, 0x8C, 0x2F, 0xDC, 0x4A, 0x05, 0xC5, 0x62,
    0x56, 0xCC, 0x66, 0x17, 0x18, 0x64, 0x86, 0x5B, 0x5B, 0x03, 0x90, 0x2D, 0x98, 0x48, 0x16, 0xE1,
    0x17, 0xEC, 0xED, 0xE4, 0x2D, 0x5C, 0x4C, 0x93, 0x7C, 0x51, 0x57, 0xAF, 0x5A, 0x1E, 0xDD, 0xEE,
    0x1F, 0x81, 0xA6, 0x00, 0x97, 0x30, 0x24, 0x88, 0x22, 0xFF, 0x44, 0x61, 0xFF, 0xAE, 0x28, 0xEF,
    0x2B, 0xEE, 0x55, 0x8A, 0x27, 0x8A, 0x2C, 0x28, 0xF2, 0x59, 0x61, 0x47, 0x45, 0x85, 0xC2, 0x89,
    0x48, 0xBC, 0xC0, 0xC9, 0xE1, 0xEC, 0xD3, 0xB7, 0x48, 0x73, 0xFF, 0x0D, 0xB7, 0x40, 0x29, 0x32,
    0x71, 0xA3, 0xEF, 0xBB, 0x6F, 0xF6, 0xFD, 0x23, 0x1D, 0x84, 0x2A, 0xE9, 0xF0, 0xD3, 0xF0, 0x1A,
    0x7C, 0x78, 0x07, 0xBE, 0xAF, 0xE2, 0x47, 0xC0, 0x5D, 0xC0, 0xC9, 0xD6, 0x38, 0x11, 0xFF, 0x5D,
    0xAA, 0x08, 0xC5, 0x0A, 0xF9, 0x06, 0x46, 0xBE, 0xA6, 0x7A, 0x83, 0x5C, 0x9E, 0x91, 0xAF, 0x82,
    0x8D, 0xED, 0xC7, 0x67, 0xA1, 0x16, 0x19, 0x8D, 0x9C, 0x73, 0x79, 0xFE, 0x13, 0x22, 0x4B, 0x3A,
    0x7D, 0xEB, 0x4D, 0xAC, 0xE6, 0x2C, 0xD6, 0x53, 0x76, 0x74, 0x23, 0xB4, 0x49, 0x7F, 0x7E, 0x9F,
    0x41, 0x64, 0x1A, 0xCE, 0xEF, 0x2F, 0xC3, 0x98, 0xC7, 0x61, 0x34, 0xDB, 0x30, 0x66, 0xD2, 0xAA,
    0x5C, 0xD2, 0x94, 0x49, 0x35, 0x9B, 0xAD, 0xF4, 0x79, 0xCC, 0xD7, 0x2A, 0x64, 0x6A, 0x4B, 0xB5,
    0xF1, 0xA0, 0xEF, 0xDF, 0x6F, 0x45, 0xB6, 0xA4, 0x87, 0x87, 0xC3, 0xD3, 0xDF, 0x40, 0xFC, 0x35,
    0x84, 0xD7, 0x31, 0x1E, 0xF2, 0x19, 0xEC, 0x08, 0xA5, 0xAA, 0x6A, 0xC0, 0x01, 0x0F, 0x81, 0x08,
    0xD9, 0x02, 0x79, 0x50, 0x79, 0xB0, 0xD3, 0x6E, 0x52, 0x77, 0xBB, 0xC9, 0x03, 0x2E, 0xDB, 0x20,
    0x0D, 0x56, 0x64, 0xA6, 0xF2, 0xE5, 0x82, 0xD3, 0x75, 0xD1, 0x5E, 0xC1, 0xCD, 0x09, 0xC1, 0x06,
    0x2A, 0x39, 0x9B, 0x28, 0x64, 0x03, 0x44, 0x1A, 0xB2, 0xE4, 0x51, 0x86, 0x41, 0xDF, 0x4E, 0xE5,
    0xC6, 0xD0, 0xE5, 0x82, 0x34, 0x59, 0x02, 0x8A, 0x4E, 0xD1, 0xEA, 0xF6, 0x92, 0x6F, 0xDC, 0xC3,
    0x33, 0x6C, 0x5C, 0xB6, 0xB3, 0x0D, 0x8C, 0xC8, 0x84, 0x5D, 0xCA, 0x40, 0xDA, 0x2E, 0xB5, 0xEE,
    0x9B, 0x74, 0x00, 0x0A, 0x76, 0x34, 0x17, 0xA8, 0x67, 0xA4, 0x2B, 0x7D, 0x26, 0x9D, 0xDD, 0xCE,
    0xA4, 0xD3, 0xBC, 0xD2, 0x71, 0xE3, 0x28, 0x0D, 0x20, 0x40, 0x96, 0xA0, 0xBE, 0xDF, 0x42, 0xA3,
    0x54, 0x58, 0x8D, 0x37, 0xB5, 0x33, 0xF6, 0x62, 0x91, 0x43, 0x00, 0x38, 0x05, 0x32, 0xFF, 0x22,
    0x18, 0x45, 0x2B, 0x22, 0xE3, 0x05, 0x5E, 0x6C, 0x9C, 0x70, 0xD5, 0x9E, 0x73, 0x7B, 0x7E, 0x78,
    0x72, 0x38, 0x1C, 0x1A, 0xAE, 0x69, 0x17, 0x2F, 0x9E, 0x77, 0xD3, 0x90, 0xD6, 0x93, 0xFE, 0x07,
    0x14, 0x91, 0x32, 0x50, 0x79, 0xDC, 0x84, 0x1B, 0x69, 0x53, 0x67, 0xD8, 0x7B, 0xB7, 0xF7, 0x7D,
    0x78, 0xF9, 0xCA, 0x69, 0x9F, 0xA9, 0x3D, 0xE5, 0x42, 0xB1, 0x62, 0xA4, 0xA1, 0x9D, 0x52, 0x34,
    0xFE, 0x00, 0x00, 0x01, 0xA4, 0xC1, 0x79, 0x6C, 0x24, 0xDF, 0xD2, 0x60, 0x77, 0x4E, 0x09, 0x92,
    0x67, 0x72, 0xBE, 0xAE, 0xCF, 0x57, 0x2B, 0x20, 0x1D, 0x3B, 0xF9, 0x4A, 0x19, 0xD2, 0xDC, 0x06,
    0xF3, 0xBE, 0x91, 0xD3, 0x9B, 0x8F, 0xC1, 0x2D, 0xB2, 0x81, 0xF9, 0xFC, 0x6F, 0x6D, 0x07, 0x42,
    0x35, 0x82, 0x5A, 0x4E, 0x10, 0xB1, 0x5F, 0x9E, 0x46, 0x39, 0x53, 0xCB, 0xD1, 0x6E, 0xDC, 0xEE,
    0x8F, 0x37, 0x7A, 0xFE, 0x1F, 0xA5, 0xCD, 0x04, 0xA8, 0x54, 0x43, 0xE0, 0x6D, 0x09, 0xC8, 0x5F,
    0x03, 0xF7, 0xCA, 0x00, 0x2F, 0xA3, 0x3A, 0xE2, 0x44, 0xE2, 0xED, 0xBE, 0xFF, 0x3D, 0x80, 0x91,
    0x8D, 0x4A, 0x64, 0x72, 0x53, 0xED, 0xDB, 0xAE, 0x5C, 0xDA, 0xC6, 0xC6, 0x1A, 0x1B, 0xC1, 0x2E,
    0x50, 0x26, 0x79, 0xA8, 0x66, 0x70, 0x23, 0x0C, 0x90, 0x45, 0x28, 0xD2, 0x54, 0x07, 0xCF, 0xF8,
    0x86, 0x09, 0x7C, 0xCF, 0x4E, 0xDC, 0x75, 0x7D, 0xBF, 0x8A, 0xC8, 0x85, 0xFA, 0xAB, 0xD8, 0x2B,
    0xB5, 0xC6, 0x6E, 0x35, 0xF6, 0xA0, 0xB1, 0x07, 0x8D, 0xE7, 0xF6, 0x98, 0x01, 0x2A, 0x0F, 0x6D,
    0xC7, 0x3B, 0x2B, 0x48, 0x80, 0x5E, 0xA6, 0x7D, 0x93, 0x29, 0x77, 0xBE, 0x7E, 0x9B, 0x7C, 0xFB,
    0x50, 0x9F, 0x91, 0x22, 0xAE, 0x94, 0x71, 0x78, 0x6F, 0xF0, 0x1A, 0xAB, 0xBB, 0x21, 0x1F, 0xF3,
    0x55, 0x2C, 0xD1, 0xAF, 0x4A, 0xF4, 0xAB, 0x12, 0xFD, 0xAA, 0x44, 0x73, 0xF3, 0xB7, 0xE4, 0x22,
    0x4D, 0x39, 0x57, 0x63, 0x39, 0xDA, 0xD9, 0x8E, 0xC5, 0x0C, 0x85, 0x27, 0xE9, 0xE4, 0x03, 0x6F,
    0xE4, 0x13, 0x5F, 0x4D, 0x85, 0x77, 0x4D, 0xE1, 0x5B, 0x76, 0x39, 0x4A, 0x1D, 0xFF, 0xC4, 0x57,
    0xF2, 0x8F, 0xD5, 0xC8, 0x9B, 0x1B, 0x80, 0x5E, 0x27, 0x88, 0x50, 0x84, 0x14, 0xA7, 0xF0, 0x55,
    0x97, 0x07, 0xD7, 0x98, 0xC5, 0xA1, 0xEA, 0x3F, 0x58, 0x9C, 0xC8, 0xE2, 0x80, 0x4B, 0x51, 0x77,
    0x50, 0x8E, 0xBC, 0x6E, 0x43, 0xA6, 0x39, 0x64, 0xA2, 0xDE, 0xD8, 0xE3, 0x3C, 0x06, 0x91, 0xAE,
    0x08, 0x85, 0x2F, 0xC7, 0x6C, 0x51, 0xBB, 0xE8, 0x1A, 0x9E, 0x39, 0x68, 0x55, 0xEE, 0x4A, 0xFB,
    0xF8, 0x61, 0xDD, 0xF0, 0xB4, 0x1A, 0x89, 0x76, 0x36, 0xC1, 0x6C, 0x67, 0x13, 0x67, 0xDB, 0xE5,
    0x05, 0xBD, 0x79, 0x68, 0x9C, 0xFC, 0x45, 0x7C, 0xB1, 0xF2, 0x0C, 0x56, 0xFE, 0x08, 0x2D, 0x33,
    0x54, 0x7F, 0x1A, 0xC1, 0xFE, 0x0B, 0xC8, 0x23, 0x40, 0x82, 0x11, 0xA0, 0xB8, 0x3F, 0xC2, 0x6B,
    0x76, 0x86, 0x37, 0xF2, 0x00, 0x9E, 0x48, 0xEE, 0x19, 0x38, 0x3B, 0xD7, 0x12, 0x37, 0x6C, 0x56,
    0x02, 0x0F, 0x4E, 0x29, 0x64, 0xA5, 0x7A, 0x6F, 0x68, 0x7E, 0x48, 0x39, 0xED, 0x07, 0x95, 0x27,
    0x05, 0x30, 0xCB, 0xC9, 0xE1, 0x67, 0x4B, 0x2B, 0xB2, 0xB4, 0x98, 0xE0, 0xC8, 0x93, 0x7C, 0xDD,
    0x14, 0x73, 0x99, 0x8E, 0xE4, 0xB3, 0x01, 0x86, 0x05, 0x80, 0x36, 0x3D, 0x6E, 0x25, 0x98, 0x6B,
    0x71, 0xF3, 0xA8, 0x90, 0x15, 0xF3, 0xF9, 0x47, 0x82, 0xD9, 0xA8, 0x3B, 0x13, 0x29, 0x47, 0xB3,
    0x7C, 0x19, 0xA8, 0xC7, 0xF4, 0x03, 0xE9, 0xCA, 0xF3, 0x56, 0xA6, 0x72, 0xFB, 0xA2, 0x94, 0xD9,
    0xE1, 0xD4, 0x2C, 0x85, 0x78, 0x1D, 0x4A, 0xA3, 0x58, 0x74, 0x2E, 0x9F, 0x15, 0xB6, 0x53, 0xDC,
    0x41, 0xF1, 0x54, 0xF1, 0x99, 0x28, 0x64, 0xD0, 0xB9, 0x58, 0x4E, 0xA8, 0x87, 0x4F, 0x76, 0x51,
    0xC1, 0xA6, 0x73, 0xB4, 0x9D, 0xA6, 0xAC, 0x16, 0x4D, 0x69, 0x9E, 0x0C, 0x4B, 0x4A, 0x68, 0x5E,
    0xAE, 0x47, 0xDE, 0x91, 0x63, 0x2B, 0xF3, 0xD7, 0x4F, 0xF5, 0x8F, 0xF5, 0x4B, 0x70, 0x61, 0x58,
    0xAD, 0x4C, 0xBA, 0x82, 0x8F, 0xE4, 0xCE, 0xDB, 0x01, 0x84, 0xDA, 0xAB, 0x15, 0x2B, 0xE5, 0x4C,
    0x84, 0xB4, 0xDD, 0xCB, 0xE7, 0xC8, 0xCB, 0x3F, 0xB3, 0x14, 0x87, 0x95, 0x5B, 0x72, 0x2C, 0xCF,
    0x91, 0xA3, 0x93, 0x39, 0x95, 0xC6, 0xF9, 0x24, 0xAD, 0x23, 0xAD, 0x62, 0x4B, 0xA7, 0xF0, 0xCF,
    0xE1, 0x7F, 0xF1, 0x29, 0x93, 0x29, 0xE7, 0x94, 0xC9, 0x9E, 0xA3, 0x79, 0x0A, 0x49, 0x1F, 0x4C,
    0x47, 0x06, 0x2F, 0x2B, 0xC5, 0xBF, 0x35, 0x87, 0x49, 0x29, 0x4C, 0xB2, 0x52, 0x14, 0xE9, 0x6E,
    0xF2, 0xEB, 0x11, 0x77, 0x14, 0xA9, 0x00, 0x97, 0x93, 0x91, 0xA6, 0x1E, 0xF5, 0xAA, 0x04, 0xB3,
    0xB4, 0x8B, 0x02, 0xAE, 0xC3, 0xFE, 0x25, 0xA3, 0x57, 0x05, 0xFC, 0xBC, 0xC1, 0xCA, 0x42, 0xCD,
    0x53, 0xEE, 0xEA, 0xEF, 0x5D, 0x7E, 0xCC, 0x3D, 0xC0, 0x4D, 0x50, 0x6D, 0x60, 0x64, 0x86, 0x3A,
    0x42, 0x26, 0x80, 0xD3, 0xB7, 0x15, 0x4F, 0x54, 0xEF, 0xE2, 0x70, 0xBF, 0x8B, 0xA4, 0x9B, 0x01,
    0xE0, 0x57, 0xE0, 0xC9, 0x3C, 0xC5, 0xA7, 0xA7, 0xAD, 0x84, 0xEF, 0x9C, 0x9F, 0xE6, 0x9E, 0x17,
    0xF5, 0x80, 0x59, 0x40, 0x1E, 0xD3, 0x2E, 0xC0, 0x7F, 0x00, 0xC5, 0x9A, 0x31, 0x8C, 0xDE, 0xC8,
    0x75, 0xC7, 0x1F, 0x49, 0xAF, 0x08, 0x1C, 0x8B, 0x49, 0x71, 0x6B, 0x03, 0x51, 0x10, 0xA6, 0x70,
    0x75, 0x41, 0xC2, 0x94, 0x57, 0x44, 0xE2, 0x24, 0x2E, 0x5C, 0x5A, 0x85, 0x3E, 0x07, 0xC8, 0x16,
    0x6E, 0x93, 0x2B, 0xB2, 0x75, 0x00, 0xC9, 0xA4, 0x9D, 0x22, 0x85, 0x1B, 0x01, 0x71, 0xD2, 0x26,
    0xC5, 0x15, 0xCE, 0xB7, 0x85, 0x9A, 0x14, 0x57, 0x48, 0x1A, 0xFA, 0x54, 0xA6, 0x38, 0x06, 0x82,
    0xDD, 0xA4, 0x38, 0x26, 0xBE, 0x03, 0x02, 0xA5, 0xD0, 0x00, 0xE6, 0xE1, 0xB8, 0x2B, 0x92, 0xFF,
    0xF0, 0xBD, 0x37, 0xFC, 0x96, 0xAB, 0x5B, 0xF9, 0xE4, 0xC0, 0xB6, 0xA7, 0x98, 0xDF, 0xFF, 0x81,
    0x33, 0xF3, 0xCD, 0x3C, 0xBE, 0x99, 0xE1, 0x90, 0x1F, 0xAD, 0x29, 0x06, 0x6A, 0x66, 0x01, 0xF4,
    0x4C, 0xB4, 0xF9, 0xB8, 0x20, 0x99, 0x29, 0x99, 0x16, 0x66, 0x03, 0xC5, 0x6C, 0xE7, 0x9E, 0xA2,
    0x81, 0x8B, 0x75, 0x44, 0x76, 0x61, 0xD9, 0x92, 0xA4, 0xAA, 0x51, 0xBA, 0x2F, 0xF0, 0xAD, 0xFD,
    0x92, 0x16, 0xE6, 0x00, 0xB0, 0xF0, 0x08, 0xCF, 0xF7, 0x4C, 0xAE, 0x52, 0x4A, 0xD6, 0x50, 0x4E,
    0x55, 0xAB, 0x2C, 0x3B, 0xA6, 0xA1, 0xC2, 0x33, 0x89, 0xCC, 0xA0, 0x4C, 0x27, 0x65, 0x84, 0x5A,
    0x48, 0x25, 0x00, 0x74, 0x44, 0x37, 0x02, 0x89, 0xAA, 0x9F, 0xEC, 0x2C, 0x93, 0xAF, 0x7F, 0x09,
    0x23, 0xAB, 0x4C, 0x5A, 0x65, 0x1A, 0x98, 0x35, 0xDA, 0xF5, 0x62, 0xA1, 0xF4, 0x77, 0x43, 0x4A,
    0x9B, 0x0F, 0xB8, 0x7A, 0xD6, 0x0C, 0x0C, 0x53, 0xF7, 0x82, 0x3F, 0xF3, 0x8C, 0xD3, 0xFF, 0x65,
    0xE4, 0xC0, 0xCC, 0x5D, 0x04, 0xD0, 0x52, 0x86, 0x27, 0x09, 0x7A, 0x2A, 0x87, 0x5B, 0x09, 0x46,
    0x42, 0x77, 0x2B, 0xFD, 0x78, 0x8C, 0x51, 0xDF, 0xCB, 0x3E, 0x1A, 0x13, 0xD0, 0x3D, 0xF3, 0x83,
    0x21, 0x9B, 0xE9, 0x03, 0xF3, 0xCD, 0xCE, 0x8C, 0x34, 0x98, 0x88, 0xF2, 0x91, 0xFA, 0x9C, 0xA8,
    0x18, 0xC9, 0x17, 0xB4, 0x54, 0x8B, 0xFC, 0x1F, 0x33, 0x62, 0x7F, 0x6B, 0x41, 0x9F, 0x74, 0x8A,
    0xF6, 0x9E, 0xA0, 0x11, 0x48, 0x8F, 0xCA, 0x81, 0x7B, 0xC4, 0xA8, 0x7B, 0xAE, 0x6E, 0xAC, 0x27,
    0xCA, 0x47, 0xE9, 0x98, 0x99, 0xF2, 0x98, 0x81, 0x22, 0xE9, 0x88, 0x52, 0xFC, 0x0D, 0x0F, 0x38,
    0xC1, 0x9C, 0x34, 0xF4, 0x2E, 0x61, 0x4A, 0x1B, 0x1A, 0xA9, 0x9A, 0xB3, 0x26, 0x1B, 0x28, 0xC7,
    0x8B, 0x9F, 0xC2, 0x53, 0x12, 0x46, 0x0B, 0x19, 0x0A, 0x5D, 0xB8, 0xF9, 0x01, 0x91, 0xF4, 0x88,
    0x48, 0x7A, 0x44, 0x14, 0xFB, 0xDB, 0x0C, 0xEE, 0x11, 0xA3, 0xFD, 0x53, 0xDA, 0xA4, 0xC8, 0xA1,
    0xD7, 0x28, 0x42, 0x4D, 0x11, 0x2E, 0x4E, 0xE0, 0x29, 0x83, 0x25, 0x37, 0x50, 0x31, 0xC8, 0xE8,
    0x5C, 0x47, 0x64, 0x46, 0xE2, 0x1F, 0xC9, 0xD8, 0x13, 0x44, 0xA9, 0x4F, 0x05, 0x75, 0x36, 0x2D,
    0xE0, 0xAB, 0x82, 0x5C, 0x51, 0x28, 0x4A, 0xF6, 0xFA, 0xB1, 0x2D, 0x07, 0x83, 0xEF, 0xC3, 0x97,
    0xBD, 0xC1, 0xBF, 0x63, 0x28, 0x7B, 0xAA, 0x3E, 0x7E, 0x38, 0x2E, 0x28, 0xC7, 0x6C, 0x60, 0xF4,
    0x69, 0xC7, 0xF0, 0x11, 0x09, 0xA4, 0x5E, 0xD9, 0x1D, 0x50, 0x8C, 0x82, 0x5C, 0x61, 0x26, 0xC5,
    0x2C, 0xC8, 0x20, 0x48, 0x50, 0x33, 0x62, 0x34, 0x0B, 0xBE, 0x4E, 0xF0, 0x0B, 0x1E, 0x51, 0x35,
    0x95, 0x5D, 0xCC, 0x5E, 0x72, 0xDD, 0x69, 0x4F, 0x69, 0x08, 0x3A, 0xB7, 0xC0, 0x72, 0x4D, 0x9D,
    0x33, 0xC7, 0x77, 0x89, 0xF6, 0x92, 0x08, 0x92, 0xE8, 0x44, 0xC1, 0x83, 0x8E, 0x41, 0xD2, 0xBE,
    0x53, 0x94, 0x57, 0x50, 0x5C, 0x01, 0xFD, 0x7F, 0xA0, 0xF7, 0x6D, 0xC5, 0xC5, 0x7E, 0x5F, 0xFF,
    0xC2, 0x0A, 0xBB, 0xEA, 0xD3, 0x9D, 0xD5, 0x11, 0xD4, 0x01, 0x6F, 0xF6, 0x43, 0xCE, 0x73, 0x7E,
    0x03, 0x13, 0x03, 0x10, 0x0A, 0x36, 0xE9, 0x54, 0xFC, 0x91, 0xAA, 0x77, 0xF2, 0xE9, 0xDB, 0x68,
    0x89, 0x67, 0x78, 0xE5, 0x89, 0x50, 0xF3, 0xDC, 0x8E, 0x40, 0x64, 0x3C, 0xC5, 0x8A, 0x64, 0x5E,
    0xD0, 0x0A, 0x6E, 0x10, 0x83, 0x53, 0x1C, 0x00, 0x41, 0x24, 0x90, 0xEA, 0x9B, 0xE5, 0x45, 0x57,
    0x9F, 0x0A, 0x80, 0x27, 0x72, 0x8A, 0xE3, 0xEF, 0x9C, 0xEF, 0xEE, 0xE8, 0x8A, 0xC5, 0x29, 0x55,
    0x24, 0xA3, 0x54, 0xBB, 0x5A, 0xF2, 0x2F, 0x26, 0x29, 0xA9, 0xD7, 0x0E, 0xE8, 0x05, 0x99, 0x17,
    0x98, 0xF0, 0x43, 0xC7, 0xC4, 0x8B, 0x06, 0x70, 0x4E, 0x59, 0x9D, 0x00, 0xB8, 0x70, 0xB6, 0x00,
    0x27, 0x2A, 0x3F, 0x3D, 0x01, 0x46, 0x7A, 0x97, 0xA8, 0x80, 0x7A, 0x68, 0x47, 0x6B, 0x7A, 0x5B,
    0x21, 0x69, 0xBC, 0x94, 0x51, 0x7F, 0xA9, 0x13, 0xBF, 0xD1, 0xDD, 0xA5, 0xCE, 0x9A, 0x55, 0xDD,
    0x21, 0x53, 0x73, 0x37, 0x4B, 0xD4, 0x05, 0x1E, 0xE4, 0x0E, 0x35, 0xEB, 0x1F, 0x03, 0x43, 0x29,
    0xC3, 0xF8, 0x2A, 0x9E, 0x02, 0x73, 0x05, 0x8C, 0x3C, 0xC2, 0x8F, 0xEB, 0x0C, 0xB0, 0xF9, 0xCC,
    0x15, 0x66, 0x8A, 0x31, 0x52, 0x02, 0xD6, 0x23, 0x11, 0xFA, 0xC5, 0xB6, 0x8B, 0xEE, 0xF5, 0x2E,
    0x4A, 0x43, 0x0B, 0x5D, 0xB7, 0x6A, 0xB9, 0x4B, 0x24, 0x01, 0xD4, 0xFD, 0xF2, 0x1A, 0xD7, 0xEB,
    0x78, 0xA3, 0x93, 0x8D, 0x4E, 0x37, 0xDA, 0x6C, 0x74, 0xEE, 0x2E, 0x75, 0xB1, 0x69, 0xFF, 0xF6,
    0x46, 0x3F, 0x52, 0x2D, 0xE3, 0x18, 0x24, 0xAC, 0x5A, 0x8A, 0x31, 0x45, 0x7D, 0x75, 0x2E, 0xE3,
    0x74, 0xC0, 0xCF, 0x7D, 0x85, 0x96, 0x80, 0x86, 0x75, 0x1B, 0xF4, 0xD6, 0xB1, 0xB2, 0x88, 0x5F,
    0xEA, 0x5C, 0x21, 0xA9, 0xDC, 0xE8, 0xFB, 0x1B, 0xFD, 0x57, 0xAB, 0x78, 0x6B, 0xFF, 0x3E, 0x4F,
    0xF5, 0x1F, 0x91, 0x01, 0x3B, 0x16, 0x93, 0x4E, 0x88, 0x53, 0x7C, 0x42, 0x54, 0x80, 0x28, 0x9A,
    0xB9, 0x75, 0x76, 0xF6, 0x28, 0xA2, 0x59, 0x45, 0xBB, 0x0A, 0xBF, 0x8A, 0x3E, 0x88, 0x8F, 0xC7,
    0x20, 0x3E, 0x9A, 0x82, 0x78, 0x8A, 0x20, 0x3E, 0x84, 0xA5, 0x91, 0x23, 0xFB, 0xA7, 0xF8, 0xC9,
    0x6E, 0xDA, 0x59, 0x07, 0x4D, 0x75, 0xB5, 0x0A, 0x32, 0x4D, 0x31, 0x68, 0xE1, 0xC6, 0x8C, 0x41,
    0x64, 0x33, 0x8B, 0xF7, 0x1E, 0x3E, 0x3F, 0xC3, 0x7E, 0xDE, 0x7F, 0xB1, 0x96, 0xE5, 0xE8, 0x76,
    0x9D, 0x16, 0xA6, 0xD2, 0x07, 0x51, 0x0C, 0x41, 0x98, 0x31, 0x88, 0x6C, 0x0E, 0x22, 0x41, 0x10,
    0xF1, 0x2A, 0xE8, 0x20, 0xDC, 0x2A, 0x4A, 0x16, 0x79, 0x1B, 0x56, 0xEE, 0x6A, 0xD0, 0x05, 0xDD,
    0xB0, 0xF7, 0xB3, 0x55, 0x24, 0xDC, 0xB1, 0x65, 0x9D, 0xB4, 0xB4, 0x4E, 0xCB, 0x59, 0xD4, 0x09,
    0x66, 0x87, 0x76, 0x5D, 0x67, 0xDC, 0x20, 0xAA, 0xF4, 0x64, 0xA6, 0x55, 0xA5, 0x58, 0x55, 0x02,
    0x1B, 0x54, 0x8C, 0x26, 0xA8, 0xE8, 0x1A, 0x45, 0x5B, 0xF5, 0xD6, 0xE1, 0xAA, 0x39, 0xA8, 0x7C,
    0x6D, 0xA5, 0x2E, 0x0E, 0x2D, 0x97, 0x87, 0x5F, 0x83, 0x2A, 0x33, 0x26, 0xD8, 0x59, 0x56, 0x55,
    0xEF, 0x80, 0x8E, 0xCA, 0xCF, 0x4E, 0xD0, 0x42, 0x14, 0x30, 0xCB, 0x02, 0xC5, 0xEA, 0x01, 0xAD,
    0x35, 0xE8, 0xD7, 0xA4, 0x7A, 0x51, 0x56, 0x5D, 0x2B, 0x33, 0x37, 0xC6, 0x6C, 0x89, 0xE7, 0xF1,
    0xEF, 0x38, 0x40, 0xFB, 0xE1, 0x55, 0x69, 0xA0, 0x69, 0xDA, 0xD1, 0x3B, 0x8B, 0xC7, 0x1F, 0x04,
    0xAB, 0x94, 0x50, 0x50, 0xFD, 0x55, 0xCC, 0x67, 0x18, 0xD6, 0x0B, 0xBC, 0xCB, 0x05, 0x9D, 0x0F,
    0xEC, 0x15, 0xD5, 0x66, 0xD0, 0x59, 0xBD, 0xEA, 0xAA, 0xBB, 0xD4, 0xA5, 0x7F, 0xAD, 0xBE, 0x81,
    0xF9, 0xA0, 0x2B, 0xA0, 0x0D, 0x3A, 0x82, 0xAD, 0xFA, 0xA0, 0x93, 0x91, 0x85, 0xB6, 0x99, 0xF5,
    0x94, 0x8A, 0x49, 0xAE, 0xE1, 0x9D, 0x61, 0x60, 0x1D, 0xC1, 0xB2, 0xF6, 0xAC, 0xD3, 0x89, 0x4C,
    0x4F, 0x11, 0xB1, 0x3E, 0xF5, 0x12, 0x51, 0x8B, 0x96, 0x68, 0x4E, 0x61, 0x55, 0x8F, 0x44, 0x09,
    0x7A, 0xD6, 0xD3, 0x77, 0xF4, 0x81, 0xAC, 0xE6, 0xF2, 0xA9, 0xBA, 0x66, 0x60, 0x9D, 0xA0, 0x96,
    0x7D, 0xBB, 0x5E, 0xB4, 0x86, 0x8A, 0x83, 0xB4, 0x2F, 0xFE, 0x4A, 0x31, 0xB0, 0xAE, 0xC4, 0xD5,
    0xD5, 0xC8, 0xBA, 0x1C, 0x59, 0x67, 0x33, 0xEB, 0x7C, 0x62, 0x9D, 0x80, 0x75, 0x06, 0x4A, 0x1A,
    0x8A, 0x44, 0x27, 0xB0, 0x32, 0x25, 0x58, 0xC7, 0x68, 0x4C, 0x4B, 0xD1, 0x2C, 0x8F, 0x31, 0xE8,
    0x4C, 0x47, 0xF1, 0x24, 0x33, 0xC2, 0xF5, 0x86, 0xC7, 0x18, 0x39, 0x58, 0x2A, 0xE7, 0x6C, 0xA6,
    0xA2, 0x2F, 0x81, 0x89, 0x0C, 0x7E, 0x06, 0xA0, 0x15, 0x1D, 0xB9, 0xAE, 0x5A, 0xB0, 0xA6, 0x68,
    0x67, 0xE9, 0x77, 0x79, 0xB5, 0xA1, 0xA3, 0x3B, 0xC4, 0x77, 0xB1, 0x2E, 0x64, 0x90, 0xC6, 0xCB,
    0xE6, 0xD7, 0xDC, 0x00, 0x7E, 0x48, 0x94, 0xF7, 0x7C, 0x27, 0xCF, 0x2D, 0x95, 0x5C, 0xB3, 0x18,
    0xC2, 0xFE, 0x58, 0x8C, 0x2C, 0x24, 0x6B, 0x88, 0xCC, 0xA5, 0x65, 0x49, 0xA7, 0x55, 0xC5, 0x59,
    0xA9, 0x83, 0x23, 0x72, 0x9C, 0x55, 0x44, 0x3A, 0xD1, 0xC0, 0xD9, 0x13, 0x1D, 0x2C, 0xD1, 0x05,
    0x74, 0x1F, 0x93, 0xA0, 0x88, 0x7A, 0xD4, 0x6A, 0xB1, 0xFF, 0x62, 0xCF, 0x99, 0x06, 0x64, 0x43,
    0x89, 0x77, 0x4B, 0x16, 0xCE, 0x11, 0x94, 0x74, 0x55, 0x1B, 0xF6, 0x39, 0xD7, 0x51, 0xDA, 0x96,
    0x4B, 0x26, 0x56, 0xE5, 0x29, 0x6B, 0xCA, 0x25, 0xEB, 0x78, 0x54, 0xEE, 0x62, 0xFF, 0xF0, 0xB9,
    0x64, 0xFB, 0xBA, 0xC4, 0x26, 0xB5, 0x57, 0x2D, 0x19, 0x44, 0xC9, 0x77, 0xBE, 0xB0, 0x44, 0x32,
    0x88, 0xDB, 0x72, 0x3E, 0xD0, 0xFD, 0x7E, 0xA6, 0xFB, 0x94, 0xCC, 0xC1, 0x4A, 0x40, 0x8F, 0x28,
    0x06, 0x7D, 0x77, 0xB5, 0x46, 0x8A, 0x40, 0x8F, 0xC5, 0x8A, 0x61, 0x07, 0x22, 0xD8, 0x51, 0x7D,
    0x8C, 0xEF, 0xF5, 0x44, 0xF8, 0x5E, 0x98, 0x06, 0xF8, 0x90, 0x37, 0xC6, 0x0F, 0x7B, 0xB5, 0xDC,
    0x53, 0xDE, 0xEA, 0x9E, 0x7A, 0xB5, 0xAA, 0x67, 0x2D, 0x51, 0xF9, 0x2C, 0x58, 0xE5, 0xE7, 0x0D,
    0x51, 0xF1, 0x79, 0x17, 0xAC, 0x97, 0x8B, 0x95, 0xBF, 0x6C, 0xD5, 0x2A, 0x24, 0xF0, 0xD0, 0xB0,
    0x66, 0x61, 0x39, 0xAB, 0x57, 0x8B, 0x5D, 0x2E, 0x21, 0x2B, 0x22, 0x38, 0x39, 0x0C, 0xE2, 0x60,
    0x39, 0x00, 0xEF, 0x13, 0xE5, 0x9E, 0x05, 0x2C, 0x15, 0xDE, 0x3D, 0xDF, 0x9F, 0xA1, 0x63, 0xD1,
    0xC8, 0x6C, 0x55, 0x61, 0xC6, 0x20, 0x92, 0x79, 0x15, 0x08, 0x22, 0x5E, 0x45, 0x04, 0x7B, 0x45,
    0x1C, 0xDD, 0x25, 0x15, 0x4B, 0x65, 0xD4, 0xBF, 0x1A, 0xB1, 0xB7, 0x41, 0x10, 0x7D, 0x51, 0x94,
    0x07, 0xD1, 0x05, 0x51, 0xB5, 0x41, 0xA0, 0x51, 0x91, 0xC2, 0x2E, 0x62, 0xDE, 0xEF, 0xDD, 0x44,
    0x8B, 0x00, 0x80, 0x3E, 0x88, 0x8B, 0xE0, 0xB7, 0x69, 0x03, 0xAA, 0x14, 0x46, 0x91, 0x29, 0x52,
    0x86, 0xD4, 0x3D, 0xE0, 0x68, 0x77, 0x32, 0xEF, 0x0E, 0xD7, 0x02, 0x8E, 0x04, 0x29, 0x06, 0x46,
    0x09, 0x7C, 0x73, 0x92, 0xD3, 0xDB, 0xB3, 0x89, 0x12, 0xB4, 0xE9, 0xE7, 0x93, 0xDC, 0x16, 0x37,
    0xC9, 0xAC, 0x29, 0x27, 0x5E, 0x0E, 0x79, 0xEE, 0x17, 0x5E, 0x8F, 0x0E, 0x97, 0xC8, 0x16, 0x74,
    0x07, 0xA4, 0x5F, 0x82, 0x50, 0x41, 0xA1, 0x8D, 0xC9, 0xE4, 0xCD, 0xF5, 0x87, 0x8A, 0x49, 0x66,
    0x62, 0xC5, 0x9D, 0xA8, 0xE3, 0x9F, 0x83, 0x22, 0xCC, 0xEE, 0x19, 0x1E, 0x50, 0x05, 0x7C, 0x03,
    0xA0, 0x0C, 0x53, 0xBC, 0x80, 0x76, 0x96, 0x5E, 0x93, 0x32, 0x70, 0xEA, 0x14, 0x3E, 0x80, 0x5E,
    0x49, 0x91, 0x93, 0x4D, 0x23, 0xD7, 0xB3, 0x8B, 0xFB, 0xF4, 0x74, 0x96, 0x48, 0x49, 0x41, 0x94,
    0x8E, 0x8B, 0xB2, 0xBA, 0xE2, 0x5B, 0xE9, 0x61, 0x38, 0xBB, 0x4C, 0x7C, 0xC3, 0xB6, 0x0F, 0xE0,
    0xB8, 0x8A, 0x7A, 0x83, 0x3D, 0x9E, 0xF3, 0x43, 0x12, 0x00, 0x8C, 0x8A, 0x41, 0x02, 0x4F, 0xA7,
    0x9E, 0x20, 0x58, 0x67, 0x4B, 0xC9, 0x5A, 0x8B, 0x34, 0x5A, 0xAF, 0xDE, 0x34, 0xD6, 0x6C, 0xE1,
    0xDA, 0x2B, 0x27, 0x12, 0x1F, 0x76, 0xA9, 0xCD, 0xB1, 0x51, 0x06, 0x90, 0x91, 0x3C, 0x75, 0x16,
    0xB2, 0x9E, 0x9D, 0x40, 0x87, 0xA9, 0x0B, 0x17, 0xA4, 0xEA, 0x12, 0xF9, 0xC4, 0x2F, 0x26, 0xEC,
    0x8D, 0x65, 0x47, 0x94, 0xDD, 0x23, 0x03, 0xDA, 0x23, 0x87, 0x73, 0x8A, 0xC0, 0x43, 0xD7, 0xE7,
    0xE4, 0x30, 0x2F, 0xAB, 0x26, 0x4C, 0x49, 0x90, 0x8A, 0x78, 0x0C, 0x22, 0xED, 0x83, 0x30, 0x6D,
    0x10, 0x65, 0x1D, 0xC4, 0x4C, 0x2A, 0x92, 0x21, 0x88, 0xCC, 0x07, 0x51, 0x34, 0x41, 0x54, 0xA4,
    0x22, 0x9A, 0x99, 0x0E, 0x92, 0x9A, 0x4B, 0xF1, 0xDE, 0x19, 0x1C, 0x2E, 0xF6, 0x35, 0x97, 0x99,
    0xA1, 0xED, 0x60, 0x28, 0x27, 0x15, 0x5D, 0x0E, 0x15, 0x75, 0x86, 0x5A, 0x04, 0x25, 0x08, 0xDD,
    0x88, 0xE0, 0x55, 0x90, 0x1B, 0x83, 0x28, 0xE7, 0x20, 0x72, 0x58, 0x15, 0x19, 0x1A, 0x15, 0x09,
    0x3A, 0x15, 0x84, 0x5E, 0xDA, 0xD1, 0x69, 0x65, 0x58, 0x14, 0xB0, 0x54, 0xA1, 0x65, 0xEB, 0x13,
    0xDD, 0x66, 0x63, 0xCC, 0x2A, 0xE8, 0x0F, 0xE7, 0xBD, 0x26, 0x0B, 0x4D, 0x97, 0xB4, 0x11, 0x0F,
    0xA4, 0x9E, 0x89, 0x59, 0xD6, 0xA3, 0xB0, 0x08, 0xCC, 0x03, 0x4D, 0x3D, 0x04, 0x92, 0x90, 0xD3,
    0x86, 0xBF, 0xA7, 0xFC, 0x70, 0x56, 0xBE, 0x38, 0x57, 0xA2, 0x56, 0xF6, 0x0C, 0x19, 0x04, 0x9B,
    0x4E, 0x99, 0xCF, 0x68, 0xBE, 0xB2, 0x10, 0xFF, 0x81, 0x86, 0x97, 0xF9, 0xFB, 0x11, 0xFE, 0x33,
    0xD4, 0x47, 0xA7, 0x9C, 0x18, 0x1C, 0x1F, 0xC2, 0x4A, 0xEB, 0xA5, 0x50, 0xBA, 0xCF, 0x94, 0x4F,
    0x22, 0xE5, 0x1F, 0x04, 0xD2, 0x75, 0xDC, 0xB6, 0x73, 0x13, 0xFD, 0x3A, 0xF5, 0xFC, 0x81, 0xD7,
    0xA4, 0x6C, 0x6B, 0xDC, 0xDA, 0x1A, 0x03, 0x5D, 0x7F, 0x2A, 0x24, 0xD3, 0x1C, 0xE4, 0x0D, 0x87,
    0xD9, 0x06, 0x1D, 0xE3, 0x25, 0x5C, 0x1F, 0x8C, 0xFC, 0x87, 0xC9, 0x14, 0xCF, 0x87, 0x63, 0x67,
    0x3A, 0x52, 0x79, 0xA8, 0x65, 0x7A, 0x32, 0xDD, 0x6A, 0xE4, 0x9E, 0xB2, 0x50, 0x49, 0x4F, 0x64,
    0xE3, 0xC1, 0x68, 0x29, 0x9E, 0x54, 0xEA, 0xFC, 0xC6, 0x6A, 0xA0, 0xDE, 0x1A, 0x96, 0xC8, 0xD5,
    0xAA, 0x23, 0x09, 0x95, 0x60, 0xC4, 0x62, 0x34, 0x61, 0x00, 0xF3, 0xD6, 0x98, 0x36, 0x46, 0x3A,
    0x6E, 0x8C, 0x6C, 0x6B, 0x98, 0x61, 0x6B, 0xF4, 0xDA, 0x8B, 0xD0, 0xE9, 0x57, 0x0D, 0xD4, 0x74,
    0x87, 0x8D, 0xA2, 0x93, 0x2E, 0xE5, 0x87, 0xB7, 0x17, 0x11, 0xC8, 0xA1, 0xD7, 0xE1, 0x50, 0x8C,
    0x78, 0x92, 0x1F, 0x2F, 0x65, 0x63, 0x4C, 0x3D, 0x1D, 0xA6, 0xF3, 0x68, 0x5A, 0xAA, 0xC2, 0x50,
    0xCC, 0xC8, 0xE7, 0x1F, 0x9B, 0xFD, 0x8F, 0x93, 0xE6, 0x73, 0x8E, 0xD8, 0x12, 0x90, 0x16, 0x0B,
    0xBE, 0xF2, 0x81, 0xB8, 0xD6, 0x35, 0x25, 0x1B, 0x9E, 0x47, 0x1D, 0x81, 0x7F, 0xC0, 0x91, 0x4F,
    0x5E, 0x76, 0x3C, 0x8A, 0xCA, 0xD3, 0x4C, 0x7D, 0xF6, 0x5F, 0xB3, 0x95, 0x73, 0x4B, 0x32, 0x52,
    0xE5, 0xEA, 0x02, 0xB0, 0x04, 0x87, 0x8E, 0x6E, 0x0E, 0x14, 0xF3, 0xD9, 0x10, 0xD9, 0xE1, 0xF6,
    0xE9, 0x19, 0x31, 0xA4, 0xE0, 0xF9, 0x90, 0x92, 0xF1, 0x75, 0x46, 0x3A, 0x6C, 0x8C, 0xAC, 0xDF,
    0x18, 0xC6, 0x6F, 0x8C, 0x7C, 0x6B, 0x88, 0x8B, 0x36, 0x37, 0xF9, 0x4A, 0x8A, 0x30, 0x84, 0xB0,
    0x95, 0x7A, 0x9F, 0xB9, 0x46, 0xBC, 0x25, 0xCB, 0x59, 0x65, 0x53, 0xAE, 0xEA, 0x34, 0x1A, 0x71,
    0x2D, 0x6C, 0xD2, 0x09, 0xD2, 0x96, 0x51, 0x87, 0x17, 0xA8, 0x26, 0xA0, 0x96, 0x1D, 0xBE, 0xD0,
    0x50, 0x2B, 0x05, 0xFE, 0x3E, 0xA3, 0xE8, 0x47, 0x9D, 0xAD, 0x3D, 0x5D, 0x1E, 0x52, 0x32, 0xB4,
    0x8C, 0x04, 0xF5, 0x01, 0xB1, 0xCE, 0xB3, 0xA4, 0x89, 0xF8, 0x5A, 0xD6, 0x26, 0xF0, 0x3C, 0xD4,
    0x14, 0x3D, 0x2F, 0xCF, 0xE6, 0xC5, 0x40, 0x54, 0x8D, 0xC5, 0xB7, 0x46, 0xA2, 0xF3, 0xF9, 0xB6,
    0x99, 0x28, 0xF2, 0x18, 0x53, 0xF0, 0x13, 0x67, 0x9F, 0x40, 0x1E, 0x2E, 0x63, 0xD4, 0xC6, 0xE6,
    0x4B, 0xFD, 0xA6, 0xE0, 0x75, 0x06, 0xCD, 0x2D, 0x4A, 0x0F, 0xFB, 0x48, 0xB5, 0x7D, 0xB3, 0x25,
    0x1B, 0x5D, 0x54, 0x8B, 0xF3, 0xB2, 0x86, 0xF2, 0x8E, 0xC8, 0x04, 0xB4, 0x94, 0xB7, 0xE2, 0xE2,
    0xA2, 0x91, 0x30, 0x75, 0xBC, 0x82, 0xE2, 0x6C, 0xD6, 0x75, 0x65, 0xD0, 0xF9, 0x5F, 0xCB, 0x8E,
    0xF2, 0xFE, 0xFA, 0xE4, 0xD1, 0x11, 0x1D, 0x39, 0x9C, 0x41, 0x1E, 0x45, 0x66, 0x92, 0x35, 0x3A,
    0x9B, 0x49, 0x06, 0x22, 0x0B, 0xB3, 0x57, 0x96, 0xFD, 0xBA, 0xE0, 0x77, 0x2B, 0x8F, 0x4F, 0xB0,
    0xDB, 0x9D, 0x4E, 0x56, 0x97, 0xEB, 0x91, 0x2E, 0x09, 0xE1, 0xAB, 0xE5, 0x29, 0x85, 0xB4, 0x23,
    0xE5, 0xAA, 0x4E, 0x89, 0x46, 0x98, 0x42, 0xFA, 0xBA, 0xD3, 0x7D, 0x40, 0x4A, 0x0B, 0xCF, 0x89,
    0xB4, 0xDC, 0xAF, 0x84, 0x50, 0x9A, 0xC0, 0x0A, 0xAD, 0x9A, 0x10, 0xA1, 0xD4, 0x34, 0xD0, 0xEB,
    0xC4, 0x69, 0x58, 0xDA, 0x72, 0x04, 0x97, 0xBA, 0x79, 0x06, 0x74, 0x87, 0x1B, 0x0C, 0x1A, 0x19,
    0xFA, 0x20, 0xEB, 0x6D, 0xE9, 0x69, 0x20, 0x16, 0x68, 0x16, 0xE1, 0x1A, 0x79, 0xA0, 0x18, 0x78,
    0x25, 0x4A, 0x40, 0x8B, 0xF8, 0x5B, 0x71, 0xB5, 0xB6, 0x6C, 0x26, 0x11, 0x52, 0x5B, 0x45, 0xB1,
    0x8A, 0x72, 0xF8, 0x82, 0xE8, 0xDF, 0x50, 0xF0, 0xA6, 0xC7, 0xE2, 0x1C, 0x40, 0x23, 0xD5, 0x1F,
    0x62, 0xB6, 0x22, 0x12, 0xF8, 0xF0, 0x13, 0x68, 0x29, 0x57, 0xD1, 0x68, 0x37, 0x44, 0xCC, 0x41,
    0xA4, 0x08, 0x22, 0x81, 0x55, 0x11, 0xA1, 0x51, 0x41, 0xCE, 0x07, 0x51, 0x8E, 0x41, 0x18, 0xD4,
    0x2A, 0x62, 0xCC, 0xD3, 0x09, 0x0B, 0x3D, 0xC2, 0x5B, 0x7D, 0xAA, 0x81, 0x86, 0xF0, 0xD1, 0x74,
    0xE7, 0x4B, 0xFD, 0x1C, 0xFF, 0x2B, 0x6D, 0xD6, 0xE8, 0x70, 0xFB, 0x36, 0x27, 0x14, 0x15, 0xB5,
    0x8A, 0xC2, 0x35, 0x2A, 0xCA, 0xAA, 0x55, 0x71, 0xBB, 0xF4, 0x2A, 0x1E, 0xAF, 0x62, 0xCC, 0x7B,
    0x61, 0x34, 0x98, 0x51, 0x44, 0xDC, 0x07, 0x91, 0xF8, 0x10, 0x21, 0x69, 0x97, 0x40, 0x44, 0xD6,
    0x8A, 0xA8, 0xA0, 0x69, 0x70, 0x41, 0x8C, 0xC7, 0xBB, 0xEA, 0x1F, 0x77, 0xF8, 0x74, 0x77, 0x97,
    0xA8, 0x5C, 0x27, 0xE6, 0x93, 0xF5, 0x11, 0x6F, 0x52, 0xAF, 0x1F, 0x7F, 0x7B, 0xE2, 0x79, 0xB1,
    0xBB, 0x7B, 0xA8, 0x75, 0x68, 0x87, 0xD2, 0x30, 0x9D, 0xE4, 0x30, 0x99, 0x40, 0xB7, 0x4D, 0x71,
    0x2D, 0xE5, 0x72, 0xE2, 0xA9, 0x49, 0xCE, 0x8B, 0xEA, 0xD5, 0x70, 0x32, 0xA5, 0x2A, 0x1C, 0x43,
    0x09, 0x41, 0x44, 0x22, 0xDC, 0xA0, 0x6F, 0x27, 0x23, 0xCC, 0xA4, 0xEF, 0xEF, 0x81, 0xFE, 0x20,
    0x48, 0x13, 0x1B, 0x5D, 0xD8, 0xEA, 0x17, 0x94, 0xB3, 0xBC, 0xE6, 0x76, 0x1D, 0x15, 0x3D, 0x51,
    0x78, 0xD9, 0x05, 0x2B, 0x5E, 0x86, 0xEE, 0x8E, 0x95, 0xE2, 0x2D, 0x05, 0x1D, 0x90, 0x28, 0x52,
    0x85, 0x99, 0xA9, 0x0A, 0xCE, 0x51, 0x1C, 0xEF, 0x76, 0x0E, 0x9F, 0xDD, 0x3D, 0x3C, 0xA4, 0x54,
    0x98, 0xA5, 0x2E, 0x3C, 0xBD, 0x52, 0xF2, 0x3D, 0xCC, 0xBC, 0x04, 0xC5, 0xF0, 0xDA, 0x6C, 0xB3,
    0x69, 0x36, 0x9B, 0x2F, 0x4F, 0x48, 0xEF, 0xEA, 0xC6, 0x5B, 0x86, 0xCD, 0xB8, 0x96, 0x3D, 0xD2,
    0xD5, 0x12, 0x10, 0xA8, 0x23, 0x58, 0x99, 0x50, 0xAE, 0x95, 0xBA, 0xC5, 0x39, 0x9D, 0xCA, 0x29,
    0x49, 0x87, 0x5E, 0x41, 0x63, 0x63, 0xA7, 0x91, 0x96, 0x74, 0x57, 0x71, 0xCD, 0x47, 0xA0, 0x97,
    0x2F, 0xE5, 0x23, 0xD0, 0x37, 0x3A, 0xF9, 0x08, 0x94, 0x74, 0xF2, 0x11, 0x28, 0xE9, 0xE4, 0x23,
    0x50, 0xD2, 0xC9, 0x47, 0xA0, 0xA4, 0x4B, 0x7D, 0x2A, 0xA8, 0xB3, 0x49, 0x5A, 0x31, 0xA3, 0x20,
    0x57, 0x14, 0x8A, 0x72, 0xB8, 0x82, 0xFE, 0x8D, 0x31, 0x6C, 0x51, 0x5C, 0x69, 0xDA, 0x4C, 0x8A,
    0x59, 0x90, 0x41, 0x90, 0xA0, 0x66, 0xC4, 0x68, 0x12, 0xFD, 0x08, 0x94, 0xC8, 0x47, 0xA0, 0x31,
    0xD1, 0x8F, 0x40, 0xFF, 0xF0, 0x0B, 0x3E, 0x02, 0x7D, 0xAD, 0x7F, 0x9D, 0x5F, 0xDE, 0xF9, 0x17,
    0xDA, 0x5B, 0x09, 0x69, 0xD4, 0xBF, 0x3C, 0xAA, 0x10, 0xF1, 0x8A, 0xF7, 0xDC, 0xC5, 0x19, 0x9E,
    0xFF, 0x68, 0x2D, 0xF2, 0xDB, 0x47, 0xA3, 0x68, 0x05, 0xD5, 0xF0, 0x15, 0x46, 0x81, 0x99, 0x91,
    0x61, 0xA2, 0x4D, 0xC4, 0x48, 0x7C, 0xB0, 0xC7, 0x01, 0xDE, 0xAE, 0xCE, 0x4F, 0xD0, 0x70, 0xC4,
    0x39, 0xCF, 0x51, 0x58, 0xF4, 0xF2, 0x8E, 0x78, 0x30, 0x3D, 0x51, 0xD6, 0x4B, 0xEE, 0x39, 0xBF,
    0x61, 0x39, 0xE7, 0x2B, 0x92, 0x8F, 0x87, 0x77, 0x26, 0xE1, 0xCC, 0x13, 0xEB, 0x6F, 0x38, 0x31,
    0x0A, 0x31, 0x52, 0x5D, 0x14, 0x9D, 0x18, 0x99, 0x46, 0x6D, 0x15, 0xB6, 0xBF, 0x5E, 0x0A, 0x87,
    0x67, 0x90, 0x6D, 0x5B, 0x91, 0xBD, 0xF3, 0x76, 0x82, 0xF2, 0x67, 0x23, 0x62, 0x3C, 0x81, 0x7B,
    0xF1, 0x7D, 0xF4, 0x8F, 0x8A, 0xEC, 0xE9, 0xEC, 0x39, 0x1F, 0xFF, 0x6D, 0xC9, 0x3F, 0x1A, 0xEE,
    0x2D, 0xF9, 0x0B, 0x5F, 0x8C, 0x45, 0x86, 0x3A, 0x9B, 0xDD, 0xC3, 0x89, 0x48, 0x37, 0xB8, 0xC7,
    0xA7, 0x27, 0x0D, 0xD1, 0x72, 0xF5, 0x95, 0xFC, 0xEE, 0x51, 0x64, 0xE5, 0xE5, 0xEB, 0x7E, 0x7D,
    0xB3, 0xD5, 0x04, 0xD0, 0x75, 0xE9, 0x78, 0xC7, 0xC9, 0x86, 0x22, 0x55, 0x40, 0x9D, 0x4E, 0x54,
    0xB4, 0x15, 0x2D, 0x30, 0xED, 0x7D, 0x46, 0xA6, 0x48, 0xDB, 0x7B, 0x8C, 0xE4, 0x15, 0x10, 0x83,
    0xE8, 0x37, 0x08, 0x03, 0x41, 0x85, 0x07, 0x62, 0x00, 0x75, 0x40, 0x18, 0x7B, 0x18, 0x51, 0xFD,
    0xCE, 0x1E, 0x58, 0x2C, 0xA2, 0x34, 0x38, 0x00, 0x9D, 0x56, 0xF4, 0x82, 0x72, 0x10, 0x14, 0xE3,
    0x01, 0xA1, 0x5E, 0xC0, 0xE6, 0xDA, 0x20, 0x28, 0x7B, 0x85, 0x17, 0xAC, 0x0F, 0x91, 0x0D, 0x3B,
    0xD2, 0xCD, 0x24, 0xD5, 0x7B, 0xC1, 0x6C, 0xC3, 0xFD, 0xD6, 0x1B, 0xBE, 0x79, 0xD8, 0x8C, 0xD7,
    0x9E, 0x78, 0x81, 0x0B, 0x2D, 0x8E, 0x82, 0x50, 0x23, 0x0C, 0x2F, 0x5D, 0x6B, 0xB4, 0x57, 0x6A,
    0x8C, 0x82, 0x12, 0x56, 0x8B, 0x8A, 0x19, 0xB9, 0x31, 0xBC, 0x66, 0x38, 0xF8, 0x43, 0x5E, 0x31,
    0x5C, 0xBE, 0xF8, 0x4B, 0x40, 0xD7, 0xE2, 0x48, 0xF1, 0x58, 0x70, 0x73, 0x12, 0xA0, 0x15, 0x48,
    0xF5, 0x9B, 0xEB, 0xBE, 0x2F, 0x6E, 0x78, 0x09, 0xFA, 0x23, 0xA2, 0xF2, 0xEF, 0xC0, 0x37, 0xE2,
    0xEB, 0x09, 0xA4, 0xFB, 0x09, 0x66, 0xED, 0x6E, 0xCB, 0x70, 0x20, 0xFA, 0xEB, 0xA5, 0x1A, 0x78,
    0xA8, 0xE5, 0x33, 0x50, 0x82, 0xEE, 0xDD, 0x84, 0xE1, 0xE5, 0x67, 0xAB, 0x5E, 0x90, 0x0D, 0x82,
    0x44, 0x11, 0x5F, 0x45, 0x2F, 0x48, 0xBC, 0x20, 0xED, 0x04, 0xA6, 0x11, 0x4F, 0x56, 0x96, 0x4E,
    0xD1, 0x7E, 0x6D, 0x92, 0x61, 0xC2, 0x0B, 0xC2, 0x49, 0x67, 0xEB, 0x2C, 0x83, 0xE0, 0xD8, 0x7F,
    0x1A, 0x85, 0xDF, 0x0D, 0x2F, 0x66, 0x1F, 0x51, 0x19, 0x98, 0x0B, 0x1F, 0x93, 0xB1, 0xBC, 0x5A,
    0x54, 0x56, 0xDD, 0xA6, 0x77, 0xBE, 0xA7, 0x5C, 0x38, 0x51, 0x0A, 0x7C, 0x42, 0x37, 0x40, 0x74,
    0xFC, 0xAD, 0x5A, 0x0F, 0xA0, 0xA6, 0x96, 0x7D, 0x5E, 0x68, 0x5A, 0x65, 0x7A, 0x1D, 0xFF, 0xDE,
    0x36, 0x29, 0x97, 0xFB, 0xE7, 0xA7, 0xDE, 0x30, 0xF1, 0xA2, 0xCF, 0x6B, 0x26, 0xC6, 0x8A, 0x16,
    0xFA, 0xB9, 0x1A, 0x17, 0x16, 0xCD, 0xA3, 0xC2, 0xCB, 0xA6, 0xF8, 0x27, 0xC6, 0x5E, 0xC6, 0x47,
    0xF6, 0x42, 0x59, 0xFC, 0x40, 0xF9, 0xFB, 0x59, 0x2B, 0x64, 0x77, 0x1C, 0x0E, 0xEE, 0x86, 0xC4,
    0x67, 0xFA, 0xB8, 0x31, 0x13, 0x39, 0xA6, 0x6B, 0x53, 0x30, 0x79, 0x28, 0x1A, 0x00, 0x21, 0x46,
    0x80, 0x96, 0xF4, 0x95, 0x94, 0x20, 0xAD, 0x05, 0x94, 0x35, 0x6F, 0xC4, 0xE8, 0xE1, 0x73, 0xCB,
    0x74, 0x08, 0x6B, 0x9E, 0xAE, 0x2A, 0xC5, 0x94, 0xFD, 0x18, 0x3D, 0xFF, 0x6A, 0xD6, 0xE4, 0x23,
    0x45, 0xB0, 0x59, 0xC3, 0xFB, 0xEB, 0xBC, 0xD4, 0x8B, 0x51, 0xA7, 0x23, 0xD7, 0x47, 0x63, 0x84,
    0xAE, 0x35, 0x3D, 0xB3, 0xEC, 0x72, 0x2F, 0xF4, 0x85, 0xB0, 0xF0, 0xE5, 0xCA, 0x8E, 0x99, 0xF7,
    0x07, 0xB6, 0x4C, 0x33, 0x54, 0xBF, 0x66, 0xEE, 0xF5, 0x83, 0x15, 0x38, 0x59, 0x3A, 0xC1, 0xC5,
    0x43, 0xF4, 0xFA, 0x88, 0x35, 0x85, 0x4F, 0xC8, 0x82, 0x08, 0x35, 0x83, 0xD0, 0x08, 0x5C, 0xBB,
    0x45, 0xD5, 0x5D, 0x41, 0xB8, 0xD6, 0x6C, 0x2A, 0x44, 0xB0, 0x8C, 0x04, 0xC4, 0xC8, 0x47, 0xFE,
    0x6F, 0xC4, 0x5F, 0xA2, 0x23, 0x7D, 0xE3, 0x2E, 0x78, 0x40, 0xBF, 0x85, 0x3F, 0x53, 0xC4, 0xFE,
    0xDE, 0x97, 0xF0, 0x91, 0xF0, 0xA6, 0xF6, 0x2F, 0x0E, 0x15, 0x73, 0x78, 0x79, 0xA9, 0x55, 0xFD,
    0xB7, 0xBF, 0x57, 0xF5, 0x14, 0xE1, 0xCF, 0xFD, 0x3D, 0x7E, 0x9A, 0x9A, 0x97, 0x7A, 0x09, 0x28,
    0x1B, 0x17, 0x46, 0xB0, 0x66, 0x58, 0x48, 0xA8, 0x73, 0xCF, 0x74, 0x4D, 0x29, 0xAC, 0x9A, 0xB2,
    0x63, 0x96, 0x07, 0x56, 0xAD, 0x90, 0xAA, 0x36, 0xBA, 0xF3, 0x36, 0xBD, 0xBD, 0x90, 0x24, 0x1D,
    0xD8, 0x29, 0xCB, 0x95, 0x5E, 0x59, 0x04, 0xE6, 0xBD, 0xD2, 0x0C, 0xCA, 0x74, 0x7C, 0xE5, 0xF4,
    0x81, 0xC0, 0x6A, 0xFB, 0x7E, 0x67, 0xFB, 0xE2, 0xC3, 0x85, 0x08, 0xE7, 0x34, 0xBE, 0x96, 0x44,
    0xFD, 0x6D, 0xBA, 0x92, 0xEF, 0xCF, 0x66, 0x47, 0xA4, 0x2B, 0xC7, 0x09, 0x83, 0x57, 0xFB, 0x14,
    0x3C, 0x01, 0x08, 0x2D, 0x07, 0x4D, 0xE5, 0x39, 0x2F, 0x35, 0xEF, 0x5F, 0x93, 0x6F, 0xCA, 0x38,
    0xA9, 0x85, 0x7A, 0xC9, 0xE5, 0x28, 0x0F, 0xF4, 0x92, 0x73, 0x0C, 0x3D, 0x7F, 0x08, 0x92, 0xAB,
    0xED, 0x65, 0xF9, 0x7C, 0xE0, 0xDC, 0x8C, 0x92, 0x4F, 0x9C, 0x67, 0xF3, 0xF5, 0xB9, 0xD1, 0x7C,
    0xD2, 0xF2, 0xDC, 0xC3, 0x62, 0xE0, 0xDC, 0xF9, 0x14, 0xCF, 0xCF, 0xD0, 0x00, 0xD0, 0xB3, 0x08,
    0x1E, 0xE8, 0xE8, 0xAE, 0xCD, 0x23, 0x2B, 0xD1, 0xC4, 0x65, 0x4A, 0xF1, 0x09, 0x3E, 0xB9, 0x09,
    0x9B, 0xC8, 0xA2, 0x6F, 0xD8, 0x6C, 0x72, 0xF9, 0xB2, 0xCA, 0xF7, 0xA6, 0xAA, 0xF9, 0x4E, 0xDD,
    0x0F, 0xF7, 0x4F, 0x73, 0xD7, 0xBE, 0x41, 0xBE, 0x29, 0x5F, 0xF9, 0xCB, 0x3B, 0x5E, 0x1C, 0x0E,
    0xD9, 0x54, 0x1B, 0x10, 0x25, 0x4D, 0x82, 0x96, 0x8A, 0x26, 0xC2, 0x7C, 0xC6, 0x13, 0x0C, 0xD0,
    0x43, 0x44, 0xA7, 0x7F, 0x94, 0xBA, 0x26, 0xE9, 0x79, 0x76, 0x9B, 0xFF, 0x1F, 0xDB, 0xFF, 0x1F,
    0x08, 0x7E, 0xFC, 0xC7, 0x20, 0x19, 0xC0, 0x00, 0x00, 0xED, 0x94, 0x81, 0x86, 0xDD, 0x4E, 0x14,
    0xC6, 0xBF, 0xE4, 0xFE, 0x77, 0xC3, 0x3F, 0x34, 0x85, 0x42, 0x21, 0x00, 0x94, 0xCA, 0x1B, 0x74,
    0xF2, 0x08, 0x8B, 0xAE, 0xD2, 0x97, 0xE8, 0x1B, 0x74, 0xA2, 0x50, 0x80, 0xA2, 0x0F, 0x50, 0x14,
    0xDC, 0xC5, 0x3E, 0x42, 0x42, 0x5F, 0x20, 0x8F, 0x10, 0xEC, 0x03, 0x04, 0x41, 0xBA, 0x92, 0xF9,
    0x6A, 0xCE, 0x99, 0x61, 0xBA, 0xBD, 0xB6, 0x0A, 0xEC, 0x6A, 0x8F, 0xDD, 0x7B, 0x7E, 0xE3, 0xDE,
    0x89, 0x99, 0xDF, 0x27, 0x07, 0x5A, 0x97, 0x17, 0x00, 0xCE, 0x79, 0x83, 0x92, 0x6C, 0x01, 0x43,
    0xFA, 0xFF, 0x11, 0x19, 0xDF, 0x70, 0x60, 0x6B, 0x67, 0x1C, 0x36, 0xF0, 0x9B, 0x43, 0x33, 0xA3,
    0x5C, 0x61, 0x3F, 0x6E, 0xA8, 0x47, 0x54, 0x0B, 0x5E, 0x95, 0x1B, 0x9E, 0x00, 0xF5, 0x8C, 0xA7,
    0xD5, 0x06, 0xC0, 0xFF, 0x00, 0x4A, 0xE6, 0x3E, 0xB2, 0xD4, 0x9A, 0x10, 0x69, 0xC6, 0x8B, 0xFE,
    0xF6, 0x78, 0xBC, 0x76, 0xC7, 0x4F, 0xE9, 0x8E, 0xC7, 0x4D, 0x76, 0x01, 0xEA, 0x1D, 0x40, 0xCE,
    0x1D, 0xE8, 0xD9, 0xFA, 0x0F, 0x6E, 0x0D, 0xC9, 0x21, 0x21, 0x00, 0xCF, 0xFD, 0xB5, 0x81, 0x92,
    0x12, 0x00, 0xEC, 0xED, 0x35, 0x27, 0x20, 0x63, 0x97, 0x71, 0x06, 0x0E, 0x4E, 0x9F, 0x55, 0x6E,
    0xC1, 0xB0, 0x7F, 0xEE, 0xA8, 0xFC, 0x3F, 0xA4, 0x4B, 0x99, 0xD3, 0x5D, 0x1D, 0xAF, 0xA1, 0x6F,
    0xC1, 0xF4, 0x16, 0x4F, 0xFA, 0x60, 0x7B, 0xF4, 0x17, 0xED, 0x79, 0x63, 0x15, 0xE9, 0x62, 0x07,
    0x70, 0x76, 0x09, 0x5F, 0xE7, 0x72, 0x3F, 0xC0, 0x84, 0xEE, 0xBD, 0xAD, 0xEA, 0xCD, 0xAC, 0xC1,
    0xDB, 0xAA, 0xDE, 0xAA, 0x15, 0xA8, 0x67, 0xED, 0x4D, 0xE8, 0xE6, 0x54, 0x57, 0x5F, 0x63, 0xD2,
    0xBD, 0xB7, 0x2E, 0x7E, 0xFF, 0x50, 0x7B, 0xF4, 0xD6, 0x6C, 0xE2, 0x2D, 0x0B, 0xDE, 0x6A, 0x72,
    0x8F, 0x1D, 0x5A, 0xE7, 0xC7, 0xAF, 0xDA, 0x79, 0x83, 0x9C, 0xE4, 0x08, 0x35, 0x88, 0xCA, 0x5D,
    0x89, 0x45, 0x79, 0xFD, 0xCD, 0x04, 0xBB, 0x01, 0x32, 0x01, 0x06, 0x76, 0x3E, 0x0F, 0xC8, 0x10,
    0xF8, 0x40, 0x15, 0x2B, 0x73, 0xE0, 0xB0, 0x03, 0xC5, 0x02, 0x1D, 0x05, 0xC5, 0x06, 0xE4, 0x2D,
    0xC4, 0xAF, 0xFE, 0x24, 0x7D, 0x2D, 0xEE, 0x5F, 0x58, 0xC6, 0x72, 0x77, 0x16, 0x71, 0x3E, 0x1C,
    0xAF, 0x5C, 0xB2, 0xE7, 0xF0, 0x97, 0x2E, 0x98, 0x8C, 0x97, 0x82, 0xC9, 0x84, 0x69, 0x38, 0x22,
    0x8E, 0x96, 0x82, 0x64, 0xFB, 0xD3, 0x02, 0x5A, 0xD9, 0xA5, 0x90, 0x44, 0x9F, 0xF5, 0xA2, 0x37,
    0x44, 0x4F, 0x5D, 0xC4, 0xE8, 0x7B, 0x97, 0x46, 0xEF, 0xD2, 0xE8, 0x5D, 0x12, 0xFD, 0xC1, 0x25,
    0xD1, 0xCB, 0x42, 0xA3, 0xFF, 0xA3, 0xCB, 0xC5, 0xB4, 0x97, 0x5F, 0x16, 0x31, 0xFA, 0x2F, 0x77,
    0xF6, 0xFC, 0x8B, 0xBE, 0x4C, 0xA3, 0x7F, 0xF7, 0xBB, 0xE8, 0xDF, 0x7E, 0x86, 0x54, 0x49, 0x76,
    0x02, 0xF6, 0xB6, 0x5F, 0x21, 0x71, 0xB7, 0xF2, 0x58, 0xF8, 0x30, 0xD9, 0x41, 0xB3, 0xEB, 0x07,
    0xE8, 0x5C, 0xB1, 0xA3, 0x66, 0xAD, 0x50, 0xCF, 0x01, 0x9A, 0x14, 0xFA, 0x08, 0x0C, 0x50, 0x90,
    0x4E, 0xC0, 0x90, 0x14, 0xB0, 0x0A, 0xBA, 0xEB, 0xB1, 0x80, 0x99, 0x00, 0x98, 0x30, 0x5C, 0x33,
    0xBA, 0x16, 0xCD, 0x9E, 0xE9, 0x55, 0x2A, 0xB2, 0x15, 0xC8, 0x49, 0x68, 0x3D, 0xBB, 0x00, 0x54,
    0x74, 0x6A, 0x3A, 0x55, 0x1D, 0x5D, 0xA7, 0xB2, 0x51, 0x44, 0xDB, 0x28, 0x45, 0x77, 0x24, 0x73,
    0x82, 0xF4, 0xDB, 0x83, 0xDF, 0xA1, 0xB4, 0x47, 0xE7, 0xA4, 0x4A, 0xCF, 0x49, 0x76, 0x62, 0xBD,
    0xFA, 0x9E, 0x73, 0x10, 0x6A, 0x46, 0x58, 0xF9, 0x83, 0x19, 0x60, 0x94, 0x6C, 0x87, 0x7A, 0x40,
    0xA4, 0x56, 0x69, 0xC0, 0x7F, 0x10, 0x92, 0x8B, 0x2B, 0xAD, 0x91, 0x6A, 0x76, 0x81, 0x4A, 0xEE,
    0x81, 0x72, 0x72, 0x54, 0x82, 0xE1, 0x16, 0xA8, 0x20, 0x5B, 0x25, 0x34, 0x1C, 0x02, 0xE5, 0x9C,
    0x02, 0xC1, 0xCE, 0x91, 0xEA, 0x45, 0xE8, 0x25, 0x50, 0x29, 0xBD, 0x07, 0x4A, 0xA5, 0x1E, 0xA8,
    0xE6, 0x84, 0xFC, 0x89, 0x7A, 0x39, 0xBD, 0x59, 0x00, 0xB3, 0x64, 0x32, 0x93, 0x32, 0xD4, 0xA4,
    0x83, 0xA4, 0x91, 0x93, 0x93, 0x9C, 0xA8, 0xC5, 0xD9, 0xEB, 0x90, 0xC7, 0x0F, 0x45, 0x8F, 0x01,
    0x86, 0x03, 0x31, 0x18, 0x46, 0xFF, 0xCE, 0x5A, 0xB5, 0xF6, 0x10, 0x39, 0xC2, 0x1E, 0xA1, 0xB9,
    0xD9, 0xCC, 0xCD, 0xB2, 0x47, 0xC8, 0x11, 0x0A, 0x16, 0x05, 0x8B, 0xA0, 0x68, 0xE6, 0x6B, 0x9E,
    0x8F, 0xE4, 0x57, 0x33, 0x4F, 0xE6, 0xBD, 0xC6, 0x1F, 0xCC, 0x57, 0xAC, 0xF9, 0xC9, 0x8B, 0x4B,
    0x9D, 0xB8, 0xA9, 0x4D, 0xFE, 0x56, 0x5F, 0xBA, 0x94, 0xA7, 0x2E, 0xD5, 0xA9, 0x4B, 0x6D, 0xEA,
    0x52, 0x9F, 0xFA, 0xC3, 0x81, 0xFF, 0x7D, 0x53, 0xB5, 0x7E, 0xF2, 0xAD, 0x59, 0x7F, 0x45, 0x3A,
    0xAE, 0x1D, 0xE4, 0x68, 0xBF, 0x6F, 0x0E, 0xCA, 0x7F, 0x68, 0xFC, 0x2A, 0xBA, 0x9E, 0x70, 0x69,
    0xE8, 0x3A, 0x33, 0xDC, 0xD1, 0x25, 0xC1, 0x04, 0x45, 0x32, 0x73, 0x0B, 0x73, 0x0F, 0xA9, 0x0D,
    0x9D, 0xA9, 0x17, 0xE9, 0xB4, 0xAE, 0xE3, 0x83, 0x07, 0xBA, 0xC4, 0x67, 0xD5, 0x1D, 0x7C, 0xC6,
    0x0D, 0x4E, 0xF0, 0xEF, 0xC6, 0x33, 0x5F, 0x85, 0x49, 0xD5, 0xE3, 0x22, 0xCE, 0x8B, 0xD7, 0xDC,
    0x61, 0xA1, 0x47, 0x24, 0x33, 0x5B, 0x06, 0xC1, 0x9F, 0xB7, 0x77, 0x60, 0xDD, 0x81, 0x75, 0x02,
    0x3D, 0xAC, 0x13, 0x28, 0x6E, 0xE8, 0x04, 0xE3, 0x9D, 0x84, 0x4E, 0xF0, 0x1A, 0x8C, 0x4E, 0xC0,
    0x39, 0x3A, 0xC1, 0xD8, 0xC2, 0x3A, 0xC1, 0x51, 0xAC, 0xFB, 0x06, 0xEB, 0xBE, 0xC1, 0x3A, 0x81,
    0xAC, 0x3B, 0xB0, 0xEE, 0xC0, 0xBA, 0x83, 0xBC, 0xF8, 0xD3, 0xAF, 0x37,
};

static const EpdGlyph notoserif_24_regularGlyphs[] = {
    { 0, 0, 0, 0, 0, 0, 0 }, // U+0000
    { 0, 0, 208, 0, 0, 0, 0 }, // U+000D
    { 0, 0, 208, 0, 0, 0, 0 }, // U+0020
    { 7, 37, 266, 5, 36, 65, 0 }, // !
    { 16, 13, 326, 2, 36, 52, 65 }, // "
    { 26, 36, 447, 1, 36, 234, 117 }, // #
    { 23, 42, 447, 2, 38, 242, 351 }, // $
    { 41, 38, 717, 2, 37, 390, 593 }, // %
    { 36, 38, 594, 1, 37, 342, 983 }, // &
    { 7, 13, 176, 2, 36, 23, 1325 }, // '
    { 14, 45, 277, 2, 38, 158, 1348 }, // (
    { 14, 45, 277, 1, 38, 158, 1506 }, // )
    { 21, 20, 400, 2, 38, 105, 1664 }, // *
    { 22, 22, 447, 3, 29, 121, 1769 }, // +
    { 9, 15, 200, 1, 7, 34, 1890 }, // ,
    { 14, 5, 248, 1, 16, 18, 1924 }, // -
    { 7, 8, 200, 3, 7, 14, 1942 }, // .
    { 15, 45, 230, 0, 38, 169, 1956 }, // /
    { 25, 38, 463, 2, 37, 238, 2125 }, // 0
    { 21, 36, 367, 1, 36, 189, 2363 }, // 1
    { 23, 37, 396, 1, 37, 213, 2552 }, // 2
    { 23, 38, 409, 1, 37, 219, 2765 }, // 3
    { 27, 36, 442, 0, 36, 243, 2984 }, // 4
    { 22, 37, 409, 2, 36, 204, 3227 }, // 5
    { 24, 38, 440, 2, 37, 228, 3431 }, // 6
    { 23, 36, 411, 2, 36, 207, 3659 }, // 7
    { 24, 38, 446, 2, 37, 228, 3866 }, // 8
    { 23, 38, 440, 2, 37, 219, 4094 }, // 9
    { 7, 29, 229, 4, 28, 51, 4313 }, // :
    { 9, 36, 229, 2, 28, 81, 4364 }, // ;
    { 22, 26, 447, 3, 31, 143, 4445 }, // <
    { 22, 14, 447, 3, 25, 77, 4588 }, // =
    { 22, 26, 447, 3, 31, 143, 4665 }, // >
    { 21, 38, 379, 1, 37, 200, 4808 }, // ?
    { 41, 44, 737, 3, 36, 451, 5008 }, // @
    { 36, 36, 564, 0, 36, 324, 5459 }, // A
    { 29, 36, 523, 1, 36, 261, 5783 }, // B
    { 27, 38, 491, 2, 37, 257, 6044 }, // C
    { 33, 36, 582, 1, 36, 297, 6301 }, // D
    { 29, 36, 498, 1, 36, 261, 6598 }, // E
    { 27, 36, 472, 1, 36, 243, 6859 }, // F
    { 33, 38, 571, 2, 37, 314, 7102 }, // G
    { 37, 36, 634, 1, 36, 333, 7416 }, // H
    { 16, 36, 294, 1, 36, 144, 7749 }, // I
    { 18, 48, 286, -1, 36, 216, 7893 }, // J
    { 35, 36, 560, 1, 36, 315, 8109 }, // K
    { 29, 36, 498, 1, 36, 261, 8424 }, // L
    { 44, 36, 750, 1, 36, 396, 8685 }, // M
    { 36, 36, 610, 1, 36, 324, 9081 }, // N
    { 33, 38, 594, 2, 37, 314, 9405 }, // O
    { 28, 36, 483, 1, 36, 252, 9719 }, // P
    { 33, 49, 594, 2, 37, 405, 9971 }, // Q
    { 33, 36, 525, 1, 36, 297, 10376 }, // R
    { 23, 38, 435, 2, 37, 219, 10673 }, // S
    { 29, 36, 490, 1, 36, 261, 10892 }, // T
    { 36, 37, 574, 0, 36, 333, 11153 }, // U
    { 34, 36, 540, 0, 36, 306, 11486 }, // V
    { 52, 36, 838, 0, 36, 468, 11792 }, // W
    { 33, 36, 528, 0, 36, 297, 12260 }, // X
    { 33, 36, 500, -1, 36, 297, 12557 }, // Y
    { 27, 36, 474, 1, 36, 243, 12854 }, // Z
    { 12, 45, 288, 5, 38, 135, 13097 }, // [
    { 15, 45, 230, 0, 38, 169, 13232 }, // <backslash>
    { 12, 45, 288, 1, 38, 135, 13401 }, // ]
    { 24, 23, 447, 2, 36, 138, 13536 }, // ^
    { 25, 4, 367, -1, -4, 25, 13674 }, // _
    { 10, 9, 219, 2, 39, 23, 13699 }, // `
    { 24, 29, 450, 2, 28, 174, 13722 }, // a
    { 28, 39, 491, 0, 38, 273, 13896 }, // b
    { 21, 29, 394, 2, 28, 153, 14169 }, // c
    { 28, 39, 491, 2, 38, 273, 14322 }, // d
    { 23, 29, 428, 2, 28, 167, 14595 }, // e
    { 21, 39, 295, 1, 39, 205, 14762 }, // f
    { 26, 41, 430, 1, 29, 267, 14967 }, // g
    { 31, 38, 508, 0, 38, 295, 15234 }, // h
    { 15, 38, 256, 1, 38, 143, 15529 }, // i
    { 12, 50, 240, -1, 38, 150, 15672 }, // j
    { 30, 38, 468, 0, 38, 285, 15822 }, // k
    { 15, 38, 248, 0, 38, 143, 16107 }, // l
    { 45, 28, 756, 1, 28, 315, 16250 }, // m
    { 30, 28, 516, 1, 28, 210, 16565 }, // n
    { 25, 29, 462, 2, 28, 182, 16775 }, // o
    { 28, 40, 491, 0, 28, 280, 16957 }, // p
    { 28, 40, 491, 2, 28, 280, 17237 }, // q
    { 22, 28, 377, 1, 28, 154, 17517 }, // r
    { 19, 29, 361, 2, 28, 138, 17671 }, // s
    { 17, 34, 282, 0, 33, 145, 17809 }, // t
    { 30, 28, 508, 1, 27, 210, 17954 }, // u
    { 29, 27, 463, 0, 27, 196, 18164 }, // v
    { 44, 27, 690, 0, 27, 297, 18360 }, // w
    { 29, 27, 462, 0, 27, 196, 18657 }, // x
    { 29, 39, 452, 0, 27, 283, 18853 }, // y
    { 21, 27, 409, 2, 27, 142, 19136 }, // z
    { 17, 45, 342, 2, 38, 192, 19278 }, // {
    { 4, 50, 447, 12, 38, 50, 19470 }, // |
    { 17, 45, 342, 2, 38, 192, 19520 }, // }
    { 24, 10, 447, 2, 23, 60, 19712 }, // ~
    { 0, 0, 208, 0, 0, 0, 0 }, // U+00A0
    { 7, 37, 266, 5, 28, 65, 0 }, // U+00A1
    { 22, 36, 447, 3, 36, 198, 65 }, // U+00A2
    { 25, 38, 447, 2, 37, 238, 263 }, // U+00A3
    { 22, 22, 447, 3, 29, 121, 501 }, // U+00A4
    { 28, 36, 447, 0, 36, 252, 622 }, // U+00A5
    { 4, 50, 447, 12, 38, 50, 874 }, // U+00A6
    { 22, 44, 435, 3, 38, 242, 924 }, // U+00A7
    { 15, 7, 462, 7, 38, 27, 1166 }, // U+00A8
    { 38, 38, 676, 2, 37, 361, 1193 }, // U+00A9
    { 18, 17, 306, 1, 36, 77, 1554 }, // U+00AA
    { 20, 19, 411, 3, 23, 95, 1631 }, // U+00AB
    { 22, 14, 447, 3, 20, 77, 1726 }, // U+00AC
    { 14, 5, 248, 1, 16, 18, 1803 }, // U+00AD
    { 38, 38, 676, 2, 37, 361, 1821 }, // U+00AE
    { 25, 3, 367, -1, 41, 19, 2182 }, // U+00AF
    { 16, 16, 320, 2, 37, 64, 2201 }, // U+00B0
    { 22, 29, 447, 3, 29, 160, 2265 }, // U+00B1
    { 16, 23, 320, 2, 42, 92, 2425 }, // U+00B2
    { 16, 23, 320, 2, 42, 92, 2517 }, // U+00B3
    { 10, 9, 219, 2, 39, 23, 2609 }, // U+00B4
    { 25, 39, 492, 4, 27, 244, 2632 }, // U+00B5
    { 27, 44, 494, 2, 38, 297, 2876 }, // U+00B6
    { 7, 8, 200, 3, 22, 14, 3173 }, // U+00B7
    { 11, 13, 266, 3, 1, 36, 3187 }, // U+00B8
    { 15, 22, 320, 2, 41, 83, 3223 }, // U+00B9
    { 18, 17, 318, 1, 36, 77, 3306 }, // U+00BA
    { 20, 19, 411, 3, 23, 95, 3383 }, // U+00BB
    { 41, 36, 672, 0, 36, 369, 3478 }, // U+00BC
    { 41, 36, 672, 0, 36, 369, 3847 }, // U+00BD
    { 39, 37, 672, 2, 37, 361, 4216 }, // U+00BE
    { 22, 37, 379, 1, 27, 204, 4577 }, // U+00BF
    { 36, 47, 564, 0, 47, 423, 4781 }, // U+00C0
    { 36, 47, 564, 0, 47, 423, 5204 }, // U+00C1
    { 36, 47, 564, 0, 47, 423, 5627 }, // U+00C2
    { 36, 45, 564, 0, 45, 405, 6050 }, // U+00C3
    { 36, 46, 564, 0, 46, 414, 6455 }, // U+00C4
    { 36, 45, 564, 0, 45, 405, 6869 }, // U+00C5
    { 46, 36, 761, 0, 36, 414, 7274 }, // U+00C6
    { 27, 49, 491, 2, 37, 331, 7688 }, // U+00C7
    { 29, 47, 498, 1, 47, 341, 8019 }, // U+00C8
    { 29, 47, 498, 1, 47, 341, 8360 }, // U+00C9
    { 29, 47, 498, 1, 47, 341, 8701 }, // U+00CA
    { 29, 46, 498, 1, 46, 334, 9042 }, // U+00CB
    { 16, 47, 294, 1, 47, 188, 9376 }, // U+00CC
    { 16, 47, 294, 1, 47, 188, 9564 }, // U+00CD
    { 16, 47, 294, 1, 47, 188, 9752 }, // U+00CE
    { 16, 46, 294, 1, 46, 184, 9940 }, // U+00CF
    { 33, 36, 582, 1, 36, 297, 10124 }, // U+00D0
    { 36, 45, 610, 1, 45, 405, 10421 }, // U+00D1
    { 33, 48, 594, 2, 47, 396, 10826 }, // U+00D2
    { 33, 48, 594, 2, 47, 396, 11222 }, // U+00D3
    { 33, 48, 594, 2, 47, 396, 11618 }, // U+00D4
    { 33, 46, 594, 2, 45, 380, 12014 }, // U+00D5
    { 33, 47, 594, 2, 46, 388, 12394 }, // U+00D6
    { 22, 22, 447, 3, 29, 121, 12782 }, // U+00D7
    { 33, 40, 594, 2, 38, 330, 12903 }, // U+00D8
    { 36, 48, 574, 0, 47, 432, 13233 }, // U+00D9
    { 36, 48, 574, 0, 47, 432, 13665 }, // U+00DA
    { 36, 48, 574, 0, 47, 432, 14097 }, // U+00DB
    { 36, 47, 574, 0, 46, 423, 14529 }, // U+00DC
    { 33, 47, 500, -1, 47, 388, 14952 }, // U+00DD
    { 28, 36, 483, 1, 36, 252, 15340 }, // U+00DE
    { 30, 40, 518, 1, 39, 300, 15592 }, // U+00DF
    { 24, 40, 450, 2, 39, 240, 15892 }, // U+00E0
    { 24, 40, 450, 2, 39, 240, 16132 }, // U+00E1
    { 24, 40, 450, 2, 39, 240, 16372 }, // U+00E2
    { 24, 38, 450, 2, 37, 228, 16612 }, // U+00E3
    { 24, 39, 450, 2, 38, 234, 16840 }, // U+00E4
    { 24, 42, 450, 2, 41, 252, 17074 }, // U+00E5
    { 38, 29, 673, 2, 28, 276, 17326 }, // U+00E6
    { 21, 40, 394, 2, 28, 210, 17602 }, // U+00E7
    { 23, 40, 428, 2, 39, 230, 17812 }, // U+00E8
    { 23, 40, 428, 2, 39, 230, 18042 }, // U+00E9
    { 23, 40, 428, 2, 39, 230, 18272 }, // U+00EA
    { 23, 39, 428, 2, 38, 225, 18502 }, // U+00EB
    { 16, 39, 256, 0, 39, 156, 18727 }, // U+00EC
    { 15, 39, 256, 1, 39, 147, 18883 }, // U+00ED
    { 16, 39, 256, 0, 39, 156, 19030 }, // U+00EE
    { 16, 38, 256, 0, 38, 152, 19186 }, // U+00EF
    { 25, 40, 462, 2, 39, 250, 19338 }, // U+00F0
    { 30, 37, 516, 1, 37, 278, 19588 }, // U+00F1
    { 25, 40, 462, 2, 39, 250, 19866 }, // U+00F2
    { 25, 40, 462, 2, 39, 250, 20116 }, // U+00F3
    { 25, 40, 462, 2, 39, 250, 20366 }, // U+00F4
    { 25, 38, 462, 2, 37, 238, 20616 }, // U+00F5
    { 25, 39, 462, 2, 38, 244, 20854 }, // U+00F6
    { 22, 26, 447, 3, 31, 143, 21098 }, // U+00F7
    { 25, 31, 462, 2, 29, 194, 21241 }, // U+00F8
    { 30, 40, 508, 1, 39, 300, 21435 }, // U+00F9
    { 30, 40, 508, 1, 39, 300, 21735 }, // U+00FA
    { 30, 40, 508, 1, 39, 300, 22035 }, // U+00FB
    { 30, 39, 508, 1, 38, 293, 22335 }, // U+00FC
    { 29, 51, 452, 0, 39, 370, 22628 }, // U+00FD
    { 28, 50, 491, 0, 38, 350, 22998 }, // U+00FE
    { 29, 50, 452, 0, 38, 363, 23348 }, // U+00FF
    { 36, 42, 564, 0, 42, 378, 0 }, // U+0100
    { 24, 35, 450, 2, 34, 210, 378 }, // U+0101
    { 36, 46, 564, 0, 46, 414, 588 }, // U+0102
    { 24, 39, 450, 2, 38, 234, 1002 }, // U+0103
    { 36, 48, 564, 0, 36, 432, 1236 }, // U+0104
    { 24, 40, 450, 2, 28, 240, 1668 }, // U+0105
    { 27, 48, 491, 2, 47, 324, 1908 }, // U+0106
    { 21, 40, 394, 2, 39, 210, 2232 }, // U+0107
    { 27, 48, 491, 2, 47, 324, 2442 }, // U+0108
    { 21, 40, 394, 2, 39, 210, 2766 }, // U+0109
    { 27, 47, 491, 2, 46, 318, 2976 }, // U+010A
    { 21, 39, 394, 2, 38, 205, 3294 }, // U+010B
    { 27, 48, 491, 2, 47, 324, 3499 }, // U+010C
    { 21, 40, 394, 2, 39, 210, 3823 }, // U+010D
    { 33, 47, 582, 1, 47, 388, 4033 }, // U+010E
    { 32, 39, 491, 2, 38, 312, 4421 }, // U+010F
    { 33, 36, 582, 1, 36, 297, 4733 }, // U+0110
    { 28, 39, 491, 2, 38, 273, 5030 }, // U+0111
    { 29, 42, 498, 1, 42, 305, 5303 }, // U+0112
    { 23, 35, 428, 2, 34, 202, 5608 }, // U+0113
    { 29, 46, 498, 1, 46, 334, 5810 }, // U+0114
    { 23, 39, 428, 2, 38, 225, 6144 }, // U+0115
    { 29, 46, 498, 1, 46, 334, 6369 }, // U+0116
    { 23, 39, 428, 2, 38, 225, 6703 }, // U+0117
    { 29, 48, 498, 1, 36, 348, 6928 }, // U+0118
    { 23, 40, 428, 2, 28, 230, 7276 }, // U+0119
    { 29, 47, 498, 1, 47, 341, 7506 }, // U+011A
    { 23, 40, 428, 2, 39, 230, 7847 }, // U+011B
    { 33, 48, 571, 2, 47, 396, 8077 }, // U+011C
    { 26, 51, 430, 1, 39, 332, 8473 }, // U+011D
    { 33, 47, 571, 2, 46, 388, 8805 }, // U+011E
    { 26, 50, 430, 1, 38, 325, 9193 }, // U+011F
    { 33, 47, 571, 2, 46, 388, 9518 }, // U+0120
    { 26, 50, 430, 1, 38, 325, 9906 }, // U+0121
    { 33, 49, 571, 2, 37, 405, 10231 }, // U+0122
    { 26, 51, 430, 1, 39, 332, 10636 }, // U+0123
    { 37, 47, 634, 1, 47, 435, 10968 }, // U+0124
    { 31, 49, 508, 0, 49, 380, 11403 }, // U+0125
    { 37, 36, 634, 1, 36, 333, 11783 }, // U+0126
    { 31, 38, 508, 0, 38, 295, 12116 }, // U+0127
    { 19, 45, 294, 0, 45, 214, 12411 }, // U+0128
    { 19, 37, 256, -2, 37, 176, 12625 }, // U+0129
    { 16, 42, 294, 1, 42, 168, 12801 }, // U+012A
    { 16, 34, 256, 0, 34, 136, 12969 }, // U+012B
    { 16, 46, 294, 1, 46, 184, 13105 }, // U+012C
    { 16, 38, 256, 0, 38, 152, 13289 }, // U+012D
    { 16, 48, 294, 1, 36, 192, 13441 }, // U+012E
    { 15, 50, 256, 1, 38, 188, 13633 }, // U+012F
    { 16, 46, 294, 1, 46, 184, 13821 }, // U+0130
    { 15, 27, 256, 1, 27, 102, 14005 }, // U+0131
    { 33, 48, 557, 1, 36, 396, 14107 }, // U+0132
    { 26, 50, 496, 1, 38, 325, 14503 }, // U+0133
    { 18, 59, 286, -1, 47, 266, 14828 }, // U+0134
    { 16, 51, 240, -1, 39, 204, 15094 }, // U+0135
    { 35, 48, 560, 1, 36, 420, 15298 }, // U+0136
    { 30, 50, 468, 0, 38, 375, 15718 }, // U+0137
    { 30, 27, 468, 0, 27, 203, 16093 }, // U+0138
    { 29, 47, 498, 1, 47, 341, 16296 }, // U+0139
    { 15, 49, 248, 0, 49, 184, 16637 }, // U+013A
    { 29, 48, 498, 1, 36, 348, 16821 }, // U+013B
    { 15, 50, 248, 0, 38, 188, 17169 }, // U+013C
    { 29, 36, 498, 1, 36, 261, 17357 }, // U+013D
    { 19, 38, 248, 0, 38, 181, 17618 }, // U+013E
    { 29, 36, 498, 1, 36, 261, 17799 }, // U+013F
    { 20, 38, 296, 0, 38, 190, 18060 }, // U+0140
    { 29, 36, 498, 1, 36, 261, 18250 }, // U+0141
    { 15, 38, 259, 1, 38, 143, 18511 }, // U+0142
    { 36, 47, 610, 1, 47, 423, 18654 }, // U+0143
    { 30, 39, 516, 1, 39, 293, 19077 }, // U+0144
    { 36, 48, 610, 1, 36, 432, 19370 }, // U+0145
    { 30, 40, 516, 1, 28, 300, 19802 }, // U+0146
    { 36, 47, 610, 1, 47, 423, 20102 }, // U+0147
    { 30, 39, 516, 1, 39, 293, 20525 }, // U+0148
    { 38, 36, 624, 0, 36, 342, 20818 }, // U+0149
    { 36, 48, 610, 1, 36, 432, 21160 }, // U+014A
    { 26, 40, 508, 1, 28, 260, 21592 }, // U+014B
    { 33, 43, 594, 2, 42, 355, 21852 }, // U+014C
    { 25, 35, 462, 2, 34, 219, 22207 }, // U+014D
    { 33, 47, 594, 2, 46, 388, 22426 }, // U+014E
    { 25, 39, 462, 2, 38, 244, 22814 }, // U+014F
    { 33, 48, 594, 2, 47, 396, 23058 }, // U+0150
    { 25, 40, 462, 2, 39, 250, 23454 }, // U+0151
    { 44, 38, 767, 2, 37, 418, 23704 }, // U+0152
    { 41, 29, 724, 2, 28, 298, 24122 }, // U+0153
    { 33, 47, 525, 1, 47, 388, 24420 }, // U+0154
    { 22, 39, 377, 1, 39, 215, 24808 }, // U+0155
    { 33, 48, 525, 1, 36, 396, 25023 }, // U+0156
    { 22, 40, 377, 1, 28, 220, 25419 }, // U+0157
    { 33, 47, 525, 1, 47, 388, 25639 }, // U+0158
    { 22, 39, 377, 1, 39, 215, 26027 }, // U+0159
    { 23, 48, 435, 2, 47, 276, 26242 }, // U+015A
    { 19, 40, 361, 2, 39, 190, 26518 }, // U+015B
    { 23, 48, 435, 2, 47, 276, 26708 }, // U+015C
    { 19, 40, 361, 2, 39, 190, 26984 }, // U+015D
    { 23, 49, 435, 2, 37, 282, 27174 }, // U+015E
    { 19, 40, 361, 2, 28, 190, 27456 }, // U+015F
    { 23, 48, 435, 2, 47, 276, 27646 }, // U+0160
    { 19, 40, 361, 2, 39, 190, 27922 }, // U+0161
    { 29, 48, 490, 1, 36, 348, 28112 }, // U+0162
    { 17, 45, 282, 0, 33, 192, 28460 }, // U+0163
    { 29, 47, 490, 1, 47, 341, 28652 }, // U+0164
    { 19, 39, 282, 0, 38, 186, 28993 }, // U+0165
    { 29, 36, 490, 1, 36, 261, 29179 }, // U+0166
    { 17, 34, 282, 0, 33, 145, 29440 }, // U+0167
    { 36, 46, 574, 0, 45, 414, 29585 }, // U+0168
    { 30, 38, 508, 1, 37, 285, 29999 }, // U+0169
    { 36, 43, 574, 0, 42, 387, 30284 }, // U+016A
    { 30, 35, 508, 1, 34, 263, 30671 }, // U+016B
    { 36, 47, 574, 0, 46, 423, 30934 }, // U+016C
    { 30, 39, 508, 1, 38, 293, 31357 }, // U+016D
    { 36, 50, 574, 0, 49, 450, 31650 }, // U+016E
    { 30, 42, 508, 1, 41, 315, 32100 }, // U+016F
    { 36, 48, 574, 0, 47, 432, 32415 }, // U+0170
    { 30, 40, 508, 1, 39, 300, 32847 }, // U+0171
    { 35, 48, 580, 1, 36, 420, 33147 }, // U+0172
    { 30, 39, 508, 1, 27, 293, 33567 }, // U+0173
    { 52, 47, 838, 0, 47, 611, 33860 }, // U+0174
    { 44, 39, 690, 0, 39, 429, 34471 }, // U+0175
    { 33, 47, 500, -1, 47, 388, 34900 }, // U+0176
    { 29, 51, 452, 0, 39, 370, 35288 }, // U+0177
    { 33, 46, 500, -1, 46, 380, 35658 }, // U+0178
    { 27, 47, 474, 1, 47, 318, 36038 }, // U+0179
    { 21, 39, 409, 2, 39, 205, 36356 }, // U+017A
    { 27, 46, 474, 1, 46, 311, 36561 }, // U+017B
    { 21, 38, 409, 2, 38, 200, 36872 }, // U+017C
    { 27, 47, 474, 1, 47, 318, 37072 }, // U+017D
    { 21, 39, 409, 2, 39, 205, 37390 }, // U+017E
    { 22, 39, 284, 0, 39, 215, 37595 }, // U+017F
    { 37, 40, 622, 2, 39, 370, 0 }, // U+01A0
    { 29, 33, 486, 2, 32, 240, 370 }, // U+01A1
    { 39, 40, 622, 0, 39, 390, 610 }, // U+01AF
    { 34, 33, 541, 1, 32, 281, 1000 }, // U+01B0
    { 63, 47, 1055, 1, 47, 741, 1281 }, // U+01C4
    { 59, 39, 990, 1, 39, 576, 2022 }, // U+01C5
    { 52, 40, 900, 2, 39, 520, 2598 }, // U+01C6
    { 47, 48, 784, 1, 36, 564, 3118 }, // U+01C7
    { 41, 50, 738, 1, 38, 513, 3682 }, // U+01C8
    { 26, 50, 488, 0, 38, 325, 4195 }, // U+01C9
    { 54, 48, 896, 1, 36, 648, 4520 }, // U+01CA
    { 48, 50, 850, 1, 38, 600, 5168 }, // U+01CB
    { 42, 50, 756, 1, 38, 525, 5768 }, // U+01CC
    { 36, 47, 564, 0, 47, 423, 6293 }, // U+01CD
    { 24, 40, 450, 2, 39, 240, 6716 }, // U+01CE
    { 16, 47, 294, 1, 47, 188, 6956 }, // U+01CF
    { 16, 39, 256, 0, 39, 156, 7144 }, // U+01D0
    { 33, 48, 594, 2, 47, 396, 7300 }, // U+01D1
    { 25, 40, 462, 2, 39, 250, 7696 }, // U+01D2
    { 36, 48, 574, 0, 47, 432, 7946 }, // U+01D3
    { 30, 40, 508, 1, 39, 300, 8378 }, // U+01D4
    { 36, 51, 574, 0, 50, 459, 8678 }, // U+01D5
    { 30, 43, 508, 1, 42, 323, 9137 }, // U+01D6
    { 36, 53, 574, 0, 52, 477, 9460 }, // U+01D7
    { 30, 45, 508, 1, 44, 338, 9937 }, // U+01D8
    { 36, 53, 574, 0, 52, 477, 10275 }, // U+01D9
    { 30, 45, 508, 1, 44, 338, 10752 }, // U+01DA
    { 36, 53, 574, 0, 52, 477, 11090 }, // U+01DB
    { 30, 45, 508, 1, 44, 338, 11567 }, // U+01DC
    { 22, 29, 428, 2, 28, 160, 11905 }, // U+01DD
    { 36, 50, 564, 0, 50, 450, 12065 }, // U+01DE
    { 24, 43, 450, 2, 42, 258, 12515 }, // U+01DF
    { 36, 50, 564, 0, 50, 450, 12773 }, // U+01E0
    { 24, 43, 450, 2, 42, 258, 13223 }, // U+01E1
    { 46, 43, 761, 0, 43, 495, 13481 }, // U+01E2
    { 38, 36, 673, 2, 35, 342, 13976 }, // U+01E3
    { 33, 38, 571, 2, 37, 314, 14318 }, // U+01E4
    { 27, 41, 430, 1, 29, 277, 14632 }, // U+01E5
    { 33, 48, 571, 2, 47, 396, 14909 }, // U+01E6
    { 26, 51, 430, 1, 39, 332, 15305 }, // U+01E7
    { 35, 47, 560, 1, 47, 412, 15637 }, // U+01E8
    { 30, 49, 468, 0, 49, 368, 16049 }, // U+01E9
    { 33, 49, 594, 2, 37, 405, 16417 }, // U+01EA
    { 25, 40, 462, 2, 28, 250, 16822 }, // U+01EB
    { 33, 54, 594, 2, 42, 446, 17072 }, // U+01EC
    { 25, 46, 462, 2, 34, 288, 17518 }, // U+01ED
    { 26, 48, 482, 2, 47, 312, 17806 }, // U+01EE
    { 23, 51, 438, 2, 39, 294, 18118 }, // U+01EF
    { 16, 51, 240, -1, 39, 204, 18412 }, // U+01F0
    { 63, 36, 1055, 1, 36, 567, 18616 }, // U+01F1
    { 59, 36, 990, 1, 36, 531, 19183 }, // U+01F2
    { 52, 39, 900, 2, 38, 507, 19714 }, // U+01F3
    { 33, 49, 571, 2, 48, 405, 20221 }, // U+01F4
    { 26, 51, 430, 1, 39, 332, 20626 }, // U+01F5
    { 52, 37, 851, 1, 36, 481, 20958 }, // U+01F6
    { 33, 49, 555, 0, 37, 405, 21439 }, // U+01F7
    { 36, 48, 610, 1, 48, 432, 21844 }, // U+01F8
    { 30, 39, 516, 1, 39, 293, 22276 }, // U+01F9
    { 36, 48, 564, 0, 48, 432, 22569 }, // U+01FA
    { 24, 49, 450, 2, 48, 294, 23001 }, // U+01FB
    { 46, 47, 761, 0, 47, 541, 23295 }, // U+01FC
    { 38, 40, 673, 2, 39, 380, 23836 }, // U+01FD
    { 33, 49, 594, 2, 47, 405, 24216 }, // U+01FE
    { 25, 41, 462, 2, 39, 257, 24621 }, // U+01FF
    { 36, 47, 564, 0, 47, 423, 24878 }, // U+0200
    { 24, 40, 450, 2, 39, 240, 25301 }, // U+0201
    { 36, 46, 564, 0, 46, 414, 25541 }, // U+0202
    { 24, 39, 450, 2, 38, 234, 25955 }, // U+0203
    { 29, 47, 498, 1, 47, 341, 26189 }, // U+0204
    { 24, 40, 428, 1, 39, 240, 26530 }, // U+0205
    { 29, 46, 498, 1, 46, 334, 26770 }, // U+0206
    { 23, 39, 428, 2, 38, 225, 27104 }, // U+0207
    { 20, 47, 294, -3, 47, 235, 27329 }, // U+0208
    { 20, 39, 256, -4, 39, 195, 27564 }, // U+0209
    { 16, 46, 294, 1, 46, 184, 27759 }, // U+020A
    { 16, 38, 256, 0, 38, 152, 27943 }, // U+020B
    { 33, 48, 594, 2, 47, 396, 28095 }, // U+020C
    { 25, 40, 462, 2, 39, 250, 28491 }, // U+020D
    { 33, 47, 594, 2, 46, 388, 28741 }, // U+020E
    { 25, 39, 462, 2, 38, 244, 29129 }, // U+020F
    { 33, 47, 525, 1, 47, 388, 29373 }, // U+0210
    { 22, 39, 377, 1, 39, 215, 29761 }, // U+0211
    { 33, 46, 525, 1, 46, 380, 29976 }, // U+0212
    { 22, 38, 377, 1, 38, 209, 30356 }, // U+0213
    { 36, 48, 574, 0, 47, 432, 30565 }, // U+0214
    { 30, 40, 508, 1, 39, 300, 30997 }, // U+0215
    { 36, 47, 574, 0, 46, 423, 31297 }, // U+0216
    { 30, 39, 508, 1, 38, 293, 31720 }, // U+0217
    { 23, 49, 435, 2, 37, 282, 32013 }, // U+0218
    { 19, 40, 361, 2, 28, 190, 32295 }, // U+0219
    { 29, 48, 490, 1, 36, 348, 32485 }, // U+021A
    { 17, 45, 282, 0, 33, 192, 32833 }, // U+021B
    { 25, 45, 484, 3, 37, 282, 33025 }, // U+021C
    { 21, 40, 395, 2, 28, 210, 33307 }, // U+021D
    { 37, 48, 634, 1, 48, 444, 33517 }, // U+021E
    { 31, 49, 508, 0, 49, 380, 33961 }, // U+021F
    { 11, 9, 0, -22, 39, 25, 0 }, // U+0300
    { 11, 9, 0, -16, 39, 25, 25 }, // U+0301
    { 15, 9, 0, -22, 39, 34, 50 }, // U+0302
    { 18, 7, 0, -25, 37, 32, 84 }, // U+0303
    { 16, 4, 0, -8, 34, 16, 116 }, // U+0304
    { 22, 3, 0, -11, 41, 17, 132 }, // U+0305
    { 14, 8, 0, -7, 38, 28, 149 }, // U+0306
    { 6, 7, 0, -3, 38, 11, 177 }, // U+0307
    { 16, 7, 0, -8, 38, 28, 188 }, // U+0308
    { 12, 12, 0, -21, 41, 36, 216 }, // U+0309
    { 12, 12, 0, -6, 41, 36, 252 }, // U+030A
    { 20, 9, 0, -8, 39, 45, 288 }, // U+030B
    { 15, 9, 0, -22, 39, 34, 333 }, // U+030C
    { 4, 9, 0, -2, 38, 9, 367 }, // U+030D
    { 10, 9, 0, -5, 38, 23, 376 }, // U+030E
    { 19, 9, 0, -26, 39, 43, 399 }, // U+030F
    { 14, 13, 0, -7, 42, 46, 442 }, // U+0310
    { 14, 8, 0, -7, 38, 28, 488 }, // U+0311
    { 10, 15, 0, -5, 36, 38, 516 }, // U+0312
    { 10, 15, 0, -5, 36, 38, 554 }, // U+0313
    { 10, 15, 0, -5, 36, 38, 592 }, // U+0314
    { 10, 15, 0, -5, 36, 38, 630 }, // U+0315
    { 10, 9, 0, -5, -3, 23, 668 }, // U+0316
    { 10, 9, 0, -5, -3, 23, 691 }, // U+0317
    { 8, 10, 0, -4, -1, 20, 714 }, // U+0318
    { 8, 10, 0, -4, -1, 20, 734 }, // U+0319
    { 13, 12, 277, 0, 38, 39, 754 }, // U+031A
    { 9, 12, 0, -5, 39, 27, 793 }, // U+031B
    { 6, 11, 0, -3, -1, 17, 820 }, // U+031C
    { 10, 9, 0, -5, -2, 23, 837 }, // U+031D
    { 10, 9, 0, -5, -2, 23, 860 }, // U+031E
    { 10, 11, 0, -5, -1, 28, 883 }, // U+031F
    { 12, 4, 0, -6, -4, 12, 911 }, // U+0320
    { 9, 13, 0, -9, 3, 30, 923 }, // U+0321
    { 9, 13, 0, 0, 3, 30, 953 }, // U+0322
    { 6, 8, 0, -18, -2, 12, 983 }, // U+0323
    { 16, 7, 0, -8, -2, 28, 995 }, // U+0324
    { 12, 10, 0, -6, -2, 30, 1023 }, // U+0325
    { 8, 9, 0, -4, -3, 18, 1053 }, // U+0326
    { 12, 13, 0, -6, 1, 39, 1071 }, // U+0327
    { 12, 12, 0, -6, 0, 36, 1110 }, // U+0328
    { 4, 9, 0, -2, -1, 9, 1146 }, // U+0329
    { 18, 9, 0, -9, -3, 41, 1155 }, // U+032A
    { 16, 7, 0, -8, -3, 28, 1196 }, // U+032B
    { 16, 8, 0, -8, -3, 32, 1224 }, // U+032C
    { 16, 8, 0, -8, -3, 32, 1256 }, // U+032D
    { 14, 8, 0, -7, -3, 28, 1288 }, // U+032E
    { 14, 8, 0, -7, -3, 28, 1316 }, // U+032F
    { 18, 8, 0, -9, -2, 36, 1344 }, // U+0330
    { 16, 4, 0, -8, -3, 16, 1380 }, // U+0331
    { 22, 4, 0, -11, -3, 22, 1396 }, // U+0332
    { 22, 9, 0, -11, -2, 50, 1418 }, // U+0333
    { 18, 7, 0, -9, 18, 32, 1468 }, // U+0334
    { 18, 4, 0, -9, 16, 18, 1500 }, // U+0335
    { 32, 4, 0, -16, 16, 32, 1518 }, // U+0336
    { 18, 12, 0, -9, 20, 54, 1550 }, // U+0337
    { 21, 43, 0, -11, 39, 226, 1604 }, // U+0338
    { 6, 11, 0, -3, -1, 17, 1830 }, // U+0339
    { 18, 9, 0, -9, -3, 41, 1847 }, // U+033A
    { 20, 10, 0, -10, -2, 50, 1888 }, // U+033B
    { 16, 7, 0, -8, -3, 28, 1938 }, // U+033C
    { 10, 10, 0, -5, 39, 25, 1966 }, // U+033D
    { 8, 16, 0, -4, 44, 32, 1991 }, // U+033E
    { 22, 9, 0, -11, 47, 50, 2023 }, // U+033F
    { 11, 9, 0, -7, 39, 25, 2073 }, // U+0340
    { 11, 9, 0, -4, 39, 25, 2098 }, // U+0341
    { 18, 7, 0, -9, 37, 32, 2123 }, // U+0342
    { 7, 10, 0, -4, 40, 18, 2155 }, // U+0343
    { 20, 11, 0, -9, 40, 55, 2173 }, // U+0344
    { 8, 9, 0, 3, -3, 18, 2228 }, // U+0345
    { 18, 9, 0, -9, 39, 41, 2246 }, // U+0346
    { 22, 9, 0, -11, -2, 50, 2287 }, // U+0347
    { 10, 9, 0, -5, -2, 23, 2337 }, // U+0348
    { 8, 9, 0, -4, -3, 18, 2360 }, // U+0349
    { 18, 11, 0, -9, 39, 50, 2378 }, // U+034A
    { 18, 18, 0, -9, 46, 81, 2428 }, // U+034B
    { 18, 15, 0, -9, 44, 68, 2509 }, // U+034C
    { 16, 10, 0, -8, -1, 40, 2577 }, // U+034D
    { 10, 11, 0, -5, -1, 28, 2617 }, // U+034E
    { 36, 36, 0, -18, 36, 324, 2645 }, // U+034F
    { 10, 11, 0, -5, 39, 28, 2969 }, // U+0350
    { 6, 11, 0, -3, 41, 17, 2997 }, // U+0351
    { 14, 13, 0, -7, 43, 46, 3014 }, // U+0352
    { 10, 10, 0, -5, -2, 25, 3060 }, // U+0353
    { 10, 11, 0, -5, -1, 28, 3085 }, // U+0354
    { 10, 11, 0, -5, -1, 28, 3113 }, // U+0355
    { 20, 10, 0, -10, -2, 50, 3141 }, // U+0356
    { 6, 11, 0, -3, 41, 17, 3191 }, // U+0357
    { 7, 7, 0, 5, 38, 13, 3208 }, // U+0358
    { 14, 11, 0, -7, -1, 39, 3221 }, // U+0359
    { 18, 10, 0, -9, -2, 45, 3260 }, // U+035A
    { 10, 11, 0, -5, 40, 28, 3305 }, // U+035B
    { 38, 10, 0, -19, -1, 95, 3333 }, // U+035C
    { 38, 10, 0, -19, 39, 95, 3428 }, // U+035D
    { 30, 4, 0, -15, 34, 30, 3523 }, // U+035E
    { 30, 4, 0, -15, -4, 30, 3553 }, // U+035F
    { 40, 7, 0, -20, 38, 70, 3583 }, // U+0360
    { 38, 10, 0, -19, 42, 95, 3653 }, // U+0361
    { 30, 10, 0, -15, -1, 75, 3748 }, // U+0362
    { 11, 12, 0, -5, 42, 33, 3823 }, // U+0363
    { 11, 12, 0, -5, 42, 33, 3856 }, // U+0364
    { 7, 16, 0, -3, 47, 28, 3889 }, // U+0365
    { 11, 12, 0, -5, 42, 33, 3917 }, // U+0366
    { 15, 12, 0, -7, 42, 45, 3950 }, // U+0367
    { 10, 12, 0, -4, 42, 30, 3995 }, // U+0368
    { 13, 17, 0, -6, 47, 56, 4025 }, // U+0369
    { 14, 16, 0, -7, 47, 56, 4081 }, // U+036A
    { 21, 11, 0, -10, 42, 58, 4137 }, // U+036B
    { 11, 11, 0, -5, 42, 31, 4195 }, // U+036C
    { 7, 15, 0, -3, 45, 27, 4226 }, // U+036D
    { 13, 11, 0, -6, 42, 36, 4253 }, // U+036E
    { 13, 11, 0, -6, 42, 36, 4289 }, // U+036F
    { 28, 47, 502, 2, 47, 329, 0 }, // U+0400
    { 28, 46, 502, 2, 46, 322, 329 }, // U+0401
    { 37, 36, 633, 1, 36, 333, 651 }, // U+0402
    { 25, 47, 451, 2, 47, 294, 984 }, // U+0403
    { 27, 38, 490, 2, 37, 257, 1278 }, // U+0404
    { 23, 38, 440, 2, 37, 219, 1535 }, // U+0405
    { 15, 36, 297, 2, 36, 135, 1754 }, // U+0406
    { 15, 46, 297, 2, 46, 173, 1889 }, // U+0407
    { 18, 48, 289, -1, 36, 216, 2062 }, // U+0408
    { 47, 37, 771, 0, 36, 435, 2278 }, // U+0409
    { 47, 36, 814, 2, 36, 423, 2713 }, // U+040A
    { 41, 36, 682, 1, 36, 369, 3136 }, // U+040B
    { 34, 47, 563, 2, 47, 400, 3505 }, // U+040C
    { 37, 47, 646, 2, 47, 435, 3905 }, // U+040D
    { 33, 47, 520, 0, 46, 388, 4340 }, // U+040E
    { 36, 46, 630, 2, 36, 414, 4728 }, // U+040F
    { 36, 36, 564, 0, 36, 324, 5142 }, // U+0410
    { 27, 36, 504, 2, 36, 243, 5466 }, // U+0411
    { 28, 36, 524, 2, 36, 252, 5709 }, // U+0412
    { 25, 36, 451, 2, 36, 225, 5961 }, // U+0413
    { 36, 46, 594, 0, 36, 414, 6186 }, // U+0414
    { 28, 36, 502, 2, 36, 252, 6600 }, // U+0415
    { 51, 36, 784, -1, 36, 459, 6852 }, // U+0416
    { 25, 38, 476, 2, 37, 238, 7311 }, // U+0417
    { 37, 36, 646, 2, 36, 333, 7549 }, // U+0418
    { 37, 46, 646, 2, 46, 426, 7882 }, // U+0419
    { 34, 36, 563, 2, 36, 306, 8308 }, // U+041A
    { 35, 37, 586, 0, 36, 324, 8614 }, // U+041B
    { 44, 36, 764, 2, 36, 396, 8938 }, // U+041C
    { 36, 36, 638, 2, 36, 324, 9334 }, // U+041D
    { 33, 38, 592, 2, 37, 314, 9658 }, // U+041E
    { 36, 36, 630, 2, 36, 324, 9972 }, // U+041F
    { 27, 36, 488, 2, 36, 243, 10296 }, // U+0420
    { 27, 38, 490, 2, 37, 257, 10539 }, // U+0421
    { 29, 36, 498, 1, 36, 261, 10796 }, // U+0422
    { 33, 37, 520, 0, 36, 306, 11057 }, // U+0423
    { 39, 38, 687, 2, 37, 371, 11363 }, // U+0424
    { 33, 36, 531, 0, 36, 297, 11734 }, // U+0425
    { 36, 46, 630, 2, 36, 414, 12031 }, // U+0426
    { 35, 36, 606, 1, 36, 315, 12445 }, // U+0427
    { 50, 36, 858, 2, 36, 450, 12760 }, // U+0428
    { 50, 46, 858, 2, 36, 575, 13210 }, // U+0429
    { 33, 36, 574, 1, 36, 297, 13785 }, // U+042A
    { 42, 36, 732, 2, 36, 378, 14082 }, // U+042B
    { 27, 36, 496, 2, 36, 243, 14460 }, // U+042C
    { 27, 38, 502, 2, 37, 257, 14703 }, // U+042D
    { 47, 38, 816, 2, 37, 447, 14960 }, // U+042E
    { 32, 36, 526, -1, 36, 288, 15407 }, // U+042F
    { 24, 29, 456, 2, 28, 174, 15695 }, // U+0430
    { 25, 40, 466, 2, 39, 250, 15869 }, // U+0431
    { 24, 27, 442, 2, 27, 162, 16119 }, // U+0432
    { 21, 27, 380, 2, 27, 142, 16281 }, // U+0433
    { 30, 36, 494, 0, 27, 270, 16423 }, // U+0434
    { 23, 29, 428, 2, 28, 167, 16693 }, // U+0435
    { 40, 27, 640, 0, 27, 270, 16860 }, // U+0436
    { 21, 29, 380, 1, 28, 153, 17130 }, // U+0437
    { 30, 27, 540, 2, 27, 203, 17283 }, // U+0438
    { 30, 38, 540, 2, 38, 285, 17486 }, // U+0439
    { 28, 27, 474, 2, 27, 189, 17771 }, // U+043A
    { 29, 28, 490, 0, 27, 203, 17960 }, // U+043B
    { 38, 27, 660, 2, 27, 257, 18163 }, // U+043C
    { 30, 27, 536, 2, 27, 203, 18420 }, // U+043D
    { 25, 29, 462, 2, 28, 182, 18623 }, // U+043E
    { 29, 27, 528, 2, 27, 196, 18805 }, // U+043F
    { 29, 40, 509, 1, 28, 290, 19001 }, // U+0440
    { 22, 29, 394, 2, 28, 160, 19291 }, // U+0441
    { 25, 27, 424, 1, 27, 169, 19451 }, // U+0442
    { 29, 40, 456, 0, 27, 290, 19620 }, // U+0443
    { 32, 51, 579, 2, 38, 408, 19910 }, // U+0444
    { 29, 27, 462, 0, 27, 196, 20318 }, // U+0445
    { 30, 36, 528, 2, 27, 270, 20514 }, // U+0446
    { 29, 27, 506, 1, 27, 196, 20784 }, // U+0447
    { 44, 27, 754, 2, 27, 297, 20980 }, // U+0448
    { 44, 36, 754, 2, 27, 396, 21277 }, // U+0449
    { 29, 27, 496, 1, 27, 196, 21673 }, // U+044A
    { 37, 27, 656, 2, 27, 250, 21869 }, // U+044B
    { 24, 27, 430, 2, 27, 162, 22119 }, // U+044C
    { 22, 29, 396, 1, 28, 160, 22281 }, // U+044D
    { 38, 29, 662, 2, 28, 276, 22441 }, // U+044E
    { 27, 27, 456, 0, 27, 183, 22717 }, // U+044F
    { 23, 40, 428, 2, 39, 230, 22900 }, // U+0450
    { 23, 39, 428, 2, 38, 225, 23130 }, // U+0451
    { 26, 50, 483, 1, 38, 325, 23355 }, // U+0452
    { 21, 39, 380, 2, 39, 205, 23680 }, // U+0453
    { 22, 29, 394, 2, 28, 160, 23885 }, // U+0454
    { 19, 29, 362, 2, 28, 138, 24045 }, // U+0455
    { 15, 38, 275, 1, 38, 143, 24183 }, // U+0456
    { 15, 38, 275, 1, 38, 143, 24326 }, // U+0457
    { 12, 50, 259, 0, 38, 150, 24469 }, // U+0458
    { 39, 28, 630, 0, 27, 273, 24619 }, // U+0459
    { 40, 27, 679, 2, 27, 270, 24892 }, // U+045A
    { 30, 38, 528, 1, 38, 285, 25162 }, // U+045B
    { 28, 39, 474, 2, 39, 273, 25447 }, // U+045C
    { 30, 39, 540, 2, 39, 293, 25720 }, // U+045D
    { 29, 51, 456, 0, 38, 370, 26013 }, // U+045E
    { 29, 36, 528, 2, 27, 261, 26383 }, // U+045F
    { 47, 37, 786, 0, 37, 435, 26644 }, // U+0460
    { 38, 28, 650, 0, 28, 266, 27079 }, // U+0461
    { 31, 36, 533, 1, 36, 279, 27345 }, // U+0462
    { 26, 38, 476, 1, 38, 247, 27624 }, // U+0463
    { 43, 38, 729, 1, 37, 409, 27871 }, // U+0464
    { 37, 29, 635, 1, 28, 269, 28280 }, // U+0465
    { 35, 36, 553, 0, 36, 315, 28549 }, // U+0466
    { 30, 27, 471, 0, 27, 203, 28864 }, // U+0467
    { 52, 36, 838, 1, 36, 468, 29067 }, // U+0468
    { 41, 27, 665, 1, 27, 277, 29535 }, // U+0469
    { 40, 36, 630, 0, 36, 360, 29812 }, // U+046A
    { 35, 27, 562, 0, 27, 237, 30172 }, // U+046B
    { 56, 36, 910, 1, 36, 504, 30409 }, // U+046C
    { 47, 27, 755, 1, 27, 318, 30913 }, // U+046D
    { 25, 54, 482, 3, 43, 338, 31231 }, // U+046E
    { 22, 44, 391, 1, 34, 242, 31569 }, // U+046F
    { 41, 36, 662, 0, 36, 369, 31811 }, // U+0470
    { 32, 50, 555, 0, 38, 400, 32180 }, // U+0471
    { 33, 38, 594, 2, 37, 314, 32580 }, // U+0472
    { 25, 29, 462, 2, 28, 182, 32894 }, // U+0473
    { 35, 36, 555, 0, 36, 315, 33076 }, // U+0474
    { 30, 28, 469, 0, 28, 210, 33391 }, // U+0475
    { 35, 47, 555, 0, 47, 412, 33601 }, // U+0476
    { 30, 39, 469, 0, 39, 293, 34013 }, // U+0477
    { 60, 49, 983, 2, 37, 735, 34306 }, // U+0478
    { 51, 40, 834, 2, 28, 510, 35041 }, // U+0479
    { 35, 43, 626, 2, 39, 377, 35551 }, // U+047A
    { 28, 33, 510, 2, 30, 231, 35928 }, // U+047B
    { 45, 53, 786, 2, 52, 597, 36159 }, // U+047C
    { 35, 45, 631, 2, 44, 394, 36756 }, // U+047D
    { 47, 44, 786, 0, 44, 517, 37150 }, // U+047E
    { 38, 36, 650, 0, 36, 342, 37667 }, // U+047F
    { 27, 49, 491, 2, 37, 331, 38009 }, // U+0480
    { 21, 40, 394, 2, 28, 210, 38340 }, // U+0481
    { 26, 33, 487, 2, 32, 215, 38550 }, // U+0482
    { 19, 8, 0, -9, 36, 38, 38765 }, // U+0483
    { 20, 7, 0, -10, 37, 35, 38803 }, // U+0484
    { 6, 9, 0, -3, 39, 14, 38838 }, // U+0485
    { 6, 9, 0, -3, 39, 14, 38852 }, // U+0486
    { 20, 6, 0, -10, 44, 30, 38866 }, // U+0487
    { 62, 57, 0, -31, 42, 884, 38896 }, // U+0488
    { 60, 61, 0, -30, 44, 915, 39780 }, // U+0489
    { 38, 57, 647, 2, 46, 542, 40695 }, // U+048A
    { 31, 49, 540, 2, 38, 380, 41237 }, // U+048B
    { 28, 38, 483, 1, 38, 266, 41617 }, // U+048C
    { 26, 33, 476, 1, 33, 215, 41883 }, // U+048D
    { 28, 36, 483, 1, 36, 252, 42098 }, // U+048E
    { 28, 40, 491, 0, 28, 280, 42350 }, // U+048F
    { 25, 42, 435, 1, 42, 263, 42630 }, // U+0490
    { 20, 33, 356, 1, 33, 165, 42893 }, // U+0491
    { 27, 36, 449, 1, 36, 243, 43058 }, // U+0492
    { 21, 27, 366, 1, 27, 142, 43301 }, // U+0493
    { 31, 49, 526, 1, 36, 380, 43443 }, // U+0494
    { 26, 39, 439, 1, 27, 254, 43823 }, // U+0495
    { 51, 47, 828, 0, 36, 600, 44077 }, // U+0496
    { 45, 39, 736, 0, 28, 439, 44677 }, // U+0497
    { 26, 48, 482, 2, 37, 312, 45116 }, // U+0498
    { 20, 39, 391, 2, 28, 195, 45428 }, // U+0499
    { 35, 47, 593, 1, 36, 412, 45623 }, // U+049A
    { 31, 39, 514, 0, 28, 303, 46035 }, // U+049B
    { 35, 36, 584, 1, 36, 315, 46338 }, // U+049C
    { 32, 28, 516, 0, 28, 224, 46653 }, // U+049D
    { 34, 36, 560, 1, 36, 306, 46877 }, // U+049E
    { 31, 38, 492, 0, 38, 295, 47183 }, // U+049F
    { 38, 36, 628, 1, 36, 342, 47478 }, // U+04A0
    { 34, 28, 566, 1, 28, 238, 47820 }, // U+04A1
    { 38, 47, 634, 1, 36, 447, 48058 }, // U+04A2
    { 33, 38, 550, 1, 27, 314, 48505 }, // U+04A3
    { 42, 36, 702, 1, 36, 378, 48819 }, // U+04A4
    { 38, 27, 625, 1, 27, 257, 49197 }, // U+04A5
    { 51, 49, 843, 1, 36, 625, 49454 }, // U+04A6
    { 43, 39, 710, 1, 27, 420, 50079 }, // U+04A7
    { 34, 40, 592, 2, 37, 340, 50499 }, // U+04A8
    { 28, 30, 498, 2, 28, 210, 50839 }, // U+04A9
    { 27, 48, 491, 2, 37, 324, 51049 }, // U+04AA
    { 21, 39, 394, 2, 28, 205, 51373 }, // U+04AB
    { 29, 47, 490, 1, 36, 341, 51578 }, // U+04AC
    { 26, 38, 438, 1, 27, 247, 51919 }, // U+04AD
    { 33, 36, 500, -1, 36, 297, 52166 }, // U+04AE
    { 29, 39, 463, 0, 27, 283, 52463 }, // U+04AF
    { 33, 36, 500, -1, 36, 297, 52746 }, // U+04B0
    { 29, 39, 463, 0, 27, 283, 53043 }, // U+04B1
    { 34, 47, 566, 0, 36, 400, 53326 }, // U+04B2
    { 30, 38, 490, 0, 27, 285, 53726 }, // U+04B3
    { 43, 47, 714, 1, 36, 506, 54011 }, // U+04B4
    { 39, 38, 652, 1, 27, 371, 54517 }, // U+04B5
    { 36, 47, 605, 1, 36, 423, 54888 }, // U+04B6
    { 31, 38, 512, 0, 27, 295, 55311 }, // U+04B7
    { 35, 36, 606, 1, 36, 315, 55606 }, // U+04B8
    { 29, 27, 506, 1, 27, 196, 55921 }, // U+04B9
    { 36, 36, 605, 1, 36, 324, 56117 }, // U+04BA
    { 31, 38, 508, 0, 38, 295, 56441 }, // U+04BB
    { 38, 38, 646, 0, 37, 361, 56736 }, // U+04BC
    { 30, 29, 511, 0, 28, 218, 57097 }, // U+04BD
    { 38, 48, 646, 0, 37, 456, 57315 }, // U+04BE
    { 30, 39, 511, 0, 28, 293, 57771 }, // U+04BF
    { 16, 36, 294, 1, 36, 144, 58064 }, // U+04C0
    { 51, 46, 784, -1, 46, 587, 58208 }, // U+04C1
    { 40, 38, 640, 0, 38, 380, 58795 }, // U+04C2
    { 33, 49, 555, 1, 36, 405, 59175 }, // U+04C3
    { 30, 40, 490, 0, 28, 300, 59580 }, // U+04C4
    { 36, 47, 584, 0, 36, 423, 59880 }, // U+04C5
    { 30, 38, 490, 0, 27, 285, 60303 }, // U+04C6
    { 37, 48, 626, 1, 36, 444, 60588 }, // U+04C7
    { 33, 39, 543, 1, 27, 322, 61032 }, // U+04C8
    { 39, 47, 634, 1, 36, 459, 61354 }, // U+04C9
    { 30, 38, 536, 2, 27, 285, 61813 }, // U+04CA
    { 35, 47, 605, 1, 36, 412, 62098 }, // U+04CB
    { 31, 38, 512, 0, 27, 295, 0 }, // U+04CC
    { 45, 47, 750, 1, 36, 529, 295 }, // U+04CD
    { 38, 38, 660, 2, 27, 361, 824 }, // U+04CE
    { 16, 36, 294, 1, 36, 144, 1185 }, // U+04CF
    { 36, 46, 564, 0, 46, 414, 1329 }, // U+04D0
    { 24, 39, 450, 2, 38, 234, 1743 }, // U+04D1
    { 36, 46, 564, 0, 46, 414, 1977 }, // U+04D2
    { 24, 39, 450, 2, 38, 234, 2391 }, // U+04D3
    { 46, 36, 761, 0, 36, 414, 2625 }, // U+04D4
    { 38, 29, 673, 2, 28, 276, 3039 }, // U+04D5
    { 29, 46, 498, 1, 46, 334, 3315 }, // U+04D6
    { 23, 39, 428, 2, 38, 225, 3649 }, // U+04D7
    { 30, 38, 552, 2, 37, 285, 3874 }, // U+04D8
    { 22, 29, 428, 2, 28, 160, 4159 }, // U+04D9
    { 30, 47, 552, 2, 46, 353, 4319 }, // U+04DA
    { 22, 39, 428, 2, 38, 215, 4672 }, // U+04DB
    { 51, 46, 784, -1, 46, 587, 4887 }, // U+04DC
    { 40, 38, 640, 0, 38, 380, 5474 }, // U+04DD
    { 25, 47, 476, 2, 46, 294, 5854 }, // U+04DE
    { 21, 39, 380, 1, 38, 205, 6148 }, // U+04DF
    { 26, 37, 482, 2, 36, 241, 6353 }, // U+04E0
    { 23, 39, 438, 2, 27, 225, 6594 }, // U+04E1
    { 37, 42, 646, 2, 42, 389, 6819 }, // U+04E2
    { 30, 34, 540, 2, 34, 255, 7208 }, // U+04E3
    { 37, 46, 646, 2, 46, 426, 7463 }, // U+04E4
    { 30, 38, 540, 2, 38, 285, 7889 }, // U+04E5
    { 33, 47, 594, 2, 46, 388, 8174 }, // U+04E6
    { 25, 39, 462, 2, 38, 244, 8562 }, // U+04E7
    { 33, 38, 594, 2, 37, 314, 8806 }, // U+04E8
    { 25, 29, 462, 2, 28, 182, 9120 }, // U+04E9
    { 33, 47, 594, 2, 46, 388, 9302 }, // U+04EA
    { 25, 39, 462, 2, 38, 244, 9690 }, // U+04EB
    { 27, 47, 502, 2, 46, 318, 9934 }, // U+04EC
    { 22, 39, 396, 1, 38, 215, 10252 }, // U+04ED
    { 33, 43, 520, 0, 42, 355, 10467 }, // U+04EE
    { 29, 46, 452, 0, 34, 334, 10822 }, // U+04EF
    { 33, 47, 520, 0, 46, 388, 11156 }, // U+04F0
    { 29, 50, 452, 0, 38, 363, 11544 }, // U+04F1
    { 33, 48, 520, 0, 47, 396, 11907 }, // U+04F2
    { 29, 51, 452, 0, 39, 370, 12303 }, // U+04F3
    { 35, 46, 606, 1, 46, 403, 12673 }, // U+04F4
    { 29, 38, 506, 1, 38, 276, 13076 }, // U+04F5
    { 27, 47, 449, 1, 36, 318, 13352 }, // U+04F6
    { 21, 38, 366, 1, 27, 200, 13670 }, // U+04F7
    { 42, 46, 732, 2, 46, 483, 13870 }, // U+04F8
    { 37, 38, 656, 2, 38, 352, 14353 }, // U+04F9
    { 27, 46, 449, 1, 36, 311, 14705 }, // U+04FA
    { 21, 37, 366, 1, 27, 195, 15016 }, // U+04FB
    { 33, 46, 528, 0, 36, 380, 15211 }, // U+04FC
    { 29, 37, 462, 0, 27, 269, 15591 }, // U+04FD
    { 33, 36, 528, 0, 36, 297, 15860 }, // U+04FE
    { 29, 27, 462, 0, 27, 196, 16157 }, // U+04FF
    { 36, 46, 564, 0, 36, 414, 0 }, // U+1EA0
    { 24, 38, 450, 2, 28, 228, 414 }, // U+1EA1
    { 36, 50, 564, 0, 50, 450, 642 }, // U+1EA2
    { 24, 42, 450, 2, 41, 252, 1092 }, // U+1EA3
    { 36, 49, 564, 0, 49, 441, 1344 }, // U+1EA4
    { 25, 42, 450, 2, 41, 263, 1785 }, // U+1EA5
    { 36, 49, 564, 0, 49, 441, 2048 }, // U+1EA6
    { 26, 42, 450, 0, 41, 273, 2489 }, // U+1EA7
    { 36, 52, 564, 0, 52, 468, 2762 }, // U+1EA8
    { 24, 44, 450, 2, 43, 264, 3230 }, // U+1EA9
    { 36, 53, 564, 0, 53, 477, 3494 }, // U+1EAA
    { 24, 46, 450, 2, 45, 276, 3971 }, // U+1EAB
    { 36, 57, 564, 0, 47, 513, 4247 }, // U+1EAC
    { 24, 49, 450, 2, 39, 294, 4760 }, // U+1EAD
    { 36, 51, 564, 0, 51, 459, 5054 }, // U+1EAE
    { 24, 44, 450, 2, 43, 264, 5513 }, // U+1EAF
    { 36, 51, 564, 0, 51, 459, 5777 }, // U+1EB0
    { 24, 44, 450, 2, 43, 264, 6236 }, // U+1EB1
    { 36, 53, 564, 0, 53, 477, 6500 }, // U+1EB2
    { 24, 45, 450, 2, 44, 270, 6977 }, // U+1EB3
    { 36, 53, 564, 0, 53, 477, 7247 }, // U+1EB4
    { 24, 46, 450, 2, 45, 276, 7724 }, // U+1EB5
    { 36, 56, 564, 0, 46, 504, 8000 }, // U+1EB6
    { 24, 48, 450, 2, 38, 288, 8504 }, // U+1EB7
    { 29, 46, 498, 1, 36, 334, 8792 }, // U+1EB8
    { 23, 38, 428, 2, 28, 219, 9126 }, // U+1EB9
    { 29, 50, 498, 1, 50, 363, 9345 }, // U+1EBA
    { 23, 42, 428, 2, 41, 242, 9708 }, // U+1EBB
    { 29, 45, 498, 1, 45, 327, 9950 }, // U+1EBC
    { 23, 38, 428, 2, 37, 219, 10277 }, // U+1EBD
    { 29, 49, 498, 1, 49, 356, 10496 }, // U+1EBE
    { 25, 42, 428, 2, 41, 263, 10852 }, // U+1EBF
    { 29, 49, 498, 1, 49, 356, 11115 }, // U+1EC0
    { 25, 42, 428, 0, 41, 263, 11471 }, // U+1EC1
    { 29, 52, 498, 1, 52, 377, 11734 }, // U+1EC2
    { 23, 44, 428, 2, 43, 253, 12111 }, // U+1EC3
    { 29, 53, 498, 1, 53, 385, 12364 }, // U+1EC4
    { 23, 46, 428, 2, 45, 265, 12749 }, // U+1EC5
    { 29, 57, 498, 1, 47, 414, 13014 }, // U+1EC6
    { 23, 49, 428, 2, 39, 282, 13428 }, // U+1EC7
    { 16, 50, 294, 1, 50, 200, 13710 }, // U+1EC8
    { 15, 41, 256, 1, 41, 154, 13910 }, // U+1EC9
    { 16, 46, 294, 1, 36, 184, 14064 }, // U+1ECA
    { 15, 48, 256, 1, 38, 180, 14248 }, // U+1ECB
    { 33, 47, 594, 2, 37, 388, 14428 }, // U+1ECC
    { 25, 38, 462, 2, 28, 238, 14816 }, // U+1ECD
    { 33, 51, 594, 2, 50, 421, 15054 }, // U+1ECE
    { 25, 42, 462, 2, 41, 263, 15475 }, // U+1ECF
    { 33, 50, 594, 2, 49, 413, 15738 }, // U+1ED0
    { 26, 42, 462, 2, 41, 273, 16151 }, // U+1ED1
    { 33, 50, 594, 2, 49, 413, 16424 }, // U+1ED2
    { 26, 42, 462, 1, 41, 273, 16837 }, // U+1ED3
    { 33, 53, 594, 2, 52, 438, 17110 }, // U+1ED4
    { 25, 44, 462, 2, 43, 275, 17548 }, // U+1ED5
    { 33, 54, 594, 2, 53, 446, 17823 }, // U+1ED6
    { 25, 46, 462, 2, 45, 288, 18269 }, // U+1ED7
    { 33, 57, 594, 2, 47, 471, 18557 }, // U+1ED8
    { 25, 49, 462, 2, 39, 307, 19028 }, // U+1ED9
    { 37, 48, 622, 2, 47, 444, 19335 }, // U+1EDA
    { 29, 40, 486, 2, 39, 290, 19779 }, // U+1EDB
    { 37, 48, 622, 2, 47, 444, 20069 }, // U+1EDC
    { 29, 40, 486, 2, 39, 290, 20513 }, // U+1EDD
    { 37, 51, 622, 2, 50, 472, 20803 }, // U+1EDE
    { 29, 42, 486, 2, 41, 305, 21275 }, // U+1EDF
    { 37, 46, 622, 2, 45, 426, 21580 }, // U+1EE0
    { 29, 38, 486, 2, 37, 276, 22006 }, // U+1EE1
    { 37, 49, 622, 2, 39, 454, 22282 }, // U+1EE2
    { 29, 42, 486, 2, 32, 305, 22736 }, // U+1EE3
    { 36, 46, 574, 0, 36, 414, 23041 }, // U+1EE4
    { 30, 37, 508, 1, 27, 278, 23455 }, // U+1EE5
    { 36, 51, 574, 0, 50, 459, 23733 }, // U+1EE6
    { 30, 42, 508, 1, 41, 315, 24192 }, // U+1EE7
    { 39, 48, 622, 0, 47, 468, 24507 }, // U+1EE8
    { 34, 40, 541, 1, 39, 340, 24975 }, // U+1EE9
    { 39, 48, 622, 0, 47, 468, 25315 }, // U+1EEA
    { 34, 40, 541, 1, 39, 340, 25783 }, // U+1EEB
    { 39, 51, 622, 0, 50, 498, 26123 }, // U+1EEC
    { 34, 42, 541, 1, 41, 357, 26621 }, // U+1EED
    { 39, 46, 622, 0, 45, 449, 26978 }, // U+1EEE
    { 34, 38, 541, 1, 37, 323, 27427 }, // U+1EEF
    { 39, 49, 622, 0, 39, 478, 27750 }, // U+1EF0
    { 34, 42, 541, 1, 32, 357, 28228 }, // U+1EF1
    { 33, 47, 500, -1, 47, 388, 28585 }, // U+1EF2
    { 29, 51, 452, 0, 39, 370, 28973 }, // U+1EF3
    { 33, 46, 500, -1, 36, 380, 29343 }, // U+1EF4
    { 29, 39, 452, 0, 27, 283, 29723 }, // U+1EF5
    { 33, 50, 500, -1, 50, 413, 30006 }, // U+1EF6
    { 29, 53, 452, 0, 41, 385, 30419 }, // U+1EF7
    { 33, 45, 500, -1, 45, 372, 30804 }, // U+1EF8
    { 29, 49, 452, 0, 37, 356, 31176 }, // U+1EF9
    { 0, 0, 400, 0, 0, 0, 0 }, // U+2000
    { 0, 0, 800, 0, 0, 0, 0 }, // U+2001
    { 0, 0, 400, 0, 0, 0, 0 }, // U+2002
    { 0, 0, 800, 0, 0, 0, 0 }, // U+2003
    { 0, 0, 266, 0, 0, 0, 0 }, // U+2004
    { 0, 0, 200, 0, 0, 0, 0 }, // U+2005
    { 0, 0, 134, 0, 0, 0, 0 }, // U+2006
    { 0, 0, 447, 0, 0, 0, 0 }, // U+2007
    { 0, 0, 200, 0, 0, 0, 0 }, // U+2008
    { 0, 0, 133, 0, 0, 0, 0 }, // U+2009
    { 0, 0, 80, 0, 0, 0, 0 }, // U+200A
    { 0, 0, 0, 0, 0, 0, 0 }, // U+200B
    { 4, 39, 0, -2, 32, 39, 0 }, // U+200C
    { 12, 42, 0, -6, 35, 126, 39 }, // U+200D
    { 12, 42, 0, -1, 35, 126, 165 }, // U+200E
    { 12, 42, 0, -11, 35, 126, 291 }, // U+200F
    { 14, 5, 248, 1, 16, 18, 417 }, // U+2010
    { 14, 5, 248, 1, 16, 18, 435 }, // U+2011
    { 24, 4, 447, 2, 20, 24, 453 }, // U+2012
    { 27, 4, 400, -1, 15, 27, 477 }, // U+2013
    { 52, 4, 800, -1, 15, 52, 504 }, // U+2014
    { 52, 4, 800, -1, 15, 52, 556 }, // U+2015
    { 12, 50, 447, 8, 38, 150, 608 }, // U+2016
    { 22, 10, 329, -1, -1, 55, 758 }, // U+2017
    { 9, 15, 200, 2, 36, 34, 813 }, // U+2018
    { 9, 15, 200, 1, 36, 34, 847 }, // U+2019
    { 9, 15, 200, 1, 7, 34, 881 }, // U+201A
    { 9, 15, 200, 2, 36, 34, 915 }, // U+201B
    { 19, 15, 360, 2, 36, 72, 949 }, // U+201C
    { 19, 15, 360, 1, 36, 72, 1021 }, // U+201D
    { 19, 15, 360, 1, 7, 72, 1093 }, // U+201E
    { 19, 15, 360, 2, 36, 72, 1165 }, // U+201F
    { 20, 44, 358, 1, 38, 220, 1237 }, // U+2020
    { 20, 44, 358, 1, 38, 220, 1457 }, // U+2021
    { 14, 16, 290, 2, 26, 56, 1677 }, // U+2022
    { 16, 17, 400, 5, 26, 68, 1733 }, // U+2023
    { 7, 8, 200, 3, 22, 14, 1801 }, // U+2024
    { 21, 8, 429, 3, 22, 42, 1815 }, // U+2025
    { 35, 8, 686, 4, 7, 70, 1857 }, // U+2026
    { 7, 8, 200, 3, 18, 14, 1927 }, // U+2027
    { 0, 0, 480, 0, 0, 0, 1941 }, // U+2028
    { 0, 0, 480, 0, 0, 0, 1941 }, // U+2029
    { 12, 38, 0, -1, 31, 114, 1941 }, // U+202A
    { 12, 38, 0, -11, 31, 114, 2055 }, // U+202B
    { 12, 42, 0, -6, 35, 126, 2169 }, // U+202C
    { 12, 42, 0, -6, 35, 126, 2295 }, // U+202D
    { 12, 42, 0, -6, 35, 126, 2421 }, // U+202E
    { 0, 0, 133, 0, 0, 0, 2547 }, // U+202F
    { 61, 38, 1033, 2, 37, 580, 2547 }, // U+2030
    { 81, 38, 1349, 2, 37, 770, 3127 }, // U+2031
    { 8, 13, 150, 1, 36, 26, 3897 }, // U+2032
    { 17, 13, 301, 1, 36, 56, 3923 }, // U+2033
    { 27, 13, 451, 1, 36, 88, 3979 }, // U+2034
    { 8, 13, 150, 1, 36, 26, 4067 }, // U+2035
    { 17, 13, 301, 1, 36, 56, 4093 }, // U+2036
    { 27, 13, 451, 1, 36, 88, 4149 }, // U+2037
    { 16, 15, 320, 2, 3, 60, 4237 }, // U+2038
    { 11, 19, 266, 3, 23, 53, 4297 }, // U+2039
    { 11, 19, 266, 3, 23, 53, 4350 }, // U+203A
    { 35, 36, 655, 3, 36, 315, 4403 }, // U+203B
    { 18, 37, 447, 5, 36, 167, 4718 }, // U+203C
    { 23, 38, 432, 2, 37, 219, 4885 }, // U+203D
    { 25, 3, 367, -1, 41, 19, 5104 }, // U+203E
    { 38, 10, 0, -19, -1, 95, 5123 }, // U+203F
    { 38, 10, 0, -19, 42, 95, 5218 }, // U+2040
    { 23, 36, 360, 0, 36, 207, 5313 }, // U+2041
    { 46, 38, 800, 2, 38, 437, 5520 }, // U+2042
    { 14, 9, 290, 2, 22, 32, 5957 }, // U+2043
    { 22, 36, 50, -9, 36, 198, 5989 }, // U+2044
    { 12, 45, 288, 5, 38, 135, 6187 }, // U+2045
    { 12, 45, 288, 1, 38, 135, 6322 }, // U+2046
    { 45, 38, 764, 1, 37, 428, 6457 }, // U+2047
    { 33, 38, 614, 1, 37, 314, 6885 }, // U+2048
    { 32, 38, 607, 5, 37, 304, 7199 }, // U+2049
    { 23, 38, 447, 2, 29, 219, 7503 }, // U+204A
    { 27, 44, 494, 2, 38, 297, 7722 }, // U+204B
    { 26, 19, 478, 2, 28, 124, 8019 }, // U+204C
    { 26, 19, 478, 2, 28, 124, 8143 }, // U+204D
    { 21, 20, 400, 2, 27, 105, 8267 }, // U+204E
    { 9, 36, 229, 3, 28, 81, 8372 }, // U+204F
    { 33, 38, 584, 2, 37, 314, 8453 }, // U+2050
    { 21, 41, 400, 2, 38, 216, 8767 }, // U+2051
    { 16, 37, 263, 0, 36, 148, 8983 }, // U+2052
    { 24, 10, 447, 2, 23, 60, 9131 }, // U+2053
    { 38, 10, 0, -19, -1, 95, 9191 }, // U+2054
    { 23, 23, 432, 2, 29, 133, 9286 }, // U+2055
    { 23, 29, 491, 4, 28, 167, 9419 }, // U+2056
    { 33, 13, 554, 1, 36, 108, 9586 }, // U+2057
    { 28, 29, 567, 4, 28, 203, 9694 }, // U+2058
    { 28, 29, 567, 4, 28, 203, 9897 }, // U+2059
    { 7, 38, 230, 4, 37, 67, 10100 }, // U+205A
    { 28, 38, 567, 4, 37, 266, 10167 }, // U+205B
    { 27, 27, 558, 4, 27, 183, 10433 }, // U+205C
    { 7, 38, 230, 4, 37, 67, 10616 }, // U+205D
    { 7, 38, 230, 4, 37, 67, 10683 }, // U+205E
    { 0, 0, 178, 0, 0, 0, 10750 }, // U+205F
    { 0, 0, 480, 0, 0, 0, 10750 }, // U+2060
    { 0, 0, 480, 0, 0, 0, 10750 }, // U+2061
    { 0, 0, 480, 0, 0, 0, 10750 }, // U+2062
    { 0, 0, 480, 0, 0, 0, 10750 }, // U+2063
    { 0, 0, 480, 0, 0, 0, 10750 }, // U+2064
    { 0, 0, 0, 0, 0, 0, 10750 }, // U+2066
    { 0, 0, 0, 0, 0, 0, 10750 }, // U+2067
    { 0, 0, 0, 0, 0, 0, 10750 }, // U+2068
    { 0, 0, 0, 0, 0, 0, 10750 }, // U+2069
    { 12, 42, 0, -6, 35, 126, 10750 }, // U+206A
    { 12, 42, 0, -6, 35, 126, 10876 }, // U+206B
    { 12, 42, 0, -6, 35, 126, 11002 }, // U+206C
    { 12, 42, 0, -6, 35, 126, 11128 }, // U+206D
    { 12, 42, 0, -6, 35, 126, 11254 }, // U+206E
    { 12, 42, 0, -6, 35, 126, 11380 }, // U+206F
    { 18, 23, 320, 1, 42, 104, 0 }, // U+2070
    { 10, 24, 166, 0, 38, 60, 104 }, // U+2071
    { 19, 22, 320, 0, 41, 105, 164 }, // U+2074
    { 16, 22, 320, 2, 41, 88, 269 }, // U+2075
    { 16, 23, 320, 2, 42, 92, 357 }, // U+2076
    { 16, 22, 320, 2, 41, 88, 449 }, // U+2077
    { 17, 23, 320, 2, 42, 98, 537 }, // U+2078
    { 17, 23, 320, 1, 42, 98, 635 }, // U+2079
    { 17, 18, 314, 1, 38, 77, 733 }, // U+207A
    { 17, 4, 314, 1, 31, 17, 810 }, // U+207B
    { 17, 10, 314, 1, 34, 43, 827 }, // U+207C
    { 11, 31, 200, 3, 45, 86, 870 }, // U+207D
    { 10, 31, 200, -1, 45, 78, 956 }, // U+207E
    { 21, 17, 335, 0, 31, 90, 1034 }, // U+207F
    { 18, 23, 320, 1, 18, 104, 1124 }, // U+2080
    { 15, 22, 320, 2, 17, 83, 1228 }, // U+2081
    { 16, 23, 320, 2, 18, 92, 1311 }, // U+2082
    { 16, 23, 320, 2, 18, 92, 1403 }, // U+2083
    { 19, 22, 320, 0, 17, 105, 1495 }, // U+2084
    { 16, 22, 320, 2, 17, 88, 1600 }, // U+2085
    { 16, 23, 320, 2, 18, 92, 1688 }, // U+2086
    { 16, 22, 320, 2, 17, 88, 1780 }, // U+2087
    { 17, 23, 320, 2, 18, 98, 1868 }, // U+2088
    { 17, 23, 320, 1, 18, 98, 1966 }, // U+2089
    { 17, 18, 314, 1, 14, 77, 2064 }, // U+208A
    { 17, 4, 314, 1, 7, 17, 2141 }, // U+208B
    { 17, 10, 314, 1, 10, 43, 2158 }, // U+208C
    { 11, 31, 200, 3, 21, 86, 2201 }, // U+208D
    { 10, 31, 200, -1, 21, 78, 2287 }, // U+208E
    { 16, 18, 293, 1, 12, 72, 2365 }, // U+2090
    { 15, 18, 278, 1, 12, 68, 2437 }, // U+2091
    { 16, 18, 300, 1, 12, 72, 2505 }, // U+2092
    { 19, 17, 301, 0, 12, 81, 2577 }, // U+2093
    { 15, 18, 278, 1, 12, 68, 2658 }, // U+2094
    { 20, 23, 330, 0, 18, 115, 2726 }, // U+2095
    { 20, 23, 304, 0, 18, 115, 2841 }, // U+2096
    { 10, 23, 162, 0, 18, 58, 2956 }, // U+2097
    { 30, 17, 491, 0, 12, 128, 3014 }, // U+2098
    { 21, 17, 335, 0, 12, 90, 3142 }, // U+2099
    { 19, 24, 319, 0, 12, 114, 3232 }, // U+209A
    { 13, 18, 234, 1, 12, 59, 3346 }, // U+209B
    { 11, 21, 183, 0, 15, 58, 3405 }, // U+209C
    { 30, 37, 530, 2, 37, 278, 0 }, // U+20A0
    { 27, 41, 491, 2, 38, 277, 278 }, // U+20A1
    { 27, 38, 491, 2, 37, 257, 555 }, // U+20A2
    { 25, 36, 447, 2, 36, 225, 812 }, // U+20A3
    { 25, 38, 447, 2, 37, 238, 1037 }, // U+20A4
    { 45, 40, 756, 1, 34, 450, 1275 }, // U+20A5
    { 33, 36, 530, 0, 36, 297, 1725 }, // U+20A6
    { 38, 37, 655, 1, 36, 352, 2022 }, // U+20A7
    { 48, 37, 817, 1, 36, 444, 2374 }, // U+20A8
    { 54, 36, 838, -1, 36, 486, 2818 }, // U+20A9
    { 35, 30, 714, 5, 30, 263, 3304 }, // U+20AA
    { 28, 46, 491, 2, 38, 322, 3567 }, // U+20AB
    { 25, 38, 447, 2, 37, 238, 3889 }, // U+20AC
    { 36, 36, 560, 0, 36, 324, 4127 }, // U+20AD
    { 29, 36, 447, 1, 36, 261, 4451 }, // U+20AE
    { 49, 51, 800, 1, 41, 625, 4712 }, // U+20AF
    { 26, 49, 447, -1, 37, 319, 5337 }, // U+20B0
    { 30, 36, 483, 0, 36, 270, 5656 }, // U+20B1
    { 33, 43, 571, 2, 39, 355, 5926 }, // U+20B2
    { 35, 36, 564, 0, 36, 315, 6281 }, // U+20B3
    { 27, 38, 435, 0, 37, 257, 6596 }, // U+20B4
    { 27, 43, 491, 2, 39, 291, 6853 }, // U+20B5
    { 28, 37, 474, 1, 36, 259, 7144 }, // U+20B6
    { 24, 42, 447, 1, 37, 252, 7403 }, // U+20B7
    { 26, 36, 447, 1, 36, 234, 7655 }, // U+20B8
    { 25, 36, 447, 2, 36, 225, 7889 }, // U+20B9
    { 27, 36, 447, 0, 36, 243, 8114 }, // U+20BA
    { 30, 38, 522, 1, 37, 285, 8357 }, // U+20BB
    { 31, 34, 629, 4, 34, 264, 8642 }, // U+20BC
    { 26, 36, 472, 2, 36, 234, 8906 }, // U+20BD
    { 30, 38, 538, 2, 38, 285, 9140 }, // U+20BE
    { 24, 43, 447, 2, 39, 258, 9425 }, // U+20BF
    { 22, 35, 394, 2, 28, 193, 9683 }, // U+20C0
    { 23, 5, 463, 3, 20, 29, 0 }, // U+2212
    { 38, 39, 566, 1, 39, 371, 0 }, // U+FB00
    { 32, 39, 530, 1, 39, 312, 371 }, // U+FB01
    { 32, 39, 530, 1, 39, 312, 683 }, // U+FB02
    { 49, 39, 802, 1, 39, 478, 995 }, // U+FB03
    { 49, 39, 801, 1, 39, 478, 1473 }, // U+FB04
    { 33, 40, 534, 0, 39, 330, 1951 }, // U+FB05
    { 37, 40, 632, 2, 39, 370, 2281 }, // U+FB06
    { 46, 46, 800, 2, 38, 529, 0 }, // U+FFFD
};

static const EpdUnicodeInterval notoserif_24_regularIntervals[] = {
    { 0x0, 0x0, 0x0 },
    { 0xD, 0xD, 0x1 },
    { 0x20, 0x7E, 0x2 },
    { 0xA0, 0x17F, 0x61 },
    { 0x1A0, 0x1A1, 0x141 },
    { 0x1AF, 0x1B0, 0x143 },
    { 0x1C4, 0x21F, 0x145 },
    { 0x300, 0x36F, 0x1A1 },
    { 0x400, 0x4FF, 0x211 },
    { 0x1EA0, 0x1EF9, 0x311 },
    { 0x2000, 0x2064, 0x36B },
    { 0x2066, 0x2071, 0x3D0 },
    { 0x2074, 0x208E, 0x3DC },
    { 0x2090, 0x209C, 0x3F7 },
    { 0x20A0, 0x20C0, 0x404 },
    { 0x2212, 0x2212, 0x425 },
    { 0xFB00, 0xFB06, 0x426 },
    { 0xFFFD, 0xFFFD, 0x42D },
};

static const EpdFontGroup notoserif_24_regularGroups[] = {
    { 0, 6508, 21016, 97, 0 },
    { 6508, 5460, 24960, 96, 97 },
    { 11968, 6538, 40045, 128, 193 },
    { 18506, 6796, 35899, 96, 321 },
    { 25302, 2073, 4731, 112, 417 },
    { 27375, 16143, 65382, 204, 529 },
    { 43518, 4134, 17463, 52, 733 },
    { 47652, 4009, 33308, 90, 785 },
    { 51661, 3406, 12031, 111, 875 },
    { 55067, 1231, 3749, 42, 986 },
    { 56298, 3651, 10398, 33, 1028 },
    { 59949, 12, 30, 1, 1061 },
    { 59961, 596, 2788, 7, 1062 },
    { 60557, 207, 552, 1, 1069 },
};

static const uint16_t notoserif_24_regularKernLeftCodepoints[] = {
    0x0022, 0x0026, 0x0027, 0x002A, 0x002C, 0x002E, 0x0040, 0x0041, 0x0042, 0x0044, 0x0045, 0x0046,
    0x0047, 0x004B, 0x004C, 0x004E, 0x004F, 0x0050, 0x0051, 0x0052, 0x0053, 0x0054, 0x0055, 0x0056,
    0x0057, 0x0058, 0x0059, 0x0061, 0x0062, 0x0065, 0x0066, 0x0067, 0x0068, 0x006B, 0x006D, 0x006E,
    0x006F, 0x0070, 0x0072, 0x0073, 0x0076, 0x0077, 0x0079, 0x00A1, 0x00BF, 0x00C0, 0x00C1, 0x00C2,
    0x00C3, 0x00C4, 0x00C5, 0x00C6, 0x00C8, 0x00C9, 0x00CA, 0x00CB, 0x00D0, 0x00D1, 0x00D2, 0x00D3,
    0x00D4, 0x00D5, 0x00D6, 0x00D8, 0x00D9, 0x00DA, 0x00DB, 0x00DC, 0x00DD, 0x00DE, 0x00DF, 0x00E0,
    0x00E1, 0x00E2, 0x00E3, 0x00E4, 0x00E5, 0x00E6, 0x00E8, 0x00E9, 0x00EA, 0x00EB, 0x00F0, 0x00F1,
    0x00F2, 0x00F3, 0x00F4, 0x00F5, 0x00F6, 0x00F8, 0x00FD, 0x00FE, 0x00FF, 0x0100, 0x0102, 0x0104,
    0x010E, 0x010F, 0x0110, 0x0112, 0x0113, 0x0114, 0x0115, 0x0116, 0x0117, 0x0118, 0x0119, 0x011A,
    0x011B, 0x011C, 0x011E, 0x0120, 0x0122, 0x0125, 0x0127, 0x0129, 0x0136, 0x0137, 0x0138, 0x0139,
    0x013B, 0x013E, 0x0141, 0x0143, 0x0144, 0x0145, 0x0146, 0x0147, 0x0148, 0x0149, 0x014B, 0x014C,
    0x014D, 0x014E, 0x014F, 0x0150, 0x0151, 0x0152, 0x0153, 0x0154, 0x0155, 0x0156, 0x0157, 0x0158,
    0x0159, 0x015A, 0x015B, 0x015C, 0x015D, 0x015E, 0x015F, 0x0160, 0x0161, 0x0162, 0x0164, 0x0165,
    0x0166, 0x0168, 0x016A, 0x016C, 0x016E, 0x0170, 0x0172, 0x0174, 0x0175, 0x0176, 0x0177, 0x0178,
    0x01A0, 0x01A1, 0x01AF, 0x01B0, 0x01FA, 0x01FC, 0x01FD, 0x01FE, 0x01FF, 0x0218, 0x0219, 0x021A,
    0x0402, 0x0409, 0x040A, 0x040E, 0x0423, 0x042A, 0x042C, 0x0431, 0x043E, 0x0440, 0x0444, 0x044D,
    0x044E, 0x0457, 0x0460, 0x0462, 0x0465, 0x0466, 0x0468, 0x046A, 0x046C, 0x046E, 0x046F, 0x0472,
    0x0473, 0x0474, 0x0476, 0x0478, 0x0479, 0x047A, 0x047B, 0x047C, 0x047D, 0x047E, 0x0481, 0x048C,
    0x048D, 0x048E, 0x048F, 0x0490, 0x0491, 0x0493, 0x0494, 0x0496, 0x0497, 0x0498, 0x0499, 0x049A,
    0x049B, 0x049C, 0x049D, 0x049E, 0x049F, 0x04A0, 0x04A1, 0x04A3, 0x04A4, 0x04A5, 0x04A6, 0x04A8,
    0x04AB, 0x04AC, 0x04AD, 0x04B2, 0x04B3, 0x04B5, 0x04B7, 0x04BA, 0x04BC, 0x04BD, 0x04BE, 0x04BF,
    0x04C3, 0x04C6, 0x04D0, 0x04D1, 0x04D2, 0x04D3, 0x04D4, 0x04D5, 0x04D6, 0x04D7, 0x04D8, 0x04D9,
    0x04DA, 0x04DB, 0x04E0, 0x04E6, 0x04E7, 0x04E8, 0x04E9, 0x04EA, 0x04EB, 0x04ED, 0x04EE, 0x04EF,
    0x04F0, 0x04F1, 0x04F2, 0x04F3, 0x04F6, 0x04F7, 0x04FB, 0x04FC, 0x04FD, 0x04FE, 0x04FF, 0x1EA0,
    0x1EA1, 0x1EA2, 0x1EA3, 0x1EA4, 0x1EA5, 0x1EA6, 0x1EA7, 0x1EA8, 0x1EA9, 0x1EAA, 0x1EAB, 0x1EAC,
    0x1EAD, 0x1EAE, 0x1EAF, 0x1EB0, 0x1EB1, 0x1EB2, 0x1EB3, 0x1EB4, 0x1EB5, 0x1EB6, 0x1EB7, 0x1EB8,
    0x1EB9, 0x1EBA, 0x1EBB, 0x1EBC, 0x1EBD, 0x1EBE, 0x1EBF, 0x1EC0, 0x1EC1, 0x1EC2, 0x1EC3, 0x1EC4,
    0x1EC5, 0x1EC6, 0x1EC7, 0x1ECC, 0x1ECD, 0x1ECE, 0x1ECF, 0x1ED0, 0x1ED1, 0x1ED2, 0x1ED3, 0x1ED4,
    0x1ED5, 0x1ED6, 0x1ED7, 0x1ED8, 0x1ED9, 0x1EDA, 0x1EDB, 0x1EDC, 0x1EDD, 0x1EDE, 0x1EDF, 0x1EE0,
    0x1EE1, 0x1EE2, 0x1EE3, 0x1EE4, 0x1EE6, 0x1EE8, 0x1EE9, 0x1EEA, 0x1EEB, 0x1EEC, 0x1EED, 0x1EEE,
    0x1EEF, 0x1EF0, 0x1EF1, 0x1EF2, 0x1EF3, 0x1EF4, 0x1EF5, 0x1EF6, 0x1EF7, 0x1EF8, 0x1EF9, 0x2018,
    0x2019, 0x201A, 0x201C, 0x201D, 0x201E, 0x2026, 0x207D, 0x208D, 0xFB00,
};

static const uint8_t notoserif_24_regularKernLeftClassIds[] = {
      1,   2,   1,   3,   4,   4,   5,   6,   7,   8,   9,  10,  11,  12,  13,  14,
      8,   3,   8,  15,  16,  17,  18,  19,  20,  21,  22,  23,  24,  25,  26,  27,
     23,  28,  23,  23,  24,  24,  29,  30,  31,  32,  33,  34,  35,  36,  36,  36,
     36,  36,  36,   9,   9,   9,   9,   9,   8,  14,   8,   8,   8,   8,   8,   8,
     18,  18,  18,  18,  22,   8,  24,  23,  23,  23,  23,  23,  23,  25,  25,  25,
     25,  25,  24,  23,  24,  24,  24,  24,  24,  24,  33,  24,  33,   6,  36,  36,
      8,  37,   8,   9,  25,   9,  25,   9,  25,   9,  25,   9,  25,  11,  11,  11,
     11,  23,  23,  38,  12,  28,  28,  13,  13,  37,  13,  14,  23,  14,  23,  14,
     23,  23,  23,   8,  24,   8,  24,   8,  24,   9,  25,  15,  29,  15,  29,  15,
     29,  16,  30,  16,  30,  16,  30,  16,  30,  17,  17,  39,  17,  18,  18,  18,
     18,  18,  18,  20,  32,  22,  33,  22,  40,  41,  42,  43,   6,   9,  25,   8,
     24,  16,  30,  17,  44,  45,  45,  46,  46,  45,  45,  47,  48,  48,  49,  49,
     49,  50,  51,  52,  53,  54,  54,  55,  55,  56,  24,  51,  48,  57,  57,  33,
     58,  51,  48,  51,  24,  51,  53,  52,  24,  59,  48,  60,  61,  61,  62,  55,
     63,  56,  48,  55,  63,  55,  63,  55,  63,  55,  63,  64,  60,  61,  62,  51,
     53,  60,  61,  65,  63,  64,  64,  62,  51,  48,  51,  48,  62,  64,  54,  23,
     54,  23,  66,  48,  66,  48,  51,  48,  51,  48,  56,  51,  48,  51,  48,  51,
     48,  48,  46,  58,  46,  58,  46,  58,  60,  61,  61,  65,  63,  65,  63,  36,
     23,  36,  23,  36,  23,  36,  23,  36,  23,  36,  23,  36,  23,  36,  23,  36,
     23,  36,  23,  36,  23,  36,  23,   9,  25,   9,  25,   9,  25,   9,  25,   9,
     25,   9,  25,   9,  25,   9,  25,   8,  24,   8,  24,   8,  24,   8,  24,   8,
     24,   8,  24,   8,  24,  40,  41,  40,  41,  40,  41,  40,  41,  40,  41,  18,
     18,  42,  43,  42,  43,  42,  43,  42,  43,  42,  43,  22,  33,  22,  33,  22,
     33,  22,  33,  67,  68,   4,  67,  68,   4,   4,  69,  70,  26,
};

static const uint16_t notoserif_24_regularKernRightCodepoints[] = {
    0x0021, 0x0022, 0x0026, 0x0027, 0x0029, 0x002A, 0x002C, 0x002E, 0x003A, 0x003B, 0x003F, 0x0040,
    0x0041, 0x0042, 0x0043, 0x0044, 0x0045, 0x0046, 0x0047, 0x0048, 0x0049, 0x004A, 0x004B, 0x004C,
    0x004D, 0x004E, 0x004F, 0x0050, 0x0051, 0x0052, 0x0053, 0x0054, 0x0055, 0x0056, 0x0057, 0x0058,
    0x0059, 0x005A, 0x005D, 0x0061, 0x0062, 0x0063, 0x0064, 0x0065, 0x0067, 0x0068, 0x0069, 0x006B,
    0x006C, 0x006D, 0x006E, 0x006F, 0x0070, 0x0071, 0x0072, 0x0073, 0x0074, 0x0075, 0x0076, 0x0077,
    0x0078, 0x0079, 0x007A, 0x007D, 0x00AB, 0x00B7, 0x00BB, 0x00C0, 0x00C1, 0x00C2, 0x00C3, 0x00C4,
    0x00C5, 0x00C6, 0x00C7, 0x00C8, 0x00C9, 0x00CA, 0x00CB, 0x00CC, 0x00CD, 0x00CE, 0x00CF, 0x00D0,
    0x00D1, 0x00D2, 0x00D3, 0x00D4, 0x00D5, 0x00D6, 0x00D8, 0x00D9, 0x00DA, 0x00DB, 0x00DC, 0x00DD,
    0x00DE, 0x00E0, 0x00E1, 0x00E2, 0x00E3, 0x00E4, 0x00E5, 0x00E6, 0x00E7, 0x00E8, 0x00E9, 0x00EA,
    0x00EB, 0x00EC, 0x00ED, 0x00EE, 0x00EF, 0x00F0, 0x00F1, 0x00F2, 0x00F3, 0x00F4, 0x00F5, 0x00F6,
    0x00F8, 0x00F9, 0x00FA, 0x00FB, 0x00FC, 0x00FD, 0x00FE, 0x00FF, 0x0100, 0x0101, 0x0102, 0x0103,
    0x0104, 0x0105, 0x0106, 0x0107, 0x0108, 0x0109, 0x010A, 0x010B, 0x010C, 0x010D, 0x010E, 0x010F,
    0x0110, 0x0111, 0x0112, 0x0113, 0x0114, 0x0115, 0x0116, 0x0117, 0x0118, 0x0119, 0x011A, 0x011B,
    0x011C, 0x011D, 0x011E, 0x011F, 0x0120, 0x0121, 0x0122, 0x0123, 0x0124, 0x0125, 0x0126, 0x0127,
    0x0128, 0x0129, 0x012A, 0x012B, 0x012C, 0x012D, 0x012E, 0x012F, 0x0130, 0x0132, 0x0133, 0x0134,
    0x0136, 0x0137, 0x0138, 0x0139, 0x013A, 0x013B, 0x013C, 0x013D, 0x013E, 0x013F, 0x0140, 0x0141,
    0x0142, 0x0143, 0x0144, 0x0145, 0x0146, 0x0147, 0x0148, 0x014A, 0x014B, 0x014C, 0x014D, 0x014E,
    0x014F, 0x0150, 0x0151, 0x0152, 0x0153, 0x0154, 0x0155, 0x0156, 0x0157, 0x0158, 0x015A, 0x015B,
    0x015C, 0x015D, 0x015E, 0x015F, 0x0160, 0x0161, 0x0162, 0x0163, 0x0164, 0x0165, 0x0166, 0x0167,
    0x0168, 0x0169, 0x016A, 0x016B, 0x016C, 0x016D, 0x016E, 0x016F, 0x0170, 0x0171, 0x0172, 0x0173,
    0x0174, 0x0175, 0x0176, 0x0177, 0x0178, 0x0179, 0x017A, 0x017B, 0x017C, 0x017D, 0x017E, 0x01A0,
    0x01A1, 0x01AF, 0x01B0, 0x01FA, 0x01FB, 0x01FC, 0x01FD, 0x01FE, 0x01FF, 0x0218, 0x0219, 0x021A,
    0x021B, 0x0402, 0x040B, 0x040E, 0x0416, 0x0422, 0x0423, 0x0425, 0x0427, 0x042A, 0x042F, 0x0431,
    0x0436, 0x0443, 0x0445, 0x0447, 0x0451, 0x0456, 0x0457, 0x045E, 0x0460, 0x0462, 0x0466, 0x046A,
    0x046E, 0x0472, 0x0473, 0x0478, 0x0479, 0x047A, 0x047B, 0x047C, 0x047D, 0x047E, 0x0480, 0x0481,
    0x0496, 0x0498, 0x0499, 0x04A0, 0x04A1, 0x04A8, 0x04A9, 0x04AA, 0x04AB, 0x04AC, 0x04AD, 0x04B2,
    0x04B4, 0x04B5, 0x04B6, 0x04B7, 0x04B8, 0x04B9, 0x04C1, 0x04C2, 0x04CB, 0x04CC, 0x04D0, 0x04D2,
    0x04D4, 0x04D5, 0x04D7, 0x04D8, 0x04D9, 0x04DA, 0x04DC, 0x04DD, 0x04E0, 0x04E1, 0x04E6, 0x04E7,
    0x04E8, 0x04E9, 0x04EA, 0x04EB, 0x04EE, 0x04EF, 0x04F0, 0x04F1, 0x04F2, 0x04F3, 0x04F4, 0x04F5,
    0x04FC, 0x04FE, 0x1EA0, 0x1EA1, 0x1EA2, 0x1EA3, 0x1EA4, 0x1EA5, 0x1EA6, 0x1EA7, 0x1EA8, 0x1EA9,
    0x1EAA, 0x1EAB, 0x1EAC, 0x1EAD, 0x1EAE, 0x1EAF, 0x1EB0, 0x1EB1, 0x1EB2, 0x1EB3, 0x1EB4, 0x1EB5,
    0x1EB6, 0x1EB7, 0x1EB8, 0x1EB9, 0x1EBA, 0x1EBB, 0x1EBC, 0x1EBD, 0x1EBE, 0x1EBF, 0x1EC0, 0x1EC1,
    0x1EC2, 0x1EC3, 0x1EC4, 0x1EC5, 0x1EC6, 0x1EC7, 0x1EC9, 0x1ECB, 0x1ECC, 0x1ECD, 0x1ECE, 0x1ECF,
    0x1ED0, 0x1ED1, 0x1ED2, 0x1ED3, 0x1ED4, 0x1ED5, 0x1ED6, 0x1ED7, 0x1ED8, 0x1ED9, 0x1EDA, 0x1EDB,
    0x1EDC, 0x1EDD, 0x1EDE, 0x1EDF, 0x1EE0, 0x1EE1, 0x1EE2, 0x1EE3, 0x1EE4, 0x1EE5, 0x1EE6, 0x1EE7,
    0x1EE8, 0x1EE9, 0x1EEA, 0x1EEB, 0x1EEC, 0x1EED, 0x1EEE, 0x1EEF, 0x1EF0, 0x1EF1, 0x1EF2, 0x1EF3,
    0x1EF4, 0x1EF5, 0x1EF6, 0x1EF7, 0x1EF8, 0x1EF9, 0x2018, 0x2019, 0x201A, 0x201C, 0x201D, 0x201E,
    0x2026, 0x2039, 0x203A, 0x207E, 0x208E,
};

static const uint8_t notoserif_24_regularKernRightClassIds[] = {
      1,   2,   3,   2,   4,   5,   6,   7,   8,   8,   9,  10,  11,  12,  13,  12,
     12,  12,  13,  12,  12,  14,  12,  12,  12,  12,  13,  12,  13,  12,  15,  16,
     17,  18,  19,  20,  21,  22,   4,  23,  24,  25,  25,  25,  26,  24,  27,  24,
     24,  27,  27,  25,  27,  25,  27,  28,  29,  30,  31,  32,  33,  34,  35,   4,
     36,  37,  36,  11,  11,  11,  11,  11,  11,  38,  13,  12,  12,  12,  12,  12,
     12,  12,  12,  12,  12,  13,  13,  13,  13,  13,  13,  17,  17,  17,  17,  21,
     12,  23,  23,  23,  23,  23,  23,  23,  25,  25,  25,  25,  25,  39,  27,  39,
     39,  25,  27,  25,  25,  25,  25,  25,  25,  30,  30,  30,  30,  34,  24,  34,
     11,  23,  11,  23,  11,  23,  13,  25,  13,  25,  13,  25,  13,  25,  12,  25,
     12,  25,  12,  25,  12,  25,  12,  25,  12,  25,  12,  25,  13,  25,  13,  25,
     13,  25,  13,  25,  12,  24,  12,  24,  12,  40,  12,  39,  12,  39,  12,  27,
     12,  12,  27,  14,  12,  24,  27,  12,  24,  12,  24,  12,  24,  12,  24,  12,
     24,  12,  27,  12,  27,  12,  27,  12,  27,  13,  25,  13,  25,  13,  25,  13,
     25,  12,  27,  12,  27,  12,  15,  28,  15,  28,  15,  28,  15,  28,  16,  29,
     16,  29,  16,  29,  17,  30,  17,  30,  17,  30,  17,  30,  17,  30,  17,  30,
     19,  32,  21,  34,  21,  22,  35,  22,  35,  22,  35,  13,  25,  17,  30,  11,
     23,  38,  23,  13,  25,  15,  28,  16,  29,  41,  41,  42,  41,  41,  42,  41,
     43,  41,  44,  45,  46,  47,  46,  48,  49,  50,  51,  47,  52,  16,  53,  54,
     55,  52,  56,  52,  56,  52,  56,  52,  25,  52,  52,  56,  54,  55,  57,  58,
     59,  52,  56,  52,  56,  58,  59,  54,  58,  59,  60,  61,  43,  48,  41,  46,
     60,  61,  53,  53,  38,  62,  56,  52,  62,  52,  41,  46,  55,  35,  52,  56,
     52,  56,  52,  56,  42,  63,  42,  63,  42,  63,  43,  48,  54,  54,  11,  23,
     11,  23,  11,  23,  11,  23,  11,  23,  11,  23,  11,  23,  11,  23,  11,  23,
     11,  23,  11,  23,  11,  23,  12,  25,  12,  25,  12,  25,  12,  25,  12,  25,
     12,  25,  12,  25,  12,  25,  27,  27,  13,  25,  13,  25,  13,  25,  13,  25,
     13,  25,  13,  25,  13,  25,  13,  25,  13,  25,  13,  25,  13,  25,  13,  25,
     17,  30,  17,  30,  17,  30,  17,  30,  17,  30,  17,  30,  17,  30,  21,  34,
     21,  34,  21,  34,  21,  34,  64,   5,   7,  64,   5,   7,   7,  36,  36,  65,
     66,
};

static const uint16_t notoserif_24_regularKernRowOffsets[] = {
        0,     5,    10,    16,    32,    34,    50,    64,    77,    80,    89,    95,   101,   113,   114,   125,
      137,   148,   153,   165,   176,   180,   194,   199,   205,   208,   213,   214,   216,   220,   222,   225,
      228,   231,   234,   239,   255,   271,   272,   276,   295,   304,   320,   326,   335,   336,   339,   344,
      347,   351,   353,   360,   366,   367,   385,   399,   408,   422,   424,   428,   442,   446,   453,   457,
      458,   469,   470,   473,   480,   481,   482,
};

static const uint8_t notoserif_24_regularKernSparseCols[] = {
     10,  24,  25,  37,  52,   8,  15,  17,  18,  20,   2,   5,   6,  10,  37,  52,
      8,  12,  15,  16,  17,  18,  20,  30,  31,  33,  51,  57,  58,  59,  60,  62,
     10,  20,   1,   4,   8,  12,  15,  16,  17,  18,  20,  24,  25,  29,  30,  31,
     33,  63,   4,   8,  10,  15,  17,  18,  19,  20,  21,  31,  33,  37,  52,  57,
      5,   6,   8,  10,  15,  17,  18,  19,  20,  37,  52,  53,  57,  17,  18,  20,
      2,   5,   6,   9,  10,  22,  24,  25,  37,   8,  15,  17,  18,  20,  37,  12,
     24,  25,  29,  31,  33,   1,   4,   8,  15,  17,  18,  20,  30,  31,  33,  36,
     63,  35,   4,   8,  12,  15,  16,  17,  18,  20,  30,  31,  33,   8,  10,  15,
     17,  18,  19,  20,  31,  33,  37,  52,  57,   2,   5,   6,   9,  10,  12,  22,
     24,  25,  27,  37,   5,   6,   9,  10,  37,   2,   5,   6,   9,  10,  12,  22,
     24,  25,  27,  37,  52,   5,   6,   9,  10,  12,  22,  24,  25,  27,  34,  37,
     12,  14,  31,  33,   2,   5,   6,   9,  10,  12,  14,  22,  24,  25,  27,  34,
     37,  52,   1,  33,  59,  60,  62,  17,  18,  20,  33,  59,  62,  17,  18,  20,
      1,   3,   4,  38,  39,  18,  24,  25,   4,   5,   6,  22,  20,  59,   5,   6,
     10,   5,   6,  10,   5,   6,  10,  17,  18,  20,   8,  15,  17,  18,  20,   1,
      4,   8,  12,  15,  16,  17,  18,  20,  24,  25,  29,  30,  31,  33,  63,   0,
      1,   3,   4,   8,  11,  13,  15,  16,  17,  18,  19,  20,  21,  23,  63,  39,
      1,   3,   8,  23,   5,   6,   7,   8,  10,  15,  17,  18,  20,  22,  24,  25,
     26,  27,  28,  30,  31,  32,  33,   4,   5,   6,  26,  28,  29,  30,  31,  33,
      5,   6,   7,  10,  12,  22,  24,  25,  26,  27,  28,  29,  30,  31,  33,  34,
      4,   5,   6,  26,  28,  30,   1,   8,  15,  42,  45,  46,  47,  57,  63,  57,
     48,  49,  50,  40,  41,  57,  59,  60,  57,  59,  60,  42,  57,  59,  60,  42,
     63,   5,   6,  37,  52,  53,  57,  59,   1,   4,  57,  59,  60,  63,  59,   1,
      4,   8,  12,  15,  17,  20,  24,  25,  29,  31,  33,  51,  57,  58,  59,  60,
     63,  12,  24,  25,  29,  31,  33,  44,  51,  54,  55,  58,  59,  60,  62,   5,
      6,  31,  33,  37,  52,  53,  58,  59,   5,   6,  12,  22,  24,  25,  27,  37,
     51,  52,  54,  55,  56,  61,   5,   6,   5,   6,  37,  52,   5,   6,  12,  22,
     24,  25,  27,  37,  43,  51,  52,  55,  56,  61,   4,   5,   6,  52,   1,   4,
      8,  15,  57,  59,  62,  24,  25,  55,  61,   3,  12,  24,  25,  29,  31,  33,
     51,  54,  58,  59,  62,  58,  10,  37,  52,  10,  12,  22,  24,  25,  27,  39,
     64,  65,
};

static const int8_t notoserif_24_regularKernSparseValues[] = {
     -64,  -16,  -48,  -96,  -64,  -24,  -24,  -32,  -32,  -24,   -8,  -96,  -96,  -40,  -64,  -40,
     -72,  -16,  -72,  -16,  -88,  -72,  -64,  -56,  -48,  -40,  -16,  -72,  -56,  -64,  -40,  -40,
     -24,   -8,  -64,  -56,  -48,  -16,  -48,  -16,  -64,  -56,  -56,  -16,  -16,  -16,  -48,  -24,
     -40,  -56,  -16,  -16,  -16,  -16,  -32,  -24,  -16,  -32,  -16,   -8,  -16,  -24,  -16,  -16,
     -16,  -16,  -16,  -16,  -16,  -16,  -16,  -16,  -24,  -40,  -16,  -16,  -16,  -16,  -16,  -16,
     -16,  -96,  -96,  -32,  -56,  -32,  -32,  -32,  -88,  -16,  -16,  -16,  -16,  -16,  -16,  -16,
     -16,  -16,  -16,  -24,  -24,  -48,  -64,  -56,  -56,  -40,  -40,  -48,  -16,   -8,  -24,  -16,
     -64,   -8,  -16,  -16,  -16,  -16,   -8,  -24,  -24,  -24,   -8,   -8,  -16,  -16,  -16,  -16,
     -16,  -16,  -16,  -16,   -8,  -16,  -16,  -16,  -16,   -8,  -72,  -72,  -24,  -48,  -16,  -24,
     -40,  -40,   -4,  -64,  -16,  -16,   -8,  -16,  -32,  -24,  -88,  -88,  -40,  -64,  -16,  -48,
     -48,  -48,  -32, -104,  -64,  -72,  -72,  -40,  -56,  -16,  -56,  -48,  -48,  -40,  -24, -104,
     -16,   -8,  -24,  -40,   -8,  -64,  -64,  -32,  -56,  -24,  -16,  -48,  -56,  -56,  -48,  -16,
     -72,  -56,  -32,  -16,  -24,  -16,  -16,  -48,  -48,  -56,  -16,  -24,  -16,  -48,  -48,  -48,
      64,   72,   64,   32,   32,  -16,  -16,  -16,   24, -104, -104,  -16,  -48,  -16,  -40,  -56,
     -48,  -56,  -56,  -24,  -72,  -72,  -40,  -24,  -16,  -24,  -16,  -16,  -40,  -40,  -40,  -64,
     -56,  -48,  -16,  -48,  -16,  -64,  -56,  -56,  -16,  -16,  -16,  -40,  -24,  -40,  -56,   16,
      40,   64,   32,   88,   40,   48,   40,   56,   64,   56,   56,   80,   32,   72,    8,   48,
      16,   40,   16,   32,  -16,  -16,   -8,   16,  -32,   16,   16,   16,   16,  -16,  -16,  -16,
      -8,  -16,   -8,  -16,  -16,  -16,  -16,   16,  -16,  -16,   16,   24,   16,   24,   24,   24,
     -16,  -16,   -8,  -48,  -16,  -40,  -40,  -40,  -24,  -48,   -8,  -24,  -16,  -16,  -16,  -24,
      16,   -8,   -8,   16,   24,   24,  -32,   -8,   -8,  -32,   -8,  -32,  -24,  -24,  -40,  -24,
     -44,  -24,    1,  -16,   -8,  -24,  -24,   -8,  -24,  -24,   -8,  -24,  -24,  -24,   -8,   -8,
      -8,  -16,  -16,  -40,  -16,  -16,  -16,  -16,  -24,  -40,  -24,  -24,  -16,  -24,  -24,  -64,
     -56,  -48,  -16,  -48,  -64,  -56,  -16,  -16,  -16,  -24,  -40,  -16,  -48,  -32,  -72,  -32,
     -56,  -16,  -16,  -16,  -16,  -24,  -24,  -16,  -16,  -16,  -16,  -24,  -16,  -16,  -16,  -16,
     -16,   -8,  -16,  -24,  -16,  -16,  -16,  -32,  -80,  -80,  -16,  -48,  -48,  -48,  -32, -104,
     -16,  -80,  -16,  -32,  -24,  -32,  -72,  -72,  -96,  -96,  -64,  -40,  -72,  -72,  -16,  -24,
     -24,  -24,   -8,  -64,  -16,  -16,  -48,  -24,  -24,  -24,   24,  -56,  -56,  -24,  -48,  -56,
     -56,  -56,  -56,  -56,  -24,  -16,  -16,  -16,  -16,   16,  -16,  -16,  -16,  -16,  -24,  -40,
     -16,  -16,  -32,  -16,  -24,  -16,  -56, -112,  -56,  -80,  -16,  -24,  -32,  -32,  -40,    8,
      40,   40,
};

static const EpdLigaturePair notoserif_24_regularLigaturePairs[] = {
    { 0x00660066, 0xFB00 }, // f f -> U+FB00
    { 0x00660069, 0xFB01 }, // f i -> U+FB01
    { 0x0066006C, 0xFB02 }, // f l -> U+FB02
    { 0xFB000069, 0xFB03 }, // U+FB00 i -> U+FB03
    { 0xFB00006C, 0xFB04 }, // U+FB00 l -> U+FB04
};

static const EpdFontData notoserif_24_regular = {
    notoserif_24_regularBitmaps,
    notoserif_24_regularGlyphs,
    notoserif_24_regularIntervals,
    18,
    68,
    54,
    -15,
    true,
    notoserif_24_regularGroups,
    14,
    nullptr,
    nullptr,  // kernLeftClasses: built-in fonts use the split arrays below
    nullptr,  // kernRightClasses
    notoserif_24_regularKernLeftCodepoints,
    notoserif_24_regularKernLeftClassIds,
    notoserif_24_regularKernRightCodepoints,
    notoserif_24_regularKernRightClassIds,
    nullptr,  // kernMatrix: built-in fonts use the sparse form below
    notoserif_24_regularKernRowOffsets,
    notoserif_24_regularKernSparseCols,
    notoserif_24_regularKernSparseValues,
    381,
    449,
    70,
    66,
    notoserif_24_regularLigaturePairs,
    5,
};
