/**
 * generated by fontconvert.py
 * name: notosans_24_bold
 * size: 24
 * mode: 2-bit  compressed: true
 * Command used: fontconvert.py notosans_24_bold 24 ../builtinFonts/source/NotoSans/NotoSans-Bold.ttf --2bit --compress --pnum --zopfli
 */
#pragma once
#include "EpdFontData.h"

static const uint8_t notosans_24_boldBitmaps[59404] = {
    0xDD, 0x7C, 0x31, 0xB0, 0xE5, 0x48, 0x75, 0x76, 0xEB, 0xDE, 0x7F, 0x9F, 0xFE, 0xE2, 0x96, 0x4B,
    0x24, 0xE3, 0x80, 0x09, 0x44, 0xBC, 0x04, 0xCA, 0x23, 0x89, 0xA2, 0xCA, 0x09, 0x81, 0x5F, 0xC0,
    0x5D, 0xCA, 0x10, 0x6C, 0xBE, 0x1B, 0x4C, 0x9E, 0x58, 0xC2, 0x04, 0x0E, 0x08, 0x78, 0xAE, 0x32,
    0x89, 0x1D, 0x78, 0x02, 0x5C, 0xB5, 0x5C, 0x82, 0x49, 0x08, 0x31, 0x92, 0x21, 0x20, 0x20, 0xE0,
    0x62, 0x07, 0x0E, 0x1C, 0x20, 0x8A, 0xC1, 0xD4, 0x6E, 0x82, 0x60, 0x45, 0xA1, 0xD9, 0x95, 0xF4,
    0x59, 0xDF, 0xF9, 0xBA, 0x6B, 0x24, 0xDE, 0xBC, 0x37, 0xCF, 0xCC, 0xB0, 0xC3, 0xA2, 0x79, 0xF7,
    0x7C, 0x47, 0x57, 0xA7, 0xBB, 0x4F, 0x9F, 0x3E, 0xDD, 0x7D, 0xD4, 0xDD, 0x77, 0x5E, 0x3F, 0x55,
    0x39, 0x9A, 0x67, 0xFE, 0x65, 0xFE, 0xAF, 0xD2, 0x5F, 0xEA, 0xFF, 0x0A, 0xFD, 0x25, 0xFE, 0xCF,
    0xE9, 0xEF, 0xB5, 0xA3, 0x0B, 0x97, 0x8B, 0xBE, 0xE9, 0x16, 0x01, 0xCB, 0xE4, 0x5C, 0xE2, 0x9C,
    0xF3, 0xAF, 0x49, 0x51, 0x2C, 0xDF, 0x9F, 0xDE, 0xD9, 0x9D, 0x1E, 0x62, 0xDC, 0xA3, 0x23, 0x69,
    0xEB, 0x0D, 0x39, 0x97, 0x46, 0x86, 0x9D, 0x48, 0x93, 0x1B, 0xE9, 0x8D, 0x44, 0x9E, 0x38, 0x5D,
    0xBB, 0x93, 0x7B, 0xFD, 0xE1, 0x82, 0x31, 0x5C, 0xDE, 0x2D, 0x78, 0x98, 0x5D, 0x49, 0x4C, 0x66,
    0x57, 0xB7, 0xC4, 0xC9, 0xE1, 0x4C, 0x1C, 0x85, 0xE9, 0x82, 0x4C, 0x9B, 0x8D, 0xCA, 0x83, 0x59,
    0x57, 0xC4, 0x7E, 0x8F, 0xC2, 0x7D, 0xE2, 0x54, 0xCF, 0xDF, 0xC6, 0x7B, 0x0F, 0x13, 0xD8, 0xD5,
    0xDD, 0x84, 0xAF, 0x1D, 0xF1, 0x8B, 0x37, 0xE7, 0xE3, 0xA5, 0x73, 0x68, 0x92, 0x91, 0x35, 0x45,
    0x93, 0x12, 0x97, 0xCC, 0x32, 0xE2, 0x92, 0x59, 0x36, 0x08, 0xF3, 0xDE, 0x39, 0xE8, 0xAA, 0x9E,
    0x87, 0xA6, 0x9E, 0xD4, 0x8C, 0xBC, 0x9A, 0x3B, 0xE1, 0x5A, 0x4D, 0x62, 0x27, 0x2C, 0xBB, 0x18,
    0x6E, 0x85, 0x75, 0x7B, 0x98, 0x89, 0x38, 0x27, 0x86, 0x2E, 0xEE, 0x9E, 0x05, 0x3D, 0xE9, 0x05,
    0x30, 0x17, 0x4B, 0x12, 0x00, 0x4F, 0xDC, 0x1E, 0xBC, 0x5C, 0x42, 0x3A, 0xB9, 0x9C, 0x30, 0xBA,
    0x92, 0x30, 0xB8, 0x1A, 0x7F, 0xDF, 0xDD, 0xEF, 0x1D, 0xE6, 0x25, 0xF9, 0x27, 0x05, 0xAC, 0x12,
    0x81, 0xCF, 0x08, 0x25, 0x3E, 0x24, 0xE4, 0x00, 0x21, 0x61, 0x1E, 0x6C, 0x13, 0xA0, 0x35, 0x51,
    0x50, 0x99, 0x14, 0x60, 0xDD, 0x22, 0xE6, 0xC9, 0x96, 0x7A, 0x2A, 0x44, 0x78, 0x1F, 0x28, 0xA8,
    0x60, 0x8D, 0x8A, 0x90, 0xA3, 0x2A, 0x16, 0xC8, 0x50, 0x0D, 0x76, 0x57, 0xE0, 0x71, 0xFC, 0x6B,
    0xC0, 0x5B, 0x52, 0x30, 0x09, 0x7A, 0x02, 0xB3, 0x4E, 0x7D, 0x41, 0x5F, 0xC6, 0x7C, 0x15, 0x6A,
    0x7B, 0x3B, 0xAC, 0xAE, 0xCC, 0xEC, 0x79, 0x7A, 0x68, 0x0A, 0x76, 0xA4, 0x2D, 0x9B, 0x0F, 0x23,
    0x69, 0x63, 0x75, 0x9A, 0xA9, 0x6D, 0xC5, 0x8A, 0xD4, 0x8B, 0x70, 0x02, 0xA6, 0x9A, 0xF8, 0x4D,
    0xCA, 0x8A, 0xE4, 0x23, 0xE5, 0xF2, 0x51, 0x4E, 0xB5, 0xB0, 0x35, 0xAD, 0x6C, 0x4E, 0xEC, 0xD0,
    0x91, 0xED, 0x23, 0x9C, 0xF9, 0xC0, 0xB3, 0x96, 0x97, 0x58, 0xCB, 0x4B, 0x6C, 0x3A, 0xBB, 0x90,
    0xCC, 0xF2, 0x52, 0x66, 0x65, 0x7F, 0x81, 0x4A, 0x45, 0xA0, 0xCB, 0x30, 0x58, 0xC1, 0x7F, 0x87,
    0x33, 0x6D, 0x91, 0xE2, 0x11, 0x3E, 0x87, 0xEF, 0xD3, 0x7F, 0x0E, 0x00, 0x0E, 0xCB, 0x0D, 0xD0,
    0x50, 0xF5, 0x74, 0x3E, 0x2C, 0x42, 0xAD, 0x03, 0xBA, 0x7C, 0x4C, 0x40, 0x35, 0x52, 0x54, 0xE5,
    0xB0, 0xB0, 0xB5, 0xD5, 0x1F, 0x5D, 0x32, 0xBB, 0x92, 0x7A, 0xAA, 0xE4, 0x52, 0x3E, 0xDB, 0x04,
    0xF6, 0x80, 0xC2, 0xB3, 0xAC, 0xAE, 0x58, 0x56, 0xDA, 0xD8, 0xDE, 0x94, 0xB3, 0x9E, 0x46, 0x16,
    0x1D, 0x65, 0xBC, 0xE9, 0x98, 0x92, 0x2C, 0x4D, 0x12, 0xE3, 0xBF, 0x68, 0xCB, 0x18, 0x05, 0xED,
    0x29, 0x5B, 0xCA, 0x2B, 0x0A, 0xE6, 0xC5, 0xDA, 0xD2, 0xB4, 0x32, 0xDD, 0x01, 0xCC, 0x4B, 0xD7,
    0x51, 0xE0, 0xAF, 0x07, 0x78, 0x6C, 0x18, 0x5B, 0x42, 0xAA, 0x21, 0x7F, 0x92, 0x07, 0x5B, 0xAA,
    0x05, 0xA1, 0x5E, 0x88, 0x6F, 0x43, 0xDD, 0x70, 0x70, 0x98, 0x8C, 0xE9, 0x5C, 0x1D, 0x98, 0x72,
    0xF3, 0xCD, 0x8E, 0x0E, 0xA4, 0x3E, 0x3C, 0x52, 0x9E, 0xF9, 0xCC, 0x29, 0x3A, 0x32, 0x65, 0x28,
    0x22, 0x0F, 0x85, 0xCA, 0xB5, 0xC5, 0xB4, 0x44, 0xCA, 0x54, 0xCB, 0x5D, 0xB7, 0x33, 0xD9, 0x04,
    0xED, 0xC1, 0xD4, 0xC9, 0x38, 0xD2, 0x51, 0xD8, 0x86, 0xBF, 0xC5, 0x75, 0xAB, 0x12, 0x45, 0x89,
    0xA6, 0x44, 0x0B, 0xB8, 0x9A, 0x43, 0xE7, 0x13, 0xCC, 0x0E, 0xB0, 0x0A, 0x8D, 0x64, 0x22, 0xEF,
    0xCC, 0x96, 0x67, 0x67, 0x4C, 0x4A, 0x7B, 0xF1, 0x13, 0xB3, 0xFC, 0xDA, 0xF2, 0xA5, 0x97, 0xF9,
    0x71, 0x88, 0x77, 0xAA, 0x74, 0x22, 0x06, 0x6E, 0x47, 0x3A, 0x51, 0xC8, 0x94, 0x2F, 0xD1, 0x31,
    0xED, 0x13, 0x97, 0xB2, 0x8E, 0x7E, 0x70, 0x3E, 0xBD, 0x83, 0x11, 0x63, 0x6D, 0xFF, 0xCA, 0xB1,
    0x1C, 0xCA, 0x21, 0x1F, 0xF2, 0x9E, 0xFF, 0x6C, 0x44, 0xAD, 0xDC, 0x81, 0x4E, 0x0D, 0xE7, 0xF2,
    0xA5, 0xAE, 0xF5, 0x92, 0x0E, 0xBD, 0xDB, 0xA1, 0x73, 0x7B, 0x9C, 0x97, 0x47, 0x8D, 0x4B, 0xAC,
    0xC6, 0x85, 0xCB, 0x28, 0xC2, 0xCF, 0xEC, 0xCC, 0xA8, 0xE5, 0x28, 0x71, 0x4B, 0x32, 0x3C, 0xE7,
    0xB3, 0x92, 0x65, 0x3A, 0x16, 0xC5, 0x7C, 0x98, 0x27, 0x8B, 0x66, 0x19, 0x2C, 0x8B, 0x65, 0xEE,
    0xD1, 0xBA, 0x88, 0x2D, 0x52, 0x0F, 0x72, 0x13, 0x09, 0x14, 0x74, 0xAF, 0xD7, 0xDF, 0x59, 0xD2,
    0xCC, 0xBA, 0x8D, 0x29, 0x2F, 0x59, 0x15, 0xA2, 0x8C, 0xD7, 0x99, 0xB2, 0xDF, 0x36, 0xCC, 0x58,
    0xC2, 0xCA, 0x9C, 0x1F, 0x56, 0xF0, 0xD6, 0x4F, 0x90, 0x63, 0x9A, 0x98, 0x1F, 0xE5, 0x63, 0x8A,
    0xA6, 0x32, 0x86, 0x0C, 0x31, 0x5A, 0xE5, 0x22, 0xF4, 0x14, 0xA7, 0x98, 0x15, 0x9B, 0xCE, 0x52,
    0xDD, 0xB4, 0x5D, 0x41, 0x3A, 0xAD, 0x21, 0xF1, 0x40, 0xC1, 0x4F, 0x12, 0x22, 0x97, 0x5F, 0x25,
    0x63, 0x54, 0xBB, 0x1C, 0x5F, 0x1F, 0x4B, 0xA8, 0xE5, 0x03, 0x14, 0xA5, 0xE0, 0x6D, 0x52, 0x8D,
    0xE5, 0x0D, 0x93, 0xCB, 0x69, 0xF7, 0x1A, 0x8C, 0x0F, 0xA0, 0x46, 0x4B, 0xF9, 0x56, 0x60, 0x3E,
    0x51, 0x19, 0x87, 0x91, 0xAA, 0x47, 0xE8, 0xF7, 0x14, 0xCD, 0xBA, 0x1D, 0x9F, 0xED, 0xCE, 0x4E,
    0x2E, 0xAD, 0x2B, 0x1D, 0x5F, 0x00, 0x8E, 0xC7, 0x07, 0xD3, 0xF1, 0xE8, 0x20, 0x05, 0x6F, 0x83,
    0x17, 0x28, 0x48, 0xF0, 0xDA, 0x17, 0xD4, 0x9D, 0x97, 0xBF, 0x98, 0xBD, 0xEF, 0x7C, 0x40, 0x93,
    0xA0, 0x4A, 0xD8, 0xC5, 0x68, 0xE5, 0x7C, 0xB4, 0xBF, 0xDE, 0xDD, 0xBB, 0x74, 0x6F, 0x9D, 0x4E,
    0x57, 0x35, 0xD0, 0xFE, 0xFE, 0x87, 0xDF, 0x47, 0xEF, 0xDC, 0x14, 0xAD, 0x3C, 0x9D, 0x1F, 0x72,
    0x0D, 0xD4, 0x33, 0x69, 0xCD, 0xE2, 0xC3, 0xD0, 0x61, 0x3D, 0xC7, 0xEC, 0xBD, 0x37, 0x1A, 0x2B,
    0xEA, 0x40, 0x63, 0xB4, 0xBA, 0x5B, 0x06, 0x4C, 0x4A, 0xDA, 0xB2, 0xD9, 0x5E, 0x66, 0x06, 0xA9,
    0x32, 0x60, 0xD2, 0x90, 0xC1, 0x44, 0x7A, 0x8F, 0xA6, 0x7B, 0x7A, 0xD5, 0x4C, 0xA2, 0x89, 0x99,
    0x72, 0x60, 0x2A, 0x00, 0xEC, 0x1C, 0x04, 0x3A, 0xB4, 0x0D, 0x36, 0x07, 0x4C, 0x7B, 0xCC, 0x2E,
    0xD1, 0x20, 0x95, 0x2E, 0xA9, 0x4A, 0x14, 0x99, 0x8D, 0x4B, 0x15, 0x61, 0xF9, 0xE4, 0xEC, 0x15,
    0x84, 0x22, 0x40, 0x42, 0xAB, 0x7A, 0xA0, 0x5E, 0xED, 0x5D, 0x40, 0x09, 0x72, 0x04, 0x60, 0x61,
    0xCA, 0x9A, 0xF1, 0xA8, 0x06, 0x59, 0x16, 0xDB, 0x2C, 0x8F, 0x59, 0x3A, 0x55, 0xAA, 0x39, 0xA4,
    0x0E, 0x3B, 0x80, 0xEA, 0x3E, 0xC2, 0xE4, 0x22, 0x69, 0x6D, 0xF3, 0x44, 0xA7, 0x8A, 0x9D, 0xAD,
    0x9A, 0x50, 0xA5, 0x7B, 0x82, 0x86, 0x46, 0x45, 0x00, 0x31, 0xBF, 0xCA, 0x48, 0x58, 0xE9, 0x98,
    0x24, 0x25, 0xA9, 0xC1, 0x0E, 0xB3, 0x90, 0x14, 0x1F, 0xA2, 0xCF, 0xF1, 0x73, 0xF4, 0x19, 0xBE,
    0x8A, 0xFE, 0x30, 0xED, 0x97, 0x07, 0xDD, 0x42, 0x5C, 0x45, 0xE2, 0x8C, 0xC4, 0x1F, 0x15, 0xD1,
    0x15, 0xD5, 0x36, 0x41, 0xA6, 0xD6, 0xA7, 0x22, 0x35, 0xDB, 0x81, 0x30, 0x68, 0xB4, 0x98, 0x08,
    0x8A, 0xF1, 0xFA, 0xD8, 0x8C, 0xC3, 0xBA, 0x57, 0xD1, 0x92, 0x01, 0x2D, 0x5A, 0x08, 0xDC, 0x75,
    0x28, 0x64, 0x25, 0xA7, 0x99, 0x91, 0x74, 0x87, 0x91, 0x70, 0xC0, 0x40, 0x08, 0x73, 0x65, 0x18,
    0x7B, 0x28, 0xBF, 0x37, 0x17, 0x62, 0x51, 0xCA, 0xE3, 0x7C, 0xE3, 0xA3, 0x90, 0x8A, 0x74, 0x8F,
    0x51, 0x8F, 0x7E, 0x7B, 0x3C, 0x1E, 0x0B, 0xA9, 0xDB, 0x96, 0xCF, 0x87, 0x60, 0x82, 0x0B, 0x98,
    0x09, 0x6A, 0x9A, 0x40, 0x75, 0xEF, 0x42, 0x28, 0x9B, 0x10, 0x66, 0x7D, 0xC9, 0xBA, 0x17, 0x3B,
    0xCA, 0xF4, 0x14, 0xDE, 0xD6, 0xBD, 0xD8, 0x80, 0xBA, 0xC5, 0xD3, 0x4A, 0x47, 0xC7, 0x07, 0xE8,
    0xE4, 0x3B, 0x15, 0x21, 0x44, 0xB2, 0x8F, 0x05, 0xF2, 0x2B, 0xFB, 0xF6, 0xE2, 0x54, 0x03, 0x4A,
    0x17, 0xB2, 0x6E, 0x08, 0x99, 0x6C, 0x91, 0xA2, 0xBD, 0x06, 0xB4, 0xD3, 0xA7, 0x65, 0xC9, 0xBC,
    0x60, 0xBA, 0x26, 0x07, 0x73, 0xF1, 0x96, 0xF0, 0x55, 0x11, 0x74, 0x82, 0x8A, 0xCD, 0x6E, 0xA5,
    0x47, 0xC7, 0xD0, 0x97, 0x4F, 0xDF, 0x22, 0x8D, 0x64, 0xE6, 0xBD, 0xE0, 0x20, 0x48, 0x05, 0xB9,
    0xA0, 0x36, 0x88, 0x60, 0xB0, 0x17, 0x24, 0x82, 0x74, 0x32, 0xC8, 0x47, 0x03, 0x74, 0x84, 0x08,
    0x2D, 0x61, 0x8F, 0x86, 0x90, 0xA0, 0x20, 0x64, 0xB3, 0x23, 0xE4, 0xA3, 0x01, 0x7A, 0xC2, 0x0E,
    0xED, 0x02, 0x14, 0x5C, 0x80, 0x82, 0x84, 0x0C, 0xC7, 0x23, 0xE6, 0x2F, 0xA8, 0x2A, 0xB8, 0x0D,
    0x5E, 0x3F, 0x9D, 0x4E, 0x00, 0x2B, 0xC1, 0x74, 0x77, 0x87, 0xDD, 0x92, 0x6E, 0xE9, 0xBD, 0xB1,
    0xCC, 0xE3, 0xE1, 0xF0, 0x2C, 0x48, 0x04, 0x1A, 0x1B, 0x6F, 0x82, 0x6A, 0x05, 0x29, 0xFE, 0xE9,
    0x83, 0x82, 0x00, 0x0C, 0x02, 0x0E, 0x3E, 0x84, 0x56, 0xD0, 0xEB, 0xCB, 0xD1, 0xED, 0xDE, 0x8D,
    0x1E, 0x60, 0x96, 0xE5, 0x21, 0xCD, 0x04, 0xB5, 0x5C, 0xAA, 0x14, 0xE4, 0x9B, 0x3B, 0x82, 0x24,
    0x2F, 0xCD, 0x5F, 0xDC, 0xDF, 0xD2, 0x7D, 0x67, 0x57, 0xE2, 0xB4, 0x7A, 0x0D, 0x33, 0x68, 0x05,
    0x95, 0x35, 0xFF, 0x64, 0x2E, 0x8F, 0x2B, 0xB6, 0xE2, 0xDF, 0x5C, 0x6E, 0xA3, 0x65, 0xB3, 0xCB,
    0x7D, 0x18, 0xD4, 0x06, 0x31, 0x0C, 0x52, 0x41, 0x2E, 0x90, 0xF3, 0xEC, 0x82, 0xCA, 0x3D, 0x21,
    0x46, 0x7B, 0xDD, 0x12, 0x69, 0x08, 0xBA, 0x23, 0xCA, 0xE6, 0xB0, 0xF8, 0x37, 0x9F, 0x73, 0xF3,
    0xC8, 0x99, 0x9D, 0x6B, 0x15, 0x94, 0x7C, 0x1B, 0x68, 0x4A, 0xAA, 0x4C, 0x38, 0x73, 0xD0, 0x2E,
    0x51, 0x85, 0x01, 0xFD, 0x80, 0x8E, 0x1D, 0x2B, 0x5E, 0x81, 0x7D, 0x99, 0x59, 0xC4, 0xD7, 0xA6,
    0x68, 0x28, 0x99, 0xD0, 0xB4, 0x9C, 0xCB, 0x07, 0x46, 0x35, 0x7B, 0xE6, 0xC9, 0x4E, 0xCB, 0x4B,
    0x3D, 0x7C, 0xD4, 0x1B, 0x40, 0xAF, 0x8A, 0x35, 0xC1, 0x9F, 0xD9, 0x13, 0x0A, 0xC7, 0x89, 0x9E,
    0xDE, 0xA0, 0x01, 0xA2, 0xBB, 0x0D, 0x28, 0xF9, 0x68, 0x53, 0x63, 0x2A, 0xB2, 0xEA, 0xFD, 0x02,
    0x4C, 0x61, 0x10, 0x58, 0x1B, 0xAA, 0x53, 0x32, 0xDF, 0x89, 0x9B, 0x30, 0x6E, 0xAA, 0x4D, 0x6F,
    0x4E, 0x3D, 0x10, 0x0E, 0xCF, 0x4E, 0x4D, 0x58, 0x79, 0x04, 0x2B, 0xF4, 0xDC, 0xD4, 0xB4, 0xD4,
    0x2A, 0xF5, 0x76, 0x46, 0xC8, 0x14, 0x65, 0xC9, 0xE7, 0xC3, 0x0C, 0x4E, 0x60, 0xDF, 0x9C, 0xBF,
    0x0C, 0xD8, 0xF0, 0xB3, 0x80, 0x66, 0xF0, 0x82, 0xD5, 0x27, 0x08, 0x34, 0xBF, 0x72, 0xFA, 0x65,
    0x5D, 0x0E, 0xE8, 0x77, 0xD6, 0xB5, 0xF1, 0x26, 0x86, 0x30, 0xCB, 0x98, 0x4B, 0x56, 0xEB, 0xD7,
    0xFE, 0x21, 0x14, 0xEB, 0x45, 0xF8, 0x5D, 0x8D, 0x61, 0x91, 0x18, 0xE8, 0xD7, 0x9C, 0x0F, 0x6C,
    0x58, 0x2B, 0xA8, 0xB1, 0xE6, 0xFA, 0xA6, 0x9E, 0x09, 0xE7, 0x7A, 0xB2, 0xD0, 0x25, 0xDC, 0x81,
    0x40, 0xEF, 0xD1, 0x7B, 0x54, 0x1F, 0x81, 0x21, 0x06, 0xAF, 0x30, 0xA4, 0xEF, 0x09, 0x83, 0x7C,
    0x42, 0xC3, 0xEF, 0x13, 0x0B, 0x6D, 0x8E, 0x5B, 0x4B, 0xD0, 0x9E, 0x29, 0x05, 0x25, 0xC9, 0xF1,
    0x95, 0x09, 0x64, 0x89, 0x5E, 0x99, 0x8D, 0x9C, 0xF4, 0x63, 0xCC, 0x66, 0x47, 0x80, 0xAD, 0x40,
    0x13, 0xD4, 0x30, 0x9F, 0xA0, 0x4A, 0x69, 0xD0, 0x53, 0xB0, 0xD6, 0x93, 0x5E, 0xAE, 0x04, 0x67,
    0x4B, 0x4E, 0x78, 0x72, 0x7F, 0x81, 0x14, 0x56, 0x52, 0x22, 0xA0, 0xBA, 0xFF, 0x6D, 0xCF, 0xF1,
    0x35, 0x0B, 0x95, 0x26, 0x7A, 0x5D, 0xF4, 0x56, 0xB1, 0xE9, 0x67, 0xC1, 0xF9, 0xCA, 0x39, 0xB8,
    0x4F, 0x98, 0x1E, 0x15, 0x98, 0xEC, 0xBF, 0xF1, 0xB6, 0xCC, 0x4A, 0xD7, 0x17, 0x38, 0x83, 0x41,
    0x50, 0x19, 0x0C, 0xAC, 0xFA, 0x1B, 0x36, 0x2F, 0xEC, 0x86, 0x6D, 0x70, 0x4B, 0xA6, 0x49, 0xC0,
    0x25, 0xBA, 0xE7, 0x5E, 0xB7, 0x05, 0xC6, 0xDF, 0x2B, 0x62, 0xF6, 0xD5, 0x2E, 0x41, 0xAF, 0xBF,
    0x03, 0x3A, 0x0E, 0xFC, 0xF7, 0xDC, 0x1D, 0xAF, 0x75, 0xE0, 0x9E, 0xDC, 0x1C, 0xB8, 0xAF, 0xAF,
    0xB8, 0x30, 0x28, 0x0D, 0xE2, 0xF5, 0x10, 0x1A, 0xC3, 0xA0, 0x24, 0xF0, 0xA6, 0xBF, 0x7E, 0x33,
    0xEB, 0xA6, 0xD5, 0x8D, 0x3A, 0x59, 0x2B, 0x28, 0x04, 0x83, 0xF2, 0xC3, 0x95, 0x32, 0x9C, 0x34,
    0x9C, 0x52, 0x88, 0x3E, 0xB3, 0x76, 0xA4, 0xC8, 0xDF, 0x1E, 0x04, 0xAE, 0x16, 0xC4, 0x02, 0x57,
    0x0A, 0x76, 0x02, 0x77, 0x97, 0x97, 0xA1, 0xA3, 0x5D, 0xCF, 0xB6, 0x94, 0x86, 0xB4, 0x5B, 0x73,
    0xA9, 0x05, 0x3E, 0x41, 0x2B, 0x98, 0x05, 0x68, 0x05, 0xB3, 0x40, 0xB7, 0xB5, 0x6E, 0x0F, 0xCF,
    0xBC, 0x0D, 0x06, 0x8A, 0xB7, 0xB7, 0x17, 0x9B, 0xDA, 0xDE, 0x07, 0x21, 0x82, 0x3D, 0xCB, 0x4C,
    0x32, 0xD6, 0x4D, 0x6D, 0xFD, 0x31, 0x55, 0x7F, 0xA4, 0x4F, 0x1A, 0xF4, 0x6B, 0x5B, 0xB7, 0x6B,
    0x05, 0x69, 0xEF, 0xED, 0xA5, 0xEC, 0x2B, 0x96, 0x18, 0xA6, 0xC1, 0xC2, 0x68, 0xA3, 0x18, 0x28,
    0x25, 0xED, 0x13, 0x2E, 0x6E, 0x0C, 0x71, 0xE5, 0x47, 0xC6, 0x08, 0xE3, 0x8A, 0x0E, 0x7E, 0xB4,
    0x0E, 0x03, 0x66, 0x66, 0x65, 0x02, 0x8D, 0xA9, 0xC9, 0x2F, 0x4C, 0xB0, 0xF4, 0x5F, 0x17, 0x21,
    0x65, 0x78, 0x97, 0x3B, 0x1B, 0x6D, 0x44, 0x35, 0xB9, 0xDC, 0xD0, 0x3A, 0xC5, 0xEA, 0xCD, 0x8B,
    0xE5, 0x25, 0x18, 0x36, 0x54, 0xDF, 0x4B, 0x86, 0xF2, 0x61, 0xA2, 0xC6, 0xBB, 0x04, 0x19, 0x8F,
    0xE3, 0xB5, 0xDC, 0x6C, 0xBD, 0xC8, 0x15, 0x1C, 0x14, 0x0A, 0x07, 0x98, 0xC5, 0x5C, 0x50, 0x28,
    0x8C, 0xFF, 0x9A, 0x3C, 0x72, 0xB8, 0x90, 0xBD, 0x7C, 0xD8, 0xA1, 0xB7, 0xA5, 0x90, 0x8B, 0xD3,
    0x3F, 0xB2, 0x23, 0xB1, 0x02, 0x7C, 0xD7, 0x4D, 0x39, 0xFC, 0x17, 0x07, 0xC0, 0x56, 0xFF, 0x12,
    0x58, 0x19, 0xDD, 0x01, 0x5C, 0x83, 0xA8, 0xC9, 0xC6, 0xE0, 0xF2, 0x38, 0x27, 0xDE, 0x8E, 0xEB,
    0xD7, 0x03, 0xB3, 0x14, 0xDB, 0x33, 0x0F, 0xB2, 0x55, 0xD9, 0xD1, 0xCB, 0xC5, 0x32, 0xAD, 0x03,
    0xD9, 0xBA, 0x4B, 0x3C, 0x5B, 0x78, 0xB6, 0xDD, 0xB0, 0xAE, 0xA6, 0x6C, 0x84, 0x36, 0xF6, 0xEC,
    0x0E, 0x5C, 0xB0, 0x66, 0x66, 0x55, 0x8C, 0x2E, 0x1D, 0x17, 0x76, 0xCF, 0x10, 0xA0, 0x2F, 0xD9,
    0xF1, 0x23, 0xD8, 0xD5, 0x51, 0xFB, 0x05, 0x7F, 0x4C, 0x87, 0xCA, 0x2C, 0x00, 0xDE, 0x43, 0x2B,
    0xB0, 0x31, 0xB5, 0x1C, 0xB5, 0xB0, 0x73, 0xAF, 0x70, 0xAF, 0x15, 0xA1, 0xCD, 0x64, 0x47, 0x79,
    0xDB, 0xCA, 0xEF, 0x3F, 0x41, 0x92, 0xD3, 0xCC, 0x17, 0x76, 0x9F, 0x00, 0x1F, 0x3C, 0x02, 0x59,
    0x19, 0x5D, 0xAC, 0x5C, 0x4D, 0x2C, 0x7D, 0x8F, 0xF2, 0xBC, 0xFE, 0x12, 0x08, 0xC3, 0x65, 0x8D,
    0xCE, 0x50, 0x1E, 0xAD, 0xB1, 0x60, 0x54, 0xA1, 0x62, 0x42, 0x44, 0x1D, 0x96, 0xB8, 0xD5, 0xAF,
    0x7E, 0x25, 0x26, 0xC1, 0x4F, 0xC3, 0x68, 0xFF, 0xF5, 0x10, 0x73, 0x7C, 0x5E, 0x4C, 0x8E, 0x38,
    0xF4, 0xB6, 0xBD, 0xCA, 0xC0, 0x4C, 0x07, 0x26, 0x33, 0xED, 0x82, 0x87, 0x47, 0xDB, 0xE5, 0x4D,
    0x0A, 0xD4, 0xB3, 0x77, 0xF2, 0x32, 0xF8, 0x45, 0x8E, 0x82, 0xCC, 0xD9, 0x26, 0x76, 0x92, 0xE0,
    0x27, 0x9A, 0xF9, 0x54, 0x4B, 0x96, 0x51, 0x07, 0xC6, 0x50, 0x13, 0xBB, 0x0F, 0x67, 0x3D, 0x43,
    0x97, 0x63, 0x58, 0x3E, 0x9B, 0xC5, 0x29, 0xE8, 0xBD, 0x19, 0xDC, 0xFA, 0xD1, 0x0E, 0x40, 0xA5,
    0xB7, 0x18, 0xCD, 0x13, 0x64, 0x34, 0x11, 0xB2, 0x92, 0x2D, 0x27, 0x70, 0xEA, 0xD2, 0x01, 0x85,
    0x31, 0x3D, 0xC7, 0xB2, 0x4B, 0x5F, 0x62, 0x21, 0xE8, 0x05, 0xB3, 0x00, 0x95, 0xA0, 0x01, 0x8E,
    0x5F, 0x04, 0xCE, 0x00, 0xB3, 0x6C, 0x09, 0x29, 0x3A, 0x42, 0xB2, 0x05, 0x3D, 0xCB, 0x24, 0x59,
    0x5A, 0x3A, 0x06, 0x37, 0xAA, 0x80, 0xE0, 0x2C, 0xA8, 0x36, 0x5F, 0x72, 0xF4, 0x3C, 0xBE, 0x01,
    0xA5, 0xCB, 0x42, 0x66, 0x3D, 0x21, 0xC6, 0x40, 0xD8, 0x6F, 0x20, 0x16, 0x24, 0x82, 0xD4, 0x24,
    0xA3, 0x9A, 0xE9, 0x78, 0xB5, 0x82, 0x46, 0x70, 0xBD, 0x74, 0xF9, 0x92, 0x2E, 0x8D, 0xB8, 0x9A,
    0x50, 0x34, 0x4C, 0x4A, 0x1F, 0xF3, 0x18, 0x65, 0x2E, 0x3F, 0x2C, 0x89, 0x23, 0x1F, 0x4F, 0xC5,
    0x03, 0xB6, 0x0A, 0x0D, 0xFC, 0x1D, 0xB7, 0x0F, 0x7E, 0xC5, 0x67, 0x32, 0x2B, 0x81, 0xF6, 0x21,
    0x68, 0xB0, 0x53, 0x93, 0xDC, 0x80, 0xD5, 0x2D, 0x78, 0x5B, 0xBA, 0x73, 0xC8, 0x7F, 0x53, 0x9E,
    0x86, 0x39, 0xBD, 0x6D, 0xAA, 0x07, 0x30, 0xA3, 0xFF, 0x4F, 0x7D, 0x7B, 0x77, 0x61, 0xFA, 0xAB,
    0x1E, 0xB9, 0xC7, 0xD4, 0xE3, 0x5E, 0x48, 0x73, 0x08, 0x63, 0x68, 0xFE, 0x75, 0xAF, 0x71, 0xBC,
    0x5D, 0x5C, 0xE5, 0x5B, 0xB4, 0x92, 0xAC, 0x21, 0x44, 0xEF, 0x71, 0xF6, 0x88, 0xC6, 0x63, 0xB7,
    0xE0, 0xE9, 0x11, 0xDD, 0x58, 0x8E, 0x30, 0x19, 0x1E, 0x00, 0xC3, 0xC8, 0xDA, 0x5B, 0x73, 0x80,
    0x61, 0x1E, 0x50, 0x0E, 0xC0, 0x4A, 0x19, 0xA6, 0x44, 0x39, 0xED, 0x9D, 0x30, 0x15, 0x86, 0x74,
    0x74, 0xC4, 0x4D, 0xBE, 0xF4, 0x48, 0x95, 0x5B, 0x11, 0x77, 0xC0, 0x46, 0xAF, 0x92, 0x5E, 0x42,
    0x8F, 0x0D, 0xDD, 0x00, 0xAD, 0xC7, 0x4A, 0x38, 0x39, 0x61, 0xB7, 0xB1, 0xC3, 0x7C, 0x19, 0x22,
    0x83, 0xAA, 0x36, 0x23, 0xDC, 0x4C, 0x25, 0x43, 0xA3, 0xDE, 0x89, 0x52, 0x5E, 0x23, 0xC3, 0x2D,
    0x54, 0x32, 0x92, 0xBF, 0x3B, 0xE5, 0xEA, 0xCE, 0xED, 0xDA, 0x8A, 0xDE, 0xB9, 0x5E, 0xC5, 0x1F,
    0xA4, 0xC3, 0xED, 0xB5, 0x13, 0x95, 0xFC, 0x4B, 0xA6, 0xAB, 0xEB, 0x33, 0x9A, 0x52, 0x62, 0xC8,
    0xE1, 0x4B, 0xB5, 0xF0, 0xCE, 0x3B, 0x40, 0x62, 0x18, 0xF6, 0x7B, 0x2A, 0xAA, 0x74, 0x79, 0x81,
    0x42, 0x3B, 0x94, 0x07, 0xF5, 0x2F, 0x4B, 0x3D, 0xFB, 0xFE, 0x37, 0x0A, 0xF9, 0x58, 0xAE, 0x48,
    0xA0, 0x2B, 0xDE, 0xD8, 0x9F, 0x59, 0x5E, 0x8E, 0xEA, 0x06, 0x6C, 0xAE, 0xE1, 0xBD, 0x2F, 0xA2,
    0x63, 0x7E, 0x0C, 0xDC, 0x99, 0x3F, 0x91, 0xE5, 0x09, 0x07, 0xC3, 0x18, 0x93, 0x21, 0x67, 0x69,
    0x62, 0xA4, 0x65, 0xD4, 0xCE, 0x21, 0xCC, 0xE7, 0x1E, 0x13, 0x8F, 0x7B, 0x8F, 0xAA, 0x7F, 0xAB,
    0x59, 0xF7, 0x5D, 0xF5, 0xFF, 0x4B, 0xFA, 0x37, 0xA7, 0xEE, 0xD3, 0xC3, 0x1A, 0xAA, 0xDC, 0x1F,
    0x1F, 0xB9, 0x26, 0x40, 0xE4, 0x75, 0x17, 0x94, 0xBC, 0xD2, 0x7F, 0xF4, 0xC8, 0x7E, 0x52, 0xD1,
    0x74, 0xCD, 0x96, 0x54, 0x7A, 0x07, 0xB4, 0xC9, 0x37, 0xFF, 0xC8, 0x09, 0x47, 0x7D, 0xAD, 0x02,
    0x48, 0xA1, 0x2D, 0xF1, 0xAD, 0x5A, 0xE3, 0xE3, 0x47, 0x34, 0x7C, 0xCF, 0x9A, 0xE7, 0x6A, 0x60,
    0x24, 0xE9, 0x49, 0x3A, 0x92, 0x86, 0x93, 0x3A, 0x45, 0x1F, 0x6B, 0x57, 0x81, 0x15, 0x25, 0xA9,
    0x6A, 0x4D, 0x3F, 0x8E, 0xB8, 0xB7, 0xA4, 0x9A, 0x32, 0x89, 0x19, 0xD3, 0x2A, 0x6E, 0x21, 0xB2,
    0x0C, 0x22, 0xC5, 0x88, 0x14, 0x23, 0x52, 0x8C, 0x48, 0x31, 0x22, 0x50, 0x10, 0x29, 0x46, 0x3C,
    0x60, 0x30, 0xE4, 0x84, 0x4C, 0x64, 0x87, 0x25, 0x22, 0x20, 0x5A, 0x8F, 0x9D, 0xC7, 0x51, 0xE8,
    0xD3, 0xFF, 0x16, 0x30, 0x6C, 0x80, 0x8A, 0xA8, 0x99, 0x5E, 0xE5, 0x6E, 0xF4, 0x88, 0x31, 0x12,
    0xD9, 0xC6, 0x86, 0x54, 0x64, 0xA3, 0x7F, 0x8E, 0x56, 0xF5, 0x33, 0xC3, 0x28, 0x44, 0x51, 0xBD,
    0x67, 0x43, 0x4E, 0xC3, 0x44, 0x16, 0x76, 0x3A, 0x29, 0x90, 0xFE, 0x98, 0x50, 0x4E, 0x1D, 0x97,
    0x0A, 0x41, 0x6E, 0xA7, 0x6F, 0x9D, 0xDE, 0x61, 0x82, 0xD3, 0xE9, 0x9B, 0x35, 0x46, 0x25, 0x1D,
    0xC2, 0x9A, 0x3B, 0x39, 0x66, 0xB7, 0x43, 0xE0, 0xF6, 0xE2, 0xB4, 0x3C, 0x41, 0xCE, 0x6F, 0x30,
    0xD4, 0x3A, 0x32, 0x41, 0x4E, 0x2F, 0xD4, 0xF3, 0xC2, 0xCD, 0x6C, 0xC8, 0x6C, 0x5A, 0xB8, 0xD1,
    0xB6, 0xB4, 0x46, 0xE3, 0x7A, 0x1E, 0x1C, 0x21, 0x57, 0xB3, 0x95, 0x7A, 0x72, 0xB6, 0x1B, 0xFD,
    0x6B, 0x72, 0x39, 0xF7, 0xA4, 0x7F, 0x46, 0x2E, 0x9B, 0xDD, 0x0E, 0x3F, 0x21, 0x97, 0xD2, 0xC3,
    0xFE, 0x9D, 0x9C, 0xBD, 0x4B, 0x7D, 0x45, 0x5C, 0x71, 0xC0, 0x67, 0x17, 0x8E, 0x47, 0x5B, 0x12,
    0x44, 0xE4, 0xEC, 0x48, 0x88, 0xE7, 0xCE, 0xD9, 0x64, 0xDC, 0x0E, 0x6D, 0x3E, 0x1A, 0xE7, 0xD0,
    0x95, 0x83, 0xE7, 0xFA, 0xBA, 0x17, 0x57, 0x0F, 0xE8, 0xC4, 0x95, 0x23, 0x5A, 0x71, 0x39, 0x70,
    0x16, 0x97, 0x01, 0x8D, 0xB8, 0x14, 0xA8, 0xC4, 0x25, 0x40, 0x11, 0x38, 0x38, 0x71, 0x9C, 0xD9,
    0xC4, 0xD1, 0xC5, 0x03, 0x37, 0x7A, 0x6E, 0x87, 0x81, 0xDC, 0x5B, 0xDC, 0xB3, 0x73, 0x9F, 0x62,
    0x24, 0xA2, 0x85, 0x47, 0xAD, 0x04, 0x8B, 0x41, 0x60, 0x50, 0x04, 0xA6, 0x09, 0x4C, 0x1B, 0x98,
    0x2E, 0x30, 0xA3, 0x98, 0x19, 0x93, 0x98, 0x11, 0xF0, 0x4C, 0x8D, 0x4A, 0x4C, 0x8E, 0x46, 0x4C,
    0x8A, 0x56, 0x4C, 0x82, 0x5E, 0x4C, 0x8C, 0x51, 0xCC, 0x0E, 0x93, 0x18, 0xFA, 0x8C, 0x98, 0x25,
    0x3D, 0x19, 0x1A, 0xA1, 0x11, 0x93, 0xA2, 0x13, 0xB3, 0xA4, 0x4F, 0xC9, 0xB0, 0x66, 0x62, 0x96,
    0xF4, 0x62, 0x1C, 0xE0, 0x99, 0x12, 0xFF, 0x22, 0x26, 0xC7, 0xAF, 0xC4, 0xA4, 0x80, 0x98, 0x24,
    0x30, 0xFB, 0xC0, 0xEC, 0x02, 0xE3, 0x10, 0x98, 0x32, 0x30, 0x79, 0x60, 0x52, 0x31, 0x0A, 0x41,
    0x57, 0x57, 0xA4, 0x77, 0x92, 0xB0, 0xBC, 0xAE, 0xDC, 0x14, 0xEA, 0x12, 0x71, 0xB6, 0x3C, 0xF4,
    0xAC, 0x26, 0x6A, 0x8B, 0xF5, 0x09, 0x17, 0xC9, 0x14, 0x92, 0x90, 0x28, 0x26, 0x01, 0x57, 0xF4,
    0x46, 0x45, 0xC1, 0x49, 0x58, 0x80, 0x49, 0xC9, 0xA8, 0xFA, 0xDA, 0xA2, 0x66, 0x60, 0xA1, 0xF5,
    0x91, 0xC0, 0x0C, 0x62, 0xE2, 0x3F, 0x88, 0x09, 0xC9, 0x95, 0xA1, 0x8A, 0xE8, 0x33, 0xB4, 0x2A,
    0x4B, 0xA5, 0x67, 0x16, 0xAD, 0x48, 0xB1, 0x03, 0x26, 0xA9, 0x1A, 0x94, 0xAF, 0x6C, 0xEA, 0x62,
    0x75, 0x1C, 0x54, 0xC1, 0x50, 0xE5, 0x21, 0x18, 0xA1, 0x95, 0xB5, 0xFD, 0x7A, 0xA3, 0x9E, 0x28,
    0x6C, 0xA9, 0x5C, 0x78, 0x6F, 0xD1, 0x8B, 0xCB, 0x02, 0x4A, 0xB9, 0x79, 0xF7, 0xEC, 0x04, 0xA3,
    0x60, 0x5E, 0xC0, 0xF6, 0x0B, 0x75, 0x80, 0xA7, 0x80, 0xF6, 0x66, 0x09, 0x39, 0x9A, 0xE7, 0x41,
    0x69, 0x92, 0x91, 0xD2, 0xDD, 0x07, 0x42, 0x9E, 0xEB, 0x12, 0x3A, 0x41, 0xE3, 0xF4, 0xC8, 0xE0,
    0x8A, 0x60, 0x7A, 0x32, 0x97, 0x97, 0x0D, 0x7F, 0xEE, 0x1E, 0xD5, 0x7D, 0x64, 0x1E, 0x35, 0xC8,
    0xA3, 0xBE, 0x6C, 0x99, 0xCA, 0x7A, 0x85, 0x38, 0xE0, 0x2C, 0x26, 0x47, 0x27, 0x26, 0x35, 0xDB,
    0xAC, 0x3A, 0x35, 0x33, 0x6D, 0x82, 0x74, 0x2B, 0xE6, 0xF5, 0xD3, 0x43, 0x79, 0xA6, 0xB4, 0x79,
    0x22, 0xA4, 0x9C, 0xB0, 0xF7, 0x38, 0x79, 0x04, 0xF1, 0xF8, 0x26, 0x8B, 0x15, 0xDF, 0x18, 0xE6,
    0xD8, 0x62, 0x76, 0x03, 0x86, 0xE7, 0xB5, 0xD2, 0xEF, 0xC8, 0x9B, 0xBF, 0x87, 0xFC, 0x07, 0x8F,
    0xAD, 0xC7, 0x42, 0x38, 0x6E, 0x5E, 0xF9, 0x8F, 0x35, 0x0C, 0x99, 0x9D, 0x21, 0xDB, 0x9A, 0x48,
    0x2F, 0x20, 0xC6, 0xCA, 0x47, 0x31, 0x93, 0x3A, 0x84, 0x21, 0x7B, 0x92, 0x21, 0x5B, 0x4E, 0x7A,
    0x75, 0x86, 0x6C, 0x2E, 0x62, 0x8C, 0x91, 0x48, 0x4B, 0x11, 0x99, 0xA8, 0x5A, 0x6F, 0xA1, 0xE9,
    0xA4, 0xA1, 0x54, 0xDA, 0x1B, 0x4D, 0x48, 0xFB, 0x94, 0xB4, 0xE3, 0xA6, 0x54, 0xDD, 0x52, 0xA9,
    0x8B, 0x26, 0xF7, 0x8D, 0xE7, 0x3C, 0x55, 0x20, 0xAC, 0x68, 0x88, 0xD9, 0x68, 0xD8, 0xD5, 0x36,
    0x95, 0xDE, 0x91, 0x82, 0xD1, 0x07, 0x95, 0xA2, 0xAE, 0xD1, 0xD8, 0x4D, 0xC7, 0x1B, 0x79, 0x94,
    0x99, 0x42, 0x4E, 0xB5, 0x33, 0xEA, 0x30, 0x8B, 0x16, 0xA4, 0xD3, 0xBF, 0xD9, 0x26, 0x61, 0xFD,
    0x98, 0x61, 0x56, 0x6D, 0x16, 0x35, 0xDA, 0x19, 0x3D, 0x1B, 0x2D, 0xE4, 0x52, 0x3B, 0x8D, 0x50,
    0xD1, 0xF1, 0x92, 0x6E, 0x60, 0xD7, 0x9D, 0xB6, 0xE4, 0x1F, 0xE1, 0x83, 0xD3, 0x29, 0x9C, 0x37,
    0xF9, 0x33, 0x80, 0x93, 0x5E, 0x29, 0xAF, 0xC2, 0x22, 0xFA, 0xC7, 0x05, 0xEB, 0x67, 0xA1, 0x76,
    0x1E, 0xAD, 0xC3, 0x59, 0xE7, 0xC8, 0x89, 0xAD, 0xF9, 0x71, 0x0A, 0x06, 0x51, 0xEC, 0x24, 0xAB,
    0xDD, 0x52, 0x06, 0x50, 0x9B, 0x37, 0xEE, 0xC6, 0x1C, 0x52, 0x3E, 0xA5, 0x28, 0x53, 0x2E, 0x22,
    0x3B, 0xD1, 0x53, 0x9E, 0xAE, 0xB0, 0x58, 0x49, 0xEA, 0x87, 0x15, 0x99, 0x89, 0xC5, 0x6A, 0xDB,
    0x24, 0xD1, 0xBA, 0xC0, 0x40, 0xC5, 0xC8, 0xF4, 0xDA, 0x74, 0x89, 0x17, 0xB2, 0x27, 0xC3, 0xAF,
    0xF9, 0x98, 0x82, 0xDA, 0xCE, 0x4E, 0x99, 0x94, 0x4C, 0xC6, 0xCC, 0x34, 0x2A, 0x16, 0x56, 0x8C,
    0xFA, 0x4F, 0x0E, 0x1D, 0xBF, 0xB1, 0xAF, 0xF9, 0x98, 0x85, 0xB1, 0x28, 0xE6, 0xD1, 0x30, 0xFE,
    0xB3, 0xCC, 0x58, 0x14, 0xCB, 0x69, 0xE3, 0x70, 0x04, 0xEF, 0x80, 0xD6, 0x98, 0xDE, 0x74, 0x62,
    0x94, 0xE8, 0x37, 0xF7, 0x19, 0x62, 0x55, 0x62, 0x32, 0xBF, 0x75, 0x38, 0xE5, 0x20, 0xF2, 0x34,
    0xC3, 0x2C, 0x46, 0x47, 0x26, 0xA9, 0x5E, 0x4D, 0x46, 0xE1, 0x77, 0x60, 0x3A, 0x63, 0xE2, 0xC0,
    0xEC, 0x81, 0x76, 0x3B, 0xD0, 0x46, 0x9E, 0x09, 0x03, 0x09, 0x47, 0x5A, 0xBE, 0x04, 0xD2, 0x8E,
    0xAA, 0x4D, 0x0D, 0x0D, 0x10, 0x25, 0x11, 0xBE, 0xC6, 0x39, 0x42, 0x0A, 0xDB, 0x81, 0xD6, 0x09,
    0x20, 0x6F, 0xE0, 0x4A, 0xB9, 0xB3, 0xE6, 0x34, 0xD9, 0x1E, 0x32, 0x20, 0x8D, 0x40, 0x4D, 0x64,
    0xD6, 0x44, 0xDB, 0xD9, 0x9D, 0x2C, 0xAF, 0xE5, 0x23, 0x59, 0x9E, 0x66, 0x49, 0x50, 0xF7, 0xC6,
    0xF0, 0x8B, 0x74, 0x2E, 0x07, 0x6E, 0xB3, 0x9B, 0x68, 0x36, 0xE7, 0xCA, 0x89, 0xF6, 0xCC, 0x27,
    0xDD, 0x58, 0x59, 0xF9, 0x98, 0x4F, 0x3A, 0x3C, 0xC8, 0xFD, 0x37, 0xBE, 0x38, 0xD0, 0x66, 0xBC,
    0xA9, 0x87, 0xD4, 0x6B, 0x6C, 0x51, 0x7F, 0xC2, 0x1B, 0xED, 0x57, 0x73, 0x1A, 0x2C, 0x4A, 0xB5,
    0x59, 0xC4, 0x86, 0xA8, 0x7C, 0xD8, 0xB9, 0x63, 0xF3, 0x34, 0x18, 0xAD, 0x11, 0x3F, 0xC7, 0x46,
    0xD3, 0x4D, 0x8A, 0xAF, 0x72, 0xA2, 0x3C, 0xFB, 0xC6, 0xFC, 0x21, 0xDB, 0xF5, 0x67, 0x7E, 0x0B,
    0xED, 0x47, 0x7C, 0x39, 0xF8, 0x8D, 0x3F, 0xC7, 0xFA, 0x23, 0xFA, 0xC0, 0xFB, 0x76, 0x13, 0xE3,
    0xA7, 0x70, 0xBC, 0x51, 0x2B, 0x73, 0x5B, 0xA5, 0xFE, 0x50, 0x9B, 0x75, 0x5A, 0x30, 0x57, 0x13,
    0xEC, 0x34, 0xD1, 0xEA, 0x26, 0x0A, 0x4B, 0xCF, 0x6A, 0x7E, 0x79, 0xDD, 0x6A, 0xD3, 0x37, 0x0D,
    0x27, 0x75, 0x58, 0x76, 0xE2, 0x6F, 0x4A, 0x1D, 0xF7, 0xF2, 0x7E, 0x21, 0x6F, 0x9E, 0xAC, 0x25,
    0xAF, 0xD4, 0x3B, 0x52, 0x74, 0x7A, 0xAB, 0x3D, 0x68, 0xEF, 0x7D, 0xD4, 0xFC, 0x93, 0xD8, 0xDE,
    0x9B, 0x26, 0x1B, 0x35, 0x71, 0xE8, 0x99, 0x6A, 0xE2, 0x0C, 0x2D, 0x1F, 0x9B, 0x20, 0x13, 0x30,
    0x8F, 0xD1, 0xB2, 0xE0, 0x08, 0x9F, 0xC8, 0xB7, 0x00, 0xC5, 0x33, 0xE1, 0x80, 0x45, 0x98, 0x23,
    0xD6, 0xE7, 0xD0, 0xE3, 0xD5, 0xBE, 0x53, 0xB7, 0x9D, 0xE7, 0x77, 0x2B, 0xCF, 0xEC, 0x42, 0x2A,
    0x09, 0x67, 0x08, 0x55, 0x0A, 0x19, 0x02, 0x75, 0xB0, 0x52, 0xE6, 0xAD, 0xCA, 0x17, 0x1B, 0x05,
    0x3F, 0xB1, 0x6F, 0xA8, 0x6E, 0xC7, 0x64, 0xE1, 0xFC, 0x86, 0x66, 0x56, 0x26, 0x8B, 0xFC, 0xE6,
    0x8C, 0xEA, 0x9E, 0xD2, 0xFD, 0x98, 0x82, 0x24, 0x09, 0xF6, 0xE1, 0x63, 0x0A, 0x16, 0x2A, 0x07,
    0x7C, 0xEF, 0x2F, 0x78, 0xDC, 0xFC, 0x9D, 0x52, 0xE3, 0xCF, 0xC0, 0x6C, 0x43, 0x3C, 0x45, 0x03,
    0xB1, 0x78, 0x5A, 0x6C, 0xAF, 0xC5, 0x86, 0x62, 0xA7, 0x89, 0xDD, 0x3E, 0xE4, 0xF9, 0x1D, 0x9F,
    0x51, 0xE6, 0x40, 0xD9, 0x4C, 0x21, 0xA1, 0x82, 0xB3, 0xC6, 0x46, 0x7A, 0x0E, 0x52, 0xAC, 0x4A,
    0x09, 0x1D, 0xA4, 0x51, 0xB5, 0x41, 0x3B, 0xC8, 0xAE, 0x03, 0x31, 0x97, 0x81, 0x34, 0x37, 0x2B,
    0x78, 0x6A, 0xBC, 0xE1, 0x0A, 0x6F, 0xC9, 0xB0, 0x8B, 0xF8, 0x11, 0xE2, 0xEB, 0xEB, 0x33, 0x4C,
    0xFD, 0x2D, 0xD0, 0x51, 0xB2, 0xF6, 0xAE, 0x12, 0xDC, 0x7B, 0x75, 0xFA, 0x2F, 0x56, 0x2D, 0xE5,
    0x55, 0x72, 0x44, 0xB5, 0x1D, 0x4D, 0xB2, 0x3E, 0x79, 0x49, 0x2B, 0x6A, 0xDD, 0x78, 0x23, 0x58,
    0x98, 0xE0, 0xBC, 0x12, 0x4C, 0x24, 0x98, 0x6D, 0x04, 0x01, 0xD9, 0x4A, 0x65, 0x06, 0xC1, 0x4E,
    0x82, 0xBF, 0xE0, 0xAA, 0x89, 0xD4, 0x1D, 0xF1, 0x7C, 0x78, 0x4B, 0x9B, 0x0F, 0xC5, 0xE6, 0x33,
    0x1D, 0xF9, 0x26, 0xFD, 0x6A, 0x3F, 0xD3, 0xF1, 0x9A, 0x5E, 0x25, 0x71, 0xD2, 0x0C, 0x62, 0x14,
    0x32, 0xA2, 0x76, 0x3A, 0xF5, 0xDA, 0x40, 0x1A, 0xFB, 0x01, 0xAA, 0xA3, 0x95, 0x48, 0xC3, 0x46,
    0xBD, 0x77, 0xC6, 0x3B, 0x65, 0xD1, 0xAE, 0xB2, 0xE8, 0x6F, 0xCB, 0x22, 0x7B, 0xA1, 0x2C, 0x10,
    0xB2, 0xB0, 0x35, 0x4C, 0x7F, 0xEE, 0x64, 0xF3, 0x39, 0x3E, 0x00, 0xB3, 0x7F, 0xA5, 0x9F, 0x7B,
    0x6F, 0xE2, 0x9A, 0x5E, 0x5A, 0xF2, 0x89, 0xFD, 0x74, 0xED, 0xE7, 0xF1, 0xD9, 0x20, 0xC3, 0x7A,
    0x7B, 0xB3, 0x0E, 0x5E, 0xDB, 0x86, 0xD1, 0x93, 0x66, 0x29, 0x99, 0x30, 0x46, 0x3A, 0x31, 0xF5,
    0x94, 0x80, 0xA9, 0xC7, 0x98, 0x56, 0xCC, 0x87, 0x3D, 0x53, 0x94, 0x5D, 0xC4, 0x76, 0x44, 0xEB,
    0xD0, 0x39, 0xB2, 0x65, 0xBF, 0xA4, 0x6E, 0x74, 0xC2, 0xA2, 0xE0, 0x21, 0x8A, 0x03, 0x68, 0x71,
    0x97, 0xCC, 0xCC, 0xA8, 0xC8, 0xF4, 0x0B, 0xB2, 0x7C, 0x60, 0x1F, 0x6A, 0x4B, 0xFD, 0x54, 0xCA,
    0x4E, 0x34, 0xDD, 0xBB, 0xB4, 0x1E, 0x7E, 0x65, 0x41, 0x76, 0xBB, 0xA6, 0xC7, 0xA3, 0xD4, 0x63,
    0xFF, 0x62, 0xE7, 0x8D, 0x34, 0x8D, 0xA9, 0x09, 0x23, 0x6A, 0xCA, 0x1F, 0x3D, 0x7E, 0x69, 0xBE,
    0xD2, 0x50, 0xAE, 0x58, 0x41, 0x61, 0x00, 0x40, 0x79, 0xC2, 0xA8, 0x41, 0x9D, 0xB3, 0x61, 0x61,
    0xDD, 0xFC, 0xD3, 0x0A, 0x3C, 0xAE, 0x9D, 0x42, 0x25, 0x44, 0x8F, 0x2C, 0x9B, 0x07, 0x20, 0xEC,
    0x60, 0x90, 0x08, 0x72, 0xCC, 0xFF, 0x5A, 0xD2, 0xCB, 0xCF, 0x94, 0xAC, 0x51, 0x10, 0x98, 0x1F,
    0x81, 0xB9, 0xEB, 0x0E, 0x06, 0x3B, 0x50, 0xE4, 0x9C, 0xAA, 0x5B, 0x28, 0x39, 0xF0, 0x2B, 0x14,
    0xE9, 0x02, 0x7F, 0x8D, 0x22, 0x06, 0x26, 0x5A, 0xB3, 0xB6, 0x93, 0x21, 0xF4, 0x2D, 0x45, 0x42,
    0x2F, 0x07, 0xDE, 0x7E, 0x4C, 0xE0, 0xFB, 0xF6, 0x02, 0x29, 0xD0, 0x2D, 0x50, 0xD2, 0x12, 0xD2,
    0x45, 0x40, 0xCD, 0xE6, 0xBF, 0xE2, 0x3E, 0x84, 0x3D, 0x3F, 0x97, 0x32, 0xB4, 0x4E, 0xA8, 0x76,
    0x34, 0x8D, 0x87, 0x03, 0xC1, 0x05, 0x88, 0xAF, 0x81, 0x44, 0x02, 0x84, 0xE4, 0x0D, 0x87, 0x4F,
    0x33, 0x16, 0xB3, 0xEE, 0xD9, 0x8E, 0x3A, 0x11, 0x5B, 0xAD, 0x95, 0x98, 0x5D, 0x39, 0x4B, 0xB3,
    0x31, 0x65, 0xC3, 0x95, 0x83, 0xDE, 0xEA, 0xE9, 0x15, 0xA4, 0x17, 0xDF, 0xFB, 0x26, 0x9D, 0x32,
    0xFC, 0xAC, 0xB1, 0x73, 0x35, 0xA9, 0xCE, 0x2C, 0xC6, 0xA4, 0x4D, 0xC2, 0x57, 0xE2, 0x8A, 0x73,
    0x6D, 0xC4, 0xA2, 0x34, 0x0C, 0x6B, 0x02, 0x50, 0x0B, 0x3F, 0x6F, 0x1B, 0x52, 0x32, 0x92, 0x57,
    0x5A, 0xCD, 0xD1, 0x9F, 0x4C, 0x31, 0xB8, 0x8B, 0x36, 0x01, 0xDE, 0x43, 0x6B, 0x65, 0xB5, 0xDE,
    0xBB, 0x6A, 0xA3, 0x29, 0x75, 0xD0, 0x89, 0xAF, 0xB0, 0xCE, 0x65, 0x46, 0x7A, 0x51, 0x88, 0x1E,
    0x5D, 0x11, 0x52, 0xCC, 0x84, 0x1A, 0xF8, 0x21, 0x3A, 0x3A, 0xF2, 0xEF, 0xD0, 0xC5, 0x9A, 0xE6,
    0x12, 0xC1, 0x22, 0xF1, 0xC6, 0x02, 0x8C, 0xAC, 0x72, 0x74, 0xAC, 0x7B, 0x4A, 0x68, 0x56, 0xED,
    0xC6, 0x0A, 0xC6, 0x82, 0xFD, 0xED, 0xC0, 0x04, 0x71, 0x00, 0x9F, 0x4B, 0xC8, 0x93, 0x27, 0x2D,
    0x4B, 0x16, 0xCB, 0xE6, 0xEB, 0x0E, 0x2A, 0x9D, 0x5D, 0xEC, 0x43, 0x69, 0xF6, 0x73, 0x73, 0x20,
    0x7C, 0x65, 0x01, 0xBE, 0x9C, 0xB3, 0x2A, 0xDE, 0x1C, 0x9F, 0xB2, 0xAE, 0xB9, 0x93, 0x8D, 0xB4,
    0x7C, 0xE0, 0x7F, 0xA6, 0xB8, 0x53, 0xD7, 0x8C, 0x2D, 0x4F, 0xCE, 0xA3, 0x6C, 0x86, 0x54, 0x87,
    0x74, 0xAC, 0x74, 0x42, 0xC5, 0xD8, 0x9C, 0x2A, 0x19, 0xF0, 0x6A, 0xEB, 0x5B, 0xE1, 0xB8, 0x5C,
    0x45, 0xB9, 0xED, 0xDC, 0xA8, 0x36, 0xBF, 0x37, 0xE0, 0x41, 0x69, 0x5B, 0x63, 0xBF, 0x40, 0xF8,
    0xB5, 0x6F, 0x24, 0x70, 0xA5, 0xE0, 0x20, 0xF0, 0x2B, 0xE3, 0xDB, 0x23, 0xE5, 0x0F, 0xB8, 0x4A,
    0xC4, 0x64, 0xEC, 0x1D, 0xEA, 0xFC, 0xEA, 0xFB, 0x8A, 0xC3, 0x3E, 0x18, 0x15, 0xE4, 0x92, 0x2A,
    0x7E, 0x59, 0xD3, 0xE3, 0x25, 0xF3, 0x0E, 0x4E, 0xEC, 0x70, 0x8D, 0x1E, 0x29, 0x23, 0xF9, 0x57,
    0x46, 0xE9, 0x7F, 0xEE, 0x78, 0x49, 0xFF, 0xDB, 0xA9, 0x5D, 0x7F, 0xA0, 0x56, 0x7E, 0x9F, 0x6D,
    0xBE, 0xF5, 0xBF, 0xE9, 0x62, 0xE5, 0x7F, 0x72, 0x19, 0x41, 0xF0, 0xA3, 0x9A, 0x70, 0x67, 0xFF,
    0x13, 0x04, 0xFF, 0x3B, 0xC8, 0xFF, 0x12, 0xF9, 0x5F, 0xCE, 0x62, 0xE9, 0xEF, 0x6B, 0xFF, 0x83,
    0x34, 0xFB, 0xA5, 0xF4, 0xFC, 0x9A, 0xFC, 0xEF, 0x20, 0xFF, 0xDB, 0x76, 0xAC, 0x44, 0x90, 0xA2,
    0xFD, 0x0B, 0xBF, 0x66, 0xFA, 0x84, 0x6B, 0x8A, 0x8D, 0xAA, 0x52, 0x09, 0x9C, 0xC1, 0x28, 0x60,
    0x5E, 0x5A, 0x83, 0xFB, 0x14, 0x70, 0xF5, 0x12, 0x07, 0xE7, 0xFB, 0xEF, 0x12, 0xF8, 0xBA, 0xAC,
    0xC1, 0x79, 0xD4, 0xE0, 0x1C, 0x46, 0xE5, 0x4A, 0xD0, 0x94, 0x98, 0x3F, 0x0B, 0xB4, 0x25, 0xEB,
    0x4E, 0x68, 0xFD, 0xB0, 0x2A, 0xA8, 0x36, 0x43, 0xEE, 0x16, 0xDC, 0x1F, 0x19, 0x68, 0xD5, 0x81,
    0xD3, 0x70, 0xC9, 0x39, 0xAE, 0x5A, 0xFE, 0x16, 0x9E, 0x81, 0x02, 0xFD, 0x5E, 0x67, 0xCE, 0xF9,
    0xE8, 0xE5, 0xFE, 0x29, 0xE7, 0xBA, 0xD2, 0x7B, 0xBC, 0xBD, 0x59, 0x0D, 0xF6, 0xE1, 0xBD, 0x45,
    0x22, 0xFF, 0x4F, 0x22, 0x7E, 0xCD, 0x86, 0x5E, 0xF4, 0x2A, 0x3E, 0x34, 0x10, 0x9B, 0xE8, 0x32,
    0x43, 0x57, 0x6B, 0x68, 0x3A, 0xD7, 0xA0, 0x95, 0x60, 0xFB, 0x72, 0x0F, 0x50, 0x85, 0x78, 0xE3,
    0xC5, 0x81, 0xBF, 0x76, 0x22, 0x24, 0x18, 0x08, 0x19, 0x5A, 0x42, 0x8D, 0x66, 0x81, 0x1D, 0x40,
    0x91, 0x18, 0x23, 0x21, 0x45, 0x47, 0xA0, 0xFF, 0xE4, 0xF8, 0xAC, 0x06, 0xAE, 0xCF, 0x61, 0x22,
    0xE8, 0xF5, 0x92, 0xAF, 0xD8, 0x84, 0x12, 0x15, 0x01, 0x68, 0x04, 0x9D, 0x60, 0x10, 0x4C, 0x84,
    0x51, 0xC9, 0x5B, 0x65, 0x56, 0x65, 0x3A, 0x62, 0xC9, 0x6C, 0x72, 0xBD, 0x88, 0xAA, 0x74, 0x02,
    0x5F, 0xF2, 0x09, 0x79, 0xF8, 0xD5, 0x62, 0x47, 0x38, 0x60, 0x24, 0xEC, 0x31, 0x97, 0x70, 0x1F,
    0xED, 0x1F, 0xC3, 0x8A, 0xB7, 0xDF, 0x5D, 0xFA, 0xF4, 0x07, 0x85, 0x2B, 0x87, 0x18, 0x38, 0x73,
    0x47, 0x82, 0x6B, 0x3A, 0xC0, 0x90, 0x58, 0x3C, 0x32, 0xD5, 0x0B, 0xE4, 0xA1, 0x27, 0xEA, 0x6A,
    0x9E, 0xB2, 0xAD, 0xA2, 0x26, 0xFC, 0x43, 0x8D, 0x4E, 0x91, 0xD3, 0xC8, 0x7A, 0x29, 0xD2, 0xE9,
    0x43, 0x27, 0xE5, 0xA0, 0xA8, 0x68, 0x88, 0x63, 0x4E, 0x98, 0x59, 0x39, 0xBF, 0x3D, 0x8B, 0x6D,
    0xC4, 0xBA, 0x3F, 0x49, 0x96, 0x51, 0x3A, 0x07, 0x2D, 0xD9, 0xAB, 0x95, 0xAD, 0x26, 0xD9, 0x29,
    0x0C, 0x5A, 0xCD, 0x0D, 0x83, 0xD6, 0xF9, 0x4F, 0x67, 0xD0, 0xBA, 0x1E, 0x8B, 0xB4, 0x8A, 0x45,
    0x06, 0x7E, 0xC7, 0x6F, 0xE3, 0x10, 0xEE, 0x4F, 0x51, 0x8D, 0x86, 0x3D, 0x86, 0x1D, 0x4A, 0xCA,
    0x2B, 0x16, 0xE9, 0x6D, 0x96, 0x22, 0xD8, 0xFA, 0x6E, 0x6D, 0x30, 0xDE, 0x02, 0x83, 0x12, 0x0C,
    0x4C, 0x1E, 0xA3, 0xF7, 0xD3, 0x5A, 0x26, 0xBB, 0x2C, 0x7F, 0xDA, 0x24, 0xE3, 0xB4, 0xD6, 0x84,
    0x4D, 0x2F, 0xE9, 0x12, 0x3A, 0x9D, 0x7E, 0x4C, 0x49, 0x45, 0x9F, 0x84, 0xDF, 0x74, 0xF1, 0xD7,
    0xCA, 0x9F, 0x61, 0x80, 0x3F, 0x2A, 0xC0, 0x9F, 0x52, 0xF3, 0xE0, 0xF9, 0x5A, 0x80, 0x4F, 0x07,
    0x9E, 0x5E, 0x79, 0x80, 0xAF, 0xD9, 0x6D, 0x58, 0x40, 0x01, 0x3E, 0x18, 0xE0, 0xAB, 0x27, 0xBE,
    0xC4, 0x49, 0xD5, 0x29, 0x72, 0x79, 0xB8, 0x8A, 0x5C, 0xEA, 0x5B, 0x23, 0x97, 0xE8, 0xB6, 0xC8,
    0xE5, 0xF0, 0x7F, 0x8D, 0x5C, 0xE2, 0xE7, 0x45, 0x2E, 0xF8, 0xE7, 0x3F, 0x34, 0x72, 0x79, 0x71,
    0x60, 0xF7, 0x7D, 0xCC, 0x17, 0xAB, 0xA1, 0x1C, 0x13, 0x92, 0x1C, 0x3D, 0x7B, 0x6F, 0x5F, 0x52,
    0x8D, 0x40, 0xBE, 0x71, 0x59, 0xEA, 0x90, 0x5C, 0x4B, 0xD2, 0x90, 0x54, 0x24, 0x05, 0x89, 0x7B,
    0x49, 0x84, 0x6D, 0xF4, 0xAE, 0xF1, 0x9C, 0xB9, 0xD5, 0xDD, 0x48, 0x5D, 0xEE, 0x3D, 0xE6, 0xBD,
    0xDA, 0xCE, 0x83, 0x45, 0xDF, 0xD5, 0x91, 0x0C, 0xF2, 0x46, 0xCF, 0x96, 0x48, 0x0B, 0xE8, 0xD4,
    0x30, 0xB5, 0x4E, 0x12, 0xAB, 0x17, 0x3F, 0x3D, 0x44, 0x4D, 0xD9, 0x70, 0x76, 0xA8, 0x72, 0xAA,
    0x08, 0x9F, 0x90, 0x26, 0x68, 0xBE, 0x63, 0x7C, 0xFD, 0x8B, 0xC8, 0xC2, 0x16, 0x96, 0x4E, 0x3A,
    0x3B, 0xD2, 0xD1, 0x68, 0xEB, 0xEE, 0x6B, 0x80, 0xB8, 0xC7, 0x9E, 0xA6, 0x2B, 0x19, 0x03, 0xC9,
    0x48, 0x72, 0x92, 0x92, 0xA4, 0x9E, 0x8E, 0x97, 0x31, 0x93, 0x66, 0x24, 0xD8, 0x92, 0x37, 0xB0,
    0x3C, 0x8D, 0xA8, 0xD8, 0x8B, 0x11, 0xED, 0xA0, 0x1B, 0xF9, 0x9F, 0xEF, 0xAA, 0xAA, 0x25, 0x49,
    0x4E, 0x92, 0x90, 0x70, 0x06, 0xE3, 0x7F, 0xFF, 0xC0, 0xB8, 0x8B, 0x23, 0x84, 0xCE, 0x9B, 0x75,
    0xAF, 0x02, 0x52, 0xF5, 0x83, 0x8C, 0xD0, 0xA8, 0x6F, 0xB5, 0x11, 0x08, 0xF3, 0x23, 0xEB, 0x70,
    0xEA, 0x85, 0x7A, 0x75, 0xA4, 0xE9, 0x7E, 0xC3, 0x7E, 0xA0, 0x57, 0xC7, 0x6C, 0xFD, 0xEA, 0x78,
    0x3C, 0x2A, 0x8E, 0x64, 0xA6, 0x24, 0xCC, 0x35, 0x6C, 0x7A, 0x87, 0xBD, 0xB6, 0x9D, 0xB6, 0xDA,
    0xC2, 0x4E, 0xDB, 0x82, 0x7D, 0x88, 0xC0, 0xC8, 0xDB, 0x77, 0x3B, 0x7B, 0xA6, 0x5D, 0x9C, 0xCC,
    0xA7, 0xD5, 0xD6, 0xDA, 0xBC, 0xA0, 0x73, 0x24, 0xA5, 0x26, 0x84, 0xC2, 0x6F, 0x4B, 0x57, 0xDA,
    0x56, 0xE3, 0x79, 0x30, 0xEB, 0x3F, 0x3F, 0xF0, 0x2B, 0x62, 0x3F, 0xF7, 0xF8, 0x3B, 0xBF, 0x93,
    0xF6, 0xA1, 0x5F, 0x37, 0x93, 0xA7, 0xC9, 0xEF, 0xE4, 0xDA, 0x04, 0xFD, 0xB8, 0xDC, 0x32, 0x0E,
    0x5B, 0x67, 0x83, 0xC7, 0x5E, 0x55, 0xE3, 0x9A, 0x01, 0x23, 0xD5, 0x32, 0xEC, 0x19, 0x28, 0x38,
    0xCA, 0x15, 0x47, 0x66, 0x1C, 0xDA, 0xD1, 0xB1, 0x82, 0x74, 0xDF, 0xDA, 0xEA, 0xD3, 0xB0, 0x2A,
    0xC0, 0x40, 0x2F, 0x66, 0xCD, 0x61, 0xB5, 0xAA, 0x0E, 0x34, 0xF2, 0x4F, 0x47, 0x85, 0x7B, 0xDD,
    0x0E, 0x3F, 0x66, 0x1D, 0x75, 0xF0, 0xF8, 0xEB, 0x1C, 0x7F, 0xB9, 0xBE, 0xB9, 0xC7, 0xE7, 0xC1,
    0x3E, 0x15, 0x71, 0x17, 0x23, 0x86, 0xA3, 0x56, 0xDC, 0x69, 0xD9, 0xA3, 0x10, 0x9B, 0xCC, 0x7B,
    0x1E, 0x7C, 0xA3, 0x57, 0x27, 0xD3, 0x0E, 0xDF, 0xA7, 0x9A, 0xE5, 0x9C, 0x8E, 0x91, 0x0C, 0x90,
    0x23, 0x1B, 0x1D, 0xFE, 0x93, 0x6C, 0x86, 0x6C, 0x20, 0x7B, 0xA6, 0xB5, 0xF2, 0xDE, 0xD5, 0xBF,
    0xD4, 0xC9, 0xBC, 0xB2, 0xE3, 0xE6, 0x93, 0xB1, 0x75, 0xE7, 0xCA, 0x0F, 0x75, 0x72, 0x8F, 0x63,
    0x6C, 0xE8, 0x92, 0x2D, 0x59, 0x33, 0xA2, 0xBD, 0xE8, 0xCF, 0x9A, 0x8F, 0x39, 0x91, 0x4C, 0x61,
    0xBF, 0x30, 0x91, 0xB9, 0x68, 0xD4, 0xC0, 0x2A, 0xC0, 0x55, 0x97, 0xA4, 0x63, 0xE4, 0xD6, 0xAE,
    0xB3, 0x59, 0x92, 0xE1, 0x2D, 0x3F, 0xE4, 0xF7, 0xE6, 0x17, 0xAD, 0xF7, 0x13, 0x8D, 0x60, 0x56,
    0x72, 0x8E, 0x9F, 0x58, 0x59, 0x09, 0xDE, 0x67, 0x96, 0x54, 0x4A, 0x3F, 0x41, 0x5B, 0xFD, 0xA4,
    0xAC, 0x59, 0xB7, 0x61, 0x4E, 0xF1, 0x15, 0x96, 0xFA, 0x3E, 0xC8, 0x85, 0x74, 0xB1, 0xF2, 0x09,
    0xF9, 0x86, 0x72, 0x42, 0xB9, 0x41, 0x8F, 0xA0, 0x57, 0xD0, 0x33, 0xE8, 0x1D, 0xEA, 0xC1, 0xAE,
    0xC2, 0x5A, 0x6E, 0x7D, 0x9E, 0xC1, 0x7A, 0xB5, 0xF2, 0xF9, 0xD9, 0xA5, 0xF2, 0x63, 0xF9, 0xFA,
    0x82, 0xC1, 0xCF, 0xC3, 0x9B, 0x47, 0xE8, 0x07, 0x92, 0xD1, 0x86, 0x72, 0x4A, 0xAC, 0xFD, 0x7E,
    0x65, 0x89, 0xAD, 0xCF, 0xA7, 0xDA, 0x93, 0xA4, 0xB0, 0xB7, 0x8B, 0x7C, 0x3E, 0xC6, 0x7F, 0x78,
    0x5F, 0x7F, 0xDF, 0x30, 0xF2, 0x3E, 0xEF, 0x82, 0xCF, 0xF3, 0x85, 0x66, 0x6D, 0x17, 0xB5, 0x2A,
    0x33, 0xDC, 0x1E, 0xC0, 0x3F, 0x08, 0x19, 0xFA, 0x78, 0xEC, 0x0C, 0xA9, 0xA5, 0xE4, 0xB7, 0x07,
    0xF2, 0x6B, 0x54, 0x12, 0x83, 0x9E, 0x62, 0xF2, 0x38, 0x7A, 0xEC, 0x3C, 0x36, 0xEB, 0xD2, 0x0E,
    0xB8, 0x32, 0x7C, 0xCD, 0x56, 0x7F, 0xB4, 0x72, 0x7C, 0x13, 0xBD, 0x77, 0x3C, 0xD6, 0x4C, 0x2D,
    0x23, 0x6B, 0x74, 0xA5, 0xDD, 0xC2, 0x0A, 0x41, 0xA6, 0x99, 0xC6, 0xF4, 0x90, 0xAB, 0x7A, 0xCB,
    0xF4, 0x61, 0x3F, 0x48, 0xCA, 0xEA, 0xA1, 0xF6, 0x78, 0xE2, 0x4D, 0x7A, 0x4D, 0xA7, 0xA4, 0xF5,
    0xB3, 0x29, 0xC5, 0xBE, 0x74, 0xE5, 0x73, 0xAB, 0x49, 0x40, 0x47, 0x20, 0xD9, 0x8B, 0xE8, 0xD7,
    0x03, 0x24, 0x2D, 0xC9, 0xF9, 0x79, 0x24, 0x26, 0x49, 0x48, 0x34, 0xEA, 0xDA, 0xD0, 0x31, 0x87,
    0xB9, 0x5C, 0x8B, 0x17, 0x93, 0x6F, 0x2D, 0x86, 0xB6, 0x12, 0x56, 0xB2, 0xFD, 0x5D, 0x89, 0x74,
    0xE9, 0x49, 0x70, 0x25, 0x75, 0x23, 0x84, 0x2A, 0xD0, 0xBF, 0x39, 0xB7, 0xB7, 0x38, 0xFF, 0xB1,
    0xFF, 0x1D, 0x8B, 0xD3, 0x65, 0x58, 0xAB, 0x02, 0xCE, 0x24, 0x1D, 0x49, 0x4F, 0x32, 0x84, 0xD6,
    0xBC, 0x33, 0xB1, 0x79, 0xDC, 0xC8, 0xEC, 0x64, 0x2C, 0xED, 0x93, 0x27, 0x24, 0x32, 0xD6, 0x03,
    0x86, 0x74, 0xBC, 0xCD, 0x48, 0x4A, 0x3C, 0x96, 0xB0, 0x92, 0x61, 0xBC, 0x7B, 0x69, 0x3B, 0x92,
    0x9A, 0xC4, 0xAB, 0xDB, 0x85, 0x2A, 0xB0, 0x1B, 0x99, 0x17, 0x47, 0x27, 0x52, 0x97, 0xF0, 0x9B,
    0x7D, 0x51, 0xF2, 0x50, 0x5A, 0xF6, 0xFB, 0xBF, 0x71, 0x7E, 0xCF, 0x60, 0xA0, 0x4E, 0xB3, 0x3B,
    0x53, 0xBF, 0x5E, 0xEF, 0x06, 0xCE, 0xFD, 0x2F, 0xCC, 0x97, 0x3F, 0xAC, 0xE4, 0x56, 0x15, 0xC6,
    0x7F, 0xD7, 0x26, 0xCF, 0x91, 0x2C, 0xC5, 0x29, 0xD8, 0x26, 0x11, 0x72, 0x1F, 0x81, 0xDC, 0x57,
    0xD7, 0xA2, 0x2F, 0xB6, 0x60, 0x40, 0x82, 0xBE, 0x49, 0xB3, 0x35, 0x95, 0xDD, 0x57, 0x5B, 0x24,
    0x35, 0x4D, 0x22, 0x65, 0xDF, 0x16, 0xDB, 0x42, 0x01, 0xB6, 0x68, 0x69, 0x2C, 0xFA, 0xC2, 0x12,
    0x4B, 0x43, 0x65, 0x21, 0x17, 0xCE, 0xC6, 0xE3, 0x0F, 0x7F, 0xF2, 0xCC, 0xEE, 0xD3, 0xEE, 0xF2,
    0xD8, 0x90, 0x15, 0xE2, 0xBC, 0xEB, 0xEF, 0x3B, 0xEF, 0xF8, 0xFC, 0xF1, 0x19, 0x9F, 0x7B, 0x35,
    0xC3, 0x43, 0xF2, 0x8D, 0x4A, 0x7D, 0xF4, 0x1A, 0xBC, 0xD4, 0x97, 0x6A, 0x6F, 0xCE, 0xDC, 0x95,
    0x5C, 0x14, 0xAF, 0x56, 0x7D, 0xAC, 0xF2, 0xB2, 0xDA, 0x7D, 0x55, 0xAF, 0x56, 0xEF, 0x6C, 0x6F,
    0x5F, 0x03, 0x17, 0xC9, 0xD6, 0x37, 0xD0, 0x05, 0x43, 0xA7, 0xAD, 0xA6, 0x94, 0x34, 0xD1, 0x19,
    0x13, 0x49, 0x1A, 0x33, 0x63, 0x5F, 0x48, 0xFF, 0xF0, 0xB3, 0x2D, 0xE4, 0x75, 0xA5, 0x11, 0x88,
    0xEA, 0x31, 0xB6, 0x40, 0xA3, 0x1A, 0x23, 0xF7, 0x62, 0x7D, 0xF8, 0xDF, 0x89, 0x1D, 0x80, 0x4A,
    0x33, 0x3C, 0x2E, 0xB4, 0xD5, 0x8F, 0xC6, 0x5C, 0xAE, 0x98, 0xCA, 0xC8, 0x81, 0xD1, 0x48, 0x26,
    0x39, 0xF0, 0x53, 0x3D, 0x7F, 0xFB, 0xF3, 0x1B, 0x49, 0xBE, 0xE1, 0xA5, 0x38, 0xE2, 0x31, 0xB8,
    0x91, 0x0D, 0x9C, 0x51, 0x35, 0xB9, 0x09, 0x4A, 0xD9, 0x88, 0x33, 0xAF, 0xA6, 0x21, 0xFC, 0xFE,
    0xFA, 0x78, 0x74, 0xE2, 0xDD, 0xE8, 0x41, 0xA7, 0xD3, 0x09, 0x64, 0xE9, 0xEF, 0xA5, 0x7F, 0x93,
    0x65, 0xBB, 0x4B, 0xBA, 0xD0, 0xD1, 0x87, 0x16, 0x53, 0xAE, 0xD1, 0xD4, 0xE8, 0xCB, 0xD3, 0xE9,
    0x54, 0x4B, 0x96, 0xF1, 0x1D, 0x08, 0x2C, 0xA1, 0x87, 0xA4, 0xCD, 0xA6, 0x50, 0xE7, 0x63, 0xB9,
    0x76, 0x5B, 0xB5, 0xB8, 0x5F, 0x9D, 0x4B, 0xE3, 0x92, 0x19, 0xC7, 0x60, 0x6C, 0x13, 0xBF, 0xE3,
    0x3E, 0x55, 0x1B, 0x34, 0x64, 0x82, 0x6E, 0xCC, 0x37, 0x68, 0xA6, 0x03, 0x33, 0xE3, 0x68, 0xBB,
    0x5F, 0x4C, 0x9F, 0x68, 0x48, 0x34, 0x97, 0x56, 0xDC, 0x5C, 0x6E, 0x9C, 0x2A, 0xE3, 0x1A, 0x65,
    0x2C, 0x96, 0x47, 0xDF, 0x96, 0x73, 0x3A, 0x42, 0x36, 0x50, 0x43, 0xA8, 0x3F, 0xBF, 0x05, 0x76,
    0x88, 0xAA, 0x41, 0x9E, 0xF7, 0x9E, 0xA0, 0x95, 0x62, 0x67, 0xB7, 0xEA, 0x3E, 0x53, 0x4D, 0xBE,
    0xAC, 0xDB, 0xE6, 0x7B, 0xA0, 0x95, 0x52, 0x2D, 0x74, 0x67, 0xA2, 0xC0, 0xD0, 0x6C, 0x40, 0xA5,
    0x5A, 0x2B, 0x50, 0xA8, 0xD5, 0x02, 0xE4, 0xFA, 0xB3, 0x26, 0x20, 0xD5, 0xDF, 0x34, 0x02, 0x89,
    0xBE, 0x73, 0x38, 0xB8, 0x3B, 0x73, 0x27, 0x99, 0x88, 0xDA, 0x4C, 0x0F, 0x1A, 0x6D, 0x27, 0xA0,
    0x91, 0xA4, 0xB7, 0xF3, 0xE1, 0x98, 0x69, 0xE2, 0x2D, 0x1C, 0x7D, 0xFF, 0x9E, 0xF8, 0xCF, 0x9E,
    0xEA, 0xC5, 0x93, 0xBB, 0x71, 0xF7, 0xB3, 0x86, 0x77, 0xFB, 0xE3, 0x0D, 0xF9, 0xBC, 0x7D, 0xB7,
    0xC8, 0x53, 0x8D, 0x85, 0x4F, 0xBD, 0xC1, 0xAF, 0xAF, 0xFF, 0x5C, 0x48, 0x5A, 0x2B, 0x7D, 0xD9,
    0x2D, 0xF1, 0x4C, 0x98, 0xE2, 0x0A, 0x1F, 0x1B, 0x88, 0x02, 0x4A, 0x17, 0x2C, 0x2E, 0x9B, 0x67,
    0x04, 0x69, 0xB3, 0xA6, 0xBE, 0x50, 0xA7, 0xA9, 0x3C, 0x67, 0x5A, 0xE3, 0x42, 0x73, 0x8E, 0x33,
    0xE5, 0xB6, 0x43, 0xA1, 0xB8, 0x92, 0x2B, 0x6E, 0x14, 0xDB, 0x1E, 0x5B, 0x6C, 0x85, 0xCE, 0x71,
    0x75, 0xC4, 0x42, 0xE7, 0x0C, 0xA5, 0x34, 0x10, 0x3A, 0xCD, 0x90, 0x6B, 0xBD, 0x8E, 0x7E, 0x25,
    0xA0, 0x38, 0xE0, 0xB7, 0x50, 0x6D, 0xCD, 0xF3, 0xD0, 0x9D, 0x1B, 0x87, 0x19, 0x26, 0x43, 0x9B,
    0x39, 0x09, 0x1F, 0x9C, 0xE0, 0xA6, 0xE5, 0x33, 0xE2, 0x1C, 0x34, 0x74, 0x7B, 0xEE, 0xE9, 0x15,
    0x34, 0xCB, 0x6E, 0x2B, 0x47, 0x9A, 0x9A, 0xBB, 0xE2, 0x8E, 0xCD, 0xDC, 0x38, 0x23, 0x96, 0x4A,
    0x97, 0xB1, 0x08, 0xFA, 0x96, 0x1B, 0x4D, 0x40, 0x6E, 0xA7, 0xEA, 0xEC, 0x9B, 0x33, 0x90, 0xA8,
    0x86, 0xA6, 0x27, 0xD4, 0x74, 0x3D, 0x88, 0x44, 0x5B, 0x5D, 0x4D, 0xA4, 0x9E, 0x47, 0x8D, 0xF9,
    0x42, 0x36, 0xBB, 0xA7, 0x61, 0x37, 0x14, 0x63, 0xD0, 0xDF, 0x7F, 0xD3, 0x87, 0x8D, 0xB2, 0x4F,
    0x05, 0x35, 0xA2, 0xEA, 0x73, 0xF7, 0x47, 0x53, 0xC7, 0xBA, 0x58, 0xAC, 0xC5, 0x36, 0x52, 0x4C,
    0x58, 0xEB, 0x1B, 0x4A, 0x6B, 0x54, 0xBB, 0x56, 0x8D, 0xD6, 0xCA, 0xBE, 0xBB, 0x57, 0xBB, 0x1B,
    0x71, 0xD5, 0xF6, 0xCC, 0xF3, 0x25, 0x73, 0x9B, 0x1F, 0x35, 0xEA, 0xAA, 0xCF, 0xCE, 0xD6, 0x3A,
    0x8A, 0x31, 0x51, 0x7B, 0xD3, 0x23, 0x57, 0x95, 0xD4, 0x27, 0x67, 0x3F, 0x7D, 0x94, 0xFA, 0x6C,
    0x25, 0xD9, 0xC8, 0xA5, 0xB6, 0x9C, 0x41, 0x2D, 0x9F, 0x7C, 0x41, 0x33, 0x42, 0x74, 0xB1, 0xA0,
    0x16, 0x0A, 0x27, 0x29, 0x37, 0x20, 0xD5, 0x73, 0x82, 0x9C, 0x9D, 0x4E, 0x2F, 0x74, 0x8C, 0x60,
    0x7E, 0x4C, 0xFF, 0x61, 0xD4, 0xE3, 0x43, 0x0B, 0xA7, 0x87, 0xA6, 0x8B, 0xB5, 0x2E, 0xA5, 0xA9,
    0xF0, 0x61, 0x20, 0x9D, 0xB3, 0x3A, 0x97, 0x53, 0x11, 0x7E, 0xA5, 0x20, 0xA9, 0x90, 0x14, 0xF5,
    0x54, 0xCD, 0x94, 0xAA, 0x1B, 0x7C, 0xE5, 0xEA, 0xA6, 0x4A, 0x8D, 0xED, 0x5A, 0x55, 0x68, 0xEC,
    0xC2, 0x13, 0x1E, 0x70, 0x95, 0x9F, 0xC1, 0x47, 0xE0, 0x17, 0x12, 0x07, 0xF0, 0x38, 0x9D, 0x49,
    0xB5, 0x26, 0x3A, 0x53, 0x68, 0xCA, 0x34, 0x53, 0x79, 0x2A, 0x47, 0x1A, 0xD5, 0x51, 0x7D, 0xD0,
    0x86, 0xF4, 0xA6, 0x47, 0xA9, 0x91, 0xA8, 0x7E, 0xD7, 0xD8, 0xD5, 0xDD, 0x4E, 0xAE, 0x39, 0xD5,
    0x62, 0x4F, 0xC7, 0x20, 0xF9, 0xD1, 0x89, 0x6A, 0xEF, 0xF8, 0x64, 0x87, 0x4F, 0x72, 0xF5, 0x99,
    0x69, 0x66, 0x88, 0x35, 0x55, 0x0B, 0x3F, 0x82, 0x0F, 0x39, 0x59, 0x4E, 0xC8, 0xA2, 0xFA, 0x3E,
    0x02, 0x48, 0xFF, 0x7B, 0xFA, 0xFC, 0xF6, 0xF6, 0xB1, 0x77, 0xD2, 0xEB, 0x97, 0xED, 0xEF, 0x6F,
    0xE8, 0xE1, 0x18, 0xFA, 0x20, 0x3D, 0xA7, 0xF2, 0xD0, 0x07, 0x49, 0xE4, 0x1E, 0x7A, 0x6B, 0xFD,
    0x65, 0xE8, 0x7F, 0xA9, 0x31, 0x78, 0xE8, 0x83, 0xEC, 0xB5, 0x83, 0xB5, 0x62, 0xC2, 0x43, 0x7F,
    0x68, 0x1E, 0xFA, 0x8B, 0xD6, 0x37, 0x17, 0xAD, 0x3A, 0xB4, 0x38, 0xE2, 0x01, 0x0F, 0x7A, 0xAA,
    0xFE, 0xA2, 0x49, 0x5C, 0xB5, 0xC5, 0x5A, 0xE3, 0xBB, 0x2B, 0x97, 0x88, 0x64, 0xB3, 0xE6, 0xCC,
    0xE8, 0x18, 0xFA, 0x20, 0x3F, 0xA7, 0x87, 0xDE, 0xF9, 0x06, 0x3C, 0xF4, 0x41, 0xDE, 0x1F, 0x2E,
    0xE4, 0x6A, 0x4B, 0xE2, 0xA1, 0x0F, 0x22, 0x5B, 0x3D, 0xF4, 0x5B, 0x10, 0x89, 0x2E, 0x43, 0x0F,
    0xEF, 0x6F, 0xE8, 0xA3, 0x2C, 0xD3, 0x7D, 0x04, 0x96, 0x47, 0xAA, 0x49, 0xFC, 0x9F, 0xB7, 0x06,
    0x95, 0x24, 0xE2, 0xB6, 0x1B, 0xBB, 0x29, 0x51, 0xAF, 0x1E, 0x03, 0xDD, 0x4B, 0x50, 0xDF, 0x0D,
    0x3B, 0x34, 0x4B, 0xA6, 0xD6, 0x79, 0x28, 0xA5, 0x8D, 0xE3, 0x2C, 0x94, 0x06, 0xB8, 0x79, 0x02,
    0xF0, 0xC1, 0x2F, 0xB0, 0x94, 0xEB, 0x0F, 0xA0, 0xEE, 0x3F, 0x0D, 0xAF, 0xA7, 0xEF, 0xD9, 0x76,
    0x7B, 0xFB, 0x43, 0x0B, 0x1D, 0xF2, 0x7D, 0xF6, 0xCC, 0x27, 0x5F, 0x41, 0x22, 0xF5, 0x54, 0x97,
    0xEF, 0xA5, 0x2B, 0x51, 0xDE, 0xD8, 0x63, 0x3C, 0x93, 0x1D, 0xAF, 0xAC, 0x3C, 0x03, 0x95, 0xF3,
    0x47, 0x83, 0x66, 0x48, 0x35, 0x42, 0xA1, 0x16, 0xA2, 0x3D, 0xB4, 0xBC, 0x34, 0xD5, 0x10, 0xB5,
    0x77, 0xE2, 0x9E, 0x5F, 0x87, 0x43, 0x3E, 0xF9, 0x1A, 0x32, 0x69, 0x70, 0xA1, 0x85, 0xC6, 0xD5,
    0xAA, 0x17, 0xDD, 0x46, 0x51, 0x17, 0xC2, 0x1B, 0xE7, 0x0A, 0x6E, 0xE9, 0xD6, 0xD5, 0xA4, 0xD6,
    0xF0, 0xD8, 0xB0, 0xC2, 0x83, 0x47, 0x1B, 0x4E, 0x71, 0xEC, 0xDB, 0xDA, 0xF0, 0x07, 0x57, 0xBE,
    0x16, 0xDA, 0x0C, 0x0B, 0x95, 0x6B, 0xF0, 0xEB, 0x2F, 0xFC, 0x12, 0xF7, 0x51, 0xAA, 0x34, 0xD1,
    0x1C, 0xE7, 0x57, 0xAA, 0x99, 0x42, 0x03, 0x95, 0xA0, 0x5B, 0xC0, 0x1B, 0xFC, 0xC1, 0x09, 0x4F,
    0x5C, 0x23, 0xC8, 0x35, 0xFD, 0x6F, 0xA8, 0xB8, 0x43, 0xF5, 0x41, 0x2D, 0x95, 0xA9, 0x27, 0x9A,
    0x26, 0x64, 0xDA, 0x9E, 0xC9, 0x64, 0xB9, 0x4B, 0xFF, 0x3C, 0x68, 0x30, 0x55, 0xAA, 0x4D, 0xC1,
    0x5B, 0xC6, 0x39, 0xDF, 0x1B, 0x11, 0x3A, 0x49, 0x33, 0x95, 0x4C, 0x48, 0xA6, 0xF4, 0xA0, 0x5C,
    0xD2, 0x8B, 0x67, 0x73, 0x21, 0x69, 0xCA, 0xE7, 0xEA, 0xA0, 0xF8, 0x36, 0x6A, 0xEE, 0xA3, 0x7B,
    0xE2, 0xAA, 0x83, 0xCA, 0x83, 0x8A, 0x83, 0xD2, 0x83, 0xB8, 0x50, 0x75, 0x50, 0x78, 0xF6, 0x3B,
    0x13, 0x14, 0xFF, 0x0F, 0xF4, 0xC1, 0xC3, 0xF0, 0x30, 0x7C, 0x43, 0xA9, 0xFA, 0xF8, 0x71, 0xD8,
    0xBC, 0xFA, 0xFD, 0x59, 0x87, 0xAF, 0x40, 0x35, 0x41, 0x90, 0x68, 0x20, 0xD5, 0x0A, 0xD5, 0x06,
    0xB9, 0x20, 0x13, 0x1F, 0x97, 0x22, 0xCA, 0xD7, 0x99, 0x28, 0xF7, 0x57, 0x83, 0x25, 0x51, 0x4F,
    0xA1, 0xDE, 0x53, 0xEC, 0x2D, 0x5B, 0xC8, 0x99, 0xD5, 0x57, 0x2F, 0x76, 0xFD, 0xAF, 0xEA, 0xD3,
    0x9F, 0xAB, 0xC7, 0x3E, 0xE9, 0xF7, 0xB8, 0x5E, 0x4A, 0xB5, 0xD5, 0x24, 0xD2, 0x48, 0x2E, 0xAD,
    0xC7, 0x59, 0x18, 0x97, 0x4C, 0xC4, 0x29, 0x51, 0xDB, 0x8C, 0xE1, 0x38, 0x2E, 0x5F, 0x07, 0xDF,
    0x68, 0xE3, 0x9C, 0xAA, 0xAE, 0xB6, 0x47, 0xA2, 0x90, 0xCE, 0xA4, 0xD2, 0x02, 0x9D, 0x7C, 0x84,
    0x7E, 0xCD, 0x4B, 0xF9, 0x29, 0xFC, 0x04, 0x92, 0x8D, 0x20, 0xDC, 0x53, 0xA9, 0x7E, 0xA7, 0xA1,
    0x90, 0x4B, 0x4E, 0x99, 0x96, 0xEB, 0x77, 0x0A, 0xE4, 0x0D, 0x0C, 0x8D, 0xDA, 0x78, 0xF5, 0x99,
    0x5E, 0xF3, 0xF1, 0x25, 0xB1, 0x5B, 0x76, 0x83, 0x77, 0x4E, 0xAE, 0x19, 0x7F, 0xBA, 0x1A, 0xE8,
    0xE4, 0xD0, 0xF0, 0x9A, 0xC7, 0x98, 0x6B, 0xBA, 0x7A, 0xE4, 0xB6, 0xB7, 0xF0, 0x47, 0xF8, 0x13,
    0xF0, 0x63, 0xF8, 0x10, 0x48, 0x6E, 0x81, 0x1B, 0x03, 0x85, 0xAE, 0x40, 0xA3, 0xEB, 0xE1, 0x97,
    0xC8, 0x6A, 0x5C, 0xF0, 0x2D, 0xAB, 0xDD, 0xE4, 0xFB, 0x56, 0x83, 0x46, 0xFF, 0xFF, 0x9D, 0xB8,
    0x7C, 0xA8, 0xD5, 0x5F, 0x04, 0x99, 0x6A, 0xE0, 0xA3, 0x7F, 0xB5, 0x73, 0x15, 0xB0, 0x96, 0x23,
    0xCB, 0xB5, 0x6C, 0x4B, 0xEF, 0x26, 0x63, 0x49, 0x0E, 0x73, 0xE2, 0x88, 0xC3, 0x16, 0x73, 0x64,
    0x87, 0x99, 0x39, 0x11, 0x73, 0x70, 0xC4, 0x8A, 0x28, 0x76, 0x98, 0x99, 0x84, 0x61, 0xD8, 0x99,
    0x09, 0x27, 0x82, 0xA0, 0x1D, 0x16, 0xCB, 0x41, 0xB1, 0xBE, 0xC3, 0x9C, 0x38, 0xFA, 0x96, 0xD6,
    0xEF, 0xFF, 0xB6, 0x4F, 0xC6, 0xA7, 0xAA, 0x4B, 0x73, 0x67, 0xEF, 0xBE, 0x8C, 0x46, 0xB3, 0xF4,
    0xF4, 0xAE, 0xB4, 0x3E, 0x67, 0xF6, 0xB5, 0xDD, 0xDD, 0x55, 0xDD, 0xEE, 0xEA, 0xAA, 0x72, 0xE7,
    0xB0, 0x67, 0xA9, 0x86, 0xAB, 0xCD, 0x69, 0x1D, 0x9C, 0xF6, 0xB3, 0x53, 0x4C, 0x46, 0xA9, 0x4C,
    0x52, 0xB6, 0x37, 0x79, 0xD8, 0x91, 0x16, 0xC7, 0xBF, 0x06, 0xD2, 0x72, 0x93, 0xC2, 0x68, 0x1D,
    0xA4, 0x36, 0xDA, 0x2F, 0xD2, 0x1A, 0xC5, 0x2C, 0x50, 0x9A, 0x62, 0xCC, 0x76, 0x0C, 0x47, 0x0F,
    0x33, 0x74, 0xA7, 0x77, 0x1C, 0x54, 0x1F, 0xF7, 0x76, 0xA5, 0xE5, 0x2E, 0xF5, 0x5F, 0x91, 0x1E,
    0xCF, 0x6A, 0xFF, 0x58, 0x69, 0xBB, 0x08, 0x32, 0xA5, 0x98, 0xB3, 0x4D, 0xE9, 0xB1, 0x93, 0x0D,
    0x4A, 0x33, 0x8E, 0x43, 0x80, 0xCF, 0x6A, 0x22, 0x2D, 0x76, 0x89, 0xB4, 0x0A, 0x4E, 0xDB, 0xF5,
    0xF1, 0x8B, 0xF8, 0x4B, 0xF0, 0x37, 0x7C, 0x96, 0xDE, 0xCB, 0x67, 0x45, 0xEA, 0x4F, 0x7C, 0xF3,
    0xEB, 0xE2, 0x03, 0xF7, 0xC6, 0x74, 0x41, 0x8B, 0x43, 0x75, 0x51, 0x00, 0xC1, 0x74, 0x51, 0x03,
    0xBB, 0xE9, 0xA2, 0x00, 0x60, 0xBA, 0x38, 0x4D, 0x05, 0x1A, 0xD5, 0x45, 0xD2, 0xE4, 0x68, 0x54,
    0x17, 0x5A, 0x93, 0x5D, 0x0B, 0x98, 0x2E, 0xB4, 0x71, 0xD6, 0xAE, 0x36, 0x98, 0x2E, 0x24, 0xC1,
    0x2C, 0x26, 0xBF, 0x53, 0xD4, 0x85, 0x48, 0x89, 0xC6, 0x24, 0xC7, 0xA2, 0xD4, 0x85, 0x16, 0xA5,
    0x2E, 0xAC, 0x28, 0x45, 0x57, 0x02, 0x2C, 0xB6, 0x8A, 0xD4, 0x4A, 0x31, 0x1B, 0xE5, 0xB3, 0x8C,
    0xF2, 0x59, 0x4A, 0xFD, 0x97, 0xF4, 0x1B, 0xA7, 0x49, 0x27, 0x25, 0x30, 0x08, 0xE7, 0x50, 0xCB,
    0xEE, 0x17, 0x60, 0xE1, 0x55, 0x6D, 0x85, 0x72, 0x6C, 0x83, 0x36, 0xFC, 0x5D, 0xB9, 0x86, 0xF7,
    0x4B, 0x34, 0x50, 0xA0, 0xDB, 0xAB, 0xD5, 0xA4, 0x99, 0xF4, 0xB3, 0x50, 0x00, 0x29, 0xD0, 0x69,
    0xD7, 0xF9, 0x02, 0x28, 0x77, 0x32, 0x8C, 0xDA, 0xFB, 0x04, 0xB6, 0x2F, 0x60, 0x17, 0xF8, 0x10,
    0xF6, 0xEB, 0x70, 0x96, 0x3C, 0x3C, 0xF4, 0xB0, 0x67, 0x18, 0x72, 0x0C, 0x93, 0x14, 0xFB, 0xA1,
    0x08, 0x0C, 0x7B, 0xD3, 0x6E, 0xC5, 0x7E, 0x4C, 0x08, 0x7A, 0x4E, 0x82, 0xF4, 0x64, 0xCB, 0xB1,
    0x8D, 0xC5, 0xD0, 0x72, 0xCD, 0xCC, 0x80, 0xE1, 0x0A, 0xD7, 0x09, 0xC6, 0xFC, 0xE5, 0x38, 0xF0,
    0x4A, 0x9D, 0x0B, 0x39, 0x9A, 0x5A, 0xC7, 0x7F, 0x01, 0xE9, 0xBF, 0x99, 0xAC, 0x0A, 0x89, 0x4D,
    0x84, 0x7A, 0xCD, 0x82, 0xB2, 0x7E, 0xCE, 0x57, 0x1B, 0xC4, 0x93, 0x7A, 0xBD, 0xF8, 0x10, 0x00,
    0x3A, 0xE2, 0x8C, 0x15, 0x10, 0x63, 0xD5, 0xC6, 0x19, 0xF0, 0xD7, 0xA6, 0x56, 0xDE, 0xDB, 0xCF,
    0x91, 0x61, 0x8A, 0xEC, 0xEA, 0x1F, 0xA9, 0x7A, 0xD8, 0x7E, 0x4F, 0xCC, 0x04, 0x12, 0x68, 0xB5,
    0xEE, 0x14, 0xD4, 0x75, 0x43, 0x84, 0xCB, 0xFE, 0x85, 0xDF, 0xBD, 0x07, 0x3A, 0x9A, 0xFC, 0x6A,
    0xE5, 0xDB, 0x8D, 0x62, 0x0D, 0xEC, 0xEB, 0xCA, 0xAA, 0x66, 0x91, 0xC4, 0xB4, 0xCA, 0x71, 0x68,
    0xFF, 0x7B, 0xF4, 0x9A, 0x7A, 0xDE, 0x89, 0x8D, 0xD7, 0x10, 0x79, 0x22, 0xDC, 0x59, 0x34, 0x3D,
    0xC6, 0x2B, 0x4A, 0x16, 0x18, 0x6B, 0x40, 0x37, 0xA8, 0xC0, 0xA2, 0x9E, 0x30, 0xE9, 0x71, 0x14,
    0xBE, 0xC2, 0xDE, 0x98, 0x35, 0x26, 0xE2, 0x95, 0xB0, 0xD3, 0x9B, 0x12, 0x01, 0x8C, 0x54, 0x18,
    0x94, 0x9C, 0xDC, 0xE5, 0x16, 0x4B, 0x4B, 0xCD, 0xD2, 0xF6, 0x86, 0xB8, 0xFC, 0xEB, 0x31, 0x2B,
    0x01, 0x16, 0xBB, 0x1B, 0x81, 0x24, 0x8D, 0x24, 0x03, 0x36, 0xAB, 0x01, 0xB0, 0xB9, 0xFD, 0x3F,
    0x4A, 0x0A, 0xBC, 0x0D, 0x1D, 0x85, 0x86, 0xEF, 0xB7, 0xA9, 0x83, 0xCF, 0x50, 0x52, 0xC3, 0x1A,
    0xD4, 0x22, 0xB3, 0xB9, 0xB8, 0x67, 0x58, 0x48, 0xB6, 0x14, 0xAB, 0x0A, 0x36, 0x81, 0xEA, 0x77,
    0x15, 0x6C, 0x24, 0x8B, 0xCA, 0x2F, 0xA7, 0x11, 0xCA, 0x1A, 0x26, 0x7A, 0xEC, 0xCC, 0x0E, 0x1D,
    0x84, 0x97, 0x32, 0xCE, 0x3A, 0x9A, 0xAE, 0x6D, 0xDC, 0xDD, 0xF4, 0x91, 0x10, 0xB1, 0x4A, 0xA2,
    0x24, 0x48, 0x1A, 0x49, 0x86, 0xC7, 0xDB, 0x87, 0x87, 0xDC, 0xC0, 0xAC, 0x2A, 0xC6, 0x1C, 0x0B,
    0x49, 0x53, 0x40, 0xDF, 0x8D, 0x5D, 0xC9, 0x86, 0xBB, 0xB3, 0x5A, 0xED, 0x11, 0x76, 0x72, 0x6A,
    0xD9, 0xDD, 0x02, 0x33, 0xD0, 0x90, 0x2C, 0xBA, 0x03, 0xD3, 0xCD, 0x8F, 0x79, 0x94, 0x58, 0xD4,
    0xC4, 0xCA, 0x3B, 0xB5, 0xF7, 0x8A, 0x29, 0x96, 0x58, 0x76, 0x8C, 0x65, 0x15, 0xE5, 0x23, 0x7E,
    0x4E, 0xEE, 0xD4, 0xF4, 0x1A, 0xA9, 0x89, 0xD3, 0xA9, 0x89, 0x3A, 0x99, 0xCE, 0x85, 0xE9, 0x32,
    0x74, 0xD1, 0x95, 0xF8, 0x1C, 0x5B, 0xD7, 0xB7, 0x94, 0xF5, 0x25, 0x47, 0x4F, 0x83, 0xBD, 0xD6,
    0xEF, 0xBD, 0x74, 0xA7, 0xA6, 0xD7, 0x4A, 0x4D, 0xC9, 0x1F, 0x88, 0xEC, 0xA2, 0x8D, 0x4E, 0x49,
    0x2A, 0xE0, 0x2B, 0x36, 0xED, 0xBB, 0x09, 0x91, 0xCD, 0x21, 0xF9, 0x36, 0xA8, 0x76, 0x76, 0xA9,
    0xD4, 0xAF, 0x14, 0x24, 0x79, 0xE9, 0x6E, 0x12, 0xBD, 0x66, 0xDA, 0xB9, 0xFA, 0x01, 0xF9, 0x00,
    0x11, 0x35, 0x29, 0x79, 0x83, 0xB4, 0x41, 0x27, 0x88, 0xF4, 0x9B, 0x91, 0x36, 0x92, 0x3A, 0x24,
    0x2A, 0x96, 0x7C, 0x92, 0xB6, 0x13, 0xFB, 0xDD, 0x69, 0xE7, 0x35, 0xD3, 0x8E, 0x5C, 0x71, 0xC2,
    0x68, 0xC9, 0xA7, 0x85, 0xF9, 0xAB, 0x26, 0xC3, 0x2D, 0x33, 0x12, 0xD2, 0xED, 0x9C, 0xA4, 0xF1,
    0x4F, 0x2E, 0x79, 0x01, 0xD6, 0x3B, 0x5D, 0x3C, 0xA7, 0x55, 0xF0, 0x50, 0x7F, 0x8D, 0x48, 0xAC,
    0x88, 0xC5, 0x32, 0xE7, 0x94, 0x9D, 0xF3, 0xE2, 0x09, 0x5E, 0x3A, 0xB7, 0x30, 0x9F, 0x3D, 0xA7,
    0x46, 0x1A, 0x35, 0x23, 0xFD, 0xEE, 0x5C, 0x10, 0x9C, 0xA7, 0x58, 0x9D, 0x67, 0x98, 0x9D, 0x9F,
    0x9C, 0x53, 0x6A, 0xCE, 0x8F, 0x18, 0xEA, 0xF1, 0xFC, 0x07, 0x1A, 0x15, 0x4F, 0xE1, 0x51, 0x44,
    0x71, 0xDE, 0xEF, 0xE2, 0x1C, 0xC1, 0x79, 0xEA, 0x5C, 0x75, 0x14, 0x9F, 0x93, 0x9B, 0x54, 0xB5,
    0x2A, 0x38, 0x2F, 0x9D, 0x9B, 0x9A, 0x8C, 0xB7, 0xCE, 0x4D, 0x59, 0xC6, 0x8F, 0xC7, 0x3D, 0x22,
    0x67, 0x55, 0x7A, 0x61, 0x55, 0x07, 0xDF, 0x0E, 0xD7, 0x6D, 0x8E, 0x39, 0x4A, 0xB7, 0x2B, 0x30,
    0x39, 0x2F, 0x31, 0x38, 0xAF, 0x9F, 0xE0, 0x2D, 0x1A, 0xE7, 0x80, 0x38, 0x3F, 0x7B, 0x0F, 0xED,
    0x8D, 0x35, 0xF6, 0x5A, 0x6C, 0xD0, 0x34, 0xA6, 0x29, 0xEB, 0xC3, 0x6E, 0x6D, 0x0E, 0x22, 0xC0,
    0xD6, 0xDC, 0x0F, 0xBA, 0x09, 0x93, 0xDF, 0x92, 0x2C, 0xCE, 0x05, 0xEF, 0xFE, 0x72, 0x66, 0x0F,
    0x56, 0x98, 0xDC, 0x2C, 0xBC, 0x8C, 0xDD, 0x4D, 0x78, 0xC3, 0x7D, 0xE3, 0xD9, 0xF3, 0xAD, 0x3E,
    0xDF, 0x39, 0xE4, 0xB0, 0xB9, 0xCE, 0xBE, 0xBE, 0x8B, 0xA4, 0xC0, 0x22, 0x57, 0x6C, 0xBF, 0xA5,
    0x1F, 0x18, 0x96, 0x86, 0x99, 0xA1, 0xF4, 0x86, 0x27, 0x58, 0xC0, 0xA1, 0xB8, 0x6E, 0x84, 0xC8,
    0x1A, 0xDC, 0x37, 0xE0, 0x4D, 0x49, 0x61, 0x7F, 0x68, 0x23, 0xAA, 0x8D, 0x6C, 0xDB, 0xEC, 0x0C,
    0x8E, 0xA3, 0x61, 0x63, 0xE3, 0xD6, 0xB7, 0x3C, 0x05, 0xD4, 0x77, 0xB1, 0xFB, 0xBE, 0x8E, 0x73,
    0xDB, 0x23, 0xD6, 0x08, 0xB6, 0x45, 0xBB, 0xB0, 0xB5, 0xF9, 0xAA, 0x63, 0xCE, 0x75, 0x1C, 0x46,
    0xC3, 0xAB, 0x5F, 0x59, 0x86, 0xAA, 0x7A, 0x96, 0x2B, 0xCB, 0xEB, 0xD0, 0xBC, 0xE1, 0xCA, 0x32,
    0x56, 0xFE, 0xD9, 0xAF, 0x47, 0x52, 0x85, 0xB5, 0xEA, 0xC6, 0x2B, 0xC3, 0x15, 0x94, 0xD7, 0xEE,
    0xBB, 0xD1, 0xCA, 0xB7, 0x9D, 0x94, 0x89, 0xC6, 0x16, 0x2C, 0xB8, 0xE0, 0x46, 0xEA, 0xAD, 0x97,
    0x8C, 0x05, 0xC0, 0x4E, 0x08, 0xEE, 0xE5, 0xAA, 0x2D, 0x12, 0xC2, 0x94, 0x8E, 0xFF, 0xC5, 0x22,
    0x39, 0xBA, 0x7A, 0x3B, 0x86, 0x6A, 0x81, 0xE6, 0x23, 0x7E, 0x4A, 0xE8, 0x22, 0x94, 0xDB, 0x2F,
    0x99, 0x97, 0x24, 0xFD, 0x01, 0xC9, 0xD0, 0x94, 0x41, 0x72, 0x0C, 0x47, 0x52, 0x04, 0x86, 0x1A,
    0x52, 0x90, 0x9F, 0xD0, 0x55, 0x9B, 0x24, 0x9B, 0xE4, 0x8B, 0xF8, 0xEF, 0xD6, 0xCB, 0xE4, 0xBD,
    0xBF, 0xA8, 0xB1, 0x1D, 0x60, 0xA1, 0x01, 0xBA, 0x60, 0x0F, 0xD1, 0x24, 0x9F, 0x13, 0x46, 0x0B,
    0xDD, 0xC9, 0x47, 0x3C, 0x39, 0x81, 0x3E, 0xE0, 0x71, 0xAB, 0x7E, 0x8A, 0xE1, 0x95, 0xF3, 0xCB,
    0x94, 0x70, 0x39, 0x28, 0xF9, 0xC0, 0xD7, 0xFF, 0xD2, 0x63, 0xE3, 0x72, 0x3B, 0x5E, 0x68, 0xDA,
    0x2C, 0xC2, 0xCE, 0xB6, 0x18, 0x69, 0xC9, 0x68, 0x5F, 0x73, 0xCC, 0xD6, 0xD5, 0x76, 0x33, 0x07,
    0xE9, 0x85, 0xD9, 0xD0, 0xB5, 0x00, 0x86, 0xF3, 0x8B, 0xE5, 0xBF, 0xD0, 0xD8, 0xA9, 0x5F, 0xF7,
    0x4B, 0x1A, 0x83, 0x6B, 0xCD, 0x85, 0xA6, 0xD9, 0x3B, 0xC0, 0x16, 0x8E, 0x2A, 0xA6, 0x45, 0x35,
    0x22, 0x00, 0x23, 0x47, 0x7F, 0xCF, 0x70, 0x77, 0xD3, 0x06, 0xA9, 0x37, 0x29, 0x21, 0x5F, 0xF5,
    0x53, 0x42, 0x97, 0xA8, 0xF8, 0xEF, 0xEA, 0x71, 0xAF, 0x5F, 0xE2, 0x2A, 0x17, 0x9E, 0xBA, 0x5A,
    0xAF, 0x39, 0x3A, 0x0E, 0x2A, 0xD9, 0x9B, 0xE6, 0x5A, 0x41, 0x63, 0xF9, 0x58, 0x5E, 0xA5, 0xE5,
    0x81, 0x3B, 0xB6, 0xA6, 0x0A, 0xD2, 0xCF, 0xF5, 0x2E, 0x58, 0xEA, 0x3D, 0xB1, 0x0B, 0x3D, 0xC4,
    0xF9, 0x3F, 0x4A, 0x45, 0xE5, 0xBF, 0xC5, 0x87, 0x7A, 0xF2, 0xB8, 0xCD, 0x8C, 0xA1, 0xA5, 0xA0,
    0xBE, 0x8C, 0x60, 0x88, 0x64, 0x8D, 0x04, 0x4E, 0x06, 0x1A, 0xAC, 0x3D, 0x98, 0xEB, 0x17, 0xE8,
    0x3D, 0x27, 0x91, 0x0A, 0x41, 0x49, 0x8E, 0x4D, 0x49, 0x06, 0x28, 0x49, 0x8C, 0x70, 0x42, 0x29,
    0xE9, 0xD1, 0x29, 0x69, 0xD1, 0xC5, 0x5C, 0xD1, 0xE1, 0xD9, 0x49, 0x8B, 0xE1, 0xAB, 0xB1, 0x3F,
    0xFC, 0x81, 0xE3, 0xF6, 0xF8, 0xC0, 0xC6, 0xAB, 0x38, 0xAF, 0x34, 0xC3, 0x1E, 0x1B, 0x16, 0xCE,
    0x9B, 0x9A, 0x00, 0x33, 0x6D, 0xE2, 0xFB, 0xC0, 0x18, 0x3B, 0xD8, 0x19, 0xD9, 0xC5, 0xC8, 0x12,
    0x49, 0xF7, 0x94, 0xA0, 0xCC, 0xA4, 0xBB, 0x5A, 0x25, 0x5B, 0xCC, 0xDC, 0xCC, 0x49, 0x80, 0xEB,
    0xFB, 0xB3, 0x15, 0xB2, 0x58, 0x14, 0xD4, 0x70, 0x3B, 0x6D, 0x1F, 0xC8, 0xE7, 0x48, 0x6E, 0x9B,
    0x33, 0x39, 0x4D, 0x72, 0xEF, 0x07, 0x44, 0x2E, 0xAE, 0x25, 0x3F, 0xC5, 0x71, 0x25, 0xBD, 0x8D,
    0x5A, 0x2A, 0xD3, 0x08, 0x9C, 0x34, 0x91, 0x0C, 0x91, 0x4C, 0x91, 0xCC, 0x91, 0x04, 0x25, 0x3B,
    0x36, 0x25, 0x01, 0x30, 0xD2, 0xA3, 0x53, 0x52, 0x63, 0x50, 0x52, 0x62, 0x52, 0x52, 0x60, 0x51,
    0x72, 0x42, 0x50, 0x92, 0x62, 0x53, 0x22, 0x80, 0x91, 0x1E, 0xDD, 0x41, 0xB6, 0x43, 0x35, 0x4A,
    0x4A, 0xCC, 0x4A, 0x0A, 0x2C, 0x25, 0x2C, 0xDF, 0x4B, 0x49, 0x8A, 0x4D, 0x89, 0x00, 0x46, 0x5A,
    0xFC, 0xA4, 0x92, 0x1A, 0xFF, 0xA3, 0xA4, 0x04, 0x94, 0x14, 0x91, 0x64, 0x91, 0xA4, 0x91, 0x88,
    0x93, 0x36, 0x92, 0x3A, 0x92, 0x32, 0x92, 0x1C, 0x70, 0xDB, 0xD8, 0x37, 0x17, 0xAA, 0x15, 0x22,
    0xC7, 0x9E, 0x6F, 0xED, 0x7C, 0xEF, 0xA7, 0x44, 0xFA, 0x60, 0xA4, 0x84, 0x91, 0xF4, 0x62, 0x38,
    0xC0, 0x73, 0xAF, 0xA9, 0x10, 0x60, 0xF1, 0x59, 0xE4, 0xFB, 0x38, 0x0B, 0x7B, 0xF1, 0x6F, 0x3D,
    0xC9, 0x26, 0x09, 0x70, 0x2D, 0xF7, 0x01, 0xEE, 0x2D, 0x78, 0x39, 0x61, 0xD7, 0x18, 0x8C, 0xBE,
    0x8E, 0x6B, 0x06, 0xA6, 0x75, 0x73, 0x52, 0x92, 0x50, 0xB0, 0xA3, 0x6E, 0x99, 0x6B, 0x8B, 0x24,
    0x2D, 0x91, 0xAC, 0x4A, 0x4E, 0xCF, 0x43, 0xEC, 0x76, 0x7B, 0xA0, 0x55, 0xB1, 0x54, 0x98, 0xB4,
    0xAE, 0xD2, 0x9A, 0x31, 0x7B, 0xD4, 0x26, 0x87, 0xEA, 0x60, 0xF0, 0xC6, 0xA7, 0xC0, 0xC2, 0xEE,
    0x08, 0xAC, 0x83, 0xD6, 0xE5, 0x35, 0x0A, 0x61, 0xB2, 0x59, 0x60, 0xC9, 0xE6, 0xE6, 0x22, 0xB9,
    0xF2, 0x6D, 0xA4, 0xFB, 0x99, 0xCD, 0x62, 0x77, 0xA3, 0xDD, 0xED, 0x76, 0x37, 0xDD, 0xDD, 0x7A,
    0x8F, 0x06, 0xBC, 0xDB, 0xF0, 0x6E, 0xC6, 0x9B, 0x25, 0xFF, 0xDA, 0xEB, 0xEB, 0x4E, 0x5F, 0x4E,
    0x2A, 0xDF, 0xC2, 0x46, 0xA5, 0xC0, 0x14, 0x98, 0xC5, 0xBB, 0x0A, 0xFC, 0xB9, 0x6A, 0xB0, 0xDA,
    0x13, 0xDD, 0xE3, 0xF7, 0x8B, 0xC5, 0xDB, 0x1E, 0x76, 0xDC, 0x94, 0xBE, 0xD6, 0xFA, 0xBA, 0xD3,
    0xD7, 0xD7, 0x35, 0xD2, 0x8A, 0xB6, 0x4E, 0x60, 0x0E, 0xA6, 0x1F, 0x27, 0xA9, 0x01, 0x9C, 0x87,
    0x0C, 0xFA, 0xBF, 0x80, 0xAA, 0x09, 0x52, 0xAA, 0xE2, 0xFE, 0x40, 0x92, 0x07, 0xAF, 0xFD, 0xB4,
    0xBA, 0x53, 0x53, 0x7A, 0x18, 0xA0, 0xD4, 0x4E, 0xB0, 0x8C, 0x11, 0x1A, 0xA2, 0x24, 0x10, 0xAC,
    0x4E, 0xCC, 0x99, 0x04, 0x96, 0x39, 0x2D, 0x67, 0x86, 0xE9, 0x6B, 0xAB, 0xA6, 0x3B, 0x35, 0x25,
    0x72, 0xA4, 0x91, 0x9F, 0x0E, 0xC3, 0x8B, 0xB9, 0xFD, 0xFD, 0xD0, 0x06, 0x49, 0x99, 0x76, 0x99,
    0x63, 0x2E, 0x99, 0xAF, 0x7E, 0xC2, 0xDC, 0x43, 0x12, 0xCE, 0x28, 0xCB, 0x67, 0x29, 0x3D, 0x13,
    0x22, 0xEE, 0xA4, 0x73, 0xF2, 0x8A, 0xFF, 0xBF, 0x37, 0xA3, 0x14, 0x41, 0x72, 0x4C, 0x2D, 0xA4,
    0xA2, 0x63, 0xB6, 0xDF, 0xE5, 0x84, 0xB9, 0x5E, 0x25, 0xC1, 0x54, 0x4C, 0x22, 0x6D, 0x97, 0x75,
    0x22, 0x1F, 0x72, 0xAE, 0xDB, 0xC6, 0x30, 0x9D, 0x4D, 0xD1, 0x19, 0x53, 0x7D, 0xCE, 0x2C, 0xF8,
    0x10, 0xFB, 0xB8, 0xBC, 0x42, 0xD1, 0x41, 0x15, 0xDD, 0x46, 0x45, 0x17, 0x51, 0xD1, 0x55, 0x54,
    0x74, 0x0D, 0x53, 0x34, 0xA0, 0x8A, 0x4E, 0xF1, 0x36, 0x55, 0x74, 0x86, 0xCF, 0x51, 0x45, 0x17,
    0x30, 0x45, 0x57, 0xC1, 0x34, 0x55, 0x2F, 0xA6, 0x3B, 0xCC, 0x4A, 0x52, 0x0C, 0x4A, 0x32, 0x34,
    0x4A, 0x0A, 0x88, 0x92, 0x32, 0x18, 0xA9, 0x17, 0x53, 0x34, 0x66, 0x55, 0xF4, 0x5F, 0x60, 0x50,
    0x45, 0xFF, 0x03, 0x1A, 0x55, 0x34, 0x76, 0x53, 0x34, 0x82, 0x29, 0x1A, 0x4B, 0x54, 0xF4, 0xF4,
    0xFF, 0x2A, 0xBA, 0x8A, 0x8A, 0xAE, 0xA3, 0xA2, 0xE3, 0x5F, 0x12, 0xFC, 0xAD, 0x29, 0xBA, 0xED,
    0x6C, 0x3E, 0xE6, 0x72, 0xFE, 0x73, 0xBB, 0xD2, 0x7D, 0xC5, 0x9E, 0x64, 0xD2, 0xE3, 0x2C, 0xC5,
    0xC4, 0xBF, 0x17, 0x12, 0x37, 0x62, 0xB6, 0x1B, 0xD2, 0x4B, 0x98, 0xA5, 0x7D, 0xEF, 0xE1, 0x0F,
    0xC0, 0x02, 0x36, 0x6F, 0x15, 0xEC, 0x2F, 0x61, 0x89, 0x91, 0x86, 0x9A, 0x7E, 0xD6, 0x68, 0x61,
    0xA0, 0x49, 0x84, 0xA1, 0x86, 0x8D, 0x33, 0xA0, 0xB0, 0xBD, 0x56, 0xE6, 0x03, 0xD0, 0xF6, 0x4C,
    0xAD, 0x6D, 0x44, 0x3D, 0x79, 0xBF, 0x07, 0x46, 0x4F, 0xDC, 0x77, 0x3B, 0xD1, 0xCD, 0x44, 0x8F,
    0x1A, 0xB8, 0x91, 0xD8, 0x82, 0x90, 0x78, 0xE8, 0x6D, 0x3A, 0x33, 0x10, 0x3F, 0xE0, 0x25, 0x79,
    0x7E, 0xF9, 0xDF, 0xC9, 0xDF, 0x31, 0xF7, 0x38, 0x15, 0x88, 0xB5, 0xBD, 0x23, 0xA1, 0xE5, 0x33,
    0xFC, 0x1D, 0xF5, 0x52, 0xA0, 0x6B, 0xB9, 0x4F, 0xDB, 0x54, 0x03, 0x1F, 0x71, 0xF8, 0x92, 0xBA,
    0xE7, 0x96, 0xFF, 0x9D, 0xFC, 0x7F, 0xEE, 0x70, 0x52, 0x31, 0xA5, 0xBB, 0x0A, 0x2A, 0x5F, 0x1A,
    0xD2, 0xEA, 0xA5, 0x36, 0xB4, 0x6C, 0xC3, 0x20, 0x42, 0x8F, 0xF5, 0x24, 0xFE, 0xBB, 0x93, 0xFB,
    0xF3, 0xCA, 0xDD, 0x5F, 0xFD, 0x9E, 0x11, 0xE5, 0xB1, 0xB8, 0xED, 0xEC, 0x85, 0x5F, 0x62, 0x20,
    0x52, 0x0D, 0xD1, 0x3D, 0x4E, 0xBF, 0xF1, 0x45, 0xF9, 0x37, 0x87, 0x87, 0xE1, 0xA5, 0x16, 0x83,
    0x59, 0x38, 0x63, 0x34, 0x67, 0x68, 0x54, 0xF1, 0xE5, 0xC6, 0x15, 0x33, 0x98, 0xAF, 0x8B, 0x5E,
    0x14, 0xFE, 0x47, 0xDE, 0xA3, 0xC9, 0x10, 0x58, 0x86, 0x51, 0x78, 0x4D, 0x6C, 0xE7, 0x33, 0x2A,
    0x35, 0x37, 0x96, 0x1A, 0x1D, 0x0D, 0x8E, 0x16, 0x7C, 0x2D, 0x6E, 0xDA, 0xBF, 0x68, 0xEB, 0xB7,
    0x88, 0x56, 0xA5, 0xB6, 0xBF, 0x84, 0x7F, 0x3D, 0x35, 0x9C, 0x87, 0x1C, 0xE1, 0xB9, 0x79, 0xAF,
    0x1F, 0xF2, 0x3B, 0xE4, 0x67, 0xFC, 0xC2, 0x1B, 0xF8, 0x01, 0x05, 0x18, 0x4C, 0x0A, 0xAB, 0xC2,
    0xA6, 0x80, 0xE3, 0x86, 0x0F, 0x04, 0x9A, 0x1E, 0x1C, 0x19, 0x3D, 0x28, 0xBC, 0x03, 0xAA, 0x1B,
    0xC0, 0x8A, 0xB4, 0x84, 0x84, 0xB7, 0x1F, 0xEE, 0x43, 0x7D, 0xE6, 0xAE, 0x10, 0x14, 0x66, 0x85,
    0x8E, 0x70, 0x2D, 0x07, 0xBC, 0xA3, 0xF1, 0x76, 0x3E, 0x33, 0x5C, 0x8E, 0xB2, 0xAF, 0xD6, 0x55,
    0x34, 0x36, 0x86, 0x47, 0xC9, 0x6D, 0x0C, 0x97, 0xC0, 0xBF, 0xEB, 0x27, 0x4A, 0x8B, 0x94, 0x08,
    0x0C, 0x73, 0x67, 0xC4, 0x8E, 0x6E, 0xCF, 0x16, 0x8D, 0xA1, 0x48, 0x66, 0x98, 0x63, 0x21, 0x56,
    0x98, 0x88, 0xC0, 0x70, 0xE0, 0x61, 0xFD, 0x1D, 0x58, 0x62, 0x21, 0xD6, 0x18, 0x89, 0x2D, 0xBA,
    0xA7, 0x70, 0xB4, 0xBF, 0x07, 0x62, 0x05, 0x74, 0x07, 0x16, 0xC0, 0x7C, 0x60, 0x06, 0x6C, 0x07,
    0x32, 0xBE, 0xA0, 0xF5, 0x61, 0x38, 0x30, 0x01, 0x6D, 0x5C, 0x1A, 0x72, 0xC4, 0x02, 0x0B, 0xF1,
    0x74, 0x86, 0x8D, 0xE4, 0x07, 0x26, 0xD7, 0x5A, 0x2E, 0x01, 0xE0, 0x38, 0x1A, 0x76, 0x8A, 0xFB,
    0x51, 0xCF, 0x7D, 0xD8, 0xDC, 0x64, 0x8E, 0xA9, 0x4E, 0x58, 0x76, 0xC2, 0x43, 0x9E, 0x22, 0xC0,
    0x93, 0x49, 0x02, 0xB9, 0xCD, 0x72, 0x9B, 0xA5, 0x6D, 0xF0, 0x14, 0xE7, 0xA7, 0x7F, 0x5F, 0xBE,
    0xFF, 0x00, 0xDB, 0x6B, 0x51, 0x04, 0xB3, 0x35, 0x2D, 0x45, 0xC6, 0xD2, 0x1B, 0x7A, 0xCA, 0xAD,
    0x49, 0x00, 0x91, 0x0F, 0x75, 0x45, 0x9A, 0xD7, 0xAA, 0x86, 0x43, 0xF2, 0xAB, 0x7C, 0xCC, 0x7D,
    0x1C, 0x90, 0x82, 0x50, 0x28, 0xD4, 0xD8, 0x7F, 0xBE, 0x3D, 0x84, 0x35, 0x1E, 0x25, 0x7B, 0x34,
    0x07, 0x00, 0x42, 0xA0, 0x56, 0xF8, 0x2F, 0x10, 0x52, 0x0E, 0xC4, 0xB1, 0xA4, 0x74, 0xED, 0x76,
    0xE0, 0x7F, 0x34, 0x49, 0xFC, 0x73, 0xD0, 0x9C, 0x80, 0xED, 0x84, 0x46, 0x7A, 0x4C, 0x19, 0x1A,
    0x7E, 0x8D, 0x2D, 0x9E, 0x83, 0x6B, 0x11, 0x20, 0x55, 0xBE, 0xBB, 0x45, 0x2D, 0x19, 0xDB, 0xF2,
    0x8C, 0x72, 0x4B, 0x49, 0xDA, 0x3D, 0xE7, 0xF6, 0x36, 0xCB, 0x85, 0x11, 0x40, 0x8B, 0x01, 0x8A,
    0xB8, 0x0F, 0xDF, 0xB6, 0x6A, 0xBA, 0xA7, 0xE2, 0xF7, 0x89, 0x7D, 0xC8, 0x18, 0x08, 0x99, 0xA4,
    0x5F, 0x19, 0x1B, 0xA3, 0x55, 0x79, 0x5B, 0xE5, 0x92, 0xFC, 0x8E, 0x24, 0x1B, 0x97, 0xD9, 0x8C,
    0x2B, 0xCD, 0xFE, 0x15, 0x5C, 0x8C, 0xF8, 0x32, 0xD2, 0x57, 0x4F, 0x82, 0x4F, 0x66, 0x64, 0x68,
    0x93, 0xEA, 0xE8, 0xED, 0x2A, 0xE9, 0xCF, 0xDD, 0xE6, 0x81, 0x72, 0xAF, 0x93, 0x0F, 0x17, 0xE1,
    0x99, 0x06, 0x43, 0x1C, 0x0C, 0x82, 0xC7, 0x30, 0x3B, 0xB4, 0x6B, 0xCA, 0x6F, 0x68, 0x46, 0xE9,
    0x6D, 0x77, 0x7E, 0xAB, 0x67, 0x4E, 0x7E, 0x6D, 0xED, 0x1A, 0x7C, 0xE6, 0x48, 0x8A, 0x5F, 0x65,
    0xF0, 0x35, 0x64, 0xE1, 0x80, 0xF5, 0x0C, 0xC2, 0x29, 0xB0, 0x48, 0xBF, 0xFA, 0x0D, 0x9E, 0x15,
    0x75, 0xF5, 0xE0, 0x76, 0x0B, 0xEB, 0xAB, 0xF7, 0x46, 0xAE, 0xFE, 0xE0, 0xE8, 0xCE, 0x7D, 0x60,
    0x4D, 0xE0, 0xA7, 0xDD, 0x7C, 0x06, 0x80, 0x51, 0xA9, 0x77, 0xCD, 0x3D, 0x18, 0xFC, 0x60, 0x17,
    0x8F, 0x00, 0x91, 0x6F, 0x38, 0x1A, 0xBD, 0xF0, 0x85, 0xFD, 0x6E, 0xFA, 0x51, 0x64, 0x89, 0x21,
    0xCA, 0xBF, 0x88, 0xB4, 0x63, 0x7E, 0x86, 0x09, 0xE0, 0x84, 0x49, 0xBB, 0x1D, 0x03, 0xA9, 0x91,
    0x66, 0x70, 0x5A, 0xC0, 0x69, 0x8D, 0xFD, 0x47, 0x7B, 0xA5, 0x87, 0x28, 0xFC, 0xA0, 0x9D, 0x26,
    0x6E, 0xAF, 0x01, 0xFD, 0xA7, 0xD3, 0x21, 0x52, 0x60, 0x34, 0x9A, 0xD1, 0x31, 0x73, 0x3A, 0xFE,
    0x58, 0x02, 0x7B, 0x73, 0x05, 0xAF, 0x17, 0xD0, 0xA3, 0x7C, 0x5A, 0xD2, 0xC2, 0x42, 0xD3, 0x7A,
    0x0F, 0xBA, 0x2C, 0x1A, 0x71, 0x2B, 0x45, 0xF4, 0x8F, 0xC7, 0x82, 0xE5, 0xAB, 0xFA, 0x63, 0xD1,
    0xE9, 0xE7, 0xE5, 0x18, 0x5F, 0x71, 0xF0, 0xD1, 0xE8, 0x07, 0x1F, 0x7D, 0x51, 0xDF, 0x95, 0x58,
    0x24, 0x91, 0x98, 0x80, 0x3A, 0x98, 0x4C, 0x28, 0x8E, 0x9B, 0x53, 0x64, 0xAC, 0x8C, 0x95, 0xE7,
    0xBD, 0x66, 0xF5, 0xBF, 0x5B, 0x89, 0x55, 0xAE, 0x26, 0x1E, 0xAC, 0x34, 0xB1, 0xAE, 0xC9, 0xC6,
    0x62, 0xCF, 0x6B, 0xC9, 0x56, 0xA9, 0x46, 0x25, 0xDF, 0x98, 0xDF, 0xBA, 0xF8, 0x77, 0x52, 0xE6,
    0xA2, 0x48, 0x6C, 0xB0, 0xAF, 0xF1, 0x9A, 0x34, 0xBD, 0x46, 0xDC, 0x67, 0x5E, 0x27, 0x5E, 0x3B,
    0x91, 0xA4, 0xBF, 0x7E, 0xE1, 0x56, 0xCC, 0x07, 0x70, 0x1A, 0xA5, 0x71, 0x35, 0xA3, 0xB2, 0x7A,
    0x68, 0x34, 0xDF, 0x12, 0x21, 0x38, 0xC6, 0x0A, 0x8E, 0xAF, 0xA6, 0xC4, 0x18, 0xB7, 0x53, 0xC5,
    0x01, 0x9D, 0xE4, 0xBA, 0xC9, 0x22, 0xB0, 0xEB, 0xFD, 0x8D, 0x70, 0x9C, 0x19, 0xD0, 0xB4, 0x4F,
    0x4D, 0xC4, 0xCE, 0x84, 0xE1, 0xFD, 0x3A, 0x49, 0x01, 0x34, 0x57, 0xB0, 0xB1, 0x2F, 0x89, 0x82,
    0xB4, 0x0A, 0xB9, 0x82, 0x05, 0xB9, 0x25, 0xF9, 0xB2, 0xCF, 0x7D, 0xE1, 0x56, 0xCC, 0x2D, 0x91,
    0xCB, 0x0B, 0xB7, 0x62, 0x6E, 0x8F, 0x5C, 0x9E, 0x7F, 0xD1, 0xBE, 0x95, 0x02, 0xE1, 0x30, 0xA9,
    0x99, 0xE9, 0xB5, 0xAA, 0x2B, 0xA1, 0x85, 0x3A, 0x2F, 0x28, 0x98, 0x7E, 0x75, 0x57, 0xA9, 0x8E,
    0x29, 0xD6, 0xFE, 0x7A, 0xFD, 0xC7, 0x97, 0x5E, 0x89, 0x85, 0x6F, 0x6F, 0x4B, 0xE8, 0x39, 0xF1,
    0xFD, 0xDA, 0x48, 0x1D, 0xE4, 0xC8, 0x48, 0x7B, 0xC3, 0x9A, 0xF6, 0x6A, 0xD9, 0x73, 0x09, 0x1D,
    0x48, 0x9E, 0x3D, 0xD7, 0x07, 0xA9, 0xC3, 0xE5, 0xEC, 0x39, 0xCF, 0xC1, 0x5D, 0xDE, 0xD4, 0x57,
    0xCF, 0x86, 0xC3, 0x54, 0x6F, 0x09, 0xE6, 0x76, 0x4F, 0xB1, 0xB4, 0x8F, 0xD9, 0x52, 0x33, 0x1B,
    0x6E, 0xBA, 0x10, 0x74, 0x64, 0xDC, 0xA4, 0xC4, 0xF8, 0x26, 0xB8, 0xF8, 0xEF, 0x63, 0x25, 0xE1,
    0xC7, 0xFB, 0x63, 0x3E, 0xF3, 0x7B, 0xDF, 0x36, 0xA8, 0xF9, 0x60, 0x79, 0x44, 0xB3, 0xBE, 0x17,
    0x1B, 0x82, 0x99, 0x00, 0x7A, 0x70, 0x80, 0x2D, 0xC5, 0xFF, 0x42, 0x89, 0xE0, 0xE3, 0xA8, 0xF0,
    0xAF, 0x97, 0x1E, 0xE2, 0xE6, 0x64, 0xD2, 0xE8, 0x81, 0x78, 0xF8, 0x6E, 0x3D, 0xEC, 0xE6, 0x9D,
    0x76, 0x04, 0x22, 0xE6, 0x4C, 0x21, 0x27, 0x2C, 0x05, 0xF6, 0x2F, 0x06, 0xD6, 0x0A, 0xB3, 0x54,
    0x1A, 0x13, 0x2B, 0x0E, 0x38, 0x2C, 0xB4, 0xD0, 0x6A, 0xB2, 0x69, 0x0F, 0x79, 0x05, 0xAC, 0x06,
    0x5A, 0x64, 0xD1, 0x1B, 0x2C, 0xDA, 0x36, 0xEB, 0xC3, 0xC6, 0x02, 0x5B, 0xD2, 0x63, 0xA0, 0x31,
    0x02, 0xF6, 0x0B, 0x9B, 0xBD, 0x91, 0xFC, 0xBB, 0x7C, 0x86, 0xF7, 0x38, 0xEE, 0x1A, 0xF1, 0x8F,
    0x06, 0x73, 0x4C, 0xE9, 0xA6, 0xDB, 0xB9, 0xCD, 0x63, 0xFF, 0xD0, 0xFB, 0xB8, 0x9D, 0xB3, 0x0F,
    0x05, 0x2F, 0x7F, 0x26, 0xF8, 0xDE, 0x9F, 0x2B, 0x1F, 0xF8, 0x6F, 0x22, 0xED, 0x7A, 0xA2, 0x39,
    0x19, 0x2A, 0x7A, 0x7A, 0xB6, 0x1E, 0x88, 0x46, 0xDE, 0xE0, 0xB0, 0x7F, 0x1C, 0xCD, 0xC8, 0x45,
    0xEA, 0x03, 0x46, 0x3D, 0x93, 0x66, 0x50, 0xE8, 0x24, 0x3F, 0xA0, 0xB9, 0x04, 0xF2, 0x1A, 0x83,
    0x99, 0x56, 0x1A, 0xCA, 0xF0, 0x4F, 0x28, 0xCC, 0xAC, 0xB5, 0x31, 0xE4, 0xA9, 0x61, 0x7D, 0x20,
    0x54, 0xBB, 0x05, 0xF1, 0x9E, 0x61, 0x65, 0x98, 0x6C, 0x97, 0xAC, 0x5A, 0xD9, 0x45, 0x75, 0xD4,
    0x98, 0xC6, 0x4A, 0xEA, 0x6F, 0x32, 0x6D, 0xEA, 0xCA, 0xB0, 0x98, 0xA6, 0xDB, 0x27, 0xD5, 0x1F,
    0x6E, 0x00, 0x1B, 0x1A, 0x36, 0x96, 0x18, 0x7F, 0xCD, 0x31, 0x57, 0x2A, 0xE4, 0x02, 0x33, 0xE3,
    0xA3, 0x1C, 0x7C, 0x43, 0x0C, 0x6C, 0x03, 0x7E, 0x92, 0xE6, 0xCA, 0x21, 0xCF, 0x7E, 0xF6, 0x3E,
    0x42, 0x3C, 0xC8, 0xE6, 0x31, 0x36, 0x0D, 0xB1, 0xF9, 0x82, 0xD3, 0xC2, 0xE3, 0x6B, 0x1E, 0x5E,
    0x2B, 0xD0, 0x58, 0x70, 0xED, 0x56, 0xCB, 0xC5, 0xC2, 0xC2, 0x96, 0xF2, 0xD4, 0x1E, 0x05, 0xA3,
    0xB5, 0x9F, 0xF1, 0x21, 0x52, 0xE0, 0xBB, 0x99, 0x4A, 0xB1, 0xD3, 0xCA, 0x3F, 0xC6, 0x7C, 0xA0,
    0xEB, 0x9F, 0xB6, 0xF8, 0xAD, 0x95, 0xCB, 0xAF, 0x34, 0xD2, 0xEB, 0xA2, 0x01, 0x4D, 0x2C, 0xB2,
    0x1B, 0x36, 0xFF, 0x24, 0x0A, 0x7F, 0x08, 0x0A, 0x44, 0x77, 0xAA, 0x1B, 0xD3, 0x89, 0x6E, 0xAF,
    0x40, 0xB8, 0x72, 0x8A, 0x30, 0x93, 0xDC, 0x52, 0x78, 0x0E, 0x48, 0x1C, 0xFC, 0xCC, 0x91, 0xF3,
    0x9C, 0xF2, 0xDB, 0x3B, 0x42, 0x4E, 0x93, 0x9D, 0xB4, 0x62, 0xB1, 0xB1, 0x4B, 0xB0, 0x11, 0xCA,
    0x95, 0x90, 0xFC, 0xC0, 0x73, 0x1D, 0x3D, 0xF7, 0xD4, 0xEF, 0xEA, 0xBC, 0xDA, 0xED, 0x86, 0x6A,
    0x43, 0x4C, 0xC0, 0x3A, 0x57, 0xC0, 0xA2, 0x0A, 0xD8, 0x55, 0x01, 0xDE, 0x5B, 0x53, 0x40, 0x1E,
    0x15, 0xB0, 0x7F, 0x32, 0x30, 0x54, 0x98, 0x13, 0x60, 0x64, 0xBC, 0x8E, 0x0A, 0x28, 0xC0, 0xC5,
    0xA6, 0x04, 0x96, 0x1E, 0x52, 0xBF, 0x4C, 0x05, 0xE0, 0x1F, 0x0E, 0x48, 0xF0, 0xC7, 0x07, 0x64,
    0xF8, 0x84, 0x03, 0x8A, 0x9D, 0xCA, 0x29, 0x03, 0xA1, 0x5D, 0xA8, 0x31, 0x4C, 0x54, 0x00, 0x06,
    0x2A, 0x00, 0x4D, 0x89, 0xA9, 0x64, 0x9C, 0x63, 0x2C, 0xB8, 0xC7, 0x18, 0x9E, 0x34, 0xF6, 0x37,
    0x85, 0x45, 0x77, 0x00, 0x83, 0x9C, 0x76, 0x55, 0x40, 0x50, 0xD7, 0xC9, 0x7B, 0x9D, 0xC5, 0x30,
    0x35, 0x7B, 0xC5, 0x93, 0x57, 0x00, 0x4F, 0x5D, 0xF1, 0xB3, 0x51, 0xCC, 0x99, 0xE0, 0xF2, 0xB9,
    0xF7, 0xF4, 0x8A, 0x67, 0x87, 0xDB, 0x35, 0x3D, 0x18, 0x6D, 0x7C, 0x23, 0xA0, 0xA4, 0xB1, 0xF0,
    0xC4, 0xE1, 0x76, 0x35, 0xA6, 0x04, 0x07, 0xF0, 0x70, 0xBB, 0x0A, 0x7E, 0x66, 0xCC, 0x3B, 0x31,
    0x9F, 0xF4, 0x70, 0xBB, 0x04, 0xC0, 0x37, 0x72, 0xA2, 0x68, 0xF6, 0x9C, 0x0E, 0x4F, 0x73, 0x26,
    0xB8, 0x2D, 0x50, 0x9E, 0x39, 0x24, 0xB1, 0xFB, 0x61, 0x24, 0xEE, 0x6B, 0x29, 0xE1, 0xCE, 0x84,
    0xDB, 0x2C, 0x17, 0x5B, 0xF1, 0x2C, 0xE6, 0xED, 0x99, 0x83, 0xF1, 0x23, 0x57, 0x3F, 0xFD, 0xC3,
    0x8E, 0x36, 0x48, 0x30, 0x9B, 0x33, 0x81, 0x89, 0xD8, 0xB7, 0x55, 0x2E, 0x7C, 0xC1, 0xFB, 0xC1,
    0x0E, 0xD6, 0x77, 0xE9, 0xB7, 0x8C, 0xC0, 0x7F, 0xD9, 0x81, 0x0E, 0xE7, 0xC7, 0x39, 0xDC, 0x5A,
    0x81, 0xB8, 0xC9, 0xE8, 0x89, 0x02, 0xE6, 0xA9, 0x64, 0x55, 0x67, 0x5F, 0x65, 0xF7, 0x9B, 0x15,
    0x5B, 0xAC, 0xD8, 0x70, 0xD1, 0x59, 0xE9, 0xCF, 0xA4, 0x9C, 0x7A, 0xA8, 0x61, 0x4E, 0xEF, 0x1E,
    0xA0, 0x13, 0x13, 0xBB, 0x94, 0x7E, 0x2E, 0xF9, 0x24, 0x19, 0x02, 0xAD, 0xFA, 0x0C, 0x0B, 0x93,
    0x31, 0x4E, 0xE4, 0x2B, 0xFF, 0xA6, 0x65, 0xEC, 0x7C, 0xF2, 0x03, 0xFB, 0x5D, 0x8F, 0x40, 0x6C,
    0x71, 0x7E, 0x4E, 0x79, 0x89, 0xAE, 0xB7, 0x7C, 0x1A, 0xF3, 0x98, 0xFD, 0x21, 0x56, 0x36, 0xF3,
    0x2F, 0xCD, 0x91, 0xF6, 0x76, 0x62, 0x82, 0x97, 0xCD, 0xBF, 0x66, 0xE7, 0x96, 0xF7, 0xD0, 0xFE,
    0xB5, 0x30, 0x27, 0x8D, 0x89, 0xA1, 0xF4, 0x34, 0xB5, 0x40, 0xCC, 0x0D, 0x4F, 0xDE, 0xFF, 0xD9,
    0xFE, 0x3E, 0x59, 0xF9, 0xF1, 0xEC, 0x0B, 0xF1, 0x1E, 0x9D, 0x16, 0x83, 0xFE, 0x15, 0x9B, 0x61,
    0x30, 0x9C, 0x0D, 0x07, 0xAB, 0xCD, 0x6A, 0xF9, 0x01, 0x62, 0x8B, 0x17, 0x04, 0x1F, 0xF9, 0x8F,
    0x07, 0x64, 0x1A, 0xDF, 0x67, 0xAD, 0x2D, 0x6A, 0x20, 0xD8, 0x66, 0xCF, 0xA0, 0x69, 0x75, 0x21,
    0x6C, 0xD5, 0x4E, 0x68, 0xF5, 0x4C, 0xE6, 0x27, 0x36, 0x7B, 0xC5, 0xA5, 0x5D, 0xDE, 0xE9, 0x1C,
    0xCE, 0x8B, 0xF8, 0x7D, 0xFE, 0xB0, 0x49, 0x1F, 0xBD, 0x48, 0x8F, 0xA1, 0xE5, 0x42, 0xD8, 0x79,
    0x23, 0x2C, 0x11, 0xA0, 0x05, 0x56, 0xB6, 0x93, 0xA1, 0x8E, 0x14, 0x74, 0xDD, 0x1C, 0x7B, 0xD6,
    0x17, 0x7D, 0x8C, 0xE9, 0xCF, 0xC9, 0x55, 0xA7, 0xC7, 0xE1, 0xD5, 0x0B, 0xC5, 0xAF, 0xFB, 0xC4,
    0x0A, 0x0D, 0xB1, 0x34, 0x2C, 0x20, 0x2D, 0x3F, 0x1F, 0x5B, 0xA5, 0x54, 0x35, 0xCB, 0x8B, 0x1F,
    0xED, 0x77, 0xA3, 0xFD, 0xFF, 0x00, 0xED, 0x5D, 0x31, 0x90, 0xE6, 0x48, 0x75, 0x6E, 0x49, 0xEC,
    0xFC, 0xAE, 0x53, 0xB9, 0x74, 0x81, 0xD7, 0x01, 0xE7, 0x2A, 0x39, 0x5E, 0x02, 0xE5, 0x91, 0x44,
    0x51, 0x45, 0x42, 0xC0, 0x06, 0x3B, 0xB8, 0x6C, 0x02, 0x62, 0x96, 0x60, 0xF3, 0xC4, 0xD2, 0xD9,
    0x55, 0x76, 0x40, 0xC0, 0x24, 0x76, 0xCA, 0x06, 0x4B, 0xD5, 0xED, 0x4F, 0xB0, 0x09, 0x21, 0x3E,
    0x09, 0x08, 0x08, 0x08, 0x2C, 0x9B, 0xA2, 0x1C, 0x38, 0x38, 0xD9, 0x3E, 0xB8, 0x3A, 0x1C, 0x9C,
    0x30, 0x02, 0xB4, 0x46, 0xD2, 0xE7, 0xFF, 0xBD, 0xEF, 0xF5, 0xE8, 0xFE, 0xD9, 0x7F, 0x87, 0x65,
    0x98, 0x5D, 0xEF, 0xCC, 0x4D, 0xD7, 0xEE, 0xFB, 0xBE, 0x7F, 0xB7, 0xD5, 0xDD, 0xFD, 0xFA, 0xB5,
    0xA4, 0xEE, 0x7E, 0xDD, 0x72, 0x6B, 0xC8, 0x01, 0x74, 0xBF, 0x83, 0xDC, 0xD9, 0x6E, 0xB7, 0x27,
    0xEE, 0x70, 0xA8, 0xD1, 0x93, 0x00, 0x83, 0x62, 0x00, 0x4C, 0x4A, 0x42, 0x4F, 0x22, 0x60, 0x56,
    0xB2, 0x01, 0xA0, 0x24, 0xC6, 0x47, 0x24, 0x09, 0xDE, 0x43, 0x25, 0x24, 0xC5, 0x37, 0xD0, 0x08,
    0xC9, 0xF0, 0x05, 0x92, 0x1C, 0x1B, 0xE6, 0x5E, 0x22, 0x62, 0x1E, 0x58, 0x22, 0xE6, 0x81, 0x39,
    0xC4, 0xA8, 0x59, 0x4D, 0x01, 0x26, 0xCD, 0x61, 0x74, 0x9A, 0x87, 0x44, 0xA8, 0x17, 0xCD, 0xA1,
    0x77, 0x25, 0x34, 0x87, 0xCE, 0xE5, 0x28, 0x84, 0xB4, 0x2E, 0x43, 0xE3, 0x54, 0xA4, 0x42, 0x72,
    0x48, 0x68, 0x9D, 0x2B, 0x05, 0x25, 0x8F, 0xDA, 0x13, 0x45, 0x8C, 0x2E, 0x20, 0x99, 0x5C, 0xE8,
    0x49, 0x84, 0x65, 0xA7, 0x0D, 0x2C, 0x6E, 0xA3, 0x45, 0x00, 0x5C, 0x8C, 0x41, 0x49, 0x91, 0x68,
    0x31, 0x4B, 0x54, 0xA9, 0x16, 0x3C, 0x47, 0x93, 0xA3, 0x55, 0xD2, 0xEE, 0xB8, 0x56, 0xB2, 0x2B,
    0x51, 0x69, 0xA1, 0x7A, 0xA0, 0x50, 0x42, 0xA5, 0x39, 0x16, 0xA2, 0x3D, 0x08, 0x6C, 0x80, 0xCA,
    0x9D, 0x0D, 0x7F, 0xB5, 0x9C, 0xA8, 0xC2, 0x80, 0x82, 0xE5, 0xEB, 0x5C, 0xB4, 0x16, 0x5B, 0x14,
    0x03, 0xD4, 0x58, 0x9C, 0x2B, 0x8B, 0x40, 0x14, 0xFF, 0xE7, 0x52, 0x41, 0xCB, 0xAB, 0x10, 0xC8,
    0x57, 0x08, 0x9E, 0x68, 0x32, 0x0F, 0x20, 0x10, 0x42, 0x21, 0x21, 0xE4, 0x58, 0xBE, 0x55, 0xA2,
    0x28, 0xD1, 0x4A, 0xCC, 0x1A, 0x85, 0x00, 0xE0, 0x04, 0x34, 0x75, 0xFE, 0x82, 0x42, 0x08, 0x89,
    0xD2, 0xA6, 0x90, 0x0B, 0xEC, 0x72, 0xE0, 0x23, 0x14, 0x29, 0x80, 0x2F, 0xA2, 0xD8, 0x00, 0xF3,
    0x06, 0x85, 0xAB, 0xD1, 0x45, 0x3B, 0xB8, 0x75, 0xEC, 0x34, 0xDC, 0x77, 0x2E, 0x78, 0x47, 0x48,
    0x5D, 0xB9, 0x68, 0xD6, 0x22, 0xB6, 0x2E, 0x99, 0x84, 0xE4, 0xCB, 0x16, 0xA3, 0xB3, 0x8A, 0xF6,
    0x34, 0x1A, 0xA0, 0x35, 0xC3, 0x42, 0x61, 0x56, 0x38, 0x2A, 0xBA, 0xA3, 0x6D, 0xE1, 0x5E, 0x92,
    0xA5, 0xDE, 0x58, 0xEA, 0xD6, 0xB9, 0x70, 0xD7, 0x4A, 0x28, 0xDC, 0x66, 0x72, 0x4E, 0x0A, 0x37,
    0x3A, 0x57, 0x2E, 0x5B, 0x49, 0x36, 0x67, 0x71, 0x52, 0x00, 0x8D, 0xE9, 0xCF, 0xDA, 0xC5, 0x5A,
    0xE5, 0x3A, 0x9B, 0xEF, 0x8D, 0x6D, 0x5D, 0xCE, 0x5D, 0x30, 0x04, 0xD1, 0xC5, 0x93, 0x91, 0x74,
    0x30, 0x92, 0xF7, 0x46, 0xEA, 0xD6, 0x08, 0x4E, 0x49, 0x7F, 0xB6, 0x15, 0x4A, 0x4F, 0x72, 0x12,
    0x6A, 0x82, 0xE1, 0x7E, 0x71, 0x5D, 0x4C, 0xCF, 0x94, 0x94, 0xF5, 0x0A, 0x75, 0xA3, 0x40, 0x43,
    0x0A, 0x59, 0xBE, 0xC8, 0x43, 0x45, 0x50, 0xFD, 0x87, 0x04, 0x67, 0x90, 0x11, 0x82, 0xC7, 0x4E,
    0xE1, 0xF8, 0xAE, 0x62, 0x6A, 0x4D, 0x92, 0x9B, 0x96, 0x6B, 0xA6, 0x14, 0x9A, 0x31, 0x9B, 0x51,
    0xBA, 0x04, 0x05, 0xA3, 0xCD, 0xA6, 0xDC, 0x87, 0xCF, 0xBB, 0xF7, 0x2E, 0x85, 0xA6, 0x0A, 0x3C,
    0xD5, 0xAC, 0x55, 0x67, 0x1B, 0x45, 0xFE, 0x33, 0xF5, 0xE1, 0x95, 0x3F, 0x17, 0x0F, 0xC4, 0xDA,
    0x24, 0xF3, 0xEF, 0xB8, 0xC8, 0xF7, 0x17, 0xCB, 0xDC, 0x9B, 0x4B, 0x6A, 0x6D, 0x9A, 0x59, 0x61,
    0x68, 0x5E, 0x87, 0xB0, 0x3A, 0x0F, 0xCF, 0xB9, 0xAE, 0xDD, 0x4B, 0xDF, 0xE7, 0x97, 0x60, 0xB4,
    0xF2, 0xCC, 0x8A, 0x11, 0x24, 0xA1, 0x3F, 0x92, 0xF2, 0x0E, 0xEE, 0x48, 0xCB, 0xCF, 0x7A, 0xE4,
    0x86, 0xA9, 0x61, 0x64, 0xE8, 0x6A, 0xA2, 0x2A, 0x40, 0x2C, 0x71, 0xD7, 0x9A, 0x85, 0x23, 0xDE,
    0xF5, 0xCA, 0xB7, 0xEC, 0x01, 0xAF, 0x76, 0x53, 0x7A, 0xAA, 0x2A, 0xCF, 0xA7, 0xC3, 0xEA, 0x3E,
    0x7A, 0xF7, 0x91, 0xB6, 0x30, 0x5A, 0xCD, 0xB5, 0x77, 0xB5, 0x48, 0x35, 0xCB, 0x56, 0xD5, 0xDD,
    0x24, 0xC0, 0x71, 0x5D, 0x49, 0x16, 0x01, 0xB3, 0xB0, 0xFA, 0xB2, 0x4F, 0xD2, 0xBE, 0x6B, 0xB8,
    0x73, 0x24, 0xE3, 0x30, 0x3E, 0xAF, 0xCD, 0xA5, 0x64, 0x6F, 0xA6, 0x18, 0xDD, 0x51, 0x97, 0x00,
    0x3F, 0x47, 0xA7, 0x79, 0x75, 0xD6, 0xB7, 0x6A, 0x95, 0xA9, 0x96, 0x2A, 0x00, 0x96, 0xB5, 0xC2,
    0xB7, 0xED, 0x06, 0x6A, 0xB6, 0x18, 0x4A, 0x3C, 0xEA, 0x65, 0xA0, 0xA6, 0xA9, 0xE2, 0x7C, 0xC9,
    0x20, 0x88, 0x61, 0x23, 0x11, 0x23, 0xB4, 0x01, 0x7A, 0x79, 0xAC, 0x38, 0x77, 0xE7, 0xD1, 0x8D,
    0xBD, 0x5D, 0xD8, 0xDE, 0xA8, 0x7E, 0xA0, 0x31, 0xD5, 0x9B, 0xE2, 0x53, 0x8D, 0x4D, 0xA5, 0x63,
    0x88, 0xD1, 0x44, 0x68, 0x02, 0xF4, 0x54, 0xF7, 0x95, 0xB6, 0x37, 0x1F, 0xE2, 0x91, 0x98, 0x83,
    0x28, 0x89, 0x33, 0x43, 0x62, 0x69, 0x98, 0x83, 0x97, 0xA5, 0xB3, 0x63, 0x28, 0x6E, 0xEE, 0x6F,
    0x17, 0xB7, 0xB7, 0x3D, 0xE5, 0xE7, 0xBE, 0x6D, 0x4D, 0xED, 0x26, 0xED, 0xDF, 0x4D, 0xE1, 0xC5,
    0x95, 0xBE, 0xBF, 0x05, 0xF7, 0xF8, 0x77, 0x83, 0xCA, 0x65, 0xF3, 0x8E, 0xA3, 0x77, 0xAA, 0xDB,
    0x72, 0xE6, 0xBD, 0x3C, 0xC3, 0x37, 0x35, 0x97, 0x18, 0x80, 0x69, 0x7A, 0xDA, 0x7B, 0x8D, 0xBC,
    0xBF, 0x3D, 0xB9, 0xB1, 0xB7, 0x8B, 0xDA, 0x1B, 0xD5, 0x4F, 0xE5, 0x53, 0xF5, 0xA6, 0xF8, 0x0C,
    0x5F, 0x41, 0x65, 0x4A, 0x37, 0x95, 0x03, 0x3D, 0xD5, 0x7D, 0x95, 0xED, 0xED, 0xB6, 0xFD, 0xAD,
    0x07, 0x17, 0xEA, 0x3B, 0xFE, 0xC2, 0xB7, 0x85, 0x18, 0x4D, 0xCD, 0x71, 0xC1, 0xAF, 0xD9, 0xD4,
    0xEB, 0x0C, 0x8F, 0x8D, 0x3B, 0xCC, 0x22, 0xDE, 0xD8, 0x3E, 0x76, 0xCF, 0x86, 0xED, 0x76, 0xFB,
    0xB8, 0x30, 0x2B, 0x5B, 0x0C, 0x31, 0x18, 0x2E, 0x86, 0x68, 0x0C, 0xFB, 0x1D, 0x6E, 0x9F, 0x00,
    0xE3, 0x0E, 0xA5, 0x56, 0xB3, 0x62, 0x0C, 0x28, 0x06, 0x40, 0x21, 0xE8, 0x80, 0x46, 0x31, 0x3F,
    0xC5, 0x16, 0xA0, 0x71, 0x28, 0xA6, 0x86, 0x09, 0xFA, 0x17, 0xC2, 0xD4, 0xA3, 0x5D, 0x97, 0x59,
    0x7A, 0xB9, 0x61, 0x69, 0xF9, 0x00, 0x95, 0x60, 0x08, 0xEC, 0x95, 0xAB, 0xC4, 0xB4, 0xC3, 0xE3,
    0x2F, 0x03, 0x83, 0xD5, 0xA3, 0x33, 0xAC, 0x88, 0xB3, 0x23, 0xF6, 0x7B, 0x7A, 0x58, 0xEE, 0xBA,
    0xD3, 0xF1, 0x45, 0x8A, 0xEA, 0x94, 0x39, 0x63, 0xD9, 0xE2, 0x59, 0x3E, 0x9D, 0xB2, 0xD1, 0xB3,
    0xB2, 0xF7, 0xAC, 0xEE, 0x4E, 0x59, 0xE3, 0x99, 0xC0, 0xCA, 0x82, 0x27, 0x27, 0xC6, 0x52, 0x2C,
    0xC6, 0x6A, 0xE0, 0x87, 0xCA, 0x02, 0x00, 0xBF, 0x51, 0xA6, 0x76, 0xA2, 0x2C, 0x21, 0xE3, 0x05,
    0x5F, 0x22, 0xCB, 0x76, 0x32, 0x57, 0x96, 0xAB, 0x41, 0x93, 0x35, 0xA2, 0x44, 0xDA, 0xA1, 0xE5,
    0x56, 0x43, 0x52, 0xF2, 0x2C, 0x7A, 0x71, 0x66, 0xA9, 0x6C, 0xF6, 0xD3, 0xB3, 0x3C, 0xF6, 0xF3,
    0xCD, 0x30, 0xB8, 0xD2, 0x97, 0xF4, 0xDB, 0x50, 0x16, 0x5B, 0x99, 0xD9, 0xB5, 0x7F, 0x7B, 0x5A,
    0xB7, 0xFF, 0x52, 0xE6, 0x4A, 0xE0, 0x6D, 0x32, 0xB9, 0x55, 0x90, 0x39, 0xFF, 0x64, 0x09, 0x76,
    0x66, 0xFA, 0x2D, 0x7B, 0x89, 0x04, 0x46, 0x4F, 0xD0, 0x78, 0x32, 0x7A, 0x82, 0x53, 0xD2, 0xEC,
    0xC8, 0xB2, 0xAD, 0x81, 0x6E, 0x47, 0x26, 0xC9, 0x6A, 0x50, 0xE2, 0x32, 0x4C, 0x4A, 0x24, 0x23,
    0x92, 0x08, 0x20, 0x09, 0x3C, 0x71, 0x40, 0x41, 0x52, 0xA3, 0x22, 0x29, 0x51, 0xD1, 0x74, 0x72,
    0x34, 0x2F, 0x4E, 0x4A, 0x34, 0x5F, 0xC3, 0xB2, 0x3D, 0x91, 0xCB, 0x7D, 0x82, 0xC5, 0x9A, 0xC5,
    0x5E, 0xA6, 0x11, 0x16, 0x5F, 0xB0, 0x69, 0xBF, 0xA8, 0x01, 0xD0, 0xEF, 0xC8, 0x7C, 0xFC, 0x00,
    0x68, 0x7D, 0x05, 0x2B, 0x23, 0x8B, 0x33, 0x32, 0x78, 0x52, 0x9D, 0x51, 0xD4, 0xD3, 0x62, 0xDF,
    0xDE, 0x0E, 0x23, 0xED, 0xAB, 0x7F, 0x3E, 0x46, 0x82, 0xDD, 0x73, 0xAF, 0x3F, 0xC2, 0xA8, 0x98,
    0x03, 0x7F, 0x2F, 0x08, 0xE0, 0x83, 0x1D, 0xFA, 0xD6, 0xF6, 0xED, 0x9F, 0x1A, 0x66, 0x98, 0x5D,
    0x6D, 0x36, 0x9B, 0x29, 0xB6, 0x6A, 0x47, 0x25, 0x1A, 0x4D, 0xAF, 0xDE, 0xE1, 0x46, 0xB1, 0x72,
    0xD1, 0xB9, 0xD8, 0x28, 0x96, 0x1A, 0x5F, 0xB0, 0x75, 0xB1, 0xA5, 0x9B, 0x28, 0x8E, 0xCA, 0x53,
    0xB3, 0x44, 0xDF, 0x77, 0x36, 0x86, 0x01, 0xAC, 0xA7, 0x95, 0x40, 0x24, 0x18, 0x63, 0x0C, 0x04,
    0x69, 0x7D, 0x0C, 0x1A, 0x7B, 0x3E, 0x20, 0xC3, 0x9D, 0x65, 0xBE, 0xE3, 0x2C, 0xD8, 0x63, 0x7D,
    0x17, 0xAA, 0x5A, 0x4D, 0xF0, 0xF9, 0x92, 0x71, 0x24, 0xFE, 0x8B, 0x48, 0x8D, 0xEF, 0xF4, 0xDA,
    0x73, 0x24, 0xE3, 0x30, 0xFE, 0x8B, 0xCB, 0xE3, 0xE3, 0xE3, 0x82, 0xA5, 0x3A, 0x5F, 0x5E, 0x7C,
    0x2E, 0xFB, 0xD3, 0x3A, 0x23, 0x13, 0xF2, 0xC6, 0x9A, 0x31, 0x66, 0x0D, 0xF6, 0x47, 0x7D, 0xB8,
    0x6F, 0xB4, 0x69, 0xF4, 0x5D, 0xA5, 0x44, 0x91, 0x72, 0x1A, 0x4B, 0xEF, 0x2B, 0x02, 0xF2, 0x34,
    0x6F, 0x4B, 0x14, 0x04, 0xB5, 0xC1, 0xFA, 0x5C, 0x38, 0x96, 0x2A, 0x95, 0x67, 0xE6, 0x74, 0x2A,
    0xC7, 0x07, 0xC7, 0xE9, 0x04, 0xC8, 0x46, 0x2C, 0xA1, 0x38, 0x02, 0xCD, 0x1A, 0x2E, 0x20, 0xB8,
    0x92, 0x10, 0x13, 0x5C, 0x4D, 0x93, 0x0F, 0xFE, 0xF2, 0xAE, 0x73, 0x6F, 0x3C, 0xDC, 0x55, 0xB1,
    0x4A, 0x64, 0x1A, 0xAD, 0x49, 0xA4, 0x57, 0x56, 0xB1, 0x3C, 0x0E, 0x0B, 0x49, 0x61, 0xD1, 0x04,
    0x26, 0xB9, 0x9E, 0x46, 0xA4, 0x19, 0xDF, 0x7F, 0xE4, 0x3E, 0x11, 0xC6, 0x71, 0x09, 0xD3, 0xC7,
    0xD7, 0xD2, 0x62, 0x7C, 0x28, 0xF5, 0x5F, 0xB4, 0xC6, 0x11, 0xA6, 0x33, 0xD2, 0x26, 0xDE, 0xEA,
    0x5E, 0xE4, 0x2D, 0xF7, 0x09, 0xB1, 0x18, 0x1F, 0x36, 0xB3, 0x42, 0x86, 0xCA, 0xC6, 0x13, 0xCF,
    0x82, 0xFD, 0x5F, 0xBC, 0xF0, 0x8A, 0xBB, 0xEE, 0xDA, 0x5A, 0xCC, 0xB5, 0x6E, 0xEF, 0x78, 0x5A,
    0xA7, 0xB4, 0x4B, 0x55, 0x12, 0x9A, 0xD3, 0xF9, 0xEC, 0x88, 0xD2, 0xFE, 0x45, 0x20, 0xE0, 0x55,
    0x94, 0x99, 0xCA, 0xE0, 0xF1, 0x1F, 0xDE, 0xD4, 0xC5, 0xA5, 0x34, 0x75, 0x73, 0xF1, 0xA6, 0x1E,
    0x75, 0x2A, 0xDE, 0x46, 0x05, 0x36, 0x7B, 0x6F, 0x83, 0x8A, 0x59, 0x21, 0x99, 0x14, 0xD2, 0x91,
    0x30, 0x11, 0xF0, 0x55, 0x81, 0x04, 0xB3, 0xC6, 0x24, 0x84, 0x04, 0xF7, 0x60, 0x74, 0xB7, 0xEF,
    0xBA, 0xDD, 0xDF, 0x5C, 0x9E, 0x4A, 0x5D, 0x82, 0x42, 0x27, 0xF6, 0xBA, 0x5C, 0xCA, 0xF1, 0x74,
    0x7D, 0x2A, 0x65, 0xAA, 0xAC, 0x84, 0x6F, 0x88, 0xDB, 0xED, 0x27, 0xE3, 0x4E, 0x13, 0x1C, 0x8B,
    0xBE, 0x5D, 0xA4, 0xEF, 0x97, 0xCE, 0x61, 0x74, 0xB5, 0xCE, 0x37, 0x44, 0xE8, 0xB9, 0x3C, 0x67,
    0x0F, 0xA5, 0x42, 0x4D, 0x6E, 0xB6, 0x67, 0x13, 0x7D, 0x23, 0x1E, 0x5E, 0xEF, 0x67, 0x93, 0x9F,
    0xBA, 0xCB, 0xD0, 0x5B, 0xFA, 0x93, 0x22, 0x2B, 0xA7, 0x69, 0x71, 0x31, 0xEF, 0x87, 0x9A, 0x55,
    0xB6, 0x04, 0x18, 0x24, 0x95, 0x81, 0x8B, 0x42, 0xDB, 0x4A, 0xA6, 0xE9, 0x0F, 0x84, 0xCF, 0x00,
    0x8F, 0xFC, 0x80, 0xE2, 0xC4, 0x0A, 0xD1, 0x53, 0x3F, 0xE8, 0x5C, 0xA2, 0xD8, 0xB8, 0x5C, 0xB1,
    0x92, 0x42, 0xDD, 0x3D, 0x42, 0x11, 0xF0, 0xC5, 0x89, 0x53, 0x44, 0x7A, 0xF5, 0xE2, 0x68, 0xF2,
    0x93, 0x61, 0xAF, 0xC8, 0xB5, 0x47, 0x56, 0xFF, 0x79, 0x53, 0x52, 0x92, 0x9F, 0x68, 0xE9, 0x30,
    0x36, 0xCF, 0xE0, 0xED, 0xBF, 0x40, 0xAF, 0xE9, 0x45, 0xE8, 0x25, 0x7D, 0x41, 0xC9, 0x8F, 0x38,
    0x2A, 0x6E, 0x30, 0x2B, 0x46, 0x40, 0x21, 0x18, 0x00, 0x83, 0x8E, 0x38, 0x00, 0xD6, 0x2F, 0x37,
    0x4C, 0x0C, 0x23, 0x22, 0xEB, 0x2F, 0x89, 0x1E, 0x01, 0xF8, 0xD0, 0x96, 0x82, 0x08, 0xD6, 0x9C,
    0x1D, 0x8D, 0x6E, 0x70, 0x34, 0xC1, 0x75, 0x21, 0x39, 0xE5, 0x5A, 0x71, 0x3E, 0x87, 0x92, 0x8E,
    0x8C, 0x6E, 0x26, 0x17, 0x6C, 0x2B, 0xF7, 0xC6, 0xFE, 0x5C, 0x0E, 0xE7, 0x10, 0xDC, 0x2E, 0xD5,
    0x14, 0x8B, 0x44, 0x2D, 0x81, 0x1F, 0x68, 0x09, 0xF1, 0x4B, 0xF4, 0x56, 0x8E, 0x84, 0x90, 0x62,
    0x3E, 0xDA, 0x81, 0x4D, 0x17, 0xD0, 0x2E, 0x3D, 0xD8, 0xF8, 0xBE, 0xF6, 0x20, 0xF5, 0x3D, 0x07,
    0x78, 0x81, 0xC1, 0x86, 0xA9, 0xC4, 0x02, 0x3A, 0x92, 0xCB, 0x30, 0x48, 0x0E, 0x09, 0x67, 0x28,
    0xD4, 0x02, 0xAD, 0x2C, 0x2C, 0xD9, 0x07, 0x2C, 0xE7, 0xD7, 0x75, 0x6C, 0x38, 0xEB, 0xD0, 0xF1,
    0xB8, 0x50, 0x70, 0xCE, 0x20, 0x21, 0xA4, 0xE8, 0xFE, 0x98, 0xF3, 0x0B, 0xC9, 0x53, 0x51, 0x62,
    0xC3, 0xAA, 0x54, 0x04, 0xA7, 0x30, 0x11, 0x24, 0x2D, 0xF6, 0xE5, 0x4F, 0xDB, 0x74, 0xE1, 0x9D,
    0xCA, 0xB9, 0xAD, 0x5C, 0x2D, 0x13, 0x02, 0x82, 0xBD, 0xDB, 0x2C, 0x6A, 0xCC, 0xDB, 0x7A, 0xB2,
    0xB9, 0x94, 0xD1, 0x34, 0x6E, 0x73, 0x12, 0xFE, 0xE5, 0x63, 0xB6, 0xC9, 0x87, 0x13, 0x77, 0x51,
    0x23, 0xBF, 0x31, 0xF2, 0xFB, 0x85, 0x3E, 0xB5, 0xCD, 0xF7, 0xC7, 0x3C, 0x7F, 0xCC, 0xEF, 0x27,
    0xE3, 0x95, 0x09, 0xC0, 0x52, 0x01, 0xC5, 0xF9, 0x03, 0x83, 0x1B, 0x23, 0x3F, 0x6C, 0xE4, 0x6B,
    0x08, 0x50, 0x28, 0xC6, 0xE8, 0xBC, 0x3D, 0x1D, 0xC4, 0xD8, 0x30, 0x44, 0xA5, 0xE8, 0xFE, 0xC4,
    0x5D, 0xD8, 0xC8, 0x6F, 0x8C, 0xDC, 0x87, 0x23, 0xAB, 0xE7, 0xDE, 0xEB, 0xE1, 0x3E, 0xA4, 0xFC,
    0xBF, 0x8D, 0xB5, 0xD3, 0x9B, 0xEE, 0xC6, 0xC8, 0x5F, 0xC4, 0xC8, 0x2F, 0x6C, 0x94, 0x37, 0x46,
    0xE9, 0x83, 0xA6, 0xAE, 0xB8, 0x41, 0x6B, 0xE8, 0x17, 0x24, 0x2A, 0x53, 0x81, 0x23, 0x2E, 0xC4,
    0x74, 0x22, 0x66, 0x3D, 0xD1, 0x87, 0x5B, 0x4C, 0xDE, 0xFE, 0xB9, 0x24, 0x50, 0x6D, 0x01, 0x93,
    0x8E, 0xCC, 0xCA, 0x09, 0x09, 0xE1, 0x8D, 0x9B, 0x3B, 0xFA, 0x8B, 0x1B, 0x7B, 0x70, 0x7C, 0xCF,
    0xDA, 0x68, 0xB6, 0xB6, 0x81, 0x99, 0x1F, 0x95, 0xC9, 0x26, 0x77, 0x21, 0x7E, 0x81, 0x51, 0x73,
    0x6E, 0x72, 0x89, 0x98, 0x2D, 0x3B, 0x5A, 0xA8, 0x2F, 0x47, 0x70, 0x60, 0x2A, 0xF6, 0xFE, 0x56,
    0xDB, 0xE1, 0x61, 0x0D, 0x16, 0xF3, 0x65, 0xA3, 0x8E, 0xED, 0x9E, 0x08, 0x6A, 0x78, 0x01, 0x64,
    0x7C, 0x5E, 0xFF, 0xEA, 0xD1, 0x7C, 0xE4, 0xD6, 0xBB, 0x42, 0x86, 0x45, 0xB1, 0x04, 0x0A, 0x41,
    0x73, 0x4F, 0x8E, 0xF0, 0x9F, 0xB6, 0xBC, 0x55, 0x94, 0x13, 0x7D, 0xE4, 0x52, 0xD0, 0x69, 0x2B,
    0xA4, 0x95, 0x1F, 0x0E, 0x62, 0x6E, 0x97, 0x8D, 0xC1, 0xBB, 0x27, 0x8A, 0x39, 0x16, 0xC1, 0x5F,
    0x00, 0x68, 0x76, 0xF8, 0x9B, 0x75, 0x95, 0x03, 0xA3, 0xE1, 0x24, 0xF8, 0x7E, 0x8A, 0x45, 0xB0,
    0x88, 0x04, 0xB9, 0xC8, 0xBB, 0xC3, 0x89, 0x28, 0xD6, 0x54, 0x0B, 0x0E, 0xCF, 0xC1, 0xFE, 0x95,
    0xA2, 0x37, 0x58, 0xFD, 0xC1, 0x26, 0x3A, 0x9F, 0xC1, 0x87, 0xE1, 0x45, 0xD9, 0x0B, 0xA5, 0x4C,
    0xA6, 0xE1, 0x82, 0x8C, 0x86, 0xED, 0xD3, 0x7B, 0xDD, 0x18, 0xEF, 0x32, 0xCF, 0x45, 0x35, 0x9E,
    0x73, 0xB0, 0x26, 0x1E, 0xBC, 0xFE, 0x56, 0x21, 0x38, 0x85, 0x58, 0x14, 0x33, 0xA0, 0x13, 0xAC,
    0xF5, 0x0A, 0x2C, 0x1F, 0xF7, 0x33, 0x50, 0x7C, 0xC2, 0x75, 0x79, 0x69, 0xCA, 0x46, 0xFF, 0xE6,
    0x8A, 0x85, 0x21, 0xE7, 0x02, 0xE5, 0x9A, 0xF4, 0xE3, 0x38, 0xBF, 0x5A, 0x7C, 0x50, 0xB9, 0xBC,
    0x10, 0xA7, 0xEC, 0xBA, 0x48, 0x80, 0x7F, 0x84, 0xCB, 0xB4, 0xFC, 0x39, 0x80, 0xD9, 0x95, 0xFF,
    0x52, 0xEB, 0xFF, 0xC8, 0x4B, 0xF8, 0x5F, 0x3B, 0x77, 0x66, 0xAC, 0x1E, 0x6C, 0x77, 0x81, 0x13,
    0x34, 0x67, 0x25, 0x6B, 0x23, 0xFA, 0x09, 0x78, 0xDF, 0x79, 0x6D, 0x64, 0xEC, 0xE7, 0xB9, 0x66,
    0x96, 0xF6, 0x80, 0x74, 0x9F, 0x39, 0x71, 0x59, 0x15, 0x4A, 0xFD, 0xAB, 0x18, 0xF8, 0x09, 0x1F,
    0x74, 0xD4, 0xCC, 0xE2, 0xF2, 0xAE, 0xC6, 0xE4, 0xF2, 0x46, 0x3A, 0x76, 0x5E, 0xC8, 0xB0, 0x70,
    0x2F, 0xF0, 0xBE, 0xBB, 0xC1, 0xF0, 0x9A, 0x4B, 0x67, 0xC6, 0xDE, 0x9C, 0x11, 0xF7, 0xF7, 0x57,
    0x3E, 0xF5, 0x67, 0x09, 0xA0, 0xD9, 0x17, 0xD5, 0x06, 0x18, 0xCD, 0x1F, 0x28, 0x7F, 0xE5, 0x22,
    0x04, 0x06, 0x7A, 0xC6, 0x1F, 0x28, 0x9A, 0xB9, 0x98, 0x0B, 0x3B, 0x23, 0xB6, 0xFB, 0x75, 0xA3,
    0x67, 0x69, 0x89, 0xE2, 0x35, 0x10, 0x77, 0x64, 0x76, 0xA1, 0x6C, 0x5C, 0xB4, 0xE4, 0x9D, 0x8B,
    0xE7, 0x5C, 0xE6, 0x74, 0x52, 0x00, 0x43, 0xEC, 0x5D, 0xAA, 0x2A, 0x75, 0x53, 0x72, 0xC1, 0xDE,
    0x53, 0xF9, 0xD3, 0xBB, 0x1A, 0x3D, 0x94, 0x78, 0xFD, 0xBE, 0xE8, 0x02, 0x60, 0xB1, 0x21, 0x40,
    0xF2, 0xEA, 0x45, 0x8D, 0xD9, 0x49, 0xC1, 0xDB, 0x03, 0x45, 0xEB, 0xEF, 0xFB, 0xAA, 0xCE, 0x65,
    0xEB, 0xE2, 0x49, 0xA6, 0x50, 0x58, 0xD5, 0x44, 0x0A, 0x1E, 0x59, 0x55, 0x27, 0xE7, 0x6E, 0xED,
    0x55, 0x95, 0x93, 0x8C, 0x29, 0xDA, 0xD7, 0x40, 0x5C, 0xCD, 0x5E, 0x91, 0xC8, 0xFB, 0x75, 0xDE,
    0xD9, 0x72, 0x55, 0x88, 0xC2, 0xD6, 0x6B, 0x36, 0x2A, 0xF8, 0x13, 0x15, 0x45, 0x20, 0x82, 0x15,
    0xB9, 0x45, 0x87, 0xA5, 0x45, 0x46, 0x3F, 0x29, 0xDA, 0x0C, 0xDD, 0xEE, 0xCF, 0x8E, 0xCB, 0x15,
    0x6F, 0xAE, 0x6D, 0x93, 0xA2, 0xBD, 0xDC, 0x3F, 0x21, 0x64, 0xA1, 0x2D, 0xEB, 0xA5, 0xC8, 0x75,
    0xEB, 0xD0, 0x3A, 0x74, 0x4E, 0x5F, 0xAD, 0xFB, 0x1C, 0x7D, 0x8C, 0xDE, 0xEE, 0xBD, 0xB6, 0xDC,
    0x94, 0xA3, 0xB0, 0xB1, 0x6D, 0x29, 0x22, 0xA7, 0xA8, 0xFC, 0x20, 0x90, 0x51, 0xAF, 0xF0, 0x5D,
    0xED, 0xF6, 0xB1, 0xDC, 0x28, 0x2E, 0xF7, 0x8F, 0xEA, 0x21, 0xD8, 0xBE, 0xA3, 0x19, 0x04, 0x98,
    0x0E, 0x61, 0xB5, 0x43, 0x55, 0xCB, 0x0E, 0x45, 0x33, 0x8A, 0xF9, 0xD5, 0x44, 0xD1, 0xB0, 0xA0,
    0x2A, 0x79, 0xAD, 0xE7, 0x61, 0xF4, 0xDB, 0x88, 0x3C, 0x46, 0x44, 0x8E, 0x2C, 0xCC, 0x37, 0x90,
    0x6E, 0x69, 0xBD, 0x61, 0x6B, 0xD8, 0x18, 0x3A, 0xE2, 0x64, 0x78, 0xC2, 0x87, 0xCE, 0xBD, 0x8F,
    0xBB, 0x98, 0x67, 0x43, 0x0E, 0xE7, 0x30, 0xCB, 0x33, 0x00, 0x4B, 0x2D, 0xDA, 0x06, 0x25, 0xFF,
    0x5D, 0x5C, 0xCC, 0xF3, 0x51, 0xAC, 0x37, 0x70, 0xEE, 0xCC, 0xA3, 0xEB, 0xF8, 0x9E, 0x5E, 0x35,
    0xBF, 0xCE, 0xD2, 0x39, 0xF7, 0xAC, 0x0C, 0x54, 0x86, 0x22, 0x3F, 0x15, 0xD3, 0x57, 0xDA, 0xE4,
    0xA8, 0xB2, 0x57, 0xD9, 0xAA, 0x14, 0x3D, 0xE1, 0xFD, 0x75, 0x1B, 0x88, 0xDE, 0xA6, 0x78, 0x3B,
    0xE3, 0x4A, 0xB0, 0x5E, 0x5A, 0x4F, 0xF9, 0xE2, 0x02, 0xF4, 0x89, 0x74, 0xE1, 0x2A, 0x44, 0xF7,
    0xC6, 0x63, 0x19, 0xC3, 0x1E, 0x98, 0x33, 0x70, 0x35, 0xAE, 0xA7, 0xB4, 0x3D, 0x58, 0x8B, 0x5F,
    0x54, 0xAF, 0xA9, 0x18, 0x60, 0x50, 0xD9, 0xAB, 0x6C, 0x44, 0x2E, 0x4E, 0xE4, 0xFB, 0x7A, 0xDB,
    0x5E, 0xDF, 0x59, 0x6D, 0xA6, 0x20, 0xC3, 0x62, 0xB3, 0x04, 0x5C, 0x40, 0xB2, 0x19, 0x82, 0x04,
    0x45, 0x3D, 0xB9, 0x7C, 0x72, 0x29, 0x6C, 0x6E, 0xE0, 0xE0, 0x5B, 0x6F, 0x7F, 0xE5, 0x64, 0xAC,
    0x32, 0x11, 0x79, 0x37, 0x33, 0x2D, 0x75, 0x2A, 0x5B, 0x95, 0x95, 0xCA, 0xD3, 0xD5, 0x9C, 0x07,
    0xA8, 0x68, 0x49, 0x22, 0xAA, 0x9A, 0xCE, 0xE2, 0xE6, 0x58, 0x3C, 0x2B, 0x26, 0x18, 0x15, 0x25,
    0x31, 0xC1, 0x12, 0x8D, 0x22, 0xE0, 0x04, 0x25, 0x9A, 0xA0, 0x44, 0x13, 0xB4, 0x3C, 0x35, 0x9A,
    0x20, 0x50, 0x08, 0x4A, 0x34, 0xC1, 0x18, 0xA3, 0x62, 0x8A, 0x5E, 0x31, 0x47, 0xA3, 0x88, 0x53,
    0xEC, 0x0C, 0x7B, 0xC3, 0x89, 0x68, 0xD7, 0xFF, 0x0A, 0x50, 0x6C, 0xAC, 0x26, 0xF4, 0xFE, 0x67,
    0xBE, 0x7B, 0xE5, 0xD8, 0x60, 0x52, 0x0C, 0x01, 0x45, 0x29, 0xC8, 0x5E, 0xF9, 0x73, 0x74, 0x56,
    0xBF, 0x41, 0x31, 0xC6, 0x64, 0xF5, 0x5E, 0x14, 0x03, 0xA0, 0xA8, 0x2D, 0xB3, 0xF3, 0xA6, 0x8D,
    0x3A, 0xC3, 0x56, 0x31, 0xB6, 0xC8, 0x09, 0x0A, 0x43, 0xB7, 0xB7, 0x97, 0x29, 0x1B, 0xF7, 0x77,
    0xD6, 0xDA, 0x2F, 0x14, 0x97, 0x03, 0x32, 0x3B, 0x29, 0x90, 0x60, 0x14, 0xC8, 0xD0, 0x09, 0xD4,
    0x68, 0x76, 0x20, 0x9A, 0xD8, 0xC1, 0x06, 0x93, 0x40, 0x8A, 0x5E, 0x40, 0xB4, 0x91, 0xE3, 0xB3,
    0x50, 0x85, 0x7C, 0x0E, 0xB3, 0x40, 0x82, 0x41, 0x20, 0x43, 0x2B, 0x60, 0x2F, 0x0F, 0x40, 0x43,
    0xE8, 0x09, 0xA3, 0x02, 0x2F, 0x98, 0x40, 0x7D, 0x32, 0xB1, 0x2A, 0xE3, 0xBE, 0xE7, 0x04, 0x83,
    0x40, 0xC4, 0xFC, 0x2C, 0x77, 0x07, 0x54, 0x02, 0x39, 0x5A, 0x81, 0x14, 0xBD, 0x40, 0x8C, 0x49,
    0x40, 0x54, 0x7F, 0x38, 0xD8, 0x44, 0x75, 0x8A, 0x82, 0x40, 0x5D, 0x32, 0x76, 0x3E, 0x11, 0x46,
    0x85, 0xD2, 0x6F, 0xCC, 0x3D, 0x33, 0x2C, 0xA2, 0x5E, 0x36, 0xD4, 0x4B, 0xC2, 0x6C, 0x73, 0x34,
    0x02, 0x00, 0x0B, 0x38, 0x09, 0xC4, 0x2C, 0x75, 0xCA, 0x3A, 0x94, 0xA8, 0x04, 0xBC, 0x7A, 0x26,
    0x81, 0x2F, 0x52, 0x05, 0x0F, 0xA8, 0x90, 0x9A, 0x00, 0x74, 0x84, 0x81, 0x30, 0x11, 0x20, 0x30,
    0x30, 0x95, 0x2A, 0x43, 0x4B, 0xBD, 0xF4, 0xD6, 0x0E, 0xCC, 0x76, 0x79, 0x11, 0xBD, 0x70, 0xDA,
    0x99, 0xD6, 0x6D, 0x7B, 0x79, 0xB4, 0x61, 0x6C, 0xEF, 0xB9, 0x75, 0xFA, 0xCA, 0xB4, 0x72, 0x68,
    0x87, 0xE6, 0x9D, 0xAD, 0x6D, 0x75, 0xB9, 0x22, 0xF2, 0x27, 0xC7, 0xD2, 0x64, 0x00, 0xE6, 0xF3,
    0xA5, 0x2E, 0xAA, 0xA4, 0xDA, 0x6A, 0xAD, 0x33, 0x8F, 0xFD, 0x0D, 0x3A, 0xB5, 0x95, 0x7C, 0x7A,
    0xF6, 0xA9, 0x59, 0xE2, 0xF5, 0xFC, 0x4B, 0xAF, 0x2F, 0xE0, 0x8A, 0x48, 0x71, 0x7F, 0xBA, 0x0B,
    0x09, 0xC3, 0xF9, 0xD2, 0x1D, 0x08, 0x25, 0x9D, 0xB9, 0x26, 0x91, 0x18, 0x45, 0x32, 0x1E, 0x7D,
    0xA0, 0xEC, 0x7D, 0xB3, 0x52, 0xC3, 0x5E, 0xAF, 0xC1, 0xAB, 0xFE, 0x73, 0x1A, 0x52, 0x54, 0x29,
    0x8A, 0x0C, 0x2E, 0x9F, 0xC5, 0xA4, 0xF2, 0xC1, 0x95, 0x9D, 0xDE, 0x61, 0xD8, 0x6A, 0x77, 0x1E,
    0x03, 0x52, 0x27, 0x91, 0xF5, 0xA4, 0x72, 0x10, 0x89, 0x5E, 0x65, 0xAB, 0x13, 0x71, 0x95, 0x9A,
    0xA6, 0x6A, 0xEF, 0xDE, 0x15, 0x68, 0xB5, 0x12, 0x0E, 0xD3, 0x4E, 0x08, 0x0B, 0xD0, 0x97, 0x08,
    0xD1, 0x96, 0x88, 0xD0, 0x88, 0x28, 0x4A, 0x6C, 0xE0, 0x76, 0x62, 0xA2, 0x9A, 0x5E, 0x37, 0x71,
    0xF9, 0x7D, 0x69, 0xB3, 0x88, 0x4C, 0xB5, 0x15, 0x73, 0x34, 0x67, 0x64, 0xA6, 0x32, 0x66, 0xEB,
    0xDE, 0x7D, 0xB9, 0xAD, 0x72, 0x79, 0x7A, 0x0A, 0x97, 0xA2, 0x44, 0x22, 0x2D, 0x9A, 0xA2, 0xFB,
    0xB8, 0x48, 0xA4, 0xA9, 0x37, 0xD2, 0xCA, 0xEE, 0xCD, 0xCB, 0x6C, 0x15, 0x1B, 0xB0, 0xB8, 0x1A,
    0x97, 0x03, 0x31, 0xA1, 0xAC, 0x14, 0xD0, 0x10, 0xFA, 0x3D, 0xA8, 0x14, 0xE8, 0xB8, 0x67, 0xBB,
    0x7F, 0xA1, 0x97, 0x11, 0x72, 0x42, 0x46, 0x48, 0x08, 0x47, 0x2F, 0x92, 0xBB, 0xB6, 0xD9, 0x0E,
    0x00, 0x8C, 0x2F, 0x02, 0x39, 0x0A, 0x77, 0x19, 0xE2, 0xAE, 0x88, 0x49, 0xC4, 0x2C, 0x02, 0x2A,
    0x2A, 0x11, 0x45, 0x20, 0xF9, 0xC4, 0x40, 0xC5, 0xE1, 0x4E, 0x2E, 0x22, 0x13, 0x91, 0x88, 0xD8,
    0xD4, 0x17, 0xCF, 0x77, 0xCF, 0x77, 0x21, 0x5B, 0x0F, 0x7C, 0x69, 0x48, 0xB0, 0x10, 0x23, 0x8C,
    0x24, 0x09, 0x5A, 0x1F, 0x97, 0xE8, 0xCA, 0xD1, 0xC8, 0x21, 0x9F, 0x3D, 0xDA, 0xC6, 0x43, 0x9D,
    0xFF, 0xB5, 0x71, 0x49, 0x06, 0x36, 0x1B, 0x09, 0x4E, 0x49, 0xE1, 0x49, 0xE3, 0x49, 0xE7, 0x49,
    0xEF, 0xC9, 0x44, 0xB2, 0x60, 0x26, 0x99, 0x00, 0x23, 0x35, 0x2A, 0x92, 0x1C, 0x0D, 0x49, 0x8A,
    0x8E, 0x24, 0xC1, 0x40, 0xB2, 0xC1, 0x44, 0x12, 0x62, 0x26, 0x71, 0x80, 0x91, 0x1A, 0x95, 0x90,
    0x59, 0xFA, 0x3D, 0x49, 0x8A, 0x9E, 0x24, 0xC1, 0x90, 0x2A, 0x89, 0x30, 0x91, 0x84, 0x98, 0x49,
    0x1C, 0x60, 0xA4, 0xC4, 0x37, 0x49, 0x72, 0x7C, 0x44, 0x92, 0x02, 0x24, 0x89, 0x27, 0x91, 0x27,
    0xA1, 0x27, 0xEE, 0x94, 0x94, 0x9E, 0xE4, 0x9E, 0xA4, 0x9E, 0xC4, 0x80, 0xF7, 0x4E, 0xD0, 0x5F,
    0xD3, 0xBA, 0xD9, 0x5B, 0x4A, 0xBB, 0x36, 0x53, 0x88, 0x81, 0x31, 0x5A, 0xC6, 0x70, 0x87, 0x5F,
    0x17, 0xC5, 0x6F, 0xFD, 0xAD, 0x0F, 0xA5, 0xE1, 0xB4, 0xE3, 0x94, 0x53, 0xA6, 0x0B, 0x68, 0x73,
    0x0D, 0xC0, 0x4E, 0x2D, 0x6A, 0x4E, 0x61, 0xF9, 0x2C, 0xD0, 0x95, 0x18, 0x5C, 0x2E, 0xD0, 0xD2,
    0xF5, 0xA3, 0x21, 0x54, 0x2E, 0x16, 0x28, 0x0E, 0x81, 0x7B, 0xC9, 0x70, 0x63, 0x54, 0x97, 0x62,
    0x54, 0xE7, 0x84, 0x0C, 0x05, 0x49, 0x0E, 0x67, 0x64, 0xF1, 0x64, 0x3A, 0xDB, 0xF7, 0xEB, 0xFE,
    0x99, 0x53, 0xA4, 0xAA, 0x6B, 0x67, 0x73, 0xEE, 0x70, 0x88, 0xD1, 0x12, 0xCC, 0xF1, 0xAA, 0x22,
    0xF0, 0xFD, 0x72, 0x21, 0x4C, 0x0A, 0xD9, 0xF0, 0xEC, 0x0C, 0xC1, 0xAD, 0x7B, 0xFC, 0xEB, 0x62,
    0x14, 0x54, 0x6C, 0x88, 0x2E, 0x60, 0x66, 0x98, 0x2C, 0xED, 0x1C, 0x25, 0x0A, 0x26, 0xBB, 0x9E,
    0x7A, 0x46, 0xDD, 0xD3, 0xC7, 0x8E, 0x2F, 0xAC, 0xD5, 0xCB, 0xBA, 0xFF, 0xDE, 0x74, 0x15, 0x9D,
    0x68, 0x70, 0xA1, 0x6E, 0x74, 0x76, 0xAE, 0x1E, 0x5D, 0xA9, 0x2A, 0xD0, 0x5B, 0x6E, 0x82, 0x7F,
    0xF7, 0xCE, 0xD4, 0xD5, 0xBA, 0x93, 0xA3, 0xC4, 0xC4, 0xC1, 0xF9, 0xA3, 0xEB, 0x78, 0xFF, 0x0D,
    0xAD, 0x5A, 0x3C, 0x1D, 0xCF, 0xB3, 0x7E, 0x6F, 0xEE, 0x8C, 0xAC, 0x35, 0x66, 0xFD, 0xC3, 0xBA,
    0x88, 0x67, 0x85, 0xB1, 0x14, 0xC1, 0xB1, 0x0B, 0xEA, 0x13, 0xE9, 0x32, 0x91, 0x98, 0x00, 0x0A,
    0x97, 0x4D, 0x11, 0xBE, 0xC7, 0xBD, 0xFD, 0x63, 0x84, 0x0F, 0x74, 0xC8, 0x79, 0xE7, 0x61, 0x04,
    0xEF, 0x01, 0x43, 0x36, 0x93, 0xFD, 0xEA, 0x2D, 0x80, 0xAC, 0x08, 0x8D, 0x2D, 0xCE, 0x91, 0xD9,
    0x44, 0xA6, 0x2D, 0x8C, 0x94, 0x64, 0xE3, 0xB9, 0x6C, 0x78, 0x4D, 0xD8, 0xDA, 0x79, 0x31, 0xF9,
    0xAE, 0xBA, 0xBC, 0x48, 0x9F, 0x1D, 0x3C, 0x99, 0x3C, 0x01, 0xC9, 0x02, 0xDF, 0x55, 0x81, 0x86,
    0xA4, 0x44, 0x4F, 0x92, 0x61, 0x24, 0x49, 0x30, 0x93, 0x44, 0x00, 0x49, 0x08, 0x54, 0xBE, 0xCF,
    0xB6, 0x24, 0x39, 0x7A, 0x92, 0xD4, 0x77, 0xCC, 0x04, 0x0B, 0x49, 0x04, 0x7C, 0x45, 0x49, 0x00,
    0xBC, 0xA7, 0x84, 0x25, 0x60, 0x0F, 0xC5, 0x99, 0x1E, 0x1A, 0x3F, 0xD3, 0x43, 0x03, 0x4F, 0x5C,
    0xFD, 0x4C, 0xC7, 0x4C, 0x3C, 0xD9, 0x78, 0x12, 0x79, 0xE2, 0x4E, 0x49, 0x49, 0x62, 0xEF, 0xA9,
    0x87, 0x49, 0xEE, 0x09, 0x16, 0x85, 0x0F, 0x1F, 0xAC, 0xAE, 0x57, 0x93, 0x27, 0x83, 0x27, 0xAD,
    0x27, 0x85, 0x91, 0xC1, 0x2F, 0x28, 0xB3, 0x4B, 0x7F, 0xE6, 0xF7, 0xEE, 0xD2, 0xD9, 0x6B, 0xF7,
    0x78, 0x3B, 0x0C, 0xC9, 0xC7, 0xE1, 0xCD, 0xD2, 0xCF, 0xE3, 0xB7, 0x84, 0x86, 0x50, 0x29, 0x2C,
    0x4E, 0x61, 0x5C, 0xB7, 0x10, 0x5B, 0xB0, 0x9D, 0x27, 0xE7, 0x13, 0x3A, 0x89, 0xB8, 0x83, 0x21,
    0xE0, 0x19, 0x4D, 0x8C, 0xEC, 0x97, 0x33, 0x01, 0xDA, 0x03, 0x9B, 0x27, 0x57, 0x32, 0xD0, 0xD4,
    0xCC, 0x6D, 0xEA, 0xA9, 0x7B, 0x00, 0xAC, 0xDE, 0x02, 0xF4, 0x40, 0x57, 0xBF, 0xE0, 0xC9, 0xFC,
    0x84, 0xD1, 0x73, 0xDE, 0x35, 0x55, 0x92, 0x9A, 0xD7, 0xB8, 0xB9, 0x3A, 0xAB, 0x12, 0x06, 0x4F,
    0x46, 0x92, 0xCD, 0x85, 0x08, 0x2F, 0xB7, 0x04, 0x2D, 0x8B, 0x21, 0x43, 0xC7, 0xBC, 0x98, 0x7B,
    0x46, 0xDF, 0x74, 0x2D, 0x58, 0x8C, 0x99, 0x45, 0x3D, 0x2D, 0x7C, 0x08, 0x0C, 0x5A, 0x1D, 0x07,
    0xAB, 0xA0, 0x55, 0x79, 0x34, 0x25, 0xD0, 0xCD, 0x1D, 0x66, 0xA3, 0x25, 0xFF, 0x87, 0x4E, 0xEA,
    0x95, 0xD9, 0x6A, 0x71, 0xB6, 0x45, 0x0E, 0x03, 0x5B, 0xE2, 0x77, 0x6F, 0xC4, 0xEC, 0xA8, 0xEC,
    0x91, 0xAD, 0xB1, 0xB8, 0x0D, 0x73, 0x4F, 0x30, 0x07, 0x35, 0x9A, 0x14, 0xBD, 0x68, 0xD6, 0x7B,
    0x8E, 0xAB, 0x75, 0x0F, 0xEA, 0x08, 0x2E, 0xA0, 0x37, 0xDC, 0x5A, 0x61, 0x3A, 0x07, 0x46, 0x5E,
    0x30, 0xCA, 0xE5, 0x1B, 0xB6, 0x45, 0xCC, 0x46, 0x4A, 0xE8, 0xD1, 0x2F, 0xBA, 0x52, 0xCF, 0xF1,
    0xC6, 0xD7, 0x9D, 0x65, 0xF1, 0x8B, 0x19, 0x31, 0xBC, 0xAD, 0x3E, 0x55, 0x43, 0xA2, 0x0E, 0xEE,
    0x14, 0xF4, 0x12, 0xE4, 0x26, 0x35, 0x25, 0x9D, 0x6D, 0x77, 0xB7, 0x6D, 0x6A, 0x7E, 0x9F, 0xDA,
    0xBA, 0x51, 0x6D, 0x5D, 0x33, 0xE7, 0x49, 0x4C, 0xEB, 0x5E, 0xB5, 0x97, 0x6B, 0xB2, 0x37, 0x26,
    0x4B, 0xAF, 0x33, 0xE7, 0xD4, 0xEF, 0x8C, 0x4D, 0x25, 0x49, 0xB1, 0xA1, 0x52, 0xAA, 0x30, 0x66,
    0x6A, 0x21, 0x2F, 0x65, 0x03, 0xD1, 0x0B, 0xED, 0x3A, 0xDB, 0xB1, 0x3B, 0xBE, 0x4B, 0x7F, 0x03,
    0x2B, 0x8B, 0xFA, 0xB5, 0xB1, 0xEA, 0x29, 0xFE, 0x06, 0x03, 0x07, 0x6E, 0xF6, 0x1A, 0x56, 0x0F,
    0x09, 0x6C, 0xCB, 0x48, 0x36, 0xF1, 0x22, 0x57, 0x76, 0xAA, 0xF0, 0x77, 0xDC, 0xB6, 0x78, 0xE9,
    0x76, 0x7C, 0x63, 0xC7, 0x01, 0x9B, 0xCB, 0xF6, 0xCC, 0x24, 0x68, 0xF9, 0x7E, 0xF6, 0x39, 0x5D,
    0x79, 0x9C, 0x75, 0xF3, 0x0E, 0xB4, 0x91, 0x42, 0x34, 0xF9, 0xE8, 0x64, 0x7A, 0xBA, 0xEE, 0xD8,
    0x3C, 0xD7, 0xDC, 0x8E, 0x2D, 0xB0, 0x3E, 0xFF, 0xBB, 0xDD, 0x05, 0xE9, 0xEF, 0x60, 0x58, 0x58,
    0x21, 0xD2, 0x64, 0xA5, 0xF9, 0x4A, 0x71, 0x4A, 0x03, 0x6D, 0x2C, 0x49, 0xE3, 0x71, 0x04, 0xBE,
    0x3D, 0xD9, 0xAE, 0x1E, 0xA3, 0xDA, 0xD0, 0x46, 0x45, 0x92, 0xA6, 0xE8, 0x3C, 0x55, 0x3B, 0x24,
    0xCD, 0xD1, 0xEC, 0x53, 0x49, 0xF7, 0x1D, 0xA3, 0x00, 0xA6, 0x3D, 0x5A, 0x9D, 0x4F, 0xD7, 0x14,
    0x1E, 0x3D, 0x9B, 0xAE, 0x65, 0x7C, 0xA0, 0x38, 0x2C, 0xA4, 0xD1, 0xC1, 0xD3, 0x0D, 0x26, 0x4F,
    0x23, 0xC0, 0xD3, 0x90, 0x67, 0x19, 0xFE, 0x6A, 0xB7, 0xC6, 0xEA, 0x70, 0x50, 0x51, 0xE9, 0x4A,
    0xA3, 0x95, 0xBA, 0x7A, 0xA5, 0x9B, 0x95, 0xD2, 0x6E, 0xCD, 0xD8, 0x76, 0xEC, 0x6B, 0x1F, 0xB2,
    0x85, 0xE8, 0x36, 0x3B, 0x9A, 0xD9, 0x35, 0x35, 0x0D, 0x1F, 0x00, 0x7E, 0x2D, 0xA2, 0x5D, 0x93,
    0xC6, 0xE0, 0x62, 0x4B, 0xEE, 0x89, 0xEE, 0xBD, 0x5A, 0x3E, 0x4F, 0xDF, 0xB5, 0xC5, 0xCE, 0x20,
    0xE3, 0x2A, 0xA9, 0x1A, 0x25, 0xFB, 0x55, 0x41, 0xCB, 0xD4, 0x3B, 0x7B, 0x21, 0x76, 0xB9, 0x21,
    0xAF, 0x68, 0x80, 0x1A, 0x9E, 0xC7, 0x9B, 0xF3, 0x39, 0xE7, 0x4C, 0x56, 0xEE, 0xCF, 0xD7, 0x9B,
    0x94, 0x33, 0xDF, 0xD9, 0x39, 0x6B, 0x89, 0x14, 0x38, 0x3D, 0xBD, 0xBB, 0x84, 0xB4, 0xD2, 0x9F,
    0xD9, 0xE9, 0x7A, 0x78, 0xEA, 0xDE, 0x9A, 0xD6, 0x3A, 0x62, 0x72, 0xC1, 0xCA, 0x69, 0xB6, 0x83,
    0xF1, 0x44, 0x72, 0xCF, 0xC8, 0x03, 0xB1, 0xF9, 0x10, 0xC0, 0x89, 0x1A, 0xBE, 0x57, 0xAF, 0xE2,
    0xD9, 0x83, 0xC2, 0x1B, 0x45, 0x60, 0xCF, 0xB3, 0x2F, 0x46, 0x67, 0xD1, 0x0A, 0x46, 0x9B, 0xCE,
    0x3B, 0x28, 0x9C, 0x7D, 0x88, 0xCD, 0xF2, 0xD4, 0x10, 0x8D, 0xE1, 0x60, 0x38, 0x1B, 0x42, 0xF0,
    0xF8, 0x2B, 0xD2, 0x8E, 0xE4, 0x8D, 0x62, 0x7E, 0x06, 0xB3, 0xE7, 0x60, 0x6E, 0x58, 0xF3, 0xFA,
    0x90, 0x69, 0x6C, 0xEB, 0xD3, 0xF4, 0x47, 0xC3, 0xCE, 0xB0, 0x20, 0x4E, 0x8E, 0xB8, 0x28, 0x1E,
    0xD7, 0x50, 0x64, 0xFD, 0x01, 0x76, 0x08, 0x80, 0x5D, 0x80, 0x9B, 0xA5, 0x14, 0x23, 0xA6, 0x2B,
    0x6A, 0x77, 0x96, 0x6F, 0xA5, 0x68, 0xBE, 0x02, 0x6A, 0x5B, 0x00, 0xFB, 0x3A, 0xCC, 0x86, 0x40,
    0x7B, 0x50, 0x74, 0x40, 0xC5, 0x49, 0x75, 0xBD, 0x33, 0x30, 0x03, 0xE6, 0xBA, 0x88, 0xBE, 0x47,
    0x9B, 0xBB, 0x48, 0x21, 0xA6, 0xFF, 0xCE, 0xD9, 0xF9, 0x9B, 0xF7, 0xCB, 0x31, 0xC4, 0x58, 0x4E,
    0x89, 0x08, 0x71, 0x04, 0x99, 0xEB, 0x9D, 0x00, 0xD0, 0x7B, 0xF1, 0x0F, 0x77, 0x4B, 0xCE, 0x27,
    0x74, 0x22, 0x1A, 0x11, 0x95, 0x88, 0xE2, 0x92, 0xD7, 0x43, 0x6F, 0x9A, 0xF8, 0xDC, 0x26, 0x7E,
    0x6E, 0x88, 0x9F, 0xF1, 0xEB, 0xAA, 0xF6, 0xFD, 0xBA, 0x16, 0x62, 0x36, 0x11, 0xF3, 0xC1, 0xB0,
    0x7B, 0x5D, 0x6D, 0xE1, 0x4C, 0x48, 0x51, 0x89, 0x28, 0x6C, 0xC6, 0x23, 0x9F, 0x45, 0x4C, 0xBE,
    0x26, 0x65, 0xB7, 0xE7, 0x4B, 0x75, 0xF6, 0x6C, 0xE5, 0x10, 0xBD, 0x1D, 0x3C, 0x33, 0xF3, 0xDD,
    0x31, 0x03, 0x1D, 0x0A, 0x13, 0x60, 0x39, 0x73, 0xB6, 0x72, 0x7F, 0xCE, 0xD9, 0xCA, 0x37, 0xF6,
    0x79, 0xBE, 0x7D, 0xF2, 0x8C, 0xE1, 0x72, 0x90, 0xA9, 0xE5, 0x0C, 0xD2, 0x5C, 0x31, 0x5A, 0x9D,
    0xE2, 0xFE, 0x35, 0xB3, 0x31, 0xEF, 0xB3, 0xC6, 0xBB, 0x18, 0x1F, 0x51, 0x9F, 0x7B, 0x0B, 0x08,
    0x47, 0x4F, 0xC5, 0x5A, 0x6B, 0x79, 0xB4, 0x47, 0x10, 0x99, 0x60, 0xDE, 0xC9, 0x07, 0x2A, 0x81,
    0x69, 0x95, 0x3F, 0xBD, 0xB7, 0x93, 0x8B, 0x1A, 0xC7, 0xA8, 0xD2, 0xDE, 0x34, 0x54, 0xB6, 0x2A,
    0x9B, 0x97, 0x23, 0xE9, 0xAE, 0x57, 0xAC, 0xE7, 0xE3, 0x2F, 0xE6, 0xA0, 0x6E, 0x6B, 0xCA, 0x36,
    0x1B, 0x07, 0x5B, 0x01, 0x11, 0xB9, 0x2D, 0x9E, 0x1D, 0x88, 0xBC, 0x6F, 0x07, 0x40, 0xB1, 0xE1,
    0x22, 0x95, 0x89, 0xC8, 0x21, 0x05, 0xB7, 0xFE, 0x0F, 0x41, 0xAD, 0x6F, 0xB8, 0x47, 0xEA, 0x01,
    0x68, 0x5D, 0xC3, 0x64, 0x8E, 0x4A, 0x25, 0xDD, 0x05, 0x38, 0xCB, 0xCF, 0x37, 0x2E, 0xD8, 0xEC,
    0x23, 0x4D, 0x73, 0x64, 0x2E, 0x36, 0xDE, 0xD7, 0x1F, 0xBD, 0xFE, 0xE0, 0x00, 0x61, 0xA2, 0xE7,
    0xF2, 0x7A, 0x1A, 0x18, 0x16, 0xCA, 0x42, 0xE4, 0xFC, 0x4F, 0xEA, 0x37, 0x5E, 0xBF, 0xEF, 0x62,
    0x4C, 0xF4, 0x11, 0x50, 0xD9, 0xAB, 0x6C, 0x55, 0x16, 0x1C, 0x21, 0xD8, 0x58, 0xD5, 0xEF, 0x80,
    0x3E, 0x3E, 0x76, 0xF4, 0x4E, 0xB5, 0x99, 0x6A, 0x9A, 0x9C, 0x95, 0xBA, 0x96, 0x3C, 0xD8, 0x27,
    0x37, 0x68, 0xD4, 0x12, 0x9E, 0xDD, 0xD9, 0xFF, 0xA1, 0x56, 0x15, 0xA3, 0x8B, 0xD6, 0x0F, 0xA7,
    0xB8, 0x5C, 0x65, 0x89, 0x9F, 0xD7, 0xEA, 0xF7, 0x1B, 0x7C, 0xD7, 0xA6, 0x46, 0x6B, 0x50, 0xB6,
    0xA7, 0xA3, 0xE5, 0x5C, 0xCD, 0x2D, 0xB5, 0x97, 0x40, 0xFD, 0xB1, 0x1E, 0x11, 0x2E, 0x71, 0xB5,
    0x6C, 0x1B, 0x3F, 0xC0, 0x5E, 0x1B, 0x37, 0x41, 0xF3, 0x1D, 0xE5, 0xF5, 0x4F, 0x83, 0x1A, 0x15,
    0xEB, 0x28, 0x72, 0x71, 0x22, 0x27, 0xF3, 0xFF, 0x7D, 0x0B, 0x58, 0x68, 0x07, 0x6B, 0x75, 0x0F,
    0xF9, 0xC9, 0x8F, 0xE6, 0x27, 0x1F, 0xAA, 0x9F, 0x7C, 0x7C, 0xC8, 0x4F, 0xFE, 0xFA, 0xDB, 0x03,
    0xA5, 0xF7, 0x0B, 0xF5, 0x73, 0xE1, 0xE6, 0xEB, 0xBE, 0xC1, 0x8F, 0x0F, 0xFB, 0xBA, 0x5F, 0x61,
    0x7B, 0xB8, 0xDE, 0x6D, 0xCA, 0xE3, 0x17, 0xCB, 0x4A, 0x24, 0x86, 0x35, 0xC5, 0x18, 0x95, 0x66,
    0xD2, 0x78, 0xF9, 0xA9, 0x8D, 0xF5, 0x85, 0x4A, 0xA5, 0x13, 0xC9, 0x75, 0xC8, 0x93, 0x2B, 0xD4,
    0xA6, 0x7F, 0xAA, 0x0D, 0x13, 0xDA, 0xBB, 0x42, 0xBB, 0xEE, 0x46, 0xCA, 0xE6, 0xF5, 0x2D, 0x2B,
    0x16, 0xF9, 0x66, 0x0A, 0xCD, 0x69, 0x51, 0x39, 0x89, 0xE4, 0x58, 0x78, 0x29, 0xFC, 0xF2, 0xB8,
    0xC4, 0xCE, 0xA7, 0x08, 0x5D, 0x88, 0xDE, 0x89, 0x31, 0x34, 0xBA, 0x24, 0xAE, 0x65, 0x9E, 0xB5,
    0xB0, 0x03, 0x47, 0xBE, 0x5C, 0x06, 0xFF, 0x04, 0x3D, 0x35, 0x2E, 0xFE, 0xFE, 0x70, 0x35, 0xEF,
    0x12, 0x77, 0xB6, 0x1A, 0x72, 0x68, 0x38, 0x0F, 0xEE, 0x6C, 0x9F, 0xC8, 0x44, 0x8B, 0xED, 0x22,
    0xBF, 0x1E, 0xE0, 0xA0, 0x92, 0xBD, 0x8A, 0xDD, 0x8A, 0xFD, 0xCA, 0x3A, 0x96, 0xF5, 0x2C, 0xEB,
    0x5A, 0xD6, 0xB7, 0xD8, 0xB9, 0x08, 0x13, 0xA1, 0x77, 0xD6, 0xBF, 0x2C, 0x24, 0x93, 0x17, 0x99,
    0x88, 0x5C, 0x44, 0x29, 0xA2, 0x9E, 0x8F, 0xEF, 0x4A, 0x93, 0x4E, 0x99, 0x08, 0xEC, 0x8B, 0x2F,
    0x61, 0xF7, 0xBF, 0x81, 0xA4, 0xF9, 0x87, 0x09, 0x4E, 0xB6, 0xAA, 0xF8, 0xD9, 0x77, 0x69, 0x3A,
    0xA5, 0x88, 0x5C, 0x44, 0x22, 0x22, 0xE4, 0x04, 0xFF, 0xE4, 0xBF, 0x76, 0x93, 0x2C, 0x85, 0xBD,
    0xB6, 0x06, 0x18, 0x58, 0x60, 0x8A, 0xA2, 0xE6, 0x67, 0x07, 0x44, 0xF4, 0x76, 0x9C, 0x6D, 0xFD,
    0xD4, 0x77, 0x13, 0x57, 0x8E, 0xEA, 0xC2, 0x91, 0xC2, 0x25, 0x76, 0x1C, 0xE8, 0xE2, 0x7C, 0x57,
    0x71, 0x80, 0xBD, 0x6D, 0x99, 0x6D, 0xC2, 0x1D, 0xEA, 0x2E, 0x9F, 0x78, 0x13, 0xF4, 0x3E, 0xFE,
    0xAE, 0x9E, 0x14, 0x30, 0x12, 0x7A, 0x42, 0x2B, 0x76, 0x14, 0xA0, 0x11, 0x08, 0x51, 0x88, 0x41,
    0x45, 0xB0, 0x16, 0x32, 0xA3, 0xA2, 0x59, 0x49, 0x8A, 0xF4, 0x4E, 0x20, 0xE0, 0x10, 0xA8, 0x89,
    0x99, 0xA1, 0xBC, 0x2C, 0x60, 0x6D, 0x00, 0x82, 0x98, 0xA0, 0x00, 0x1F, 0x44, 0x84, 0x9C, 0x90,
    0x10, 0x68, 0x8C, 0x7C, 0x34, 0xFD, 0x9E, 0xC6, 0xB0, 0x5C, 0xDC, 0x18, 0x38, 0x15, 0x6E, 0x50,
    0x9C, 0x0B, 0x77, 0xBE, 0xBD, 0xB3, 0xBA, 0x57, 0x61, 0x0C, 0x97, 0x7F, 0xEF, 0x60, 0xFD, 0xBA,
    0x43, 0xE2, 0x0F, 0xB9, 0x77, 0xB0, 0xB1, 0x82, 0x77, 0x9D, 0xB3, 0xCF, 0x78, 0x86, 0x82, 0x19,
    0xF0, 0x65, 0xFA, 0x7E, 0xAD, 0x73, 0x00, 0xA3, 0xE0, 0xDF, 0x41, 0xAC, 0x39, 0x58, 0xE8, 0xC2,
    0x10, 0x4C, 0xFC, 0x98, 0xEE, 0xD9, 0xB0, 0xE5, 0x39, 0x49, 0x27, 0x00, 0x17, 0xDD, 0xAE, 0x0A,
    0xD6, 0x87, 0x30, 0xE5, 0x09, 0xC9, 0xFE, 0xDC, 0x64, 0x97, 0x0B, 0xEA, 0x83, 0xBC, 0x4A, 0xF9,
    0xE5, 0x0D, 0x97, 0xEC, 0x2D, 0x1A, 0x4C, 0x2E, 0xD8, 0x3B, 0x0C, 0xCF, 0x16, 0x41, 0x16, 0xB7,
    0x3A, 0x87, 0xF8, 0x71, 0xAD, 0xE9, 0x3D, 0x46, 0x17, 0xEA, 0xFC, 0xFE, 0x22, 0x5A, 0x37, 0xA5,
    0xFB, 0x69, 0xA0, 0xCF, 0x03, 0x9D, 0x69, 0xFC, 0xB0, 0xC2, 0x6F, 0x1F, 0x4B, 0x7A, 0x05, 0x57,
    0xCD, 0xFA, 0xFF, 0x0F, 0x48, 0xE9, 0x8B, 0x93, 0x09, 0x34, 0x3C, 0x11, 0xAF, 0x0B, 0x20, 0xB0,
    0x3C, 0xD9, 0x41, 0x46, 0x75, 0x24, 0xFC, 0xF6, 0x8A, 0x18, 0xFE, 0xFF, 0xF0, 0xF4, 0xBA, 0xB7,
    0xED, 0xCB, 0x2B, 0xE8, 0xF7, 0xBF, 0x6F, 0x62, 0x37, 0xC0, 0x73, 0xF0, 0x88, 0x5F, 0x3A, 0xB9,
    0x98, 0xE1, 0xDD, 0x18, 0xDE, 0xDE, 0x37, 0xD9, 0x0F, 0x03, 0xBF, 0xC5, 0x7E, 0x8D, 0x4D, 0xED,
    0x8D, 0x13, 0xBA, 0xBA, 0xF0, 0x0B, 0x2A, 0x3B, 0x1C, 0xB9, 0xFF, 0x4E, 0xBF, 0xA2, 0x62, 0x3E,
    0x94, 0x9C, 0x58, 0x02, 0x26, 0x53, 0xA1, 0x9D, 0xA4, 0x28, 0xAD, 0xC2, 0xEF, 0xA9, 0x5C, 0xD8,
    0x04, 0x6F, 0x4C, 0xF0, 0xBE, 0x7C, 0xA4, 0x85, 0x67, 0x31, 0x4F, 0x3B, 0xB8, 0xC0, 0x59, 0xCC,
    0xD7, 0xF4, 0x16, 0x18, 0xD4, 0xD5, 0xDE, 0xD7, 0x12, 0x73, 0xCC, 0x8A, 0xE5, 0x7F, 0x43, 0xB1,
    0x2E, 0x68, 0x7F, 0x70, 0xA5, 0x61, 0xAD, 0xE8, 0xFF, 0xBD, 0xFC, 0x2D, 0xF6, 0xAE, 0x8B, 0x99,
    0x0E, 0xFD, 0x7D, 0x2E, 0x6A, 0xAF, 0x37, 0xF6, 0xEA, 0xCF, 0x53, 0xCE, 0xF9, 0xAF, 0xB0, 0x03,
    0xF2, 0x9F, 0xA8, 0xBF, 0xF5, 0x1C, 0x29, 0x4C, 0xE1, 0xBC, 0x42, 0xC8, 0x7F, 0x0C, 0xF0, 0x91,
    0x80, 0x5D, 0xE0, 0x2F, 0x3F, 0x7A, 0xEC, 0xAE, 0xB5, 0x11, 0xDF, 0xBE, 0x77, 0x4B, 0x19, 0xE6,
    0x94, 0x8B, 0x1A, 0x63, 0xCE, 0xA9, 0x8E, 0xCE, 0x3C, 0x95, 0xDF, 0x56, 0x75, 0x64, 0x33, 0x0F,
    0xE7, 0x2D, 0x07, 0x8E, 0xCA, 0xD1, 0xA4, 0xA3, 0x9A, 0xAA, 0xBB, 0x73, 0x72, 0x41, 0x63, 0xBD,
    0x31, 0x56, 0x82, 0x9C, 0x51, 0x14, 0xA3, 0xE7, 0x11, 0x72, 0xDF, 0xE7, 0xD9, 0x15, 0x11, 0x3A,
    0xA7, 0x3E, 0xEC, 0x95, 0x0B, 0xF8, 0xCD, 0xC8, 0x08, 0x55, 0x3E, 0xE8, 0xE9, 0x5B, 0x92, 0xDC,
    0x1B, 0x8F, 0xDC, 0xF6, 0x3A, 0xDB, 0xE5, 0x8D, 0xFD, 0x1C, 0xB0, 0x1F, 0x98, 0xFD, 0x4C, 0x34,
    0x9C, 0xD2, 0xEF, 0x74, 0x6D, 0x89, 0x68, 0xF6, 0xCE, 0xF2, 0x0F, 0x0D, 0xA3, 0x53, 0xAC, 0x0C,
    0x7F, 0xD6, 0x30, 0x9E, 0x5D, 0xE0, 0x31, 0x37, 0x8C, 0x51, 0x5D, 0x1B, 0x53, 0x8A, 0x60, 0x03,
    0xFC, 0xBD, 0xA3, 0xC7, 0x5B, 0xD3, 0xD7, 0x1E, 0x74, 0x04, 0x68, 0x9C, 0x9A, 0x90, 0x13, 0x12,
    0x82, 0x1D, 0x81, 0xC7, 0x45, 0x3F, 0x0B, 0x5C, 0xFB, 0xB3, 0x10, 0x79, 0x55, 0xF2, 0x22, 0xF4,
    0x46, 0xB9, 0x20, 0x68, 0x94, 0xEB, 0x82, 0x46, 0x6D, 0x79, 0xD0, 0x7E, 0x70, 0x95, 0xD0, 0x7E,
    0xD8, 0x62, 0xE1, 0xB9, 0x61, 0xFB, 0xD8, 0x6F, 0x5C, 0xBF, 0xB3, 0xE5, 0xEA, 0x6A, 0x0D, 0x3B,
    0x8D, 0x42, 0x10, 0x28, 0xEC, 0x18, 0x22, 0xEF, 0x49, 0x62, 0xE7, 0xB9, 0x84, 0x5A, 0x50, 0xDD,
    0x20, 0x53, 0xB1, 0xD4, 0x81, 0x2E, 0xAE, 0x37, 0xF2, 0xA3, 0x55, 0x57, 0xAD, 0x04, 0x0D, 0x77,
    0xA5, 0x47, 0x18, 0x75, 0x79, 0x3B, 0xE6, 0xE9, 0xF1, 0x83, 0x3A, 0x70, 0x25, 0xFC, 0xD1, 0xEB,
    0xB9, 0x4E, 0x09, 0xEA, 0x41, 0x88, 0xFE, 0x43, 0xBA, 0x94, 0xA3, 0x4C, 0x4B, 0x6A, 0xD4, 0x6C,
    0xC9, 0x99, 0x92, 0x38, 0x23, 0xE5, 0xB3, 0xFE, 0x60, 0x5E, 0xF9, 0x94, 0xCF, 0x74, 0xEF, 0xC0,
    0x24, 0x9B, 0x4D, 0x64, 0xD8, 0x5C, 0xE8, 0x8F, 0x7A, 0x4C, 0xAD, 0xC4, 0xF5, 0x4C, 0x47, 0x52,
    0xFD, 0x51, 0x2E, 0x4E, 0x54, 0x55, 0xEC, 0x50, 0xDA, 0x25, 0x40, 0x1F, 0xA3, 0xB2, 0x5D, 0x35,
    0x21, 0xBA, 0x0D, 0x1A, 0x4C, 0x8E, 0x7E, 0xA8, 0x6D, 0x64, 0x3F, 0x52, 0xFC, 0x2D, 0x9A, 0x08,
    0x2D, 0x46, 0xFB, 0x1C, 0x51, 0x13, 0xE2, 0x3F, 0x30, 0xE8, 0x8F, 0x1F, 0xA1, 0x0A, 0xC4, 0x66,
    0x54, 0xED, 0x3F, 0x42, 0xE1, 0xF0, 0x4B, 0x73, 0x49, 0x7C, 0x0F, 0x4E, 0x7E, 0x74, 0xDA, 0xA0,
    0x1F, 0xC1, 0xB9, 0xFA, 0xB7, 0x76, 0x7A, 0xB7, 0x7D, 0x41, 0xBB, 0x31, 0xF7, 0x41, 0x4E, 0xB4,
    0xD2, 0x08, 0xA6, 0xF5, 0xD3, 0xC9, 0x36, 0x23, 0x48, 0xBB, 0xF0, 0xA7, 0xAC, 0xB1, 0xE1, 0xB9,
    0xD5, 0x0E, 0xB4, 0x42, 0x7A, 0x44, 0x2E, 0xCE, 0x0C, 0xCD, 0x9C, 0xB8, 0xCE, 0x6E, 0x72, 0xA0,
    0x09, 0xDA, 0xE5, 0xE3, 0x6A, 0x75, 0x16, 0xD5, 0xDE, 0xB9, 0xCD, 0xE2, 0xBE, 0xEE, 0xED, 0x2F,
    0x9F, 0x03, 0x7F, 0x1D, 0x06, 0x9B, 0xB2, 0x3C, 0xF8, 0x09, 0xA0, 0xBD, 0xC7, 0x87, 0x66, 0x2C,
    0x8F, 0xA4, 0xD2, 0x8E, 0xA0, 0x8A, 0xEC, 0x28, 0x22, 0x36, 0xB4, 0x18, 0x4B, 0xA9, 0xED, 0xDD,
    0xA6, 0x68, 0xB4, 0x36, 0x09, 0x9A, 0x04, 0x8D, 0xD6, 0x32, 0x15, 0xDA, 0x6A, 0xED, 0x33, 0x54,
    0xB1, 0xF4, 0xD6, 0xF7, 0x26, 0x9E, 0x25, 0xD4, 0x87, 0xF8, 0xE7, 0x79, 0x47, 0xF9, 0xA1, 0x82,
    0x6F, 0x2C, 0x62, 0x9D, 0x21, 0x86, 0x08, 0x5F, 0xB0, 0x0D, 0x56, 0xE3, 0x06, 0x1B, 0x38, 0x4C,
    0xDC, 0x2F, 0x1A, 0xA1, 0x20, 0x4D, 0x96, 0x08, 0x6F, 0x63, 0x14, 0x4B, 0x48, 0xE6, 0x10, 0xDF,
    0xC7, 0x20, 0x76, 0x90, 0x4E, 0x01, 0x7E, 0x40, 0x57, 0xB7, 0x6C, 0x72, 0xF8, 0xB1, 0xD0, 0x0C,
    0xD9, 0x28, 0x54, 0xBD, 0xDD, 0xF2, 0xC1, 0xD5, 0x1F, 0x70, 0x01, 0xB2, 0xEC, 0xA5, 0xF5, 0x94,
    0xD6, 0xBD, 0xBC, 0x70, 0x57, 0x8E, 0x86, 0x9C, 0xFB, 0x05, 0x9D, 0x4E, 0x28, 0xF5, 0xD8, 0xF2,
    0x3C, 0x36, 0xF6, 0x8E, 0x14, 0xB3, 0xDD, 0x24, 0xFD, 0xA9, 0xEE, 0x40, 0xB5, 0xD2, 0xC2, 0x25,
    0xD6, 0x1A, 0xE2, 0x7E, 0xC7, 0x8B, 0x14, 0x37, 0x66, 0x05, 0xE9, 0xFA, 0x41, 0xED, 0x41, 0x10,
    0xA3, 0xED, 0xF3, 0xEA, 0x52, 0x70, 0xDB, 0x60, 0x84, 0x86, 0x6E, 0x79, 0x07, 0xBC, 0x8E, 0xB6,
    0x32, 0x04, 0x08, 0xE5, 0xAC, 0xC8, 0xC6, 0x7C, 0xBF, 0xDB, 0xD5, 0xD1, 0x3B, 0x43, 0xC7, 0x53,
    0xB0, 0xC4, 0xB8, 0x27, 0x7E, 0x1B, 0x98, 0x8E, 0x3C, 0xFA, 0x57, 0x79, 0x2D, 0xE9, 0x4F, 0x1A,
    0x47, 0x87, 0x15, 0x99, 0xF9, 0xAA, 0xEF, 0x44, 0x86, 0xC6, 0xD1, 0xED, 0xB9, 0x52, 0x27, 0x8D,
    0x12, 0x9C, 0x43, 0xA6, 0x29, 0x02, 0x7E, 0x85, 0x85, 0xF5, 0xCB, 0xD7, 0xC1, 0xB4, 0xED, 0x11,
    0x46, 0x63, 0x76, 0x57, 0x7C, 0xBC, 0xDE, 0x0E, 0xCB, 0x2B, 0xC5, 0xF5, 0xC8, 0xFD, 0x71, 0x6F,
    0x10, 0x55, 0x03, 0x6E, 0xFD, 0x1E, 0x13, 0x9D, 0x0C, 0xE8, 0x6D, 0x5A, 0xDB, 0xB4, 0xAE, 0xEA,
    0x7F, 0x2B, 0xAE, 0x06, 0xEE, 0x99, 0x70, 0x7C, 0xCC, 0x8E, 0xC0, 0xB3, 0xD5, 0x78, 0xC4, 0xD6,
    0xEA, 0x48, 0xB5, 0xB8, 0xD4, 0x6E, 0x5F, 0x89, 0x76, 0x8E, 0xC9, 0xC5, 0x76, 0x4F, 0xDC, 0xB0,
    0x87, 0xD8, 0xCD, 0xB2, 0x63, 0x1C, 0xBD, 0x86, 0xB7, 0x55, 0x57, 0xDB, 0x0D, 0xAE, 0xE4, 0xED,
    0x4C, 0x84, 0xDE, 0xC9, 0x52, 0xDE, 0xC4, 0x24, 0xB2, 0xAD, 0xAE, 0x7E, 0xCF, 0xBE, 0x2B, 0xF5,
    0xAF, 0xE6, 0x16, 0xCD, 0xDB, 0x52, 0x80, 0xDF, 0x50, 0xFF, 0x50, 0x73, 0xB6, 0xFD, 0x6A, 0xEB,
    0x27, 0x06, 0x68, 0xC5, 0x9A, 0xE0, 0xFE, 0x07, 0x4A, 0x62, 0xA2, 0x34, 0xB8, 0x61, 0x6F, 0xFF,
    0xDF, 0x59, 0xFC, 0xFD, 0x0F, 0x96, 0xD4, 0xA8, 0xCC, 0x8C, 0xAD, 0xD5, 0x67, 0xC3, 0xC9, 0xB0,
    0x37, 0x6C, 0x88, 0x8B, 0xE5, 0xE2, 0x6D, 0xF8, 0xAB, 0x2E, 0x78, 0x44, 0x37, 0x80, 0x18, 0xB4,
    0xF7, 0x04, 0x85, 0x62, 0xBA, 0xA2, 0xFE, 0x3F, 0x57, 0xF9, 0xDE, 0x2D, 0xC2, 0xD1, 0xF9, 0x70,
    0xD3, 0x0F, 0x7E, 0x7F, 0x34, 0xB7, 0xEB, 0x74, 0x6F, 0xD4, 0x0A, 0x78, 0x97, 0xEB, 0x75, 0x2B,
    0x73, 0x6A, 0x86, 0x32, 0x3D, 0xCF, 0xDD, 0x9A, 0x0B, 0x41, 0x0F, 0x4B, 0x48, 0x18, 0xCE, 0x81,
    0x5E, 0x62, 0xD6, 0xCC, 0xA9, 0xF4, 0x0F, 0x3D, 0x2A, 0x63, 0x5E, 0x97, 0x73, 0x45, 0xC7, 0xAB,
    0x65, 0x99, 0x61, 0x05, 0x3E, 0xE2, 0xE4, 0x67, 0x3C, 0xE8, 0xBD, 0xB7, 0x17, 0xB1, 0xD0, 0x88,
    0x8B, 0x8F, 0xB8, 0x4E, 0xB1, 0x64, 0x7B, 0x11, 0xAD, 0x92, 0x3E, 0x4F, 0x8B, 0xD8, 0x33, 0xE2,
    0x4F, 0xE5, 0x08, 0x1C, 0x16, 0x77, 0xC2, 0xEF, 0x86, 0x53, 0x17, 0x9E, 0x52, 0xAB, 0x05, 0x58,
    0xDE, 0xBE, 0xA3, 0x64, 0x5C, 0xF9, 0xE7, 0x33, 0xA1, 0xB7, 0x87, 0xA9, 0x05, 0xDF, 0x0E, 0xBB,
    0x50, 0xE4, 0x00, 0xD0, 0x3D, 0x4F, 0xDE, 0x3E, 0x3E, 0xAE, 0x6D, 0xB7, 0x29, 0x6D, 0x4D, 0x73,
    0x19, 0xAD, 0xDC, 0x6A, 0x9D, 0x54, 0xE9, 0x7E, 0x11, 0xA8, 0x26, 0x6A, 0x89, 0x75, 0x07, 0x4E,
    0x6B, 0xBE, 0xD9, 0xBB, 0x9E, 0xDE, 0xBA, 0x22, 0xEB, 0xE7, 0x48, 0xE7, 0x83, 0x0D, 0x10, 0x12,
    0xB4, 0x04, 0x9A, 0x37, 0x21, 0xF1, 0xD0, 0xD9, 0xD0, 0xE1, 0xC0, 0x67, 0xA7, 0x6E, 0x4C, 0x66,
    0xEF, 0x2B, 0xCD, 0x93, 0x25, 0xBC, 0x2F, 0x03, 0xC6, 0x2B, 0xB5, 0x2C, 0x81, 0xBB, 0xA2, 0x26,
    0xC3, 0xA3, 0x23, 0x02, 0x74, 0x7A, 0xC4, 0x47, 0x39, 0xB9, 0x5C, 0x27, 0x2B, 0x3E, 0xCB, 0x4D,
    0x48, 0xFF, 0x66, 0x7B, 0x16, 0x2D, 0x1B, 0x50, 0xDF, 0x13, 0x77, 0x43, 0x3F, 0xBA, 0x31, 0x99,
    0x15, 0xE4, 0x13, 0x58, 0xB7, 0xEE, 0xA6, 0xF2, 0x5C, 0x1A, 0x62, 0x34, 0x1B, 0xB4, 0x21, 0x86,
    0x0C, 0x85, 0xAB, 0xE7, 0x9A, 0xBB, 0xCB, 0x46, 0x3F, 0x70, 0xDC, 0xA8, 0x3A, 0x03, 0x7D, 0x00,
    0x5E, 0xD9, 0xBB, 0x4C, 0x8A, 0xA5, 0x08, 0x00, 0xA9, 0xA9, 0x7D, 0xC8, 0xAA, 0x48, 0xE9, 0x98,
    0xB5, 0xD4, 0xA7, 0x87, 0xC6, 0x8B, 0x28, 0x5E, 0x43, 0xF1, 0x7F, 0xEC, 0x98, 0x21, 0x8C, 0xDC,
    0x56, 0x17, 0x85, 0xAF, 0xC7, 0xF9, 0x33, 0x52, 0x06, 0xCC, 0x4F, 0x4A, 0x52, 0x30, 0x3C, 0xC4,
    0x1C, 0xD9, 0x2D, 0x07, 0x0B, 0x32, 0x21, 0xE1, 0xA4, 0xA4, 0x1C, 0x79, 0xC2, 0x49, 0x38, 0x69,
    0x41, 0x41, 0x3B, 0x01, 0xE1, 0xC8, 0x66, 0xA5, 0xC3, 0x0B, 0x3A, 0x6D, 0x4B, 0xAA, 0x82, 0xBA,
    0x95, 0xA5, 0x38, 0x5A, 0xDB, 0xA7, 0x7B, 0x74, 0xFD, 0xCE, 0x7B, 0x93, 0xD5, 0x36, 0x4D, 0xD5,
    0x4A, 0xA9, 0xD4, 0x2B, 0xCD, 0xDB, 0xF3, 0xC5, 0x9E, 0xFB, 0xAE, 0xEF, 0x3D, 0x3B, 0x6F, 0x33,
    0xB6, 0x44, 0x89, 0x43, 0x94, 0x95, 0x59, 0xD6, 0x60, 0xAE, 0xAC, 0x86, 0x99, 0x15, 0x00, 0x7A,
    0xA3, 0xCC, 0xC0, 0xA8, 0x30, 0x9B, 0x6D, 0xC0, 0xF8, 0x0E, 0x23, 0xEF, 0x67, 0x5C, 0x63, 0x30,
    0x6B, 0xE0, 0xD1, 0xF1, 0xD6, 0xD7, 0xF6, 0x29, 0x80, 0xD6, 0x72, 0xE0, 0x60, 0x6B, 0x00, 0x66,
    0x6B, 0xBE, 0xD5, 0x98, 0xCE, 0xB6, 0x18, 0xB9, 0x17, 0x4E, 0x94, 0x3D, 0xB7, 0x41, 0x67, 0xB6,
    0xE3, 0xE2, 0x6B, 0xC1, 0x4B, 0x7E, 0xAD, 0x44, 0x6B, 0xDC, 0x32, 0x91, 0x43, 0x90, 0xEB, 0xBF,
    0x4F, 0x6A, 0x0B, 0x6D, 0xCC, 0x9A, 0x28, 0xBD, 0x32, 0x2F, 0x92, 0x3C, 0x84, 0xD2, 0x37, 0x98,
    0xCC, 0x0C, 0x7C, 0x33, 0x1F, 0xD3, 0x17, 0x5B, 0x01, 0x3D, 0x1F, 0xDE, 0x78, 0x8D, 0xC1, 0xBB,
    0x42, 0xA3, 0x06, 0xCA, 0x2D, 0x18, 0x67, 0xCA, 0xDC, 0x9B, 0x6A, 0x8C, 0xDA, 0xAF, 0x33, 0xEE,
    0x03, 0x1A, 0xC9, 0xFF, 0xF6, 0x7E, 0x39, 0x21, 0x4F, 0x72, 0x0E, 0xE2, 0xE4, 0x62, 0xC7, 0x42,
    0x1E, 0xCE, 0xCF, 0xAD, 0x40, 0xCB, 0x2A, 0x66, 0x0E, 0xD3, 0x76, 0xDC, 0xAA, 0x81, 0x8F, 0x67,
    0xC6, 0xC4, 0x2B, 0x5E, 0xC9, 0xDA, 0xC5, 0xD9, 0xB6, 0x98, 0x9F, 0x80, 0x55, 0xF0, 0x31, 0x8B,
    0xD0, 0x05, 0x3E, 0x38, 0x3B, 0xE3, 0x7D, 0xA9, 0x51, 0x59, 0x8E, 0x21, 0x11, 0xCC, 0x99, 0x63,
    0x7C, 0xAB, 0x48, 0xDF, 0xE5, 0x56, 0x5B, 0xA3, 0x0F, 0x99, 0x7D, 0xD4, 0xDC, 0xD8, 0x9B, 0x5E,
    0x7B, 0x5F, 0xF1, 0xC2, 0xBB, 0xAA, 0xEE, 0x80, 0xC5, 0x27, 0x4D, 0x72, 0x0F, 0xFA, 0x83, 0x37,
    0x6C, 0x30, 0x23, 0x53, 0xA7, 0xA2, 0xAB, 0x25, 0x8F, 0x47, 0x33, 0x7B, 0x70, 0x7C, 0x5E, 0xA2,
    0x02, 0xBC, 0x7F, 0x35, 0x2C, 0x48, 0xCC, 0x41, 0x7E, 0x8F, 0x31, 0xC8, 0x9F, 0x31, 0x04, 0x49,
    0x57, 0x4B, 0x1E, 0x24, 0x27, 0x93, 0x3C, 0x49, 0x9E, 0xED, 0xBD, 0x93, 0xCD, 0xDD, 0x72, 0x87,
    0x93, 0xF9, 0x7C, 0x8C, 0xBE, 0xF1, 0xC1, 0x70, 0xA1, 0xE4, 0x6D, 0xEE, 0xC4, 0x1D, 0x26, 0x1A,
    0x26, 0xDA, 0x77, 0x8E, 0xF6, 0x1D, 0x29, 0x33, 0x30, 0x3A, 0x39, 0x99, 0x09, 0x96, 0x31, 0xCD,
    0xE6, 0xD1, 0xF8, 0xC4, 0x7C, 0x54, 0x57, 0x96, 0xC6, 0x07, 0xFB, 0x5B, 0x53, 0x63, 0x4D, 0x52,
    0xBC, 0x81, 0xF3, 0x6D, 0x66, 0x56, 0x4D, 0x6F, 0x62, 0x5A, 0xD4, 0xAF, 0x18, 0x17, 0x75, 0x8D,
    0xDE, 0x15, 0x5D, 0x2D, 0x75, 0x08, 0x6A, 0xB2, 0xA0, 0x4E, 0x41, 0xF5, 0x16, 0x54, 0xF7, 0x0F,
    0x29, 0x3A, 0xDB, 0x1F, 0xA5, 0x58, 0x54, 0x6B, 0x25, 0x15, 0x9B, 0x9B, 0x61, 0x51, 0xF3, 0x4B,
    0x57, 0x85, 0x9A, 0xC8, 0xCA, 0xAF, 0xA9, 0xD8, 0x75, 0xFC, 0x06, 0x2A, 0xB6, 0xF8, 0x19, 0x15,
    0x6F, 0x9C, 0xCC, 0x95, 0xC9, 0xF4, 0xEA, 0xE5, 0x95, 0xBF, 0xD4, 0xD1, 0xD1, 0x32, 0x9C, 0x23,
    0x6F, 0x51, 0x6D, 0xD0, 0x46, 0xCE, 0x71, 0x2E, 0x21, 0xE2, 0x36, 0xAF, 0x31, 0x8A, 0x7C, 0x9C,
    0x5D, 0xCA, 0x85, 0xE6, 0x18, 0x12, 0xE2, 0x90, 0xF2, 0xEA, 0x78, 0xB4, 0xB7, 0xC7, 0xF1, 0x78,
    0xFC, 0xAA, 0x32, 0xFE, 0x4E, 0x32, 0x8E, 0xFA, 0x15, 0x77, 0x7B, 0x81, 0x0C, 0xF4, 0x6F, 0xF0,
    0x9C, 0xB2, 0xBB, 0xEC, 0x92, 0x3B, 0xD9, 0x13, 0x38, 0xBE, 0x04, 0x06, 0xBB, 0x7F, 0x93, 0xFC,
    0xC5, 0xF2, 0x4B, 0x5D, 0xD3, 0x04, 0xE6, 0xF3, 0x21, 0x6F, 0x80, 0xE5, 0x89, 0xCE, 0x64, 0xCB,
    0x40, 0xCF, 0xF9, 0x94, 0xC8, 0xE6, 0x36, 0xA6, 0x76, 0x2E, 0x41, 0x5E, 0x61, 0x12, 0x9F, 0x96,
    0x43, 0x84, 0xEC, 0x89, 0x3C, 0xBD, 0xF3, 0x0E, 0xE4, 0x22, 0xF9, 0x74, 0x70, 0x13, 0x1C, 0x52,
    0x76, 0x29, 0xF6, 0x8F, 0x4E, 0xB1, 0x1F, 0x78, 0x29, 0xEB, 0x4D, 0x6E, 0x2F, 0x2F, 0x2A, 0xD9,
    0xAF, 0x41, 0xE5, 0xEC, 0x3B, 0x67, 0xEC, 0x5A, 0xAC, 0x97, 0xE9, 0xC5, 0xB5, 0x7F, 0xBE, 0x8B,
    0x81, 0x83, 0xE7, 0x70, 0x5E, 0x01, 0x21, 0x7D, 0xEC, 0x17, 0x50, 0x05, 0xAE, 0x31, 0x2E, 0xE9,
    0xC9, 0xFB, 0xA7, 0x1C, 0x58, 0x8E, 0x69, 0x7F, 0x13, 0xA6, 0xD3, 0xC5, 0x45, 0xC5, 0xC5, 0xD3,
    0x27, 0x3C, 0xD9, 0x25, 0x77, 0x97, 0x3C, 0x5B, 0x64, 0xE2, 0x55, 0xC2, 0xB2, 0xEB, 0xDE, 0x5F,
    0x72, 0x33, 0x8F, 0x2E, 0x53, 0x60, 0xB0, 0x66, 0x94, 0xD9, 0xAC, 0x44, 0x8E, 0xCE, 0xBD, 0xE6,
    0x46, 0xF8, 0x16, 0xAD, 0xAC, 0x66, 0x6B, 0x26, 0x96, 0xD3, 0x2C, 0x63, 0x81, 0x32, 0x1A, 0x1B,
    0x3B, 0x04, 0xE4, 0x04, 0x1E, 0x1D, 0x3F, 0x37, 0xD9, 0xCC, 0x23, 0x75, 0x59, 0xDA, 0xB4, 0x8C,
    0x2D, 0x79, 0x2C, 0x8F, 0xE5, 0xFE, 0xEC, 0xC1, 0x62, 0x29, 0x96, 0x6F, 0xE2, 0x49, 0xE8, 0xFE,
    0x22, 0x62, 0xD4, 0xB8, 0x6F, 0x32, 0x3F, 0xC5, 0x20, 0x77, 0xF8, 0x2A, 0xF4, 0x84, 0x11, 0xDD,
    0x1C, 0x42, 0x1F, 0xDE, 0xA5, 0xF3, 0x64, 0xAC, 0x5B, 0x3E, 0x96, 0x8D, 0x5D, 0x45, 0x17, 0x97,
    0xBA, 0x20, 0x53, 0xAD, 0xA2, 0x87, 0x11, 0x8E, 0x7C, 0x59, 0x2A, 0x39, 0xA0, 0x36, 0x72, 0x98,
    0x0C, 0xE5, 0xFE, 0x95, 0x9F, 0xDC, 0x5F, 0xB2, 0x53, 0xEE, 0xC3, 0x09, 0x6E, 0xDA, 0x26, 0x38,
    0xD9, 0x05, 0x76, 0x42, 0x5F, 0x85, 0xEE, 0x24, 0x61, 0x88, 0x7D, 0xE5, 0x2F, 0x16, 0xD5, 0x19,
    0x9D, 0x8C, 0x36, 0x50, 0x39, 0x5B, 0x01, 0x0B, 0xB4, 0x45, 0x8B, 0x51, 0x94, 0xE3, 0x15, 0x3A,
    0x51, 0x06, 0xE0, 0x24, 0xB2, 0x9A, 0x86, 0x12, 0x15, 0xDC, 0x4E, 0xF4, 0xE0, 0xF8, 0x65, 0x24,
    0x45, 0x4A, 0xD9, 0xCB, 0xE7, 0xA4, 0x3D, 0x83, 0x43, 0x98, 0x49, 0x8B, 0xFD, 0x1B, 0xE0, 0x6B,
    0x11, 0x77, 0x7D, 0x25, 0x5A, 0x73, 0x15, 0x6D, 0x53, 0x62, 0x92, 0x27, 0x00, 0x73, 0x3E, 0x01,
    0x1F, 0xAA, 0x5B, 0x8E, 0x23, 0x8E, 0x9E, 0x73, 0xDC, 0xC9, 0x43, 0x9C, 0x0A, 0x7F, 0xFA, 0xB8,
    0x79, 0x84, 0x79, 0x65, 0xF5, 0x72, 0xA4, 0xAE, 0xF5, 0x31, 0x44, 0xCA, 0xE5, 0x1F, 0xD1, 0x06,
    0xBD, 0xC8, 0x2D, 0x24, 0x62, 0x72, 0x91, 0x0B, 0xE3, 0x0E, 0xCC, 0x99, 0x61, 0x8A, 0xE4, 0x7F,
    0x35, 0xAA, 0x16, 0xBE, 0x4C, 0x75, 0xB2, 0x2E, 0x56, 0xD7, 0x5B, 0x8D, 0xCE, 0xFD, 0xC8, 0xA1,
    0xBE, 0xD0, 0xD3, 0x1E, 0x36, 0xFE, 0xEC, 0xB9, 0x13, 0x7F, 0x5C, 0x8B, 0xD8, 0xB3, 0x1F, 0x44,
    0x9C, 0xD4, 0xB3, 0x48, 0x1B, 0x4C, 0x26, 0xBA, 0x3C, 0x64, 0x97, 0xD3, 0xED, 0xD1, 0xD1, 0x00,
    0x0A, 0x96, 0x7A, 0xA9, 0xFE, 0x53, 0x37, 0x7E, 0xBD, 0x72, 0x05, 0xA0, 0xFF, 0x4B, 0xCA, 0x3C,
    0x12, 0x85, 0xA0, 0x32, 0xA9, 0x35, 0xE6, 0x70, 0x17, 0x46, 0xA9, 0x41, 0xAA, 0x93, 0x3A, 0x49,
    0x29, 0x6F, 0xAF, 0xFF, 0x53, 0xD9, 0xED, 0x28, 0xC2, 0x55, 0x4C, 0xCB, 0xC0, 0x31, 0x03, 0xCB,
    0xEE, 0xA9, 0xF0, 0x7B, 0x16, 0x51, 0x0E, 0x8B, 0xC8, 0x54, 0xED, 0x2D, 0xB1, 0x7F, 0xAC, 0x77,
    0xFD, 0xAB, 0x04, 0x67, 0x4A, 0xC1, 0xE8, 0xDF, 0x55, 0x98, 0xC7, 0xDD, 0x22, 0x0B, 0x62, 0xB5,
    0x88, 0x7B, 0x9B, 0x65, 0xA2, 0x3B, 0x44, 0x31, 0x04, 0xD1, 0x05, 0x71, 0x0A, 0x22, 0x7C, 0x78,
    0xFE, 0x98, 0xF8, 0xA6, 0xE8, 0xB9, 0x62, 0xE2, 0x8A, 0xB9, 0x06, 0x47, 0xE6, 0x6B, 0xFC, 0xF7,
    0x72, 0xE0, 0x9A, 0xB9, 0xCF, 0xB4, 0x72, 0x4C, 0x7E, 0xCF, 0xFB, 0xBC, 0x9A, 0xDD, 0x5A, 0xBD,
    0x93, 0xDE, 0x46, 0xEF, 0xA1, 0x37, 0xD0, 0xBB, 0xE7, 0xAD, 0xF3, 0xBE, 0x71, 0x5D, 0x3A, 0xF6,
    0x09, 0xFF, 0x92, 0xB1, 0x87, 0x47, 0x7E, 0xAA, 0x55, 0x0D, 0xEF, 0xB3, 0x82, 0xAD, 0xC1, 0xA1,
    0xC1, 0x94, 0x02, 0x2E, 0xA0, 0x4A, 0xA1, 0x4D, 0xE1, 0x9C, 0x42, 0x97, 0xC2, 0x18, 0x61, 0xC6,
    0x14, 0x61, 0x04, 0x12, 0x68, 0x70, 0x88, 0x50, 0xA2, 0x8D, 0xC0, 0x63, 0x44, 0xB0, 0x45, 0x1F,
    0x61, 0x8D, 0x31, 0x02, 0x1F, 0x5F, 0x60, 0x40, 0x02, 0x0D, 0x0E, 0x01, 0x26, 0x1E, 0x2C, 0x02,
    0x9E, 0x29, 0x11, 0xB6, 0xE8, 0x77, 0x82, 0x1C, 0xA3, 0x80, 0xAD, 0x8D, 0x60, 0x40, 0x02, 0x35,
    0x3E, 0x8B, 0x50, 0xE2, 0x17, 0x01, 0x9B, 0x1D, 0x61, 0x9B, 0x42, 0x9E, 0xC2, 0x2A, 0x05, 0xBB,
    0x80, 0x3A, 0x85, 0x32, 0x85, 0x5D, 0x0A, 0x9B, 0x05, 0x4C, 0x91, 0x80, 0x9F, 0xAB, 0x0A, 0x20,
    0xEA, 0x3C, 0x81, 0x12, 0x98, 0x53, 0x18, 0x53, 0xE8, 0x53, 0x38, 0xA7, 0x50, 0x25, 0x40, 0x0F,
    0xDD, 0xFD, 0xF9, 0xAA, 0xD8, 0x0D, 0x09, 0xD4, 0x73, 0xE2, 0x44, 0xC0, 0xE4, 0x44, 0x87, 0x29,
    0x05, 0x2C, 0xD0, 0xC0, 0xA2, 0x13, 0x8B, 0xD1, 0xA2, 0x13, 0xB3, 0xCA, 0xE4, 0x44, 0x86, 0x9C,
    0xC8, 0x90, 0x13, 0xF9, 0xCD, 0x82, 0x3B, 0x31, 0x64, 0x1B, 0x01, 0x81, 0x3B, 0x51, 0x40, 0x27,
    0x0A, 0xE8, 0x44, 0x01, 0x9D, 0x28, 0xA0, 0x13, 0x05, 0x74, 0xA2, 0xC0, 0x00, 0x81, 0x9C, 0x48,
    0x70, 0x27, 0x0A, 0xE8, 0x44, 0x01, 0x9D, 0x28, 0xA0, 0x13, 0x05, 0x74, 0xA2, 0xC0, 0x00, 0x81,
    0x3B, 0x51, 0x40, 0x27, 0x0A, 0xE8, 0x44, 0xC1, 0x36, 0x85, 0x3C, 0x85, 0x55, 0x0A, 0x76, 0x01,
    0x75, 0x0A, 0x65, 0x0A, 0xBB, 0x14, 0x36, 0x0B, 0x28, 0xFE, 0x2C, 0xE0, 0x0E, 0xB8, 0xA7, 0xE3,
    0x5E, 0x5F, 0xBF, 0x45, 0x18, 0x53, 0xE8, 0x53, 0x38, 0xA7, 0x50, 0x09, 0x1E, 0xE8, 0xA8, 0xB8,
    0x8C, 0xF5, 0x2C, 0xB9, 0x43, 0x1B, 0x64, 0x81, 0xD3, 0x1F, 0xCA, 0xF4, 0xDE, 0x4D, 0xB2, 0xCB,
    0xFF, 0xA5, 0x6E, 0x7D, 0x4B, 0xF3, 0xE1, 0x4F, 0xFE, 0x85, 0x6E, 0x3D, 0xAC, 0x17, 0x9F, 0xB6,
    0xF5, 0x58, 0x00, 0x93, 0xCB, 0xA9, 0x01, 0xE0, 0x12, 0x8C, 0xF6, 0x96, 0x9C, 0x3F, 0x02, 0xCE,
    0x2E, 0x7B, 0x2B, 0x17, 0xE9, 0x5F, 0xDD, 0xBA, 0x6C, 0xA3, 0x3C, 0xD8, 0x26, 0xC8, 0xEA, 0x6D,
    0xD2, 0xDE, 0x53, 0x69, 0x1E, 0xEF, 0x24, 0xCB, 0x20, 0xB3, 0x0C, 0x2E, 0xDD, 0xE7, 0x87, 0x28,
    0x4D, 0x72, 0x8E, 0x72, 0x94, 0x94, 0x7F, 0xB2, 0x86, 0xD7, 0x6D, 0xBF, 0xBC, 0x56, 0x38, 0x2D,
    0x93, 0x6E, 0x46, 0xAB, 0x27, 0xDF, 0xF7, 0x63, 0xF4, 0x6E, 0xB4, 0x6F, 0x70, 0xBA, 0xDC, 0x4A,
    0x1B, 0xD5, 0x9E, 0x9B, 0x67, 0xED, 0x17, 0x76, 0x47, 0x34, 0xE8, 0x5C, 0x04, 0x2B, 0x67, 0xA1,
    0xA2, 0x55, 0x10, 0x79, 0xF0, 0xFF, 0x3A, 0x64, 0xDE, 0xFC, 0xDE, 0xDE, 0x15, 0xC3, 0xDA, 0x8D,
    0x1D, 0xD7, 0x4B, 0x12, 0xF9, 0x34, 0xF4, 0x10, 0xB0, 0x59, 0xA5, 0x90, 0x81, 0x30, 0xF5, 0x06,
    0xC8, 0xEB, 0x2B, 0x52, 0x30, 0x90, 0x66, 0x0B, 0xAB, 0xD0, 0x97, 0x91, 0x6C, 0xB1, 0xF5, 0x6A,
    0x0B, 0xF5, 0x4D, 0xC8, 0xA4, 0x4D, 0x91, 0x5F, 0x64, 0xAB, 0x34, 0x2A, 0x64, 0x40, 0x52, 0x0A,
    0x35, 0x2E, 0x1D, 0x91, 0x81, 0x7B, 0x98, 0x41, 0xB0, 0x69, 0x5C, 0x84, 0x80, 0xB5, 0x59, 0x60,
    0x1B, 0xD3, 0x09, 0xD7, 0xA6, 0x16, 0x24, 0x27, 0x6F, 0xE6, 0xCC, 0x1D, 0x3C, 0x7E, 0x3E, 0x3D,
    0xAD, 0x65, 0x7D, 0xED, 0xEE, 0xC7, 0x23, 0xA0, 0x7B, 0x46, 0xFF, 0x93, 0x8F, 0x7C, 0x73, 0x67,
    0x2E, 0xEF, 0x9D, 0x33, 0x77, 0xBE, 0x78, 0xB9, 0x46, 0x35, 0x4A, 0xD8, 0xE4, 0x3F, 0x51, 0x8D,
    0x07, 0xFB, 0x00, 0x42, 0x46, 0x31, 0xB5, 0x78, 0x8A, 0x08, 0xF7, 0xA0, 0x39, 0xC2, 0x3D, 0x68,
    0x0A, 0x69, 0x90, 0x5B, 0x8D, 0x01, 0x8D, 0x0E, 0x91, 0x7B, 0xB9, 0x07, 0x9F, 0x50, 0xCD, 0xBA,
    0x34, 0x2D, 0x7C, 0x00, 0x39, 0xA3, 0x9C, 0x85, 0x06, 0xDA, 0xE6, 0x26, 0x65, 0x01, 0x44, 0x47,
    0xA3, 0x51, 0x60, 0xAC, 0xEE, 0x54, 0xF0, 0xCC, 0x43, 0x00, 0x61, 0x74, 0xA1, 0x17, 0x22, 0x9A,
    0x77, 0x21, 0x1A, 0x9A, 0x11, 0x4A, 0x73, 0x44, 0x1A, 0x95, 0x22, 0xCA, 0x2D, 0x64, 0x96, 0x52,
    0x8B, 0xFE, 0x44, 0xD0, 0x6D, 0xD7, 0xA2, 0x6F, 0x53, 0x6A, 0xFD, 0xD2, 0xAF, 0x23, 0xCA, 0x45,
    0xE8, 0x11, 0x15, 0xB2, 0x68, 0x10, 0x0D, 0xAE, 0x10, 0xB6, 0x2A, 0xA4, 0x0E, 0xFA, 0x69, 0xD0,
    0x37, 0xB9, 0xA8, 0x76, 0x86, 0xCE, 0x47, 0xA7, 0x51, 0x9D, 0xD5, 0xF1, 0xB7, 0xF3, 0x85, 0x68,
    0x91, 0x2F, 0x08, 0x2D, 0x10, 0x61, 0xDF, 0x45, 0xA2, 0x26, 0x15, 0x7F, 0x4C, 0x91, 0xCB, 0xE2,
    0xE4, 0x2F, 0x74, 0x44, 0xB3, 0xF7, 0x6D, 0x46, 0x06, 0xC1, 0x33, 0xF9, 0x98, 0x07, 0xC4, 0x10,
    0x92, 0x40, 0x02, 0xC8, 0x68, 0xFE, 0x69, 0x41, 0x79, 0x41, 0x0D, 0x9F, 0x59, 0x51, 0xCE, 0x40,
    0xE4, 0x04, 0x66, 0x5B, 0x65, 0x91, 0x40, 0x48, 0x7C, 0x4A, 0x93, 0x12, 0x5F, 0xA0, 0x97, 0x13,
    0xFD, 0x86, 0xF2, 0x94, 0x88, 0x7E, 0x2C, 0x51, 0x80, 0x29, 0x96, 0x40, 0x41, 0x1B, 0x51, 0xAE,
    0x6F, 0xE1, 0x9B, 0x39, 0xFF, 0xAB, 0x7A, 0xB6, 0xDE, 0x2D, 0xB9, 0x94, 0x63, 0xC1, 0x8D, 0xBC,
    0x56, 0x7E, 0xC7, 0x0A, 0x07, 0x2F, 0x95, 0x89, 0xA7, 0xA4, 0x44, 0x12, 0x9E, 0x7D, 0xE2, 0x16,
    0x07, 0xC7, 0x53, 0x1F, 0x8B, 0xD1, 0x8D, 0xAB, 0x56, 0x98, 0x1E, 0xEE, 0x0B, 0x74, 0x63, 0xF4,
    0x9D, 0x69, 0xB7, 0xBE, 0xE3, 0x7A, 0x7D, 0xDA, 0x75, 0x0B, 0xCD, 0x14, 0x03, 0x6B, 0x26, 0x25,
    0x97, 0x50, 0x19, 0x53, 0x53, 0xCC, 0x2E, 0xA4, 0x97, 0xCA, 0x6E, 0x76, 0xAA, 0x19, 0x7D, 0x8D,
    0x9C, 0x2D, 0x35, 0x63, 0xAC, 0x46, 0x4C, 0xFD, 0x77, 0xBC, 0xB5, 0x50, 0x17, 0x73, 0x08, 0x31,
    0xA8, 0x1E, 0x4C, 0x52, 0x1C, 0x7F, 0x6F, 0xF8, 0x41, 0xEC, 0xC3, 0x5A, 0x81, 0x91, 0x39, 0x98,
    0x68, 0x81, 0xB1, 0x10, 0xB4, 0x10, 0xD6, 0xFA, 0x00, 0x87, 0x6C, 0x0C, 0xB2, 0x53, 0x5F, 0xB7,
    0x00, 0x7F, 0xE3, 0x47, 0x8A, 0xDE, 0x0F, 0x10, 0x93, 0xF1, 0xC6, 0xCE, 0xE8, 0x54, 0xCF, 0x19,
    0xD7, 0xC6, 0x18, 0xFB, 0x88, 0x54, 0x6B, 0x6C, 0xB1, 0xE7, 0x8A, 0x3B, 0xA3, 0x71, 0xBD, 0x30,
    0x40, 0x88, 0xDF, 0x48, 0xD8, 0x90, 0x09, 0xBD, 0xB1, 0xC2, 0x16, 0xDF, 0x37, 0x46, 0xD8, 0xF8,
    0x60, 0x63, 0x83, 0xED, 0xE1, 0x8D, 0x09, 0x36, 0x1E, 0xD8, 0x58, 0x60, 0xE3, 0x80, 0x8D, 0xE3,
    0x34, 0x6A, 0xD3, 0xD8, 0x5F, 0x63, 0x7B, 0x7D, 0x77, 0x51, 0xEB, 0x62, 0x2A, 0xA5, 0xAB, 0x66,
    0xE7, 0x52, 0x74, 0x54, 0x4C, 0x5F, 0xF0, 0xA3, 0x84, 0x16, 0xA2, 0x26, 0x74, 0xD0, 0xF4, 0x8A,
    0xEE, 0x01, 0x45, 0x2C, 0x17, 0xCC, 0xDA, 0x3B, 0x2D, 0x7A, 0x60, 0x40, 0x17, 0xF1, 0x18, 0xAC,
    0x63, 0xD2, 0x14, 0x54, 0x54, 0x23, 0xD0, 0xD6, 0x6A, 0x04, 0x2E, 0xA3, 0x92, 0x15, 0x22, 0x7C,
    0x2E, 0x83, 0x38, 0x98, 0xF2, 0xBD, 0x47, 0x60, 0x50, 0x02, 0x58, 0xE9, 0x5F, 0x25, 0x7F, 0xB7,
    0x98, 0xAB, 0x24, 0xD4, 0x41, 0x81, 0xF3, 0x3D, 0xA8, 0xCF, 0xA2, 0xF0, 0x33, 0x34, 0x36, 0x38,
    0xA3, 0x7B, 0x2B, 0x7A, 0x69, 0x54, 0xAF, 0xBA, 0xAC, 0x73, 0x70, 0x5A, 0xE7, 0xC4, 0x6D, 0x73,
    0x3E, 0x99, 0x1D, 0x97, 0xBF, 0xE3, 0xEF, 0xA0, 0x51, 0xBC, 0x7E, 0xD4, 0x7D, 0x61, 0x82, 0x0C,
    0x70, 0xE1, 0xD5, 0xE1, 0xA9, 0x62, 0x23, 0x87, 0xBF, 0x27, 0x58, 0xAD, 0x10, 0xFC, 0xAE, 0x27,
    0x77, 0x3D, 0xB3, 0xEB, 0x69, 0x5D, 0xE5, 0x74, 0x8D, 0x31, 0x53, 0x36, 0xD7, 0xA8, 0x5C, 0xE3,
    0x71, 0x8D, 0xC4, 0x05, 0x83, 0x8B, 0x81, 0xCE, 0x66, 0x42, 0x3A, 0x0F, 0xC2, 0x2C, 0xC8, 0xE6,
    0x40, 0x98, 0x01, 0xD9, 0xFC, 0x87, 0x88, 0x6C, 0xEE, 0x73, 0x68, 0xE6, 0x63, 0x04, 0x2F, 0xD8,
    0xD3, 0x77, 0x0E, 0xA0, 0x6A, 0x95, 0xA7, 0x55, 0x92, 0x56, 0x19, 0x5A, 0xA5, 0x67, 0x95, 0x9B,
    0x55, 0x62, 0x56, 0x59, 0x59, 0xA5, 0x64, 0x8D, 0x8F, 0x5D, 0x92, 0xB1, 0x78, 0xB1, 0xBC, 0x02,
    0x41, 0x94, 0x2E, 0x1D, 0xF4, 0x3D, 0x17, 0xE4, 0x32, 0xE2, 0xE6, 0x12, 0x7E, 0x8C, 0xA8, 0xCE,
    0x46, 0x60, 0x01, 0xC4, 0xFF, 0x43, 0x2A, 0x33, 0x19, 0xC7, 0x3F, 0x76, 0x67, 0x17, 0x27, 0xFB,
    0x7D, 0x63, 0xFB, 0xCD, 0xEC, 0x3D, 0x44, 0xED, 0x1A, 0x70, 0xEE, 0xE2, 0xD8, 0xF4, 0xAE, 0xE2,
    0x41, 0x73, 0x0C, 0xE5, 0x51, 0xA6, 0x88, 0x1A, 0x03, 0xFC, 0x10, 0xA7, 0x5C, 0x6F, 0xDB, 0x3E,
    0x3F, 0x5F, 0x44, 0xE1, 0x23, 0xCF, 0x85, 0x59, 0x50, 0xB6, 0x14, 0xCC, 0x66, 0x9C, 0x6E, 0x2B,
    0x98, 0xFA, 0x64, 0xE3, 0xEF, 0xDE, 0xC6, 0xED, 0x40, 0x16, 0x01, 0x68, 0x38, 0x8B, 0x09, 0x56,
    0x33, 0xBA, 0xA6, 0xF7, 0xD4, 0xB9, 0x3C, 0xD5, 0xFE, 0x55, 0x27, 0x8B, 0xBF, 0x71, 0xE1, 0xDC,
    0x7D, 0xD6, 0xCB, 0x84, 0xD0, 0x50, 0x44, 0xE5, 0x16, 0xB3, 0x8A, 0xDF, 0x7A, 0x5D, 0x42, 0x99,
    0xC9, 0x25, 0x87, 0x08, 0x9E, 0x3E, 0x3C, 0x59, 0xFC, 0xB7, 0x66, 0xF1, 0x55, 0xE9, 0x52, 0xCE,
    0x33, 0xEC, 0x1D, 0xD2, 0x4C, 0x63, 0xBE, 0x5F, 0x44, 0xBF, 0x01, 0x51, 0x02, 0x67, 0xE0, 0x7B,
    0x2E, 0x42, 0x77, 0x27, 0x8B, 0xC7, 0xB2, 0xE3, 0x8E, 0xA5, 0x49, 0xC1, 0xA0, 0x87, 0x25, 0x59,
    0x97, 0x11, 0x30, 0x51, 0xC5, 0x85, 0x3E, 0x46, 0x56, 0x74, 0x27, 0x8B, 0xFF, 0xD6, 0x2C, 0xDE,
    0x08, 0xF8, 0x7A, 0x2F, 0x2F, 0x38, 0xD2, 0x3E, 0xD4, 0x31, 0x69, 0x3B, 0x0B, 0xB0, 0x33, 0xD8,
    0x71, 0xB2, 0x78, 0x77, 0xF6, 0x8C, 0x63, 0xF1, 0xE1, 0x5E, 0xC6, 0x61, 0x0E, 0x68, 0x00, 0x3D,
    0x60, 0x74, 0xC9, 0x85, 0xD0, 0x1A, 0x3F, 0x40, 0x6C, 0x12, 0xEA, 0x2E, 0xF7, 0xE2, 0xCC, 0xA9,
    0x29, 0xFF, 0xFE, 0x6E, 0x72, 0xFF, 0x8C, 0x1A, 0xC4, 0x36, 0x5E, 0x01, 0xF3, 0xF9, 0xF9, 0x83,
    0x1D, 0x4C, 0x72, 0x5D, 0x31, 0xAB, 0x55, 0x30, 0x94, 0x19, 0xD2, 0x8C, 0x53, 0x6A, 0x63, 0x9A,
    0xFD, 0xDD, 0x23, 0xC2, 0x13, 0x32, 0x34, 0x58, 0xBC, 0x23, 0x5E, 0xF0, 0x42, 0xDC, 0xF6, 0xAE,
    0x5B, 0x1C, 0x98, 0xC9, 0x1E, 0x17, 0x6E, 0xED, 0x9E, 0x72, 0xE1, 0x7A, 0xEC, 0xB9, 0xEF, 0xC1,
    0xB9, 0x87, 0x00, 0x5F, 0x6D, 0x3B, 0x21, 0x13, 0x0A, 0x36, 0xB1, 0xF8, 0x49, 0x3A, 0xEA, 0x39,
    0xE1, 0x85, 0xFB, 0xF8, 0x14, 0xCC, 0xBE, 0xA2, 0x60, 0xB6, 0x3C, 0x46, 0x8D, 0x87, 0x68, 0x96,
    0xF0, 0xAA, 0x85, 0x4A, 0xEB, 0x9E, 0x4B, 0xEA, 0x6F, 0x44, 0x25, 0xA0, 0xBE, 0x0C, 0x9B, 0xCE,
    0xCD, 0xD7, 0x38, 0xD0, 0xFD, 0x07, 0xFA, 0xC1, 0xFB, 0xF0, 0x83, 0xC5, 0xF1, 0x48, 0x31, 0x26,
    0x20, 0x82, 0x4B, 0x10, 0x4A, 0xFB, 0xC9, 0xA5, 0x73, 0x82, 0xC7, 0xEE, 0xE4, 0x07, 0x57, 0xE4,
    0x07, 0x66, 0xF9, 0x6B, 0x40, 0x0F, 0xA2, 0x57, 0x70, 0xDC, 0x81, 0xFA, 0x7C, 0xC2, 0xB7, 0x40,
    0x0A, 0x48, 0x14, 0x66, 0x28, 0x7F, 0x70, 0xD7, 0xDC, 0x0F, 0xD6, 0xCE, 0xF0, 0xCD, 0x65, 0x38,
    0xC6, 0xF1, 0xE3, 0x29, 0x8E, 0x5C, 0x2C, 0x19, 0x47, 0x09, 0x63, 0x36, 0x39, 0xDE, 0x93, 0x93,
    0x3D, 0x39, 0x35, 0x19, 0xB7, 0x9D, 0xF5, 0x73, 0x32, 0x0A, 0x8D, 0x82, 0xAD, 0x66, 0x93, 0x1D,
    0x8D, 0x26, 0x87, 0x34, 0x98, 0x1C, 0x51, 0x67, 0x72, 0x6C, 0xB2, 0x58, 0xB2, 0xC9, 0x29, 0xD5,
    0x21, 0x7F, 0xFE, 0x13, 0x2C, 0x7F, 0xF1, 0xA4, 0x48, 0xF6, 0x32, 0xB9, 0x9A, 0x9D, 0xC9, 0x34,
    0x9A, 0x1C, 0x9A, 0x0C, 0xBF, 0xF1, 0x9F, 0xB3, 0x81, 0xA5, 0xE3, 0x56, 0x7B, 0x72, 0xBA, 0x27,
    0x67, 0x7B, 0x72, 0xB1, 0x27, 0x57, 0x7B, 0x32, 0xCD, 0xD8, 0xA3, 0xE0, 0x70, 0x2B, 0x34, 0x72,
    0x2B, 0x96, 0x39, 0x9F, 0x5E, 0xBC, 0x54, 0x9F, 0xA1, 0x4C, 0xA8, 0x35, 0x39, 0xA5, 0xDA, 0xE4,
    0x6C, 0x4F, 0x2E, 0x28, 0x37, 0x99, 0xC8, 0x99, 0x7C, 0xD8, 0x1A, 0x5E, 0x2F, 0xBE, 0xDE, 0x12,
    0x3E, 0x99, 0x73, 0x77, 0xF6, 0x9C, 0xCF, 0x78, 0x40, 0x34, 0x80, 0x55, 0x15, 0x13, 0xF8, 0x80,
    0x1D, 0x14, 0xA2, 0xB9, 0x90, 0x31, 0x22, 0x32, 0x55, 0xE3, 0x94, 0x5D, 0xE7, 0xFE, 0x2E, 0x0F,
    0x91, 0xFA, 0x59, 0x72, 0xD6, 0x44, 0x45, 0x8D, 0x9F, 0x4D, 0x21, 0x91, 0x01, 0xA2, 0x10, 0x08,
    0x8D, 0xB3, 0x0C, 0xE1, 0x16, 0xEE, 0x05, 0x17, 0x2D, 0xC8, 0x8B, 0x11, 0x99, 0x98, 0x90, 0x89,
    0x19, 0xCD, 0x9F, 0x56, 0x10, 0x0B, 0xE4, 0x34, 0xA3, 0x27, 0xB0, 0xD9, 0xD1, 0xB2, 0x99, 0x73,
    0x13, 0xF7, 0xB7, 0x7F, 0x34, 0x2A, 0x46, 0x32, 0x7C, 0xC7, 0x4E, 0xB8, 0x11, 0x9A, 0xF3, 0x33,
    0xB2, 0xFB, 0x12, 0x89, 0xC2, 0x46, 0xF9, 0x3F, 0xB6, 0x8D, 0xA5, 0x22, 0x46, 0x9A, 0x7E, 0x8C,
    0x0F, 0x1D, 0x44, 0x45, 0x2F, 0xFC, 0xBE, 0x85, 0xF3, 0x4B, 0xF3, 0xB6, 0xBF, 0x24, 0x7A, 0xE4,
    0xBC, 0xCF, 0x5C, 0x78, 0xB3, 0xB1, 0xEE, 0x6F, 0xBD, 0xAD, 0xD9, 0xB8, 0x5C, 0x8A, 0x35, 0xDD,
    0x39, 0xE3, 0xB1, 0x46, 0x4E, 0xDC, 0x60, 0x47, 0xE2, 0x32, 0x45, 0x16, 0x14, 0x9A, 0x2D, 0xEB,
    0x2C, 0x16, 0x64, 0x69, 0x2C, 0x18, 0x88, 0x4D, 0x00, 0x6B, 0xB2, 0x27, 0x94, 0x87, 0x05, 0x9C,
    0x53, 0x79, 0xC1, 0x45, 0x26, 0x20, 0x45, 0x1B, 0x03, 0x74, 0x8A, 0xEE, 0x01, 0x81, 0xA7, 0x42,
    0x0F, 0x21, 0xA6, 0x11, 0x42, 0x44, 0x84, 0xAB, 0x02, 0x31, 0x18, 0xBC, 0x5D, 0xE6, 0xF3, 0x07,
    0x60, 0x5E, 0x2D, 0xA7, 0x5F, 0x85, 0x48, 0x05, 0xD5, 0x4F, 0xAB, 0xCC, 0x19, 0x4F, 0xE4, 0x6D,
    0x09, 0x1B, 0x3C, 0x7B, 0xE8, 0x58, 0x4A, 0x89, 0x42, 0x7D, 0x6B, 0xFD, 0xE7, 0x0E, 0x43, 0x4D,
    0x97, 0x8F, 0x6D, 0xCF, 0x10, 0x70, 0x4B, 0xF3, 0x87, 0x8C, 0x99, 0xFD, 0xAB, 0x5D, 0x8A, 0xD4,
    0x72, 0xD1, 0x5A, 0x85, 0x2C, 0x19, 0x4B, 0x7F, 0x7F, 0x3D, 0xE6, 0x82, 0x9A, 0x7E, 0x63, 0xFB,
    0x2A, 0xFD, 0xE7, 0xA7, 0x34, 0xFF, 0x8B, 0xDD, 0xDF, 0x9E, 0x07, 0xCF, 0xF7, 0x2B, 0x5D, 0xF9,
    0x7D, 0xA0, 0x5B, 0x80, 0x10, 0x5E, 0xFD, 0x13, 0x07, 0x74, 0x40, 0x8C, 0x40, 0xB9, 0x6A, 0xA5,
    0xBC, 0x8C, 0xAC, 0x87, 0x82, 0x3E, 0x77, 0x49, 0xAE, 0x4E, 0x34, 0x7F, 0xFA, 0xA1, 0xED, 0x9A,
    0x20, 0x07, 0x1C, 0x81, 0xB8, 0x8D, 0x72, 0x91, 0xB7, 0x88, 0x1E, 0xBA, 0xBD, 0x64, 0x97, 0x80,
    0x5A, 0xE4, 0xBA, 0x14, 0x23, 0xE2, 0xBA, 0x29, 0xDD, 0xA6, 0x41, 0xEE, 0xFF, 0x85, 0x68, 0x1E,
    0xFC, 0xA3, 0x11, 0x3D, 0xC6, 0x40, 0xBA, 0x5B, 0x46, 0xF5, 0x1C, 0x32, 0x72, 0xB3, 0x71, 0x98,
    0xB8, 0x59, 0xB8, 0x1A, 0xB8, 0xD9, 0xB7, 0x9A, 0xB7, 0x5A, 0xB7, 0x19, 0x37, 0x6C, 0x1B, 0xA6,
    0x0D, 0xEC, 0xCC, 0xB0, 0xCD, 0xAE, 0x61, 0xCD, 0x2B, 0x24, 0x02, 0x9B, 0x79, 0x18, 0xEB, 0x15,
    0xDE, 0xFC, 0x89, 0x52, 0xCD, 0x11, 0x3B, 0x75, 0x2B, 0xC8, 0xF7, 0x03, 0x0E, 0x82, 0x31, 0x4D,
    0x82, 0x11, 0x51, 0xCE, 0x18, 0x20, 0xE1, 0x00, 0xBB, 0x11, 0x60, 0x58, 0x4B, 0x83, 0x8B, 0x80,
    0x66, 0xC2, 0x66, 0xC1, 0x30, 0x60, 0xA8, 0xDF, 0xB4, 0x6F, 0x0C, 0xDB, 0x6D, 0xEA, 0x59, 0xF5,
    0xBF, 0xA2, 0x76, 0xC5, 0xB0, 0x65, 0x34, 0xAE, 0xD5, 0x6E, 0xBB, 0x49, 0xD8, 0x19, 0x52, 0x9A,
    0x43, 0xF8, 0xE0, 0x2F, 0xB0, 0x1C, 0xFE, 0x3F, 0xEA, 0xF4, 0x39, 0x12, 0x40, 0x4A, 0xD3, 0xD9,
    0x0E, 0x74, 0x73, 0x88, 0x31, 0xBF, 0x02, 0xBA, 0x2F, 0xA3, 0x52, 0x80, 0xC3, 0x1E, 0x03, 0x61,
    0x7E, 0xED, 0x3A, 0x65, 0x7E, 0xD5, 0x11, 0xB6, 0xD4, 0xF3, 0x1D, 0x12, 0xEC, 0x49, 0xD9, 0xDF,
    0xAC, 0x81, 0x27, 0xFB, 0x02, 0xCF, 0xF9, 0x8F, 0x3B, 0xD8, 0xD0, 0xB4, 0xC1, 0x7A, 0x5D, 0x1D,
    0x40, 0x21, 0x01, 0xA4, 0xD4, 0xFE, 0xA9, 0x26, 0x08, 0xBC, 0x64, 0x25, 0xD6, 0x09, 0x2C, 0x07,
    0xA0, 0x86, 0x0E, 0xE8, 0xCC, 0xCC, 0x6F, 0x89, 0xE9, 0x59, 0x36, 0x84, 0x38, 0x60, 0x69, 0xB9,
    0x10, 0x96, 0x0A, 0xA1, 0x14, 0xBB, 0x25, 0x42, 0x58, 0x1E, 0x44, 0x46, 0xF3, 0x91, 0x2C, 0x88,
    0xFB, 0x4F, 0xA5, 0x29, 0x2B, 0x02, 0x57, 0xC2, 0x18, 0xD9, 0xB6, 0xD5, 0x41, 0x90, 0x55, 0xCC,
    0xC8, 0xCE, 0xC9, 0x88, 0xF7, 0x03, 0x9F, 0xC6, 0xC8, 0xA7, 0x31, 0xF2, 0x69, 0x8C, 0x72, 0x1A,
    0x23, 0x51, 0xCE, 0xC8, 0xA7, 0x31, 0x6E, 0x68, 0x10, 0x4C, 0xA9, 0x13, 0x64, 0x25, 0x33, 0x92,
    0x61, 0xAB, 0xD8, 0x29, 0x8E, 0x40, 0xBD, 0xFE, 0x2B, 0x22, 0xC1, 0x5A, 0x5F, 0x25, 0xAC, 0x46,
    0xBB, 0xEF, 0xFE, 0x73, 0xC4, 0x34, 0x0A, 0x86, 0xFA, 0x9C, 0xFC, 0x20, 0x8B, 0xE7, 0xCF, 0x6C,
    0xE3, 0x6D, 0x2F, 0xB8, 0xA1, 0x51, 0xBF, 0xF7, 0xEC, 0x54, 0x0F, 0x79, 0xA5, 0x37, 0x53, 0xF6,
    0xDE, 0xE8, 0x7B, 0xF0, 0xF7, 0x3A, 0x5B, 0x04, 0x81, 0xEF, 0x42, 0xFA, 0x8A, 0x86, 0xBD, 0xEC,
    0x5D, 0xE3, 0xF0, 0x2D, 0xDC, 0x6E, 0x2C, 0xFE, 0xF1, 0x23, 0xA2, 0xFE, 0x2A, 0x85, 0x9B, 0xE7,
    0x39, 0x04, 0xA2, 0xD2, 0xCF, 0x10, 0xF1, 0x2B, 0xD6, 0x00, 0x0B, 0xAC, 0x4B, 0x08, 0xAC, 0x2B,
    0x16, 0xD8, 0x26, 0x44, 0x88, 0x69, 0x84, 0x80, 0xFE, 0x8B, 0x7C, 0xBE, 0x49, 0x84, 0xA5, 0x0F,
    0x0B, 0xFF, 0x2B, 0x3D, 0x25, 0x5B, 0xCD, 0x06, 0x08, 0x44, 0xA3, 0x17, 0xC8, 0x84, 0xD2, 0x0B,
    0x0D, 0x84, 0x5F, 0xEA, 0x07, 0xCE, 0xFE, 0x16, 0x03, 0x3F, 0x17, 0x1E, 0x83, 0x28, 0x87, 0xC0,
    0xD6, 0xB2, 0x7C, 0x42, 0x0C, 0x67, 0xD8, 0xCB, 0x09, 0x21, 0x20, 0x82, 0xC0, 0x1D, 0x07, 0x81,
    0xBB, 0xFA, 0xED, 0xA6, 0xFB, 0x9C, 0xD2, 0x7D, 0x2C, 0x41, 0x95, 0x80, 0x6E, 0x33, 0xAA, 0x90,
    0xF6, 0x2A, 0x64, 0xDD, 0x4A, 0x18, 0xBC, 0x40, 0x7A, 0xF6, 0xD6, 0x0B, 0x89, 0x17, 0x22, 0x2F,
    0xB8, 0x5B, 0x17, 0xD7, 0x26, 0x09, 0x28, 0xD4, 0x49, 0xC0, 0xAC, 0xE1, 0x4A, 0x81, 0xAD, 0x8E,
    0x12, 0x80, 0xA2, 0x05, 0x74, 0x00, 0xF8, 0x6C, 0x06, 0x48, 0x01, 0x31, 0xC0, 0xDD, 0x5F, 0xD2,
    0xA5, 0x29, 0x46, 0xCB, 0x23, 0x02, 0x82, 0xA7, 0x0F, 0x4F, 0xE9, 0x6F, 0x57, 0xE8, 0x0F, 0x8D,
    0x2E, 0xF5, 0x57, 0xFE, 0x90, 0x0C, 0x97, 0xF7, 0xE9, 0x65, 0xFD, 0x1F, 0xE0, 0x0F, 0xE1, 0xD2,
    0x1F, 0x70, 0xA0, 0xB3, 0xBA, 0xC3, 0xB0, 0xEE, 0xEC, 0xEB, 0xE6, 0x47, 0x91, 0xFA, 0xD1, 0x78,
    0xC8, 0x8F, 0x14, 0x7A, 0x80, 0xB2, 0xA7, 0x80, 0x14, 0x10, 0x0B, 0xC0, 0x8F, 0xD6, 0xD9, 0xD7,
    0xD5, 0xE8, 0xF7, 0xDE, 0xEB, 0x9E, 0x7B, 0xDD, 0x6B, 0xAF, 0x7B, 0xEC, 0xB1, 0x2A, 0x5E, 0x67,
    0x5F, 0xC3, 0xCB, 0xF8, 0x28, 0x53, 0x2C, 0x09, 0x8E, 0x40, 0x79, 0x83, 0x19, 0x97, 0x79, 0xEF,
    0x99, 0x78, 0x91, 0x6F, 0x55, 0x1D, 0x62, 0x9A, 0xD4, 0xED, 0x57, 0xBF, 0xD2, 0xAD, 0x86, 0x09,
    0xCD, 0xFF, 0xCC, 0x60, 0x4B, 0x28, 0x33, 0x55, 0x85, 0x72, 0x37, 0x2D, 0x7F, 0x46, 0x1A, 0x7E,
    0xB0, 0xF9, 0xA7, 0x8D, 0x22, 0xD2, 0x39, 0x4B, 0xD0, 0xDF, 0xDD, 0xC1, 0x99, 0xCF, 0x73, 0xB9,
    0xAE, 0xA2, 0xA7, 0xCF, 0x8C, 0x05, 0x2A, 0x01, 0x4E, 0x60, 0xC0, 0x42, 0xA0, 0x11, 0x27, 0xE0,
    0xCE, 0x09, 0xEE, 0xDD, 0x75, 0x7B, 0xFA, 0xAC, 0x25, 0x84, 0x49, 0x3D, 0xF4, 0x39, 0xEB, 0xC6,
    0x6A, 0xD3, 0x27, 0x4C, 0xD1, 0x18, 0xEE, 0xB5, 0x3E, 0xB1, 0xB2, 0xE0, 0x23, 0xDF, 0x42, 0x75,
    0xC7, 0x60, 0x77, 0xE6, 0x3D, 0x22, 0x7C, 0x85, 0x11, 0xBA, 0xEB, 0x8C, 0xF2, 0xC2, 0x14, 0xC7,
    0xF2, 0x4A, 0x30, 0x34, 0xB8, 0x4A, 0x7F, 0x35, 0x41, 0x37, 0x03, 0x80, 0x5E, 0x2C, 0xD5, 0xDA,
    0x01, 0x46, 0x00, 0x39, 0xC4, 0x8C, 0x4A, 0x74, 0x88, 0x86, 0xB4, 0x1B, 0x5C, 0xDA, 0x02, 0xF6,
    0xA7, 0xFC, 0x31, 0x60, 0xBD, 0x0E, 0xC0, 0x63, 0xFC, 0x4C, 0x1E, 0xA3, 0xA9, 0x3E, 0x77, 0x3F,
    0x24, 0xAA, 0xF7, 0xB5, 0x3B, 0x01, 0x06, 0x00, 0x87, 0x97, 0xA0, 0xAC, 0x4F, 0x78, 0xAC, 0x3E,
    0x92, 0x00, 0xFE, 0xD5, 0x81, 0x04, 0x70, 0x77, 0x2C, 0x01, 0xBC, 0xFB, 0xBE, 0xB5, 0xD0, 0x22,
    0x94, 0x78, 0x47, 0x67, 0xFD, 0x3A, 0x94, 0x35, 0xD2, 0x96, 0xD2, 0x9A, 0x9F, 0x3E, 0xA0, 0xF2,
    0x8F, 0x2C, 0xE1, 0x72, 0x2A, 0xE1, 0x72, 0x2A, 0xE1, 0xA2, 0xF6, 0xA3, 0x07, 0xCE, 0xD6, 0xC3,
    0x6C, 0x07, 0x07, 0xED, 0xFF, 0xD2, 0xEC, 0x46, 0x0E, 0xB3, 0x1A, 0x1C, 0x6A, 0x33, 0xEB, 0x72,
    0x2C, 0xAB, 0x6A, 0x2C, 0xCB, 0x62, 0x2C, 0xCB, 0x5A, 0x2C, 0xCB, 0x52, 0x2C, 0xCB, 0x4A, 0x2C,
    0xCB, 0x42, 0x2C, 0xCB, 0x3A, 0x2C, 0xCB, 0x32, 0x2C, 0xCB, 0x2A, 0x2C, 0xCB, 0x22, 0x2C, 0xCB,
    0x1A, 0x2C, 0x4B, 0xCB, 0x59, 0x56, 0x60, 0x59, 0x16, 0x60, 0x59, 0xD6, 0x5F, 0x59, 0x96, 0x5F,
    0x59, 0x56, 0x5F, 0x59, 0x16, 0x5F, 0x59, 0xD6, 0x5E, 0x59, 0x96, 0x5E, 0x59, 0x56, 0x5E, 0x59,
    0x16, 0x5E, 0x59, 0xD6, 0x5D, 0x59, 0x96, 0x5D, 0x59, 0x56, 0x5D, 0x59, 0x16, 0x5D, 0x59, 0xD6,
    0x5C, 0x59, 0x97, 0x5C, 0xD9, 0x58, 0x8F, 0x5D, 0xF5, 0xFF, 0xBE, 0x77, 0x35, 0x56, 0x4E, 0x35,
    0x56, 0xD0, 0x31, 0xE0, 0x45, 0x30, 0x8B, 0xB0, 0x64, 0x3D, 0xE3, 0x67, 0xF0, 0x15, 0x2C, 0xC1,
    0xC9, 0x38, 0xF9, 0x6C, 0x52, 0xBA, 0xEA, 0xA1, 0x7B, 0xE3, 0xC0, 0xF3, 0x29, 0xF0, 0x6C, 0xEA,
    0xE7, 0x4F, 0xB6, 0x2F, 0x68, 0x2F, 0x92, 0x59, 0x09, 0x58, 0x9C, 0xD1, 0xEC, 0x71, 0xEB, 0xB7,
    0x1E, 0xBB, 0x6F, 0x14, 0x78, 0x3E, 0x05, 0x9E, 0x11, 0x20, 0x46, 0xE8, 0x18, 0xDE, 0x49, 0xD3,
    0x95, 0xC8, 0x9C, 0xA9, 0x67, 0x72, 0x41, 0x6F, 0x20, 0xF3, 0xF4, 0xCB, 0xCB, 0x7C, 0xBC, 0xA9,
    0xCC, 0xE9, 0x20, 0xCB, 0xCF, 0x7F, 0x73, 0x79, 0x76, 0x2C, 0x98, 0x4C, 0x5E, 0x26, 0x79, 0x71,
    0xF9, 0x20, 0xB3, 0x06, 0xDC, 0xF9, 0xBA, 0xB9, 0xD2, 0x60, 0x34, 0x9C, 0xA1, 0x87, 0x9C, 0xA2,
    0x67, 0x44, 0x8E, 0x59, 0xAE, 0x21, 0x07, 0x44, 0x7A, 0x0B, 0x9C, 0x04, 0xBF, 0xBE, 0x4C, 0xD7,
    0xDE, 0x7F, 0x28, 0x53, 0xE1, 0x6A, 0x08, 0x49, 0x16, 0xB9, 0xFC, 0x69, 0x3B, 0x28, 0x64, 0x5D,
    0x37, 0xED, 0xE5, 0xFA, 0x75, 0x95, 0x64, 0x6D, 0xF4, 0x95, 0x18, 0xC3, 0x50, 0x51, 0x87, 0xF5,
    0x7C, 0x03, 0xA8, 0x5D, 0xC8, 0x50, 0xF2, 0xA8, 0x56, 0x51, 0xBE, 0x00, 0x49, 0xDE, 0x61, 0x08,
    0x01, 0xD1, 0x02, 0x62, 0x1A, 0x34, 0xE0, 0xAE, 0x19, 0x91, 0x1A, 0x86, 0xAF, 0x40, 0x5F, 0x23,
    0x58, 0x5F, 0xEE, 0x20, 0x86, 0x86, 0xB6, 0x50, 0x48, 0xC5, 0x8F, 0x4B, 0x31, 0x0A, 0x65, 0x16,
    0x18, 0xE9, 0xF4, 0x0B, 0x5B, 0x4C, 0xAA, 0x16, 0x98, 0x9D, 0x40, 0x2B, 0x30, 0x3B, 0x81, 0x0B,
    0x80, 0x7B, 0xEB, 0x80, 0x48, 0xBA, 0xB3, 0x05, 0xBA, 0x39, 0xDA, 0x32, 0x88, 0x59, 0xCD, 0x16,
    0xB0, 0x29, 0x19, 0x30, 0x08, 0xE1, 0xB0, 0x49, 0xE3, 0xFB, 0x87, 0x89, 0x47, 0xAB, 0x30, 0x62,
    0xD5, 0x45, 0x2A, 0x9A, 0xBC, 0x40, 0x26, 0xE4, 0x5E, 0xA8, 0xBD, 0xD0, 0x7A, 0xA1, 0xF3, 0xC2,
    0x08, 0x01, 0xD5, 0x43, 0xAC, 0x72, 0x88, 0x55, 0x0D, 0xB1, 0x8A, 0x21, 0x56, 0x2D, 0xC4, 0x2A,
    0x85, 0x58, 0x95, 0x10, 0xAB, 0x10, 0x62, 0xD5, 0x41, 0xAC, 0x32, 0x88, 0x55, 0x05, 0xB1, 0x8A,
    0x20, 0x56, 0x0D, 0xC4, 0x2A, 0x81, 0x58, 0x15, 0x10, 0xAB, 0x00, 0x62, 0xD5, 0x3F, 0xAC, 0xF2,
    0x87, 0x55, 0xFD, 0x80, 0x90, 0x78, 0x21, 0xF2, 0x42, 0xE8, 0x05, 0x67, 0x42, 0xE1, 0x85, 0xCC,
    0x0B, 0x29, 0x04, 0x4C, 0x1B, 0xF1, 0x92, 0xB0, 0x57, 0x73, 0xA4, 0x03, 0x8E, 0x2D, 0xC5, 0x6A,
    0x74, 0x49, 0x6B, 0x9B, 0x4B, 0xF0, 0x5E, 0x06, 0x57, 0xF6, 0x8A, 0x4A, 0x18, 0x5A, 0x05, 0x43,
    0x2B, 0x60, 0x68, 0xF5, 0x0B, 0x2D, 0x77, 0x21, 0x60, 0x15, 0x2F, 0xB4, 0xDA, 0x85, 0x56, 0xBA,
    0xD0, 0x2A, 0x17, 0x42, 0xB1, 0x33, 0xE4, 0x87, 0xC0, 0x5D, 0x31, 0x58, 0x60, 0xC9, 0x62, 0x17,
    0xF6, 0x9A, 0x54, 0xBA, 0x65, 0x99, 0x2E, 0x68, 0x47, 0x70, 0xD7, 0xE2, 0xCD, 0xE5, 0x2A, 0x4B,
    0x50, 0x93, 0x03, 0xE7, 0x18, 0x42, 0x34, 0x86, 0x93, 0x0A, 0x01, 0x84, 0xD0, 0xFF, 0x24, 0xA0,
    0x0F, 0xC7, 0x65, 0x6E, 0xA1, 0x3B, 0x94, 0x5B, 0x38, 0xAF, 0x73, 0x0B, 0x73, 0x3C, 0xD7, 0x2F,
    0x2F, 0xE5, 0x16, 0x66, 0xF4, 0x01, 0x35, 0x10, 0x34, 0xDC, 0x52, 0x21, 0xDA, 0x74, 0x20, 0xA5,
    0x30, 0x5C, 0xA5, 0x14, 0xC6, 0x07, 0x52, 0x0A, 0x6B, 0x9F, 0x52, 0xF8, 0xD9, 0xF9, 0x47, 0x64,
    0xA9, 0x2B, 0xED, 0x2A, 0xA5, 0xB0, 0x3F, 0x90, 0x52, 0x18, 0x41, 0x98, 0x30, 0x04, 0x04, 0x7B,
    0x99, 0x84, 0xB6, 0xA0, 0x2A, 0x53, 0x16, 0xE0, 0x2F, 0x8B, 0x4C, 0xC2, 0x2D, 0x5B, 0x4A, 0x7D,
    0x39, 0x93, 0xD0, 0x8E, 0xCC, 0xC7, 0xAD, 0xF2, 0xF5, 0x8C, 0x66, 0x5A, 0xF7, 0x14, 0xFA, 0xC9,
    0xA2, 0x7F, 0xA4, 0x0A, 0x88, 0x47, 0xED, 0x0D, 0x81, 0x60, 0xB2, 0xFF, 0x59, 0xCF, 0x10, 0x0D,
    0x76, 0x9D, 0x55, 0x88, 0xB9, 0xF2, 0x9C, 0xC3, 0x82, 0x18, 0xA2, 0x4B, 0x39, 0x87, 0xF4, 0x2E,
    0x72, 0x0E, 0x6D, 0x22, 0xE9, 0xC0, 0x14, 0x98, 0x8C, 0xDE, 0x50, 0xB3, 0x9D, 0x57, 0x0C, 0xAD,
    0xED, 0x5D, 0xB0, 0x4B, 0x9D, 0x1D, 0xD5, 0xE0, 0xEC, 0x40, 0x2E, 0xDA, 0x29, 0x2F, 0xF1, 0x1A,
    0xE5, 0x25, 0xC2, 0x64, 0xCC, 0x62, 0xD6, 0x06, 0x63, 0xF6, 0x82, 0x67, 0x58, 0x5B, 0xCB, 0x96,
    0xD6, 0xB6, 0x02, 0x53, 0x39, 0x25, 0x2E, 0x5E, 0x61, 0xE2, 0xE2, 0xF9, 0x39, 0x30, 0x42, 0xFF,
    0x18, 0x29, 0x60, 0x0B, 0x62, 0x0C, 0x4A, 0x72, 0x90, 0xB9, 0x46, 0xEB, 0xCF, 0x2D, 0x21, 0xDC,
    0xD8, 0x0F, 0xA7, 0xE7, 0x8A, 0x61, 0xA7, 0x6C, 0x6A, 0x24, 0x0C, 0x9B, 0x19, 0xFE, 0x7E, 0xE6,
    0x1A, 0xF5, 0x2B, 0x36, 0x75, 0x04, 0x9B, 0x5A, 0x78, 0x36, 0x35, 0xF1, 0x6C, 0xEA, 0xD6, 0xB3,
    0xA9, 0x19, 0x29, 0x9B, 0x4A, 0x04, 0x36, 0x35, 0xA4, 0xFF, 0xC6, 0x42, 0x3B, 0xA2, 0x1F, 0xFB,
    0x55, 0xA7, 0xB2, 0xA9, 0xDB, 0x51, 0xE9, 0xD0, 0xAC, 0x8F, 0x21, 0x50, 0x07, 0x21, 0xA4, 0x1A,
    0x42, 0x44, 0x39, 0x84, 0x84, 0x1C, 0x84, 0x74, 0x54, 0x21, 0xEB, 0x1D, 0x2E, 0xA7, 0x0E, 0x6C,
    0xEA, 0x7F, 0x50, 0x0D, 0x36, 0xF5, 0xD7, 0x94, 0x83, 0x4D, 0xA5, 0x59, 0xD9, 0x54, 0x1A, 0x95,
    0x4D, 0xA5, 0xDE, 0x87, 0x23, 0xDB, 0xD7, 0xB2, 0xA9, 0xD0, 0x4A, 0xAB, 0x3F, 0x41, 0x0C, 0x0F,
    0xBF, 0x09, 0xE8, 0xBF, 0xD4, 0xB9, 0x8A, 0x52, 0x8B, 0x89, 0x6C, 0xDC, 0xFA, 0x50, 0xBF, 0x4B,
    0x97, 0x8B, 0x7C, 0xDA, 0xE3, 0xB0, 0x36, 0xFA, 0x4A, 0xD4, 0xE0, 0x3A, 0xFA, 0x10, 0xDC, 0xD2,
    0x9A, 0x11, 0xED, 0xC1, 0x88, 0x42, 0xDB, 0x64, 0xF4, 0x63, 0x08, 0xD8, 0xF8, 0xB7, 0xD1, 0xFC,
    0xD7, 0x42, 0x35, 0xF1, 0x82, 0xBB, 0x61, 0x0D, 0x22, 0x0E, 0x92, 0x90, 0xCC, 0xAA, 0x52, 0x92,
    0x15, 0x4D, 0xF6, 0x7B, 0x59, 0xDF, 0xD0, 0xAF, 0x19, 0x02, 0xFA, 0x05, 0x43, 0x44, 0x3F, 0x62,
    0x48, 0xE6, 0x88, 0x21, 0x1D, 0x05, 0x8A, 0x5E, 0x28, 0x54, 0x6A, 0x85, 0x11, 0xA5, 0x5A, 0x18,
    0x51, 0xCA, 0x53, 0xEE, 0xDB, 0x99, 0x17, 0x13, 0x08, 0x5A, 0x29, 0x23, 0x0A, 0x4F, 0x9E, 0x00,
    0x3D, 0x5C, 0xBC, 0x76, 0xF1, 0x0C, 0x46, 0x74, 0x84, 0x79, 0xBF, 0xE7, 0xD7, 0x7B, 0xFA, 0x56,
    0xAB, 0xA6, 0xE4, 0xD2, 0x7E, 0x8B, 0x84, 0x6E, 0x7B, 0x4A, 0xAA, 0xC6, 0x78, 0x13, 0x50, 0xBB,
    0x9D, 0x94, 0x32, 0xDD, 0x90, 0x08, 0x89, 0xED, 0x91, 0x7A, 0xEC, 0xEE, 0x97, 0xA7, 0xBD, 0x21,
    0x57, 0xB3, 0x37, 0xE4, 0xE6, 0xDD, 0xE0, 0x3C, 0xB7, 0xE9, 0x6A, 0x4A, 0xFF, 0x40, 0x3D, 0xBA,
    0x45, 0x5E, 0x5B, 0x9D, 0x74, 0x4A, 0xD5, 0x6F, 0x48, 0x37, 0x3A, 0x96, 0x92, 0x37, 0x52, 0x35,
    0xBC, 0x4B, 0xDB, 0xDD, 0x5A, 0xDB, 0xF1, 0x9F, 0x55, 0x8F, 0x9C, 0x11, 0xE5, 0x20, 0xF4, 0x61,
    0xC5, 0xFA, 0x35, 0xB1, 0xB2, 0x62, 0x2E, 0xA4, 0x91, 0x51, 0xFE, 0x07, 0xB6, 0xEC, 0x49, 0x95,
    0xB9, 0xDC, 0x83, 0x4F, 0xE4, 0x63, 0x7E, 0x48, 0x02, 0x95, 0x00, 0xCC, 0x90, 0x8D, 0xF2, 0xC9,
    0x47, 0x3C, 0xBD, 0xEA, 0xF9, 0x4C, 0x50, 0xF8, 0xF2, 0x2D, 0x19, 0xF8, 0xD3, 0xF1, 0xBF, 0x0C,
    0x50, 0xF1, 0x29, 0x7D, 0x4C, 0x7C, 0x01, 0x2E, 0x97, 0x60, 0x6B, 0x13, 0x13, 0xA7, 0x35, 0x37,
    0xAC, 0xE5, 0xDB, 0xD2, 0x3D, 0x83, 0xDB, 0x01, 0xEB, 0x03, 0xA6, 0xF4, 0x53, 0x33, 0xB2, 0x7E,
    0x59, 0xF4, 0x2E, 0x21, 0xA3, 0x5B, 0xC9, 0xCF, 0x83, 0xFF, 0x55, 0xAD, 0xA4, 0xD1, 0x9C, 0x23,
    0x5E, 0x42, 0x0D, 0xE2, 0xED, 0x6C, 0xC1, 0x27, 0xF3, 0xBD, 0x1A, 0xF3, 0xDD, 0x8D, 0xC1, 0xE8,
    0x25, 0xF4, 0x51, 0x4C, 0x46, 0x9C, 0x95, 0xB6, 0xC5, 0x8F, 0xD0, 0x37, 0xFC, 0x0D, 0x38, 0x82,
    0xEF, 0x5C, 0xD2, 0xB3, 0xF5, 0xBA, 0xB3, 0x47, 0xD7, 0xB8, 0x5E, 0xDD, 0xDB, 0x74, 0xEB, 0x00,
    0x34, 0x35, 0xBE, 0xC3, 0x71, 0x90, 0xFE, 0xD5, 0xF9, 0xEE, 0x37, 0x07, 0x5C, 0xF7, 0x18, 0x9F,
    0x32, 0x1E, 0x07, 0x9C, 0x89, 0xEB, 0xDE, 0x00, 0x30, 0xFB, 0xB6, 0xC7, 0x7D, 0x2D, 0x1C, 0x57,
    0x64, 0x9B, 0x41, 0x91, 0xC9, 0x41, 0x45, 0xBE, 0xBF, 0x9E, 0x3F, 0x9F, 0xF1, 0xF8, 0x88, 0xCC,
    0x00, 0x0C, 0x93, 0x3D, 0xCC, 0x4D, 0xF2, 0x96, 0xF5, 0x05, 0xFB, 0x25, 0x21, 0xFE, 0x9A, 0x52,
    0xC3, 0x14, 0xE4, 0x06, 0xB4, 0x45, 0xC4, 0xD0, 0xBA, 0x90, 0xC3, 0x58, 0x0D, 0x80, 0x8F, 0x61,
    0x7B, 0x14, 0x3E, 0xE3, 0xEA, 0xE3, 0xE9, 0xA5, 0x11, 0xB6, 0x65, 0x80, 0xE3, 0x81, 0xA7, 0x08,
    0xF8, 0xF5, 0xDE, 0x04, 0x55, 0xED, 0x94, 0xC6, 0x29, 0x00, 0x29, 0x20, 0x04, 0xB8, 0xAD, 0x2E,
    0xC6, 0xEF, 0xDD, 0x15, 0x5F, 0xB9, 0x83, 0x91, 0x5E, 0x72, 0x73, 0x78, 0x5A, 0x2E, 0x7E, 0x12,
    0xC9, 0x97, 0xD9, 0xD0, 0xD7, 0x9C, 0xFE, 0xCC, 0x31, 0xB6, 0x3C, 0x65, 0xDF, 0x2B, 0xD9, 0xA8,
    0xEE, 0xE7, 0xCB, 0x80, 0xE2, 0xEE, 0x40, 0x16, 0x4F, 0xFD, 0xEA, 0x16, 0xE7, 0x40, 0x67, 0xAF,
    0x6F, 0xE5, 0x7C, 0x68, 0xF2, 0x48, 0x8B, 0x73, 0x70, 0xFE, 0x37, 0x6F, 0x39, 0xF9, 0xE7, 0xF8,
    0xD3, 0xA2, 0x7D, 0xAB, 0x43, 0xD2, 0x2A, 0x53, 0xCE, 0x5E, 0xAC, 0xBD, 0xF7, 0x88, 0x18, 0xAB,
    0x29, 0x6C, 0x0B, 0xCA, 0x53, 0x0C, 0xD4, 0x78, 0x17, 0xD6, 0xC8, 0x94, 0xE3, 0x0A, 0x0A, 0x00,
    0x3E, 0xDA, 0xEA, 0x28, 0x48, 0x92, 0x53, 0x71, 0x69, 0x50, 0x2B, 0xF7, 0xC8, 0xB9, 0x14, 0xAB,
    0xA1, 0x84, 0x88, 0x57, 0x42, 0xFB, 0xF3, 0x42, 0xB2, 0x97, 0xFC, 0x46, 0xC0, 0x02, 0xE0, 0xC1,
    0xDF, 0xDC, 0xF1, 0x43, 0x52, 0x41, 0x1B, 0x89, 0xE8, 0xFE, 0x48, 0x26, 0xF5, 0xB5, 0x58, 0x4C,
    0x93, 0xF1, 0xC0, 0xDA, 0xB1, 0x13, 0x6D, 0x87, 0x88, 0x9F, 0x75, 0x72, 0x6C, 0x76, 0x4F, 0x16,
    0x1E, 0x64, 0x89, 0xA3, 0xC8, 0x23, 0x5D, 0xB6, 0x6A, 0x80, 0xB3, 0x2D, 0x9D, 0x92, 0xEF, 0x4C,
    0x5B, 0xD1, 0xA4, 0x33, 0xA2, 0xF5, 0x93, 0xA3, 0xBD, 0x79, 0x97, 0xD7, 0x18, 0xD5, 0x9C, 0x50,
    0xA3, 0xC9, 0x7E, 0x09, 0xFD, 0x3D, 0xF5, 0xBE, 0xEE, 0x07, 0x75, 0xE9, 0xEC, 0x64, 0x09, 0x85,
    0x49, 0x31, 0x34, 0x53, 0x5E, 0x5E, 0x8A, 0xE4, 0x70, 0xF1, 0xEF, 0x76, 0x1B, 0x7C, 0x2C, 0x04,
    0x01, 0xD2, 0x3C, 0x73, 0xD1, 0x4A, 0x0A, 0xC2, 0xF6, 0x29, 0x0D, 0x45, 0xEB, 0x92, 0xB1, 0xAA,
    0x5D, 0x34, 0x3E, 0xCD, 0x6D, 0xCE, 0x64, 0xFD, 0x2E, 0xE7, 0x2D, 0x9B, 0x16, 0x5D, 0x2E, 0x3D,
    0x9E, 0xBC, 0xEB, 0x06, 0x3D, 0x6B, 0x5F, 0xA1, 0xBB, 0xD4, 0xE8, 0x70, 0x97, 0xFA, 0x6C, 0x90,
    0xDA, 0x45, 0xC6, 0x65, 0x8E, 0x2E, 0xA5, 0x2F, 0x99, 0xBD, 0x18, 0xF8, 0x6D, 0x91, 0xB1, 0xE9,
    0x4A, 0x87, 0x3E, 0xFD, 0x5E, 0xD6, 0x45, 0x85, 0x67, 0x63, 0xA0, 0xD8, 0x88, 0xC9, 0xC3, 0xBF,
    0x59, 0x80, 0x8B, 0x3B, 0xBC, 0x2B, 0x35, 0x50, 0x26, 0x8E, 0xEE, 0xD4, 0xD7, 0x59, 0x80, 0xBB,
    0x3B, 0x7B, 0x67, 0x5E, 0x69, 0x62, 0xF8, 0xA9, 0x2E, 0x2A, 0x86, 0x1B, 0x19, 0x89, 0x1B, 0xEB,
    0xAA, 0x04, 0x1D, 0x85, 0xC1, 0x58, 0x46, 0xE3, 0x99, 0x9F, 0x03, 0x5D, 0x94, 0x8C, 0xDC, 0x41,
    0x18, 0x90, 0xAF, 0x71, 0x5D, 0x54, 0x1D, 0x9E, 0x60, 0x65, 0x83, 0x60, 0x08, 0x65, 0xEA, 0x05,
    0x8B, 0x5D, 0x0C, 0x32, 0x64, 0xE9, 0x66, 0x09, 0xE4, 0xD7, 0xF3, 0xD0, 0x35, 0xB1, 0xC0, 0xC3,
    0xD7, 0x93, 0x93, 0x1D, 0x5F, 0xB1, 0x1D, 0x5B, 0x77, 0x15, 0x34, 0x58, 0x57, 0xA1, 0xA3, 0xA0,
    0xDE, 0xCE, 0x3A, 0xA9, 0x6A, 0x25, 0x3F, 0x9F, 0x1F, 0x60, 0x07, 0x78, 0xBB, 0x5C, 0x53, 0x3B,
    0x36, 0xFF, 0xD6, 0x09, 0x85, 0xED, 0x1F, 0xC0, 0xA4, 0xC2, 0xCA, 0x89, 0x89, 0x93, 0x83, 0xAA,
    0xC3, 0xD4, 0xC2, 0x4F, 0x2E, 0xDC, 0x81, 0xE9, 0x85, 0x15, 0x32, 0xC8, 0x3D, 0xAF, 0x93, 0x03,
    0xA9, 0x53, 0xB4, 0x4E, 0xCC, 0x15, 0xEB, 0x1D, 0x7E, 0xF6, 0x13, 0x7E, 0xBA, 0x8C, 0x65, 0x4B,
    0xDA, 0x5B, 0xE2, 0xE6, 0x30, 0xDA, 0xEF, 0xB7, 0x7A, 0x7D, 0x25, 0x9F, 0xF1, 0xE5, 0x33, 0xFB,
    0xFC, 0xD9, 0x01, 0x07, 0xC5, 0x46, 0xD1, 0x29, 0x96, 0x8C, 0x9F, 0x3D, 0xD0, 0x92, 0x61, 0xFC,
    0x71, 0x8C, 0x1B, 0xEA, 0x05, 0x23, 0x1A, 0x05, 0x03, 0x9A, 0x05, 0x1D, 0x51, 0x2E, 0x58, 0x50,
    0xAD, 0xF7, 0x6D, 0xF5, 0x39, 0x7A, 0x7D, 0xAE, 0x51, 0x30, 0xA2, 0x59, 0x30, 0x20, 0x12, 0x74,
    0x64, 0x75, 0xC9, 0xDA, 0x73, 0xD1, 0x3B, 0xA2, 0x9D, 0x88, 0xBF, 0xB0, 0xC6, 0x3B, 0xD5, 0x77,
    0x40, 0x2D, 0x6B, 0xBB, 0xB0, 0x69, 0x5C, 0x89, 0xC0, 0xE6, 0x8A, 0xD3, 0x7F, 0xE1, 0x8A, 0x21,
    0x94, 0xC2, 0xFB, 0x89, 0xB4, 0x19, 0xF5, 0x4C, 0xEB, 0x73, 0x2B, 0xFA, 0xB6, 0xF6, 0xD3, 0x3B,
    0x6A, 0xF9, 0x05, 0xB5, 0x46, 0xF7, 0x20, 0x44, 0x52, 0xA8, 0xE7, 0xB8, 0xAB, 0x69, 0x6D, 0xA1,
    0x12, 0x68, 0xF8, 0x0B, 0x01, 0x78, 0xA8, 0x9E, 0x11, 0x06, 0xC0, 0xBC, 0xD3, 0x33, 0x64, 0xE0,
    0xE5, 0x3C, 0x4A, 0xCA, 0xE8, 0x98, 0x76, 0x88, 0x87, 0xDD, 0x78, 0x78, 0xF8, 0x6F, 0x9B, 0xFA,
    0xCB, 0x5F, 0x2A, 0x52, 0xAD, 0xD8, 0x2B, 0x4E, 0x8A, 0xC4, 0x78, 0xFE, 0x11, 0xF7, 0x1C, 0xE4,
    0x5A, 0x30, 0xBB, 0x84, 0xDB, 0xC3, 0x68, 0xBF, 0xAF, 0x70, 0x7D, 0x88, 0xCF, 0x78, 0x5A, 0xD9,
    0xE7, 0x0F, 0x8A, 0xAD, 0x62, 0x0E, 0x1C, 0x1D, 0x70, 0x16, 0x3C, 0xAF, 0x88, 0xD1, 0x8C, 0xC1,
    0x12, 0xDE, 0x95, 0x22, 0xB1, 0x04, 0xF9, 0x08, 0x9F, 0x2B, 0x86, 0xA3, 0xF7, 0x2D, 0xF5, 0x39,
    0x1A, 0x7D, 0xAE, 0x4E, 0x90, 0x3B, 0x9D, 0x31, 0xA6, 0x51, 0x30, 0x22, 0xB2, 0x94, 0x64, 0xCC,
    0x29, 0x53, 0x7D, 0xC4, 0x3A, 0xF2, 0x29, 0x80, 0x03, 0x4F, 0x27, 0xC7, 0xAC, 0x77, 0xF1, 0x9C,
    0x71, 0xD6, 0xFB, 0xFE, 0x5C, 0x12, 0x05, 0xCE, 0xCE, 0x5E, 0xA6, 0xB3, 0xAB, 0xE6, 0x94, 0x22,
    0xDA, 0x35, 0x09, 0x4D, 0x29, 0x3D, 0xE0, 0x86, 0x68, 0xF4, 0xCD, 0xE7, 0x77, 0x53, 0x4C, 0xA6,
    0x07, 0x6E, 0x90, 0x15, 0xCB, 0x4D, 0xC3, 0x4D, 0xFD, 0x96, 0x1A, 0x0E, 0x4F, 0x9D, 0x23, 0xA3,
    0xF9, 0xDF, 0x69, 0x40, 0xB6, 0x4B, 0x85, 0x5C, 0x80, 0x2E, 0x23, 0xF0, 0x8F, 0xC8, 0xF6, 0xD8,
    0x8E, 0x91, 0xBE, 0x66, 0x9C, 0x56, 0x4A, 0xC8, 0xB1, 0xA9, 0xEA, 0x7E, 0x79, 0xE3, 0xD1, 0xA9,
    0xE8, 0xE1, 0x9B, 0x15, 0x3D, 0x34, 0x56, 0x86, 0xC0, 0xC9, 0x60, 0x98, 0x02, 0x1F, 0x63, 0x6C,
    0x0C, 0xB8, 0x18, 0x63, 0x62, 0x50, 0xAB, 0x0E, 0x83, 0xD5, 0x75, 0x2E, 0xD0, 0x8C, 0x80, 0x16,
    0x2B, 0x6E, 0x16, 0x2C, 0xC8, 0x2A, 0x74, 0xC0, 0x50, 0x11, 0x88, 0x4F, 0xE8, 0x6B, 0xF4, 0x11,
    0xC7, 0x22, 0x75, 0xC3, 0x9F, 0xE4, 0xA6, 0x5E, 0xC0, 0x3B, 0xDF, 0xC4, 0x2E, 0x4F, 0x76, 0xC9,
    0x68, 0x51, 0x33, 0xA3, 0x5A, 0x40, 0xB4, 0x18, 0xCD, 0x02, 0x92, 0x05, 0x14, 0x8B, 0x11, 0x2C,
    0xA0, 0x57, 0xAE, 0xAF, 0x5D, 0xDA, 0xB2, 0xE1, 0x85, 0x0F, 0xFF, 0x89, 0x62, 0x23, 0x69, 0x51,
    0x64, 0x33, 0x25, 0x84, 0x50, 0xFA, 0xA0, 0x92, 0xF9, 0xE8, 0x59, 0x9D, 0xAD, 0xDE, 0xFF, 0x88,
    0xE1, 0x49, 0x6F, 0xF1, 0x0D, 0xEC, 0x8F, 0x40, 0x6E, 0x08, 0x29, 0xF0, 0x78, 0xCF, 0x1A, 0x2D,
    0x6E, 0x95, 0x69, 0xB6, 0xBE, 0x82, 0xD2, 0x60, 0x3B, 0x83, 0x37, 0xF6, 0x87, 0x12, 0x2D, 0x57,
    0x0F, 0x6B, 0x1A, 0x9A, 0xFE, 0xCD, 0x49, 0xEE, 0xED, 0x0B, 0x9E, 0x2F, 0x61, 0xCF, 0xA0, 0xB4,
    0x9D, 0xB4, 0x8D, 0xB4, 0x79, 0x61, 0x73, 0xEA, 0x72, 0x5D, 0x6D, 0xDB, 0xEA, 0x9F, 0x17, 0xD8,
    0xDD, 0x3A, 0x5A, 0x4A, 0x8A, 0x33, 0x7E, 0xCD, 0x39, 0x9D, 0xA6, 0xD2, 0x9E, 0x7E, 0xA4, 0x10,
    0x69, 0x81, 0x08, 0xB4, 0x31, 0x2D, 0x3A, 0x25, 0x2C, 0xE8, 0xCB, 0x4A, 0xB2, 0x77, 0x83, 0x9F,
    0x23, 0x17, 0xD3, 0x62, 0xBA, 0x8D, 0x5C, 0x34, 0xD9, 0xDF, 0xE4, 0x43, 0x46, 0x41, 0x6C, 0x6F,
    0xFD, 0x11, 0xEB, 0x3D, 0xAB, 0x5D, 0x12, 0x6B, 0x52, 0x00, 0x08, 0x29, 0x4D, 0x8F, 0xAB, 0x7F,
    0x26, 0x72, 0xF5, 0x79, 0x50, 0x51, 0x89, 0xEF, 0x88, 0xA4, 0x60, 0x6E, 0x47, 0x69, 0x5B, 0x66,
    0x31, 0x67, 0x4D, 0xD3, 0x5D, 0x1E, 0x81, 0xAE, 0x02, 0x3B, 0x6B, 0x23, 0x6A, 0xA4, 0xAD, 0xAD,
    0x3E, 0xE2, 0x66, 0xB6, 0x1D, 0xC6, 0x36, 0x15, 0xE7, 0x23, 0x23, 0x39, 0x8E, 0xC1, 0xFB, 0x4F,
    0x9F, 0xD1, 0xD7, 0x3C, 0x08, 0x21, 0x54, 0x73, 0x2D, 0xE0, 0xE0, 0x11, 0xD0, 0x60, 0xEA, 0x84,
    0x26, 0xA1, 0x4A, 0x40, 0x0D, 0xC8, 0xAD, 0xF0, 0x81, 0xED, 0x89, 0xB7, 0x03, 0x0A, 0x46, 0xB3,
    0xE5, 0x26, 0xE3, 0xA6, 0xE0, 0xA6, 0x9A, 0xCE, 0xEF, 0xC4, 0xDC, 0x99, 0x5B, 0x6E, 0x68, 0xD9,
    0xDC, 0xA3, 0xDD, 0x6F, 0x85, 0x49, 0xFD, 0xE3, 0x1A, 0x2C, 0x93, 0xA5, 0xF9, 0x9F, 0x9F, 0xC3,
    0xF8, 0x0A, 0x6E, 0x32, 0x6E, 0x12, 0xA5, 0xC0, 0xFA, 0x55, 0xB9, 0xDA, 0x6A, 0xF2, 0x7E, 0x42,
    0x83, 0x7A, 0x49, 0x80, 0x7C, 0xB2, 0x5A, 0xBF, 0x71, 0x34, 0xAF, 0x37, 0x96, 0xC0, 0x61, 0x1F,
    0xC0, 0xE1, 0x75, 0x61, 0xAB, 0xF9, 0x30, 0x8D, 0x62, 0x67, 0x49, 0x42, 0x31, 0x8F, 0xB8, 0x7C,
    0xFF, 0x41, 0x93, 0xC9, 0x4B, 0x3C, 0xB4, 0x1C, 0x97, 0x30, 0x54, 0x04, 0xC1, 0x6B, 0xF9, 0x68,
    0x67, 0x04, 0xC7, 0x05, 0xF1, 0xC5, 0x30, 0xED, 0xFD, 0x41, 0x0F, 0xB8, 0x2C, 0x10, 0xCF, 0x3E,
    0x08, 0xCB, 0x10, 0xBC, 0xC4, 0xFD, 0x6C, 0xA0, 0x31, 0xD7, 0xC5, 0xB0, 0x66, 0x8C, 0xAB, 0xA1,
    0xFD, 0xDC, 0x90, 0x80, 0x01, 0xAE, 0xB7, 0x9C, 0xEB, 0x94, 0x46, 0x63, 0xE0, 0xF1, 0x24, 0x8D,
    0x11, 0x73, 0xFC, 0xD4, 0x7C, 0x3A, 0x3B, 0x2D, 0x2A, 0x46, 0x61, 0xB0, 0x4A, 0xA1, 0x2E, 0xC1,
    0x12, 0xD8, 0x3B, 0x41, 0xFD, 0xCC, 0x39, 0x17, 0xFC, 0xF3, 0xDC, 0x67, 0x43, 0x3C, 0x7F, 0xE4,
    0xC3, 0x16, 0x19, 0x7F, 0x94, 0xB4, 0x33, 0xF4, 0x8B, 0x11, 0xAA, 0x4E, 0x5E, 0xDE, 0xAE, 0xA8,
    0x3E, 0xCB, 0x35, 0xF1, 0x61, 0xB3, 0x6A, 0x91, 0x3B, 0xE3, 0x53, 0x01, 0xA5, 0xD3, 0x26, 0x7E,
    0x32, 0xDB, 0x5B, 0x0D, 0x2B, 0xD1, 0xA5, 0x57, 0x36, 0xF1, 0xD8, 0xF4, 0x57, 0x39, 0x3E, 0x2D,
    0xD6, 0xF1, 0x04, 0x2D, 0xC6, 0x99, 0xDE, 0x64, 0xFC, 0x1C, 0xE7, 0x78, 0xF6, 0xBD, 0xE1, 0x53,
    0x74, 0xDC, 0x97, 0xBB, 0x4C, 0xEE, 0x96, 0xD8, 0x02, 0x54, 0x00, 0x05, 0x88, 0xE8, 0xB0, 0x3B,
    0x1D, 0xDD, 0xCC, 0x12, 0x96, 0xAF, 0xFC, 0x8F, 0x3D, 0x27, 0x40, 0x50, 0x31, 0xDF, 0xC0, 0x0C,
    0x5B, 0x4C, 0xEE, 0x69, 0x82, 0xDA, 0x0B, 0x2B, 0x09, 0x02, 0xB5, 0x6F, 0x48, 0x53, 0x7D, 0x78,
    0xA4, 0x5A, 0x1D, 0xF7, 0x31, 0x87, 0x7A, 0x58, 0x11, 0x9E, 0xF4, 0xEA, 0x91, 0x6B, 0x50, 0x33,
    0xF2, 0xF1, 0x5A, 0xB4, 0xF3, 0x71, 0xFD, 0xBB, 0xC7, 0x83, 0x7F, 0xCF, 0xA9, 0xB4, 0x72, 0x50,
    0xF8, 0x53, 0x6C, 0xB0, 0xEE, 0xD5, 0xDF, 0x73, 0xCA, 0x5F, 0x5B, 0x09, 0x0A, 0x36, 0xF2, 0xB6,
    0x31, 0x78, 0x7E, 0x21, 0x98, 0xD1, 0xCC, 0xF8, 0x5B, 0x24, 0x92, 0xD1, 0xEF, 0xF7, 0xEA, 0xF9,
    0x0D, 0x8A, 0x23, 0xE3, 0x8B, 0x94, 0x66, 0xC6, 0x3C, 0x12, 0x9C, 0x75, 0x71, 0x3D, 0x02, 0xAD,
    0xCE, 0x56, 0xFF, 0x0A, 0xEC, 0xDE, 0x25, 0xFE, 0x3F, 0xBD, 0x97, 0x3F, 0x8C, 0xDD, 0xC8, 0x7D,
    0xC7, 0x3F, 0x24, 0xA5, 0x7D, 0x80, 0x88, 0x80, 0x57, 0x64, 0x83, 0xF8, 0x0E, 0x01, 0x1B, 0x07,
    0x70, 0x16, 0x48, 0xD8, 0xB8, 0xD4, 0x69, 0x46, 0x70, 0x0F, 0x6F, 0xB1, 0x0F, 0x08, 0xE0, 0xC2,
    0x4D, 0x9A, 0x7B, 0x45, 0xAE, 0x71, 0xE1, 0x00, 0xDE, 0x23, 0xE1, 0xBE, 0xD8, 0x26, 0x49, 0xBB,
    0x85, 0x0A, 0xED, 0x4B, 0xA1, 0xD6, 0x08, 0x74, 0x4B, 0x2A, 0x57, 0xA4, 0xE5, 0x05, 0x48, 0xDC,
    0x32, 0xC1, 0xA9, 0xB1, 0x1A, 0x1E, 0x4C, 0x20, 0x8C, 0x3C, 0xE4, 0x37, 0xC3, 0x79, 0x6F, 0xA5,
    0x67, 0xAD, 0x74, 0x92, 0x11, 0x20, 0x1F, 0xFE, 0xE6, 0xC7, 0x11, 0x7F, 0x7F, 0x38, 0x9A, 0x37,
    0x33, 0x3F, 0xEE, 0xF1, 0xDA, 0x52, 0xAA, 0x25, 0x57, 0x4F, 0x22, 0x07, 0x9A, 0xA1, 0x90, 0x65,
    0xA5, 0x16, 0xD4, 0xC3, 0xC9, 0x23, 0xA2, 0xF5, 0x19, 0x99, 0x46, 0x0A, 0x75, 0x94, 0xB2, 0x91,
    0x26, 0x12, 0xF5, 0x64, 0xAA, 0x28, 0x26, 0xEF, 0x71, 0x09, 0xDE, 0xE7, 0x14, 0x58, 0xC9, 0x01,
    0x99, 0x04, 0x18, 0xA9, 0x02, 0x49, 0x1D, 0x89, 0xBE, 0xD5, 0x40, 0xAA, 0xCA, 0x4C, 0x4B, 0x44,
    0x26, 0xEB, 0x63, 0xA2, 0x6D, 0xC5, 0x27, 0x17, 0x14, 0xCD, 0x92, 0xCF, 0x34, 0x2B, 0xE9, 0xB9,
    0xAA, 0x4C, 0x1E, 0x9B, 0xCB, 0x83, 0xE9, 0x4B, 0xB9, 0x60, 0xE9, 0x31, 0x96, 0x8D, 0x25, 0x50,
    0x4A, 0x6A, 0xDF, 0x50, 0x27, 0xDB, 0xED, 0xB6, 0x7A, 0x6D, 0x56, 0xFB, 0x2E, 0x4D, 0xE0, 0xA4,
    0x82, 0x2D, 0xA6, 0x25, 0x12, 0x45, 0xCF, 0x4A, 0xE4, 0xDA, 0xD6, 0xCB, 0xC0, 0x24, 0x47, 0x22,
    0xA9, 0x27, 0x92, 0xD4, 0x40, 0xA1, 0x19, 0x88, 0xB6, 0x17, 0x2C, 0xAC, 0x26, 0x0A, 0x55, 0x46,
    0xCD, 0x4E, 0x7C, 0x3F, 0x9D, 0xE1, 0x94, 0x7B, 0x15, 0x7F, 0x81, 0x19, 0x22, 0x35, 0xB5, 0x4B,
    0xD4, 0xC9, 0xAB, 0x5E, 0x4B, 0xAF, 0x1C, 0x63, 0xB5, 0x79, 0x4B, 0x6D, 0x8F, 0xCF, 0x90, 0x2A,
    0xA9, 0x97, 0xDC, 0x4B, 0x39, 0x8C, 0xA3, 0x58, 0xF4, 0x91, 0x86, 0x54, 0x6D, 0x3A, 0xB1, 0x72,
    0x44, 0xA7, 0x44, 0xF5, 0x05, 0xA9, 0xC6, 0xF0, 0x5E, 0xF3, 0x3B, 0xD9, 0xB2, 0xAA, 0xAB, 0x1A,
    0x13, 0xDA, 0xD2, 0xF7, 0xCF, 0xC8, 0x35, 0xB3, 0xD2, 0x48, 0x98, 0x92, 0xE3, 0x75, 0xB4, 0xB6,
    0xD4, 0xCA, 0xD4, 0x45, 0x72, 0x85, 0xAA, 0x44, 0xBD, 0x11, 0xA9, 0x1A, 0x8D, 0x64, 0x8A, 0xD5,
    0x61, 0xC6, 0x44, 0xDE, 0xA5, 0xCD, 0x26, 0xD8, 0xDA, 0x7B, 0x97, 0x3E, 0xE8, 0x74, 0x69, 0xC6,
    0x11, 0xA9, 0xCF, 0x64, 0xBD, 0x73, 0xA2, 0xCE, 0x88, 0x48, 0x93, 0x1C, 0x94, 0x52, 0x0F, 0x85,
    0xD4, 0x42, 0x26, 0x55, 0x10, 0x6F, 0xB7, 0xB0, 0xB9, 0xA8, 0xBB, 0xDF, 0xBF, 0x60, 0x53, 0x9D,
    0x5C, 0xA8, 0x2D, 0xFB, 0xEF, 0x6A, 0x78, 0x8E, 0xCF, 0xA2, 0xB0, 0xD4, 0x52, 0x75, 0x14, 0xFA,
    0x91, 0xFA, 0xFD, 0x08, 0x13, 0xB5, 0xC6, 0xC1, 0x32, 0x0C, 0x28, 0xC2, 0x40, 0xD3, 0x09, 0x35,
    0xC4, 0x57, 0x9C, 0x5C, 0x10, 0x3D, 0x02, 0xD2, 0x19, 0xC8, 0xB4, 0x57, 0x9F, 0x65, 0xBA, 0x77,
    0x51, 0xAF, 0xA6, 0xAC, 0xAB, 0xED, 0x69, 0xD1, 0x95, 0x2D, 0x75, 0x63, 0xE6, 0x9F, 0xA8, 0xCA,
    0x25, 0xB1, 0x92, 0x26, 0x22, 0xA9, 0x83, 0xA3, 0x2B, 0x20, 0xFA, 0xCC, 0x42, 0xB1, 0x7B, 0xA6,
    0xCA, 0x5B, 0xD5, 0x65, 0x92, 0x06, 0xA3, 0xDF, 0xC8, 0x99, 0x81, 0xD4, 0x95, 0x0D, 0xC9, 0xB4,
    0xA9, 0x88, 0xAE, 0xD8, 0x5C, 0xA2, 0x2E, 0x52, 0x9B, 0xA8, 0x59, 0xA9, 0x49, 0x55, 0x65, 0xB2,
    0xB9, 0xAC, 0x11, 0x5E, 0xCA, 0x99, 0x7A, 0x66, 0xF3, 0x98, 0xA3, 0xED, 0x45, 0xAA, 0x2E, 0x55,
    0x9B, 0xA9, 0xC9, 0x54, 0xE5, 0x8B, 0x0F, 0xC5, 0x8C, 0x99, 0x30, 0x8E, 0x72, 0xA0, 0xEE, 0xFD,
    0x54, 0xB1, 0xB9, 0x5A, 0xFC, 0x7D, 0x94, 0x11, 0x85, 0xF0, 0x6E, 0xDE, 0xD9, 0xE7, 0xF4, 0xC9,
    0xBD, 0x44, 0x6A, 0x51, 0xE7, 0xFD, 0x3E, 0x30, 0xDB, 0xB2, 0x51, 0x8B, 0x30, 0x6B, 0x23, 0xB1,
    0x26, 0x28, 0x05, 0x3E, 0x24, 0xEC, 0x44, 0xEA, 0x11, 0x3E, 0x7E, 0xCC, 0xDD, 0xF5, 0x69, 0x70,
    0x2A, 0x97, 0xFC, 0x33, 0x89, 0x06, 0x32, 0xB5, 0x14, 0xDA, 0x79, 0x84, 0x45, 0x7C, 0xAF, 0x22,
    0x6B, 0xBD, 0x1C, 0xFF, 0xB4, 0x2D, 0xB5, 0xC8, 0xE6, 0x49, 0x4B, 0xB6, 0x97, 0x13, 0x28, 0x77,
    0xB2, 0xB6, 0x3B, 0x6B, 0xB9, 0xBD, 0x28, 0x61, 0x2F, 0x52, 0x73, 0xD3, 0x20, 0x7F, 0x7F, 0x33,
    0xB2, 0x94, 0xA1, 0x41, 0x2D, 0x08, 0x07, 0x87, 0xA3, 0x54, 0x4F, 0xAD, 0xD6, 0x37, 0x4B, 0x3D,
    0xC0, 0x3F, 0xB3, 0xE7, 0x4E, 0xE4, 0x52, 0x97, 0x3B, 0xD3, 0x99, 0xC6, 0x54, 0xA6, 0x29, 0xC6,
    0xCC, 0xAD, 0x1C, 0x4F, 0xF9, 0x0C, 0xAE, 0x5F, 0xCB, 0x89, 0x1E, 0x97, 0x9A, 0xBC, 0x1C, 0xAF,
    0xCF, 0x4E, 0xB6, 0x37, 0x7D, 0x9D, 0x1D, 0xFA, 0xB0, 0xE6, 0x30, 0x6A, 0xE7, 0x63, 0xE4, 0x0E,
    0x1D, 0x36, 0x4B, 0xAC, 0xF3, 0xE2, 0xF3, 0x70, 0x6F, 0x4B, 0xA6, 0x37, 0x25, 0x17, 0x85, 0xFE,
    0xBC, 0x96, 0xD1, 0xEC, 0x63, 0x8D, 0x46, 0xA3, 0xAE, 0x98, 0xED, 0xF6, 0x12, 0xF5, 0xB7, 0x64,
    0x40, 0x23, 0x9A, 0xFF, 0xBA, 0x5E, 0x3C, 0x5D, 0x21, 0x97, 0xCA, 0x45, 0xF5, 0x18, 0x3F, 0x26,
    0x2C, 0xA1, 0xE6, 0x95, 0x64, 0xB2, 0xD1, 0xA3, 0x0F, 0x39, 0x32, 0xFE, 0xD0, 0xB3, 0xE0, 0xD5,
    0x22, 0x5A, 0x86, 0x3E, 0x87, 0xE3, 0x65, 0xC0, 0x74, 0x78, 0xA2, 0x99, 0x64, 0x62, 0xA5, 0x2A,
    0xD5, 0x40, 0xE9, 0xC8, 0x66, 0x2F, 0xA7, 0xC5, 0x5C, 0x6B, 0xAA, 0x35, 0xD6, 0xEA, 0x3E, 0x9F,
    0x2D, 0x9E, 0xBF, 0x23, 0x16, 0xA9, 0xA3, 0xE8, 0x97, 0xC0, 0xBA, 0x45, 0x5E, 0x3A, 0xA4, 0xBE,
    0x56, 0x6F, 0xD4, 0xA7, 0xEA, 0xD9, 0xD8, 0xB7, 0x1D, 0x04, 0x5B, 0xCF, 0xA5, 0x3C, 0x7D, 0x50,
    0xF3, 0x7A, 0xFD, 0x93, 0x7E, 0x82, 0xD5, 0x5B, 0xD5, 0x39, 0xF7, 0xF9, 0xF4, 0x1C, 0x7F, 0x19,
    0x84, 0x2B, 0x5E, 0xE8, 0xC5, 0x98, 0xE9, 0x85, 0xBA, 0xE8, 0xFA, 0xE1, 0xB5, 0x5D, 0x5B, 0x58,
    0x5B, 0x0D, 0x24, 0x6A, 0xCC, 0x4C, 0x2E, 0xB2, 0x65, 0x96, 0x48, 0xF4, 0xDF, 0x1A, 0x40, 0x52,
    0x0B, 0xA5, 0x54, 0x41, 0x21, 0x01, 0xF7, 0xB6, 0x8F, 0xDF, 0x57, 0x82, 0x62, 0x7D, 0xAB, 0xF1,
    0xA6, 0x04, 0xCD, 0xA1, 0x04, 0x3D, 0x5A, 0x4A, 0xD0, 0xC6, 0x12, 0x5D, 0x95, 0x0D, 0xC9, 0x6C,
    0x3A, 0xD2, 0xC9, 0xCC, 0x5B, 0xB9, 0x5C, 0xD2, 0x90, 0x2E, 0x61, 0xB1, 0xA4, 0x8A, 0x52, 0x13,
    0xDE, 0xD7, 0xFE, 0x61, 0xA7, 0xC9, 0xAD, 0xE2, 0xD6, 0x1C, 0x16, 0xB7, 0x62, 0x28, 0xF7, 0x96,
    0x01, 0x53, 0xBD, 0xBF, 0xB8, 0x6D, 0xB6, 0x9E, 0xAB, 0x5A, 0x9E, 0xF9, 0x96, 0x6E, 0x0E, 0x75,
    0xF0, 0xAC, 0xB8, 0xC5, 0x6D, 0xCF, 0xE3, 0xB5, 0xC7, 0xF2, 0x79, 0x85, 0xB1, 0x89, 0x46, 0x6A,
    0x9B, 0x49, 0xFF, 0x20, 0x0A, 0x79, 0x30, 0x92, 0x26, 0xCA, 0xAF, 0xEB, 0x60, 0x49, 0xD5, 0xF1,
    0x05, 0x5C, 0xC1, 0x87, 0x97, 0xD9, 0x25, 0x7F, 0xC0, 0x96, 0xDA, 0xD3, 0x7E, 0x68, 0x0F, 0xB8,
    0x8B, 0xA7, 0x00, 0x22, 0x55, 0x90, 0xAB, 0x81, 0x5A, 0x1D, 0xA9, 0x64, 0x29, 0xC3, 0x31, 0xA8,
    0x96, 0x42, 0xF3, 0xEE, 0x31, 0x46, 0x16, 0xF2, 0x11, 0xC8, 0x2A, 0x20, 0x62, 0x4F, 0xDD, 0xE2,
    0x51, 0x13, 0x12, 0x59, 0x20, 0x16, 0x9E, 0x64, 0xC6, 0x93, 0x4E, 0x78, 0x32, 0x07, 0xFB, 0x58,
    0x8A, 0x1E, 0xD8, 0xEF, 0x9A, 0xF2, 0x30, 0xB4, 0x7A, 0x1D, 0x1A, 0xF4, 0xEA, 0x20, 0x34, 0x3B,
    0x0C, 0xED, 0xDF, 0x08, 0xE5, 0x43, 0x42, 0x87, 0x37, 0x43, 0xEB, 0xD7, 0xA1, 0x91, 0xEC, 0xEB,
    0xD0, 0xDD, 0xB0, 0x0F, 0x42, 0xF3, 0x83, 0xD0, 0xDD, 0xB0, 0x2D, 0x13, 0xAA, 0xD4, 0x16, 0x7D,
    0xD6, 0xA7, 0xBE, 0xD5, 0x9D, 0x1A, 0xD9, 0x91, 0xC7, 0x10, 0x5F, 0xBE, 0x73, 0x4F, 0xCA, 0x73,
    0xA0, 0x36, 0xCB, 0x7A, 0x2B, 0x25, 0x4D, 0x41, 0x9D, 0x03, 0xE7, 0x6F, 0xA8, 0x2F, 0xFC, 0x4F,
    0xFB, 0xE5, 0x6B, 0x97, 0xE5, 0xE7, 0x3E, 0x8B, 0xF4, 0x50, 0x76, 0xD9, 0xCA, 0x7D, 0xD8, 0xD4,
    0x06, 0xE1, 0xC2, 0x46, 0xFF, 0xC5, 0xB2, 0xE5, 0xEF, 0x62, 0xF3, 0x87, 0xBD, 0xF9, 0xB5, 0xCB,
    0xD4, 0x87, 0x22, 0x68, 0x57, 0x6A, 0x73, 0x0D, 0xE6, 0x2B, 0x97, 0xD1, 0xE3, 0xB9, 0x13, 0xBB,
    0xCC, 0x99, 0x6F, 0x8C, 0x35, 0xB6, 0x68, 0xB2, 0x6E, 0x35, 0x24, 0x2E, 0x72, 0xB1, 0xFB, 0xC4,
    0x99, 0xDE, 0x54, 0x37, 0x8B, 0x58, 0x3B, 0xFD, 0x9D, 0xCB, 0x5D, 0x87, 0x9E, 0x07, 0xCB, 0x7D,
    0xBD, 0x86, 0x5A, 0x0D, 0x85, 0xFA, 0x70, 0x70, 0x46, 0x9A, 0xC0, 0x08, 0x52, 0x35, 0x44, 0xE1,
    0x8B, 0xF7, 0xF2, 0xB0, 0x90, 0x12, 0x0A, 0xE9, 0xF8, 0xAA, 0x90, 0x96, 0x37, 0x85, 0xF4, 0x6F,
    0x2B, 0xCA, 0xB0, 0x6D, 0xC4, 0xEB, 0x6D, 0x33, 0x63, 0x24, 0xB9, 0x83, 0x6D, 0xD3, 0x72, 0x0D,
    0x57, 0x84, 0x4A, 0x3E, 0x53, 0xCB, 0x7A, 0x49, 0x64, 0x63, 0x91, 0xCC, 0xA4, 0x8E, 0xA8, 0x23,
    0x90, 0xC8, 0xC1, 0xD1, 0xC5, 0x4A, 0xE3, 0xC7, 0xB6, 0x18, 0x53, 0xF5, 0x75, 0x6F, 0xA6, 0x4C,
    0xAD, 0x86, 0xD2, 0xDF, 0x9E, 0x2D, 0xB7, 0x5C, 0x91, 0x06, 0xE3, 0x8A, 0x09, 0xF5, 0x69, 0x67,
    0x1C, 0x45, 0x15, 0x46, 0x0B, 0x7E, 0xB8, 0xEA, 0x0F, 0xE4, 0x7F, 0x2A, 0xA9, 0xA9, 0x43, 0xB5,
    0x49, 0x65, 0x0F, 0x26, 0xA4, 0x3F, 0xD4, 0x13, 0xB0, 0x7A, 0xA7, 0x3E, 0x03, 0xA2, 0xD3, 0xFF,
    0xFB, 0x84, 0x7F, 0xE8, 0x17, 0x62, 0xAD, 0x6E, 0x27, 0xA4, 0xB7, 0x84, 0x08, 0xCF, 0xAA, 0x85,
    0xCD, 0x8F, 0xDB, 0xA7, 0x89, 0xF4, 0xCC, 0x65, 0xD2, 0x8F, 0xC6, 0x70, 0x52, 0x9B, 0x67, 0x52,
    0x6F, 0x12, 0xA9, 0x39, 0x49, 0xFB, 0x2B, 0x58, 0x35, 0x78, 0x2C, 0x37, 0xC8, 0x42, 0xA2, 0xE6,
    0x50, 0xC5, 0xAA, 0x80, 0x6B, 0x88, 0x6A, 0x1B, 0xB9, 0x95, 0xC6, 0x64, 0xC9, 0xF7, 0x64, 0x2C,
    0x42, 0xBE, 0x17, 0x4B, 0xBE, 0xAA, 0x50, 0x53, 0x12, 0xCD, 0xC1, 0x2F, 0x44, 0xDC, 0xCA, 0x82,
    0xD8, 0x11, 0xCF, 0x76, 0xD5, 0x65, 0x1A, 0xB2, 0xB6, 0x90, 0xD4, 0x2C, 0x09, 0xAA, 0x92, 0x5A,
    0x9C, 0x73, 0xF4, 0xE8, 0x83, 0x5D, 0xF8, 0x7E, 0x54, 0xC1, 0x18, 0xF7, 0xAC, 0xC6, 0x78, 0xA2,
    0xD0, 0xE2, 0x22, 0xA9, 0xCD, 0x25, 0xD9, 0x78, 0x8C, 0x47, 0xF8, 0x79, 0xDC, 0xC2, 0x9D, 0x08,
    0xF8, 0x08, 0x06, 0x92, 0x89, 0x4C, 0x18, 0x35, 0xDE, 0xF6, 0x86, 0x6C, 0xB7, 0xBE, 0x2C, 0x5E,
    0xFA, 0x9B, 0x44, 0xA6, 0x1E, 0xE9, 0x55, 0xC7, 0xB1, 0xC3, 0xBC, 0xB5, 0xF3, 0xD1, 0xFD, 0x3B,
    0xBB, 0xCE, 0xD3, 0xF3, 0x07, 0x60, 0xF0, 0x9D, 0x1F, 0xF8, 0x8E, 0xE7, 0xFE, 0x47, 0xDC, 0xB9,
    0x8F, 0xE7, 0x53, 0xE0, 0x17, 0x78, 0x7E, 0xB0, 0x6F, 0x91, 0xDD, 0xAB, 0x55, 0x0B, 0x24, 0x2D,
    0xBF, 0x4A, 0x9A, 0xD0, 0xF9, 0xAB, 0xB7, 0xBC, 0x22, 0xB3, 0x78, 0x86, 0x83, 0xCE, 0x5D, 0x16,
    0x4E, 0x0F, 0x7C, 0x42, 0x78, 0xDC, 0x98, 0x7D, 0xC2, 0x0E, 0xE2, 0x2A, 0x3C, 0x01, 0xFE, 0x38,
    0xB4, 0x9B, 0x61, 0x1C, 0x76, 0xBC, 0x0E, 0xFD, 0x5F, 0xC1, 0xD3, 0xFB, 0x0F, 0x60, 0x79, 0xFB,
    0xF7, 0xCF, 0xFF, 0x14, 0x8C, 0x0B, 0x31, 0x6F, 0xFD, 0x2F, 0xCF, 0xFB, 0x89, 0xAA, 0x6F, 0x4F,
    0xD4, 0x47, 0x21, 0xB5, 0xE9, 0xC8, 0x67, 0x1B, 0xAB, 0xC1, 0x34, 0x5E, 0xFB, 0xBE, 0xE9, 0x96,
    0xE7, 0xDE, 0x0A, 0xF1, 0x90, 0x0D, 0x66, 0x28, 0xBB, 0xBA, 0xAA, 0x6D, 0x5D, 0x95, 0x9D, 0xF1,
    0xFF, 0x8E, 0x07, 0xE0, 0xEE, 0x15, 0x50, 0xAB, 0x27, 0x91, 0x26, 0x32, 0x49, 0x14, 0xF3, 0x3F,
    0xA9, 0xF1, 0xB1, 0x65, 0x53, 0x56, 0xA7, 0x45, 0x17, 0xFE, 0x86, 0xD9, 0x66, 0xBA, 0x77, 0x49,
    0x26, 0xD8, 0xA9, 0x74, 0x06, 0xA2, 0x47, 0x2C, 0xFC, 0xE5, 0x8A, 0xF2, 0xA7, 0x8D, 0x51, 0x9B,
    0xC9, 0xFA, 0xE7, 0xB9, 0x6C, 0xA9, 0xD6, 0xFC, 0xB8, 0xFD, 0xA3, 0xC4, 0xB2, 0x9B, 0x8C, 0xA2,
    0x39, 0x52, 0x63, 0x26, 0x4C, 0x1B, 0x64, 0x22, 0xD6, 0xF2, 0xD0, 0x9B, 0x7E, 0x08, 0xC6, 0x62,
    0x46, 0x52, 0x35, 0xD4, 0x8B, 0xF8, 0x8E, 0x19, 0x97, 0x87, 0xDE, 0xE4, 0xE5, 0x38, 0xD8, 0x2B,
    0x33, 0xEE, 0x4C, 0x6A, 0xA9, 0x9F, 0xA9, 0xA3, 0xFE, 0x97, 0xDF, 0xF6, 0xA9, 0xBE, 0xFA, 0x76,
    0x30, 0xE3, 0xAA, 0x75, 0xC6, 0x66, 0xCD, 0x97, 0x3F, 0x24, 0xB3, 0x0F, 0xE0, 0xDA, 0x3B, 0xD6,
    0x7D, 0x31, 0xA4, 0xE3, 0x6A, 0x4C, 0xC7, 0x62, 0xA8, 0xFB, 0xBA, 0xB9, 0x26, 0x90, 0x4E, 0x14,
    0x3A, 0xFC, 0xC6, 0xAD, 0xB2, 0x19, 0x4E, 0x59, 0xF0, 0x2E, 0xE7, 0xFC, 0xD9, 0xF9, 0xCF, 0x8C,
    0x9C, 0x97, 0xBB, 0x3A, 0x4D, 0xD4, 0x64, 0x2F, 0xFA, 0xF4, 0xAB, 0x2E, 0xFA, 0xA5, 0xE5, 0x33,
    0x7F, 0xA5, 0xFA, 0x57, 0x75, 0x85, 0xA4, 0xD1, 0x44, 0x7A, 0xE8, 0xCE, 0x7D, 0xC8, 0xF9, 0x53,
    0x1F, 0xF4, 0x60, 0x51, 0x9F, 0x7E, 0x81, 0xF8, 0xD2, 0xF8, 0x5A, 0xE2, 0x42, 0x55, 0x89, 0xF5,
    0x50, 0x15, 0x90, 0x59, 0x0A, 0x30, 0x5E, 0xD4, 0x95, 0x6A, 0x6B, 0x35, 0x64, 0x5E, 0x2A, 0x72,
    0x3C, 0x65, 0x47, 0x20, 0x9D, 0xCD, 0x48, 0xA0, 0x70, 0xB9, 0x2C, 0x9E, 0x48, 0x43, 0xAA, 0x01,
    0x4F, 0xAE, 0x2E, 0x91, 0xBE, 0x81, 0x4F, 0xA4, 0x8A, 0x5A, 0x81, 0x19, 0x72, 0x05, 0x06, 0x88,
    0x15, 0xB0, 0x04, 0x9F, 0xE0, 0xEB, 0xF9, 0x58, 0x7A, 0xF4, 0xFF, 0xF4, 0x0E, 0xED, 0xE8, 0xDF,
    0xBC, 0xAF, 0x77, 0x9C, 0xBE, 0xCF, 0xEE, 0x53, 0xBE, 0xB4, 0x78, 0xE6, 0x48, 0x0A, 0x29, 0x93,
    0x79, 0xA5, 0x85, 0x97, 0xEB, 0xCF, 0x5D, 0xAE, 0x3D, 0xCE, 0x68, 0x4F, 0x5F, 0x7E, 0xC3, 0x9F,
    0xEC, 0xBF, 0x11, 0x2B, 0x88, 0x3E, 0x97, 0x66, 0x36, 0x2C, 0x1C, 0x6F, 0x4F, 0xF1, 0x44, 0x9B,
    0xDD, 0x9D, 0x23, 0x79, 0x2E, 0xF0, 0x04, 0xFF, 0x19, 0x48, 0x15, 0xE8, 0xA0, 0x54, 0x60, 0x22,
    0x5A, 0x5E, 0xB5, 0x7E, 0x22, 0x55, 0x2B, 0x4D, 0x78, 0x4A, 0xB5, 0x99, 0x2A, 0x3C, 0xB1, 0x06,
    0x33, 0x11, 0x28, 0x5D, 0xD9, 0x13, 0xC8, 0xA6, 0x63, 0x4B, 0x20, 0x3A, 0x63, 0xCF, 0x29, 0x37,
    0xFC, 0x9C, 0x1B, 0x4A, 0xD6, 0x7B, 0xEA, 0x56, 0x37, 0x8C, 0xBA, 0x61, 0xD2, 0x0D, 0x03, 0x7B,
    0xEA, 0x86, 0x3D, 0x5F, 0x70, 0xC3, 0xCF, 0x38, 0x84, 0x23, 0x75, 0xA9, 0x5C, 0xFC, 0x70, 0x82,
    0xEB, 0xE8, 0xC9, 0x9C, 0x6B, 0x36, 0xD5, 0x75, 0xC9, 0x5C, 0xFE, 0x72, 0x36, 0x9A, 0xB3, 0xE9,
    0x01, 0x3B, 0x22, 0x75, 0x78, 0x47, 0xF2, 0xF6, 0x1A, 0x53, 0x19, 0xCC, 0x6F, 0x6A, 0x8C, 0x84,
    0xF9, 0xFB, 0x35, 0xA6, 0x82, 0xA2, 0xFB, 0x1E, 0xA9, 0x66, 0x22, 0x4D, 0xEC, 0x30, 0x94, 0xF6,
    0x7B, 0x80, 0x79, 0xEB, 0xB5, 0x10, 0xAB, 0x25, 0x93, 0xA3, 0xF8, 0x7A, 0xC6, 0xD8, 0x92, 0x32,
    0xE8, 0x5D, 0xF3, 0xDA, 0x3F, 0x57, 0xB0, 0xC7, 0xEA, 0x60, 0x9F, 0xA9, 0x7C, 0xC7, 0x65, 0x6C,
    0x8D, 0xF9, 0x37, 0x51, 0x48, 0xA4, 0x73, 0xC1, 0x9E, 0xA8, 0x5E, 0x96, 0x65, 0xF1, 0xFC, 0xD2,
    0x54, 0x61, 0xF3, 0x13, 0x74, 0x45, 0xF1, 0xFC, 0x6F, 0x32, 0x0D, 0x21, 0xF1, 0x8E, 0xF2, 0x95,
    0xAC, 0xE6, 0x32, 0x97, 0xCC, 0x7F, 0xA8, 0xB4, 0x75, 0x49, 0x59, 0x07, 0xF1, 0x7D, 0xF3, 0xB5,
    0x72, 0x69, 0x35, 0x1B, 0x76, 0x18, 0x7B, 0xD0, 0x00, 0x53, 0x0C, 0x18, 0xCD, 0x98, 0xE7, 0xC2,
    0x54, 0xCB, 0x88, 0xDE, 0x7D, 0xB1, 0xF0, 0xB4, 0xEC, 0x76, 0x3F, 0xE4, 0xA0, 0x5F, 0xEB, 0x1F,
    0x47, 0x45, 0x73, 0xEC, 0x66, 0xA6, 0x45, 0xB9, 0xEF, 0x50, 0x80, 0x2B, 0x99, 0x84, 0x5E, 0x22,
    0xCB, 0xCC, 0x5B, 0x04, 0x4B, 0xD2, 0x90, 0x36, 0x14, 0xAA, 0x6A, 0x55, 0xF9, 0xBF, 0x93, 0x35,
    0xBF, 0x2F, 0xFF, 0x69, 0x33, 0x35, 0x37, 0xDF, 0x04, 0xC5, 0x6E, 0xB8, 0x55, 0x4D, 0xDE, 0x4C,
    0xDE, 0xEC, 0x48, 0xFF, 0x6B, 0x24, 0xF9, 0x6D, 0x4F, 0xFC, 0xBB, 0x9E, 0x48, 0x2D, 0xA8, 0x81,
    0xD2, 0x7A, 0x7B, 0xD1, 0x64, 0xBD, 0xB1, 0xC9, 0x38, 0x13, 0xC9, 0x41, 0xDD, 0x83, 0xE9, 0xA0,
    0x1E, 0x88, 0x66, 0x47, 0x32, 0x08, 0x6F, 0xAF, 0x8A, 0x26, 0x6F, 0xFF, 0x17, 0xED, 0xBD, 0x0B,
    0xA8, 0x24, 0xD9, 0x9D, 0xE6, 0x17, 0x99, 0x39, 0x5D, 0x39, 0x4C, 0xC2, 0xA4, 0x00, 0x97, 0x6C,
    0x77, 0xE3, 0x0D, 0x03, 0x06, 0x8C, 0x16, 0x3B, 0x79, 0x0C, 0xB0, 0x3C, 0x76, 0x23, 0x34, 0x83,
    0x2D, 0x60, 0x81, 0xA9, 0xC5, 0x7D, 0x7B, 0x6C, 0x0B, 0xE8, 0x05, 0xD6, 0x60, 0xBA, 0x61, 0x8B,
    0x87, 0x01, 0xB3, 0x2C, 0x44, 0xC8, 0xC3, 0xFB, 0xB5, 0x65, 0x18, 0x99, 0x87, 0x01, 0x0B, 0x68,
    0x41, 0x2B, 0x1B, 0xD0, 0x02, 0x0B, 0x2C, 0xD8, 0x56, 0x84, 0x34, 0x80, 0x81, 0x01, 0x26, 0x76,
    0x64, 0x31, 0xC0, 0x02, 0xCA, 0x1D, 0x95, 0xC0, 0x6A, 0x01, 0x0A, 0x59, 0xD1, 0xA3, 0xAC, 0xEA,
    0x88, 0xF8, 0x1C, 0xDF, 0xFF, 0xFB, 0xC7, 0xC9, 0x93, 0x55, 0xF7, 0xDE, 0xBA, 0xB7, 0xEB, 0xD1,
    0x52, 0xB9, 0x0F, 0x75, 0xE3, 0xFB, 0x9D, 0xAC, 0x88, 0x13, 0x27, 0xCE, 0x3B, 0xCE, 0x2B, 0xDE,
    0xB8, 0xB8, 0x97, 0x24, 0xC9, 0x06, 0xFD, 0x74, 0x5C, 0x00, 0xC9, 0x64, 0x0A, 0x94, 0xD3, 0x71,
    0x8B, 0x66, 0x3A, 0xAE, 0xD0, 0xF2, 0x27, 0x1C, 0x79, 0xDC, 0x0D, 0x3C, 0xFE, 0xDE, 0x77, 0x92,
    0x33, 0xB3, 0xA7, 0x29, 0x41, 0xD3, 0x5C, 0x7D, 0xE4, 0x39, 0x72, 0xFE, 0x46, 0x47, 0x9E, 0x9F,
    0x83, 0xE6, 0xEA, 0x23, 0xCF, 0xD1, 0xF9, 0xB7, 0x3A, 0x5E, 0x5C, 0x5C, 0xC8, 0x85, 0xE6, 0xFA,
    0x63, 0xF2, 0x4F, 0x92, 0xC5, 0x83, 0x64, 0x85, 0x7C, 0x77, 0x4C, 0x36, 0xA8, 0xB3, 0x21, 0xD9,
    0xA2, 0x2E, 0x46, 0x1D, 0xF5, 0x8B, 0xFD, 0x6F, 0x9F, 0x4C, 0x67, 0xDE, 0x79, 0x90, 0x04, 0xF3,
    0xDA, 0x87, 0xCC, 0xDE, 0xCC, 0x07, 0xBC, 0x84, 0xE6, 0x78, 0x33, 0xD8, 0xEF, 0x01, 0x5E, 0x35,
    0x99, 0x8A, 0x37, 0x7C, 0x1E, 0xF8, 0xBB, 0x18, 0x05, 0x00, 0xDA, 0x19, 0x86, 0x19, 0x90, 0xCF,
    0x50, 0xCF, 0x70, 0x20, 0x3C, 0x5C, 0x54, 0x68, 0xE5, 0xCE, 0x16, 0x9D, 0x60, 0x8D, 0xA3, 0x60,
    0x85, 0x5E, 0xB0, 0xBC, 0x1A, 0xC2, 0x39, 0xEB, 0x19, 0x52, 0xBF, 0x7C, 0x0F, 0x77, 0x19, 0x11,
    0xD4, 0x33, 0xE4, 0x0E, 0x43, 0xE2, 0x70, 0xD0, 0x83, 0xBC, 0xF9, 0x6D, 0x13, 0xE5, 0xC1, 0xCC,
    0x32, 0x9C, 0x9D, 0xBC, 0xC4, 0x10, 0xF2, 0xDE, 0x96, 0xCE, 0x24, 0x3B, 0x7B, 0xDE, 0xE2, 0xC8,
    0xE3, 0x7B, 0x71, 0x5A, 0xA3, 0xDD, 0x62, 0xA3, 0xB2, 0x60, 0xBE, 0xFA, 0xA8, 0x73, 0x78, 0xFE,
    0x6F, 0xCB, 0x31, 0x32, 0x15, 0xC6, 0x7C, 0x92, 0x14, 0xC0, 0xA3, 0x49, 0x41, 0x53, 0x26, 0x6B,
    0x8F, 0xEC, 0x9D, 0x29, 0x0B, 0x2E, 0xA5, 0x02, 0x60, 0xC8, 0xDF, 0xEF, 0x93, 0x95, 0xC5, 0xC0,
    0xFF, 0x90, 0xAC, 0x95, 0x58, 0x92, 0x2D, 0x8E, 0xAE, 0xAD, 0xE9, 0xCE, 0xA3, 0x21, 0x43, 0xFD,
    0x84, 0xFE, 0x68, 0xCA, 0x09, 0xEE, 0x1C, 0x6E, 0xAE, 0x19, 0xCA, 0x4B, 0xDD, 0xDB, 0xA1, 0x31,
    0x4D, 0x75, 0x5F, 0xA5, 0x3D, 0x2B, 0x74, 0x07, 0xD3, 0x15, 0x78, 0xE1, 0x1B, 0xC9, 0x92, 0x0F,
    0xF7, 0xC6, 0xF7, 0xFC, 0xF1, 0x46, 0x3A, 0x20, 0x4D, 0x5D, 0x57, 0x52, 0xDD, 0x91, 0xD7, 0xDE,
    0x99, 0xF4, 0x81, 0x52, 0x50, 0x9E, 0xCC, 0x66, 0x01, 0x3C, 0xE4, 0x4D, 0x81, 0x66, 0x42, 0xA0,
    0xB7, 0x60, 0x3A, 0x6E, 0x79, 0xEC, 0x2C, 0xA8, 0xDA, 0x0C, 0xDD, 0x1B, 0x55, 0xC3, 0x72, 0xFE,
    0x4E, 0x5D, 0x78, 0x99, 0x1F, 0x1F, 0x73, 0x25, 0x47, 0x3B, 0x1E, 0x15, 0xEE, 0x25, 0xFD, 0x4D,
    0xCB, 0x0A, 0x66, 0xA1, 0x63, 0xBC, 0x0B, 0xFD, 0xB3, 0x56, 0x5A, 0x2F, 0x80, 0x83, 0x59, 0x3A,
    0x73, 0xA4, 0x0F, 0xF5, 0xCA, 0xD2, 0x8E, 0x09, 0x06, 0x1D, 0x73, 0x3B, 0x1E, 0xED, 0x77, 0x34,
    0xC9, 0x16, 0x3D, 0x68, 0x3A, 0x3B, 0xB6, 0xCA, 0xB7, 0x0A, 0xD2, 0x02, 0xBC, 0xE5, 0x1D, 0xDD,
    0x71, 0x71, 0x71, 0x4F, 0x85, 0xC8, 0x8B, 0x30, 0xCB, 0x07, 0x8B, 0x07, 0xE9, 0x71, 0xDB, 0x67,
    0xFD, 0x6E, 0xC8, 0x86, 0x6C, 0xE4, 0x1F, 0x99, 0xBF, 0xF1, 0xFF, 0x9E, 0xC8, 0x60, 0x4A, 0x92,
    0xBF, 0x19, 0x7F, 0xF2, 0x90, 0xE8, 0xB7, 0xED, 0x00, 0x2B, 0x4D, 0x47, 0xA5, 0xFD, 0x0A, 0xE8,
    0x79, 0xE8, 0x78, 0x68, 0x79, 0xA8, 0x99, 0xD1, 0xAD, 0xA4, 0x66, 0x92, 0xF6, 0xB0, 0xA7, 0x21,
    0x85, 0xD2, 0xDD, 0x2D, 0xF8, 0x2C, 0x96, 0x71, 0xBF, 0x0F, 0x16, 0xA6, 0xCA, 0x9B, 0x58, 0x8E,
    0x57, 0x58, 0x16, 0xB2, 0x5C, 0xBC, 0x1D, 0x59, 0x80, 0x87, 0xB1, 0x05, 0x39, 0x2D, 0x9D, 0x5B,
    0xDA, 0xC8, 0xC2, 0x5B, 0x2C, 0x83, 0x65, 0x8C, 0x2D, 0x08, 0x16, 0x66, 0xA6, 0x72, 0xB2, 0xB4,
    0xBA, 0x69, 0x85, 0x3A, 0x59, 0xCD, 0x96, 0x2C, 0xB6, 0xA4, 0x68, 0x6E, 0x6A, 0x59, 0xE3, 0x40,
    0x8B, 0x8A, 0xA5, 0x8D, 0x2C, 0x72, 0x6D, 0x8B, 0x46, 0x16, 0x46, 0x44, 0x81, 0x9A, 0x70, 0xF1,
    0x2E, 0x50, 0x02, 0xB2, 0xD0, 0x50, 0x72, 0xB7, 0x0C, 0x94, 0xC4, 0x2D, 0x47, 0xD5, 0x6F, 0xB2,
    0x34, 0x93, 0x74, 0x6E, 0x19, 0x29, 0x8D, 0x2C, 0xE3, 0x94, 0xB1, 0xEE, 0x7E, 0xF0, 0x44, 0xD6,
    0x4A, 0xDE, 0xDC, 0x97, 0xA1, 0xD4, 0xDF, 0xA1, 0xFE, 0x8D, 0x61, 0x36, 0x88, 0xEE, 0xE3, 0x47,
    0xB9, 0xB1, 0x9B, 0x47, 0x11, 0xE3, 0x10, 0xF1, 0x10, 0x31, 0xF2, 0x88, 0xEB, 0x88, 0x0F, 0xB3,
    0xFB, 0x6C, 0x89, 0xCC, 0xCC, 0x0A, 0x21, 0xF0, 0x1A, 0xC7, 0xC0, 0x2B, 0xF4, 0xB7, 0xE2, 0x4D,
    0x74, 0xED, 0x2E, 0xB8, 0xF9, 0xA3, 0x77, 0x10, 0xEE, 0x15, 0xFC, 0xE0, 0x5C, 0x47, 0x9C, 0x9C,
    0xB8, 0x8F, 0xB8, 0x71, 0x56, 0xD2, 0xFE, 0xFC, 0x9B, 0x7E, 0x5F, 0xC6, 0x23, 0x01, 0x1F, 0xE5,
    0xC6, 0x4D, 0xBF, 0x47, 0x17, 0x98, 0x9B, 0x7E, 0x29, 0x3A, 0xC1, 0x66, 0x86, 0x15, 0x8E, 0xAF,
    0x16, 0x92, 0x85, 0x0A, 0x0D, 0x35, 0x49, 0x42, 0x53, 0x44, 0x55, 0x6F, 0xA8, 0x2A, 0x55, 0x0C,
    0xD0, 0xAC, 0x51, 0xFB, 0xE9, 0xDE, 0x6E, 0xFC, 0x50, 0xEA, 0x26, 0xCE, 0x4B, 0x5F, 0xD9, 0x97,
    0x5E, 0xDC, 0xE6, 0xD4, 0x05, 0xC6, 0xD0, 0x72, 0xF5, 0x67, 0xF6, 0x40, 0x38, 0x98, 0x66, 0xA8,
    0xA9, 0x3C, 0x9D, 0xCA, 0xD3, 0xA9, 0x3C, 0x9D, 0xBA, 0x51, 0xA0, 0xD9, 0xE9, 0x54, 0x9E, 0x4E,
    0xF5, 0x5B, 0x7C, 0x14, 0x02, 0xBE, 0x77, 0x6D, 0x9F, 0xD0, 0xA3, 0xEB, 0xE0, 0xE7, 0xC3, 0x34,
    0x01, 0x4A, 0x77, 0xAF, 0x31, 0xDD, 0xE9, 0x3E, 0x0C, 0x0F, 0xD3, 0x35, 0x06, 0xD3, 0x25, 0x60,
    0xCA, 0x0B, 0x4C, 0x0B, 0xA5, 0x47, 0x5E, 0x40, 0xE5, 0x05, 0x54, 0x5E, 0x40, 0xE5, 0x05, 0x54,
    0xBB, 0x80, 0xCA, 0x0B, 0xA8, 0xBA, 0x03, 0x5B, 0x75, 0x34, 0x38, 0x6F, 0x99, 0xE9, 0x31, 0xAD,
    0xDC, 0xEE, 0x75, 0x42, 0x31, 0x4A, 0x53, 0x8F, 0x8F, 0x95, 0x5F, 0x90, 0xEC, 0xCB, 0x2B, 0xC3,
    0xFD, 0x43, 0xBB, 0x4F, 0xE6, 0xF9, 0xB1, 0x72, 0x85, 0x74, 0xE9, 0xBA, 0x72, 0xDD, 0xB8, 0x6E,
    0x5D, 0x77, 0xAE, 0x99, 0x6B, 0x35, 0x98, 0x2E, 0xF0, 0x89, 0xE9, 0x0A, 0xBF, 0x34, 0x5D, 0xE3,
    0xAF, 0x4C, 0xB7, 0xF8, 0x81, 0x69, 0x8A, 0x3F, 0x34, 0xCD, 0xB0, 0x34, 0x2D, 0x06, 0x29, 0x7A,
    0xD3, 0x05, 0x3A, 0xD3, 0x15, 0x5A, 0xD3, 0x35, 0x1A, 0xD3, 0x2D, 0x6A, 0xD3, 0x14, 0xB9, 0x69,
    0x86, 0xC4, 0xB4, 0x18, 0xA4, 0x38, 0xBA, 0xB6, 0xAE, 0x07, 0xD7, 0xDA, 0xB5, 0x74, 0x4D, 0xA4,
    0xA3, 0x6B, 0xEF, 0x7A, 0x74, 0x6D, 0x4D, 0xA7, 0xBF, 0x46, 0xAF, 0x2E, 0x2B, 0xA6, 0x3A, 0x02,
    0xAB, 0x34, 0xA5, 0x6D, 0x0C, 0x6B, 0x05, 0x7E, 0xA5, 0xAC, 0xAA, 0x56, 0x6F, 0xAD, 0x58, 0xC1,
    0xA8, 0x68, 0xA9, 0x70, 0x48, 0x64, 0xEE, 0x49, 0x9E, 0x8E, 0x82, 0xD2, 0x8E, 0xDE, 0xE6, 0xC6,
    0xE8, 0x51, 0x0B, 0xBE, 0xB4, 0xCB, 0x17, 0xCA, 0xEE, 0x2B, 0x74, 0xCA, 0x82, 0x6B, 0x3D, 0x1B,
    0x63, 0xE0, 0xC0, 0x0B, 0x08, 0xF5, 0x5C, 0x31, 0xD6, 0xCA, 0x89, 0x19, 0x72, 0xB5, 0xEA, 0x0B,
    0x30, 0x2D, 0x30, 0xAB, 0x0C, 0x89, 0xAE, 0xE0, 0x95, 0x74, 0x63, 0x01, 0x3D, 0x57, 0xA7, 0x97,
    0xB5, 0xC9, 0x2A, 0x48, 0xD0, 0x6F, 0x94, 0xB8, 0xAA, 0xD1, 0x1C, 0xA6, 0x43, 0x29, 0x4A, 0xA5,
    0xBA, 0x02, 0xCA, 0xCE, 0x7A, 0x40, 0xA5, 0x06, 0x4F, 0x67, 0x0E, 0x4B, 0xA0, 0xF3, 0x24, 0xE9,
    0x69, 0xF3, 0xF4, 0xD6, 0x58, 0xC8, 0x3D, 0x65, 0x0A, 0x3F, 0x99, 0xB2, 0xC8, 0x53, 0xB9, 0xB7,
    0x52, 0x86, 0x14, 0xB4, 0x33, 0x34, 0x33, 0xE4, 0x82, 0x50, 0xC6, 0xA0, 0x91, 0x73, 0x77, 0xDF,
    0x8E, 0xD2, 0xF3, 0xEF, 0xED, 0xBF, 0x55, 0x41, 0x2F, 0x4B, 0xAF, 0xAD, 0xB2, 0x7E, 0x7F, 0x97,
    0x4A, 0x73, 0x73, 0x0D, 0x2F, 0x34, 0xB7, 0xD6, 0x44, 0xC5, 0x3E, 0x13, 0x7B, 0x2B, 0x88, 0xA2,
    0xD9, 0x4F, 0x15, 0x44, 0x11, 0xB4, 0x06, 0xE0, 0xA9, 0xE4, 0x17, 0x82, 0x2D, 0x7E, 0xAC, 0x98,
    0x4F, 0xF1, 0x2F, 0x50, 0x2B, 0x49, 0xFD, 0x43, 0x41, 0x86, 0xB5, 0x92, 0x49, 0x81, 0x39, 0x21,
    0x8E, 0xAB, 0x39, 0xA7, 0x2D, 0x71, 0x54, 0x21, 0xA7, 0x72, 0x8E, 0xF9, 0xC0, 0xEE, 0xC1, 0x13,
    0xAA, 0xD1, 0xCB, 0xC1, 0x02, 0x4A, 0xE2, 0x4C, 0xFD, 0x84, 0x46, 0xF9, 0x81, 0x87, 0x94, 0x90,
    0x01, 0x4A, 0x4C, 0x05, 0x55, 0xE5, 0xB6, 0x20, 0xD4, 0xF7, 0x0B, 0x01, 0x33, 0xBE, 0xC3, 0x8A,
    0x0D, 0xEF, 0x3D, 0x46, 0x75, 0xB7, 0x24, 0x00, 0x73, 0xA3, 0x41, 0xAE, 0xB7, 0xF1, 0x02, 0x65,
    0x8A, 0x83, 0x5E, 0x9A, 0xE7, 0x37, 0xCF, 0x46, 0x99, 0x39, 0xC5, 0x61, 0xEE, 0x91, 0x6C, 0x81,
    0xDC, 0xA0, 0xB3, 0xD7, 0x82, 0xEF, 0xE8, 0xD6, 0xE3, 0x33, 0x44, 0x67, 0x2A, 0xE8, 0x6E, 0x23,
    0xC0, 0x07, 0x12, 0x94, 0x92, 0x4E, 0x32, 0x48, 0x90, 0x4B, 0xD8, 0x86, 0xFA, 0x32, 0xD0, 0xA8,
    0xF8, 0x3E, 0x50, 0x52, 0x25, 0xB2, 0xAD, 0x64, 0x73, 0x26, 0x5B, 0x49, 0x2A, 0x29, 0x78, 0xC1,
    0xC5, 0x9F, 0x84, 0x56, 0x62, 0x29, 0xD1, 0x1D, 0x7A, 0x49, 0x2B, 0xC9, 0x4D, 0x1E, 0xA8, 0x0D,
    0x76, 0x6F, 0xEE, 0x04, 0x91, 0x1C, 0x25, 0x70, 0x29, 0x25, 0x35, 0x70, 0xF1, 0x0E, 0x70, 0x50,
    0x03, 0xBF, 0xA5, 0xA4, 0x92, 0xED, 0x13, 0x72, 0xF0, 0xB7, 0x03, 0x4A, 0x61, 0xD7, 0x7D, 0x7D,
    0x76, 0xAC, 0x97, 0x1C, 0xCE, 0xEE, 0x37, 0x48, 0x50, 0xEA, 0x0E, 0x0D, 0x54, 0x25, 0x43, 0x2D,
    0x0C, 0xA8, 0x5F, 0x0D, 0x6A, 0x77, 0x44, 0xB2, 0x96, 0x6C, 0x70, 0xD4, 0xFD, 0x78, 0x26, 0x5B,
    0xC2, 0xD0, 0x2D, 0x24, 0xB5, 0xE4, 0xEC, 0xEE, 0x8D, 0xC9, 0xC3, 0xD7, 0xB9, 0xAF, 0xEB, 0xCD,
    0x3D, 0xCD, 0x83, 0x53, 0x33, 0xFD, 0x0A, 0xCA, 0x2E, 0xA5, 0xFD, 0xFE, 0xBB, 0x22, 0x45, 0xE7,
    0x67, 0xA3, 0xF1, 0x69, 0x2A, 0x2E, 0xA3, 0x61, 0xA6, 0xEA, 0x12, 0x42, 0x7F, 0x0D, 0x2D, 0x70,
    0x74, 0x5A, 0xA2, 0x73, 0x62, 0x39, 0x25, 0x5A, 0x3B, 0xA9, 0xD8, 0x11, 0x65, 0xA8, 0x45, 0x77,
    0x2B, 0x7C, 0x93, 0xC5, 0xF5, 0x4F, 0xEF, 0x55, 0x70, 0xD3, 0x7D, 0x16, 0x52, 0xE1, 0xFA, 0x7C,
    0x74, 0xF7, 0x82, 0xC0, 0x1E, 0xA9, 0xD7, 0xB5, 0x8B, 0xFF, 0xF7, 0x98, 0x12, 0xBF, 0xB2, 0xCF,
    0x59, 0xDA, 0xB0, 0xE4, 0x52, 0x3B, 0x68, 0x81, 0x91, 0x59, 0x59, 0x16, 0xC2, 0x02, 0x83, 0x2C,
    0xFE, 0xA2, 0x20, 0x4B, 0xEA, 0x11, 0x47, 0x0B, 0x55, 0x1D, 0x0F, 0xB4, 0x54, 0x50, 0x2D, 0x43,
    0x0B, 0x1D, 0xB3, 0x4A, 0x88, 0x16, 0x73, 0x95, 0xCE, 0xD1, 0xB2, 0xF1, 0x0A, 0x0B, 0xB4, 0x28,
    0x05, 0x91, 0xF8, 0x8F, 0x8E, 0x99, 0x73, 0x93, 0xA5, 0x42, 0xEE, 0xDD, 0xB9, 0x93, 0x05, 0xA3,
    0x47, 0xCE, 0x58, 0xE1, 0xE7, 0xE8, 0x15, 0x3F, 0x1E, 0xE9, 0x71, 0x47, 0xD0, 0x41, 0x96, 0x4A,
    0x96, 0xF8, 0xB4, 0x56, 0x0E, 0xC8, 0x22, 0x07, 0x36, 0x72, 0x6D, 0x48, 0xC2, 0x7D, 0xBE, 0xA1,
    0x80, 0x64, 0x41, 0x4F, 0x1F, 0xC8, 0x3B, 0x93, 0x98, 0xDF, 0x9A, 0x93, 0xAF, 0x53, 0xB4, 0xF2,
    0x8D, 0x1E, 0xE1, 0x98, 0x58, 0xE1, 0xA7, 0x27, 0x1D, 0x54, 0x85, 0xD1, 0xB2, 0x04, 0xE4, 0x18,
    0x2D, 0x6A, 0xCF, 0x15, 0x1E, 0x6E, 0x85, 0x7A, 0x63, 0x72, 0xB3, 0xEC, 0xAC, 0xB5, 0xEA, 0xC1,
    0x4B, 0xE7, 0xD6, 0x1E, 0x0B, 0x06, 0xE6, 0xBE, 0xA2, 0x04, 0x3C, 0x55, 0x16, 0x5E, 0x4C, 0x47,
    0x64, 0x31, 0xAF, 0xCA, 0xBC, 0x6F, 0xB5, 0xC8, 0x5B, 0xDE, 0x35, 0x43, 0x53, 0xCF, 0x15, 0x4D,
    0xA6, 0x67, 0xDF, 0xA9, 0x8C, 0x4F, 0x1F, 0xF1, 0xAC, 0xE4, 0xF7, 0x2D, 0x88, 0xE2, 0xBA, 0xB1,
    0x38, 0x93, 0x6A, 0x3C, 0xBD, 0xB3, 0xCA, 0x63, 0x77, 0xD9, 0xE5, 0xA0, 0x16, 0x42, 0x6D, 0xF2,
    0x28, 0x31, 0x79, 0x28, 0x41, 0x29, 0xE9, 0x98, 0xC4, 0x30, 0x5F, 0x07, 0xB9, 0x82, 0xDC, 0xA3,
    0x5B, 0xA2, 0xE6, 0x8D, 0x24, 0x0B, 0x72, 0x4F, 0xAD, 0xDF, 0xEF, 0xE5, 0x6C, 0x3A, 0xE7, 0x97,
    0xD4, 0x99, 0x9D, 0xA4, 0x31, 0x19, 0xD5, 0x53, 0x7E, 0xD0, 0x8B, 0xF7, 0xB3, 0xDF, 0xD8, 0xBE,
    0x78, 0x63, 0xDB, 0xD2, 0x79, 0x2B, 0x82, 0xF3, 0x95, 0xB4, 0xB6, 0x3E, 0x88, 0x35, 0x0E, 0x29,
    0x75, 0x05, 0x28, 0xA2, 0x14, 0xBA, 0x16, 0x0A, 0x1D, 0xF5, 0xCE, 0xFC, 0x4E, 0xF2, 0x46, 0x9E,
    0xDC, 0xF6, 0x4D, 0xF9, 0x8B, 0x70, 0x7F, 0x56, 0x0F, 0xCE, 0x17, 0x3D, 0x38, 0x7B, 0x33, 0x73,
    0x07, 0x34, 0x6E, 0x04, 0xEA, 0xF6, 0xAF, 0x0C, 0x7A, 0xBA, 0x17, 0xC1, 0xE2, 0x04, 0xC7, 0xAB,
    0x60, 0x79, 0x09, 0x74, 0x57, 0xC1, 0xEA, 0x04, 0xED, 0xCD, 0x61, 0x7D, 0x82, 0x83, 0x60, 0x33,
    0xC3, 0x16, 0x8D, 0x20, 0x75, 0xC8, 0x2B, 0xD4, 0x06, 0x2A, 0x48, 0x05, 0xF9, 0x0C, 0x89, 0xC3,
    0x30, 0x43, 0x37, 0x43, 0x2D, 0xF8, 0xF2, 0x07, 0x21, 0x33, 0x7E, 0x48, 0xB1, 0xA6, 0x72, 0x4F,
    0x62, 0xD3, 0xD9, 0xAE, 0x5B, 0x90, 0xCC, 0xA9, 0x65, 0xA0, 0x95, 0x28, 0x67, 0x44, 0x91, 0x78,
    0xEB, 0x8D, 0x91, 0x1A, 0x68, 0x24, 0x7A, 0x30, 0x1D, 0x27, 0x1A, 0xE9, 0xF9, 0xDD, 0x30, 0x51,
    0x6F, 0xB5, 0x51, 0x4F, 0xB2, 0x80, 0x39, 0x92, 0x2A, 0x26, 0x91, 0x8E, 0x54, 0x70, 0xA0, 0xE5,
    0x97, 0xA4, 0x8C, 0x8D, 0x89, 0x7F, 0x47, 0xDA, 0x8D, 0xC9, 0x12, 0xFF, 0x86, 0x94, 0x32, 0x19,
    0x7F, 0x9F, 0xB4, 0x65, 0x82, 0xFA, 0x86, 0x28, 0xDF, 0xE0, 0xAB, 0x13, 0x0D, 0x6B, 0x56, 0xAC,
    0x0B, 0xD2, 0x0A, 0x75, 0x3A, 0x3A, 0x35, 0xBB, 0xC1, 0x68, 0x89, 0x43, 0xD6, 0x1B, 0x25, 0x68,
    0x8B, 0xA3, 0x53, 0x57, 0x75, 0xA2, 0xEA, 0x88, 0x56, 0x54, 0xF4, 0x38, 0x88, 0x32, 0xA0, 0x11,
    0xED, 0x80, 0x5A, 0x94, 0x02, 0xA5, 0x68, 0x0B, 0xE4, 0x81, 0x12, 0xD1, 0x1A, 0xA3, 0xD3, 0x0A,
    0x43, 0xA0, 0x5E, 0xC4, 0xE4, 0x42, 0xB2, 0x4C, 0x7D, 0x47, 0xDD, 0x29, 0xCC, 0x8E, 0x2F, 0x5F,
    0xF7, 0x7C, 0x1B, 0xB8, 0x45, 0xB7, 0x86, 0xCE, 0xD7, 0xF5, 0xAF, 0x5E, 0x93, 0x93, 0x59, 0x54,
    0x78, 0x64, 0xB0, 0xF3, 0xEA, 0x7A, 0x39, 0x8F, 0x78, 0x6F, 0x09, 0xEA, 0x7E, 0x78, 0xBA, 0xB3,
    0xE1, 0xD1, 0xA2, 0x02, 0x03, 0xDE, 0xDA, 0xA1, 0xD0, 0xB8, 0xFA, 0xC2, 0xBA, 0x16, 0x54, 0x78,
    0xD5, 0x6A, 0x8D, 0x65, 0xA8, 0x77, 0xFE, 0x32, 0xD5, 0xA8, 0xB1, 0x96, 0xB2, 0x15, 0x57, 0xAB,
    0x6D, 0x17, 0xA0, 0x40, 0x79, 0x29, 0x6C, 0xAE, 0x06, 0x5D, 0xFE, 0x34, 0xE8, 0x16, 0xF3, 0x4D,
    0x0F, 0xC1, 0x1B, 0x5B, 0x74, 0xF2, 0xD8, 0xEC, 0xD5, 0x72, 0x05, 0xCB, 0xFC, 0x56, 0x5E, 0x3E,
    0x4C, 0xEE, 0x63, 0x98, 0x1F, 0xB0, 0x0F, 0x8F, 0x1C, 0x02, 0x21, 0x9A, 0x08, 0x90, 0x14, 0x38,
    0x55, 0xBC, 0x63, 0xAE, 0x9A, 0xF7, 0xBF, 0xCB, 0x2D, 0x77, 0x9B, 0x79, 0xE0, 0xB1, 0x7C, 0x78,
    0x96, 0x2A, 0x15, 0x50, 0xE9, 0xFB, 0xD7, 0x5F, 0xAD, 0x53, 0x48, 0x81, 0x7C, 0x94, 0xA0, 0x94,
    0xB4, 0x92, 0x5E, 0x32, 0x4E, 0xB2, 0x67, 0x11, 0xA8, 0xB8, 0xC9, 0x55, 0x9D, 0x95, 0x3E, 0x66,
    0xFA, 0x2C, 0x29, 0x74, 0xA6, 0xAE, 0x5B, 0x03, 0xC1, 0xCD, 0xE8, 0x0E, 0x9D, 0xA4, 0x31, 0xF1,
    0x16, 0xF9, 0x81, 0xB2, 0xFF, 0x33, 0x7F, 0x71, 0x7B, 0xC1, 0x72, 0xF5, 0xC4, 0x9A, 0x85, 0x57,
    0x98, 0x1B, 0x53, 0x65, 0x43, 0x26, 0xC5, 0xC2, 0x53, 0x22, 0xD3, 0xD8, 0xFD, 0x63, 0xB2, 0xB2,
    0x92, 0xFE, 0x5F, 0x86, 0x36, 0xFB, 0x16, 0xBD, 0x6B, 0x47, 0x51, 0x4D, 0xAD, 0x2E, 0x3C, 0xD7,
    0xFA, 0x4C, 0x8B, 0xA0, 0xE5, 0x8D, 0x34, 0xBE, 0x3E, 0x76, 0x57, 0x19, 0x2B, 0x9E, 0x58, 0x73,
    0x9C, 0x5F, 0xDB, 0xA2, 0x89, 0x35, 0xBF, 0xAB, 0x89, 0x35, 0x77, 0xE8, 0xFF, 0x90, 0xA3, 0xA4,
    0xA9, 0xEB, 0x4A, 0xCA, 0x3B, 0x4A, 0xE3, 0x89, 0x35, 0x6C, 0x91, 0x99, 0xC9, 0x60, 0xE6, 0x3A,
    0xF9, 0xCA, 0x94, 0x85, 0x1E, 0x73, 0xBA, 0xC2, 0x9A, 0x41, 0xF1, 0x3A, 0xC8, 0x17, 0x23, 0x2B,
    0x2F, 0x6E, 0x64, 0x45, 0x7C, 0x11, 0x30, 0xC3, 0x4D, 0x71, 0xE1, 0x5D, 0xBF, 0x9E, 0x44, 0x75,
    0xA7, 0x35, 0x41, 0x4F, 0xB3, 0x13, 0x8E, 0xA1, 0x67, 0x43, 0x2F, 0x1E, 0x6E, 0x0E, 0x3C, 0xF5,
    0x41, 0x86, 0x45, 0x85, 0x2E, 0xD9, 0x5A, 0x1F, 0xCB, 0x24, 0x3D, 0xF3, 0x0D, 0x71, 0x85, 0x81,
    0x91, 0x4A, 0x64, 0x74, 0xA9, 0xE3, 0xC6, 0x1B, 0xF7, 0xA5, 0x61, 0x41, 0xCC, 0x9F, 0x40, 0xEA,
    0x25, 0x58, 0xC4, 0x97, 0x05, 0xC7, 0x00, 0xDD, 0x42, 0x2F, 0x28, 0xD1, 0x8D, 0xDD, 0x3B, 0x29,
    0x7A, 0x2B, 0x56, 0x32, 0xBC, 0x01, 0x74, 0xB1, 0xD7, 0xA3, 0x07, 0x8A, 0x1F, 0x73, 0x15, 0xF5,
    0xED, 0xDC, 0x27, 0xA9, 0xF6, 0x5B, 0x4C, 0x3C, 0xDE, 0xBB, 0x75, 0xF8, 0x32, 0x8F, 0xBB, 0x94,
    0xD6, 0x26, 0x36, 0x2F, 0x9A, 0x5F, 0xB7, 0x4A, 0xDC, 0xBD, 0xFD, 0x59, 0x52, 0x5F, 0x2A, 0x4D,
    0xB7, 0x67, 0x69, 0xBA, 0x56, 0x69, 0xC5, 0x87, 0x84, 0x8F, 0x2F, 0x2D, 0x2C, 0x1D, 0xAC, 0x99,
    0x70, 0x35, 0xE6, 0xD9, 0x7B, 0x6B, 0x07, 0xD8, 0x2A, 0x65, 0x14, 0x28, 0xE6, 0x14, 0x8C, 0x27,
    0x12, 0xEE, 0x3A, 0x4A, 0xB8, 0x21, 0xBD, 0x1E, 0x3C, 0x5D, 0x39, 0x68, 0xAA, 0x9D, 0xAE, 0xD2,
    0xC9, 0xBB, 0xF9, 0xF2, 0x62, 0x4E, 0x8D, 0x40, 0x86, 0x5A, 0x77, 0x4F, 0x71, 0x50, 0x87, 0xDB,
    0x16, 0x9D, 0x7C, 0xC8, 0x47, 0x32, 0x3F, 0xF3, 0x91, 0x94, 0x21, 0xFD, 0xC5, 0x49, 0x8F, 0xB4,
    0xC0, 0xA0, 0x52, 0xD6, 0x4E, 0xE4, 0x65, 0x1B, 0x74, 0xEA, 0xE3, 0x31, 0xC7, 0x56, 0x4A, 0x2E,
    0xEA, 0xB6, 0xA9, 0x90, 0xAB, 0x51, 0xE3, 0xE3, 0x87, 0x0F, 0x92, 0xB9, 0xAE, 0xFD, 0xFF, 0x27,
    0x5C, 0x9C, 0xF7, 0x56, 0x77, 0xB7, 0x82, 0x44, 0x71, 0xFF, 0x1C, 0xA0, 0xFE, 0x69, 0xEF, 0x51,
    0xC8, 0xBD, 0xC7, 0xE5, 0x85, 0x6B, 0x11, 0x34, 0x77, 0x2D, 0x4D, 0x99, 0x2A, 0xA4, 0x9D, 0x35,
    0xC5, 0x77, 0xC0, 0xC7, 0xB0, 0x26, 0x39, 0x40, 0xDD, 0xB8, 0x2E, 0x5D, 0x93, 0x4A, 0x6A, 0x83,
    0xFE, 0xE6, 0xD8, 0x97, 0xBF, 0x63, 0x45, 0x0A, 0xCD, 0x4B, 0x54, 0xD6, 0xD5, 0xCB, 0xFD, 0x07,
    0x36, 0x07, 0x0D, 0x50, 0xD8, 0x31, 0x4B, 0x7F, 0xC1, 0x2F, 0x82, 0x2F, 0xA6, 0x91, 0xCD, 0x47,
    0x9C, 0x43, 0x57, 0x23, 0x98, 0xE7, 0x63, 0xC5, 0xD7, 0xB7, 0x34, 0x36, 0xA1, 0x21, 0x45, 0x75,
    0x77, 0xBF, 0x6C, 0xCB, 0x17, 0x96, 0x8B, 0x8B, 0xAF, 0xE3, 0x93, 0x8B, 0x8B, 0x02, 0x3F, 0xCA,
    0x11, 0x99, 0xE6, 0xB9, 0x2D, 0x49, 0x30, 0xDB, 0x97, 0x69, 0xA9, 0xD5, 0x73, 0xE8, 0x2F, 0x7D,
    0xE5, 0x4D, 0x61, 0xBF, 0xAF, 0x04, 0x0A, 0x87, 0xCF, 0x02, 0xC0, 0x43, 0x81, 0x9E, 0x56, 0x70,
    0x9C, 0x61, 0x14, 0xE8, 0x7E, 0x82, 0xDA, 0x2E, 0xBF, 0x03, 0x1C, 0x0C, 0x4E, 0x63, 0x3A, 0xDB,
    0x19, 0x36, 0xE8, 0x04, 0xEB, 0xAB, 0x41, 0xE7, 0xC4, 0x57, 0x65, 0x82, 0x6F, 0xFE, 0x89, 0xBB,
    0xAC, 0x7B, 0x39, 0xE4, 0x4F, 0xFA, 0xA7, 0x9B, 0xA1, 0x74, 0xF8, 0x40, 0x3D, 0xF8, 0xAA, 0xDD,
    0x2B, 0x78, 0xB8, 0x1E, 0x5E, 0x0D, 0x5D, 0xBC, 0xED, 0x24, 0x9F, 0x39, 0xA1, 0x0C, 0xD4, 0x06,
    0xEA, 0x03, 0xE1, 0x44, 0xA5, 0xDC, 0x5B, 0x02, 0x35, 0x49, 0x3D, 0xD1, 0x4E, 0x3B, 0x1C, 0x9C,
    0xB6, 0x37, 0xA4, 0x34, 0x50, 0x16, 0x5C, 0xA9, 0xE4, 0x32, 0xE7, 0x4E, 0x88, 0x14, 0xAC, 0x33,
    0x8D, 0x97, 0xF8, 0xEF, 0x30, 0xD3, 0x98, 0xCC, 0xF4, 0xC0, 0xC8, 0xC3, 0xB9, 0xC2, 0x4B, 0x10,
    0xA5, 0xC7, 0x6B, 0x26, 0xB6, 0x98, 0xA8, 0xFB, 0xFD, 0x0E, 0x50, 0x7B, 0x58, 0xF9, 0x63, 0x2B,
    0x1C, 0xDA, 0x67, 0xC9, 0x6E, 0x0E, 0x93, 0x46, 0x01, 0x72, 0xF3, 0xF9, 0x2D, 0xC1, 0xFC, 0xDD,
    0x30, 0x4E, 0x39, 0x84, 0x69, 0xE5, 0xEE, 0x5D, 0x4F, 0xA8, 0x3B, 0x0F, 0xE1, 0x31, 0x7F, 0x8B,
    0x41, 0x6E, 0x9D, 0xE0, 0x87, 0xA8, 0x47, 0x60, 0x83, 0x23, 0x45, 0xCD, 0xDC, 0x64, 0x29, 0xB1,
    0x46, 0xAD, 0x5E, 0x65, 0xEF, 0x4E, 0x6D, 0x34, 0x5F, 0x66, 0x72, 0x33, 0xA1, 0x99, 0x65, 0x94,
    0x63, 0x26, 0x4B, 0x0C, 0xE1, 0x46, 0xE1, 0xB6, 0x29, 0xBA, 0x2F, 0x4D, 0x52, 0xA0, 0x2D, 0x1E,
    0xB0, 0xAD, 0xDE, 0xC8, 0x91, 0x32, 0x76, 0xF2, 0x28, 0x39, 0x24, 0x99, 0xAF, 0x02, 0xA0, 0x45,
    0x4D, 0xB7, 0xCB, 0xC6, 0xCE, 0x54, 0x24, 0x28, 0x26, 0x79, 0x61, 0x2E, 0x5E, 0x99, 0x1B, 0xE2,
    0x2D, 0xB9, 0x17, 0x2B, 0x63, 0x8B, 0x49, 0x8A, 0x70, 0x7B, 0x81, 0xB8, 0xA3, 0xD0, 0xB4, 0x26,
    0x3C, 0xCB, 0x05, 0xB2, 0xF9, 0x7B, 0x6B, 0xA9, 0x41, 0x65, 0xC6, 0xDA, 0xA2, 0x48, 0x23, 0x0F,
    0x2B, 0xF1, 0x0E, 0xB5, 0x1E, 0x57, 0x1C, 0xC6, 0xA7, 0x54, 0xDC, 0x19, 0x6B, 0xA8, 0x25, 0x99,
    0x63, 0x39, 0x66, 0xA5, 0xBF, 0x1B, 0x72, 0x70, 0x47, 0xEE, 0xC7, 0x5C, 0x8A, 0xE5, 0x07, 0xDD,
    0x57, 0xAC, 0xE8, 0x3D, 0xF7, 0x73, 0xFC, 0x2C, 0x2A, 0x14, 0xFD, 0x19, 0x57, 0x18, 0xF4, 0xEC,
    0x0A, 0x93, 0x07, 0x7C, 0xC3, 0x8A, 0xC2, 0xAA, 0x36, 0x2E, 0xA2, 0x30, 0x4C, 0x89, 0x83, 0x78,
    0x4D, 0x6E, 0xC5, 0xE6, 0xF1, 0xD2, 0x79, 0x03, 0x74, 0x4F, 0xBF, 0xED, 0xBF, 0xA7, 0xCA, 0x67,
    0x37, 0xBF, 0x9A, 0x4B, 0xB7, 0xAE, 0x99, 0x6B, 0xE5, 0x0A, 0x3C, 0x66, 0xB5, 0xB3, 0x20, 0xDB,
    0x34, 0x81, 0x31, 0xF1, 0x59, 0x12, 0xD7, 0xEA, 0xD2, 0x75, 0xE1, 0xE7, 0x27, 0xBA, 0x9E, 0xEE,
    0x3E, 0xBE, 0x28, 0xC8, 0xD1, 0x7D, 0x63, 0x7F, 0x24, 0x85, 0xEB, 0xCE, 0x35, 0x73, 0x05, 0x72,
    0x4D, 0xFC, 0x40, 0x98, 0xF3, 0xE1, 0x53, 0x10, 0xA8, 0x7A, 0x91, 0x37, 0x77, 0x1B, 0xDD, 0x87,
    0x6C, 0xFE, 0x76, 0x7F, 0x0D, 0xA6, 0x4C, 0x58, 0x61, 0x56, 0xC4, 0x3C, 0x55, 0xC2, 0xE7, 0x4F,
    0x28, 0x36, 0xFF, 0xDB, 0xF1, 0xCF, 0x12, 0xDD, 0xBD, 0x54, 0x6A, 0xEE, 0x24, 0xBD, 0xF7, 0x49,
    0x86, 0xE5, 0x34, 0xDF, 0xCB, 0x6D, 0xF6, 0xF6, 0x97, 0x42, 0x6F, 0x60, 0x2A, 0x51, 0x65, 0x2F,
    0x79, 0x1F, 0x98, 0x24, 0x85, 0x09, 0x4C, 0x56, 0x92, 0x2D, 0xF0, 0x9D, 0xFB, 0x68, 0x52, 0x74,
    0x3C, 0x73, 0x87, 0x86, 0x42, 0x87, 0x34, 0xA3, 0x84, 0x42, 0x5B, 0x26, 0xA9, 0x28, 0x1D, 0x73,
    0xEE, 0x2E, 0x5C, 0x8E, 0x4F, 0xD1, 0x30, 0xEA, 0x7F, 0xA8, 0xD5, 0x75, 0x4B, 0x9B, 0x1F, 0x79,
    0x4C, 0x26, 0x59, 0x9C, 0x3A, 0x76, 0xBE, 0x6C, 0x5D, 0x87, 0x95, 0x46, 0xD0, 0x34, 0x38, 0x47,
    0xA1, 0x85, 0xB2, 0xF5, 0x48, 0x97, 0x80, 0x3D, 0x16, 0xEA, 0xF7, 0x4F, 0x94, 0x1D, 0xD5, 0xCD,
    0x70, 0x7A, 0xA8, 0xD0, 0xBB, 0x95, 0x14, 0x23, 0x3B, 0x59, 0x2C, 0x85, 0x65, 0xE3, 0x8E, 0x69,
    0xB1, 0x18, 0x2A, 0xBA, 0x59, 0xC4, 0x4B, 0x4D, 0x0E, 0x95, 0x95, 0x2B, 0x6D, 0x85, 0x83, 0xD6,
    0x96, 0x68, 0x59, 0x89, 0xE2, 0xAF, 0xA2, 0x3F, 0x28, 0x49, 0x24, 0xC5, 0x99, 0x64, 0x3A, 0x45,
    0x11, 0x7E, 0xD4, 0x2A, 0x93, 0x8E, 0x19, 0x6A, 0x83, 0x76, 0x72, 0x8F, 0x65, 0xFB, 0x1A, 0xF8,
    0x5F, 0x80, 0x7A, 0x15, 0xD2, 0x6B, 0x58, 0xB0, 0x78, 0xA4, 0xEF, 0xD5, 0xCE, 0xA9, 0x30, 0xE8,
    0x35, 0x34, 0x67, 0x46, 0xB0, 0x12, 0x8D, 0xFE, 0x7C, 0x24, 0x41, 0x23, 0x39, 0x4A, 0x06, 0xC9,
    0x38, 0x09, 0x03, 0x83, 0x92, 0x54, 0x92, 0x22, 0xB6, 0x2D, 0xEC, 0xCC, 0xA9, 0x9F, 0xF5, 0x18,
    0xBB, 0x32, 0x9C, 0xBB, 0xD9, 0x4F, 0xF2, 0xCD, 0xAF, 0x07, 0x57, 0xF2, 0x42, 0xE9, 0x51, 0x52,
    0x47, 0x52, 0xA0, 0xE4, 0x98, 0x68, 0x08, 0xC1, 0x33, 0xBF, 0x74, 0x92, 0x92, 0xC2, 0xD8, 0xB9,
    0x98, 0xCC, 0xDB, 0xE6, 0xFC, 0xA5, 0x07, 0x2E, 0x71, 0xB1, 0x27, 0x7E, 0x15, 0x87, 0x64, 0x61,
    0xBE, 0xF1, 0x72, 0x68, 0xBC, 0x89, 0xFE, 0xF4, 0x82, 0xBA, 0x41, 0x9D, 0xDC, 0x44, 0xB7, 0x57,
    0x6A, 0x79, 0xA6, 0x29, 0x72, 0x2A, 0x53, 0xA7, 0x69, 0xE6, 0x5A, 0x8D, 0x52, 0xF4, 0xA6, 0x1F,
    0x69, 0xE9, 0xDD, 0x87, 0x90, 0x19, 0x9E, 0xA5, 0xAA, 0x49, 0xAB, 0x5B, 0x6B, 0x92, 0xBC, 0x39,
    0xE6, 0xCA, 0x77, 0x83, 0x97, 0x28, 0xBE, 0x76, 0xAD, 0x9D, 0x4B, 0x94, 0x0D, 0xF0, 0x91, 0x3A,
    0xF6, 0xBC, 0xD2, 0x60, 0xD2, 0x50, 0xEE, 0xAF, 0x35, 0xE2, 0xCE, 0x26, 0x8F, 0x84, 0xA6, 0xC1,
    0xB5, 0xC2, 0x78, 0xC8, 0xE3, 0x26, 0x96, 0xA5, 0xAA, 0x68, 0x9C, 0x62, 0xC7, 0xCC, 0xFC, 0x77,
    0x92, 0x2D, 0xA6, 0x24, 0x39, 0xCE, 0xF1, 0xB1, 0x94, 0x24, 0x85, 0x64, 0xAB, 0x34, 0xBC, 0xA8,
    0xD4, 0x02, 0x5A, 0xBC, 0x77, 0xCF, 0xC6, 0x1E, 0xF8, 0xC7, 0xB6, 0xC0, 0x16, 0x0D, 0xFD, 0xC3,
    0x96, 0xE1, 0x06, 0xAD, 0xE1, 0x8E, 0xB9, 0xEF, 0x68, 0x58, 0x80, 0x89, 0xC2, 0x50, 0x19, 0x81,
    0x38, 0xD7, 0x05, 0x13, 0xFA, 0xBC, 0xCA, 0x66, 0x42, 0x2B, 0x51, 0x26, 0xFB, 0x84, 0x3B, 0x94,
    0xEA, 0x0D, 0x54, 0x4E, 0xA0, 0x13, 0x13, 0x2A, 0x71, 0x29, 0x33, 0x1C, 0xE5, 0x7B, 0x05, 0x5E,
    0x18, 0x84, 0x6D, 0x9E, 0xF8, 0x35, 0x3B, 0x9D, 0x6B, 0xE4, 0x4B, 0x7E, 0xC7, 0x2D, 0xBE, 0x0F,
    0x68, 0x46, 0x98, 0x05, 0x65, 0x69, 0xF5, 0xEE, 0x84, 0x0C, 0x16, 0x35, 0xB9, 0x35, 0x30, 0x5B,
    0xA0, 0x9E, 0x70, 0x83, 0xA3, 0xE6, 0x83, 0xF3, 0xB9, 0x06, 0x3A, 0xC0, 0xA7, 0x58, 0x00, 0x74,
    0x80, 0xC8, 0xCA, 0x85, 0x71, 0x46, 0xCC, 0x58, 0x24, 0x1F, 0x0C, 0x53, 0xB4, 0xC5, 0x24, 0x44,
    0xD6, 0x4A, 0x5F, 0xAE, 0x7E, 0xA6, 0x34, 0xAF, 0x46, 0xE2, 0xE8, 0xA5, 0x6C, 0xEA, 0xE5, 0xF7,
    0xCF, 0x81, 0x76, 0xD3, 0x78, 0xFB, 0x70, 0x6D, 0xC7, 0x95, 0xF3, 0x41, 0x13, 0x0B, 0x93, 0xAF,
    0x7C, 0xA4, 0xC2, 0x59, 0x75, 0x17, 0xFD, 0x1A, 0x18, 0xE5, 0x34, 0xB5, 0xAD, 0xC2, 0x21, 0x0C,
    0x5C, 0xCF, 0x3D, 0xBB, 0x47, 0xE3, 0xFE, 0x0F, 0xAC, 0xED, 0x97, 0xFD, 0xF4, 0xA2, 0x42, 0x67,
    0xF7, 0x6D, 0xED, 0x78, 0x90, 0x1F, 0x78, 0x1C, 0x92, 0x3B, 0x0A, 0xC2, 0xC5, 0x7F, 0x73, 0x4F,
    0xCB, 0x01, 0xEE, 0x5E, 0xE4, 0x72, 0xFD, 0x40, 0x81, 0xC9, 0x42, 0xB2, 0x92, 0xAC, 0x25, 0x5B,
    0x49, 0x2A, 0xC9, 0x24, 0xD5, 0xA7, 0x26, 0xF8, 0x15, 0x65, 0x89, 0xBF, 0x9E, 0xA4, 0x5F, 0xE1,
    0xFF, 0xA2, 0x6C, 0xF0, 0x35, 0xCA, 0x76, 0x5C, 0x53, 0xB2, 0x7E, 0x43, 0x29, 0x8E, 0x26, 0x68,
    0x29, 0x03, 0x0E, 0x14, 0xA0, 0x96, 0x94, 0x92, 0xC4, 0x64, 0x90, 0xF4, 0x92, 0x4E, 0xD2, 0x4A,
    0x1A, 0x49, 0x4D, 0x59, 0xEE, 0x1F, 0x24, 0xFB, 0x0F, 0x2C, 0x14, 0xAD, 0x6F, 0xBC, 0xD5, 0x72,
    0xD5, 0xE3, 0xCA, 0x04, 0x15, 0x9A, 0x39, 0xE8, 0xE8, 0xF5, 0x31, 0x1A, 0x81, 0x79, 0xF3, 0x3B,
    0xC9, 0xB9, 0x79, 0x3D, 0x02, 0x84, 0xCF, 0xF0, 0x86, 0x9E, 0x21, 0x45, 0xAD, 0x47, 0x31, 0x1B,
    0x90, 0x58, 0xC2, 0xEE, 0x29, 0x6B, 0x74, 0xCA, 0xB3, 0x07, 0x4A, 0xA6, 0xAC, 0x5B, 0x59, 0x46,
    0x5E, 0x60, 0xA0, 0x30, 0x6D, 0xA9, 0xE0, 0x92, 0xD4, 0x92, 0xF2, 0xCC, 0xD6, 0x4A, 0x3A, 0x5D,
    0xD0, 0x53, 0x96, 0x00, 0x25, 0x01, 0x4A, 0x39, 0xDD, 0x50, 0x52, 0xB4, 0xBA, 0xDF, 0x91, 0xC2,
    0x1C, 0xA6, 0x60, 0xA5, 0x24, 0x98, 0xFD, 0xD9, 0x50, 0x78, 0xAA, 0x6A, 0x17, 0xE5, 0xF8, 0xF1,
    0x19, 0xF2, 0xF1, 0xDE, 0xA4, 0x4C, 0xAE, 0x92, 0x14, 0xF9, 0x95, 0xB2, 0x43, 0xF2, 0xB4, 0x64,
    0x67, 0x52, 0x8C, 0x26, 0x30, 0x01, 0x06, 0x49, 0x2F, 0x39, 0x4A, 0x5A, 0x49, 0x6D, 0x32, 0x26,
    0x14, 0x9F, 0x81, 0x68, 0xED, 0x0E, 0x1E, 0x7D, 0xC9, 0x35, 0x5A, 0x83, 0x15, 0x81, 0x6E, 0xAD,
    0x0D, 0x34, 0xD1, 0x50, 0xB0, 0x15, 0x94, 0x49, 0x4A, 0xF8, 0x94, 0x65, 0x2D, 0xE1, 0x31, 0xDB,
    0xB8, 0x9F, 0xA2, 0x65, 0x2A, 0x49, 0x8A, 0x5F, 0x4D, 0xD0, 0x33, 0x4C, 0x0D, 0xAA, 0x2E, 0xC1,
    0x4F, 0x08, 0xC5, 0x71, 0x89, 0x3F, 0x27, 0x64, 0xFD, 0x4A, 0xB0, 0x1B, 0xD6, 0xF8, 0x23, 0xC2,
    0x16, 0x1B, 0xAC, 0x04, 0x5B, 0xC1, 0x06, 0xEF, 0x0E, 0x06, 0x2B, 0xFC, 0xA2, 0x77, 0xC0, 0xD1,
    0x60, 0x01, 0x74, 0x06, 0x09, 0xD0, 0xCE, 0x70, 0x10, 0x14, 0x68, 0x04, 0x19, 0x6A, 0xC1, 0x0E,
    0xA5, 0x20, 0x45, 0x2E, 0xD8, 0x22, 0x99, 0x40, 0x49, 0x31, 0xD1, 0x28, 0x4E, 0xFD, 0xBC, 0x82,
    0xFD, 0xBE, 0xA2, 0xD0, 0x5C, 0x27, 0xBA, 0xE0, 0x45, 0x09, 0x2B, 0xF4, 0x07, 0x2A, 0x35, 0xC6,
    0xD3, 0xCC, 0xA0, 0x2A, 0x5A, 0x5F, 0xA4, 0x2A, 0x55, 0xD3, 0xAC, 0x2B, 0xD6, 0x6B, 0xCD, 0x3C,
    0xB1, 0x67, 0xC3, 0x02, 0x38, 0x67, 0x5E, 0x2B, 0xB4, 0xF4, 0xB6, 0x92, 0x44, 0x4B, 0x52, 0x96,
    0x4F, 0x8A, 0x4E, 0x71, 0x39, 0xEA, 0xBA, 0x4E, 0xFD, 0x6A, 0xAD, 0x56, 0xC9, 0xB7, 0xCC, 0x20,
    0x3B, 0xD6, 0x26, 0xE3, 0x7F, 0x01, 0xD4, 0xEB, 0x68, 0x24, 0x63, 0x08, 0x33, 0x72, 0x52, 0xE5,
    0x51, 0x9F, 0xD1, 0xA4, 0x97, 0x83, 0x0B, 0x33, 0xF3, 0x9B, 0xF8, 0xB5, 0x32, 0xB2, 0xA3, 0xB5,
    0x54, 0xA6, 0xFC, 0x8D, 0x92, 0x29, 0x37, 0xDD, 0x9F, 0xBA, 0xDF, 0xD1, 0x6D, 0x80, 0x49, 0x8E,
    0x56, 0x43, 0xA2, 0xE7, 0x43, 0x3F, 0x35, 0x6F, 0xE6, 0x91, 0x66, 0xBC, 0xD4, 0x2C, 0x8A, 0x34,
    0x93, 0xBD, 0xF6, 0x11, 0x53, 0x35, 0x1C, 0x25, 0x2A, 0x74, 0xB6, 0x57, 0xC9, 0xE8, 0xA2, 0x33,
    0x75, 0x39, 0x85, 0x8E, 0x69, 0xD4, 0x15, 0x38, 0x2C, 0x80, 0x1C, 0x18, 0xBF, 0x0B, 0xE8, 0xEE,
    0x43, 0xF0, 0xCB, 0x00, 0x58, 0xC9, 0x97, 0x99, 0x3F, 0x86, 0x8D, 0xCA, 0xD6, 0xE4, 0x6E, 0x6E,
    0x42, 0xF3, 0xFC, 0x22, 0x73, 0xE7, 0x7B, 0x1F, 0x58, 0x2A, 0x65, 0xF2, 0x0B, 0xBD, 0x5A, 0x2D,
    0x7F, 0xD0, 0x1B, 0x23, 0x5B, 0x39, 0xF8, 0x47, 0xF7, 0xCB, 0x9D, 0x77, 0xAC, 0x36, 0x61, 0xC2,
    0x81, 0x8F, 0x9C, 0xDE, 0x60, 0x01, 0x87, 0xCE, 0xD1, 0xF9, 0xBA, 0x36, 0xF3, 0xC9, 0x65, 0xC7,
    0x64, 0xF1, 0x60, 0x0B, 0x7C, 0x5C, 0x1D, 0x36, 0xD6, 0xE4, 0x58, 0xDA, 0xD1, 0x57, 0xD5, 0xA6,
    0x76, 0x5C, 0x00, 0x63, 0xAE, 0x66, 0xE5, 0x5D, 0xA5, 0x44, 0x5F, 0xC0, 0x76, 0x9D, 0xDC, 0xBD,
    0x28, 0xF0, 0xCD, 0x0B, 0x1F, 0x34, 0xFB, 0x8D, 0x92, 0xBB, 0x17, 0x7A, 0x98, 0x9D, 0x9A, 0x93,
    0xCD, 0xBC, 0xEA, 0x64, 0xEE, 0xED, 0xDE, 0x68, 0x26, 0x6E, 0xE2, 0xF5, 0xA8, 0x55, 0xBC, 0xAA,
    0xF4, 0xF8, 0x47, 0x1E, 0xC3, 0xB2, 0xFC, 0x95, 0xAE, 0xC9, 0xD7, 0xD4, 0x1D, 0xAF, 0x6D, 0x2C,
    0x81, 0x6E, 0x35, 0xB9, 0xB5, 0x49, 0x35, 0xDD, 0xF5, 0xB0, 0x43, 0x9E, 0xF0, 0xE4, 0x0C, 0x5A,
    0x9D, 0x5F, 0x8C, 0x9A, 0x9A, 0x52, 0x69, 0x02, 0x6D, 0x1F, 0xDE, 0x46, 0x3A, 0x6A, 0x36, 0xD2,
    0x39, 0x3A, 0x38, 0xF7, 0x4A, 0xCE, 0x9D, 0x14, 0x61, 0x81, 0x73, 0xE9, 0x43, 0xFC, 0xF1, 0x6C,
    0x13, 0xF5, 0x50, 0xCA, 0x41, 0xFF, 0xFD, 0x78, 0x36, 0xB0, 0xBB, 0x39, 0xDB, 0xC0, 0x68, 0xC1,
    0x42, 0xC8, 0xA7, 0x83, 0xE4, 0xAE, 0x89, 0xB4, 0x77, 0x6D, 0x5D, 0x4B, 0xB9, 0xF6, 0x90, 0xA2,
    0x9F, 0xDA, 0x97, 0x4D, 0x8B, 0x69, 0x42, 0xD4, 0x3D, 0xA3, 0x6A, 0x9E, 0xA4, 0xB1, 0x09, 0x43,
    0xDC, 0x85, 0xD1, 0xC8, 0x27, 0x96, 0xA9, 0xF5, 0x8E, 0xE6, 0x3D, 0xE3, 0xE3, 0x9A, 0x6D, 0xFB,
    0x8E, 0x0D, 0x92, 0x89, 0x36, 0xAA, 0xF1, 0x26, 0x5A, 0x6A, 0x99, 0x10, 0xEF, 0xA1, 0xFE, 0x02,
    0x12, 0xBB, 0x0C, 0x45, 0x05, 0x12, 0xCC, 0x94, 0x63, 0x34, 0xCA, 0x2E, 0xA7, 0xD3, 0x15, 0x22,
    0x4A, 0xA1, 0x64, 0x00, 0xF8, 0xDD, 0x16, 0x9A, 0xF3, 0x34, 0xD1, 0xCA, 0x2A, 0xD6, 0x6E, 0x22,
    0x56, 0x35, 0x1B, 0xE0, 0x6B, 0xF8, 0x65, 0x35, 0xBF, 0x57, 0xAA, 0x59, 0xEF, 0x34, 0xF7, 0xF4,
    0xF9, 0xF2, 0x5A, 0x3D, 0x90, 0x52, 0x82, 0xEA, 0x03, 0xF6, 0x6B, 0x7F, 0xF2, 0xEA, 0x62, 0xC1,
    0x49, 0x79, 0xE6, 0xE2, 0xC2, 0x4A, 0x8D, 0x25, 0xD4, 0x33, 0xCA, 0xA7, 0xDA, 0xE0, 0xC8, 0x27,
    0x9B, 0x78, 0xD0, 0xCC, 0x0E, 0xCC, 0x2B, 0x05, 0xB4, 0xCC, 0x8A, 0x16, 0x9F, 0x87, 0xFB, 0x2B,
    0xDF, 0xD8, 0xE9, 0x53, 0x74, 0x7A, 0x36, 0x25, 0x42, 0x78, 0x9A, 0xAE, 0xC2, 0x02, 0x9E, 0x31,
    0x89, 0xB5, 0xF0, 0xDF, 0x75, 0x5E, 0xB8, 0x4E, 0x6F, 0x6A, 0x74, 0xF7, 0x27, 0xE6, 0x6E, 0x86,
    0xEF, 0xDB, 0x05, 0x85, 0xDF, 0x57, 0xFE, 0x08, 0xFE, 0x5A, 0xCB, 0x9F, 0xC1, 0xDF, 0x2C, 0x45,
    0x97, 0x18, 0x55, 0x16, 0x02, 0xF9, 0xDD, 0x0B, 0x95, 0x6F, 0x9A, 0x2F, 0x5F, 0xFF, 0x16, 0xA8,
    0x92, 0xFD, 0x4D, 0x55, 0xC3, 0x61, 0xB7, 0x57, 0x7F, 0x27, 0xF9, 0xCC, 0x4D, 0xB1, 0xF1, 0x4C,
    0x60, 0x52, 0xD1, 0xFF, 0xF4, 0xDA, 0x58, 0x01, 0x75, 0x26, 0x0F, 0xA6, 0x92, 0x8D, 0x64, 0x21,
    0x49, 0xDE, 0xC2, 0xA3, 0x9D, 0x3C, 0xF3, 0xD9, 0x85, 0xCF, 0xA0, 0xF7, 0xC3, 0xB7, 0xF5, 0x0A,
    0xC0, 0xBF, 0xD7, 0x86, 0xA0, 0x2D, 0x72, 0x48, 0x32, 0x37, 0x27, 0x85, 0x8B, 0xFD, 0xD1, 0x41,
    0xFD, 0xBD, 0xD6, 0xA8, 0xD0, 0x0A, 0xDD, 0x89, 0x32, 0xFD, 0x6D, 0x30, 0x99, 0xCD, 0x8B, 0xC0,
    0xBB, 0x7C, 0x53, 0x56, 0xD1, 0x37, 0xDC, 0x44, 0xEF, 0x5E, 0x50, 0x69, 0x9E, 0x52, 0xCD, 0xF9,
    0xF6, 0xC5, 0xEE, 0x52, 0xE4, 0xAE, 0x8D, 0x6B, 0x2B, 0xD5, 0x9B, 0x6F, 0xF2, 0xAE, 0x5A, 0x35,
    0x1A, 0x81, 0x3C, 0xFB, 0x1B, 0xCF, 0x74, 0xE1, 0xBF, 0xAF, 0xD1, 0xDB, 0x7D, 0x2A, 0x29, 0x80,
    0xCE, 0xF5, 0xE0, 0x5A, 0x52, 0xE5, 0x55, 0xD5, 0xD8, 0x7A, 0xBA, 0xE4, 0xE2, 0xDE, 0x3C, 0xC8,
    0x79, 0x7C, 0x5E, 0xC0, 0xFE, 0xDB, 0x02, 0x7B, 0x4E, 0x07, 0x04, 0xA8, 0x67, 0x68, 0x67, 0xE8,
    0x74, 0x79, 0x8A, 0x5E, 0xB0, 0x9A, 0x61, 0x71, 0x35, 0x2C, 0x67, 0xD8, 0x08, 0xB0, 0x07, 0x8E,
    0x4F, 0xB9, 0xDC, 0xCC, 0x90, 0x3B, 0x1C, 0x13, 0xC1, 0x98, 0x13, 0xF4, 0xEC, 0x18, 0x6E, 0x77,
    0x54, 0x3C, 0xEA, 0xE9, 0xE4, 0xB8, 0xEE, 0xA5, 0x5B, 0x2B, 0xF6, 0x14, 0x77, 0x8A, 0x39, 0x5E,
    0xE5, 0xC7, 0x51, 0x47, 0xC5, 0x98, 0xE2, 0x4B, 0xB1, 0xA5, 0x70, 0x50, 0x4C, 0x29, 0x9E, 0x14,
    0x4B, 0xF2, 0xAA, 0x5E, 0x92, 0xDF, 0x82, 0x5E, 0xB3, 0x60, 0x2F, 0xA8, 0x50, 0xE7, 0x18, 0xA0,
    0xAE, 0x9A, 0x7A, 0xDD, 0x2C, 0x80, 0x26, 0xCC, 0xCF, 0xDF, 0x78, 0x05, 0xEE, 0x7D, 0x97, 0x53,
    0xB2, 0xFC, 0x13, 0xEB, 0x5C, 0xC0, 0xA5, 0xC7, 0xAF, 0xEC, 0x3F, 0x8A, 0xF6, 0x72, 0xD4, 0x55,
    0xEB, 0x79, 0x1E, 0xE9, 0x1F, 0xD8, 0xC0, 0x7B, 0xF6, 0xB3, 0xF7, 0xE7, 0x8A, 0xA0, 0x0C, 0x7D,
    0xAF, 0x36, 0x50, 0xA8, 0x0E, 0x32, 0x0C, 0x3E, 0xA1, 0x5E, 0x29, 0xEA, 0xFD, 0x9F, 0x29, 0xBC,
    0xAC, 0x03, 0x4F, 0x54, 0x41, 0x21, 0xE1, 0xEB, 0x4B, 0x49, 0x5B, 0x52, 0x43, 0xDA, 0x91, 0x5A,
    0x52, 0x86, 0x87, 0xEF, 0xE2, 0x48, 0xAA, 0x18, 0x6D, 0x3D, 0x49, 0xE5, 0x28, 0x49, 0x0E, 0x4D,
    0xE2, 0x6B, 0xFB, 0x12, 0xE0, 0xA3, 0x40, 0xD0, 0x48, 0x64, 0xFE, 0x6C, 0xEA, 0x45, 0xC3, 0x52,
    0xD7, 0xCA, 0x3D, 0xB9, 0xAC, 0x7B, 0x40, 0x04, 0x46, 0x14, 0xA9, 0x60, 0x8B, 0xB4, 0x97, 0xFF,
    0x1E, 0x57, 0xF2, 0x5F, 0x1A, 0xFC, 0xBC, 0x09, 0xCF, 0xB1, 0x0C, 0xCF, 0x96, 0x14, 0x76, 0x1B,
    0xD2, 0x46, 0xFD, 0xFE, 0xF1, 0x64, 0xF1, 0x0B, 0xEB, 0xB9, 0xAA, 0x00, 0xB5, 0x35, 0x29, 0x99,
    0x04, 0x26, 0x0B, 0xC9, 0x8A, 0xAF, 0x31, 0x94, 0x5E, 0x72, 0x94, 0x74, 0x67, 0xB6, 0x9E, 0xB2,
    0x04, 0xCA, 0x55, 0xB8, 0x3C, 0x29, 0x24, 0x3B, 0xC9, 0x5A, 0x92, 0x48, 0x94, 0xBF, 0x98, 0x44,
    0x28, 0x5B, 0xB4, 0x94, 0x0C, 0x35, 0xA5, 0xA2, 0x2B, 0xBC, 0xBB, 0x9C, 0x1E, 0x28, 0x1B, 0xDD,
    0x28, 0x45, 0x4B, 0xC9, 0xD0, 0x50, 0xD4, 0xDA, 0xD4, 0x8A, 0x4F, 0x9F, 0x93, 0xA1, 0xA4, 0x13,
    0x97, 0x79, 0x19, 0x4C, 0x36, 0xA8, 0x29, 0x4B, 0x9D, 0x9A, 0xBC, 0xF7, 0x2D, 0x93, 0xD8, 0xBC,
    0x2E, 0xE3, 0x3A, 0x3C, 0x26, 0xC9, 0xEF, 0x30, 0x40, 0xBA, 0x84, 0xEE, 0x65, 0xFD, 0x8A, 0xEE,
    0x15, 0xC3, 0x0A, 0x87, 0x93, 0xE8, 0xC7, 0x5D, 0xB7, 0xE0, 0x63, 0xDE, 0xC9, 0x93, 0xFF, 0xF0,
    0x75, 0x0E, 0x90, 0x2B, 0xEA, 0xC3, 0x3D, 0xC7, 0x0C, 0x69, 0xA5, 0xB9, 0x81, 0xEA, 0xBA, 0x4B,
    0x75, 0x51, 0x3D, 0x32, 0xDD, 0xAA, 0x1E, 0xED, 0x0B, 0xEF, 0x33, 0x87, 0x72, 0xA0, 0x99, 0x58,
    0x3B, 0x66, 0x96, 0x44, 0x73, 0x40, 0xA8, 0xDA, 0xC7, 0x42, 0x2D, 0xDF, 0x48, 0xC7, 0x27, 0x74,
    0x78, 0x35, 0x4A, 0x73, 0x95, 0x66, 0x52, 0x8F, 0x9A, 0xDF, 0x59, 0xCC, 0x5B, 0x26, 0x01, 0x89,
    0x74, 0x74, 0xED, 0x5D, 0x5B, 0xD7, 0x92, 0x7A, 0x07, 0x0F, 0xC3, 0x40, 0xCC, 0x4A, 0x5D, 0x70,
    0x5D, 0x58, 0xE3, 0xE0, 0x0D, 0x9F, 0xA5, 0xF6, 0x6A, 0x29, 0xCF, 0xB7, 0x82, 0xFF, 0x0D, 0x1B,
    0x1E, 0x4F, 0xDE, 0xC4, 0xB3, 0xBB, 0xE3, 0xC6, 0xE4, 0xAD, 0x52, 0x95, 0x61, 0x36, 0x2F, 0x8F,
    0x8E, 0x3A, 0xD9, 0x58, 0xFE, 0xAA, 0x81, 0x74, 0xC9, 0x91, 0x4F, 0x13, 0xCE, 0x0C, 0xE1, 0xAD,
    0x9C, 0xA0, 0x8C, 0x70, 0x6F, 0x0B, 0x7C, 0xFB, 0xBB, 0x37, 0xEA, 0x8E, 0x4B, 0xEE, 0x7C, 0x97,
    0x21, 0x59, 0x85, 0x82, 0x38, 0x57, 0xBD, 0xAD, 0x5A, 0xB4, 0xC2, 0xC7, 0x55, 0xCF, 0x34, 0xB6,
    0xF8, 0xD7, 0x7A, 0x38, 0x72, 0x58, 0xA4, 0xA4, 0x0E, 0x66, 0x0D, 0x54, 0xA6, 0x61, 0xC4, 0x5F,
    0x8D, 0xC5, 0xA3, 0x7E, 0x52, 0x76, 0x53, 0xCF, 0x8B, 0x2E, 0x29, 0x43, 0x82, 0x49, 0x51, 0x77,
    0xE4, 0x12, 0x3F, 0x5D, 0x54, 0xDE, 0x4E, 0xF1, 0xE9, 0x1C, 0x2A, 0x44, 0xE4, 0xF1, 0xB7, 0x94,
    0x6E, 0xEE, 0x72, 0x6D, 0xE9, 0x86, 0x55, 0x81, 0xA6, 0x53, 0xF0, 0x5F, 0x86, 0x3C, 0x1D, 0xB5,
    0x33, 0x9F, 0x5A, 0xB7, 0xAC, 0x37, 0x5F, 0xEC, 0xBF, 0x5D, 0x59, 0xE4, 0xC5, 0x01, 0x75, 0xF5,
    0x4B, 0x34, 0x98, 0xFE, 0xA8, 0x55, 0x8B, 0x3A, 0x6B, 0xAA, 0xF2, 0x0D, 0x2B, 0x4B, 0xC3, 0x82,
    0x07, 0xD6, 0x2F, 0xAF, 0xEC, 0x4F, 0xA6, 0x2A, 0xAD, 0xFF, 0x70, 0x6D, 0x63, 0x82, 0x47, 0xFE,
    0x99, 0x7D, 0x81, 0x46, 0xE5, 0x7C, 0xE4, 0xB9, 0x35, 0xDA, 0xCF, 0xE5, 0x4F, 0x93, 0x06, 0xDA,
    0x7B, 0x3B, 0xB4, 0x95, 0x16, 0xFD, 0x36, 0x95, 0x26, 0x63, 0x26, 0x6C, 0xA9, 0xDC, 0x47, 0x19,
    0x26, 0x94, 0xD0, 0xAC, 0x15, 0xF5, 0x57, 0xE3, 0xE6, 0x0A, 0xFC, 0xD1, 0x3B, 0x01, 0xEB, 0xC5,
    0x15, 0x38, 0xDA, 0x3B, 0xCE, 0x96, 0x68, 0x49, 0x2B, 0xE0, 0x28, 0x0C, 0x53, 0xD4, 0x4A, 0xE1,
    0xE1, 0x84, 0xAD, 0xB0, 0xB7, 0x0C, 0xE6, 0xA8, 0x2E, 0xA1, 0x9C, 0xC8, 0x76, 0x4E, 0x2A, 0x5C,
    0xDA, 0x49, 0xC9, 0xFC, 0x6B, 0x26, 0x54, 0xF3, 0xC5, 0x30, 0x45, 0xF7, 0xBF, 0x63, 0x4C, 0xE8,
    0x1D, 0x1F, 0x09, 0xF4, 0xBB, 0x01, 0xBD, 0x63, 0x0D, 0x74, 0x44, 0xE5, 0x85, 0x83, 0x90, 0x3B,
    0xE5, 0xE5, 0x86, 0x8F, 0x7C, 0x93, 0x93, 0x78, 0xE4, 0xDA, 0xD0, 0x87, 0x7C, 0x5F, 0x26, 0x6A,
    0x2C, 0x6E, 0xFF, 0x9D, 0x9C, 0x28, 0x33, 0x9C, 0x10, 0xCD, 0x09, 0xBB, 0x13, 0xF6, 0x27, 0x1C,
    0x67, 0xC7, 0xEE, 0x00, 0xC1, 0xDD, 0xEA, 0x84, 0x05, 0xF2, 0x18, 0x9F, 0x3A, 0x61, 0x01, 0x47,
    0x4E, 0xC4, 0x1A, 0x85, 0xF2, 0x44, 0xC0, 0xE3, 0x09, 0x0F, 0x27, 0xCC, 0x03, 0x3E, 0xF8, 0xA2,
    0xDE, 0xBF, 0xAD, 0x86, 0xFD, 0x8B, 0x54, 0x2B, 0x87, 0x76, 0x57, 0xE5, 0x89, 0xC2, 0x57, 0xA6,
    0xFA, 0xD4, 0xE7, 0x92, 0x92, 0x8E, 0xAA, 0x0C, 0x3F, 0x30, 0x89, 0xCD, 0x6B, 0x31, 0x4D, 0x41,
    0x1B, 0xFA, 0x6A, 0x73, 0x2B, 0xFD, 0x12, 0x5E, 0x4B, 0x99, 0xCB, 0xE3, 0x37, 0x8C, 0x2D, 0xCA,
    0xF8, 0x0D, 0x63, 0xFF, 0xE0, 0x75, 0x9C, 0x7B, 0x92, 0xDC, 0xD9, 0x97, 0x9C, 0x90, 0x33, 0x71,
    0xBD, 0x52, 0x33, 0xAD, 0x59, 0x6B, 0x26, 0x74, 0xBB, 0xD5, 0xCC, 0x6D, 0xC5, 0x4D, 0x42, 0x55,
    0xE8, 0xCC, 0x73, 0xD6, 0xE7, 0x57, 0xAF, 0x6F, 0x9B, 0xC4, 0xE6, 0x8B, 0xB1, 0xB6, 0xE7, 0x1D,
    0x6B, 0xF3, 0xDA, 0xE1, 0x37, 0x70, 0x3C, 0xDF, 0x6A, 0x12, 0x0A, 0xCD, 0xB5, 0xE2, 0x6F, 0x00,
    0x37, 0x97, 0xFD, 0xDE, 0xF6, 0xBD, 0xB1, 0xD5, 0x42, 0x80, 0x77, 0x38, 0xA5, 0x38, 0x5C, 0xC7,
    0x6B, 0x71, 0x53, 0x21, 0x9F, 0xF8, 0x18, 0x78, 0xE5, 0x5C, 0x68, 0x12, 0x73, 0xCC, 0x56, 0x34,
    0x66, 0xA8, 0x63, 0x56, 0x77, 0xA8, 0xD8, 0xA7, 0xF9, 0x6B, 0x62, 0xC8, 0x0A, 0xA3, 0xB1, 0x06,
    0x93, 0x40, 0x2E, 0x99, 0x88, 0xB7, 0xE2, 0x5C, 0xAC, 0x6A, 0x8F, 0xFE, 0x4A, 0x35, 0xFD, 0xD7,
    0xFC, 0xB2, 0x53, 0xB5, 0xE0, 0x0D, 0x0A, 0x15, 0xFF, 0xE4, 0x42, 0x1D, 0x3B, 0xBE, 0xF2, 0x00,
    0x87, 0x39, 0xC1, 0xEB, 0x7D, 0x83, 0x8C, 0x05, 0x7E, 0xAD, 0x3E, 0x94, 0xA4, 0xC0, 0x1F, 0xE2,
    0x27, 0x38, 0x7A, 0x26, 0xF8, 0x53, 0xEE, 0x52, 0xE6, 0x19, 0xE1, 0xCF, 0xF1, 0x7D, 0x0C, 0x5B,
    0x65, 0x86, 0xBF, 0x46, 0x8D, 0xD1, 0x33, 0xC4, 0xCF, 0xD9, 0xCA, 0xDE, 0xA1, 0xF4, 0xD4, 0x96,
    0xA1, 0xB2, 0x8C, 0x41, 0xDE, 0x29, 0xF9, 0x2D, 0x34, 0x0F, 0x4B, 0x29, 0x99, 0xB2, 0xF1, 0xE4,
    0x58, 0x68, 0x55, 0xBD, 0x32, 0x88, 0xE6, 0xCB, 0x1C, 0x42, 0xF5, 0x11, 0x32, 0x46, 0xAB, 0x97,
    0x17, 0x26, 0xD0, 0x79, 0xBE, 0xA9, 0xE6, 0xF8, 0x37, 0x6C, 0x3B, 0x0A, 0x0F, 0x4F, 0x61, 0x4D,
    0xE4, 0xD5, 0x3B, 0xC3, 0x76, 0xC6, 0x0D, 0x51, 0xDB, 0xC4, 0xAD, 0xB5, 0x26, 0x4B, 0x0E, 0x75,
    0x74, 0x90, 0x97, 0xAC, 0x0C, 0xEB, 0x8D, 0xFA, 0x8A, 0x98, 0xF3, 0xD7, 0x86, 0xBD, 0xA6, 0xB4,
    0xF2, 0x6A, 0x86, 0x6F, 0xAE, 0xF3, 0x86, 0x09, 0xBD, 0x35, 0x37, 0x5A, 0xB2, 0x52, 0xE0, 0xDB,
    0xF4, 0x62, 0x85, 0xB7, 0xF6, 0xF2, 0xB2, 0xE0, 0xCE, 0x89, 0x19, 0x56, 0xF8, 0x31, 0x7E, 0xA0,
    0xF7, 0xD6, 0xAF, 0xE1, 0x2F, 0xF0, 0xE7, 0x9A, 0xFE, 0xFA, 0x97, 0xF8, 0xA3, 0x29, 0x5C, 0x1B,
    0x3E, 0xF1, 0x8F, 0xB1, 0xC4, 0x2F, 0x50, 0xFB, 0x5E, 0x0D, 0x4A, 0xDC, 0x4B, 0x5F, 0x8F, 0x34,
    0xEF, 0xCA, 0x9C, 0x79, 0xA7, 0xBD, 0x75, 0xA5, 0xF6, 0x73, 0x6D, 0xEB, 0x15, 0x6F, 0xAA, 0xE2,
    0x56, 0xFB, 0x64, 0xCF, 0xBB, 0x43, 0x5E, 0xA7, 0x6A, 0x80, 0x3D, 0x5B, 0x6D, 0xFF, 0x90, 0x0F,
    0xAF, 0x75, 0x0F, 0x78, 0xE8, 0x8A, 0xC6, 0xB5, 0x77, 0x45, 0xEE, 0xDA, 0x48, 0xD5, 0xEA, 0xBF,
    0x5B, 0xE1, 0x48, 0x65, 0xC0, 0x9A, 0xAE, 0xA4, 0x4C, 0xB0, 0xD7, 0x69, 0x38, 0x6F, 0x2B, 0xBD,
    0x03, 0x1C, 0x23, 0x77, 0xE3, 0xFB, 0xE4, 0xD2, 0x21, 0xF6, 0x97, 0xFC, 0xA9, 0x50, 0xA2, 0xFD,
    0x5A, 0xBD, 0xFB, 0x2E, 0x3E, 0x61, 0x77, 0xA7, 0xFA, 0x26, 0xAF, 0xD6, 0x4A, 0xEA, 0xD7, 0xDD,
    0x48, 0x81, 0xEF, 0xB8, 0xE2, 0xE8, 0x8A, 0xD2, 0xF5, 0x20, 0x65, 0x4A, 0x9B, 0xEE, 0xCF, 0x31,
    0x11, 0xA5, 0x50, 0xA9, 0xC2, 0x21, 0x52, 0xFD, 0x1E, 0xC2, 0xE5, 0x3E, 0x35, 0x5C, 0x1F, 0xBB,
    0x57, 0x9E, 0x85, 0xC7, 0x98, 0x3F, 0xB5, 0x90, 0x6B, 0xBA, 0x76, 0x7C, 0x10, 0xD6, 0x0B, 0x61,
    0x14, 0x6A, 0x2D, 0x18, 0x71, 0xA9, 0xE0, 0x25, 0xCA, 0xC5, 0x9A, 0x98, 0x29, 0xB0, 0x89, 0x15,
    0x86, 0xFC, 0x2D, 0xF0, 0x32, 0x75, 0xEA, 0xFF, 0x53, 0xA2, 0x57, 0x6E, 0xC4, 0x35, 0x7A, 0x47,
    0x95, 0xAF, 0x42, 0x4F, 0x45, 0x61, 0x81, 0x94, 0xD0, 0xBB, 0x8E, 0xB4, 0xE4, 0xEA, 0xE3, 0xFD,
    0x7E, 0x4F, 0x74, 0x73, 0x4B, 0x8C, 0x5C, 0xD0, 0xC8, 0x7D, 0xB8, 0x45, 0x73, 0xBA, 0xF1, 0x21,
    0x60, 0xF0, 0x8E, 0x32, 0x96, 0x90, 0xC9, 0x34, 0x3C, 0xC5, 0x38, 0xE3, 0x4A, 0xF3, 0xE9, 0x72,
    0x3D, 0xF1, 0x31, 0x59, 0x54, 0x44, 0xBF, 0x39, 0x31, 0x0E, 0x9D, 0xED, 0x09, 0x97, 0x01, 0xFD,
    0x0C, 0xE1, 0x52, 0xE9, 0x33, 0x7C, 0x7F, 0x8D, 0xA5, 0x9F, 0xFA, 0x61, 0x0A, 0x5F, 0xD0, 0xD5,
    0x11, 0x18, 0x39, 0x43, 0xE1, 0x8E, 0xF7, 0x04, 0x4B, 0x47, 0x05, 0xE4, 0x6E, 0x5B, 0x68, 0x05,
    0xDD, 0x1D, 0x82, 0xF6, 0x36, 0x2F, 0x3C, 0x94, 0x05, 0x8D, 0x20, 0x45, 0x6D, 0x60, 0x66, 0x98,
    0x61, 0xBC, 0x21, 0xE8, 0x72, 0x81, 0x1C, 0x54, 0xF2, 0x8E, 0xEF, 0xA5, 0x08, 0xFF, 0x0F, 0xCC,
    0x3F, 0xC8, 0xDF, 0xA2, 0x57, 0x17, 0x98, 0xFD, 0x5C, 0xCD, 0xB0, 0x9B, 0x61, 0x2D, 0x60, 0x42,
    0x0C, 0x23, 0x0F, 0x5A, 0x72, 0x98, 0xA2, 0x97, 0x75, 0x2E, 0x01, 0xCD, 0xF9, 0x51, 0x40, 0x97,
    0x04, 0x2A, 0x35, 0x69, 0x16, 0x36, 0x45, 0x56, 0x6D, 0xA6, 0x9F, 0xA0, 0x71, 0xFA, 0xA1, 0xC7,
    0xF2, 0x06, 0xDF, 0x0F, 0x25, 0x57, 0xE9, 0x71, 0x9C, 0x22, 0xA9, 0x74, 0x93, 0xDD, 0x98, 0x14,
    0xA2, 0x6C, 0x48, 0x32, 0xDD, 0xA4, 0x60, 0x59, 0x6F, 0x64, 0xB5, 0x43, 0x6E, 0x44, 0x53, 0x2A,
    0xDA, 0xA2, 0x19, 0x24, 0x6A, 0xE3, 0xAD, 0x8D, 0x34, 0xA4, 0x25, 0x52, 0xB5, 0xF9, 0xD8, 0xE2,
    0x63, 0x87, 0x15, 0x0E, 0x76, 0xBB, 0x8C, 0x54, 0x0C, 0xBC, 0xC5, 0x38, 0x91, 0xDD, 0xAE, 0xEA,
    0x27, 0xB2, 0xDB, 0x81, 0x94, 0xA2, 0xD4, 0x4E, 0x43, 0x87, 0xAD, 0x3E, 0xAF, 0x34, 0xD1, 0x06,
    0x8D, 0xD3, 0xDA, 0x2A, 0xBC, 0xC3, 0x44, 0x2B, 0x2D, 0xC2, 0x98, 0x68, 0xC9, 0x46, 0x82, 0x91,
    0xFA, 0x25, 0xCA, 0x89, 0x54, 0x47, 0x25, 0xA4, 0x8A, 0xF1, 0x47, 0xA2, 0x60, 0x34, 0xD2, 0x3B,
    0xBC, 0x5E, 0x5D, 0x94, 0xAC, 0xF5, 0x10, 0xA6, 0x9B, 0x50, 0x45, 0xA3, 0x55, 0x08, 0xA1, 0x53,
    0xF8, 0x28, 0xA0, 0x8A, 0x3E, 0x1B, 0x14, 0x36, 0x0A, 0x24, 0xB4, 0x5B, 0xEA, 0x92, 0xFE, 0x2C,
    0xE9, 0x5C, 0xB3, 0xD2, 0x46, 0xAD, 0x3F, 0xFA, 0x13, 0x15, 0xC3, 0x0A, 0x90, 0x54, 0xA5, 0xD4,
    0x3C, 0xDA, 0x13, 0x76, 0xC0, 0xAA, 0x46, 0xA0, 0x1A, 0xE9, 0x5C, 0x36, 0x58, 0x7F, 0x49, 0x9B,
    0x0D, 0xDC, 0xF4, 0x55, 0x5A, 0xAF, 0xD1, 0x64, 0xC3, 0x74, 0xB0, 0xAF, 0x5D, 0x2A, 0x54, 0xA8,
    0xED, 0x0E, 0x79, 0xC6, 0x7D, 0x16, 0x33, 0x30, 0xE2, 0xD0, 0x17, 0x23, 0xB5, 0x1A, 0x30, 0x50,
    0x0B, 0x58, 0x19, 0xB7, 0x9C, 0x7B, 0x1B, 0xC3, 0x63, 0x8A, 0xF5, 0xAA, 0x21, 0xD6, 0x63, 0x8A,
    0x53, 0xF3, 0xA1, 0x78, 0x87, 0xEA, 0x28, 0xD6, 0xA3, 0x8B, 0xF5, 0xF8, 0xE2, 0x10, 0x04, 0xE2,
    0x2E, 0x9D, 0x79, 0xC9, 0x20, 0x29, 0xC5, 0x2B, 0xF3, 0xBA, 0x78, 0xCD, 0x58, 0x6A, 0xC4, 0x1B,
    0x8B, 0x27, 0x32, 0x37, 0xBD, 0xCB, 0xA7, 0x4B, 0xC8, 0x6E, 0xBA, 0x88, 0xFB, 0x2B, 0x78, 0x8C,
    0x58, 0xE5, 0xDE, 0x47, 0x78, 0x5C, 0x8D, 0x93, 0x5B, 0xFE, 0x8A, 0x53, 0x0C, 0xF4, 0x04, 0x99,
    0x69, 0x6E, 0x83, 0x5A, 0x25, 0x5B, 0xC3, 0xF1, 0x9D, 0x46, 0x05, 0x5E, 0x4D, 0x6E, 0x55, 0x0E,
    0x96, 0xC5, 0xB0, 0x9C, 0x87, 0x69, 0xF2, 0x62, 0x48, 0x70, 0x54, 0x01, 0x9A, 0x90, 0x7B, 0x72,
    0x31, 0x92, 0xAB, 0x81, 0x8C, 0x81, 0x5C, 0xC0, 0xB8, 0x27, 0x67, 0xE4, 0x25, 0x8E, 0xE4, 0x1D,
    0xCA, 0x0A, 0x2B, 0x74, 0xE4, 0x94, 0x15, 0xC7, 0x1A, 0x2D, 0x79, 0xCB, 0xFA, 0x64, 0x83, 0x03,
    0x79, 0x92, 0x0A, 0x5B, 0x34, 0xE4, 0x35, 0x5A, 0x1B, 0x73, 0xF4, 0xCF, 0x50, 0x6A, 0x34, 0xA9,
    0x17, 0x7A, 0x29, 0x20, 0xAC, 0x30, 0xCE, 0x08, 0x40, 0x68, 0xD9, 0xBF, 0x14, 0xAE, 0xD8, 0x6E,
    0x15, 0xAE, 0xF1, 0xE7, 0x68, 0x84, 0x1B, 0x7C, 0x03, 0xAD, 0x70, 0x8B, 0x1C, 0x9D, 0x70, 0x87,
    0xA4, 0x9A, 0xD3, 0xE1, 0x78, 0x51, 0xF4, 0x42, 0xB3, 0x9D, 0x10, 0x11, 0xE6, 0x27, 0xAC, 0xCF,
    0x70, 0xE0, 0xCD, 0x58, 0xDE, 0x10, 0xB7, 0xF8, 0x53, 0xFC, 0x1B, 0xB4, 0xC4, 0x14, 0x7F, 0x84,
    0x06, 0x1D, 0x91, 0x65, 0x40, 0x53, 0xF5, 0x2A, 0x64, 0x56, 0x8C, 0x04, 0x62, 0xD5, 0x4F, 0xE8,
    0x29, 0x98, 0xB8, 0x23, 0x5A, 0xEE, 0xE7, 0x3B, 0xA8, 0xA5, 0xF3, 0x09, 0x2D, 0xC9, 0xAF, 0x0D,
    0x37, 0xCC, 0x0D, 0xD3, 0xC1, 0x32, 0x59, 0xBB, 0xD8, 0xCB, 0x7C, 0x98, 0x2C, 0x21, 0xD3, 0x5F,
    0x4A, 0xC9, 0x29, 0x59, 0x15, 0xA2, 0x03, 0xD3, 0xFA, 0xC7, 0xBE, 0xB1, 0x84, 0x6F, 0xF4, 0xEA,
    0xAF, 0x9C, 0xDE, 0x69, 0x81, 0xC1, 0x6C, 0x51, 0x59, 0xCF, 0x4B, 0xB4, 0x64, 0xCB, 0x2E, 0xB1,
    0x0B, 0x78, 0xC9, 0x27, 0x73, 0x71, 0xAD, 0x3B, 0x28, 0xDB, 0x85, 0xAF, 0x4A, 0xC5, 0xBB, 0x59,
    0xF8, 0x70, 0xBF, 0x7B, 0xCA, 0xAB, 0x48, 0xCF, 0x77, 0x61, 0xD5, 0xEF, 0xDF, 0xA0, 0x2F, 0x34,
    0xD8, 0xF3, 0x3F, 0xF9, 0x86, 0x51, 0xC0, 0xBC, 0x71, 0x15, 0x86, 0x89, 0xDC, 0x93, 0x24, 0x75,
    0x82, 0x4F, 0xA4, 0xAE, 0xD5, 0x2E, 0x74, 0x19, 0xB5, 0x24, 0xED, 0x77, 0x40, 0x52, 0x45, 0x48,
    0xE2, 0x50, 0x01, 0x6A, 0x51, 0xA9, 0xF5, 0xCA, 0x7A, 0x49, 0xCB, 0x49, 0x96, 0x3E, 0x13, 0xD1,
    0x01, 0xA2, 0x0D, 0xDA, 0x85, 0x4F, 0x9B, 0x5F, 0x7B, 0x8C, 0x9F, 0x2B, 0x1D, 0x89, 0xDB, 0x21,
    0x96, 0x90, 0xE6, 0xAF, 0x0B, 0x94, 0x6B, 0x2D, 0x77, 0x6B, 0x26, 0xB4, 0x82, 0x41, 0x7D, 0x41,
    0x55, 0x3F, 0x37, 0xE8, 0x3D, 0x8C, 0xA5, 0xE6, 0xD0, 0x1C, 0x32, 0xB5, 0x82, 0x4F, 0x2F, 0x47,
    0x73, 0xD7, 0x95, 0x2D, 0x33, 0x5C, 0xA0, 0xAD, 0x58, 0x0A, 0x2D, 0x71, 0xF0, 0x2D, 0x6A, 0x6B,
    0x6D, 0x50, 0x4B, 0xDD, 0x20, 0xDF, 0xA0, 0xAC, 0xFA, 0xC9, 0xB2, 0x85, 0xA5, 0xB0, 0x3A, 0x95,
    0x36, 0xBB, 0x71, 0x52, 0x2B, 0x60, 0x27, 0x4D, 0xD0, 0x16, 0x3D, 0x95, 0x9F, 0x32, 0x99, 0x5E,
    0x22, 0x64, 0x1E, 0xA8, 0x30, 0x90, 0x39, 0x3C, 0x65, 0xD9, 0x8A, 0x55, 0x7E, 0x6C, 0xC4, 0xFE,
    0x4A, 0x1A, 0x95, 0x44, 0xEA, 0x1D, 0xFE, 0xE8, 0xB4, 0x07, 0x80, 0xA5, 0x2C, 0x59, 0x52, 0xBD,
    0xB6, 0xC9, 0xB2, 0xC1, 0x81, 0xA1, 0x2F, 0x0B, 0x63, 0xB3, 0x38, 0x15, 0xA7, 0xCC, 0x12, 0xB2,
    0xA8, 0xDE, 0xEC, 0x4E, 0x85, 0xF4, 0x5F, 0x5A, 0x72, 0xF4, 0xFD, 0x42, 0xE7, 0x22, 0xDE, 0x4D,
    0x13, 0x5B, 0x86, 0xD8, 0x82, 0x32, 0xB6, 0x1C, 0x62, 0x4B, 0x27, 0xD7, 0x42, 0x7E, 0x51, 0x0B,
    0xEF, 0x8F, 0xF1, 0xC3, 0xD3, 0x56, 0xD6, 0x5B, 0x34, 0x80, 0xB7, 0x08, 0xBB, 0xC9, 0xA2, 0xDE,
    0x68, 0xAD, 0x47, 0x6E, 0x76, 0x0A, 0x83, 0x89, 0xD8, 0x7B, 0x24, 0xCB, 0x24, 0xB2, 0xAB, 0x48,
    0xA5, 0x65, 0x63, 0x65, 0xAD, 0x5E, 0xF2, 0x9B, 0xB5, 0x2C, 0x4A, 0x9A, 0x2B, 0x95, 0xBC, 0xD5,
    0x9C, 0x4E, 0x55, 0xC4, 0xD2, 0xB2, 0x30, 0xCB, 0x42, 0x89, 0x53, 0xEF, 0x9B, 0xCB, 0xD9, 0xC2,
    0x0B, 0x18, 0x6A, 0xB4, 0x14, 0xB4, 0xD0, 0x4D, 0x5A, 0x32, 0xE4, 0x77, 0xDF, 0xF6, 0x29, 0xF6,
    0xF7, 0xAC, 0xA0, 0xF1, 0xB7, 0x97, 0x73, 0x2C, 0x0C, 0x55, 0x3E, 0x19, 0x7A, 0x01, 0x16, 0x8A,
    0xB5, 0x95, 0xC5, 0x4F, 0x42, 0x5C, 0xD0, 0x87, 0x83, 0x61, 0x52, 0x0C, 0xB4, 0x11, 0xD5, 0xB6,
    0x11, 0xF2, 0xFD, 0xB6, 0x3E, 0x15, 0x97, 0xC9, 0x09, 0xF3, 0x13, 0x1E, 0x4E, 0x78, 0x45, 0x81,
    0x9B, 0xCB, 0x0F, 0xFF, 0x16, 0x3F, 0x96, 0x1F, 0x52, 0x6C, 0x58, 0x92, 0x13, 0x59, 0xF4, 0xFD,
    0x40, 0x9E, 0x64, 0xFF, 0x65, 0xAD, 0x52, 0xB6, 0x38, 0x12, 0x3B, 0x22, 0xBA, 0x09, 0xAB, 0xA3,
    0x61, 0x3B, 0x61, 0xD6, 0x4F, 0xB8, 0x10, 0xF2, 0x72, 0x55, 0xC6, 0xBB, 0xD1, 0xB0, 0x9E, 0x30,
    0xC5, 0x84, 0x6B, 0xC3, 0x2D, 0x72, 0x75, 0x34, 0x6A, 0xF2, 0xC7, 0xD2, 0x2A, 0x0F, 0xDF, 0x65,
    0x2E, 0x45, 0x52, 0x50, 0xA7, 0x33, 0xF1, 0xE8, 0x01, 0x6B, 0x9C, 0x5F, 0xA1, 0xF6, 0x7C, 0x4B,
    0x99, 0xDF, 0xCF, 0x17, 0xBE, 0x99, 0x69, 0xA1, 0x02, 0x70, 0x7D, 0x56, 0x6D, 0x34, 0xAE, 0xAD,
    0xB2, 0x94, 0x8D, 0xD3, 0x3D, 0xD0, 0xB6, 0x83, 0xBE, 0xBF, 0xDF, 0x22, 0x8F, 0x7A, 0x03, 0x83,
    0xF6, 0x26, 0x0B, 0xD7, 0x55, 0xBC, 0xC3, 0xE9, 0x1D, 0xA6, 0xFF, 0xDA, 0x5F, 0xF1, 0x12, 0xE9,
    0xC1, 0x54, 0xFE, 0x88, 0x7F, 0x47, 0xC3, 0xFA, 0x75, 0x3A, 0x5F, 0xD7, 0xA7, 0xC1, 0x5D, 0x50,
    0x94, 0xB7, 0xAE, 0xDB, 0xAA, 0xAC, 0x92, 0xCE, 0xE7, 0x6F, 0x34, 0x1A, 0xFB, 0x1E, 0xD0, 0x87,
    0x36, 0xDD, 0xF2, 0xFC, 0x0D, 0x34, 0xEC, 0x32, 0x54, 0x84, 0xCF, 0x22, 0x7E, 0xFC, 0x4D, 0x3A,
    0x02, 0x5C, 0x35, 0xF9, 0x50, 0xB7, 0x52, 0x31, 0xFA, 0xF4, 0xD7, 0x87, 0xD7, 0x52, 0x9E, 0x20,
    0x7D, 0x63, 0xFF, 0xCD, 0x8B, 0x7F, 0x9A, 0x9C, 0x99, 0xC5, 0x3E, 0x4F, 0x7C, 0xA9, 0x72, 0x71,
    0x4C, 0x8A, 0x49, 0xD2, 0x71, 0xA1, 0xBE, 0xE9, 0x3F, 0x65, 0x10, 0xB0, 0xDB, 0x45, 0x8F, 0xD1,
    0x6B, 0x50, 0x1A, 0xA5, 0x0A, 0xB2, 0x6E, 0x76, 0x7E, 0x15, 0x56, 0x53, 0x59, 0xE0, 0x3E, 0xD2,
    0xC0, 0x47, 0xEE, 0x33, 0x84, 0x82, 0x6C, 0x25, 0x05, 0xFD, 0x2C, 0xEF, 0x50, 0x3A, 0x49, 0x7E,
    0x66, 0xC3, 0x24, 0xB6, 0x03, 0x8D, 0x22, 0xAE, 0xF1, 0x1A, 0x34, 0x9A, 0x15, 0xBF, 0x91, 0xE8,
    0xC5, 0xF4, 0x1D, 0xC6, 0xD5, 0x5B, 0xCA, 0x84, 0xF2, 0x8B, 0xF9, 0x4C, 0x39, 0x53, 0xF3, 0xEA,
    0x94, 0x63, 0x3E, 0xBE, 0xF0, 0x2F, 0xE5, 0x50, 0x7A, 0xC9, 0x20, 0x41, 0x2E, 0xF1, 0x0B, 0xD4,
    0x41, 0x20, 0x59, 0x4B, 0x92, 0x8A, 0xA2, 0x30, 0xFC, 0x57, 0x89, 0x9B, 0xFD, 0x87, 0x53, 0x9A,
    0x7A, 0xC0, 0x6F, 0x62, 0xB0, 0x16, 0x65, 0xA9, 0xF2, 0xF2, 0xA0, 0x72, 0x18, 0x2F, 0x81, 0xD1,
    0xA0, 0x1A, 0x0B, 0x18, 0x60, 0xC8, 0x0C, 0x16, 0xE8, 0x33, 0x7B, 0x25, 0x58, 0xB1, 0x69, 0xD0,
    0x4E, 0x60, 0xEB, 0xB9, 0xC7, 0xAF, 0xE3, 0xA7, 0xA0, 0x55, 0xA6, 0x59, 0x4A, 0xAD, 0xF5, 0x1B,
    0x27, 0x21, 0x74, 0x61, 0x83, 0x61, 0xDF, 0xAF, 0x5A, 0xEF, 0x9D, 0xBC, 0xC5, 0x0B, 0x85, 0xED,
    0xCB, 0x81, 0xBB, 0x6F, 0x13, 0x16, 0x9C, 0x02, 0x45, 0xD8, 0xE0, 0x20, 0x58, 0xA3, 0x15, 0xAC,
    0x4E, 0xD0, 0x09, 0x96, 0x38, 0xCE, 0xD0, 0x0B, 0x16, 0x33, 0x24, 0x27, 0x18, 0x6E, 0x05, 0xC5,
    0x95, 0xD0, 0x67, 0xBA, 0x17, 0xA1, 0xA4, 0x37, 0x08, 0xAA, 0x06, 0xBB, 0xD4, 0xAA, 0xCD, 0x82,
    0xF5, 0x25, 0x7E, 0x11, 0xE6, 0xC0, 0x44, 0xED, 0xA7, 0xD0, 0x80, 0x52, 0x47, 0x7B, 0x5C, 0x99,
    0xAB, 0x31, 0xF9, 0x2E, 0x1E, 0x86, 0xD0, 0x78, 0xD9, 0x20, 0xE3, 0x25, 0xBA, 0xB2, 0x6D, 0xD4,
    0x44, 0x43, 0xBC, 0x15, 0x41, 0x76, 0xFE, 0xCA, 0xA6, 0xE1, 0xBA, 0x24, 0x85, 0x3A, 0xC3, 0x68,
    0x2B, 0xD5, 0x15, 0x56, 0xF8, 0x68, 0x95, 0x56, 0x6E, 0xAA, 0x9C, 0xD6, 0xC7, 0x4C, 0xD4, 0x73,
    0x4D, 0xF0, 0x3E, 0x6E, 0x5F, 0xF2, 0x99, 0x1B, 0x1C, 0x75, 0x07, 0xDC, 0x1A, 0xC2, 0xE5, 0xC1,
    0x41, 0x87, 0x70, 0xAF, 0x14, 0x8D, 0x7A, 0x76, 0xE5, 0xB1, 0xC9, 0xBA, 0x61, 0x60, 0x6B, 0xA2,
    0xA5, 0x8A, 0xB4, 0x72, 0xE9, 0x73, 0x67, 0x69, 0xC1, 0x47, 0x61, 0x23, 0x82, 0xA8, 0x2F, 0xF3,
    0x30, 0xB7, 0xEA, 0xA3, 0xBA, 0x2F, 0xF1, 0x8F, 0xA6, 0xC7, 0xDF, 0x86, 0x3F, 0x5F, 0x46, 0xAB,
    0xD0, 0x8B, 0x6A, 0x8E, 0x31, 0xD9, 0xC8, 0x95, 0x2D, 0x86, 0xFF, 0x12, 0xDA, 0x2A, 0x5F, 0xFB,
    0xE0, 0xD0, 0x87, 0xFE, 0x8D, 0xA7, 0x42, 0x43, 0x34, 0x95, 0xED, 0xEC, 0x78, 0x54, 0x90, 0x3F,
    0x43, 0xEC, 0x91, 0xED, 0xD3, 0x16, 0x0A, 0x02, 0x0F, 0xEC, 0x94, 0x81, 0xDF, 0x69, 0x0F, 0x36,
    0x3E, 0x57, 0xAD, 0x67, 0x48, 0x16, 0xE7, 0xCB, 0x68, 0xB7, 0x97, 0x2C, 0xA3, 0xDD, 0xEF, 0x0D,
    0xAB, 0x87, 0x15, 0x54, 0x7A, 0x0F, 0x74, 0x9E, 0xCF, 0x34, 0x28, 0x8C, 0x33, 0x0C, 0x0A, 0x63,
    0x68, 0x40, 0x45, 0xA0, 0xAF, 0x8E, 0x8D, 0xFF, 0xB5, 0x95, 0xF6, 0x7A, 0x79, 0xE9, 0x2C, 0x1A,
    0x68, 0x51, 0x95, 0xB0, 0x44, 0xEF, 0xA9, 0x90, 0x60, 0x89, 0x43, 0x43, 0xFC, 0x65, 0x68, 0x4B,
    0xEB, 0x50, 0x08, 0xF2, 0xA4, 0x52, 0x60, 0xD6, 0xBC, 0x40, 0xD3, 0x57, 0x08, 0xCA, 0x86, 0x9D,
    0x62, 0x79, 0x35, 0xEF, 0x32, 0xB1, 0x76, 0xE8, 0x36, 0x68, 0x34, 0x94, 0xE9, 0xB5, 0x18, 0x8B,
    0xD3, 0x52, 0xB0, 0x53, 0xD5, 0x51, 0xB0, 0xC8, 0xD5, 0xB0, 0x66, 0x36, 0x0A, 0x50, 0x0C, 0x06,
    0x29, 0xD4, 0x77, 0xE6, 0x9F, 0xE3, 0x17, 0x74, 0x06, 0xEB, 0xE8, 0x23, 0x56, 0x87, 0x19, 0x6A,
    0x83, 0x85, 0x40, 0x69, 0x2A, 0xF4, 0x3E, 0x69, 0x3A, 0xA7, 0x22, 0x36, 0xE7, 0x73, 0x28, 0xF9,
    0x17, 0x9E, 0x1F, 0x60, 0xCD, 0x6B, 0x5E, 0xDB, 0xAA, 0xDB, 0x7B, 0xFC, 0x97, 0x0A, 0xAE, 0xCE,
    0xFE, 0x14, 0x62, 0xC7, 0x44, 0xE7, 0xF4, 0x1E, 0x5E, 0x83, 0x82, 0xAB, 0x18, 0x43, 0x68, 0x15,
    0x0A, 0xA3, 0xBC, 0x1A, 0xB4, 0x97, 0x91, 0x87, 0xD0, 0xF7, 0x71, 0xB4, 0x7B, 0xFF, 0x95, 0x07,
    0xCB, 0x4F, 0x5C, 0x7F, 0xAD, 0xD0, 0x99, 0xB4, 0x0E, 0xFD, 0x8C, 0x51, 0xCF, 0x63, 0x21, 0x65,
    0x24, 0x47, 0x8D, 0xBF, 0x78, 0xF3, 0xF7, 0x56, 0x9D, 0x99, 0xD6, 0xA1, 0xCB, 0x50, 0xF6, 0x30,
    0xAD, 0xFA, 0xB0, 0x5D, 0xF8, 0x6A, 0x1E, 0x1B, 0xCE, 0x75, 0xF2, 0x0A, 0x75, 0xA1, 0xAB, 0x71,
    0x48, 0xBD, 0x2A, 0x6F, 0x57, 0x30, 0xF8, 0xBD, 0x0F, 0x92, 0x7D, 0x72, 0x99, 0xF9, 0x22, 0x19,
    0x3E, 0x7F, 0x32, 0x7C, 0xE3, 0x42, 0x1B, 0xDD, 0xA5, 0xF8, 0x81, 0xA7, 0x86, 0xC6, 0x57, 0x19,
    0xB4, 0xBA, 0x21, 0xAB, 0x2D, 0x35, 0xB0, 0x56, 0x76, 0xC1, 0x76, 0x4C, 0xD0, 0xD8, 0x09, 0x79,
    0x66, 0x37, 0xD9, 0xE7, 0x53, 0x04, 0x9D, 0x9B, 0xD7, 0x3F, 0x79, 0x5F, 0x62, 0xEE, 0x00, 0x8F,
    0x66, 0x76, 0x77, 0xE2, 0xDA, 0xD4, 0x67, 0x84, 0x07, 0xA3, 0x1A, 0x3E, 0x58, 0xC3, 0x5E, 0xA0,
    0xB3, 0x31, 0x6B, 0xB8, 0x95, 0xED, 0x4E, 0xC6, 0xDD, 0xE3, 0x23, 0xE7, 0xE8, 0xA5, 0xE0, 0xE0,
    0x86, 0xB8, 0xC2, 0xA0, 0x95, 0x1D, 0x17, 0x17, 0x5B, 0x35, 0xF6, 0xC6, 0x04, 0x30, 0xB5, 0x0A,
    0x8E, 0x16, 0xED, 0x82, 0x36, 0xA4, 0xF3, 0x36, 0x86, 0x3E, 0x86, 0xBF, 0x9B, 0xA7, 0xDF, 0x66,
    0xDA, 0xAB, 0x8C, 0x62, 0x63, 0xF3, 0x3B, 0xED, 0x3A, 0x16, 0xEC, 0x8C, 0xA8, 0x6D, 0xB0, 0xAB,
    0x4A, 0xD7, 0xDE, 0x6D, 0xB2, 0xAF, 0xD1, 0x31, 0x1F, 0x04, 0xBB, 0x7F, 0x5E, 0x30, 0xD8, 0xD5,
    0x1F, 0x95, 0x07, 0xBB, 0xDE, 0xE9, 0x8D, 0xDC, 0x3E, 0xF2, 0x5F, 0xB8, 0x5F, 0x52, 0xF0, 0xED,
    0x3F, 0xB2, 0x67, 0xFC, 0x8E, 0x58, 0x12, 0xFC, 0x3B, 0xD1, 0x9F, 0xA2, 0xA3, 0x17, 0xFC, 0x25,
    0x6D, 0x6B, 0xC3, 0xCD, 0xE1, 0x79, 0x27, 0xFA, 0x0B, 0x79, 0x59, 0xE1, 0x91, 0xAC, 0xF1, 0x63,
    0x34, 0x21, 0xBC, 0x78, 0xE0, 0x40, 0xF4, 0x0A, 0xA3, 0x87, 0xE7, 0xD2, 0xF7, 0xE5, 0xB3, 0x46,
    0xBA, 0xBF, 0xC1, 0xC4, 0xF1, 0xE1, 0xF6, 0x42, 0xF1, 0x65, 0x34, 0x84, 0xF8, 0xCC, 0x7D, 0x9C,
    0x3F, 0x9E, 0xAB, 0xB9, 0x53, 0xC2, 0xA9, 0x10, 0x8F, 0xFD, 0x27, 0x5A, 0x8E, 0x23, 0x7B, 0x7B,
    0xB6, 0x53, 0x21, 0x43, 0x38, 0x36, 0x5E, 0x38, 0x04, 0xB3, 0x8B, 0xED, 0x1E, 0x08, 0xB1, 0x01,
    0xCE, 0xAC, 0x6B, 0xDD, 0x26, 0x4A, 0x67, 0xFD, 0x13, 0xF6, 0xF6, 0x09, 0x7B, 0xF3, 0x84, 0x3D,
    0x3F, 0xB7, 0x1F, 0x63, 0xAB, 0x32, 0xA3, 0xB7, 0x6E, 0xF4, 0x0C, 0x3C, 0xA8, 0x95, 0x23, 0xAF,
    0x31, 0x85, 0x69, 0xD3, 0x10, 0x5F, 0xD0, 0x3C, 0x37, 0x6A, 0xBD, 0x0C, 0xF0, 0xD6, 0x8F, 0x97,
    0xB7, 0x83, 0x42, 0x4E, 0x13, 0x41, 0xD4, 0xD5, 0x33, 0x2C, 0x2A, 0xD4, 0x73, 0xF9, 0xAC, 0xAD,
    0x3F, 0x0E, 0x2A, 0x23, 0xDA, 0xC4, 0x5B, 0x47, 0xDE, 0x53, 0x19, 0x76, 0xDD, 0x55, 0x17, 0x51,
    0xF8, 0x1E, 0x18, 0x06, 0xBD, 0x11, 0x9F, 0xBA, 0xD9, 0x52, 0x8D, 0x0D, 0xF8, 0x54, 0x12, 0x15,
    0xE1, 0x6E, 0xDD, 0x31, 0x75, 0x26, 0xB3, 0x95, 0x17, 0x16, 0xE3, 0x99, 0x55, 0x5D, 0x64, 0x72,
    0x6A, 0xAD, 0xF2, 0x52, 0x37, 0x62, 0x55, 0xF2, 0xEF, 0xE2, 0x5D, 0x80, 0x97, 0xF8, 0x7F, 0xD1,
    0x2A, 0x59, 0x6F, 0x08, 0xF8, 0x35, 0x0E, 0x7A, 0x05, 0xDE, 0x9A, 0xF5, 0xD3, 0x89, 0x0C, 0x33,
    0x42, 0x61, 0xE9, 0x69, 0x83, 0xF1, 0x1D, 0x83, 0x0C, 0x28, 0xA3, 0x96, 0xE5, 0x4E, 0xF1, 0x1A,
    0xBE, 0xC7, 0x24, 0x6B, 0x16, 0x46, 0xE3, 0x07, 0x4F, 0x54, 0x74, 0x29, 0x1A, 0x7C, 0x7E, 0x14,
    0x2F, 0xF9, 0x59, 0xA8, 0x25, 0xCA, 0x20, 0x91, 0x79, 0xBA, 0x44, 0x53, 0xFA, 0xBB, 0x3A, 0xB9,
    0x15, 0xB1, 0xF5, 0x77, 0xEE, 0xC4, 0xA9, 0xC3, 0xD7, 0x36, 0xC4, 0xD6, 0xFE, 0xDC, 0xDA, 0x9D,
    0x5B, 0x9B, 0x73, 0xEB, 0xB9, 0x9F, 0x0E, 0x81, 0xBF, 0x12, 0x6E, 0x11, 0x7E, 0x5C, 0xCA, 0xCB,
    0xF1, 0xE8, 0x69, 0x8A, 0xF9, 0xEE, 0x40, 0xB4, 0xB6, 0x5D, 0x7E, 0xD8, 0x11, 0xA2, 0x7C, 0xAB,
    0x94, 0xE7, 0x27, 0xAE, 0xC0, 0x11, 0x8B, 0x4A, 0x7D, 0x03, 0x49, 0x51, 0xA6, 0xE8, 0xBD, 0x68,
    0xDD, 0x90, 0xD4, 0x6D, 0xAF, 0x8F, 0x66, 0xA8, 0x06, 0x65, 0x02, 0xD4, 0x8D, 0x18, 0x71, 0x22,
    0x2B, 0x38, 0x35, 0xB5, 0xDF, 0xA9, 0x78, 0x0E, 0xAA, 0x44, 0x72, 0x39, 0xDC, 0x2D, 0xF2, 0x41,
    0xF0, 0x95, 0xFB, 0x74, 0xAD, 0x8C, 0x93, 0xBC, 0x99, 0xFB, 0x87, 0x3C, 0x6A, 0x1C, 0x0A, 0xCD,
    0x9E, 0x7E, 0x8C, 0x4F, 0x11, 0x0D, 0xAF, 0xD5, 0x21, 0x34, 0x72, 0xA5, 0x17, 0x95, 0x43, 0xF3,
    0xFC, 0xEE, 0x39, 0xB0, 0x72, 0xB5, 0xAD, 0x7C, 0x8C, 0x3E, 0x4E, 0x33, 0x8B, 0x53, 0x72, 0x29,
    0xCA, 0xE4, 0x2A, 0xB3, 0xAB, 0xA5, 0x7E, 0xF2, 0xC2, 0x53, 0x60, 0xA5, 0x98, 0xD9, 0xC4, 0xDB,
    0x5C, 0x37, 0x7E, 0xF3, 0x2E, 0x0C, 0x8E, 0x6C, 0x30, 0xE2, 0x53, 0x3D, 0x6F, 0xD5, 0x5A, 0x08,
    0x34, 0x29, 0x03, 0x24, 0x93, 0xEF, 0xEB, 0x02, 0xA5, 0x7F, 0x96, 0x3C, 0x8F, 0xBF, 0x29, 0xD5,
    0x3E, 0x4B, 0xE7, 0xF3, 0x33, 0x5D, 0xDF, 0x98, 0x7B, 0x9A, 0x8C, 0x96, 0x35, 0xF6, 0x7E, 0x7A,
    0xC4, 0x2F, 0xBD, 0xC3, 0x29, 0x2C, 0x9D, 0x52, 0x76, 0x57, 0xE0, 0xEC, 0xA2, 0xEF, 0x7F, 0x0D,
    0x1E, 0x56, 0x4A, 0x7E, 0x73, 0xF0, 0x54, 0xAD, 0xF4, 0xAD, 0x10, 0x34, 0x17, 0x79, 0x9C, 0xAC,
    0x1F, 0x09, 0xE2, 0x99, 0x92, 0xA1, 0xB9, 0xF0, 0xE1, 0x6C, 0xA9, 0xE4, 0xBC, 0x0C, 0x1E, 0xC7,
    0x96, 0x7A, 0x13, 0x59, 0xBE, 0x71, 0xEF, 0x7E, 0xB0, 0x5C, 0x6C, 0x85, 0x32, 0x19, 0xCE, 0x2C,
    0x51, 0x3C, 0xA5, 0xB1, 0x65, 0x11, 0x5B, 0x92, 0x38, 0x2F, 0xAF, 0xC6, 0x38, 0x32, 0x8F, 0xB1,
    0x6B, 0x4D, 0x64, 0xF9, 0xF7, 0x02, 0xBD, 0x65, 0x2D, 0x8E, 0x6A, 0xCC, 0x3D, 0x31, 0x95, 0xF3,
    0x70, 0xF2, 0x26, 0x7C, 0xD2, 0x8B, 0x2E, 0x99, 0xA5, 0x52, 0x28, 0x56, 0xEA, 0x16, 0x8E, 0xA7,
    0x2E, 0xA7, 0xBE, 0xFA, 0x11, 0x79, 0x9A, 0x27, 0x5B, 0xCB, 0x8A, 0x2C, 0xCB, 0x96, 0x5C, 0xC8,
    0xB1, 0xC4, 0x68, 0x85, 0xBB, 0x8C, 0x6F, 0x9E, 0x11, 0xEA, 0x40, 0xB5, 0x00, 0xFC, 0x71, 0x4F,
    0x85, 0xD6, 0x44, 0x27, 0x4B, 0xAA, 0x86, 0x89, 0x8C, 0x46, 0x31, 0x3E, 0x8B, 0x45, 0xD3, 0x71,
    0x83, 0x85, 0xEE, 0xCB, 0x52, 0x5E, 0x66, 0x49, 0xE5, 0x83, 0x60, 0x49, 0x65, 0xD1, 0x81, 0xBE,
    0xA6, 0x86, 0x79, 0x90, 0xB2, 0x54, 0xC8, 0x37, 0x38, 0xBA, 0x05, 0x60, 0xF6, 0x96, 0x45, 0x8B,
    0x4D, 0x91, 0x6B, 0x2E, 0x9C, 0x7A, 0x5B, 0x3A, 0x36, 0x3D, 0x17, 0xBE, 0x9E, 0xDC, 0x8D, 0xAA,
    0x1D, 0x37, 0xAA, 0x65, 0xDC, 0x84, 0x4A, 0xE5, 0x8F, 0x11, 0x2D, 0x8B, 0x5F, 0xEA, 0x12, 0x9F,
    0x1B, 0x70, 0x1F, 0x63, 0x1E, 0x96, 0xC2, 0x2E, 0xE6, 0x04, 0xBC, 0xDC, 0x3B, 0xD0, 0x2B, 0x21,
    0x1D, 0x87, 0x22, 0x42, 0x77, 0xF7, 0x8A, 0xE6, 0x84, 0x4B, 0xFC, 0x28, 0xA0, 0x9E, 0x4A, 0x78,
    0xE7, 0x5B, 0xEF, 0x0B, 0xD5, 0x79, 0xEB, 0xA6, 0x18, 0x4F, 0x88, 0x80, 0xA9, 0x50, 0x17, 0x5E,
    0x96, 0x44, 0xD3, 0xC8, 0x85, 0x43, 0xC0, 0xEF, 0xB9, 0xC6, 0xE6, 0xFD, 0x47, 0x4C, 0xA5, 0x1F,
    0xCC, 0x1F, 0xEF, 0x29, 0x80, 0xD2, 0x1B, 0x45, 0x9E, 0x0C, 0xF5, 0xAB, 0x0A, 0x51, 0xFF, 0x20,
    0x33, 0x03, 0xC5, 0xDA, 0x19, 0x60, 0x1C, 0x0D, 0xFF, 0x7E, 0x99, 0x6C, 0xFE, 0x11, 0x50, 0x87,
    0xAF, 0xAC, 0xF9, 0x47, 0x0C, 0x55, 0xC6, 0x44, 0x58, 0x78, 0x5A, 0x5B, 0xAB, 0xFF, 0xC5, 0xB1,
    0x82, 0x91, 0x76, 0x43, 0xE3, 0xFC, 0xC5, 0x52, 0x68, 0x25, 0xD2, 0x53, 0x98, 0xCF, 0x58, 0x08,
    0xE5, 0x58, 0x49, 0x64, 0x66, 0xF0, 0xAD, 0x93, 0x75, 0xE3, 0x43, 0xB2, 0xB3, 0xBF, 0x96, 0x4D,
    0xCE, 0x0A, 0xC7, 0xD0, 0xB9, 0x63, 0x7F, 0xF5, 0xE6, 0x94, 0x04, 0x2C, 0x01, 0xFC, 0xF8, 0xB4,
    0xF6, 0xE2, 0x6B, 0x98, 0x07, 0x32, 0xFA, 0x85, 0xD5, 0x89, 0x6A, 0x00, 0xA7, 0x4A, 0x07, 0x6F,
    0xBC, 0x7D, 0x5E, 0x8C, 0xC5, 0x65, 0x16, 0xEA, 0xA7, 0x59, 0x2B, 0xD0, 0xC5, 0xBB, 0x8F, 0xAB,
    0x8F, 0x31, 0xE7, 0x9E, 0x7A, 0x97, 0x67, 0xCE, 0x9B, 0x7C, 0x9B, 0xFC, 0x67, 0xC9, 0x4D, 0xCC,
    0x6F, 0xDD, 0x44, 0xE6, 0x2F, 0x26, 0x32, 0x5B, 0xF2, 0x91, 0x2B, 0xF1, 0xB7, 0x32, 0xE3, 0x5F,
    0x17, 0xD1, 0xFB, 0xF0, 0xB8, 0xE8, 0x57, 0x47, 0xE1, 0x3F, 0x4F, 0x8E, 0x8B, 0x56, 0xF8, 0x9F,
    0x24, 0xFF, 0x38, 0x79, 0x90, 0x5C, 0x65, 0xBE, 0x98, 0x2B, 0x7D, 0xFB, 0xB9, 0xD2, 0x32, 0x71,
    0xB3, 0x79, 0xE3, 0x93, 0x63, 0x8B, 0x68, 0xD9, 0x3A, 0x0E, 0xA7, 0x31, 0x70, 0xD7, 0x0A, 0xFC,
    0xC0, 0x43, 0xAE, 0x89, 0xAE, 0xBB, 0x64, 0xA5, 0xB4, 0x92, 0xAC, 0xA3, 0xAE, 0x11, 0x69, 0x6B,
    0x9A, 0xFA, 0xCD, 0x76, 0x97, 0x7F, 0x7E, 0x32, 0xD2, 0xF2, 0x69, 0xBD, 0xFA, 0x7C, 0xB9, 0x27,
    0xF7, 0xC3, 0xFD, 0xE2, 0xFB, 0xAF, 0x43, 0x8A, 0x93, 0x43, 0x0B, 0x4B, 0xB0, 0xFF, 0xE4, 0x34,
    0x69, 0x79, 0xE7, 0xBA, 0x71, 0x0D, 0xD5, 0xD4, 0xCE, 0x75, 0x51, 0x51, 0x09, 0x5F, 0x97, 0x26,
    0xAB, 0x97, 0xA2, 0x6F, 0x8E, 0x7F, 0xA6, 0x4C, 0xF8, 0xC0, 0xC2, 0xB8, 0x33, 0x8F, 0xB4, 0xFA,
    0x8A, 0x84, 0x46, 0xAB, 0x53, 0x8C, 0x5F, 0xAD, 0xAC, 0x8A, 0x59, 0xE8, 0xD5, 0x42, 0x39, 0x2B,
    0x5A, 0x21, 0x7D, 0xB3, 0xA3, 0xCE, 0xCF, 0xA2, 0xAD, 0x0A, 0x53, 0xCE, 0xDD, 0x65, 0x14, 0xEF,
    0x2B, 0xBD, 0x21, 0x29, 0x18, 0x94, 0x08, 0xC2, 0x42, 0xF5, 0x4A, 0x71, 0xEC, 0x8E, 0x3C, 0xE7,
    0x91, 0x46, 0xD5, 0x87, 0x67, 0xEE, 0x55, 0x6F, 0xB2, 0x66, 0x58, 0xFC, 0xE3, 0x64, 0xCB, 0x1F,
    0x87, 0x64, 0x77, 0x60, 0x8C, 0xD4, 0x59, 0x4D, 0x39, 0x7A, 0x57, 0x2E, 0x54, 0x6E, 0xE8, 0xFC,
    0x62, 0x8C, 0xDF, 0x50, 0x77, 0x8A, 0xEE, 0xEC, 0x2F, 0xD4, 0xB5, 0xFB, 0x55, 0xD8, 0xF5, 0x49,
    0x5A, 0xFF, 0x3E, 0xDD, 0x5F, 0xE6, 0x59, 0xB3, 0xA1, 0xFB, 0xD9, 0x60, 0xEE, 0x6F, 0xF1, 0x8B,
    0x26, 0xEA, 0x00, 0x55, 0xBF, 0x05, 0xF3, 0xB7, 0x64, 0x8C, 0xE6, 0x7E, 0x6E, 0x5B, 0x4D, 0x57,
    0xD5, 0xF5, 0x45, 0x6D, 0x9E, 0x46, 0xCE, 0x6F, 0x1E, 0x2C, 0xBC, 0x20, 0xF3, 0x92, 0xEB, 0xEF,
    0x49, 0x62, 0xE3, 0x0F, 0xB7, 0x1E, 0xED, 0x85, 0x34, 0xE3, 0xA1, 0xB0, 0xB9, 0xBE, 0x8F, 0xA7,
    0x05, 0xEB, 0x99, 0x45, 0x40, 0xA9, 0x06, 0xF3, 0x98, 0xDB, 0xE7, 0x44, 0x2C, 0xCD, 0x85, 0x65,
    0xFA, 0x03, 0xD0, 0x6D, 0x07, 0x8C, 0xF9, 0x7A, 0xD8, 0xE7, 0xC9, 0x6A, 0x58, 0x7E, 0x98, 0x6C,
    0x41, 0xDF, 0x66, 0xC8, 0x39, 0x89, 0xA3, 0x4D, 0x76, 0x6D, 0xB2, 0x1D, 0x12, 0xF6, 0xC6, 0xDE,
    0xA7, 0x43, 0x77, 0x3E, 0x48, 0x76, 0xA3, 0xF7, 0x61, 0x6C, 0x50, 0x2E, 0x98, 0x4D, 0x93, 0xF5,
    0x74, 0x66, 0x97, 0x64, 0xBA, 0x91, 0x96, 0xA3, 0x8D, 0x39, 0x43, 0xF3, 0x51, 0x12, 0x7C, 0x34,
    0x56, 0x9F, 0x14, 0xD3, 0xA1, 0x59, 0x4E, 0x87, 0x7A, 0x4A, 0x91, 0xC9, 0x65, 0x26, 0x3D, 0xFF,
    0x59, 0x81, 0x17, 0x75, 0x4A, 0xB6, 0xF1, 0x73, 0x1F, 0xEE, 0x74, 0x91, 0x75, 0x5D, 0x27, 0xFF,
    0x3A, 0xB2, 0xDE, 0x29, 0x93, 0xFF, 0x3E, 0xB9, 0x89, 0x09, 0x6B, 0x25, 0x17, 0xFB, 0x68, 0xC6,
    0x85, 0x72, 0x7D, 0xD4, 0x93, 0x5D, 0xA8, 0x7B, 0xF7, 0xA7, 0xF7, 0x55, 0x26, 0x8C, 0xEF, 0x0C,
    0x8C, 0xB9, 0x7C, 0x29, 0x1F, 0xB5, 0xC9, 0x3F, 0xA0, 0x55, 0xE9, 0x8D, 0xC7, 0x5D, 0xF2, 0xF9,
    0x99, 0xBB, 0x79, 0x8C, 0x51, 0xEF, 0x8B, 0x7A, 0xB7, 0x07, 0x63, 0x25, 0xBF, 0x24, 0xFB, 0x39,
    0x66, 0xEB, 0xF6, 0x31, 0xCA, 0xBF, 0x3F, 0xA7, 0x16, 0x96, 0xBB, 0x9B, 0xFA, 0x9F, 0x4F, 0x7F,
    0x6E, 0xFD, 0xFB, 0xC9, 0xAA, 0xF9, 0x52, 0xB2, 0x08, 0x5D, 0x31, 0xCA, 0x61, 0x9F, 0x93, 0x79,
    0xEB, 0xA1, 0x74, 0xF9, 0xBD, 0x3C, 0x8E, 0xB2, 0xDD, 0xE5, 0x51, 0xF6, 0xAE, 0xA2, 0x6C, 0x38,
    0x8B, 0xB2, 0xC5, 0x53, 0x51, 0x96, 0xDE, 0xE0, 0xC6, 0xCA, 0x00, 0xB1, 0x51, 0x31, 0xE9, 0x46,
    0x83, 0xD1, 0x27, 0xB3, 0x7A, 0xFC, 0x51, 0x1B, 0x5B, 0x9B, 0xE4, 0x78, 0x9E, 0x62, 0xFF, 0x8F,
    0xEB, 0xEE, 0xD4, 0x5F, 0x6D, 0x5B, 0x1E, 0x63, 0xDB, 0xAA, 0x8B, 0x6D, 0xEB, 0xF3, 0xEE, 0xB5,
    0x2B, 0x6C, 0xFF, 0x11, 0xC3, 0x2B, 0xF8, 0x35, 0xE3, 0x5F, 0x13, 0x6C, 0xB5, 0xDB, 0x36, 0x0C,
    0xDE, 0xB4, 0x51, 0x92, 0x5A, 0x54, 0x4D, 0xE4, 0x82, 0xDE, 0xEB, 0xD7, 0xC7, 0x78, 0x51, 0xE5,
    0x6A, 0x88, 0x3B, 0xD3, 0x96, 0x90, 0x77, 0x90, 0x9B, 0x4A, 0x16, 0xEE, 0xF1, 0xFF, 0x53, 0x72,
    0x4F, 0xF2, 0x07, 0xC9, 0x4B, 0x35, 0xF7, 0xCE, 0x3A, 0x10, 0xAA, 0x87, 0x42, 0x3D, 0x72, 0x85,
    0x63, 0xB0, 0x21, 0x57, 0x6B, 0xC6, 0x6D, 0xC7, 0x45, 0xB0, 0x59, 0x0B, 0x6B, 0x23, 0x9B, 0x0A,
    0xD3, 0x24, 0xF9, 0x4F, 0x83, 0x4D, 0x9B, 0xF5, 0xBC, 0x2A, 0xF3, 0xBB, 0xAE, 0x9E, 0x2F, 0x25,
    0xA9, 0x04, 0x92, 0xAA, 0x56, 0xAC, 0xE4, 0x8A, 0x80, 0x83, 0x7E, 0x8C, 0x2A, 0x22, 0xC5, 0xAF,
    0xBA, 0xC9, 0x16, 0x6F, 0x4F, 0x97, 0xB7, 0x3C, 0xD1, 0x9A, 0xEA, 0xFC, 0xE8, 0x2D, 0x6D, 0xCB,
    0x2E, 0x91, 0x6D, 0x15, 0x02, 0x68, 0xC3, 0xB3, 0xFB, 0x38, 0x2D, 0xA9, 0xC8, 0x0D, 0xB6, 0xFF,
    0x38, 0xD8, 0x1A, 0xA9, 0x4C, 0x5A, 0xC7, 0xB6, 0x5D, 0x19, 0xDB, 0xB2, 0xFC, 0xCC, 0x36, 0xC3,
    0x5D, 0xED, 0x64, 0x3E, 0x4F, 0xB2, 0x4A, 0x91, 0x1B, 0xFA, 0x77, 0x47, 0xA2, 0xE1, 0x50, 0x35,
    0x38, 0x17, 0x61, 0x70, 0xE3, 0x7C, 0xF7, 0x0A, 0x4F, 0xAC, 0xC4, 0xD2, 0x63, 0x0E, 0x38, 0xC6,
    0x8D, 0xFA, 0xAB, 0xCD, 0x7B, 0x1F, 0x5A, 0xA5, 0xC0, 0x5E, 0x88, 0x6A, 0xF0, 0x66, 0x9E, 0xE3,
    0xE6, 0x84, 0xE9, 0x09, 0xB3, 0x13, 0x56, 0x27, 0x44, 0xC0, 0xD5, 0x09, 0xD7, 0x01, 0xF5, 0x9E,
    0x24, 0xDC, 0xE1, 0x2F, 0x67, 0xCC, 0xF0, 0xC7, 0x33, 0x02, 0x5B, 0xC7, 0x05, 0xFA, 0x19, 0x57,
    0x38, 0x3A, 0x6A, 0x52, 0xAC, 0x30, 0x45, 0xE3, 0xA8, 0xB1, 0x32, 0x61, 0x81, 0x64, 0x46, 0x8C,
    0x33, 0x2E, 0xD1, 0xCF, 0xB8, 0x46, 0xE7, 0x38, 0x39, 0xDF, 0xCE, 0xB8, 0x43, 0x3D, 0x63, 0x36,
    0x89, 0x63, 0x85, 0xC4, 0x71, 0xC0, 0x30, 0x23, 0x70, 0x3C, 0x61, 0x7B, 0xC2, 0x03, 0xF1, 0xE3,
    0x7D, 0x5E, 0x85, 0x69, 0x93, 0xE5, 0x84, 0xB9, 0x30, 0xAF, 0x30, 0x26, 0xC2, 0xA4, 0x42, 0x7F,
    0xC2, 0xA3, 0x70, 0x9C, 0xB0, 0x15, 0x0E, 0x89, 0x0C, 0x3D, 0x10, 0xF0, 0x14, 0x8D, 0x8B, 0x78,
    0x9C, 0xB2, 0x9D, 0x71, 0x2D, 0x8C, 0x1A, 0x70, 0xC2, 0xE6, 0x92, 0x91, 0x86, 0xEC, 0x84, 0x15,
    0xCA, 0x78, 0x50, 0x39, 0x18, 0x8D, 0x01, 0xA0, 0x0F, 0x74, 0xF4, 0xFC, 0xB3, 0xD4, 0xDD, 0x31,
    0xF8, 0x1D, 0x6D, 0xFB, 0x1E, 0x34, 0xE7, 0x1D, 0x13, 0x9A, 0x1A, 0x2A, 0xCF, 0x86, 0x2A, 0xE2,
    0xCE, 0xFE, 0xDB, 0xD7, 0xBD, 0x6F, 0xD2, 0x03, 0x39, 0x1D, 0x51, 0x2B, 0x52, 0xB4, 0x0A, 0xB4,
    0x09, 0x94, 0x06, 0xCA, 0x02, 0x55, 0x33, 0x2D, 0x30, 0xD3, 0x2A, 0xD0, 0x06, 0x9F, 0x3A, 0xA5,
    0xF8, 0xB1, 0x53, 0x86, 0x7F, 0xE1, 0x54, 0x61, 0x2B, 0x5A, 0x60, 0x70, 0x62, 0x6A, 0x13, 0x31,
    0xB1, 0x89, 0x98, 0xD6, 0x44, 0x19, 0x4A, 0xD1, 0x58, 0x21, 0x11, 0x01, 0x43, 0xA0, 0x3E, 0x50,
    0x1B, 0xA8, 0x99, 0xE8, 0xA7, 0x17, 0x24, 0xF5, 0x73, 0x91, 0x92, 0x99, 0x06, 0xA3, 0x71, 0xA2,
    0xDE, 0x88, 0x89, 0xB9, 0x75, 0x7A, 0xAA, 0x0B, 0xAF, 0x70, 0x8A, 0x13, 0xC4, 0x25, 0x63, 0x07,
    0xAB, 0x88, 0x0E, 0x94, 0x78, 0x02, 0xA1, 0xBC, 0xE5, 0x54, 0x26, 0x0B, 0x2E, 0xC8, 0xD5, 0x6B,
    0xC0, 0xA5, 0xAA, 0xC1, 0x83, 0x1B, 0xAB, 0xAE, 0xBB, 0x56, 0x81, 0x47, 0xAE, 0x38, 0xBA, 0x22,
    0x77, 0x3D, 0xB8, 0x1E, 0x5D, 0x7B, 0x5E, 0xB7, 0xB8, 0x0F, 0x4C, 0x4A, 0x96, 0xB2, 0x0B, 0xD7,
    0x34, 0x43, 0x79, 0xAD, 0xEA, 0x3C, 0x5D, 0x17, 0xDC, 0xA1, 0x19, 0xE2, 0xFB, 0x44, 0xF7, 0x2D,
    0xCF, 0xFC, 0xF5, 0x38, 0x0F, 0x33, 0x88, 0x9F, 0xA9, 0xEF, 0x61, 0xB4, 0xD2, 0x53, 0xCE, 0x5C,
    0xAD, 0x17, 0xFC, 0xFA, 0x41, 0xB8, 0xEE, 0x45, 0x2A, 0xF0, 0xF1, 0x03, 0xE9, 0xE9, 0x86, 0x9D,
    0xEB, 0xE0, 0x8A, 0x49, 0x47, 0xCE, 0x17, 0x2E, 0xED, 0xBA, 0xE2, 0x19, 0xDB, 0xB2, 0x14, 0x3A,
    0xCF, 0x46, 0x22, 0xC3, 0xF5, 0xB1, 0x7B, 0xDD, 0xF9, 0xFD, 0x1E, 0x72, 0x01, 0xB0, 0x6D, 0xDC,
    0x53, 0x31, 0x9A, 0x25, 0xA8, 0x25, 0xAD, 0xA4, 0x97, 0x8C, 0x93, 0x70, 0x8A, 0xB9, 0x2F, 0x88,
    0x28, 0x27, 0xA1, 0x77, 0x28, 0x99, 0x64, 0x17, 0xCB, 0xDF, 0x33, 0x59, 0x0C, 0x26, 0x6B, 0x64,
    0x94, 0x15, 0x74, 0x9D, 0x4A, 0x52, 0x04, 0xE9, 0x25, 0x9D, 0xA4, 0x89, 0x3D, 0xA1, 0x6F, 0x97,
    0xE7, 0x45, 0x97, 0x98, 0xD3, 0xAD, 0xC9, 0xB6, 0x34, 0x59, 0x3C, 0xDF, 0xC7, 0x47, 0x55, 0x8F,
    0xBF, 0xF5, 0xFF, 0x30, 0xBF, 0x2E, 0xB5, 0xC8, 0x61, 0xAB, 0xEE, 0xA3, 0x4C, 0xB9, 0x9A, 0xC6,
    0xA5, 0xCC, 0x30, 0x7E, 0x15, 0xA8, 0x33, 0x0D, 0x4F, 0x67, 0xD6, 0x1D, 0xDC, 0xC6, 0xB3, 0x11,
    0xC3, 0xB7, 0x3D, 0x22, 0x59, 0xB9, 0xC4, 0x3F, 0x6E, 0xBE, 0x46, 0x29, 0xB3, 0xBF, 0xB6, 0xCB,
    0x01, 0x93, 0xCA, 0xE4, 0x90, 0x81, 0x7F, 0xC7, 0x2D, 0x78, 0x07, 0x9B, 0x71, 0xAE, 0xBB, 0xE7,
    0x26, 0x2C, 0x72, 0x0A, 0xA0, 0x9F, 0x64, 0x2B, 0xDB, 0x1F, 0xEA, 0xFF, 0xF2, 0xBB, 0xFF, 0x15,
    0xCF, 0xCC, 0xF9, 0xBE, 0x4F, 0x49, 0xFE, 0x47, 0xC9, 0x97, 0x24, 0xC9, 0xED, 0x25, 0xB1, 0x7E,
    0x6E, 0xFD, 0x70, 0x93, 0xE3, 0x7E, 0x32, 0x15, 0x9E, 0x65, 0x78, 0x16, 0xEC, 0x8A, 0xDF, 0x96,
    0xA3, 0x76, 0x2E, 0x52, 0x11, 0x7C, 0xFD, 0xF1, 0x2E, 0x3F, 0xAF, 0xAF, 0xE8, 0xBA, 0xE6, 0xF8,
    0xCD, 0x8B, 0x0B, 0x05, 0xF1, 0xE7, 0x76, 0xD4, 0x32, 0xC1, 0x6F, 0xA9, 0xF0, 0x6C, 0xAF, 0x97,
    0x91, 0x6B, 0xC0, 0xBC, 0x1A, 0xB8, 0xB5, 0x54, 0x2A, 0x65, 0x40, 0x53, 0x5F, 0x2B, 0xEF, 0x60,
    0x60, 0x53, 0x42, 0xD7, 0xBD, 0x4C, 0xD1, 0x96, 0x90, 0xEA, 0x76, 0xBF, 0xFE, 0xA8, 0x0B, 0xAE,
    0x3A, 0xAA, 0xC8, 0xBA, 0xEA, 0x58, 0xF1, 0xA8, 0x33, 0x3F, 0xE3, 0xF1, 0x3D, 0xAD, 0xE3, 0xF4,
    0xB2, 0xF1, 0x26, 0x3A, 0x9D, 0xFF, 0x41, 0x28, 0xD4, 0x5E, 0x80, 0x56, 0x78, 0x48, 0x55, 0xF9,
    0x2B, 0x1D, 0x5C, 0x51, 0xBB, 0xB6, 0xAE, 0xBD, 0xEB, 0x38, 0x7F, 0x9F, 0xD6, 0x74, 0xAD, 0x92,
    0xDE, 0x3A, 0xC9, 0x4C, 0x33, 0x34, 0xA6, 0xE9, 0x13, 0x13, 0x14, 0x36, 0xAE, 0x6B, 0xD7, 0xD5,
    0x15, 0xBA, 0x3E, 0x9D, 0x7F, 0xDE, 0xDD, 0x1D, 0x75, 0xAF, 0x47, 0x53, 0x72, 0x16, 0x56, 0xC5,
    0xFD, 0x83, 0x7B, 0x69, 0x58, 0x7C, 0x36, 0xBA, 0xF6, 0xAE, 0xAD, 0x6B, 0x2D, 0x1D, 0x7D, 0xDA,
    0xCC, 0x21, 0xBC, 0xE0, 0x69, 0xCD, 0x5C, 0x9E, 0x28, 0xF3, 0x3E, 0x5B, 0xCA, 0x9B, 0x15, 0xB0,
    0x8C, 0x29, 0xBB, 0xE0, 0x10, 0xFC, 0x15, 0xBB, 0xD2, 0x4A, 0x7A, 0xC9, 0xA0, 0xAD, 0xA9, 0x40,
    0x49, 0x54, 0xD8, 0x4F, 0x58, 0x52, 0x76, 0x2A, 0xF3, 0xB7, 0xB3, 0x34, 0x97, 0x8A, 0x82, 0x48,
    0x12, 0x7F, 0xC2, 0x80, 0xAE, 0x50, 0xC0, 0xFA, 0xE9, 0xFF, 0xDE, 0x40, 0x8D, 0x77, 0x8C, 0x92,
    0x5E, 0xD2, 0x4A, 0x6A, 0x8A, 0x02, 0xA8, 0x8A, 0x67, 0x22, 0xED, 0x4B, 0x2E, 0x12, 0xD2, 0x60,
    0x64, 0x3A, 0xCF, 0x0F, 0xF6, 0xA1, 0x25, 0x59, 0x34, 0x4C, 0x78, 0x94, 0xA5, 0x80, 0x77, 0xC5,
    0xF8, 0x38, 0x9E, 0x12, 0x9C, 0xB6, 0x44, 0x94, 0x87, 0x68, 0x59, 0xCF, 0x8B, 0x0F, 0x68, 0x91,
    0xCF, 0xE9, 0x1C, 0x7A, 0xF9, 0x98, 0xCE, 0xD1, 0x42, 0xC7, 0xC2, 0xCA, 0x50, 0x0C, 0x1E, 0xF5,
    0x93, 0xC5, 0x6E, 0x27, 0xE7, 0xD0, 0x9F, 0x12, 0x4B, 0x03, 0xCD, 0xB7, 0x56, 0x4A, 0xD2, 0xD7,
    0x64, 0xBD, 0xD3, 0x51, 0x5F, 0xD7, 0x72, 0xE7, 0x30, 0xA0, 0x8F, 0x07, 0x74, 0xE5, 0x98, 0xBE,
    0xE3, 0x86, 0x5E, 0xBC, 0x44, 0xAF, 0xEF, 0x73, 0xC9, 0xB5, 0xCE, 0x5D, 0x53, 0x62, 0x44, 0x1F,
    0x6D, 0x7D, 0xCB, 0x9B, 0xB6, 0xEE, 0x58, 0x1E, 0xFC, 0xC6, 0x87, 0x47, 0x1F, 0x7D, 0xA4, 0x9B,
    0xFF, 0xE0, 0x8E, 0xF9, 0x93, 0xCA, 0x31, 0x5A, 0x76, 0x68, 0xE4, 0x18, 0x2D, 0x72, 0xAE, 0x42,
    0xAE, 0xA0, 0x1A, 0xA7, 0x90, 0x67, 0x48, 0xAA, 0xC9, 0x8C, 0xCE, 0x42, 0x92, 0x7F, 0xB4, 0x6C,
    0xD0, 0xCD, 0x01, 0x8F, 0x2E, 0xC5, 0x41, 0x96, 0x1D, 0x34, 0x4E, 0xEE, 0x91, 0x85, 0x8E, 0x8E,
    0xD1, 0xA2, 0x29, 0x00, 0xC1, 0xAC, 0x3E, 0x6F, 0x0B, 0x07, 0x33, 0x6D, 0x0F, 0x00, 0xFB, 0xBB,
    0xB0, 0x8D, 0x4C, 0xD9, 0x45, 0xBC, 0xB0, 0xE1, 0xE1, 0xC1, 0x58, 0xCF, 0x0B, 0xE3, 0xAD, 0x0F,
    0xB8, 0x92, 0x19, 0x66, 0x4C, 0x43, 0xE4, 0x42, 0xCB, 0xDA, 0x5B, 0x32, 0xA0, 0x10, 0x9F, 0xD8,
    0xEB, 0x04, 0x8C, 0x13, 0xDB, 0xE8, 0xB8, 0xC6, 0x90, 0x8F, 0x61, 0x38, 0xE5, 0x07, 0x3E, 0xEF,
    0x97, 0xA1, 0xF4, 0x37, 0x9A, 0x87, 0x60, 0x17, 0xFF, 0x2D, 0x1E, 0x85, 0x51, 0xDB, 0x31, 0x9A,
    0xD8, 0x11, 0x6F, 0x3C, 0xCA, 0x73, 0x46, 0xE3, 0x54, 0xD7, 0x2A, 0xEF, 0xCB, 0x4D, 0x9F, 0x23,
    0xB7, 0xE4, 0xBD, 0x5A, 0xBB, 0x74, 0x30, 0x3F, 0x68, 0xE6, 0xDA, 0xD1, 0xFC, 0xA6, 0xBE, 0x07,
    0xF7, 0x73, 0x6E, 0xA5, 0x27, 0x39, 0x53, 0x71, 0x5B, 0x92, 0xD3, 0x89, 0x17, 0xFE, 0xEC, 0x9B,
    0x89, 0x19, 0x16, 0x0A, 0x13, 0xA6, 0xBA, 0xCE, 0x38, 0x01, 0x93, 0xE3, 0x41, 0x5C, 0xC8, 0x7B,
    0x32, 0xD5, 0x2B, 0xE4, 0x22, 0xF0, 0xFB, 0xFA, 0x86, 0xBE, 0x0A, 0x9A, 0xB8, 0x36, 0x09, 0xA5,
    0xDE, 0x4E, 0xA5, 0x5E, 0xFA, 0x88, 0x67, 0x25, 0xBF, 0x7F, 0xEA, 0x3E, 0xAF, 0x24, 0xC5, 0x99,
    0x54, 0x63, 0xF4, 0x46, 0x65, 0x21, 0x78, 0xF7, 0x9D, 0xB0, 0x48, 0xBE, 0x36, 0x79, 0x94, 0x98,
    0x3C, 0x94, 0xA0, 0x94, 0x74, 0x2C, 0xBE, 0x30, 0x5F, 0x27, 0xC7, 0x30, 0xC7, 0x52, 0x29, 0x39,
    0x2B, 0x2D, 0x83, 0xDC, 0xD3, 0x6A, 0x81, 0xEF, 0xE5, 0x0C, 0xF4, 0xFC, 0xDA, 0xB7, 0x18, 0x3D,
    0xE6, 0x9D, 0xF9, 0x9B, 0x44, 0xEF, 0xCE, 0x8B, 0x76, 0x4D, 0x92, 0x79, 0x18, 0xC0, 0x47, 0x85,
    0xDB, 0x58, 0x0A, 0x93, 0x0A, 0xE7, 0x52, 0x4B, 0xF4, 0x4D, 0x6F, 0xEE, 0x5A, 0xFB, 0xDB, 0xF3,
    0x79, 0x59, 0x3D, 0xD0, 0xF6, 0x78, 0x9A, 0xA9, 0xB4, 0x44, 0x1E, 0x42, 0x41, 0xC7, 0x25, 0x6A,
    0x1E, 0xFC, 0x58, 0xDA, 0xF1, 0xD4, 0x78, 0x7B, 0x2F, 0xB7, 0xBD, 0xAA, 0x78, 0xC8, 0x15, 0x08,
    0x38, 0xCD, 0x4B, 0x16, 0x6C, 0x4E, 0xFB, 0x0A, 0x1C, 0x04, 0xD1, 0x1C, 0x6B, 0x05, 0xDD, 0x02,
    0x83, 0x40, 0xCF, 0x12, 0xF6, 0xA0, 0xD2, 0xB2, 0x7C, 0x41, 0x18, 0x54, 0x9E, 0xAB, 0x3C, 0xDE,
    0xC0, 0x60, 0x83, 0x56, 0x90, 0xA2, 0x11, 0x64, 0x28, 0x05, 0x21, 0x95, 0x56, 0xF3, 0x2F, 0xD9,
    0x7C, 0xCE, 0x76, 0xBE, 0x6A, 0x3D, 0xBB, 0xA3, 0xFC, 0x6D, 0xB7, 0xF0, 0x7B, 0xC9, 0xA7, 0xF2,
    0x46, 0x3B, 0x7B, 0xEC, 0x28, 0x58, 0xB9, 0x9F, 0x95, 0x15, 0xF4, 0x38, 0xEA, 0xB7, 0xF4, 0x06,
    0x0C, 0x61, 0x3B, 0xC3, 0x66, 0x86, 0xD5, 0x0C, 0x49, 0x80, 0x22, 0x8C, 0x58, 0xEE, 0x5E, 0x0E,
    0x68, 0x7D, 0xDF, 0xDD, 0x0B, 0x6D, 0x2F, 0x5D, 0x98, 0xBF, 0x3A, 0xD3, 0x1D, 0x1A, 0x53, 0x06,
    0x4F, 0xA1, 0x47, 0xA1, 0x32, 0x68, 0xA9, 0x5E, 0x78, 0xF3, 0x34, 0xD3, 0x42, 0x19, 0x95, 0x65,
    0x3D, 0x95, 0xA7, 0x51, 0x79, 0x1A, 0x95, 0xA7, 0x51, 0x2B, 0xE4, 0xAE, 0xB5, 0xFF, 0x7E, 0xF0,
    0xF3, 0x3A, 0x53, 0x06, 0x9D, 0xDC, 0x81, 0x29, 0x33, 0x91, 0x29, 0x4F, 0xD4, 0x7D, 0x8F, 0x54,
    0x05, 0x96, 0xFC, 0x85, 0x46, 0xFE, 0x94, 0x66, 0xAE, 0x5B, 0xD7, 0xD5, 0xA4, 0x2A, 0xE4, 0x5F,
    0x90, 0xAE, 0x51, 0xEF, 0xF7, 0x36, 0xAB, 0x2B, 0x07, 0x94, 0xE6, 0xA9, 0x4C, 0x2B, 0xC0, 0xE2,
    0x1E, 0x9F, 0x04, 0x58, 0x75, 0xF4, 0x30, 0xB5, 0x40, 0x6D, 0x0A, 0x24, 0xD4, 0x5F, 0x63, 0x30,
    0x05, 0x8E, 0xAE, 0xAD, 0x6B, 0xED, 0x9A, 0x4B, 0xC7, 0x84, 0xAA, 0x14, 0x08, 0x0F, 0x47, 0x78,
    0x38, 0x02, 0x45, 0xB4, 0x09, 0x2B, 0xB5, 0x72, 0xBB, 0xD2, 0x30, 0x90, 0xFA, 0xF9, 0x1B, 0x5D,
    0x2F, 0xF7, 0x22, 0xF7, 0xA3, 0xFB, 0xB5, 0x67, 0xFE, 0xF9, 0xD4, 0xFD, 0xF7, 0xB7, 0x74, 0x59,
    0xFE, 0x2E, 0x4D, 0xE9, 0x32, 0x9F, 0x8F, 0x2E, 0xFB, 0xEA, 0x1D, 0x53, 0xBA, 0x4C, 0xD5, 0x27,
    0x34, 0x55, 0xEC, 0x79, 0x7A, 0xF2, 0xE4, 0xE4, 0xA9, 0xA9, 0xC0, 0xBA, 0xAD, 0x50, 0x4E, 0xF2,
    0x4B, 0x20, 0x99, 0xE4, 0xD7, 0xE8, 0x29, 0x40, 0x2B, 0x69, 0x24, 0xA5, 0xC9, 0x98, 0x98, 0xF4,
    0x21, 0x11, 0x29, 0x0D, 0x29, 0x09, 0x49, 0xEA, 0x90, 0x80, 0x94, 0x7E, 0x74, 0x81, 0x04, 0x2E,
    0xB5, 0xE4, 0x20, 0xE9, 0x28, 0x8C, 0x01, 0xF7, 0x84, 0xBC, 0x54, 0x17, 0x58, 0x7E, 0x2B, 0xC3,
    0x41, 0xDE, 0x3D, 0x2A, 0xD1, 0x0C, 0x36, 0x61, 0x6F, 0xB9, 0xFF, 0x50, 0x45, 0xE9, 0x06, 0x9D,
    0x80, 0x25, 0xD5, 0xD7, 0xF1, 0xC9, 0x3D, 0xB5, 0xEF, 0x54, 0x79, 0xE4, 0x06, 0x4C, 0xFA, 0x06,
    0xAB, 0xA8, 0x3D, 0x27, 0xF0, 0xE2, 0xCD, 0xDB, 0x71, 0xBE, 0x91, 0x88, 0x01, 0x2F, 0x32, 0xE0,
    0x45, 0x06, 0xD3, 0x3F, 0x83, 0xC7, 0x15, 0x1A, 0x03, 0x55, 0x8C, 0x82, 0xE4, 0x29, 0x28, 0x67,
    0x68, 0xFC, 0x2A, 0x5D, 0xAE, 0x4F, 0x0C, 0xBA, 0xCB, 0x83, 0x60, 0x09, 0x08, 0x58, 0x1D, 0x0A,
    0x0A, 0x34, 0x82, 0x1D, 0x5A, 0x01, 0x2F, 0x33, 0x58, 0x63, 0x10, 0x2C, 0x01, 0x01, 0x2F, 0x33,
    0xE0, 0x65, 0x02, 0x5E, 0x46, 0xE0, 0x65, 0x02, 0x5E, 0x46, 0xD0, 0x65, 0x2A, 0x36, 0xAF, 0x54,
    0xB5, 0xD7, 0xAF, 0x56, 0xDF, 0xE4, 0xE0, 0xFC, 0x3A, 0x36, 0x31, 0xA9, 0x8C, 0x79, 0x25, 0x93,
    0x9A, 0xBA, 0xF0, 0xFB, 0x29, 0xF4, 0x47, 0x26, 0x3C, 0x2A, 0x53, 0x1E, 0x55, 0x05, 0x94, 0xD2,
    0x2A, 0x55, 0xE1, 0xAD, 0x95, 0x65, 0x54, 0x9E, 0x46, 0xE5, 0x69, 0x54, 0x9E, 0x16, 0x2B, 0xEF,
    0xA2, 0xF3, 0x0E, 0x7E, 0xDD, 0xD1, 0xDD, 0x19, 0x4C, 0xED, 0xF6, 0xBA, 0x4F, 0xED, 0xF7, 0x6D,
    0xA9, 0x0A, 0x50, 0x6F, 0x01, 0xBB, 0x3F, 0xF3, 0xD8, 0xDF, 0x3C, 0x91, 0xCA, 0x13, 0xF7, 0x53,
    0xCF, 0xAE, 0xE6, 0x8B, 0xAA, 0x25, 0xB2, 0xC4, 0xE0, 0xB4, 0xC6, 0xD1, 0x89, 0x1E, 0x16, 0x31,
    0x31, 0x89, 0x2A, 0xE4, 0xD3, 0x45, 0x74, 0x9C, 0xB6, 0x10, 0x0C, 0x22, 0x3D, 0x61, 0x08, 0x8A,
    0x53, 0x60, 0xCC, 0xC1, 0x21, 0x5A, 0xA2, 0x77, 0x52, 0xE3, 0x5A, 0x0F, 0x79, 0x70, 0xE2, 0xBD,
    0x44, 0x95, 0x2E, 0xF0, 0x3B, 0xC7, 0x81, 0x14, 0x82, 0x29, 0x04, 0x94, 0x48, 0x65, 0x7B, 0x08,
    0xF4, 0x10, 0x5C, 0xC1, 0x07, 0xA5, 0x53, 0x16, 0xFC, 0x97, 0x06, 0x3F, 0xAB, 0x00, 0xD3, 0x13,
    0x8D, 0x4E, 0xAA, 0x84, 0x43, 0x20, 0x8A, 0x32, 0x1C, 0x9C, 0x78, 0x3F, 0x91, 0x4A, 0x4F, 0x85,
    0x24, 0x9C, 0x78, 0xBF, 0x8B, 0x8B, 0x79, 0xF7, 0x72, 0x84, 0x6F, 0x12, 0xCA, 0xB5, 0x5C, 0x30,
    0x87, 0xFB, 0x0A, 0x47, 0xC1, 0xC6, 0x36, 0x0B, 0xAF, 0xC6, 0x79, 0x2B, 0x45, 0x06, 0x61, 0x22,
    0xC0, 0x20, 0xE0, 0xB9, 0x06, 0x1B, 0x1C, 0x04, 0x3C, 0xD7, 0x20, 0x43, 0x22, 0xC0, 0x20, 0x00,
    0x46, 0xC1, 0x58, 0x20, 0x9F, 0x4F, 0x6E, 0x04, 0xBC, 0x95, 0x3B, 0xD8, 0x0B, 0xE4, 0x6F, 0xDD,
    0xB4, 0x14, 0xE8, 0xEC, 0x42, 0x1E, 0x23, 0x30, 0xC2, 0x05, 0x09, 0xE0, 0x90, 0xA1, 0x14, 0xA4,
    0x38, 0x08, 0x36, 0xB6, 0x5D, 0x94, 0xEF, 0x3A, 0x3B, 0xF7, 0xEA, 0x7C, 0x7E, 0xA4, 0x4D, 0xA0,
    0x44, 0x34, 0xB7, 0x23, 0x5D, 0xFB, 0xD2, 0xFC, 0xF7, 0x78, 0x5F, 0x3A, 0x01, 0xF5, 0xED, 0x29,
    0x91, 0x49, 0x5F, 0x3E, 0xC5, 0x2D, 0xB8, 0x44, 0xE3, 0x16, 0xED, 0x4B, 0x01, 0x9A, 0xDB, 0xC3,
    0xAD, 0xEF, 0xF5, 0xE8, 0x22, 0x17, 0x00, 0xF5, 0x4D, 0xC0, 0x47, 0x5A, 0x5F, 0x34, 0x6C, 0x50,
    0x2B, 0xAF, 0xB0, 0x53, 0x3D, 0xC4, 0xEB, 0xE1, 0x96, 0xF4, 0x58, 0xD7, 0xBE, 0xE6, 0x79, 0xE5,
    0x39, 0xC9, 0x52, 0x2F, 0x0B, 0xE5, 0x39, 0x4E, 0xFB, 0x9B, 0xC3, 0x27, 0xBA, 0xEA, 0xE5, 0xA7,
    0xDE, 0x97, 0x03, 0x1A, 0x3B, 0xD0, 0x5E, 0x10, 0x21, 0xCA, 0x9E, 0xC3, 0xC2, 0x98, 0x0E, 0x16,
    0xEA, 0xE7, 0x64, 0xA9, 0xF0, 0xB3, 0x60, 0xA1, 0x39, 0xC4, 0x96, 0x21, 0xB6, 0xA0, 0x8C, 0x2D,
    0x87, 0xD8, 0x72, 0x8C, 0x2D, 0xC3, 0x6C, 0xB1, 0x69, 0xEE, 0xC1, 0xC2, 0xB4, 0x90, 0xCB, 0xA2,
    0x43, 0x79, 0xB2, 0x14, 0xA8, 0xDD, 0xA2, 0xF1, 0x86, 0x93, 0x65, 0x7B, 0x6E, 0x39, 0x5C, 0x61,
    0xD9, 0x5C, 0x67, 0xB9, 0xDA, 0x81, 0x78, 0xB9, 0x62, 0x73, 0xC5, 0x5A, 0xE4, 0x22, 0x58, 0xE4,
    0xEB, 0xC0, 0x2B, 0x20, 0x77, 0xFC, 0x67, 0xF9, 0x7D, 0xE0, 0x74, 0x01, 0xD0, 0xC7, 0x96, 0x63,
    0x6C, 0x39, 0xC4, 0x96, 0x32, 0xB2, 0x0C, 0xD1, 0xED, 0x63, 0xCF, 0x5C, 0x68, 0xC0, 0x84, 0x26,
    0x8F, 0x37, 0x70, 0xB8, 0x05, 0x7D, 0xF3, 0xE2, 0xBE, 0x48, 0x83, 0x1B, 0xB7, 0x26, 0x4E, 0xA6,
    0x10, 0x01, 0x79, 0xA0, 0x2E, 0xD0, 0x10, 0x08, 0x79, 0xA0, 0x26, 0x50, 0x2B, 0xAA, 0x77, 0xE8,
    0x9C, 0xD6, 0xE8, 0x9D, 0x96, 0x81, 0x12, 0x0C, 0x81, 0xC6, 0x99, 0xAA, 0x40, 0xC5, 0x25, 0x54,
    0x8D, 0x89, 0x4C, 0x44, 0x18, 0x9E, 0xA2, 0x65, 0x88, 0x8E, 0x8D, 0xD3, 0x7F, 0x9E, 0x6B, 0xCF,
    0x05, 0x5F, 0x28, 0x1A, 0xA8, 0x09, 0x94, 0x8B, 0x14, 0x2D, 0xA2, 0x4E, 0x74, 0x07, 0x63, 0x7E,
    0xC5, 0x0C, 0xE1, 0x39, 0x76, 0x0B, 0x3F, 0x79, 0x35, 0x3B, 0xBE, 0x9D, 0x21, 0x9B, 0x6F, 0xA2,
    0xC8, 0xD1, 0xC4, 0xE1, 0x45, 0x1E, 0x7D, 0xAF, 0x44, 0x6D, 0xE1, 0x37, 0xBF, 0xA3, 0xE6, 0xF1,
    0x92, 0x4E, 0xFA, 0x12, 0xAF, 0x9E, 0x89, 0xD4, 0x5C, 0xE0, 0xC3, 0x2B, 0xFD, 0x10, 0x34, 0x02,
    0x6E, 0x73, 0x21, 0xB5, 0xE6, 0x78, 0x69, 0xAB, 0xB5, 0x0C, 0x3A, 0xC1, 0x74, 0x5C, 0x3E, 0x03,
    0xEA, 0x00, 0xD3, 0x71, 0xE2, 0x1D, 0x1D, 0xE4, 0xE5, 0x6C, 0x93, 0xB2, 0x13, 0xFD, 0x40, 0x6F,
    0xD8, 0x58, 0xCF, 0xD6, 0xB6, 0x1F, 0x66, 0x34, 0x5A, 0xCC, 0x17, 0xC8, 0x57, 0xE6, 0x15, 0xBD,
    0x34, 0x75, 0x5A, 0x8F, 0x8F, 0xB8, 0x8C, 0xF6, 0x29, 0x81, 0x61, 0xBE, 0x91, 0x43, 0x52, 0xCC,
    0x70, 0x47, 0xA0, 0x36, 0x52, 0x41, 0x50, 0x80, 0x1E, 0xE3, 0xF9, 0xFA, 0x8F, 0xF3, 0x78, 0xD7,
    0x99, 0x9D, 0xAB, 0x87, 0xE8, 0x2A, 0xBC, 0x7E, 0x4B, 0xB7, 0x78, 0xF4, 0x46, 0xEE, 0x73, 0xC3,
    0xEF, 0x3F, 0xF2, 0x3D, 0x41, 0xB4, 0x69, 0xE7, 0x56, 0x1D, 0x0C, 0x74, 0xA1, 0x57, 0x0F, 0x21,
    0x46, 0x2A, 0x1B, 0xF9, 0xD4, 0xEA, 0xB8, 0x95, 0x76, 0x1B, 0xE4, 0xD4, 0x36, 0x56, 0xFF, 0x9D,
    0x5D, 0x69, 0x3C, 0x8F, 0x63, 0x86, 0xFD, 0x8E, 0x5A, 0x67, 0xA3, 0x4D, 0xC5, 0x6C, 0x53, 0xCD,
    0x7D, 0xC3, 0x77, 0xB5, 0x0F, 0x60, 0xBC, 0xF6, 0xFC, 0x63, 0xC5, 0x9B, 0x96, 0x20, 0x4B, 0x17,
    0x52, 0x3E, 0xB9, 0xF7, 0x44, 0x73, 0xDC, 0x2F, 0x4E, 0x62, 0x95, 0x52, 0x5C, 0xEA, 0xD3, 0xC5,
    0x40, 0x93, 0xBB, 0xC3, 0xFA, 0x59, 0xEF, 0x44, 0xF0, 0x80, 0x1F, 0xF2, 0xFB, 0xBD, 0x16, 0x56,
    0x26, 0xFF, 0x4A, 0xE9, 0x2A, 0x4A, 0xFA, 0xF3, 0x4B, 0x5E, 0x1A, 0x92, 0xFD, 0xE1, 0xF6, 0x8B,
    0xA7, 0xA4, 0xCF, 0xB8, 0xAE, 0x89, 0xDD, 0xF7, 0xFB, 0xC5, 0xFB, 0xDB, 0xC4, 0x8B, 0xA8, 0x7E,
    0x97, 0xFE, 0xED, 0x92, 0x3B, 0xD1, 0x17, 0x32, 0x32, 0xD7, 0xD4, 0x75, 0xE5, 0x9A, 0x54, 0x52,
    0xAD, 0x6B, 0x32, 0xA7, 0x1F, 0x29, 0xB4, 0xD6, 0xC3, 0x13, 0x6B, 0x77, 0x51, 0x4B, 0xAB, 0xC6,
    0xF5, 0x20, 0x85, 0x14, 0x68, 0x5C, 0x6B, 0xD7, 0x52, 0x3A, 0x78, 0x82, 0x7B, 0xA0, 0xC8, 0xF8,
    0xDE, 0xB3, 0x3F, 0x30, 0x89, 0x8B, 0xAA, 0x4C, 0xD1, 0x25, 0x0B, 0x7F, 0xEE, 0xDB, 0x2E, 0xA5,
    0xD2, 0x39, 0x3A, 0x3F, 0x5A, 0x44, 0xF5, 0x25, 0x2E, 0xA2, 0xBA, 0x73, 0xD8, 0x02, 0x1F, 0xE3,
    0xB0, 0xBE, 0xEC, 0x03, 0x93, 0x4A, 0x5A, 0x1A, 0xD5, 0x1A, 0x54, 0x8E, 0x44, 0x8F, 0x5E, 0x34,
    0x61, 0xE8, 0xC3, 0x8F, 0x95, 0xFA, 0xC0, 0xE3, 0x63, 0x1D, 0x7C, 0xF1, 0xE5, 0xE9, 0x81, 0x7D,
    0xAF, 0x6B, 0x28, 0x1A, 0xAE, 0x13, 0xB6, 0x54, 0x3F, 0xDE, 0x7F, 0xE8, 0x75, 0xE7, 0x6F, 0xA6,
    0xB0, 0x37, 0x9F, 0x02, 0x94, 0x37, 0x11, 0xA5, 0xEB, 0xE7, 0x17, 0x36, 0x94, 0x2F, 0xCC, 0xE4,
    0xDE, 0x5A, 0xBA, 0x4E, 0x2E, 0x2E, 0x8A, 0xA9, 0x8A, 0xCE, 0xFD, 0xE2, 0x57, 0x23, 0x3F, 0x7A,
    0xDB, 0x04, 0xC3, 0xB5, 0x42, 0x53, 0x3C, 0xA7, 0xF4, 0xEC, 0x80, 0xB7, 0x1E, 0xDA, 0x02, 0xB5,
    0x06, 0xB6, 0x7C, 0x3B, 0x9A, 0x54, 0x3D, 0x93, 0x07, 0x2B, 0x92, 0xAC, 0x06, 0xF2, 0x79, 0xAA,
    0xEA, 0xDA, 0xB6, 0x3F, 0x63, 0x7D, 0xFD, 0xDB, 0xCE, 0xD9, 0xA0, 0xD3, 0xCE, 0x8E, 0xEA, 0xCC,
    0xD4, 0x06, 0x5F, 0xDA, 0x71, 0xD0, 0xC6, 0xAB, 0x0A, 0x68, 0x59, 0x8A, 0xF7, 0x41, 0x85, 0x65,
    0xC5, 0x38, 0xC6, 0xBB, 0x10, 0xE9, 0xA3, 0x61, 0x9A, 0x4B, 0x1D, 0x37, 0xE5, 0x96, 0xA7, 0x0E,
    0xB2, 0x57, 0xA8, 0x17, 0xDA, 0xCD, 0xC8, 0x7A, 0x07, 0x79, 0x50, 0xCF, 0xA4, 0x46, 0xAE, 0x16,
    0xD6, 0x1D, 0x18, 0x3E, 0x45, 0x13, 0x74, 0x63, 0x55, 0xCB, 0x31, 0xFA, 0xED, 0xC0, 0xB0, 0x0A,
    0xBD, 0xA8, 0x99, 0xBB, 0xA1, 0xE1, 0x9E, 0xF0, 0x59, 0x94, 0xD2, 0x37, 0x85, 0xFC, 0xBE, 0x6F,
    0x26, 0xF5, 0x57, 0x3E, 0x01, 0xFF, 0x87, 0xFA, 0xCE, 0x7B, 0xD8, 0xBC, 0xEC, 0x57, 0xA6, 0x4B,
    0x7C, 0x0A, 0x5F, 0xCC, 0x78, 0xF9, 0x26, 0x66, 0x59, 0xD0, 0xC1, 0x34, 0x7D, 0x6A, 0x13, 0xB3,
    0x2E, 0xCC, 0xC9, 0x7F, 0x79, 0xFA, 0x5B, 0x9B, 0xBE, 0x54, 0x8E, 0xBA, 0x0E, 0xCF, 0xD6, 0x8B,
    0x77, 0x30, 0x5E, 0xBC, 0xFD, 0x45, 0xFA, 0x8A, 0xD3, 0x57, 0xF4, 0xAD, 0x98, 0x67, 0xE9, 0xC2,
    0x3E, 0xBA, 0x55, 0xDE, 0x32, 0x7D, 0x69, 0x3A, 0x16, 0x53, 0x99, 0x37, 0x62, 0x16, 0x73, 0xDF,
    0x35, 0x03, 0x46, 0x07, 0x79, 0x64, 0x39, 0x77, 0xFB, 0x2B, 0x75, 0xCD, 0x7B, 0xC7, 0xD5, 0x0A,
    0x24, 0x0B, 0x3A, 0x40, 0xDE, 0x6F, 0x35, 0x5C, 0xCE, 0x20, 0xF6, 0xEE, 0xE8, 0xF9, 0xE3, 0x0B,
    0x1A, 0x45, 0x0C, 0x53, 0xEE, 0x78, 0xB9, 0x87, 0x04, 0x9E, 0xDC, 0xFD, 0x6A, 0xA3, 0xD4, 0xA7,
    0xF4, 0xD5, 0x3D, 0xB9, 0x10, 0x71, 0xE9, 0x14, 0x4F, 0x3F, 0xDA, 0x86, 0x2B, 0x76, 0xC1, 0x95,
    0x22, 0xBC, 0xED, 0x00, 0x8C, 0x55, 0xF9, 0x25, 0xD5, 0xC5, 0x2B, 0x1C, 0x3D, 0x0F, 0x6F, 0x35,
    0xF4, 0xA5, 0xE7, 0xB0, 0x27, 0x55, 0x6D, 0xA2, 0x8B, 0x35, 0x8E, 0xF7, 0xF1, 0x9E, 0x59, 0xC3,
    0x1C, 0x87, 0xC2, 0x65, 0x4B, 0x32, 0x17, 0xD6, 0x24, 0x73, 0x75, 0x45, 0xD2, 0x9D, 0x48, 0x96,
    0x2A, 0x15, 0xE3, 0x32, 0xD9, 0xCB, 0x26, 0xE5, 0x06, 0xEE, 0xAD, 0xC3, 0xAC, 0x61, 0x6B, 0xDF,
    0xA1, 0x01, 0xEB, 0x15, 0x06, 0xF3, 0xB7, 0x66, 0x44, 0x41, 0xF1, 0x0D, 0xE4, 0xDA, 0x37, 0x4D,
    0x1B, 0x42, 0x31, 0xBB, 0x78, 0xFF, 0xC1, 0xDF, 0x62, 0x50, 0xF0, 0xFA, 0x14, 0xD3, 0xF3, 0x37,
    0x12, 0x4D, 0x0A, 0x50, 0x58, 0x53, 0xA4, 0xFA, 0xBD, 0x8C, 0xCE, 0xD3, 0x75, 0x0A, 0x97, 0x63,
    0x70, 0x37, 0xDC, 0x47, 0x6B, 0x00, 0x4A, 0xF7, 0x07, 0x7A, 0xF9, 0x0B, 0xBD, 0xFC, 0x89, 0x5E,
    0xFE, 0x46, 0xEF, 0xCF, 0xD1, 0x9B, 0x5F, 0x43, 0x3C, 0x57, 0x2F, 0x4C, 0xF7, 0x66, 0x3E, 0xE0,
    0x3E, 0x32, 0xF4, 0xB9, 0x86, 0x4B, 0xEB, 0xDB, 0xF3, 0xDE, 0xBE, 0x1C, 0xF6, 0x81, 0xB1, 0x37,
    0x48, 0xBE, 0xE0, 0xC4, 0x66, 0xB0, 0xDF, 0x67, 0x73, 0x95, 0xEC, 0xA6, 0x7C, 0x3E, 0x76, 0x93,
    0x7D, 0x3E, 0x1C, 0xDA, 0xC0, 0x39, 0xAB, 0x2C, 0xD0, 0x7C, 0x1F, 0xFD, 0xCD, 0xE9, 0x82, 0x5F,
    0x0A, 0xFC, 0xEA, 0x3C, 0xDA, 0x9E, 0x2C, 0x7E, 0x03, 0xE9, 0x31, 0xC7, 0x72, 0x2F, 0xEE, 0x4D,
    0x24, 0xD3, 0xDE, 0x98, 0x64, 0x56, 0x2F, 0x8D, 0x96, 0x38, 0x7C, 0x65, 0x9F, 0xF8, 0x6E, 0x46,
    0x05, 0xE4, 0xEF, 0xCF, 0x93, 0xF2, 0x40, 0x65, 0xA0, 0xDA, 0x2B, 0xD4, 0x0C, 0x5D, 0xF2, 0x16,
    0x44, 0x34, 0xA4, 0x34, 0xD0, 0x36, 0xD0, 0xCA, 0xC9, 0xFB, 0x00, 0xFE, 0x2D, 0x89, 0x17, 0x3E,
    0xF4, 0x8A, 0xF3, 0xEE, 0x3D, 0xB9, 0x4C, 0x73, 0x73, 0x52, 0x93, 0x20, 0xF4, 0x1C, 0xDD, 0x9E,
    0x64, 0xB6, 0xAF, 0x80, 0xDE, 0x50, 0x5E, 0xB2, 0xF1, 0x43, 0x9F, 0xF5, 0xF1, 0x32, 0x60, 0x9C,
    0x01, 0x0E, 0x15, 0xCA, 0x05, 0x08, 0xC5, 0x53, 0x03, 0x2F, 0xA9, 0x40, 0xB5, 0xE0, 0xCF, 0x3D,
    0x6E, 0x06, 0xBB, 0x8A, 0xBD, 0x58, 0x21, 0x9C, 0x2F, 0x83, 0x4F, 0x2E, 0x72, 0x01, 0x50, 0xDE,
    0x08, 0x14, 0x1C, 0x2F, 0x1E, 0xF2, 0xBD, 0xC6, 0x0F, 0x1F, 0xCC, 0xE3, 0x02, 0x2F, 0x40, 0xB3,
    0xF2, 0x46, 0x9A, 0xBB, 0xD6, 0x59, 0xB9, 0xC3, 0x81, 0xF3, 0x3D, 0xFF, 0x57, 0xE0, 0xA0, 0x70,
    0xC6, 0x21, 0x73, 0x4D, 0x5D, 0xD7, 0xAE, 0x0B, 0x1E, 0x7F, 0x81, 0x83, 0xA5, 0x7E, 0x1B, 0xC7,
    0x78, 0xA3, 0x28, 0x4D, 0x93, 0xEC, 0xB6, 0x9A, 0xDF, 0xE0, 0x0B, 0xAB, 0x5A, 0x95, 0xFC, 0x36,
    0xB3, 0xF1, 0x02, 0xC3, 0xAD, 0x64, 0xBC, 0x4A, 0x32, 0x94, 0xE3, 0x9A, 0xF2, 0x70, 0xAC, 0x30,
    0xEC, 0x40, 0x33, 0xA4, 0x92, 0x8D, 0xC4, 0xD6, 0x4D, 0xE8, 0x33, 0x9A, 0xFF, 0xF3, 0x24, 0x8B,
    0xFD, 0xA8, 0x66, 0xF3, 0x75, 0x32, 0x48, 0x92, 0xA7, 0x64, 0x1E, 0xBA, 0x03, 0x5E, 0x9A, 0xBE,
    0x8F, 0x47, 0xD4, 0xD4, 0xFA, 0xE6, 0x60, 0xA6, 0x77, 0xC5, 0xAC, 0xA5, 0x6B, 0x0D, 0xE0, 0xDB,
    0xFC, 0x06, 0x0D, 0x18, 0xCC, 0x05, 0x35, 0x6A, 0xF3, 0xA5, 0xAE, 0xDB, 0x57, 0xA7, 0x85, 0x9E,
    0xE3, 0xF9, 0xE5, 0xAD, 0x9F, 0x51, 0x56, 0x9A, 0xCC, 0xC7, 0x96, 0xEA, 0x24, 0x4C, 0xD0, 0x5E,
    0x7A, 0x94, 0x92, 0xBA, 0xE0, 0xBA, 0x4F, 0xED, 0x1E, 0x9B, 0x51, 0x0E, 0xDA, 0xCA, 0xB0, 0x96,
    0x94, 0xBE, 0x9B, 0xFB, 0x65, 0x92, 0xBC, 0x64, 0x49, 0x9E, 0x30, 0xF7, 0x43, 0xD9, 0xB3, 0xD1,
    0x7B, 0x78, 0xB4, 0x0A, 0x4F, 0xED, 0xF6, 0x78, 0x9C, 0x07, 0xE1, 0x9B, 0x73, 0x34, 0x3A, 0x75,
    0x48, 0xDE, 0xD2, 0xC9, 0x40, 0xE3, 0x35, 0xDF, 0x72, 0x8E, 0xE7, 0xDD, 0x31, 0x4C, 0x29, 0x2C,
    0x7C, 0xBD, 0xC4, 0x0A, 0x5D, 0xD5, 0x85, 0x99, 0xE1, 0xE8, 0x94, 0x13, 0x6D, 0x71, 0x8C, 0x70,
    0x31, 0x21, 0x2A, 0xB6, 0x3F, 0xF6, 0x1F, 0x11, 0x67, 0xD3, 0x57, 0x01, 0x87, 0xEC, 0x84, 0xE9,
    0x09, 0x57, 0x27, 0x4C, 0xDE, 0x64, 0x43, 0x9C, 0x46, 0x7D, 0xB8, 0x97, 0xEE, 0x9A, 0xD0, 0x3A,
    0xC5, 0xE1, 0xB2, 0xC6, 0x71, 0x46, 0x79, 0x9D, 0x0B, 0x62, 0xF5, 0x40, 0x93, 0x1C, 0x42, 0xCF,
    0x7A, 0x41, 0x2C, 0xF0, 0x88, 0x21, 0x48, 0x54, 0x1E, 0x37, 0xDC, 0x9E, 0x70, 0x15, 0x50, 0x81,
    0x1A, 0x95, 0xF8, 0xF3, 0x7D, 0x8A, 0xE8, 0xD3, 0xCA, 0xEF, 0x5C, 0x98, 0xB0, 0x5B, 0xFE, 0x81,
    0xE9, 0x42, 0xEF, 0xAF, 0x72, 0xF3, 0x70, 0x36, 0x00, 0x0B, 0x1A, 0xDD, 0x62, 0x0F, 0xE4, 0x6F,
    0xBC, 0xAD, 0x5D, 0xF4, 0xEA, 0xF4, 0xA8, 0x21, 0xB5, 0x66, 0xD7, 0x69, 0xAB, 0xCB, 0x43, 0xD6,
    0x69, 0xD7, 0xD3, 0x36, 0xEB, 0x33, 0x07, 0xC8, 0x9C, 0x20, 0x9D, 0x61, 0x33, 0xC3, 0xA2, 0x72,
    0xF0, 0xF6, 0xBB, 0xE6, 0xF5, 0x94, 0xE7, 0x83, 0xC8, 0x1E, 0xB4, 0x71, 0x68, 0x6E, 0xF8, 0x60,
    0x77, 0xB4, 0x41, 0xEA, 0x83, 0x37, 0xAA, 0x09, 0x96, 0xE1, 0xC1, 0xAB, 0x19, 0x76, 0x33, 0xAC,
    0x09, 0xB9, 0x27, 0xC4, 0x87, 0xD1, 0xA0, 0xF0, 0xAB, 0x4B, 0xA6, 0xDB, 0x53, 0x32, 0x5D, 0xBF,
    0x9E, 0xC9, 0xB4, 0x3A, 0x25, 0xD3, 0xEC, 0xB3, 0x26, 0xD3, 0xEA, 0x94, 0x4C, 0x97, 0x74, 0x6E,
    0xC6, 0xE3, 0x4B, 0x46, 0x36, 0x08, 0x9F, 0x23, 0x53, 0xAC, 0x7F, 0xBB, 0x33, 0x45, 0x31, 0x67,
    0x8A, 0x35, 0x55, 0x70, 0x78, 0x21, 0xB0, 0x42, 0xA3, 0x69, 0x3F, 0x56, 0x65, 0xD5, 0xE7, 0x87,
    0x72, 0x0D, 0x1C, 0xFD, 0x7D, 0x26, 0x7B, 0xE5, 0x07, 0x8E, 0x96, 0x6A, 0x9E, 0xC2, 0x25, 0x5E,
    0xD3, 0xBC, 0x82, 0x43, 0xB2, 0x1B, 0x12, 0x37, 0xFA, 0x84, 0xE3, 0x6C, 0x39, 0x46, 0x6B, 0xC8,
    0xAA, 0x31, 0xA4, 0xA3, 0xB0, 0x78, 0x57, 0x46, 0x63, 0x8B, 0x6E, 0xD6, 0x0A, 0x6D, 0x37, 0xAC,
    0xB3, 0x4F, 0xE6, 0xED, 0xE4, 0x3A, 0xA3, 0x86, 0x35, 0x3B, 0x51, 0x73, 0xEB, 0x43, 0xDD, 0x28,
    0x61, 0x94, 0xBE, 0xDA, 0xB0, 0x97, 0x85, 0xB0, 0xC0, 0x20, 0x8B, 0xBF, 0x73, 0xC8, 0x92, 0xE2,
    0x40, 0xA8, 0x69, 0xA1, 0x2A, 0xE9, 0xD0, 0x32, 0x4F, 0xCD, 0xA7, 0x85, 0x8E, 0x59, 0x29, 0x44,
    0x8B, 0xB9, 0x4A, 0xE7, 0x68, 0xF1, 0xEE, 0x4B, 0x80, 0x16, 0x95, 0x19, 0x24, 0xFB, 0x57, 0x7B,
    0x4A, 0x9C, 0x2C, 0xD5, 0x9C, 0x5D, 0x5A, 0x75, 0x62, 0x2B, 0xFE, 0xC7, 0x0A, 0x3F, 0x0F, 0x5F,
    0x70, 0x34, 0xE3, 0x0F, 0x2E, 0xCB, 0x41, 0x96, 0x4A, 0x96, 0xF8, 0xB4, 0xD6, 0x1D, 0x88, 0xD7,
    0x2E, 0xCA, 0xB5, 0x21, 0x09, 0xF7, 0xF9, 0x46, 0xE8, 0xDD, 0x3E, 0xD0, 0x07, 0xF2, 0xCE, 0x24,
    0xE6, 0xB7, 0xE6, 0xE4, 0xEB, 0x14, 0xAD, 0x7C, 0xA3, 0x47, 0x50, 0x4F, 0x7A, 0xAF, 0x27, 0x1D,
    0x34, 0xA4, 0x4F, 0xCB, 0x12, 0x90, 0x63, 0xB4, 0x68, 0x30, 0xBB, 0xF0, 0x70, 0x2B, 0xD4, 0x27,
    0x98, 0x9B, 0x65, 0xE7, 0x6B, 0x05, 0xCC, 0x42, 0xE7, 0xD6, 0x1E, 0x0B, 0x06, 0xE6, 0xBE, 0xA2,
    0x04, 0x3C, 0x55, 0x16, 0x5E, 0x4C, 0x47, 0x64, 0x91, 0x57, 0xF7, 0x1F, 0x24, 0x5F, 0xF9, 0x30,
    0x24, 0xA9, 0xE2, 0xD4, 0x61, 0x58, 0x39, 0x16, 0xE3, 0x02, 0x47, 0x61, 0x86, 0x5F, 0xA0, 0x7D,
    0x2A, 0x5D, 0xAD, 0x3D, 0x33, 0x7B, 0xED, 0x23, 0xD0, 0xEC, 0x87, 0xCB, 0x8D, 0xDE, 0x81, 0xE7,
    0x0D, 0x79, 0xB7, 0xFA, 0x02, 0x25, 0x6B, 0x82, 0x0D, 0x5A, 0xA2, 0x76, 0xCB, 0x3D, 0x86, 0xAF,
    0x70, 0x60, 0x20, 0x52, 0x68, 0x9D, 0x70, 0xE9, 0x8F, 0x3A, 0xE1, 0x5A, 0x9D, 0x0B, 0xCD, 0x84,
    0x74, 0x88, 0x15, 0xDB, 0xD6, 0xBF, 0xBC, 0xAC, 0x6D, 0x8F, 0xE8, 0x00, 0x9D, 0x98, 0x50, 0x7E,
    0x2B, 0x10, 0x0A, 0xFB, 0xDD, 0x93, 0x95, 0x69, 0xF3, 0xC4, 0xAF, 0xD9, 0xE9, 0x5C, 0x23, 0xEF,
    0x21, 0x1E, 0xF9, 0xBD, 0x20, 0x28, 0x02, 0xB7, 0xEA, 0xD7, 0x65, 0xF4, 0x4D, 0xC8, 0x18, 0xD7,
    0x60, 0x55, 0x9D, 0x7A, 0xF7, 0xC8, 0x84, 0x56, 0x28, 0x02, 0xF9, 0x84, 0x5A, 0x99, 0x3B, 0xEA,
    0xA3, 0x4F, 0xA0, 0x03, 0xC4, 0xA4, 0xE2, 0xC3, 0x74, 0x86, 0x19, 0x9A, 0xC9, 0x01, 0xC3, 0xD4,
    0x9B, 0xD2, 0xF6, 0x77, 0x7C, 0x6F, 0xAF, 0x51, 0x0C, 0x5F, 0xAB, 0x47, 0x35, 0xA7, 0xA8, 0x74,
    0x87, 0xBA, 0x45, 0x4B, 0xA5, 0x23, 0xA6, 0x15, 0x72, 0xEA, 0x02, 0x23, 0x59, 0x95, 0xA9, 0x16,
    0xF5, 0x51, 0xC3, 0xFA, 0x3F, 0x77, 0x72, 0x5E, 0xFD, 0xC7, 0xC0, 0xA7, 0x32, 0xA3, 0x51, 0xE7,
    0xA5, 0x7F, 0x0A, 0xCB, 0x4A, 0x1B, 0x09, 0x99, 0xE2, 0x91, 0x2B, 0x6A, 0xD7, 0xA3, 0xEB, 0xE8,
    0xAA, 0x4C, 0x99, 0x02, 0xB5, 0xDF, 0xA4, 0x35, 0x4D, 0xD1, 0x79, 0xCE, 0x3F, 0x9A, 0xAE, 0xD0,
    0x9B, 0x2E, 0xA9, 0x8A, 0xB1, 0xDB, 0xEA, 0xF9, 0xA7, 0x5F, 0xA5, 0x7A, 0x62, 0xE5, 0x2E, 0x8A,
    0xF6, 0xA2, 0xDA, 0xFC, 0x99, 0x26, 0x79, 0x6D, 0xE4, 0x71, 0x69, 0x2E, 0x1D, 0x12, 0x69, 0xE7,
    0x5A, 0x6B, 0x4A, 0xD8, 0x10, 0x92, 0xAD, 0xA6, 0xCF, 0x6A, 0x1A, 0xEC, 0x16, 0x3D, 0x25, 0x43,
    0x4B, 0xA9, 0xFC, 0xDB, 0xD8, 0xD0, 0xA6, 0x04, 0x3D, 0x25, 0x45, 0x4B, 0x51, 0xD1, 0x97, 0x2B,
    0xBF, 0xFE, 0x91, 0x8A, 0xC8, 0x7F, 0x88, 0x8E, 0x72, 0x5F, 0x19, 0x12, 0xC8, 0x25, 0x8F, 0x24,
    0x38, 0x48, 0x06, 0x09, 0x72, 0x13, 0xDE, 0xE1, 0x67, 0xEF, 0x43, 0xF7, 0xCB, 0xD0, 0x51, 0x36,
    0xF2, 0xC4, 0x4A, 0xB2, 0xC0, 0x40, 0x49, 0xCE, 0xA5, 0x1A, 0xCF, 0x44, 0x4F, 0x83, 0x58, 0x3C,
    0xE0, 0x56, 0x12, 0x4B, 0xB1, 0x7F, 0x27, 0x2F, 0xE6, 0xCE, 0xA1, 0x83, 0xA4, 0x96, 0x24, 0x26,
    0xBD, 0x44, 0xDF, 0x4E, 0x19, 0xCF, 0x6A, 0x0A, 0x9A, 0xF2, 0x94, 0xAD, 0xEA, 0xAB, 0x31, 0xBD,
    0x14, 0x77, 0xF8, 0x78, 0x5F, 0xCD, 0x98, 0x9F, 0x56, 0x17, 0x27, 0xD7, 0x63, 0x11, 0xE1, 0x18,
    0xB0, 0x3A, 0x21, 0x86, 0x4B, 0xB1, 0xBF, 0x04, 0x17, 0x27, 0x5C, 0xC6, 0x78, 0x9C, 0x71, 0x85,
    0xEE, 0x52, 0x6C, 0x67, 0x5C, 0x9F, 0x70, 0xE3, 0xE8, 0x0D, 0xDE, 0x80, 0x8D, 0x50, 0x2D, 0x2A,
    0xC7, 0x42, 0xA8, 0x8D, 0xF7, 0x3C, 0x4D, 0x94, 0x13, 0x26, 0xC2, 0xBC, 0xC2, 0x28, 0xD4, 0xC6,
    0x7B, 0x01, 0x5B, 0xE1, 0x38, 0x61, 0x29, 0x1C, 0x7C, 0x8F, 0xA2, 0x78, 0x85, 0x79, 0x82, 0x80,
    0xA1, 0x58, 0xD7, 0x03, 0x04, 0x8C, 0x5B, 0xE1, 0x97, 0x34, 0xD3, 0x77, 0x68, 0x2E, 0xD9, 0x78,
    0xAF, 0x10, 0x46, 0x5F, 0x73, 0xA3, 0x09, 0x55, 0x69, 0x1E, 0xC1, 0xF2, 0x6A, 0x58, 0xE1, 0x93,
    0x8B, 0x42, 0xC0, 0x6C, 0x73, 0x0E, 0x87, 0x27, 0x60, 0x7D, 0x82, 0x46, 0xB0, 0x39, 0x41, 0x2D,
    0xD8, 0x3E, 0x05, 0x29, 0x4A, 0x81, 0x12, 0x96, 0xB6, 0xE8, 0x13, 0x14, 0x33, 0x60, 0x14, 0x00,
    0x83, 0x9A, 0xBF, 0x40, 0xAF, 0x10, 0x85, 0xE2, 0x1F, 0x3D, 0xD0, 0xCE, 0x50, 0x1B, 0x1C, 0x81,
    0x44, 0xF0, 0x86, 0x9A, 0xF1, 0x21, 0x48, 0xD1, 0x4A, 0x97, 0x02, 0x3D, 0x81, 0x43, 0x23, 0xD8,
    0x5C, 0xB2, 0x2E, 0xA2, 0xA4, 0xC8, 0x9B, 0x0E, 0xC9, 0xBC, 0x98, 0x68, 0x9E, 0xCA, 0xFF, 0xB2,
    0x55, 0x0B, 0x19, 0xA8, 0x34, 0x37, 0x51, 0x9D, 0xAF, 0xEB, 0x5F, 0x99, 0x1E, 0x66, 0x55, 0xC8,
    0x5D, 0xB1, 0x9F, 0x7C, 0x15, 0x6F, 0x7C, 0xF3, 0xCF, 0xF2, 0x34, 0x7C, 0xE0, 0x69, 0x74, 0xED,
    0x5D, 0x5B, 0xD7, 0x5A, 0x3A, 0xCA, 0x31, 0xB9, 0xAA, 0x57, 0x76, 0x5F, 0xFE, 0xE3, 0x8B, 0x0A,
    0x9E, 0x5B, 0x68, 0x6E, 0x26, 0xBA, 0xE0, 0x85, 0xC8, 0xD3, 0x1F, 0xD4, 0xDE, 0x4A, 0x52, 0x89,
    0xCD, 0x5C, 0xFC, 0x64, 0x19, 0x3E, 0x7E, 0x55, 0x4A, 0x12, 0x93, 0x41, 0xD2, 0x49, 0xCA, 0xF0,
    0xDD, 0x3A, 0x99, 0x2F, 0xD6, 0xBC, 0xDD, 0x90, 0x1E, 0x5F, 0xBA, 0xD2, 0xA9, 0xB9, 0x76, 0xA5,
    0x5B, 0x19, 0x28, 0x7F, 0xEA, 0x7B, 0x37, 0x59, 0xA0, 0xE2, 0xB2, 0x99, 0xF4, 0xBD, 0xC3, 0x32,
    0x90, 0x1A, 0x7A, 0xD1, 0x1C, 0x2F, 0x79, 0x30, 0x38, 0x2C, 0xD2, 0x17, 0x8C, 0x5E, 0xD3, 0x35,
    0x6F, 0xCD, 0xD5, 0x4B, 0xDD, 0xCA, 0x19, 0xF2, 0x39, 0x64, 0x9E, 0x0C, 0xF1, 0xDD, 0x28, 0xF5,
    0xF7, 0xF2, 0xB8, 0xA6, 0xAD, 0x66, 0xC0, 0xF1, 0x89, 0x7D, 0x6E, 0x97, 0x02, 0xD5, 0x6D, 0x4F,
    0x8D, 0x59, 0xBD, 0x72, 0xAD, 0xAD, 0xC7, 0xAC, 0x42, 0x97, 0x7C, 0xFD, 0x9A, 0x31, 0xAB, 0x4D,
    0x3C, 0x66, 0xF5, 0xBF, 0x69, 0xD2, 0xB2, 0xC6, 0xAC, 0xA6, 0x24, 0x41, 0xA5, 0x79, 0x86, 0x5E,
    0xDC, 0x37, 0x5D, 0x00, 0xB7, 0x54, 0x05, 0xE5, 0x0B, 0x52, 0x95, 0xE1, 0xFF, 0x1F, 0xED, 0x5B,
    0x3D, 0xAC, 0xE5, 0xC6, 0x75, 0x3E, 0xBC, 0x17, 0xBB, 0x0C, 0x44, 0x20, 0x74, 0x91, 0x75, 0x61,
    0x15, 0x4C, 0x6B, 0xA5, 0x60, 0xE3, 0x9E, 0x74, 0x80, 0x24, 0x85, 0x8B, 0xBC, 0x62, 0xAF, 0x82,
    0x24, 0x85, 0xDA, 0x58, 0x2A, 0xD4, 0x37, 0x21, 0xDD, 0x17, 0x79, 0x45, 0xD4, 0xAB, 0x90, 0x81,
    0xD5, 0x53, 0xA1, 0x26, 0xB5, 0x48, 0x3B, 0x45, 0x5A, 0xDA, 0x40, 0x90, 0x32, 0x0C, 0xB2, 0x2E,
    0x24, 0x15, 0xA2, 0x21, 0x06, 0xE1, 0x42, 0x24, 0xBF, 0xF0, 0x9C, 0x6F, 0x66, 0x1E, 0x9F, 0xF6,
    0xFD, 0xEC, 0xC3, 0x6A, 0x1D, 0x40, 0xD8, 0x81, 0x34, 0xDF, 0xC7, 0x77, 0x87, 0x87, 0x73, 0x7E,
    0xE6, 0xF0, 0xCC, 0xDC, 0xBB, 0xA7, 0xC7, 0x22, 0xD1, 0xE9, 0x0C, 0x8B, 0x48, 0x82, 0xE1, 0x65,
    0x61, 0x25, 0xC0, 0xA0, 0x41, 0x1D, 0x01, 0x43, 0x05, 0x6D, 0x43, 0x41, 0xC8, 0x08, 0x31, 0x80,
    0x2F, 0x31, 0x48, 0x83, 0x25, 0xD9, 0xE0, 0xE1, 0x45, 0xA9, 0xB0, 0xB5, 0x2B, 0xF0, 0xE8, 0x1D,
    0x83, 0x02, 0x77, 0xC3, 0x2A, 0xF2, 0x32, 0xB0, 0x88, 0xBC, 0x7B, 0xF1, 0x44, 0xE9, 0xC5, 0xC5,
    0x47, 0x22, 0x0D, 0x66, 0xE5, 0xC0, 0xA4, 0x7C, 0xD9, 0x68, 0xE4, 0x38, 0x36, 0x7E, 0xD8, 0xF1,
    0xA3, 0xE7, 0xA5, 0x48, 0xEC, 0x79, 0xAD, 0x0A, 0x38, 0xDE, 0x8A, 0xA4, 0x9E, 0x77, 0x22, 0xD9,
    0x6A, 0x7C, 0x45, 0x2F, 0x92, 0x2F, 0xC6, 0x67, 0xD5, 0xA0, 0x98, 0x1D, 0x1F, 0x45, 0xAA, 0x89,
    0xBC, 0xD1, 0x7E, 0x24, 0xAF, 0x66, 0x11, 0xFC, 0x9E, 0xBC, 0x98, 0x25, 0xC2, 0x7F, 0x91, 0xE7,
    0xAB, 0x1C, 0xF0, 0x1B, 0xF2, 0x0C, 0x72, 0xC4, 0xAF, 0xC8, 0x53, 0x48, 0x8C, 0x5F, 0x78, 0x5E,
    0x26, 0xF8, 0xA9, 0xF1, 0x25, 0x46, 0x9D, 0x22, 0x22, 0x3F, 0xA2, 0xCD, 0xD6, 0xC0, 0xBB, 0x7C,
    0x71, 0xFC, 0x80, 0xBE, 0x98, 0x1D, 0x17, 0x0C, 0xD5, 0x14, 0xF8, 0xD8, 0x8C, 0x9E, 0x37, 0x13,
    0x06, 0xCF, 0xAB, 0x19, 0xBD, 0xE7, 0x05, 0xD0, 0x79, 0x9E, 0x03, 0xAD, 0xE7, 0x19, 0x34, 0x1C,
    0xD6, 0x8B, 0x8F, 0x36, 0x9E, 0x02, 0x65, 0x04, 0x60, 0x22, 0x17, 0xE5, 0xE3, 0xC6, 0x63, 0xAC,
    0xC6, 0x87, 0x8D, 0x1F, 0xB1, 0xEC, 0xF8, 0x6C, 0xBC, 0xDF, 0xF8, 0x01, 0x93, 0xF1, 0x4E, 0x7C,
    0x4B, 0xD0, 0x06, 0x9E, 0xA2, 0x0E, 0x3C, 0x43, 0x19, 0x78, 0x81, 0x40, 0xA5, 0xDA, 0x71, 0xAC,
    0x3B, 0xBE, 0x04, 0x7A, 0xC0, 0x1C, 0xF8, 0x71, 0xC7, 0x13, 0x4C, 0x81, 0x3F, 0x38, 0x9D, 0xC9,
    0x23, 0x5D, 0x3E, 0xEC, 0x0B, 0x40, 0xB4, 0x5F, 0x3C, 0x6D, 0x48, 0x75, 0x12, 0x70, 0xB4, 0x95,
    0xE8, 0x92, 0x1E, 0x3C, 0xED, 0xE5, 0x48, 0xBA, 0x62, 0x90, 0xD8, 0xD3, 0x51, 0x52, 0x34, 0x46,
    0xAB, 0x49, 0xD2, 0xD5, 0x28, 0x8A, 0x59, 0xF2, 0x85, 0x34, 0x5F, 0xA4, 0x98, 0x49, 0x33, 0x48,
    0x35, 0x91, 0xA6, 0x90, 0x66, 0x20, 0x4D, 0x50, 0xC3, 0x51, 0x8D, 0x8A, 0xCE, 0xD3, 0xDF, 0xA2,
    0x25, 0x3D, 0xE0, 0xBF, 0x3D, 0x15, 0x7C, 0x83, 0xD2, 0x53, 0x40, 0x1C, 0xAD, 0xB0, 0x3A, 0x6A,
    0x8A, 0x39, 0x9A, 0x63, 0x96, 0x66, 0x3D, 0x9D, 0x6D, 0x34, 0xC3, 0xA4, 0x71, 0x3D, 0x6E, 0x34,
    0xC5, 0xA0, 0x74, 0xD8, 0x68, 0x72, 0x49, 0x8F, 0xE8, 0x95, 0xF6, 0x46, 0x5B, 0xAE, 0x01, 0x36,
    0xBD, 0xBE, 0x86, 0x26, 0x97, 0x0E, 0x4C, 0xF7, 0xB4, 0xF4, 0x34, 0xC7, 0x75, 0x4E, 0xAD, 0xD6,
    0x40, 0x9B, 0xE5, 0x92, 0xCE, 0xDB, 0xAA, 0xBE, 0xB8, 0xA8, 0x2B, 0x00, 0xED, 0xD5, 0xAE, 0xE6,
    0x62, 0xAD, 0xF4, 0x19, 0xC5, 0x1F, 0xBC, 0x3B, 0x00, 0xA3, 0xAE, 0x0E, 0x94, 0xD7, 0x4C, 0xAD,
    0x15, 0xC1, 0x20, 0x99, 0x69, 0x84, 0x49, 0x53, 0x14, 0x55, 0xA9, 0x16, 0x46, 0xEF, 0x4F, 0x31,
    0x53, 0x7B, 0x60, 0xA4, 0x71, 0x80, 0x9E, 0x66, 0x84, 0x33, 0xD9, 0xFB, 0x21, 0x4E, 0xFF, 0x44,
    0x6E, 0x6A, 0x0D, 0x06, 0x12, 0x27, 0x46, 0x63, 0x73, 0x66, 0xF4, 0x3B, 0xC2, 0xB8, 0xD4, 0x16,
    0x03, 0x70, 0xEE, 0xF9, 0x8A, 0x24, 0xC5, 0x7F, 0xF2, 0x59, 0x19, 0xFE, 0x09, 0x2D, 0x1D, 0xF3,
    0x33, 0x92, 0x02, 0x31, 0xE7, 0x53, 0xE1, 0xC8, 0x67, 0x60, 0x3D, 0xF2, 0x19, 0x58, 0x0E, 0x98,
    0xEC, 0x51, 0x73, 0x84, 0xD9, 0x9E, 0x30, 0x71, 0xDD, 0xE9, 0x80, 0x66, 0x65, 0xE6, 0xE7, 0x0A,
    0x4D, 0xD1, 0x4B, 0x81, 0x52, 0x49, 0x27, 0xB9, 0x8A, 0xD6, 0x2E, 0x53, 0x52, 0x00, 0xCC, 0x00,
    0xEE, 0xDD, 0xA2, 0xCA, 0x38, 0x62, 0xA8, 0x29, 0x82, 0x64, 0x96, 0x83, 0x27, 0x47, 0xAC, 0x5B,
    0x2C, 0x60, 0x95, 0xD8, 0xA6, 0x00, 0x8D, 0xD3, 0xD1, 0x48, 0xA9, 0xB1, 0x6B, 0xB1, 0x90, 0xA1,
    0x37, 0x05, 0xDA, 0x02, 0x9D, 0x91, 0x6E, 0xE3, 0xA6, 0x64, 0x6F, 0x91, 0xA2, 0x51, 0x0E, 0x94,
    0x46, 0x46, 0x79, 0xF7, 0x89, 0xBC, 0xF5, 0xB1, 0xBA, 0x46, 0x7D, 0xA4, 0xEE, 0xA9, 0xDC, 0x0A,
    0x9A, 0xC5, 0x9C, 0x3B, 0xD1, 0x37, 0x03, 0x3D, 0xA3, 0x72, 0x1A, 0xDA, 0xF3, 0xE1, 0xC5, 0x99,
    0x3C, 0xD7, 0xFE, 0x6E, 0x3D, 0x17, 0xDE, 0x57, 0x72, 0xD2, 0x9A, 0x17, 0x82, 0x2E, 0x2A, 0x13,
    0x68, 0xA0, 0x0F, 0xD2, 0xDC, 0x29, 0xF2, 0xA7, 0x2A, 0x8E, 0xC1, 0x8F, 0x92, 0x76, 0x0F, 0x10,
    0x7D, 0x6A, 0x62, 0xDE, 0x87, 0xC2, 0x01, 0x06, 0x29, 0xA1, 0xC0, 0xFA, 0xCB, 0x4A, 0xE3, 0xAE,
    0xD3, 0x91, 0x0D, 0x4A, 0x05, 0x40, 0x14, 0x4C, 0x3A, 0xAF, 0x60, 0x70, 0x80, 0x0E, 0xE9, 0x32,
    0x06, 0x2A, 0x6F, 0x07, 0xBE, 0x42, 0x99, 0x01, 0xF8, 0x6B, 0x94, 0x9A, 0xAD, 0x62, 0x94, 0xD2,
    0xA0, 0x3F, 0x6E, 0xF0, 0xE0, 0x44, 0x55, 0x1E, 0x9E, 0xCB, 0x8F, 0x8C, 0x14, 0x93, 0x70, 0xC1,
    0x57, 0xF3, 0x41, 0xED, 0xC0, 0x37, 0x0D, 0x89, 0xFF, 0x4B, 0x31, 0x47, 0x0C, 0x97, 0xA4, 0x97,
    0x2A, 0xAC, 0xF8, 0x57, 0x15, 0xB5, 0xAF, 0xA3, 0xF6, 0x8D, 0x5A, 0x7E, 0xAC, 0xA3, 0xC6, 0x08,
    0xAD, 0xBA, 0xE1, 0xA8, 0x77, 0x63, 0x83, 0x21, 0x40, 0x35, 0x1D, 0xAC, 0x56, 0xE9, 0xA4, 0x29,
    0x85, 0xED, 0xFB, 0x1A, 0xAE, 0x6C, 0x17, 0x6C, 0x25, 0xC3, 0xC8, 0x5A, 0xCD, 0x48, 0x0A, 0x3C,
    0xDE, 0xF1, 0x74, 0xC7, 0xB3, 0xC0, 0xE9, 0xE1, 0xD5, 0xE4, 0x28, 0xBF, 0x2C, 0x22, 0x9A, 0xF5,
    0x92, 0x63, 0x0E, 0xFC, 0x80, 0x29, 0xF0, 0x23, 0x86, 0xC0, 0xE3, 0xC0, 0x2D, 0x8C, 0x02, 0xCF,
    0xD0, 0x1E, 0x54, 0xFE, 0xC7, 0x26, 0xBE, 0xE6, 0x4C, 0x59, 0xD0, 0x04, 0xDE, 0xAC, 0x97, 0x1C,
    0x73, 0xE0, 0x87, 0xC0, 0x19, 0xB4, 0x5E, 0x4E, 0xC2, 0x30, 0xE3, 0xA3, 0x76, 0x3C, 0xDB, 0xF1,
    0x62, 0xC7, 0xAB, 0x1D, 0x6F, 0x76, 0x5C, 0xC5, 0x7D, 0xA2, 0x9C, 0x8F, 0x62, 0x67, 0x8F, 0x52,
    0xBE, 0x9C, 0x4E, 0x27, 0x96, 0xF4, 0x9C, 0x43, 0x9D, 0xA2, 0x0F, 0x3C, 0x43, 0x1B, 0x78, 0xB1,
    0xE3, 0x15, 0xCA, 0xC0, 0x01, 0x09, 0x5C, 0xE4, 0xBD, 0xB5, 0x94, 0x87, 0x9F, 0x9D, 0xDB, 0x7B,
    0x0E, 0x53, 0x04, 0xAC, 0xCE, 0x55, 0x3F, 0x03, 0xD0, 0x91, 0x86, 0x50, 0x64, 0x5B, 0x74, 0x8A,
    0x1A, 0x65, 0x9F, 0xA8, 0xA8, 0x7F, 0xD4, 0x20, 0x1B, 0xED, 0xE5, 0xFF, 0x03, 0xD5, 0xA3, 0x53,
    0xD3, 0x52, 0xBD, 0x56, 0x52, 0x4F, 0x6B, 0x89, 0xD1, 0x91, 0x96, 0x1B, 0xED, 0x19, 0xA6, 0x0C,
    0xF5, 0x0A, 0x9E, 0x1E, 0x11, 0x68, 0x7A, 0x49, 0x0B, 0xAC, 0x1F, 0x34, 0xA4, 0x1A, 0xBA, 0x2E,
    0xE4, 0x1B, 0x94, 0xBE, 0xFA, 0x04, 0x78, 0x19, 0x68, 0xEB, 0x29, 0xD0, 0x39, 0x7A, 0xB4, 0x1C,
    0x17, 0xEB, 0x87, 0x19, 0xB0, 0x96, 0x0F, 0x71, 0xF9, 0x5C, 0x98, 0x5B, 0xE6, 0xCA, 0x68, 0x1A,
    0x76, 0x56, 0xAC, 0x01, 0xB4, 0x33, 0xA1, 0x93, 0x99, 0xE8, 0xA9, 0x48, 0x64, 0xA1, 0x6E, 0x75,
    0xEA, 0xAC, 0x35, 0x56, 0xB1, 0x68, 0x79, 0x65, 0x15, 0x5C, 0x99, 0xA1, 0xAD, 0x28, 0x63, 0xD1,
    0xDB, 0xF5, 0x26, 0x56, 0x14, 0x6F, 0xB2, 0x3A, 0x7E, 0x20, 0x57, 0x9B, 0x96, 0x54, 0x17, 0xB5,
    0x69, 0xD7, 0xDE, 0xDC, 0x73, 0x0C, 0xB5, 0xBE, 0xBB, 0xB7, 0xF1, 0x8C, 0xA8, 0x1B, 0x7B, 0x8E,
    0xB9, 0x8F, 0x4C, 0xF6, 0x5B, 0xF0, 0x95, 0x9C, 0xD5, 0xED, 0xBD, 0xBC, 0xFB, 0x51, 0x78, 0x9F,
    0x2F, 0xFA, 0xCA, 0xD2, 0xFF, 0xA4, 0x58, 0xDD, 0xFB, 0xFC, 0x2B, 0x8C, 0xBE, 0xD6, 0xA2, 0x95,
    0xF7, 0xEF, 0xF3, 0x6B, 0xD2, 0xE4, 0x8F, 0xD6, 0x73, 0x06, 0xED, 0xEA, 0xF2, 0x64, 0xC7, 0x25,
    0x33, 0x32, 0x90, 0x67, 0x89, 0x19, 0x8D, 0xA9, 0x45, 0x62, 0x99, 0xF1, 0x7D, 0x51, 0x30, 0x02,
    0xB5, 0x48, 0x4C, 0xD0, 0x55, 0x28, 0x09, 0xDA, 0xFA, 0xE6, 0x56, 0x38, 0xA9, 0x9E, 0xD5, 0xB7,
    0x52, 0x6C, 0xAD, 0x90, 0x33, 0xA2, 0x32, 0x46, 0x53, 0x0A, 0x68, 0x24, 0x31, 0x6E, 0x25, 0x22,
    0x48, 0x45, 0x48, 0x08, 0xD2, 0xB0, 0xA4, 0x8C, 0xFE, 0x76, 0x5F, 0xA8, 0x30, 0x98, 0x28, 0x8A,
    0x06, 0xE0, 0xDD, 0x53, 0xC8, 0x88, 0x81, 0xB4, 0x9E, 0x0C, 0x1B, 0x79, 0x56, 0x3E, 0xD0, 0x41,
    0xE9, 0x62, 0x77, 0x2E, 0x92, 0xBA, 0xDC, 0x2A, 0x7F, 0xC4, 0xA5, 0xC0, 0xC9, 0xDA, 0x92, 0x23,
    0xE1, 0xEB, 0x2B, 0xCC, 0x9C, 0xAF, 0x32, 0x92, 0x14, 0xFD, 0xC9, 0xDA, 0x3B, 0x18, 0xC0, 0x76,
    0x4F, 0xD2, 0xC0, 0xC9, 0xA9, 0x40, 0xC9, 0x5D, 0xA1, 0x84, 0xC6, 0x2F, 0xF9, 0xF4, 0x8D, 0xFB,
    0x57, 0x6B, 0xA7, 0x5A, 0xD2, 0x4B, 0xB6, 0x3F, 0x8D, 0xA1, 0x8B, 0x38, 0xA4, 0x53, 0xFD, 0x33,
    0x49, 0xEF, 0x33, 0x65, 0x4D, 0x33, 0xFA, 0x63, 0x03, 0x70, 0xEA, 0x6F, 0xF2, 0x0F, 0xB6, 0x5D,
    0x34, 0x78, 0xF8, 0xE9, 0xE7, 0x8C, 0x0F, 0x1F, 0x57, 0x28, 0x09, 0x1D, 0x61, 0x24, 0xCC, 0x92,
    0x9E, 0x4B, 0xE2, 0x8C, 0x05, 0x94, 0xC1, 0x50, 0xC1, 0x4C, 0x19, 0x21, 0x45, 0xA7, 0x2B, 0xF3,
    0x53, 0x74, 0x0C, 0x89, 0x1B, 0x60, 0x3D, 0x9D, 0xDE, 0xE7, 0x66, 0x50, 0xD7, 0xFD, 0xEA, 0xEA,
    0x06, 0x85, 0x5A, 0xC3, 0x05, 0x50, 0x5B, 0xAB, 0xA2, 0xEE, 0xE9, 0xC7, 0x9D, 0x92, 0x1D, 0x03,
    0x59, 0x27, 0xEF, 0x02, 0xE1, 0xC1, 0x63, 0xC6, 0x7A, 0x29, 0x3F, 0x37, 0xD2, 0x0C, 0x47, 0xCE,
    0x0D, 0x63, 0x6C, 0xD3, 0x8A, 0x30, 0xB9, 0x2C, 0x7A, 0x49, 0x86, 0xA3, 0xAB, 0xBD, 0x6A, 0xF9,
    0x4C, 0xAE, 0x69, 0xAF, 0x26, 0xE2, 0x5E, 0x47, 0x1C, 0xBD, 0x44, 0x1F, 0x39, 0x0F, 0x05, 0xFF,
    0x10, 0xE8, 0x9B, 0x1B, 0x3D, 0xF3, 0xBD, 0x8B, 0x5B, 0x61, 0x35, 0xCC, 0x16, 0x6A, 0x62, 0x36,
    0x56, 0xC6, 0x6C, 0x2C, 0x8C, 0xF7, 0x17, 0x3D, 0x69, 0xA8, 0x95, 0xD9, 0x58, 0x31, 0xBF, 0x78,
    0x7B, 0xE3, 0xE2, 0x5C, 0xE4, 0xAD, 0x8B, 0x52, 0x2B, 0x50, 0x16, 0x48, 0xAA, 0x4B, 0x84, 0x95,
    0xA7, 0x4E, 0x7A, 0xA1, 0x24, 0xC2, 0x62, 0x17, 0x1C, 0xD2, 0x80, 0x17, 0x19, 0x03, 0xA0, 0xD5,
    0x0B, 0x45, 0x8B, 0x2C, 0xBB, 0x68, 0xC0, 0x2D, 0x89, 0x5E, 0xA8, 0x30, 0xDB, 0xB1, 0xE8, 0x85,
    0x49, 0x55, 0x71, 0x7A, 0xC1, 0x8D, 0x84, 0x00, 0x7A, 0x91, 0x52, 0x23, 0x5A, 0x93, 0x0E, 0x62,
    0xA0, 0xD6, 0xAE, 0x4A, 0x49, 0x31, 0x6C, 0x17, 0x26, 0x4C, 0xC5, 0xAD, 0x0D, 0xBE, 0x34, 0x61,
    0x7E, 0x49, 0x52, 0x58, 0x08, 0x4D, 0x67, 0x43, 0x5E, 0xEC, 0x87, 0x0D, 0x14, 0x60, 0xDC, 0x09,
    0x48, 0x28, 0x6D, 0x91, 0xF0, 0x9C, 0x5F, 0x00, 0x74, 0x08, 0x7A, 0x9D, 0x01, 0xA7, 0xB3, 0x81,
    0xCD, 0xAD, 0xBB, 0x9C, 0x75, 0x86, 0x81, 0xB3, 0xA1, 0x0A, 0x93, 0x15, 0xCF, 0x33, 0x35, 0x5D,
    0xB8, 0xDF, 0x71, 0x95, 0x32, 0x85, 0x99, 0x75, 0x6C, 0xBD, 0x54, 0xB4, 0xDB, 0x86, 0x1D, 0xC3,
    0x53, 0x2F, 0x72, 0x0C, 0x1A, 0xD8, 0x34, 0xAF, 0x8A, 0x8B, 0x9D, 0x17, 0x8C, 0x98, 0x7C, 0xBA,
    0x04, 0x3A, 0x94, 0x17, 0x02, 0xEE, 0x4E, 0x78, 0xA1, 0x53, 0xE5, 0xFE, 0xD7, 0x85, 0x41, 0x3E,
    0x0B, 0x7A, 0xD2, 0x62, 0x89, 0x30, 0x3A, 0xBA, 0x5E, 0x4B, 0x67, 0xC1, 0x40, 0x9A, 0xF4, 0xBA,
    0x06, 0x5F, 0xA0, 0x3D, 0x38, 0x95, 0xFA, 0xBF, 0x9E, 0xE1, 0xA7, 0xB6, 0x02, 0x5B, 0x4D, 0x34,
    0xEA, 0x7B, 0xA5, 0x39, 0x5A, 0xF5, 0xBC, 0x52, 0xCD, 0x3D, 0x58, 0x94, 0x2A, 0x48, 0x05, 0xA5,
    0x07, 0xA7, 0xDF, 0x46, 0x63, 0x0C, 0xB6, 0x16, 0x37, 0xBA, 0xF5, 0xB6, 0x09, 0xD9, 0x68, 0x8E,
    0xDA, 0x82, 0x67, 0xA3, 0x4C, 0x5E, 0x58, 0x36, 0x4A, 0x57, 0x55, 0x4C, 0xC5, 0xCC, 0x64, 0xC1,
    0xB5, 0xA9, 0xD1, 0xEE, 0x5B, 0x7F, 0x2D, 0x2E, 0xC7, 0x5E, 0x7A, 0xFE, 0x80, 0x35, 0xC5, 0xAF,
    0x00, 0x7A, 0x2D, 0xD5, 0x3A, 0xAC, 0x36, 0x9F, 0x6D, 0xB4, 0xE0, 0xA2, 0xED, 0x37, 0xAA, 0x4E,
    0x56, 0x7F, 0x6D, 0x34, 0xC1, 0xC4, 0xAD, 0xAF, 0xEA, 0xB5, 0xA8, 0x00, 0xD5, 0x22, 0x02, 0x54,
    0x80, 0x52, 0x69, 0x54, 0x99, 0xD1, 0x68, 0x81, 0x6E, 0x13, 0x60, 0x34, 0xC3, 0xE0, 0x4A, 0x7B,
    0xF5, 0xA2, 0x3A, 0xE7, 0x1F, 0x44, 0x84, 0xBB, 0xC0, 0x08, 0x43, 0x62, 0x89, 0x70, 0xDC, 0x81,
    0x80, 0x49, 0x32, 0xAF, 0xA3, 0x55, 0x6E, 0x68, 0xEF, 0x01, 0xE7, 0x96, 0x65, 0xB1, 0x52, 0x2B,
    0x7D, 0x3C, 0x35, 0x2E, 0xA8, 0x62, 0xCE, 0xA4, 0x9C, 0x3D, 0xD3, 0x51, 0xF2, 0xC7, 0xCC, 0xEB,
    0xDA, 0xC2, 0x4E, 0x78, 0x0F, 0xCD, 0x6A, 0x60, 0xC6, 0x65, 0xE4, 0x3D, 0x7A, 0x1B, 0xD4, 0x1D,
    0x68, 0x0D, 0x9E, 0x89, 0xC1, 0x53, 0x02, 0x6A, 0xC2, 0xA8, 0x39, 0x04, 0xFE, 0x3E, 0x0A, 0x43,
    0xA8, 0x00, 0x09, 0x7C, 0xE1, 0x12, 0x8A, 0x00, 0x67, 0x36, 0xB2, 0xFE, 0x4C, 0xAB, 0x4C, 0xB0,
    0x48, 0x86, 0x18, 0xCC, 0x84, 0x91, 0xD0, 0x19, 0xAC, 0x96, 0x3F, 0x59, 0x18, 0xDA, 0xC1, 0xB7,
    0xFC, 0x5C, 0xA2, 0x8F, 0xE4, 0x80, 0x36, 0xD5, 0x84, 0xD5, 0x65, 0xEA, 0x86, 0x3E, 0x43, 0x79,
    0x64, 0xAF, 0x2E, 0x13, 0xF9, 0x4C, 0x0E, 0x93, 0x5C, 0xD3, 0x7E, 0xD8, 0x7C, 0xCE, 0x5D, 0xF5,
    0xC8, 0x7D, 0xB3, 0xF5, 0xBA, 0xA4, 0x01, 0x8D, 0xC2, 0x2F, 0x81, 0x21, 0xE9, 0x84, 0x2B, 0x3C,
    0x76, 0xEB, 0x9C, 0xBC, 0x17, 0xA6, 0xBA, 0xB7, 0x3E, 0x81, 0x65, 0x3E, 0x66, 0x47, 0xAE, 0x41,
    0xC7, 0x51, 0x6F, 0xC6, 0x6B, 0x6C, 0x64, 0xE2, 0xEE, 0x9D, 0xB8, 0xE3, 0x36, 0x3E, 0xFF, 0xC4,
    0xCE, 0xF2, 0x8B, 0xDF, 0x9D, 0x1A, 0x8C, 0xF6, 0xDC, 0xC1, 0xFA, 0x9E, 0x73, 0xD0, 0x7E, 0x31,
    0x5D, 0x3B, 0x57, 0x03, 0xFF, 0xE8, 0x42, 0x1B, 0x27, 0x87, 0xF6, 0x16, 0xA8, 0xDF, 0xD0, 0x57,
    0xD9, 0xCA, 0xF4, 0x39, 0xD1, 0xBB, 0x1D, 0xB3, 0x5F, 0x69, 0x93, 0x5F, 0x5C, 0x29, 0xFE, 0xDC,
    0x47, 0x09, 0x66, 0xAE, 0x9F, 0xF5, 0x9F, 0x0D, 0x80, 0x9A, 0x30, 0x11, 0xE0, 0xA0, 0xDE, 0xD6,
    0xFB, 0xA7, 0xF0, 0x3B, 0x53, 0xAE, 0x39, 0x42, 0x4C, 0xA9, 0x54, 0x75, 0x0F, 0xFC, 0xEC, 0x8C,
    0x23, 0x3F, 0x2B, 0xED, 0xBE, 0x06, 0x17, 0x2A, 0xA5, 0xE1, 0xAC, 0xF7, 0xAE, 0x9F, 0xA4, 0xA2,
    0xCF, 0x1F, 0x82, 0x11, 0x17, 0xBD, 0xFD, 0xD8, 0x32, 0x8D, 0xB6, 0x32, 0xA7, 0xB6, 0xB7, 0xC1,
    0x36, 0xF2, 0x6D, 0x20, 0x44, 0xB1, 0xD0, 0x89, 0xFE, 0xF5, 0x7F, 0xA0, 0x75, 0x12, 0x9F, 0x39,
    0x7A, 0x85, 0xC6, 0x7D, 0xB4, 0x50, 0x9D, 0x89, 0x80, 0xA7, 0x57, 0x2D, 0x31, 0x10, 0x66, 0x02,
    0x5C, 0x7D, 0x58, 0xD3, 0x86, 0x2E, 0xA6, 0x3B, 0x57, 0x6B, 0xED, 0xEC, 0x92, 0x10, 0xE2, 0xFD,
    0x15, 0x81, 0x43, 0x38, 0x8D, 0x7F, 0xB1, 0x69, 0x74, 0xCD, 0xEF, 0x74, 0xB1, 0xB6, 0x7B, 0x83,
    0x2C, 0x84, 0x89, 0xA0, 0x31, 0xC9, 0xC5, 0xF6, 0x1E, 0xD6, 0x52, 0x42, 0x63, 0x79, 0x76, 0x0B,
    0x46, 0x1A, 0x42, 0x1B, 0x3E, 0xB7, 0x9D, 0x16, 0x5D, 0xBF, 0x4F, 0x1A, 0xBE, 0xA3, 0x66, 0xC3,
    0xC6, 0x21, 0x88, 0x07, 0x87, 0x47, 0x87, 0x89, 0xC3, 0xD4, 0x61, 0xEE, 0xB0, 0x70, 0xD8, 0x2C,
    0x86, 0x11, 0xFE, 0xC7, 0xF0, 0x88, 0xDF, 0x1B, 0xC6, 0xF8, 0xAD, 0x61, 0x8A, 0x5F, 0x1B, 0x66,
    0xF8, 0x73, 0xC3, 0x02, 0x07, 0xC3, 0x6A, 0x21, 0x62, 0x36, 0x8C, 0x30, 0x1A, 0x1E, 0x31, 0x18,
    0xC6, 0xE8, 0x0C, 0x53, 0xB4, 0x86, 0x19, 0x4A, 0xC3, 0x02, 0x62, 0x58, 0x2D, 0x44, 0x4C, 0x0E,
    0x07, 0x87, 0xBD, 0xC3, 0xD6, 0x61, 0xED, 0x50, 0x88, 0xAB, 0xC3, 0xD9, 0xE1, 0xE4, 0x70, 0x30,
    0x14, 0x36, 0x66, 0xC1, 0xEB, 0x81, 0xDF, 0xF2, 0xC8, 0xBE, 0xF1, 0xB0, 0xE3, 0xD1, 0xA9, 0x64,
    0x42, 0xE8, 0x15, 0x60, 0x10, 0x11, 0x8E, 0x84, 0x98, 0x90, 0x12, 0x32, 0x42, 0x41, 0x68, 0xBE,
    0x31, 0xC0, 0xD7, 0x0A, 0x07, 0xFC, 0xC7, 0x06, 0xF3, 0x11, 0xFF, 0xA6, 0x90, 0xE0, 0xAF, 0x14,
    0xD2, 0x35, 0x56, 0x28, 0xE6, 0x44, 0xA1, 0x9A, 0x0C, 0x30, 0x28, 0x2C, 0xE8, 0x15, 0x80, 0x96,
    0x50, 0x13, 0xC4, 0x60, 0x21, 0xCC, 0x84, 0x91, 0x30, 0x10, 0x3A, 0x42, 0xAB, 0xE0, 0x32, 0xAC,
    0xB8, 0x1C, 0x2B, 0xCC, 0xB2, 0xA5, 0x62, 0x7F, 0x15, 0x99, 0x6B, 0xAF, 0x66, 0xDB, 0x7B, 0xC7,
    0xDA, 0xEB, 0x58, 0x7B, 0x83, 0x5B, 0xA4, 0x6A, 0x38, 0x58, 0x11, 0x30, 0x1D, 0xD1, 0x85, 0x7A,
    0xDF, 0x41, 0x33, 0x1E, 0xAD, 0xD6, 0xEE, 0xF6, 0x5B, 0xA4, 0xEF, 0x61, 0xE4, 0x1D, 0x7C, 0x11,
    0x9B, 0xCD, 0xD2, 0xB0, 0x88, 0x5B, 0x05, 0xA3, 0x11, 0x08, 0xA6, 0x2B, 0x24, 0x5F, 0xC4, 0x25,
    0xD9, 0xF1, 0xEE, 0xC2, 0x35, 0x6A, 0x5C, 0xE2, 0xCC, 0x59, 0xBC, 0x30, 0x43, 0x62, 0x5F, 0x3C,
    0x16, 0x00, 0x3F, 0x6B, 0x14, 0x69, 0xBB, 0x67, 0x9A, 0xEC, 0xD5, 0x7A, 0xB5, 0x75, 0xB1, 0xBD,
    0x47, 0xA0, 0x81, 0x3F, 0x33, 0xF3, 0xA7, 0x18, 0x98, 0xCA, 0x33, 0x23, 0x5B, 0x9F, 0xA3, 0x63,
    0x8E, 0x67, 0xC9, 0x93, 0x60, 0xF4, 0x64, 0x22, 0x89, 0xEF, 0x4D, 0xF6, 0xB7, 0x53, 0x20, 0x1F,
    0x31, 0xE6, 0xE8, 0xF9, 0xAC, 0xCC, 0x4D, 0x63, 0x48, 0x31, 0x71, 0x62, 0x09, 0x16, 0x4E, 0x35,
    0x4C, 0xFE, 0x00, 0x8C, 0xA6, 0x8E, 0x40, 0x1B, 0x43, 0x65, 0x77, 0xB2, 0x11, 0x4E, 0x19, 0x59,
    0x1B, 0x54, 0xFC, 0x84, 0xF5, 0x57, 0x1D, 0x0A, 0xFF, 0xCB, 0xAD, 0x46, 0x6E, 0x3E, 0xA2, 0x87,
    0x14, 0xA2, 0x1D, 0xE4, 0xDC, 0x56, 0x24, 0x4F, 0x83, 0x67, 0xEE, 0x3E, 0xAC, 0xB4, 0x40, 0x07,
    0x57, 0x17, 0xC0, 0x43, 0x08, 0x7E, 0x2B, 0xB3, 0x44, 0x0D, 0x4B, 0xF2, 0x1C, 0xBD, 0x1A, 0x81,
    0xFB, 0x42, 0xB5, 0x44, 0x85, 0x52, 0x8E, 0x0A, 0x56, 0x74, 0x34, 0x06, 0xF3, 0x2D, 0x30, 0xF1,
    0x86, 0xC9, 0xF6, 0x57, 0xF4, 0x4C, 0x42, 0x97, 0xA5, 0x6A, 0xBB, 0x81, 0x96, 0x5B, 0xDF, 0x06,
    0x5A, 0x6F, 0x09, 0xCE, 0x45, 0x0A, 0x9A, 0x23, 0x61, 0xAC, 0x48, 0x83, 0x67, 0x16, 0x56, 0xA7,
    0xF2, 0xBB, 0x08, 0xB3, 0x5E, 0x32, 0x86, 0x99, 0xE8, 0x55, 0xCD, 0x12, 0xA6, 0x42, 0xEB, 0xA3,
    0xAB, 0x4B, 0x9D, 0xA3, 0x7B, 0x1E, 0x60, 0xE8, 0x9C, 0x19, 0x1E, 0xB4, 0x84, 0xA8, 0x11, 0x78,
    0xAE, 0x63, 0xCA, 0xB1, 0xDD, 0x97, 0xB8, 0xDB, 0x83, 0xC0, 0x40, 0xC2, 0xB3, 0x32, 0x1F, 0xDB,
    0x9C, 0xD8, 0x76, 0x99, 0x30, 0xDE, 0xD4, 0x5C, 0x5C, 0x1A, 0xF5, 0x81, 0x8B, 0x9A, 0x61, 0xF6,
    0xC9, 0x4B, 0x84, 0xD9, 0xB5, 0xA7, 0xD9, 0xD8, 0x07, 0x48, 0x12, 0x02, 0xE4, 0x2F, 0xAD, 0x12,
    0xEC, 0xD5, 0x7D, 0x57, 0x02, 0x64, 0xA8, 0x60, 0x75, 0xA8, 0x1E, 0x55, 0xFF, 0x0D, 0x26, 0x9A,
    0xFC, 0x0E, 0x10, 0x46, 0x54, 0xC9, 0x00, 0xA9, 0xBD, 0xB1, 0x33, 0x35, 0xFE, 0xA8, 0xF5, 0x73,
    0x6A, 0x7A, 0xB5, 0xFB, 0xD3, 0xEC, 0x25, 0xEC, 0x8A, 0x52, 0x56, 0x07, 0x51, 0x08, 0x10, 0xED,
    0x6F, 0x4F, 0x6C, 0x11, 0x26, 0xFE, 0xE5, 0xDB, 0x89, 0x2D, 0x79, 0x75, 0x89, 0xED, 0x75, 0xC4,
    0xDD, 0x9A, 0xD8, 0xD0, 0xF3, 0xEC, 0xE4, 0xB9, 0xC4, 0xC6, 0xF3, 0x92, 0x9B, 0xCF, 0x4A, 0xBE,
    0x5F, 0x71, 0xFB, 0x63, 0xAB, 0x04, 0x23, 0xB4, 0x89, 0x49, 0xEF, 0x53, 0x94, 0x0A, 0x19, 0x6A,
    0x42, 0x29, 0x07, 0x15, 0xAB, 0xF9, 0xB0, 0xBC, 0xB9, 0x06, 0xFC, 0x33, 0x1E, 0x5A, 0xF0, 0x71,
    0x0C, 0x4A, 0xBF, 0xD3, 0x2F, 0x68, 0x90, 0xDC, 0x19, 0x64, 0x2D, 0x75, 0x1F, 0x94, 0xDA, 0x6E,
    0xB1, 0x0F, 0xBB, 0xB8, 0xB0, 0x71, 0x3B, 0xEE, 0xBE, 0xED, 0xE5, 0x91, 0xA2, 0x36, 0xAC, 0xF2,
    0x68, 0xDB, 0x25, 0x02, 0xA6, 0xCA, 0x8B, 0x81, 0x36, 0x0F, 0x2B, 0x85, 0x19, 0x70, 0x37, 0xC8,
    0x07, 0xF1, 0xB1, 0xDC, 0x39, 0xFF, 0x80, 0x1B, 0xDF, 0xEA, 0x5C, 0x62, 0xA0, 0xA3, 0x90, 0x7A,
    0x2F, 0x72, 0x22, 0xA8, 0x27, 0xC1, 0x82, 0xCF, 0x1F, 0x5A, 0x9C, 0xA9, 0x88, 0x8F, 0x34, 0xB6,
    0x62, 0x68, 0x68, 0xA5, 0xFC, 0x26, 0x54, 0x0F, 0x94, 0x8D, 0x6B, 0x38, 0x94, 0xC5, 0x2C, 0x87,
    0x45, 0xA3, 0xEA, 0xFA, 0x70, 0xA2, 0xF5, 0x4A, 0x13, 0x3E, 0xA8, 0xB5, 0x58, 0xBD, 0x01, 0x8C,
    0xEF, 0x36, 0xEE, 0x22, 0xA0, 0x63, 0x05, 0xC0, 0x12, 0x81, 0x0B, 0xCB, 0xA9, 0xF2, 0x68, 0x8B,
    0xA1, 0x59, 0x27, 0x78, 0x6D, 0xFF, 0x16, 0xBF, 0x45, 0xA7, 0x59, 0x79, 0x97, 0x86, 0x10, 0x97,
    0xDD, 0x4F, 0xCC, 0x15, 0xC5, 0xE7, 0xEF, 0x01, 0xED, 0xE5, 0x41, 0xC5, 0xCA, 0xD7, 0xA1, 0xF6,
    0x5C, 0x7A, 0x8B, 0x5B, 0x44, 0xFB, 0x66, 0xA3, 0xEF, 0x20, 0xFC, 0x05, 0xC4, 0xB5, 0xBB, 0x86,
    0xDA, 0x7A, 0x77, 0x70, 0x64, 0x31, 0xD2, 0x29, 0x51, 0xD3, 0xB1, 0x70, 0xA6, 0x9A, 0x47, 0x8C,
    0x9C, 0x73, 0xCC, 0x72, 0xDC, 0x6D, 0xC4, 0xB1, 0x2A, 0x69, 0xE9, 0xE5, 0x5C, 0x49, 0x65, 0xF6,
    0x2B, 0xC5, 0x1D, 0xC1, 0xBA, 0x2F, 0x03, 0x9A, 0x45, 0x78, 0x07, 0x66, 0x26, 0x9C, 0xC8, 0x59,
    0x6D, 0xE4, 0xC9, 0xCF, 0x76, 0x49, 0x22, 0x5A, 0x06, 0x77, 0x3C, 0x33, 0x33, 0xC1, 0x2A, 0x28,
    0xA3, 0x16, 0x39, 0x4C, 0x9E, 0x0A, 0xC2, 0x6A, 0x24, 0xD9, 0xFD, 0x30, 0x88, 0xE4, 0xB0, 0xFB,
    0xF1, 0xD0, 0x60, 0x44, 0x18, 0x21, 0xCC, 0xBB, 0x24, 0x40, 0xED, 0x07, 0xDB, 0xD0, 0x32, 0xC3,
    0x4A, 0x29, 0x14, 0x63, 0x64, 0xF0, 0xA4, 0xF3, 0xA4, 0x74, 0x64, 0xF1, 0x37, 0x77, 0x14, 0xF7,
    0xE8, 0x31, 0xD1, 0x35, 0x0E, 0x5E, 0x6F, 0xC1, 0xC3, 0x05, 0x7F, 0xE9, 0x71, 0xB5, 0xE9, 0xC6,
    0xC2, 0xDC, 0x6B, 0x2E, 0xD8, 0x3A, 0xFF, 0x2D, 0x80, 0x7A, 0x22, 0x9C, 0xEA, 0x57, 0xA0, 0x1F,
    0x00, 0xBA, 0x41, 0xDF, 0x33, 0xFA, 0xBF, 0xF1, 0x95, 0x9F, 0xE9, 0x5E, 0x8D, 0xF7, 0x94, 0xB1,
    0x62, 0xAE, 0xF7, 0x76, 0xE6, 0x09, 0xB3, 0x69, 0x8A, 0xCE, 0x4C, 0x9A, 0xA0, 0xCF, 0xB9, 0xC5,
    0x1C, 0x0A, 0x98, 0x4A, 0x63, 0xB5, 0xD2, 0x1B, 0xCD, 0x4C, 0x67, 0xC0, 0xB0, 0x59, 0xDC, 0x4B,
    0x74, 0xF5, 0x67, 0x2A, 0x3E, 0x6F, 0xF8, 0x43, 0x19, 0xB4, 0xCE, 0x1F, 0xB5, 0x33, 0xC0, 0xDE,
    0xC0, 0x21, 0x87, 0xD0, 0xFD, 0xFE, 0xB0, 0x8E, 0x51, 0x15, 0x4E, 0x6C, 0xC2, 0x91, 0x51, 0xF4,
    0x17, 0x14, 0x17, 0xD3, 0xE6, 0x86, 0x42, 0x9C, 0x1D, 0x0E, 0x0E, 0x6B, 0x4A, 0x7B, 0x2A, 0x6C,
    0x3C, 0xFD, 0x0D, 0xE7, 0xBF, 0xE2, 0x4E, 0x80, 0xA9, 0x5A, 0x4A, 0xE2, 0xFF, 0x22, 0x18, 0x62,
    0xDE, 0x7F, 0xF5, 0x24, 0xF8, 0xD5, 0x2E, 0x93, 0xD7, 0xCB, 0x84, 0x67, 0xCB, 0x1F, 0xDA, 0x98,
    0x3A, 0x5D, 0x4C, 0xCF, 0x36, 0x87, 0x4D, 0xB3, 0x2B, 0x88, 0xBC, 0xB6, 0x1F, 0xB1, 0xF3, 0xE4,
    0x23, 0x9E, 0xC4, 0xB5, 0xEF, 0x7A, 0xD9, 0xBC, 0x5E, 0x36, 0x7C, 0x7D, 0xF2, 0xD4, 0x3F, 0x45,
    0x8F, 0x85, 0x22, 0xFF, 0x15, 0xD3, 0x95, 0x1F, 0x4F, 0x62, 0x4A, 0xDD, 0x92, 0xEA, 0xF3, 0x85,
    0xB3, 0x28, 0x2B, 0x1E, 0xB4, 0x2E, 0x42, 0x3D, 0xDE, 0xF8, 0x30, 0xBA, 0x78, 0xC5, 0xEB, 0xE7,
    0xF5, 0xFA, 0xA1, 0xBB, 0xF4, 0x22, 0x78, 0x2B, 0xC3, 0xAF, 0x31, 0xED, 0x7C, 0xD5, 0xCC, 0x29,
    0x6A, 0xE7, 0x29, 0xAE, 0xB3, 0x6A, 0x54, 0x35, 0xE8, 0xA7, 0x9B, 0xDC, 0x74, 0x3A, 0xD9, 0x62,
    0x12, 0x77, 0x72, 0x58, 0x56, 0x2A, 0x03, 0xA0, 0xCF, 0xB0, 0x9A, 0x81, 0x23, 0xCC, 0x66, 0xDF,
    0xA3, 0x39, 0x6C, 0x30, 0x7F, 0xA9, 0xAB, 0x62, 0xE3, 0x93, 0x7D, 0xC6, 0x31, 0xAD, 0x45, 0x6D,
    0xA6, 0xD8, 0xA8, 0xBB, 0x4B, 0x5B, 0x83, 0xBA, 0x5E, 0xB4, 0xB3, 0xF5, 0x92, 0xA1, 0x76, 0x0E,
    0x6B, 0xCD, 0x1E, 0x09, 0xFF, 0x85, 0x8B, 0x9D, 0x2F, 0xF2, 0x8B, 0x9D, 0xAF, 0x9D, 0xD7, 0xFE,
    0x97, 0x36, 0xC0, 0x37, 0x34, 0x6D, 0xE3, 0x2C, 0x5B, 0x85, 0xAF, 0xC2, 0xE8, 0x30, 0xDA, 0x57,
    0x05, 0xCE, 0xCE, 0x6F, 0x44, 0x96, 0x59, 0x0C, 0x2A, 0x17, 0xE5, 0x1C, 0x4F, 0xB1, 0xA6, 0x21,
    0xE5, 0xD6, 0x1C, 0x06, 0x7E, 0x8A, 0xC5, 0xE1, 0xEC, 0x70, 0x70, 0xD8, 0x12, 0x7D, 0x74, 0x9C,
    0x3B, 0xB7, 0x68, 0xF9, 0x69, 0x7F, 0x90, 0x62, 0xB2, 0xC7, 0x94, 0xD5, 0x4C, 0x3D, 0x2B, 0xEA,
    0xE9, 0x51, 0x0A, 0xAB, 0x04, 0x27, 0x96, 0xA2, 0xB7, 0x9F, 0xE8, 0x96, 0x0D, 0x6D, 0xF6, 0x9D,
    0x63, 0x15, 0xB0, 0x74, 0x58, 0x1B, 0xAA, 0x35, 0x88, 0xA3, 0x86, 0x77, 0x99, 0x03, 0x5F, 0x70,
    0x1F, 0x05, 0x28, 0x26, 0x0E, 0x0F, 0x0E, 0xA5, 0x71, 0x98, 0x00, 0xAB, 0x09, 0xFB, 0xE1, 0xC7,
    0x65, 0x41, 0xCF, 0xC8, 0x2B, 0xC4, 0xEF, 0xE6, 0xBB, 0x5E, 0xCD, 0x7B, 0x0F, 0x78, 0xA2, 0x9B,
    0xA3, 0xBD, 0x3F, 0xAC, 0x57, 0x00, 0x06, 0x0D, 0x5A, 0xCD, 0x02, 0x15, 0xD6, 0xC6, 0xD7, 0xF3,
    0x68, 0x33, 0x42, 0x42, 0x88, 0x08, 0xF2, 0x26, 0x9E, 0xE5, 0x0C, 0xA7, 0x97, 0x00, 0xFB, 0xD9,
    0xE6, 0x13, 0x7E, 0xB9, 0x7B, 0x73, 0xCF, 0x31, 0x7A, 0xCB, 0xFF, 0x77, 0x7F, 0xF1, 0x44, 0x7B,
    0x2C, 0x77, 0xF5, 0x22, 0x2F, 0xD3, 0xF3, 0xAC, 0xFE, 0x74, 0x7A, 0x6C, 0x0E, 0xB8, 0xBE, 0xFB,
    0x40, 0x3F, 0x2D, 0x45, 0xBE, 0xAB, 0xEE, 0x83, 0xC7, 0x5B, 0x87, 0xF9, 0xBA, 0x4E, 0x35, 0xBF,
    0x77, 0x27, 0x4F, 0xF4, 0x4C, 0xCB, 0xBD, 0x6D, 0x33, 0x9F, 0xD5, 0xDA, 0xC2, 0xE5, 0xB9, 0x8D,
    0x21, 0x30, 0xFE, 0x2D, 0x46, 0x9D, 0x2F, 0xC6, 0xA2, 0x45, 0x4F, 0xB6, 0x6E, 0x6F, 0xCC, 0x32,
    0xFC, 0xB9, 0x52, 0xE3, 0x45, 0xF5, 0x7F, 0x18, 0xA6, 0xFE, 0x21, 0x03, 0xC6, 0xC0, 0x50, 0x07,
    0x36, 0x04, 0x36, 0x07, 0x86, 0x4B, 0x56, 0x53, 0xDE, 0x01, 0x68, 0xC9, 0x78, 0xF8, 0x62, 0x2C,
    0x47, 0xEF, 0x58, 0xFA, 0x82, 0x2C, 0x0B, 0xAC, 0x08, 0x52, 0x1A, 0x27, 0xF9, 0xF4, 0xF7, 0x70,
    0x4C, 0x5B, 0xE9, 0xD9, 0x7A, 0xCD, 0xFC, 0x7A, 0xCF, 0x56, 0xF1, 0xEC, 0xDC, 0xD8, 0x1D, 0xFF,
    0x74, 0xC6, 0x91, 0x6A, 0xB9, 0xDF, 0x3F, 0x9D, 0x61, 0x9C, 0x13, 0xCE, 0xFC, 0xA1, 0xCA, 0xF4,
    0xB2, 0x04, 0x17, 0xBF, 0x74, 0x04, 0x78, 0xEA, 0x09, 0x02, 0x69, 0x3D, 0x19, 0x3C, 0x19, 0x79,
    0x7B, 0x86, 0x99, 0xE4, 0xE8, 0x49, 0x74, 0x33, 0x39, 0x78, 0x92, 0x90, 0xE0, 0x02, 0x98, 0x9E,
    0x93, 0xDC, 0x79, 0x52, 0x3A, 0x32, 0x09, 0xC9, 0x5A, 0x2A, 0x89, 0x2E, 0xB4, 0x7D, 0x78, 0xE0,
    0x4D, 0xB7, 0xC3, 0xBA, 0x8D, 0x3C, 0x77, 0x87, 0x5A, 0xF7, 0x06, 0x17, 0x9A, 0xD4, 0xFF, 0x56,
    0x78, 0x1B, 0xCB, 0xE9, 0x54, 0xDE, 0xEF, 0x09, 0x84, 0xE5, 0x74, 0xA6, 0x00, 0x4C, 0x2F, 0x04,
    0x4A, 0xAE, 0x81, 0xE3, 0x1E, 0xDC, 0x19, 0x55, 0x0E, 0x0C, 0x57, 0xA0, 0x23, 0xD4, 0x06, 0xEB,
    0xFE, 0x47, 0xB1, 0x6C, 0x27, 0xCD, 0x9B, 0x66, 0xB9, 0xE5, 0xF6, 0x9E, 0x93, 0xBF, 0xA9, 0xE7,
    0xDA, 0xB8, 0xA9, 0x6F, 0xAC, 0xBF, 0x59, 0xC2, 0x62, 0x66, 0x04, 0xDA, 0x9B, 0x7A, 0x55, 0xF3,
    0xD6, 0xDE, 0x6D, 0xDB, 0x50, 0x5B, 0x5F, 0x5A, 0x2F, 0xDA, 0x2F, 0xDA, 0xB3, 0xB8, 0x3C, 0x59,
    0x95, 0x75, 0x6E, 0xA7, 0x64, 0x3C, 0x08, 0x3D, 0x62, 0xE5, 0x99, 0xA4, 0x1E, 0xD7, 0x1F, 0x75,
    0x6C, 0xCA, 0x52, 0xC8, 0x1D, 0xFC, 0x01, 0x25, 0x4B, 0x46, 0xED, 0x4C, 0x78, 0x8E, 0x3E, 0x72,
    0x92, 0x47, 0xBB, 0x41, 0x57, 0x80, 0x8A, 0x30, 0x35, 0xF8, 0x20, 0x01, 0x72, 0xB7, 0xEC, 0x01,
    0xBF, 0xD3, 0x40, 0xD8, 0x69, 0x2C, 0x46, 0xE2, 0xB0, 0xC1, 0x78, 0x6E, 0x5F, 0x71, 0xF0, 0xE4,
    0xE8, 0x3F, 0x4A, 0x39, 0xD8, 0xE4, 0xAC, 0x46, 0x0A, 0x2F, 0x10, 0x68, 0xCC, 0x00, 0x91, 0x3E,
    0xB4, 0xE7, 0x7C, 0x6C, 0x1A, 0xAA, 0x58, 0x0C, 0x56, 0xA5, 0xBA, 0x26, 0xDC, 0x0F, 0x6B, 0x00,
    0x57, 0xFE, 0x36, 0xF8, 0xE2, 0x49, 0x04, 0x98, 0xA8, 0xC5, 0x54, 0xC9, 0x36, 0x62, 0x85, 0x74,
    0x02, 0x53, 0x85, 0x7B, 0x93, 0x02, 0xBD, 0x49, 0x5F, 0xF8, 0x1C, 0x37, 0x7F, 0x65, 0x77, 0x93,
    0xC8, 0x08, 0x27, 0xB5, 0x53, 0x84, 0x64, 0x22, 0xD9, 0xE9, 0xD8, 0x79, 0x52, 0x2A, 0xD2, 0x33,
    0xFB, 0xBD, 0xBF, 0x6E, 0x5C, 0x74, 0x3A, 0xAA, 0x8D, 0x3A, 0x4A, 0xD5, 0xD3, 0xFF, 0x95, 0xAB,
    0x06, 0x6A, 0x80, 0xB0, 0x8F, 0xA9, 0x50, 0x83, 0xAF, 0xEA, 0xDF, 0x60, 0x35, 0xB1, 0x5F, 0xBB,
    0xBD, 0x07, 0xDC, 0x69, 0xAE, 0x33, 0x33, 0x10, 0xF6, 0x1A, 0xDC, 0x63, 0xD8, 0x70, 0xE2, 0x7E,
    0xEF, 0xC1, 0x71, 0xE1, 0xBE, 0x98, 0x72, 0x82, 0x5C, 0x3E, 0x27, 0x3C, 0x97, 0xF3, 0xF8, 0xF7,
    0x33, 0xCE, 0x8B, 0xAE, 0x50, 0xA5, 0x39, 0x6F, 0x4C, 0xD4, 0x03, 0x93, 0xED, 0x21, 0xE1, 0x35,
    0x6D, 0xEE, 0x40, 0xBF, 0x17, 0x25, 0xBA, 0xD0, 0xD9, 0x63, 0xE7, 0xB0, 0x26, 0xAE, 0xCE, 0x78,
    0x67, 0xAF, 0x20, 0xF0, 0xE3, 0x7B, 0x04, 0x7E, 0x74, 0x7A, 0x07, 0x58, 0xB7, 0xAC, 0x17, 0xC3,
    0xDA, 0xF4, 0x42, 0xE4, 0xE8, 0xC8, 0xB7, 0x03, 0xBF, 0xBC, 0x31, 0xF0, 0xE9, 0x91, 0x1B, 0x02,
    0xBF, 0xF4, 0x81, 0xDF, 0x52, 0x53, 0x75, 0x81, 0x0B, 0xFC, 0x91, 0x3B, 0x48, 0xED, 0x82, 0x7D,
    0x7C, 0xE0, 0x97, 0x3E, 0xF0, 0xDB, 0x57, 0x15, 0x83, 0x0F, 0x3F, 0x01, 0xF0, 0xC5, 0x87, 0xF6,
    0x67, 0x60, 0xBC, 0x0B, 0xEF, 0x19, 0x83, 0x6D, 0x98, 0x97, 0x9B, 0xA7, 0x9F, 0x77, 0xD0, 0xC3,
    0xC5, 0x60, 0xF9, 0x7F, 0xED, 0x5C, 0x47, 0x94, 0xE4, 0xC8, 0x56, 0x7D, 0x52, 0xD2, 0xA5, 0x73,
    0x2A, 0x17, 0xC2, 0x7B, 0x48, 0xBC, 0x07, 0xED, 0x57, 0x12, 0xDE, 0xFB, 0xAE, 0xC1, 0x2D, 0xF1,
    0x63, 0xD7, 0x58, 0x09, 0xBF, 0xE4, 0xFB, 0xBF, 0xC4, 0x8D, 0xCD, 0xC6, 0x6C, 0xF1, 0x12, 0x7E,
    0x9B, 0xD8, 0x2D, 0xC2, 0x7B, 0xD0, 0xFF, 0x5F, 0x80, 0x7A, 0x46, 0xD2, 0x85, 0x78, 0xEF, 0x46,
    0x45, 0xB5, 0xDA, 0xE4, 0xF4, 0x9F, 0xAE, 0xF9, 0x53, 0x35, 0xD2, 0xE9, 0xA3, 0x77, 0xBB, 0x32,
    0x14, 0x21, 0xBD, 0x77, 0x6F, 0x84, 0xE2, 0x45, 0x64, 0x8A, 0x48, 0x8D, 0x4E, 0xF4, 0x00, 0x7A,
    0xB5, 0x11, 0x30, 0x2A, 0x88, 0x3D, 0xD8, 0x00, 0x93, 0x82, 0x04, 0x80, 0x82, 0x2D, 0xFE, 0xCB,
    0x40, 0x8A, 0xBF, 0x46, 0xE5, 0xC0, 0x0E, 0x3F, 0x8B, 0xC6, 0x81, 0x0C, 0x5F, 0x6D, 0x20, 0x47,
    0x82, 0xD6, 0x81, 0x12, 0x1B, 0x6B, 0x03, 0xF3, 0xC6, 0xDA, 0xC0, 0x14, 0x63, 0xD0, 0xA6, 0xC6,
    0x08, 0xA3, 0xB6, 0x30, 0x08, 0x26, 0x05, 0xBD, 0xD4, 0xB3, 0xB6, 0xD0, 0x49, 0x09, 0x6D, 0xA1,
    0x95, 0x1C, 0x85, 0x03, 0x07, 0xC9, 0xD0, 0x88, 0x9E, 0x76, 0x0E, 0xE4, 0x70, 0xC7, 0x41, 0xA4,
    0x54, 0xD0, 0x89, 0xD4, 0x1E, 0xA8, 0xC5, 0x20, 0x91, 0x81, 0x51, 0x62, 0x0F, 0x36, 0x98, 0xF7,
    0xFB, 0x3D, 0x66, 0x49, 0xF4, 0x16, 0x00, 0xD9, 0xA2, 0x57, 0x50, 0xA4, 0x7A, 0x9B, 0x25, 0xAA,
    0x9D, 0xDE, 0x78, 0x8E, 0x26, 0xC7, 0x41, 0xC1, 0x21, 0x47, 0xA3, 0x0F, 0xD9, 0x96, 0xA8, 0xF4,
    0xA6, 0x3A, 0xA0, 0x50, 0xD0, 0xCB, 0x03, 0x8F, 0xE8, 0x25, 0x82, 0xD4, 0xFC, 0xA4, 0xB7, 0x6F,
    0x40, 0x2B, 0x27, 0x58, 0x7C, 0x94, 0xA2, 0xE0, 0xE5, 0xDF, 0x65, 0xF6, 0xDB, 0xE7, 0xB7, 0xE8,
    0xE7, 0x40, 0x61, 0x8F, 0xD2, 0xCA, 0x26, 0x3C, 0xA1, 0xF3, 0x21, 0x50, 0x63, 0x16, 0x29, 0x8B,
    0x08, 0x10, 0xF9, 0x24, 0xE7, 0x0B, 0x31, 0xEF, 0x17, 0xDA, 0x46, 0x30, 0xD1, 0xAF, 0x69, 0x35,
    0xCF, 0xC0, 0x99, 0x18, 0x6A, 0x52, 0x33, 0x39, 0xE6, 0xE7, 0x4A, 0x14, 0x25, 0x0E, 0xAE, 0x64,
    0x8D, 0xC2, 0x19, 0x40, 0xD4, 0xB8, 0xDA, 0xED, 0x7F, 0x50, 0x13, 0xC3, 0x15, 0x39, 0xEC, 0xE0,
    0x2E, 0xE0, 0xE5, 0xC0, 0x7F, 0xA1, 0xD8, 0x01, 0xF8, 0x7A, 0x14, 0x09, 0x30, 0x25, 0x28, 0xA4,
    0x46, 0xBB, 0x41, 0x21, 0x37, 0xCE, 0xE4, 0x1E, 0x47, 0xFC, 0xA2, 0x9A, 0x9D, 0xBF, 0xBD, 0xE6,
    0xBE, 0x66, 0x07, 0xF3, 0xC8, 0xB3, 0x6A, 0xE4, 0x23, 0x6E, 0x9A, 0x15, 0xA0, 0x22, 0x08, 0x4C,
    0x1E, 0x0C, 0xFC, 0x2B, 0x46, 0xA1, 0x8B, 0xEF, 0x06, 0x2C, 0x73, 0xC2, 0xAB, 0x94, 0x5F, 0x46,
    0xEE, 0x49, 0x08, 0x46, 0x82, 0xE8, 0x1B, 0x64, 0x71, 0xAC, 0xAA, 0x79, 0xAD, 0xAA, 0x61, 0x00,
    0x23, 0xA0, 0x32, 0xD3, 0x9A, 0xE9, 0x9D, 0xF9, 0x37, 0x46, 0xB0, 0x34, 0xC3, 0x58, 0x95, 0xBD,
    0xB9, 0xB3, 0x33, 0x1F, 0x36, 0x6A, 0x46, 0x51, 0xD3, 0x2F, 0x03, 0x75, 0xFD, 0x44, 0x13, 0x7B,
    0x82, 0x6E, 0xD0, 0x90, 0xA0, 0xB0, 0xDB, 0x6B, 0x77, 0x83, 0x91, 0xB2, 0x2F, 0xE9, 0xC5, 0x71,
    0x5F, 0xB8, 0x82, 0x81, 0x70, 0x09, 0x2A, 0xF3, 0x64, 0x64, 0xB5, 0xD4, 0x07, 0xC9, 0xD5, 0x8F,
    0x67, 0x22, 0x37, 0xBC, 0xD7, 0x56, 0x96, 0x5F, 0xC6, 0xD8, 0x10, 0xEF, 0x2B, 0x7A, 0xC8, 0x6C,
    0x3A, 0x5B, 0x05, 0x99, 0xB5, 0xD1, 0x96, 0xAD, 0xFA, 0xB3, 0x77, 0x17, 0x25, 0xF4, 0x6B, 0x8A,
    0x14, 0x16, 0x2F, 0x0B, 0x36, 0x0E, 0x52, 0xBB, 0x76, 0xF7, 0x22, 0x1F, 0xFB, 0xF3, 0x12, 0x8E,
    0x05, 0xD7, 0x49, 0x76, 0xCF, 0x76, 0x4F, 0x77, 0xCF, 0x77, 0x4F, 0x78, 0xCF, 0xF8, 0x40, 0x79,
    0x72, 0x9E, 0x6C, 0x0F, 0x96, 0xB4, 0x27, 0xEF, 0x85, 0xC4, 0x97, 0x94, 0x96, 0xD4, 0x17, 0x72,
    0x5F, 0x48, 0x7E, 0x21, 0xFB, 0x85, 0xF4, 0x17, 0xF2, 0x5F, 0x28, 0x00, 0xA1, 0x02, 0x84, 0x12,
    0x10, 0x6A, 0x40, 0x28, 0x02, 0xF1, 0x2A, 0xF0, 0x32, 0xA0, 0x0E, 0x42, 0xEF, 0xBD, 0x9B, 0x09,
    0x5C, 0x29, 0x52, 0xB3, 0xC9, 0x8D, 0x53, 0x79, 0x57, 0x9B, 0xE7, 0x4F, 0x7F, 0x21, 0xB0, 0x74,
    0x29, 0x84, 0x6C, 0x15, 0xC2, 0xEB, 0x29, 0x84, 0xCF, 0xE1, 0xA8, 0x9D, 0x8D, 0x42, 0x97, 0x08,
    0xDD, 0x57, 0xD9, 0x55, 0xF5, 0x01, 0x5A, 0xF1, 0xEE, 0xBD, 0x1C, 0xBD, 0x13, 0xFA, 0x33, 0x28,
    0x21, 0xB6, 0x82, 0x2D, 0x95, 0x50, 0xBC, 0x89, 0x95, 0xC0, 0xE3, 0x77, 0x2B, 0x02, 0xF4, 0x1E,
    0x8C, 0x04, 0xDF, 0x32, 0x11, 0x44, 0x1E, 0x24, 0x23, 0x07, 0x8B, 0xBC, 0xE7, 0x60, 0x91, 0x17,
    0x64, 0x72, 0xFE, 0x46, 0xD1, 0xC8, 0x3A, 0x58, 0x7C, 0x3F, 0x5D, 0xD7, 0x99, 0x51, 0x29, 0xC8,
    0x2D, 0xFA, 0x91, 0x5E, 0x1C, 0xB5, 0xCA, 0x52, 0xEF, 0xAE, 0x2B, 0x95, 0x8B, 0x43, 0x49, 0xC5,
    0x50, 0x30, 0xD4, 0x0B, 0xE5, 0xB2, 0x54, 0xCB, 0x75, 0x7C, 0x41, 0xFA, 0xD8, 0xB7, 0xC8, 0xE3,
    0x62, 0xE4, 0x90, 0xDF, 0x25, 0xD9, 0xFE, 0x6D, 0x22, 0xD9, 0x38, 0xA8, 0xB6, 0x19, 0xDF, 0x1D,
    0x9B, 0x08, 0xD5, 0x62, 0x9E, 0xB6, 0xA7, 0x7B, 0x12, 0x9C, 0x77, 0x51, 0xB3, 0x50, 0xFE, 0x2C,
    0x8C, 0xF7, 0xA0, 0xB5, 0x9A, 0x8B, 0x7C, 0xD0, 0x22, 0x83, 0x24, 0xB3, 0x88, 0x89, 0xE2, 0xEC,
    0xD2, 0x74, 0xB1, 0x4E, 0x15, 0x0A, 0xB9, 0x29, 0x22, 0x18, 0x64, 0x52, 0x67, 0xBD, 0x6B, 0x14,
    0xD9, 0x5A, 0x7F, 0x9E, 0xB6, 0x25, 0x3A, 0x17, 0xD1, 0xC4, 0x55, 0x70, 0x43, 0xE4, 0xC3, 0xD5,
    0xC5, 0x67, 0xDF, 0x60, 0xEE, 0xEC, 0xCD, 0x75, 0x13, 0xE3, 0xE8, 0x0C, 0xDE, 0xE7, 0x4A, 0x6E,
    0x50, 0xD5, 0xEE, 0xBA, 0xD1, 0xFD, 0x73, 0xE4, 0x89, 0x5E, 0xBA, 0xBF, 0x3C, 0x66, 0xB9, 0x43,
    0x1E, 0xFD, 0xDD, 0xF2, 0x88, 0xDF, 0xA8, 0xF2, 0xF0, 0xB3, 0xE4, 0x1B, 0x67, 0x85, 0x67, 0x73,
    0xEB, 0x79, 0xD9, 0x07, 0x16, 0xDE, 0x41, 0xBE, 0x1D, 0xBE, 0x9E, 0x0C, 0x9B, 0x62, 0x12, 0xAB,
    0x93, 0x72, 0x54, 0x95, 0x54, 0x72, 0xFA, 0xD2, 0x4A, 0xF4, 0x2B, 0x9C, 0x49, 0x22, 0x11, 0x58,
    0x12, 0xE8, 0x2C, 0x2C, 0xA3, 0x98, 0xA4, 0xF4, 0x5A, 0x6D, 0xA1, 0x1C, 0x37, 0x68, 0x25, 0x42,
    0x2B, 0xF5, 0x20, 0xB1, 0x1B, 0x40, 0x5E, 0xBC, 0xC6, 0x03, 0xC8, 0xE2, 0x38, 0x79, 0x96, 0x6E,
    0xA4, 0x5B, 0x2B, 0xBB, 0xE7, 0x86, 0x86, 0x7F, 0xBC, 0x98, 0x96, 0x7A, 0x87, 0x1A, 0x09, 0x8A,
    0xDB, 0x8D, 0x04, 0x79, 0x47, 0x50, 0x1F, 0x08, 0x18, 0x93, 0xFC, 0xC7, 0xC7, 0x4D, 0xAF, 0xA0,
    0x91, 0xAD, 0x82, 0xAC, 0x93, 0x8C, 0xD9, 0x8D, 0x5B, 0x68, 0xBD, 0x50, 0x1A, 0x8A, 0x09, 0x3E,
    0xB6, 0x03, 0x43, 0xCA, 0x5B, 0xBF, 0x4C, 0x2D, 0xAE, 0x5A, 0xCC, 0xC6, 0x8B, 0x51, 0xF4, 0xC1,
    0x50, 0x27, 0x6F, 0xC6, 0x6D, 0x27, 0x52, 0xFE, 0xD8, 0x37, 0xA4, 0x9D, 0x48, 0x7E, 0x90, 0xAC,
    0x15, 0xC9, 0xE6, 0xC7, 0x5C, 0xF5, 0xA9, 0xC5, 0x6D, 0x43, 0xDF, 0xD6, 0x16, 0xB3, 0x93, 0x7D,
    0x21, 0xD7, 0x5A, 0x44, 0x67, 0x05, 0x41, 0xDD, 0x12, 0xE4, 0x3D, 0x41, 0x3A, 0x12, 0x6C, 0x26,
    0x7E, 0x52, 0x21, 0x79, 0xD5, 0xF4, 0x8F, 0x57, 0xFA, 0x7F, 0x20, 0xE8, 0x1F, 0x71, 0x1C, 0x29,
    0x3B, 0xF3, 0x7D, 0x7F, 0x21, 0x31, 0x5E, 0x47, 0xB3, 0xD2, 0xBF, 0xBA, 0xB9, 0xD2, 0x5F, 0x16,
    0x47, 0x3A, 0x2F, 0x07, 0xEB, 0xD3, 0xBA, 0xF1, 0x03, 0x83, 0x07, 0x19, 0x41, 0x0C, 0xB2, 0xF6,
    0x8B, 0xFA, 0xAD, 0xFA, 0xB9, 0x6C, 0xB4, 0x47, 0x11, 0xC9, 0x5B, 0xF7, 0x4F, 0x83, 0x74, 0x4B,
    0xA3, 0xA6, 0x8E, 0xAD, 0xC8, 0x5F, 0xB6, 0x51, 0xA2, 0xBF, 0x7C, 0x41, 0xAC, 0x82, 0x48, 0x07,
    0x31, 0x17, 0xD0, 0x54, 0xEC, 0xC4, 0x68, 0x42, 0x20, 0xB1, 0xE9, 0xD3, 0xD6, 0x45, 0xF3, 0xE7,
    0x9D, 0x29, 0x1B, 0x27, 0x0D, 0xC9, 0x6F, 0x3F, 0xE6, 0x2A, 0xDF, 0x59, 0xF8, 0x12, 0x60, 0xE6,
    0x72, 0xC7, 0xB5, 0xD7, 0x05, 0x27, 0xE7, 0x9F, 0xE3, 0x27, 0xE7, 0x35, 0x59, 0xF7, 0xF2, 0x4C,
    0xD6, 0x19, 0xFF, 0xB6, 0xDD, 0xCE, 0x9C, 0x91, 0x1E, 0xA2, 0x9A, 0x9A, 0xE1, 0xE1, 0xDC, 0x38,
    0x29, 0xE8, 0x98, 0xCE, 0xDA, 0x4E, 0x4C, 0x67, 0x6D, 0xF0, 0x32, 0x46, 0xF2, 0x99, 0x14, 0x2F,
    0x81, 0x03, 0xE9, 0x3B, 0x87, 0x51, 0x69, 0xD5, 0xC5, 0x65, 0xE9, 0xE2, 0x46, 0x21, 0x1F, 0x21,
    0x22, 0xB8, 0xCD, 0xC9, 0xF9, 0x5F, 0x8D, 0xE7, 0x29, 0x97, 0xB4, 0xE7, 0xE4, 0xFC, 0x04, 0x07,
    0x2D, 0xE8, 0x26, 0xE7, 0xA7, 0x95, 0xC8, 0x8B, 0x22, 0xBB, 0x56, 0x62, 0x2D, 0xA2, 0x91, 0xDC,
    0xE2, 0x9D, 0xF5, 0x20, 0xB2, 0x61, 0x14, 0x39, 0xEA, 0x67, 0x98, 0x2D, 0x37, 0xF3, 0x16, 0xB9,
    0xCE, 0x93, 0xF3, 0xC7, 0x0B, 0x4E, 0xEE, 0xCA, 0x86, 0x2F, 0x47, 0xE5, 0x81, 0x63, 0x6C, 0x3E,
    0xEF, 0xA1, 0x60, 0x07, 0x50, 0x1E, 0xFA, 0xA8, 0x54, 0x4E, 0xC5, 0x07, 0x1A, 0x39, 0xF7, 0xD8,
    0x5F, 0x65, 0xA2, 0xAF, 0x93, 0xF3, 0xC7, 0x6D, 0x3F, 0x04, 0x0A, 0xD5, 0x44, 0xDD, 0xE8, 0x1C,
    0xB2, 0x9C, 0xF7, 0x18, 0xCC, 0x0B, 0x9D, 0x85, 0xFF, 0x60, 0xC1, 0x2F, 0xDE, 0x6C, 0x2F, 0x56,
    0x8B, 0xC9, 0x79, 0xEE, 0x6F, 0xB6, 0x5A, 0x98, 0x70, 0xEB, 0xD9, 0x6C, 0xEE, 0x75, 0x8E, 0x78,
    0x7C, 0xFF, 0xFF, 0x47, 0xA5, 0xD4, 0x69, 0xEE, 0x7F, 0xB6, 0x32, 0xA6, 0x98, 0xE3, 0x67, 0x2D,
    0x6F, 0x74, 0xBC, 0xFF, 0x99, 0x65, 0x44, 0xE4, 0xA1, 0xCE, 0x67, 0x67, 0x67, 0xC5, 0x03, 0xEF,
    0x96, 0xE7, 0xFB, 0xB2, 0x71, 0x8B, 0x86, 0xC2, 0x72, 0x94, 0xEE, 0x78, 0xF6, 0x7F, 0x49, 0xEC,
    0xCA, 0xEF, 0xB6, 0xF1, 0x59, 0xA9, 0x12, 0x03, 0x33, 0x19, 0x73, 0x30, 0x91, 0xF5, 0x46, 0x9C,
    0x51, 0x12, 0xE0, 0x16, 0xA0, 0x3A, 0x28, 0x51, 0xEC, 0x4C, 0xA3, 0x4E, 0x2D, 0xA9, 0x33, 0x95,
    0x6C, 0x71, 0x28, 0x51, 0x98, 0x51, 0xAA, 0xD5, 0x0F, 0x34, 0x67, 0xEE, 0xE1, 0xCA, 0x05, 0xD9,
    0x6C, 0xCD, 0xC9, 0x44, 0xA2, 0xEF, 0x02, 0x89, 0x63, 0x7B, 0x71, 0x02, 0xA3, 0x2D, 0xA8, 0x72,
    0x91, 0xD2, 0xCC, 0xD6, 0x8C, 0xD4, 0xDC, 0x3B, 0xF2, 0x6D, 0xF7, 0x5A, 0x99, 0xDA, 0xB3, 0x47,
    0xE3, 0xCB, 0x73, 0x77, 0x1F, 0x43, 0x7F, 0x70, 0x01, 0x46, 0x79, 0xC7, 0x54, 0x29, 0x7B, 0xD7,
    0x52, 0xFB, 0xAD, 0x1F, 0xAC, 0x61, 0x97, 0xF0, 0xEC, 0x57, 0xA2, 0xA3, 0xDA, 0xBA, 0xB7, 0x4E,
    0xCF, 0x85, 0xF3, 0xA5, 0x31, 0x8F, 0x3D, 0xFC, 0x75, 0xA6, 0x1F, 0x9D, 0x45, 0x6F, 0xD1, 0x5D,
    0xF4, 0x17, 0x1D, 0x46, 0x5F, 0xD1, 0xD0, 0x67, 0x74, 0x1A, 0xBD, 0x46, 0xB7, 0xD1, 0x6F, 0xC1,
    0x71, 0xD7, 0x8C, 0x9E, 0x1F, 0xF7, 0x16, 0xC9, 0x9A, 0x08, 0x93, 0xE4, 0x4D, 0x02, 0xFC, 0x03,
    0x9A, 0x14, 0x80, 0xF5, 0x7E, 0x90, 0xAC, 0x2F, 0xF9, 0x49, 0x2F, 0x79, 0x25, 0x8F, 0x6B, 0xC3,
    0xD7, 0x9F, 0x40, 0xD1, 0x6F, 0x48, 0x34, 0x69, 0xB7, 0x64, 0x2B, 0x9B, 0xF3, 0x77, 0x8C, 0x36,
    0xB2, 0x0F, 0x66, 0x3A, 0x89, 0xF1, 0xE5, 0x2E, 0xE6, 0x9B, 0x51, 0xA3, 0x11, 0x0F, 0x12, 0x73,
    0x3B, 0xC1, 0xF5, 0x24, 0x89, 0x03, 0x56, 0x05, 0x77, 0x7A, 0x6D, 0x61, 0xBB, 0xBC, 0x46, 0xEE,
    0xF1, 0xD2, 0x97, 0xB7, 0xC7, 0x0B, 0x2E, 0xD9, 0x73, 0xC1, 0x9E, 0xCB, 0xF5, 0x5C, 0xAC, 0xBF,
    0xE7, 0x52, 0x3D, 0x39, 0x24, 0x74, 0xFC, 0x83, 0x0D, 0x4B, 0xEA, 0x75, 0xAF, 0xDA, 0x90, 0x2D,
    0xA4, 0xCE, 0x11, 0xC3, 0x92, 0x22, 0xF2, 0xF0, 0x86, 0x04, 0x0B, 0xB7, 0x7B, 0xD4, 0x48, 0x98,
    0x4A, 0xD0, 0xB1, 0xF4, 0xAC, 0x8B, 0x57, 0x3A, 0xDA, 0x3B, 0x72, 0x6E, 0xB3, 0x8F, 0xB1, 0xAE,
    0x42, 0x86, 0x65, 0x8B, 0xAF, 0xD6, 0xF0, 0x66, 0xA3, 0x65, 0xC3, 0xCA, 0xD6, 0xD2, 0x61, 0xFB,
    0x42, 0x4E, 0x03, 0x0F, 0x97, 0x4C, 0x24, 0x15, 0x03, 0x17, 0x49, 0x46, 0xCF, 0x46, 0x4F, 0x47,
    0xCF, 0x47, 0x21, 0x21, 0x85, 0x8C, 0x14, 0x52, 0x52, 0xC8, 0x49, 0x21, 0x29, 0xA5, 0x3E, 0x62,
    0xC9, 0x4C, 0x21, 0x35, 0xC9, 0x4D, 0x92, 0x33, 0xB0, 0xD3, 0xD3, 0xD3, 0xF3, 0xD3, 0x13, 0x54,
    0x22, 0x5A, 0x29, 0x69, 0xC9, 0x51, 0x92, 0x94, 0x2C, 0x0D, 0x1B, 0x68, 0xB3, 0xC9, 0xEC, 0x36,
    0x6C, 0xE9, 0x29, 0xCD, 0x4F, 0xDC, 0xD2, 0x73, 0xFA, 0x4B, 0x2A, 0x65, 0xAD, 0x68, 0xB2, 0xEE,
    0xDF, 0xCA, 0xE6, 0x7D, 0xAC, 0x05, 0xD1, 0x98, 0x43, 0x17, 0x94, 0x5D, 0xB2, 0x96, 0x81, 0x3C,
    0x6E, 0xC9, 0x5D, 0x32, 0xE5, 0xA1, 0x2D, 0x99, 0xC9, 0xFA, 0x8E, 0x5B, 0x96, 0xE7, 0xF5, 0xAF,
    0xC1, 0x92, 0xD2, 0xAF, 0xF6, 0x39, 0x69, 0xFD, 0xC6, 0x85, 0xDA, 0xC7, 0x63, 0x3C, 0x8F, 0x47,
    0xAD, 0x1B, 0x97, 0xF0, 0xE3, 0x46, 0xFF, 0xFC, 0x0F, 0xC0, 0x37, 0x1E, 0xC6, 0x23, 0x9B, 0x2C,
    0x76, 0x75, 0x97, 0x40, 0xFB, 0x9C, 0x4A, 0x09, 0x1E, 0xBF, 0x24, 0xF2, 0x39, 0x26, 0x93, 0xC5,
    0xF1, 0xC4, 0xCB, 0x05, 0xE3, 0xC8, 0xFD, 0xA6, 0x61, 0x8B, 0xD5, 0x81, 0x3C, 0xE9, 0x1C, 0xB1,
    0xE6, 0x5F, 0x83, 0xF6, 0xE4, 0x87, 0x08, 0x93, 0x11, 0xB0, 0x86, 0x70, 0x2B, 0x94, 0xE6, 0x80,
    0x24, 0x43, 0x11, 0x61, 0xA2, 0xD5, 0xA3, 0x8A, 0x8F, 0xDA, 0xC9, 0x11, 0x5B, 0x22, 0x4E, 0x57,
    0xF5, 0x7A, 0xE6, 0x94, 0xE8, 0xBE, 0x82, 0x84, 0x3F, 0x88, 0x7C, 0xBC, 0x6B, 0x6B, 0x92, 0x8F,
    0x1B, 0x45, 0x52, 0x2F, 0x38, 0xDA, 0x88, 0x56, 0x32, 0xDA, 0xD8, 0xCF, 0xA4, 0x6F, 0x7C, 0x77,
    0x71, 0x71, 0x63, 0x15, 0x67, 0xB1, 0x63, 0xD8, 0x4F, 0x15, 0xE9, 0x39, 0x19, 0xB9, 0x8D, 0x4A,
    0xF7, 0x50, 0xE9, 0x06, 0x2A, 0x76, 0xC5, 0xDA, 0x13, 0xB3, 0x23, 0xB6, 0x7E, 0x78, 0xC9, 0xE9,
    0x6B, 0x3E, 0x0F, 0xF9, 0xFE, 0x42, 0x82, 0xE7, 0xE8, 0x3A, 0xB9, 0x35, 0x49, 0x70, 0x9E, 0xC4,
    0xA3, 0xF6, 0x41, 0x79, 0x2F, 0x52, 0xA2, 0xCB, 0x2B, 0x11, 0xE7, 0xC0, 0x82, 0xDD, 0x2D, 0x7B,
    0x5B, 0x76, 0xB6, 0xEC, 0x6B, 0xD9, 0xD5, 0x5E, 0xD3, 0x11, 0x9F, 0xF9, 0x51, 0xEE, 0x5C, 0xDA,
    0x00, 0xFF, 0x3A, 0x59, 0x02, 0x8D, 0x39, 0xD1, 0xF4, 0x10, 0x69, 0x2B, 0x1C, 0xC0, 0x9E, 0xE5,
    0x26, 0x25, 0x25, 0x36, 0xB7, 0x27, 0x71, 0x6F, 0xD2, 0x06, 0x55, 0x36, 0x48, 0x3A, 0x4A, 0x32,
    0x73, 0x4B, 0xD2, 0x9B, 0x83, 0x78, 0x4C, 0x41, 0xD6, 0x93, 0x94, 0xCA, 0x87, 0x7F, 0x98, 0xCF,
    0x13, 0xCB, 0xDB, 0xFE, 0x19, 0x4D, 0xDE, 0x1F, 0x62, 0xA6, 0x20, 0x3F, 0xC8, 0x32, 0xC2, 0xAA,
    0xC9, 0x0D, 0xF7, 0x85, 0xF9, 0x71, 0x5A, 0xDD, 0x5C, 0xFF, 0x8F, 0x2B, 0x19, 0xA3, 0x29, 0x7B,
    0x91, 0xED, 0xE4, 0xFE, 0xC9, 0xE9, 0xCF, 0x8B, 0xEC, 0x1F, 0x35, 0xFF, 0x8A, 0x47, 0xC2, 0xBF,
    0xE6, 0x35, 0xF2, 0xCF, 0x79, 0x82, 0xE7, 0x94, 0xBD, 0xE2, 0x2C, 0x5A, 0xBA, 0x10, 0xD1, 0x67,
    0xDA, 0xE0, 0x6F, 0xD1, 0x49, 0x8A, 0xA2, 0x1C, 0x25, 0x9F, 0x64, 0x07, 0x79, 0xFC, 0xE7, 0x75,
    0x43, 0xC8, 0xAB, 0xE2, 0xD6, 0x9A, 0x5C, 0xF9, 0x08, 0x5B, 0x7E, 0x28, 0xEF, 0xBD, 0xE3, 0x66,
    0x0E, 0x3B, 0x6E, 0xEA, 0x23, 0x3B, 0x6E, 0x16, 0x9C, 0x5B, 0x33, 0x35, 0xDC, 0xB6, 0x99, 0x00,
    0x7A, 0x6A, 0xDC, 0xE9, 0x20, 0x27, 0xDF, 0xA1, 0xAD, 0x9C, 0x9F, 0x54, 0xF9, 0x19, 0x2A, 0x71,
    0xEC, 0x15, 0x5B, 0x50, 0xCD, 0x0F, 0x4B, 0xF6, 0x56, 0x25, 0x80, 0xE6, 0xCE, 0x53, 0x95, 0x00,
    0x03, 0x73, 0x8A, 0xF9, 0xEB, 0x7E, 0x8A, 0x81, 0xDE, 0xD2, 0xB7, 0xF7, 0xB8, 0xB5, 0xE6, 0xC6,
    0x99, 0xE4, 0x68, 0x4B, 0x8C, 0x25, 0xA6, 0x1F, 0x04, 0x24, 0xD5, 0x7F, 0xBB, 0x39, 0x72, 0x2C,
    0xEA, 0x36, 0x28, 0xE2, 0x99, 0x59, 0x94, 0x1B, 0x67, 0x8E, 0x06, 0x8F, 0xF6, 0xDF, 0x55, 0xF4,
    0xD8, 0x5D, 0x52, 0x7A, 0x0B, 0x5F, 0x51, 0x62, 0x4C, 0x17, 0x4F, 0x11, 0x46, 0xFF, 0x3A, 0x7D,
    0x52, 0x88, 0x8A, 0x7D, 0x90, 0x1C, 0x8E, 0xFE, 0x35, 0xAA, 0x1A, 0x55, 0x0E, 0xD9, 0x4D, 0x22,
    0x85, 0x08, 0xF5, 0xED, 0x3E, 0x7A, 0xB4, 0xFF, 0x2E, 0xE6, 0xBA, 0x2F, 0x36, 0x5D, 0xA2, 0xC8,
    0x66, 0xCD, 0x67, 0x87, 0x23, 0xAA, 0x31, 0x5B, 0xB6, 0x9B, 0x6B, 0x44, 0x31, 0xA8, 0xB7, 0xD4,
    0xAF, 0x9C, 0xE4, 0x80, 0x7D, 0x66, 0xBA, 0x9E, 0x9C, 0x40, 0x6F, 0xCB, 0x33, 0x50, 0xC1, 0x56,
    0x7A, 0x4A, 0xB4, 0x47, 0x01, 0x1A, 0x1B, 0x05, 0x72, 0x1C, 0x4C, 0x6E, 0x19, 0xDA, 0xF3, 0xFE,
    0xCD, 0x24, 0x9F, 0xA2, 0xB3, 0x61, 0x67, 0x8B, 0xDE, 0x83, 0xC1, 0x40, 0xF2, 0xD0, 0x80, 0x97,
    0x87, 0x0A, 0xD9, 0x44, 0x9F, 0xA1, 0xB5, 0xB6, 0x76, 0xBC, 0x8D, 0x2E, 0xC5, 0x60, 0x37, 0xB6,
    0xC5, 0x64, 0xB7, 0x7A, 0x7E, 0xF3, 0x2E, 0xF0, 0xFA, 0x38, 0x02, 0x3E, 0x20, 0x1F, 0x79, 0xF0,
    0x4E, 0x68, 0x85, 0x7D, 0x53, 0x61, 0x83, 0x1B, 0xD7, 0x4D, 0xE0, 0x6A, 0xA0, 0x48, 0x8E, 0xAE,
    0xED, 0x6C, 0xC9, 0x21, 0x76, 0xF2, 0xE6, 0x93, 0x05, 0xE0, 0x47, 0xBE, 0x97, 0xE2, 0x28, 0x70,
    0xCF, 0x9E, 0xBB, 0xB5, 0x70, 0x0C, 0x16, 0xAF, 0x59, 0x12, 0xBF, 0xAC, 0x32, 0x45, 0x35, 0x1A,
    0x57, 0x63, 0x86, 0xD6, 0x7A, 0xEE, 0xCE, 0x7A, 0xEE, 0xDE, 0x31, 0x63, 0xE3, 0x8C, 0xAE, 0xA5,
    0xD5, 0x6A, 0xC6, 0x07, 0x98, 0xC1, 0x2E, 0x18, 0xDC, 0xE5, 0x89, 0x45, 0x6B, 0x6B, 0x61, 0x4C,
    0x9D, 0x3F, 0x3B, 0xF3, 0xE6, 0xFC, 0x18, 0xD0, 0x78, 0xEF, 0xD8, 0xBD, 0x48, 0x6E, 0x2E, 0xDA,
    0x9E, 0xE7, 0x2E, 0x6E, 0xDB, 0x0E, 0x93, 0xE2, 0xBE, 0xFE, 0x49, 0xFD, 0xD7, 0x74, 0x0F, 0x62,
    0xB4, 0xF1, 0x26, 0xFC, 0x71, 0x4B, 0x67, 0x7F, 0x17, 0x3D, 0xB2, 0x67, 0x6D, 0x39, 0x7A, 0x0F,
    0x46, 0x0F, 0x60, 0xE0, 0xB3, 0x4B, 0x02, 0x49, 0x17, 0x20, 0x7C, 0x09, 0x2C, 0xF6, 0x57, 0x6D,
    0xD0, 0xFA, 0xBF, 0xF8, 0x7B, 0x23, 0xE0, 0x71, 0x39, 0xAA, 0x59, 0x55, 0x73, 0x99, 0x4B, 0x00,
    0xD7, 0x52, 0x3D, 0x11, 0xDA, 0xC5, 0x77, 0x79, 0x13, 0x08, 0x03, 0x46, 0xE7, 0x0D, 0xB6, 0xE3,
    0x14, 0x98, 0x1E, 0xBF, 0xE3, 0xBB, 0xBC, 0x5B, 0x7C, 0x31, 0x1A, 0x26, 0x7A, 0xE8, 0xEF, 0x96,
    0x1B, 0xF3, 0xCE, 0xB8, 0xA7, 0xE0, 0xF2, 0xE9, 0xBE, 0x0E, 0x12, 0x8B, 0x44, 0x72, 0x82, 0xC2,
    0x12, 0xC9, 0x93, 0x5E, 0xFA, 0xC0, 0x44, 0xF2, 0x6E, 0xB2, 0xF4, 0x7E, 0xD9, 0x89, 0x16, 0xDB,
    0x57, 0xAF, 0x3E, 0x91, 0xDC, 0x8A, 0xE7, 0xBD, 0x27, 0xBE, 0x67, 0xBE, 0x90, 0xFA, 0x42, 0xEE,
    0x0B, 0xC9, 0x2F, 0x64, 0xBF, 0x90, 0xFE, 0x42, 0xFE, 0x0B, 0xB9, 0x7E, 0xC4, 0x0E, 0x42, 0x15,
    0x08, 0x65, 0x20, 0xD4, 0x81, 0x50, 0x08, 0x42, 0x25, 0x08, 0xA5, 0x10, 0x5C, 0xC8, 0xFB, 0xA3,
    0x1A, 0x82, 0x1C, 0xA8, 0x07, 0x2F, 0x88, 0x6C, 0x5A, 0x76, 0xEC, 0x1B, 0x54, 0x44, 0x38, 0xF0,
    0x2B, 0x5B, 0x59, 0x57, 0x32, 0x1A, 0xCF, 0x6A, 0xE4, 0xEE, 0xA9, 0x88, 0xDD, 0x45, 0x45, 0x68,
    0xE9, 0x8F, 0x28, 0x24, 0xBA, 0x6C, 0x45, 0xAC, 0x8A, 0x78, 0x9C, 0x29, 0xE8, 0x72, 0x34, 0xBB,
    0x9B, 0x84, 0xA2, 0xE0, 0x7E, 0x0C, 0xFC, 0x9E, 0x45, 0x3E, 0xFB, 0xF3, 0x90, 0x82, 0xD6, 0xB2,
    0xD9, 0x9C, 0xCD, 0x7A, 0x65, 0xAF, 0x02, 0x12, 0x34, 0xE2, 0x0A, 0x46, 0xFB, 0x87, 0x48, 0x41,
    0x57, 0xE1, 0x5B, 0xBE, 0x5B, 0xDE, 0xFC, 0xEE, 0xFC, 0x69, 0xFA, 0x13, 0x9B, 0x87, 0x36, 0x52,
    0xA3, 0x62, 0x0A, 0xBA, 0xB1, 0x14, 0x34, 0xD3, 0xD3, 0xA9, 0xB3, 0xA3, 0xB3, 0x6D, 0x6C, 0xB6,
    0x3B, 0x62, 0x5B, 0x5E, 0xD7, 0x6A, 0x3D, 0x3B, 0x1C, 0xB4, 0xDE, 0x4C, 0xDB, 0x28, 0xB4, 0x7E,
    0x6D, 0x03, 0x85, 0x64, 0xB8, 0xFD, 0x1D, 0x00, 0x9D, 0x39, 0x85, 0x6F, 0x21, 0x0B, 0xEF, 0xD7,
    0x26, 0x2B, 0xC6, 0xBD, 0xBF, 0xA7, 0x43, 0xC5, 0x1F, 0x3F, 0xEA, 0x1D, 0x50, 0x0F, 0x1E, 0x4C,
    0x04, 0x8F, 0xCD, 0x04, 0xE2, 0x41, 0x3C, 0x71, 0xF8, 0xC8, 0x7B, 0x3F, 0x7C, 0x54, 0x1C, 0x3E,
    0xB2, 0xE2, 0xB8, 0x58, 0xD6, 0xE1, 0xE3, 0x75, 0x13, 0xCB, 0xD1, 0x3C, 0xB9, 0x4C, 0x8C, 0xA8,
    0xE5, 0xC9, 0x87, 0x07, 0xE6, 0xC9, 0x39, 0x96, 0x70, 0x28, 0x09, 0x23, 0xC9, 0x35, 0x7D, 0x77,
    0x0A, 0x3B, 0x89, 0xEB, 0xB9, 0x28, 0xEF, 0xBD, 0x93, 0x38, 0xE9, 0x76, 0x5C, 0x6F, 0x6C, 0xA3,
    0xFA, 0xB0, 0xCC, 0x32, 0xD1, 0x3D, 0x1B, 0xD0, 0xD9, 0x69, 0xF8, 0x5E, 0x09, 0x87, 0xF2, 0xBA,
    0x47, 0xC7, 0x85, 0xCC, 0x6C, 0xE4, 0x6E, 0xE3, 0x18, 0xE1, 0x6B, 0xBE, 0x97, 0x24, 0x90, 0xE4,
    0x6E, 0x81, 0x94, 0x1F, 0x20, 0x81, 0x64, 0x0F, 0x29, 0x90, 0xE2, 0x11, 0x0B, 0x84, 0xF9, 0xFC,
    0x52, 0xF3, 0xF9, 0x11, 0xF3, 0xF9, 0x56, 0x63, 0xD2, 0x3F, 0xA3, 0xEC, 0x68, 0x63, 0x57, 0x5B,
    0x74, 0xCF, 0x7C, 0xFE, 0x16, 0xB8, 0x90, 0xCF, 0x2F, 0x6F, 0x6B, 0x49, 0x53, 0x52, 0x32, 0xBB,
    0x7F, 0xCC, 0xE7, 0x3F, 0x72, 0x9D, 0x24, 0x6F, 0x04, 0x9D, 0x48, 0x70, 0x25, 0x33, 0x13, 0x8B,
    0xB9, 0xB5, 0x5E, 0x4D, 0xC1, 0x54, 0xE6, 0xAF, 0x3F, 0xE1, 0x6C, 0x7D, 0x16, 0xF4, 0x1C, 0x71,
    0xF2, 0x89, 0x6F, 0xB9, 0x27, 0xFB, 0x75, 0x48, 0xB8, 0xC2, 0x69, 0x27, 0xB6, 0xC0, 0xD7, 0xE8,
    0x12, 0x63, 0xA0, 0x00, 0x37, 0x11, 0xA7, 0xF8, 0x19, 0x0D, 0xD6, 0x1C, 0xA1, 0xD7, 0x21, 0x29,
    0x9F, 0x6C, 0x24, 0x39, 0xAE, 0x90, 0x35, 0x87, 0x25, 0x72, 0x76, 0xE6, 0xD1, 0x86, 0xC2, 0x32,
    0x26, 0x79, 0x68, 0xEC, 0x15, 0xF3, 0x3E, 0x01, 0x87, 0x7C, 0x5E, 0xD5, 0x86, 0xAB, 0x0A, 0x0F,
    0x4F, 0x17, 0x4B, 0x3F, 0x39, 0xAA, 0x00, 0x0B, 0xAF, 0xBE, 0x12, 0x5E, 0x7F, 0x0A, 0x23, 0x7B,
    0x7E, 0xCC, 0x7C, 0x13, 0xC6, 0xDF, 0x60, 0xF4, 0x94, 0x7C, 0x05, 0x83, 0xD7, 0x21, 0xD0, 0x9D,
    0x2B, 0x11, 0x0D, 0x47, 0x1F, 0x95, 0xAE, 0x57, 0x63, 0x2F, 0x72, 0xAE, 0x47, 0x7B, 0x18, 0x32,
    0xE8, 0x5C, 0x93, 0xF6, 0x5C, 0xFC, 0x8C, 0x32, 0xBA, 0x08, 0x07, 0x0F, 0x93, 0x47, 0x09, 0xD9,
    0x04, 0x1B, 0xF6, 0xAC, 0x4E, 0xFD, 0x9D, 0xF1, 0x0F, 0xE7, 0x8A, 0x15, 0x39, 0xD7, 0xAC, 0x84,
    0x2E, 0x47, 0x24, 0xE8, 0xF6, 0x82, 0x72, 0x2F, 0x68, 0xF7, 0x82, 0x7A, 0x2F, 0xEA, 0x37, 0x28,
    0x38, 0x68, 0xF8, 0x2E, 0x15, 0x9F, 0xDD, 0xF4, 0x42, 0x9C, 0x16, 0x54, 0x38, 0x27, 0x42, 0x0D,
    0x92, 0xCE, 0xD7, 0xB5, 0xC1, 0x21, 0x10, 0xC0, 0x55, 0xA6, 0x2B, 0x7F, 0xD4, 0xB4, 0x03, 0x07,
    0x2F, 0xF7, 0xC6, 0x34, 0x98, 0xA1, 0x51, 0x15, 0x2A, 0x17, 0x76, 0xB6, 0x52, 0x67, 0xD1, 0x9D,
    0x31, 0x49, 0x0C, 0x3E, 0x48, 0x02, 0x3E, 0x46, 0xAA, 0xFA, 0x40, 0xC1, 0xDC, 0x00, 0x9D, 0xA8,
    0x7E, 0x33, 0x3D, 0xF5, 0x22, 0x94, 0xD9, 0x05, 0x40, 0x19, 0x1E, 0x03, 0x8B, 0xAB, 0xA8, 0x53,
    0xD6, 0x4C, 0xA6, 0x68, 0xC3, 0x5C, 0x94, 0xD4, 0xB0, 0xE0, 0x16, 0x83, 0x42, 0xE7, 0x52, 0xB3,
    0xC1, 0xC7, 0xD4, 0x2D, 0x1D, 0x66, 0xBE, 0x0C, 0xDA, 0xFD, 0x08, 0x82, 0xD0, 0xB3, 0x09, 0x69,
    0xC7, 0x23, 0xE6, 0x25, 0x0B, 0xD9, 0x51, 0xE0, 0x21, 0xE9, 0xB8, 0x98, 0x61, 0x99, 0xE7, 0x57,
    0xDD, 0x5D, 0x2D, 0xDD, 0x05, 0x3A, 0xE4, 0x41, 0x33, 0xFD, 0x62, 0x71, 0x80, 0xB2, 0xA3, 0x8C,
    0x16, 0x5D, 0x6F, 0xDD, 0x6B, 0x65, 0x1A, 0xFE, 0x55, 0x77, 0xF7, 0xD7, 0xDD, 0x85, 0x04, 0x81,
    0xD5, 0xE8, 0x5D, 0x3B, 0x04, 0x38, 0x7A, 0xF8, 0x9B, 0x5A, 0x31, 0x5D, 0x18, 0x60, 0x1A, 0x60,
    0x36, 0x79, 0x14, 0x85, 0xCB, 0x92, 0x30, 0x20, 0x6E, 0x42, 0xD1, 0x4D, 0xD0, 0xB3, 0xDC, 0x5C,
    0x85, 0x79, 0x45, 0x84, 0x19, 0xF8, 0x52, 0x87, 0xD1, 0xAF, 0x0F, 0x4C, 0x21, 0x4F, 0xA6, 0x25,
    0x1F, 0x76, 0x1E, 0x64, 0xA3, 0x97, 0xF1, 0xB0, 0x60, 0x47, 0x32, 0xB3, 0x9D, 0xCD, 0xC8, 0xB1,
    0x32, 0xBA, 0x79, 0x2F, 0xCD, 0xAE, 0x9A, 0x7D, 0xBA, 0x90, 0x52, 0x44, 0xC8, 0x1C, 0x50, 0x85,
    0xC0, 0xBB, 0x09, 0x73, 0x56, 0xC7, 0x0A, 0xE9, 0xF1, 0xFA, 0x4F, 0xE1, 0x23, 0x05, 0xD9, 0x79,
    0xB7, 0xFE, 0x2E, 0x5F, 0x95, 0xD7, 0x01, 0xF2, 0x6A, 0xE9, 0xF0, 0x57, 0x0B, 0xA9, 0x8D, 0x01,
    0xBD, 0xC0, 0xF4, 0x81, 0x77, 0xCF, 0x56, 0x39, 0x5B, 0xA9, 0x19, 0x7B, 0xCD, 0xD6, 0x77, 0x3E,
    0xEE, 0x8D, 0xAB, 0x63, 0x72, 0x51, 0xBF, 0xF7, 0xB8, 0xB8, 0x6A, 0x6C, 0xD5, 0xC2, 0x15, 0xD3,
    0xC2, 0xB1, 0x84, 0x0B, 0x53, 0x2E, 0x8B, 0xCC, 0x0A, 0xEF, 0x7E, 0x09, 0x59, 0x60, 0x91, 0x7C,
    0xF1, 0xE9, 0x97, 0x65, 0xDB, 0xAB, 0x86, 0x8E, 0x68, 0xE8, 0x48, 0x0A, 0x6C, 0x87, 0x76, 0x09,
    0x96, 0x1E, 0x65, 0x86, 0x26, 0xE4, 0x68, 0xF4, 0xBB, 0x39, 0xA7, 0xFB, 0xB7, 0x00, 0x16, 0x80,
    0xAB, 0x62, 0xEB, 0x7B, 0xD9, 0x9D, 0x6D, 0xDF, 0xF5, 0x9B, 0x7A, 0x25, 0xE7, 0xCF, 0x5E, 0x03,
    0xD5, 0x0E, 0x93, 0x63, 0x07, 0x65, 0x31, 0x33, 0x0E, 0x23, 0x3B, 0x9C, 0xCE, 0xA2, 0x80, 0xC6,
    0x82, 0x30, 0xB3, 0xC7, 0x3F, 0xF0, 0xE7, 0x32, 0x1F, 0xE4, 0x7F, 0xCE, 0x9A, 0x99, 0x02, 0x63,
    0x46, 0x8C, 0x36, 0xFC, 0x9D, 0x9E, 0x0F, 0x8E, 0xFF, 0x88, 0x33, 0x0D, 0x6E, 0x0D, 0x15, 0xFF,
    0xEB, 0x6F, 0x54, 0xA5, 0xCE, 0x59, 0x99, 0x33, 0x8D, 0xE4, 0xE8, 0x72, 0xB4, 0x11, 0x9C, 0x99,
    0x7F, 0x0D, 0xE8, 0x32, 0x73, 0x4C, 0xAA, 0x1D, 0x6F, 0xE7, 0x84, 0xF5, 0x5E, 0x74, 0xCE, 0x5B,
    0x3F, 0xA6, 0x8A, 0x9A, 0xC4, 0x39, 0xED, 0xAC, 0x78, 0x84, 0x3F, 0x0F, 0xF8, 0xB1, 0x4C, 0xA9,
    0x96, 0xE8, 0x68, 0x47, 0xDA, 0xC9, 0x3A, 0x8D, 0x7A, 0xA6, 0xC7, 0x17, 0x36, 0x9B, 0xC2, 0x5B,
    0x30, 0x13, 0x46, 0x6A, 0xE7, 0xE5, 0xE4, 0x88, 0xC7, 0x4A, 0xFC, 0x87, 0x22, 0x3E, 0x67, 0x29,
    0x40, 0x63, 0xA6, 0x57, 0x63, 0xC1, 0x79, 0xD9, 0x0C, 0x17, 0x44, 0x24, 0xE3, 0xFF, 0xD4, 0x9C,
    0x58, 0xC9, 0xAD, 0xD5, 0x96, 0x4C, 0xA2, 0xC6, 0x4A, 0x44, 0xD4, 0xD4, 0x35, 0x94, 0x42, 0x48,
    0x79, 0x47, 0x40, 0x21, 0x8B, 0x15, 0x55, 0x8E, 0xF5, 0x24, 0x6E, 0x18, 0x12, 0xCB, 0x39, 0x5C,
    0xD5, 0x7B, 0xB8, 0x09, 0x9F, 0x2F, 0x17, 0x9A, 0x28, 0x21, 0x0F, 0x3D, 0x9B, 0x73, 0x14, 0x9E,
    0x28, 0x25, 0xC4, 0x43, 0xCC, 0x1E, 0xFE, 0x2D, 0x46, 0x0F, 0xFF, 0x0D, 0x83, 0x87, 0x40, 0x17,
    0x60, 0x75, 0x0E, 0x27, 0x21, 0x54, 0x42, 0x10, 0xB6, 0xF2, 0x86, 0x83, 0xF5, 0x7D, 0x21, 0x3B,
    0x5F, 0xAF, 0x0D, 0x11, 0xA1, 0x3C, 0x14, 0x52, 0x21, 0x22, 0xE2, 0x45, 0x42, 0x17, 0x50, 0x08,
    0x5E, 0x2A, 0x22, 0x41, 0x2D, 0x12, 0x04, 0x23, 0x41, 0x33, 0x17, 0x65, 0x13, 0x94, 0x43, 0x6C,
    0xF2, 0xE1, 0xFB, 0x68, 0x18, 0x1A, 0x58, 0x57, 0x45, 0x84, 0x89, 0x60, 0x83, 0x7E, 0x39, 0xB0,
    0x4B, 0x36, 0x53, 0x27, 0xF2, 0x39, 0xCF, 0x86, 0xD8, 0xFB, 0x27, 0x23, 0x3A, 0x17, 0xD2, 0x2C,
    0xE4, 0x36, 0x26, 0xA2, 0xF7, 0x60, 0x24, 0x7A, 0x05, 0x3D, 0x11, 0xD0, 0x9E, 0xA3, 0xCA, 0xA3,
    0x49, 0x3C, 0x3A, 0x78, 0xD4, 0x8B, 0x47, 0xDD, 0x25, 0xA1, 0x9D, 0x22, 0x2A, 0x90, 0x83, 0x44,
    0xAE, 0x88, 0x3A, 0x14, 0x11, 0x4A, 0x91, 0x93, 0x05, 0x43, 0x14, 0xA4, 0x88, 0x50, 0x93, 0x22,
    0xE2, 0x65, 0x29, 0xE2, 0x95, 0xE9, 0x8E, 0x90, 0x71, 0x09, 0x91, 0xD9, 0x05, 0x9D, 0x25, 0x18,
    0x89, 0xC8, 0xAB, 0xA5, 0xC4, 0xD8, 0x89, 0x2D, 0xF5, 0x29, 0x79, 0xB8, 0xEE, 0xF4, 0xA5, 0x55,
    0x9F, 0x57, 0x4D, 0x9F, 0xD4, 0x14, 0xAF, 0x6A, 0x16, 0xD3, 0x17, 0xCE, 0xDB, 0x16, 0xF2, 0x94,
    0x0C, 0xC5, 0x5D, 0xFA, 0x8C, 0xD0, 0x69, 0x5D, 0x14, 0xE8, 0xAA, 0xCF, 0xF7, 0x57, 0x9F, 0xFC,
    0xDA, 0x03, 0x3D, 0xD6, 0x05, 0x38, 0x06, 0x38, 0x7B, 0xF8, 0xE9, 0x17, 0xD7, 0xAE, 0x96, 0x70,
    0x91, 0x42, 0x8F, 0x97, 0x6B, 0xCA, 0x84, 0x04, 0xDC, 0x58, 0xBF, 0x0A, 0xF8, 0x8A, 0x09, 0x38,
    0xE4, 0xD0, 0x99, 0x44, 0x27, 0xEA, 0x97, 0x0B, 0x2E, 0xCC, 0xA3, 0x2F, 0x58, 0xB1, 0x9B, 0x96,
    0x3D, 0xB9, 0x9F, 0x45, 0x30, 0x99, 0x4E, 0x74, 0x3E, 0xFC, 0x6E, 0x46, 0xCF, 0x8C, 0xE8, 0xE6,
    0x2A, 0xEF, 0x87, 0x97, 0xF7, 0xE7, 0xBE, 0xC5, 0xFF, 0xB0, 0xAF, 0xFD, 0xCE, 0x13, 0x1D, 0x8D,
    0xBF, 0xA4, 0xD8, 0x52, 0x66, 0x47, 0x7C, 0x43, 0x0C, 0x4E, 0x5B, 0x62, 0x24, 0x6C, 0x12, 0x74,
    0x84, 0x85, 0x3C, 0x5E, 0xAC, 0x92, 0xBD, 0x72, 0x92, 0x8D, 0x7E, 0x57, 0x64, 0xF2, 0x09, 0xBF,
    0xD8, 0x10, 0x7F, 0xD8, 0x2A, 0x24, 0xDA, 0x99, 0x20, 0xEB, 0xAD, 0xA1, 0x2F, 0x03, 0x5A, 0x6E,
    0xFB, 0xCD, 0x50, 0x39, 0xA5, 0x45, 0x83, 0xC4, 0xEB, 0x48, 0xFB, 0x5A, 0xA4, 0xB8, 0x4A, 0xE6,
    0xEA, 0x48, 0xE6, 0x78, 0x52, 0x9E, 0x59, 0x48, 0x6E, 0xA5, 0x7A, 0x10, 0x64, 0x56, 0x7D, 0x99,
    0x0E, 0x0E, 0x9B, 0xF6, 0x96, 0xAF, 0xC6, 0xAB, 0xC8, 0x5E, 0xAB, 0xC8, 0x96, 0xF9, 0xD1, 0xE0,
    0x58, 0x09, 0x79, 0x80, 0x07, 0xA0, 0x1C, 0x05, 0x51, 0x16, 0xD2, 0x44, 0x6F, 0x59, 0xEE, 0xB1,
    0xAC, 0xD1, 0x84, 0xEC, 0x02, 0x97, 0x9A, 0x38, 0xD2, 0xDE, 0xD9, 0xDC, 0x96, 0x05, 0x63, 0x16,
    0xE4, 0x57, 0x94, 0x96, 0xF9, 0xD1, 0x42, 0x24, 0xDE, 0xBF, 0x58, 0xA2, 0xE1, 0x6E, 0xE0, 0x83,
    0xDF, 0xFA, 0xAB, 0x4D, 0xF8, 0x65, 0x33, 0x2E, 0x8A, 0x14, 0xB1, 0xD7, 0x39, 0x20, 0x8A, 0x6B,
    0x14, 0x1B, 0x8C, 0x5A, 0x46, 0xEF, 0x24, 0xE3, 0xEE, 0xE5, 0x14, 0x9D, 0x6A, 0x28, 0x41, 0xAF,
    0xC4, 0xDA, 0x60, 0x2C, 0x61, 0xB7, 0x69, 0x22, 0xF0, 0x62, 0x29, 0xB9, 0x2C, 0x92, 0x53, 0x31,
    0x3B, 0x2A, 0x63, 0x4B, 0xD9, 0x6C, 0x60, 0x6E, 0x89, 0xC1, 0xE7, 0xC2, 0xFC, 0x7A, 0x5A, 0x26,
    0x76, 0xC2, 0xC6, 0x56, 0xA0, 0xA0, 0x9B, 0xBD, 0xAA, 0xBB, 0x3B, 0x77, 0x32, 0x96, 0x2C, 0x98,
    0xB2, 0x60, 0xB4, 0x0F, 0xE2, 0x93, 0x10, 0x4D, 0xD3, 0x5E, 0x0D, 0x51, 0x1F, 0x2A, 0x0B, 0x00,
    0xAB, 0x15, 0xB3, 0x8A, 0x37, 0xC2, 0xA8, 0xBD, 0xD3, 0x06, 0xA3, 0xB6, 0xB2, 0x41, 0x2F, 0x09,
    0x3A, 0x49, 0x14, 0x0F, 0xFA, 0x99, 0x96, 0xD1, 0x6B, 0x46, 0x13, 0x7C, 0x3D, 0xDB, 0xD4, 0xB5,
    0x84, 0x11, 0x21, 0x87, 0xDD, 0xD0, 0x0E, 0x55, 0x3D, 0x59, 0x0F, 0xC2, 0x9F, 0x5D, 0xF9, 0x3D,
    0x0C, 0x4A, 0xF2, 0x3F, 0xE3, 0xAF, 0xB1, 0xBC, 0x8F, 0x54, 0xFF, 0x5F, 0xF3, 0x3F, 0x5E, 0x41,
    0xC3, 0x9E, 0xAA, 0x62, 0x9C, 0x0A, 0xC6, 0x89, 0xDD, 0xCB, 0x7C, 0x47, 0xBE, 0x6B, 0x4B, 0x9B,
    0xA0, 0xA7, 0xED, 0xF8, 0x79, 0x58, 0x20, 0xA1, 0xDF, 0xC8, 0xE3, 0xCA, 0x8A, 0x81, 0x51, 0x9F,
    0x68, 0x47, 0xDA, 0x8E, 0xB6, 0x61, 0x6B, 0x6C, 0xE5, 0x2D, 0x2B, 0x6F, 0x8F, 0xDA, 0x07, 0x1E,
    0x1F, 0xCB, 0x2E, 0x65, 0xF1, 0x1B, 0x72, 0x31, 0xE6, 0x60, 0xC3, 0xDF, 0xC3, 0xC6, 0xD0, 0x93,
    0xE2, 0xCD, 0xCE, 0x5B, 0xF5, 0x5C, 0x8D, 0x0A, 0x83, 0xF2, 0x36, 0xC6, 0xA8, 0xBC, 0xDD, 0x60,
    0x52, 0xDE, 0xD2, 0x76, 0xFC, 0x7B, 0x23, 0xE8, 0xAD, 0xB5, 0x8F, 0x2C, 0x3C, 0x6F, 0xFD, 0xCF,
    0xF5, 0x90, 0xF8, 0xB4, 0x0D, 0xAD, 0x36, 0xC4, 0x9F, 0xEE, 0x11, 0x91, 0x85, 0x8D, 0x79, 0x23,
    0x19, 0x07, 0x8C, 0x7C, 0x16, 0xB3, 0x2D, 0xED, 0x41, 0xD6, 0xFE, 0xFD, 0xE1, 0x6D, 0x74, 0x26,
    0x74, 0x6B, 0xCF, 0x38, 0x4F, 0xB4, 0x50, 0xFB, 0x05, 0x35, 0xFB, 0xF1, 0x2D, 0x6D, 0x42, 0x9B,
    0x82, 0xFA, 0xF0, 0xBA, 0x19, 0xA8, 0x9B, 0x8A, 0xF5, 0xFB, 0xAE, 0xFE, 0xD1, 0xF5, 0xFB, 0x6B,
    0xBF, 0x2F, 0x72, 0xFA, 0xF7, 0xB2, 0xE5, 0x9B, 0x5D, 0xDA, 0x89, 0x44, 0xC0, 0x7F, 0x97, 0xFC,
    0x8A, 0x11, 0xB7, 0x60, 0xE8, 0xA5, 0xE9, 0xB0, 0xB3, 0x97, 0xFE, 0x2E, 0xC2, 0xE8, 0xEC, 0x81,
    0x1D, 0xDF, 0xAA, 0x8F, 0x87, 0xB3, 0xCF, 0x54, 0x92, 0x17, 0xFC, 0xB5, 0x84, 0x42, 0x24, 0x05,
    0xDE, 0x85, 0xF3, 0xBC, 0x4D, 0xD8, 0x3A, 0x57, 0xFE, 0xA9, 0x6D, 0x80, 0xAE, 0x8B, 0xAD, 0x06,
    0xBE, 0x14, 0x79, 0x5C, 0x1E, 0xF5, 0x7B, 0xCF, 0xCA, 0xFF, 0xFF, 0x03, 0xE5, 0x5A, 0x3F, 0x8C,
    0xE6, 0x58, 0x52, 0x2F, 0xDB, 0x4C, 0x5B, 0x5A, 0x0B, 0xF9, 0x82, 0x1B, 0x82, 0xB9, 0xC0, 0x1B,
    0xA2, 0xD1, 0x21, 0xA7, 0x04, 0x80, 0x7D, 0xDA, 0x5C, 0x4C, 0xD0, 0x1D, 0x1F, 0x29, 0x4D, 0xB0,
    0x29, 0x01, 0x8B, 0xAD, 0xCB, 0xA5, 0xEB, 0xE0, 0x72, 0x36, 0x98, 0xA0, 0xFB, 0x23, 0x68, 0x42,
    0x90, 0x96, 0xB5, 0xE1, 0x72, 0xC9, 0x11, 0x17, 0x90, 0x38, 0x58, 0x84, 0x38, 0x82, 0x7B, 0x08,
    0x07, 0xDE, 0x95, 0xED, 0xA2, 0x7E, 0x55, 0x6E, 0xF7, 0x73, 0x7F, 0xBD, 0x9F, 0x7A, 0xE6, 0xAE,
    0xE7, 0x38, 0xED, 0x93, 0xBF, 0xAA, 0x7A, 0xCF, 0xE5, 0xFA, 0xFF, 0x9E, 0x9F, 0xFD, 0x99, 0xA4,
    0xFD, 0x29, 0x51, 0x56, 0x52, 0xDC, 0x51, 0x30, 0x30, 0xCF, 0xCC, 0x93, 0x0B, 0x9D, 0x4B, 0x5A,
    0x97, 0x93, 0xFB, 0x21, 0x39, 0x7A, 0xAE, 0xE3, 0x73, 0xD2, 0xF6, 0x37, 0xA2, 0x16, 0xCA, 0xC5,
    0x84, 0x8A, 0xB9, 0x60, 0x4E, 0xEB, 0x34, 0xEA, 0x53, 0x1A, 0x53, 0xFA, 0xE3, 0x94, 0xE8, 0xF9,
    0x8E, 0x8F, 0x2E, 0x0F, 0x87, 0xAB, 0x86, 0xB9, 0x7F, 0xF8, 0xC3, 0xF8, 0xA9, 0x73, 0x17, 0xDA,
    0x4A, 0xD6, 0xD6, 0x9E, 0x42, 0x2B, 0xE7, 0x4B, 0xC0, 0x37, 0x05, 0x86, 0xDC, 0xB7, 0x41, 0xE3,
    0x51, 0x68, 0xED, 0x5C, 0xC7, 0xAD, 0x4D, 0xEF, 0x4A, 0xFB, 0x72, 0x9E, 0x43, 0x66, 0xE5, 0x28,
    0x9B, 0xBE, 0x6B, 0xE0, 0xE5, 0x1B, 0x7A, 0x61, 0x11, 0xEC, 0x7D, 0xF8, 0xFA, 0x20, 0xED, 0x8A,
    0x8E, 0xDA, 0x31, 0xA7, 0x46, 0xB0, 0xA4, 0xD7, 0x9F, 0x53, 0xE3, 0x88, 0x5D, 0xC0, 0x7D, 0xC4,
    0x5D, 0xCC, 0x6D, 0xC2, 0x6D, 0xCA, 0x75, 0xC6, 0x65, 0xCE, 0x65, 0xC1, 0x54, 0x31, 0xBD, 0xBE,
    0xA1, 0xF0, 0xF0, 0x79, 0xC4, 0x2E, 0x66, 0x97, 0x70, 0x07, 0x06, 0x1C, 0x65, 0xC6, 0x94, 0x2F,
    0x94, 0xCF, 0x54, 0x4C, 0x54, 0x0C, 0x90, 0x24, 0x6C, 0xC6, 0x93, 0xFA, 0x3C, 0x4C, 0x85, 0xF1,
    0x8C, 0x24, 0xA6, 0x5F, 0x5E, 0xD1, 0xEB, 0x03, 0x15, 0x8C, 0x23, 0x07, 0x43, 0x2D, 0xEA, 0x44,
    0x66, 0x84, 0xA3, 0x13, 0x33, 0x88, 0x9D, 0x98, 0x04, 0x71, 0x72, 0x88, 0x2F, 0x30, 0xAF, 0x93,
    0xC1, 0x90, 0x5B, 0x35, 0xB2, 0x55, 0x3B, 0x6B, 0x31, 0x15, 0x17, 0xAA, 0x16, 0x21, 0x44, 0x8B,
    0xD8, 0x6C, 0x32, 0xAB, 0x05, 0xC2, 0x9B, 0x05, 0xC6, 0xF3, 0x0C, 0xFB, 0x2F, 0xAF, 0x61, 0xDB,
    0xD9, 0xE1, 0x2A, 0x52, 0xF3, 0xC4, 0x48, 0x31, 0x4F, 0x08, 0x85, 0x2D, 0x6C, 0x00, 0x24, 0x11,
    0x05, 0x39, 0x30, 0x18, 0xAE, 0x15, 0x13, 0xBC, 0xAB, 0x46, 0x10, 0xCD, 0x00, 0x1F, 0xD9, 0x99,
    0x51, 0xF7, 0xD2, 0x52, 0x48, 0xEB, 0xF7, 0xD2, 0xCC, 0x9E, 0x63, 0x69, 0x38, 0x56, 0x69, 0xCE,
    0x93, 0x56, 0x23, 0x20, 0x87, 0x6B, 0x2A, 0xD4, 0x5A, 0xB3, 0xDC, 0x82, 0x2F, 0x86, 0x09, 0x34,
    0x69, 0xE6, 0x69, 0x04, 0x58, 0x5B, 0xA6, 0x2C, 0x1A, 0x16, 0x19, 0x8B, 0x12, 0xC4, 0x49, 0x7C,
    0xC5, 0x2C, 0x22, 0x0A, 0x57, 0xD8, 0x0B, 0x0C, 0x0C, 0x0A, 0x87, 0xB4, 0x15, 0xB6, 0xF7, 0xB0,
    0x11, 0xF8, 0x52, 0xE0, 0x8B, 0x52, 0x6B, 0xA3, 0x7D, 0x14, 0xFE, 0x8A, 0xDB, 0xEF, 0x53, 0x53,
    0x07, 0xA5, 0xF1, 0xEF, 0x21, 0x3F, 0x05, 0x76, 0x0F, 0x60, 0xB0, 0xC2, 0xFE, 0x01, 0x0C, 0x7D,
    0xE8, 0xF9, 0x12, 0x79, 0x30, 0xE0, 0x41, 0xE5, 0xB8, 0x23, 0xD8, 0x03, 0x36, 0x0A, 0xAB, 0xCE,
    0x20, 0xBC, 0x2B, 0x4E, 0x7A, 0xD7, 0xA8, 0x77, 0x55, 0xAB, 0xDE, 0x75, 0x26, 0xC1, 0x64, 0x1E,
    0xC3, 0xBD, 0x7C, 0xBB, 0xCA, 0x24, 0x7C, 0x9B, 0x7C, 0xD3, 0xEE, 0xDB, 0xB3, 0xC9, 0x7F, 0x5C,
    0x8B, 0x79, 0x57, 0x7D, 0x45, 0x31, 0x33, 0xA5, 0x90, 0x63, 0xF3, 0xD6, 0x55, 0xF2, 0x6B, 0x98,
    0x87, 0xBB, 0x5F, 0x65, 0x3F, 0x87, 0x73, 0x19, 0x63, 0x72, 0x72, 0x19, 0xF0, 0x2C, 0x0E, 0x97,
    0xF4, 0x31, 0xC4, 0x7D, 0xA6, 0x1A, 0x6B, 0x80, 0x11, 0x80, 0x4B, 0x80, 0x1E, 0x60, 0x01, 0xE0,
    0x0E, 0x60, 0x04, 0x60, 0x80, 0x01, 0xA0, 0x16, 0x30, 0xE1, 0x6C, 0x27, 0x60, 0xC1, 0x65, 0x0E,
    0xA0, 0x14, 0xF0, 0xD7, 0x90, 0xF7, 0x3D, 0x80, 0xB3, 0xB7, 0x94, 0xE3, 0x92, 0xBA, 0xC1, 0x2D,
    0xA6, 0x15, 0x28, 0xC2, 0xF3, 0x05, 0xE3, 0xC1, 0x35, 0xD1, 0x47, 0x57, 0x98, 0x90, 0xD4, 0x4C,
    0x54, 0xA0, 0x48, 0x99, 0x0A, 0xCC, 0x6E, 0x86, 0xD0, 0x70, 0xEB, 0xD9, 0xB9, 0x45, 0x39, 0xAB,
    0x89, 0x82, 0xB7, 0x22, 0xF6, 0x4A, 0x2F, 0x7F, 0x55, 0x53, 0x70, 0xA3, 0xE3, 0x3C, 0xA2, 0xF6,
    0x85, 0x31, 0xE4, 0x99, 0x32, 0x84, 0xA1, 0x8B, 0x18, 0x33, 0xC4, 0x55, 0x46, 0x15, 0xEC, 0xEE,
    0xC7, 0x94, 0x6F, 0x12, 0xBE, 0x4E, 0xAF, 0x1D, 0xE4, 0xDA, 0x1A, 0x62, 0x55, 0x1E, 0x24, 0x63,
    0x95, 0x80, 0xB8, 0x4E, 0xAE, 0x16, 0x28, 0xB4, 0x8C, 0x80, 0x83, 0x88, 0x79, 0x91, 0xC3, 0xDB,
    0x16, 0x3C, 0xFB, 0x86, 0xA3, 0x61, 0x96, 0x83, 0x28, 0xFD, 0x20, 0xC7, 0x47, 0xB2, 0xE2, 0xF3,
    0xC9, 0x46, 0x7F, 0x42, 0xCF, 0x75, 0xFC, 0x21, 0x99, 0xF6, 0x6F, 0x0E, 0x37, 0xC7, 0xD1, 0x60,
    0x5E, 0x3E, 0x8C, 0xF6, 0xCB, 0xC3, 0xED, 0x71, 0x64, 0x9A, 0xE7, 0xF7, 0xFD, 0xA8, 0xE5, 0x5C,
    0x0A, 0x3C, 0x58, 0x19, 0x60, 0xC2, 0xB3, 0x03, 0xEC, 0xD7, 0x7E, 0xC4, 0x3C, 0x01, 0xB6, 0x6B,
    0x3F, 0x65, 0x4C, 0xD7, 0x98, 0xEB, 0xB5, 0x9F, 0x71, 0xC3, 0xA5, 0x8C, 0x6E, 0xE2, 0x66, 0x9C,
    0xCB, 0x66, 0x5A, 0x5B, 0x31, 0xC9, 0xB5, 0x02, 0xB7, 0xFE, 0xA8, 0x37, 0x89, 0x81, 0xD6, 0x56,
    0x49, 0x1F, 0x37, 0xD5, 0xAD, 0x3F, 0x04, 0xDC, 0x81, 0xC5, 0xEF, 0x43, 0xA4, 0xDF, 0x87, 0x3A,
    0xBF, 0x9F, 0x2D, 0xB4, 0x93, 0x07, 0x75, 0xBE, 0xBE, 0x6A, 0x38, 0x83, 0x84, 0x1F, 0x2C, 0xAB,
    0x3D, 0xEC, 0x72, 0x1E, 0x91, 0xEC, 0x5E, 0xED, 0xFD, 0x09, 0x77, 0xCC, 0x0C, 0x57, 0x47, 0xCA,
    0xF8, 0x96, 0x3F, 0xE1, 0x7F, 0x95, 0x7E, 0x9D, 0xC0, 0x55, 0x01, 0x9C, 0xC8, 0x08, 0xE3, 0x7E,
    0x67, 0x4C, 0x53, 0xB6, 0x24, 0x72, 0x4D, 0x9F, 0x0B, 0xAA, 0x09, 0x6B, 0xDE, 0x24, 0x06, 0x01,
    0xC1, 0xD5, 0x8C, 0xEB, 0x6A, 0x94, 0x7E, 0xE3, 0x8A, 0x71, 0x0D, 0x1B, 0xBB, 0x74, 0x11, 0x43,
    0xCD, 0x55, 0x22, 0x33, 0xB8, 0x1A, 0xD5, 0x74, 0xD2, 0xE0, 0xEE, 0xFA, 0x09, 0x97, 0xBB, 0xBE,
    0x08, 0xDB, 0xF5, 0xF3, 0x99, 0x32, 0x5F, 0x5E, 0x31, 0x92, 0xC8, 0x6F, 0x06, 0x0B, 0x2D, 0xD4,
    0x91, 0x67, 0x0F, 0x72, 0x09, 0x91, 0xE8, 0xC7, 0xE8, 0x63, 0x30, 0xE6, 0x5F, 0x70, 0x9F, 0xF1,
    0x8F, 0x91, 0xFB, 0x58, 0x40, 0xB4, 0xF9, 0x47, 0x96, 0x4B, 0x21, 0x4B, 0x19, 0x9C, 0x4D, 0x9D,
    0x2D, 0xD2, 0x01, 0xF3, 0xA0, 0x19, 0x85, 0x8D, 0x20, 0x73, 0x55, 0x67, 0xED, 0x02, 0x8E, 0x9D,
    0x1B, 0xFD, 0x6D, 0x45, 0x76, 0x69, 0x45, 0xB6, 0xAB, 0xB4, 0x2D, 0xF5, 0x7E, 0xB9, 0xC1, 0x0F,
    0xAF, 0x99, 0x61, 0x11, 0xD7, 0xFE, 0x60, 0xC6, 0xEC, 0x17, 0x9E, 0xB5, 0x62, 0x46, 0x4A, 0xBC,
    0x72, 0x38, 0x2E, 0xC1, 0x5D, 0xDD, 0x55, 0xC3, 0xF1, 0xE0, 0xDE, 0x22, 0xAB, 0xB0, 0x1E, 0xE3,
    0x7E, 0x6B, 0x30, 0x08, 0xB1, 0x47, 0x83, 0x09, 0xD3, 0xF1, 0xE5, 0xA9, 0x59, 0xF4, 0x78, 0x95,
    0xFA, 0xA5, 0xDA, 0xE1, 0xCC, 0x15, 0x51, 0xB2, 0x94, 0x44, 0xF9, 0xD7, 0x5E, 0xBD, 0x0A, 0x73,
    0xC3, 0x8E, 0x42, 0xE6, 0x56, 0x8B, 0xF6, 0x5F, 0xB8, 0x6B, 0x98, 0xD1, 0x9F, 0x50, 0xA4, 0x4E,
    0x67, 0xE2, 0x27, 0x32, 0x2C, 0x0C, 0xB1, 0x00, 0xCA, 0x70, 0x26, 0xDD, 0xCA, 0xB7, 0x07, 0x59,
    0x17, 0xC8, 0x29, 0x82, 0x9C, 0x32, 0x44, 0xB8, 0x4C, 0x50, 0x5B, 0x4D, 0x19, 0x23, 0xE5, 0x43,
    0x2E, 0xE1, 0x2B, 0x81, 0x22, 0x11, 0x3E, 0xA4, 0x5C, 0xEA, 0xC6, 0x0F, 0xD5, 0x5C, 0x8D, 0xC5,
    0x24, 0x7E, 0xB0, 0x5B, 0xA7, 0x22, 0xBB, 0xE3, 0x41, 0xF8, 0xC9, 0x62, 0xB0, 0xF8, 0xC5, 0x8E,
    0x9D, 0x45, 0x47, 0xE0, 0xD1, 0x20, 0x4A, 0xEE, 0x78, 0x50, 0x46, 0x8E, 0x07, 0xF3, 0xF9, 0x91,
    0x41, 0xE9, 0x1C, 0x6B, 0x6F, 0x70, 0x87, 0x15, 0x98, 0x4F, 0xA1, 0x18, 0xEF, 0xC4, 0x11, 0xDB,
    0xD5, 0xC8, 0x59, 0x71, 0x73, 0x91, 0x2B, 0x31, 0x2D, 0xCD, 0x22, 0xF9, 0xFD, 0x27, 0x3C, 0xF8,
    0x3B, 0x6E, 0x8B, 0xA5, 0xC2, 0x20, 0x64, 0x84, 0x6C, 0xFB, 0x16, 0xEC, 0x96, 0x79, 0xF6, 0x66,
    0x42, 0x1D, 0x31, 0x2F, 0xD2, 0xC3, 0x9A, 0x61, 0x4B, 0x5B, 0x21, 0x7D, 0x42, 0x5F, 0xCE, 0xF4,
    0x0F, 0xE6, 0x44, 0x87, 0x44, 0x95, 0xC7, 0x13, 0xE3, 0xC5, 0x1B, 0x01, 0x67, 0x87, 0x9A, 0x52,
    0x5D, 0x25, 0x50, 0xAC, 0x84, 0xBD, 0x06, 0xEA, 0x0D, 0x13, 0xDB, 0xE6, 0x25, 0x11, 0x6A, 0x25,
    0x93, 0xE1, 0xC2, 0xC9, 0x69, 0x08, 0x27, 0xBB, 0xEE, 0xD5, 0xA1, 0xC4, 0xA5, 0x05, 0xA3, 0xF6,
    0x71, 0x21, 0x04, 0xF0, 0x00, 0x19, 0x01, 0x4A, 0xD6, 0xA2, 0x63, 0xAB, 0xA5, 0x85, 0x1D, 0x6E,
    0x41, 0x14, 0x44, 0x16, 0xA3, 0x4A, 0xAD, 0x9C, 0x0A, 0xE6, 0x0E, 0xB2, 0x03, 0xCB, 0xA5, 0xAF,
    0xE1, 0xF5, 0xCD, 0xAA, 0x43, 0xB7, 0x2E, 0x26, 0x5A, 0xF5, 0x8C, 0x11, 0xF7, 0xD6, 0x8D, 0x75,
    0xAB, 0xAF, 0x0A, 0x4A, 0xD3, 0x96, 0x2D, 0x5B, 0x9A, 0x57, 0x8D, 0xD5, 0xB0, 0xEA, 0xE4, 0xDE,
    0xB4, 0x06, 0xDC, 0x9A, 0xDE, 0x88, 0x4B, 0xD3, 0x1C, 0xFB, 0x53, 0x42, 0xD4, 0x52, 0x0E, 0xDF,
    0xE5, 0x2C, 0xE4, 0xEB, 0x74, 0x63, 0x04, 0x00, 0x21, 0x85, 0x07, 0xB3, 0x3A, 0x43, 0xB8, 0x5C,
    0x77, 0xF1, 0x55, 0xB7, 0x5E, 0x77, 0x78, 0xAB, 0x97, 0x36, 0x93, 0x5E, 0x5D, 0x80, 0x4F, 0x1F,
    0xA1, 0x20, 0x03, 0x45, 0x60, 0xB6, 0xAE, 0x37, 0x0A, 0x15, 0xD6, 0x38, 0x95, 0x57, 0x0C, 0x6B,
    0x7C, 0x54, 0x6A, 0x32, 0x13, 0x04, 0x47, 0x4C, 0x90, 0x1D, 0x68, 0x02, 0x37, 0x0D, 0xE1, 0xE1,
    0xCA, 0x74, 0x60, 0xFB, 0x6F, 0x5A, 0x78, 0x34, 0x3D, 0x48, 0x84, 0x69, 0xCA, 0x17, 0xBA, 0x8B,
    0x8B, 0x77, 0xDB, 0x52, 0x7D, 0x21, 0xB7, 0xA6, 0xD1, 0x0A, 0x72, 0x4D, 0x84, 0x69, 0xCD, 0xC7,
    0x55, 0x6F, 0x3A, 0xAD, 0x9A, 0x11, 0x99, 0x7D, 0x9B, 0x75, 0x76, 0x09, 0x08, 0x61, 0x97, 0xBA,
    0x93, 0xA0, 0xEE, 0x52, 0x84, 0x28, 0xFF, 0x85, 0x48, 0x28, 0x7E, 0x8E, 0xF5, 0xE1, 0x47, 0x30,
    0x81, 0x98, 0x82, 0x85, 0xAA, 0x3A, 0x9A, 0xA8, 0x68, 0xE3, 0x91, 0xF2, 0x3E, 0x15, 0xA3, 0x5D,
    0xD6, 0x53, 0x32, 0x16, 0x1D, 0xC9, 0xB0, 0xB6, 0x3F, 0x82, 0xA3, 0x22, 0x48, 0x8B, 0x78, 0x82,
    0x28, 0x5D, 0xCF, 0x2B, 0x24, 0x75, 0xD9, 0x0D, 0x15, 0x5A, 0xAF, 0xBD, 0xD6, 0x37, 0xC6, 0x89,
    0x51, 0xBC, 0x5C, 0xEB, 0x60, 0x2C, 0x83, 0xA1, 0x0E, 0x0E, 0x32, 0x28, 0xD6, 0xFD, 0x9E, 0x89,
    0xFF, 0xA1, 0x18, 0xBB, 0xD8, 0xC2, 0x8F, 0x29, 0x91, 0xB0, 0xB3, 0x6B, 0x6D, 0xB3, 0x5F, 0xEF,
    0x06, 0xB1, 0x9F, 0x8E, 0x79, 0x54, 0x85, 0x50, 0xD6, 0x88, 0x07, 0xDB, 0x50, 0xAF, 0x43, 0xBA,
    0xAA, 0xFE, 0x33, 0xE1, 0x29, 0x47, 0xDB, 0x0B, 0x43, 0xF6, 0x44, 0x80, 0xF6, 0x0F, 0xF0, 0x04,
    0x28, 0x9C, 0x28, 0x80, 0xCC, 0x19, 0xD7, 0x80, 0x4A, 0xB0, 0xD8, 0xB4, 0xA0, 0x72, 0xAC, 0x8C,
    0x0E, 0x7C, 0xAA, 0x01, 0x49, 0x50, 0xD3, 0x2B, 0xA6, 0x17, 0x25, 0x8C, 0xA1, 0x0C, 0xA1, 0xCD,
    0x01, 0xC0, 0x08, 0x36, 0x32, 0x69, 0x60, 0x53, 0x46, 0x65, 0x53, 0x46, 0x65, 0x53, 0x46, 0x63,
    0x7B, 0x23, 0x71, 0x13, 0xB6, 0xEF, 0x6B, 0x76, 0x99, 0x45, 0x74, 0xAD, 0x4F, 0xCE, 0x50, 0xDA,
    0x57, 0x2C, 0x8C, 0x7A, 0xB5, 0x50, 0x11, 0xCF, 0x2B, 0x95, 0xD8, 0x98, 0xF0, 0xE5, 0xC6, 0x97,
    0xC2, 0x36, 0x76, 0x98, 0x99, 0x08, 0x8B, 0xA9, 0x35, 0x66, 0x10, 0xB0, 0x4D, 0x6D, 0x84, 0x6D,
    0x6A, 0x23, 0xD8, 0xD4, 0x63, 0x63, 0x83, 0x8D, 0xC6, 0x66, 0xCE, 0x80, 0xED, 0x55, 0x09, 0x46,
    0xB0, 0x35, 0xCE, 0x02, 0x82, 0x18, 0x80, 0x71, 0x8D, 0x4B, 0x86, 0x15, 0x4E, 0x65, 0xA0, 0xF4,
    0x4C, 0x5A, 0x30, 0x12, 0x7D, 0x6C, 0x59, 0xFD, 0x0B, 0x42, 0x2B, 0x7A, 0xDA, 0xB5, 0xD7, 0x87,
    0x3A, 0x3C, 0xDC, 0x14, 0x28, 0xDD, 0xF9, 0x01, 0x0C, 0x77, 0x70, 0xF2, 0x61, 0x0E, 0x8D, 0x1B,
    0xAC, 0x1F, 0x40, 0x31, 0x84, 0xEE, 0x21, 0x9E, 0xB8, 0x7C, 0x98, 0xEE, 0x20, 0x6C, 0xF3, 0xE1,
    0x8B, 0x0B, 0xA2, 0x8B, 0x37, 0x74, 0xD4, 0xEC, 0x99, 0xCB, 0x24, 0x98, 0x0D, 0xF6, 0x8C, 0x56,
    0x29, 0x34, 0xDA, 0xC6, 0x95, 0x67, 0x30, 0x7E, 0xB2, 0xF6, 0x03, 0x16, 0x5B, 0xCE, 0xF8, 0xEE,
    0xB9, 0x94, 0xA9, 0xB9, 0x7F, 0x98, 0xEE, 0x73, 0xE6, 0x5B, 0xDC, 0x45, 0xF8, 0x13, 0x1E, 0x12,
    0xD9, 0x4A, 0x69, 0xB9, 0x1A, 0xA4, 0x15, 0x0E, 0x02, 0x43, 0x85, 0x92, 0x02, 0x81, 0x19, 0x77,
    0x02, 0x6D, 0xC7, 0xCC, 0x33, 0x32, 0xC6, 0x83, 0xC2, 0x16, 0x70, 0x21, 0xC0, 0x51, 0x8B, 0xAA,
    0x57, 0xD8, 0x29, 0x6C, 0x57, 0x78, 0xA2, 0x5D, 0x02, 0x44, 0xCA, 0x6F, 0x15, 0x9A, 0x42, 0xF0,
    0x0E, 0xDA, 0xB8, 0xF1, 0xD0, 0x5F, 0x22, 0xA3, 0x8C, 0xE6, 0x4E, 0x21, 0xCC, 0x36, 0x4C, 0xE9,
    0x2F, 0x14, 0x67, 0xF4, 0xB7, 0x8A, 0x0B, 0x2A, 0x4A, 0x5B, 0x96, 0xD2, 0x0E, 0x22, 0x47, 0x8A,
    0x47, 0x9C, 0x46, 0x91, 0xAD, 0x2F, 0x65, 0xAA, 0x6F, 0x2E, 0x3E, 0x65, 0x8C, 0x21, 0x76, 0xB6,
    0xD9, 0xE3, 0xDA, 0x22, 0xFA, 0x95, 0xA5, 0xE5, 0x60, 0xB9, 0x6A, 0x78, 0x29, 0xD5, 0xB8, 0x75,
    0x73, 0xC9, 0xBF, 0xD4, 0x30, 0x88, 0x95, 0xD8, 0xB2, 0x47, 0xBA, 0x01, 0xED, 0x29, 0xD5, 0x70,
    0x0C, 0x94, 0xAB, 0x8C, 0x89, 0x2A, 0x20, 0xB1, 0x66, 0x52, 0x9C, 0xAF, 0xCF, 0x35, 0xBF, 0x4F,
    0x0F, 0x5B, 0x04, 0x86, 0x58, 0x63, 0xE0, 0x60, 0x0D, 0xC4, 0x14, 0xED, 0xDD, 0x8B, 0x08, 0x86,
    0x1D, 0xCB, 0xC6, 0x36, 0xC2, 0x0E, 0xB0, 0xA9, 0xB6, 0xBC, 0xBD, 0xE3, 0x6D, 0xCA, 0x95, 0x37,
    0x9C, 0xEF, 0x78, 0x93, 0x6D, 0x7B, 0x80, 0xA2, 0xA1, 0xE2, 0x57, 0x70, 0xF9, 0xA7, 0xB8, 0x67,
    0xA5, 0x4E, 0x44, 0xC6, 0x83, 0xB0, 0x09, 0x63, 0x3C, 0x06, 0x33, 0x34, 0x33, 0x34, 0x57, 0xA5,
    0x88, 0x2C, 0xDA, 0xA2, 0xA6, 0xBC, 0x6B, 0xCC, 0x20, 0xB4, 0x6A, 0x32, 0xFC, 0x58, 0xAF, 0x18,
    0x9F, 0xDC, 0x1B, 0xEE, 0xE9, 0xEF, 0x51, 0x3E, 0xD8, 0x32, 0x8C, 0xF6, 0x65, 0x99, 0xBB, 0xB3,
    0x4D, 0x6A, 0xB3, 0x7C, 0xFA, 0x3F, 0xCD, 0x4C, 0x6B, 0x63, 0xB4, 0x7D, 0x6F, 0x79, 0xBC, 0x77,
    0xBB, 0xEB, 0x21, 0x9D, 0xFB, 0x4D, 0x7B, 0x7D, 0xDF, 0x4B, 0xD8, 0xDF, 0x2B, 0x67, 0x33, 0x3B,
    0x7F, 0x2B, 0xEE, 0x3B, 0xC8, 0x63, 0x71, 0x2F, 0x32, 0x64, 0x87, 0x58, 0x6E, 0x22, 0xFB, 0xD4,
    0x13, 0x5A, 0xB5, 0xF1, 0xBC, 0x6D, 0xF1, 0x29, 0xAE, 0xA3, 0x0E, 0x73, 0xCB, 0x7A, 0xDA, 0x4C,
    0x49, 0x3E, 0x3D, 0xD6, 0x6B, 0x1E, 0xE9, 0x65, 0x6B, 0xAF, 0x72, 0x88, 0x57, 0x36, 0x82, 0x2E,
    0x75, 0xBB, 0x55, 0xD4, 0xE9, 0x18, 0x7C, 0x49, 0xB4, 0x50, 0xD1, 0x9F, 0x89, 0x81, 0x7F, 0xFE,
    0xB5, 0xDE, 0x2C, 0xBE, 0x2E, 0xFE, 0x8D, 0x47, 0x5D, 0x03, 0xD0, 0x43, 0x9B, 0x1A, 0xEB, 0x85,
    0x8F, 0xF5, 0x6E, 0xD7, 0x1E, 0x46, 0xED, 0x96, 0x59, 0x9B, 0x5B, 0xB0, 0x57, 0xF7, 0xF0, 0x16,
    0x29, 0x9D, 0xD9, 0xDC, 0xAB, 0x49, 0xCA, 0x93, 0x72, 0xA3, 0xC6, 0x14, 0x8B, 0xEE, 0x56, 0x66,
    0x73, 0x90, 0x07, 0xBD, 0x1D, 0x4D, 0x39, 0x5B, 0xA4, 0x1A, 0x2C, 0xD2, 0x23, 0x22, 0x84, 0x45,
    0xA2, 0x58, 0x30, 0x96, 0x40, 0xA8, 0x00, 0xF0, 0x54, 0x7D, 0xB4, 0x68, 0x9A, 0xC4, 0x19, 0x61,
    0x69, 0x43, 0xD3, 0x40, 0x49, 0x4D, 0x0F, 0x57, 0xF1, 0xC3, 0x55, 0x25, 0x06, 0x3C, 0xFC, 0x5D,
    0xDA, 0xCB, 0x7B, 0x7B, 0x31, 0x00, 0x41, 0x9D, 0x99, 0x6F, 0x76, 0x5B, 0x9E, 0xD2, 0x85, 0x2C,
    0xB0, 0x7E, 0x3D, 0xB2, 0x3B, 0xE6, 0x8F, 0x57, 0x7E, 0x36, 0xFE, 0xD9, 0xE7, 0xB7, 0x74, 0x10,
    0xF7, 0x3B, 0xFE, 0xDA, 0xE3, 0xCF, 0x56, 0xFE, 0xC9, 0xF8, 0x07, 0x8F, 0x3F, 0x34, 0xFE, 0x68,
    0xCF, 0xBF, 0xF8, 0xFC, 0xD5, 0xCA, 0xEF, 0x8C, 0xBF, 0xF3, 0xF8, 0x13, 0xE3, 0x4F, 0xF7, 0xFC,
    0x66, 0x96, 0xF8, 0x8F, 0xB5, 0xBE, 0xDC, 0xFD, 0xE6, 0x0B, 0x6C, 0x33, 0xDF, 0xFD, 0xB7, 0x1C,
    0xCB, 0xC2, 0xD8, 0x7B, 0xC9, 0x82, 0x0D, 0x0F, 0x64, 0x55, 0xF2, 0x3B, 0x88, 0xBD, 0xCC, 0xBC,
    0xFB, 0xE9, 0x0A, 0x9C, 0xBD, 0xFB, 0xEF, 0xF2, 0x96, 0x8F, 0x64, 0x5D, 0x36, 0xEF, 0x27, 0xEB,
    0xE5, 0x8F, 0x8F, 0x65, 0x35, 0xF2, 0xDB, 0x35, 0xDC, 0x65, 0x01, 0x97, 0x12, 0xF7, 0x5A, 0x6C,
    0x43, 0xEE, 0xEF, 0xB8, 0x65, 0x03, 0x68, 0x74, 0x0B, 0xC0, 0x75, 0x01, 0xE8, 0x74, 0xA4, 0xCB,
    0x00, 0x07, 0x1B, 0x49, 0xBF, 0x16, 0x8D, 0x63, 0x06, 0xE8, 0x62, 0x3C, 0x02, 0x8D, 0x69, 0x29,
    0x70, 0x58, 0xF7, 0x70, 0xB4, 0xA3, 0xC3, 0x95, 0x1E, 0x75, 0xDC, 0x6D, 0x67, 0x63, 0xD0, 0xDB,
    0x3D, 0x54, 0x6F, 0x04, 0x0A, 0x2B, 0x2D, 0x35, 0x06, 0x0C, 0x98, 0x4B, 0x30, 0xB2, 0x32, 0x2E,
    0x60, 0x51, 0x91, 0x85, 0x0A, 0xA8, 0x94, 0xDD, 0xD6, 0x40, 0x30, 0x82, 0xDD, 0xB3, 0x60, 0xF4,
    0xFE, 0x44, 0xE8, 0x01, 0xBD, 0x7B, 0x7C, 0x04, 0x68, 0xD5, 0xBF, 0xA3, 0x83, 0x8B, 0x72, 0x85,
    0x4F, 0x6C, 0x97, 0xCA, 0x79, 0x03, 0x10, 0x79, 0x3B, 0x89, 0xC4, 0x76, 0x03, 0xE6, 0x9B, 0x3D,
    0xCC, 0x9E, 0xA4, 0x37, 0x7E, 0x4F, 0x4E, 0xAB, 0xF2, 0xC9, 0xF6, 0x10, 0x47, 0x49, 0x0C, 0x0F,
    0xD7, 0x77, 0x19, 0x9C, 0x2C, 0x7D, 0xD1, 0x4A, 0xB4, 0x42, 0x58, 0x9A, 0x84, 0xB0, 0xAC, 0x09,
    0x61, 0x29, 0x13, 0x42, 0xF3, 0x05, 0xC2, 0x42, 0x25, 0xF4, 0x9E, 0x18, 0x41, 0x68, 0x8E, 0x40,
    0x68, 0x82, 0x42, 0x10, 0xC8, 0x8E, 0xA5, 0x52, 0x54, 0x80, 0xD0, 0xBC, 0x80, 0x40, 0x52, 0x40,
    0x58, 0x46, 0xEC, 0x09, 0x99, 0x4B, 0x10, 0x96, 0x0B, 0x10, 0x48, 0x04, 0x08, 0xCB, 0x82, 0x11,
    0x70, 0xD0, 0x27, 0x2C, 0xEC, 0xB6, 0xB3, 0x3C, 0x1D, 0xF0, 0xD7, 0x25, 0xA2, 0xA4, 0x72, 0x2C,
    0x74, 0x70, 0x47, 0xE3, 0x19, 0x3F, 0x4A, 0x6C, 0x3C, 0xDB, 0x55, 0x16, 0xD8, 0x57, 0xA5, 0xBF,
    0xC9, 0x46, 0x60, 0xAF, 0x48, 0x77, 0xA8, 0xCC, 0x33, 0x88, 0xDC, 0x66, 0xC1, 0xBA, 0x0D, 0xED,
    0xEE, 0x46, 0x9C, 0x10, 0x29, 0x88, 0x51, 0x88, 0x64, 0x29, 0x13, 0xDD, 0x73, 0x47, 0x35, 0x05,
    0x4A, 0x40, 0x1C, 0xF6, 0xD9, 0xC7, 0x44, 0xAD, 0x25, 0x39, 0x1A, 0x11, 0xF3, 0x60, 0x44, 0xCE,
    0x2E, 0x53, 0xA2, 0xE1, 0x56, 0x89, 0x88, 0xB9, 0xD4, 0x3B, 0x74, 0x26, 0x26, 0x2B, 0x51, 0xB0,
    0x33, 0x02, 0xA9, 0x4F, 0x95, 0x98, 0x49, 0x89, 0x80, 0x07, 0x10, 0x90, 0xDB, 0xDF, 0x11, 0x9D,
    0x47, 0x60, 0xB3, 0x4E, 0x27, 0xEB, 0x19, 0x1B, 0x77, 0x0B, 0x2C, 0x54, 0x58, 0xA6, 0xE0, 0x45,
    0xCC, 0x23, 0x88, 0x8E, 0x12, 0x7D, 0x72, 0x33, 0xC2, 0x1B, 0x59, 0x79, 0xBC, 0xAB, 0x20, 0x07,
    0xB9, 0xA1, 0x0B, 0x6D, 0xC4, 0xDA, 0xCA, 0x13, 0xC8, 0xDF, 0x89, 0x41, 0x94, 0x25, 0x67, 0x9B,
    0x04, 0xA4, 0x77, 0x5A, 0xD5, 0x00, 0x54, 0x18, 0x7F, 0xE3, 0xF3, 0x87, 0xC6, 0x1F, 0x1B, 0x7F,
    0x6A, 0xFC, 0xF9, 0x8E, 0x9F, 0x27, 0x13, 0x3C, 0x9A, 0x60, 0x67, 0x82, 0x3B, 0x8F, 0xBF, 0x30,
    0xFE, 0xCA, 0xE7, 0x47, 0xCA, 0xBF, 0x31, 0xC4, 0xCE, 0xD0, 0x6C, 0x88, 0xA9, 0xF8, 0x65, 0xA3,
    0x0F, 0x27, 0x5A, 0x17, 0x9D, 0x21, 0xF7, 0x18, 0x1A, 0x76, 0x68, 0xDC, 0xA3, 0x3D, 0xCB, 0x09,
    0x29, 0xD0, 0x70, 0xAF, 0xAF, 0x54, 0x34, 0x93, 0xA2, 0x1E, 0xE8, 0xDF, 0xFF, 0x8B, 0x80, 0x5A,
    0xFA, 0x6D, 0xA3, 0x97, 0xE5, 0x4B, 0xAB, 0xB4, 0x17, 0xF8, 0x98, 0x04, 0xB7, 0x18, 0xFB, 0x77,
    0x11, 0x28, 0x60, 0x45, 0x91, 0xA1, 0x54, 0xC0, 0x72, 0x3B, 0x64, 0xA0, 0x93, 0x21, 0x37, 0x54,
    0x3C, 0x86, 0xAA, 0x53, 0xE8, 0xC4, 0x75, 0xAB, 0xE8, 0xD4, 0x50, 0xB2, 0xD3, 0x4E, 0x2B, 0xCA,
    0x0C, 0xD1, 0xA7, 0x40, 0xF8, 0x3A, 0x02, 0xD5, 0x05, 0xCB, 0x4A, 0x45, 0xEC, 0x0C, 0x4D, 0x86,
    0x98, 0x9A, 0x03, 0x50, 0xDD, 0x94, 0x9A, 0x7E, 0x43, 0x9D, 0xA1, 0xDE, 0x90, 0x7B, 0x4F, 0xD4,
    0xEF, 0x50, 0xBB, 0x22, 0x53, 0xAB, 0x34, 0x2F, 0x66, 0xC4, 0x68, 0xA8, 0x53, 0xF4, 0x56, 0x8B,
    0x7D, 0x21, 0x0F, 0x65, 0xB3, 0x8F, 0xD2, 0x15, 0x4D, 0x78, 0x58, 0x01, 0x0A, 0xA8, 0xB8, 0x4A,
    0xA7, 0xA0, 0xA1, 0x82, 0x7F, 0x3A, 0x55, 0xBC, 0x15, 0xB4, 0x29, 0xAA, 0x0C, 0xFD, 0x15, 0x5B,
    0x0C, 0xB0, 0x20, 0xD1, 0x76, 0x8B, 0x8D, 0x78, 0xBD, 0x55, 0xE9, 0x7C, 0xCD, 0x16, 0x55, 0x58,
    0xCC, 0xB6, 0x1A, 0x4D, 0x98, 0xA9, 0x01, 0x02, 0x8C, 0xBD, 0xB4, 0x0B, 0x71, 0x2E, 0xEC, 0xA8,
    0xBF, 0x7F, 0xE8, 0xC0, 0xFD, 0xC7, 0x96, 0xD2, 0xCE, 0x8E, 0xDC, 0xDE, 0xDF, 0x9D, 0xD3, 0xD3,
    0x9A, 0x7D, 0x1F, 0x51, 0xDA, 0x87, 0x1B, 0x72, 0xC4, 0xFA, 0x55, 0x48, 0xC8, 0x3D, 0x56, 0x0C,
    0x39, 0x2A, 0xFD, 0x5A, 0xE3, 0xE5, 0xF9, 0xF3, 0x3F, 0xF0, 0x7E, 0x37, 0xDA, 0xF3, 0xBC, 0x90,
    0xF8, 0xDD, 0x29, 0x58, 0xB4, 0xDF, 0x35, 0x73, 0x61, 0x56, 0x78, 0xA8, 0xF5, 0x75, 0x67, 0xD9,
    0x60, 0xA6, 0x10, 0xE3, 0x4F, 0x03, 0xC0, 0x02, 0xAB, 0x58, 0x29, 0xB0, 0x60, 0x3C, 0xDA, 0x9D,
    0x7D, 0x75, 0xF7, 0xD9, 0x49, 0x6F, 0x7B, 0x60, 0x85, 0xF5, 0xF6, 0xCC, 0x99, 0xB2, 0xC9, 0xBB,
    0x7F, 0x60, 0xAB, 0xC6, 0xFB, 0xA7, 0x48, 0x06, 0xC4, 0xFE, 0x62, 0xBF, 0x7D, 0xB6, 0x8B, 0xEC,
    0x31, 0x2F, 0xF7, 0x2F, 0x1D, 0x00, 0x3D, 0x7D, 0xF8, 0xB0, 0xEB, 0x67, 0xB8, 0x34, 0x53, 0x53,
    0x0B, 0x35, 0xB5, 0x92, 0xEE, 0x02, 0x58, 0x4C, 0x0A, 0x47, 0x92, 0xF1, 0x06, 0xAB, 0xF4, 0xFD,
    0x26, 0xE5, 0xA6, 0x24, 0xED, 0xBC, 0xD1, 0xF2, 0xFA, 0x19, 0xE8, 0x64, 0xBD, 0xB5, 0xFC, 0x07,
    0x94, 0xBA, 0x98, 0xB5, 0x2D, 0x6F, 0xCE, 0xB8, 0x07, 0x8B, 0x35, 0x91, 0xB6, 0x5C, 0x20, 0xEC,
    0x68, 0x54, 0x61, 0x5F, 0xB4, 0xAE, 0xA6, 0x70, 0xD6, 0x6E, 0x00, 0x1D, 0x5D, 0x90, 0xB6, 0x3F,
    0xB8, 0x7D, 0xEB, 0x95, 0x6B, 0x88, 0x53, 0x5E, 0x39, 0x37, 0x56, 0xDE, 0x6B, 0xB9, 0x6F, 0xE5,
    0xBF, 0x4E, 0x87, 0x6D, 0x7A, 0x7C, 0x66, 0xD3, 0x65, 0x9B, 0x3E, 0xEB, 0x74, 0xF2, 0x5F, 0x98,
    0x79, 0xE8, 0x63, 0x41, 0x35, 0xD1, 0x17, 0xD1, 0x14, 0x61, 0x26, 0x45, 0x53, 0x8A, 0xBD, 0xEA,
    0xCF, 0x27, 0x84, 0x8F, 0xFF, 0x77, 0xB6, 0x2D, 0x19, 0x23, 0xD2, 0xA9, 0xA0, 0xED, 0xDF, 0xDB,
    0xCB, 0xBF, 0x67, 0x5E, 0xF0, 0xA1, 0x28, 0x5A, 0xBF, 0x47, 0x97, 0x07, 0x7C, 0x78, 0x71, 0x65,
    0x9C, 0xDB, 0x75, 0x26, 0xC5, 0x64, 0xAE, 0x1A, 0x4C, 0xDF, 0x68, 0xDA, 0xFB, 0xD5, 0x96, 0x9D,
    0x81, 0xD6, 0x5E, 0xAD, 0xDF, 0xAF, 0xCC, 0x8A, 0xD8, 0x92, 0xF2, 0x18, 0x22, 0x36, 0x96, 0x7C,
    0xA0, 0x77, 0x6E, 0xC8, 0xB2, 0xBF, 0xE1, 0x6B, 0x0D, 0x75, 0x3E, 0xB2, 0xC1, 0xDC, 0x50, 0xB2,
    0xD0, 0x7B, 0xB7, 0xB3, 0x2B, 0x7F, 0xFF, 0x79, 0xD2, 0x23, 0xD3, 0x92, 0x8F, 0xFE, 0x9F, 0x78,
    0xF8, 0x84, 0xEF, 0xED, 0x47, 0xF6, 0x37, 0x63, 0x35, 0x47, 0xF6, 0x56, 0x2D, 0x63, 0xE2, 0x31,
    0x46, 0xBD, 0x61, 0xF2, 0x06, 0xEC, 0x52, 0xAE, 0xAB, 0x09, 0x4A, 0x22, 0xEE, 0x70, 0x72, 0xC0,
    0x44, 0x88, 0x31, 0x1F, 0x31, 0x15, 0xEC, 0x13, 0x8B, 0x6A, 0xC4, 0x2C, 0xC2, 0x74, 0x98, 0xF5,
    0x64, 0x49, 0x31, 0x53, 0x31, 0xDA, 0x49, 0xCC, 0xA7, 0xCA, 0x45, 0x5C, 0x67, 0x22, 0x46, 0x7E,
    0xDC, 0xE1, 0xA4, 0x88, 0x29, 0xF0, 0x5F, 0x5F, 0x3A, 0xCB, 0x49, 0x7D, 0x0D, 0xC5, 0x78, 0xB9,
    0x26, 0x62, 0x8E, 0x9A, 0x25, 0xCE, 0xCB, 0x9D, 0x39, 0x6B, 0x2D, 0x38, 0x49, 0x59, 0x2A, 0xDF,
    0x3B, 0x9B, 0xA7, 0xB3, 0x8C, 0x67, 0x8E, 0x35, 0xD1, 0x12, 0xBC, 0x35, 0xAD, 0x31, 0x0F, 0x6B,
    0x9E, 0x13, 0x1E, 0x37, 0x6A, 0xB2, 0xB3, 0x18, 0x43, 0xDE, 0xED, 0x0A, 0x4B, 0x3D, 0x42, 0x48,
    0xBF, 0xB1, 0x66, 0x25, 0x61, 0x55, 0xF1, 0xCE, 0xB1, 0x32, 0x7B, 0x76, 0x75, 0x62, 0x2D, 0xBC,
    0x3E, 0xE1, 0xEF, 0xF8, 0x54, 0x7F, 0xE3, 0x55, 0x7E, 0x53, 0xD3, 0x6F, 0xAC, 0xBD, 0xDA, 0xFC,
    0x6D, 0xA6, 0xFF, 0x6F, 0xB5, 0x91, 0x5A, 0xAC, 0x42, 0xEE, 0x4F, 0xD7, 0x06, 0xA8, 0x27, 0xD5,
    0xC6, 0x1B, 0xE1, 0xA1, 0xDC, 0xDB, 0x82, 0x16, 0xFA, 0xC0, 0x7D, 0x36, 0xFF, 0x7A, 0x06, 0x5F,
    0xEB, 0x1F, 0xD5, 0x7B, 0xB1, 0x32, 0x62, 0x8E, 0x04, 0xFB, 0x3F, 0x4F, 0xED, 0xE5, 0x94, 0xBD,
    0x9E, 0x36, 0xBC, 0xEC, 0x70, 0xB8, 0x8E, 0x93, 0xF1, 0xE9, 0x0E, 0xF5, 0xFD, 0x9B, 0x7D, 0x26,
    0x74, 0x0E, 0xFB, 0x10, 0x9F, 0xDA, 0xFE, 0xAC, 0x54, 0x1B, 0xF5, 0x7D, 0xCE, 0x8A, 0xDD, 0x7D,
    0xDF, 0xCE, 0xA3, 0x4A, 0xB1, 0xAA, 0x85, 0xFF, 0x08, 0x21, 0xFF, 0xF4, 0x6B, 0x15, 0x58, 0x6D,
    0x98, 0xC7, 0x9D, 0x7F, 0xF0, 0xF7, 0x71, 0xFF, 0x27, 0xF2, 0xDE, 0x3E, 0x7B, 0xAF, 0x68, 0x5E,
    0x9C, 0x6F, 0xD5, 0x36, 0x3D, 0xA0, 0x82, 0x52, 0xA9, 0x12, 0x03, 0x38, 0xB0, 0x6B, 0x69, 0x18,
    0x54, 0xC5, 0x25, 0x31, 0x97, 0x42, 0x35, 0x5C, 0x6F, 0x54, 0xEB, 0x8F, 0x19, 0x9F, 0x50, 0xD5,
    0x02, 0xAA, 0x60, 0xEC, 0x28, 0x40, 0x25, 0xA3, 0xA7, 0xE3, 0xA9, 0x14, 0x3E, 0xC6, 0x6F, 0x16,
    0x01, 0x87, 0x82, 0xEF, 0xDA, 0x53, 0xA9, 0x77, 0xD7, 0x46, 0x67, 0x9F, 0x83, 0x3A, 0x7B, 0x8B,
    0x7B, 0x8D, 0x3A, 0xCF, 0x44, 0xFC, 0x8E, 0x9E, 0x97, 0x77, 0xD7, 0x2E, 0x58, 0xFE, 0x40, 0x05,
    0x57, 0xDF, 0xAA, 0xF7, 0xD5, 0x35, 0x60, 0x38, 0xDB, 0xC3, 0x9C, 0x15, 0x7B, 0x6F, 0x0F, 0x73,
    0xD8, 0x37, 0x9E, 0x3F, 0x3E, 0xA1, 0x53, 0x94, 0x9E, 0x71, 0xE2, 0x10, 0x5A, 0x46, 0x82, 0x9B,
    0x8D, 0xE5, 0xF4, 0x1C, 0xED, 0x6C, 0x8E, 0x86, 0xD7, 0x0F, 0x9E, 0x20, 0xDB, 0xDC, 0xFB, 0xB6,
    0x45, 0xCF, 0x96, 0xFB, 0xB3, 0xAD, 0x9D, 0x35, 0x1B, 0x8E, 0xCF, 0x26, 0xDE, 0xD9, 0x07, 0x33,
    0x78, 0x3B, 0xBB, 0x7E, 0x42, 0xFA, 0xE5, 0xCD, 0xF1, 0x27, 0x9E, 0x0D, 0x2F, 0x1F, 0xEA, 0xF3,
    0xD9, 0x5B, 0x47, 0xE9, 0x83, 0xE3, 0xC3, 0x7C, 0xBC, 0x5B, 0xF1, 0x5C, 0xE0, 0x25, 0xF2, 0x90,
    0xE8, 0x37, 0x78, 0x21, 0xCA, 0x86, 0xE8, 0xCB, 0x95, 0xE7, 0x59, 0xB5, 0x13, 0x01, 0x82, 0x16,
    0x75, 0x8C, 0xCD, 0x51, 0x8C, 0xB2, 0x71, 0x62, 0x8C, 0x98, 0x24, 0x86, 0x3D, 0xB7, 0x76, 0x10,
    0x4C, 0xF1, 0x7F, 0x77, 0xD9, 0x8F, 0x86, 0xCF, 0xE8, 0xB3, 0x3F, 0xA3, 0x2F, 0xD2, 0x9F, 0xE8,
    0x07, 0x4E, 0xFC, 0xEC, 0xBE, 0x5F, 0x9C, 0x63, 0xFD, 0xBF, 0xFC, 0x82, 0x7E, 0x2B, 0x55, 0xF7,
    0x7F, 0xED, 0x95, 0x31, 0x8C, 0xDC, 0x44, 0x1F, 0xC5, 0x9F, 0xD7, 0xCA, 0x59, 0xFA, 0xAE, 0x70,
    0xF3, 0x5D, 0x93, 0x14, 0xDB, 0xA7, 0x71, 0x5F, 0xCD, 0x7C, 0x1F, 0xBD, 0x88, 0x04, 0x07, 0x52,
    0x52, 0xA4, 0xE6, 0x28, 0xB6, 0xAF, 0xC6, 0x7D, 0x8A, 0xBB, 0x82, 0x5E, 0x14, 0x89, 0x14, 0x96,
    0xE2, 0x6A, 0x24, 0xC4, 0xB8, 0xA7, 0x31, 0xA1, 0xA4, 0x88, 0x0B, 0xA0, 0xA0, 0x89, 0xA5, 0x6C,
    0x24, 0x5F, 0xB4, 0x9E, 0xC7, 0xFF, 0xD9, 0xDA, 0x5C, 0x36, 0x09, 0x07, 0x89, 0x90, 0x10, 0x52,
    0x66, 0xFD, 0xFF, 0x79, 0x77, 0xFC, 0xE6, 0xFD, 0x67, 0xED, 0xFF, 0x8C, 0x71, 0xFD, 0x3E, 0x90,
    0x91, 0x0D, 0x0A, 0xB2, 0x47, 0x49, 0x6E, 0x51, 0x91, 0x09, 0x2E, 0x05, 0x22, 0x6C, 0x4B, 0xFA,
    0x38, 0x1C, 0xB2, 0xE6, 0xA6, 0x30, 0xF4, 0x05, 0x1B, 0xF6, 0xF9, 0x3E, 0xD4, 0xB7, 0x31, 0x4C,
    0xBA, 0x69, 0xC4, 0x34, 0x56, 0x2E, 0xB3, 0x5F, 0x4E, 0x6E, 0x00, 0xE5, 0xC0, 0x7F, 0x1E, 0xC2,
    0x5A, 0x68, 0x62, 0x1B, 0xDB, 0xD0, 0xEC, 0xBE, 0x5F, 0xF5, 0x39, 0xA9, 0x81, 0x6B, 0x1F, 0x03,
    0x70, 0xC9, 0x10, 0x05, 0x1A, 0x72, 0xA1, 0x10, 0x4A, 0xC1, 0x3D, 0x36, 0x84, 0x53, 0x03, 0xCB,
    0x84, 0x7C, 0x34, 0x14, 0x5B, 0x43, 0xD9, 0x1B, 0x5C, 0x67, 0x08, 0x24, 0x37, 0xC2, 0x70, 0x89,
    0xA3, 0xE3, 0xBB, 0xE9, 0x16, 0x60, 0x57, 0x5F, 0x06, 0x2C, 0xE1, 0xF1, 0xF1, 0x2D, 0x47, 0xF6,
    0x7B, 0xD1, 0x00, 0x8A, 0xA0, 0xF8, 0xED, 0xBE, 0x0C, 0x7D, 0x24, 0x3B, 0x3B, 0x0F, 0xD7, 0xB2,
    0xB8, 0x05, 0x96, 0xA3, 0x39, 0xBC, 0x88, 0x0E, 0x6E, 0xCB, 0xAF, 0x39, 0x90, 0xEC, 0x2D, 0xDA,
    0xC8, 0x84, 0x6C, 0x6D, 0xE9, 0x70, 0x72, 0xDF, 0xB4, 0x34, 0x11, 0x0D, 0xB9, 0x50, 0x32, 0x7D,
    0x6B, 0x5D, 0x1E, 0x36, 0x06, 0x86, 0x8D, 0x21, 0xF4, 0xB7, 0x3D, 0xE2, 0x53, 0x0E, 0x20, 0x99,
    0x04, 0x82, 0xBA, 0xC5, 0xF3, 0x6D, 0x6F, 0x17, 0x6C, 0x62, 0x27, 0xE8, 0xA7, 0xD3, 0xE3, 0xA9,
    0xD2, 0x39, 0x51, 0x4A, 0x5C, 0x90, 0xE6, 0x13, 0xD9, 0x01, 0x07, 0x5F, 0x61, 0x6E, 0x91, 0x64,
    0xB3, 0x8F, 0x1A, 0xC8, 0x95, 0xB4, 0x20, 0xE6, 0x59, 0x63, 0x39, 0xA5, 0x1F, 0xA6, 0xF4, 0x06,
    0x19, 0x64, 0x6C, 0x25, 0x6B, 0x24, 0xF3, 0x26, 0xA3, 0x64, 0xD2, 0x3A, 0x69, 0x83, 0xB4, 0xEC,
    0x25, 0xEB, 0x24, 0x33, 0xED, 0xDC, 0xAE, 0x5B, 0xDE, 0x05, 0xD9, 0xBD, 0x5C, 0x52, 0xE3, 0x5D,
    0xC2, 0xF5, 0xF9, 0x0E, 0x36, 0x67, 0x54, 0xA9, 0x1A, 0x25, 0xD9, 0x48, 0xDC, 0xCE, 0x23, 0x96,
    0xE4, 0x68, 0xE2, 0x15, 0x11, 0x7B, 0x55, 0x9D, 0xFE, 0x2A, 0xDB, 0xCC, 0x30, 0xFD, 0xDF, 0x8B,
    0x3B, 0xF4, 0x8E, 0xA4, 0x74, 0xDB, 0x69, 0xC4, 0x9C, 0x4D, 0xA5, 0xAC, 0x9F, 0xB5, 0xFC, 0x7A,
    0x54, 0xBA, 0x1A, 0xD2, 0x79, 0x9A, 0x5C, 0xC0, 0x2E, 0xA7, 0x97, 0x41, 0x3D, 0xA3, 0xCF, 0xE7,
    0x8A, 0x6D, 0x64, 0x55, 0x57, 0xC2, 0x21, 0x9F, 0xB2, 0xC6, 0x67, 0x1F, 0x5C, 0xDE, 0x92, 0x64,
    0x08, 0x23, 0x96, 0xE7, 0x1C, 0x94, 0xAD, 0x17, 0x9A, 0xF9, 0xD9, 0x1D, 0xAC, 0x3D, 0xE6, 0x56,
    0xF6, 0xAF, 0xC5, 0xCD, 0xF3, 0xE7, 0x0F, 0x83, 0xE5, 0x57, 0x38, 0x8B, 0x37, 0x69, 0x70, 0xED,
    0x16, 0x6E, 0xAE, 0xD7, 0x7B, 0xBA, 0x57, 0x7F, 0x63, 0x6E, 0xAF, 0xE9, 0x70, 0xE4, 0x41, 0xBF,
    0x20, 0x0A, 0xB3, 0x1E, 0x50, 0x6E, 0x50, 0xF5, 0x70, 0x1D, 0x5C, 0xAB, 0xF2, 0x8C, 0xD3, 0x41,
    0x3B, 0xEA, 0xCB, 0x63, 0xEE, 0x0C, 0x8D, 0x34, 0xAE, 0x93, 0x7E, 0xD9, 0x6B, 0xAC, 0x39, 0xE4,
    0x09, 0x19, 0x81, 0x13, 0x7F, 0x04, 0x09, 0xAA, 0x5E, 0x86, 0x87, 0xD6, 0xAF, 0xEA, 0x9C, 0x2E,
    0xD1, 0xEF, 0xB9, 0xEC, 0x1F, 0xBB, 0x1C, 0xDE, 0x94, 0x0B, 0x6A, 0xD4, 0x34, 0x2B, 0xF9, 0xBB,
    0xD6, 0x5C, 0x31, 0xB5, 0xA0, 0x02, 0x89, 0xA7, 0x1C, 0x11, 0x49, 0x1A, 0xCE, 0xE9, 0xE3, 0x66,
    0xC1, 0x3A, 0xF6, 0x99, 0x2A, 0x19, 0x86, 0xF6, 0x2D, 0x70, 0x52, 0x63, 0x5D, 0xFF, 0x13, 0xBB,
    0x97, 0x9A, 0x95, 0x21, 0x4A, 0x8B, 0xC0, 0x66, 0x41, 0x36, 0xA5, 0x85, 0xB3, 0xA8, 0x9E, 0xDB,
    0xF7, 0x47, 0x6C, 0xF2, 0xFF, 0xB3, 0x99, 0x34, 0xF9, 0x5B, 0x04, 0x2E, 0x2B, 0xB8, 0x51, 0xFA,
    0x1E, 0x51, 0xE9, 0xDD, 0xB4, 0x3F, 0x74, 0x6E, 0x44, 0x81, 0x65, 0xDA, 0xAD, 0xBD, 0x6A, 0x5A,
    0xA7, 0x82, 0x26, 0x97, 0xB3, 0x03, 0x4A, 0xD6, 0x80, 0x93, 0x82, 0xC3, 0x8B, 0x2E, 0xED, 0x28,
    0x5C, 0xAF, 0x65, 0xC5, 0x57, 0x81, 0x39, 0xE5, 0x03, 0x15, 0x3B, 0x5B, 0x25, 0x1A, 0x10, 0x94,
    0xAD, 0x7A, 0x1E, 0x13, 0x4A, 0x5F, 0x4A, 0x72, 0x98, 0x76, 0xD0, 0xD6, 0xB0, 0x56, 0x36, 0xB2,
    0x16, 0xCE, 0x04, 0xEB, 0x3B, 0x5A, 0x25, 0xC8, 0x02, 0x4A, 0xEA, 0xBD, 0xF0, 0x8D, 0x32, 0xEF,
    0x12, 0x25, 0x61, 0x40, 0xA5, 0x1C, 0xB8, 0xFD, 0x05, 0xF0, 0x7E, 0x3F, 0x7F, 0xBF, 0x9F, 0xBF,
    0xDF, 0xCF, 0xFF, 0xCD, 0xFB, 0xF9, 0xE7, 0xC9, 0xAB, 0x24, 0x37, 0x82, 0xD9, 0x5E, 0xAC, 0x2C,
    0xA1, 0xCF, 0x09, 0x40, 0xC8, 0x3E, 0x55, 0x12, 0x3D, 0x4F, 0xC1, 0x8D, 0x1F, 0x11, 0xA1, 0x33,
    0xA3, 0xD8, 0xE6, 0x42, 0x61, 0xD8, 0xAC, 0x08, 0x37, 0x4B, 0x06, 0xE2, 0x80, 0x6D, 0xC0, 0xDC,
    0x6E, 0x24, 0xAF, 0xB1, 0xFD, 0xEC, 0x5C, 0xA6, 0x3B, 0x44, 0xB5, 0xC9, 0xE8, 0x5D, 0x0F, 0xD6,
    0xE1, 0xD9, 0x31, 0x9B, 0x40, 0x5E, 0xC2, 0xFA, 0x3A, 0x00, 0xAE, 0x17, 0x06, 0x64, 0x28, 0x79,
    0xBC, 0xD2, 0xD8, 0x79, 0x06, 0xE6, 0xC7, 0x9F, 0xF7, 0x9D, 0x35, 0x67, 0xED, 0xEC, 0x7A, 0xFD,
    0x54, 0x43, 0xC6, 0x46, 0xCE, 0xAD, 0xB9, 0x84, 0xEE, 0x4D, 0xB0, 0xAB, 0xB1, 0x9D, 0x74, 0x9A,
    0x4B, 0xAD, 0xB1, 0x72, 0x19, 0xB4, 0xE0, 0x6B, 0xCC, 0xCF, 0xF2, 0x4B, 0x3B, 0x2C, 0x39, 0xBB,
    0x72, 0xB4, 0x72, 0x2E, 0x98, 0xEB, 0xB6, 0x9D, 0x8E, 0x00, 0x9F, 0x98, 0xCE, 0xB1, 0x97, 0xB8,
    0xC5, 0xF4, 0xC2, 0x40, 0xA5, 0x6F, 0x81, 0xBD, 0xAE, 0xAA, 0xD8, 0xEF, 0x25, 0x4C, 0x23, 0xCA,
    0xAD, 0xE6, 0x32, 0x20, 0x2A, 0xAF, 0xEB, 0xB3, 0x78, 0xA1, 0x51, 0x26, 0xAE, 0x94, 0xAD, 0x7A,
    0x10, 0x47, 0xFC, 0x77, 0x2E, 0xE2, 0x05, 0xBD, 0x91, 0xF5, 0xC9, 0x7A, 0xBD, 0xB7, 0xFE, 0x7F,
    0xF9, 0x84, 0x75, 0x68, 0x74, 0xAF, 0xBA, 0x9C, 0xA8, 0x86, 0xE5, 0xE5, 0xFB, 0xAB, 0x03, 0x56,
    0xC9, 0x63, 0x6A, 0xB1, 0xBD, 0x12, 0x3F, 0xC4, 0x33, 0xC4, 0xEF, 0xB9, 0x7D, 0xF9, 0x2D, 0x3D,
    0xE4, 0xEF, 0xFC, 0x96, 0x0E, 0xAA, 0xA6, 0x20, 0xE7, 0xAB, 0xB0, 0x3E, 0x0B, 0x6D, 0x2E, 0x9D,
    0xF6, 0xF5, 0xD6, 0x0D, 0x06, 0x76, 0x08, 0x3F, 0xB2, 0x46, 0xF8, 0x29, 0x99, 0xE4, 0xC9, 0xD6,
    0xC0, 0x51, 0xA0, 0x47, 0x18, 0xD9, 0x20, 0x74, 0xB1, 0x37, 0x5D, 0x25, 0xF1, 0x34, 0x2C, 0xA7,
    0x0F, 0xDA, 0x54, 0xCC, 0x2F, 0x76, 0xB1, 0xFD, 0xEB, 0x9F, 0xD0, 0x9C, 0x64, 0xF1, 0xEC, 0x20,
    0xF9, 0x78, 0xCA, 0xC1, 0xB1, 0x8B, 0x64, 0x22, 0x87, 0xC8, 0x68, 0xE7, 0x6D, 0x1C, 0x0A, 0x76,
    0xCB, 0xED, 0xB4, 0x2B, 0x1F, 0x8E, 0x51, 0x7B, 0x8D, 0x9D, 0xDA, 0x05, 0xFD, 0xBB, 0x9F, 0xF4,
    0x98, 0x50, 0x8C, 0x4A, 0x8B, 0xF8, 0xE1, 0xDF, 0x7B, 0xB3, 0x4F, 0xFE, 0x17, 0x6B, 0xC4, 0x7B,
    0xDC, 0x20, 0x3E, 0xE1, 0x88, 0xC8, 0xA8, 0xF5, 0x56, 0xD0, 0x4F, 0x53, 0xFF, 0x63, 0x83, 0x2E,
    0xB3, 0xAB, 0x9B, 0xDC, 0x74, 0x7A, 0xEB, 0x44, 0x6A, 0xEC, 0x63, 0xB9, 0x3C, 0x62, 0x7D, 0x75,
    0xD1, 0x08, 0xE2, 0x85, 0xEA, 0xAD, 0x75, 0x5A, 0x99, 0xCF, 0x56, 0x4D, 0x6C, 0x00, 0x2D, 0x4E,
    0x97, 0x3C, 0x2A, 0x0E, 0x28, 0xA6, 0x27, 0x37, 0xBD, 0x12, 0xD4, 0xDB, 0x7B, 0x8B, 0xEF, 0x8E,
    0x63, 0x17, 0xE7, 0x02, 0xF6, 0x37, 0x4C, 0xF3, 0xA2, 0x05, 0x0B, 0xCE, 0x91, 0x73, 0x5D, 0x57,
    0xF2, 0xB4, 0x70, 0x64, 0x9D, 0x13, 0xF8, 0xF3, 0xF8, 0xB5, 0xC9, 0x4C, 0x0F, 0x8B, 0xDD, 0x42,
    0xFD, 0x1D, 0xCD, 0x9A, 0x31, 0x8C, 0xE5, 0xC6, 0x79, 0x80, 0x7F, 0x92, 0xD6, 0x12, 0xC8, 0x2B,
    0xE8, 0x22, 0xE7, 0xC2, 0x2A, 0xE8, 0x22, 0xD5, 0xA5, 0x60, 0x5F, 0x04, 0x43, 0x4B, 0x80, 0x6B,
    0x15, 0x7E, 0x52, 0xA1, 0x42, 0xA9, 0x4F, 0x41, 0x2E, 0x7D, 0x43, 0x26, 0x2A, 0x54, 0x66, 0x03,
    0x38, 0x49, 0x91, 0x22, 0x2A, 0xAE, 0x38, 0x3D, 0x15, 0x9B, 0x1E, 0xB0, 0x49, 0x45, 0x85, 0x0B,
    0x17, 0x21, 0x92, 0x28, 0x2E, 0xF5, 0x82, 0x48, 0x31, 0x7C, 0x8D, 0x18, 0x89, 0x8A, 0x79, 0xA7,
    0x21, 0xBF, 0x70, 0xFE, 0x99, 0x47, 0xEE, 0xAD, 0xDF, 0x6E, 0x74, 0x81, 0x03, 0xFB, 0x07, 0x96,
    0xDF, 0x87, 0xE5, 0xFC, 0x33, 0xF3, 0xB8, 0x33, 0xC3, 0x99, 0x7B, 0x27, 0x21, 0x62, 0xB8, 0x5C,
    0x50, 0xC0, 0xB4, 0x00, 0xB0, 0x22, 0x09, 0x30, 0x8A, 0xEC, 0x80, 0x41, 0x24, 0x87, 0xA6, 0x17,
    0x31, 0x1C, 0xE5, 0x8F, 0x1D, 0x6A, 0x97, 0x56, 0xA1, 0xD9, 0xCD, 0xAC, 0x60, 0xF2, 0xB0, 0xE2,
    0x52, 0xEE, 0x42, 0x33, 0x79, 0xCC, 0xE2, 0x5A, 0xA8, 0x50, 0x18, 0x5A, 0x87, 0x82, 0x99, 0xF9,
    0x70, 0x99, 0xE1, 0xA2, 0x4F, 0x3D, 0x22, 0x0F, 0x29, 0x3C, 0xA2, 0x46, 0x21, 0x9A, 0x77, 0x2B,
    0x60, 0xF8, 0x66, 0x88, 0x6D, 0xEA, 0x2A, 0x93, 0xC4, 0xEE, 0x3C, 0xC7, 0x4C, 0x99, 0x8E, 0xD9,
    0x51, 0x44, 0x5B, 0x73, 0x2C, 0x80, 0x59, 0x9F, 0x15, 0x20, 0x92, 0x05, 0x1A, 0x87, 0x49, 0x2B,
    0x7B, 0x82, 0xD5, 0xDB, 0x6D, 0x65, 0x25, 0x61, 0x36, 0x6D, 0xF3, 0x2D, 0xD9, 0x31, 0x9A, 0x7A,
    0x76, 0xC5, 0x7B, 0x53, 0x2E, 0xCC, 0xE9, 0x2A, 0x99, 0x5C, 0x6D, 0x6D, 0x13, 0x59, 0x7D, 0x94,
    0xC4, 0xCA, 0x72, 0x4E, 0x46, 0xE5, 0xE4, 0x58, 0xF1, 0x7D, 0x9B, 0x0C, 0x8E, 0xAF, 0x68, 0xF7,
    0x2A, 0x5E, 0xD5, 0xEE, 0x19, 0x5E, 0xD5, 0x6E, 0x19, 0xDE, 0x19, 0xB2, 0xCE, 0xF1, 0xDD, 0x3E,
    0x5F, 0x58, 0xF0, 0xB3, 0x3E, 0x6F, 0x5D, 0xFD, 0x9F, 0xF7, 0xC5, 0xC2, 0x0C, 0x8E, 0xA6, 0x56,
    0x76, 0xA6, 0x14, 0x49, 0x5D, 0xB7, 0xCA, 0x3F, 0x90, 0x18, 0xBE, 0x6A, 0xDE, 0x1C, 0x44, 0x70,
    0xB1, 0xD0, 0x04, 0x66, 0x81, 0x71, 0xA0, 0x34, 0xF8, 0xCF, 0xCD, 0x43, 0x3E, 0x5B, 0x20, 0xDA,
    0x3D, 0x91, 0x68, 0x4A, 0x06, 0xA5, 0x4D, 0x95, 0xE1, 0xE9, 0xAD, 0x11, 0x35, 0x3C, 0x5D, 0x50,
    0x68, 0x76, 0xE4, 0x2B, 0xDB, 0x5D, 0xFB, 0xF3, 0x75, 0x52, 0x39, 0xB4, 0xE2, 0xEE, 0x3F, 0xAC,
    0x63, 0x28, 0x25, 0x96, 0x04, 0xEB, 0x92, 0x77, 0x68, 0x9D, 0x19, 0xBD, 0x43, 0x4E, 0xE7, 0x50,
    0xD0, 0x3A, 0x98, 0x13, 0xEA, 0xBC, 0xCF, 0x7B, 0x43, 0x59, 0x0C, 0x8D, 0x62, 0x44, 0x31, 0x7B,
    0x70, 0xC2, 0x51, 0xD1, 0x8B, 0xA2, 0x75, 0x79, 0x05, 0xA5, 0xAB, 0xA5, 0x40, 0xA4, 0x70, 0xD0,
    0x16, 0x1C, 0x32, 0x7A, 0x8F, 0xC1, 0x21, 0x65, 0x72, 0x48, 0xE0, 0x8A, 0x8B, 0x2E, 0xC2, 0xF7,
    0xBA, 0xF1, 0x30, 0x1E, 0x3B, 0x8F, 0xC8, 0x43, 0x72, 0xF4, 0x43, 0xCB, 0xBD, 0xBD, 0x88, 0x3C,
    0x38, 0x2C, 0xF1, 0x9E, 0x4F, 0xE8, 0xEF, 0x06, 0x4B, 0xC9, 0xCB, 0x05, 0xE2, 0xE2, 0x45, 0xB0,
    0xDF, 0xEF, 0x4B, 0x5F, 0x4B, 0xFB, 0xCD, 0x70, 0x6B, 0x65, 0x06, 0x98, 0x3C, 0xE6, 0x9B, 0xB8,
    0x0F, 0x87, 0xF7, 0x5F, 0xA4, 0x67, 0x6B, 0xA4, 0x7E, 0x45, 0x69, 0xB4, 0x9A, 0x04, 0xA0, 0x94,
    0xCC, 0x41, 0x24, 0xDF, 0x9A, 0xB0, 0x0E, 0x5D, 0xA4, 0xC3, 0xBD, 0xFC, 0x66, 0x2D, 0xE0, 0xA2,
    0x3E, 0x8F, 0x17, 0x4E, 0xB8, 0xE7, 0x1E, 0xE4, 0xB5, 0x15, 0xCC, 0xFA, 0xC5, 0x70, 0x74, 0x48,
    0x39, 0x3A, 0x54, 0xFC, 0xB5, 0x7B, 0xD6, 0x68, 0x1C, 0xBF, 0x01, 0xC2, 0x2C, 0xD8, 0xCB, 0x29,
    0x12, 0x56, 0xDD, 0x4D, 0xAB, 0x66, 0x76, 0xD5, 0x62, 0x58, 0xD5, 0xF4, 0x6E, 0x10, 0xBD, 0x26,
    0x6F, 0xFF, 0x52, 0xAA, 0x67, 0xCF, 0x4A, 0xA9, 0xC6, 0x14, 0x3A, 0x9D, 0x43, 0x95, 0x2D, 0xE0,
    0xA9, 0x3E, 0xBB, 0x6A, 0x6A, 0xF0, 0x51, 0x57, 0x9C, 0xA2, 0xDD, 0xF4, 0x58, 0x31, 0xFF, 0x00,
    0xF8, 0xAB, 0x86, 0xBE, 0xA2, 0x97, 0x0A, 0x2B, 0xB9, 0xD3, 0x4E, 0x0C, 0x83, 0x64, 0x4E, 0x5B,
    0x71, 0x73, 0x63, 0xE7, 0xB4, 0x96, 0x9C, 0xA3, 0xA4, 0x4E, 0xCB, 0x45, 0xBB, 0xB3, 0xDA, 0x7A,
    0x95, 0xEB, 0x5A, 0x6C, 0x6A, 0x36, 0xAD, 0x36, 0x65, 0xD5, 0x68, 0xD3, 0x64, 0xD3, 0x74, 0xD3,
    0xDD, 0xA6, 0xD9, 0xA6, 0xC5, 0xA6, 0x66, 0xD3, 0x66, 0x53, 0x3E, 0xF1, 0x2A, 0x12, 0x53, 0x9E,
    0x79, 0xE2, 0xE9, 0x7C, 0xEE, 0x89, 0xE7, 0xE3, 0xAA, 0xDF, 0x7D, 0x2F, 0x48, 0xE4, 0x46, 0xFA,
    0xA1, 0x96, 0x98, 0x59, 0x22, 0xBA, 0x85, 0xDC, 0x64, 0x1D, 0xD8, 0xDE, 0x60, 0xE7, 0xD9, 0xF4,
    0x9E, 0x57, 0x81, 0x7F, 0x3F, 0x78, 0xFE, 0xE5, 0xE8, 0xF8, 0x1D, 0x3E, 0x99, 0x5E, 0xE7, 0x33,
    0x69, 0xD0, 0xB8, 0xC9, 0xE5, 0xFE, 0xBF, 0xF1, 0x37, 0xCB, 0xFD, 0x98, 0x0F, 0xF9, 0x73, 0xCD,
    0x6B, 0x69, 0x3D, 0x9B, 0x0F, 0xE9, 0x6E, 0xCD, 0x7B, 0x9B, 0x27, 0xCD, 0xCC, 0x13, 0x57, 0x2E,
    0x1B, 0xE9, 0x94, 0xD6, 0x73, 0x17, 0x98, 0x4E, 0x9E, 0xC9, 0xEC, 0x19, 0xE3, 0x19, 0x05, 0xCA,
    0x89, 0x4D, 0x60, 0x15, 0x68, 0xAE, 0xF1, 0xFE, 0xE1, 0xF0, 0x23, 0xD1, 0x30, 0xC0, 0xE5, 0x6A,
    0x76, 0x35, 0xCA, 0xD5, 0xDA, 0xD5, 0x7A, 0x6F, 0xAF, 0xC3, 0xE0, 0x4D, 0x32, 0xC6, 0x60, 0x09,
    0x36, 0x58, 0xB4, 0xD8, 0xBD, 0xD2, 0x99, 0x30, 0x49, 0xD5, 0x9E, 0x8C, 0x6B, 0x16, 0xCA, 0xC5,
    0xDE, 0x62, 0x6C, 0xE2, 0x2D, 0x65, 0xDC, 0xF1, 0xE4, 0xFD, 0xC5, 0x1E, 0x32, 0x54, 0x30, 0x69,
    0xBB, 0x5F, 0x70, 0xB2, 0x9F, 0xAF, 0xF6, 0xEE, 0xC9, 0xE6, 0xF8, 0x8A, 0x27, 0x8F, 0x9D, 0x0D,
    0x92, 0x69, 0x2D, 0xCC, 0x12, 0x6C, 0x2F, 0x27, 0x93, 0xFF, 0x93, 0xED, 0xE8, 0x56, 0xEB, 0x5F,
    0xF2, 0x96, 0xC2, 0xEC, 0x2D, 0x59, 0x2D, 0x5E, 0x4D, 0x36, 0x2B, 0x78, 0x2A, 0x21, 0xF6, 0xE5,
    0x7D, 0xF7, 0x6E, 0xF0, 0x51, 0x01, 0xF5, 0xA6, 0xC3, 0xA6, 0xD3, 0xA6, 0x5C, 0xD3, 0x3A, 0xE8,
    0x01, 0xDA, 0xA0, 0x62, 0x36, 0xCD, 0xE8, 0xE4, 0xBB, 0xCF, 0xCA, 0xA0, 0xAE, 0x2B, 0x4E, 0x77,
    0x74, 0x19, 0xD0, 0x7A, 0x35, 0x40, 0xED, 0xB5, 0x02, 0x7C, 0xD9, 0x16, 0x3E, 0x57, 0xCD, 0x17,
    0xB5, 0xF2, 0xA7, 0x4E, 0x2B, 0x6A, 0xC6, 0xB5, 0x0F, 0xD8, 0xB5, 0x67, 0xCC, 0x6B, 0x7F, 0xA1,
    0x56, 0xD5, 0xC1, 0x35, 0x7A, 0xAD, 0xC5, 0x40, 0x19, 0x7E, 0x9B, 0xA1, 0x0B, 0xD5, 0x5B, 0x7E,
    0x46, 0xD9, 0x45, 0x75, 0x56, 0x57, 0xDA, 0x70, 0xC2, 0x20, 0xB2, 0xD3, 0xEE, 0xC4, 0x5A, 0xBF,
    0xEF, 0xA4, 0x7E, 0xF8, 0xC2, 0x2B, 0x8B, 0x66, 0xAA, 0x95, 0xD3, 0x54, 0xD5, 0x50, 0x77, 0xB2,
    0x53, 0x2D, 0x68, 0x67, 0xC9, 0x55, 0x33, 0x8E, 0xAC, 0x9F, 0xAD, 0x07, 0x34, 0x27, 0x65, 0x00,
    0x26, 0xA7, 0x09, 0x16, 0x18, 0x9C, 0x46, 0x4C, 0x0F, 0xA1, 0x96, 0x10, 0xFB, 0xD7, 0x44, 0xEE,
    0x3F, 0x96, 0x78, 0x79, 0xBD, 0xFF, 0xDE, 0x41, 0x8C, 0x95, 0x84, 0x5E, 0xB2, 0x59, 0x0A, 0x6F,
    0xF9, 0x24, 0xC5, 0x24, 0xA9, 0xB7, 0xDC, 0xD9, 0x20, 0x85, 0x75, 0x05, 0x76, 0x8C, 0x62, 0xD4,
    0xB2, 0x60, 0x48, 0x86, 0x15, 0x33, 0xAA, 0x7D, 0xAD, 0xB6, 0x43, 0xF2, 0x5F, 0x59, 0xA9, 0x06,
    0x49, 0x29, 0xF3, 0x2F, 0x27, 0xA9, 0x7A, 0x67, 0xC5, 0x97, 0xB3, 0x34, 0xBD, 0x24, 0xD4, 0xE6,
    0x3F, 0x56, 0xFB, 0x67, 0x84, 0xE3, 0x62, 0x6D, 0xB0, 0x98, 0xB6, 0xFA, 0x10, 0xD1, 0xED, 0x55,
    0x88, 0xB2, 0x39, 0x63, 0xDB, 0x5D, 0xE1, 0x48, 0xCD, 0x47, 0xFA, 0xDE, 0xFC, 0x77, 0xCA, 0xE6,
    0x23, 0x4A, 0x91, 0xEA, 0xBF, 0x28, 0xAB, 0x7F, 0x51, 0xFB, 0x02, 0x59, 0x4C, 0x44, 0xCC, 0x62,
    0xE6, 0x17, 0x6A, 0x5F, 0xAE, 0xF6, 0xAB, 0x59, 0x7F, 0x44, 0x8A, 0xAF, 0x27, 0xFD, 0x11, 0xC9,
    0x99, 0x24, 0xC7, 0xAA, 0x59, 0xC9, 0xD4, 0xB2, 0x1B, 0x36, 0xAA, 0x8D, 0xB2, 0x53, 0xDB, 0x31,
    0xE8, 0x8F, 0xE8, 0x93, 0xD2, 0x3F, 0xB8, 0x3E, 0xC7, 0xC4, 0xD9, 0x61, 0x89, 0x47, 0x22, 0xF1,
    0xE1, 0x32, 0xEC, 0xC0, 0x12, 0x8E, 0x6A, 0x76, 0x35, 0x36, 0x6B, 0x9D, 0xCD, 0x87, 0x0F, 0xE0,
    0xE8, 0xCC, 0xBA, 0x4E, 0xF4, 0xC1, 0x12, 0xC6, 0x60, 0x82, 0x55, 0xBB, 0x38, 0xD4, 0x8D, 0x37,
    0x37, 0x50, 0x36, 0x9B, 0x4E, 0x66, 0x7E, 0xA7, 0x2C, 0xA5, 0x53, 0x13, 0x37, 0x98, 0x83, 0xE5,
    0xAB, 0x55, 0xD4, 0xCE, 0x3E, 0xDE, 0xBF, 0x09, 0xE2, 0xCC, 0xC5, 0xB4, 0xDA, 0xB8, 0xDA, 0x71,
    0x35, 0x39, 0x59, 0x58, 0x60, 0x76, 0xF4, 0x77, 0x50, 0x4B, 0xF6, 0xB7, 0x33, 0xD1, 0xCA, 0x6F,
    0xCD, 0xBF, 0x60, 0x54, 0x1A, 0x78, 0xD7, 0x11, 0xF8, 0x05, 0xBD, 0x66, 0x7D, 0xBD, 0x30, 0xC3,
    0x57, 0x93, 0x07, 0x16, 0x4C, 0xD2, 0x2C, 0x34, 0xCE, 0x95, 0x9D, 0x64, 0x0B, 0x2B, 0x5A, 0xAD,
    0xAF, 0x59, 0x98, 0x2A, 0x6B, 0x49, 0xEE, 0x62, 0x28, 0x57, 0xAD, 0xEC, 0x64, 0x17, 0xEA, 0xCD,
    0x94, 0xA3, 0x7A, 0x0E, 0x1F, 0x70, 0xAD, 0x1F, 0x69, 0x60, 0x0C, 0xFC, 0x34, 0xAC, 0x41, 0x89,
    0xE3, 0x8E, 0x31, 0x72, 0x94, 0x7D, 0x29, 0x77, 0xC5, 0xC1, 0x45, 0x29, 0x11, 0x2E, 0xEA, 0x95,
    0xA2, 0xD4, 0xD4, 0x0B, 0x5D, 0xE6, 0x23, 0xE0, 0x53, 0xD1, 0x76, 0xAD, 0xB6, 0xC2, 0xE8, 0x0B,
    0xF7, 0xA7, 0x27, 0x9A, 0x31, 0x97, 0x6F, 0x75, 0x92, 0xBB, 0x56, 0xEB, 0xB0, 0x7E, 0xDF, 0xD8,
    0x2A, 0x33, 0x8B, 0x56, 0x35, 0xAD, 0x4B, 0x7F, 0x7B, 0x1E, 0x7E, 0xE1, 0xBC, 0x8E, 0x90, 0x30,
    0xDF, 0x82, 0x7B, 0xCC, 0xFB, 0x1F, 0x86, 0x16, 0xB6, 0xF6, 0xC2, 0xD1, 0xBF, 0xE0, 0xE8, 0x90,
    0x31, 0x49, 0xF4, 0x0F, 0xB2, 0x0B, 0xBD, 0xF6, 0x90, 0x00, 0xE3, 0x91, 0x2A, 0xB4, 0xDA, 0x3A,
    0xAC, 0xA1, 0xD1, 0xE1, 0xB1, 0x3B, 0x26, 0xE9, 0x6B, 0x5F, 0x40, 0x19, 0x63, 0x95, 0x09, 0xA3,
    0x72, 0x47, 0xAF, 0xCC, 0xE8, 0x94, 0x86, 0x5A, 0x59, 0x21, 0x4A, 0x26, 0x65, 0xCC, 0xA8, 0x4C,
    0xE8, 0x95, 0x3B, 0x3A, 0x65, 0x46, 0xAB, 0x34, 0x88, 0xB2, 0x9A, 0x3D, 0xB1, 0xE1, 0x68, 0x0B,
    0xC3, 0xFF, 0xCA, 0x08, 0x2A, 0x4A, 0x7D, 0xBC, 0x79, 0xA8, 0x2F, 0xE3, 0xA8, 0x4C, 0x43, 0x7B,
    0x49, 0x68, 0x3F, 0xC2, 0x2A, 0x05, 0x3C, 0x5D, 0xA2, 0xA3, 0xA1, 0x55, 0xE6, 0x74, 0xCA, 0x8C,
    0x5E, 0x99, 0x32, 0x2A, 0x13, 0xAC, 0x32, 0x62, 0x56, 0x0A, 0x94, 0x07, 0x8D, 0x47, 0x68, 0x8C,
    0x77, 0xE1, 0x70, 0x68, 0x78, 0xE2, 0x96, 0x49, 0xED, 0x9F, 0xE2, 0xDB, 0x8A, 0x0F, 0x07, 0xC5,
    0xCF, 0xAC, 0x82, 0xC9, 0xA3, 0xF7, 0xA8, 0x15, 0x56, 0x14, 0xC7, 0x6B, 0x67, 0xEC, 0x46, 0xD3,
    0x53, 0x34, 0xBD, 0xC0, 0xA5, 0x47, 0x00, 0xD3, 0x82, 0x2B, 0x5C, 0xD1, 0x1F, 0xE7, 0x3A, 0x86,
    0xBF, 0xA7, 0xE9, 0x37, 0x8F, 0xE8, 0x28, 0x52, 0x0F, 0xA3, 0x88, 0x08, 0xB8, 0x72, 0x70, 0xE9,
    0x0E, 0xDF, 0xF3, 0x90, 0xB3, 0xD8, 0x22, 0x7A, 0x08, 0x97, 0xC1, 0x0B, 0x80, 0xD2, 0x3B, 0x3C,
    0xBF, 0x09, 0x62, 0xF6, 0x6E, 0x9C, 0x53, 0x6F, 0xE5, 0x39, 0xAA, 0x67, 0xFF, 0x2A, 0xF1, 0x29,
    0xE1, 0x5B, 0x7A, 0xCF, 0xAA, 0xCB, 0x4B, 0xFB, 0x32, 0x65, 0xF2, 0x9E, 0xD1, 0x46, 0xA1, 0x22,
    0xED, 0x09, 0x9C, 0x1A, 0xAE, 0x4F, 0x73, 0x4E, 0xCC, 0x42, 0xB3, 0x7A, 0x98, 0x0D, 0xC1, 0x8B,
    0xE0, 0xD5, 0x35, 0x6F, 0xE6, 0xCD, 0x99, 0xB6, 0xF2, 0x58, 0x39, 0xD5, 0x13, 0x05, 0x8F, 0x79,
    0xEA, 0x8F, 0x9E, 0xE1, 0xD8, 0x13, 0x33, 0xE8, 0xA4, 0x03, 0xFA, 0xC4, 0x39, 0x73, 0x02, 0x7E,
    0xA0, 0x47, 0x4C, 0x29, 0xCF, 0xDC, 0xC5, 0x4D, 0x3A, 0x9B, 0x51, 0x17, 0xF3, 0x8E, 0xA3, 0x5B,
    0xA1, 0x72, 0x24, 0xC3, 0xCD, 0x99, 0x82, 0xDE, 0x4C, 0xB2, 0x23, 0xF3, 0xFB, 0x7A, 0x63, 0xBD,
    0xA7, 0x50, 0x57, 0x56, 0x32, 0x72, 0x3E, 0xAC, 0x40, 0x9A, 0x51, 0xF2, 0xB9, 0x00, 0xB0, 0x82,
    0x15, 0x33, 0x85, 0x5D, 0x3B, 0xB3, 0x4E, 0x9E, 0xF5, 0xB4, 0x3C, 0x54, 0x61, 0x18, 0x00, 0x47,
    0xE7, 0x97, 0x12, 0xEB, 0xDD, 0x06, 0x1E, 0x89, 0x24, 0xFC, 0x3C, 0x3C, 0x47, 0xE7, 0xED, 0xBA,
    0x42, 0xEA, 0x0B, 0xEA, 0x8C, 0xEF, 0xA8, 0x57, 0xCF, 0x28, 0xAF, 0xF9, 0xAA, 0x92, 0x5F, 0xF3,
    0xE2, 0xBA, 0xCF, 0x9B, 0x9B, 0xE9, 0x9A, 0xDB, 0xCD, 0xAB, 0xE0, 0x21, 0x74, 0xB6, 0xAD, 0x6B,
    0x50, 0xE4, 0x07, 0x46, 0x02, 0x7E, 0x59, 0xC7, 0xDD, 0xCC, 0x78, 0x86, 0x15, 0xDD, 0x22, 0x4E,
    0xFA, 0x47, 0x33, 0xB7, 0xA3, 0x75, 0x70, 0x25, 0xAD, 0xCB, 0xEB, 0x1A, 0x45, 0xCF, 0xE8, 0x2A,
    0xFB, 0xCA, 0xBF, 0x11, 0x9F, 0x39, 0xC4, 0xA0, 0xF3, 0x23, 0x9C, 0x88, 0x1A, 0xD0, 0x7E, 0x32,
    0xCB, 0x69, 0x10, 0xC6, 0x92, 0x31, 0x88, 0x24, 0xED, 0x4E, 0xFB, 0xD0, 0xA5, 0xDA, 0x87, 0x3E,
    0x73, 0x45, 0xCC, 0x50, 0x80, 0xFB, 0x28, 0xDA, 0x6B, 0x66, 0xD0, 0x23, 0x1B, 0x9F, 0x70, 0x4C,
    0x80, 0x8C, 0x7E, 0x37, 0x33, 0xA7, 0x0C, 0x99, 0x35, 0x6E, 0x1D, 0x2A, 0x86, 0x62, 0x88, 0xB1,
    0xA6, 0xCF, 0x8E, 0x11, 0xB6, 0xE9, 0xD2, 0x56, 0xC7, 0x5C, 0x5C, 0xAE, 0x4B, 0xF8, 0x39, 0xA0,
    0x88, 0x14, 0xC9, 0xE7, 0x4C, 0x0E, 0x60, 0x3D, 0x06, 0x8F, 0xA3, 0x47, 0xB9, 0x20, 0xE6, 0x53,
    0x89, 0xF4, 0x5F, 0xAD, 0x9C, 0x03, 0x65, 0x60, 0x1F, 0x68, 0x03, 0x39, 0xB1, 0xD4, 0x61, 0xDD,
    0xD0, 0x2A, 0x8B, 0xED, 0x28, 0x5B, 0xDE, 0xE4, 0xDB, 0xCC, 0x87, 0x2B, 0x9E, 0x69, 0xB9, 0x94,
    0xFE, 0x26, 0x6F, 0xCD, 0x7B, 0x83, 0x69, 0xFF, 0x90, 0x8F, 0xB5, 0x9C, 0xF1, 0xED, 0xC4, 0xBE,
    0x5D, 0x60, 0xBE, 0xD1, 0xAF, 0x3E, 0xB0, 0xF6, 0x1C, 0xC5, 0x71, 0xDA, 0x8B, 0x72, 0x94, 0xDF,
    0x04, 0x55, 0x9F, 0xE7, 0x1F, 0xEA, 0x2C, 0x91, 0xD3, 0x9E, 0xAB, 0xDA, 0xB6, 0x18, 0xFA, 0x9E,
    0x57, 0xB6, 0xEB, 0xFA, 0xD5, 0x00, 0x17, 0x94, 0x11, 0x7C, 0x81, 0xEC, 0x24, 0x81, 0xBF, 0x40,
    0xB3, 0x67, 0xAD, 0x2F, 0xC3, 0x06, 0xF6, 0xCA, 0x9C, 0xA3, 0xB2, 0xA0, 0x53, 0x1A, 0xDA, 0x5F,
    0x27, 0xF4, 0x86, 0xFA, 0x16, 0xB6, 0xBF, 0xCE, 0x37, 0xE8, 0xB5, 0xBE, 0x84, 0xDE, 0xD5, 0xEF,
    0xA8, 0xED, 0x29, 0x47, 0x65, 0xCA, 0xA4, 0x4C, 0xE0, 0x15, 0xC7, 0x08, 0xFE, 0x5B, 0x8F, 0x6D,
    0x68, 0xF4, 0x62, 0x02, 0xB3, 0xC0, 0x24, 0x50, 0xAA, 0xB0, 0x36, 0x5F, 0x00, 0xBF, 0x14, 0x71,
    0xF2, 0xDA, 0xB9, 0xE7, 0xB6, 0xF2, 0x70, 0x28, 0x95, 0x11, 0xB4, 0xE1, 0x46, 0x90, 0x04, 0x3A,
    0x95, 0x94, 0x75, 0xD3, 0x19, 0x24, 0x83, 0x41, 0x25, 0xA7, 0xB1, 0x2A, 0x05, 0x95, 0x17, 0x33,
    0x87, 0x95, 0xA3, 0x9A, 0x0C, 0x2A, 0x8D, 0x2D, 0xBC, 0x60, 0x73, 0x6A, 0x91, 0x7B, 0xAF, 0x33,
    0xBD, 0xC5, 0xC7, 0x7B, 0x69, 0xF0, 0x71, 0x46, 0xEE, 0xBD, 0xC5, 0x67, 0x6F, 0xF0, 0x74, 0x1F,
    0x5E, 0x1E, 0xE3, 0xE9, 0xCD, 0x61, 0xFD, 0xAB, 0x42, 0xE5, 0x8E, 0xF4, 0x07, 0xCC, 0xFA, 0xFE,
    0xD6, 0x77, 0x80, 0x66, 0x26, 0xBA, 0x0A, 0xA8, 0xE8, 0x89, 0xF7, 0xA8, 0xE3, 0x5E, 0x2F, 0x99,
    0x5F, 0xB2, 0x86, 0x45, 0x3A, 0x27, 0xA3, 0x26, 0xAC, 0x5B, 0x23, 0x11, 0xA6, 0xF0, 0x4A, 0xF1,
    0x87, 0x79, 0x5D, 0x6F, 0x9C, 0x87, 0xBE, 0xAC, 0xF1, 0x90, 0xC9, 0x03, 0x8E, 0xDB, 0xDC, 0x88,
    0x1C, 0x5D, 0x96, 0xB2, 0x0E, 0xFD, 0x6E, 0x45, 0xCC, 0xD3, 0x45, 0x3B, 0x91, 0x3F, 0x12, 0xED,
    0xC2, 0x5D, 0xA7, 0x85, 0x6C, 0xE1, 0xBD, 0xFD, 0x7E, 0xFF, 0xF0, 0xF6, 0x7F, 0xE6, 0x5A, 0xEE,
    0x57, 0xE8, 0x74, 0x8B, 0x40, 0xD3, 0x76, 0xBE, 0x39, 0x29, 0x74, 0x2E, 0xDE, 0x9A, 0xE7, 0xD6,
    0x86, 0x25, 0xFC, 0x83, 0x11, 0x7D, 0x24, 0x67, 0x99, 0x68, 0x2D, 0xEF, 0x2D, 0x9C, 0x45, 0x1E,
    0x1E, 0xD7, 0x29, 0x26, 0x27, 0x36, 0x81, 0x45, 0x60, 0x4A, 0x58, 0xA4, 0x2B, 0xF8, 0x54, 0x87,
    0xD8, 0xFE, 0x87, 0x67, 0xC7, 0x60, 0xF8, 0x62, 0x43, 0xF2, 0xED, 0xDB, 0x23, 0x08, 0xF9, 0xB3,
    0xFF, 0xB5, 0xBE, 0xCA, 0x03, 0xE1, 0x19, 0xD5, 0xE0, 0xDA, 0xFF, 0x47, 0xE2, 0x5E, 0x12, 0x9D,
    0xBB, 0xDF, 0x96, 0xDD, 0x3A, 0x77, 0x87, 0x17, 0x9F, 0xC3, 0x2F, 0x4E, 0xAD, 0x2F, 0xD4, 0xBF,
    0xB5, 0xA7, 0x1C, 0x95, 0xA7, 0xFE, 0xE8, 0x1C, 0x96, 0xDF, 0x97, 0x18, 0xFE, 0x93, 0x0B, 0x2B,
    0xC2, 0x8D, 0xCF, 0x93, 0x07, 0x26, 0x81, 0xD2, 0x84, 0xD5, 0x33, 0x85, 0x39, 0x9C, 0x6A, 0xCA,
    0x3B, 0xE7, 0x70, 0x88, 0xCC, 0x4A, 0x4C, 0xE9, 0x25, 0x51, 0x29, 0xAC, 0xA4, 0x2A, 0xC6, 0x4A,
    0xA6, 0x52, 0x9D, 0xA4, 0x71, 0x2B, 0xFB, 0x7E, 0x2F, 0x29, 0x3E, 0xA4, 0x38, 0x09, 0xB7, 0xCB,
    0xEB, 0x4C, 0xFB, 0xCA, 0x65, 0xF9, 0xC9, 0x51, 0xCA, 0x6F, 0x53, 0xDA, 0x93, 0x3C, 0xBD, 0x52,
    0x29, 0x00, 0x95, 0xFC, 0x24, 0xBB, 0x93, 0x24, 0x27, 0x91, 0x8A, 0x59, 0x34, 0xA2, 0x9B, 0x67,
    0xCD, 0x97, 0xC3, 0xC3, 0x8E, 0x81, 0x29, 0x2C, 0x72, 0xEB, 0x7E, 0xDB, 0x8B, 0xA3, 0xB6, 0xAF,
    0x12, 0x5E, 0xDD, 0x2F, 0xCF, 0x2A, 0x56, 0xE4, 0x4F, 0x54, 0x06, 0xD9, 0xA6, 0xCD, 0x26, 0x61,
    0x02, 0x05, 0x99, 0xBD, 0xC4, 0xD0, 0xA9, 0x44, 0x30, 0xA9, 0x48, 0x73, 0xFA, 0x95, 0x01, 0xAB,
    0x92, 0x01, 0x75, 0x28, 0x4D, 0xFF, 0xFC, 0xBD, 0x0B, 0xB6, 0xBD, 0x34, 0x75, 0xA8, 0x9C, 0x56,
    0x45, 0x2A, 0xBA, 0x97, 0xCA, 0x8B, 0xCB, 0x8B, 0x47, 0x19, 0x9D, 0xB1, 0xCD, 0x5C, 0xCC, 0x29,
    0xC7, 0x06, 0x17, 0xAF, 0x72, 0x9C, 0xF8, 0x8A, 0xAF, 0x9A, 0x8F, 0xE8, 0xC6, 0xAA, 0x35, 0x9D,
    0x59, 0x64, 0xAA, 0x6A, 0xD3, 0x16, 0x3F, 0xA5, 0xAD, 0xA8, 0x4D, 0x5D, 0xFC, 0x13, 0x75, 0xC1,
    0xE5, 0x22, 0x20, 0x29, 0x34, 0x1F, 0x57, 0x4C, 0xDB, 0x01, 0x6F, 0x3B, 0x11, 0x98, 0xBF, 0x0B,
    0xC3, 0xD5, 0x94, 0xE6, 0xE3, 0xAA, 0xF5, 0x52, 0x17, 0x67, 0xE5, 0x45, 0x8E, 0x5F, 0x5A, 0x52,
    0xCE, 0xC5, 0x0B, 0x1F, 0xE2, 0xC2, 0x31, 0xEA, 0xB7, 0x0B, 0xED, 0xF4, 0x63, 0x5C, 0xD8, 0xEB,
    0x57, 0x49, 0x99, 0xAE, 0x7F, 0x69, 0x58, 0x87, 0x77, 0xDD, 0x83, 0xC3, 0x15, 0x4F, 0x1E, 0x9D,
    0x29, 0x2F, 0x39, 0xDD, 0x5A, 0x77, 0x15, 0xB6, 0xDD, 0x22, 0xFB, 0x87, 0xCC, 0x22, 0xBE, 0xC4,
    0xBA, 0x30, 0x97, 0xE2, 0xDF, 0x31, 0x3A, 0x5D, 0x42, 0x66, 0xF8, 0x12, 0x38, 0x0D, 0x5B, 0x51,
    0x6D, 0x1C, 0xB4, 0x0B, 0xDA, 0xB8, 0xD1, 0x42, 0xB9, 0x16, 0xCA, 0xC2, 0x42, 0x14, 0x36, 0xAF,
    0x5A, 0x54, 0x0B, 0x35, 0x61, 0x66, 0xF4, 0x22, 0xF7, 0x0F, 0xA5, 0xA8, 0x9F, 0xC7, 0xCB, 0x8A,
    0x1F, 0xA0, 0xE0, 0x79, 0x3C, 0x15, 0x89, 0xFD, 0x22, 0x57, 0xAD, 0xFB, 0xF9, 0xF2, 0xC2, 0xA3,
    0x59, 0x50, 0x71, 0x85, 0xC8, 0xE5, 0x96, 0x30, 0x8B, 0x16, 0xBD, 0xD4, 0x55, 0x73, 0x08, 0x09,
    0x72, 0xFF, 0xB1, 0xA2, 0x9A, 0x14, 0xCD, 0x34, 0x1A, 0x07, 0x2B, 0x0E, 0x5C, 0x47, 0xC4, 0xE8,
    0x10, 0x33, 0x38, 0x24, 0xF4, 0x0E, 0x19, 0x47, 0x07, 0x43, 0xBB, 0xE0, 0x15, 0xA8, 0x17, 0x00,
    0xA2, 0xB0, 0x1E, 0xBD, 0x47, 0xAD, 0x98, 0x44, 0x51, 0xFB, 0x63, 0xAE, 0x3C, 0x17, 0xCD, 0x14,
    0x24, 0x85, 0xDA, 0x5B, 0xF6, 0x55, 0x73, 0xF4, 0x66, 0xEA, 0xA2, 0x0F, 0x26, 0xD9, 0xE8, 0xAD,
    0x92, 0xCC, 0x06, 0x2B, 0x77, 0x27, 0x6B, 0x4F, 0x66, 0xD0, 0x78, 0x56, 0x9E, 0x4C, 0x37, 0xFA,
    0x21, 0xCA, 0xEC, 0x64, 0xC7, 0xE4, 0x64, 0x83, 0x34, 0xC1, 0xAC, 0x5C, 0x5C, 0xB9, 0x37, 0xFB,
    0x07, 0x8B, 0x89, 0xAF, 0x2F, 0x9F, 0x4E, 0x16, 0xCF, 0x6A, 0x7F, 0xB6, 0xA8, 0x5A, 0x6C, 0xD3,
    0xD6, 0x5B, 0x46, 0xDE, 0x8B, 0x96, 0xAB, 0xC0, 0x46, 0xCE, 0x70, 0xF1, 0xAE, 0xD5, 0x21, 0x63,
    0x80, 0xD1, 0x59, 0x9F, 0xD9, 0xC2, 0x6F, 0x9C, 0xEA, 0xE4, 0xA8, 0x2F, 0x99, 0x9C, 0x52, 0x6A,
    0x91, 0x75, 0x70, 0x84, 0x13, 0x8E, 0xB7, 0x74, 0xC2, 0x7A, 0x8B, 0xFB, 0x8A, 0x4F, 0xE5, 0xCD,
    0x72, 0xD1, 0x7A, 0xFB, 0x72, 0x2B, 0x5B, 0x2D, 0x59, 0x4D, 0x36, 0x2B, 0x56, 0x8B, 0x1A, 0x90,
    0x1B, 0x4B, 0xF8, 0x83, 0xC7, 0xDB, 0xE3, 0xFF, 0xFF, 0xB1, 0xE8, 0x4A, 0xFF, 0x08, 0xA1, 0x27,
    0xBA, 0x5D, 0x89, 0xD1, 0x68, 0x43, 0xDF, 0x75, 0x38, 0x56, 0xDE, 0x26, 0x11, 0x42, 0x94, 0x09,
    0x7C, 0xDA, 0x4C, 0x2F, 0x43, 0x9B, 0x32, 0xB9, 0xFA, 0x2A, 0xBA, 0x8C, 0xDE, 0xD9, 0x82, 0x8C,
    0xCE, 0x59, 0x4A, 0x5F, 0x50, 0x3B, 0x4B, 0x18, 0x0C, 0xA5, 0xB3, 0x98, 0xD1, 0x20, 0xCE, 0x22,
    0x6C, 0x30, 0xC1, 0x56, 0x9B, 0xCD, 0x67, 0x4D, 0x9F, 0x86, 0x9A, 0xC6, 0x6F, 0xCA, 0xDC, 0x7F,
    0xBE, 0x78, 0xBF, 0x0C, 0xBB, 0x93, 0x29, 0x90, 0x2E, 0x70, 0x08, 0x9C, 0x02, 0x71, 0x3C, 0x5C,
    0xE9, 0x74, 0x44, 0x22, 0xA8, 0x1D, 0xC5, 0xD0, 0x2A, 0x8B, 0xBB, 0xA9, 0xE5, 0x42, 0xDE, 0xBD,
    0x86, 0xFD, 0x43, 0x08, 0xD5, 0xCE, 0x81, 0x36, 0xB0, 0x0F, 0x6C, 0xD7, 0xE6, 0x2B, 0x3F, 0x5D,
    0xC2, 0x7A, 0x7A, 0x96, 0xA5, 0x07, 0x70, 0x07, 0x1F, 0xC0, 0xE1, 0xFD, 0x35, 0xEF, 0x6E, 0x86,
    0xB8, 0xFF, 0xFD, 0xC7, 0x5E, 0xAA, 0x77, 0xEC, 0x4D, 0xF9, 0x5B, 0x2F, 0x61, 0xB5, 0x13, 0x09,
    0xF3, 0x68, 0x3D, 0xC9, 0x4B, 0xA6, 0x72, 0xD4, 0x3B, 0xFE, 0x1E, 0xF0, 0x0E, 0x4C, 0xAE, 0x48,
    0xF3, 0xCE, 0x0C, 0x92, 0x30, 0x2D, 0x15, 0x36, 0xD4, 0x3B, 0x86, 0x45, 0x0C, 0x6D, 0x46, 0xBF,
    0x48, 0xC6, 0x31, 0xA7, 0x53, 0xE9, 0x0B, 0xDA, 0x45, 0x76, 0xF4, 0x46, 0x25, 0x65, 0xF0, 0x92,
    0x30, 0x1A, 0xEA, 0xE7, 0xC5, 0x5E, 0x97, 0xA5, 0xF3, 0xD1, 0xE1, 0xD1, 0x22, 0xA2, 0x61, 0x68,
    0xBD, 0x14, 0x27, 0xC9, 0xE9, 0xBC, 0x64, 0x1C, 0x6F, 0xDB, 0xD9, 0x44, 0xCC, 0x4A, 0x7D, 0x2F,
    0x85, 0xB4, 0x6D, 0x1F, 0xC4, 0xA5, 0x96, 0x79, 0x1B, 0x8D, 0x36, 0xE5, 0x05, 0x44, 0xF2, 0xF6,
    0xC7, 0x22, 0xCB, 0xF5, 0x27, 0xE7, 0xAE, 0x0F, 0x9A, 0x27, 0x6E, 0x0A, 0x80, 0x9B, 0x4E, 0xDB,
    0xF0, 0xF0, 0xD7, 0x56, 0xAF, 0x5D, 0xC3, 0x01, 0xFA, 0x06, 0x29, 0xF4, 0x9A, 0xE9, 0x75, 0x77,
    0xED, 0x9A, 0x85, 0xEB, 0x51, 0xCB, 0x68, 0xF9, 0x90, 0x5B, 0xFA, 0x31, 0xDF, 0x6C, 0xEB, 0x6B,
    0x79, 0xAA, 0xF3, 0x75, 0x42, 0xD6, 0xD0, 0x20, 0x29, 0x63, 0x83, 0x24, 0xD8, 0xB3, 0xD7, 0x54,
    0xAF, 0x99, 0x2B, 0xB3, 0x6F, 0x5C, 0x79, 0x34, 0xD7, 0xD7, 0x03, 0xD4, 0xEE, 0x3A, 0x5F, 0x6B,
    0x25, 0x7C, 0xBA, 0xDB, 0xAF, 0xF2, 0x9D, 0x9F, 0xFC, 0xC8, 0x0F, 0xA1, 0x4B, 0x29, 0x74, 0x36,
    0x6C, 0x2F, 0x83, 0x76, 0xA7, 0xD7, 0x8C, 0x79, 0xDF, 0x94, 0x05, 0xBD, 0xC4, 0x62, 0xB6, 0x1D,
    0x83, 0x34, 0x6C, 0x73, 0x84, 0x3B, 0xAF, 0x5A, 0x26, 0x94, 0xAF, 0x68, 0xD7, 0x0D, 0x42, 0xC1,
    0x28, 0x69, 0x97, 0xC1, 0x81, 0x4E, 0xDB, 0xEA, 0x12, 0xBD, 0x8A, 0xBF, 0x16, 0xE1, 0xBB, 0x11,
    0xA6, 0x73, 0xAF, 0x49, 0x8D, 0xF0, 0x04, 0x6E, 0xB9, 0xFE, 0x0F, 0x13, 0x0D, 0x05, 0x01, 0x86,
    0xFD, 0xFF, 0x41, 0xA0, 0x01, 0x1F, 0xC5, 0x00, 0x01, 0x00, 0xED, 0x94, 0x21, 0x6C, 0xDB, 0x40,
    0x18, 0x85, 0x9F, 0x53, 0x75, 0x01, 0x01, 0x19, 0x58, 0xD1, 0x80, 0x39, 0x32, 0x47, 0x36, 0x27,
    0x0B, 0xA8, 0x3B, 0xCE, 0xC1, 0x38, 0x4A, 0x38, 0x1A, 0x1A, 0x07, 0xE3, 0xE3, 0xD2, 0xA4, 0x0B,
    0x47, 0x01, 0xE3, 0x0A, 0x98, 0x46, 0x4A, 0xB2, 0x2A, 0x20, 0xAD, 0x1C, 0x7F, 0xDB, 0xD3, 0x9D,
    0x6D, 0x2B, 0x5D, 0xB4, 0xA1, 0x4D, 0xAB, 0x6A, 0x90, 0xFF, 0x7B, 0xBA, 0xBB, 0xDF, 0xD6, 0x7B,
    0xB9, 0x5F, 0xA3, 0xE7, 0x1D, 0xF7, 0xCA, 0x02, 0x07, 0x5D, 0x00, 0xD5, 0x0C, 0x5A, 0xCD, 0x01,
    0x95, 0x70, 0x54, 0x69, 0x19, 0xA0, 0xD1, 0xD2, 0x12, 0x38, 0x28, 0xF0, 0xD0, 0x64, 0x70, 0xBB,
    0x17, 0x54, 0xCA, 0x68, 0x25, 0x81, 0x34, 0xA1, 0x31, 0xB5, 0xBF, 0xA2, 0x7A, 0x31, 0xE1, 0x58,
    0xBB, 0x3B, 0xBB, 0x1C, 0xD8, 0x04, 0xE0, 0x3B, 0x26, 0x80, 0xBB, 0xB3, 0x54, 0xFB, 0xEC, 0x8D,
    0xCF, 0x0E, 0xFD, 0x9E, 0x0C, 0x8D, 0x33, 0x98, 0x50, 0x39, 0x01, 0xDE, 0xB0, 0xB1, 0xFF, 0xCC,
    0xD9, 0xC9, 0xEE, 0xE7, 0xEC, 0x64, 0xEF, 0xAD, 0xED, 0xFC, 0x9C, 0xAD, 0xF0, 0x5E, 0x56, 0x02,
    0x49, 0x2F, 0x63, 0x47, 0x69, 0xA8, 0xF6, 0xEC, 0x32, 0xB9, 0x3D, 0x67, 0x1B, 0x52, 0xE5, 0x4C,
    0xAD, 0xBD, 0xDF, 0x7D, 0x7D, 0xFE, 0x7F, 0xA8, 0x63, 0xDF, 0xAC, 0xA3, 0x6F, 0x5B, 0xFB, 0x86,
    0xB5, 0x7D, 0x73, 0xB5, 0x6F, 0xAE, 0x63, 0xDF, 0x62, 0x3D, 0xD3, 0x3F, 0xFA, 0xF0, 0xC4, 0x7D,
    0x3B, 0xBD, 0xF8, 0xD3, 0x56, 0xC3, 0xDD, 0xCF, 0x59, 0x0D, 0xD7, 0xBF, 0x64, 0x3D, 0x4C, 0x00,
    0x8B, 0x7E, 0x08, 0x58, 0xF4, 0x73, 0xA0, 0x60, 0x3D, 0x8C, 0x82, 0x59, 0x3B, 0x9E, 0x06, 0x8B,
    0x93, 0xBF, 0xFB, 0x20, 0xC6, 0x63, 0xE1, 0x72, 0x3C, 0x19, 0x0A, 0xD6, 0xFD, 0x70, 0xB0, 0x00,
    0xB8, 0xFB, 0xBD, 0x18, 0x06, 0xC5, 0x4F, 0x31, 0xBC, 0xC7, 0x82, 0x67, 0x71, 0x26, 0x7A, 0xAF,
    0xF4, 0xD1, 0x5B, 0xF4, 0xD1, 0x17, 0xE3, 0xE8, 0x8B, 0x71, 0xF4, 0x45, 0x8A, 0x5E, 0x8F, 0xA2,
    0x8F, 0xE2, 0xCF, 0xBE, 0x2D, 0x45, 0xEF, 0xB0, 0x9E, 0xA3, 0xFF, 0x5B, 0xD1, 0x07, 0xDA, 0xCA,
    0x35, 0x07, 0x0E, 0x86, 0x00, 0xB0, 0xF2, 0x5E, 0x80, 0xBD, 0x34, 0x85, 0xB8, 0x36, 0x87, 0x5B,
    0x0C, 0x39, 0x7B, 0xCD, 0x0C, 0x05, 0x1B, 0x5D, 0x18, 0x4A, 0xD6, 0x1D, 0x54, 0x63, 0xB8, 0xAF,
    0x17, 0x86, 0x19, 0xB0, 0x33, 0x2C, 0x13, 0x64, 0x24, 0x98, 0x3C, 0x02, 0xBD, 0xF5, 0xA9, 0xA1,
    0xCF, 0xBF, 0x83, 0x26, 0xC2, 0x04, 0x3E, 0x1C, 0x0C, 0x19, 0x60, 0x90, 0x7A, 0x58, 0x76, 0x50,
    0x74, 0x30, 0xA5, 0x1B, 0xAA, 0x57, 0xD7, 0x3A, 0x79, 0x72, 0x78, 0x1F, 0x69, 0x02, 0xB4, 0x11,
    0xE7, 0x00, 0x1B, 0x93, 0xCA, 0x64, 0x74, 0x97, 0x42, 0x63, 0x12, 0x3C, 0x84, 0x88, 0x19, 0x47,
    0x4D, 0x3B, 0xDC, 0x2B, 0xEB, 0x70, 0xD7, 0xA1, 0x7A, 0xBC, 0xFC, 0xC4, 0xDE, 0xFB, 0xEB, 0x85,
    0x02, 0x3E, 0xE6, 0xCE, 0xFE, 0xA1, 0x2A, 0x8D, 0xB9, 0x51, 0x18, 0xCB, 0x01, 0x97, 0x3C, 0x70,
    0x8C, 0x18, 0xD0, 0x8B, 0x46, 0x37, 0xEE, 0x10, 0x5A, 0xE9, 0x55, 0xEC, 0x1B, 0x90, 0xD4, 0xE1,
    0xA6, 0xC3, 0x25, 0xC7, 0x0E, 0x4B, 0xD8, 0x26, 0xCC, 0xA1, 0x4D, 0x38, 0x05, 0xB6, 0x11, 0x05,
    0x34, 0x09, 0xBD, 0x23, 0x61, 0x06, 0x54, 0x11, 0x35, 0x83, 0x55, 0x42, 0xC1, 0xBA, 0xC3, 0x72,
    0xC0, 0x3C, 0xE1, 0x47, 0xA9, 0x30, 0xB6, 0x52, 0xF8, 0xA2, 0xC0, 0x4A, 0xF0, 0xED, 0x73, 0x00,
    0x88, 0x2F, 0x32, 0x7A, 0x31, 0xA1, 0x3F, 0x30, 0xE1, 0xD6, 0xCE, 0xD3, 0xBC, 0x86, 0x36, 0xE6,
    0xF1, 0x55, 0x57, 0x75, 0x25, 0x5B, 0x77, 0xAD, 0x1F, 0x45, 0xCF, 0x01, 0x66, 0xC4, 0x40, 0x1C,
    0x46, 0xF1, 0xFF, 0x6E, 0xD4, 0xAA, 0x62, 0x8F, 0x90, 0x23, 0xE4, 0x08, 0x3B, 0x00, 0xF4, 0x06,
    0xBD, 0x4C, 0x7A, 0xB3, 0xF4, 0x08, 0x03, 0x0A, 0xA0, 0x28, 0x28, 0x28, 0x82, 0x22, 0xBB, 0xAF,
    0x9E, 0x8F, 0x24, 0xD8, 0x7C, 0xEC, 0xEF, 0xC5, 0x4C, 0xF9, 0x3C, 0xD7, 0xF1, 0x4C, 0xED, 0xD8,
    0x4B, 0xDF, 0xE7, 0x99, 0x75, 0xDF, 0x2F, 0xDC, 0x0F, 0x0E, 0x6D, 0xE7, 0xD0, 0x77, 0x0E, 0x09,
    0xE4, 0x90, 0x40, 0xFE, 0xB3, 0x60, 0x20, 0xFF, 0xAE, 0x13, 0x3D, 0xFC, 0xE1, 0x7F, 0x6B, 0xF8,
    0x56, 0x55, 0xD7, 0x7B, 0xB8, 0xAF, 0x21, 0xC1, 0x42, 0xBD, 0xB5, 0x81, 0x2E, 0x87, 0x57, 0x7A,
    0x8E, 0xE4, 0xD7, 0xF9, 0x3D, 0xA3, 0x9C, 0xB2, 0xA1, 0xC9, 0x81, 0xAF, 0x33, 0x74, 0x39, 0xF0,
    0x31, 0xC0, 0x1A, 0x4E, 0x5D, 0xE0, 0x11, 0xFE, 0x57, 0x57, 0xE0, 0x7D, 0x46, 0x5E, 0x37, 0xA0,
    0xCF, 0xC8, 0x4F, 0xB8, 0x47, 0x80, 0x54, 0xED, 0x42, 0x2A, 0xAF, 0x73, 0xF2, 0x57, 0xEE, 0x21,
    0x66, 0xB7, 0x55, 0xAF, 0x1A, 0xC9, 0xF6, 0x0C, 0x06, 0x90, 0xDB, 0x1B, 0x10, 0x6E, 0x00, 0xE1,
    0x06, 0x7C, 0x86, 0x1B, 0xF8, 0x4D, 0xB9, 0xC1, 0x56, 0x13, 0x72, 0x83, 0xAD, 0x46, 0xE4, 0x06,
    0x6E, 0xB9, 0xC1, 0x56, 0x37, 0x79, 0x82, 0xB6, 0xC8, 0x13, 0x80, 0x3C, 0x01, 0xC8, 0x13, 0x10,
    0x9E, 0x20, 0x3C, 0x41, 0x78, 0x82, 0x76, 0xEC, 0xA7, 0xBC, 0xFE, 0x01,
};

static const EpdGlyph notosans_24_boldGlyphs[] = {
    { 0, 0, 0, 0, 0, 0, 0 }, // U+0000
    { 0, 0, 208, 0, 0, 0, 0 }, // U+000D
    { 0, 0, 208, 0, 0, 0, 0 }, // U+0020
    { 10, 37, 226, 2, 36, 93, 0 }, // !
    { 18, 14, 383, 3, 36, 63, 93 }, // "
    { 31, 36, 517, 1, 36, 279, 156 }, // #
    { 25, 41, 458, 2, 38, 257, 435 }, // $
    { 43, 38, 722, 1, 37, 409, 692 }, // %
    { 36, 38, 600, 2, 37, 342, 1101 }, // &
    { 8, 14, 213, 3, 36, 28, 1443 }, // '
    { 14, 44, 271, 2, 36, 154, 1471 }, // (
    { 14, 44, 271, 1, 36, 154, 1625 }, // )
    { 25, 24, 434, 1, 38, 150, 1779 }, // *
    { 25, 25, 458, 2, 30, 157, 1929 }, // +
    { 11, 13, 228, 1, 6, 36, 2086 }, // ,
    { 14, 7, 256, 1, 17, 25, 2122 }, // -
    { 10, 9, 225, 2, 8, 23, 2147 }, // .
    { 21, 37, 332, 0, 36, 195, 2170 }, // /
    { 26, 38, 483, 2, 37, 247, 2365 }, // 0
    { 19, 36, 414, 0, 36, 171, 2612 }, // 1
    { 26, 37, 447, 1, 37, 241, 2783 }, // 2
    { 26, 38, 458, 1, 37, 247, 3024 }, // 3
    { 28, 36, 465, 0, 36, 252, 3271 }, // 4
    { 25, 37, 462, 2, 36, 232, 3523 }, // 5
    { 26, 38, 482, 2, 37, 247, 3755 }, // 6
    { 27, 36, 427, 0, 36, 243, 4002 }, // 7
    { 26, 38, 476, 2, 37, 247, 4245 }, // 8
    { 26, 38, 482, 2, 37, 247, 4492 }, // 9
    { 10, 29, 225, 2, 28, 73, 4739 }, // :
    { 11, 35, 228, 1, 28, 97, 4812 }, // ;
    { 25, 28, 458, 2, 32, 175, 4909 }, // <
    { 25, 15, 458, 2, 25, 94, 5084 }, // =
    { 25, 28, 458, 2, 32, 175, 5178 }, // >
    { 23, 38, 382, 0, 37, 219, 5353 }, // ?
    { 41, 40, 718, 2, 36, 410, 5572 }, // @
    { 35, 36, 554, 0, 36, 315, 5982 }, // A
    { 27, 36, 532, 4, 36, 243, 6297 }, // B
    { 29, 38, 514, 2, 37, 276, 6540 }, // C
    { 30, 36, 586, 4, 36, 270, 6816 }, // D
    { 22, 36, 448, 4, 36, 198, 7086 }, // E
    { 21, 36, 439, 4, 36, 189, 7284 }, // F
    { 31, 38, 579, 2, 37, 295, 7473 }, // G
    { 30, 36, 612, 4, 36, 270, 7768 }, // H
    { 17, 36, 311, 1, 36, 153, 8038 }, // I
    { 17, 47, 265, -4, 36, 200, 8191 }, // J
    { 30, 36, 531, 4, 36, 270, 8391 }, // K
    { 23, 36, 447, 4, 36, 207, 8661 }, // L
    { 39, 36, 754, 4, 36, 351, 8868 }, // M
    { 33, 36, 650, 4, 36, 297, 9219 }, // N
    { 35, 38, 633, 2, 37, 333, 9516 }, // O
    { 25, 36, 497, 4, 36, 225, 9849 }, // P
    { 35, 46, 633, 2, 37, 403, 10074 }, // Q
    { 29, 36, 525, 4, 36, 261, 10477 }, // R
    { 24, 38, 441, 2, 37, 228, 10738 }, // S
    { 28, 36, 462, 0, 36, 252, 10966 }, // T
    { 30, 37, 605, 4, 36, 278, 11218 }, // U
    { 33, 36, 520, 0, 36, 297, 11496 }, // V
    { 49, 36, 774, 0, 36, 441, 11793 }, // W
    { 34, 36, 536, 0, 36, 306, 12234 }, // X
    { 32, 36, 501, 0, 36, 288, 12540 }, // Y
    { 27, 36, 463, 1, 36, 243, 12828 }, // Z
    { 13, 44, 265, 3, 36, 143, 13071 }, // [
    { 21, 37, 332, 0, 36, 195, 13214 }, // <backslash>
    { 13, 44, 265, 1, 36, 143, 13409 }, // ]
    { 27, 24, 458, 1, 36, 162, 13552 }, // ^
    { 22, 4, 329, -1, -4, 22, 13714 }, // _
    { 15, 9, 292, 2, 39, 34, 13736 }, // `
    { 25, 29, 479, 2, 28, 182, 13770 }, // a
    { 27, 39, 506, 3, 38, 264, 13952 }, // b
    { 23, 29, 413, 2, 28, 167, 14216 }, // c
    { 26, 39, 506, 2, 38, 254, 14383 }, // d
    { 26, 29, 478, 2, 28, 189, 14637 }, // e
    { 21, 39, 310, 1, 39, 205, 14826 }, // f
    { 26, 40, 506, 2, 28, 260, 15031 }, // g
    { 26, 38, 520, 3, 38, 247, 15291 }, // h
    { 9, 39, 239, 3, 39, 88, 15538 }, // i
    { 15, 51, 238, -3, 39, 192, 15626 }, // j
    { 28, 38, 496, 3, 38, 266, 15818 }, // k
    { 9, 38, 238, 3, 38, 86, 16084 }, // l
    { 43, 28, 780, 3, 28, 301, 16170 }, // m
    { 26, 28, 520, 3, 28, 182, 16471 }, // n
    { 27, 29, 500, 2, 28, 196, 16653 }, // o
    { 27, 40, 506, 3, 28, 270, 16849 }, // p
    { 26, 40, 506, 2, 28, 260, 17119 }, // q
    { 19, 28, 358, 3, 28, 133, 17379 }, // r
    { 21, 29, 402, 2, 28, 153, 17512 }, // s
    { 20, 35, 347, 1, 34, 175, 17665 }, // t
    { 26, 29, 520, 3, 28, 189, 17840 }, // u
    { 29, 28, 457, 0, 28, 203, 18029 }, // v
    { 43, 28, 685, 0, 28, 301, 18232 }, // w
    { 29, 28, 462, 0, 28, 203, 18533 }, // x
    { 29, 40, 457, 0, 28, 290, 18736 }, // y
    { 23, 28, 394, 1, 28, 161, 19026 }, // z
    { 18, 44, 315, 0, 36, 198, 19187 }, // {
    { 6, 50, 441, 11, 38, 75, 19385 }, // |
    { 17, 44, 315, 2, 36, 187, 19460 }, // }
    { 25, 9, 458, 2, 22, 57, 19647 }, // ~
    { 0, 0, 208, 0, 0, 0, 0 }, // U+00A0
    { 10, 37, 229, 2, 28, 93, 0 }, // U+00A1
    { 23, 38, 458, 3, 37, 219, 93 }, // U+00A2
    { 26, 37, 458, 2, 37, 241, 312 }, // U+00A3
    { 24, 24, 454, 2, 30, 144, 553 }, // U+00A4
    { 29, 36, 458, 0, 36, 261, 697 }, // U+00A5
    { 6, 50, 441, 11, 38, 75, 958 }, // U+00A6
    { 20, 40, 389, 2, 39, 200, 1033 }, // U+00A7
    { 18, 7, 474, 6, 38, 32, 1233 }, // U+00A8
    { 38, 38, 666, 2, 37, 361, 1265 }, // U+00A9
    { 16, 19, 305, 1, 37, 76, 1626 }, // U+00AA
    { 28, 24, 491, 1, 26, 168, 1702 }, // U+00AB
    { 25, 15, 458, 2, 21, 94, 1870 }, // U+00AC
    { 14, 7, 256, 1, 17, 25, 1964 }, // U+00AD
    { 38, 38, 666, 2, 37, 361, 1989 }, // U+00AE
    { 27, 5, 400, -1, 43, 34, 2350 }, // U+00AF
    { 18, 18, 339, 2, 37, 81, 2384 }, // U+00B0
    { 25, 32, 458, 2, 32, 200, 2465 }, // U+00B1
    { 17, 23, 303, 1, 43, 98, 2665 }, // U+00B2
    { 17, 23, 304, 1, 43, 98, 2763 }, // U+00B3
    { 15, 9, 292, 2, 39, 34, 2861 }, // U+00B4
    { 26, 40, 522, 3, 28, 260, 2895 }, // U+00B5
    { 27, 45, 518, 2, 38, 304, 3155 }, // U+00B6
    { 10, 9, 225, 2, 22, 23, 3459 }, // U+00B7
    { 13, 12, 210, 0, 0, 39, 3482 }, // U+00B8
    { 13, 23, 304, 1, 43, 75, 3521 }, // U+00B9
    { 17, 19, 309, 1, 37, 81, 3596 }, // U+00BA
    { 28, 24, 491, 1, 26, 168, 3677 }, // U+00BB
    { 41, 36, 664, 1, 36, 369, 3845 }, // U+00BC
    { 41, 36, 699, 1, 36, 369, 4214 }, // U+00BD
    { 40, 37, 676, 2, 37, 370, 4583 }, // U+00BE
    { 23, 37, 382, 1, 28, 213, 4953 }, // U+00BF
    { 35, 47, 554, 0, 47, 412, 5166 }, // U+00C0
    { 35, 47, 554, 0, 47, 412, 5578 }, // U+00C1
    { 35, 47, 554, 0, 47, 412, 5990 }, // U+00C2
    { 35, 46, 554, 0, 46, 403, 6402 }, // U+00C3
    { 35, 46, 554, 0, 46, 403, 6805 }, // U+00C4
    { 35, 44, 554, 0, 44, 385, 7208 }, // U+00C5
    { 45, 36, 762, 0, 36, 405, 7593 }, // U+00C6
    { 29, 49, 514, 2, 37, 356, 7998 }, // U+00C7
    { 22, 47, 448, 4, 47, 259, 8354 }, // U+00C8
    { 22, 47, 448, 4, 47, 259, 8613 }, // U+00C9
    { 22, 47, 448, 4, 47, 259, 8872 }, // U+00CA
    { 22, 46, 448, 4, 46, 253, 9131 }, // U+00CB
    { 18, 47, 311, 0, 47, 212, 9384 }, // U+00CC
    { 18, 47, 311, 1, 47, 212, 9596 }, // U+00CD
    { 21, 47, 311, -1, 47, 247, 9808 }, // U+00CE
    { 19, 46, 311, 0, 46, 219, 10055 }, // U+00CF
    { 33, 36, 586, 1, 36, 297, 10274 }, // U+00D0
    { 33, 46, 644, 4, 46, 380, 10571 }, // U+00D1
    { 35, 48, 633, 2, 47, 420, 10951 }, // U+00D2
    { 35, 48, 633, 2, 47, 420, 11371 }, // U+00D3
    { 35, 48, 633, 2, 47, 420, 11791 }, // U+00D4
    { 35, 47, 633, 2, 46, 412, 12211 }, // U+00D5
    { 35, 47, 633, 2, 46, 412, 12623 }, // U+00D6
    { 23, 23, 458, 3, 29, 133, 13035 }, // U+00D7
    { 35, 41, 633, 2, 38, 359, 13168 }, // U+00D8
    { 30, 48, 605, 4, 47, 360, 13527 }, // U+00D9
    { 30, 48, 605, 4, 47, 360, 13887 }, // U+00DA
    { 30, 48, 605, 4, 47, 360, 14247 }, // U+00DB
    { 30, 47, 605, 4, 46, 353, 14607 }, // U+00DC
    { 32, 47, 501, 0, 47, 376, 14960 }, // U+00DD
    { 26, 36, 502, 4, 36, 234, 15336 }, // U+00DE
    { 31, 40, 563, 3, 39, 310, 15570 }, // U+00DF
    { 25, 40, 479, 2, 39, 250, 15880 }, // U+00E0
    { 25, 40, 479, 2, 39, 250, 16130 }, // U+00E1
    { 25, 40, 479, 2, 39, 250, 16380 }, // U+00E2
    { 25, 39, 479, 2, 38, 244, 16630 }, // U+00E3
    { 25, 39, 479, 2, 38, 244, 16874 }, // U+00E4
    { 25, 43, 479, 2, 42, 269, 17118 }, // U+00E5
    { 42, 29, 734, 2, 28, 305, 17387 }, // U+00E6
    { 23, 40, 413, 2, 28, 230, 17692 }, // U+00E7
    { 26, 40, 478, 2, 39, 260, 17922 }, // U+00E8
    { 26, 40, 478, 2, 39, 260, 18182 }, // U+00E9
    { 26, 40, 478, 2, 39, 260, 18442 }, // U+00EA
    { 26, 39, 478, 2, 38, 254, 18702 }, // U+00EB
    { 16, 39, 239, -1, 39, 156, 18956 }, // U+00EC
    { 15, 39, 239, 3, 39, 147, 19112 }, // U+00ED
    { 21, 39, 239, -3, 39, 205, 19259 }, // U+00EE
    { 19, 38, 239, -2, 38, 181, 19464 }, // U+00EF
    { 27, 40, 502, 2, 39, 270, 19645 }, // U+00F0
    { 26, 38, 520, 3, 38, 247, 19915 }, // U+00F1
    { 27, 40, 500, 2, 39, 270, 20162 }, // U+00F2
    { 27, 40, 500, 2, 39, 270, 20432 }, // U+00F3
    { 27, 40, 500, 2, 39, 270, 20702 }, // U+00F4
    { 27, 39, 500, 2, 38, 264, 20972 }, // U+00F5
    { 27, 39, 500, 2, 38, 264, 21236 }, // U+00F6
    { 25, 25, 458, 2, 30, 157, 21500 }, // U+00F7
    { 27, 31, 495, 2, 29, 210, 21657 }, // U+00F8
    { 26, 40, 520, 3, 39, 260, 21867 }, // U+00F9
    { 26, 40, 520, 3, 39, 260, 22127 }, // U+00FA
    { 26, 40, 520, 3, 39, 260, 22387 }, // U+00FB
    { 26, 39, 520, 3, 38, 254, 22647 }, // U+00FC
    { 29, 51, 457, 0, 39, 370, 22901 }, // U+00FD
    { 27, 50, 506, 3, 38, 338, 23271 }, // U+00FE
    { 29, 50, 457, 0, 38, 363, 23609 }, // U+00FF
    { 35, 44, 554, 0, 44, 385, 0 }, // U+0100
    { 25, 37, 479, 2, 36, 232, 385 }, // U+0101
    { 35, 47, 554, 0, 47, 412, 617 }, // U+0102
    { 25, 40, 479, 2, 39, 250, 1029 }, // U+0103
    { 35, 48, 554, 0, 36, 420, 1279 }, // U+0104
    { 25, 40, 479, 2, 28, 250, 1699 }, // U+0105
    { 29, 48, 514, 2, 47, 348, 1949 }, // U+0106
    { 23, 40, 413, 2, 39, 230, 2297 }, // U+0107
    { 29, 48, 514, 2, 47, 348, 2527 }, // U+0108
    { 23, 40, 413, 2, 39, 230, 2875 }, // U+0109
    { 29, 48, 514, 2, 47, 348, 3105 }, // U+010A
    { 23, 40, 413, 2, 39, 230, 3453 }, // U+010B
    { 29, 48, 514, 2, 47, 348, 3683 }, // U+010C
    { 24, 40, 413, 2, 39, 240, 4031 }, // U+010D
    { 30, 47, 586, 4, 47, 353, 4271 }, // U+010E
    { 37, 39, 506, 2, 38, 361, 4624 }, // U+010F
    { 33, 36, 586, 1, 36, 297, 4985 }, // U+0110
    { 30, 39, 516, 2, 38, 293, 5282 }, // U+0111
    { 22, 44, 448, 4, 44, 242, 5575 }, // U+0112
    { 26, 37, 478, 2, 36, 241, 5817 }, // U+0113
    { 22, 47, 448, 4, 47, 259, 6058 }, // U+0114
    { 26, 40, 478, 2, 39, 260, 6317 }, // U+0115
    { 22, 47, 448, 4, 47, 259, 6577 }, // U+0116
    { 26, 40, 478, 2, 39, 260, 6836 }, // U+0117
    { 22, 48, 448, 4, 36, 264, 7096 }, // U+0118
    { 26, 40, 473, 2, 28, 260, 7360 }, // U+0119
    { 22, 47, 448, 4, 47, 259, 7620 }, // U+011A
    { 26, 40, 478, 2, 39, 260, 7879 }, // U+011B
    { 31, 48, 579, 2, 47, 372, 8139 }, // U+011C
    { 26, 51, 506, 2, 39, 332, 8511 }, // U+011D
    { 31, 48, 579, 2, 47, 372, 8843 }, // U+011E
    { 26, 51, 506, 2, 39, 332, 9215 }, // U+011F
    { 31, 48, 579, 2, 47, 372, 9547 }, // U+0120
    { 26, 51, 506, 2, 39, 332, 9919 }, // U+0121
    { 31, 49, 579, 2, 37, 380, 10251 }, // U+0122
    { 26, 51, 506, 2, 39, 332, 10631 }, // U+0123
    { 30, 47, 612, 4, 47, 353, 10963 }, // U+0124
    { 32, 50, 520, -3, 50, 400, 11316 }, // U+0125
    { 39, 36, 613, 0, 36, 351, 11716 }, // U+0126
    { 30, 38, 526, 0, 38, 285, 12067 }, // U+0127
    { 21, 46, 311, -2, 46, 242, 12352 }, // U+0128
    { 21, 38, 239, -3, 38, 200, 12594 }, // U+0129
    { 17, 44, 311, 1, 44, 187, 12794 }, // U+012A
    { 17, 36, 239, -1, 36, 153, 12981 }, // U+012B
    { 20, 47, 311, 0, 47, 235, 13134 }, // U+012C
    { 20, 39, 239, -2, 39, 195, 13369 }, // U+012D
    { 17, 48, 311, 1, 36, 204, 13564 }, // U+012E
    { 10, 51, 239, 2, 39, 128, 13768 }, // U+012F
    { 17, 47, 311, 1, 47, 200, 13896 }, // U+0130
    { 9, 28, 239, 3, 28, 63, 14096 }, // U+0131
    { 32, 47, 578, 1, 36, 376, 14159 }, // U+0132
    { 24, 51, 488, 3, 39, 306, 14535 }, // U+0133
    { 23, 58, 265, -4, 47, 334, 14841 }, // U+0134
    { 21, 51, 238, -3, 39, 268, 15175 }, // U+0135
    { 30, 48, 528, 4, 36, 360, 15443 }, // U+0136
    { 28, 50, 496, 3, 38, 350, 15803 }, // U+0137
    { 28, 28, 496, 3, 28, 196, 16153 }, // U+0138
    { 24, 47, 447, 3, 47, 282, 16349 }, // U+0139
    { 15, 50, 238, 3, 50, 188, 16631 }, // U+013A
    { 23, 48, 447, 4, 36, 276, 16819 }, // U+013B
    { 9, 50, 238, 3, 38, 113, 17095 }, // U+013C
    { 24, 36, 447, 4, 36, 216, 17208 }, // U+013D
    { 19, 38, 238, 3, 38, 181, 17424 }, // U+013E
    { 23, 36, 447, 4, 36, 207, 17605 }, // U+013F
    { 18, 38, 295, 3, 38, 171, 17812 }, // U+0140
    { 27, 36, 452, 0, 36, 243, 17983 }, // U+0141
    { 17, 38, 244, -1, 38, 162, 18226 }, // U+0142
    { 33, 47, 644, 4, 47, 388, 18388 }, // U+0143
    { 26, 39, 520, 3, 39, 254, 18776 }, // U+0144
    { 33, 48, 644, 4, 36, 396, 19030 }, // U+0145
    { 26, 40, 520, 3, 28, 260, 19426 }, // U+0146
    { 33, 47, 644, 4, 47, 388, 19686 }, // U+0147
    { 26, 39, 520, 3, 39, 254, 20074 }, // U+0148
    { 37, 36, 620, -1, 36, 333, 20328 }, // U+0149
    { 33, 47, 650, 4, 36, 388, 20661 }, // U+014A
    { 26, 40, 520, 3, 28, 260, 21049 }, // U+014B
    { 35, 45, 633, 2, 44, 394, 21309 }, // U+014C
    { 27, 37, 500, 2, 36, 250, 21703 }, // U+014D
    { 35, 48, 633, 2, 47, 420, 21953 }, // U+014E
    { 27, 40, 500, 2, 39, 270, 22373 }, // U+014F
    { 35, 48, 633, 2, 47, 420, 22643 }, // U+0150
    { 27, 40, 500, 2, 39, 270, 23063 }, // U+0151
    { 44, 38, 778, 2, 37, 418, 23333 }, // U+0152
    { 45, 29, 782, 2, 28, 327, 23751 }, // U+0153
    { 29, 47, 525, 4, 47, 341, 24078 }, // U+0154
    { 20, 39, 358, 3, 39, 195, 24419 }, // U+0155
    { 29, 48, 525, 4, 36, 348, 24614 }, // U+0156
    { 19, 40, 358, 3, 28, 190, 24962 }, // U+0157
    { 29, 47, 525, 4, 47, 341, 25152 }, // U+0158
    { 22, 39, 358, 2, 39, 215, 25493 }, // U+0159
    { 24, 48, 441, 2, 47, 288, 25708 }, // U+015A
    { 21, 40, 402, 2, 39, 210, 25996 }, // U+015B
    { 24, 48, 441, 2, 47, 288, 26206 }, // U+015C
    { 21, 40, 402, 2, 39, 210, 26494 }, // U+015D
    { 24, 49, 441, 2, 37, 294, 26704 }, // U+015E
    { 21, 40, 402, 2, 28, 210, 26998 }, // U+015F
    { 24, 48, 441, 2, 47, 288, 27208 }, // U+0160
    { 22, 40, 402, 2, 39, 220, 27496 }, // U+0161
    { 28, 48, 462, 0, 36, 336, 27716 }, // U+0162
    { 20, 46, 347, 1, 34, 230, 28052 }, // U+0163
    { 28, 47, 462, 0, 47, 329, 28282 }, // U+0164
    { 28, 39, 347, 1, 38, 273, 28611 }, // U+0165
    { 28, 36, 462, 0, 36, 252, 28884 }, // U+0166
    { 20, 35, 347, 1, 34, 175, 29136 }, // U+0167
    { 30, 47, 605, 4, 46, 353, 29311 }, // U+0168
    { 26, 39, 520, 3, 38, 254, 29664 }, // U+0169
    { 30, 45, 605, 4, 44, 338, 29918 }, // U+016A
    { 26, 37, 520, 3, 36, 241, 30256 }, // U+016B
    { 30, 48, 605, 4, 47, 360, 30497 }, // U+016C
    { 26, 40, 520, 3, 39, 260, 30857 }, // U+016D
    { 30, 51, 605, 4, 50, 383, 31117 }, // U+016E
    { 26, 43, 520, 3, 42, 280, 31500 }, // U+016F
    { 30, 48, 605, 4, 47, 360, 31780 }, // U+0170
    { 26, 40, 520, 3, 39, 260, 32140 }, // U+0171
    { 30, 48, 605, 4, 36, 360, 32400 }, // U+0172
    { 26, 40, 520, 3, 28, 260, 32760 }, // U+0173
    { 49, 47, 774, 0, 47, 576, 33020 }, // U+0174
    { 43, 39, 690, 0, 39, 420, 33596 }, // U+0175
    { 32, 47, 501, 0, 47, 376, 34016 }, // U+0176
    { 29, 51, 457, 0, 39, 370, 34392 }, // U+0177
    { 32, 46, 501, 0, 46, 368, 34762 }, // U+0178
    { 27, 47, 463, 1, 47, 318, 35130 }, // U+0179
    { 23, 39, 394, 1, 39, 225, 35448 }, // U+017A
    { 27, 47, 463, 1, 47, 318, 35673 }, // U+017B
    { 23, 39, 394, 1, 39, 225, 35991 }, // U+017C
    { 27, 47, 463, 1, 47, 318, 36216 }, // U+017D
    { 23, 39, 394, 1, 39, 225, 36534 }, // U+017E
    { 18, 39, 306, 3, 39, 176, 36759 }, // U+017F
    { 41, 39, 657, 2, 38, 400, 0 }, // U+01A0
    { 34, 33, 545, 2, 32, 281, 400 }, // U+01A1
    { 41, 39, 708, 4, 38, 400, 681 }, // U+01AF
    { 37, 33, 606, 3, 32, 306, 1081 }, // U+01B0
    { 61, 47, 1047, 4, 47, 717, 1387 }, // U+01C4
    { 57, 39, 980, 4, 39, 556, 2104 }, // U+01C5
    { 54, 40, 900, 2, 39, 540, 2660 }, // U+01C6
    { 37, 47, 717, 4, 36, 435, 3200 }, // U+01C7
    { 36, 51, 696, 4, 39, 459, 3635 }, // U+01C8
    { 24, 51, 488, 3, 39, 306, 4094 }, // U+01C9
    { 49, 47, 915, 4, 36, 576, 4400 }, // U+01CA
    { 49, 51, 894, 4, 39, 625, 4976 }, // U+01CB
    { 42, 51, 770, 3, 39, 536, 5601 }, // U+01CC
    { 35, 47, 554, 0, 47, 412, 6137 }, // U+01CD
    { 25, 40, 479, 2, 39, 250, 6549 }, // U+01CE
    { 22, 47, 311, -1, 47, 259, 6799 }, // U+01CF
    { 22, 39, 239, -3, 39, 215, 7058 }, // U+01D0
    { 35, 48, 633, 2, 47, 420, 7273 }, // U+01D1
    { 27, 40, 500, 2, 39, 270, 7693 }, // U+01D2
    { 30, 48, 605, 4, 47, 360, 7963 }, // U+01D3
    { 26, 40, 520, 3, 39, 260, 8323 }, // U+01D4
    { 30, 53, 605, 4, 52, 398, 8583 }, // U+01D5
    { 26, 44, 520, 3, 43, 286, 8981 }, // U+01D6
    { 30, 54, 605, 4, 53, 405, 9267 }, // U+01D7
    { 26, 46, 520, 3, 45, 299, 9672 }, // U+01D8
    { 30, 54, 605, 4, 53, 405, 9971 }, // U+01D9
    { 26, 46, 520, 3, 45, 299, 10376 }, // U+01DA
    { 30, 54, 605, 4, 53, 405, 10675 }, // U+01DB
    { 26, 46, 520, 3, 45, 299, 11080 }, // U+01DC
    { 26, 29, 478, 2, 28, 189, 11379 }, // U+01DD
    { 35, 52, 554, 0, 52, 455, 11568 }, // U+01DE
    { 25, 44, 479, 2, 43, 275, 12023 }, // U+01DF
    { 35, 52, 554, 0, 52, 455, 12298 }, // U+01E0
    { 25, 44, 479, 2, 43, 275, 12753 }, // U+01E1
    { 45, 44, 762, 0, 44, 495, 13028 }, // U+01E2
    { 42, 37, 734, 2, 36, 389, 13523 }, // U+01E3
    { 34, 38, 579, 2, 37, 323, 13912 }, // U+01E4
    { 29, 40, 509, 2, 28, 290, 14235 }, // U+01E5
    { 31, 48, 579, 2, 47, 372, 14525 }, // U+01E6
    { 26, 51, 506, 2, 39, 332, 14897 }, // U+01E7
    { 30, 47, 528, 4, 47, 353, 15229 }, // U+01E8
    { 34, 50, 496, -3, 50, 425, 15582 }, // U+01E9
    { 35, 49, 633, 2, 37, 429, 16007 }, // U+01EA
    { 27, 40, 500, 2, 28, 270, 16436 }, // U+01EB
    { 35, 56, 633, 2, 44, 490, 16706 }, // U+01EC
    { 27, 48, 500, 2, 36, 324, 17196 }, // U+01ED
    { 27, 48, 473, 1, 47, 324, 17520 }, // U+01EE
    { 27, 51, 465, 1, 39, 345, 17844 }, // U+01EF
    { 22, 51, 238, -3, 39, 281, 18189 }, // U+01F0
    { 61, 36, 1047, 4, 36, 549, 18470 }, // U+01F1
    { 56, 36, 980, 4, 36, 504, 19019 }, // U+01F2
    { 53, 39, 900, 2, 38, 517, 19523 }, // U+01F3
    { 31, 48, 579, 2, 47, 372, 20040 }, // U+01F4
    { 26, 51, 506, 2, 39, 332, 20412 }, // U+01F5
    { 45, 37, 838, 4, 36, 417, 20744 }, // U+01F6
    { 28, 49, 541, 4, 37, 343, 21161 }, // U+01F7
    { 33, 47, 644, 4, 47, 388, 21504 }, // U+01F8
    { 26, 39, 520, 3, 39, 254, 21892 }, // U+01F9
    { 35, 48, 553, 0, 48, 420, 22146 }, // U+01FA
    { 25, 50, 479, 2, 49, 313, 22566 }, // U+01FB
    { 45, 47, 762, 0, 47, 529, 22879 }, // U+01FC
    { 42, 40, 734, 2, 39, 420, 23408 }, // U+01FD
    { 35, 50, 633, 2, 47, 438, 23828 }, // U+01FE
    { 27, 41, 495, 2, 39, 277, 24266 }, // U+01FF
    { 35, 47, 554, 0, 47, 412, 24543 }, // U+0200
    { 26, 40, 479, 1, 39, 260, 24955 }, // U+0201
    { 35, 47, 554, 0, 47, 412, 25215 }, // U+0202
    { 25, 40, 479, 2, 39, 250, 25627 }, // U+0203
    { 25, 47, 448, 1, 47, 294, 25877 }, // U+0204
    { 27, 40, 478, 1, 39, 270, 26171 }, // U+0205
    { 22, 47, 448, 4, 47, 259, 26441 }, // U+0206
    { 26, 40, 478, 2, 39, 260, 26700 }, // U+0207
    { 22, 47, 311, -4, 47, 259, 26960 }, // U+0208
    { 22, 39, 239, -6, 39, 215, 27219 }, // U+0209
    { 20, 47, 311, 0, 47, 235, 27434 }, // U+020A
    { 21, 39, 239, -3, 39, 205, 27669 }, // U+020B
    { 35, 48, 633, 2, 47, 420, 27874 }, // U+020C
    { 27, 40, 500, 2, 39, 270, 28294 }, // U+020D
    { 35, 48, 633, 2, 47, 420, 28564 }, // U+020E
    { 27, 40, 500, 2, 39, 270, 28984 }, // U+020F
    { 30, 47, 525, 3, 47, 353, 29254 }, // U+0210
    { 23, 39, 358, -1, 39, 225, 29607 }, // U+0211
    { 29, 47, 525, 4, 47, 341, 29832 }, // U+0212
    { 20, 39, 358, 2, 39, 195, 30173 }, // U+0213
    { 30, 48, 605, 4, 47, 360, 30368 }, // U+0214
    { 26, 40, 520, 3, 39, 260, 30728 }, // U+0215
    { 30, 48, 605, 4, 47, 360, 30988 }, // U+0216
    { 26, 40, 520, 3, 39, 260, 31348 }, // U+0217
    { 24, 49, 441, 2, 37, 294, 31608 }, // U+0218
    { 21, 40, 402, 2, 28, 210, 31902 }, // U+0219
    { 28, 48, 462, 0, 36, 336, 32112 }, // U+021A
    { 20, 46, 347, 1, 34, 230, 32448 }, // U+021B
    { 29, 46, 503, 1, 37, 334, 32678 }, // U+021C
    { 23, 40, 405, 1, 28, 230, 33012 }, // U+021D
    { 30, 47, 612, 4, 47, 353, 33242 }, // U+021E
    { 32, 50, 520, -3, 50, 400, 33595 }, // U+021F
    { 15, 9, 0, -27, 39, 34, 0 }, // U+0300
    { 16, 9, 0, -19, 39, 36, 34 }, // U+0301
    { 21, 9, 0, -11, 39, 48, 70 }, // U+0302
    { 22, 8, 0, -28, 38, 44, 118 }, // U+0303
    { 18, 6, 0, -9, 36, 27, 162 }, // U+0304
    { 22, 7, 0, -11, 43, 39, 189 }, // U+0305
    { 21, 9, 0, -10, 39, 48, 228 }, // U+0306
    { 10, 9, 0, -5, 39, 23, 276 }, // U+0307
    { 18, 7, 0, -9, 38, 32, 299 }, // U+0308
    { 12, 13, 0, -21, 42, 39, 331 }, // U+0309
    { 13, 12, 0, -7, 42, 39, 370 }, // U+030A
    { 22, 9, 0, -8, 39, 50, 409 }, // U+030B
    { 22, 9, 0, -11, 39, 50, 459 }, // U+030C
    { 6, 10, 0, -3, 39, 15, 509 }, // U+030D
    { 14, 10, 0, -7, 39, 35, 524 }, // U+030E
    { 22, 9, 0, -29, 39, 50, 559 }, // U+030F
    { 18, 13, 0, -9, 43, 59, 609 }, // U+0310
    { 20, 9, 0, -10, 39, 45, 668 }, // U+0311
    { 10, 13, 0, -5, 36, 33, 713 }, // U+0312
    { 10, 13, 0, -5, 36, 33, 746 }, // U+0313
    { 10, 13, 0, -5, 36, 33, 779 }, // U+0314
    { 10, 13, 0, -5, 36, 33, 812 }, // U+0315
    { 16, 9, 0, -9, -1, 36, 845 }, // U+0316
    { 15, 9, 0, -7, -1, 34, 881 }, // U+0317
    { 10, 10, 0, -5, -1, 25, 915 }, // U+0318
    { 10, 10, 0, -5, -1, 25, 940 }, // U+0319
    { 14, 12, 240, 0, 38, 42, 965 }, // U+031A
    { 13, 12, 0, -5, 38, 39, 1007 }, // U+031B
    { 7, 12, 0, -4, 0, 21, 1046 }, // U+031C
    { 12, 9, 0, -6, -2, 27, 1067 }, // U+031D
    { 12, 9, 0, -6, -2, 27, 1094 }, // U+031E
    { 12, 11, 0, -6, -1, 33, 1121 }, // U+031F
    { 11, 4, 0, -6, -5, 11, 1154 }, // U+0320
    { 12, 15, 0, -12, 3, 45, 1165 }, // U+0321
    { 12, 15, 0, 0, 3, 45, 1210 }, // U+0322
    { 10, 8, 0, -22, -3, 20, 1255 }, // U+0323
    { 18, 7, 0, -9, -3, 32, 1275 }, // U+0324
    { 13, 12, 0, -7, 0, 39, 1307 }, // U+0325
    { 10, 9, 0, -5, -3, 23, 1346 }, // U+0326
    { 12, 12, 0, -6, 0, 36, 1369 }, // U+0327
    { 10, 14, 0, -5, 2, 35, 1405 }, // U+0328
    { 6, 10, 0, -3, -1, 15, 1440 }, // U+0329
    { 18, 9, 0, -9, -2, 41, 1455 }, // U+032A
    { 20, 6, 0, -10, -3, 30, 1496 }, // U+032B
    { 22, 9, 0, -10, -1, 50, 1526 }, // U+032C
    { 21, 9, 0, -11, -1, 48, 1576 }, // U+032D
    { 20, 9, 0, -10, -2, 45, 1624 }, // U+032E
    { 20, 9, 0, -10, -2, 45, 1669 }, // U+032F
    { 22, 8, 0, -11, -2, 44, 1714 }, // U+0330
    { 18, 6, 0, -9, -3, 27, 1758 }, // U+0331
    { 24, 4, 0, -12, -4, 24, 1785 }, // U+0332
    { 22, 11, 0, -12, -1, 61, 1809 }, // U+0333
    { 21, 8, 0, -10, 18, 42, 1870 }, // U+0334
    { 22, 7, 0, -11, 17, 39, 1912 }, // U+0335
    { 38, 6, 0, -19, 17, 57, 1951 }, // U+0336
    { 18, 14, 0, -9, 21, 63, 2008 }, // U+0337
    { 22, 41, 0, -11, 38, 226, 2071 }, // U+0338
    { 7, 12, 0, -3, 0, 21, 2297 }, // U+0339
    { 18, 9, 0, -9, -2, 41, 2318 }, // U+033A
    { 20, 11, 0, -10, -1, 55, 2359 }, // U+033B
    { 20, 6, 0, -10, -3, 30, 2414 }, // U+033C
    { 12, 11, 0, -6, 39, 33, 2444 }, // U+033D
    { 8, 16, 0, -4, 44, 32, 2477 }, // U+033E
    { 21, 11, 0, -12, 48, 58, 2509 }, // U+033F
    { 15, 9, 0, -11, 39, 34, 2567 }, // U+0340
    { 15, 9, 0, -3, 39, 34, 2601 }, // U+0341
    { 21, 8, 0, -10, 38, 42, 2635 }, // U+0342
    { 9, 10, 0, -5, 39, 23, 2677 }, // U+0343
    { 27, 9, 0, -11, 39, 61, 2700 }, // U+0344
    { 9, 10, 0, -2, -2, 23, 2761 }, // U+0345
    { 22, 10, 0, -11, 39, 55, 2784 }, // U+0346
    { 21, 11, 0, -12, -1, 58, 2839 }, // U+0347
    { 14, 10, 0, -7, -1, 35, 2897 }, // U+0348
    { 10, 9, 0, -5, -3, 23, 2932 }, // U+0349
    { 20, 11, 0, -10, 39, 55, 2955 }, // U+034A
    { 20, 21, 0, -10, 48, 105, 3010 }, // U+034B
    { 18, 13, 0, -9, 43, 59, 3115 }, // U+034C
    { 18, 10, 0, -9, -1, 45, 3174 }, // U+034D
    { 10, 11, 0, -5, -1, 28, 3219 }, // U+034E
    { 36, 36, 0, -18, 36, 324, 3247 }, // U+034F
    { 9, 11, 0, -5, 40, 25, 3571 }, // U+0350
    { 7, 13, 0, -3, 42, 23, 3596 }, // U+0351
    { 18, 13, 0, -9, 43, 59, 3619 }, // U+0352
    { 10, 11, 0, -5, -1, 28, 3678 }, // U+0353
    { 9, 10, 0, -5, -2, 23, 3706 }, // U+0354
    { 9, 10, 0, -5, -2, 23, 3729 }, // U+0355
    { 20, 10, 0, -10, -2, 50, 3752 }, // U+0356
    { 7, 13, 0, -3, 42, 23, 3802 }, // U+0357
    { 9, 9, 0, 4, 39, 21, 3825 }, // U+0358
    { 12, 11, 0, -6, -1, 33, 3846 }, // U+0359
    { 20, 11, 0, -10, -1, 55, 3879 }, // U+035A
    { 10, 11, 0, -5, 40, 28, 3934 }, // U+035B
    { 40, 10, 0, -20, -2, 100, 3962 }, // U+035C
    { 40, 10, 0, -20, 39, 100, 4062 }, // U+035D
    { 30, 4, 0, -15, 34, 30, 4162 }, // U+035E
    { 30, 4, 0, -15, -3, 30, 4192 }, // U+035F
    { 40, 8, 0, -20, 38, 80, 4222 }, // U+0360
    { 40, 11, 0, -20, 44, 110, 4302 }, // U+0361
    { 40, 11, 0, -19, -1, 110, 4412 }, // U+0362
    { 12, 13, 0, -6, 43, 39, 4522 }, // U+0363
    { 13, 13, 0, -6, 43, 43, 4561 }, // U+0364
    { 5, 16, 0, -2, 47, 20, 4604 }, // U+0365
    { 13, 13, 0, -6, 43, 43, 4624 }, // U+0366
    { 13, 12, 0, -6, 42, 39, 4667 }, // U+0367
    { 11, 13, 0, -5, 43, 36, 4706 }, // U+0368
    { 12, 17, 0, -6, 47, 51, 4742 }, // U+0369
    { 13, 16, 0, -6, 47, 52, 4793 }, // U+036A
    { 19, 12, 0, -9, 43, 57, 4845 }, // U+036B
    { 9, 12, 0, -3, 43, 27, 4902 }, // U+036C
    { 9, 15, 0, -4, 45, 34, 4929 }, // U+036D
    { 13, 11, 0, -6, 42, 36, 4963 }, // U+036E
    { 14, 11, 0, -7, 42, 39, 4999 }, // U+036F
    { 22, 47, 449, 4, 47, 259, 0 }, // U+0400
    { 22, 47, 449, 4, 47, 259, 259 }, // U+0401
    { 36, 37, 612, 1, 36, 333, 518 }, // U+0402
    { 23, 47, 450, 4, 47, 271, 851 }, // U+0403
    { 29, 38, 521, 2, 37, 276, 1122 }, // U+0404
    { 24, 38, 438, 2, 37, 228, 1398 }, // U+0405
    { 8, 36, 258, 4, 36, 72, 1626 }, // U+0406
    { 16, 47, 265, 0, 47, 188, 1698 }, // U+0407
    { 17, 47, 265, -4, 36, 200, 1886 }, // U+0408
    { 50, 37, 827, 0, 36, 463, 2086 }, // U+0409
    { 47, 36, 850, 4, 36, 423, 2549 }, // U+040A
    { 35, 36, 622, 1, 36, 315, 2972 }, // U+040B
    { 31, 47, 547, 4, 47, 365, 3287 }, // U+040C
    { 31, 47, 633, 4, 47, 365, 3652 }, // U+040D
    { 33, 48, 516, 0, 47, 396, 4017 }, // U+040E
    { 30, 44, 613, 4, 36, 330, 4413 }, // U+040F
    { 35, 36, 554, 0, 36, 315, 4743 }, // U+0410
    { 27, 36, 519, 4, 36, 243, 5058 }, // U+0411
    { 27, 36, 530, 4, 36, 243, 5301 }, // U+0412
    { 23, 36, 450, 4, 36, 207, 5544 }, // U+0413
    { 39, 44, 621, 0, 36, 429, 5751 }, // U+0414
    { 22, 36, 449, 4, 36, 198, 6180 }, // U+0415
    { 50, 36, 798, 0, 36, 450, 6378 }, // U+0416
    { 25, 38, 474, 2, 37, 238, 6828 }, // U+0417
    { 31, 36, 633, 4, 36, 279, 7066 }, // U+0418
    { 31, 47, 633, 4, 47, 365, 7345 }, // U+0419
    { 31, 36, 554, 4, 36, 279, 7710 }, // U+041A
    { 33, 37, 586, 0, 36, 306, 7989 }, // U+041B
    { 39, 36, 754, 4, 36, 351, 8295 }, // U+041C
    { 30, 36, 616, 4, 36, 270, 8646 }, // U+041D
    { 35, 38, 622, 2, 37, 333, 8916 }, // U+041E
    { 30, 36, 610, 4, 36, 270, 9249 }, // U+041F
    { 25, 36, 498, 4, 36, 225, 9519 }, // U+0420
    { 29, 38, 516, 2, 37, 276, 9744 }, // U+0421
    { 28, 36, 462, 0, 36, 252, 10020 }, // U+0422
    { 33, 37, 516, 0, 36, 306, 10272 }, // U+0423
    { 41, 38, 722, 2, 37, 390, 10578 }, // U+0424
    { 34, 36, 534, 0, 36, 306, 10968 }, // U+0425
    { 35, 44, 621, 4, 36, 385, 11274 }, // U+0426
    { 29, 36, 575, 3, 36, 261, 11659 }, // U+0427
    { 46, 36, 854, 4, 36, 414, 11920 }, // U+0428
    { 50, 44, 859, 4, 36, 550, 12334 }, // U+0429
    { 35, 36, 603, 1, 36, 315, 12884 }, // U+042A
    { 38, 36, 736, 4, 36, 342, 13199 }, // U+042B
    { 26, 36, 516, 4, 36, 234, 13541 }, // U+042C
    { 28, 38, 525, 2, 37, 266, 13775 }, // U+042D
    { 45, 38, 814, 4, 37, 428, 14041 }, // U+042E
    { 29, 36, 545, 1, 36, 261, 14469 }, // U+042F
    { 26, 29, 477, 1, 28, 189, 14730 }, // U+0430
    { 28, 40, 499, 2, 39, 280, 14919 }, // U+0431
    { 25, 28, 477, 3, 28, 175, 15199 }, // U+0432
    { 19, 28, 380, 4, 28, 133, 15374 }, // U+0433
    { 32, 35, 510, 0, 28, 280, 15507 }, // U+0434
    { 26, 29, 467, 2, 28, 189, 15787 }, // U+0435
    { 44, 28, 693, 0, 28, 308, 15976 }, // U+0436
    { 23, 29, 412, 1, 28, 167, 16284 }, // U+0437
    { 26, 28, 539, 4, 28, 182, 16451 }, // U+0438
    { 26, 39, 539, 4, 39, 254, 16633 }, // U+0439
    { 27, 28, 493, 4, 28, 189, 16887 }, // U+043A
    { 28, 29, 498, 0, 28, 203, 17076 }, // U+043B
    { 34, 28, 670, 4, 28, 238, 17279 }, // U+043C
    { 25, 28, 525, 4, 28, 175, 17517 }, // U+043D
    { 27, 29, 497, 2, 28, 196, 17692 }, // U+043E
    { 25, 28, 520, 4, 28, 175, 17888 }, // U+043F
    { 26, 40, 508, 4, 28, 260, 18063 }, // U+0440
    { 23, 29, 419, 2, 28, 167, 18323 }, // U+0441
    { 25, 28, 404, 0, 28, 175, 18490 }, // U+0442
    { 30, 40, 457, -1, 28, 300, 18665 }, // U+0443
    { 37, 50, 648, 2, 38, 463, 18965 }, // U+0444
    { 29, 28, 462, 0, 28, 203, 19428 }, // U+0445
    { 29, 35, 520, 3, 28, 254, 19631 }, // U+0446
    { 25, 28, 510, 3, 28, 175, 19885 }, // U+0447
    { 40, 28, 762, 4, 28, 280, 20060 }, // U+0448
    { 44, 35, 763, 4, 28, 385, 20340 }, // U+0449
    { 32, 28, 537, 0, 28, 224, 20725 }, // U+044A
    { 35, 28, 683, 4, 28, 245, 20949 }, // U+044B
    { 24, 28, 473, 4, 28, 168, 21194 }, // U+044C
    { 24, 29, 419, 1, 28, 174, 21362 }, // U+044D
    { 37, 29, 681, 4, 28, 269, 21536 }, // U+044E
    { 27, 28, 484, 0, 28, 189, 21805 }, // U+044F
    { 26, 40, 467, 2, 39, 260, 21994 }, // U+0450
    { 26, 39, 467, 2, 38, 254, 22254 }, // U+0451
    { 29, 50, 522, 0, 38, 363, 22508 }, // U+0452
    { 20, 39, 384, 4, 39, 195, 22871 }, // U+0453
    { 23, 29, 419, 2, 28, 167, 23066 }, // U+0454
    { 21, 29, 398, 2, 28, 153, 23233 }, // U+0455
    { 9, 38, 246, 3, 38, 86, 23386 }, // U+0456
    { 14, 38, 239, 1, 38, 133, 23472 }, // U+0457
    { 15, 51, 238, -3, 39, 192, 23605 }, // U+0458
    { 43, 29, 718, 0, 28, 312, 23797 }, // U+0459
    { 41, 28, 741, 4, 28, 287, 24109 }, // U+045A
    { 29, 38, 522, 0, 38, 276, 24396 }, // U+045B
    { 27, 39, 493, 4, 39, 264, 24672 }, // U+045C
    { 26, 39, 539, 4, 39, 254, 24936 }, // U+045D
    { 30, 51, 457, -1, 39, 383, 25190 }, // U+045E
    { 25, 35, 520, 4, 28, 219, 25573 }, // U+045F
    { 46, 36, 762, 1, 36, 414, 25792 }, // U+0460
    { 43, 28, 708, 0, 28, 301, 26206 }, // U+0461
    { 32, 36, 538, 0, 36, 288, 26507 }, // U+0462
    { 32, 33, 533, 0, 33, 264, 26795 }, // U+0463
    { 42, 38, 760, 4, 37, 399, 27059 }, // U+0464
    { 36, 29, 642, 3, 28, 261, 27458 }, // U+0465
    { 37, 36, 584, 0, 36, 333, 27719 }, // U+0466
    { 32, 28, 512, 0, 28, 224, 28052 }, // U+0467
    { 47, 36, 804, 4, 36, 423, 28276 }, // U+0468
    { 43, 28, 722, 3, 28, 301, 28699 }, // U+0469
    { 39, 36, 643, 1, 36, 351, 29000 }, // U+046A
    { 31, 28, 498, 0, 28, 217, 29351 }, // U+046B
    { 49, 36, 858, 4, 36, 441, 29568 }, // U+046C
    { 41, 28, 704, 3, 28, 287, 30009 }, // U+046D
    { 29, 56, 506, 1, 44, 406, 30296 }, // U+046E
    { 26, 46, 444, 0, 34, 299, 30702 }, // U+046F
    { 36, 36, 705, 4, 36, 324, 31001 }, // U+0470
    { 36, 50, 674, 3, 38, 450, 31325 }, // U+0471
    { 35, 38, 633, 2, 37, 333, 31775 }, // U+0472
    { 27, 29, 495, 2, 28, 196, 32108 }, // U+0473
    { 36, 36, 574, 0, 36, 324, 32304 }, // U+0474
    { 31, 28, 484, 0, 28, 217, 32628 }, // U+0475
    { 36, 47, 574, 0, 47, 423, 32845 }, // U+0476
    { 31, 39, 484, 0, 39, 303, 33268 }, // U+0477
    { 64, 49, 1055, 2, 37, 784, 33571 }, // U+0478
    { 57, 40, 941, 2, 28, 570, 34355 }, // U+0479
    { 37, 43, 665, 2, 39, 398, 34925 }, // U+047A
    { 30, 34, 548, 2, 31, 255, 35323 }, // U+047B
    { 50, 55, 870, 2, 54, 688, 35578 }, // U+047C
    { 43, 47, 766, 2, 46, 506, 36266 }, // U+047D
    { 46, 46, 765, 1, 46, 529, 36772 }, // U+047E
    { 43, 37, 708, 0, 37, 398, 37301 }, // U+047F
    { 31, 49, 542, 2, 37, 380, 37699 }, // U+0480
    { 23, 40, 419, 2, 28, 230, 38079 }, // U+0481
    { 26, 33, 487, 2, 32, 215, 38309 }, // U+0482
    { 20, 9, 0, -24, 37, 45, 38524 }, // U+0483
    { 20, 8, 0, -23, 38, 40, 38569 }, // U+0484
    { 9, 11, 0, -18, 40, 25, 38609 }, // U+0485
    { 9, 11, 0, -18, 40, 25, 38634 }, // U+0486
    { 20, 8, 0, -10, 46, 40, 38659 }, // U+0487
    { 58, 53, 0, -29, 40, 769, 38699 }, // U+0488
    { 56, 55, 0, -28, 41, 770, 39468 }, // U+0489
    { 41, 59, 733, 4, 48, 605, 40238 }, // U+048A
    { 37, 50, 642, 3, 40, 463, 40843 }, // U+048B
    { 29, 36, 510, 1, 36, 261, 41306 }, // U+048C
    { 29, 38, 491, 0, 38, 276, 41567 }, // U+048D
    { 26, 36, 502, 4, 36, 234, 41843 }, // U+048E
    { 27, 40, 506, 3, 28, 270, 42077 }, // U+048F
    { 24, 44, 462, 4, 44, 264, 42347 }, // U+0490
    { 21, 35, 410, 3, 35, 184, 42611 }, // U+0491
    { 26, 36, 447, 1, 36, 234, 42795 }, // U+0492
    { 24, 28, 393, 0, 28, 168, 43029 }, // U+0493
    { 31, 49, 587, 4, 36, 380, 43197 }, // U+0494
    { 26, 41, 482, 3, 28, 267, 43577 }, // U+0495
    { 51, 47, 823, 0, 36, 600, 43844 }, // U+0496
    { 48, 38, 749, -1, 28, 456, 44444 }, // U+0497
    { 25, 49, 474, 2, 37, 307, 44900 }, // U+0498
    { 23, 40, 412, 1, 28, 230, 45207 }, // U+0499
    { 33, 47, 605, 4, 36, 388, 45437 }, // U+049A
    { 30, 38, 526, 3, 28, 285, 45825 }, // U+049B
    { 30, 36, 535, 4, 36, 270, 46110 }, // U+049C
    { 28, 28, 495, 3, 28, 196, 46380 }, // U+049D
    { 33, 36, 554, 2, 36, 297, 46576 }, // U+049E
    { 32, 38, 502, 0, 38, 304, 46873 }, // U+049F
    { 38, 36, 586, 0, 36, 342, 47177 }, // U+04A0
    { 35, 28, 556, 0, 28, 245, 47519 }, // U+04A1
    { 38, 47, 673, 4, 36, 447, 47764 }, // U+04A2
    { 33, 38, 594, 3, 28, 314, 48211 }, // U+04A3
    { 38, 36, 667, 4, 36, 342, 48525 }, // U+04A4
    { 35, 28, 606, 3, 28, 245, 48867 }, // U+04A5
    { 50, 49, 900, 4, 36, 613, 49112 }, // U+04A6
    { 40, 41, 711, 3, 28, 410, 49725 }, // U+04A7
    { 36, 40, 622, 2, 37, 360, 50135 }, // U+04A8
    { 30, 30, 525, 2, 28, 225, 50495 }, // U+04A9
    { 29, 49, 514, 2, 37, 356, 50720 }, // U+04AA
    { 23, 40, 413, 2, 28, 230, 51076 }, // U+04AB
    { 27, 47, 463, 1, 36, 318, 51306 }, // U+04AC
    { 26, 38, 440, 1, 28, 247, 51624 }, // U+04AD
    { 32, 36, 501, 0, 36, 288, 51871 }, // U+04AE
    { 29, 40, 459, 0, 28, 290, 52159 }, // U+04AF
    { 32, 36, 501, 0, 36, 288, 52449 }, // U+04B0
    { 29, 40, 459, 0, 28, 290, 52737 }, // U+04B1
    { 37, 47, 594, 0, 36, 435, 53027 }, // U+04B2
    { 32, 38, 507, 0, 28, 304, 53462 }, // U+04B3
    { 45, 47, 744, 1, 36, 529, 53766 }, // U+04B4
    { 38, 38, 633, 1, 28, 361, 54295 }, // U+04B5
    { 38, 47, 643, 2, 36, 447, 54656 }, // U+04B6
    { 33, 38, 581, 3, 28, 314, 55103 }, // U+04B7
    { 30, 36, 588, 3, 36, 270, 55417 }, // U+04B8
    { 28, 28, 527, 2, 28, 196, 55687 }, // U+04B9
    { 30, 36, 588, 4, 36, 270, 55883 }, // U+04BA
    { 26, 38, 520, 3, 38, 247, 56153 }, // U+04BB
    { 44, 38, 758, 0, 37, 418, 56400 }, // U+04BC
    { 35, 29, 566, -1, 28, 254, 56818 }, // U+04BD
    { 44, 48, 758, 0, 37, 528, 57072 }, // U+04BE
    { 35, 38, 566, -1, 28, 333, 57600 }, // U+04BF
    { 17, 36, 311, 1, 36, 153, 57933 }, // U+04C0
    { 50, 47, 800, 0, 47, 588, 58086 }, // U+04C1
    { 44, 39, 693, 0, 39, 429, 58674 }, // U+04C2
    { 32, 49, 608, 4, 36, 392, 59103 }, // U+04C3
    { 28, 41, 522, 3, 28, 287, 59495 }, // U+04C4
    { 41, 47, 670, 0, 36, 482, 59782 }, // U+04C5
    { 36, 38, 582, 0, 28, 342, 60264 }, // U+04C6
    { 30, 49, 612, 4, 36, 368, 60606 }, // U+04C7
    { 27, 41, 530, 3, 28, 277, 60974 }, // U+04C8
    { 38, 47, 686, 4, 36, 447, 61251 }, // U+04C9
    { 34, 38, 595, 3, 28, 323, 61698 }, // U+04CA
    { 30, 47, 588, 3, 36, 353, 62021 }, // U+04CB
    { 26, 38, 525, 3, 28, 247, 0 }, // U+04CC
    { 47, 47, 829, 4, 36, 553, 247 }, // U+04CD
    { 43, 38, 741, 3, 28, 409, 800 }, // U+04CE
    { 17, 36, 311, 1, 36, 153, 1209 }, // U+04CF
    { 35, 47, 554, 0, 47, 412, 1362 }, // U+04D0
    { 25, 40, 479, 2, 39, 250, 1774 }, // U+04D1
    { 35, 46, 554, 0, 46, 403, 2024 }, // U+04D2
    { 25, 39, 479, 2, 38, 244, 2427 }, // U+04D3
    { 45, 36, 762, 0, 36, 405, 2671 }, // U+04D4
    { 42, 29, 734, 2, 28, 305, 3076 }, // U+04D5
    { 22, 47, 448, 4, 47, 259, 3381 }, // U+04D6
    { 26, 40, 478, 2, 39, 260, 3640 }, // U+04D7
    { 34, 38, 654, 4, 37, 323, 3900 }, // U+04D8
    { 26, 29, 478, 2, 28, 189, 4223 }, // U+04D9
    { 34, 47, 654, 4, 46, 400, 4412 }, // U+04DA
    { 26, 39, 478, 2, 38, 254, 4812 }, // U+04DB
    { 50, 46, 800, 0, 46, 575, 5066 }, // U+04DC
    { 44, 38, 693, 0, 38, 418, 5641 }, // U+04DD
    { 25, 47, 474, 2, 46, 294, 6059 }, // U+04DE
    { 23, 39, 412, 1, 38, 225, 6353 }, // U+04DF
    { 27, 37, 473, 1, 36, 250, 6578 }, // U+04E0
    { 27, 40, 465, 1, 28, 270, 6828 }, // U+04E1
    { 31, 44, 633, 4, 44, 341, 7098 }, // U+04E2
    { 26, 36, 539, 4, 36, 234, 7439 }, // U+04E3
    { 31, 46, 633, 4, 46, 357, 7673 }, // U+04E4
    { 26, 38, 539, 4, 38, 247, 8030 }, // U+04E5
    { 35, 47, 633, 2, 46, 412, 8277 }, // U+04E6
    { 27, 39, 500, 2, 38, 264, 8689 }, // U+04E7
    { 35, 38, 633, 2, 37, 333, 8953 }, // U+04E8
    { 27, 29, 500, 2, 28, 196, 9286 }, // U+04E9
    { 35, 47, 633, 2, 46, 412, 9482 }, // U+04EA
    { 27, 39, 500, 2, 38, 264, 9894 }, // U+04EB
    { 28, 47, 522, 2, 46, 329, 10158 }, // U+04EC
    { 24, 39, 419, 1, 38, 234, 10487 }, // U+04ED
    { 33, 45, 516, 0, 44, 372, 10721 }, // U+04EE
    { 30, 48, 457, -1, 36, 360, 11093 }, // U+04EF
    { 33, 47, 516, 0, 46, 388, 11453 }, // U+04F0
    { 30, 50, 457, -1, 38, 375, 11841 }, // U+04F1
    { 33, 48, 516, 0, 47, 396, 12216 }, // U+04F2
    { 29, 51, 457, 0, 39, 370, 12612 }, // U+04F3
    { 29, 46, 576, 3, 46, 334, 12982 }, // U+04F4
    { 25, 38, 510, 3, 38, 238, 13316 }, // U+04F5
    { 24, 47, 449, 4, 36, 282, 13554 }, // U+04F6
    { 20, 38, 382, 3, 28, 190, 13836 }, // U+04F7
    { 38, 46, 736, 4, 46, 437, 14026 }, // U+04F8
    { 35, 38, 683, 4, 38, 333, 14463 }, // U+04F9
    { 26, 49, 447, 1, 36, 319, 14796 }, // U+04FA
    { 24, 40, 393, 0, 28, 240, 15115 }, // U+04FB
    { 36, 49, 584, 0, 36, 441, 15355 }, // U+04FC
    { 31, 40, 516, 0, 28, 310, 15796 }, // U+04FD
    { 34, 36, 536, 0, 36, 306, 16106 }, // U+04FE
    { 29, 28, 462, 0, 28, 203, 16412 }, // U+04FF
    { 35, 47, 554, 0, 36, 412, 0 }, // U+1EA0
    { 25, 39, 479, 2, 28, 244, 412 }, // U+1EA1
    { 35, 50, 554, 0, 50, 438, 656 }, // U+1EA2
    { 25, 43, 479, 2, 42, 269, 1094 }, // U+1EA3
    { 35, 49, 554, 0, 49, 429, 1363 }, // U+1EA4
    { 30, 42, 479, 2, 41, 315, 1792 }, // U+1EA5
    { 35, 49, 554, 0, 49, 429, 2107 }, // U+1EA6
    { 29, 42, 479, -2, 41, 305, 2536 }, // U+1EA7
    { 35, 52, 554, 0, 52, 455, 2841 }, // U+1EA8
    { 28, 45, 479, 2, 44, 315, 3296 }, // U+1EA9
    { 35, 53, 554, 0, 53, 464, 3611 }, // U+1EAA
    { 25, 46, 479, 2, 45, 288, 4075 }, // U+1EAB
    { 35, 58, 554, 0, 47, 508, 4363 }, // U+1EAC
    { 25, 50, 479, 2, 39, 313, 4871 }, // U+1EAD
    { 35, 51, 554, 0, 51, 447, 5184 }, // U+1EAE
    { 25, 44, 479, 2, 43, 275, 5631 }, // U+1EAF
    { 35, 51, 554, 0, 51, 447, 5906 }, // U+1EB0
    { 25, 44, 479, 2, 43, 275, 6353 }, // U+1EB1
    { 35, 53, 554, 0, 53, 464, 6628 }, // U+1EB2
    { 25, 45, 479, 2, 44, 282, 7092 }, // U+1EB3
    { 35, 53, 554, 0, 53, 464, 7374 }, // U+1EB4
    { 25, 46, 479, 2, 45, 288, 7838 }, // U+1EB5
    { 35, 58, 554, 0, 47, 508, 8126 }, // U+1EB6
    { 25, 50, 479, 2, 39, 313, 8634 }, // U+1EB7
    { 22, 47, 448, 4, 36, 259, 8947 }, // U+1EB8
    { 26, 39, 478, 2, 28, 254, 9206 }, // U+1EB9
    { 22, 50, 448, 4, 50, 275, 9460 }, // U+1EBA
    { 26, 43, 478, 2, 42, 280, 9735 }, // U+1EBB
    { 22, 46, 448, 4, 46, 253, 10015 }, // U+1EBC
    { 26, 39, 478, 2, 38, 254, 10268 }, // U+1EBD
    { 26, 49, 448, 4, 49, 319, 10522 }, // U+1EBE
    { 30, 42, 478, 2, 41, 315, 10841 }, // U+1EBF
    { 30, 49, 448, -4, 49, 368, 11156 }, // U+1EC0
    { 29, 42, 478, -1, 41, 305, 11524 }, // U+1EC1
    { 24, 52, 448, 4, 52, 312, 11829 }, // U+1EC2
    { 28, 45, 478, 2, 44, 315, 12141 }, // U+1EC3
    { 22, 53, 448, 4, 53, 292, 12456 }, // U+1EC4
    { 26, 46, 478, 2, 45, 299, 12748 }, // U+1EC5
    { 22, 58, 448, 4, 47, 319, 13047 }, // U+1EC6
    { 26, 50, 478, 2, 39, 325, 13366 }, // U+1EC7
    { 17, 50, 311, 1, 50, 213, 13691 }, // U+1EC8
    { 12, 42, 239, 2, 42, 126, 13904 }, // U+1EC9
    { 17, 47, 311, 1, 36, 200, 14030 }, // U+1ECA
    { 9, 50, 239, 3, 39, 113, 14230 }, // U+1ECB
    { 35, 48, 633, 2, 37, 420, 14343 }, // U+1ECC
    { 27, 39, 500, 2, 28, 264, 14763 }, // U+1ECD
    { 35, 51, 633, 2, 50, 447, 15027 }, // U+1ECE
    { 27, 43, 500, 2, 42, 291, 15474 }, // U+1ECF
    { 35, 50, 633, 2, 49, 438, 15765 }, // U+1ED0
    { 30, 42, 500, 2, 41, 315, 16203 }, // U+1ED1
    { 35, 50, 633, 2, 49, 438, 16518 }, // U+1ED2
    { 30, 42, 500, -1, 41, 315, 16956 }, // U+1ED3
    { 35, 53, 633, 2, 52, 464, 17271 }, // U+1ED4
    { 28, 45, 500, 2, 44, 315, 17735 }, // U+1ED5
    { 35, 54, 633, 2, 53, 473, 18050 }, // U+1ED6
    { 27, 46, 500, 2, 45, 311, 18523 }, // U+1ED7
    { 35, 58, 633, 2, 47, 508, 18834 }, // U+1ED8
    { 27, 50, 500, 2, 39, 338, 19342 }, // U+1ED9
    { 41, 48, 657, 2, 47, 492, 19680 }, // U+1EDA
    { 34, 40, 545, 2, 39, 340, 20172 }, // U+1EDB
    { 41, 48, 657, 2, 47, 492, 20512 }, // U+1EDC
    { 34, 40, 545, 2, 39, 340, 21004 }, // U+1EDD
    { 41, 51, 657, 2, 50, 523, 21344 }, // U+1EDE
    { 34, 43, 545, 2, 42, 366, 21867 }, // U+1EDF
    { 41, 47, 657, 2, 46, 482, 22233 }, // U+1EE0
    { 34, 39, 545, 2, 38, 332, 22715 }, // U+1EE1
    { 41, 49, 657, 2, 38, 503, 23047 }, // U+1EE2
    { 34, 43, 545, 2, 32, 366, 23550 }, // U+1EE3
    { 30, 47, 605, 4, 36, 353, 23916 }, // U+1EE4
    { 26, 39, 520, 3, 28, 254, 24269 }, // U+1EE5
    { 30, 51, 605, 4, 50, 383, 24523 }, // U+1EE6
    { 26, 43, 520, 3, 42, 280, 24906 }, // U+1EE7
    { 41, 48, 708, 4, 47, 492, 25186 }, // U+1EE8
    { 37, 40, 606, 3, 39, 370, 25678 }, // U+1EE9
    { 41, 48, 708, 4, 47, 492, 26048 }, // U+1EEA
    { 37, 40, 606, 3, 39, 370, 26540 }, // U+1EEB
    { 41, 51, 708, 4, 50, 523, 26910 }, // U+1EEC
    { 37, 43, 606, 3, 42, 398, 27433 }, // U+1EED
    { 41, 47, 708, 4, 46, 482, 27831 }, // U+1EEE
    { 37, 39, 606, 3, 38, 361, 28313 }, // U+1EEF
    { 41, 49, 708, 4, 38, 503, 28674 }, // U+1EF0
    { 37, 43, 606, 3, 32, 398, 29177 }, // U+1EF1
    { 32, 47, 501, 0, 47, 376, 29575 }, // U+1EF2
    { 29, 51, 457, 0, 39, 370, 29951 }, // U+1EF3
    { 32, 47, 501, 0, 36, 376, 30321 }, // U+1EF4
    { 29, 40, 457, 0, 28, 290, 30697 }, // U+1EF5
    { 32, 50, 501, 0, 50, 400, 30987 }, // U+1EF6
    { 29, 54, 457, 0, 42, 392, 31387 }, // U+1EF7
    { 32, 46, 501, 0, 46, 368, 31779 }, // U+1EF8
    { 29, 50, 457, 0, 38, 363, 32147 }, // U+1EF9
    { 0, 0, 400, 0, 0, 0, 0 }, // U+2000
    { 0, 0, 800, 0, 0, 0, 0 }, // U+2001
    { 0, 0, 400, 0, 0, 0, 0 }, // U+2002
    { 0, 0, 800, 0, 0, 0, 0 }, // U+2003
    { 0, 0, 266, 0, 0, 0, 0 }, // U+2004
    { 0, 0, 200, 0, 0, 0, 0 }, // U+2005
    { 0, 0, 134, 0, 0, 0, 0 }, // U+2006
    { 0, 0, 458, 0, 0, 0, 0 }, // U+2007
    { 0, 0, 225, 0, 0, 0, 0 }, // U+2008
    { 0, 0, 133, 0, 0, 0, 0 }, // U+2009
    { 0, 0, 80, 0, 0, 0, 0 }, // U+200A
    { 0, 0, 0, 0, 0, 0, 0 }, // U+200B
    { 0, 0, 0, 0, 0, 0, 0 }, // U+200C
    { 0, 0, 0, 0, 0, 0, 0 }, // U+200D
    { 12, 42, 0, -1, 35, 126, 0 }, // U+200E
    { 12, 42, 0, -11, 35, 126, 126 }, // U+200F
    { 14, 7, 256, 1, 17, 25, 252 }, // U+2010
    { 14, 7, 256, 1, 17, 25, 277 }, // U+2011
    { 25, 7, 462, 2, 21, 44, 302 }, // U+2012
    { 23, 7, 400, 1, 17, 41, 346 }, // U+2013
    { 48, 7, 800, 1, 17, 84, 387 }, // U+2014
    { 48, 7, 800, 1, 17, 84, 471 }, // U+2015
    { 19, 50, 441, 4, 38, 238, 555 }, // U+2016
    { 22, 11, 329, -1, -1, 61, 793 }, // U+2017
    { 11, 13, 174, 0, 36, 36, 854 }, // U+2018
    { 11, 13, 174, 0, 36, 36, 890 }, // U+2019
    { 10, 13, 229, 1, 7, 33, 926 }, // U+201A
    { 11, 13, 174, 0, 36, 36, 959 }, // U+201B
    { 22, 13, 356, 0, 36, 72, 995 }, // U+201C
    { 22, 13, 356, 0, 36, 72, 1067 }, // U+201D
    { 22, 13, 410, 1, 6, 72, 1139 }, // U+201E
    { 22, 13, 356, 0, 36, 72, 1211 }, // U+201F
    { 21, 38, 410, 2, 38, 200, 1283 }, // U+2020
    { 22, 38, 415, 2, 38, 209, 1483 }, // U+2021
    { 15, 16, 301, 2, 26, 60, 1692 }, // U+2022
    { 17, 19, 301, 2, 28, 81, 1752 }, // U+2023
    { 9, 9, 400, 8, 8, 21, 1833 }, // U+2024
    { 25, 9, 460, 2, 8, 57, 1854 }, // U+2025
    { 38, 9, 684, 2, 8, 86, 1911 }, // U+2026
    { 10, 9, 225, 2, 18, 23, 1997 }, // U+2027
    { 0, 0, 480, 0, 0, 0, 2020 }, // U+2028
    { 0, 0, 480, 0, 0, 0, 2020 }, // U+2029
    { 12, 38, 0, -1, 31, 114, 2020 }, // U+202A
    { 12, 38, 0, -11, 31, 114, 2134 }, // U+202B
    { 12, 42, 0, -6, 35, 126, 2248 }, // U+202C
    { 12, 42, 0, -6, 35, 126, 2374 }, // U+202D
    { 12, 42, 0, -6, 35, 126, 2500 }, // U+202E
    { 0, 0, 133, 0, 0, 0, 2626 }, // U+202F
    { 62, 38, 1024, 1, 37, 589, 2626 }, // U+2030
    { 81, 38, 1334, 1, 37, 770, 3215 }, // U+2031
    { 14, 14, 242, 2, 36, 49, 3985 }, // U+2032
    { 25, 14, 419, 2, 36, 88, 4034 }, // U+2033
    { 36, 14, 596, 2, 36, 126, 4122 }, // U+2034
    { 14, 14, 338, 2, 36, 49, 4248 }, // U+2035
    { 25, 14, 514, 2, 36, 88, 4297 }, // U+2036
    { 36, 14, 691, 2, 36, 126, 4385 }, // U+2037
    { 20, 17, 326, 0, 5, 85, 4511 }, // U+2038
    { 16, 24, 292, 1, 26, 96, 4596 }, // U+2039
    { 16, 24, 292, 1, 26, 96, 4692 }, // U+203A
    { 38, 39, 680, 2, 37, 371, 4788 }, // U+203B
    { 24, 37, 456, 2, 36, 222, 5159 }, // U+203C
    { 23, 38, 382, 0, 37, 219, 5381 }, // U+203D
    { 27, 5, 400, -1, 43, 34, 5600 }, // U+203E
    { 29, 11, 487, 1, -1, 80, 5634 }, // U+203F
    { 29, 12, 487, 1, 40, 87, 5714 }, // U+2040
    { 20, 33, 339, 1, 21, 165, 5801 }, // U+2041
    { 56, 46, 895, 0, 38, 644, 5966 }, // U+2042
    { 14, 7, 256, 2, 17, 25, 6610 }, // U+2043
    { 27, 36, 104, -10, 36, 243, 6635 }, // U+2044
    { 13, 44, 265, 3, 36, 143, 6878 }, // U+2045
    { 13, 44, 265, 1, 36, 143, 7021 }, // U+2046
    { 47, 38, 759, 0, 37, 447, 7164 }, // U+2047
    { 36, 38, 610, 0, 37, 342, 7611 }, // U+2048
    { 36, 38, 610, 2, 37, 342, 7953 }, // U+2049
    { 25, 28, 470, 2, 28, 175, 8295 }, // U+204A
    { 27, 45, 518, 3, 38, 304, 8470 }, // U+204B
    { 27, 26, 524, 2, 28, 176, 8774 }, // U+204C
    { 27, 26, 524, 4, 28, 176, 8950 }, // U+204D
    { 25, 24, 434, 1, 13, 150, 9126 }, // U+204E
    { 11, 35, 228, 2, 28, 97, 9276 }, // U+204F
    { 29, 52, 480, 1, 40, 377, 9373 }, // U+2050
    { 25, 49, 434, 1, 38, 307, 9750 }, // U+2051
    { 21, 38, 338, 0, 37, 200, 10057 }, // U+2052
    { 47, 9, 800, 2, 19, 106, 10257 }, // U+2053
    { 29, 11, 480, 1, -1, 80, 10363 }, // U+2054
    { 26, 26, 448, 1, 26, 169, 10443 }, // U+2055
    { 25, 39, 463, 2, 37, 244, 10612 }, // U+2056
    { 46, 14, 748, 2, 36, 161, 10856 }, // U+2057
    { 39, 39, 698, 2, 37, 381, 11017 }, // U+2058
    { 39, 39, 698, 2, 37, 381, 11398 }, // U+2059
    { 10, 38, 228, 2, 37, 95, 11779 }, // U+205A
    { 30, 41, 554, 2, 40, 308, 11874 }, // U+205B
    { 40, 40, 682, 1, 38, 400, 12182 }, // U+205C
    { 10, 39, 225, 2, 38, 98, 12582 }, // U+205D
    { 10, 39, 228, 2, 37, 98, 12680 }, // U+205E
    { 0, 0, 178, 0, 0, 0, 12778 }, // U+205F
    { 0, 0, 480, 0, 0, 0, 12778 }, // U+2060
    { 0, 0, 480, 0, 0, 0, 12778 }, // U+2061
    { 0, 0, 480, 0, 0, 0, 12778 }, // U+2062
    { 0, 0, 480, 0, 0, 0, 12778 }, // U+2063
    { 0, 0, 480, 0, 0, 0, 12778 }, // U+2064
    { 0, 0, 0, 0, 0, 0, 12778 }, // U+2066
    { 0, 0, 0, 0, 0, 0, 12778 }, // U+2067
    { 0, 0, 0, 0, 0, 0, 12778 }, // U+2068
    { 0, 0, 0, 0, 0, 0, 12778 }, // U+2069
    { 12, 42, 0, -6, 35, 126, 12778 }, // U+206A
    { 12, 42, 0, -6, 35, 126, 12904 }, // U+206B
    { 12, 42, 0, -6, 35, 126, 13030 }, // U+206C
    { 12, 42, 0, -6, 35, 126, 13156 }, // U+206D
    { 12, 42, 0, -6, 35, 126, 13282 }, // U+206E
    { 12, 42, 0, -6, 35, 126, 13408 }, // U+206F
    { 17, 23, 303, 1, 43, 98, 0 }, // U+2070
    { 6, 24, 155, 2, 38, 36, 98 }, // U+2071
    { 19, 23, 304, 0, 43, 110, 134 }, // U+2074
    { 16, 23, 304, 2, 43, 92, 244 }, // U+2075
    { 17, 23, 304, 1, 43, 98, 336 }, // U+2076
    { 17, 23, 304, 1, 43, 98, 434 }, // U+2077
    { 17, 23, 304, 1, 43, 98, 532 }, // U+2078
    { 17, 23, 304, 1, 43, 98, 630 }, // U+2079
    { 16, 16, 287, 1, 38, 64, 728 }, // U+207A
    { 16, 4, 287, 1, 32, 16, 792 }, // U+207B
    { 16, 10, 287, 1, 35, 40, 808 }, // U+207C
    { 9, 29, 194, 3, 46, 66, 848 }, // U+207D
    { 9, 29, 194, 0, 46, 66, 914 }, // U+207E
    { 17, 18, 338, 2, 32, 77, 980 }, // U+207F
    { 17, 23, 304, 1, 16, 98, 1057 }, // U+2080
    { 13, 23, 304, 1, 16, 75, 1155 }, // U+2081
    { 17, 23, 304, 1, 16, 98, 1230 }, // U+2082
    { 17, 23, 304, 1, 16, 98, 1328 }, // U+2083
    { 19, 23, 304, 0, 16, 110, 1426 }, // U+2084
    { 16, 23, 304, 2, 16, 92, 1536 }, // U+2085
    { 17, 23, 304, 1, 16, 98, 1628 }, // U+2086
    { 17, 23, 304, 1, 16, 98, 1726 }, // U+2087
    { 17, 23, 304, 1, 16, 98, 1824 }, // U+2088
    { 17, 23, 304, 1, 16, 98, 1922 }, // U+2089
    { 16, 16, 287, 1, 12, 64, 2020 }, // U+208A
    { 16, 4, 287, 1, 6, 16, 2084 }, // U+208B
    { 16, 10, 287, 1, 9, 40, 2100 }, // U+208C
    { 9, 29, 194, 3, 19, 66, 2140 }, // U+208D
    { 9, 29, 194, 0, 19, 66, 2206 }, // U+208E
    { 17, 18, 311, 1, 12, 77, 2272 }, // U+2090
    { 17, 18, 310, 1, 12, 77, 2349 }, // U+2091
    { 18, 18, 325, 1, 12, 81, 2426 }, // U+2092
    { 19, 17, 301, 0, 12, 81, 2507 }, // U+2093
    { 17, 18, 310, 1, 12, 77, 2588 }, // U+2094
    { 17, 23, 338, 2, 18, 98, 2665 }, // U+2095
    { 19, 23, 317, 2, 18, 110, 2763 }, // U+2096
    { 6, 23, 155, 2, 18, 35, 2873 }, // U+2097
    { 28, 17, 507, 2, 12, 119, 2908 }, // U+2098
    { 17, 17, 338, 2, 12, 73, 3027 }, // U+2099
    { 17, 24, 329, 2, 12, 102, 3100 }, // U+209A
    { 14, 18, 261, 1, 12, 63, 3202 }, // U+209B
    { 14, 22, 219, 0, 16, 77, 3265 }, // U+209C
    { 27, 37, 458, 1, 37, 250, 0 }, // U+20A0
    { 29, 41, 487, 1, 38, 298, 250 }, // U+20A1
    { 27, 38, 458, 1, 37, 257, 548 }, // U+20A2
    { 26, 36, 458, 0, 36, 234, 805 }, // U+20A3
    { 26, 37, 458, 2, 37, 241, 1039 }, // U+20A4
    { 43, 40, 780, 3, 34, 430, 1280 }, // U+20A5
    { 29, 36, 458, 0, 36, 261, 1710 }, // U+20A6
    { 40, 37, 712, 3, 36, 370, 1971 }, // U+20A7
    { 42, 37, 734, 3, 36, 389, 2341 }, // U+20A8
    { 37, 36, 590, 0, 36, 333, 2730 }, // U+20A9
    { 38, 36, 735, 4, 36, 342, 3063 }, // U+20AA
    { 30, 46, 516, 2, 38, 345, 3405 }, // U+20AB
    { 28, 37, 458, 1, 36, 259, 3750 }, // U+20AC
    { 29, 36, 458, 0, 36, 261, 4009 }, // U+20AD
    { 27, 36, 458, 1, 36, 243, 4270 }, // U+20AE
    { 48, 49, 808, 1, 37, 588, 4513 }, // U+20AF
    { 28, 49, 488, 0, 37, 343, 5101 }, // U+20B0
    { 29, 36, 458, 0, 36, 261, 5444 }, // U+20B1
    { 31, 42, 587, 2, 38, 326, 5705 }, // U+20B2
    { 33, 36, 520, 0, 36, 297, 6031 }, // U+20B3
    { 29, 38, 458, 0, 37, 276, 6328 }, // U+20B4
    { 29, 42, 510, 2, 38, 305, 6604 }, // U+20B5
    { 33, 35, 557, 1, 34, 289, 6909 }, // U+20B6
    { 34, 41, 585, 1, 37, 349, 7198 }, // U+20B7
    { 27, 36, 458, 1, 36, 243, 7547 }, // U+20B8
    { 23, 36, 458, 3, 36, 207, 7790 }, // U+20B9
    { 28, 37, 458, 0, 36, 259, 7997 }, // U+20BA
    { 40, 38, 650, 0, 37, 380, 8256 }, // U+20BB
    { 40, 36, 699, 2, 36, 360, 8636 }, // U+20BC
    { 30, 36, 480, 0, 36, 270, 8996 }, // U+20BD
    { 35, 39, 631, 2, 39, 342, 9266 }, // U+20BE
    { 23, 46, 458, 4, 41, 265, 9608 }, // U+20BF
    { 23, 37, 419, 2, 28, 213, 9873 }, // U+20C0
    { 25, 7, 465, 2, 21, 44, 0 }, // U+2212
    { 40, 39, 618, 1, 39, 390, 0 }, // U+FB00
    { 30, 39, 548, 1, 39, 293, 390 }, // U+FB01
    { 30, 39, 554, 1, 39, 293, 683 }, // U+FB02
    { 50, 39, 857, 1, 39, 488, 976 }, // U+FB03
    { 49, 39, 863, 1, 39, 478, 1464 }, // U+FB04
    { 35, 40, 626, 3, 39, 350, 1942 }, // U+FB05
    { 43, 40, 745, 2, 39, 430, 2292 }, // U+FB06
    { 46, 46, 800, 2, 38, 529, 0 }, // U+FFFD
};

static const EpdUnicodeInterval notosans_24_boldIntervals[] = {
    { 0x0, 0x0, 0x0 },
    { 0xD, 0xD, 0x1 },
    { 0x20, 0x7E, 0x2 },
    { 0xA0, 0x17F, 0x61 },
    { 0x1A0, 0x1A1, 0x141 },
    { 0x1AF, 0x1B0, 0x143 },
    { 0x1C4, 0x21F, 0x145 },
    { 0x300, 0x36F, 0x1A1 },
    { 0x400, 0x4FF, 0x211 },
    { 0x1EA0, 0x1EF9, 0x311 },
    { 0x2000, 0x2064, 0x36B },
    { 0x2066, 0x2071, 0x3D0 },
    { 0x2074, 0x208E, 0x3DC },
    { 0x2090, 0x209C, 0x3F7 },
    { 0x20A0, 0x20C0, 0x404 },
    { 0x2212, 0x2212, 0x425 },
    { 0xFB00, 0xFB06, 0x426 },
    { 0xFFFD, 0xFFFD, 0x42D },
};

static const EpdFontGroup notosans_24_boldGroups[] = {
    { 0, 5976, 21182, 97, 0 },
    { 5976, 5358, 25500, 96, 97 },
    { 11334, 6597, 39187, 128, 193 },
    { 17931, 6798, 35872, 96, 321 },
    { 24729, 2276, 5481, 112, 417 },
    { 27005, 14721, 65353, 204, 529 },
    { 41726, 4214, 17480, 52, 733 },
    { 45940, 4520, 34478, 90, 785 },
    { 50460, 3797, 14228, 111, 875 },
    { 54257, 1137, 3817, 42, 986 },
    { 55394, 3257, 10563, 33, 1028 },
    { 58651, 15, 49, 1, 1061 },
    { 58666, 527, 2828, 7, 1062 },
    { 59193, 211, 552, 1, 1069 },
};

static const uint16_t notosans_24_boldKernLeftCodepoints[] = {
    0x0022, 0x0026, 0x0027, 0x0028, 0x002C, 0x002D, 0x002E, 0x003A, 0x0041, 0x0042, 0x0043, 0x0044,
    0x0045, 0x0046, 0x004B, 0x004C, 0x004F, 0x0050, 0x0051, 0x0052, 0x0054, 0x0055, 0x0056, 0x0057,
    0x0058, 0x0059, 0x005A, 0x005B, 0x005F, 0x0061, 0x0062, 0x0063, 0x0065, 0x0066, 0x0068, 0x006D,
    0x006E, 0x006F, 0x0070, 0x0072, 0x0074, 0x0076, 0x0077, 0x0078, 0x0079, 0x007B, 0x00A1, 0x00AB,
    0x00BB, 0x00BF, 0x00C0, 0x00C1, 0x00C2, 0x00C3, 0x00C4, 0x00C5, 0x00C6, 0x00C7, 0x00C8, 0x00C9,
    0x00CA, 0x00CB, 0x00D0, 0x00D2, 0x00D3, 0x00D4, 0x00D5, 0x00D6, 0x00D8, 0x00D9, 0x00DA, 0x00DB,
    0x00DC, 0x00DD, 0x00DE, 0x00E0, 0x00E1, 0x00E2, 0x00E3, 0x00E4, 0x00E5, 0x00E6, 0x00E8, 0x00E9,
    0x00EA, 0x00EB, 0x00EE, 0x00EF, 0x00F0, 0x00F2, 0x00F3, 0x00F4, 0x00F5, 0x00F6, 0x00F8, 0x00FD,
    0x00FE, 0x00FF, 0x0100, 0x0101, 0x0102, 0x0103, 0x0104, 0x0105, 0x0106, 0x0108, 0x010A, 0x010C,
    0x010E, 0x010F, 0x0110, 0x0112, 0x0113, 0x0114, 0x0115, 0x0116, 0x0117, 0x0118, 0x0119, 0x011A,
    0x011B, 0x0125, 0x0129, 0x012B, 0x012E, 0x0136, 0x0138, 0x0139, 0x013B, 0x013D, 0x013E, 0x013F,
    0x0141, 0x0144, 0x0146, 0x0149, 0x014B, 0x014C, 0x014D, 0x014E, 0x014F, 0x0150, 0x0151, 0x0152,
    0x0153, 0x0155, 0x0157, 0x0159, 0x0162, 0x0163, 0x0164, 0x0165, 0x0166, 0x0167, 0x0168, 0x016A,
    0x016C, 0x016E, 0x0170, 0x0172, 0x0174, 0x0175, 0x0176, 0x0177, 0x0178, 0x0179, 0x017B, 0x017D,
    0x01A0, 0x01A1, 0x01AF, 0x01B0, 0x01FA, 0x01FB, 0x01FC, 0x01FD, 0x01FE, 0x020B, 0x021A, 0x021B,
    0x0400, 0x0401, 0x0402, 0x0403, 0x0404, 0x0405, 0x0409, 0x040A, 0x040B, 0x040C, 0x040E, 0x0410,
    0x0411, 0x0412, 0x0413, 0x0414, 0x0415, 0x0416, 0x0417, 0x041A, 0x041E, 0x0420, 0x0421, 0x0422,
    0x0423, 0x0424, 0x0425, 0x0426, 0x0429, 0x042A, 0x042C, 0x042D, 0x042E, 0x0430, 0x0431, 0x0432,
    0x0433, 0x0434, 0x0435, 0x0436, 0x0437, 0x0438, 0x0439, 0x043A, 0x043B, 0x043C, 0x043D, 0x043E,
    0x043F, 0x0440, 0x0441, 0x0442, 0x0443, 0x0444, 0x0445, 0x0446, 0x0447, 0x0448, 0x0449, 0x044A,
    0x044B, 0x044C, 0x044D, 0x044E, 0x044F, 0x0450, 0x0451, 0x0452, 0x0453, 0x0454, 0x0455, 0x0457,
    0x0458, 0x0459, 0x045A, 0x045B, 0x045C, 0x045D, 0x045E, 0x045F, 0x0460, 0x0461, 0x0462, 0x0463,
    0x0464, 0x0465, 0x0466, 0x0467, 0x0468, 0x0469, 0x046E, 0x0471, 0x0472, 0x0473, 0x0474, 0x0475,
    0x0476, 0x0477, 0x0478, 0x0479, 0x047A, 0x047B, 0x047C, 0x047D, 0x047E, 0x047F, 0x0480, 0x048A,
    0x048B, 0x048C, 0x048D, 0x048E, 0x048F, 0x0490, 0x0491, 0x0492, 0x0493, 0x0496, 0x0497, 0x0498,
    0x0499, 0x049A, 0x049B, 0x049C, 0x049D, 0x049E, 0x049F, 0x04A0, 0x04A1, 0x04A2, 0x04A3, 0x04A4,
    0x04A5, 0x04A9, 0x04AA, 0x04AB, 0x04AC, 0x04AD, 0x04AE, 0x04AF, 0x04B0, 0x04B1, 0x04B2, 0x04B3,
    0x04B4, 0x04B5, 0x04B6, 0x04B7, 0x04BC, 0x04BD, 0x04BE, 0x04BF, 0x04C1, 0x04C2, 0x04C5, 0x04C6,
    0x04C9, 0x04CA, 0x04CD, 0x04CE, 0x04D0, 0x04D1, 0x04D2, 0x04D3, 0x04D4, 0x04D5, 0x04D6, 0x04D7,
    0x04D8, 0x04D9, 0x04DA, 0x04DB, 0x04DC, 0x04DD, 0x04DE, 0x04DF, 0x04E3, 0x04E5, 0x04E6, 0x04E7,
    0x04E8, 0x04E9, 0x04EA, 0x04EB, 0x04EC, 0x04ED, 0x04EE, 0x04EF, 0x04F0, 0x04F1, 0x04F2, 0x04F3,
    0x04F5, 0x04F6, 0x04F7, 0x04F9, 0x04FA, 0x04FB, 0x04FC, 0x04FD, 0x04FE, 0x04FF, 0x1EA0, 0x1EA1,
    0x1EA2, 0x1EA3, 0x1EA4, 0x1EA5, 0x1EA6, 0x1EA7, 0x1EA8, 0x1EA9, 0x1EAA, 0x1EAB, 0x1EAC, 0x1EAD,
    0x1EAE, 0x1EAF, 0x1EB0, 0x1EB1, 0x1EB2, 0x1EB3, 0x1EB4, 0x1EB5, 0x1EB6, 0x1EB7, 0x1EB8, 0x1EB9,
    0x1EBA, 0x1EBB, 0x1EBC, 0x1EBD, 0x1EBE, 0x1EBF, 0x1EC0, 0x1EC1, 0x1EC2, 0x1EC3, 0x1EC4, 0x1EC5,
    0x1EC6, 0x1EC7, 0x1ECC, 0x1ECD, 0x1ECE, 0x1ECF, 0x1ED0, 0x1ED1, 0x1ED2, 0x1ED3, 0x1ED4, 0x1ED5,
    0x1ED6, 0x1ED7, 0x1ED8, 0x1ED9, 0x1EDA, 0x1EDB, 0x1EDC, 0x1EDD, 0x1EDE, 0x1EDF, 0x1EE0, 0x1EE1,
    0x1EE2, 0x1EE3, 0x1EE4, 0x1EE6, 0x1EE8, 0x1EE9, 0x1EEA, 0x1EEB, 0x1EEC, 0x1EED, 0x1EEE, 0x1EEF,
    0x1EF0, 0x1EF1, 0x1EF2, 0x1EF3, 0x1EF4, 0x1EF5, 0x1EF6, 0x1EF7, 0x1EF8, 0x1EF9, 0x2013, 0x2014,
    0x2015, 0x2018, 0x2019, 0x201A, 0x201C, 0x201D, 0x201E, 0x2039, 0x203A, 0xFB00,
};

static const uint8_t notosans_24_boldKernLeftClassIds[] = {
      1,   2,   1,   3,   4,   5,   4,   6,   7,   8,   9,  10,  11,  12,   9,  13,
     10,  14,  10,  15,  16,  17,  18,  18,   9,  19,  20,   3,  21,  22,  23,  24,
     23,  25,  22,  22,  22,  23,  23,  26,  24,  27,  27,  28,  27,   3,  29,  30,
     31,  32,   7,   7,   7,   7,   7,   7,  11,   9,  11,  11,  11,  11,  10,  10,
     10,  10,  10,  10,  10,  17,  17,  17,  17,  19,  14,  22,  22,  22,  22,  22,
     22,  23,  23,  23,  23,  23,  33,  33,  23,  23,  23,  23,  23,  23,  23,  27,
     23,  27,   7,  22,   7,  22,  34,  22,   9,   9,   9,   9,  10,  35,  10,  11,
     23,  11,  23,  11,  23,  11,  23,  11,  23,  22,  36,  33,  37,   9,  28,  13,
     13,  13,  35,  13,  13,  22,  22,  22,  22,  10,  23,  10,  23,  10,  23,  11,
     23,  26,  26,  26,  16,  24,  16,  38,  16,  24,  17,  17,  17,  17,  17,  17,
     18,  27,  19,  27,  19,  20,  20,  20,  39,  40,  41,  42,   7,  22,  11,  23,
     10,  33,  16,  24,  43,  43,  44,  45,  46,  47,  48,  48,  44,  49,  50,  51,
     52,  53,  45,  54,  43,  49,  53,  49,  55,  56,  46,  45,  50,  57,  49,  54,
     54,  48,  48,  55,  55,  58,  59,  60,  61,  62,  63,  64,  60,  65,  65,  64,
     65,  65,  65,  63,  65,  63,  66,  61,  67,  63,  64,  62,  65,  65,  62,  68,
     65,  68,  63,  63,  65,  63,  63,  69,  70,  66,  71,  72,  73,  68,  68,  74,
     64,  65,  67,  65,  55,  75,  76,  68,  46,  66,  51,  77,  51,  77,  78,  63,
     55,  63,  50,  75,  50,  75,  67,  67,  55,  63,  55,  63,  55,  75,  46,  54,
     62,  76,  68,  56,  63,  79,  80,  81,  82,  83,  84,  78,  60,  83,  84,  49,
     64,  49,  64,  49,  64,  54,  62,  81,  80,  63,  46,  66,  79,  80,  85,  86,
     85,  86,  83,  84,  54,  62,  54,  62,  87,  88,  87,  88,  49,  64,  54,  62,
     54,  62,  54,  62,  51,  58,  51,  58,  43,  88,  43,  88,  55,  63,  55,  63,
     49,  64,  78,  60,  65,  65,  55,  63,  55,  63,  55,  63,  55,  63,  50,  67,
     50,  67,  50,  67,  65,  79,  80,  65,  81,  82,  83,  84,  49,  84,   7,  22,
      7,  22,   7,  22,   7,  22,   7,  22,   7,  22,   7,  22,   7,  22,   7,  22,
      7,  22,   7,  22,   7,  22,  11,  23,  11,  23,  11,  23,  11,  23,  11,  23,
     11,  23,  11,  23,  11,  23,  10,  23,  10,  23,  10,  23,  10,  23,  10,  23,
     10,  23,  10,  23,  39,  40,  39,  40,  39,  40,  39,  40,  39,  40,  17,  17,
     41,  42,  41,  42,  41,  42,  41,  42,  41,  42,  19,  27,  19,  27,  19,  27,
     19,  27,   5,   5,   5,   1,   1,   4,   1,   1,   4,  30,  31,  25,
};

static const uint16_t notosans_24_boldKernRightCodepoints[] = {
    0x0021, 0x0022, 0x0026, 0x0027, 0x0029, 0x002C, 0x002D, 0x002E, 0x003A, 0x003B, 0x003F, 0x0041,
    0x0043, 0x0047, 0x0049, 0x004A, 0x004F, 0x0051, 0x0054, 0x0055, 0x0056, 0x0057, 0x0058, 0x0059,
    0x005A, 0x005D, 0x0061, 0x0062, 0x0063, 0x0064, 0x0065, 0x0066, 0x0067, 0x0068, 0x006A, 0x006B,
    0x006C, 0x006D, 0x006E, 0x006F, 0x0070, 0x0071, 0x0072, 0x0073, 0x0074, 0x0075, 0x0076, 0x0077,
    0x0078, 0x0079, 0x007A, 0x007D, 0x00AB, 0x00BB, 0x00C0, 0x00C1, 0x00C2, 0x00C3, 0x00C4, 0x00C5,
    0x00C6, 0x00C7, 0x00D2, 0x00D3, 0x00D4, 0x00D5, 0x00D6, 0x00D8, 0x00D9, 0x00DA, 0x00DB, 0x00DC,
    0x00DD, 0x00E0, 0x00E1, 0x00E2, 0x00E3, 0x00E4, 0x00E5, 0x00E6, 0x00E7, 0x00E8, 0x00E9, 0x00EA,
    0x00EB, 0x00F2, 0x00F3, 0x00F4, 0x00F5, 0x00F6, 0x00F8, 0x00F9, 0x00FA, 0x00FB, 0x00FC, 0x00FD,
    0x00FE, 0x00FF, 0x0100, 0x0101, 0x0102, 0x0103, 0x0104, 0x0105, 0x0106, 0x0107, 0x0108, 0x0109,
    0x010A, 0x010B, 0x010C, 0x010D, 0x010F, 0x0111, 0x0113, 0x0115, 0x0117, 0x0119, 0x011B, 0x011C,
    0x011D, 0x011E, 0x011F, 0x0120, 0x0121, 0x0122, 0x0123, 0x0125, 0x0127, 0x0129, 0x0137, 0x0138,
    0x013A, 0x013C, 0x013E, 0x0140, 0x0144, 0x0146, 0x014B, 0x014C, 0x014D, 0x014E, 0x014F, 0x0150,
    0x0151, 0x0152, 0x0153, 0x0155, 0x0157, 0x015B, 0x015F, 0x0162, 0x0163, 0x0164, 0x0165, 0x0166,
    0x0167, 0x0168, 0x0169, 0x016A, 0x016B, 0x016C, 0x016D, 0x016E, 0x016F, 0x0170, 0x0171, 0x0172,
    0x0173, 0x0174, 0x0175, 0x0176, 0x0177, 0x0178, 0x0179, 0x017A, 0x017B, 0x017C, 0x017D, 0x017E,
    0x01A0, 0x01A1, 0x01AF, 0x01B0, 0x01FA, 0x01FB, 0x01FC, 0x01FD, 0x01FE, 0x01FF, 0x0219, 0x021A,
    0x021B, 0x0402, 0x0404, 0x0405, 0x0408, 0x0409, 0x040B, 0x040E, 0x0410, 0x0414, 0x0416, 0x0417,
    0x041B, 0x041E, 0x0421, 0x0422, 0x0423, 0x0424, 0x0425, 0x0427, 0x042A, 0x042D, 0x042F, 0x0430,
    0x0431, 0x0432, 0x0433, 0x0434, 0x0435, 0x0436, 0x0437, 0x0438, 0x0439, 0x043A, 0x043B, 0x043C,
    0x043D, 0x043E, 0x043F, 0x0440, 0x0441, 0x0442, 0x0443, 0x0444, 0x0445, 0x0446, 0x0447, 0x0448,
    0x0449, 0x044A, 0x044B, 0x044C, 0x044D, 0x044E, 0x044F, 0x0450, 0x0451, 0x0452, 0x0453, 0x0454,
    0x0455, 0x0457, 0x0458, 0x0459, 0x045A, 0x045B, 0x045C, 0x045D, 0x045E, 0x045F, 0x0460, 0x0461,
    0x0462, 0x0465, 0x0466, 0x0467, 0x0469, 0x046D, 0x046E, 0x0470, 0x0472, 0x0473, 0x0474, 0x0475,
    0x0476, 0x0477, 0x0478, 0x0479, 0x047A, 0x047B, 0x047C, 0x047D, 0x047E, 0x047F, 0x0480, 0x0481,
    0x048B, 0x048C, 0x048D, 0x048F, 0x0491, 0x0492, 0x0495, 0x0496, 0x0497, 0x0498, 0x0499, 0x049B,
    0x049D, 0x049F, 0x04A0, 0x04A1, 0x04A3, 0x04A5, 0x04A7, 0x04A8, 0x04A9, 0x04AA, 0x04AB, 0x04AC,
    0x04AD, 0x04AE, 0x04AF, 0x04B0, 0x04B1, 0x04B2, 0x04B3, 0x04B4, 0x04B5, 0x04B6, 0x04B7, 0x04B8,
    0x04B9, 0x04BB, 0x04BC, 0x04BD, 0x04BE, 0x04BF, 0x04C1, 0x04C2, 0x04C4, 0x04C5, 0x04C6, 0x04C8,
    0x04CA, 0x04CB, 0x04CC, 0x04CE, 0x04D0, 0x04D1, 0x04D2, 0x04D3, 0x04D4, 0x04D5, 0x04D7, 0x04D8,
    0x04D9, 0x04DA, 0x04DB, 0x04DC, 0x04DD, 0x04DE, 0x04DF, 0x04E3, 0x04E5, 0x04E6, 0x04E7, 0x04E8,
    0x04E9, 0x04EA, 0x04EB, 0x04EC, 0x04ED, 0x04EE, 0x04EF, 0x04F0, 0x04F1, 0x04F2, 0x04F3, 0x04F4,
    0x04F5, 0x04F7, 0x04F9, 0x04FA, 0x04FC, 0x04FD, 0x04FE, 0x04FF, 0x1EA0, 0x1EA1, 0x1EA2, 0x1EA3,
    0x1EA4, 0x1EA5, 0x1EA6, 0x1EA7, 0x1EA8, 0x1EA9, 0x1EAA, 0x1EAB, 0x1EAC, 0x1EAD, 0x1EAE, 0x1EAF,
    0x1EB0, 0x1EB1, 0x1EB2, 0x1EB3, 0x1EB4, 0x1EB5, 0x1EB6, 0x1EB7, 0x1EB9, 0x1EBB, 0x1EBD, 0x1EBF,
    0x1EC1, 0x1EC3, 0x1EC5, 0x1EC7, 0x1ECC, 0x1ECD, 0x1ECE, 0x1ECF, 0x1ED0, 0x1ED1, 0x1ED2, 0x1ED3,
    0x1ED4, 0x1ED5, 0x1ED6, 0x1ED7, 0x1ED8, 0x1ED9, 0x1EDA, 0x1EDB, 0x1EDC, 0x1EDD, 0x1EDE, 0x1EDF,
    0x1EE0, 0x1EE1, 0x1EE2, 0x1EE3, 0x1EE4, 0x1EE5, 0x1EE6, 0x1EE7, 0x1EE8, 0x1EE9, 0x1EEA, 0x1EEB,
    0x1EEC, 0x1EED, 0x1EEE, 0x1EEF, 0x1EF0, 0x1EF1, 0x1EF2, 0x1EF4, 0x1EF5, 0x1EF6, 0x1EF7, 0x1EF8,
    0x1EF9, 0x2013, 0x2014, 0x2015, 0x2018, 0x2019, 0x201A, 0x201C, 0x201D, 0x201E, 0x2026, 0x2039,
    0x203A, 0xFB00, 0xFB01, 0xFB02, 0xFB03, 0xFB04,
};

static const uint8_t notosans_24_boldKernRightClassIds[] = {
      1,   2,   3,   2,   4,   5,   6,   5,   7,   7,   8,   9,  10,  10,  11,  12,
     10,  10,  13,  14,  15,  15,  16,  17,  18,   4,  19,  20,  21,  21,  21,  22,
     23,  20,  24,  20,  20,  25,  25,  21,  25,  21,  25,  26,  22,  25,  27,  27,
     27,  27,  28,   4,  29,  30,   9,   9,   9,   9,   9,   9,  31,  10,  10,  10,
     10,  10,  10,  10,  14,  14,  14,  14,  17,  21,  19,  19,  19,  19,  19,  19,
     21,  21,  21,  21,  21,  21,  21,  21,  21,  21,  21,  25,  25,  25,  25,  27,
     20,  27,   9,  19,   9,  19,   9,  19,  10,  21,  10,  21,  10,  21,  10,  21,
     21,  21,  21,  21,  21,  21,  21,  10,  23,  10,  23,  10,  23,  10,  23,  20,
     32,  33,  20,  25,  20,  20,  20,  20,  25,  25,  25,  10,  21,  10,  21,  10,
     21,  10,  21,  25,  25,  26,  26,  13,  22,  13,  22,  13,  22,  14,  25,  14,
     25,  14,  25,  14,  25,  14,  25,  14,  25,  15,  27,  17,  27,  17,  18,  28,
     18,  28,  18,  28,  10,  21,  14,  25,   9,  19,  31,  19,  10,  21,  26,  13,
     22,  34,  35,  36,  37,  38,  34,  39,  40,  41,  42,  43,  38,  35,  35,  34,
     39,  44,  42,  45,  34,  43,  46,  47,  48,  49,  49,  50,  51,  52,  53,  49,
     49,  49,  54,  49,  49,  51,  49,  49,  51,  55,  56,  51,  52,  49,  57,  49,
     49,  55,  49,  49,  53,  49,  58,  51,  51,  59,  49,  51,  60,  61,  62,  54,
     49,  59,  49,  49,  56,  49,  63,  64,  65,  66,  40,  50,  66,  66,  43,  45,
     63,  47,  67,  64,  67,  64,  63,  47,  63,  47,  63,  47,  63,  64,  63,  47,
     66,  65,  59,  66,  66,  65,  66,  42,  52,  43,  53,  66,  66,  59,  68,  55,
     66,  66,  66,  63,  47,  63,  47,  34,  55,  69,  70,  69,  70,  42,  52,  68,
     55,  45,  57,  45,  57,  66,  71,  72,  71,  72,  42,  52,  66,  73,  50,  66,
     66,  45,  57,  66,  40,  74,  40,  74,  40,  74,  47,  75,  74,  75,  74,  42,
     52,  43,  53,  49,  49,  63,  47,  63,  47,  63,  47,  43,  53,  39,  56,  39,
     56,  39,  56,  45,  57,  66,  49,  65,  42,  52,  42,  52,   9,  19,   9,  19,
      9,  19,   9,  19,   9,  19,   9,  19,   9,  19,   9,  19,   9,  19,   9,  19,
      9,  19,   9,  19,  21,  21,  21,  21,  21,  21,  21,  21,  10,  21,  10,  21,
     10,  21,  10,  21,  10,  21,  10,  21,  10,  21,  10,  21,  10,  21,  10,  21,
     10,  21,  10,  21,  14,  25,  14,  25,  14,  25,  14,  25,  14,  25,  14,  25,
     14,  25,  17,  17,  27,  17,  27,  17,  27,   6,   6,   6,  76,   2,   5,  76,
      2,   5,   5,  29,  30,  22,  22,  22,  22,  22,
};

static const uint16_t notosans_24_boldKernRowOffsets[] = {
        0,    29,    32,    37,    54,    61,    66,    72,    73,    75,    82,    83,    87,    93,   100,   101,
      117,   119,   130,   143,   145,   146,   147,   150,   151,   154,   159,   162,   163,   167,   173,   182,
      186,   187,   193,   200,   202,   203,   208,   214,   217,   227,   230,   231,   244,   269,   275,   277,
      288,   303,   332,   351,   353,   357,   369,   385,   402,   420,   426,   438,   446,   457,   469,   481,
      493,   495,   499,   511,   529,   535,   549,   553,   557,   559,   564,   566,   573,   581,   584,   609,
      616,   632,   635,   640,   642,   654,   656,   659,   662,
};

static const uint8_t notosans_24_boldKernSparseCols[] = {
      8,  12,  14,  16,  18,  20,  22,  24,  25,  30,  32,  33,  37,  38,  39,  40,
     41,  43,  46,  49,  52,  53,  54,  55,  58,  60,  67,  72,  73,  12,  14,  16,
     11,  23,  36,  43,  61,   9,  12,  13,  14,  16,  33,  36,  38,  43,  44,  54,
     56,  62,  66,  67,  68,  70,  12,  33,  38,  41,  51,  54,  67,  33,  41,  43,
     44,  56,   1,   9,  11,  12,  14,  16,   4,   9,  28,   4,   8,  12,  14,  15,
     16,  17,  11,   3,   4,   7,   8,   1,   9,  12,  13,  14,  16,   2,   4,   8,
     15,  17,  28,  30,  28,   2,   4,   5,   7,   8,   9,  12,  18,  20,  22,  24,
     25,  26,  27,  28,  29,   4,   8,   4,   7,   8,   9,  18,  20,  22,  24,  25,
     28,  29,   2,   4,   7,   8,   9,  18,  20,  22,  24,  25,  27,  28,  29,   9,
     28,  11,   1,   1,  26,  27,   1,   1,   3,   4,   1,   4,  18,  20,  22,   1,
      4,   7,  20,  11,  12,  14,  16,  12,  14,  16,  33,  39,  67,  12,  14,  15,
     16,  33,  38,  41,  44,  67,  11,  12,  14,  16,   3,   1,   9,  11,  12,  14,
     16,   0,   1,   3,   7,  19,  31,  75,   3,  32,  11,   0,   1,   3,   7,  75,
      8,  10,  12,  14,  15,  16,  19,  21,  26,   8,   9,  10,  12,  14,  15,  16,
     18,  20,  22,  19,  21,  26,  36,   1,  33,  38,  44,  54,  55,  56,  64,  66,
     67,  68,  69,  75,   1,   4,   5,   6,  29,  33,  34,  37,  39,  40,  43,  46,
     47,  48,  49,  50,  51,  52,  53,  54,  55,  56,  57,  59,  67,  28,  34,  43,
     56,  62,  70,   4,  43,   1,   4,  33,  38,  44,  51,  54,  55,  57,  67,  75,
      1,   5,   6,  28,  34,  43,  44,  46,  47,  50,  54,  55,  56,  62,  70,   1,
      4,   5,   6,  28,  29,  34,  35,  37,  39,  40,  43,  45,  46,  47,  48,  49,
     50,  51,  52,  53,  56,  57,  58,  59,  62,  70,  71,  72,   1,  29,  33,  34,
     36,  38,  43,  44,  50,  54,  55,  56,  64,  66,  67,  68,  70,  74,  75,  51,
     55,   3,  51,  56,  57,   4,  36,  37,  40,  43,  44,  49,  53,  54,  55,  56,
     61,   4,  33,  37,  38,  39,  40,  41,  42,  49,  51,  53,  57,  66,  67,  68,
     72,   4,   5,   6,  28,  29,  37,  38,  39,  40,  41,  43,  46,  49,  50,  53,
     57,  72,   1,   3,   4,   6,  33,  35,  37,  38,  39,  40,  41,  42,  45,  49,
     51,  53,  57,  67,   1,  33,  38,  51,  54,  55,   1,  33,  38,  39,  41,  45,
     49,  51,  54,  55,  56,  57,   3,  33,  38,  41,  45,  51,  54,  55,   1,   4,
      5,  37,  39,  40,  41,  49,  50,  53,  75,   1,   4,  33,  36,  37,  40,  44,
     49,  53,  54,  56,  61,   1,  33,  38,  39,  41,  45,  49,  51,  54,  55,  56,
     57,   5,  33,  34,  38,  43,  44,  46,  50,  56,  57,  71,  75,  33,  58,   1,
     33,  50,  57,   1,   4,  37,  39,  40,  41,  46,  49,  50,  53,  57,  75,   1,
      6,  33,  38,  39,  41,  43,  44,  45,  51,  54,  55,  56,  57,  63,  69,  71,
     75,   1,  33,  36,  54,  55,  61,   1,   4,   5,  37,  38,  39,  40,  41,  49,
     50,  53,  58,  60,  75,  33,  38,  45,  57,   1,  33,  58,  60,  36,  61,   1,
     33,  36,  54,  55,   4,  49,   1,  33,  44,  54,  66,  67,  68,   1,  46,  54,
     55,  56,  63,  69,  71,   4,  66,  68,   4,   5,  28,  29,  33,  34,  37,  39,
     40,  43,  46,  49,  51,  52,  54,  55,  56,  62,  63,  65,  69,  70,  71,  72,
     73,   4,   5,  39,  46,  49,  50,  53,   4,   5,  33,  39,  46,  49,  51,  52,
     56,  58,  62,  65,  67,  70,  71,  72,   4,  46,  49,  54,  56,  62,  70,  71,
     46,  56,   4,  39,  46,  49,  56,  58,  62,  65,  71,  72,  73,  74,   4,  49,
     33,  66,  68,   1,  51,  55,
};

static const int8_t notosans_24_boldKernSparseValues[] = {
     -56,   16,   16,    8,  -32,  -48,  -24,  -24,  -24,  -64,   56,   16,  -24,   16,  -56,  -48,
      16,   -8,  -32,  -56,   16,  -40,   24,   16,   24,   24,   16,  -48,  -16,  -48,  -16,  -24,
      72,   32,   80,  -24,   48,  -40,  -56,  -16,  -48,  -48,  -40,   48,  -16,  -32,  -64,  -32,
     -48,  -40,  -48,  -56,  -48,  -48,  -32,  -32,  -16,   -8,   -8,  -16,  -32,  -10,   -3,   -3,
      -3,   -3,  -56,  -16,   40,  -56,  -32,  -48,   -8,  -16,  -16,  -32,  -16,  -24,   -8,  -16,
      -8,   -8,   48,   16,  -48,   16,  -16,  -64,  -16,  -16,   -8,  -16,  -24,   -8, -104,  -40,
     -16,   -8,  -16,  -24,   -8,  -16,  -48,  -32,   16,  -56,  -16,   16,  -64,  -56,  -56,  -40,
     -48,  -16,  -32,  -48,  -24,  -16,   -8,  -40,   16,  -32,   -8,  -16,  -16,   -8,   -8,   -8,
     -24,   -8,  -24,  -48,   16,  -48,  -16,  -40,  -40,  -40,  -24,  -32,  -16,  -64,  -24,   -8,
     -16,   76,   -8,   -8,  -16,   -8,   16,   48,   32,  -16,   32, -128,  -16,  -16,   -8,   32,
     -32,   16,  -16,   40,  -16,   -8,  -24,  -24,   -8,  -24,  -24,   -8,   -8,  -48,  -24,  -16,
     -64,  -48,  -16,  -16,  -16,  -32,   80,  -32,  -24,  -32,   40,  -56,  -16,   88,  -56,  -32,
     -48,   94,   84,  116,  106,   24,   56,   74,   40,   94,   40,  105,  107,  127,  112,   75,
     -16,   16,   48,   56,   40,   48,   16,   32,   40,  -24,   -8,   16,   56,   56,   40,   48,
     -24,  -16,  -16,   16,   40,   40,   40,  -56,  -40,  -16,  -24,  -16,  -16,  -16,  -16,  -32,
     -48,  -40,  -16,  -24,   16,  -40,  -32,  -24,  -24,   16,  -16,  -20,  -56,  -20,  -28,  -32,
     -16,  -24,  -32,  -32,   -8,   -8,  -24,   -8,   -6,  -24,  -32,  -16,    8,  -16,  -16,  -24,
     -16,  -16,  -16,  -16,   -8,  -72,   -8,  -48,  -16,  -24,  -16,  -16,  -16,  -16,  -24,  -48,
      16,   -8,   -8,  -16,  -16,  -32,   -8,   -8,  -16,  -16,   -8,   -8,  -16,  -16,  -40,   16,
     -56,  -16,   -8,  -40,  -16,  -32,  -16,  -62,  -96,  -85,  -24,  -29,  -40,  -32,   -8,  -75,
     -58,  -24,  -16,  -40,  -16,  -40,   40,  -24,   -8,  -16,  -24,  -40,  -56,   -8,  -56,  -16,
      40,  -14,  -28,  -48,   -8,  -24,  -16,  -24,  -16,  -32,  -40,  -48,  -40,   -8,  -32,   -8,
      -8,   -8,   -8,  -12,   -8,   24,   72,   24,   32,   -8,  -20,   24,   24,   -8,   24,  -16,
      56,  -32,  -16,   -8,  -32,  -16,   -8,  -16,   -8,   -8,  -12,   -8,   -8,   -8,   -8,   -8,
     -16, -104,   -8,   -8,  -16,   -8,  -48,  -16,  -40,  -48,  -16,   -8,  -20,  -40,   -8,  -32,
      -8,  -48,   -8,  -10,  -32,   -8,  -28,   -8,  -15,  -24,  -28,  -24,  -32,  -24,   -8,  -20,
     -12,  -12,   -8,  -16,   -8,  -32,  -27,  -16,   -8,   -8,   -5,  -48,  -30,   -8,  -24,  -16,
      -8,  -16,   -8,  -24,   -8,   -8,   -3,  -24,   -8,   -8,   -8,  -16,   -8,   -8,   24,  -32,
     -16,  -16,  -24,  -24,   -8,  -32,   -8,  -24,   32,   -8,   16,  -24,   80,   16,   24,  -12,
      16,   20,  -12,  -24,   48,   -5,  -32,  -30,   -8,  -16,  -16,   -8,  -16,   -8,  -24,   -8,
      -8,   -8,   -8,  -12,   -8,  -12,   -8,  -16,  -16,  -16,   -8,  -16,   24,  -24,   -2,   16,
     -16,   -8,   -8,   16,  -32,  -16,  -16,  -24,   -8,   -8,  -40,  -24,  -40,  -24,   32,  -64,
      -8,  -48,  -16,   -8,   -8,   -8,  -56,  -16,  -16,  -48,  -36,  -32,  -16,  -16,  -24,  -16,
     -24,   -8,  -32,   64,  -24,  -40,   16,   24,  -32,  -16,  -16,   19,  -24,  -24,   -8,  -32,
      -8,  -24,   19,   19,   32,  -16,  -24,   -8,  -16,   24,   16,   34,   13,   24,   16,   -8,
     -32,   32,  -24,  -40,  -32,  -16,  -32,  -32,  -32,  -16,  -24,  -16,  -24,  -56,  -16,  -40,
     -24,  -24,  -16,  -16,  -16,  -32,   -8,   -8,  -48,  -32,  -48,  -24,   16,  -16,  -32,  -56,
     -40,  -23,  -56,  -48,  -16,  -16,  -32,  -32,  -40,  -16,  -16,  -40,  -32,  -40,  -56,  -40,
     -64,  -40,  -16,  -24,   -8,  -32,   -8,  -24,  -40,  -16,   16,  -48,  -32,  -40,  -16,  -16,
     -40,   16,  -16,  -24,   16,  -16,  -24,  -32,  -24,  -16,  -24,  -16,  -40,  -16,  -40,  -16,
      -8,   -8,  -48,  -48,  -40,  -40,  -32,   16,  -16,  -24,  -32,  -32,  -32,   -8,  -32,   -8,
     -16,   -8,   -8,   -8,  -16,   -8,
};

static const EpdLigaturePair notosans_24_boldLigaturePairs[] = {
    { 0x00660066, 0xFB00 }, // f f -> U+FB00
    { 0x00660069, 0xFB01 }, // f i -> U+FB01
    { 0x0066006C, 0xFB02 }, // f l -> U+FB02
    { 0xFB000069, 0xFB03 }, // U+FB00 i -> U+FB03
    { 0xFB00006C, 0xFB04 }, // U+FB00 l -> U+FB04
};

static const EpdFontData notosans_24_bold = {
    notosans_24_boldBitmaps,
    notosans_24_boldGlyphs,
    notosans_24_boldIntervals,
    18,
    68,
    54,
    -15,
    true,
    notosans_24_boldGroups,
    14,
    nullptr,
    nullptr,  // kernLeftClasses: built-in fonts use the split arrays below
    nullptr,  // kernRightClasses
    notosans_24_boldKernLeftCodepoints,
    notosans_24_boldKernLeftClassIds,
    notosans_24_boldKernRightCodepoints,
    notosans_24_boldKernRightClassIds,
    nullptr,  // kernMatrix: built-in fonts use the sparse form below
    notosans_24_boldKernRowOffsets,
    notosans_24_boldKernSparseCols,
    notosans_24_boldKernSparseValues,
    478,
    474,
    88,
    76,
    notosans_24_boldLigaturePairs,
    5,
};
