/**
 * generated by fontconvert.py
 * name: notosans_22_bolditalic
 * size: 22
 * mode: 2-bit  compressed: true
 * Command used: fontconvert.py notosans_22_bolditalic 22 ../builtinFonts/source/NotoSans/NotoSans-BoldItalic.ttf --2bit --compress --pnum --zopfli
 */
#pragma once
#include "EpdFontData.h"

static const uint8_t notosans_22_bolditalicBitmaps[63675] = {
    0x94, 0x58, 0x21, 0xAC, 0xE5, 0xD6, 0xD1, 0x1E, 0xFB, 0x66, 0xD7, 0xBF, 0x72, 0x81, 0xD1, 0x23,
    0xFF, 0x02, 0xFF, 0x38, 0xC4, 0xF8, 0x07, 0x95, 0xAD, 0x72, 0x29, 0x0B, 0xB2, 0x25, 0xA1, 0x2D,
    0x68, 0x48, 0x38, 0xB2, 0xA5, 0x70, 0xE9, 0x81, 0xA6, 0x78, 0xC1, 0x82, 0xE4, 0x92, 0x90, 0x80,
    0x92, 0xF6, 0x5C, 0xA5, 0xA0, 0xA0, 0xC4, 0x6A, 0x41, 0x41, 0x88, 0x5B, 0x6D, 0xC9, 0x92, 0xB8,
    0x92, 0x1B, 0x39, 0xE9, 0xB1, 0xBF, 0xFA, 0x9B, 0xCF, 0xF2, 0xF3, 0xCB, 0xCB, 0x53, 0xB4, 0x67,
    0xD7, 0xF3, 0xD9, 0xBE, 0x73, 0xCE, 0xCC, 0x9C, 0x99, 0x33, 0x33, 0x7E, 0x96, 0x5E, 0x5E, 0x59,
    0x86, 0xD1, 0xCE, 0x18, 0xD6, 0xAB, 0xB7, 0x1C, 0xDD, 0x7A, 0x5D, 0xFD, 0x2A, 0xD0, 0x5A, 0x89,
    0x7A, 0xBD, 0xCC, 0x2A, 0x5E, 0xCB, 0x7A, 0xCD, 0x66, 0x4D, 0x34, 0x0B, 0xEB, 0x85, 0xC9, 0x0C,
    0xA3, 0x19, 0x06, 0x4B, 0xFC, 0xEA, 0x2D, 0x45, 0x67, 0x27, 0x5C, 0x2D, 0x79, 0x51, 0xDB, 0x71,
    0x64, 0xB3, 0x6D, 0xCB, 0xB4, 0xD6, 0xF8, 0x55, 0x5B, 0xC3, 0xE7, 0x68, 0xF6, 0xF4, 0xD6, 0xEC,
    0xDD, 0x4B, 0x7A, 0x69, 0x73, 0xAC, 0x53, 0xF3, 0xE5, 0x84, 0xB6, 0x98, 0x33, 0xD4, 0x45, 0xCC,
    0x60, 0x65, 0x3C, 0xC3, 0xAA, 0xE9, 0xBC, 0x58, 0x35, 0xE4, 0x33, 0x49, 0xB4, 0xAA, 0xCF, 0x27,
    0x6B, 0xBA, 0x62, 0xB4, 0xE6, 0x5A, 0x0C, 0xBB, 0x8C, 0xF7, 0x5E, 0xBE, 0xFB, 0x19, 0xB1, 0xE9,
    0xF2, 0x89, 0x18, 0xAE, 0xC5, 0x48, 0xC4, 0xB5, 0x24, 0x53, 0x82, 0xB6, 0x22, 0xA6, 0xA8, 0xAB,
    0x7E, 0xC5, 0x13, 0x2C, 0x74, 0x42, 0x5C, 0xA5, 0x22, 0x5A, 0xB3, 0xCB, 0x17, 0xCB, 0x05, 0x6F,
    0x6E, 0x13, 0xF8, 0xE8, 0x7F, 0x88, 0xA9, 0xB0, 0x33, 0xA9, 0x42, 0x71, 0x3D, 0xF1, 0x31, 0x71,
    0x25, 0x38, 0x66, 0xAB, 0xEE, 0x61, 0x7C, 0x80, 0x96, 0xC7, 0x14, 0x66, 0x2B, 0x4E, 0x27, 0xC7,
    0x62, 0xCC, 0x16, 0x62, 0x35, 0x9C, 0x67, 0xE1, 0x2E, 0xEE, 0xA1, 0x75, 0x44, 0x59, 0x47, 0x83,
    0x84, 0x1B, 0x64, 0xBD, 0x43, 0xF1, 0xDA, 0x29, 0xD0, 0x53, 0x35, 0x60, 0x31, 0x3B, 0x0B, 0x4A,
    0xC9, 0x6F, 0x00, 0xF7, 0xE7, 0xD2, 0x7C, 0x48, 0x97, 0x4E, 0x95, 0xFD, 0x9F, 0x25, 0x18, 0x1B,
    0x33, 0xC2, 0x1F, 0x1C, 0x26, 0xD7, 0x04, 0x4B, 0x74, 0x00, 0x81, 0xF3, 0x5A, 0xAD, 0x3C, 0x52,
    0x1A, 0xE0, 0x5A, 0x07, 0xBD, 0x3D, 0x03, 0x9D, 0xDE, 0x0E, 0x7C, 0xFA, 0xDA, 0x21, 0xFF, 0xA3,
    0xE0, 0xAB, 0x15, 0x6A, 0x2B, 0x08, 0x93, 0x95, 0x9F, 0xAC, 0x80, 0xD7, 0xD5, 0x17, 0xE8, 0x0C,
    0x1C, 0x57, 0x41, 0xED, 0xC0, 0xA0, 0x83, 0xEB, 0x9E, 0x06, 0x7C, 0x67, 0x1C, 0xD1, 0x0E, 0x90,
    0x4C, 0x0E, 0xE9, 0x28, 0x78, 0x69, 0xF7, 0x46, 0x46, 0x25, 0xD2, 0x4B, 0x6D, 0x15, 0x26, 0x3E,
    0x99, 0xF9, 0x8A, 0x79, 0xB4, 0x13, 0xC0, 0x20, 0x1C, 0x2D, 0xC3, 0x37, 0x30, 0x0B, 0x8C, 0xFF,
    0x0C, 0x75, 0xC2, 0xE0, 0x9F, 0x4F, 0xA8, 0xE9, 0x8A, 0x32, 0xAE, 0x37, 0xF9, 0x6C, 0x56, 0xF1,
    0xA6, 0x9C, 0xD6, 0x9B, 0x29, 0x83, 0x35, 0x03, 0x27, 0x9E, 0x15, 0x3C, 0xCD, 0xC0, 0xD8, 0xAD,
    0xFD, 0x66, 0x39, 0x2F, 0xC6, 0x9B, 0x22, 0x16, 0xF1, 0x19, 0xEA, 0x66, 0xA8, 0x62, 0x35, 0x06,
    0xF4, 0xD5, 0x77, 0x18, 0xF1, 0x0F, 0x60, 0xAA, 0xB0, 0xC2, 0x9F, 0x81, 0x58, 0x00, 0x7F, 0x42,
    0x8E, 0x30, 0x9F, 0x81, 0x7C, 0x2E, 0xE7, 0x7C, 0x49, 0x31, 0x55, 0xEB, 0xBF, 0x7C, 0xB1, 0x27,
    0x16, 0x86, 0x66, 0x5C, 0x6F, 0x6C, 0x55, 0x26, 0x0C, 0xBC, 0x59, 0x05, 0x60, 0xA0, 0x22, 0xEB,
    0x03, 0xFA, 0x22, 0x52, 0x35, 0x43, 0xB7, 0x12, 0x2A, 0x83, 0x8E, 0x67, 0x09, 0x1D, 0x6F, 0x46,
    0x4B, 0xD1, 0x1A, 0xBA, 0x30, 0xC8, 0xDA, 0x6F, 0xD1, 0xD3, 0x5A, 0xE3, 0xB6, 0xD2, 0x5A, 0x6E,
    0x66, 0x4D, 0x6B, 0xAD, 0xC4, 0x4C, 0x01, 0xE6, 0x67, 0x5F, 0xE3, 0xC6, 0x8E, 0x23, 0xA0, 0x25,
    0x9C, 0xE5, 0x5E, 0x86, 0x6B, 0xD4, 0x6B, 0xC0, 0x43, 0x42, 0x98, 0x62, 0x2C, 0x51, 0x53, 0xC5,
    0x2E, 0xE7, 0x04, 0x9E, 0x63, 0x3E, 0x67, 0x77, 0x58, 0xC0, 0xFC, 0x7D, 0xB3, 0x38, 0xFE, 0x05,
    0xD1, 0xE7, 0x29, 0x32, 0x12, 0x6A, 0xA6, 0xA0, 0x5A, 0x4C, 0xEF, 0x7B, 0xFB, 0xE8, 0x95, 0x15,
    0xA0, 0x1D, 0x13, 0xC5, 0x75, 0x29, 0x86, 0x13, 0x40, 0xD2, 0x9F, 0x57, 0x8B, 0xE2, 0x99, 0x6B,
    0x5E, 0xB1, 0xE4, 0x68, 0x2B, 0xD4, 0x15, 0x1A, 0x30, 0x49, 0x95, 0x74, 0x6D, 0xB3, 0x58, 0x0E,
    0x4C, 0xC4, 0x13, 0x05, 0x34, 0xA0, 0x84, 0xEB, 0x8A, 0xF5, 0x8A, 0x8C, 0x83, 0x7F, 0x7E, 0x0C,
    0xB4, 0x2B, 0xEA, 0x2C, 0x17, 0x04, 0x26, 0x40, 0xC7, 0xE8, 0x6A, 0xFD, 0x4B, 0x67, 0x63, 0xB1,
    0x40, 0x03, 0x98, 0xCE, 0x98, 0xA5, 0x2C, 0x07, 0xB7, 0xBF, 0x98, 0xAD, 0x88, 0xDC, 0xFE, 0x6A,
    0xB2, 0x6A, 0xF0, 0xFF, 0xBD, 0x35, 0x9D, 0x35, 0x57, 0x53, 0x3C, 0x5E, 0x6E, 0x69, 0x64, 0x6B,
    0xE4, 0x57, 0x96, 0xB3, 0x30, 0x9A, 0xA7, 0x48, 0xCF, 0x8F, 0xE6, 0xDB, 0x52, 0x2C, 0xFB, 0x8F,
    0x0C, 0x60, 0x6E, 0x45, 0xBA, 0x73, 0x64, 0x72, 0x4B, 0xED, 0x6B, 0x88, 0x68, 0x42, 0x39, 0x6B,
    0xD6, 0x03, 0xD2, 0x4C, 0x8F, 0x90, 0x6A, 0x7A, 0xC0, 0xAC, 0x55, 0x0A, 0x92, 0x7C, 0x71, 0x07,
    0x1B, 0x45, 0x9A, 0xD4, 0x56, 0x4C, 0x6C, 0xE3, 0xC9, 0x73, 0x72, 0x46, 0x72, 0xCE, 0x77, 0x9C,
    0xB5, 0x38, 0xA5, 0x6B, 0x2A, 0xD2, 0xC9, 0x42, 0x11, 0x37, 0xE7, 0xA7, 0x89, 0x98, 0x53, 0x91,
    0x4E, 0xEB, 0x89, 0x64, 0x68, 0x8F, 0x1B, 0x50, 0x90, 0x54, 0xB3, 0xA9, 0xFE, 0x18, 0x7C, 0x3B,
    0x07, 0x8F, 0x39, 0x6D, 0x96, 0xD8, 0x68, 0x97, 0xAC, 0xD6, 0x8F, 0xDA, 0x44, 0xBD, 0xBF, 0x3F,
    0x4E, 0xAF, 0x4D, 0xE6, 0x3A, 0xAD, 0x9D, 0x9A, 0x25, 0x96, 0x31, 0x37, 0x76, 0xD9, 0x4C, 0x7B,
    0xCF, 0x91, 0x82, 0xBF, 0x9E, 0x3C, 0xF2, 0xC7, 0x9B, 0xCF, 0x4A, 0x05, 0x48, 0xF0, 0x64, 0x99,
    0x38, 0x4D, 0x9D, 0xE6, 0x88, 0x4F, 0xBE, 0xB4, 0x0A, 0x8B, 0xF9, 0x79, 0xE3, 0x5A, 0x7F, 0x47,
    0x4B, 0xBD, 0x58, 0x0D, 0x61, 0xB4, 0xEF, 0x67, 0x16, 0x06, 0xB3, 0xFF, 0xF1, 0xD4, 0x61, 0xF6,
    0xFF, 0xB6, 0x8F, 0x9B, 0xE7, 0xCA, 0xF0, 0x6F, 0x43, 0x3F, 0xBA, 0x84, 0xEF, 0x2F, 0xAF, 0x02,
    0x28, 0xFD, 0x21, 0xBD, 0x79, 0xD1, 0xFC, 0xFB, 0xC5, 0xF3, 0xB7, 0x5D, 0xD3, 0x6E, 0x3E, 0x60,
    0x91, 0x0F, 0xD1, 0x30, 0x25, 0x18, 0x52, 0xF4, 0x27, 0x5C, 0x33, 0xB4, 0x0C, 0xFA, 0x99, 0xE1,
    0x2E, 0x56, 0x1E, 0xAE, 0xBE, 0x00, 0xBA, 0x12, 0xB8, 0x56, 0xDB, 0xF5, 0xDE, 0xE5, 0x52, 0xAB,
    0x8A, 0x96, 0xE0, 0x41, 0x0B, 0xFC, 0x6F, 0x01, 0x56, 0x45, 0x56, 0x78, 0x6D, 0x75, 0x4F, 0x70,
    0x5F, 0xE9, 0x04, 0xB8, 0x5B, 0x49, 0xE5, 0x58, 0x9D, 0x83, 0xCD, 0x75, 0x1E, 0x14, 0x9A, 0xF6,
    0x38, 0x7F, 0x13, 0x1D, 0x30, 0x3E, 0xE4, 0x3F, 0xA3, 0xFD, 0x09, 0x7E, 0x0F, 0x1F, 0x05, 0xD0,
    0x1D, 0x7F, 0x2E, 0xFE, 0x72, 0xF9, 0x69, 0xFE, 0xA3, 0x5A, 0xE2, 0xE7, 0x06, 0x1E, 0x47, 0x86,
    0xC9, 0x94, 0x6D, 0x3D, 0x4C, 0x3A, 0xCF, 0x30, 0x83, 0x95, 0xF0, 0xEC, 0x84, 0xBF, 0x21, 0x1A,
    0x16, 0x43, 0x4C, 0x19, 0x53, 0xF3, 0x89, 0xA9, 0x6A, 0xCE, 0xD0, 0x5B, 0xB5, 0xE4, 0xE8, 0x9C,
    0x5E, 0x57, 0x5A, 0xB0, 0x61, 0x5A, 0x2A, 0xB6, 0x4C, 0x73, 0x05, 0x13, 0x5D, 0xF9, 0x99, 0x4A,
    0x11, 0x9B, 0x99, 0x34, 0x88, 0x46, 0x56, 0xE9, 0x95, 0xA6, 0x18, 0xC1, 0xF2, 0x36, 0xAC, 0x34,
    0x73, 0x9A, 0xA3, 0x0B, 0xD1, 0x0A, 0x5C, 0x57, 0xCE, 0x0A, 0x6D, 0xB3, 0xB8, 0x6F, 0xF0, 0x73,
    0xF0, 0x91, 0x31, 0x5D, 0xEC, 0x29, 0xF0, 0x4A, 0x65, 0x17, 0x57, 0xBC, 0xA7, 0xD9, 0x9B, 0x4D,
    0x97, 0x97, 0x34, 0xC8, 0x7B, 0x9A, 0x41, 0x19, 0x9A, 0x31, 0x60, 0x01, 0x8C, 0x11, 0x46, 0x01,
    0x49, 0xC0, 0x37, 0xCC, 0xC7, 0xEF, 0xA3, 0x2E, 0xA6, 0x02, 0x96, 0x77, 0x25, 0x2C, 0xF5, 0xCE,
    0x51, 0x84, 0xDA, 0x7A, 0xF3, 0x68, 0x70, 0x32, 0x79, 0x7B, 0x41, 0xDF, 0x0D, 0x1B, 0x39, 0x89,
    0xF4, 0xAA, 0xDB, 0xDA, 0xE6, 0x7C, 0x27, 0x05, 0x5A, 0x92, 0x9A, 0x5A, 0x70, 0x4D, 0x1C, 0x16,
    0x3E, 0x8C, 0x8F, 0x39, 0x9F, 0xC6, 0xCC, 0xDA, 0x7F, 0xB4, 0xD4, 0x58, 0x1E, 0x70, 0x3B, 0x4F,
    0x58, 0xC2, 0x0A, 0x09, 0xDA, 0x8C, 0xE2, 0x7F, 0x6F, 0x29, 0x26, 0x63, 0xCB, 0x43, 0x70, 0x9D,
    0x08, 0xA9, 0x83, 0x54, 0xDA, 0x6B, 0x64, 0x21, 0xC7, 0x57, 0x72, 0x3C, 0x16, 0x71, 0x44, 0x42,
    0x2E, 0xC6, 0xCA, 0x39, 0x12, 0xE0, 0x2E, 0x06, 0xAC, 0xD4, 0xE4, 0xE0, 0xB3, 0xD2, 0x1F, 0xB0,
    0xB7, 0xCE, 0x3E, 0x8B, 0x1D, 0xD4, 0x3A, 0x17, 0x14, 0x84, 0x68, 0xA5, 0xA0, 0x22, 0x4C, 0x04,
    0xC2, 0x3E, 0x9E, 0xB9, 0x0E, 0xA9, 0x1A, 0xA4, 0x42, 0xBF, 0x55, 0x3E, 0x5D, 0xF3, 0x99, 0xE2,
    0x7F, 0x4B, 0xC8, 0x7A, 0xD7, 0x3A, 0xA1, 0x36, 0x3A, 0x4C, 0x82, 0x72, 0x3B, 0x23, 0x82, 0x30,
    0xDB, 0xAE, 0x62, 0x12, 0x94, 0xA2, 0x81, 0xD6, 0x61, 0x92, 0x20, 0xF5, 0xCD, 0x58, 0x04, 0xD8,
    0x0E, 0x5A, 0xBF, 0xEF, 0x95, 0x36, 0x50, 0xF0, 0xE3, 0xDB, 0x49, 0x4D, 0x57, 0xC0, 0x6D, 0x12,
    0xB0, 0x75, 0x7C, 0xAD, 0xC0, 0x1C, 0x26, 0x41, 0x47, 0xEB, 0xD4, 0xF1, 0xDD, 0xBC, 0xB0, 0x6D,
    0x3C, 0xBD, 0xDC, 0x4A, 0x60, 0x77, 0xB7, 0xD9, 0x06, 0x87, 0x93, 0x94, 0x39, 0x0B, 0x4A, 0xA0,
    0x96, 0xFF, 0xC5, 0x01, 0xE7, 0xF8, 0x66, 0xF1, 0xAD, 0xF7, 0x80, 0x29, 0x97, 0xAD, 0xFC, 0x36,
    0xD1, 0xCF, 0x77, 0x88, 0x9E, 0x3F, 0x30, 0xF9, 0xC1, 0xA6, 0xBA, 0xD5, 0xBC, 0xBE, 0x26, 0x07,
    0x83, 0xD3, 0x33, 0xE2, 0xC0, 0x0C, 0x76, 0x42, 0x4F, 0x0E, 0x86, 0x68, 0x09, 0x78, 0xF8, 0xCB,
    0x08, 0x41, 0xDD, 0x1C, 0x41, 0x7B, 0x7C, 0x6F, 0xAB, 0x97, 0x1F, 0xC9, 0x4A, 0x41, 0x00, 0x87,
    0xCB, 0x3A, 0x5A, 0x57, 0xDA, 0x0B, 0xC8, 0x5D, 0x08, 0xD7, 0x34, 0xD2, 0xBD, 0x29, 0xD8, 0xF3,
    0xD0, 0x31, 0x7D, 0x15, 0x82, 0x72, 0x17, 0x23, 0xF8, 0xBC, 0xA6, 0x18, 0xB9, 0x51, 0xB3, 0x8F,
    0x02, 0x7A, 0xB3, 0xE6, 0x0D, 0x68, 0xED, 0x3B, 0x96, 0x6F, 0xAE, 0x52, 0x9C, 0xA5, 0x82, 0xE4,
    0x00, 0x0F, 0x0E, 0xC7, 0x0A, 0x5F, 0x2A, 0xCC, 0xC3, 0x6F, 0x9E, 0x72, 0xCD, 0x20, 0x6D, 0x09,
    0x8B, 0x39, 0x4C, 0xEE, 0x0B, 0xD5, 0x6B, 0x39, 0xF5, 0x89, 0x9C, 0x7A, 0x08, 0x65, 0xD4, 0x5C,
    0xD9, 0xA1, 0x90, 0x86, 0xC1, 0x21, 0xDD, 0x3F, 0x5A, 0x3E, 0xFD, 0xB5, 0x82, 0xED, 0xEE, 0x0C,
    0x2A, 0x62, 0x93, 0x83, 0x3E, 0x87, 0x2C, 0xFD, 0x95, 0x9C, 0xF9, 0x3E, 0x40, 0x68, 0xA8, 0x19,
    0x17, 0x96, 0xE3, 0x68, 0x6D, 0x85, 0xE9, 0xEC, 0xD0, 0x9D, 0x1C, 0x6A, 0x1A, 0x56, 0xC1, 0xD7,
    0x6B, 0x66, 0x46, 0x05, 0x21, 0x15, 0x38, 0x0B, 0x81, 0x49, 0xDA, 0xCE, 0xCC, 0xD2, 0xF0, 0x8C,
    0x50, 0xA2, 0x0B, 0xA8, 0x75, 0x6E, 0x5D, 0x4D, 0x78, 0x28, 0xC1, 0x95, 0x82, 0xA2, 0xB3, 0x80,
    0x1C, 0xA1, 0x6E, 0xF2, 0x23, 0xBA, 0xF8, 0xA5, 0x05, 0x69, 0x01, 0xC1, 0xF1, 0x6B, 0xB3, 0x4B,
    0x1D, 0x8E, 0xD9, 0xA6, 0xC1, 0x1E, 0x22, 0xBB, 0x57, 0x32, 0x19, 0x9C, 0xCB, 0xE0, 0x12, 0xD7,
    0xE3, 0x59, 0x5E, 0x48, 0x13, 0xF1, 0x9F, 0xB4, 0x41, 0xE7, 0x23, 0x3F, 0x93, 0xCF, 0x71, 0xE1,
    0xC3, 0xD9, 0xB7, 0x4C, 0xFC, 0x39, 0xFA, 0xE3, 0xC2, 0xE2, 0x0F, 0xD0, 0xC2, 0xF3, 0x21, 0x4A,
    0xB4, 0xB0, 0xF8, 0x75, 0x2E, 0x8F, 0xE3, 0x29, 0x16, 0x09, 0x42, 0x2F, 0x6F, 0x4E, 0xFB, 0x27,
    0xE8, 0xB6, 0x69, 0xA5, 0x77, 0xF2, 0xDC, 0x57, 0x66, 0xF9, 0x6A, 0xF6, 0x98, 0x6E, 0xE2, 0x0A,
    0xAC, 0x7C, 0x04, 0xFE, 0x56, 0xC2, 0xAD, 0x0B, 0x9E, 0xDD, 0xFE, 0xBA, 0xAD, 0xA2, 0xAE, 0x59,
    0xC7, 0xDD, 0x57, 0xE6, 0xCB, 0x51, 0xE2, 0x16, 0x89, 0x43, 0x4B, 0x83, 0x0A, 0xFD, 0x7D, 0x83,
    0x7B, 0x56, 0x82, 0x4E, 0xE5, 0x92, 0x9B, 0xA7, 0x8D, 0x10, 0x05, 0xB3, 0x5E, 0x42, 0x0E, 0x47,
    0xCB, 0xDC, 0x5F, 0xE2, 0xFB, 0xE0, 0xD3, 0xB5, 0x98, 0x74, 0x4F, 0x20, 0x41, 0x05, 0xB4, 0x31,
    0xEC, 0xBA, 0xEE, 0x97, 0x21, 0x25, 0xCA, 0xC2, 0x27, 0x29, 0xFC, 0xA1, 0xEF, 0x98, 0xE5, 0x43,
    0x8C, 0x19, 0xDB, 0xAC, 0x89, 0x71, 0x84, 0x89, 0x05, 0x0E, 0x91, 0x39, 0x19, 0xB1, 0x84, 0x3D,
    0xA4, 0x29, 0x69, 0x9D, 0x61, 0x2A, 0xD0, 0x15, 0xE4, 0xA7, 0x6C, 0x15, 0x34, 0x0A, 0xC1, 0x90,
    0x00, 0xDF, 0xBA, 0xBE, 0x9F, 0xA0, 0x5B, 0xEB, 0xB6, 0x3A, 0xAD, 0xDC, 0xA9, 0x52, 0x7D, 0x85,
    0xDD, 0xCB, 0x19, 0xA2, 0xFD, 0x2A, 0x69, 0x30, 0x78, 0x04, 0x76, 0x4E, 0x6B, 0xD2, 0xD9, 0x48,
    0x99, 0x0C, 0xA8, 0xF7, 0xFE, 0xA7, 0x9C, 0x0F, 0x58, 0x46, 0x14, 0x88, 0x0D, 0x19, 0xFD, 0x32,
    0x6B, 0x68, 0xDB, 0x64, 0x6F, 0x31, 0xF6, 0x3F, 0x06, 0x1D, 0x97, 0x09, 0x77, 0x7F, 0x0C, 0xA2,
    0x4C, 0xB6, 0xAE, 0x13, 0x15, 0xF5, 0x10, 0x4B, 0xFD, 0x8A, 0x4A, 0x3C, 0x4D, 0x6F, 0x6F, 0x39,
    0xD8, 0x95, 0xC9, 0xBF, 0x72, 0x2E, 0xBD, 0xCE, 0xF4, 0xC0, 0xED, 0x39, 0xA3, 0x76, 0xB3, 0x8A,
    0x28, 0x89, 0xCD, 0x60, 0x1A, 0xEF, 0x38, 0xFD, 0x1D, 0xC9, 0x79, 0x22, 0x0D, 0x8A, 0x2A, 0xD2,
    0xB0, 0x45, 0xDD, 0xED, 0xDD, 0x6D, 0x7B, 0x77, 0x5B, 0xD3, 0xB2, 0x51, 0xB5, 0xDE, 0x29, 0x4D,
    0x6A, 0x30, 0x2B, 0x28, 0x7B, 0x3E, 0x38, 0x53, 0xA6, 0x40, 0x2D, 0x3D, 0x21, 0xA6, 0x7A, 0x28,
    0x48, 0x65, 0xA7, 0xE4, 0x4A, 0x07, 0x8E, 0xC7, 0x5A, 0x7D, 0xD1, 0x1F, 0x31, 0xFA, 0xC5, 0x3A,
    0x9E, 0x3F, 0xC6, 0xEF, 0xC9, 0xE7, 0x55, 0x7D, 0x10, 0x10, 0x5A, 0xA7, 0xB2, 0x15, 0xAD, 0xAB,
    0x29, 0x93, 0xFD, 0x21, 0x1C, 0x1F, 0xF4, 0x4B, 0xA6, 0x07, 0x19, 0xAB, 0x36, 0xE7, 0x19, 0x69,
    0x02, 0xD2, 0x52, 0x87, 0x84, 0x3F, 0x06, 0xDA, 0x5B, 0x00, 0xAF, 0x79, 0xBB, 0x18, 0x69, 0x47,
    0x3A, 0x4B, 0xEE, 0xC1, 0xC8, 0x7B, 0xA5, 0xE0, 0x3B, 0x3F, 0xB7, 0x6D, 0xC9, 0xF8, 0x26, 0xF1,
    0x80, 0x8F, 0xF9, 0xF2, 0x0B, 0xCC, 0x59, 0x67, 0xCD, 0x9C, 0xA8, 0xB2, 0x1D, 0x3F, 0x0A, 0xA3,
    0xB2, 0x96, 0xBA, 0x2D, 0xA6, 0xCE, 0x4C, 0x67, 0x6F, 0x54, 0x3E, 0x52, 0x3E, 0xC4, 0x78, 0xF8,
    0xCE, 0x26, 0x79, 0x24, 0x4C, 0xA3, 0xED, 0x5D, 0x26, 0x7D, 0x7A, 0x20, 0xFC, 0x21, 0x9A, 0x47,
    0xAB, 0xC6, 0xFF, 0xAA, 0x25, 0xA1, 0xD6, 0xDA, 0x14, 0x4B, 0x77, 0xB7, 0x14, 0xE0, 0x50, 0x28,
    0x7C, 0x7F, 0x81, 0x3E, 0x72, 0x67, 0xE5, 0xED, 0xED, 0x70, 0x86, 0x28, 0x2B, 0xF4, 0x45, 0x8E,
    0x2D, 0x4D, 0x5B, 0xEA, 0x45, 0xEA, 0xF6, 0x04, 0x3B, 0xF1, 0xD8, 0x63, 0x49, 0x51, 0x9F, 0x99,
    0x01, 0xB1, 0x24, 0x68, 0xF3, 0xE8, 0xA7, 0x75, 0xBD, 0x2B, 0xA7, 0x04, 0x63, 0x1E, 0xFD, 0x6F,
    0x80, 0x27, 0xFF, 0x01, 0xD7, 0x6A, 0x38, 0x83, 0x07, 0x13, 0xAD, 0xFF, 0x81, 0xB2, 0x1C, 0x57,
    0xBE, 0xD0, 0xAD, 0x2F, 0xAA, 0x21, 0x45, 0x1D, 0xAE, 0xD5, 0x68, 0x64, 0xAE, 0xC9, 0x69, 0xA1,
    0x3F, 0xC1, 0xFC, 0x0E, 0xDD, 0x79, 0xF1, 0xBB, 0x04, 0xD7, 0x7C, 0xF6, 0xBB, 0x13, 0xAE, 0xA5,
    0xAF, 0x38, 0x9D, 0x71, 0x0D, 0x2B, 0x73, 0x57, 0x22, 0xE0, 0x3F, 0x2C, 0xF4, 0x7D, 0x01, 0x34,
    0x9E, 0xD7, 0x56, 0x69, 0x73, 0x49, 0xAB, 0xAA, 0x31, 0x61, 0x4E, 0xEA, 0x7D, 0x87, 0x6E, 0x6A,
    0x7B, 0x61, 0xCA, 0x1B, 0x1A, 0xFA, 0xC8, 0xBA, 0x2B, 0x46, 0xBF, 0xE4, 0x2D, 0x70, 0x9B, 0x7C,
    0xCC, 0x27, 0x75, 0xB6, 0xB2, 0x7E, 0xBF, 0x4B, 0x78, 0xD7, 0xA9, 0x84, 0x30, 0x84, 0x1E, 0x8C,
    0xF7, 0xD6, 0x22, 0xAA, 0xC9, 0x83, 0x23, 0x84, 0xC9, 0x86, 0x27, 0xA1, 0x42, 0x91, 0xCA, 0x20,
    0x38, 0x16, 0x68, 0x24, 0x73, 0xAE, 0x26, 0x35, 0x61, 0x42, 0x8C, 0x55, 0xD4, 0xC7, 0x1E, 0x91,
    0x89, 0xC2, 0x71, 0xB5, 0xDD, 0x31, 0x47, 0xED, 0x58, 0x62, 0x0F, 0xBE, 0x92, 0x18, 0xA2, 0x10,
    0xA3, 0x77, 0x5D, 0xE9, 0xEA, 0xEA, 0xB0, 0x70, 0x3A, 0x07, 0xA7, 0x0B, 0x8B, 0x0D, 0xAB, 0x0D,
    0x9B, 0x0D, 0xD5, 0xAC, 0xD7, 0xC9, 0xD6, 0x79, 0xB2, 0xEA, 0x10, 0x33, 0xF4, 0xC4, 0x96, 0x61,
    0x42, 0x2C, 0xD0, 0x12, 0xAF, 0x15, 0xA4, 0x52, 0xB3, 0x08, 0x2D, 0x5D, 0x8F, 0x73, 0x2D, 0x71,
    0x0C, 0x2D, 0xF5, 0x0D, 0x2A, 0x0D, 0xA6, 0x3A, 0x21, 0x88, 0x5C, 0x25, 0x43, 0x94, 0xB0, 0x68,
    0xAA, 0x2D, 0x56, 0xED, 0x90, 0x6C, 0x7F, 0x37, 0x53, 0xBB, 0x93, 0xD3, 0xCB, 0xAA, 0x77, 0xD0,
    0xD2, 0xF2, 0xC6, 0xB1, 0x21, 0x9D, 0x04, 0xDB, 0x1C, 0x78, 0x6F, 0x54, 0x52, 0x48, 0xC7, 0x3A,
    0x4E, 0xE5, 0x36, 0x03, 0x0A, 0x41, 0x49, 0x68, 0x79, 0xA8, 0x5C, 0x07, 0x58, 0x89, 0x37, 0x4C,
    0x0B, 0x95, 0xF4, 0x23, 0x70, 0x21, 0x99, 0x40, 0x50, 0x41, 0x5A, 0xEA, 0xFB, 0x1F, 0x78, 0x8B,
    0x7C, 0xAA, 0xA3, 0x0D, 0x2C, 0xD2, 0x69, 0xE6, 0x3B, 0x99, 0x89, 0x37, 0xDE, 0xC7, 0x8D, 0x96,
    0x0D, 0x16, 0xB8, 0x7F, 0xCF, 0x13, 0x40, 0x11, 0xF1, 0x78, 0x3B, 0xA4, 0x8F, 0x3B, 0xEA, 0x68,
    0x3A, 0xF8, 0x02, 0x7B, 0x08, 0xCD, 0x43, 0x78, 0xC8, 0xD9, 0xEE, 0x9D, 0x93, 0xB2, 0x50, 0xF2,
    0x92, 0x8A, 0x7D, 0x1A, 0x7A, 0xA9, 0xD9, 0x5B, 0x2A, 0xB0, 0x20, 0x28, 0x05, 0x29, 0x30, 0xEF,
    0xED, 0x31, 0x7D, 0xFB, 0x39, 0x51, 0xDD, 0xA4, 0xAC, 0x96, 0xFF, 0x75, 0x32, 0x72, 0xED, 0x98,
    0x30, 0x12, 0xDB, 0x67, 0x8A, 0xA7, 0xD6, 0x2D, 0x2E, 0xB7, 0x1A, 0x5B, 0x41, 0x16, 0x11, 0xF9,
    0xAE, 0x59, 0x64, 0x68, 0x23, 0x5E, 0x0B, 0x1B, 0x22, 0xDE, 0x61, 0xA9, 0x98, 0x24, 0xA6, 0xDA,
    0x6A, 0x2F, 0x9F, 0xC4, 0x13, 0xB1, 0xD9, 0x10, 0x8B, 0x31, 0x56, 0x19, 0x52, 0x67, 0x74, 0xBE,
    0xC5, 0xB9, 0x47, 0xE0, 0xE8, 0x58, 0x30, 0x0C, 0x29, 0xC2, 0xEF, 0x6B, 0x2F, 0x23, 0xA5, 0xA2,
    0x46, 0x0E, 0x9F, 0x84, 0x34, 0xA7, 0xF1, 0xD7, 0xC2, 0x5E, 0x85, 0xEF, 0xBF, 0xCD, 0x9B, 0x3F,
    0xAC, 0x1B, 0xD9, 0x75, 0x87, 0xCD, 0xF7, 0xB2, 0x16, 0x10, 0x16, 0x2F, 0x4D, 0xD2, 0xB2, 0x49,
    0x15, 0x04, 0x98, 0x26, 0x6D, 0x30, 0x74, 0x1A, 0x17, 0x6E, 0x52, 0xAC, 0x9C, 0x62, 0x8B, 0xED,
    0xB7, 0x49, 0x9B, 0x22, 0xC0, 0x10, 0x6E, 0x52, 0x46, 0xBD, 0x1B, 0x15, 0x0E, 0x60, 0x29, 0x85,
    0xDB, 0x14, 0x36, 0x48, 0x20, 0xC5, 0x96, 0x4B, 0x67, 0x8B, 0x14, 0x69, 0x98, 0xD8, 0x8B, 0xC0,
    0x56, 0x21, 0xC6, 0xA6, 0xAC, 0x91, 0x35, 0x9C, 0x93, 0xFB, 0xE9, 0x3B, 0xE2, 0xD5, 0x18, 0x23,
    0xE2, 0xED, 0xC2, 0x0B, 0x98, 0xFB, 0x74, 0x7F, 0x77, 0x41, 0xCE, 0xBD, 0xE7, 0xDC, 0x7B, 0xEE,
    0x3D, 0x7F, 0xE7, 0x17, 0xC6, 0xF5, 0xD1, 0x59, 0x8F, 0x3C, 0x52, 0xBB, 0x89, 0x8C, 0x6F, 0xE4,
    0x5D, 0x40, 0xA3, 0xA7, 0x4B, 0x2A, 0x34, 0x73, 0xBB, 0x08, 0xF3, 0x35, 0x6C, 0x90, 0xCB, 0x1F,
    0xC0, 0x44, 0xC6, 0x89, 0x85, 0x54, 0xD8, 0xC8, 0x6C, 0x0D, 0x65, 0x09, 0x70, 0xAC, 0xA1, 0x35,
    0x81, 0xCD, 0xC4, 0xC5, 0xBE, 0xF0, 0x7A, 0x16, 0x06, 0x39, 0xAC, 0x90, 0x1E, 0x92, 0x6C, 0x6E,
    0xAE, 0xB0, 0xB9, 0x16, 0x26, 0x53, 0xDC, 0x93, 0xCD, 0xF4, 0x30, 0x47, 0xD6, 0xF1, 0x3A, 0x9B,
    0xCC, 0x53, 0xD9, 0xDC, 0xDF, 0x9B, 0x4D, 0xDA, 0xFB, 0xD0, 0x30, 0x75, 0xFA, 0xD0, 0x9E, 0x7A,
    0xB7, 0x2E, 0x15, 0x63, 0x47, 0xF5, 0x76, 0x65, 0xB6, 0x98, 0xDF, 0xAC, 0x1D, 0x46, 0xE1, 0x8F,
    0xB5, 0x21, 0xB0, 0xD2, 0xC2, 0x99, 0xB1, 0x11, 0xAB, 0x2F, 0x92, 0xC7, 0xBA, 0x7A, 0x23, 0x1E,
    0x6C, 0x4F, 0xF6, 0xE2, 0xE1, 0xC3, 0x0F, 0x39, 0x08, 0xB7, 0x26, 0xE4, 0x58, 0xE2, 0x01, 0x5C,
    0x26, 0x9A, 0x3B, 0x00, 0x75, 0x01, 0x90, 0x78, 0x50, 0x5F, 0xA0, 0xA2, 0x5E, 0x20, 0x56, 0x0E,
    0x7A, 0x9A, 0x4D, 0x42, 0xBA, 0x95, 0x78, 0x8F, 0xB9, 0x16, 0x50, 0xBD, 0x2A, 0x21, 0x75, 0x0B,
    0xA6, 0x59, 0x30, 0xA6, 0x7E, 0x7B, 0xE4, 0x61, 0x97, 0x11, 0xD4, 0xD9, 0x27, 0x3F, 0xCC, 0x63,
    0x35, 0x28, 0x63, 0x79, 0xAC, 0x88, 0x97, 0x31, 0xF8, 0xC2, 0x49, 0x20, 0xAC, 0xA0, 0x52, 0xB9,
    0x4A, 0x44, 0x0C, 0x78, 0x06, 0x02, 0x79, 0x46, 0xDC, 0xB1, 0x0B, 0x3C, 0xC3, 0x36, 0xE4, 0x51,
    0x94, 0xB0, 0x90, 0x30, 0x91, 0xFB, 0x5F, 0x94, 0xDE, 0x31, 0x51, 0xC7, 0x97, 0xBD, 0x9B, 0x21,
    0x0B, 0x9D, 0x21, 0x39, 0xB3, 0x64, 0xAD, 0xDF, 0x4B, 0xD6, 0xDD, 0x1C, 0x59, 0x43, 0x0A, 0xD3,
    0x02, 0xEF, 0x38, 0x33, 0x44, 0xC8, 0xC0, 0x81, 0x36, 0xF6, 0xDA, 0x84, 0xEC, 0xE3, 0x29, 0x85,
    0xD0, 0xE7, 0xF2, 0x29, 0xE6, 0x51, 0xF2, 0x6A, 0x3B, 0x56, 0xE9, 0x53, 0xF8, 0xA2, 0xB6, 0x90,
    0x6E, 0xE8, 0xC0, 0x6D, 0x76, 0x73, 0xDD, 0x5A, 0xCF, 0xB7, 0xE4, 0x3A, 0xD5, 0x74, 0xC2, 0xCE,
    0x48, 0x86, 0xD7, 0xA3, 0x4A, 0xDD, 0x33, 0x8E, 0x28, 0xDA, 0xF2, 0xF9, 0xE4, 0x89, 0x31, 0x8A,
    0xAB, 0x33, 0x9F, 0x9C, 0xD9, 0xF6, 0xEA, 0xCC, 0x3B, 0x2F, 0xB6, 0x59, 0x56, 0xBB, 0x64, 0xF5,
    0xCA, 0x84, 0x75, 0xAA, 0xAB, 0x13, 0x5E, 0x99, 0x0A, 0x4E, 0xFF, 0x7C, 0x99, 0x3C, 0x0E, 0xB4,
    0xA9, 0x83, 0x0F, 0xB4, 0xB1, 0xA1, 0x65, 0xA6, 0x3F, 0x7B, 0xFA, 0x56, 0x9E, 0xCB, 0x3F, 0xE4,
    0xF9, 0x80, 0x3A, 0xC8, 0xC3, 0xB2, 0x57, 0x26, 0x63, 0xC3, 0x34, 0x8B, 0x50, 0x08, 0x6E, 0x53,
    0x7B, 0x11, 0x17, 0x65, 0x3B, 0x9B, 0xD8, 0x31, 0xB5, 0x8E, 0x54, 0x1B, 0x46, 0x1B, 0xDA, 0x31,
    0xA3, 0xEA, 0x23, 0x3F, 0x33, 0x1A, 0xAE, 0x0D, 0xBD, 0x4D, 0xE7, 0xD6, 0x85, 0x4F, 0x65, 0xB9,
    0x50, 0x37, 0x1A, 0x71, 0x10, 0x99, 0x25, 0x2D, 0x25, 0xB0, 0xEF, 0xC2, 0x3B, 0xEE, 0xAD, 0x51,
    0xD5, 0xA6, 0x91, 0xC5, 0x95, 0x01, 0x62, 0x1A, 0x40, 0x16, 0x56, 0x2D, 0x64, 0x19, 0x04, 0x47,
    0xF1, 0xA5, 0x42, 0x64, 0x40, 0xC2, 0x08, 0x20, 0x5B, 0x10, 0xA3, 0x9B, 0xB0, 0x0D, 0xC8, 0x52,
    0xE9, 0xB2, 0x0E, 0xD3, 0xB8, 0x36, 0x83, 0xD6, 0xE0, 0xF6, 0x5C, 0x5C, 0x9B, 0xA6, 0x7B, 0x6F,
    0xD4, 0xBC, 0x77, 0x33, 0xAF, 0x44, 0xCD, 0x67, 0x47, 0xFF, 0xE5, 0xD3, 0x27, 0x2D, 0xBC, 0xD3,
    0x0C, 0xDD, 0xA5, 0x51, 0xFB, 0x14, 0xDD, 0xF3, 0x26, 0xCF, 0xF9, 0x84, 0xF5, 0x61, 0xDF, 0x35,
    0xA8, 0x58, 0x7E, 0xCE, 0x7A, 0x5E, 0x60, 0xE8, 0x76, 0x7A, 0xE5, 0x09, 0x7B, 0x37, 0xDA, 0x97,
    0x2A, 0x8E, 0xA3, 0xB1, 0x90, 0x25, 0xBD, 0x66, 0x64, 0x87, 0xC7, 0x20, 0x68, 0x86, 0xCA, 0x3F,
    0x73, 0x03, 0x9C, 0xC9, 0x6A, 0xFC, 0xA6, 0x90, 0xD9, 0xBD, 0x22, 0x4C, 0xF8, 0xEB, 0xD8, 0xD9,
    0x8B, 0xCF, 0xF9, 0xDF, 0x53, 0xEC, 0x6E, 0xE2, 0x53, 0xFE, 0xF7, 0x88, 0x44, 0x7C, 0xA7, 0x3C,
    0x46, 0x6F, 0x19, 0x77, 0x98, 0x22, 0x47, 0xDC, 0x92, 0xBB, 0xC0, 0x7F, 0xC3, 0x2D, 0x59, 0xD1,
    0xDB, 0xC7, 0xAE, 0x3D, 0x35, 0x23, 0x9E, 0x1C, 0x39, 0xEF, 0xF6, 0x6C, 0xAF, 0x6C, 0x28, 0xC4,
    0xEF, 0xE2, 0x3F, 0x30, 0xDD, 0x71, 0x3D, 0xB6, 0x9F, 0xC7, 0xDA, 0x78, 0xD2, 0xF6, 0x59, 0xE0,
    0xEA, 0xDE, 0x95, 0xF6, 0x79, 0xF1, 0x72, 0x4E, 0xF4, 0xE0, 0x0B, 0xE2, 0xC9, 0x8C, 0x9C, 0xCA,
    0x4C, 0xD8, 0xF3, 0x5D, 0x1C, 0xE9, 0xB5, 0xF4, 0xF6, 0xF8, 0x8C, 0x65, 0xA0, 0xAE, 0x90, 0x05,
    0xF1, 0xF4, 0xD6, 0xB7, 0x10, 0xDF, 0xAB, 0x45, 0x20, 0x9E, 0x9F, 0xE2, 0xE4, 0x20, 0xF2, 0xDC,
    0x61, 0x8F, 0xF5, 0xF5, 0x78, 0x14, 0x57, 0x34, 0x4F, 0x41, 0x18, 0x9F, 0x64, 0xED, 0xA0, 0xD5,
    0xA5, 0x63, 0x80, 0x95, 0xBA, 0x7E, 0x43, 0x87, 0xEF, 0xD7, 0xDC, 0x2C, 0x44, 0x9A, 0x71, 0x34,
    0x20, 0x8E, 0xCE, 0x10, 0x27, 0xE3, 0x27, 0x7D, 0xF4, 0x38, 0x1B, 0x86, 0xAF, 0x5B, 0x04, 0xEE,
    0x54, 0x5A, 0xDC, 0x93, 0x38, 0xB6, 0xA3, 0xB1, 0xAC, 0xE3, 0x2A, 0x90, 0x9C, 0xC2, 0x05, 0x01,
    0xED, 0x1E, 0x4A, 0x8A, 0x34, 0xC4, 0x09, 0x02, 0x8A, 0x94, 0x18, 0x0A, 0xB9, 0x8D, 0x9F, 0xD2,
    0x81, 0xB1, 0xFF, 0x86, 0x52, 0xB6, 0xE0, 0x57, 0x9C, 0x51, 0x16, 0xFF, 0x65, 0x52, 0x12, 0xAF,
    0xA1, 0x14, 0x91, 0x36, 0x86, 0x6A, 0xED, 0x87, 0x24, 0x05, 0x94, 0x5A, 0x4C, 0x02, 0xA5, 0x08,
    0x1B, 0x1D, 0x8E, 0x33, 0x1D, 0x28, 0x59, 0xC6, 0x08, 0xA5, 0x08, 0xE8, 0x59, 0x11, 0xE6, 0xB8,
    0x4F, 0x6D, 0x7A, 0xE3, 0x99, 0x5E, 0xF0, 0x0C, 0x6A, 0x92, 0xD7, 0x13, 0xFB, 0xA0, 0x7A, 0x50,
    0xFF, 0x6A, 0xF2, 0xFE, 0x84, 0x39, 0x59, 0xFE, 0x41, 0xC3, 0x3E, 0xEF, 0x90, 0x03, 0x83, 0xE2,
    0x5A, 0x13, 0x06, 0xE0, 0x54, 0x70, 0x68, 0x41, 0x0E, 0x31, 0xC8, 0xA1, 0x06, 0x31, 0x7C, 0x41,
    0xCE, 0xA6, 0xC8, 0xD4, 0x89, 0xE5, 0x21, 0x10, 0xA7, 0xA0, 0x13, 0x77, 0x1D, 0xB8, 0x12, 0x51,
    0xFA, 0x7C, 0x8F, 0x00, 0x80, 0x5C, 0x89, 0x5C, 0x1A, 0xD8, 0x20, 0xDC, 0x59, 0xFA, 0x57, 0xE8,
    0x3C, 0xF4, 0x60, 0x89, 0x57, 0xC4, 0x7E, 0x62, 0x07, 0x18, 0x03, 0xA9, 0x81, 0xC3, 0xCC, 0xFF,
    0xC8, 0xBE, 0x46, 0xBF, 0x56, 0x7F, 0x7A, 0x74, 0x7D, 0x72, 0xBF, 0x4E, 0x93, 0x3F, 0x2D, 0x7E,
    0xE1, 0xF4, 0x7E, 0x8F, 0x6E, 0x7B, 0x01, 0x53, 0x85, 0x19, 0x04, 0x53, 0x8D, 0xF7, 0xF4, 0x08,
    0xF3, 0xC7, 0xF9, 0xBB, 0x81, 0x98, 0xF3, 0xD9, 0xA5, 0x99, 0x02, 0x90, 0x40, 0x74, 0x3A, 0xE0,
    0x15, 0x34, 0x7C, 0xF1, 0xA1, 0x37, 0xE4, 0xD7, 0x61, 0x06, 0x7E, 0x85, 0xED, 0xEF, 0xEE, 0xB3,
    0xFD, 0xC7, 0xAF, 0x73, 0xFB, 0xBF, 0x31, 0xB7, 0xFD, 0x04, 0x09, 0xD9, 0xFE, 0xD6, 0xED, 0xFF,
    0x7E, 0xDD, 0xFE, 0xB5, 0xDB, 0x7F, 0xCE, 0xED, 0x3F, 0xBE, 0xB3, 0xFD, 0x7C, 0xE1, 0xF6, 0xFF,
    0x3D, 0x24, 0x3A, 0xFB, 0xC4, 0x92, 0x65, 0xCB, 0x6A, 0xD0, 0xDD, 0x69, 0x5D, 0x51, 0x06, 0x48,
    0x3F, 0x13, 0xB1, 0xF9, 0x97, 0x54, 0x6F, 0x28, 0x03, 0x67, 0x5B, 0xBE, 0xE3, 0x36, 0x70, 0x86,
    0x9F, 0xF1, 0xA5, 0x8A, 0x16, 0x05, 0x9F, 0xF6, 0x59, 0x9A, 0xB5, 0x15, 0x6A, 0x20, 0x80, 0x25,
    0x61, 0xCB, 0x08, 0x9F, 0xC7, 0xB0, 0xE0, 0xDC, 0xC9, 0x90, 0x4E, 0xB7, 0x6C, 0x9D, 0x84, 0x75,
    0xEA, 0xD6, 0x02, 0x2F, 0xBA, 0x80, 0x86, 0x43, 0x1A, 0x7D, 0x2B, 0xD5, 0x7D, 0xF9, 0x03, 0xD0,
    0x80, 0x88, 0xAE, 0x46, 0x62, 0xD2, 0x70, 0x13, 0xBD, 0x51, 0x08, 0x45, 0xD7, 0x62, 0x9E, 0xB2,
    0x58, 0xD0, 0x80, 0x1E, 0x55, 0x9D, 0xC2, 0xAF, 0x9F, 0x85, 0xC6, 0x73, 0xE3, 0x99, 0xAA, 0xCE,
    0x8B, 0x0E, 0x83, 0xC1, 0xBF, 0xF1, 0x47, 0x83, 0xE1, 0xBF, 0x7F, 0xAC, 0x22, 0x39, 0xEF, 0xB5,
    0xAF, 0x85, 0x4C, 0xA4, 0xF4, 0xEE, 0x42, 0xA4, 0x54, 0xEE, 0x9D, 0xEE, 0xE4, 0x83, 0xE7, 0xFA,
    0x25, 0x6C, 0x9B, 0x87, 0xCA, 0xE0, 0xC1, 0xDC, 0x01, 0x01, 0xFE, 0x44, 0xF8, 0x6B, 0x59, 0x68,
    0x7F, 0xF1, 0x5D, 0x9E, 0x6B, 0xA5, 0x16, 0x18, 0x84, 0xA3, 0xB0, 0x21, 0xE0, 0x05, 0x11, 0x5E,
    0x09, 0xA8, 0x65, 0x3E, 0x6B, 0x43, 0x48, 0x09, 0x99, 0x7D, 0x74, 0x94, 0x11, 0x48, 0xF1, 0xA2,
    0xD1, 0x5C, 0x98, 0xC2, 0x7C, 0xFA, 0x6E, 0x02, 0xD7, 0xFD, 0xDA, 0xD5, 0xBD, 0x9D, 0x4E, 0x68,
    0x00, 0xBE, 0x1C, 0x0D, 0x04, 0xF4, 0xE0, 0x75, 0x73, 0x71, 0x0D, 0x6A, 0x5C, 0xC2, 0xF9, 0x44,
    0xC7, 0x30, 0x4F, 0x07, 0x3A, 0x98, 0x12, 0xCB, 0xDC, 0xF7, 0x73, 0xA0, 0xC4, 0xF7, 0x39, 0x50,
    0x05, 0xE7, 0x1D, 0xA8, 0x79, 0xB2, 0x5C, 0x00, 0x70, 0xAB, 0xEC, 0xF2, 0x8F, 0xFE, 0xAD, 0x6E,
    0xFE, 0x17, 0x5B, 0x49, 0x75, 0x8F, 0x57, 0xE0, 0x2E, 0x0F, 0xA7, 0xB2, 0x05, 0x47, 0x19, 0x39,
    0xAF, 0xB9, 0x24, 0x0C, 0x89, 0xD2, 0x30, 0x84, 0xC5, 0x1D, 0x50, 0x59, 0x00, 0x22, 0x01, 0x6E,
    0x27, 0x9D, 0xA6, 0x4E, 0x0A, 0x80, 0x2E, 0xED, 0x00, 0xEC, 0x02, 0xB8, 0x05, 0xCC, 0x5D, 0xC2,
    0x13, 0x00, 0x0B, 0x0D, 0x15, 0x06, 0x68, 0x6E, 0x1E, 0x03, 0x3A, 0x78, 0xA2, 0x22, 0x05, 0xE0,
    0xB1, 0xF2, 0x7D, 0xC6, 0x22, 0xCB, 0x63, 0x80, 0x96, 0x25, 0xC6, 0x18, 0xD0, 0x78, 0x3D, 0x96,
    0xE1, 0x80, 0xCE, 0x40, 0xE9, 0xF6, 0x04, 0x78, 0xBD, 0xD5, 0x0A, 0xD0, 0x8D, 0xA0, 0x78, 0x8D,
    0x93, 0x38, 0x5C, 0x0F, 0x3C, 0xFD, 0x41, 0x09, 0xA3, 0x3F, 0x79, 0xB3, 0xF3, 0xC1, 0xC6, 0x8E,
    0x8C, 0x48, 0x37, 0xE3, 0x54, 0x6B, 0xBA, 0xFA, 0x57, 0xEC, 0xE2, 0x22, 0x8D, 0xEC, 0x6D, 0xAF,
    0xA9, 0x1A, 0x43, 0xED, 0xF6, 0xA5, 0xCB, 0xCC, 0x98, 0xC6, 0x9A, 0x79, 0x46, 0x25, 0x4B, 0xB7,
    0x89, 0xB4, 0xD4, 0xB8, 0x66, 0x82, 0x45, 0xA0, 0xDB, 0xBD, 0x0C, 0x16, 0x82, 0x6E, 0xFC, 0x6F,
    0xA4, 0x71, 0xB5, 0x88, 0xFF, 0x24, 0xC6, 0x4B, 0xF7, 0x36, 0x3E, 0xC5, 0x8A, 0xA2, 0xFB, 0x20,
    0xFE, 0x89, 0xF9, 0xE9, 0x2E, 0xCB, 0x9A, 0x2C, 0xE2, 0x48, 0xF7, 0xAE, 0x38, 0x25, 0xCC, 0x50,
    0xBA, 0xCD, 0x40, 0x77, 0x47, 0xB7, 0x2D, 0xDD, 0xA5, 0xDD, 0xEE, 0xF4, 0xC0, 0x35, 0x6B, 0x7B,
    0x92, 0x75, 0x16, 0xB3, 0xF5, 0x58, 0x5E, 0x96, 0xF3, 0xFD, 0x16, 0xDB, 0xCB, 0xEA, 0xBC, 0xD7,
    0x5C, 0xC8, 0x5D, 0x6F, 0x57, 0x83, 0x1A, 0xA6, 0x47, 0xBA, 0x07, 0xBA, 0x2A, 0xE6, 0x1D, 0xDD,
    0xE8, 0x6B, 0xF7, 0x44, 0x77, 0x4D, 0x57, 0x8F, 0x39, 0xEF, 0x32, 0x0D, 0x50, 0x2F, 0xC0, 0x5C,
    0x71, 0x65, 0xEA, 0x9B, 0x38, 0x24, 0x5B, 0xD5, 0x26, 0xD2, 0xE9, 0x4F, 0xB4, 0x18, 0x22, 0x23,
    0x25, 0x3C, 0xAA, 0x67, 0xD6, 0xDB, 0x41, 0x63, 0xE4, 0x5D, 0xBE, 0xD3, 0x4D, 0xF6, 0xD6, 0xA4,
    0xD4, 0x28, 0x4B, 0x37, 0x7F, 0x93, 0x7A, 0x4A, 0x29, 0xB7, 0xA3, 0x46, 0xEB, 0xA4, 0x4F, 0x6E,
    0xB2, 0x23, 0x41, 0x26, 0x91, 0x6A, 0x59, 0x31, 0x03, 0x66, 0x67, 0xE9, 0xD5, 0xEE, 0x79, 0xC9,
    0x87, 0x3A, 0x3B, 0x31, 0x36, 0xA9, 0x3B, 0x07, 0x2F, 0xA7, 0x07, 0xA9, 0xE8, 0x61, 0x69, 0xE9,
    0x62, 0x99, 0xEB, 0xF5, 0x14, 0x32, 0x87, 0xF9, 0xC4, 0x5E, 0xB1, 0x43, 0xCD, 0xA8, 0x5F, 0x8D,
    0x97, 0xEE, 0xF9, 0x5D, 0x2A, 0x98, 0x2E, 0x58, 0x26, 0xE4, 0xF1, 0xB1, 0x27, 0x9D, 0x60, 0x3B,
    0x5F, 0xB9, 0x40, 0xDE, 0x40, 0x83, 0xAA, 0x8B, 0x4B, 0x64, 0xCD, 0x38, 0x46, 0xBA, 0x75, 0x22,
    0xB9, 0x45, 0x78, 0x06, 0x03, 0x3B, 0x06, 0xE0, 0x7F, 0x74, 0xD7, 0x5E, 0xC6, 0xA1, 0x96, 0xBC,
    0x86, 0x6B, 0x92, 0x4C, 0xE2, 0x83, 0xD4, 0xD5, 0x68, 0x6B, 0x26, 0x7D, 0xF6, 0xAA, 0x05, 0x66,
    0xE3, 0x7B, 0x82, 0xFB, 0xF0, 0xBB, 0x15, 0x4D, 0xD3, 0xEB, 0xFE, 0x90, 0xF2, 0x60, 0xCC, 0x71,
    0x51, 0x8D, 0xD4, 0x49, 0xEC, 0x6D, 0x82, 0x4E, 0x65, 0x26, 0xD4, 0x2A, 0x9E, 0x4A, 0x64, 0x0D,
    0xC7, 0xC9, 0x4F, 0xA6, 0x05, 0xD9, 0x90, 0xE9, 0xCF, 0xCC, 0x8D, 0x7A, 0x8A, 0xF3, 0x2A, 0x98,
    0xFE, 0x6C, 0x7F, 0x8F, 0x9F, 0x11, 0x47, 0x98, 0x58, 0x40, 0x11, 0x93, 0x9F, 0x2D, 0x09, 0x74,
    0x3E, 0x55, 0x72, 0x2C, 0xE7, 0xAD, 0xE1, 0xD7, 0x18, 0x2A, 0x76, 0x60, 0x6F, 0x4D, 0xC6, 0x0F,
    0x73, 0x13, 0xC2, 0x86, 0x3B, 0x87, 0xB8, 0xBD, 0x39, 0x5A, 0x6C, 0x47, 0x9B, 0x0D, 0xAC, 0xD1,
    0x40, 0xE0, 0xD2, 0x5B, 0x90, 0x66, 0xCC, 0x1C, 0x9E, 0xF9, 0xC1, 0xB6, 0x36, 0x0C, 0xDF, 0x9D,
    0x60, 0xA9, 0x56, 0xBF, 0x66, 0xA9, 0xEC, 0xFC, 0xE8, 0xD3, 0x81, 0x67, 0x47, 0x3F, 0x3F, 0xCC,
    0xA3, 0xD4, 0x5A, 0x21, 0x3F, 0x48, 0x3B, 0x1F, 0x66, 0x64, 0xE6, 0x86, 0x3F, 0x9E, 0xB9, 0x2B,
    0x7F, 0x23, 0xC3, 0x2C, 0xF9, 0x63, 0xF8, 0xF2, 0x57, 0x66, 0xE2, 0x0F, 0xB3, 0x9F, 0x3F, 0xE8,
    0x88, 0x03, 0x7F, 0xDC, 0x9B, 0xFC, 0x15, 0x92, 0xF9, 0x73, 0x2C, 0x87, 0x43, 0x67, 0x30, 0x16,
    0x7F, 0x1F, 0x7C, 0x48, 0xEA, 0xF3, 0xA9, 0x54, 0xD8, 0x74, 0x92, 0x32, 0xCB, 0xF8, 0x84, 0xFB,
    0x59, 0xC6, 0x69, 0xAE, 0x2F, 0xAB, 0xDC, 0x5F, 0x5B, 0x56, 0x9B, 0xF9, 0x65, 0xFD, 0xE0, 0x23,
    0x33, 0xD1, 0x34, 0xA1, 0xBB, 0x2A, 0xD9, 0x6F, 0x3F, 0xCB, 0xA3, 0x52, 0xCD, 0x90, 0x0E, 0x3F,
    0x3D, 0x56, 0xE6, 0x6E, 0xBD, 0x96, 0x80, 0x3B, 0xA1, 0x7D, 0x61, 0xA5, 0xD9, 0x31, 0x10, 0xC4,
    0xD8, 0x39, 0xDF, 0x7A, 0x5B, 0x80, 0x77, 0x05, 0x48, 0xE2, 0x59, 0x3D, 0x6B, 0xC1, 0x38, 0x65,
    0x06, 0x4D, 0x99, 0x02, 0x0B, 0x18, 0x97, 0x7C, 0xC3, 0xD7, 0x0F, 0xB0, 0x33, 0xD8, 0xA8, 0xF2,
    0xCC, 0x08, 0x8F, 0xD4, 0x23, 0x53, 0x1A, 0xBC, 0x78, 0x68, 0xFA, 0xA0, 0xCD, 0x46, 0x02, 0xD2,
    0x7E, 0x6D, 0xC2, 0x3C, 0x21, 0x9B, 0x47, 0x49, 0x7F, 0x23, 0x03, 0x1F, 0xE4, 0xB9, 0x39, 0xDF,
    0x6A, 0xF7, 0x7F, 0x47, 0x13, 0xF3, 0xB3, 0x02, 0x19, 0xD7, 0x15, 0x0A, 0x37, 0xCB, 0x38, 0x73,
    0xA0, 0x6E, 0x2C, 0x12, 0xD5, 0x85, 0xDC, 0x70, 0x79, 0x70, 0x85, 0xBD, 0x53, 0x0A, 0x35, 0x16,
    0x28, 0x32, 0x61, 0x29, 0x54, 0x0C, 0x5C, 0x1E, 0xC2, 0x1E, 0x40, 0xCF, 0x31, 0x82, 0xD0, 0x00,
    0x04, 0x52, 0x88, 0x33, 0xFF, 0x0D, 0xEB, 0xDD, 0x55, 0x33, 0xD7, 0x85, 0xFF, 0xCC, 0xC2, 0x1F,
    0xD8, 0xBD, 0x89, 0x1E, 0x20, 0x5D, 0x3C, 0xA9, 0x02, 0x9E, 0xB9, 0xB8, 0x66, 0xEF, 0x2F, 0x4C,
    0x93, 0x89, 0x63, 0xFA, 0x10, 0x28, 0x8A, 0xFA, 0x00, 0x7C, 0x6C, 0x3E, 0xAB, 0xCB, 0x79, 0xD3,
    0xE6, 0xD6, 0x87, 0x3C, 0x34, 0xBE, 0x16, 0x90, 0x91, 0x68, 0x46, 0xD8, 0x26, 0x2F, 0xBD, 0x70,
    0x02, 0x60, 0xFC, 0x8E, 0x23, 0x22, 0xE8, 0x3C, 0x99, 0xE7, 0x5C, 0xC3, 0x7F, 0x1B, 0xD0, 0xC0,
    0x76, 0xA0, 0x75, 0xDE, 0x5D, 0xCF, 0x81, 0x90, 0x67, 0xBA, 0xEB, 0x69, 0xF0, 0x35, 0x83, 0x34,
    0xF4, 0x9C, 0x12, 0xDE, 0xEB, 0xC9, 0x4B, 0x18, 0xDF, 0x9A, 0xCD, 0xA6, 0xDD, 0xEA, 0x6F, 0x67,
    0x9A, 0x0C, 0x85, 0xE3, 0x9E, 0xB1, 0xF7, 0x58, 0x4F, 0x3F, 0x66, 0x06, 0x3D, 0x52, 0xFD, 0xD1,
    0x49, 0x08, 0xB8, 0x06, 0x7F, 0xAF, 0xB5, 0x88, 0x91, 0xFA, 0x8E, 0xBA, 0xA4, 0x47, 0x1F, 0x97,
    0xA0, 0x9C, 0xF4, 0xA5, 0x93, 0x48, 0x7B, 0xAB, 0x96, 0xEA, 0x20, 0x47, 0xD2, 0xBE, 0xEA, 0x96,
    0x08, 0x1B, 0x24, 0x13, 0x58, 0xC4, 0xB0, 0x52, 0x32, 0x33, 0x7E, 0xF4, 0x7C, 0x2A, 0x99, 0xE7,
    0x94, 0x4C, 0xB4, 0xB3, 0x2B, 0xB9, 0x9B, 0x48, 0x26, 0x89, 0x76, 0x01, 0xF7, 0x54, 0xC9, 0x1C,
    0xE6, 0x25, 0xF3, 0xC1, 0x44, 0x32, 0x57, 0x8C, 0x40, 0xDA, 0x07, 0xC9, 0xFC, 0xD6, 0x54, 0x32,
    0x33, 0xBE, 0xF0, 0xCC, 0x3A, 0xC3, 0x7F, 0x3E, 0xC3, 0xE9, 0x70, 0x37, 0x54, 0xC9, 0xCC, 0x62,
    0xA8, 0xCE, 0x88, 0x8C, 0xD7, 0x88, 0xA5, 0x8E, 0x46, 0x50, 0xBE, 0x8F, 0x6D, 0xD7, 0x67, 0x01,
    0x44, 0x9C, 0x20, 0x3A, 0x4E, 0x7A, 0xD6, 0x2D, 0x16, 0xE6, 0xA1, 0x8B, 0x4F, 0x22, 0x76, 0x56,
    0x46, 0xD2, 0x0E, 0x26, 0xE1, 0x68, 0x7F, 0x3E, 0xB7, 0x47, 0xEC, 0xE3, 0x1F, 0x21, 0xA0, 0x8B,
    0x7F, 0x2B, 0x04, 0xFE, 0x56, 0x03, 0x16, 0xD1, 0xBC, 0xE4, 0xDD, 0x4F, 0x04, 0x4E, 0xC6, 0xB5,
    0xA4, 0x4D, 0xB3, 0x6A, 0x3F, 0xAF, 0x16, 0xC5, 0xED, 0xA4, 0x28, 0xEE, 0x4E, 0xCB, 0xAC, 0x89,
    0x9F, 0x3E, 0xBE, 0x6E, 0x49, 0x7C, 0x53, 0x93, 0xAB, 0xBB, 0x78, 0xD7, 0x2C, 0x89, 0x3A, 0xF3,
    0x46, 0xB8, 0xBE, 0xED, 0x57, 0x1D, 0x47, 0xDA, 0x2F, 0xE1, 0x38, 0x5E, 0x29, 0xCC, 0xBE, 0x07,
    0x0D, 0x1A, 0x8A, 0xBF, 0x4C, 0x63, 0x0B, 0xAE, 0x80, 0xB3, 0xD0, 0x0B, 0xFB, 0xCA, 0x7F, 0x3D,
    0x8F, 0x2B, 0x82, 0xCB, 0x7C, 0x7B, 0xDA, 0x62, 0x55, 0xC7, 0x90, 0x71, 0x37, 0x0E, 0xBF, 0xD0,
    0xC6, 0xDE, 0x1A, 0x66, 0x6F, 0xBD, 0x33, 0x8F, 0x60, 0x61, 0x72, 0x45, 0x68, 0x19, 0xEA, 0x5D,
    0x52, 0xCC, 0x51, 0x00, 0xE3, 0x19, 0xEE, 0xAD, 0xED, 0x17, 0xF4, 0xC6, 0xB6, 0x17, 0x21, 0xCD,
    0x5C, 0x08, 0x56, 0x2C, 0x9B, 0x8D, 0x0C, 0x9D, 0x0C, 0x21, 0x41, 0x03, 0xC0, 0xFA, 0xBF, 0x36,
    0x57, 0xFD, 0x33, 0xA0, 0x89, 0x6F, 0x07, 0xF4, 0xFF, 0xED, 0xCC, 0x89, 0x73, 0xB1, 0xFF, 0x2A,
    0x6D, 0xDB, 0x2F, 0x3E, 0xD2, 0x04, 0x82, 0xED, 0x69, 0xB8, 0x01, 0x38, 0x5B, 0xF4, 0xFD, 0xE8,
    0xF7, 0x73, 0x0F, 0xFF, 0xE9, 0x1A, 0xF8, 0x5E, 0xF4, 0xDE, 0xC3, 0xA3, 0xF7, 0xB0, 0x51, 0xED,
    0x80, 0xF1, 0x04, 0xEB, 0x32, 0x3B, 0x63, 0x42, 0x9D, 0x65, 0xD5, 0x5B, 0x1D, 0x35, 0xAE, 0x00,
    0xC0, 0x2B, 0xC0, 0x65, 0x65, 0xF7, 0x57, 0xC4, 0x8A, 0xDE, 0x89, 0x1C, 0x65, 0x32, 0x56, 0xEF,
    0xD6, 0x9B, 0xBC, 0xAB, 0xCB, 0xCA, 0x69, 0x17, 0x34, 0xD9, 0xE1, 0xA9, 0x09, 0x1D, 0xE3, 0x4B,
    0x19, 0xA8, 0xCC, 0x34, 0x8F, 0x2C, 0x12, 0xC4, 0xB5, 0xE2, 0x5F, 0xE9, 0xEB, 0xE4, 0xD5, 0xA0,
    0x53, 0x72, 0xC7, 0x78, 0xFA, 0xCF, 0x59, 0x54, 0xC1, 0xBF, 0x4E, 0xB7, 0xD4, 0x17, 0x64, 0xFD,
    0x07, 0xD5, 0x90, 0xCC, 0xF8, 0xFE, 0x3B, 0x40, 0x26, 0x82, 0xE0, 0x30, 0x93, 0xA1, 0x1C, 0x26,
    0x0F, 0xC4, 0x22, 0xC3, 0x4C, 0xEB, 0xCB, 0x5D, 0xDF, 0xD8, 0x9A, 0xF1, 0xD4, 0x9B, 0x9E, 0xAB,
    0xBE, 0xAC, 0xF7, 0x48, 0x3F, 0x4D, 0xFD, 0xCD, 0x66, 0x39, 0xF7, 0x57, 0xB2, 0x9C, 0x50, 0xA5,
    0x04, 0x5D, 0xC9, 0x35, 0x0E, 0x75, 0xC2, 0x6B, 0x69, 0xCD, 0xE9, 0x84, 0x4E, 0x52, 0x35, 0x98,
    0xA7, 0xD3, 0xC3, 0xA9, 0x24, 0x06, 0x03, 0x78, 0x32, 0x9D, 0xA9, 0x0A, 0xA5, 0xF3, 0xE4, 0x4C,
    0xB2, 0x35, 0x41, 0xE7, 0x73, 0xC6, 0x2A, 0x9B, 0x39, 0x6B, 0x3D, 0x20, 0xCA, 0x84, 0xB1, 0x06,
    0xB6, 0x1B, 0x76, 0xEF, 0x32, 0xBF, 0xD7, 0xA4, 0x3B, 0xBC, 0xF5, 0x25, 0x13, 0xD4, 0x10, 0x64,
    0x18, 0x8F, 0xED, 0x86, 0x66, 0x9A, 0x76, 0x7C, 0x95, 0xEC, 0xD7, 0x37, 0x1A, 0xF7, 0xF5, 0xAD,
    0x0C, 0x30, 0x17, 0x80, 0x73, 0x27, 0x0E, 0xD6, 0x58, 0x6F, 0x47, 0xC9, 0x32, 0xD4, 0x7C, 0x49,
    0x3F, 0x6E, 0xD8, 0x6F, 0x10, 0x8F, 0xD6, 0xA2, 0x99, 0xD9, 0xB4, 0xE3, 0x45, 0x91, 0x4F, 0x85,
    0xED, 0xE6, 0xFE, 0xC2, 0x36, 0x2F, 0xB7, 0xFD, 0x15, 0xB9, 0x75, 0x18, 0xFE, 0xAD, 0xE6, 0xE5,
    0x16, 0x85, 0xB9, 0xA0, 0x62, 0x78, 0x60, 0x80, 0x26, 0x30, 0x70, 0x57, 0xD4, 0x2A, 0x72, 0x05,
    0x92, 0x70, 0xE4, 0x95, 0x60, 0x2D, 0xA1, 0x8F, 0x7D, 0xA5, 0xC5, 0xCF, 0xE0, 0x5D, 0x10, 0xDF,
    0xA2, 0x47, 0xB4, 0x61, 0x80, 0x98, 0x0E, 0xE6, 0x4F, 0x90, 0xB6, 0x0D, 0x0C, 0x02, 0x7A, 0x18,
    0x59, 0xEA, 0xF7, 0xD4, 0xED, 0xE8, 0xDD, 0xDE, 0x9A, 0xA7, 0x53, 0x5E, 0x10, 0xF4, 0x2E, 0x85,
    0xDE, 0x35, 0xAC, 0x9D, 0xC5, 0xFB, 0x05, 0xE0, 0xA6, 0x3B, 0xC3, 0x54, 0xB5, 0xFC, 0xEE, 0x6A,
    0xCF, 0xEB, 0xE2, 0xCE, 0x9E, 0x57, 0x8F, 0xA3, 0x32, 0xB8, 0xA3, 0x32, 0xB8, 0xA3, 0x02, 0x8E,
    0x4A, 0xCF, 0x35, 0x70, 0x01, 0x7A, 0x60, 0x85, 0x90, 0xC1, 0x3A, 0x8B, 0x35, 0xCC, 0xDC, 0x7E,
    0xED, 0x1F, 0xC0, 0xED, 0x57, 0xCD, 0xCF, 0x83, 0x81, 0x97, 0x54, 0x0D, 0x5A, 0x29, 0x6A, 0x9E,
    0x92, 0xBE, 0x23, 0xCC, 0x12, 0x87, 0x1B, 0xE8, 0x66, 0xDD, 0x5B, 0x46, 0x1C, 0x0C, 0x7D, 0x22,
    0x46, 0xF9, 0x36, 0x5A, 0x1F, 0x83, 0x2D, 0x13, 0xC5, 0xC0, 0x3C, 0xEF, 0xBC, 0x93, 0x76, 0xD0,
    0xDD, 0x28, 0xBF, 0x6C, 0x10, 0x7D, 0x2C, 0x31, 0xCB, 0xF8, 0x56, 0x88, 0x81, 0x2F, 0xCA, 0xD5,
    0x5A, 0x8F, 0x3E, 0x49, 0xAB, 0x2F, 0xA4, 0x12, 0x5A, 0x01, 0xFE, 0xDD, 0xD7, 0x57, 0x3E, 0xF3,
    0xE7, 0xCF, 0xC3, 0x30, 0x58, 0x04, 0x37, 0xF7, 0xC8, 0x11, 0xE1, 0xB8, 0x38, 0xA3, 0xDB, 0x3A,
    0x5D, 0x92, 0x35, 0xB0, 0x32, 0x7E, 0xD8, 0x24, 0x8C, 0x90, 0x8D, 0x52, 0xBE, 0xA9, 0x71, 0x53,
    0xA4, 0x04, 0xC1, 0x43, 0x61, 0x57, 0x5D, 0x1F, 0xBB, 0x2D, 0xBC, 0xD7, 0xC2, 0x19, 0xB8, 0x7C,
    0x26, 0x0D, 0x3F, 0xD3, 0x7E, 0x3E, 0x94, 0x47, 0xD8, 0x96, 0x0F, 0xD6, 0x80, 0x6F, 0x26, 0x5E,
    0xCF, 0x9C, 0x5D, 0x0F, 0xF2, 0xB8, 0x00, 0x53, 0xE7, 0xEE, 0xDB, 0x9A, 0xAF, 0xFF, 0xF5, 0x87,
    0x63, 0x42, 0xFF, 0x68, 0x84, 0xCD, 0xB1, 0x2C, 0x1E, 0x8B, 0xD8, 0x0D, 0x9C, 0x86, 0xEB, 0xF6,
    0xDC, 0xF1, 0x4B, 0xD9, 0x73, 0x9E, 0xAE, 0xBB, 0xF1, 0x4D, 0xF2, 0xFC, 0x0C, 0x41, 0xAB, 0x73,
    0xC7, 0xC9, 0x3A, 0x4B, 0x47, 0x6D, 0x2D, 0x55, 0xEF, 0xBC, 0xAB, 0xB5, 0xFE, 0xC6, 0x7B, 0x94,
    0xC4, 0x7C, 0x65, 0xBD, 0x68, 0xB6, 0x86, 0x41, 0x8D, 0x9E, 0xBB, 0x3C, 0xB4, 0x29, 0x25, 0xE3,
    0x47, 0xE3, 0x9B, 0x19, 0xFF, 0xF2, 0x32, 0x97, 0xB3, 0x9F, 0x7D, 0x88, 0xA1, 0x23, 0x69, 0x36,
    0xE7, 0x68, 0x2C, 0x41, 0xA5, 0x63, 0xF4, 0x55, 0xAA, 0x2F, 0x9A, 0x7D, 0xFD, 0xA6, 0xFD, 0x09,
    0xBA, 0xA4, 0x08, 0x68, 0x4C, 0xDE, 0xE8, 0xD8, 0xE8, 0x39, 0x52, 0x63, 0x77, 0xA8, 0xEF, 0xA7,
    0x42, 0xE0, 0xC2, 0xCC, 0x27, 0x7C, 0x5E, 0x42, 0x2C, 0x4D, 0xDA, 0xF7, 0x87, 0x86, 0x01, 0xBA,
    0x40, 0xC0, 0x69, 0x82, 0x91, 0xA6, 0x75, 0x26, 0xD3, 0x62, 0x93, 0xF9, 0x2A, 0x96, 0xDF, 0x7D,
    0x45, 0x93, 0xA6, 0x8B, 0x05, 0xEE, 0xA6, 0xD7, 0x9F, 0x8D, 0x3C, 0xDE, 0x42, 0x2C, 0xF1, 0x0E,
    0x3F, 0xB2, 0xA6, 0x07, 0xE5, 0xAD, 0x77, 0xF5, 0xBA, 0x9B, 0xBB, 0xF5, 0xAE, 0x5C, 0x77, 0x79,
    0x63, 0x4F, 0xD2, 0x9B, 0x1D, 0xCF, 0xEC, 0x79, 0xB4, 0x31, 0xBB, 0xD3, 0x31, 0x5E, 0xDC, 0x04,
    0xF0, 0x36, 0x60, 0x10, 0xBF, 0xD6, 0x7A, 0xFD, 0xD4, 0x04, 0x23, 0x4B, 0xC7, 0xFB, 0x3B, 0xA3,
    0x02, 0x79, 0xF9, 0x98, 0x2C, 0x88, 0x02, 0xE6, 0x30, 0xB9, 0x03, 0x87, 0x02, 0x4E, 0xEB, 0x6D,
    0xA4, 0xD5, 0x0F, 0xF8, 0xBA, 0xD3, 0x25, 0x07, 0x33, 0x02, 0xD7, 0x72, 0x30, 0xB9, 0xD6, 0xAB,
    0xCC, 0xC1, 0x68, 0x3F, 0x58, 0xA5, 0x6E, 0xE2, 0x00, 0xED, 0x2A, 0x1C, 0xB4, 0x35, 0x76, 0xC2,
    0x46, 0xA8, 0x61, 0x2C, 0x8D, 0x88, 0x77, 0x3F, 0x54, 0xCA, 0xA4, 0x5A, 0x63, 0x3D, 0x58, 0x24,
    0x7A, 0x2B, 0x43, 0x3F, 0x44, 0x01, 0xBD, 0x20, 0xDA, 0xC1, 0xE2, 0x98, 0x13, 0xBD, 0x6D, 0x1C,
    0x93, 0xB1, 0x78, 0x7E, 0x84, 0xC8, 0x76, 0xB8, 0x89, 0xEE, 0x08, 0x9D, 0xED, 0x70, 0x1B, 0xC4,
    0x38, 0xD6, 0xA5, 0xF7, 0x60, 0x6C, 0x8F, 0x0D, 0x4C, 0x0E, 0x77, 0xE7, 0xF6, 0xD8, 0x9E, 0xE9,
    0xAD, 0x86, 0xF6, 0xB8, 0x1D, 0xE8, 0x35, 0x7D, 0x7B, 0x8C, 0x9E, 0x5E, 0xF9, 0xEE, 0xFF, 0xE2,
    0x48, 0xAF, 0x3B, 0xB4, 0xBF, 0x82, 0x87, 0xD5, 0x10, 0xFB, 0x96, 0x42, 0xA1, 0x72, 0xCE, 0x63,
    0xD7, 0xBE, 0x0C, 0xE4, 0x6C, 0x8C, 0x75, 0xFB, 0x3A, 0xCF, 0x48, 0x46, 0xF1, 0xD0, 0xB2, 0xE6,
    0x14, 0x56, 0xD0, 0x68, 0xD6, 0xA2, 0xB4, 0x10, 0x4D, 0xEF, 0x64, 0x4F, 0xC6, 0x3C, 0xD8, 0xAA,
    0xDE, 0xE9, 0x5B, 0xDB, 0xF0, 0xBF, 0xE7, 0x64, 0xA2, 0x8E, 0xD9, 0x60, 0x2F, 0x8D, 0x18, 0x8C,
    0x2C, 0x6F, 0x07, 0x7E, 0x62, 0x09, 0x9A, 0xD6, 0x6B, 0x9B, 0x97, 0x01, 0x97, 0x3D, 0x63, 0x32,
    0xB1, 0x39, 0x30, 0x07, 0x74, 0x02, 0xF3, 0x33, 0xE0, 0x08, 0x18, 0x43, 0xE4, 0xB9, 0xC4, 0xEE,
    0x52, 0x09, 0x92, 0x1B, 0x46, 0xA6, 0x80, 0xE1, 0x3E, 0x4F, 0x7F, 0xFD, 0x7B, 0x71, 0x32, 0x64,
    0x03, 0x19, 0x48, 0x14, 0x88, 0xD9, 0xCA, 0xBC, 0xF2, 0x64, 0x88, 0x5D, 0x7A, 0xF2, 0xC3, 0xB9,
    0x80, 0x60, 0x6E, 0x71, 0xD8, 0x05, 0xD1, 0xDC, 0x46, 0xAE, 0xD6, 0x20, 0xB2, 0x0A, 0xE6, 0x80,
    0x07, 0xAB, 0xCB, 0x7C, 0xDB, 0x15, 0xCD, 0x80, 0xBC, 0x82, 0xF2, 0x0B, 0x6E, 0x40, 0x76, 0xF3,
    0x0D, 0xAA, 0xA1, 0xB6, 0xA7, 0xED, 0x20, 0x66, 0x96, 0xFC, 0x85, 0xFC, 0x77, 0x94, 0x10, 0x99,
    0xCF, 0xE2, 0x71, 0xCB, 0x85, 0xC4, 0xE4, 0xFF, 0x2C, 0x4E, 0x72, 0x0A, 0xE0, 0xA1, 0xDA, 0xEA,
    0x35, 0x82, 0x00, 0x97, 0x35, 0x5C, 0xE0, 0x42, 0xB8, 0xCC, 0x27, 0xE0, 0x2F, 0xB6, 0x3E, 0xCE,
    0xD5, 0x52, 0x67, 0x01, 0x87, 0xC4, 0x83, 0xF8, 0x6A, 0xEA, 0xD0, 0x5D, 0xDE, 0x82, 0xEF, 0x69,
    0x31, 0x5B, 0x7D, 0x3D, 0x94, 0xF6, 0xE2, 0x78, 0x75, 0x55, 0x85, 0x98, 0x13, 0x5B, 0x4E, 0xBE,
    0x34, 0xAE, 0xE6, 0x97, 0xA6, 0xA1, 0xA6, 0x5F, 0x2E, 0xF2, 0x4B, 0xA3, 0x30, 0x2F, 0x4A, 0x1D,
    0x72, 0x93, 0x56, 0x2F, 0x6D, 0xC7, 0xE4, 0x59, 0x18, 0xB4, 0x75, 0x5A, 0xD2, 0x74, 0x8A, 0x46,
    0x26, 0x55, 0xCC, 0x9E, 0xF2, 0x34, 0x23, 0xAD, 0x08, 0xF2, 0x70, 0x5B, 0x78, 0x72, 0x6B, 0xCB,
    0xEC, 0x04, 0xC6, 0x8D, 0x8C, 0x43, 0x55, 0x6D, 0x17, 0xDE, 0x0A, 0x55, 0xAF, 0xFD, 0x71, 0xC4,
    0xBA, 0x8E, 0x78, 0xA8, 0xF5, 0x9E, 0xD9, 0x77, 0x98, 0x1C, 0x7E, 0xBE, 0xED, 0xDE, 0x37, 0xE1,
    0xC1, 0xB6, 0xAA, 0x7A, 0xF7, 0x5E, 0x49, 0xDF, 0xD2, 0xEA, 0xCC, 0x9A, 0x4E, 0xF1, 0xF3, 0x74,
    0x13, 0xBB, 0xAF, 0xE7, 0x3F, 0x62, 0x64, 0x4F, 0x99, 0x3F, 0x53, 0x81, 0xAC, 0x69, 0x64, 0x01,
    0xC7, 0x62, 0xEB, 0x2A, 0x90, 0x79, 0x98, 0x4B, 0x3F, 0xBC, 0x37, 0xB5, 0xE3, 0xB2, 0x3D, 0xE2,
    0xC7, 0x43, 0xDE, 0xA8, 0x0B, 0x56, 0xAB, 0xC9, 0xEC, 0x91, 0xB5, 0xE9, 0xEA, 0x4B, 0x13, 0xFE,
    0xD7, 0x92, 0x1B, 0x39, 0xB0, 0xFA, 0x4F, 0x8D, 0xDF, 0x99, 0xA0, 0xDD, 0xD1, 0x5C, 0x56, 0x59,
    0xC9, 0x7F, 0x5C, 0xE2, 0x83, 0x2B, 0xA8, 0xFF, 0x87, 0x2E, 0xE2, 0xD5, 0xDF, 0x4D, 0xDE, 0xF1,
    0xFB, 0x49, 0x89, 0x0C, 0xC6, 0xE9, 0x31, 0xDC, 0xED, 0x10, 0xA4, 0x1F, 0x7C, 0xE3, 0xFF, 0x01,
    0xBC, 0x57, 0x31, 0x8C, 0xE6, 0x46, 0x15, 0xFE, 0x6C, 0x27, 0x3B, 0x52, 0x5C, 0xB8, 0xBA, 0x82,
    0x1C, 0x92, 0x1B, 0x0A, 0x74, 0x8D, 0x1B, 0x6A, 0xC6, 0x1D, 0x6D, 0x0A, 0xB6, 0x81, 0x22, 0x2D,
    0x6C, 0x43, 0xDF, 0x60, 0x23, 0x4A, 0x9A, 0x6D, 0x20, 0xED, 0x16, 0x20, 0x91, 0xBD, 0xE2, 0x1A,
    0x0A, 0x1A, 0x32, 0x8E, 0xE8, 0x25, 0x77, 0x14, 0x14, 0x18, 0x11, 0x24, 0x14, 0x9A, 0x41, 0x18,
    0xE1, 0x3B, 0xC6, 0xF3, 0xF1, 0xBF, 0x4F, 0xDE, 0xFD, 0xD9, 0x0D, 0xD1, 0xE5, 0x88, 0xC4, 0xDB,
    0xF5, 0xF7, 0xE6, 0xB7, 0x66, 0xDE, 0xBC, 0xF9, 0xFC, 0xCD, 0x1B, 0x1B, 0xB2, 0x61, 0x44, 0xC9,
    0x08, 0xC7, 0x88, 0x9A, 0x2B, 0x6A, 0xB5, 0x17, 0x54, 0x9C, 0x80, 0xEF, 0xE3, 0x81, 0xBD, 0xF3,
    0x4B, 0xA0, 0xD9, 0x81, 0x36, 0x01, 0x5D, 0x02, 0x7C, 0x02, 0x86, 0x0D, 0x08, 0x1B, 0xC0, 0x15,
    0x60, 0x44, 0xC1, 0xA8, 0x70, 0x15, 0x17, 0x5D, 0x8E, 0x33, 0x6A, 0x4E, 0x68, 0x8E, 0xAB, 0xE5,
    0x88, 0x8E, 0x23, 0x3C, 0x7B, 0x78, 0x02, 0x03, 0x81, 0x27, 0x97, 0x38, 0xDB, 0x30, 0x19, 0x86,
    0xD1, 0x90, 0x3D, 0x80, 0x0B, 0x5E, 0xDB, 0x0D, 0x72, 0x84, 0x23, 0x15, 0xC2, 0xDA, 0x03, 0x49,
    0x80, 0xFC, 0x2B, 0x51, 0x32, 0xE3, 0x2B, 0x70, 0x96, 0x01, 0x6A, 0x2E, 0x80, 0x66, 0x82, 0xE6,
    0x02, 0x3A, 0x02, 0x80, 0xA7, 0x30, 0x9F, 0x71, 0xF8, 0x0C, 0xAA, 0x8F, 0x32, 0xBB, 0x86, 0xE7,
    0x9F, 0x7F, 0x30, 0x6B, 0xAA, 0x19, 0x8D, 0xB0, 0x12, 0x22, 0xD0, 0x62, 0x3F, 0xE5, 0x06, 0xC0,
    0x25, 0xD8, 0x94, 0xD6, 0x44, 0xB3, 0x0A, 0xA3, 0xE1, 0xDB, 0xEF, 0xE1, 0xA1, 0x05, 0x2E, 0xEA,
    0x49, 0x6A, 0x49, 0xFE, 0xF0, 0xD4, 0x1A, 0x50, 0x90, 0xDC, 0x01, 0x54, 0xCC, 0xDF, 0x4D, 0x80,
    0x1E, 0xC5, 0xD7, 0xB4, 0x8A, 0x19, 0x90, 0x9F, 0x0E, 0x3F, 0xCA, 0xB7, 0x1A, 0xAC, 0x95, 0xC9,
    0xFC, 0x43, 0x7F, 0x15, 0x78, 0x7B, 0x73, 0x44, 0x8F, 0x8F, 0xFC, 0x02, 0xCD, 0xA6, 0xC0, 0x97,
    0x7C, 0x79, 0xD9, 0x6B, 0x7A, 0xA5, 0xAE, 0xC7, 0x66, 0x56, 0x1D, 0xDE, 0x3D, 0x9A, 0xFE, 0x98,
    0x4E, 0x4F, 0x5B, 0x8B, 0x31, 0x03, 0xDA, 0xC3, 0x77, 0xE6, 0x32, 0xB4, 0x38, 0xEE, 0x8F, 0x7C,
    0x02, 0x0A, 0x00, 0x6F, 0xC1, 0x4D, 0xC0, 0x37, 0xD1, 0xFE, 0x2D, 0x7C, 0xC2, 0xD1, 0x2B, 0x13,
    0x8D, 0x1B, 0x9D, 0x06, 0x97, 0x7C, 0xC5, 0x84, 0x8A, 0x63, 0xBB, 0xC3, 0x65, 0xFB, 0xAF, 0xED,
    0xA7, 0x61, 0x79, 0x8F, 0xBB, 0xDD, 0x71, 0x44, 0x9D, 0x51, 0x71, 0xEE, 0x12, 0x2A, 0x4D, 0xD0,
    0x28, 0x0D, 0xC5, 0x9C, 0x4E, 0x98, 0x39, 0x35, 0xCB, 0xD5, 0x75, 0x40, 0x35, 0x02, 0x5F, 0x85,
    0x0C, 0x85, 0x11, 0xF3, 0xEC, 0x43, 0xAD, 0x98, 0x09, 0x27, 0x67, 0x4D, 0x6E, 0x92, 0x6A, 0x48,
    0x52, 0xEA, 0x90, 0x44, 0xB0, 0xDF, 0xA5, 0x93, 0x6E, 0xB7, 0xFB, 0x68, 0xB3, 0xC6, 0x34, 0xAC,
    0xB8, 0x98, 0xB3, 0x8E, 0xA8, 0xD9, 0xB0, 0x07, 0x1C, 0x25, 0x9F, 0xCA, 0x92, 0x90, 0x8B, 0x22,
    0x93, 0x0B, 0x44, 0xF6, 0xA4, 0x7B, 0xE6, 0xCF, 0xEE, 0x10, 0xF3, 0xA1, 0x02, 0xD1, 0x7F, 0xB8,
    0x42, 0xA3, 0x5B, 0x51, 0x87, 0xEE, 0xEC, 0x12, 0xE0, 0xE5, 0xA0, 0x24, 0xCF, 0xEE, 0x10, 0x85,
    0x65, 0xA2, 0x81, 0x86, 0xB7, 0x23, 0xA7, 0xD7, 0xFD, 0x5D, 0x8D, 0x78, 0x64, 0x61, 0x7A, 0xFD,
    0x28, 0x09, 0x46, 0x76, 0xC1, 0x97, 0x00, 0x06, 0x8A, 0x43, 0x72, 0x83, 0xA3, 0xB5, 0x9B, 0xD3,
    0xBE, 0x89, 0x27, 0x44, 0x31, 0xA3, 0xCD, 0xE7, 0x94, 0x94, 0xA6, 0x0A, 0x8C, 0xE8, 0xE8, 0xC5,
    0x50, 0xB4, 0x3B, 0x5A, 0x5A, 0x26, 0x81, 0x10, 0x3B, 0xF6, 0xE0, 0x5C, 0x73, 0x2C, 0x38, 0x55,
    0x9C, 0xCA, 0x7B, 0xB4, 0x3B, 0xD1, 0x11, 0xE0, 0xDE, 0x64, 0x20, 0x68, 0x54, 0x27, 0x8E, 0x9D,
    0x28, 0x46, 0xE0, 0xAC, 0x69, 0xE2, 0x59, 0xD1, 0x61, 0x13, 0xAE, 0xB8, 0x11, 0xBB, 0xA1, 0x37,
    0x65, 0x07, 0xD3, 0x9C, 0x50, 0x35, 0x64, 0x07, 0x9E, 0x2A, 0x0C, 0x9E, 0x7C, 0xDB, 0x76, 0x6E,
    0x5F, 0xBC, 0xE7, 0x63, 0xBB, 0x0D, 0xAB, 0x4F, 0xC1, 0xAE, 0xE8, 0xD3, 0xB0, 0x74, 0xEB, 0x45,
    0x7F, 0xD1, 0xE3, 0x6C, 0x45, 0xE0, 0x27, 0x6A, 0xA8, 0x16, 0x69, 0x46, 0xBE, 0x38, 0xEA, 0x4F,
    0x0F, 0xAD, 0xBB, 0x5B, 0xED, 0xEE, 0x74, 0x94, 0xB2, 0x2E, 0xA2, 0xD8, 0x71, 0x91, 0xAF, 0xEB,
    0x0D, 0xD5, 0x86, 0x81, 0x7B, 0xB9, 0xA3, 0x5E, 0x0A, 0x32, 0x81, 0x68, 0x26, 0xC7, 0x9F, 0x6D,
    0xF0, 0x7D, 0x37, 0x36, 0x9B, 0xF5, 0x9E, 0x3C, 0xBA, 0xC5, 0xC2, 0x4F, 0x03, 0xFC, 0x04, 0xA0,
    0x99, 0x7F, 0x08, 0x2F, 0x06, 0x97, 0x8F, 0x30, 0xF4, 0x00, 0x5C, 0xFC, 0x0D, 0xC2, 0xE7, 0x37,
    0x8E, 0x3E, 0xA7, 0xCE, 0x1A, 0xB5, 0xDC, 0xC5, 0x59, 0x3C, 0xFC, 0xAC, 0x80, 0x7E, 0x6C, 0xA3,
    0xE6, 0x6A, 0xA7, 0x26, 0xE3, 0x7B, 0xF0, 0x63, 0xB3, 0x48, 0xC3, 0x01, 0x6E, 0x05, 0x99, 0x8A,
    0x8C, 0x2A, 0xE1, 0x29, 0x17, 0x97, 0x8E, 0x52, 0x6C, 0x03, 0x86, 0x05, 0x40, 0x98, 0x81, 0x26,
    0x43, 0xAB, 0xB5, 0x4D, 0xFB, 0x1D, 0x09, 0x13, 0x83, 0xB8, 0x95, 0x38, 0xA4, 0x0E, 0x23, 0xF4,
    0xAE, 0xB6, 0x8B, 0x92, 0xAE, 0x07, 0xF3, 0xD0, 0x57, 0x24, 0x51, 0xF3, 0x7D, 0xA2, 0x4D, 0x2E,
    0xA3, 0x5B, 0xAB, 0x0C, 0x1F, 0xAB, 0x1D, 0xC3, 0x52, 0x25, 0x84, 0xD9, 0x9D, 0x60, 0xAA, 0xB7,
    0x13, 0x34, 0x2B, 0xC2, 0xDC, 0x45, 0x0C, 0xFF, 0x08, 0x11, 0x9E, 0x5C, 0xD0, 0xF2, 0x0F, 0x33,
    0x5C, 0x6E, 0x67, 0x3C, 0xB4, 0x6F, 0x00, 0x76, 0x2B, 0x1B, 0xBD, 0x28, 0x39, 0xD5, 0xD4, 0x61,
    0xD0, 0x71, 0x44, 0xCB, 0x29, 0xE8, 0xA8, 0x29, 0x98, 0x00, 0xEE, 0x8E, 0x2B, 0x2A, 0x6E, 0x8D,
    0x4A, 0xFB, 0xE2, 0x75, 0x22, 0x4D, 0xCC, 0xF7, 0x3D, 0x3C, 0x21, 0x79, 0xB1, 0x0F, 0xBB, 0xCA,
    0x9F, 0x57, 0xAC, 0xA9, 0x23, 0xE0, 0xB8, 0xD8, 0xB1, 0x52, 0x31, 0x36, 0x9C, 0x4C, 0x68, 0xAA,
    0x92, 0xDC, 0x54, 0x17, 0xC2, 0x58, 0xE6, 0xFB, 0x54, 0xAE, 0x6E, 0x4F, 0xF6, 0xF3, 0x40, 0x92,
    0xDB, 0x67, 0xF1, 0xC9, 0xE5, 0xE5, 0xE5, 0xFB, 0x9B, 0x24, 0xF4, 0x85, 0xF1, 0x6D, 0x53, 0x28,
    0x1A, 0x5A, 0x0A, 0xAA, 0x9B, 0x93, 0x3F, 0xAE, 0x67, 0xB7, 0xB7, 0x5F, 0x5E, 0x9E, 0x17, 0xB7,
    0xBF, 0x80, 0xE4, 0xE9, 0xC8, 0x59, 0xF2, 0x74, 0xE4, 0x06, 0xC9, 0xF3, 0xD5, 0x8B, 0x5D, 0xF2,
    0x74, 0x6B, 0x99, 0x4D, 0x9E, 0x92, 0x88, 0xE4, 0x69, 0x0D, 0xC9, 0xD3, 0x1A, 0x92, 0xA7, 0x5B,
    0x8B, 0x2C, 0x0D, 0xBA, 0xB5, 0x4E, 0x50, 0x83, 0x5C, 0xEF, 0x1A, 0xD3, 0x5D, 0x63, 0x94, 0x3C,
    0xDD, 0xDA, 0xCD, 0x92, 0xA7, 0x5B, 0x9B, 0x28, 0x79, 0xBA, 0xD5, 0x6D, 0x92, 0xA7, 0x5B, 0xAB,
    0x24, 0x79, 0x5A, 0x40, 0xC9, 0xD3, 0xA6, 0xE8, 0x83, 0xF5, 0x58, 0xE1, 0x3F, 0x36, 0x79, 0x5E,
    0xDC, 0xE0, 0xDD, 0x0F, 0xBE, 0x9C, 0x3C, 0x85, 0x27, 0xEB, 0x3B, 0x95, 0xE7, 0x4E, 0xE8, 0xCF,
    0xF8, 0xA0, 0x4E, 0x76, 0xB9, 0x37, 0x32, 0x17, 0xB8, 0xE3, 0xC8, 0xC9, 0xE8, 0x76, 0x47, 0xF8,
    0x58, 0xB0, 0xF7, 0x33, 0x38, 0xFE, 0x07, 0x2C, 0xA7, 0x7B, 0xDD, 0xE6, 0xA8, 0x7E, 0xAA, 0x74,
    0x47, 0xD1, 0xEB, 0x94, 0xAE, 0x5E, 0x12, 0x9E, 0xDD, 0x18, 0xFA, 0xF8, 0x26, 0x78, 0xE8, 0xE8,
    0x73, 0xF0, 0x4D, 0xA3, 0x01, 0xEF, 0xDE, 0x40, 0xF6, 0xDA, 0xC8, 0xB2, 0x92, 0xAB, 0x4A, 0x2F,
    0x20, 0x72, 0x74, 0xA4, 0xF9, 0x0F, 0x38, 0xE3, 0xEB, 0x10, 0xBB, 0x9C, 0x80, 0xD2, 0xC0, 0xB1,
    0x07, 0x24, 0xB6, 0xA0, 0x2D, 0xB9, 0x1C, 0xA7, 0xD4, 0x90, 0x80, 0xC2, 0x7E, 0xD5, 0xFC, 0xF4,
    0x43, 0x74, 0xC7, 0xA9, 0x9D, 0x0D, 0x76, 0x0C, 0xAA, 0xEC, 0xB2, 0x5A, 0x3B, 0x4B, 0xA4, 0x1D,
    0xB3, 0xF5, 0xF8, 0x75, 0xA5, 0x47, 0x6A, 0x50, 0xD1, 0xFA, 0x64, 0xA0, 0xD3, 0x9A, 0x39, 0x02,
    0x83, 0x40, 0x42, 0xEF, 0x2C, 0x4A, 0x63, 0xD0, 0x26, 0xDC, 0xC0, 0x27, 0x84, 0xE7, 0x5C, 0x11,
    0xC8, 0x68, 0x30, 0xA2, 0x93, 0x04, 0x9E, 0xE0, 0xB0, 0x81, 0x3D, 0xB8, 0x6B, 0x71, 0x4E, 0x75,
    0xA1, 0xB7, 0x31, 0x08, 0x0B, 0x1E, 0x19, 0x13, 0x74, 0xF2, 0x72, 0xC3, 0x51, 0x01, 0xD0, 0x50,
    0xAF, 0xD0, 0x7A, 0x6D, 0xA8, 0x18, 0xD1, 0xD1, 0xB2, 0x5B, 0xEE, 0xBD, 0x27, 0x14, 0xD4, 0x67,
    0x68, 0xEC, 0xB0, 0x43, 0x63, 0x43, 0x82, 0xC6, 0x32, 0x41, 0x63, 0xB9, 0x49, 0x1A, 0x05, 0xE5,
    0x95, 0x0B, 0x3C, 0x15, 0xD2, 0xC6, 0x3A, 0xF3, 0x43, 0x46, 0xA3, 0x52, 0x93, 0xD1, 0x8A, 0x9F,
    0x0C, 0xAF, 0x74, 0xF8, 0x23, 0x52, 0x9E, 0x54, 0x5A, 0xE4, 0xBF, 0x94, 0x16, 0xF9, 0x77, 0xA5,
    0x45, 0xFE, 0x56, 0xE9, 0xFC, 0x9E, 0x15, 0x95, 0x8E, 0xE4, 0xE7, 0x6C, 0x0C, 0x94, 0xD6, 0x1B,
    0xBF, 0x6A, 0xCA, 0x67, 0x39, 0x2D, 0x49, 0x76, 0x11, 0x48, 0x6A, 0xA7, 0xB1, 0x34, 0x60, 0x2D,
    0x6C, 0x48, 0x7E, 0xCA, 0xCE, 0x14, 0x13, 0xBC, 0x70, 0xE0, 0x19, 0xC3, 0x17, 0xC0, 0xE1, 0x3C,
    0xF6, 0xC0, 0x56, 0xD8, 0x08, 0x2B, 0x21, 0x82, 0xF0, 0x1D, 0x86, 0x13, 0x02, 0xFE, 0xFF, 0x83,
    0xFD, 0x47, 0xFA, 0x08, 0x30, 0x2E, 0x02, 0x41, 0xEA, 0x3F, 0x63, 0xD8, 0xF0, 0x4E, 0x0F, 0xD8,
    0xF3, 0x44, 0xC5, 0xF9, 0x82, 0x2B, 0xFC, 0x66, 0xBA, 0xF4, 0x29, 0x70, 0x0B, 0x8C, 0x81, 0xD3,
    0x60, 0x1A, 0xBC, 0xBA, 0x46, 0xC9, 0x59, 0x8F, 0x93, 0x76, 0x6E, 0x71, 0x1A, 0xC8, 0x71, 0x20,
    0x7B, 0xFF, 0x27, 0xA2, 0xF9, 0x16, 0xF1, 0x56, 0x4D, 0x15, 0xB4, 0x87, 0x1F, 0x5F, 0xDB, 0x71,
    0xAD, 0xC0, 0x10, 0x81, 0x10, 0x01, 0xED, 0xAA, 0xDC, 0x23, 0x70, 0x29, 0xC9, 0xD5, 0x31, 0xA4,
    0x66, 0x6F, 0x52, 0xBB, 0xB9, 0xE4, 0xA3, 0xDB, 0x7D, 0xAC, 0x93, 0x5F, 0xEC, 0x6A, 0x4E, 0x57,
    0xBB, 0xF9, 0xC5, 0x47, 0xFF, 0xD2, 0x8E, 0x13, 0xCD, 0x0B, 0x29, 0xEF, 0x2D, 0xDC, 0x5B, 0x39,
    0xA1, 0x06, 0x30, 0xCC, 0x05, 0x7B, 0x53, 0x78, 0x7D, 0x77, 0xE4, 0x4D, 0xE7, 0x23, 0x2F, 0x95,
    0x87, 0x3C, 0x0F, 0xD5, 0x1E, 0x62, 0x3E, 0x34, 0xEE, 0x29, 0x37, 0x50, 0xDF, 0x55, 0xDC, 0x01,
    0xE6, 0x8A, 0x1B, 0x4A, 0x6E, 0xB5, 0xAA, 0x68, 0xEC, 0xF4, 0x45, 0x77, 0xF4, 0xD0, 0xF1, 0x1B,
    0x76, 0x29, 0xBE, 0x5B, 0x55, 0x4F, 0xEA, 0x05, 0x5D, 0x0F, 0x14, 0x23, 0x2E, 0xA0, 0x82, 0x79,
    0x0D, 0x7D, 0x87, 0xAA, 0x9E, 0x74, 0x1B, 0xC4, 0x1B, 0x44, 0x80, 0xD2, 0x9A, 0xA0, 0x43, 0xA6,
    0xD2, 0xF7, 0x25, 0x47, 0x55, 0x08, 0xE3, 0x53, 0xBC, 0x79, 0xDB, 0x0B, 0x3E, 0x42, 0xAC, 0x2A,
    0xBC, 0x51, 0x5B, 0x72, 0x84, 0xF8, 0x75, 0x04, 0x44, 0xB2, 0x0A, 0x87, 0x8D, 0xF0, 0xEB, 0xD1,
    0x08, 0x4B, 0xC1, 0x19, 0x5D, 0x2A, 0x38, 0x69, 0x2B, 0x6F, 0x15, 0x7B, 0xDB, 0x2C, 0x7E, 0x6D,
    0xB4, 0x03, 0x31, 0xC4, 0x2E, 0xC1, 0xE6, 0x09, 0x71, 0x88, 0x25, 0xD9, 0x23, 0x2C, 0x9C, 0x6B,
    0x6B, 0xE8, 0x83, 0xE6, 0x9F, 0x2A, 0x57, 0xC4, 0xF0, 0x3B, 0x42, 0x11, 0xF9, 0x93, 0x0C, 0xC0,
    0xAF, 0x55, 0xB6, 0xA7, 0x0A, 0x2E, 0x4D, 0x6A, 0x92, 0x4A, 0x67, 0xB7, 0x5A, 0xAE, 0x4E, 0x65,
    0xD1, 0x6A, 0xD1, 0xAE, 0xC6, 0x04, 0xBF, 0x61, 0x50, 0x23, 0x44, 0x5C, 0xDD, 0x86, 0x57, 0xA3,
    0x0E, 0x70, 0x0C, 0x51, 0xAB, 0x55, 0xB1, 0x6A, 0x32, 0x14, 0xEB, 0x31, 0x51, 0xFE, 0x8E, 0xA8,
    0x70, 0x10, 0x55, 0x3C, 0x26, 0x4A, 0x43, 0x45, 0x54, 0x77, 0x47, 0xD4, 0xF0, 0xBF, 0x11, 0xF5,
    0x54, 0x31, 0x0A, 0x7E, 0x4C, 0xAE, 0x22, 0xAA, 0x26, 0x77, 0x23, 0x6A, 0x77, 0x64, 0x36, 0xA2,
    0xB6, 0xF2, 0x65, 0x4B, 0x11, 0x85, 0xA9, 0xA6, 0x11, 0x35, 0xA9, 0x94, 0x2B, 0x19, 0x0B, 0xAB,
    0x1F, 0x4A, 0xC4, 0x98, 0x40, 0x58, 0xA1, 0x09, 0x2A, 0xCE, 0xD0, 0xE2, 0x5A, 0x8A, 0x28, 0x60,
    0xD8, 0x44, 0x94, 0x36, 0x90, 0x06, 0x36, 0x04, 0xB4, 0xDA, 0x21, 0xDF, 0xDE, 0x68, 0xB5, 0x24,
    0xD7, 0xE2, 0x28, 0x89, 0xD1, 0x26, 0x28, 0xAD, 0xD1, 0x68, 0x36, 0x8A, 0xA9, 0xC3, 0x9E, 0x5A,
    0x0C, 0xDC, 0x5E, 0xEB, 0xA5, 0x1C, 0xFA, 0x02, 0xA1, 0x7A, 0x29, 0x06, 0x14, 0xFE, 0x57, 0x8E,
    0xBD, 0x54, 0xA7, 0xDB, 0x43, 0x3C, 0x1A, 0x1A, 0xA9, 0x0F, 0xD3, 0x11, 0xF0, 0x5C, 0x51, 0x2B,
    0x8D, 0x43, 0x75, 0x3A, 0x97, 0xFC, 0xAA, 0x46, 0x54, 0xFE, 0xA6, 0x5C, 0xCB, 0x5F, 0x94, 0x39,
    0xA2, 0xC9, 0xD6, 0xB0, 0x07, 0x9D, 0x17, 0xF8, 0xCD, 0x6F, 0xE0, 0xCE, 0xE7, 0x5C, 0x43, 0x2C,
    0xB9, 0x93, 0xFC, 0xA3, 0xED, 0xCF, 0x44, 0xF2, 0xC7, 0xEC, 0x5B, 0xA6, 0x8E, 0x9B, 0x54, 0xB7,
    0xE1, 0xD2, 0x48, 0xE2, 0x0B, 0xC5, 0x8E, 0x15, 0x75, 0x9E, 0x73, 0x6E, 0x92, 0x8F, 0x52, 0x5D,
    0x67, 0x14, 0x4B, 0x75, 0x93, 0x68, 0x4B, 0x05, 0x7B, 0xCE, 0x46, 0xA6, 0x8A, 0xB3, 0x49, 0xC6,
    0x48, 0xC8, 0xC7, 0x6A, 0x69, 0x2B, 0x40, 0x79, 0xFB, 0x9C, 0x7F, 0xD1, 0x6A, 0x51, 0xDD, 0xAD,
    0xD6, 0x1D, 0xAB, 0x55, 0x03, 0x28, 0xAE, 0x8F, 0xC7, 0x83, 0x90, 0x01, 0x90, 0x06, 0x6A, 0xED,
    0x80, 0xCE, 0x35, 0x74, 0x0B, 0xFE, 0xAB, 0x15, 0x9C, 0x2D, 0xEE, 0xA4, 0xB3, 0xE7, 0xEE, 0x8D,
    0x40, 0x4F, 0x50, 0x4F, 0x6F, 0xB3, 0x5F, 0x0B, 0x0A, 0xB2, 0x87, 0x63, 0x02, 0x1A, 0xED, 0x73,
    0xF1, 0x2A, 0x4E, 0xF7, 0x7B, 0xC8, 0xB8, 0x58, 0x3C, 0x7F, 0x1A, 0xA2, 0x27, 0xB9, 0xB5, 0x24,
    0x53, 0x6D, 0x50, 0x6A, 0xD7, 0x74, 0xFF, 0x6E, 0xE7, 0x0A, 0x20, 0x2D, 0xB9, 0xCE, 0xF0, 0x99,
    0xB9, 0xD9, 0xBD, 0x95, 0x8B, 0x81, 0x04, 0x29, 0x0C, 0x00, 0xAB, 0x0C, 0x00, 0x60, 0xA6, 0x0D,
    0x85, 0xC2, 0x43, 0x53, 0x08, 0x5A, 0x04, 0x1A, 0x08, 0x14, 0x80, 0x19, 0x05, 0x80, 0x2E, 0x14,
    0x04, 0x16, 0x45, 0xF2, 0x82, 0x14, 0x50, 0x94, 0x33, 0x4D, 0x11, 0x40, 0x26, 0xA0, 0x80, 0x4E,
    0x57, 0x1B, 0x6C, 0xD1, 0xD1, 0xCE, 0x76, 0x67, 0x37, 0x33, 0xF3, 0x35, 0xE7, 0xFB, 0x7E, 0xF3,
    0xCE, 0xDE, 0x7D, 0xFB, 0xF2, 0xB2, 0x94, 0xEC, 0xCB, 0x1D, 0x76, 0xBE, 0xE3, 0xEE, 0xBB, 0x33,
    0xFF, 0xF9, 0xCE, 0x3F, 0xE7, 0xFC, 0xE7, 0xFB, 0xFF, 0xB9, 0x0C, 0x03, 0x8E, 0x8E, 0xFA, 0x68,
    0xF9, 0xE2, 0xDD, 0xA3, 0x65, 0x30, 0x35, 0xD4, 0xBA, 0xAF, 0xC0, 0xF8, 0xAA, 0xE3, 0xCE, 0xF9,
    0x3D, 0xBB, 0xDE, 0x40, 0x84, 0x30, 0x31, 0xDC, 0x09, 0x15, 0xFF, 0xF2, 0x76, 0x9E, 0x98, 0xA3,
    0x26, 0x96, 0x4B, 0x39, 0xD1, 0xAC, 0x59, 0x88, 0xB1, 0x9C, 0xA5, 0x01, 0x10, 0x77, 0xE8, 0x88,
    0x07, 0xB4, 0xC4, 0x0C, 0x15, 0xB1, 0xC0, 0x46, 0x43, 0x21, 0xBE, 0x85, 0x18, 0x5D, 0xB1, 0x32,
    0xE0, 0x3D, 0xF7, 0xE6, 0xDE, 0xC0, 0xB3, 0x42, 0x4D, 0x69, 0x58, 0x13, 0x35, 0x66, 0x39, 0xC3,
    0x0E, 0xDE, 0x62, 0x87, 0x81, 0xB8, 0x57, 0xC0, 0xD6, 0x64, 0x68, 0x89, 0x54, 0xD3, 0x34, 0xA5,
    0xD3, 0xA4, 0x7A, 0x15, 0xBA, 0xF8, 0xD8, 0x61, 0x26, 0x1E, 0x8C, 0x10, 0x7E, 0x59, 0x83, 0x15,
    0x6B, 0x47, 0x74, 0x02, 0xF3, 0xAF, 0xEB, 0xF3, 0x7B, 0xE2, 0x77, 0x87, 0xC5, 0x68, 0x05, 0xB1,
    0x80, 0x08, 0xF4, 0x5F, 0xA2, 0x55, 0x87, 0x4C, 0xFE, 0xD4, 0x74, 0x53, 0x4E, 0x9C, 0x7F, 0xBE,
    0x8E, 0xDF, 0x13, 0xBF, 0xAF, 0xDE, 0x75, 0xEF, 0xCA, 0x3F, 0x17, 0x07, 0x4D, 0x04, 0xF8, 0xCB,
    0x6A, 0x5D, 0xC7, 0x6C, 0x94, 0x63, 0x62, 0x63, 0x28, 0xC4, 0x4A, 0xDE, 0x86, 0xF5, 0x90, 0xA2,
    0xD1, 0xD7, 0x33, 0x6C, 0x14, 0x1B, 0xC7, 0x31, 0xC9, 0x62, 0x39, 0xA6, 0x59, 0x3C, 0xC7, 0x44,
    0x8B, 0xE9, 0x98, 0x6A, 0x71, 0x1D, 0x91, 0x6D, 0x6C, 0x47, 0x74, 0x1B, 0xDF, 0x11, 0xE1, 0xC6,
    0x78, 0x44, 0xB9, 0x71, 0xBE, 0x91, 0xBE, 0xB1, 0xBE, 0xD1, 0xBE, 0xF1, 0xBE, 0x11, 0xBF, 0x31,
    0xBF, 0x51, 0xEF, 0xC4, 0xBD, 0xB6, 0x3F, 0x6A, 0x18, 0xFB, 0x4D, 0x60, 0x5C, 0x0D, 0xF2, 0xCF,
    0x90, 0x09, 0x46, 0xFC, 0x53, 0x1E, 0xFE, 0xBA, 0xD1, 0xE8, 0xDB, 0x52, 0xC2, 0x69, 0x2F, 0x1D,
    0x75, 0xC3, 0x8E, 0xE8, 0xD0, 0xFA, 0x2E, 0xE0, 0x1B, 0xEE, 0x8D, 0xEB, 0x4C, 0x1D, 0xA7, 0xA9,
    0xE3, 0x16, 0xCF, 0x9B, 0xCA, 0x7F, 0x38, 0x9E, 0x42, 0x3A, 0x5F, 0x11, 0xDB, 0x32, 0x46, 0x7E,
    0x1E, 0xFF, 0x9D, 0xBE, 0xA7, 0x9D, 0x3B, 0x8F, 0x57, 0x4E, 0xBC, 0x5F, 0xC9, 0x3B, 0xF5, 0xBF,
    0xF3, 0xBB, 0x22, 0x81, 0x07, 0xFD, 0x36, 0x55, 0xBB, 0x25, 0x19, 0x51, 0x3B, 0x53, 0xBB, 0x11,
    0x19, 0x3C, 0x2A, 0xF1, 0xC8, 0xBB, 0xD9, 0xEC, 0xC4, 0x7D, 0xB9, 0xF8, 0x9C, 0xB5, 0x37, 0x57,
    0xC2, 0xC6, 0xF6, 0xE7, 0x94, 0x3C, 0x4B, 0x6B, 0x6F, 0x96, 0x59, 0x56, 0x8B, 0xD6, 0x59, 0xB6,
    0xCB, 0xC3, 0xC6, 0x01, 0xF3, 0xD6, 0x4E, 0x31, 0x29, 0x47, 0x64, 0x29, 0x28, 0x9A, 0xAC, 0x34,
    0x54, 0x22, 0x33, 0x19, 0x88, 0xA5, 0x6C, 0xF3, 0x92, 0xE7, 0x1F, 0xE9, 0x22, 0xEA, 0xA0, 0xDA,
    0xD6, 0xC1, 0xDE, 0x2C, 0xDB, 0xFA, 0xAD, 0x0E, 0x5A, 0x57, 0x72, 0x6B, 0x9B, 0x65, 0x2E, 0x67,
    0x5B, 0xD1, 0x24, 0x49, 0x65, 0x07, 0x43, 0xFB, 0xC1, 0xF9, 0x79, 0xB8, 0x8C, 0x24, 0x27, 0xAC,
    0x8A, 0x2C, 0x38, 0x5E, 0x26, 0xA2, 0xB0, 0x3D, 0x6F, 0x02, 0x10, 0xDB, 0x0C, 0xF3, 0x3C, 0xDB,
    0xD1, 0xF1, 0x1E, 0x56, 0x39, 0x9E, 0x74, 0x15, 0x85, 0xBD, 0xE1, 0x42, 0xFC, 0x4C, 0x72, 0xDE,
    0x83, 0xB0, 0x65, 0xA1, 0x58, 0xA9, 0xED, 0xE4, 0x59, 0x02, 0x44, 0x71, 0x0D, 0x0D, 0x91, 0x0D,
    0x5B, 0x7E, 0x8E, 0xC6, 0x8B, 0x1A, 0xEB, 0x8E, 0xC0, 0x3D, 0x0B, 0xF5, 0x65, 0x50, 0x1E, 0x41,
    0xA3, 0x8B, 0xB5, 0xBA, 0xF4, 0xE8, 0x92, 0x7B, 0xC1, 0xB0, 0xDF, 0xFA, 0x5E, 0x66, 0xF6, 0x2E,
    0x15, 0x38, 0x2F, 0x28, 0x04, 0x29, 0xB0, 0xD0, 0xA8, 0xC7, 0x8E, 0x30, 0xC6, 0x71, 0x97, 0xD9,
    0x66, 0xE1, 0x6D, 0x22, 0x48, 0x09, 0x7B, 0x18, 0xA0, 0x22, 0x2C, 0xFA, 0xAF, 0x28, 0x7A, 0xA7,
    0x83, 0xC5, 0x53, 0x08, 0x26, 0x42, 0x39, 0x13, 0xF2, 0x85, 0xB0, 0x07, 0x21, 0x79, 0x6E, 0x44,
    0x97, 0xEA, 0x71, 0xB0, 0x24, 0xD8, 0x5E, 0x70, 0x90, 0xCF, 0x67, 0x11, 0x54, 0xCE, 0x9C, 0x3C,
    0x17, 0x14, 0x97, 0x11, 0x5A, 0xAF, 0x82, 0x85, 0x60, 0x4C, 0x40, 0x20, 0x97, 0x33, 0x97, 0x4D,
    0x23, 0xA0, 0x6C, 0xAF, 0xFE, 0xF4, 0x32, 0x99, 0x40, 0x9D, 0x51, 0xCE, 0x14, 0x83, 0x6C, 0xD0,
    0xCD, 0xE5, 0x7B, 0x72, 0x3B, 0x01, 0xBD, 0x2C, 0x06, 0xCF, 0xF8, 0x20, 0x3E, 0xCC, 0x3D, 0x6C,
    0x44, 0xFD, 0x1A, 0x51, 0xB8, 0xB3, 0x5B, 0xDA, 0x14, 0x6C, 0x6E, 0x7A, 0xE2, 0x2C, 0xD7, 0xBD,
    0x24, 0xE1, 0x26, 0x80, 0xB2, 0xE1, 0x7F, 0x5D, 0xF9, 0x5F, 0x07, 0x86, 0x1E, 0xDC, 0x37, 0x87,
    0xFD, 0x83, 0xEF, 0xBE, 0xE3, 0x9C, 0xFD, 0xD4, 0xBD, 0x16, 0xEE, 0xB1, 0xA6, 0xA8, 0x94, 0x99,
    0x6E, 0x02, 0xEC, 0x0D, 0xC2, 0x87, 0x87, 0x65, 0x07, 0xED, 0xD6, 0xDF, 0x39, 0x39, 0x98, 0x5D,
    0xC6, 0x16, 0x68, 0xBB, 0x5D, 0x62, 0x0E, 0x37, 0x4A, 0x93, 0xE1, 0x9D, 0x2F, 0x7D, 0x1A, 0x93,
    0xAF, 0x78, 0xBA, 0x27, 0xE9, 0xC8, 0x74, 0x23, 0xD5, 0x83, 0xA4, 0xEC, 0x82, 0xA9, 0x0D, 0xBA,
    0xBE, 0xAC, 0x94, 0x91, 0xE2, 0xA9, 0x3C, 0x2E, 0x41, 0x31, 0x8E, 0x3C, 0x6F, 0x85, 0xED, 0xAC,
    0x38, 0x5A, 0x93, 0x84, 0x95, 0x63, 0xEC, 0xEC, 0xDC, 0x8B, 0x1A, 0x31, 0xA3, 0x5B, 0x1D, 0xDD,
    0xB0, 0x0E, 0x9F, 0x33, 0x63, 0x47, 0x66, 0xC8, 0x88, 0xE8, 0x59, 0xEC, 0x1C, 0x1F, 0xC0, 0xB6,
    0xC8, 0xF2, 0x26, 0x11, 0xCB, 0x85, 0x0D, 0xE3, 0x44, 0xD0, 0x38, 0x3C, 0x9F, 0x12, 0xE3, 0xC4,
    0x48, 0x31, 0x56, 0x8C, 0x16, 0xF2, 0x72, 0xC5, 0xF8, 0x5D, 0xB6, 0x52, 0x3E, 0xED, 0x43, 0x33,
    0x01, 0x31, 0x88, 0x23, 0x23, 0xC9, 0x58, 0xFA, 0xE6, 0x3E, 0x44, 0xB6, 0x44, 0x97, 0xF1, 0x65,
    0x84, 0x19, 0x57, 0x97, 0x52, 0xD6, 0xF0, 0x86, 0xE6, 0x44, 0xE8, 0xC9, 0x95, 0x1F, 0x28, 0x6B,
    0x94, 0x33, 0xF7, 0x28, 0x94, 0x20, 0x43, 0x5D, 0xCA, 0x77, 0x9C, 0xB3, 0xA4, 0x4A, 0xCE, 0x82,
    0x84, 0x9F, 0x31, 0x51, 0x51, 0xB0, 0x4E, 0xAC, 0x0C, 0x67, 0x86, 0xF3, 0xE5, 0x10, 0xD2, 0xCF,
    0xB7, 0xAB, 0xDB, 0xCD, 0xCD, 0x7D, 0xD2, 0xCE, 0x2D, 0x25, 0xAF, 0xD9, 0xC9, 0x66, 0x3E, 0x8B,
    0x8E, 0x47, 0x8B, 0x8C, 0x67, 0x43, 0xF0, 0xBE, 0xB7, 0x61, 0xFB, 0xE6, 0x1A, 0x2D, 0xEF, 0x5D,
    0x6C, 0x75, 0x73, 0x1D, 0x31, 0x7C, 0x96, 0xA3, 0x61, 0x8D, 0x5B, 0x6E, 0x7F, 0x5B, 0x08, 0x59,
    0xA2, 0xC6, 0xDA, 0x04, 0xA6, 0x72, 0xBA, 0xC2, 0x90, 0x99, 0x32, 0xEE, 0x03, 0xC0, 0x7C, 0xC5,
    0x1D, 0xAC, 0xE7, 0x0C, 0x58, 0x2D, 0x64, 0x26, 0x0D, 0xB5, 0xE5, 0x1A, 0x01, 0x92, 0x90, 0x62,
    0x21, 0xEE, 0x31, 0x2B, 0x8D, 0xC9, 0x76, 0xC7, 0x8A, 0xA6, 0x03, 0xA2, 0x45, 0x61, 0x75, 0xC2,
    0xD1, 0x02, 0xFA, 0x46, 0x68, 0xDE, 0xF1, 0xA4, 0x72, 0x3A, 0xBE, 0x5F, 0xB9, 0x0F, 0xCD, 0x09,
    0xD3, 0xC5, 0xF6, 0x7E, 0xEF, 0xC7, 0x9A, 0x8A, 0xBE, 0xA6, 0x84, 0x74, 0x5B, 0x5B, 0xD4, 0x54,
    0x1D, 0x56, 0xE9, 0x02, 0xCF, 0x8F, 0x8D, 0x3E, 0x50, 0x41, 0x17, 0x45, 0xB1, 0x94, 0xD9, 0xA4,
    0x55, 0x03, 0x78, 0x20, 0xA3, 0x64, 0x8D, 0x9A, 0x44, 0x1B, 0x1A, 0x0D, 0x55, 0xDE, 0x9C, 0x0B,
    0x1C, 0xE5, 0x08, 0xA5, 0x79, 0x59, 0x45, 0xC4, 0x48, 0xAC, 0x5C, 0x98, 0xC3, 0x0D, 0x81, 0x2D,
    0x46, 0x66, 0x3C, 0xEB, 0x09, 0x13, 0xA7, 0x43, 0x3F, 0xD5, 0x33, 0x37, 0x98, 0x7E, 0x2C, 0x17,
    0x06, 0xBE, 0x18, 0xCA, 0xD5, 0xD5, 0x6C, 0xE4, 0x08, 0xEE, 0x95, 0x60, 0xC8, 0x50, 0x31, 0xB5,
    0xD5, 0x67, 0x68, 0x30, 0x06, 0x03, 0x0E, 0x68, 0xE9, 0xC5, 0xDD, 0x0E, 0x9F, 0xB3, 0xD1, 0xEE,
    0xF0, 0x37, 0x5A, 0xDA, 0xA6, 0xF8, 0x37, 0x3A, 0x5A, 0x82, 0x47, 0x66, 0x09, 0xBE, 0xA4, 0xA5,
    0xAA, 0x31, 0xA4, 0x25, 0x4A, 0x5C, 0xC9, 0xC3, 0x2A, 0x5A, 0x52, 0x80, 0x96, 0x92, 0xB2, 0x60,
    0xA9, 0x36, 0xE8, 0xB4, 0xE4, 0x00, 0x5A, 0x6A, 0x41, 0x3C, 0x26, 0xED, 0x5A, 0xE2, 0x83, 0xDB,
    0x00, 0x39, 0xF3, 0x91, 0xEC, 0x6D, 0xE1, 0xBE, 0x1F, 0x08, 0x52, 0x0F, 0x95, 0x40, 0xBF, 0xEA,
    0x78, 0x0F, 0x93, 0x8D, 0x27, 0x2F, 0x5C, 0xCA, 0x17, 0xE8, 0xEA, 0xB3, 0x3E, 0xB6, 0x4D, 0xF6,
    0x47, 0x60, 0xC9, 0xE7, 0xC8, 0x4D, 0x95, 0x67, 0x9F, 0xBA, 0x44, 0xFE, 0xD3, 0xEF, 0xF4, 0xB7,
    0xC3, 0x5E, 0x8F, 0xC5, 0x70, 0x40, 0x4F, 0xCC, 0xD0, 0x11, 0x73, 0xB4, 0xC4, 0x02, 0x0D, 0xB1,
    0x44, 0x65, 0xC8, 0x5B, 0x13, 0xB5, 0xED, 0x55, 0xCC, 0x5D, 0x0B, 0x5B, 0x62, 0x4E, 0xA4, 0xAB,
    0x97, 0x50, 0x9A, 0x9F, 0x08, 0x84, 0x8F, 0xE8, 0xEA, 0x05, 0x03, 0x9F, 0x39, 0xC4, 0x9E, 0x74,
    0xF5, 0x0C, 0xEB, 0xCF, 0x80, 0x4E, 0xE6, 0x2B, 0x85, 0xAE, 0x39, 0xCE, 0xAB, 0x7B, 0x71, 0x51,
    0xCD, 0x14, 0xD7, 0x38, 0xC5, 0x87, 0x07, 0x41, 0xEB, 0x2B, 0xCD, 0x8D, 0x89, 0xE7, 0x48, 0x6A,
    0x8D, 0x15, 0xA2, 0x7B, 0x11, 0x9E, 0x4F, 0x3C, 0x03, 0x95, 0xE8, 0x15, 0xAF, 0xB6, 0x28, 0xDB,
    0xAA, 0xCC, 0xA7, 0x55, 0xA9, 0xBA, 0x36, 0x5B, 0xB6, 0xC4, 0xE5, 0xB5, 0x79, 0x3E, 0xF1, 0x9C,
    0xFC, 0x2E, 0x28, 0xE3, 0x0C, 0xFA, 0x8B, 0x8E, 0x77, 0x7B, 0xEC, 0x03, 0xD1, 0xBA, 0x90, 0x88,
    0x09, 0xFC, 0xCE, 0x92, 0x0D, 0x76, 0xA3, 0xF2, 0x66, 0xC9, 0xD9, 0xF5, 0xF8, 0x3D, 0xF1, 0x5B,
    0x89, 0xAA, 0x7C, 0xD4, 0x44, 0x5B, 0xCE, 0x12, 0x53, 0xEA, 0xB9, 0x10, 0x4E, 0x85, 0x3E, 0x1F,
    0x54, 0x00, 0x78, 0xBB, 0x4A, 0xEE, 0x9E, 0xFC, 0xF7, 0x9B, 0xCC, 0x13, 0xAC, 0xFE, 0xFE, 0xBD,
    0xCB, 0x7A, 0x97, 0xCE, 0x21, 0x1D, 0x76, 0xA0, 0x0C, 0x5A, 0xA0, 0xCA, 0xD1, 0xF8, 0x20, 0xFC,
    0xDD, 0xB7, 0xFA, 0xE5, 0x2E, 0xD8, 0xC2, 0x82, 0x35, 0xBA, 0xB2, 0xBD, 0x4C, 0xA0, 0x58, 0x46,
    0x77, 0xD3, 0xBD, 0xBF, 0x64, 0x78, 0xF1, 0x79, 0x88, 0x0B, 0x78, 0xA9, 0x7A, 0x09, 0xA1, 0x58,
    0x31, 0xB2, 0x56, 0xBD, 0x75, 0xC9, 0xE4, 0x52, 0xE7, 0xDC, 0x2F, 0x8E, 0x06, 0xE6, 0x50, 0x69,
    0x74, 0x72, 0xD5, 0x2B, 0x6F, 0x0A, 0xA4, 0x32, 0xDD, 0xB4, 0x7F, 0x1B, 0x1D, 0x76, 0x37, 0x8C,
    0x8E, 0x02, 0x41, 0x8F, 0xCA, 0x01, 0x9D, 0x8A, 0xD3, 0xD0, 0xA7, 0xAA, 0xB4, 0x1E, 0x76, 0x8C,
    0x55, 0x30, 0x84, 0x98, 0xB0, 0xFC, 0xAF, 0xAA, 0x51, 0x71, 0x3F, 0x60, 0x93, 0xE2, 0x93, 0x30,
    0x4A, 0xD5, 0x1E, 0x12, 0x86, 0xB3, 0x59, 0xA3, 0x53, 0x8E, 0x3B, 0xF4, 0xE5, 0xEA, 0xD0, 0x13,
    0x53, 0x56, 0xB2, 0x94, 0xEB, 0x1E, 0x54, 0xD3, 0x97, 0x6C, 0xA6, 0x60, 0xBC, 0x96, 0x63, 0x78,
    0xDE, 0xCB, 0xD5, 0xB3, 0x70, 0xAD, 0x44, 0xB0, 0x61, 0x0D, 0xE8, 0x12, 0x8E, 0x4E, 0x08, 0x0A,
    0x27, 0x2A, 0x93, 0x39, 0x47, 0x67, 0xF9, 0x71, 0x3C, 0x3A, 0x44, 0xAA, 0xB8, 0x17, 0xBD, 0xA4,
    0x32, 0x7B, 0x5F, 0xA3, 0x93, 0xB7, 0x1A, 0x9D, 0xF4, 0xD9, 0x78, 0x0E, 0x93, 0x1A, 0x98, 0x85,
    0xB5, 0xA1, 0x2D, 0x96, 0x52, 0xCB, 0xE2, 0xA4, 0x31, 0xDA, 0x2B, 0xF3, 0x3F, 0xCE, 0xBD, 0x7A,
    0xDE, 0x50, 0x94, 0x60, 0xB1, 0xDD, 0x22, 0xF1, 0xC2, 0x2A, 0x7B, 0x0D, 0xB5, 0x0F, 0x28, 0x03,
    0x8E, 0xC4, 0x34, 0x60, 0xBD, 0x6A, 0xC5, 0xF6, 0x8B, 0x10, 0x73, 0x88, 0xB1, 0x89, 0x81, 0xEF,
    0xA8, 0xF6, 0x8F, 0x98, 0x1A, 0x6A, 0x4C, 0x1A, 0x22, 0xE3, 0xF2, 0xB8, 0xF6, 0x4F, 0x25, 0xC4,
    0x32, 0x27, 0xE0, 0xF2, 0x3C, 0xB3, 0x68, 0x06, 0xD1, 0x07, 0x5C, 0xF4, 0xCF, 0x43, 0xD1, 0x5C,
    0x8D, 0x7F, 0xF8, 0x8D, 0xD7, 0xC1, 0x78, 0x6E, 0x2D, 0xA3, 0xA1, 0x87, 0x40, 0x3C, 0x16, 0xB0,
    0x60, 0xEF, 0xAD, 0xE3, 0xD9, 0x58, 0x45, 0xF2, 0x9B, 0x70, 0xAD, 0xFB, 0x19, 0xF1, 0x71, 0x34,
    0x48, 0x25, 0x49, 0x65, 0x3E, 0x2F, 0xC0, 0xF3, 0x89, 0xE7, 0x0C, 0xA6, 0xC1, 0x1B, 0xAF, 0x1E,
    0xAB, 0xE8, 0xFD, 0x27, 0x14, 0xAC, 0xBC, 0xA9, 0x59, 0x7A, 0x56, 0xF8, 0x17, 0x9E, 0xF7, 0xE1,
    0xFA, 0x3C, 0x9F, 0x78, 0x7E, 0x4D, 0x7B, 0xC3, 0x04, 0x95, 0x09, 0x7A, 0x7F, 0x32, 0x7D, 0xE2,
    0x13, 0xC3, 0x5F, 0xDB, 0xE7, 0x89, 0xBE, 0xF9, 0x0E, 0x33, 0xC6, 0x27, 0x7E, 0xBF, 0xA1, 0x1F,
    0xDB, 0x6C, 0x61, 0x93, 0x85, 0xCD, 0x15, 0x98, 0x6D, 0xA6, 0xB0, 0x89, 0xE2, 0xEA, 0x79, 0xE2,
    0xFC, 0x83, 0xC0, 0xED, 0x3D, 0xD9, 0xCE, 0x2C, 0xA9, 0xAD, 0xFF, 0x1E, 0xE2, 0x94, 0xAF, 0x5C,
    0xED, 0x48, 0x4B, 0x75, 0xC0, 0x60, 0x39, 0x56, 0xAE, 0x4B, 0xE4, 0x85, 0xDF, 0xD9, 0xA1, 0xA3,
    0x62, 0xC2, 0x35, 0xDB, 0xA5, 0x78, 0x84, 0x5E, 0xF6, 0x5B, 0x48, 0x5A, 0x11, 0x56, 0x3D, 0x6A,
    0xB3, 0xE5, 0x11, 0x64, 0x73, 0x2F, 0x68, 0x5F, 0x4C, 0x42, 0x9B, 0xAE, 0x25, 0xA1, 0x51, 0x92,
    0xB8, 0x67, 0x9F, 0x5E, 0xA1, 0xA8, 0x3D, 0xB8, 0x4B, 0xA0, 0xBD, 0xD2, 0x3D, 0xE2, 0x17, 0xBC,
    0x60, 0x50, 0xB9, 0x7A, 0x4D, 0x42, 0x64, 0x56, 0x2B, 0x22, 0xF2, 0x33, 0xAF, 0x80, 0x18, 0x12,
    0xF9, 0x55, 0x70, 0xA7, 0x3C, 0xC0, 0x10, 0x68, 0x0D, 0x37, 0xF7, 0x4C, 0x59, 0xBF, 0x0D, 0x58,
    0x66, 0x93, 0xA3, 0x4D, 0x76, 0x21, 0xD5, 0x63, 0xD3, 0x6E, 0xBA, 0x60, 0xC3, 0x87, 0x67, 0xD7,
    0x54, 0xF4, 0xE7, 0x4B, 0xD4, 0x3A, 0x0F, 0x85, 0xA4, 0x85, 0xA8, 0xE7, 0x48, 0xD8, 0x73, 0xA7,
    0xCE, 0xE9, 0xAE, 0x0A, 0xD4, 0x1E, 0xBE, 0x8D, 0x59, 0xD1, 0x5F, 0x6A, 0x0D, 0x63, 0xD9, 0x2F,
    0x6C, 0xF0, 0x94, 0xB0, 0xA1, 0x38, 0x83, 0xF4, 0x33, 0xD0, 0x20, 0xF3, 0x1E, 0x1D, 0xB9, 0x57,
    0xB6, 0x92, 0xC1, 0xE8, 0x24, 0xC2, 0x4B, 0x74, 0x1A, 0x08, 0x0F, 0x71, 0xDF, 0x61, 0x11, 0xFB,
    0x2D, 0x56, 0xE3, 0xDF, 0xA3, 0x52, 0xA3, 0x46, 0x6F, 0xBB, 0x1A, 0xCC, 0xEA, 0x3A, 0x45, 0x14,
    0x15, 0xDD, 0x5B, 0xA9, 0x21, 0x83, 0x2F, 0xFA, 0x45, 0x8E, 0x5E, 0x4C, 0x30, 0x12, 0xF6, 0x8B,
    0x8D, 0xB7, 0xC2, 0x64, 0x36, 0x7E, 0xA5, 0x5C, 0x1F, 0xA6, 0xFA, 0x81, 0xD7, 0x73, 0x5E, 0x73,
    0x08, 0x53, 0x36, 0x56, 0x1A, 0x58, 0x03, 0x93, 0x99, 0xAC, 0xC0, 0xB9, 0xD7, 0x93, 0xB6, 0xA7,
    0xE1, 0xB2, 0x34, 0xCE, 0x52, 0x88, 0x26, 0xE2, 0x39, 0x7B, 0x2B, 0x6A, 0x9D, 0x35, 0x16, 0x35,
    0x48, 0xAC, 0x1A, 0x76, 0x19, 0x96, 0x94, 0xC7, 0x07, 0x3B, 0xA3, 0xCE, 0x99, 0x96, 0x6B, 0xD2,
    0x4F, 0x5C, 0x88, 0xE7, 0x87, 0xE7, 0x96, 0x3B, 0xAA, 0x2C, 0x27, 0xC1, 0xB2, 0x63, 0x16, 0x08,
    0x3F, 0x91, 0x8B, 0x7E, 0x06, 0x0D, 0xF5, 0xEA, 0x52, 0xC1, 0x0E, 0xCB, 0x01, 0x4B, 0x98, 0x2E,
    0x52, 0xCC, 0x2A, 0x1A, 0x98, 0xA9, 0x38, 0x61, 0x62, 0x52, 0x1C, 0xA3, 0xCD, 0x9B, 0x81, 0xCB,
    0x24, 0x78, 0xE9, 0xC2, 0xC7, 0x48, 0x2A, 0xA3, 0xA0, 0xD3, 0x94, 0x19, 0xFB, 0x79, 0x11, 0x60,
    0xE5, 0x26, 0xC5, 0xE3, 0x47, 0x7C, 0x30, 0xA2, 0xC7, 0x84, 0x7E, 0xF7, 0x99, 0x9C, 0x39, 0x5B,
    0x18, 0x44, 0x06, 0x70, 0xAF, 0xC7, 0x59, 0x68, 0x99, 0x6F, 0xF9, 0xFB, 0x38, 0x71, 0x6F, 0x2E,
    0x6F, 0x8F, 0xB9, 0x3D, 0xCA, 0xCD, 0xCD, 0xA4, 0x20, 0x95, 0xEF, 0xE8, 0xC9, 0xA1, 0x0C, 0xCA,
    0xE7, 0x1B, 0x1D, 0x4B, 0x7A, 0x3C, 0xCB, 0x84, 0xAB, 0x72, 0x62, 0x36, 0x3A, 0x5B, 0x6E, 0x16,
    0x05, 0xB7, 0xEF, 0xB9, 0x3B, 0x0D, 0x1F, 0xE6, 0xFA, 0x2B, 0x00, 0xBE, 0xE0, 0xB3, 0x69, 0xBA,
    0x3B, 0x9F, 0xA5, 0xFD, 0xC4, 0x99, 0x24, 0x1B, 0x12, 0x74, 0xEC, 0xEC, 0x8D, 0xE9, 0xFB, 0x2D,
    0x99, 0x5F, 0xF7, 0x7C, 0xB6, 0x31, 0xD4, 0x13, 0xC1, 0x13, 0x7A, 0x3F, 0x06, 0x68, 0xEB, 0x9E,
    0x15, 0x75, 0xB7, 0xAB, 0x1B, 0xE6, 0xFA, 0xB7, 0xE2, 0xD2, 0xB7, 0x3D, 0xD6, 0xA8, 0xA0, 0x2D,
    0xEF, 0xEA, 0x46, 0xE5, 0x6E, 0x11, 0xE4, 0x7D, 0xAD, 0x25, 0xC2, 0x9E, 0x95, 0xC5, 0xBE, 0xAE,
    0x8B, 0xDD, 0x14, 0x5E, 0x68, 0x7C, 0xF2, 0x96, 0xD9, 0x3F, 0x87, 0xD5, 0x90, 0x5D, 0x58, 0x81,
    0x59, 0xBD, 0x50, 0x80, 0x00, 0x3B, 0xAA, 0x94, 0xF0, 0xB8, 0x46, 0xB3, 0x67, 0x8D, 0x7D, 0x9B,
    0xA1, 0xA5, 0x52, 0x44, 0xE9, 0x80, 0x21, 0x48, 0xE8, 0x62, 0xA3, 0x97, 0xD7, 0x28, 0x1F, 0xC0,
    0xD6, 0x6B, 0x57, 0x86, 0x6E, 0x3D, 0xFE, 0x18, 0x94, 0x4A, 0x78, 0xA1, 0xC9, 0xF9, 0x59, 0xAD,
    0x8E, 0xFD, 0xD3, 0xCD, 0x18, 0x33, 0x63, 0x3D, 0x63, 0xCB, 0x62, 0x26, 0x31, 0x66, 0xAD, 0xC2,
    0x5A, 0x0B, 0xDF, 0xA2, 0x70, 0x95, 0x3A, 0x3E, 0xB9, 0x7D, 0xAB, 0xBE, 0xE3, 0x01, 0x5A, 0x75,
    0x1F, 0x4C, 0x9F, 0xA8, 0x1B, 0x2A, 0x67, 0xC8, 0x1E, 0x85, 0x16, 0x79, 0x18, 0x3C, 0x26, 0x51,
    0x21, 0x0A, 0x9C, 0x81, 0xC7, 0x63, 0x53, 0xCE, 0x2C, 0xA9, 0xE7, 0x6D, 0x14, 0xB1, 0xD0, 0x73,
    0xFE, 0x68, 0x81, 0xB0, 0xE2, 0xE0, 0xD2, 0x04, 0xB6, 0x8B, 0x20, 0xC9, 0x2F, 0xB2, 0xF3, 0xCA,
    0xF3, 0xA2, 0x3B, 0x39, 0xD7, 0xB8, 0x1A, 0x77, 0x7F, 0x2E, 0x7B, 0x5B, 0x57, 0xF0, 0x9C, 0xF1,
    0xBC, 0x0B, 0x67, 0x4A, 0xAD, 0xC1, 0x11, 0x1F, 0x6E, 0xAB, 0xB2, 0x05, 0x61, 0xEF, 0xE1, 0x62,
    0x95, 0x4A, 0x79, 0x66, 0x9B, 0x89, 0x2E, 0xF3, 0xDB, 0xCC, 0xCA, 0x66, 0xEE, 0x1E, 0xBF, 0xF8,
    0x60, 0xF6, 0x66, 0xA8, 0x2C, 0x00, 0xD8, 0x2A, 0xC2, 0x7C, 0x7F, 0xBC, 0xFA, 0x1B, 0x33, 0x15,
    0xBF, 0x3B, 0x89, 0x99, 0x8A, 0xF1, 0x6A, 0xAB, 0x82, 0xC1, 0x04, 0x78, 0x3F, 0xC8, 0x50, 0x53,
    0x82, 0x31, 0x04, 0x46, 0x18, 0x19, 0x91, 0x8E, 0x05, 0x2A, 0xC9, 0x4D, 0x39, 0xFA, 0x1A, 0xEF,
    0x02, 0xAD, 0xA7, 0x0F, 0xA9, 0x1C, 0xCF, 0x46, 0x1D, 0xF8, 0xFB, 0x25, 0xFC, 0x90, 0xC3, 0x57,
    0x82, 0x26, 0x98, 0xFC, 0xC1, 0x95, 0x78, 0xE2, 0x27, 0x32, 0x33, 0x31, 0x7C, 0x9D, 0x38, 0x16,
    0x23, 0xCB, 0xF8, 0x2A, 0x99, 0x76, 0xFC, 0xDA, 0xC1, 0x41, 0xE1, 0xA6, 0x06, 0x48, 0x83, 0x32,
    0x29, 0xC6, 0x91, 0x6A, 0xF4, 0x92, 0xF6, 0x6E, 0x87, 0x95, 0xDD, 0xC2, 0xB6, 0x4B, 0xF3, 0x4F,
    0xE8, 0xCC, 0x1D, 0x7A, 0x16, 0xC0, 0xF2, 0xC5, 0xC2, 0x6C, 0x7E, 0xD9, 0x7A, 0xA7, 0x95, 0xC9,
    0xB7, 0xE5, 0xA0, 0x08, 0x44, 0xB5, 0xDE, 0xAA, 0xF4, 0x56, 0x9D, 0x37, 0xAB, 0xBC, 0x5F, 0xC6,
    0x51, 0xC3, 0xC2, 0x69, 0x81, 0x31, 0x77, 0x06, 0x3D, 0xA3, 0x09, 0x1F, 0xEB, 0xFE, 0x68, 0x6F,
    0xDD, 0x5A, 0x6D, 0x7C, 0xC5, 0x0D, 0x58, 0xC9, 0x19, 0x5C, 0xDF, 0xAD, 0x17, 0xED, 0xB8, 0xA0,
    0x7F, 0x09, 0xEF, 0x36, 0x72, 0x73, 0xA9, 0x7F, 0xF6, 0xE3, 0x3A, 0x2A, 0x0E, 0x38, 0xBA, 0x94,
    0xB3, 0x4B, 0x45, 0x4E, 0x34, 0x51, 0xDD, 0x97, 0x7A, 0xA0, 0xC7, 0x43, 0xDB, 0xE8, 0xCE, 0x5D,
    0x9A, 0x15, 0xDB, 0xEA, 0xF6, 0x79, 0x45, 0x5A, 0xC7, 0xEB, 0xF1, 0x44, 0x03, 0x69, 0xA1, 0x36,
    0x85, 0xB0, 0x13, 0xAD, 0xA4, 0x99, 0xB4, 0x91, 0x27, 0x5A, 0x4A, 0x53, 0x69, 0xAB, 0x5D, 0xF8,
    0xF8, 0xEA, 0xBA, 0xF0, 0x91, 0xC9, 0xCC, 0x6E, 0xAB, 0xB2, 0xC2, 0x31, 0x3B, 0x4E, 0x8D, 0x27,
    0x0B, 0xEF, 0x10, 0x96, 0xA3, 0x2B, 0xA6, 0x6F, 0x91, 0xCD, 0x7C, 0x81, 0x81, 0xA1, 0x54, 0x47,
    0x07, 0x66, 0xC2, 0x3F, 0x98, 0xDB, 0x4B, 0x9F, 0xFA, 0x25, 0x1D, 0xF9, 0x5B, 0x46, 0x31, 0x8F,
    0x7B, 0x0C, 0x6C, 0x92, 0xD5, 0xD5, 0xE4, 0xFC, 0x53, 0x54, 0x52, 0x87, 0x1A, 0x3E, 0x60, 0xB6,
    0x62, 0x75, 0x92, 0x8A, 0x54, 0x03, 0xC3, 0xDD, 0x73, 0xAD, 0xCD, 0x7D, 0x39, 0x4A, 0xD6, 0x57,
    0x19, 0xFE, 0xF7, 0x54, 0x85, 0x9F, 0xB0, 0x28, 0x38, 0xF1, 0x2B, 0xDF, 0x59, 0x56, 0x28, 0x62,
    0xF1, 0x09, 0x08, 0x3B, 0xC1, 0x01, 0xD3, 0x0E, 0xA0, 0x5B, 0x02, 0x2A, 0x4B, 0x59, 0x19, 0x15,
    0xF9, 0x00, 0x7C, 0x8C, 0x4A, 0x85, 0x06, 0xB5, 0xC1, 0xC2, 0xEE, 0x33, 0x92, 0x18, 0x03, 0x84,
    0xDE, 0x97, 0x2B, 0xAF, 0x50, 0xA2, 0x2A, 0xB8, 0x96, 0x3E, 0x81, 0x42, 0x32, 0xAC, 0xEC, 0x01,
    0x26, 0x9A, 0xCE, 0x2E, 0x14, 0xA6, 0x51, 0xD8, 0x83, 0xEA, 0xEE, 0xB0, 0x34, 0x25, 0xC5, 0x98,
    0xCE, 0x56, 0x96, 0x42, 0x7B, 0x55, 0x6E, 0xCE, 0x0E, 0x96, 0xAD, 0x47, 0xAB, 0x72, 0x94, 0xE3,
    0x62, 0x14, 0x8B, 0x22, 0xB2, 0x39, 0xC5, 0x14, 0x20, 0x67, 0xDE, 0x63, 0x66, 0x1A, 0xA9, 0x98,
    0x01, 0x85, 0x23, 0x82, 0x31, 0xA7, 0xA6, 0xD7, 0x86, 0xE1, 0xA9, 0x51, 0x85, 0xA1, 0xF2, 0xE0,
    0x1A, 0x8C, 0xC5, 0x1D, 0x8E, 0x14, 0x9D, 0x46, 0x8A, 0x4E, 0x65, 0xBF, 0x29, 0x20, 0x79, 0xD0,
    0x7E, 0x49, 0x40, 0xE2, 0xE0, 0x2A, 0x6D, 0x70, 0x91, 0x24, 0x38, 0x73, 0x98, 0x0D, 0xA4, 0xA5,
    0x39, 0x4C, 0x52, 0xD6, 0x18, 0x5E, 0xA6, 0x64, 0x89, 0x64, 0xD9, 0x11, 0x18, 0xDE, 0x5C, 0x21,
    0x37, 0x3D, 0xBA, 0x52, 0xAE, 0xFC, 0xA2, 0x20, 0xA1, 0x7C, 0x36, 0x20, 0xD8, 0x7E, 0xCD, 0xEA,
    0xB0, 0x15, 0x5F, 0x36, 0x9A, 0x41, 0xA5, 0xF7, 0xEC, 0xB1, 0xEC, 0x31, 0x64, 0xE8, 0x53, 0x8C,
    0x1C, 0xD0, 0x89, 0x51, 0xEE, 0x2C, 0xA5, 0x47, 0xC3, 0x48, 0xB1, 0x67, 0xC2, 0xAC, 0x73, 0x30,
    0x12, 0x73, 0xB0, 0x91, 0xC1, 0xE0, 0x20, 0xF1, 0x54, 0xA1, 0x9F, 0xA7, 0xF8, 0x55, 0xE3, 0x87,
    0x40, 0xA5, 0x8A, 0xFD, 0x7C, 0xD3, 0xB3, 0x86, 0x8B, 0x8A, 0xB0, 0x49, 0xA6, 0xBD, 0x78, 0x40,
    0xF0, 0x72, 0xF5, 0x6E, 0x87, 0xC5, 0x02, 0x02, 0x2B, 0x0C, 0x52, 0xE5, 0xD0, 0xCE, 0x02, 0x02,
    0xA7, 0x80, 0x20, 0x9F, 0x5F, 0xB6, 0xDE, 0xDD, 0xBE, 0x1B, 0x1E, 0xC8, 0xE0, 0xD6, 0x9E, 0x8F,
    0xEC, 0x17, 0xDB, 0xFE, 0x9C, 0x5F, 0x9A, 0xB7, 0x77, 0xEF, 0xB2, 0x8E, 0xA1, 0xEF, 0xAD, 0xEA,
    0x92, 0x0E, 0xAA, 0x87, 0xD6, 0x45, 0xEB, 0xA3, 0x2D, 0xF1, 0xA6, 0x48, 0xAA, 0x9B, 0x4E, 0xFD,
    0x74, 0xEA, 0xA8, 0x53, 0x4F, 0xBF, 0x82, 0x78, 0xBA, 0x51, 0x67, 0x43, 0x8B, 0xC0, 0xEE, 0x06,
    0xD8, 0x36, 0x68, 0x84, 0x20, 0x02, 0xDA, 0x4E, 0x45, 0x7D, 0x76, 0xEA, 0xB4, 0x53, 0xAF, 0xAD,
    0xDB, 0xD6, 0x6F, 0xEB, 0xB8, 0xF5, 0xDC, 0x8C, 0xD6, 0xEA, 0xA1, 0x60, 0xA8, 0x0F, 0xEE, 0x49,
    0x82, 0x2E, 0xCE, 0x09, 0x1A, 0x0B, 0x86, 0x5E, 0x3A, 0x8F, 0x4D, 0x78, 0x2E, 0x7A, 0x55, 0x59,
    0xEB, 0x11, 0xD4, 0xD9, 0x3E, 0xB1, 0xFF, 0x8D, 0x46, 0xF3, 0x1A, 0xBF, 0x9C, 0x74, 0x91, 0xA3,
    0x78, 0xB5, 0xB9, 0x98, 0xA8, 0xEA, 0xE9, 0xF8, 0xFA, 0xFA, 0xFC, 0xF8, 0xB7, 0xA2, 0xC8, 0xF7,
    0xD9, 0x0F, 0xE8, 0x25, 0xAB, 0x0F, 0xB4, 0x6F, 0x3B, 0x2F, 0xC6, 0x6B, 0x1B, 0x93, 0x60, 0x81,
    0x82, 0x97, 0x4F, 0x80, 0x9B, 0xDB, 0x1D, 0x28, 0xB1, 0x67, 0x08, 0xC1, 0x48, 0x5F, 0x80, 0x49,
    0xF4, 0xFA, 0x5F, 0x61, 0x66, 0x6F, 0xF1, 0x19, 0x9A, 0x0C, 0x7F, 0x46, 0x16, 0xE0, 0x37, 0x73,
    0x86, 0x2A, 0xC3, 0xC7, 0x63, 0x0E, 0x2E, 0x99, 0x25, 0xA1, 0xE5, 0x62, 0x85, 0xE0, 0x28, 0x07,
    0xCC, 0x09, 0xB9, 0x9D, 0x0E, 0x0C, 0xEB, 0xEC, 0xDD, 0x9E, 0x23, 0x53, 0x58, 0x64, 0xFA, 0x44,
    0xB5, 0x95, 0xFD, 0xEB, 0x67, 0xAA, 0x68, 0xB8, 0xEC, 0x28, 0x41, 0x30, 0x4D, 0xD3, 0x54, 0xDE,
    0xDD, 0xD3, 0x2A, 0x6F, 0x6D, 0x79, 0xDF, 0xD1, 0x5D, 0x7E, 0x58, 0x42, 0xC1, 0x7E, 0xD3, 0xE6,
    0xEB, 0x96, 0x9F, 0xE3, 0x55, 0xE8, 0xEA, 0xE5, 0x07, 0xB6, 0x56, 0x13, 0xEA, 0x85, 0x62, 0x7A,
    0x6D, 0x4F, 0x0D, 0xF5, 0x8C, 0xC0, 0x49, 0xCD, 0x87, 0x27, 0x05, 0x01, 0x2A, 0x83, 0xC0, 0x7F,
    0x54, 0xA4, 0xF9, 0xA9, 0x08, 0xD9, 0x83, 0x7A, 0xC6, 0x61, 0xBD, 0x4A, 0xE5, 0x55, 0x21, 0xFF,
    0xD3, 0x2A, 0xEF, 0x12, 0xA9, 0xBC, 0x29, 0x9A, 0x9B, 0x49, 0x41, 0x72, 0xA9, 0xCA, 0xBB, 0x28,
    0x53, 0x36, 0xD4, 0x23, 0x93, 0x75, 0xC5, 0xCC, 0xB7, 0xB6, 0x0E, 0xEB, 0xCD, 0xA2, 0xE0, 0x56,
    0x95, 0x84, 0x56, 0xD9, 0x17, 0x23, 0x07, 0xBA, 0x9C, 0x08, 0xB5, 0x41, 0xF8, 0xD0, 0x77, 0xE5,
    0x60, 0x4A, 0xE7, 0xCD, 0xEA, 0xFB, 0xFF, 0xE7, 0x17, 0x18, 0xD8, 0xBB, 0x3D, 0x97, 0x4C, 0x56,
    0xA1, 0x13, 0x73, 0x85, 0x1A, 0x61, 0xC5, 0x24, 0xD6, 0x70, 0x44, 0xCC, 0x01, 0x7B, 0xDB, 0x9E,
    0xF4, 0x0C, 0x36, 0xF9, 0xA3, 0x8D, 0x3D, 0x51, 0x76, 0x04, 0x6C, 0x88, 0x05, 0x1C, 0xD1, 0xE2,
    0xB2, 0xD1, 0xCF, 0x42, 0x89, 0xAD, 0xF5, 0x43, 0x0C, 0xC4, 0x47, 0x16, 0x89, 0x86, 0x00, 0xC7,
    0xC2, 0x1D, 0x43, 0x4B, 0x6A, 0x2D, 0x86, 0x13, 0x31, 0xC7, 0x60, 0xD8, 0xC7, 0xBD, 0xD7, 0xA6,
    0xD7, 0x66, 0x49, 0xD3, 0xEC, 0xE2, 0xFA, 0xDC, 0xBD, 0xEE, 0x7A, 0xC7, 0x63, 0xB0, 0xAB, 0xB7,
    0x86, 0x4E, 0x38, 0x1B, 0xF6, 0xC2, 0xC7, 0x31, 0x41, 0xBA, 0xCD, 0xD1, 0xCB, 0x51, 0x84, 0x6B,
    0x64, 0x98, 0x59, 0x00, 0x88, 0x89, 0xF6, 0xE0, 0x21, 0x98, 0x3D, 0x7C, 0x64, 0x8B, 0x29, 0x6C,
    0x5D, 0x90, 0x48, 0xFA, 0x26, 0x66, 0xD6, 0xC5, 0x11, 0x06, 0xEE, 0x1B, 0x18, 0x71, 0xF0, 0xE6,
    0x84, 0x4A, 0xBE, 0x67, 0x6A, 0xA9, 0x60, 0x65, 0x1F, 0xCB, 0x35, 0x78, 0x0C, 0x7D, 0x8F, 0x4A,
    0x33, 0xAF, 0xE0, 0x57, 0xDB, 0x79, 0x49, 0x4D, 0xC6, 0xE7, 0x16, 0x3A, 0x00, 0xF6, 0x5E, 0x2C,
    0x73, 0xEC, 0xB4, 0xE1, 0xBE, 0xC2, 0xA7, 0xDE, 0xAF, 0xDC, 0x66, 0xDE, 0x3A, 0xD3, 0xEC, 0x7A,
    0x4C, 0xC0, 0x35, 0x5E, 0x12, 0x3B, 0xE2, 0xE1, 0xD2, 0x17, 0xFF, 0xFD, 0x8B, 0xBF, 0xF8, 0x7F,
    0xB5, 0xC7, 0x9E, 0x3C, 0xF6, 0x7F, 0xEC, 0x98, 0x21, 0x90, 0xE5, 0x44, 0x10, 0x86, 0x27, 0x09,
    0xDC, 0x13, 0x4F, 0x04, 0x83, 0x42, 0xC4, 0x9F, 0x19, 0xAF, 0x12, 0xB0, 0x08, 0xCE, 0x2C, 0xF6,
    0x3C, 0x06, 0xAF, 0x12, 0x6F, 0x38, 0x73, 0x0A, 0x73, 0x12, 0x9E, 0xC1, 0x22, 0xA8, 0x4B, 0xC0,
    0x57, 0x11, 0xBC, 0x20, 0xE2, 0x10, 0x80, 0x20, 0x22, 0x22, 0xB7, 0x95, 0xA4, 0xE9, 0xFE, 0xFF,
    0xF4, 0xBD, 0x7A, 0xBB, 0xEC, 0xFA, 0xE5, 0x76, 0x8A, 0xCD, 0x37, 0x15, 0x92, 0xA4, 0xBB, 0xE7,
    0x9B, 0x79, 0x73, 0x09, 0xDA, 0x3E, 0xBE, 0xBA, 0x7A, 0x66, 0x14, 0x91, 0x51, 0x91, 0x28, 0x87,
    0x9D, 0xBD, 0x32, 0x55, 0x76, 0xE1, 0x9E, 0xF6, 0xF4, 0xF4, 0x0A, 0x2C, 0x65, 0x04, 0x85, 0x4C,
    0x76, 0x66, 0x3B, 0x0F, 0x22, 0x93, 0x31, 0x97, 0x16, 0x2C, 0xA4, 0x06, 0xCB, 0xB5, 0x9C, 0x8D,
    0xF5, 0x42, 0xCA, 0x54, 0x2E, 0xB8, 0x7D, 0x04, 0x33, 0xE9, 0xC1, 0xA3, 0x74, 0x60, 0x2E, 0x15,
    0x18, 0x45, 0xEF, 0x54, 0xEA, 0x21, 0x1A, 0xDB, 0x85, 0x94, 0x29, 0xC4, 0xCD, 0xA2, 0xBE, 0x3E,
    0xB5, 0xCA, 0x4C, 0xAC, 0xD9, 0xED, 0x64, 0xB1, 0xB3, 0xDC, 0x59, 0xEF, 0x94, 0xD5, 0xFE, 0x5F,
    0x95, 0xC8, 0x8C, 0x57, 0x64, 0x32, 0x82, 0x07, 0x19, 0x8C, 0x4D, 0x2E, 0x1D, 0x58, 0x48, 0x63,
    0xEC, 0x4A, 0x61, 0x48, 0xF5, 0x46, 0xBE, 0xAB, 0x62, 0xCB, 0x6C, 0xE5, 0x0C, 0xAF, 0xE8, 0xCD,
    0xF6, 0x61, 0xC5, 0x2A, 0xAD, 0x99, 0x54, 0xFA, 0x48, 0xF9, 0x9C, 0x51, 0xFD, 0xAA, 0x10, 0x6D,
    0x5B, 0x48, 0x89, 0x4C, 0xD6, 0xA3, 0xAC, 0x7A, 0xC5, 0x98, 0xCA, 0xA2, 0xE8, 0x13, 0x45, 0xD4,
    0x38, 0x34, 0xD4, 0x52, 0x6F, 0x95, 0x49, 0x11, 0x12, 0x45, 0xBD, 0x29, 0xC6, 0xD0, 0xAE, 0x21,
    0x55, 0xC8, 0xA2, 0xB7, 0x0E, 0x44, 0xAF, 0x40, 0x98, 0x8A, 0x9C, 0x88, 0x86, 0x4D, 0xE3, 0x6D,
    0xF4, 0xEF, 0x33, 0x91, 0x2A, 0xD4, 0x5E, 0x19, 0x20, 0x6A, 0x28, 0x9B, 0xE5, 0x2A, 0xF9, 0x6A,
    0xE5, 0x9C, 0x15, 0x9A, 0x65, 0x15, 0x2E, 0x5B, 0xB6, 0x84, 0xC3, 0x62, 0xD4, 0x08, 0x67, 0xA3,
    0xBC, 0x6C, 0x47, 0x5A, 0xC3, 0x9C, 0xDD, 0x9E, 0x5A, 0xC4, 0xA0, 0x51, 0xBC, 0x01, 0x1F, 0x6D,
    0xBA, 0xCF, 0x26, 0xB6, 0x44, 0x25, 0xD8, 0x14, 0x12, 0x0E, 0xAB, 0xE1, 0x8F, 0x7A, 0x61, 0x45,
    0x27, 0x16, 0x74, 0x40, 0xE4, 0xD2, 0x28, 0x9E, 0xE8, 0xAB, 0xFE, 0x67, 0x8A, 0xB9, 0x0A, 0x8F,
    0x2A, 0x14, 0x13, 0x10, 0xDA, 0x0E, 0xC8, 0x04, 0x08, 0xC7, 0x95, 0xCC, 0x17, 0xB2, 0x98, 0xC9,
    0xB8, 0x7C, 0x04, 0x16, 0x32, 0x82, 0xF9, 0xCE, 0xC3, 0xCE, 0x44, 0x86, 0x87, 0x2F, 0x49, 0x39,
    0x30, 0xEC, 0x06, 0x99, 0xAD, 0x4C, 0x74, 0x06, 0xE2, 0x08, 0x94, 0x3B, 0xA6, 0x67, 0x00, 0x93,
    0x8E, 0x44, 0x4E, 0xA4, 0x1A, 0xD1, 0x7F, 0x34, 0x4D, 0xF0, 0x5C, 0x2F, 0x04, 0x4A, 0x2F, 0x68,
    0x13, 0xC0, 0xFB, 0xAD, 0x64, 0x77, 0xB5, 0xAF, 0x65, 0xA3, 0x9C, 0x32, 0x31, 0x19, 0xAB, 0x8A,
    0xB6, 0x15, 0xE7, 0x50, 0x00, 0xF9, 0x0B, 0x45, 0x9B, 0xC2, 0x41, 0xAB, 0x65, 0x6F, 0x79, 0x96,
    0x88, 0xF0, 0xB9, 0x0B, 0x31, 0x19, 0x8E, 0x1E, 0x07, 0x82, 0x2D, 0x3C, 0x9C, 0x86, 0x69, 0x55,
    0x44, 0xB8, 0x8D, 0xFA, 0x36, 0x6E, 0x5F, 0xD9, 0xF0, 0x61, 0x1D, 0x1F, 0x3D, 0x85, 0xE4, 0x95,
    0x05, 0xF6, 0xB2, 0x1D, 0x18, 0xE6, 0x10, 0x52, 0x22, 0xB4, 0x44, 0x24, 0xF4, 0xEC, 0x0A, 0x7B,
    0xAE, 0x3C, 0x5F, 0x2F, 0xAB, 0x3F, 0x14, 0x06, 0xAB, 0x1C, 0x9C, 0x6A, 0x48, 0xC3, 0x42, 0x2D,
    0x96, 0x70, 0xA3, 0x25, 0x78, 0x44, 0x2B, 0x6F, 0x59, 0xAD, 0x06, 0xAF, 0xD0, 0x13, 0x74, 0x8F,
    0x05, 0xDB, 0xC2, 0x4F, 0xD4, 0x98, 0xE9, 0xE3, 0x15, 0x9E, 0x04, 0x5F, 0xD4, 0x22, 0x1C, 0x59,
    0xEE, 0x3D, 0xAE, 0x7C, 0x53, 0x08, 0x4D, 0xA8, 0xE5, 0xC5, 0xF3, 0x0E, 0xE3, 0xD2, 0x85, 0x88,
    0x63, 0x8E, 0x63, 0x86, 0x63, 0xA8, 0xE5, 0xAD, 0x87, 0x76, 0x6E, 0x99, 0x6C, 0x1C, 0x0F, 0x09,
    0xE7, 0x95, 0xB7, 0xBD, 0xB6, 0xEB, 0x53, 0x19, 0x64, 0x44, 0x8E, 0xA5, 0x0D, 0xF7, 0xEC, 0x93,
    0xF2, 0x51, 0x8C, 0xF3, 0x4A, 0x54, 0x42, 0x06, 0x91, 0xC5, 0x12, 0xF8, 0x1D, 0x93, 0xFA, 0x60,
    0xF3, 0x7D, 0x4E, 0xA5, 0x4B, 0x34, 0x87, 0x76, 0x78, 0x78, 0x62, 0xC4, 0x1E, 0xE0, 0x78, 0x24,
    0x7C, 0x5A, 0xEA, 0x98, 0x79, 0x72, 0x64, 0x99, 0x51, 0xD0, 0x47, 0x23, 0x92, 0xD7, 0x5C, 0x5B,
    0x3B, 0x8F, 0xD3, 0x8F, 0x3C, 0x83, 0xB7, 0xA4, 0xEB, 0x43, 0x5E, 0x24, 0x42, 0xCA, 0x15, 0xA1,
    0x2B, 0xB8, 0x04, 0x0E, 0x35, 0xF7, 0x21, 0xD7, 0x32, 0xB0, 0x90, 0xAC, 0x64, 0xAE, 0x01, 0x73,
    0xCC, 0x16, 0xF0, 0x5E, 0x3B, 0x5C, 0x0F, 0xF7, 0xC3, 0x05, 0x71, 0x43, 0x5C, 0x11, 0x77, 0x64,
    0x97, 0x24, 0xD0, 0x12, 0xD7, 0xC4, 0x3D, 0xA1, 0x28, 0x6E, 0x8A, 0xAB, 0xE2, 0xAE, 0xB8, 0x2C,
    0x24, 0x70, 0x8B, 0xF5, 0x1D, 0x2C, 0x6F, 0xB1, 0x31, 0xB8, 0x36, 0xEE, 0x8D, 0x8B, 0xE3, 0xE6,
    0xB8, 0x3A, 0xEE, 0x8E, 0xCB, 0xE3, 0xF6, 0xDC, 0x5C, 0x50, 0xE2, 0x14, 0x8A, 0x35, 0xE4, 0x6B,
    0x68, 0x35, 0x5B, 0xC9, 0xA4, 0xB7, 0x15, 0x45, 0x50, 0x95, 0x15, 0x0F, 0x61, 0xA5, 0xFA, 0x07,
    0x6B, 0x51, 0x2A, 0x4D, 0x82, 0xF0, 0xA5, 0xE7, 0xEF, 0x66, 0x3D, 0x95, 0x2B, 0x32, 0x5F, 0x7D,
    0xB7, 0xCB, 0xEC, 0x8E, 0xC2, 0x91, 0xCA, 0xF8, 0xC6, 0x3B, 0x5A, 0x7A, 0x3A, 0x7D, 0x8F, 0xAB,
    0x28, 0x11, 0xCB, 0xCE, 0xBB, 0xF1, 0x9C, 0xDC, 0x38, 0x92, 0xB4, 0xA9, 0xF9, 0x84, 0x3B, 0xD7,
    0x06, 0x06, 0x45, 0xA9, 0x90, 0x4C, 0x89, 0xBF, 0x0A, 0x8C, 0xCA, 0x7A, 0xA3, 0x32, 0x35, 0xAF,
    0x0D, 0x2D, 0x89, 0x22, 0x38, 0x23, 0x76, 0xBF, 0x60, 0x4A, 0x43, 0xB1, 0x2F, 0x34, 0x66, 0xC6,
    0x7A, 0xA7, 0x6C, 0x1A, 0xD6, 0x80, 0x45, 0xF4, 0x88, 0x01, 0xE5, 0x1E, 0xF1, 0x28, 0x13, 0x58,
    0xC8, 0xA8, 0xD4, 0x57, 0xA0, 0x5F, 0x1D, 0x39, 0x7C, 0x9C, 0x0C, 0xA5, 0x71, 0x06, 0x91, 0x4E,
    0x8D, 0xD3, 0xA0, 0x4B, 0xF5, 0xE7, 0x3B, 0x07, 0x64, 0xCA, 0x65, 0xAF, 0xF1, 0x18, 0x37, 0xEF,
    0x95, 0x3E, 0x3F, 0xC6, 0x7A, 0xDA, 0x7B, 0x83, 0xDD, 0x8B, 0x62, 0xFD, 0xB6, 0xDB, 0x7B, 0x94,
    0x5F, 0xC4, 0x77, 0x3A, 0x3F, 0x7F, 0xE7, 0xBD, 0x86, 0x7E, 0x56, 0xEC, 0x59, 0x02, 0x1A, 0xDF,
    0x3E, 0x46, 0x85, 0x2F, 0x9E, 0xF2, 0x0F, 0x7B, 0x8C, 0x98, 0x62, 0x53, 0x56, 0xDF, 0x59, 0x73,
    0x56, 0xF2, 0xC7, 0xC3, 0x32, 0x4E, 0xD8, 0xE3, 0x16, 0xDB, 0xE7, 0x94, 0x4C, 0xDE, 0x83, 0xA2,
    0x56, 0xF8, 0x84, 0xBD, 0x76, 0x61, 0x59, 0x83, 0xEF, 0xB8, 0xBD, 0xD7, 0xB3, 0x87, 0x25, 0x97,
    0xBD, 0xDC, 0x7B, 0x18, 0x23, 0xDA, 0x5A, 0xB2, 0xD7, 0xCA, 0xA7, 0x10, 0x8A, 0xB5, 0xF3, 0xE0,
    0xBD, 0x57, 0x88, 0xFC, 0xED, 0x8B, 0x96, 0x7C, 0xB3, 0x2A, 0x91, 0x2E, 0xF7, 0x3A, 0x17, 0x5F,
    0x07, 0x4E, 0xA7, 0x53, 0x65, 0xDC, 0x73, 0x4C, 0x94, 0x5C, 0x14, 0x29, 0x60, 0x46, 0xCF, 0x48,
    0x31, 0x0E, 0x4F, 0x44, 0x2A, 0x08, 0x50, 0x4B, 0x07, 0x01, 0xA2, 0x32, 0xC7, 0x5F, 0x6F, 0xC4,
    0x39, 0x8D, 0x57, 0x39, 0x28, 0x79, 0x6D, 0x24, 0x4D, 0xDB, 0x5E, 0x59, 0x28, 0x3B, 0xBD, 0x2E,
    0xEE, 0x2C, 0x95, 0x8D, 0xDE, 0x6B, 0xAC, 0x94, 0x4F, 0x65, 0x3B, 0x61, 0x5A, 0xCB, 0x82, 0x89,
    0x0D, 0x2F, 0x6B, 0x09, 0xF0, 0x52, 0xE8, 0x61, 0x2A, 0x2B, 0x78, 0xD8, 0xCB, 0x18, 0xD1, 0xEF,
    0x53, 0x91, 0x81, 0xD3, 0x45, 0x43, 0xC8, 0x39, 0x8A, 0xA4, 0xDE, 0x5A, 0xE0, 0x34, 0x39, 0x73,
    0xF1, 0xBA, 0xAE, 0xCE, 0xBE, 0xB9, 0x63, 0x17, 0xCC, 0x48, 0x16, 0xE6, 0x92, 0x0D, 0x0B, 0xE6,
    0x12, 0x75, 0x17, 0x9E, 0xC1, 0xAD, 0xA4, 0x9D, 0x0A, 0xCE, 0xDF, 0x2D, 0x0A, 0x87, 0xE8, 0x87,
    0x4D, 0x49, 0xA7, 0xBC, 0xBC, 0xB6, 0x9A, 0x3D, 0xE7, 0x74, 0x1E, 0x33, 0xA5, 0xA5, 0x8E, 0x94,
    0xF9, 0xEF, 0xB5, 0xB3, 0x47, 0xF5, 0x46, 0x8B, 0xDA, 0x95, 0x14, 0x73, 0x69, 0x70, 0x7F, 0xDC,
    0x1E, 0xF0, 0x48, 0xD2, 0x1C, 0x78, 0x53, 0x9D, 0xAD, 0x71, 0x67, 0x4A, 0x92, 0xBE, 0xD0, 0x96,
    0x2F, 0x56, 0x77, 0x85, 0x93, 0xE5, 0xDD, 0x8A, 0x7C, 0x75, 0xC5, 0x0B, 0xA4, 0x22, 0x38, 0x6F,
    0x1C, 0x77, 0xAE, 0x67, 0xDA, 0x5E, 0x30, 0xCF, 0x2E, 0x1C, 0x88, 0xA3, 0x0F, 0xCE, 0x19, 0x95,
    0x97, 0xAD, 0x20, 0xE2, 0xED, 0x3D, 0x10, 0xB2, 0x07, 0x56, 0x60, 0xFF, 0x01, 0x92, 0x33, 0x7A,
    0xD7, 0x37, 0x75, 0xE0, 0x05, 0x1C, 0x40, 0x9F, 0x6A, 0x07, 0x00, 0x92, 0x72, 0xD0, 0x2E, 0xC0,
    0x18, 0xF8, 0xF2, 0x78, 0x5E, 0xB3, 0x56, 0x62, 0x61, 0xE5, 0x1C, 0x8C, 0x61, 0xF6, 0x6F, 0xB3,
    0x08, 0x62, 0x44, 0x0C, 0x03, 0x8E, 0xFD, 0xCD, 0x6F, 0xB2, 0x2C, 0x24, 0x7E, 0x25, 0xEC, 0xB6,
    0x03, 0x12, 0xC7, 0x5C, 0xC0, 0x93, 0xC6, 0x44, 0xE4, 0x5B, 0x33, 0x60, 0x56, 0x17, 0x6D, 0xF6,
    0xC8, 0x84, 0xE5, 0x65, 0x8A, 0xF8, 0x1E, 0x51, 0x8A, 0x5E, 0x3B, 0xD4, 0xF2, 0x95, 0x48, 0xD7,
    0xA2, 0x68, 0x76, 0x5C, 0x98, 0xBA, 0x1D, 0xDF, 0xDC, 0xFE, 0x81, 0xE3, 0x8F, 0xE0, 0x07, 0xA1,
    0x96, 0x2A, 0xF9, 0x51, 0x73, 0xB8, 0x6E, 0x67, 0xE4, 0x35, 0x63, 0x10, 0x66, 0x04, 0x38, 0x61,
    0xEB, 0x52, 0x79, 0x68, 0xDE, 0x8A, 0x31, 0x14, 0x03, 0x50, 0xDA, 0x0F, 0xCF, 0xF6, 0xA5, 0x74,
    0x1C, 0xEA, 0x86, 0x91, 0x43, 0x13, 0x66, 0x1F, 0xE5, 0xC5, 0xFB, 0x3D, 0xFE, 0x6C, 0xD9, 0xA2,
    0xFF, 0xF1, 0x0B, 0x2B, 0xBE, 0xAF, 0x4E, 0xFE, 0x75, 0xD5, 0xF7, 0x0F, 0x5C, 0x09, 0xA6, 0xF0,
    0xE0, 0x8C, 0x48, 0x5E, 0x03, 0xC7, 0x8B, 0x6A, 0x15, 0x17, 0xC8, 0x59, 0xB4, 0xF4, 0x6D, 0x78,
    0xDF, 0x55, 0xF8, 0xB7, 0xBD, 0xB3, 0x87, 0x95, 0xDC, 0xBA, 0xEE, 0xF8, 0x9D, 0x19, 0x48, 0x03,
    0x68, 0x0A, 0xAA, 0x88, 0x82, 0x40, 0x2A, 0xA6, 0x49, 0x19, 0x80, 0x4D, 0xDA, 0x80, 0x74, 0x5C,
    0xB8, 0xDD, 0x62, 0xA5, 0x46, 0x85, 0x9B, 0x54, 0x6A, 0xD4, 0x03, 0x01, 0x38, 0x91, 0x8B, 0xB4,
    0x2A, 0xD2, 0xA5, 0x51, 0xE1, 0x00, 0xD2, 0x4B, 0xA1, 0xF4, 0x48, 0xCC, 0xE9, 0xD2, 0x52, 0x45,
    0xE0, 0x22, 0x85, 0x19, 0xC7, 0x8B, 0x20, 0x72, 0xA1, 0x91, 0x4D, 0x61, 0x29, 0x8B, 0xE4, 0xC9,
    0x9E, 0xF3, 0xBB, 0x87, 0xE2, 0x23, 0x38, 0xB3, 0xB3, 0x0B, 0x6D, 0xBC, 0x1F, 0x8F, 0xC2, 0xDE,
    0x73, 0xF5, 0xDE, 0x3C, 0xF2, 0x7C, 0xFC, 0xEF, 0xE5, 0x3D, 0x1F, 0xF7, 0x4E, 0xFA, 0xF1, 0xE8,
    0x69, 0xE2, 0x5A, 0x6E, 0x68, 0xF9, 0x09, 0x1C, 0x14, 0x87, 0x17, 0x0A, 0x04, 0xAF, 0x92, 0xF9,
    0x62, 0xA4, 0x72, 0x98, 0x46, 0x74, 0xB3, 0x7A, 0x1A, 0xD7, 0x95, 0x48, 0xBE, 0xC8, 0x8D, 0xC4,
    0x05, 0x19, 0x24, 0x83, 0xE0, 0x0B, 0x3C, 0xDF, 0xC6, 0x65, 0xFD, 0xF2, 0x7E, 0x6F, 0xFA, 0x32,
    0x39, 0x8B, 0x6A, 0x54, 0xC0, 0x5A, 0x72, 0x7C, 0x64, 0x6B, 0x7F, 0x34, 0x06, 0xD5, 0xD6, 0xD6,
    0x06, 0xDA, 0x74, 0x3A, 0xD8, 0xB3, 0xC6, 0x62, 0x86, 0xEA, 0xEB, 0x59, 0x80, 0x6D, 0xA3, 0x6A,
    0xC2, 0xDB, 0x53, 0x6B, 0xC2, 0x5E, 0x44, 0xBF, 0x54, 0x77, 0xEF, 0x0B, 0xBB, 0xB7, 0xFA, 0x8F,
    0xFA, 0xCF, 0x22, 0x10, 0x52, 0x97, 0xAD, 0xF2, 0xFB, 0x90, 0xE8, 0x2C, 0xC0, 0xDA, 0xA3, 0xEA,
    0x64, 0xFC, 0xBB, 0x39, 0xAE, 0x00, 0x96, 0x23, 0x2B, 0x42, 0x0B, 0x6C, 0x05, 0xC0, 0x15, 0x40,
    0x57, 0x00, 0x5E, 0x01, 0x7C, 0x05, 0x00, 0x16, 0x40, 0x58, 0x00, 0x62, 0x01, 0x8C, 0x19, 0xE9,
    0x5C, 0x49, 0xC0, 0xCC, 0xB1, 0x35, 0x23, 0x40, 0x2D, 0x62, 0x2D, 0x82, 0x2D, 0xA2, 0x2D, 0xC2,
    0xCD, 0xF1, 0xC6, 0x6C, 0x32, 0x5F, 0x65, 0xF8, 0xD0, 0xC1, 0xD1, 0x3A, 0xA2, 0x6A, 0x4F, 0x01,
    0x90, 0x27, 0x2A, 0xDB, 0xAC, 0x23, 0x07, 0x90, 0xB0, 0x46, 0x05, 0x96, 0x67, 0xAF, 0x77, 0x44,
    0x97, 0x23, 0x58, 0x33, 0x87, 0x19, 0xBD, 0xB1, 0xF0, 0xFF, 0xEE, 0xC9, 0x24, 0xF2, 0x88, 0x57,
    0xB3, 0x53, 0x1F, 0x56, 0xFF, 0xAA, 0x4C, 0x54, 0x26, 0x09, 0xAB, 0x79, 0xF3, 0x2E, 0x40, 0x41,
    0x3B, 0x8B, 0xC3, 0xD4, 0xF3, 0x38, 0xCC, 0xA3, 0xA5, 0xF1, 0xFD, 0x90, 0xA9, 0x36, 0x6D, 0x99,
    0xAD, 0x86, 0xE8, 0x94, 0xEE, 0x22, 0x4D, 0x54, 0x0B, 0x85, 0xD1, 0x46, 0xA9, 0xBE, 0x03, 0x8C,
    0xA2, 0xFE, 0x29, 0xAD, 0x6D, 0xFE, 0xD8, 0xE2, 0x54, 0xD9, 0xEB, 0x76, 0x8F, 0xC1, 0x88, 0xC3,
    0xD8, 0xEF, 0x00, 0xE9, 0x3A, 0x8A, 0x83, 0xC5, 0x02, 0x76, 0x1F, 0x18, 0x6A, 0xAC, 0xC6, 0x5E,
    0x9B, 0xE9, 0x39, 0x85, 0xF3, 0x52, 0x4E, 0x28, 0xA7, 0x35, 0xA9, 0xBE, 0xB2, 0x54, 0xDA, 0x60,
    0x9E, 0x76, 0xD9, 0x6C, 0xEC, 0xCE, 0xC7, 0xB0, 0x50, 0x48, 0x70, 0xDF, 0xC5, 0xCE, 0xCC, 0x05,
    0x6B, 0x4A, 0x85, 0x95, 0x74, 0xEA, 0xEC, 0x33, 0xA4, 0x52, 0x48, 0x26, 0x95, 0xAA, 0x52, 0x84,
    0x8C, 0x51, 0xAF, 0x7F, 0xB2, 0x96, 0x56, 0xC7, 0xCA, 0x46, 0x65, 0x01, 0x75, 0x7B, 0x32, 0x6B,
    0x7B, 0x89, 0x1E, 0xA4, 0xC9, 0x98, 0x0D, 0x90, 0xDE, 0x48, 0xE9, 0xA9, 0x27, 0x25, 0x1B, 0x23,
    0xF5, 0xCE, 0x26, 0xB1, 0x26, 0x95, 0x06, 0x45, 0x28, 0x0F, 0x4A, 0x54, 0x9E, 0xEF, 0x18, 0xD6,
    0xFF, 0x4D, 0x44, 0xF3, 0x27, 0x36, 0x5E, 0xEF, 0xED, 0xE6, 0xE3, 0xD5, 0x33, 0x44, 0x7F, 0x19,
    0x88, 0x93, 0x3C, 0x78, 0xDF, 0x07, 0x6B, 0x0B, 0x39, 0x41, 0x0E, 0x4A, 0x70, 0x89, 0xCB, 0xF9,
    0xEA, 0xB6, 0xCC, 0x43, 0x99, 0x2B, 0x3D, 0xAE, 0x88, 0x36, 0x7D, 0xFB, 0xA1, 0xD1, 0x4C, 0x3C,
    0x12, 0x20, 0x6D, 0x04, 0x72, 0x85, 0x67, 0x39, 0x84, 0x3B, 0xC0, 0x3E, 0x29, 0x60, 0xD3, 0xCA,
    0x1C, 0x8F, 0xF4, 0x64, 0xAF, 0xDD, 0xFD, 0xF0, 0x3E, 0x99, 0x57, 0x0F, 0x87, 0xF5, 0x44, 0xC9,
    0x78, 0x6F, 0x61, 0xD7, 0x39, 0x60, 0xEF, 0x00, 0xBB, 0x6D, 0xA0, 0xD9, 0x00, 0x2D, 0x04, 0x5A,
    0x3A, 0xF5, 0x9F, 0x77, 0x11, 0x89, 0xF5, 0x1D, 0x50, 0xAF, 0x07, 0xAA, 0xA7, 0x3F, 0xB0, 0x92,
    0x33, 0x9E, 0x3A, 0xE1, 0x87, 0x68, 0xFA, 0xF5, 0xF9, 0xDB, 0xFB, 0x0E, 0xA1, 0xE7, 0x91, 0x75,
    0x87, 0xAC, 0xF9, 0xB5, 0x17, 0x68, 0x3A, 0x40, 0xB3, 0x0E, 0x5A, 0x34, 0x50, 0x13, 0x90, 0x2A,
    0x0B, 0x14, 0x11, 0x96, 0x2F, 0x77, 0x64, 0x50, 0xC4, 0x3A, 0xBA, 0x3A, 0x1E, 0xBF, 0xE4, 0x11,
    0xBD, 0xCF, 0x08, 0x4F, 0x0F, 0xD8, 0x42, 0xAA, 0xE2, 0x59, 0x01, 0xB6, 0x7A, 0x3E, 0x00, 0xFB,
    0xC3, 0x2E, 0x5A, 0xD7, 0x5A, 0x41, 0xF5, 0xC1, 0xA7, 0x86, 0x2A, 0x82, 0xB8, 0xB5, 0x52, 0xBC,
    0x0E, 0x69, 0x8D, 0xF7, 0x15, 0xA8, 0x32, 0x24, 0xAA, 0x10, 0xA8, 0x10, 0x4A, 0x78, 0x5D, 0x91,
    0x88, 0xA7, 0x02, 0x3D, 0x9A, 0x07, 0x94, 0x28, 0xED, 0x11, 0xBC, 0x8C, 0x48, 0x14, 0x90, 0x18,
    0x69, 0x58, 0x45, 0x0A, 0x40, 0x87, 0x48, 0x7B, 0xD8, 0x29, 0xBB, 0x45, 0xB6, 0x56, 0x91, 0xAD,
    0xF5, 0x22, 0x5B, 0xF9, 0x59, 0xB6, 0x92, 0x25, 0xB6, 0x3A, 0x77, 0xA2, 0x1C, 0xA6, 0x28, 0x15,
    0x9D, 0xC6, 0xFA, 0xB1, 0x44, 0xCA, 0xCE, 0xCA, 0xBD, 0xF6, 0xBD, 0x21, 0x7E, 0x6B, 0xA3, 0x2F,
    0x07, 0xC4, 0x8B, 0x57, 0xD9, 0x1A, 0x11, 0x23, 0x84, 0xF7, 0x95, 0xCD, 0x09, 0x99, 0xBB, 0x7A,
    0xD5, 0xED, 0x28, 0xD7, 0x5B, 0xB9, 0x92, 0x8F, 0x28, 0x09, 0xFB, 0xA9, 0x0C, 0xCA, 0x65, 0x21,
    0x92, 0xFB, 0xFC, 0x94, 0x39, 0x69, 0xF6, 0x52, 0x69, 0x3E, 0x64, 0xA7, 0x44, 0x61, 0x5D, 0x29,
    0xB2, 0xB6, 0x80, 0x7F, 0x37, 0x22, 0x18, 0x9D, 0x1D, 0x54, 0x65, 0x7B, 0xE5, 0xFC, 0xA4, 0x04,
    0x45, 0xC5, 0x89, 0xC4, 0x78, 0xC8, 0x06, 0x8C, 0x37, 0x19, 0x03, 0x07, 0x27, 0xD2, 0x99, 0xA6,
    0x44, 0x5D, 0x7A, 0x95, 0xC9, 0xB3, 0x74, 0xD9, 0x80, 0x30, 0x8E, 0xA4, 0xD1, 0x66, 0xA3, 0xD1,
    0x46, 0xAB, 0xBD, 0xF6, 0x53, 0x79, 0xF0, 0xEE, 0x7B, 0xF2, 0xED, 0xBD, 0x44, 0xB8, 0x4E, 0x63,
    0x67, 0xEF, 0x9D, 0x14, 0x3A, 0xB1, 0xDD, 0x68, 0xBC, 0xD1, 0x7A, 0xCA, 0x20, 0x1D, 0x87, 0x95,
    0xE3, 0xCA, 0x3B, 0x61, 0x44, 0x96, 0x43, 0x4B, 0xF9, 0x02, 0x5B, 0x11, 0x5C, 0xFD, 0x25, 0x4E,
    0x47, 0x80, 0x8D, 0x08, 0x1B, 0x21, 0x36, 0x62, 0x6C, 0x04, 0xD9, 0x75, 0x9C, 0x92, 0xEF, 0x3C,
    0x8F, 0x0E, 0x25, 0x2B, 0x9F, 0xAE, 0x21, 0x93, 0x77, 0xD0, 0x42, 0x20, 0xE0, 0x00, 0xF9, 0x91,
    0x72, 0xB0, 0x97, 0x84, 0x44, 0x6A, 0x31, 0x16, 0xC6, 0xE5, 0x90, 0xA3, 0x66, 0x8F, 0x0B, 0x23,
    0x95, 0x19, 0x55, 0x72, 0x25, 0x22, 0xA0, 0xA3, 0x07, 0x1D, 0x9D, 0xA3, 0x23, 0x79, 0x46, 0xE8,
    0x08, 0xEB, 0x9F, 0x87, 0xB7, 0x0F, 0xA6, 0xB3, 0xCC, 0xEC, 0xF6, 0x8D, 0xF2, 0x0F, 0x9F, 0xEB,
    0x68, 0x9F, 0x6E, 0x67, 0xB6, 0x38, 0x59, 0x99, 0xCF, 0xEA, 0xDE, 0xC2, 0xB8, 0x5A, 0xDD, 0xDC,
    0x28, 0xCA, 0xD6, 0x0A, 0x14, 0x0C, 0x5A, 0x43, 0x2A, 0x7E, 0x78, 0xB0, 0x79, 0xB0, 0x39, 0x1F,
    0x28, 0x59, 0x2C, 0x70, 0xB9, 0x1D, 0xAC, 0x59, 0x88, 0x35, 0xAC, 0x96, 0x06, 0xF2, 0x13, 0x07,
    0x6B, 0x88, 0x3D, 0x6D, 0x3D, 0xFF, 0xE7, 0x69, 0xB0, 0x01, 0xD2, 0x7F, 0x4F, 0xC2, 0x1B, 0x1F,
    0x87, 0x0F, 0x0C, 0xA1, 0x36, 0x31, 0xFE, 0x72, 0x08, 0x5B, 0xAF, 0xF1, 0xD1, 0x61, 0x7C, 0x4A,
    0xD5, 0x40, 0x47, 0x9D, 0x7E, 0x3C, 0x49, 0xE6, 0xD7, 0xAC, 0x48, 0x06, 0xA9, 0x11, 0x1A, 0x61,
    0xBD, 0x48, 0xC1, 0x05, 0x76, 0x79, 0xC5, 0x5B, 0x84, 0x05, 0x8F, 0x2E, 0xA3, 0xB7, 0x35, 0x33,
    0x15, 0x62, 0xF2, 0xA8, 0x33, 0x0F, 0xF4, 0x47, 0xD1, 0xB2, 0xBE, 0x78, 0xF7, 0x3E, 0x7E, 0xAA,
    0xB6, 0x24, 0x55, 0xB5, 0x2D, 0x45, 0x9A, 0xB3, 0x86, 0xC6, 0xCE, 0x98, 0x19, 0x2B, 0x63, 0x64,
    0x6C, 0x7C, 0x95, 0xA8, 0xD9, 0xE3, 0x45, 0xC5, 0xAC, 0xEB, 0x05, 0x51, 0xEB, 0xF3, 0xA2, 0x62,
    0x4D, 0x8C, 0x89, 0x2D, 0x31, 0x25, 0x26, 0xA4, 0x0D, 0x8F, 0x32, 0x97, 0xB9, 0x25, 0xE5, 0x94,
    0xED, 0x4A, 0x9B, 0x23, 0x15, 0x1D, 0xB3, 0xCB, 0x4B, 0x7C, 0x11, 0x03, 0x29, 0x32, 0xE0, 0x81,
    0xB5, 0x90, 0x00, 0x01, 0x84, 0x06, 0xEE, 0xB1, 0x93, 0x72, 0xED, 0x4D, 0x8D, 0x8D, 0xE0, 0x9B,
    0x1B, 0xCF, 0xEE, 0xCE, 0x8D, 0x69, 0x26, 0x97, 0x26, 0x7A, 0x95, 0x1C, 0x36, 0x83, 0x92, 0x07,
    0x1F, 0x52, 0x26, 0x23, 0x1D, 0xC0, 0xA4, 0xDC, 0xC5, 0x78, 0xF7, 0xD5, 0xEE, 0xAB, 0x3B, 0x40,
    0xC7, 0x9C, 0x9B, 0xA5, 0xDC, 0x6C, 0x47, 0x03, 0x09, 0xB7, 0x38, 0xE1, 0x0A, 0xBB, 0x18, 0x9E,
    0x1B, 0x3B, 0xBF, 0x3C, 0x43, 0x6A, 0x2D, 0x5E, 0xCF, 0xEE, 0xE5, 0xDB, 0x76, 0x83, 0x95, 0xA7,
    0x0E, 0xAC, 0xFD, 0x3B, 0x6D, 0x3D, 0x4F, 0x6C, 0x6C, 0x5A, 0x4B, 0xB1, 0x1D, 0x17, 0xE9, 0xC2,
    0x04, 0x45, 0xE9, 0x72, 0x9B, 0x26, 0x8F, 0x1E, 0xCF, 0x76, 0xC1, 0x6B, 0xC6, 0x20, 0x2D, 0xD2,
    0xCD, 0x0D, 0xB2, 0x9D, 0x18, 0x04, 0x5B, 0xD0, 0xF0, 0xCE, 0x9F, 0x59, 0x3A, 0xFB, 0xDE, 0xD2,
    0xBD, 0xDF, 0x78, 0x7E, 0x77, 0x6E, 0x4C, 0x43, 0xFE, 0x67, 0x23, 0x48, 0x1E, 0xCB, 0xD7, 0x0B,
    0x2B, 0x5B, 0xAA, 0xB4, 0x39, 0xE5, 0xB1, 0x9A, 0xAF, 0xD0, 0x26, 0xD5, 0x66, 0x0B, 0xA4, 0xB9,
    0x76, 0x94, 0x04, 0x61, 0x31, 0x14, 0x32, 0x78, 0xEB, 0x0E, 0xD7, 0xBE, 0x0E, 0x2F, 0xE9, 0x3C,
    0xCC, 0x85, 0x5B, 0x7C, 0x30, 0x06, 0x95, 0x3D, 0xEA, 0xD4, 0x18, 0x75, 0x45, 0x0F, 0x53, 0xC2,
    0x3F, 0x65, 0x47, 0xCD, 0xAB, 0x4C, 0xF0, 0xAF, 0x36, 0xD3, 0xEE, 0x28, 0x33, 0x9A, 0xDD, 0x2A,
    0xF8, 0xAD, 0x5C, 0x5B, 0x37, 0x9F, 0x46, 0x85, 0x49, 0x87, 0xCE, 0xF4, 0x7E, 0xA6, 0x36, 0x95,
    0xD0, 0x34, 0x67, 0x42, 0xA6, 0x3C, 0x02, 0xD6, 0x62, 0xE7, 0x80, 0xB4, 0x7A, 0x67, 0x7D, 0x9A,
    0x72, 0x8A, 0xB4, 0xBE, 0xB2, 0xA4, 0x63, 0x60, 0x1D, 0x00, 0x97, 0x72, 0x8F, 0xC2, 0xCB, 0x2E,
    0xF2, 0x21, 0xD3, 0x8E, 0x0A, 0x48, 0x15, 0x53, 0x8F, 0x8E, 0xF5, 0x73, 0xA8, 0x99, 0xFA, 0xAA,
    0xB1, 0x53, 0xF3, 0x39, 0xE5, 0x40, 0xC5, 0x57, 0x0E, 0x66, 0x0C, 0xD2, 0xA9, 0x27, 0x9C, 0x16,
    0xE8, 0x05, 0x0B, 0x24, 0xB1, 0x7C, 0x51, 0x3B, 0xD8, 0x41, 0x19, 0x54, 0x23, 0xA8, 0x44, 0x74,
    0x58, 0x1C, 0x38, 0x2E, 0x40, 0x21, 0x74, 0x15, 0x6D, 0x75, 0xFF, 0x1D, 0xA0, 0x11, 0xD7, 0x06,
    0x74, 0x4E, 0xDE, 0x39, 0x7A, 0x27, 0xC4, 0x4E, 0x43, 0xE7, 0xED, 0xCF, 0x82, 0xE7, 0xC0, 0xD7,
    0x8A, 0x26, 0x5B, 0xCB, 0x92, 0x07, 0x57, 0xE5, 0x68, 0x64, 0x26, 0x53, 0xCA, 0xD2, 0xD4, 0x8A,
    0x98, 0xD2, 0x81, 0x7C, 0x38, 0xC3, 0x63, 0xE9, 0x42, 0x62, 0xFC, 0x81, 0x83, 0xEA, 0xCE, 0xBD,
    0x27, 0xCF, 0x61, 0xE9, 0xBD, 0x46, 0x6A, 0xFA, 0x18, 0x98, 0x05, 0x0A, 0xBC, 0x2F, 0x8F, 0x23,
    0x04, 0x56, 0xD8, 0x63, 0x5D, 0xD4, 0x0A, 0xB6, 0x4C, 0xCF, 0xE9, 0x3C, 0xB8, 0x33, 0x60, 0x0C,
    0xB5, 0x97, 0xF9, 0x73, 0x3D, 0xA6, 0x90, 0x0E, 0x76, 0xA0, 0xE7, 0xD8, 0x0A, 0x73, 0xB6, 0x18,
    0x3E, 0xDC, 0xCA, 0x9D, 0x4C, 0x24, 0x83, 0xEE, 0x6F, 0xD7, 0xF3, 0x7E, 0x19, 0x35, 0xAB, 0xD6,
    0x83, 0x76, 0x91, 0x9E, 0xA0, 0x6E, 0x81, 0x79, 0xB9, 0x85, 0xEF, 0x9F, 0x09, 0xA5, 0x3B, 0xBA,
    0x9E, 0x8B, 0xF8, 0xBC, 0x53, 0x4A, 0xAA, 0x87, 0x5C, 0x4F, 0xAE, 0x12, 0x1E, 0x98, 0xBA, 0xCF,
    0x5E, 0x1F, 0x60, 0x51, 0xE6, 0x48, 0xC0, 0x3C, 0xA1, 0x60, 0x75, 0x5A, 0x3D, 0x07, 0x45, 0xEE,
    0x09, 0x45, 0x7E, 0x54, 0xE8, 0x72, 0x43, 0x97, 0xF5, 0x90, 0x2E, 0xD7, 0x35, 0xAB, 0x65, 0xA1,
    0xFD, 0x55, 0x6C, 0xCD, 0xD9, 0xB9, 0x9E, 0xAD, 0xCB, 0xEC, 0x88, 0xD1, 0x3F, 0xA7, 0x1C, 0x94,
    0x05, 0x35, 0xB4, 0x81, 0x4E, 0x2B, 0xC8, 0x95, 0xC2, 0xCD, 0x9F, 0xDE, 0x70, 0x97, 0xEB, 0x02,
    0x1D, 0xDD, 0xD5, 0x81, 0x0E, 0x07, 0x47, 0xEB, 0xA2, 0x23, 0xF9, 0xE5, 0x40, 0xC7, 0x95, 0x39,
    0xED, 0xF0, 0xD8, 0xBC, 0x7A, 0xB7, 0xC4, 0x03, 0x0F, 0x87, 0x6C, 0xAE, 0x0A, 0xB6, 0xF0, 0x80,
    0x03, 0xE0, 0xCF, 0xA9, 0x91, 0x44, 0x37, 0x3D, 0xA4, 0x81, 0x54, 0xFE, 0x6C, 0x0F, 0x9C, 0xAD,
    0x6F, 0x3E, 0xB5, 0x9B, 0x6A, 0x65, 0x15, 0x61, 0xD8, 0x0A, 0x0F, 0x59, 0x0E, 0xB8, 0xD5, 0x43,
    0xF0, 0xF0, 0x21, 0x3B, 0xF9, 0x88, 0x1E, 0xA4, 0xBC, 0xA5, 0x43, 0xC9, 0xAA, 0x80, 0x79, 0x2F,
    0x1B, 0xB6, 0xD2, 0x9A, 0x88, 0x94, 0x96, 0x17, 0x3D, 0x16, 0x2A, 0xBB, 0x12, 0x66, 0x7A, 0xE7,
    0x66, 0x8C, 0x14, 0xF8, 0x2E, 0xDA, 0x36, 0xD2, 0x0E, 0x4B, 0x4A, 0x6F, 0xB4, 0x2D, 0x04, 0x61,
    0x7D, 0xC3, 0xA0, 0x8A, 0xA8, 0xEC, 0xEC, 0xE5, 0x68, 0x34, 0x61, 0xE5, 0x78, 0xD8, 0xC5, 0x37,
    0xCE, 0x76, 0x9C, 0x40, 0xBC, 0x04, 0xBB, 0xB3, 0xB7, 0xCC, 0xCA, 0xDF, 0x22, 0xE2, 0xAF, 0x4A,
    0x41, 0xF7, 0xCC, 0x18, 0xE7, 0x2E, 0x69, 0xA1, 0x5E, 0xD4, 0x8A, 0xFA, 0x6C, 0xDC, 0x63, 0x85,
    0xD9, 0xD6, 0xC4, 0x66, 0x31, 0x86, 0xC6, 0x7D, 0x2E, 0x17, 0xC9, 0x42, 0x2F, 0x4E, 0x73, 0xA0,
    0x4B, 0x06, 0xA3, 0x1B, 0x69, 0x4D, 0xE0, 0x24, 0x0A, 0x9C, 0xC6, 0xF7, 0x6A, 0xC9, 0xDA, 0x4C,
    0xE5, 0x56, 0x41, 0x77, 0xD8, 0xA1, 0x4B, 0x6F, 0xDB, 0xE1, 0x5B, 0xF0, 0xA6, 0xFA, 0x9F, 0xED,
    0x81, 0xAF, 0xA1, 0x2C, 0x5D, 0xB0, 0x8B, 0xD1, 0xCE, 0xD8, 0x6A, 0xCA, 0x01, 0xB6, 0xCC, 0x2E,
    0xC9, 0x68, 0x8F, 0x03, 0xF6, 0x50, 0x78, 0x54, 0xC6, 0xD6, 0xEE, 0x8C, 0x1D, 0x02, 0x00, 0x38,
    0x77, 0x45, 0xFD, 0xAC, 0x5C, 0x1F, 0xC8, 0xED, 0x31, 0xF6, 0xB0, 0x1B, 0x6E, 0xEB, 0x3B, 0x3D,
    0x9D, 0x7F, 0xE1, 0x3D, 0x89, 0x9E, 0xB2, 0xC7, 0xE9, 0xE9, 0xBB, 0x3F, 0xAE, 0x9E, 0xE0, 0xAA,
    0x80, 0xA7, 0xCE, 0x81, 0x63, 0x11, 0x52, 0xF7, 0x08, 0xB2, 0xE6, 0x7C, 0x68, 0xFC, 0xC9, 0xC3,
    0x1E, 0xD7, 0xC4, 0x59, 0xDA, 0x59, 0x9C, 0x65, 0x7D, 0x36, 0xCE, 0x72, 0xBC, 0xF8, 0xC0, 0x2F,
    0x6F, 0x3E, 0x8B, 0x55, 0x3F, 0x14, 0xFD, 0x14, 0x93, 0x76, 0x56, 0xF1, 0xC3, 0x04, 0x57, 0x0E,
    0xE3, 0x93, 0x79, 0x4E, 0xC2, 0x9D, 0x7A, 0x63, 0xF4, 0x0C, 0x24, 0x9C, 0xF5, 0xCB, 0x4C, 0x3F,
    0x7B, 0x2D, 0x6D, 0xAE, 0xD6, 0xD2, 0xFE, 0xD2, 0x03, 0xB1, 0xEC, 0xF5, 0x2E, 0xF4, 0x65, 0x07,
    0xBD, 0x9D, 0x3A, 0xE8, 0xEB, 0x45, 0x07, 0xFD, 0xB8, 0x78, 0x77, 0xCC, 0x67, 0xD6, 0x33, 0xE3,
    0x15, 0x63, 0x33, 0xB3, 0x9C, 0x8F, 0x4B, 0xF7, 0x4D, 0xD9, 0x7B, 0xDE, 0x9A, 0xE3, 0x17, 0xFD,
    0xDF, 0x95, 0x4C, 0x9C, 0xBD, 0x05, 0xD7, 0x33, 0x7D, 0x7A, 0xD7, 0x73, 0xD9, 0xB1, 0x3D, 0x9C,
    0x77, 0x6C, 0x97, 0x43, 0x18, 0xCB, 0x77, 0x9F, 0x5F, 0x1B, 0x9E, 0x63, 0xE3, 0x5D, 0x0D, 0x38,
    0x4A, 0x5A, 0xE0, 0x04, 0x4F, 0xC7, 0xE6, 0xFA, 0xE6, 0xA0, 0x5A, 0xDE, 0xCA, 0x51, 0xD9, 0x4B,
    0x08, 0xC1, 0xEF, 0x79, 0xE3, 0xA6, 0x9D, 0x91, 0x0C, 0x9F, 0xAA, 0x34, 0x5D, 0xE4, 0x37, 0xF9,
    0xD3, 0xAF, 0x2A, 0x9E, 0x60, 0x65, 0x73, 0x7C, 0xCC, 0xCA, 0x06, 0xBB, 0x5F, 0x59, 0xAD, 0x57,
    0x76, 0x66, 0x77, 0xE9, 0xF6, 0x62, 0x5C, 0x64, 0xBD, 0x71, 0x91, 0xB5, 0xC6, 0x45, 0x89, 0x1A,
    0x29, 0x77, 0xFC, 0xB5, 0xB0, 0x11, 0xE9, 0xB3, 0x67, 0xBC, 0xBE, 0x6A, 0x9F, 0x66, 0x7D, 0xE5,
    0x64, 0x7F, 0x91, 0x87, 0x67, 0x34, 0xEF, 0x7E, 0xA8, 0xE9, 0x09, 0x35, 0x9A, 0xB4, 0x1B, 0x2D,
    0x7B, 0x6D, 0xB7, 0xBA, 0x89, 0xAA, 0xB1, 0xF6, 0xB4, 0x91, 0x4A, 0xD9, 0xFF, 0x45, 0xFE, 0x83,
    0xCE, 0xBB, 0xCF, 0x78, 0xD6, 0xFC, 0x85, 0xEE, 0xAB, 0xDB, 0x5A, 0x2E, 0x26, 0x91, 0xDA, 0x50,
    0x52, 0x05, 0xA1, 0x6D, 0x77, 0xB6, 0x6B, 0x69, 0xDD, 0xFF, 0xA0, 0xB3, 0x26, 0xA7, 0x6D, 0x84,
    0x79, 0x24, 0xE7, 0xCC, 0xA4, 0xBD, 0x20, 0xE9, 0xD7, 0x06, 0x52, 0x26, 0x13, 0xF6, 0xC1, 0xE3,
    0xBF, 0xD2, 0x2A, 0x47, 0x25, 0x9B, 0x55, 0xB5, 0x9B, 0x79, 0x91, 0xC2, 0xB8, 0x09, 0x76, 0x4B,
    0xF4, 0xAF, 0xEC, 0x2E, 0x3E, 0x70, 0x78, 0x54, 0xC2, 0x6B, 0xE9, 0xB2, 0xCA, 0xDA, 0x23, 0xED,
    0xD6, 0x5A, 0x6A, 0x79, 0xE3, 0xF4, 0x59, 0x74, 0x7E, 0x1B, 0x69, 0xCF, 0x4D, 0x7E, 0xB5, 0x36,
    0xD5, 0xC2, 0xE4, 0xF7, 0x49, 0x2C, 0x8A, 0xDD, 0x93, 0x72, 0x1B, 0x22, 0xBF, 0x25, 0x75, 0xCE,
    0x15, 0x82, 0x94, 0xD2, 0x45, 0xF7, 0x2B, 0x45, 0xC4, 0xB3, 0x77, 0x3F, 0x2E, 0x4C, 0xAD, 0xCC,
    0xF5, 0xB3, 0xCB, 0xCB, 0x4A, 0xBC, 0x9E, 0xC4, 0x4D, 0x83, 0x32, 0xA0, 0x6B, 0xC6, 0xE0, 0x24,
    0x00, 0x98, 0xF4, 0xE1, 0xE2, 0xA5, 0x5E, 0x8C, 0x86, 0xAE, 0x3E, 0xD1, 0x5D, 0x86, 0xDC, 0x60,
    0xAB, 0x32, 0xE1, 0xD8, 0x08, 0x6C, 0x26, 0x24, 0x22, 0x8F, 0xDA, 0x39, 0x28, 0xCF, 0xE4, 0x02,
    0x76, 0x16, 0x05, 0xD3, 0xDF, 0x93, 0x9A, 0xAE, 0x6D, 0xDE, 0xCE, 0x7A, 0x4D, 0x50, 0x69, 0xA7,
    0x8B, 0xE1, 0x8D, 0xA2, 0x95, 0xD6, 0xC2, 0x2D, 0x65, 0x5B, 0x74, 0x66, 0x81, 0xB2, 0xC9, 0x7A,
    0x2B, 0x26, 0x91, 0x53, 0x36, 0x84, 0xC2, 0x3A, 0x7B, 0x51, 0x93, 0xAC, 0x34, 0x2B, 0x9C, 0x4B,
    0xAB, 0x9C, 0x24, 0x72, 0x90, 0x46, 0x19, 0xD8, 0xC9, 0x51, 0x4E, 0xDA, 0xD9, 0xC8, 0x17, 0xDA,
    0x51, 0xD3, 0xFE, 0x97, 0x71, 0x7A, 0x5C, 0xCB, 0xEF, 0xA4, 0x32, 0x4E, 0xE4, 0x61, 0xE4, 0x44,
    0xBE, 0x33, 0x4E, 0x89, 0x17, 0x19, 0x27, 0x85, 0x18, 0xA7, 0x66, 0xA9, 0x5C, 0x39, 0x51, 0x6E,
    0xC1, 0xC2, 0xDE, 0x3A, 0xEC, 0x8F, 0x06, 0x18, 0x3B, 0x31, 0x4E, 0x0D, 0x74, 0x60, 0xC3, 0xF7,
    0x46, 0xFB, 0x95, 0x60, 0x88, 0xD4, 0x7D, 0x47, 0x37, 0x01, 0x06, 0xF0, 0x65, 0xF7, 0x59, 0xE5,
    0x5B, 0x76, 0xBF, 0x5B, 0x4B, 0xAB, 0x64, 0x6F, 0xD9, 0xFD, 0x8E, 0xEC, 0x7E, 0xB7, 0x90, 0xDD,
    0xCF, 0x9E, 0x8F, 0xEC, 0xFE, 0xF5, 0x20, 0xB9, 0x03, 0xC9, 0xF2, 0xE5, 0x6F, 0xE0, 0xC9, 0xD8,
    0x4E, 0x1D, 0x1F, 0x59, 0x0B, 0x65, 0x4D, 0x47, 0x5E, 0x03, 0xBA, 0x92, 0x97, 0x03, 0x41, 0x97,
    0xBC, 0x56, 0x9C, 0x56, 0x7C, 0x56, 0x1F, 0x3B, 0xEE, 0xB1, 0x26, 0xDD, 0x25, 0x7F, 0x55, 0x05,
    0x8F, 0x9F, 0xDC, 0x49, 0x28, 0x5A, 0x6E, 0xF3, 0x91, 0xD4, 0xDC, 0xF6, 0x3F, 0xD1, 0x38, 0xD1,
    0x4C, 0xDF, 0xB1, 0xE0, 0x47, 0x46, 0xFD, 0xA0, 0xD3, 0xE2, 0x1D, 0xE2, 0xF7, 0x6D, 0x48, 0x86,
    0xA0, 0xFF, 0x0A, 0xFB, 0xDD, 0x5F, 0x73, 0x6A, 0xC3, 0xAF, 0xE4, 0x80, 0x01, 0x5C, 0xFD, 0x84,
    0x8A, 0x5F, 0x06, 0x50, 0x53, 0xEF, 0xC4, 0xDC, 0xBF, 0x10, 0xA4, 0x02, 0x23, 0x20, 0xDA, 0x83,
    0x50, 0x01, 0x3A, 0xA8, 0xB8, 0x7A, 0x0E, 0xD7, 0xBE, 0xDB, 0xEA, 0x5D, 0x9B, 0xB4, 0x4B, 0xA5,
    0x0F, 0xC5, 0x29, 0x6D, 0x35, 0xB5, 0xF1, 0xC1, 0x21, 0xFB, 0x83, 0x97, 0x01, 0xFA, 0x16, 0xCE,
    0x26, 0xA5, 0xE0, 0xE9, 0x48, 0x3E, 0x41, 0x02, 0x74, 0x88, 0x14, 0x7E, 0xA3, 0xC8, 0x21, 0xCA,
    0x1C, 0xA2, 0xB4, 0x2E, 0xAE, 0xCB, 0xEB, 0xD4, 0x05, 0x77, 0xC9, 0x5D, 0x66, 0x17, 0xDA, 0xA5,
    0x0E, 0xD9, 0x48, 0x91, 0xCD, 0xE5, 0x2F, 0x7A, 0xBD, 0xB5, 0x0E, 0x96, 0x9F, 0xFB, 0x60, 0xE9,
    0x7C, 0xB0, 0xF4, 0xC8, 0xAF, 0xB0, 0xF1, 0x31, 0x82, 0x26, 0x18, 0x2C, 0x6C, 0xA8, 0x9A, 0x0F,
    0x96, 0x61, 0x79, 0xB0, 0x68, 0xE4, 0xD1, 0xC7, 0x48, 0xD1, 0x64, 0x9D, 0x21, 0xB3, 0x6C, 0xD2,
    0xC9, 0x18, 0xA1, 0x93, 0x48, 0x5E, 0xB6, 0x3A, 0x58, 0x74, 0x68, 0x34, 0xCA, 0xC9, 0xC6, 0xC6,
    0xC8, 0x5A, 0xC7, 0x48, 0xCD, 0x18, 0x59, 0xC9, 0xD7, 0x74, 0x82, 0x7C, 0xC3, 0x60, 0xD1, 0x23,
    0x9A, 0x18, 0x2C, 0x85, 0xB2, 0xA4, 0x9C, 0x64, 0x74, 0x38, 0xC4, 0x49, 0x3B, 0x0C, 0xF6, 0xFD,
    0x40, 0xC7, 0x66, 0xEE, 0xAD, 0x0F, 0x96, 0x8D, 0x75, 0x4C, 0x72, 0xE5, 0xB4, 0x23, 0x99, 0xC5,
    0x74, 0x24, 0xC6, 0xE9, 0xB8, 0x6A, 0x9D, 0x76, 0xA4, 0x85, 0x3A, 0x5C, 0xC2, 0x9E, 0xCE, 0x06,
    0x9B, 0xD3, 0x39, 0xD0, 0xD1, 0x1B, 0xD3, 0x69, 0xBD, 0x73, 0x88, 0x79, 0x92, 0x7F, 0x78, 0xFC,
    0x00, 0xEA, 0x9F, 0xD7, 0x01, 0x74, 0xC6, 0x79, 0x4C, 0xA6, 0x15, 0xED, 0x37, 0x2A, 0x02, 0x39,
    0x3F, 0x23, 0x3D, 0xA4, 0x85, 0x54, 0x4A, 0x3E, 0x1C, 0xA6, 0x65, 0x46, 0xD3, 0xBC, 0x08, 0x1F,
    0x2B, 0x84, 0x91, 0x59, 0x42, 0x2F, 0x9C, 0xA4, 0xD3, 0xC2, 0x05, 0xDA, 0xCD, 0x88, 0xB6, 0xAF,
    0xC6, 0xC3, 0x12, 0xC6, 0x93, 0xFC, 0xFE, 0x59, 0x2C, 0xB3, 0xD9, 0x58, 0xDE, 0xBD, 0x34, 0x08,
    0x57, 0x31, 0xDE, 0x5F, 0x6F, 0xF8, 0xEC, 0x69, 0x1B, 0x4B, 0x04, 0x76, 0x52, 0x1B, 0x4D, 0xA4,
    0x32, 0xBA, 0x97, 0xA3, 0xD1, 0x54, 0x0E, 0x46, 0x33, 0xC9, 0xA1, 0x78, 0xF0, 0xD0, 0x9D, 0xD4,
    0x46, 0x13, 0xA9, 0x3C, 0x10, 0x6A, 0x74, 0xAF, 0x94, 0x78, 0x1E, 0x41, 0x29, 0xC9, 0x8D, 0x8A,
    0x84, 0xCC, 0x06, 0x7E, 0x6F, 0x5A, 0xDB, 0xAA, 0xE2, 0xCD, 0x52, 0x27, 0xF5, 0xA0, 0xDE, 0x13,
    0xA9, 0x6E, 0x57, 0x83, 0x0F, 0x68, 0xC3, 0xD4, 0xB1, 0x47, 0x5C, 0x76, 0xD5, 0x4F, 0x4F, 0xD2,
    0x79, 0x77, 0x7E, 0xB8, 0xC0, 0xFA, 0xFC, 0xE1, 0x02, 0xA8, 0xB7, 0x56, 0xCE, 0x65, 0xF0, 0x32,
    0xE6, 0xD1, 0x17, 0x53, 0x6D, 0xF4, 0x5B, 0xD5, 0x41, 0xBD, 0x56, 0xF8, 0x69, 0xFA, 0x52, 0xE5,
    0x96, 0x4E, 0xB9, 0x97, 0xAE, 0x18, 0xB4, 0x2D, 0xED, 0xC5, 0x22, 0x1D, 0xAD, 0xE2, 0x45, 0x3A,
    0x85, 0x8B, 0x58, 0x25, 0x30, 0x75, 0xC0, 0xD4, 0x62, 0x97, 0x26, 0x66, 0x61, 0xA7, 0x4A, 0x64,
    0x26, 0xCE, 0xDE, 0x6C, 0xB4, 0x33, 0x66, 0xC7, 0xF2, 0x84, 0xD6, 0x59, 0x9B, 0x5C, 0xFA, 0x54,
    0xA5, 0x0A, 0x6C, 0x32, 0x99, 0xA0, 0xA7, 0x98, 0xE5, 0xD2, 0x92, 0x2B, 0x37, 0x51, 0xDD, 0x61,
    0x66, 0xC4, 0xCC, 0xFC, 0x40, 0x82, 0x21, 0xEC, 0xD4, 0x7E, 0xFF, 0x51, 0x36, 0x9E, 0xB0, 0x12,
    0xF7, 0xEF, 0x73, 0x0E, 0x24, 0x78, 0x41, 0x51, 0x04, 0x4E, 0x76, 0x9E, 0x12, 0x8C, 0xF1, 0x2C,
    0xD1, 0xD5, 0x1B, 0xEB, 0xD8, 0xB2, 0x61, 0x09, 0xBB, 0x8A, 0x71, 0xAF, 0x76, 0x23, 0xFC, 0x51,
    0x95, 0xB4, 0x4A, 0xAF, 0x00, 0xD4, 0x88, 0x28, 0x87, 0xD4, 0x88, 0xA9, 0x11, 0x54, 0x23, 0xAA,
    0x46, 0x58, 0x39, 0xAE, 0x82, 0x03, 0x2B, 0x38, 0xB2, 0x82, 0x43, 0x4B, 0x61, 0x42, 0xC7, 0xC1,
    0xA5, 0x00, 0xA1, 0xE3, 0xF0, 0x0A, 0x8E, 0xAF, 0x00, 0xC0, 0xBC, 0xA3, 0x7F, 0xEA, 0x10, 0x0B,
    0x8E, 0x31, 0x3A, 0x7B, 0xEF, 0x28, 0xA4, 0x1C, 0x66, 0xC1, 0x71, 0x36, 0x02, 0x6D, 0x44, 0xDA,
    0x08, 0xB5, 0x11, 0x6B, 0x23, 0xD8, 0x1C, 0x6D, 0x13, 0xB8, 0x39, 0xDE, 0x1C, 0x70, 0x73, 0xC4,
    0x71, 0x49, 0x97, 0x0A, 0xEF, 0xD3, 0xA2, 0x67, 0xD9, 0x15, 0x0B, 0x94, 0x58, 0x88, 0x65, 0xED,
    0x8E, 0x11, 0x5F, 0xED, 0x5B, 0x3C, 0xAB, 0x8C, 0xF5, 0xD9, 0x12, 0x0C, 0x1D, 0x88, 0x0E, 0x45,
    0x07, 0xA3, 0x61, 0x18, 0xC5, 0x01, 0x69, 0x85, 0xA4, 0x52, 0x40, 0x89, 0x22, 0x94, 0x45, 0x80,
    0xA9, 0xD4, 0x0B, 0x71, 0xA0, 0xC0, 0x93, 0x3E, 0x94, 0xB5, 0x15, 0x20, 0x55, 0x3A, 0xDF, 0xF6,
    0x80, 0xA1, 0x00, 0x6B, 0x08, 0xC0, 0x75, 0x3C, 0xE6, 0x0D, 0xC8, 0x2A, 0x9B, 0xB0, 0xE3, 0xB0,
    0x05, 0xB8, 0x88, 0xB3, 0x08, 0xB2, 0x41, 0x77, 0xBC, 0x1F, 0x5C, 0xEB, 0x11, 0x45, 0x5C, 0x39,
    0x50, 0xD3, 0x8B, 0xDF, 0xC7, 0x6E, 0x62, 0x70, 0x63, 0x64, 0xF2, 0x2E, 0x47, 0x4D, 0x07, 0xEF,
    0xDA, 0x6F, 0x38, 0xBC, 0xCA, 0x44, 0x8E, 0xC3, 0xA1, 0x41, 0x6A, 0xE5, 0x11, 0xC1, 0x40, 0xD0,
    0xD8, 0xF5, 0x1D, 0x57, 0x47, 0x8A, 0x63, 0xE8, 0x52, 0x1F, 0xA3, 0x5D, 0x4A, 0x63, 0xE0, 0xD1,
    0xBB, 0x60, 0x0B, 0xE6, 0x26, 0x15, 0xF8, 0xC1, 0x97, 0xB5, 0xDE, 0x4D, 0xE8, 0x7A, 0xD9, 0x14,
    0x5D, 0x22, 0x6C, 0x98, 0xC8, 0x10, 0x03, 0x2C, 0x33, 0xBA, 0x7B, 0x07, 0xB9, 0x43, 0xF3, 0x46,
    0x5D, 0x41, 0x57, 0x43, 0x17, 0xE1, 0xE9, 0x61, 0x5E, 0xBA, 0x3E, 0x25, 0xBA, 0x0D, 0xBC, 0xAB,
    0x30, 0x65, 0xF3, 0x52, 0xEC, 0x82, 0xDA, 0x55, 0xA9, 0x53, 0xBF, 0xD4, 0x44, 0x40, 0x13, 0xCF,
    0x04, 0x0C, 0x85, 0x49, 0x23, 0x6E, 0x91, 0x8D, 0x91, 0xE1, 0x43, 0x5D, 0xA9, 0xB5, 0x3B, 0xB1,
    0x6C, 0x47, 0x62, 0x53, 0x61, 0xBE, 0x91, 0x2A, 0x55, 0x2F, 0x6F, 0x50, 0x94, 0x67, 0x12, 0xA8,
    0xE1, 0xF7, 0x5E, 0x21, 0x07, 0x3B, 0xB1, 0xA9, 0x7F, 0x64, 0x2E, 0x55, 0x3D, 0x33, 0x07, 0x10,
    0xF3, 0xDA, 0x34, 0xB4, 0xE8, 0xBD, 0x8F, 0xBF, 0x07, 0x9C, 0xF5, 0x76, 0xDE, 0x63, 0x51, 0x6A,
    0x06, 0xCC, 0x4C, 0x4C, 0x00, 0xD8, 0x87, 0xD7, 0xEB, 0x88, 0x97, 0x2F, 0x7D, 0xFF, 0x95, 0xE0,
    0xEA, 0x8A, 0x7C, 0xEE, 0x8B, 0x85, 0x61, 0xE7, 0xC7, 0xAD, 0xD5, 0xAB, 0xD2, 0x4F, 0xB1, 0x9B,
    0x03, 0x12, 0x80, 0x30, 0x5B, 0xF9, 0xFE, 0x45, 0xC7, 0x4E, 0xF0, 0x94, 0xCB, 0x11, 0xF8, 0x5C,
    0x38, 0xE3, 0xE5, 0x9F, 0xEC, 0x4E, 0x1E, 0x62, 0x96, 0x9E, 0x11, 0xC1, 0x91, 0xC5, 0x2C, 0xE6,
    0x7F, 0x0B, 0x7F, 0x87, 0x84, 0x0D, 0x4C, 0x4C, 0x78, 0x7E, 0x16, 0xC1, 0x84, 0x14, 0x03, 0xA4,
    0x37, 0x2D, 0x94, 0x9D, 0x4D, 0xA8, 0xD2, 0xAD, 0x74, 0x82, 0x65, 0x7C, 0x70, 0xB6, 0x22, 0xCA,
    0x6C, 0x26, 0x1B, 0x35, 0x70, 0x7A, 0xBE, 0x29, 0x0C, 0x99, 0x75, 0x44, 0xE5, 0x9E, 0x72, 0x90,
    0x58, 0x3A, 0x48, 0x15, 0xE1, 0x61, 0x3B, 0x5D, 0x4D, 0xE7, 0xBA, 0x66, 0xC7, 0x74, 0x4C, 0x17,
    0xBD, 0xCD, 0x16, 0xA5, 0x28, 0x0F, 0x8A, 0xD2, 0xB2, 0x63, 0x06, 0xE5, 0xF2, 0x8D, 0x86, 0xD8,
    0x48, 0x6F, 0xEF, 0xA3, 0x2E, 0x26, 0x1A, 0xA8, 0x63, 0x5E, 0xF4, 0xB0, 0x93, 0xC1, 0x7C, 0xB1,
    0x5E, 0xFF, 0x6A, 0xDF, 0x17, 0xD1, 0x39, 0x60, 0xE8, 0x7B, 0x8B, 0x97, 0x5E, 0x90, 0xCF, 0xA7,
    0x22, 0x66, 0x78, 0x66, 0xFB, 0x03, 0x5E, 0x3D, 0xF3, 0xCD, 0x2E, 0x82, 0x5F, 0x04, 0x8E, 0xE7,
    0x31, 0xB0, 0x64, 0xF0, 0xD0, 0xCA, 0x62, 0x0C, 0x6C, 0x75, 0x5F, 0xCB, 0xB4, 0x2C, 0x5E, 0xF4,
    0x85, 0xA8, 0xDB, 0xFB, 0x4B, 0x13, 0xE7, 0x57, 0x54, 0xEB, 0x8E, 0xED, 0x96, 0xA3, 0xB3, 0xE2,
    0x5B, 0xA2, 0x61, 0xA8, 0xCD, 0xD2, 0x3E, 0x8F, 0x29, 0xD9, 0xB5, 0x56, 0xAE, 0x49, 0xF4, 0xCC,
    0x79, 0x74, 0xC0, 0x82, 0x49, 0xB0, 0x90, 0x8F, 0xA2, 0xA5, 0x93, 0x4A, 0xEE, 0xE2, 0xB8, 0x18,
    0x34, 0xED, 0x51, 0xC6, 0x46, 0xF2, 0xB4, 0x67, 0x2A, 0xE0, 0x19, 0xF2, 0xF0, 0xF6, 0xF7, 0x06,
    0x64, 0xD2, 0xA1, 0xAC, 0x4B, 0x2E, 0x9E, 0x23, 0xCD, 0xA1, 0xE6, 0x58, 0x73, 0xB0, 0x39, 0xDA,
    0x1C, 0x6E, 0x8E, 0x37, 0x00, 0xB7, 0x54, 0xF8, 0x09, 0x75, 0xD0, 0x39, 0xEA, 0x1C, 0x76, 0x8E,
    0x3B, 0xDF, 0x50, 0x1C, 0x91, 0xE7, 0xD0, 0x73, 0xEC, 0x39, 0xF8, 0x1C, 0x7D, 0x0E, 0x3F, 0xC7,
    0x9F, 0x03, 0xD0, 0x11, 0xE8, 0x10, 0x74, 0x0C, 0x3A, 0x08, 0x1D, 0x85, 0x0E, 0x43, 0xC7, 0xA1,
    0x03, 0x31, 0xCC, 0x91, 0xB8, 0x53, 0xB6, 0x73, 0x57, 0xEE, 0x4A, 0x2A, 0x42, 0x15, 0x0F, 0x59,
    0x2F, 0x09, 0xE3, 0xD5, 0x38, 0x23, 0x85, 0xB5, 0x1C, 0xB5, 0x63, 0x52, 0x89, 0xB3, 0x4A, 0x9C,
    0x56, 0x98, 0x57, 0x7C, 0x4A, 0x81, 0x30, 0xB5, 0xF8, 0xDC, 0xC2, 0xE4, 0xC2, 0xEC, 0x02, 0xB0,
    0x16, 0x32, 0xCC, 0xCF, 0xA0, 0x8A, 0x70, 0x5E, 0x1D, 0x84, 0x66, 0x02, 0x0A, 0x03, 0xCE, 0x8E,
    0x55, 0x60, 0x4A, 0x7C, 0xFE, 0xDC, 0xB5, 0x62, 0x0B, 0x75, 0xCA, 0x6A, 0xCC, 0x4F, 0xF2, 0xF1,
    0xF5, 0x12, 0x7B, 0x37, 0x87, 0xCF, 0x3B, 0x4A, 0x2E, 0xFF, 0x76, 0xCE, 0x4C, 0x31, 0xE3, 0x30,
    0x87, 0x54, 0xE3, 0x02, 0x8E, 0x08, 0x2C, 0x48, 0xAD, 0x78, 0x1C, 0x6F, 0x61, 0xB7, 0x8A, 0xC0,
    0x34, 0x7F, 0x59, 0xC2, 0x75, 0xEA, 0xCA, 0x98, 0x93, 0x37, 0x21, 0x7F, 0x05, 0x0A, 0xB2, 0xFF,
    0x7D, 0x6F, 0xDC, 0x28, 0x88, 0x89, 0xBA, 0xF9, 0x3E, 0xE4, 0xD7, 0x59, 0xE6, 0xCC, 0x16, 0xDB,
    0xB3, 0xF3, 0x6F, 0x27, 0xC5, 0x55, 0x8C, 0xA9, 0xC3, 0x52, 0xEE, 0x8B, 0x7B, 0xAC, 0x39, 0x0F,
    0xD3, 0x60, 0x5F, 0x58, 0x1B, 0x77, 0x02, 0x0F, 0xEF, 0x0F, 0x66, 0xF5, 0xBF, 0xF0, 0xA9, 0x84,
    0x57, 0x0C, 0x89, 0x5F, 0x5F, 0x79, 0xB7, 0x3E, 0xE0, 0x89, 0xB4, 0x7B, 0xE5, 0x6A, 0x61, 0xED,
    0x8E, 0x57, 0xD3, 0x58, 0x38, 0x94, 0x5B, 0xFB, 0x6F, 0xE6, 0xF9, 0x94, 0x83, 0x7E, 0xB2, 0xD4,
    0xE5, 0x88, 0xB5, 0x07, 0x6D, 0x07, 0xDB, 0xFF, 0x5F, 0x2B, 0x8A, 0xEF, 0x5F, 0x73, 0x64, 0x8D,
    0xB2, 0x92, 0x0E, 0xBB, 0xB3, 0x47, 0xD6, 0xDC, 0x01, 0x83, 0x49, 0x82, 0xA9, 0x38, 0xBE, 0x4E,
    0xBF, 0x32, 0x79, 0x7F, 0xAC, 0x77, 0xED, 0x82, 0x54, 0x41, 0x4B, 0xDB, 0x4F, 0x2F, 0x10, 0x30,
    0x5E, 0x3D, 0x93, 0x6E, 0x87, 0x60, 0xA4, 0xF3, 0xCA, 0xB3, 0x69, 0xA1, 0xBA, 0x1F, 0x56, 0x0F,
    0xF1, 0x01, 0x52, 0x43, 0x8E, 0xCE, 0x9E, 0xF2, 0xFE, 0x9B, 0xE7, 0xDE, 0xB8, 0x14, 0x1D, 0xB3,
    0xAC, 0xCA, 0x7A, 0xDC, 0x62, 0x2F, 0x52, 0xD6, 0x5B, 0x1E, 0xE8, 0x13, 0xF2, 0x77, 0xFD, 0x27,
    0x84, 0x60, 0x0C, 0x08, 0x5C, 0xAC, 0x60, 0xD2, 0xCE, 0x92, 0x91, 0x84, 0x02, 0xB6, 0xB0, 0xF9,
    0xB9, 0x20, 0x86, 0x9F, 0x41, 0xE7, 0x66, 0xBB, 0x9B, 0x31, 0x6E, 0x65, 0x0D, 0x49, 0x1A, 0x92,
    0xB8, 0xF5, 0x94, 0xA1, 0x9F, 0xCF, 0xDD, 0x92, 0x2F, 0x7C, 0xC1, 0x5E, 0x25, 0x6F, 0xDC, 0xE8,
    0x95, 0x13, 0x12, 0x88, 0x24, 0x3A, 0xC9, 0xE8, 0x68, 0x80, 0x50, 0x89, 0x39, 0xDB, 0xD1, 0x7A,
    0xD5, 0x62, 0x08, 0x32, 0xDF, 0xD8, 0x7A, 0xB9, 0xDC, 0xEE, 0xFC, 0x51, 0x85, 0x65, 0x0F, 0x79,
    0x42, 0x1E, 0x42, 0x79, 0xE0, 0x23, 0x93, 0x1A, 0x7C, 0xB4, 0xC6, 0xDA, 0x9E, 0x04, 0xBD, 0xFF,
    0x1F, 0xF6, 0x84, 0x9C, 0x20, 0xD5, 0xAD, 0x2A, 0x08, 0x0B, 0x8D, 0xB0, 0x1C, 0x76, 0x0F, 0x36,
    0x19, 0xF8, 0x00, 0x09, 0x88, 0x54, 0x95, 0xAE, 0xA6, 0x3E, 0x96, 0xDA, 0xD8, 0x08, 0x99, 0x57,
    0x55, 0x9D, 0x2F, 0x58, 0xF5, 0x02, 0xD0, 0x79, 0x39, 0x2C, 0x40, 0x5B, 0xC5, 0xEC, 0x5F, 0xE6,
    0x0D, 0xB8, 0x20, 0xD1, 0x26, 0xF7, 0x54, 0x2E, 0x77, 0x64, 0x5E, 0x37, 0xF6, 0xB3, 0x16, 0xB1,
    0xE8, 0x95, 0xD2, 0x68, 0x73, 0xF2, 0xAD, 0x98, 0xD3, 0xFD, 0x51, 0x3B, 0x7C, 0x98, 0x71, 0x95,
    0x4D, 0x58, 0x52, 0x9E, 0x60, 0x95, 0xFD, 0x0A, 0x41, 0x6A, 0xDC, 0x92, 0xCA, 0x6F, 0xE5, 0xE4,
    0xF1, 0x9F, 0x77, 0x37, 0xE6, 0x40, 0xFD, 0xC4, 0xF2, 0xC9, 0x49, 0xAB, 0x7C, 0xBE, 0xF1, 0x31,
    0x08, 0x01, 0x22, 0x60, 0x24, 0x18, 0x48, 0x82, 0xA1, 0x24, 0x94, 0xD6, 0x1A, 0x4E, 0xE6, 0xA5,
    0x97, 0xF3, 0x98, 0xC5, 0xF9, 0x68, 0x05, 0xED, 0xDC, 0x31, 0xA6, 0x55, 0xD8, 0x80, 0x1B, 0x30,
    0x43, 0x0B, 0x74, 0x3C, 0x49, 0xFB, 0xD6, 0xBD, 0xFF, 0x0F, 0xF3, 0x79, 0x20, 0x38, 0x85, 0x4C,
    0x4E, 0x15, 0x6A, 0x28, 0x2C, 0x3E, 0x41, 0x3C, 0x66, 0x74, 0xA5, 0xF9, 0xFA, 0x27, 0x35, 0xDF,
    0x6B, 0xF7, 0xFC, 0xCD, 0x9A, 0x9D, 0x7C, 0xA1, 0x40, 0x29, 0x48, 0x65, 0x3C, 0x0E, 0x6B, 0x95,
    0x72, 0xAB, 0x5C, 0xEE, 0xB4, 0x49, 0x94, 0xD1, 0xF9, 0x98, 0xD4, 0xE6, 0xED, 0x72, 0xB8, 0xC9,
    0x53, 0x89, 0xB9, 0x99, 0xE0, 0xCD, 0x40, 0xC4, 0x64, 0x5E, 0x6B, 0x4F, 0x73, 0xFA, 0x33, 0x4E,
    0xD4, 0xDA, 0x8C, 0xCD, 0x4A, 0xBC, 0x12, 0xD3, 0xE3, 0x8E, 0x6F, 0xE7, 0xE1, 0x33, 0xA4, 0x58,
    0xC7, 0x64, 0xCA, 0x3F, 0x2A, 0x4D, 0xD0, 0x94, 0xEA, 0x8F, 0xE1, 0x7D, 0x2C, 0x71, 0x6F, 0x72,
    0xEA, 0x8B, 0xDE, 0x3A, 0xF7, 0x75, 0x84, 0x6A, 0xDB, 0x83, 0x1F, 0xF9, 0x32, 0xF9, 0x82, 0x0B,
    0xF4, 0x0B, 0x45, 0x67, 0xD3, 0x32, 0x0A, 0xA5, 0x1E, 0x34, 0x28, 0xFB, 0x2B, 0x0F, 0x60, 0x82,
    0x9E, 0x3B, 0x80, 0x69, 0x7B, 0xF6, 0x00, 0xA6, 0x65, 0xB6, 0x3C, 0x33, 0x51, 0x2A, 0xED, 0xED,
    0x9F, 0xF6, 0x37, 0x54, 0xA2, 0x3F, 0x28, 0x61, 0x15, 0x75, 0xEC, 0x89, 0x8B, 0x10, 0x27, 0x61,
    0xA8, 0x81, 0x82, 0xD4, 0x0B, 0x11, 0x34, 0x55, 0xAC, 0xD7, 0xEB, 0x9C, 0xF4, 0x92, 0x49, 0x9E,
    0xD9, 0x6B, 0xFC, 0x81, 0xC7, 0xF1, 0xC7, 0x28, 0xC7, 0xB6, 0xDD, 0xDB, 0x29, 0xAD, 0xA7, 0x95,
    0x0A, 0xB9, 0xCA, 0x17, 0x16, 0x42, 0x48, 0x8E, 0xE0, 0x87, 0xC7, 0x55, 0x1E, 0xCC, 0x0A, 0x10,
    0x2E, 0x57, 0x1E, 0x78, 0xAC, 0xF0, 0x56, 0x90, 0xB0, 0x20, 0xC7, 0x52, 0x76, 0x21, 0x45, 0x57,
    0x9C, 0x98, 0xB3, 0x16, 0x25, 0x9E, 0x78, 0x90, 0xDF, 0x53, 0xCE, 0xF5, 0xEF, 0x2C, 0xC7, 0xB6,
    0x6C, 0x2F, 0xDE, 0x0D, 0x04, 0x41, 0xC6, 0x8C, 0x79, 0x3E, 0x56, 0x70, 0x40, 0x0F, 0xE3, 0x11,
    0xB9, 0x68, 0x8F, 0x8F, 0x5E, 0x83, 0xA5, 0x3B, 0x2C, 0xF1, 0xED, 0x06, 0x94, 0x6F, 0x2C, 0x7E,
    0x75, 0x2A, 0xD7, 0x4B, 0x82, 0x1E, 0xBF, 0x92, 0x26, 0x24, 0x27, 0xA5, 0x2D, 0xBE, 0xC9, 0x4E,
    0xDE, 0xE3, 0x45, 0xE5, 0xA8, 0x02, 0x45, 0x78, 0xD8, 0x9E, 0xB1, 0xBA, 0x1A, 0x55, 0x77, 0xA8,
    0x72, 0x94, 0x84, 0xD5, 0xA0, 0x24, 0xDF, 0xF4, 0x9C, 0x78, 0xD3, 0x29, 0x71, 0xC7, 0xC0, 0x5F,
    0xA9, 0x78, 0x82, 0xDF, 0x86, 0x97, 0x0D, 0x6A, 0xF7, 0x21, 0x3B, 0xDF, 0x67, 0xEE, 0x7E, 0xBD,
    0xBF, 0xE9, 0xD7, 0xD0, 0x21, 0xF4, 0xB7, 0x68, 0xB9, 0xE9, 0xBC, 0x90, 0xD6, 0xFF, 0xEE, 0xF6,
    0x7E, 0x83, 0x37, 0xAF, 0x81, 0xE0, 0x1D, 0x04, 0x5F, 0x9B, 0xD4, 0x3F, 0x53, 0x59, 0x4C, 0x94,
    0x41, 0x49, 0x5D, 0xD8, 0xF2, 0xF3, 0x98, 0x1E, 0x9D, 0xF8, 0x0F, 0xFD, 0x23, 0x1B, 0x19, 0xB0,
    0x46, 0x03, 0x0A, 0x5F, 0xBA, 0x29, 0x50, 0xEF, 0x5D, 0x92, 0x97, 0xF9, 0xE2, 0x76, 0x0D, 0x47,
    0xB7, 0xA3, 0x1A, 0xB0, 0xDE, 0x77, 0xC4, 0x68, 0xB2, 0x9A, 0xEF, 0x77, 0x75, 0x00, 0x5E, 0x8B,
    0xBF, 0xBB, 0x29, 0x90, 0xD5, 0x3E, 0x2E, 0x8F, 0x16, 0x52, 0x11, 0xC0, 0x2F, 0x3A, 0x86, 0x33,
    0x29, 0xC2, 0x9E, 0x58, 0x58, 0x76, 0xDA, 0xF5, 0x14, 0xCD, 0xED, 0x2F, 0xD4, 0xCD, 0xAF, 0xA6,
    0xBA, 0xC0, 0xE3, 0xBA, 0x58, 0x86, 0x0C, 0xF6, 0xAE, 0x2F, 0x43, 0x9E, 0x7D, 0x31, 0x9C, 0x63,
    0xD0, 0x41, 0xE8, 0x28, 0x74, 0x18, 0x3A, 0x0E, 0x1D, 0x88, 0x8E, 0x44, 0x87, 0xA2, 0x63, 0xD1,
    0xC1, 0xE8, 0x68, 0x74, 0x38, 0x3A, 0x6E, 0xEE, 0x70, 0xE3, 0xE1, 0x5E, 0x1F, 0x64, 0x9B, 0x61,
    0xF9, 0xF4, 0x86, 0x34, 0xD2, 0xAC, 0x7D, 0x13, 0x2A, 0xA7, 0xC5, 0x2F, 0x9A, 0x5E, 0x49, 0xFD,
    0x52, 0xBC, 0x4C, 0xD3, 0x93, 0x6B, 0xC5, 0x95, 0xE2, 0x3A, 0x71, 0x95, 0xA4, 0x10, 0x14, 0xC2,
    0xDB, 0x12, 0x75, 0xA0, 0x8D, 0xF3, 0xCA, 0x08, 0xB3, 0x68, 0x50, 0x86, 0x45, 0xA6, 0xCB, 0x3E,
    0xB2, 0x2B, 0xF4, 0x48, 0xB1, 0xD0, 0xCD, 0xBA, 0x95, 0xC7, 0x98, 0x49, 0xB6, 0x5C, 0x71, 0x69,
    0x01, 0xFF, 0xDB, 0x9F, 0x19, 0xDA, 0xA5, 0xF5, 0xD2, 0x29, 0xEB, 0x16, 0x83, 0x81, 0x4A, 0xBB,
    0x14, 0x7E, 0xA9, 0x76, 0x57, 0xF1, 0x30, 0x90, 0x52, 0xA3, 0xB6, 0x20, 0x6D, 0xEC, 0xB6, 0xDA,
    0xDD, 0x09, 0x8A, 0x2F, 0xD5, 0xA4, 0x98, 0x8F, 0x6F, 0x83, 0xA1, 0xDE, 0xBE, 0x55, 0xCD, 0x86,
    0x84, 0x6E, 0xF1, 0x50, 0xD4, 0x6A, 0xDA, 0x95, 0xFF, 0x91, 0xB8, 0x35, 0x46, 0x8B, 0x19, 0xA8,
    0xF7, 0x6F, 0x37, 0xAA, 0xFC, 0xB2, 0xD3, 0xEE, 0x56, 0xFE, 0x5E, 0x9F, 0xAF, 0xDD, 0x9D, 0x6C,
    0x65, 0x25, 0x27, 0xED, 0x26, 0xC3, 0x56, 0x38, 0x7E, 0xA9, 0x4D, 0x3B, 0xED, 0x1E, 0xB5, 0x9B,
    0x3D, 0xEA, 0xEE, 0xE8, 0x16, 0xCD, 0x56, 0x2C, 0x8F, 0x91, 0xB5, 0xBA, 0xE5, 0x77, 0x2F, 0xC1,
    0xBA, 0xD5, 0x46, 0xD2, 0x5E, 0xBB, 0x7F, 0xD0, 0x9D, 0x33, 0x59, 0xA7, 0xDD, 0xEF, 0x34, 0xD1,
    0x5F, 0xB4, 0x74, 0x3D, 0x28, 0x9C, 0xC9, 0xA0, 0xDD, 0xDA, 0xBA, 0x9D, 0x76, 0x8F, 0xD1, 0x24,
    0x63, 0xB7, 0xD1, 0x6E, 0x0E, 0xE6, 0xB5, 0xEB, 0xC1, 0xF7, 0x8D, 0xF4, 0x74, 0x75, 0x68, 0x77,
    0x0B, 0x98, 0x77, 0x03, 0x52, 0xA5, 0x01, 0x3C, 0xDC, 0x7C, 0x45, 0xEF, 0x07, 0x6C, 0xF3, 0xAD,
    0x93, 0xCC, 0xCC, 0x1E, 0x58, 0xED, 0xD9, 0xF9, 0x74, 0xF9, 0xCA, 0x74, 0xBA, 0xD1, 0x21, 0xA4,
    0xBD, 0x84, 0x31, 0x90, 0x51, 0xD5, 0x55, 0xF6, 0xDA, 0x53, 0x7E, 0xA5, 0xD3, 0x5E, 0xA1, 0xBB,
    0xA3, 0x1B, 0xED, 0x95, 0xAA, 0xA5, 0x93, 0xF6, 0xE4, 0xAB, 0x93, 0x8D, 0xB9, 0x6E, 0x2D, 0xC5,
    0x49, 0xED, 0x95, 0x75, 0x1B, 0xC9, 0x4E, 0xAA, 0xCC, 0xAC, 0xDB, 0x0E, 0xD9, 0x49, 0xAD, 0x95,
    0x76, 0x49, 0x9F, 0x9D, 0xB2, 0x9E, 0x1D, 0x2D, 0xD9, 0xA9, 0xEC, 0xB4, 0x97, 0xB6, 0xD9, 0x49,
    0x5A, 0xED, 0x65, 0xA7, 0xEC, 0x6B, 0x39, 0x69, 0xAF, 0xA8, 0xB3, 0xDF, 0xA9, 0x48, 0xFB, 0x4E,
    0xAA, 0xEC, 0xF7, 0x16, 0x29, 0xEB, 0xE5, 0x98, 0x3D, 0xB4, 0x00, 0xED, 0x20, 0xB9, 0xEA, 0xDC,
    0x14, 0x60, 0x2A, 0xD7, 0xDE, 0x60, 0x1A, 0xD7, 0x5E, 0x17, 0xC7, 0x40, 0x22, 0xAD, 0x32, 0xCD,
    0xF0, 0xA0, 0x87, 0x60, 0xFE, 0x5D, 0xC1, 0xA6, 0xEC, 0xC9, 0x95, 0xF8, 0x64, 0xC6, 0xEE, 0xE1,
    0xF8, 0x75, 0x42, 0xBF, 0xA5, 0xBE, 0xE2, 0x67, 0x72, 0xB4, 0xE8, 0xA1, 0x54, 0x36, 0x5A, 0xB2,
    0xD3, 0x99, 0xF1, 0xF1, 0xA9, 0x8E, 0x8D, 0x4F, 0x98, 0x69, 0x8F, 0xC5, 0x30, 0x56, 0x53, 0x97,
    0x06, 0xD8, 0x15, 0x13, 0x4F, 0x3C, 0x64, 0x5C, 0x15, 0xCE, 0x57, 0xF7, 0x73, 0xF0, 0x4E, 0x1E,
    0xB6, 0xFC, 0xCD, 0x46, 0x2A, 0xE9, 0x94, 0xFC, 0x9A, 0xE2, 0x8F, 0x87, 0x52, 0x1B, 0x04, 0x78,
    0x05, 0x83, 0x1F, 0xAF, 0x7C, 0x85, 0xDB, 0xC2, 0x0F, 0x76, 0xAA, 0x21, 0xC7, 0xA7, 0x3B, 0x26,
    0xB3, 0xBD, 0xEE, 0x98, 0xCC, 0xC9, 0xE5, 0xC0, 0xF5, 0xB4, 0x50, 0x48, 0x3D, 0x2F, 0xA4, 0xDB,
    0xC8, 0x10, 0x85, 0x22, 0x22, 0x0E, 0x50, 0xC9, 0x5A, 0x22, 0xFD, 0xCB, 0x97, 0xEA, 0x81, 0x2A,
    0x64, 0xBE, 0xAF, 0x53, 0xA9, 0x2A, 0x52, 0x6F, 0xC3, 0xC1, 0x6C, 0x14, 0x14, 0x1B, 0x45, 0x45,
    0xB5, 0xB2, 0xCB, 0x0E, 0x9E, 0x93, 0x0D, 0x80, 0xAD, 0xD4, 0x46, 0x59, 0xB0, 0x28, 0x3D, 0x28,
    0x55, 0x04, 0x1A, 0xCD, 0xD0, 0x5B, 0x53, 0x76, 0x50, 0xC4, 0x2C, 0xBE, 0x41, 0xC0, 0x82, 0x68,
    0x7B, 0xC8, 0x60, 0x9F, 0xB0, 0x3B, 0x34, 0x8A, 0xD7, 0x47, 0xDA, 0x8E, 0xAF, 0x2C, 0x68, 0xBD,
    0x78, 0x30, 0xD7, 0xEC, 0x5C, 0x30, 0x05, 0x00, 0xC3, 0xB3, 0xB1, 0x85, 0x03, 0xA5, 0x03, 0x44,
    0x83, 0xA1, 0x01, 0xDA, 0x45, 0x5A, 0x43, 0x47, 0xC7, 0xF2, 0x4F, 0x2C, 0xC0, 0xB8, 0x96, 0xC0,
    0xF1, 0x8D, 0x1F, 0x41, 0x7E, 0x06, 0xF9, 0x31, 0xD1, 0x64, 0x0E, 0xB8, 0xFC, 0x9B, 0x47, 0xFF,
    0xDD, 0x81, 0xD4, 0x2F, 0xE1, 0x8E, 0x6B, 0xD7, 0xBF, 0xAF, 0x34, 0xDC, 0xAF, 0x1D, 0x6E, 0x7D,
    0x61, 0x81, 0xBF, 0x18, 0xCF, 0x29, 0x90, 0x9A, 0xE8, 0x95, 0xEF, 0x7A, 0x98, 0x7D, 0x0D, 0xC4,
    0x2D, 0xDA, 0x83, 0xEB, 0x19, 0x5C, 0x10, 0x7E, 0xF2, 0xCD, 0x10, 0x43, 0x64, 0xAB, 0x85, 0xAD,
    0xD9, 0xC7, 0x4A, 0x3E, 0xB6, 0x1A, 0xB7, 0x77, 0x75, 0xB3, 0x8F, 0x55, 0xD7, 0x7C, 0x2C, 0x8D,
    0x1F, 0x2B, 0xA2, 0xD0, 0xB3, 0xAF, 0xF4, 0xDE, 0x59, 0xAD, 0x77, 0x5C, 0xE6, 0xD9, 0xDB, 0x1C,
    0xF6, 0x33, 0xA5, 0xDD, 0x48, 0x59, 0xF3, 0xB4, 0x73, 0xE5, 0x4E, 0x8B, 0x4D, 0x51, 0xAB, 0x1F,
    0x25, 0xEA, 0x99, 0x99, 0x85, 0x2B, 0xB1, 0x3B, 0xEE, 0xED, 0x7E, 0xDA, 0x36, 0x84, 0xD5, 0xC9,
    0x08, 0x4F, 0x8E, 0x65, 0xCA, 0xE7, 0x0F, 0x99, 0xFE, 0xD2, 0x6B, 0xB2, 0xF8, 0x25, 0x45, 0x8B,
    0xD3, 0x5F, 0xAE, 0xE2, 0x2F, 0xF1, 0x0F, 0xBF, 0x79, 0xF7, 0x3E, 0xB9, 0x8F, 0xC9, 0xA1, 0x1C,
    0x2D, 0x1B, 0x08, 0xAC, 0x45, 0x55, 0x3B, 0xAA, 0x12, 0x10, 0x61, 0x72, 0xFA, 0xA4, 0x38, 0xF5,
    0x9F, 0xFB, 0xCA, 0xB6, 0xBE, 0x02, 0x2F, 0x77, 0x78, 0x79, 0xA7, 0x9E, 0xE4, 0xED, 0x7A, 0xDA,
    0x59, 0xB1, 0x68, 0x48, 0xAB, 0x17, 0x08, 0x29, 0x5C, 0x9C, 0x2C, 0x2C, 0x35, 0xC7, 0x21, 0x82,
    0xFD, 0x26, 0x8D, 0x09, 0x47, 0x2F, 0xA9, 0xF0, 0xA2, 0x44, 0xDF, 0xAA, 0x39, 0x5C, 0x8B, 0x98,
    0xBB, 0x19, 0x66, 0xAD, 0xB5, 0xD8, 0xD5, 0xF8, 0x1D, 0xF6, 0xC5, 0x89, 0xC3, 0xAD, 0x7A, 0x0F,
    0xBE, 0x92, 0x98, 0x25, 0xE4, 0x85, 0x3A, 0xCE, 0x43, 0x08, 0x0C, 0x41, 0x1A, 0x4F, 0xE3, 0x39,
    0x8C, 0x1C, 0x0D, 0x00, 0x09, 0x24, 0x39, 0x5A, 0xC2, 0x6E, 0xF6, 0x09, 0x9F, 0x08, 0xFC, 0x13,
    0x00, 0x6A, 0xFE, 0x09, 0x30, 0x05, 0xA8, 0x1C, 0x55, 0x63, 0xF2, 0x15, 0x02, 0xB0, 0x22, 0xB2,
    0x66, 0xD0, 0xC2, 0x66, 0xBF, 0xE1, 0x7E, 0x24, 0xAF, 0xFD, 0x04, 0x47, 0x20, 0x1C, 0xC1, 0xFA,
    0xE0, 0x5F, 0x7C, 0x4F, 0xC4, 0xC5, 0x97, 0xA8, 0x13, 0x81, 0x3C, 0xFE, 0x25, 0x7A, 0xF9, 0xB4,
    0x26, 0x4F, 0xF2, 0x43, 0x80, 0xC0, 0x13, 0xBC, 0xC8, 0xAF, 0xE3, 0x61, 0xF6, 0xF0, 0xBD, 0x91,
    0x0F, 0x18, 0x47, 0xE3, 0x6E, 0xDF, 0x01, 0xD2, 0x42, 0xEA, 0xC9, 0x6E, 0xDF, 0xFF, 0x03, 0x94,
    0x98, 0x31, 0xEC, 0xE4, 0x56, 0x11, 0xC6, 0xBD, 0xBB, 0x3A, 0xAD, 0x14, 0x4B, 0x6C, 0x45, 0x45,
    0xB1, 0x7D, 0x9A, 0xED, 0x69, 0xD6, 0xA1, 0xA5, 0x20, 0x05, 0x47, 0x5F, 0xA7, 0x49, 0x5F, 0x79,
    0x11, 0x25, 0x05, 0xE9, 0x2B, 0x1A, 0x24, 0x72, 0x14, 0xE9, 0x1B, 0x6C, 0x41, 0x41, 0x99, 0x3F,
    0x7D, 0xB3, 0x14, 0x14, 0x24, 0x05, 0x16, 0x2C, 0x8A, 0x03, 0xB6, 0x3F, 0xE6, 0xFD, 0xDE, 0xA7,
    0xD1, 0xEA, 0xC8, 0x9D, 0xC4, 0x48, 0xDE, 0xF7, 0xCD, 0xFD, 0xED, 0x79, 0xF3, 0xCD, 0x7C, 0xEF,
    0xF9, 0xF9, 0x9A, 0x6A, 0x7B, 0x4D, 0x46, 0x07, 0xD0, 0xA7, 0xFA, 0xB6, 0x39, 0xEA, 0xDE, 0xC4,
    0x8F, 0x34, 0xB6, 0x1A, 0x9B, 0xE6, 0x1A, 0xE8, 0x71, 0xD2, 0xAD, 0xD9, 0x29, 0x6C, 0xBD, 0xAA,
    0xFC, 0x11, 0x5B, 0x9A, 0xE6, 0x2C, 0xFD, 0x2E, 0xD0, 0x54, 0x6E, 0x7B, 0x34, 0xBD, 0xCA, 0x03,
    0x43, 0xDC, 0x7B, 0xD6, 0x1A, 0xD1, 0xB4, 0x35, 0x4D, 0x5B, 0xFE, 0xB8, 0x2F, 0xF7, 0x1E, 0x0B,
    0x3A, 0xE8, 0xE1, 0xB9, 0x5A, 0xDD, 0x8D, 0x4E, 0x7A, 0x49, 0x34, 0x1A, 0x9D, 0x75, 0x33, 0xBA,
    0xA8, 0x33, 0x2A, 0x53, 0x93, 0xDD, 0xDB, 0xA8, 0xD5, 0x8B, 0x11, 0x01, 0xAE, 0x5B, 0xA0, 0x73,
    0xA2, 0x8B, 0x6E, 0xFE, 0xAB, 0x7F, 0xC8, 0x0C, 0xD4, 0x45, 0x66, 0x2B, 0xB7, 0x8C, 0x11, 0x6E,
    0xE6, 0xB1, 0x7B, 0x78, 0x13, 0xA1, 0xB6, 0x9F, 0xA9, 0x04, 0x36, 0xDD, 0x1B, 0xE5, 0x92, 0x78,
    0xB4, 0xB0, 0x94, 0x1E, 0xA0, 0xB3, 0xFF, 0xC8, 0x9F, 0x67, 0x97, 0xF3, 0xD5, 0x6B, 0x03, 0xAC,
    0x5F, 0xEB, 0x38, 0x78, 0x2C, 0xE5, 0xD8, 0xC5, 0x1D, 0x9A, 0x4B, 0xA0, 0x7B, 0xE9, 0x42, 0x2B,
    0x6D, 0xC1, 0x88, 0x72, 0x7F, 0x11, 0xF1, 0x84, 0x35, 0x07, 0x86, 0x39, 0x72, 0x58, 0x8F, 0x65,
    0x9A, 0x53, 0xB9, 0x7B, 0xAE, 0xF4, 0x62, 0x84, 0x83, 0x16, 0x58, 0x31, 0xF6, 0x1B, 0x23, 0x33,
    0x69, 0xAE, 0xD8, 0xE3, 0x4E, 0x0F, 0xC6, 0x98, 0x8D, 0xF1, 0xE0, 0x31, 0x66, 0x65, 0xA4, 0x0D,
    0xC3, 0x4A, 0x31, 0xA2, 0x95, 0x1F, 0x49, 0x5D, 0xED, 0xFE, 0x66, 0x92, 0x0B, 0xA5, 0x96, 0x26,
    0xA8, 0x9A, 0xF4, 0x05, 0xCA, 0xD0, 0x79, 0xB6, 0x21, 0x6E, 0x4E, 0xAE, 0x1F, 0x7E, 0xDE, 0x34,
    0x1F, 0xBC, 0xF9, 0xB9, 0x66, 0x0A, 0x71, 0xD2, 0x1F, 0x34, 0x71, 0xC3, 0x49, 0xBF, 0x88, 0xB9,
    0xAB, 0x8E, 0x7E, 0xA2, 0x11, 0x74, 0x29, 0xAC, 0x4D, 0x4D, 0x6B, 0x49, 0x1A, 0x34, 0xD5, 0xB4,
    0x7B, 0x6D, 0x5D, 0x73, 0x00, 0x6D, 0x1F, 0x37, 0x20, 0x22, 0x25, 0x09, 0x8B, 0x41, 0x33, 0x68,
    0xE4, 0xF9, 0x2A, 0x8B, 0xBD, 0xD1, 0xCD, 0x52, 0x3F, 0xAB, 0x33, 0xBA, 0x80, 0xEE, 0xD6, 0xC6,
    0x51, 0x2F, 0x46, 0xC8, 0x1F, 0x0D, 0x21, 0x2B, 0x27, 0x3F, 0x9A, 0x1D, 0x0A, 0x75, 0xCA, 0x1D,
    0xC8, 0xDA, 0x72, 0x1F, 0x40, 0x2B, 0x17, 0x72, 0x89, 0x29, 0x16, 0xB4, 0xA0, 0xBF, 0x7E, 0xCA,
    0xB4, 0xD4, 0x56, 0x77, 0x4B, 0xC8, 0xE5, 0x6C, 0x53, 0x60, 0x3B, 0x0B, 0x8C, 0x04, 0x83, 0x75,
    0xB5, 0xD7, 0x06, 0xB6, 0x4F, 0x3E, 0xCF, 0x2A, 0xBF, 0x05, 0x82, 0xF8, 0x4E, 0x73, 0xE4, 0xFB,
    0x47, 0x4D, 0x81, 0x03, 0xFC, 0x52, 0x63, 0xD4, 0x90, 0xB9, 0xBA, 0x42, 0xFC, 0x22, 0xAD, 0xF0,
    0xBE, 0x4A, 0x0F, 0x68, 0x07, 0xE8, 0x60, 0x7D, 0xD5, 0x67, 0xD0, 0x87, 0x32, 0x9C, 0x87, 0xC5,
    0xC5, 0xD3, 0xE2, 0xDA, 0x69, 0x26, 0x33, 0x2A, 0x0C, 0xF3, 0xBD, 0x81, 0xAB, 0x7A, 0xDD, 0x0C,
    0xFA, 0x95, 0xB5, 0x1E, 0x00, 0x8D, 0x51, 0x3E, 0x44, 0x86, 0xDA, 0xFA, 0x0A, 0xB4, 0x17, 0xA0,
    0xA7, 0x12, 0xC4, 0xD1, 0x3F, 0xD5, 0x31, 0x85, 0xFE, 0xA4, 0x86, 0xD9, 0x75, 0x04, 0xEC, 0x35,
    0x1F, 0x6B, 0x8D, 0xBE, 0xDF, 0x35, 0xEF, 0xB5, 0x5D, 0x49, 0xF8, 0x9E, 0x6E, 0xE0, 0x23, 0xC1,
    0x6D, 0xD7, 0xF9, 0x42, 0x1C, 0xDB, 0x65, 0xD5, 0xFC, 0xE4, 0x9E, 0xDC, 0x1C, 0xDB, 0xD1, 0x1D,
    0xB2, 0x1D, 0x68, 0xD3, 0xFF, 0x65, 0xFB, 0x37, 0x6F, 0x68, 0xD7, 0x9B, 0x62, 0x45, 0x86, 0x34,
    0x78, 0xE7, 0xDD, 0x85, 0x5D, 0xC6, 0x5B, 0x0C, 0x6D, 0x08, 0x7B, 0xB1, 0x4B, 0x32, 0xD2, 0xC4,
    0x33, 0xE9, 0x2E, 0xD5, 0x5D, 0x69, 0xCC, 0x0F, 0x62, 0x24, 0xCB, 0x19, 0x69, 0xEE, 0xA4, 0x2A,
    0x2C, 0xEF, 0xA0, 0x03, 0xEE, 0xB5, 0x6E, 0xE8, 0x71, 0x51, 0x5A, 0xAF, 0x70, 0x2B, 0x78, 0x0F,
    0xA3, 0x7E, 0x63, 0xC7, 0x24, 0x12, 0xCD, 0xB3, 0xD2, 0x4F, 0xF4, 0x72, 0xB0, 0x4B, 0xA4, 0x2A,
    0x36, 0xDC, 0xA1, 0xC6, 0xF3, 0x62, 0xD8, 0x11, 0x29, 0xE4, 0x87, 0x6B, 0xE1, 0x23, 0x8F, 0xAB,
    0x88, 0x84, 0x3B, 0x79, 0x6E, 0x24, 0x51, 0xD7, 0xB4, 0xEA, 0xDB, 0xC3, 0xAE, 0x36, 0x22, 0x79,
    0x75, 0xEF, 0xB4, 0x10, 0xC9, 0x4B, 0x3C, 0x20, 0x91, 0xAC, 0xCF, 0x56, 0x8F, 0x1A, 0x09, 0x17,
    0xDE, 0x3D, 0x91, 0x10, 0xED, 0xA0, 0xB1, 0xA1, 0x20, 0x48, 0xB7, 0x95, 0x6E, 0x44, 0x42, 0x5D,
    0x2C, 0xB8, 0x56, 0x5B, 0xF4, 0xC4, 0x4B, 0x72, 0xAE, 0xEB, 0x71, 0xB3, 0xFB, 0x52, 0x6F, 0x5A,
    0x11, 0x67, 0xFE, 0xEB, 0x82, 0x1B, 0x79, 0xA5, 0x3B, 0x48, 0x7F, 0x6B, 0x32, 0xC4, 0xBB, 0x2C,
    0xC2, 0xF5, 0x53, 0x7A, 0xFD, 0xB4, 0xD7, 0x98, 0xC2, 0xB8, 0x2C, 0x27, 0x35, 0x55, 0x17, 0x24,
    0x1E, 0x0B, 0xC6, 0xB2, 0x60, 0x9C, 0x1A, 0xAB, 0x82, 0x7B, 0xC6, 0x14, 0x45, 0x53, 0x9B, 0x6D,
    0x4D, 0xD8, 0x2C, 0x09, 0x9B, 0x15, 0x61, 0xB3, 0x20, 0x50, 0x4F, 0xEA, 0xA1, 0x78, 0x5B, 0xCA,
    0xE1, 0x58, 0x19, 0x5B, 0x0D, 0xAD, 0x09, 0xD7, 0xEE, 0x9F, 0xCC, 0xB7, 0x7A, 0x7E, 0xC5, 0xA7,
    0x14, 0xCE, 0x7A, 0xB1, 0x12, 0xAA, 0xBA, 0x6E, 0x29, 0x04, 0x3A, 0x9A, 0x3A, 0x08, 0xB0, 0xA4,
    0x0C, 0x1C, 0xC4, 0x2A, 0x70, 0x10, 0x8B, 0xC0, 0x6A, 0xB5, 0x06, 0xF8, 0x97, 0x94, 0x40, 0x5C,
    0xF3, 0x93, 0x02, 0x08, 0x92, 0x02, 0x38, 0xC7, 0x98, 0xFD, 0x27, 0x48, 0xB6, 0xDF, 0xBB, 0xB2,
    0xBB, 0x7F, 0xD0, 0xFA, 0xFA, 0x75, 0x76, 0x8E, 0x1A, 0x67, 0xEF, 0xA9, 0x6A, 0xB6, 0xFE, 0xCC,
    0xE0, 0xCE, 0xF3, 0xF8, 0xEA, 0xC6, 0x57, 0x6F, 0xF9, 0xCE, 0x4D, 0xE8, 0xB1, 0x57, 0xB7, 0x43,
    0x9C, 0xF0, 0xD5, 0x4B, 0x4B, 0x2E, 0x38, 0xFD, 0x74, 0xE5, 0x21, 0xD8, 0x5E, 0x57, 0x4D, 0x76,
    0xEE, 0x31, 0x17, 0xF9, 0xD7, 0x37, 0x52, 0xCB, 0x5A, 0xF5, 0x4B, 0xED, 0x40, 0xF6, 0x66, 0x6A,
    0xAB, 0x44, 0x6D, 0xAF, 0xBA, 0x74, 0x4A, 0xCD, 0x82, 0xB4, 0x7B, 0x16, 0xC3, 0x59, 0x0D, 0x0E,
    0x0C, 0xFF, 0x2E, 0x28, 0x45, 0x0D, 0xA9, 0x04, 0xCE, 0x23, 0xF2, 0x82, 0xD8, 0xC5, 0x5B, 0xCE,
    0xDA, 0x32, 0xDF, 0x99, 0x34, 0x26, 0xDA, 0x46, 0x5F, 0x63, 0xF6, 0x1D, 0x8E, 0xBC, 0x67, 0x68,
    0x76, 0x57, 0x39, 0x8D, 0x3C, 0xDC, 0x54, 0x9C, 0x89, 0xE7, 0x91, 0xD0, 0x4E, 0x93, 0x5B, 0x3A,
    0xF8, 0x30, 0x42, 0x47, 0x69, 0xE6, 0x9D, 0xA6, 0xDA, 0x61, 0xBA, 0xEA, 0x1C, 0x69, 0xA9, 0xB7,
    0x9C, 0x93, 0xBB, 0x89, 0x73, 0xCE, 0x66, 0x6A, 0x2D, 0x59, 0x21, 0x88, 0x08, 0xCD, 0xF9, 0xA5,
    0xD5, 0xBF, 0x5E, 0xFF, 0xB4, 0xB6, 0x0B, 0xA2, 0x66, 0x2D, 0xF1, 0x8B, 0x62, 0xF5, 0xF5, 0x66,
    0xA7, 0xD4, 0xF8, 0x57, 0x2B, 0x37, 0xCF, 0x94, 0xED, 0xB4, 0xF8, 0x94, 0xF7, 0xFC, 0xA2, 0x61,
    0x1F, 0xFF, 0x75, 0xA9, 0x6B, 0xFC, 0x96, 0x84, 0xE9, 0x1C, 0x3D, 0x02, 0xA1, 0x4C, 0xD4, 0xEA,
    0xEE, 0x84, 0x9F, 0x68, 0x74, 0x93, 0xAA, 0x42, 0x3B, 0xA3, 0x8B, 0xBC, 0x44, 0x29, 0x55, 0x5D,
    0x2A, 0x20, 0x7E, 0xFB, 0x2D, 0xD1, 0x0A, 0xDA, 0x7C, 0xE4, 0xC1, 0xA7, 0x5A, 0x79, 0xDA, 0xC3,
    0xDF, 0x25, 0x62, 0xA9, 0xE1, 0x53, 0x66, 0xFC, 0x83, 0xD1, 0xF4, 0x8E, 0xE4, 0xC7, 0x77, 0x24,
    0x7F, 0xFA, 0xDF, 0xE4, 0xF1, 0x2F, 0xFA, 0x2A, 0x36, 0x2F, 0x92, 0xB7, 0x68, 0x3A, 0xD7, 0x93,
    0x94, 0x8D, 0x8C, 0x20, 0x33, 0x50, 0xE0, 0xC1, 0x12, 0x36, 0x05, 0x2B, 0xD5, 0xC8, 0x4D, 0x6C,
    0x76, 0x1F, 0xFB, 0xA8, 0xC4, 0x5B, 0xF2, 0x9E, 0x68, 0x4C, 0xD4, 0x19, 0xC9, 0xE1, 0xF6, 0xDC,
    0x86, 0x7D, 0xF2, 0x1B, 0x03, 0xEC, 0xF7, 0x5D, 0xC6, 0x1E, 0xE9, 0x20, 0xE4, 0x5C, 0x84, 0x53,
    0x20, 0x8A, 0x00, 0x6A, 0x41, 0xAD, 0x6E, 0xA6, 0xBE, 0x5B, 0x21, 0xFD, 0xF6, 0x32, 0x73, 0x11,
    0x6A, 0xC7, 0xDC, 0x19, 0xA8, 0xD2, 0x19, 0x10, 0x9D, 0x71, 0x07, 0xBD, 0x81, 0x82, 0xDC, 0xC1,
    0x3C, 0xA1, 0xFB, 0x6C, 0x3E, 0xBB, 0x33, 0x74, 0x90, 0x7E, 0xD0, 0x41, 0xA3, 0xC9, 0x9D, 0x39,
    0x18, 0x39, 0x79, 0x7A, 0xE6, 0xE4, 0x35, 0xE2, 0x05, 0xCA, 0xE4, 0xCF, 0x46, 0xC8, 0xCA, 0xC9,
    0x5F, 0x45, 0xF2, 0x46, 0x74, 0x90, 0xE4, 0xE9, 0x20, 0x49, 0xD2, 0x41, 0x92, 0xEC, 0x41, 0x7A,
    0x42, 0xEE, 0xA0, 0x65, 0xE6, 0xE4, 0xBF, 0xFB, 0x73, 0xB2, 0x71, 0xCA, 0x18, 0xB5, 0xC5, 0x7E,
    0x38, 0x90, 0x10, 0xF3, 0xEB, 0x96, 0xA8, 0x31, 0xD2, 0x92, 0x68, 0x32, 0xBA, 0x6C, 0x94, 0x9A,
    0x1D, 0x63, 0xF6, 0x2E, 0x20, 0xA4, 0x0D, 0xAD, 0x52, 0xA6, 0x2B, 0xE3, 0x04, 0x25, 0x8E, 0xB7,
    0x5B, 0xDD, 0x46, 0xDB, 0x87, 0xCF, 0xF4, 0xEE, 0x78, 0xEE, 0x9B, 0x1E, 0x35, 0x53, 0x2E, 0x48,
    0x44, 0x51, 0xA0, 0x70, 0x91, 0xBF, 0x38, 0x9F, 0xC7, 0x3B, 0x9D, 0x24, 0x14, 0x47, 0xDA, 0x91,
    0x74, 0x08, 0xA5, 0xA5, 0x56, 0x56, 0x33, 0xF5, 0x7E, 0x4E, 0xEB, 0xE2, 0x74, 0xAE, 0xF2, 0xE8,
    0xB4, 0x22, 0x04, 0xB1, 0x42, 0x20, 0xC4, 0x62, 0x77, 0x7E, 0x1E, 0x7D, 0x8E, 0x7B, 0x7F, 0x5A,
    0xAE, 0xEE, 0x33, 0x43, 0x33, 0x63, 0x24, 0x84, 0x4B, 0x49, 0x01, 0xBF, 0x72, 0x95, 0xA5, 0xCD,
    0xE3, 0xE2, 0x71, 0xF2, 0x38, 0x32, 0x0E, 0xDF, 0x7A, 0xA7, 0xFB, 0x6D, 0xDD, 0xE8, 0x3E, 0xE0,
    0xBC, 0x1A, 0xA9, 0xEE, 0xBD, 0x35, 0x1C, 0x55, 0x79, 0xC0, 0xBB, 0x15, 0xE4, 0x5E, 0x10, 0xD5,
    0x49, 0x1C, 0xF9, 0x46, 0xEB, 0x8D, 0x93, 0xED, 0x68, 0xC9, 0xA1, 0xCF, 0x9B, 0x1D, 0xB6, 0x96,
    0xCE, 0x47, 0x0C, 0x22, 0xB1, 0x5C, 0xEA, 0x4B, 0xF0, 0x5C, 0x9C, 0x25, 0x9C, 0xC5, 0x35, 0x44,
    0x81, 0xB3, 0x66, 0xFA, 0x8A, 0x08, 0xE7, 0x7E, 0x89, 0x7B, 0xEB, 0x62, 0x19, 0x1E, 0x81, 0xAE,
    0xDE, 0xF1, 0x34, 0x45, 0x91, 0x7B, 0x7F, 0xE0, 0x6A, 0x8A, 0x50, 0x43, 0x75, 0x76, 0x9A, 0x62,
    0x46, 0xCD, 0x24, 0x1E, 0x4C, 0x22, 0x77, 0x3D, 0xBC, 0xA6, 0x5E, 0xA2, 0x72, 0xDE, 0xBD, 0xC3,
    0x39, 0xE8, 0xCF, 0x9A, 0x20, 0x1A, 0x4C, 0x0E, 0xFA, 0x4B, 0xB2, 0x1E, 0xF7, 0xFA, 0x07, 0x44,
    0x6F, 0x30, 0xD1, 0x37, 0xE1, 0x40, 0x34, 0x2E, 0xFD, 0xC7, 0x9B, 0x39, 0x4C, 0x94, 0xAC, 0x59,
    0x3A, 0x66, 0x2D, 0x94, 0x6E, 0xD6, 0x30, 0x4F, 0xD6, 0xD4, 0xC4, 0xDF, 0x91, 0x88, 0xC0, 0x4E,
    0xCF, 0xAB, 0x29, 0xEE, 0x85, 0x68, 0x5C, 0x47, 0x99, 0x75, 0xB9, 0x0E, 0x32, 0x6B, 0x1B, 0x44,
    0xD3, 0xDA, 0x74, 0xFC, 0x02, 0xB7, 0xBD, 0xFA, 0x28, 0x97, 0x20, 0xEF, 0x3D, 0xAB, 0xC4, 0x0E,
    0xC0, 0xCE, 0xF2, 0xEC, 0x4C, 0xCF, 0x4E, 0x3E, 0x12, 0x0A, 0xF9, 0xCC, 0xC8, 0xB6, 0x9F, 0x13,
    0xC2, 0x39, 0x85, 0x84, 0x0E, 0x53, 0x48, 0xE1, 0xA4, 0x90, 0x28, 0x4F, 0x0A, 0x29, 0x1A, 0x98,
    0x42, 0x62, 0x05, 0xA7, 0x90, 0x8A, 0xA5, 0x90, 0x70, 0x2C, 0x24, 0x1C, 0x0B, 0x89, 0xF2, 0xA4,
    0x90, 0x58, 0x43, 0x16, 0x12, 0x5B, 0x44, 0x0A, 0x89, 0x5A, 0x59, 0x48, 0x24, 0x91, 0x42, 0x62,
    0x3D, 0x59, 0x48, 0x88, 0xC2, 0x42, 0x62, 0xC1, 0xA7, 0x90, 0x70, 0x52, 0x48, 0xF1, 0x9B, 0x42,
    0x62, 0x29, 0xA4, 0x90, 0x62, 0x5E, 0x0B, 0xC9, 0x44, 0x53, 0x48, 0xB0, 0xB6, 0x90, 0x10, 0x45,
    0x0A, 0xA9, 0x5F, 0x9F, 0x84, 0x34, 0x2C, 0x4F, 0x42, 0x12, 0x8E, 0x85, 0xA4, 0x39, 0x85, 0x64,
    0xD6, 0x16, 0x12, 0xA2, 0xB0, 0x90, 0x20, 0x9A, 0x42, 0xC2, 0xB1, 0x90, 0x60, 0x6D, 0x21, 0x99,
    0xB5, 0xCD, 0x5B, 0x89, 0xED, 0xF4, 0x2E, 0x87, 0x83, 0x5F, 0x5A, 0xAF, 0x2E, 0x45, 0xF1, 0xB5,
    0x64, 0x98, 0x2F, 0xE8, 0x74, 0x96, 0x67, 0x67, 0x7A, 0x76, 0x32, 0x72, 0x6E, 0x42, 0x39, 0xD1,
    0x2D, 0x21, 0x8F, 0x58, 0xED, 0x8F, 0xEF, 0x84, 0x93, 0x11, 0x3A, 0xCB, 0x80, 0x5D, 0xF3, 0x2E,
    0xCB, 0x13, 0xDE, 0x69, 0xD9, 0xFB, 0x8D, 0x10, 0xF0, 0xAC, 0xAD, 0xA1, 0x93, 0xE7, 0xA5, 0x97,
    0x3A, 0xFA, 0x78, 0x59, 0xE4, 0xA5, 0x1D, 0xD7, 0x13, 0x7C, 0x9C, 0xE9, 0x60, 0x81, 0x63, 0x5B,
    0xE0, 0x4A, 0x39, 0xD8, 0xE3, 0x79, 0x67, 0x22, 0x5F, 0x05, 0x14, 0x6F, 0x0F, 0xBF, 0xFC, 0x39,
    0x45, 0x07, 0x2C, 0x57, 0x4C, 0x5A, 0xBA, 0x56, 0x2E, 0x6F, 0xF9, 0x71, 0x15, 0x58, 0xF8, 0x1C,
    0xD0, 0x11, 0xFD, 0xF2, 0x72, 0x89, 0xD0, 0x5C, 0xD7, 0x8D, 0x78, 0x2D, 0xA2, 0xA1, 0x39, 0x71,
    0x59, 0xAA, 0x10, 0x01, 0xDE, 0xB8, 0xB4, 0x54, 0x3E, 0x55, 0x39, 0xF0, 0x61, 0x81, 0x98, 0x04,
    0x13, 0x02, 0x91, 0x09, 0x7C, 0x6C, 0x43, 0x36, 0x10, 0x3E, 0x36, 0x25, 0x44, 0x7C, 0x6F, 0x77,
    0xE2, 0x7B, 0x5F, 0xB8, 0x13, 0xC8, 0xF0, 0x9E, 0x90, 0x36, 0x1B, 0x32, 0x02, 0x33, 0x56, 0x2B,
    0x6F, 0x28, 0x69, 0xC7, 0x48, 0x0D, 0xA1, 0xC5, 0xEF, 0xD9, 0xEF, 0xAE, 0xFB, 0x30, 0x03, 0xFA,
    0x6F, 0x1C, 0x39, 0x4F, 0x13, 0xF4, 0x8D, 0x98, 0x24, 0xF5, 0x7E, 0xFB, 0x90, 0xC3, 0xE0, 0xF3,
    0x71, 0x43, 0x06, 0xA9, 0xCD, 0x03, 0x80, 0x34, 0x4C, 0xED, 0xA4, 0xE1, 0xE1, 0xA9, 0xFA, 0x0A,
    0xAE, 0xEB, 0xD5, 0xE9, 0x2C, 0x06, 0x7A, 0x5C, 0x97, 0x1A, 0x66, 0x02, 0x94, 0xFD, 0x00, 0x50,
    0x5A, 0x55, 0x00, 0xAB, 0xBD, 0x82, 0x8B, 0x58, 0xB8, 0x2C, 0xDF, 0x0B, 0x60, 0x58, 0x0C, 0xCA,
    0xBE, 0xB5, 0xC1, 0xFC, 0xDF, 0x6F, 0x86, 0x8D, 0x30, 0xC5, 0x08, 0x63, 0x70, 0x06, 0x40, 0xC1,
    0xA0, 0x97, 0x81, 0x56, 0x14, 0x4C, 0x7B, 0xCA, 0x74, 0xB4, 0x15, 0xC0, 0xD1, 0xC1, 0x07, 0x45,
    0x80, 0xFF, 0xA3, 0xC7, 0x8A, 0xAE, 0x7A, 0xDA, 0x0C, 0xB2, 0xB5, 0xEA, 0x76, 0xE1, 0xC6, 0x75,
    0x52, 0x49, 0x72, 0xEA, 0xF9, 0x1A, 0xFC, 0x56, 0x13, 0x24, 0xB8, 0xD3, 0x3D, 0x3D, 0xD2, 0xCF,
    0xB7, 0xEC, 0x55, 0x57, 0x2B, 0xB2, 0x1E, 0x78, 0x69, 0xEA, 0xC7, 0x22, 0xE9, 0x2F, 0xE5, 0x2F,
    0xD0, 0x60, 0xC9, 0xE0, 0xAF, 0xCE, 0x13, 0xDF, 0x9B, 0x31, 0xBC, 0xEC, 0xB4, 0xF8, 0x1B, 0x93,
    0xD7, 0x06, 0x8A, 0x45, 0xB8, 0xFD, 0xC6, 0x17, 0xE5, 0xB0, 0xA2, 0x5D, 0x7F, 0x45, 0x32, 0xBC,
    0xC4, 0x40, 0xF2, 0x44, 0x60, 0xB8, 0x94, 0x61, 0xE3, 0x3F, 0x99, 0x06, 0xFD, 0x88, 0x17, 0xF1,
    0xD3, 0xD7, 0x3E, 0x0C, 0xBE, 0xDC, 0x60, 0x70, 0xE2, 0x1D, 0x35, 0x97, 0xE1, 0xBF, 0xED, 0x9D,
    0x01, 0xA4, 0x2C, 0x69, 0x76, 0xC7, 0xBF, 0xAE, 0x5E, 0xD3, 0x4C, 0xA1, 0x17, 0x19, 0xCC, 0x06,
    0x05, 0x40, 0x2C, 0x05, 0x0B, 0x41, 0xB6, 0x2A, 0x24, 0x19, 0x80, 0xC1, 0xDE, 0x81, 0xC1, 0x02,
    0xC8, 0xC0, 0x00, 0x40, 0x6C, 0x75, 0x76, 0x11, 0x40, 0x16, 0x36, 0xB0, 0x10, 0x08, 0x93, 0x37,
    0x78, 0x00, 0x09, 0xD9, 0x54, 0x27, 0x0B, 0x80, 0x34, 0xB1, 0x20, 0x48, 0xD9, 0xBC, 0x87, 0x9D,
    0x45, 0x1A, 0x95, 0xA4, 0xEE, 0x6C, 0x55, 0x9D, 0xE4, 0x3B, 0xE7, 0xE7, 0x73, 0xAA, 0x5F, 0xF5,
    0xBB, 0xEF, 0x86, 0x64, 0xF7, 0xDD, 0xE9, 0xF2, 0xA6, 0x4F, 0xDD, 0x79, 0xEE, 0xBD, 0xF5, 0x9D,
    0xEF, 0xD4, 0xF9, 0xCE, 0x77, 0xFE, 0xFF, 0xFF, 0xF7, 0x2E, 0xDA, 0x8C, 0x71, 0xFC, 0x6D, 0x17,
    0xC7, 0xAE, 0xCD, 0x44, 0x9A, 0x88, 0xC5, 0xD4, 0x0E, 0x44, 0x39, 0xCD, 0x42, 0x9B, 0xA9, 0xAB,
    0xAD, 0xC9, 0x67, 0xCF, 0x62, 0xDC, 0xC5, 0xE1, 0x9E, 0x6D, 0x4A, 0x3B, 0x33, 0x27, 0x9A, 0xEB,
    0xEA, 0xCF, 0x9E, 0x74, 0x6B, 0xE6, 0xE0, 0x76, 0x1D, 0xA5, 0x99, 0x4A, 0x82, 0x37, 0x33, 0x70,
    0x83, 0x7F, 0x4D, 0xC5, 0x19, 0x0D, 0x03, 0x35, 0xBD, 0xAB, 0xD7, 0xB7, 0x18, 0xE9, 0x5C, 0xC1,
    0x9E, 0xA7, 0x6E, 0xDA, 0xAB, 0xCF, 0xD0, 0xB0, 0xC7, 0xB5, 0x1E, 0x70, 0x0A, 0xBD, 0xD9, 0xCC,
    0x94, 0x0C, 0x57, 0x1E, 0xCB, 0xE6, 0x7A, 0x2B, 0x75, 0x19, 0x0B, 0x97, 0x93, 0xF4, 0x41, 0xD7,
    0x3B, 0x56, 0xB0, 0x50, 0x8A, 0x75, 0x99, 0xFB, 0xB0, 0x72, 0xA5, 0xED, 0xE7, 0x81, 0xB1, 0x33,
    0x74, 0xB7, 0x43, 0x66, 0x87, 0xC5, 0xB0, 0xD9, 0x59, 0xA5, 0x4F, 0x86, 0x9C, 0x76, 0x52, 0xEE,
    0xB3, 0x4B, 0x85, 0x73, 0x9E, 0xF6, 0x4F, 0xEB, 0xBF, 0x30, 0x2C, 0x7E, 0xE1, 0x5A, 0x34, 0x84,
    0x96, 0xDE, 0x32, 0xF1, 0x10, 0x0A, 0xBA, 0xC9, 0x44, 0x04, 0x21, 0xF1, 0x70, 0xE3, 0xF8, 0x53,
    0xFB, 0xB6, 0x1D, 0x31, 0x50, 0xB9, 0x2E, 0x31, 0xED, 0x40, 0x11, 0x80, 0x37, 0x2D, 0x2A, 0x7B,
    0xED, 0x6E, 0x19, 0xE8, 0x76, 0xDA, 0x88, 0x46, 0x6F, 0xB7, 0x05, 0x70, 0xDB, 0x01, 0xB7, 0xE5,
    0x80, 0x6D, 0x40, 0x6D, 0xE7, 0x02, 0xA0, 0xAD, 0x04, 0x66, 0xAB, 0xA4, 0xC6, 0xEA, 0xAF, 0x36,
    0x9B, 0x4B, 0x07, 0xA8, 0x76, 0x6A, 0xCC, 0x1E, 0xD5, 0x16, 0xD8, 0x4A, 0x0E, 0x95, 0xD8, 0xA2,
    0xAF, 0x56, 0x44, 0xDB, 0x42, 0x99, 0x4C, 0x00, 0x6A, 0xA3, 0xB6, 0xE1, 0x4A, 0x39, 0x27, 0x30,
    0x0D, 0x28, 0x8D, 0xB7, 0xDC, 0xC1, 0x68, 0x06, 0xA2, 0xE9, 0x38, 0x87, 0x15, 0x00, 0x6D, 0x37,
    0x87, 0xAD, 0x56, 0x57, 0x96, 0xFC, 0xE5, 0xA4, 0xD9, 0xB7, 0xD5, 0x20, 0x22, 0xED, 0x93, 0xF4,
    0xD7, 0x53, 0x3E, 0xE8, 0x54, 0xCB, 0x86, 0x99, 0x48, 0xD5, 0xEF, 0xB3, 0x36, 0xDF, 0x36, 0x9A,
    0xB3, 0xC1, 0x6C, 0x67, 0x43, 0xD9, 0x7A, 0x40, 0x36, 0x30, 0x36, 0x20, 0x36, 0x10, 0x36, 0x5A,
    0x2E, 0xE0, 0x6B, 0xC0, 0x6B, 0xA0, 0x6B, 0x80, 0x6B, 0x60, 0x6B, 0x40, 0x6B, 0x20, 0x6B, 0x00,
    0x6B, 0xE0, 0x6A, 0xF4, 0xA4, 0x40, 0xD5, 0xDC, 0x7B, 0x3F, 0xF0, 0xD0, 0x8B, 0xAB, 0x18, 0x43,
    0x3E, 0xDB, 0xEB, 0xD4, 0x58, 0x83, 0xE0, 0xFB, 0xD2, 0xA9, 0xCF, 0xFE, 0x55, 0x0E, 0x7E, 0x57,
    0xD7, 0xE0, 0x82, 0x4A, 0xBA, 0xD7, 0xAE, 0x7B, 0x41, 0xF7, 0x75, 0x0D, 0x00, 0x17, 0xFD, 0xDC,
    0xD4, 0xBB, 0x55, 0x4B, 0x51, 0x49, 0xAE, 0x4D, 0x30, 0x4F, 0x43, 0x15, 0xD9, 0x4E, 0xAF, 0xC0,
    0x88, 0xE0, 0x6F, 0xD4, 0xC9, 0xBD, 0xDA, 0x0C, 0xBB, 0xD5, 0x72, 0xE6, 0xA0, 0xB6, 0xB4, 0x25,
    0x28, 0x61, 0x6E, 0x20, 0x6E, 0xE9, 0x71, 0x9A, 0x69, 0xFD, 0xB1, 0x3C, 0xDA, 0xD9, 0x4A, 0xC2,
    0xD8, 0x40, 0xD8, 0x14, 0x5F, 0x6B, 0xED, 0x51, 0xCD, 0xA9, 0x45, 0xB4, 0x47, 0x16, 0x4B, 0xF5,
    0x16, 0x21, 0x56, 0x0A, 0xD5, 0xC2, 0xDD, 0x87, 0x6A, 0x96, 0x2B, 0x9C, 0x76, 0x69, 0x63, 0xC8,
    0xD8, 0xDA, 0x4D, 0x67, 0xB6, 0xB8, 0x58, 0xE1, 0xA6, 0x6B, 0xD9, 0xDD, 0x1C, 0x60, 0xE3, 0x3F,
    0xB8, 0x2A, 0xAE, 0x14, 0xAA, 0x37, 0x5F, 0xB9, 0x61, 0x28, 0xDE, 0xDA, 0xD1, 0x57, 0x6A, 0x32,
    0x50, 0xA1, 0xB9, 0xEA, 0xCC, 0xFA, 0x08, 0x6A, 0x00, 0xD7, 0x80, 0xD6, 0x00, 0xD6, 0x80, 0xD5,
    0x1A, 0x03, 0xD5, 0x80, 0xD4, 0x00, 0xD4, 0x80, 0xD3, 0x00, 0xD3, 0x32, 0x19, 0xF2, 0xD9, 0xAF,
    0x70, 0x2D, 0xB5, 0xB9, 0x3A, 0xC9, 0x6C, 0xEF, 0xC1, 0xC8, 0xBB, 0xBB, 0xA5, 0xB7, 0xFE, 0x38,
    0xFC, 0x8E, 0x2D, 0x24, 0x7F, 0x2A, 0x47, 0x42, 0xD2, 0x3A, 0x88, 0x3F, 0xE0, 0xEB, 0xCC, 0x5E,
    0xEB, 0xBF, 0x0D, 0x7F, 0xFF, 0x44, 0x43, 0x70, 0x7E, 0x20, 0x04, 0xBB, 0xC7, 0x86, 0x20, 0x50,
    0x4E, 0x6D, 0xDF, 0x77, 0xB1, 0xC0, 0x5E, 0x5E, 0xC5, 0x29, 0xEF, 0x14, 0x47, 0xAA, 0x06, 0x2B,
    0xC7, 0xA2, 0x11, 0x33, 0x6D, 0x57, 0xC5, 0x98, 0xFD, 0x46, 0xFD, 0x4E, 0xFD, 0x54, 0xC2, 0x93,
    0x0B, 0x98, 0x81, 0xA5, 0xDC, 0x6F, 0x49, 0x4B, 0x5C, 0xD4, 0xF4, 0x66, 0xE5, 0x44, 0xB5, 0x65,
    0x5F, 0x7E, 0x66, 0xE1, 0xBA, 0x95, 0x20, 0x07, 0x0D, 0xD3, 0x8C, 0x36, 0xF7, 0xD6, 0xC2, 0x76,
    0xCE, 0xA4, 0xB6, 0xFE, 0xC5, 0x4F, 0x6E, 0xE1, 0xFA, 0x26, 0xE1, 0xFA, 0xDE, 0x9D, 0xAF, 0x3F,
    0x65, 0x74, 0x55, 0x25, 0x50, 0xFB, 0xDE, 0x66, 0xA4, 0xEA, 0xDD, 0x36, 0xBB, 0x3C, 0xE4, 0x56,
    0x32, 0xE9, 0xFF, 0x15, 0xCC, 0xC9, 0xCC, 0x51, 0xA3, 0xF6, 0xFD, 0xF0, 0xE4, 0xA2, 0x76, 0x23,
    0x61, 0x6B, 0xA0, 0xC0, 0xB1, 0x1C, 0xD4, 0x27, 0xE7, 0xE8, 0x6E, 0x3A, 0x5D, 0x1A, 0x86, 0xD3,
    0x72, 0xFF, 0x7C, 0x57, 0xFB, 0x24, 0xBB, 0x95, 0xDF, 0x27, 0xA9, 0xFE, 0xE0, 0x96, 0x64, 0xFF,
    0x97, 0x51, 0x4B, 0x0C, 0xBE, 0xF7, 0x3F, 0xB7, 0x65, 0x17, 0x74, 0xE3, 0x3B, 0xE6, 0xA2, 0x4E,
    0xAC, 0x06, 0x87, 0x1F, 0xF1, 0x3D, 0xCD, 0xBC, 0xC8, 0xB5, 0x7B, 0x97, 0x6B, 0xE5, 0xAB, 0x92,
    0x6B, 0x65, 0x30, 0xDB, 0x8C, 0x66, 0xCB, 0x04, 0x3E, 0xA7, 0x82, 0xC9, 0x6E, 0xE4, 0x48, 0xC0,
    0x1D, 0x2E, 0x72, 0x2D, 0xD1, 0x9A, 0x5D, 0xD8, 0x8D, 0x45, 0xED, 0xF0, 0x60, 0xD4, 0xDE, 0xA2,
    0x96, 0x0D, 0x11, 0xDD, 0x74, 0xD0, 0x49, 0xC0, 0x4C, 0xB7, 0xCC, 0x55, 0x2C, 0x86, 0x03, 0xE8,
    0xE9, 0x22, 0xD7, 0x96, 0xE4, 0xDA, 0xC1, 0x8C, 0x6E, 0xA0, 0x9E, 0x5C, 0xAE, 0x7D, 0xEF, 0x3B,
    0xEA, 0x1C, 0x9D, 0x6D, 0x51, 0xE7, 0x6B, 0x29, 0x65, 0x5E, 0x96, 0x2F, 0xE2, 0x06, 0xD0, 0x68,
    0x22, 0x35, 0x59, 0x76, 0xE3, 0x3E, 0xB5, 0x0F, 0xFB, 0x5C, 0x14, 0x28, 0x10, 0xE9, 0x33, 0x89,
    0x9F, 0x3A, 0x33, 0xE7, 0x52, 0xE6, 0x1F, 0xC7, 0x6D, 0xF1, 0x61, 0x27, 0x5D, 0xAB, 0xFD, 0x5B,
    0xE3, 0x1E, 0xE8, 0xF6, 0x30, 0xC8, 0x68, 0x5D, 0xA5, 0x8F, 0x75, 0x9B, 0x28, 0xEA, 0x26, 0xC3,
    0x28, 0x64, 0xD6, 0x39, 0xED, 0xE2, 0x04, 0xC6, 0x47, 0x63, 0x6A, 0xC1, 0xF4, 0x93, 0x9D, 0x6C,
    0xDB, 0x26, 0xA3, 0xAD, 0xA9, 0x91, 0xB4, 0xC0, 0xA5, 0x49, 0xE5, 0x1B, 0x07, 0x9B, 0xE4, 0xE6,
    0xAC, 0x4F, 0xD9, 0x89, 0xD9, 0x13, 0xF6, 0x68, 0x39, 0xEB, 0x7B, 0xA1, 0xAC, 0xAF, 0x35, 0x38,
    0x7D, 0x7F, 0x53, 0xCC, 0x6E, 0xB0, 0x5B, 0x2C, 0xBD, 0x4D, 0x5A, 0x9B, 0x74, 0x36, 0x5D, 0x63,
    0x93, 0xBE, 0x26, 0x6D, 0x4D, 0xBA, 0x9A, 0x34, 0x35, 0x5D, 0x4F, 0x93, 0x96, 0x26, 0x1D, 0x4D,
    0x1A, 0x9A, 0xAE, 0x9F, 0x49, 0x3B, 0x93, 0x6E, 0x66, 0x6A, 0x66, 0xE6, 0xD8, 0x02, 0x5B, 0x61,
    0x1B, 0x2C, 0x7D, 0x4C, 0x6B, 0x63, 0x6A, 0x28, 0xAA, 0xA5, 0x89, 0x79, 0xA0, 0x87, 0x79, 0x28,
    0x68, 0x61, 0x56, 0x74, 0x30, 0x2F, 0x1A, 0x98, 0x2B, 0x35, 0xF5, 0xD5, 0xD2, 0xBA, 0xB4, 0x74,
    0xDF, 0x9E, 0xAB, 0x7E, 0x91, 0xEE, 0xF5, 0xC5, 0x39, 0xF9, 0x17, 0xE7, 0xA2, 0xB7, 0x39, 0xBE,
    0x59, 0x6F, 0x33, 0xFF, 0xCD, 0xEA, 0x6D, 0x12, 0x7E, 0x2B, 0x5B, 0x40, 0xAC, 0x35, 0x2C, 0xDD,
    0xF5, 0x3E, 0x16, 0xEF, 0x6E, 0xB0, 0x59, 0xFA, 0xFA, 0x00, 0xF5, 0xE2, 0xF5, 0x7D, 0xF7, 0x5B,
    0x58, 0x12, 0x8F, 0xEB, 0xBD, 0xD4, 0x95, 0x2D, 0x9F, 0xCF, 0xF5, 0x8D, 0x99, 0x96, 0xAF, 0x4E,
    0x6A, 0xDE, 0x0D, 0xE1, 0x49, 0x84, 0x25, 0x03, 0x70, 0xF9, 0xB0, 0x74, 0xD8, 0x61, 0x75, 0xE5,
    0xBE, 0x21, 0x60, 0xDF, 0xF0, 0xFA, 0x44, 0xF9, 0xB8, 0x06, 0x38, 0x89, 0x5E, 0x30, 0xF5, 0xF4,
    0x3A, 0x12, 0x8B, 0xE9, 0x7E, 0x6F, 0xF7, 0xF4, 0xE2, 0xF5, 0xA2, 0x13, 0xAF, 0x93, 0x0D, 0x56,
    0xB6, 0x97, 0x83, 0xA7, 0xDF, 0x25, 0x58, 0xD2, 0x5A, 0xC9, 0x34, 0x57, 0xB9, 0x4F, 0x81, 0x01,
    0x51, 0x43, 0x83, 0x83, 0xEA, 0xB3, 0x15, 0x5E, 0x03, 0x19, 0xB9, 0x57, 0x1F, 0x05, 0xCA, 0x07,
    0x15, 0x55, 0xF0, 0xC8, 0x36, 0x65, 0x3C, 0x66, 0x19, 0x17, 0x6D, 0xEE, 0x2B, 0x79, 0xF6, 0x79,
    0x82, 0xB6, 0xE8, 0x8A, 0xA5, 0x01, 0x76, 0x3C, 0x59, 0x1A, 0x37, 0x03, 0x04, 0x69, 0x77, 0xF7,
    0x31, 0x06, 0x0A, 0xEE, 0xDB, 0x59, 0xCB, 0x1E, 0x06, 0x18, 0xEF, 0xBF, 0x78, 0xF6, 0x8C, 0x8D,
    0x4B, 0x29, 0x82, 0xF0, 0xC3, 0xE6, 0x98, 0x4A, 0x49, 0xEF, 0xC7, 0x68, 0x0E, 0x70, 0x89, 0xA2,
    0xA1, 0x05, 0x3C, 0xD2, 0xA5, 0xBD, 0xBB, 0xC3, 0x53, 0xE9, 0xB7, 0xD2, 0x07, 0x07, 0xED, 0xAA,
    0xD3, 0x13, 0x86, 0xD5, 0x8B, 0x70, 0xDF, 0xDC, 0x01, 0x32, 0x8D, 0x8D, 0x74, 0x41, 0x83, 0x7E,
    0x16, 0x19, 0x89, 0x7B, 0x7D, 0x3C, 0xE1, 0xAA, 0x33, 0x35, 0xF7, 0x4D, 0x5C, 0xDA, 0xC7, 0x5C,
    0x22, 0xB0, 0x75, 0xD4, 0x0E, 0xBA, 0x84, 0x5C, 0xBF, 0xC8, 0x14, 0x87, 0x3A, 0x94, 0xFA, 0x96,
    0xC7, 0x51, 0xF3, 0x16, 0xB4, 0x12, 0x6B, 0x98, 0x8D, 0xDC, 0x3F, 0x97, 0x39, 0x34, 0x93, 0xF9,
    0x73, 0x50, 0x8A, 0x92, 0x39, 0x13, 0x82, 0xF6, 0x4C, 0x01, 0x2A, 0xF3, 0x87, 0xA9, 0x04, 0x85,
    0xC2, 0x94, 0xEE, 0x4A, 0xEE, 0xA6, 0xD0, 0x44, 0xB7, 0xD5, 0xF6, 0xAA, 0x0C, 0x61, 0x47, 0xF5,
    0x23, 0x5F, 0x28, 0x2A, 0x27, 0x4C, 0x47, 0xA1, 0xC3, 0xA0, 0xC2, 0xD8, 0xFF, 0x97, 0xDE, 0xC5,
    0x37, 0xE7, 0xDC, 0xCA, 0xC0, 0xCB, 0x73, 0xD9, 0x3C, 0xFE, 0x6D, 0x51, 0x4C, 0x35, 0x23, 0x5E,
    0x4B, 0xE6, 0x95, 0xF8, 0x75, 0xBC, 0xF2, 0x2F, 0x95, 0x8D, 0x12, 0x29, 0x26, 0x7F, 0x17, 0x42,
    0x1B, 0x9F, 0xEB, 0x6B, 0x21, 0xE0, 0xF9, 0xE8, 0x0A, 0xCF, 0xCF, 0xCB, 0x53, 0xF7, 0xA5, 0x23,
    0x5C, 0x8E, 0x9B, 0xC8, 0x65, 0x2E, 0x23, 0x0F, 0x53, 0x66, 0x68, 0xC5, 0x93, 0x56, 0x8B, 0x10,
    0x01, 0xF3, 0x64, 0x65, 0xD0, 0xF9, 0xD7, 0x84, 0x22, 0x90, 0x61, 0x25, 0xBC, 0xFB, 0xB9, 0xCC,
    0x87, 0xCA, 0xD8, 0x9A, 0xD1, 0x96, 0x66, 0xEB, 0x38, 0xF8, 0xBA, 0x94, 0xE3, 0x7B, 0xDF, 0x95,
    0x9F, 0xA9, 0x4A, 0xC7, 0xC0, 0xED, 0x49, 0x43, 0xD2, 0xC1, 0x0A, 0x36, 0xBC, 0xD6, 0x01, 0xA3,
    0x33, 0x65, 0xF5, 0x0F, 0x2D, 0x97, 0xF0, 0x2E, 0x52, 0x4D, 0x5B, 0xD3, 0x41, 0xA4, 0x6F, 0x94,
    0x5C, 0x3F, 0xB5, 0x67, 0x8B, 0xFF, 0xCE, 0x3C, 0x74, 0x8A, 0x50, 0x57, 0x13, 0xE7, 0x72, 0x0E,
    0xA5, 0xD1, 0x5D, 0x35, 0x22, 0xB4, 0x2A, 0x8E, 0xC9, 0x9E, 0x5C, 0x5F, 0x88, 0x4E, 0x6B, 0x21,
    0x10, 0x3A, 0xD5, 0x54, 0xB3, 0x1A, 0xAA, 0x62, 0xA0, 0x7E, 0x35, 0xDD, 0x4E, 0x79, 0xC6, 0xF7,
    0x9F, 0xCA, 0x60, 0xCF, 0xDE, 0x87, 0xE8, 0x2F, 0xA5, 0x28, 0xC9, 0xBD, 0x91, 0xA0, 0xFF, 0x39,
    0xFA, 0xF4, 0x9D, 0x5F, 0x6C, 0x35, 0x32, 0xA0, 0xBE, 0xDC, 0x7D, 0x2C, 0x3F, 0xE3, 0x25, 0x4E,
    0x66, 0xA3, 0x43, 0xFC, 0xBA, 0xBD, 0x93, 0xDF, 0xD3, 0xC6, 0x18, 0x1C, 0x56, 0x35, 0x67, 0x33,
    0xC7, 0xB4, 0x9A, 0x6C, 0xDA, 0x4B, 0x70, 0x5D, 0x8E, 0xB6, 0x7C, 0xB4, 0xE7, 0xAD, 0xE5, 0x8B,
    0xC1, 0x10, 0xF6, 0x62, 0x56, 0x48, 0x93, 0x72, 0x1A, 0xD2, 0xB9, 0xC5, 0x50, 0x58, 0x5E, 0xBF,
    0x9E, 0x50, 0x63, 0x41, 0x38, 0x6C, 0xE2, 0xFA, 0xF0, 0x9A, 0x50, 0xDB, 0x6B, 0xA8, 0xA9, 0x75,
    0xA1, 0xE6, 0x78, 0x79, 0x58, 0x36, 0x36, 0x07, 0xDD, 0xD9, 0x94, 0x30, 0x2A, 0x0A, 0xE9, 0x09,
    0x35, 0xF9, 0x51, 0x2B, 0x87, 0x47, 0x86, 0x1A, 0x17, 0xEB, 0x75, 0x39, 0x86, 0xF8, 0x9F, 0xA6,
    0xA4, 0x79, 0x67, 0x22, 0x8B, 0xE7, 0xB3, 0x13, 0x8E, 0xE1, 0x68, 0xB8, 0x59, 0xCB, 0xEB, 0x3B,
    0x81, 0x61, 0x13, 0xB0, 0xAD, 0x06, 0xEC, 0x28, 0x8B, 0x80, 0xD5, 0x01, 0x9C, 0xA2, 0x2B, 0x45,
    0x74, 0x08, 0xF6, 0x82, 0x64, 0x32, 0x58, 0xC0, 0xF6, 0x14, 0x29, 0xA1, 0xF0, 0x71, 0xEB, 0x02,
    0x56, 0xCD, 0xE4, 0x09, 0x24, 0xA2, 0x66, 0xAB, 0xA6, 0xCB, 0x35, 0x6E, 0xFB, 0x52, 0x69, 0x73,
    0xD0, 0xC3, 0xD5, 0x64, 0x22, 0xBF, 0xB2, 0x4D, 0xD7, 0xBF, 0x19, 0x33, 0xFE, 0x03, 0x8D, 0xDB,
    0x0F, 0xF3, 0x15, 0xF8, 0x58, 0xF1, 0xD4, 0x6F, 0x19, 0x7A, 0x53, 0xBD, 0xFC, 0x58, 0xE0, 0x9B,
    0x0E, 0x66, 0xCE, 0x66, 0x0E, 0xD7, 0x03, 0x76, 0x0B, 0x9B, 0x3E, 0x11, 0xE9, 0xE1, 0xD0, 0x1B,
    0x48, 0x03, 0x4A, 0x43, 0xE0, 0x86, 0xD7, 0xE3, 0x34, 0xD0, 0xB9, 0x95, 0x9F, 0xA6, 0x64, 0x51,
    0xE9, 0x99, 0xFD, 0x93, 0xED, 0x68, 0xA1, 0xB9, 0xCB, 0x1C, 0xF0, 0x82, 0x95, 0x75, 0x0A, 0x2C,
    0x69, 0x3E, 0xD2, 0xD1, 0xB4, 0x26, 0x75, 0xD8, 0x18, 0xF4, 0x3D, 0x23, 0x9D, 0x99, 0xF7, 0xE8,
    0x9F, 0x2A, 0x44, 0x63, 0xAD, 0x58, 0x92, 0x97, 0xC9, 0x43, 0x2B, 0x4E, 0x51, 0x37, 0x60, 0x47,
    0x96, 0xC0, 0x49, 0xED, 0xD0, 0x88, 0x01, 0xD5, 0x95, 0x50, 0xD0, 0x52, 0x4D, 0xEA, 0x3B, 0xA0,
    0xCB, 0xD5, 0x49, 0x1F, 0x4B, 0x51, 0x5E, 0x9D, 0x59, 0xC8, 0xA2, 0xA9, 0x29, 0x32, 0x06, 0x5D,
    0xAB, 0x92, 0x42, 0x70, 0x36, 0xB4, 0xBC, 0x15, 0x58, 0x96, 0xE2, 0x42, 0xB5, 0xED, 0xAC, 0x59,
    0x5B, 0x0D, 0x99, 0x7A, 0xB9, 0x98, 0xCC, 0xCB, 0xB9, 0x34, 0x93, 0xB9, 0x1F, 0xF2, 0x00, 0x05,
    0x03, 0xBD, 0xB2, 0xEB, 0x57, 0x3B, 0xB8, 0x46, 0x12, 0x7B, 0x6D, 0xDA, 0xC4, 0xDE, 0x6E, 0x93,
    0x7D, 0x0D, 0xA5, 0x95, 0x20, 0xD2, 0xF9, 0x80, 0xEC, 0xAF, 0xEA, 0x06, 0x1B, 0x70, 0x89, 0xBE,
    0xA9, 0x15, 0x9D, 0x07, 0x03, 0x09, 0x9A, 0x29, 0xB7, 0x79, 0x18, 0xCB, 0xE5, 0x3C, 0xDC, 0xA7,
    0x7D, 0xCE, 0x99, 0x79, 0x38, 0xE1, 0xFF, 0x0E, 0x7B, 0x66, 0x1E, 0x06, 0xAC, 0x29, 0x0D, 0xFB,
    0x96, 0xEA, 0xDD, 0x50, 0x71, 0xE6, 0x43, 0xAB, 0xFC, 0x23, 0xE1, 0x71, 0x42, 0x69, 0xB2, 0x3E,
    0x0F, 0xE1, 0x22, 0x1E, 0x6F, 0x90, 0x3F, 0x34, 0x11, 0x36, 0x38, 0xBD, 0xD9, 0xF6, 0xE4, 0xF7,
    0x91, 0xF4, 0xCE, 0xBD, 0xFD, 0x03, 0xEC, 0xB4, 0xB0, 0x1B, 0x2C, 0x8D, 0x4A, 0x4F, 0x02, 0x80,
    0x03, 0x00, 0x05, 0x80, 0x3C, 0xA3, 0xEB, 0xBC, 0xA5, 0x31, 0x83, 0xFF, 0x0D, 0xFD, 0x37, 0xF0,
    0xDF, 0xB0, 0x7F, 0xEB, 0xE8, 0x19, 0xF2, 0x6F, 0xC0, 0xBF, 0xE1, 0xFE, 0x06, 0xFB, 0x1B, 0xEA,
    0x6F, 0xA0, 0xBF, 0xB5, 0x1A, 0xAD, 0xB6, 0x33, 0xC4, 0xDF, 0x00, 0xFF, 0x2A, 0xC9, 0x6B, 0x46,
    0xD0, 0x7E, 0xC0, 0xFE, 0xD2, 0x82, 0xCB, 0x16, 0xDC, 0x78, 0xCB, 0x1E, 0x0E, 0xB2, 0x1B, 0x03,
    0xD6, 0xCF, 0x3F, 0x4C, 0xEC, 0x91, 0x4C, 0x3F, 0x83, 0x7D, 0xFA, 0x61, 0xB2, 0x59, 0x62, 0x43,
    0x84, 0xB5, 0x9F, 0xCA, 0x5B, 0xDB, 0x62, 0x6F, 0xF4, 0x93, 0x5F, 0x67, 0x2C, 0x82, 0xA3, 0x6B,
    0x20, 0x98, 0xB4, 0x25, 0x4B, 0x72, 0xCF, 0xE3, 0x57, 0x2F, 0x6A, 0x97, 0x04, 0x97, 0x5C, 0x94,
    0xDF, 0x02, 0xBD, 0x65, 0x23, 0xFF, 0x22, 0x07, 0xC8, 0x2D, 0x70, 0x5B, 0x68, 0x1A, 0xAD, 0x5D,
    0xC8, 0x6B, 0x3F, 0xB3, 0x88, 0x1D, 0x42, 0x46, 0x75, 0xED, 0xCC, 0xD9, 0xC2, 0xE0, 0x68, 0x6E,
    0x05, 0x4C, 0x4E, 0xA5, 0xA5, 0xC6, 0x15, 0x8F, 0x09, 0x14, 0x67, 0x31, 0xE8, 0xE8, 0xCD, 0xAD,
    0xFC, 0x25, 0x0B, 0x07, 0xE6, 0x94, 0x96, 0xF1, 0x70, 0xF7, 0x29, 0x20, 0xA8, 0x9A, 0x94, 0xEA,
    0x5B, 0x98, 0x39, 0xC9, 0x40, 0xA9, 0x65, 0x03, 0xFD, 0x2D, 0xA3, 0x4B, 0x56, 0x2F, 0x42, 0x23,
    0x3D, 0xD4, 0x15, 0x33, 0x47, 0x33, 0xE9, 0x4D, 0x7C, 0x47, 0x64, 0xAE, 0x5D, 0x75, 0xE9, 0x5C,
    0x27, 0x0F, 0xB8, 0xAE, 0x7A, 0xC8, 0x75, 0xBC, 0xE5, 0xD9, 0xAB, 0xAE, 0x3B, 0x63, 0x9C, 0x7F,
    0x5A, 0xFC, 0x33, 0xAC, 0xB8, 0x6E, 0x7A, 0xD5, 0x75, 0x15, 0xAE, 0x9B, 0xCD, 0xA4, 0x12, 0xE8,
    0x60, 0xA6, 0x8B, 0x13, 0x47, 0x6A, 0xCA, 0xD7, 0x3D, 0xB8, 0x66, 0x04, 0x93, 0xBE, 0xE1, 0xEB,
    0x41, 0x6B, 0xB8, 0x6F, 0x87, 0xD0, 0x28, 0xC6, 0xF0, 0xB9, 0x28, 0x78, 0x03, 0x80, 0x90, 0xDE,
    0x1F, 0xDA, 0x14, 0x07, 0xAD, 0x2E, 0x5F, 0xAC, 0xD5, 0x2C, 0x27, 0xA5, 0x10, 0x54, 0x7D, 0xA6,
    0x6B, 0xF9, 0xB8, 0x17, 0x14, 0xB9, 0x48, 0x71, 0x5D, 0xFD, 0xC3, 0x86, 0x65, 0xF5, 0x62, 0x08,
    0xF0, 0xB9, 0xCC, 0x64, 0xAF, 0xE5, 0x5E, 0x9E, 0x1E, 0xE2, 0x5E, 0x26, 0xFE, 0xA7, 0x07, 0xDE,
    0x31, 0xCD, 0x6B, 0xF8, 0x9F, 0x4B, 0xE2, 0xA7, 0x99, 0xED, 0x6B, 0x9F, 0xC1, 0xFD, 0x72, 0x66,
    0xF6, 0x0B, 0x91, 0xDA, 0x07, 0xFE, 0x64, 0xA6, 0x37, 0x73, 0xE2, 0x77, 0xDF, 0xC4, 0xEE, 0x5F,
    0x35, 0xB1, 0x3B, 0xD3, 0xCD, 0xC5, 0x64, 0x73, 0x31, 0xD5, 0x76, 0x31, 0xD1, 0x76, 0x31, 0xCD,
    0xEE, 0x8B, 0x71, 0x45, 0xBC, 0xCE, 0x04, 0xAF, 0x49, 0xD7, 0xBD, 0x72, 0x7D, 0x29, 0x5C, 0xF7,
    0xBA, 0xF5, 0xA5, 0x6C, 0xDD, 0xAB, 0xD6, 0x97, 0xA2, 0x75, 0xAF, 0x59, 0xF7, 0x92, 0xF5, 0xA5,
    0x62, 0xDD, 0x0B, 0xD6, 0x97, 0x7A, 0x75, 0x2F, 0x57, 0x5F, 0xAA, 0xD5, 0xBD, 0x58, 0x7D, 0xA9,
    0x55, 0xF7, 0x52, 0x75, 0xAF, 0x54, 0xF7, 0x42, 0xF5, 0x4B, 0x9D, 0xBA, 0x97, 0xA9, 0x2F, 0x55,
    0xEA, 0x5E, 0xA4, 0xBE, 0xD4, 0xA8, 0x2F, 0x25, 0xEA, 0x5E, 0xB3, 0x49, 0x74, 0xAE, 0xDD, 0x6F,
    0x17, 0xF7, 0x9D, 0x5A, 0x12, 0xC4, 0xAA, 0x48, 0x68, 0xBF, 0xB8, 0x3F, 0xBC, 0xAA, 0x45, 0xF7,
    0x52, 0x74, 0xAF, 0x44, 0xF7, 0x42, 0x74, 0xA7, 0x43, 0xF7, 0x32, 0x74, 0xAF, 0x42, 0xF7, 0x22,
    0x74, 0xAF, 0x41, 0xF7, 0x12, 0x74, 0xAF, 0x40, 0xF7, 0x02, 0x74, 0xAF, 0x3F, 0xF7, 0xF2, 0x73,
    0xAF, 0x3E, 0xF7, 0xE2, 0x73, 0xAF, 0x3D, 0xF7, 0xD2, 0x73, 0xAF, 0x3C, 0xF7, 0xC2, 0x73, 0xAF,
    0x3B, 0xF7, 0xB2, 0x73, 0xAF, 0x3A, 0xF7, 0xA2, 0x73, 0xAF, 0x39, 0x77, 0x92, 0xF3, 0xEB, 0x47,
    0x9B, 0xB4, 0x82, 0x2B, 0x1D, 0xFF, 0xCD, 0xCD, 0x43, 0x21, 0x74, 0x9B, 0x06, 0xB3, 0xD2, 0xDD,
    0x5A, 0x75, 0x8F, 0x69, 0xD5, 0x71, 0x95, 0xF6, 0xC8, 0xCD, 0x1A, 0xAD, 0x8D, 0x75, 0x71, 0xF6,
    0x7E, 0xF6, 0xD7, 0xAD, 0x55, 0x67, 0xFA, 0xFA, 0x28, 0xF9, 0x24, 0x71, 0xC8, 0x40, 0xDE, 0x20,
    0xEF, 0xE8, 0x48, 0xF0, 0xA7, 0x31, 0x6F, 0xDC, 0x6D, 0xC7, 0xAF, 0xD7, 0x1C, 0x4A, 0xC1, 0x43,
    0x41, 0x54, 0xC2, 0xC2, 0xA9, 0x34, 0xF7, 0xE3, 0x08, 0x6E, 0x0F, 0xA1, 0xB1, 0xBC, 0x5F, 0xD8,
    0xAB, 0xDD, 0x4C, 0x96, 0xC1, 0x01, 0xCE, 0x50, 0xD3, 0x0A, 0xB7, 0x64, 0x1A, 0x5D, 0x75, 0x7B,
    0xAB, 0x4A, 0x14, 0xCD, 0xCC, 0x84, 0x62, 0x63, 0x71, 0xEB, 0x58, 0x44, 0x5B, 0x4D, 0xEC, 0x43,
    0x1C, 0x0C, 0xE3, 0x89, 0x4F, 0x14, 0x1F, 0x2A, 0x33, 0xC5, 0x30, 0xE3, 0x01, 0xFD, 0x85, 0x4C,
    0xA4, 0x39, 0x90, 0xD8, 0x2D, 0x10, 0x61, 0xB5, 0x33, 0xBA, 0xD0, 0x69, 0x47, 0xC2, 0xA2, 0xF0,
    0x66, 0x37, 0x2B, 0xE8, 0xEF, 0xE8, 0xDF, 0x37, 0x13, 0x91, 0x4B, 0x61, 0x97, 0x09, 0x85, 0xAB,
    0xA3, 0x96, 0x70, 0xBD, 0xFB, 0xD7, 0xAA, 0x9D, 0xD4, 0x26, 0xB3, 0xAE, 0x6E, 0x73, 0x69, 0x6B,
    0xC1, 0xD4, 0xA6, 0xD2, 0x17, 0x34, 0xEC, 0xB9, 0x4D, 0xE9, 0x59, 0x6B, 0x0F, 0xE3, 0xDC, 0x30,
    0xDB, 0xA2, 0x89, 0xD1, 0xEC, 0x88, 0x1D, 0x68, 0x23, 0x1A, 0xC7, 0x2A, 0xBB, 0xE0, 0x58, 0x99,
    0x6B, 0x46, 0x04, 0xD5, 0xBD, 0x4E, 0xDA, 0x4E, 0xCE, 0x9C, 0x7B, 0xD1, 0x91, 0x3C, 0x91, 0x24,
    0x9A, 0x08, 0x31, 0x93, 0x59, 0x67, 0x35, 0xE7, 0x57, 0x54, 0x16, 0x53, 0x99, 0x01, 0x16, 0x73,
    0x91, 0xB4, 0x6C, 0x03, 0x9B, 0xF5, 0x13, 0xAE, 0xB9, 0x68, 0xA0, 0xD6, 0x6A, 0xCD, 0x21, 0x99,
    0xDC, 0xBF, 0xBE, 0x9F, 0x88, 0xDD, 0xAF, 0xF4, 0x15, 0x89, 0x37, 0x72, 0x00, 0xA9, 0x34, 0xD9,
    0x75, 0x9E, 0xBF, 0xAF, 0xF4, 0x29, 0x22, 0x3D, 0x15, 0x59, 0x37, 0x65, 0x9E, 0x29, 0x07, 0xE4,
    0x72, 0xFD, 0xF2, 0xC2, 0xFB, 0xA4, 0x95, 0x4E, 0x3A, 0xE9, 0xA4, 0x91, 0x4E, 0xFA, 0xE8, 0xA4,
    0x8D, 0x4E, 0xBA, 0xE8, 0xA4, 0x89, 0x46, 0x0F, 0xED, 0x44, 0xF5, 0xE8, 0xA0, 0x9D, 0x98, 0x1E,
    0xFD, 0x73, 0xD2, 0x3E, 0x27, 0xDD, 0x73, 0xD2, 0x3C, 0x27, 0xBD, 0x73, 0xD2, 0x3A, 0x27, 0x9D,
    0x73, 0xD2, 0x38, 0x27, 0x7D, 0x73, 0xD2, 0x36, 0x27, 0x5D, 0x73, 0xD2, 0x34, 0x27, 0x3D, 0x73,
    0xD2, 0x32, 0x27, 0x1D, 0x33, 0x1A, 0x66, 0x71, 0x42, 0x78, 0xB4, 0xCB, 0x4E, 0x00, 0x8F, 0x66,
    0x39, 0xE9, 0x95, 0xBD, 0xC3, 0x64, 0xF0, 0xD3, 0xD0, 0x98, 0x29, 0x27, 0x66, 0x36, 0xB9, 0x7F,
    0xDD, 0xF9, 0x60, 0xA6, 0x68, 0x7F, 0xD1, 0xFD, 0xA2, 0xF9, 0x4D, 0x7A, 0x5F, 0x35, 0xE8, 0x7C,
    0xD1, 0xF8, 0x9A, 0xBE, 0x37, 0x69, 0x7B, 0x27, 0x47, 0x7D, 0x70, 0x7A, 0x5E, 0x8D, 0xF3, 0x75,
    0x02, 0xDD, 0x2A, 0x73, 0xEE, 0x41, 0x02, 0x1D, 0xF4, 0x46, 0xAF, 0xB8, 0xA6, 0x20, 0x20, 0xBC,
    0x97, 0xF1, 0xD7, 0x74, 0x97, 0xD1, 0x35, 0xD7, 0x6A, 0x15, 0x47, 0x25, 0xB6, 0x89, 0xE3, 0xF6,
    0x03, 0x7E, 0xCC, 0xBC, 0xE1, 0x66, 0xDA, 0x10, 0xD0, 0x73, 0xC6, 0xFF, 0x69, 0x7F, 0xC9, 0x4D,
    0x4B, 0x11, 0xB9, 0x71, 0x34, 0x02, 0xDE, 0x35, 0x49, 0x35, 0x40, 0x6B, 0x37, 0xC5, 0xDC, 0xD8,
    0x4D, 0x35, 0x71, 0xD3, 0x8E, 0x90, 0xF4, 0xA5, 0xB7, 0x9B, 0x4C, 0x94, 0x59, 0x6B, 0xDC, 0x9D,
    0x61, 0x4D, 0x27, 0x6B, 0x39, 0x82, 0xC3, 0x6F, 0xB8, 0x11, 0x23, 0xF0, 0xA8, 0x83, 0xF4, 0x66,
    0x2B, 0x2C, 0xEF, 0x39, 0x37, 0x30, 0x1A, 0xA8, 0x7F, 0x97, 0x3A, 0xD9, 0x76, 0x7E, 0xF6, 0xEC,
    0xB9, 0x10, 0x38, 0x31, 0x4E, 0xBC, 0x3C, 0xD6, 0x6E, 0xBC, 0x3C, 0xD6, 0x6E, 0x68, 0x4B, 0x5E,
    0xC8, 0x63, 0x0B, 0xDF, 0x23, 0x22, 0x31, 0xE4, 0xAC, 0xA2, 0xF7, 0x8B, 0x50, 0xF3, 0x95, 0x36,
    0xAA, 0xE7, 0xE2, 0x57, 0xB6, 0x67, 0x3D, 0xB6, 0x6A, 0xEA, 0x4A, 0xCD, 0xA1, 0x31, 0x22, 0x9A,
    0x20, 0x6A, 0x76, 0xDD, 0x91, 0x8D, 0x74, 0x4F, 0x48, 0x56, 0xBB, 0x5A, 0x7D, 0x11, 0xDF, 0xBE,
    0x9B, 0xB2, 0xBA, 0x37, 0xC1, 0xC9, 0x84, 0x19, 0x37, 0x48, 0x0E, 0x6E, 0x3C, 0xA0, 0xB7, 0x90,
    0x07, 0xE4, 0x2F, 0x36, 0x11, 0x3E, 0x2A, 0x5C, 0x4C, 0xC8, 0xF0, 0xCA, 0x31, 0x0F, 0x3B, 0xF5,
    0x32, 0x3D, 0xD1, 0x1B, 0x4B, 0xE8, 0x51, 0x2C, 0x21, 0xB7, 0x9E, 0x5C, 0x48, 0x51, 0x76, 0x29,
    0x28, 0x08, 0xCF, 0xF1, 0xDA, 0xFE, 0x32, 0xAF, 0x0D, 0x45, 0x2A, 0x38, 0x45, 0xD8, 0xB1, 0xDD,
    0xE9, 0xFE, 0x39, 0x14, 0x69, 0xFE, 0xC8, 0x1A, 0xB3, 0x9D, 0xD6, 0x9E, 0xB1, 0x28, 0x54, 0x97,
    0xA8, 0x9B, 0xBA, 0xCC, 0xD8, 0x31, 0x67, 0xDB, 0x04, 0xC9, 0x39, 0xBA, 0xA4, 0xFA, 0x4F, 0x39,
    0x6B, 0xD2, 0xF9, 0x79, 0xB4, 0x87, 0x2C, 0x9E, 0x25, 0xAB, 0x1B, 0x24, 0x7B, 0xA7, 0xF6, 0xA3,
    0xA1, 0x48, 0x55, 0xBF, 0x95, 0xAE, 0x9A, 0x83, 0x74, 0x6A, 0x33, 0x39, 0x46, 0xF8, 0x7C, 0xDE,
    0x89, 0x2E, 0x29, 0xD3, 0x5E, 0x33, 0x57, 0x35, 0x57, 0xBD, 0xCE, 0xD4, 0xDC, 0x76, 0x56, 0x7C,
    0xC6, 0x67, 0x98, 0xA3, 0x55, 0xE0, 0xA6, 0xA4, 0x65, 0x53, 0xE8, 0x1A, 0x1E, 0x2B, 0xFA, 0xE9,
    0x8F, 0x1C, 0x8A, 0xA4, 0x96, 0x7E, 0x4B, 0x1A, 0xA5, 0x06, 0xF5, 0xCF, 0xAD, 0x5E, 0x2D, 0x8E,
    0xC6, 0xD9, 0xCF, 0xC2, 0x5A, 0x54, 0xAF, 0x6C, 0x33, 0x07, 0x22, 0x99, 0x30, 0xBE, 0x1A, 0xC3,
    0xEF, 0x7D, 0xF8, 0x4D, 0xCD, 0x1C, 0x73, 0xCB, 0xA6, 0xF6, 0x48, 0x43, 0x2C, 0xEC, 0x5D, 0xD3,
    0x4E, 0xE7, 0xB2, 0x65, 0xDB, 0xA3, 0x61, 0xB9, 0x15, 0x39, 0x28, 0x0A, 0x17, 0x4B, 0xB5, 0xAE,
    0x14, 0xF5, 0x4A, 0xF3, 0xEF, 0xBA, 0x7D, 0x91, 0x7F, 0x92, 0x43, 0x3C, 0x2C, 0x76, 0x1F, 0xCD,
    0x9F, 0x8F, 0xFB, 0xB8, 0x65, 0x79, 0xDE, 0x5B, 0x8B, 0xA6, 0xAB, 0xA2, 0x89, 0x0E, 0x8B, 0x26,
    0x28, 0xFF, 0x7D, 0xB4, 0x4A, 0x7F, 0xC8, 0x81, 0x08, 0x80, 0xB0, 0x16, 0x8F, 0xA2, 0x4D, 0xB4,
    0x2F, 0x6D, 0x0B, 0xD2, 0x45, 0xC9, 0x4D, 0xD8, 0x5E, 0x61, 0x0A, 0xE4, 0xF2, 0x53, 0x3A, 0xA3,
    0xFF, 0x28, 0x5D, 0xE2, 0xB6, 0x23, 0x11, 0x33, 0xF6, 0x4C, 0x61, 0x40, 0xC3, 0xB0, 0x1B, 0x35,
    0x2E, 0xC7, 0x6C, 0x7E, 0xA3, 0x53, 0x3D, 0x6E, 0xEC, 0xE2, 0xA0, 0xF5, 0xB9, 0x56, 0x0C, 0x3A,
    0x56, 0xAA, 0xAC, 0xAA, 0x2F, 0xF4, 0xC9, 0xC7, 0x7C, 0x8A, 0x7E, 0x98, 0x14, 0xAF, 0xDB, 0xCC,
    0x41, 0xEA, 0xA7, 0x78, 0x68, 0x87, 0xEF, 0x53, 0x15, 0x82, 0xB8, 0x8B, 0x55, 0x2F, 0x2D, 0xA7,
    0x2F, 0x35, 0x06, 0xB6, 0x93, 0x09, 0x68, 0x76, 0x43, 0xFC, 0x73, 0x0B, 0xB1, 0x37, 0x23, 0xB0,
    0x03, 0x5E, 0xEC, 0x85, 0x23, 0x19, 0x0C, 0x41, 0xE1, 0x28, 0xCD, 0x97, 0xCD, 0xA8, 0xB0, 0x70,
    0x7C, 0x77, 0xB7, 0x63, 0xFC, 0xF3, 0xE4, 0x42, 0xCC, 0xDA, 0x15, 0x3A, 0xBD, 0xB9, 0xD4, 0x49,
    0x52, 0xBC, 0x45, 0x18, 0x2F, 0xC7, 0x56, 0x0F, 0x18, 0x3F, 0x95, 0x7A, 0x8C, 0xC0, 0x39, 0xBF,
    0x56, 0x9B, 0x66, 0x56, 0x84, 0x6E, 0x2D, 0x97, 0xEE, 0xCC, 0xE4, 0xB6, 0xB2, 0xEC, 0x9D, 0xA9,
    0x13, 0x1E, 0x68, 0xA6, 0x94, 0xFA, 0x41, 0x3C, 0x50, 0xD0, 0x45, 0x25, 0x73, 0x0A, 0x14, 0x8A,
    0x99, 0x33, 0x87, 0xC7, 0x9F, 0x07, 0x93, 0x30, 0xC9, 0xB4, 0xFA, 0x4C, 0x66, 0x00, 0x8E, 0x92,
    0xE1, 0xF0, 0x4F, 0x9F, 0xF5, 0xC9, 0xF9, 0x9A, 0xF1, 0x51, 0xDB, 0x90, 0xED, 0x2D, 0xD7, 0xAF,
    0x64, 0xFA, 0xCD, 0x5D, 0x0D, 0x13, 0x40, 0x1D, 0x54, 0x6B, 0x70, 0x1F, 0xAD, 0x2E, 0xDE, 0x88,
    0xFC, 0x38, 0x96, 0x0C, 0xC3, 0x46, 0xFA, 0x3C, 0xCE, 0x78, 0x6F, 0x32, 0xB6, 0x52, 0x63, 0x5B,
    0xDB, 0x6F, 0x5D, 0x23, 0x9F, 0x88, 0x1C, 0x5B, 0x75, 0xA3, 0x55, 0x9D, 0x94, 0x62, 0x22, 0x2F,
    0xFC, 0xD1, 0x31, 0xFE, 0x78, 0xD5, 0xAF, 0xC5, 0xD5, 0x74, 0xF3, 0x37, 0xA1, 0x92, 0x2F, 0xDB,
    0xB8, 0x21, 0x07, 0x82, 0x01, 0x27, 0xEF, 0x63, 0xC9, 0x33, 0xD7, 0x3C, 0x9A, 0xEF, 0xAF, 0x43,
    0xE8, 0x64, 0x63, 0x6A, 0x91, 0x21, 0xFA, 0x52, 0xCD, 0x1F, 0x45, 0x53, 0x9C, 0x43, 0x73, 0x8C,
    0x81, 0x11, 0xAA, 0xE3, 0x2D, 0x22, 0x22, 0xBF, 0x41, 0x17, 0x27, 0xF5, 0x54, 0x7A, 0x82, 0xD8,
    0x4F, 0xFC, 0x51, 0x7B, 0x0E, 0xF9, 0x18, 0xFD, 0xB5, 0xEF, 0xC3, 0xFE, 0xFC, 0x16, 0x46, 0x84,
    0xF2, 0x6D, 0x7A, 0xA4, 0x64, 0xA1, 0xD1, 0x74, 0x5F, 0x8E, 0x31, 0x93, 0xEC, 0xC7, 0x9D, 0x44,
    0x3A, 0xCD, 0x46, 0x3B, 0x11, 0xA1, 0x39, 0x5C, 0x3D, 0x30, 0x2A, 0x4B, 0x9D, 0xFC, 0x8E, 0xD3,
    0xA2, 0x12, 0x23, 0xA7, 0x7F, 0xC3, 0xC3, 0x92, 0xAA, 0x07, 0x0F, 0x4B, 0xA2, 0x4B, 0x9F, 0xAD,
    0x1C, 0x96, 0xD4, 0x5D, 0x3D, 0x2C, 0x89, 0x53, 0xA1, 0x76, 0x56, 0xF5, 0x91, 0x3C, 0x99, 0xFC,
    0x89, 0x4F, 0xBB, 0xDA, 0x41, 0xFB, 0x8C, 0xE5, 0x1C, 0x8A, 0x69, 0x2F, 0x21, 0x9F, 0xB7, 0x71,
    0x26, 0xF4, 0xAC, 0xFE, 0x43, 0x73, 0x0C, 0xD5, 0xB1, 0xEC, 0xD6, 0x89, 0x14, 0x32, 0xF0, 0x68,
    0x19, 0xBC, 0x32, 0x3E, 0xF8, 0x17, 0x4B, 0x4E, 0xAC, 0x48, 0xFB, 0xF4, 0x51, 0x98, 0x67, 0x00,
    0xFE, 0xF9, 0x98, 0x19, 0xBD, 0x71, 0x48, 0x64, 0x5C, 0xF9, 0xE9, 0x67, 0xFF, 0xD3, 0xB9, 0x0C,
    0xF7, 0xA7, 0xB3, 0x55, 0x80, 0x81, 0x68, 0x00, 0xDF, 0x7F, 0x3A, 0x47, 0xE6, 0xD3, 0x36, 0x2E,
    0x38, 0x61, 0x33, 0x3F, 0xDD, 0xB9, 0xA3, 0xBB, 0x8E, 0x38, 0xB9, 0x15, 0xEB, 0x33, 0x9C, 0xB7,
    0xB1, 0x70, 0xDA, 0x4D, 0x61, 0xDF, 0xE7, 0x43, 0x78, 0x65, 0x61, 0x4B, 0xFD, 0x33, 0x46, 0x75,
    0x31, 0x1D, 0x0D, 0xD3, 0xC1, 0x78, 0x98, 0x0E, 0x06, 0x73, 0x31, 0xCF, 0x5B, 0x37, 0xCF, 0x27,
    0x3F, 0xCF, 0xFE, 0xA7, 0x07, 0xFF, 0xD3, 0x5D, 0x79, 0x72, 0x16, 0x57, 0x65, 0xE9, 0x31, 0x5D,
    0x93, 0x6D, 0xB0, 0x0C, 0xC9, 0xCB, 0xA7, 0x2D, 0x5C, 0x30, 0x2A, 0xE0, 0xB6, 0xAE, 0x8E, 0x8F,
    0x22, 0x4A, 0xDE, 0xCE, 0xE9, 0xDA, 0xC9, 0x4F, 0xA5, 0x63, 0xBB, 0xB1, 0x91, 0xAE, 0xB5, 0xF5,
    0x3C, 0x86, 0x54, 0xBF, 0x1F, 0x35, 0xCB, 0x4D, 0x71, 0x3D, 0xDF, 0x48, 0x78, 0x5B, 0x28, 0x8E,
    0x3C, 0xDA, 0x65, 0x12, 0x20, 0x0D, 0x98, 0x3F, 0x46, 0xA7, 0xE1, 0x26, 0x19, 0x90, 0x0E, 0x02,
    0x09, 0xE1, 0x16, 0x45, 0x8F, 0x88, 0x22, 0x36, 0x6A, 0xA8, 0x38, 0xD8, 0xA4, 0x31, 0x31, 0x2F,
    0xDB, 0x21, 0x92, 0x4E, 0xF7, 0x43, 0xDC, 0x49, 0xEC, 0x86, 0xB7, 0x33, 0x8A, 0xF6, 0xF2, 0x67,
    0x71, 0x60, 0x3B, 0x6B, 0x75, 0x64, 0x74, 0x3A, 0xA4, 0x6B, 0xCE, 0xA9, 0xCF, 0x11, 0x53, 0xA9,
    0x32, 0x0D, 0xC7, 0x6C, 0xBA, 0xBE, 0x4F, 0xF8, 0x2B, 0x6A, 0x4A, 0x1A, 0x6D, 0x13, 0x9B, 0x3D,
    0xDD, 0x3F, 0x89, 0xA2, 0x6D, 0xBF, 0x14, 0xE9, 0xD0, 0xAB, 0xC4, 0xB5, 0x10, 0x2C, 0x1A, 0x1C,
    0xDA, 0x99, 0x66, 0x71, 0x16, 0x43, 0x3B, 0xC2, 0x87, 0xDA, 0x18, 0x95, 0x4C, 0xB4, 0x7B, 0x04,
    0x42, 0xAE, 0x33, 0x08, 0x5F, 0x04, 0x89, 0xCA, 0x56, 0xFE, 0xA3, 0x11, 0x5D, 0x60, 0x8C, 0x17,
    0x75, 0xE2, 0xCC, 0x79, 0x4E, 0xA2, 0xCD, 0x15, 0x01, 0x3C, 0xEC, 0x3C, 0x04, 0x56, 0x67, 0x86,
    0x73, 0x6F, 0x40, 0xBE, 0xA1, 0x6C, 0xB5, 0xC2, 0xE9, 0xF3, 0x75, 0x4B, 0x87, 0x78, 0xB1, 0x4F,
    0xF8, 0x87, 0x95, 0x7D, 0xC2, 0x18, 0xD2, 0x3E, 0x61, 0x33, 0xAF, 0xA1, 0x7A, 0xFB, 0x59, 0x31,
    0xD2, 0x29, 0x3E, 0x54, 0x31, 0x35, 0x11, 0xD1, 0x9B, 0x58, 0xE0, 0xF8, 0xA4, 0x70, 0xD4, 0x16,
    0x64, 0x62, 0xF7, 0xCD, 0xFF, 0x3F, 0xE7, 0x47, 0x52, 0xEF, 0x86, 0x32, 0x31, 0x2B, 0x4F, 0x49,
    0x7A, 0x62, 0x35, 0x6F, 0x0C, 0xF5, 0xA2, 0x0F, 0x71, 0x61, 0xDD, 0xF7, 0xB7, 0x58, 0x20, 0x3B,
    0x70, 0x3E, 0x4A, 0x2B, 0xD2, 0x41, 0xBD, 0xD6, 0x2A, 0x84, 0xE6, 0x4D, 0xAE, 0x7F, 0xDE, 0xB6,
    0x58, 0x28, 0x84, 0x7F, 0x60, 0x43, 0x3E, 0x48, 0x87, 0xE9, 0x9D, 0xFC, 0x01, 0x1F, 0x9C, 0x3A,
    0x11, 0xCA, 0xB3, 0x45, 0xC2, 0xBE, 0xDF, 0x8D, 0xB7, 0x03, 0x1E, 0x1F, 0x79, 0xBA, 0x5E, 0x24,
    0x29, 0x9C, 0xAD, 0x20, 0xEC, 0xDD, 0xF9, 0x8E, 0x43, 0x41, 0x37, 0x74, 0xD6, 0x6E, 0x68, 0x66,
    0x3F, 0xC9, 0x1F, 0x19, 0xFE, 0x94, 0x4E, 0x75, 0x32, 0x96, 0x3C, 0x4D, 0x50, 0x9A, 0x96, 0xC4,
    0x9C, 0x10, 0xC4, 0x7F, 0x21, 0x9D, 0x1D, 0x25, 0x54, 0x45, 0x5B, 0x9C, 0x43, 0xD1, 0xDD, 0x42,
    0xED, 0xB1, 0x07, 0x39, 0x6E, 0x5A, 0x30, 0x7B, 0xBA, 0xA2, 0x16, 0x72, 0x56, 0x33, 0xCA, 0xCB,
    0x4F, 0x47, 0x8D, 0x31, 0xAD, 0x8A, 0xA7, 0xF8, 0xE7, 0x29, 0x86, 0xDA, 0xC6, 0x38, 0x96, 0x1C,
    0x7A, 0x64, 0xDF, 0xBF, 0x44, 0xAB, 0x0A, 0x99, 0x9F, 0x8F, 0xC6, 0xB2, 0xFF, 0x93, 0x57, 0xFA,
    0x55, 0xE9, 0x2B, 0x33, 0xB5, 0x19, 0xD8, 0x80, 0x43, 0xF0, 0x87, 0xB1, 0x92, 0x2C, 0x2D, 0xB0,
    0x1B, 0x99, 0xDC, 0x5F, 0x66, 0x22, 0xB5, 0x53, 0x56, 0x97, 0x66, 0xF6, 0xAF, 0x98, 0xAF, 0x9B,
    0xF9, 0x3D, 0x5B, 0x70, 0xAA, 0x5F, 0x7C, 0x24, 0x52, 0x7B, 0x01, 0xCE, 0x78, 0x49, 0x7C, 0x7C,
    0x87, 0x00, 0x58, 0x16, 0xB0, 0x5C, 0x7B, 0x30, 0x3C, 0x1E, 0x7E, 0xF2, 0x8C, 0xD1, 0xF6, 0xEC,
    0xB8, 0x48, 0xCB, 0x1D, 0x11, 0x3F, 0x2D, 0xD3, 0x91, 0x14, 0x42, 0x37, 0x9A, 0x53, 0xAC, 0x62,
    0xA3, 0xFD, 0x63, 0xE3, 0xA4, 0x7F, 0x33, 0x2D, 0x3E, 0x7D, 0x92, 0x9C, 0x65, 0x28, 0x6A, 0x58,
    0xC4, 0x24, 0xD5, 0xD1, 0xA0, 0x11, 0x8D, 0x7E, 0xE6, 0x2C, 0x63, 0x03, 0xE1, 0x55, 0xEB, 0xE7,
    0x4F, 0x42, 0xDC, 0x40, 0xB4, 0xB3, 0xC8, 0x19, 0xAE, 0x5D, 0x2B, 0x6C, 0xF4, 0x67, 0xA5, 0x0A,
    0x77, 0x1C, 0xB0, 0xE5, 0x2F, 0xC6, 0x85, 0xC8, 0x17, 0x25, 0xAD, 0x42, 0x79, 0x9C, 0xB0, 0xA9,
    0xF1, 0x3F, 0x3A, 0x72, 0xA2, 0xD2, 0x2C, 0x6A, 0xC3, 0x23, 0x30, 0x10, 0x73, 0xCC, 0xD3, 0xB3,
    0x99, 0xC9, 0xA9, 0x7C, 0xD6, 0x0F, 0x32, 0x5F, 0x17, 0xB2, 0x60, 0x1E, 0x68, 0x53, 0x16, 0x0F,
    0x1F, 0xA6, 0x9E, 0x44, 0x5A, 0x66, 0x1E, 0xF9, 0x0C, 0xAB, 0x57, 0xEA, 0x9F, 0x22, 0x4F, 0xAF,
    0x1D, 0x93, 0xB8, 0x1C, 0xD5, 0x54, 0xEE, 0x20, 0x1F, 0x77, 0x19, 0x55, 0x41, 0xB7, 0x6D, 0x78,
    0xD5, 0xBE, 0xAF, 0x9C, 0x34, 0xE4, 0x15, 0xCD, 0x8D, 0x1B, 0x37, 0xBA, 0x98, 0x47, 0x7D, 0xCF,
    0x7C, 0x23, 0xAB, 0x5B, 0xB6, 0x4F, 0xAE, 0x74, 0x4E, 0xCA, 0x8B, 0x36, 0x99, 0x7E, 0xC8, 0xE6,
    0x10, 0x1A, 0x38, 0x70, 0x7C, 0x14, 0x00, 0xBD, 0x87, 0x08, 0x46, 0x2F, 0x46, 0xE8, 0x7E, 0xBC,
    0x6A, 0xC7, 0x2D, 0xE2, 0x19, 0x57, 0xBB, 0xD2, 0x51, 0x49, 0x0A, 0xAC, 0x96, 0xF6, 0x38, 0xDD,
    0xE8, 0xC6, 0xA1, 0xEA, 0x96, 0xAF, 0x8D, 0x7F, 0x5C, 0xBC, 0xB0, 0x8A, 0xEC, 0x5D, 0x9E, 0xEF,
    0xDA, 0xBF, 0xAF, 0x6B, 0x52, 0x6D, 0xB5, 0x25, 0x81, 0xA0, 0xCF, 0xAB, 0x0A, 0xBA, 0x0B, 0x7D,
    0x77, 0x8F, 0x1D, 0xD5, 0xDE, 0x8B, 0x44, 0x7B, 0x6F, 0xD2, 0xA0, 0x4D, 0x8A, 0x99, 0x90, 0x5F,
    0xB1, 0xFB, 0xA5, 0xB5, 0xEF, 0x23, 0x79, 0x01, 0x8D, 0x39, 0xE6, 0x96, 0x4A, 0xFC, 0x48, 0x58,
    0xAC, 0xC0, 0x35, 0x9D, 0x04, 0x63, 0xE4, 0xAB, 0x0B, 0x1D, 0x75, 0xED, 0x64, 0x7F, 0x7B, 0x0F,
    0x09, 0xAC, 0xF6, 0xBF, 0xE2, 0xDB, 0xDE, 0xFB, 0x7E, 0x1F, 0x9C, 0xA5, 0x14, 0x20, 0xB5, 0x99,
    0x93, 0xCB, 0x5D, 0x46, 0x03, 0xFE, 0xA1, 0xCA, 0x9E, 0x7E, 0x0B, 0xE6, 0x41, 0x32, 0x5E, 0x9F,
    0xC6, 0x4B, 0x44, 0x3D, 0xBC, 0x13, 0x31, 0x07, 0x0E, 0xF6, 0x48, 0x67, 0x33, 0x7C, 0x35, 0x45,
    0xF3, 0x42, 0x07, 0xFD, 0xBE, 0x45, 0x12, 0x29, 0xF0, 0xD2, 0x14, 0x2B, 0xEF, 0x19, 0xFC, 0x45,
    0xCA, 0x92, 0x56, 0x3A, 0xF3, 0xC5, 0x81, 0xF9, 0xB2, 0x5D, 0x35, 0xE9, 0x30, 0x1A, 0x8D, 0x99,
    0xD2, 0x9C, 0x52, 0x99, 0x7F, 0x7F, 0x57, 0x3F, 0xFF, 0xAF, 0x4E, 0x36, 0x81, 0xD5, 0xFE, 0xC9,
    0x67, 0x6F, 0x56, 0xA5, 0x18, 0x03, 0xFC, 0x6A, 0x95, 0x92, 0x5F, 0xAB, 0x52, 0x2C, 0xDF, 0xA6,
    0xCE, 0x85, 0x48, 0x8D, 0x0D, 0x1B, 0x6C, 0xA6, 0x66, 0xC6, 0x52, 0x34, 0xB5, 0xE3, 0xEA, 0x63,
    0x6D, 0x78, 0xAC, 0x6C, 0xF5, 0xB1, 0xEA, 0xAB, 0x8F, 0xB5, 0x5F, 0x7B, 0xAC, 0x91, 0x4C, 0xC1,
    0xD5, 0x76, 0x0B, 0x89, 0xE4, 0xA4, 0x93, 0xBB, 0x97, 0x06, 0xA8, 0xAB, 0x7F, 0x43, 0x89, 0x64,
    0x3B, 0xAC, 0xC9, 0x13, 0xCF, 0x98, 0x37, 0x90, 0x27, 0x2A, 0x73, 0x57, 0xBE, 0x6F, 0x00, 0xF6,
    0x77, 0xAD, 0xA0, 0x30, 0xE6, 0xAE, 0xAC, 0x30, 0x77, 0x9B, 0xDF, 0x00, 0xE6, 0xEE, 0x7F, 0x03,
    0xDD, 0x97, 0x01, 0x84, 0x27, 0x47, 0xBE, 0xC7, 0xBF, 0xDD, 0x9D, 0x99, 0x8E, 0x6D, 0x54, 0xB0,
    0xF3, 0xC4, 0xE4, 0xBD, 0xD7, 0x81, 0x47, 0x32, 0xEF, 0x25, 0x05, 0x00, 0x2F, 0x53, 0xB5, 0x59,
    0xDE, 0x03, 0xF8, 0x63, 0xC6, 0x43, 0x90, 0x20, 0xB0, 0x0B, 0x03, 0xF0, 0x90, 0x4C, 0x75, 0xEE,
    0x38, 0x80, 0x1B, 0x47, 0x04, 0x41, 0x06, 0x17, 0x76, 0x27, 0xD8, 0xC3, 0xE1, 0xC4, 0xCE, 0x76,
    0x9D, 0x03, 0x1C, 0xAE, 0xEF, 0x00, 0x20, 0x8D, 0x0D, 0x97, 0x04, 0x5B, 0xA1, 0x5C, 0x7A, 0x93,
    0xEA, 0xFE, 0x5E, 0x55, 0x77, 0xFB, 0xEF, 0x4C, 0x0E, 0x02, 0xE0, 0x3E, 0xF5, 0xAB, 0x5F, 0xD7,
    0xBF, 0xEB, 0x57, 0xBF, 0xAA, 0xAA, 0xAA, 0xAA, 0xEA, 0x3F, 0x00, 0x45, 0xD4, 0x6C, 0x2A, 0xDA,
    0x82, 0x16, 0xEC, 0x61, 0x1C, 0xEA, 0x01, 0x2B, 0x8A, 0x0D, 0xDA, 0x09, 0x19, 0x07, 0x14, 0xEC,
    0x21, 0xA8, 0x21, 0x47, 0x24, 0x9B, 0x2B, 0x14, 0x9C, 0x80, 0x8A, 0x04, 0x24, 0x93, 0xFD, 0xF7,
    0xB4, 0x39, 0x7B, 0xBA, 0x8A, 0x5A, 0x79, 0x35, 0x40, 0x04, 0xCC, 0xEC, 0x6B, 0xDC, 0x8F, 0x9E,
    0xB2, 0xB1, 0x20, 0x3F, 0x0E, 0x82, 0xE4, 0x50, 0x47, 0xE5, 0x64, 0x67, 0xD8, 0xA9, 0xA6, 0xA4,
    0xDE, 0x43, 0x64, 0xEF, 0xF8, 0x78, 0xA3, 0xC8, 0x60, 0xC8, 0xA1, 0x25, 0x7D, 0x8C, 0x0E, 0x91,
    0x1B, 0x17, 0x11, 0x48, 0x46, 0x56, 0xAD, 0xA2, 0x9A, 0x66, 0x3D, 0xE2, 0x0A, 0xAD, 0x06, 0x75,
    0x6B, 0x73, 0xA2, 0x7D, 0x7A, 0x32, 0xC1, 0x90, 0x21, 0x15, 0xF0, 0x10, 0x64, 0x87, 0x8C, 0x13,
    0x16, 0x2A, 0xAF, 0x46, 0xC3, 0x96, 0xED, 0x64, 0x42, 0xDD, 0x67, 0x3A, 0xDB, 0x48, 0x2F, 0x82,
    0x1A, 0x64, 0x30, 0x83, 0x0A, 0xC6, 0xAB, 0xA0, 0x9C, 0xF4, 0xBB, 0x7A, 0xB7, 0x01, 0x60, 0x26,
    0xB4, 0xB4, 0x2D, 0x5D, 0x14, 0xA8, 0x59, 0xDA, 0xBE, 0x66, 0x23, 0x47, 0xC8, 0x1E, 0xFB, 0x67,
    0xC0, 0x1E, 0x90, 0xA7, 0x31, 0x9A, 0x6B, 0x9B, 0xA0, 0x2C, 0xA1, 0xB4, 0x59, 0xA2, 0x65, 0x7A,
    0x97, 0xF2, 0x66, 0x1B, 0x3C, 0x87, 0x15, 0x28, 0x0A, 0x5A, 0xB4, 0xA1, 0xA6, 0xCE, 0xE8, 0x54,
    0x40, 0xC1, 0x86, 0x0E, 0x62, 0xCA, 0x69, 0x21, 0x7D, 0x39, 0x01, 0xC6, 0x0A, 0x8F, 0xAB, 0x18,
    0x07, 0x19, 0x64, 0xC8, 0xD8, 0x8B, 0xA9, 0x62, 0x53, 0x32, 0xF6, 0xB2, 0x20, 0x07, 0x80, 0xEC,
    0x93, 0xB2, 0x58, 0x38, 0x2A, 0xA6, 0x62, 0x2C, 0xC7, 0x2A, 0x88, 0x20, 0x06, 0xE1, 0x6B, 0x27,
    0x9D, 0x72, 0xAA, 0x37, 0xDD, 0x9E, 0xCE, 0x8E, 0xB2, 0xA3, 0x32, 0x54, 0x31, 0xC4, 0x9C, 0x61,
    0xCE, 0x8D, 0x41, 0x3A, 0xB9, 0xDA, 0x1C, 0x9C, 0x1D, 0x9C, 0x21, 0xD1, 0x06, 0x35, 0x42, 0x85,
    0x9A, 0xA8, 0x63, 0x65, 0xA8, 0x58, 0x50, 0xE7, 0xD4, 0xB4, 0x60, 0x63, 0x3A, 0x28, 0x5B, 0xF7,
    0x78, 0x46, 0xE9, 0x81, 0x65, 0xC2, 0xEB, 0x11, 0xB8, 0x59, 0x87, 0x3D, 0xB4, 0x62, 0x30, 0x30,
    0x99, 0x26, 0x4C, 0x93, 0x8F, 0x50, 0xDF, 0x3F, 0x08, 0xA8, 0x49, 0x8F, 0x6A, 0x9E, 0x8E, 0x76,
    0xC2, 0x55, 0x24, 0x3B, 0xE4, 0xE4, 0x90, 0x72, 0xA7, 0x64, 0x47, 0xA8, 0xE9, 0x2D, 0x6A, 0xD5,
    0xA5, 0xFA, 0x1A, 0xB4, 0x0D, 0x66, 0x6E, 0xDC, 0x4F, 0xD5, 0xA8, 0x01, 0xC6, 0x83, 0x2E, 0x67,
    0x5F, 0xD0, 0x56, 0xB4, 0x82, 0x5A, 0xA6, 0x12, 0x38, 0xB8, 0x07, 0x1C, 0xDC, 0x87, 0x19, 0xC1,
    0x00, 0xFA, 0x9C, 0x2E, 0x1A, 0x94, 0x6C, 0x04, 0x21, 0x26, 0xC8, 0x00, 0xE5, 0x11, 0x7B, 0x78,
    0x71, 0x4E, 0x4F, 0x47, 0xD7, 0x3A, 0x13, 0x83, 0x8A, 0x41, 0xC6, 0x61, 0xB8, 0x71, 0xFE, 0x53,
    0xCA, 0x46, 0x38, 0xC2, 0x4C, 0x90, 0x84, 0x60, 0x9A, 0xB8, 0x8C, 0x16, 0xA6, 0xC7, 0x8A, 0xA1,
    0x4E, 0x06, 0x39, 0x3D, 0x4A, 0x76, 0xC9, 0x04, 0x2A, 0x00, 0x6D, 0x8F, 0x85, 0xFC, 0x1C, 0x85,
    0x43, 0xE9, 0xF6, 0x1F, 0xF4, 0x92, 0x9D, 0xA2, 0x85, 0xB0, 0xA8, 0x1B, 0x48, 0x7D, 0xA3, 0x99,
    0x93, 0x51, 0xBE, 0x3E, 0x5B, 0xB2, 0x14, 0x70, 0x0A, 0x5C, 0x62, 0x1E, 0x39, 0x19, 0xA3, 0x22,
    0x1D, 0x52, 0x79, 0x94, 0x3D, 0x50, 0xA5, 0xD8, 0x21, 0x95, 0x4A, 0x31, 0x79, 0x81, 0xD4, 0x80,
    0x8A, 0xF1, 0x00, 0x33, 0x82, 0x16, 0x35, 0x1B, 0x48, 0x6A, 0x28, 0x02, 0x6D, 0x40, 0xC9, 0x01,
    0x8A, 0x7D, 0x8C, 0x0D, 0x4C, 0x6A, 0xD9, 0x19, 0xB0, 0x41, 0xE4, 0xC5, 0x3C, 0x88, 0x20, 0xBD,
    0x6A, 0x94, 0x8E, 0xC1, 0xCA, 0x5E, 0x74, 0xB9, 0x05, 0x50, 0x6B, 0x28, 0xAC, 0xF2, 0x08, 0x8A,
    0x83, 0xA2, 0x3F, 0xB8, 0x38, 0x97, 0x1C, 0x96, 0x34, 0x02, 0xB2, 0x01, 0xB9, 0x47, 0xE1, 0x52,
    0xEF, 0xF0, 0xEA, 0xDA, 0xEA, 0x83, 0xE9, 0xDC, 0xCC, 0x3B, 0x27, 0x1F, 0x50, 0xCC, 0xB9, 0xD9,
    0x06, 0x3B, 0xC7, 0x47, 0x8A, 0x21, 0xCA, 0xDE, 0xF1, 0x11, 0xB2, 0x63, 0xA0, 0x24, 0x50, 0x11,
    0x10, 0x29, 0x4E, 0xCB, 0x0A, 0x92, 0x61, 0x1D, 0xB4, 0x01, 0x86, 0x3E, 0x46, 0x17, 0xA3, 0x9D,
    0x87, 0xF6, 0xC4, 0x03, 0x3B, 0x47, 0xF3, 0x74, 0xAC, 0x0B, 0x01, 0xC6, 0xA1, 0x75, 0x60, 0x94,
    0xF1, 0x9D, 0x96, 0x2E, 0x5A, 0x2B, 0xBA, 0x8A, 0x0E, 0x77, 0x34, 0x50, 0x0D, 0x6A, 0x6A, 0x27,
    0x4E, 0x1C, 0x4D, 0xB8, 0x71, 0x96, 0xB6, 0x7B, 0x9D, 0xB6, 0x7B, 0xA8, 0xE3, 0x6F, 0x39, 0x9A,
    0x41, 0x06, 0xE5, 0xEA, 0x61, 0x57, 0x67, 0x67, 0xB8, 0x89, 0x82, 0x5D, 0x9D, 0xBA, 0x34, 0x9A,
    0x0F, 0x26, 0x83, 0x36, 0x4A, 0x4C, 0x28, 0x86, 0xF8, 0x32, 0x66, 0x2D, 0xFB, 0x77, 0x59, 0x17,
    0xD5, 0xBC, 0x2E, 0xEA, 0x79, 0x51, 0xA8, 0x6E, 0x3D, 0x80, 0x32, 0x26, 0x0F, 0x69, 0xE6, 0x55,
    0x98, 0xF3, 0x42, 0xCB, 0x61, 0x3E, 0x3C, 0x3A, 0xF3, 0x14, 0x30, 0x7D, 0x46, 0x5D, 0x8D, 0xA8,
    0x07, 0x28, 0x37, 0x8B, 0xD7, 0x8A, 0x5D, 0x94, 0x3A, 0x95, 0x9A, 0xBD, 0x1C, 0x23, 0x27, 0x8A,
    0x28, 0x13, 0xCA, 0x11, 0x65, 0x40, 0x15, 0x20, 0x06, 0x08, 0x8F, 0xDA, 0x43, 0x2E, 0xA5, 0x7A,
    0xEC, 0x69, 0x08, 0x92, 0x6E, 0x39, 0x48, 0xA3, 0xEA, 0x15, 0x50, 0x75, 0x51, 0x09, 0x6B, 0x92,
    0x3A, 0x4D, 0x2A, 0xAD, 0x9B, 0x06, 0x89, 0x21, 0x73, 0x45, 0x37, 0x14, 0xAE, 0xB2, 0x63, 0x3D,
    0x9C, 0x34, 0x66, 0xDE, 0x64, 0x83, 0xF4, 0x78, 0x06, 0x3B, 0x18, 0xAF, 0x7C, 0xCE, 0x4E, 0x06,
    0x41, 0x08, 0x9A, 0x80, 0x92, 0x74, 0x28, 0x48, 0x8B, 0x8C, 0xD4, 0xB8, 0x42, 0xC9, 0x00, 0x08,
    0x4E, 0x80, 0x22, 0x01, 0x7E, 0x47, 0x5B, 0xF0, 0xF7, 0xEC, 0xEA, 0x09, 0xC6, 0x19, 0x0F, 0x39,
    0x60, 0x8B, 0xB2, 0x51, 0xE6, 0x8D, 0xAC, 0x9E, 0xC6, 0x2D, 0x2D, 0x39, 0x1F, 0x89, 0x5C, 0xDD,
    0xA3, 0xBD, 0xEE, 0xF9, 0x84, 0x0D, 0xF2, 0xF5, 0xD8, 0x1E, 0x21, 0x49, 0x22, 0x15, 0x83, 0xB1,
    0x19, 0xF5, 0x7C, 0xC6, 0x5F, 0xBB, 0x56, 0xF2, 0x50, 0x5E, 0xBF, 0x56, 0x94, 0x6D, 0x69, 0x95,
    0xAE, 0x26, 0xEC, 0x01, 0x88, 0xCB, 0xED, 0xF8, 0x48, 0x92, 0xA3, 0x22, 0xC3, 0x1A, 0x07, 0x44,
    0x0C, 0x23, 0xB6, 0x9D, 0x35, 0x13, 0x0D, 0x66, 0x04, 0x23, 0x7A, 0xD1, 0x75, 0xD2, 0xF8, 0x47,
    0x14, 0xC9, 0x00, 0x33, 0xEB, 0x76, 0xD6, 0x7B, 0xC7, 0xB1, 0x1A, 0xE0, 0x40, 0xE3, 0x5E, 0x4E,
    0x5F, 0x84, 0x8A, 0x7C, 0x7B, 0x6E, 0x93, 0x97, 0xDB, 0x36, 0x99, 0x6D, 0x9B, 0xF6, 0x2F, 0x22,
    0x8A, 0x91, 0xA4, 0xA6, 0xA4, 0xC6, 0xC5, 0x5B, 0x22, 0xF9, 0x4A, 0x6C, 0x14, 0x17, 0xFA, 0x6D,
    0xC2, 0x70, 0xA1, 0x6B, 0xB9, 0x60, 0x8F, 0x57, 0x34, 0x56, 0xFE, 0x15, 0x40, 0x46, 0x00, 0x15,
    0x35, 0xD0, 0xD2, 0xA2, 0xE4, 0x04, 0x48, 0x7A, 0xE4, 0x64, 0x83, 0x9A, 0xC3, 0x72, 0xDA, 0x42,
    0x8C, 0x58, 0x4E, 0x11, 0xE4, 0x1A, 0x2B, 0xB2, 0x47, 0xC2, 0x58, 0x24, 0xD8, 0x60, 0xF5, 0x16,
    0x29, 0x46, 0x24, 0xAA, 0x80, 0x84, 0xF0, 0x8B, 0xBD, 0xFB, 0x67, 0xB2, 0xBF, 0xAB, 0x91, 0xC8,
    0x50, 0xF6, 0xD5, 0x50, 0x85, 0x6C, 0xC4, 0x98, 0x8D, 0x65, 0x50, 0x83, 0xEA, 0x0F, 0xB5, 0xB0,
    0xC8, 0x5D, 0x54, 0x85, 0xAB, 0x9B, 0xA8, 0xA4, 0x46, 0xB9, 0x6E, 0x3A, 0x92, 0x76, 0x56, 0x26,
    0xA9, 0xDD, 0x38, 0xB7, 0xE7, 0x82, 0x64, 0x2F, 0xBE, 0xBE, 0x78, 0xD0, 0x8B, 0x68, 0xD7, 0xD5,
    0x40, 0x65, 0x65, 0x52, 0x87, 0x80, 0x68, 0x92, 0xB1, 0x4E, 0xC6, 0xF3, 0x5C, 0x63, 0xA1, 0xFD,
    0x0B, 0x9B, 0x92, 0xA4, 0x13, 0x7F, 0xE6, 0x6D, 0x27, 0x71, 0x99, 0xF9, 0x37, 0xF0, 0x30, 0x73,
    0x98, 0xD1, 0xC8, 0xBB, 0xFF, 0xAF, 0xBE, 0x0D, 0x05, 0x3D, 0x68, 0x41, 0x5D, 0xB2, 0x93, 0x5F,
    0x38, 0x59, 0xF4, 0xCF, 0x67, 0x1A, 0xD9, 0x19, 0x4C, 0x97, 0xB1, 0x29, 0x06, 0x14, 0x0E, 0x85,
    0x47, 0x1E, 0x80, 0x11, 0x78, 0x34, 0xCB, 0x08, 0x39, 0x40, 0x75, 0xF8, 0x0F, 0xA0, 0x64, 0xC4,
    0x56, 0xB3, 0x16, 0xDB, 0x55, 0x7F, 0x9D, 0x9A, 0xE4, 0x74, 0xED, 0x23, 0x6B, 0x5D, 0xDD, 0x80,
    0x22, 0x24, 0x21, 0x52, 0x43, 0x6D, 0xC6, 0x0E, 0x6D, 0x0F, 0xE9, 0x7E, 0xEA, 0xBD, 0x77, 0x17,
    0xF9, 0xBD, 0x82, 0x7D, 0x39, 0x08, 0x4E, 0x27, 0xEB, 0xBE, 0x98, 0xD7, 0xF2, 0x2D, 0xB2, 0x21,
    0xEA, 0x11, 0x73, 0x1D, 0xFB, 0xE7, 0x50, 0x23, 0x14, 0x93, 0xE4, 0xB3, 0x14, 0x23, 0x4A, 0x0F,
    0x68, 0x00, 0xF9, 0xC5, 0x39, 0x90, 0x6D, 0x2A, 0xBA, 0x23, 0xD4, 0xD1, 0xD1, 0x1F, 0x08, 0x15,
    0x24, 0x2B, 0x6A, 0x13, 0xD4, 0x28, 0xA8, 0x5B, 0x6F, 0xBC, 0x20, 0x4C, 0xCF, 0x5E, 0x8C, 0xD8,
    0xBD, 0xC5, 0x26, 0x3B, 0xC3, 0x33, 0x64, 0x98, 0xC7, 0xC2, 0x27, 0x31, 0xD4, 0x66, 0xAE, 0xA5,
    0x1A, 0xB1, 0x8E, 0xC8, 0x33, 0xDD, 0xD4, 0x16, 0x90, 0xBA, 0x6E, 0x00, 0x15, 0x9F, 0x49, 0x2B,
    0x00, 0xA7, 0xB3, 0x7E, 0x1F, 0x8B, 0xCD, 0x4F, 0x3F, 0x25, 0xCC, 0x95, 0x53, 0x62, 0x67, 0xB3,
    0xB3, 0x49, 0x1F, 0x65, 0xF5, 0xF6, 0xA3, 0x2B, 0x05, 0xD3, 0xC5, 0x60, 0xDB, 0x18, 0xEE, 0x36,
    0x17, 0x7A, 0xEF, 0x58, 0x1B, 0xA6, 0x43, 0xE3, 0xEE, 0x83, 0x26, 0x55, 0xAF, 0xA2, 0x20, 0xC9,
    0x29, 0x56, 0xFE, 0x1D, 0xC0, 0x9D, 0xC3, 0xDD, 0xA6, 0x64, 0x10, 0x56, 0x70, 0x94, 0x8D, 0x7C,
    0x42, 0x42, 0x95, 0x1C, 0xF1, 0xBE, 0xF8, 0xC4, 0x03, 0x12, 0x91, 0x9D, 0x6B, 0xC7, 0x30, 0xC0,
    0x7E, 0xAB, 0x3A, 0x00, 0x6D, 0x03, 0x3C, 0xB7, 0x87, 0x4D, 0xC6, 0xAE, 0x70, 0xD1, 0x55, 0xD5,
    0x09, 0x92, 0xB6, 0xFE, 0x80, 0xD4, 0x0A, 0x72, 0xC4, 0xAB, 0x48, 0xE3, 0x57, 0x79, 0x00, 0x75,
    0x00, 0x20, 0xB7, 0x4A, 0x38, 0x00, 0x99, 0x4E, 0x75, 0x68, 0x6C, 0x60, 0x86, 0xC2, 0x65, 0xE4,
    0x27, 0x5D, 0x31, 0xAF, 0xB0, 0xCE, 0x10, 0xA2, 0xD9, 0xF5, 0x98, 0xC9, 0x5A, 0x2D, 0x9A, 0x92,
    0x5E, 0xE9, 0x7A, 0x5E, 0x55, 0x1F, 0x31, 0xE0, 0x10, 0xA6, 0xC7, 0x4D, 0x64, 0xDB, 0x83, 0x2B,
    0x6F, 0x80, 0xDF, 0x15, 0x0E, 0xE5, 0xF4, 0x59, 0x80, 0x5A, 0x3F, 0xF7, 0x47, 0x54, 0xAE, 0xEA,
    0x91, 0xA5, 0x7D, 0x84, 0xCD, 0xF3, 0x58, 0x79, 0x19, 0x78, 0x88, 0x62, 0x82, 0xA0, 0x7E, 0xE9,
    0x7B, 0x5D, 0x38, 0x2C, 0x52, 0xF6, 0xA8, 0x3A, 0xDC, 0xBD, 0x88, 0x27, 0xAC, 0xBE, 0x71, 0x71,
    0x66, 0x08, 0x99, 0x66, 0xA9, 0x33, 0x13, 0x6A, 0xEA, 0x8A, 0xDD, 0x7B, 0x98, 0x29, 0xAE, 0x27,
    0x36, 0x6B, 0xE2, 0x37, 0xAE, 0x8F, 0x89, 0x9B, 0x80, 0xFF, 0xD6, 0xCD, 0x5D, 0x7B, 0xE5, 0x1D,
    0xFC, 0xAA, 0x41, 0xE4, 0xBD, 0x64, 0x01, 0xC4, 0x37, 0x40, 0xDE, 0x60, 0xED, 0xF8, 0x8B, 0x00,
    0x4A, 0x0B, 0xE0, 0x30, 0x5A, 0x14, 0x0D, 0x80, 0xD7, 0xAE, 0x7A, 0x9E, 0xC7, 0x7E, 0x37, 0x26,
    0x04, 0x22, 0xE2, 0xF6, 0x9A, 0xA8, 0xAE, 0xDA, 0xE4, 0xB3, 0x9F, 0xA2, 0xDB, 0xFA, 0xC1, 0xEC,
    0xE7, 0xDF, 0x10, 0xB9, 0x99, 0xAA, 0xB9, 0x56, 0xFB, 0x7F, 0xBF, 0x80, 0xDB, 0x16, 0x09, 0x77,
    0xEE, 0x96, 0x0C, 0xE7, 0xDC, 0xDA, 0x0B, 0x77, 0xAD, 0x5F, 0xDB, 0xC4, 0xE9, 0x31, 0xE2, 0x6A,
    0xDA, 0x79, 0xAB, 0xDB, 0x8E, 0xC6, 0x36, 0x01, 0x78, 0x50, 0x9B, 0xA1, 0x9C, 0x30, 0x55, 0x53,
    0xFB, 0x78, 0x42, 0x0F, 0xBC, 0x5B, 0x79, 0xE9, 0x4C, 0xDF, 0x62, 0x8A, 0xA1, 0xD5, 0xC6, 0xCA,
    0xA6, 0x6C, 0xB0, 0x20, 0x27, 0x9D, 0x93, 0xAE, 0x22, 0x87, 0x7A, 0x6A, 0x83, 0xEA, 0xF2, 0xC9,
    0x68, 0xCD, 0x56, 0xF8, 0xF6, 0x48, 0x86, 0x3D, 0xA8, 0x00, 0xA8, 0x01, 0xA8, 0x1D, 0x56, 0x44,
    0xA5, 0xD5, 0x93, 0x4E, 0xB0, 0x29, 0x26, 0x54, 0x84, 0xA4, 0x95, 0xBF, 0xEC, 0x6E, 0x14, 0x1A,
    0x33, 0x55, 0xD6, 0xCA, 0xB1, 0xED, 0x5B, 0xDD, 0xF6, 0x2F, 0x4D, 0x68, 0x51, 0x01, 0xBF, 0x45,
    0xAB, 0xD5, 0x50, 0x12, 0xAC, 0x68, 0xFC, 0x23, 0x9C, 0x23, 0x11, 0x5F, 0x67, 0xBF, 0x8E, 0x39,
    0x45, 0x80, 0x19, 0xD2, 0x79, 0xC0, 0x6A, 0x02, 0x28, 0x1E, 0xA0, 0x62, 0xFD, 0xB6, 0x36, 0x5E,
    0x0A, 0xFB, 0x08, 0x6F, 0x94, 0xF6, 0x3C, 0x4E, 0x44, 0x9F, 0xA1, 0xEC, 0x2A, 0x5F, 0x85, 0x3C,
    0x64, 0x31, 0x94, 0x41, 0x79, 0xD5, 0x9F, 0xCE, 0xFF, 0xFB, 0x5A, 0xB6, 0xD3, 0xF2, 0xBF, 0x0F,
    0x47, 0x40, 0x00, 0x1E, 0xBE, 0xF0, 0xFA, 0xE7, 0x4E, 0xD1, 0xFD, 0x27, 0xCF, 0x73, 0x42, 0x3C,
    0xB1, 0xE2, 0x8F, 0x36, 0xFF, 0x1F, 0xE0, 0x7E, 0x76, 0x1F, 0x15, 0xFF, 0x44, 0x5B, 0x7F, 0xC3,
    0x07, 0x4E, 0x61, 0xCC, 0x5D, 0x3C, 0x8D, 0xE1, 0x67, 0x75, 0x88, 0x90, 0x79, 0xF9, 0x11, 0xFF,
    0xCF, 0x09, 0x3E, 0x61, 0x1C, 0x84, 0x37, 0x27, 0xBC, 0x3E, 0xCF, 0xDE, 0x1B, 0x80, 0xA1, 0x6E,
    0xA9, 0x2F, 0x5A, 0x40, 0xCE, 0xBF, 0x5F, 0xC1, 0x16, 0xD5, 0x23, 0x51, 0x8D, 0x72, 0x40, 0x42,
    0x0D, 0x82, 0x88, 0xE4, 0xEC, 0x4B, 0x3E, 0x06, 0x60, 0xD8, 0xE4, 0xE4, 0xD7, 0x17, 0x2D, 0x27,
    0xC0, 0x30, 0xE1, 0x01, 0xC1, 0x44, 0x03, 0x64, 0xED, 0xF2, 0x02, 0xD8, 0x69, 0xF9, 0x15, 0xB6,
    0x6C, 0x2F, 0x30, 0x11, 0x94, 0x43, 0xC2, 0xB8, 0x7A, 0x42, 0xA4, 0x64, 0x27, 0xF8, 0x78, 0x2E,
    0xA9, 0x8B, 0xC5, 0xF3, 0x08, 0x70, 0xA6, 0x07, 0x6A, 0x26, 0x34, 0x90, 0x91, 0x4C, 0x76, 0xC0,
    0x6E, 0xCB, 0x2F, 0xE7, 0xCF, 0xA6, 0x84, 0x5E, 0x0C, 0xEC, 0xFA, 0x90, 0xCB, 0x43, 0xAD, 0xED,
    0x49, 0x6C, 0x2D, 0xAF, 0xE7, 0x2D, 0x0F, 0xBD, 0x3E, 0xB0, 0xB2, 0xFB, 0xE8, 0x53, 0x44, 0x94,
    0x86, 0x21, 0x9F, 0x6A, 0x80, 0xC8, 0x19, 0x99, 0x3E, 0x7C, 0x6B, 0x42, 0xC5, 0x85, 0x80, 0x9A,
    0x9F, 0x31, 0xE1, 0xA0, 0xBA, 0xA5, 0xCF, 0x0D, 0x4C, 0x6A, 0xE4, 0x09, 0x9F, 0xE2, 0x47, 0xEC,
    0x6D, 0xD6, 0x03, 0x66, 0x6D, 0xBE, 0x64, 0xA4, 0xC3, 0xE2, 0x77, 0xF9, 0xD4, 0x99, 0x01, 0xE2,
    0x88, 0xE9, 0x7F, 0x69, 0x69, 0x8B, 0xF4, 0x16, 0x25, 0x9D, 0x58, 0x1A, 0x66, 0xFC, 0x3A, 0x1B,
    0x22, 0xAC, 0x7F, 0x7D, 0xF3, 0x7B, 0xF8, 0x11, 0x2F, 0x63, 0xE5, 0x35, 0xAC, 0xC8, 0x46, 0x71,
    0xC1, 0x1B, 0x2E, 0x8C, 0x2D, 0x17, 0xC2, 0xF1, 0x82, 0xE9, 0xB1, 0x20, 0x35, 0x16, 0xFE, 0x0B,
    0x2B, 0x2F, 0x00, 0xEF, 0xDE, 0x2C, 0xF9, 0xB0, 0xFE, 0x21, 0xA8, 0x9F, 0x0F, 0x26, 0xF7, 0x8F,
    0x0A, 0x77, 0x59, 0xB8, 0x51, 0xF4, 0x6D, 0xDB, 0xA9, 0x1F, 0x6C, 0xF5, 0x8B, 0x06, 0xFB, 0x3A,
    0xA7, 0xAB, 0xFE, 0x36, 0xD4, 0x76, 0x50, 0xFF, 0xEB, 0x15, 0x3B, 0xF3, 0x29, 0x14, 0xA0, 0x3E,
    0xB4, 0x35, 0x6D, 0xFE, 0x79, 0x72, 0x12, 0xB2, 0x01, 0x9B, 0x6C, 0x53, 0xB8, 0xB2, 0xAF, 0x3A,
    0xD1, 0x09, 0x5B, 0xDB, 0xD8, 0x30, 0xAD, 0x70, 0x00, 0xDC, 0x49, 0x93, 0x5F, 0x7F, 0xE3, 0xD4,
    0x9B, 0x3E, 0xFA, 0xBF, 0xCC, 0xFD, 0x18, 0xAB, 0x28, 0x9D, 0x39, 0xE9, 0x24, 0xF5, 0xEE, 0x63,
    0xEC, 0xE8, 0xA3, 0xBA, 0x09, 0x52, 0x07, 0x95, 0x0D, 0x2A, 0xF7, 0xA7, 0x73, 0xEE, 0x65, 0x6C,
    0x80, 0xE9, 0xCC, 0x77, 0x76, 0xFF, 0x67, 0x0D, 0xEE, 0xEA, 0x82, 0x9D, 0xF8, 0xC1, 0xAA, 0x06,
    0x06, 0x78, 0x84, 0x55, 0xCC, 0xC7, 0x90, 0xC4, 0xEE, 0x5F, 0x01, 0xEC, 0x01, 0xEB, 0xB5, 0x08,
    0x5C, 0xC6, 0x2E, 0x05, 0x94, 0x53, 0x40, 0xFD, 0x4D, 0x80, 0xBA, 0x3D, 0x20, 0x56, 0x8B, 0xD8,
    0x2F, 0x8C, 0x29, 0x56, 0x3D, 0xDA, 0x93, 0x0E, 0xB1, 0x6F, 0x48, 0x9D, 0xC3, 0xD1, 0xB3, 0xBF,
    0x8C, 0xC5, 0xB7, 0xE7, 0xE9, 0xEA, 0x99, 0xA6, 0xCA, 0x9D, 0x8A, 0xEE, 0x52, 0xD8, 0x31, 0x35,
    0xEC, 0x56, 0x50, 0x79, 0x6A, 0xD8, 0xAB, 0xF9, 0x79, 0x76, 0xEB, 0x6C, 0x1F, 0xE5, 0x17, 0x81,
    0xB6, 0x9A, 0xF8, 0xA4, 0x8F, 0x6D, 0x2C, 0xFB, 0x68, 0x55, 0xF6, 0xB5, 0x0D, 0x55, 0x27, 0x3F,
    0x08, 0xC2, 0xAA, 0x5B, 0x43, 0x54, 0xB9, 0xAF, 0x1B, 0x93, 0xBE, 0xCD, 0xEE, 0xE4, 0xE7, 0xFB,
    0x88, 0xC5, 0xCA, 0x2F, 0xBA, 0x8A, 0x56, 0x78, 0x88, 0x0E, 0xB5, 0x7D, 0x76, 0x93, 0x9A, 0x34,
    0x3E, 0xC0, 0x19, 0x8A, 0x0E, 0xD5, 0x97, 0x30, 0xC4, 0xC9, 0x57, 0x90, 0x0D, 0xE4, 0x95, 0x7B,
    0xB6, 0x7D, 0x07, 0xC6, 0xE1, 0xA5, 0x33, 0x1C, 0xE1, 0xE8, 0x61, 0xE1, 0x2F, 0xCB, 0xFE, 0x7D,
    0x61, 0x4F, 0x65, 0x73, 0xA8, 0x70, 0x78, 0x09, 0x35, 0x40, 0x3A, 0xC8, 0x0E, 0xFB, 0xA9, 0x33,
    0x3B, 0x1B, 0x84, 0xDA, 0xE2, 0x32, 0x79, 0x1F, 0x01, 0xE9, 0x81, 0xBA, 0x47, 0x2A, 0x0F, 0xA6,
    0x0E, 0x0E, 0x10, 0x5D, 0xC0, 0xBE, 0xBE, 0x83, 0xBF, 0x03, 0xEC, 0x98, 0x2F, 0x8C, 0x24, 0xD7,
    0xB5, 0xC6, 0xAB, 0xA7, 0xDF, 0xF3, 0x48, 0xDB, 0xA0, 0x1F, 0x78, 0x7A, 0xC4, 0xA0, 0x1F, 0xCD,
    0x92, 0xE2, 0x20, 0xAA, 0x92, 0x02, 0x0C, 0x43, 0x3C, 0xA6, 0xA1, 0x89, 0xC9, 0xD2, 0x28, 0xA4,
    0x5B, 0x0A, 0x97, 0x96, 0x98, 0x2F, 0x30, 0xC8, 0x4E, 0x80, 0x39, 0xAA, 0x56, 0x02, 0x43, 0x3A,
    0x89, 0xAC, 0x80, 0x80, 0x34, 0xB0, 0x14, 0xC5, 0x24, 0x65, 0xB9, 0xAD, 0xB4, 0x37, 0xD5, 0xF7,
    0xE4, 0xFE, 0xF4, 0x3B, 0x3D, 0x2A, 0x79, 0x77, 0x47, 0x72, 0x02, 0xED, 0xAB, 0xE9, 0xFA, 0xCE,
    0x74, 0x57, 0xDD, 0xF3, 0x9D, 0xBF, 0xF7, 0xDE, 0x6A, 0x1E, 0x46, 0x4C, 0x0D, 0x63, 0x7B, 0x69,
    0x18, 0x6D, 0x69, 0x18, 0xEB, 0x68, 0x18, 0xCB, 0xE8, 0xBD, 0x67, 0xEF, 0x3D, 0x87, 0xE6, 0x2D,
    0xE3, 0xBE, 0x8E, 0x17, 0xCD, 0x22, 0xEA, 0x18, 0x9B, 0x1B, 0xE0, 0xD8, 0x2C, 0x81, 0xC3, 0x1C,
    0xEA, 0x34, 0xB7, 0xF5, 0x87, 0x3A, 0x56, 0x71, 0x50, 0xCD, 0x7E, 0x06, 0x9B, 0xD8, 0x09, 0x3D,
    0xD0, 0x4A, 0xA1, 0x8B, 0x88, 0xB3, 0x70, 0xAA, 0x0C, 0x02, 0x05, 0xCD, 0x20, 0x84, 0xA0, 0x82,
    0x26, 0xCE, 0xDC, 0xBF, 0x10, 0x6E, 0xE2, 0xA4, 0x01, 0xE3, 0x1C, 0x54, 0x7E, 0xAB, 0xF2, 0xD5,
    0x55, 0x79, 0x1D, 0xBD, 0x50, 0x95, 0x0B, 0xAD, 0x00, 0x14, 0x95, 0xEB, 0x9E, 0x9F, 0x36, 0x3F,
    0x63, 0x9E, 0x58, 0x44, 0xCF, 0x3C, 0x3F, 0x82, 0xF1, 0x2A, 0xDE, 0x13, 0x6E, 0x83, 0x2F, 0xCB,
    0x32, 0xD0, 0x7F, 0x5E, 0x9C, 0xBF, 0xD3, 0xCE, 0x7A, 0x72, 0xCF, 0x78, 0xB1, 0x09, 0xC6, 0xB1,
    0x0D, 0xC6, 0xA1, 0x0B, 0xC6, 0x7E, 0x0E, 0x98, 0x31, 0x5C, 0xE6, 0x99, 0x28, 0x3C, 0x30, 0x3C,
    0xBD, 0x89, 0xE1, 0x3F, 0xE3, 0x33, 0xA8, 0xD5, 0x21, 0x54, 0x76, 0x2B, 0x60, 0x94, 0xDA, 0xB9,
    0xC2, 0xAB, 0x4F, 0x62, 0xC2, 0x4B, 0x37, 0x95, 0x4D, 0x5B, 0x39, 0x03, 0x51, 0x9D, 0x52, 0x9A,
    0x2E, 0xA1, 0x00, 0x24, 0x3E, 0x04, 0xE0, 0x10, 0x13, 0x7F, 0x37, 0x01, 0xFC, 0xE0, 0x27, 0x71,
    0xAE, 0x1C, 0x2A, 0xF1, 0xB1, 0x72, 0xA8, 0x70, 0xB8, 0x89, 0xB1, 0xC2, 0x6E, 0x09, 0x14, 0xA8,
    0x6C, 0xF4, 0xD0, 0xE2, 0xAE, 0x99, 0x8F, 0xB5, 0xDF, 0x76, 0x06, 0x46, 0xD3, 0x16, 0x49, 0x5F,
    0x27, 0xAE, 0x0C, 0xD6, 0x66, 0x6A, 0xDE, 0x32, 0x6E, 0x70, 0xDD, 0xEE, 0x9A, 0x05, 0x73, 0xFB,
    0x76, 0xDF, 0x88, 0xC0, 0xFA, 0xCD, 0x59, 0x20, 0x94, 0x2C, 0xEC, 0x39, 0x0C, 0x8F, 0xF9, 0x78,
    0x9C, 0xC1, 0xA3, 0x59, 0x20, 0xA8, 0xFC, 0xDB, 0x70, 0x98, 0xE6, 0x1C, 0x18, 0xFF, 0xD5, 0x30,
    0x9E, 0x45, 0xE9, 0x8D, 0x63, 0x26, 0x6F, 0xB1, 0x3A, 0x26, 0x6D, 0x3F, 0x93, 0x68, 0xF7, 0xC3,
    0xD8, 0x74, 0x95, 0xE8, 0xED, 0xB1, 0x19, 0x50, 0xD8, 0x2F, 0xA2, 0x48, 0xF0, 0x2C, 0xC1, 0x51,
    0x82, 0xC7, 0x79, 0x8D, 0xC4, 0xA7, 0x77, 0x77, 0x95, 0x92, 0x2E, 0xEB, 0x66, 0xD0, 0xCC, 0x81,
    0x3C, 0x88, 0xBB, 0xBB, 0xF7, 0x2B, 0x48, 0x57, 0xD0, 0x86, 0x19, 0xEC, 0xB4, 0xCF, 0xA9, 0x2B,
    0x95, 0xC5, 0x0B, 0xC2, 0xF0, 0xD1, 0x27, 0x47, 0x69, 0x1E, 0xAF, 0xB5, 0xDC, 0x0C, 0xC2, 0x46,
    0xB8, 0x09, 0x99, 0xFE, 0xF7, 0x35, 0x4F, 0x7A, 0xDD, 0x1C, 0x07, 0xA6, 0xF3, 0x47, 0x63, 0xBB,
    0xCC, 0xA0, 0xCA, 0x69, 0x53, 0x53, 0x78, 0x42, 0xEF, 0xBE, 0xF9, 0xF9, 0x9C, 0x8C, 0x0C, 0x85,
    0xEB, 0x97, 0xBD, 0x70, 0x90, 0xDA, 0x39, 0x4B, 0x55, 0xC7, 0xF0, 0x2D, 0xFE, 0x3C, 0xF9, 0xC4,
    0x25, 0x7F, 0x94, 0x44, 0x66, 0xA9, 0x46, 0xB5, 0xC2, 0xFA, 0x35, 0xF8, 0x1F, 0xE1, 0x87, 0x7A,
    0xA1, 0xFB, 0xDB, 0x07, 0xDF, 0x70, 0xE4, 0x24, 0x8C, 0x42, 0xF5, 0xD3, 0x3B, 0x11, 0xE7, 0xB9,
    0xCD, 0xF7, 0xBF, 0xA2, 0xD7, 0x50, 0xC6, 0x24, 0x56, 0x7E, 0xF0, 0xDB, 0x81, 0xEE, 0xC6, 0xE4,
    0x7C, 0x28, 0x57, 0x6A, 0xB5, 0x7E, 0xB4, 0x34, 0x2B, 0x35, 0x8B, 0x33, 0x3F, 0xE7, 0xD7, 0xA6,
    0xBA, 0x7D, 0x64, 0x2A, 0xA7, 0xC1, 0xD6, 0x17, 0x4F, 0x6A, 0xF5, 0x4C, 0xDD, 0xD8, 0xB4, 0xD3,
    0xF6, 0xD4, 0x74, 0xD3, 0xC0, 0x65, 0xA8, 0xFF, 0x9E, 0xB6, 0xC7, 0x66, 0x75, 0x68, 0x77, 0xAF,
    0x97, 0xE1, 0x8B, 0xC6, 0x1E, 0xCC, 0xC4, 0x26, 0xFF, 0xDA, 0xCB, 0xCE, 0x7C, 0x47, 0x83, 0xD3,
    0xE7, 0xA5, 0x98, 0xEC, 0x99, 0xE3, 0x91, 0x17, 0x08, 0x5B, 0x66, 0x56, 0xD7, 0xD2, 0xCB, 0x71,
    0x3E, 0xFB, 0xFA, 0x8D, 0xB3, 0x37, 0x8F, 0xCF, 0xEE, 0xF8, 0xF0, 0x65, 0x56, 0x95, 0x5F, 0x7A,
    0x55, 0xA9, 0x9D, 0x53, 0x8D, 0x5E, 0x55, 0x6C, 0x45, 0xAB, 0x5A, 0xB5, 0x5E, 0x5D, 0x57, 0xB4,
    0x4B, 0xFD, 0xEA, 0xF6, 0x6A, 0x30, 0x0C, 0xC7, 0x5C, 0x95, 0x8D, 0x44, 0x03, 0x5F, 0x57, 0xA8,
    0x91, 0xAA, 0xD2, 0x89, 0x6F, 0x50, 0x68, 0x0A, 0x9B, 0xCF, 0x24, 0xFF, 0xFF, 0xBE, 0x4B, 0xA2,
    0x6E, 0x49, 0x2D, 0xAE, 0x23, 0xD7, 0x3A, 0x01, 0xD7, 0x9E, 0x2B, 0xFA, 0xFE, 0xEF, 0x65, 0x15,
    0x19, 0x4F, 0x5C, 0x51, 0x19, 0xAE, 0x49, 0xA3, 0x72, 0x3B, 0x93, 0x3B, 0xE4, 0xE3, 0x4C, 0x3E,
    0x28, 0x6F, 0xED, 0xAE, 0xD9, 0x98, 0xE4, 0xA4, 0x45, 0x33, 0xF9, 0x94, 0x2C, 0xB1, 0x71, 0x34,
    0x36, 0x5A, 0xA7, 0x8B, 0x74, 0xAA, 0x2E, 0xD2, 0xB5, 0xA8, 0x78, 0x9E, 0x1D, 0x13, 0x15, 0xE5,
    0x5A, 0x49, 0x43, 0x6A, 0x26, 0xC8, 0xC8, 0xA7, 0xEC, 0x9C, 0xB6, 0x3B, 0x5D, 0x1E, 0x65, 0x88,
    0xA2, 0xCB, 0xAB, 0x4B, 0x17, 0x11, 0xC8, 0x17, 0x52, 0xA7, 0x4E, 0x85, 0xF5, 0x13, 0xAA, 0x75,
    0x59, 0x28, 0x13, 0x2F, 0x28, 0x4B, 0xA3, 0xE7, 0xB9, 0xA4, 0x21, 0x4D, 0x69, 0x40, 0x67, 0x84,
    0x46, 0x63, 0xCF, 0x3B, 0x40, 0xE3, 0x36, 0x26, 0xB4, 0x53, 0x31, 0x9F, 0x47, 0x9C, 0x91, 0xFB,
    0xAB, 0x17, 0x83, 0xFB, 0x5A, 0x3D, 0x64, 0x95, 0xDB, 0x9A, 0xF0, 0x24, 0x32, 0xF4, 0x87, 0xA2,
    0x17, 0xBF, 0xA6, 0xDC, 0x33, 0x20, 0xD7, 0xA2, 0xF7, 0x63, 0x2A, 0x42, 0xD5, 0xF4, 0x50, 0x94,
    0x18, 0xBF, 0x28, 0xFA, 0x8B, 0x9E, 0xC4, 0x54, 0x13, 0xC7, 0x14, 0x32, 0x7B, 0x14, 0xE1, 0x6F,
    0x4A, 0x29, 0xF2, 0x8B, 0x69, 0xC4, 0xBF, 0x8A, 0xBD, 0x22, 0xDC, 0x3F, 0xBA, 0x7B, 0x16, 0x9F,
    0xF6, 0x19, 0x74, 0xD9, 0x2B, 0x9A, 0x0E, 0x5B, 0x25, 0x58, 0x0C, 0x4A, 0xDA, 0x97, 0xA3, 0x8A,
    0x97, 0xBB, 0xBB, 0xA1, 0x7C, 0x40, 0x57, 0x0B, 0x6E, 0xBA, 0xD0, 0x90, 0xAF, 0xF6, 0x6C, 0x62,
    0x9F, 0xF6, 0xA0, 0x30, 0xED, 0x41, 0x4C, 0x7B, 0x14, 0x35, 0xA2, 0xAD, 0xAE, 0xC6, 0x08, 0xA3,
    0x98, 0xF6, 0x10, 0x5C, 0xED, 0x79, 0x35, 0xC4, 0x45, 0x7B, 0xA4, 0xA3, 0x3D, 0x11, 0x06, 0x57,
    0x91, 0x8E, 0xE6, 0xF2, 0x70, 0xC1, 0x08, 0x2C, 0x65, 0xE5, 0xBC, 0xEE, 0xB5, 0xEA, 0xBF, 0x5A,
    0x95, 0xBB, 0xAD, 0xB4, 0x73, 0x3F, 0x43, 0x67, 0xB1, 0x82, 0xAD, 0xDE, 0x39, 0x5A, 0xC7, 0x59,
    0xC9, 0x06, 0x4B, 0x84, 0xF4, 0x6C, 0xE3, 0xE5, 0x7A, 0xD7, 0x8B, 0x76, 0x30, 0x73, 0x61, 0x9D,
    0x69, 0x9C, 0xBB, 0xAF, 0xDC, 0x7E, 0xD9, 0x4E, 0x44, 0x55, 0x77, 0x57, 0x2C, 0xF6, 0xAD, 0x6D,
    0xF6, 0xF7, 0x01, 0xD4, 0xB5, 0x0B, 0x51, 0x0A, 0xF4, 0x7B, 0x9C, 0x9B, 0x3D, 0x1F, 0xF9, 0xEA,
    0xD6, 0xF4, 0xA9, 0x69, 0x30, 0x1F, 0xDB, 0x98, 0x9B, 0xA6, 0x09, 0x16, 0xA4, 0x7D, 0xA2, 0x64,
    0x2F, 0x38, 0x8B, 0x98, 0xF1, 0x96, 0xE1, 0x4A, 0xB0, 0xA8, 0xA9, 0xEC, 0x42, 0x73, 0xCA, 0x85,
    0xE6, 0x50, 0x11, 0xA7, 0x9A, 0x78, 0x83, 0xDB, 0xB1, 0x85, 0x76, 0xF7, 0x4B, 0x78, 0x57, 0xBB,
    0xD7, 0x96, 0x0A, 0xE1, 0x07, 0xB9, 0x0D, 0xBB, 0xB9, 0x0D, 0xBB, 0xB9, 0x0D, 0x1F, 0xB8, 0x6B,
    0x34, 0x4C, 0xA2, 0x8B, 0x76, 0x5C, 0x12, 0x27, 0x68, 0x24, 0x2E, 0xCD, 0x52, 0x7C, 0xD0, 0x85,
    0x75, 0x42, 0xD1, 0x43, 0x0B, 0x35, 0xD0, 0x72, 0x25, 0x01, 0x0F, 0xE0, 0x8E, 0xC2, 0x97, 0x56,
    0xC5, 0x16, 0x3C, 0x67, 0x83, 0x99, 0x0C, 0x47, 0x18, 0x0E, 0x3B, 0x03, 0xAD, 0x37, 0x0C, 0x0D,
    0x13, 0x7B, 0x8F, 0x7E, 0x73, 0xE8, 0xCF, 0x79, 0xCE, 0xB8, 0xBD, 0x73, 0xB4, 0x97, 0x14, 0x56,
    0xE5, 0xE1, 0xEE, 0x26, 0x07, 0xFC, 0x1E, 0x1D, 0x34, 0xF2, 0xFB, 0x7B, 0x5A, 0x18, 0x81, 0xAE,
    0xB7, 0xDF, 0x78, 0x3C, 0xEA, 0x31, 0x97, 0x0C, 0x63, 0xB6, 0x43, 0xB3, 0x51, 0xC0, 0xFF, 0x05,
    0x0F, 0xD0, 0xA0, 0x2E, 0x98, 0xBE, 0x5B, 0x98, 0x82, 0xD8, 0x98, 0xC2, 0x2A, 0xB0, 0x64, 0x13,
    0x35, 0xE8, 0xC3, 0x19, 0xF3, 0x9B, 0x6E, 0x0A, 0xC2, 0x53, 0x9A, 0xE1, 0x84, 0x1D, 0xDD, 0x65,
    0x11, 0x5F, 0x04, 0xC2, 0xB4, 0x8C, 0xDF, 0xC4, 0x11, 0x5B, 0x56, 0xF1, 0x4B, 0x04, 0x42, 0xB3,
    0xF4, 0xC4, 0xD4, 0x5D, 0x50, 0xD3, 0xC4, 0x69, 0x38, 0x2B, 0x8C, 0x31, 0x56, 0x7D, 0x95, 0xE9,
    0x97, 0x71, 0xA8, 0x6A, 0x2A, 0xD3, 0xBF, 0xC6, 0x6E, 0x0D, 0xAF, 0xF8, 0x4B, 0xA0, 0x0F, 0xDE,
    0x1E, 0x3B, 0x6E, 0xE1, 0xD2, 0x15, 0x04, 0x5A, 0x37, 0x4C, 0x83, 0x5E, 0x0D, 0xC1, 0xA0, 0x39,
    0x2B, 0xF4, 0x8D, 0x4C, 0x8B, 0x6E, 0x6D, 0x31, 0x00, 0xA6, 0x1D, 0x97, 0x80, 0x60, 0x7D, 0x68,
    0xA1, 0xEB, 0xDF, 0xB9, 0xAF, 0x85, 0xEF, 0x71, 0x62, 0x5D, 0xC4, 0x76, 0x6A, 0xD0, 0xF0, 0x7B,
    0xAC, 0x44, 0xB7, 0x37, 0x56, 0xCC, 0x66, 0x98, 0x71, 0xB9, 0xEB, 0xC5, 0xF9, 0xB0, 0x53, 0xDF,
    0xBF, 0x84, 0x00, 0x47, 0x20, 0x92, 0xA0, 0x21, 0x3B, 0x21, 0xBD, 0x72, 0x75, 0x23, 0xA1, 0xB0,
    0x86, 0x64, 0x26, 0x99, 0xFC, 0xAE, 0xCA, 0x71, 0x01, 0xF7, 0x24, 0x13, 0xA1, 0xC8, 0xFD, 0xCD,
    0x81, 0x72, 0x21, 0x6A, 0x3C, 0x46, 0xD1, 0xF2, 0x08, 0xEC, 0x79, 0x0C, 0xBB, 0x72, 0x1F, 0x71,
    0x36, 0x83, 0x86, 0x57, 0xD2, 0xDD, 0x46, 0x9E, 0xA0, 0xA0, 0x2D, 0xF6, 0x20, 0x11, 0xB7, 0xE9,
    0x4F, 0x89, 0x67, 0x31, 0x33, 0x71, 0x63, 0x07, 0x30, 0x53, 0xD1, 0x13, 0xC0, 0x2F, 0x3E, 0x89,
    0x92, 0xB3, 0x4E, 0x89, 0x63, 0xE2, 0x3E, 0x11, 0xD0, 0xC3, 0xF3, 0xD3, 0x1C, 0x0E, 0x61, 0x6B,
    0xB5, 0xB0, 0xED, 0xDB, 0x88, 0x5C, 0x6E, 0x67, 0xE8, 0x92, 0x9B, 0xCB, 0x2D, 0xF7, 0xB8, 0x52,
    0xB9, 0xCC, 0x8A, 0x2E, 0x57, 0xF4, 0x42, 0x7E, 0xC3, 0x6F, 0x15, 0xF5, 0x23, 0xBF, 0x75, 0x33,
    0xE4, 0x9E, 0x6D, 0xB1, 0x5F, 0xDA, 0x27, 0x51, 0x35, 0x43, 0xF3, 0x82, 0x7B, 0x1E, 0xA3, 0xB5,
    0x78, 0x8D, 0xD6, 0x38, 0xA3, 0xC5, 0x48, 0x84, 0x56, 0xAE, 0x15, 0x2D, 0x00, 0xAD, 0xC4, 0x2E,
    0xD1, 0xA6, 0xAD, 0x87, 0x12, 0x4B, 0xE2, 0x45, 0xDC, 0x26, 0x0E, 0x93, 0x18, 0xE2, 0x6C, 0x3C,
    0xCD, 0xCD, 0x59, 0x97, 0x91, 0x1A, 0x12, 0x43, 0xBC, 0x09, 0x7D, 0x7F, 0x9B, 0xB8, 0x8E, 0x01,
    0xAC, 0xD4, 0xBA, 0xB3, 0x8A, 0xC4, 0xED, 0xD4, 0x4D, 0x26, 0x0E, 0x48, 0x22, 0x81, 0x58, 0x0A,
    0x92, 0x78, 0x20, 0x09, 0x49, 0x03, 0xA2, 0xFE, 0x40, 0xF8, 0x82, 0xF0, 0x6B, 0x8B, 0xFD, 0x6A,
    0x53, 0xD0, 0xFA, 0xEA, 0x7E, 0x08, 0x1E, 0x67, 0x90, 0xE3, 0xE2, 0x3A, 0xB1, 0x15, 0x75, 0x84,
    0xF1, 0xA0, 0x97, 0xE0, 0x5B, 0x10, 0x5F, 0xA2, 0x8A, 0xD0, 0x82, 0xD7, 0x86, 0xBB, 0xC9, 0x06,
    0x8C, 0xB7, 0xC0, 0x6D, 0xA2, 0x87, 0xFA, 0xE7, 0x2E, 0x99, 0x07, 0xB5, 0xED, 0x13, 0xD4, 0x99,
    0xB0, 0xFB, 0xE6, 0x49, 0xFA, 0x91, 0x03, 0xF5, 0x70, 0xE9, 0x81, 0xD0, 0x71, 0x3E, 0xBD, 0x30,
    0xAE, 0x00, 0xCB, 0x26, 0x40, 0x56, 0x7C, 0xF5, 0x2C, 0x0A, 0xAE, 0x6A, 0x22, 0xC8, 0x09, 0xFA,
    0xBB, 0xAB, 0x57, 0x02, 0xDC, 0x85, 0x1D, 0x5B, 0x3A, 0x38, 0xD8, 0xBA, 0xD8, 0x1F, 0x76, 0x71,
    0x8F, 0x8A, 0xCE, 0xD4, 0x01, 0x68, 0x59, 0xFA, 0x67, 0x50, 0x7B, 0xBD, 0xBE, 0xBA, 0xBE, 0xBB,
    0xE8, 0xF5, 0xEA, 0xD7, 0x8D, 0xD6, 0xEE, 0x34, 0xF3, 0xA8, 0x7D, 0x27, 0xE1, 0xEC, 0xAA, 0x34,
    0xA1, 0x69, 0x51, 0x01, 0x6B, 0xD1, 0xF4, 0x00, 0x38, 0x7A, 0x0B, 0xE5, 0x11, 0x6B, 0xE9, 0x40,
    0x83, 0x7A, 0x67, 0x7B, 0x34, 0xCD, 0x64, 0x8D, 0x98, 0x59, 0x7B, 0xF1, 0x99, 0xC0, 0x5A, 0x2A,
    0x09, 0x6B, 0x37, 0xE8, 0xDA, 0x5F, 0xE3, 0xB4, 0x11, 0x5A, 0x60, 0xC7, 0x0A, 0x07, 0x87, 0x60,
    0x8D, 0xFE, 0x7C, 0x88, 0xA2, 0x7D, 0x93, 0xC0, 0x44, 0x5A, 0xAB, 0xD6, 0xA1, 0x5E, 0x9F, 0x7F,
    0xA7, 0x5E, 0xD1, 0xDC, 0x33, 0x4C, 0x33, 0xCD, 0x43, 0xBF, 0x16, 0x3E, 0x14, 0xCF, 0x5C, 0xD2,
    0x19, 0x25, 0xB9, 0x50, 0x36, 0xD2, 0x61, 0x4E, 0x24, 0xF7, 0x13, 0xD6, 0x67, 0x4A, 0xAD, 0xD1,
    0x96, 0x0C, 0x0D, 0x4D, 0x3E, 0xDA, 0xC7, 0x73, 0x29, 0x05, 0xD2, 0x31, 0xBD, 0xE2, 0x11, 0x60,
    0x61, 0xC7, 0x4D, 0xA7, 0x68, 0x35, 0xF7, 0x28, 0xE1, 0x13, 0x6C, 0x97, 0x80, 0xE6, 0xFB, 0x62,
    0x40, 0x07, 0xCC, 0x8F, 0xB5, 0x4A, 0x10, 0xDA, 0xBA, 0xB7, 0xB2, 0xBF, 0x62, 0xC5, 0x08, 0x09,
    0x0D, 0x33, 0xC1, 0x56, 0x0A, 0x6C, 0xFB, 0x1F, 0x91, 0xD8, 0xC4, 0x3B, 0x4E, 0x6A, 0x84, 0xA3,
    0x7A, 0xB0, 0x08, 0x63, 0x65, 0xAB, 0x46, 0x2C, 0xC2, 0x6C, 0x79, 0xA3, 0x51, 0x17, 0xC2, 0x49,
    0x0B, 0xBE, 0x8B, 0xAF, 0xDC, 0x3F, 0xAC, 0xAB, 0xF0, 0xD3, 0x97, 0xEC, 0x4C, 0xC8, 0x8E, 0x3C,
    0x08, 0x4F, 0x72, 0xDD, 0x4E, 0xEC, 0xC6, 0xCD, 0x29, 0xCE, 0xEE, 0x28, 0xD1, 0x61, 0xEC, 0xCA,
    0xD5, 0x5A, 0xB9, 0x0D, 0x91, 0x44, 0x38, 0x4C, 0xE7, 0xCA, 0x51, 0xFF, 0x96, 0xF2, 0x8D, 0x73,
    0x8D, 0xCA, 0x5A, 0x9A, 0xC3, 0x54, 0x6F, 0x6B, 0x25, 0xD9, 0x95, 0x2A, 0xE7, 0x21, 0xA2, 0x65,
    0x0B, 0x28, 0x9F, 0xAA, 0xE5, 0xBD, 0xF8, 0xAD, 0x16, 0x9B, 0x07, 0x3E, 0x6A, 0x76, 0xF8, 0xA8,
    0xDF, 0xFB, 0xA8, 0xE6, 0xA5, 0xBC, 0x9D, 0xC9, 0x61, 0x39, 0xE9, 0xA4, 0x4B, 0x57, 0x36, 0x3E,
    0xBB, 0x62, 0x9F, 0xF9, 0x10, 0x9D, 0x91, 0x7D, 0x68, 0xEE, 0x86, 0xF6, 0xC3, 0x74, 0x9B, 0x75,
    0x10, 0x7D, 0x4C, 0xD2, 0x5F, 0x46, 0xC1, 0x82, 0x38, 0xFB, 0xA8, 0x26, 0xFA, 0x28, 0xDB, 0xC4,
    0xB8, 0xF8, 0x28, 0x89, 0x37, 0x14, 0x1F, 0xC5, 0x13, 0xD8, 0x75, 0x13, 0xE5, 0xE1, 0x7D, 0x01,
    0x8D, 0x18, 0x6F, 0x61, 0x7B, 0x7D, 0xB4, 0xCA, 0x20, 0x0B, 0x82, 0x87, 0x1C, 0x5C, 0xCB, 0xF9,
    0x7E, 0xF6, 0xBA, 0x76, 0x63, 0x7A, 0xF8, 0x46, 0x00, 0x70, 0xE9, 0x72, 0x21, 0x2B, 0x77, 0x43,
    0x9D, 0xF9, 0x09, 0x31, 0xF6, 0x24, 0xFF, 0x48, 0x52, 0x68, 0xAC, 0xAF, 0x36, 0xEE, 0x07, 0x18,
    0x2F, 0x9C, 0xFA, 0xC6, 0x25, 0x65, 0xC9, 0x4A, 0x02, 0x30, 0x33, 0x6E, 0x76, 0x92, 0x77, 0xAF,
    0xC9, 0x97, 0x1D, 0x6B, 0xDE, 0x43, 0xB5, 0xD5, 0x43, 0x8D, 0xB7, 0xFC, 0x7F, 0xE3, 0x42, 0xF6,
    0x9C, 0x77, 0x47, 0xD9, 0xDA, 0x85, 0x83, 0xD0, 0x9B, 0xF6, 0x2A, 0xD8, 0x61, 0xEB, 0x5D, 0xFF,
    0xFD, 0x79, 0xE4, 0xDB, 0x9C, 0x47, 0x9A, 0xA7, 0x1F, 0xF3, 0xE7, 0x99, 0x7A, 0x4B, 0x72, 0x32,
    0x9D, 0xBF, 0xB5, 0xE5, 0xBD, 0x0C, 0xB6, 0xDE, 0x45, 0x2F, 0x93, 0x32, 0x86, 0xF8, 0x4C, 0x61,
    0xF1, 0xFE, 0x7F, 0x72, 0x24, 0xFC, 0x3E, 0x04, 0xDF, 0xBF, 0xA6, 0x00, 0x21, 0xE6, 0x1B, 0xB1,
    0x8F, 0xAF, 0xDD, 0xF7, 0x34, 0x7F, 0x17, 0xDC, 0x29, 0xF0, 0x68, 0xF6, 0xEE, 0x21, 0x57, 0x33,
    0x26, 0x58, 0x29, 0x9C, 0x21, 0xE5, 0xEE, 0xE2, 0x7A, 0x78, 0x75, 0xAD, 0xCC, 0x3D, 0xA5, 0x09,
    0xD7, 0x6A, 0x95, 0x67, 0x37, 0xCC, 0x51, 0x58, 0xE7, 0x29, 0x0E, 0x43, 0xEC, 0x4B, 0xB9, 0xB9,
    0xD5, 0x04, 0x85, 0xA2, 0x80, 0x11, 0xAE, 0x9F, 0x83, 0xEF, 0xBA, 0x50, 0x9E, 0x7D, 0xD2, 0xB7,
    0x5D, 0x2A, 0x47, 0xEF, 0xF5, 0x7D, 0x17, 0xAA, 0x8E, 0x32, 0xA5, 0x5F, 0x1B, 0xD5, 0x87, 0xF0,
    0x7A, 0x8C, 0xAC, 0x42, 0x49, 0x02, 0x66, 0x0D, 0x66, 0x12, 0x62, 0x84, 0xD2, 0x2B, 0xF8, 0xBA,
    0x36, 0x77, 0xED, 0x78, 0x8D, 0xDC, 0x89, 0x80, 0x30, 0xAE, 0x08, 0xA4, 0xEE, 0x2A, 0x31, 0x91,
    0xF9, 0xD8, 0x44, 0x4A, 0x9E, 0xDC, 0x36, 0x16, 0x22, 0x2F, 0x2A, 0x91, 0x56, 0x48, 0x5D, 0x61,
    0x7D, 0x2F, 0xA4, 0x73, 0x61, 0xBF, 0x55, 0x68, 0xB3, 0xAF, 0xAA, 0xD4, 0xFD, 0xA3, 0x4A, 0xDB,
    0xAF, 0x21, 0xF8, 0x25, 0x74, 0xBF, 0xAA, 0x52, 0xFC, 0xA9, 0x4A, 0xF1, 0x05, 0xAB, 0xD4, 0xEF,
    0xF8, 0xB7, 0x4A, 0xCB, 0xF8, 0x31, 0x5B, 0xF2, 0x31, 0xF6, 0xAB, 0x58, 0x13, 0xFE, 0x63, 0xCD,
    0x91, 0xCB, 0x26, 0xAA, 0xC6, 0x43, 0xEC, 0xDB, 0xA9, 0xDA, 0xB3, 0x44, 0xEA, 0x4E, 0x6D, 0xA1,
    0xE4, 0x63, 0x3F, 0x8C, 0xB5, 0x82, 0x6E, 0x91, 0xE2, 0xD0, 0x41, 0x79, 0x17, 0x7F, 0x88, 0xFD,
    0x16, 0xA9, 0x8F, 0x3F, 0x46, 0x3F, 0x40, 0xB9, 0x89, 0x3F, 0xD7, 0x8F, 0xD2, 0xDF, 0x2F, 0x0D,
    0xE4, 0x49, 0xF5, 0xA9, 0x81, 0x7C, 0xA9, 0xD2, 0x69, 0x61, 0x29, 0x0E, 0x31, 0xDE, 0x58, 0x8B,
    0x43, 0x1C, 0xAA, 0x26, 0xA4, 0x6D, 0xA5, 0x45, 0x59, 0x9E, 0xAB, 0x84, 0xA6, 0x66, 0xA8, 0x52,
    0x41, 0x62, 0x22, 0x34, 0xC5, 0x2E, 0x5F, 0x1B, 0x3C, 0xBD, 0x27, 0x77, 0x4C, 0x5D, 0xA3, 0xBA,
    0x2D, 0x86, 0x8F, 0x78, 0x2B, 0x0C, 0x93, 0xD9, 0x44, 0x1A, 0x18, 0x55, 0x04, 0xA2, 0xCA, 0x93,
    0x04, 0xD3, 0x27, 0x15, 0x46, 0xA3, 0xBA, 0x54, 0xE8, 0x15, 0xEC, 0x22, 0xBE, 0x8A, 0x37, 0x85,
    0x15, 0xF6, 0x99, 0xDC, 0x08, 0x03, 0x08, 0x31, 0x20, 0xA3, 0x97, 0x82, 0x04, 0xDF, 0xCA, 0x74,
    0xF8, 0x37, 0x98, 0xFA, 0x80, 0x4C, 0xAD, 0x60, 0x9F, 0x9C, 0x31, 0xF5, 0xC9, 0xF9, 0x78, 0xE6,
    0x02, 0xB0, 0x92, 0x55, 0x6E, 0x38, 0xF3, 0xE4, 0xEA, 0xD7, 0xE6, 0x72, 0xFC, 0x3A, 0xC2, 0x76,
    0x37, 0x90, 0x26, 0xD1, 0x93, 0xFE, 0x0B, 0xDF, 0x3D, 0x1D, 0xE8, 0x14, 0xD4, 0x05, 0x3B, 0x0D,
    0x54, 0xAD, 0xB2, 0x60, 0x20, 0x05, 0x6E, 0x12, 0xE9, 0x3C, 0x60, 0xE7, 0xFB, 0xEB, 0xEC, 0x4C,
    0x22, 0xCC, 0x40, 0x2C, 0xC1, 0x0D, 0x57, 0xC4, 0x20, 0x90, 0x2E, 0xC3, 0xEF, 0x58, 0x01, 0xD2,
    0x85, 0x98, 0xC7, 0xF3, 0x2B, 0x3B, 0x6D, 0x52, 0x8B, 0x3A, 0x18, 0x2B, 0xFE, 0xAB, 0xBD, 0xB7,
    0x01, 0xB5, 0xE5, 0xBA, 0xEE, 0xC3, 0xCF, 0xCC, 0xB1, 0xDE, 0xC9, 0x5F, 0x07, 0xFE, 0x63, 0x20,
    0x0A, 0xAD, 0x0D, 0x9D, 0x02, 0xA1, 0x80, 0x4A, 0x33, 0x7C, 0x84, 0xAF, 0xE2, 0x7A, 0x46, 0x16,
    0xA4, 0x80, 0x81, 0x3C, 0x40, 0xCF, 0x86, 0x0A, 0x10, 0x1F, 0x2E, 0x14, 0xA7, 0xCD, 0xE3, 0xA3,
    0x40, 0x0B, 0x69, 0x67, 0x1A, 0x53, 0x0A, 0x04, 0xF0, 0x03, 0xEC, 0x04, 0x08, 0x60, 0x01, 0x29,
    0x48, 0x57, 0xB4, 0xAF, 0x7C, 0x3B, 0x90, 0x7A, 0x26, 0x16, 0x60, 0x20, 0x80, 0x4E, 0x6C, 0x4C,
    0xA0, 0x05, 0x7C, 0x92, 0x58, 0xA4, 0x79, 0x02, 0x34, 0xB6, 0xC7, 0xD1, 0xBC, 0xA7, 0x99, 0x59,
    0xBD, 0xFB, 0xF7, 0xFB, 0xED, 0x7D, 0xF7, 0xE4, 0xCD, 0xD3, 0xD5, 0x7B, 0x8E, 0xDC, 0xC8, 0xD1,
    0x44, 0x99, 0xB5, 0xAE, 0xEF, 0xBB, 0xE7, 0xEC, 0xBD, 0xF6, 0xDA, 0x6B, 0xAF, 0xBD, 0x3E, 0x97,
    0xCF, 0x51, 0x09, 0x8F, 0xAE, 0xE5, 0x8B, 0xA6, 0x37, 0x48, 0x32, 0x75, 0x94, 0x9A, 0x63, 0x6C,
    0x79, 0xE2, 0x85, 0xCB, 0xD9, 0x9D, 0x78, 0xD7, 0x48, 0x4D, 0x57, 0xF8, 0x4D, 0x38, 0x46, 0x76,
    0x27, 0xD9, 0x9B, 0x56, 0x90, 0x76, 0xA7, 0x03, 0x60, 0x05, 0xCA, 0x5F, 0x6F, 0x77, 0x72, 0x30,
    0xB6, 0x3B, 0x11, 0x06, 0xBB, 0xD3, 0xB0, 0x6D, 0x77, 0x22, 0xA4, 0xDD, 0xE9, 0xFD, 0x0E, 0x0B,
    0xC3, 0xD9, 0x1E, 0xD6, 0x2E, 0xA5, 0x00, 0x3F, 0x90, 0xB1, 0x8F, 0x11, 0x33, 0x54, 0xB1, 0xBD,
    0x84, 0x33, 0x2B, 0xE8, 0x26, 0x39, 0xC0, 0x48, 0xB1, 0xDB, 0x13, 0xA4, 0x0E, 0x2C, 0x00, 0xB8,
    0x4D, 0x0E, 0xBA, 0x4A, 0x52, 0xCE, 0x03, 0x14, 0x76, 0x4A, 0x6C, 0xFE, 0x9C, 0x59, 0x47, 0x72,
    0x57, 0xDE, 0x82, 0xE0, 0xC0, 0x00, 0x80, 0x71, 0x1A, 0xB9, 0xEB, 0xBB, 0x37, 0x1F, 0x75, 0xC3,
    0x7E, 0x0C, 0x9B, 0xCD, 0x04, 0x60, 0x3F, 0xB5, 0x20, 0x08, 0x82, 0x42, 0x31, 0x02, 0xEF, 0x35,
    0x40, 0x82, 0x0F, 0x3E, 0x08, 0x82, 0xFE, 0xAA, 0x2A, 0x27, 0xC9, 0x65, 0x68, 0x2B, 0x23, 0xB0,
    0x10, 0xCC, 0xBB, 0x8D, 0xD8, 0x20, 0x82, 0xEB, 0xEE, 0x9D, 0x87, 0x70, 0xC5, 0xB8, 0xEE, 0xEE,
    0x5B, 0x6C, 0xAF, 0x5C, 0xA0, 0xC1, 0x93, 0x8F, 0x21, 0x98, 0xD4, 0x3F, 0x32, 0xA9, 0x6F, 0x3C,
    0xA9, 0xEE, 0xCD, 0x98, 0x56, 0xC0, 0x3A, 0x61, 0x47, 0x61, 0x49, 0x6B, 0xF2, 0xA4, 0x17, 0x12,
    0xA0, 0x12, 0x88, 0x76, 0x22, 0x6F, 0xC9, 0x48, 0x41, 0x6C, 0x72, 0x43, 0xBC, 0x5F, 0x2F, 0xB7,
    0xCD, 0x70, 0x33, 0x2E, 0x67, 0x77, 0x4C, 0xB8, 0xBD, 0x5E, 0x4E, 0x6E, 0x12, 0x19, 0xD5, 0x6A,
    0x99, 0x69, 0xDB, 0xD1, 0x61, 0x50, 0x8D, 0x46, 0x6F, 0xB2, 0xB5, 0x21, 0x60, 0x3D, 0xB0, 0x05,
    0xBA, 0x75, 0x06, 0x2C, 0xA5, 0xDC, 0x2A, 0x4D, 0xDA, 0x5F, 0x55, 0x5A, 0xB5, 0xA7, 0x67, 0xBD,
    0x80, 0x72, 0xE0, 0xB6, 0x63, 0x66, 0xC3, 0xC1, 0xBA, 0x23, 0xD5, 0xA6, 0xAF, 0xD9, 0xFF, 0x0A,
    0x72, 0x84, 0x63, 0x16, 0x56, 0xF9, 0xB3, 0x7A, 0x0C, 0xA6, 0x03, 0x71, 0xA3, 0xA6, 0x4B, 0xFB,
    0xBA, 0xB0, 0xC9, 0x63, 0xB5, 0x30, 0x0C, 0x59, 0xCF, 0xAD, 0x9B, 0x91, 0xC3, 0xE2, 0xC6, 0xC5,
    0xCB, 0xBC, 0xFD, 0xE6, 0xF4, 0x6E, 0x73, 0xCB, 0x52, 0xED, 0x33, 0x72, 0xBB, 0x37, 0x10, 0x34,
    0x8E, 0x15, 0xA5, 0x7D, 0x2B, 0x40, 0x83, 0xFB, 0x9A, 0xA7, 0x21, 0xF9, 0xD8, 0x66, 0xAE, 0xD5,
    0x0F, 0x75, 0xDB, 0x0E, 0x01, 0x15, 0xC1, 0xD6, 0xD1, 0x8A, 0x97, 0x78, 0xEB, 0x22, 0x32, 0x69,
    0xB4, 0x36, 0x10, 0xF1, 0x47, 0x1C, 0xAF, 0x5F, 0x3C, 0xEB, 0x67, 0x71, 0x58, 0x60, 0x96, 0x92,
    0x88, 0x2D, 0xDC, 0x91, 0xA9, 0x4D, 0x39, 0x87, 0xC3, 0x43, 0x1C, 0xA7, 0xBC, 0xDB, 0x35, 0x98,
    0x12, 0x45, 0x5D, 0x4B, 0x59, 0xBF, 0x4B, 0x70, 0x4E, 0x8E, 0x14, 0x84, 0x98, 0x1F, 0x38, 0xD8,
    0x66, 0x89, 0x2A, 0x5B, 0x64, 0x5F, 0x68, 0xED, 0x89, 0x3D, 0x3B, 0xFD, 0xB5, 0x9E, 0x9D, 0x62,
    0xD3, 0xB3, 0xD3, 0x3C, 0x9E, 0x67, 0x67, 0xBE, 0xCE, 0xB3, 0x83, 0xAF, 0x4C, 0xE3, 0x61, 0x85,
    0xE1, 0xE0, 0xE9, 0x3D, 0xCC, 0x05, 0x0B, 0xC2, 0x73, 0x49, 0x78, 0x12, 0xE4, 0xEA, 0x65, 0x2B,
    0xC8, 0xF1, 0x46, 0xE7, 0xD9, 0xB6, 0xF3, 0x87, 0x8F, 0x34, 0x5D, 0x29, 0x06, 0x09, 0xB6, 0xE1,
    0x9C, 0x52, 0x61, 0xD4, 0x98, 0x09, 0xC6, 0x03, 0x75, 0x02, 0xA9, 0x04, 0x1A, 0x6F, 0x26, 0x00,
    0x5D, 0xF1, 0x2C, 0x75, 0x80, 0xA4, 0x04, 0xC0, 0x26, 0xED, 0x08, 0xC6, 0xA4, 0xB5, 0x86, 0xF3,
    0xAA, 0x64, 0x5B, 0xDB, 0x13, 0x24, 0xB6, 0x32, 0x1B, 0x26, 0x5F, 0xFC, 0x4A, 0xBB, 0x71, 0xCC,
    0x3E, 0xB9, 0xA1, 0xB2, 0xE3, 0xAD, 0xFA, 0xC6, 0x45, 0x73, 0x79, 0x6A, 0x51, 0x99, 0x95, 0x29,
    0x99, 0xC6, 0x65, 0x2D, 0xF7, 0x11, 0x38, 0x97, 0x5A, 0xBF, 0x0F, 0xB8, 0xA2, 0x4E, 0xF5, 0x7B,
    0x2C, 0xAD, 0x7E, 0xCF, 0x51, 0xEA, 0xF7, 0x81, 0x1D, 0x6A, 0x05, 0x41, 0xE8, 0xF7, 0x24, 0xEC,
    0x12, 0x82, 0x21, 0xF4, 0x7B, 0x8E, 0x9B, 0xBF, 0x27, 0xCE, 0xDF, 0x73, 0x22, 0xFC, 0x3D, 0x86,
    0xC8, 0xDF, 0x93, 0x4D, 0xF4, 0xFB, 0x70, 0xA7, 0xD0, 0x14, 0xC2, 0xEF, 0xA9, 0xB8, 0x6F, 0x4F,
    0x51, 0xBF, 0x5F, 0x4F, 0x71, 0xB9, 0x66, 0x8A, 0x9A, 0x56, 0x61, 0x7C, 0x38, 0x45, 0x3D, 0x23,
    0xF1, 0x20, 0xC2, 0xB7, 0x70, 0x19, 0x9E, 0x85, 0x73, 0x2D, 0x9E, 0xBE, 0x68, 0x1C, 0xDB, 0x61,
    0x1F, 0xF0, 0x0B, 0x49, 0x7F, 0x0C, 0x6E, 0xC1, 0x40, 0xB1, 0xCD, 0x6A, 0x9E, 0xA0, 0x1A, 0x90,
    0x1F, 0x1C, 0x07, 0xB4, 0x1E, 0x5C, 0xB5, 0x49, 0x73, 0xFE, 0x5B, 0xD0, 0x49, 0xFF, 0x96, 0x74,
    0xDE, 0xA0, 0xFF, 0x41, 0xB7, 0x23, 0x49, 0x09, 0xE0, 0xA2, 0x69, 0x70, 0xC6, 0x66, 0xC0, 0x87,
    0x30, 0x6C, 0xFD, 0xDB, 0x70, 0x59, 0xE2, 0xB0, 0xC9, 0x62, 0x1C, 0xF6, 0xD6, 0x14, 0xAB, 0x27,
    0x9C, 0x22, 0x25, 0xCB, 0x8A, 0xE6, 0xCB, 0x2B, 0xC4, 0xB9, 0x18, 0x11, 0x3E, 0x90, 0xFE, 0x22,
    0x7A, 0x1B, 0xE1, 0x84, 0xC4, 0xF5, 0x90, 0xDF, 0xF8, 0x70, 0xF7, 0xAC, 0x4E, 0x70, 0x3E, 0xD9,
    0x0A, 0x6F, 0x02, 0x9E, 0xAF, 0xF0, 0x0A, 0x8A, 0x21, 0x4D, 0xCB, 0x0C, 0x7F, 0xA4, 0x05, 0x22,
    0x80, 0xE5, 0x0A, 0x3C, 0x56, 0xD0, 0xB8, 0x2D, 0x15, 0x00, 0x4F, 0x88, 0xCD, 0xA0, 0xF1, 0x7B,
    0x46, 0x53, 0xCF, 0xD1, 0x46, 0x46, 0x2D, 0x4D, 0x20, 0xF0, 0x43, 0x8E, 0x49, 0xE8, 0x03, 0x13,
    0xEF, 0x13, 0xA3, 0x1B, 0xC3, 0x41, 0x17, 0x09, 0x07, 0x96, 0xD7, 0xCC, 0x4E, 0x72, 0x93, 0xE9,
    0xBE, 0x47, 0xC7, 0xA4, 0x2E, 0x12, 0x00, 0xDF, 0x27, 0x1B, 0xD3, 0x2F, 0xEE, 0xF5, 0xD4, 0x7A,
    0xC1, 0xFA, 0x72, 0x5A, 0xA4, 0x9C, 0x82, 0xCA, 0x02, 0xD6, 0x50, 0x80, 0x81, 0x4E, 0x9C, 0x5B,
    0x11, 0xB0, 0x70, 0x5C, 0xC7, 0xD8, 0xCA, 0xA7, 0x44, 0xFE, 0x69, 0xCD, 0xEE, 0x70, 0x35, 0x28,
    0x2E, 0x85, 0x51, 0xCC, 0xCA, 0x95, 0x94, 0x73, 0xEC, 0x24, 0x40, 0xCA, 0xB8, 0x34, 0x68, 0x3C,
    0x7D, 0x6A, 0x8B, 0xB0, 0x9D, 0x19, 0x4C, 0x1F, 0xF4, 0x24, 0x68, 0xF0, 0xA5, 0xF9, 0xC1, 0xD7,
    0xE6, 0x07, 0x5F, 0x2F, 0x7E, 0xF0, 0x36, 0x6B, 0xF0, 0xA9, 0x4D, 0x1A, 0xFC, 0xD1, 0x46, 0x0E,
    0xF9, 0xC2, 0xAC, 0x07, 0x86, 0xF3, 0x29, 0x60, 0x0D, 0x3F, 0xDF, 0x6C, 0xF6, 0x83, 0xD7, 0xD6,
    0x80, 0x6F, 0x19, 0x98, 0x28, 0x19, 0xFB, 0xB8, 0xAE, 0xBD, 0xA1, 0x55, 0xD7, 0xDD, 0xD0, 0x48,
    0x25, 0x91, 0x48, 0xAE, 0xAE, 0x84, 0x1B, 0x43, 0x94, 0x01, 0x59, 0x16, 0x05, 0xF0, 0xC9, 0xDD,
    0x8C, 0x31, 0x94, 0x46, 0x52, 0x3C, 0xDA, 0xAB, 0x9E, 0x30, 0x1D, 0xE1, 0x3D, 0xBD, 0xEA, 0x8B,
    0xF7, 0xAA, 0x73, 0xA6, 0x78, 0x3E, 0x2E, 0x6D, 0x78, 0x94, 0x09, 0xA1, 0x91, 0x4B, 0x2E, 0x0A,
    0xC0, 0xE6, 0x41, 0xB8, 0xDC, 0x75, 0x9B, 0xE7, 0x1F, 0x54, 0xBB, 0x5A, 0xD7, 0x1C, 0xD1, 0x44,
    0xE7, 0x1B, 0xC1, 0xEA, 0xEC, 0x23, 0xB8, 0x75, 0xEB, 0xF3, 0xCE, 0xCE, 0xC8, 0xC1, 0x1C, 0x22,
    0xE0, 0x4C, 0x8D, 0xA0, 0x41, 0x46, 0xF0, 0xD4, 0xAD, 0x5B, 0xB7, 0x57, 0x57, 0x4B, 0x85, 0x9F,
    0xCB, 0x57, 0xE6, 0x23, 0xCB, 0xC5, 0x74, 0xD3, 0xEE, 0xCC, 0xC0, 0x0F, 0xFB, 0xEA, 0x8B, 0x66,
    0x67, 0xED, 0x8E, 0xD8, 0x89, 0x3F, 0x06, 0x83, 0xF2, 0x27, 0xA5, 0x27, 0x3E, 0x13, 0x5F, 0x18,
    0x92, 0x10, 0x8A, 0x7D, 0xE4, 0x0D, 0x59, 0x97, 0xCB, 0x1E, 0xCB, 0x8D, 0x21, 0xCE, 0x5C, 0x72,
    0xC5, 0xF9, 0xD3, 0x0C, 0x4A, 0xAE, 0x06, 0x2F, 0xDF, 0x93, 0x91, 0x60, 0x6F, 0x33, 0xCD, 0x33,
    0xBC, 0x12, 0xC8, 0x4A, 0x90, 0x41, 0x2B, 0x99, 0x64, 0xFC, 0xD6, 0x26, 0x27, 0x63, 0x70, 0xA3,
    0xD7, 0x0B, 0xD1, 0x76, 0xDA, 0xD9, 0x4C, 0x94, 0x5C, 0x10, 0xD0, 0x11, 0x68, 0xB2, 0x46, 0x6D,
    0x00, 0x9A, 0x92, 0x92, 0x4E, 0x6A, 0xEC, 0x85, 0xA6, 0x8E, 0xEF, 0xCF, 0xBA, 0xD1, 0x0D, 0x87,
    0x80, 0xF6, 0x47, 0x3B, 0x01, 0x3D, 0x38, 0xB4, 0x53, 0x84, 0xC9, 0x29, 0x03, 0x0A, 0x6A, 0x67,
    0xD6, 0xA4, 0x94, 0xE1, 0x4D, 0x2E, 0x45, 0xDE, 0x8C, 0x82, 0x8A, 0x17, 0x1E, 0xEA, 0xF9, 0x6F,
    0xDE, 0xE6, 0x7C, 0x02, 0x6B, 0xE1, 0x3E, 0x40, 0xF6, 0x9A, 0x25, 0xFB, 0xA4, 0x21, 0x89, 0xFE,
    0x0E, 0xFD, 0xA4, 0xAE, 0x20, 0x58, 0x81, 0x9B, 0x42, 0x3E, 0x71, 0x01, 0xCB, 0x30, 0x59, 0x80,
    0xAB, 0x1C, 0xDD, 0xC2, 0x66, 0x7F, 0x79, 0x61, 0xDC, 0x8D, 0xDD, 0x03, 0x52, 0xB8, 0x65, 0x1E,
    0xA9, 0xA7, 0x27, 0x62, 0x58, 0x0A, 0x63, 0x05, 0x74, 0x50, 0xCC, 0x05, 0x84, 0x3C, 0xD9, 0x2E,
    0x3A, 0x3E, 0x6A, 0xE3, 0x3E, 0xD6, 0x85, 0x0D, 0x1F, 0xB8, 0xDC, 0x05, 0xA2, 0x00, 0x19, 0x4A,
    0x71, 0x72, 0xDD, 0x2A, 0xFE, 0x80, 0x23, 0x7D, 0x60, 0x26, 0xC6, 0xAF, 0x17, 0x19, 0x2D, 0x74,
    0x2D, 0x36, 0xCE, 0x94, 0x19, 0x3E, 0x18, 0xFB, 0xC0, 0x91, 0x66, 0x76, 0x4E, 0x6C, 0x90, 0xAF,
    0x14, 0x48, 0x2B, 0x27, 0x44, 0xCA, 0x7D, 0x4E, 0xF7, 0xA1, 0x82, 0x7D, 0x74, 0xC8, 0xCB, 0x39,
    0x0A, 0xB3, 0x06, 0xE9, 0xD5, 0x2E, 0x09, 0xA3, 0x41, 0x5E, 0x47, 0x90, 0x81, 0xFD, 0xE8, 0x12,
    0xD4, 0x1C, 0xAA, 0xD7, 0x5A, 0x97, 0xBD, 0x19, 0xBF, 0x77, 0x01, 0xEB, 0xD9, 0xAC, 0xE0, 0x08,
    0x5E, 0x0D, 0xB8, 0x6E, 0x1E, 0x8C, 0x3C, 0xC1, 0x07, 0xEA, 0x1C, 0xBD, 0x23, 0x56, 0x42, 0x90,
    0xDA, 0x19, 0x34, 0x74, 0x80, 0xE2, 0x97, 0x97, 0xD0, 0x4B, 0xD0, 0xB4, 0x0A, 0xDF, 0xE2, 0x18,
    0x64, 0x2F, 0x7B, 0xC7, 0x2A, 0x0E, 0x0C, 0x6E, 0xD1, 0x83, 0xAD, 0xA3, 0xB5, 0xFF, 0x45, 0x43,
    0xE9, 0xD2, 0x85, 0x6B, 0xFC, 0xC1, 0x00, 0x4A, 0x02, 0x03, 0x70, 0x34, 0xFE, 0x8A, 0x23, 0xC0,
    0x52, 0x71, 0x99, 0xA3, 0xDD, 0x6F, 0xB3, 0x0E, 0xE0, 0xE4, 0x26, 0x0C, 0x13, 0x34, 0x23, 0xFF,
    0x19, 0x03, 0x10, 0xBE, 0x67, 0xA0, 0x99, 0x8F, 0xFE, 0x79, 0x1B, 0x67, 0xC2, 0xE4, 0x96, 0x21,
    0x0F, 0x76, 0x38, 0x37, 0x9D, 0x82, 0x01, 0x23, 0xA5, 0x35, 0x24, 0x41, 0x20, 0x88, 0xAD, 0xC1,
    0xE8, 0x40, 0xCA, 0xF0, 0x7B, 0x85, 0xBF, 0xCB, 0xD7, 0x55, 0xC8, 0x2C, 0xC8, 0xD9, 0xDA, 0x42,
    0x46, 0x1D, 0xB1, 0xA0, 0x4A, 0x40, 0x58, 0xE2, 0x18, 0x48, 0xC2, 0xDB, 0x6E, 0xF4, 0x29, 0xA3,
    0xE0, 0x15, 0xF4, 0xC3, 0x50, 0xF8, 0xDF, 0x71, 0xBB, 0x76, 0xDA, 0xD1, 0xF3, 0x5E, 0x4F, 0x5C,
    0xA9, 0x1C, 0xB1, 0xE0, 0x85, 0xDD, 0x7A, 0xD1, 0x06, 0x1E, 0x59, 0x34, 0xD7, 0xD5, 0x41, 0x77,
    0x72, 0x27, 0xE1, 0xAD, 0xD6, 0xBA, 0x16, 0x0E, 0xA5, 0x1A, 0x56, 0xD1, 0x1A, 0xAB, 0x55, 0x2E,
    0x78, 0x63, 0xBC, 0xB9, 0xBD, 0x59, 0x5B, 0x47, 0x9E, 0x96, 0xAF, 0x8C, 0x63, 0xCD, 0xC1, 0xE4,
    0xDC, 0x84, 0xB4, 0x98, 0xDD, 0xA0, 0xAF, 0x3D, 0xB8, 0xDA, 0x1B, 0x2D, 0x4C, 0xFE, 0xA0, 0xB5,
    0xD3, 0xEE, 0xFF, 0xAF, 0xB8, 0x85, 0xA8, 0x8A, 0x01, 0x07, 0x45, 0xDD, 0x9F, 0x75, 0xBA, 0xA1,
    0xE7, 0x3C, 0x56, 0x68, 0x8D, 0x90, 0x9F, 0xE6, 0xFB, 0x6E, 0x2D, 0x67, 0x9D, 0x11, 0x3A, 0x1A,
    0x41, 0xE0, 0x8F, 0x39, 0x51, 0x98, 0x7C, 0xDD, 0xA5, 0x20, 0xC1, 0x48, 0x02, 0x3B, 0x33, 0xDE,
    0x72, 0xCD, 0x17, 0x60, 0x81, 0xC4, 0x13, 0x51, 0x67, 0xD3, 0x1D, 0x5E, 0xE8, 0x67, 0xED, 0xD4,
    0x8A, 0xE0, 0x14, 0x9C, 0xF6, 0xFB, 0xBF, 0xBC, 0xED, 0x6F, 0x60, 0x72, 0xDA, 0xAF, 0x6C, 0x8C,
    0x05, 0x01, 0x0E, 0xEA, 0x5F, 0xA8, 0x78, 0xFF, 0x98, 0x32, 0x98, 0xF9, 0x4D, 0xF9, 0x12, 0x6F,
    0x38, 0x01, 0x28, 0xDD, 0xC0, 0xDC, 0x41, 0x97, 0xD9, 0x90, 0x5E, 0x02, 0x37, 0x01, 0x98, 0x12,
    0x1B, 0xD9, 0xE6, 0x05, 0xA8, 0x9E, 0x84, 0x3C, 0x3F, 0x9B, 0x09, 0x26, 0xAF, 0x0D, 0xCB, 0x2E,
    0x5C, 0x53, 0x8F, 0xE3, 0x69, 0xE0, 0xD8, 0xAF, 0x16, 0x27, 0x5C, 0x85, 0xDB, 0x1F, 0x38, 0xF1,
    0x24, 0x04, 0x45, 0xCE, 0x0F, 0xB3, 0x51, 0x61, 0x23, 0xD9, 0xA8, 0xD1, 0xC4, 0x4B, 0x69, 0xCD,
    0xBF, 0xEB, 0x46, 0x39, 0x25, 0x36, 0x40, 0x77, 0x1A, 0x8E, 0x76, 0xBA, 0xC4, 0x29, 0xD7, 0x0B,
    0x27, 0xCA, 0xCF, 0x50, 0x05, 0x3A, 0x06, 0x22, 0x30, 0xF4, 0xA5, 0x36, 0xC3, 0xA6, 0xB6, 0xFF,
    0xC3, 0xAB, 0xD5, 0xEA, 0xCD, 0x45, 0x42, 0x26, 0xC2, 0x1F, 0xB8, 0xB5, 0x40, 0xF0, 0x8B, 0x37,
    0x15, 0x4F, 0xEB, 0x45, 0xE2, 0xD0, 0x28, 0xA0, 0xF8, 0x53, 0x8D, 0xF1, 0x35, 0x60, 0x91, 0x1A,
    0xDA, 0x6F, 0x95, 0xE2, 0x6C, 0xC0, 0xB6, 0x74, 0x8C, 0xD1, 0x20, 0x4F, 0x2C, 0x37, 0x7A, 0xF4,
    0x6A, 0x73, 0x88, 0x23, 0x3F, 0xA5, 0x73, 0xB9, 0x38, 0xE1, 0x45, 0x86, 0x29, 0xE7, 0xD4, 0x46,
    0x69, 0x59, 0x35, 0xEF, 0xFB, 0xC0, 0xDB, 0x89, 0x92, 0x11, 0xF8, 0x98, 0x09, 0x97, 0xED, 0x2B,
    0xC2, 0x1D, 0xBA, 0xC2, 0xF3, 0x08, 0x2F, 0x94, 0x8F, 0x11, 0xC2, 0x71, 0x82, 0x9E, 0xB6, 0x77,
    0xC4, 0x92, 0xE2, 0x7F, 0xF0, 0xF8, 0x1E, 0xB6, 0x05, 0x72, 0x71, 0x0E, 0xCB, 0x42, 0x4E, 0xB7,
    0x32, 0x5C, 0xF1, 0x99, 0xA2, 0x5B, 0xAB, 0x1C, 0x53, 0x74, 0x22, 0x72, 0x86, 0xFC, 0xE0, 0xD4,
    0x07, 0x04, 0x87, 0x3A, 0xBC, 0xE5, 0xC5, 0x09, 0xC2, 0xE8, 0x99, 0x40, 0x36, 0x9C, 0x8A, 0x2F,
    0x70, 0x50, 0x67, 0xEF, 0xF2, 0xE6, 0x6C, 0x74, 0xB2, 0xDE, 0x73, 0x5B, 0xF1, 0x17, 0xA5, 0x68,
    0xED, 0xF5, 0x0E, 0x39, 0x4F, 0x4F, 0xB5, 0xDC, 0x73, 0xD0, 0xBA, 0x79, 0x8C, 0x20, 0xCF, 0x0B,
    0x2B, 0xF5, 0x89, 0xD7, 0xC8, 0x4E, 0xB5, 0x71, 0xDA, 0x7C, 0x6B, 0xA1, 0xFF, 0x3D, 0xEC, 0xAE,
    0x75, 0xE0, 0x8A, 0x49, 0x1E, 0xB2, 0xDA, 0x4B, 0xF8, 0x71, 0xAD, 0x32, 0xC9, 0x6B, 0xDD, 0xD0,
    0x67, 0x5D, 0x51, 0x3E, 0x2A, 0xD2, 0x47, 0x49, 0x41, 0x54, 0x52, 0x17, 0x2A, 0xEB, 0x3A, 0x80,
    0xA4, 0xA6, 0x4F, 0x0C, 0xFD, 0x1C, 0x19, 0x94, 0x07, 0x0D, 0x89, 0x40, 0x97, 0x0A, 0x80, 0x9A,
    0x87, 0x36, 0x63, 0xAE, 0x1C, 0xC8, 0x15, 0x75, 0x45, 0xD0, 0xBA, 0xCF, 0x5B, 0xF6, 0xC6, 0x3D,
    0xFB, 0x2E, 0x59, 0xE8, 0x2F, 0xA8, 0x8F, 0x7C, 0x8B, 0x5B, 0xEA, 0xB8, 0x70, 0xBD, 0x16, 0x37,
    0x76, 0x0D, 0xFB, 0x16, 0x2C, 0xC5, 0x7B, 0x37, 0x3A, 0x80, 0x6C, 0x76, 0xA0, 0x29, 0x60, 0x3D,
    0xBF, 0x87, 0x69, 0xCA, 0x63, 0x5F, 0x9B, 0x35, 0x0A, 0x78, 0x8A, 0x9F, 0x0F, 0x3D, 0x09, 0xF8,
    0x50, 0x6D, 0x9D, 0x39, 0x72, 0x8C, 0x22, 0xE3, 0xC8, 0x4B, 0xEB, 0xDC, 0xD7, 0xB7, 0xB8, 0xCD,
    0x43, 0xFB, 0x53, 0x64, 0x86, 0x02, 0x33, 0x6C, 0x82, 0xB1, 0xD7, 0xE6, 0xD6, 0x42, 0x34, 0x46,
    0x2A, 0xD1, 0x0B, 0xCA, 0x01, 0xE8, 0xA7, 0x01, 0x99, 0x02, 0x74, 0xAA, 0x75, 0xF2, 0x36, 0xB4,
    0xB4, 0xE1, 0xD0, 0x60, 0x59, 0xC9, 0x25, 0xE1, 0x26, 0x86, 0x31, 0x90, 0x6C, 0x24, 0x81, 0xA4,
    0xA6, 0x04, 0xB9, 0x9E, 0xA3, 0xF4, 0xF8, 0x2C, 0x82, 0x64, 0x72, 0xC2, 0xC2, 0x5B, 0xBE, 0x97,
    0x5B, 0xB7, 0x8D, 0xD6, 0xEC, 0xD2, 0x68, 0xAB, 0xC3, 0xCE, 0xA6, 0x40, 0xF6, 0x0A, 0x0F, 0x55,
    0x9D, 0x89, 0xF1, 0x0F, 0x26, 0x1F, 0x34, 0xAF, 0xF0, 0x5D, 0xC2, 0xE1, 0x77, 0x29, 0xAF, 0x01,
    0x0D, 0xA0, 0x8F, 0xCA, 0xCE, 0xB9, 0xD4, 0x7E, 0xAD, 0xFF, 0x91, 0xCD, 0xBA, 0x8D, 0x4D, 0xBA,
    0x8E, 0x0D, 0x32, 0x94, 0xF4, 0x82, 0x32, 0x66, 0xD1, 0xF1, 0x49, 0xB5, 0x68, 0xF5, 0xE4, 0xB8,
    0x5F, 0xE1, 0xFA, 0x3A, 0x33, 0x0E, 0xA2, 0x70, 0x08, 0x2F, 0x6F, 0xF0, 0xD0, 0xF6, 0x40, 0xF6,
    0xDC, 0x96, 0x33, 0x03, 0x79, 0x5A, 0x68, 0x78, 0x8E, 0x39, 0xDE, 0x5D, 0x76, 0x05, 0x22, 0x97,
    0x2F, 0x91, 0xF2, 0x1D, 0x87, 0xBC, 0xB3, 0xEC, 0xDA, 0x4B, 0x24, 0xB1, 0xBF, 0x58, 0x5C, 0x4C,
    0x42, 0x93, 0xDA, 0x9F, 0x58, 0x6A, 0x6F, 0x58, 0xB5, 0xBF, 0x44, 0x5C, 0xF0, 0xC3, 0x6E, 0x6F,
    0xAF, 0xDB, 0xD1, 0x32, 0x22, 0xD9, 0x9C, 0x3B, 0xED, 0xF8, 0x4B, 0x56, 0x4C, 0x85, 0x63, 0xD9,
    0xE7, 0xAD, 0x1E, 0x4A, 0xC7, 0xB4, 0xCF, 0x1B, 0x82, 0xDF, 0x5D, 0x3C, 0x12, 0x82, 0x1D, 0x72,
    0x87, 0x34, 0xED, 0xE5, 0x48, 0xA1, 0x67, 0x3A, 0xA9, 0x36, 0xBB, 0x7B, 0x01, 0xA2, 0x1A, 0x52,
    0x9B, 0x80, 0x4C, 0xA9, 0x8D, 0x09, 0xF4, 0x99, 0x94, 0x61, 0x0E, 0x91, 0x39, 0x46, 0x57, 0x73,
    0x05, 0xAA, 0xEE, 0x05, 0x10, 0xC7, 0xC1, 0xB0, 0x71, 0xDD, 0xC5, 0xB9, 0x63, 0x6C, 0x12, 0xE0,
    0xC6, 0x59, 0x2E, 0xEE, 0x5A, 0x25, 0x8B, 0x6C, 0x4A, 0xB0, 0x8F, 0x80, 0xFB, 0x84, 0x07, 0x17,
    0xBA, 0xCD, 0x43, 0x35, 0x5A, 0x7D, 0x02, 0x2E, 0x0B, 0xD1, 0x18, 0xF6, 0xD7, 0x8C, 0x41, 0x8E,
    0x25, 0x65, 0x83, 0x52, 0xAB, 0x21, 0xAF, 0x9D, 0x42, 0x10, 0x81, 0xB7, 0xBE, 0x60, 0xEE, 0x32,
    0xD5, 0x64, 0x1C, 0xBF, 0xCC, 0x13, 0x05, 0x0D, 0xF3, 0xA5, 0x55, 0x04, 0xB8, 0x91, 0x08, 0xD0,
    0xEA, 0x1A, 0x81, 0xD4, 0xC7, 0xA4, 0x0F, 0x0E, 0x5C, 0xA7, 0x32, 0x70, 0x97, 0x05, 0x57, 0x49,
    0x1E, 0xA9, 0x0C, 0xBC, 0x64, 0xB9, 0xE1, 0x4E, 0x07, 0x1B, 0x1C, 0x28, 0x90, 0x6A, 0x39, 0xE1,
    0x90, 0x2D, 0x1F, 0x04, 0x15, 0x8F, 0x67, 0x13, 0xF4, 0x62, 0xEB, 0x32, 0x00, 0x25, 0x70, 0x46,
    0x0B, 0x80, 0xA4, 0x43, 0xD0, 0x2D, 0x92, 0x76, 0x1B, 0x42, 0xEF, 0x5A, 0x69, 0xB7, 0x16, 0x7A,
    0xE9, 0x4A, 0xDA, 0xF1, 0x44, 0x53, 0x94, 0x9E, 0x75, 0x70, 0xA7, 0xD8, 0x37, 0x79, 0x18, 0xBE,
    0xE1, 0x26, 0x9A, 0xDA, 0xDB, 0x8C, 0x4B, 0x90, 0x07, 0x7D, 0xE1, 0xD5, 0x69, 0x64, 0xC6, 0x41,
    0xAF, 0x7B, 0xDD, 0xDA, 0x28, 0xE2, 0x40, 0x0E, 0xD2, 0xE3, 0xEB, 0x05, 0xB8, 0x02, 0x94, 0xA6,
    0x34, 0xB7, 0x19, 0x48, 0xDF, 0x1A, 0xD7, 0x90, 0xE1, 0x6A, 0x66, 0x27, 0x47, 0x73, 0xAA, 0x14,
    0xC1, 0xDC, 0xF6, 0x16, 0xC7, 0xF0, 0xE7, 0x0C, 0x87, 0x3E, 0xB7, 0xB4, 0x62, 0x3F, 0x75, 0x93,
    0x81, 0x5A, 0x3F, 0xB9, 0xFB, 0xDE, 0x6B, 0xBD, 0x35, 0x63, 0x0C, 0x75, 0x65, 0xA0, 0x7C, 0xA7,
    0x3B, 0x62, 0xC1, 0x4D, 0xFC, 0x5F, 0x33, 0x34, 0x19, 0xDC, 0x41, 0x4B, 0x49, 0xAC, 0x60, 0xF3,
    0x53, 0xF5, 0xA1, 0x7A, 0xB7, 0x53, 0xF4, 0x9E, 0x23, 0x8D, 0xCF, 0x94, 0xDC, 0xFF, 0x49, 0x9A,
    0x38, 0x78, 0xC1, 0xE9, 0xF8, 0xE5, 0x52, 0x48, 0x29, 0x90, 0xA4, 0xA6, 0xF0, 0x3C, 0x49, 0x6E,
    0x92, 0xBB, 0x90, 0x6E, 0xEA, 0x18, 0x0C, 0xB6, 0x88, 0x13, 0x79, 0x0C, 0x41, 0x5A, 0x60, 0xB3,
    0x22, 0x98, 0xA0, 0x5A, 0xB3, 0x91, 0xCC, 0x66, 0x9F, 0xB1, 0x91, 0xFC, 0x36, 0xF1, 0x2C, 0xC3,
    0x9D, 0xD7, 0x26, 0x72, 0x1D, 0x84, 0xB0, 0xDF, 0xB7, 0xA3, 0xF6, 0x6C, 0x62, 0xC3, 0x95, 0xE8,
    0xD0, 0x96, 0x25, 0xA6, 0x3D, 0xAC, 0xFD, 0x7B, 0x09, 0xB4, 0x85, 0x2F, 0x81, 0x5B, 0x0A, 0xCA,
    0x81, 0x2B, 0x5E, 0x06, 0x4F, 0x82, 0x9D, 0xC1, 0x96, 0xC0, 0xC8, 0x92, 0x3C, 0x92, 0x74, 0xED,
    0x8B, 0x24, 0x03, 0x3F, 0xD5, 0x01, 0x7E, 0xAA, 0x03, 0x2B, 0x0B, 0x73, 0x46, 0xE7, 0x0C, 0x16,
    0x41, 0x09, 0x1F, 0xDC, 0xFD, 0xE6, 0xC3, 0xC5, 0x01, 0xDD, 0x4C, 0xE4, 0x6A, 0x07, 0xA4, 0xAB,
    0x1D, 0xF6, 0x17, 0x40, 0x1F, 0xFF, 0x57, 0x18, 0xBD, 0xD7, 0xE5, 0x4C, 0xD8, 0x2A, 0xA4, 0xDC,
    0x06, 0xC0, 0x1F, 0x52, 0x07, 0x76, 0x01, 0xA0, 0x80, 0xEF, 0x90, 0xD1, 0xA0, 0x03, 0xF0, 0x1A,
    0xBA, 0x23, 0x9C, 0x22, 0xE1, 0x45, 0x13, 0x19, 0xE1, 0x59, 0xB0, 0x13, 0x6C, 0x04, 0x01, 0x78,
    0x65, 0x8A, 0xD3, 0x5A, 0x87, 0xD8, 0x63, 0x7F, 0x61, 0xFA, 0x56, 0xB3, 0x86, 0x70, 0x09, 0x0E,
    0x58, 0xC2, 0x13, 0x60, 0x7B, 0x3F, 0x26, 0x51, 0x70, 0xED, 0x6D, 0xE7, 0x77, 0x4D, 0x84, 0xAD,
    0xA0, 0x8D, 0x82, 0xC3, 0x0A, 0xA6, 0xCA, 0x4A, 0xD4, 0x57, 0xB7, 0x54, 0x3F, 0x0E, 0xD2, 0xF8,
    0x0B, 0x40, 0x19, 0xE6, 0x60, 0x36, 0xFD, 0xAC, 0xFD, 0x96, 0xBB, 0x0F, 0x8D, 0x99, 0xFD, 0xA6,
    0xB9, 0x20, 0xF7, 0xCC, 0x2A, 0x9B, 0xE0, 0xED, 0xDB, 0xB5, 0x73, 0x81, 0xA5, 0xAE, 0x67, 0x67,
    0x94, 0x5B, 0x1C, 0x84, 0x2F, 0xBF, 0x9E, 0x9D, 0x88, 0x9E, 0x1C, 0x9C, 0xDD, 0xB0, 0xDA, 0xA9,
    0x9E, 0x61, 0x96, 0x73, 0x10, 0xAC, 0x58, 0x2F, 0x3B, 0xF7, 0xA1, 0x43, 0x69, 0x3B, 0x67, 0x43,
    0xEB, 0x4B, 0xFB, 0x4F, 0xD6, 0x17, 0x6E, 0xED, 0xFE, 0xCC, 0xFE, 0xD4, 0xE8, 0x43, 0xE4, 0x41,
    0x64, 0xBC, 0xCE, 0xC6, 0x81, 0x73, 0x0B, 0x87, 0x4F, 0xFF, 0x7B, 0xE6, 0x00, 0x60, 0xB5, 0xA2,
    0x52, 0xF1, 0x13, 0x52, 0x8B, 0x8F, 0x34, 0xBA, 0x4E, 0xF2, 0x0C, 0xD6, 0xBF, 0x94, 0x46, 0x88,
    0x81, 0x4B, 0x6A, 0x3E, 0xD6, 0x76, 0x2A, 0x68, 0x95, 0x99, 0xBD, 0xDC, 0x50, 0xCE, 0x4C, 0x48,
    0x96, 0xB3, 0x13, 0x61, 0x88, 0xAB, 0xDE, 0x11, 0x72, 0x00, 0xBC, 0xE0, 0x63, 0x82, 0x80, 0x46,
    0x98, 0x9A, 0x57, 0xA1, 0xDF, 0xD2, 0xE1, 0xF4, 0xBA, 0x5C, 0xEB, 0x8A, 0x3D, 0x9D, 0x53, 0x1B,
    0xE0, 0x4F, 0x4F, 0xB8, 0x3D, 0x7A, 0x39, 0x95, 0x4E, 0xE0, 0xC0, 0x1A, 0x57, 0xC4, 0x0F, 0x4A,
    0xDD, 0x06, 0x2F, 0x3D, 0x99, 0xBA, 0xFD, 0x26, 0x39, 0x0C, 0xF7, 0xA5, 0x77, 0x18, 0x4E, 0xF4,
    0x3A, 0xF5, 0xB0, 0xD4, 0xE4, 0xB3, 0x99, 0x70, 0xF2, 0x96, 0xD3, 0x2A, 0xDF, 0x69, 0x8C, 0x17,
    0x89, 0x9C, 0x9C, 0x10, 0x84, 0x47, 0xA3, 0xE5, 0x60, 0x39, 0x56, 0x0E, 0xB5, 0x5C, 0xF0, 0xC6,
    0x40, 0x39, 0x4E, 0xDA, 0x7D, 0x58, 0x4E, 0x82, 0xB1, 0x81, 0x86, 0xF8, 0xD1, 0xD6, 0x5C, 0xF8,
    0x3A, 0x46, 0x58, 0xD5, 0x57, 0xE1, 0x4E, 0xCE, 0xA2, 0x46, 0x9D, 0xDA, 0x89, 0xAE, 0x67, 0xC2,
    0x79, 0xB0, 0x5D, 0x5F, 0x23, 0x2E, 0xE5, 0xB1, 0x1A, 0xA2, 0x64, 0xE4, 0x25, 0x80, 0x8C, 0xBC,
    0x46, 0x00, 0x3B, 0x0C, 0xAB, 0x31, 0xBD, 0x2F, 0x51, 0x7C, 0x9D, 0x00, 0x26, 0x26, 0x9F, 0xD0,
    0x12, 0xE9, 0x89, 0xA4, 0x02, 0x16, 0x09, 0x94, 0x48, 0x6D, 0xD2, 0xC2, 0xED, 0x89, 0x99, 0x75,
    0x99, 0x5B, 0x97, 0xE5, 0x60, 0x76, 0xAE, 0x6D, 0xE0, 0x85, 0x49, 0x57, 0x5C, 0x77, 0x90, 0x2F,
    0x88, 0x7A, 0x73, 0xBA, 0xC6, 0xD8, 0x9E, 0x1D, 0xAD, 0x76, 0x66, 0x67, 0x3B, 0xC9, 0x80, 0x5F,
    0xD9, 0x29, 0x9C, 0x77, 0xBB, 0x9F, 0x11, 0x6A, 0x4C, 0x81, 0x1A, 0xCB, 0x4D, 0x4F, 0x0D, 0xEB,
    0x3D, 0x35, 0xEC, 0x2C, 0x6A, 0xD4, 0x76, 0x12, 0x35, 0xF0, 0xF7, 0xA0, 0x86, 0x1B, 0x3A, 0xA9,
    0x71, 0x88, 0x82, 0xA9, 0x1A, 0x22, 0x94, 0x66, 0xC2, 0x62, 0xF9, 0xBF, 0x96, 0x6D, 0x6B, 0xA6,
    0x57, 0xB8, 0x90, 0x8D, 0x92, 0x3A, 0x14, 0x26, 0xBD, 0x80, 0x5C, 0xC0, 0x5B, 0x31, 0x77, 0x7F,
    0xF8, 0x82, 0x6C, 0x3B, 0xE7, 0xA0, 0x12, 0xE7, 0xE1, 0x34, 0xA0, 0x05, 0xE6, 0xBF, 0xD6, 0x72,
    0x9A, 0xAD, 0x76, 0x7A, 0x00, 0x67, 0xEE, 0xFB, 0x48, 0x69, 0xFC, 0x6E, 0xEB, 0xAD, 0xDA, 0xFC,
    0xCC, 0x29, 0x5C, 0x6D, 0xA9, 0x91, 0xAD, 0x8D, 0x92, 0x91, 0x6E, 0x15, 0xB6, 0x53, 0xD8, 0x51,
    0x44, 0x50, 0x61, 0x65, 0xE4, 0xBE, 0x0A, 0xA5, 0x6B, 0xB8, 0xC7, 0xE4, 0xA4, 0x11, 0x72, 0x7E,
    0x01, 0x53, 0x3B, 0xC0, 0x85, 0x7B, 0x74, 0x9E, 0x62, 0xA3, 0x12, 0xCE, 0x5B, 0x6E, 0xA6, 0xC3,
    0xA5, 0xCB, 0xAD, 0xCA, 0x9C, 0x07, 0xE6, 0x9C, 0x43, 0xB5, 0x3D, 0x40, 0x61, 0xE0, 0x75, 0xA6,
    0x74, 0x88, 0xAC, 0xC0, 0x44, 0x6A, 0xA5, 0xD8, 0x9E, 0x68, 0xFF, 0xA7, 0xB8, 0xC8, 0xED, 0xCD,
    0xD6, 0x1A, 0x9F, 0x48, 0xB8, 0x93, 0xED, 0x75, 0x4A, 0xE4, 0x7F, 0x3C, 0x63, 0x74, 0x85, 0x79,
    0x57, 0xCA, 0xF6, 0x7C, 0xB7, 0x8B, 0x01, 0x6D, 0x48, 0x90, 0xF3, 0x2D, 0x45, 0x9D, 0xCA, 0xC7,
    0xC3, 0x59, 0xE0, 0x7D, 0xC6, 0x44, 0x7A, 0xA6, 0x89, 0x80, 0xD7, 0x07, 0xC9, 0x3D, 0xE2, 0xE0,
    0x79, 0xD8, 0xDE, 0xCF, 0xB9, 0xFB, 0x97, 0x22, 0x05, 0x0D, 0xEF, 0xC1, 0x08, 0x69, 0x32, 0x42,
    0xF2, 0xBE, 0x96, 0xB4, 0x08, 0xB1, 0xD3, 0x19, 0xDC, 0x61, 0xF1, 0x68, 0xA3, 0xB8, 0x73, 0xA0,
    0x81, 0x75, 0xF2, 0x63, 0x6E, 0xF9, 0x62, 0x9C, 0x61, 0xEB, 0x5E, 0x16, 0x5E, 0x17, 0xAF, 0x85,
    0x92, 0x4A, 0xDE, 0x65, 0x86, 0xD3, 0xE9, 0xEC, 0x8E, 0x02, 0xCC, 0x03, 0x0C, 0x87, 0x79, 0xC9,
    0x92, 0x3A, 0x07, 0x5A, 0x69, 0x28, 0x34, 0x82, 0xD2, 0xE0, 0x5E, 0xA5, 0x62, 0x4C, 0x29, 0xD7,
    0xA5, 0xD1, 0x78, 0x4B, 0x7B, 0x8B, 0xD1, 0x22, 0x61, 0x0B, 0x7D, 0xFF, 0xA9, 0x8D, 0xE4, 0x28,
    0x31, 0xAA, 0x4D, 0xE0, 0xD1, 0x4B, 0x64, 0x7E, 0xC9, 0x3A, 0xA4, 0x0E, 0xC9, 0xD9, 0x96, 0x82,
    0x20, 0x30, 0xD3, 0x18, 0x53, 0x79, 0x80, 0xEC, 0x02, 0xC2, 0xBF, 0x65, 0x02, 0xEC, 0xD1, 0x3A,
    0x12, 0x99, 0x5A, 0x10, 0x83, 0xA3, 0x32, 0x6B, 0x18, 0x10, 0x45, 0xE7, 0x46, 0xAE, 0x00, 0xA8,
    0x0A, 0xC4, 0x67, 0xA4, 0x2C, 0x48, 0x4D, 0x57, 0x51, 0x6D, 0x94, 0x66, 0x72, 0x73, 0xF0, 0x96,
    0xB9, 0x8E, 0xB5, 0x77, 0xBF, 0x38, 0x72, 0x37, 0xD6, 0xB2, 0x16, 0x03, 0xEC, 0x09, 0xE4, 0x12,
    0xCB, 0xEC, 0xA4, 0xE4, 0x17, 0xE5, 0xD5, 0xEE, 0x3D, 0x38, 0x33, 0xCA, 0x3E, 0x24, 0x9B, 0xA6,
    0x3E, 0xE3, 0x80, 0xA0, 0x0C, 0xBE, 0x69, 0x06, 0xC6, 0x33, 0xF2, 0xBF, 0x67, 0xD4, 0xD0, 0x89,
    0x96, 0xF9, 0x06, 0x75, 0x5F, 0x8C, 0x46, 0xF8, 0x99, 0x51, 0xD9, 0xBC, 0x52, 0xC8, 0x1B, 0x24,
    0x65, 0x5C, 0x4F, 0x29, 0x77, 0x5E, 0x10, 0x65, 0x3E, 0x4E, 0x94, 0x82, 0xA6, 0xEE, 0xF1, 0x6B,
    0xBC, 0xF9, 0x7C, 0x38, 0x4C, 0xF2, 0xBB, 0xA7, 0x90, 0x4F, 0x59, 0x77, 0xA5, 0x0B, 0x18, 0x3A,
    0xB7, 0x3D, 0xD2, 0x5C, 0xF4, 0x76, 0x57, 0x6C, 0xD8, 0x31, 0xAA, 0xA2, 0xF9, 0xB0, 0xCD, 0xCB,
    0xC6, 0x47, 0xC5, 0xE2, 0xC4, 0xD9, 0xFA, 0x95, 0x5C, 0xB6, 0x02, 0x60, 0x8F, 0xAD, 0x8B, 0xF9,
    0x67, 0x98, 0x3F, 0x22, 0x1B, 0x1C, 0x62, 0x8B, 0x39, 0x78, 0x00, 0xE8, 0xA1, 0xF7, 0xEB, 0x60,
    0x1F, 0xA1, 0x71, 0xC0, 0xDB, 0x47, 0x12, 0xDA, 0x95, 0x08, 0x36, 0xEC, 0x23, 0xA5, 0xA2, 0x36,
    0x96, 0xC7, 0xB5, 0x06, 0xF7, 0xB1, 0x7D, 0xE4, 0xFA, 0x34, 0xFC, 0x82, 0x99, 0x41, 0x66, 0x95,
    0x34, 0x70, 0x80, 0x89, 0x60, 0x20, 0x38, 0x49, 0x7A, 0xC7, 0x8F, 0x2D, 0xFE, 0x8A, 0x87, 0x01,
    0x7A, 0x3B, 0x45, 0x39, 0x05, 0x2D, 0x35, 0x59, 0x67, 0x85, 0x7F, 0x28, 0xFC, 0x85, 0xC1, 0x80,
    0xC2, 0xB5, 0x5F, 0x19, 0x50, 0x76, 0xEF, 0xC7, 0x80, 0x12, 0x56, 0x7F, 0xA7, 0x3F, 0xAA, 0x39,
    0xD8, 0xE5, 0xE2, 0xD5, 0xB5, 0x01, 0xA5, 0x0D, 0x5E, 0x95, 0xCA, 0x71, 0xF0, 0x27, 0x3B, 0x4F,
    0x06, 0xBC, 0x8F, 0x78, 0xA7, 0x5E, 0x7C, 0xCD, 0x3C, 0x16, 0x82, 0xA3, 0xE7, 0x06, 0x26, 0x5C,
    0x50, 0x5C, 0xAF, 0x8C, 0x3B, 0xBF, 0xC6, 0xE8, 0xBE, 0x7F, 0x27, 0xD2, 0x1D, 0x78, 0x92, 0xCA,
    0x0A, 0xC9, 0x80, 0x7C, 0xC5, 0x10, 0x2C, 0xD4, 0x99, 0x9A, 0x50, 0x87, 0xB1, 0xB5, 0x33, 0x66,
    0xB3, 0xD6, 0xE1, 0x2B, 0xBC, 0xEF, 0xF3, 0x9A, 0xF5, 0xC0, 0x87, 0xC9, 0x74, 0xC1, 0xBF, 0xA4,
    0x18, 0xCA, 0xD3, 0x55, 0xB4, 0x77, 0xD1, 0xEC, 0x12, 0xC6, 0xB0, 0xE8, 0xFF, 0x7B, 0x06, 0xD4,
    0xFF, 0x7A, 0xB5, 0xB6, 0x5C, 0xD3, 0x84, 0xBF, 0x59, 0x50, 0xB1, 0xDD, 0x2E, 0xA8, 0xB8, 0xAE,
    0xCD, 0xD8, 0x3D, 0xBA, 0x36, 0xE3, 0x22, 0x09, 0x71, 0x6C, 0x7E, 0xE9, 0x72, 0x3C, 0xBD, 0x5B,
    0x92, 0x1F, 0xBA, 0xED, 0xF8, 0x23, 0xBC, 0xDC, 0x8F, 0xDF, 0x76, 0x7E, 0x84, 0xEA, 0xEB, 0x1C,
    0xCA, 0x7A, 0x54, 0xEF, 0x55, 0x3A, 0x51, 0x41, 0x36, 0x7A, 0x6D, 0x96, 0x4E, 0xEC, 0x1F, 0x59,
    0x98, 0xF1, 0x9A, 0x4F, 0xC7, 0xF3, 0x0D, 0x6E, 0x54, 0xC5, 0x94, 0x47, 0xEF, 0x2E, 0x9C, 0x30,
    0xC9, 0xEF, 0xEF, 0x36, 0x9F, 0x7A, 0x79, 0x32, 0x25, 0x8B, 0xFB, 0x6C, 0xB3, 0xE2, 0x22, 0x25,
    0x5D, 0xBE, 0x5D, 0x71, 0xF1, 0x89, 0xBE, 0x90, 0x5F, 0xC5, 0x5D, 0xFA, 0x4F, 0xFD, 0xA9, 0xDC,
    0xE0, 0xCD, 0xF0, 0xFC, 0x60, 0x6F, 0x2A, 0x20, 0xB6, 0xE3, 0x47, 0x35, 0x4C, 0x42, 0x95, 0x86,
    0x80, 0x71, 0xE5, 0x02, 0x56, 0x44, 0x9E, 0xD9, 0x5B, 0x1C, 0x1E, 0x4D, 0x33, 0xBA, 0x56, 0x73,
    0xB0, 0xD2, 0xB3, 0xA1, 0x83, 0xD8, 0xC0, 0xCD, 0xCD, 0xF2, 0x0B, 0xD2, 0x1D, 0xFA, 0xD4, 0x67,
    0x5A, 0x9D, 0x43, 0xA9, 0x9A, 0xD3, 0xDE, 0xEE, 0x7F, 0xDE, 0x26, 0xDA, 0xE2, 0xCE, 0x0C, 0x2A,
    0x6C, 0x70, 0x4D, 0x73, 0x42, 0xBD, 0x42, 0xC2, 0x2D, 0xBC, 0xD3, 0x94, 0xD6, 0x94, 0xE2, 0x9D,
    0xFB, 0x1A, 0xC3, 0x8D, 0x2B, 0xB1, 0xA9, 0xC4, 0x07, 0xDD, 0x47, 0x80, 0xC6, 0xA8, 0x94, 0x24,
    0xCC, 0x18, 0xB3, 0x2B, 0x45, 0x92, 0x99, 0x7C, 0x01, 0x6F, 0x0D, 0x1D, 0xE4, 0xF4, 0xF7, 0xC6,
    0x8C, 0x0A, 0x82, 0x82, 0x9F, 0xB8, 0x8A, 0x32, 0x69, 0x08, 0x3B, 0x0A, 0xA3, 0x35, 0x9E, 0x0B,
    0x25, 0xAC, 0x9D, 0xB5, 0xB2, 0x3A, 0x42, 0x84, 0x15, 0xC1, 0x0C, 0x23, 0x62, 0x10, 0x53, 0xE2,
    0x94, 0x48, 0x20, 0x6C, 0x09, 0x18, 0xCF, 0x29, 0x9B, 0x54, 0x3A, 0x90, 0xC7, 0x11, 0xEE, 0x7A,
    0x0C, 0xAA, 0xCC, 0x88, 0x15, 0x0E, 0x6B, 0x1C, 0x46, 0xBB, 0x3A, 0xFF, 0x42, 0x01, 0x62, 0xBF,
    0xC3, 0x40, 0x4E, 0x6A, 0x7D, 0xC0, 0x8A, 0x10, 0x1D, 0x76, 0x94, 0x9A, 0x1A, 0xD2, 0x11, 0x75,
    0x92, 0x7C, 0xB0, 0xC7, 0x79, 0xB1, 0x3C, 0xDE, 0x71, 0x2E, 0x37, 0xD1, 0x86, 0xBB, 0x63, 0xCB,
    0xCF, 0xF1, 0x78, 0xC7, 0xF9, 0xB2, 0x3E, 0xCE, 0xC3, 0x93, 0xF9, 0xF5, 0x6F, 0xB8, 0x1B, 0x23,
    0x5A, 0xA4, 0x9C, 0xE1, 0x41, 0x9B, 0x64, 0x7D, 0x74, 0x7F, 0xF8, 0xDD, 0xB9, 0xA5, 0xDF, 0xF2,
    0xC1, 0x86, 0x20, 0xCD, 0x5B, 0xAA, 0x37, 0x75, 0x6F, 0x80, 0x7C, 0xF8, 0x59, 0xF2, 0xC3, 0xD3,
    0xC9, 0xF5, 0xD4, 0x0B, 0x2C, 0x60, 0x98, 0xCD, 0xAB, 0xDA, 0x7A, 0xBB, 0x92, 0xC7, 0xFC, 0x3D,
    0xE6, 0x23, 0x98, 0x37, 0xB8, 0x87, 0x8C, 0xBA, 0x6D, 0x52, 0x7C, 0xE4, 0x8D, 0xB8, 0xDE, 0x1B,
    0xF1, 0x61, 0x67, 0x9A, 0x4F, 0x52, 0xBB, 0x5D, 0x6D, 0x9B, 0x42, 0x67, 0xE4, 0x1C, 0x83, 0xB5,
    0xED, 0x99, 0xCF, 0xD3, 0xCC, 0x30, 0x72, 0x90, 0xDA, 0x16, 0xB8, 0x82, 0x9B, 0x15, 0x8C, 0xE3,
    0x73, 0x6F, 0xE0, 0x1A, 0x21, 0x5A, 0x52, 0xB4, 0x0B, 0x2D, 0x19, 0xB7, 0x14, 0x79, 0xB3, 0x15,
    0x44, 0xA9, 0x98, 0x37, 0x7A, 0xB5, 0x19, 0xF7, 0xA6, 0x52, 0x1A, 0xA9, 0x37, 0xB7, 0x4F, 0xC1,
    0xCD, 0xCE, 0x28, 0x57, 0xD2, 0x78, 0x0A, 0x9E, 0x5A, 0xA2, 0xFC, 0xC2, 0xC9, 0x7F, 0x69, 0x19,
    0xA2, 0x8C, 0xC1, 0x3F, 0x2A, 0xA2, 0x65, 0x32, 0xB1, 0x15, 0xF6, 0x19, 0x43, 0xD0, 0xBF, 0x43,
    0x9F, 0xB7, 0x76, 0x56, 0x6C, 0xC6, 0x67, 0xAD, 0x5C, 0x8E, 0xCC, 0x0C, 0xFE, 0xF2, 0x52, 0x2E,
    0xD2, 0xDB, 0xBE, 0x37, 0x95, 0x56, 0x58, 0xE3, 0x50, 0x67, 0x5C, 0xAF, 0x79, 0x82, 0xC0, 0x19,
    0xC9, 0xFD, 0x67, 0xBD, 0x4C, 0x90, 0x07, 0x84, 0x73, 0x51, 0xD9, 0xA1, 0xA1, 0xEA, 0x44, 0xB4,
    0x39, 0x86, 0xEA, 0x64, 0xDE, 0x0B, 0x92, 0xE0, 0x08, 0x9D, 0xC4, 0xA2, 0x62, 0x4F, 0x3D, 0x5C,
    0x0E, 0x1E, 0x14, 0xF5, 0x24, 0x56, 0x6A, 0x27, 0x31, 0x93, 0x67, 0xA7, 0xD1, 0x1F, 0x39, 0x83,
    0x3F, 0x74, 0x7A, 0x20, 0x4E, 0x1B, 0xE0, 0xD1, 0x7B, 0xB0, 0x13, 0x08, 0x0A, 0xE3, 0xDD, 0xB8,
    0xAB, 0x1D, 0x52, 0x5D, 0x22, 0xB4, 0xD1, 0xB4, 0x63, 0x6A, 0x2E, 0x4A, 0xEE, 0x12, 0x39, 0x5C,
    0x22, 0xB0, 0x1A, 0x39, 0x57, 0x0D, 0x2A, 0x46, 0xE4, 0x66, 0xBF, 0x89, 0x38, 0x8C, 0xD2, 0xEC,
    0x4B, 0x28, 0x32, 0xD1, 0xBE, 0x63, 0x6F, 0x20, 0x8D, 0xC9, 0xBE, 0x63, 0xDF, 0xE3, 0x09, 0xFD,
    0x25, 0x6F, 0x38, 0x4D, 0x8D, 0xD5, 0x16, 0x96, 0x04, 0xB3, 0x87, 0x73, 0x96, 0xEA, 0xEF, 0xB0,
    0xD3, 0x15, 0xA3, 0xF7, 0xB5, 0xAE, 0x4E, 0x9E, 0xC7, 0x90, 0x43, 0xBF, 0x2E, 0x1F, 0xA7, 0x13,
    0xEE, 0xA9, 0xCF, 0xDB, 0x8F, 0x2F, 0x2F, 0x13, 0xB9, 0x72, 0xE8, 0x55, 0x05, 0x92, 0x40, 0x91,
    0x07, 0xCF, 0xB6, 0x76, 0xEF, 0xA2, 0x79, 0xA4, 0x77, 0xDC, 0x06, 0x02, 0x6B, 0xE2, 0x2A, 0x61,
    0x0C, 0x4A, 0xC7, 0xA0, 0x91, 0x10, 0x03, 0x7E, 0x6B, 0xB5, 0x0B, 0x19, 0x59, 0x42, 0x6B, 0x28,
    0xC1, 0xD9, 0x81, 0xB0, 0xAB, 0x7D, 0x7C, 0xC3, 0xC1, 0x16, 0x26, 0xE5, 0xC8, 0x08, 0x3A, 0xF8,
    0x71, 0x16, 0x71, 0xAD, 0x26, 0x07, 0x1E, 0x54, 0x2B, 0x33, 0x57, 0xE6, 0x82, 0x5B, 0x84, 0xE5,
    0x12, 0x37, 0xF9, 0x54, 0x9B, 0x66, 0x30, 0x61, 0x5E, 0x1C, 0x76, 0xC0, 0x86, 0xDC, 0x4E, 0xC4,
    0xBA, 0x23, 0xB1, 0x9A, 0x43, 0x82, 0x60, 0xF4, 0x76, 0x74, 0x9B, 0xBD, 0x49, 0x9B, 0x83, 0x62,
    0xF9, 0x0B, 0x5D, 0x76, 0x53, 0x8D, 0x90, 0x55, 0xBA, 0xA9, 0x25, 0x73, 0x8A, 0x5F, 0x6D, 0x39,
    0xCB, 0xD2, 0xC2, 0x44, 0x17, 0x95, 0x23, 0x24, 0x56, 0x65, 0x11, 0xE6, 0xC3, 0x57, 0x89, 0x7D,
    0xD7, 0xF0, 0x3F, 0xE3, 0xF3, 0xA8, 0x39, 0x66, 0xD4, 0xD8, 0xA8, 0x66, 0x81, 0x51, 0x30, 0xC6,
    0xFB, 0xC1, 0xAA, 0xB9, 0x55, 0xC2, 0xFE, 0x06, 0x75, 0x05, 0xE5, 0x4D, 0x30, 0x20, 0x22, 0xD4,
    0xA1, 0xD4, 0xA2, 0xEB, 0x92, 0x47, 0xD7, 0x14, 0xCD, 0x7E, 0xAE, 0x86, 0x33, 0x4B, 0x5C, 0x3A,
    0x3A, 0xFE, 0xCF, 0x1D, 0x47, 0x38, 0xA0, 0x5E, 0x01, 0x4C, 0xDA, 0x14, 0xDE, 0x92, 0x3C, 0x42,
    0x5B, 0x0B, 0xF7, 0x24, 0x9B, 0x85, 0x52, 0xB7, 0xD1, 0x71, 0x13, 0x32, 0x23, 0xF8, 0xF4, 0x2B,
    0x34, 0xB9, 0x42, 0x53, 0xA1, 0x67, 0xA2, 0x1C, 0xAD, 0x92, 0x24, 0x7C, 0xDE, 0x99, 0x50, 0x37,
    0x1F, 0xA1, 0x34, 0xCC, 0x13, 0xCD, 0x78, 0x68, 0x06, 0xB4, 0x17, 0xDA, 0xF0, 0xA6, 0x4E, 0xAB,
    0xAF, 0x9B, 0xDA, 0x3F, 0x51, 0x05, 0x42, 0x7B, 0xF3, 0xD7, 0x98, 0x99, 0x8B, 0x71, 0x0A, 0x2D,
    0x89, 0x32, 0xBB, 0x91, 0xA8, 0x42, 0x7B, 0x26, 0x5D, 0xC8, 0x6E, 0xD3, 0x63, 0xBC, 0xCE, 0xC5,
    0xA6, 0x0D, 0x81, 0x19, 0xC2, 0x3A, 0xF0, 0x6B, 0xA3, 0xC0, 0xA0, 0x49, 0x04, 0x66, 0x7F, 0x2E,
    0x26, 0x63, 0x96, 0x48, 0xC8, 0xF3, 0x41, 0x3A, 0xA1, 0x2E, 0x13, 0xA6, 0x8B, 0x9F, 0xEC, 0xA1,
    0x36, 0x7F, 0xDE, 0xEE, 0xBB, 0x2F, 0xF1, 0x74, 0x4A, 0xD6, 0x88, 0xAE, 0x11, 0x2C, 0xFF, 0xE7,
    0x16, 0xD0, 0xED, 0x5F, 0xBA, 0xB6, 0x48, 0x27, 0x22, 0xA4, 0x12, 0x09, 0xE3, 0x64, 0xF1, 0xCF,
    0x91, 0x42, 0x63, 0xF2, 0x07, 0xA4, 0x8F, 0xF1, 0x18, 0x4D, 0x03, 0xDF, 0xC5, 0x57, 0x86, 0x50,
    0xB4, 0xEA, 0xCE, 0x3A, 0x57, 0xE4, 0x18, 0xC8, 0x3A, 0x01, 0x96, 0x82, 0xB5, 0xA0, 0x29, 0x97,
    0x1C, 0x10, 0x05, 0xB1, 0x16, 0xFE, 0xD9, 0x97, 0x01, 0x33, 0xCB, 0x74, 0xED, 0x25, 0xAC, 0x67,
    0x42, 0x9B, 0x00, 0x13, 0x1B, 0x8E, 0xAC, 0xBB, 0xF4, 0xE3, 0x17, 0x1D, 0xF4, 0xF7, 0xD4, 0x4C,
    0x50, 0x4C, 0x1C, 0x36, 0xB6, 0x11, 0x26, 0x76, 0xDF, 0x7E, 0x84, 0xD4, 0x85, 0x1F, 0xD8, 0x9F,
    0x83, 0xED, 0xBF, 0x6D, 0xDF, 0xC6, 0x82, 0xBC, 0x8E, 0xAA, 0x5E, 0xEE, 0x68, 0xFA, 0x43, 0x6C,
    0xCF, 0xC3, 0x25, 0x74, 0xA9, 0x15, 0x47, 0x6B, 0x2E, 0x21, 0x02, 0xCF, 0xE1, 0x11, 0xCA, 0x5C,
    0x28, 0x01, 0x72, 0xD0, 0x77, 0xEE, 0x87, 0x53, 0xEE, 0x60, 0x6E, 0x9D, 0xAB, 0x17, 0x34, 0x96,
    0xB6, 0x83, 0x6C, 0x57, 0x5C, 0x02, 0x27, 0x1A, 0xFB, 0xDF, 0xE5, 0x7E, 0x2F, 0x08, 0x94, 0x22,
    0xDF, 0x1A, 0x67, 0xF4, 0xAE, 0x03, 0x2E, 0xE2, 0x0F, 0x64, 0xF8, 0x16, 0x03, 0xE6, 0x9F, 0x77,
    0xA0, 0x58, 0xF6, 0x90, 0xAA, 0x33, 0xF4, 0x6D, 0x4D, 0x85, 0x40, 0x66, 0xF7, 0x90, 0x93, 0xD5,
    0x2E, 0x18, 0x7E, 0x39, 0xE2, 0x24, 0x01, 0xB0, 0xB1, 0x1E, 0xE0, 0xC4, 0x6A, 0xFB, 0x76, 0x70,
    0x07, 0xD5, 0x25, 0x70, 0xB7, 0x82, 0xBE, 0x1E, 0x73, 0x7B, 0xCE, 0xCE, 0xEE, 0xC0, 0x49, 0x5D,
    0x99, 0xA4, 0x16, 0x81, 0xD4, 0xD3, 0x2E, 0xBD, 0x40, 0x5A, 0xE0, 0xA0, 0x88, 0xE5, 0x82, 0xBA,
    0xE7, 0x49, 0xFA, 0xE0, 0x91, 0x63, 0x98, 0xC8, 0xCF, 0x89, 0x30, 0xC7, 0x57, 0xC0, 0x20, 0x50,
    0xDE, 0x9E, 0xA8, 0xF2, 0x64, 0xF6, 0x92, 0xC2, 0x28, 0x0B, 0xCB, 0xFD, 0x16, 0x72, 0xD1, 0x8B,
    0xAA, 0xF5, 0x9E, 0xA9, 0x6E, 0x17, 0xE8, 0xAA, 0x4E, 0x06, 0x99, 0x76, 0x9C, 0xFD, 0xF8, 0x25,
    0x0B, 0xD2, 0x20, 0xC2, 0xAA, 0x24, 0x60, 0xA9, 0xC7, 0x9A, 0x2B, 0x0C, 0xA6, 0x83, 0x1F, 0x5E,
    0xAE, 0x6E, 0xE7, 0x4C, 0x07, 0x97, 0xF0, 0x3B, 0xD6, 0x81, 0xD3, 0x5F, 0xB7, 0xD7, 0x1D, 0x7B,
    0x77, 0xB9, 0x7D, 0xC9, 0x5E, 0x87, 0xE6, 0xEC, 0x56, 0xF9, 0x37, 0x1D, 0xD6, 0xD4, 0xCB, 0xF1,
    0x12, 0x53, 0xD0, 0x89, 0xBB, 0x94, 0xE6, 0x96, 0xB8, 0x58, 0x94, 0xC4, 0x99, 0xC9, 0x51, 0x2E,
    0x08, 0x45, 0x35, 0x9C, 0xEB, 0xC5, 0x45, 0x4F, 0x42, 0x4F, 0x29, 0x1C, 0x56, 0xCF, 0x05, 0xCE,
    0x73, 0x1B, 0x1C, 0x15, 0xDD, 0xAA, 0xDB, 0xD0, 0x4E, 0x86, 0x78, 0x14, 0x1B, 0xE3, 0x4B, 0x1F,
    0x58, 0x9D, 0xC8, 0xC1, 0x21, 0x39, 0x45, 0x08, 0xCB, 0xA3, 0xE7, 0xC6, 0x88, 0x53, 0x58, 0x66,
    0x70, 0x58, 0xB7, 0xEF, 0x0A, 0xB1, 0x1F, 0xB2, 0xCA, 0xD4, 0xDE, 0xBE, 0xED, 0x24, 0xF2, 0xB0,
    0x73, 0x9C, 0xD9, 0xED, 0x2E, 0xF7, 0xFD, 0x4B, 0xF6, 0xDB, 0x76, 0xF2, 0x64, 0x39, 0x27, 0x1E,
    0x49, 0x85, 0xF4, 0x01, 0xD9, 0xDB, 0xBD, 0xD7, 0x88, 0x38, 0x52, 0xBC, 0xB1, 0xB4, 0xC3, 0xC1,
    0x39, 0x90, 0xBE, 0x36, 0xD7, 0xE3, 0xD1, 0xA9, 0x25, 0xC5, 0x54, 0x8F, 0x99, 0x55, 0xF5, 0x5C,
    0x4C, 0xA5, 0xDB, 0x5E, 0x36, 0x95, 0x40, 0x9C, 0x6B, 0x6F, 0x2C, 0xA7, 0x1C, 0xA5, 0x2F, 0x87,
    0x62, 0x2E, 0xE6, 0xA3, 0x75, 0xED, 0x50, 0x2C, 0xEE, 0x97, 0x8D, 0xF5, 0xF9, 0x25, 0x82, 0xD0,
    0x9A, 0xDC, 0x9C, 0xC6, 0x8A, 0x67, 0x15, 0xB3, 0x5F, 0xD8, 0x1A, 0x5B, 0x42, 0x74, 0xFF, 0x24,
    0x8C, 0x22, 0x5F, 0xF5, 0x25, 0xE3, 0xC6, 0x19, 0xB8, 0x86, 0x4B, 0x54, 0x30, 0x98, 0x8C, 0x3A,
    0x32, 0x05, 0x15, 0xB8, 0x28, 0x84, 0xE2, 0x94, 0x8B, 0x88, 0x1C, 0x6A, 0x27, 0xB5, 0xC4, 0x62,
    0xAB, 0x55, 0xCD, 0x1D, 0xC2, 0x53, 0x45, 0x0A, 0x23, 0x30, 0xD6, 0xCA, 0xFC, 0x53, 0x1B, 0x38,
    0x28, 0xA7, 0x83, 0xD5, 0x0E, 0xC3, 0xC2, 0x97, 0x2C, 0x19, 0xED, 0xB1, 0x7A, 0xDA, 0xF3, 0x6E,
    0x45, 0x47, 0x5D, 0xB9, 0x50, 0x12, 0x11, 0x63, 0x15, 0x03, 0x4A, 0x43, 0xB2, 0x17, 0xB6, 0x48,
    0xB8, 0x72, 0x37, 0x0C, 0x11, 0xD0, 0xD9, 0x2F, 0xAC, 0x34, 0xC5, 0x38, 0x0A, 0x8B, 0x1E, 0x8D,
    0x73, 0x0D, 0x79, 0x6A, 0xD3, 0x7E, 0xB7, 0x5C, 0xB4, 0x0B, 0xD4, 0x18, 0x06, 0xAC, 0x64, 0x73,
    0x22, 0x9B, 0xE2, 0x41, 0x6E, 0xB1, 0x5F, 0x15, 0x25, 0x6D, 0x12, 0x94, 0xF1, 0x22, 0xD4, 0xE7,
    0xA3, 0x08, 0x55, 0x78, 0xB6, 0x08, 0xE4, 0x96, 0x17, 0xF1, 0xD2, 0x53, 0x39, 0xB6, 0xEE, 0xEB,
    0x86, 0x7A, 0x68, 0xDD, 0xD7, 0xF7, 0x6D, 0x5F, 0xF7, 0x28, 0xB9, 0xE6, 0xE0, 0xDE, 0x3A, 0xC0,
    0xA3, 0x13, 0x21, 0xE5, 0xB0, 0xCB, 0x20, 0x43, 0x5C, 0x84, 0x71, 0x6A, 0x5D, 0x39, 0xA2, 0x50,
    0xA2, 0x83, 0x4E, 0xE9, 0xB8, 0x41, 0xDE, 0xD0, 0xD9, 0x43, 0x59, 0x4C, 0x22, 0x99, 0x2A, 0x42,
    0x07, 0xBC, 0xE2, 0x21, 0x44, 0x6E, 0x71, 0x78, 0x58, 0x24, 0xDD, 0x01, 0x75, 0x59, 0xA8, 0x10,
    0xCD, 0xEC, 0xC6, 0xAD, 0x8A, 0x2D, 0xB5, 0xAC, 0xBB, 0xD8, 0x83, 0x93, 0xF0, 0x62, 0xA1, 0x76,
    0xCB, 0xF3, 0x9A, 0xA7, 0x1D, 0xFD, 0xA1, 0x5F, 0xB3, 0x48, 0x03, 0x61, 0x3A, 0xE0, 0xC3, 0x38,
    0x8B, 0xFE, 0x3D, 0xAC, 0x85, 0xD8, 0x14, 0xE3, 0x8C, 0x11, 0x70, 0xFB, 0x1E, 0x5C, 0x80, 0x18,
    0x12, 0x7A, 0x3A, 0xC9, 0x07, 0x36, 0xE6, 0xBC, 0xCC, 0x3B, 0x69, 0x0B, 0x1C, 0xCC, 0x91, 0xD8,
    0x20, 0x1C, 0x75, 0x32, 0x88, 0x37, 0xF0, 0x22, 0x67, 0xD0, 0xF2, 0x2A, 0x24, 0x86, 0x32, 0xE3,
    0x29, 0xB5, 0xFE, 0x40, 0xBC, 0x34, 0x6A, 0x3D, 0xD4, 0x09, 0x8F, 0x38, 0xC3, 0x59, 0x62, 0x10,
    0xBC, 0x46, 0x7C, 0x2E, 0xAC, 0x11, 0xDE, 0x4E, 0xA5, 0xA9, 0xC4, 0xF5, 0xDA, 0x0A, 0xC5, 0xC9,
    0xB3, 0xFA, 0x9D, 0x94, 0xEA, 0xC5, 0xF3, 0x5A, 0x41, 0x37, 0x20, 0x4C, 0xAB, 0xE0, 0x33, 0xD2,
    0x35, 0x73, 0x72, 0x0D, 0xD8, 0xD1, 0xE0, 0x70, 0x82, 0x5C, 0x7A, 0x1E, 0x5E, 0x22, 0x17, 0xF1,
    0xFB, 0x5B, 0x56, 0xED, 0x9C, 0x64, 0xFA, 0x9C, 0xBD, 0x8D, 0x3D, 0xA2, 0xA5, 0x0B, 0x34, 0xBC,
    0xA2, 0x5A, 0x27, 0x8C, 0x9A, 0xC9, 0xBD, 0xBB, 0x2A, 0x58, 0xEC, 0x86, 0x5C, 0xCC, 0xAD, 0x4B,
    0x35, 0x6E, 0x9C, 0x30, 0x02, 0x7F, 0x55, 0x4E, 0x08, 0x81, 0xC3, 0xAA, 0xB6, 0x2F, 0x47, 0x60,
    0x4E, 0xF4, 0x0E, 0xE5, 0x48, 0xAE, 0x6B, 0xFB, 0x92, 0x21, 0xEE, 0x1D, 0x6A, 0xC0, 0x3B, 0x31,
    0x55, 0x59, 0x5F, 0x4C, 0x3B, 0x0A, 0xB1, 0x33, 0x30, 0xC7, 0x97, 0xA7, 0x22, 0x34, 0x49, 0x82,
    0x09, 0xBA, 0x3A, 0x90, 0x23, 0xBA, 0x02, 0xB0, 0xE8, 0x5B, 0xC0, 0x6C, 0xF1, 0xA6, 0x3C, 0x73,
    0x20, 0xDC, 0x19, 0xFF, 0x31, 0x99, 0xE3, 0xE0, 0x23, 0x4C, 0x38, 0xB9, 0x74, 0x65, 0xBA, 0x85,
    0x9B, 0xEE, 0x73, 0xBC, 0x04, 0x55, 0x34, 0x94, 0xFC, 0xB2, 0xF7, 0x57, 0xC5, 0xB0, 0x01, 0x2C,
    0x24, 0xC3, 0xEA, 0x38, 0x4A, 0xEF, 0xE9, 0xD7, 0xCC, 0x06, 0x5F, 0x1C, 0x95, 0xF0, 0xFB, 0xFC,
    0x23, 0xEA, 0xAF, 0x85, 0x0C, 0x27, 0xCF, 0xDE, 0xB5, 0xF0, 0x71, 0x67, 0x40, 0x32, 0x3B, 0xED,
    0xB1, 0x5B, 0x70, 0x2F, 0x78, 0xD4, 0xBF, 0xAB, 0x09, 0x6F, 0x63, 0xDF, 0x27, 0x6D, 0x54, 0x2B,
    0x90, 0xB3, 0x54, 0xF6, 0xA1, 0xBC, 0x05, 0x1C, 0x46, 0x6D, 0x0F, 0x6E, 0xD2, 0xD6, 0xB3, 0x5D,
    0xE7, 0xBF, 0xB5, 0xAF, 0xE2, 0x96, 0xE9, 0x33, 0x83, 0x4B, 0xC1, 0x4C, 0x70, 0x0F, 0x88, 0x5C,
    0xE2, 0x57, 0x7F, 0x7D, 0xED, 0xAA, 0xAC, 0x76, 0x47, 0xB7, 0xCF, 0x07, 0x96, 0x18, 0x9C, 0x53,
    0x6E, 0xB3, 0xA3, 0xB9, 0xBA, 0x59, 0x50, 0x29, 0xD0, 0x2B, 0x80, 0xB9, 0xC9, 0x83, 0x08, 0x4F,
    0x40, 0x45, 0x04, 0xD3, 0xB0, 0x07, 0x70, 0xAA, 0xFD, 0xFE, 0x66, 0x91, 0x61, 0x2A, 0x2F, 0xC9,
    0xAD, 0x56, 0x3A, 0xE3, 0xCC, 0x81, 0xDD, 0x21, 0x38, 0x5D, 0x45, 0x36, 0x3D, 0xF5, 0x39, 0xDB,
    0x48, 0x46, 0x5C, 0x97, 0x0B, 0xB8, 0x61, 0x0E, 0xBC, 0xA8, 0x72, 0x84, 0x74, 0x7F, 0x2B, 0x4F,
    0x5E, 0x82, 0x8C, 0x2E, 0x43, 0x12, 0xAC, 0xD4, 0xE7, 0x4D, 0x2B, 0x40, 0x62, 0x15, 0x14, 0x23,
    0xB9, 0x92, 0xD7, 0x09, 0x12, 0x00, 0xD0, 0xE9, 0xBF, 0xAD, 0x8A, 0xDF, 0x3E, 0xFB, 0xAA, 0x33,
    0x0D, 0x31, 0x65, 0x83, 0xD9, 0x7A, 0x3D, 0x8D, 0x56, 0x98, 0x24, 0x55, 0xF4, 0x3D, 0xBD, 0x02,
    0xE5, 0x42, 0x6C, 0xD8, 0xB1, 0x1C, 0x26, 0xFF, 0xC8, 0x51, 0x81, 0x7F, 0x44, 0xFD, 0xFE, 0x4C,
    0xAC, 0xD2, 0x1F, 0xE5, 0xA6, 0x3F, 0x72, 0x98, 0xFE, 0xA8, 0x30, 0xFF, 0x47, 0xE5, 0xA2, 0x3F,
    0x02, 0x86, 0x3F, 0xE2, 0x7D, 0x35, 0x98, 0x84, 0x98, 0x39, 0x5F, 0x20, 0x50, 0xBB, 0xC5, 0xC9,
    0x77, 0xBF, 0x5C, 0x5E, 0x54, 0xAA, 0x5B, 0x5C, 0xC6, 0x31, 0x58, 0xAB, 0x75, 0xF9, 0x0E, 0xF2,
    0x57, 0xF6, 0x07, 0xE6, 0x22, 0xDB, 0x83, 0xAF, 0x00, 0x89, 0x22, 0x30, 0xD3, 0x80, 0xED, 0x37,
    0xCA, 0x86, 0x71, 0x53, 0xC7, 0x18, 0xD7, 0x7D, 0xAB, 0xE0, 0xC8, 0x3A, 0xD4, 0x8D, 0xAB, 0x44,
    0x64, 0x16, 0x52, 0x07, 0x64, 0x12, 0xD2, 0x7A, 0xC4, 0x46, 0x8F, 0x0C, 0xF1, 0x08, 0x13, 0xD6,
    0x10, 0x47, 0x5A, 0x12, 0x91, 0x14, 0x11, 0x86, 0x0C, 0xBB, 0xA0, 0xD1, 0x16, 0xA7, 0x44, 0x97,
    0x51, 0x35, 0x05, 0x42, 0x31, 0x2E, 0x04, 0x66, 0x80, 0x4C, 0x48, 0x83, 0x20, 0xC3, 0x2B, 0x05,
    0x82, 0x6F, 0x04, 0x8D, 0x55, 0xBC, 0x71, 0x50, 0x8F, 0xA8, 0x27, 0x85, 0x19, 0xB6, 0xB0, 0xBE,
    0xF9, 0x60, 0xE8, 0x9D, 0x8F, 0x86, 0x06, 0x32, 0xC0, 0xE0, 0xB9, 0x24, 0x2C, 0x72, 0x5E, 0x3A,
    0x6D, 0x27, 0x24, 0x88, 0x43, 0x2D, 0x5D, 0xAF, 0x90, 0xEE, 0xDB, 0x4A, 0xF0, 0x0C, 0x8B, 0xF2,
    0x12, 0xA1, 0x22, 0x08, 0x75, 0x7B, 0xBE, 0x9E, 0xA6, 0xDB, 0xA4, 0xDC, 0xA6, 0x69, 0x78, 0x98,
    0x24, 0x1C, 0x0A, 0x71, 0x97, 0x21, 0xF3, 0x56, 0x11, 0xE5, 0x1A, 0xB7, 0xA4, 0x6E, 0x89, 0x59,
    0x31, 0x6D, 0x13, 0x51, 0x4B, 0xD8, 0x50, 0x67, 0x5C, 0xF2, 0xF7, 0xB8, 0xB9, 0x05, 0xB3, 0xC1,
    0xBA, 0x1E, 0xE8, 0xBD, 0x8B, 0x8B, 0xD7, 0x42, 0x75, 0xAC, 0xBE, 0xDC, 0x86, 0x67, 0xC1, 0x53,
    0xA8, 0x07, 0x3A, 0xAF, 0xEB, 0x82, 0x96, 0xA1, 0x2E, 0x28, 0xA5, 0x3A, 0xA0, 0xCD, 0xD8, 0x11,
    0x7B, 0x9B, 0x20, 0xA9, 0x73, 0xC4, 0x4E, 0xCD, 0x49, 0xEB, 0xED, 0x2E, 0xD6, 0x04, 0x22, 0x47,
    0x5D, 0xE0, 0x38, 0x5D, 0x3A, 0xE0, 0xA2, 0xDE, 0x89, 0x09, 0x20, 0x64, 0xDC, 0x31, 0x0A, 0xE8,
    0x50, 0xAD, 0x14, 0x33, 0x37, 0xC7, 0xF1, 0x60, 0x3D, 0x43, 0xB6, 0x60, 0xC9, 0x1E, 0x99, 0x3E,
    0xC3, 0x77, 0x0D, 0xC2, 0xF1, 0xEC, 0xB7, 0xAB, 0xF7, 0xC0, 0x79, 0xB2, 0x92, 0x11, 0xCB, 0x8A,
    0x31, 0x39, 0x8A, 0x79, 0xF8, 0xB5, 0x55, 0x2D, 0x03, 0x84, 0x16, 0xC9, 0xBA, 0xA3, 0x3A, 0x0D,
    0xE8, 0xBA, 0x3D, 0x72, 0x68, 0xAA, 0x72, 0x78, 0x40, 0xC0, 0xE2, 0x0E, 0x41, 0xCE, 0x68, 0x78,
    0x48, 0xB8, 0x17, 0xCC, 0x98, 0x9E, 0xB6, 0xCB, 0x09, 0xE1, 0x47, 0x70, 0xB0, 0x5D, 0x28, 0x19,
    0x6D, 0x52, 0x65, 0xFF, 0x01, 0xD0, 0xB1, 0x2C, 0x05, 0xD8, 0x09, 0x10, 0x8B, 0x56, 0xC0, 0x18,
    0x06, 0x08, 0x22, 0x17, 0xE0, 0x78, 0xDC, 0xAB, 0x14, 0xA2, 0x9A, 0x88, 0x90, 0x3C, 0x01, 0x32,
    0xC3, 0x9F, 0xC3, 0xB0, 0xD0, 0x09, 0x56, 0x80, 0x85, 0x91, 0x93, 0xCB, 0x99, 0x90, 0xDC, 0x79,
    0x34, 0x1B, 0x04, 0x7B, 0x42, 0x29, 0x05, 0x0F, 0x45, 0xD6, 0x2F, 0x41, 0x49, 0x20, 0x5C, 0x71,
    0x70, 0x8B, 0xAD, 0x54, 0xB5, 0x9C, 0xA5, 0xFB, 0x68, 0x03, 0x48, 0x2F, 0x41, 0x39, 0xE1, 0xD3,
    0x30, 0xA3, 0x37, 0x2B, 0x38, 0xB1, 0x1B, 0x6E, 0x67, 0x4E, 0x67, 0x01, 0xC0, 0xC9, 0xC0, 0x82,
    0x6A, 0x9A, 0x0B, 0xA7, 0xC2, 0x99, 0x38, 0x90, 0xD3, 0x54, 0x20, 0xEF, 0x75, 0x39, 0x01, 0xB4,
    0xB2, 0x8E, 0xF7, 0x04, 0x67, 0x19, 0xC8, 0x09, 0x1A, 0x02, 0x8E, 0x57, 0x76, 0x98, 0x69, 0xAD,
    0x1E, 0xFE, 0x17, 0xD9, 0x88, 0x5E, 0x57, 0x3B, 0x8D, 0x8E, 0x92, 0xD6, 0xCE, 0x74, 0xF2, 0x95,
    0x7D, 0x31, 0xD0, 0xD7, 0x77, 0x9C, 0x40, 0x86, 0x29, 0x9D, 0xDF, 0xAB, 0x8D, 0xD7, 0x47, 0x5C,
    0xB1, 0x76, 0x35, 0x14, 0x1C, 0x5D, 0x66, 0x1C, 0x04, 0x2F, 0x62, 0x9F, 0xE1, 0x85, 0xA3, 0xC1,
    0x50, 0xDA, 0xAE, 0x44, 0x24, 0xD6, 0x39, 0x8B, 0x3D, 0xD0, 0x1F, 0x7A, 0xDE, 0xDA, 0x10, 0xED,
    0x7A, 0x24, 0xE1, 0xF5, 0x48, 0xD0, 0xEB, 0x09, 0xF2, 0x5E, 0x8F, 0xC4, 0xBE, 0x1E, 0x55, 0x83,
    0xE6, 0x1F, 0xAB, 0xD4, 0x28, 0x55, 0x79, 0xA9, 0xA4, 0x0D, 0xA3, 0x5F, 0xF8, 0x49, 0xD4, 0x44,
    0xCE, 0x19, 0x4F, 0x88, 0x3D, 0x4F, 0x91, 0x5E, 0x4E, 0xD8, 0x83, 0x62, 0x88, 0xE5, 0x8B, 0xF5,
    0x75, 0xA3, 0x8F, 0xCC, 0x70, 0xC9, 0x74, 0x6C, 0xC8, 0x33, 0xEB, 0xAB, 0x48, 0x43, 0x49, 0x1A,
    0x21, 0xE4, 0xF5, 0x63, 0xE8, 0xC8, 0xB9, 0x97, 0xD5, 0x45, 0x66, 0x8D, 0x83, 0x14, 0x80, 0x50,
    0x24, 0xFE, 0x2C, 0xE7, 0x6D, 0xA9, 0x20, 0x09, 0x77, 0x89, 0x36, 0x5E, 0x08, 0x68, 0x77, 0x3F,
    0xB3, 0xAE, 0x3D, 0x2F, 0x0F, 0x09, 0x3D, 0xBA, 0xB5, 0xF9, 0x72, 0x3A, 0x67, 0x06, 0xF6, 0xA9,
    0x61, 0x06, 0xFD, 0xBB, 0x3C, 0x73, 0xCC, 0xBB, 0x79, 0x4B, 0x1C, 0x2F, 0xB3, 0xBC, 0xBD, 0xAA,
    0x4C, 0x0D, 0x0B, 0x13, 0x13, 0x64, 0x59, 0xA0, 0x5A, 0x56, 0x48, 0xD5, 0xA9, 0x96, 0x99, 0x36,
    0x1C, 0x4F, 0xB4, 0xFC, 0x85, 0x53, 0x4A, 0x0E, 0x61, 0x1D, 0x56, 0xF2, 0x0B, 0xEB, 0xCC, 0x5A,
    0xD5, 0x87, 0x1D, 0x15, 0x2C, 0x11, 0x9F, 0x60, 0xA5, 0x6D, 0x84, 0x50, 0x85, 0x27, 0x5A, 0x63,
    0x5E, 0x58, 0x36, 0xA2, 0x2F, 0xF4, 0x5C, 0x44, 0x4B, 0xCC, 0xC1, 0x34, 0xAB, 0x1F, 0x17, 0x61,
    0xFA, 0x71, 0x5C, 0xFF, 0x78, 0x5A, 0x0D, 0xE2, 0xFE, 0x6E, 0xCB, 0x67, 0xD2, 0xAA, 0xAB, 0x64,
    0xCA, 0x70, 0x78, 0x06, 0x85, 0x70, 0x69, 0x2D, 0x58, 0x23, 0x78, 0xF4, 0xAA, 0x2C, 0xAC, 0x8A,
    0x3A, 0xF9, 0x06, 0x9F, 0x33, 0x12, 0xBA, 0x54, 0x58, 0xEA, 0xEC, 0x24, 0x97, 0x0D, 0x4E, 0x9E,
    0xF1, 0x58, 0x56, 0xD6, 0x81, 0x9A, 0x15, 0xB4, 0xA3, 0x3C, 0xD3, 0xFC, 0x81, 0x7A, 0x1A, 0x53,
    0x8D, 0x11, 0x50, 0xAE, 0x6E, 0x98, 0xE5, 0xC4, 0xD0, 0x17, 0xFD, 0xA0, 0xB0, 0x1E, 0xFC, 0xE9,
    0x74, 0x55, 0xA3, 0xD0, 0xFD, 0x30, 0x5F, 0xF5, 0x83, 0x9D, 0xDC, 0x8E, 0x95, 0x2F, 0x37, 0x9F,
    0x58, 0x1E, 0x12, 0xCC, 0x9C, 0x3B, 0x73, 0xB1, 0xAF, 0xB5, 0x93, 0xE9, 0xFE, 0xF7, 0x9C, 0x6E,
    0x2F, 0xBA, 0xF5, 0xC9, 0x50, 0xA9, 0x4B, 0x8E, 0x82, 0xC9, 0x79, 0xFE, 0x3B, 0x30, 0x85, 0xFC,
    0x31, 0x86, 0x68, 0x52, 0x1B, 0x00, 0xAB, 0x8B, 0xA0, 0x8A, 0x73, 0xDB, 0xAC, 0xFF, 0xA7, 0x2B,
    0x95, 0x9E, 0xDA, 0x02, 0xBA, 0x92, 0x1A, 0x9F, 0xB8, 0x6B, 0x63, 0xBC, 0xD9, 0xFB, 0xF8, 0x87,
    0x2E, 0xFE, 0x21, 0xE0, 0xEB, 0xD8, 0x8B, 0x2C, 0x8A, 0x6C, 0x7B, 0x46, 0xB0, 0xED, 0x24, 0x0F,
    0x4E, 0x12, 0x46, 0xF7, 0x57, 0xB7, 0x7B, 0x4E, 0x36, 0x59, 0xF5, 0x83, 0x63, 0xAC, 0x28, 0xE3,
    0xA3, 0xFF, 0xCA, 0x6E, 0x23, 0xC4, 0xBA, 0xF9, 0x57, 0x47, 0xA7, 0xE7, 0xCF, 0x10, 0xF2, 0x7B,
    0x9A, 0x3B, 0x90, 0x68, 0x4B, 0x67, 0xC5, 0x89, 0x90, 0x22, 0x7D, 0xC2, 0xC5, 0x9F, 0x19, 0x8D,
    0xF8, 0x99, 0x9B, 0xC1, 0x1E, 0x86, 0x0B, 0x46, 0x46, 0x98, 0x42, 0x83, 0xC3, 0x6E, 0xF0, 0x42,
    0x04, 0x30, 0x53, 0x07, 0x0D, 0xE7, 0x7E, 0xE0, 0xCA, 0x75, 0xB9, 0x9D, 0x3E, 0xC6, 0x2E, 0xB2,
    0x83, 0x7D, 0xD6, 0x67, 0x36, 0x82, 0x0B, 0x62, 0x23, 0x22, 0x1D, 0x23, 0x61, 0x19, 0x87, 0xB0,
    0x5F, 0x78, 0x48, 0xAF, 0x7B, 0x74, 0x7E, 0x5D, 0xF0, 0x3F, 0x8A, 0x5A, 0x5D, 0x68, 0x1C, 0x1E,
    0x57, 0x85, 0xD2, 0x47, 0xEB, 0x9B, 0xF8, 0xC5, 0x18, 0xC7, 0x0F, 0x97, 0xD2, 0xDD, 0x57, 0xBA,
    0x17, 0x72, 0x6B, 0x14, 0xDC, 0x52, 0x9B, 0xE2, 0x91, 0x08, 0x26, 0x00, 0x8B, 0x41, 0xE3, 0x40,
    0x4E, 0x50, 0x58, 0xC5, 0x60, 0x6F, 0xEC, 0x00, 0x14, 0x56, 0xCA, 0xBE, 0xA9, 0x86, 0x6C, 0x10,
    0xBA, 0xAC, 0xD9, 0x18, 0xB9, 0x43, 0x28, 0x0C, 0xC6, 0xA8, 0x88, 0x99, 0x6E, 0x89, 0x75, 0x47,
    0x41, 0xB4, 0xDB, 0x78, 0x8E, 0xF1, 0xF1, 0x11, 0xC4, 0x81, 0x99, 0xC7, 0x93, 0x29, 0x69, 0x17,
    0xA2, 0xFB, 0xE1, 0xE7, 0x8F, 0x33, 0xD1, 0xE4, 0xA6, 0x55, 0x1F, 0xDB, 0xE9, 0x89, 0x38, 0xB1,
    0xBE, 0x42, 0xB3, 0xE8, 0xBE, 0xE9, 0x11, 0x38, 0x50, 0xF5, 0xA4, 0x67, 0xC2, 0xED, 0x27, 0x65,
    0xCF, 0xE5, 0x3B, 0x2A, 0x35, 0x93, 0x06, 0x7B, 0x5A, 0xBF, 0x97, 0x99, 0x46, 0x28, 0x59, 0xF3,
    0x94, 0xCA, 0x79, 0xB8, 0xB4, 0xDD, 0x6E, 0x69, 0x11, 0x02, 0xD0, 0x1D, 0xAA, 0xDD, 0x1D, 0x86,
    0x05, 0x78, 0x5D, 0x04, 0x7B, 0x8B, 0x1C, 0x16, 0x44, 0xAC, 0x4D, 0x34, 0x0B, 0x45, 0x7C, 0x1B,
    0x58, 0x57, 0x68, 0x7E, 0x85, 0x52, 0xA8, 0x0B, 0xAD, 0x3C, 0x5A, 0x1A, 0xB1, 0x84, 0x1C, 0xAB,
    0x22, 0xB3, 0xBE, 0x46, 0xEC, 0x5E, 0x28, 0x4B, 0x9C, 0x2A, 0x0E, 0xCD, 0x73, 0x73, 0x11, 0xA7,
    0x84, 0x80, 0xA7, 0x19, 0xC1, 0x82, 0x03, 0xAC, 0xA0, 0xF2, 0xE2, 0xCC, 0x09, 0x39, 0x22, 0x33,
    0x40, 0x97, 0x8C, 0xED, 0xB0, 0x73, 0xDE, 0x46, 0xEE, 0x9A, 0x3D, 0x88, 0xAB, 0x6B, 0xB3, 0x2E,
    0x0F, 0x1F, 0xA6, 0xA0, 0xCC, 0x34, 0x2F, 0x80, 0x90, 0xB5, 0x29, 0x62, 0xCB, 0x19, 0x01, 0x97,
    0x8A, 0x55, 0xDB, 0xE2, 0xF4, 0x18, 0x21, 0x8C, 0x89, 0x8D, 0x2F, 0x62, 0xFB, 0x45, 0xC2, 0xE8,
    0xD0, 0x27, 0x44, 0xB2, 0xD3, 0x17, 0x3E, 0x29, 0x43, 0xDB, 0x12, 0x96, 0x2D, 0x9C, 0x21, 0x1E,
    0x29, 0x3C, 0xF2, 0xCF, 0x04, 0xD3, 0x41, 0xC8, 0xA1, 0xD9, 0x5E, 0x7B, 0x04, 0x9D, 0x3D, 0xC3,
    0x00, 0xF2, 0xD3, 0x81, 0x51, 0x7C, 0xD6, 0x43, 0xE2, 0xD5, 0x3E, 0xEC, 0x45, 0xD9, 0x59, 0xE3,
    0xDE, 0x18, 0xF2, 0x32, 0x1D, 0xED, 0xFE, 0x61, 0x77, 0xE3, 0x33, 0x36, 0xFB, 0x26, 0x66, 0x73,
    0x08, 0x56, 0x0C, 0x15, 0x0C, 0xCA, 0x45, 0x48, 0x3D, 0x0B, 0x69, 0x27, 0xC4, 0xE1, 0x23, 0xE4,
    0xE5, 0x00, 0x0A, 0xDB, 0xC4, 0x00, 0x8C, 0xC9, 0x46, 0xC6, 0xBE, 0x10, 0xA9, 0x80, 0xD0, 0x1D,
    0x3C, 0x7A, 0x5B, 0x53, 0x6F, 0x33, 0x43, 0x5E, 0xFA, 0xD6, 0x1D, 0x1E, 0xDF, 0xAF, 0xDD, 0x1E,
    0x17, 0xE5, 0x4B, 0x21, 0x6E, 0xEC, 0x73, 0xAD, 0x54, 0x91, 0x21, 0x97, 0x27, 0xA3, 0x49, 0x41,
    0x7C, 0x4C, 0xF4, 0x26, 0xE9, 0x0C, 0x4F, 0x01, 0x50, 0x7A, 0x26, 0x36, 0xD1, 0x8A, 0xE8, 0x90,
    0x75, 0xDF, 0xF0, 0xBB, 0x28, 0xAB, 0x7E, 0xC3, 0x2F, 0x5D, 0xC2, 0xFA, 0x98, 0xEB, 0xE7, 0xA3,
    0xC8, 0xAA, 0x9F, 0x7A, 0x64, 0x15, 0xA5, 0xF2, 0x43, 0xC8, 0x02, 0xE4, 0x81, 0xBD, 0xC5, 0x2B,
    0x55, 0x57, 0xA6, 0x03, 0x90, 0xE6, 0x53, 0xC9, 0x86, 0x2C, 0xFC, 0xBB, 0x15, 0xA1, 0xC5, 0xE7,
    0xD1, 0xFD, 0x3F, 0x66, 0x55, 0xD8, 0x64, 0x7D, 0xCD, 0x01, 0x75, 0x88, 0x0E, 0x3D, 0x6F, 0x3B,
    0x37, 0x25, 0xE1, 0xB5, 0x12, 0x5A, 0x05, 0x49, 0x75, 0x49, 0x74, 0x89, 0x70, 0xC9, 0x84, 0xF2,
    0x3D, 0xDA, 0x80, 0xD4, 0x5B, 0xE0, 0x9A, 0xFE, 0x1F, 0x0E, 0xA0, 0xFF, 0xC7, 0x2E, 0xAE, 0xB7,
    0x28, 0xBB, 0x96, 0x44, 0xAF, 0xF4, 0xC5, 0x89, 0x26, 0xF4, 0x71, 0x3B, 0x20, 0x2D, 0x80, 0xC7,
    0xE8, 0x57, 0xE9, 0x2D, 0x63, 0xF7, 0x75, 0x95, 0xF4, 0xC9, 0x3A, 0x54, 0xDC, 0x49, 0xBA, 0x65,
    0xE7, 0x62, 0x5A, 0x7A, 0x12, 0x42, 0x74, 0x58, 0xE7, 0x56, 0xB4, 0x1B, 0xB9, 0x15, 0xDB, 0x6F,
    0x45, 0xE5, 0xD8, 0xE9, 0xDF, 0x60, 0x85, 0x26, 0x3F, 0xBB, 0x0C, 0x6F, 0xAE, 0xBE, 0x9A, 0x1E,
    0xEC, 0x37, 0xD2, 0x3F, 0x4E, 0x9B, 0xE9, 0x1F, 0xF9, 0x56, 0xFA, 0x07, 0x9F, 0xFF, 0x8F, 0x3A,
    0x04, 0x17, 0x8E, 0x49, 0x05, 0x95, 0xD3, 0x1E, 0x16, 0x77, 0x26, 0xA5, 0xB8, 0xC5, 0xFE, 0x09,
    0xBF, 0xB2, 0xBF, 0x22, 0x98, 0x94, 0x3B, 0x7C, 0x1E, 0xCD, 0xB9, 0x93, 0x0B, 0x38, 0x38, 0x8C,
    0xFB, 0xE9, 0xEF, 0xED, 0xB2, 0x7E, 0xF7, 0x6F, 0xCB, 0x2A, 0x77, 0xD7, 0xBD, 0xC1, 0x7D, 0x62,
    0x6E, 0xAD, 0x54, 0x8E, 0x60, 0xB6, 0xD5, 0x08, 0x99, 0xEE, 0xFD, 0xBF, 0x71, 0x25, 0xF8, 0x43,
    0xF7, 0x3F, 0xB5, 0x18, 0xC8, 0xB2, 0x4B, 0x2F, 0xBF, 0x9C, 0xDC, 0xC6, 0x2D, 0xFF, 0x3F, 0x36,
    0x02, 0xDE, 0xCF, 0xB4, 0x17, 0x29, 0x69, 0xDD, 0xCE, 0x70, 0x34, 0xB5, 0x28, 0xEE, 0x5A, 0xB1,
    0xE1, 0x0D, 0x78, 0xE1, 0xBE, 0x6A, 0x8E, 0xDE, 0x36, 0x3B, 0xE3, 0x1F, 0xBB, 0xD7, 0x50, 0xDA,
    0xF7, 0xF3, 0xA1, 0xBC, 0xBF, 0xCB, 0x06, 0x1C, 0xD1, 0x49, 0x95, 0x8F, 0xF5, 0x64, 0x93, 0x9D,
    0xED, 0x72, 0x0C, 0xE5, 0xF9, 0x38, 0xEE, 0xBE, 0x70, 0xC9, 0xF8, 0x99, 0x33, 0x70, 0xD0, 0x5F,
    0xB1, 0xDB, 0xD9, 0x2E, 0x9D, 0x77, 0xB7, 0x87, 0x5D, 0xDB, 0xEC, 0xBE, 0xE0, 0x26, 0x7F, 0xC7,
    0x91, 0x86, 0x81, 0x73, 0xF7, 0x61, 0xC3, 0x1C, 0x10, 0x9F, 0xD8, 0x76, 0xB9, 0xF5, 0xEE, 0x5E,
    0x1F, 0x0B, 0x9D, 0xFF, 0xDE, 0xAC, 0x2C, 0x12, 0xA3, 0xB0, 0x28, 0x78, 0x47, 0x4F, 0x51, 0xDD,
    0x16, 0xC6, 0x33, 0x3D, 0x8B, 0xAE, 0x31, 0x3F, 0x4F, 0x15, 0xF3, 0xBA, 0xA7, 0x95, 0xD2, 0x40,
    0xC1, 0x4A, 0xAA, 0x8B, 0xD4, 0xC7, 0x07, 0x0A, 0x51, 0x7C, 0x0B, 0x06, 0xE6, 0x2A, 0x6B, 0xF8,
    0x2D, 0x9F, 0x86, 0x16, 0x79, 0xC0, 0xEA, 0xFF, 0xC6, 0x25, 0xF6, 0x53, 0x7F, 0x74, 0x5B, 0xD2,
    0xF0, 0x15, 0xE4, 0xA5, 0xE1, 0xAB, 0xA4, 0x15, 0x8F, 0x91, 0xEA, 0xD3, 0xD4, 0x78, 0x38, 0xFC,
    0xEE, 0x53, 0xBB, 0xCC, 0xFF, 0xB4, 0xDB, 0x77, 0x3F, 0xFD, 0x71, 0x7F, 0xE2, 0x4E, 0xE4, 0xF8,
    0xF5, 0xEA, 0xEF, 0xD1, 0x5B, 0xB0, 0xA2, 0x48, 0xB5, 0xEC, 0x74, 0x1B, 0xB4, 0xFE, 0xF4, 0x73,
    0x4E, 0x45, 0xCF, 0x44, 0xEB, 0x4F, 0xED, 0x72, 0xEC, 0xC0, 0x14, 0xBF, 0xFB, 0xC5, 0xDD, 0xD3,
    0xEF, 0x8B, 0x54, 0xE7, 0x80, 0xEB, 0xA2, 0x1C, 0x9E, 0xFC, 0xDD, 0xD8, 0x3A, 0xF1, 0x4B, 0xAB,
    0x95, 0xFC, 0x14, 0x79, 0x69, 0xFB, 0xB9, 0xD1, 0x10, 0xAE, 0xAF, 0x16, 0x64, 0xC8, 0xF8, 0xA4,
    0x8C, 0x7F, 0xA8, 0x57, 0x4C, 0x47, 0xC0, 0x6D, 0xB7, 0x5C, 0x7D, 0xE7, 0x2E, 0xE1, 0xE2, 0xF1,
    0xA6, 0x97, 0xCE, 0xD1, 0x27, 0xA5, 0xA8, 0x07, 0x0D, 0x71, 0xD9, 0x85, 0x99, 0x71, 0x5F, 0x07,
    0x59, 0x75, 0x1C, 0xA4, 0xF7, 0xD3, 0x18, 0x1C, 0xB1, 0xCA, 0x7E, 0x8E, 0xAF, 0x8F, 0x83, 0x36,
    0x08, 0x9E, 0x3B, 0x1F, 0xD0, 0x62, 0x7F, 0xFA, 0x66, 0xA0, 0xD0, 0x9D, 0x5D, 0x69, 0x2F, 0x07,
    0x23, 0x80, 0x33, 0x75, 0x11, 0xE7, 0xE5, 0x21, 0xFC, 0xE0, 0xB4, 0x5D, 0xFE, 0xE0, 0xA6, 0x3A,
    0xED, 0x5C, 0x87, 0xD8, 0x40, 0xA7, 0x0F, 0xE6, 0x49, 0x56, 0x32, 0x92, 0x80, 0x1A, 0x6C, 0xD9,
    0x44, 0x57, 0x88, 0x3A, 0x4E, 0x98, 0x2A, 0xD4, 0x14, 0x80, 0x7F, 0xD3, 0xFB, 0x73, 0xE4, 0xD9,
    0x66, 0x77, 0x18, 0xDC, 0x0F, 0xF7, 0x79, 0x34, 0x60, 0xC1, 0x92, 0x46, 0x02, 0x76, 0x8A, 0x97,
    0xFE, 0x3F, 0xF8, 0x1F, 0x0C, 0x7C, 0xAC, 0x67, 0x65, 0xBA, 0x9F, 0xE2, 0x41, 0xC6, 0x02, 0x30,
    0xED, 0x09, 0xE3, 0x6B, 0x2B, 0x13, 0x78, 0x69, 0xDB, 0xDB, 0xC3, 0x86, 0x24, 0x7D, 0xA6, 0xA0,
    0xE5, 0xE2, 0x4C, 0x67, 0x1F, 0xDA, 0xAA, 0x8D, 0xBA, 0x51, 0x87, 0xEE, 0x53, 0xC1, 0x66, 0x3E,
    0x6A, 0x93, 0xBE, 0xBA, 0xCD, 0xF8, 0xE9, 0x45, 0xE3, 0xDA, 0x23, 0xBC, 0xCC, 0x7C, 0xA3, 0xDA,
    0xCE, 0xF4, 0xEC, 0x32, 0xF0, 0xB1, 0xA1, 0xED, 0x39, 0x63, 0x52, 0x32, 0x91, 0x9C, 0x99, 0xF0,
    0x8A, 0xA7, 0xCB, 0x4D, 0x59, 0xCC, 0x05, 0x95, 0x28, 0xB9, 0x0F, 0xDE, 0x56, 0x50, 0x8B, 0x7D,
    0x6D, 0x81, 0x4B, 0xB2, 0xB0, 0x62, 0x06, 0x52, 0xCF, 0x88, 0xC0, 0x73, 0xF6, 0x39, 0x87, 0xC0,
    0x67, 0xEA, 0x66, 0x01, 0xBB, 0x6F, 0x3B, 0xEE, 0x12, 0x14, 0xC1, 0x70, 0x35, 0xEE, 0x50, 0xBB,
    0xC3, 0x18, 0x14, 0x35, 0x39, 0xC4, 0x35, 0x87, 0x1D, 0x12, 0x98, 0x0D, 0xBF, 0x65, 0xE7, 0x14,
    0x23, 0x7D, 0xC3, 0xBA, 0x3D, 0x46, 0x7A, 0xD7, 0x48, 0x22, 0xA8, 0x22, 0x44, 0x46, 0xD8, 0x5B,
    0xA0, 0x66, 0x1F, 0x39, 0xEE, 0x13, 0x26, 0x50, 0x70, 0x02, 0x36, 0x96, 0x72, 0xCA, 0x0E, 0xA5,
    0x14, 0x8C, 0xBE, 0x56, 0x2E, 0xF7, 0xA9, 0xB6, 0x33, 0x90, 0xAE, 0x0D, 0x39, 0x9D, 0xE4, 0x8B,
    0x87, 0x1C, 0xAF, 0xF5, 0xDA, 0xBB, 0x1A, 0x02, 0x42, 0x64, 0xA4, 0x8B, 0xD4, 0x43, 0xE9, 0x45,
    0xD2, 0x0D, 0x25, 0x32, 0x2F, 0x76, 0x8C, 0x52, 0x6C, 0x7B, 0x00, 0xBB, 0x04, 0xBE, 0xFB, 0x55,
    0xC5, 0x9C, 0xE0, 0x07, 0x51, 0x85, 0xED, 0x24, 0x78, 0x30, 0x97, 0xED, 0xD5, 0x54, 0xA0, 0x7C,
    0x77, 0x5D, 0x62, 0x0F, 0x33, 0x7A, 0x7E, 0xC2, 0x32, 0x51, 0x47, 0x72, 0xA0, 0x12, 0x7B, 0x54,
    0x51, 0x9C, 0x19, 0x85, 0xAC, 0x72, 0x1C, 0xFC, 0xBB, 0xEF, 0x52, 0xED, 0xF8, 0x23, 0xDE, 0x75,
    0x1C, 0x2B, 0xA5, 0x36, 0x5E, 0x62, 0x95, 0xBB, 0x82, 0x8B, 0xA6, 0x85, 0xEE, 0xCB, 0xEB, 0x32,
    0x51, 0xEC, 0xC2, 0xBF, 0xD1, 0xC5, 0x1A, 0x63, 0x64, 0xD4, 0xFD, 0x2A, 0x15, 0x57, 0xDE, 0x67,
    0x99, 0xCB, 0x94, 0x1D, 0x3F, 0xD0, 0x16, 0xA7, 0xA0, 0xFE, 0x47, 0x67, 0xFD, 0x22, 0x5C, 0x25,
    0x14, 0x1C, 0x56, 0xA3, 0x0E, 0x25, 0xCE, 0xEE, 0xED, 0x41, 0x8B, 0x3E, 0x4B, 0x29, 0xDE, 0xAE,
    0xB4, 0x3B, 0x4A, 0xC2, 0xB3, 0xDC, 0x90, 0x1B, 0x14, 0xDF, 0x36, 0x83, 0xF0, 0x13, 0x16, 0x70,
    0x2C, 0xEC, 0x82, 0x24, 0xF0, 0xED, 0xA0, 0x1A, 0x5F, 0x5E, 0x98, 0x85, 0x4B, 0xED, 0x2F, 0x83,
    0x7D, 0x2C, 0xD3, 0xBB, 0x5A, 0x2B, 0xA9, 0x39, 0x83, 0xD8, 0xF1, 0xA6, 0x35, 0x90, 0xEF, 0x67,
    0x6D, 0xB9, 0x70, 0xA3, 0x1D, 0x37, 0xAA, 0x56, 0x6D, 0xE8, 0xC3, 0xDC, 0xD6, 0x0A, 0xD6, 0xC8,
    0x90, 0x5E, 0x91, 0x85, 0x7C, 0x94, 0x59, 0xD9, 0x1E, 0x0C, 0xE9, 0x2E, 0xED, 0xAB, 0xF5, 0xE5,
    0x1B, 0x55, 0xF3, 0x59, 0x15, 0x28, 0xBC, 0x8F, 0x70, 0xC7, 0xE7, 0xF8, 0x37, 0xAD, 0x1A, 0x0A,
    0x86, 0x2A, 0x15, 0xB2, 0x3B, 0x2C, 0x94, 0x5B, 0xEC, 0x75, 0xEB, 0xA4, 0x0E, 0xD7, 0x41, 0xA1,
    0x3B, 0xAB, 0x16, 0x17, 0x3D, 0x01, 0x78, 0xF5, 0x40, 0xBE, 0x4B, 0xD6, 0x8D, 0x60, 0x5A, 0x02,
    0x86, 0x5D, 0xDC, 0x44, 0xC4, 0xC5, 0xE1, 0x07, 0xA8, 0xE9, 0x94, 0xBF, 0x03, 0x13, 0x7F, 0xE6,
    0xFE, 0xDC, 0xE6, 0x17, 0x8D, 0xA9, 0xCE, 0x60, 0x2D, 0x06, 0x30, 0x47, 0x36, 0xD3, 0xB3, 0x07,
    0x07, 0x7B, 0xF3, 0x85, 0xA2, 0x67, 0xB6, 0x3D, 0x3B, 0x9C, 0x3C, 0xFD, 0x38, 0x05, 0x2A, 0xEB,
    0xAD, 0xFE, 0x92, 0xA1, 0x2B, 0x81, 0x42, 0x15, 0xEC, 0x75, 0xC6, 0x4C, 0xBD, 0x41, 0x27, 0xFE,
    0xDB, 0xC1, 0x70, 0x36, 0xB2, 0x54, 0x27, 0xEF, 0xF0, 0xB2, 0x51, 0xB0, 0xF6, 0x95, 0xB6, 0x1E,
    0x41, 0xE5, 0x40, 0x4E, 0x12, 0x14, 0x02, 0x0B, 0x5D, 0x12, 0xB2, 0x76, 0xCC, 0xE9, 0x77, 0xB0,
    0x03, 0xF3, 0x77, 0xD0, 0x6C, 0xBE, 0x60, 0x2F, 0x9C, 0x8C, 0x75, 0x0C, 0xBE, 0x15, 0x7A, 0x20,
    0xC8, 0xB1, 0xC7, 0x52, 0x9D, 0x03, 0x4B, 0x75, 0xF6, 0x2C, 0xD5, 0x39, 0xA2, 0x54, 0xE7, 0x67,
    0x29, 0x2B, 0xF7, 0x33, 0xAD, 0x89, 0x3D, 0x29, 0x51, 0x3D, 0x7E, 0xA9, 0x4E, 0xCA, 0xB2, 0xDF,
    0xDB, 0xAE, 0xEC, 0x26, 0xA0, 0x7D, 0xAC, 0x23, 0x2C, 0x75, 0x21, 0x21, 0x9D, 0x6C, 0x4F, 0xAB,
    0x1E, 0x41, 0x8D, 0x02, 0x8B, 0x09, 0x36, 0x9A, 0xCA, 0x5C, 0xBB, 0x2C, 0xD7, 0x34, 0x8F, 0x7C,
    0x82, 0xCB, 0xF0, 0x93, 0x8E, 0x01, 0x7F, 0xB4, 0xD0, 0xD4, 0x29, 0x23, 0x4B, 0x78, 0xD7, 0x71,
    0x11, 0x52, 0x66, 0x37, 0x79, 0x01, 0x95, 0xE3, 0x5D, 0xF8, 0xCD, 0x0E, 0xB1, 0x7D, 0xEB, 0x56,
    0xF5, 0xE8, 0x0A, 0x05, 0xE3, 0xBA, 0x42, 0xC1, 0xF6, 0x9D, 0xF8, 0xF1, 0x4B, 0x22, 0xB0, 0x45,
    0xAE, 0x13, 0xB1, 0xCA, 0x7C, 0x21, 0x48, 0xA3, 0x2D, 0x75, 0x02, 0xC0, 0x4A, 0x3E, 0x66, 0x1B,
    0x50, 0x82, 0x4C, 0xE1, 0x79, 0x14, 0x11, 0x94, 0x72, 0x14, 0x70, 0x01, 0x48, 0xD0, 0x5D, 0xDF,
    0x59, 0xEE, 0x49, 0xC6, 0xB0, 0xF6, 0x88, 0xB2, 0x10, 0x80, 0x2C, 0x41, 0x34, 0x7D, 0xD3, 0x1C,
    0x84, 0x53, 0xF5, 0xDE, 0xC5, 0xEF, 0x61, 0x7B, 0x6E, 0xD0, 0xEB, 0xE9, 0xD6, 0x2E, 0xEE, 0xD0,
    0x4B, 0xA0, 0xCA, 0xB1, 0x65, 0x78, 0x37, 0x98, 0x41, 0xB5, 0x2D, 0x9E, 0x1F, 0x5A, 0xA0, 0xD5,
    0xD2, 0x60, 0xA6, 0x34, 0xDA, 0x3E, 0xC1, 0x4E, 0xD9, 0xDE, 0xAF, 0x5B, 0x3B, 0xE5, 0x19, 0x00,
    0xB3, 0x71, 0x5D, 0x69, 0x80, 0x4B, 0x4D, 0x21, 0x4A, 0xD2, 0x3C, 0xB8, 0x6D, 0x54, 0x20, 0x4C,
    0x79, 0x75, 0xAC, 0x1D, 0x90, 0x33, 0x66, 0x3A, 0x23, 0x38, 0xDA, 0xD9, 0x8D, 0x81, 0xF5, 0xD8,
    0x1C, 0x28, 0x05, 0x16, 0x00, 0x06, 0x89, 0x9F, 0xEA, 0xC9, 0x01, 0xBA, 0xA8, 0xB6, 0x9B, 0x1C,
    0xC9, 0xFA, 0x19, 0xA2, 0x77, 0xBF, 0x71, 0xAB, 0xB5, 0x41, 0xED, 0x6E, 0x09, 0x3A, 0x99, 0xA0,
    0x00, 0xD4, 0x7B, 0xBE, 0x5A, 0x67, 0x87, 0x91, 0xC5, 0xB4, 0xBF, 0x36, 0x77, 0xD6, 0xC5, 0xC5,
    0x1D, 0x6E, 0xC9, 0xCD, 0x9D, 0xF5, 0x02, 0x49, 0xC2, 0xEA, 0x5B, 0x23, 0xDE, 0x8B, 0xEC, 0xE4,
    0x5C, 0x12, 0x37, 0x23, 0x05, 0x1A, 0x9E, 0x99, 0xFD, 0x86, 0x18, 0x4E, 0xBD, 0xA9, 0x7D, 0xD1,
    0x92, 0x5F, 0xF2, 0xBD, 0xC4, 0x2B, 0x1E, 0x4C, 0x53, 0x9D, 0xC2, 0x0E, 0xAA, 0xC4, 0x09, 0xEE,
    0xE5, 0x2E, 0x8D, 0x92, 0x70, 0x3F, 0x73, 0xEB, 0xF1, 0x50, 0xD1, 0x64, 0x4F, 0xEB, 0xF0, 0x9F,
    0x8B, 0x97, 0xA9, 0x09, 0xB5, 0x93, 0x7A, 0xA8, 0x9E, 0x30, 0x99, 0x94, 0xBE, 0xF2, 0x9D, 0xAA,
    0x7A, 0x93, 0xA4, 0x0C, 0x41, 0xC5, 0xFC, 0x78, 0xEC, 0x9E, 0x54, 0xF6, 0x88, 0xE1, 0x91, 0x34,
    0x98, 0x60, 0x42, 0x34, 0xE0, 0x71, 0x2A, 0x5A, 0x0D, 0x87, 0x57, 0xA1, 0x03, 0x1C, 0xE3, 0x5A,
    0x48, 0xB3, 0xC2, 0xAE, 0xD2, 0x47, 0x4A, 0xE3, 0x36, 0xA3, 0x3F, 0xA4, 0x36, 0xAF, 0xFD, 0xC2,
    0xF3, 0x11, 0xD6, 0x44, 0x7F, 0x4A, 0xD5, 0xE3, 0x0C, 0x94, 0x49, 0xE0, 0xBD, 0xF7, 0x9F, 0xD9,
    0x5F, 0x85, 0xE0, 0xEA, 0x1F, 0xDB, 0x10, 0xD2, 0x4E, 0xFE, 0xD4, 0x7A, 0x9B, 0xF4, 0xA7, 0xDF,
    0xB4, 0xDE, 0xF3, 0xB4, 0xED, 0xC9, 0x69, 0x72, 0xBD, 0x9D, 0x0A, 0xE0, 0xE8, 0xFB, 0xD4, 0x71,
    0x3C, 0x99, 0x9D, 0x19, 0x10, 0x4A, 0xC3, 0x2A, 0x73, 0xF3, 0xC8, 0x6A, 0x58, 0xAD, 0x07, 0x4E,
    0xD2, 0xCD, 0xB4, 0x68, 0xE3, 0xC0, 0x44, 0xC0, 0x6E, 0x42, 0x3D, 0xA5, 0xE7, 0x61, 0x0C, 0xA8,
    0x3E, 0x80, 0x20, 0xA9, 0x77, 0xA4, 0x5D, 0xDF, 0x8F, 0x6F, 0x8D, 0xAF, 0xFB, 0xF1, 0x6D, 0x15,
    0x86, 0x2C, 0x63, 0x7C, 0xD9, 0x0E, 0xEB, 0x78, 0xF6, 0x95, 0x90, 0x17, 0xC8, 0xAA, 0x60, 0x94,
    0x07, 0x0C, 0xCA, 0x61, 0x17, 0xB7, 0x2A, 0xA1, 0x62, 0x30, 0x3A, 0xFC, 0x40, 0x7C, 0xA2, 0x49,
    0x0F, 0xC1, 0x8D, 0xEE, 0xE6, 0xCE, 0x3E, 0xC5, 0x55, 0x8B, 0x18, 0x57, 0x87, 0xD2, 0x1B, 0x83,
    0x7C, 0x52, 0x8E, 0xB0, 0xF6, 0xDE, 0xCC, 0xCC, 0xE1, 0x38, 0x2C, 0x81, 0x87, 0xF6, 0x23, 0xB9,
    0xDD, 0x43, 0xF3, 0x28, 0xE2, 0x78, 0x9A, 0x08, 0xA7, 0x4C, 0x8A, 0xF0, 0x92, 0xB8, 0x66, 0xC4,
    0xF5, 0x62, 0xE2, 0x25, 0x71, 0xAE, 0x23, 0xD6, 0xAE, 0x0A, 0x2D, 0x47, 0xB8, 0x8E, 0x85, 0xEA,
    0xF5, 0x9D, 0x7F, 0xEE, 0x12, 0x55, 0x24, 0xAF, 0x4D, 0x6A, 0x39, 0xC2, 0x3B, 0x6F, 0xC9, 0xAE,
    0x2A, 0x29, 0xB5, 0xE6, 0x81, 0x99, 0x2C, 0xD6, 0x6B, 0xBD, 0x18, 0x9B, 0x43, 0xB2, 0xAD, 0x8D,
    0x49, 0xA9, 0x70, 0xE9, 0x29, 0x11, 0xDE, 0x6D, 0xE2, 0x72, 0xE9, 0x6B, 0xDD, 0xAB, 0x80, 0x67,
    0x2B, 0x9C, 0x3A, 0x62, 0xE4, 0x7C, 0xC8, 0xAF, 0x0E, 0xBA, 0x85, 0x00, 0x4B, 0xC6, 0xEC, 0xE0,
    0xE5, 0x96, 0xE3, 0xAC, 0xA7, 0x2B, 0x59, 0xD3, 0x37, 0xA3, 0xED, 0xD7, 0x97, 0x21, 0xB6, 0xDC,
    0xBD, 0x68, 0x15, 0xDB, 0xAE, 0x08, 0xFE, 0x07, 0x3C, 0xD3, 0xEE, 0x13, 0xA8, 0xD5, 0x14, 0x3F,
    0xE4, 0x93, 0xFE, 0x30, 0xD5, 0x6D, 0x6B, 0x7D, 0x2C, 0x2C, 0x5A, 0x08, 0xFF, 0x4F, 0xFE, 0x21,
    0x05, 0x70, 0x79, 0x07, 0xB1, 0x4A, 0x71, 0x17, 0xBD, 0x13, 0x41, 0x48, 0x13, 0xF7, 0x71, 0x66,
    0x4F, 0xB5, 0x24, 0x5D, 0xA1, 0xAC, 0xE0, 0x81, 0x60, 0x24, 0x98, 0x22, 0xF0, 0xF1, 0x1A, 0xA0,
    0xB4, 0x91, 0xA0, 0x27, 0x38, 0x05, 0xA5, 0x89, 0xCF, 0xDF, 0xF2, 0xA6, 0x30, 0xBF, 0xC0, 0x25,
    0x96, 0x37, 0x98, 0xC7, 0x18, 0x2D, 0x31, 0x7D, 0x78, 0x3F, 0x87, 0xB9, 0x51, 0xD4, 0xF9, 0xF4,
    0xA7, 0x6A, 0xD5, 0x5F, 0xDA, 0x77, 0xC0, 0x7D, 0x59, 0xAD, 0x49, 0xCF, 0xBC, 0xAB, 0xAB, 0xE9,
    0xB1, 0x99, 0xC2, 0xD6, 0x26, 0x40, 0x04, 0x04, 0x61, 0x1B, 0x9C, 0xB0, 0x41, 0xDD, 0x3F, 0x63,
    0xF3, 0x20, 0x8C, 0x3B, 0xB5, 0x09, 0xF0, 0xA0, 0x6E, 0x70, 0x14, 0xEC, 0xF5, 0x4C, 0xBF, 0x52,
    0x3B, 0xB5, 0xC6, 0x35, 0xD6, 0x39, 0x67, 0xAA, 0x62, 0xC2, 0xE1, 0xA5, 0x90, 0xC2, 0x0E, 0xFE,
    0x88, 0xFA, 0x24, 0xBB, 0x52, 0xBB, 0x61, 0xD9, 0x44, 0xE6, 0xB3, 0x99, 0xA4, 0xA5, 0x97, 0x13,
    0x11, 0x05, 0x80, 0x72, 0x80, 0x36, 0x38, 0xD1, 0x72, 0xF6, 0x0F, 0x60, 0x8A, 0xC3, 0x83, 0x0B,
    0x9E, 0x43, 0x66, 0x01, 0xD6, 0x3C, 0xE4, 0xE8, 0xDC, 0xB5, 0x05, 0x47, 0x2F, 0x98, 0x78, 0x2B,
    0xFB, 0xC5, 0x27, 0x20, 0x06, 0xB8, 0xAA, 0x86, 0xCE, 0xED, 0xA1, 0xA5, 0x8F, 0x36, 0x08, 0x1A,
    0x0A, 0xC7, 0x12, 0xD8, 0x98, 0x64, 0x41, 0x87, 0x25, 0xC5, 0x3A, 0x25, 0x3A, 0x49, 0x57, 0x5A,
    0x62, 0x33, 0xF2, 0x12, 0xD9, 0x01, 0x18, 0xE3, 0x6F, 0x55, 0x1F, 0x88, 0x54, 0xB3, 0x07, 0x3E,
    0x7A, 0xA9, 0x27, 0x38, 0x05, 0x8A, 0xED, 0x41, 0x30, 0xB4, 0x63, 0x9B, 0x48, 0x26, 0x69, 0x39,
    0x8B, 0x88, 0x04, 0xDA, 0x14, 0x76, 0xEF, 0x65, 0xAC, 0x1C, 0xF4, 0x83, 0x23, 0x8C, 0x23, 0x08,
    0xF6, 0x24, 0x5D, 0x4E, 0x25, 0xC8, 0xD2, 0x45, 0xB2, 0x46, 0x62, 0x46, 0x12, 0x26, 0x13, 0x78,
    0xAF, 0xFA, 0x27, 0x13, 0x99, 0x29, 0xB9, 0x78, 0x85, 0x75, 0xE6, 0x42, 0x3F, 0xDC, 0xB3, 0x63,
    0xA6, 0x3F, 0x28, 0xD9, 0xF7, 0x79, 0x6A, 0x0D, 0xD6, 0x80, 0xC5, 0x26, 0xE6, 0x67, 0xD2, 0xBF,
    0xFD, 0x25, 0xB3, 0x8E, 0x2E, 0x6F, 0xAB, 0x58, 0xA9, 0x7C, 0x26, 0x33, 0xD1, 0xEF, 0x46, 0xDF,
    0xB7, 0xBB, 0x80, 0x8A, 0x99, 0x6A, 0xE3, 0x42, 0x71, 0xA9, 0x48, 0x18, 0x51, 0x86, 0xA4, 0x39,
    0x93, 0x99, 0xA4, 0xF5, 0xFE, 0x60, 0xCD, 0x4C, 0x97, 0x70, 0xA1, 0xBE, 0x6E, 0x62, 0x26, 0xB3,
    0x06, 0xC3, 0x32, 0xEB, 0x38, 0x2C, 0xF2, 0xF8, 0xF3, 0x8E, 0xC6, 0x6E, 0x58, 0x8E, 0xC8, 0x6E,
    0x58, 0xCE, 0x12, 0xE0, 0x56, 0xEC, 0xA6, 0x2F, 0x1C, 0x50, 0x1B, 0xA5, 0x98, 0x1A, 0xDA, 0x61,
    0x61, 0xFD, 0x53, 0xB0, 0xB5, 0x45, 0x28, 0xC5, 0xF4, 0x6C, 0x01, 0xD3, 0x57, 0x59, 0x1B, 0xA7,
    0x30, 0x73, 0x81, 0x07, 0xC7, 0x69, 0x66, 0x67, 0x82, 0xC6, 0xF1, 0x99, 0x19, 0x1B, 0xB3, 0x23,
    0xA0, 0xFA, 0x1D, 0xAE, 0x33, 0x86, 0x24, 0x71, 0x77, 0xB4, 0xEF, 0x59, 0xE7, 0xC0, 0x1B, 0x8C,
    0xEF, 0xFD, 0x23, 0xFA, 0xA4, 0xBF, 0xCC, 0xD8, 0xDF, 0x5F, 0xA5, 0x75, 0x31, 0x37, 0x8C, 0xAB,
    0x30, 0x83, 0x5A, 0x84, 0x83, 0x68, 0x2E, 0x73, 0x8E, 0x41, 0x36, 0x34, 0xF5, 0x4D, 0x01, 0xEB,
    0xA5, 0x50, 0xEA, 0x7E, 0x4F, 0x0D, 0xC7, 0x7B, 0xAC, 0x5E, 0x41, 0xEB, 0x06, 0x5B, 0x26, 0x1A,
    0x38, 0xD5, 0xC1, 0x3D, 0xCD, 0x5C, 0x0B, 0x17, 0xD7, 0x66, 0x05, 0x1C, 0x72, 0x59, 0xC8, 0xD0,
    0x5C, 0x45, 0x89, 0x02, 0xAD, 0x1E, 0x89, 0xC3, 0xD5, 0xBB, 0x56, 0x14, 0x90, 0xB3, 0x37, 0x57,
    0xAF, 0xD5, 0xEA, 0x3D, 0x2C, 0x0A, 0xBA, 0x95, 0x84, 0x02, 0xD7, 0xA0, 0x34, 0x07, 0x6D, 0x70,
    0x6E, 0xD8, 0x0A, 0xDD, 0xE0, 0xEA, 0xF9, 0x9A, 0x0F, 0x86, 0x15, 0xE1, 0xA9, 0x46, 0x8C, 0xDB,
    0x5F, 0x60, 0x5D, 0x15, 0xAD, 0xDB, 0x2E, 0x8E, 0x16, 0x77, 0xA8, 0xFD, 0x60, 0x76, 0x7E, 0x7A,
    0xCD, 0xCE, 0x9F, 0xB9, 0xF3, 0x6D, 0xBD, 0xF3, 0x1B, 0x52, 0xA4, 0xF3, 0x04, 0xC1, 0xCE, 0xEF,
    0x45, 0x0E, 0x35, 0x3D, 0x46, 0xC2, 0xB7, 0xB3, 0xCA, 0x57, 0xB9, 0xD2, 0xF3, 0x59, 0x24, 0x34,
    0xA5, 0x92, 0x33, 0x23, 0xCC, 0xA1, 0xA4, 0x16, 0x77, 0x22, 0x82, 0x51, 0x26, 0x6C, 0x01, 0x03,
    0x24, 0xB5, 0x89, 0x74, 0x02, 0xB5, 0x99, 0x87, 0x73, 0x22, 0x52, 0x52, 0xAF, 0xD7, 0xB6, 0x43,
    0xA1, 0x06, 0x05, 0xE0, 0xFF, 0x89, 0xE2, 0x19, 0xC0, 0xCF, 0x40, 0x78, 0x44, 0xF1, 0xEB, 0xB9,
    0x89, 0x5A, 0x13, 0x12, 0x02, 0x1C, 0xC2, 0xBD, 0x2D, 0x03, 0x42, 0xF9, 0x40, 0xB5, 0x82, 0x5F,
    0x8E, 0xFE, 0xF4, 0x23, 0x91, 0x24, 0x98, 0x2C, 0xC0, 0x95, 0x2C, 0x59, 0xA3, 0x15, 0xAD, 0x8D,
    0x03, 0xE4, 0x6C, 0xF6, 0x52, 0xB5, 0x25, 0xB7, 0x4E, 0xA0, 0x2A, 0xF6, 0x2E, 0x16, 0x15, 0x07,
    0x5B, 0x14, 0x9D, 0x0A, 0x02, 0x16, 0xC6, 0xC6, 0x29, 0x2C, 0x39, 0xE8, 0xC8, 0xCE, 0xAE, 0x2A,
    0x0E, 0x92, 0x22, 0x36, 0x62, 0x4C, 0x09, 0x6A, 0xD1, 0x00, 0xE2, 0xCB, 0x5C, 0x2C, 0xCB, 0x22,
    0x36, 0x9F, 0x00, 0xDF, 0xF2, 0x0E, 0x4C, 0xD9, 0x4D, 0x4D, 0xF6, 0x8A, 0xB7, 0x79, 0x95, 0x70,
    0xAE, 0x07, 0xC0, 0xDF, 0x52, 0x05, 0xC8, 0xE7, 0x59, 0xE6, 0xD1, 0x52, 0x35, 0x64, 0xC5, 0xB9,
    0x85, 0x94, 0x31, 0x55, 0xC4, 0xAC, 0x0D, 0x90, 0x93, 0x63, 0x25, 0x2C, 0xC6, 0x0A, 0x53, 0xD6,
    0x80, 0x0D, 0x78, 0x8D, 0xFB, 0xA2, 0x93, 0xD9, 0x67, 0x45, 0x15, 0x9F, 0x00, 0x8F, 0x80, 0x63,
    0xE8, 0x6D, 0xAE, 0xBE, 0xF2, 0x0C, 0xF8, 0xA3, 0x95, 0x5F, 0x04, 0x23, 0xBD, 0x4A, 0x23, 0xB9,
    0x14, 0x2A, 0xC8, 0x2C, 0x6D, 0x9A, 0xFA, 0x69, 0x69, 0x94, 0x82, 0x2E, 0x85, 0x5C, 0x70, 0x97,
    0x08, 0xA6, 0x00, 0x8B, 0xE0, 0xEC, 0x5B, 0xB0, 0x6F, 0x0C, 0xAB, 0x7B, 0x1F, 0xC3, 0x3A, 0x6B,
    0x58, 0x0F, 0x5E, 0xE5, 0xB0, 0x6C, 0xE1, 0xB0, 0x6C, 0xC6, 0xB0, 0x1C, 0x9C, 0x01, 0xA7, 0x96,
    0xB6, 0x20, 0x9D, 0xF8, 0xD7, 0x9E, 0xF4, 0x9B, 0x27, 0x7E, 0xB8, 0x7F, 0x65, 0x84, 0x08, 0x49,
    0x8B, 0x35, 0x80, 0x56, 0x34, 0x50, 0xEF, 0x76, 0x40, 0xB5, 0x64, 0x52, 0x11, 0x33, 0x40, 0xB5,
    0xA3, 0x0F, 0xAD, 0xE8, 0x45, 0x03, 0xB5, 0xA0, 0x9F, 0x6F, 0xBD, 0x08, 0x1A, 0x48, 0x04, 0x09,
    0xA6, 0x31, 0x04, 0x0D, 0x1E, 0x5C, 0xB4, 0xA4, 0xC1, 0x7A, 0x49, 0x1C, 0x0C, 0x4B, 0x42, 0xD8,
    0x2E, 0x17, 0x1C, 0x96, 0x19, 0x87, 0xC5, 0x66, 0x90, 0x80, 0x18, 0x96, 0x2D, 0x1C, 0x96, 0x57,
    0x90, 0xCA, 0xE9, 0xFA, 0x46, 0x28, 0x51, 0x6E, 0x67, 0x1A, 0xE0, 0x39, 0x5C, 0x6F, 0xC4, 0x6F,
    0x17, 0x54, 0x39, 0x79, 0x74, 0x63, 0x90, 0xC4, 0x8E, 0xC2, 0xD4, 0x53, 0x5F, 0x86, 0x7B, 0x55,
    0xF2, 0x0D, 0x8B, 0x4C, 0x2A, 0x12, 0xF3, 0xFC, 0xB7, 0xF3, 0xD3, 0x25, 0xC6, 0x35, 0x21, 0x17,
    0x12, 0xD3, 0x1A, 0xA8, 0x4E, 0x00, 0x30, 0xF1, 0x62, 0xC0, 0x30, 0x76, 0x61, 0x81, 0x23, 0x89,
    0x91, 0x06, 0x5A, 0x11, 0xCF, 0x02, 0x5E, 0x35, 0x25, 0x16, 0x78, 0x73, 0x17, 0xB8, 0x93, 0x18,
    0xE9, 0xF0, 0x37, 0x34, 0x78, 0xB1, 0x50, 0xF4, 0x70, 0x4D, 0xCD, 0x64, 0xD1, 0x77, 0x88, 0x56,
    0x73, 0xE4, 0x72, 0xF2, 0x4A, 0x4A, 0x0A, 0x07, 0x7E, 0xF3, 0x65, 0x31, 0x03, 0xA7, 0x85, 0xED,
    0x16, 0x78, 0x2D, 0x30, 0x1B, 0xA9, 0x12, 0x23, 0x81, 0xDF, 0x02, 0xC3, 0x85, 0x5D, 0x17, 0x58,
    0xCE, 0x3B, 0xFC, 0x34, 0xC0, 0x80, 0xCC, 0x24, 0x06, 0xE9, 0xE8, 0xB7, 0x43, 0xD8, 0x0F, 0x1B,
    0x03, 0xA4, 0x45, 0x92, 0xE5, 0xCE, 0xF6, 0x2A, 0x6F, 0x20, 0x49, 0x19, 0x32, 0xB7, 0x02, 0x9A,
    0x01, 0x3D, 0x3F, 0x84, 0x36, 0x24, 0x2F, 0xBF, 0x91, 0xF4, 0x65, 0x98, 0x32, 0x51, 0x1D, 0x97,
    0x42, 0x45, 0x62, 0x66, 0x56, 0x09, 0x9D, 0x1D, 0x1A, 0xD8, 0xBE, 0x24, 0x6A, 0x0E, 0x5D, 0x9E,
    0xAA, 0xB4, 0x09, 0x6A, 0x3A, 0x4D, 0x1D, 0xDA, 0xCA, 0x86, 0x37, 0x90, 0x8A, 0x23, 0xE7, 0xE2,
    0xCD, 0x9A, 0x42, 0x59, 0x3F, 0x2C, 0x71, 0xC5, 0xD4, 0x90, 0x3D, 0x8C, 0x7F, 0x54, 0xB3, 0xE4,
    0x95, 0xD4, 0xB0, 0x4C, 0xA6, 0xEE, 0x03, 0x51, 0x56, 0xE7, 0xEF, 0x35, 0x1F, 0xA7, 0xB8, 0x69,
    0x3E, 0xEE, 0xAB, 0x30, 0x1F, 0xA2, 0x9A, 0x0F, 0x50, 0xCE, 0xC7, 0xA1, 0x9C, 0x0F, 0xF8, 0x18,
    0x4A, 0x2B, 0xD1, 0x76, 0x0A, 0xE8, 0x95, 0x65, 0xE1, 0xBC, 0x61, 0x44, 0x2A, 0xAE, 0x50, 0x2C,
    0xB9, 0x76, 0xB7, 0xE9, 0xB7, 0x5F, 0xBD, 0x6D, 0xB3, 0x50, 0xCC, 0x38, 0xA0, 0xE7, 0x2B, 0xB4,
    0x09, 0xE8, 0x1C, 0x4E, 0x52, 0x56, 0x9B, 0xDA, 0xA8, 0xD1, 0xCB, 0x15, 0x9C, 0x02, 0x36, 0xEA,
    0xDF, 0x8B, 0x01, 0x8A, 0xB0, 0xE8, 0x65, 0x84, 0xF9, 0x69, 0xD0, 0xEC, 0xC9, 0xA5, 0xD3, 0xDA,
    0xCB, 0xF9, 0xC5, 0x85, 0xE3, 0xC4, 0x74, 0x98, 0xFC, 0xE7, 0xCA, 0xD7, 0xA6, 0xB4, 0x99, 0x58,
    0x2E, 0xB1, 0x2A, 0xE3, 0x6D, 0xC8, 0x14, 0x1A, 0x25, 0x5A, 0x4D, 0x87, 0x52, 0xBD, 0xDC, 0xB0,
    0x99, 0x27, 0xDE, 0xA4, 0x5A, 0xB6, 0x6C, 0x6C, 0x01, 0x8C, 0x4E, 0xC5, 0x55, 0xE1, 0x5E, 0x39,
    0xB8, 0x0B, 0xF9, 0xB8, 0xB7, 0xFB, 0xCB, 0x3C, 0x64, 0x78, 0x6B, 0xE7, 0x75, 0x52, 0x15, 0x43,
    0xFF, 0x15, 0xD3, 0x92, 0x6B, 0xE1, 0xF2, 0x7B, 0xA2, 0x35, 0x47, 0x1F, 0xB0, 0x40, 0xE8, 0x29,
    0x60, 0x67, 0xBF, 0xCE, 0xE1, 0x1B, 0x1E, 0x9D, 0xAA, 0x3D, 0x8B, 0xC4, 0x8C, 0xFD, 0x08, 0x01,
    0xC5, 0x3E, 0xB5, 0xF9, 0xB7, 0x7B, 0x66, 0xE9, 0x85, 0xF4, 0xBC, 0x67, 0x68, 0x45, 0x3F, 0xC2,
    0xA2, 0xE9, 0x48, 0x81, 0x22, 0xB4, 0x89, 0x19, 0x14, 0x50, 0x58, 0x86, 0x32, 0xD6, 0x88, 0x39,
    0xE5, 0x2C, 0xE1, 0x74, 0x42, 0x81, 0x81, 0xD4, 0xCE, 0x6A, 0x3B, 0x7C, 0x46, 0x06, 0x3C, 0x61,
    0xEB, 0x4C, 0xAB, 0x0E, 0x8E, 0x82, 0xC3, 0x01, 0xBE, 0x62, 0x1B, 0x8E, 0x82, 0x2C, 0xCA, 0xD3,
    0x3A, 0xF6, 0x77, 0x70, 0x2C, 0x11, 0xCB, 0x5D, 0x4F, 0x50, 0x5E, 0x9B, 0x72, 0xC1, 0x6A, 0x9E,
    0x4A, 0x9E, 0x2A, 0x63, 0x41, 0xAF, 0x46, 0x5C, 0xC2, 0xE4, 0xAE, 0x0E, 0x05, 0x6C, 0x14, 0xC2,
    0x04, 0x10, 0x89, 0x6E, 0x07, 0x33, 0x51, 0xE4, 0xFE, 0x55, 0x4E, 0x59, 0xAB, 0xB8, 0x4C, 0x80,
    0x92, 0xF4, 0x24, 0xCD, 0x83, 0xE5, 0x4B, 0xB9, 0xA6, 0xE7, 0x1B, 0x4B, 0x45, 0x07, 0x36, 0xB2,
    0x08, 0xA9, 0x3B, 0xEF, 0xD1, 0x54, 0x7C, 0x71, 0xC3, 0x40, 0x5D, 0xB2, 0xA3, 0x39, 0xCF, 0xF2,
    0x72, 0x00, 0x98, 0xF1, 0x53, 0x3E, 0x09, 0x64, 0x0B, 0x40, 0x3E, 0xE3, 0x77, 0xE5, 0xE4, 0xDC,
    0xFE, 0x4B, 0xEB, 0x94, 0xD7, 0x23, 0xFD, 0x09, 0x6F, 0x05, 0x5B, 0xDE, 0xC7, 0xB8, 0x4F, 0xE6,
    0xD0, 0xC2, 0xBF, 0x26, 0x48, 0x6E, 0x25, 0xDA, 0x6F, 0x9F, 0xF8, 0xCA, 0x3A, 0x2E, 0xD9, 0x2F,
    0xE5, 0x35, 0x71, 0xC9, 0xC3, 0x55, 0x5C, 0x72, 0xF2, 0xFF, 0x3C, 0x2E, 0x39, 0x79, 0x19, 0x71,
    0xC9, 0xAD, 0x13, 0x8A, 0xAA, 0x8B, 0x27, 0x0F, 0x0D, 0x41, 0x41, 0xE0, 0xF5, 0x96, 0x83, 0x58,
    0xDC, 0x56, 0x99, 0x62, 0xB5, 0x80, 0xCA, 0xD4, 0x3A, 0x90, 0x3C, 0x27, 0xF3, 0x81, 0x75, 0x04,
    0x0D, 0x00, 0x5B, 0x0F, 0xB1, 0x6C, 0x0B, 0x9F, 0x27, 0x0B, 0x4F, 0x2E, 0x37, 0xC2, 0x93, 0xAF,
    0x0F, 0x4C, 0xB6, 0xD9, 0x87, 0x27, 0xBB, 0xA4, 0xD5, 0x3B, 0x2F, 0xD1, 0xC5, 0xB7, 0x6E, 0x17,
    0x29, 0x96, 0xAB, 0x69, 0x79, 0x9D, 0xA3, 0x80, 0x33, 0x92, 0x9E, 0x14, 0xB4, 0xCE, 0xBF, 0x93,
    0x54, 0x8C, 0xDA, 0xE0, 0xAD, 0xE4, 0xDE, 0xB5, 0x2D, 0x9A, 0x25, 0xC0, 0x2A, 0xEE, 0x07, 0x01,
    0x99, 0xD3, 0x29, 0x6E, 0x17, 0x82, 0x79, 0xDB, 0x0F, 0xBE, 0xED, 0x3D, 0x4D, 0x1F, 0xCF, 0x7B,
    0xFA, 0xE4, 0x21, 0x12, 0xB6, 0xC0, 0x08, 0x27, 0xA5, 0x85, 0x00, 0x79, 0x8D, 0x04, 0x8A, 0x11,
    0xD9, 0x6D, 0xBB, 0x2D, 0xAF, 0x9D, 0x11, 0xC1, 0x00, 0x80, 0x78, 0x20, 0x56, 0x29, 0x65, 0xFF,
    0xD4, 0x6C, 0x62, 0xB7, 0xCC, 0x86, 0x75, 0x4A, 0xE7, 0xC4, 0xEC, 0xAC, 0x42, 0xA5, 0xCC, 0xB2,
    0x2E, 0x66, 0x33, 0x7B, 0x49, 0xB9, 0x00, 0x7C, 0x26, 0xD5, 0x2A, 0xB5, 0xE7, 0x88, 0xFA, 0xF6,
    0x9C, 0xAC, 0x09, 0x3F, 0xD0, 0x4C, 0x09, 0x33, 0x12, 0x50, 0xB8, 0x8C, 0xE8, 0x51, 0x0B, 0xCD,
    0x3A, 0x77, 0x57, 0xDD, 0x3A, 0x41, 0x6D, 0x9E, 0x34, 0x3A, 0xC0, 0xA2, 0x5C, 0x57, 0x80, 0xAB,
    0x16, 0x69, 0xEA, 0xAA, 0x09, 0xE0, 0x5B, 0xA3, 0x51, 0xE7, 0x26, 0x4A, 0xA5, 0xDB, 0x1C, 0xFA,
    0xA6, 0x0A, 0xD0, 0x23, 0x20, 0x98, 0x1F, 0xEF, 0x50, 0xFF, 0xF1, 0x07, 0xF3, 0x47, 0x19, 0xF6,
    0x8C, 0x3E, 0x5E, 0x3C, 0x1E, 0x07, 0x5C, 0xF1, 0x26, 0xB1, 0x85, 0xD6, 0xE3, 0x3A, 0x9C, 0x9A,
    0x8F, 0xF5, 0x1B, 0x68, 0x22, 0x54, 0x5C, 0x7B, 0xF1, 0x8A, 0xE3, 0xD8, 0x97, 0xDB, 0x19, 0x9B,
    0xAD, 0x66, 0xA2, 0x19, 0x5D, 0x66, 0x0C, 0x2A, 0x9B, 0x18, 0x96, 0x86, 0xC2, 0x53, 0x8E, 0x8C,
    0xB2, 0x89, 0x1C, 0x69, 0x3C, 0x3A, 0xF0, 0x6F, 0xF6, 0x30, 0x9F, 0xC2, 0xA4, 0x02, 0x87, 0xC6,
    0x3B, 0x76, 0x16, 0xF7, 0xA8, 0x0C, 0x38, 0xC0, 0x12, 0x55, 0xD5, 0xAE, 0x6D, 0x50, 0x2D, 0x6D,
    0x82, 0x6E, 0x1D, 0xAE, 0xF1, 0xE4, 0x8C, 0xB5, 0xBD, 0x55, 0xF8, 0xC8, 0x54, 0x05, 0xC0, 0xEA,
    0x84, 0x89, 0x4D, 0x0E, 0x60, 0x85, 0x79, 0x5F, 0x54, 0x0D, 0x05, 0xD5, 0x0A, 0x28, 0xAE, 0x6A,
    0x05, 0x38, 0x0A, 0xAD, 0x6A, 0x05, 0x64, 0x0F, 0xD5, 0x0A, 0x68, 0x1C, 0xC8, 0xA9, 0xC1, 0xC7,
    0xB5, 0x02, 0x0E, 0x71, 0xAD, 0x00, 0xD8, 0x8D, 0x09, 0x3A, 0x82, 0x8A, 0x80, 0x83, 0x9F, 0x09,
    0xAE, 0x0F, 0x9D, 0x20, 0x78, 0xDF, 0xA1, 0x13, 0xBC, 0x3F, 0x3E, 0x7B, 0xD1, 0xE0, 0x43, 0x6B,
    0x23, 0xD5, 0x6C, 0x51, 0xAE, 0xF4, 0xA4, 0x0B, 0x33, 0x2F, 0xD0, 0x19, 0xAB, 0x49, 0xF0, 0xEC,
    0x80, 0x56, 0xC0, 0xCF, 0x51, 0xA3, 0x1B, 0x12, 0x3C, 0xA3, 0x21, 0x05, 0x86, 0x95, 0xD3, 0x8E,
    0xB6, 0xD5, 0x46, 0xC7, 0x22, 0x07, 0x6A, 0xB3, 0xA0, 0x66, 0xE3, 0x43, 0x8C, 0x74, 0xFB, 0x37,
    0x6B, 0x04, 0x63, 0x55, 0x8D, 0x5D, 0xD6, 0x42, 0xF5, 0xA3, 0xA8, 0x88, 0xE9, 0x06, 0x6C, 0x62,
    0xA3, 0xC2, 0x35, 0xC6, 0x05, 0xAC, 0xCF, 0xC3, 0xCC, 0xE0, 0xB9, 0xC1, 0xB3, 0x83, 0xE7, 0x07,
    0xCF, 0x10, 0x9E, 0x23, 0xC4, 0x12, 0xD8, 0x8D, 0xDB, 0x55, 0x35, 0x16, 0xDD, 0x5C, 0x37, 0xAA,
    0x6A, 0x34, 0x80, 0x60, 0x0D, 0xF1, 0x86, 0x98, 0x23, 0x70, 0x87, 0xD8, 0x43, 0xFC, 0x21, 0xD8,
    0x09, 0x56, 0x82, 0x0E, 0x88, 0x47, 0xC4, 0x24, 0x1B, 0x8D, 0xE4, 0x1D, 0xDC, 0xAD, 0xE1, 0x22,
    0x56, 0x59, 0xD3, 0x63, 0xA3, 0x0C, 0x1B, 0x61, 0x14, 0xAF, 0xE0, 0x5C, 0x5C, 0x34, 0xC3, 0xB0,
    0x1E, 0x82, 0x4E, 0x63, 0x4A, 0x08, 0xFE, 0x11, 0x88, 0xC6, 0xB6, 0x20, 0x43, 0x28, 0x9F, 0x4B,
    0xFA, 0xF3, 0xFC, 0x66, 0x5C, 0x09, 0x39, 0x58, 0xFC, 0x4D, 0x2F, 0x15, 0x8B, 0xEE, 0xF7, 0x44,
    0x38, 0x5B, 0xC5, 0x28, 0x87, 0xC2, 0xB0, 0x44, 0x26, 0x8F, 0x0C, 0x44, 0xC4, 0x51, 0xCC, 0xA0,
    0x12, 0xED, 0x88, 0x64, 0x9C, 0x2C, 0xDB, 0x62, 0xC9, 0x47, 0xCA, 0x89, 0x25, 0x36, 0xE5, 0xE2,
    0x97, 0xC1, 0x87, 0xED, 0xA8, 0x5A, 0x72, 0xE1, 0x4B, 0x21, 0xD7, 0xE6, 0xAE, 0xE5, 0xAF, 0x32,
    0x5B, 0x51, 0x86, 0x4A, 0x9A, 0x73, 0x8E, 0xBC, 0x79, 0xCE, 0x54, 0x49, 0x5A, 0x16, 0x2C, 0x60,
    0x81, 0x08, 0x3E, 0x01, 0xE1, 0xD0, 0x28, 0x8E, 0x56, 0xD6, 0x1C, 0x6D, 0x60, 0x71, 0x6C, 0xCC,
    0xAA, 0x5C, 0x9B, 0x75, 0x44, 0xC2, 0x8D, 0xC8, 0x14, 0x06, 0xE2, 0xD7, 0x8C, 0xD7, 0xB9, 0xEA,
    0x8C, 0x3B, 0xC9, 0x68, 0x3C, 0x40, 0x02, 0xFA, 0x1C, 0xFB, 0x42, 0xB9, 0xF5, 0x9C, 0x7D, 0x29,
    0xBA, 0x14, 0xE2, 0xAD, 0x7C, 0xD5, 0x19, 0x97, 0xD7, 0x18, 0xC2, 0x49, 0xBC, 0x30, 0xAF, 0x68,
    0x1F, 0xB6, 0xB2, 0xEF, 0x8C, 0xFB, 0xB6, 0x82, 0x60, 0xBE, 0xA5, 0x70, 0x8C, 0x4B, 0x72, 0xBD,
    0xC2, 0x48, 0x00, 0x9B, 0xD8, 0x19, 0x57, 0x2D, 0xEB, 0xE8, 0xE6, 0x3F, 0x61, 0xA9, 0xD8, 0x19,
    0x77, 0x58, 0x1D, 0x45, 0xC9, 0x43, 0x36, 0x2E, 0x0F, 0x4F, 0xA1, 0x6A, 0xD9, 0x7A, 0x17, 0x37,
    0x82, 0x95, 0x54, 0xAC, 0x4B, 0x81, 0x06, 0xDE, 0x77, 0x85, 0x59, 0x81, 0xCC, 0xAE, 0x6B, 0xA0,
    0x43, 0x26, 0x77, 0x3A, 0x01, 0xC9, 0x02, 0xC2, 0xD2, 0xC1, 0xE4, 0xF6, 0x60, 0x0C, 0x0A, 0x06,
    0x45, 0x59, 0x14, 0x41, 0x49, 0x1E, 0x39, 0x14, 0x93, 0xB3, 0x96, 0xAF, 0x9D, 0xB5, 0x7C, 0x36,
    0x45, 0x26, 0x2C, 0x5A, 0xB0, 0x46, 0x2E, 0x1F, 0xD6, 0x5B, 0x56, 0x2B, 0x22, 0x7B, 0x22, 0x0D,
    0x11, 0x19, 0x58, 0xBD, 0xED, 0xEA, 0x14, 0x19, 0xAC, 0x94, 0x1A, 0x4E, 0x95, 0x2C, 0x1A, 0x69,
    0xC5, 0x91, 0x82, 0x7F, 0x8D, 0x4F, 0x13, 0x90, 0xE4, 0xAF, 0xD7, 0xFF, 0xDD, 0x05, 0x64, 0x4F,
    0xB8, 0xAC, 0x8B, 0xB7, 0x71, 0x16, 0x44, 0x9E, 0x8C, 0x6B, 0x89, 0xA0, 0x32, 0x32, 0x1F, 0x5E,
    0xE7, 0xCB, 0xC5, 0x81, 0xB1, 0x9E, 0x6B, 0x33, 0x57, 0x00, 0xB4, 0x45, 0x5E, 0xD9, 0x64, 0x0E,
    0x30, 0x7F, 0xF7, 0xBA, 0x1E, 0xFA, 0xF5, 0x04, 0xD0, 0xD2, 0x32, 0x20, 0x6B, 0xF5, 0x55, 0x7C,
    0x7C, 0xCE, 0xF8, 0x78, 0x55, 0xCA, 0xAF, 0x09, 0xCC, 0xB8, 0x0D, 0xE0, 0x95, 0x3A, 0x9A, 0x7D,
    0x85, 0xD3, 0x9F, 0x1C, 0x5D, 0xBE, 0xC7, 0x96, 0x98, 0x19, 0x6C, 0x07, 0xD3, 0x91, 0xBD, 0x1B,
    0xB1, 0xA2, 0xB7, 0x02, 0x03, 0x12, 0x28, 0xA2, 0x24, 0x95, 0xC8, 0x15, 0x90, 0x2B, 0x97, 0xE0,
    0x68, 0x8D, 0x18, 0x0F, 0x13, 0xBF, 0x78, 0x45, 0x86, 0x4B, 0x19, 0xFA, 0x8F, 0x34, 0x59, 0x6A,
    0xE5, 0xB5, 0xDC, 0xB2, 0x54, 0xCA, 0x4C, 0x29, 0x3B, 0x32, 0x41, 0x27, 0x6B, 0xB2, 0x4C, 0x93,
    0x62, 0xC5, 0x76, 0x55, 0xE3, 0x81, 0xF7, 0xC9, 0x9D, 0xB9, 0xA6, 0xA7, 0xE8, 0xB5, 0x49, 0x27,
    0x89, 0x71, 0x53, 0xF9, 0x80, 0xC7, 0xE5, 0x12, 0x24, 0xAD, 0xDD, 0x41, 0x30, 0xE0, 0xCD, 0xA0,
    0xFE, 0xBC, 0x97, 0xB2, 0x70, 0xEF, 0x55, 0x00, 0x5F, 0xF2, 0x71, 0xBA, 0x02, 0x39, 0x41, 0x61,
    0xD7, 0x28, 0x53, 0xD7, 0x74, 0xF5, 0xD3, 0x36, 0x0D, 0x86, 0xFC, 0xEB, 0xB2, 0x16, 0x04, 0xD2,
    0xB8, 0x1D, 0x09, 0x01, 0xB3, 0x16, 0xA8, 0x8C, 0x20, 0xCB, 0x1C, 0xD6, 0xD1, 0xE7, 0x14, 0xAB,
    0x29, 0xA0, 0x0B, 0xFC, 0xDB, 0x0C, 0x19, 0x79, 0x89, 0x1B, 0xB8, 0x80, 0xF9, 0xE1, 0xAF, 0xEB,
    0x8F, 0x76, 0x11, 0x35, 0x77, 0xB1, 0x08, 0x40, 0xC0, 0x13, 0xAC, 0x12, 0x1B, 0x04, 0xEA, 0x31,
    0xD6, 0xAB, 0x8D, 0xE0, 0xD1, 0xC1, 0xD2, 0x2F, 0x93, 0x43, 0xCE, 0xE2, 0x10, 0x88, 0xE6, 0x88,
    0x43, 0x08, 0xC0, 0x21, 0x8D, 0x3A, 0xC5, 0x86, 0xB8, 0x4B, 0xC7, 0x21, 0x29, 0x8D, 0x33, 0xFB,
    0x01, 0xE5, 0xF4, 0xF6, 0xFD, 0x25, 0x68, 0xE7, 0x83, 0xFB, 0xD7, 0xED, 0x7C, 0x74, 0xFF, 0xDA,
    0xE6, 0xA3, 0x8B, 0x41, 0x30, 0xCB, 0xFE, 0xD8, 0x1C, 0x78, 0x1B, 0x96, 0x10, 0x6E, 0xF7, 0x7A,
    0xC5, 0x28, 0x99, 0x38, 0xC4, 0xEC, 0x6C, 0xA3, 0x8B, 0xAB, 0xE1, 0x9A, 0x7E, 0x23, 0x05, 0x98,
    0xB9, 0xA6, 0x13, 0x40, 0x72, 0x09, 0xCE, 0x0E, 0x60, 0x4D, 0x53, 0xF0, 0xF4, 0x35, 0x5A, 0xA5,
    0x37, 0x53, 0x1B, 0x5B, 0x35, 0xB0, 0xE0, 0x6E, 0x0E, 0x67, 0x3E, 0x96, 0x95, 0xEF, 0xB1, 0xB4,
    0xA7, 0x9E, 0xBB, 0x7C, 0x2F, 0xD9, 0xEB, 0x36, 0x94, 0xF3, 0xE5, 0xBB, 0xAF, 0xE7, 0xFC, 0xCB,
    0x97, 0xEF, 0xA5, 0xB8, 0xED, 0xA6, 0xDD, 0xFA, 0x6C, 0x8B, 0xAE, 0x50, 0x8F, 0x5D, 0x77, 0xC4,
    0x1C, 0xCC, 0xBE, 0xEC, 0x0C, 0xDD, 0xF8, 0xC0, 0xA7, 0xF0, 0x51, 0x09, 0x6A, 0x69, 0xA4, 0x03,
    0xEC, 0xAD, 0x7D, 0xB9, 0xB8, 0xF7, 0x66, 0x7C, 0x35, 0xD7, 0xE0, 0x9A, 0x60, 0xF1, 0x8D, 0x89,
    0x6D, 0xDE, 0x3E, 0x68, 0xA5, 0x74, 0xA0, 0x0D, 0x9D, 0xFA, 0x7B, 0x8A, 0xE0, 0x91, 0x00, 0xF2,
    0xA6, 0xB5, 0x29, 0x85, 0x24, 0x9E, 0x69, 0xB7, 0x9E, 0x75, 0x56, 0x08, 0x3C, 0x09, 0x3B, 0x50,
    0x60, 0x10, 0x48, 0x60, 0x10, 0xB4, 0xE1, 0x10, 0x23, 0x63, 0x6E, 0xED, 0x57, 0x82, 0xEB, 0xBA,
    0x70, 0x3E, 0x53, 0x31, 0x64, 0x63, 0x74, 0xE0, 0x25, 0x16, 0x70, 0xAD, 0x57, 0xAD, 0xA8, 0x09,
    0xE8, 0x80, 0xAD, 0x19, 0x83, 0xA9, 0x36, 0x20, 0xEA, 0x01, 0x22, 0x0B, 0x2E, 0x2F, 0xD3, 0xEB,
    0x1E, 0x64, 0xD7, 0x65, 0x34, 0xAD, 0x84, 0xC2, 0x35, 0x19, 0x4D, 0x1B, 0x3D, 0xC8, 0x54, 0x98,
    0x2A, 0x76, 0x79, 0x63, 0x79, 0x74, 0x03, 0x09, 0x75, 0x6C, 0xBD, 0xA1, 0x71, 0xB9, 0xAB, 0x16,
    0x1B, 0xA7, 0x3D, 0x98, 0x04, 0x22, 0x76, 0x7C, 0xFA, 0x55, 0xFC, 0x64, 0x63, 0xE1, 0xEA, 0xBE,
    0xA0, 0x62, 0xCB, 0x98, 0xD1, 0xFD, 0x50, 0x0F, 0x05, 0xEE, 0xB9, 0x7D, 0x3B, 0xA2, 0xAA, 0xC5,
    0x25, 0xB2, 0xB4, 0x76, 0xEB, 0x2E, 0x72, 0xCE, 0xF8, 0x54, 0x25, 0xE1, 0xCC, 0x2F, 0x0A, 0x55,
    0x6F, 0x11, 0x38, 0xF8, 0x6B, 0x0E, 0xDE, 0x09, 0xAC, 0xF9, 0xBE, 0x91, 0x25, 0xCC, 0x8E, 0x10,
    0x82, 0x2F, 0x39, 0x71, 0x12, 0x9F, 0x6B, 0x79, 0xA3, 0xD0, 0xFC, 0x8E, 0x1E, 0x49, 0x3D, 0xA2,
    0x96, 0xC3, 0xFC, 0xDD, 0x7D, 0x19, 0x58, 0x6E, 0x85, 0x4A, 0x2A, 0x00, 0x34, 0xAC, 0x48, 0xE4,
    0x8B, 0x6C, 0xFC, 0x0C, 0xC5, 0xC8, 0xCC, 0xB7, 0xAD, 0x7B, 0xFA, 0xE5, 0x1C, 0xA1, 0xC5, 0x65,
    0x5F, 0xA2, 0x42, 0x74, 0x79, 0xAE, 0xB1, 0x6E, 0xF5, 0x99, 0x8B, 0xDD, 0xF6, 0x2C, 0x1B, 0x51,
    0x9B, 0xDD, 0xBF, 0x2B, 0xD3, 0x96, 0x8E, 0x27, 0xE5, 0xEF, 0x88, 0x0E, 0xB7, 0x49, 0x06, 0x72,
    0xE1, 0x0A, 0xF6, 0x31, 0xC4, 0x1D, 0xF4, 0x70, 0xC2, 0xE8, 0xEE, 0x05, 0x1F, 0x1A, 0xA7, 0x4D,
    0x98, 0x69, 0x66, 0x09, 0x27, 0xC6, 0x52, 0x6A, 0x1F, 0xB1, 0xC4, 0x93, 0xB0, 0x44, 0x6A, 0x3F,
    0xBE, 0xF6, 0x4A, 0x42, 0x24, 0xBE, 0x92, 0x64, 0x57, 0x48, 0x13, 0xC5, 0x43, 0xB3, 0x8C, 0xF5,
    0xEE, 0x67, 0x93, 0xC7, 0xEA, 0x79, 0x6D, 0x61, 0x6B, 0xC3, 0x2D, 0xE6, 0x9A, 0xDB, 0xCC, 0x49,
    0x90, 0x45, 0x00, 0x91, 0x9B, 0x93, 0xCA, 0x1F, 0xA6, 0x94, 0x1C, 0xF0, 0x94, 0xAE, 0xEE, 0xC3,
    0x76, 0x9A, 0x4F, 0x68, 0x26, 0x1C, 0xDE, 0xD7, 0x77, 0x3E, 0x4D, 0x9E, 0xA8, 0xD5, 0x6A, 0xAD,
    0x20, 0x39, 0xA5, 0xF6, 0x44, 0x7D, 0x92, 0x67, 0xBD, 0xB5, 0xD0, 0xAF, 0xB8, 0xFF, 0xF8, 0xB8,
    0x8A, 0xF2, 0xA3, 0xF0, 0x7C, 0x22, 0x69, 0xC8, 0x1E, 0xBF, 0x42, 0x72, 0x88, 0x1D, 0x3B, 0xE1,
    0xC1, 0x72, 0x2C, 0x03, 0xE0, 0xCA, 0x29, 0xF0, 0xE8, 0x07, 0x51, 0x36, 0xAE, 0xDE, 0xF7, 0xEE,
    0xE2, 0x55, 0x52, 0xA0, 0x54, 0x57, 0xC6, 0x82, 0xED, 0x52, 0x14, 0x5F, 0x5B, 0xA9, 0x77, 0x1D,
    0x39, 0x96, 0x91, 0x56, 0x64, 0x63, 0x46, 0x2E, 0x91, 0x10, 0x36, 0x24, 0x22, 0x56, 0x9F, 0x58,
    0x2F, 0x2F, 0x8C, 0x6A, 0x55, 0x9F, 0x49, 0x56, 0x74, 0x10, 0xA4, 0x73, 0x1B, 0x4D, 0x3F, 0xBC,
    0xB9, 0xDB, 0x59, 0x39, 0x67, 0xCD, 0xF0, 0x9F, 0xDB, 0xEB, 0x36, 0x86, 0x19, 0x8A, 0xD9, 0xB5,
    0xD5, 0x75, 0x71, 0x05, 0x2E, 0xEA, 0x44, 0x78, 0x1D, 0xE1, 0xFE, 0x4E, 0x47, 0x47, 0x42, 0xB9,
    0xE4, 0x7E, 0x9F, 0x8E, 0xE5, 0x1C, 0x94, 0x93, 0xBE, 0x9E, 0x8E, 0xC1, 0x4C, 0xDA, 0x4E, 0x3E,
    0x50, 0xCB, 0x2A, 0x5F, 0xB6, 0x6C, 0x6F, 0x0B, 0x66, 0x30, 0xF2, 0x4F, 0xC3, 0x14, 0x73, 0x4C,
    0x91, 0x46, 0xBB, 0x52, 0xC5, 0xCE, 0x17, 0xFE, 0x29, 0x73, 0x4C, 0x28, 0xF3, 0x1C, 0x5E, 0x42,
    0x81, 0xE6, 0xF5, 0xAB, 0x40, 0xC8, 0x5B, 0x1F, 0xFA, 0x91, 0x94, 0xA1, 0xE9, 0xF1, 0x49, 0xAB,
    0x45, 0x7B, 0x3D, 0x47, 0xBD, 0xCB, 0x96, 0x08, 0x9F, 0x03, 0xDE, 0x94, 0x53, 0xC0, 0xEF, 0x85,
    0xB5, 0x56, 0xAC, 0x62, 0xA0, 0x44, 0x43, 0x8C, 0xE3, 0x7E, 0xAF, 0xE7, 0xA9, 0x28, 0x71, 0xA2,
    0x66, 0x68, 0x1E, 0xCC, 0x0B, 0x35, 0x4C, 0xD2, 0x15, 0xB3, 0x98, 0x21, 0x35, 0x76, 0x28, 0xCC,
    0x54, 0x33, 0xAB, 0xA0, 0x50, 0x13, 0x6D, 0x86, 0x5B, 0xFB, 0x72, 0xD4, 0x8B, 0x44, 0xAA, 0x9C,
    0xA6, 0xA3, 0x64, 0x5A, 0x0D, 0x7D, 0x8D, 0xB8, 0x92, 0x25, 0x88, 0x8F, 0x99, 0x70, 0xC9, 0xF8,
    0x08, 0x77, 0xE8, 0x0A, 0xCF, 0x03, 0x1E, 0xF7, 0x7B, 0x11, 0x2B, 0x95, 0xC0, 0xD9, 0xC2, 0x28,
    0x04, 0x42, 0x1C, 0x84, 0x2B, 0x71, 0x82, 0x9B, 0x3E, 0xC7, 0x55, 0x32, 0xA7, 0x65, 0xD9, 0x4E,
    0x4C, 0x9C, 0xE8, 0x7C, 0xE2, 0xC4, 0x91, 0x7A, 0xD9, 0x0C, 0xCD, 0x8A, 0x53, 0x1F, 0x98, 0x7A,
    0xAA, 0xA2, 0xDF, 0xE5, 0x02, 0xAB, 0x56, 0x94, 0x6F, 0xF2, 0x50, 0xC8, 0xFA, 0xE9, 0x6F, 0x24,
    0x64, 0xBD, 0x7F, 0xAC, 0x90, 0xF5, 0xE0, 0x47, 0xB2, 0x41, 0x10, 0xCE, 0x03, 0x12, 0x95, 0x90,
    0x91, 0x1A, 0xB5, 0x9D, 0xC5, 0x73, 0xBD, 0x2F, 0x9A, 0x07, 0x98, 0x52, 0xC5, 0x94, 0xCF, 0xA6,
    0xF2, 0x99, 0xB7, 0x80, 0x65, 0x0C, 0xDD, 0xC1, 0xC1, 0x88, 0x12, 0x1A, 0x71, 0xE8, 0x0B, 0x7A,
    0xE8, 0x40, 0xD0, 0xC6, 0x22, 0x6F, 0xC7, 0x45, 0x5B, 0x51, 0x51, 0xF2, 0xAB, 0xF4, 0xF3, 0xB2,
    0xE2, 0x27, 0x61, 0x2F, 0xD8, 0x11, 0xD2, 0xB0, 0x2A, 0x9E, 0x66, 0xDA, 0xC3, 0x63, 0x85, 0xB0,
    0x2F, 0x09, 0xEB, 0x39, 0x1F, 0x7C, 0x20, 0xEB, 0x29, 0x0A, 0x64, 0xB5, 0x65, 0x2B, 0x90, 0x75,
    0x26, 0x00, 0x51, 0xC2, 0x81, 0x82, 0xAD, 0x7B, 0xFF, 0x25, 0xAA, 0xE3, 0x89, 0xA2, 0x29, 0x6A,
    0xF5, 0xCC, 0x23, 0x60, 0xCD, 0x7C, 0x16, 0x74, 0x23, 0xEB, 0x03, 0x80, 0x55, 0x36, 0x1D, 0x83,
    0x51, 0xD9, 0xE2, 0x8F, 0x71, 0x7F, 0x66, 0xF7, 0x30, 0x0A, 0x04, 0x20, 0x10, 0x54, 0x00, 0xB2,
    0x26, 0xF4, 0x1B, 0x71, 0x11, 0x29, 0xD3, 0x52, 0x25, 0x1A, 0xFB, 0x60, 0xDF, 0x17, 0x22, 0x95,
    0x4C, 0x04, 0x2D, 0x84, 0x68, 0xC8, 0x3C, 0xEF, 0x72, 0x20, 0xF5, 0xAC, 0x33, 0xB1, 0xD5, 0x82,
    0x87, 0x95, 0x56, 0x87, 0x07, 0xC5, 0xA5, 0x2A, 0xD8, 0x2C, 0xC4, 0x9A, 0x11, 0x91, 0x55, 0x49,
    0x27, 0x83, 0x02, 0xCD, 0x78, 0x50, 0xCA, 0xB6, 0x04, 0x52, 0x90, 0x2B, 0x98, 0x82, 0x47, 0x3A,
    0x10, 0xF1, 0x61, 0x94, 0x89, 0x2C, 0x53, 0x81, 0x1D, 0xE1, 0x30, 0x51, 0x83, 0xF5, 0x33, 0x06,
    0xF8, 0x2F, 0x5B, 0xEE, 0xD2, 0xC9, 0x5F, 0xA4, 0x46, 0xDF, 0xCE, 0xB9, 0xAF, 0x6D, 0x02, 0x72,
    0xAE, 0xE1, 0x65, 0x31, 0xEB, 0x6A, 0x95, 0x64, 0x6C, 0x28, 0xDD, 0x98, 0x2C, 0xB0, 0x6A, 0x1A,
    0x30, 0xAF, 0x75, 0x41, 0x1D, 0xEE, 0x9A, 0x63, 0xC4, 0xC1, 0xEB, 0x92, 0x15, 0x0D, 0x91, 0x67,
    0x2F, 0x7C, 0xCF, 0xEA, 0x4A, 0xC6, 0xF2, 0x85, 0x5A, 0x05, 0x89, 0x1C, 0x05, 0xA4, 0xF1, 0xA0,
    0xD4, 0x7A, 0x32, 0x1C, 0xCA, 0xB1, 0x29, 0x20, 0x02, 0x6D, 0x40, 0x0D, 0x92, 0x19, 0x99, 0xFD,
    0x24, 0x7B, 0x3B, 0x91, 0xEA, 0xA6, 0x9D, 0x65, 0x23, 0xD5, 0x0C, 0x99, 0x44, 0x69, 0x11, 0xE5,
    0xC1, 0x13, 0xDA, 0x86, 0x97, 0x6A, 0x1A, 0x5E, 0xF3, 0x32, 0xF8, 0x0B, 0xF0, 0xF8, 0x53, 0x76,
    0x1F, 0x41, 0xAD, 0x01, 0xAC, 0x04, 0xB9, 0x0E, 0x5A, 0x75, 0x30, 0x5A, 0x33, 0x00, 0xCB, 0x3A,
    0x50, 0xEA, 0x20, 0x42, 0x65, 0x26, 0x7A, 0x2D, 0x6B, 0x8F, 0x68, 0x3B, 0x12, 0x3E, 0x14, 0x8D,
    0x1A, 0x1C, 0x20, 0x71, 0xF8, 0x6E, 0xAF, 0x05, 0x3E, 0xBF, 0xCF, 0xF0, 0x5D, 0x42, 0xDD, 0xD4,
    0x69, 0xC4, 0xFD, 0x00, 0xC2, 0x77, 0x37, 0x86, 0x95, 0x68, 0x58, 0xE9, 0x76, 0xF8, 0xEE, 0x23,
    0x87, 0x95, 0xAD, 0x87, 0x85, 0x29, 0x04, 0xBB, 0x32, 0x57, 0x78, 0x05, 0xB5, 0x85, 0x19, 0xF9,
    0xF2, 0x71, 0xF9, 0x06, 0xCA, 0xDF, 0x6E, 0x43, 0x6F, 0xD3, 0xB3, 0x60, 0x27, 0xB8, 0x23, 0x1C,
    0x75, 0xE6, 0x35, 0xEB, 0xB6, 0x8F, 0x71, 0x34, 0x6F, 0x7C, 0xC7, 0x9F, 0xBC, 0xFD, 0xAF, 0xDC,
    0xB6, 0x0C, 0x03, 0x28, 0x8A, 0x57, 0x81, 0x95, 0x3C, 0x21, 0x12, 0x82, 0x34, 0x06, 0x8D, 0xC2,
    0x29, 0x37, 0x5B, 0x22, 0x93, 0x00, 0x8F, 0x31, 0x86, 0xB5, 0xD3, 0x55, 0xBB, 0x8C, 0xB3, 0x70,
    0x14, 0xA9, 0x1D, 0x28, 0x5E, 0x33, 0xAB, 0xD4, 0x87, 0x08, 0x60, 0x22, 0xE8, 0x09, 0x9A, 0x50,
    0xD8, 0x8F, 0x4F, 0xE0, 0xB8, 0xB5, 0xFF, 0x80, 0x88, 0x67, 0xBA, 0xC0, 0x75, 0x5C, 0xDF, 0x0D,
    0xFF, 0x41, 0x1F, 0xC5, 0xBE, 0x96, 0x0F, 0x39, 0x12, 0xFC, 0x2A, 0x07, 0xEE, 0x0B, 0xEC, 0x17,
    0xF8, 0x4F, 0x48, 0x14, 0xB0, 0xEB, 0x59, 0x30, 0xF0, 0x60, 0x60, 0xC2, 0xCD, 0x91, 0x76, 0xD7,
    0x8F, 0x74, 0xED, 0xE9, 0x60, 0x78, 0x43, 0x40, 0x68, 0x7E, 0xE6, 0x48, 0x6D, 0xD2, 0x48, 0x79,
    0x3C, 0x47, 0x45, 0xAD, 0xD3, 0x70, 0x1F, 0x5D, 0x5F, 0x3A, 0x57, 0xD2, 0x51, 0x88, 0x4E, 0x2A,
    0xCA, 0xE7, 0x75, 0xC5, 0xF4, 0x50, 0xCC, 0xF7, 0x69, 0xFA, 0x2C, 0x3E, 0x14, 0xB1, 0xE5, 0x8D,
    0x62, 0xCB, 0x9B, 0x75, 0x6C, 0xF9, 0xC2, 0x61, 0xD9, 0xCC, 0x61, 0xD9, 0xB4, 0x71, 0x23, 0x8D,
    0xBD, 0xE1, 0x6B, 0xBF, 0x59, 0xBE, 0xDE, 0xE4, 0xBA, 0x43, 0x72, 0x51, 0x3F, 0xE4, 0x7E, 0x8D,
    0x2F, 0xBE, 0xE6, 0xEF, 0xF2, 0x5D, 0x00, 0xC9, 0x3A, 0x66, 0x89, 0x60, 0xD3, 0x10, 0x4A, 0x70,
    0x7D, 0xDC, 0x14, 0xAF, 0xA0, 0x7A, 0x64, 0xC1, 0xA4, 0x01, 0x93, 0x5C, 0x44, 0xBB, 0x25, 0x39,
    0x88, 0x1E, 0x8D, 0xA8, 0x8A, 0x40, 0x4F, 0x77, 0x06, 0xBD, 0x19, 0x74, 0x66, 0xD0, 0x97, 0x81,
    0xC9, 0xF3, 0xDD, 0xD0, 0x91, 0x71, 0x34, 0xBB, 0x6D, 0xAA, 0x1D, 0x2D, 0x2F, 0x86, 0x3C, 0x92,
    0x17, 0xF4, 0x42, 0x72, 0x3F, 0x72, 0x33, 0x72, 0x27, 0xDA, 0xC0, 0xF7, 0x66, 0x09, 0x93, 0x89,
    0x6F, 0x19, 0x31, 0x02, 0xC3, 0x90, 0xAA, 0x21, 0x4C, 0x1C, 0x5B, 0xE4, 0x55, 0x7C, 0xBC, 0x6F,
    0xCD, 0x7A, 0x60, 0x38, 0x81, 0xBE, 0xA8, 0x52, 0xE8, 0x4E, 0x26, 0x21, 0x32, 0x0A, 0x4D, 0xF9,
    0xED, 0x64, 0x73, 0xEC, 0x7E, 0x87, 0x1E, 0x81, 0x16, 0x8B, 0xBB, 0xA9, 0x2D, 0x6C, 0x51, 0x82,
    0x68, 0x1A, 0xC6, 0x53, 0x38, 0x05, 0xF8, 0xAF, 0x10, 0x4F, 0x70, 0xDF, 0x11, 0xF0, 0x47, 0xD6,
    0x09, 0xB5, 0xEF, 0xB0, 0x8B, 0x9E, 0x93, 0xEA, 0xDF, 0x72, 0xA8, 0xF5, 0xD6, 0xED, 0xED, 0xB3,
    0xD6, 0x10, 0x3D, 0xA2, 0x31, 0x49, 0xE2, 0xD0, 0x6C, 0x66, 0x37, 0xD1, 0xB3, 0x75, 0xC5, 0x94,
    0x03, 0x3D, 0x59, 0x57, 0x0E, 0xC5, 0x02, 0xAB, 0x0B, 0xFA, 0xE1, 0xCD, 0x42, 0xED, 0x54, 0x62,
    0x3E, 0x9D, 0xEB, 0x1E, 0x5A, 0x62, 0x3E, 0x4D, 0xFB, 0x1D, 0x17, 0xE9, 0xCA, 0xC4, 0xF8, 0xB7,
    0x0C, 0x2A, 0x43, 0x76, 0x09, 0xDE, 0x76, 0xDD, 0xA1, 0x88, 0xA2, 0x96, 0x19, 0x48, 0xDA, 0xB2,
    0x4A, 0x1E, 0x1B, 0x02, 0xF6, 0x09, 0xCC, 0x7C, 0x0E, 0x45, 0x9D, 0x71, 0x34, 0xB9, 0xB5, 0x8E,
    0x81, 0xA9, 0x0E, 0xAD, 0xB0, 0x44, 0xF5, 0xC8, 0x73, 0xC8, 0x46, 0x47, 0x70, 0x2C, 0xBF, 0x0D,
    0x1B, 0x41, 0x58, 0x52, 0x4A, 0x22, 0x4E, 0x14, 0xFF, 0x6D, 0xD4, 0x16, 0x68, 0x97, 0x8D, 0x0E,
    0x11, 0xBC, 0xBF, 0xC6, 0x75, 0xCC, 0x18, 0x3E, 0xB0, 0x2A, 0x2B, 0x58, 0x32, 0xB2, 0xBE, 0x27,
    0x82, 0xA4, 0x68, 0x44, 0xD6, 0xE3, 0xAA, 0x35, 0x21, 0xE4, 0x04, 0x13, 0x3E, 0x3A, 0x44, 0xCE,
    0xA3, 0x0E, 0x48, 0x81, 0x03, 0xF7, 0xED, 0x69, 0x57, 0xBE, 0x6B, 0x4D, 0xEA, 0x10, 0xD7, 0x32,
    0x23, 0xB5, 0xEF, 0x4D, 0x3B, 0xFB, 0x9E, 0x63, 0xF0, 0x37, 0xA6, 0xBD, 0x7D, 0x99, 0xC8, 0xC1,
    0x90, 0xD4, 0xFF, 0xE5, 0x39, 0x5B, 0x8A, 0x65, 0x77, 0xBC, 0x44, 0xF2, 0x09, 0xD1, 0x33, 0xBF,
    0x3A, 0x97, 0x23, 0x8A, 0xCC, 0x1D, 0xE7, 0xBA, 0xAF, 0x81, 0x2C, 0x76, 0xAE, 0x5D, 0xBF, 0x42,
    0x77, 0x95, 0x6D, 0x07, 0xB4, 0x2B, 0xB4, 0xC6, 0x06, 0xDC, 0x85, 0x6C, 0x87, 0x78, 0xAC, 0x03,
    0x8A, 0x06, 0x5B, 0x3D, 0x1D, 0xE0, 0x5E, 0x99, 0xEB, 0xF1, 0x80, 0x12, 0xDF, 0x53, 0x3B, 0xA0,
    0x83, 0x88, 0x0D, 0x36, 0xA0, 0x85, 0x18, 0xA7, 0x1D, 0x9C, 0xB9, 0x58, 0xF5, 0x75, 0xD2, 0x7F,
    0xDC, 0xA2, 0x2B, 0xE8, 0xD6, 0xDB, 0x5D, 0xB7, 0x28, 0x6A, 0x7E, 0x26, 0x4C, 0x76, 0x64, 0x04,
    0xF7, 0x1F, 0x3E, 0xCC, 0x71, 0x35, 0x91, 0x5C, 0x81, 0x59, 0x7F, 0xCC, 0x01, 0x71, 0x96, 0xAB,
    0x28, 0x1C, 0x06, 0x82, 0xC8, 0xE0, 0xB2, 0xF9, 0xB0, 0x16, 0xA1, 0xB8, 0xAB, 0x27, 0x62, 0x42,
    0x12, 0x8F, 0xEC, 0x89, 0x60, 0x9C, 0x83, 0x16, 0xA2, 0x25, 0x92, 0x5B, 0x4D, 0xA4, 0x9C, 0x65,
    0x45, 0xAC, 0x27, 0x21, 0x36, 0x94, 0x93, 0xB6, 0x09, 0x91, 0xBD, 0x9D, 0x88, 0x1C, 0xB9, 0x7F,
    0xB1, 0x9E, 0x44, 0x0A, 0xBB, 0xAA, 0xD5, 0x54, 0x88, 0xC8, 0x42, 0x6C, 0x50, 0xFD, 0x45, 0x77,
    0xFC, 0x2E, 0x21, 0x07, 0x26, 0xB6, 0xCD, 0xE5, 0x1E, 0x29, 0x3D, 0x52, 0x7B, 0xC4, 0x18, 0x82,
    0xC1, 0x25, 0xCA, 0x78, 0xEE, 0x01, 0xE1, 0xB2, 0x64, 0x4C, 0xCB, 0x06, 0xC2, 0x3B, 0x6A, 0xE8,
    0x67, 0xC3, 0x6B, 0x00, 0x11, 0x47, 0x40, 0xD8, 0x37, 0x13, 0xEB, 0xF6, 0x10, 0x97, 0xDD, 0xC1,
    0xF0, 0x53, 0xC6, 0xDB, 0x7D, 0x3B, 0xAD, 0x6A, 0xE2, 0x9C, 0xA0, 0x36, 0x2E, 0x1B, 0x06, 0xB0,
    0x4A, 0x3A, 0xF9, 0x9E, 0x65, 0x84, 0x3E, 0xCB, 0x05, 0x7F, 0xE3, 0x12, 0xE8, 0x06, 0x41, 0xB0,
    0xB7, 0xF9, 0x88, 0x30, 0xD7, 0x3E, 0x65, 0x77, 0x13, 0x96, 0x69, 0x63, 0x1E, 0x05, 0x1B, 0xC6,
    0x4A, 0xBB, 0xA9, 0x17, 0xC8, 0xA1, 0x96, 0xD5, 0x67, 0x0C, 0x21, 0x18, 0x04, 0x3E, 0x04, 0xC3,
    0x81, 0x8C, 0xA0, 0xA0, 0x31, 0xA3, 0xC5, 0x8D, 0xE6, 0x33, 0xB4, 0xAA, 0x91, 0xE9, 0x08, 0x0A,
    0xB3, 0x37, 0xA8, 0xD2, 0x65, 0x33, 0x64, 0x92, 0x03, 0xBE, 0x91, 0x80, 0xC3, 0x30, 0x01, 0xF6,
    0x73, 0xE2, 0x4E, 0x65, 0xD9, 0x82, 0x00, 0x4F, 0x64, 0x14, 0x95, 0x44, 0xDE, 0xFD, 0xFD, 0xCB,
    0xFF, 0xC3, 0x73, 0x0D, 0xEF, 0x79, 0xD6, 0x33, 0xC2, 0x44, 0x70, 0x4F, 0x28, 0xB6, 0x13, 0xD7,
    0x89, 0xE9, 0x62, 0x9E, 0x13, 0xCB, 0x89, 0xE3, 0xC4, 0x70, 0xE2, 0xB7, 0x88, 0xDD, 0xC4, 0x6D,
    0x62, 0x36, 0xF1, 0x5A, 0xC4, 0x6A, 0xE2, 0x34, 0x31, 0x5A, 0xE0, 0xB3, 0xA3, 0x60, 0x2E, 0x58,
    0x0A, 0xD6, 0x82, 0x62, 0x31, 0xCF, 0x61, 0x9E, 0xC1, 0x3C, 0x7F, 0x79, 0xF6, 0xF2, 0xDC, 0xE5,
    0x99, 0xEB, 0x8A, 0xB7, 0x9E, 0x22, 0x55, 0xEB, 0x73, 0xD1, 0xE3, 0x30, 0xAF, 0x47, 0x80, 0x16,
    0xE0, 0x8C, 0x29, 0x3B, 0x6F, 0x0A, 0xE8, 0x79, 0xA3, 0xFA, 0x99, 0xE2, 0x29, 0xD6, 0xE4, 0x74,
    0x0F, 0x0F, 0x3A, 0xB3, 0xE0, 0xEF, 0x4A, 0x89, 0x33, 0x78, 0x32, 0xC2, 0xB3, 0xED, 0x5A, 0x37,
    0x8C, 0x61, 0x08, 0x21, 0x52, 0xD2, 0x00, 0x15, 0x30, 0x58, 0x11, 0xA7, 0xCE, 0x1B, 0x2C, 0x2E,
    0x25, 0x71, 0xAD, 0x0A, 0x51, 0xA4, 0xCE, 0x2C, 0xC2, 0x6B, 0x6A, 0xB7, 0x4A, 0xA9, 0x26, 0xAE,
    0xB3, 0x9A, 0xE6, 0x2F, 0x1E, 0xD6, 0x1A, 0x32, 0x49, 0x1A, 0x8C, 0x60, 0x4D, 0xEA, 0xF1, 0xD2,
    0x5C, 0x3B, 0xC6, 0x75, 0x23, 0xEC, 0x30, 0x41, 0x79, 0x9A, 0x34, 0x6F, 0x4D, 0x30, 0x12, 0xE0,
    0x01, 0xC7, 0x1A, 0xE5, 0xC2, 0xDB, 0x45, 0xE1, 0x03, 0xBA, 0x2E, 0xA1, 0xE7, 0xA3, 0x6E, 0x4C,
    0x05, 0xEF, 0x81, 0x47, 0x5F, 0xD2, 0x8D, 0x57, 0x12, 0xE2, 0x93, 0x0C, 0x4B, 0x35, 0x71, 0x38,
    0x45, 0x5A, 0xE2, 0x64, 0xA4, 0xE4, 0x96, 0x78, 0x69, 0x72, 0xC6, 0x5B, 0xB0, 0xD3, 0x62, 0x36,
    0x91, 0xA3, 0xF8, 0xC1, 0xB6, 0x0E, 0x59, 0xBB, 0x5F, 0xA3, 0x96, 0xE4, 0xD1, 0xD8, 0xE5, 0x13,
    0x19, 0x4E, 0x8E, 0x45, 0x60, 0x32, 0x9A, 0x99, 0x84, 0x5F, 0x29, 0x3A, 0x5F, 0xFC, 0xC5, 0xB2,
    0x47, 0x89, 0x73, 0x07, 0x2E, 0xAC, 0x9B, 0x65, 0x46, 0x43, 0x14, 0x30, 0x30, 0x99, 0x7A, 0xEB,
    0xB2, 0xD0, 0xE5, 0x72, 0xF3, 0xCA, 0xAA, 0x03, 0x2C, 0x0B, 0x58, 0x21, 0x6C, 0x66, 0xAD, 0xF8,
    0x8A, 0x4C, 0x38, 0xEE, 0x0E, 0xBE, 0x1E, 0xEA, 0x3D, 0xC6, 0x40, 0x88, 0x90, 0x39, 0xA7, 0xC1,
    0x92, 0x6E, 0xD9, 0x3B, 0xC0, 0x1C, 0x4F, 0xF6, 0x6C, 0xAA, 0xF5, 0x0C, 0x49, 0xC0, 0x4A, 0x4F,
    0xEE, 0x3F, 0xBA, 0xC7, 0x00, 0x5A, 0xA8, 0xC5, 0xBF, 0x42, 0xB2, 0x84, 0x5C, 0x27, 0xBA, 0x45,
    0x87, 0x47, 0x38, 0xC0, 0x52, 0xB2, 0xF6, 0xA3, 0x8B, 0xC9, 0x09, 0x44, 0x35, 0x20, 0x9B, 0xF7,
    0x5B, 0xF2, 0x90, 0xCC, 0x63, 0x01, 0xC0, 0xB6, 0xC4, 0x09, 0x45, 0xA0, 0x89, 0x2E, 0x5B, 0x8F,
    0x5B, 0x76, 0x51, 0x9A, 0x08, 0x55, 0x11, 0x71, 0x4C, 0x04, 0x38, 0x86, 0x91, 0xEA, 0x05, 0x34,
    0x0C, 0xB7, 0xE4, 0x8D, 0x03, 0x7B, 0x5C, 0x2F, 0xCE, 0x47, 0xE3, 0xE9, 0x38, 0xF3, 0x48, 0x1E,
    0xAF, 0x92, 0xEF, 0xD2, 0xAD, 0xD3, 0x31, 0xA1, 0x96, 0x52, 0x87, 0x14, 0xBB, 0x2A, 0x98, 0xE9,
    0x5B, 0x5F, 0x95, 0xED, 0x77, 0xAD, 0x67, 0x84, 0xEA, 0xC0, 0x38, 0xDA, 0x41, 0x46, 0x60, 0x47,
    0x32, 0xA5, 0x78, 0xE4, 0xD0, 0x87, 0xBF, 0x18, 0x42, 0x7D, 0x2A, 0x80, 0x49, 0x44, 0x02, 0xF8,
    0xBE, 0x54, 0xB7, 0x87, 0x80, 0x1B, 0xEA, 0xC7, 0x90, 0x78, 0x92, 0x7C, 0xDD, 0x4D, 0xFA, 0x41,
    0x4B, 0xC5, 0x8C, 0xC6, 0xD0, 0xD0, 0x24, 0x7B, 0x50, 0x65, 0x29, 0x0E, 0x7A, 0x9D, 0x37, 0x68,
    0x95, 0xFE, 0xA9, 0xB6, 0xB2, 0x40, 0x47, 0x70, 0xBE, 0x04, 0x17, 0xE6, 0x86, 0xDD, 0x78, 0x77,
    0x59, 0xEA, 0x87, 0x10, 0xCA, 0x41, 0x69, 0xB5, 0xB7, 0xF3, 0xC6, 0x92, 0xBB, 0x30, 0x3D, 0xB6,
    0x6A, 0x60, 0x0A, 0x40, 0x9B, 0xCF, 0xDE, 0x14, 0x25, 0x6B, 0x0F, 0x5E, 0x73, 0x62, 0xEF, 0x3E,
    0xDB, 0x6D, 0xA9, 0x5B, 0x11, 0x44, 0x02, 0x2D, 0x36, 0x27, 0xA6, 0xBF, 0x76, 0x0E, 0x98, 0x55,
    0xB0, 0xE2, 0xBA, 0xEB, 0xEC, 0x77, 0x19, 0x12, 0xCD, 0xA2, 0x98, 0x11, 0xB3, 0x5E, 0x4D, 0xBA,
    0xE0, 0xA4, 0xB1, 0xDA, 0xF2, 0x95, 0xC8, 0x73, 0xF2, 0x70, 0x89, 0x28, 0xBB, 0xE7, 0x02, 0x39,
    0x06, 0x48, 0xA2, 0x4A, 0xD6, 0x9C, 0x64, 0xF5, 0x1E, 0x31, 0x19, 0x55, 0xDB, 0xA5, 0x47, 0xE9,
    0x68, 0x6C, 0x97, 0xB0, 0xFC, 0x2E, 0x0A, 0x67, 0xB8, 0x72, 0x27, 0x70, 0x87, 0xC0, 0xD6, 0xD7,
    0xD0, 0xC6, 0x67, 0x13, 0x4F, 0x9C, 0x17, 0x39, 0x5A, 0x18, 0x4C, 0x35, 0xD6, 0x85, 0x41, 0x0B,
    0x0A, 0x61, 0x90, 0xCE, 0xB2, 0xD3, 0x09, 0x2A, 0x0D, 0x25, 0x02, 0x9D, 0x9D, 0xD5, 0xA5, 0x72,
    0x5B, 0x5B, 0xF9, 0xBB, 0xB9, 0xAA, 0x54, 0x48, 0xDA, 0x53, 0xD9, 0x43, 0x01, 0xE9, 0xA5, 0xE8,
    0x25, 0xA0, 0x1A, 0x94, 0x3B, 0x47, 0xAC, 0x4F, 0xC4, 0x04, 0xFA, 0x10, 0xF0, 0x02, 0x9F, 0x17,
    0x58, 0xB0, 0x9F, 0x12, 0x31, 0x89, 0xA2, 0x20, 0x75, 0xDB, 0x64, 0xCA, 0xC7, 0x0A, 0x6F, 0x84,
    0x1F, 0xE7, 0xBD, 0x05, 0x51, 0x75, 0x07, 0xFD, 0x38, 0xC2, 0xF3, 0x51, 0xE4, 0xC3, 0x87, 0x26,
    0xF2, 0x21, 0xDC, 0x62, 0xFC, 0x4D, 0x86, 0x18, 0x99, 0x5C, 0x78, 0xBA, 0xC2, 0x4F, 0xC2, 0x21,
    0x2A, 0x78, 0xB3, 0xD1, 0xED, 0xE6, 0x03, 0x8D, 0x76, 0xF8, 0x28, 0xDA, 0x81, 0x1B, 0xF6, 0x19,
    0xEE, 0x55, 0xEE, 0x86, 0xE7, 0x59, 0xF9, 0x2B, 0x06, 0x87, 0x25, 0xC5, 0xF7, 0x7F, 0x61, 0x63,
    0x4B, 0xFE, 0xDD, 0xAA, 0x02, 0xB9, 0x92, 0xDF, 0x35, 0xE5, 0x77, 0xDF, 0x0E, 0xBB, 0x84, 0x6F,
    0xC8, 0x72, 0x9E, 0x84, 0xBC, 0x4A, 0x7E, 0x58, 0xCA, 0x3D, 0x2A, 0xF6, 0xD5, 0x29, 0xD3, 0xAF,
    0x60, 0x74, 0x34, 0x7B, 0xAA, 0xD2, 0x7B, 0x00, 0xBD, 0x34, 0x6C, 0xAA, 0xC7, 0xD1, 0x21, 0x2C,
    0xD1, 0x28, 0x9F, 0xBA, 0x2D, 0xE2, 0x5C, 0xC5, 0x8C, 0x68, 0x29, 0xF9, 0x57, 0x2F, 0xAF, 0x12,
    0x0B, 0x18, 0x2F, 0xC0, 0xE5, 0xBB, 0x75, 0xDB, 0xA6, 0x6B, 0x0F, 0x76, 0x81, 0x36, 0xAC, 0xE2,
    0x2F, 0x6B, 0x15, 0xBF, 0x0F, 0x7E, 0x8F, 0x57, 0xB1, 0x23, 0x08, 0xDD, 0xA1, 0x6F, 0xC8, 0xB3,
    0xAF, 0x55, 0x5C, 0x37, 0x8B, 0x4E, 0x1F, 0x9E, 0x74, 0x2F, 0x10, 0xCD, 0xAC, 0xD5, 0xCC, 0xC6,
    0x8D, 0x49, 0xCF, 0x0F, 0x4F, 0xBA, 0xD4, 0xA4, 0x17, 0x02, 0xFE, 0x13, 0xF1, 0x92, 0xCE, 0x84,
    0x8B, 0xD0, 0x24, 0x7C, 0x73, 0xEE, 0x5B, 0xC0, 0x04, 0xC2, 0x1F, 0x7C, 0x9C, 0x7D, 0xE2, 0x3E,
    0xCD, 0x76, 0x5E, 0xE5, 0xF2, 0x5A, 0xE0, 0xE0, 0x26, 0xDE, 0x8B, 0x43, 0x28, 0x91, 0x92, 0xB4,
    0x50, 0xD0, 0xE3, 0x8B, 0xC1, 0x2D, 0x72, 0x80, 0x38, 0x5D, 0xF5, 0xC1, 0x88, 0x44, 0x02, 0xED,
    0x9A, 0x73, 0x18, 0x69, 0x1D, 0x17, 0x70, 0x3D, 0xB0, 0xBE, 0x41, 0x4A, 0x83, 0x70, 0xA5, 0x60,
    0x2A, 0x23, 0x4F, 0xE7, 0x40, 0xB0, 0x3E, 0x0B, 0x5D, 0x70, 0xD8, 0x0E, 0x47, 0x64, 0x6B, 0x4D,
    0x32, 0xF2, 0x08, 0x39, 0x1A, 0x5D, 0x64, 0xBB, 0x7C, 0x69, 0x47, 0x9A, 0x96, 0x26, 0xCC, 0x64,
    0xD9, 0xB5, 0x03, 0x5D, 0x26, 0x89, 0xFD, 0x00, 0xC8, 0xB4, 0xB7, 0x6F, 0x3A, 0x9A, 0xBA, 0xE3,
    0xF0, 0x4B, 0xAC, 0x75, 0x97, 0x19, 0xF6, 0x90, 0x3B, 0x2E, 0xD9, 0x05, 0x66, 0x68, 0x47, 0x22,
    0x3D, 0xFB, 0x74, 0x27, 0xAE, 0xEF, 0x75, 0x06, 0x8B, 0xE3, 0x5F, 0x58, 0x93, 0xB9, 0x71, 0x39,
    0x7B, 0x7D, 0x0E, 0x84, 0xB2, 0x94, 0x5E, 0x24, 0xD6, 0xFA, 0x66, 0xC6, 0x0D, 0x95, 0xB0, 0x12,
    0x03, 0x74, 0x5B, 0x97, 0x48, 0x45, 0xDF, 0x2C, 0x2E, 0xD5, 0x18, 0x29, 0xDA, 0xC1, 0x28, 0x1D,
    0x13, 0x03, 0xC4, 0xCE, 0xEF, 0x19, 0x6B, 0x0E, 0xBF, 0x7F, 0xCD, 0xC5, 0x6F, 0xC9, 0x64, 0x16,
    0x81, 0xBF, 0xBD, 0xBD, 0x50, 0x6A, 0xE3, 0xB9, 0x1A, 0xD8, 0xEB, 0x47, 0x8C, 0xE0, 0xF9, 0x16,
    0x35, 0xF6, 0x83, 0xC1, 0x7E, 0x73, 0x5C, 0x74, 0xD9, 0x5F, 0x2B, 0x85, 0x7B, 0x9E, 0x24, 0xCC,
    0xFE, 0x6D, 0x88, 0x1C, 0xAE, 0x90, 0x2A, 0xD6, 0x02, 0xA9, 0x02, 0x7E, 0xC4, 0x70, 0x3F, 0x31,
    0xC3, 0xD1, 0xF4, 0x94, 0xC0, 0xE3, 0x72, 0x2E, 0x06, 0xD8, 0x3E, 0xCB, 0x11, 0xA0, 0x16, 0x18,
    0x76, 0xBA, 0x8E, 0xF0, 0xDC, 0xFA, 0x19, 0x63, 0xBF, 0xA4, 0x4A, 0xA0, 0xF2, 0x14, 0x7D, 0x26,
    0x07, 0x6F, 0x21, 0x58, 0x12, 0x0E, 0x84, 0x65, 0x0F, 0xEA, 0x5C, 0x12, 0x80, 0x24, 0xB8, 0xBE,
    0x74, 0x11, 0x58, 0x57, 0xB2, 0x55, 0x07, 0x09, 0x8F, 0x48, 0x9A, 0xB3, 0x5F, 0xE3, 0x18, 0x07,
    0x94, 0xB6, 0x69, 0x59, 0xC4, 0x3C, 0xE1, 0x19, 0x7E, 0xDE, 0xF3, 0xDF, 0xF6, 0xB8, 0x9C, 0xEC,
    0x1D, 0x73, 0x9C, 0x01, 0xDD, 0x94, 0x19, 0x43, 0xD0, 0xC9, 0xA0, 0xDA, 0x00, 0x96, 0x56, 0x09,
    0xE2, 0xAB, 0x09, 0x69, 0x64, 0xE5, 0xDD, 0x94, 0xB0, 0x03, 0xCC, 0x09, 0x59, 0xA5, 0x82, 0xA7,
    0x2F, 0xA0, 0x59, 0x68, 0xF1, 0xAF, 0xDE, 0xFE, 0xA1, 0xA9, 0xBF, 0xBA, 0xF9, 0x6B, 0xF8, 0x8D,
    0x8C, 0xDA, 0x51, 0xE3, 0xFE, 0x5C, 0xD3, 0x65, 0x73, 0x63, 0x9C, 0xA3, 0x91, 0xBA, 0x4F, 0x45,
    0x9F, 0x37, 0xD8, 0x34, 0x7A, 0x53, 0xA1, 0x97, 0x2A, 0xBF, 0x55, 0xE2, 0xE6, 0x0C, 0xEE, 0xD6,
    0x11, 0xD5, 0xD0, 0x84, 0xC4, 0x73, 0x97, 0x2D, 0xF1, 0xD9, 0x0B, 0x9F, 0x4D, 0xF0, 0x61, 0x45,
    0x57, 0xE7, 0x7A, 0xF6, 0xBB, 0x67, 0xA3, 0x7B, 0x9B, 0xF8, 0x76, 0x2C, 0xC5, 0x9E, 0xF6, 0x6C,
    0x9E, 0xCB, 0xC8, 0x30, 0x9A, 0x33, 0xD9, 0xB7, 0x9E, 0x0D, 0xEB, 0xCB, 0x60, 0x04, 0x98, 0xD4,
    0x9B, 0x3E, 0xF8, 0x2B, 0x47, 0x0E, 0xED, 0x49, 0xD6, 0x1B, 0x04, 0x6C, 0xB0, 0xEB, 0x4A, 0xAA,
    0xDC, 0xB4, 0x58, 0xCF, 0x58, 0x27, 0x28, 0x0D, 0x7B, 0x37, 0xAB, 0x9E, 0xEB, 0xAD, 0x75, 0xCE,
    0xB4, 0xCE, 0xB0, 0x30, 0xBF, 0xE6, 0xD6, 0x5B, 0x5D, 0xA6, 0xB6, 0xE1, 0x99, 0x90, 0xA1, 0x7E,
    0x0C, 0x24, 0x11, 0x5C, 0x68, 0xDD, 0x2C, 0x17, 0x2A, 0x1E, 0x5A, 0xF7, 0x1D, 0xA0, 0x5B, 0x6F,
    0x58, 0x2A, 0x27, 0x86, 0x60, 0x62, 0xBD, 0xE7, 0xA4, 0x7D, 0x82, 0xF5, 0xFE, 0xBF, 0xED, 0x57,
    0x21, 0x8C, 0xE5, 0xE6, 0x11, 0x1E, 0xFB, 0xE9, 0xEE, 0x49, 0x67, 0xE0, 0x82, 0x04, 0x5C, 0x2B,
    0xD5, 0xFC, 0x88, 0x39, 0xB2, 0xA5, 0x82, 0xD2, 0x03, 0xB7, 0x2D, 0x28, 0x08, 0x09, 0x0A, 0x59,
    0x5E, 0x62, 0xB7, 0x1C, 0x2C, 0x68, 0xF9, 0x81, 0x80, 0xF4, 0x05, 0x84, 0xA3, 0xDF, 0x0D, 0x07,
    0xE6, 0xC8, 0x52, 0x1B, 0x72, 0xC8, 0xAD, 0x5C, 0xC5, 0x49, 0x6C, 0x7F, 0xDD, 0xF9, 0x66, 0x34,
    0xBA, 0xCD, 0x6E, 0x56, 0xDB, 0x4A, 0x05, 0x95, 0xCE, 0x60, 0xBE, 0xD9, 0x7D, 0xCF, 0xF3, 0xCF,
    0x7C, 0xF3, 0xCD, 0xD8, 0x4F, 0x24, 0xBB, 0x12, 0x11, 0x49, 0x98, 0x44, 0x0A, 0xE0, 0x10, 0x69,
    0x00, 0xF4, 0x02, 0x00, 0xE3, 0x49, 0xED, 0x7C, 0xC6, 0x7A, 0xC6, 0x5C, 0x62, 0xCC, 0xB0, 0x54,
    0x18, 0x04, 0x6B, 0x03, 0x11, 0x6C, 0x66, 0x3B, 0x00, 0xD8, 0x92, 0xDA, 0x15, 0x61, 0xB1, 0xD0,
    0xCE, 0x58, 0xE5, 0x44, 0x7B, 0xC6, 0x84, 0x4D, 0x4A, 0x8C, 0x69, 0x97, 0x1A, 0x43, 0x87, 0x36,
    0xA1, 0x6D, 0xA0, 0x27, 0x56, 0x1A, 0x40, 0x0F, 0xC7, 0x2C, 0x39, 0x0F, 0x97, 0x1A, 0xAB, 0x30,
    0x35, 0x5E, 0xCF, 0xE4, 0x59, 0xCB, 0x24, 0xC7, 0x66, 0x56, 0xC4, 0x94, 0x14, 0x33, 0x4C, 0x30,
    0x1C, 0x89, 0x82, 0x21, 0x8D, 0x8A, 0x2F, 0xE5, 0xE7, 0xF2, 0xD8, 0x75, 0xCD, 0xE8, 0x72, 0xE6,
    0x59, 0x56, 0xF0, 0xA2, 0x61, 0x98, 0x07, 0xFF, 0x0D, 0x88, 0x54, 0x38, 0x7E, 0xA3, 0x5F, 0x68,
    0x30, 0x49, 0x83, 0x41, 0x12, 0x5A, 0x21, 0x09, 0xBB, 0x32, 0x35, 0x9D, 0x34, 0xC8, 0x49, 0xD9,
    0x99, 0x89, 0x05, 0x46, 0x62, 0x89, 0x81, 0x58, 0xE1, 0xDD, 0xE5, 0xF2, 0x25, 0xE6, 0x1A, 0xC6,
    0x44, 0xF3, 0x30, 0x4E, 0x8E, 0x63, 0x77, 0x88, 0x48, 0x89, 0xA1, 0xDB, 0x0D, 0xF9, 0x77, 0x85,
    0xBE, 0x51, 0x6C, 0x94, 0xAB, 0x5B, 0xEC, 0x20, 0x44, 0x28, 0x89, 0xBD, 0x9C, 0xB0, 0x49, 0x85,
    0x49, 0x2A, 0xCC, 0x52, 0x62, 0xCF, 0x12, 0x46, 0x4F, 0xBF, 0x27, 0x93, 0x38, 0xD8, 0x5A, 0x96,
    0x47, 0x9A, 0x7B, 0xD2, 0x85, 0xD5, 0x68, 0x75, 0x7A, 0x3F, 0x92, 0x8F, 0xF5, 0xBF, 0x7D, 0x1A,
    0xE4, 0x84, 0xBF, 0x62, 0xBA, 0xB5, 0x5F, 0xD3, 0xFE, 0x11, 0xE3, 0xAD, 0xCD, 0xF4, 0xAE, 0x4F,
    0xE5, 0xE5, 0x1D, 0x0A, 0xFF, 0x1F, 0x74, 0xF3, 0xAC, 0xCD, 0x5E, 0x2B, 0x77, 0x73, 0xB5, 0x2A,
    0x75, 0x4B, 0xB3, 0x69, 0xC2, 0x0E, 0x33, 0xA1, 0x9B, 0x6A, 0xA5, 0xE6, 0x79, 0xFB, 0xBC, 0x95,
    0x7B, 0xD7, 0xCF, 0x58, 0x66, 0x02, 0xEF, 0xB6, 0xF8, 0x89, 0x87, 0xB1, 0xD4, 0xCD, 0x00, 0x22,
    0xF5, 0xF1, 0x15, 0xD0, 0xCA, 0x2F, 0x5B, 0xE9, 0x30, 0x08, 0x99, 0x1E, 0x45, 0x28, 0x12, 0xCA,
    0x8C, 0xA0, 0xE5, 0xFC, 0x18, 0xAE, 0xAE, 0x7E, 0x7B, 0x0B, 0x46, 0x96, 0xF6, 0x2D, 0x60, 0x92,
    0x82, 0x3C, 0x4A, 0x69, 0xF0, 0xEC, 0xEA, 0xEA, 0xDA, 0x43, 0x2B, 0x50, 0x0F, 0x0A, 0x1D, 0x98,
    0x28, 0x08, 0x39, 0x76, 0x3B, 0x75, 0x93, 0x49, 0xBF, 0x31, 0x0B, 0xFE, 0xFC, 0x3B, 0x8D, 0xE5,
    0x82, 0x70, 0x3D, 0x90, 0x6A, 0x82, 0x86, 0xFA, 0x85, 0x8B, 0xE1, 0x63, 0xA3, 0xEC, 0x96, 0xB0,
    0xD7, 0x52, 0x6E, 0xE7, 0x43, 0xEA, 0xBD, 0x84, 0x9B, 0xAD, 0x3C, 0xA4, 0x5A, 0xCB, 0x4D, 0xB2,
    0x9B, 0xEC, 0xE6, 0x8E, 0x02, 0x48, 0xCF, 0xC2, 0xFE, 0x33, 0xF1, 0x41, 0x6B, 0x99, 0x72, 0x16,
    0x72, 0x73, 0xB6, 0xA1, 0x52, 0x9A, 0x69, 0x92, 0x9B, 0x4E, 0xB9, 0x4B, 0x6A, 0x10, 0xE6, 0xF2,
    0xA5, 0xA6, 0x91, 0x61, 0x71, 0x66, 0xCE, 0x98, 0x49, 0xE3, 0x24, 0x09, 0x03, 0x59, 0x06, 0xB0,
    0x0B, 0x53, 0x27, 0x23, 0x1D, 0x8B, 0xBD, 0x52, 0x16, 0x94, 0x47, 0x3A, 0x19, 0x99, 0x13, 0x6A,
    0x61, 0x74, 0x1C, 0xC8, 0x35, 0xF1, 0xA7, 0xAE, 0xCB, 0x17, 0x6A, 0xFE, 0xC2, 0xFC, 0x72, 0x6C,
    0xD2, 0xED, 0x7A, 0xCB, 0x22, 0xCD, 0x61, 0x2D, 0x6C, 0xC0, 0x79, 0x94, 0x1A, 0xC2, 0xA1, 0xAB,
    0xD0, 0xFA, 0xFF, 0x7A, 0xC1, 0xCE, 0xCF, 0x58, 0xE5, 0x59, 0xCB, 0xE7, 0x2E, 0x18, 0xCF, 0x98,
    0x14, 0x27, 0xEE, 0x82, 0x1C, 0xB3, 0xDE, 0x22, 0x99, 0xCE, 0x3C, 0xDB, 0xB5, 0xA4, 0x9D, 0xB8,
    0x1A, 0xF7, 0xE9, 0x7B, 0xD3, 0x44, 0xC7, 0xF4, 0x29, 0xAB, 0xC1, 0xB1, 0xB5, 0x9E, 0x43, 0x41,
    0x4A, 0x6C, 0x8E, 0xAB, 0x21, 0x6F, 0x0B, 0xB9, 0x71, 0x49, 0x19, 0x0D, 0x0A, 0xBF, 0xFF, 0x0A,
    0x87, 0x22, 0xE9, 0x26, 0xC6, 0x29, 0x83, 0xA3, 0xDF, 0xB5, 0x78, 0x37, 0x09, 0x26, 0x86, 0xAB,
    0xD7, 0x8A, 0xEC, 0x63, 0xF0, 0x4A, 0x24, 0xAF, 0x8F, 0xF3, 0x59, 0x60, 0xD0, 0xFE, 0x29, 0x1F,
    0x3A, 0xB7, 0xC4, 0x0A, 0x83, 0xF2, 0x42, 0xDD, 0x2A, 0x76, 0x10, 0x22, 0x36, 0xF2, 0x94, 0x61,
    0xD5, 0xB0, 0x93, 0xF2, 0xA7, 0x3C, 0x29, 0x7F, 0x8A, 0xE4, 0x4F, 0x14, 0x7B, 0x62, 0x0D, 0x21,
    0x36, 0x07, 0x79, 0x5B, 0xD2, 0x66, 0x68, 0x25, 0x74, 0xFF, 0xF2, 0x0A, 0xBF, 0x35, 0x42, 0x9A,
    0x1F, 0x10, 0x3C, 0x3A, 0x2A, 0x48, 0x8D, 0xDD, 0x71, 0x25, 0x56, 0xC1, 0xE3, 0x44, 0xE4, 0xA9,
    0xB6, 0x7C, 0x9D, 0x21, 0x82, 0x70, 0x23, 0x53, 0xD2, 0xC4, 0xB3, 0x9D, 0xFA, 0x2A, 0x61, 0xBE,
    0xD3, 0xB5, 0xE0, 0x75, 0x73, 0x9C, 0x0C, 0xBF, 0x93, 0xE0, 0xD7, 0x9F, 0x67, 0x18, 0xBA, 0xE9,
    0xBD, 0xE7, 0x57, 0x1E, 0x38, 0x38, 0xEF, 0x3D, 0xFC, 0x79, 0xF6, 0x52, 0x9E, 0xAC, 0xDF, 0x0F,
    0xFA, 0x0D, 0x7E, 0xD3, 0xD0, 0x90, 0x5F, 0xBE, 0x2F, 0x50, 0x60, 0x20, 0xDE, 0x7F, 0x5F, 0x20,
    0xBF, 0x1F, 0xF4, 0xFC, 0xDF, 0xE9, 0x39, 0xAE, 0x8C, 0x4F, 0x78, 0x32, 0xC0, 0x4A, 0x0A, 0xFC,
    0x81, 0xB1, 0xAA, 0xE3, 0xC4, 0x58, 0xCD, 0x52, 0x1E, 0xC6, 0x3B, 0x9F, 0xBA, 0xF9, 0x21, 0xDD,
    0x13, 0xF6, 0xF2, 0x07, 0x5D, 0xDF, 0xBF, 0x48, 0x34, 0x99, 0x9E, 0x95, 0x9E, 0xA0, 0x3A, 0xB8,
    0x0E, 0xB2, 0x83, 0xED, 0xA0, 0xFB, 0x09, 0x52, 0x0F, 0xAD, 0x87, 0xD8, 0x43, 0xED, 0x21, 0xF7,
    0xD0, 0x7B, 0x08, 0x3E, 0x14, 0x1F, 0x92, 0x0F, 0xCD, 0x87, 0xE8, 0x43, 0xF5, 0x21, 0xFB, 0xD0,
    0x7D, 0x08, 0x3F, 0x94, 0x1F, 0xD2, 0x0F, 0xED, 0x07, 0xF9, 0x74, 0x88, 0x21, 0xFF, 0xD0, 0x7F,
    0x0C, 0x40, 0x4C, 0x40, 0x8C, 0x40, 0xCC, 0x00, 0x95, 0x12, 0x53, 0x10, 0x63, 0x10, 0x73, 0x10,
    0x83, 0x10, 0x7D, 0x8F, 0x23, 0x63, 0x16, 0x7C, 0x18, 0xEE, 0x4D, 0xC3, 0x6B, 0x79, 0xA3, 0x61,
    0xF6, 0x13, 0x78, 0x72, 0xA1, 0x09, 0x57, 0x0E, 0x47, 0x01, 0x11, 0xBE, 0x61, 0xE9, 0x91, 0x37,
    0xF2, 0xE9, 0x23, 0xE2, 0x7F, 0x75, 0x11, 0xAC, 0x9A, 0x20, 0xDF, 0x8B, 0xBA, 0x3D, 0xD7, 0x7C,
    0xD2, 0x46, 0x8A, 0xE1, 0xB0, 0x2A, 0xCF, 0x99, 0xC2, 0x28, 0x39, 0x96, 0x82, 0x7B, 0x89, 0x9C,
    0x13, 0x7A, 0x6D, 0x8E, 0xD6, 0x7C, 0xC6, 0xA8, 0x50, 0x10, 0x94, 0x0E, 0x6D, 0x2A, 0x61, 0xCD,
    0x12, 0xFA, 0x12, 0x7A, 0xB5, 0x05, 0x41, 0x4E, 0x06, 0x19, 0x41, 0x79, 0x85, 0x4A, 0x36, 0xFB,
    0xEC, 0x4F, 0xC9, 0x98, 0xF6, 0x76, 0xC1, 0x81, 0xAC, 0x67, 0x04, 0xCD, 0xE1, 0xA1, 0x97, 0x5D,
    0xB2, 0xA4, 0x39, 0xBA, 0xC8, 0xA2, 0x25, 0x6F, 0xE4, 0x23, 0xFD, 0x3C, 0x43, 0x2B, 0x05, 0x7E,
    0xC5, 0x9C, 0x7E, 0x4D, 0x7B, 0x46, 0xEF, 0x14, 0x66, 0x9F, 0x3F, 0xC8, 0x12, 0xC7, 0x7C, 0xD3,
    0x09, 0xC6, 0x5A, 0x6B, 0xB2, 0x4B, 0x03, 0xC9, 0x29, 0x2A, 0x5A, 0x3D, 0xBC, 0xDB, 0xE5, 0xAC,
    0xBB, 0x48, 0xEB, 0x4E, 0x9B, 0x1E, 0x89, 0x4D, 0x6A, 0xDA, 0x0E, 0x43, 0x42, 0x0E, 0xF4, 0x89,
    0x95, 0x77, 0x6A, 0xA5, 0xA1, 0x2D, 0x71, 0xF0, 0xF6, 0xA5, 0xDB, 0xF5, 0x59, 0xA2, 0x96, 0x35,
    0x47, 0xC9, 0x2C, 0x95, 0x4D, 0xD1, 0xA3, 0xA2, 0x4E, 0xDA, 0xFC, 0x72, 0x7B, 0xF5, 0xA4, 0x90,
    0xC3, 0x44, 0x50, 0x5E, 0x95, 0x76, 0x1E, 0x65, 0x60, 0x05, 0x50, 0x91, 0xAD, 0x89, 0x37, 0x64,
    0xA9, 0x70, 0x10, 0xBA, 0xDD, 0xE1, 0x11, 0xDA, 0x17, 0x89, 0x34, 0x08, 0x4F, 0xA1, 0xDD, 0x0F,
    0xBF, 0x9F, 0xC3, 0xE5, 0x2D, 0x73, 0xE0, 0xFD, 0x0E, 0x5D, 0x80, 0x46, 0x4B, 0x78, 0x3C, 0xDA,
    0x13, 0x2B, 0xFA, 0xEC, 0x0B, 0x89, 0x8B, 0x7C, 0xAC, 0xB4, 0x8B, 0x54, 0xD0, 0xE3, 0x6A, 0xDA,
    0x06, 0xE0, 0x9A, 0xBF, 0x5C, 0x6E, 0xA4, 0xE1, 0x7D, 0x4F, 0x68, 0xC5, 0xDD, 0x86, 0x4C, 0x51,
    0xBF, 0x25, 0x5C, 0xBA, 0x7D, 0x77, 0xA3, 0x56, 0x3F, 0xAE, 0x58, 0x50, 0xCD, 0x11, 0x6F, 0xDC,
    0xB2, 0x8C, 0x33, 0x6D, 0x81, 0x96, 0x37, 0x48, 0xD8, 0xEA, 0x60, 0x71, 0xCC, 0xA4, 0xD9, 0xC2,
    0x4A, 0x47, 0xEB, 0xBF, 0xA1, 0x14, 0x39, 0xE6, 0xBB, 0x79, 0xF5, 0xC6, 0x9B, 0xF9, 0xE5, 0x0A,
    0xE1, 0x1D, 0xFE, 0xE9, 0x52, 0xFA, 0xCD, 0xCF, 0x5B, 0xFE, 0xC2, 0x7A, 0xFC, 0xCA, 0xD9, 0x25,
    0x5D, 0x0F, 0x3A, 0xFC, 0x5C, 0x61, 0x2A, 0x70, 0x52, 0xB3, 0x7B, 0xA1, 0x02, 0xCA, 0x3D, 0xBC,
    0xDE, 0x47, 0x94, 0xBD, 0xE1, 0x94, 0xD6, 0xE1, 0xC5, 0xA3, 0xE4, 0x7D, 0x8F, 0xA9, 0x69, 0x7C,
    0x72, 0xCE, 0xF8, 0x09, 0xB8, 0x31, 0x0A, 0x01, 0x1C, 0xE1, 0xD9, 0x22, 0xC9, 0xC0, 0x9E, 0x55,
    0xE8, 0xE9, 0x6D, 0x1A, 0x3F, 0xC7, 0xF7, 0x09, 0xBB, 0x34, 0xD0, 0x90, 0x39, 0x0E, 0xF7, 0x04,
    0xD0, 0x94, 0x19, 0x1C, 0x9E, 0xBC, 0x7E, 0xE4, 0xC9, 0x77, 0xF0, 0xE4, 0xF5, 0x23, 0x4F, 0x1E,
    0xBB, 0x27, 0x9F, 0x63, 0xF3, 0xE4, 0x0B, 0xAC, 0x96, 0xF2, 0x05, 0x98, 0xCD, 0x03, 0x30, 0x86,
    0xD7, 0x5B, 0x7C, 0x60, 0xB7, 0xE4, 0x29, 0x26, 0x4F, 0xF9, 0xBB, 0x50, 0xAE, 0x2F, 0xEB, 0x58,
    0xD7, 0xC2, 0xD5, 0xD3, 0x9A, 0x53, 0xB8, 0x73, 0xD0, 0x89, 0xB5, 0xFD, 0xD8, 0xE2, 0xF6, 0x2B,
    0x94, 0x1A, 0x62, 0x0D, 0xBD, 0xD2, 0x51, 0xC9, 0x6A, 0x45, 0xD4, 0xAB, 0xED, 0x4C, 0x52, 0xE4,
    0xAA, 0x3D, 0x21, 0x9C, 0xE9, 0x0D, 0x15, 0x7C, 0x06, 0xF0, 0x77, 0xA5, 0xA7, 0x50, 0xEE, 0x35,
    0xFB, 0x92, 0x45, 0x96, 0xBE, 0xBB, 0x87, 0x0A, 0x6D, 0x89, 0x6F, 0xAE, 0x75, 0xDB, 0x2B, 0x4F,
    0x67, 0x4C, 0x35, 0x94, 0xA6, 0x13, 0xE6, 0x46, 0x1D, 0x8D, 0xD6, 0x1C, 0xEE, 0x74, 0xBB, 0xD4,
    0xD0, 0xB0, 0x89, 0x7D, 0xB2, 0xBD, 0x58, 0xE1, 0x9B, 0x84, 0x9E, 0x84, 0x03, 0xD0, 0x4C, 0xF5,
    0xD0, 0x4D, 0x87, 0x2B, 0x53, 0xF2, 0x98, 0x5D, 0x0D, 0x2E, 0x56, 0xFF, 0xED, 0xCD, 0x4B, 0x17,
    0xDE, 0x5B, 0x11, 0xEB, 0x7F, 0x66, 0x90, 0x83, 0x74, 0x9F, 0xD8, 0x12, 0x83, 0xE1, 0xDE, 0x3E,
    0x22, 0xB0, 0x0F, 0x01, 0xF6, 0x78, 0xD6, 0x9C, 0x02, 0x98, 0xCE, 0xC6, 0x41, 0x55, 0xC2, 0x6A,
    0xAE, 0x09, 0xB6, 0x78, 0x0E, 0x78, 0x85, 0xE3, 0x72, 0xF3, 0x9F, 0x3D, 0x8A, 0x00, 0xE6, 0x40,
    0x28, 0x95, 0x52, 0xC2, 0xCE, 0x1C, 0xD8, 0xA1, 0x3A, 0x60, 0xFD, 0x89, 0x7D, 0x1B, 0x41, 0x0B,
    0x06, 0x7D, 0xD9, 0xB1, 0x22, 0xAE, 0x12, 0x42, 0x4B, 0x38, 0x84, 0xB0, 0x46, 0x79, 0x3F, 0xBA,
    0xC8, 0xCE, 0x41, 0xBB, 0x1B, 0xE3, 0x4C, 0x6B, 0x8B, 0xB5, 0xF8, 0xEE, 0xF2, 0xB9, 0x94, 0x0C,
    0x56, 0x79, 0xC8, 0x58, 0xAB, 0x2F, 0x12, 0x6E, 0xEB, 0xAE, 0x48, 0x72, 0x4D, 0x8E, 0x9B, 0xB0,
    0x3D, 0x59, 0x69, 0x1F, 0x7C, 0x4E, 0x01, 0x2D, 0xAD, 0x13, 0x21, 0x85, 0xCF, 0xB3, 0xDB, 0xC7,
    0xB6, 0x2C, 0x43, 0xBC, 0xB8, 0x56, 0x5B, 0x02, 0x23, 0xED, 0x40, 0x4B, 0x06, 0x77, 0xEF, 0xEC,
    0xDD, 0x37, 0x99, 0xE7, 0x2A, 0x90, 0xB4, 0x8B, 0xBD, 0x53, 0x76, 0xD0, 0xF4, 0x7B, 0xAB, 0x21,
    0xC1, 0x1A, 0x9D, 0x61, 0x33, 0x82, 0x4E, 0x58, 0x4C, 0x0F, 0xC6, 0x6A, 0xC1, 0x57, 0x15, 0xDB,
    0x45, 0xB1, 0x9E, 0x2C, 0xC3, 0x1C, 0xFF, 0x84, 0xF7, 0xE6, 0x07, 0xCC, 0x74, 0x58, 0x3D, 0xB3,
    0x47, 0xBC, 0x26, 0x1E, 0xF7, 0xDE, 0xD9, 0x16, 0xA2, 0xB0, 0xB3, 0x8C, 0xE3, 0x1F, 0x9D, 0xE9,
    0x84, 0x20, 0xF8, 0xDD, 0x0E, 0x16, 0xEF, 0x30, 0x31, 0x66, 0xD8, 0xAC, 0x89, 0x27, 0x2C, 0xFE,
    0x30, 0xC1, 0x54, 0x78, 0xE3, 0x07, 0x63, 0xB3, 0x83, 0x93, 0x8B, 0x5D, 0x63, 0xEB, 0x5F, 0xAB,
    0x64, 0x1A, 0xB2, 0xD0, 0x34, 0x95, 0x5F, 0x96, 0x94, 0xB0, 0xD9, 0x2B, 0x75, 0xC7, 0x63, 0x83,
    0xEE, 0x60, 0x3C, 0x48, 0x8F, 0x06, 0x32, 0x49, 0x73, 0x5E, 0x5E, 0x93, 0x1F, 0xEA, 0x75, 0x70,
    0x87, 0x99, 0xD1, 0x11, 0x77, 0x3C, 0x5E, 0x81, 0x7B, 0x8F, 0x15, 0x8F, 0xA5, 0x69, 0xB3, 0xA9,
    0x1D, 0x5A, 0x8E, 0x0C, 0xB9, 0xC5, 0xA6, 0x39, 0xAB, 0x08, 0x98, 0xB2, 0x74, 0x87, 0x35, 0xA1,
    0x41, 0x03, 0x3F, 0x61, 0x77, 0xA2, 0x16, 0x8B, 0x8F, 0xC9, 0xB5, 0x3C, 0x38, 0x8A, 0xE1, 0xEE,
    0xE7, 0x1F, 0x77, 0x32, 0xEB, 0xB4, 0x3D, 0xD1, 0x2F, 0xD2, 0x35, 0x32, 0xDC, 0xDF, 0x30, 0x91,
    0xCA, 0xAF, 0xA9, 0xD1, 0x0E, 0x99, 0x62, 0x86, 0x5D, 0xE0, 0x3C, 0x26, 0x40, 0x29, 0x97, 0x8E,
    0x8F, 0x93, 0x81, 0xFD, 0x8D, 0x8D, 0x1B, 0xBA, 0x0D, 0x2A, 0x83, 0x49, 0x93, 0x95, 0xBC, 0xF8,
    0x04, 0xB3, 0x27, 0x3E, 0x39, 0x0E, 0x8E, 0x2D, 0x31, 0x12, 0x9E, 0xE4, 0x41, 0x11, 0x1F, 0xC2,
    0xE3, 0x5D, 0xC4, 0xC3, 0x5D, 0x11, 0x93, 0x3C, 0x13, 0xF1, 0xEA, 0x22, 0xE6, 0x71, 0x21, 0xE2,
    0xD3, 0x7B, 0x22, 0x4E, 0x2E, 0xE2, 0x7F, 0x78, 0x86, 0xF8, 0xF6, 0xAE, 0x88, 0xF3, 0x0B, 0x80,
    0x77, 0x6F, 0x29, 0x4B, 0x5B, 0x73, 0x05, 0x9D, 0x89, 0xD9, 0x92, 0x31, 0x77, 0x86, 0xF7, 0x9C,
    0x67, 0x9F, 0x00, 0xC7, 0x95, 0x73, 0x0D, 0x17, 0x71, 0x6D, 0x0E, 0x76, 0xD3, 0x6E, 0x8E, 0x55,
    0xB5, 0xCB, 0xFE, 0x97, 0x4E, 0x3C, 0x7F, 0x1B, 0x73, 0x2E, 0x55, 0x0C, 0x2C, 0x89, 0x94, 0x65,
    0x14, 0xF1, 0x2A, 0x2E, 0xE2, 0x4D, 0x28, 0x62, 0x16, 0xEA, 0x22, 0xE6, 0x4D, 0x24, 0xE4, 0x7F,
    0x23, 0xAC, 0xD9, 0xFE, 0x64, 0xE1, 0x95, 0xD7, 0x5D, 0x5B, 0xB5, 0x81, 0x0D, 0xF1, 0x69, 0xC2,
    0xE2, 0xB1, 0xE0, 0x43, 0x82, 0xC2, 0xDA, 0x58, 0x9B, 0xAF, 0xA7, 0x29, 0x1A, 0xAB, 0x93, 0xF9,
    0x6F, 0xED, 0x9D, 0x31, 0xAC, 0xE5, 0xC6, 0x75, 0x86, 0x0F, 0x49, 0xAF, 0x2E, 0x20, 0x16, 0x44,
    0x00, 0x2F, 0x02, 0xAC, 0x0B, 0x36, 0x69, 0xB2, 0x0D, 0xFB, 0x22, 0xB8, 0x4C, 0x5C, 0xA8, 0x48,
    0xE1, 0x35, 0xB0, 0x9B, 0x56, 0x4D, 0x1A, 0x6F, 0xB3, 0x7D, 0x13, 0x52, 0x71, 0xA9, 0x22, 0x1B,
    0x20, 0xAE, 0xDC, 0xA8, 0x50, 0xB1, 0xFB, 0x52, 0xA4, 0x4D, 0x25, 0xD2, 0x49, 0x91, 0xD2, 0x37,
    0x49, 0xE1, 0x32, 0x4C, 0x22, 0xBB, 0x70, 0x8A, 0x10, 0x09, 0x05, 0x53, 0x12, 0xC9, 0x93, 0x37,
    0xE7, 0x9F, 0x1F, 0xC7, 0x22, 0xDE, 0x95, 0xAC, 0x58, 0xD8, 0xF5, 0xBE, 0x77, 0x07, 0x5A, 0xFE,
    0x83, 0x77, 0x2F, 0xC9, 0x99, 0x33, 0xDF, 0x9C, 0xE1, 0x9C, 0x19, 0x5E, 0x89, 0x88, 0x3C, 0xBC,
    0xFA, 0x20, 0x88, 0x1C, 0x75, 0x34, 0x55, 0x68, 0x12, 0x35, 0x8B, 0x7A, 0x50, 0x9D, 0x82, 0x16,
    0xDA, 0x99, 0x96, 0xDA, 0x98, 0x1E, 0xD7, 0xE3, 0x1C, 0xB4, 0x59, 0xA0, 0x3A, 0x1D, 0x17, 0x3B,
    0x7D, 0x34, 0xCD, 0xF4, 0x64, 0x9A, 0x6B, 0x6F, 0x5A, 0x68, 0x6D, 0x5A, 0xA9, 0x1C, 0x57, 0x3B,
    0x5D, 0xAA, 0xA0, 0xDD, 0x02, 0xD5, 0x49, 0xAA, 0x4D, 0x24, 0xD5, 0xCF, 0xAE, 0xBA, 0xCD, 0xEE,
    0xAE, 0xAA, 0xE1, 0x74, 0x68, 0x19, 0xF5, 0x18, 0xB5, 0x89, 0xAA, 0x6B, 0xF8, 0xAC, 0x4E, 0x74,
    0xB6, 0x5B, 0x64, 0x3A, 0x9A, 0x1E, 0x74, 0x08, 0xDA, 0x16, 0xDA, 0x9B, 0x96, 0xDA, 0x06, 0xED,
    0x8F, 0x8A, 0x22, 0x35, 0x1B, 0x54, 0xCE, 0xA6, 0x54, 0xA1, 0x76, 0x05, 0x57, 0x29, 0x77, 0x5A,
    0xA8, 0x89, 0x24, 0x2F, 0xA0, 0xF7, 0x6A, 0x18, 0x71, 0xCD, 0xB4, 0x96, 0x42, 0xF5, 0x4F, 0x51,
    0xE8, 0x9F, 0xAA, 0x88, 0xAA, 0xEA, 0x26, 0x29, 0x24, 0xD3, 0x35, 0xD7, 0x55, 0x0A, 0x1D, 0x53,
    0x5D, 0xAE, 0xE5, 0x94, 0x5C, 0x4B, 0xA5, 0xAD, 0xE8, 0x2C, 0x47, 0xAD, 0x45, 0xA7, 0x6B, 0x91,
    0xE4, 0x5A, 0x9A, 0x2D, 0x18, 0x55, 0xBA, 0x55, 0xD2, 0x6B, 0xD1, 0x45, 0x32, 0x1D, 0x20, 0xA7,
    0x20, 0xB9, 0xF6, 0x41, 0x0A, 0x48, 0x15, 0x64, 0x93, 0x4E, 0x5B, 0xE9, 0xF4, 0x4F, 0x54, 0x6B,
    0x69, 0x68, 0x38, 0x93, 0x4A, 0xF5, 0xA7, 0x5B, 0x28, 0xB5, 0x16, 0x6B, 0xA8, 0xE4, 0x1C, 0x44,
    0xEE, 0xD7, 0x37, 0x58, 0xA0, 0x9C, 0x4C, 0xBA, 0xC5, 0x44, 0xD7, 0x2F, 0xC8, 0x02, 0xC1, 0x57,
    0x1E, 0xB4, 0x3C, 0x27, 0x79, 0x5A, 0x0B, 0xA0, 0x99, 0xA3, 0x2A, 0x15, 0x76, 0x79, 0x07, 0x2A,
    0x99, 0x52, 0x4D, 0xE4, 0xD9, 0x6A, 0x12, 0xEA, 0x0B, 0xAD, 0xA1, 0x9B, 0xDC, 0x94, 0xC8, 0xEE,
    0x85, 0x5D, 0x1A, 0x0D, 0x95, 0x8E, 0xD2, 0x42, 0x7A, 0xFB, 0x90, 0xD2, 0xBA, 0xD9, 0xA5, 0x81,
    0xB5, 0x69, 0x3C, 0xD8, 0xFA, 0x4A, 0x90, 0x6E, 0x0B, 0xC6, 0xDD, 0x48, 0xFB, 0xE8, 0xC9, 0xF4,
    0xC9, 0xA3, 0x48, 0x5B, 0xA6, 0x4B, 0xB1, 0x08, 0xC0, 0x58, 0xAB, 0x21, 0x92, 0xA4, 0x82, 0xA4,
    0xFF, 0x43, 0x36, 0xB5, 0x65, 0x27, 0x5F, 0xE5, 0x88, 0xAF, 0xBD, 0xFD, 0x5C, 0xDE, 0x06, 0x7A,
    0xE7, 0xB9, 0x74, 0x32, 0x9D, 0x4D, 0xA7, 0xD3, 0xF9, 0x74, 0x42, 0x9D, 0x51, 0xA7, 0xD4, 0x39,
    0x75, 0x52, 0x9D, 0x55, 0xA7, 0xD5, 0x79, 0x75, 0x62, 0x9D, 0x59, 0xA7, 0xD6, 0xB9, 0x75, 0x72,
    0x9D, 0x5D, 0xA7, 0xD7, 0xF9, 0x75, 0x82, 0x9D, 0x61, 0xA7, 0xD8, 0x39, 0x16, 0x92, 0x2C, 0x42,
    0x96, 0x45, 0x48, 0xB3, 0x08, 0x79, 0x36, 0x88, 0x63, 0x8E, 0x4C, 0x8B, 0x90, 0x6A, 0x91, 0x73,
    0x3E, 0x99, 0xC6, 0xB0, 0x56, 0xBC, 0x7A, 0x91, 0xE1, 0xEA, 0x5B, 0x8E, 0x1E, 0xAA, 0xE5, 0x20,
    0xC6, 0x43, 0x8B, 0x36, 0xB7, 0xF3, 0x53, 0x6D, 0xAD, 0xBD, 0xF2, 0x55, 0x8A, 0x49, 0x98, 0x76,
    0x78, 0x3B, 0xDF, 0x04, 0x9C, 0x84, 0x47, 0xC4, 0xC9, 0x38, 0x21, 0x27, 0xE5, 0xC4, 0x9C, 0x9C,
    0x13, 0x74, 0x92, 0x4E, 0xD4, 0xC9, 0x3A, 0x61, 0x27, 0xED, 0xC4, 0x9D, 0xBC, 0x13, 0x78, 0x12,
    0x4F, 0xE4, 0xC9, 0x3C, 0xA1, 0x27, 0xF5, 0x11, 0x7B, 0xE7, 0xDE, 0xC1, 0xAF, 0x66, 0x68, 0xC4,
    0x5B, 0x0E, 0xCB, 0x35, 0xF5, 0xE1, 0x9B, 0x5B, 0x06, 0x97, 0xDD, 0x15, 0xBA, 0x92, 0x77, 0xA7,
    0x9D, 0xAC, 0x93, 0xF4, 0x33, 0x9C, 0x5F, 0x3C, 0x2F, 0xF4, 0xDE, 0xE3, 0x5F, 0x37, 0xF2, 0x61,
    0x35, 0x49, 0xF5, 0x1A, 0xCE, 0x50, 0xB4, 0xEF, 0x06, 0x64, 0xA4, 0x7A, 0x5F, 0x55, 0x48, 0x26,
    0xC1, 0x8C, 0x5C, 0x3A, 0x96, 0xB7, 0xCB, 0xE5, 0x3E, 0x78, 0x4E, 0xE7, 0xB7, 0x30, 0xB3, 0x42,
    0xE5, 0xF7, 0x36, 0x7E, 0xC9, 0x32, 0xC9, 0x93, 0x47, 0x87, 0x05, 0x9C, 0xCC, 0xD5, 0x00, 0x50,
    0x96, 0x2A, 0x82, 0xB5, 0xDD, 0x03, 0x59, 0xFF, 0xA9, 0x35, 0x90, 0xAA, 0xB5, 0x8F, 0xF6, 0x3E,
    0x9E, 0x70, 0x9F, 0xC0, 0xE7, 0x57, 0x78, 0x60, 0x02, 0x4A, 0x42, 0x89, 0xA8, 0x33, 0x4A, 0x48,
    0x9D, 0x52, 0x62, 0xEA, 0x9C, 0x12, 0x54, 0x92, 0xEA, 0xA8, 0x92, 0x55, 0x87, 0x95, 0xB4, 0x3A,
    0xAE, 0xE4, 0xD5, 0x81, 0x25, 0xB1, 0x44, 0xD6, 0x99, 0x25, 0xB4, 0x4E, 0x2D, 0xB1, 0x75, 0x6E,
    0x09, 0xAE, 0xFB, 0x59, 0xA2, 0xEB, 0x5E, 0x96, 0xF0, 0xBA, 0x8F, 0x25, 0xBE, 0x3B, 0x0F, 0x9B,
    0x73, 0xB8, 0xD9, 0xA2, 0x2A, 0x1B, 0x2D, 0x6A, 0x23, 0xE6, 0x70, 0xF3, 0x55, 0xCC, 0x05, 0x16,
    0x43, 0x74, 0x3D, 0x2D, 0x8A, 0x56, 0x9F, 0x71, 0xB8, 0xE3, 0x5D, 0x72, 0xB8, 0x9E, 0xF2, 0x4F,
    0x65, 0x05, 0x77, 0x3F, 0x33, 0x06, 0x14, 0x70, 0x25, 0xDB, 0x33, 0xA3, 0x2D, 0x9D, 0x52, 0x0C,
    0x51, 0x8F, 0x38, 0xC1, 0xB8, 0xFA, 0x50, 0x40, 0x0F, 0x87, 0xE9, 0x38, 0x34, 0x7F, 0xAE, 0xA0,
    0xEB, 0x3D, 0x6D, 0xE1, 0x90, 0x9B, 0xD3, 0x39, 0xE6, 0x2F, 0x0E, 0x19, 0x6A, 0x66, 0xBD, 0x6F,
    0xF9, 0xBA, 0x33, 0x5B, 0x7C, 0xB6, 0x5A, 0xB7, 0x31, 0xDB, 0x6E, 0xB9, 0x99, 0x60, 0x91, 0xAE,
    0x75, 0xB3, 0xA5, 0x1A, 0xFD, 0xCF, 0x06, 0x6B, 0x68, 0x90, 0xEE, 0x13, 0x78, 0xE9, 0xBE, 0x3B,
    0x99, 0xE5, 0xCB, 0xF1, 0x16, 0x7A, 0x69, 0x01, 0x16, 0xAB, 0x00, 0x07, 0x8D, 0xF4, 0x69, 0x1D,
    0xE9, 0xEB, 0xD1, 0xEC, 0x8A, 0xEE, 0x2E, 0xC7, 0x80, 0xC9, 0x71, 0x96, 0x72, 0x11, 0xA6, 0x57,
    0x43, 0xE1, 0x25, 0x98, 0xE0, 0xA7, 0x2B, 0x27, 0xD1, 0x60, 0xB5, 0x0F, 0xA6, 0xDA, 0xF4, 0x14,
    0x2C, 0x34, 0x74, 0x63, 0xF8, 0xA8, 0xAD, 0x82, 0x7F, 0x5C, 0x03, 0xB5, 0x9E, 0x2E, 0x21, 0x09,
    0x9B, 0xF7, 0xD5, 0xD1, 0x8A, 0xD0, 0x43, 0x04, 0xB9, 0x00, 0x99, 0xF3, 0xF1, 0x2F, 0x97, 0xF0,
    0xE9, 0xFC, 0x83, 0x6C, 0x0E, 0xBA, 0xE0, 0x83, 0x44, 0xFF, 0xBA, 0x1B, 0x40, 0xB2, 0xF6, 0x20,
    0x5B, 0x63, 0x1B, 0xCD, 0xA6, 0xF2, 0x83, 0xFA, 0xD2, 0x13, 0xBE, 0xA4, 0x27, 0x5C, 0xB5, 0xE2,
    0x81, 0x9C, 0xCC, 0xDA, 0xE8, 0x71, 0x31, 0x3E, 0x16, 0x49, 0x96, 0xEA, 0xBD, 0x50, 0xE4, 0xE5,
    0x7E, 0x16, 0x44, 0xF1, 0x2C, 0xDC, 0xFD, 0xD2, 0xEC, 0x72, 0x84, 0xB5, 0x4B, 0x12, 0x3F, 0xC9,
    0x59, 0x9C, 0x97, 0xDF, 0x0C, 0xE7, 0xFC, 0x77, 0x0C, 0xE7, 0x38, 0x79, 0xE0, 0xB4, 0x41, 0xD2,
    0x0D, 0x2A, 0xC0, 0xCB, 0x79, 0x7C, 0xFB, 0x87, 0x5F, 0xCA, 0x63, 0x13, 0x79, 0x2C, 0x2F, 0x3C,
    0xFE, 0x06, 0x3C, 0xA6, 0x2F, 0xBF, 0xE0, 0x88, 0x21, 0x8F, 0x8F, 0xAD, 0xF1, 0x58, 0xFC, 0xC4,
    0x78, 0x4C, 0xBE, 0xEB, 0x3C, 0x8A, 0x82, 0xC7, 0x06, 0xD6, 0xAE, 0x6E, 0x2F, 0x8F, 0x72, 0x6C,
    0xA1, 0xCD, 0x08, 0xFD, 0xFD, 0x09, 0x9A, 0x45, 0xAD, 0x76, 0x7E, 0xF2, 0x8F, 0xB2, 0x6F, 0x9C,
    0xCB, 0xCB, 0x13, 0xC3, 0x71, 0x80, 0xC0, 0x66, 0xC9, 0x02, 0x5A, 0x67, 0xA3, 0xB4, 0xFC, 0x82,
    0xD7, 0xFC, 0xC3, 0xEC, 0x2E, 0x52, 0xCA, 0x94, 0x6F, 0xF2, 0x11, 0xA8, 0xF9, 0x05, 0xE6, 0xD5,
    0x8A, 0x71, 0x7F, 0xCD, 0xD5, 0x68, 0x9C, 0xA5, 0xE3, 0x39, 0x60, 0x18, 0xB6, 0xCC, 0x16, 0xC9,
    0x8C, 0x5E, 0xFD, 0xD1, 0xB3, 0x29, 0xD2, 0x3A, 0x44, 0x5A, 0x5B, 0x60, 0xB5, 0x5E, 0x68, 0xFD,
    0x4A, 0x5A, 0x93, 0x3F, 0x97, 0x07, 0x62, 0xDF, 0x69, 0x30, 0x56, 0x6F, 0x3E, 0xCB, 0xFA, 0x28,
    0x35, 0x13, 0xBC, 0x90, 0x07, 0xB4, 0xA0, 0x39, 0x09, 0x59, 0x6D, 0x15, 0x07, 0xD0, 0xFE, 0xB2,
    0x9B, 0xD1, 0x66, 0x23, 0x68, 0xED, 0xCD, 0x64, 0x9F, 0xCA, 0x6D, 0x7C, 0x64, 0x05, 0x75, 0x87,
    0x25, 0xE8, 0x2A, 0xC5, 0x1C, 0x54, 0x7F, 0xD4, 0x8D, 0x46, 0xA1, 0xEA, 0x8D, 0x3E, 0x33, 0xD7,
    0x8F, 0xE5, 0x75, 0xCC, 0xB2, 0x2E, 0xB3, 0x2C, 0x83, 0x34, 0xDD, 0xAE, 0x45, 0xE5, 0xB0, 0x06,
    0xF9, 0xF9, 0xB3, 0xC5, 0xA3, 0x38, 0x8D, 0xAA, 0x2F, 0x33, 0xC8, 0x5B, 0x1C, 0xDA, 0x2E, 0xB3,
    0xAC, 0x18, 0xCA, 0xBA, 0x4E, 0xCF, 0x01, 0x40, 0x2F, 0x07, 0x13, 0x60, 0xD0, 0x4A, 0xE1, 0x62,
    0x76, 0x81, 0xB7, 0x85, 0x54, 0x5A, 0x83, 0x66, 0x71, 0x91, 0x66, 0x83, 0xAC, 0x26, 0x1D, 0xBA,
    0x8A, 0xBA, 0x9C, 0x24, 0xC1, 0x0D, 0x52, 0x75, 0x69, 0x25, 0x63, 0x17, 0x18, 0x82, 0x1C, 0x20,
    0xB9, 0x9E, 0x1C, 0x04, 0x97, 0x58, 0x86, 0x1A, 0x65, 0x50, 0xDD, 0x60, 0xA5, 0x15, 0xB2, 0x00,
    0x55, 0x0A, 0xCA, 0x30, 0x9F, 0x85, 0x6E, 0x13, 0x5E, 0xD4, 0x11, 0xAB, 0x28, 0xAD, 0xF3, 0x26,
    0xE9, 0x87, 0x11, 0xB4, 0x27, 0xB5, 0x11, 0x35, 0x8B, 0x99, 0xAA, 0xB6, 0x8E, 0xD2, 0xDB, 0x5D,
    0xC6, 0x44, 0xF5, 0xC7, 0x3A, 0x66, 0x3A, 0x27, 0x3A, 0xE5, 0xA1, 0xB5, 0xA7, 0x42, 0xFB, 0xEB,
    0x7C, 0x65, 0xFD, 0xE4, 0xA8, 0x52, 0xEA, 0xD0, 0xE8, 0x53, 0xD5, 0xBE, 0x33, 0x83, 0x86, 0xE3,
    0x02, 0xB3, 0x84, 0xE3, 0xC7, 0x6C, 0x20, 0xF5, 0x63, 0xE0, 0x47, 0xBE, 0x25, 0x8D, 0xD6, 0xC9,
    0xDF, 0x87, 0xC0, 0x58, 0x37, 0x5B, 0x9D, 0x67, 0xC9, 0xED, 0x98, 0x82, 0xF0, 0x67, 0xBA, 0xD5,
    0x28, 0xDA, 0x8E, 0x85, 0xD9, 0x1B, 0x03, 0xAB, 0x83, 0xBA, 0x39, 0x0E, 0x8D, 0x7D, 0xCA, 0xB0,
    0xFF, 0x5B, 0x2F, 0x63, 0x3B, 0x9E, 0x20, 0x13, 0x64, 0x0E, 0xF2, 0x07, 0xCD, 0xC2, 0xEB, 0x99,
    0x65, 0x26, 0x81, 0xE3, 0x71, 0xDB, 0xC1, 0x45, 0xCA, 0x3E, 0x7E, 0x7C, 0xF7, 0xF8, 0x4A, 0xF5,
    0x63, 0x04, 0xE8, 0xEC, 0xA8, 0x38, 0xD6, 0x26, 0x7E, 0x3C, 0xA8, 0x77, 0x51, 0x1D, 0xCC, 0x96,
    0xBE, 0x88, 0xFF, 0xC6, 0x70, 0xF6, 0xB4, 0x0E, 0x3E, 0x38, 0xD3, 0x29, 0xB3, 0xB1, 0x60, 0x7B,
    0x77, 0x82, 0xC1, 0x46, 0x58, 0xEA, 0x24, 0xD2, 0xBC, 0x67, 0x2E, 0xB7, 0x93, 0x32, 0x98, 0xE3,
    0xDB, 0x22, 0x77, 0x13, 0x0E, 0xAC, 0xC8, 0x3E, 0x85, 0x95, 0x35, 0x30, 0xA2, 0x3F, 0xDB, 0xD0,
    0xAE, 0x8B, 0x48, 0x81, 0xEF, 0x14, 0x63, 0x15, 0xCA, 0x51, 0xF6, 0xA9, 0xB6, 0x1C, 0x8F, 0x76,
    0x34, 0x18, 0x0E, 0xE4, 0x21, 0x02, 0x01, 0x22, 0x04, 0x48, 0x08, 0x98, 0x10, 0x40, 0x21, 0xA0,
    0x42, 0x80, 0x85, 0x80, 0x0B, 0x01, 0x18, 0x02, 0x32, 0x4C, 0x16, 0x5A, 0x07, 0x70, 0x80, 0x88,
    0x9D, 0x10, 0x90, 0x48, 0x48, 0x44, 0x24, 0x32, 0x12, 0x21, 0x21, 0x25, 0xC0, 0xC4, 0x39, 0x81,
    0x71, 0x5B, 0x64, 0x72, 0xB5, 0xE1, 0xF6, 0x49, 0x0D, 0x5F, 0x52, 0xEA, 0x70, 0x1C, 0x50, 0xB5,
    0x51, 0xED, 0x24, 0xF6, 0xA6, 0x83, 0xFE, 0x55, 0x74, 0x3A, 0x6B, 0x16, 0xDB, 0x75, 0x48, 0xB4,
    0x06, 0x78, 0xE1, 0x3F, 0x39, 0x8F, 0x93, 0x10, 0x28, 0x21, 0x52, 0x42, 0xA8, 0x84, 0x58, 0x09,
    0xC1, 0x62, 0xB3, 0x12, 0x2E, 0xE2, 0xE5, 0x64, 0x31, 0xE3, 0x90, 0x39, 0x66, 0x0E, 0x1A, 0x51,
    0x13, 0x9A, 0x53, 0x88, 0x9B, 0x10, 0x38, 0x21, 0x72, 0x42, 0xE8, 0x88, 0x1D, 0xC1, 0x73, 0xF4,
    0x9C, 0x3A, 0x66, 0x58, 0x52, 0x47, 0xD0, 0x21, 0x24, 0x86, 0x42, 0x10, 0x85, 0x0C, 0x7A, 0xE6,
    0xEC, 0x58, 0x18, 0x8B, 0x92, 0xDA, 0x24, 0xE1, 0xEA, 0xC3, 0xC3, 0x66, 0xA5, 0x59, 0xCC, 0xA5,
    0x97, 0xBA, 0x1D, 0x4F, 0x1E, 0x40, 0x15, 0xFD, 0xF7, 0x58, 0xFC, 0xBA, 0xEB, 0xE1, 0xF6, 0x2B,
    0x77, 0xF9, 0x7B, 0x62, 0x89, 0x2C, 0x99, 0x25, 0xB4, 0xA4, 0x96, 0xD8, 0x92, 0x5B, 0x82, 0x4B,
    0x72, 0x89, 0x2E, 0xD9, 0x25, 0xBC, 0xA4, 0x97, 0xF8, 0xD2, 0xE0, 0x04, 0x98, 0xCC, 0xEE, 0x95,
    0x10, 0x93, 0x62, 0x62, 0x4C, 0x8E, 0x09, 0x32, 0x49, 0x26, 0xCA, 0x5E, 0x9D, 0xD8, 0x10, 0xDD,
    0x09, 0x50, 0x8C, 0xF7, 0xC2, 0xDF, 0x8B, 0xC9, 0x0A, 0x97, 0xCD, 0x8D, 0x8E, 0x44, 0x18, 0x00,
    0x13, 0x5F, 0xC2, 0x0B, 0x74, 0xEF, 0xA4, 0x0F, 0xBC, 0xF7, 0xC8, 0xB7, 0xB8, 0x14, 0x0B, 0xC2,
    0xCA, 0xD7, 0xB0, 0x89, 0xE8, 0x21, 0x7C, 0xEB, 0x58, 0xEA, 0x06, 0xCC, 0x08, 0x19, 0x10, 0xDB,
    0x01, 0xF6, 0xE6, 0x3C, 0x82, 0x3D, 0x8D, 0xAA, 0x43, 0xD4, 0x11, 0xFA, 0x0E, 0x03, 0x74, 0x23,
    0xFC, 0xE0, 0x33, 0x4C, 0x4D, 0x4E, 0xD8, 0x68, 0xA2, 0xE3, 0x02, 0x82, 0xA6, 0x47, 0xD6, 0x0E,
    0xDF, 0x5B, 0xE0, 0x02, 0x0F, 0x1B, 0x3D, 0xE0, 0x79, 0x07, 0x48, 0x90, 0x48, 0x12, 0x51, 0x22,
    0x4B, 0xA0, 0x88, 0x5A, 0xB3, 0x29, 0xC9, 0x13, 0x81, 0x22, 0x4A, 0x54, 0x32, 0x45, 0xA8, 0x48,
    0x15, 0xB1, 0x22, 0x57, 0x04, 0x8B, 0x64, 0x11, 0x2D, 0xB0, 0x45, 0xB8, 0x48, 0x17, 0xF1, 0x22,
    0x58, 0x54, 0x12, 0x46, 0xC4, 0x9C, 0x31, 0x42, 0x46, 0xCA, 0xC0, 0x17, 0x75, 0xEF, 0xDD, 0xB8,
    0x31, 0x70, 0x81, 0xC4, 0x1A, 0x44, 0x59, 0x6D, 0x01, 0xBF, 0xB4, 0x91, 0x6B, 0xA9, 0x4E, 0x16,
    0x40, 0xAA, 0x70, 0x25, 0xB3, 0xFE, 0xBF, 0x60, 0xE7, 0x9B, 0x04, 0x17, 0x57, 0xCE, 0xBC, 0xD6,
    0xAD, 0x1A, 0x90, 0x81, 0x53, 0x66, 0x3E, 0x78, 0x7B, 0x37, 0x78, 0xAF, 0xC8, 0xCA, 0x27, 0x40,
    0xA4, 0x2F, 0x57, 0xF1, 0xC7, 0x90, 0xB7, 0xAF, 0x5A, 0x00, 0x31, 0x78, 0xE0, 0x22, 0xD3, 0xFF,
    0x9E, 0x6D, 0x8B, 0x43, 0xBE, 0xDA, 0xB5, 0x6C, 0x02, 0x7F, 0x75, 0x4D, 0xE6, 0x5D, 0x7D, 0xC6,
    0x4B, 0x1E, 0xC9, 0x63, 0xDB, 0x90, 0x63, 0x9F, 0xFD, 0x17, 0x5A, 0x71, 0x92, 0x64, 0x0D, 0xAD,
    0x9C, 0x4E, 0xC9, 0x47, 0xB4, 0x7E, 0xA0, 0x02, 0x9B, 0xA6, 0xB0, 0x63, 0x0A, 0xDB, 0xA5, 0x42,
    0xB1, 0x6A, 0xED, 0x03, 0x70, 0xC7, 0xE1, 0x4D, 0xF4, 0x78, 0x30, 0xDB, 0x88, 0x7E, 0x31, 0xC1,
    0x8D, 0x2D, 0x66, 0xED, 0x7F, 0xDB, 0xEC, 0xA3, 0x5C, 0x6D, 0xD6, 0x99, 0x6A, 0x2F, 0x89, 0x9E,
    0x38, 0x88, 0xCA, 0x6F, 0xC3, 0xCB, 0x25, 0x20, 0x41, 0xA2, 0xE2, 0x4E, 0x27, 0xC6, 0xB9, 0xA4,
    0xFB, 0xCC, 0x6A, 0x73, 0xD2, 0xC1, 0x42, 0x81, 0x93, 0x1C, 0x67, 0x8C, 0xBB, 0x48, 0xB7, 0x3B,
    0x98, 0x01, 0x55, 0xC5, 0xB1, 0xB7, 0x63, 0x68, 0xBB, 0xEF, 0xDB, 0x31, 0x92, 0x67, 0x7F, 0xFF,
    0x8E, 0x19, 0xF5, 0x88, 0x6B, 0x9C, 0xEC, 0xD8, 0xEF, 0x8C, 0x74, 0x4D, 0xE3, 0x07, 0x56, 0xB8,
    0xD1, 0x98, 0x1C, 0xEC, 0x78, 0xB2, 0xBF, 0xB4, 0xC1, 0xDA, 0x13, 0x60, 0x40, 0xB3, 0x01, 0x05,
    0xD0, 0x48, 0x0A, 0x79, 0xDC, 0xC4, 0x2B, 0xB0, 0xB7, 0x4D, 0x62, 0x4C, 0xE0, 0x65, 0x80, 0x14,
    0xFE, 0x35, 0x1E, 0x07, 0x02, 0x18, 0xF9, 0xE3, 0xAD, 0xFC, 0x86, 0x8D, 0x9E, 0xAC, 0x01, 0xA3,
    0xFF, 0x37, 0xEE, 0x00, 0xE1, 0xCA, 0xA3, 0x07, 0x27, 0x0C, 0x15, 0x04, 0x25, 0xF0, 0xB2, 0x41,
    0xAA, 0x3C, 0x1C, 0x34, 0xB6, 0x91, 0x60, 0x58, 0xDF, 0xBF, 0x57, 0xF0, 0xC5, 0x3D, 0xE0, 0x35,
    0xEA, 0x88, 0xCA, 0xD9, 0xA1, 0xD9, 0x58, 0x3F, 0xAB, 0x9E, 0xF2, 0x90, 0x60, 0x2C, 0x9A, 0x50,
    0x27, 0x1E, 0x86, 0x70, 0xC3, 0x13, 0x6A, 0xC5, 0x0B, 0xEF, 0xAE, 0x2E, 0x7E, 0xF5, 0xDB, 0xD5,
    0x10, 0x9E, 0x88, 0x1D, 0x6E, 0x88, 0x81, 0x21, 0x43, 0x1E, 0x3B, 0x0F, 0xED, 0x86, 0x7C, 0xDC,
    0xCB, 0x3F, 0x06, 0xAB, 0x81, 0x7F, 0xDD, 0xC0, 0x7E, 0xB3, 0x88, 0x94, 0x83, 0x78, 0xC2, 0xA9,
    0x99, 0x0E, 0x66, 0xDF, 0x50, 0xD6, 0x42, 0x7B, 0xFB, 0x57, 0x6A, 0x6B, 0x46, 0xA9, 0xAC, 0x68,
    0xF8, 0xD7, 0x6C, 0x68, 0x73, 0x5D, 0xE2, 0xBF, 0xD9, 0xCA, 0x92, 0xEA, 0x14, 0x2E, 0xB3, 0xBB,
    0x54, 0x2F, 0xBC, 0xD4, 0xBE, 0x67, 0x36, 0xFB, 0x52, 0xCD, 0xB1, 0x17, 0x7A, 0x7A, 0xE6, 0x53,
    0x41, 0xEB, 0x73, 0xE8, 0xEE, 0x89, 0xC2, 0x2D, 0x1E, 0x7C, 0xE1, 0xE1, 0x6F, 0x55, 0x5B, 0x8B,
    0x40, 0x76, 0xE6, 0x8C, 0x42, 0x99, 0x4F, 0x89, 0x5A, 0xFC, 0x7B, 0xC8, 0xF0, 0xDD, 0xF1, 0x10,
    0x71, 0xCA, 0x75, 0x30, 0x2D, 0xF4, 0x64, 0x5A, 0x6A, 0x6F, 0x6A, 0xCE, 0xD2, 0x1C, 0x55, 0x1D,
    0xD5, 0x6E, 0x0D, 0xCD, 0x75, 0x30, 0x2D, 0xF4, 0xD4, 0x40, 0x7B, 0xD3, 0x32, 0xEA, 0x51, 0x5B,
    0x00, 0xAD, 0xB5, 0xA9, 0x6A, 0xF8, 0x93, 0xA4, 0xBA, 0x9A, 0x2F, 0x3E, 0xE8, 0x62, 0x03, 0x5D,
    0xA5, 0xA3, 0x14, 0xBA, 0xFD, 0x59, 0x80, 0x10, 0xC5, 0x6F, 0xB9, 0x4E, 0x00, 0x37, 0x3F, 0xC5,
    0x19, 0x6F, 0xCB, 0x59, 0x21, 0x62, 0x1F, 0x26, 0x67, 0x02, 0xF7, 0x24, 0x12, 0x56, 0x04, 0x95,
    0x3B, 0x9D, 0xA0, 0x0F, 0x5A, 0x3A, 0x71, 0x3B, 0x2B, 0xD8, 0x21, 0x27, 0x6E, 0xDA, 0xC2, 0x13,
    0x67, 0xAA, 0x1A, 0x6C, 0xB5, 0x1E, 0x82, 0x85, 0x86, 0x54, 0xA7, 0x60, 0x1F, 0x9D, 0x83, 0x55,
    0x74, 0x09, 0x75, 0xD3, 0x25, 0x00, 0xA0, 0x8B, 0x21, 0x30, 0xEB, 0x82, 0x63, 0x40, 0x40, 0x97,
    0xC0, 0xBF, 0x2E, 0x92, 0x85, 0x63, 0x20, 0x1F, 0x2B, 0x1E, 0x9D, 0x19, 0xA1, 0xD1, 0x3F, 0xD6,
    0x60, 0x1D, 0xD5, 0xCD, 0xAA, 0xB8, 0x98, 0x13, 0x1F, 0xBD, 0x33, 0xCE, 0x28, 0xDA, 0x2E, 0xE5,
    0xB3, 0x78, 0x07, 0x54, 0x14, 0x9C, 0x0E, 0x1D, 0x28, 0x0B, 0x77, 0xCA, 0x3A, 0x3F, 0xAA, 0xD4,
    0x3E, 0xEA, 0xC9, 0xF4, 0xFB, 0x1A, 0xB1, 0xEF, 0xA2, 0xC6, 0xCF, 0x73, 0x6D, 0xB9, 0x7F, 0x1D,
    0x3A, 0x44, 0x75, 0x6C, 0xBF, 0x82, 0xCB, 0x0B, 0x97, 0x69, 0x74, 0x77, 0x2B, 0x2C, 0x83, 0xE3,
    0xAF, 0xC7, 0xB1, 0x61, 0x68, 0x21, 0xB0, 0x89, 0x7A, 0x1C, 0x3B, 0xC1, 0x52, 0xC2, 0x9B, 0x44,
    0x67, 0xB9, 0x42, 0xB1, 0x61, 0x56, 0xEE, 0x3F, 0x11, 0x30, 0xA6, 0x9A, 0xF2, 0xBD, 0xBC, 0xF7,
    0xCD, 0x4C, 0x39, 0x21, 0xAC, 0x96, 0x6E, 0x88, 0xF0, 0x55, 0x23, 0x2C, 0x56, 0xE7, 0x8B, 0x65,
    0x5E, 0x70, 0x71, 0xF2, 0x2C, 0x6B, 0x84, 0x8D, 0xB4, 0x39, 0x6E, 0xE4, 0xCD, 0x81, 0x13, 0x12,
    0x47, 0xE4, 0x84, 0xCC, 0x09, 0xA1, 0x13, 0x52, 0x27, 0xC4, 0x4E, 0xC8, 0x9D, 0x10, 0x3C, 0x21,
    0x79, 0x42, 0xF4, 0x84, 0xEC, 0x09, 0xE1, 0x13, 0xD2, 0x27, 0xC4, 0x4F, 0xC8, 0x9F, 0x10, 0x40,
    0x21, 0x81, 0x42, 0x04, 0x85, 0x0C, 0x0A, 0x21, 0x14, 0x52, 0x28, 0xC4, 0x50, 0xC8, 0x21, 0x41,
    0x74, 0x12, 0x89, 0x22, 0x59, 0x24, 0x8C, 0xDF, 0x58, 0x9C, 0xF2, 0xF4, 0xE5, 0x71, 0x4A, 0xA8,
    0x11, 0x4A, 0x46, 0x23, 0xA5, 0x1E, 0xDA, 0x00, 0xA9, 0x22, 0x60, 0x55, 0x04, 0xB4, 0x8A, 0x80,
    0x57, 0x11, 0x10, 0x1B, 0x54, 0x4C, 0x9B, 0x0D, 0x0A, 0x6E, 0x91, 0x87, 0x62, 0xA0, 0x07, 0xBD,
    0xA6, 0x19, 0x34, 0x10, 0x1C, 0x14, 0x0D, 0x07, 0x8A, 0x45, 0xC0, 0xB1, 0x08, 0x48, 0x96, 0xC8,
    0xB2, 0x44, 0x9A, 0x85, 0x3C, 0x93, 0x68, 0xAF, 0x4E, 0xBE, 0x41, 0x33, 0x85, 0x26, 0x5A, 0xDF,
    0xB7, 0x8F, 0x9A, 0x1E, 0x06, 0x2A, 0xFF, 0x15, 0x67, 0x12, 0x68, 0xF2, 0x4C, 0x9C, 0x49, 0xF3,
    0x59, 0x98, 0x2F, 0x5E, 0xD3, 0x41, 0xFD, 0xFF, 0x05, 0x37, 0x4F, 0x4E, 0xE5, 0x1B, 0xE6, 0x2F,
    0x7D, 0xF2, 0x99, 0x2B, 0x33, 0xDA, 0x22, 0xF3, 0x2D, 0x8E, 0xB2, 0x52, 0xB5, 0xE6, 0x4A, 0x1F,
    0x27, 0xD8, 0xD4, 0xA5, 0x7A, 0x80, 0x65, 0x54, 0xDF, 0x89, 0xF3, 0x68, 0xFD, 0x09, 0x66, 0xEC,
    0x4B, 0x0C, 0x05, 0x28, 0xD8, 0x0B, 0xD6, 0x29, 0xE6, 0x78, 0x9F, 0xF4, 0x1B, 0x73, 0xA5, 0x17,
    0x57, 0xCA, 0x79, 0x42, 0xB5, 0x40, 0x36, 0x13, 0xE9, 0x20, 0x9B, 0x79, 0xD5, 0xD2, 0xEC, 0x70,
    0x53, 0x54, 0xF4, 0x9F, 0xB5, 0x15, 0x46, 0x45, 0x8B, 0x33, 0x51, 0x51, 0xF7, 0xA5, 0xC0, 0x97,
    0xFC, 0x02, 0x60, 0xFA, 0x51, 0x20, 0x4C, 0x2F, 0x0A, 0x88, 0xE9, 0x43, 0x81, 0x31, 0x3D, 0x28,
    0x40, 0xA6, 0xFF, 0x04, 0xCA, 0xF4, 0x9E, 0x80, 0x99, 0xBE, 0x13, 0x38, 0xD3, 0x73, 0x02, 0x68,
    0xFA, 0x4D, 0x20, 0x1D, 0x99, 0x26, 0xD4, 0xA0, 0xDA, 0xB1, 0x76, 0xB8, 0xB5, 0x36, 0x74, 0x0B,
    0xFD, 0xA4, 0x33, 0x33, 0x71, 0x4C, 0xF8, 0xB1, 0x51, 0x25, 0x7F, 0x81, 0xE7, 0x4D, 0x5F, 0xCF,
    0xBE, 0xE2, 0xF6, 0x64, 0x35, 0xCD, 0xE9, 0x93, 0x37, 0x78, 0xD6, 0x6E, 0x3C, 0xC2, 0xA3, 0x02,
    0xEA, 0xB3, 0x4C, 0x5F, 0x3C, 0xAA, 0xF3, 0x8A, 0x70, 0xEA, 0x7D, 0x0B, 0xA7, 0xAE, 0xE1, 0x46,
    0x9F, 0x7F, 0xBD, 0x70, 0xEA, 0xFF, 0x5A, 0x78, 0xE3, 0x6C, 0x38, 0xF5, 0xCD, 0x99, 0x31, 0x29,
    0x5F, 0xA3, 0xD5, 0x3E, 0xB2, 0x35, 0x80, 0xAD, 0x6E, 0x0C, 0xDA, 0x4D, 0x47, 0x44, 0x0C, 0x7A,
    0xDB, 0x11, 0x56, 0x6C, 0xA1, 0x83, 0x32, 0xBD, 0x2A, 0xC6, 0x2E, 0x73, 0x70, 0x72, 0xB8, 0xC6,
    0x20, 0x2C, 0x5F, 0xB1, 0xD5, 0xCF, 0xB5, 0xC7, 0xEB, 0x78, 0x78, 0x19, 0x6F, 0xF7, 0x2A, 0xDE,
    0x2D, 0x9F, 0xBF, 0xEF, 0xDE, 0xD7, 0x84, 0x8D, 0x68, 0x3A, 0xF3, 0xD6, 0x48, 0x95, 0x42, 0x71,
    0x01, 0x24, 0x60, 0xEE, 0x3B, 0x47, 0x6E, 0xB8, 0xE4, 0xE8, 0xD1, 0x2E, 0x23, 0xFB, 0xD3, 0x50,
    0x47, 0x40, 0xDC, 0xE7, 0xDA, 0x47, 0xBA, 0x0B, 0x6D, 0xC1, 0xF7, 0x7A, 0x54, 0x12, 0xAE, 0x0B,
    0x19, 0xD7, 0x51, 0x8C, 0xF2, 0x46, 0xFD, 0xA9, 0x60, 0x8D, 0xA1, 0xE5, 0x1C, 0x83, 0x05, 0x58,
    0x47, 0xC9, 0x71, 0x2F, 0xF2, 0x8E, 0x3A, 0x30, 0xD7, 0xC7, 0x5C, 0x19, 0xA9, 0x47, 0xE4, 0x11,
    0xB9, 0x48, 0xFE, 0xB0, 0xCF, 0x21, 0x92, 0x78, 0x8C, 0xFC, 0x47, 0xC3, 0x96, 0xC8, 0x31, 0xE2,
    0x6F, 0x9F, 0xFA, 0x21, 0x0E, 0xAA, 0xB5, 0xF5, 0x04, 0x3E, 0x27, 0x60, 0x06, 0x34, 0x58, 0x6F,
    0xF0, 0x27, 0x05, 0x7F, 0x54, 0xF0, 0x67, 0x05, 0xEF, 0x15, 0xDE, 0x2F, 0xF0, 0xF1, 0x2C, 0x67,
    0xA7, 0x5E, 0x19, 0x9A, 0x0F, 0x16, 0x61, 0x09, 0xC1, 0x01, 0xAE, 0x38, 0x83, 0xE4, 0xD8, 0xA2,
    0x07, 0xAD, 0x7D, 0xAD, 0x38, 0xAA, 0x2E, 0xC0, 0x49, 0x67, 0x63, 0x3D, 0xD5, 0xD1, 0x68, 0x3F,
    0xE8, 0x60, 0xCD, 0xF4, 0x77, 0x91, 0x78, 0x55, 0xC9, 0x4C, 0x66, 0x31, 0xEA, 0xB5, 0x15, 0xE3,
    0x7E, 0xFE, 0x1D, 0x9E, 0x6B, 0x79, 0x42, 0xA1, 0x76, 0x3B, 0x74, 0xB8, 0x98, 0x03, 0x37, 0x6D,
    0xCA, 0x70, 0x09, 0x98, 0x1F, 0xDD, 0xFB, 0xBC, 0x5E, 0xD2, 0x2F, 0xA4, 0x93, 0x56, 0x36, 0x63,
    0x19, 0x35, 0x47, 0x63, 0x7A, 0x03, 0xEA, 0x89, 0xA1, 0xC5, 0x3B, 0x46, 0xFA, 0x83, 0xBF, 0x61,
    0x4E, 0xD5, 0x73, 0xC4, 0x5A, 0x89, 0xB5, 0xC7, 0x66, 0x3D, 0x3A, 0xEB, 0x56, 0x93, 0x03, 0xAE,
    0x4F, 0x17, 0x42, 0x53, 0x32, 0xD7, 0xBF, 0x06, 0xFA, 0x2F, 0xF4, 0x73, 0xAD, 0x29, 0xF0, 0x18,
    0x55, 0xA9, 0xC4, 0x9F, 0xCA, 0x6E, 0x01, 0xED, 0x16, 0x3A, 0xB5, 0xA8, 0x58, 0x0F, 0x4A, 0x5E,
    0xDE, 0x91, 0x5E, 0xF1, 0xD6, 0x73, 0x79, 0x58, 0x73, 0xBB, 0x41, 0x57, 0xC3, 0x06, 0xFA, 0x0B,
    0x85, 0xB1, 0xE2, 0xF5, 0xB8, 0xE1, 0x17, 0xDB, 0xE4, 0x4B, 0x1D, 0x91, 0x3B, 0xA5, 0xDA, 0xFA,
    0x2B, 0x28, 0xAF, 0x8A, 0xFB, 0x0B, 0xF7, 0x78, 0x50, 0x7D, 0x28, 0xDC, 0x95, 0x8D, 0x6D, 0xD9,
    0x8A, 0x06, 0xB3, 0x5B, 0xE7, 0x30, 0x24, 0x77, 0x66, 0x4B, 0x19, 0x9A, 0xAA, 0x59, 0xD1, 0x50,
    0x77, 0x80, 0xEB, 0x57, 0xC4, 0xE1, 0x85, 0xC3, 0xF3, 0x33, 0xD1, 0xDD, 0x9C, 0x68, 0xBD, 0x21,
    0xB7, 0x30, 0xD7, 0xCD, 0xD0, 0xDD, 0xBA, 0xFB, 0x1D, 0x7D, 0x12, 0x07, 0xB1, 0x1B, 0xB4, 0xE0,
    0x4E, 0x52, 0x2E, 0x0C, 0x53, 0xE3, 0xDF, 0xCB, 0x2D, 0xFA, 0xF1, 0x0F, 0xF9, 0xA6, 0x26, 0xB6,
    0x3C, 0x36, 0x1B, 0x78, 0xE9, 0x56, 0xE0, 0xA6, 0x0B, 0x60, 0x83, 0x4A, 0x62, 0x46, 0x08, 0x3A,
    0x99, 0xA6, 0x41, 0x9B, 0x0D, 0x95, 0xEB, 0xD6, 0x7D, 0x25, 0x01, 0xA1, 0xCE, 0xE1, 0x92, 0xE1,
    0x1C, 0xD3, 0x14, 0x1A, 0xE3, 0xCB, 0xAD, 0x69, 0xB8, 0x05, 0x9A, 0x03, 0x5B, 0x64, 0x82, 0x86,
    0x8E, 0xC6, 0xE2, 0x34, 0xEB, 0xF9, 0x62, 0xB1, 0x2D, 0x3A, 0x05, 0x25, 0xBA, 0x5A, 0x3E, 0xB3,
    0xF6, 0xD1, 0x9F, 0x77, 0x28, 0x2A, 0x0C, 0x59, 0xFA, 0xFE, 0xE0, 0x18, 0xE2, 0x8D, 0x74, 0x56,
    0xC4, 0xF5, 0xC9, 0xA3, 0xF3, 0xBB, 0xD4, 0x30, 0xB3, 0xB9, 0xD1, 0xAE, 0x15, 0xED, 0xAA, 0x72,
    0xC3, 0x5E, 0xB5, 0x04, 0x26, 0x80, 0x05, 0xDA, 0xD4, 0x2A, 0x5E, 0xA3, 0xDE, 0x92, 0xA1, 0xDA,
    0x56, 0xEB, 0x2D, 0x54, 0x9A, 0xD2, 0xAC, 0xA8, 0x72, 0x40, 0xC5, 0x6A, 0x5C, 0x86, 0x0A, 0xCF,
    0x68, 0x86, 0x09, 0xD6, 0x1F, 0x83, 0x64, 0x41, 0x36, 0x93, 0x66, 0x35, 0x17, 0xD2, 0x00, 0xAF,
    0x6E, 0x91, 0x0A, 0x46, 0x6B, 0xC2, 0xF5, 0x34, 0x55, 0x13, 0x45, 0xA0, 0xCB, 0x22, 0x86, 0x95,
    0xEA, 0x3F, 0xA9, 0x45, 0x70, 0x0E, 0x1A, 0x30, 0x9B, 0xF3, 0xED, 0xB7, 0x78, 0xCD, 0xB2, 0x9B,
    0xD8, 0x1B, 0xB9, 0x91, 0xAC, 0x8E, 0x56, 0x9B, 0xA2, 0xAE, 0x51, 0x15, 0x0E, 0xE1, 0x3B, 0x50,
    0x39, 0xA8, 0x2F, 0xE2, 0xB9, 0x07, 0x30, 0xDB, 0x40, 0x05, 0xBA, 0xC8, 0x3E, 0x9D, 0x67, 0xF7,
    0xC2, 0x6E, 0x37, 0x03, 0x3E, 0xAD, 0x21, 0x3D, 0x05, 0x33, 0x13, 0x48, 0x6F, 0xB8, 0x72, 0x3D,
    0x09, 0xD6, 0x9F, 0x20, 0xBD, 0xF8, 0x46, 0xAC, 0xDB, 0x86, 0x73, 0xA1, 0x23, 0xB9, 0x86, 0x09,
    0x58, 0x7D, 0xF2, 0xEC, 0x13, 0x84, 0xFD, 0x04, 0xAE, 0x58, 0xA1, 0xFB, 0xC4, 0xAE, 0x81, 0xF3,
    0x1F, 0xBE, 0x0C, 0x54, 0xBE, 0xA7, 0x73, 0x04, 0xE0, 0x1F, 0x74, 0xB4, 0x2F, 0x14, 0xFA, 0x43,
    0x1D, 0x04, 0xCF, 0x09, 0xDF, 0xD3, 0x1E, 0x38, 0x58, 0x8B, 0x82, 0x4F, 0x5D, 0x49, 0xA8, 0x8E,
    0x18, 0x3C, 0x1A, 0xDD, 0x6A, 0xD0, 0xD9, 0x6C, 0x8F, 0x04, 0x39, 0xBB, 0x15, 0x49, 0x15, 0xB2,
    0x6A, 0x39, 0xD0, 0x2A, 0xE0, 0x15, 0x39, 0x90, 0x6A, 0x75, 0xC5, 0x95, 0x40, 0x20, 0xBA, 0x17,
    0xB9, 0x15, 0x92, 0x1B, 0x72, 0x91, 0x5D, 0x21, 0xBD, 0xA8, 0x9D, 0xF1, 0x2B, 0x24, 0xD8, 0x72,
    0xB4, 0x1A, 0x47, 0x43, 0xE7, 0xD8, 0x49, 0x36, 0x96, 0xF1, 0xB3, 0x82, 0xA0, 0x79, 0x80, 0xDD,
    0xD5, 0x17, 0xE4, 0x75, 0x03, 0x59, 0x78, 0x80, 0x00, 0xD5, 0x1B, 0x9B, 0xED, 0x09, 0x32, 0x3B,
    0x06, 0xD7, 0x5D, 0x78, 0x95, 0xD1, 0x55, 0x8F, 0x43, 0x1D, 0x17, 0xDF, 0x46, 0xE1, 0x91, 0xD5,
    0xA7, 0x2F, 0x77, 0x8D, 0xCC, 0x4C, 0xB0, 0x1B, 0xD0, 0xFE, 0x47, 0x1D, 0x01, 0xF7, 0xFB, 0xDA,
    0x03, 0x6F, 0x25, 0xE0, 0xBA, 0x46, 0xC4, 0x75, 0x02, 0xE4, 0xAA, 0x35, 0x30, 0xD7, 0xE7, 0x42,
    0xD0, 0x85, 0xA8, 0x0B, 0x61, 0x17, 0xE2, 0x2E, 0x04, 0xDE, 0x7D, 0x10, 0xA1, 0x17, 0x62, 0x2F,
    0x04, 0x5F, 0x88, 0xBE, 0x10, 0x7E, 0x01, 0xFE, 0x96, 0x41, 0x07, 0x10, 0x76, 0x01, 0x61, 0x27,
    0x10, 0x76, 0x03, 0x76, 0x04, 0xE3, 0x78, 0x3E, 0xC0, 0xC4, 0xF7, 0x6F, 0x34, 0xE6, 0xB2, 0x67,
    0x98, 0x7B, 0xC9, 0x7C, 0x50, 0xF3, 0xE9, 0x2F, 0x3D, 0x06, 0x4F, 0xE9, 0x5F, 0x6F, 0x77, 0xB8,
    0x74, 0x07, 0x7A, 0x2E, 0x96, 0x08, 0x15, 0xDF, 0x47, 0x60, 0x75, 0xF0, 0xF8, 0xAB, 0x6F, 0x63,
    0xBD, 0x74, 0x87, 0xFD, 0xFF, 0x0C, 0x80, 0xCF, 0x2B, 0xC8, 0xAD, 0xCC, 0xA9, 0x9A, 0xFA, 0x53,
    0x8B, 0x21, 0xC7, 0x5C, 0xBE, 0x31, 0xF7, 0x8C, 0x76, 0x04, 0x4F, 0xC8, 0xD5, 0xCC, 0xAD, 0xAF,
    0xA9, 0x8B, 0x5C, 0x46, 0x8C, 0x6E, 0x26, 0xD6, 0x5A, 0x33, 0xD3, 0x7B, 0x66, 0x17, 0xAF, 0xD5,
    0x7E, 0xE7, 0xE7, 0xFC, 0x75, 0xE8, 0x89, 0x99, 0x3E, 0xF6, 0x9E, 0x6B, 0x6E, 0x2E, 0xBD, 0xE7,
    0x61, 0x8D, 0x5D, 0x73, 0xA1, 0x18, 0x19, 0x17, 0xCF, 0xF4, 0x5D, 0x18, 0xBD, 0x64, 0x2B, 0x19,
    0xB8, 0x03, 0x0C, 0xDA, 0x77, 0xD1, 0xC8, 0x8D, 0xB0, 0xF7, 0xDC, 0x7F, 0xB5, 0x43, 0xC8, 0xA5,
    0x7F, 0x30, 0x90, 0x6B, 0xB7, 0x6A, 0x6A, 0x0F, 0xE3, 0x7A, 0x14, 0xD7, 0x83, 0xB8, 0xF9, 0x54,
    0xE2, 0x5A, 0xC5, 0x90, 0x68, 0x1F, 0xD8, 0xB7, 0xC0, 0xE0, 0x85, 0xFD, 0x57, 0xCB, 0xEA, 0xC5,
    0x97, 0x7B, 0x4A, 0x15, 0xCA, 0xA2, 0xA3, 0xAD, 0x98, 0x2B, 0x77, 0x39, 0x7C, 0xCA, 0xEB, 0xED,
    0x77, 0xF9, 0x5E, 0x9E, 0x84, 0xCE, 0xA5, 0x7C, 0xF5, 0x7D, 0x2B, 0xFB, 0xD1, 0xD0, 0x33, 0xFB,
    0x79, 0xC3, 0x5B, 0x1F, 0xDC, 0x34, 0xCB, 0x00, 0x4A, 0xFE, 0xBD, 0x52, 0xB9, 0x83, 0xC2, 0x87,
    0xDB, 0xF3, 0x73, 0x0A, 0xB9, 0x7A, 0x11, 0x3A, 0xD6, 0x07, 0x08, 0xA6, 0xF4, 0xCD, 0x26, 0xDC,
    0x36, 0xD5, 0x29, 0x0C, 0xB8, 0x20, 0x18, 0x11, 0x1A, 0xA9, 0xCE, 0x75, 0xE4, 0x4F, 0xB4, 0xE5,
    0xDA, 0x1F, 0xB5, 0x96, 0x03, 0xCE, 0xC9, 0xF4, 0xA4, 0x4B, 0x90, 0xFF, 0x08, 0x76, 0x4E, 0xF5,
    0x57, 0x3A, 0x00, 0x3F, 0xBC, 0x38, 0x09, 0xBA, 0x41, 0x65, 0x47, 0x86, 0x27, 0xD4, 0x7B, 0x80,
    0xF4, 0xFB, 0xF7, 0x6F, 0x5D, 0xFC, 0xFD, 0x5B, 0xAF, 0xAC, 0x46, 0x41, 0x44, 0x86, 0x32, 0xF9,
    0x72, 0xC3, 0xEE, 0xFD, 0xDB, 0x98, 0xDC, 0xB0, 0x6E, 0x72, 0x02, 0x7C, 0x88, 0x48, 0xA7, 0x50,
    0x5F, 0x75, 0xAE, 0x46, 0x39, 0x97, 0x00, 0x22, 0x36, 0xFD, 0xF6, 0x01, 0x20, 0xD3, 0xD0, 0x39,
    0x32, 0x43, 0xB6, 0x36, 0x6D, 0x54, 0x4C, 0x61, 0xA2, 0x21, 0xBE, 0xCC, 0x38, 0x58, 0x09, 0x13,
    0x1D, 0x0F, 0x3A, 0x98, 0xA2, 0x9F, 0x05, 0x6D, 0x4D, 0x2B, 0x15, 0x53, 0x18, 0xA0, 0x9B, 0xBA,
    0x05, 0x8A, 0x6A, 0x36, 0x9F, 0xE8, 0x68, 0xFA, 0x2B, 0xC3, 0x56, 0x8E, 0xF8, 0xE5, 0x76, 0xF4,
    0x13, 0x68, 0x44, 0x6C, 0x8D, 0xCA, 0x47, 0x87, 0x31, 0xEA, 0xB0, 0xFB, 0x95, 0xBC, 0xF6, 0xA6,
    0x9F, 0x6C, 0x20, 0x64, 0x07, 0xDC, 0xF5, 0x61, 0x47, 0xC7, 0xC3, 0xBB, 0xA9, 0x40, 0x97, 0xA8,
    0x03, 0xF4, 0xD3, 0xBB, 0x8A, 0x97, 0x27, 0xF8, 0x01, 0xF2, 0x55, 0x31, 0x24, 0x08, 0xC1, 0x1F,
    0xCB, 0x8D, 0xAB, 0x06, 0x77, 0x0D, 0xAA, 0x72, 0x02, 0x54, 0xCD, 0x0A, 0xA8, 0x74, 0x03, 0x54,
    0x51, 0x45, 0x57, 0x40, 0xD5, 0xCD, 0x68, 0xC5, 0x07, 0xCF, 0x01, 0x15, 0xD2, 0xBD, 0x1B, 0x7E,
    0x6A, 0x8E, 0x0C, 0x7E, 0x3B, 0x4E, 0x18, 0x4B, 0x48, 0x85, 0xC6, 0xEB, 0x46, 0x18, 0xB6, 0x65,
    0xC4, 0x31, 0xC8, 0x74, 0x71, 0x87, 0x78, 0xA3, 0xDB, 0x3E, 0xD9, 0xA2, 0x6A, 0x1D, 0x95, 0x0B,
    0x8E, 0x54, 0xFA, 0xC9, 0xDD, 0x6A, 0xE0, 0x10, 0x95, 0x26, 0xBC, 0xB8, 0xC9, 0xAF, 0xED, 0x26,
    0x39, 0xDD, 0xC3, 0x5C, 0x8F, 0x13, 0x3D, 0xCC, 0xF2, 0x38, 0xC5, 0xC3, 0xFC, 0x8E, 0x93, 0xBB,
    0xFB, 0x77, 0x78, 0x2C, 0xC7, 0x8F, 0xE1, 0xED, 0xF6, 0x5D, 0x6C, 0x3E, 0xB3, 0xE2, 0x0F, 0xE2,
    0xF9, 0xBE, 0x8B, 0x1E, 0x10, 0x63, 0x7A, 0xF5, 0xF5, 0xE0, 0xBC, 0xC0, 0xF9, 0x7F, 0xDD, 0x5A,
    0x31, 0xB0, 0xE4, 0x56, 0x56, 0x3D, 0x92, 0x98, 0x69, 0x6A, 0x14, 0xC8, 0xC9, 0x6C, 0x60, 0xD7,
    0x22, 0x42, 0xF8, 0xC5, 0x96, 0x92, 0x0D, 0xA0, 0x6A, 0xCC, 0xD3, 0xE6, 0x89, 0x83, 0x19, 0x07,
    0x10, 0x10, 0xAF, 0x03, 0xBC, 0xC1, 0x06, 0x04, 0xBB, 0x2B, 0xC1, 0x06, 0xA4, 0x3F, 0x00, 0xE2,
    0x09, 0x26, 0xF8, 0x6E, 0x27, 0x04, 0x1B, 0xB2, 0x96, 0x28, 0x02, 0x07, 0x24, 0x82, 0x84, 0xC0,
    0x01, 0xC2, 0x65, 0x02, 0xCA, 0x81, 0x55, 0xA0, 0x65, 0x65, 0xF3, 0xA4, 0x43, 0x9F, 0x77, 0xD5,
    0xAD, 0xDF, 0xD3, 0xF5, 0xD7, 0x63, 0xEF, 0xFE, 0x0D, 0xF6, 0x8D, 0xFA, 0xDC, 0x2B, 0xE9, 0xEA,
    0xDE, 0xFB, 0xEE, 0x3B, 0xDD, 0x7D, 0x5F, 0xFF, 0xC1, 0x6B, 0xC0, 0x13, 0xA0, 0x00, 0x76, 0xED,
    0xFE, 0xFD, 0x81, 0x1C, 0x87, 0x5D, 0x37, 0x64, 0xE5, 0xF0, 0x26, 0x86, 0x6F, 0x63, 0xC0, 0xAF,
    0xFE, 0xD0, 0x78, 0x4D, 0x5A, 0xD2, 0x23, 0x2B, 0xE1, 0xF6, 0x37, 0x15, 0x7D, 0x51, 0x3E, 0x49,
    0xDB, 0x27, 0xD1, 0xF0, 0x04, 0xDF, 0x7B, 0x02, 0xDC, 0xC3, 0x61, 0x23, 0x23, 0xFB, 0x9C, 0xEC,
    0x0A, 0xB2, 0x75, 0xEB, 0xEB, 0x6A, 0xBF, 0x2F, 0x7F, 0xD1, 0xBD, 0x47, 0xFB, 0xC3, 0xB8, 0x29,
    0x48, 0xD2, 0x1B, 0x3A, 0xE1, 0x64, 0x78, 0xA5, 0xBB, 0xCF, 0x33, 0xE9, 0x6D, 0x1E, 0x30, 0xD8,
    0xD4, 0x01, 0xCB, 0x60, 0xB3, 0xC5, 0x5E, 0x87, 0xCF, 0x37, 0xB5, 0x38, 0xA9, 0xD3, 0xA6, 0x8E,
    0xEE, 0xA4, 0x5A, 0xC1, 0x7E, 0x55, 0x1E, 0xF6, 0xF5, 0xE1, 0x60, 0x0B, 0xB6, 0xBF, 0xA1, 0xF0,
    0xAC, 0xC4, 0xB3, 0x32, 0xD4, 0xC9, 0x10, 0x79, 0xC0, 0xCB, 0xE1, 0x54, 0x3A, 0x54, 0x01, 0x9B,
    0x80, 0xCF, 0x0E, 0xE3, 0x2D, 0xE0, 0xD1, 0x7B, 0xC8, 0x3D, 0xDC, 0x84, 0x66, 0x00, 0x87, 0x98,
    0x5D, 0xC2, 0x36, 0x65, 0x9D, 0x6B, 0x31, 0xE1, 0x16, 0x5C, 0xDD, 0x00, 0xEF, 0xDC, 0xA0, 0xF1,
    0xE0, 0x14, 0x71, 0x48, 0xD8, 0xCB, 0x40, 0xE1, 0x90, 0xCF, 0x7A, 0xCE, 0x0D, 0x78, 0xE7, 0x1A,
    0x78, 0xFC, 0x14, 0xD5, 0x72, 0x97, 0x59, 0x11, 0xCC, 0xF6, 0xCF, 0x39, 0x72, 0xE0, 0xD0, 0x0C,
    0xD5, 0xE1, 0x9F, 0x3B, 0xFC, 0x2B, 0xC6, 0x7C, 0x7C, 0xF4, 0x1C, 0x8F, 0x6E, 0xB4, 0x52, 0xB9,
    0x8F, 0xD8, 0xC2, 0x4D, 0x09, 0x6B, 0x34, 0x43, 0x4A, 0x80, 0x43, 0xB6, 0x20, 0x66, 0x57, 0xCC,
    0x38, 0x78, 0x73, 0x1E, 0x29, 0xEB, 0x66, 0x42, 0x46, 0x70, 0x40, 0xC1, 0xF8, 0x80, 0x6E, 0x4E,
    0xD8, 0x1D, 0x92, 0x8C, 0xF7, 0xB5, 0xF2, 0x7C, 0x78, 0x10, 0x8D, 0x4F, 0x55, 0x9B, 0x31, 0x63,
    0x19, 0x71, 0xC8, 0x89, 0x83, 0x85, 0xDB, 0x3C, 0x94, 0xCD, 0xB8, 0x7A, 0xC8, 0xE7, 0x88, 0xDD,
    0x1A, 0xD0, 0x0D, 0x09, 0x71, 0x98, 0xC8, 0xC3, 0xF7, 0xA0, 0xB9, 0x44, 0xCF, 0xCA, 0xE0, 0xBA,
    0x3F, 0x7A, 0x9B, 0x32, 0xD6, 0xE6, 0x4D, 0xF9, 0x2C, 0x9B, 0xB7, 0xEA, 0xE4, 0xCD, 0xCB, 0x5B,
    0x31, 0xC5, 0x27, 0x6F, 0x57, 0x4A, 0xC7, 0xF9, 0x1D, 0xDB, 0x15, 0x12, 0xB6, 0x85, 0x20, 0xF7,
    0xF1, 0x0A, 0xD9, 0x1C, 0x09, 0xC0, 0x36, 0x15, 0xEC, 0x16, 0x34, 0x5D, 0xFC, 0x1E, 0xAE, 0x6A,
    0xC0, 0x79, 0xAC, 0x50, 0x4D, 0x82, 0xE1, 0x08, 0x4D, 0x2F, 0x68, 0x8F, 0xC0, 0x12, 0xC5, 0x17,
    0x7C, 0x7F, 0x0E, 0x2B, 0x7C, 0x82, 0x49, 0x4B, 0x3D, 0x22, 0xF1, 0x78, 0x0D, 0x3B, 0x39, 0x49,
    0x05, 0xD9, 0x74, 0x84, 0x7C, 0x04, 0x50, 0xC8, 0x9D, 0x3B, 0x41, 0x15, 0x1C, 0x0B, 0xD8, 0xAD,
    0x10, 0xB3, 0x05, 0x92, 0x13, 0xEC, 0x58, 0x43, 0x93, 0x06, 0x32, 0x03, 0x79, 0x12, 0xE8, 0xC1,
    0x51, 0xC8, 0xE1, 0x16, 0x76, 0x01, 0xDB, 0x0D, 0xF5, 0x10, 0x22, 0x2A, 0xD6, 0x9E, 0xEF, 0x1B,
    0x13, 0x27, 0x30, 0xA4, 0x2A, 0x1C, 0xA2, 0x80, 0x28, 0x53, 0x8F, 0xB7, 0x80, 0xCC, 0x43, 0x01,
    0x02, 0x3A, 0xC3, 0x29, 0xE0, 0x08, 0x2B, 0x86, 0x25, 0x2D, 0x6C, 0x81, 0x7C, 0x69, 0x3E, 0x23,
    0x0A, 0x92, 0x4B, 0xA0, 0xFB, 0x7C, 0x24, 0xFD, 0x17, 0x6C, 0xBC, 0xA6, 0x22, 0xC3, 0x64, 0xD9,
    0x30, 0x0D, 0x98, 0xCD, 0xC2, 0x3C, 0x60, 0x11, 0xD0, 0x05, 0x6C, 0x6A, 0xA4, 0x9C, 0x50, 0x98,
    0x37, 0xA5, 0x5A, 0x93, 0x6C, 0x6F, 0xBF, 0x74, 0xAD, 0xB2, 0x8F, 0x3D, 0xE4, 0x9C, 0x11, 0xB3,
    0x07, 0x1E, 0xC3, 0xC6, 0xDF, 0x03, 0x50, 0xCE, 0x04, 0x44, 0x8C, 0x88, 0x23, 0x62, 0x8A, 0x86,
    0xAC, 0x13, 0xB2, 0xDF, 0x91, 0x53, 0x4A, 0x8E, 0x69, 0x78, 0xEB, 0x8A, 0xD4, 0x35, 0xF2, 0x09,
    0x28, 0x6A, 0xE0, 0x0F, 0x71, 0x1A, 0xBB, 0x19, 0x05, 0xE1, 0x58, 0x56, 0x2C, 0x1B, 0xA1, 0x0A,
    0xF1, 0xF0, 0x7A, 0xBB, 0x1B, 0xB1, 0x2C, 0x88, 0x1D, 0xBB, 0x4A, 0x7E, 0xFA, 0x66, 0x45, 0xE4,
    0x01, 0xB3, 0x23, 0x4D, 0x0F, 0x8F, 0x44, 0x2F, 0xCE, 0xDC, 0xC6, 0x8B, 0x3D, 0xAB, 0xC8, 0x29,
    0xDB, 0x4A, 0x7A, 0x9B, 0xB1, 0x6B, 0x34, 0x9F, 0x36, 0x97, 0x82, 0x83, 0x52, 0xAC, 0x4A, 0x99,
    0x07, 0x57, 0xF9, 0x82, 0x2C, 0x78, 0x8B, 0xE5, 0xF0, 0x8E, 0x0C, 0x67, 0x65, 0xB8, 0xDF, 0xBF,
    0x20, 0xA7, 0x01, 0xB8, 0xCF, 0x43, 0xE3, 0x9D, 0xFD, 0x4D, 0x43, 0x0F, 0x3C, 0xB9, 0xE7, 0x03,
    0x57, 0xFA, 0xEA, 0x9E, 0xEF, 0x3A, 0xEE, 0x27, 0xE6, 0x1A, 0xF4, 0x2F, 0x80, 0xEF, 0x9F, 0x1F,
    0x3F, 0xD2, 0xF5, 0xFB, 0x0D, 0x0A, 0x7C, 0x0B, 0xF8, 0xE6, 0xED, 0xE3, 0x6A, 0xFF, 0xD3, 0xFB,
    0x0A, 0x7A, 0x31, 0x76, 0xE1, 0xF3, 0x67, 0x5F, 0xDA, 0x99, 0xE3, 0xA4, 0x4B, 0xB0, 0x41, 0x25,
    0x97, 0x79, 0x3B, 0x49, 0x48, 0xDA, 0x67, 0x82, 0x3D, 0xF6, 0x19, 0xED, 0x53, 0x4C, 0x23, 0xE3,
    0x8E, 0x65, 0xC4, 0xD6, 0xCE, 0xF2, 0x39, 0x61, 0x99, 0x10, 0x36, 0xF4, 0x51, 0x5C, 0x66, 0x33,
    0x6C, 0x38, 0x9D, 0x15, 0xD3, 0xF1, 0x6C, 0xDA, 0x11, 0xD5, 0x70, 0x3C, 0x1B, 0x53, 0xE2, 0xE8,
    0x04, 0xD5, 0x90, 0xF1, 0x60, 0xBB, 0x9D, 0x2D, 0xE9, 0x82, 0xD3, 0x59, 0xEE, 0x73, 0xFF, 0x06,
    0xCB, 0xF0, 0x51, 0x59, 0x0D, 0xCE, 0xBB, 0xB1, 0x61, 0x0F, 0xC7, 0x11, 0xEE, 0x73, 0x8E, 0xFC,
    0xD8, 0x3E, 0xF0, 0x3C, 0x1C, 0x0F, 0xFA, 0x3F, 0x93, 0x3E, 0x21, 0x17, 0xE4, 0xE4, 0x87, 0xCC,
    0xD8, 0xCC, 0xA9, 0xD2, 0x4F, 0xC9, 0x6C, 0x2E, 0xE6, 0x6C, 0x51, 0xFA, 0x88, 0x39, 0xB9, 0xC3,
    0xBF, 0x6C, 0xC9, 0x67, 0x15, 0xE0, 0x01, 0x9A, 0xA1, 0x1A, 0xB3, 0xC5, 0x79, 0x9D, 0x21, 0x62,
    0xDB, 0x1C, 0x52, 0x08, 0x09, 0xAB, 0x16, 0x25, 0x87, 0x6C, 0xAE, 0x94, 0x30, 0x90, 0x2D, 0x60,
    0x9F, 0xFB, 0x6A, 0x08, 0x67, 0x85, 0x07, 0xBB, 0xC2, 0xCB, 0x3A, 0x64, 0x0A, 0x76, 0xEE, 0x70,
    0x96, 0xAB, 0x02, 0xEC, 0x74, 0x36, 0x36, 0x43, 0x11, 0x3E, 0x29, 0x6B, 0xB0, 0x6B, 0x86, 0x66,
    0x70, 0x6B, 0xD1, 0xF9, 0xBF, 0xEC, 0xAB, 0x9F, 0x71, 0xB0, 0xA2, 0xD3, 0xBA, 0xC5, 0xDE, 0x8A,
    0xBE, 0x7E, 0x00, 0xB6, 0x56, 0xF4, 0x82, 0x33, 0x32, 0x32, 0xE4, 0x05, 0xA4, 0xEC, 0x95, 0x3E,
    0xD6, 0xF1, 0x78, 0x7D, 0x7D, 0xD9, 0x6A, 0x5F, 0xAE, 0xF8, 0xE5, 0xAA, 0x5F, 0xAE, 0xFC, 0xE5,
    0xEA, 0x5F, 0x32, 0xE0, 0x92, 0x05, 0x97, 0x4C, 0xB8, 0x64, 0xC3, 0x25, 0x23, 0x2E, 0x59, 0x71,
    0xC9, 0x8C, 0x4B, 0x76, 0x5C, 0x32, 0x24, 0x66, 0xF7, 0x12, 0x4B, 0x0A, 0xFA, 0x97, 0x98, 0xD2,
    0x70, 0x39, 0x67, 0x4B, 0x44, 0xF2, 0x9C, 0x31, 0x09, 0x3F, 0x65, 0x7D, 0xC6, 0x9A, 0x1D, 0x7F,
    0xCC, 0xFA, 0x8C, 0x39, 0x19, 0x63, 0xB6, 0x67, 0xEC, 0xC9, 0xE6, 0x84, 0xED, 0x19, 0x83, 0x72,
    0x9F, 0xB0, 0x3E, 0x63, 0x51, 0xA1, 0x2B, 0x67, 0x4C, 0x52, 0xBF, 0x54, 0x9E, 0xB1, 0x49, 0x4F,
    0x9E, 0x33, 0xCA, 0x4D, 0x29, 0xCF, 0x59, 0xE5, 0x0E, 0x31, 0xCF, 0x99, 0xE5, 0xA6, 0x62, 0x3E,
    0x67, 0x97, 0x9B, 0x1B, 0x7F, 0xCE, 0xB0, 0x82, 0x1C, 0xCE, 0x59, 0x96, 0x91, 0xDD, 0x39, 0xD3,
    0x52, 0xB2, 0x3E, 0x67, 0x5B, 0xC4, 0xF9, 0x65, 0xC6, 0x3D, 0x08, 0x8D, 0xC7, 0xFE, 0x1A, 0x9A,
    0xB1, 0x1A, 0x18, 0x65, 0x23, 0xAE, 0x57, 0x23, 0xC0, 0x3E, 0x3C, 0x2F, 0x4A, 0xA4, 0x62, 0xD8,
    0xB4, 0xF6, 0x43, 0xB0, 0x67, 0x1E, 0xED, 0xA1, 0xC7, 0xF2, 0x05, 0x7A, 0xD2, 0xF9, 0x50, 0x8D,
    0x66, 0x58, 0x4B, 0x20, 0x17, 0xA1, 0x8C, 0xEC, 0x35, 0x17, 0x6B, 0xE7, 0xE4, 0x2B, 0x9F, 0xE4,
    0x4E, 0x9E, 0xE4, 0xB1, 0xE9, 0x20, 0x55, 0xB5, 0xC4, 0x6D, 0xD7, 0xEA, 0xAD, 0xCD, 0x39, 0x07,
    0x73, 0x2F, 0x4A, 0x84, 0x00, 0x2A, 0x7C, 0x08, 0x91, 0xD2, 0x82, 0xC8, 0xB3, 0x85, 0x71, 0x93,
    0x05, 0x52, 0xCD, 0x2D, 0x14, 0x5B, 0x0B, 0xA6, 0x0A, 0x87, 0x70, 0x09, 0xD7, 0x80, 0xA9, 0xC7,
    0x69, 0xA8, 0x9B, 0x77, 0x5E, 0xEE, 0x53, 0x6A, 0x95, 0xC5, 0x08, 0xB6, 0xA8, 0x7A, 0x99, 0xE6,
    0xA3, 0x6A, 0xBF, 0x93, 0xB9, 0xFA, 0xE9, 0x6B, 0x59, 0x72, 0x58, 0x27, 0x9B, 0x2A, 0xA8, 0x1E,
    0x29, 0x3C, 0xE2, 0x35, 0x93, 0x76, 0xA7, 0xC4, 0x7A, 0x8B, 0x14, 0xB1, 0x96, 0x07, 0xB6, 0x72,
    0x52, 0x75, 0xF2, 0x13, 0xDA, 0x4B, 0xF3, 0x66, 0x55, 0x0C, 0x0E, 0xAD, 0xFA, 0x36, 0x3F, 0x73,
    0xAB, 0x2C, 0xCC, 0x33, 0xBB, 0xD5, 0x79, 0x33, 0x98, 0x7F, 0x5B, 0xFB, 0xDE, 0xE6, 0x68, 0x51,
    0x32, 0x0F, 0x0B, 0xB4, 0x5B, 0x60, 0xB1, 0x62, 0x62, 0x0D, 0x77, 0xF6, 0xDE, 0x7B, 0x1D, 0x80,
    0x03, 0xD0, 0x94, 0x50, 0xDD, 0xB5, 0x48, 0x3B, 0xA5, 0xF7, 0x51, 0x87, 0xE2, 0xC3, 0x0E, 0x55,
    0xD2, 0x63, 0x49, 0x86, 0xD8, 0x27, 0x43, 0x32, 0xC6, 0x63, 0xD6, 0xC7, 0x53, 0xDE, 0x46, 0xDE,
    0x95, 0x58, 0x0B, 0xF6, 0x6D, 0x00, 0x81, 0xB3, 0x6D, 0x60, 0x56, 0xAE, 0x42, 0x11, 0x08, 0x3D,
    0x9C, 0xFA, 0xB5, 0x1E, 0xC5, 0x7A, 0xC9, 0x11, 0x28, 0x34, 0xAD, 0x60, 0xAA, 0x30, 0x3D, 0x12,
    0x0E, 0xA1, 0xE7, 0x03, 0x27, 0xF5, 0x92, 0x72, 0x67, 0x23, 0x6E, 0xA1, 0xFA, 0xC4, 0x67, 0xF7,
    0x3D, 0xE0, 0x16, 0x39, 0x01, 0x72, 0x73, 0x14, 0x5E, 0x8E, 0x25, 0xB8, 0x04, 0x52, 0xEF, 0x38,
    0x28, 0x85, 0x10, 0xAB, 0x99, 0x81, 0x62, 0x04, 0xD2, 0x1E, 0x88, 0x56, 0x46, 0xFD, 0xBE, 0x89,
    0xD7, 0x02, 0x95, 0x23, 0x00, 0x5A, 0xAD, 0x1E, 0x69, 0x8D, 0x64, 0x09, 0xC9, 0x14, 0xBD, 0x3A,
    0x3D, 0x69, 0x8D, 0xBC, 0xF5, 0x09, 0x3B, 0xCB, 0x61, 0x12, 0x49, 0xA8, 0xAC, 0x16, 0x58, 0x0A,
    0xC8, 0x59, 0x5B, 0x52, 0x32, 0x0C, 0xA9, 0x22, 0x18, 0x06, 0x33, 0x19, 0x9A, 0x59, 0x30, 0x0C,
    0x66, 0x32, 0xFC, 0x38, 0x98, 0x3D, 0xBC, 0x8E, 0x48, 0xB6, 0xD1, 0x0B, 0x71, 0xB7, 0x22, 0xB5,
    0xD6, 0xD5, 0x8C, 0x9C, 0x1E, 0x05, 0xF5, 0xA4, 0x26, 0xA2, 0x6E, 0x71, 0x46, 0x16, 0xDA, 0x6B,
    0xB1, 0xC2, 0x85, 0xAF, 0xC0, 0xB0, 0xAC, 0x5C, 0x19, 0x1B, 0xF3, 0xE7, 0xEC, 0xA1, 0x91, 0xF2,
    0x1F, 0x39, 0x05, 0xCD, 0x1C, 0x68, 0x34, 0xDE, 0x72, 0x54, 0x6E, 0x21, 0x47, 0x28, 0x37, 0xE5,
    0x68, 0x66, 0x50, 0xCC, 0x60, 0xF6, 0x58, 0x05, 0x95, 0x59, 0x24, 0x3E, 0x75, 0x32, 0x4B, 0xD8,
    0xAB, 0xF2, 0x3B, 0x86, 0xBA, 0x54, 0x03, 0x22, 0x1F, 0xB4, 0xBC, 0x05, 0xBE, 0x17, 0xAA, 0xB6,
    0x43, 0x18, 0x8A, 0x70, 0x36, 0xE2, 0xFD, 0x8B, 0x68, 0x7F, 0x83, 0x1D, 0xC7, 0x84, 0x6A, 0xAB,
    0x87, 0x44, 0x45, 0x51, 0x2D, 0xB5, 0x0B, 0xEC, 0x34, 0xB5, 0x8C, 0xED, 0x2A, 0x8C, 0x34, 0x75,
    0xC6, 0x4E, 0xE4, 0xD0, 0x72, 0x16, 0x5C, 0x57, 0x35, 0x24, 0xEF, 0x96, 0x90, 0x9A, 0x9B, 0x43,
    0xC2, 0x95, 0xB7, 0xA5, 0xF5, 0xBA, 0x0E, 0x4E, 0x2A, 0x0B, 0x38, 0xEA, 0x3A, 0x94, 0xE5, 0x84,
    0x48, 0x4B, 0x37, 0x1E, 0x44, 0xAF, 0x0B, 0x31, 0x3B, 0x09, 0xB1, 0x9A, 0x3D, 0xB4, 0x5F, 0x3D,
    0x1C, 0x97, 0x63, 0xED, 0xF5, 0x89, 0x2D, 0x78, 0x6D, 0x4C, 0xAE, 0x5D, 0x10, 0xA5, 0x09, 0x14,
    0xAC, 0xD7, 0x8F, 0x06, 0x9C, 0xED, 0x15, 0xDE, 0xE0, 0xE7, 0x88, 0x8F, 0xBF, 0xF3, 0x0C, 0x82,
    0x29, 0x23, 0xE9, 0x33, 0xCE, 0xCD, 0xBC, 0xA3, 0x77, 0x73, 0xE4, 0x7C, 0x31, 0xC3, 0x4D, 0x82,
    0xC1, 0x79, 0x54, 0x43, 0x73, 0x80, 0x8F, 0x39, 0xA2, 0xF9, 0x8C, 0x03, 0xF4, 0xAC, 0x00, 0x20,
    0x35, 0x89, 0xB0, 0x4C, 0x0B, 0x02, 0xA9, 0x55, 0x6C, 0x41, 0x2B, 0xA8, 0xEF, 0x4C, 0xDF, 0x36,
    0x99, 0x4A, 0xDD, 0x40, 0x69, 0x4B, 0x5B, 0x77, 0x6C, 0xB6, 0x1F, 0x7A, 0xF0, 0xEC, 0x30, 0xCA,
    0x82, 0x8A, 0x67, 0xE8, 0x36, 0x5C, 0x7D, 0xFF, 0xB6, 0xE0, 0xB7, 0x9E, 0x08, 0xDF, 0x7C, 0x53,
    0xF8, 0x0F, 0x85, 0x56, 0x75, 0xCC, 0x6B, 0xBD, 0x99, 0xF4, 0x76, 0xAA, 0xDA, 0x64, 0x29, 0xDF,
    0x08, 0xC9, 0x2A, 0xBF, 0x82, 0xEC, 0x80, 0xA8, 0x31, 0xFE, 0x3D, 0x15, 0xBC, 0xCB, 0x4F, 0xC4,
    0x76, 0x2E, 0xCA, 0xEA, 0x7D, 0xB6, 0x68, 0x3A, 0xE4, 0x43, 0x34, 0x03, 0xF1, 0xB4, 0x1B, 0x00,
    0xF8, 0xAC, 0x95, 0x7F, 0x79, 0x46, 0xF1, 0x07, 0xC2, 0xDF, 0xC1, 0x69, 0x44, 0x6F, 0x09, 0xD3,
    0x41, 0x98, 0x77, 0x42, 0xD7, 0x0A, 0x1B, 0x01, 0x6C, 0x73, 0xEA, 0x83, 0xC9, 0x28, 0xCC, 0xFA,
    0xCD, 0xA4, 0x2A, 0x4F, 0x26, 0x71, 0x30, 0xD9, 0x99, 0xC9, 0x20, 0x2C, 0x82, 0x89, 0xAB, 0x85,
    0x14, 0x5A, 0xCB, 0x93, 0x04, 0xCC, 0xFE, 0x4F, 0x91, 0xF2, 0x7F, 0x93, 0x33, 0xF7, 0x63, 0xD9,
    0x37, 0xC9, 0x01, 0xA3, 0x39, 0x19, 0x15, 0x2E, 0x9E, 0x94, 0x51, 0x34, 0x29, 0x5C, 0xE4, 0x43,
    0x38, 0x1F, 0xC2, 0xA9, 0xB6, 0x97, 0x23, 0xBB, 0xBE, 0x7D, 0xC2, 0xDB, 0x27, 0xCB, 0xED, 0x13,
    0x6F, 0x52, 0x15, 0xBF, 0x7D, 0x52, 0x94, 0xF9, 0x74, 0xAB, 0x87, 0xCA, 0x87, 0xAD, 0x35, 0xE2,
    0x9F, 0x6D, 0x27, 0x0D, 0xD9, 0x3F, 0x7B, 0xBE, 0x9D, 0x90, 0xC7, 0x7B, 0xD1, 0xED, 0x13, 0xEC,
    0x6E, 0x9F, 0xA4, 0x24, 0xFB, 0x53, 0x20, 0x8E, 0xDF, 0x38, 0x3A, 0x00, 0xB9, 0x65, 0x90, 0xF0,
    0xA3, 0x79, 0x4B, 0x93, 0x7F, 0xBD, 0x4D, 0x21, 0x67, 0xC2, 0xCD, 0x6C, 0x3E, 0x71, 0x32, 0xF9,
    0x2F, 0x4C, 0x11, 0xDB, 0xE4, 0x3F, 0xED, 0xF1, 0xFA, 0x77, 0xC1, 0xCE, 0x6E, 0x86, 0x5E, 0xE8,
    0x13, 0xEB, 0x53, 0x0D, 0x4D, 0x3C, 0xC0, 0x6E, 0xC1, 0x51, 0xA4, 0x5D, 0x20, 0x71, 0xD6, 0xA5,
    0xFE, 0x80, 0xB3, 0x70, 0x15, 0x39, 0x3F, 0xB2, 0x4F, 0xAC, 0x7F, 0x3F, 0x08, 0x47, 0xFE, 0xEC,
    0xED, 0x9B, 0x20, 0xFE, 0x64, 0xFD, 0x01, 0x16, 0x41, 0x4C, 0x78, 0x37, 0xE0, 0x2A, 0xA2, 0x80,
    0xAB, 0x48, 0x02, 0x06, 0x31, 0x22, 0xA3, 0x7F, 0xF0, 0x02, 0xAB, 0x70, 0x5C, 0xAC, 0xAA, 0x8B,
    0x6C, 0xFF, 0x9B, 0x90, 0xF8, 0x1F, 0x2A, 0xBF, 0x7F, 0x61, 0x2D, 0xF1, 0xAF, 0xAC, 0x0F, 0xD8,
    0x5A, 0xEF, 0xF4, 0x97, 0x12, 0x04, 0x7B, 0x99, 0x41, 0xB4, 0x7F, 0x13, 0xCD, 0x00, 0x09, 0x0E,
    0x5A, 0xC3, 0xAA, 0xC7, 0x49, 0xE0, 0x8F, 0x04, 0xE1, 0x97, 0x8A, 0xC2, 0x3A, 0xB3, 0xB2, 0x22,
    0xD1, 0x84, 0xD7, 0x82, 0xFD, 0xFE, 0x3D, 0xD8, 0xD8, 0x1B, 0x59, 0xF4, 0x25, 0xBA, 0x55, 0x48,
    0xB3, 0x37, 0xE9, 0x26, 0x93, 0x0A, 0x74, 0x22, 0xAD, 0x55, 0x55, 0xE3, 0xD8, 0x3A, 0xE7, 0x5E,
    0xB8, 0xB5, 0x65, 0xEC, 0x56, 0xAF, 0xF5, 0xB9, 0xD7, 0xA3, 0xD9, 0xB8, 0x7A, 0xED, 0x2F, 0xBC,
    0xDE, 0x0E, 0x5E, 0x4C, 0x26, 0xAB, 0x73, 0xAF, 0xC7, 0x55, 0x4F, 0x79, 0x1E, 0xFC, 0xE8, 0x95,
    0xFD, 0x57, 0x99, 0x92, 0xFD, 0x40, 0x21, 0x0A, 0x7B, 0x80, 0x06, 0x93, 0x60, 0x44, 0xF4, 0xF2,
    0x2F, 0x6C, 0x5A, 0x14, 0x83, 0x72, 0x0D, 0x9F, 0x05, 0x58, 0x8E, 0x3F, 0x50, 0x15, 0x5E, 0x01,
    0x36, 0xE0, 0x0C, 0x54, 0xF2, 0xD9, 0x6C, 0x8E, 0xBF, 0x78, 0x11, 0xBE, 0x22, 0x2E, 0xBD, 0x9F,
    0x3B, 0xBE, 0xD3, 0xFB, 0xFC, 0x4C, 0x8E, 0x97, 0x0B, 0xEF, 0xEB, 0x78, 0x7D, 0xBF, 0xB7, 0xFB,
    0x06, 0x95, 0x19, 0x6D, 0x29, 0x4D, 0x2A, 0xE8, 0xB8, 0xCE, 0xDF, 0x80, 0x01, 0x2E, 0x53, 0x32,
    0x38, 0xFE, 0xA4, 0x58, 0x90, 0x30, 0xD8, 0xA2, 0x5F, 0x35, 0x96, 0xD7, 0x1D, 0xDE, 0x79, 0xB7,
    0x77, 0x73, 0xFC, 0xE0, 0x4F, 0x59, 0x22, 0xA7, 0xE0, 0xCC, 0xFB, 0xF9, 0xB0, 0x6F, 0xB9, 0xED,
    0xAB, 0xAE, 0xDE, 0xBE, 0xEF, 0xF2, 0xD3, 0x97, 0x9E, 0x34, 0x9F, 0x1D, 0x61, 0xCE, 0x96, 0xB7,
    0x39, 0xA7, 0x7C, 0x9B, 0xCB, 0xAE, 0x43, 0x35, 0x27, 0x3D, 0xAA, 0x25, 0x52, 0xF5, 0x04, 0x0B,
    0xA4, 0x61, 0xD5, 0x2A, 0x7F, 0x3C, 0xA5, 0x37, 0x50, 0x03, 0x81, 0xD0, 0x45, 0xA2, 0x50, 0xE6,
    0xB9, 0xE6, 0x40, 0xB6, 0x06, 0x3B, 0x2E, 0xBA, 0x49, 0x20, 0x97, 0x59, 0x26, 0x33, 0xC7, 0x56,
    0xA0, 0xAD, 0x4F, 0x70, 0x29, 0xD0, 0x4D, 0xE8, 0x66, 0x6C, 0xB3, 0x1F, 0x6C, 0xE2, 0xA1, 0x33,
    0xD8, 0x0A, 0xFC, 0xCA, 0x63, 0xE7, 0x05, 0xA1, 0xDE, 0xDC, 0xBE, 0x71, 0xCB, 0xF3, 0x6F, 0x5C,
    0xD3, 0x8E, 0x60, 0x26, 0xB6, 0x42, 0xDB, 0x57, 0xB1, 0xE0, 0xB2, 0xB8, 0x57, 0xFB, 0x3A, 0xD4,
    0x56, 0x4E, 0x42, 0x69, 0xE5, 0x3C, 0x54, 0x56, 0x7E, 0x42, 0x61, 0xD1, 0x10, 0xA1, 0xAE, 0x9A,
    0x64, 0x28, 0x2B, 0x38, 0x23, 0x54, 0xD5, 0x4A, 0xA7, 0xF2, 0x9A, 0x52, 0x79, 0x6B, 0xF5, 0x40,
    0x6F, 0xDD, 0xA9, 0x5A, 0x32, 0x29, 0x2A, 0xA8, 0x9A, 0x8A, 0x50, 0xCA, 0x44, 0x95, 0x50, 0x39,
    0x77, 0x6C, 0xAD, 0x9A, 0x41, 0x51, 0x31, 0x53, 0xD6, 0x56, 0xCB, 0x4C, 0x33, 0xB1, 0x3A, 0x5B,
    0x25, 0xA5, 0x58, 0xE5, 0xF2, 0xE5, 0xA8, 0xCC, 0xB0, 0xF1, 0xE0, 0xE9, 0x97, 0x97, 0xD0, 0xF5,
    0x6B, 0x05, 0x39, 0x59, 0x01, 0x13, 0xA5, 0x5C, 0x9D, 0x2B, 0x93, 0x14, 0x79, 0x1F, 0xAD, 0x78,
    0xE2, 0xAE, 0x95, 0xED, 0xBB, 0x2F, 0x37, 0x9C, 0x2A, 0x5F, 0x98, 0x9F, 0xCA, 0xA7, 0xC4, 0x07,
    0x2B, 0x5F, 0xCA, 0xDE, 0xCA, 0x97, 0xB1, 0xB3, 0xF2, 0xA9, 0xE7, 0x54, 0xF9, 0xA4, 0xEC, 0x44,
    0x48, 0xB5, 0x99, 0xC6, 0xC7, 0x42, 0xB3, 0x34, 0x05, 0xD6, 0x1C, 0x3B, 0x5A, 0xF9, 0x74, 0x51,
    0xEE, 0x27, 0xA3, 0x68, 0xC1, 0xC1, 0x08, 0xAB, 0x58, 0x8D, 0xB7, 0xF2, 0x85, 0xA9, 0x64, 0x02,
    0x8E, 0x2B, 0x17, 0x39, 0x58, 0xF9, 0x22, 0x29, 0x9C, 0xA4, 0xF4, 0xE1, 0x25, 0xFA, 0x6D, 0xEF,
    0x42, 0xBD, 0xD4, 0x9C, 0x7E, 0x39, 0xFB, 0xE6, 0x8D, 0x7C, 0x5B, 0xB7, 0xE7, 0x8C, 0x66, 0x75,
    0x78, 0xA9, 0x74, 0x1B, 0xF1, 0x5C, 0xB0, 0xF1, 0xA1, 0x7C, 0x2A, 0xDD, 0x19, 0xEB, 0x1C, 0x55,
    0x90, 0x3B, 0x70, 0xFB, 0x3B, 0x85, 0x52, 0xB5, 0x3C, 0x6D, 0xD5, 0x6D, 0xC9, 0xCD, 0x2D, 0xD4,
    0x6B, 0xDB, 0xFC, 0x64, 0x22, 0xC3, 0xF4, 0x96, 0x61, 0xB1, 0x18, 0x0D, 0x85, 0xC1, 0x63, 0x7C,
    0xCB, 0x30, 0x53, 0xB6, 0x36, 0x0B, 0x2B, 0xAF, 0x2A, 0xA9, 0xB4, 0xC9, 0x6B, 0x13, 0x8B, 0x09,
    0x76, 0x41, 0xA8, 0xE6, 0xFB, 0xB0, 0x84, 0x55, 0xB9, 0x89, 0xC5, 0x04, 0x7F, 0x39, 0xB1, 0x7A,
    0x99, 0xCF, 0x5C, 0x8F, 0x26, 0x7A, 0x13, 0xA5, 0x44, 0xF3, 0x09, 0x0E, 0x42, 0xC9, 0xFE, 0xFA,
    0xC5, 0x79, 0xA3, 0xF9, 0x30, 0x24, 0x8F, 0x26, 0x88, 0x98, 0x41, 0xA4, 0x26, 0xC4, 0xF3, 0xBF,
    0x6D, 0x50, 0x28, 0xE9, 0x06, 0xEE, 0x4C, 0x54, 0x26, 0x9A, 0x2F, 0x17, 0xD5, 0x26, 0x2E, 0xBC,
    0xE4, 0x24, 0xEB, 0x06, 0x99, 0xC5, 0x4B, 0x4C, 0x60, 0x15, 0x6F, 0x98, 0x38, 0x1B, 0xF2, 0xD9,
    0x9B, 0xE0, 0x2A, 0x5A, 0x13, 0x03, 0x9A, 0x67, 0x24, 0x27, 0x34, 0x50, 0xE5, 0x4D, 0xCC, 0x26,
    0x16, 0x13, 0xFC, 0xAA, 0x62, 0xD9, 0x84, 0xF9, 0xFC, 0x8E, 0x09, 0xE3, 0x75, 0x10, 0xBD, 0x89,
    0x32, 0x88, 0x4F, 0xF0, 0xF2, 0x48, 0xC2, 0x25, 0x71, 0x5E, 0x58, 0x06, 0x04, 0xA2, 0x80, 0xD6,
    0xA7, 0x66, 0xF3, 0xCE, 0x3A, 0x53, 0x0F, 0x55, 0x7A, 0x7A, 0x7C, 0xEC, 0x45, 0xAB, 0x80, 0x51,
    0xC0, 0x38, 0xCC, 0x2C, 0xE5, 0xFC, 0x20, 0x34, 0xAC, 0x08, 0xBF, 0xE2, 0xC9, 0xD7, 0x7F, 0x6C,
    0x3D, 0x25, 0x4B, 0x55, 0xE6, 0x8F, 0xD1, 0x0C, 0xDA, 0x79, 0x55, 0xE3, 0xDA, 0x37, 0x6E, 0x3B,
    0xA1, 0xC2, 0xA3, 0x99, 0xC1, 0x25, 0x1C, 0xE1, 0x33, 0xDE, 0xF5, 0x78, 0x85, 0xA1, 0xBF, 0x35,
    0xFB, 0xF5, 0x70, 0xD3, 0x76, 0x14, 0xE1, 0xC8, 0x0F, 0xC7, 0x68, 0x1F, 0xD7, 0xE5, 0x4A, 0xA8,
    0x45, 0x8A, 0xF2, 0x97, 0xFB, 0x88, 0x5F, 0x84, 0xB7, 0x63, 0x3A, 0x23, 0xE2, 0xBA, 0x0D, 0x2B,
    0x6A, 0xD1, 0x10, 0xD0, 0xD6, 0x4D, 0xF7, 0x92, 0x0E, 0xF1, 0x00, 0x08, 0xE2, 0x56, 0xCF, 0xF4,
    0xF8, 0x0D, 0x1F, 0xB6, 0x35, 0x06, 0x6C, 0x73, 0x0C, 0xD8, 0xF6, 0x18, 0xB0, 0x0D, 0x32, 0x60,
    0x5B, 0x64, 0x7B, 0x55, 0x2D, 0xB0, 0x6E, 0x93, 0x8F, 0x1B, 0xE5, 0xE3, 0x56, 0xD9, 0x36, 0xCB,
    0x17, 0x8C, 0x93, 0x60, 0x6D, 0xA2, 0x34, 0x21, 0x53, 0xDB, 0x24, 0x19, 0xED, 0x6C, 0x47, 0x74,
    0xDA, 0x12, 0x39, 0x72, 0x7C, 0x7C, 0x83, 0x95, 0x7A, 0x68, 0x6E, 0xEF, 0x79, 0x8C, 0x7D, 0xB6,
    0xCF, 0xF9, 0xC9, 0xB1, 0xA3, 0x33, 0x02, 0xAE, 0x0C, 0x3C, 0x52, 0x30, 0xB2, 0x0D, 0x8D, 0x6D,
    0x65, 0x02, 0x0B, 0x25, 0x36, 0x1A, 0x6A, 0xA4, 0x7F, 0x13, 0x44, 0x46, 0x13, 0x8B, 0x89, 0x79,
    0xDB, 0xB7, 0xE6, 0x65, 0x36, 0x6D, 0x7B, 0x55, 0x67, 0xBB, 0x54, 0xDB, 0x9F, 0x1E, 0xDF, 0xE9,
    0x51, 0x13, 0x04, 0x76, 0x26, 0x52, 0x13, 0xEB, 0x0E, 0xD4, 0xDA, 0xE7, 0x84, 0x9F, 0x86, 0x59,
    0xF2, 0x43, 0x6B, 0xAF, 0x42, 0x21, 0x92, 0xD9, 0xB6, 0x11, 0x53, 0x14, 0x84, 0xF6, 0x95, 0xD0,
    0x78, 0xE9, 0x7D, 0x2B, 0x4E, 0xBF, 0x7E, 0x53, 0x2D, 0x70, 0x53, 0x43, 0xB8, 0x91, 0x44, 0x33,
    0x34, 0x04, 0xBB, 0x6A, 0x8E, 0xD8, 0xE6, 0xD3, 0xDA, 0xDD, 0x43, 0xA1, 0x8F, 0xD9, 0x17, 0x5B,
    0xC7, 0x6C, 0x2D, 0xF2, 0xF9, 0xDF, 0xF4, 0x4B, 0x7B, 0xC0, 0x26, 0x9C, 0xF9, 0xD3, 0x03, 0xE3,
    0xED, 0x07, 0x22, 0x6B, 0x28, 0xEB, 0xF0, 0x40, 0xD1, 0xA5, 0x04, 0xA7, 0x4C, 0x4D, 0x58, 0xEE,
    0x63, 0x7A, 0x37, 0x45, 0x07, 0x18, 0x40, 0xDF, 0x0C, 0xF6, 0x75, 0xF9, 0xB0, 0x44, 0xB4, 0x7F,
    0x71, 0x7A, 0x7F, 0x93, 0x9F, 0x97, 0xCA, 0x69, 0xD4, 0xBA, 0x85, 0x77, 0x61, 0x31, 0xEC, 0x18,
    0xF4, 0xEB, 0x88, 0x43, 0xC6, 0xE3, 0xE8, 0xDC, 0xF2, 0x77, 0x8D, 0xA9, 0xB5, 0xEB, 0x6D, 0xA3,
    0xCB, 0x25, 0x10, 0x0D, 0x6F, 0xD8, 0x17, 0x16, 0x34, 0xBE, 0x11, 0x9C, 0x5C, 0x8E, 0x77, 0x75,
    0x39, 0xA5, 0xB5, 0x5C, 0x24, 0x22, 0x5E, 0x47, 0x4D, 0x9B, 0x88, 0x23, 0x5D, 0xA6, 0x76, 0x78,
    0x28, 0xF4, 0xDC, 0xF8, 0xC3, 0xC0, 0xEA, 0x9F, 0x08, 0x7F, 0xF0, 0x9A, 0xF0, 0x00, 0xD1, 0xD3,
    0x63, 0xF3, 0xB6, 0x89, 0x27, 0x3B, 0x9F, 0xB4, 0x00, 0x77, 0x3E, 0x1B, 0x90, 0xF0, 0x43, 0x1F,
    0x7E, 0x71, 0xFF, 0xF9, 0xAC, 0x55, 0xAD, 0x48, 0x6B, 0x27, 0x49, 0xD9, 0x07, 0x7A, 0x5E, 0xBD,
    0x4F, 0x2E, 0xFB, 0xDA, 0x51, 0xA3, 0x3D, 0x17, 0xEB, 0x3D, 0x24, 0xC1, 0x12, 0x99, 0x3D, 0xE7,
    0xCC, 0x8B, 0xF9, 0xB4, 0x08, 0xC7, 0x78, 0x16, 0xFD, 0xE5, 0x94, 0x2C, 0x4F, 0xC9, 0x50, 0x5F,
    0x6D, 0x99, 0x94, 0x84, 0xEC, 0x8A, 0x0D, 0xD7, 0x2B, 0x76, 0x37, 0xBA, 0xC1, 0xAB, 0x8C, 0x74,
    0xDC, 0x1A, 0x95, 0x8A, 0xC2, 0xE6, 0x16, 0x56, 0xDC, 0x36, 0xC1, 0x51, 0x89, 0x57, 0x1A, 0x4F,
    0xB7, 0x8D, 0x71, 0x76, 0x47, 0x86, 0xD6, 0x23, 0xC5, 0x73, 0xF8, 0x3B, 0xC8, 0x3B, 0x37, 0x8F,
    0xF6, 0x71, 0x28, 0x51, 0xCB, 0xA1, 0x98, 0xB5, 0x09, 0x4E, 0xF9, 0x1D, 0xF6, 0x6E, 0xCA, 0x28,
    0x86, 0xDA, 0xF5, 0xD0, 0xEC, 0xA5, 0x8C, 0xD8, 0x89, 0xA4, 0xD5, 0x98, 0xE9, 0x07, 0x1A, 0x0E,
    0x62, 0x6A, 0x31, 0xE9, 0x7A, 0x2B, 0xBE, 0x56, 0x43, 0xE6, 0xC5, 0xEE, 0x84, 0x60, 0x57, 0x4C,
    0xE1, 0xF7, 0x97, 0x39, 0x62, 0xED, 0x06, 0x91, 0x3C, 0x9B, 0x74, 0xBD, 0x2D, 0xD4, 0xC7, 0x0E,
    0xA9, 0x8F, 0x58, 0x5E, 0x7C, 0xE5, 0x58, 0x81, 0xB7, 0x1A, 0x5B, 0xCA, 0xA6, 0x14, 0x17, 0x8A,
    0xDD, 0xDA, 0x8C, 0xEF, 0xAE, 0xFA, 0xAB, 0x2F, 0x05, 0xAA, 0xDA, 0x56, 0x23, 0xE6, 0x60, 0xE5,
    0x4F, 0x38, 0x36, 0xAB, 0x32, 0x9D, 0x94, 0xE3, 0xAD, 0xC1, 0x16, 0x07, 0xEC, 0xD6, 0xF5, 0x79,
    0x80, 0xAF, 0x3A, 0x6C, 0xC5, 0x6C, 0xD1, 0x6C, 0x64, 0xAF, 0x30, 0x65, 0x5B, 0x43, 0x5B, 0xC6,
    0x6D, 0xDB, 0xF7, 0x7A, 0x59, 0x84, 0xD3, 0x88, 0xFD, 0x2B, 0x24, 0x3F, 0xBA, 0xD5, 0x78, 0x78,
    0xF8, 0x1C, 0x1A, 0x57, 0x25, 0xBE, 0xEE, 0x88, 0x97, 0x97, 0x93, 0xCF, 0x37, 0xA5, 0xBB, 0x48,
    0x7E, 0x55, 0x12, 0xE2, 0x6B, 0x8F, 0xE8, 0x2D, 0x6B, 0x48, 0x50, 0x78, 0x9B, 0x45, 0x77, 0x5A,
    0x94, 0x86, 0x56, 0xCF, 0xF1, 0xA4, 0x6C, 0x53, 0x3E, 0x2E, 0xEE, 0x69, 0xB9, 0xA3, 0x6B, 0x6D,
    0x9F, 0x2B, 0xA2, 0xD1, 0x21, 0xC5, 0x2D, 0x48, 0x3F, 0xC1, 0xD7, 0x1E, 0x0F, 0x2F, 0x1D, 0xCE,
    0xAB, 0xC3, 0x77, 0x04, 0xB6, 0xF9, 0xB1, 0xC4, 0x06, 0xA3, 0xDE, 0x99, 0xDC, 0xAE, 0x27, 0xC7,
    0xCA, 0xFD, 0x39, 0x7E, 0x89, 0x91, 0x4E, 0x06, 0x61, 0xEA, 0x2E, 0x24, 0x04, 0x41, 0x63, 0xB2,
    0x5C, 0xA5, 0x6E, 0x41, 0x20, 0x4A, 0x0B, 0x8C, 0xD1, 0x5F, 0x8B, 0x12, 0xDF, 0xFD, 0x9A, 0xF3,
    0xFC, 0xA0, 0x34, 0x19, 0x9D, 0xD8, 0xFD, 0x92, 0x52, 0x5C, 0x1F, 0x94, 0xF8, 0x73, 0x44, 0x1C,
    0x0F, 0x4A, 0xCE, 0x32, 0xA6, 0x3F, 0x28, 0x05, 0xEB, 0x24, 0x28, 0x8E, 0xED, 0x49, 0x89, 0x39,
    0xD9, 0x2D, 0x70, 0x38, 0x28, 0x19, 0xD5, 0x95, 0xCA, 0xCF, 0xD3, 0x33, 0xCF, 0x77, 0x29, 0x0D,
    0x6D, 0x2C, 0xAF, 0xA2, 0xBC, 0x8A, 0xC3, 0x4D, 0xA9, 0xFA, 0x83, 0x92, 0xCE, 0xEB, 0x2C, 0x0A,
    0x96, 0xC7, 0x9C, 0xEB, 0x4B, 0xE5, 0x64, 0x83, 0xC6, 0x9E, 0xFA, 0x92, 0x10, 0x78, 0x16, 0x4E,
    0x5F, 0x9C, 0xFE, 0x67, 0x58, 0x5D, 0xC9, 0x4F, 0x59, 0x10, 0x0F, 0x27, 0x5C, 0x0C, 0x59, 0xE6,
    0xC1, 0xD2, 0xC9, 0x6C, 0xB5, 0xDC, 0x4D, 0xB8, 0x1C, 0x0F, 0x0F, 0x3E, 0x97, 0x33, 0x9F, 0x66,
    0xF9, 0xF0, 0xB9, 0x9B, 0xAD, 0x10, 0xCD, 0xE2, 0xBC, 0xDE, 0x96, 0x0F, 0xDE, 0x72, 0xBE, 0x59,
    0xC2, 0x15, 0x3A, 0x6F, 0x9F, 0x4D, 0xC5, 0x54, 0x1D, 0xAF, 0xCC, 0xF6, 0x66, 0xC8, 0xC7, 0x2A,
    0x14, 0xB0, 0x61, 0x35, 0x6B, 0xD7, 0x70, 0x75, 0xC7, 0x7F, 0xAB, 0xBA, 0xFA, 0xE0, 0xE6, 0xFE,
    0xFF, 0x8F, 0xD7, 0xB7, 0xBE, 0x8F, 0x6F, 0xDE, 0x3E, 0x7E, 0xB4, 0xFF, 0xE9, 0xBD, 0x06, 0x75,
    0xF4, 0x39, 0xC7, 0xF0, 0xF7, 0xCB, 0x56, 0x6B, 0x47, 0xE0, 0x03, 0x33, 0xB8, 0x9F, 0xC3, 0xC6,
    0xEF, 0x05, 0x9D, 0x88, 0x44, 0x39, 0xFD, 0x4D, 0x36, 0xE3, 0x90, 0x73, 0x74, 0xF4, 0xF7, 0x18,
    0xF4, 0x87, 0x0A, 0xB7, 0xFB, 0xA7, 0xAE, 0xC0, 0xF4, 0x26, 0x7E, 0x90, 0xFD, 0xD5, 0x90, 0x7C,
    0xDA, 0x82, 0xF7, 0x38, 0xD3, 0xAB, 0x1B, 0x54, 0x1E, 0xBF, 0x66, 0x22, 0xFD, 0x3F, 0x95, 0x96,
    0x01, 0x84, 0x25, 0xC9, 0x1D, 0xC6, 0xBF, 0xEE, 0xCE, 0x4E, 0x73, 0x8D, 0x0A, 0xAC, 0xC4, 0x2D,
    0x1A, 0x80, 0x85, 0x82, 0x00, 0x24, 0xD5, 0x11, 0x40, 0x90, 0x45, 0x9E, 0xE0, 0x00, 0x40, 0x0E,
    0x16, 0x00, 0x48, 0x77, 0x0E, 0x02, 0xB8, 0x05, 0x41, 0xE0, 0x16, 0xC1, 0x66, 0x20, 0x00, 0xC0,
    0x76, 0x0B, 0x00, 0xA4, 0x41, 0x82, 0x40, 0x8B, 0xC4, 0x71, 0x87, 0xAD, 0xD0, 0x97, 0xEB, 0x1D,
    0xD5, 0xF5, 0xA5, 0xBE, 0xEE, 0x7E, 0x6F, 0x76, 0x76, 0xE6, 0xAC, 0xB4, 0xFE, 0x7F, 0xEF, 0xA9,
    0xAA, 0xF9, 0x7F, 0x35, 0xFF, 0xFA, 0xD7, 0x6F, 0x06, 0xDB, 0x53, 0xB1, 0x03, 0x5A, 0xCE, 0xC8,
    0xC8, 0x80, 0x82, 0x8C, 0xA8, 0xF8, 0x86, 0x30, 0xAC, 0x08, 0x1B, 0x4A, 0xC2, 0x6D, 0xB2, 0x54,
    0x44, 0x3B, 0x27, 0xE9, 0xBD, 0xD9, 0x24, 0x26, 0xA9, 0xD7, 0x24, 0x36, 0x24, 0x71, 0x0B, 0xFA,
    0x6F, 0xE8, 0xD1, 0x92, 0x13, 0x1C, 0x39, 0xC0, 0x90, 0x40, 0xC1, 0x19, 0xC0, 0x63, 0xEC, 0x8F,
    0x1D, 0xD0, 0x8E, 0xE8, 0x07, 0xB8, 0x66, 0x1F, 0xC8, 0x88, 0x9C, 0x28, 0x22, 0x8A, 0x15, 0x65,
    0x40, 0x15, 0x60, 0x16, 0x98, 0x19, 0xB5, 0x87, 0xF5, 0x70, 0xE9, 0x4D, 0xC9, 0x46, 0xB4, 0x03,
    0xFA, 0x0E, 0x40, 0xCE, 0x11, 0x28, 0x39, 0x00, 0xB5, 0xC4, 0x69, 0xEB, 0x4C, 0x52, 0x90, 0x0D,
    0x2A, 0xF9, 0xD9, 0x6F, 0x93, 0xB4, 0xFF, 0x88, 0xC8, 0xF8, 0x8B, 0x35, 0x25, 0x36, 0xCA, 0x58,
    0x87, 0x94, 0xCA, 0x26, 0x21, 0x39, 0xB6, 0x49, 0x86, 0x5E, 0xF2, 0xE9, 0x35, 0x6F, 0x1A, 0xA0,
    0xF7, 0x00, 0x38, 0x49, 0x46, 0xE0, 0xE9, 0xF5, 0x75, 0x83, 0x5E, 0xF9, 0x48, 0x62, 0x93, 0x8C,
    0xA7, 0x13, 0xF2, 0x15, 0x40, 0x11, 0x24, 0xF1, 0x4F, 0x40, 0x75, 0xFC, 0x86, 0x5E, 0xDE, 0x0B,
    0x00, 0xA7, 0xA9, 0xFA, 0x22, 0x76, 0xC1, 0x33, 0xB4, 0x33, 0x5E, 0xFF, 0x81, 0x5E, 0xE9, 0xC6,
    0x3D, 0xA7, 0xDD, 0xCA, 0x71, 0xC2, 0xF9, 0xC9, 0xFA, 0x08, 0xD4, 0x32, 0xEA, 0x19, 0x95, 0x6A,
    0x45, 0xC5, 0x17, 0xDF, 0x83, 0x59, 0xF7, 0x1C, 0x80, 0xFB, 0xCF, 0xEB, 0x06, 0xED, 0xD7, 0x9C,
    0x94, 0x60, 0x46, 0x1F, 0xFB, 0x05, 0xF4, 0xC9, 0x83, 0xA3, 0x49, 0x32, 0x24, 0xE9, 0x25, 0xED,
    0xE8, 0x66, 0xB8, 0x1B, 0x7A, 0x58, 0xB9, 0x55, 0x72, 0xCB, 0xA8, 0x0C, 0x8F, 0x52, 0x5C, 0x5D,
    0x5F, 0x5F, 0x77, 0x15, 0x99, 0xD6, 0x9F, 0xA5, 0x7B, 0x74, 0xFA, 0x84, 0x00, 0x4C, 0x94, 0x55,
    0x90, 0xD5, 0x7C, 0x14, 0x22, 0x57, 0x71, 0x0B, 0x36, 0xF7, 0x27, 0xFD, 0x9D, 0x49, 0x5E, 0x26,
    0x17, 0x9C, 0x9F, 0x2B, 0x25, 0x70, 0x5C, 0xCF, 0xA5, 0xFB, 0x92, 0x5D, 0xCE, 0xDF, 0xB2, 0x2B,
    0xF8, 0x53, 0x7D, 0xFB, 0x8C, 0x4D, 0xA6, 0xEE, 0x42, 0xCF, 0x45, 0xEB, 0x06, 0x64, 0xE4, 0xA4,
    0x4A, 0x86, 0x94, 0xCA, 0xAE, 0x70, 0x6A, 0xAC, 0x76, 0xAA, 0xD4, 0x5D, 0xFA, 0xB6, 0x68, 0x8C,
    0x5C, 0xF6, 0x62, 0xE7, 0x94, 0xF1, 0xE3, 0x67, 0x87, 0xD9, 0x93, 0xD8, 0x80, 0x9C, 0x74, 0x04,
    0xCA, 0x50, 0x87, 0x2A, 0xDA, 0xB9, 0x88, 0xCE, 0x17, 0xDC, 0xA3, 0xA2, 0x5B, 0xDB, 0x58, 0x93,
    0xD1, 0x90, 0x6B, 0xCE, 0xCF, 0x03, 0x50, 0x2F, 0x40, 0xAB, 0x54, 0x63, 0xEC, 0xD9, 0x91, 0x11,
    0x2A, 0xAC, 0x12, 0x3F, 0x6A, 0x8E, 0x72, 0xD9, 0xE6, 0xBD, 0xE8, 0x40, 0x72, 0x52, 0xF4, 0x29,
    0xEE, 0xCD, 0x2B, 0x80, 0xED, 0x9C, 0x79, 0xC4, 0xE9, 0x74, 0x6A, 0x52, 0x2F, 0xBD, 0x6C, 0x49,
    0xAF, 0x78, 0x7C, 0x3A, 0x6D, 0xBB, 0xD6, 0xE7, 0x79, 0xCC, 0xA5, 0x40, 0xF6, 0x0A, 0xE5, 0x0C,
    0x33, 0xC1, 0x0D, 0xE8, 0x91, 0x45, 0x35, 0x59, 0xB9, 0xC0, 0x78, 0x8D, 0xD5, 0x23, 0xEC, 0xA0,
    0x19, 0xD7, 0xE9, 0x6D, 0x9B, 0xE3, 0x75, 0xCD, 0x3E, 0xA2, 0xD9, 0x7A, 0x80, 0x19, 0x51, 0xA5,
    0x4C, 0xC9, 0xE0, 0xA3, 0x4E, 0x3F, 0x56, 0x7A, 0x14, 0x33, 0x8A, 0x45, 0xB9, 0xF2, 0xBB, 0x6F,
    0xB1, 0xBF, 0x8B, 0x3C, 0x2A, 0x2F, 0x9B, 0x7A, 0xB3, 0x6E, 0x3B, 0x10, 0xF9, 0x7A, 0x58, 0xBB,
    0x61, 0xBF, 0xB3, 0x4A, 0xF9, 0xBA, 0x8E, 0x40, 0xEC, 0xF7, 0x1B, 0xD1, 0x65, 0x1C, 0x39, 0xE4,
    0x6C, 0xFA, 0xA1, 0x20, 0xFA, 0xAE, 0x58, 0xC1, 0xAE, 0x0C, 0x60, 0x53, 0x85, 0x8C, 0x30, 0x4B,
    0x9E, 0x64, 0xCE, 0x23, 0x6A, 0x5F, 0xAC, 0x92, 0x00, 0x3B, 0xA5, 0x79, 0x37, 0x56, 0xCB, 0x2D,
    0x6F, 0x5A, 0xFA, 0x9C, 0x0C, 0x25, 0xB9, 0x1A, 0xBE, 0x89, 0x75, 0x34, 0x74, 0xA1, 0xA2, 0x18,
    0x23, 0xC4, 0xE8, 0xE4, 0x15, 0x9C, 0xEA, 0x95, 0x93, 0x0D, 0x9C, 0x5C, 0x8A, 0x76, 0x66, 0x02,
    0x8C, 0x6A, 0xEC, 0xC8, 0xAE, 0x66, 0x44, 0xC9, 0xF9, 0x60, 0xCB, 0xC7, 0x7F, 0x04, 0xE8, 0x51,
    0xD1, 0x1F, 0xB9, 0xA7, 0x9A, 0x1C, 0xAD, 0x5A, 0xFD, 0x2D, 0x87, 0xF2, 0x2F, 0xEC, 0xB2, 0x62,
    0xE3, 0x44, 0x83, 0x92, 0xDA, 0xC3, 0xDE, 0xDA, 0xBA, 0x66, 0xB5, 0x22, 0xEC, 0x8D, 0xEC, 0x96,
    0xA3, 0xD1, 0x01, 0xEC, 0xB7, 0xC7, 0x1E, 0x10, 0x18, 0x20, 0x63, 0xB8, 0xDF, 0x73, 0xC2, 0x0F,
    0x6F, 0x69, 0x91, 0xED, 0x97, 0xA1, 0x3B, 0x2E, 0x43, 0x1B, 0x80, 0x9C, 0xD3, 0x01, 0x55, 0xB7,
    0x6A, 0xC1, 0x24, 0x62, 0x7D, 0x75, 0x8D, 0x9A, 0x24, 0xAC, 0xC4, 0x91, 0x51, 0xB2, 0x5E, 0xAE,
    0xCC, 0xBF, 0x44, 0xE0, 0x28, 0x23, 0x15, 0x47, 0x6E, 0x3F, 0xCE, 0x93, 0x00, 0x17, 0x29, 0xD9,
    0xC0, 0x50, 0x5B, 0x95, 0xAD, 0xE5, 0x24, 0x09, 0xC0, 0x4E, 0x8A, 0x2A, 0xEE, 0xF2, 0x23, 0xFD,
    0x36, 0xEE, 0x2B, 0x6E, 0xA8, 0x9B, 0x25, 0x23, 0x9E, 0x30, 0x1E, 0x04, 0x7E, 0x80, 0x9F, 0xC3,
    0xC3, 0xFC, 0xFC, 0xBB, 0xF8, 0xF9, 0xF3, 0x8D, 0x9F, 0x2B, 0xCC, 0x62, 0xEE, 0xF1, 0x53, 0x92,
    0xF8, 0xD9, 0x5F, 0xF8, 0xD9, 0xDF, 0xE1, 0x67, 0xAB, 0xA4, 0xB7, 0x10, 0x15, 0x3F, 0xB3, 0x08,
    0x88, 0xF2, 0x07, 0x3F, 0x4B, 0x72, 0x40, 0x75, 0x5C, 0xE9, 0xE5, 0xCC, 0x11, 0x73, 0x91, 0x3A,
    0xE0, 0x99, 0x8E, 0xE3, 0x37, 0xE2, 0x67, 0x4B, 0x8E, 0x12, 0xF1, 0x53, 0x6B, 0x1F, 0x3F, 0xCC,
    0x4F, 0xA5, 0x5A, 0x51, 0xBE, 0xC7, 0x4F, 0x7F, 0xE6, 0x67, 0x7B, 0xF0, 0x33, 0x88, 0x2C, 0x07,
    0x3F, 0xFB, 0x77, 0xF8, 0x69, 0x97, 0x0F, 0xF0, 0xD3, 0x3C, 0xCC, 0xCF, 0x8B, 0x55, 0xEB, 0xF7,
    0x1A, 0xEC, 0x88, 0x2C, 0xEF, 0xC0, 0xF5, 0x98, 0x9C, 0x2E, 0x93, 0xCD, 0x9D, 0xC9, 0xF9, 0x3B,
    0xF8, 0x99, 0xF3, 0x6B, 0x36, 0x1B, 0x3A, 0x0B, 0x66, 0xFA, 0xF6, 0x33, 0x8D, 0xBD, 0x89, 0x00,
    0xCF, 0xFC, 0xCC, 0x0F, 0x7E, 0x2E, 0x70, 0xC1, 0x86, 0xE4, 0x63, 0x56, 0xF4, 0x93, 0x89, 0x92,
    0xF4, 0x6D, 0x76, 0x61, 0xE7, 0x67, 0xAD, 0x75, 0x05, 0xE3, 0xBB, 0xFC, 0xAC, 0x63, 0x23, 0xFC,
    0x96, 0xE4, 0x2C, 0x7E, 0xDA, 0x50, 0xAD, 0xCE, 0x97, 0xE2, 0x67, 0xDC, 0x3F, 0x4D, 0x14, 0x3F,
    0x2D, 0xB9, 0x6A, 0x7E, 0xE7, 0xA7, 0x9D, 0xCF, 0xFC, 0xBC, 0x79, 0x97, 0x9F, 0xF1, 0xE0, 0xA7,
    0x0E, 0xC7, 0x35, 0xF7, 0x82, 0xEF, 0xB0, 0xF1, 0xA1, 0x79, 0x3D, 0x7C, 0x8F, 0x9F, 0x9F, 0x7E,
    0x80, 0x9F, 0x29, 0xA6, 0x83, 0x9F, 0xF5, 0x5D, 0x7E, 0xCE, 0x07, 0x3F, 0x6D, 0xF2, 0xBA, 0xCF,
    0x4F, 0xBD, 0xC7, 0x88, 0xBB, 0xF0, 0x73, 0xBA, 0xE5, 0xA7, 0xC0, 0x58, 0x9E, 0xF9, 0x59, 0xDC,
    0x83, 0xE7, 0xC1, 0xCF, 0xF9, 0xCC, 0x4F, 0x79, 0x28, 0x23, 0xB5, 0xE4, 0xC2, 0x72, 0xD5, 0xA1,
    0x9A, 0x9F, 0x26, 0xAF, 0xE8, 0xBA, 0x8C, 0xD4, 0xE9, 0x7D, 0x41, 0x54, 0x6B, 0x21, 0x4C, 0x16,
    0x07, 0x21, 0xAD, 0x08, 0xE9, 0xA6, 0x52, 0x52, 0x2D, 0x49, 0xCC, 0x0C, 0xE7, 0x5D, 0x92, 0xC8,
    0x94, 0x9A, 0x49, 0x2A, 0x7E, 0x3E, 0x01, 0xAF, 0x54, 0xDC, 0x2B, 0x76, 0xB0, 0x2A, 0x36, 0x43,
    0x6A, 0x85, 0xB5, 0x0A, 0xC5, 0x6A, 0xE6, 0x72, 0xB5, 0xDF, 0x3C, 0x0F, 0x8E, 0xF4, 0x8E, 0xB1,
    0x71, 0xFF, 0x6E, 0xE0, 0x46, 0xF5, 0x3D, 0x1A, 0xBB, 0x7E, 0xA2, 0x56, 0x1D, 0x0A, 0xB2, 0xDB,
    0x10, 0x79, 0x15, 0x1B, 0xF1, 0x31, 0xDB, 0xD8, 0xFB, 0xC5, 0x6A, 0x42, 0x11, 0xEB, 0x04, 0x6B,
    0xEB, 0xF3, 0xE8, 0xA6, 0x22, 0xBA, 0x51, 0x51, 0xAE, 0x09, 0xD6, 0xC1, 0x4D, 0xF5, 0x6C, 0x23,
    0xBD, 0xA1, 0x70, 0x1F, 0x81, 0xA7, 0x2F, 0x80, 0xEB, 0x26, 0x65, 0xE9, 0x07, 0xE7, 0x93, 0x05,
    0x07, 0xB8, 0x7F, 0xB2, 0x41, 0xFD, 0xED, 0x0A, 0x18, 0x91, 0xB8, 0xE4, 0x74, 0xC0, 0xB0, 0x92,
    0x58, 0x0E, 0xC2, 0xDA, 0x88, 0x8C, 0xCF, 0x3D, 0xCA, 0x68, 0x66, 0x98, 0xB0, 0xA1, 0xA4, 0x5C,
    0x71, 0x6A, 0xB2, 0x13, 0xF0, 0xFC, 0x2D, 0x8A, 0x7D, 0x7F, 0xBE, 0x78, 0xF1, 0x7C, 0x06, 0xCC,
    0x02, 0x54, 0x01, 0x57, 0x7F, 0x0E, 0x39, 0x19, 0x6A, 0x72, 0x71, 0xB3, 0x99, 0xFB, 0xC1, 0xFA,
    0xBE, 0x6B, 0xC7, 0xFE, 0x6F, 0xEC, 0x1C, 0x23, 0x6A, 0xCE, 0xC8, 0x12, 0x66, 0xF0, 0xD1, 0x0B,
    0x00, 0xD6, 0x27, 0x71, 0x93, 0x64, 0x4C, 0xD2, 0x0E, 0x49, 0xFA, 0x4D, 0x7E, 0xB7, 0x00, 0x6C,
    0x77, 0x80, 0x37, 0x19, 0xFF, 0xCB, 0x2E, 0x67, 0x77, 0xFE, 0xC3, 0x15, 0xFF, 0x8F, 0x3F, 0x5C,
    0x8F, 0x9B, 0x47, 0xCF, 0x3E, 0xE4, 0xC6, 0xEE, 0xE3, 0x97, 0x60, 0xD3, 0x8F, 0x19, 0x73, 0xB9,
    0x55, 0x2B, 0x52, 0x65, 0x67, 0x14, 0x6B, 0x9A, 0x2E, 0x22, 0x55, 0x9F, 0x88, 0x9D, 0xB2, 0x86,
    0xEC, 0x92, 0x65, 0x9A, 0xA8, 0xBD, 0x9B, 0x52, 0x4E, 0xEB, 0x75, 0xF4, 0x0B, 0x5C, 0x82, 0x52,
    0x72, 0xCB, 0x7E, 0x99, 0xDC, 0x5E, 0x62, 0x1B, 0x95, 0x8F, 0x1B, 0x8E, 0x7F, 0x81, 0x99, 0xDE,
    0xE6, 0xBB, 0xFE, 0x69, 0x56, 0x2F, 0xFA, 0xFD, 0x87, 0x52, 0x0E, 0xE0, 0xD7, 0xE5, 0x22, 0xEA,
    0x46, 0x17, 0x0D, 0x07, 0x44, 0xB2, 0xE5, 0xA8, 0x2A, 0xAC, 0xFD, 0x94, 0xB3, 0xA3, 0xB7, 0x53,
    0x41, 0x70, 0x48, 0x1F, 0xAA, 0xC5, 0xD6, 0x84, 0x4C, 0x6E, 0xAA, 0x47, 0xB2, 0x4B, 0x15, 0x89,
    0x42, 0xE3, 0x9C, 0x5C, 0xD8, 0x19, 0xAF, 0x8F, 0xA6, 0xF6, 0xDB, 0x22, 0x3B, 0x69, 0x91, 0x76,
    0xAB, 0x45, 0xAA, 0x4E, 0xDA, 0x71, 0xF6, 0xEA, 0xC9, 0x84, 0x3C, 0xF4, 0x01, 0xC5, 0x0D, 0x23,
    0x0A, 0x7E, 0x49, 0x94, 0xCC, 0xD4, 0xF2, 0x49, 0x4C, 0xD8, 0x0A, 0x9C, 0xAC, 0xCC, 0x03, 0x05,
    0x76, 0xC9, 0x07, 0xAD, 0xA4, 0xEF, 0x6A, 0x8F, 0x13, 0x54, 0xEF, 0x8F, 0x3F, 0x5B, 0x01, 0xFB,
    0x57, 0x76, 0x70, 0x1B, 0x34, 0xDE, 0xF6, 0x1E, 0xED, 0x64, 0x3D, 0xFA, 0x21, 0xAD, 0x61, 0x23,
    0x81, 0xF5, 0xDA, 0xC8, 0x94, 0xC5, 0x94, 0x28, 0x27, 0x74, 0xBA, 0x99, 0x68, 0xF9, 0x46, 0xE6,
    0x0C, 0xA8, 0xDE, 0xD2, 0xC3, 0xA4, 0x7B, 0x98, 0x04, 0x48, 0xBE, 0xF7, 0xCF, 0xD0, 0x0D, 0xB7,
    0xFF, 0x4B, 0xFA, 0x82, 0x4C, 0xF5, 0xB8, 0x1A, 0xCA, 0xB0, 0x23, 0xBC, 0xE0, 0x04, 0x50, 0x1B,
    0xA1, 0x06, 0x3A, 0x80, 0xC3, 0xF7, 0xC1, 0xEE, 0x27, 0xBF, 0x62, 0xE3, 0x48, 0x38, 0x2E, 0xB8,
    0x52, 0x2F, 0x1A, 0xB5, 0x7C, 0x0A, 0xD7, 0x20, 0xE3, 0x35, 0x6A, 0xCD, 0xA5, 0xF8, 0x01, 0x4F,
    0x3A, 0x27, 0x28, 0x5F, 0xA5, 0x58, 0xB0, 0xED, 0xC4, 0xF8, 0x7D, 0x33, 0x56, 0x71, 0x33, 0xA2,
    0xE6, 0x08, 0x93, 0x42, 0x7D, 0xFD, 0x3F, 0x7D, 0x99, 0x31, 0xAC, 0xDF, 0xD6, 0x75, 0xC6, 0x0F,
    0x49, 0x4B, 0x2C, 0xC2, 0x81, 0x5E, 0x84, 0xA2, 0xF2, 0xC0, 0x0E, 0x1D, 0x0A, 0x05, 0x08, 0xD7,
    0x6E, 0xA4, 0x95, 0xA2, 0x1D, 0xA3, 0xA2, 0x7E, 0x59, 0x3C, 0x68, 0x4F, 0x87, 0x37, 0x17, 0x28,
    0x4A, 0x2A, 0x19, 0x32, 0x74, 0xB0, 0x86, 0x76, 0xB6, 0x06, 0x0F, 0xEE, 0xCB, 0xA0, 0x1D, 0x48,
    0x4D, 0x3A, 0x05, 0x9A, 0xA1, 0x0B, 0xDB, 0xDA, 0xCD, 0xE0, 0x21, 0x44, 0x1A, 0x37, 0x80, 0x3C,
    0x88, 0x4A, 0x28, 0x98, 0x4F, 0xBD, 0xBC, 0x5F, 0xEF, 0x77, 0xCE, 0x05, 0x1F, 0x0D, 0x39, 0x26,
    0x04, 0xFD, 0xBE, 0xC7, 0xF7, 0x27, 0xEF, 0x39, 0xE7, 0x9E, 0x73, 0xEF, 0xF9, 0xDF, 0x27, 0x12,
    0xAF, 0x4B, 0xFC, 0x5A, 0x44, 0x32, 0x00, 0x01, 0x15, 0xE0, 0x03, 0x3A, 0xC0, 0x05, 0x40, 0x91,
    0xC1, 0x7F, 0x7F, 0x15, 0xC9, 0xB1, 0xCA, 0x9B, 0x22, 0x25, 0x46, 0xD1, 0x0F, 0xF6, 0x44, 0x0D,
    0xE1, 0xD5, 0x78, 0x7E, 0xB6, 0x6F, 0xF6, 0x84, 0xE8, 0xF6, 0x34, 0xA0, 0xED, 0x9C, 0xBE, 0xF4,
    0x84, 0x4F, 0x2F, 0xA4, 0xDB, 0x73, 0x3E, 0xD9, 0xA0, 0x40, 0x4B, 0xFC, 0x12, 0x17, 0x0F, 0xA4,
    0x06, 0x80, 0x55, 0x4A, 0x62, 0x91, 0xDC, 0x20, 0x11, 0x77, 0x03, 0x66, 0x8E, 0xE1, 0x74, 0xA8,
    0x6E, 0x53, 0x0C, 0x11, 0xAB, 0x02, 0xC0, 0x78, 0x40, 0x6D, 0x10, 0x51, 0x1B, 0x0E, 0xC7, 0x68,
    0xF2, 0xF8, 0x2F, 0x44, 0xDD, 0x3B, 0xA2, 0xB9, 0x4F, 0x24, 0xC3, 0x5F, 0xF3, 0x0D, 0x83, 0x8E,
    0xC4, 0xF1, 0x37, 0xFD, 0x01, 0x8E, 0xCF, 0xF1, 0xA7, 0x68, 0x53, 0x03, 0x7C, 0x3E, 0x2C, 0xFC,
    0xD5, 0x38, 0x4C, 0x09, 0x50, 0xF7, 0xBB, 0x64, 0x70, 0x7C, 0x49, 0x8E, 0xA5, 0xCB, 0x68, 0xFC,
    0xEC, 0xF3, 0x45, 0x2A, 0x7C, 0xEC, 0x8A, 0x59, 0x6A, 0xFC, 0x70, 0x2B, 0x27, 0x69, 0x90, 0xAD,
    0xD5, 0x18, 0x90, 0x2F, 0x4D, 0x2F, 0x9D, 0x2F, 0xE7, 0x4E, 0x02, 0xAA, 0xF1, 0xA3, 0x80, 0xBD,
    0x1E, 0x77, 0x91, 0x61, 0x6F, 0xDE, 0x76, 0xBC, 0xD9, 0x65, 0x1B, 0xC1, 0x97, 0x48, 0x03, 0xBE,
    0x84, 0x28, 0x27, 0x06, 0x79, 0xAD, 0xFE, 0x6D, 0x94, 0x12, 0x7E, 0xC0, 0x28, 0x05, 0xD4, 0xCD,
    0xCC, 0x20, 0x11, 0x8D, 0x39, 0xDD, 0x41, 0x67, 0xD3, 0xE7, 0x1A, 0x17, 0x57, 0x2C, 0x22, 0x92,
    0x86, 0x97, 0x10, 0x1F, 0x7C, 0x4B, 0xA7, 0xEC, 0x34, 0xF1, 0xD7, 0x22, 0x7C, 0x1D, 0x1F, 0xE9,
    0xD4, 0xE9, 0xD4, 0x9C, 0x2E, 0x08, 0xFA, 0x82, 0x2B, 0xCC, 0xD2, 0x60, 0x96, 0x62, 0x14, 0x8D,
    0x66, 0x9B, 0x60, 0x17, 0x4D, 0x97, 0x8D, 0x08, 0xBE, 0x13, 0x25, 0x26, 0x05, 0x0D, 0xB9, 0xC5,
    0xD4, 0x68, 0xE6, 0xA1, 0xAF, 0xD1, 0x36, 0xBF, 0x42, 0xDB, 0x40, 0xBA, 0xCF, 0x20, 0x01, 0xC3,
    0xF3, 0x20, 0x99, 0x28, 0x5E, 0xE1, 0xFF, 0x5C, 0xB1, 0x4A, 0x40, 0x82, 0x99, 0x48, 0x31, 0x11,
    0x99, 0x39, 0x74, 0xA0, 0x27, 0x7E, 0xCC, 0xE1, 0x6B, 0x7C, 0x81, 0x94, 0x91, 0x00, 0x86, 0x6F,
    0x88, 0x04, 0x91, 0x43, 0xDD, 0x93, 0x3B, 0xEF, 0x08, 0xAF, 0x7B, 0x57, 0x57, 0x57, 0x1F, 0x46,
    0x37, 0x6D, 0x8A, 0x37, 0x7B, 0x62, 0x35, 0x1C, 0xF9, 0x96, 0xF0, 0x0E, 0xB3, 0x67, 0x31, 0x3F,
    0x23, 0x66, 0x73, 0x77, 0x3A, 0xA1, 0xC0, 0x68, 0x5E, 0x3F, 0xE3, 0x9B, 0x4B, 0x80, 0xA1, 0xA9,
    0x6C, 0x80, 0xDA, 0xD0, 0x70, 0x1C, 0xC3, 0x1A, 0xE0, 0x2D, 0x83, 0x77, 0xC5, 0xE0, 0x14, 0x50,
    0x34, 0x96, 0xAC, 0x9D, 0x61, 0xB0, 0x9C, 0x85, 0xE1, 0x75, 0x1B, 0x6C, 0xF0, 0x13, 0x4A, 0xC3,
    0xF9, 0x1A, 0xEC, 0xE3, 0x85, 0xBD, 0x31, 0x0E, 0x70, 0xBC, 0x33, 0x35, 0x6B, 0x59, 0xDB, 0xEF,
    0xBA, 0x38, 0x91, 0x7F, 0x72, 0x7A, 0x91, 0xD1, 0xCA, 0xDC, 0xD8, 0x6A, 0x30, 0x2F, 0x71, 0xF1,
    0x4E, 0x7C, 0x1B, 0xC4, 0xEC, 0xF5, 0x3A, 0x98, 0xBD, 0xEE, 0x07, 0xF0, 0x8C, 0xC5, 0xE1, 0x9C,
    0x40, 0x99, 0x5C, 0x85, 0xFB, 0x1F, 0x70, 0x54, 0x0B, 0x44, 0x46, 0x2E, 0x07, 0x6D, 0xF8, 0xC3,
    0xB9, 0xD3, 0xF0, 0x35, 0x14, 0x82, 0x2D, 0xDE, 0xB6, 0x71, 0xAB, 0xC8, 0x9A, 0xF0, 0xD1, 0x9C,
    0xFD, 0x4C, 0x0B, 0x7F, 0xBC, 0xEE, 0x3E, 0x56, 0xD0, 0xEE, 0x29, 0x0A, 0x39, 0x02, 0x96, 0x20,
    0x0A, 0xC9, 0x76, 0xE3, 0x9D, 0xB6, 0xD8, 0x83, 0x93, 0xA5, 0x4B, 0xB1, 0x56, 0x40, 0x1F, 0x54,
    0x85, 0xBD, 0xE1, 0x2A, 0x54, 0xB9, 0x0E, 0x66, 0x73, 0xED, 0x54, 0x60, 0xB3, 0xC1, 0x74, 0xBC,
    0x46, 0x3F, 0xFF, 0xB6, 0xAA, 0xB1, 0x0C, 0x80, 0x93, 0x0E, 0x6D, 0x81, 0x95, 0xF1, 0x18, 0x20,
    0x05, 0x16, 0x2A, 0xEC, 0x5A, 0x31, 0xF6, 0x01, 0xBA, 0x8A, 0x2D, 0xC1, 0xC6, 0x58, 0x27, 0x58,
    0xC3, 0xA0, 0x52, 0xA3, 0x55, 0xC5, 0x75, 0x47, 0x02, 0x32, 0x3E, 0x07, 0xC9, 0xA8, 0xE6, 0x04,
    0x5E, 0x02, 0x72, 0x4C, 0x19, 0x76, 0x09, 0x28, 0x30, 0x16, 0x70, 0x12, 0x50, 0x62, 0xAC, 0x10,
    0x55, 0xDF, 0xF0, 0xE5, 0xAA, 0x06, 0x6C, 0x12, 0x50, 0x05, 0xD3, 0xB0, 0x72, 0x2A, 0x6B, 0x64,
    0xEA, 0x03, 0x74, 0x1D, 0xB6, 0x61, 0x1A, 0x5F, 0x7E, 0xA9, 0xC5, 0xCE, 0x30, 0xCD, 0x47, 0x16,
    0x1D, 0x79, 0x85, 0x36, 0x8A, 0xCC, 0x47, 0x21, 0x85, 0x93, 0xD7, 0xAF, 0x30, 0xFF, 0xB7, 0xFF,
    0x59, 0x12, 0x0E, 0xEE, 0x24, 0x35, 0x64, 0x01, 0x15, 0xB1, 0x4B, 0xBD, 0x49, 0x4E, 0xAC, 0x52,
    0x04, 0x34, 0x8B, 0x94, 0xDE, 0x47, 0x48, 0x37, 0x4B, 0xF9, 0xCA, 0xCB, 0x10, 0xE2, 0xFC, 0x12,
    0x82, 0x29, 0xE9, 0x5E, 0xE1, 0x02, 0x9F, 0xE4, 0xE0, 0xB5, 0x17, 0x0A, 0x57, 0x1A, 0xC2, 0x87,
    0x91, 0x41, 0x64, 0x98, 0xF0, 0xDD, 0x00, 0x8C, 0xC4, 0x5D, 0x3C, 0xC3, 0x73, 0x3C, 0x69, 0x6C,
    0x8E, 0x0C, 0xF3, 0xB7, 0x79, 0xD3, 0x3F, 0xCE, 0x20, 0xC3, 0x7B, 0x9B, 0x04, 0x74, 0xEF, 0x07,
    0x1B, 0xC2, 0x68, 0xBF, 0x0C, 0x36, 0xEC, 0xD2, 0x3D, 0x0F, 0x83, 0x07, 0x4B, 0x10, 0xE0, 0x02,
    0x66, 0xC3, 0x24, 0xD5, 0xA6, 0xA8, 0xD7, 0x80, 0x91, 0x26, 0x46, 0xD4, 0xBA, 0xB9, 0x5C, 0x5D,
    0x59, 0x52, 0x69, 0x0E, 0xB7, 0x87, 0x8A, 0x69, 0x7C, 0xA4, 0x1F, 0x8D, 0xF6, 0x37, 0xB9, 0x1B,
    0x55, 0xDB, 0xD9, 0x23, 0x15, 0x4E, 0xFB, 0x68, 0x89, 0xF1, 0x56, 0x1B, 0x94, 0xA7, 0x62, 0xA2,
    0x36, 0x3B, 0x55, 0x37, 0x06, 0xE5, 0x38, 0x7F, 0x08, 0xAA, 0x73, 0xC2, 0x69, 0xEC, 0xB5, 0xC2,
    0xB8, 0x36, 0xB6, 0xA2, 0xD9, 0x83, 0x8A, 0xE9, 0x89, 0xEB, 0x4B, 0xEC, 0x03, 0x98, 0x5B, 0x00,
    0x5E, 0x01, 0x18, 0x13, 0xAA, 0xDF, 0x51, 0xA5, 0x54, 0x3F, 0x02, 0xD0, 0xD3, 0xD0, 0x5D, 0xF7,
    0x53, 0xAA, 0xC7, 0xAA, 0x72, 0x7C, 0xCA, 0xF5, 0x67, 0xA3, 0x1A, 0xE3, 0xC6, 0x5A, 0xA0, 0x8F,
    0xAA, 0x54, 0x85, 0x45, 0x8D, 0x8F, 0xAA, 0x42, 0x10, 0xBA, 0x70, 0xD7, 0xA6, 0xB8, 0x6F, 0x79,
    0x55, 0xFE, 0xA7, 0x34, 0x9E, 0x0A, 0x2E, 0xEE, 0xDB, 0x54, 0x9D, 0xAA, 0x2E, 0xA8, 0x41, 0x55,
    0x85, 0x55, 0xE2, 0x75, 0xA1, 0xAB, 0xC4, 0xD5, 0x3F, 0x52, 0xDB, 0xF2, 0xA4, 0x23, 0x9E, 0xA3,
    0x6A, 0xD2, 0xC9, 0x11, 0x61, 0x6F, 0xB2, 0x38, 0x02, 0xCB, 0x70, 0x0D, 0x68, 0xA3, 0xEC, 0x39,
    0x51, 0x17, 0xAD, 0x9A, 0x5C, 0xF1, 0x27, 0x5D, 0x9D, 0x29, 0x19, 0x0D, 0x1A, 0x5D, 0x69, 0x38,
    0x46, 0xE6, 0x7C, 0x8D, 0xF7, 0x38, 0x8F, 0x74, 0xA0, 0xC1, 0xF7, 0xF0, 0x05, 0x74, 0x99, 0x06,
    0x6A, 0xC8, 0x77, 0x28, 0xDF, 0xC2, 0x5E, 0x73, 0x3C, 0x6B, 0x0E, 0x4C, 0x6A, 0x92, 0xD5, 0xC7,
    0xAA, 0x3A, 0xD6, 0x98, 0xD4, 0x65, 0x70, 0x06, 0x9D, 0x3A, 0x61, 0x7B, 0x69, 0x2B, 0x19, 0x5E,
    0xDA, 0xEE, 0x3A, 0xB1, 0x74, 0x19, 0x87, 0x0E, 0x8B, 0xCA, 0x9D, 0xF6, 0x6D, 0x2C, 0x63, 0xC6,
    0x2E, 0xB5, 0xEA, 0xA5, 0x8C, 0x6B, 0x83, 0xC6, 0xB6, 0xA3, 0xEC, 0x55, 0x0E, 0xCE, 0xFC, 0xF9,
    0xCB, 0x5E, 0x74, 0xC9, 0x90, 0x12, 0x3F, 0xF6, 0x4F, 0x59, 0xCC, 0x94, 0x3F, 0x47, 0xAC, 0x66,
    0x93, 0x23, 0xFD, 0x29, 0x28, 0xCD, 0x9F, 0x1C, 0xFF, 0x81, 0x9B, 0x98, 0x27, 0x17, 0xBA, 0x31,
    0x3E, 0x91, 0xBB, 0x1F, 0x86, 0x7C, 0xD6, 0x0C, 0x0F, 0xA3, 0x7B, 0x13, 0x5A, 0x05, 0xBA, 0x5A,
    0x55, 0x2A, 0xE0, 0xB4, 0x12, 0x96, 0x04, 0xFA, 0x63, 0x33, 0xA7, 0x5A, 0x83, 0xE1, 0x1F, 0x8B,
    0x1B, 0x53, 0x10, 0xF9, 0xFF, 0x05, 0x31, 0x06, 0x51, 0x7E, 0xE9, 0x52, 0xF4, 0xD2, 0x4D, 0x41,
    0x64, 0x90, 0x20, 0xEA, 0xDF, 0x6C, 0xB9, 0x16, 0x6B, 0xF3, 0x8B, 0xAD, 0xD8, 0x29, 0xBA, 0x9F,
    0x6F, 0xA5, 0xA3, 0x18, 0xFE, 0x61, 0xAB, 0x9C, 0xAD, 0xE8, 0x16, 0xC4, 0x28, 0x1A, 0x44, 0x71,
    0x07, 0x9F, 0xED, 0x0F, 0xAF, 0xF1, 0xA9, 0x08, 0xFE, 0xDD, 0x95, 0xAB, 0xEE, 0xF4, 0xEF, 0x6D,
    0xE5, 0x0B, 0x4D, 0xFD, 0xF7, 0x97, 0xF2, 0xB7, 0x0C, 0x0B, 0x9E, 0xCE, 0xE5, 0xEF, 0x3C, 0x05,
    0x47, 0xDD, 0x29, 0x86, 0xB1, 0x0C, 0x06, 0x05, 0x81, 0x9E, 0x11, 0xE6, 0xCC, 0x48, 0x49, 0xEF,
    0x4D, 0x2C, 0x14, 0xAC, 0xB0, 0x99, 0x82, 0x16, 0x8C, 0x14, 0x9B, 0x89, 0xD4, 0x16, 0x4A, 0x8A,
    0x25, 0x08, 0xDB, 0xC4, 0xB4, 0xE6, 0xEF, 0x7D, 0x20, 0x99, 0x65, 0x5C, 0xB3, 0xAA, 0xA2, 0xEF,
    0xA6, 0xB8, 0x4A, 0xC7, 0xF6, 0xD5, 0xB1, 0x44, 0x0A, 0xB4, 0xB7, 0xB0, 0x0B, 0x97, 0x14, 0xB0,
    0xB0, 0x13, 0x4C, 0x52, 0x7A, 0x4E, 0x78, 0x82, 0x51, 0xAA, 0xFD, 0xD6, 0x45, 0x89, 0x94, 0xCA,
    0x95, 0x28, 0xB4, 0xDD, 0xA9, 0x5D, 0xE9, 0x4B, 0xED, 0x78, 0x1A, 0x57, 0xED, 0x25, 0x72, 0xA6,
    0xE4, 0xC6, 0xBB, 0x05, 0xE3, 0xB8, 0x86, 0xBB, 0x9E, 0xEF, 0x1A, 0x96, 0x70, 0x77, 0xE7, 0xBB,
    0x40, 0xE5, 0x4C, 0xE9, 0xEF, 0xF7, 0xA0, 0xE6, 0x41, 0xEF, 0x4A, 0x18, 0xD0, 0xEE, 0x4A, 0x18,
    0xC6, 0xEE, 0x4A, 0x86, 0x8F, 0xED, 0x6E, 0x50, 0x3F, 0x54, 0x45, 0x93, 0xEF, 0xF3, 0xF7, 0xA0,
    0xFA, 0xAE, 0xFE, 0x7E, 0x16, 0x1A, 0xF4, 0xE8, 0x2A, 0x7C, 0x42, 0xCC, 0x0C, 0x9A, 0x67, 0x66,
    0x70, 0x31, 0xA8, 0x76, 0x35, 0x83, 0x6E, 0xD9, 0x8A, 0xBC, 0x1F, 0x6A, 0x13, 0x1A, 0x6F, 0x81,
    0xA1, 0xF1, 0x56, 0xA9, 0x34, 0x5E, 0x17, 0x1B, 0xBB, 0x2C, 0xB8, 0x71, 0x87, 0x3F, 0xB3, 0x51,
    0x96, 0xB1, 0xD2, 0xCF, 0xDC, 0xF4, 0x29, 0xCB, 0x5F, 0xAD, 0x0E, 0xE3, 0xA6, 0xB0, 0xAE, 0xED,
    0x2D, 0xBC, 0x8D, 0x45, 0x8B, 0xF4, 0x57, 0x64, 0xC6, 0x35, 0x70, 0xD6, 0xA7, 0xCD, 0x18, 0x92,
    0x8B, 0x28, 0x3E, 0x57, 0x02, 0xBA, 0xA6, 0xDB, 0xEC, 0xF7, 0x92, 0x61, 0x65, 0x6D, 0x05, 0x2E,
    0x81, 0x5C, 0x63, 0x66, 0x9D, 0xFA, 0x02, 0x93, 0xB2, 0xE4, 0x04, 0x79, 0x63, 0xB3, 0x1B, 0x3B,
    0x67, 0x1C, 0x8C, 0x09, 0x36, 0x72, 0xCA, 0xA0, 0xCB, 0xE7, 0x5A, 0x91, 0xF9, 0xD1, 0xED, 0x18,
    0x13, 0xC0, 0x0F, 0xB3, 0x9A, 0xB9, 0xD2, 0x2C, 0x66, 0x9C, 0xB5, 0x23, 0xEF, 0xC8, 0x37, 0x5D,
    0x4D, 0x0C, 0x46, 0x17, 0x39, 0x44, 0xBE, 0x7E, 0x25, 0x03, 0x7A, 0x8B, 0xD6, 0x66, 0x9F, 0xF3,
    0xC7, 0xE2, 0x59, 0x5A, 0x04, 0x6B, 0x5C, 0x3F, 0x5C, 0xF8, 0xAA, 0x3E, 0x99, 0x44, 0xE0, 0x2D,
    0x86, 0xEE, 0x68, 0x79, 0xD5, 0x7B, 0xE2, 0x21, 0xBF, 0xB4, 0xC5, 0x16, 0xDB, 0xD0, 0x9B, 0x43,
    0xAD, 0xDC, 0x1E, 0x70, 0x75, 0x75, 0x4C, 0x19, 0x9B, 0x79, 0x1B, 0x93, 0xCF, 0xD7, 0x37, 0x98,
    0xCD, 0x72, 0x3A, 0x8A, 0xA3, 0xF3, 0x55, 0xEC, 0xF1, 0xB9, 0xE8, 0x5D, 0x2B, 0x0F, 0x88, 0xCF,
    0xDF, 0x9D, 0x8F, 0x07, 0x4B, 0x43, 0x6E, 0x48, 0x0C, 0xFC, 0x25, 0xDD, 0xD3, 0xC5, 0xDD, 0x1A,
    0x0E, 0x36, 0x97, 0xDA, 0xE4, 0x58, 0xFF, 0x5E, 0x63, 0xD4, 0xC2, 0xED, 0x6C, 0x36, 0xE9, 0x1F,
    0x99, 0xC1, 0x91, 0x73, 0x81, 0x45, 0x5B, 0xCD, 0x8A, 0x46, 0x71, 0xB9, 0x45, 0x1F, 0xF7, 0x0E,
    0x21, 0x1F, 0xF1, 0x63, 0xBA, 0x39, 0xAC, 0xCA, 0xEF, 0x61, 0xD2, 0x41, 0x75, 0xAB, 0xBE, 0xD5,
    0xA1, 0xC3, 0x45, 0xAB, 0x7E, 0xDA, 0x36, 0x62, 0x6C, 0x94, 0x7D, 0x64, 0x7B, 0x34, 0xDA, 0x02,
    0x5F, 0xC3, 0x12, 0x94, 0xCF, 0xD3, 0x2C, 0x6D, 0x6E, 0xB3, 0x1B, 0x32, 0xBF, 0xAC, 0xA3, 0x33,
    0xB3, 0x68, 0x31, 0xCD, 0x62, 0x12, 0xD1, 0xAC, 0x14, 0x1B, 0xD9, 0xEB, 0xFC, 0xF0, 0x25, 0x71,
    0x27, 0x53, 0xB7, 0xEA, 0x58, 0x86, 0x72, 0xC5, 0xEB, 0x83, 0x04, 0xBC, 0x56, 0xC3, 0x92, 0x1A,
    0x32, 0xC5, 0x6C, 0x98, 0x5E, 0xFF, 0xFE, 0xF2, 0xB3, 0x51, 0xF1, 0xFE, 0x62, 0xF3, 0x47, 0x68,
    0x88, 0x09, 0x67, 0x73, 0x33, 0x19, 0x4E, 0xF3, 0x96, 0x63, 0xFF, 0x96, 0xDE, 0x73, 0x1D, 0xBD,
    0x52, 0xE7, 0x0B, 0x0F, 0xDA, 0x96, 0xBD, 0xB0, 0xE9, 0xBA, 0x6F, 0x11, 0x50, 0x3F, 0x8E, 0x1E,
    0xBF, 0xD6, 0x29, 0x4C, 0x2C, 0x21, 0x4A, 0xA8, 0x0D, 0x8D, 0xA1, 0x7E, 0x4F, 0x07, 0xFD, 0x83,
    0xA3, 0x27, 0x6A, 0x0D, 0x72, 0x1A, 0xFC, 0x7C, 0x5D, 0x1E, 0xEB, 0x89, 0x4E, 0x87, 0x8F, 0xBA,
    0x31, 0x37, 0x8F, 0xFB, 0xD8, 0x4C, 0x97, 0x38, 0x35, 0x0D, 0xFE, 0x9F, 0x2E, 0x61, 0xC3, 0x48,
    0xDA, 0xD2, 0x9C, 0x51, 0xB5, 0x0D, 0xB8, 0x98, 0x60, 0x63, 0x6D, 0x5A, 0xE3, 0x9F, 0xDD, 0xBC,
    0xA8, 0x8D, 0xB5, 0x12, 0xE7, 0xC1, 0xB4, 0xCD, 0x45, 0xD4, 0xCD, 0x59, 0xFB, 0x93, 0xDE, 0x6F,
    0x74, 0x17, 0x68, 0xDA, 0x08, 0xC7, 0xD6, 0x39, 0x50, 0x75, 0xA2, 0x41, 0xC4, 0xC6, 0x4D, 0xA9,
    0x80, 0xDE, 0x5B, 0xB9, 0x2F, 0x31, 0xE3, 0xD8, 0x6D, 0x31, 0x75, 0x1A, 0x7F, 0x89, 0x36, 0xD5,
    0xF5, 0x6A, 0x1E, 0xD6, 0x8C, 0x36, 0xCE, 0xBA, 0x9C, 0xCC, 0x29, 0x46, 0xEA, 0x0E, 0x8F, 0x30,
    0x25, 0x18, 0x73, 0x4C, 0x29, 0x10, 0x6E, 0x26, 0xF4, 0x69, 0xAC, 0xB0, 0x67, 0x4C, 0xAC, 0xBE,
    0xC0, 0x17, 0x80, 0x3D, 0xD8, 0xDB, 0x32, 0x19, 0x3E, 0x59, 0x42, 0x54, 0xB7, 0x05, 0x3C, 0xBC,
    0xC6, 0x70, 0x8B, 0x4B, 0x31, 0x07, 0xEF, 0xA9, 0xED, 0x4C, 0x24, 0x94, 0x5D, 0xB9, 0x77, 0x31,
    0x8E, 0xC2, 0x2D, 0xED, 0xC1, 0x11, 0x45, 0x77, 0x5A, 0xB9, 0xCE, 0x7A, 0xFB, 0x7A, 0xDD, 0xAD,
    0x37, 0x7A, 0x58, 0x6E, 0x34, 0xCE, 0x7A, 0x3E, 0x64, 0x82, 0xE9, 0xA4, 0x47, 0xE2, 0x7C, 0xDD,
    0xC6, 0xA6, 0xAC, 0x81, 0xF3, 0x01, 0x51, 0x16, 0x33, 0xA3, 0xB0, 0x95, 0x84, 0x61, 0x83, 0x65,
    0xFD, 0x38, 0x90, 0x35, 0xDA, 0xCE, 0x68, 0x36, 0x34, 0xE0, 0x98, 0x24, 0xC7, 0x23, 0x53, 0xCB,
    0x54, 0xDD, 0xA3, 0xC9, 0x12, 0x96, 0x05, 0x0F, 0xBD, 0x11, 0x2E, 0xA6, 0xDA, 0x12, 0x19, 0x4B,
    0x0D, 0x2D, 0x99, 0xC3, 0x13, 0x6F, 0x66, 0xF6, 0xB1, 0x3F, 0x4B, 0x8D, 0xCE, 0x98, 0xBA, 0x02,
    0x3B, 0x3F, 0xB5, 0x57, 0xFA, 0xB9, 0xD2, 0x37, 0x80, 0x25, 0xB4, 0x72, 0x00, 0x6A, 0x68, 0xB2,
    0xEE, 0x55, 0x60, 0xE6, 0x9B, 0xAD, 0x62, 0xD5, 0xB9, 0x66, 0xD6, 0x3D, 0x79, 0xA9, 0x46, 0xDD,
    0x9B, 0xA6, 0x52, 0x02, 0x59, 0x49, 0x91, 0x72, 0x62, 0xAF, 0xAC, 0x22, 0x1B, 0xB3, 0xEB, 0xAF,
    0x10, 0x4B, 0x1B, 0x3E, 0xD2, 0x45, 0xAE, 0x91, 0xA3, 0xB2, 0xBB, 0xD6, 0x82, 0x09, 0x0B, 0xCD,
    0x4D, 0x30, 0xF3, 0x80, 0xCD, 0x42, 0xBA, 0x1B, 0x20, 0x31, 0x7F, 0x02, 0xDA, 0x1A, 0x7D, 0x72,
    0x89, 0x8B, 0x87, 0xF8, 0xC4, 0xD6, 0x1F, 0x9F, 0x2B, 0x76, 0x83, 0x8B, 0xDF, 0x72, 0x62, 0x8B,
    0x7B, 0x0B, 0xFB, 0xC5, 0x25, 0x1E, 0x57, 0xB0, 0xDE, 0xDA, 0xF0, 0x6D, 0xF8, 0x9F, 0x00, 0x4F,
    0x12, 0x2C, 0xAC, 0xC0, 0x14, 0x2F, 0x2F, 0xB1, 0xC4, 0xCE, 0xCB, 0xD0, 0x4A, 0x7E, 0x0C, 0x1E,
    0x77, 0x8D, 0xEB, 0xE8, 0x2B, 0x71, 0x7C, 0xD7, 0xFA, 0xEA, 0x81, 0xE5, 0x19, 0xBB, 0xA2, 0x8B,
    0x4E, 0x1B, 0xCE, 0x57, 0x3D, 0x19, 0x1B, 0xE3, 0x5B, 0xB6, 0xF0, 0xA4, 0x36, 0xB8, 0xD4, 0xA7,
    0x03, 0x28, 0xED, 0x23, 0x6E, 0x62, 0x30, 0x78, 0xC6, 0xD8, 0xFB, 0xE4, 0xA7, 0x0C, 0xE2, 0x7F,
    0xEE, 0xF2, 0x06, 0xA7, 0xEF, 0xBE, 0x1D, 0xBD, 0xEC, 0x99, 0x1D, 0xBD, 0x6C, 0xCA, 0x12, 0x4B,
    0xBE, 0x29, 0xA7, 0x62, 0xB5, 0x9C, 0x2C, 0x2D, 0x17, 0xFB, 0xF2, 0xE5, 0xC5, 0x05, 0xA7, 0x8A,
    0x6F, 0x0C, 0xD4, 0x53, 0x5A, 0xB2, 0xA6, 0xD7, 0x1D, 0x6F, 0xC1, 0xDD, 0xD0, 0x4B, 0xF7, 0x08,
    0x1B, 0x7F, 0xEE, 0xDE, 0xC6, 0x4A, 0x0E, 0xF7, 0x03, 0x99, 0xCB, 0x99, 0x96, 0x6D, 0x1B, 0xF9,
    0xB1, 0xB7, 0xE5, 0xE2, 0xB7, 0x7B, 0xAE, 0x6D, 0x1E, 0xFC, 0x53, 0x8C, 0xB6, 0xBB, 0x07, 0xA6,
    0x91, 0x32, 0x90, 0xBD, 0xAD, 0xA5, 0xD6, 0x12, 0x9B, 0xFB, 0x52, 0xBE, 0x6C, 0x2D, 0x99, 0x66,
    0x31, 0x4E, 0xC6, 0x3B, 0xAD, 0x91, 0xAE, 0xF7, 0x5F, 0xC9, 0x1F, 0x18, 0xD3, 0xC8, 0x2C, 0xB2,
    0x8C, 0xAC, 0x22, 0x1B, 0x8F, 0x89, 0xEC, 0x76, 0x23, 0xAE, 0xE3, 0xA6, 0xF1, 0x42, 0x99, 0x19,
    0xEF, 0xBC, 0x8B, 0xFF, 0xC5, 0xCB, 0x0B, 0xB3, 0x0F, 0x3E, 0x72, 0x17, 0x05, 0x1C, 0x1F, 0xB7,
    0xD5, 0x23, 0x68, 0xEB, 0xFB, 0x57, 0x32, 0xC5, 0x69, 0x57, 0x3C, 0x31, 0x65, 0x3B, 0x03, 0xFF,
    0xF8, 0x58, 0xBA, 0x3B, 0x6F, 0x29, 0x01, 0xA7, 0x4C, 0xB0, 0x91, 0xD6, 0x1F, 0x35, 0xCE, 0x1A,
    0x24, 0xCB, 0x5E, 0xD2, 0x4A, 0xAA, 0xD1, 0x79, 0x51, 0x0E, 0xDE, 0x78, 0x5A, 0x93, 0xD0, 0x6A,
    0x6F, 0x46, 0x63, 0x62, 0xC6, 0xEA, 0xE0, 0xC7, 0xFE, 0x29, 0x78, 0xA5, 0x91, 0xBA, 0x96, 0x12,
    0xE7, 0x93, 0xC6, 0xEC, 0xFC, 0x93, 0x1E, 0x14, 0x5C, 0x5C, 0x5C, 0x74, 0xF8, 0xA4, 0x34, 0x4F,
    0x0D, 0x5B, 0xA5, 0x58, 0xED, 0x34, 0xDB, 0x8A, 0x81, 0x16, 0x69, 0x75, 0xDE, 0x03, 0xF0, 0xEC,
    0xEA, 0x71, 0x67, 0x2D, 0xC0, 0xA0, 0x18, 0x9F, 0xE2, 0x55, 0xE8, 0x19, 0x7A, 0x3A, 0x60, 0xE5,
    0xF2, 0x75, 0x18, 0xE5, 0xF6, 0x14, 0x70, 0xFD, 0xFD, 0x61, 0x92, 0x3C, 0x16, 0x9D, 0x41, 0x22,
    0x1A, 0x1B, 0x28, 0xD7, 0xB1, 0xED, 0xC0, 0xF5, 0x9C, 0x0E, 0xB5, 0xE2, 0x12, 0xBE, 0x3D, 0xD6,
    0x8A, 0x46, 0xE7, 0x2B, 0xB1, 0x69, 0xCA, 0x4F, 0x07, 0xED, 0xCC, 0xD2, 0x15, 0x39, 0x4F, 0xBB,
    0x1E, 0x79, 0x79, 0x20, 0xF0, 0xA9, 0x06, 0xC9, 0x65, 0x8E, 0x58, 0x88, 0x02, 0x33, 0x51, 0x62,
    0xCC, 0x37, 0xAD, 0x92, 0x62, 0xB5, 0x22, 0x59, 0x88, 0x96, 0x60, 0x89, 0x44, 0xCC, 0x8A, 0x7A,
    0xB2, 0xA9, 0x19, 0x6F, 0x00, 0xE9, 0x7A, 0xC5, 0x10, 0xD1, 0x12, 0x2D, 0xB4, 0xE2, 0x46, 0xA2,
    0xC2, 0x0B, 0x9F, 0x3C, 0xD1, 0xBA, 0x18, 0x66, 0x33, 0x73, 0x96, 0xD4, 0x20, 0x83, 0xA1, 0x56,
    0xF0, 0xEE, 0xB5, 0x55, 0x84, 0x28, 0x96, 0xA3, 0x2E, 0xEC, 0xF8, 0xD1, 0xAA, 0xC2, 0x0A, 0xA3,
    0x9B, 0x6C, 0x19, 0xC1, 0xC8, 0x7F, 0xDC, 0xBC, 0x12, 0x92, 0x7B, 0x30, 0x59, 0xA0, 0xCD, 0xED,
    0x24, 0x5F, 0xE3, 0x52, 0xC0, 0x58, 0x19, 0xD7, 0xDA, 0xB8, 0x34, 0x91, 0xCC, 0xD4, 0x6E, 0xD7,
    0x24, 0x0F, 0x92, 0xDC, 0x28, 0x8D, 0xDB, 0x91, 0xF4, 0xEC, 0x3B, 0x29, 0x19, 0xC4, 0x20, 0xC9,
    0x39, 0x3B, 0xFA, 0xCD, 0x99, 0x1C, 0x83, 0xB4, 0x9E, 0x87, 0x66, 0x94, 0x07, 0x2D, 0x3F, 0x2A,
    0xB4, 0x41, 0xC6, 0x83, 0xAA, 0xE9, 0x8F, 0xA5, 0x21, 0xB1, 0xDE, 0xD0, 0x4B, 0x11, 0x48, 0x5B,
    0x32, 0x92, 0xB6, 0x0C, 0xB0, 0x00, 0xDC, 0x7A, 0xE7, 0xF5, 0xEF, 0x27, 0x16, 0x13, 0x2E, 0x64,
    0x2D, 0x05, 0x4E, 0x1B, 0x34, 0xDA, 0xF3, 0xA9, 0x4E, 0x09, 0xFF, 0x74, 0xB7, 0x95, 0x7B, 0x92,
    0xBF, 0x3B, 0xF6, 0x2C, 0x13, 0xF2, 0xFB, 0x45, 0x4F, 0xD8, 0x53, 0x36, 0xD4, 0xA9, 0x0D, 0x3C,
    0xCE, 0xEB, 0xCC, 0xBE, 0xE4, 0x68, 0x11, 0x1B, 0xEC, 0xC7, 0x87, 0x94, 0x9C, 0xD9, 0xDE, 0x54,
    0x47, 0x03, 0x8F, 0x9A, 0x78, 0x7C, 0xBB, 0xFF, 0x23, 0x06, 0xAC, 0x71, 0xCD, 0x82, 0x7F, 0x0D,
    0x62, 0xF0, 0xC3, 0x97, 0xF8, 0xAF, 0x20, 0x36, 0x7C, 0x81, 0xA7, 0xFF, 0x83, 0x31, 0x88, 0x1F,
    0xF9, 0xF2, 0x37, 0x41, 0x78, 0x64, 0xAE, 0x7C, 0x8E, 0x56, 0x06, 0xE4, 0x9C, 0x48, 0x8E, 0xC3,
    0x99, 0xD4, 0x2C, 0x3E, 0x7F, 0x39, 0xE4, 0x50, 0x99, 0x87, 0x15, 0x52, 0xB6, 0x55, 0x9F, 0x0F,
    0xB4, 0x34, 0x5F, 0xEB, 0x71, 0xD0, 0x2E, 0x62, 0x69, 0x46, 0xE8, 0x4A, 0xF2, 0xE4, 0x5E, 0xCB,
    0x46, 0x31, 0x76, 0xFD, 0x4F, 0xC4, 0xDE, 0x72, 0x74, 0xFD, 0xE7, 0x76, 0xDF, 0x30, 0xCA, 0xD7,
    0x5D, 0x36, 0xBA, 0x44, 0x54, 0x86, 0x78, 0xA8, 0xDE, 0x10, 0xBB, 0xC1, 0x1D, 0x5D, 0xBF, 0xA8,
    0x3E, 0x60, 0x71, 0x4B, 0x0C, 0xA9, 0x9A, 0xCD, 0x0C, 0x3B, 0x21, 0xFF, 0xEA, 0x5F, 0x2D, 0x8E,
    0x15, 0xEC, 0x84, 0x73, 0xBB, 0x7F, 0xC0, 0x66, 0xD2, 0x60, 0x6E, 0x7E, 0x68, 0xEB, 0x85, 0x7A,
    0xB7, 0x65, 0xE0, 0x5F, 0x14, 0xF8, 0xBF, 0x6D, 0x2F, 0xAD, 0x6D, 0x98, 0xF1, 0xA5, 0xD6, 0xC9,
    0xEA, 0xFF, 0x23, 0xBD, 0xE2, 0x82, 0xF9, 0x50, 0x0F, 0x38, 0x6D, 0xAC, 0x0E, 0x41, 0xFE, 0x21,
    0x9F, 0x6D, 0x6C, 0xA3, 0xD0, 0x29, 0xE8, 0xE2, 0xDF, 0x5E, 0x7E, 0x7D, 0xF4, 0x00, 0x8D, 0x3F,
    0x6C, 0xB0, 0x27, 0xA3, 0xC9, 0xE6, 0x94, 0x79, 0x98, 0x62, 0xBB, 0x09, 0xC8, 0x70, 0x7A, 0xA0,
    0x46, 0x7F, 0x32, 0x4A, 0xFD, 0xFE, 0xC1, 0x87, 0xE7, 0xBF, 0x5D, 0x62, 0x35, 0x2C, 0x16, 0xC3,
    0x25, 0x79, 0xC2, 0xB7, 0xBD, 0x18, 0xE6, 0xD8, 0x5A, 0x19, 0x46, 0xAE, 0x9D, 0xB8, 0xE6, 0xA0,
    0xD8, 0xAD, 0x30, 0xEC, 0x8D, 0xE8, 0xF3, 0x56, 0xCA, 0xF7, 0xF1, 0x17, 0xB0, 0x42, 0x22, 0x6A,
    0xC0, 0x6B, 0x79, 0xD1, 0x89, 0x5A, 0xFF, 0xB7, 0x9C, 0x26, 0x1C, 0xF1, 0xB7, 0x83, 0x63, 0xAD,
    0x73, 0xE6, 0x58, 0xCF, 0x76, 0xE4, 0x91, 0xD8, 0xF9, 0x61, 0x1A, 0xD0, 0x78, 0x05, 0x9C, 0xAD,
    0x10, 0x5B, 0xC0, 0x54, 0xE9, 0xC1, 0xD0, 0x7F, 0xD3, 0xA4, 0x02, 0xC7, 0x17, 0x00, 0x2F, 0x8A,
    0xD5, 0x06, 0xEF, 0x09, 0x1D, 0x2F, 0xB9, 0x38, 0x97, 0x7B, 0x12, 0x27, 0xDE, 0xA2, 0x54, 0x45,
    0x5B, 0x46, 0x4F, 0x74, 0x2D, 0x88, 0x41, 0x14, 0x68, 0x0D, 0x93, 0x57, 0xF0, 0xF2, 0xED, 0xA0,
    0x9C, 0xE3, 0x62, 0x58, 0x2B, 0x5C, 0xA1, 0xF0, 0xC9, 0xA0, 0x94, 0x62, 0x61, 0xDC, 0x6C, 0xD1,
    0x0D, 0x98, 0xFF, 0xF4, 0x0D, 0x19, 0xA4, 0x9C, 0xDC, 0x77, 0xE4, 0x23, 0xA9, 0x7E, 0x81, 0x41,
    0x76, 0xA9, 0x9F, 0x03, 0x3F, 0x73, 0x96, 0xDA, 0x9B, 0x34, 0xBE, 0xFE, 0x8C, 0xAE, 0x6E, 0x25,
    0x8F, 0x29, 0x87, 0xE9, 0x0D, 0x79, 0x93, 0x6E, 0x9A, 0x81, 0x8B, 0x05, 0x6B, 0x93, 0x44, 0xA4,
    0x7E, 0x88, 0x67, 0x1F, 0x85, 0x36, 0xBA, 0x8C, 0xA1, 0x37, 0x64, 0xB0, 0x50, 0x46, 0xD4, 0x71,
    0x1E, 0x2F, 0x24, 0x5E, 0xF7, 0x6C, 0x96, 0x2D, 0x89, 0xCE, 0x13, 0x6E, 0x53, 0x6E, 0x62, 0x31,
    0x26, 0x88, 0x22, 0x8D, 0x82, 0x61, 0x8F, 0x02, 0x93, 0x89, 0x77, 0x35, 0xAC, 0xB6, 0xE5, 0x50,
    0xC5, 0x72, 0xB5, 0x1B, 0xC0, 0x74, 0x74, 0x34, 0x34, 0xD0, 0x3C, 0xAC, 0xF8, 0x97, 0x80, 0xB7,
    0xE0, 0xB8, 0x0E, 0xD6, 0x5E, 0xB0, 0x33, 0x33, 0x9B, 0x9D, 0x2D, 0x0D, 0x6F, 0xF2, 0x3E, 0x8B,
    0xB6, 0xA3, 0xE0, 0xC8, 0x43, 0x10, 0x9E, 0xF9, 0x8C, 0x4D, 0xC5, 0x4C, 0x4B, 0x9B, 0x3D, 0x98,
    0x40, 0x03, 0xBB, 0x3D, 0xC7, 0x48, 0x31, 0xB8, 0x02, 0x63, 0xCA, 0xDF, 0xBA, 0x58, 0xBB, 0xD8,
    0x62, 0xA3, 0x80, 0xB5, 0x42, 0x6B, 0x0E, 0x55, 0x88, 0x0E, 0xD5, 0x14, 0xF6, 0x35, 0xD5, 0xC4,
    0x6C, 0x42, 0x3D, 0xBB, 0x6B, 0x5F, 0x22, 0xA4, 0x3E, 0xFD, 0x81, 0x72, 0x89, 0xDC, 0xE2, 0x29,
    0xD7, 0x6E, 0x34, 0x67, 0x5D, 0x42, 0xAA, 0x85, 0x91, 0xF6, 0x65, 0x68, 0x0D, 0xD4, 0xE1, 0x94,
    0xD6, 0xD9, 0x5A, 0x18, 0x3B, 0x6F, 0x63, 0xF1, 0x3D, 0xB9, 0xFD, 0x91, 0xCC, 0x42, 0xB5, 0x4A,
    0xA6, 0x9C, 0x95, 0xC7, 0x91, 0x96, 0xD7, 0x29, 0x3E, 0x0E, 0x9E, 0xAE, 0x8F, 0x25, 0xE0, 0xC4,
    0x6E, 0x57, 0xDC, 0x85, 0xBF, 0xEA, 0xA3, 0xB5, 0xE3, 0x41, 0xB3, 0x96, 0xF7, 0xFF, 0x26, 0xB4,
    0x56, 0xED, 0x69, 0x5A, 0xB3, 0x83, 0xB3, 0xF1, 0xFC, 0xF5, 0xF5, 0xC1, 0x2D, 0x65, 0x3E, 0x37,
    0xCA, 0x62, 0x32, 0x96, 0x53, 0x67, 0x1C, 0xFF, 0x5E, 0x59, 0x3D, 0xDB, 0x09, 0x3B, 0x0C, 0xB3,
    0xD9, 0xDF, 0xEC, 0x47, 0xB2, 0x22, 0x57, 0xB3, 0x40, 0x8F, 0xC1, 0xA0, 0x13, 0x9A, 0x01, 0x7B,
    0xB6, 0x3C, 0x60, 0x01, 0xBA, 0x7C, 0xD6, 0x04, 0x77, 0xC5, 0xC4, 0xB0, 0x7F, 0xBC, 0x95, 0x81,
    0x0D, 0xEE, 0x6F, 0xE5, 0xC8, 0xC7, 0xB2, 0x95, 0x1C, 0x7C, 0xB6, 0x54, 0xFD, 0x71, 0x54, 0x27,
    0x70, 0xDF, 0xCC, 0xC1, 0x68, 0x71, 0x39, 0xC5, 0xA9, 0x86, 0xD1, 0xD2, 0xE3, 0xD8, 0x07, 0x24,
    0x3D, 0x1E, 0xD4, 0x16, 0xA0, 0x8A, 0xF3, 0x50, 0x47, 0x36, 0xCA, 0x29, 0x72, 0x94, 0xEE, 0xCC,
    0x78, 0x48, 0x7A, 0xAB, 0x25, 0x5C, 0x39, 0xDE, 0x20, 0xD9, 0x2A, 0x22, 0x5D, 0x6B, 0x1E, 0xB1,
    0xFD, 0xC4, 0x73, 0xDF, 0xCC, 0x8E, 0xB6, 0xD4, 0x0E, 0x63, 0x8F, 0xE3, 0x4F, 0x6F, 0x00, 0x21,
    0x44, 0x05, 0xED, 0x29, 0x6A, 0x43, 0x6C, 0xE1, 0x9B, 0x5D, 0xD1, 0xF1, 0x0B, 0x15, 0x91, 0xF0,
    0xF1, 0xC1, 0x92, 0x34, 0xDA, 0x62, 0x39, 0x92, 0x58, 0xFC, 0x35, 0xB3, 0x22, 0x46, 0xCE, 0x6F,
    0xA9, 0xE9, 0x35, 0x72, 0x12, 0x72, 0x43, 0xA1, 0x60, 0x48, 0x0C, 0xAD, 0x41, 0xF8, 0xC9, 0x0A,
    0xDA, 0xAA, 0xD4, 0x78, 0x7A, 0x9C, 0x26, 0xB6, 0x0A, 0x0E, 0x1E, 0x67, 0xD6, 0x1C, 0x1A, 0x62,
    0x9F, 0xAD, 0xD3, 0x78, 0x04, 0xE0, 0x88, 0x43, 0x4F, 0x3C, 0xD0, 0x4E, 0xF3, 0xFF, 0x01, 0x63,
    0x00, 0x02, 0xFE, 0xFF, 0xFF, 0x1F, 0xC8, 0xFF, 0xFF, 0x7F, 0x41, 0xFF, 0xFF, 0xFF, 0x03, 0xF6,
    0x50, 0xAC, 0xB5, 0x6A, 0x95, 0x03, 0x00, 0xCD, 0x96, 0x21, 0x8C, 0xE3, 0x56, 0x10, 0x86, 0xED,
    0xAC, 0x7A, 0x01, 0x05, 0x41, 0x45, 0x0B, 0xC2, 0x51, 0x38, 0x8A, 0x39, 0x2A, 0xA8, 0xCA, 0x71,
    0xC9, 0x71, 0xA9, 0x92, 0xC3, 0xD1, 0xA1, 0xE2, 0xE2, 0x92, 0xD2, 0xB2, 0x17, 0x8E, 0x52, 0x50,
    0x6E, 0xB0, 0x68, 0x51, 0x80, 0x81, 0x57, 0xB2, 0xFD, 0xF7, 0xF9, 0x1B, 0xBF, 0x91, 0x47, 0xCD,
    0x6A, 0xAB, 0x82, 0xEA, 0x2C, 0x3D, 0xE5, 0xF3, 0xDC, 0x29, 0x99, 0xF9, 0xFF, 0x5F, 0xF3, 0xB6,
    0x8A, 0xCF, 0xB7, 0xEA, 0xAA, 0x67, 0x7D, 0x59, 0x30, 0x69, 0xAC, 0xA5, 0x21, 0xD3, 0x53, 0xFE,
    0xD8, 0x4B, 0x77, 0xFE, 0x5D, 0xF7, 0x83, 0xE1, 0xF2, 0x71, 0x92, 0x6E, 0x19, 0x4F, 0xFA, 0xEB,
    0xCB, 0x59, 0xBF, 0x5C, 0x33, 0x9E, 0x55, 0x55, 0xED, 0x9C, 0xC1, 0x3E, 0xD2, 0x68, 0x98, 0x3F,
    0x04, 0x52, 0xD1, 0xB0, 0xD0, 0x4E, 0x3C, 0x53, 0xC6, 0x16, 0xE2, 0x7F, 0x28, 0xA2, 0x68, 0xA1,
    0x5E, 0xB1, 0xA7, 0x9B, 0x7B, 0xB5, 0xCF, 0x3F, 0x0B, 0x76, 0xB9, 0xA3, 0x6B, 0x26, 0x2A, 0x07,
    0x90, 0xCA, 0x41, 0x97, 0x4C, 0x54, 0x8E, 0x6A, 0x0C, 0x2F, 0x2B, 0xF2, 0x71, 0x52, 0x55, 0xF0,
    0x0C, 0x52, 0x39, 0xCF, 0x20, 0x43, 0x4C, 0x86, 0x9B, 0x21, 0x26, 0xC7, 0xF4, 0x60, 0x1E, 0x2A,
    0x35, 0x2D, 0x52, 0xD9, 0xA1, 0x12, 0x95, 0x27, 0x90, 0x4A, 0x6E, 0x99, 0xCE, 0x41, 0x1F, 0xC2,
    0xE7, 0xB9, 0x7D, 0x3C, 0xCF, 0xC9, 0x86, 0x38, 0xE7, 0x4A, 0x4B, 0xE7, 0xAF, 0x52, 0xFD, 0x9B,
    0xE8, 0x5C, 0x9A, 0x6B, 0x69, 0x32, 0x34, 0xFB, 0xC0, 0x3E, 0xE3, 0xDD, 0xF0, 0x96, 0x91, 0xEF,
    0x4A, 0x6F, 0x9C, 0x7F, 0x3E, 0xCF, 0x7A, 0xD9, 0x4D, 0x50, 0xD2, 0x78, 0x50, 0xB3, 0x26, 0xE0,
    0xA8, 0xAB, 0x05, 0xA0, 0x3F, 0x41, 0xE6, 0xFF, 0x05, 0xE5, 0xFE, 0xFC, 0xF5, 0xA8, 0x22, 0xDC,
    0x7E, 0x28, 0xBA, 0xF1, 0x98, 0x90, 0x2E, 0x15, 0xCF, 0x27, 0x49, 0xA6, 0x5F, 0x2B, 0xCD, 0x46,
    0x92, 0xA6, 0xBA, 0x78, 0x3D, 0xEE, 0xD4, 0x5B, 0x40, 0x46, 0xB4, 0x43, 0xAF, 0x42, 0x1D, 0x07,
    0x89, 0xF2, 0xE9, 0x4C, 0xA1, 0x7C, 0x6E, 0x26, 0x10, 0xC7, 0x09, 0x8F, 0x2F, 0xE8, 0x87, 0xDB,
    0x1C, 0xCC, 0xE6, 0xD0, 0x32, 0xC7, 0x89, 0xE4, 0x96, 0x10, 0xA7, 0xC9, 0x0E, 0xCD, 0x73, 0xB0,
    0x99, 0x83, 0xCB, 0x1C, 0x4C, 0xAE, 0xA1, 0xDC, 0x38, 0x27, 0xB4, 0x1C, 0x9A, 0xE7, 0x29, 0x8E,
    0x5B, 0xF3, 0x2B, 0x1D, 0x9C, 0x4C, 0x57, 0xF3, 0xB6, 0x31, 0x5A, 0x24, 0x2B, 0x34, 0x39, 0x0D,
    0x4E, 0xB7, 0x28, 0xF7, 0x23, 0x57, 0xED, 0x97, 0x70, 0x15, 0x5A, 0x5C, 0x45, 0x18, 0x5C, 0x35,
    0x61, 0xCC, 0xD5, 0x0C, 0xB8, 0xBA, 0x15, 0x06, 0x72, 0x61, 0xDA, 0x89, 0xE3, 0xC2, 0x3C, 0x70,
    0x75, 0xF8, 0xAF, 0xAE, 0x72, 0x10, 0x86, 0xF3, 0xBE, 0xAB, 0xC7, 0xFF, 0xC3, 0xD5, 0xFE, 0x6B,
    0x75, 0x35, 0xAE, 0xEC, 0x4F, 0x2F, 0x9B, 0xA5, 0x7D, 0x9E, 0x37, 0x6B, 0xBB, 0xD5, 0x66, 0x71,
    0x27, 0x6D, 0x56, 0x77, 0x9A, 0x37, 0xCB, 0xBB, 0x1D, 0x37, 0xEB, 0xFB, 0xB9, 0x0B, 0x0B, 0x3C,
    0xAC, 0xF0, 0xB8, 0xF4, 0x7C, 0x8D, 0xA3, 0x45, 0x59, 0xE4, 0xBC, 0xC8, 0x5F, 0x3A, 0x7F, 0x19,
    0x16, 0x89, 0x7C, 0x9D, 0xA3, 0x52, 0x59, 0xE8, 0x07, 0x7B, 0xE9, 0x7C, 0xE1, 0x95, 0x2A, 0x2F,
    0xA5, 0x8A, 0xD5, 0x54, 0xCB, 0x1A, 0x2F, 0x55, 0x9A, 0xF7, 0x2A, 0x12, 0x58, 0xD5, 0xE4, 0xF3,
    0x2A, 0x23, 0x59, 0x95, 0x17, 0xAF, 0x32, 0x9F, 0x57, 0x99, 0x0F, 0x60, 0xAD, 0xF3, 0xE2, 0x8B,
    0xDD, 0xAB, 0x0C, 0x5A, 0xAA, 0x0C, 0x6A, 0x55, 0x7B, 0xF1, 0x2A, 0xC1, 0xB0, 0xAA, 0xAD, 0x78,
    0xAF, 0x32, 0xB5, 0x57, 0xC3, 0xEA, 0x0F, 0xCB, 0x3F, 0xAC, 0xFF, 0x70, 0x01, 0x84, 0x2B, 0x20,
    0x5C, 0x02, 0xE1, 0x1A, 0x08, 0x17, 0x41, 0xB8, 0x0A, 0xFC, 0x32, 0xF8, 0x28, 0x63, 0xA8, 0xED,
    0x21, 0x43, 0x6E, 0x4F, 0x19, 0x7A, 0x7B, 0xCC, 0x10, 0xDC, 0x73, 0x46, 0xB4, 0x3C, 0x68, 0x48,
    0xEE, 0x49, 0x43, 0x73, 0xC8, 0xE4, 0xE5, 0x6D, 0xAB, 0x7A, 0x94, 0x3D, 0xA4, 0x2D, 0xC6, 0x2D,
    0xE6, 0x2D, 0x04, 0x2E, 0x26, 0x2E, 0x46, 0x2E, 0x66, 0xCE, 0xE5, 0x27, 0x3B, 0x31, 0x75, 0x31,
    0x76, 0x31, 0x77, 0x31, 0x78, 0x31, 0x79, 0x31, 0x7A, 0x31, 0x7B, 0x31, 0x7C, 0x31, 0x7D, 0xD0,
    0x7B, 0x42, 0xC4, 0x00, 0x86, 0x04, 0xC6, 0x08, 0xC6, 0x0C, 0xC6, 0x10, 0xC6, 0x14, 0x7A, 0x3D,
    0xE6, 0x30, 0x06, 0x31, 0x26, 0x31, 0x46, 0x31, 0x66, 0x31, 0x86, 0x31, 0xA6, 0x31, 0xC6, 0x31,
    0xE6, 0xF1, 0x5F, 0x04, 0xF2, 0xB3, 0xD8, 0x76, 0xE8, 0xEC, 0x4B, 0x32, 0x89, 0x1F, 0xF2, 0x90,
    0x34, 0x36, 0x84, 0xE3, 0x41, 0x6F, 0x3F, 0xAE, 0x78, 0xD4, 0x0D, 0x17, 0xE8, 0xBD, 0x71, 0x74,
    0xF7, 0xFC, 0x7A, 0x23, 0x8C, 0xA4, 0xA7, 0x33, 0x03, 0x4E, 0xEB, 0xEF, 0x69, 0x24, 0x7C, 0x57,
    0x93, 0x3E, 0x81, 0xE8, 0x9E, 0x49, 0x17, 0x44, 0xE7, 0x84, 0x8B, 0xC2, 0xAF, 0xB9, 0x8D, 0xF2,
    0xE1, 0xCA, 0xF3, 0x3B, 0x6F, 0x7B, 0xD5, 0x11, 0x34, 0x4E, 0xB8, 0xEC, 0x4A, 0xE0, 0x3C, 0x5F,
    0x3E, 0x84, 0xE3, 0x1C, 0xE7, 0x01, 0x49, 0x51, 0xAB, 0xFA, 0x92, 0x51, 0xA0, 0xAE, 0x2B, 0x9E,
    0x7D, 0x1E, 0x43, 0xCB, 0xDD, 0x11, 0x64, 0x96, 0x3D, 0xA3, 0xD9, 0x2C, 0xDF, 0x7D, 0x1F, 0x6E,
    0x3E, 0x06, 0x88, 0x77, 0x1F, 0x3D, 0x3A, 0xFE, 0xB4, 0xF1, 0x56, 0xAA, 0x1C, 0x67, 0x47, 0x0D,
    0x8E, 0xEA, 0xDC, 0xE9, 0xF9, 0xBD, 0x0C, 0xD4, 0xE9, 0x51, 0x08, 0x58, 0x00, 0xD0, 0x13, 0xCE,
    0x5B, 0x43, 0x8E, 0x16, 0x82, 0xF0, 0xB7, 0x3F, 0x68, 0x4A, 0x81, 0x63, 0x71, 0xFE, 0x9B, 0xCF,
    0x23, 0x6A, 0x91, 0xA7, 0x99, 0x10, 0x5C, 0xF9, 0xA9, 0xE6, 0x04, 0xB6, 0x0B, 0x26, 0x90, 0xAF,
    0xC7, 0xF9, 0x5A, 0xFA, 0x7D, 0x02, 0x9B, 0x5D, 0x56, 0xEF, 0x67, 0xD4, 0xDA, 0xFE, 0x9D, 0x00,
    0x96, 0xFB, 0x60, 0x2C, 0x6A, 0xED, 0x50, 0xC7, 0xEC, 0x96, 0x7A, 0x43, 0xCC, 0x31, 0xF7, 0xCD,
    0x06, 0x5A, 0x66, 0xB2, 0xAE, 0x38, 0xDF, 0xEA, 0xCE, 0x10, 0x7C, 0x51, 0xCF, 0x10, 0x34, 0x3C,
    0x94, 0xF8, 0xD6, 0x5B, 0xEC, 0x6D, 0x9E, 0x3F, 0xE8, 0x22, 0xCD, 0x39, 0x04, 0xE9, 0x35, 0x2D,
    0xB8, 0x7C, 0x79, 0x42, 0xC5, 0x76, 0x45, 0xC4, 0x31, 0x9C, 0x96, 0x80, 0xD9, 0xEC, 0x37, 0x42,
    0xD0, 0x64, 0xFB, 0x7F, 0xA8, 0x96, 0x10, 0x64, 0xFA, 0x1B, 0x5D, 0xCE, 0x01, 0x66, 0xC4, 0x60,
    0x18, 0x84, 0xE1, 0x77, 0x03, 0x8B, 0x85, 0xDE, 0xE0, 0x07, 0x28, 0x90, 0x23, 0xEC, 0xDE, 0xA8,
    0x17, 0x28, 0xDB, 0xE3, 0xF4, 0x14, 0x4D, 0x8F, 0xB0, 0x47, 0x28, 0x7A, 0x80, 0x20, 0x08, 0xF2,
    0xEF, 0xD4, 0xEB, 0x93, 0xA0, 0x03, 0x19, 0xF9, 0x9E, 0x8C, 0x60, 0x5E, 0x38, 0xF2, 0x7E, 0xB4,
    0x53, 0x6E, 0x7B, 0x3D, 0xE7, 0xB1, 0xD7, 0x96, 0x65, 0xAF, 0xF7, 0xF4, 0x83, 0x46, 0x5C, 0x34,
    0xE2, 0xA2, 0x11, 0x23, 0xFD, 0xE5, 0xAD, 0x17, 0x7D, 0xC2, 0x50, 0xF8, 0xBC, 0x02, 0x93, 0x98,
    0xB6, 0x01, 0x57, 0x31, 0xF7, 0x7E, 0xFA, 0x64, 0xEC, 0xB5, 0x3A, 0x86, 0x26, 0x76, 0x35, 0x1F,
    0xCD, 0xE5, 0x66, 0xBD, 0x35, 0x97, 0xEF, 0x56, 0xC6, 0x74, 0x69, 0xD2, 0xB9, 0x26, 0x37, 0x69,
    0x66, 0xA6, 0xE4, 0x21, 0xCD, 0xF7, 0xE0, 0x6F, 0x8C, 0x56, 0x2E, 0x49, 0xD6, 0x8B, 0x14, 0x5F,
    0xFC, 0x78, 0xDA, 0x88, 0xDB, 0x7E, 0xB0, 0x3A, 0xF3, 0xC4, 0xDB, 0x3A, 0x48, 0xE1, 0x62, 0x95,
    0x82, 0x8F, 0xA2, 0x88, 0x8B, 0x22, 0x2E, 0x2A, 0xDE, 0x06, 0x29, 0xE2, 0x05, 0x29, 0xE2, 0x99,
    0x49, 0x2A, 0x9E, 0x91, 0x22, 0x5E, 0x90, 0x22, 0xEE, 0xE7, 0xA2, 0xE2, 0x14, 0x15, 0x4B, 0x29,
    0x2C, 0xA5, 0xF0, 0x41, 0xE1, 0x8B, 0x23, 0xAF, 0xFC, 0xCB, 0x1F,
};

static const EpdGlyph notosans_22_bolditalicGlyphs[] = {
    { 0, 0, 0, 0, 0, 0, 0 }, // U+0000
    { 0, 0, 191, 0, 0, 0, 0 }, // U+000D
    { 0, 0, 191, 0, 0, 0, 0 }, // U+0020
    { 15, 34, 210, 0, 33, 128, 0 }, // !
    { 18, 13, 332, 4, 33, 59, 128 }, // "
    { 30, 33, 474, 0, 33, 248, 187 }, // #
    { 25, 38, 404, 1, 35, 238, 435 }, // $
    { 36, 35, 628, 2, 34, 315, 673 }, // %
    { 31, 35, 519, 1, 34, 272, 988 }, // &
    { 9, 13, 187, 4, 33, 30, 1260 }, // '
    { 18, 41, 249, 1, 33, 185, 1290 }, // (
    { 18, 42, 250, -4, 34, 189, 1475 }, // )
    { 23, 24, 400, 3, 36, 138, 1664 }, // *
    { 23, 23, 419, 2, 28, 133, 1802 }, // +
    { 12, 12, 210, -3, 6, 36, 1935 }, // ,
    { 14, 7, 237, 0, 16, 25, 1971 }, // -
    { 9, 9, 210, 0, 8, 21, 1996 }, // .
    { 26, 34, 311, -3, 33, 221, 2017 }, // /
    { 24, 35, 435, 2, 34, 210, 2238 }, // 0
    { 19, 33, 347, 2, 33, 157, 2448 }, // 1
    { 27, 34, 404, -2, 34, 230, 2605 }, // 2
    { 25, 35, 404, 0, 34, 219, 2835 }, // 3
    { 26, 33, 404, -1, 33, 215, 3054 }, // 4
    { 26, 34, 404, 0, 33, 221, 3269 }, // 5
    { 25, 35, 417, 1, 34, 219, 3490 }, // 6
    { 27, 33, 372, 0, 33, 223, 3709 }, // 7
    { 25, 35, 408, 0, 34, 219, 3932 }, // 8
    { 23, 35, 408, 2, 34, 202, 4151 }, // 9
    { 13, 27, 210, 0, 26, 88, 4353 }, // :
    { 16, 32, 210, -3, 26, 128, 4441 }, // ;
    { 23, 25, 419, 2, 29, 144, 4569 }, // <
    { 23, 14, 419, 2, 23, 81, 4713 }, // =
    { 23, 25, 419, 2, 29, 144, 4794 }, // >
    { 20, 35, 337, 3, 34, 175, 4938 }, // ?
    { 37, 38, 628, 2, 33, 352, 5113 }, // @
    { 30, 33, 460, -3, 33, 248, 5465 }, // A
    { 27, 33, 455, 1, 33, 223, 5713 }, // B
    { 28, 35, 449, 2, 34, 245, 5936 }, // C
    { 29, 33, 496, 1, 33, 240, 6181 }, // D
    { 26, 33, 398, 1, 33, 215, 6421 }, // E
    { 26, 33, 391, 1, 33, 215, 6636 }, // F
    { 30, 35, 506, 2, 34, 263, 6851 }, // G
    { 32, 33, 514, 1, 33, 264, 7114 }, // H
    { 23, 33, 281, -2, 33, 190, 7378 }, // I
    { 24, 43, 245, -8, 33, 258, 7568 }, // J
    { 32, 33, 449, 1, 33, 264, 7826 }, // K
    { 20, 33, 380, 1, 33, 165, 8090 }, // L
    { 40, 33, 645, 1, 33, 330, 8255 }, // M
    { 34, 33, 556, 1, 33, 281, 8585 }, // N
    { 31, 35, 536, 2, 34, 272, 8866 }, // O
    { 28, 33, 447, 1, 33, 231, 9138 }, // P
    { 31, 42, 536, 2, 34, 326, 9369 }, // Q
    { 27, 33, 455, 1, 33, 223, 9695 }, // R
    { 25, 35, 389, 0, 34, 219, 9918 }, // S
    { 25, 33, 390, 3, 33, 207, 10137 }, // T
    { 30, 34, 507, 3, 33, 255, 10344 }, // U
    { 28, 33, 433, 4, 33, 231, 10599 }, // V
    { 42, 33, 656, 4, 33, 347, 10830 }, // W
    { 35, 33, 447, -3, 33, 289, 11177 }, // X
    { 27, 33, 414, 4, 33, 223, 11466 }, // Y
    { 29, 33, 393, -2, 33, 240, 11689 }, // Z
    { 20, 41, 243, -1, 33, 205, 11929 }, // [
    { 12, 34, 311, 4, 33, 102, 12134 }, // <backslash>
    { 20, 41, 243, -4, 33, 205, 12236 }, // ]
    { 25, 22, 404, 0, 33, 138, 12441 }, // ^
    { 20, 4, 293, -5, -4, 20, 12579 }, // _
    { 11, 9, 238, 6, 36, 25, 12599 }, // `
    { 25, 27, 434, 2, 26, 169, 12624 }, // a
    { 26, 36, 436, 0, 35, 234, 12793 }, // b
    { 21, 27, 355, 2, 26, 142, 13027 }, // c
    { 27, 36, 436, 2, 35, 243, 13169 }, // d
    { 23, 27, 408, 2, 26, 156, 13412 }, // e
    { 28, 47, 274, -5, 36, 329, 13568 }, // f
    { 27, 37, 437, 0, 26, 250, 13897 }, // g
    { 26, 35, 443, 0, 35, 228, 14147 }, // h
    { 15, 35, 219, 0, 35, 132, 14375 }, // i
    { 21, 46, 219, -6, 35, 242, 14507 }, // j
    { 29, 35, 416, 0, 35, 254, 14749 }, // k
    { 16, 35, 219, 0, 35, 140, 15003 }, // l
    { 40, 26, 664, 0, 26, 260, 15143 }, // m
    { 26, 26, 443, 0, 26, 169, 15403 }, // n
    { 23, 27, 429, 2, 26, 156, 15572 }, // o
    { 28, 37, 436, -2, 26, 259, 15728 }, // p
    { 25, 37, 436, 2, 26, 232, 15987 }, // q
    { 22, 26, 309, 0, 26, 143, 16219 }, // r
    { 21, 27, 348, 0, 26, 142, 16362 }, // s
    { 18, 32, 301, 2, 31, 144, 16504 }, // t
    { 25, 27, 443, 2, 26, 169, 16648 }, // u
    { 25, 26, 375, 2, 26, 163, 16817 }, // v
    { 37, 26, 578, 2, 26, 241, 16980 }, // w
    { 30, 26, 392, -3, 26, 195, 17221 }, // x
    { 31, 37, 381, -4, 26, 287, 17416 }, // y
    { 23, 26, 344, -1, 26, 150, 17703 }, // z
    { 21, 41, 260, -1, 33, 216, 17853 }, // {
    { 6, 46, 404, 10, 35, 69, 18069 }, // |
    { 20, 41, 260, -3, 33, 205, 18138 }, // }
    { 23, 8, 419, 2, 20, 46, 18343 }, // ~
    { 0, 0, 191, 0, 0, 0, 0 }, // U+00A0
    { 15, 35, 210, -2, 26, 132, 0 }, // U+00A1
    { 22, 35, 404, 3, 34, 193, 132 }, // U+00A2
    { 29, 34, 404, -1, 34, 247, 325 }, // U+00A3
    { 22, 22, 404, 2, 27, 121, 572 }, // U+00A4
    { 28, 33, 404, 1, 33, 231, 693 }, // U+00A5
    { 6, 46, 404, 10, 35, 69, 924 }, // U+00A6
    { 23, 37, 356, 0, 36, 213, 993 }, // U+00A7
    { 16, 7, 406, 9, 35, 28, 1206 }, // U+00A8
    { 34, 35, 610, 2, 34, 298, 1234 }, // U+00A9
    { 17, 18, 278, 3, 34, 77, 1532 }, // U+00AA
    { 25, 22, 415, 1, 24, 138, 1609 }, // U+00AB
    { 23, 14, 419, 2, 19, 81, 1747 }, // U+00AC
    { 14, 7, 237, 0, 16, 25, 1828 }, // U+00AD
    { 34, 35, 610, 2, 34, 298, 1853 }, // U+00AE
    { 22, 6, 314, 4, 40, 33, 2151 }, // U+00AF
    { 17, 17, 311, 1, 34, 73, 2184 }, // U+00B0
    { 23, 29, 419, 2, 29, 167, 2257 }, // U+00B1
    { 18, 21, 278, 2, 40, 95, 2424 }, // U+00B2
    { 17, 22, 278, 3, 40, 94, 2519 }, // U+00B3
    { 13, 9, 236, 5, 36, 30, 2613 }, // U+00B4
    { 30, 37, 447, -2, 26, 278, 2643 }, // U+00B5
    { 24, 41, 480, 3, 35, 246, 2921 }, // U+00B6
    { 9, 9, 210, 3, 21, 21, 3167 }, // U+00B7
    { 11, 11, 150, -5, 0, 31, 3188 }, // U+00B8
    { 14, 20, 278, 4, 39, 70, 3219 }, // U+00B9
    { 16, 17, 270, 3, 33, 68, 3289 }, // U+00BA
    { 25, 22, 412, 0, 24, 138, 3357 }, // U+00BB
    { 34, 33, 612, 3, 33, 281, 3495 }, // U+00BC
    { 36, 33, 653, 3, 33, 297, 3776 }, // U+00BD
    { 36, 34, 633, 2, 34, 306, 4073 }, // U+00BE
    { 20, 35, 341, -2, 26, 175, 4379 }, // U+00BF
    { 30, 44, 460, -3, 44, 330, 4554 }, // U+00C0
    { 32, 44, 460, -3, 44, 352, 4884 }, // U+00C1
    { 32, 44, 460, -3, 44, 352, 5236 }, // U+00C2
    { 33, 43, 460, -3, 43, 355, 5588 }, // U+00C3
    { 31, 43, 460, -3, 43, 334, 5943 }, // U+00C4
    { 30, 47, 460, -3, 47, 353, 6277 }, // U+00C5
    { 46, 33, 656, -3, 33, 380, 6630 }, // U+00C6
    { 28, 45, 449, 2, 34, 315, 7010 }, // U+00C7
    { 26, 44, 398, 1, 44, 286, 7325 }, // U+00C8
    { 26, 44, 398, 1, 44, 286, 7611 }, // U+00C9
    { 26, 44, 398, 1, 44, 286, 7897 }, // U+00CA
    { 26, 43, 398, 1, 43, 280, 8183 }, // U+00CB
    { 23, 44, 281, -2, 44, 253, 8463 }, // U+00CC
    { 25, 44, 281, -2, 44, 275, 8716 }, // U+00CD
    { 25, 44, 281, -2, 44, 275, 8991 }, // U+00CE
    { 24, 43, 281, -2, 43, 258, 9266 }, // U+00CF
    { 30, 33, 496, 0, 33, 248, 9524 }, // U+00D0
    { 34, 43, 556, 1, 43, 366, 9772 }, // U+00D1
    { 31, 45, 536, 2, 44, 349, 10138 }, // U+00D2
    { 31, 45, 536, 2, 44, 349, 10487 }, // U+00D3
    { 31, 45, 536, 2, 44, 349, 10836 }, // U+00D4
    { 31, 44, 536, 2, 43, 341, 11185 }, // U+00D5
    { 31, 44, 536, 2, 43, 341, 11526 }, // U+00D6
    { 21, 21, 419, 3, 27, 111, 11867 }, // U+00D7
    { 31, 37, 535, 2, 35, 287, 11978 }, // U+00D8
    { 30, 45, 507, 3, 44, 338, 12265 }, // U+00D9
    { 30, 45, 507, 3, 44, 338, 12603 }, // U+00DA
    { 30, 45, 507, 3, 44, 338, 12941 }, // U+00DB
    { 30, 44, 507, 3, 43, 330, 13279 }, // U+00DC
    { 27, 44, 414, 4, 44, 297, 13609 }, // U+00DD
    { 26, 33, 441, 1, 33, 215, 13906 }, // U+00DE
    { 36, 47, 483, -6, 36, 423, 14121 }, // U+00DF
    { 25, 37, 434, 2, 36, 232, 14544 }, // U+00E0
    { 25, 37, 434, 2, 36, 232, 14776 }, // U+00E1
    { 25, 37, 434, 2, 36, 232, 15008 }, // U+00E2
    { 25, 36, 434, 2, 35, 225, 15240 }, // U+00E3
    { 25, 36, 434, 2, 35, 225, 15465 }, // U+00E4
    { 25, 40, 434, 2, 39, 250, 15690 }, // U+00E5
    { 37, 27, 639, 2, 26, 250, 15940 }, // U+00E6
    { 21, 37, 355, 2, 26, 195, 16190 }, // U+00E7
    { 23, 37, 408, 2, 36, 213, 16385 }, // U+00E8
    { 24, 37, 408, 2, 36, 222, 16598 }, // U+00E9
    { 24, 37, 408, 2, 36, 222, 16820 }, // U+00EA
    { 23, 36, 408, 2, 35, 207, 17042 }, // U+00EB
    { 14, 36, 219, 0, 36, 126, 17249 }, // U+00EC
    { 19, 36, 219, 0, 36, 171, 17375 }, // U+00ED
    { 19, 36, 219, 0, 36, 171, 17546 }, // U+00EE
    { 18, 35, 219, 0, 35, 158, 17717 }, // U+00EF
    { 25, 37, 423, 1, 36, 232, 17875 }, // U+00F0
    { 28, 35, 444, 0, 35, 245, 18107 }, // U+00F1
    { 23, 37, 433, 2, 36, 213, 18352 }, // U+00F2
    { 24, 37, 433, 2, 36, 222, 18565 }, // U+00F3
    { 24, 37, 433, 2, 36, 222, 18787 }, // U+00F4
    { 25, 36, 433, 2, 35, 225, 19009 }, // U+00F5
    { 23, 36, 433, 2, 35, 207, 19234 }, // U+00F6
    { 23, 24, 419, 2, 28, 138, 19441 }, // U+00F7
    { 26, 30, 429, 0, 27, 195, 19579 }, // U+00F8
    { 25, 37, 444, 2, 36, 232, 19774 }, // U+00F9
    { 25, 37, 444, 2, 36, 232, 20006 }, // U+00FA
    { 25, 37, 444, 2, 36, 232, 20238 }, // U+00FB
    { 25, 36, 444, 2, 35, 225, 20470 }, // U+00FC
    { 31, 47, 381, -4, 36, 365, 20695 }, // U+00FD
    { 28, 46, 437, -2, 35, 322, 21060 }, // U+00FE
    { 31, 46, 381, -4, 35, 357, 21382 }, // U+00FF
    { 30, 41, 460, -3, 41, 308, 0 }, // U+0100
    { 25, 34, 434, 2, 33, 213, 308 }, // U+0101
    { 32, 44, 460, -3, 44, 352, 521 }, // U+0102
    { 25, 37, 434, 2, 36, 232, 873 }, // U+0103
    { 30, 45, 460, -3, 33, 338, 1105 }, // U+0104
    { 25, 38, 434, 2, 26, 238, 1443 }, // U+0105
    { 28, 45, 449, 2, 44, 315, 1681 }, // U+0106
    { 22, 37, 355, 2, 36, 204, 1996 }, // U+0107
    { 28, 45, 449, 2, 44, 315, 2200 }, // U+0108
    { 22, 37, 355, 2, 36, 204, 2515 }, // U+0109
    { 28, 44, 449, 2, 43, 308, 2719 }, // U+010A
    { 21, 36, 355, 2, 35, 189, 3027 }, // U+010B
    { 29, 45, 449, 2, 44, 327, 3216 }, // U+010C
    { 24, 37, 355, 2, 36, 222, 3543 }, // U+010D
    { 30, 44, 496, 1, 44, 330, 3765 }, // U+010E
    { 37, 36, 498, 2, 35, 333, 4095 }, // U+010F
    { 30, 33, 496, 0, 33, 248, 4428 }, // U+0110
    { 30, 36, 436, 2, 35, 270, 4676 }, // U+0111
    { 26, 41, 398, 1, 41, 267, 4946 }, // U+0112
    { 23, 34, 408, 2, 33, 196, 5213 }, // U+0113
    { 26, 44, 398, 1, 44, 286, 5409 }, // U+0114
    { 24, 37, 408, 2, 36, 222, 5695 }, // U+0115
    { 26, 43, 398, 1, 43, 280, 5917 }, // U+0116
    { 23, 36, 408, 2, 35, 207, 6197 }, // U+0117
    { 26, 45, 398, 1, 33, 293, 6404 }, // U+0118
    { 23, 37, 408, 2, 26, 213, 6697 }, // U+0119
    { 28, 44, 398, 1, 44, 308, 6910 }, // U+011A
    { 25, 37, 408, 2, 36, 232, 7218 }, // U+011B
    { 30, 45, 506, 2, 44, 338, 7450 }, // U+011C
    { 27, 47, 437, 0, 36, 318, 7788 }, // U+011D
    { 30, 45, 506, 2, 44, 338, 8106 }, // U+011E
    { 27, 47, 437, 0, 36, 318, 8444 }, // U+011F
    { 30, 44, 506, 2, 43, 330, 8762 }, // U+0120
    { 27, 46, 437, 0, 35, 311, 9092 }, // U+0121
    { 30, 45, 506, 2, 34, 338, 9403 }, // U+0122
    { 27, 47, 437, 0, 36, 318, 9741 }, // U+0123
    { 32, 44, 514, 1, 44, 352, 10059 }, // U+0124
    { 26, 46, 444, 0, 46, 299, 10411 }, // U+0125
    { 35, 33, 514, 1, 33, 289, 10710 }, // U+0126
    { 26, 35, 443, 0, 35, 228, 10999 }, // U+0127
    { 26, 43, 281, -2, 43, 280, 11227 }, // U+0128
    { 21, 35, 219, 0, 35, 184, 11507 }, // U+0129
    { 24, 41, 281, -2, 41, 246, 11691 }, // U+012A
    { 18, 33, 219, 0, 33, 149, 11937 }, // U+012B
    { 25, 44, 281, -2, 44, 275, 12086 }, // U+012C
    { 20, 36, 219, 0, 36, 180, 12361 }, // U+012D
    { 23, 45, 281, -2, 33, 259, 12541 }, // U+012E
    { 17, 47, 219, -2, 35, 200, 12800 }, // U+012F
    { 23, 43, 281, -2, 43, 248, 13000 }, // U+0130
    { 14, 26, 219, 0, 26, 91, 13248 }, // U+0131
    { 36, 43, 524, -2, 33, 387, 13339 }, // U+0132
    { 29, 46, 438, 0, 35, 334, 13726 }, // U+0133
    { 30, 54, 245, -8, 44, 405, 14060 }, // U+0134
    { 25, 47, 219, -6, 36, 294, 14465 }, // U+0135
    { 32, 44, 460, 1, 33, 352, 14759 }, // U+0136
    { 29, 46, 416, 0, 35, 334, 15111 }, // U+0137
    { 29, 26, 416, 0, 26, 189, 15445 }, // U+0138
    { 22, 44, 380, 1, 44, 242, 15634 }, // U+0139
    { 21, 46, 219, 0, 46, 242, 15876 }, // U+013A
    { 20, 44, 380, 1, 33, 220, 16118 }, // U+013B
    { 18, 46, 219, -2, 35, 207, 16338 }, // U+013C
    { 26, 33, 380, 1, 33, 215, 16545 }, // U+013D
    { 25, 35, 278, 0, 35, 219, 16760 }, // U+013E
    { 23, 33, 380, 1, 33, 190, 16979 }, // U+013F
    { 22, 35, 323, 0, 35, 193, 17169 }, // U+0140
    { 22, 33, 380, -1, 33, 182, 17362 }, // U+0141
    { 17, 35, 240, 0, 35, 149, 17544 }, // U+0142
    { 34, 44, 556, 1, 44, 374, 17693 }, // U+0143
    { 27, 36, 444, 0, 36, 243, 18067 }, // U+0144
    { 34, 44, 556, 1, 33, 374, 18310 }, // U+0145
    { 26, 37, 444, 0, 26, 241, 18684 }, // U+0146
    { 34, 44, 556, 1, 44, 374, 18925 }, // U+0147
    { 28, 36, 444, 0, 36, 252, 19299 }, // U+0148
    { 30, 33, 518, 1, 33, 248, 19551 }, // U+0149
    { 34, 43, 554, 1, 33, 366, 19799 }, // U+014A
    { 26, 37, 443, 0, 26, 241, 20165 }, // U+014B
    { 31, 42, 536, 2, 41, 326, 20406 }, // U+014C
    { 23, 34, 433, 2, 33, 196, 20732 }, // U+014D
    { 31, 45, 536, 2, 44, 349, 20928 }, // U+014E
    { 24, 37, 433, 2, 36, 222, 21277 }, // U+014F
    { 34, 45, 536, 2, 44, 383, 21499 }, // U+0150
    { 29, 37, 433, 2, 36, 269, 21882 }, // U+0151
    { 41, 35, 661, 2, 34, 359, 22151 }, // U+0152
    { 38, 27, 647, 2, 26, 257, 22510 }, // U+0153
    { 27, 44, 455, 1, 44, 297, 22767 }, // U+0154
    { 23, 36, 309, 0, 36, 207, 23064 }, // U+0155
    { 27, 44, 455, 1, 33, 297, 23271 }, // U+0156
    { 24, 37, 309, -2, 26, 222, 23568 }, // U+0157
    { 29, 44, 455, 1, 44, 319, 23790 }, // U+0158
    { 25, 36, 309, 0, 36, 225, 24109 }, // U+0159
    { 26, 45, 389, 0, 44, 293, 24334 }, // U+015A
    { 23, 37, 348, 0, 36, 213, 24627 }, // U+015B
    { 26, 45, 389, 0, 44, 293, 24840 }, // U+015C
    { 23, 37, 348, 0, 36, 213, 25133 }, // U+015D
    { 25, 45, 389, 0, 34, 282, 25346 }, // U+015E
    { 21, 37, 348, 0, 26, 195, 25628 }, // U+015F
    { 28, 45, 389, 0, 44, 315, 25823 }, // U+0160
    { 24, 37, 348, 0, 36, 222, 26138 }, // U+0161
    { 25, 44, 390, 3, 33, 275, 26360 }, // U+0162
    { 18, 42, 301, 2, 31, 189, 26635 }, // U+0163
    { 25, 44, 390, 3, 44, 275, 26824 }, // U+0164
    { 23, 36, 301, 2, 35, 207, 27099 }, // U+0165
    { 25, 33, 390, 3, 33, 207, 27306 }, // U+0166
    { 20, 32, 301, 0, 31, 160, 27513 }, // U+0167
    { 30, 44, 507, 3, 43, 330, 27673 }, // U+0168
    { 26, 36, 444, 2, 35, 234, 28003 }, // U+0169
    { 30, 42, 507, 3, 41, 315, 28237 }, // U+016A
    { 25, 34, 444, 2, 33, 213, 28552 }, // U+016B
    { 30, 45, 507, 3, 44, 338, 28765 }, // U+016C
    { 25, 37, 444, 2, 36, 232, 29103 }, // U+016D
    { 30, 48, 507, 3, 47, 360, 29335 }, // U+016E
    { 25, 40, 444, 2, 39, 250, 29695 }, // U+016F
    { 32, 45, 507, 3, 44, 360, 29945 }, // U+0170
    { 29, 37, 444, 2, 36, 269, 30305 }, // U+0171
    { 30, 45, 507, 3, 33, 338, 30574 }, // U+0172
    { 25, 38, 444, 2, 26, 238, 30912 }, // U+0173
    { 42, 44, 663, 4, 44, 462, 31150 }, // U+0174
    { 37, 36, 578, 2, 36, 333, 31612 }, // U+0175
    { 27, 44, 414, 4, 44, 297, 31945 }, // U+0176
    { 31, 47, 381, -4, 36, 365, 32242 }, // U+0177
    { 27, 43, 414, 4, 43, 291, 32607 }, // U+0178
    { 29, 44, 393, -2, 44, 319, 32898 }, // U+0179
    { 24, 36, 344, -1, 36, 216, 33217 }, // U+017A
    { 29, 43, 393, -2, 43, 312, 33433 }, // U+017B
    { 23, 35, 344, -1, 35, 202, 33745 }, // U+017C
    { 30, 44, 393, -2, 44, 330, 33947 }, // U+017D
    { 26, 36, 344, -1, 36, 234, 34277 }, // U+017E
    { 28, 47, 263, -6, 36, 329, 34511 }, // U+017F
    { 39, 36, 566, 2, 35, 351, 0 }, // U+01A0
    { 32, 30, 471, 2, 29, 240, 351 }, // U+01A1
    { 40, 36, 568, 3, 35, 360, 591 }, // U+01AF
    { 36, 30, 521, 2, 29, 270, 951 }, // U+01B0
    { 58, 44, 889, 1, 44, 638, 1221 }, // U+01C4
    { 55, 36, 830, 1, 36, 495, 1859 }, // U+01C5
    { 50, 37, 769, 2, 36, 463, 2354 }, // U+01C6
    { 39, 43, 623, 1, 33, 420, 2817 }, // U+01C7
    { 38, 46, 598, 1, 35, 437, 3237 }, // U+01C8
    { 29, 46, 438, 0, 35, 334, 3674 }, // U+01C9
    { 50, 43, 796, 1, 33, 538, 4008 }, // U+01CA
    { 49, 46, 771, 1, 35, 564, 4546 }, // U+01CB
    { 43, 46, 661, 0, 35, 495, 5110 }, // U+01CC
    { 33, 44, 460, -3, 44, 363, 5605 }, // U+01CD
    { 26, 37, 434, 2, 36, 241, 5968 }, // U+01CE
    { 26, 44, 281, -2, 44, 286, 6209 }, // U+01CF
    { 21, 36, 219, 0, 36, 189, 6495 }, // U+01D0
    { 31, 45, 536, 2, 44, 349, 6684 }, // U+01D1
    { 25, 37, 433, 2, 36, 232, 7033 }, // U+01D2
    { 30, 45, 507, 3, 44, 338, 7265 }, // U+01D3
    { 26, 37, 444, 2, 36, 241, 7603 }, // U+01D4
    { 30, 48, 507, 3, 47, 360, 7844 }, // U+01D5
    { 25, 41, 444, 2, 40, 257, 8204 }, // U+01D6
    { 30, 50, 507, 3, 49, 375, 8461 }, // U+01D7
    { 25, 42, 444, 2, 41, 263, 8836 }, // U+01D8
    { 30, 50, 507, 3, 49, 375, 9099 }, // U+01D9
    { 26, 42, 444, 2, 41, 273, 9474 }, // U+01DA
    { 30, 50, 507, 3, 49, 375, 9747 }, // U+01DB
    { 25, 42, 444, 2, 41, 263, 10122 }, // U+01DC
    { 23, 27, 408, 1, 26, 156, 10385 }, // U+01DD
    { 32, 47, 460, -3, 47, 376, 10541 }, // U+01DE
    { 25, 41, 434, 2, 40, 257, 10917 }, // U+01DF
    { 32, 47, 460, -3, 47, 376, 11174 }, // U+01E0
    { 25, 41, 434, 2, 40, 257, 11550 }, // U+01E1
    { 46, 41, 656, -3, 41, 472, 11807 }, // U+01E2
    { 37, 34, 639, 2, 33, 315, 12279 }, // U+01E3
    { 30, 35, 506, 2, 34, 263, 12594 }, // U+01E4
    { 27, 37, 436, 0, 26, 250, 12857 }, // U+01E5
    { 31, 45, 506, 2, 44, 349, 13107 }, // U+01E6
    { 27, 47, 437, 0, 36, 318, 13456 }, // U+01E7
    { 32, 44, 460, 1, 44, 352, 13774 }, // U+01E8
    { 29, 46, 416, 0, 46, 334, 14126 }, // U+01E9
    { 31, 46, 536, 2, 34, 357, 14460 }, // U+01EA
    { 23, 38, 433, 2, 26, 219, 14817 }, // U+01EB
    { 31, 53, 536, 2, 41, 411, 15036 }, // U+01EC
    { 23, 45, 433, 2, 33, 259, 15447 }, // U+01ED
    { 28, 45, 408, -1, 44, 315, 15706 }, // U+01EE
    { 28, 48, 401, -3, 36, 336, 16021 }, // U+01EF
    { 27, 47, 219, -6, 36, 318, 16357 }, // U+01F0
    { 57, 33, 889, 1, 33, 471, 16675 }, // U+01F1
    { 52, 33, 841, 1, 33, 429, 17146 }, // U+01F2
    { 48, 36, 780, 2, 35, 432, 17575 }, // U+01F3
    { 30, 45, 506, 2, 44, 338, 18007 }, // U+01F4
    { 27, 47, 437, 0, 36, 318, 18345 }, // U+01F5
    { 44, 34, 739, 1, 33, 374, 18663 }, // U+01F6
    { 32, 45, 473, -2, 34, 360, 19037 }, // U+01F7
    { 34, 44, 556, 1, 44, 374, 19397 }, // U+01F8
    { 26, 36, 444, 0, 36, 234, 19771 }, // U+01F9
    { 33, 44, 460, -3, 44, 363, 20005 }, // U+01FA
    { 26, 45, 434, 2, 44, 293, 20368 }, // U+01FB
    { 46, 44, 656, -3, 44, 506, 20661 }, // U+01FC
    { 37, 37, 639, 2, 36, 343, 21167 }, // U+01FD
    { 31, 45, 536, 2, 43, 349, 21510 }, // U+01FE
    { 26, 39, 429, 0, 36, 254, 21859 }, // U+01FF
    { 30, 44, 460, -3, 44, 330, 22113 }, // U+0200
    { 25, 37, 434, 2, 36, 232, 22443 }, // U+0201
    { 31, 44, 460, -3, 44, 341, 22675 }, // U+0202
    { 25, 37, 434, 2, 36, 232, 23016 }, // U+0203
    { 26, 44, 398, 1, 44, 286, 23248 }, // U+0204
    { 23, 37, 408, 2, 36, 213, 23534 }, // U+0205
    { 26, 44, 398, 1, 44, 286, 23747 }, // U+0206
    { 23, 37, 408, 2, 36, 213, 24033 }, // U+0207
    { 23, 44, 281, -2, 44, 253, 24246 }, // U+0208
    { 18, 36, 219, -2, 36, 162, 24499 }, // U+0209
    { 24, 44, 281, -2, 44, 264, 24661 }, // U+020A
    { 19, 36, 219, 0, 36, 171, 24925 }, // U+020B
    { 31, 45, 536, 2, 44, 349, 25096 }, // U+020C
    { 23, 37, 433, 2, 36, 213, 25445 }, // U+020D
    { 31, 45, 536, 2, 44, 349, 25658 }, // U+020E
    { 23, 37, 433, 2, 36, 213, 26007 }, // U+020F
    { 27, 44, 455, 1, 44, 297, 26220 }, // U+0210
    { 22, 36, 309, 0, 36, 198, 26517 }, // U+0211
    { 27, 44, 455, 1, 44, 297, 26715 }, // U+0212
    { 23, 36, 309, 0, 36, 207, 27012 }, // U+0213
    { 30, 45, 507, 3, 44, 338, 27219 }, // U+0214
    { 25, 37, 444, 2, 36, 232, 27557 }, // U+0215
    { 30, 45, 507, 3, 44, 338, 27789 }, // U+0216
    { 25, 37, 444, 2, 36, 232, 28127 }, // U+0217
    { 25, 45, 389, 0, 34, 282, 28359 }, // U+0218
    { 21, 37, 348, 0, 26, 195, 28641 }, // U+0219
    { 25, 44, 390, 3, 33, 275, 28836 }, // U+021A
    { 18, 42, 301, 2, 31, 189, 29111 }, // U+021B
    { 32, 43, 461, -3, 34, 344, 29300 }, // U+021C
    { 27, 37, 371, -4, 26, 250, 29644 }, // U+021D
    { 32, 44, 514, 1, 44, 352, 29894 }, // U+021E
    { 26, 46, 444, 0, 46, 299, 30246 }, // U+021F
    { 11, 9, 0, -20, 36, 25, 0 }, // U+0300
    { 13, 9, 0, -11, 36, 30, 25 }, // U+0301
    { 20, 9, 0, -7, 36, 45, 55 }, // U+0302
    { 20, 8, 0, -21, 35, 40, 100 }, // U+0303
    { 15, 6, 0, -4, 33, 23, 140 }, // U+0304
    { 21, 6, 0, -6, 39, 32, 163 }, // U+0305
    { 17, 9, 0, -4, 36, 39, 195 }, // U+0306
    { 8, 7, 0, 0, 35, 14, 234 }, // U+0307
    { 16, 7, 0, -4, 35, 28, 248 }, // U+0308
    { 11, 12, 0, -14, 39, 33, 276 }, // U+0309
    { 13, 12, 0, -2, 39, 39, 309 }, // U+030A
    { 22, 9, 0, -5, 36, 50, 348 }, // U+030B
    { 19, 9, 0, -5, 36, 43, 398 }, // U+030C
    { 8, 14, 0, 0, 36, 28, 441 }, // U+030D
    { 16, 9, 0, -4, 36, 36, 469 }, // U+030E
    { 18, 9, 0, -21, 36, 41, 505 }, // U+030F
    { 17, 13, 0, -4, 40, 56, 546 }, // U+0310
    { 17, 9, 0, -5, 36, 39, 602 }, // U+0311
    { 12, 12, 0, -3, 33, 36, 641 }, // U+0312
    { 12, 12, 0, -3, 33, 36, 677 }, // U+0313
    { 7, 12, 0, 0, 33, 21, 713 }, // U+0314
    { 12, 12, 0, -3, 33, 36, 734 }, // U+0315
    { 10, 9, 0, -9, -1, 23, 770 }, // U+0316
    { 13, 9, 0, -10, -1, 30, 793 }, // U+0317
    { 11, 9, 0, -9, -1, 25, 823 }, // U+0318
    { 10, 9, 0, -9, -1, 23, 848 }, // U+0319
    { 15, 13, 230, 3, 35, 49, 871 }, // U+031A
    { 14, 12, 0, -3, 36, 42, 920 }, // U+031B
    { 8, 12, 0, -3, 0, 24, 962 }, // U+031C
    { 11, 8, 0, -10, -2, 22, 986 }, // U+031D
    { 11, 8, 0, -9, -2, 22, 1008 }, // U+031E
    { 11, 10, 0, -9, -1, 28, 1030 }, // U+031F
    { 12, 4, 0, -10, -4, 12, 1058 }, // U+0320
    { 13, 14, 0, -10, 3, 46, 1070 }, // U+0321
    { 10, 14, 0, -5, 3, 35, 1116 }, // U+0322
    { 8, 8, 0, -21, -2, 16, 1151 }, // U+0323
    { 16, 7, 0, -12, -2, 28, 1167 }, // U+0324
    { 12, 12, 0, -10, 0, 36, 1195 }, // U+0325
    { 10, 9, 0, 2, -2, 23, 1231 }, // U+0326
    { 11, 11, 0, -9, 0, 31, 1254 }, // U+0327
    { 11, 12, 0, -9, 0, 33, 1285 }, // U+0328
    { 9, 14, 0, -8, -1, 32, 1318 }, // U+0329
    { 19, 8, 0, -13, -2, 38, 1350 }, // U+032A
    { 18, 7, 0, -12, -2, 32, 1388 }, // U+032B
    { 19, 9, 0, -12, -1, 43, 1420 }, // U+032C
    { 19, 9, 0, -14, -1, 43, 1463 }, // U+032D
    { 18, 9, 0, -12, -2, 41, 1506 }, // U+032E
    { 17, 9, 0, -12, -2, 39, 1547 }, // U+032F
    { 20, 8, 0, -14, -2, 40, 1586 }, // U+0330
    { 16, 6, 0, -12, -3, 24, 1626 }, // U+0331
    { 22, 4, 0, -14, -4, 22, 1650 }, // U+0332
    { 21, 10, 0, -15, -1, 53, 1672 }, // U+0333
    { 20, 8, 0, -10, 17, 40, 1725 }, // U+0334
    { 20, 6, 0, -11, 15, 30, 1765 }, // U+0335
    { 34, 6, 0, -17, 16, 51, 1795 }, // U+0336
    { 18, 13, 0, -9, 20, 59, 1846 }, // U+0337
    { 26, 38, 0, -13, 35, 247, 1905 }, // U+0338
    { 8, 11, 0, -4, 0, 22, 2152 }, // U+0339
    { 19, 8, 0, -13, -2, 38, 2174 }, // U+033A
    { 18, 10, 0, -13, -1, 45, 2212 }, // U+033B
    { 19, 7, 0, -13, -2, 34, 2257 }, // U+033C
    { 12, 10, 0, -2, 36, 30, 2291 }, // U+033D
    { 10, 14, 0, -1, 40, 35, 2321 }, // U+033E
    { 22, 10, 0, -6, 44, 55, 2356 }, // U+033F
    { 11, 9, 0, -4, 36, 25, 2411 }, // U+0340
    { 13, 9, 0, 0, 36, 30, 2436 }, // U+0341
    { 19, 8, 0, 7, 35, 38, 2466 }, // U+0342
    { 9, 9, 0, 0, 36, 21, 2504 }, // U+0343
    { 25, 9, 0, -7, 36, 57, 2525 }, // U+0344
    { 9, 9, 0, -6, -2, 21, 2582 }, // U+0345
    { 22, 8, 0, -7, 35, 44, 2603 }, // U+0346
    { 21, 10, 0, -15, -1, 53, 2647 }, // U+0347
    { 15, 9, 0, -11, -1, 34, 2700 }, // U+0348
    { 10, 9, 0, -8, -2, 23, 2734 }, // U+0349
    { 18, 10, 0, -5, 36, 45, 2757 }, // U+034A
    { 19, 19, 0, -5, 44, 91, 2802 }, // U+034B
    { 19, 13, 0, -5, 40, 62, 2893 }, // U+034C
    { 17, 10, 0, -12, -1, 43, 2955 }, // U+034D
    { 10, 10, 0, -8, -1, 25, 2998 }, // U+034E
    { 34, 33, 0, -17, 33, 281, 3023 }, // U+034F
    { 8, 10, 0, 0, 37, 20, 3304 }, // U+0350
    { 7, 12, 0, 6, 39, 21, 3324 }, // U+0351
    { 16, 13, 0, -4, 40, 52, 3345 }, // U+0352
    { 10, 10, 0, -8, -1, 25, 3397 }, // U+0353
    { 8, 10, 0, -7, -1, 20, 3422 }, // U+0354
    { 8, 10, 0, -6, -1, 20, 3442 }, // U+0355
    { 18, 10, 0, -11, -1, 45, 3462 }, // U+0356
    { 8, 11, 0, 4, 39, 22, 3507 }, // U+0357
    { 8, 7, 0, 0, 35, 14, 3529 }, // U+0358
    { 11, 10, 0, -9, -1, 28, 3543 }, // U+0359
    { 19, 10, 0, -13, -1, 48, 3571 }, // U+035A
    { 9, 9, 0, 0, 36, 21, 3619 }, // U+035B
    { 36, 10, 0, -21, -1, 90, 3640 }, // U+035C
    { 36, 10, 0, -14, 36, 90, 3730 }, // U+035D
    { 26, 6, 0, -9, 33, 39, 3820 }, // U+035E
    { 26, 6, 0, -16, -1, 39, 3859 }, // U+035F
    { 37, 8, 0, -14, 35, 74, 3898 }, // U+0360
    { 36, 10, 0, -13, 40, 90, 3972 }, // U+0361
    { 36, 11, 0, -23, 0, 99, 4062 }, // U+0362
    { 12, 11, 0, -1, 39, 33, 4161 }, // U+0363
    { 11, 11, 0, -1, 39, 31, 4194 }, // U+0364
    { 7, 15, 0, 1, 43, 27, 4225 }, // U+0365
    { 11, 11, 0, -1, 39, 31, 4252 }, // U+0366
    { 12, 11, 0, -1, 39, 33, 4283 }, // U+0367
    { 10, 11, 0, 0, 39, 28, 4316 }, // U+0368
    { 13, 15, 0, -1, 43, 49, 4344 }, // U+0369
    { 12, 15, 0, -2, 43, 45, 4393 }, // U+036A
    { 18, 11, 0, -5, 39, 50, 4438 }, // U+036B
    { 10, 11, 0, 0, 39, 28, 4488 }, // U+036C
    { 9, 13, 0, 1, 41, 30, 4516 }, // U+036D
    { 11, 11, 0, 0, 39, 31, 4546 }, // U+036E
    { 14, 11, 0, -3, 39, 39, 4577 }, // U+036F
    { 27, 44, 389, 0, 44, 297, 0 }, // U+0400
    { 27, 43, 389, 0, 43, 291, 297 }, // U+0401
    { 28, 34, 521, 3, 33, 238, 588 }, // U+0402
    { 26, 44, 369, 1, 44, 286, 826 }, // U+0403
    { 28, 35, 444, 2, 34, 245, 1112 }, // U+0404
    { 25, 35, 389, 0, 34, 219, 1357 }, // U+0405
    { 15, 33, 226, 0, 33, 124, 1576 }, // U+0406
    { 19, 43, 227, 1, 43, 205, 1700 }, // U+0407
    { 24, 43, 234, -8, 33, 258, 1905 }, // U+0408
    { 45, 34, 710, -2, 33, 383, 2163 }, // U+0409
    { 42, 33, 686, 0, 33, 347, 2546 }, // U+040A
    { 29, 33, 534, 3, 33, 240, 2893 }, // U+040B
    { 32, 44, 460, 1, 44, 352, 3133 }, // U+040C
    { 33, 44, 513, 0, 44, 363, 3485 }, // U+040D
    { 32, 44, 433, 0, 43, 352, 3848 }, // U+040E
    { 32, 41, 494, 0, 33, 328, 4200 }, // U+040F
    { 30, 33, 460, -3, 33, 248, 4528 }, // U+0410
    { 26, 33, 433, 1, 33, 215, 4776 }, // U+0411
    { 28, 33, 451, 1, 33, 231, 4991 }, // U+0412
    { 26, 33, 369, 1, 33, 215, 5222 }, // U+0413
    { 37, 41, 529, -4, 33, 380, 5437 }, // U+0414
    { 27, 33, 389, 0, 33, 223, 5817 }, // U+0415
    { 48, 33, 664, -3, 33, 396, 6040 }, // U+0416
    { 27, 35, 417, 0, 34, 237, 6436 }, // U+0417
    { 33, 33, 513, 0, 33, 273, 6673 }, // U+0418
    { 33, 43, 513, 0, 43, 355, 6946 }, // U+0419
    { 32, 33, 460, 1, 33, 264, 7301 }, // U+041A
    { 35, 34, 511, -2, 33, 298, 7565 }, // U+041B
    { 40, 33, 637, 1, 33, 330, 7863 }, // U+041C
    { 33, 33, 503, 0, 33, 273, 8193 }, // U+041D
    { 30, 35, 526, 2, 34, 263, 8466 }, // U+041E
    { 32, 33, 496, 0, 33, 264, 8729 }, // U+041F
    { 27, 33, 432, 1, 33, 223, 8993 }, // U+0420
    { 28, 35, 436, 2, 34, 245, 9216 }, // U+0421
    { 25, 33, 383, 3, 33, 207, 9461 }, // U+0422
    { 32, 34, 437, 0, 33, 272, 9668 }, // U+0423
    { 38, 35, 646, 2, 34, 333, 9940 }, // U+0424
    { 35, 33, 446, -3, 33, 289, 10273 }, // U+0425
    { 32, 41, 511, 0, 33, 328, 10562 }, // U+0426
    { 28, 33, 484, 3, 33, 231, 10890 }, // U+0427
    { 45, 33, 723, 1, 33, 372, 11121 }, // U+0428
    { 45, 40, 729, 1, 33, 450, 11493 }, // U+0429
    { 28, 33, 513, 3, 33, 231, 11943 }, // U+042A
    { 40, 33, 643, 1, 33, 330, 12174 }, // U+042B
    { 25, 33, 436, 1, 33, 207, 12504 }, // U+042C
    { 27, 35, 447, 1, 34, 237, 12711 }, // U+042D
    { 44, 35, 724, 1, 34, 385, 12948 }, // U+042E
    { 33, 33, 453, -3, 33, 273, 13333 }, // U+042F
    { 26, 27, 425, 1, 26, 176, 13606 }, // U+0430
    { 26, 36, 414, 1, 35, 234, 13782 }, // U+0431
    { 24, 27, 405, 1, 26, 162, 14016 }, // U+0432
    { 22, 27, 339, -1, 26, 149, 14178 }, // U+0433
    { 25, 37, 422, 1, 36, 232, 14327 }, // U+0434
    { 23, 27, 383, 1, 26, 156, 14559 }, // U+0435
    { 46, 27, 700, -1, 26, 311, 14715 }, // U+0436
    { 22, 27, 364, 0, 26, 149, 15026 }, // U+0437
    { 25, 27, 436, 2, 26, 169, 15175 }, // U+0438
    { 25, 37, 434, 2, 36, 232, 15344 }, // U+0439
    { 28, 26, 411, 0, 26, 182, 15576 }, // U+043A
    { 30, 27, 446, -2, 26, 203, 15758 }, // U+043B
    { 35, 26, 566, 0, 26, 228, 15961 }, // U+043C
    { 27, 26, 431, 0, 26, 176, 16189 }, // U+043D
    { 25, 27, 417, 1, 26, 169, 16365 }, // U+043E
    { 26, 26, 436, 0, 26, 169, 16534 }, // U+043F
    { 28, 37, 443, -2, 26, 259, 16703 }, // U+0440
    { 21, 27, 344, 1, 26, 142, 16962 }, // U+0441
    { 39, 26, 656, 0, 26, 254, 17104 }, // U+0442
    { 30, 37, 391, -3, 26, 278, 17358 }, // U+0443
    { 32, 46, 545, 1, 35, 368, 17636 }, // U+0444
    { 30, 26, 382, -3, 26, 195, 18004 }, // U+0445
    { 25, 33, 449, 2, 26, 207, 18199 }, // U+0446
    { 23, 26, 425, 3, 26, 150, 18406 }, // U+0447
    { 39, 27, 656, 2, 26, 264, 18556 }, // U+0448
    { 39, 33, 669, 2, 26, 322, 18820 }, // U+0449
    { 27, 27, 459, 1, 26, 183, 19142 }, // U+044A
    { 36, 27, 587, 1, 26, 243, 19325 }, // U+044B
    { 23, 27, 404, 1, 26, 156, 19568 }, // U+044C
    { 20, 27, 349, 1, 26, 135, 19724 }, // U+044D
    { 36, 27, 591, 0, 26, 243, 19859 }, // U+044E
    { 28, 26, 403, -3, 26, 182, 20102 }, // U+044F
    { 23, 37, 383, 1, 36, 213, 20284 }, // U+0450
    { 23, 36, 383, 1, 35, 207, 20497 }, // U+0451
    { 25, 46, 438, 0, 35, 288, 20704 }, // U+0452
    { 24, 37, 339, -1, 36, 222, 20992 }, // U+0453
    { 21, 27, 344, 1, 26, 142, 21214 }, // U+0454
    { 21, 27, 334, 0, 26, 142, 21356 }, // U+0455
    { 15, 35, 213, 0, 35, 132, 21498 }, // U+0456
    { 17, 35, 210, 0, 35, 149, 21630 }, // U+0457
    { 22, 46, 211, -7, 35, 253, 21779 }, // U+0458
    { 40, 27, 629, -2, 26, 270, 22032 }, // U+0459
    { 37, 27, 614, 0, 26, 250, 22302 }, // U+045A
    { 25, 35, 438, 0, 35, 219, 22552 }, // U+045B
    { 28, 36, 406, 0, 36, 252, 22771 }, // U+045C
    { 25, 37, 434, 2, 36, 232, 23023 }, // U+045D
    { 30, 47, 391, -3, 36, 353, 23255 }, // U+045E
    { 25, 36, 436, 2, 26, 225, 23608 }, // U+045F
    { 42, 33, 650, 3, 33, 347, 23833 }, // U+0460
    { 36, 26, 592, 3, 26, 234, 24180 }, // U+0461
    { 25, 33, 460, 2, 33, 207, 24414 }, // U+0462
    { 37, 27, 631, 0, 26, 250, 24621 }, // U+0463
    { 42, 35, 650, 1, 34, 368, 24871 }, // U+0464
    { 35, 27, 550, 0, 26, 237, 25239 }, // U+0465
    { 31, 33, 491, -3, 33, 256, 25476 }, // U+0466
    { 28, 26, 425, -3, 26, 182, 25732 }, // U+0467
    { 39, 33, 678, 1, 33, 322, 25914 }, // U+0468
    { 36, 26, 613, 0, 26, 234, 26236 }, // U+0469
    { 37, 33, 535, -2, 33, 306, 26470 }, // U+046A
    { 31, 26, 425, -3, 26, 202, 26776 }, // U+046B
    { 46, 33, 722, 1, 33, 380, 26978 }, // U+046C
    { 39, 26, 607, 0, 26, 254, 27358 }, // U+046D
    { 29, 51, 437, -2, 40, 370, 27612 }, // U+046E
    { 27, 42, 384, -3, 31, 284, 27982 }, // U+046F
    { 37, 33, 606, 4, 33, 306, 28266 }, // U+0470
    { 34, 46, 592, 2, 35, 391, 28572 }, // U+0471
    { 31, 35, 536, 2, 34, 272, 28963 }, // U+0472
    { 23, 27, 429, 2, 26, 156, 29235 }, // U+0473
    { 29, 33, 477, 4, 33, 240, 29391 }, // U+0474
    { 25, 26, 400, 2, 26, 163, 29631 }, // U+0475
    { 29, 44, 477, 4, 44, 319, 29794 }, // U+0476
    { 25, 36, 400, 2, 36, 225, 30113 }, // U+0477
    { 58, 45, 916, 2, 34, 653, 30338 }, // U+0478
    { 51, 37, 810, 2, 26, 472, 30991 }, // U+0479
    { 32, 39, 555, 2, 36, 312, 31463 }, // U+047A
    { 25, 30, 464, 2, 27, 188, 31775 }, // U+047B
    { 44, 49, 742, 2, 48, 539, 31963 }, // U+047C
    { 36, 42, 634, 2, 41, 378, 32502 }, // U+047D
    { 42, 42, 650, 3, 42, 441, 32880 }, // U+047E
    { 36, 34, 595, 3, 34, 306, 33321 }, // U+047F
    { 28, 45, 449, 2, 34, 315, 33627 }, // U+0480
    { 21, 37, 355, 2, 26, 195, 33942 }, // U+0481
    { 24, 30, 447, 2, 29, 180, 34137 }, // U+0482
    { 18, 9, 0, -18, 34, 41, 34317 }, // U+0483
    { 19, 8, 0, -19, 35, 38, 34358 }, // U+0484
    { 8, 10, 0, -12, 37, 20, 34396 }, // U+0485
    { 9, 10, 0, -13, 37, 23, 34416 }, // U+0486
    { 19, 8, 0, -4, 42, 38, 34439 }, // U+0487
    { 54, 48, 0, -27, 36, 648, 34477 }, // U+0488
    { 52, 51, 0, -26, 38, 663, 35125 }, // U+0489
    { 35, 54, 602, 1, 44, 473, 35788 }, // U+048A
    { 27, 45, 461, 2, 36, 304, 36261 }, // U+048B
    { 24, 33, 431, 1, 33, 198, 36565 }, // U+048C
    { 22, 36, 416, 2, 35, 198, 36763 }, // U+048D
    { 28, 33, 447, 1, 33, 231, 36961 }, // U+048E
    { 28, 37, 436, -2, 26, 259, 37192 }, // U+048F
    { 27, 40, 373, 1, 40, 270, 37451 }, // U+0490
    { 24, 32, 337, 0, 32, 192, 37721 }, // U+0491
    { 27, 33, 371, 0, 33, 223, 37913 }, // U+0492
    { 24, 26, 339, -1, 26, 156, 38136 }, // U+0493
    { 26, 45, 488, 1, 33, 293, 38292 }, // U+0494
    { 23, 38, 420, 0, 26, 219, 38585 }, // U+0495
    { 47, 43, 674, -3, 33, 506, 38804 }, // U+0496
    { 46, 35, 704, -1, 26, 403, 39310 }, // U+0497
    { 27, 46, 417, 0, 34, 311, 39713 }, // U+0498
    { 22, 38, 364, 0, 26, 209, 40024 }, // U+0499
    { 31, 43, 504, 1, 33, 334, 40233 }, // U+049A
    { 28, 35, 449, 0, 26, 245, 40567 }, // U+049B
    { 32, 33, 460, 1, 33, 264, 40812 }, // U+049C
    { 28, 26, 431, 2, 26, 182, 41076 }, // U+049D
    { 31, 33, 449, 1, 33, 256, 41258 }, // U+049E
    { 28, 35, 424, 0, 35, 245, 41514 }, // U+049F
    { 33, 33, 514, 3, 33, 273, 41759 }, // U+04A0
    { 31, 26, 475, 1, 26, 202, 42032 }, // U+04A1
    { 32, 43, 562, 1, 33, 344, 42234 }, // U+04A2
    { 29, 35, 491, 0, 26, 254, 42578 }, // U+04A3
    { 39, 33, 565, 1, 33, 322, 42832 }, // U+04A4
    { 36, 26, 521, 0, 26, 234, 43154 }, // U+04A5
    { 43, 45, 757, 1, 33, 484, 43388 }, // U+04A6
    { 37, 38, 634, 0, 26, 352, 43872 }, // U+04A7
    { 30, 36, 535, 2, 34, 270, 44224 }, // U+04A8
    { 25, 28, 449, 2, 26, 175, 44494 }, // U+04A9
    { 28, 46, 449, 2, 34, 322, 44669 }, // U+04AA
    { 21, 38, 355, 2, 26, 200, 44991 }, // U+04AB
    { 25, 43, 389, 3, 33, 269, 45191 }, // U+04AC
    { 41, 35, 679, 0, 26, 359, 45460 }, // U+04AD
    { 27, 33, 414, 4, 33, 223, 45819 }, // U+04AE
    { 25, 37, 375, 2, 26, 232, 46042 }, // U+04AF
    { 30, 33, 414, 1, 33, 248, 46274 }, // U+04B0
    { 29, 37, 375, -2, 26, 269, 46522 }, // U+04B1
    { 35, 43, 507, -3, 33, 377, 46791 }, // U+04B2
    { 30, 35, 438, -2, 26, 263, 47168 }, // U+04B3
    { 34, 43, 614, 3, 33, 366, 47431 }, // U+04B4
    { 28, 35, 500, 2, 26, 245, 47797 }, // U+04B5
    { 28, 43, 548, 4, 33, 301, 48042 }, // U+04B6
    { 25, 35, 469, 3, 26, 219, 48343 }, // U+04B7
    { 28, 33, 496, 4, 33, 231, 48562 }, // U+04B8
    { 24, 26, 443, 3, 26, 156, 48793 }, // U+04B9
    { 28, 33, 496, 1, 33, 231, 48949 }, // U+04BA
    { 26, 35, 444, 0, 35, 228, 49180 }, // U+04BB
    { 35, 35, 571, 1, 34, 307, 49408 }, // U+04BC
    { 30, 27, 485, 0, 26, 203, 49715 }, // U+04BD
    { 35, 44, 571, 1, 34, 385, 49918 }, // U+04BE
    { 30, 35, 485, 0, 26, 263, 50303 }, // U+04BF
    { 23, 33, 281, -2, 33, 190, 50566 }, // U+04C0
    { 48, 43, 664, -3, 43, 516, 50756 }, // U+04C1
    { 46, 37, 700, -1, 36, 426, 51272 }, // U+04C2
    { 31, 45, 507, 1, 33, 349, 51698 }, // U+04C3
    { 28, 38, 454, 0, 26, 266, 52047 }, // U+04C4
    { 36, 43, 557, -2, 33, 387, 52313 }, // U+04C5
    { 31, 35, 483, -2, 26, 272, 52700 }, // U+04C6
    { 32, 45, 514, 1, 33, 360, 52972 }, // U+04C7
    { 28, 38, 452, 0, 26, 266, 53332 }, // U+04C8
    { 33, 43, 562, 1, 33, 355, 53598 }, // U+04C9
    { 30, 35, 495, 0, 26, 263, 53953 }, // U+04CA
    { 28, 43, 493, 4, 33, 301, 54216 }, // U+04CB
    { 24, 35, 436, 3, 26, 210, 54517 }, // U+04CC
    { 41, 43, 694, 1, 33, 441, 54727 }, // U+04CD
    { 36, 35, 614, 1, 26, 315, 55168 }, // U+04CE
    { 23, 33, 281, -2, 33, 190, 55483 }, // U+04CF
    { 33, 43, 460, -3, 43, 355, 55673 }, // U+04D0
    { 25, 37, 434, 2, 36, 232, 56028 }, // U+04D1
    { 31, 43, 460, -3, 43, 334, 56260 }, // U+04D2
    { 25, 36, 434, 2, 35, 225, 56594 }, // U+04D3
    { 46, 33, 656, -3, 33, 380, 56819 }, // U+04D4
    { 37, 27, 639, 2, 26, 250, 57199 }, // U+04D5
    { 27, 43, 398, 1, 43, 291, 57449 }, // U+04D6
    { 25, 37, 408, 2, 36, 232, 57740 }, // U+04D7
    { 28, 35, 484, 1, 34, 245, 57972 }, // U+04D8
    { 23, 27, 408, 1, 26, 156, 58217 }, // U+04D9
    { 28, 44, 484, 1, 43, 308, 58373 }, // U+04DA
    { 23, 36, 408, 1, 35, 207, 58681 }, // U+04DB
    { 48, 43, 664, -3, 43, 516, 58888 }, // U+04DC
    { 46, 36, 700, -1, 35, 414, 59404 }, // U+04DD
    { 27, 44, 417, 0, 43, 297, 59818 }, // U+04DE
    { 23, 36, 364, 0, 35, 207, 60115 }, // U+04DF
    { 27, 34, 407, -1, 33, 230, 60322 }, // U+04E0
    { 27, 38, 401, -3, 26, 257, 60552 }, // U+04E1
    { 33, 41, 513, 0, 41, 339, 60809 }, // U+04E2
    { 25, 34, 444, 2, 33, 213, 61148 }, // U+04E3
    { 33, 43, 513, 0, 43, 355, 61361 }, // U+04E4
    { 25, 36, 444, 2, 35, 225, 61716 }, // U+04E5
    { 31, 44, 536, 2, 43, 341, 61941 }, // U+04E6
    { 23, 36, 433, 2, 35, 207, 62282 }, // U+04E7
    { 31, 35, 535, 2, 34, 272, 62489 }, // U+04E8
    { 23, 27, 433, 2, 26, 156, 0 }, // U+04E9
    { 31, 44, 535, 2, 43, 341, 156 }, // U+04EA
    { 23, 36, 433, 2, 35, 207, 497 }, // U+04EB
    { 27, 44, 447, 1, 43, 297, 704 }, // U+04EC
    { 20, 36, 349, 1, 35, 180, 1001 }, // U+04ED
    { 32, 42, 433, 0, 41, 336, 1181 }, // U+04EE
    { 31, 44, 381, -4, 33, 341, 1517 }, // U+04EF
    { 32, 44, 433, 0, 43, 352, 1858 }, // U+04F0
    { 31, 46, 381, -4, 35, 357, 2210 }, // U+04F1
    { 32, 45, 433, 0, 44, 360, 2567 }, // U+04F2
    { 33, 47, 381, -4, 36, 388, 2927 }, // U+04F3
    { 28, 43, 480, 3, 43, 301, 3315 }, // U+04F4
    { 23, 35, 423, 3, 35, 202, 3616 }, // U+04F5
    { 26, 43, 369, 1, 33, 280, 3818 }, // U+04F6
    { 23, 35, 339, 0, 26, 202, 4098 }, // U+04F7
    { 40, 43, 643, 1, 43, 430, 4300 }, // U+04F8
    { 36, 36, 590, 1, 35, 324, 4730 }, // U+04F9
    { 27, 45, 371, 0, 33, 304, 5054 }, // U+04FA
    { 24, 38, 339, -1, 26, 228, 5358 }, // U+04FB
    { 35, 45, 507, -3, 33, 394, 5586 }, // U+04FC
    { 30, 38, 439, -3, 26, 285, 5980 }, // U+04FD
    { 35, 33, 447, -3, 33, 289, 6265 }, // U+04FE
    { 30, 26, 389, -3, 26, 195, 6554 }, // U+04FF
    { 30, 43, 460, -3, 33, 323, 0 }, // U+1EA0
    { 25, 36, 434, 2, 26, 225, 323 }, // U+1EA1
    { 30, 46, 460, -3, 46, 345, 548 }, // U+1EA2
    { 25, 40, 434, 2, 39, 250, 893 }, // U+1EA3
    { 39, 45, 460, -3, 45, 439, 1143 }, // U+1EA4
    { 31, 39, 434, 2, 38, 303, 1582 }, // U+1EA5
    { 30, 45, 460, -3, 45, 338, 1885 }, // U+1EA6
    { 25, 39, 434, 2, 38, 244, 2223 }, // U+1EA7
    { 36, 48, 460, -3, 48, 432, 2467 }, // U+1EA8
    { 29, 41, 434, 2, 40, 298, 2899 }, // U+1EA9
    { 32, 49, 460, -3, 49, 392, 3197 }, // U+1EAA
    { 25, 42, 434, 2, 41, 263, 3589 }, // U+1EAB
    { 32, 54, 460, -3, 44, 432, 3852 }, // U+1EAC
    { 25, 46, 434, 2, 36, 288, 4284 }, // U+1EAD
    { 31, 47, 460, -3, 47, 365, 4572 }, // U+1EAE
    { 25, 40, 434, 2, 39, 250, 4937 }, // U+1EAF
    { 31, 47, 460, -3, 47, 365, 5187 }, // U+1EB0
    { 25, 40, 434, 2, 39, 250, 5552 }, // U+1EB1
    { 31, 48, 460, -3, 48, 372, 5802 }, // U+1EB2
    { 25, 42, 434, 2, 41, 263, 6174 }, // U+1EB3
    { 32, 49, 460, -3, 49, 392, 6437 }, // U+1EB4
    { 25, 42, 434, 2, 41, 263, 6829 }, // U+1EB5
    { 32, 54, 460, -3, 44, 432, 7092 }, // U+1EB6
    { 25, 46, 434, 2, 36, 288, 7524 }, // U+1EB7
    { 26, 43, 398, 1, 33, 280, 7812 }, // U+1EB8
    { 23, 36, 408, 2, 26, 207, 8092 }, // U+1EB9
    { 26, 46, 398, 1, 46, 299, 8299 }, // U+1EBA
    { 23, 40, 408, 2, 39, 230, 8598 }, // U+1EBB
    { 28, 43, 398, 1, 43, 301, 8828 }, // U+1EBC
    { 25, 36, 408, 2, 35, 225, 9129 }, // U+1EBD
    { 33, 45, 398, 1, 45, 372, 9354 }, // U+1EBE
    { 31, 39, 408, 2, 38, 303, 9726 }, // U+1EBF
    { 26, 45, 398, 1, 45, 293, 10029 }, // U+1EC0
    { 23, 39, 408, 2, 38, 225, 10322 }, // U+1EC1
    { 31, 48, 398, 1, 48, 372, 10547 }, // U+1EC2
    { 28, 41, 408, 2, 40, 287, 10919 }, // U+1EC3
    { 27, 49, 398, 1, 49, 331, 11206 }, // U+1EC4
    { 24, 42, 408, 2, 41, 252, 11537 }, // U+1EC5
    { 26, 54, 398, 1, 44, 351, 11789 }, // U+1EC6
    { 24, 46, 408, 2, 36, 276, 12140 }, // U+1EC7
    { 23, 46, 281, -2, 46, 265, 12416 }, // U+1EC8
    { 17, 39, 219, 0, 39, 166, 12681 }, // U+1EC9
    { 23, 43, 281, -2, 33, 248, 12847 }, // U+1ECA
    { 16, 45, 219, -1, 35, 180, 13095 }, // U+1ECB
    { 31, 44, 536, 2, 34, 341, 13275 }, // U+1ECC
    { 23, 36, 433, 2, 26, 207, 13616 }, // U+1ECD
    { 31, 47, 536, 2, 46, 365, 13823 }, // U+1ECE
    { 23, 40, 433, 2, 39, 230, 14188 }, // U+1ECF
    { 36, 46, 536, 2, 45, 414, 14418 }, // U+1ED0
    { 31, 39, 433, 2, 38, 303, 14832 }, // U+1ED1
    { 31, 46, 536, 2, 45, 357, 15135 }, // U+1ED2
    { 23, 39, 433, 2, 38, 225, 15492 }, // U+1ED3
    { 33, 49, 536, 2, 48, 405, 15717 }, // U+1ED4
    { 28, 41, 433, 2, 40, 287, 16122 }, // U+1ED5
    { 31, 50, 536, 2, 49, 388, 16409 }, // U+1ED6
    { 24, 42, 433, 2, 41, 252, 16797 }, // U+1ED7
    { 31, 54, 536, 2, 44, 419, 17049 }, // U+1ED8
    { 24, 46, 433, 2, 36, 276, 17468 }, // U+1ED9
    { 39, 45, 566, 2, 44, 439, 17744 }, // U+1EDA
    { 32, 37, 479, 2, 36, 296, 18183 }, // U+1EDB
    { 39, 45, 566, 2, 44, 439, 18479 }, // U+1EDC
    { 32, 37, 479, 2, 36, 296, 18918 }, // U+1EDD
    { 39, 47, 566, 2, 46, 459, 19214 }, // U+1EDE
    { 32, 40, 479, 2, 39, 320, 19673 }, // U+1EDF
    { 39, 44, 566, 2, 43, 429, 19993 }, // U+1EE0
    { 32, 36, 479, 2, 35, 288, 20422 }, // U+1EE1
    { 39, 45, 566, 2, 35, 439, 20710 }, // U+1EE2
    { 32, 39, 479, 2, 29, 312, 21149 }, // U+1EE3
    { 30, 43, 507, 3, 33, 323, 21461 }, // U+1EE4
    { 25, 36, 444, 2, 26, 225, 21784 }, // U+1EE5
    { 30, 47, 507, 3, 46, 353, 22009 }, // U+1EE6
    { 25, 40, 444, 2, 39, 250, 22362 }, // U+1EE7
    { 40, 45, 568, 3, 44, 450, 22612 }, // U+1EE8
    { 36, 37, 521, 2, 36, 333, 23062 }, // U+1EE9
    { 40, 45, 568, 3, 44, 450, 23395 }, // U+1EEA
    { 36, 37, 521, 2, 36, 333, 23845 }, // U+1EEB
    { 40, 47, 568, 3, 46, 470, 24178 }, // U+1EEC
    { 36, 40, 521, 2, 39, 360, 24648 }, // U+1EED
    { 40, 44, 568, 3, 43, 440, 25008 }, // U+1EEE
    { 36, 36, 521, 2, 35, 324, 25448 }, // U+1EEF
    { 40, 45, 568, 3, 35, 450, 25772 }, // U+1EF0
    { 36, 39, 521, 2, 29, 351, 26222 }, // U+1EF1
    { 27, 44, 414, 4, 44, 297, 26573 }, // U+1EF2
    { 31, 47, 381, -4, 36, 365, 26870 }, // U+1EF3
    { 27, 43, 414, 4, 33, 291, 27235 }, // U+1EF4
    { 31, 37, 381, -4, 26, 287, 27526 }, // U+1EF5
    { 27, 46, 414, 4, 46, 311, 27813 }, // U+1EF6
    { 31, 50, 381, -4, 39, 388, 28124 }, // U+1EF7
    { 27, 43, 414, 4, 43, 291, 28512 }, // U+1EF8
    { 31, 46, 381, -4, 35, 357, 28803 }, // U+1EF9
    { 0, 0, 367, 0, 0, 0, 0 }, // U+2000
    { 0, 0, 733, 0, 0, 0, 0 }, // U+2001
    { 0, 0, 367, 0, 0, 0, 0 }, // U+2002
    { 0, 0, 733, 0, 0, 0, 0 }, // U+2003
    { 0, 0, 244, 0, 0, 0, 0 }, // U+2004
    { 0, 0, 183, 0, 0, 0, 0 }, // U+2005
    { 0, 0, 122, 0, 0, 0, 0 }, // U+2006
    { 0, 0, 404, 0, 0, 0, 0 }, // U+2007
    { 0, 0, 210, 0, 0, 0, 0 }, // U+2008
    { 0, 0, 122, 0, 0, 0, 0 }, // U+2009
    { 0, 0, 73, 0, 0, 0, 0 }, // U+200A
    { 0, 0, 0, 0, 0, 0, 0 }, // U+200B
    { 0, 0, 0, 0, 0, 0, 0 }, // U+200C
    { 0, 0, 0, 0, 0, 0, 0 }, // U+200D
    { 11, 39, 0, -1, 32, 108, 0 }, // U+200E
    { 11, 39, 0, -10, 32, 108, 108 }, // U+200F
    { 14, 7, 237, 0, 16, 25, 216 }, // U+2010
    { 14, 7, 237, 0, 16, 25, 241 }, // U+2011
    { 24, 6, 404, 1, 19, 36, 266 }, // U+2012
    { 22, 6, 352, 0, 15, 33, 302 }, // U+2013
    { 44, 6, 704, 0, 15, 66, 335 }, // U+2014
    { 44, 6, 704, 0, 15, 66, 401 }, // U+2015
    { 18, 46, 404, 4, 35, 207, 467 }, // U+2016
    { 21, 10, 293, -5, -1, 53, 674 }, // U+2017
    { 12, 12, 159, 2, 33, 36, 727 }, // U+2018
    { 12, 12, 159, 2, 33, 36, 763 }, // U+2019
    { 12, 12, 205, -3, 6, 36, 799 }, // U+201A
    { 7, 12, 158, 5, 33, 21, 835 }, // U+201B
    { 22, 12, 317, 2, 33, 66, 856 }, // U+201C
    { 22, 12, 317, 2, 33, 66, 922 }, // U+201D
    { 22, 12, 364, -3, 6, 66, 988 }, // U+201E
    { 18, 12, 317, 4, 33, 54, 1054 }, // U+201F
    { 20, 35, 377, 4, 35, 175, 1108 }, // U+2020
    { 23, 35, 377, 1, 35, 202, 1283 }, // U+2021
    { 13, 15, 276, 3, 24, 49, 1485 }, // U+2022
    { 16, 18, 258, 1, 26, 72, 1534 }, // U+2023
    { 9, 9, 367, 5, 8, 21, 1606 }, // U+2024
    { 22, 9, 422, 0, 8, 50, 1627 }, // U+2025
    { 34, 9, 611, 0, 8, 77, 1677 }, // U+2026
    { 9, 9, 236, 3, 17, 21, 1754 }, // U+2027
    { 0, 0, 440, 0, 0, 0, 1775 }, // U+2028
    { 0, 0, 440, 0, 0, 0, 1775 }, // U+2029
    { 11, 35, 0, -1, 28, 97, 1775 }, // U+202A
    { 11, 35, 0, -10, 28, 97, 1872 }, // U+202B
    { 12, 39, 0, -6, 32, 117, 1969 }, // U+202C
    { 12, 39, 0, -6, 32, 117, 2086 }, // U+202D
    { 12, 39, 0, -6, 32, 117, 2203 }, // U+202E
    { 0, 0, 122, 0, 0, 0, 2320 }, // U+202F
    { 53, 35, 893, 2, 34, 464, 2320 }, // U+2030
    { 69, 35, 1159, 2, 34, 604, 2784 }, // U+2031
    { 14, 13, 208, 2, 33, 46, 3388 }, // U+2032
    { 25, 13, 376, 2, 33, 82, 3434 }, // U+2033
    { 35, 13, 545, 2, 33, 114, 3516 }, // U+2034
    { 12, 13, 208, 3, 33, 39, 3630 }, // U+2035
    { 23, 13, 376, 3, 33, 75, 3669 }, // U+2036
    { 33, 13, 545, 3, 33, 108, 3744 }, // U+2037
    { 16, 15, 258, -4, 4, 60, 3852 }, // U+2038
    { 14, 22, 239, 1, 24, 77, 3912 }, // U+2039
    { 14, 22, 238, 0, 24, 77, 3989 }, // U+203A
    { 37, 36, 620, 1, 34, 333, 4066 }, // U+203B
    { 28, 34, 411, 0, 33, 238, 4399 }, // U+203C
    { 20, 35, 337, 3, 34, 175, 4637 }, // U+203D
    { 22, 6, 367, 4, 40, 33, 4812 }, // U+203E
    { 24, 10, 393, -3, -1, 60, 4845 }, // U+203F
    { 24, 11, 393, 3, 37, 66, 4905 }, // U+2040
    { 23, 30, 282, -4, 19, 173, 4971 }, // U+2041
    { 51, 42, 845, -1, 36, 536, 5144 }, // U+2042
    { 13, 6, 238, 1, 15, 20, 5680 }, // U+2043
    { 30, 33, 92, -12, 33, 248, 5700 }, // U+2044
    { 20, 41, 243, -1, 33, 205, 5948 }, // U+2045
    { 20, 41, 243, -4, 33, 205, 6153 }, // U+2046
    { 40, 35, 664, 3, 34, 350, 6358 }, // U+2047
    { 33, 35, 552, 3, 34, 289, 6708 }, // U+2048
    { 36, 35, 546, 0, 34, 315, 6997 }, // U+2049
    { 24, 26, 390, 2, 26, 156, 7312 }, // U+204A
    { 25, 41, 456, 4, 35, 257, 7468 }, // U+204B
    { 25, 25, 470, 2, 26, 157, 7725 }, // U+204C
    { 25, 25, 470, 3, 26, 157, 7882 }, // U+204D
    { 23, 24, 397, -2, 13, 138, 8039 }, // U+204E
    { 12, 32, 209, 1, 26, 96, 8177 }, // U+204F
    { 30, 48, 393, -3, 37, 360, 8273 }, // U+2050
    { 27, 47, 397, -1, 36, 318, 8633 }, // U+2051
    { 20, 35, 309, 0, 34, 175, 8951 }, // U+2052
    { 43, 10, 733, 2, 18, 108, 9126 }, // U+2053
    { 24, 11, 393, -4, 0, 66, 9234 }, // U+2054
    { 25, 25, 421, 0, 24, 157, 9300 }, // U+2055
    { 22, 35, 410, 2, 34, 193, 9457 }, // U+2056
    { 42, 13, 648, 2, 33, 137, 9650 }, // U+2057
    { 35, 35, 623, 2, 34, 307, 9787 }, // U+2058
    { 35, 35, 625, 2, 34, 307, 10094 }, // U+2059
    { 9, 35, 201, 2, 34, 79, 10401 }, // U+205A
    { 29, 37, 524, 2, 36, 269, 10480 }, // U+205B
    { 36, 36, 607, 1, 34, 324, 10749 }, // U+205C
    { 9, 36, 206, 2, 35, 81, 11073 }, // U+205D
    { 8, 36, 209, 3, 34, 72, 11154 }, // U+205E
    { 0, 0, 163, 0, 0, 0, 11226 }, // U+205F
    { 0, 0, 440, 0, 0, 0, 11226 }, // U+2060
    { 0, 0, 440, 0, 0, 0, 11226 }, // U+2061
    { 0, 0, 440, 0, 0, 0, 11226 }, // U+2062
    { 0, 0, 440, 0, 0, 0, 11226 }, // U+2063
    { 0, 0, 440, 0, 0, 0, 11226 }, // U+2064
    { 0, 0, 440, 0, 0, 0, 11226 }, // U+2066
    { 0, 0, 440, 0, 0, 0, 11226 }, // U+2067
    { 0, 0, 440, 0, 0, 0, 11226 }, // U+2068
    { 0, 0, 440, 0, 0, 0, 11226 }, // U+2069
    { 12, 39, 0, -6, 32, 117, 11226 }, // U+206A
    { 12, 39, 0, -6, 32, 117, 11343 }, // U+206B
    { 12, 39, 0, -6, 32, 117, 11460 }, // U+206C
    { 12, 39, 0, -6, 32, 117, 11577 }, // U+206D
    { 12, 39, 0, -6, 32, 117, 11694 }, // U+206E
    { 12, 39, 0, -6, 32, 117, 11811 }, // U+206F
    { 17, 22, 278, 4, 40, 94, 0 }, // U+2070
    { 10, 22, 179, 3, 35, 55, 94 }, // U+2071
    { 18, 20, 278, 2, 39, 90, 149 }, // U+2074
    { 17, 21, 278, 3, 39, 90, 239 }, // U+2075
    { 17, 22, 278, 4, 40, 94, 329 }, // U+2076
    { 18, 20, 278, 4, 39, 90, 423 }, // U+2077
    { 17, 22, 278, 3, 40, 94, 513 }, // U+2078
    { 16, 22, 278, 4, 40, 88, 607 }, // U+2079
    { 14, 15, 276, 5, 35, 53, 695 }, // U+207A
    { 14, 4, 276, 5, 29, 14, 748 }, // U+207B
    { 15, 9, 295, 5, 32, 34, 762 }, // U+207C
    { 12, 26, 164, 5, 41, 78, 796 }, // U+207D
    { 12, 26, 164, 0, 41, 78, 874 }, // U+207E
    { 17, 16, 288, 2, 29, 68, 952 }, // U+207F
    { 16, 22, 278, -1, 15, 88, 1020 }, // U+2080
    { 15, 20, 278, -1, 14, 75, 1108 }, // U+2081
    { 18, 21, 278, -3, 15, 95, 1183 }, // U+2082
    { 18, 22, 278, -3, 15, 99, 1278 }, // U+2083
    { 18, 20, 278, -3, 14, 90, 1377 }, // U+2084
    { 17, 21, 278, -2, 14, 90, 1467 }, // U+2085
    { 17, 22, 278, -1, 15, 94, 1557 }, // U+2086
    { 18, 20, 278, -1, 14, 90, 1651 }, // U+2087
    { 17, 22, 278, -2, 15, 94, 1741 }, // U+2088
    { 16, 22, 278, -1, 15, 88, 1835 }, // U+2089
    { 14, 15, 276, 0, 11, 53, 1923 }, // U+208A
    { 14, 4, 276, 0, 5, 14, 1976 }, // U+208B
    { 14, 9, 295, 0, 8, 32, 1990 }, // U+208C
    { 12, 26, 164, 0, 17, 78, 2022 }, // U+208D
    { 12, 26, 164, -5, 17, 78, 2100 }, // U+208E
    { 17, 16, 282, -2, 11, 68, 2178 }, // U+2090
    { 16, 16, 261, -2, 11, 64, 2246 }, // U+2091
    { 16, 16, 282, -2, 11, 64, 2310 }, // U+2092
    { 20, 16, 254, -4, 11, 80, 2374 }, // U+2093
    { 15, 16, 261, -2, 11, 60, 2454 }, // U+2094
    { 17, 22, 327, -1, 17, 94, 2514 }, // U+2095
    { 19, 22, 288, -1, 17, 105, 2608 }, // U+2096
    { 11, 22, 186, -1, 17, 61, 2713 }, // U+2097
    { 26, 16, 470, -1, 11, 104, 2774 }, // U+2098
    { 17, 16, 288, -2, 11, 68, 2878 }, // U+2099
    { 19, 22, 285, -4, 11, 105, 2946 }, // U+209A
    { 15, 16, 246, -2, 11, 60, 3051 }, // U+209B
    { 13, 19, 194, -2, 14, 62, 3111 }, // U+209C
    { 25, 34, 419, 2, 34, 213, 0 }, // U+20A0
    { 28, 38, 405, 1, 35, 266, 213 }, // U+20A1
    { 28, 35, 419, 1, 34, 245, 479 }, // U+20A2
    { 28, 33, 404, 0, 33, 231, 724 }, // U+20A3
    { 29, 34, 404, -1, 34, 247, 955 }, // U+20A4
    { 40, 37, 664, 0, 31, 370, 1202 }, // U+20A5
    { 28, 33, 426, 0, 33, 231, 1572 }, // U+20A6
    { 38, 34, 628, 1, 33, 323, 1803 }, // U+20A7
    { 42, 34, 657, 0, 33, 357, 2126 }, // U+20A8
    { 36, 33, 533, 0, 33, 297, 2483 }, // U+20A9
    { 39, 33, 634, 1, 33, 322, 2780 }, // U+20AA
    { 32, 43, 436, 0, 35, 344, 3102 }, // U+20AB
    { 28, 35, 404, 0, 34, 245, 3446 }, // U+20AC
    { 31, 33, 419, 0, 33, 256, 3691 }, // U+20AD
    { 27, 33, 389, 1, 33, 223, 3947 }, // U+20AE
    { 45, 45, 741, 0, 34, 507, 4170 }, // U+20AF
    { 31, 45, 433, -3, 34, 349, 4677 }, // U+20B0
    { 28, 33, 419, 0, 33, 231, 5026 }, // U+20B1
    { 30, 40, 506, 2, 36, 300, 5257 }, // U+20B2
    { 32, 33, 440, -3, 33, 264, 5557 }, // U+20B3
    { 28, 35, 419, 0, 34, 245, 5821 }, // U+20B4
    { 28, 39, 449, 2, 35, 273, 6066 }, // U+20B5
    { 31, 32, 496, 1, 31, 248, 6339 }, // U+20B6
    { 34, 38, 503, -1, 34, 323, 6587 }, // U+20B7
    { 27, 33, 388, 1, 33, 223, 6910 }, // U+20B8
    { 24, 33, 404, 3, 33, 198, 7133 }, // U+20B9
    { 25, 34, 404, 0, 33, 213, 7331 }, // U+20BA
    { 28, 35, 471, 3, 34, 245, 7544 }, // U+20BB
    { 36, 33, 598, -1, 33, 297, 7789 }, // U+20BC
    { 29, 33, 427, -1, 33, 240, 8086 }, // U+20BD
    { 31, 38, 449, -1, 38, 295, 8326 }, // U+20BE
    { 25, 43, 404, 1, 38, 269, 8621 }, // U+20BF
    { 14, 7, 237, 0, 16, 25, 0 }, // U+2212
    { 43, 47, 523, -5, 36, 506, 0 }, // U+FB00
    { 37, 47, 491, -5, 36, 435, 506 }, // U+FB01
    { 38, 47, 491, -5, 36, 447, 941 }, // U+FB02
    { 52, 47, 733, -5, 36, 611, 1388 }, // U+FB03
    { 53, 47, 733, -5, 36, 623, 1999 }, // U+FB04
    { 42, 47, 556, -6, 36, 494, 2622 }, // U+FB05
    { 42, 37, 647, 0, 36, 389, 3116 }, // U+FB06
    { 43, 43, 733, 1, 35, 463, 0 }, // U+FFFD
};

static const EpdUnicodeInterval notosans_22_bolditalicIntervals[] = {
    { 0x0, 0x0, 0x0 },
    { 0xD, 0xD, 0x1 },
    { 0x20, 0x7E, 0x2 },
    { 0xA0, 0x17F, 0x61 },
    { 0x1A0, 0x1A1, 0x141 },
    { 0x1AF, 0x1B0, 0x143 },
    { 0x1C4, 0x21F, 0x145 },
    { 0x300, 0x36F, 0x1A1 },
    { 0x400, 0x4FF, 0x211 },
    { 0x1EA0, 0x1EF9, 0x311 },
    { 0x2000, 0x2064, 0x36B },
    { 0x2066, 0x2071, 0x3D0 },
    { 0x2074, 0x208E, 0x3DC },
    { 0x2090, 0x209C, 0x3F7 },
    { 0x20A0, 0x20BF, 0x404 },
    { 0x2212, 0x2212, 0x424 },
    { 0xFB00, 0xFB06, 0x425 },
    { 0xFFFD, 0xFFFD, 0x42C },
};

static const EpdFontGroup notosans_22_bolditalicGroups[] = {
    { 0, 6432, 19439, 97, 0 },
    { 6432, 5590, 23027, 96, 97 },
    { 12022, 7241, 37019, 128, 193 },
    { 19263, 7089, 32125, 96, 321 },
    { 26352, 2458, 4987, 112, 417 },
    { 28810, 18356, 65535, 233, 529 },
    { 47166, 1987, 6942, 23, 762 },
    { 49153, 4381, 30253, 90, 785 },
    { 53534, 3808, 12510, 111, 875 },
    { 57342, 1593, 3481, 42, 986 },
    { 58935, 3608, 9187, 32, 1028 },
    { 62543, 24, 28, 1, 1060 },
    { 62567, 915, 3650, 7, 1061 },
    { 63482, 193, 473, 1, 1068 },
};

static const uint16_t notosans_22_bolditalicKernLeftCodepoints[] = {
    0x0020, 0x0022, 0x0026, 0x0027, 0x0028, 0x002C, 0x002D, 0x002E, 0x0041, 0x0042, 0x0043, 0x0044,
    0x0045, 0x0046, 0x004B, 0x004C, 0x004F, 0x0050, 0x0051, 0x0052, 0x0054, 0x0055, 0x0056, 0x0057,
    0x0058, 0x0059, 0x005A, 0x005B, 0x005F, 0x0061, 0x0062, 0x0063, 0x0065, 0x0066, 0x006B, 0x006F,
    0x0070, 0x0072, 0x0074, 0x0076, 0x0077, 0x0078, 0x0079, 0x007B, 0x00A1, 0x00AB, 0x00BB, 0x00BF,
    0x00C0, 0x00C1, 0x00C2, 0x00C3, 0x00C4, 0x00C5, 0x00C6, 0x00C7, 0x00C8, 0x00C9, 0x00CA, 0x00CB,
    0x00D0, 0x00D2, 0x00D3, 0x00D4, 0x00D5, 0x00D6, 0x00D8, 0x00D9, 0x00DA, 0x00DB, 0x00DC, 0x00DD,
    0x00DE, 0x00E0, 0x00E1, 0x00E2, 0x00E3, 0x00E4, 0x00E5, 0x00E6, 0x00E8, 0x00E9, 0x00EA, 0x00EB,
    0x00EF, 0x00F0, 0x00F2, 0x00F3, 0x00F4, 0x00F5, 0x00F6, 0x00F8, 0x00FD, 0x00FE, 0x00FF, 0x0100,
    0x0101, 0x0102, 0x0103, 0x0104, 0x0105, 0x0106, 0x0108, 0x010A, 0x010C, 0x010E, 0x010F, 0x0110,
    0x0112, 0x0113, 0x0114, 0x0115, 0x0116, 0x0117, 0x0118, 0x0119, 0x011A, 0x011B, 0x0129, 0x012B,
    0x012E, 0x0136, 0x0137, 0x0138, 0x0139, 0x013B, 0x013D, 0x013E, 0x013F, 0x0141, 0x014C, 0x014D,
    0x014E, 0x014F, 0x0150, 0x0151, 0x0152, 0x0153, 0x0155, 0x0157, 0x0159, 0x0162, 0x0163, 0x0164,
    0x0165, 0x0166, 0x0167, 0x0168, 0x016A, 0x016C, 0x016E, 0x0170, 0x0172, 0x0174, 0x0175, 0x0176,
    0x0177, 0x0178, 0x0179, 0x017B, 0x017D, 0x01A0, 0x01A1, 0x01AF, 0x01B0, 0x01D0, 0x01FA, 0x01FB,
    0x01FC, 0x01FD, 0x01FE, 0x01FF, 0x020B, 0x021A, 0x021B, 0x0402, 0x0403, 0x0404, 0x0405, 0x0408,
    0x0409, 0x040A, 0x040B, 0x040C, 0x040E, 0x0410, 0x0411, 0x0412, 0x0413, 0x0414, 0x0416, 0x0417,
    0x041A, 0x041E, 0x0420, 0x0421, 0x0422, 0x0423, 0x0424, 0x0425, 0x0426, 0x0429, 0x042A, 0x042C,
    0x042D, 0x042E, 0x0430, 0x0431, 0x0432, 0x0433, 0x0434, 0x0435, 0x0436, 0x0437, 0x0438, 0x0439,
    0x043A, 0x043B, 0x043C, 0x043D, 0x043E, 0x043F, 0x0440, 0x0441, 0x0442, 0x0443, 0x0444, 0x0445,
    0x0446, 0x0447, 0x0448, 0x0449, 0x044A, 0x044B, 0x044C, 0x044D, 0x044E, 0x044F, 0x0450, 0x0451,
    0x0452, 0x0453, 0x0454, 0x0455, 0x0457, 0x0458, 0x0459, 0x045A, 0x045B, 0x045C, 0x045D, 0x045E,
    0x045F, 0x0460, 0x0461, 0x0462, 0x0463, 0x0464, 0x0466, 0x0467, 0x0468, 0x0469, 0x046E, 0x046F,
    0x0472, 0x0473, 0x0474, 0x0475, 0x0476, 0x0477, 0x0478, 0x0479, 0x047A, 0x047B, 0x047C, 0x047D,
    0x047E, 0x047F, 0x0480, 0x048A, 0x048B, 0x048C, 0x048D, 0x048E, 0x048F, 0x0490, 0x0491, 0x0492,
    0x0493, 0x0495, 0x0496, 0x0497, 0x0498, 0x0499, 0x049A, 0x049B, 0x049C, 0x049D, 0x049E, 0x049F,
    0x04A0, 0x04A1, 0x04A2, 0x04A3, 0x04A4, 0x04A5, 0x04A7, 0x04A9, 0x04AA, 0x04AC, 0x04AD, 0x04AE,
    0x04AF, 0x04B0, 0x04B1, 0x04B2, 0x04B3, 0x04B4, 0x04B5, 0x04B6, 0x04B7, 0x04BB, 0x04BC, 0x04BD,
    0x04BE, 0x04BF, 0x04C1, 0x04C2, 0x04C4, 0x04C5, 0x04C6, 0x04C9, 0x04CA, 0x04CD, 0x04CE, 0x04D0,
    0x04D1, 0x04D2, 0x04D3, 0x04D5, 0x04D7, 0x04D8, 0x04D9, 0x04DA, 0x04DB, 0x04DC, 0x04DD, 0x04DE,
    0x04DF, 0x04E6, 0x04E7, 0x04E8, 0x04E9, 0x04EA, 0x04EB, 0x04EC, 0x04ED, 0x04EE, 0x04EF, 0x04F0,
    0x04F1, 0x04F2, 0x04F3, 0x04F5, 0x04F6, 0x04F7, 0x04F9, 0x04FA, 0x04FB, 0x04FC, 0x04FD, 0x04FE,
    0x04FF, 0x1EA0, 0x1EA1, 0x1EA2, 0x1EA3, 0x1EA4, 0x1EA5, 0x1EA6, 0x1EA7, 0x1EA8, 0x1EA9, 0x1EAA,
    0x1EAB, 0x1EAC, 0x1EAD, 0x1EAE, 0x1EAF, 0x1EB0, 0x1EB1, 0x1EB2, 0x1EB3, 0x1EB4, 0x1EB5, 0x1EB6,
    0x1EB7, 0x1EB8, 0x1EB9, 0x1EBA, 0x1EBB, 0x1EBC, 0x1EBD, 0x1EBE, 0x1EBF, 0x1EC0, 0x1EC1, 0x1EC2,
    0x1EC3, 0x1EC4, 0x1EC5, 0x1EC6, 0x1EC7, 0x1ECC, 0x1ECD, 0x1ECE, 0x1ECF, 0x1ED0, 0x1ED1, 0x1ED2,
    0x1ED3, 0x1ED4, 0x1ED5, 0x1ED6, 0x1ED7, 0x1ED8, 0x1ED9, 0x1EDA, 0x1EDB, 0x1EDC, 0x1EDD, 0x1EDE,
    0x1EDF, 0x1EE0, 0x1EE1, 0x1EE2, 0x1EE3, 0x1EE4, 0x1EE6, 0x1EE8, 0x1EE9, 0x1EEA, 0x1EEB, 0x1EEC,
    0x1EED, 0x1EEE, 0x1EEF, 0x1EF0, 0x1EF1, 0x1EF2, 0x1EF3, 0x1EF4, 0x1EF5, 0x1EF6, 0x1EF7, 0x1EF8,
    0x1EF9, 0x2013, 0x2014, 0x2015, 0x2018, 0x2019, 0x201A, 0x201C, 0x201D, 0x201E, 0x2039, 0x203A,
    0x207D, 0x208D, 0xFB00,
};

static const uint8_t notosans_22_bolditalicKernLeftClassIds[] = {
      1,   2,   3,   2,   4,   5,   6,   5,   7,   8,   9,  10,  11,  12,  13,  14,
     10,  15,  10,  16,  17,  18,  19,  19,  13,  20,  21,   4,  22,  23,  24,  25,
     24,  26,  27,  24,  24,  28,  29,  30,  30,  27,  30,   4,  31,  32,  33,  34,
      7,   7,   7,   7,   7,   7,  11,   9,  11,  11,  11,  11,  10,  10,  10,  10,
     10,  10,  10,  18,  18,  18,  18,  20,  15,  23,  23,  23,  23,  23,  23,  24,
     24,  24,  24,  24,  35,  24,  24,  24,  24,  24,  24,  24,  30,  24,  30,   7,
     23,   7,  23,   7,  23,   9,   9,   9,   9,  10,  36,  10,  11,  24,  11,  24,
     11,  24,  11,  24,  11,  24,  37,  35,  38,  13,  27,  27,  14,  14,  14,  36,
     14,  14,  10,  24,  10,  24,  10,  24,  11,  24,  28,  28,  28,  17,  29,  17,
     39,  17,  29,  18,  18,  18,  18,  18,  18,  19,  30,  20,  30,  20,  21,  21,
     21,  40,  41,  42,  43,  35,   7,  23,  11,  24,  10,  24,  35,  17,  29,  44,
     45,  46,  47,  48,  44,  44,  49,  50,  51,  52,  53,  54,  45,  55,  50,  54,
     50,  56,  57,  46,  45,  51,  58,  50,  55,  55,  44,  44,  56,  56,  59,  60,
     61,  62,  63,  62,  64,  61,  59,  59,  65,  59,  59,  59,  66,  67,  66,  64,
     67,  68,  66,  65,  69,  59,  59,  69,  70,  59,  70,  66,  66,  59,  62,  62,
     71,  62,  64,  72,  73,  74,  70,  70,  67,  65,  59,  75,  59,  51,  76,  77,
     70,  46,  52,  78,  52,  78,  54,  61,  56,  66,  51,  76,  51,  76,  68,  68,
     56,  66,  56,  66,  51,  76,  46,  55,  63,  77,  70,  57,  66,  79,  80,  81,
     82,  83,  84,  85,  54,  61,  84,  85,  50,  64,  50,  64,  50,  64,  55,  63,
     81,  80,  83,  66,  46,  79,  63,  86,  87,  86,  87,  84,  85,  55,  63,  55,
     63,  83,  88,  62,  88,  62,  50,  64,  64,  55,  63,  55,  63,  55,  63,  52,
     23,  52,  23,  62,  62,  56,  66,  56,  66,  50,  64,  54,  61,  56,  66,  56,
     66,  56,  66,  56,  66,  51,  68,  51,  68,  51,  68,  59,  79,  80,  59,  81,
     82,  84,  85,  50,  85,   7,  23,   7,  23,   7,  23,   7,  23,   7,  23,   7,
     23,   7,  23,   7,  23,   7,  23,   7,  23,   7,  23,   7,  23,  11,  24,  11,
     24,  11,  24,  11,  24,  11,  24,  11,  24,  11,  24,  11,  24,  10,  24,  10,
     24,  10,  24,  10,  24,  10,  24,  10,  24,  10,  24,  40,  41,  40,  41,  40,
     41,  40,  41,  40,  41,  18,  18,  42,  43,  42,  43,  42,  43,  42,  43,  42,
     43,  20,  30,  20,  30,  20,  30,  20,  30,   6,   6,   6,   2,   2,   5,   2,
      2,   5,  32,  33,  89,  90,  26,
};

static const uint16_t notosans_22_bolditalicKernRightCodepoints[] = {
    0x0021, 0x0022, 0x0026, 0x0027, 0x0029, 0x002C, 0x002D, 0x002E, 0x003A, 0x003B, 0x003F, 0x0041,
    0x0043, 0x0047, 0x0049, 0x004A, 0x004F, 0x0051, 0x0053, 0x0054, 0x0055, 0x0056, 0x0057, 0x0058,
    0x0059, 0x005A, 0x005D, 0x0061, 0x0063, 0x0064, 0x0065, 0x0066, 0x0067, 0x006A, 0x006D, 0x006E,
    0x006F, 0x0070, 0x0071, 0x0072, 0x0073, 0x0074, 0x0075, 0x0076, 0x0077, 0x0079, 0x007A, 0x007D,
    0x00AB, 0x00BB, 0x00C0, 0x00C1, 0x00C2, 0x00C3, 0x00C4, 0x00C5, 0x00C6, 0x00C7, 0x00D2, 0x00D3,
    0x00D4, 0x00D5, 0x00D6, 0x00D8, 0x00D9, 0x00DA, 0x00DB, 0x00DC, 0x00DD, 0x00DF, 0x00E0, 0x00E1,
    0x00E2, 0x00E3, 0x00E4, 0x00E5, 0x00E6, 0x00E7, 0x00E8, 0x00E9, 0x00EA, 0x00EB, 0x00F1, 0x00F2,
    0x00F3, 0x00F4, 0x00F5, 0x00F6, 0x00F8, 0x00F9, 0x00FA, 0x00FB, 0x00FC, 0x00FD, 0x00FF, 0x0100,
    0x0101, 0x0102, 0x0103, 0x0104, 0x0105, 0x0106, 0x0107, 0x0108, 0x0109, 0x010A, 0x010B, 0x010C,
    0x010D, 0x010F, 0x0111, 0x0113, 0x0115, 0x0117, 0x0119, 0x011B, 0x011C, 0x011D, 0x011E, 0x011F,
    0x0120, 0x0121, 0x0122, 0x0123, 0x0127, 0x0129, 0x0135, 0x0138, 0x0144, 0x0146, 0x0148, 0x014B,
    0x014C, 0x014D, 0x014E, 0x014F, 0x0150, 0x0151, 0x0152, 0x0153, 0x0155, 0x0157, 0x015B, 0x015D,
    0x015F, 0x0161, 0x0162, 0x0163, 0x0164, 0x0165, 0x0166, 0x0167, 0x0168, 0x0169, 0x016A, 0x016B,
    0x016C, 0x016D, 0x016E, 0x016F, 0x0170, 0x0171, 0x0172, 0x0173, 0x0174, 0x0175, 0x0176, 0x0177,
    0x0178, 0x0179, 0x017A, 0x017B, 0x017C, 0x017D, 0x017E, 0x01A0, 0x01A1, 0x01AF, 0x01B0, 0x01FA,
    0x01FB, 0x01FC, 0x01FD, 0x01FE, 0x01FF, 0x0219, 0x021A, 0x021B, 0x0402, 0x0404, 0x0405, 0x0408,
    0x0409, 0x040B, 0x040E, 0x0410, 0x0414, 0x0416, 0x0417, 0x041B, 0x041E, 0x0421, 0x0422, 0x0423,
    0x0424, 0x0425, 0x0427, 0x042A, 0x042D, 0x042F, 0x0430, 0x0431, 0x0432, 0x0433, 0x0434, 0x0435,
    0x0436, 0x0437, 0x0438, 0x0439, 0x043A, 0x043B, 0x043C, 0x043D, 0x043E, 0x043F, 0x0440, 0x0441,
    0x0442, 0x0443, 0x0444, 0x0445, 0x0446, 0x0447, 0x0448, 0x0449, 0x044A, 0x044B, 0x044C, 0x044D,
    0x044E, 0x044F, 0x0450, 0x0451, 0x0452, 0x0453, 0x0454, 0x0455, 0x0457, 0x0458, 0x0459, 0x045A,
    0x045B, 0x045C, 0x045D, 0x045E, 0x045F, 0x0460, 0x0461, 0x0462, 0x0465, 0x0466, 0x0467, 0x0469,
    0x046D, 0x046E, 0x046F, 0x0470, 0x0471, 0x0472, 0x0473, 0x0474, 0x0475, 0x0476, 0x0477, 0x0478,
    0x0479, 0x047A, 0x047B, 0x047C, 0x047D, 0x047E, 0x047F, 0x0480, 0x0481, 0x048B, 0x048C, 0x048D,
    0x048F, 0x0491, 0x0492, 0x0495, 0x0496, 0x0497, 0x0498, 0x0499, 0x049B, 0x049D, 0x049E, 0x049F,
    0x04A0, 0x04A1, 0x04A3, 0x04A5, 0x04A7, 0x04A8, 0x04A9, 0x04AA, 0x04AB, 0x04AC, 0x04AD, 0x04AE,
    0x04AF, 0x04B0, 0x04B1, 0x04B2, 0x04B3, 0x04B4, 0x04B5, 0x04B6, 0x04B7, 0x04B8, 0x04B9, 0x04BB,
    0x04BC, 0x04BD, 0x04BE, 0x04BF, 0x04C1, 0x04C2, 0x04C4, 0x04C5, 0x04C6, 0x04C8, 0x04CA, 0x04CB,
    0x04CC, 0x04CE, 0x04D0, 0x04D1, 0x04D2, 0x04D3, 0x04D4, 0x04D5, 0x04D7, 0x04D8, 0x04D9, 0x04DA,
    0x04DB, 0x04DC, 0x04DD, 0x04DE, 0x04DF, 0x04E3, 0x04E5, 0x04E6, 0x04E7, 0x04E8, 0x04E9, 0x04EA,
    0x04EB, 0x04EC, 0x04ED, 0x04EE, 0x04EF, 0x04F0, 0x04F1, 0x04F2, 0x04F3, 0x04F4, 0x04F5, 0x04F7,
    0x04F9, 0x04FA, 0x04FC, 0x04FD, 0x04FE, 0x04FF, 0x1EA0, 0x1EA1, 0x1EA2, 0x1EA3, 0x1EA4, 0x1EA5,
    0x1EA6, 0x1EA7, 0x1EA8, 0x1EA9, 0x1EAA, 0x1EAB, 0x1EAC, 0x1EAD, 0x1EAE, 0x1EAF, 0x1EB0, 0x1EB1,
    0x1EB2, 0x1EB3, 0x1EB4, 0x1EB5, 0x1EB6, 0x1EB7, 0x1EB9, 0x1EBB, 0x1EBD, 0x1EBF, 0x1EC1, 0x1EC3,
    0x1EC5, 0x1EC7, 0x1ECC, 0x1ECD, 0x1ECE, 0x1ECF, 0x1ED0, 0x1ED1, 0x1ED2, 0x1ED3, 0x1ED4, 0x1ED5,
    0x1ED6, 0x1ED7, 0x1ED8, 0x1ED9, 0x1EDA, 0x1EDB, 0x1EDC, 0x1EDD, 0x1EDE, 0x1EDF, 0x1EE0, 0x1EE1,
    0x1EE2, 0x1EE3, 0x1EE4, 0x1EE5, 0x1EE6, 0x1EE7, 0x1EE8, 0x1EE9, 0x1EEA, 0x1EEB, 0x1EEC, 0x1EED,
    0x1EEE, 0x1EEF, 0x1EF0, 0x1EF1, 0x1EF2, 0x1EF3, 0x1EF4, 0x1EF5, 0x1EF6, 0x1EF7, 0x1EF8, 0x1EF9,
    0x2013, 0x2014, 0x2015, 0x2018, 0x2019, 0x201A, 0x201C, 0x201D, 0x201E, 0x2026, 0x2039, 0x203A,
    0x207E, 0x208E, 0xFB00,
};

static const uint8_t notosans_22_bolditalicKernRightClassIds[] = {
      1,   2,   3,   2,   4,   5,   6,   5,   7,   7,   8,   9,  10,  10,  11,  12,
     10,  10,  13,  14,  15,  16,  16,  17,  18,  19,   4,  20,  21,  21,  21,  22,
     23,  24,  25,  25,  21,  25,  21,  25,  26,  27,  25,  28,  28,  28,  29,   4,
     30,  31,   9,   9,   9,   9,   9,   9,  32,  10,  10,  10,  10,  10,  10,  10,
     15,  15,  15,  15,  18,  24,  21,  20,  20,  20,  20,  20,  20,  21,  21,  21,
     21,  21,  25,  21,  21,  21,  21,  21,  21,  25,  25,  25,  25,  28,  28,   9,
     20,   9,  20,   9,  20,  10,  21,  10,  21,  10,  21,  10,  21,  21,  21,  21,
     21,  21,  21,  21,  10,  23,  10,  23,  10,  23,  10,  23,  33,  34,  24,  25,
     25,  25,  25,  25,  10,  21,  10,  21,  10,  21,  10,  21,  25,  25,  26,  26,
     26,  26,  14,  27,  14,  27,  14,  27,  15,  25,  15,  25,  15,  25,  15,  25,
     15,  25,  15,  25,  16,  28,  18,  28,  18,  19,  29,  19,  29,  19,  29,  10,
     21,  15,  25,   9,  20,  32,  20,  10,  21,  26,  14,  27,  35,  36,  37,  38,
     39,  35,  40,  41,  42,  43,  44,  39,  36,  36,  35,  40,  45,  43,  46,  35,
     44,  47,  48,  49,  48,  50,  51,  48,  52,  50,  53,  53,  54,  55,  54,  54,
     48,  54,  54,  48,  54,  56,  48,  57,  53,  58,  53,  53,  59,  53,  53,  52,
     54,  60,  48,  48,  61,  50,  48,  62,  63,  64,  55,  54,  61,  54,  53,  65,
     53,  66,  67,  68,  69,  41,  70,  69,  69,  44,  50,  46,  69,  71,  72,  66,
     67,  66,  67,  71,  72,  71,  72,  71,  72,  66,  67,  71,  72,  69,  68,  61,
     69,  69,  68,  69,  43,  50,  44,  50,  69,  69,  68,  61,  73,  59,  69,  69,
     69,  71,  72,  71,  72,  35,  69,  74,  75,  74,  75,  43,  52,  73,  59,  46,
     58,  46,  58,  69,  76,  77,  76,  77,  43,  52,  69,  78,  70,  69,  69,  46,
     58,  69,  41,  79,  41,  79,  41,  79,  72,  80,  50,  80,  50,  43,  52,  44,
     50,  69,  69,  71,  72,  71,  72,  71,  72,  44,  52,  40,  56,  40,  56,  40,
     56,  46,  58,  69,  53,  68,  43,  52,  43,  52,   9,  20,   9,  20,   9,  20,
      9,  20,   9,  20,   9,  20,   9,  20,   9,  20,   9,  20,   9,  20,   9,  20,
      9,  20,  21,  21,  21,  21,  21,  21,  21,  21,  10,  21,  10,  21,  10,  21,
     10,  21,  10,  21,  10,  21,  10,  21,  10,  21,  10,  21,  10,  21,  10,  21,
     10,  21,  15,  25,  15,  25,  15,  25,  15,  25,  15,  25,  15,  25,  15,  25,
     18,  28,  18,  28,  18,  28,  18,  28,   6,   6,   6,  81,   2,   5,  81,   2,
      5,   5,  30,  31,  82,  83,  22,
};

static const uint16_t notosans_22_bolditalicKernRowOffsets[] = {
        0,     2,    32,    35,    50,    65,    78,    84,    85,    88,    96,    97,   100,   102,   109,   115,
      116,   132,   134,   146,   160,   163,   164,   165,   168,   169,   171,   172,   177,   179,   182,   185,
      192,   200,   204,   205,   211,   213,   214,   219,   226,   232,   246,   254,   270,   299,   309,   314,
      316,   323,   342,   371,   395,   409,   423,   439,   452,   468,   487,   488,   504,   514,   522,   527,
      535,   545,   561,   570,   582,   600,   619,   628,   633,   641,   643,   655,   657,   664,   676,   700,
      704,   722,   726,   734,   741,   743,   758,   760,   763,   764,   765,
};

static const uint8_t notosans_22_bolditalicKernSparseCols[] = {
     70,  71,   8,  13,  15,  17,  19,  20,  22,  24,  25,  33,  34,  36,  38,  39,
     40,  41,  42,  43,  45,  49,  54,  55,  60,  62,  64,  68,  69,  71,  77,  78,
     13,  15,  17,  11,  21,  23,  34,  37,  38,  41,  42,  43,  44,  55,  60,  62,
     63,  64,   9,  13,  14,  15,  17,  34,  44,  45,  57,  58,  65,  70,  72,  73,
     75,  13,  34,  39,  41,  42,  45,  54,  55,  56,  57,  58,  64,  72,   1,   9,
     11,  13,  15,  17,   4,   2,   9,  29,   4,   8,  13,  15,  16,  17,  18,  36,
     11,   4,   7,   8,   9,  29,   1,   9,  13,  14,  15,  17,  29,   2,   4,   8,
     16,  18,  29,  29,   2,   4,   5,   7,   8,   9,  13,  19,  20,  22,  24,  25,
     27,  28,  29,  30,   4,   8,   2,   4,   7,   8,   9,  19,  20,  22,  24,  25,
     29,  30,   2,   4,   7,   8,   9,  19,  20,  22,  24,  25,  28,  29,  30,  31,
      2,   9,  29,  11,   1,   1,  27,  28,   1,   1,   3,  20,   1,   4,  19,  20,
     22,   1,   3,   1,   4,   7,  11,  13,  17,  13,  15,  17,  34,  39,  45,  72,
     13,  15,  17,  34,  39,  42,  45,  72,  11,  13,  15,  17,   3,   0,   1,   3,
      7,  32,  80,   3,  33,  11,   0,   1,   3,   7,  80,   7,  12,  13,  15,  16,
     17,  20,   1,  21,  25,  26,  27,  80,   1,   4,   7,   8,  10,  12,  13,  15,
     16,  17,  19,  20,  24,  80,   1,   4,   7,  21,  25,  26,  27,  80,   1,   3,
      4,  34,  35,  39,  42,  44,  45,  46,  51,  55,  57,  58,  64,  80,   3,   4,
      5,   6,  30,  34,  35,  38,  40,  41,  43,  44,  46,  47,  49,  50,  51,  52,
     53,  54,  55,  56,  57,  58,  59,  60,  61,  62,  64,  29,  35,  37,  44,  45,
     47,  50,  57,  70,  75,   4,  44,  45,  57,  80,  37,  63,   1,  34,  39,  45,
     57,  58,  80,   3,   4,   5,  29,  35,  37,  41,  44,  45,  47,  50,  52,  55,
     57,  58,  62,  64,  70,  75,   4,   5,   6,  29,  30,  35,  38,  40,  41,  44,
     46,  47,  48,  49,  50,  52,  53,  54,  57,  59,  60,  61,  62,  69,  70,  71,
     75,  76,  77,   1,  34,  35,  37,  38,  39,  44,  45,  47,  48,  50,  52,  54,
     55,  57,  58,  64,  65,  67,  72,  73,  75,  79,  80,   1,  35,  40,  42,  44,
     45,  51,  55,  56,  57,  58,  64,  75,  80,   4,  34,  36,  39,  40,  42,  43,
     44,  45,  46,  51,  57,  65,  73,   3,  34,  35,  37,  38,  40,  41,  42,  44,
     45,  54,  55,  57,  58,  63,  64,   4,  34,  39,  40,  42,  43,  45,  46,  57,
     65,  69,  72,  73,   4,   5,  29,  34,  38,  39,  40,  41,  42,  43,  46,  47,
     50,  54,  69,  77,   3,   4,   6,  34,  36,  38,  39,  40,  41,  42,  43,  45,
     46,  54,  65,  69,  72,  73,  77,  34,   1,   4,  34,  39,  42,  45,  49,  51,
     55,  56,  57,  58,  59,  61,  64,  80,   4,  34,  45,  49,  51,  55,  57,  58,
     59,  64,   1,  34,  45,  47,  50,  55,  57,  64,   1,   4,  34,  42,  56,  34,
     45,  47,  50,  54,  57,  71,  76,   4,   5,  34,  45,  47,  48,  50,  52,  57,
     80,   1,   4,  34,  39,  42,  45,  49,  51,  55,  56,  57,  58,  59,  61,  64,
     80,   1,  34,  42,  45,  55,  57,  58,  64,  80,   4,   5,  34,  38,  40,  42,
     47,  50,  54,  59,  69,  80,   1,   3,  34,  37,  38,  40,  41,  42,  44,  45,
     52,  54,  55,  57,  58,  63,  64,  80,   1,  34,  35,  38,  39,  41,  45,  48,
     51,  52,  55,  56,  57,  58,  64,  66,  74,  76,  80,   1,  34,  37,  55,  57,
     58,  63,  64,  80,  34,  39,  47,  50,  57,   1,   3,  34,  39,  42,  60,  62,
     80,  37,  63,   4,   5,  34,  38,  40,  42,  47,  50,  54,  59,  69,  80,   4,
     69,   1,  34,  45,  58,  65,  72,  73,   1,  55,  57,  58,  59,  64,  66,  68,
     71,  74,  76,  78,   4,   5,  29,  30,  34,  40,  44,  49,  51,  55,  57,  58,
     59,  61,  64,  66,  68,  69,  70,  71,  74,  75,  76,  77,   4,   5,  69,  71,
      4,   5,  34,  40,  44,  49,  51,  57,  60,  61,  68,  69,  70,  71,  72,  75,
     76,  77,   4,  66,  69,  71,   1,  55,  57,  58,  64,  66,  74,  76,  37,  44,
     57,  58,  70,  75,  76,  57,  71,   4,  40,  44,  49,  57,  59,  60,  68,  69,
     70,  71,  76,  77,  78,  79,   4,  69,  34,  65,  73,  81,  82,
};

static const int8_t notosans_22_bolditalicKernSparseValues[] = {
     -15,  -15,  -51,   15,   15,    7,  -29,  -44,  -22,  -22,  -22,   47,   15,   22,  -37,   22,
     -51,  -44,   22,   29,   15,    7,  -22,   15,   29,   29,   15,   -7,  -51,  -44,  -44,  -15,
     -44,  -29,  -44,   66,   29,   29,   22,   81,   -7,   29,   15,   22,  -15,   22,   29,   22,
      66,   22,  -37,  -51,  -15,  -44,  -44,  -44,  -29,  -59,  -44,  -37,  -44,  -37,  -51,  -44,
     -44,  -29,  -29,  -15,   -7,  -15,  -37,   -7,   -7,   -7,  -15,  -15,   -7,  -29,  -51,  -15,
      55,  -37,   -7,  -22,  -15,   -7,  -15,  -15,  -29,  -15,  -22,   -7,  -15,   -7,   -7,   -7,
      44,  -44,   15,  -15,  -15,  -15,  -59,  -15,  -29,   -7,  -15,  -29,  -29,  -15,  -95,  -37,
     -15,   -7,   -7,   -7,  -15,  -44,  -29,   15,  -37,  -15,    7,  -59,  -51,  -51,  -37,  -44,
     -15,  -29,  -44,  -29,  -15,   -7,   -7,  -37,   15,   -7,   -7,  -15,  -15,   -7,   -7,   -7,
     -29,  -15,  -22,  -44,   15,  -22,  -15,  -37,  -37,  -15,  -22,  -29,  -15,  -29,  -29,  -15,
     -15,   -7,   -7,   79,   -7,   -7,  -15,   -7,   15,   44,   29,  -15,   29,  -84,  -15,  -15,
      -7,   15,   15,   29,  -29,   15,   44,  -15,   -7,  -29,  -15,  -29,  -29,   -7,  -15,  -22,
     -44,  -29,  -29,  -44,  -15,  -15,  -44,  -29,   73,  -37,   -7,  -22,   29,   44,   56,   65,
      59,   51,   25,   29,   85,   37,   27,   43,   57,   28,   13,   22,   15,   22,   29,   22,
      44,   15,   15,   29,   15,   29,   37,   44,   15,  -29,   37,  -15,   22,   15,   51,   59,
      44,   59,  -15,    7,   -7,   15,   15,   -7,   15,   37,   15,   37,   37,   37,  -59,   -7,
     -15,  -51,   -7,  -15,   -7,   -7,  -59,   -7,   -7,  -22,  -22,  -44,  -22,  -51,   22,  -44,
     -29,  -15,  -29,    7,  -15,  -44,  -37,  -44,    7,  -26,   -7,  -51,  -15,  -69,  -13,  -22,
     -22,  -51,  -10,  -15,  -28,  -10,  -22,   37,  -22,   15,  -21,  -15,   -7,   15,  -15,   -7,
      -7,   -7,  -15,  -15,  -15,   -7,   -7,  -15,  -11,   -7,   37,   22,  -59,  -51,  -15,  -59,
     -22,  -37,  -37,   15,   -7,  -22,  -15,  -18,   15,    7,  -29,  -15,   -7,  -15,   -7,   -7,
     -22,   -7,    7,   -7,  -15,  -37,  -59,  -15,  -15,  -29,  -15,  -15,  -54,  -54,  -51,  -22,
     -22,  -22,  -15,   -7,  -35,   -7,  -15,  -41,  -15,   -7,   41,  -15,   15,  -29,   -7,  -15,
     -15,  -22,  -37,  -51,  -44,  -29,   22,   15,  -19,  -29,  -66,   -7,   -7,   -7,   -7,   10,
     -22,  -44,  -44,  -22,  -29,  -15,  -37,  -44,  -37,  -15,  -51,  -15,   -7,   -7,   -7,   -7,
     -15,   -7,  -22,   -7,  -22,  -29,  -22,  -15,  -15,  -15,  -15,   -7,   -7,   -7,   -7,   -7,
      -7,  -15,   -7,   -7,   -7,   -7,   -7,   29,   -7,   -7,   88,   22,   11,   22,    7,   -7,
     -22,   29,   22,  -29,  -15,   73,   22,  -29,  -29,  -29,  -15,  -18,   -7,  -15,   -7,   -7,
      -7,   -7,   -7,   -7,  -95,   -7,   -7,  -15,  -37,  -22,  -37,  -37,  -22,   -7,   -7,   -7,
      -7,  -29,  -37,  -44,  -15,  -29,   -7,  -37,   -7,  -15,  -40,  -15,  -11,  -29,  -15,  -15,
     -22,  -15,   -7,   -7,  -15,  -22,  -15,  -22,   -7,  -15,  -76,  -22,   -7,  -22,   -7,  -15,
     -29,  -15,  -15,  -15,   -7,   -7,  -29,  -15,  -15,  -44,   -7,   -7,   -7,  -22,  -15,   -7,
       4,  -22,   -7,  -37,   -7,   -7,   -7,  -15,   -7,  -15,   -7,  -15,  -15,   -7,   -7,  -29,
      -7,  -15,  -15,    7,  -15,  -15,  -15,   -7,  -15,  -13,   -7,  -15,   -7,  -15,  -11,   -7,
       7,   -7,  -15,  -51,  -22,   -7,  -22,   -7,  -15,  -29,  -15,  -15,  -15,   -7,   -7,  -29,
     -15,  -22,  -29,   -7,  -15,  -37,  -15,  -15,  -37,  -29,  -29,   -7,  -10,  -22,   -7,   -7,
     -18,  -18,  -37,   -7,  -15,   15,  -15,   29,  -37,   95,   29,   15,   29,   15,  -15,  -29,
      -7,   15,    7,  -15,  -15,   54,    7,  -22,  -44,  -66,  -22,   12,   -9,    4,  -88,   -7,
     -11,   -7,  -44,   -4,  -51,  -51,  -44,  -15,  -22,  -15,  -66,  -22,  -66,   63,  -29,  -15,
     -15,   19,  -29,  -29,  -22,  -15,   -7,   -7,  -15,   29,   22,   19,   15,    7,   28,    7,
      29,   59,   22,  -29,   -7,  -21,  -22,   -7,   -7,  -18,  -18,  -37,   -7,  -15,   15,  -29,
     -15,  -29,  -29,  -44,  -15,  -22,  -37,  -22,  -51,  -22,  -22,  -37,   22,  -22,  -15,   -7,
     -15,  -15,  -15,  -15,  -44,  -29,  -44,  -29,    7,  -37,  -29,  -15,  -15,  -29,  -37,  -29,
     -22,  -44,  -29,  -15,  -37,  -44,  -15,  -51,  -29,  -37,  -51,  -37,  -37,  -15,  -22,   -7,
     -37,  -15,   15,  -44,  -22,  -15,  -15,  -37,   15,  -22,  -22,  -37,  -15,  -29,   15,  -15,
     -22,  -29,  -22,   37,  -22,  -15,  -51,  -15,  -59,  -37,  -15,  -15,  -15,  -15,  127,  -22,
     -29,  -15,  -15,  -22,  -15,   -7,   -7,  -44,  -44,  -22,  -29,  -29,  -15,   15,  -22,  -37,
     -15,  -37,  -29,  -29,  -29,   -7,  -29,   -7,  -15,   -7,   -7,   23,   28,
};

static const EpdLigaturePair notosans_22_bolditalicLigaturePairs[] = {
    { 0x00660066, 0xFB00 }, // f f -> U+FB00
    { 0x00660069, 0xFB01 }, // f i -> U+FB01
    { 0x0066006C, 0xFB02 }, // f l -> U+FB02
    { 0xFB000069, 0xFB03 }, // U+FB00 i -> U+FB03
    { 0xFB00006C, 0xFB04 }, // U+FB00 l -> U+FB04
};

static const EpdFontData notosans_22_bolditalic = {
    notosans_22_bolditalicBitmaps,
    notosans_22_bolditalicGlyphs,
    notosans_22_bolditalicIntervals,
    18,
    62,
    49,
    -14,
    true,
    notosans_22_bolditalicGroups,
    14,
    nullptr,
    nullptr,  // kernLeftClasses: built-in fonts use the split arrays below
    nullptr,  // kernRightClasses
    notosans_22_bolditalicKernLeftCodepoints,
    notosans_22_bolditalicKernLeftClassIds,
    notosans_22_bolditalicKernRightCodepoints,
    notosans_22_bolditalicKernRightClassIds,
    nullptr,  // kernMatrix: built-in fonts use the sparse form below
    notosans_22_bolditalicKernRowOffsets,
    notosans_22_bolditalicKernSparseCols,
    notosans_22_bolditalicKernSparseValues,
    471,
    471,
    90,
    83,
    notosans_22_bolditalicLigaturePairs,
    5,
};
