/**
 * generated by fontconvert.py
 * name: notoserif_18_regular
 * size: 18
 * mode: 2-bit  compressed: true
 * Command used: fontconvert.py notoserif_18_regular 18 ../builtinFonts/source/NotoSerif/NotoSerif-Regular.ttf ../builtinFonts/source/NotoSansMath/NotoSansMath-Regular.ttf ../builtinFonts/source/NotoSansSymbols2/NotoSansSymbols2-Regular.ttf --2bit --compress --pnum --zopfli
 */
#pragma once
#include "EpdFontData.h"

static const uint8_t notoserif_18_regularBitmaps[32744] = {
    0xCD, 0x9A, 0x3D, 0xB0, 0xDD, 0x48, 0x76, 0xDF, 0x7F, 0x00, 0x86, 0x84, 0xB5, 0x28, 0xB9, 0x37,
    0x10, 0x65, 0x5B, 0xA3, 0x1D, 0x38, 0x70, 0x60, 0xEF, 0xEE, 0x3C, 0xA4, 0x0A, 0xDE, 0x63, 0xA3,
    0xAC, 0xD0, 0x81, 0x19, 0x2C, 0xE5, 0x40, 0xC1, 0x6C, 0xA0, 0x68, 0x5C, 0xAE, 0xA7, 0xC0, 0xC1,
    0x06, 0x6F, 0x08, 0x78, 0x53, 0x07, 0x62, 0xE2, 0xD8, 0x0E, 0x26, 0x11, 0x27, 0xA0, 0x83, 0x0D,
    0x18, 0x70, 0x88, 0x96, 0x14, 0x3A, 0x81, 0xC7, 0xE5, 0x52, 0x38, 0x08, 0x28, 0x7B, 0x35, 0x5B,
    0x65, 0xB6, 0xD7, 0x58, 0x2F, 0x38, 0x0B, 0xE0, 0x18, 0xE7, 0xE0, 0x5E, 0xBE, 0x5B, 0x33, 0x1C,
    0xCE, 0xC7, 0x2E, 0xCB, 0x02, 0x1A, 0xBF, 0x7F, 0x13, 0x68, 0x74, 0x9F, 0x3E, 0xFD, 0x71, 0x50,
    0xEF, 0xB2, 0xEA, 0xBD, 0x9E, 0xA1, 0x3A, 0x9C, 0xE5, 0x7E, 0xB6, 0x6E, 0x3F, 0xEB, 0xFD, 0xBC,
    0x01, 0x40, 0xD1, 0x6E, 0x25, 0x07, 0x3F, 0x54, 0x01, 0xBA, 0x74, 0xDE, 0xD3, 0xBD, 0x64, 0xDA,
    0xD2, 0x05, 0xE3, 0x96, 0xCE, 0x89, 0x5B, 0x02, 0x20, 0x26, 0x03, 0x24, 0x31, 0xEB, 0x8F, 0x4C,
    0x87, 0x2C, 0x40, 0xD6, 0xE7, 0xC6, 0xA2, 0xDD, 0x18, 0x36, 0xDE, 0xF8, 0xE3, 0xFF, 0xFE, 0xCE,
    0x7F, 0xC0, 0x89, 0x88, 0x50, 0x18, 0x71, 0x75, 0xC9, 0x46, 0xCE, 0x80, 0x92, 0x0B, 0xE3, 0x39,
    0x70, 0x66, 0xBC, 0xE0, 0x0A, 0xB6, 0xDC, 0x23, 0xF0, 0x22, 0x32, 0x19, 0x67, 0x6E, 0x3D, 0xFF,
    0xA3, 0x5F, 0xFC, 0x00, 0xC6, 0x24, 0x02, 0x31, 0x1D, 0x76, 0xBE, 0xB4, 0x71, 0x23, 0x49, 0x0B,
    0xA4, 0xFD, 0x11, 0xF9, 0x73, 0x40, 0x24, 0x92, 0xFF, 0xDF, 0xBF, 0x9E, 0x71, 0x1F, 0xF5, 0x0B,
    0xD5, 0x5F, 0xF6, 0x4F, 0xF0, 0x3F, 0xEE, 0x3F, 0x54, 0xFC, 0x48, 0x01, 0xD5, 0x47, 0x1B, 0xDC,
    0xA7, 0x1B, 0x72, 0xD9, 0x90, 0xC8, 0x04, 0x54, 0xD2, 0x42, 0x2A, 0x71, 0xC3, 0xB3, 0x79, 0xC3,
    0x47, 0xA2, 0x95, 0x76, 0x9C, 0xA7, 0x7D, 0x53, 0x3F, 0x4E, 0x7B, 0x5F, 0x2F, 0x1B, 0x10, 0xBD,
    0xD7, 0xFC, 0x73, 0xAD, 0xF9, 0x7F, 0xFC, 0x6C, 0x22, 0x17, 0x69, 0xE1, 0x1F, 0x3C, 0x35, 0x0B,
    0x3E, 0x8F, 0xC3, 0x91, 0xC8, 0x00, 0x6F, 0xB3, 0x99, 0x35, 0xC3, 0x15, 0xB8, 0x70, 0x0F, 0x26,
    0xA8, 0x5A, 0x8F, 0xF6, 0xD5, 0xD7, 0x55, 0x9B, 0x0D, 0xE0, 0xA9, 0x42, 0x1E, 0x54, 0xCB, 0xE0,
    0x5A, 0x68, 0x36, 0x2D, 0xD9, 0xF5, 0xF6, 0x41, 0xAF, 0xD8, 0xCB, 0x4D, 0xD4, 0xFA, 0xDE, 0xBF,
    0x8B, 0xE5, 0xAA, 0xF5, 0xFC, 0xE1, 0xD0, 0xBD, 0x13, 0x5C, 0xF0, 0x79, 0x98, 0xF3, 0xA1, 0x18,
    0x66, 0xF7, 0xE3, 0x31, 0x8B, 0xA9, 0x8C, 0x65, 0x36, 0xA6, 0x23, 0xB7, 0xEA, 0xDB, 0x59, 0x4C,
    0x27, 0xE0, 0x2A, 0x8F, 0xE9, 0x0C, 0x4C, 0xBB, 0x26, 0x71, 0xD7, 0x6C, 0xD8, 0x35, 0x0F, 0x7B,
    0x39, 0xD7, 0x6E, 0x3A, 0x42, 0x49, 0xBA, 0xD5, 0x03, 0xB7, 0x61, 0xAB, 0xD7, 0x8C, 0x7F, 0x52,
    0x86, 0xDD, 0x78, 0xC1, 0x8E, 0xE4, 0x0E, 0xC7, 0x23, 0x97, 0x51, 0xC5, 0xFF, 0x6A, 0x55, 0x11,
    0x7C, 0x0D, 0x2C, 0xE8, 0x0B, 0xC9, 0x8C, 0x0B, 0x90, 0xEE, 0x92, 0xCC, 0x76, 0x93, 0x85, 0xAA,
    0xB5, 0x92, 0x0D, 0x40, 0xF3, 0xE3, 0x45, 0xA5, 0x7A, 0x36, 0xA8, 0xB8, 0x95, 0x5C, 0x02, 0xCD,
    0xA2, 0x92, 0xAE, 0x52, 0xE7, 0x23, 0x2E, 0xFA, 0xBE, 0xE8, 0xA9, 0x42, 0x19, 0x8B, 0x80, 0x6F,
    0xF3, 0xB9, 0x68, 0x69, 0xEA, 0x44, 0x5C, 0x4D, 0x07, 0xCD, 0xC7, 0xA8, 0x54, 0xAB, 0x49, 0xB1,
    0x40, 0x53, 0x93, 0x0A, 0xF8, 0x96, 0x44, 0x02, 0x55, 0x4F, 0x2E, 0x03, 0x6E, 0xA2, 0xFA, 0xB3,
    0x89, 0x4C, 0x9E, 0x2D, 0x99, 0xBC, 0x4F, 0x23, 0x03, 0x32, 0x92, 0xFC, 0x00, 0xA0, 0xB3, 0xF3,
    0xDE, 0x76, 0x5E, 0x70, 0xC1, 0xF9, 0x76, 0x02, 0x7C, 0x9B, 0x24, 0xE2, 0x7A, 0x1A, 0x98, 0xC9,
    0x46, 0x0A, 0xFB, 0x57, 0xA5, 0x26, 0x68, 0x6A, 0xB4, 0x75, 0x4D, 0xF2, 0xB9, 0x64, 0xF7, 0xB5,
    0x80, 0xDF, 0x52, 0xAB, 0xAF, 0x94, 0x3D, 0x6E, 0x20, 0x8B, 0xEA, 0x04, 0x9E, 0xA0, 0x8E, 0x48,
    0x23, 0x7C, 0xBB, 0x86, 0x11, 0x1A, 0x70, 0xFD, 0xF1, 0xE9, 0x0A, 0x0D, 0xD6, 0x46, 0x38, 0xBC,
    0x59, 0x0E, 0xB8, 0x2D, 0xC5, 0xCF, 0xA5, 0x41, 0x1F, 0x95, 0x6A, 0x93, 0xA6, 0xA3, 0x4D, 0x66,
    0xAD, 0x3E, 0xF4, 0x35, 0x13, 0xD4, 0x40, 0x7A, 0x1F, 0xB2, 0xC1, 0xAE, 0xDF, 0xCF, 0xFA, 0xDF,
    0xF7, 0x3F, 0x0E, 0x4B, 0xF3, 0xF3, 0xFF, 0x22, 0x37, 0x45, 0x9E, 0x52, 0x4E, 0x24, 0x9D, 0xB4,
    0xFE, 0xD3, 0x8F, 0x57, 0xFF, 0x97, 0x7F, 0xB1, 0xBE, 0x9D, 0xF5, 0xDF, 0x27, 0xEB, 0x8F, 0xE5,
    0x0F, 0x43, 0x9D, 0x0E, 0xAF, 0xC0, 0xBB, 0x1F, 0x7C, 0xFA, 0xA0, 0xEE, 0x44, 0xA4, 0xB5, 0xDC,
    0xAB, 0x0B, 0x93, 0xDC, 0xB7, 0xFD, 0x28, 0xFA, 0x58, 0x8D, 0x79, 0x4C, 0x62, 0x32, 0x64, 0xA1,
    0xAC, 0x67, 0xEE, 0xF3, 0xDD, 0x07, 0xEF, 0x7B, 0x99, 0xB6, 0x04, 0x9C, 0xD1, 0x84, 0x6E, 0x3B,
    0x6D, 0x36, 0xF1, 0x4F, 0xE0, 0x11, 0x8C, 0x10, 0x49, 0xA2, 0x56, 0x93, 0x05, 0x4D, 0x79, 0x4B,
    0x51, 0xE3, 0xA0, 0xD4, 0x17, 0xB8, 0x80, 0x73, 0xB8, 0xFA, 0x5C, 0xD9, 0xDE, 0xCA, 0x06, 0x8A,
    0x16, 0xF7, 0xB2, 0xE2, 0x3F, 0x81, 0x1F, 0x72, 0x38, 0x2A, 0xA9, 0x41, 0x64, 0x20, 0x9B, 0xB2,
    0x09, 0x17, 0xF7, 0x99, 0xDC, 0x99, 0x7F, 0x6B, 0x1B, 0xF8, 0xA6, 0xA6, 0x0A, 0x9D, 0x01, 0xCA,
    0x5E, 0x36, 0x0C, 0xAF, 0x86, 0x95, 0xDB, 0x50, 0x05, 0x7B, 0xD7, 0x86, 0xD6, 0x6B, 0x7D, 0x65,
    0xA0, 0xC1, 0x0D, 0xAC, 0x64, 0x53, 0x3A, 0x93, 0xC8, 0xC3, 0x68, 0x7B, 0xD2, 0xC1, 0xE9, 0x3C,
    0x06, 0xB2, 0x05, 0x28, 0x15, 0xEB, 0x86, 0x37, 0x7F, 0xBE, 0xC1, 0x7F, 0xB4, 0xA1, 0x4A, 0x37,
    0xF0, 0x5A, 0x90, 0xAD, 0xF0, 0xAD, 0x87, 0xF2, 0x89, 0x6D, 0xEE, 0xD8, 0x91, 0x74, 0x2B, 0xB8,
    0x55, 0x7A, 0x7C, 0x5F, 0x8C, 0xF8, 0x36, 0x9B, 0x69, 0xB4, 0x74, 0x43, 0xB2, 0xE0, 0x15, 0x1C,
    0x30, 0x03, 0xB6, 0xEB, 0x64, 0x23, 0x50, 0x0C, 0x60, 0xAB, 0x1F, 0x0F, 0xF0, 0x21, 0x90, 0xD8,
    0xC3, 0xD3, 0xFB, 0x7B, 0x4F, 0xD3, 0x48, 0x42, 0x1E, 0xC8, 0xEB, 0xB2, 0xC6, 0xD5, 0x17, 0x50,
    0xD5, 0x22, 0x22, 0x27, 0x38, 0xDA, 0x52, 0x53, 0x48, 0x37, 0x50, 0x0D, 0xF9, 0x8C, 0x6F, 0xD5,
    0x8C, 0x1A, 0xC1, 0x83, 0x50, 0x29, 0x12, 0x58, 0x8F, 0x06, 0x65, 0x13, 0x50, 0x44, 0xA0, 0x69,
    0xC1, 0x4F, 0x6C, 0x90, 0xFB, 0xC0, 0xE5, 0x74, 0xE8, 0x2B, 0x48, 0x7D, 0x78, 0x8C, 0x0F, 0xD7,
    0xF8, 0x03, 0xBD, 0xF7, 0x18, 0xBA, 0xFA, 0x43, 0x12, 0xA1, 0xA9, 0xB5, 0xB5, 0x4F, 0x65, 0x20,
    0x97, 0xB5, 0x86, 0x5B, 0xBB, 0x39, 0x0B, 0x2F, 0xAA, 0xC9, 0x8D, 0xCE, 0xF8, 0xB6, 0xF1, 0xCA,
    0x18, 0x95, 0xE9, 0xA0, 0xCC, 0x83, 0xD2, 0xD5, 0xCA, 0x33, 0x94, 0x57, 0xC6, 0x51, 0x99, 0x46,
    0x65, 0x16, 0x94, 0xAE, 0x56, 0x56, 0x28, 0x6F, 0xDF, 0xBD, 0x2B, 0x77, 0xE9, 0xCC, 0x05, 0xEF,
    0x3E, 0x78, 0x20, 0x0F, 0x00, 0x56, 0x5E, 0xCA, 0x44, 0x94, 0x0F, 0xE5, 0xA7, 0x80, 0xC8, 0x4C,
    0xA6, 0xC8, 0x45, 0x96, 0x1D, 0x45, 0xCB, 0x7B, 0x14, 0x35, 0xDF, 0xA1, 0x80, 0xDF, 0xC6, 0x01,
    0x2F, 0x45, 0xD9, 0xAD, 0x1B, 0x44, 0x06, 0xFE, 0x11, 0xA5, 0x0D, 0xE9, 0xEE, 0x28, 0x45, 0x77,
    0xED, 0x2D, 0x45, 0xB3, 0xE3, 0x1F, 0xEA, 0x83, 0x2B, 0x10, 0xEE, 0xD9, 0xC4, 0x68, 0x8B, 0x89,
    0x4A, 0x3E, 0xEB, 0x2D, 0xA0, 0x90, 0x01, 0x9A, 0x9F, 0xCD, 0x24, 0x0B, 0x2B, 0x59, 0xB4, 0x35,
    0x60, 0xE1, 0x8F, 0x0B, 0x73, 0xFD, 0xA1, 0xDA, 0x1A, 0xE8, 0x30, 0x7C, 0x1B, 0xA4, 0x94, 0x16,
    0xE9, 0x1E, 0x8E, 0xC8, 0x90, 0x2E, 0x48, 0x8D, 0x20, 0x5A, 0x4A, 0xB4, 0x7C, 0xB7, 0x21, 0x18,
    0x9A, 0x7A, 0x83, 0xED, 0xBB, 0xBE, 0x7D, 0xD9, 0x12, 0xEB, 0x4E, 0x97, 0x58, 0x23, 0x22, 0xFD,
    0x0B, 0x84, 0xF7, 0xA0, 0x6A, 0xFF, 0x2D, 0xF8, 0xFA, 0x4F, 0x37, 0xB0, 0xE1, 0x1E, 0xC0, 0xAC,
    0xB8, 0x9E, 0xD6, 0x11, 0xC8, 0x15, 0x45, 0x7F, 0x9C, 0xC3, 0xA5, 0x39, 0xA3, 0x56, 0x00, 0x3C,
    0x51, 0xD8, 0x62, 0x78, 0xC9, 0x5B, 0xEE, 0xC5, 0x5B, 0x95, 0xC2, 0xDE, 0xB2, 0xA3, 0x94, 0x1E,
    0xE4, 0x83, 0x99, 0x6C, 0x42, 0x28, 0x22, 0xBE, 0x76, 0x16, 0xF6, 0x02, 0xE5, 0x01, 0xFD, 0x06,
    0x37, 0x50, 0xB5, 0x6E, 0xC2, 0x93, 0xAD, 0x2C, 0x24, 0xF2, 0x3F, 0x23, 0x78, 0xA9, 0xC1, 0xC9,
    0x00, 0x5D, 0xB3, 0x90, 0x4D, 0xB9, 0xD4, 0x6E, 0xA0, 0x0B, 0x1A, 0x19, 0x06, 0xDF, 0xE2, 0x62,
    0x53, 0x93, 0x2B, 0xB2, 0xE8, 0x35, 0xE7, 0x5B, 0x8A, 0x58, 0x05, 0x5C, 0xEF, 0xA2, 0x2E, 0xE7,
    0xF5, 0x8F, 0x56, 0x2C, 0x28, 0xEE, 0x21, 0xD1, 0x8E, 0x6A, 0x3D, 0xEE, 0x85, 0x73, 0x3E, 0xE3,
    0x22, 0x2B, 0x65, 0x7F, 0xD8, 0x0B, 0x5B, 0xBF, 0x21, 0x68, 0x70, 0x53, 0x94, 0xFD, 0x8E, 0x70,
    0xC0, 0x50, 0xF5, 0xF8, 0xC1, 0x45, 0x64, 0xC8, 0xD7, 0x0F, 0x9E, 0xF5, 0x89, 0xC8, 0x3B, 0x3D,
    0xBF, 0xF7, 0x7E, 0xD9, 0x1F, 0xBB, 0x6D, 0xF0, 0x2F, 0xDC, 0xD6, 0xED, 0x1E, 0xFB, 0xFB, 0xF6,
    0xAD, 0xD0, 0x16, 0x91, 0xE2, 0x53, 0x09, 0xA4, 0xB2, 0xB0, 0xCF, 0x9C, 0x37, 0x74, 0xA0, 0x5B,
    0x3D, 0xCF, 0x78, 0xD9, 0x71, 0xC6, 0xFE, 0xD4, 0x26, 0x4D, 0x9D, 0x8F, 0x6E, 0xD2, 0x33, 0x1D,
    0x78, 0xC9, 0x91, 0xF7, 0x6E, 0x2C, 0x67, 0x37, 0xA7, 0x33, 0x8F, 0x18, 0x93, 0xA1, 0x08, 0xB7,
    0xF9, 0xC7, 0x00, 0xD4, 0x40, 0xD1, 0x1E, 0x66, 0x78, 0xBE, 0x00, 0x4D, 0x7F, 0x58, 0xD5, 0xCD,
    0x70, 0x58, 0x02, 0x55, 0x3C, 0x3C, 0xC7, 0x0F, 0x58, 0xA9, 0x43, 0x31, 0x0A, 0xCB, 0x76, 0x96,
    0x9D, 0xB0, 0x52, 0xC7, 0xA9, 0x91, 0x68, 0x0E, 0x2C, 0x46, 0x1A, 0xF8, 0x82, 0xC3, 0x66, 0x64,
    0x6D, 0x45, 0x6E, 0xDD, 0xBD, 0x7B, 0x17, 0x7B, 0xEF, 0x91, 0xA2, 0x6B, 0x81, 0x72, 0x04, 0x12,
    0xA9, 0x81, 0x4A, 0xB3, 0xA9, 0xA0, 0xD9, 0xE1, 0xC5, 0x0E, 0xD4, 0xB4, 0x76, 0xD3, 0x1E, 0xEF,
    0x05, 0x4B, 0xCB, 0xB4, 0xBB, 0x4D, 0xF6, 0xDC, 0x36, 0x5B, 0xEE, 0x28, 0xB0, 0x3A, 0x9E, 0x53,
    0xAD, 0x12, 0x9A, 0x50, 0xC4, 0x8E, 0x6C, 0x7A, 0x42, 0x32, 0xBF, 0x47, 0xB2, 0xBC, 0xB1, 0x5D,
    0xD8, 0x65, 0xDF, 0x8A, 0x33, 0x14, 0x23, 0x94, 0x83, 0x9A, 0x62, 0x7D, 0x75, 0x03, 0x38, 0xE0,
    0xF4, 0xBA, 0xC1, 0xF5, 0x51, 0xD6, 0xE0, 0x83, 0x39, 0xC7, 0x2E, 0xCD, 0xEF, 0xC7, 0xEF, 0x3E,
    0xB9, 0xBF, 0xB7, 0x2C, 0x7B, 0x57, 0x9E, 0x27, 0x97, 0x11, 0x92, 0x15, 0x92, 0x43, 0x33, 0xF8,
    0xC3, 0x14, 0x71, 0x2D, 0x0D, 0x40, 0xD6, 0x33, 0x73, 0xF3, 0xF9, 0x1B, 0xE9, 0x90, 0x8D, 0x34,
    0xCF, 0xE6, 0x24, 0xE6, 0x43, 0xAA, 0x43, 0x38, 0xBA, 0xCD, 0xEE, 0x64, 0x62, 0x2C, 0xDB, 0x32,
    0xA4, 0x13, 0x53, 0x55, 0xFB, 0x36, 0x1B, 0x79, 0xE4, 0x69, 0xC8, 0x22, 0x93, 0xA7, 0x53, 0x1D,
    0xEF, 0xB1, 0x92, 0x0F, 0xAA, 0x0B, 0xC5, 0x40, 0xFC, 0x70, 0x53, 0xD7, 0x27, 0xBB, 0x86, 0xAC,
    0x57, 0x2D, 0x43, 0x1E, 0xDE, 0xE3, 0x09, 0xBE, 0x77, 0xF5, 0x3D, 0x7C, 0xFD, 0x7F, 0xE2, 0x6D,
    0x3C, 0xA5, 0xFC, 0x57, 0x99, 0xF0, 0xDC, 0x14, 0xED, 0x47, 0x55, 0x03, 0xC7, 0x25, 0x7C, 0x8C,
    0x70, 0xC7, 0x38, 0x93, 0x00, 0xEB, 0x61, 0x16, 0xF9, 0x81, 0xC4, 0xF2, 0xF2, 0x49, 0x67, 0x65,
    0x2E, 0x65, 0xC1, 0x8E, 0x5B, 0x46, 0x98, 0x8C, 0xE9, 0xC2, 0x75, 0x08, 0x21, 0x17, 0x93, 0xC2,
    0x26, 0x0F, 0xCE, 0x96, 0x08, 0xA5, 0xF9, 0x82, 0x0B, 0x5B, 0x3F, 0x9C, 0xBB, 0xA8, 0xF2, 0xB8,
    0x30, 0x19, 0xF7, 0x86, 0x63, 0x66, 0x7B, 0x8D, 0xEE, 0x8D, 0xE6, 0xAD, 0x3D, 0xD8, 0x20, 0x07,
    0x1F, 0xD6, 0x58, 0x34, 0x0F, 0x50, 0xED, 0x72, 0x01, 0x5A, 0xDB, 0x15, 0x68, 0x6D, 0x8F, 0x40,
    0x6B, 0x1B, 0x21, 0x9F, 0x48, 0xA2, 0x8D, 0x77, 0xA6, 0xB2, 0x90, 0xAB, 0x08, 0x0F, 0xD7, 0x96,
    0x87, 0xF2, 0x54, 0xDF, 0x15, 0x19, 0x1B, 0x91, 0xF7, 0x0F, 0xDB, 0x27, 0xA9, 0x70, 0x39, 0x82,
    0x68, 0x61, 0xC4, 0xFA, 0x2C, 0x5F, 0x98, 0xF6, 0xA7, 0xD9, 0xAC, 0x2C, 0x23, 0x88, 0x48, 0x6D,
    0xEC, 0x41, 0xC8, 0xE7, 0x93, 0xC2, 0x4D, 0xAB, 0xF4, 0xE1, 0xCB, 0x29, 0x75, 0x2A, 0xE4, 0x2B,
    0x97, 0x22, 0x32, 0xD2, 0x89, 0x05, 0x1C, 0x00, 0xFB, 0xB2, 0xA5, 0xB4, 0xBB, 0x6D, 0xBE, 0xA4,
    0x0B, 0xC9, 0x9A, 0x8F, 0xB0, 0x6A, 0x9F, 0x3F, 0xAC, 0x7A, 0xF8, 0xE1, 0x75, 0xC0, 0x6F, 0x8E,
    0x2B, 0x1F, 0xF9, 0x22, 0x74, 0x06, 0x8B, 0x4E, 0x2F, 0x5E, 0xD3, 0x5A, 0xAC, 0x2B, 0xB6, 0xC2,
    0x7E, 0x3B, 0xD3, 0x78, 0x8D, 0xF4, 0x37, 0x67, 0xBC, 0xB6, 0x7B, 0xD3, 0x56, 0xFB, 0x8D, 0x3B,
    0xEA, 0xAC, 0xBF, 0x05, 0x15, 0x19, 0x20, 0x15, 0xDE, 0x5C, 0xC1, 0xAC, 0x6F, 0x4D, 0xAA, 0xC1,
    0xC4, 0x45, 0x93, 0x83, 0x27, 0xB2, 0x5D, 0xD2, 0xC5, 0xE4, 0xE0, 0x5A, 0xE4, 0x6B, 0x4A, 0xB2,
    0x4B, 0xBA, 0x9E, 0xD6, 0x99, 0xEF, 0xE2, 0xC6, 0xD3, 0xD6, 0xBB, 0x80, 0xBA, 0x52, 0x38, 0xF8,
    0xF2, 0xE0, 0x4C, 0xB3, 0x7A, 0x39, 0x30, 0x15, 0x92, 0xDD, 0x9E, 0x8B, 0x13, 0xBE, 0x6D, 0xFC,
    0x8E, 0x91, 0x57, 0x50, 0x24, 0x18, 0xF7, 0x4E, 0xF3, 0x15, 0x98, 0xD6, 0xCA, 0xBC, 0x55, 0x16,
    0x46, 0xD7, 0x26, 0x02, 0x55, 0x7B, 0x29, 0xB6, 0xA1, 0x1A, 0xCD, 0x36, 0x83, 0xD9, 0x67, 0x86,
    0x19, 0xCC, 0x38, 0xB3, 0x4D, 0xC1, 0x2B, 0x20, 0x12, 0x14, 0xD6, 0x04, 0x5F, 0x15, 0xB6, 0xC9,
    0x5E, 0xCA, 0x27, 0xE6, 0x2A, 0x4E, 0x37, 0xF2, 0xA7, 0x40, 0x21, 0x76, 0xB3, 0xE9, 0x13, 0x09,
    0x36, 0x7C, 0xBE, 0xB7, 0x8D, 0xA2, 0xEC, 0x6D, 0xA0, 0x5D, 0xD0, 0x1C, 0xBF, 0x75, 0xDC, 0x1C,
    0x8F, 0xD2, 0xB4, 0x26, 0x5D, 0x7D, 0x2A, 0xF2, 0x59, 0xB9, 0x71, 0xF7, 0xAE, 0x4A, 0x21, 0xA2,
    0x45, 0x92, 0x6E, 0xB4, 0xF7, 0xAA, 0x81, 0x26, 0x58, 0x0B, 0x7E, 0x97, 0xAA, 0x3F, 0xB4, 0x67,
    0x52, 0x4C, 0x26, 0xE9, 0x6A, 0x42, 0x77, 0x78, 0x6E, 0x9D, 0x27, 0x11, 0x79, 0x0E, 0x87, 0x6F,
    0x80, 0xC6, 0x46, 0x7C, 0x36, 0x51, 0xAF, 0xD6, 0xE8, 0x25, 0x80, 0xF0, 0xCD, 0x45, 0x8F, 0x6B,
    0x01, 0x7E, 0x6D, 0xD9, 0x2D, 0xE3, 0x52, 0x7E, 0xAA, 0x57, 0x27, 0x0B, 0xDB, 0xD5, 0x58, 0xDA,
    0x0D, 0xFE, 0xE6, 0xC9, 0x2A, 0xDF, 0x2B, 0xCD, 0x45, 0x7A, 0xBD, 0x2C, 0xB2, 0xBA, 0xC8, 0xEB,
    0xBF, 0x06, 0xBB, 0x6C, 0x94, 0xAA, 0x70, 0xF8, 0x73, 0x06, 0x34, 0x93, 0x4D, 0x0F, 0x1B, 0x1D,
    0x91, 0x83, 0x98, 0x0F, 0xCA, 0x08, 0xB6, 0x2C, 0x4C, 0x6E, 0x63, 0x32, 0x9B, 0xA4, 0xD1, 0xA4,
    0x08, 0x26, 0x25, 0x26, 0xEF, 0x99, 0x24, 0xA3, 0x49, 0x16, 0x4D, 0xDC, 0x68, 0xE2, 0x67, 0x93,
    0x4E, 0x4C, 0xFE, 0xB7, 0xB4, 0x2A, 0xA1, 0xEB, 0x55, 0xF0, 0xD1, 0xC4, 0x4D, 0x26, 0xF9, 0x62,
    0x92, 0x89, 0x09, 0x12, 0x4C, 0x9A, 0xC1, 0xA4, 0x1A, 0x6D, 0x7D, 0xB8, 0xC5, 0x46, 0x27, 0x93,
    0x5E, 0x47, 0x87, 0xCB, 0xA1, 0x51, 0xC1, 0x68, 0xA6, 0x03, 0xC2, 0x6B, 0x67, 0x16, 0x4E, 0x37,
    0x92, 0xD3, 0xED, 0x24, 0x15, 0xF0, 0x9F, 0xD9, 0x4E, 0x02, 0xD0, 0x69, 0xC6, 0x7A, 0x2D, 0x5B,
    0x99, 0x08, 0x89, 0x42, 0xAF, 0x4C, 0x6F, 0xFF, 0x72, 0x82, 0xEC, 0xE3, 0xB0, 0x65, 0x66, 0xC8,
    0xFF, 0x63, 0x80, 0x5F, 0xCC, 0xE0, 0xDE, 0x09, 0x30, 0xAE, 0xE0, 0x4A, 0xCD, 0x08, 0x9C, 0x59,
    0xA6, 0xA9, 0xB9, 0xB0, 0x8C, 0x6F, 0xB9, 0xB2, 0x4C, 0x15, 0x78, 0x64, 0x99, 0xB2, 0x27, 0x5A,
    0xC6, 0xC5, 0x64, 0xCF, 0x14, 0x31, 0xED, 0x2D, 0x93, 0x4D, 0x59, 0xD8, 0x33, 0x73, 0xBE, 0x67,
    0x92, 0xD9, 0xD5, 0x96, 0x61, 0x75, 0xEC, 0x19, 0x79, 0xEB, 0x90, 0x69, 0xDE, 0x3B, 0x64, 0xFC,
    0x7C, 0xC8, 0x54, 0xD3, 0x21, 0x53, 0x6E, 0xA9, 0x27, 0x99, 0x70, 0x11, 0x3F, 0x70, 0x29, 0x6D,
    0x31, 0xA4, 0xB2, 0xD6, 0x9D, 0x84, 0x2C, 0x64, 0x22, 0xA1, 0x59, 0xA0, 0xD2, 0xD0, 0x6E, 0x92,
    0x4A, 0x80, 0x15, 0x64, 0xFF, 0x48, 0x90, 0xB8, 0xCB, 0x64, 0xF2, 0xCB, 0xC5, 0xE4, 0x17, 0x62,
    0x32, 0x76, 0xAD, 0x89, 0xEF, 0x4D, 0xCA, 0x68, 0xE2, 0x26, 0x93, 0x6C, 0x36, 0x49, 0xC4, 0x04,
    0x69, 0x4D, 0x7C, 0x30, 0x29, 0xA3, 0x89, 0x1B, 0x4D, 0xB2, 0xD9, 0x24, 0x15, 0x13, 0xE4, 0xB1,
    0x89, 0x9F, 0x4D, 0xAA, 0x5D, 0xDC, 0x4C, 0x3A, 0x59, 0xF0, 0xBA, 0x94, 0xFB, 0xA4, 0x33, 0x9D,
    0x44, 0x98, 0x39, 0x1C, 0xDA, 0x21, 0xA8, 0x2C, 0x74, 0x49, 0x9B, 0xAE, 0x16, 0xEC, 0x9A, 0xD6,
    0xBE, 0x5C, 0x7B, 0x5B, 0x51, 0xB1, 0xEA, 0x21, 0x1F, 0x7D, 0x80, 0x6C, 0x6E, 0x5A, 0x65, 0xB7,
    0x31, 0x5D, 0xBA, 0x5A, 0x29, 0xCA, 0x55, 0x99, 0x7C, 0x8E, 0xE9, 0xBA, 0x97, 0xD9, 0xCB, 0xEF,
    0xEF, 0xEE, 0xF5, 0x54, 0x41, 0xEB, 0x2C, 0xAD, 0xFE, 0xC2, 0xF6, 0x59, 0x6D, 0xD7, 0xB7, 0x48,
    0x6D, 0x9B, 0xFE, 0xDA, 0x4D, 0xEC, 0x5F, 0x02, 0xF6, 0x29, 0xC0, 0xF5, 0xE7, 0x53, 0x6B, 0x5B,
    0x57, 0xBC, 0xFE, 0xF8, 0xB1, 0x50, 0x7F, 0x9D, 0xBE, 0xE2, 0xA7, 0x94, 0x76, 0x50, 0x92, 0xAE,
    0x07, 0x91, 0x15, 0x90, 0x07, 0x77, 0xBE, 0xCE, 0xEA, 0x48, 0x8D, 0x16, 0xC5, 0xF6, 0x30, 0xF6,
    0x77, 0xDB, 0x9F, 0xD5, 0xA9, 0x3F, 0x6D, 0x1F, 0xA2, 0x30, 0xE6, 0xB3, 0x32, 0x33, 0xA6, 0xEB,
    0x49, 0xB8, 0xF4, 0x4F, 0xAD, 0x90, 0xBD, 0xC0, 0xBB, 0xF5, 0x67, 0xFC, 0x5F, 0x8E, 0xD7, 0x9E,
    0x4C, 0xD6, 0xAF, 0xE0, 0xF9, 0xE5, 0xC4, 0xF3, 0x51, 0xBD, 0x2D, 0x35, 0x88, 0xCC, 0x80, 0x64,
    0x8B, 0x32, 0x11, 0x25, 0x5D, 0xAB, 0xF4, 0xBD, 0xB2, 0x8A, 0x4A, 0x37, 0x9D, 0x8C, 0xF5, 0xA1,
    0xC2, 0xD6, 0x36, 0xF6, 0x7E, 0xDB, 0x23, 0xB5, 0x6B, 0xB2, 0x70, 0x53, 0xAE, 0xFF, 0x24, 0x90,
    0xC8, 0xB3, 0x99, 0x7C, 0x4C, 0x04, 0xD7, 0xD3, 0xD4, 0x65, 0xB0, 0x5F, 0x0E, 0xA8, 0xD4, 0x1D,
    0xBF, 0x63, 0x91, 0xC1, 0x60, 0xDB, 0x3F, 0x6E, 0xE1, 0xB0, 0x37, 0x25, 0xA2, 0xD9, 0x4A, 0xB3,
    0xA9, 0xCC, 0x96, 0x45, 0xB3, 0x2F, 0x3E, 0x5E, 0xAB, 0xFE, 0x0D, 0x70, 0xFD, 0x99, 0xC2, 0x1F,
    0x50, 0x06, 0xFB, 0x13, 0x67, 0x35, 0xD0, 0x51, 0xAC, 0xFF, 0x7A, 0x22, 0x11, 0xB9, 0xBF, 0x4F,
    0x59, 0x2F, 0x22, 0x12, 0x0F, 0xAC, 0xCB, 0x3E, 0x8F, 0x17, 0x94, 0x7D, 0x12, 0xCF, 0x37, 0x72,
    0xE0, 0x1F, 0x28, 0xFF, 0x33, 0x4A, 0x5E, 0x3F, 0x2D, 0x0E, 0x7D, 0x4B, 0xD6, 0x16, 0x4A, 0x91,
    0xDE, 0xC2, 0x89, 0x97, 0xF1, 0x20, 0xD6, 0x53, 0x1B, 0x27, 0x78, 0xFC, 0xFF, 0x47, 0x1E, 0x41,
    0x07, 0xEC, 0x01, 0x3B, 0x89, 0xFB, 0xC7, 0x5F, 0x84, 0xF2, 0x39, 0x36, 0xC1, 0x45, 0x04, 0xA0,
    0x93, 0x51, 0x25, 0xB9, 0x0B, 0x88, 0x44, 0x3A, 0x09, 0x22, 0xE3, 0x26, 0x7D, 0xB1, 0x42, 0x36,
    0x6B, 0x22, 0x8D, 0xA4, 0x8B, 0x09, 0x7A, 0xB3, 0x07, 0x81, 0x3C, 0x40, 0x57, 0x53, 0xEC, 0x5F,
    0x07, 0xAE, 0x06, 0x1F, 0x28, 0x6D, 0x6C, 0x39, 0x03, 0xDC, 0xC0, 0x85, 0x8A, 0x6D, 0xC8, 0xE4,
    0xA3, 0x5A, 0x44, 0x36, 0x31, 0xAA, 0xCC, 0x6A, 0x11, 0xC9, 0x92, 0x0E, 0x00, 0xAB, 0x56, 0x09,
    0x9D, 0x56, 0x09, 0xCD, 0xBF, 0x68, 0x55, 0xFC, 0x9F, 0xD5, 0x2A, 0xD5, 0xC7, 0x4A, 0xCA, 0xFF,
    0x65, 0xE2, 0x66, 0x93, 0x62, 0x97, 0x7C, 0x32, 0xC9, 0xA2, 0x75, 0x64, 0x22, 0xBD, 0x8F, 0x93,
    0x49, 0x73, 0x79, 0xD4, 0x5C, 0x26, 0xD8, 0x12, 0x69, 0xEA, 0x74, 0x05, 0x37, 0x82, 0x27, 0xD1,
    0xDC, 0x8C, 0xDA, 0x26, 0x50, 0xCE, 0x70, 0x65, 0xFD, 0xB8, 0xBD, 0xC0, 0x63, 0x73, 0xD6, 0xF9,
    0x0A, 0x93, 0xF5, 0xE6, 0xAA, 0x83, 0xD1, 0x72, 0x8F, 0x1A, 0x92, 0x68, 0x5D, 0x1B, 0x7D, 0x9D,
    0x0E, 0xD6, 0xBB, 0xE8, 0x83, 0xDA, 0xAD, 0x51, 0x73, 0xFF, 0x11, 0xAD, 0x18, 0xD3, 0xBE, 0xEC,
    0x8B, 0xA0, 0x86, 0x65, 0xC1, 0x0D, 0xAE, 0x05, 0x0D, 0x9C, 0x45, 0x74, 0xB5, 0xE6, 0x8A, 0x36,
    0x8F, 0xA5, 0x75, 0xDB, 0xD5, 0xD9, 0xA8, 0x3E, 0x62, 0x75, 0x64, 0xF3, 0x05, 0x80, 0x94, 0xA4,
    0xF3, 0x39, 0x40, 0x77, 0x06, 0xCB, 0x15, 0x40, 0xF3, 0x6F, 0x60, 0x55, 0xB7, 0xE1, 0x1F, 0xC3,
    0x93, 0x11, 0xF6, 0x50, 0xD4, 0x44, 0x80, 0x52, 0x4D, 0x1B, 0x00, 0x9C, 0x0D, 0xEF, 0x31, 0x57,
    0x06, 0xF0, 0x32, 0xA5, 0x36, 0x15, 0x67, 0x95, 0x54, 0x82, 0x9A, 0x4E, 0xB7, 0xC9, 0x3E, 0x4E,
    0xB7, 0xF7, 0x35, 0xFB, 0x18, 0x75, 0x4B, 0x12, 0x6D, 0x48, 0x6C, 0x10, 0xD2, 0xB5, 0x68, 0x01,
    0xE4, 0x1D, 0x25, 0xCD, 0x62, 0x52, 0x4D, 0xEC, 0xB5, 0x9F, 0x7A, 0xDF, 0x2D, 0x26, 0xA5, 0x98,
    0x9C, 0x77, 0xF6, 0xDE, 0xE4, 0xAD, 0x96, 0x68, 0x1B, 0x42, 0x1E, 0x6C, 0x7F, 0x74, 0x6D, 0x66,
    0x7B, 0x00, 0xA9, 0x60, 0xEE, 0x96, 0x1A, 0xB4, 0x1B, 0x81, 0x4C, 0x25, 0x72, 0x29, 0xED, 0xCD,
    0xFD, 0x6B, 0xA0, 0x10, 0xA9, 0xBD, 0xCC, 0xC9, 0xB5, 0xD8, 0x20, 0x4E, 0x20, 0x90, 0x0F, 0xD0,
    0xB5, 0xE4, 0xC1, 0xFA, 0xA0, 0xEE, 0x2D, 0x07, 0xCA, 0xDD, 0xB0, 0x0B, 0x20, 0xB7, 0xA8, 0x4F,
    0x3A, 0x33, 0x02, 0xC8, 0x3E, 0xBB, 0xBA, 0x3F, 0x0C, 0x2A, 0xFE, 0xDF, 0xB7, 0x66, 0xEE, 0xC7,
    0xA7, 0xC6, 0xE7, 0xB3, 0x49, 0x36, 0x7D, 0x5D, 0x39, 0x9D, 0x87, 0x69, 0xA7, 0x1B, 0x3A, 0x99,
    0xC8, 0x64, 0xE1, 0x4A, 0x66, 0x6F, 0x68, 0x71, 0xD3, 0x6D, 0xF5, 0xF3, 0x05, 0xF8, 0xFE, 0x5C,
    0xFD, 0xFF, 0x7D, 0x10, 0x20, 0x5B, 0x8F, 0x6D, 0xBB, 0x11, 0xA8, 0x22, 0xD6, 0x23, 0x90, 0x16,
    0x12, 0x2B, 0xB1, 0x1C, 0xE3, 0x4A, 0x69, 0x0F, 0x87, 0xE3, 0xCE, 0xB9, 0xC7, 0x2E, 0xF8, 0x2D,
    0x7D, 0xFD, 0x2D, 0xF5, 0xEF, 0x99, 0x96, 0xB8, 0xAD, 0x7E, 0x7F, 0xD2, 0x89, 0xC8, 0x62, 0xF8,
    0xEE, 0x03, 0xFD, 0x8A, 0x6C, 0x7A, 0x9A, 0x96, 0xA6, 0xFE, 0x8D, 0xA6, 0x56, 0x0D, 0x69, 0x24,
    0x78, 0x09, 0x3F, 0x84, 0x9F, 0xC0, 0x8F, 0xE0, 0xDC, 0xD2, 0xDB, 0xF0, 0x16, 0x38, 0x70, 0x35,
    0x85, 0x8D, 0x53, 0xB6, 0xA5, 0x9E, 0x74, 0xB0, 0xD5, 0x13, 0x61, 0xB4, 0x8D, 0xE9, 0xCA, 0x4A,
    0x5F, 0xC0, 0x19, 0x94, 0x27, 0x2F, 0x64, 0xF6, 0x42, 0xDA, 0x93, 0x0C, 0x27, 0xA5, 0xFF, 0xE4,
    0xDD, 0x07, 0x3A, 0x33, 0x12, 0x09, 0xF8, 0xD7, 0x90, 0xBA, 0xA0, 0x8E, 0x92, 0x16, 0xFE, 0x14,
    0x60, 0x02, 0x92, 0xD9, 0xC6, 0x48, 0xF1, 0x31, 0x50, 0xE8, 0xCC, 0x71, 0x79, 0x80, 0xB3, 0x6C,
    0x80, 0x0B, 0xED, 0xCB, 0x63, 0x46, 0x18, 0xB9, 0x22, 0x8D, 0x5C, 0x68, 0x1F, 0x2B, 0xED, 0xAE,
    0xAB, 0x5D, 0x4B, 0x11, 0x4A, 0xC8, 0xFA, 0xDB, 0xE8, 0x33, 0xD8, 0xA3, 0xD7, 0x68, 0xD0, 0x3F,
    0xAB, 0xDE, 0x79, 0xB7, 0xF5, 0xC1, 0x0D, 0xD9, 0xC8, 0xCC, 0xD9, 0x71, 0xEB, 0xED, 0x64, 0x20,
    0x5B, 0xFF, 0x58, 0x63, 0x2D, 0x0B, 0x45, 0xA4, 0x23, 0x1B, 0x36, 0x70, 0x87, 0x06, 0x78, 0x81,
    0x1B, 0x0F, 0x84, 0x44, 0x44, 0x28, 0x9E, 0xD3, 0x50, 0x0E, 0x1B, 0x7C, 0x50, 0xB4, 0x74, 0x2F,
    0x20, 0xF8, 0x90, 0x0A, 0xE5, 0x50, 0xFA, 0xDA, 0xC9, 0xEC, 0x9F, 0xA6, 0x12, 0xAB, 0x89, 0x5B,
    0xC0, 0x77, 0xFF, 0xDC, 0x2A, 0x3A, 0xF9, 0xC1, 0x88, 0x2F, 0xE3, 0x0F, 0x94, 0x4E, 0xFA, 0x8D,
    0x8D, 0x4C, 0x1B, 0xC7, 0x7C, 0x01, 0x09, 0x08, 0x88, 0xCD, 0x08, 0xC1, 0x5A, 0x35, 0xAE, 0x1B,
    0x83, 0xB2, 0xFA, 0x02, 0xFA, 0x70, 0x52, 0xBE, 0x46, 0xD4, 0xE6, 0xBD, 0xB6, 0x64, 0x19, 0xF3,
    0x99, 0x6A, 0x6E, 0x64, 0xA4, 0x99, 0x4B, 0xE9, 0x01, 0x6B, 0xFD, 0xC6, 0x86, 0x4E, 0xDA, 0x7C,
    0xBD, 0x1C, 0xDD, 0xA0, 0xDF, 0x67, 0xE9, 0xEC, 0xEB, 0x64, 0x6A, 0x48, 0xEE, 0x77, 0x80, 0x00,
    0xEB, 0xC9, 0x25, 0x87, 0xAB, 0x03, 0x9A, 0xDA, 0xDA, 0x7A, 0xA3, 0xEA, 0xF9, 0xBE, 0x7B, 0x9E,
    0xCC, 0x99, 0x48, 0x44, 0x07, 0x3B, 0xB9, 0x03, 0xDC, 0x7C, 0x50, 0x03, 0x4E, 0x02, 0x40, 0x67,
    0xAC, 0x5E, 0xC1, 0x1B, 0x77, 0x36, 0x26, 0xB2, 0x6C, 0xCC, 0x45, 0xDE, 0x09, 0x94, 0x63, 0xFE,
    0x2C, 0x58, 0x8F, 0x36, 0xEE, 0xCB, 0x02, 0x9B, 0x52, 0x46, 0x81, 0xCA, 0xF8, 0x52, 0x57, 0x88,
    0x71, 0x2F, 0xD9, 0x18, 0xAD, 0x86, 0x43, 0x6D, 0x6E, 0xCC, 0x3F, 0xEE, 0xB5, 0x15, 0xB7, 0x92,
    0xC8, 0xEC, 0xA4, 0xE6, 0x46, 0x0D, 0x6A, 0x03, 0xD0, 0x49, 0x4D, 0xB6, 0x3E, 0x8C, 0xB8, 0x21,
    0x9B, 0xA8, 0x42, 0x32, 0xAB, 0x2B, 0x57, 0x1A, 0x10, 0x3A, 0xE8, 0x10, 0x83, 0x88, 0x1C, 0x00,
    0x9C, 0xA0, 0x63, 0x77, 0x8D, 0x35, 0xFB, 0x06, 0xE5, 0xC0, 0x77, 0x28, 0x36, 0xEF, 0x90, 0x8A,
    0x8C, 0x98, 0x7F, 0x48, 0xD4, 0xF3, 0x49, 0xA7, 0x11, 0x75, 0xC6, 0x27, 0x0B, 0x4F, 0x58, 0x58,
    0x78, 0x3F, 0x99, 0xE1, 0xF4, 0x12, 0x91, 0xFA, 0x83, 0xF5, 0x41, 0xAD, 0xF9, 0x6F, 0x7A, 0x65,
    0x2B, 0x3C, 0x94, 0xBF, 0x45, 0x64, 0x3D, 0xFE, 0xE7, 0x87, 0xBB, 0xE9, 0x42, 0x25, 0xCF, 0x56,
    0xBA, 0x7F, 0xB5, 0xDE, 0x4B, 0x67, 0x96, 0xBF, 0x97, 0x8D, 0x74, 0xE4, 0x91, 0x46, 0xE1, 0xEB,
    0x6B, 0x64, 0x23, 0x0D, 0xD9, 0xC4, 0x13, 0x58, 0xD3, 0x19, 0xBC, 0x44, 0x38, 0x7B, 0x52, 0xDB,
    0xDE, 0x84, 0x05, 0xB7, 0x54, 0x91, 0xAC, 0x0F, 0xDE, 0x37, 0x7B, 0x5B, 0xBC, 0xC8, 0x90, 0xCA,
    0x03, 0x89, 0xAE, 0x27, 0x1F, 0xAB, 0x9A, 0x74, 0xF2, 0x90, 0x28, 0xD2, 0xD1, 0x73, 0xF8, 0x9D,
    0x6A, 0x70, 0x03, 0x97, 0x21, 0x37, 0xAB, 0x2E, 0xE5, 0xFE, 0x37, 0x58, 0x3C, 0xE6, 0xC4, 0xB5,
    0x94, 0x60, 0x8B, 0x67, 0xDC, 0x38, 0x14, 0x33, 0x48, 0x48, 0x17, 0x10, 0x2B, 0x66, 0xB4, 0xCC,
    0xAF, 0xC5, 0x44, 0x94, 0x95, 0x3C, 0x45, 0x9E, 0x36, 0x32, 0xB3, 0xA5, 0xDF, 0x01, 0x39, 0xA6,
    0x27, 0x9C, 0x1E, 0x5E, 0x78, 0x73, 0xBF, 0xDF, 0x7D, 0xE5, 0x24, 0xF5, 0xF7, 0xE4, 0xB9, 0x97,
    0x95, 0x1B, 0x1C, 0xE7, 0x7A, 0x8B, 0xAF, 0x39, 0x39, 0x9C, 0xB4, 0xDF, 0x92, 0xD6, 0xEE, 0x7F,
    0xE3, 0x54, 0x6B, 0x6A, 0x60, 0x25, 0x9D, 0x69, 0x22, 0xF7, 0xEA, 0x6F, 0xE0, 0xF6, 0x03, 0x3B,
    0x69, 0x37, 0x5E, 0xAE, 0xF5, 0x46, 0x17, 0xD9, 0x58, 0xB6, 0xCA, 0xDB, 0x28, 0x67, 0x65, 0x1A,
    0x95, 0x45, 0x50, 0x56, 0xCA, 0xA5, 0x89, 0x80, 0xC8, 0xA8, 0xFC, 0x2B, 0x2B, 0x93, 0x88, 0x92,
    0xAE, 0x56, 0xFA, 0xA0, 0x2C, 0xA3, 0xD2, 0x4D, 0x24, 0x42, 0xB6, 0xAA, 0xDB, 0x13, 0x19, 0xD4,
    0xED, 0x55, 0x7C, 0xF7, 0xCF, 0xE9, 0x56, 0xB3, 0xF3, 0x37, 0x91, 0x12, 0xD9, 0xFF, 0xAC, 0x38,
    0x43, 0x72, 0xC7, 0x16, 0x7F, 0x37, 0x7A, 0xA9, 0x3B, 0x9D, 0x91, 0x93, 0xC8, 0x47, 0x22, 0x81,
    0xEC, 0x57, 0x7D, 0xF9, 0xCB, 0xB6, 0x1A, 0x48, 0x85, 0x42, 0xB4, 0xA7, 0xE9, 0x7A, 0xF8, 0xED,
    0x24, 0x9D, 0xC9, 0x2C, 0xA6, 0xEC, 0x99, 0xEC, 0x75, 0x66, 0xB2, 0x85, 0xCC, 0xF2, 0x0F, 0x65,
    0xC8, 0xE4, 0x7E, 0x26, 0xAD, 0x48, 0xCC, 0x34, 0xF5, 0xFB, 0x6E, 0xA2, 0x31, 0xB0, 0x35, 0xB3,
    0x07, 0xB2, 0x4F, 0xFB, 0x72, 0x24, 0x15, 0xB2, 0x89, 0xD4, 0xC6, 0x3A, 0x5D, 0x8C, 0x33, 0xC9,
    0xAF, 0xC7, 0x6C, 0x21, 0x59, 0xD5, 0x86, 0x44, 0x06, 0x91, 0x98, 0x48, 0xB4, 0xC6, 0xE9, 0xA4,
    0xD7, 0x3D, 0x73, 0xC2, 0x0D, 0xC9, 0x4A, 0x65, 0x41, 0xB3, 0xC6, 0xB7, 0x0D, 0x27, 0xFF, 0x99,
    0xC6, 0xF5, 0xEB, 0x86, 0xE1, 0x1A, 0x72, 0x44, 0x6F, 0x45, 0xAC, 0xB0, 0xCD, 0x54, 0xAB, 0xC0,
    0xC5, 0x64, 0xDD, 0x2B, 0xA5, 0x91, 0xFB, 0xEC, 0x0D, 0xC1, 0xC6, 0x6E, 0x76, 0xD2, 0xF3, 0xBD,
    0x59, 0x23, 0x66, 0xB2, 0xBC, 0xAE, 0x88, 0x69, 0xB1, 0xF8, 0xB8, 0xB5, 0xD8, 0x36, 0x73, 0x8C,
    0xD7, 0x7C, 0xD9, 0x7F, 0xD2, 0xB0, 0xAD, 0x02, 0x1A, 0x99, 0x8F, 0x51, 0x45, 0x23, 0x9B, 0x93,
    0x3A, 0x17, 0xF9, 0x97, 0x9F, 0x5A, 0x64, 0xEB, 0x5F, 0x57, 0x64, 0x7B, 0x66, 0xF1, 0xB3, 0x0C,
    0x20, 0xB3, 0xC5, 0xD5, 0x5A, 0x09, 0xAF, 0xA6, 0xEF, 0x81, 0xDF, 0x93, 0x55, 0xB3, 0x22, 0xB5,
    0x19, 0x2D, 0xD1, 0x2F, 0x5C, 0x8E, 0x22, 0x3A, 0xA1, 0x84, 0x54, 0xEA, 0x6E, 0x03, 0x3F, 0x22,
    0x5D, 0x81, 0x74, 0x51, 0xCC, 0x5F, 0x17, 0xD9, 0x02, 0xBA, 0xEA, 0x40, 0x64, 0xC6, 0xDA, 0x49,
    0x64, 0xA5, 0xF8, 0x9B, 0x26, 0x54, 0xAD, 0xEB, 0x3D, 0xB9, 0x5E, 0xC1, 0xD7, 0xD6, 0x37, 0xCA,
    0x09, 0x0A, 0xE9, 0xD5, 0x7D, 0x50, 0x49, 0x4B, 0x22, 0x3D, 0xB6, 0x43, 0xE4, 0xF1, 0xFB, 0x64,
    0xE3, 0x05, 0x59, 0xBC, 0xB7, 0x5D, 0x9E, 0x62, 0xA8, 0xFE, 0xA6, 0x6B, 0x73, 0x2D, 0x77, 0xAB,
    0x86, 0x7F, 0x0A, 0x9C, 0x03, 0x57, 0xC0, 0xE3, 0xBD, 0xED, 0x4A, 0x84, 0x46, 0x84, 0x6F, 0x1C,
    0x4C, 0x17, 0x40, 0x80, 0xEE, 0x93, 0x9A, 0x4A, 0xEA, 0xEB, 0xFF, 0x2A, 0xE9, 0x57, 0xBC, 0xF0,
    0xBD, 0x95, 0x37, 0x5F, 0xFC, 0x95, 0xE9, 0x37, 0xC5, 0x8E, 0x44, 0xA0, 0xA9, 0x33, 0x01, 0xDF,
    0x97, 0x0D, 0x94, 0xB2, 0x34, 0x3F, 0x25, 0x97, 0xE8, 0x67, 0xB8, 0xC5, 0xF1, 0x10, 0x19, 0x4A,
    0x19, 0xB6, 0x48, 0x5A, 0x6C, 0x69, 0x06, 0xDB, 0x2D, 0x78, 0x64, 0x3D, 0x1F, 0xCD, 0xF6, 0x08,
    0x42, 0x3A, 0x40, 0x47, 0x16, 0xD0, 0x00, 0xDF, 0x6E, 0x0C, 0x45, 0x0D, 0x55, 0x70, 0x80, 0x1B,
    0xDE, 0x52, 0xC6, 0x73, 0x20, 0x37, 0x66, 0xD3, 0x4F, 0x6C, 0xE0, 0x22, 0xDA, 0xFD, 0x01, 0x40,
    0xFA, 0xEB, 0xEF, 0x39, 0xDF, 0xC2, 0x89, 0x01, 0x7D, 0x1A, 0xE9, 0xA4, 0xDE, 0x62, 0x42, 0x36,
    0x72, 0xB9, 0x50, 0x4C, 0xE4, 0x13, 0x59, 0x24, 0x9B, 0x28, 0x66, 0xB2, 0x5E, 0x4D, 0x72, 0x0B,
    0x59, 0x50, 0xAB, 0xDE, 0x7A, 0x42, 0xDE, 0xAA, 0x61, 0x6F, 0x37, 0x38, 0xDB, 0xFE, 0xCF, 0x7D,
    0xED, 0x80, 0x8E, 0x1F, 0x55, 0xAD, 0x5A, 0xD2, 0x30, 0x96, 0xE1, 0x6D, 0xD4, 0xD4, 0xE8, 0xFA,
    0x73, 0xCD, 0xFC, 0xC5, 0x50, 0x0C, 0x57, 0x40, 0xF5, 0x57, 0x21, 0x8F, 0x6A, 0x9B, 0xFB, 0x6F,
    0x21, 0x1B, 0xA3, 0x66, 0xFE, 0xBA, 0x4D, 0x27, 0xCD, 0x14, 0x3F, 0x3B, 0x98, 0x9A, 0x0B, 0x48,
    0x00, 0xB2, 0x75, 0x37, 0xD8, 0x7C, 0xD1, 0xB4, 0xD8, 0x70, 0x9E, 0x84, 0x57, 0x2F, 0x63, 0x27,
    0xF5, 0x9B, 0x9B, 0xF7, 0x2C, 0x26, 0x14, 0x83, 0x96, 0x72, 0xAD, 0xBA, 0xA5, 0x04, 0xDC, 0x89,
    0x2B, 0x92, 0x75, 0x38, 0xE9, 0xFE, 0x4E, 0xBB, 0xF3, 0xAB, 0x11, 0x48, 0x3F, 0x9A, 0x81, 0xBC,
    0x15, 0xC0, 0x59, 0x4B, 0x17, 0x54, 0x3D, 0x3C, 0xC6, 0x59, 0xB8, 0x70, 0x33, 0x97, 0xD2, 0x76,
    0x72, 0x5F, 0x24, 0x88, 0xF4, 0x47, 0xBF, 0x85, 0x4A, 0xC2, 0x76, 0xFF, 0x4D, 0x69, 0xAF, 0x07,
    0x6E, 0x32, 0x63, 0x23, 0x2C, 0xA4, 0x1B, 0x45, 0xBD, 0x47, 0x53, 0xE7, 0x41, 0xBD, 0x5E, 0x98,
    0x6D, 0xEA, 0x34, 0xD7, 0x97, 0x40, 0x11, 0xCF, 0x80, 0x7C, 0xBC, 0x30, 0x3B, 0xAF, 0xAC, 0x83,
    0x8F, 0x00, 0x96, 0xA8, 0xEC, 0x8C, 0xBE, 0xBF, 0x5E, 0xEE, 0xE5, 0xCE, 0xDA, 0xEE, 0x28, 0xB8,
    0x6D, 0x7C, 0xAC, 0x48, 0x26, 0x65, 0x1E, 0x95, 0x97, 0x3D, 0x50, 0x4A, 0x0D, 0x54, 0x4F, 0x39,
    0x1E, 0x95, 0x88, 0x28, 0x56, 0x2A, 0x35, 0xF6, 0x82, 0x62, 0xE4, 0x1C, 0x17, 0x8F, 0x3E, 0xE9,
    0x6A, 0x40, 0x40, 0x1F, 0xAA, 0x5D, 0x70, 0xF2, 0xB0, 0x39, 0x79, 0x58, 0xE8, 0x43, 0xA7, 0x0F,
    0x4B, 0xB5, 0xAF, 0xA1, 0x11, 0x91, 0x1D, 0xF0, 0xBB, 0x2D, 0xA9, 0xED, 0x69, 0xC7, 0x5F, 0xCA,
    0xBE, 0xFC, 0xF2, 0xE6, 0x1E, 0x10, 0xA8, 0x26, 0xF0, 0x4F, 0x21, 0x59, 0xAD, 0x4D, 0x7B, 0xF6,
    0x95, 0xEA, 0x28, 0xFB, 0xDD, 0xDA, 0x4C, 0x02, 0x5C, 0x86, 0x3F, 0x79, 0xF4, 0x55, 0x8E, 0x7F,
    0xA6, 0x0D, 0xCC, 0x90, 0xC8, 0xB1, 0xB5, 0xF6, 0x70, 0x85, 0x57, 0x5F, 0x55, 0xC0, 0x7A, 0x98,
    0x4A, 0x4B, 0xD2, 0x85, 0xC3, 0x8F, 0xB8, 0x5F, 0xFE, 0xDE, 0xA1, 0x7E, 0x6B, 0x4B, 0xF6, 0xB6,
    0xFD, 0x7D, 0x48, 0xFF, 0x13, 0x37, 0x5B, 0xB7, 0x52, 0xB4, 0xBE, 0x0B, 0x45, 0x7B, 0x95, 0x47,
    0xC7, 0xA3, 0x64, 0x6D, 0x18, 0xB5, 0xC8, 0x48, 0x31, 0xF0, 0xFF, 0x00, 0xB4, 0x94, 0x01, 0x84,
    0x1D, 0x47, 0x18, 0xC7, 0x7F, 0xB3, 0x9B, 0xCB, 0x92, 0xC5, 0x04, 0x49, 0xD1, 0x70, 0x0B, 0x90,
    0xA6, 0xCD, 0x2D, 0x04, 0xF0, 0xEE, 0x66, 0x14, 0x0A, 0x70, 0xE8, 0x15, 0x2D, 0x40, 0x40, 0x20,
    0x00, 0xAF, 0xBC, 0x66, 0x57, 0x01, 0xC0, 0x41, 0x01, 0x08, 0x2D, 0xB8, 0xE2, 0xA0, 0x38, 0x5C,
    0x6E, 0xB7, 0x50, 0x00, 0x0B, 0x05, 0x60, 0x4B, 0x29, 0x0D, 0x2C, 0x16, 0x9B, 0xDC, 0xEC, 0x7E,
    0x9D, 0x99, 0xDE, 0x53, 0x57, 0x7A, 0x15, 0xDA, 0x6F, 0x76, 0x7E, 0xF3, 0xCD, 0xBC, 0xFF, 0xDC,
    0xED, 0xF7, 0xF7, 0xBD, 0x07, 0x65, 0x6B, 0x7A, 0x3F, 0xBA, 0xDC, 0x02, 0xEC, 0xA0, 0xED, 0xD5,
    0xA8, 0xC3, 0x28, 0xEA, 0xA2, 0x0D, 0xA3, 0xBC, 0x1A, 0xA6, 0x35, 0x9D, 0xE9, 0xCA, 0x0E, 0x9E,
    0x00, 0xAC, 0xB7, 0xC8, 0xE5, 0x18, 0x1A, 0x99, 0x49, 0xE6, 0x2F, 0xC5, 0x66, 0xC3, 0xBA, 0xAA,
    0x75, 0xBF, 0x36, 0xB6, 0x68, 0xD7, 0x07, 0x94, 0xED, 0x1A, 0x4C, 0x44, 0xFD, 0x4F, 0x68, 0x3D,
    0xA2, 0xAE, 0xE8, 0x3C, 0xF4, 0xB0, 0x4E, 0x49, 0xDD, 0x5A, 0x5B, 0x25, 0x4B, 0x03, 0x46, 0x66,
    0x50, 0xCB, 0x31, 0xB0, 0xE6, 0x1A, 0x00, 0x6E, 0xCB, 0x04, 0xE6, 0x52, 0x60, 0xA1, 0x6A, 0x95,
    0xA3, 0x68, 0xD3, 0x11, 0xDD, 0xA6, 0x03, 0xBA, 0xF6, 0xD8, 0xC1, 0x03, 0xFC, 0x19, 0x24, 0x13,
    0xE0, 0x25, 0x40, 0xC0, 0xFD, 0xE5, 0xE8, 0x10, 0x23, 0x32, 0x70, 0xBF, 0xFA, 0xE6, 0x10, 0x4A,
    0x0B, 0x14, 0x35, 0xA0, 0xDB, 0x6B, 0x28, 0x2C, 0x60, 0x00, 0x36, 0x70, 0x4B, 0x5D, 0xBE, 0xE1,
    0xA3, 0x5C, 0xE4, 0xAD, 0x2B, 0x2F, 0xFD, 0xE5, 0x0F, 0x78, 0x20, 0x2D, 0x70, 0x8F, 0x18, 0x2B,
    0x65, 0x35, 0xA6, 0x5C, 0x0C, 0x5A, 0xC4, 0x91, 0x0D, 0xE9, 0x48, 0xDE, 0x32, 0xA1, 0x61, 0x45,
    0x01, 0xFB, 0xEC, 0x06, 0xC4, 0x2C, 0x9E, 0xE9, 0x9A, 0x33, 0xB2, 0x3E, 0x19, 0xD0, 0xCB, 0xA9,
    0xC3, 0x54, 0x4B, 0xC5, 0x4A, 0x1D, 0x6A, 0x62, 0x34, 0xD2, 0x96, 0x52, 0xFF, 0x49, 0xED, 0x48,
    0x1C, 0xA9, 0x43, 0x0D, 0x21, 0x49, 0x7A, 0x58, 0x48, 0x5B, 0x68, 0xC8, 0x6A, 0x30, 0x56, 0xDB,
    0x60, 0x64, 0x01, 0xE8, 0x6E, 0x3F, 0xB0, 0xDF, 0x00, 0xD9, 0x30, 0x46, 0x07, 0x06, 0x82, 0x8F,
    0x9D, 0x87, 0x88, 0xF4, 0x57, 0x0C, 0xD7, 0xD8, 0xF2, 0xA8, 0xF1, 0x3E, 0xC4, 0xF3, 0x98, 0xDB,
    0xEB, 0x9F, 0x52, 0x45, 0x36, 0x2D, 0xF0, 0xA1, 0xBC, 0x85, 0x60, 0x9E, 0xE5, 0xE9, 0xD9, 0xB5,
    0x78, 0x4A, 0x0C, 0xCE, 0xAE, 0x07, 0x3B, 0x9F, 0x02, 0x95, 0xD4, 0x24, 0xF3, 0xF3, 0x81, 0xBC,
    0x4B, 0x27, 0x74, 0xAB, 0x3C, 0x6A, 0x22, 0xFA, 0x2B, 0xC3, 0x7B, 0x20, 0x9F, 0x81, 0x54, 0x3A,
    0x9F, 0xC9, 0x0C, 0xBB, 0xBE, 0x76, 0xF6, 0x13, 0x19, 0xD9, 0xA7, 0x74, 0x1C, 0x90, 0x09, 0xA6,
    0xA6, 0xB1, 0xE5, 0x10, 0x8A, 0x5E, 0x28, 0x6C, 0x2A, 0x7D, 0x61, 0x69, 0x96, 0x02, 0x8A, 0xD8,
    0x2F, 0x32, 0x01, 0x45, 0x40, 0xE2, 0x00, 0x5E, 0x91, 0x44, 0xC7, 0x6D, 0x40, 0x1D, 0x6C, 0x6F,
    0xD9, 0xA0, 0x7B, 0x35, 0x92, 0x2D, 0xA7, 0x3D, 0x34, 0x62, 0x41, 0xD9, 0x20, 0x3A, 0x6B, 0x94,
    0x6B, 0x92, 0xB9, 0xC2, 0xDD, 0xE2, 0x2E, 0xDB, 0x78, 0x2E, 0x23, 0x90, 0x89, 0x48, 0x0D, 0xE5,
    0xAF, 0x3C, 0x18, 0x61, 0x06, 0x2E, 0x62, 0x87, 0x51, 0xD4, 0x79, 0xAB, 0x9A, 0x3E, 0xEB, 0xB4,
    0x2D, 0x2E, 0xE7, 0x64, 0xD8, 0xE3, 0x82, 0x8A, 0x71, 0xA5, 0x26, 0x0E, 0xD8, 0x6C, 0xBC, 0xE6,
    0x1E, 0xAB, 0xB3, 0x28, 0xDD, 0x1F, 0xB3, 0x1E, 0xD8, 0x1B, 0xF3, 0xB8, 0x0C, 0x79, 0xB7, 0xDD,
    0xFD, 0xB5, 0x9C, 0x65, 0x51, 0x19, 0xEE, 0xC1, 0x6A, 0x95, 0x4C, 0x24, 0x6C, 0x0E, 0x58, 0xD8,
    0x65, 0x2A, 0x30, 0xBF, 0x3B, 0x35, 0xE8, 0x36, 0x93, 0x3E, 0xED, 0xA2, 0x42, 0xD7, 0xCC, 0x40,
    0x05, 0xA6, 0x23, 0x9B, 0x82, 0x71, 0xAF, 0xA5, 0x8B, 0x8E, 0xBF, 0x01, 0xE0, 0x28, 0x7E, 0x57,
    0x8E, 0x29, 0x7E, 0x1B, 0x29, 0x6B, 0x47, 0x6E, 0x1D, 0xE0, 0x50, 0x8D, 0xA3, 0xFC, 0xD9, 0x51,
    0xE1, 0xB8, 0x08, 0x53, 0xF9, 0x3C, 0x73, 0x98, 0xB9, 0xAA, 0x6F, 0xBF, 0x7C, 0x64, 0x81, 0xBB,
    0xEC, 0xF2, 0x03, 0x9B, 0x64, 0x50, 0x53, 0xE6, 0xFF, 0x5B, 0xD1, 0xEA, 0xDE, 0x58, 0xD3, 0x0A,
    0xCD, 0xC7, 0x33, 0xD5, 0xD7, 0x33, 0xA5, 0xCF, 0xC3, 0x59, 0xEA, 0x5F, 0x89, 0x29, 0xEB, 0xD9,
    0x57, 0x03, 0x05, 0xEB, 0x67, 0x27, 0x27, 0x27, 0xB6, 0x09, 0x86, 0xF9, 0xEC, 0xB4, 0x06, 0xF2,
    0x7F, 0xC7, 0x0E, 0x8F, 0x4E, 0xBE, 0x33, 0x32, 0xF9, 0x07, 0x78, 0x07, 0xF7, 0x7F, 0x3C, 0x3A,
    0xC2, 0xBB, 0xFF, 0x89, 0xC8, 0x10, 0xDC, 0x37, 0xCA, 0x79, 0xF7, 0x31, 0xBC, 0xF0, 0xEE, 0x63,
    0x30, 0xDE, 0xFD, 0xB8, 0xEC, 0x8F, 0xF1, 0x70, 0x2F, 0x2C, 0xCE, 0xBB, 0x8F, 0x91, 0x3E, 0xEE,
    0x9A, 0x36, 0x2E, 0xBA, 0xF3, 0xEE, 0x63, 0xD2, 0xC1, 0xBB, 0x8F, 0x49, 0x26, 0xEF, 0x3E, 0x86,
    0x39, 0xB8, 0x6F, 0xA8, 0xBC, 0xFB, 0x89, 0xF4, 0xE6, 0x97, 0x41, 0xFF, 0x74, 0xF2, 0xF2, 0xCE,
    0xB7, 0xEF, 0xE0, 0xFE, 0x23, 0xEF, 0x86, 0x2F, 0x4C, 0x64, 0x0C, 0xD9, 0x4B, 0x00, 0x25, 0x9D,
    0x97, 0x4E, 0x14, 0xF5, 0x2B, 0xE2, 0xAB, 0x51, 0x6C, 0x67, 0xDC, 0x87, 0x73, 0xFF, 0x79, 0xD4,
    0xC5, 0x50, 0x87, 0x40, 0xD2, 0xDF, 0x80, 0x67, 0xDF, 0xBF, 0xDD, 0x7A, 0x1E, 0xB2, 0x9B, 0xC5,
    0xA8, 0x63, 0xFE, 0x1E, 0xF1, 0x6E, 0x44, 0x12, 0xDA, 0xE5, 0xF5, 0x14, 0x8B, 0x37, 0x2C, 0xBC,
    0xCF, 0x05, 0x30, 0x03, 0x0E, 0xD4, 0x44, 0x74, 0x3E, 0x6F, 0x61, 0x0F, 0x38, 0x83, 0xB4, 0xCB,
    0xD0, 0x36, 0xC7, 0x88, 0x50, 0xF9, 0x79, 0xFF, 0xE8, 0x88, 0x44, 0x6A, 0xCA, 0xF0, 0x37, 0xD4,
    0x4C, 0xE8, 0xDE, 0xC7, 0xDB, 0xFB, 0xE9, 0x88, 0x3A, 0xAD, 0x63, 0x65, 0x24, 0x33, 0xD0, 0x00,
    0x15, 0x4F, 0xA8, 0x58, 0xD3, 0xF0, 0xC2, 0xEB, 0x4B, 0x19, 0x49, 0x7C, 0x09, 0xEA, 0x24, 0x75,
    0xD9, 0xA0, 0xBB, 0x92, 0xCD, 0xF6, 0xEB, 0x58, 0x41, 0xF3, 0x1F, 0xC0, 0x22, 0x54, 0xB5, 0xF2,
    0x68, 0x53, 0xA1, 0x19, 0x8B, 0xCA, 0x57, 0xBE, 0x94, 0xE3, 0x79, 0x33, 0xE6, 0xE3, 0xF9, 0x8E,
    0x85, 0x73, 0xB8, 0xC2, 0x0C, 0x20, 0x00, 0x4D, 0x17, 0x30, 0x00, 0xA6, 0x07, 0x8A, 0x1A, 0xE0,
    0xB3, 0xD0, 0xEB, 0x99, 0xF8, 0xA8, 0x0B, 0x59, 0xBE, 0x18, 0x31, 0xE2, 0xB2, 0xF6, 0x8A, 0xD5,
    0x8D, 0x34, 0x91, 0x65, 0xA4, 0x8E, 0x4C, 0x23, 0xF9, 0xFC, 0x3C, 0x90, 0xD5, 0xFF, 0xC6, 0x4D,
    0xD6, 0xC1, 0x7B, 0x2E, 0x7B, 0x03, 0xA5, 0xCB, 0xA4, 0x26, 0x46, 0x49, 0xD5, 0x36, 0x7E, 0x18,
    0x0B, 0xCA, 0x92, 0xD6, 0x64, 0x3D, 0xD9, 0x0C, 0x15, 0x98, 0xF8, 0x34, 0x88, 0xA3, 0xE9, 0xE1,
    0x0E, 0x54, 0xBE, 0x6A, 0x5B, 0x55, 0xF6, 0xA1, 0x97, 0xDF, 0xF8, 0x94, 0x32, 0xFB, 0x8E, 0x50,
    0x72, 0x8C, 0xBE, 0x74, 0x7E, 0x7F, 0x41, 0x85, 0xE1, 0x22, 0x66, 0x65, 0xBD, 0x9D, 0x2F, 0xFC,
    0xDE, 0x60, 0xE2, 0x2E, 0xB4, 0x3E, 0x27, 0x35, 0x77, 0xB1, 0xAC, 0x54, 0x4F, 0xC9, 0x84, 0xF6,
    0x8A, 0x3C, 0xFC, 0xD6, 0x8C, 0x45, 0x97, 0xCC, 0xF9, 0x80, 0xA4, 0x0E, 0xC9, 0xA6, 0xC4, 0xE9,
    0xC1, 0x9F, 0xB5, 0x79, 0x67, 0xBC, 0xE6, 0x2B, 0x0E, 0x18, 0x59, 0x27, 0xF1, 0x15, 0xE1, 0x31,
    0xD0, 0x00, 0x1B, 0xC8, 0x04, 0x98, 0xA0, 0xA9, 0x40, 0x0D, 0xF0, 0xF0, 0x8F, 0x6E, 0xAD, 0x00,
    0xD2, 0x92, 0xEB, 0x0C, 0xFF, 0x33, 0x67, 0x93, 0x21, 0x23, 0x99, 0x40, 0x91, 0xA4, 0xE9, 0x40,
    0x41, 0x92, 0xEC, 0x00, 0x14, 0xB9, 0x3B, 0x13, 0x41, 0x01, 0x59, 0x64, 0x15, 0x85, 0xA2, 0x20,
    0xF0, 0x8A, 0x20, 0x78, 0xCD, 0x9C, 0x16, 0x8A, 0xA2, 0x8B, 0x02, 0x60, 0x91, 0x92, 0x6C, 0xB1,
    0x45, 0xCB, 0xE2, 0x35, 0x73, 0x56, 0x11, 0x80, 0x51, 0x28, 0x8A, 0x4C, 0x58, 0x9A, 0x2A, 0x76,
    0x70, 0xD2, 0xCC, 0xC6, 0xCC, 0xFC, 0x9D, 0xEF, 0x3B, 0x73, 0xEF, 0x1B, 0xD9, 0xA4, 0x9B, 0xCA,
    0xD6, 0xCB, 0x7B, 0xE3, 0xBE, 0xEF, 0x3B, 0x6F, 0xEE, 0xCC, 0x39, 0xFF, 0xF7, 0xCF, 0x99, 0xFF,
    0x9C, 0xF3, 0x9F, 0xBB, 0xB0, 0xE9, 0x84, 0xE2, 0x12, 0x17, 0x38, 0xB3, 0x81, 0x73, 0x09, 0x7C,
    0x65, 0xE5, 0xE3, 0x95, 0x07, 0x32, 0x6E, 0x7F, 0x0F, 0x6C, 0x3A, 0x33, 0x82, 0x13, 0x97, 0x80,
    0x31, 0x7B, 0x1A, 0x65, 0x51, 0x9B, 0xCB, 0x6E, 0x5C, 0x5E, 0x82, 0x37, 0xAE, 0xC8, 0x9F, 0x46,
    0x61, 0xEB, 0x1F, 0x93, 0x07, 0x73, 0x07, 0x1C, 0xF5, 0xE9, 0xAB, 0x60, 0xD3, 0x7D, 0x2F, 0x02,
    0x27, 0xAE, 0x54, 0x1D, 0xD0, 0xFA, 0x0B, 0xBF, 0x9F, 0xDF, 0x65, 0xEB, 0x3C, 0x7F, 0x65, 0xE5,
    0x63, 0x32, 0x5B, 0x2F, 0x42, 0x3C, 0x58, 0x2A, 0xAF, 0xA8, 0xEF, 0xF6, 0xAA, 0xCF, 0x07, 0x7D,
    0x71, 0x1F, 0xF4, 0x99, 0x36, 0xE8, 0x4B, 0xF7, 0xBA, 0xAA, 0xC0, 0x85, 0x04, 0xDE, 0xAD, 0x7C,
    0xB2, 0xB2, 0x27, 0xF3, 0x76, 0xB0, 0x69, 0x8B, 0xFB, 0xE0, 0xF4, 0xCE, 0xDC, 0xD8, 0x85, 0xB3,
    0xD7, 0xFA, 0xAC, 0x5D, 0xF4, 0x15, 0xA6, 0xCF, 0xBA, 0x45, 0xDF, 0x2E, 0xBA, 0x91, 0x76, 0x8B,
    0xBE, 0x93, 0x75, 0xD4, 0xF6, 0x0B, 0xBB, 0xD0, 0x7A, 0x6E, 0x43, 0xEB, 0xA5, 0xA0, 0x75, 0xB4,
    0xC0, 0xD6, 0x59, 0x73, 0xB1, 0x06, 0xFA, 0x1D, 0xA4, 0xFD, 0x8C, 0xDF, 0x79, 0xF9, 0x03, 0xC0,
    0xA8, 0xF6, 0xB8, 0x26, 0x01, 0xC3, 0x43, 0xD7, 0xAE, 0x5D, 0x8D, 0xD5, 0x62, 0x92, 0x84, 0x20,
    0xC2, 0x4B, 0x11, 0x48, 0xC4, 0xE3, 0xD6, 0x99, 0xD5, 0x21, 0xA0, 0x18, 0x7A, 0x63, 0x0C, 0x3A,
    0x8D, 0xA7, 0x4E, 0x04, 0x97, 0x62, 0x0D, 0xB1, 0xD4, 0x19, 0x4F, 0xB4, 0x02, 0x8E, 0xF2, 0xE4,
    0x3A, 0xEE, 0xE3, 0x1B, 0x08, 0x38, 0xA6, 0xCD, 0x7A, 0x04, 0x9D, 0xD4, 0xE5, 0x3D, 0x02, 0x4F,
    0x56, 0x95, 0x3D, 0x82, 0x4F, 0x21, 0x9F, 0xF5, 0x08, 0x40, 0xBB, 0xF8, 0x6F, 0x34, 0xE7, 0xC4,
    0xFC, 0x8A, 0xEC, 0xB3, 0x04, 0x1C, 0xF7, 0x2F, 0x93, 0x4D, 0xFB, 0x36, 0x39, 0x75, 0x98, 0x38,
    0x41, 0xE7, 0xCD, 0x5B, 0x9F, 0x5F, 0xA7, 0xCE, 0x30, 0x86, 0x93, 0x69, 0x3C, 0xD9, 0x87, 0xB9,
    0x06, 0x8E, 0x25, 0x40, 0xF2, 0x30, 0x83, 0x08, 0xFA, 0x4E, 0x3A, 0x06, 0x8E, 0xBD, 0x9C, 0x1E,
    0x57, 0x45, 0xA2, 0x8E, 0x9D, 0xF5, 0xF0, 0x97, 0xF6, 0x8C, 0x42, 0x66, 0x16, 0xC9, 0xBC, 0x48,
    0x01, 0x4F, 0x3B, 0x74, 0x3D, 0xA8, 0xE3, 0xDF, 0x55, 0x3C, 0xD6, 0xE5, 0x6F, 0x2A, 0xED, 0x22,
    0xA8, 0x35, 0xA3, 0x99, 0x1B, 0xCF, 0xE9, 0x17, 0x1D, 0xFB, 0x3E, 0x49, 0x34, 0x50, 0x69, 0x49,
    0x99, 0x23, 0x19, 0x8A, 0x64, 0xA7, 0x7A, 0xF0, 0x18, 0x88, 0xF1, 0x44, 0x32, 0x33, 0x29, 0x51,
    0x52, 0xDA, 0x50, 0x54, 0x16, 0x6A, 0xCB, 0x0B, 0x07, 0xDA, 0xE5, 0x2D, 0xE8, 0x95, 0x2C, 0x78,
    0x30, 0x25, 0x79, 0xE8, 0x5D, 0x84, 0x98, 0x91, 0xE3, 0x10, 0x6B, 0x33, 0xAD, 0xCC, 0x7C, 0x09,
    0x68, 0x54, 0x66, 0x29, 0x26, 0x53, 0x55, 0x27, 0x52, 0x90, 0xE0, 0x48, 0xD4, 0x76, 0x2C, 0x82,
    0xDA, 0x6E, 0xD3, 0x0D, 0xEC, 0xF2, 0x03, 0x9D, 0x62, 0x46, 0x31, 0xA0, 0x49, 0x12, 0x90, 0xCA,
    0xAD, 0xD9, 0xCA, 0x2D, 0xBD, 0x8B, 0x7B, 0x55, 0x39, 0xFF, 0x7F, 0x2F, 0x18, 0xEA, 0x49, 0x59,
    0x4B, 0x2A, 0x2B, 0xD2, 0xCF, 0x89, 0xD2, 0x07, 0xAA, 0x2E, 0x8C, 0x68, 0x6A, 0x3E, 0x58, 0x9D,
    0x69, 0x05, 0x2A, 0x7E, 0xE3, 0x40, 0xEF, 0x98, 0x60, 0x19, 0xAA, 0x85, 0xE6, 0xA7, 0x2F, 0x8A,
    0xE8, 0x67, 0x84, 0x87, 0x76, 0x19, 0xDA, 0xD3, 0xE9, 0x32, 0xE8, 0x17, 0xCA, 0x28, 0x5B, 0x15,
    0xFE, 0x82, 0xF5, 0xEB, 0xDB, 0x11, 0x5B, 0x9F, 0xCD, 0xB0, 0xA1, 0xC9, 0x78, 0x10, 0x86, 0xCE,
    0x8B, 0xA5, 0x76, 0x3D, 0x92, 0x99, 0x94, 0xDF, 0x0B, 0x06, 0xC6, 0x1D, 0x0D, 0x44, 0x0D, 0xA0,
    0x8E, 0x27, 0x0D, 0x29, 0x57, 0x17, 0x6E, 0x38, 0x97, 0x6A, 0x15, 0x47, 0xB5, 0x2F, 0x58, 0x34,
    0x77, 0xCB, 0x49, 0x8D, 0x42, 0x56, 0xB8, 0x30, 0x55, 0xB9, 0xBC, 0x14, 0x12, 0x0B, 0x93, 0x51,
    0x80, 0x86, 0xDB, 0x4B, 0xC1, 0xE0, 0x4C, 0x4F, 0x49, 0xB0, 0x78, 0x2D, 0x18, 0xB7, 0x16, 0x52,
    0xBB, 0x16, 0x72, 0x59, 0x0B, 0x3B, 0x18, 0x0D, 0xB1, 0xC7, 0xFB, 0x82, 0xE7, 0x57, 0x90, 0xBD,
    0x16, 0x8C, 0xEA, 0xEA, 0xCD, 0x7D, 0x21, 0xAB, 0xD6, 0xAF, 0x72, 0x59, 0x0B, 0xBB, 0x50, 0xB8,
    0x21, 0x27, 0xA1, 0xD0, 0x8B, 0x5F, 0x0B, 0x71, 0xCF, 0x71, 0x2A, 0xEE, 0x93, 0x50, 0x48, 0xFB,
    0x66, 0xB6, 0x4F, 0x40, 0x57, 0xAF, 0xEA, 0x72, 0x16, 0x84, 0x47, 0xD4, 0xA8, 0x95, 0x1C, 0x1E,
    0x68, 0x6C, 0x32, 0xC5, 0x93, 0x44, 0x73, 0xE2, 0x45, 0x66, 0x38, 0xF1, 0xCF, 0x18, 0xEE, 0x7E,
    0x52, 0xA2, 0x2D, 0x02, 0x7D, 0xD1, 0xD0, 0x45, 0x5F, 0x05, 0x0D, 0x81, 0xB3, 0xBA, 0xC3, 0x6D,
    0xA8, 0x45, 0x72, 0x0E, 0xDC, 0x83, 0xC8, 0x93, 0x66, 0xC6, 0x9C, 0x42, 0xDB, 0xC7, 0x47, 0x29,
    0xD1, 0xEE, 0xE3, 0x74, 0x76, 0x7E, 0x15, 0x12, 0xAF, 0xE3, 0xCA, 0xD3, 0xDC, 0xD1, 0x04, 0x40,
    0x29, 0x5E, 0x20, 0xC6, 0x53, 0x8A, 0x70, 0xED, 0xB3, 0xB8, 0x8C, 0x8F, 0x99, 0x93, 0x90, 0xFD,
    0x45, 0xA8, 0x36, 0x38, 0x8A, 0xC2, 0x00, 0x3C, 0x6A, 0x55, 0x9D, 0x56, 0x8C, 0x55, 0x30, 0xAD,
    0x51, 0x3A, 0xEF, 0x80, 0x2F, 0x13, 0x9F, 0x27, 0xCA, 0x7F, 0x41, 0x55, 0x47, 0xB4, 0xEB, 0x99,
    0x87, 0x63, 0x5C, 0x01, 0x13, 0x0B, 0x4C, 0x89, 0x99, 0x8D, 0x16, 0x2C, 0xEC, 0x11, 0x7B, 0x59,
    0x43, 0x14, 0x91, 0x9B, 0xB4, 0x79, 0x06, 0x86, 0xB0, 0xC2, 0xE4, 0x04, 0x7B, 0x1D, 0xAD, 0x44,
    0x84, 0x39, 0x57, 0x8A, 0x5E, 0xB0, 0x87, 0x15, 0x9C, 0xB0, 0xB3, 0x99, 0x4F, 0x07, 0xC8, 0x6A,
    0x31, 0xFE, 0xE7, 0x9C, 0xF1, 0x5F, 0x92, 0xE8, 0x1C, 0x29, 0xCA, 0x2A, 0x74, 0xAF, 0xC2, 0x35,
    0x07, 0xCC, 0x5D, 0xCD, 0x8E, 0x76, 0x49, 0x78, 0x9C, 0x1F, 0x2D, 0x6F, 0x56, 0x78, 0x33, 0xB3,
    0x8E, 0x21, 0x71, 0xA0, 0x55, 0xD4, 0x50, 0xEB, 0xB4, 0x7C, 0x62, 0x45, 0x25, 0xDF, 0xE4, 0xB3,
    0xD4, 0x70, 0xA4, 0x9F, 0x34, 0xD0, 0xFF, 0x9E, 0x24, 0x03, 0x5A, 0x2A, 0xAC, 0x5C, 0x61, 0x3C,
    0xAE, 0xFE, 0x3F, 0x0D, 0xDD, 0x44, 0x39, 0x51, 0x97, 0xFD, 0xBD, 0x2B, 0x22, 0x7F, 0x2C, 0xC7,
    0x4F, 0x43, 0xD2, 0xA3, 0x6F, 0x68, 0x9F, 0xB3, 0x1C, 0x37, 0x39, 0xCB, 0x47, 0xDF, 0x4A, 0xAD,
    0xFA, 0x4F, 0xD6, 0xCB, 0x75, 0x4E, 0xAC, 0xF2, 0xDC, 0x2C, 0xE1, 0x1A, 0x4B, 0x2A, 0x3A, 0x52,
    0xD6, 0x93, 0x92, 0x91, 0x64, 0x02, 0xC5, 0x13, 0x29, 0x9A, 0x49, 0xA2, 0x7B, 0x6A, 0x54, 0xFB,
    0x53, 0xC2, 0xE7, 0x4B, 0x29, 0x0A, 0x14, 0xCF, 0xDB, 0x3A, 0x93, 0x40, 0x99, 0xDF, 0xB6, 0xDE,
    0x38, 0x58, 0x86, 0xF1, 0x1D, 0x7D, 0xCB, 0x0B, 0xAA, 0x9E, 0x2B, 0x6E, 0x15, 0x10, 0xA5, 0xF1,
    0x49, 0x85, 0x0A, 0xE7, 0x0C, 0x21, 0xBC, 0x6D, 0xA0, 0xC1, 0xB8, 0x7C, 0xF8, 0xE2, 0xCC, 0xBF,
    0x9E, 0x04, 0xAB, 0xC0, 0x5A, 0x49, 0x31, 0x3A, 0x3D, 0x5A, 0x0F, 0xA3, 0xB9, 0xF6, 0x81, 0x06,
    0xD2, 0x67, 0x13, 0xE9, 0x53, 0x25, 0xF9, 0xC6, 0x92, 0xCA, 0x96, 0x94, 0xF7, 0xA4, 0x6C, 0x20,
    0x99, 0x91, 0x14, 0x29, 0x49, 0xD4, 0x92, 0x4A, 0x47, 0xCA, 0x7B, 0x52, 0xE6, 0x49, 0x66, 0x24,
    0xC5, 0x4A, 0x12, 0x3D, 0x21, 0x95, 0x23, 0xA9, 0x08, 0x84, 0x2D, 0x81, 0x81, 0x9E, 0x38, 0xD2,
    0xEB, 0x18, 0x90, 0x1A, 0x58, 0x36, 0x2E, 0x62, 0xDF, 0x15, 0xA1, 0xA3, 0x70, 0xCC, 0xC4, 0x72,
    0xB3, 0xCA, 0xE3, 0x7C, 0x69, 0x7B, 0xC4, 0x74, 0x52, 0x41, 0x8F, 0xA9, 0x8D, 0x67, 0xDE, 0x5A,
    0xDB, 0xD4, 0x63, 0x02, 0x93, 0x75, 0x78, 0xAA, 0x18, 0x31, 0x13, 0x5F, 0x3A, 0x54, 0x5B, 0x5B,
    0x60, 0x63, 0xF1, 0x60, 0x9B, 0x0A, 0xA8, 0xC0, 0x19, 0x18, 0x3D, 0x80, 0xF1, 0x1C, 0xAE, 0x09,
    0xD7, 0x87, 0x7B, 0x43, 0x3D, 0x85, 0x43, 0x9D, 0x39, 0xEB, 0x4F, 0x7B, 0xB4, 0x85, 0x76, 0x4B,
    0x2B, 0x5A, 0xA1, 0xAB, 0x94, 0x73, 0x33, 0xC8, 0x3A, 0x16, 0xCB, 0x63, 0x18, 0x8C, 0xF7, 0x21,
    0xBC, 0xAE, 0x0E, 0xC2, 0xE2, 0x01, 0x68, 0xBA, 0xD3, 0x51, 0xF6, 0xD2, 0x39, 0xD4, 0xF5, 0xC4,
    0x0D, 0x60, 0xE1, 0x81, 0xE5, 0x08, 0x9C, 0xDE, 0x81, 0xFD, 0x3E, 0xAF, 0x04, 0xA9, 0x25, 0xC7,
    0xC9, 0x43, 0x75, 0xDE, 0x74, 0x45, 0xBF, 0xE5, 0xB4, 0x41, 0x91, 0xE1, 0xC9, 0xF5, 0xE3, 0x1E,
    0xF3, 0x6A, 0x44, 0x8F, 0x1F, 0x44, 0x6A, 0xC3, 0xA3, 0x3A, 0x6F, 0x8A, 0x4C, 0x9B, 0x5A, 0xCC,
    0xE3, 0x73, 0x07, 0xA4, 0x49, 0x3D, 0x5F, 0xAA, 0x2A, 0x3A, 0xB7, 0xEF, 0x94, 0xC8, 0x77, 0x45,
    0x9E, 0x64, 0x76, 0x17, 0x01, 0x02, 0xAB, 0x12, 0x83, 0x38, 0x02, 0x5D, 0x65, 0x2D, 0x8C, 0x33,
    0xA8, 0x74, 0x2D, 0xF1, 0x1C, 0xBF, 0xE5, 0x75, 0xBC, 0x83, 0xF7, 0xBE, 0x24, 0xF2, 0x94, 0x1C,
    0x8E, 0xA8, 0x02, 0x26, 0x0E, 0x8E, 0x78, 0x9D, 0x8E, 0x98, 0x37, 0x8E, 0x68, 0xE8, 0x08, 0x85,
    0x23, 0xE2, 0x8F, 0xE0, 0x88, 0xE4, 0x43, 0x38, 0x22, 0x7B, 0x0D, 0x8E, 0xC8, 0xE9, 0x88, 0x1D,
    0x1D, 0xF1, 0x36, 0x1D, 0xD1, 0xC3, 0x11, 0x71, 0x07, 0xF1, 0xC6, 0x01, 0x53, 0x0B, 0xCC, 0xE8,
    0x88, 0x1D, 0x1D, 0x71, 0x4C, 0x47, 0x78, 0x38, 0xE2, 0x4E, 0x0F, 0x47, 0xFC, 0xC5, 0xC1, 0x11,
    0xFF, 0xB2, 0x70, 0x84, 0xD2, 0x11, 0xF3, 0xC6, 0x11, 0x0A, 0x47, 0x44, 0xFF, 0x86, 0x23, 0x4C,
    0x0B, 0x47, 0xC4, 0x95, 0xF0, 0x78, 0x33, 0x70, 0xE9, 0x48, 0x8B, 0x7D, 0xDB, 0xB4, 0xD8, 0x10,
    0x68, 0x47, 0xDC, 0x46, 0x9A, 0x5A, 0x27, 0x29, 0xD5, 0xAF, 0xC4, 0xBC, 0x65, 0x18, 0xF3, 0xE4,
    0xE4, 0x6C, 0xE8, 0xB6, 0x48, 0x13, 0x0C, 0xAE, 0x2D, 0x57, 0x9B, 0x65, 0x4B, 0x15, 0xF9, 0x7D,
    0x61, 0x17, 0x51, 0x0D, 0xDB, 0x19, 0xEA, 0x43, 0xB2, 0x15, 0x78, 0x48, 0x18, 0x25, 0x7E, 0x2B,
    0xBE, 0xB0, 0x9B, 0x95, 0x8C, 0xF8, 0x40, 0xD5, 0x85, 0xD3, 0x7E, 0x93, 0xB8, 0x46, 0x26, 0xA3,
    0x2D, 0x28, 0xFD, 0x47, 0x0F, 0xCA, 0xAB, 0x01, 0xB4, 0x0B, 0x0F, 0x1E, 0xD3, 0xB8, 0x8B, 0xA5,
    0xFD, 0xB2, 0x1C, 0x83, 0xCA, 0x6A, 0x26, 0xD9, 0x40, 0x32, 0x81, 0x36, 0xBB, 0xE0, 0x17, 0x4B,
    0x34, 0x67, 0x49, 0x87, 0x45, 0x3B, 0x2F, 0xA4, 0x6A, 0x1E, 0x27, 0xC4, 0xE8, 0xC1, 0x8C, 0x70,
    0xA9, 0x63, 0xA4, 0x5A, 0xAD, 0x64, 0x34, 0x64, 0x10, 0x16, 0x4A, 0x3A, 0x66, 0x19, 0x12, 0x04,
    0xCD, 0x90, 0x9A, 0xC9, 0x3B, 0xC9, 0x59, 0x3F, 0xBB, 0x4D, 0xC2, 0x29, 0x20, 0x66, 0x69, 0x34,
    0x42, 0xE3, 0x0E, 0xD4, 0xBC, 0xE6, 0x58, 0xEB, 0xAF, 0x2D, 0x28, 0xFF, 0x28, 0x58, 0x34, 0x91,
    0x92, 0x91, 0x64, 0x86, 0xFF, 0x95, 0x46, 0x52, 0x4A, 0x8A, 0x1B, 0x85, 0x4C, 0xA3, 0x0A, 0xEF,
    0xE8, 0x2C, 0x7B, 0x8C, 0xB5, 0x7A, 0x60, 0xB1, 0x76, 0xAD, 0x02, 0xAA, 0x56, 0x28, 0x37, 0xFD,
    0x82, 0xAC, 0x45, 0xC3, 0x04, 0xFE, 0x6B, 0x7D, 0x18, 0x5B, 0xD7, 0x39, 0x3A, 0x43, 0xFC, 0xCD,
    0xB0, 0x60, 0xBC, 0xBF, 0x6D, 0x8B, 0x78, 0xB0, 0xE1, 0x88, 0x0B, 0x8B, 0x46, 0xE7, 0xF0, 0x54,
    0x7E, 0xC7, 0xB7, 0x90, 0xBF, 0xFF, 0xF0, 0x49, 0xC8, 0x1E, 0x4D, 0xCC, 0xD4, 0xD7, 0xFB, 0x4D,
    0xC8, 0x06, 0xFF, 0x12, 0x6D, 0xC0, 0x42, 0x25, 0x57, 0xFB, 0xAC, 0x4A, 0x73, 0x73, 0x39, 0x1F,
    0x41, 0x78, 0x63, 0x3C, 0xB1, 0xDF, 0x94, 0x79, 0x3E, 0x42, 0x9B, 0x8D, 0xA8, 0x07, 0x16, 0x0A,
    0x4C, 0xD4, 0xA1, 0x9E, 0xBA, 0x07, 0xA6, 0x1E, 0x68, 0x06, 0x69, 0x8C, 0x8D, 0x17, 0x4C, 0x88,
    0xA9, 0x33, 0x5E, 0x34, 0xE9, 0x92, 0xFE, 0x45, 0x35, 0xD3, 0x51, 0x5B, 0xAA, 0x34, 0x1A, 0x36,
    0xE5, 0x19, 0x39, 0xD8, 0xF3, 0x68, 0xEB, 0x9A, 0x26, 0x89, 0xF8, 0x94, 0x8F, 0xB7, 0xC3, 0x44,
    0xE8, 0x78, 0x8D, 0x76, 0x62, 0xE6, 0x1F, 0x8F, 0x08, 0xB2, 0x93, 0xA4, 0x68, 0xD3, 0x74, 0xDC,
    0xB5, 0x81, 0x3A, 0x39, 0xC0, 0x63, 0x37, 0x15, 0x6E, 0x50, 0x49, 0xEF, 0x4B, 0x2D, 0x79, 0xB7,
    0x40, 0xE9, 0x00, 0xD0, 0xBC, 0x07, 0x5D, 0xCE, 0xC5, 0xBA, 0x7C, 0x9B, 0x97, 0x55, 0xA6, 0x63,
    0x79, 0x37, 0xD6, 0xBE, 0x18, 0xE4, 0x3B, 0x87, 0x60, 0x0E, 0x39, 0xCC, 0x42, 0xD2, 0x65, 0xEB,
    0x4E, 0x47, 0x0F, 0xA8, 0xCE, 0xC6, 0xAA, 0x08, 0x46, 0x19, 0xDD, 0x6F, 0x47, 0x70, 0x33, 0xE2,
    0x8A, 0xE9, 0xD7, 0x8D, 0x88, 0x4A, 0xCE, 0xC6, 0xAA, 0x67, 0xF6, 0x3B, 0x06, 0x31, 0x76, 0x6E,
    0xCD, 0x1D, 0x9D, 0xC4, 0xAC, 0x7B, 0x05, 0xD5, 0x99, 0x18, 0x74, 0x3B, 0xEE, 0x91, 0xC6, 0x1F,
    0x24, 0x02, 0xC8, 0x68, 0xFC, 0x21, 0x9D, 0x7F, 0x46, 0xBD, 0xE9, 0xA7, 0x9C, 0xC9, 0x23, 0xAC,
    0xFD, 0xA8, 0x15, 0xD9, 0x45, 0x98, 0xCC, 0xCB, 0x1E, 0x8A, 0x1F, 0x76, 0xEB, 0xB7, 0xD1, 0xFB,
    0x67, 0x62, 0x1F, 0x5A, 0x8B, 0xDE, 0x08, 0x0D, 0xD6, 0x6A, 0xD1, 0xE6, 0xAC, 0xB7, 0x3C, 0x9A,
    0x55, 0x1F, 0x8F, 0x6C, 0xB9, 0x95, 0x99, 0x8D, 0xBB, 0xB5, 0xFD, 0x90, 0xB2, 0x07, 0x94, 0x76,
    0xCF, 0x30, 0x64, 0x39, 0x2C, 0x6C, 0x01, 0xC3, 0x1C, 0x5C, 0x44, 0x8B, 0x38, 0x2D, 0xE4, 0xFF,
    0x34, 0xC9, 0xAE, 0xEC, 0x02, 0xAB, 0x93, 0x08, 0x06, 0xDE, 0xEB, 0x25, 0x83, 0x8D, 0x1F, 0x4E,
    0xF2, 0x81, 0x64, 0xAA, 0x91, 0xEA, 0x28, 0xB1, 0x0E, 0xDC, 0xB8, 0xA7, 0xB1, 0xB0, 0xF3, 0xB1,
    0x05, 0x1A, 0xB5, 0xC9, 0x7C, 0xE4, 0xB3, 0x0E, 0xD3, 0xF6, 0x78, 0x2C, 0xAB, 0x68, 0xA8, 0x25,
    0xBA, 0xDE, 0xAC, 0xE1, 0x71, 0xDE, 0xFC, 0xE9, 0xFA, 0xD7, 0xD0, 0x50, 0xB6, 0x77, 0xA9, 0x68,
    0xE5, 0xA5, 0xEC, 0x7E, 0x34, 0x72, 0xE7, 0x9C, 0xA2, 0x5B, 0x11, 0x73, 0x97, 0x89, 0x12, 0xBE,
    0xEE, 0x9C, 0xB9, 0x15, 0x0B, 0x23, 0x72, 0x62, 0xF2, 0xEB, 0x25, 0xE6, 0xE3, 0x51, 0x4A, 0xA1,
    0x2E, 0x77, 0x58, 0x3D, 0xFB, 0x6D, 0x42, 0x97, 0x6B, 0x03, 0x6E, 0x55, 0x9B, 0xF9, 0x56, 0x2F,
    0x8B, 0x89, 0x8B, 0xFD, 0x2E, 0x1A, 0x71, 0xD7, 0x8C, 0xFA, 0x54, 0x1A, 0x86, 0x51, 0xC2, 0x72,
    0x10, 0x58, 0xF1, 0x06, 0x1A, 0x40, 0xF0, 0x97, 0x93, 0x4B, 0x70, 0xE2, 0xF3, 0xCB, 0x03, 0x8E,
    0xE0, 0x0E, 0xF5, 0x42, 0x9B, 0xF9, 0xD4, 0xD6, 0x05, 0x70, 0x71, 0x08, 0x53, 0xD3, 0x3E, 0x82,
    0x1A, 0x87, 0x92, 0x9C, 0x8D, 0x55, 0x34, 0x8A, 0xB9, 0xA1, 0x92, 0xBF, 0x36, 0xAB, 0x61, 0x54,
    0x06, 0x3F, 0x9B, 0x96, 0xEB, 0xF1, 0xB3, 0xB0, 0x2A, 0xEE, 0x52, 0x2B, 0x89, 0xCF, 0x5A, 0x00,
    0xD2, 0xA5, 0x99, 0xDB, 0xAC, 0x3E, 0xCF, 0xC0, 0xA0, 0x17, 0x2C, 0x1E, 0x5C, 0xDA, 0x4B, 0xEC,
    0x39, 0x6F, 0xBA, 0x7C, 0xFA, 0xC0, 0x4A, 0x95, 0xE7, 0x54, 0xD8, 0xCE, 0xD7, 0xFE, 0x68, 0xF5,
    0xA2, 0xDE, 0x2F, 0x75, 0x46, 0x24, 0x31, 0x7C, 0x71, 0x17, 0x81, 0x05, 0x87, 0xD2, 0xA7, 0x1F,
    0x45, 0xB5, 0xCC, 0xCA, 0x9A, 0x90, 0x95, 0x7D, 0x75, 0xCD, 0xCA, 0x7E, 0xF3, 0x6A, 0x4F, 0x73,
    0xB0, 0x51, 0xC8, 0xC1, 0x3E, 0x0A, 0x53, 0x2B, 0x6C, 0x47, 0x0C, 0x58, 0x57, 0xEB, 0x2F, 0x47,
    0xC4, 0xD7, 0x96, 0x89, 0x57, 0x94, 0x30, 0xCB, 0x7C, 0xBD, 0x13, 0x79, 0xCB, 0xF8, 0xC3, 0x5E,
    0xD3, 0x3B, 0x22, 0xC5, 0x5C, 0x4B, 0xCC, 0xB8, 0xE5, 0x1F, 0x57, 0x6C, 0xF6, 0x35, 0xAE, 0xB4,
    0x52, 0xB6, 0x35, 0x5E, 0xAE, 0x06, 0x61, 0x4C, 0xB1, 0xAC, 0x9B, 0x65, 0x0B, 0xAD, 0x02, 0x1A,
    0x6E, 0x1E, 0x00, 0x4A, 0x04, 0xC2, 0x02, 0xD1, 0x37, 0xEB, 0x64, 0x42, 0x1F, 0x3A, 0x3C, 0x6E,
    0x26, 0x75, 0xC2, 0x56, 0xD7, 0x2C, 0x3D, 0xE4, 0xFD, 0xB5, 0x13, 0x79, 0x25, 0x87, 0x3D, 0x6F,
    0x71, 0x36, 0xB7, 0x3D, 0xD8, 0x3D, 0xD4, 0x97, 0x6A, 0xE5, 0x68, 0x50, 0x8C, 0x04, 0x9F, 0xB7,
    0xB9, 0x87, 0x04, 0x33, 0x20, 0x48, 0xC5, 0xA3, 0xC4, 0x13, 0x71, 0x94, 0xE8, 0x9B, 0xA1, 0xC1,
    0x2E, 0xA1, 0xDC, 0xD2, 0x2E, 0xD2, 0x4E, 0xB5, 0x8F, 0x96, 0xCF, 0x26, 0xD2, 0x59, 0x18, 0xEC,
    0x0E, 0xEB, 0xF8, 0x3F, 0x6E, 0x23, 0xDD, 0x7E, 0xD8, 0x68, 0x21, 0x14, 0xFB, 0x02, 0x4B, 0x3D,
    0x14, 0x4F, 0x37, 0xC0, 0x71, 0x0E, 0xAE, 0x09, 0x4E, 0xDA, 0x38, 0x0E, 0xA0, 0x80, 0x83, 0xF7,
    0xE8, 0x65, 0xFA, 0x7B, 0xF5, 0x5E, 0x1F, 0xCD, 0xAC, 0x14, 0xDE, 0xBB, 0x8E, 0x86, 0x0E, 0xAB,
    0x8E, 0xAC, 0xDF, 0x4F, 0x16, 0xCB, 0xFD, 0x6A, 0x23, 0x6C, 0x5B, 0x57, 0x67, 0x63, 0x55, 0x0C,
    0xA3, 0xB8, 0x60, 0xC8, 0x15, 0x46, 0x61, 0xE0, 0x18, 0x53, 0x27, 0x71, 0x17, 0xF5, 0x74, 0xD6,
    0x99, 0x58, 0x75, 0x0D, 0x96, 0xA9, 0x7B, 0x5E, 0x12, 0x1D, 0x8E, 0x25, 0xC5, 0x18, 0xFA, 0x94,
    0xD4, 0x9C, 0x5D, 0x9F, 0x8D, 0x9B, 0xBC, 0x69, 0x25, 0x1E, 0xD3, 0x5E, 0x0C, 0x20, 0x1E, 0x92,
    0xCD, 0x4C, 0xFA, 0x4C, 0x0C, 0xE2, 0xBB, 0xC8, 0x4E, 0x9D, 0x78, 0x96, 0xBE, 0xFC, 0x67, 0xBD,
    0x9B, 0xDF, 0x62, 0xA3, 0xF4, 0xC0, 0xF7, 0xD5, 0xB6, 0x96, 0x00, 0xF1, 0x0D, 0x11, 0x90, 0x5D,
    0x1A, 0x4A, 0x2B, 0x69, 0xF4, 0x1E, 0x1A, 0x9F, 0x0E, 0x8A, 0x74, 0x51, 0x64, 0x74, 0x51, 0x94,
    0xDC, 0x5B, 0x14, 0x65, 0x50, 0x74, 0x19, 0x8A, 0x8E, 0x21, 0xC6, 0x2F, 0x10, 0x77, 0x8B, 0x18,
    0xE3, 0x16, 0x48, 0xAB, 0x45, 0x51, 0x0E, 0x45, 0xAF, 0x40, 0xD1, 0x00, 0x45, 0xFD, 0x5E, 0x51,
    0x42, 0x37, 0x35, 0x8B, 0xA2, 0xCB, 0x50, 0xF4, 0x7D, 0x39, 0x4D, 0x87, 0xA7, 0x1E, 0x18, 0x8F,
    0x40, 0xF9, 0x80, 0x58, 0x10, 0x13, 0x47, 0xFA, 0x82, 0x8E, 0x72, 0x46, 0xB4, 0x7D, 0x71, 0x46,
    0xC0, 0x5D, 0x77, 0x9A, 0x1E, 0x15, 0x36, 0xDC, 0x82, 0xAA, 0xB9, 0xDC, 0x2F, 0xDB, 0x1C, 0x51,
    0x52, 0xA7, 0xFA, 0x13, 0x49, 0xB4, 0x2F, 0x47, 0xCC, 0xE9, 0xB6, 0x7B, 0x13, 0xF6, 0x21, 0x7B,
    0x13, 0xDF, 0x26, 0x9B, 0xB7, 0xFB, 0x0E, 0xF5, 0x08, 0x9C, 0xE0, 0xE8, 0xB8, 0x2F, 0x1E, 0xD8,
    0x77, 0xF8, 0xB6, 0xD8, 0x6C, 0xBA, 0x6D, 0x06, 0x3E, 0x7F, 0x30, 0x03, 0xFF, 0x2D, 0xEB, 0x15,
    0xE1, 0x75, 0xD3, 0xD3, 0xAE, 0x9C, 0xF4, 0xA7, 0x3B, 0x71, 0x97, 0xE5, 0xCB, 0x0E, 0x55, 0x57,
    0xA8, 0x3B, 0x52, 0xFB, 0x9C, 0x5A, 0x04, 0xE5, 0x51, 0xCC, 0x82, 0x03, 0xEF, 0xC7, 0xB2, 0x50,
    0xE2, 0x05, 0x55, 0x4C, 0x8B, 0xD6, 0x99, 0x70, 0xB2, 0xF0, 0x49, 0xE1, 0xB2, 0x0A, 0xD1, 0x23,
    0x17, 0x78, 0x06, 0x55, 0x27, 0x7E, 0xC7, 0xB4, 0xD0, 0xF1, 0x82, 0xD1, 0x78, 0x9B, 0xCF, 0x97,
    0xAD, 0x37, 0xC4, 0xB2, 0x3D, 0x4D, 0x7C, 0xE5, 0x01, 0x2B, 0x9E, 0xD9, 0xE4, 0x7B, 0x4F, 0x00,
    0xD1, 0x70, 0x6A, 0xF8, 0x51, 0x2B, 0x10, 0x5A, 0xE1, 0xBA, 0xBB, 0xEC, 0xF6, 0xEF, 0x03, 0xEB,
    0x19, 0x98, 0x10, 0xE5, 0x61, 0xF8, 0x06, 0x30, 0xD3, 0x76, 0xC1, 0x5A, 0x87, 0x05, 0x7D, 0x32,
    0x89, 0xA8, 0x13, 0x5D, 0xB0, 0xC2, 0xA4, 0x53, 0x21, 0x6A, 0xC5, 0x79, 0x41, 0x07, 0x2C, 0xBE,
    0x02, 0x4B, 0xB7, 0xB9, 0xBE, 0x12, 0xB5, 0xD2, 0xAC, 0xB5, 0xAD, 0x35, 0x4F, 0xB5, 0xFA, 0xA5,
    0x9C, 0xAB, 0x63, 0xEB, 0x0F, 0xB3, 0x30, 0x52, 0x60, 0xA1, 0x90, 0x57, 0x2B, 0x1F, 0x5A, 0x6A,
    0x73, 0x81, 0x6F, 0x4B, 0xBB, 0x60, 0x47, 0x0C, 0x3F, 0x91, 0x97, 0x4B, 0xE7, 0xFF, 0x09, 0xFE,
    0x07, 0xDD, 0x9C, 0x01, 0xA4, 0x25, 0x69, 0x7A, 0xF7, 0x7F, 0x6F, 0xD5, 0x9D, 0xAE, 0xDD, 0x29,
    0xDF, 0x56, 0x63, 0x1A, 0x76, 0xEC, 0x14, 0x7C, 0x18, 0x33, 0x33, 0x5D, 0x00, 0x83, 0xDB, 0x5D,
    0xF5, 0x7D, 0x1F, 0x1F, 0x40, 0x1A, 0x7D, 0x77, 0xB1, 0xD8, 0x20, 0x21, 0x99, 0x88, 0x0B, 0x83,
    0xC1, 0xDD, 0xAE, 0x92, 0x10, 0x08, 0xD2, 0x88, 0x0D, 0x20, 0x8D, 0xC1, 0xF4, 0x85, 0x9D, 0x30,
    0x68, 0xF4, 0x74, 0xD5, 0xEC, 0x02, 0x16, 0xA9, 0x88, 0xB5, 0x08, 0xB6, 0x42, 0x0F, 0x9B, 0x5D,
    0x31, 0x6F, 0xA8, 0x95, 0xEA, 0xDD, 0xAA, 0x7A, 0x32, 0xCF, 0x53, 0xA7, 0x72, 0x4E, 0xF7, 0x9D,
    0x99, 0x4C, 0x4F, 0xF7, 0xED, 0xBE, 0xDD, 0xAF, 0x53, 0xBF, 0xFF, 0xEB, 0x9E, 0xB7, 0xDE, 0x7A,
    0xEB, 0xFF, 0x3C, 0xFD, 0x9E, 0x73, 0xDE, 0xF3, 0x9E, 0x86, 0x83, 0x83, 0x2B, 0x80, 0x13, 0x19,
    0x56, 0x39, 0x59, 0x06, 0x63, 0x30, 0x99, 0x84, 0xB3, 0x49, 0x24, 0x26, 0x71, 0x5D, 0xA8, 0x24,
    0x79, 0xA5, 0x92, 0x66, 0x8D, 0xCA, 0xA5, 0xB4, 0x55, 0xD9, 0x4F, 0xBC, 0xCA, 0xED, 0xD8, 0xA4,
    0x0F, 0xED, 0x0A, 0x3E, 0x1C, 0x81, 0xA0, 0xB3, 0xDE, 0xC2, 0x96, 0x19, 0x88, 0x1A, 0x04, 0x48,
    0x2A, 0xCA, 0x02, 0x12, 0x11, 0x69, 0x20, 0x5B, 0xE4, 0x12, 0x68, 0x6F, 0x47, 0xA0, 0xBD, 0xDD,
    0x02, 0xED, 0xAD, 0x87, 0x68, 0xC0, 0x79, 0x08, 0x47, 0x42, 0x95, 0x89, 0x48, 0x45, 0xF8, 0xF1,
    0x5C, 0xF1, 0x63, 0xB9, 0xAB, 0xE7, 0x8A, 0xF4, 0x76, 0x7B, 0x7A, 0x57, 0x27, 0x6E, 0xCD, 0x1D,
    0x00, 0xB5, 0x74, 0x84, 0xF3, 0xF7, 0x47, 0xA2, 0x9E, 0x49, 0x7B, 0xAE, 0x09, 0x3B, 0x6A, 0xB8,
    0x42, 0x09, 0xB0, 0xE2, 0x85, 0x63, 0xD1, 0x0E, 0x84, 0xF8, 0x1E, 0x25, 0x69, 0x47, 0x49, 0xDE,
    0x28, 0x2A, 0x6A, 0x56, 0x08, 0x79, 0x13, 0x08, 0x69, 0x97, 0xE6, 0x45, 0x22, 0x63, 0x7E, 0x37,
    0x10, 0x9F, 0x0D, 0x5C, 0x00, 0xA0, 0xE3, 0x1D, 0x15, 0x8F, 0x57, 0xB9, 0xF3, 0x7D, 0x93, 0x5C,
    0x5A, 0x95, 0x58, 0x0A, 0x15, 0xCE, 0x3F, 0x2F, 0xA6, 0x7B, 0xBD, 0xD9, 0x9E, 0x1E, 0xAE, 0x7D,
    0xCF, 0xDB, 0x6D, 0xAE, 0x37, 0x79, 0xFE, 0x29, 0xD9, 0xFF, 0x2C, 0xBB, 0x09, 0xF0, 0xAE, 0x31,
    0xEC, 0x4C, 0x92, 0xC6, 0x24, 0xAD, 0x4C, 0xB2, 0x8D, 0x6C, 0xFE, 0xF8, 0x49, 0xA1, 0x12, 0x4B,
    0xAB, 0xE2, 0xA4, 0x7A, 0x92, 0x4E, 0x7F, 0x08, 0x44, 0xED, 0x62, 0x03, 0x64, 0x00, 0xB9, 0xA1,
    0x00, 0xB2, 0x4F, 0x2A, 0x48, 0xA4, 0x81, 0x40, 0x2A, 0xE0, 0x35, 0x45, 0xA9, 0x98, 0x01, 0x37,
    0xAC, 0xF7, 0x17, 0x17, 0xC0, 0x1E, 0x9B, 0xE2, 0x6A, 0xA9, 0x48, 0xD5, 0x86, 0xBA, 0x8A, 0xA6,
    0x60, 0xC2, 0xCD, 0x51, 0x0F, 0xB3, 0x3A, 0xF9, 0x51, 0xD6, 0xC2, 0x1F, 0xE6, 0x0D, 0x60, 0xB0,
    0xCE, 0x2C, 0x98, 0xF2, 0x45, 0xA8, 0x0D, 0x76, 0xE5, 0xF5, 0x34, 0xB4, 0x17, 0x52, 0x0F, 0xC4,
    0x03, 0xFC, 0xAF, 0x70, 0x86, 0xCB, 0x48, 0x7B, 0x6E, 0x24, 0xD7, 0xEB, 0x9E, 0x13, 0xA9, 0xE0,
    0x85, 0x2B, 0xC0, 0xB7, 0x6F, 0x2C, 0xA7, 0x94, 0xC0, 0x04, 0x81, 0xB7, 0xB8, 0xE3, 0x58, 0xCA,
    0x0B, 0x57, 0xA1, 0x96, 0x2A, 0x9A, 0x0F, 0xFB, 0xA4, 0x0B, 0xC7, 0xAC, 0x09, 0xC6, 0xBC, 0x70,
    0x43, 0x89, 0xBB, 0x5E, 0x03, 0x02, 0xCC, 0x3B, 0x87, 0x6C, 0x8E, 0x1A, 0x2C, 0x69, 0xF2, 0x8A,
    0xBD, 0xAC, 0xE5, 0x8D, 0xE4, 0x9E, 0x1B, 0x43, 0x11, 0x4F, 0xA9, 0xD1, 0xD3, 0xEB, 0xBE, 0x78,
    0x03, 0xC8, 0x7A, 0x20, 0x1F, 0x81, 0xE9, 0x1A, 0x04, 0x7D, 0x5A, 0x10, 0x35, 0x51, 0x83, 0x83,
    0xE2, 0xEC, 0x79, 0x75, 0xEE, 0x3D, 0x48, 0x46, 0xC8, 0x66, 0xC8, 0xF3, 0x82, 0x31, 0x6E, 0x82,
    0xCE, 0x79, 0x07, 0xE7, 0x4F, 0xD7, 0x2B, 0x57, 0x00, 0x89, 0xBF, 0x0F, 0x71, 0xC7, 0x5A, 0xCE,
    0x64, 0x5E, 0x5D, 0x81, 0xB0, 0x5F, 0x9A, 0x45, 0x03, 0x84, 0x9E, 0xB5, 0x9C, 0xAA, 0x57, 0x2F,
    0x12, 0x54, 0x44, 0x4D, 0x52, 0x10, 0xF4, 0xD7, 0x80, 0x79, 0x04, 0xCA, 0x1E, 0xC8, 0x3A, 0xBD,
    0x6C, 0x71, 0xF6, 0xBC, 0x0A, 0x2A, 0x6E, 0x38, 0x1F, 0xB6, 0x7C, 0x94, 0x56, 0xE4, 0x35, 0xA4,
    0x93, 0x9D, 0xA2, 0xF7, 0x73, 0xFA, 0x5E, 0x41, 0xDC, 0xA4, 0x05, 0x2C, 0x7E, 0xAD, 0x8E, 0x41,
    0xE9, 0x61, 0x75, 0x6D, 0xC7, 0x37, 0xA0, 0x14, 0xF9, 0xB7, 0x45, 0xA4, 0x83, 0x40, 0x78, 0x79,
    0x73, 0x55, 0xA9, 0x4C, 0xB2, 0xCE, 0x24, 0xF1, 0x26, 0xD1, 0x68, 0x12, 0x2E, 0x12, 0x4C, 0x26,
    0x6E, 0x36, 0x41, 0x1E, 0x52, 0xDC, 0x22, 0xC1, 0xBC, 0xDB, 0x67, 0xB4, 0x48, 0xD2, 0xEF, 0x5E,
    0xBD, 0x6E, 0x08, 0x84, 0x48, 0xE0, 0x50, 0xD4, 0x6D, 0x6A, 0x91, 0xB9, 0x00, 0x38, 0x77, 0x5C,
    0xFC, 0x89, 0x4D, 0xDA, 0x23, 0xDA, 0x6C, 0x00, 0xB2, 0x8F, 0xBD, 0xF2, 0x27, 0x9D, 0xF2, 0xA7,
    0x8D, 0xFD, 0x05, 0x65, 0xA3, 0x01, 0xFA, 0x8C, 0x4E, 0xA6, 0xCF, 0x18, 0x89, 0xFC, 0xA0, 0x21,
    0xED, 0xA3, 0x4F, 0x1B, 0x8D, 0xB0, 0x7C, 0xC6, 0x4A, 0xE3, 0x5D, 0x5A, 0xC0, 0x6B, 0xA3, 0x40,
    0xB6, 0x72, 0x3E, 0x41, 0x51, 0x5A, 0xCB, 0xF5, 0x2C, 0xED, 0x61, 0xED, 0x2D, 0xE9, 0xA3, 0x5F,
    0xB6, 0x7A, 0x95, 0x64, 0xC6, 0xC9, 0x98, 0x48, 0xA1, 0xBE, 0x9F, 0x8E, 0xE1, 0xB5, 0x88, 0x5F,
    0xE5, 0xF4, 0x0D, 0xC7, 0x0C, 0x07, 0xA8, 0x8D, 0xD9, 0x4A, 0x42, 0x11, 0x29, 0x08, 0x8C, 0xDB,
    0xBF, 0xEB, 0xCB, 0x52, 0xA6, 0x1D, 0xCE, 0x69, 0x43, 0x22, 0xF5, 0xDF, 0x37, 0xA4, 0x5D, 0x20,
    0x8D, 0xF9, 0xDC, 0x50, 0x16, 0x94, 0x3B, 0x86, 0xE7, 0x5F, 0xCD, 0xF0, 0xFA, 0x84, 0xE1, 0xE9,
    0x17, 0x18, 0xCE, 0x0B, 0x07, 0x07, 0x40, 0x66, 0x83, 0x4A, 0x8D, 0xDB, 0x62, 0x71, 0x98, 0x36,
    0x0C, 0x04, 0xB7, 0x38, 0x7C, 0x69, 0x87, 0x6F, 0x1A, 0xBF, 0x63, 0xE4, 0x4B, 0x28, 0xD2, 0x18,
    0x97, 0x30, 0xF2, 0x15, 0x18, 0x14, 0xCA, 0xA8, 0x52, 0xC6, 0xC6, 0xA4, 0x72, 0x02, 0x59, 0xA5,
    0xAE, 0x4B, 0x55, 0x1B, 0xDD, 0xC1, 0x41, 0xA1, 0xCE, 0x76, 0x0B, 0x76, 0x8A, 0x4D, 0xCD, 0xB5,
    0x14, 0x84, 0xF3, 0x8F, 0x3D, 0x49, 0x17, 0x0E, 0x64, 0x8D, 0x1B, 0xC9, 0x0B, 0x66, 0x4A, 0x10,
    0x6A, 0xA8, 0x11, 0x83, 0x88, 0x6C, 0x00, 0xEC, 0xA0, 0x06, 0x34, 0x06, 0xE6, 0xE7, 0x1E, 0x69,
    0xC7, 0x77, 0x88, 0xEF, 0xB9, 0x91, 0xC0, 0x02, 0x5F, 0x4A, 0x05, 0xEE, 0x2A, 0xEA, 0x40, 0x02,
    0xA4, 0xA4, 0x40, 0xF2, 0xF3, 0x8F, 0x80, 0x48, 0x46, 0xC0, 0x2D, 0x83, 0xDA, 0x7B, 0x86, 0x2C,
    0x0D, 0x1A, 0x3A, 0x82, 0x2E, 0x68, 0x71, 0xF7, 0x7E, 0xD0, 0xD8, 0x7C, 0x0C, 0xD9, 0x04, 0x50,
    0x3C, 0x1D, 0x73, 0x79, 0x01, 0xAC, 0xD5, 0x83, 0x4C, 0x2B, 0xB6, 0xE5, 0x19, 0xB2, 0x18, 0x57,
    0x00, 0xB1, 0x07, 0x92, 0x7E, 0x45, 0xE4, 0xB1, 0xF2, 0x94, 0x92, 0xF8, 0x99, 0xF0, 0x0D, 0x82,
    0x16, 0x20, 0x55, 0x70, 0xC9, 0x38, 0xEE, 0x70, 0x32, 0xCA, 0x8F, 0x94, 0xB9, 0x28, 0xE3, 0xF9,
    0x49, 0xBA, 0xF8, 0x11, 0x40, 0x0F, 0x84, 0x1E, 0x88, 0xBA, 0x35, 0xAC, 0x61, 0xAF, 0x90, 0x01,
    0x50, 0xD8, 0xDC, 0xFB, 0x2A, 0x2F, 0x02, 0x69, 0x71, 0x19, 0x88, 0xFF, 0x69, 0x04, 0xC2, 0xDF,
    0x7B, 0x00, 0x69, 0xB7, 0x2F, 0x1F, 0x17, 0x9E, 0xA5, 0x89, 0xA3, 0xE2, 0x06, 0x81, 0x8F, 0x5A,
    0x18, 0xB3, 0x02, 0xF2, 0x1A, 0x48, 0xC7, 0x35, 0xBF, 0xDD, 0x95, 0xA7, 0x34, 0x7B, 0x04, 0xEF,
    0x2B, 0x89, 0x47, 0x93, 0x54, 0x4C, 0xF2, 0xAC, 0x52, 0x19, 0xE3, 0x16, 0xD0, 0xCF, 0x36, 0x00,
    0x05, 0xE7, 0x61, 0xC7, 0xF1, 0xBB, 0x40, 0x2C, 0x22, 0x40, 0xD9, 0x3A, 0x69, 0x70, 0x33, 0xE4,
    0x2D, 0xE1, 0x00, 0x69, 0x4B, 0xE2, 0x21, 0x69, 0xB4, 0xC6, 0x37, 0xD7, 0x29, 0x69, 0x95, 0xB2,
    0x32, 0xA9, 0x8B, 0x5D, 0x91, 0x07, 0x44, 0x5F, 0x7D, 0x55, 0x62, 0x11, 0x6D, 0xE2, 0xEA, 0xDE,
    0xCE, 0xCB, 0x3A, 0xCA, 0xC6, 0xAE, 0x90, 0x2F, 0x92, 0xB5, 0xEB, 0xF5, 0x54, 0xE2, 0xC1, 0x24,
    0x98, 0x4D, 0xA8, 0x37, 0xCF, 0x2F, 0x71, 0x75, 0x22, 0xF7, 0x60, 0xBD, 0x75, 0x8E, 0x81, 0x40,
    0x80, 0x48, 0x1A, 0x48, 0x7E, 0xD6, 0x41, 0x1E, 0xF4, 0x70, 0x8B, 0x23, 0x38, 0xCF, 0x1E, 0xA0,
    0xEA, 0x0E, 0x82, 0x89, 0x4C, 0x3E, 0x9D, 0xA9, 0xBF, 0x37, 0x5F, 0x0B, 0x46, 0xA6, 0x6F, 0x84,
    0x3D, 0x35, 0x91, 0xA7, 0x54, 0xE4, 0xC5, 0x16, 0x61, 0x4F, 0xA9, 0x0E, 0xDC, 0x81, 0x39, 0x18,
    0x21, 0x17, 0x0F, 0x17, 0xEF, 0x14, 0xF0, 0x21, 0x60, 0x46, 0x06, 0x0A, 0x37, 0x1F, 0xBF, 0xB7,
    0xC9, 0xB3, 0x5C, 0xA4, 0x0B, 0xE4, 0x58, 0x7C, 0xD2, 0x12, 0xF5, 0x59, 0x41, 0x30, 0xE4, 0xE0,
    0x14, 0x41, 0x9F, 0x43, 0xE8, 0xF3, 0x82, 0xA8, 0x4B, 0x3A, 0x0E, 0x9B, 0x48, 0x64, 0x86, 0x43,
    0xB9, 0x0E, 0xAE, 0xE5, 0x03, 0xEB, 0xD2, 0x3A, 0x65, 0xFA, 0x7E, 0xB7, 0x84, 0xA5, 0x51, 0x49,
    0x67, 0xAC, 0x14, 0x3C, 0x5F, 0x21, 0xFB, 0x80, 0xB7, 0xE0, 0x5D, 0x6E, 0x41, 0xFE, 0xDD, 0x1E,
    0x32, 0xE9, 0x20, 0x92, 0xCA, 0xC2, 0x74, 0xA6, 0xA3, 0x05, 0x57, 0x14, 0x04, 0xA3, 0x49, 0x78,
    0x9F, 0xB8, 0x81, 0x93, 0xE5, 0xF9, 0x09, 0x1A, 0x2F, 0x29, 0x26, 0xB0, 0xD6, 0x38, 0x05, 0x23,
    0xDB, 0x72, 0xC6, 0x23, 0xF7, 0xFC, 0x04, 0x02, 0xD8, 0x99, 0xF3, 0xC3, 0xDE, 0x24, 0xF2, 0x8B,
    0xB4, 0x26, 0x71, 0x63, 0x92, 0x18, 0xD9, 0x5B, 0x24, 0x28, 0x80, 0x44, 0x91, 0x2A, 0x72, 0x80,
    0x52, 0x31, 0x2B, 0xAE, 0x9E, 0xF5, 0x00, 0x1E, 0x2B, 0x08, 0x16, 0xA3, 0x43, 0x69, 0x54, 0x92,
    0x7F, 0xE9, 0x54, 0x32, 0xD7, 0xAB, 0x1C, 0x71, 0x04, 0xEB, 0x9C, 0xBF, 0xC6, 0x7B, 0xA2, 0x94,
    0x71, 0x91, 0x49, 0x4F, 0xD6, 0x43, 0x00, 0xE1, 0xEB, 0x8B, 0x96, 0xAD, 0x00, 0x8F, 0x2C, 0xCB,
    0xC8, 0x38, 0x94, 0x5F, 0xE9, 0x51, 0xCB, 0x84, 0x1E, 0x7C, 0xDB, 0xEE, 0x3C, 0xF7, 0xCA, 0x72,
    0x50, 0x8E, 0x13, 0xEA, 0x51, 0x06, 0xC4, 0x55, 0xD4, 0x58, 0x70, 0x0B, 0x5E, 0xBB, 0x69, 0x2D,
    0x66, 0x65, 0x64, 0xE4, 0x7F, 0xA0, 0xE5, 0xD2, 0x9C, 0x4A, 0x03, 0x73, 0x29, 0x3D, 0xCC, 0x5D,
    0x3C, 0x82, 0x34, 0x9B, 0x35, 0x86, 0x79, 0xA5, 0x56, 0x1E, 0x89, 0x4E, 0x94, 0x99, 0xDC, 0x45,
    0xEE, 0x96, 0x32, 0x22, 0xE3, 0x57, 0x0F, 0xCA, 0xDB, 0x72, 0x7C, 0x7C, 0x2C, 0xEF, 0xD7, 0xA2,
    0x65, 0xBA, 0x20, 0x07, 0x07, 0x07, 0x72, 0xF5, 0xE9, 0x06, 0xE5, 0xCB, 0xAD, 0x2E, 0x45, 0xFC,
    0xCA, 0xFB, 0x0D, 0x0F, 0x6E, 0x2A, 0x33, 0x69, 0x61, 0xBE, 0x53, 0xF7, 0x20, 0x5D, 0x34, 0x82,
    0x54, 0xEE, 0xF1, 0x19, 0x7E, 0xD2, 0x6A, 0x77, 0x1D, 0xD2, 0xC9, 0xB5, 0xB9, 0xFC, 0x65, 0xF3,
    0x61, 0x26, 0xD5, 0x07, 0x91, 0xAC, 0x2F, 0xB3, 0xB6, 0x16, 0xA2, 0x07, 0x75, 0x0B, 0x79, 0xF3,
    0xF8, 0x8F, 0xBA, 0xE5, 0x65, 0xF9, 0x9D, 0xAD, 0xBC, 0xE8, 0x38, 0xB2, 0xC9, 0xB5, 0xE5, 0x66,
    0x1C, 0xDE, 0xAC, 0x3B, 0xCF, 0x5A, 0x12, 0x69, 0x38, 0x27, 0x9B, 0xF3, 0xB2, 0xAF, 0x79, 0xE4,
    0x2D, 0x2F, 0xCA, 0x5C, 0x24, 0x22, 0xD5, 0x85, 0x83, 0xAB, 0xB5, 0x4C, 0x1A, 0xB2, 0x75, 0x1A,
    0xD8, 0x64, 0x9A, 0xF0, 0x28, 0x8F, 0x40, 0x8A, 0x25, 0x13, 0x0E, 0x0E, 0xAE, 0x8A, 0x8C, 0x22,
    0x23, 0x6B, 0xC9, 0x85, 0x97, 0x97, 0x66, 0xF5, 0x57, 0x7E, 0x48, 0xF1, 0xBA, 0xDC, 0xCB, 0x65,
    0x7E, 0x87, 0x37, 0xF6, 0x39, 0xCA, 0x7F, 0x34, 0xA4, 0xE2, 0x23, 0xA9, 0x38, 0x7F, 0x2A, 0x63,
    0x7E, 0x87, 0xFD, 0x23, 0x8E, 0xF2, 0xEF, 0xF6, 0xEB, 0x55, 0x1E, 0xC3, 0xC8, 0x1F, 0xFB, 0x20,
    0xB9, 0x08, 0x3D, 0x61, 0x47, 0xDC, 0x92, 0xB4, 0x24, 0x1D, 0xF1, 0xBD, 0x2B, 0xA1, 0x78, 0xEA,
    0x8E, 0x97, 0x76, 0x4E, 0xB9, 0x03, 0xF0, 0x58, 0xCC, 0x27, 0x85, 0x81, 0xC0, 0xEB, 0x45, 0xA3,
    0x8E, 0xC8, 0x13, 0x4E, 0x57, 0x03, 0x19, 0x38, 0xBC, 0xAB, 0x57, 0x9C, 0xD7, 0x65, 0xD3, 0x8F,
    0x00, 0x4E, 0x29, 0x9D, 0x1E, 0x3D, 0x0A, 0x99, 0x08, 0x1B, 0xB1, 0x71, 0x35, 0x20, 0x50, 0x56,
    0x67, 0x49, 0x74, 0x64, 0x2A, 0x9F, 0xDD, 0xB3, 0x4A, 0x2D, 0x93, 0x0A, 0x40, 0x59, 0x70, 0x52,
    0x6A, 0x23, 0x62, 0x74, 0x93, 0x49, 0x34, 0x28, 0x03, 0xE9, 0x4C, 0x66, 0xE5, 0x4B, 0xFA, 0x10,
    0x98, 0x11, 0x9C, 0x28, 0x66, 0xEE, 0xC0, 0x04, 0x27, 0x4B, 0x2E, 0xE4, 0xF3, 0xCB, 0xC2, 0xEB,
    0xF3, 0xD2, 0xAE, 0x86, 0xC7, 0x00, 0x29, 0x98, 0x3F, 0x0B, 0x04, 0xB3, 0x66, 0xD3, 0x0C, 0xEC,
    0x60, 0x5A, 0xE1, 0x46, 0x20, 0x1C, 0x80, 0xD8, 0x83, 0x93, 0x06, 0xDC, 0xBD, 0xE5, 0x9B, 0xD3,
    0xAC, 0x87, 0x72, 0x84, 0xE9, 0x0E, 0x81, 0x4F, 0x0B, 0xFD, 0xD2, 0xD4, 0x41, 0x01, 0x10, 0x89,
    0xB4, 0x7A, 0x58, 0x9B, 0xC4, 0x3F, 0x81, 0xA3, 0x5B, 0x8E, 0xB4, 0xDD, 0xCC, 0xA9, 0x15, 0x4E,
    0xA0, 0x1C, 0x58, 0x62, 0x75, 0x8C, 0x93, 0x2A, 0x94, 0x26, 0xFE, 0x85, 0x4F, 0xFF, 0xCF, 0xB0,
    0xCF, 0xA5, 0xF5, 0xDD, 0x16, 0x89, 0x54, 0xE7, 0xA4, 0xD2, 0x56, 0xF9, 0xD7, 0x7E, 0x14, 0xFA,
    0x28, 0x61, 0x26, 0x18, 0x29, 0x3D, 0xD7, 0x0A, 0x4D, 0x6A, 0x44, 0x56, 0xD1, 0x0C, 0x4A, 0x3D,
    0x08, 0x64, 0x95, 0xC9, 0x65, 0x4C, 0x46, 0x93, 0xC0, 0x9B, 0xC4, 0x8D, 0x49, 0x8A, 0xC9, 0x0F,
    0x4D, 0x5C, 0x6F, 0x12, 0x7A, 0x93, 0xA4, 0x37, 0xC9, 0x47, 0x93, 0x5A, 0x4C, 0xFE, 0x43, 0x2A,
    0x95, 0xA6, 0x6E, 0x55, 0xC8, 0xBD, 0x49, 0x32, 0x98, 0x44, 0x93, 0x49, 0x28, 0x26, 0xAC, 0xFF,
    0xC0, 0x3A, 0x93, 0xAC, 0xC7, 0x49, 0x41, 0x32, 0x59, 0x6E, 0x87, 0xD2, 0x6A, 0x6E, 0x73, 0xD8,
    0x01, 0x7C, 0xDE, 0x7B, 0xF6, 0x61, 0x11, 0x6F, 0x12, 0x75, 0x8B, 0x34, 0x26, 0x71, 0x61, 0xE2,
    0x80, 0x87, 0x7F, 0x5B, 0xB7, 0xB2, 0x96, 0x8A, 0x99, 0xC3, 0xB9, 0x60, 0xB6, 0xA8, 0xCE, 0xA4,
    0x95, 0xF2, 0x32, 0xCA, 0x51, 0x19, 0x78, 0x65, 0xDC, 0x28, 0x33, 0xE5, 0x54, 0x7A, 0x40, 0xA4,
    0x57, 0xFE, 0xD4, 0xDA, 0x38, 0x51, 0x52, 0x17, 0xCA, 0xBC, 0x51, 0xA6, 0x5E, 0x99, 0x0C, 0x38,
    0x21, 0x9C, 0xF5, 0xBD, 0x86, 0x93, 0xAE, 0x94, 0x91, 0xCC, 0xB3, 0x5B, 0x2C, 0xB1, 0x21, 0x69,
    0x95, 0x69, 0x63, 0x2C, 0x94, 0x99, 0x82, 0xFD, 0x07, 0xF6, 0x13, 0x95, 0x36, 0xE6, 0xD7, 0x6D,
    0xCC, 0xEE, 0x49, 0x8E, 0xD9, 0x1D, 0x6F, 0x3F, 0xC2, 0x47, 0xFD, 0x3A, 0xE4, 0x2F, 0x1A, 0xA6,
    0xA5, 0xE1, 0x4A, 0xCD, 0x45, 0x40, 0x38, 0x75, 0x86, 0xCD, 0xEE, 0xE2, 0xE4, 0x96, 0x49, 0x15,
    0x08, 0xE4, 0xF7, 0x2D, 0x51, 0x6A, 0x8E, 0x45, 0x03, 0x49, 0x47, 0x56, 0xA9, 0x77, 0x3D, 0x14,
    0xBC, 0x7D, 0x93, 0x7A, 0xB6, 0x14, 0x7A, 0x1C, 0x0F, 0x27, 0xD8, 0xCB, 0xD6, 0xF8, 0x0C, 0xB8,
    0x71, 0x5F, 0xF9, 0x76, 0xB5, 0xF3, 0x7D, 0x65, 0xA1, 0xCC, 0x77, 0x56, 0xD9, 0xDF, 0x5D, 0x83,
    0x7D, 0x5A, 0x76, 0xB1, 0x94, 0x63, 0x98, 0x70, 0x23, 0x41, 0x4F, 0xD0, 0x11, 0x36, 0xB8, 0xC5,
    0xC3, 0x51, 0xA9, 0x7F, 0x97, 0xC2, 0xF5, 0xEB, 0x6C, 0x26, 0xDA, 0x40, 0x59, 0x3D, 0x65, 0x27,
    0xDF, 0xBE, 0x19, 0xDC, 0xA8, 0xE7, 0xA8, 0x8B, 0xE6, 0xB8, 0x65, 0x4E, 0x2A, 0xE6, 0x04, 0xE6,
    0x6F, 0xC1, 0xBC, 0x07, 0x33, 0x8F, 0xED, 0x70, 0x82, 0xDA, 0x85, 0xFA, 0xF5, 0xA8, 0xF9, 0x75,
    0x45, 0x19, 0x8C, 0xCA, 0x70, 0xDA, 0xD2, 0x8D, 0x8F, 0xD1, 0x15, 0xA8, 0x67, 0x88, 0x1E, 0xFE,
    0x4E, 0xAF, 0x30, 0x87, 0x03, 0x73, 0x34, 0x2E, 0x47, 0xD8, 0x9F, 0xBA, 0x2B, 0x37, 0x94, 0x71,
    0xA7, 0x2C, 0x0B, 0xE5, 0x80, 0xB2, 0x61, 0xE9, 0x1F, 0x52, 0xE3, 0x35, 0xE3, 0x07, 0x8F, 0xE2,
    0xCA, 0xFB, 0xC8, 0x48, 0x34, 0xAA, 0xF7, 0xEE, 0x0B, 0x1F, 0x7B, 0x6E, 0x7C, 0xD7, 0xC9, 0xE0,
    0xA4, 0x0D, 0x26, 0xD2, 0x91, 0x72, 0xE4, 0x1F, 0x3E, 0xAF, 0x65, 0x38, 0x2F, 0x9B, 0x0D, 0x87,
    0xED, 0x0B, 0x68, 0x34, 0x98, 0x24, 0xDD, 0xEE, 0x06, 0xC3, 0xCB, 0x46, 0xFA, 0x13, 0x8B, 0xE6,
    0xE5, 0x04, 0x99, 0xF4, 0xA5, 0x98, 0x04, 0xD2, 0xC0, 0x0C, 0xD2, 0xC2, 0x11, 0x88, 0x5F, 0x64,
    0x30, 0xF9, 0xCF, 0xC9, 0xE4, 0xB7, 0x62, 0xD2, 0xD7, 0x95, 0x49, 0xDE, 0x9A, 0xA4, 0xDE, 0x24,
    0x19, 0x4C, 0xC2, 0xD1, 0xC4, 0x89, 0x09, 0x52, 0x99, 0xE4, 0x8D, 0x49, 0xEA, 0x4D, 0x92, 0xDE,
    0x24, 0x1C, 0x4D, 0x02, 0x31, 0x41, 0x6E, 0x9B, 0xE4, 0xA3, 0x49, 0xB6, 0x48, 0x32, 0x12, 0x0C,
    0x10, 0x8D, 0xB6, 0xDE, 0x15, 0x8C, 0xD4, 0xE2, 0x61, 0x04, 0x78, 0x7B, 0x1B, 0x63, 0x37, 0x2A,
    0x43, 0xBF, 0x5D, 0xE4, 0x4B, 0x77, 0x97, 0xF8, 0x58, 0x97, 0x09, 0xA5, 0xCF, 0xA5, 0xE2, 0x70,
    0xB0, 0x6D, 0x03, 0xBF, 0x6B, 0x53, 0xBD, 0x38, 0xE1, 0x40, 0x30, 0x6B, 0xD7, 0xC1, 0x64, 0x1C,
    0x71, 0x8F, 0xC6, 0x70, 0xC2, 0x69, 0x70, 0x3A, 0x27, 0x9D, 0x88, 0x77, 0xE2, 0x9F, 0x69, 0xAB,
    0x4F, 0x94, 0xB7, 0x17, 0x99, 0x8D, 0x6B, 0x83, 0xC1, 0xE8, 0xBC, 0x49, 0xD0, 0x9A, 0x50, 0x3C,
    0x75, 0xE7, 0x1F, 0x78, 0xF7, 0x75, 0x7D, 0xFB, 0xBE, 0x2B, 0xAB, 0x8C, 0x0A, 0x2E, 0x9F, 0x78,
    0x5B, 0xF3, 0xBF, 0xF9, 0xE6, 0xF2, 0xC4, 0x91, 0x4A, 0xF2, 0x93, 0x5E, 0x25, 0xFA, 0x7D, 0xA7,
    0x62, 0xF1, 0x03, 0xA4, 0x30, 0xB9, 0xF0, 0xBC, 0xFC, 0x93, 0xD2, 0xBD, 0x72, 0xEB, 0x56, 0xB9,
    0xD0, 0x5F, 0x03, 0x98, 0xC7, 0xED, 0x3E, 0xB9, 0xBC, 0xDB, 0xD9, 0x25, 0xF7, 0xD4, 0x03, 0xFB,
    0x62, 0x01, 0xEB, 0xA8, 0x4C, 0xFD, 0xFD, 0x1A, 0x6F, 0x34, 0x58, 0xB5, 0x83, 0x0B, 0x05, 0x84,
    0x3F, 0x93, 0xFF, 0x2B, 0x03, 0xA4, 0xFF, 0x5F, 0xFE, 0x46, 0x66, 0x18, 0xC9, 0xFF, 0xDD, 0x49,
    0xC1, 0x75, 0x32, 0xBF, 0xD9, 0xD3, 0xD8, 0x91, 0x99, 0xB6, 0xA4, 0xA6, 0xCD, 0xE3, 0xD7, 0x16,
    0xC8, 0x5B, 0xD2, 0x0E, 0x5D, 0x9B, 0x23, 0x9D, 0x21, 0x11, 0x21, 0x95, 0xAF, 0x96, 0x42, 0xE3,
    0xE7, 0xA6, 0x50, 0xC3, 0xC9, 0x14, 0x8A, 0x47, 0x93, 0x70, 0xBA, 0x2F, 0x85, 0xEA, 0xC6, 0x24,
    0x6F, 0x77, 0x53, 0x28, 0x1E, 0x4D, 0xC2, 0xC9, 0xC4, 0x89, 0x09, 0xF5, 0xB8, 0x9B, 0x42, 0xE9,
    0x22, 0xF1, 0x92, 0x42, 0xE1, 0x92, 0x42, 0x6E, 0x93, 0x42, 0xB7, 0xB1, 0x72, 0xC4, 0x49, 0x59,
    0x9F, 0xBB, 0xB5, 0x48, 0xBF, 0xFB, 0x41, 0xAF, 0x6C, 0x4D, 0xEE, 0x6C, 0x32, 0xCA, 0x12, 0xCA,
    0xF2, 0xC9, 0xD2, 0xC9, 0xB2, 0xC9, 0x92, 0xC9, 0x72, 0xC9, 0xD2, 0xE1, 0xE1, 0xA1, 0xF9, 0x33,
    0x6A, 0xFA, 0x8C, 0x9A, 0x3D, 0x23, 0xF0, 0x00, 0x02, 0x45, 0x38, 0x28, 0x7A, 0x20, 0xE9, 0x76,
    0x16, 0x23, 0x6C, 0xAB, 0x19, 0xB1, 0x48, 0xBB, 0x72, 0xB7, 0x04, 0x32, 0x17, 0x90, 0x89, 0xF4,
    0x20, 0x55, 0x30, 0xAB, 0x2B, 0x94, 0x55, 0xAC, 0x6E, 0xB5, 0xDA, 0x4F, 0xE2, 0xB3, 0x16, 0xA2,
    0x3E, 0x6F, 0xD4, 0xB1, 0xB2, 0x52, 0xD6, 0x15, 0x04, 0x53, 0x5D, 0x28, 0x45, 0x39, 0x2B, 0xDD,
    0x09, 0x06, 0xF3, 0xD2, 0x66, 0x69, 0xBF, 0x9C, 0xBB, 0xF4, 0x93, 0x35, 0xDA, 0x67, 0x6A, 0xFD,
    0xC7, 0x5E, 0xAF, 0xA5, 0xD7, 0xCD, 0x2B, 0xA4, 0x70, 0x33, 0xE4, 0x73, 0x3D, 0x60, 0xFB, 0x6F,
    0xD7, 0x6D, 0x17, 0xFA, 0x8B, 0x9A, 0x40, 0xC4, 0x2F, 0x78, 0xE0, 0x85, 0x91, 0x5A, 0x5A, 0xDD,
    0x94, 0x31, 0x90, 0x74, 0x6E, 0x26, 0x6B, 0x28, 0x6D, 0xD9, 0xA1, 0x2A, 0x21, 0x6B, 0x6A, 0xED,
    0x5E, 0x20, 0x69, 0x67, 0xB5, 0x66, 0x0B, 0x59, 0xD1, 0x5A, 0x13, 0x6B, 0x6C, 0x6B, 0x16, 0xD6,
    0x41, 0xE2, 0xDD, 0xBC, 0x74, 0x4A, 0x29, 0xD7, 0x37, 0x17, 0x8A, 0x8A, 0x40, 0xC7, 0xDF, 0x84,
    0xCA, 0x7B, 0x87, 0x15, 0x38, 0x11, 0x80, 0x72, 0x54, 0xBA, 0xE2, 0x59, 0x33, 0xD6, 0xF6, 0x2A,
    0xD8, 0x4E, 0x85, 0x65, 0x9F, 0x42, 0x29, 0xCD, 0xBA, 0x47, 0xA1, 0x78, 0x3A, 0x16, 0xF3, 0x5A,
    0x75, 0x0C, 0x94, 0x7F, 0x31, 0x01, 0x12, 0x0E, 0xE0, 0xC6, 0xB8, 0x83, 0xD0, 0xA7, 0x36, 0xBF,
    0x5F, 0x06, 0x1C, 0x2F, 0x3D, 0x63, 0x46, 0xEB, 0xDA, 0xC9, 0x6B, 0x15, 0x69, 0x57, 0x17, 0xE4,
    0xCD, 0x0C, 0x65, 0x30, 0xC0, 0x18, 0x75, 0x04, 0x3E, 0xA9, 0x70, 0xC5, 0xDE, 0x53, 0x72, 0x7B,
    0x6B, 0xA3, 0x96, 0x01, 0x32, 0xAB, 0x8C, 0x20, 0x95, 0xCD, 0x59, 0xEA, 0xA7, 0x9B, 0xE0, 0x36,
    0x71, 0x6F, 0x95, 0x7D, 0x92, 0x6E, 0x53, 0xC9, 0x5A, 0xAB, 0xBC, 0x41, 0xDE, 0x58, 0x45, 0x8D,
    0xDF, 0x54, 0xEA, 0xFF, 0xAE, 0x14, 0x9B, 0x8A, 0xEC, 0x56, 0x44, 0xA4, 0xD8, 0xA9, 0x9C, 0x68,
    0x53, 0x17, 0xBB, 0xFD, 0xEC, 0xF6, 0xBC, 0xBD, 0x56, 0xB6, 0x54, 0xCE, 0x91, 0x2E, 0xE3, 0x89,
    0x8B, 0xD8, 0x5B, 0x25, 0x29, 0x36, 0x63, 0x4E, 0xB5, 0x6B, 0xAD, 0x94, 0x16, 0x11, 0x11, 0x11,
    0x0D, 0x8A, 0x15, 0x8B, 0xCB, 0xD6, 0xF2, 0x03, 0x73, 0xBD, 0x8A, 0xA5, 0x57, 0x8F, 0xFA, 0xFC,
    0x37, 0xB3, 0x7A, 0x3F, 0xCD, 0x94, 0xE6, 0xDE, 0xA8, 0x56, 0x16, 0xE4, 0x3D, 0x49, 0xA7, 0xBE,
    0x7A, 0x12, 0xAF, 0x26, 0xAB, 0x9A, 0xED, 0xC4, 0x7E, 0x79, 0x19, 0x94, 0xFB, 0xB4, 0x03, 0x64,
    0x47, 0x3D, 0xB0, 0x9C, 0x07, 0xDA, 0x4F, 0x0F, 0x68, 0x88, 0x06, 0x28, 0xF4, 0x3A, 0x13, 0x41,
    0x93, 0x78, 0x37, 0xD6, 0x55, 0xDA, 0xE8, 0x38, 0x32, 0xB5, 0xA7, 0x94, 0x2A, 0x92, 0xCD, 0xCF,
    0x0D, 0x2E, 0x00, 0xF0, 0x45, 0x0B, 0x5C, 0xC5, 0xE7, 0xAE, 0xC3, 0x89, 0xBC, 0x67, 0x94, 0x8A,
    0x40, 0x48, 0x7B, 0x10, 0x3B, 0x59, 0x70, 0xB3, 0xF2, 0xCB, 0x1F, 0x6E, 0xDA, 0xB6, 0x8F, 0x3D,
    0xC8, 0xB1, 0x14, 0x60, 0x29, 0x82, 0x84, 0x93, 0xD2, 0x89, 0x92, 0xBA, 0x52, 0xE6, 0xAD, 0x32,
    0xF3, 0xCA, 0x64, 0x50, 0x46, 0xA3, 0x32, 0xD8, 0x74, 0x58, 0x39, 0x81, 0xB2, 0xD5, 0x4F, 0xBE,
    0xD9, 0x5C, 0xCB, 0xC4, 0x39, 0x81, 0xD7, 0xD6, 0x5F, 0x70, 0x30, 0x03, 0xC1, 0xC0, 0xFA, 0x9B,
    0xAE, 0xFB, 0x7E, 0x97, 0x65, 0x21, 0x13, 0x9F, 0x4F, 0x1C, 0xF6, 0x22, 0xFA, 0x8E, 0x4D, 0xBB,
    0x2D, 0x6A, 0x02, 0xE1, 0x5D, 0x02, 0x3B, 0x75, 0x52, 0x8C, 0x0F, 0x0B, 0xBB, 0x0F, 0x1D, 0x12,
    0x22, 0xE3, 0xB3, 0x61, 0xD9, 0xC3, 0x7F, 0x34, 0x78, 0x82, 0x06, 0x6E, 0x8B, 0x7B, 0x9F, 0xF5,
    0xBD, 0x89, 0x57, 0x74, 0x40, 0xD4, 0xAC, 0x8B, 0xE2, 0x0E, 0x58, 0xF7, 0x94, 0x66, 0xFC, 0x10,
    0x88, 0x3F, 0x1E, 0x58, 0xF7, 0x94, 0x3A, 0x69, 0x00, 0x33, 0x09, 0x2E, 0x3C, 0x43, 0x09, 0x6D,
    0x1F, 0x46, 0xEC, 0xB3, 0x48, 0xE8, 0xB7, 0x3F, 0x72, 0xF2, 0x40, 0xBE, 0xFD, 0x91, 0xD3, 0x93,
    0x8D, 0x87, 0xFE, 0x36, 0x8E, 0xC4, 0xAF, 0x6B, 0xA5, 0x39, 0x80, 0xB5, 0xEE, 0xD8, 0x2D, 0xA9,
    0xB4, 0x38, 0xF9, 0x74, 0x24, 0xEA, 0x9D, 0x90, 0xB4, 0x94, 0x45, 0xDA, 0x90, 0x17, 0x59, 0x45,
    0x46, 0x5E, 0xF1, 0x92, 0x9D, 0xBE, 0x20, 0xF5, 0x40, 0x32, 0x01, 0xA1, 0xB4, 0xE0, 0x44, 0xAB,
    0x99, 0x56, 0x03, 0x19, 0xAD, 0x8A, 0x56, 0x2B, 0xA0, 0xB4, 0x93, 0xDA, 0x3D, 0x48, 0xDA, 0x8B,
    0x8A, 0x7C, 0x83, 0x74, 0xF3, 0x0A, 0xD5, 0x51, 0x13, 0xCF, 0x7F, 0x36, 0xE0, 0x44, 0xAE, 0x9B,
    0x2D, 0x2C, 0xB3, 0x42, 0x5D, 0xC0, 0x04, 0x61, 0x0F, 0x51, 0x0B, 0x09, 0xB0, 0xB7, 0xF5, 0xCE,
    0xC9, 0x4C, 0xFC, 0x49, 0xD9, 0x64, 0x95, 0xF6, 0x16, 0xE9, 0xA1, 0xF3, 0xF4, 0xB2, 0x21, 0x6B,
    0x80, 0xD8, 0x6E, 0x67, 0x82, 0x4C, 0x2A, 0x9C, 0xB4, 0xCB, 0xA0, 0x23, 0xFF, 0x06, 0x61, 0x7F,
    0xC9, 0x82, 0x13, 0xFA, 0x9C, 0xB8, 0xCB, 0x3E, 0xA9, 0xAB, 0x48, 0xDB, 0x5D, 0x28, 0xC0, 0xDD,
    0x04, 0x42, 0x01, 0x62, 0xA9, 0x20, 0xFD, 0xC7, 0x16, 0x2E, 0x87, 0x1E, 0x06, 0x6E, 0x41, 0xC1,
    0xDE, 0x19, 0xF4, 0x6A, 0xFD, 0xCE, 0x31, 0x1F, 0x61, 0xBA, 0x46, 0xD0, 0x6F, 0xBF, 0x73, 0x3C,
    0x45, 0xAF, 0xCE, 0x96, 0x11, 0xE7, 0x3A, 0x20, 0xE8, 0x15, 0xC2, 0x3A, 0x13, 0x26, 0x76, 0x51,
    0x45, 0x5E, 0x41, 0x2E, 0x40, 0x36, 0x9C, 0x92, 0x21, 0x69, 0x01, 0x69, 0x05, 0x69, 0x0F, 0x6E,
    0x04, 0x36, 0x47, 0x30, 0x12, 0x88, 0xC7, 0x49, 0x05, 0x37, 0x78, 0x15, 0x6E, 0x3B, 0x0D, 0x55,
    0xD4, 0x41, 0xF2, 0x69, 0x03, 0x91, 0x00, 0xE1, 0xBA, 0x65, 0xEF, 0xCC, 0x25, 0x97, 0xCE, 0x66,
    0x51, 0x9B, 0x54, 0x41, 0x5F, 0xC2, 0x3C, 0x42, 0xDE, 0x43, 0xE6, 0x6D, 0x1E, 0x3B, 0xCD, 0xE4,
    0xCA, 0x45, 0x44, 0xFC, 0x86, 0x45, 0xDA, 0x46, 0xFE, 0x12, 0x69, 0xEB, 0xFC, 0xFE, 0x67, 0x64,
    0xC3, 0xB7, 0x94, 0x1F, 0xA0, 0xE4, 0xF4, 0x99, 0x7B, 0x6C, 0xCD, 0x43, 0x63, 0x2C, 0xD2, 0x02,
    0x31, 0x00, 0xC9, 0xF5, 0x9D, 0xAD, 0xFA, 0x93, 0xF1, 0xDA, 0xCE, 0xBA, 0xC0, 0xA4, 0x90, 0x01,
    0xC0, 0x4E, 0x7A, 0x15, 0xD8, 0x07, 0x8E, 0x80, 0xDB, 0x96, 0x1E, 0x2C, 0x7B, 0x3D, 0x04, 0x37,
    0xF2, 0xF5, 0x8E, 0x09, 0x10, 0xA0, 0xFE, 0x75, 0x41, 0x26, 0x05, 0x61, 0x0B, 0x51, 0x07, 0xD1,
    0x04, 0x94, 0x40, 0x6E, 0x87, 0x0D, 0x49, 0x46, 0xA8, 0xBB, 0x25, 0xB0, 0x10, 0xD9, 0x9A, 0x59,
    0xD0, 0xEF, 0xAE, 0x99, 0xF5, 0xCA, 0xEC, 0xFE, 0x35, 0xB3, 0x67, 0x22, 0x1E, 0xC1, 0x0D, 0x88,
    0x3C, 0x44, 0x2D, 0xC4, 0x0D, 0xAF, 0x26, 0x05, 0xFB, 0xDF, 0x82, 0xA3, 0x6F, 0x9C, 0x9E, 0xD3,
    0xEE, 0xCA, 0x63, 0x74, 0x26, 0x6B, 0x21, 0x10, 0x91, 0x19, 0x77, 0x5C, 0xFF, 0xEE, 0xE6, 0xE3,
    0x73, 0xE6, 0x21, 0x73, 0xEE, 0xF5, 0xF9, 0x26, 0xB9, 0xCC, 0x04, 0x0F, 0xE9, 0x04, 0x9C, 0x2B,
    0x58, 0x52, 0x28, 0xD2, 0x8A, 0xCC, 0x7F, 0x00, 0x04, 0x6D, 0x2D, 0x2A, 0x4D, 0x32, 0x62, 0xA5,
    0xB8, 0xEF, 0xDB, 0xF7, 0x5C, 0xFA, 0x8D, 0xD8, 0x24, 0x35, 0x81, 0x00, 0xB7, 0x9F, 0x8E, 0xDC,
    0x82, 0x1A, 0x58, 0x36, 0xC7, 0x38, 0xBF, 0x6C, 0x24, 0xF7, 0x90, 0xDE, 0x23, 0xB3, 0xB9, 0x5A,
    0x04, 0xA0, 0x96, 0x5E, 0xC5, 0x1D, 0x18, 0xFF, 0x56, 0x19, 0x8B, 0xC5, 0x57, 0xFE, 0xD5, 0xC3,
    0x7E, 0x22, 0x1D, 0xBC, 0x65, 0x53, 0x3E, 0xEC, 0x71, 0x5F, 0xC9, 0x67, 0x72, 0xDB, 0xB0, 0xF4,
    0xF2, 0xFA, 0x8E, 0x95, 0xC7, 0xC5, 0x1A, 0x27, 0x50, 0x16, 0xA1, 0xE8, 0xC0, 0xD3, 0x12, 0x52,
    0x99, 0xCA, 0x5F, 0x11, 0x89, 0xCF, 0xC7, 0xF5, 0x4D, 0xF4, 0x67, 0x3B, 0x29, 0x17, 0xEB, 0xE7,
    0x1D, 0x01, 0x9E, 0xAF, 0xA0, 0xBC, 0x60, 0x2B, 0x9F, 0x89, 0x48, 0xB3, 0x12, 0x38, 0x5B, 0x81,
    0x78, 0x87, 0x37, 0x54, 0xF6, 0xD9, 0x57, 0xC9, 0x7F, 0x34, 0x80, 0xB6, 0xF3, 0x2A, 0xD1, 0x66,
    0xC4, 0x2F, 0x3D, 0x67, 0x61, 0x89, 0x09, 0x2B, 0x88, 0xAA, 0xA8, 0x82, 0xF0, 0xB7, 0x87, 0x05,
    0x04, 0x22, 0xDB, 0xCD, 0xF0, 0xEE, 0x8C, 0x85, 0x88, 0x3F, 0x66, 0x27, 0x1A, 0xC9, 0xDF, 0x79,
    0x95, 0x57, 0xE8, 0x55, 0xDE, 0xE4, 0x43, 0x95, 0x8B, 0xF4, 0x2A, 0xC9, 0x5F, 0x6D, 0xE2, 0xD6,
    0xAA, 0xF0, 0xA7, 0xCF, 0x57, 0xDC, 0xD6, 0x89, 0xBD, 0x1E, 0x80, 0xE0, 0xB7, 0x1F, 0x01, 0x61,
    0x93, 0x1A, 0x13, 0xD6, 0x7A, 0xD0, 0x2F, 0x1B, 0xF3, 0x86, 0x75, 0x67, 0xCE, 0x59, 0x8A, 0xA4,
    0xBB, 0x69, 0xFB, 0xD7, 0xC2, 0x31, 0xED, 0x80, 0xD8, 0xE7, 0x0D, 0x90, 0x34, 0x25, 0x40, 0x5E,
    0x8C, 0x2A, 0x47, 0x81, 0x57, 0x39, 0xFF, 0x9C, 0xBD, 0x3E, 0xAD, 0x8B, 0xEA, 0xF9, 0xC7, 0xF3,
    0x97, 0x2F, 0xAA, 0x9F, 0xA1, 0x78, 0xE5, 0x32, 0x93, 0x49, 0xBF, 0xC8, 0xE0, 0xA4, 0x81, 0x19,
    0xEA, 0x02, 0x8E, 0xA0, 0x06, 0xF6, 0x9F, 0xA0, 0x94, 0xCB, 0x65, 0xCB, 0xCA, 0xA2, 0x90, 0x37,
    0x30, 0x40, 0xD6, 0x99, 0xEF, 0xC9, 0x44, 0xDA, 0xAE, 0xFF, 0x4F, 0x06, 0x94, 0x32, 0xEC, 0xBC,
    0xFF, 0xA7, 0x37, 0x86, 0x9D, 0x49, 0xDC, 0x9A, 0x24, 0x1B, 0xE9, 0x94, 0xBA, 0x17, 0x5E, 0x25,
    0x14, 0xAF, 0x42, 0xDD, 0x9D, 0x01, 0xFF, 0x9D, 0x07, 0x88, 0x4F, 0xAC, 0x24, 0x5E, 0x33, 0x96,
    0xC6, 0xFC, 0xE7, 0x05, 0x90, 0x49, 0x05, 0x9C, 0x93, 0x02, 0x95, 0x1B, 0x6C, 0x4A, 0x32, 0xAE,
    0xB5, 0x7C, 0x52, 0xDA, 0xC9, 0xF9, 0x5A, 0x1B, 0x92, 0xC6, 0x94, 0xB0, 0x0D, 0x3A, 0xF8, 0xBC,
    0x69, 0x9F, 0x5A, 0x06, 0x82, 0xEB, 0x24, 0x32, 0x68, 0x2D, 0xF2, 0x5A, 0x0B, 0x05, 0x62, 0xAF,
    0x03, 0x0F, 0x66, 0x48, 0x7A, 0xC8, 0x71, 0x5A, 0x1B, 0xE1, 0x12, 0x08, 0xA4, 0xE3, 0x92, 0x1F,
    0x05, 0x97, 0x27, 0xB8, 0x6D, 0x21, 0xDB, 0x9F, 0x61, 0xB0, 0xA8, 0x1D, 0xD5, 0xD0, 0x5B, 0xED,
    0x56, 0x89, 0xF3, 0x90, 0xB5, 0xF4, 0x79, 0x11, 0x74, 0x16, 0x0C, 0x9F, 0x37, 0x61, 0x0B, 0x89,
    0x77, 0x3E, 0x6B, 0xA2, 0x06, 0xE2, 0x3E, 0x68, 0xD3, 0x36, 0x6E, 0x20, 0x1A, 0xC2, 0x26, 0xE9,
    0x92, 0x0A, 0xC2, 0x31, 0x6A, 0x62, 0x9F, 0x14, 0x5A, 0x8B, 0xAB, 0xC8, 0xA7, 0x80, 0x9B, 0x92,
    0x22, 0xEC, 0x2F, 0x02, 0xCC, 0x09, 0xE1, 0x78, 0x09, 0x40, 0x52, 0x82, 0x71, 0x1F, 0xA0, 0xBE,
    0x08, 0xD3, 0x11, 0x40, 0xF9, 0xE7, 0x30, 0xDF, 0x02, 0xC8, 0x6F, 0xC3, 0x9D, 0x1E, 0x20, 0x1B,
    0xD7, 0x2D, 0x0A, 0x69, 0xBF, 0x6E, 0x08, 0x48, 0xBC, 0x86, 0x65, 0xAD, 0xA5, 0x0D, 0x00, 0xC1,
    0x7B, 0x0F, 0x7A, 0x9B, 0xCA, 0xEA, 0x71, 0x56, 0x98, 0x32, 0xEA, 0x60, 0x77, 0x7E, 0x19, 0xBE,
    0xAE, 0xFB, 0x9E, 0x2C, 0x22, 0x6D, 0xE0, 0xA9, 0xA5, 0x38, 0x9C, 0x8B, 0xB0, 0xE7, 0x70, 0x22,
    0x1E, 0x88, 0x06, 0x42, 0x4F, 0x38, 0x10, 0x8F, 0x84, 0x2D, 0xE1, 0x48, 0x32, 0x11, 0x36, 0x04,
    0x23, 0xAF, 0xDC, 0x21, 0xAA, 0x70, 0x13, 0x6F, 0x96, 0x24, 0x05, 0xCC, 0xEC, 0xE7, 0x45, 0x02,
    0xD4, 0xBC, 0x9B, 0x55, 0xAF, 0x00, 0x25, 0x7D, 0xDA, 0xBC, 0x09, 0xE4, 0x85, 0x4F, 0xDA, 0x7D,
    0x9B, 0x6E, 0xBA, 0xB8, 0x3B, 0x02, 0xB2, 0x9F, 0x36, 0x91, 0xFF, 0x10, 0x48, 0xFE, 0xB9, 0x09,
    0x7B, 0xAF, 0x95, 0x5F, 0x54, 0xC1, 0xA0, 0x95, 0xF8, 0x37, 0xB8, 0xA9, 0x03, 0x22, 0x01, 0x69,
    0x80, 0x70, 0x86, 0x5A, 0x2B, 0xC1, 0x68, 0xE1, 0x03, 0x37, 0x6A, 0xA7, 0xBB, 0xBF, 0x89, 0x9F,
    0x76, 0xEF, 0x3F, 0x3F, 0xAC, 0x54, 0x6E, 0xC7, 0x2D, 0xE0, 0xFC, 0xC9, 0xDF, 0xC4, 0xE7, 0x32,
    0x3A, 0x91, 0x62, 0x23, 0x96, 0x44, 0x03, 0x08, 0x44, 0x1D, 0xD4, 0x15, 0x51, 0x63, 0x39, 0xA1,
    0xE1, 0x4D, 0x3B, 0xD2, 0xC5, 0xF6, 0x4B, 0xA0, 0x7E, 0x1C, 0x2D, 0x03, 0xE9, 0x01, 0x64, 0x49,
    0xD6, 0xFA, 0xFF, 0x35, 0x2A, 0xF9, 0x5F, 0x57, 0x2A, 0xE9, 0x2F, 0x95, 0x24, 0x93, 0x49, 0x34,
    0x9A, 0x84, 0xC3, 0xC3, 0xCA, 0x68, 0x12, 0x9B, 0x04, 0xB5, 0x68, 0xAC, 0x43, 0x91, 0x61, 0x5D,
    0x05, 0x85, 0xB2, 0x53, 0x8A, 0xB7, 0x57, 0xDF, 0x11, 0x88, 0xDA, 0x6B, 0x40, 0x62, 0xD1, 0xD8,
    0xC3, 0x3D, 0x18, 0xDE, 0x26, 0x93, 0xE6, 0x50, 0xAA, 0x97, 0xA5, 0xD2, 0x4E, 0x47, 0xBB, 0xC2,
    0x60, 0x9E, 0x7A, 0x98, 0xD6, 0x7D, 0xA8, 0x2D, 0x94, 0x85, 0xDD, 0x7F, 0x15, 0x57, 0x90, 0x35,
    0xDA, 0x5B, 0xD2, 0xA6, 0x40, 0xEC, 0x2F, 0x02, 0x51, 0x7F, 0xC9, 0x46, 0x79, 0x64, 0x71, 0xB0,
    0xDC, 0x9D, 0xBC, 0xB2, 0x36, 0xE6, 0x2D, 0xE8, 0x69, 0x9F, 0xBF, 0x23, 0xFC, 0xB2, 0xF1, 0xF6,
    0xF6, 0x97, 0xD4, 0x91, 0x57, 0x1E, 0xB6, 0x16, 0xBC, 0x02, 0xC8, 0xEE, 0x62, 0xE5, 0x96, 0x59,
    0xEB, 0xA6, 0xB0, 0x37, 0x89, 0x54, 0x18, 0xC3, 0x13, 0xAF, 0xC6, 0xCF, 0x47, 0x44, 0x2D, 0x8D,
    0xA3, 0x61, 0x7D, 0x0D, 0x48, 0xAB, 0xD5, 0x2B, 0xF3, 0x77, 0xBD, 0xDB, 0x4C, 0x44, 0xC6, 0xDC,
    0x50, 0x91, 0x0C, 0x97, 0x21, 0xF5, 0x97, 0xD4, 0xF2, 0x7D, 0xA8, 0x9B, 0x37, 0x40, 0x80, 0x70,
    0x5E, 0xC7, 0x98, 0xF4, 0x40, 0xE6, 0xB1, 0x3B, 0x07, 0xA9, 0xC0, 0x59, 0x8B, 0x89, 0xC5, 0x1E,
    0x52, 0x7B, 0xB2, 0x5B, 0x57, 0x01, 0x97, 0x2F, 0xB8, 0xE1, 0x9B, 0x7A, 0xFA, 0x2B, 0xC9, 0x00,
    0x17, 0xB5, 0xC5, 0x65, 0x8D, 0xE9, 0x9D, 0x5A, 0x44, 0x26, 0xC3, 0xFA, 0x3F, 0x01, 0xB6, 0x40,
    0x5E, 0x01, 0x77, 0x00, 0xD7, 0x03, 0x61, 0x7B, 0x62, 0xE2, 0xD6, 0x31, 0x2B, 0x66, 0x32, 0x75,
    0xE0, 0x12, 0x71, 0xCF, 0x3E, 0xC9, 0x3A, 0x2A, 0xEA, 0x02, 0x90, 0xD5, 0x1E, 0x0B, 0xF3, 0xF6,
    0xC9, 0x72, 0xE7, 0xC9, 0x58, 0x9F, 0x4C, 0xF4, 0xC9, 0x94, 0xBC, 0xA5, 0xA4, 0x14, 0x91, 0x05,
    0xF0, 0x02, 0xEB, 0x58, 0xCA, 0x46, 0xA1, 0xB5, 0xBC, 0x60, 0x2D, 0x67, 0xCD, 0xBF, 0x2B, 0xEB,
    0xFD, 0x6E, 0x11, 0x0C, 0xAC, 0xE5, 0xC9, 0xFB, 0x67, 0x5F, 0xB7, 0xD9, 0xB7, 0x6D, 0xC9, 0xC7,
    0xC3, 0xE6, 0xBB, 0x36, 0x27, 0xEB, 0x4D, 0x73, 0xE1, 0x6C, 0xF9, 0xE7, 0xAE, 0xF3, 0x47, 0x30,
    0x04, 0xFA, 0x54, 0xDC, 0x40, 0x2A, 0x15, 0xC4, 0xAB, 0x07, 0x70, 0xF5, 0x89, 0xFB, 0x47, 0x7D,
    0x97, 0x58, 0x26, 0xB2, 0x4A, 0xF4, 0x09, 0x6A, 0xDE, 0x62, 0x06, 0x66, 0x4E, 0x61, 0xD7, 0xFC,
    0xAF, 0xA9, 0x45, 0xF8, 0x2F, 0xED, 0x5B, 0x3D, 0x90, 0xDD, 0xD6, 0x75, 0x3E, 0x00, 0xA8, 0x45,
    0x2C, 0x8C, 0x03, 0x16, 0x66, 0x66, 0x6C, 0x8E, 0x84, 0xC6, 0x85, 0x87, 0x8A, 0x88, 0x36, 0x99,
    0xE1, 0x12, 0x48, 0x5C, 0xA8, 0x0C, 0x8B, 0x70, 0x52, 0xA4, 0x70, 0x0A, 0x57, 0x4A, 0xB1, 0x2D,
    0x0B, 0x92, 0x40, 0xEC, 0x7E, 0x86, 0x4D, 0xAA, 0x34, 0x2A, 0x34, 0x19, 0x89, 0x2E, 0xA8, 0x42,
    0x05, 0x8B, 0x15, 0x81, 0xC4, 0x85, 0x5B, 0x14, 0xF1, 0xA4, 0x34, 0x0A, 0x6A, 0xE2, 0x28, 0xC5,
    0xDE, 0xCC, 0xC0, 0x09, 0x28, 0x01, 0x38, 0x79, 0xDF, 0x77, 0x0F, 0xDE, 0xBE, 0xE5, 0xCA, 0xA2,
    0x24, 0x52, 0x22, 0xB9, 0xCE, 0x9D, 0x7D, 0xE7, 0xFB, 0xF6, 0x01, 0xB8, 0xB8, 0xF7, 0x9C, 0x8B,
    0xFB, 0xF3, 0xE1, 0x3E, 0x41, 0x0A, 0x7B, 0x42, 0x32, 0x4A, 0xA8, 0x4B, 0x99, 0x4C, 0x92, 0xAB,
    0x0E, 0xE1, 0x28, 0x5A, 0x87, 0x8B, 0x0C, 0xD1, 0x24, 0x52, 0xD5, 0x2E, 0x19, 0x44, 0xB2, 0x7F,
    0x6F, 0xD3, 0x5E, 0x24, 0x5D, 0x24, 0xEF, 0x44, 0xE2, 0x41, 0x8A, 0x56, 0x24, 0x9A, 0x36, 0x87,
    0x09, 0xCD, 0x06, 0xC2, 0x59, 0x9A, 0x92, 0xA0, 0x80, 0x85, 0x10, 0x9C, 0x06, 0x1E, 0xB3, 0x33,
    0xED, 0x3A, 0xCB, 0xC5, 0xF2, 0xCC, 0x5B, 0xDE, 0x21, 0xC3, 0xFD, 0x9C, 0x24, 0x4E, 0x24, 0xEB,
    0xF0, 0xBD, 0x14, 0xB5, 0x88, 0x96, 0xC1, 0x22, 0x1B, 0xBA, 0x34, 0xE3, 0x06, 0xF6, 0x54, 0x6B,
    0x54, 0xE0, 0x95, 0x6B, 0xE2, 0xD3, 0x77, 0x68, 0x8B, 0xD6, 0x6C, 0xF0, 0xD7, 0xC8, 0xAD, 0xD1,
    0x2E, 0x69, 0xA3, 0xE5, 0xDE, 0x98, 0xD4, 0x69, 0x1F, 0x2C, 0x19, 0xBE, 0xAB, 0x46, 0x29, 0x4A,
    0x9C, 0x52, 0x09, 0x4F, 0xE1, 0x4D, 0x54, 0x24, 0xED, 0x64, 0xD9, 0xD8, 0xFE, 0x84, 0xD5, 0xAD,
    0xED, 0xEC, 0x4C, 0x7F, 0x55, 0x51, 0xE3, 0x0F, 0xB9, 0xA1, 0xA8, 0x28, 0x18, 0xEE, 0x22, 0x22,
    0x95, 0xDE, 0x11, 0xC1, 0xDD, 0xD7, 0x74, 0xD9, 0xB0, 0xA9, 0x2B, 0x9D, 0xA5, 0x18, 0x9B, 0x96,
    0x38, 0xE5, 0x75, 0x88, 0x1A, 0x4C, 0x69, 0x89, 0xEC, 0xE5, 0x30, 0x13, 0x8F, 0xB7, 0x3C, 0x36,
    0xCE, 0xE3, 0x47, 0x62, 0xDF, 0x7F, 0x4B, 0x78, 0x5F, 0x04, 0x15, 0x15, 0xD6, 0xA5, 0x96, 0xC0,
    0xC1, 0x9D, 0x9D, 0x44, 0xC0, 0xEC, 0x11, 0x23, 0x24, 0xB1, 0xAA, 0xFA, 0x3A, 0xE9, 0x40, 0x0C,
    0xAE, 0xCB, 0x9A, 0xF6, 0x4A, 0x42, 0xD6, 0x11, 0x72, 0x47, 0x48, 0x5D, 0xB1, 0x48, 0xA1, 0x51,
    0xFF, 0xC6, 0x22, 0x17, 0x35, 0x6A, 0xE1, 0x2F, 0x4D, 0x6A, 0x01, 0x3C, 0x10, 0x42, 0xEF, 0x41,
    0x9E, 0x1A, 0x1A, 0x09, 0x00, 0x55, 0x19, 0x29, 0x8B, 0x9E, 0x55, 0x28, 0x8E, 0xCE, 0xD5, 0x6F,
    0x51, 0x70, 0x57, 0x4C, 0x22, 0x72, 0x41, 0x76, 0xD2, 0x3B, 0xF2, 0xA3, 0x2D, 0xBF, 0x25, 0xE3,
    0x96, 0xE7, 0x3F, 0x76, 0x5B, 0x9E, 0x1E, 0xB5, 0x5B, 0x1E, 0x69, 0xB9, 0xE5, 0xA1, 0xCA, 0x71,
    0xB2, 0x98, 0xAF, 0xA9, 0x52, 0xFD, 0x4F, 0x0F, 0xEA, 0x60, 0x7A, 0xF8, 0x0B, 0x0F, 0x99, 0xCA,
    0xC5, 0x45, 0xE4, 0x01, 0xBD, 0xA3, 0x22, 0x5A, 0xC3, 0xF9, 0x45, 0x07, 0x9E, 0xF7, 0x72, 0x9F,
    0xDF, 0x28, 0x9F, 0x80, 0x0F, 0x51, 0x17, 0xF0, 0x78, 0xDA, 0xF0, 0x68, 0x26, 0x8F, 0x50, 0x83,
    0x64, 0x22, 0x0F, 0x67, 0x7A, 0x97, 0xDC, 0x3F, 0x1D, 0x3D, 0x39, 0x3F, 0x55, 0x7B, 0xCC, 0xB5,
    0xDC, 0xF2, 0xD0, 0x70, 0x9B, 0x97, 0xF1, 0x74, 0x3C, 0xE6, 0x99, 0x3B, 0xE6, 0x45, 0x47, 0x64,
    0x51, 0x9A, 0xD6, 0xF2, 0x30, 0x67, 0x5B, 0x1E, 0xD1, 0x62, 0x3C, 0x9E, 0xF0, 0x27, 0x3F, 0x64,
    0x7E, 0x03, 0xFE, 0xE4, 0x8A, 0xD5, 0x0B, 0x4D, 0xE1, 0xA6, 0x30, 0x0F, 0x3E, 0xA5, 0x87, 0xA1,
    0x4A, 0xEC, 0xAB, 0x1F, 0x4C, 0x07, 0x70, 0x8C, 0x04, 0x1B, 0xAB, 0x63, 0xA3, 0xBA, 0x94, 0xC6,
    0x57, 0x37, 0xD7, 0xF2, 0xCE, 0x4A, 0x5D, 0xDC, 0x99, 0x67, 0x65, 0xCA, 0x4B, 0x73, 0xAC, 0x14,
    0x8D, 0x98, 0x5F, 0x25, 0x9B, 0xC4, 0xDC, 0x8A, 0xFB, 0xDB, 0xDD, 0x25, 0xB8, 0x26, 0xE6, 0x54,
    0x39, 0x2E, 0xAB, 0x51, 0x76, 0x67, 0xAA, 0x93, 0x79, 0xD4, 0x28, 0x1C, 0x7A, 0x4B, 0x92, 0xC1,
    0xFC, 0x70, 0x5F, 0xB2, 0xDE, 0xE8, 0x07, 0xA8, 0xC0, 0xEA, 0xC5, 0xA6, 0xDC, 0xD2, 0x65, 0xD7,
    0xAF, 0x46, 0x91, 0xC1, 0x4A, 0xD3, 0x7E, 0xEB, 0xC8, 0xA2, 0x35, 0x3F, 0x32, 0x83, 0xF5, 0x92,
    0x65, 0x2D, 0x99, 0x05, 0x06, 0x35, 0x40, 0x06, 0xAF, 0x59, 0x2D, 0x52, 0x27, 0x6F, 0x1E, 0xBB,
    0x70, 0xDF, 0x3C, 0x58, 0xD5, 0x72, 0xE8, 0x1D, 0x28, 0x1B, 0x3B, 0x79, 0xFF, 0x91, 0x8A, 0xEC,
    0xDD, 0x2D, 0xE5, 0xFB, 0x7C, 0x28, 0x53, 0x6D, 0x25, 0xAD, 0x73, 0x11, 0x5E, 0x1E, 0x39, 0x74,
    0x2C, 0x78, 0x9C, 0x83, 0x65, 0x34, 0x26, 0x8D, 0x33, 0x86, 0x98, 0x1B, 0x7B, 0xA5, 0x5C, 0x99,
    0xEF, 0x6D, 0x8D, 0x05, 0x3A, 0xE7, 0x6D, 0x88, 0xA6, 0x1D, 0xAB, 0xFE, 0xC4, 0xB3, 0x6C, 0x88,
    0x8F, 0xDA, 0xD0, 0x49, 0xD1, 0xC2, 0x3D, 0x6D, 0xD4, 0x49, 0x55, 0x17, 0xB5, 0x54, 0x6D, 0x04,
    0x6F, 0x55, 0xB2, 0xF6, 0xF2, 0x8D, 0x67, 0xF1, 0xC8, 0x5A, 0xB5, 0x0C, 0x0A, 0x19, 0xBF, 0x5F,
    0xC0, 0x58, 0x29, 0x63, 0x2A, 0xC6, 0xE8, 0x54, 0x30, 0x5C, 0x6A, 0xB9, 0x20, 0x9E, 0xCC, 0x19,
    0x5F, 0x7F, 0xC0, 0xBB, 0xE1, 0x52, 0xC7, 0x12, 0xE0, 0x6C, 0x97, 0x0E, 0xF1, 0x6F, 0xBA, 0x70,
    0x96, 0x18, 0x25, 0x4D, 0x97, 0x8D, 0x51, 0x17, 0xE8, 0x94, 0xEA, 0x5B, 0x60, 0xAC, 0x1F, 0x13,
    0x7A, 0x65, 0x78, 0x6D, 0xDC, 0x92, 0x50, 0x4B, 0x76, 0x76, 0xD6, 0xD4, 0xA3, 0xD9, 0x48, 0x38,
    0xBD, 0x00, 0x24, 0x6A, 0x8D, 0xC4, 0xB5, 0x91, 0xE4, 0x14, 0x49, 0x41, 0x42, 0xB4, 0x36, 0x10,
    0x34, 0x11, 0x05, 0x69, 0x56, 0xE2, 0xD3, 0x69, 0x12, 0x9D, 0x22, 0xF1, 0x60, 0x24, 0x75, 0x46,
    0xF2, 0xCE, 0xBE, 0xD0, 0xD2, 0xC8, 0x43, 0xB1, 0x14, 0xAC, 0xDF, 0x38, 0xB8, 0x72, 0x17, 0xBD,
    0x47, 0x13, 0x3C, 0x47, 0x4C, 0x5F, 0x88, 0x91, 0x3A, 0x62, 0xD0, 0x78, 0x94, 0xD4, 0x30, 0x79,
    0x26, 0x18, 0xB5, 0x1E, 0xE3, 0xDA, 0x63, 0xF2, 0x18, 0xA6, 0x1B, 0xA4, 0xEF, 0x36, 0x48, 0xD7,
    0x6D, 0xB0, 0x31, 0x14, 0xA6, 0xDF, 0x87, 0x69, 0x6F, 0xD8, 0x11, 0xB6, 0x0F, 0x4F, 0x55, 0x12,
    0xD2, 0x79, 0x7B, 0xDA, 0xDB, 0xEF, 0x8B, 0x5C, 0x6B, 0x16, 0x09, 0xA7, 0x78, 0x41, 0xFB, 0x32,
    0x13, 0x4C, 0xEC, 0x09, 0x4E, 0x9B, 0x06, 0x07, 0x72, 0x98, 0x10, 0x26, 0x78, 0x7A, 0x13, 0x28,
    0x7B, 0xDF, 0xDF, 0x06, 0x53, 0xA3, 0x53, 0x80, 0x70, 0x3F, 0x66, 0x42, 0x98, 0x68, 0xB4, 0x36,
    0xC0, 0xA9, 0x19, 0xE7, 0x2D, 0xD1, 0x23, 0xA9, 0x66, 0x91, 0x5C, 0x87, 0x42, 0x97, 0x4A, 0x8D,
    0x69, 0xA8, 0x2D, 0x4B, 0xBB, 0x01, 0xED, 0xD0, 0xE1, 0x63, 0xA2, 0xA7, 0x0E, 0x0C, 0xF5, 0xD7,
    0x71, 0x65, 0xFF, 0x3B, 0xAF, 0xEC, 0x77, 0xBA, 0xB2, 0xA1, 0xA9, 0x57, 0x56, 0x74, 0x2B, 0xCB,
    0xDC, 0xCA, 0xD2, 0x71, 0x65, 0xD1, 0xB4, 0xB2, 0x40, 0x57, 0x26, 0x5A, 0xAF, 0xAC, 0x68, 0x57,
    0x96, 0xB9, 0x95, 0xA5, 0xC3, 0xCA, 0xA2, 0x69, 0x65, 0xA1, 0xAE, 0x4C, 0xF4, 0x70, 0x65, 0xC5,
    0xB4, 0xB2, 0x7C, 0xCB, 0x52, 0xB2, 0x70, 0x14, 0x89, 0xC9, 0x0E, 0xF4, 0x8E, 0x84, 0x64, 0x0D,
    0xEA, 0x46, 0x26, 0x4C, 0x9F, 0xCF, 0x1A, 0x39, 0xCD, 0x16, 0x43, 0x8C, 0x38, 0x96, 0x92, 0xED,
    0x78, 0xA7, 0x1D, 0x91, 0x6E, 0xDE, 0xA6, 0x6B, 0x86, 0xE1, 0x64, 0x9E, 0x8F, 0xE6, 0x4A, 0x8D,
    0x98, 0xDF, 0x83, 0x69, 0x75, 0xBB, 0x98, 0xD7, 0x41, 0x46, 0x23, 0xE6, 0x73, 0x31, 0x97, 0x37,
    0x93, 0x79, 0xFC, 0x60, 0x32, 0x87, 0x87, 0x93, 0xF9, 0x3B, 0x98, 0xCC, 0xDD, 0x20, 0xD1, 0x64,
    0x24, 0x50, 0x23, 0xA2, 0xB5, 0x91, 0xA2, 0x35, 0x92, 0x39, 0x23, 0xE9, 0x60, 0x24, 0x9A, 0x8C,
    0x84, 0x4A, 0x42, 0x2F, 0x1B, 0x29, 0x26, 0x23, 0xF9, 0x4A, 0x52, 0x10, 0x7A, 0x18, 0x84, 0x0E,
    0x06, 0xA1, 0x7F, 0x41, 0x84, 0xE9, 0x0B, 0xC8, 0x4E, 0xF7, 0x35, 0x1A, 0x89, 0x9D, 0x91, 0xAC,
    0x5F, 0xFD, 0x5A, 0x3F, 0xEE, 0xD6, 0x6B, 0x27, 0xAF, 0x89, 0x2D, 0x93, 0xC8, 0x30, 0x1C, 0xE4,
    0xF7, 0x25, 0x9B, 0xE4, 0xA3, 0xD9, 0xD7, 0xA2, 0xD3, 0xC1, 0xA8, 0xDA, 0x6F, 0x5C, 0x19, 0x7D,
    0xDA, 0x65, 0xA8, 0x7C, 0xA8, 0x12, 0x8D, 0x40, 0x3C, 0xAC, 0xC0, 0xD9, 0x90, 0xB5, 0x79, 0xF6,
    0x18, 0xCD, 0x12, 0x2C, 0x1B, 0xBC, 0xA7, 0x7D, 0xA0, 0x7D, 0x34, 0x71, 0x98, 0x73, 0x6B, 0x3D,
    0xB6, 0x38, 0x3E, 0x86, 0xC3, 0x49, 0x57, 0x25, 0x86, 0x79, 0x7B, 0x62, 0xAE, 0x1B, 0x0F, 0x36,
    0x51, 0x3E, 0x9E, 0x23, 0xE7, 0x6F, 0xB9, 0x9D, 0x99, 0xB1, 0x9D, 0x18, 0xEA, 0xE7, 0x4D, 0x85,
    0xC7, 0xDD, 0x76, 0x1E, 0x2D, 0x84, 0x58, 0x09, 0x49, 0x53, 0x02, 0xD2, 0xA2, 0x06, 0x64, 0xFE,
    0xB6, 0xFB, 0x59, 0x07, 0xB8, 0xE2, 0x07, 0x9B, 0xC3, 0x84, 0x30, 0xB0, 0xC8, 0x81, 0xAF, 0x51,
    0xD8, 0x33, 0xB7, 0x88, 0x4B, 0x36, 0x89, 0xFD, 0x6C, 0x2C, 0xAD, 0xF9, 0xC8, 0xA5, 0xAA, 0x78,
    0x18, 0x72, 0x0F, 0xFB, 0x22, 0x99, 0x7F, 0x22, 0x90, 0xDB, 0x7D, 0x5F, 0xC3, 0x81, 0xB3, 0x8F,
    0xC0, 0xF9, 0xC9, 0x2B, 0x60, 0x96, 0x18, 0xA0, 0x72, 0x6F, 0xA9, 0xE5, 0x9E, 0x3E, 0xC4, 0xB5,
    0xAA, 0x83, 0xAF, 0xF3, 0x61, 0x80, 0x26, 0x1B, 0xF7, 0x56, 0xDB, 0x58, 0xB7, 0xD5, 0xB0, 0x7A,
    0xDA, 0x0A, 0xA8, 0xD1, 0x5E, 0xA2, 0xE5, 0x6F, 0x27, 0xB8, 0x6B, 0xC6, 0x8D, 0x1A, 0x89, 0x7A,
    0x69, 0xD0, 0xC8, 0x2A, 0x11, 0xD9, 0x9A, 0x57, 0xEE, 0x2A, 0xE7, 0xB7, 0x92, 0x6C, 0x3A, 0x51,
    0x34, 0xCE, 0x4A, 0x8A, 0x16, 0xA6, 0x96, 0x66, 0x6B, 0x54, 0x8A, 0x36, 0xD4, 0xCD, 0xD1, 0xAC,
    0x28, 0x53, 0x9D, 0x8A, 0x87, 0xA1, 0xBA, 0x7C, 0xE4, 0xD2, 0xE5, 0xA7, 0xF2, 0xFD, 0x7D, 0x39,
    0xCC, 0x7E, 0xEE, 0x92, 0xA3, 0x2E, 0xD2, 0x3A, 0x50, 0x2B, 0x48, 0xA5, 0xF3, 0xE6, 0x0F, 0x83,
    0xAC, 0xCA, 0xD3, 0xFC, 0x85, 0x5A, 0x6E, 0x86, 0x84, 0x46, 0xE7, 0xCD, 0x8D, 0xAE, 0xCA, 0x61,
    0xFA, 0x33, 0x17, 0x6B, 0x17, 0x29, 0xBD, 0xFC, 0x3D, 0xF1, 0xA9, 0x50, 0xB9, 0xE8, 0xCF, 0x6F,
    0xBE, 0xF4, 0x9F, 0x96, 0x6F, 0xE8, 0xA3, 0x42, 0x17, 0xD9, 0x2B, 0x83, 0x3B, 0x22, 0x51, 0x9F,
    0xB4, 0x22, 0xC1, 0x58, 0x20, 0xBF, 0x07, 0x33, 0x6C, 0x31, 0xC2, 0x66, 0x0E, 0x76, 0x3B, 0x33,
    0x13, 0x4A, 0x14, 0x8C, 0xE8, 0x20, 0x5E, 0xA0, 0xF0, 0xFA, 0x04, 0xE5, 0x89, 0x8E, 0xEA, 0x84,
    0xF3, 0xE2, 0x84, 0x9F, 0x61, 0x7A, 0x51, 0xC1, 0x2B, 0x0C, 0x5E, 0x6E, 0x50, 0xD8, 0x05, 0x36,
    0x38, 0x65, 0xC3, 0xC5, 0x9F, 0xE3, 0xCF, 0xF7, 0xD7, 0xFA, 0x7C, 0xBC, 0x1C, 0xE1, 0xD5, 0x08,
    0x2F, 0x46, 0x98, 0x16, 0x41, 0x29, 0xC2, 0x94, 0x08, 0x13, 0x22, 0xA0, 0x43, 0x04, 0xB5, 0xFC,
    0x1D, 0x1A, 0xAA, 0x13, 0xB9, 0x9D, 0xA2, 0x09, 0x22, 0xE3, 0x74, 0x59, 0xBB, 0x95, 0xE0, 0xDA,
    0x89, 0x9E, 0xA3, 0xD1, 0xCE, 0x8B, 0x06, 0x50, 0x26, 0x28, 0x25, 0x50, 0x97, 0xA8, 0x29, 0x30,
    0x50, 0x6B, 0xA0, 0xEC, 0x40, 0x1D, 0xE2, 0xD8, 0xE8, 0x6A, 0x3A, 0x9E, 0xC2, 0x93, 0x29, 0x46,
    0x30, 0x03, 0x4A, 0x11, 0xCC, 0x94, 0x42, 0x84, 0x75, 0x51, 0x3F, 0xF4, 0xE2, 0xC8, 0x65, 0xDF,
    0xF9, 0xA7, 0xFF, 0x3A, 0x00, 0xE2, 0xCF, 0x7A, 0x00, 0x07, 0x0E, 0x5B, 0x20, 0x9E, 0x5C, 0x19,
    0x53, 0xA6, 0xD0, 0xC1, 0x80, 0x5D, 0xE7, 0x6C, 0x5A, 0xC1, 0xF3, 0x81, 0xFB, 0x5B, 0x65, 0xC2,
    0x84, 0x09, 0xD3, 0x25, 0x4C, 0x96, 0x30, 0x55, 0xC2, 0x44, 0x09, 0xD3, 0x24, 0x5E, 0x95, 0xB0,
    0x46, 0x07, 0x91, 0x22, 0xC4, 0xC3, 0x6D, 0x0E, 0xBC, 0x13, 0x6B, 0xC7, 0x93, 0xF2, 0xFE, 0x44,
    0x4B, 0xB3, 0x44, 0xB1, 0x42, 0xA8, 0x55, 0x08, 0xA5, 0x0A, 0x91, 0x67, 0x65, 0xA9, 0x4E, 0x98,
    0x38, 0x01, 0x6D, 0xC2, 0xA4, 0x09, 0x53, 0x26, 0xCC, 0xFD, 0x97, 0xEE, 0xBE, 0x0F, 0x28, 0x74,
    0xD9, 0xF9, 0xCF, 0xD2, 0x39, 0x39, 0xCF, 0x63, 0x88, 0x05, 0x1C, 0xB1, 0x00, 0x8A, 0x92, 0x70,
    0x59, 0x6E, 0x08, 0xD3, 0x19, 0x0B, 0xE2, 0x2B, 0xD7, 0xAF, 0xFB, 0x7E, 0xBD, 0x35, 0x7B, 0x22,
    0x25, 0x5D, 0x56, 0x53, 0x62, 0x6A, 0x61, 0x99, 0x49, 0x97, 0x59, 0x44, 0x5F, 0xA8, 0xB0, 0xF2,
    0xA6, 0x1C, 0x8B, 0x77, 0x87, 0xDC, 0xB4, 0x25, 0x64, 0xB4, 0x26, 0x45, 0x5D, 0x86, 0xB7, 0x90,
    0xDF, 0x62, 0x60, 0x21, 0x3F, 0x8B, 0xD1, 0x45, 0x0B, 0xAF, 0x8F, 0xA7, 0xCB, 0x0B, 0x0F, 0x8C,
    0xB0, 0x51, 0x0F, 0x9B, 0xE0, 0xEB, 0xBD, 0xFA, 0x55, 0xAE, 0x98, 0xF2, 0x76, 0x8D, 0x74, 0xD2,
    0xE7, 0x35, 0x96, 0x9A, 0xAF, 0xBC, 0x58, 0x31, 0xBE, 0x21, 0xAF, 0x03, 0xF2, 0x72, 0x02, 0xA4,
    0xFF, 0xE1, 0x00, 0x91, 0x4D, 0xE7, 0xB5, 0x26, 0xF8, 0x5A, 0xE7, 0x3E, 0xC6, 0x85, 0xC5, 0xB8,
    0x3E, 0xD3, 0x31, 0x66, 0x37, 0x6C, 0x4F, 0x6A, 0x38, 0x3E, 0xE0, 0xF1, 0x09, 0xB6, 0x70, 0xB0,
    0x3F, 0xB8, 0x43, 0x91, 0xEF, 0xD5, 0xF2, 0x54, 0x8C, 0xDB, 0x17, 0x30, 0xC6, 0x45, 0xBD, 0xAB,
    0x80, 0x24, 0xEE, 0xC4, 0x42, 0xE1, 0xD0, 0xC3, 0x6B, 0x16, 0xE3, 0x9B, 0x16, 0x63, 0xC2, 0x1A,
    0xE3, 0x8F, 0xCE, 0x66, 0x8C, 0x29, 0xD1, 0xC6, 0xE3, 0xCE, 0x5A, 0xEC, 0x81, 0x79, 0x81, 0x07,
    0x6A, 0x8B, 0xB1, 0xF5, 0xD2, 0xB0, 0x2F, 0x6C, 0x8C, 0x39, 0x9B, 0x53, 0xAD, 0x51, 0x53, 0x07,
    0x29, 0x68, 0x92, 0xEF, 0xA2, 0x1C, 0xE7, 0x70, 0x39, 0x23, 0x0A, 0x53, 0xC3, 0xB4, 0x5C, 0x2D,
    0x5D, 0xB8, 0x7E, 0xBD, 0x6A, 0x0B, 0x55, 0x6D, 0x8B, 0x4F, 0xEE, 0x36, 0x98, 0x91, 0x51, 0x05,
    0x2D, 0x6A, 0x98, 0x92, 0x73, 0x33, 0xBE, 0x53, 0x4A, 0x06, 0x4A, 0x72, 0xF7, 0x1C, 0x82, 0x5E,
    0xAF, 0x73, 0xC2, 0xBB, 0x77, 0xDF, 0x05, 0xA8, 0x4E, 0xFE, 0xBF, 0xF7, 0x00, 0x96, 0xCE, 0x0B,
    0x4F, 0x99, 0xC3, 0x11, 0xB0, 0x44, 0xD3, 0x0E, 0xDC, 0x40, 0x68, 0x90, 0xCE, 0xCA, 0x72, 0xEB,
    0xFA, 0xF5, 0x6B, 0x94, 0x5E, 0xCD, 0x1C, 0xA7, 0x29, 0x1C, 0x24, 0x98, 0xA3, 0xD1, 0x1B, 0x39,
    0x0C, 0xAD, 0xE2, 0xCF, 0x61, 0xF5, 0xB5, 0xC6, 0xC9, 0x80, 0x65, 0xDE, 0x49, 0x3F, 0x35, 0x55,
    0xC2, 0x82, 0x60, 0xFF, 0xD9, 0xB1, 0xB3, 0x14, 0xA7, 0x00, 0x21, 0xA2, 0xD9, 0x4D, 0x83, 0x3D,
    0xFD, 0x34, 0x18, 0xC8, 0x9F, 0x63, 0x9C, 0x30, 0x71, 0x04, 0xD8, 0xAC, 0xD1, 0x48, 0x2D, 0x4F,
    0x48, 0x8A, 0x54, 0x1A, 0xE1, 0xE9, 0xF1, 0xBD, 0x56, 0x2A, 0x90, 0x34, 0x6F, 0x25, 0x05, 0xB9,
    0xBC, 0x21, 0x31, 0xC8, 0x15, 0x90, 0x16, 0x5D, 0xE6, 0x86, 0x44, 0xF8, 0x86, 0xDD, 0x1A, 0x83,
    0x61, 0x24, 0x6A, 0x8D, 0x24, 0xB5, 0x91, 0x4C, 0x8C, 0xEC, 0x23, 0x1E, 0x4E, 0x10, 0x08, 0x23,
    0x83, 0x1D, 0x0A, 0x9C, 0x91, 0x48, 0xAD, 0xEC, 0xF1, 0x4A, 0xD2, 0xD2, 0x0E, 0x65, 0x62, 0x64,
    0xDF, 0x93, 0x77, 0xE4, 0xD0, 0x13, 0x27, 0x83, 0x91, 0xD0, 0xB1, 0x8B, 0x0A, 0x5D, 0xEC, 0x49,
    0xE2, 0x9A, 0xA5, 0x7E, 0x15, 0xF5, 0x72, 0xAA, 0x6D, 0x46, 0xB2, 0xF5, 0x13, 0xCA, 0xB0, 0xC5,
    0xD3, 0x09, 0xE1, 0xB3, 0x95, 0x6B, 0x5F, 0x69, 0x8D, 0x20, 0x2E, 0x7A, 0x6F, 0x40, 0x1C, 0x15,
    0xDD, 0x1A, 0x42, 0xD9, 0xC9, 0xC2, 0x68, 0xB6, 0x16, 0x50, 0xDF, 0xF6, 0x60, 0x8A, 0x7A, 0x45,
    0x44, 0x16, 0x8E, 0x0D, 0x54, 0x89, 0x88, 0x2F, 0x4E, 0x62, 0x88, 0xD9, 0xA5, 0xF2, 0x7F, 0xC6,
    0xB8, 0x36, 0x6C, 0x3D, 0x6A, 0x2B, 0x01, 0x22, 0x7E, 0xE4, 0x24, 0x45, 0xD0, 0x7F, 0x35, 0xCB,
    0x03, 0xC4, 0x34, 0x50, 0x45, 0xB7, 0x3A, 0x4A, 0xAE, 0x1D, 0xBA, 0xF0, 0x93, 0x0A, 0x54, 0xA5,
    0x0F, 0xE1, 0x7D, 0x65, 0xAD, 0xAA, 0x2E, 0x40, 0x2E, 0x8B, 0x1F, 0xD3, 0x46, 0x3E, 0x07, 0x78,
    0x06, 0xD2, 0x16, 0x4C, 0xBE, 0x63, 0x5D, 0xFA, 0x16, 0xAA, 0x9A, 0xD0, 0x94, 0xBB, 0xA0, 0x8F,
    0x01, 0x3C, 0x08, 0x48, 0x54, 0x71, 0x4A, 0xD0, 0x0C, 0xBC, 0x2E, 0xEF, 0xA5, 0x6A, 0x71, 0x07,
    0x64, 0x76, 0xA9, 0xF9, 0x04, 0x73, 0x86, 0x4A, 0x15, 0xF7, 0xBB, 0x70, 0xF0, 0xB1, 0x24, 0xFE,
    0xEE, 0xE1, 0x42, 0x80, 0xF3, 0xF2, 0x0D, 0x64, 0x3E, 0xCE, 0x81, 0xEA, 0x23, 0xD3, 0x0A, 0x6C,
    0x20, 0x40, 0x00, 0x42, 0x2A, 0xBF, 0x47, 0x8B, 0x48, 0xF3, 0x37, 0xCB, 0x6D, 0x3C, 0x64, 0xF3,
    0x1F, 0x41, 0xC4, 0x6B, 0xB8, 0x9E, 0xA8, 0x68, 0x8B, 0x72, 0xD7, 0xE2, 0x68, 0x05, 0xC1, 0x8F,
    0xA3, 0xF1, 0xC2, 0xC7, 0xB2, 0x60, 0x53, 0xCB, 0x1F, 0x94, 0x1C, 0xEA, 0xD9, 0xDA, 0x60, 0x43,
    0xDA, 0x60, 0xE1, 0x68, 0xE4, 0x9B, 0x7E, 0x01, 0x51, 0x33, 0xD4, 0xBB, 0x18, 0x05, 0x3B, 0x44,
    0x3A, 0x2F, 0x25, 0x1C, 0xA5, 0x90, 0x4B, 0xBF, 0x58, 0xEA, 0x02, 0x87, 0x37, 0x56, 0x22, 0xDE,
    0x28, 0xE9, 0x31, 0xC6, 0x1D, 0xB4, 0x12, 0x2B, 0x57, 0xAE, 0x07, 0x7E, 0x2B, 0xC4, 0x1D, 0xDF,
    0xED, 0x0D, 0xC8, 0xDD, 0x84, 0x11, 0x93, 0x46, 0x4C, 0x1C, 0x31, 0x79, 0x84, 0x83, 0xE1, 0x0B,
    0x17, 0x35, 0x40, 0xDE, 0xD9, 0xFD, 0x00, 0x5F, 0x25, 0x6A, 0x54, 0x0F, 0xF7, 0x05, 0x17, 0xFC,
    0xDC, 0x89, 0x24, 0x50, 0x0F, 0x23, 0x0E, 0xFB, 0xBA, 0xA3, 0x1E, 0x9E, 0x67, 0x5C, 0x19, 0x56,
    0x46, 0x95, 0x41, 0x65, 0x4C, 0x19, 0x52, 0x46, 0xF1, 0xD8, 0x20, 0x9C, 0x8C, 0x26, 0x83, 0x69,
    0xB1, 0xBC, 0x8C, 0x50, 0x7E, 0xB8, 0x06, 0x32, 0x74, 0x16, 0x46, 0x8B, 0x22, 0x82, 0xC8, 0x18,
    0x32, 0x84, 0x8C, 0x60, 0x61, 0xC2, 0x5B, 0x38, 0x30, 0x7C, 0x68, 0x2C, 0x3D, 0x83, 0xC7, 0xD8,
    0x31, 0x74, 0x56, 0x7C, 0x93, 0x3F, 0x4D, 0x00, 0xDD, 0x0A, 0xBE, 0xB1, 0x6E, 0x87, 0x2D, 0xAB,
    0xCA, 0xEE, 0x64, 0x56, 0x75, 0x85, 0x50, 0x4B, 0xEA, 0x79, 0x2A, 0x92, 0xD7, 0x84, 0xAB, 0x42,
    0x98, 0x08, 0xA1, 0x23, 0x24, 0x2D, 0x21, 0x13, 0xC2, 0x2D, 0x42, 0x30, 0x10, 0x22, 0x47, 0x48,
    0x07, 0x42, 0x31, 0x11, 0x1A, 0x25, 0xFC, 0xB7, 0xD6, 0x80, 0xB6, 0xE9, 0x00, 0x52, 0x38, 0x42,
    0x3A, 0x12, 0xE2, 0x99, 0x10, 0x29, 0x00, 0x67, 0x11, 0xAA, 0x9E, 0x90, 0x0F, 0x12, 0x68, 0x29,
    0xE9, 0x2C, 0x1B, 0xA5, 0x13, 0x0B, 0xB4, 0x46, 0x67, 0x91, 0x83, 0x7E, 0x7D, 0x59, 0x5E, 0xE7,
    0x5C, 0x80, 0x72, 0x20, 0xFB, 0xCC, 0xDF, 0xDA, 0x59, 0xF3, 0x32, 0x95, 0xEC, 0xD2, 0xFB, 0xAC,
    0xEC, 0x02, 0x1B, 0xD3, 0xCA, 0x97, 0xB3, 0x8D, 0xD6, 0x1B, 0x7B, 0xB0, 0x94, 0x1B, 0x9B, 0x3A,
    0x7C, 0x93, 0xD5, 0xB0, 0x57, 0x05, 0x76, 0x82, 0x0D, 0x1D, 0x6C, 0xD2, 0xC2, 0xE6, 0xB0, 0x73,
    0xC5, 0xAA, 0xE9, 0x00, 0xFB, 0x4B, 0x9E, 0x13, 0xA8, 0xCF, 0xAD, 0x84, 0x2D, 0x5A, 0xE6, 0xE3,
    0x60, 0x53, 0x8C, 0xCA, 0x08, 0x4C, 0xAE, 0x0F, 0x03, 0xF4, 0xD4, 0x93, 0xE4, 0xEE, 0xE5, 0x11,
    0x52, 0x93, 0xEE, 0x78, 0xCD, 0x70, 0x8B, 0x76, 0x3A, 0x65, 0xF5, 0xBA, 0x6F, 0x68, 0xB0, 0xC9,
    0xFC, 0x6D, 0x0A, 0xAA, 0x11, 0xFA, 0xA4, 0x94, 0xA3, 0xD2, 0xB6, 0x80, 0x1F, 0x6D, 0x97, 0x3A,
    0xD5, 0x3F, 0xE2, 0x80, 0x96, 0xD6, 0x22, 0x02, 0xEA, 0x56, 0x89, 0x6A, 0x67, 0xD6, 0xD2, 0xD9,
    0x8E, 0x05, 0xE6, 0x86, 0x91, 0xAA, 0x93, 0x10, 0x66, 0x4D, 0xDF, 0x6A, 0x90, 0x86, 0x35, 0x48,
    0x39, 0x87, 0x9C, 0xD5, 0xD8, 0xF4, 0xE2, 0xD7, 0x74, 0x7B, 0x2D, 0xB2, 0xB7, 0x94, 0x26, 0x8E,
    0x43, 0x1A, 0xA7, 0x30, 0x4E, 0x59, 0xDC, 0x44, 0x71, 0x2D, 0x77, 0x04, 0x71, 0xEE, 0x1B, 0x49,
    0x56, 0xD3, 0x25, 0xBF, 0xBE, 0xFE, 0x93, 0x3A, 0x41, 0x67, 0xB6, 0x31, 0xE3, 0x2A, 0x56, 0xA5,
    0xED, 0x7A, 0xCF, 0xC3, 0xB5, 0x1B, 0x4E, 0xFE, 0x0D, 0xDF, 0xEB, 0x43, 0x18, 0x66, 0xD8, 0xE0,
    0xC4, 0x6C, 0xB0, 0x3D, 0x5C, 0x12, 0xD1, 0xCC, 0x34, 0x19, 0x4C, 0xC1, 0x60, 0x97, 0x12, 0x23,
    0x5E, 0xE9, 0x50, 0x0C, 0x52, 0x75, 0xA9, 0xDE, 0xD3, 0x32, 0x50, 0x1D, 0xD0, 0xA6, 0xD6, 0x21,
    0x75, 0x08, 0x9F, 0xF8, 0x9E, 0xC1, 0x66, 0xBC, 0x5A, 0x6E, 0x0D, 0x26, 0x8F, 0x87, 0x92, 0x61,
    0x9C, 0xF8, 0xAE, 0xC4, 0xDD, 0xEA, 0xA7, 0xAB, 0x27, 0xCA, 0xCC, 0xF9, 0x6C, 0x8A, 0x82, 0xE7,
    0x70, 0xE7, 0x9F, 0x34, 0x23, 0x9B, 0xEB, 0x3A, 0x92, 0xDA, 0x9A, 0x17, 0x26, 0x63, 0x0E, 0x5B,
    0x93, 0xD1, 0xB4, 0x6F, 0xE2, 0xE8, 0x6D, 0xAC, 0x92, 0x2B, 0x76, 0x4E, 0x5D, 0x3C, 0x61, 0x7C,
    0xEC, 0x25, 0x68, 0x1E, 0x41, 0xE2, 0x7C, 0x35, 0x97, 0x9B, 0x1B, 0x67, 0x47, 0x9F, 0xF5, 0x70,
    0xB4, 0x96, 0x5B, 0x27, 0xA7, 0x5A, 0xEF, 0x69, 0x8D, 0x41, 0xB8, 0xF8, 0xDA, 0x7F, 0x25, 0xFE,
    0x78, 0xDF, 0x70, 0x92, 0xCA, 0xC9, 0xED, 0xF2, 0xFF, 0x77, 0xE2, 0x3D, 0x83, 0x9D, 0x78, 0xE6,
    0x43, 0x24, 0x73, 0x21, 0x92, 0x79, 0x90, 0x89, 0x39, 0x6C, 0x69, 0xCE, 0x33, 0xFE, 0x60, 0xF7,
    0xDC, 0xAD, 0xED, 0xB9, 0x15, 0x4B, 0xCD, 0x96, 0xE5, 0x5F, 0x91, 0x9D, 0xE1, 0x3D, 0x77, 0x54,
    0x0D, 0x77, 0xC5, 0xD4, 0x82, 0x47, 0x4C, 0x20, 0x0D, 0x06, 0x42, 0xD4, 0x11, 0x02, 0xB1, 0x74,
    0xC6, 0xD6, 0x08, 0x12, 0xBE, 0x67, 0xB2, 0x29, 0xDB, 0xAA, 0xE4, 0xDB, 0xFE, 0x78, 0x80, 0x29,
    0x5F, 0xE8, 0x35, 0x02, 0x26, 0xF9, 0x98, 0x60, 0x8A, 0xB1, 0x99, 0x7D, 0x42, 0xC9, 0xCF, 0xB6,
    0xDF, 0xFA, 0x46, 0x18, 0x12, 0x47, 0xC4, 0x2D, 0xB3, 0xA3, 0xC9, 0x2C, 0xC6, 0xA2, 0xE9, 0x29,
    0xD8, 0xF8, 0x18, 0x83, 0xA7, 0x07, 0x5F, 0xAF, 0xA2, 0x4E, 0x1D, 0x97, 0x0D, 0x92, 0x7D, 0x0A,
    0xA1, 0x03, 0xB5, 0x8E, 0x75, 0x11, 0x4B, 0x17, 0xCA, 0xE3, 0xE6, 0x39, 0x05, 0xCD, 0xBC, 0x81,
    0x99, 0xB3, 0xBF, 0x60, 0x29, 0xFE, 0xB9, 0x19, 0x44, 0x96, 0x43, 0x49, 0x71, 0x23, 0xC7, 0xDE,
    0x1A, 0x4D, 0xD6, 0xBA, 0x4E, 0x40, 0xC9, 0x0F, 0x6F, 0x78, 0x02, 0xF4, 0x24, 0x58, 0xA7, 0xB6,
    0x3B, 0x04, 0x58, 0xE1, 0xE3, 0xD1, 0x3A, 0x5D, 0x42, 0xD6, 0x11, 0x0A, 0xCB, 0xDD, 0x6A, 0x49,
    0xC8, 0x7A, 0x42, 0x53, 0x03, 0x12, 0x5B, 0x57, 0x75, 0x84, 0x47, 0x27, 0x9E, 0x01, 0x79, 0x12,
    0x04, 0x5A, 0x03, 0xDE, 0xF0, 0xD7, 0x55, 0xAB, 0x2B, 0xAC, 0x1B, 0xB4, 0xA7, 0x2D, 0xEB, 0x76,
    0xDF, 0x7A, 0xAE, 0xC2, 0xE0, 0x15, 0x0F, 0xE7, 0xE4, 0xF1, 0x64, 0x5B, 0xDC, 0x2A, 0x25, 0x6C,
    0xB7, 0x15, 0x7A, 0xCD, 0x52, 0x9D, 0x87, 0x91, 0x60, 0xDB, 0xDA, 0x6C, 0x1F, 0xE1, 0xD0, 0xD4,
    0x84, 0xA2, 0x23, 0x64, 0x8E, 0x90, 0x8E, 0x84, 0x68, 0x22, 0x04, 0x4A, 0x10, 0xAD, 0x09, 0x45,
    0x4B, 0xC8, 0x1C, 0x21, 0x1D, 0x08, 0xD1, 0x44, 0x08, 0x95, 0x20, 0x7A, 0x48, 0x28, 0x26, 0x42,
    0x4E, 0x40, 0x18, 0x6D, 0xCB, 0x9A, 0x6D, 0x58, 0x5B, 0xB7, 0x03, 0xEE, 0xBD, 0xBB, 0xF3, 0xA2,
    0x77, 0xA1, 0x2D, 0x68, 0xD3, 0x7A, 0xA7, 0x4B, 0x2B, 0x4F, 0xCC, 0x8D, 0x6D, 0x27, 0x99, 0xDF,
    0x47, 0xE6, 0x77, 0x91, 0x85, 0x6C, 0x7E, 0x7E, 0x07, 0x59, 0x38, 0xD3, 0x4E, 0x12, 0x3C, 0x9D,
    0xF5, 0xFB, 0xC4, 0xFC, 0x2E, 0x31, 0xBF, 0x47, 0xCC, 0xBA, 0x1F, 0xEB, 0x80, 0xAC, 0x0B, 0xDA,
    0xCE, 0xF8, 0xA5, 0xDF, 0x5D, 0xE1, 0x27, 0x5A, 0xF2, 0x8C, 0x7F, 0x6A, 0x19, 0xBD, 0x90, 0x07,
    0x6F, 0x06, 0x84, 0x2B, 0x1E, 0xAE, 0xC6, 0x9D, 0xCD, 0xE5, 0x4C, 0x20, 0x20, 0x7C, 0x9E, 0xAE,
    0xFD, 0xBA, 0xA9, 0x97, 0x69, 0xC7, 0x5C, 0x52, 0x07, 0xB8, 0x1F, 0x0F, 0x00, 0x47, 0x5D, 0x3B,
    0x74, 0xE1, 0x44, 0x7F, 0x05, 0x27, 0x05, 0xED, 0xE6, 0x73, 0x05, 0xED, 0xDE, 0x04, 0x6D, 0xAF,
    0x64, 0x0F, 0x3B, 0x4A, 0x36, 0xE0, 0xF3, 0x95, 0x6C, 0xEB, 0x79, 0xDD, 0x5A, 0xED, 0x5B, 0x3B,
    0x55, 0xE6, 0xA3, 0x65, 0xA3, 0xF8, 0x65, 0x54, 0xF5, 0x8A, 0x38, 0x33, 0x57, 0x43, 0x74, 0xF4,
    0x47, 0x1D, 0xB2, 0x7C, 0x5E, 0xEA, 0xB6, 0x0D, 0x1D, 0x48, 0xC9, 0x60, 0xC4, 0xBB, 0xD2, 0x46,
    0x52, 0x8B, 0xA2, 0x25, 0xB7, 0x92, 0xF2, 0x0F, 0x5E, 0xEF, 0x16, 0xB9, 0x6B, 0x21, 0x5B, 0x4E,
    0x6E, 0x87, 0x4C, 0x7A, 0x02, 0xEB, 0x6C, 0x37, 0x62, 0x3A, 0xFF, 0x72, 0xEB, 0xE0, 0xA7, 0x77,
    0x58, 0x84, 0xB6, 0xC3, 0xC2, 0xFC, 0xCB, 0x2E, 0x38, 0x20, 0xC6, 0x2D, 0x94, 0x89, 0xBF, 0xE2,
    0x83, 0xB5, 0xEC, 0x28, 0x13, 0x0D, 0x95, 0x09, 0x85, 0x32, 0x11, 0xFE, 0x06, 0xCA, 0x44, 0xFC,
    0x2B, 0x28, 0x13, 0xE9, 0x8F, 0xA1, 0x4C, 0x64, 0x54, 0x26, 0xF6, 0xA9, 0x4C, 0xDC, 0xA0, 0x32,
    0xE1, 0xA0, 0x4C, 0x84, 0x7D, 0xB0, 0xB1, 0x51, 0x0B, 0x9B, 0xD4, 0xB0, 0x29, 0x95, 0x89, 0x7D,
    0x2A, 0x13, 0x37, 0xA9, 0x4C, 0xA0, 0xA7, 0x2D, 0xFE, 0xC5, 0x6D, 0x6C, 0xFE, 0xCB, 0x16, 0xCA,
    0xC4, 0x7F, 0xD5, 0x50, 0x26, 0x94, 0xCA, 0xC4, 0xB2, 0xA3, 0x4C, 0x28, 0x94, 0x89, 0xE0, 0x7F,
    0x14, 0x1E, 0xEF, 0xF0, 0x82, 0x36, 0x2C, 0x77, 0xA6, 0x90, 0x79, 0xB7, 0x56, 0x70, 0x5E, 0xA7,
    0x8E, 0x51, 0x0B, 0x66, 0x4F, 0x4A, 0xBD, 0x09, 0x59, 0x52, 0x4A, 0xA3, 0x47, 0x50, 0x0A, 0xE6,
    0xAD, 0xFC, 0xA0, 0x98, 0x2E, 0x69, 0x5D, 0x49, 0x7C, 0xD4, 0x36, 0x92, 0x42, 0x7E, 0xB8, 0x0C,
    0xF9, 0xE1, 0x26, 0x94, 0x87, 0x61, 0x63, 0xC2, 0x3E, 0xED, 0x35, 0x6A, 0x37, 0x26, 0x29, 0xD3,
    0xAE, 0xC9, 0x20, 0x3F, 0x5C, 0x81, 0xFC, 0x30, 0x42, 0x7E, 0x70, 0xAB, 0xFC, 0x10, 0x53, 0xD3,
    0x68, 0xF4, 0x8E, 0x5C, 0x46, 0xDB, 0xF8, 0xA1, 0x77, 0xFB, 0x5F, 0xBE, 0xE7, 0x03, 0xB9, 0xF8,
    0x67, 0xB3, 0x02, 0x44, 0x2E, 0xAF, 0x39, 0x02, 0x26, 0x2D, 0xBB, 0xBD, 0xD0, 0x79, 0xF7, 0x5F,
    0x3B, 0x1B, 0xEF, 0x06, 0xDF, 0x46, 0x9D, 0x8B, 0x76, 0xB6, 0xFA, 0xC6, 0xA8, 0x2D, 0xEB, 0xCA,
    0x9A, 0xA2, 0x9E, 0xCF, 0xA7, 0xBB, 0x0C, 0x17, 0x42, 0xA6, 0x2D, 0xA0, 0x38, 0xF2, 0x8E, 0x12,
    0x3F, 0xD8, 0xC8, 0x0D, 0xFF, 0x94, 0x9F, 0x3F, 0x1B, 0x31, 0x90, 0x3D, 0xCC, 0xC4, 0x72, 0x64,
    0x54, 0x1D, 0xF5, 0x22, 0x23, 0xAE, 0x81, 0x88, 0x21, 0xA5, 0x9C, 0xFF, 0xF6, 0xDD, 0x8F, 0x47,
    0xF4, 0x52, 0x89, 0x21, 0x19, 0x8E, 0x0A, 0x27, 0x4E, 0x33, 0x3E, 0xA2, 0xB0, 0x5F, 0xD0, 0xCB,
    0x49, 0x8D, 0x8E, 0x36, 0x28, 0xCF, 0xC9, 0x8E, 0xC4, 0x30, 0x9B, 0x0D, 0x55, 0x02, 0x3F, 0xA7,
    0xDF, 0xDF, 0xB1, 0x6F, 0xD2, 0xBE, 0x46, 0x2B, 0x5F, 0x60, 0x55, 0x5B, 0xDA, 0xDA, 0xBE, 0x79,
    0xB2, 0x0D, 0x4B, 0xD8, 0xB8, 0x86, 0x4D, 0x68, 0xD3, 0x3A, 0xE0, 0xEB, 0x0B, 0xFF, 0x33, 0xA0,
    0x86, 0xF6, 0xED, 0x10, 0xCD, 0xFC, 0x1F, 0x66, 0xE8, 0x5D, 0x0D, 0x9B, 0x79, 0x29, 0xC1, 0x90,
    0xA2, 0x99, 0x47, 0x3D, 0x9A, 0x79, 0xB9, 0xAB, 0x7A, 0xB2, 0x3B, 0xD6, 0x5F, 0x4C, 0x18, 0x68,
    0x16, 0x49, 0xD8, 0x6B, 0x74, 0x52, 0xD4, 0x19, 0x44, 0x85, 0xBC, 0x45, 0x77, 0x42, 0xA3, 0xAA,
    0x66, 0xD0, 0xA2, 0x60, 0x4E, 0x89, 0x6D, 0x4E, 0x02, 0xB4, 0x82, 0xB8, 0x0C, 0x97, 0xB2, 0x42,
    0x04, 0x51, 0x04, 0xED, 0x6D, 0x5F, 0x99, 0x1F, 0x29, 0x22, 0xA5, 0x02, 0xFA, 0xD9, 0x84, 0xAB,
    0xCA, 0xAB, 0x02, 0x77, 0xA5, 0xBE, 0x8F, 0x7F, 0x79, 0x3C, 0x2C, 0xC9, 0xB8, 0x0A, 0xCB, 0xDA,
    0x60, 0x48, 0x8F, 0x3A, 0x89, 0x5A, 0xCC, 0x31, 0xCB, 0xAD, 0x73, 0x31, 0x0C, 0x48, 0xA3, 0x25,
    0xFA, 0x74, 0x27, 0x69, 0x1F, 0x8D, 0x92, 0xB7, 0xC1, 0x84, 0xD9, 0xCF, 0x82, 0x76, 0xAB, 0x7E,
    0xE7, 0xB9, 0xD2, 0x6C, 0x92, 0x19, 0x11, 0xD9, 0x31, 0x8D, 0x8D, 0x8D, 0xF4, 0xF5, 0x39, 0xB4,
    0xEE, 0xD7, 0x24, 0x79, 0x84, 0x09, 0x33, 0x27, 0x88, 0x18, 0xE2, 0x19, 0x45, 0x84, 0xBC, 0xF8,
    0xD9, 0x24, 0x59, 0xFB, 0x40, 0x92, 0xBE, 0x28, 0x43, 0x84, 0xFB, 0x30, 0xEA, 0xE5, 0x7B, 0xBE,
    0x3C, 0x58, 0x84, 0xE2, 0xC3, 0x25, 0x68, 0x34, 0x3D, 0xF3, 0x0F, 0xF2, 0x0D, 0x1A, 0x7D, 0x07,
    0xC5, 0x42, 0x59, 0xD0, 0xFA, 0xD0, 0xF8, 0x62, 0xB7, 0x53, 0x16, 0x36, 0x3C, 0x4B, 0x3A, 0x89,
    0x1C, 0xD8, 0xB5, 0xE1, 0xD7, 0xFC, 0x44, 0xB3, 0xA0, 0x63, 0x11, 0xD5, 0x31, 0x78, 0x50, 0xA6,
    0xDA, 0xE7, 0x47, 0xC3, 0xBE, 0x1C, 0xDE, 0x90, 0x2B, 0xE7, 0xE5, 0xDC, 0x37, 0xF1, 0x9B, 0x83,
    0x70, 0x91, 0x54, 0xBB, 0xE2, 0xC8, 0xDD, 0x94, 0xF1, 0x43, 0xDC, 0xE5, 0xFC, 0x33, 0xF8, 0xC1,
    0xC1, 0xFB, 0x7B, 0x98, 0x23, 0x34, 0xEC, 0x8B, 0x8B, 0xBF, 0x98, 0x28, 0xD5, 0xDF, 0xE6, 0x04,
    0x28, 0x2F, 0x31, 0x5B, 0x48, 0x5A, 0x76, 0xFF, 0xE5, 0x4B, 0xF6, 0x83, 0x83, 0x27, 0x77, 0x42,
    0xCF, 0xE7, 0x07, 0x07, 0x17, 0x1F, 0xC2, 0xEA, 0x22, 0xAB, 0x13, 0xA2, 0x2E, 0x41, 0xD5, 0xEA,
    0x68, 0x63, 0x03, 0x79, 0xE9, 0xFC, 0xEC, 0xC7, 0xD3, 0x02, 0xFF, 0x37, 0x4D, 0xE7, 0x5F, 0xBD,
    0x04, 0xBD, 0x38, 0x8E, 0xA7, 0xCF, 0xC3, 0xC5, 0x97, 0xEA, 0xF7, 0x39, 0x20, 0x34, 0x54, 0x54,
    0x0A, 0x54, 0x70, 0x44, 0xD8, 0xE5, 0x90, 0xA3, 0x6A, 0x2E, 0x03, 0x4A, 0xEE, 0xCB, 0x66, 0xBD,
    0xFD, 0xBB, 0xB4, 0x5A, 0x0B, 0x86, 0xE8, 0xE1, 0x58, 0xED, 0x0A, 0x96, 0x27, 0x3F, 0x9C, 0xC1,
    0x7C, 0x7C, 0x3E, 0xFC, 0xA5, 0x77, 0xB5, 0x5C, 0xF7, 0xBF, 0x69, 0x34, 0xC3, 0x06, 0x6A, 0x6A,
    0x12, 0x6C, 0xD1, 0xC1, 0xE6, 0x0E, 0x36, 0x1D, 0x61, 0xE3, 0x09, 0x36, 0xB4, 0x0C, 0xD9, 0xDB,
    0x57, 0x1D, 0x34, 0xB4, 0x7C, 0xC1, 0x08, 0xB6, 0xA7, 0xAC, 0x11, 0xDD, 0x93, 0x40, 0x69, 0x8C,
    0xD8, 0x8A, 0xA7, 0xB8, 0x17, 0xB9, 0x1A, 0xB8, 0xED, 0xCF, 0x1E, 0xCC, 0xD1, 0xC5, 0x94, 0x6A,
    0x79, 0x71, 0x2E, 0xB4, 0x95, 0xE5, 0xC3, 0xA2, 0x95, 0xA6, 0xCB, 0x37, 0xA6, 0x7D, 0xDD, 0x86,
    0xBF, 0xA6, 0x84, 0x91, 0xAF, 0x6A, 0x50, 0xA7, 0x8B, 0xFA, 0x29, 0x02, 0xAD, 0xDB, 0xA1, 0x34,
    0xDE, 0x1D, 0x4A, 0xC5, 0x0F, 0xA5, 0x7F, 0xCC, 0xA1, 0xF4, 0xDC, 0xCB, 0xE3, 0x5C, 0xFF, 0x40,
    0x36, 0x94, 0x0C, 0x9B, 0x5A, 0xA2, 0x3E, 0x6E, 0x25, 0x6A, 0xC3, 0x6E, 0xFB, 0x2C, 0xDA, 0x58,
    0xAA, 0xAE, 0x98, 0xE5, 0x60, 0x50, 0x85, 0xFE, 0xC4, 0x3E, 0xB9, 0x41, 0xB6, 0x37, 0xFC, 0xE4,
    0x39, 0x9C, 0x61, 0xA6, 0xAF, 0x6A, 0x58, 0x05, 0x94, 0x86, 0x75, 0xB2, 0xB9, 0x20, 0x9B, 0x6D,
    0xCB, 0x53, 0xBC, 0x64, 0x31, 0x47, 0x0E, 0x50, 0x78, 0x61, 0x30, 0xAD, 0x6F, 0x02, 0x02, 0x39,
    0x77, 0xA6, 0xF6, 0x48, 0x87, 0xEF, 0xFD, 0xE0, 0x0E, 0xAB, 0x8C, 0xBA, 0x3E, 0x88, 0x86, 0x53,
    0xA3, 0x51, 0x46, 0x7D, 0x26, 0x78, 0xB1, 0xF6, 0xBB, 0x6F, 0xC6, 0x7D, 0x40, 0xA2, 0x0E, 0x90,
    0x7D, 0x36, 0x02, 0xAE, 0x0A, 0x23, 0x74, 0x45, 0xDE, 0x04, 0x9C, 0x3F, 0x63, 0x81, 0xB2, 0xF7,
    0x97, 0x81, 0x72, 0xB9, 0xB6, 0xA8, 0xAC, 0xBF, 0x21, 0x4B, 0x4A, 0x68, 0x5E, 0x81, 0xBC, 0x60,
    0x21, 0x62, 0x60, 0xB4, 0x93, 0x40, 0x8F, 0xB0, 0x96, 0x0B, 0x14, 0xCB, 0x8B, 0xAA, 0xCC, 0xB8,
    0xF9, 0xBC, 0x96, 0x1C, 0x63, 0xDB, 0xF7, 0x58, 0x5B, 0x18, 0x7B, 0xAB, 0x9C, 0xB2, 0x72, 0xDA,
    0xAD, 0xF5, 0xCC, 0x41, 0x43, 0x9D, 0x48, 0x05, 0x94, 0x52, 0x15, 0x2F, 0xEA, 0xCE, 0x61, 0x78,
    0xBA, 0x0C, 0x53, 0x98, 0xC9, 0x6C, 0x8C, 0xC2, 0x7A, 0x31, 0x59, 0xFE, 0x9E, 0x7B, 0x81, 0xEF,
    0xB0, 0x1B, 0xB1, 0x14, 0xBC, 0xB7, 0xED, 0x02, 0x06, 0x18, 0x67, 0x9A, 0x8C, 0x17, 0x12, 0x03,
    0xEB, 0x73, 0x02, 0x5D, 0x24, 0xF9, 0xB8, 0x6A, 0xF3, 0x1A, 0xB9, 0xC6, 0xF8, 0xB4, 0x45, 0x29,
    0xFE, 0xBD, 0xDA, 0x28, 0x92, 0xB0, 0x5A, 0x7C, 0x1B, 0x50, 0x6F, 0x48, 0xE7, 0x0B, 0x1F, 0xBB,
    0x3F, 0x95, 0x68, 0xD8, 0x97, 0xC8, 0xDD, 0xDE, 0x7C, 0x0A, 0x49, 0xFA, 0xFC, 0xE3, 0xA6, 0x8E,
    0x71, 0xDE, 0x85, 0x55, 0x16, 0xBA, 0x83, 0x32, 0x7A, 0x59, 0xB7, 0x30, 0x2D, 0xEF, 0xA6, 0xD7,
    0xF2, 0x0A, 0xEA, 0x80, 0x66, 0xCB, 0xAC, 0x8B, 0xDD, 0xBE, 0x64, 0x5D, 0xE0, 0xAE, 0x6C, 0xAC,
    0x98, 0xFD, 0x33, 0xD8, 0x0F, 0x04, 0x56, 0xBE, 0x79, 0x5B, 0x38, 0x94, 0x58, 0x97, 0x1A, 0x71,
    0xD4, 0x4E, 0x4E, 0xA6, 0x1F, 0xD4, 0xB2, 0x46, 0x4E, 0x8A, 0x92, 0x76, 0x47, 0x9E, 0xBC, 0x71,
    0x2C, 0x51, 0xFE, 0x08, 0x8F, 0xA4, 0xD5, 0xF3, 0xD0, 0x3B, 0x3F, 0xE7, 0x5E, 0x3C, 0x85, 0xF4,
    0xFF, 0xF5, 0x3E, 0xF3, 0xFA, 0xD2, 0xFD, 0x93, 0x52, 0x72, 0x2D, 0x25, 0xB8, 0xB6, 0x95, 0xDD,
    0x28, 0x37, 0xA7, 0x08, 0x14, 0x66, 0x71, 0xFE, 0xDE, 0x36, 0x50, 0xDB, 0x64, 0x28, 0xD1, 0x7B,
    0x8B, 0xA0, 0x89, 0xD4, 0xD8, 0xD4, 0xC1, 0xF9, 0x4D, 0x5F, 0x61, 0xDA, 0x75, 0x15, 0xC6, 0x5E,
    0x39, 0xD0, 0x07, 0x0C, 0xB8, 0x70, 0x42, 0x83, 0xBB, 0x36, 0x1D, 0x06, 0x8D, 0x8D, 0xB9, 0xFD,
    0xD6, 0xE2, 0x07, 0x63, 0x13, 0xF9, 0xEC, 0xB2, 0x61, 0x35, 0x89, 0x31, 0x3B, 0x90, 0xC1, 0x14,
    0xBD, 0xBD, 0x71, 0x0F, 0x15, 0xDF, 0x4F, 0xB6, 0xED, 0xE6, 0xA2, 0x96, 0xB2, 0x87, 0x37, 0xC6,
    0x05, 0xA6, 0x73, 0x7F, 0x2E, 0x48, 0x17, 0xAE, 0x49, 0xA8, 0x5A, 0xA6, 0xBF, 0x3B, 0xE8, 0x8A,
    0x3A, 0x71, 0x85, 0x44, 0xE3, 0xE6, 0x33, 0xBD, 0x7E, 0xBC, 0x00, 0x42, 0x1B, 0x74, 0xB8, 0x37,
    0x1F, 0xC4, 0x83, 0x59, 0x64, 0x39, 0xE8, 0xA4, 0x8C, 0x07, 0x6B, 0xDC, 0x8B, 0x7D, 0x94, 0x1F,
    0xF2, 0xC0, 0x16, 0x80, 0xC9, 0xE0, 0x3B, 0x12, 0xAD, 0xE5, 0x22, 0xC6, 0xE1, 0x4E, 0x8A, 0xD1,
    0x6E, 0x8C, 0x1F, 0x71, 0x33, 0x84, 0x88, 0x93, 0xED, 0x0F, 0xC5, 0x0E, 0xD1, 0x0E, 0x10, 0x69,
    0x0D, 0x08, 0x4E, 0xFF, 0x9A, 0xDE, 0x92, 0xBD, 0x77, 0xF5, 0x30, 0xDB, 0x1B, 0x57, 0x2B, 0xC1,
    0xD7, 0x07, 0x24, 0x03, 0xFB, 0xF2, 0x69, 0xC1, 0x97, 0x8C, 0xA3, 0xBF, 0x5F, 0xDD, 0x09, 0x3E,
    0x5F, 0xF2, 0xE7, 0xDF, 0x5F, 0x67, 0x8F, 0x25, 0x67, 0xE1, 0x0B, 0x45, 0xBE, 0xA5, 0xD2, 0x61,
    0x63, 0x7B, 0x6E, 0xD0, 0x69, 0xC3, 0x79, 0xB7, 0x67, 0x35, 0xF2, 0x34, 0x36, 0x50, 0xD8, 0x1C,
    0x4B, 0xE3, 0x87, 0x95, 0x4E, 0xA2, 0xD3, 0xFF, 0x01, 0xAD, 0x95, 0x01, 0x84, 0x24, 0xD9, 0x19,
    0xC7, 0x7F, 0xAF, 0xAA, 0xA7, 0x6B, 0xF7, 0xCA, 0x4D, 0x35, 0x7A, 0x92, 0xC9, 0xDE, 0xCE, 0x54,
    0xD0, 0x98, 0x9C, 0xEB, 0x2D, 0x58, 0x4C, 0xE8, 0xEE, 0x7A, 0x73, 0x27, 0x09, 0x22, 0xD2, 0xD8,
    0x16, 0x12, 0x92, 0xC1, 0x21, 0x3B, 0xEE, 0x72, 0x1B, 0x06, 0x7D, 0xCC, 0x4C, 0x57, 0x0E, 0x09,
    0x09, 0xB4, 0x84, 0x04, 0x60, 0x70, 0x97, 0x64, 0x7A, 0x13, 0x3B, 0xD8, 0x70, 0x98, 0x4C, 0x3F,
    0x17, 0x11, 0x08, 0x4A, 0x84, 0x00, 0x94, 0xB8, 0x48, 0x08, 0xBC, 0xD0, 0x4B, 0x65, 0xAE, 0xBA,
    0x5F, 0x5E, 0x75, 0x77, 0xBB, 0xCC, 0x6E, 0x36, 0x81, 0x7C, 0xFF, 0xFF, 0xEB, 0xAF, 0xDF, 0x7B,
    0xDF, 0x7B, 0xAF, 0x5F, 0x7D, 0xFF, 0xAF, 0xFA, 0xE5, 0x84, 0x30, 0xC3, 0xD7, 0x38, 0x39, 0x1C,
    0x43, 0x08, 0x02, 0x46, 0xCE, 0xD4, 0x9D, 0x04, 0x69, 0x28, 0x5B, 0xD4, 0x60, 0x84, 0x30, 0x89,
    0x6B, 0x52, 0xFF, 0xAF, 0x3A, 0xDC, 0xCB, 0xDB, 0xB4, 0x6B, 0x54, 0xC4, 0x10, 0xC2, 0x29, 0x59,
    0x6C, 0xFE, 0x90, 0xF6, 0x43, 0xA3, 0x1E, 0x38, 0x06, 0xA8, 0xB1, 0xD1, 0xBB, 0x37, 0x30, 0x53,
    0xCB, 0x83, 0xD1, 0xE8, 0x6C, 0x6C, 0xCC, 0xAC, 0xF4, 0xBB, 0xBC, 0xD2, 0xA2, 0x15, 0xFD, 0x38,
    0x0F, 0x8C, 0x76, 0x8D, 0xA2, 0xCE, 0x1A, 0xB1, 0x2A, 0x11, 0x25, 0x70, 0x87, 0xF7, 0x07, 0x7B,
    0x53, 0xCB, 0x98, 0xA2, 0x42, 0xAD, 0xFA, 0x73, 0x62, 0x23, 0x3F, 0x1B, 0xAA, 0x9A, 0xAF, 0x08,
    0x94, 0x18, 0xE3, 0x4C, 0x70, 0x32, 0x44, 0x8A, 0x78, 0x97, 0xC0, 0xD0, 0xF9, 0x9A, 0x3A, 0x72,
    0xD3, 0xBE, 0x53, 0xB2, 0xE3, 0xAB, 0xD0, 0x48, 0x3B, 0x2E, 0xCE, 0x5E, 0x78, 0xD7, 0x2D, 0x02,
    0xED, 0xEB, 0x58, 0x05, 0xE9, 0x80, 0x48, 0x16, 0x1C, 0x3B, 0x9A, 0x1A, 0x92, 0xD7, 0xF9, 0x54,
    0x87, 0x8B, 0xE0, 0x83, 0x89, 0xF7, 0x51, 0xE6, 0x18, 0x85, 0x91, 0x6C, 0xB0, 0xD3, 0x2A, 0x6D,
    0x67, 0xFF, 0xE6, 0x24, 0x5C, 0x61, 0xFF, 0xE6, 0xC1, 0xAB, 0xF6, 0x70, 0x35, 0xA5, 0xDC, 0xC1,
    0xD3, 0x51, 0x22, 0x72, 0x5F, 0x71, 0xE4, 0x68, 0x2A, 0x74, 0x01, 0x2E, 0xC1, 0x94, 0xAC, 0x1F,
    0xD7, 0x5B, 0xB4, 0xEC, 0xA6, 0xA1, 0x99, 0xF8, 0x26, 0xE3, 0x3E, 0xE2, 0x52, 0xDA, 0x2F, 0x91,
    0xC9, 0xED, 0xA0, 0x9D, 0xAA, 0x51, 0xE1, 0x06, 0x17, 0x6E, 0x1A, 0xB0, 0x4D, 0x87, 0x38, 0x89,
    0x75, 0xAC, 0x23, 0xED, 0x25, 0xCE, 0x30, 0xC8, 0x83, 0x22, 0x28, 0x9C, 0x82, 0x0B, 0x1E, 0xA3,
    0x3D, 0x15, 0xD3, 0xA0, 0x9A, 0x44, 0x3A, 0x2E, 0x91, 0x74, 0xD8, 0x26, 0xC0, 0x4D, 0x29, 0xD8,
    0xFC, 0xCF, 0xB1, 0x07, 0xD2, 0xDE, 0x30, 0x73, 0x35, 0x05, 0x4D, 0x2A, 0xE2, 0xCC, 0x2D, 0x7C,
    0x1D, 0xA8, 0x88, 0x3E, 0x35, 0x18, 0xA2, 0x7B, 0xDA, 0xE8, 0x91, 0xC6, 0x62, 0x1F, 0xCD, 0x13,
    0x69, 0xF4, 0xD5, 0x69, 0xD9, 0x3D, 0x18, 0x25, 0x63, 0x93, 0xF6, 0xBE, 0x92, 0xE2, 0x3C, 0x43,
    0x70, 0xB3, 0x60, 0x12, 0xE4, 0xEE, 0x44, 0x68, 0xC7, 0x9E, 0x73, 0x42, 0x17, 0xF0, 0xD2, 0x48,
    0xB5, 0x69, 0x59, 0xB4, 0x09, 0x55, 0x19, 0xE6, 0xAA, 0x12, 0x9F, 0xFC, 0xE3, 0x78, 0x76, 0x70,
    0x06, 0xE3, 0xD9, 0x78, 0xB6, 0x18, 0x71, 0x12, 0x27, 0x29, 0xFD, 0x72, 0xC4, 0xF6, 0x7B, 0x3D,
    0x63, 0x46, 0x23, 0x76, 0x68, 0x2D, 0x71, 0xF4, 0xD3, 0x7C, 0x3C, 0x19, 0x64, 0x6B, 0x9C, 0xA2,
    0x97, 0x98, 0x70, 0xF9, 0xCD, 0x41, 0x1E, 0x4D, 0x84, 0xDC, 0x26, 0x56, 0x03, 0x2B, 0x87, 0xED,
    0xA7, 0xC5, 0x20, 0xEE, 0x11, 0x18, 0xE2, 0x6F, 0xA8, 0x96, 0x5B, 0xB2, 0xED, 0x95, 0xE9, 0xF6,
    0xA6, 0xDC, 0x4A, 0x22, 0x15, 0xC9, 0x98, 0xF6, 0xFC, 0xDA, 0x02, 0x4F, 0xFA, 0x99, 0x5F, 0x70,
    0x49, 0x6C, 0x31, 0x33, 0xC5, 0x38, 0xE3, 0x31, 0x9E, 0x22, 0x90, 0xC4, 0xCC, 0x29, 0x89, 0xFE,
    0x92, 0x04, 0x46, 0x39, 0x26, 0x59, 0xA4, 0xBE, 0xBE, 0xD1, 0xEB, 0x49, 0x63, 0x8C, 0x2E, 0xDB,
    0x14, 0x4F, 0x4F, 0x10, 0x5A, 0x83, 0xEE, 0x42, 0x77, 0xD8, 0xA8, 0x66, 0xBB, 0xBE, 0xBE, 0x58,
    0xB7, 0x4A, 0x0E, 0xDF, 0x99, 0xBC, 0xCE, 0x56, 0xA9, 0xA0, 0xDF, 0x68, 0xCF, 0xA4, 0xA5, 0x80,
    0x0D, 0xD4, 0xE1, 0x12, 0x61, 0xA4, 0xED, 0x06, 0x7F, 0xD2, 0xD1, 0x5E, 0x7E, 0x44, 0x1B, 0x2A,
    0x35, 0x2A, 0xD7, 0x94, 0x31, 0x82, 0x1E, 0x76, 0x95, 0xED, 0xC6, 0x7B, 0x85, 0x9D, 0x6A, 0xB0,
    0x59, 0xFD, 0x90, 0x6E, 0x34, 0x13, 0x59, 0x67, 0xFC, 0x77, 0x75, 0x18, 0x98, 0x64, 0x5F, 0xCC,
    0x00, 0x16, 0x75, 0xC3, 0xC2, 0xCC, 0xD2, 0x00, 0x7A, 0xD6, 0x8C, 0xB5, 0xB2, 0x9C, 0x78, 0x6A,
    0xDE, 0x5E, 0xE2, 0xDE, 0xB5, 0x5A, 0x8C, 0x8C, 0x3A, 0x5F, 0xD6, 0xA2, 0x2D, 0xBD, 0xA1, 0x5D,
    0x93, 0x95, 0xDE, 0xB6, 0x45, 0x41, 0xDA, 0x3D, 0x16, 0xDF, 0x41, 0x00, 0xA1, 0x82, 0x71, 0x82,
    0x9F, 0xC3, 0x20, 0xC5, 0x99, 0x42, 0x94, 0x41, 0x2C, 0xA1, 0x02, 0x00, 0xFB, 0x40, 0x0E, 0x68,
    0x70, 0x34, 0xB8, 0x29, 0x78, 0x0A, 0x82, 0x04, 0x02, 0x20, 0x02, 0xDA, 0xC0, 0xD1, 0xFF, 0x3D,
    0x6C, 0x07, 0x80, 0x63, 0xE2, 0xC4, 0x9B, 0x6B, 0xCC, 0xAA, 0x5F, 0xCE, 0x35, 0x2E, 0x35, 0xCC,
    0x93, 0x55, 0xE0, 0xEA, 0x55, 0x02, 0xED, 0x23, 0xEA, 0xAE, 0x12, 0xFA, 0xA4, 0xD7, 0xD3, 0x1A,
    0x56, 0x6D, 0x3E, 0x6F, 0x6F, 0x7C, 0x5A, 0xDD, 0x3B, 0x8D, 0x3F, 0x9A, 0xFE, 0xEA, 0xE4, 0xEB,
    0x59, 0xCB, 0xCF, 0x5E, 0xF1, 0x61, 0xF7, 0x76, 0xE7, 0x38, 0x9C, 0xF8, 0x59, 0x98, 0x1F, 0x1F,
    0x37, 0x36, 0x45, 0x12, 0xAA, 0x36, 0x65, 0x1A, 0x63, 0x02, 0xE5, 0xA5, 0x6E, 0xEA, 0xDB, 0x23,
    0xEB, 0xCF, 0xA4, 0x03, 0x60, 0x64, 0xAD, 0xEC, 0x97, 0x6F, 0xB7, 0x51, 0x59, 0x90, 0xA9, 0xAB,
    0xC9, 0x69, 0x53, 0x11, 0x23, 0xB7, 0xF0, 0xE6, 0x05, 0x79, 0x44, 0x8D, 0xE7, 0xA5, 0xE6, 0x0E,
    0x83, 0xC4, 0xAE, 0x52, 0x7E, 0x12, 0xD0, 0x67, 0x69, 0xEE, 0x04, 0xBC, 0x9C, 0x3B, 0x56, 0x8A,
    0xF1, 0x17, 0xFE, 0x5C, 0xC4, 0x3F, 0xF8, 0xA0, 0x88, 0xFD, 0xEF, 0x14, 0x15, 0x9F, 0x1A, 0xC0,
    0x06, 0x83, 0x05, 0x4E, 0x63, 0x5D, 0x95, 0xFF, 0x4D, 0xBD, 0xFF, 0x4B, 0x30, 0xD7, 0x5F, 0x7A,
    0x60, 0x77, 0xD1, 0x2C, 0x70, 0x8A, 0x48, 0x10, 0x3F, 0x4A, 0x09, 0x4D, 0xF2, 0xF1, 0xAF, 0x8E,
    0x0D, 0xF4, 0x6B, 0x60, 0xC9, 0x1A, 0x10, 0x25, 0x8B, 0x16, 0x4A, 0x00, 0x82, 0x7F, 0x62, 0x63,
    0x7F, 0x98, 0xBE, 0x3D, 0xB0, 0xB1, 0x9E, 0x01, 0x58, 0xCC, 0xAD, 0xE2, 0xD6, 0x78, 0xEE, 0x93,
    0x78, 0xDE, 0x38, 0xE0, 0xA2, 0x82, 0x91, 0x8E, 0x4D, 0x11, 0x99, 0xDC, 0x27, 0x73, 0x48, 0x00,
    0x70, 0x92, 0x40, 0xC7, 0x85, 0x97, 0xAE, 0x30, 0x98, 0xB8, 0x46, 0x85, 0xD3, 0xA5, 0x7B, 0xBB,
    0x4B, 0x8F, 0xB5, 0x37, 0xFB, 0x00, 0x34, 0xAD, 0xAB, 0xCF, 0xDD, 0x7A, 0xEB, 0x9C, 0x26, 0xAC,
    0xD7, 0xCF, 0x01, 0x57, 0x95, 0xC4, 0x49, 0x4A, 0x72, 0x03, 0x68, 0x50, 0xDB, 0x02, 0xFA, 0x95,
    0x7E, 0x05, 0xA8, 0x35, 0xCB, 0xCB, 0x52, 0x69, 0xF6, 0x5B, 0x40, 0xB3, 0xD9, 0x6F, 0x00, 0x9B,
    0xCD, 0xE5, 0x9E, 0x8D, 0x79, 0xE4, 0x26, 0xA5, 0xBB, 0x0B, 0x42, 0x96, 0x5C, 0xED, 0x29, 0xBE,
    0xC4, 0xB7, 0x25, 0xCB, 0xF3, 0xFA, 0xB0, 0xC3, 0xDC, 0xF1, 0xB1, 0xBB, 0xFE, 0x73, 0x61, 0x9F,
    0x13, 0xC2, 0x89, 0x98, 0x7A, 0xD3, 0x28, 0xED, 0xD3, 0x45, 0x24, 0x56, 0x3C, 0xB2, 0x45, 0x89,
    0x28, 0xF1, 0x15, 0x70, 0x7F, 0xF9, 0x06, 0x59, 0xFC, 0xB7, 0x34, 0x8E, 0x37, 0x31, 0x94, 0xBC,
    0x04, 0x28, 0x65, 0x7C, 0xF2, 0xEB, 0x52, 0xC6, 0xD1, 0x5C, 0xC6, 0xC0, 0x4D, 0x6C, 0x7F, 0x20,
    0x07, 0xA9, 0x97, 0xD3, 0x64, 0xED, 0xD9, 0x33, 0x00, 0xFA, 0x58, 0x79, 0xA7, 0x56, 0xE8, 0xD3,
    0x30, 0x75, 0xA6, 0x91, 0x0E, 0xF3, 0x96, 0x3E, 0xE1, 0xFD, 0xFE, 0x3E, 0xBA, 0xD5, 0x20, 0x26,
    0x4C, 0x16, 0x55, 0x17, 0x25, 0x1D, 0xA0, 0xCE, 0x18, 0x23, 0x8D, 0x1C, 0x00, 0x68, 0x3E, 0xAD,
    0x93, 0xF6, 0xCF, 0xD4, 0x4B, 0x33, 0x79, 0xEB, 0x4A, 0x9E, 0x3C, 0x4C, 0x1B, 0xFF, 0x48, 0xD0,
    0x88, 0xEE, 0x3D, 0xC2, 0x2B, 0x23, 0xDB, 0x6F, 0xFD, 0x44, 0xF5, 0x03, 0x27, 0x2D, 0xDB, 0x51,
    0xF8, 0x5A, 0x1A, 0x1B, 0xA3, 0x7C, 0x3D, 0xA3, 0x42, 0x93, 0x16, 0xF1, 0x74, 0x50, 0x58, 0xD7,
    0x67, 0x9F, 0xA5, 0xB5, 0x00, 0x70, 0x55, 0x00, 0x40, 0x80, 0x97, 0x02, 0x1C, 0x23, 0x66, 0x80,
    0xAF, 0x21, 0x9A, 0xBD, 0xF7, 0xD0, 0x24, 0xE0, 0x18, 0x63, 0x72, 0x80, 0xEA, 0xA3, 0x33, 0xE0,
    0xB9, 0xEB, 0x33, 0x80, 0x0B, 0x98, 0x49, 0x78, 0xA9, 0x5C, 0x6F, 0x46, 0x8F, 0xAE, 0xAD, 0x5F,
    0x1B, 0xBD, 0x07, 0xC4, 0xC6, 0x5A, 0xB1, 0xF8, 0xDC, 0xE8, 0x59, 0xBB, 0xF7, 0xEC, 0x08, 0x2B,
    0x1B, 0xCF, 0x86, 0xE0, 0x28, 0xCF, 0x4E, 0x0D, 0xF1, 0x55, 0x38, 0xFC, 0x84, 0x31, 0xA3, 0x31,
    0x2D, 0xA8, 0xDA, 0x60, 0xEE, 0x02, 0xD5, 0xD1, 0x10, 0xB8, 0x65, 0xAE, 0x24, 0x50, 0x06, 0x4E,
    0x81, 0xF8, 0xAA, 0xF7, 0x55, 0xA3, 0x10, 0x53, 0xC0, 0x9B, 0xE0, 0x29, 0x80, 0x36, 0xDB, 0x00,
    0xF8, 0x72, 0x67, 0x29, 0x69, 0x56, 0x86, 0x50, 0x2F, 0x8F, 0xAC, 0xE9, 0xD8, 0x58, 0xCB, 0xE7,
    0x9F, 0x13, 0x00, 0x91, 0x02, 0x08, 0xB9, 0x8C, 0xEA, 0xD2, 0x3C, 0x62, 0xE7, 0x36, 0x6C, 0x71,
    0xEB, 0x97, 0x1C, 0x6E, 0x71, 0xBE, 0xC5, 0xE1, 0x9B, 0x84, 0xDF, 0x97, 0x76, 0x6A, 0xFD, 0x0D,
    0x5A, 0xEB, 0xEC, 0xFA, 0xC4, 0x86, 0xBB, 0xB0, 0x0B, 0x5B, 0x55, 0xBC, 0x9C, 0x1B, 0x34, 0x81,
    0x3A, 0x47, 0xDC, 0x5E, 0x81, 0x2D, 0xC6, 0x89, 0x5D, 0xB2, 0xFD, 0x06, 0x77, 0x7D, 0x1E, 0x78,
    0x9C, 0x7B, 0xD2, 0xF2, 0xD0, 0x2F, 0x77, 0xF0, 0x27, 0xD4, 0xD7, 0x64, 0xD3, 0x53, 0x2F, 0x3A,
    0xFF, 0x46, 0x57, 0x05, 0x9E, 0x72, 0x9E, 0x64, 0x42, 0x36, 0xFB, 0x0F, 0x76, 0xCE, 0xD1, 0x16,
    0xE7, 0xEC, 0x6E, 0xFA, 0x19, 0x9F, 0x81, 0xA0, 0xE4, 0xDA, 0x97, 0xE9, 0x8C, 0x39, 0x0F, 0xD1,
    0xC1, 0x92, 0xE7, 0x01, 0xFD, 0x88, 0xF0, 0x77, 0xC9, 0x7D, 0xD8, 0x82, 0x17, 0x2D, 0xEB, 0xAC,
    0x3F, 0x92, 0x81, 0x7B, 0x6D, 0xF3, 0x6D, 0x47, 0xBD, 0xF5, 0x4E, 0x56, 0xDF, 0x10, 0x32, 0x7C,
    0x38, 0xD2, 0xFE, 0x5E, 0x76, 0xE8, 0x8B, 0x74, 0xF7, 0xE9, 0x16, 0x0D, 0x3F, 0xEC, 0xD4, 0xEB,
    0x6C, 0x3F, 0xC2, 0xFF, 0x3C, 0x3E, 0xD7, 0x18, 0x9D, 0x02, 0x55, 0xD6, 0x65, 0x34, 0x5C, 0x67,
    0x85, 0x52, 0x14, 0x1B, 0xA2, 0x1B, 0xBD, 0x9A, 0xAD, 0x0B, 0xE5, 0x3B, 0xD2, 0x7D, 0x0D, 0xF7,
    0xB7, 0x88, 0xDF, 0x43, 0x0E, 0x0F, 0xD8, 0xF8, 0x9C, 0x0C, 0xBF, 0x37, 0x74, 0xBF, 0x8B, 0xF8,
    0x1B, 0x3C, 0x86, 0x5F, 0xE0, 0x06, 0xBC, 0xE0, 0x26, 0xDF, 0xFA, 0x62, 0xF6, 0x2F, 0xE5, 0xD9,
    0x01, 0xA4, 0x25, 0x59, 0x7E, 0x07, 0xE0, 0xAF, 0xAA, 0xDE, 0xBC, 0x32, 0x5D, 0x6C, 0x3D, 0xEC,
    0x90, 0x9D, 0x36, 0x5B, 0xB0, 0x18, 0xB3, 0xBB, 0x7D, 0x01, 0x06, 0xFD, 0xA6, 0x2A, 0x59, 0x00,
    0xA4, 0xB1, 0x2D, 0x58, 0x24, 0x18, 0x24, 0x0B, 0x1D, 0x2C, 0x16, 0xDD, 0x73, 0x6B, 0x05, 0xC1,
    0x22, 0x0F, 0x91, 0x00, 0xD2, 0x89, 0x41, 0xEF, 0x06, 0x13, 0x2C, 0x1A, 0xBD, 0x7D, 0x2B, 0x02,
    0x80, 0x54, 0x02, 0x0B, 0xD8, 0x0A, 0x63, 0xAD, 0x40, 0x2A, 0xD4, 0x66, 0xAB, 0x6D, 0xDD, 0x7B,
    0xE2, 0xDD, 0xB3, 0xA6, 0xEC, 0x60, 0x27, 0xB1, 0x6B, 0xFB, 0xBD, 0xD7, 0x3C, 0xBF, 0xFF, 0xBD,
    0xEF, 0x9D, 0x3A, 0xF7, 0xF4, 0xF9, 0xEA, 0x94, 0x73, 0x6E, 0x63, 0x06, 0xE9, 0x1E, 0x64, 0x07,
    0x90, 0x07, 0x50, 0xEC, 0x1A, 0x28, 0xEB, 0x16, 0xAA, 0x4D, 0x07, 0xE7, 0x55, 0x0F, 0x77, 0xCB,
    0x11, 0x9E, 0x15, 0x23, 0x4C, 0xD9, 0x8C, 0x64, 0xCC, 0x16, 0xA4, 0x43, 0xBA, 0x47, 0xD6, 0x3B,
    0x20, 0xEF, 0x04, 0x94, 0xAD, 0x6D, 0x43, 0x19, 0x42, 0xE8, 0xD8, 0xC4, 0x72, 0x4E, 0xD5, 0xF3,
    0x90, 0x72, 0xE4, 0x29, 0xC5, 0xC8, 0x44, 0x3E, 0x4B, 0x46, 0xB2, 0x45, 0x76, 0x59, 0xF6, 0xF2,
    0xCB, 0x12, 0x7C, 0x74, 0x68, 0x7D, 0x14, 0x3E, 0x0E, 0xA1, 0x13, 0xC2, 0x04, 0x00, 0xE0, 0x43,
    0x90, 0x2D, 0xB1, 0xEC, 0xD7, 0x77, 0xF8, 0x01, 0x24, 0xF7, 0xB1, 0x0B, 0x83, 0xEC, 0xF0, 0x8D,
    0x45, 0x3E, 0xD9, 0x2B, 0x46, 0x3B, 0xD9, 0x60, 0xC7, 0x3D, 0x5B, 0x88, 0xC1, 0x6B, 0xDF, 0x0F,
    0x92, 0x10, 0x82, 0xE2, 0x85, 0xAD, 0x6A, 0xB0, 0x55, 0x77, 0x97, 0xD1, 0xDA, 0x7D, 0x12, 0x41,
    0xDD, 0xA5, 0x41, 0x35, 0x54, 0x75, 0x53, 0x86, 0xA5, 0xFE, 0x38, 0x0D, 0xE3, 0x66, 0xF6, 0x06,
    0xAC, 0x83, 0xCA, 0x16, 0xAC, 0x91, 0x4C, 0x90, 0x1F, 0xC0, 0x26, 0x74, 0xF0, 0xD5, 0xBC, 0x07,
    0xD9, 0x00, 0x8A, 0x1E, 0x84, 0x06, 0x4C, 0xC0, 0x08, 0x3C, 0x06, 0xE0, 0x7A, 0xFB, 0x9D, 0x7E,
    0x0F, 0x9B, 0xD0, 0x72, 0x5E, 0xF4, 0x9C, 0xE5, 0x3D, 0x8A, 0x0E, 0xBB, 0x96, 0x24, 0x0E, 0x09,
    0x06, 0x78, 0x39, 0x80, 0x4F, 0x40, 0x3A, 0x81, 0xBC, 0x47, 0xB6, 0x2F, 0x1B, 0x14, 0xE1, 0xF7,
    0xA0, 0xFA, 0xBB, 0x0E, 0x1E, 0x45, 0xB7, 0xD1, 0x53, 0xE0, 0xA6, 0x10, 0xE1, 0xEB, 0x48, 0x67,
    0x64, 0x83, 0x6C, 0x5F, 0xB6, 0xF2, 0xF0, 0x05, 0xAA, 0x1F, 0x77, 0xBC, 0x97, 0x0F, 0x4C, 0x9E,
    0xD2, 0x78, 0x29, 0x44, 0x49, 0xE4, 0xB1, 0x00, 0x35, 0x50, 0xFE, 0xC5, 0x1E, 0x92, 0xEF, 0x06,
    0x58, 0x89, 0xC6, 0x9B, 0x48, 0x74, 0x1F, 0x6A, 0x28, 0x3B, 0x64, 0x7D, 0x68, 0xF8, 0xFB, 0xD0,
    0x91, 0xFF, 0x7C, 0xA4, 0xFC, 0xCE, 0xCC, 0xB9, 0x3B, 0x9C, 0x01, 0x70, 0xBF, 0x61, 0x13, 0x66,
    0xC2, 0xDF, 0x04, 0xC9, 0x5E, 0xDD, 0xA4, 0x8B, 0x4D, 0x67, 0xBE, 0x8C, 0xCF, 0xAB, 0x3A, 0x3E,
    0x89, 0xE4, 0x9B, 0xBB, 0xCE, 0x36, 0x84, 0x2E, 0x3D, 0x34, 0x55, 0x97, 0xCF, 0xAA, 0xAE, 0x1C,
    0x2F, 0x63, 0xB0, 0xF9, 0x24, 0xEA, 0xCB, 0xDF, 0xED, 0xBA, 0x7C, 0xCE, 0xFF, 0xB5, 0xCF, 0x42,
    0x28, 0x5F, 0xD8, 0x2D, 0xC5, 0xC1, 0x6B, 0x0D, 0xF0, 0x06, 0x10, 0x3A, 0xF0, 0x07, 0x3D, 0x48,
    0x06, 0x50, 0x74, 0xC8, 0xF6, 0x6F, 0x41, 0x11, 0x4E, 0x5E, 0x8D, 0x35, 0x05, 0xA1, 0xC5, 0xDF,
    0xF6, 0x48, 0x06, 0xE4, 0x9D, 0x6C, 0xFF, 0x45, 0xF2, 0x70, 0x72, 0x55, 0x56, 0x17, 0x9C, 0x40,
    0xDD, 0xDF, 0x85, 0x70, 0x58, 0x90, 0x8C, 0xBB, 0x09, 0x49, 0x77, 0xEB, 0x02, 0xE0, 0x28, 0x28,
    0x0A, 0x7A, 0x55, 0x04, 0x37, 0x17, 0x5F, 0x61, 0xB7, 0x7F, 0xC6, 0xCF, 0xC2, 0x24, 0xE9, 0x6F,
    0xF7, 0xEB, 0x54, 0x90, 0x07, 0x57, 0x87, 0x31, 0x7D, 0xB2, 0x4E, 0x32, 0x65, 0x68, 0x60, 0xF3,
    0x57, 0x1D, 0x7C, 0x90, 0x8D, 0xC4, 0x01, 0xA2, 0x71, 0x06, 0xE0, 0x55, 0xDB, 0x1C, 0x3E, 0x41,
    0x16, 0xE2, 0x04, 0xC5, 0xE9, 0xF1, 0x5E, 0x36, 0xAE, 0x76, 0xB8, 0x72, 0x9B, 0x48, 0x45, 0x0F,
    0xAA, 0x16, 0xBC, 0x07, 0x3C, 0x05, 0x43, 0xF3, 0x2D, 0x98, 0x8C, 0xF0, 0xC1, 0x3F, 0x8E, 0x50,
    0x87, 0x0E, 0xF2, 0x83, 0x1B, 0xB6, 0x24, 0x4F, 0x2F, 0x50, 0x76, 0xA8, 0xE1, 0x21, 0x1E, 0xDF,
    0xFB, 0x12, 0x93, 0x89, 0x0F, 0xFE, 0x68, 0xA4, 0x0E, 0x3D, 0x45, 0x68, 0x70, 0xF6, 0x92, 0x30,
    0xB7, 0xC0, 0xA6, 0x05, 0x45, 0x07, 0x92, 0x11, 0x0C, 0x67, 0xAF, 0x10, 0xD7, 0x3B, 0xB0, 0x69,
    0x51, 0x74, 0x48, 0x46, 0x3C, 0xFE, 0x93, 0xAB, 0xC6, 0x05, 0xC8, 0x17, 0x70, 0xEB, 0x01, 0x50,
    0x02, 0x1B, 0x60, 0x02, 0xC3, 0xC5, 0x2B, 0x84, 0x97, 0xCD, 0x28, 0x3E, 0x82, 0x12, 0x2A, 0x98,
    0xF1, 0xF8, 0xF1, 0x15, 0x13, 0x5C, 0x37, 0x30, 0x5F, 0x81, 0x70, 0x78, 0x06, 0xBF, 0xDC, 0xC0,
    0xF4, 0xA7, 0x17, 0x00, 0x18, 0xBC, 0x42, 0x82, 0x60, 0xD3, 0x7F, 0x95, 0xDD, 0xE1, 0x19, 0x3F,
    0xDB, 0xCD, 0x92, 0xBE, 0x18, 0x00, 0x8F, 0x5D, 0x29, 0xC6, 0x15, 0x67, 0x34, 0xC2, 0xF3, 0x6F,
    0x8C, 0x88, 0xE3, 0x22, 0x8E, 0x8C, 0x33, 0xAF, 0xEA, 0xCE, 0x65, 0xF4, 0xAD, 0xCF, 0xF0, 0xBA,
    0x4A, 0x9B, 0x96, 0x6D, 0x08, 0x61, 0x2F, 0x66, 0x1A, 0x24, 0x7B, 0x02, 0xE7, 0xD6, 0xFC, 0x2A,
    0x81, 0xB7, 0x08, 0xF8, 0x35, 0x19, 0x42, 0x77, 0xCC, 0x96, 0x00, 0x9F, 0x9D, 0x69, 0x23, 0x90,
    0xB7, 0x02, 0xC5, 0x31, 0xCB, 0x36, 0x09, 0x6C, 0xDA, 0x07, 0xE1, 0xB2, 0xA3, 0xDD, 0x31, 0x01,
    0x80, 0x3B, 0x60, 0xDB, 0xC2, 0xAE, 0x5D, 0x5F, 0xDF, 0x81, 0xD7, 0xEE, 0x61, 0x17, 0x1A, 0xD9,
    0xE1, 0xA3, 0x51, 0x39, 0x64, 0xB3, 0x4D, 0x97, 0x2C, 0xEA, 0xC6, 0xC1, 0x96, 0x60, 0xC7, 0x4E,
    0x38, 0x46, 0x08, 0x41, 0x0C, 0x58, 0x63, 0x07, 0xDB, 0x06, 0x75, 0xE7, 0x44, 0x35, 0x78, 0x4B,
    0xF1, 0x22, 0x59, 0xA4, 0x21, 0x1C, 0x27, 0xAC, 0x25, 0xF9, 0x3A, 0x40, 0x7A, 0x81, 0x72, 0x44,
    0x39, 0x11, 0x5F, 0x65, 0x3D, 0xEC, 0x7A, 0xA4, 0x61, 0x41, 0xD6, 0xFD, 0x10, 0x3C, 0x02, 0x0B,
    0x54, 0x13, 0x54, 0x0D, 0x54, 0xE0, 0x16, 0xE0, 0x5A, 0x98, 0xBC, 0xF9, 0x21, 0xB6, 0x01, 0x3F,
    0xD8, 0x34, 0x9C, 0x95, 0x2D, 0xAA, 0x86, 0xF4, 0x80, 0xEC, 0x63, 0x64, 0x1D, 0x31, 0xFC, 0xEE,
    0x6D, 0x92, 0x0B, 0xA8, 0xF6, 0x06, 0xEA, 0xF0, 0xEF, 0x3D, 0xDF, 0xAE, 0x42, 0xC7, 0x9F, 0xA7,
    0x01, 0x9C, 0x5D, 0xA3, 0xB9, 0x7E, 0x1F, 0x59, 0x68, 0xEF, 0x2A, 0xC3, 0xF4, 0xD4, 0xE7, 0xF2,
    0x30, 0x7A, 0xCB, 0xAE, 0x87, 0x97, 0x33, 0xB9, 0x78, 0xB3, 0x85, 0x1A, 0x3C, 0x43, 0xFD, 0xCF,
    0x23, 0xC2, 0x7F, 0x37, 0x64, 0xFF, 0x33, 0xA3, 0xE8, 0x1E, 0xE1, 0x8B, 0xCA, 0x06, 0x5C, 0xA3,
    0xE9, 0x26, 0xB9, 0x87, 0x62, 0x40, 0xD5, 0x2A, 0xC7, 0x73, 0x36, 0xCB, 0xFB, 0x6C, 0x9F, 0x63,
    0xAE, 0x5A, 0x59, 0x9F, 0xF5, 0x12, 0x9A, 0x97, 0x31, 0xFB, 0xEF, 0x34, 0x50, 0x75, 0x90, 0x0F,
    0x60, 0xAA, 0x3B, 0x7C, 0x29, 0x8C, 0x48, 0xAF, 0xF7, 0xEC, 0xDF, 0x87, 0x2D, 0x54, 0x2D, 0xB2,
    0x3E, 0xE0, 0x1F, 0x42, 0x47, 0xFE, 0x8B, 0x81, 0xF8, 0xFD, 0xA9, 0x73, 0xCE, 0x9C, 0x00, 0xDC,
    0x47, 0x11, 0x26, 0xEA, 0xFF, 0x0C, 0x1C, 0xD4, 0x6D, 0xBA, 0xA8, 0xBA, 0x6C, 0x52, 0x0E, 0xF9,
    0xA8, 0x1C, 0x8B, 0x51, 0x31, 0x96, 0xC7, 0x08, 0x21, 0xFC, 0x32, 0x46, 0xAC, 0x51, 0x8C, 0xC8,
    0x27, 0x64, 0x0B, 0x4D, 0x72, 0x90, 0xF4, 0x76, 0x17, 0x55, 0x67, 0x13, 0x42, 0x23, 0x0F, 0x33,
    0xDE, 0x68, 0x20, 0x89, 0x00, 0x33, 0x9C, 0xDC, 0x05, 0xC7, 0x4C, 0x66, 0xD4, 0xFF, 0xD2, 0x21,
    0x8C, 0x37, 0x62, 0x1D, 0x40, 0x76, 0x40, 0xFA, 0xC7, 0x0D, 0x8A, 0x06, 0x15, 0xE5, 0xF8, 0x94,
    0xCD, 0x72, 0xEF, 0xAA, 0xAC, 0x08, 0x68, 0xC8, 0xF7, 0x59, 0x47, 0x19, 0xFE, 0xAB, 0xE1, 0xCE,
    0xED, 0x80, 0xB7, 0x3D, 0x01, 0xC4, 0x3E, 0x10, 0x46, 0x37, 0x44, 0xE6, 0x60, 0x94, 0x85, 0x9F,
    0x8C, 0xF2, 0x1F, 0x85, 0x5E, 0xE1, 0x41, 0x03, 0x28, 0x47, 0x6C, 0x16, 0x57, 0x87, 0xE7, 0x9D,
    0x16, 0x76, 0xFD, 0x0A, 0xF0, 0xB3, 0x23, 0x40, 0xFF, 0x08, 0x95, 0x0A, 0x27, 0x12, 0xE0, 0x86,
    0xED, 0x48, 0x6F, 0x3D, 0x46, 0x35, 0xA3, 0xDE, 0xE3, 0xF9, 0x96, 0x64, 0x2A, 0x7F, 0x55, 0xE4,
    0x8A, 0xED, 0x5C, 0xD3, 0x43, 0x53, 0x86, 0xE1, 0x73, 0xE9, 0x28, 0x19, 0xE5, 0xA3, 0x6D, 0xE7,
    0x87, 0x7C, 0x9B, 0xF7, 0xA3, 0xCE, 0x7E, 0x1B, 0xF6, 0x69, 0x68, 0x04, 0xBF, 0xC9, 0x4F, 0x1A,
    0x9A, 0x07, 0xE1, 0xA7, 0xBB, 0xB0, 0x4F, 0xBE, 0xDF, 0x14, 0x61, 0x28, 0xBF, 0x36, 0x9E, 0x24,
    0x93, 0x74, 0xB4, 0xE9, 0x7D, 0xC0, 0x43, 0xDE, 0x05, 0xD4, 0xC1, 0xED, 0x40, 0x60, 0xF7, 0x7F,
    0xFE, 0x09, 0xCD, 0x97, 0xC3, 0x8B, 0x3A, 0x1C, 0x7E, 0xEB, 0xA3, 0x05, 0xFC, 0x29, 0x41, 0x12,
    0x08, 0x3C, 0xE4, 0xF3, 0x6B, 0x4B, 0xCF, 0x01, 0xBF, 0xF9, 0xE0, 0x01, 0x7F, 0xB6, 0x76, 0xEE,
    0x11, 0x40, 0x1A, 0x0E, 0x0D, 0x9B, 0xA3, 0x6B, 0x68, 0xD3, 0x83, 0x6C, 0x61, 0xDB, 0x16, 0x13,
    0x55, 0x5F, 0x0E, 0x94, 0xE3, 0xA6, 0x27, 0x9F, 0xEA, 0x8E, 0x6C, 0xD9, 0xB6, 0x97, 0xB9, 0x6B,
    0x49, 0xF7, 0xBB, 0xE6, 0x32, 0xC3, 0x65, 0x1E, 0x2E, 0x33, 0xF9, 0x74, 0x4A, 0x0F, 0xB1, 0x4D,
    0x6C, 0x1F, 0xAF, 0x8D, 0xFD, 0x6C, 0x3A, 0xF2, 0xA9, 0x3A, 0xF6, 0x5F, 0x8C, 0x54, 0x7D, 0xB6,
    0x50, 0xB7, 0x42, 0x93, 0x1C, 0xA8, 0x0F, 0xBB, 0x99, 0xD3, 0x10, 0xDA, 0x78, 0x4B, 0x03, 0x38,
    0x6D, 0xA1, 0x1C, 0x3F, 0x9D, 0x79, 0x2F, 0xDE, 0x92, 0x76, 0xA1, 0xBF, 0xBC, 0xF7, 0x67, 0xE5,
    0x90, 0x1C, 0x6C, 0x8E, 0x07, 0xDC, 0x46, 0xDD, 0x6E, 0xD9, 0x74, 0x3B, 0xAA, 0x3E, 0x50, 0xF6,
    0x07, 0xCA, 0x61, 0x8D, 0x40, 0x8C, 0xFE, 0xD8, 0xE4, 0xD8, 0xB8, 0x6E, 0xD5, 0xED, 0xB1, 0x83,
    0x72, 0x4C, 0x0E, 0xB1, 0x53, 0xDB, 0x70, 0xB1, 0xDE, 0xFB, 0x24, 0x8F, 0x91, 0x2D, 0xC8, 0xD7,
    0xD3, 0xF0, 0x00, 0x9B, 0x09, 0xC2, 0x01, 0x86, 0x0D, 0xA8, 0x40, 0x0D, 0xF9, 0x3E, 0x8E, 0x1A,
    0xF2, 0x16, 0xD2, 0xC6, 0x75, 0x33, 0x39, 0x7D, 0x82, 0x3A, 0x34, 0x9C, 0x57, 0x1D, 0x67, 0x45,
    0x87, 0xB2, 0x23, 0x39, 0x7E, 0xC4, 0x84, 0x74, 0x40, 0xD2, 0x83, 0x97, 0x21, 0x74, 0x7A, 0x01,
    0x65, 0x07, 0x1B, 0x94, 0xE3, 0x43, 0xD4, 0xCB, 0x3D, 0xEC, 0x9F, 0x23, 0x1D, 0xAB, 0x86, 0xBC,
    0xCD, 0x7A, 0x70, 0xBD, 0x0C, 0xD6, 0x39, 0xCD, 0x46, 0x94, 0x9D, 0x7C, 0xAE, 0x28, 0xF7, 0x6F,
    0x53, 0x6F, 0xF1, 0xAC, 0xE8, 0xA4, 0x43, 0x32, 0xC2, 0xD9, 0xCB, 0x30, 0xB8, 0x75, 0x01, 0xF9,
    0x08, 0xC9, 0x6C, 0xFD, 0x2E, 0xEE, 0xF5, 0x7A, 0x71, 0x43, 0x0C, 0xDE, 0xB0, 0xFE, 0xA7, 0x07,
    0xD2, 0x71, 0xDB, 0xF2, 0x7E, 0xE8, 0xC9, 0x7E, 0x3E, 0x52, 0x74, 0xCF, 0xB8, 0xA3, 0x82, 0x04,
    0xE0, 0x8D, 0x86, 0x22, 0xEC, 0x8F, 0x47, 0x8D, 0xD6, 0x41, 0x35, 0xA4, 0x8B, 0x7C, 0xCC, 0x26,
    0xD9, 0x9C, 0x8F, 0xD2, 0xA5, 0x18, 0x25, 0xFB, 0x72, 0x64, 0x5F, 0x0E, 0x1C, 0xCA, 0x35, 0xC6,
    0x18, 0xF6, 0xC7, 0x26, 0xC7, 0xC6, 0xD9, 0x2C, 0x9B, 0x8F, 0x1D, 0x08, 0xAA, 0x21, 0x76, 0x9A,
    0x87, 0x17, 0xEB, 0x51, 0xE3, 0x1E, 0xE4, 0x07, 0x78, 0xAD, 0x04, 0x31, 0x3F, 0x40, 0x39, 0x8E,
    0xA8, 0x97, 0xB3, 0x1B, 0xE2, 0x01, 0x48, 0x8F, 0xBD, 0x7E, 0xA3, 0x43, 0xD6, 0xE1, 0x76, 0x2B,
    0x9F, 0xCF, 0x29, 0xF7, 0x9F, 0xBF, 0x2A, 0xAB, 0x03, 0xCE, 0x48, 0x42, 0x33, 0x92, 0x85, 0x5F,
    0xF4, 0x14, 0x7F, 0x19, 0x3A, 0x6E, 0x79, 0x07, 0x80, 0x72, 0x84, 0x9B, 0xB3, 0x5E, 0x80, 0x6D,
    0xF3, 0xAE, 0x24, 0xBC, 0x98, 0x64, 0x3F, 0x09, 0xA3, 0xAC, 0xDD, 0xB4, 0x80, 0x7C, 0x46, 0xB9,
    0x77, 0x65, 0x90, 0xE2, 0xDE, 0xDB, 0x66, 0xB2, 0x32, 0x7C, 0x80, 0x74, 0x3A, 0x32, 0x74, 0x79,
    0x47, 0x42, 0x73, 0x13, 0xB7, 0x54, 0xE9, 0x87, 0x28, 0x16, 0x54, 0x01, 0xF5, 0xA6, 0x65, 0xF9,
    0xB4, 0xC8, 0x95, 0xDA, 0x7A, 0xAD, 0xE7, 0x44, 0xDB, 0x06, 0x1C, 0x40, 0x3A, 0x83, 0x6C, 0x00,
    0x65, 0x03, 0x4E, 0x48, 0x07, 0x50, 0xCC, 0x47, 0xB7, 0x62, 0x39, 0xC2, 0xA5, 0x73, 0x94, 0x9B,
    0x22, 0xDD, 0x78, 0xB4, 0xFB, 0x51, 0x77, 0xC4, 0x3B, 0x88, 0x7A, 0xE2, 0xB4, 0x8B, 0x06, 0x22,
    0x88, 0xA8, 0x23, 0x52, 0x89, 0x6E, 0x9F, 0x2E, 0xF1, 0x6F, 0xB1, 0xA5, 0x78, 0x9D, 0xD8, 0x8B,
    0xD8, 0xA7, 0x68, 0x29, 0x62, 0x8A, 0x9A, 0x22, 0xA7, 0xE8, 0x19, 0x41, 0x45, 0x51, 0x2B, 0xE9,
    0xE9, 0x87, 0xAB, 0xE0, 0xA6, 0x83, 0x1A, 0x3C, 0x83, 0x64, 0xF0, 0x3A, 0x1A, 0x75, 0x87, 0xCB,
    0x4C, 0xBE, 0x6E, 0xD3, 0x5D, 0xC2, 0x15, 0xDD, 0xE5, 0x24, 0x17, 0xED, 0x25, 0x5D, 0x75, 0xB4,
    0x9B, 0x8F, 0x78, 0x9D, 0x23, 0x88, 0xA3, 0x8D, 0x23, 0x93, 0x23, 0xDB, 0xAF, 0x64, 0xF8, 0x24,
    0xFB, 0xD8, 0x32, 0x5E, 0xE5, 0xE8, 0xE8, 0x08, 0x19, 0x25, 0x23, 0x65, 0xB4, 0x8C, 0x98, 0x71,
    0xC8, 0x11, 0x70, 0xE5, 0xA2, 0x06, 0xCA, 0x0E, 0x51, 0x09, 0x6E, 0x98, 0x57, 0xF2, 0x3D, 0x10,
    0x10, 0xDB, 0x52, 0x76, 0x90, 0x8D, 0xE0, 0x07, 0x5E, 0xC7, 0xD9, 0xD5, 0xF2, 0xB2, 0x99, 0x40,
    0x38, 0x80, 0x61, 0x03, 0x54, 0x40, 0x0D, 0xF2, 0x7D, 0x2C, 0x7D, 0x2C, 0x2D, 0x48, 0x9B, 0x9B,
    0xA5, 0x17, 0x0F, 0x40, 0xEA, 0xD0, 0x88, 0x47, 0xA0, 0x78, 0x06, 0x8A, 0x88, 0xF1, 0x14, 0x44,
    0x3A, 0x41, 0x3A, 0x78, 0x9D, 0xA4, 0xBF, 0x5A, 0x92, 0xC9, 0x5F, 0x83, 0x22, 0xF8, 0x27, 0x54,
    0xE1, 0x3F, 0x46, 0xDC, 0x2D, 0xC3, 0x80, 0x77, 0x93, 0xD0, 0x82, 0x93, 0x1B, 0x86, 0x76, 0x1F,
    0xD2, 0xD0, 0xBD, 0x45, 0x1E, 0xE6, 0x87, 0x14, 0x69, 0x98, 0xF9, 0x9C, 0xED, 0xF0, 0x3A, 0x92,
    0xAB, 0x45, 0x84, 0x1B, 0x36, 0xFF, 0xEB, 0xBE, 0x03, 0x94, 0xE3, 0xA7, 0x0B, 0xF2, 0x1E, 0xF0,
    0x3A, 0x5C, 0x3D, 0x11, 0x92, 0xC7, 0x90, 0x2D, 0x90, 0x2F, 0xEB, 0xEB, 0x64, 0xC0, 0x36, 0xEC,
    0xD5, 0x61, 0xFA, 0x65, 0x49, 0x43, 0xCB, 0x9E, 0x80, 0x67, 0x2F, 0xA7, 0x3C, 0x65, 0x87, 0x99,
    0x6D, 0x2B, 0x19, 0xA9, 0x7B, 0xD9, 0x48, 0xF5, 0x22, 0x3A, 0x86, 0x10, 0x60, 0x17, 0x26, 0x48,
    0xEE, 0x03, 0x80, 0xA7, 0x20, 0xDD, 0xC7, 0x72, 0x58, 0xDF, 0xE1, 0x29, 0x70, 0xB4, 0x56, 0x07,
    0x5F, 0x3E, 0xB8, 0x1D, 0x24, 0x07, 0x02, 0xBF, 0xAD, 0xDC, 0x49, 0x02, 0xDB, 0x26, 0x0B, 0xD4,
    0x7D, 0xB5, 0xA5, 0x0A, 0xFB, 0xED, 0x4F, 0xE5, 0x61, 0xAC, 0x17, 0xDE, 0xE0, 0xB3, 0x37, 0xB3,
    0x1D, 0x24, 0xA1, 0x85, 0x22, 0x8C, 0x50, 0xFC, 0xFE, 0x04, 0xCC, 0x20, 0x1D, 0x41, 0xDD, 0x83,
    0x73, 0xE0, 0x2E, 0xF0, 0x36, 0xE0, 0xC6, 0xD8, 0xBE, 0xF9, 0x18, 0xC2, 0x01, 0xA6, 0x1A, 0x9A,
    0x0A, 0xD4, 0x70, 0xBA, 0x87, 0x62, 0x80, 0xBC, 0x5D, 0xD3, 0xD5, 0xD1, 0x4E, 0x9F, 0x00, 0xF9,
    0x04, 0x94, 0x03, 0xB0, 0x69, 0x81, 0xF7, 0x00, 0x13, 0xA0, 0xE1, 0x0E, 0x60, 0xD7, 0x1E, 0xF1,
    0xE6, 0x5D, 0x77, 0xAC, 0xCB, 0xA6, 0x3D, 0x2A, 0x2E, 0x65, 0x13, 0xA7, 0xB5, 0x12, 0xEB, 0x23,
    0x02, 0x76, 0x23, 0x01, 0x3F, 0x24, 0xFE, 0xFE, 0x77, 0x54, 0x9F, 0x12, 0x61, 0x89, 0xB2, 0x44,
    0x5A, 0xA2, 0xAD, 0x15, 0x37, 0xEA, 0xAE, 0xBC, 0xEB, 0x11, 0xA8, 0xFD, 0x75, 0x47, 0xA0, 0xD3,
    0x86, 0x13, 0xAA, 0x1E, 0x6C, 0x46, 0x50, 0x8E, 0x47, 0xDC, 0x6C, 0x38, 0xEA, 0x66, 0xDD, 0x91,
    0xB7, 0x68, 0x5D, 0x96, 0xE7, 0x8E, 0x65, 0x88, 0xC5, 0x6F, 0x5C, 0xA2, 0x75, 0xC4, 0x8E, 0xDA,
    0x44, 0x6E, 0xD1, 0x5B, 0x04, 0xC7, 0x37, 0x1B, 0xA0, 0xEE, 0x56, 0x70, 0xC8, 0x46, 0xC0, 0x0C,
    0x38, 0x07, 0x9C, 0xBC, 0x52, 0xE2, 0xB7, 0x1E, 0x83, 0x62, 0x02, 0xE9, 0x02, 0x3C, 0x07, 0x36,
    0x40, 0xDE, 0x1D, 0xC5, 0x35, 0xD7, 0x43, 0x3C, 0x09, 0xAD, 0xF5, 0x71, 0xBD, 0x3E, 0xAF, 0x99,
    0x81, 0x74, 0x04, 0xEA, 0x7E, 0x95, 0x87, 0xBB, 0x80, 0xB7, 0x5F, 0xAD, 0x35, 0x1F, 0x9F, 0xE9,
    0xC2, 0x01, 0x4C, 0x35, 0x68, 0x2A, 0xA0, 0xB6, 0x3E, 0xD8, 0x15, 0x03, 0xC8, 0x5B, 0xA7, 0xCD,
    0xB1, 0x5C, 0x8B, 0xFB, 0xE1, 0xB4, 0x01, 0xB6, 0x53, 0xDE, 0x40, 0x38, 0xFC, 0x21, 0xA4, 0xFD,
    0x2E, 0x40, 0xDA, 0x95, 0x0B, 0xA0, 0x79, 0x75, 0xDC, 0x3F, 0xFB, 0x10, 0x77, 0xDA, 0xE0, 0xE4,
    0x7A, 0x10, 0xE3, 0x55, 0xA2, 0x03, 0xE0, 0x29, 0x90, 0xEE, 0xC5, 0x7A, 0x58, 0xDF, 0xAF, 0x7F,
    0x5F, 0x57, 0x81, 0xEB, 0xC2, 0xF9, 0xD9, 0x27, 0xBD, 0xCE, 0xFA, 0x3D, 0x98, 0x00, 0xD4, 0x2D,
    0x28, 0x3B, 0x90, 0x0D, 0xC0, 0x04, 0x9C, 0x01, 0x50, 0x87, 0x25, 0x09, 0xA1, 0x89, 0xE5, 0x38,
    0x9E, 0x62, 0x26, 0x90, 0x0F, 0xEC, 0x5A, 0x79, 0x47, 0xDD, 0x29, 0x5B, 0xAA, 0x41, 0x85, 0x72,
    0x74, 0x8E, 0x7C, 0xF6, 0x10, 0xE9, 0x62, 0x82, 0x90, 0x0E, 0xB0, 0xFB, 0x5A, 0x07, 0xF5, 0x77,
    0x5B, 0xA8, 0x7E, 0x0C, 0xCA, 0x3D, 0xC8, 0x17, 0x90, 0xCD, 0xFF, 0xDF, 0xB2, 0x80, 0x62, 0x81,
    0x74, 0x17, 0x3E, 0x44, 0x16, 0xC2, 0x8C, 0x37, 0x2F, 0xD6, 0x79, 0xC8, 0x26, 0xB0, 0x80, 0xF7,
    0x40, 0xD9, 0x40, 0x02, 0x00, 0x08, 0xA1, 0xDB, 0x84, 0xEE, 0x41, 0x68, 0x6F, 0x87, 0xB6, 0x58,
    0x58, 0x64, 0x0B, 0xB3, 0x74, 0x61, 0x64, 0x2F, 0x1D, 0x09, 0xB2, 0x9E, 0x6D, 0x73, 0xFC, 0xF7,
    0xB7, 0x45, 0xCB, 0xA6, 0x2B, 0x1B, 0xCA, 0xBE, 0x42, 0x31, 0xDE, 0x41, 0x3E, 0x9D, 0x23, 0x9B,
    0x1F, 0x22, 0x59, 0x9E, 0xC2, 0x7E, 0x84, 0xDD, 0xE8, 0xE8, 0x0A, 0x9B, 0x0E, 0xAA, 0x98, 0x0D,
    0x6C, 0xD6, 0x11, 0x7A, 0x06, 0xC9, 0x0C, 0xF9, 0x08, 0x0F, 0x7A, 0x54, 0xA1, 0xC1, 0xE6, 0xE3,
    0xEB, 0x0F, 0x04, 0x58, 0x8F, 0xFC, 0xEB, 0x05, 0xEB, 0xE7, 0xC5, 0x92, 0x0C, 0x57, 0x4D, 0xE8,
    0x38, 0xDA, 0x67, 0xD9, 0x42, 0x32, 0x5F, 0x66, 0x3E, 0x5E, 0xE6, 0x83, 0x3E, 0x99, 0x56, 0x21,
    0x50, 0xBC, 0x10, 0xA9, 0x5A, 0x78, 0xB7, 0xEC, 0x40, 0xD1, 0x59, 0x3B, 0x4E, 0x02, 0x48, 0x27,
    0x90, 0x0C, 0xB1, 0x5C, 0xDC, 0x94, 0x85, 0xE8, 0x9B, 0x2D, 0xD2, 0x30, 0x23, 0xEB, 0x17, 0x24,
    0x1E, 0x81, 0x05, 0x6E, 0x4F, 0x50, 0xB5, 0xF0, 0x45, 0x31, 0xAF, 0xF3, 0xA2, 0xE4, 0x0B, 0x40,
    0x18, 0x4A, 0x64, 0x61, 0x7F, 0x07, 0xD9, 0x77, 0xC2, 0x82, 0xBC, 0xD9, 0x4C, 0x20, 0xB9, 0x29,
    0xBA, 0xC9, 0x05, 0x94, 0x07, 0x23, 0x9B, 0xF0, 0x6F, 0x03, 0x77, 0xAB, 0xD0, 0xF1, 0xAD, 0x34,
    0x34, 0x70, 0x72, 0x9D, 0x2D, 0xFF, 0x17, 0xBD, 0x99, 0x31, 0x8C, 0x1D, 0xC7, 0x5F, 0xC7, 0x3F,
    0xBB, 0x6B, 0x7B, 0x21, 0x2B, 0x18, 0x17, 0x31, 0x4A, 0xEC, 0xE8, 0x36, 0x45, 0x8A, 0xC4, 0xE2,
    0x6E, 0x1B, 0x0A, 0x17, 0x77, 0x37, 0x83, 0x52, 0xD0, 0xBA, 0xF0, 0xA5, 0x08, 0x12, 0xA1, 0x48,
    0x95, 0x26, 0x69, 0x22, 0x59, 0x70, 0xF6, 0x0E, 0x49, 0x41, 0x41, 0xC1, 0xF5, 0x95, 0x8B, 0x44,
    0x22, 0x87, 0xC4, 0x45, 0x22, 0x12, 0x16, 0x9C, 0xBD, 0x13, 0x5A, 0x9A, 0x0D, 0xF4, 0xCA, 0x16,
    0x00, 0x82, 0x14, 0x0C, 0x61, 0x21, 0x6B, 0xF3, 0xF6, 0x0D, 0xF3, 0xBB, 0x77, 0xEF, 0xDE, 0x5B,
    0x9D, 0x0D, 0xFE, 0xCB, 0x97, 0xFF, 0xF7, 0xCD, 0xEF, 0x3B, 0xF3, 0x66, 0x7E, 0xBF, 0xEF, 0xEF,
    0x37, 0x33, 0x59, 0xDD, 0xE6, 0xF9, 0xB6, 0xFF, 0x3F, 0xF0, 0x6A, 0x62, 0x36, 0x73, 0x5B, 0xFC,
    0x1E, 0xE9, 0x40, 0xD2, 0x93, 0x8F, 0x6C, 0xFC, 0x8F, 0xB9, 0xF5, 0xA3, 0xC3, 0x73, 0x01, 0xED,
    0x36, 0x7C, 0x03, 0x9B, 0x7C, 0x74, 0x64, 0x42, 0xB0, 0x7E, 0x03, 0x7F, 0x17, 0xFF, 0xE0, 0x02,
    0x84, 0x1F, 0x40, 0x62, 0xC8, 0x2D, 0x1B, 0x70, 0xFF, 0xD0, 0x34, 0xC1, 0x6D, 0x66, 0xAE, 0x78,
    0xD7, 0xA5, 0x9F, 0x3B, 0xB2, 0x97, 0x6F, 0xF6, 0xE6, 0xE1, 0x17, 0x3A, 0x0C, 0xB1, 0x01, 0xEB,
    0xE3, 0x3A, 0x84, 0xD0, 0x37, 0x42, 0xD7, 0xF6, 0xF6, 0xF6, 0x6E, 0x23, 0xD0, 0x21, 0xE2, 0x84,
    0x98, 0x40, 0x16, 0x16, 0x18, 0x56, 0x23, 0x04, 0xBF, 0x90, 0xDF, 0x5B, 0x57, 0xD8, 0x57, 0xE6,
    0x97, 0xD9, 0xCE, 0x8A, 0xB2, 0x27, 0xC4, 0x29, 0xE4, 0x24, 0x0E, 0x0F, 0xCD, 0xC9, 0xDC, 0xC9,
    0x88, 0x37, 0x53, 0xAF, 0xEC, 0x26, 0xFB, 0x1C, 0x13, 0x08, 0x2E, 0xB4, 0xB5, 0xBB, 0x6E, 0x0A,
    0xAB, 0x3B, 0xED, 0x75, 0x5F, 0xF8, 0xC4, 0x27, 0x5D, 0xE6, 0x4A, 0x33, 0x72, 0x40, 0x9C, 0xF5,
    0xDA, 0x57, 0x7D, 0x7E, 0x36, 0x3B, 0xE3, 0x80, 0xEB, 0xA6, 0x8E, 0x51, 0x31, 0x92, 0x63, 0xF6,
    0xD9, 0x44, 0xD9, 0xD4, 0xF3, 0x66, 0xFC, 0xFC, 0x7E, 0xEA, 0xF3, 0x4E, 0xD9, 0xD2, 0x6C, 0xB2,
    0xCD, 0x3E, 0x3D, 0xC7, 0xD1, 0x42, 0x32, 0x12, 0xBE, 0x0D, 0x36, 0x7C, 0x17, 0x5C, 0x8C, 0xB3,
    0xD7, 0xCD, 0x16, 0x45, 0x64, 0xDD, 0xD5, 0x4E, 0xFB, 0xA6, 0xD3, 0x7D, 0xED, 0x0B, 0x5F, 0x76,
    0x89, 0xCF, 0x3A, 0xC9, 0x91, 0xB9, 0x3C, 0x2A, 0x54, 0x8C, 0xC9, 0xC0, 0x41, 0x62, 0x29, 0xE2,
    0x37, 0xED, 0xEB, 0x56, 0x7C, 0xAB, 0x5E, 0xFB, 0xDC, 0x2B, 0xF1, 0x6D, 0x57, 0xBE, 0x5B, 0xCC,
    0x4E, 0x7C, 0x0D, 0xA2, 0x2D, 0x39, 0x24, 0x97, 0xE4, 0x94, 0xDC, 0x52, 0x83, 0xD4, 0x22, 0x35,
    0x49, 0x6D, 0x52, 0xA3, 0xD4, 0xCA, 0x2B, 0x16, 0x4A, 0x07, 0x6A, 0xDD, 0x2C, 0x14, 0x62, 0x86,
    0xDB, 0xB9, 0xB9, 0xDA, 0x84, 0x46, 0xFE, 0xBB, 0xE9, 0xEF, 0x14, 0xE6, 0x43, 0x59, 0x17, 0x7F,
    0xAA, 0x36, 0x5A, 0x07, 0x65, 0x3B, 0x89, 0x9F, 0x68, 0xAC, 0x74, 0x56, 0x96, 0x8B, 0x31, 0x35,
    0x40, 0xEA, 0x38, 0x5F, 0x83, 0xC1, 0x14, 0x31, 0xFF, 0x0F, 0x47, 0x27, 0xF9, 0xBF, 0x2C, 0x7E,
    0x7B, 0x9A, 0x5F, 0xC6, 0xA2, 0x2F, 0x1A, 0xD9, 0xC2, 0x44, 0x5F, 0x62, 0xA5, 0x2E, 0xB1, 0xA5,
    0xD6, 0xE3, 0xDF, 0x7D, 0xEF, 0x44, 0x43, 0xFA, 0x45, 0x2D, 0x92, 0x6F, 0x95, 0x53, 0x34, 0x05,
    0xC9, 0x5F, 0xA3, 0x42, 0x5B, 0x05, 0xAF, 0x43, 0x2F, 0x4F, 0xCE, 0xB2, 0xC5, 0x19, 0x15, 0xBA,
    0x34, 0x18, 0x16, 0xF8, 0x2D, 0x40, 0x9B, 0x68, 0x7D, 0xB4, 0x60, 0x88, 0xEE, 0xD1, 0x82, 0xD1,
    0x61, 0x8C, 0x7D, 0x8B, 0x1E, 0x41, 0xB7, 0xB0, 0x03, 0x5C, 0x05, 0x2A, 0x6A, 0xD7, 0xC4, 0x8F,
    0xC4, 0x54, 0xF0, 0xB0, 0x71, 0xD9, 0x3C, 0x5A, 0x90, 0x5E, 0x9B, 0x64, 0x06, 0xB0, 0x45, 0xD2,
    0x93, 0x1F, 0x04, 0x9B, 0x8D, 0x94, 0x3E, 0xD8, 0x7C, 0xA4, 0xF2, 0xA7, 0xDF, 0x6A, 0xD2, 0x19,
    0xAA, 0x43, 0x20, 0x9E, 0x2B, 0xB5, 0x8F, 0x0E, 0x6D, 0x08, 0xCE, 0xC3, 0x45, 0xB5, 0xAF, 0x21,
    0x3E, 0x20, 0x51, 0x93, 0xEC, 0x02, 0x9B, 0xAD, 0x43, 0xFB, 0xCC, 0x76, 0x21, 0x45, 0x47, 0x9D,
    0x3F, 0x38, 0xB4, 0x9F, 0xC0, 0x59, 0xFB, 0x74, 0xCF, 0x5C, 0xA0, 0xF8, 0xCD, 0xC3, 0x16, 0x56,
    0xED, 0xDA, 0xDE, 0x85, 0x55, 0xBE, 0x8E, 0x24, 0x74, 0xB0, 0x89, 0x80, 0xFC, 0xBF, 0x67, 0xB0,
    0x8F, 0x00, 0xE5, 0xEE, 0xC3, 0x00, 0x82, 0xCA, 0x6A, 0x92, 0xD3, 0x30, 0x6D, 0x2A, 0x9B, 0x75,
    0xA7, 0x63, 0x2A, 0x97, 0xBB, 0xE5, 0xB8, 0x74, 0xCA, 0x82, 0xA0, 0x8E, 0xE3, 0x92, 0xD5, 0x78,
    0x77, 0x6D, 0xBC, 0xCF, 0x2A, 0x76, 0xC0, 0x40, 0x82, 0x68, 0xFE, 0x91, 0x2F, 0xE7, 0xD0, 0x0C,
    0x92, 0xEB, 0xDD, 0xEE, 0xF1, 0x07, 0x2E, 0x7D, 0xD2, 0xA0, 0x9C, 0xCE, 0xDD, 0x2C, 0xEF, 0xF2,
    0xAE, 0xB2, 0x45, 0x37, 0x53, 0x9F, 0xF5, 0x99, 0x57, 0xAD, 0x72, 0x69, 0xE8, 0xCB, 0xAC, 0x4F,
    0x7B, 0xE5, 0x54, 0xCB, 0x35, 0xB3, 0x9B, 0xF9, 0x74, 0x88, 0xD9, 0x3B, 0x60, 0x3F, 0xF7, 0xE9,
    0xAC, 0x72, 0x85, 0x8C, 0x87, 0xD5, 0x38, 0xF1, 0xAB, 0x71, 0xD6, 0xAD, 0xC6, 0xB9, 0x5B, 0xC5,
    0x2A, 0x1B, 0xC7, 0x0B, 0x4D, 0x4A, 0xD2, 0xD3, 0x5C, 0xB0, 0x0B, 0x27, 0x35, 0x94, 0x16, 0xF6,
    0xE1, 0x71, 0xE9, 0xB2, 0xA1, 0x16, 0x79, 0xA8, 0x02, 0x52, 0x33, 0x82, 0xE4, 0x36, 0x5C, 0x36,
    0x00, 0xCF, 0x3D, 0xDF, 0xE9, 0x19, 0x9F, 0x3F, 0xE7, 0xE9, 0x59, 0x9F, 0x3F, 0xEF, 0xE9, 0x99,
    0x9F, 0x3F, 0xF7, 0xE9, 0xD9, 0x9F, 0x3F, 0xFF, 0xE9, 0x1D, 0x9C, 0xBF, 0x07, 0x2E, 0x4D, 0xEF,
    0x22, 0x0D, 0x2D, 0x95, 0x59, 0xBB, 0x8F, 0x7F, 0x1E, 0x26, 0x77, 0x52, 0xD9, 0x47, 0xAC, 0xDF,
    0x8B, 0xA6, 0x66, 0xFD, 0x6E, 0x6A, 0x34, 0xEB, 0xF7, 0xF3, 0x18, 0x6D, 0xD6, 0xEF, 0x48, 0xBE,
    0xAF, 0xDF, 0xD3, 0x1C, 0x6D, 0xE5, 0xAE, 0xA6, 0xDF, 0xB3, 0x6E, 0xEA, 0x9F, 0xBB, 0xA9, 0xDE,
    0xEA, 0xDE, 0x24, 0xDF, 0xFA, 0xDD, 0x49, 0x3D, 0xEB, 0xF7, 0x57, 0x99, 0x47, 0x9C, 0xDD, 0x61,
    0x5F, 0xA3, 0xFE, 0x7E, 0x98, 0xDC, 0x63, 0x1A, 0xBA, 0xE9, 0x5D, 0x5E, 0x83, 0xC2, 0xAB, 0x4E,
    0xB5, 0xA5, 0x2B, 0x4D, 0xC5, 0x2E, 0xDB, 0xDC, 0x42, 0xE6, 0xAA, 0x98, 0x5D, 0xC7, 0x8C, 0xDA,
    0x94, 0x4E, 0x53, 0x9A, 0x7B, 0x54, 0x1C, 0xB3, 0xCB, 0xC0, 0x36, 0x3E, 0xFA, 0x74, 0x08, 0xC4,
    0xAF, 0x41, 0x3C, 0x03, 0xE2, 0x3B, 0x22, 0xDE, 0x33, 0xF1, 0x4F, 0x06, 0x89, 0x48, 0xBD, 0xC4,
    0xA4, 0x9D, 0x44, 0x65, 0x4E, 0xE2, 0x22, 0x2F, 0xA0, 0x6D, 0xE5, 0xCA, 0x98, 0x21, 0x6F, 0xB3,
    0x2E, 0xBA, 0x79, 0xBE, 0x96, 0xB9, 0x39, 0xA2, 0x28, 0x2A, 0xA2, 0x97, 0xB7, 0xA5, 0xCD, 0x3A,
    0x79, 0x09, 0xC8, 0x1D, 0x22, 0xF0, 0x75, 0xDA, 0x02, 0xE2, 0x97, 0x0E, 0xE2, 0x99, 0xCE, 0x4E,
    0x33, 0x8A, 0xF7, 0x23, 0xC4, 0xFF, 0x3E, 0x12, 0xA1, 0x91, 0x98, 0x12, 0x89, 0x52, 0x48, 0x5C,
    0x61, 0x58, 0xE0, 0x57, 0x80, 0x2D, 0x11, 0x01, 0x1A, 0x0B, 0x3F, 0x39, 0xD2, 0xFF, 0xEC, 0xC8,
    0xBE, 0xF3, 0xE4, 0xAE, 0x47, 0x99, 0x7D, 0x4A, 0x76, 0xD8, 0x89, 0x2C, 0xD8, 0x80, 0x7D, 0x92,
    0x81, 0xCC, 0xA3, 0x3A, 0xB4, 0xA3, 0x31, 0xD4, 0x96, 0xCA, 0xA1, 0x3A, 0x99, 0x64, 0x80, 0x1D,
    0x28, 0xB9, 0x0A, 0xDB, 0x50, 0x81, 0xB2, 0x14, 0x71, 0x69, 0x20, 0x19, 0x21, 0x48, 0x4B, 0x67,
    0x64, 0x3D, 0x45, 0x2B, 0x4B, 0x5B, 0xA2, 0x27, 0xF8, 0x06, 0xA9, 0x25, 0x1D, 0xC1, 0x6A, 0xB2,
    0x91, 0xAC, 0x2B, 0x5D, 0xFC, 0xA6, 0x5C, 0xEE, 0xE3, 0x9A, 0x26, 0x99, 0x01, 0xD1, 0x6A, 0x90,
    0x34, 0xA5, 0x45, 0x39, 0xC8, 0x3B, 0x34, 0x48, 0x41, 0xB2, 0xCC, 0x7D, 0x59, 0x7A, 0x9D, 0xF2,
    0x4F, 0x5D, 0x7A, 0x50, 0x9B, 0x3C, 0x50, 0xF8, 0xC6, 0xC6, 0x48, 0xD5, 0x37, 0x26, 0x0B, 0xB1,
    0xDB, 0x42, 0x7D, 0xEF, 0xB2, 0x0E, 0x74, 0xEE, 0x11, 0x41, 0x91, 0x15, 0xC1, 0x1A, 0x44, 0xB0,
    0x74, 0x88, 0xA0, 0x2C, 0xCE, 0x88, 0x39, 0x65, 0xE9, 0x43, 0x6A, 0x94, 0x5B, 0x9C, 0xAD, 0x54,
    0x96, 0x77, 0x6F, 0x48, 0x9D, 0x89, 0x03, 0x06, 0xA0, 0x6A, 0xCB, 0x4E, 0xB7, 0xA5, 0x3F, 0x31,
    0xA7, 0xBA, 0x6A, 0x6A, 0x6D, 0xB9, 0x6E, 0x56, 0x39, 0x65, 0x8B, 0x95, 0x19, 0xB1, 0xFC, 0xCC,
    0x2E, 0x93, 0x18, 0x4E, 0x51, 0xD8, 0xC2, 0x9E, 0x68, 0x76, 0xD5, 0x89, 0x89, 0x1E, 0x4B, 0x24,
    0x4D, 0x30, 0x14, 0xA1, 0xE9, 0xD1, 0x5D, 0x32, 0xA7, 0x76, 0xD4, 0xA6, 0x06, 0xED, 0x74, 0xDE,
    0x57, 0xEE, 0x95, 0xBC, 0x2F, 0x5B, 0x72, 0x5F, 0xB5, 0x64, 0x31, 0x2E, 0x92, 0x16, 0x6A, 0x0C,
    0xD9, 0x7F, 0xCC, 0x21, 0xFB, 0x69, 0x88, 0x14, 0x5A, 0x64, 0x3B, 0x91, 0x44, 0x36, 0x9D, 0xD2,
    0xAA, 0x0C, 0x58, 0xCE, 0x15, 0x03, 0xA0, 0x66, 0x4B, 0xCA, 0xFB, 0xB5, 0xF7, 0xDE, 0x2F, 0xB4,
    0xBC, 0xF5, 0xCB, 0xE8, 0x01, 0xA7, 0xD8, 0x46, 0x90, 0x39, 0x85, 0x40, 0x91, 0xB7, 0x00, 0xF7,
    0x48, 0xE6, 0xA2, 0xE5, 0xA1, 0x9A, 0x7F, 0xF9, 0xE7, 0xC1, 0x42, 0xBA, 0x7C, 0xA3, 0xBF, 0x72,
    0xF4, 0x15, 0x82, 0xEB, 0xE1, 0xA9, 0x01, 0xF2, 0x38, 0x3F, 0x02, 0xFA, 0xE9, 0xDE, 0xFB, 0xC1,
    0x91, 0x8C, 0x8B, 0xA4, 0xB9, 0x03, 0xD8, 0x61, 0x03, 0x41, 0x61, 0xDE, 0x46, 0x90, 0x5A, 0x60,
    0x6B, 0xB1, 0x02, 0x1C, 0x0B, 0xF5, 0x32, 0xEF, 0x81, 0xAC, 0x15, 0x4F, 0x07, 0x28, 0x03, 0x54,
    0xCF, 0x73, 0x13, 0x2A, 0xFA, 0xE5, 0x06, 0x2B, 0x71, 0xD9, 0x29, 0xC5, 0x4D, 0xC2, 0xFA, 0xC2,
    0x45, 0xB7, 0x28, 0x95, 0xB5, 0xA9, 0x17, 0xB5, 0x5E, 0xD4, 0x8E, 0x45, 0x4D, 0x9E, 0x0F, 0x2A,
    0x51, 0x13, 0x47, 0x92, 0xE5, 0x19, 0x88, 0xEA, 0x64, 0xF0, 0x6B, 0x89, 0xFF, 0x55, 0x04, 0xA5,
    0xEB, 0x6A, 0x04, 0x7A, 0xF8, 0x97, 0x20, 0x31, 0x72, 0x0A, 0xFF, 0x08, 0x82, 0x62, 0x64, 0x81,
    0x26, 0x1C, 0x20, 0xA8, 0xC6, 0x1F, 0xC2, 0x62, 0xD0, 0x75, 0x8B, 0xC1, 0xAF, 0x27, 0x7E, 0xB1,
    0x7D, 0x92, 0x69, 0x0A, 0x2E, 0x9B, 0xB4, 0xE7, 0x8E, 0xA8, 0xB4, 0xC0, 0x6C, 0xB9, 0xEF, 0x63,
    0x78, 0x2B, 0x77, 0x6F, 0xA5, 0xEC, 0xA7, 0xE6, 0x7E, 0xF6, 0xED, 0x2C, 0xEF, 0xEE, 0x96, 0xAE,
    0xF9, 0x87, 0x3F, 0x19, 0xD5, 0x78, 0xAB, 0x71, 0x37, 0x62, 0xEE, 0xA4, 0x69, 0xE6, 0x86, 0x8F,
    0x7B, 0xB8, 0x12, 0x0C, 0x49, 0x33, 0xC2, 0x8D, 0xD0, 0xF2, 0xF1, 0x4F, 0x47, 0xC3, 0x95, 0xF0,
    0x87, 0xC1, 0x36, 0x9F, 0xFF, 0xF1, 0xAC, 0x18, 0x6E, 0xD5, 0x6E, 0x27, 0x77, 0x0F, 0xB3, 0xF6,
    0x6E, 0x61, 0xAF, 0xE6, 0x8E, 0x84, 0xE3, 0xB5, 0x14, 0xA8, 0x16, 0x18, 0xE1, 0xDA, 0xDE, 0x1D,
    0x1D, 0x86, 0xF5, 0x76, 0xF3, 0xF0, 0xCF, 0x80, 0x8D, 0x97, 0xBC, 0xA0, 0x8B, 0x70, 0xBB, 0x79,
    0x68, 0xEB, 0xE0, 0xEA, 0x96, 0xDA, 0x52, 0x9B, 0x17, 0x68, 0xFF, 0x66, 0xEA, 0x60, 0x5F, 0xC4,
    0x53, 0x04, 0x1D, 0x51, 0x5C, 0x07, 0xF7, 0xD1, 0xC9, 0xFF, 0x76, 0x27, 0xC1, 0xA1, 0x5F, 0xA8,
    0xDD, 0x6C, 0x9C, 0x7E, 0x61, 0x67, 0x1A, 0x27, 0x5B, 0x08, 0x96, 0x25, 0xD2, 0xF0, 0x04, 0xAA,
    0x70, 0x40, 0x35, 0x97, 0xAC, 0xFF, 0x3E, 0xA3, 0x76, 0x85, 0xCF, 0x67, 0x34, 0x34, 0x64, 0x43,
    0xE1, 0xD1, 0xF6, 0x31, 0xC9, 0xAC, 0xE8, 0x28, 0xDD, 0x3D, 0x92, 0x31, 0x6F, 0x29, 0xDB, 0x4B,
    0x71, 0x80, 0x89, 0x03, 0x64, 0x00, 0x32, 0x48, 0x67, 0x40, 0xE5, 0x20, 0x93, 0x81, 0x76, 0xA7,
    0x4F, 0x44, 0x63, 0xA0, 0xEC, 0x58, 0x3C, 0xBD, 0x8D, 0x85, 0x62, 0x88, 0x26, 0x41, 0x75, 0x0B,
    0xAA, 0x03, 0x64, 0x45, 0x01, 0xF4, 0xCB, 0x81, 0x7F, 0xE6, 0xE0, 0x32, 0xC0, 0x6D, 0x9E, 0x85,
    0xD2, 0x40, 0x22, 0xE1, 0x7A, 0x59, 0x80, 0xA8, 0xE7, 0xE3, 0xDA, 0x60, 0xB5, 0x34, 0x85, 0x9C,
    0x40, 0x32, 0x97, 0xED, 0xA7, 0x73, 0xD9, 0x7B, 0x32, 0x97, 0x8D, 0x27, 0x73, 0xD9, 0x75, 0x32,
    0xCA, 0x96, 0x93, 0x51, 0xF6, 0xCB, 0xC8, 0x82, 0x65, 0xA7, 0x33, 0x91, 0x12, 0x2E, 0x7A, 0xE1,
    0xB2, 0x13, 0x6E, 0x2C, 0x33, 0xD9, 0x5A, 0x64, 0xD9, 0xD7, 0x31, 0x8A, 0x29, 0x3F, 0x44, 0xF8,
    0x2E, 0xB2, 0x91, 0x57, 0xCF, 0xD5, 0xFF, 0x50, 0x2A, 0x4C, 0xE7, 0x52, 0x70, 0x16, 0x84, 0xD3,
    0x80, 0x76, 0x92, 0x53, 0x70, 0x95, 0x05, 0xAA, 0x36, 0x69, 0xE6, 0xA0, 0x5B, 0x35, 0x6F, 0xBA,
    0xD8, 0x55, 0x5D, 0x36, 0xA0, 0x9D, 0xB6, 0x8C, 0x54, 0x4E, 0x1B, 0xE6, 0xB1, 0xAB, 0xA0, 0x89,
    0xDD, 0xE5, 0x45, 0x87, 0x74, 0xA5, 0x74, 0x01, 0xE9, 0x92, 0xB9, 0x74, 0xB2, 0x81, 0xD2, 0x82,
    0xEA, 0x51, 0x56, 0x04, 0xA5, 0x4B, 0x03, 0xD2, 0xE5, 0x3D, 0x28, 0x43, 0xEE, 0x9E, 0xD3, 0x45,
    0xE1, 0xC4, 0xC0, 0x14, 0x85, 0x95, 0x26, 0x42, 0xA5, 0x07, 0xDD, 0x51, 0xAD, 0xBA, 0xCA, 0xA1,
    0x5A, 0x26, 0xD8, 0x35, 0xC9, 0xFB, 0x4E, 0x87, 0x10, 0x16, 0x54, 0x08, 0xB1, 0x77, 0x47, 0x6A,
    0x91, 0x34, 0x50, 0x02, 0x54, 0x42, 0x1A, 0xF1, 0x3F, 0x7B, 0x1A, 0xF7, 0xCF, 0x1E, 0xC9, 0x61,
    0x49, 0x49, 0x2F, 0xE4, 0xCF, 0x1E, 0xE4, 0x4E, 0xA8, 0x05, 0xF2, 0xD5, 0x23, 0x2D, 0xF4, 0x2C,
    0xF5, 0x9B, 0xC8, 0x5F, 0xA2, 0xAF, 0xCC, 0xE2, 0x57, 0x28, 0xF2, 0x27, 0x1F, 0x84, 0x11, 0x7A,
    0x15, 0xC2, 0x82, 0x0D, 0xC2, 0xF6, 0x3C, 0xAF, 0xAD, 0xB2, 0xE2, 0x45, 0x6C, 0x2F, 0x7C, 0x68,
    0x84, 0xE1, 0xE2, 0xD9, 0xC8, 0x96, 0x65, 0x33, 0x37, 0x7A, 0xF5, 0x4F, 0x50, 0xC7, 0x8C, 0x2C,
    0x21, 0x3F, 0xA1, 0xE5, 0x21, 0x42, 0x85, 0xA7, 0x47, 0x9D, 0x0E, 0xD1, 0x4F, 0xC8, 0xD4, 0xCF,
    0x23, 0x2D, 0x54, 0x45, 0x72, 0x2A, 0x46, 0x3D, 0x4D, 0x24, 0x56, 0x44, 0x90, 0x03, 0xE9, 0xF2,
    0xA7, 0x47, 0x61, 0x90, 0x2D, 0xCD, 0x84, 0xE6, 0x42, 0xE1, 0x3C, 0x2D, 0x16, 0xC6, 0x44, 0xFC,
    0x3E, 0x96, 0x73, 0x94, 0x58, 0x4B, 0x7A, 0x80, 0x5C, 0x86, 0xD8, 0x1B, 0x59, 0xFB, 0x86, 0xFE,
    0xCC, 0x8D, 0xF5, 0x8F, 0x7F, 0x17, 0xAE, 0xC8, 0xDF, 0xAC, 0x72, 0x20, 0x69, 0x82, 0xD5, 0x4F,
    0xBF, 0x9F, 0xEB, 0xBF, 0xFD, 0x76, 0xBE, 0x99, 0xB5, 0xBF, 0x49, 0xD6, 0x9E, 0xF9, 0x27, 0x94,
    0x4E, 0x77, 0xF2, 0x29, 0x2C, 0x9C, 0x47, 0x61, 0x2B, 0xAF, 0xE5, 0x63, 0x77, 0xD8, 0x42, 0x49,
    0xE8, 0x8C, 0xD7, 0x58, 0x40, 0x94, 0x0F, 0x80, 0x32, 0xC8, 0x7D, 0xD0, 0x58, 0x6A, 0x47, 0x3A,
    0x40, 0xEE, 0x97, 0x7F, 0xE0, 0x4A, 0x03, 0xEC, 0xB2, 0x03, 0xA0, 0x0C, 0x3F, 0x1F, 0x36, 0x85,
    0x0A, 0x53, 0x01, 0x54, 0x28, 0x07, 0x1C, 0x93, 0xF5, 0x20, 0x36, 0x37, 0x54, 0x2D, 0x54, 0xF3,
    0xA3, 0x39, 0x90, 0x86, 0xD0, 0x01, 0x24, 0x77, 0x80, 0x97, 0x39, 0x3C, 0x5E, 0x32, 0x3E, 0x6F,
    0x37, 0x94, 0xDF, 0x52, 0x7E, 0x5B, 0xF9, 0xFD, 0xD4, 0x7E, 0x03, 0x9E, 0xC4, 0x8B, 0x43, 0xE6,
    0xC8, 0x2D, 0xCA, 0xA0, 0x60, 0x0B, 0x76, 0x60, 0x1B, 0x1E, 0x42, 0x2F, 0xEB, 0x69, 0x87, 0xAC,
    0x3B, 0x0A, 0x8B, 0xC2, 0x94, 0xB9, 0xDF, 0x2C, 0x86, 0xED, 0xA2, 0xDF, 0xCF, 0x3D, 0x90, 0x3E,
    0xE0, 0x8A, 0x55, 0xF3, 0xB8, 0xA8, 0x1B, 0x57, 0xD8, 0x38, 0xA9, 0x78, 0x98, 0xCC, 0x6B, 0x7A,
    0xF4, 0x2C, 0x52, 0xD1, 0xB1, 0xC2, 0x8D, 0x30, 0x5F, 0x7F, 0x95, 0xAB, 0xFF, 0xF5, 0xF6, 0x7B,
    0x4D, 0x4B, 0xFA, 0x04, 0xB8, 0x12, 0x5D, 0x9F, 0xFB, 0x2A, 0xF7, 0x05, 0x40, 0x0F, 0x89, 0xEB,
    0xDF, 0x26, 0xEF, 0xFC, 0x7D, 0xB2, 0xDE, 0x8F, 0x70, 0xFC, 0x97, 0x1E, 0xCA, 0xBF, 0xB1, 0xBC,
    0xF3, 0x3B, 0xE3, 0x6F, 0x1C, 0xE8, 0x28, 0xDB, 0xEA, 0x1F, 0xE6, 0x47, 0x2D, 0x45, 0x00, 0x76,
    0xFF, 0xAA, 0x25, 0x19, 0x7E, 0x1C, 0xC8, 0xBD, 0x6F, 0xC8, 0x5C, 0xBF, 0x0D, 0xA6, 0x87, 0x38,
    0x89, 0xE0, 0x92, 0x90, 0xB6, 0x40, 0xE3, 0x96, 0x54, 0x0B, 0x6D, 0xB1, 0xC2, 0xEB, 0xC8, 0x92,
    0x01, 0x82, 0x5D, 0x92, 0x7C, 0x95, 0x85, 0x29, 0x24, 0x4C, 0x54, 0x26, 0xA4, 0x0D, 0x82, 0xC2,
    0xD7, 0xEF, 0x0E, 0xF2, 0xCA, 0xDE, 0xE4, 0xBD, 0xB6, 0xAA, 0x9D, 0xE7, 0x5E, 0x53, 0xBA, 0x59,
    0xD1, 0xD6, 0x94, 0x66, 0x50, 0xEE, 0x11, 0x95, 0x3C, 0xFA, 0xC7, 0xEC, 0xA6, 0x5E, 0xD1, 0xB3,
    0x9D, 0xB6, 0x1B, 0x78, 0x6E, 0x65, 0x6E, 0x33, 0xE9, 0x10, 0xAC, 0x4A, 0xA6, 0x41, 0x10, 0xEC,
    0x1A, 0x1B, 0x56, 0x75, 0x4F, 0x6A, 0x7F, 0x8D, 0xC6, 0xC8, 0x7A, 0xB0, 0xE2, 0xBB, 0xE0, 0xC5,
    0xCC, 0x62, 0xF5, 0xFC, 0x16, 0x16, 0x6A, 0x53, 0xFD, 0x7A, 0xAD, 0x02, 0xB1, 0xDA, 0x40, 0xC3,
    0x42, 0x6D, 0x8D, 0x8D, 0xC4, 0x6F, 0x72, 0xBE, 0x0A, 0x68, 0xCE, 0x69, 0xCA, 0xCC, 0xF9, 0x63,
    0xDC, 0x42, 0x4C, 0x3C, 0xA6, 0x35, 0x2F, 0x32, 0x2E, 0x51, 0xCB, 0xBC, 0x0B, 0x76, 0x97, 0xFF,
    0x1F, 0xEF, 0xD0, 0x44, 0x0D, 0x51, 0xB8, 0xB4, 0x16, 0xBF, 0xAA, 0x63, 0x9D, 0xEF, 0xF3, 0x62,
    0xD8, 0x15, 0xDF, 0x65, 0x95, 0x6E, 0xB5, 0x7F, 0xD1, 0x15, 0x7B, 0x01, 0xBC, 0xC0, 0x59, 0x0B,
    0x24, 0xCF, 0x36, 0x8F, 0x09, 0x91, 0x03, 0xC1, 0x08, 0x37, 0x08, 0xBF, 0xCA, 0x76, 0x34, 0x22,
    0xC3, 0x94, 0x77, 0x80, 0x20, 0x58, 0xF0, 0x33, 0x7D, 0x84, 0x5F, 0x8B, 0xFC, 0x36, 0xCD, 0x9A,
    0x72, 0x40, 0x58, 0x32, 0xDE, 0x7B, 0xEE, 0x29, 0xEF, 0x9E, 0xCE, 0xD6, 0xCF, 0x3F, 0xE5, 0x49,
    0xE4, 0x6A, 0xAD, 0x91, 0xB5, 0xB5, 0xD5, 0xAD, 0x73, 0x91, 0xF2, 0xCB, 0xE7, 0x53, 0x8B, 0xE7,
    0xAC, 0x5D, 0xFB, 0x2F, 0x73, 0xA1, 0xBF, 0xD9, 0xB6, 0x9F, 0xB0, 0x6A, 0x9F, 0x5E, 0xDC, 0xCF,
    0xAA, 0x3A, 0xB8, 0x2A, 0x58, 0x15, 0x28, 0xE6, 0x64, 0x33, 0xD2, 0x01, 0xFC, 0xC5, 0x35, 0x84,
    0x93, 0x5E, 0x94, 0xF3, 0x11, 0x15, 0x88, 0xB9, 0x74, 0xB8, 0xA8, 0x7F, 0x78, 0x94, 0x6A, 0x8B,
    0xBF, 0x60, 0x33, 0xB7, 0xDB, 0x99, 0x53, 0x1F, 0x48, 0x96, 0x8B, 0xAA, 0xBC, 0xEE, 0xB8, 0xE9,
    0xF9, 0x99, 0x2E, 0xF4, 0x7F, 0x01, 0xED, 0x93, 0x01, 0x84, 0x1C, 0x57, 0x18, 0xC7, 0x7F, 0x33,
    0x2F, 0xF6, 0x91, 0x51, 0x03, 0x3D, 0x48, 0x9B, 0x0E, 0x40, 0xA5, 0x97, 0x9D, 0xE2, 0x50, 0x6C,
    0x6E, 0x5E, 0x02, 0x00, 0x8A, 0x6C, 0x0B, 0x28, 0x80, 0x2E, 0x5C, 0x01, 0x55, 0x97, 0xCC, 0xB4,
    0x50, 0x80, 0x03, 0x85, 0xA0, 0x8B, 0xC5, 0x66, 0x5A, 0xDA, 0x72, 0x58, 0xEC, 0xED, 0x3E, 0x45,
    0xA1, 0xE8, 0x28, 0x05, 0x55, 0x5D, 0x7A, 0x85, 0x84, 0xF6, 0xA9, 0x2D, 0x53, 0x99, 0xDD, 0xD7,
    0x6F, 0x46, 0x52, 0xC9, 0xB5, 0xB9, 0x42, 0x00, 0xD9, 0xFF, 0xFC, 0xDE, 0x7E, 0xDE, 0xFB, 0xDE,
    0xFF, 0x1B, 0x9F, 0xF9, 0x58, 0x16, 0xE8, 0x07, 0x6B, 0x62, 0xDB, 0x90, 0x99, 0x9C, 0x4C, 0x24,
    0xAB, 0x59, 0x92, 0x15, 0x67, 0x69, 0xF7, 0xDB, 0xF3, 0xD4, 0xDC, 0xEE, 0xF2, 0xB5, 0x77, 0x30,
    0x32, 0xA8, 0x42, 0x57, 0xCA, 0x02, 0x64, 0x36, 0xB2, 0xEA, 0x8C, 0x74, 0x95, 0x6F, 0x80, 0x60,
    0x02, 0xAA, 0x86, 0x58, 0x48, 0x85, 0x0F, 0x84, 0x3F, 0x6A, 0xC2, 0xEF, 0x6B, 0xF4, 0x47, 0x35,
    0x71, 0x58, 0xB3, 0x2B, 0xE4, 0xDE, 0xBB, 0xD1, 0x67, 0xDB, 0x31, 0x12, 0x77, 0xA8, 0x06, 0x32,
    0x5F, 0xB0, 0x33, 0x34, 0x17, 0xCB, 0x29, 0xB1, 0xDF, 0x74, 0x5C, 0xE6, 0x05, 0x5E, 0xE6, 0x82,
    0x00, 0xBB, 0x42, 0xEA, 0x57, 0xF4, 0xDF, 0xDE, 0x00, 0x4B, 0x21, 0x33, 0x2D, 0xBB, 0xC2, 0x21,
    0x39, 0x79, 0xB0, 0x95, 0x73, 0xA9, 0x55, 0x1A, 0x48, 0x4F, 0x09, 0xB7, 0x5B, 0x74, 0x95, 0x11,
    0xDB, 0x7D, 0xD2, 0xE2, 0x45, 0xBA, 0xEC, 0x4B, 0x86, 0x4C, 0x72, 0xB2, 0x62, 0x41, 0x46, 0x27,
    0x93, 0x99, 0x54, 0x94, 0x99, 0xC4, 0x66, 0x44, 0xD5, 0x82, 0x50, 0xCE, 0x19, 0x15, 0x5C, 0x29,
    0x4B, 0xC9, 0xF5, 0x1D, 0x6F, 0xF0, 0x0A, 0x7B, 0x5C, 0x05, 0x06, 0xC2, 0xB1, 0xE0, 0x20, 0x5C,
    0x81, 0xB2, 0xA0, 0x85, 0xD8, 0x40, 0x02, 0xEC, 0x0B, 0x87, 0xC2, 0x4C, 0x78, 0x13, 0x82, 0xE5,
    0x11, 0xF1, 0x83, 0x86, 0xB4, 0xAD, 0x67, 0x32, 0x3A, 0xEC, 0x2D, 0x92, 0x3F, 0x6B, 0xB4, 0xAF,
    0x08, 0xFC, 0x9A, 0xE8, 0xC7, 0x2D, 0x99, 0x59, 0x9A, 0xBC, 0xEB, 0x7D, 0xDA, 0x62, 0x24, 0xEA,
    0xEE, 0x05, 0xE5, 0x11, 0xC1, 0xC2, 0x10, 0x7B, 0x47, 0x7A, 0xBD, 0x21, 0x63, 0xC3, 0x6D, 0xD1,
    0x82, 0x5C, 0x94, 0x75, 0x4A, 0x3F, 0xF4, 0x44, 0xDE, 0xC3, 0xCD, 0x1C, 0x68, 0x39, 0x61, 0x8F,
    0x86, 0x81, 0x5A, 0x93, 0xF8, 0x8A, 0xDE, 0xDD, 0x87, 0xCD, 0xBB, 0xFA, 0x24, 0xE5, 0xA2, 0x34,
    0xDE, 0xFB, 0xA2, 0x8D, 0xFF, 0xC5, 0x05, 0x28, 0xCB, 0x87, 0xE7, 0xC0, 0x70, 0x38, 0xA4, 0x8B,
    0xCF, 0xFC, 0x96, 0xDE, 0x9B, 0x16, 0x20, 0xE1, 0x44, 0xAD, 0xE3, 0x4A, 0xBA, 0x68, 0x32, 0xF2,
    0x4E, 0x4B, 0x51, 0xFE, 0xE8, 0x4D, 0x8B, 0xC4, 0x46, 0x2E, 0x6C, 0xC8, 0xE9, 0xC1, 0x31, 0x39,
    0x49, 0xA5, 0x5D, 0x58, 0xD3, 0xB0, 0x11, 0x2D, 0xFE, 0xD1, 0x96, 0x0D, 0x4D, 0xD0, 0xA8, 0x75,
    0xB4, 0x4A, 0x8B, 0x13, 0x8E, 0x00, 0xC8, 0x3E, 0xDE, 0x10, 0xFD, 0x74, 0x60, 0x94, 0x8B, 0xAC,
    0xAA, 0xB4, 0x55, 0x4F, 0x91, 0xAE, 0x54, 0x95, 0x35, 0xAA, 0x06, 0x78, 0x16, 0xDF, 0x3C, 0x17,
    0x21, 0x37, 0xDA, 0x9B, 0x3C, 0x37, 0xAF, 0x66, 0x86, 0x73, 0x9F, 0xD4, 0x6F, 0x76, 0x86, 0xC3,
    0xD0, 0x1F, 0x91, 0xDC, 0xAF, 0xC9, 0xD8, 0x08, 0x5B, 0x2E, 0xB1, 0x00, 0x89, 0xA1, 0x81, 0xA0,
    0x06, 0xE5, 0x20, 0xB2, 0xD0, 0x07, 0x66, 0xA0, 0x2A, 0x4D, 0x6C, 0xA2, 0xEE, 0x33, 0xCB, 0x05,
    0xB1, 0x20, 0xF4, 0x05, 0x69, 0xEB, 0x11, 0x6C, 0xD8, 0x67, 0xCB, 0xD5, 0x47, 0xF7, 0xD5, 0x9A,
    0xE0, 0x8B, 0x82, 0xC0, 0x57, 0x10, 0x3E, 0x1A, 0x83, 0x9C, 0x3D, 0xE1, 0x7D, 0x89, 0x6F, 0x4B,
    0x7E, 0xEA, 0xD7, 0xED, 0x08, 0x3C, 0x1F, 0xC5, 0xE7, 0xA3, 0xF8, 0xCC, 0x47, 0x31, 0xB8, 0x4B,
    0x72, 0xA7, 0xEA, 0x07, 0xEE, 0x32, 0x0E, 0x1C, 0x6F, 0xB9, 0xE4, 0x9E, 0xBB, 0x85, 0x9B, 0xE1,
    0xEA, 0xC0, 0xCD, 0x95, 0xCB, 0x3E, 0xAF, 0xA3, 0xD5, 0xBB, 0x92, 0x16, 0xDF, 0x6F, 0xD3, 0x06,
    0xD4, 0x87, 0xCC, 0x4E, 0x86, 0xCD, 0xA2, 0x9C, 0xCE, 0xE1, 0x10, 0x06, 0x90, 0xF2, 0x7A, 0x7C,
    0xCF, 0x49, 0x2B, 0x83, 0xD2, 0x44, 0xF7, 0x57, 0x7D, 0x66, 0x03, 0x06, 0x87, 0xEC, 0xCF, 0xE9,
    0xCF, 0xE8, 0xCB, 0x2A, 0xF1, 0x80, 0x6B, 0x7D, 0x0E, 0xE3, 0x4F, 0xDA, 0xB4, 0x9D, 0x9B, 0x43,
    0x93, 0xAE, 0x97, 0x85, 0xAA, 0x76, 0x09, 0xDC, 0x7B, 0x30, 0xAF, 0x20, 0x2D, 0x20, 0x36, 0xF0,
    0x5A, 0x05, 0x5F, 0x39, 0x02, 0x3B, 0x47, 0x9B, 0x7D, 0x0E, 0x8E, 0xF2, 0xAA, 0x1C, 0x97, 0xE3,
    0xDE, 0x94, 0x74, 0x59, 0xEC, 0xA9, 0x15, 0x38, 0x58, 0xC3, 0x6C, 0x54, 0xD6, 0xDB, 0xB2, 0x9E,
    0x51, 0xCF, 0x59, 0x5F, 0x0B, 0x5D, 0x72, 0xC7, 0x86, 0x7F, 0x31, 0x32, 0x90, 0x5A, 0xD0, 0x8F,
    0xF3, 0xF5, 0x04, 0xFD, 0xB3, 0x47, 0xBB, 0xD8, 0x68, 0x1B, 0x59, 0x7D, 0x8E, 0x92, 0x53, 0x7D,
    0x3A, 0x9A, 0xF6, 0x26, 0xFF, 0xE9, 0x63, 0x87, 0x72, 0x7F, 0x59, 0x68, 0x3B, 0x90, 0xF8, 0x4B,
    0xF1, 0xB5, 0xE8, 0x6F, 0x0D, 0xFA, 0x77, 0xF9, 0xFF, 0xC5, 0xC9, 0x5E, 0x2D, 0xDC, 0x12, 0x32,
    0x92, 0xD3, 0xB8, 0x1A, 0x4D, 0x83, 0xF1, 0xC8, 0x1C, 0x9C, 0x5F, 0x4F, 0xAA, 0xED, 0xDC, 0x98,
    0xF4, 0xC6, 0xA4, 0xDF, 0xF9, 0x74, 0x83, 0x72, 0xF1, 0x2A, 0x45, 0xAD, 0x22, 0x1B, 0x1B, 0x55,
    0xE9, 0x76, 0xB5, 0xFF, 0xBF, 0x26, 0x6B, 0x2D, 0xF5, 0xAE, 0xC8, 0x7B, 0x5F, 0x1C, 0xEF, 0x5C,
    0x9F, 0xB4, 0x5E, 0xAD, 0x53, 0xD1, 0x3A, 0xA8, 0x73, 0x94, 0xAC, 0xD5, 0xE9, 0x95, 0x69, 0x38,
    0x1D, 0xDE, 0x98, 0x70, 0xF0, 0x69, 0xD7, 0x21, 0xAB, 0xAB, 0xD6, 0xB3, 0xBB, 0xB9, 0x7A, 0x8C,
    0xAA, 0xDB, 0x77, 0xD2, 0xBD, 0xDF, 0x96, 0xE8, 0x6F, 0xEA, 0x27, 0x3A, 0x13, 0x55, 0xB0, 0x6C,
    0xA0, 0x37, 0x61, 0xFF, 0x80, 0xE3, 0xC8, 0x1C, 0xF7, 0x98, 0x43, 0x56, 0x11, 0x6D, 0x20, 0x37,
    0x44, 0x76, 0xAC, 0xAC, 0xD3, 0xC5, 0xC9, 0x3B, 0xBC, 0x74, 0x0A, 0x10, 0x16, 0xA8, 0x82, 0xE4,
    0x07, 0xF2, 0x2D, 0x51, 0xF1, 0x94, 0xC7, 0xA2, 0x7E, 0x25, 0x58, 0xF0, 0x37, 0xAD, 0x98, 0x01,
    0xA4, 0x26, 0x57, 0x7B, 0xC7, 0xFF, 0x33, 0x27, 0xBB, 0x23, 0x19, 0x75, 0x82, 0x4D, 0x91, 0xD5,
    0x4C, 0x11, 0xB4, 0xE9, 0xEE, 0x4E, 0x11, 0x2C, 0xDE, 0x7B, 0xE7, 0x34, 0x41, 0x50, 0xF4, 0x62,
    0x6F, 0x8A, 0x60, 0x0B, 0xD0, 0xA4, 0x72, 0x61, 0xB1, 0x6D, 0x6F, 0x76, 0x4E, 0x2D, 0x0D, 0x8A,
    0x5C, 0x28, 0x80, 0x2C, 0x12, 0xEA, 0x06, 0x77, 0x11, 0xB5, 0x65, 0x6F, 0xE6, 0x24, 0x21, 0x41,
    0x91, 0x59, 0xB1, 0x2D, 0x96, 0x66, 0xD2, 0x6E, 0x9B, 0xF4, 0x16, 0x7B, 0xB6, 0x99, 0x36, 0xB3,
    0x77, 0x67, 0xE6, 0xF9, 0xCE, 0xF3, 0xCC, 0xBC, 0xAF, 0x7B, 0x77, 0xAD, 0x2F, 0x5F, 0xBE, 0xEF,
    0xC1, 0xEF, 0xFF, 0x7F, 0xE7, 0x9C, 0x33, 0x67, 0xCE, 0x73, 0xCF, 0x9C, 0x39, 0xE7, 0x62, 0x8A,
    0x8C, 0xEA, 0x40, 0xFA, 0xA8, 0x05, 0x54, 0x1B, 0xF7, 0x80, 0xAE, 0x11, 0x98, 0x39, 0x5C, 0x03,
    0x0A, 0x0B, 0x04, 0x9A, 0x15, 0x51, 0x62, 0x73, 0x73, 0xD3, 0x94, 0x11, 0x11, 0xD5, 0x25, 0xB2,
    0x3A, 0x69, 0x0A, 0xA3, 0xEB, 0xA8, 0x29, 0x6C, 0x68, 0xD7, 0xE4, 0x2E, 0x30, 0xFC, 0x0E, 0x44,
    0xD2, 0x32, 0xA3, 0xF1, 0xE2, 0x7F, 0x6E, 0x02, 0x39, 0xD1, 0x08, 0xB9, 0xF7, 0x93, 0xF8, 0xB2,
    0xF0, 0x92, 0xB0, 0x05, 0xB6, 0x0E, 0xC2, 0x13, 0x71, 0x2F, 0xC1, 0x9F, 0x8C, 0x0D, 0x90, 0x26,
    0x01, 0x3A, 0x45, 0xC0, 0x9F, 0x00, 0x31, 0xD1, 0x0E, 0x72, 0xAA, 0xBA, 0x88, 0xFE, 0x22, 0x1B,
    0x54, 0xB7, 0x38, 0x37, 0x6A, 0xBF, 0x38, 0x33, 0xE6, 0xF5, 0xF9, 0xC5, 0xCD, 0xC2, 0x5D, 0x3A,
    0xBF, 0x51, 0xDA, 0xEB, 0x97, 0x51, 0xD9, 0xEB, 0x97, 0x50, 0x19, 0x7F, 0x1D, 0x64, 0x1A, 0x0F,
    0xFA, 0xA3, 0x3A, 0xE0, 0x95, 0xBA, 0x09, 0xF8, 0xB4, 0x46, 0x75, 0xF5, 0x33, 0x87, 0xF2, 0xF3,
    0xAB, 0x0E, 0xC5, 0x97, 0x01, 0xF9, 0x77, 0xAF, 0x5A, 0x68, 0x4A, 0xCC, 0xD3, 0x29, 0xA5, 0x38,
    0x17, 0xD3, 0xFB, 0x71, 0x8F, 0x8A, 0x9F, 0x20, 0x23, 0xB2, 0x38, 0x73, 0x6E, 0x03, 0x58, 0x9C,
    0x45, 0xC0, 0x99, 0x80, 0xF3, 0x0B, 0x1C, 0x8D, 0xA8, 0x22, 0x8B, 0x8C, 0x2B, 0x57, 0x36, 0x19,
    0xE2, 0x01, 0xD1, 0x98, 0xB4, 0xC0, 0xA8, 0x3D, 0xB0, 0x9F, 0xD7, 0xC0, 0x9F, 0x15, 0x0E, 0x80,
    0xA0, 0xB4, 0x01, 0xD5, 0x2B, 0xBB, 0x49, 0x4B, 0xAF, 0x52, 0x3E, 0x90, 0x29, 0xFE, 0x69, 0x24,
    0x93, 0x37, 0x37, 0x03, 0xDC, 0x06, 0x03, 0x95, 0xC0, 0xE6, 0x16, 0xA5, 0x0B, 0x28, 0x18, 0x79,
    0x1D, 0x90, 0xF9, 0x80, 0xB4, 0xCB, 0xED, 0x6F, 0xA9, 0x31, 0xB7, 0xEB, 0x20, 0xFA, 0xDB, 0x1E,
    0x05, 0xF7, 0x7B, 0x92, 0xC8, 0x02, 0x27, 0x36, 0x50, 0x72, 0xD6, 0x04, 0xD1, 0x88, 0xA4, 0xC5,
    0x08, 0x74, 0x8C, 0x1B, 0x2B, 0x5C, 0x62, 0xE0, 0xC9, 0x20, 0x22, 0xC3, 0x78, 0xB4, 0xE0, 0x25,
    0xDA, 0xB5, 0xDC, 0x99, 0x7B, 0x42, 0x33, 0x00, 0x7F, 0x40, 0x07, 0xE0, 0x27, 0xC0, 0x1C, 0x27,
    0xA9, 0x03, 0x8A, 0x87, 0x72, 0xAB, 0xD2, 0x45, 0x3D, 0x32, 0xA7, 0x5A, 0x68, 0xA7, 0x3C, 0xB4,
    0x0D, 0x38, 0x81, 0x00, 0x20, 0x5C, 0x03, 0xE2, 0x2E, 0x20, 0x54, 0x01, 0x30, 0x00, 0xDC, 0x91,
    0x17, 0xCC, 0x73, 0x2F, 0xB7, 0xC0, 0x4B, 0x7B, 0x07, 0xD7, 0xE6, 0x6B, 0x99, 0x03, 0xA0, 0x2D,
    0x82, 0xE3, 0xD2, 0x02, 0x00, 0xB6, 0x81, 0xA7, 0xA2, 0x87, 0x0F, 0x70, 0x26, 0x25, 0x3A, 0xEC,
    0xF3, 0x87, 0x44, 0xFE, 0xF7, 0x71, 0x9A, 0xB8, 0xE6, 0x29, 0x48, 0x2C, 0x30, 0xC7, 0xC7, 0x4B,
    0xE3, 0x67, 0x8D, 0x9A, 0x49, 0x36, 0xD4, 0xED, 0x0D, 0xA0, 0x6A, 0x0B, 0x7A, 0x95, 0x46, 0x60,
    0xAB, 0x23, 0xBA, 0xC3, 0x43, 0x56, 0x0F, 0xEB, 0x8C, 0x6C, 0xDE, 0x20, 0x26, 0xA4, 0x04, 0xED,
    0x11, 0x8F, 0x50, 0x03, 0x92, 0x60, 0x7A, 0xA8, 0x1E, 0x49, 0x3B, 0x1B, 0xF5, 0xCB, 0x4C, 0xB2,
    0x34, 0xFA, 0x31, 0x93, 0x2F, 0x4D, 0xB1, 0x34, 0x7F, 0xBD, 0x34, 0x3F, 0x88, 0x51, 0x43, 0xC4,
    0xA6, 0xC7, 0x1E, 0xFD, 0xFB, 0xD7, 0xB4, 0xA3, 0xC8, 0x12, 0xFD, 0xF8, 0x39, 0x79, 0x45, 0x35,
    0x90, 0x5A, 0x4C, 0xA1, 0x67, 0xC5, 0x0B, 0x4B, 0xB3, 0x86, 0xE3, 0x91, 0x8D, 0x50, 0x34, 0x20,
    0x23, 0xC3, 0x02, 0x72, 0x92, 0xD0, 0xB2, 0x86, 0x36, 0x41, 0xFC, 0x24, 0xED, 0x24, 0xBD, 0xC8,
    0x5F, 0x0D, 0x22, 0x97, 0x69, 0x92, 0xD2, 0x04, 0xA9, 0x88, 0xC3, 0xCC, 0x82, 0xCB, 0xDA, 0x4B,
    0x59, 0xD2, 0x06, 0xD9, 0xDC, 0x7F, 0x63, 0xB8, 0xF8, 0xF7, 0xCB, 0x2A, 0xCF, 0xED, 0x6F, 0xD2,
    0xC5, 0xCD, 0x50, 0x86, 0xF2, 0x3D, 0xC3, 0x52, 0x7C, 0x25, 0x92, 0xDD, 0x13, 0xD1, 0x24, 0x92,
    0x4C, 0xA2, 0x58, 0xB6, 0x11, 0xB1, 0xF4, 0x40, 0x90, 0xD3, 0x74, 0x0D, 0xA5, 0x41, 0xCE, 0x53,
    0xC2, 0x80, 0xE8, 0x70, 0x67, 0x9E, 0xA8, 0x03, 0x00, 0x4E, 0x0A, 0x59, 0x00, 0xF1, 0x80, 0xA2,
    0x06, 0x10, 0x0D, 0xD0, 0x7E, 0xD2, 0xB4, 0x9D, 0xB5, 0x9B, 0x34, 0x59, 0xE9, 0x89, 0x59, 0xF5,
    0x5C, 0x6F, 0x52, 0xED, 0x73, 0xD1, 0xAC, 0x29, 0x44, 0x8B, 0x2F, 0x88, 0x82, 0xFE, 0xF6, 0x98,
    0xB1, 0x12, 0xB5, 0x28, 0x81, 0x68, 0xFC, 0x10, 0xA2, 0x03, 0x7E, 0x96, 0x2A, 0x9A, 0x16, 0xD4,
    0x3D, 0xFA, 0x6F, 0x20, 0x3F, 0x80, 0xAC, 0x8E, 0x9A, 0x30, 0xC5, 0x05, 0x94, 0x34, 0xCA, 0xF8,
    0x82, 0x21, 0x32, 0x6C, 0x62, 0x42, 0xD9, 0x80, 0x83, 0x64, 0x48, 0x62, 0x54, 0x3F, 0x9B, 0x78,
    0x65, 0x06, 0x44, 0x17, 0x00, 0xE2, 0x9E, 0x72, 0xAA, 0xE5, 0x4A, 0x34, 0xBC, 0xD1, 0x4A, 0x1D,
    0xE5, 0x43, 0x3D, 0x82, 0xEA, 0xD2, 0x1A, 0x6C, 0x12, 0x1F, 0x0C, 0x17, 0x65, 0x2E, 0x6D, 0x00,
    0xD0, 0xAE, 0xAC, 0x17, 0x00, 0x91, 0x9F, 0xFE, 0x04, 0x94, 0x76, 0x88, 0xA8, 0x03, 0x88, 0xBB,
    0x2A, 0xC8, 0x82, 0xE2, 0x11, 0x48, 0xC8, 0x83, 0x40, 0x90, 0xA9, 0x41, 0xA8, 0x2C, 0x90, 0x0C,
    0xA0, 0x69, 0x75, 0x1B, 0x41, 0xC8, 0x7C, 0x62, 0x70, 0x05, 0x04, 0xDD, 0x6A, 0x2B, 0x26, 0xE9,
    0xB5, 0xC3, 0x7E, 0x44, 0x50, 0xA3, 0x6E, 0xA2, 0xFE, 0x2D, 0xFA, 0x1E, 0xF4, 0x1F, 0xE3, 0x96,
    0xAF, 0x68, 0x40, 0x1E, 0x68, 0x01, 0x40, 0x96, 0xAF, 0x9C, 0x46, 0xE0, 0x03, 0xA8, 0x20, 0x6C,
    0xA3, 0x5E, 0x6C, 0x44, 0x4E, 0x46, 0x99, 0xD5, 0xE0, 0xFE, 0xD4, 0x00, 0x68, 0x07, 0x94, 0xC1,
    0x8E, 0xC1, 0x1A, 0x70, 0xE7, 0x09, 0x01, 0x19, 0x80, 0xBC, 0x46, 0x5A, 0x19, 0xE4, 0x00, 0xB2,
    0x06, 0xBA, 0xB0, 0x58, 0x07, 0xA0, 0x3D, 0x74, 0xEE, 0xB0, 0x36, 0xD9, 0x17, 0x32, 0x87, 0x6D,
    0x80, 0x93, 0x79, 0x56, 0xD7, 0xB8, 0x01, 0x40, 0x75, 0x58, 0xE8, 0x06, 0x2D, 0xF0, 0xD2, 0x47,
    0xE3, 0xEE, 0x27, 0x7B, 0x87, 0xBB, 0x87, 0xBB, 0x28, 0x68, 0x19, 0x06, 0xD1, 0x88, 0x56, 0x75,
    0xAA, 0x81, 0x0C, 0xD3, 0xC7, 0x9D, 0xAA, 0xD9, 0x52, 0x14, 0x46, 0xA4, 0x1C, 0xDB, 0xF2, 0x95,
    0x1A, 0xC3, 0xF4, 0x16, 0x16, 0x57, 0x1D, 0x46, 0x6D, 0xC4, 0x7E, 0xEE, 0x50, 0x69, 0x70, 0xE4,
    0x5F, 0x5A, 0x14, 0x99, 0xD8, 0xEC, 0x8E, 0x41, 0xF1, 0xB6, 0x58, 0x7D, 0x0F, 0xC8, 0xF7, 0xC5,
    0xA6, 0x04, 0x64, 0xBD, 0xD8, 0x84, 0x07, 0xD9, 0x89, 0xE5, 0xF4, 0xEB, 0x76, 0x65, 0x13, 0x0F,
    0xF0, 0x87, 0x18, 0x38, 0x61, 0x88, 0xA8, 0x83, 0xAE, 0x69, 0xF3, 0x75, 0x0A, 0x32, 0x72, 0x22,
    0x58, 0x82, 0x9F, 0xC4, 0x8B, 0xA4, 0x93, 0x24, 0x2C, 0xD1, 0x3F, 0x88, 0xC4, 0xFD, 0x4F, 0x17,
    0x60, 0x96, 0x6C, 0x16, 0x27, 0x92, 0x4F, 0x52, 0x18, 0x96, 0x88, 0x30, 0xC6, 0x44, 0xD4, 0x4F,
    0xB2, 0x03, 0xE0, 0xE4, 0xAE, 0x09, 0xD4, 0xE4, 0x02, 0x51, 0x09, 0xF3, 0x15, 0x95, 0xE4, 0x34,
    0x66, 0x1E, 0xBB, 0xFE, 0xFC, 0xB5, 0xC0, 0x98, 0xC6, 0xCC, 0x41, 0x53, 0xF5, 0xBE, 0x43, 0xD6,
    0xC4, 0xE4, 0x50, 0x38, 0xBE, 0x43, 0x69, 0x50, 0x06, 0x03, 0xFE, 0x49, 0x13, 0xA5, 0xD5, 0xF8,
    0x18, 0x49, 0x28, 0x35, 0x67, 0x16, 0x16, 0x65, 0xA0, 0x93, 0xC5, 0xAE, 0x4D, 0xBE, 0xA9, 0x91,
    0x10, 0x69, 0x9E, 0x5B, 0xBD, 0x26, 0x13, 0x52, 0x89, 0xE3, 0x91, 0xCB, 0x60, 0x26, 0x9E, 0x08,
    0xD9, 0xBE, 0x80, 0x39, 0xB6, 0x46, 0x79, 0xEE, 0x06, 0xBA, 0x49, 0x3B, 0xE4, 0x4E, 0xF5, 0x28,
    0x10, 0x77, 0xA8, 0x10, 0x79, 0x8C, 0x00, 0x30, 0x2C, 0xBF, 0x64, 0x31, 0x43, 0x31, 0x4A, 0xA2,
    0x0E, 0x6F, 0x8D, 0xBB, 0x61, 0x6A, 0x1F, 0xBD, 0xE6, 0x04, 0x52, 0xEF, 0xC8, 0xB7, 0x0F, 0x23,
    0xA3, 0x62, 0x14, 0x76, 0x9A, 0xD1, 0x2F, 0x42, 0x77, 0xB8, 0xC1, 0xFD, 0x7A, 0x6E, 0x68, 0xC1,
    0x6F, 0x7A, 0x46, 0x64, 0x0A, 0x72, 0xB3, 0xA0, 0xAA, 0x91, 0xF4, 0x32, 0xD6, 0xB4, 0x11, 0xD1,
    0x56, 0xA4, 0x80, 0xC8, 0x4D, 0x91, 0xD8, 0x8B, 0x24, 0x4E, 0x24, 0x33, 0x22, 0xEF, 0x40, 0xA4,
    0x07, 0xA6, 0x05, 0xDB, 0x2F, 0x05, 0xC5, 0x3D, 0x92, 0x9A, 0x7D, 0xD9, 0xB0, 0xF8, 0xBC, 0x95,
    0x9A, 0xBA, 0x17, 0x51, 0xA3, 0x88, 0xAC, 0xD4, 0x92, 0x59, 0x91, 0xC2, 0x8B, 0x64, 0x9D, 0x48,
    0x3A, 0xC8, 0x87, 0x45, 0x91, 0x39, 0x4D, 0x87, 0x00, 0xB5, 0x39, 0xF1, 0x8A, 0xDE, 0x15, 0xD2,
    0xC3, 0x4C, 0x93, 0xD5, 0x89, 0x5F, 0x43, 0x56, 0x47, 0x7E, 0x11, 0x88, 0x99, 0xE7, 0x99, 0xD7,
    0xC1, 0x04, 0xF3, 0x77, 0x99, 0xFF, 0xD2, 0x32, 0xA9, 0x66, 0x76, 0x92, 0x28, 0xB1, 0xC4, 0x1C,
    0x2F, 0xD6, 0x1F, 0x03, 0xD7, 0xB2, 0xFF, 0x99, 0xEA, 0xC8, 0xD4, 0x6A, 0x02, 0x62, 0x29, 0x2D,
    0xEF, 0x31, 0x1F, 0x64, 0x4C, 0x23, 0xC4, 0x51, 0x16, 0x3E, 0xE0, 0x19, 0x1A, 0x2D, 0x37, 0xA5,
    0x1A, 0xC7, 0xE3, 0xCC, 0xCA, 0xF9, 0xA5, 0x51, 0xAB, 0x3A, 0x99, 0x9D, 0x34, 0xAE, 0x68, 0x9C,
    0xDC, 0xFA, 0xC6, 0xFE, 0xE9, 0xA9, 0xF8, 0xD9, 0xA8, 0x8F, 0xBB, 0xB9, 0x41, 0x8B, 0xFD, 0xC9,
    0x25, 0x1E, 0xC5, 0xE4, 0xD2, 0x06, 0xB9, 0x11, 0xA7, 0x6B, 0x64, 0x8E, 0x0D, 0x8B, 0x9E, 0x5C,
    0x1E, 0x5C, 0x8D, 0x79, 0x26, 0xA4, 0xB3, 0x33, 0xDC, 0x88, 0xA3, 0xC4, 0xD2, 0x55, 0x80, 0x9E,
    0xDC, 0x88, 0x65, 0x8B, 0x61, 0xE5, 0xFA, 0xE0, 0xDC, 0xF3, 0x3B, 0xD3, 0x1C, 0xCB, 0x1C, 0x0D,
    0xD3, 0x76, 0xAB, 0xB8, 0xEA, 0x73, 0x83, 0xB8, 0x0D, 0xEE, 0x35, 0xA7, 0x1D, 0x94, 0x07, 0x2A,
    0x6D, 0x53, 0x97, 0x7E, 0x17, 0xDC, 0xC0, 0x6E, 0x6D, 0xAB, 0x09, 0x55, 0xB3, 0xE0, 0x5E, 0x0E,
    0x3D, 0xA5, 0x3E, 0x0F, 0xF5, 0xFE, 0x50, 0xEF, 0x23, 0x77, 0x45, 0x9D, 0x99, 0xB5, 0xB7, 0xF5,
    0xC1, 0x88, 0xE2, 0xC1, 0x27, 0x48, 0xDB, 0xA8, 0x6A, 0x70, 0x25, 0xBF, 0x8B, 0x29, 0xF6, 0xB1,
    0x8C, 0xFE, 0x71, 0x17, 0xAD, 0xDC, 0x32, 0x31, 0x90, 0xBE, 0x57, 0xA9, 0xC1, 0xEA, 0x7B, 0xB0,
    0x8A, 0x88, 0x1A, 0x20, 0xA1, 0x8E, 0x47, 0xB2, 0xCD, 0x09, 0x5F, 0x03, 0x72, 0x73, 0xEE, 0x38,
    0xCE, 0x06, 0xD8, 0x45, 0x80, 0x0B, 0xC8, 0xDC, 0x0D, 0x4E, 0x80, 0x0F, 0xB8, 0xDF, 0x00, 0xE9,
    0x0F, 0xB2, 0xEA, 0x58, 0x06, 0xF7, 0x3C, 0x02, 0x4F, 0x81, 0x80, 0x33, 0x20, 0x83, 0x35, 0x5E,
    0x63, 0x48, 0x91, 0x8B, 0xE8, 0xEF, 0x2E, 0x36, 0xEA, 0xAB, 0x7F, 0xD3, 0x3E, 0x79, 0xAD, 0x4F,
    0x5B, 0xAD, 0x3A, 0xD5, 0xFD, 0x4E, 0xE4, 0x55, 0xBF, 0x40, 0x7D, 0xFC, 0x05, 0x7D, 0x16, 0x9F,
    0x00, 0x1E, 0x57, 0x10, 0x79, 0xBC, 0x83, 0xA8, 0x43, 0x0F, 0x0C, 0x3C, 0x9E, 0x92, 0xB8, 0xB7,
    0xD1, 0x64, 0x44, 0x1F, 0x00, 0x81, 0xDC, 0x67, 0xE5, 0xF2, 0x56, 0xDE, 0x98, 0x9E, 0x19, 0x8D,
    0x28, 0x65, 0xE2, 0x57, 0xCC, 0x56, 0x16, 0x29, 0x33, 0x71, 0xB3, 0xBC, 0xBD, 0x49, 0x3B, 0xD3,
    0xF5, 0xE7, 0xCA, 0xDB, 0xAF, 0xD3, 0x06, 0xBF, 0xB4, 0xD2, 0x2A, 0xE9, 0x02, 0x3F, 0x2D, 0xEB,
    0x40, 0x1A, 0x11, 0x78, 0xB0, 0xC1, 0x74, 0xF8, 0x89, 0xAC, 0x98, 0xE1, 0x25, 0xB4, 0xB2, 0xB8,
    0xC9, 0x25, 0x18, 0x61, 0x54, 0x4F, 0x32, 0xCF, 0x2A, 0xBA, 0x1B, 0x98, 0x12, 0x11, 0xFF, 0xB8,
    0x75, 0x8B, 0x1C, 0xA2, 0x31, 0xAA, 0x8B, 0x1A, 0xAA, 0x8B, 0xEA, 0xAC, 0x86, 0xF6, 0x51, 0xAD,
    0x1D, 0xBF, 0xAD, 0xF5, 0xD3, 0x32, 0x9C, 0x1A, 0x2B, 0x29, 0xAD, 0x48, 0x65, 0x8E, 0x0A, 0x3D,
    0x2A, 0xB7, 0x37, 0x37, 0x59, 0xEE, 0x10, 0x71, 0x95, 0x5B, 0x55, 0x2B, 0xED, 0xF2, 0x06, 0xA5,
    0x93, 0x1E, 0x8A, 0x49, 0xF2, 0x7A, 0xEE, 0x4F, 0x24, 0xED, 0x44, 0xE2, 0x51, 0x04, 0xD5, 0xAD,
    0x3A, 0x0F, 0x92, 0x91, 0x8C, 0x25, 0x22, 0x7A, 0x20, 0x33, 0xEA, 0xEE, 0xB1, 0x11, 0xCD, 0xB2,
    0xFC, 0x78, 0x8A, 0x24, 0x93, 0xA4, 0xA3, 0x88, 0xAE, 0x44, 0xB2, 0xD2, 0xB0, 0x9C, 0x2D, 0x2C,
    0xCB, 0x22, 0x77, 0x2C, 0xDB, 0x99, 0xB4, 0x6F, 0x75, 0xC3, 0xE2, 0x53, 0x0F, 0xBC, 0xF9, 0xD1,
    0xE1, 0xDE, 0xB8, 0x7B, 0xAD, 0x22, 0x0E, 0x8F, 0x44, 0xFE, 0x36, 0x48, 0x9D, 0x6C, 0xEE, 0xB4,
    0x01, 0x01, 0x73, 0xD9, 0x2C, 0x58, 0x9B, 0xF2, 0xBF, 0x0D, 0xE4, 0x41, 0x6E, 0xC8, 0xAE, 0x04,
    0x2D, 0xA0, 0x3D, 0x22, 0x0F, 0xA4, 0x1E, 0x8A, 0xA5, 0x43, 0xC2, 0xD2, 0x63, 0x6F, 0xB4, 0x51,
    0x45, 0x3B, 0x44, 0x4E, 0xBE, 0x32, 0x53, 0x9C, 0x16, 0x57, 0x3D, 0x1C, 0x65, 0xE6, 0xF2, 0xC6,
    0x87, 0x3F, 0xFB, 0x50, 0x9E, 0xDB, 0xC7, 0x5E, 0xDA, 0x6E, 0x08, 0x81, 0x54, 0xA8, 0x85, 0x79,
    0x33, 0x3D, 0x0E, 0xDE, 0xDC, 0xAD, 0x68, 0x17, 0x88, 0xA6, 0x93, 0x38, 0xF1, 0x48, 0x2A, 0x3A,
    0xD8, 0x9D, 0x4B, 0x65, 0xE7, 0x0D, 0xDD, 0x4D, 0x0D, 0x85, 0x0D, 0x60, 0xB8, 0x8B, 0xC8, 0x0B,
    0x5B, 0xA4, 0x0D, 0x94, 0x3C, 0xE4, 0x74, 0xD4, 0xC9, 0x3C, 0x50, 0xFE, 0x57, 0xE5, 0x80, 0x54,
    0xEE, 0x89, 0xE7, 0x0C, 0x33, 0x62, 0x28, 0xCB, 0x70, 0xC7, 0x0E, 0xC6, 0x57, 0xDF, 0x1D, 0xE2,
    0x41, 0xFD, 0xCD, 0x98, 0xB4, 0xCA, 0x8E, 0xDA, 0x2B, 0xBB, 0x9F, 0xD7, 0xCA, 0x86, 0x83, 0x71,
    0xA8, 0x2C, 0x28, 0x6D, 0x40, 0x65, 0x02, 0xE8, 0x49, 0xA8, 0x04, 0x96, 0x2B, 0xAF, 0x9A, 0xE5,
    0x75, 0x40, 0xE6, 0x03, 0xD2, 0x4E, 0xF1, 0xC1, 0x58, 0xF1, 0xC1, 0xF8, 0x5F, 0xBF, 0x38, 0x76,
    0x30, 0x4E, 0xEA, 0xE9, 0xA9, 0x04, 0x51, 0x1F, 0xF5, 0xF8, 0x49, 0x24, 0x0E, 0x54, 0x42, 0xB9,
    0xF2, 0x9B, 0xE7, 0xC0, 0x04, 0x09, 0xAB, 0x03, 0x13, 0x98, 0x93, 0x91, 0x93, 0x28, 0xA6, 0x48,
    0xA8, 0x05, 0xCA, 0x87, 0x64, 0x42, 0xD5, 0x52, 0x4E, 0xCE, 0x0D, 0xAF, 0xC4, 0x8D, 0xAE, 0x91,
    0xB8, 0x80, 0x68, 0x5A, 0xF8, 0x53, 0xBF, 0x9C, 0xD9, 0x4A, 0xDA, 0x73, 0x2B, 0xD9, 0xB3, 0x23,
    0xA5, 0x0E, 0x40, 0x45, 0x72, 0x2F, 0x17, 0x58, 0x7A, 0xCC, 0xFB, 0xC9, 0x84, 0x4B, 0x54, 0x97,
    0xFD, 0xF3, 0x7B, 0x57, 0xBB, 0xF5, 0xC3, 0x1F, 0xBF, 0xEE, 0x5E, 0xF6, 0xF7, 0xBF, 0xF6, 0xE7,
    0xFD, 0xB7, 0x77, 0x9A, 0xB3, 0xFE, 0x5B, 0x72, 0xFA, 0xFE, 0xFF, 0x8E, 0xD3, 0xB1, 0x07, 0xF7,
    0xFF, 0xBF, 0x06, 0xFC, 0xB7, 0x4B, 0x6C, 0x18, 0x23, 0x79, 0x69, 0x19, 0x1D, 0x8E, 0x87, 0x5C,
    0x13, 0xDC, 0x8C, 0x06, 0x74, 0x6D, 0xC0, 0x65, 0x1F, 0xB0, 0x10, 0x5C, 0x0F, 0x38, 0x8F, 0x00,
    0xFC, 0x5C, 0xC4, 0x63, 0xC0, 0x16, 0x7D, 0x0F, 0x10, 0xF5, 0xD2, 0x5B, 0x33, 0xBD, 0x6A, 0x27,
    0x09, 0x00, 0x4A, 0x17, 0x50, 0xD4, 0xD3, 0xFE, 0x7F, 0x73, 0x73, 0xEB, 0xFF, 0x36, 0xA4, 0x54,
    0x1C, 0x90, 0xD5, 0x47, 0xFF, 0x13, 0x13, 0x11, 0xB0, 0x5B, 0x75, 0x40, 0x45, 0x76, 0xBE, 0x9C,
    0x37, 0x92, 0x9E, 0x55, 0x3A, 0x47, 0x4C, 0xD5, 0x00, 0xB2, 0xCB, 0x1B, 0xE7, 0x92, 0x42, 0x2E,
    0x4E, 0x64, 0xAB, 0x5B, 0x35, 0xB2, 0x19, 0xC3, 0x4C, 0x94, 0xF5, 0x13, 0x16, 0xE2, 0x4F, 0x6F,
    0x30, 0xBF, 0x69, 0x98, 0xC3, 0x91, 0xCD, 0x8B, 0x3B, 0x05, 0x5C, 0x29, 0x3E, 0xEB, 0x80, 0x8D,
    0xE2, 0x9E, 0x3C, 0xE1, 0x03, 0xE9, 0xD6, 0x45, 0x3B, 0xC8, 0xC9, 0xA5, 0x1D, 0xFE, 0xB2, 0x70,
    0x7A, 0x90, 0x1D, 0x1C, 0x31, 0x51, 0x08, 0x73, 0x61, 0x76, 0xC4, 0xAF, 0x09, 0x6F, 0xF2, 0x33,
    0xC4, 0x1E, 0xCF, 0xD0, 0x61, 0x15, 0xCA, 0xA7, 0xC5, 0x51, 0x22, 0x19, 0xB1, 0xDA, 0x95, 0xAF,
    0xAB, 0x3A, 0x70, 0x11, 0x79, 0x26, 0x98, 0xEB, 0x38, 0x0C, 0x55, 0x33, 0x0A, 0x61, 0x53, 0xA2,
    0x0F, 0xF7, 0x1A, 0xFC, 0xF9, 0xB4, 0x40, 0x5D, 0x07, 0x3A, 0xE1, 0x65, 0xE1, 0x76, 0xA0, 0x61,
    0xFF, 0x8F, 0x9F, 0xB9, 0xC0, 0xEA, 0x61, 0xE3, 0x03, 0xE9, 0xC7, 0x06, 0xE8, 0x16, 0xBC, 0x3E,
    0xB5, 0x2F, 0xAE, 0xCD, 0x69, 0xC4, 0xFA, 0xC7, 0xCC, 0xF3, 0xA1, 0x9A, 0xF4, 0x03, 0xC3, 0xFD,
    0xC0, 0x03, 0x99, 0x51, 0x81, 0xFA, 0xEE, 0xC5, 0x40, 0x45, 0x54, 0x4F, 0xF3, 0x54, 0x66, 0x3F,
    0x03, 0xAB, 0xB5, 0xE4, 0x71, 0x46, 0x7B, 0x3C, 0x22, 0x59, 0x5A, 0x40, 0xEF, 0xBE, 0x3B, 0x42,
    0xF5, 0xCA, 0x56, 0x36, 0xF5, 0xCA, 0xE6, 0x4E, 0xD7, 0xCA, 0xEA, 0x26, 0x73, 0x2A, 0xFC, 0xCE,
    0xAD, 0xB2, 0x49, 0x5B, 0x18, 0x65, 0x55, 0x37, 0xB1, 0x84, 0xB2, 0x71, 0xFF, 0x6B, 0x91, 0x3F,
    0xED, 0x01, 0x64, 0xA3, 0x11, 0x5B, 0x1E, 0x23, 0x92, 0x2E, 0x20, 0xEE, 0x03, 0xA2, 0x21, 0x00,
    0xE3, 0x31, 0xC8, 0x35, 0x29, 0x4D, 0xDA, 0x80, 0xBC, 0x29, 0x88, 0xC8, 0x04, 0xDC, 0xFD, 0xD5,
    0xFE, 0xC9, 0x16, 0x3D, 0xFA, 0x4F, 0xB6, 0x53, 0x2F, 0x32, 0x17, 0x8B, 0x47, 0x59, 0x8D, 0x66,
    0x99, 0x9C, 0x6A, 0x7B, 0x9D, 0xFB, 0x5E, 0x2C, 0x0A, 0x9B, 0xF8, 0xC5, 0x42, 0xD7, 0xBA, 0x59,
    0x2C, 0x52, 0x9F, 0xB9, 0xC5, 0x42, 0xF9, 0x9C, 0xD9, 0x16, 0x96, 0x3D, 0x33, 0x6E, 0x0A, 0x7B,
    0xEA, 0xD4, 0x74, 0xEC, 0x38, 0xCE, 0xDC, 0x31, 0x33, 0xA1, 0x6E, 0x98, 0x89, 0x3F, 0xB2, 0x83,
    0x1B, 0x84, 0xB9, 0x61, 0xA6, 0x32, 0xBB, 0x29, 0x84, 0x3B, 0x4A, 0x44, 0x11, 0x17, 0xFE, 0xB1,
    0x40, 0x46, 0x60, 0x19, 0x3D, 0x54, 0x1F, 0x53, 0x00, 0x4A, 0x1B, 0x50, 0xB8, 0x80, 0xBC, 0x3E,
    0x0E, 0xB7, 0x2C, 0x28, 0x8D, 0xE2, 0x25, 0x53, 0x11, 0x35, 0x8C, 0x8E, 0x9B, 0x55, 0x66, 0x59,
    0x45, 0x37, 0x0C, 0xBF, 0x44, 0xDA, 0xB2, 0x13, 0xF8, 0x25, 0x32, 0xAE, 0x52, 0xBA, 0x2D, 0xA2,
    0x91, 0x3B, 0x6F, 0xE4, 0x59, 0x8E, 0x22, 0xDA, 0x0C, 0xC8, 0xA9, 0x45, 0x44, 0x7F, 0x2A, 0x7F,
    0x2E, 0xE2, 0xE1, 0x96, 0x26, 0x73, 0x28, 0x50, 0x38, 0xFC, 0x9E, 0xE4, 0x63, 0x42, 0xF9, 0x38,
    0xE6, 0x52, 0xB7, 0x44, 0x36, 0x2F, 0x26, 0x89, 0x49, 0x46, 0x6C, 0x21, 0x22, 0x1A, 0x80, 0x5C,
    0x36, 0x58, 0x17, 0xB0, 0x8A, 0x29, 0x5D, 0x13, 0x24, 0x7E, 0x01, 0x9D, 0x51, 0xD5, 0x41, 0xC5,
    0x40, 0x10, 0x9C, 0xE7, 0xFE, 0x52, 0x00, 0x56, 0x00, 0x72, 0x05, 0x44, 0x3B, 0xC0, 0xFF, 0xE9,
    0x20, 0x9F, 0xB8, 0x34, 0x41, 0x39, 0x48, 0x09, 0x94, 0x40, 0x09, 0xB8, 0xC3, 0x92, 0xDB, 0x1D,
    0xDC, 0x99, 0x24, 0xE7, 0x3B, 0x99, 0xB9, 0x41, 0x29, 0x83, 0x47, 0xC7, 0x3A, 0x07, 0xC5, 0x9D,
    0xB6, 0x8D, 0x33, 0xED, 0x52, 0xF1, 0xB8, 0x73, 0xD6, 0x71, 0x91, 0x47, 0xC0, 0x02, 0x96, 0x93,
    0x6C, 0x0C, 0x88, 0x01, 0x41, 0x59, 0xF6, 0x3B, 0x72, 0xE4, 0x76, 0xEF, 0xD6, 0xA3, 0x64, 0x21,
    0xAA, 0x23, 0xC2, 0x7F, 0xDE, 0x17, 0xDE, 0xF2, 0x21, 0x14, 0x57, 0xD6, 0x6D, 0x50, 0xC2, 0xBE,
    0x29, 0xBC, 0x62, 0xC7, 0x45, 0x1E, 0x61, 0x01, 0xCB, 0x49, 0xF6, 0x3F, 0x25, 0x53, 0x51, 0xBD,
    0x30, 0x52, 0xD8, 0x29, 0x4C, 0x15, 0xD6, 0x20, 0x6A, 0x73, 0xCC, 0x18, 0x6B, 0xBC, 0x85, 0xCA,
    0xBE, 0x5D, 0x4A, 0xF9, 0x88, 0x77, 0x74, 0xC7, 0x7B, 0xDC, 0xCC, 0x4C, 0x9F, 0x1C, 0x39, 0xF6,
    0x4F, 0xEB, 0x3C, 0xF7, 0x52, 0x67, 0x3C, 0x2F, 0xBC, 0x55, 0x15, 0xB0, 0x09, 0x48, 0x56, 0x91,
    0x83, 0x40, 0xCE, 0xD2, 0xF5, 0xFB, 0xA5, 0x68, 0x18, 0x51, 0xE9, 0x2F, 0xCA, 0x27, 0x3E, 0x2A,
    0x37, 0x24, 0xDB, 0x53, 0x1A, 0xB3, 0x97, 0xE3, 0x64, 0x0B, 0xC0, 0xC8, 0x11, 0x7C, 0x7B, 0xA7,
    0x6D, 0xEA, 0xDB, 0x20, 0xD8, 0x07, 0x30, 0x5C, 0xF1, 0x1B, 0x5D, 0x86, 0xAF, 0x1B, 0xD0, 0x0D,
    0xE8, 0x06, 0x7E, 0xB7, 0xD1, 0xC7, 0x3B, 0xCC, 0xE7, 0xFE, 0xA0, 0x08, 0x00, 0xE4, 0x0F, 0x5A,
    0xA5, 0x6D, 0x70, 0xAF, 0x45, 0xB1, 0x12, 0x8C, 0x2B, 0xD9, 0x90, 0x12, 0xF7, 0xC8, 0x45, 0xDE,
    0xCA, 0x11, 0xFF, 0xF7, 0xD3, 0xF2, 0x20, 0xDE, 0x63, 0xF0, 0xDF, 0x4E, 0xAA, 0x54, 0xA2, 0xAA,
    0xA8, 0x90, 0x6A, 0xA9, 0x9C, 0x2E, 0x72, 0xA1, 0x3B, 0x3A, 0x7D, 0x87, 0x3E, 0xF0, 0x47, 0x37,
    0x55, 0xA4, 0x4C, 0x81, 0x89, 0x30, 0x1D, 0x4B, 0x8A, 0xA9, 0x1D, 0x81, 0x69, 0x32, 0x59, 0xA6,
    0x6C, 0x78, 0x04, 0xED, 0x93, 0x01, 0x87, 0xE5, 0x56, 0x14, 0xC7, 0x7F, 0x49, 0xC6, 0x04, 0xA9,
    0x66, 0xD1, 0x52, 0x56, 0xA5, 0x00, 0x06, 0x02, 0x50, 0x98, 0xB9, 0xF9, 0x3C, 0x85, 0x05, 0x28,
    0xBA, 0x4D, 0xFA, 0x0D, 0xF6, 0x23, 0x14, 0x0B, 0xDE, 0xA2, 0x00, 0x8B, 0xDD, 0xBE, 0x14, 0x14,
    0x20, 0xFD, 0x06, 0xC1, 0x52, 0x5A, 0x6C, 0x6A, 0x53, 0x8D, 0xD9, 0xFB, 0x72, 0x7A, 0xFE, 0x4C,
    0xBC, 0x37, 0x53, 0xAF, 0x40, 0x29, 0xF6, 0x88, 0xDF, 0x3D, 0x2F, 0xE7, 0x7F, 0xCF, 0xFF, 0xE4,
    0x5E, 0x0F, 0xBE, 0x7A, 0x06, 0xA5, 0x1D, 0x04, 0xEB, 0xF8, 0xB8, 0x69, 0x07, 0x3C, 0x9F, 0x1C,
    0xB9, 0x90, 0x2D, 0x8E, 0x74, 0x11, 0x22, 0x89, 0x7D, 0x17, 0xA9, 0xEC, 0xCF, 0xC8, 0xFE, 0x76,
    0x8D, 0x89, 0x51, 0xC7, 0x2C, 0x52, 0x2E, 0xC5, 0x44, 0xBE, 0x94, 0x23, 0xD9, 0x5C, 0xF5, 0xBE,
    0xAD, 0xEE, 0x29, 0xA6, 0xD0, 0x51, 0x8E, 0xA1, 0xA1, 0x1C, 0x1C, 0x75, 0xEF, 0x08, 0x4D, 0xE8,
    0x30, 0xCF, 0xD3, 0x03, 0xD5, 0x58, 0x2C, 0x72, 0xF4, 0x3D, 0x66, 0x0D, 0x3C, 0x99, 0x01, 0x12,
    0x1F, 0xE6, 0x02, 0xA8, 0x6D, 0x6D, 0x2A, 0x48, 0xCD, 0x6C, 0x6A, 0xA1, 0x5C, 0x79, 0x7C, 0x88,
    0x10, 0x06, 0xB0, 0x09, 0x4C, 0x92, 0x41, 0x53, 0x41, 0x3B, 0x69, 0x4E, 0x92, 0xD5, 0xDB, 0xF5,
    0x78, 0x1E, 0x29, 0x3B, 0xA8, 0xFA, 0x6F, 0xA9, 0x1B, 0x68, 0x09, 0x04, 0x2F, 0x47, 0x6A, 0x82,
    0xCA, 0x54, 0xCD, 0x8D, 0xCA, 0x5A, 0x41, 0xCD, 0x9B, 0xA0, 0xB2, 0xFF, 0x0E, 0x2A, 0xFB, 0x5A,
    0xAB, 0x4C, 0xA0, 0xEA, 0x5A, 0xB4, 0x96, 0x3F, 0x45, 0xE0, 0x35, 0xF9, 0xAF, 0x13, 0x10, 0xC9,
    0xAC, 0x87, 0x6C, 0x26, 0x31, 0xA0, 0x1C, 0x7D, 0xED, 0xA0, 0xED, 0xC9, 0x6D, 0x21, 0x5F, 0xA1,
    0xFA, 0xD9, 0xDE, 0x7B, 0x4A, 0xA0, 0x35, 0x95, 0x3E, 0xE2, 0xD2, 0xDE, 0x70, 0x1A, 0xA1, 0x03,
    0x6D, 0x11, 0xF7, 0x83, 0x68, 0xA3, 0x23, 0x79, 0x2F, 0x83, 0xF4, 0xAF, 0xD9, 0x99, 0xFD, 0x11,
    0xD1, 0xBC, 0x62, 0x31, 0x1E, 0xE4, 0x34, 0xEC, 0xD1, 0xE4, 0xC1, 0x59, 0x77, 0xA1, 0x91, 0x41,
    0xDD, 0x43, 0x4B, 0xE9, 0xFC, 0xD1, 0xEB, 0x10, 0x29, 0x26, 0x7D, 0x4D, 0x36, 0x91, 0x2E, 0x9A,
    0x51, 0x49, 0xD4, 0x77, 0x11, 0x35, 0x2A, 0xAB, 0xC4, 0xEC, 0xEF, 0xBE, 0x30, 0x74, 0xCE, 0x2E,
    0x98, 0x47, 0xDF, 0x9E, 0x30, 0x88, 0xC3, 0x29, 0x65, 0x57, 0xFE, 0x3F, 0xF8, 0x81, 0xE6, 0x71,
    0x96, 0xB5, 0x89, 0xE5, 0x0C, 0x90, 0x45, 0x31, 0x31, 0x91, 0x7D, 0x27, 0x86, 0x41, 0x2C, 0x27,
    0x31, 0x5F, 0xC4, 0xF4, 0x20, 0x62, 0x02, 0xA1, 0x17, 0xAB, 0x51, 0x2C, 0x4E, 0x7A, 0x60, 0x1B,
    0xB7, 0x0D, 0xD9, 0x72, 0x6C, 0x54, 0x0F, 0x62, 0xDB, 0x3D, 0x90, 0xE4, 0xFF, 0x2A, 0x89, 0x0F,
    0x25, 0xC1, 0x3C, 0xE6, 0x53, 0xA2, 0x58, 0x84, 0x44, 0x39, 0xE9, 0x24, 0x66, 0xA3, 0x98, 0x0F,
    0x62, 0xD1, 0x8B, 0x65, 0x27, 0x56, 0x02, 0x41, 0xE0, 0x46, 0xE0, 0x1B, 0x81, 0x28, 0x70, 0xDA,
    0x60, 0xE2, 0xEA, 0x7B, 0xB2, 0x81, 0xB0, 0xA8, 0x41, 0x88, 0x94, 0x3D, 0xBC, 0xA6, 0x6A, 0xB4,
    0xB1, 0x06, 0x02, 0x6A, 0x50, 0x37, 0x4F, 0x51, 0xF3, 0x57, 0x62, 0xBF, 0xC8, 0xF4, 0x97, 0x59,
    0xFB, 0xDF, 0x4D, 0xEA, 0xF5, 0x6E, 0x74, 0x26, 0x36, 0x38, 0xB1, 0xFE, 0x78, 0xC4, 0xED, 0x71,
    0x8E, 0x4F, 0xFD, 0x69, 0x5C, 0x33, 0xE1, 0x4F, 0x6E, 0x87, 0xCC, 0xA2, 0xFE, 0xC7, 0xE5, 0xD0,
    0xBA, 0x59, 0xF5, 0xD6, 0x1D, 0x02, 0xC5, 0xEA, 0x16, 0x37, 0x64, 0xD1, 0x97, 0x6B, 0xD2, 0xD9,
    0x47, 0xBA, 0xD6, 0xE9, 0x16, 0xFE, 0xB2, 0xD0, 0xCB, 0x9A, 0xD2, 0x24, 0xEF, 0x42, 0xDD, 0x05,
    0xCA, 0xDB, 0x83, 0x3F, 0x64, 0x36, 0x67, 0xB6, 0xA0, 0x13, 0x6D, 0x9F, 0x71, 0x69, 0x1D, 0x17,
    0xB5, 0xAD, 0xBC, 0x0C, 0x6F, 0xCD, 0x96, 0x2F, 0x79, 0x62, 0x23, 0x24, 0x3B, 0x8E, 0x91, 0xAE,
    0x0D, 0x17, 0x95, 0x2D, 0x7C, 0xED, 0x92, 0xDF, 0x5D, 0xD2, 0xDA, 0xF4, 0xC8, 0x37, 0x36, 0x9B,
    0x60, 0xDC, 0x8E, 0x39, 0x9D, 0xB6, 0x43, 0xCE, 0x7B, 0x74, 0x11, 0x4B, 0x10, 0xAE, 0x76, 0xFB,
    0xDD, 0x73, 0x1D, 0xD0, 0x76, 0xB0, 0x51, 0x98, 0xE1, 0xEA, 0xC5, 0xED, 0xEE, 0xF9, 0x51, 0x87,
    0x0E, 0x93, 0x52, 0x7D, 0x6B, 0xB6, 0xAB, 0xF8, 0x5C, 0x50, 0x5C, 0xED, 0x76, 0xF7, 0xC4, 0xFF,
    0x8C, 0x53, 0x4B, 0x89, 0xD9, 0xE2, 0x5C, 0x83, 0x47, 0x0F, 0x26, 0x72, 0xC9, 0x8B, 0xDB, 0x53,
    0xC9, 0xDD, 0x44, 0xDD, 0x36, 0x51, 0xB8, 0xEF, 0xB1, 0xBA, 0x47, 0x32, 0x01, 0x99, 0x90, 0x0F,
    0xEE, 0xF1, 0xC3, 0x6F, 0xF7, 0x3C, 0x02, 0xC0, 0x53, 0xE1, 0x95, 0xF0, 0xD9, 0xD9, 0x21, 0xFF,
    0xC3, 0xAF, 0xE4, 0x13, 0x20, 0x51, 0x56, 0x3B, 0x52, 0x1B, 0x3C, 0x39, 0xC0, 0xA5, 0x92, 0x76,
    0x81, 0xDC, 0x3A, 0x08, 0x0B, 0x8E, 0x01, 0xD5, 0x24, 0xB7, 0xD1, 0x59, 0xAD, 0xC7, 0xD4, 0x1A,
    0xE7, 0x7E, 0x76, 0x14, 0x92, 0xF2, 0xF2, 0xAC, 0xE5, 0x17, 0x6C, 0x77, 0x17, 0xDE, 0x38, 0x1E,
    0x9F, 0xEC, 0x54, 0x8A, 0x3C, 0x65, 0xAA, 0x54, 0x6F, 0xCB, 0x45, 0xF5, 0x51, 0x76, 0x77, 0x6E,
    0x4A, 0x52, 0x25, 0xF5, 0x61, 0x9B, 0xEA, 0x1A, 0xDD, 0xD7, 0x39, 0xCB, 0xBF, 0x01, 0xDD, 0x99,
    0x31, 0xAC, 0xDE, 0xD4, 0x15, 0xC7, 0xFF, 0xB6, 0x4B, 0xDC, 0xE2, 0x86, 0x5B, 0x55, 0x20, 0x55,
    0x7A, 0xA1, 0x66, 0x60, 0x40, 0x15, 0xD4, 0x1D, 0x52, 0x29, 0x55, 0x1F, 0xB9, 0xA6, 0x1D, 0x18,
    0x50, 0x15, 0x86, 0x32, 0xA7, 0x33, 0x43, 0x93, 0x56, 0x0C, 0x1D, 0x92, 0xD8, 0x82, 0x81, 0xA1,
    0xAA, 0xC2, 0xD0, 0xBD, 0x1D, 0x51, 0x86, 0x96, 0xA1, 0x03, 0x95, 0xDE, 0x8B, 0x8D, 0x52, 0x29,
    0x03, 0x43, 0x1C, 0x18, 0x18, 0x71, 0x69, 0x26, 0x90, 0x1A, 0x87, 0xE7, 0x0A, 0xA7, 0xB1, 0xBF,
    0xD3, 0x7B, 0xCE, 0xB9, 0x57, 0xDF, 0xFB, 0x9E, 0x12, 0x80, 0xA4, 0x40, 0xE9, 0xD1, 0x17, 0xFF,
    0xEE, 0xF3, 0xFD, 0xFF, 0xEF, 0xBD, 0xC7, 0xD7, 0x3E, 0xFE, 0xF8, 0x78, 0xE8, 0x39, 0x09, 0x58,
    0x92, 0x28, 0xFF, 0xDF, 0x08, 0x1F, 0x07, 0xF3, 0x3C, 0x0A, 0x8E, 0xE4, 0x2B, 0xCE, 0xF4, 0x60,
    0x9E, 0x80, 0xA4, 0x59, 0x22, 0x23, 0x8E, 0x19, 0x4F, 0x80, 0x23, 0xC7, 0x31, 0xD5, 0xE3, 0xAB,
    0x92, 0x5F, 0x58, 0xEF, 0x77, 0x85, 0xB9, 0xCF, 0x67, 0xF2, 0x1B, 0x59, 0xE2, 0x4E, 0xF7, 0xED,
    0x93, 0xA2, 0x37, 0x77, 0x41, 0x43, 0xCB, 0xBD, 0xF2, 0x6E, 0xE6, 0x95, 0x34, 0x4E, 0xDE, 0xF1,
    0xBE, 0xA5, 0x8D, 0x18, 0xD4, 0x75, 0x5B, 0xDC, 0xA3, 0xF2, 0xF3, 0x18, 0xFA, 0x80, 0xCF, 0x60,
    0x3B, 0x69, 0xCD, 0xFF, 0x2E, 0xEE, 0x76, 0xF1, 0xF7, 0xA8, 0xFC, 0x3C, 0x86, 0xDE, 0x8C, 0x15,
    0xB2, 0x3A, 0x1E, 0x0C, 0xD5, 0x71, 0x8F, 0x33, 0x66, 0xAF, 0xC7, 0xEB, 0xC8, 0xCD, 0xF0, 0x3A,
    0x0A, 0xA4, 0x57, 0x86, 0xEF, 0x23, 0x6B, 0x23, 0x1A, 0x58, 0x81, 0x6A, 0x70, 0x8A, 0x1D, 0xE4,
    0x03, 0x1F, 0x60, 0x26, 0x56, 0xB4, 0x66, 0xC5, 0x8A, 0xC1, 0xDC, 0x62, 0xC5, 0x19, 0xF3, 0xA1,
    0x3B, 0xB0, 0x9D, 0x15, 0xCE, 0xEE, 0x0E, 0x6C, 0x77, 0x07, 0xB6, 0x47, 0xD2, 0x29, 0x07, 0x98,
    0x19, 0xDC, 0x69, 0xA8, 0xE4, 0x4E, 0xB3, 0xD7, 0xB9, 0xCE, 0xB3, 0x66, 0x18, 0x5D, 0xA7, 0x39,
    0x31, 0x3C, 0x89, 0x1C, 0xC9, 0xBB, 0x83, 0x71, 0x9D, 0xA0, 0x8F, 0x0B, 0x27, 0x49, 0x7A, 0x34,
    0xCE, 0x60, 0xEA, 0xF8, 0xBA, 0xB3, 0x3F, 0x89, 0xEC, 0xFC, 0x5E, 0x87, 0x11, 0xC7, 0x0D, 0x95,
    0x49, 0x87, 0xC9, 0xCC, 0x60, 0x8D, 0x19, 0xC0, 0x1A, 0x07, 0xD6, 0x98, 0x21, 0x61, 0x8D, 0x65,
    0x7B, 0x07, 0x62, 0x7B, 0xE9, 0xE6, 0x13, 0xCD, 0x89, 0x8F, 0x5A, 0xD6, 0x18, 0x02, 0x6B, 0x78,
    0x9D, 0x4E, 0x63, 0x78, 0xD5, 0xA6, 0x34, 0x43, 0xC4, 0x9A, 0x7C, 0x48, 0x59, 0x53, 0x0D, 0xB9,
    0xD3, 0xB8, 0xFC, 0xCE, 0x48, 0xB6, 0x37, 0x34, 0xF7, 0x8F, 0x5A, 0xCE, 0xD3, 0x10, 0x38, 0xB1,
    0x8F, 0xBF, 0xF2, 0xE6, 0x99, 0x17, 0xDF, 0x1B, 0x1A, 0xDA, 0x8D, 0x3F, 0xA8, 0x2F, 0x5E, 0xDF,
    0x1B, 0x71, 0x11, 0xC5, 0xF9, 0xBD, 0x09, 0x2B, 0x14, 0x57, 0xE8, 0x97, 0xC9, 0x07, 0xF5, 0x5F,
    0x69, 0xC9, 0xCE, 0xBF, 0xF8, 0x5E, 0x5F, 0x8D, 0xF1, 0x82, 0xA6, 0xCE, 0x07, 0xCC, 0xB0, 0x30,
    0x53, 0xF2, 0x4F, 0x50, 0x5B, 0x38, 0xFB, 0x4B, 0x57, 0x07, 0xBA, 0xB5, 0x1B, 0x5F, 0x2F, 0xAB,
    0xEB, 0x1F, 0x8E, 0xD8, 0x45, 0x7E, 0x7E, 0x6F, 0x06, 0xC1, 0x5E, 0xA1, 0x93, 0xC9, 0x3B, 0xED,
    0xBF, 0x68, 0x4E, 0xAF, 0x3C, 0xB5, 0xD7, 0xB9, 0x2B, 0xBF, 0xA0, 0x2A, 0xBD, 0x3D, 0x9F, 0x93,
    0xEB, 0xB8, 0xD5, 0x56, 0x64, 0xD2, 0x4B, 0x57, 0x6F, 0xD0, 0xDE, 0x1C, 0x51, 0x59, 0x5D, 0xB9,
    0xC1, 0xF6, 0xE2, 0xC4, 0x47, 0x4B, 0x44, 0xA8, 0xDE, 0x25, 0xF3, 0xF4, 0xE5, 0x37, 0x06, 0xDA,
    0x0C, 0x00, 0x96, 0x86, 0x3B, 0x7D, 0xE4, 0x35, 0xFA, 0xAC, 0xA5, 0xF1, 0x28, 0x8E, 0x1E, 0xF8,
    0xFC, 0xF0, 0xB9, 0x17, 0xDC, 0xF9, 0xFD, 0xF5, 0xAA, 0xFF, 0x22, 0x5A, 0xCF, 0x85, 0x28, 0xD7,
    0x2D, 0x0A, 0xD1, 0x75, 0xF0, 0xF1, 0x5F, 0x6A, 0xAD, 0x47, 0x5E, 0xCF, 0x76, 0xE1, 0xC2, 0xAB,
    0x44, 0xCB, 0x17, 0xF9, 0x81, 0x6C, 0x12, 0xC9, 0xBF, 0x6D, 0x98, 0x2F, 0xFD, 0x5F, 0x58, 0x4B,
    0x46, 0x3E, 0x3A, 0x13, 0x5A, 0xED, 0x6D, 0x5A, 0x75, 0x1E, 0x5A, 0x65, 0xA1, 0x64, 0xFF, 0x6D,
    0x5A, 0x95, 0x92, 0x56, 0x68, 0x84, 0x9C, 0x7A, 0x68, 0xCD, 0x08, 0x1B, 0xF0, 0x73, 0x44, 0xA1,
    0x59, 0x66, 0xC1, 0xDB, 0x1E, 0x86, 0x46, 0x14, 0x5A, 0x88, 0xEB, 0x23, 0xD0, 0x48, 0xEA, 0xC7,
    0x19, 0xE1, 0x5B, 0xC6, 0xC6, 0xF7, 0x22, 0x20, 0xC3, 0x0F, 0xA0, 0xF1, 0x00, 0x4E, 0x43, 0xE3,
    0xF0, 0x6D, 0xE7, 0xDD, 0x17, 0x51, 0xA9, 0x4C, 0x5A, 0x65, 0xD6, 0x2B, 0xCD, 0xA0, 0x2C, 0x26,
    0xA5, 0x5D, 0x94, 0x44, 0x6A, 0x23, 0x2A, 0xC5, 0x46, 0xD4, 0x8A, 0x8D, 0x48, 0x8C, 0x86, 0x68,
    0x10, 0x1B, 0x91, 0x18, 0x2B, 0xBF, 0xEB, 0xE4, 0x42, 0x6D, 0x62, 0x4C, 0x98, 0xAD, 0xD8, 0xD8,
    0xC8, 0x36, 0x31, 0x5A, 0xE6, 0x2C, 0x36, 0x31, 0x92, 0x04, 0x22, 0x65, 0x99, 0x28, 0xDB, 0x4C,
    0xD9, 0x1B, 0xE5, 0x60, 0x95, 0xF3, 0x3D, 0xE4, 0xB5, 0x58, 0xB5, 0x4D, 0x85, 0xE6, 0x35, 0x98,
    0x56, 0x6D, 0x6A, 0x34, 0x6D, 0xA2, 0x79, 0x95, 0x91, 0xE6, 0x05, 0x88, 0x71, 0x06, 0xAC, 0xD8,
    0x00, 0x36, 0xB2, 0x88, 0x8D, 0x59, 0x07, 0xA4, 0xBD, 0xB6, 0xF9, 0x9C, 0x2D, 0x9D, 0x66, 0x16,
    0x1B, 0xB0, 0x2B, 0x36, 0x36, 0xB2, 0x8D, 0x8D, 0x2C, 0x61, 0x71, 0xF6, 0xEF, 0x0B, 0x2E, 0xFE,
    0x7C, 0xDB, 0xBC, 0x1E, 0x03, 0xB6, 0x81, 0x8B, 0x00, 0x21, 0xA6, 0x3A, 0xE1, 0x8B, 0xE0, 0x74,
    0x43, 0x41, 0x93, 0xA5, 0x59, 0x37, 0x75, 0xAD, 0x79, 0x07, 0xF1, 0xA5, 0x3A, 0x79, 0xAA, 0xCD,
    0xD0, 0x1F, 0xC6, 0x6B, 0x8F, 0xE3, 0x98, 0xD3, 0x3C, 0xA4, 0x1A, 0x20, 0xDC, 0x26, 0xC7, 0x15,
    0xB6, 0x57, 0x2C, 0x0A, 0x6A, 0x15, 0x93, 0x82, 0x4A, 0xC5, 0xA8, 0x58, 0x29, 0xA8, 0x57, 0x2C,
    0x0A, 0xEA, 0x14, 0x93, 0x82, 0x6A, 0xC5, 0xA8, 0x18, 0x14, 0xE5, 0x7E, 0x49, 0xBD, 0xDF, 0xDE,
    0xED, 0x1F, 0xBA, 0xDF, 0x3F, 0xED, 0x08, 0x41, 0x2D, 0x98, 0x21, 0xE8, 0xF6, 0x2F, 0xFE, 0x11,
    0x6C, 0xC6, 0xA7, 0xCD, 0xEF, 0x78, 0x31, 0x09, 0x62, 0x2A, 0x19, 0xA8, 0x46, 0x41, 0xBA, 0x12,
    0xA0, 0xE9, 0x05, 0x66, 0x11, 0x44, 0xD4, 0x31, 0x50, 0x4C, 0x0C, 0xBE, 0xFC, 0x0C, 0xE7, 0xD9,
    0x87, 0x84, 0x4A, 0x95, 0xA8, 0xA1, 0x66, 0xE4, 0x6A, 0x6F, 0x3A, 0x46, 0xA6, 0x43, 0x57, 0x03,
    0x23, 0xA5, 0x52, 0x17, 0xF1, 0xD9, 0xF2, 0x2B, 0x81, 0xD7, 0x81, 0xA6, 0x46, 0x33, 0xA1, 0xA1,
    0xBA, 0xA1, 0xA9, 0xA1, 0xB1, 0xA1, 0xB2, 0x19, 0xD1, 0x94, 0xF8, 0x4B, 0x90, 0xFD, 0x06, 0xA8,
    0x6A, 0xFC, 0x6A, 0xC2, 0xE9, 0xBC, 0x3E, 0x1D, 0x4D, 0xFC, 0x29, 0xEA, 0x5F, 0x4F, 0xEE, 0x24,
    0x77, 0xAD, 0xE3, 0x78, 0x29, 0xB0, 0x2B, 0xA1, 0xA5, 0x45, 0x41, 0x37, 0x05, 0x4C, 0x06, 0x53,
    0x70, 0x4D, 0x30, 0xAD, 0x25, 0x7C, 0x74, 0x90, 0x23, 0x7E, 0x84, 0x8D, 0xD8, 0x98, 0xE1, 0xC7,
    0x3A, 0xC3, 0xD1, 0xAD, 0x45, 0x80, 0xAD, 0x9B, 0x02, 0x26, 0x83, 0xC9, 0x38, 0x75, 0x8D, 0x71,
    0x6A, 0x82, 0xC3, 0x29, 0x91, 0x6C, 0x7D, 0xE2, 0x0C, 0xF0, 0x95, 0x78, 0x32, 0xCA, 0x21, 0xD4,
    0x86, 0x44, 0xD9, 0x46, 0xCA, 0x12, 0xCA, 0x50, 0x5B, 0xBC, 0x71, 0x0A, 0xB5, 0x27, 0xD4, 0xA2,
    0x50, 0x9B, 0xD6, 0xB5, 0x0A, 0x4C, 0x7F, 0x65, 0xE6, 0x75, 0x6D, 0x5B, 0xD7, 0xBA, 0x54, 0x6C,
    0xA1, 0x16, 0xAE, 0x6B, 0x23, 0x1A, 0x12, 0xC0, 0xCE, 0x9B, 0x35, 0xC7, 0x0C, 0xCA, 0xB4, 0xDB,
    0xA8, 0x51, 0x5A, 0xB3, 0xBE, 0x77, 0x41, 0xE2, 0xD5, 0x9C, 0x24, 0xC6, 0x90, 0x57, 0xA8, 0x11,
    0xF1, 0xC8, 0xCC, 0xEB, 0x50, 0x43, 0xF8, 0x71, 0x97, 0x83, 0x65, 0xCE, 0xD2, 0x05, 0x16, 0x19,
    0xAE, 0x41, 0x43, 0xA8, 0x49, 0x7C, 0x4E, 0xFB, 0x58, 0x23, 0xDA, 0x73, 0xC0, 0xAE, 0x8E, 0xA1,
    0x63, 0xE5, 0x6D, 0x32, 0x32, 0xB3, 0x8E, 0x6D, 0xEB, 0x1A, 0x18, 0x4F, 0x6C, 0x63, 0x23, 0xDB,
    0xD8, 0xB8, 0xBB, 0x99, 0x57, 0x3E, 0x86, 0x1A, 0xBB, 0x99, 0x4F, 0xAC, 0x36, 0x8D, 0xE7, 0x2F,
    0xBC, 0x6A, 0x69, 0x2E, 0x38, 0xA1, 0x21, 0xA3, 0x2E, 0xA1, 0x96, 0x9F, 0x3D, 0x92, 0x35, 0x6C,
    0x03, 0x8F, 0xB2, 0xC6, 0x95, 0x28, 0xA7, 0x71, 0xE5, 0xCA, 0x15, 0xAD, 0x0C, 0xBD, 0x2B, 0x60,
    0xAE, 0x8C, 0xE1, 0x1D, 0x4E, 0x8F, 0x35, 0x8F, 0xE1, 0x60, 0x1C, 0x51, 0xEC, 0xE8, 0xF4, 0xB3,
    0xA0, 0x12, 0x24, 0x61, 0xAF, 0x18, 0x31, 0x09, 0x72, 0x05, 0x09, 0x32, 0x45, 0x25, 0x48, 0x49,
    0x50, 0x08, 0x62, 0x12, 0xE4, 0x1B, 0x88, 0x14, 0x5E, 0x02, 0xD6, 0xAC, 0xED, 0x48, 0x15, 0x68,
    0x14, 0x46, 0x11, 0x29, 0x50, 0x28, 0x62, 0x05, 0xAC, 0x22, 0x55, 0x60, 0x47, 0xF1, 0x75, 0xC5,
    0x67, 0xCD, 0x6F, 0xE2, 0xBE, 0x88, 0x6A, 0x46, 0xBE, 0x80, 0xD1, 0x74, 0x8C, 0x6C, 0x05, 0x46,
    0x35, 0x30, 0x52, 0x2A, 0x19, 0xC5, 0x04, 0x87, 0x98, 0x6A, 0x46, 0x3E, 0x43, 0xB0, 0x08, 0x22,
    0x6A, 0xB1, 0x96, 0x70, 0x39, 0x53, 0xFB, 0x28, 0x48, 0x75, 0x30, 0x34, 0xBD, 0xC0, 0x2C, 0xD0,
    0x69, 0x3B, 0x86, 0x2E, 0x62, 0x9D, 0x5F, 0xF5, 0x09, 0xF9, 0x45, 0xC0, 0x13, 0x88, 0x17, 0x14,
    0x4B, 0x4C, 0x4B, 0x21, 0x9F, 0x88, 0x16, 0x5E, 0x7D, 0xB4, 0x00, 0x0F, 0xAB, 0x28, 0x68, 0x7E,
    0x16, 0x8F, 0x87, 0x8B, 0x92, 0x3F, 0xF1, 0x74, 0x18, 0xC5, 0xEF, 0xF8, 0xA4, 0xEB, 0xDA, 0x8C,
    0xAD, 0x5A, 0x8E, 0x54, 0xCB, 0x91, 0xB1, 0x45, 0x8C, 0x2D, 0x62, 0xA4, 0x24, 0x38, 0xA4, 0x00,
    0xD3, 0x81, 0xC9, 0x60, 0x32, 0x90, 0x29, 0x74, 0xB0, 0x83, 0x51, 0x94, 0xD2, 0x75, 0xAB, 0x94,
    0x6A, 0x95, 0x94, 0x7C, 0x84, 0x83, 0x3B, 0x3A, 0xB8, 0x23, 0xE3, 0xD0, 0xAA, 0x64, 0x80, 0xE9,
    0xC0, 0x64, 0x20, 0x5B, 0xFD, 0x54, 0xED, 0xC4, 0x70, 0x54, 0x1C, 0x8C, 0x24, 0x4C, 0x0C, 0xD3,
    0x87, 0x96, 0x9D, 0x42, 0x8B, 0x56, 0x41, 0xA6, 0xEB, 0xD5, 0xDB, 0xCC, 0x0B, 0x2D, 0x91, 0x17,
    0x12, 0xB1, 0x50, 0x65, 0x2C, 0x54, 0x19, 0x0B, 0x55, 0xE6, 0x85, 0x8E, 0x2C, 0x54, 0x19, 0x0B,
    0x55, 0xC6, 0x42, 0x95, 0xA9, 0x90, 0xC1, 0x42, 0x91, 0xA9, 0x90, 0x65, 0x2A, 0xB4, 0xA1, 0x35,
    0xAE, 0xCF, 0xAD, 0x75, 0x6B, 0xEF, 0x7A, 0xBC, 0xF5, 0x1C, 0xEB, 0x79, 0xC3, 0x5A, 0x36, 0xD7,
    0xA7, 0x6B, 0xDE, 0xCC, 0x03, 0x2A, 0xDB, 0xCC, 0xD7, 0xA8, 0x6C, 0xE3, 0xBA, 0x40, 0x65, 0x9B,
    0xD7, 0xCF, 0xB0, 0x6C, 0xF3, 0x3A, 0xDF, 0xC5, 0x2E, 0x2C, 0x17, 0x83, 0x6C, 0x2C, 0xBC, 0xD0,
    0x74, 0x59, 0xD8, 0x85, 0x32, 0x9E, 0xBC, 0x0C, 0x60, 0x21, 0xCB, 0x00, 0x16, 0xB2, 0x0C, 0x60,
    0x21, 0xCB, 0x00, 0x16, 0x8A, 0x8C, 0x85, 0x2A, 0x63, 0xA1, 0xCA, 0x58, 0xA8, 0x32, 0x16, 0xAA,
    0x8C, 0x85, 0x22, 0x53, 0x21, 0xCB, 0x54, 0x68, 0xEB, 0xB0, 0xA0, 0x70, 0xCE, 0xF4, 0x41, 0x67,
    0xEB, 0xE0, 0x5D, 0x85, 0xF1, 0x92, 0x49, 0xE7, 0xD0, 0xF4, 0x54, 0x28, 0x43, 0x2C, 0x5E, 0xC6,
    0x42, 0x95, 0xB1, 0x50, 0x65, 0x2C, 0x54, 0x19, 0x0B, 0x45, 0xA6, 0x42, 0x96, 0xA9, 0x90, 0x65,
    0x2A, 0x64, 0x99, 0x0A, 0xBF, 0x32, 0xBB, 0x90, 0xD4, 0x61, 0x17, 0x4C, 0x1F, 0x76, 0xC1, 0x4E,
    0x61, 0x17, 0x68, 0xC5, 0x42, 0x96, 0x11, 0xB1, 0x90, 0x65, 0x44, 0x2C, 0x64, 0x19, 0x11, 0x0B,
    0xAD, 0xDC, 0xEF, 0x4E, 0x32, 0x86, 0x73, 0xA6, 0x0F, 0x3A, 0x5B, 0x07, 0xEF, 0xCA, 0x8F, 0x17,
    0x76, 0xC1, 0xB2, 0x4C, 0xE7, 0x15, 0x99, 0xAE, 0xE5, 0x4B, 0xDE, 0x85, 0xE7, 0x9F, 0x15, 0x14,
    0x44, 0xA5, 0xBE, 0x3A, 0x69, 0x64, 0xCB, 0x0A, 0x5B, 0x3C, 0x52, 0xD5, 0x01, 0x55, 0x8B, 0x68,
    0x89, 0xA9, 0x37, 0x03, 0x6F, 0x00, 0xAD, 0xE2, 0x09, 0xE6, 0xAA, 0xD3, 0x75, 0x0B, 0xF2, 0x97,
    0x59, 0x6F, 0x61, 0x8D, 0xBC, 0x3B, 0xCB, 0xE3, 0x85, 0xE3, 0xCA, 0xB4, 0x3B, 0xD6, 0x91, 0xB2,
    0x76, 0xA7, 0x61, 0xBE, 0xDC, 0xCD, 0x0C, 0xBA, 0xD4, 0x4D, 0xCA, 0xFE, 0x20, 0x43, 0xFF, 0x4E,
    0xC5, 0xFC, 0x6D, 0x7B, 0x56, 0xFC, 0xA6, 0xB5, 0x32, 0x5E, 0x5E, 0x17, 0x27, 0x78, 0x7C, 0x0B,
    0x73, 0x99, 0xE7, 0x3B, 0x87, 0x74, 0x70, 0xBC, 0x3A, 0x23, 0x9E, 0xDD, 0x7A, 0xD2, 0x11, 0xA0,
    0xA7, 0x9A, 0x57, 0x8A, 0x0E, 0x28, 0x46, 0xC4, 0x9C, 0x48, 0x4A, 0xEF, 0xD3, 0x0C, 0x7D, 0x45,
    0x77, 0xCC, 0x43, 0xBE, 0x82, 0x6C, 0x87, 0xFB, 0x3E, 0x22, 0x29, 0x22, 0x35, 0x90, 0x5D, 0xE7,
    0x2B, 0x7E, 0x69, 0x00, 0xEC, 0x4F, 0x9C, 0xE8, 0x1C, 0x66, 0xB8, 0x4F, 0xC5, 0x77, 0x81, 0x2D,
    0xD3, 0x01, 0xA6, 0x35, 0x1D, 0xB2, 0x3E, 0xAF, 0x91, 0x0C, 0x16, 0x88, 0x26, 0x69, 0xC9, 0x39,
    0xE9, 0x15, 0x1D, 0x3B, 0xD4, 0xCB, 0xA3, 0xC8, 0x78, 0x3A, 0xB2, 0xCE, 0x11, 0x51, 0x98, 0x17,
    0xDB, 0xB7, 0xBB, 0xEC, 0x37, 0xB1, 0x35, 0x3A, 0xE6, 0x35, 0x8F, 0x01, 0x9C, 0x01, 0x90, 0xB5,
    0x88, 0x06, 0x80, 0x0F, 0x49, 0xAB, 0xDF, 0xF3, 0x8D, 0x7F, 0x53, 0x3E, 0x2C, 0x34, 0x7E, 0xA8,
    0x34, 0xFC, 0xAF, 0x88, 0xF6, 0x35, 0x61, 0xDC, 0x0E, 0xC2, 0xA8, 0xEB, 0x85, 0x08, 0xEC, 0x0F,
    0x72, 0x50, 0x76, 0xEA, 0x8B, 0xDA, 0x17, 0xBC, 0xFF, 0xD8, 0xC6, 0xCF, 0x0F, 0x99, 0x9F, 0xF7,
    0x01, 0xA4, 0xB5, 0x26, 0x10, 0x77, 0xCC, 0x11, 0x98, 0x58, 0xC6, 0x97, 0xDD, 0x31, 0xE7, 0xCB,
    0x7E, 0x0D, 0x91, 0x5E, 0xF6, 0xF7, 0x9B, 0x8D, 0xCB, 0xCE, 0x71, 0xDF, 0xF6, 0x23, 0x80, 0xF9,
    0xCE, 0x6B, 0x88, 0x6A, 0x7C, 0xBB, 0x8E, 0x5B, 0x9F, 0x96, 0x64, 0x73, 0xEC, 0x08, 0x1F, 0xC0,
    0xC1, 0xC9, 0x7C, 0x93, 0x9B, 0x7C, 0x5E, 0xBF, 0x48, 0x3C, 0x2A, 0x12, 0xBF, 0x38, 0xF7, 0x91,
    0x03, 0xCC, 0x83, 0x6E, 0xDD, 0xF7, 0x6F, 0xFF, 0x02, 0xC0, 0xD7, 0x64, 0xFD, 0x17, 0x7E, 0xCF,
    0x40, 0xA5, 0x6F, 0x86, 0xD4, 0xBF, 0x5C, 0xF2, 0xD5, 0xC9, 0x93, 0x54, 0x02, 0xCD, 0x6C, 0x4C,
    0xD3, 0x21, 0x5E, 0x6D, 0x1B, 0x93, 0x8D, 0x48, 0x67, 0xC7, 0x64, 0x86, 0x11, 0xAE, 0x90, 0x0B,
    0xA9, 0xB4, 0x67, 0x98, 0xEF, 0xB6, 0xD5, 0x36, 0xF3, 0x4A, 0xBB, 0x2B, 0x7C, 0xB3, 0x9B, 0x85,
    0x97, 0x7B, 0xE5, 0xA5, 0xC0, 0xE1, 0x0E, 0xEC, 0x77, 0x55, 0xDF, 0x9D, 0xF3, 0xE3, 0x58, 0xCF,
    0xC2, 0xCF, 0x63, 0x94, 0xC8, 0x84, 0x0B, 0x92, 0xC5, 0x31, 0x9D, 0x00, 0xDA, 0x31, 0xA6, 0xE2,
    0x52, 0xB4, 0x18, 0x23, 0xB7, 0xA7, 0x54, 0x1A, 0xBD, 0x95, 0x7B, 0xBD, 0xA6, 0x37, 0x3F, 0xD3,
    0xA3, 0x1B, 0x35, 0xD7, 0xE4, 0xD1, 0xCD, 0x89, 0xDC, 0x9D, 0x69, 0x3A, 0xB7, 0x37, 0xFD, 0x82,
    0xFC, 0xA5, 0x05, 0xE9, 0x6C, 0x61, 0xB9, 0xEC, 0xAD, 0xDC, 0xA3, 0x9B, 0xB7, 0x80, 0x3D, 0xE1,
    0x1E, 0x5D, 0x1E, 0xE3, 0xCD, 0x76, 0xE7, 0xB8, 0x63, 0x76, 0xB9, 0x9B, 0xCF, 0x3A, 0xA6, 0x6F,
    0x77, 0xF2, 0xA5, 0x2F, 0x79, 0xBB, 0x57, 0xFE, 0xA3, 0x9F, 0xCE, 0xE8, 0xDF, 0xA1, 0x5F, 0xF5,
    0x6F, 0xB6, 0x67, 0xC5, 0xEF, 0xF2, 0x95, 0xF1, 0x4E, 0xD6, 0xC5, 0x33, 0x3C, 0xBE, 0x85, 0xB9,
    0xC4, 0xF3, 0xF1, 0xA3, 0xEB, 0xE6, 0xFF, 0x3B, 0x3F, 0xBA, 0x39, 0xD1, 0xD3, 0xFA, 0xE8, 0x5E,
    0xFB, 0x54, 0x8F, 0x6E, 0xD8, 0xDF, 0x53, 0xBA, 0xBF, 0x71, 0xD8, 0x5F, 0x47, 0xD2, 0x6D, 0x67,
    0x43, 0xC4, 0xA0, 0x01, 0x89, 0x70, 0x86, 0x11, 0xAE, 0x58, 0x26, 0x42, 0xAB, 0xAC, 0x2B, 0x65,
    0xDB, 0x28, 0x3B, 0xDA, 0x64, 0xFF, 0x49, 0x0C, 0xBE, 0x30, 0x4E, 0x18, 0xB7, 0x50, 0x96, 0x61,
    0xDE, 0xD4, 0xAF, 0x23, 0x16, 0x8E, 0x80, 0x90, 0xF3, 0x15, 0x19, 0x58, 0x70, 0x30, 0xDF, 0x9B,
    0x38, 0x10, 0xCF, 0x7A, 0xE2, 0x8F, 0x9E, 0x18, 0x3C, 0xA3, 0x51, 0x89, 0x78, 0x52, 0x22, 0x99,
    0x95, 0x48, 0x17, 0x25, 0xB2, 0x95, 0x12, 0x86, 0x94, 0xC8, 0xA9, 0x14, 0xA2, 0xA0, 0x5A, 0x08,
    0x4B, 0xAD, 0x9C, 0xD7, 0x28, 0x53, 0xE5, 0x02, 0x68, 0x9E, 0x7D, 0xE8, 0x2B, 0xA1, 0x99, 0x84,
    0x9F, 0xFB, 0x74, 0xC9, 0x19, 0x67, 0xBA, 0xD1, 0xE0, 0xF4, 0x75, 0x2A, 0x35, 0x69, 0xBE, 0xB5,
    0x4E, 0x75, 0x92, 0x5A, 0xB1, 0xCF, 0x89, 0xDA, 0x9B, 0x9E, 0x3F, 0x00, 0x9C, 0x32, 0x1F, 0x00,
    0x29, 0x22, 0xF1, 0xC8, 0x59, 0xF5, 0xBE, 0x1A, 0x26, 0xE0, 0xB2, 0x80, 0x8D, 0xD0, 0xC7, 0x7E,
    0xA3, 0xE3, 0x88, 0x27, 0x8E, 0x7B, 0xC2, 0x7A, 0xA2, 0xF2, 0x44, 0x48, 0x19, 0xB7, 0x5A, 0x65,
    0xB4, 0xE7, 0x1B, 0xC9, 0x5B, 0xBD, 0x6F, 0xBC, 0x31, 0x08, 0x91, 0xB6, 0xBE, 0x61, 0xCA, 0xC9,
    0x37, 0x70, 0xC6, 0x67, 0x05, 0xAB, 0xFF, 0xF5, 0xB8, 0x70, 0x6A, 0x3D, 0xAA, 0x52, 0x52, 0x01,
    0xB2, 0x81, 0x8D, 0x4E, 0x1E, 0xAD, 0x38, 0xED, 0x96, 0x0F, 0x9D, 0xFE, 0x81, 0x74, 0x40, 0x32,
    0xC8, 0x0C, 0x3D, 0x7F, 0xB4, 0x7C, 0x46, 0x83, 0x4E, 0xF5, 0x04, 0xA4, 0x61, 0xEA, 0xA6, 0x9E,
    0xA4, 0x91, 0xD2, 0xC0, 0x93, 0x21, 0xCF, 0xAF, 0x2E, 0xDB, 0x92, 0xD5, 0x45, 0xD8, 0x3F, 0x49,
    0x56, 0x23, 0x32, 0x92, 0xAC, 0xDA, 0xF0, 0x6E, 0x09, 0xDF, 0xEC, 0x46, 0x7D, 0x77, 0x20, 0x6A,
    0xA1, 0x87, 0x08, 0x1C, 0xDF, 0xC2, 0x46, 0x44, 0x27, 0x37, 0xEF, 0x0D, 0x3B, 0x2B, 0x9B, 0x41,
    0x10, 0x53, 0x2B, 0x4C, 0x49, 0x80, 0x7C, 0xF1, 0xB2, 0x51, 0x49, 0xFD, 0x6D, 0x65, 0x66, 0x39,
    0xF0, 0x73, 0xEB, 0xA0, 0xF4, 0xB2, 0x88, 0x4A, 0x3E, 0xBE, 0x92, 0xCA, 0xA4, 0xD9, 0x60, 0x66,
    0x1D, 0x33, 0x1F, 0x85, 0x93, 0xED, 0xC5, 0xBC, 0x34, 0x22, 0xCF, 0x49, 0xE4, 0x30, 0x44, 0x10,
    0x3D, 0x2D, 0x7E, 0xB2, 0x49, 0x98, 0xD0, 0xE0, 0x47, 0xED, 0x36, 0x37, 0xF6, 0x41, 0x85, 0x8F,
    0x87, 0x3C, 0x49, 0x91, 0x78, 0x1A, 0x4F, 0xEB, 0x49, 0x2B, 0xDF, 0x3D, 0xF9, 0xEE, 0xC1, 0x77,
    0xB7, 0xB8, 0x9F, 0xBB, 0x09, 0x31, 0x71, 0xF7, 0x22, 0x17, 0x3E, 0xA7, 0x11, 0x96, 0x4A, 0x54,
    0xD4, 0x31, 0x23, 0xA2, 0xD2, 0xB1, 0x4E, 0x69, 0x11, 0x4B, 0x41, 0xA3, 0xB0, 0xA1, 0x8E, 0xF9,
    0x96, 0x64, 0x52, 0xC8, 0x03, 0xA5, 0x1C, 0x3D, 0xBB, 0xF0, 0x84, 0x28, 0x17, 0x28, 0x47, 0x9F,
    0x77, 0xE7, 0x59, 0x32, 0x79, 0x70, 0xCD, 0x77, 0x10, 0xA2, 0xA8, 0x05, 0xDF, 0xD0, 0xAD, 0x40,
    0x21, 0x2A, 0xD3, 0x16, 0xE2, 0xB2, 0x6D, 0x36, 0x32, 0x09, 0xF1, 0xE2, 0xAB, 0x42, 0x53, 0xEA,
    0x8F, 0x51, 0x2C, 0xB0, 0x2D, 0xC0, 0x02, 0x02, 0x58, 0xC0, 0xDD, 0x2C, 0xE0, 0x6E, 0x16, 0x70,
    0x37, 0x0B, 0xC8, 0x6F, 0xF3, 0xE6, 0xDD, 0x01, 0xDB, 0x29, 0x75, 0xA1, 0x7C, 0x55, 0x84, 0x66,
    0xD4, 0x95, 0x5A, 0xEF, 0x27, 0x1D, 0x2F, 0xF1, 0xE3, 0x1B, 0x9D, 0x2F, 0xCC, 0x1F, 0xD6, 0x13,
    0xD6, 0x17, 0xD6, 0x1B, 0xD6, 0x9F, 0xFB, 0x7C, 0xEE, 0xD3, 0x35, 0xE8, 0x57, 0x81, 0x88, 0xBB,
    0xE4, 0x21, 0xD1, 0xBB, 0xCA, 0xF6, 0x7A, 0x1F, 0xD0, 0x04, 0x43, 0xB3, 0x6B, 0xAF, 0x60, 0x89,
    0xE4, 0x9A, 0xE5, 0x5A, 0x95, 0xB9, 0xC0, 0x0E, 0x44, 0x73, 0x78, 0x33, 0x68, 0xD9, 0x62, 0x6F,
    0xCE, 0xC4, 0xBA, 0x02, 0x47, 0xDA, 0x2D, 0x82, 0x96, 0x69, 0x3D, 0xFD, 0xF9, 0xC4, 0xEB, 0x8C,
    0xF7, 0x59, 0x3F, 0xCE, 0xFA, 0x8D, 0x73, 0xC3, 0xBF, 0x71, 0xDA, 0x4A, 0xCB, 0x03, 0x4F, 0x51,
    0xF3, 0xBA, 0x52, 0x5A, 0xC9, 0x3A, 0x23, 0x9A, 0x74, 0xDD, 0x55, 0xAF, 0x79, 0xE4, 0xB5, 0x56,
    0xAF, 0x43, 0xD8, 0x88, 0xF8, 0x11, 0xE0, 0x34, 0x5F, 0x9C, 0x74, 0xE2, 0x14, 0xD3, 0x19, 0x4D,
    0x8B, 0x64, 0xA5, 0xB7, 0x60, 0xBA, 0xF0, 0x5A, 0xFF, 0x30, 0x01, 0xD0, 0x85, 0x35, 0xB2, 0x4C,
    0x4B, 0x25, 0x1F, 0x57, 0xB2, 0x83, 0xFA, 0x64, 0x2D, 0x10, 0x0D, 0xD8, 0xC5, 0xBD, 0x99, 0xE6,
    0x3D, 0xCB, 0x6D, 0x39, 0x56, 0x03, 0x40, 0x43, 0x31, 0x22, 0xA2, 0xD6, 0x4C, 0x4E, 0x52, 0xA6,
    0xB3, 0x93, 0x20, 0x1E, 0x9D, 0x04, 0x78, 0x05, 0x76, 0x92, 0xB1, 0x86, 0xF5, 0x96, 0xE7, 0x2D,
    0x1F, 0x65, 0x47, 0x36, 0x7E, 0xE7, 0xB1, 0xD0, 0xA7, 0x44, 0x4A, 0x78, 0x42, 0x3D, 0x17, 0x06,
    0x43, 0x3D, 0xA7, 0x6C, 0xA9, 0x8B, 0x68, 0x04, 0xCF, 0x4F, 0xB3, 0xDC, 0x29, 0xD5, 0x2A, 0xD3,
    0xE7, 0xE3, 0x54, 0x78, 0x0F, 0x96, 0xB2, 0x19, 0x2B, 0xBD, 0xB6, 0x93, 0x6E, 0x49, 0xAF, 0xAB,
    0x6E, 0x75, 0x63, 0x6A, 0xFD, 0xAB, 0x53, 0xC9, 0xB0, 0xFE, 0x7D, 0xB6, 0x11, 0x5F, 0x4C, 0x32,
    0x4A, 0xCA, 0xE0, 0x99, 0x47, 0xD6, 0x14, 0xD4, 0x37, 0xB2, 0x80, 0xD6, 0x52, 0xEF, 0x00, 0xE3,
    0x24, 0xC5, 0x02, 0x2E, 0x3F, 0xF9, 0x84, 0xF8, 0x6F, 0xC0, 0xA1, 0xF0, 0x55, 0x59, 0xE0, 0xE3,
    0x3F, 0xCC, 0x93, 0x21, 0x8C, 0xDB, 0x40, 0x10, 0x45, 0x9F, 0x1D, 0x55, 0x06, 0x06, 0x29, 0x2F,
    0x30, 0x57, 0x2B, 0x99, 0x96, 0x54, 0x36, 0x47, 0x47, 0xCA, 0x39, 0x3A, 0x4E, 0xB2, 0xE6, 0xE8,
    0x50, 0x39, 0xAD, 0x0B, 0x8E, 0x96, 0xB4, 0x6B, 0x8E, 0xC2, 0x51, 0x40, 0x4E, 0xAA, 0xAE, 0x24,
    0xE0, 0x80, 0x1B, 0x79, 0xFD, 0x9B, 0x1D, 0x67, 0x55, 0x45, 0xED, 0xC1, 0x54, 0x37, 0x60, 0xDE,
    0xB7, 0x47, 0xB2, 0xBF, 0xBF, 0x67, 0xE1, 0x63, 0x8B, 0xDF, 0x43, 0xA1, 0xB1, 0xD0, 0x0C, 0xF5,
    0xA7, 0x50, 0x0D, 0x1E, 0x1C, 0xA1, 0x69, 0x1B, 0x08, 0x7C, 0x75, 0xBC, 0x8F, 0xC4, 0x03, 0xD9,
    0xF4, 0x37, 0x05, 0xC8, 0x6A, 0xE0, 0xCB, 0xDC, 0x7B, 0xF5, 0x5D, 0x9A, 0xFF, 0x57, 0x0A, 0x58,
    0xCD, 0xA0, 0x16, 0xEE, 0xB5, 0x7F, 0xAB, 0x23, 0x48, 0x93, 0x93, 0x5A, 0x52, 0x39, 0xDD, 0x41,
    0x31, 0xFB, 0x11, 0xEA, 0xA1, 0x08, 0xE0, 0xC8, 0x02, 0xCC, 0x30, 0x41, 0x80, 0x1B, 0x7B, 0x12,
    0x17, 0x5D, 0xB1, 0xE2, 0x97, 0xF5, 0x5A, 0xDE, 0x77, 0x85, 0xAE, 0xB3, 0x73, 0xF3, 0x3D, 0x4A,
    0x53, 0xA3, 0x00, 0xB7, 0xC7, 0xCF, 0x50, 0x48, 0x82, 0x6A, 0x5B, 0xC8, 0xDC, 0xCA, 0xDC, 0xCA,
    0xDC, 0x2E, 0x7E, 0x2E, 0xBB, 0xA4, 0xC1, 0xDC, 0x76, 0xCB, 0x9D, 0x2B, 0xF4, 0x4B, 0xB7, 0x3F,
    0x92, 0xDB, 0x54, 0xB6, 0x53, 0xB5, 0x76, 0xD8, 0x56, 0xE5, 0xBA, 0x9F, 0xB1, 0xBD, 0x2A, 0x77,
    0xB9, 0xB0, 0xCD, 0xAA, 0x06, 0x3C, 0xB6, 0x5B, 0x4D, 0xCB, 0xC6, 0x14, 0x0E, 0x5E, 0xFF, 0xF9,
    0x9F, 0xFF, 0x56, 0x3A, 0x57, 0xB7, 0xFC, 0x8D, 0xBE, 0xF7, 0x5D, 0x9A, 0x36, 0x2F, 0x45, 0x29,
    0xAA, 0xB4, 0x87, 0x6E, 0xC0, 0x32, 0xFA, 0x55, 0xEA, 0xB8, 0xEC, 0xE2, 0xBC, 0x96, 0x96, 0x84,
    0xDE, 0xCC, 0x7D, 0x4A, 0x48, 0x6A, 0x97, 0x84, 0x0E, 0xB9, 0x5A, 0x52, 0x42, 0x6D, 0x4A, 0xA8,
    0x31, 0x85, 0x23, 0x2A, 0x7B, 0xDB, 0xB3, 0x4A, 0x56, 0xBB, 0x93, 0x5A, 0x12, 0xBA, 0xBB, 0x98,
    0xBE, 0x08, 0x75, 0x99, 0x90, 0x7F, 0x2E, 0x21, 0x37, 0x82, 0x1D, 0xD5, 0x0E, 0xA8, 0x86, 0xF2,
    0x40, 0x7C, 0xC0, 0x6A, 0x04, 0x1C, 0xF9, 0x04, 0x7C, 0x27, 0x8B, 0x98, 0x13, 0xF2, 0x05, 0xAB,
    0x05, 0xB5, 0x14, 0xE1, 0x0C, 0x36, 0xBB, 0x26, 0xCC, 0x44, 0x3A, 0x9C, 0xB7, 0x7A, 0xC4, 0xFF,
    0xC4, 0x4B, 0xD4, 0x02, 0x20, 0xBB, 0x89, 0xCD, 0xEF, 0x01, 0xCA, 0xA3, 0x5A, 0x62, 0x04, 0xEB,
    0x1D, 0xE0, 0x28, 0x9E, 0x80, 0x6F, 0xD8, 0x97, 0x05, 0x43, 0xBA, 0xDA, 0x18, 0x5E, 0x79, 0xCA,
    0x91, 0x4C, 0xEA, 0x9C, 0x42, 0xF9, 0xE0, 0x06, 0x29, 0xD4, 0xDD, 0x7A, 0x7B, 0x9A, 0x35, 0x14,
    0x67, 0x0C, 0x11, 0x2D, 0x44, 0x0C, 0x86, 0x6A, 0x34, 0x94, 0xDA, 0x46, 0x64, 0x0A, 0x11, 0xD4,
    0xEA, 0x22, 0x32, 0x6D, 0x23, 0xA8, 0x0E, 0x86, 0x22, 0xE2, 0x1D, 0xAB, 0xA7, 0x13, 0x3E, 0xB0,
    0x8A, 0x57, 0x9B, 0x88, 0x89, 0x86, 0x72, 0x97, 0x07, 0xEA, 0x07, 0xDF, 0xA1, 0xC7, 0x42, 0x01,
    0xDC, 0xCC, 0xEF, 0x89, 0x3A, 0x80, 0xBC, 0x04, 0x00, 0x62, 0x40, 0x06, 0x15, 0x50, 0x1A, 0xC0,
    0xC2, 0x1C, 0x1B, 0x21, 0x0C, 0x03, 0x41, 0x14, 0x5D, 0xD9, 0x01, 0x01, 0x29, 0xB9, 0x4A, 0x70,
    0x09, 0x0E, 0x29, 0x81, 0x72, 0xEC, 0x4E, 0x28, 0x05, 0x4A, 0xA0, 0x04, 0x97, 0x40, 0x40, 0xA0,
    0x19, 0xC4, 0x2D, 0xBB, 0x73, 0x52, 0xF4, 0x47, 0xF7, 0xEE, 0x4A, 0x8C, 0x38, 0x71, 0xCF, 0xA8,
    0x3C, 0x32, 0x36, 0xB6, 0x24, 0x64, 0x0C, 0xC2, 0x44, 0xF5, 0x85, 0x45, 0x48, 0x04, 0x97, 0xB9,
    0x99, 0xFC, 0x10, 0x08, 0x93, 0x5E, 0x88, 0x4D, 0xA8, 0xC6, 0x44, 0xAC, 0x42, 0x1B, 0xBF, 0x8A,
    0xE6, 0x2B, 0x54, 0x84, 0xAF, 0x30, 0xF0, 0xE0, 0x5E, 0x15, 0x1D, 0xE4, 0xB1, 0x2A, 0x3E, 0x33,
    0xD9, 0x16, 0x85, 0xBF, 0xDF, 0x67, 0x85, 0x17, 0x9E, 0x13, 0x49, 0x4D, 0x08, 0x2D, 0xF0, 0x6A,
    0x0F, 0xA1, 0xBB, 0x08, 0x20, 0x64, 0x02, 0x18, 0x99, 0x08, 0xC5, 0x6C, 0x22, 0xD4, 0x8B, 0x89,
    0x50, 0x87, 0x89, 0x50, 0x2F, 0x26, 0x46, 0x37, 0x13, 0xA3, 0x24, 0x42, 0x49, 0x84, 0x88, 0xF1,
    0xFE, 0xDB, 0x03, 0x63, 0x28, 0x80, 0x08, 0x00,
};

static const EpdGlyph notoserif_18_regularGlyphs[] = {
    { 0, 0, 0, 0, 0, 0, 0 }, // U+0000
    { 0, 0, 0, 0, 0, 0, 0 }, // U+0001
    { 0, 0, 0, 0, 0, 0, 0 }, // U+0002
    { 0, 0, 0, 0, 0, 0, 0 }, // U+0003
    { 0, 0, 0, 0, 0, 0, 0 }, // U+0004
    { 0, 0, 0, 0, 0, 0, 0 }, // U+0005
    { 0, 0, 0, 0, 0, 0, 0 }, // U+0006
    { 0, 0, 0, 0, 0, 0, 0 }, // U+0007
    { 0, 0, 0, 0, 0, 0, 0 }, // U+0008
    { 0, 0, 156, 0, 0, 0, 0 }, // U+0009
    { 0, 0, 0, 0, 0, 0, 0 }, // U+000A
    { 0, 0, 0, 0, 0, 0, 0 }, // U+000B
    { 0, 0, 0, 0, 0, 0, 0 }, // U+000C
    { 0, 0, 156, 0, 0, 0, 0 }, // U+000D
    { 0, 0, 0, 0, 0, 0, 0 }, // U+000E
    { 0, 0, 0, 0, 0, 0, 0 }, // U+000F
    { 0, 0, 0, 0, 0, 0, 0 }, // U+0010
    { 0, 0, 0, 0, 0, 0, 0 }, // U+0011
    { 0, 0, 0, 0, 0, 0, 0 }, // U+0012
    { 0, 0, 0, 0, 0, 0, 0 }, // U+0013
    { 0, 0, 0, 0, 0, 0, 0 }, // U+0014
    { 0, 0, 0, 0, 0, 0, 0 }, // U+0015
    { 0, 0, 0, 0, 0, 0, 0 }, // U+0016
    { 0, 0, 0, 0, 0, 0, 0 }, // U+0017
    { 0, 0, 0, 0, 0, 0, 0 }, // U+0018
    { 0, 0, 0, 0, 0, 0, 0 }, // U+0019
    { 0, 0, 0, 0, 0, 0, 0 }, // U+001A
    { 0, 0, 0, 0, 0, 0, 0 }, // U+001B
    { 0, 0, 0, 0, 0, 0, 0 }, // U+001C
    { 0, 0, 0, 0, 0, 0, 0 }, // U+001D
    { 0, 0, 0, 0, 0, 0, 0 }, // U+001E
    { 0, 0, 0, 0, 0, 0, 0 }, // U+001F
    { 0, 0, 156, 0, 0, 0, 0 }, // U+0020
    { 6, 28, 199, 3, 27, 42, 0 }, // !
    { 12, 10, 245, 2, 27, 30, 42 }, // "
    { 21, 27, 335, 0, 27, 142, 72 }, // #
    { 17, 32, 335, 2, 29, 136, 214 }, // $
    { 31, 29, 538, 1, 28, 225, 350 }, // %
    { 27, 29, 445, 1, 28, 196, 575 }, // &
    { 5, 10, 132, 2, 27, 13, 771 }, // '
    { 10, 34, 208, 2, 29, 85, 784 }, // (
    { 10, 34, 208, 1, 29, 85, 869 }, // )
    { 16, 15, 300, 1, 29, 60, 954 }, // *
    { 17, 17, 335, 2, 22, 73, 1014 }, // +
    { 7, 11, 150, 1, 5, 20, 1087 }, // ,
    { 11, 4, 186, 0, 12, 11, 1107 }, // -
    { 6, 6, 150, 2, 5, 9, 1118 }, // .
    { 11, 34, 173, 0, 29, 94, 1127 }, // /
    { 18, 29, 347, 2, 28, 131, 1221 }, // 0
    { 17, 27, 275, 0, 27, 115, 1352 }, // 1
    { 17, 28, 297, 1, 28, 119, 1467 }, // 2
    { 17, 29, 307, 1, 28, 124, 1586 }, // 3
    { 21, 27, 331, 0, 27, 142, 1710 }, // 4
    { 17, 28, 307, 1, 27, 119, 1852 }, // 5
    { 17, 29, 330, 2, 28, 124, 1971 }, // 6
    { 18, 27, 308, 1, 27, 122, 2095 }, // 7
    { 19, 29, 334, 1, 28, 138, 2217 }, // 8
    { 18, 29, 330, 1, 28, 131, 2355 }, // 9
    { 5, 22, 172, 3, 21, 28, 2486 }, // :
    { 7, 27, 172, 1, 21, 48, 2514 }, // ;
    { 17, 19, 335, 2, 23, 81, 2562 }, // <
    { 17, 11, 335, 2, 19, 47, 2643 }, // =
    { 17, 19, 335, 2, 23, 81, 2690 }, // >
    { 16, 29, 284, 1, 28, 116, 2771 }, // ?
    { 31, 33, 553, 2, 27, 256, 2887 }, // @
    { 27, 27, 423, 0, 27, 183, 3143 }, // A
    { 22, 27, 392, 1, 27, 149, 3326 }, // B
    { 20, 29, 368, 2, 28, 145, 3475 }, // C
    { 25, 27, 436, 1, 27, 169, 3620 }, // D
    { 21, 27, 374, 1, 27, 142, 3789 }, // E
    { 20, 27, 354, 1, 27, 135, 3931 }, // F
    { 25, 29, 428, 2, 28, 182, 4066 }, // G
    { 28, 27, 476, 1, 27, 189, 4248 }, // H
    { 12, 27, 220, 1, 27, 81, 4437 }, // I
    { 14, 36, 214, -1, 27, 126, 4518 }, // J
    { 26, 27, 420, 1, 27, 176, 4644 }, // K
    { 21, 27, 374, 1, 27, 142, 4820 }, // L
    { 33, 27, 563, 1, 27, 223, 4962 }, // M
    { 27, 27, 458, 1, 27, 183, 5185 }, // N
    { 24, 29, 445, 2, 28, 174, 5368 }, // O
    { 21, 27, 362, 1, 27, 142, 5542 }, // P
    { 24, 37, 445, 2, 28, 222, 5684 }, // Q
    { 24, 27, 394, 1, 27, 162, 5906 }, // R
    { 18, 29, 326, 1, 28, 131, 6068 }, // S
    { 23, 27, 368, 0, 27, 156, 6199 }, // T
    { 27, 28, 430, 0, 27, 189, 6355 }, // U
    { 26, 27, 405, 0, 27, 176, 6544 }, // V
    { 39, 27, 628, 0, 27, 264, 6720 }, // W
    { 25, 27, 396, 0, 27, 169, 6984 }, // X
    { 25, 27, 375, -1, 27, 169, 7153 }, // Y
    { 20, 27, 355, 1, 27, 135, 7322 }, // Z
    { 10, 34, 216, 3, 29, 85, 7457 }, // [
    { 11, 34, 173, 0, 29, 94, 7542 }, // <backslash>
    { 9, 34, 216, 1, 29, 77, 7636 }, // ]
    { 19, 18, 335, 1, 27, 86, 7713 }, // ^
    { 19, 3, 275, -1, -3, 15, 7799 }, // _
    { 8, 7, 164, 1, 29, 14, 7814 }, // `
    { 19, 22, 338, 1, 21, 105, 7828 }, // a
    { 21, 30, 368, 0, 29, 158, 7933 }, // b
    { 15, 22, 295, 2, 21, 83, 8091 }, // c
    { 21, 30, 368, 2, 29, 158, 8174 }, // d
    { 17, 22, 321, 2, 21, 94, 8332 }, // e
    { 16, 29, 221, 1, 29, 116, 8426 }, // f
    { 20, 31, 323, 0, 22, 155, 8542 }, // g
    { 23, 29, 381, 0, 29, 167, 8697 }, // h
    { 12, 29, 192, 0, 29, 87, 8864 }, // i
    { 9, 38, 180, -1, 29, 86, 8951 }, // j
    { 22, 29, 351, 0, 29, 160, 9037 }, // k
    { 12, 29, 186, 0, 29, 87, 9197 }, // l
    { 34, 21, 567, 1, 21, 179, 9284 }, // m
    { 23, 21, 387, 1, 21, 121, 9463 }, // n
    { 18, 22, 346, 2, 21, 99, 9584 }, // o
    { 21, 30, 368, 0, 21, 158, 9683 }, // p
    { 21, 30, 368, 2, 21, 158, 9841 }, // q
    { 17, 21, 283, 1, 21, 90, 9999 }, // r
    { 15, 22, 271, 1, 21, 83, 10089 }, // s
    { 13, 26, 211, 0, 25, 85, 10172 }, // t
    { 23, 22, 381, 0, 21, 127, 10257 }, // u
    { 22, 21, 347, 0, 21, 116, 10384 }, // v
    { 33, 21, 517, 0, 21, 174, 10500 }, // w
    { 22, 21, 347, 0, 21, 116, 10674 }, // x
    { 22, 30, 339, 0, 21, 165, 10790 }, // y
    { 17, 21, 307, 1, 21, 90, 10955 }, // z
    { 14, 34, 257, 1, 29, 119, 11045 }, // {
    { 3, 38, 335, 9, 29, 29, 11164 }, // |
    { 14, 34, 257, 1, 29, 119, 11193 }, // }
    { 17, 7, 335, 2, 17, 30, 11312 }, // ~
    { 0, 0, 0, 0, 0, 0, 11342 }, // U+007F
    { 0, 0, 0, 0, 0, 0, 0 }, // U+0080
    { 0, 0, 0, 0, 0, 0, 0 }, // U+0081
    { 0, 0, 0, 0, 0, 0, 0 }, // U+0082
    { 0, 0, 0, 0, 0, 0, 0 }, // U+0083
    { 0, 0, 0, 0, 0, 0, 0 }, // U+0084
    { 0, 0, 0, 0, 0, 0, 0 }, // U+0085
    { 0, 0, 0, 0, 0, 0, 0 }, // U+0086
    { 0, 0, 0, 0, 0, 0, 0 }, // U+0087
    { 0, 0, 0, 0, 0, 0, 0 }, // U+0088
    { 0, 0, 0, 0, 0, 0, 0 }, // U+0089
    { 0, 0, 0, 0, 0, 0, 0 }, // U+008A
    { 0, 0, 0, 0, 0, 0, 0 }, // U+008B
    { 0, 0, 0, 0, 0, 0, 0 }, // U+008C
    { 0, 0, 0, 0, 0, 0, 0 }, // U+008D
    { 0, 0, 0, 0, 0, 0, 0 }, // U+008E
    { 0, 0, 0, 0, 0, 0, 0 }, // U+008F
    { 0, 0, 0, 0, 0, 0, 0 }, // U+0090
    { 0, 0, 0, 0, 0, 0, 0 }, // U+0091
    { 0, 0, 0, 0, 0, 0, 0 }, // U+0092
    { 0, 0, 0, 0, 0, 0, 0 }, // U+0093
    { 0, 0, 0, 0, 0, 0, 0 }, // U+0094
    { 0, 0, 0, 0, 0, 0, 0 }, // U+0095
    { 0, 0, 0, 0, 0, 0, 0 }, // U+0096
    { 0, 0, 0, 0, 0, 0, 0 }, // U+0097
    { 0, 0, 0, 0, 0, 0, 0 }, // U+0098
    { 0, 0, 0, 0, 0, 0, 0 }, // U+0099
    { 0, 0, 0, 0, 0, 0, 0 }, // U+009A
    { 0, 0, 0, 0, 0, 0, 0 }, // U+009B
    { 0, 0, 0, 0, 0, 0, 0 }, // U+009C
    { 0, 0, 0, 0, 0, 0, 0 }, // U+009D
    { 0, 0, 0, 0, 0, 0, 0 }, // U+009E
    { 0, 0, 0, 0, 0, 0, 0 }, // U+009F
    { 0, 0, 156, 0, 0, 0, 0 }, // U+00A0
    { 6, 28, 199, 3, 21, 42, 0 }, // U+00A1
    { 17, 27, 335, 2, 27, 115, 42 }, // U+00A2
    { 19, 29, 335, 1, 28, 138, 157 }, // U+00A3
    { 17, 17, 335, 2, 22, 73, 295 }, // U+00A4
    { 21, 27, 335, 0, 27, 142, 368 }, // U+00A5
    { 3, 38, 335, 9, 29, 29, 510 }, // U+00A6
    { 17, 34, 326, 2, 29, 145, 539 }, // U+00A7
    { 12, 5, 346, 5, 28, 15, 684 }, // U+00A8
    { 28, 29, 507, 2, 28, 203, 699 }, // U+00A9
    { 13, 13, 229, 1, 27, 43, 902 }, // U+00AA
    { 15, 15, 308, 2, 18, 57, 945 }, // U+00AB
    { 17, 11, 335, 2, 15, 47, 1002 }, // U+00AC
    { 11, 4, 186, 0, 12, 11, 1049 }, // U+00AD
    { 28, 29, 507, 2, 28, 203, 1060 }, // U+00AE
    { 19, 3, 275, -1, 31, 15, 1263 }, // U+00AF
    { 13, 13, 240, 1, 28, 43, 1278 }, // U+00B0
    { 17, 22, 335, 2, 22, 94, 1321 }, // U+00B1
    { 13, 17, 240, 1, 31, 56, 1415 }, // U+00B2
    { 13, 17, 240, 1, 31, 56, 1471 }, // U+00B3
    { 8, 7, 164, 1, 29, 14, 1527 }, // U+00B4
    { 19, 30, 369, 3, 21, 143, 1541 }, // U+00B5
    { 21, 34, 370, 1, 29, 179, 1684 }, // U+00B6
    { 6, 6, 150, 2, 16, 9, 1863 }, // U+00B7
    { 9, 10, 200, 2, 1, 23, 1872 }, // U+00B8
    { 12, 17, 240, 1, 31, 51, 1895 }, // U+00B9
    { 13, 13, 238, 1, 27, 43, 1946 }, // U+00BA
    { 15, 15, 308, 2, 18, 57, 1989 }, // U+00BB
    { 31, 28, 504, 0, 27, 217, 2046 }, // U+00BC
    { 31, 28, 504, 0, 27, 217, 2263 }, // U+00BD
    { 30, 28, 504, 1, 27, 210, 2480 }, // U+00BE
    { 16, 29, 284, 1, 21, 116, 2690 }, // U+00BF
    { 27, 35, 423, 0, 35, 237, 2806 }, // U+00C0
    { 27, 35, 423, 0, 35, 237, 3043 }, // U+00C1
    { 27, 35, 423, 0, 35, 237, 3280 }, // U+00C2
    { 27, 34, 423, 0, 34, 230, 3517 }, // U+00C3
    { 27, 34, 423, 0, 34, 230, 3747 }, // U+00C4
    { 27, 34, 423, 0, 34, 230, 3977 }, // U+00C5
    { 35, 27, 571, 0, 27, 237, 4207 }, // U+00C6
    { 20, 37, 368, 2, 28, 185, 4444 }, // U+00C7
    { 21, 35, 374, 1, 35, 184, 4629 }, // U+00C8
    { 21, 35, 374, 1, 35, 184, 4813 }, // U+00C9
    { 21, 35, 374, 1, 35, 184, 4997 }, // U+00CA
    { 21, 34, 374, 1, 34, 179, 5181 }, // U+00CB
    { 12, 35, 220, 1, 35, 105, 5360 }, // U+00CC
    { 12, 35, 220, 1, 35, 105, 5465 }, // U+00CD
    { 12, 35, 220, 1, 35, 105, 5570 }, // U+00CE
    { 12, 34, 220, 1, 34, 102, 5675 }, // U+00CF
    { 25, 27, 436, 1, 27, 169, 5777 }, // U+00D0
    { 27, 34, 458, 1, 34, 230, 5946 }, // U+00D1
    { 24, 36, 445, 2, 35, 216, 6176 }, // U+00D2
    { 24, 36, 445, 2, 35, 216, 6392 }, // U+00D3
    { 24, 36, 445, 2, 35, 216, 6608 }, // U+00D4
    { 24, 35, 445, 2, 34, 210, 6824 }, // U+00D5
    { 24, 35, 445, 2, 34, 210, 7034 }, // U+00D6
    { 17, 17, 335, 2, 22, 73, 7244 }, // U+00D7
    { 24, 31, 445, 2, 29, 186, 7317 }, // U+00D8
    { 27, 36, 430, 0, 35, 243, 7503 }, // U+00D9
    { 27, 36, 430, 0, 35, 243, 7746 }, // U+00DA
    { 27, 36, 430, 0, 35, 243, 7989 }, // U+00DB
    { 27, 35, 430, 0, 34, 237, 8232 }, // U+00DC
    { 25, 35, 375, -1, 35, 219, 8469 }, // U+00DD
    { 21, 27, 362, 1, 27, 142, 8688 }, // U+00DE
    { 23, 30, 388, 0, 29, 173, 8830 }, // U+00DF
    { 19, 30, 338, 1, 29, 143, 9003 }, // U+00E0
    { 19, 30, 338, 1, 29, 143, 9146 }, // U+00E1
    { 19, 30, 338, 1, 29, 143, 9289 }, // U+00E2
    { 19, 29, 338, 1, 28, 138, 9432 }, // U+00E3
    { 19, 29, 338, 1, 28, 138, 9570 }, // U+00E4
    { 19, 32, 338, 1, 31, 152, 9708 }, // U+00E5
    { 29, 22, 505, 1, 21, 160, 9860 }, // U+00E6
    { 15, 30, 295, 2, 21, 113, 10020 }, // U+00E7
    { 17, 30, 321, 2, 29, 128, 10133 }, // U+00E8
    { 17, 30, 321, 2, 29, 128, 10261 }, // U+00E9
    { 17, 30, 321, 2, 29, 128, 10389 }, // U+00EA
    { 17, 29, 321, 2, 28, 124, 10517 }, // U+00EB
    { 12, 29, 192, 0, 29, 87, 10641 }, // U+00EC
    { 12, 29, 192, 0, 29, 87, 10728 }, // U+00ED
    { 12, 29, 192, 0, 29, 87, 10815 }, // U+00EE
    { 12, 28, 192, 0, 28, 84, 10902 }, // U+00EF
    { 18, 30, 346, 2, 29, 135, 10986 }, // U+00F0
    { 23, 28, 387, 1, 28, 161, 11121 }, // U+00F1
    { 18, 30, 346, 2, 29, 135, 11282 }, // U+00F2
    { 18, 30, 346, 2, 29, 135, 11417 }, // U+00F3
    { 18, 30, 346, 2, 29, 135, 11552 }, // U+00F4
    { 18, 29, 346, 2, 28, 131, 11687 }, // U+00F5
    { 18, 29, 346, 2, 28, 131, 11818 }, // U+00F6
    { 17, 19, 335, 2, 23, 81, 11949 }, // U+00F7
    { 18, 24, 346, 2, 22, 108, 12030 }, // U+00F8
    { 23, 30, 381, 0, 29, 173, 12138 }, // U+00F9
    { 23, 30, 381, 0, 29, 173, 12311 }, // U+00FA
    { 23, 30, 381, 0, 29, 173, 12484 }, // U+00FB
    { 23, 29, 381, 0, 28, 167, 12657 }, // U+00FC
    { 22, 38, 339, 0, 29, 209, 12824 }, // U+00FD
    { 21, 38, 368, 0, 29, 200, 13033 }, // U+00FE
    { 22, 37, 339, 0, 28, 204, 13233 }, // U+00FF
    { 27, 32, 423, 0, 32, 216, 0 }, // U+0100
    { 19, 27, 338, 1, 26, 129, 216 }, // U+0101
    { 27, 34, 423, 0, 34, 230, 345 }, // U+0102
    { 19, 29, 338, 1, 28, 138, 575 }, // U+0103
    { 27, 36, 423, 0, 27, 243, 713 }, // U+0104
    { 19, 30, 338, 1, 21, 143, 956 }, // U+0105
    { 20, 36, 368, 2, 35, 180, 1099 }, // U+0106
    { 15, 30, 295, 2, 29, 113, 1279 }, // U+0107
    { 20, 36, 368, 2, 35, 180, 1392 }, // U+0108
    { 15, 30, 295, 2, 29, 113, 1572 }, // U+0109
    { 20, 36, 368, 2, 35, 180, 1685 }, // U+010A
    { 15, 30, 295, 2, 29, 113, 1865 }, // U+010B
    { 20, 36, 368, 2, 35, 180, 1978 }, // U+010C
    { 15, 30, 295, 2, 29, 113, 2158 }, // U+010D
    { 25, 35, 436, 1, 35, 219, 2271 }, // U+010E
    { 24, 30, 368, 2, 29, 180, 2490 }, // U+010F
    { 25, 27, 436, 1, 27, 169, 2670 }, // U+0110
    { 21, 30, 368, 2, 29, 158, 2839 }, // U+0111
    { 21, 32, 374, 1, 32, 168, 2997 }, // U+0112
    { 17, 27, 321, 2, 26, 115, 3165 }, // U+0113
    { 21, 34, 374, 1, 34, 179, 3280 }, // U+0114
    { 17, 29, 321, 2, 28, 124, 3459 }, // U+0115
    { 21, 35, 374, 1, 35, 184, 3583 }, // U+0116
    { 17, 30, 321, 2, 29, 128, 3767 }, // U+0117
    { 21, 36, 374, 1, 27, 189, 3895 }, // U+0118
    { 17, 30, 321, 2, 21, 128, 4084 }, // U+0119
    { 21, 35, 374, 1, 35, 184, 4212 }, // U+011A
    { 17, 30, 321, 2, 29, 128, 4396 }, // U+011B
    { 25, 36, 428, 2, 35, 225, 4524 }, // U+011C
    { 20, 38, 323, 0, 29, 190, 4749 }, // U+011D
    { 25, 35, 428, 2, 34, 219, 4939 }, // U+011E
    { 20, 37, 323, 0, 28, 185, 5158 }, // U+011F
    { 25, 36, 428, 2, 35, 225, 5343 }, // U+0120
    { 20, 38, 323, 0, 29, 190, 5568 }, // U+0121
    { 25, 37, 428, 2, 28, 232, 5758 }, // U+0122
    { 20, 38, 323, 0, 29, 190, 5990 }, // U+0123
    { 28, 35, 476, 1, 35, 245, 6180 }, // U+0124
    { 23, 36, 381, 0, 36, 207, 6425 }, // U+0125
    { 28, 27, 476, 1, 27, 189, 6632 }, // U+0126
    { 23, 29, 381, 0, 29, 167, 6821 }, // U+0127
    { 14, 34, 220, 0, 34, 119, 6988 }, // U+0128
    { 14, 28, 192, -1, 28, 98, 7107 }, // U+0129
    { 12, 32, 220, 1, 32, 96, 7205 }, // U+012A
    { 12, 26, 192, 0, 26, 78, 7301 }, // U+012B
    { 12, 34, 220, 1, 34, 102, 7379 }, // U+012C
    { 12, 28, 192, 0, 28, 84, 7481 }, // U+012D
    { 12, 36, 220, 1, 27, 108, 7565 }, // U+012E
    { 12, 38, 192, 0, 29, 114, 7673 }, // U+012F
    { 12, 35, 220, 1, 35, 105, 7787 }, // U+0130
    { 12, 21, 192, 0, 21, 63, 7892 }, // U+0131
    { 25, 36, 418, 1, 27, 225, 7955 }, // U+0132
    { 20, 38, 372, 0, 29, 190, 8180 }, // U+0133
    { 14, 44, 214, -1, 35, 154, 8370 }, // U+0134
    { 12, 38, 180, -1, 29, 114, 8524 }, // U+0135
    { 26, 36, 420, 1, 27, 234, 8638 }, // U+0136
    { 22, 38, 351, 0, 29, 209, 8872 }, // U+0137
    { 22, 21, 351, 0, 21, 116, 9081 }, // U+0138
    { 21, 35, 374, 1, 35, 184, 9197 }, // U+0139
    { 12, 36, 186, 0, 36, 108, 9381 }, // U+013A
    { 21, 36, 374, 1, 27, 189, 9489 }, // U+013B
    { 12, 38, 186, 0, 29, 114, 9678 }, // U+013C
    { 21, 27, 374, 1, 27, 142, 9792 }, // U+013D
    { 15, 29, 186, 0, 29, 109, 9934 }, // U+013E
    { 21, 27, 374, 1, 27, 142, 10043 }, // U+013F
    { 15, 29, 222, 0, 29, 109, 10185 }, // U+0140
    { 21, 27, 374, 1, 27, 142, 10294 }, // U+0141
    { 11, 29, 194, 1, 29, 80, 10436 }, // U+0142
    { 27, 35, 458, 1, 35, 237, 10516 }, // U+0143
    { 23, 29, 387, 1, 29, 167, 10753 }, // U+0144
    { 27, 36, 458, 1, 27, 243, 10920 }, // U+0145
    { 23, 30, 387, 1, 21, 173, 11163 }, // U+0146
    { 27, 35, 458, 1, 35, 237, 11336 }, // U+0147
    { 23, 29, 387, 1, 29, 167, 11573 }, // U+0148
    { 29, 27, 468, 0, 27, 196, 11740 }, // U+0149
    { 27, 36, 458, 1, 27, 243, 11936 }, // U+014A
    { 20, 30, 381, 1, 21, 150, 12179 }, // U+014B
    { 24, 33, 445, 2, 32, 198, 12329 }, // U+014C
    { 18, 27, 346, 2, 26, 122, 12527 }, // U+014D
    { 24, 35, 445, 2, 34, 210, 12649 }, // U+014E
    { 18, 29, 346, 2, 28, 131, 12859 }, // U+014F
    { 24, 36, 445, 2, 35, 216, 12990 }, // U+0150
    { 18, 30, 346, 2, 29, 135, 13206 }, // U+0151
    { 33, 29, 575, 2, 28, 240, 13341 }, // U+0152
    { 31, 22, 543, 2, 21, 171, 13581 }, // U+0153
    { 24, 35, 394, 1, 35, 210, 13752 }, // U+0154
    { 17, 29, 283, 1, 29, 124, 13962 }, // U+0155
    { 24, 36, 394, 1, 27, 216, 14086 }, // U+0156
    { 17, 30, 283, 1, 21, 128, 14302 }, // U+0157
    { 24, 35, 394, 1, 35, 210, 14430 }, // U+0158
    { 17, 29, 283, 1, 29, 124, 14640 }, // U+0159
    { 18, 36, 326, 1, 35, 162, 14764 }, // U+015A
    { 15, 30, 271, 1, 29, 113, 14926 }, // U+015B
    { 18, 36, 326, 1, 35, 162, 15039 }, // U+015C
    { 15, 30, 271, 1, 29, 113, 15201 }, // U+015D
    { 18, 37, 326, 1, 28, 167, 15314 }, // U+015E
    { 15, 30, 271, 1, 21, 113, 15481 }, // U+015F
    { 18, 36, 326, 1, 35, 162, 15594 }, // U+0160
    { 15, 30, 271, 1, 29, 113, 15756 }, // U+0161
    { 23, 36, 368, 0, 27, 207, 15869 }, // U+0162
    { 13, 34, 211, 0, 25, 111, 16076 }, // U+0163
    { 23, 35, 368, 0, 35, 202, 16187 }, // U+0164
    { 15, 30, 211, 0, 29, 113, 16389 }, // U+0165
    { 23, 27, 368, 0, 27, 156, 16502 }, // U+0166
    { 13, 26, 211, 0, 25, 85, 16658 }, // U+0167
    { 27, 35, 430, 0, 34, 237, 16743 }, // U+0168
    { 23, 29, 381, 0, 28, 167, 16980 }, // U+0169
    { 27, 33, 430, 0, 32, 223, 17147 }, // U+016A
    { 23, 27, 381, 0, 26, 156, 17370 }, // U+016B
    { 27, 35, 430, 0, 34, 237, 17526 }, // U+016C
    { 23, 29, 381, 0, 28, 167, 17763 }, // U+016D
    { 27, 38, 430, 0, 37, 257, 17930 }, // U+016E
    { 23, 32, 381, 0, 31, 184, 18187 }, // U+016F
    { 27, 36, 430, 0, 35, 243, 18371 }, // U+0170
    { 23, 30, 381, 0, 29, 173, 18614 }, // U+0171
    { 27, 36, 435, 0, 27, 243, 18787 }, // U+0172
    { 23, 30, 381, 0, 21, 173, 19030 }, // U+0173
    { 39, 35, 628, 0, 35, 342, 19203 }, // U+0174
    { 33, 29, 517, 0, 29, 240, 19545 }, // U+0175
    { 25, 35, 375, -1, 35, 219, 19785 }, // U+0176
    { 22, 38, 339, 0, 29, 209, 20004 }, // U+0177
    { 25, 34, 375, -1, 34, 213, 20213 }, // U+0178
    { 20, 35, 355, 1, 35, 175, 20426 }, // U+0179
    { 17, 29, 307, 1, 29, 124, 20601 }, // U+017A
    { 20, 35, 355, 1, 35, 175, 20725 }, // U+017B
    { 17, 29, 307, 1, 29, 124, 20900 }, // U+017C
    { 20, 35, 355, 1, 35, 175, 21024 }, // U+017D
    { 17, 29, 307, 1, 29, 124, 21199 }, // U+017E
    { 16, 29, 213, 0, 29, 116, 21323 }, // U+017F
    { 27, 30, 467, 2, 29, 203, 0 }, // U+01A0
    { 22, 25, 364, 2, 24, 138, 203 }, // U+01A1
    { 29, 30, 467, 0, 29, 218, 341 }, // U+01AF
    { 26, 25, 406, 0, 24, 163, 559 }, // U+01B0
    { 47, 35, 791, 1, 35, 412, 722 }, // U+01C4
    { 44, 29, 743, 1, 29, 319, 1134 }, // U+01C5
    { 39, 30, 675, 2, 29, 293, 1453 }, // U+01C6
    { 35, 36, 588, 1, 27, 315, 1746 }, // U+01C7
    { 31, 38, 554, 1, 29, 295, 2061 }, // U+01C8
    { 20, 38, 366, 0, 29, 190, 2356 }, // U+01C9
    { 40, 36, 672, 1, 27, 360, 2546 }, // U+01CA
    { 36, 38, 638, 1, 29, 342, 2906 }, // U+01CB
    { 31, 38, 567, 1, 29, 295, 3248 }, // U+01CC
    { 27, 35, 423, 0, 35, 237, 3543 }, // U+01CD
    { 19, 30, 338, 1, 29, 143, 3780 }, // U+01CE
    { 12, 35, 220, 1, 35, 105, 3923 }, // U+01CF
    { 12, 29, 192, 0, 29, 87, 4028 }, // U+01D0
    { 24, 36, 445, 2, 35, 216, 4115 }, // U+01D1
    { 18, 30, 346, 2, 29, 135, 4331 }, // U+01D2
    { 27, 36, 430, 0, 35, 243, 4466 }, // U+01D3
    { 23, 30, 381, 0, 29, 173, 4709 }, // U+01D4
    { 27, 39, 430, 0, 38, 264, 4882 }, // U+01D5
    { 23, 33, 381, 0, 32, 190, 5146 }, // U+01D6
    { 27, 40, 430, 0, 39, 270, 5336 }, // U+01D7
    { 23, 34, 381, 0, 33, 196, 5606 }, // U+01D8
    { 27, 40, 430, 0, 39, 270, 5802 }, // U+01D9
    { 23, 34, 381, 0, 33, 196, 6072 }, // U+01DA
    { 27, 40, 430, 0, 39, 270, 6268 }, // U+01DB
    { 23, 34, 381, 0, 33, 196, 6538 }, // U+01DC
    { 17, 22, 321, 1, 21, 94, 6734 }, // U+01DD
    { 27, 38, 423, 0, 38, 257, 6828 }, // U+01DE
    { 19, 33, 338, 1, 32, 157, 7085 }, // U+01DF
    { 27, 37, 423, 0, 37, 250, 7242 }, // U+01E0
    { 19, 33, 338, 1, 32, 157, 7492 }, // U+01E1
    { 35, 33, 571, 0, 33, 289, 7649 }, // U+01E2
    { 29, 27, 505, 1, 26, 196, 7938 }, // U+01E3
    { 25, 29, 428, 2, 28, 182, 8134 }, // U+01E4
    { 21, 31, 323, 0, 22, 163, 8316 }, // U+01E5
    { 25, 36, 428, 2, 35, 225, 8479 }, // U+01E6
    { 20, 38, 323, 0, 29, 190, 8704 }, // U+01E7
    { 26, 35, 420, 1, 35, 228, 8894 }, // U+01E8
    { 22, 36, 351, 0, 36, 198, 9122 }, // U+01E9
    { 24, 37, 445, 2, 28, 222, 9320 }, // U+01EA
    { 18, 30, 346, 2, 21, 135, 9542 }, // U+01EB
    { 24, 41, 445, 2, 32, 246, 9677 }, // U+01EC
    { 18, 35, 346, 2, 26, 158, 9923 }, // U+01ED
    { 20, 36, 362, 1, 35, 180, 10081 }, // U+01EE
    { 18, 38, 328, 1, 29, 171, 10261 }, // U+01EF
    { 12, 38, 180, -1, 29, 114, 10432 }, // U+01F0
    { 47, 27, 791, 1, 27, 318, 10546 }, // U+01F1
    { 44, 27, 743, 1, 27, 297, 10864 }, // U+01F2
    { 39, 30, 675, 2, 29, 293, 11161 }, // U+01F3
    { 25, 37, 428, 2, 36, 232, 11454 }, // U+01F4
    { 20, 38, 323, 0, 29, 190, 11686 }, // U+01F5
    { 39, 28, 638, 1, 27, 273, 11876 }, // U+01F6
    { 25, 37, 416, 0, 28, 232, 12149 }, // U+01F7
    { 27, 36, 458, 1, 36, 243, 12381 }, // U+01F8
    { 23, 29, 387, 1, 29, 167, 12624 }, // U+01F9
    { 27, 36, 423, 0, 36, 243, 12791 }, // U+01FA
    { 19, 37, 338, 1, 36, 176, 13034 }, // U+01FB
    { 35, 35, 571, 0, 35, 307, 13210 }, // U+01FC
    { 29, 30, 505, 1, 29, 218, 13517 }, // U+01FD
    { 24, 37, 445, 2, 35, 222, 13735 }, // U+01FE
    { 18, 31, 346, 2, 29, 140, 13957 }, // U+01FF
    { 27, 35, 423, 0, 35, 237, 14097 }, // U+0200
    { 19, 30, 338, 1, 29, 143, 14334 }, // U+0201
    { 27, 34, 423, 0, 34, 230, 14477 }, // U+0202
    { 19, 29, 338, 1, 28, 138, 14707 }, // U+0203
    { 21, 35, 374, 1, 35, 184, 14845 }, // U+0204
    { 18, 30, 321, 1, 29, 135, 15029 }, // U+0205
    { 21, 34, 374, 1, 34, 179, 15164 }, // U+0206
    { 17, 29, 321, 2, 28, 124, 15343 }, // U+0207
    { 15, 35, 220, -2, 35, 132, 15467 }, // U+0208
    { 15, 29, 192, -3, 29, 109, 15599 }, // U+0209
    { 12, 34, 220, 1, 34, 102, 15708 }, // U+020A
    { 12, 28, 192, 0, 28, 84, 15810 }, // U+020B
    { 24, 36, 445, 2, 35, 216, 15894 }, // U+020C
    { 18, 30, 346, 2, 29, 135, 16110 }, // U+020D
    { 24, 35, 445, 2, 34, 210, 16245 }, // U+020E
    { 18, 29, 346, 2, 28, 131, 16455 }, // U+020F
    { 24, 35, 394, 1, 35, 210, 16586 }, // U+0210
    { 18, 29, 283, 0, 29, 131, 16796 }, // U+0211
    { 24, 34, 394, 1, 34, 204, 16927 }, // U+0212
    { 17, 28, 283, 1, 28, 119, 17131 }, // U+0213
    { 27, 36, 430, 0, 35, 243, 17250 }, // U+0214
    { 23, 30, 381, 0, 29, 173, 17493 }, // U+0215
    { 27, 35, 430, 0, 34, 237, 17666 }, // U+0216
    { 23, 29, 381, 0, 28, 167, 17903 }, // U+0217
    { 18, 37, 326, 1, 28, 167, 18070 }, // U+0218
    { 15, 30, 271, 1, 21, 113, 18237 }, // U+0219
    { 23, 36, 368, 0, 27, 207, 18350 }, // U+021A
    { 13, 34, 211, 0, 25, 111, 18557 }, // U+021B
    { 19, 34, 363, 2, 28, 162, 18668 }, // U+021C
    { 16, 30, 296, 1, 21, 120, 18830 }, // U+021D
    { 28, 36, 476, 1, 36, 252, 18950 }, // U+021E
    { 23, 36, 381, 0, 36, 207, 19202 }, // U+021F
    { 9, 7, 0, -17, 29, 16, 0 }, // U+0300
    { 8, 7, 0, -12, 29, 14, 16 }, // U+0301
    { 12, 7, 0, -17, 29, 21, 30 }, // U+0302
    { 14, 6, 0, -19, 28, 21, 51 }, // U+0303
    { 12, 3, 0, -6, 26, 9, 72 }, // U+0304
    { 16, 3, 0, -8, 31, 12, 81 }, // U+0305
    { 12, 6, 0, -6, 28, 18, 93 }, // U+0306
    { 6, 6, 0, -3, 29, 9, 111 }, // U+0307
    { 12, 5, 0, -6, 28, 15, 120 }, // U+0308
    { 10, 9, 0, -16, 31, 23, 135 }, // U+0309
    { 10, 9, 0, -5, 31, 23, 158 }, // U+030A
    { 15, 7, 0, -6, 29, 27, 181 }, // U+030B
    { 12, 7, 0, -17, 29, 21, 208 }, // U+030C
    { 4, 7, 0, -2, 29, 7, 229 }, // U+030D
    { 8, 7, 0, -4, 29, 14, 236 }, // U+030E
    { 15, 7, 0, -20, 29, 27, 250 }, // U+030F
    { 12, 10, 0, -6, 32, 30, 277 }, // U+0310
    { 12, 6, 0, -6, 28, 18, 307 }, // U+0311
    { 8, 11, 0, -4, 27, 22, 325 }, // U+0312
    { 8, 11, 0, -4, 27, 22, 347 }, // U+0313
    { 8, 11, 0, -4, 27, 22, 369 }, // U+0314
    { 8, 11, 0, -4, 27, 22, 391 }, // U+0315
    { 8, 7, 0, -4, -2, 14, 413 }, // U+0316
    { 8, 7, 0, -4, -2, 14, 427 }, // U+0317
    { 6, 7, 0, -3, -1, 11, 441 }, // U+0318
    { 6, 7, 0, -3, -1, 11, 452 }, // U+0319
    { 10, 10, 208, 0, 29, 25, 463 }, // U+031A
    { 7, 9, 0, -4, 29, 16, 488 }, // U+031B
    { 6, 9, 0, -3, 0, 14, 504 }, // U+031C
    { 8, 7, 0, -4, -1, 14, 518 }, // U+031D
    { 8, 7, 0, -4, -1, 14, 532 }, // U+031E
    { 8, 8, 0, -4, -1, 16, 546 }, // U+031F
    { 8, 3, 0, -4, -3, 6, 562 }, // U+0320
    { 7, 10, 0, -7, 2, 18, 568 }, // U+0321
    { 7, 10, 0, 0, 2, 18, 586 }, // U+0322
    { 5, 5, 0, -14, -2, 7, 604 }, // U+0323
    { 12, 5, 0, -6, -2, 15, 611 }, // U+0324
    { 10, 8, 0, -5, -1, 20, 626 }, // U+0325
    { 6, 7, 0, -3, -2, 11, 646 }, // U+0326
    { 8, 10, 0, -4, 1, 20, 657 }, // U+0327
    { 10, 9, 0, -5, 0, 23, 677 }, // U+0328
    { 4, 7, 0, -2, -1, 7, 700 }, // U+0329
    { 14, 7, 0, -7, -2, 25, 707 }, // U+032A
    { 12, 5, 0, -6, -2, 15, 732 }, // U+032B
    { 12, 7, 0, -6, -2, 21, 747 }, // U+032C
    { 12, 7, 0, -6, -2, 21, 768 }, // U+032D
    { 12, 6, 0, -6, -2, 18, 789 }, // U+032E
    { 12, 6, 0, -6, -2, 18, 807 }, // U+032F
    { 14, 5, 0, -7, -2, 18, 825 }, // U+0330
    { 12, 4, 0, -6, -2, 12, 843 }, // U+0331
    { 16, 4, 0, -8, -2, 16, 855 }, // U+0332
    { 16, 8, 0, -8, -1, 32, 871 }, // U+0333
    { 14, 6, 0, -7, 14, 21, 903 }, // U+0334
    { 14, 3, 0, -7, 12, 11, 924 }, // U+0335
    { 24, 3, 0, -12, 12, 18, 935 }, // U+0336
    { 14, 9, 0, -7, 15, 32, 953 }, // U+0337
    { 15, 32, 0, -8, 29, 120, 985 }, // U+0338
    { 6, 9, 0, -3, 0, 14, 1105 }, // U+0339
    { 14, 7, 0, -7, -2, 25, 1119 }, // U+033A
    { 14, 8, 0, -7, -1, 28, 1144 }, // U+033B
    { 12, 5, 0, -6, -2, 15, 1172 }, // U+033C
    { 8, 8, 0, -4, 29, 16, 1187 }, // U+033D
    { 6, 12, 0, -3, 33, 18, 1203 }, // U+033E
    { 16, 8, 0, -8, 36, 32, 1221 }, // U+033F
    { 8, 7, 0, -5, 29, 14, 1253 }, // U+0340
    { 8, 7, 0, -3, 29, 14, 1267 }, // U+0341
    { 14, 6, 0, -7, 28, 21, 1281 }, // U+0342
    { 5, 8, 0, -3, 30, 10, 1302 }, // U+0343
    { 16, 9, 0, -7, 30, 36, 1312 }, // U+0344
    { 7, 7, 0, 2, -2, 13, 1348 }, // U+0345
    { 14, 7, 0, -7, 29, 25, 1361 }, // U+0346
    { 16, 8, 0, -8, -1, 32, 1386 }, // U+0347
    { 8, 7, 0, -4, -1, 14, 1418 }, // U+0348
    { 6, 7, 0, -3, -2, 11, 1432 }, // U+0349
    { 14, 8, 0, -7, 29, 28, 1443 }, // U+034A
    { 14, 14, 0, -7, 35, 49, 1471 }, // U+034B
    { 14, 12, 0, -7, 33, 42, 1520 }, // U+034C
    { 12, 8, 0, -6, -1, 24, 1562 }, // U+034D
    { 8, 9, 0, -4, 0, 18, 1586 }, // U+034E
    { 28, 27, 0, -14, 27, 189, 1604 }, // U+034F
    { 8, 9, 0, -4, 30, 18, 1793 }, // U+0350
    { 6, 9, 0, -3, 31, 14, 1811 }, // U+0351
    { 12, 10, 0, -6, 32, 30, 1825 }, // U+0352
    { 8, 8, 0, -4, -1, 16, 1855 }, // U+0353
    { 8, 9, 0, -4, 0, 18, 1871 }, // U+0354
    { 8, 9, 0, -4, 0, 18, 1889 }, // U+0355
    { 16, 8, 0, -8, -1, 32, 1907 }, // U+0356
    { 6, 9, 0, -3, 31, 14, 1939 }, // U+0357
    { 5, 6, 0, 4, 29, 8, 1953 }, // U+0358
    { 10, 8, 0, -5, -1, 20, 1961 }, // U+0359
    { 14, 8, 0, -7, -1, 28, 1981 }, // U+035A
    { 8, 8, 0, -4, 30, 16, 2009 }, // U+035B
    { 30, 8, 0, -15, 0, 60, 2025 }, // U+035C
    { 30, 8, 0, -15, 30, 60, 2085 }, // U+035D
    { 24, 3, 0, -12, 25, 18, 2145 }, // U+035E
    { 24, 3, 0, -12, -3, 18, 2163 }, // U+035F
    { 30, 6, 0, -15, 29, 45, 2181 }, // U+0360
    { 30, 7, 0, -15, 31, 53, 2226 }, // U+0361
    { 24, 8, 0, -12, -1, 48, 2279 }, // U+0362
    { 9, 9, 0, -4, 32, 21, 2327 }, // U+0363
    { 9, 9, 0, -4, 32, 21, 2348 }, // U+0364
    { 5, 12, 0, -2, 35, 15, 2369 }, // U+0365
    { 9, 9, 0, -4, 32, 21, 2384 }, // U+0366
    { 11, 9, 0, -5, 32, 25, 2405 }, // U+0367
    { 7, 9, 0, -3, 32, 16, 2430 }, // U+0368
    { 10, 12, 0, -4, 35, 30, 2446 }, // U+0369
    { 11, 12, 0, -5, 35, 33, 2476 }, // U+036A
    { 16, 9, 0, -8, 32, 36, 2509 }, // U+036B
    { 9, 9, 0, -4, 32, 21, 2545 }, // U+036C
    { 6, 11, 0, -3, 34, 17, 2566 }, // U+036D
    { 11, 9, 0, -5, 32, 25, 2583 }, // U+036E
    { 11, 9, 0, -5, 32, 25, 2608 }, // U+036F
    { 27, 34, 423, 0, 27, 230, 0 }, // U+1EA0
    { 19, 28, 338, 1, 21, 133, 230 }, // U+1EA1
    { 27, 37, 423, 0, 37, 250, 363 }, // U+1EA2
    { 19, 32, 338, 1, 31, 152, 613 }, // U+1EA3
    { 27, 37, 423, 0, 37, 250, 765 }, // U+1EA4
    { 20, 32, 338, 1, 31, 160, 1015 }, // U+1EA5
    { 27, 37, 423, 0, 37, 250, 1175 }, // U+1EA6
    { 20, 32, 338, 0, 31, 160, 1425 }, // U+1EA7
    { 27, 39, 423, 0, 39, 264, 1585 }, // U+1EA8
    { 19, 34, 338, 1, 33, 162, 1849 }, // U+1EA9
    { 27, 40, 423, 0, 40, 270, 2011 }, // U+1EAA
    { 19, 35, 338, 1, 34, 167, 2281 }, // U+1EAB
    { 27, 42, 423, 0, 35, 284, 2448 }, // U+1EAC
    { 19, 36, 338, 1, 29, 171, 2732 }, // U+1EAD
    { 27, 38, 423, 0, 38, 257, 2903 }, // U+1EAE
    { 19, 33, 338, 1, 32, 157, 3160 }, // U+1EAF
    { 27, 38, 423, 0, 38, 257, 3317 }, // U+1EB0
    { 19, 33, 338, 1, 32, 157, 3574 }, // U+1EB1
    { 27, 40, 423, 0, 40, 270, 3731 }, // U+1EB2
    { 19, 34, 338, 1, 33, 162, 4001 }, // U+1EB3
    { 27, 40, 423, 0, 40, 270, 4163 }, // U+1EB4
    { 19, 35, 338, 1, 34, 167, 4433 }, // U+1EB5
    { 27, 41, 423, 0, 34, 277, 4600 }, // U+1EB6
    { 19, 35, 338, 1, 28, 167, 4877 }, // U+1EB7
    { 21, 34, 374, 1, 27, 179, 5044 }, // U+1EB8
    { 17, 28, 321, 2, 21, 119, 5223 }, // U+1EB9
    { 21, 37, 374, 1, 37, 195, 5342 }, // U+1EBA
    { 17, 32, 321, 2, 31, 136, 5537 }, // U+1EBB
    { 21, 34, 374, 1, 34, 179, 5673 }, // U+1EBC
    { 17, 29, 321, 2, 28, 124, 5852 }, // U+1EBD
    { 21, 37, 374, 1, 37, 195, 5976 }, // U+1EBE
    { 19, 32, 321, 2, 31, 152, 6171 }, // U+1EBF
    { 21, 37, 374, 1, 37, 195, 6323 }, // U+1EC0
    { 19, 32, 321, 0, 31, 152, 6518 }, // U+1EC1
    { 21, 39, 374, 1, 39, 205, 6670 }, // U+1EC2
    { 17, 34, 321, 2, 33, 145, 6875 }, // U+1EC3
    { 21, 40, 374, 1, 40, 210, 7020 }, // U+1EC4
    { 17, 35, 321, 2, 34, 149, 7230 }, // U+1EC5
    { 21, 42, 374, 1, 35, 221, 7379 }, // U+1EC6
    { 17, 36, 321, 2, 29, 153, 7600 }, // U+1EC7
    { 12, 37, 220, 1, 37, 111, 7753 }, // U+1EC8
    { 12, 31, 192, 0, 31, 93, 7864 }, // U+1EC9
    { 12, 34, 220, 1, 27, 102, 7957 }, // U+1ECA
    { 12, 36, 192, 0, 29, 108, 8059 }, // U+1ECB
    { 24, 35, 445, 2, 28, 210, 8167 }, // U+1ECC
    { 18, 28, 346, 2, 21, 126, 8377 }, // U+1ECD
    { 24, 38, 445, 2, 37, 228, 8503 }, // U+1ECE
    { 18, 32, 346, 2, 31, 144, 8731 }, // U+1ECF
    { 24, 38, 445, 2, 37, 228, 8875 }, // U+1ED0
    { 19, 32, 346, 2, 31, 152, 9103 }, // U+1ED1
    { 24, 38, 445, 2, 37, 228, 9255 }, // U+1ED2
    { 20, 32, 346, 0, 31, 160, 9483 }, // U+1ED3
    { 24, 40, 445, 2, 39, 240, 9643 }, // U+1ED4
    { 18, 34, 346, 2, 33, 153, 9883 }, // U+1ED5
    { 24, 41, 445, 2, 40, 246, 10036 }, // U+1ED6
    { 18, 35, 346, 2, 34, 158, 10282 }, // U+1ED7
    { 24, 42, 445, 2, 35, 252, 10440 }, // U+1ED8
    { 18, 36, 346, 2, 29, 162, 10692 }, // U+1ED9
    { 27, 36, 467, 2, 35, 243, 10854 }, // U+1EDA
    { 22, 30, 364, 2, 29, 165, 11097 }, // U+1EDB
    { 27, 36, 467, 2, 35, 243, 11262 }, // U+1EDC
    { 22, 30, 364, 2, 29, 165, 11505 }, // U+1EDD
    { 27, 38, 467, 2, 37, 257, 11670 }, // U+1EDE
    { 22, 32, 364, 2, 31, 176, 11927 }, // U+1EDF
    { 27, 35, 467, 2, 34, 237, 12103 }, // U+1EE0
    { 22, 29, 364, 2, 28, 160, 12340 }, // U+1EE1
    { 27, 36, 467, 2, 29, 243, 12500 }, // U+1EE2
    { 22, 31, 364, 2, 24, 171, 12743 }, // U+1EE3
    { 27, 34, 430, 0, 27, 230, 12914 }, // U+1EE4
    { 23, 28, 381, 0, 21, 161, 13144 }, // U+1EE5
    { 27, 38, 430, 0, 37, 257, 13305 }, // U+1EE6
    { 23, 32, 381, 0, 31, 184, 13562 }, // U+1EE7
    { 29, 36, 467, 0, 35, 261, 13746 }, // U+1EE8
    { 26, 30, 406, 0, 29, 195, 14007 }, // U+1EE9
    { 29, 36, 467, 0, 35, 261, 14202 }, // U+1EEA
    { 26, 30, 406, 0, 29, 195, 14463 }, // U+1EEB
    { 29, 38, 467, 0, 37, 276, 14658 }, // U+1EEC
    { 26, 32, 406, 0, 31, 208, 14934 }, // U+1EED
    { 29, 35, 467, 0, 34, 254, 15142 }, // U+1EEE
    { 26, 29, 406, 0, 28, 189, 15396 }, // U+1EEF
    { 29, 36, 467, 0, 29, 261, 15585 }, // U+1EF0
    { 26, 31, 406, 0, 24, 202, 15846 }, // U+1EF1
    { 25, 35, 375, -1, 35, 219, 16048 }, // U+1EF2
    { 22, 38, 339, 0, 29, 209, 16267 }, // U+1EF3
    { 25, 34, 375, -1, 27, 213, 16476 }, // U+1EF4
    { 22, 30, 339, 0, 21, 165, 16689 }, // U+1EF5
    { 25, 37, 375, -1, 37, 232, 16854 }, // U+1EF6
    { 22, 40, 339, 0, 31, 220, 17086 }, // U+1EF7
    { 25, 34, 375, -1, 34, 213, 17306 }, // U+1EF8
    { 22, 37, 339, 0, 28, 204, 17519 }, // U+1EF9
    { 0, 0, 300, 0, 0, 0, 0 }, // U+2000
    { 0, 0, 600, 0, 0, 0, 0 }, // U+2001
    { 0, 0, 300, 0, 0, 0, 0 }, // U+2002
    { 0, 0, 600, 0, 0, 0, 0 }, // U+2003
    { 0, 0, 200, 0, 0, 0, 0 }, // U+2004
    { 0, 0, 150, 0, 0, 0, 0 }, // U+2005
    { 0, 0, 100, 0, 0, 0, 0 }, // U+2006
    { 0, 0, 335, 0, 0, 0, 0 }, // U+2007
    { 0, 0, 150, 0, 0, 0, 0 }, // U+2008
    { 0, 0, 100, 0, 0, 0, 0 }, // U+2009
    { 0, 0, 60, 0, 0, 0, 0 }, // U+200A
    { 0, 0, 0, 0, 0, 0, 0 }, // U+200B
    { 2, 29, 0, -1, 24, 15, 0 }, // U+200C
    { 10, 31, 0, -5, 26, 78, 15 }, // U+200D
    { 9, 31, 0, -1, 26, 70, 93 }, // U+200E
    { 9, 31, 0, -8, 26, 70, 163 }, // U+200F
    { 11, 4, 186, 0, 12, 11, 233 }, // U+2010
    { 11, 4, 186, 0, 12, 11, 244 }, // U+2011
    { 19, 3, 335, 1, 15, 15, 255 }, // U+2012
    { 20, 4, 300, -1, 12, 20, 270 }, // U+2013
    { 39, 4, 600, -1, 12, 39, 290 }, // U+2014
    { 39, 4, 600, -1, 12, 39, 329 }, // U+2015
    { 9, 38, 335, 6, 29, 86, 368 }, // U+2016
    { 17, 8, 247, -1, 0, 34, 454 }, // U+2017
    { 7, 11, 150, 2, 27, 20, 488 }, // U+2018
    { 7, 11, 150, 1, 27, 20, 508 }, // U+2019
    { 7, 11, 150, 1, 5, 20, 528 }, // U+201A
    { 7, 11, 150, 2, 27, 20, 548 }, // U+201B
    { 14, 11, 270, 2, 27, 39, 568 }, // U+201C
    { 14, 11, 270, 1, 27, 39, 607 }, // U+201D
    { 14, 11, 270, 1, 5, 39, 646 }, // U+201E
    { 14, 11, 270, 2, 27, 39, 685 }, // U+201F
    { 15, 34, 269, 1, 29, 128, 724 }, // U+2020
    { 15, 34, 269, 1, 29, 128, 852 }, // U+2021
    { 11, 12, 217, 1, 19, 33, 980 }, // U+2022
    { 13, 13, 300, 3, 20, 43, 1013 }, // U+2023
    { 6, 6, 150, 2, 16, 9, 1056 }, // U+2024
    { 16, 6, 322, 2, 16, 24, 1065 }, // U+2025
    { 27, 6, 515, 3, 5, 41, 1089 }, // U+2026
    { 6, 6, 150, 2, 14, 9, 1130 }, // U+2027
    { 0, 0, 360, 0, 0, 0, 1139 }, // U+2028
    { 0, 0, 360, 0, 0, 0, 1139 }, // U+2029
    { 9, 28, 0, -1, 23, 63, 1139 }, // U+202A
    { 9, 28, 0, -8, 23, 63, 1202 }, // U+202B
    { 10, 31, 0, -5, 26, 78, 1265 }, // U+202C
    { 10, 31, 0, -5, 26, 78, 1343 }, // U+202D
    { 10, 31, 0, -5, 26, 78, 1421 }, // U+202E
    { 0, 0, 100, 0, 0, 0, 1499 }, // U+202F
    { 46, 29, 775, 1, 28, 334, 1499 }, // U+2030
    { 61, 29, 1012, 1, 28, 443, 1833 }, // U+2031
    { 7, 10, 113, 0, 27, 18, 2276 }, // U+2032
    { 14, 10, 226, 0, 27, 35, 2294 }, // U+2033
    { 21, 10, 338, 0, 27, 53, 2329 }, // U+2034
    { 7, 10, 113, 0, 27, 18, 2382 }, // U+2035
    { 14, 10, 226, 0, 27, 35, 2400 }, // U+2036
    { 21, 10, 338, 0, 27, 53, 2435 }, // U+2037
    { 13, 11, 240, 1, 2, 36, 2488 }, // U+2038
    { 9, 15, 200, 2, 18, 34, 2524 }, // U+2039
    { 9, 15, 200, 2, 18, 34, 2558 }, // U+203A
    { 27, 27, 491, 2, 27, 183, 2592 }, // U+203B
    { 15, 28, 335, 3, 27, 105, 2775 }, // U+203C
    { 18, 29, 324, 1, 28, 131, 2880 }, // U+203D
    { 19, 3, 275, -1, 31, 15, 3011 }, // U+203E
    { 30, 8, 0, -15, 0, 60, 3026 }, // U+203F
    { 30, 7, 0, -15, 31, 53, 3086 }, // U+2040
    { 17, 27, 270, 0, 27, 115, 3139 }, // U+2041
    { 34, 29, 600, 2, 29, 247, 3254 }, // U+2042
    { 11, 7, 217, 1, 17, 20, 3501 }, // U+2043
    { 17, 27, 37, -7, 27, 115, 3521 }, // U+2044
    { 10, 34, 216, 3, 29, 85, 3636 }, // U+2045
    { 9, 34, 216, 1, 29, 77, 3721 }, // U+2046
    { 34, 29, 573, 1, 28, 247, 3798 }, // U+2047
    { 24, 29, 461, 1, 28, 174, 4045 }, // U+2048
    { 25, 29, 455, 3, 28, 182, 4219 }, // U+2049
    { 18, 29, 335, 1, 22, 131, 4401 }, // U+204A
    { 21, 34, 370, 1, 29, 179, 4532 }, // U+204B
    { 20, 14, 358, 1, 21, 70, 4711 }, // U+204C
    { 20, 14, 358, 1, 21, 70, 4781 }, // U+204D
    { 16, 15, 300, 1, 21, 60, 4851 }, // U+204E
    { 7, 27, 172, 2, 21, 48, 4911 }, // U+204F
    { 25, 29, 438, 1, 28, 182, 4959 }, // U+2050
    { 16, 31, 300, 1, 29, 124, 5141 }, // U+2051
    { 12, 28, 197, 0, 27, 84, 5265 }, // U+2052
    { 17, 7, 335, 2, 17, 30, 5349 }, // U+2053
    { 30, 8, 0, -15, 0, 60, 5379 }, // U+2054
    { 18, 17, 324, 1, 22, 77, 5439 }, // U+2055
    { 18, 22, 368, 3, 21, 99, 5516 }, // U+2056
    { 26, 10, 415, 0, 27, 65, 5615 }, // U+2057
    { 21, 22, 425, 3, 21, 116, 5680 }, // U+2058
    { 21, 22, 425, 3, 21, 116, 5796 }, // U+2059
    { 5, 29, 172, 3, 28, 37, 5912 }, // U+205A
    { 21, 29, 425, 3, 28, 153, 5949 }, // U+205B
    { 21, 21, 418, 3, 21, 111, 6102 }, // U+205C
    { 5, 29, 172, 3, 28, 37, 6213 }, // U+205D
    { 5, 29, 172, 3, 28, 37, 6250 }, // U+205E
    { 0, 0, 133, 0, 0, 0, 6287 }, // U+205F
    { 0, 0, 360, 0, 0, 0, 6287 }, // U+2060
    { 0, 0, 360, 0, 0, 0, 6287 }, // U+2061
    { 0, 0, 360, 0, 0, 0, 6287 }, // U+2062
    { 0, 0, 360, 0, 0, 0, 6287 }, // U+2063
    { 0, 0, 360, 0, 0, 0, 6287 }, // U+2064
    { 0, 0, 0, 0, 0, 0, 6287 }, // U+2066
    { 0, 0, 0, 0, 0, 0, 6287 }, // U+2067
    { 0, 0, 0, 0, 0, 0, 6287 }, // U+2068
    { 0, 0, 0, 0, 0, 0, 6287 }, // U+2069
    { 10, 31, 0, -5, 26, 78, 6287 }, // U+206A
    { 10, 31, 0, -5, 26, 78, 6365 }, // U+206B
    { 10, 31, 0, -5, 26, 78, 6443 }, // U+206C
    { 10, 31, 0, -5, 26, 78, 6521 }, // U+206D
    { 10, 31, 0, -5, 26, 78, 6599 }, // U+206E
    { 10, 31, 0, -5, 26, 78, 6677 }, // U+206F
    { 13, 17, 240, 1, 31, 56, 0 }, // U+2070
    { 8, 18, 125, 0, 28, 36, 56 }, // U+2071
    { 15, 17, 240, 0, 31, 64, 92 }, // U+2074
    { 13, 17, 240, 1, 31, 56, 156 }, // U+2075
    { 13, 17, 240, 1, 31, 56, 212 }, // U+2076
    { 13, 17, 240, 1, 31, 56, 268 }, // U+2077
    { 13, 17, 240, 1, 31, 56, 324 }, // U+2078
    { 13, 17, 240, 1, 31, 56, 380 }, // U+2079
    { 13, 13, 236, 1, 28, 43, 436 }, // U+207A
    { 13, 3, 236, 1, 23, 10, 479 }, // U+207B
    { 13, 8, 236, 1, 26, 26, 489 }, // U+207C
    { 8, 23, 150, 2, 34, 46, 515 }, // U+207D
    { 8, 23, 150, -1, 34, 46, 561 }, // U+207E
    { 16, 14, 251, 0, 24, 56, 607 }, // U+207F
    { 13, 17, 240, 1, 13, 56, 663 }, // U+2080
    { 12, 17, 240, 1, 13, 51, 719 }, // U+2081
    { 13, 17, 240, 1, 13, 56, 770 }, // U+2082
    { 13, 17, 240, 1, 13, 56, 826 }, // U+2083
    { 15, 17, 240, 0, 13, 64, 882 }, // U+2084
    { 13, 17, 240, 1, 13, 56, 946 }, // U+2085
    { 13, 17, 240, 1, 13, 56, 1002 }, // U+2086
    { 13, 17, 240, 1, 13, 56, 1058 }, // U+2087
    { 13, 17, 240, 1, 13, 56, 1114 }, // U+2088
    { 13, 17, 240, 1, 13, 56, 1170 }, // U+2089
    { 13, 13, 236, 1, 10, 43, 1226 }, // U+208A
    { 13, 3, 236, 1, 5, 10, 1269 }, // U+208B
    { 13, 8, 236, 1, 8, 26, 1279 }, // U+208C
    { 8, 23, 150, 2, 16, 46, 1305 }, // U+208D
    { 8, 23, 150, -1, 16, 46, 1351 }, // U+208E
    { 12, 13, 220, 1, 9, 39, 1397 }, // U+2090
    { 11, 13, 209, 1, 9, 36, 1436 }, // U+2091
    { 12, 13, 225, 1, 9, 39, 1472 }, // U+2092
    { 14, 13, 226, 0, 9, 46, 1511 }, // U+2093
    { 11, 13, 209, 1, 9, 36, 1557 }, // U+2094
    { 15, 18, 248, 0, 14, 68, 1593 }, // U+2095
    { 15, 18, 228, 0, 14, 68, 1661 }, // U+2096
    { 8, 18, 121, 0, 14, 36, 1729 }, // U+2097
    { 23, 13, 368, 0, 9, 75, 1765 }, // U+2098
    { 16, 13, 251, 0, 9, 52, 1840 }, // U+2099
    { 14, 18, 239, 0, 9, 63, 1892 }, // U+209A
    { 9, 13, 176, 1, 9, 30, 1955 }, // U+209B
    { 9, 16, 137, 0, 12, 36, 1985 }, // U+209C
    { 23, 28, 397, 1, 28, 161, 0 }, // U+20A0
    { 20, 32, 368, 2, 29, 160, 161 }, // U+20A1
    { 20, 29, 368, 2, 28, 145, 321 }, // U+20A2
    { 19, 27, 335, 1, 27, 129, 466 }, // U+20A3
    { 19, 29, 335, 1, 28, 138, 595 }, // U+20A4
    { 34, 30, 567, 1, 25, 255, 733 }, // U+20A5
    { 25, 27, 398, 0, 27, 169, 988 }, // U+20A6
    { 29, 28, 491, 1, 27, 203, 1157 }, // U+20A7
    { 36, 28, 613, 1, 27, 252, 1360 }, // U+20A8
    { 41, 27, 628, -1, 27, 277, 1612 }, // U+20A9
    { 26, 23, 535, 4, 23, 150, 1889 }, // U+20AA
    { 21, 35, 368, 2, 29, 184, 2039 }, // U+20AB
    { 19, 29, 335, 1, 28, 138, 2223 }, // U+20AC
    { 27, 27, 420, 0, 27, 183, 2361 }, // U+20AD
    { 23, 27, 335, 0, 27, 156, 2544 }, // U+20AE
    { 38, 39, 600, 0, 31, 371, 2700 }, // U+20AF
    { 20, 37, 335, -1, 28, 185, 3071 }, // U+20B0
    { 23, 27, 362, 0, 27, 156, 3256 }, // U+20B1
    { 25, 33, 428, 2, 30, 207, 3412 }, // U+20B2
    { 27, 27, 423, 0, 27, 183, 3619 }, // U+20B3
    { 21, 29, 326, 0, 28, 153, 3802 }, // U+20B4
    { 20, 33, 368, 2, 30, 165, 3955 }, // U+20B5
    { 21, 28, 356, 1, 27, 147, 4120 }, // U+20B6
    { 19, 32, 335, 0, 28, 152, 4267 }, // U+20B7
    { 19, 27, 335, 1, 27, 129, 4419 }, // U+20B8
    { 18, 27, 335, 2, 27, 122, 4548 }, // U+20B9
    { 21, 27, 335, 0, 27, 142, 4670 }, // U+20BA
    { 23, 29, 392, 0, 28, 167, 4812 }, // U+20BB
    { 23, 26, 472, 3, 26, 150, 4979 }, // U+20BC
    { 20, 27, 354, 1, 27, 135, 5129 }, // U+20BD
    { 23, 29, 403, 1, 29, 167, 5264 }, // U+20BE
    { 19, 33, 335, 1, 30, 157, 5431 }, // U+20BF
    { 17, 27, 295, 1, 21, 115, 5588 }, // U+20C0
    { 27, 12, 476, 1, 19, 81, 0 }, // U+2190
    { 12, 26, 262, 2, 26, 78, 81 }, // U+2191
    { 27, 12, 476, 1, 19, 81, 159 }, // U+2192
    { 12, 26, 262, 2, 26, 78, 240 }, // U+2193
    { 31, 12, 530, 1, 19, 93, 318 }, // U+2194
    { 12, 30, 262, 2, 27, 90, 411 }, // U+2195
    { 21, 21, 371, 1, 23, 111, 501 }, // U+2196
    { 21, 21, 371, 1, 23, 111, 612 }, // U+2197
    { 21, 21, 371, 1, 23, 111, 723 }, // U+2198
    { 21, 21, 371, 1, 23, 111, 834 }, // U+2199
    { 19, 28, 349, 1, 28, 133, 0 }, // U+2202
    { 29, 29, 503, 1, 28, 211, 133 }, // U+2205
    { 22, 27, 349, 0, 27, 149, 344 }, // U+2206
    { 22, 36, 389, 1, 27, 198, 493 }, // U+220F
    { 22, 36, 389, 1, 27, 198, 691 }, // U+2210
    { 23, 36, 406, 1, 27, 207, 889 }, // U+2211
    { 23, 32, 363, 1, 32, 184, 1096 }, // U+221A
    { 25, 15, 443, 1, 21, 94, 1280 }, // U+221E
    { 19, 12, 343, 1, 19, 57, 1374 }, // U+2248
    { 19, 22, 343, 1, 24, 105, 1431 }, // U+2260
    { 19, 16, 343, 1, 21, 76, 1536 }, // U+2261
    { 19, 24, 343, 1, 25, 114, 1612 }, // U+2262
    { 19, 22, 343, 1, 24, 105, 1726 }, // U+2263
    { 19, 23, 343, 1, 25, 110, 1831 }, // U+2264
    { 19, 23, 343, 1, 25, 110, 1941 }, // U+2265
    { 29, 29, 500, 1, 28, 211, 0 }, // U+25A0
    { 29, 29, 500, 1, 28, 211, 211 }, // U+25A1
    { 29, 29, 505, 1, 28, 211, 422 }, // U+25A2
    { 29, 29, 500, 1, 28, 211, 633 }, // U+25A3
    { 28, 27, 500, 2, 27, 189, 844 }, // U+25A4
    { 28, 27, 500, 2, 27, 189, 1033 }, // U+25A5
    { 28, 27, 500, 2, 27, 189, 1222 }, // U+25A6
    { 28, 27, 500, 2, 27, 189, 1411 }, // U+25A7
    { 28, 27, 500, 2, 27, 189, 1600 }, // U+25A8
    { 28, 27, 500, 2, 27, 189, 1789 }, // U+25A9
    { 11, 11, 210, 1, 19, 31, 1978 }, // U+25AA
    { 11, 11, 211, 1, 19, 31, 2009 }, // U+25AB
    { 38, 12, 600, 0, 14, 114, 2040 }, // U+25AC
    { 38, 12, 600, 0, 14, 114, 2154 }, // U+25AD
    { 12, 38, 600, 13, 27, 114, 2268 }, // U+25AE
    { 13, 38, 242, 1, 27, 124, 2382 }, // U+25AF
    { 38, 12, 600, 0, 14, 114, 2506 }, // U+25B0
    { 38, 12, 600, 0, 14, 114, 2620 }, // U+25B1
    { 32, 27, 544, 1, 27, 216, 2734 }, // U+25B2
    { 32, 27, 544, 1, 27, 216, 2950 }, // U+25B3
    { 12, 12, 222, 1, 18, 36, 3166 }, // U+25B4
    { 12, 12, 222, 1, 18, 36, 3202 }, // U+25B5
    { 28, 32, 479, 1, 29, 224, 3238 }, // U+25B6
    { 28, 32, 479, 1, 29, 224, 3462 }, // U+25B7
    { 12, 12, 222, 1, 18, 36, 3686 }, // U+25B8
    { 12, 12, 222, 1, 18, 36, 3722 }, // U+25B9
    { 25, 14, 440, 1, 19, 88, 3758 }, // U+25BA
    { 25, 14, 440, 1, 19, 88, 3846 }, // U+25BB
    { 32, 27, 544, 1, 27, 216, 3934 }, // U+25BC
    { 32, 27, 544, 1, 26, 216, 4150 }, // U+25BD
    { 12, 12, 222, 1, 18, 36, 4366 }, // U+25BE
    { 12, 12, 222, 1, 18, 36, 4402 }, // U+25BF
    { 28, 32, 479, 1, 29, 224, 4438 }, // U+25C0
    { 28, 32, 479, 1, 29, 224, 4662 }, // U+25C1
    { 12, 12, 222, 1, 18, 36, 4886 }, // U+25C2
    { 12, 12, 222, 1, 18, 36, 4922 }, // U+25C3
    { 25, 14, 440, 1, 19, 88, 4958 }, // U+25C4
    { 25, 14, 440, 1, 19, 88, 5046 }, // U+25C5
    { 39, 39, 665, 1, 33, 381, 5134 }, // U+25C6
    { 39, 39, 665, 1, 33, 381, 5515 }, // U+25C7
    { 39, 39, 665, 1, 33, 381, 5896 }, // U+25C8
    { 30, 30, 536, 2, 29, 225, 6277 }, // U+25C9
    { 19, 27, 348, 1, 27, 129, 6502 }, // U+25CA
    { 30, 30, 536, 2, 29, 225, 6631 }, // U+25CB
    { 20, 20, 356, 1, 21, 100, 6856 }, // U+25CC
    { 30, 30, 536, 2, 29, 225, 6956 }, // U+25CD
    { 30, 30, 536, 2, 29, 225, 7181 }, // U+25CE
    { 30, 30, 536, 2, 29, 225, 7406 }, // U+25CF
    { 34, 32, 576, 1, 31, 272, 7631 }, // U+2605
    { 36, 34, 620, 1, 32, 306, 7903 }, // U+2606
    { 29, 30, 497, 1, 28, 218, 8209 }, // U+2713
    { 32, 29, 558, 1, 26, 232, 8427 }, // U+2714
    { 30, 29, 518, 1, 26, 218, 8659 }, // U+2715
    { 29, 29, 508, 1, 24, 211, 8877 }, // U+2716
    { 22, 28, 398, 1, 23, 154, 9088 }, // U+2717
    { 26, 31, 460, 1, 25, 202, 9242 }, // U+2718
    { 29, 29, 425, 1, 29, 211, 0 }, // U+FB00
    { 24, 30, 398, 1, 30, 180, 211 }, // U+FB01
    { 24, 29, 397, 1, 29, 174, 391 }, // U+FB02
    { 37, 30, 601, 1, 30, 278, 565 }, // U+FB03
    { 37, 29, 601, 1, 29, 269, 843 }, // U+FB04
    { 25, 30, 401, 0, 29, 188, 1112 }, // U+FB05
    { 28, 30, 474, 1, 29, 210, 1300 }, // U+FB06
    { 35, 35, 600, 1, 29, 307, 0 }, // U+FFFD
};

static const EpdUnicodeInterval notoserif_18_regularIntervals[] = {
    { 0x0, 0x17F, 0x0 },
    { 0x1A0, 0x1A1, 0x180 },
    { 0x1AF, 0x1B0, 0x182 },
    { 0x1C4, 0x21F, 0x184 },
    { 0x300, 0x36F, 0x1E0 },
    { 0x1EA0, 0x1EF9, 0x250 },
    { 0x2000, 0x2064, 0x2AA },
    { 0x2066, 0x2071, 0x30F },
    { 0x2074, 0x208E, 0x31B },
    { 0x2090, 0x209C, 0x336 },
    { 0x20A0, 0x20C0, 0x343 },
    { 0x2190, 0x2199, 0x364 },
    { 0x2202, 0x2202, 0x36E },
    { 0x2205, 0x2206, 0x36F },
    { 0x220F, 0x2211, 0x371 },
    { 0x221A, 0x221A, 0x374 },
    { 0x221E, 0x221E, 0x375 },
    { 0x2248, 0x2248, 0x376 },
    { 0x2260, 0x2265, 0x377 },
    { 0x25A0, 0x25CF, 0x37D },
    { 0x2605, 0x2606, 0x3AD },
    { 0x2713, 0x2718, 0x3AF },
    { 0xFB00, 0xFB06, 0x3B5 },
    { 0xFFFD, 0xFFFD, 0x3BC },
};

static const EpdFontGroup notoserif_18_regularGroups[] = {
    { 0, 4540, 12382, 128, 0 },
    { 4540, 3877, 14348, 128, 128 },
    { 8417, 4660, 22835, 128, 256 },
    { 13077, 4836, 20312, 96, 384 },
    { 17913, 1541, 2849, 112, 480 },
    { 19454, 2649, 18922, 90, 592 },
    { 22103, 2543, 7597, 111, 682 },
    { 24646, 887, 2284, 42, 793 },
    { 25533, 2638, 6047, 33, 835 },
    { 28171, 296, 1014, 10, 868 },
    { 28467, 747, 2189, 15, 878 },
    { 29214, 2931, 9834, 56, 893 },
    { 32145, 440, 1596, 7, 949 },
    { 32585, 159, 315, 1, 956 },
};

static const uint16_t notoserif_18_regularKernLeftCodepoints[] = {
    0x0022, 0x0026, 0x0027, 0x002A, 0x002C, 0x002E, 0x0040, 0x0041, 0x0042, 0x0044, 0x0045, 0x0046,
    0x0047, 0x004B, 0x004C, 0x004E, 0x004F, 0x0050, 0x0051, 0x0052, 0x0053, 0x0054, 0x0055, 0x0056,
    0x0057, 0x0058, 0x0059, 0x0061, 0x0062, 0x0065, 0x0066, 0x0067, 0x0068, 0x006B, 0x006D, 0x006E,
    0x006F, 0x0070, 0x0072, 0x0073, 0x0076, 0x0077, 0x0079, 0x00A1, 0x00BF, 0x00C0, 0x00C1, 0x00C2,
    0x00C3, 0x00C4, 0x00C5, 0x00C6, 0x00C8, 0x00C9, 0x00CA, 0x00CB, 0x00D0, 0x00D1, 0x00D2, 0x00D3,
    0x00D4, 0x00D5, 0x00D6, 0x00D8, 0x00D9, 0x00DA, 0x00DB, 0x00DC, 0x00DD, 0x00DE, 0x00DF, 0x00E0,
    0x00E1, 0x00E2, 0x00E3, 0x00E4, 0x00E5, 0x00E6, 0x00E8, 0x00E9, 0x00EA, 0x00EB, 0x00F0, 0x00F1,
    0x00F2, 0x00F3, 0x00F4, 0x00F5, 0x00F6, 0x00F8, 0x00FD, 0x00FE, 0x00FF, 0x0100, 0x0102, 0x0104,
    0x010E, 0x010F, 0x0110, 0x0112, 0x0113, 0x0114, 0x0115, 0x0116, 0x0117, 0x0118, 0x0119, 0x011A,
    0x011B, 0x011C, 0x011E, 0x0120, 0x0122, 0x0125, 0x0127, 0x0129, 0x0136, 0x0137, 0x0138, 0x0139,
    0x013B, 0x013E, 0x0141, 0x0143, 0x0144, 0x0145, 0x0146, 0x0147, 0x0148, 0x0149, 0x014B, 0x014C,
    0x014D, 0x014E, 0x014F, 0x0150, 0x0151, 0x0152, 0x0153, 0x0154, 0x0155, 0x0156, 0x0157, 0x0158,
    0x0159, 0x015A, 0x015B, 0x015C, 0x015D, 0x015E, 0x015F, 0x0160, 0x0161, 0x0162, 0x0164, 0x0165,
    0x0166, 0x0168, 0x016A, 0x016C, 0x016E, 0x0170, 0x0172, 0x0174, 0x0175, 0x0176, 0x0177, 0x0178,
    0x01A0, 0x01A1, 0x01AF, 0x01B0, 0x01FA, 0x01FC, 0x01FD, 0x01FE, 0x01FF, 0x0218, 0x0219, 0x021A,
    0x1EA0, 0x1EA1, 0x1EA2, 0x1EA3, 0x1EA4, 0x1EA5, 0x1EA6, 0x1EA7, 0x1EA8, 0x1EA9, 0x1EAA, 0x1EAB,
    0x1EAC, 0x1EAD, 0x1EAE, 0x1EAF, 0x1EB0, 0x1EB1, 0x1EB2, 0x1EB3, 0x1EB4, 0x1EB5, 0x1EB6, 0x1EB7,
    0x1EB8, 0x1EB9, 0x1EBA, 0x1EBB, 0x1EBC, 0x1EBD, 0x1EBE, 0x1EBF, 0x1EC0, 0x1EC1, 0x1EC2, 0x1EC3,
    0x1EC4, 0x1EC5, 0x1EC6, 0x1EC7, 0x1ECC, 0x1ECD, 0x1ECE, 0x1ECF, 0x1ED0, 0x1ED1, 0x1ED2, 0x1ED3,
    0x1ED4, 0x1ED5, 0x1ED6, 0x1ED7, 0x1ED8, 0x1ED9, 0x1EDA, 0x1EDB, 0x1EDC, 0x1EDD, 0x1EDE, 0x1EDF,
    0x1EE0, 0x1EE1, 0x1EE2, 0x1EE3, 0x1EE4, 0x1EE6, 0x1EE8, 0x1EE9, 0x1EEA, 0x1EEB, 0x1EEC, 0x1EED,
    0x1EEE, 0x1EEF, 0x1EF0, 0x1EF1, 0x1EF2, 0x1EF3, 0x1EF4, 0x1EF5, 0x1EF6, 0x1EF7, 0x1EF8, 0x1EF9,
    0x2018, 0x2019, 0x201A, 0x201C, 0x201D, 0x201E, 0x2026, 0x207D, 0x208D, 0xFB00,
};

static const uint8_t notoserif_18_regularKernLeftClassIds[] = {
      1,   2,   1,   3,   4,   4,   5,   6,   7,   8,   9,  10,  11,  12,  13,  14,
      8,   3,   8,  15,  16,  17,  18,  19,  20,  21,  22,  23,  24,  25,  26,  27,
     23,  28,  23,  23,  24,  24,  29,  30,  31,  32,  33,  34,  35,  36,  36,  36,
     36,  36,  36,   9,   9,   9,   9,   9,   8,  14,   8,   8,   8,   8,   8,   8,
     18,  18,  18,  18,  22,   8,  24,  23,  23,  23,  23,  23,  23,  25,  25,  25,
     25,  25,  24,  23,  24,  24,  24,  24,  24,  24,  33,  24,  33,   6,  36,  36,
      8,  37,   8,   9,  25,   9,  25,   9,  25,   9,  25,   9,  25,  11,  11,  11,
     11,  23,  23,  38,  12,  28,  28,  13,  13,  37,  13,  14,  23,  14,  23,  14,
     23,  23,  23,   8,  24,   8,  24,   8,  24,   9,  25,  15,  29,  15,  29,  15,
     29,  16,  30,  16,  30,  16,  30,  16,  30,  17,  17,  39,  17,  18,  18,  18,
     18,  18,  18,  20,  32,  22,  33,  22,  40,  41,  42,  43,   6,   9,  25,   8,
     24,  16,  30,  17,  36,  23,  36,  23,  36,  23,  36,  23,  36,  23,  36,  23,
     36,  23,  36,  23,  36,  23,  36,  23,  36,  23,  36,  23,   9,  25,   9,  25,
      9,  25,   9,  25,   9,  25,   9,  25,   9,  25,   9,  25,   8,  24,   8,  24,
      8,  24,   8,  24,   8,  24,   8,  24,   8,  24,  40,  41,  40,  41,  40,  41,
     40,  41,  40,  41,  18,  18,  42,  43,  42,  43,  42,  43,  42,  43,  42,  43,
     22,  33,  22,  33,  22,  33,  22,  33,  44,  45,   4,  44,  45,   4,   4,  46,
     47,  26,
};

static const uint16_t notoserif_18_regularKernRightCodepoints[] = {
    0x0021, 0x0022, 0x0026, 0x0027, 0x0029, 0x002A, 0x002C, 0x002E, 0x003A, 0x003B, 0x003F, 0x0040,
    0x0041, 0x0042, 0x0043, 0x0044, 0x0045, 0x0046, 0x0047, 0x0048, 0x0049, 0x004A, 0x004B, 0x004C,
    0x004D, 0x004E, 0x004F, 0x0050, 0x0051, 0x0052, 0x0053, 0x0054, 0x0055, 0x0056, 0x0057, 0x0058,
    0x0059, 0x005A, 0x005D, 0x0061, 0x0062, 0x0063, 0x0064, 0x0065, 0x0067, 0x0068, 0x0069, 0x006B,
    0x006C, 0x006D, 0x006E, 0x006F, 0x0070, 0x0071, 0x0072, 0x0073, 0x0074, 0x0075, 0x0076, 0x0077,
    0x0078, 0x0079, 0x007A, 0x007D, 0x00AB, 0x00B7, 0x00BB, 0x00C0, 0x00C1, 0x00C2, 0x00C3, 0x00C4,
    0x00C5, 0x00C6, 0x00C7, 0x00C8, 0x00C9, 0x00CA, 0x00CB, 0x00CC, 0x00CD, 0x00CE, 0x00CF, 0x00D0,
    0x00D1, 0x00D2, 0x00D3, 0x00D4, 0x00D5, 0x00D6, 0x00D8, 0x00D9, 0x00DA, 0x00DB, 0x00DC, 0x00DD,
    0x00DE, 0x00E0, 0x00E1, 0x00E2, 0x00E3, 0x00E4, 0x00E5, 0x00E6, 0x00E7, 0x00E8, 0x00E9, 0x00EA,
    0x00EB, 0x00EC, 0x00ED, 0x00EE, 0x00EF, 0x00F0, 0x00F1, 0x00F2, 0x00F3, 0x00F4, 0x00F5, 0x00F6,
    0x00F8, 0x00F9, 0x00FA, 0x00FB, 0x00FC, 0x00FD, 0x00FE, 0x00FF, 0x0100, 0x0101, 0x0102, 0x0103,
    0x0104, 0x0105, 0x0106, 0x0107, 0x0108, 0x0109, 0x010A, 0x010B, 0x010C, 0x010D, 0x010E, 0x010F,
    0x0110, 0x0111, 0x0112, 0x0113, 0x0114, 0x0115, 0x0116, 0x0117, 0x0118, 0x0119, 0x011A, 0x011B,
    0x011C, 0x011D, 0x011E, 0x011F, 0x0120, 0x0121, 0x0122, 0x0123, 0x0124, 0x0125, 0x0126, 0x0127,
    0x0128, 0x0129, 0x012A, 0x012B, 0x012C, 0x012D, 0x012E, 0x012F, 0x0130, 0x0132, 0x0133, 0x0134,
    0x0136, 0x0137, 0x0138, 0x0139, 0x013A, 0x013B, 0x013C, 0x013D, 0x013E, 0x013F, 0x0140, 0x0141,
    0x0142, 0x0143, 0x0144, 0x0145, 0x0146, 0x0147, 0x0148, 0x014A, 0x014B, 0x014C, 0x014D, 0x014E,
    0x014F, 0x0150, 0x0151, 0x0152, 0x0153, 0x0154, 0x0155, 0x0156, 0x0157, 0x0158, 0x015A, 0x015B,
    0x015C, 0x015D, 0x015E, 0x015F, 0x0160, 0x0161, 0x0162, 0x0163, 0x0164, 0x0165, 0x0166, 0x0167,
    0x0168, 0x0169, 0x016A, 0x016B, 0x016C, 0x016D, 0x016E, 0x016F, 0x0170, 0x0171, 0x0172, 0x0173,
    0x0174, 0x0175, 0x0176, 0x0177, 0x0178, 0x0179, 0x017A, 0x017B, 0x017C, 0x017D, 0x017E, 0x01A0,
    0x01A1, 0x01AF, 0x01B0, 0x01FA, 0x01FB, 0x01FC, 0x01FD, 0x01FE, 0x01FF, 0x0218, 0x0219, 0x021A,
    0x021B, 0x1EA0, 0x1EA1, 0x1EA2, 0x1EA3, 0x1EA4, 0x1EA5, 0x1EA6, 0x1EA7, 0x1EA8, 0x1EA9, 0x1EAA,
    0x1EAB, 0x1EAC, 0x1EAD, 0x1EAE, 0x1EAF, 0x1EB0, 0x1EB1, 0x1EB2, 0x1EB3, 0x1EB4, 0x1EB5, 0x1EB6,
    0x1EB7, 0x1EB8, 0x1EB9, 0x1EBA, 0x1EBB, 0x1EBC, 0x1EBD, 0x1EBE, 0x1EBF, 0x1EC0, 0x1EC1, 0x1EC2,
    0x1EC3, 0x1EC4, 0x1EC5, 0x1EC6, 0x1EC7, 0x1EC9, 0x1ECB, 0x1ECC, 0x1ECD, 0x1ECE, 0x1ECF, 0x1ED0,
    0x1ED1, 0x1ED2, 0x1ED3, 0x1ED4, 0x1ED5, 0x1ED6, 0x1ED7, 0x1ED8, 0x1ED9, 0x1EDA, 0x1EDB, 0x1EDC,
    0x1EDD, 0x1EDE, 0x1EDF, 0x1EE0, 0x1EE1, 0x1EE2, 0x1EE3, 0x1EE4, 0x1EE5, 0x1EE6, 0x1EE7, 0x1EE8,
    0x1EE9, 0x1EEA, 0x1EEB, 0x1EEC, 0x1EED, 0x1EEE, 0x1EEF, 0x1EF0, 0x1EF1, 0x1EF2, 0x1EF3, 0x1EF4,
    0x1EF5, 0x1EF6, 0x1EF7, 0x1EF8, 0x1EF9, 0x2018, 0x2019, 0x201A, 0x201C, 0x201D, 0x201E, 0x2026,
    0x2039, 0x203A, 0x207E, 0x208E,
};

static const uint8_t notoserif_18_regularKernRightClassIds[] = {
      1,   2,   3,   2,   4,   5,   6,   7,   8,   8,   9,  10,  11,  12,  13,  12,
     12,  12,  13,  12,  12,  14,  12,  12,  12,  12,  13,  12,  13,  12,  15,  16,
     17,  18,  19,  20,  21,  22,   4,  23,  24,  25,  25,  25,  26,  24,  27,  24,
     24,  27,  27,  25,  27,  25,  27,  28,  29,  30,  31,  32,  33,  34,  35,   4,
     36,  37,  36,  11,  11,  11,  11,  11,  11,  38,  13,  12,  12,  12,  12,  12,
     12,  12,  12,  12,  12,  13,  13,  13,  13,  13,  13,  17,  17,  17,  17,  21,
     12,  23,  23,  23,  23,  23,  23,  23,  25,  25,  25,  25,  25,  39,  27,  39,
     39,  25,  27,  25,  25,  25,  25,  25,  25,  30,  30,  30,  30,  34,  24,  34,
     11,  23,  11,  23,  11,  23,  13,  25,  13,  25,  13,  25,  13,  25,  12,  25,
     12,  25,  12,  25,  12,  25,  12,  25,  12,  25,  12,  25,  13,  25,  13,  25,
     13,  25,  13,  25,  12,  24,  12,  24,  12,  40,  12,  39,  12,  39,  12,  27,
     12,  12,  27,  14,  12,  24,  27,  12,  24,  12,  24,  12,  24,  12,  24,  12,
     24,  12,  27,  12,  27,  12,  27,  12,  27,  13,  25,  13,  25,  13,  25,  13,
     25,  12,  27,  12,  27,  12,  15,  28,  15,  28,  15,  28,  15,  28,  16,  29,
     16,  29,  16,  29,  17,  30,  17,  30,  17,  30,  17,  30,  17,  30,  17,  30,
     19,  32,  21,  34,  21,  22,  35,  22,  35,  22,  35,  13,  25,  17,  30,  11,
     23,  38,  23,  13,  25,  15,  28,  16,  29,  11,  23,  11,  23,  11,  23,  11,
     23,  11,  23,  11,  23,  11,  23,  11,  23,  11,  23,  11,  23,  11,  23,  11,
     23,  12,  25,  12,  25,  12,  25,  12,  25,  12,  25,  12,  25,  12,  25,  12,
     25,  27,  27,  13,  25,  13,  25,  13,  25,  13,  25,  13,  25,  13,  25,  13,
     25,  13,  25,  13,  25,  13,  25,  13,  25,  13,  25,  17,  30,  17,  30,  17,
     30,  17,  30,  17,  30,  17,  30,  17,  30,  21,  34,  21,  34,  21,  34,  21,
     34,  41,   5,   7,  41,   5,   7,   7,  36,  36,  42,  43,
};

static const uint16_t notoserif_18_regularKernRowOffsets[] = {
        0,     4,     9,    14,    24,    26,    42,    54,    64,    67,    76,    82,    88,   100,   101,   112,
      122,   133,   138,   149,   160,   164,   177,   179,   183,   186,   191,   192,   194,   198,   199,   202,
      205,   208,   211,   216,   232,   248,   249,   253,   272,   281,   297,   303,   305,   312,   313,   314,
};

static const uint8_t notoserif_18_regularKernSparseCols[] = {
     10,  24,  25,  37,   8,  15,  17,  18,  20,   2,   5,   6,  10,  37,   8,  12,
     15,  16,  17,  18,  20,  30,  31,  33,  10,  20,   1,   4,   8,  12,  15,  16,
     17,  18,  20,  24,  25,  29,  30,  31,  33,  40,   4,   8,  10,  15,  17,  18,
     19,  20,  21,  31,  33,  37,   5,   6,   8,  10,  15,  17,  18,  19,  20,  37,
     17,  18,  20,   2,   5,   6,   9,  10,  22,  24,  25,  37,   8,  15,  17,  18,
     20,  37,  12,  24,  25,  29,  31,  33,   1,   4,   8,  15,  17,  18,  20,  30,
     31,  33,  36,  40,  35,   4,   8,  12,  15,  16,  17,  18,  20,  30,  31,  33,
      8,  10,  15,  17,  18,  19,  20,  31,  33,  37,   2,   5,   6,   9,  10,  12,
     22,  24,  25,  27,  37,   5,   6,   9,  10,  37,   2,   5,   6,   9,  10,  12,
     22,  24,  25,  27,  37,   5,   6,   9,  10,  12,  22,  24,  25,  27,  34,  37,
     12,  14,  31,  33,   2,   5,   6,   9,  10,  12,  14,  22,  24,  25,  27,  34,
     37,   1,  33,  17,  18,  20,  33,  17,  18,  20,   1,   3,   4,  38,  39,  18,
     24,  25,   4,   5,   6,  22,  20,   5,   6,  10,   5,   6,  10,   5,   6,  10,
     17,  18,  20,   8,  15,  17,  18,  20,   1,   4,   8,  12,  15,  16,  17,  18,
     20,  24,  25,  29,  30,  31,  33,  40,   0,   1,   3,   4,   8,  11,  13,  15,
     16,  17,  18,  19,  20,  21,  23,  40,  39,   1,   3,   8,  23,   5,   6,   7,
      8,  10,  15,  17,  18,  20,  22,  24,  25,  26,  27,  28,  30,  31,  32,  33,
      4,   5,   6,  26,  28,  29,  30,  31,  33,   5,   6,   7,  10,  12,  22,  24,
     25,  26,  27,  28,  29,  30,  31,  33,  34,   4,   5,   6,  26,  28,  30,  10,
     37,  10,  12,  22,  24,  25,  27,  39,  41,  42,
};

static const int8_t notoserif_18_regularKernSparseValues[] = {
     -48,  -12,  -36,  -72,  -18,  -18,  -24,  -24,  -18,   -6,  -72,  -72,  -30,  -48,  -54,  -12,
     -54,  -12,  -66,  -54,  -48,  -42,  -36,  -30,  -18,   -6,  -48,  -42,  -36,  -12,  -36,  -12,
     -48,  -42,  -42,  -12,  -12,  -12,  -36,  -18,  -30,  -42,  -12,  -12,  -12,  -12,  -24,  -18,
     -12,  -24,  -12,   -6,  -12,  -18,  -12,  -12,  -12,  -12,  -12,  -12,  -12,  -12,  -18,  -30,
     -12,  -12,  -12,  -12,  -72,  -72,  -24,  -42,  -24,  -24,  -24,  -66,  -12,  -12,  -12,  -12,
     -12,  -12,  -12,  -12,  -12,  -12,  -18,  -18,  -36,  -48,  -42,  -42,  -30,  -30,  -36,  -12,
      -6,  -18,  -12,  -48,   -6,  -12,  -12,  -12,  -12,   -6,  -18,  -18,  -18,   -6,   -6,  -12,
     -12,  -12,  -12,  -12,  -12,  -12,  -12,   -6,  -12,  -12,   -6,  -54,  -54,  -18,  -36,  -12,
     -18,  -30,  -30,   -3,  -48,  -12,  -12,   -6,  -12,  -24,  -18,  -66,  -66,  -30,  -48,  -12,
     -36,  -36,  -36,  -24,  -78,  -54,  -54,  -30,  -42,  -12,  -42,  -36,  -36,  -30,  -18,  -78,
     -12,   -6,  -18,  -30,   -6,  -48,  -48,  -24,  -42,  -18,  -12,  -36,  -42,  -42,  -36,  -12,
     -54,  -24,  -12,  -36,  -36,  -42,  -12,  -36,  -36,  -36,   48,   54,   48,   24,   24,  -12,
     -12,  -12,   18,  -78,  -78,  -12,  -36,  -30,  -42,  -36,  -42,  -42,  -18,  -54,  -54,  -30,
     -18,  -12,  -18,  -12,  -12,  -30,  -30,  -30,  -48,  -42,  -36,  -12,  -36,  -12,  -48,  -42,
     -42,  -12,  -12,  -12,  -30,  -18,  -30,  -42,   12,   30,   48,   24,   66,   30,   36,   30,
      42,   48,   42,   42,   60,   24,   54,    6,   36,   12,   30,   12,   24,  -12,  -12,   -6,
      12,  -24,   12,   12,   12,   12,  -12,  -12,  -12,   -6,  -12,   -6,  -12,  -12,  -12,  -12,
      12,  -12,  -12,   12,   18,   12,   18,   18,   18,  -12,  -12,   -6,  -36,  -12,  -30,  -30,
     -30,  -18,  -36,   -6,  -18,  -12,  -12,  -12,  -18,   12,   -6,   -6,   12,   18,   18,  -42,
     -84,  -60,  -12,  -18,  -24,  -24,  -30,    6,   30,   30,
};

static const EpdLigaturePair notoserif_18_regularLigaturePairs[] = {
    { 0x00660066, 0xFB00 }, // f f -> U+FB00
    { 0x00660069, 0xFB01 }, // f i -> U+FB01
    { 0x0066006C, 0xFB02 }, // f l -> U+FB02
    { 0xFB000069, 0xFB03 }, // U+FB00 i -> U+FB03
    { 0xFB00006C, 0xFB04 }, // U+FB00 l -> U+FB04
};

static const EpdFontData notoserif_18_regular = {
    notoserif_18_regularBitmaps,
    notoserif_18_regularGlyphs,
    notoserif_18_regularIntervals,
    24,
    51,
    41,
    -11,
    true,
    notoserif_18_regularGroups,
    14,
    nullptr,
    nullptr,  // kernLeftClasses: built-in fonts use the split arrays below
    nullptr,  // kernRightClasses
    notoserif_18_regularKernLeftCodepoints,
    notoserif_18_regularKernLeftClassIds,
    notoserif_18_regularKernRightCodepoints,
    notoserif_18_regularKernRightClassIds,
    nullptr,  // kernMatrix: built-in fonts use the sparse form below
    notoserif_18_regularKernRowOffsets,
    notoserif_18_regularKernSparseCols,
    notoserif_18_regularKernSparseValues,
    274,
    364,
    47,
    43,
    notoserif_18_regularLigaturePairs,
    5,
};
