/**
 * generated by fontconvert.py
 * name: notosans_20_regular
 * size: 20
 * mode: 2-bit  compressed: true
 * Command used: fontconvert.py notosans_20_regular 20 ../builtinFonts/source/NotoSans/NotoSans-Regular.ttf --2bit --compress --pnum --zopfli
 */
#pragma once
#include "EpdFontData.h"

static const uint8_t notosans_20_regularBitmaps[30245] = {
    0xCD, 0x9A, 0x3D, 0x8C, 0xE6, 0xC8, 0x71, 0xF7, 0xFF, 0x7C, 0x88, 0x5D, 0xBE, 0x10, 0xF1, 0x82,
    0x0A, 0x6E, 0x04, 0xF9, 0x2E, 0x60, 0xE4, 0x40, 0x17, 0x98, 0x79, 0xE0, 0x6B, 0x1A, 0x06, 0x9C,
    0x38, 0xF0, 0x04, 0x37, 0x12, 0x20, 0x05, 0xE7, 0xC0, 0x81, 0xBD, 0x06, 0x3C, 0x39, 0xA0, 0x5B,
    0x12, 0x56, 0x0E, 0x6F, 0x60, 0xE5, 0x0A, 0x64, 0x43, 0x37, 0x17, 0x9C, 0x03, 0x87, 0xBA, 0x69,
    0xCA, 0xCE, 0x61, 0x2A, 0x50, 0xE4, 0x40, 0xB4, 0xB4, 0xFE, 0xC0, 0x3A, 0x30, 0x75, 0x22, 0x6C,
    0xCE, 0x8A, 0x64, 0x99, 0x3F, 0x34, 0x9F, 0x2F, 0xEC, 0xED, 0x7A, 0xF7, 0xBE, 0x24, 0x0E, 0x9F,
    0x7F, 0xF5, 0x90, 0xDD, 0xD5, 0xD5, 0x55, 0xD5, 0xD5, 0x5F, 0xAC, 0x6A, 0xDF, 0xF8, 0xBA, 0xDA,
    0xFF, 0x95, 0x6E, 0xFF, 0xA7, 0xE3, 0x5F, 0xC1, 0x9F, 0x5E, 0x57, 0xB8, 0x5C, 0x69, 0x0D, 0x7F,
    0xBE, 0xFE, 0xAD, 0x35, 0x5D, 0xC9, 0xD5, 0x1E, 0x7A, 0xF6, 0x0B, 0xA5, 0xDE, 0x3A, 0xFC, 0x72,
    0xFD, 0xAE, 0xA4, 0x42, 0x69, 0x03, 0x03, 0x65, 0x27, 0xE4, 0xA1, 0xF2, 0x3A, 0x90, 0x52, 0xD2,
    0x87, 0x2A, 0x56, 0xD4, 0x24, 0x77, 0x46, 0xDE, 0x92, 0x72, 0xE3, 0x6A, 0xCE, 0x48, 0xAD, 0xB8,
    0xD7, 0x24, 0xAD, 0x24, 0x1A, 0x25, 0x25, 0x5D, 0x34, 0x48, 0x4A, 0xDB, 0x1D, 0x24, 0x6B, 0xE2,
    0xFE, 0x40, 0x1E, 0x7C, 0xF0, 0xE4, 0xFD, 0xA7, 0x3F, 0x90, 0x71, 0xCD, 0x7B, 0x72, 0x55, 0x5D,
    0xBD, 0xF3, 0x93, 0xB7, 0x4F, 0x25, 0xAA, 0x8F, 0x12, 0xBD, 0xAB, 0x22, 0x48, 0xE4, 0x9E, 0x95,
    0x68, 0x5C, 0x33, 0x71, 0xFD, 0x29, 0xF0, 0xED, 0x33, 0x78, 0xC3, 0xEE, 0xB4, 0x33, 0xB3, 0x21,
    0x5D, 0xA1, 0x2F, 0xEE, 0x3E, 0xFC, 0x56, 0xEF, 0x9A, 0x6F, 0xEB, 0xB2, 0x2A, 0xD7, 0xB7, 0x95,
    0x00, 0x52, 0xAE, 0x06, 0xBA, 0x15, 0xF2, 0xE5, 0x87, 0x52, 0x62, 0xB3, 0x14, 0x99, 0x3D, 0x86,
    0x81, 0x95, 0x92, 0xB7, 0x6E, 0x15, 0xC1, 0x8F, 0x2B, 0xD3, 0x64, 0x5A, 0x21, 0x9A, 0x61, 0xBF,
    0x01, 0xFF, 0xFE, 0x31, 0x2F, 0xAA, 0xBF, 0xB9, 0xF5, 0x43, 0x65, 0x66, 0xED, 0x0A, 0x8B, 0x22,
    0x6F, 0x8F, 0x44, 0x96, 0x67, 0xE1, 0x35, 0x20, 0x5C, 0x3B, 0xAB, 0x45, 0x4B, 0x33, 0xEB, 0x45,
    0x1B, 0x8B, 0x7F, 0x9F, 0x90, 0x4C, 0x0E, 0xCE, 0x33, 0xED, 0xAF, 0x14, 0x4D, 0xA1, 0xE5, 0xF1,
    0x10, 0xDA, 0x9C, 0x76, 0xD0, 0xA2, 0x44, 0x4F, 0xD0, 0xA2, 0x0E, 0xD4, 0x29, 0xD0, 0x0F, 0x83,
    0x6E, 0x28, 0x46, 0xB9, 0x78, 0x28, 0xE6, 0x95, 0x8F, 0x4B, 0x7A, 0xB3, 0x35, 0xCF, 0x6D, 0xF6,
    0xE3, 0xE5, 0xBA, 0x29, 0xFE, 0x61, 0xCA, 0xBF, 0x33, 0xA4, 0x5D, 0x66, 0xA3, 0x8B, 0xFB, 0xF5,
    0xCF, 0xDA, 0xDB, 0xA4, 0x5B, 0x6B, 0xB8, 0xD2, 0x14, 0x4C, 0xB6, 0x1B, 0x56, 0x3A, 0x4A, 0x49,
    0x9F, 0xB6, 0x18, 0x34, 0x6B, 0x03, 0xCD, 0x9B, 0xF0, 0xDC, 0x95, 0xE4, 0x43, 0xC2, 0xA4, 0x83,
    0x4E, 0x82, 0x8F, 0x76, 0xE3, 0x4A, 0x93, 0x7E, 0x05, 0x45, 0x73, 0xDE, 0x22, 0xAC, 0x70, 0x8E,
    0xBC, 0x91, 0x8A, 0x45, 0x5C, 0x8A, 0x2E, 0xC1, 0x70, 0x25, 0x36, 0x40, 0xE4, 0xCC, 0x20, 0xC2,
    0xA1, 0xC8, 0x62, 0x72, 0x2D, 0xCE, 0x34, 0x29, 0xEB, 0xA0, 0xA3, 0xB2, 0xFE, 0x63, 0xE8, 0x6E,
    0x52, 0x4E, 0xBE, 0x68, 0x91, 0xA3, 0x9C, 0xFC, 0xEF, 0x59, 0x09, 0x75, 0xFF, 0x3C, 0x43, 0x82,
    0x62, 0xF1, 0x43, 0xAB, 0xB7, 0x7A, 0x78, 0x8D, 0x79, 0x5B, 0x14, 0x9A, 0x2C, 0xF9, 0xA8, 0xA4,
    0x57, 0x3E, 0x24, 0x0B, 0x1C, 0x5D, 0x1B, 0x59, 0xBD, 0xD6, 0x58, 0xD5, 0xAA, 0xBA, 0xA2, 0x91,
    0x2F, 0x95, 0x8F, 0xAE, 0x96, 0x69, 0xCD, 0xBA, 0x82, 0x51, 0x74, 0x91, 0xBC, 0xA4, 0x6A, 0x5A,
    0x69, 0x2D, 0x39, 0xB4, 0xD1, 0xC2, 0x92, 0xB4, 0x72, 0x5A, 0x90, 0x99, 0xD9, 0xE8, 0x7A, 0xC5,
    0xF8, 0x43, 0x86, 0x4D, 0xED, 0x4E, 0x31, 0xA5, 0xAF, 0xB6, 0x8E, 0xEB, 0xEA, 0x63, 0xF7, 0x0E,
    0x9D, 0x3A, 0xA7, 0xD3, 0x28, 0x6B, 0xE5, 0x6A, 0x5C, 0x60, 0xD1, 0x6E, 0xA2, 0x9D, 0xC9, 0x80,
    0x60, 0x59, 0x47, 0x43, 0x8B, 0x46, 0x8E, 0x9B, 0x2C, 0xE4, 0x2A, 0x4F, 0xEF, 0xF0, 0x30, 0x64,
    0x20, 0x67, 0xDE, 0x52, 0x2A, 0xEB, 0xE1, 0x10, 0x4F, 0x70, 0xD3, 0x12, 0x9C, 0xAB, 0xA1, 0x96,
    0xFB, 0xDF, 0x7B, 0x88, 0xEB, 0x93, 0x4C, 0x7B, 0x2A, 0xDA, 0x32, 0x98, 0x02, 0xAF, 0x23, 0x97,
    0x8D, 0x11, 0xBC, 0xCE, 0x6F, 0x1E, 0xF2, 0xF6, 0x28, 0x59, 0x8D, 0xC6, 0x4C, 0xD1, 0x26, 0x3C,
    0x9C, 0x73, 0x1A, 0xA4, 0x07, 0x92, 0xF4, 0xA0, 0x04, 0x3D, 0xA8, 0x4A, 0x47, 0x74, 0x07, 0xFC,
    0xDA, 0x8A, 0xAF, 0xCB, 0x3D, 0x7E, 0x2B, 0x31, 0x5C, 0xC2, 0xF6, 0xA8, 0x0B, 0xFB, 0x89, 0xD0,
    0x7D, 0x83, 0xF1, 0xFF, 0xA7, 0xC7, 0xB2, 0x3F, 0x1F, 0x57, 0x2C, 0x7E, 0x34, 0xC3, 0xA6, 0xB6,
    0x15, 0xAD, 0xAC, 0x1A, 0xC9, 0x53, 0x9D, 0xFE, 0xBF, 0xBE, 0xAA, 0xC3, 0xF5, 0xE1, 0xCB, 0x03,
    0xB5, 0x2D, 0x06, 0x78, 0xE0, 0xE5, 0xCB, 0xBE, 0x86, 0x53, 0x26, 0x53, 0x3A, 0x64, 0xFD, 0xFA,
    0xD7, 0xE6, 0x4D, 0x51, 0x3B, 0xB9, 0xF5, 0x71, 0x65, 0x63, 0x65, 0xD3, 0x7A, 0x5F, 0x5C, 0xBD,
    0x7D, 0x1E, 0xB1, 0xA5, 0x68, 0xA4, 0x94, 0xF0, 0x40, 0x54, 0x85, 0x3A, 0xE9, 0x29, 0x72, 0xFC,
    0xCA, 0xE0, 0x66, 0x8B, 0x14, 0xCD, 0x78, 0xFA, 0x31, 0x6B, 0xC6, 0xAF, 0x15, 0x4A, 0xA7, 0xB1,
    0xAA, 0x4E, 0xB2, 0x92, 0x8D, 0xDF, 0x70, 0xC2, 0xF1, 0x34, 0xAB, 0x0E, 0x57, 0x6A, 0x1D, 0xAA,
    0x33, 0x4A, 0x11, 0xC0, 0x95, 0x2C, 0xAA, 0x5A, 0x65, 0x03, 0xFC, 0xF3, 0x0E, 0xB7, 0x29, 0x1A,
    0x98, 0xB9, 0x86, 0xDA, 0x5D, 0x8D, 0x1C, 0x54, 0xB5, 0xC0, 0x45, 0x26, 0x7F, 0x40, 0xFF, 0x12,
    0x68, 0xA1, 0xD4, 0xC6, 0xC1, 0x05, 0x84, 0xE7, 0x56, 0x4B, 0xD6, 0x06, 0x87, 0xA1, 0xF6, 0x78,
    0x96, 0xEB, 0x14, 0xD9, 0x7F, 0x5A, 0x83, 0x84, 0x86, 0xB4, 0x21, 0x50, 0x5C, 0x01, 0xD1, 0x0F,
    0x95, 0x4E, 0x2A, 0x26, 0xD9, 0x94, 0x2C, 0x53, 0xF1, 0x8B, 0xC9, 0xFF, 0x68, 0x7A, 0x2B, 0x9A,
    0xBE, 0x1A, 0x4D, 0xFA, 0x94, 0x37, 0x17, 0x61, 0xFF, 0x71, 0xD0, 0x09, 0xF1, 0x83, 0xEE, 0xEC,
    0xEE, 0x54, 0xF5, 0x22, 0x4E, 0x0F, 0xBA, 0x17, 0x14, 0xBC, 0xC7, 0xDD, 0x11, 0xF7, 0xCF, 0x47,
    0x30, 0x19, 0xC0, 0xAC, 0x07, 0x8B, 0x16, 0xAC, 0x6A, 0xD0, 0x42, 0xC6, 0xE3, 0x4B, 0xD7, 0x82,
    0x84, 0x25, 0x9A, 0xCD, 0xE3, 0xE1, 0x45, 0x8F, 0xFF, 0xF5, 0xEA, 0xEA, 0x0A, 0x95, 0x98, 0x95,
    0xA7, 0x78, 0x90, 0x7C, 0x14, 0x43, 0x1E, 0x11, 0x77, 0xC5, 0x5E, 0xC5, 0xC8, 0x9D, 0x95, 0x4A,
    0x82, 0x9C, 0x33, 0x18, 0x2D, 0xA0, 0x40, 0xF4, 0x7F, 0x2E, 0x7F, 0xA8, 0x28, 0xF2, 0x38, 0x8D,
    0x2D, 0x02, 0x07, 0x10, 0x9E, 0xD2, 0x3D, 0xCF, 0x3F, 0x4A, 0x03, 0x1F, 0x03, 0xE5, 0x01, 0xEC,
    0x7A, 0x8E, 0xF2, 0xA0, 0x4C, 0x5F, 0x96, 0xE2, 0x45, 0x6F, 0x95, 0xCA, 0x27, 0x39, 0x7B, 0xDF,
    0xFA, 0x15, 0xD1, 0x6A, 0x62, 0x76, 0x07, 0xCB, 0x10, 0x12, 0x95, 0x8C, 0x60, 0x06, 0xCA, 0x81,
    0xF2, 0xA0, 0x6C, 0x14, 0x7D, 0x1E, 0x4C, 0x7F, 0x0E, 0xE6, 0xFF, 0x08, 0xBA, 0xDF, 0x07, 0x6F,
    0xD1, 0x76, 0x34, 0x81, 0xF1, 0x00, 0x66, 0x1D, 0x98, 0x37, 0xA0, 0x13, 0xB8, 0x80, 0x5B, 0x2C,
    0xED, 0xC1, 0xE0, 0x69, 0x45, 0x03, 0x22, 0x89, 0x4D, 0x47, 0xA4, 0x9B, 0x5E, 0x7D, 0x63, 0x7E,
    0x3B, 0xD8, 0xF1, 0xC5, 0x98, 0x10, 0xDC, 0xD3, 0x03, 0x64, 0x4F, 0x6F, 0x6E, 0x18, 0x3B, 0xE8,
    0x9B, 0xE7, 0xD0, 0x20, 0xF4, 0x19, 0xA0, 0xCE, 0xC7, 0x80, 0x29, 0xA7, 0x6C, 0x24, 0xF9, 0x3E,
    0xB4, 0x3E, 0x98, 0x21, 0x58, 0x2A, 0x7A, 0x16, 0x82, 0xA9, 0x12, 0x20, 0x1B, 0xDE, 0x95, 0x7C,
    0x57, 0x2D, 0xDE, 0xEA, 0x8A, 0x60, 0x95, 0x1A, 0x5D, 0xFA, 0x1E, 0xC2, 0x87, 0xEB, 0xDA, 0x3A,
    0x25, 0x3C, 0x2C, 0x00, 0x8F, 0x57, 0xDB, 0x56, 0x01, 0x3D, 0x0D, 0x6D, 0xED, 0x05, 0x72, 0x80,
    0xAB, 0x81, 0xF2, 0x9B, 0x8F, 0x54, 0x25, 0xB6, 0xC8, 0x17, 0x66, 0xAD, 0xF7, 0xDF, 0xF5, 0xBD,
    0x1F, 0x94, 0x4E, 0xBE, 0x5D, 0x4B, 0xFA, 0x5A, 0xD1, 0x82, 0xC5, 0x01, 0x59, 0x75, 0x00, 0x47,
    0x8F, 0x86, 0xCB, 0x92, 0xB7, 0xDA, 0x4D, 0x8C, 0x3B, 0x53, 0x32, 0x2B, 0x1F, 0xE8, 0xC6, 0x9D,
    0x2A, 0x9C, 0x34, 0xC5, 0x96, 0xBA, 0x90, 0x3C, 0xAA, 0x0E, 0x58, 0x06, 0x7C, 0x70, 0x73, 0x73,
    0x63, 0xC1, 0x2D, 0xCF, 0x1D, 0xF2, 0xBC, 0x2B, 0x11, 0xCB, 0x10, 0xF6, 0xD8, 0xA1, 0xFC, 0x33,
    0x85, 0x46, 0x30, 0x3D, 0xEF, 0x7F, 0xC7, 0x42, 0x25, 0x68, 0xC7, 0x6E, 0xB0, 0xD5, 0x31, 0x1E,
    0xB3, 0x3F, 0x5B, 0xC8, 0x97, 0xA7, 0x61, 0x13, 0xCE, 0x9E, 0xE6, 0x30, 0xBA, 0x77, 0xF4, 0x85,
    0x82, 0x98, 0x89, 0x51, 0x72, 0x42, 0x25, 0xAE, 0x15, 0x6D, 0x18, 0x9E, 0xA0, 0x67, 0x82, 0x1B,
    0xD9, 0xE8, 0x0B, 0x74, 0x6E, 0xFB, 0x37, 0x7A, 0xAD, 0xB3, 0x71, 0x3F, 0x4B, 0x09, 0xA1, 0x78,
    0x67, 0x7F, 0x60, 0x8D, 0xD2, 0x11, 0x9E, 0x04, 0x61, 0xC2, 0x2F, 0x92, 0x56, 0xE5, 0x79, 0xB0,
    0xAD, 0x42, 0x7A, 0x7B, 0x4E, 0x88, 0x5E, 0x54, 0x60, 0x25, 0x65, 0x76, 0x63, 0xBD, 0x08, 0x02,
    0x0D, 0x1E, 0x30, 0x8B, 0xB0, 0x79, 0x68, 0x40, 0xCE, 0xB4, 0xD4, 0x6C, 0x12, 0xDE, 0xAB, 0xEC,
    0x4E, 0xBE, 0x29, 0xDA, 0xB5, 0x26, 0x57, 0xAF, 0xE2, 0x79, 0xB4, 0xE7, 0x51, 0xA4, 0xD1, 0xAB,
    0xD0, 0xCF, 0x0C, 0x2C, 0x06, 0xF0, 0x62, 0xA9, 0x6A, 0xC5, 0x8B, 0x6B, 0x95, 0x2D, 0xF9, 0x5D,
    0x74, 0xBB, 0xA4, 0x66, 0xD3, 0x1C, 0x99, 0x75, 0xB3, 0xDE, 0x78, 0x1A, 0x4D, 0x7B, 0x23, 0xC4,
    0x00, 0x86, 0xA0, 0xCB, 0x05, 0x8D, 0xA2, 0x8F, 0x30, 0x61, 0x4A, 0x4C, 0xE9, 0x8D, 0x21, 0xA8,
    0x75, 0x2B, 0x2C, 0x9B, 0x7C, 0x85, 0xB6, 0xA1, 0xB1, 0x79, 0x53, 0xCF, 0xB9, 0xCE, 0x86, 0xCF,
    0x5D, 0x97, 0x4D, 0xFC, 0xA5, 0xE3, 0xEE, 0x7B, 0xCF, 0xCB, 0x9F, 0x0E, 0x19, 0x03, 0x72, 0x9F,
    0xB7, 0x45, 0xC3, 0x8C, 0xAB, 0xD2, 0xBB, 0xA7, 0xD3, 0xEF, 0x2F, 0x01, 0xB7, 0xE4, 0x63, 0x10,
    0xC4, 0xB0, 0xB9, 0x95, 0xA7, 0x89, 0xC7, 0xAC, 0x09, 0x44, 0x2F, 0x5B, 0xC1, 0xEA, 0x7D, 0x4C,
    0x4A, 0xAD, 0xC5, 0x04, 0xBC, 0x49, 0xC8, 0xA3, 0x02, 0x5B, 0xEE, 0xB0, 0x65, 0xC8, 0x1F, 0x01,
    0x81, 0xBD, 0xD6, 0x80, 0x72, 0xF5, 0x36, 0x4E, 0x3E, 0x7B, 0x00, 0x47, 0x7F, 0x4F, 0xCF, 0xBB,
    0x0E, 0xF9, 0x02, 0x88, 0xAB, 0x03, 0x16, 0xC0, 0x48, 0x16, 0x24, 0x77, 0x24, 0xB7, 0xBA, 0x3E,
    0x36, 0xB9, 0x03, 0xAE, 0x57, 0x48, 0x78, 0xE6, 0x67, 0x61, 0xF9, 0x20, 0xE2, 0x35, 0xC2, 0xDA,
    0x10, 0x98, 0xC2, 0xFE, 0xEC, 0x8A, 0xBC, 0xD5, 0xC4, 0x8B, 0x41, 0x0E, 0x01, 0xDC, 0xA3, 0xFB,
    0x86, 0xCA, 0xAA, 0x7A, 0xDF, 0x1B, 0x8A, 0x73, 0x70, 0x75, 0xE8, 0x20, 0xA1, 0xC6, 0x74, 0xE2,
    0x79, 0x1F, 0xB4, 0xC5, 0xA3, 0xAD, 0x6B, 0x85, 0xB8, 0xD8, 0x9C, 0xC1, 0x97, 0x4A, 0x3D, 0x73,
    0x85, 0x58, 0xD4, 0x9F, 0x41, 0x41, 0xD9, 0xFB, 0x21, 0xF3, 0x57, 0x6E, 0x1E, 0x49, 0xFC, 0x6B,
    0x61, 0x3C, 0x12, 0xC3, 0x1F, 0x15, 0xEC, 0x56, 0x3B, 0xBC, 0x61, 0xB0, 0x46, 0x69, 0xBE, 0xD9,
    0x46, 0x50, 0x3C, 0x8F, 0xA7, 0xDB, 0x18, 0xC0, 0x35, 0x8B, 0xC5, 0xC9, 0xCD, 0xA5, 0x2A, 0xA5,
    0x1D, 0x8D, 0x14, 0x6B, 0x4E, 0x86, 0x7B, 0x15, 0x65, 0x5E, 0x27, 0xB3, 0x2A, 0xE5, 0xB5, 0x2B,
    0x59, 0x06, 0xAC, 0x2F, 0x1C, 0x32, 0x91, 0xA8, 0x68, 0xEA, 0xC3, 0x35, 0xF1, 0x50, 0xAE, 0x14,
    0x09, 0x56, 0x65, 0xBA, 0x7D, 0x26, 0xB1, 0x28, 0xAB, 0xB7, 0x44, 0x51, 0x92, 0x99, 0xD5, 0xC9,
    0x5A, 0xA0, 0x68, 0x62, 0xD3, 0x2D, 0xB5, 0x0D, 0xF9, 0x4F, 0xFF, 0x72, 0x92, 0xA3, 0x0F, 0x66,
    0x36, 0xA8, 0xA8, 0x23, 0x1B, 0x63, 0x6B, 0xA8, 0xE9, 0x5E, 0xA9, 0xB7, 0x37, 0x75, 0x1D, 0x83,
    0xD9, 0xC1, 0xA3, 0xB8, 0x18, 0x99, 0xA3, 0x5A, 0xD8, 0xB9, 0x8C, 0x7C, 0x43, 0x26, 0x0B, 0x9D,
    0x1D, 0xD3, 0xDA, 0x96, 0xEF, 0xC1, 0x7B, 0x65, 0x28, 0x37, 0x05, 0x3E, 0xE1, 0x71, 0x62, 0x5B,
    0x0C, 0x2B, 0x21, 0xD9, 0x7F, 0xD5, 0x90, 0xFC, 0xA7, 0x0D, 0xC4, 0xFD, 0x55, 0x2B, 0xC8, 0x1F,
    0xF6, 0x10, 0x1F, 0xA2, 0xEE, 0xB2, 0x0A, 0x00, 0x93, 0x7D, 0xAF, 0x9E, 0x21, 0x83, 0x2C, 0x0C,
    0x20, 0x95, 0x10, 0x15, 0xBD, 0x84, 0x35, 0x00, 0x1E, 0x42, 0x4A, 0xEE, 0xC9, 0xCD, 0x07, 0x5D,
    0xF0, 0x66, 0x0C, 0x80, 0x8D, 0x14, 0x41, 0xC2, 0x3A, 0x64, 0x37, 0x87, 0x86, 0x2D, 0x21, 0xB6,
    0x5B, 0x08, 0x10, 0x55, 0x99, 0x77, 0x82, 0xC5, 0xE6, 0x5C, 0x0E, 0x92, 0x77, 0x55, 0x29, 0xEC,
    0x68, 0x61, 0x28, 0xF0, 0xF6, 0xE4, 0x32, 0x70, 0x2C, 0x05, 0x76, 0xB2, 0xAB, 0x6F, 0xDA, 0x28,
    0x63, 0x52, 0x02, 0xEE, 0x16, 0x30, 0x32, 0x50, 0xA7, 0xC8, 0x73, 0x6A, 0x36, 0x5C, 0x12, 0xBC,
    0xEE, 0x8F, 0x7C, 0xEE, 0xB4, 0x71, 0xE3, 0xF9, 0x04, 0xEE, 0xB6, 0xB2, 0x25, 0x58, 0xD5, 0xA0,
    0x6B, 0x8E, 0x58, 0x81, 0xF2, 0xF5, 0x21, 0x4F, 0x4C, 0xFE, 0xE8, 0x3A, 0x6C, 0x68, 0x0C, 0x02,
    0x1B, 0xF0, 0x3F, 0x74, 0xB8, 0xDE, 0xB0, 0x85, 0xA0, 0x82, 0x32, 0x32, 0x50, 0x6E, 0x29, 0xDF,
    0xE8, 0x45, 0x30, 0xB9, 0x8C, 0x43, 0xFB, 0x8E, 0x33, 0x30, 0xE5, 0xCF, 0x0C, 0x43, 0x20, 0xB2,
    0xBC, 0x18, 0xCF, 0xF2, 0x83, 0x2D, 0x58, 0x74, 0x27, 0x03, 0xDC, 0x04, 0x26, 0x0B, 0xB8, 0x0B,
    0xDD, 0xC8, 0xEE, 0x14, 0xFD, 0x9D, 0x0A, 0xEC, 0xA5, 0x04, 0x14, 0x3D, 0x8B, 0xBE, 0x76, 0x75,
    0xA9, 0x83, 0xCE, 0x97, 0x12, 0xB4, 0x5E, 0xE8, 0x7C, 0x16, 0x3A, 0x0F, 0xFA, 0xB1, 0x16, 0x2C,
    0x7A, 0x30, 0x1B, 0xC0, 0x64, 0x02, 0x63, 0x50, 0xBB, 0x19, 0x8C, 0x16, 0x50, 0x01, 0xED, 0xE3,
    0x91, 0x3C, 0xE0, 0xB1, 0x14, 0x1C, 0xE0, 0x76, 0xE4, 0xEC, 0x7A, 0xD0, 0x9A, 0x7D, 0xED, 0x5F,
    0xB1, 0xA0, 0xF3, 0xA3, 0x35, 0x91, 0x1B, 0xD7, 0xAB, 0xED, 0x08, 0x6B, 0xD4, 0x45, 0x52, 0xE9,
    0xA5, 0x61, 0xBD, 0x4E, 0x41, 0xD2, 0x2B, 0x02, 0x33, 0x75, 0x3B, 0x17, 0xE3, 0xC5, 0x52, 0x7D,
    0x52, 0xD1, 0xA8, 0x88, 0x17, 0x9F, 0x0C, 0x8E, 0x17, 0x51, 0xF5, 0xFB, 0x0A, 0xBA, 0x63, 0xB2,
    0x06, 0x91, 0xB3, 0xCB, 0xFB, 0x16, 0x86, 0x9E, 0x7B, 0xDA, 0x85, 0xC0, 0x91, 0xCC, 0x3A, 0xCE,
    0xD5, 0x71, 0xD4, 0xA3, 0xA7, 0xCA, 0x35, 0xA7, 0xA4, 0xAA, 0xCF, 0x48, 0xA9, 0xDD, 0x3A, 0x49,
    0x5E, 0x49, 0xCC, 0x3E, 0x59, 0xBD, 0x91, 0xF5, 0xA1, 0x6F, 0xC3, 0xD8, 0x72, 0x20, 0xAD, 0x20,
    0x45, 0x27, 0x48, 0xD6, 0x0B, 0x92, 0x4E, 0x82, 0xC4, 0x8B, 0x20, 0x91, 0x35, 0x10, 0xF9, 0x3B,
    0xE9, 0xBA, 0x55, 0x81, 0xB8, 0xAD, 0x12, 0xDB, 0x4F, 0x7C, 0xE8, 0xD3, 0x12, 0x8B, 0x6E, 0x46,
    0xF8, 0xDD, 0x18, 0xBC, 0xE9, 0x33, 0x40, 0xAE, 0x73, 0xE4, 0xF9, 0x67, 0x8C, 0xCE, 0xE6, 0xCA,
    0xE6, 0x22, 0x44, 0xB6, 0xCF, 0xE0, 0x66, 0x51, 0x5B, 0xC1, 0x33, 0x6C, 0x2C, 0x2E, 0x9F, 0xD7,
    0x1D, 0xCD, 0xC4, 0xD8, 0x64, 0xFA, 0xED, 0xEB, 0xA1, 0xB2, 0xBE, 0xB2, 0xBA, 0x18, 0x75, 0x7B,
    0xDC, 0xA2, 0xD1, 0x8A, 0xF1, 0x0C, 0x66, 0x03, 0xE8, 0x5A, 0xD0, 0xD7, 0x32, 0x02, 0xF7, 0x8A,
    0xE9, 0x08, 0xE6, 0x3D, 0x58, 0x35, 0x2B, 0x46, 0x94, 0xB3, 0x78, 0x02, 0xB3, 0x1E, 0x74, 0x20,
    0x31, 0x16, 0x9C, 0xC0, 0x8F, 0xB6, 0x88, 0x50, 0xAF, 0x08, 0xCB, 0x03, 0x87, 0x74, 0x02, 0xE3,
    0x05, 0x94, 0x95, 0x60, 0xD5, 0x80, 0x45, 0x0F, 0x66, 0xE3, 0x51, 0x9E, 0xC8, 0x74, 0x8C, 0xE8,
    0xAE, 0x45, 0x66, 0xD9, 0xAF, 0x13, 0xE8, 0xD6, 0xA5, 0xE1, 0xCD, 0x47, 0xF0, 0x9D, 0x90, 0xB1,
    0xB3, 0x1E, 0x6A, 0x3D, 0x4A, 0xD0, 0x6E, 0xA5, 0xA8, 0x21, 0xB6, 0x7E, 0x81, 0x26, 0xBF, 0xEA,
    0xE7, 0x45, 0x0C, 0xEF, 0xFD, 0xEC, 0xA1, 0xFF, 0xD4, 0xCF, 0x0C, 0xA2, 0xC5, 0x4A, 0x19, 0xAA,
    0xDD, 0x1F, 0xF5, 0x33, 0x43, 0x6C, 0x95, 0xF5, 0x33, 0x0B, 0xD4, 0x5B, 0x68, 0x2F, 0xAD, 0xB0,
    0x24, 0xBD, 0xA2, 0x69, 0xA5, 0xF1, 0xA8, 0x78, 0x5C, 0x29, 0xEB, 0xE6, 0x7E, 0xA5, 0xD1, 0xAC,
    0x14, 0xCA, 0xE4, 0xA6, 0x85, 0x7A, 0xE5, 0x0D, 0xD4, 0x95, 0x45, 0x0D, 0x75, 0x8D, 0x2B, 0xA1,
    0x79, 0xE3, 0x05, 0xCD, 0xBA, 0x59, 0xD0, 0xF4, 0x17, 0x93, 0xA0, 0xC9, 0x7F, 0x8F, 0x82, 0xC6,
    0x36, 0x40, 0x11, 0x1A, 0x4A, 0x60, 0xD9, 0x68, 0x13, 0x68, 0xB5, 0x51, 0x57, 0xAE, 0xD4, 0x97,
    0xEC, 0xAF, 0xD1, 0x9F, 0xB5, 0x58, 0x2F, 0x70, 0x10, 0x38, 0x81, 0x8B, 0x81, 0xB3, 0x95, 0xA0,
    0x6B, 0xC0, 0xA2, 0x03, 0xB3, 0x01, 0x4C, 0x26, 0x70, 0xB7, 0x80, 0x18, 0x7F, 0x59, 0x54, 0x35,
    0x60, 0xD1, 0x81, 0x59, 0x0F, 0x26, 0x13, 0x18, 0xCF, 0xA0, 0x4C, 0xA0, 0x6F, 0x40, 0xD7, 0x82,
    0x59, 0x0F, 0xA6, 0xE3, 0xED, 0x82, 0x9F, 0x80, 0x91, 0x81, 0xF2, 0x0B, 0xE8, 0x40, 0xE5, 0xA0,
    0x52, 0x50, 0x31, 0x10, 0xAE, 0x82, 0x08, 0xB4, 0x2D, 0x12, 0x95, 0x13, 0x28, 0x44, 0xB0, 0x7A,
    0xC7, 0x14, 0x59, 0xBD, 0xFE, 0x1A, 0xF2, 0xCA, 0x75, 0xB8, 0xBC, 0x58, 0xA5, 0x88, 0x9A, 0x68,
    0x01, 0xFD, 0xBF, 0x11, 0x43, 0x20, 0x44, 0xD1, 0x02, 0x91, 0x96, 0x10, 0x46, 0xED, 0x25, 0x48,
    0x28, 0x60, 0xC7, 0xE2, 0x30, 0xDB, 0x58, 0x53, 0x91, 0x92, 0x31, 0xA3, 0xDA, 0x6C, 0x48, 0x66,
    0x21, 0x04, 0x91, 0x1D, 0x1B, 0xD8, 0xC0, 0xA8, 0x2A, 0xA2, 0xE9, 0x2C, 0xA2, 0xE9, 0x71, 0x97,
    0x70, 0x5B, 0xA7, 0x79, 0x7B, 0xAF, 0x14, 0xD3, 0x17, 0xC0, 0x4A, 0xBB, 0xFA, 0x73, 0x46, 0x7F,
    0x55, 0xBD, 0xC1, 0xCE, 0xB6, 0xC1, 0x3A, 0x7E, 0x1E, 0xA4, 0x64, 0x29, 0x7A, 0x94, 0xD0, 0x6E,
    0x23, 0x61, 0x18, 0xC0, 0x5B, 0xD9, 0xD5, 0xE5, 0x27, 0xEE, 0x2D, 0xBF, 0x41, 0x5A, 0x5F, 0x3E,
    0x3B, 0xAD, 0x9B, 0xB8, 0xBE, 0x1E, 0x88, 0xFC, 0x36, 0xB4, 0xF6, 0x3A, 0xCE, 0xE2, 0x14, 0x1B,
    0x48, 0xC3, 0x20, 0xAA, 0x7A, 0x90, 0xCC, 0x76, 0x53, 0xEA, 0x64, 0x6A, 0x5B, 0xCB, 0x6E, 0xDE,
    0x0F, 0x13, 0x5C, 0x77, 0x1A, 0xFC, 0xA6, 0x17, 0x61, 0x32, 0x9E, 0x84, 0xEA, 0x4E, 0xD8, 0xBA,
    0x86, 0xDB, 0x22, 0xB0, 0x5B, 0xF1, 0xC6, 0x83, 0x64, 0x59, 0x31, 0x9E, 0xC0, 0xDD, 0x0C, 0x6E,
    0x77, 0x55, 0x1F, 0xC3, 0x7C, 0xDE, 0x83, 0xE9, 0x56, 0xEF, 0xB3, 0x93, 0x6C, 0x5A, 0xB0, 0x1D,
    0xDB, 0x31, 0x4B, 0xEE, 0x53, 0x20, 0x9F, 0x75, 0xDD, 0xBA, 0x4E, 0x2A, 0x79, 0xAF, 0xAA, 0x3C,
    0x07, 0x14, 0x1F, 0x26, 0x0B, 0x61, 0x23, 0xA5, 0x44, 0x23, 0x78, 0x80, 0xB7, 0x56, 0x4A, 0x51,
    0xA7, 0xAE, 0xAD, 0xDE, 0xAF, 0x98, 0xDD, 0xF9, 0x2E, 0xDB, 0x19, 0xD0, 0xDC, 0x12, 0x9F, 0xB8,
    0x23, 0xC4, 0xEE, 0x83, 0xEE, 0x12, 0x36, 0xCF, 0x74, 0xF1, 0x36, 0x06, 0xC1, 0xEF, 0xFD, 0x09,
    0x3E, 0xB8, 0xF9, 0xE0, 0xC9, 0xCD, 0xF7, 0xC3, 0xBE, 0xD4, 0x6F, 0x26, 0xBA, 0x32, 0xF8, 0xF0,
    0x17, 0x87, 0xEE, 0x59, 0x6C, 0xD8, 0xBC, 0x2C, 0x5A, 0xD4, 0x9C, 0xF7, 0xFB, 0x6E, 0x90, 0xF7,
    0xB1, 0x95, 0x91, 0xEF, 0xA2, 0xE0, 0x9E, 0x6E, 0xEF, 0xFB, 0xD8, 0xE9, 0xDE, 0x36, 0x6D, 0x53,
    0x51, 0xFB, 0x60, 0x67, 0x38, 0xC9, 0x0B, 0x56, 0x32, 0xD1, 0xB2, 0x88, 0x11, 0x06, 0x96, 0x7B,
    0x92, 0x0C, 0x84, 0x17, 0x52, 0x3C, 0xD9, 0x41, 0x3A, 0xB1, 0x70, 0xA6, 0x66, 0x93, 0x28, 0xEB,
    0xE1, 0x25, 0x7E, 0xBE, 0x14, 0x4F, 0x4C, 0xBC, 0x27, 0xD7, 0x9A, 0x7B, 0x37, 0x41, 0xFA, 0xE0,
    0x0C, 0x03, 0xFC, 0x14, 0x8F, 0x69, 0x7F, 0xEC, 0xC0, 0xD1, 0x1C, 0x34, 0xBB, 0x14, 0x0D, 0xC4,
    0xBB, 0x1A, 0x52, 0x55, 0x25, 0xC4, 0x19, 0xB8, 0x3F, 0xE7, 0xCC, 0xE7, 0xD3, 0x6E, 0x4A, 0xB8,
    0x11, 0xD9, 0x28, 0x98, 0xF6, 0x94, 0x73, 0x1D, 0x75, 0x21, 0x14, 0x9D, 0x36, 0xEF, 0x90, 0xD2,
    0xF7, 0x48, 0x93, 0xD3, 0xA7, 0x06, 0xC4, 0xA3, 0xD2, 0x65, 0xDA, 0x52, 0xBB, 0x79, 0x42, 0x72,
    0x9A, 0x38, 0xCE, 0x92, 0x2F, 0x93, 0x51, 0xF1, 0xB0, 0x6C, 0x3D, 0x2F, 0xE9, 0xFD, 0x96, 0x4A,
    0xFB, 0xAA, 0x0C, 0xF3, 0xB0, 0xAC, 0x73, 0xF5, 0x6E, 0x42, 0x07, 0xEC, 0x80, 0x85, 0xEE, 0x59,
    0x34, 0xEC, 0x8E, 0x87, 0x83, 0xB2, 0xAC, 0xA5, 0x8D, 0x55, 0xC9, 0xD8, 0x4D, 0x33, 0x5D, 0x5D,
    0x89, 0x71, 0x9E, 0x0A, 0x6D, 0xE5, 0x9D, 0x75, 0x08, 0xCC, 0x0E, 0x3A, 0xCD, 0xCE, 0x7F, 0xCC,
    0xF2, 0x9D, 0x06, 0x64, 0x3F, 0xE3, 0xB8, 0xC4, 0x91, 0xFA, 0xE5, 0x28, 0xCD, 0x34, 0x27, 0xFD,
    0xE5, 0x20, 0xDD, 0xD2, 0xC4, 0x84, 0x03, 0xBA, 0xAA, 0x42, 0x6B, 0xBF, 0x82, 0x95, 0x27, 0x65,
    0xF8, 0x22, 0x2A, 0xD9, 0x11, 0xA9, 0x8A, 0x29, 0xC4, 0xAC, 0xBD, 0x7E, 0xAC, 0xDE, 0xBA, 0xA5,
    0xAC, 0xC4, 0x88, 0x41, 0x4F, 0xEC, 0x9F, 0x76, 0x0A, 0x5B, 0xA7, 0xE8, 0x8A, 0xC6, 0x61, 0x7A,
    0xAC, 0x45, 0xE5, 0x46, 0x2B, 0x48, 0x46, 0xB3, 0x78, 0xC1, 0x6B, 0x85, 0x96, 0x30, 0x7D, 0xE9,
    0x8E, 0xC1, 0x5C, 0xE6, 0x41, 0x55, 0x0B, 0x18, 0xAA, 0x27, 0xB0, 0x9D, 0xFE, 0xE7, 0x16, 0x85,
    0x9C, 0xE5, 0xA1, 0x1C, 0x0D, 0xEF, 0x0E, 0xE3, 0x44, 0xA8, 0x81, 0xFA, 0x08, 0x71, 0x54, 0x6D,
    0x42, 0x16, 0xBC, 0x89, 0x17, 0x45, 0xBB, 0xC9, 0x89, 0xDF, 0x61, 0x71, 0x58, 0xC4, 0xB3, 0x60,
    0x18, 0x99, 0xBC, 0xF0, 0x9F, 0xAA, 0xC6, 0x99, 0x08, 0x59, 0x9C, 0x15, 0x92, 0x9B, 0x32, 0x05,
    0x9C, 0xE5, 0xEA, 0x43, 0xEC, 0x84, 0xAD, 0x2F, 0x79, 0xE8, 0x9A, 0x64, 0xA4, 0xEA, 0x90, 0x19,
    0x3B, 0x24, 0xA3, 0x83, 0xF1, 0x54, 0x95, 0x87, 0x55, 0xB5, 0xCD, 0xC7, 0x63, 0x93, 0xA2, 0x07,
    0x11, 0xE1, 0xD3, 0x63, 0x61, 0xF4, 0x4D, 0x07, 0x36, 0x01, 0xDF, 0x64, 0xA3, 0xBE, 0xA6, 0x29,
    0xC7, 0xA3, 0xAC, 0xE0, 0xDD, 0xC4, 0xF7, 0xE3, 0x96, 0xF9, 0x17, 0x90, 0x85, 0xB3, 0xB0, 0x70,
    0xFE, 0xD5, 0x9C, 0xA2, 0xB7, 0x6E, 0xBB, 0xAF, 0x4A, 0x2F, 0x7D, 0x2E, 0xF7, 0xD5, 0x65, 0xA8,
    0xE2, 0xC1, 0xCD, 0xA3, 0x0A, 0x51, 0xB6, 0x8E, 0x9D, 0x37, 0x0A, 0xB6, 0xEF, 0x89, 0x1F, 0xB8,
    0xCF, 0xB6, 0x21, 0x8E, 0x79, 0x68, 0x06, 0x99, 0x5D, 0xBD, 0x65, 0x6E, 0x8F, 0x99, 0xE3, 0x21,
    0xB4, 0x30, 0x22, 0xF3, 0x42, 0xCB, 0xC9, 0x5C, 0x1E, 0x33, 0x67, 0x64, 0x86, 0x6B, 0xBF, 0xE7,
    0xEA, 0x99, 0x3F, 0x71, 0x5F, 0xBC, 0xD3, 0x2A, 0xFB, 0x5C, 0xEE, 0xAB, 0xEB, 0xAD, 0x8A, 0x75,
    0xD1, 0x2E, 0xBD, 0xA5, 0x93, 0xB3, 0xBD, 0x06, 0xA4, 0x4F, 0x6B, 0x47, 0x6F, 0x57, 0xFC, 0x51,
    0xF8, 0xDC, 0x07, 0xF9, 0xD9, 0x07, 0xD5, 0xF6, 0x45, 0x8A, 0x5B, 0xA9, 0xC4, 0x6E, 0xA9, 0x34,
    0xAD, 0xEF, 0x15, 0xF1, 0x85, 0x08, 0xF7, 0x6E, 0x10, 0x8D, 0x99, 0xA8, 0x4A, 0xB7, 0xE1, 0xDC,
    0x3B, 0x28, 0xB2, 0x76, 0x82, 0xC9, 0x05, 0x1B, 0xE7, 0x38, 0xDD, 0xE2, 0x80, 0xF0, 0x6F, 0x8B,
    0x7B, 0x6F, 0x41, 0x3E, 0xAC, 0x12, 0xD2, 0x5A, 0x11, 0x43, 0xF0, 0xB5, 0x59, 0x19, 0x6D, 0xF3,
    0xC8, 0xAA, 0xD7, 0xF7, 0x94, 0x1E, 0x0F, 0xD3, 0xCE, 0xE0, 0xDE, 0x37, 0x26, 0xBE, 0xEC, 0x99,
    0xC8, 0x3C, 0x25, 0xF6, 0xD7, 0xBB, 0x29, 0x1B, 0x88, 0x6B, 0xED, 0x0A, 0xAE, 0x01, 0x6A, 0xC5,
    0xA4, 0x12, 0x20, 0x9B, 0x8A, 0x4E, 0xD5, 0x94, 0x2D, 0xEF, 0xCF, 0x6B, 0x66, 0xEB, 0x27, 0x99,
    0x95, 0x93, 0xEE, 0x5D, 0x4A, 0x0F, 0x82, 0x42, 0x5E, 0x19, 0x1F, 0x3C, 0x5A, 0x31, 0xB5, 0x65,
    0x45, 0x67, 0xD6, 0xA8, 0xE2, 0x88, 0x4D, 0xD5, 0x40, 0x04, 0xAC, 0x3A, 0x44, 0xAE, 0xC2, 0x99,
    0x4F, 0xBD, 0x3F, 0x30, 0xF7, 0x7B, 0x14, 0x06, 0x38, 0x43, 0x9E, 0x07, 0xDC, 0xE7, 0x6F, 0x02,
    0x12, 0xFF, 0xAB, 0x5E, 0x70, 0x9B, 0x94, 0xAF, 0x9C, 0xFD, 0x13, 0xEB, 0xF5, 0xB0, 0x60, 0xAC,
    0x7D, 0x37, 0x09, 0x01, 0xE3, 0xA2, 0x94, 0x82, 0xF6, 0x8A, 0x6D, 0xEB, 0x4C, 0xB1, 0xFD, 0xAD,
    0x27, 0x28, 0x47, 0xCA, 0xFB, 0xB3, 0x73, 0x41, 0xEA, 0x90, 0xD7, 0xF3, 0xE0, 0x38, 0x1B, 0x6B,
    0x80, 0x76, 0xDF, 0x4D, 0xB3, 0x59, 0xF7, 0x15, 0x1B, 0xEC, 0x01, 0xE5, 0x87, 0x03, 0x1F, 0xED,
    0x35, 0xE8, 0x5F, 0x05, 0xEF, 0xDF, 0x94, 0x2B, 0x56, 0x36, 0x78, 0xED, 0xCC, 0xE6, 0x4A, 0x89,
    0x5D, 0x79, 0x43, 0x75, 0x99, 0xB1, 0xB2, 0x8B, 0x0D, 0x09, 0xA2, 0x15, 0x37, 0xED, 0x81, 0xBE,
    0x7C, 0xE1, 0xE7, 0x09, 0xE5, 0xD9, 0x49, 0x1A, 0x08, 0x07, 0xE4, 0x8F, 0x0D, 0x5D, 0xE4, 0xA8,
    0xE5, 0x89, 0x55, 0x8A, 0x38, 0x26, 0x46, 0x59, 0xDD, 0x8A, 0x6C, 0xD4, 0xA3, 0xBD, 0x9A, 0x07,
    0x93, 0x44, 0xF3, 0xE2, 0x55, 0x98, 0x36, 0x1B, 0xD6, 0xA2, 0x1C, 0xDE, 0x0D, 0xAE, 0xC1, 0x93,
    0x6A, 0xED, 0x88, 0xD5, 0xBB, 0xD9, 0x7F, 0xF7, 0xEA, 0xEB, 0xE1, 0x60, 0x27, 0xC0, 0x1A, 0x4A,
    0x7F, 0xF0, 0x71, 0xDA, 0x2B, 0xDA, 0xFD, 0xE0, 0x94, 0x2E, 0xD2, 0xDF, 0xEF, 0xEC, 0xA9, 0x1F,
    0xE4, 0x8D, 0x55, 0x02, 0x9B, 0x9B, 0xBA, 0xB8, 0x64, 0x56, 0x7B, 0x27, 0xF4, 0xAA, 0x70, 0x84,
    0x56, 0x0C, 0x5F, 0x3D, 0x37, 0x16, 0xA0, 0x0D, 0x88, 0x57, 0xCA, 0xCD, 0x7A, 0x55, 0xC0, 0x9B,
    0xFE, 0x06, 0x0F, 0x94, 0x3E, 0x47, 0xC0, 0x4E, 0x17, 0xC2, 0x4E, 0x0E, 0xAD, 0xCD, 0x4E, 0x89,
    0x7D, 0xD7, 0xFB, 0xFF, 0xCB, 0x4E, 0x7A, 0x39, 0x3B, 0x79, 0x4A, 0x3D, 0xD7, 0x4E, 0x1E, 0x5B,
    0x4C, 0x5E, 0xD8, 0xC9, 0x63, 0xA7, 0x33, 0x1F, 0xB2, 0x03, 0xD2, 0x43, 0xFE, 0x1F, 0xEB, 0x55,
    0x65, 0x8F, 0x55, 0x21, 0x98, 0x71, 0x9E, 0x8B, 0x1D, 0x09, 0x27, 0x8F, 0xF1, 0xCF, 0x57, 0x6A,
    0xF6, 0x83, 0xEF, 0x73, 0x70, 0x6E, 0x65, 0xC5, 0x92, 0x81, 0x5E, 0x3D, 0xAC, 0x5C, 0xD3, 0xA9,
    0xA2, 0x4F, 0x57, 0x0D, 0x5E, 0x50, 0x33, 0x03, 0x28, 0x0F, 0xA0, 0x4F, 0x09, 0x5F, 0x93, 0x2F,
    0x7D, 0xED, 0xCB, 0xDF, 0x51, 0xB8, 0x2E, 0x54, 0xBD, 0xC2, 0x9F, 0x76, 0x8F, 0x08, 0xA5, 0xE9,
    0x08, 0xEE, 0x3A, 0x1D, 0xAE, 0xE8, 0x52, 0x49, 0xFF, 0x19, 0xDE, 0xE1, 0xB3, 0x9E, 0x2F, 0x17,
    0x5D, 0xC5, 0x18, 0x5D, 0x16, 0xE3, 0xAB, 0x2A, 0x76, 0x0D, 0xB7, 0x2B, 0xB8, 0x76, 0x05, 0xAB,
    0x2B, 0xB6, 0x0A, 0x2B, 0xC4, 0xAE, 0x44, 0x6C, 0x96, 0xAF, 0x55, 0xED, 0x88, 0xA6, 0xC9, 0xB4,
    0x42, 0xDE, 0xAF, 0xE0, 0xDA, 0x15, 0xAC, 0x07, 0x78, 0xF6, 0x33, 0xDE, 0xD6, 0x56, 0xAA, 0xC2,
    0x65, 0x2A, 0x3C, 0x66, 0x63, 0x10, 0xCF, 0x82, 0x29, 0x50, 0x35, 0x2B, 0x14, 0xDD, 0x0A, 0xD9,
    0xF8, 0x40, 0xD5, 0xA7, 0xFA, 0x7B, 0x8D, 0x20, 0x7F, 0xFF, 0x3D, 0xE9, 0x21, 0x71, 0xDE, 0x5B,
    0x27, 0x42, 0xFD, 0x77, 0xCC, 0x26, 0xA2, 0xBD, 0xFD, 0xF4, 0xEE, 0x5B, 0x0B, 0x01, 0xBF, 0x60,
    0xC8, 0x52, 0xC5, 0x71, 0xBA, 0x08, 0xE3, 0x8C, 0x39, 0x22, 0xAA, 0xD7, 0x2C, 0xBD, 0x99, 0x8E,
    0x97, 0x27, 0x89, 0x41, 0x24, 0xF4, 0x6B, 0x48, 0xBC, 0x86, 0x6B, 0x3F, 0xFC, 0x42, 0x5D, 0x5B,
    0x11, 0x41, 0x6A, 0xFB, 0x06, 0x89, 0x61, 0x5D, 0xB1, 0xAD, 0xB5, 0x2A, 0xA3, 0x5A, 0xE5, 0x1D,
    0x4E, 0xB0, 0x05, 0xEB, 0x3A, 0x0C, 0x84, 0x08, 0x1A, 0x96, 0x03, 0xCF, 0x43, 0xF2, 0xAC, 0x48,
    0xFE, 0x9A, 0xB2, 0xBE, 0x2C, 0xDA, 0xED, 0xF8, 0x91, 0x4D, 0xEB, 0x99, 0x18, 0xB2, 0x33, 0x86,
    0x49, 0xA2, 0x2D, 0x0B, 0xB5, 0xE3, 0x30, 0x89, 0x45, 0x37, 0x73, 0x0A, 0x25, 0xB4, 0x27, 0xC3,
    0xF6, 0x24, 0xF4, 0x30, 0x3F, 0x33, 0x6C, 0x07, 0x0C, 0xC3, 0xB6, 0x7F, 0xB5, 0x61, 0x3B, 0x09,
    0xC3, 0xF6, 0xB0, 0x0D, 0xDB, 0xD4, 0x88, 0x97, 0x23, 0x4F, 0x25, 0xE4, 0x81, 0xCF, 0x2B, 0xE2,
    0x73, 0xC2, 0xF2, 0x95, 0xF7, 0x5F, 0xC8, 0xF0, 0xE9, 0x15, 0xBD, 0x20, 0x2C, 0xBF, 0x0A, 0x62,
    0x8B, 0x87, 0xB1, 0xB5, 0x0F, 0x33, 0x6B, 0x2B, 0xF7, 0xA4, 0xA9, 0x6E, 0x85, 0x1D, 0xB0, 0x02,
    0x1A, 0x0C, 0x2B, 0xFC, 0xA0, 0xA3, 0x57, 0xFE, 0xE9, 0xF5, 0x9B, 0x92, 0x71, 0x75, 0x64, 0xC0,
    0x9C, 0xD7, 0x45, 0xC6, 0xD7, 0x27, 0x79, 0xCC, 0x8F, 0x1F, 0x06, 0xF0, 0x40, 0xD5, 0xEE, 0x97,
    0xFA, 0x29, 0x23, 0x85, 0xCC, 0x4A, 0x92, 0x3D, 0xAF, 0xA6, 0xC3, 0xF1, 0xAA, 0x1D, 0xF3, 0x03,
    0xA6, 0x01, 0xBF, 0xB5, 0x27, 0x1F, 0x4C, 0x0A, 0xDF, 0xE7, 0x51, 0x8C, 0x33, 0x56, 0x6A, 0x08,
    0x53, 0xEC, 0x87, 0x92, 0x6E, 0x43, 0x55, 0xBB, 0xE5, 0xEA, 0x72, 0xCD, 0xD1, 0x33, 0x6A, 0xBF,
    0x69, 0x37, 0x8F, 0x78, 0xF6, 0x89, 0x7E, 0xC6, 0x0F, 0xA5, 0x3C, 0xE5, 0x90, 0xB7, 0x57, 0x82,
    0x9C, 0x17, 0xBA, 0xC0, 0x0A, 0x9E, 0x55, 0xC7, 0x27, 0x87, 0xDD, 0x01, 0xE2, 0x0D, 0x4A, 0x25,
    0x84, 0x84, 0x6C, 0x72, 0x4C, 0x9C, 0x73, 0x5B, 0x27, 0xCE, 0xA9, 0xD9, 0xC0, 0x7C, 0xBB, 0x0E,
    0x13, 0xE7, 0x2B, 0xD1, 0xA7, 0x42, 0x9F, 0x0C, 0xB6, 0x0A, 0x7E, 0x43, 0x6F, 0xE4, 0xE8, 0x20,
    0x6C, 0xED, 0x6C, 0x5B, 0x3A, 0xF1, 0x48, 0x22, 0x65, 0x43, 0x67, 0x7D, 0xC8, 0xAB, 0xBC, 0x15,
    0x99, 0x0F, 0x1F, 0xFB, 0x12, 0x1D, 0xF7, 0x9D, 0x3C, 0x6F, 0x69, 0x6F, 0xF6, 0x2F, 0x13, 0x86,
    0xF9, 0x08, 0x4C, 0xD8, 0x97, 0x60, 0x27, 0xE2, 0xF0, 0x81, 0x8C, 0xAC, 0x01, 0xFD, 0x8A, 0x17,
    0x0C, 0x76, 0x90, 0xAA, 0xA4, 0x0F, 0x04, 0x86, 0xD9, 0xB4, 0x39, 0x31, 0x5B, 0x38, 0x0B, 0xD5,
    0xB9, 0x45, 0xD1, 0x84, 0x60, 0xAE, 0xDA, 0xC4, 0xA8, 0xDC, 0xF6, 0xB9, 0xEA, 0xAD, 0xAB, 0x93,
    0x01, 0x39, 0xE7, 0xA2, 0x49, 0xFB, 0xF5, 0x61, 0x34, 0xE5, 0x0D, 0xC2, 0x4F, 0xBB, 0x31, 0x6B,
    0xB3, 0x6E, 0xCD, 0x1F, 0x0F, 0x69, 0xC7, 0xAE, 0xC5, 0x9C, 0xF4, 0x49, 0x8F, 0xD8, 0x4B, 0xDA,
    0xC7, 0x03, 0x92, 0xFB, 0xAC, 0x8D, 0x47, 0x87, 0xA7, 0x66, 0x4D, 0x34, 0x55, 0x28, 0xE4, 0x9D,
    0x46, 0x93, 0x27, 0xF1, 0x41, 0xA9, 0x99, 0xB6, 0x14, 0x5E, 0xBA, 0x9D, 0x69, 0x9A, 0x6D, 0xAE,
    0xC5, 0x60, 0xE1, 0x48, 0x20, 0x68, 0x31, 0x6C, 0x9F, 0xDD, 0xE4, 0x98, 0xB4, 0xE4, 0x47, 0xCA,
    0xCA, 0x74, 0x24, 0x18, 0xC5, 0x13, 0x77, 0x88, 0x71, 0xAA, 0x6A, 0x34, 0x5C, 0xB4, 0x54, 0x1D,
    0xBE, 0xA8, 0x48, 0x9E, 0x86, 0x2D, 0x99, 0xB0, 0xF5, 0xD2, 0x1F, 0x1C, 0x3B, 0xA4, 0xC3, 0xF3,
    0x90, 0x87, 0xFC, 0x94, 0x0D, 0xD1, 0xF3, 0x10, 0x37, 0x63, 0x0E, 0xFB, 0x18, 0xA3, 0x76, 0x0B,
    0xFF, 0x06, 0xBD, 0xAD, 0xBF, 0xCD, 0xC4, 0x25, 0x69, 0x77, 0x0C, 0xB8, 0xC1, 0x76, 0xC1, 0x8E,
    0x68, 0x0F, 0xF1, 0xC6, 0xBD, 0x89, 0x87, 0x60, 0xF7, 0xE0, 0x03, 0x64, 0x2E, 0x60, 0x55, 0x06,
    0x86, 0x98, 0x38, 0xC7, 0xC4, 0xEB, 0xBB, 0x85, 0x26, 0xFF, 0x02, 0xA9, 0x62, 0x4C, 0xBC, 0x7D,
    0x1D, 0x1A, 0x05, 0xF9, 0x83, 0x89, 0xFD, 0xE9, 0x77, 0x13, 0xF5, 0xF9, 0xEC, 0x8F, 0x6A, 0x74,
    0xBE, 0xA3, 0x50, 0x50, 0xD4, 0x5B, 0x23, 0x50, 0x22, 0x9C, 0x80, 0xF7, 0x38, 0x5A, 0x2F, 0xCC,
    0xAC, 0x06, 0xEA, 0xD7, 0xB7, 0xAD, 0x0F, 0xDB, 0x4A, 0x63, 0x76, 0x34, 0xB3, 0xAF, 0x89, 0xE6,
    0x46, 0xCB, 0xFE, 0x65, 0xCA, 0xCB, 0xBC, 0xDB, 0xBF, 0xB4, 0x30, 0xE1, 0x14, 0xAD, 0x0D, 0x85,
    0xF0, 0xF7, 0xB0, 0xA9, 0xDC, 0x1C, 0x41, 0xBA, 0xFF, 0x48, 0xF2, 0x44, 0xE2, 0x4E, 0xD9, 0x52,
    0x62, 0x57, 0x14, 0x11, 0x94, 0xF1, 0xA2, 0x5F, 0x2D, 0xD1, 0xF7, 0x4C, 0xC2, 0x6C, 0x08, 0x6A,
    0x13, 0x36, 0x14, 0xDA, 0x27, 0xCF, 0x8B, 0x7E, 0xC7, 0x3A, 0xA8, 0x2F, 0x5B, 0x6A, 0x51, 0x3F,
    0x72, 0x28, 0x7A, 0xF4, 0xA6, 0x7B, 0xD9, 0x4B, 0x7F, 0xA6, 0x50, 0xC8, 0x4F, 0x0A, 0xDF, 0x63,
    0xD9, 0x71, 0x23, 0xE3, 0xC5, 0xBF, 0x26, 0xE8, 0x23, 0xBB, 0xDB, 0xF6, 0xEA, 0xAB, 0x4D, 0x05,
    0xC3, 0x49, 0xD3, 0x5F, 0xCC, 0x83, 0x7A, 0x22, 0x0B, 0x9F, 0xBD, 0xF9, 0x31, 0xF8, 0xC0, 0x9F,
    0x68, 0x5B, 0xA8, 0xE5, 0xD6, 0xE9, 0xBE, 0xB7, 0xA5, 0xFC, 0x0B, 0xFB, 0xC0, 0x6C, 0xE9, 0x99,
    0x19, 0xD6, 0xDA, 0x59, 0x2B, 0xAE, 0xFF, 0x05, 0xE5, 0x9B, 0x01, 0xC4, 0x26, 0xD7, 0x7A, 0xC7,
    0x7F, 0x33, 0xB3, 0xFB, 0xCD, 0xBD, 0x99, 0x36, 0x13, 0xEC, 0xAA, 0x64, 0xE9, 0x00, 0x24, 0x97,
    0x66, 0x00, 0xE0, 0x6E, 0xCE, 0x49, 0x8B, 0x22, 0xF0, 0x61, 0xDF, 0x5B, 0x1A, 0xA4, 0x28, 0x7A,
    0xB7, 0xDA, 0x2D, 0xA0, 0x21, 0xD9, 0x33, 0x75, 0x51, 0x5C, 0xF4, 0x43, 0xD2, 0x02, 0x1A, 0xA4,
    0x95, 0xBC, 0xC1, 0x16, 0x41, 0xB0, 0xFB, 0xCD, 0xB9, 0x2D, 0x0A, 0xE8, 0x14, 0xB7, 0x45, 0x70,
    0xA7, 0x9A, 0x28, 0x81, 0x9C, 0xF6, 0xCE, 0xCA, 0xEC, 0x66, 0x66, 0x9E, 0x7E, 0xE7, 0xF1, 0xBE,
    0xDF, 0xFB, 0x6E, 0x57, 0x92, 0x2F, 0xB9, 0xD9, 0xFA, 0x64, 0xCF, 0xF7, 0xBE, 0xFF, 0xFF, 0xB3,
    0xEF, 0x9C, 0xF3, 0x9C, 0xE7, 0xF9, 0x9F, 0x99, 0x33, 0xE7, 0xCC, 0xFB, 0xEE, 0x0F, 0x68, 0xBD,
    0x78, 0xF1, 0xAD, 0x7F, 0x1E, 0xB4, 0x3C, 0x4F, 0x8D, 0xF9, 0xBF, 0x7F, 0xD6, 0x58, 0xB7, 0xFD,
    0x6B, 0xDA, 0xCD, 0xDF, 0x75, 0x8B, 0x16, 0x5E, 0x78, 0x00, 0x92, 0xF6, 0x23, 0xA8, 0x45, 0x3C,
    0x72, 0x02, 0x99, 0xFC, 0xFC, 0x86, 0x2D, 0x66, 0xA0, 0x0C, 0x40, 0xD5, 0x03, 0xC6, 0x9F, 0x42,
    0xF3, 0xA5, 0xE0, 0x81, 0xBA, 0xDB, 0x36, 0x2B, 0x07, 0x20, 0x5F, 0x38, 0xF0, 0x69, 0xF4, 0x4C,
    0x1B, 0xA1, 0x90, 0x05, 0x70, 0xF6, 0xA1, 0x30, 0xB8, 0xCC, 0x69, 0xA9, 0xE5, 0x08, 0x62, 0x23,
    0x28, 0x14, 0xAB, 0x81, 0x3B, 0xEA, 0xFF, 0x02, 0xB8, 0x86, 0xAD, 0x07, 0x5A, 0xCE, 0x88, 0xAD,
    0x88, 0x34, 0x1B, 0xBC, 0x2E, 0xEB, 0xB5, 0x3D, 0x5B, 0x5B, 0x89, 0x90, 0xCC, 0x11, 0xB3, 0x51,
    0x23, 0xBB, 0xBB, 0x5A, 0xAD, 0x6C, 0xF4, 0x23, 0xDD, 0x3E, 0x02, 0xF0, 0x6B, 0xC0, 0x9F, 0x99,
    0x74, 0x79, 0x71, 0x32, 0x9F, 0xCA, 0xE7, 0x63, 0x29, 0x22, 0x7D, 0x36, 0xE3, 0x7C, 0x1E, 0x28,
    0x7D, 0xD1, 0x91, 0xF7, 0xA5, 0x27, 0x0B, 0x65, 0x43, 0x7A, 0x0A, 0x59, 0xD0, 0xCF, 0x8A, 0x9E,
    0xA2, 0xCB, 0x46, 0x6A, 0x9F, 0xCB, 0x5F, 0x8B, 0xAF, 0x44, 0x24, 0x98, 0x9F, 0xCA, 0x7F, 0x4E,
    0xCF, 0xB3, 0x62, 0xB8, 0x00, 0x3C, 0x65, 0x2C, 0xA4, 0xA3, 0xF1, 0x90, 0x8F, 0x65, 0x0F, 0x65,
    0x28, 0x02, 0x54, 0xB1, 0x15, 0xC6, 0xA7, 0x93, 0x8A, 0xB2, 0x80, 0x40, 0xAB, 0x41, 0x9B, 0x26,
    0x9B, 0x88, 0x1E, 0x03, 0x94, 0x7D, 0x6C, 0x92, 0x87, 0xCA, 0xC7, 0x54, 0x4C, 0x03, 0xC9, 0xE4,
    0x00, 0x74, 0x3C, 0x70, 0x13, 0x10, 0x33, 0xD9, 0xE2, 0xFA, 0xD6, 0xFD, 0x35, 0xB1, 0x19, 0xFB,
    0x78, 0xB6, 0x3A, 0x7B, 0xF8, 0x03, 0xF3, 0x60, 0xE1, 0xB4, 0x98, 0x87, 0x8E, 0x5C, 0x59, 0x8E,
    0x48, 0x45, 0x16, 0xA2, 0x70, 0xD4, 0x3D, 0x7F, 0xB2, 0x39, 0xAD, 0x2C, 0xA8, 0x15, 0x3F, 0x83,
    0x72, 0x01, 0x32, 0x19, 0x20, 0x11, 0xB1, 0x14, 0xF7, 0x25, 0x50, 0xF9, 0x6A, 0xC6, 0xD8, 0x44,
    0x30, 0xE0, 0xAC, 0x81, 0xBA, 0x31, 0x36, 0x82, 0xA7, 0xB6, 0xD5, 0x80, 0xA1, 0x90, 0x66, 0x89,
    0x2D, 0x26, 0xA8, 0x24, 0x40, 0xD2, 0x4E, 0x40, 0xA1, 0xD9, 0xCB, 0xB6, 0x87, 0x0D, 0xD8, 0xF7,
    0x41, 0x68, 0xEF, 0xDF, 0x9A, 0x69, 0x45, 0x06, 0xAE, 0x88, 0xD6, 0x00, 0x2E, 0x71, 0xA9, 0xE5,
    0x58, 0x90, 0x16, 0x79, 0x96, 0x67, 0x39, 0x2D, 0xB9, 0x2C, 0x16, 0xD0, 0xFA, 0xEA, 0xD7, 0x1E,
    0x88, 0x05, 0xD3, 0xE9, 0x15, 0xC1, 0x0C, 0x64, 0x43, 0x7C, 0x01, 0x77, 0x28, 0x3A, 0xDC, 0x82,
    0xA1, 0x6C, 0x32, 0x11, 0x5F, 0x36, 0x35, 0xE5, 0x72, 0xAB, 0xC9, 0xFD, 0x0B, 0x98, 0x2E, 0x21,
    0xEB, 0x5F, 0xC3, 0x01, 0x69, 0xB8, 0xCD, 0x31, 0x40, 0x18, 0xD5, 0x01, 0xC3, 0xC0, 0x04, 0x30,
    0x7E, 0x11, 0x8F, 0xCA, 0x0C, 0xB7, 0x37, 0xF5, 0x5F, 0xA3, 0x05, 0x92, 0x70, 0x55, 0x13, 0xCB,
    0x42, 0x4D, 0x75, 0xF7, 0xE5, 0x26, 0xEF, 0xCA, 0xA6, 0x10, 0x69, 0xE2, 0x39, 0x19, 0x35, 0xAC,
    0x6D, 0x16, 0xB8, 0x78, 0xC8, 0x31, 0xDA, 0x4C, 0xCF, 0xA4, 0x06, 0xAA, 0x00, 0xE5, 0x3D, 0x12,
    0x69, 0x54, 0x6A, 0x99, 0x81, 0x28, 0xC5, 0x11, 0x00, 0x97, 0x0F, 0x95, 0x38, 0x90, 0xBE, 0x96,
    0xE9, 0xC9, 0x17, 0xEF, 0xE8, 0x65, 0x6C, 0xB8, 0xDC, 0x16, 0x22, 0xE6, 0x63, 0x77, 0x13, 0x73,
    0x3B, 0xBE, 0xDC, 0xCD, 0x54, 0x8C, 0x7C, 0x5A, 0xCC, 0x4F, 0x02, 0x24, 0x60, 0xC9, 0xFB, 0x2C,
    0x50, 0x86, 0x32, 0x60, 0x7C, 0xDD, 0x21, 0x38, 0x9B, 0xCE, 0xC9, 0x42, 0x3E, 0x66, 0x13, 0x55,
    0xAF, 0x9F, 0x1B, 0xAF, 0xA0, 0xFF, 0xD4, 0x03, 0x68, 0x15, 0x84, 0xD6, 0x6A, 0x33, 0x75, 0xA0,
    0xAE, 0xD4, 0x29, 0x00, 0x22, 0x22, 0x8B, 0x42, 0x1B, 0x01, 0xE0, 0xE6, 0x57, 0xC3, 0x73, 0x4E,
    0x46, 0x27, 0xD3, 0xC9, 0xEB, 0xF2, 0xEA, 0xDA, 0x37, 0x1F, 0xD1, 0x4A, 0x3E, 0xD2, 0x11, 0xAD,
    0x44, 0x88, 0x23, 0x5A, 0x7D, 0x22, 0x3E, 0x8E, 0x68, 0xE5, 0xAB, 0x2E, 0x8E, 0x68, 0xE5, 0xCB,
    0x2E, 0x8E, 0x68, 0xE5, 0x8B, 0x9E, 0x30, 0xEA, 0xBF, 0x19, 0x86, 0x13, 0xAE, 0x3D, 0xE3, 0x10,
    0xEB, 0x37, 0xCA, 0x32, 0x83, 0xF2, 0xA8, 0x23, 0x5A, 0xFD, 0x6C, 0x82, 0x21, 0xB6, 0x5B, 0x60,
    0x88, 0x7E, 0x8C, 0x8D, 0x23, 0x1A, 0xDB, 0xC5, 0x11, 0x8D, 0x7E, 0xE2, 0x88, 0x56, 0x3E, 0x0F,
    0x71, 0x44, 0x2B, 0x9F, 0x8D, 0x71, 0x44, 0x2F, 0xC2, 0xB5, 0xAF, 0x39, 0xA2, 0x11, 0x56, 0x27,
    0xE5, 0xD0, 0x88, 0xCE, 0x3F, 0x8A, 0xFA, 0x89, 0x0E, 0x76, 0x22, 0x1F, 0xE9, 0xFC, 0x5D, 0xFF,
    0xDC, 0x59, 0x43, 0xE9, 0x5F, 0x27, 0xEF, 0x6E, 0x93, 0xF5, 0xFA, 0x3E, 0xB1, 0x6F, 0x52, 0x78,
    0x63, 0xEB, 0xA6, 0x14, 0x21, 0x93, 0x11, 0xAE, 0x5B, 0xD5, 0xE6, 0x2C, 0xB0, 0x5A, 0x1D, 0xAF,
    0xAE, 0xED, 0xC6, 0x6F, 0xBD, 0x96, 0xF5, 0xBB, 0x67, 0x6D, 0x0B, 0x97, 0xD0, 0x82, 0xB6, 0xDD,
    0x01, 0x3F, 0xA6, 0x90, 0xE0, 0x64, 0xBA, 0xCA, 0xFC, 0x14, 0x37, 0xC1, 0x10, 0xF1, 0x0E, 0x4C,
    0xC4, 0x53, 0xB0, 0xC3, 0x58, 0x66, 0xB2, 0x61, 0x63, 0x8A, 0xB6, 0x5B, 0xAF, 0xD7, 0xFC, 0xBE,
    0xA5, 0x90, 0x09, 0x23, 0xC2, 0x6F, 0x5A, 0x13, 0xA5, 0xF3, 0x50, 0x7A, 0xA8, 0x1A, 0x70, 0x24,
    0xB7, 0x66, 0x52, 0x19, 0x48, 0xD6, 0x02, 0xD4, 0x9E, 0xE8, 0x80, 0xA2, 0x8B, 0xFC, 0x14, 0x95,
    0x77, 0x6F, 0xB6, 0xD6, 0xC9, 0x42, 0x21, 0x3D, 0xB4, 0x1E, 0xB1, 0xD9, 0x4C, 0x3E, 0x52, 0xF6,
    0x98, 0x86, 0xAB, 0x70, 0x19, 0xB8, 0xE6, 0x20, 0x99, 0xBF, 0x0D, 0x48, 0x67, 0x67, 0xC9, 0x66,
    0xD7, 0x44, 0xF0, 0x94, 0xB3, 0x0B, 0x98, 0xD9, 0xC9, 0x7B, 0xF3, 0x09, 0xC8, 0x30, 0xBB, 0x5A,
    0xFC, 0x1D, 0x97, 0x5C, 0x03, 0x07, 0x67, 0x07, 0x0E, 0x4E, 0xA4, 0x68, 0x68, 0x45, 0xD7, 0x05,
    0x72, 0xFF, 0x96, 0x2F, 0x45, 0x42, 0xE1, 0x6B, 0x45, 0xA3, 0xE8, 0xF6, 0xB0, 0x3D, 0x03, 0x3A,
    0x45, 0xB3, 0x87, 0x95, 0x62, 0xA1, 0x98, 0x2A, 0x52, 0x2B, 0xC2, 0xA3, 0xC6, 0xC3, 0xC4, 0x82,
    0xB1, 0xE2, 0xE3, 0x5F, 0xDB, 0x3C, 0x4D, 0x12, 0xC8, 0x7A, 0xF2, 0x81, 0x42, 0xC0, 0x34, 0x94,
    0x9E, 0xCA, 0x5F, 0x76, 0xD6, 0x2D, 0xB8, 0x8F, 0x00, 0x30, 0x3E, 0x11, 0x5F, 0x88, 0x37, 0xFF,
    0xE2, 0x5F, 0x28, 0xFD, 0x85, 0xD2, 0xF3, 0x95, 0xAF, 0x27, 0x1A, 0x80, 0x44, 0x7A, 0x0A, 0x99,
    0xA9, 0x3B, 0xA7, 0xD3, 0xC4, 0xEB, 0x14, 0x3E, 0x5E, 0x34, 0xFB, 0xEF, 0xF8, 0x99, 0x4E, 0x21,
    0x9D, 0xD3, 0xBA, 0xB4, 0x3D, 0xDA, 0x96, 0x04, 0x6A, 0xAA, 0xFD, 0x99, 0x2F, 0x8B, 0x73, 0x62,
    0xB2, 0x20, 0xD0, 0x5A, 0xD7, 0x6C, 0x8F, 0x14, 0x83, 0x02, 0xA6, 0xAB, 0x7B, 0x3D, 0xA0, 0x55,
    0xB4, 0xF2, 0x6E, 0xC6, 0xAD, 0xA9, 0x2D, 0x17, 0x49, 0x80, 0xBA, 0x81, 0xA8, 0x85, 0x78, 0xA8,
    0x3C, 0x79, 0x64, 0x03, 0xF5, 0x2F, 0x3C, 0x1C, 0x83, 0x2B, 0x3D, 0x4C, 0xF0, 0xEC, 0x09, 0xEB,
    0x54, 0x77, 0xC2, 0x79, 0xAF, 0x1C, 0x5F, 0xCA, 0x75, 0xA3, 0x8C, 0x41, 0x99, 0x19, 0xE5, 0x64,
    0x44, 0x39, 0x0B, 0x4C, 0xE8, 0xFA, 0x27, 0x53, 0xAE, 0x7C, 0xA1, 0x6C, 0xA8, 0x94, 0x8F, 0x79,
    0x41, 0x79, 0xE2, 0xF6, 0x04, 0xA4, 0x43, 0x12, 0x22, 0xE7, 0x21, 0xEB, 0x27, 0x75, 0x10, 0x0F,
    0xC5, 0x40, 0x6B, 0x22, 0x1B, 0xAE, 0x2A, 0xCF, 0x2C, 0xEB, 0xE5, 0x88, 0x64, 0x44, 0x44, 0x7A,
    0xB2, 0xA0, 0x4C, 0xD1, 0x03, 0xEA, 0x4F, 0x19, 0x63, 0x95, 0xB9, 0x89, 0xB2, 0x5E, 0xA3, 0x45,
    0x03, 0xAE, 0xD3, 0xDC, 0x53, 0xE9, 0xC0, 0x40, 0xF5, 0xB9, 0x4E, 0xE9, 0x98, 0x9F, 0x76, 0xD1,
    0x25, 0xBF, 0x5E, 0x74, 0xD1, 0x65, 0xAC, 0x1F, 0x5F, 0xCA, 0x95, 0x57, 0xC6, 0x58, 0xE5, 0xE8,
    0x52, 0x79, 0x42, 0x39, 0x1D, 0x50, 0xCE, 0x43, 0xBD, 0x44, 0x2E, 0xFF, 0x51, 0xC4, 0x9F, 0x70,
    0xFD, 0x93, 0x7B, 0x55, 0x38, 0x61, 0x43, 0x93, 0x45, 0xBE, 0x13, 0x73, 0xA4, 0xF8, 0xD7, 0x49,
    0x99, 0x2C, 0xE8, 0x5B, 0x03, 0x8F, 0xCA, 0x96, 0x5E, 0xDF, 0xDA, 0x8B, 0x41, 0x03, 0x67, 0xD6,
    0xD8, 0xC9, 0x06, 0x6D, 0x42, 0xD9, 0x45, 0x79, 0xF4, 0xB0, 0xDA, 0x13, 0x3A, 0x2F, 0x65, 0xF7,
    0xD7, 0x6F, 0x61, 0x20, 0x17, 0xD1, 0xE5, 0xB2, 0xF2, 0xB6, 0xA4, 0x6A, 0x3F, 0x0F, 0xB5, 0x2C,
    0xE8, 0xD0, 0x9A, 0x93, 0x39, 0x4A, 0xDB, 0x7E, 0x4F, 0x85, 0x18, 0x50, 0x2F, 0xEA, 0x58, 0x0D,
    0x55, 0x10, 0x5D, 0x45, 0x01, 0x3F, 0x5A, 0xC0, 0x6C, 0xFD, 0xCC, 0x6A, 0xCC, 0xAA, 0x14, 0xE0,
    0x62, 0x62, 0xA0, 0x83, 0xDC, 0x83, 0xAA, 0xA0, 0x66, 0x0C, 0xCF, 0xD8, 0x4A, 0x0D, 0x7F, 0x13,
    0xD3, 0xF3, 0x2A, 0xAE, 0x99, 0x90, 0x1E, 0x27, 0x92, 0x0E, 0xE9, 0x67, 0x3D, 0xB5, 0x8C, 0x79,
    0xC8, 0xFE, 0xBD, 0x87, 0x55, 0x1C, 0xEB, 0xBF, 0xEC, 0x41, 0x07, 0x5B, 0x9B, 0x63, 0x78, 0x5D,
    0x0D, 0xEE, 0x30, 0xAA, 0x91, 0x4C, 0x69, 0x50, 0x23, 0x0B, 0xF9, 0x27, 0xB7, 0xEE, 0x13, 0x85,
    0x2B, 0x44, 0x44, 0xBB, 0x50, 0x43, 0x63, 0x56, 0x39, 0x55, 0x3B, 0x35, 0xA6, 0x8D, 0x91, 0x8E,
    0x1B, 0x83, 0x77, 0x34, 0x05, 0x20, 0x3B, 0x85, 0x34, 0x02, 0x1F, 0xF0, 0x70, 0xB9, 0x8D, 0xFA,
    0xD8, 0x87, 0x4C, 0x3D, 0x0D, 0xDB, 0x45, 0xA9, 0x34, 0x90, 0x2D, 0xDB, 0x4D, 0x8F, 0xE9, 0xB6,
    0x3B, 0x94, 0x16, 0x60, 0x79, 0x10, 0x24, 0x42, 0xDB, 0xF0, 0x7D, 0xCC, 0xDD, 0x03, 0xA1, 0x12,
    0x11, 0x9B, 0x8B, 0xCC, 0x70, 0x63, 0xB1, 0x80, 0x44, 0x00, 0xE7, 0x61, 0xEB, 0x1E, 0x8A, 0xA0,
    0x94, 0x4E, 0x4A, 0x1C, 0x2B, 0x52, 0xF3, 0x70, 0x49, 0x26, 0x25, 0x8D, 0x06, 0x72, 0x51, 0x2A,
    0xD4, 0x29, 0xE5, 0xA7, 0x0D, 0x40, 0x15, 0xAF, 0x6E, 0x30, 0x7F, 0xD5, 0x29, 0xBD, 0xA4, 0xBE,
    0xDB, 0x7C, 0xD0, 0x10, 0xB3, 0x11, 0x95, 0x59, 0xB3, 0x9C, 0xB6, 0xEB, 0x1C, 0xD1, 0x18, 0x70,
    0xB0, 0xB9, 0x89, 0x51, 0x75, 0xD4, 0x1E, 0x8C, 0x8F, 0x16, 0xE6, 0x93, 0xF5, 0xAD, 0x1E, 0xBD,
    0x57, 0x04, 0x38, 0x41, 0x19, 0x49, 0x22, 0x4D, 0x1A, 0x73, 0x3A, 0xA3, 0x7E, 0x17, 0xB4, 0x17,
    0xA1, 0x0C, 0x2A, 0xD1, 0x66, 0x7F, 0x19, 0x1D, 0x51, 0x7B, 0x13, 0xA9, 0xEA, 0x55, 0xB9, 0x32,
    0x08, 0xA0, 0xD5, 0xC9, 0x66, 0x34, 0xFA, 0x51, 0xA9, 0x0A, 0xA0, 0xAD, 0x94, 0xDA, 0xFD, 0xA4,
    0xD3, 0xFE, 0x71, 0x10, 0x64, 0xAB, 0x47, 0x21, 0x4A, 0x95, 0x78, 0x00, 0xF7, 0xB7, 0x9A, 0xFC,
    0x92, 0x8F, 0x1A, 0x20, 0x0B, 0x3A, 0xD3, 0xD5, 0x8F, 0x83, 0x20, 0xCF, 0x91, 0x36, 0x90, 0x4A,
    0x57, 0x34, 0x90, 0xCB, 0x5C, 0x59, 0x28, 0xFF, 0x4D, 0x04, 0x28, 0x31, 0x33, 0xF0, 0x24, 0x07,
    0x6F, 0x3D, 0x0E, 0x4A, 0x3C, 0xC5, 0xA1, 0x86, 0xA4, 0x99, 0xA5, 0x73, 0x3A, 0xED, 0x02, 0xE4,
    0x0F, 0xD9, 0x4A, 0xF0, 0x38, 0x28, 0x01, 0xA8, 0xB9, 0xEC, 0x5F, 0x24, 0x2F, 0xE4, 0x1A, 0xFC,
    0x6B, 0x69, 0x50, 0x4A, 0x94, 0x7E, 0xA8, 0xD3, 0x06, 0xE6, 0x65, 0x3D, 0x56, 0x4A, 0xF3, 0x5D,
    0x53, 0x22, 0x55, 0x47, 0x40, 0xB1, 0x35, 0xCA, 0x8D, 0x11, 0x77, 0x9D, 0xEB, 0xF5, 0x3B, 0x80,
    0xF9, 0xD9, 0x8C, 0x16, 0xF7, 0xE2, 0xC6, 0x90, 0x44, 0x0D, 0x92, 0x59, 0x8D, 0x98, 0xCD, 0xC6,
    0xC8, 0xC7, 0x8D, 0x51, 0x06, 0x35, 0x62, 0xA7, 0x1B, 0xA3, 0xF6, 0xC9, 0xA2, 0x86, 0x69, 0x62,
    0xF8, 0x03, 0xB4, 0x6C, 0x8C, 0x65, 0x63, 0xA4, 0xBA, 0x6E, 0x55, 0x89, 0xD7, 0xEB, 0x99, 0x4D,
    0x58, 0x6A, 0x94, 0x5B, 0xA3, 0xDE, 0x1A, 0xC6, 0xA3, 0x9E, 0x71, 0x76, 0x63, 0x08, 0x6A, 0xA8,
    0x0F, 0x35, 0xB2, 0x49, 0x8D, 0x18, 0x56, 0xFC, 0x74, 0xB5, 0xBA, 0x56, 0x06, 0xB4, 0xAF, 0x29,
    0xCA, 0xA3, 0x86, 0xF1, 0x1B, 0x83, 0x4D, 0xB9, 0x22, 0x8B, 0xD5, 0x4F, 0x46, 0x4A, 0x45, 0xB3,
    0xD8, 0x2B, 0x01, 0xE9, 0xE0, 0x30, 0x13, 0x4D, 0x52, 0xEB, 0x96, 0xC3, 0xEE, 0x96, 0x53, 0x77,
    0x68, 0x44, 0x3B, 0x74, 0xCD, 0x57, 0xA3, 0xF1, 0x7B, 0xD8, 0xED, 0x6E, 0xE9, 0x65, 0x50, 0x9C,
    0x76, 0x27, 0x69, 0x2A, 0xDA, 0x40, 0xEE, 0x91, 0xFC, 0x83, 0x2A, 0x10, 0xC8, 0x15, 0x71, 0xBA,
    0x47, 0xE7, 0xCE, 0x21, 0xC0, 0xA0, 0x75, 0xEF, 0xED, 0xB5, 0xA8, 0xD4, 0x6D, 0xDE, 0x9F, 0xE2,
    0xC5, 0x1B, 0x1D, 0x50, 0xEB, 0xD1, 0xEA, 0x5E, 0xAC, 0x07, 0x20, 0x16, 0xD8, 0x9C, 0x23, 0x7A,
    0x6A, 0x9C, 0x5E, 0xF7, 0xBF, 0xC5, 0x5E, 0xD1, 0xA7, 0xA4, 0x72, 0x0A, 0x71, 0x3F, 0x6C, 0x05,
    0xE0, 0xCC, 0x20, 0x22, 0xFB, 0x00, 0x7C, 0x4D, 0x58, 0xAD, 0x56, 0xC8, 0x83, 0x61, 0x40, 0x31,
    0x6E, 0x47, 0x42, 0x65, 0x6C, 0x2D, 0x6C, 0xAF, 0x2E, 0xC8, 0x8F, 0xCE, 0x7F, 0x0A, 0x7A, 0x4A,
    0x51, 0xCE, 0x80, 0x11, 0x0B, 0xE2, 0x3C, 0xE9, 0x54, 0x04, 0x8A, 0x90, 0x4E, 0x94, 0x0D, 0x7F,
    0x7A, 0xFE, 0x53, 0x38, 0xC4, 0xC6, 0xDD, 0xE4, 0x40, 0x36, 0xE5, 0xA3, 0x5A, 0xF0, 0x56, 0xA2,
    0xE2, 0x9F, 0xFF, 0x01, 0x30, 0x1D, 0x75, 0xA0, 0x88, 0xC1, 0xC3, 0x02, 0xC6, 0x52, 0x34, 0x68,
    0x31, 0x32, 0x3B, 0x99, 0x6B, 0x19, 0x11, 0xBE, 0x95, 0xD7, 0x15, 0xF9, 0xC8, 0xA9, 0x4F, 0x12,
    0x81, 0x6C, 0x81, 0x62, 0xD4, 0xB9, 0x1F, 0xD3, 0xC0, 0xF1, 0xFE, 0x4E, 0x43, 0x7B, 0x27, 0x56,
    0x8D, 0xFD, 0x23, 0x3C, 0xCA, 0x77, 0x0C, 0x0C, 0xB7, 0xE9, 0x0F, 0xE3, 0x41, 0x02, 0xA9, 0x8C,
    0xE4, 0x77, 0x17, 0xAA, 0xCE, 0x59, 0x67, 0xAB, 0xEE, 0x83, 0xBD, 0x95, 0x74, 0x29, 0x62, 0x2B,
    0x11, 0x5B, 0xC8, 0xA2, 0xF5, 0x1F, 0xE5, 0xFB, 0x40, 0xEE, 0x51, 0x6D, 0xFA, 0xBB, 0xC4, 0x25,
    0xC7, 0x71, 0x8B, 0xB4, 0xB4, 0xFA, 0xA8, 0x9D, 0x47, 0x3D, 0x52, 0xA9, 0xC8, 0xBB, 0x16, 0x4E,
    0x48, 0xEE, 0xA1, 0x24, 0x9E, 0x74, 0x5E, 0xFD, 0xB1, 0xDE, 0xB4, 0xA0, 0x9E, 0x95, 0x32, 0x51,
    0x42, 0xBC, 0x92, 0xE9, 0x94, 0xAA, 0xA0, 0x54, 0x2A, 0x51, 0x0C, 0x4A, 0xF9, 0xA8, 0x94, 0x8D,
    0xBF, 0x31, 0xAF, 0x0E, 0xC9, 0x26, 0x11, 0x19, 0x77, 0xD4, 0x8A, 0x0C, 0x27, 0xB4, 0xA9, 0xB2,
    0x6B, 0xA0, 0xCD, 0x77, 0xCE, 0xD4, 0xF5, 0xAE, 0x23, 0xF1, 0xBB, 0x20, 0x34, 0xA4, 0x99, 0x97,
    0x65, 0xD8, 0x84, 0xAB, 0x34, 0x13, 0x69, 0xB1, 0x40, 0xF2, 0x36, 0x4F, 0x43, 0x29, 0x5C, 0x05,
    0x23, 0x1F, 0xDF, 0x86, 0x9B, 0xAF, 0xC8, 0x08, 0xB7, 0x13, 0x09, 0xF0, 0x3E, 0xCF, 0x58, 0xF6,
    0x4B, 0x6B, 0x81, 0x3B, 0xE2, 0x81, 0x45, 0x82, 0xE2, 0xA0, 0x38, 0x45, 0x5C, 0x24, 0xE2, 0x2C,
    0x36, 0xA2, 0xF1, 0x11, 0xEB, 0x3E, 0x62, 0x39, 0x44, 0xCC, 0xA7, 0x88, 0xE9, 0x12, 0x11, 0xB1,
    0x2C, 0x0B, 0xCE, 0x47, 0xAC, 0xFB, 0x88, 0x65, 0x88, 0x98, 0x4F, 0x11, 0xB3, 0x39, 0x22, 0xA2,
    0xD8, 0xFA, 0x88, 0xA6, 0x8B, 0x58, 0x86, 0x88, 0xC5, 0x78, 0xBC, 0x40, 0x36, 0x47, 0x4C, 0x24,
    0x22, 0xED, 0x12, 0xD1, 0x28, 0x56, 0x8A, 0x85, 0x62, 0xA6, 0x4D, 0x77, 0xFB, 0xC2, 0xD8, 0x58,
    0x29, 0x9D, 0x95, 0x68, 0x15, 0xA9, 0x1B, 0xA5, 0xDC, 0xF3, 0x50, 0xA9, 0xE3, 0x68, 0x93, 0x89,
    0x48, 0x8F, 0xEE, 0xC6, 0x27, 0x68, 0xEF, 0xF1, 0x8A, 0x90, 0x48, 0x43, 0x22, 0x3E, 0xD3, 0xAE,
    0x7B, 0x75, 0x1C, 0x1F, 0xA2, 0x69, 0x27, 0x31, 0x73, 0xB2, 0xC9, 0x78, 0xED, 0x4B, 0x29, 0x59,
    0x94, 0x58, 0x5C, 0x03, 0x20, 0x67, 0x20, 0x6D, 0x80, 0xEC, 0x37, 0x4F, 0xE7, 0x8D, 0x6B, 0xED,
    0x28, 0x1F, 0x4B, 0xED, 0x76, 0xC8, 0x67, 0x0D, 0x22, 0x15, 0x0B, 0xE2, 0x91, 0x81, 0x42, 0xEC,
    0x76, 0x9D, 0x94, 0x6B, 0xF0, 0xE0, 0x64, 0x01, 0x60, 0x65, 0x95, 0x10, 0xE5, 0x74, 0x61, 0xB7,
    0xA0, 0x41, 0xDD, 0x42, 0xED, 0x95, 0x9C, 0x22, 0x1F, 0xF0, 0x18, 0xE9, 0xB2, 0x95, 0x45, 0x3C,
    0xC4, 0x3A, 0x01, 0xA0, 0xFA, 0xAF, 0x11, 0xC0, 0xFC, 0x85, 0xD6, 0x9C, 0x31, 0x0D, 0xA4, 0x3D,
    0x85, 0x7F, 0x7C, 0x74, 0x79, 0xC2, 0xF2, 0x16, 0xD0, 0x0E, 0xA9, 0xAE, 0x9F, 0xE5, 0x77, 0x3B,
    0xC8, 0xEE, 0xB6, 0xE2, 0x21, 0xF3, 0xA5, 0x58, 0xC8, 0x9A, 0xE4, 0x1D, 0x1E, 0x1F, 0x41, 0x2E,
    0x70, 0x09, 0xC0, 0xE1, 0x00, 0x5A, 0xDB, 0x02, 0x38, 0x94, 0x9E, 0xDE, 0xDD, 0x92, 0x1E, 0x17,
    0x41, 0xBE, 0x0F, 0x1C, 0xD6, 0x96, 0x64, 0x30, 0x1D, 0xF9, 0x54, 0x0E, 0x54, 0x21, 0x9B, 0x70,
    0x1E, 0x49, 0x04, 0xCC, 0x3F, 0x4F, 0x50, 0x4A, 0x80, 0x4C, 0x3C, 0xA8, 0xDF, 0x3C, 0x5A, 0x95,
    0x6E, 0x61, 0xFE, 0x69, 0x22, 0x11, 0x84, 0x7C, 0xC2, 0xF8, 0x2A, 0x50, 0x06, 0xE3, 0x63, 0x4C,
    0x40, 0x78, 0x48, 0xC1, 0xB4, 0x51, 0x15, 0xF3, 0xA0, 0x2A, 0x7E, 0xDA, 0xAB, 0x8A, 0xE2, 0xA3,
    0x8A, 0x37, 0xC4, 0x46, 0x15, 0x53, 0x55, 0x91, 0x4C, 0x54, 0xC5, 0x42, 0x54, 0xC5, 0xEA, 0x43,
    0x55, 0xD1, 0xFC, 0x44, 0x55, 0x14, 0x55, 0x31, 0x99, 0x54, 0x86, 0x6C, 0x54, 0x15, 0xCB, 0xA0,
    0x4A, 0xD5, 0x5E, 0xC9, 0x59, 0xA5, 0x85, 0x48, 0xE9, 0xA4, 0x94, 0x0F, 0x2A, 0x5F, 0xD9, 0x2B,
    0x19, 0xAF, 0x2A, 0xB6, 0xAA, 0xE2, 0x7F, 0xCC, 0xAA, 0xE2, 0x2F, 0x47, 0x55, 0x51, 0x82, 0xAA,
    0x28, 0x1D, 0xAA, 0xA2, 0xDF, 0x53, 0x31, 0x11, 0x55, 0x31, 0xFB, 0x5C, 0x55, 0x2C, 0x82, 0xAA,
    0x98, 0x7A, 0x55, 0x71, 0x5B, 0xB2, 0x39, 0x62, 0x22, 0x11, 0x69, 0x9B, 0xDD, 0x9C, 0x5C, 0x04,
    0x55, 0x60, 0x8C, 0xC8, 0x6D, 0x1E, 0x28, 0xC6, 0x82, 0xE6, 0xF1, 0xFF, 0x86, 0xE6, 0x61, 0xF4,
    0x90, 0xCC, 0x75, 0x17, 0xB5, 0xA8, 0xC2, 0xF6, 0x84, 0xAA, 0x42, 0x26, 0x36, 0x69, 0x7B, 0x4D,
    0xBD, 0xC1, 0x6C, 0xCF, 0x22, 0xDD, 0x8E, 0x5E, 0x63, 0xB7, 0x97, 0x36, 0xFD, 0xEE, 0xE9, 0xB6,
    0xEC, 0x9E, 0x69, 0xE7, 0x41, 0x73, 0x6F, 0xBE, 0x3B, 0xF9, 0x6A, 0xBA, 0xD4, 0x9A, 0x9D, 0x13,
    0x20, 0xD1, 0x2E, 0xB2, 0xB1, 0xEA, 0xA1, 0xEC, 0xB2, 0x11, 0x9E, 0x87, 0xDB, 0xDF, 0x99, 0x7C,
    0x6D, 0x62, 0x21, 0x0F, 0x79, 0x80, 0x62, 0x28, 0x42, 0xB4, 0x23, 0x26, 0x47, 0x69, 0x83, 0x96,
    0xEF, 0x4C, 0xA6, 0xD4, 0x61, 0xF7, 0x4C, 0x47, 0xEC, 0xEE, 0x37, 0x62, 0x43, 0xC4, 0xB2, 0x8B,
    0x58, 0x59, 0x1E, 0x28, 0xAD, 0xD6, 0x72, 0x8D, 0x4E, 0xF1, 0x5D, 0x94, 0xA8, 0x0C, 0xA0, 0xDF,
    0xD5, 0x52, 0xEB, 0x57, 0xA3, 0xA6, 0x49, 0x67, 0x10, 0x10, 0x92, 0x05, 0x5A, 0xAB, 0x1F, 0xFA,
    0x3C, 0x86, 0xD4, 0x69, 0xE5, 0x50, 0x75, 0x31, 0x48, 0xE3, 0xA3, 0x13, 0x67, 0x21, 0x59, 0x04,
    0x40, 0xE6, 0x88, 0x66, 0xDC, 0x85, 0x56, 0xF6, 0xDF, 0x06, 0x1E, 0x7F, 0xE1, 0xE6, 0x7A, 0xFD,
    0x77, 0x20, 0x22, 0x43, 0x04, 0xB1, 0xB2, 0xBE, 0x25, 0x9D, 0x40, 0x1B, 0x04, 0xCA, 0x41, 0x20,
    0x9F, 0x04, 0xB2, 0x2F, 0x82, 0x62, 0x94, 0x28, 0x73, 0x6C, 0xD1, 0xCB, 0xBA, 0xD5, 0xDD, 0xF9,
    0x82, 0xCE, 0x95, 0xB2, 0x7E, 0xE3, 0xAB, 0x76, 0xF6, 0x3C, 0x23, 0x47, 0x90, 0x9C, 0xFE, 0x3C,
    0xB0, 0xA3, 0x9A, 0x93, 0x36, 0x60, 0x3A, 0x8A, 0x01, 0xD3, 0x90, 0x8D, 0x38, 0xAB, 0x88, 0x62,
    0x14, 0x3B, 0x62, 0xDD, 0x47, 0x6C, 0x3D, 0x8E, 0x6C, 0x01, 0x47, 0x39, 0x46, 0xAC, 0xBA, 0x88,
    0xB5, 0xDF, 0x61, 0xD5, 0xEB, 0xD1, 0x29, 0x62, 0x26, 0x0D, 0x0E, 0x24, 0xA8, 0x87, 0x29, 0x62,
    0x2E, 0x11, 0x91, 0x26, 0xA2, 0xF1, 0x11, 0xAB, 0x2E, 0x62, 0xB9, 0x87, 0x95, 0x77, 0x49, 0x87,
    0x3B, 0x41, 0x79, 0x4F, 0xEC, 0x09, 0xCA, 0x82, 0xC3, 0xC9, 0x00, 0x24, 0xAB, 0xED, 0x40, 0x95,
    0x03, 0x51, 0x13, 0xD0, 0x21, 0x07, 0x67, 0xB5, 0x29, 0x90, 0x76, 0xEC, 0x95, 0x64, 0xFD, 0x36,
    0xDC, 0x10, 0xB1, 0x89, 0x26, 0x2C, 0x2B, 0x17, 0x78, 0x8B, 0x62, 0xDC, 0xB6, 0x4E, 0x1F, 0x80,
    0x8B, 0xBF, 0x37, 0x71, 0x45, 0x64, 0x8A, 0x95, 0xA7, 0x5C, 0xDE, 0x48, 0xA7, 0x32, 0xEE, 0x60,
    0xEB, 0xEE, 0x04, 0x8C, 0x8F, 0xD0, 0x90, 0x45, 0x2B, 0x8F, 0x50, 0x4E, 0x51, 0x98, 0xA9, 0x5C,
    0xDE, 0x9B, 0xA7, 0x5C, 0x24, 0x4C, 0x88, 0xD8, 0x89, 0x8B, 0x87, 0xA7, 0x77, 0xA6, 0x44, 0xB6,
    0xF7, 0xAB, 0x62, 0xD0, 0x04, 0xB7, 0xD7, 0xEF, 0xAB, 0x9C, 0x8B, 0x20, 0x9D, 0x07, 0xA4, 0x83,
    0x4C, 0x06, 0x28, 0x3F, 0x9B, 0xA0, 0xF6, 0x2D, 0xB4, 0x27, 0xC4, 0xC8, 0x41, 0x7F, 0x0E, 0x82,
    0x3C, 0x68, 0xF8, 0x03, 0xCC, 0x48, 0x40, 0xE4, 0x6F, 0x42, 0x72, 0xAF, 0x95, 0x2E, 0xED, 0x0B,
    0x69, 0x52, 0xCF, 0x8F, 0xCF, 0x83, 0x88, 0x17, 0xB9, 0x00, 0xA6, 0x31, 0x16, 0xE3, 0x5D, 0x83,
    0x5A, 0x4F, 0xF0, 0x34, 0xC0, 0xF9, 0x18, 0xE4, 0xD3, 0xB3, 0x51, 0x07, 0xB9, 0xE8, 0x26, 0x28,
    0xED, 0x0F, 0x23, 0x5C, 0x85, 0xB2, 0x79, 0x0D, 0xF2, 0x8F, 0x27, 0x48, 0x25, 0x00, 0xD7, 0xED,
    0x79, 0x88, 0x39, 0x59, 0x1F, 0xF1, 0xCC, 0xDB, 0x40, 0x2B, 0x73, 0x22, 0xD2, 0xE8, 0x62, 0xF6,
    0x25, 0x91, 0x40, 0xBA, 0xAC, 0xDA, 0x4F, 0xEF, 0xBE, 0x32, 0x91, 0x1C, 0x51, 0x49, 0x93, 0x2E,
    0x00, 0x85, 0x80, 0x00, 0xE4, 0x33, 0x38, 0xBB, 0x89, 0xCE, 0x34, 0x5B, 0xC3, 0xC3, 0xC5, 0x97,
    0xE7, 0xD5, 0xCA, 0x79, 0xAE, 0x88, 0x16, 0x9F, 0xC8, 0xC6, 0x28, 0xE4, 0x8D, 0x7C, 0x89, 0x4F,
    0x59, 0xAB, 0x81, 0x7C, 0x04, 0xA8, 0xBB, 0x8D, 0xA1, 0x91, 0x82, 0x7A, 0x2A, 0xD4, 0x88, 0x61,
    0x2F, 0x1B, 0xA3, 0x16, 0x8B, 0x4E, 0x8D, 0xAD, 0xE9, 0xB9, 0x42, 0xB9, 0xDC, 0x9A, 0x2A, 0xB9,
    0x25, 0xC4, 0x5C, 0x72, 0x11, 0x81, 0x56, 0x2C, 0xAD, 0x8C, 0x68, 0x4E, 0xC9, 0x6A, 0xAB, 0x67,
    0x2D, 0x62, 0x11, 0x11, 0x32, 0xF9, 0xFB, 0x96, 0x72, 0x22, 0xA1, 0x0A, 0x0F, 0xFC, 0x50, 0x5C,
    0x53, 0x68, 0xF9, 0x22, 0xB0, 0x80, 0x6B, 0x4E, 0x5B, 0x74, 0x80, 0x3A, 0x28, 0x67, 0x0E, 0x54,
    0x29, 0x8B, 0x42, 0x25, 0x0B, 0x70, 0xC7, 0x02, 0x23, 0x90, 0xCC, 0x11, 0xC4, 0x03, 0x9B, 0x1F,
    0x82, 0x6C, 0xE0, 0xE2, 0x2B, 0xBA, 0xDB, 0xF2, 0x50, 0xDD, 0x03, 0x9C, 0x7A, 0xED, 0x81, 0x32,
    0x6C, 0x07, 0x1A, 0xCD, 0xDA, 0xD8, 0x87, 0x56, 0x9A, 0xC9, 0x5A, 0x37, 0x1C, 0x13, 0xDA, 0x65,
    0x26, 0xAB, 0xB6, 0xD3, 0xED, 0x4D, 0xD5, 0x93, 0x0F, 0xBA, 0x4F, 0x31, 0x0D, 0xE9, 0xE4, 0x2C,
    0xE9, 0xDC, 0xBE, 0xB9, 0xFA, 0xD1, 0xDC, 0x8A, 0xC8, 0x06, 0x4E, 0x54, 0x7F, 0xE7, 0xA1, 0x8C,
    0x74, 0x00, 0xB6, 0x13, 0x7C, 0xB1, 0xC0, 0xFB, 0xA9, 0xDC, 0x6F, 0x07, 0x5A, 0xD1, 0x1D, 0x82,
    0x1C, 0x6D, 0x7E, 0x6F, 0x99, 0x9E, 0x4E, 0xAD, 0x5A, 0xB3, 0xEA, 0x55, 0xBC, 0x6D, 0xA4, 0x03,
    0xE7, 0x21, 0xC8, 0x44, 0x63, 0x94, 0x06, 0x4A, 0xE9, 0xA0, 0xFE, 0x70, 0x80, 0xF6, 0xB7, 0x27,
    0x92, 0x09, 0xA7, 0xCF, 0x48, 0x9A, 0x73, 0x10, 0xE4, 0x25, 0x2E, 0xC1, 0x31, 0x33, 0x08, 0xCB,
    0x06, 0xB6, 0x8F, 0x8D, 0xCF, 0x81, 0x88, 0xA6, 0xA7, 0x0A, 0xE4, 0x23, 0xE9, 0x0C, 0x2D, 0xD4,
    0x7E, 0xF7, 0x2C, 0xF2, 0x32, 0xB8, 0x5F, 0xF9, 0x25, 0x36, 0xD5, 0xBD, 0x75, 0x19, 0xA2, 0x6F,
    0x07, 0x1F, 0xF0, 0x6D, 0xBA, 0xD7, 0x1C, 0xDB, 0x40, 0x22, 0x13, 0xD9, 0x3D, 0xA1, 0xEC, 0x4D,
    0x63, 0x9A, 0xB2, 0x7F, 0x95, 0x74, 0x60, 0x5B, 0x2E, 0x5A, 0xA8, 0xFC, 0x23, 0x79, 0x5F, 0xE0,
    0x02, 0x06, 0x87, 0xB3, 0x2D, 0xCE, 0x3A, 0x9E, 0xE6, 0x39, 0xF6, 0x8A, 0x66, 0x89, 0x7B, 0x44,
    0xEF, 0x14, 0x2C, 0x94, 0x7D, 0x16, 0xA0, 0x9A, 0xEB, 0x01, 0x52, 0x11, 0x0F, 0xB8, 0x19, 0xA0,
    0xDD, 0x7C, 0xB5, 0x0E, 0x98, 0xA1, 0xF5, 0x50, 0xDB, 0xA8, 0xD6, 0xF7, 0x28, 0x03, 0x40, 0x36,
    0x6E, 0x77, 0xB9, 0xC9, 0xFA, 0x70, 0x01, 0x27, 0x73, 0x1B, 0x1D, 0x48, 0x4B, 0x21, 0xAB, 0x1B,
    0x62, 0xCB, 0x81, 0x4C, 0xBF, 0x9C, 0x42, 0xBC, 0x69, 0xC0, 0x79, 0x67, 0xC1, 0xF8, 0x96, 0x2F,
    0xC1, 0x26, 0xD6, 0x71, 0xD6, 0x78, 0x10, 0xAA, 0x9E, 0x64, 0xA1, 0x1C, 0x29, 0x26, 0x32, 0xF9,
    0x44, 0x02, 0xB4, 0x1A, 0xE1, 0x15, 0x99, 0x4F, 0x1F, 0x67, 0x3D, 0x63, 0x93, 0x23, 0x64, 0xC8,
    0xBA, 0x4C, 0x96, 0x97, 0x7D, 0xFE, 0xB1, 0x48, 0x53, 0xF8, 0x4A, 0x28, 0x6C, 0xF2, 0x36, 0xBB,
    0x72, 0x89, 0xEB, 0x6F, 0x73, 0x33, 0x17, 0xB1, 0xAE, 0x16, 0xE9, 0x5D, 0xFB, 0x66, 0x3B, 0xB8,
    0xE8, 0xD9, 0xF5, 0x64, 0x93, 0x7E, 0x65, 0xE9, 0x1A, 0x92, 0xD9, 0xD9, 0x53, 0xE0, 0x57, 0x84,
    0xED, 0xA6, 0x65, 0x60, 0x3B, 0x51, 0xC7, 0x74, 0xB6, 0xEB, 0x61, 0x1D, 0xFF, 0x87, 0x56, 0xC4,
    0x9B, 0xDB, 0xEB, 0xF6, 0x07, 0x8D, 0x7A, 0x63, 0xCF, 0xE4, 0x24, 0x56, 0x54, 0x86, 0x28, 0x49,
    0xBA, 0xA0, 0xF2, 0xA0, 0xA2, 0x5A, 0x15, 0xB5, 0xF9, 0x52, 0x51, 0x37, 0xC2, 0xBB, 0x58, 0xBF,
    0x89, 0x6D, 0x5B, 0x1D, 0x49, 0xA1, 0x0C, 0xA4, 0x33, 0xF9, 0x4C, 0x39, 0x91, 0xEE, 0x0B, 0x5C,
    0xA8, 0xC0, 0x5C, 0xB6, 0x11, 0x91, 0x06, 0x48, 0x64, 0x97, 0x46, 0x31, 0xEC, 0xBE, 0x9F, 0x37,
    0x5A, 0xE7, 0xCF, 0x39, 0xEF, 0x59, 0xB4, 0x9A, 0x84, 0x74, 0x40, 0x26, 0x01, 0x28, 0x7F, 0x39,
    0x01, 0xB5, 0x17, 0xE0, 0xF8, 0x84, 0x49, 0x06, 0x0E, 0xBA, 0xF3, 0x9D, 0xC5, 0x81, 0x3E, 0xCB,
    0x76, 0x23, 0x01, 0x5D, 0x70, 0x93, 0xC6, 0x15, 0x37, 0x59, 0x5C, 0x72, 0x93, 0x7A, 0xDE, 0x3D,
    0xE7, 0xA3, 0xA0, 0xCB, 0x71, 0x8C, 0x35, 0xA7, 0xD7, 0xBA, 0xAE, 0xC8, 0x79, 0x66, 0xBB, 0x24,
    0x3F, 0xE7, 0xF1, 0xF3, 0x54, 0x84, 0x05, 0x48, 0x64, 0x0B, 0x28, 0xFC, 0x11, 0xFB, 0xE5, 0x0B,
    0xFE, 0xDB, 0xCE, 0x03, 0xE5, 0x8E, 0x3A, 0xD8, 0x07, 0xFD, 0x4C, 0x7B, 0xD1, 0xCC, 0xAF, 0x6A,
    0xE6, 0xAD, 0x7A, 0x9A, 0x34, 0xF3, 0x31, 0x66, 0x5E, 0x6A, 0xE6, 0xB5, 0x66, 0xEE, 0x34, 0xF3,
    0x25, 0x66, 0x9E, 0x4E, 0x31, 0xF3, 0x3C, 0xC4, 0x3C, 0xCB, 0x2E, 0xA2, 0x69, 0x22, 0xB6, 0x9C,
    0x60, 0x32, 0xC7, 0x9C, 0x7F, 0x67, 0x8C, 0xF8, 0x52, 0x88, 0x99, 0xFF, 0xC2, 0xC7, 0xCC, 0xC5,
    0x22, 0x94, 0x4B, 0xCC, 0xBC, 0xD0, 0xCC, 0x73, 0xCD, 0xBC, 0x94, 0x98, 0x79, 0xFD, 0xA1, 0xCC,
    0x50, 0x6C, 0x32, 0x87, 0xAF, 0xB9, 0xFA, 0xD4, 0xFF, 0x0C, 0xD2, 0x42, 0x32, 0x7D, 0x73, 0x48,
    0x4F, 0x21, 0xDB, 0x80, 0x25, 0x9F, 0x9C, 0xA7, 0x9C, 0x4C, 0x8F, 0x9B, 0x2A, 0x79, 0x6F, 0x9E,
    0x0A, 0x91, 0x61, 0x4A, 0x44, 0x1A, 0xDD, 0x9F, 0x9C, 0x61, 0xF5, 0x79, 0x0E, 0x82, 0x3C, 0xC3,
    0xEA, 0xF3, 0x1C, 0x04, 0xF9, 0xA5, 0xAB, 0xCF, 0x73, 0x10, 0xDF, 0x37, 0xBA, 0x35, 0xAD, 0xF4,
    0x62, 0x6E, 0x75, 0x1A, 0x30, 0xBB, 0x69, 0x80, 0x6A, 0x3B, 0x0D, 0x24, 0x33, 0x45, 0x88, 0xEE,
    0xB2, 0x51, 0x5F, 0x53, 0x74, 0x9A, 0xCC, 0xF1, 0x10, 0x0B, 0x65, 0x8F, 0x3E, 0x81, 0xD1, 0x69,
    0x2C, 0xA2, 0xCE, 0x28, 0x95, 0x6F, 0x81, 0xB2, 0x5F, 0x80, 0xE2, 0xBF, 0x67, 0x20, 0xFB, 0x9F,
    0x29, 0xE2, 0x67, 0xA3, 0x06, 0x18, 0x00, 0xA4, 0x8F, 0xD8, 0xEE, 0xFF, 0xDE, 0xAE, 0x79, 0xF8,
    0x7F, 0xE5, 0xEE, 0x52, 0xD9, 0x3D, 0xF9, 0x6C, 0xC5, 0x2B, 0x02, 0x38, 0xCD, 0xF0, 0x3A, 0x6A,
    0x7F, 0x6D, 0xBC, 0x7E, 0x04, 0xAE, 0x90, 0x05, 0x5C, 0x2D, 0xE2, 0x89, 0x0B, 0xA1, 0x10, 0x7D,
    0x16, 0x23, 0xBA, 0x14, 0xC2, 0x79, 0x92, 0x05, 0xD7, 0x80, 0x10, 0x53, 0x6B, 0xB7, 0x08, 0x38,
    0xBB, 0x8F, 0xFA, 0xB9, 0x55, 0xDC, 0xD6, 0xF7, 0x1B, 0x4C, 0x67, 0x5C, 0x50, 0x6F, 0x13, 0xD5,
    0x80, 0x6B, 0xE3, 0xB4, 0x12, 0x7B, 0x6C, 0x70, 0xA9, 0xCC, 0xE0, 0xB8, 0x6C, 0xBF, 0x49, 0xFC,
    0x70, 0xF6, 0xDB, 0xC8, 0x77, 0x6B, 0xC4, 0xFF, 0x17, 0xE5, 0x9C, 0x3F, 0x8C, 0xE5, 0xC6, 0x7D,
    0xC7, 0xBF, 0x24, 0x73, 0x47, 0x47, 0x04, 0xC2, 0x14, 0x59, 0x3B, 0xD1, 0x01, 0x66, 0x15, 0x20,
    0x71, 0x71, 0x6C, 0x5D, 0x48, 0x22, 0xE5, 0x20, 0x95, 0x9B, 0x35, 0xB0, 0x6B, 0x03, 0x51, 0xA1,
    0x2A, 0x40, 0x20, 0x17, 0xDB, 0x3A, 0x80, 0x7D, 0x43, 0x20, 0x3D, 0xB2, 0x45, 0x94, 0xB4, 0x2A,
    0x0E, 0x81, 0xF5, 0x5C, 0x48, 0x85, 0x0A, 0x15, 0xD6, 0x92, 0xA9, 0x53, 0x84, 0x29, 0x5C, 0xB9,
    0x30, 0x61, 0x48, 0x08, 0x70, 0x8D, 0x19, 0x8B, 0x8E, 0xB9, 0xE7, 0x21, 0x7F, 0x79, 0xDF, 0xDF,
    0xBC, 0x59, 0xBE, 0xB7, 0xEB, 0x4D, 0xF6, 0x4E, 0x77, 0xB7, 0x7B, 0xAB, 0xB9, 0xE5, 0xE7, 0x37,
    0xB7, 0xCB, 0x19, 0xFE, 0xFE, 0x91, 0x1C, 0x0E, 0xE7, 0x3D, 0x6C, 0x4A, 0x24, 0x32, 0x2D, 0x22,
    0xA4, 0xB8, 0x50, 0x02, 0xAB, 0x22, 0x9A, 0x55, 0xC4, 0xA2, 0x22, 0x91, 0x92, 0x22, 0xFD, 0x55,
    0x45, 0x91, 0xFD, 0xA2, 0xA1, 0x28, 0xFE, 0xB1, 0x55, 0xF1, 0xED, 0x9E, 0xA2, 0x8E, 0x07, 0x8A,
    0x39, 0x1A, 0xB5, 0x93, 0xD0, 0xB2, 0x13, 0x8B, 0x89, 0x62, 0x80, 0xB0, 0x93, 0x1E, 0x86, 0x9D,
    0x74, 0x28, 0x2A, 0x20, 0x6B, 0x91, 0x37, 0x40, 0xD1, 0xB0, 0x86, 0xE2, 0xD1, 0xEA, 0x83, 0x0E,
    0xA8, 0x45, 0xA4, 0x07, 0xD6, 0x94, 0x11, 0x01, 0x85, 0x05, 0x7B, 0x0A, 0x27, 0x68, 0xBF, 0x33,
    0xF4, 0x28, 0x82, 0x94, 0xC7, 0x34, 0x65, 0xD6, 0x81, 0x5D, 0xB0, 0x23, 0xE4, 0x4D, 0x41, 0x91,
    0x75, 0x86, 0xBA, 0xA6, 0xBD, 0x6A, 0xEE, 0x94, 0xD2, 0x8E, 0x1B, 0x07, 0x23, 0x52, 0x6D, 0x9B,
    0xBB, 0x7A, 0x08, 0x1C, 0x89, 0x94, 0x3C, 0x5A, 0x0B, 0x39, 0x34, 0x3D, 0xDE, 0x43, 0x32, 0x3A,
    0xED, 0x81, 0x70, 0x07, 0x77, 0xBE, 0x67, 0x71, 0x4F, 0xC4, 0x72, 0x67, 0x1B, 0xCB, 0x3F, 0x85,
    0x36, 0x1D, 0x10, 0xDA, 0xBC, 0x5D, 0xA3, 0x68, 0x88, 0x0A, 0x11, 0x6B, 0x31, 0x91, 0xDA, 0xBC,
    0x83, 0xB1, 0xE9, 0xFC, 0x93, 0xC9, 0xC6, 0x22, 0xBD, 0x85, 0x48, 0x69, 0x71, 0x67, 0x9F, 0x9D,
    0x37, 0xB8, 0x4F, 0xD1, 0xE2, 0x75, 0xF6, 0x7D, 0x7A, 0x57, 0xDD, 0x2E, 0x32, 0x50, 0x18, 0x69,
    0x29, 0xEE, 0xBE, 0x8F, 0x2F, 0x41, 0x7C, 0x3E, 0xA2, 0x2F, 0x7E, 0x8A, 0xA4, 0x41, 0xF1, 0x1D,
    0x53, 0x21, 0x17, 0xA1, 0x3D, 0xEC, 0x6D, 0x55, 0xE1, 0xBA, 0x23, 0x75, 0x6B, 0xCF, 0x88, 0xA4,
    0x51, 0x91, 0x2B, 0xF1, 0x23, 0x25, 0xAC, 0x12, 0xE3, 0x76, 0xA2, 0x61, 0x3E, 0x50, 0x51, 0x8F,
    0xAE, 0xC1, 0xB8, 0x13, 0x0F, 0x0D, 0x08, 0x5C, 0x44, 0x5C, 0x48, 0x5C, 0x4C, 0x7C, 0x50, 0x10,
    0x9E, 0x27, 0x03, 0xA3, 0x91, 0x41, 0x20, 0xA4, 0xC6, 0x06, 0x1A, 0x1C, 0x68, 0x74, 0xE8, 0x00,
    0x92, 0xF1, 0x61, 0x3D, 0x56, 0xA6, 0x16, 0x1A, 0x22, 0x68, 0x8C, 0xE0, 0x82, 0xE4, 0xA2, 0xB4,
    0x0E, 0x53, 0x30, 0xA8, 0x69, 0x1D, 0x99, 0x36, 0x64, 0x56, 0x92, 0x05, 0x94, 0x5A, 0xCF, 0x7F,
    0x46, 0x66, 0xE2, 0x83, 0xE8, 0x4B, 0x28, 0x64, 0x34, 0x91, 0xE9, 0x40, 0x66, 0x2E, 0x8A, 0x15,
    0x39, 0x11, 0xEC, 0x7E, 0xB7, 0xDC, 0x93, 0xD9, 0x99, 0x3D, 0x22, 0x55, 0x16, 0x73, 0x79, 0xAF,
    0x07, 0xBD, 0xB0, 0x1F, 0xB9, 0x43, 0xD8, 0xAD, 0x0E, 0x7B, 0x32, 0x77, 0xDD, 0x36, 0x0B, 0x4D,
    0xF5, 0xFF, 0x53, 0xF7, 0xF4, 0x6C, 0xC9, 0xDC, 0x99, 0xD9, 0x2B, 0x2D, 0x19, 0xCF, 0xCE, 0x10,
    0x6D, 0x20, 0xA7, 0x08, 0x3E, 0x44, 0xAE, 0x79, 0x13, 0x2B, 0x61, 0x44, 0x8E, 0x01, 0x1C, 0xEE,
    0xEB, 0x5E, 0xDE, 0xDA, 0x74, 0x50, 0x5B, 0xBD, 0xA9, 0xD3, 0x45, 0x43, 0x35, 0xC4, 0x39, 0x23,
    0x2C, 0x22, 0x88, 0xE4, 0x5F, 0x6B, 0x1E, 0x30, 0x70, 0xF6, 0x14, 0x8D, 0x6F, 0xA9, 0xE9, 0x55,
    0xE3, 0x32, 0x94, 0xDE, 0x16, 0xD7, 0xA2, 0xF5, 0x0E, 0x49, 0x27, 0xDC, 0x45, 0x24, 0xEC, 0x5E,
    0x91, 0xC9, 0x4C, 0x25, 0xB9, 0x7B, 0xE0, 0x62, 0xA2, 0x06, 0xA5, 0xC2, 0x16, 0xF9, 0xCF, 0x07,
    0xF6, 0x15, 0x5A, 0x4D, 0x4C, 0x03, 0x84, 0x1D, 0x92, 0xEA, 0x96, 0x04, 0x25, 0x10, 0x6F, 0x2D,
    0x8D, 0x55, 0x5B, 0xD5, 0x54, 0xB5, 0x54, 0x0D, 0xBD, 0x09, 0x41, 0xC1, 0xDF, 0x11, 0x10, 0x22,
    0x50, 0xC2, 0xF1, 0x87, 0x4A, 0xDC, 0x9E, 0x73, 0x44, 0x0D, 0x95, 0x33, 0x33, 0x65, 0xC7, 0xC8,
    0xEB, 0x8F, 0x44, 0xD4, 0x21, 0xAB, 0x10, 0x4C, 0xDA, 0x81, 0xF9, 0x96, 0xA5, 0xBD, 0xBF, 0x60,
    0x93, 0x44, 0xD8, 0x3A, 0x12, 0x8D, 0xD6, 0x7C, 0x5B, 0xE2, 0xA1, 0xE6, 0xD2, 0x5A, 0x35, 0x56,
    0x6D, 0x55, 0x53, 0xBD, 0xA5, 0xF3, 0x8D, 0x08, 0x8A, 0x45, 0xD4, 0x03, 0x45, 0x99, 0xB5, 0x40,
    0xD6, 0xB1, 0x83, 0xF8, 0xF1, 0xA4, 0x29, 0x34, 0x68, 0x8F, 0x1D, 0x99, 0x57, 0xD8, 0x29, 0xB5,
    0x3C, 0xDA, 0x07, 0x44, 0x18, 0x19, 0x51, 0xBB, 0xE5, 0xF0, 0x6F, 0x64, 0x82, 0xD0, 0xC0, 0x52,
    0x00, 0x48, 0x4B, 0xE6, 0x3D, 0x99, 0x0E, 0x64, 0x6C, 0xC9, 0x48, 0x19, 0x4E, 0x64, 0x30, 0x93,
    0x70, 0x94, 0x8B, 0x5C, 0xF6, 0x21, 0xD9, 0x6A, 0xE9, 0x21, 0xB6, 0x4B, 0xCF, 0x45, 0x4F, 0x4A,
    0xE3, 0x8F, 0xFE, 0x55, 0x99, 0xBC, 0x56, 0xDE, 0xE2, 0x63, 0x68, 0x79, 0x27, 0x7C, 0x48, 0x51,
    0x47, 0x83, 0x8A, 0xB8, 0x57, 0x91, 0x74, 0x2A, 0xD2, 0xC6, 0x89, 0x4A, 0x45, 0x06, 0x15, 0x38,
    0x13, 0x77, 0x57, 0x25, 0x85, 0x91, 0xA1, 0x76, 0xCF, 0x20, 0x06, 0x88, 0xE5, 0xB0, 0x16, 0x20,
    0x65, 0x66, 0x6A, 0xB2, 0x44, 0xA2, 0xAE, 0x0F, 0x28, 0x2A, 0x40, 0x5C, 0xC0, 0xC4, 0x45, 0xA6,
    0xD6, 0x9F, 0xCB, 0x85, 0xEE, 0xE2, 0x1B, 0x30, 0x80, 0x4B, 0x67, 0x59, 0xAF, 0x5D, 0xA7, 0x16,
    0x99, 0x30, 0x7F, 0x1E, 0x89, 0x61, 0x88, 0xC4, 0x16, 0xF4, 0xB2, 0x74, 0x14, 0x38, 0x00, 0x54,
    0xB3, 0xF7, 0x4B, 0x15, 0x72, 0xEA, 0x84, 0x34, 0x08, 0xA7, 0xC3, 0xEF, 0x8B, 0x0E, 0x55, 0x90,
    0x4F, 0x2A, 0x22, 0x51, 0x01, 0x69, 0x54, 0x14, 0xAD, 0x8A, 0xAC, 0x57, 0x91, 0x3A, 0x91, 0x0C,
    0x2A, 0xE2, 0x51, 0x45, 0x34, 0x7E, 0x6D, 0x62, 0x56, 0x5B, 0x9E, 0x83, 0x8B, 0xA8, 0x45, 0x86,
    0xB5, 0xD8, 0xEC, 0xB2, 0x34, 0xD0, 0xE6, 0x4B, 0x67, 0xDA, 0xF5, 0x72, 0x20, 0x69, 0x16, 0x25,
    0x54, 0xA5, 0x09, 0x6F, 0xC9, 0xE0, 0xD5, 0xA5, 0x98, 0x40, 0x31, 0x97, 0x9B, 0xC0, 0x29, 0xEB,
    0x5D, 0xEA, 0x40, 0x4C, 0x39, 0x29, 0xED, 0xEE, 0x5F, 0xDF, 0x27, 0x0B, 0xE9, 0x6B, 0x04, 0x1A,
    0xAD, 0x58, 0xFE, 0x59, 0x6A, 0x17, 0x2B, 0x17, 0x2A, 0x75, 0xAE, 0x12, 0xE2, 0xDC, 0xBE, 0x89,
    0x41, 0x8D, 0x4B, 0x58, 0x92, 0xBA, 0xA7, 0xB6, 0xF2, 0x3D, 0xB8, 0xE8, 0xB8, 0xE0, 0x68, 0x6C,
    0x7C, 0x68, 0x18, 0x19, 0x1F, 0x18, 0x96, 0x84, 0x4A, 0x2A, 0x62, 0x7A, 0x6F, 0x29, 0xB5, 0x88,
    0x54, 0xB2, 0x60, 0xB5, 0x5A, 0xE9, 0x69, 0x84, 0x2B, 0x63, 0x5D, 0xB6, 0x01, 0xE0, 0x09, 0x71,
    0x78, 0x78, 0x08, 0xD9, 0x55, 0x03, 0x80, 0xF3, 0xB2, 0x03, 0x88, 0x9D, 0x4B, 0x56, 0x45, 0x13,
    0xAD, 0xFE, 0xA1, 0x8C, 0xE4, 0xB0, 0x6E, 0xD3, 0x01, 0x59, 0x9F, 0x75, 0x88, 0x87, 0xA2, 0x41,
    0xC4, 0x87, 0x95, 0xD0, 0x9A, 0x12, 0xE1, 0x54, 0xBF, 0x7B, 0xF8, 0xDD, 0x89, 0x56, 0x6E, 0xB0,
    0x36, 0xF0, 0xC7, 0xBF, 0xEF, 0x92, 0x95, 0xB7, 0xFE, 0x4A, 0x9E, 0xCC, 0xC0, 0x47, 0xA1, 0x3C,
    0xAE, 0x07, 0x68, 0x8E, 0x25, 0x7A, 0x16, 0xEF, 0xED, 0x23, 0x29, 0xF1, 0x1A, 0x12, 0x3E, 0x7B,
    0x45, 0xBF, 0xF9, 0xDA, 0xC8, 0x2C, 0xE9, 0x81, 0x9A, 0xDA, 0xBE, 0xF2, 0x63, 0xDC, 0x78, 0x9F,
    0x06, 0x1D, 0x52, 0x04, 0x3D, 0x32, 0x60, 0xFA, 0xEB, 0x13, 0x6A, 0x69, 0xE9, 0xC4, 0x9E, 0xEE,
    0x2C, 0x6F, 0x80, 0x77, 0x11, 0xBC, 0xA7, 0x67, 0xB2, 0x5E, 0x63, 0x09, 0xD6, 0xC2, 0x1E, 0x5A,
    0x5E, 0x82, 0x8C, 0xFD, 0x8B, 0x8B, 0x7B, 0xFA, 0xC7, 0xC4, 0xEB, 0xF7, 0xEE, 0xCD, 0x3D, 0xCF,
    0xF5, 0xF2, 0xAD, 0x63, 0x31, 0x35, 0x82, 0xE6, 0x64, 0xD5, 0x19, 0x3E, 0xE3, 0xEF, 0xA4, 0x04,
    0x42, 0xE2, 0x5A, 0xFC, 0xD7, 0x01, 0x7B, 0x47, 0xDC, 0xF5, 0x0D, 0x6C, 0xD4, 0x0D, 0x06, 0x9F,
    0x99, 0x91, 0xD6, 0xA6, 0x7D, 0x00, 0xD2, 0xB3, 0x4B, 0x02, 0x48, 0x2B, 0x3C, 0x40, 0xC2, 0xFB,
    0x4E, 0x38, 0xA5, 0x3D, 0x50, 0x9B, 0x06, 0x28, 0x44, 0x87, 0x43, 0x9A, 0xD9, 0x37, 0x3F, 0x9F,
    0xA3, 0x1E, 0x59, 0xB3, 0x3D, 0x86, 0xFC, 0xF9, 0x32, 0x86, 0xA4, 0x33, 0xE6, 0x9B, 0x90, 0xD4,
    0xDC, 0xBF, 0x21, 0x21, 0x1D, 0x19, 0xC9, 0x40, 0x91, 0xFC, 0xCF, 0x04, 0xED, 0x40, 0xBB, 0x35,
    0xC8, 0xB8, 0xCF, 0xC7, 0x08, 0x3B, 0x9C, 0x2F, 0x77, 0x45, 0x1E, 0x6E, 0x42, 0x50, 0xB2, 0x5B,
    0x8A, 0x42, 0xF6, 0xEF, 0x8A, 0xEB, 0xF1, 0x8E, 0x4F, 0xBB, 0x78, 0x22, 0x91, 0x8E, 0x58, 0x46,
    0xFA, 0xAA, 0xA0, 0x57, 0xD6, 0x0B, 0xD5, 0x7F, 0x11, 0x34, 0x78, 0xB5, 0xAA, 0xD6, 0x22, 0x12,
    0x69, 0x4D, 0xE5, 0x45, 0xB8, 0xAA, 0xDB, 0x8D, 0x91, 0x5E, 0xB4, 0x2A, 0xF2, 0x4E, 0x45, 0xDA,
    0xAB, 0x48, 0xAC, 0x8A, 0x68, 0x56, 0x11, 0x48, 0x43, 0x81, 0xFA, 0x14, 0x38, 0x6A, 0x91, 0x53,
    0xDD, 0x16, 0x31, 0x45, 0x03, 0x1C, 0xE9, 0xB0, 0x0B, 0x38, 0x3C, 0x38, 0xF3, 0x65, 0x28, 0xEC,
    0x3B, 0xD6, 0xCC, 0x4C, 0xFF, 0x8B, 0x7D, 0x15, 0x15, 0xBB, 0x9A, 0xD7, 0x12, 0xC1, 0xA7, 0x7A,
    0xC6, 0x2D, 0x45, 0x07, 0x9A, 0x7B, 0x3A, 0xCE, 0x2C, 0x74, 0xE0, 0x52, 0x20, 0x96, 0x77, 0xEB,
    0xDF, 0x3B, 0x70, 0xA9, 0xB6, 0x06, 0x2E, 0xB8, 0xCA, 0xC0, 0x85, 0x2C, 0xAA, 0xCB, 0x07, 0x2E,
    0x35, 0x20, 0x62, 0x6B, 0x1D, 0xB8, 0xB0, 0xE5, 0x01, 0x48, 0x6C, 0x28, 0x0B, 0xC3, 0x09, 0x5F,
    0xD1, 0x1B, 0x44, 0xFA, 0x29, 0x8C, 0x7B, 0x2E, 0xEB, 0x34, 0x72, 0x25, 0x5D, 0xF0, 0x29, 0x00,
    0xFC, 0x00, 0x51, 0xA3, 0xCF, 0x9F, 0x31, 0x45, 0xF1, 0x1D, 0x3D, 0x79, 0x73, 0xD1, 0xE6, 0x89,
    0x58, 0x37, 0xAC, 0x3B, 0xC6, 0x97, 0x26, 0x19, 0x7A, 0xC4, 0x15, 0x30, 0x22, 0x5D, 0xF3, 0xE4,
    0x4D, 0x43, 0xF5, 0x84, 0x9D, 0xA4, 0x32, 0xC2, 0xDD, 0xFC, 0x6F, 0x65, 0x1A, 0xE0, 0x15, 0xF8,
    0x58, 0x5C, 0x14, 0x99, 0x37, 0xFA, 0xCB, 0x93, 0x06, 0xF8, 0x4B, 0x82, 0xA1, 0x20, 0xAB, 0xA5,
    0x7E, 0x1F, 0xAE, 0xDC, 0xD2, 0x34, 0xB8, 0xE5, 0x51, 0xF5, 0xE5, 0x4E, 0xA9, 0x22, 0x6B, 0x54,
    0xE4, 0x4E, 0x14, 0xA5, 0x13, 0x3B, 0x2F, 0x2D, 0x46, 0x6C, 0x95, 0xB8, 0x21, 0x53, 0x65, 0x5E,
    0x2E, 0x3B, 0xD7, 0xCA, 0x59, 0x39, 0xDD, 0xD2, 0xD4, 0x60, 0x08, 0xFC, 0x98, 0x4D, 0x74, 0x1C,
    0x3A, 0xB1, 0x69, 0xDA, 0x31, 0x52, 0x45, 0x95, 0x76, 0xC0, 0xDF, 0x9F, 0x9F, 0xE1, 0x3F, 0x61,
    0xD7, 0xA3, 0x9B, 0x0E, 0x7A, 0x06, 0x64, 0xD9, 0x25, 0x7F, 0xFF, 0x8C, 0xC9, 0x54, 0x5A, 0x2C,
    0x0D, 0xC4, 0xC2, 0xDB, 0xAA, 0xC6, 0x56, 0xD8, 0x58, 0x4B, 0x73, 0xC3, 0x01, 0x17, 0xCA, 0xAB,
    0x95, 0x4F, 0xAD, 0xA7, 0x14, 0xAF, 0xBE, 0x4F, 0xF1, 0x6F, 0x4C, 0x62, 0x64, 0xFF, 0x2E, 0x32,
    0xAE, 0xC5, 0xAF, 0x3E, 0x3B, 0x9A, 0xD6, 0x62, 0x46, 0x28, 0x6B, 0x31, 0x02, 0x14, 0xBD, 0x06,
    0x32, 0xEB, 0xF4, 0x7C, 0xCA, 0xDA, 0x1D, 0xD1, 0x3C, 0x37, 0xE1, 0x62, 0x0A, 0x38, 0x6F, 0x5D,
    0x2A, 0xC5, 0x95, 0x71, 0x23, 0xAD, 0x97, 0x97, 0xB6, 0xBB, 0x20, 0x59, 0x2E, 0x4A, 0xF7, 0xF7,
    0x17, 0x27, 0x03, 0x9D, 0xAC, 0x08, 0xEC, 0x79, 0xD6, 0x22, 0xB2, 0xC3, 0x0B, 0xFB, 0x90, 0xA1,
    0xBC, 0xB7, 0x66, 0x2E, 0xF3, 0x9A, 0x3A, 0xAD, 0x20, 0xD3, 0x9B, 0x75, 0x1B, 0x48, 0x8B, 0xBC,
    0x0F, 0xA4, 0x44, 0xBA, 0x26, 0x10, 0x0F, 0xC1, 0xAC, 0x9C, 0xB6, 0x68, 0x9F, 0x11, 0x1F, 0xE2,
    0xCF, 0x12, 0x29, 0xEF, 0xE7, 0x32, 0x7C, 0x52, 0xBC, 0x2D, 0xF6, 0x87, 0x81, 0xF4, 0x3F, 0xF0,
    0x49, 0x0A, 0xE8, 0x95, 0x37, 0x5E, 0x6F, 0xA1, 0x48, 0x85, 0xB4, 0xC7, 0xF3, 0xDC, 0x82, 0x7A,
    0x2E, 0x79, 0x2C, 0x6E, 0x78, 0x88, 0x57, 0x10, 0x4B, 0x95, 0x21, 0x93, 0xE1, 0x01, 0x8A, 0xB7,
    0xC4, 0xE2, 0x75, 0xD4, 0x03, 0xBE, 0x89, 0x57, 0x76, 0x5F, 0xCC, 0xEF, 0x03, 0x88, 0xFB, 0x17,
    0x08, 0x96, 0x42, 0xA4, 0xDD, 0x6C, 0x0D, 0x36, 0x25, 0x15, 0x29, 0xB3, 0xF5, 0x96, 0xC8, 0x0C,
    0x14, 0xCD, 0x73, 0xDD, 0xEE, 0xCA, 0x29, 0x78, 0x2C, 0x6E, 0x00, 0xC0, 0xE4, 0xE1, 0x56, 0xF3,
    0xFF, 0xBE, 0xEC, 0x01, 0x30, 0xCF, 0x67, 0xFB, 0x21, 0xC2, 0xF6, 0x75, 0xC4, 0x6D, 0x71, 0x7C,
    0xD4, 0x50, 0x87, 0x58, 0x26, 0x7D, 0x0E, 0xB8, 0x6E, 0x5F, 0xBC, 0x86, 0xA0, 0x7B, 0x03, 0x51,
    0x97, 0x1F, 0xBF, 0xDD, 0xA4, 0x7C, 0xF2, 0x96, 0x99, 0x7A, 0xED, 0xDE, 0xD9, 0xB3, 0xE6, 0xB9,
    0x6C, 0x85, 0x4C, 0x46, 0xA6, 0x5C, 0x46, 0x08, 0x9E, 0xC9, 0xCF, 0x3D, 0xF9, 0xD4, 0x68, 0x9F,
    0x88, 0x7A, 0xA4, 0x0D, 0x72, 0x9D, 0x36, 0x79, 0xA0, 0x3F, 0xE6, 0x00, 0xC5, 0xE4, 0x66, 0x40,
    0xC2, 0xE3, 0x64, 0x48, 0xC6, 0x64, 0x08, 0x3B, 0x7F, 0x46, 0xC4, 0xFD, 0x13, 0xFC, 0x6B, 0xB3,
    0xAA, 0xC0, 0x27, 0xB0, 0xB0, 0xA8, 0x0F, 0x8C, 0xCD, 0x2C, 0x38, 0xFD, 0xB6, 0xE8, 0xB1, 0x4C,
    0xBB, 0x3D, 0x47, 0x0B, 0xF7, 0x60, 0xAE, 0xFE, 0x8F, 0x7A, 0xA0, 0xA8, 0x8C, 0x92, 0xDA, 0x14,
    0x15, 0x04, 0x37, 0x8A, 0x6B, 0xC3, 0xBC, 0x86, 0x1B, 0x02, 0xD8, 0x61, 0x5D, 0x92, 0x02, 0xE0,
    0x0F, 0xDF, 0x72, 0x0F, 0x90, 0x56, 0xC9, 0x20, 0x26, 0x73, 0xC9, 0x07, 0x8C, 0x87, 0x75, 0x19,
    0xD9, 0xBA, 0x8A, 0x26, 0xCA, 0xFB, 0xE7, 0x06, 0x4F, 0x7B, 0xC0, 0x81, 0x41, 0x68, 0x9F, 0xC7,
    0x86, 0x0B, 0x5B, 0xC4, 0x6D, 0x04, 0xB2, 0x41, 0x67, 0xB9, 0x73, 0x69, 0x90, 0xCD, 0x67, 0x4B,
    0x07, 0xCA, 0xCD, 0xD2, 0x81, 0xE2, 0x17, 0xBD, 0x2E, 0x1D, 0x60, 0x93, 0x1A, 0x51, 0x87, 0x7B,
    0x15, 0xB6, 0xCA, 0x44, 0xCC, 0x37, 0x11, 0x81, 0x9E, 0x47, 0x44, 0x6C, 0x81, 0x3F, 0x3F, 0x1A,
    0x00, 0x23, 0x3D, 0x51, 0xF9, 0x45, 0x47, 0xC9, 0x00, 0xE4, 0x96, 0xBF, 0x02, 0x66, 0xD3, 0x44,
    0x63, 0xDA, 0xA5, 0x5D, 0x34, 0x7E, 0xBD, 0xC4, 0x27, 0x3B, 0xF7, 0xA2, 0xB8, 0x7F, 0x31, 0x5B,
    0xE2, 0xEE, 0x99, 0x7F, 0xCC, 0x75, 0x49, 0xBA, 0xB0, 0xB0, 0x54, 0x45, 0x4F, 0xF4, 0x29, 0x4A,
    0x00, 0x08, 0x04, 0x88, 0x26, 0x32, 0x1D, 0xC8, 0xA2, 0x25, 0x6B, 0x66, 0x68, 0x38, 0x03, 0x82,
    0x64, 0x24, 0xB3, 0x9E, 0x34, 0x0D, 0x20, 0x1A, 0x4E, 0x89, 0x2C, 0x99, 0xF6, 0x64, 0xA1, 0x94,
    0x41, 0x69, 0xC9, 0x5F, 0x0B, 0xD9, 0x88, 0x7B, 0xAC, 0x68, 0x97, 0x1E, 0x12, 0x4B, 0x46, 0x33,
    0x09, 0x29, 0x49, 0xD3, 0x90, 0x79, 0x4F, 0xA6, 0xE3, 0xA2, 0x4F, 0x20, 0x24, 0xEA, 0x8A, 0x64,
    0x1F, 0x3B, 0x89, 0xAD, 0x34, 0xCA, 0x5A, 0x39, 0x29, 0xED, 0xB2, 0x16, 0x2A, 0xEA, 0xC8, 0xE5,
    0x95, 0xA2, 0xB9, 0x3A, 0xEE, 0xEC, 0x1B, 0x1E, 0x72, 0x0D, 0xA9, 0x0C, 0xFD, 0x60, 0xE8, 0x06,
    0x03, 0xBA, 0x91, 0xBE, 0x31, 0x74, 0x8D, 0x89, 0x19, 0x68, 0x9A, 0x65, 0x8A, 0xF6, 0x2C, 0x15,
    0xF8, 0xBB, 0x5F, 0xCE, 0xEA, 0xDE, 0x12, 0x06, 0x45, 0x03, 0x43, 0xD3, 0x5D, 0x07, 0xB4, 0x8C,
    0x9D, 0x12, 0xA6, 0x59, 0x23, 0xEF, 0x8C, 0x1A, 0xBD, 0x94, 0xE0, 0x80, 0xAA, 0x8F, 0xC4, 0xD9,
    0x50, 0x22, 0x69, 0xDC, 0x0C, 0x37, 0x90, 0x2D, 0xF6, 0x53, 0xC9, 0x12, 0x45, 0xB7, 0x46, 0x5D,
    0x99, 0x32, 0x14, 0x98, 0x32, 0xB6, 0x6B, 0xF0, 0x68, 0x25, 0x8F, 0x5B, 0x52, 0x83, 0xBF, 0xA2,
    0x2E, 0xDF, 0x1E, 0xD7, 0x38, 0xA2, 0x7E, 0xF5, 0xE0, 0x95, 0xFC, 0x8D, 0xAC, 0xD1, 0xD2, 0x98,
    0xB2, 0x68, 0xD7, 0x48, 0xD9, 0x2C, 0x61, 0x07, 0xD1, 0xBC, 0x06, 0xA4, 0x5C, 0xC3, 0x34, 0x6B,
    0xE4, 0xFD, 0x1A, 0xE9, 0x88, 0xBA, 0x01, 0x63, 0xC6, 0xF8, 0xF8, 0x45, 0x7A, 0xFA, 0x08, 0x53,
    0x94, 0x17, 0xDF, 0xBB, 0xE4, 0x6E, 0x52, 0xF9, 0x3A, 0xF1, 0xB3, 0xC3, 0xC3, 0xFD, 0x42, 0x44,
    0xFA, 0x05, 0x10, 0xFA, 0x89, 0x4F, 0xA8, 0x3D, 0x72, 0x46, 0x06, 0x1F, 0x6F, 0xA5, 0x88, 0x79,
    0x9E, 0x3F, 0x3C, 0xE5, 0x20, 0xD7, 0x09, 0xBE, 0x73, 0x28, 0x75, 0x42, 0x63, 0x01, 0xB6, 0x0A,
    0x13, 0x2F, 0xB4, 0xBB, 0xD9, 0xD7, 0x9D, 0x65, 0x5F, 0x79, 0xF6, 0x64, 0x9A, 0x35, 0x5F, 0xE4,
    0x1F, 0xC0, 0xCC, 0x4D, 0xFA, 0xB4, 0x4D, 0x9B, 0xAC, 0x2C, 0xF0, 0x3A, 0xD4, 0x37, 0x79, 0x25,
    0x40, 0xA1, 0x80, 0x00, 0x0F, 0x88, 0x9F, 0x12, 0x23, 0xD1, 0x5F, 0x87, 0x6F, 0xDE, 0x09, 0x7E,
    0x6C, 0x22, 0x6B, 0xA2, 0xC1, 0x44, 0xBD, 0x89, 0x5B, 0x93, 0x34, 0x26, 0x2D, 0x6F, 0x4C, 0x46,
    0x84, 0x95, 0x2E, 0xA8, 0xDD, 0x41, 0xDC, 0x3E, 0x03, 0xAB, 0xAF, 0x6E, 0x42, 0x58, 0x99, 0xB4,
    0xD7, 0x1F, 0xFA, 0xE7, 0x8A, 0xAD, 0x9C, 0xD9, 0x90, 0x2F, 0xC4, 0x0F, 0xC9, 0x64, 0x24, 0x8D,
    0x52, 0x1A, 0xD2, 0xAD, 0x65, 0xEA, 0x00, 0xA4, 0xBA, 0x67, 0xB1, 0xC5, 0xAF, 0x5C, 0xA9, 0x67,
    0x3A, 0x04, 0xEA, 0x87, 0x1D, 0xAE, 0x00, 0xC8, 0x93, 0x6C, 0x7F, 0x00, 0xC8, 0x6B, 0xD4, 0xCB,
    0x69, 0x25, 0x9D, 0x8E, 0x7F, 0x72, 0x71, 0xDA, 0x7C, 0x5D, 0x9E, 0xB0, 0x3F, 0x20, 0xEF, 0x97,
    0x85, 0x6A, 0x52, 0xFA, 0xC1, 0x08, 0xA2, 0x91, 0x4C, 0xDB, 0x0B, 0x13, 0xEC, 0x7E, 0xEC, 0xF8,
    0x89, 0x7A, 0x66, 0x96, 0x5E, 0x39, 0x28, 0x2D, 0x39, 0x0B, 0x39, 0x49, 0x49, 0x16, 0x0D, 0x99,
    0x77, 0x64, 0x3A, 0x90, 0xB1, 0x25, 0xC3, 0x99, 0xE4, 0x01, 0xE7, 0x19, 0xA6, 0x21, 0xF3, 0x8E,
    0x4C, 0x7B, 0x32, 0xB6, 0x64, 0x34, 0x91, 0x10, 0x65, 0xDD, 0x90, 0x45, 0x4B, 0xA6, 0x3D, 0x99,
    0x8C, 0x27, 0x6B, 0x46, 0x13, 0x19, 0x08, 0x89, 0x7A, 0x26, 0x0B, 0x65, 0xA6, 0x4C, 0x94, 0xD1,
    0x7C, 0x71, 0xED, 0x6F, 0xE7, 0xC7, 0xC2, 0xDC, 0x01, 0x03, 0xB6, 0xCA, 0x9F, 0xE0, 0x9D, 0x87,
    0x78, 0x10, 0x8B, 0x94, 0x26, 0x17, 0xE9, 0x4C, 0xFD, 0x6E, 0x3D, 0x98, 0x11, 0x89, 0x35, 0x1D,
    0x22, 0x6B, 0x1A, 0x8E, 0x53, 0xB9, 0x06, 0xD1, 0x94, 0x67, 0xC0, 0x17, 0xC4, 0xCB, 0xE9, 0xD3,
    0x0B, 0x33, 0x21, 0x88, 0x07, 0x65, 0x4F, 0x26, 0xED, 0xF9, 0x25, 0xE9, 0xF7, 0xAF, 0xD3, 0xC5,
    0x17, 0x46, 0x79, 0x45, 0xE9, 0x47, 0x66, 0x27, 0xBB, 0xCB, 0x01, 0x3A, 0x6C, 0xCA, 0x1B, 0x08,
    0x46, 0x20, 0x6B, 0x93, 0x9E, 0x96, 0xE5, 0x8D, 0x5F, 0x3E, 0x88, 0x7A, 0x22, 0x8B, 0x81, 0x4C,
    0xBB, 0x97, 0xFF, 0xF4, 0xB8, 0xFA, 0x12, 0x81, 0xEB, 0x89, 0x1D, 0x03, 0x40, 0x57, 0xEF, 0x88,
    0xAC, 0xDB, 0x79, 0x3F, 0xB2, 0xF3, 0x9A, 0xC4, 0x04, 0xE5, 0xDD, 0x55, 0x89, 0x07, 0x49, 0x57,
    0xCB, 0x80, 0x9F, 0x26, 0x9F, 0x8B, 0xCC, 0x38, 0x48, 0x7E, 0x77, 0xFA, 0x96, 0xD0, 0x30, 0x0E,
    0x6D, 0x91, 0xCC, 0xDA, 0x2A, 0xA1, 0xBD, 0x6B, 0xA1, 0x91, 0x46, 0x32, 0x38, 0xD1, 0x3F, 0x67,
    0xF1, 0x7B, 0xB2, 0x64, 0xBC, 0x98, 0x25, 0xD5, 0x92, 0x25, 0x59, 0x4F, 0xA6, 0x23, 0x19, 0x59,
    0x32, 0x10, 0x12, 0x52, 0x31, 0x03, 0x8A, 0x86, 0xCC, 0x7A, 0x32, 0x19, 0xC9, 0xC8, 0x92, 0x81,
    0x90, 0xA8, 0x2B, 0xB2, 0x68, 0xC8, 0x6C, 0x3B, 0x3F, 0xEC, 0x95, 0xF2, 0x83, 0x04, 0xB1, 0x70,
    0xB9, 0x55, 0x50, 0xE3, 0xBF, 0x3D, 0x1A, 0xA1, 0x8F, 0x2A, 0xCA, 0x8A, 0x61, 0x19, 0xAF, 0x90,
    0x28, 0xD3, 0x73, 0x38, 0xC9, 0x2F, 0x85, 0x5B, 0x57, 0x6A, 0x19, 0xFF, 0x81, 0xE8, 0x80, 0x78,
    0x2E, 0xE1, 0x8B, 0x88, 0x94, 0x8B, 0xA8, 0x29, 0xCE, 0x97, 0x5C, 0x4E, 0x69, 0xB0, 0x08, 0xDB,
    0x66, 0x6E, 0xC6, 0xBF, 0x3E, 0xC5, 0xDB, 0x82, 0x40, 0xAA, 0xF5, 0xD6, 0x44, 0xEA, 0xC0, 0x2E,
    0x19, 0x35, 0x4B, 0x35, 0x4F, 0x93, 0x31, 0xEF, 0xD4, 0x4B, 0x9A, 0xA0, 0xE1, 0xA4, 0x22, 0x98,
    0x55, 0x60, 0x36, 0x15, 0x85, 0x5C, 0x41, 0xB8, 0x06, 0xB2, 0x34, 0x67, 0x67, 0x9B, 0xAE, 0xF5,
    0x40, 0xF1, 0x98, 0xEA, 0x61, 0x87, 0x78, 0x52, 0x25, 0x42, 0x1A, 0x20, 0x0D, 0x64, 0xD0, 0x84,
    0xCF, 0xDD, 0x7A, 0xD8, 0xD8, 0x29, 0x0F, 0x23, 0x2E, 0x90, 0x87, 0xDE, 0x4A, 0x35, 0xB9, 0xF1,
    0x34, 0x22, 0xD5, 0xF9, 0xC5, 0x6E, 0xC7, 0xEA, 0x81, 0xD9, 0xF9, 0xA8, 0x45, 0x24, 0xEB, 0x70,
    0x22, 0x65, 0x3C, 0x79, 0x2A, 0x86, 0xB3, 0x5F, 0xCE, 0x5A, 0x01, 0x86, 0xCF, 0x78, 0xEB, 0x5A,
    0xAD, 0x27, 0xE6, 0x65, 0x34, 0xA5, 0x92, 0xFB, 0x57, 0x6C, 0x5B, 0x97, 0x79, 0x0B, 0x37, 0xE6,
    0x0C, 0x27, 0xC4, 0x13, 0x52, 0x8B, 0x50, 0x1E, 0x49, 0xEF, 0xB5, 0x4A, 0x68, 0x01, 0xB0, 0x57,
    0x92, 0x3D, 0x12, 0xAA, 0x38, 0x20, 0xA5, 0x38, 0x79, 0x93, 0x7D, 0xA2, 0x70, 0x7B, 0xA4, 0x32,
    0x38, 0x9D, 0x4B, 0x7C, 0x69, 0x82, 0xF8, 0x11, 0xE2, 0x06, 0xEE, 0xC3, 0x84, 0x30, 0xDF, 0x51,
    0xDF, 0x8A, 0x80, 0x4E, 0x1B, 0xFD, 0xB2, 0xAE, 0x9B, 0x1D, 0xD0, 0x74, 0xC8, 0x3A, 0xBD, 0xAC,
    0xB3, 0x29, 0xFB, 0x74, 0xF7, 0x67, 0xDD, 0xC3, 0x86, 0x34, 0x22, 0x1C, 0x62, 0xF5, 0x55, 0x95,
    0x7C, 0x79, 0xE2, 0xCA, 0xA6, 0x3D, 0x15, 0xA6, 0x2B, 0xF3, 0x96, 0xC1, 0x28, 0x4A, 0x61, 0xC6,
    0x07, 0x16, 0x08, 0xC6, 0xA8, 0x07, 0xC2, 0x36, 0xBE, 0xE9, 0xD1, 0x5D, 0xCA, 0x91, 0xB0, 0xF4,
    0x6A, 0xAC, 0x56, 0xF2, 0x4D, 0x85, 0xD1, 0xCA, 0x1E, 0xAF, 0x56, 0xEF, 0x85, 0x52, 0xE9, 0x5D,
    0x12, 0x8C, 0x58, 0xE2, 0xE2, 0xE4, 0x2A, 0x3C, 0x96, 0xAB, 0xD0, 0xB9, 0x5A, 0x29, 0x9A, 0x4B,
    0x2B, 0x54, 0x35, 0x19, 0x7C, 0x85, 0x5E, 0x30, 0xE5, 0xC5, 0xCA, 0xF6, 0x3E, 0xDA, 0xBC, 0xBA,
    0xB4, 0xC3, 0xBC, 0x3B, 0xAF, 0x46, 0xEA, 0x15, 0x63, 0x5C, 0xB5, 0x72, 0xA6, 0x3C, 0xEA, 0x01,
    0xC9, 0x6F, 0xD6, 0x73, 0x45, 0x6A, 0xE0, 0xAE, 0xC9, 0x30, 0xBE, 0xC2, 0x18, 0xFB, 0x78, 0xE9,
    0xE5, 0x2A, 0x97, 0x09, 0x99, 0x58, 0x04, 0xFE, 0x85, 0x1A, 0x03, 0xF7, 0x4B, 0x79, 0x57, 0x9A,
    0x74, 0x40, 0xFA, 0xBB, 0xD1, 0x2D, 0xC5, 0x8C, 0xA4, 0x47, 0x32, 0xE8, 0xBA, 0x8A, 0x06, 0xD1,
    0x48, 0x9D, 0x59, 0xB1, 0x34, 0xA7, 0xE6, 0xFA, 0xCC, 0x9A, 0x0A, 0xBC, 0x7B, 0xF8, 0x3D, 0xAD,
    0xF0, 0x68, 0xD3, 0x6E, 0xC5, 0x2F, 0xD5, 0x64, 0x03, 0xD4, 0xAE, 0x15, 0xA0, 0xCD, 0x1B, 0x00,
    0xAE, 0x43, 0x9A, 0xDC, 0xF8, 0x27, 0xDF, 0xDE, 0xAD, 0xC9, 0xD4, 0xFC, 0xF9, 0x9C, 0xCB, 0x38,
    0x19, 0xEB, 0xD6, 0x2F, 0xE5, 0x2C, 0x0B, 0x9A, 0x73, 0x4F, 0x46, 0x1A, 0x79, 0x0C, 0x1C, 0x32,
    0xF0, 0xFB, 0xBB, 0x9F, 0xAB, 0xF2, 0xAB, 0x34, 0x2A, 0x72, 0x26, 0xC2, 0x91, 0x8C, 0xDA, 0x0B,
    0xEB, 0xC2, 0xE9, 0x09, 0x11, 0x39, 0x55, 0x4A, 0x05, 0x59, 0xFD, 0x44, 0x3A, 0x08, 0x50, 0x6C,
    0x4F, 0xE7, 0xDA, 0xFF, 0x8B, 0xF1, 0xB8, 0x35, 0xF9, 0xDC, 0x41, 0x0E, 0xBF, 0xCF, 0x7E, 0x44,
    0x66, 0x90, 0x1D, 0x20, 0xAB, 0x9A, 0x44, 0x3A, 0x90, 0x91, 0x25, 0xC3, 0x89, 0xD4, 0x1F, 0x2A,
    0xBA, 0x4C, 0x5C, 0x67, 0x3D, 0x99, 0x6C, 0x1D, 0x37, 0x14, 0x12, 0x52, 0x92, 0xA6, 0x71, 0x9B,
    0x94, 0x08, 0x67, 0x3D, 0x36, 0xD2, 0xCE, 0xCD, 0x56, 0xBE, 0xBE, 0x33, 0x72, 0x3E, 0x7E, 0x10,
    0x49, 0xFB, 0x20, 0x95, 0xD6, 0x14, 0x8F, 0x1A, 0x73, 0x02, 0x98, 0x01, 0x30, 0xDD, 0xA6, 0x07,
    0x3D, 0x17, 0x9F, 0xE2, 0x95, 0xE8, 0xCB, 0xEA, 0xB3, 0xAB, 0x4F, 0xBD, 0x87, 0xFD, 0xB9, 0xA9,
    0xF7, 0x3B, 0x78, 0xF5, 0x61, 0x56, 0xC9, 0x90, 0xFD, 0xC3, 0x7A, 0xFB, 0x8F, 0xC7, 0x1F, 0x66,
    0xBF, 0xAA, 0x90, 0x4D, 0x40, 0x36, 0xEA, 0x81, 0xF5, 0xE9, 0x20, 0x6B, 0x9F, 0xEA, 0x55, 0xEA,
    0x72, 0x8C, 0x7D, 0x17, 0xC6, 0x74, 0xD3, 0x4F, 0x5E, 0x02, 0xC5, 0xD6, 0xE7, 0x21, 0xD3, 0x06,
    0x66, 0xB3, 0x98, 0xC1, 0x3F, 0xA4, 0x98, 0x23, 0x5D, 0x13, 0x26, 0x25, 0xFF, 0x3C, 0xAB, 0xCE,
    0xE3, 0x2D, 0xC8, 0xEE, 0x02, 0x81, 0x4D, 0xDB, 0xB8, 0x8F, 0xC7, 0xBC, 0x0D, 0xE6, 0xBA, 0x44,
    0x3D, 0xE9, 0x10, 0x1F, 0xC9, 0x8B, 0x89, 0xC8, 0x13, 0xCD, 0xDF, 0xE0, 0x9E, 0x9C, 0xEA, 0xF5,
    0xB3, 0x4F, 0x88, 0x6C, 0xC2, 0x51, 0x5B, 0x74, 0x40, 0xA9, 0x19, 0x67, 0xCA, 0x5D, 0x54, 0x50,
    0x2F, 0xD0, 0x1C, 0xFF, 0x09, 0x85, 0x88, 0xA1, 0x41, 0x2D, 0xAD, 0xBF, 0x87, 0x1D, 0x49, 0x45,
    0x0D, 0xF4, 0x98, 0xFE, 0xB2, 0x8F, 0xC8, 0x5E, 0x44, 0x3C, 0x96, 0x40, 0xDA, 0x9F, 0x02, 0x75,
    0xE7, 0xE7, 0x3E, 0x67, 0xE4, 0x1A, 0x91, 0xBD, 0x03, 0x80, 0x9E, 0xF0, 0xC7, 0xAB, 0x2B, 0x20,
    0x98, 0x7D, 0x86, 0xA8, 0x23, 0xD3, 0x72, 0x77, 0xB5, 0xD6, 0x4A, 0xD7, 0x20, 0x8E, 0xC8, 0x44,
    0x26, 0x14, 0x9F, 0x7D, 0xD7, 0xA2, 0xE6, 0x55, 0x44, 0x4D, 0x56, 0xD4, 0x84, 0x51, 0xED, 0x67,
    0x76, 0xA2, 0xAB, 0xE1, 0x44, 0x4A, 0x56, 0x35, 0x1D, 0x55, 0x29, 0xDD, 0x55, 0x96, 0xFD, 0x09,
    0xC1, 0x80, 0x70, 0x86, 0x3C, 0xFA, 0xC0, 0xC2, 0xDF, 0x86, 0x4B, 0xFD, 0xCC, 0xE9, 0x25, 0x9F,
    0xC9, 0xFE, 0xD6, 0x85, 0xCF, 0x64, 0xDF, 0x78, 0x67, 0xA7, 0xEA, 0x6B, 0xCB, 0xEE, 0x67, 0x20,
    0xE4, 0x2C, 0x5B, 0x3C, 0x64, 0x2D, 0xB2, 0x26, 0x1E, 0x70, 0x1F, 0xF8, 0xF8, 0xDA, 0x9D, 0x7D,
    0xB3, 0x9D, 0xF8, 0xD5, 0xC1, 0x5F, 0x73, 0xE3, 0x41, 0x0D, 0x86, 0x3F, 0xE9, 0xD2, 0x06, 0xEE,
    0xC4, 0xDC, 0xA3, 0x4A, 0x86, 0x36, 0x9B, 0x4F, 0xAF, 0xC7, 0x89, 0x6F, 0xB5, 0x67, 0xEF, 0x92,
    0x58, 0xCB, 0xA6, 0xB3, 0x56, 0x85, 0xC7, 0xA1, 0xB0, 0xB9, 0x25, 0x5A, 0xE0, 0xEA, 0x93, 0x5D,
    0x37, 0x3B, 0xBD, 0x79, 0x4D, 0x06, 0x2F, 0xCA, 0xE0, 0x55, 0x19, 0x7A, 0x59, 0x46, 0x3D, 0xF9,
    0xA3, 0x27, 0xDD, 0x4D, 0xB8, 0x96, 0x18, 0x6A, 0x3E, 0xD6, 0x5B, 0x7C, 0x67, 0xF5, 0xC1, 0xA3,
    0xD5, 0x43, 0x77, 0x2B, 0xB8, 0xA1, 0xF4, 0x4B, 0xA9, 0x2B, 0x32, 0x3B, 0x26, 0x73, 0x4B, 0x62,
    0x56, 0x16, 0xCA, 0x07, 0xC4, 0x77, 0xDD, 0xBB, 0xA1, 0x51, 0x79, 0x0C, 0x7A, 0x14, 0x78, 0x63,
    0xF3, 0xD7, 0x13, 0xD7, 0x22, 0x9C, 0x0F, 0xF7, 0x73, 0x91, 0xDE, 0xAC, 0xB7, 0x6F, 0xC8, 0xEA,
    0x58, 0x7B, 0x79, 0x9A, 0x4D, 0xB8, 0x55, 0x80, 0x79, 0xFC, 0x21, 0x72, 0x7D, 0x9E, 0xE8, 0x81,
    0x53, 0x37, 0x38, 0x8A, 0x06, 0x20, 0x96, 0xD2, 0xCD, 0x87, 0xA6, 0x6E, 0xDB, 0x33, 0x0D, 0x0A,
    0x01, 0x8A, 0x81, 0xFA, 0x84, 0x23, 0xFF, 0x98, 0xEA, 0x33, 0x4C, 0xD1, 0x9C, 0x2D, 0x1B, 0x16,
    0x4B, 0x16, 0xFD, 0x62, 0xBD, 0x2F, 0x2F, 0x6B, 0xF4, 0x80, 0xF7, 0x09, 0x8D, 0x0C, 0x8D, 0x0B,
    0x39, 0x15, 0x19, 0xF5, 0x78, 0x03, 0x51, 0x8B, 0x07, 0x0C, 0xEE, 0x89, 0x8F, 0x25, 0x43, 0x03,
    0xC6, 0x06, 0x86, 0x60, 0x74, 0x9E, 0xD5, 0xCA, 0x1E, 0x51, 0x54, 0x70, 0xE1, 0xD2, 0x78, 0x21,
    0x26, 0xB0, 0x77, 0x89, 0x63, 0x1F, 0x3F, 0xAD, 0x63, 0x83, 0x55, 0xFD, 0xF8, 0x7D, 0x84, 0x7A,
    0x7D, 0x70, 0xC4, 0xE1, 0xD1, 0x67, 0x87, 0xCF, 0xD4, 0xB1, 0x4F, 0x97, 0xDA, 0x5F, 0x9D, 0x0F,
    0xF9, 0x64, 0xD8, 0x71, 0xDB, 0x5B, 0xD7, 0x9F, 0x28, 0xB5, 0xE9, 0x28, 0x5D, 0x89, 0x0B, 0xAE,
    0x11, 0x06, 0x32, 0x19, 0x7E, 0x04, 0xB7, 0x18, 0x17, 0xAF, 0x41, 0x06, 0xE0, 0x9B, 0x5B, 0x6B,
    0x85, 0x97, 0xE9, 0xFF, 0xD9, 0x54, 0x2F, 0x8E, 0xC5, 0x45, 0x36, 0x40, 0x30, 0xE5, 0x2D, 0x10,
    0xD9, 0xAC, 0xF7, 0x73, 0x3F, 0x59, 0x1F, 0x49, 0x19, 0xD4, 0x5D, 0xE0, 0x86, 0xFC, 0x85, 0x9F,
    0xF0, 0xE9, 0x00, 0xDC, 0x39, 0xE0, 0x05, 0xBA, 0x0C, 0x8E, 0x21, 0x43, 0xD4, 0x46, 0x32, 0xBF,
    0xD5, 0xC4, 0x9F, 0x89, 0x54, 0x49, 0x93, 0x09, 0x92, 0x32, 0x78, 0x78, 0xEE, 0x29, 0xE9, 0xA0,
    0x66, 0x66, 0x3F, 0x3D, 0xC2, 0x33, 0x44, 0x1B, 0x94, 0x88, 0x39, 0x21, 0x9F, 0xDA, 0xA2, 0x83,
    0xB1, 0x99, 0xFC, 0x64, 0xB2, 0x89, 0xC8, 0x60, 0x03, 0x91, 0xCA, 0x7F, 0x17, 0x98, 0x5F, 0x5A,
    0x3B, 0x78, 0x26, 0xE4, 0x2D, 0xF1, 0xFE, 0xC5, 0x6F, 0x29, 0xB8, 0x09, 0x3E, 0x4F, 0x75, 0x8C,
    0x9A, 0x96, 0xA0, 0xB7, 0x3F, 0xBD, 0xD7, 0xBB, 0x15, 0xF1, 0xAA, 0x69, 0xC9, 0x94, 0x79, 0x88,
    0x5B, 0xE2, 0xFF, 0x2B, 0x7D, 0xA3, 0xC1, 0xF5, 0x67, 0x3F, 0xB2, 0x91, 0x34, 0x42, 0x8E, 0x59,
    0x09, 0x04, 0x7D, 0xD2, 0x90, 0xF1, 0x9A, 0xE8, 0xF5, 0xC1, 0x68, 0x3A, 0xA2, 0xC6, 0xC5, 0x0C,
    0x00, 0x77, 0xDF, 0xC3, 0x6D, 0x3A, 0x43, 0x10, 0x9E, 0xAD, 0xB6, 0xCD, 0xBE, 0xD5, 0x03, 0xF7,
    0x31, 0x6C, 0x90, 0x13, 0xE9, 0xBF, 0xB0, 0x3B, 0xFE, 0x15, 0x2B, 0xDC, 0x88, 0xA8, 0xC9, 0x9B,
    0x33, 0x10, 0xCC, 0x91, 0x65, 0x8B, 0x64, 0x00, 0xB8, 0x40, 0x0C, 0x48, 0x1B, 0xBA, 0x22, 0xD7,
    0x3B, 0xD9, 0x37, 0xF1, 0xD1, 0xAD, 0x89, 0x51, 0xCA, 0x81, 0x5D, 0xD1, 0x9A, 0xCA, 0xAD, 0xC2,
    0x9D, 0x43, 0xEB, 0xDE, 0x10, 0x44, 0x7D, 0xDA, 0x20, 0xAE, 0xFE, 0xE8, 0xFA, 0x83, 0xF2, 0x72,
    0xB9, 0x77, 0x56, 0xF7, 0x8E, 0xFA, 0xD5, 0x8D, 0x3D, 0x00, 0xC4, 0xDB, 0x6B, 0x5A, 0x2A, 0x32,
    0x2F, 0x95, 0x5A, 0xCF, 0x7E, 0x06, 0xFF, 0xD8, 0x87, 0x88, 0xBC, 0x3E, 0x3F, 0x47, 0xBD, 0xD7,
    0x33, 0x2B, 0xFD, 0x13, 0xCB, 0x03, 0xC2, 0x10, 0xC5, 0xBB, 0x84, 0x3E, 0xE5, 0x4D, 0xF0, 0x85,
    0xEE, 0x70, 0xA5, 0xEE, 0xC9, 0xE5, 0x03, 0x86, 0x34, 0xE7, 0x54, 0x28, 0x96, 0x8F, 0x19, 0x2E,
    0x9F, 0x34, 0xBC, 0xF4, 0xC3, 0x86, 0x5A, 0xCC, 0xE6, 0x91, 0x24, 0xE9, 0xD9, 0xAC, 0xE8, 0x36,
    0x49, 0x0A, 0xA3, 0x33, 0x82, 0x3C, 0x66, 0xDD, 0xF3, 0xD8, 0x59, 0x07, 0xC8, 0x00, 0x14, 0x4D,
    0xDA, 0x03, 0xB3, 0xDD, 0xD4, 0xC2, 0xC9, 0x02, 0xA6, 0x4A, 0x06, 0x44, 0xE3, 0x04, 0xD4, 0x65,
    0x3C, 0x22, 0x1A, 0xE6, 0xCD, 0x9C, 0x66, 0xDC, 0xD7, 0x9B, 0x5A, 0xD2, 0x9B, 0x32, 0x98, 0x10,
    0x4E, 0xAA, 0x1F, 0xF3, 0x7E, 0x46, 0xD6, 0xE6, 0x8D, 0x9B, 0xF8, 0xCC, 0x9B, 0xAC, 0x89, 0x46,
    0xA0, 0xA6, 0xCE, 0x6D, 0x3C, 0x50, 0xAD, 0xA2, 0x4C, 0xFB, 0xA4, 0xA7, 0x15, 0x86, 0x57, 0x05,
    0xD6, 0x1A, 0x41, 0x34, 0xD0, 0xA6, 0xBC, 0x99, 0x11, 0x8D, 0x3A, 0x59, 0xF9, 0x9F, 0x16, 0xA1,
    0xA5, 0x01, 0xE9, 0x2F, 0x39, 0x01, 0x56, 0xB0, 0xF6, 0xF9, 0x08, 0x4C, 0x34, 0x27, 0xF9, 0x7C,
    0x00, 0x4E, 0x68, 0x62, 0xFC, 0xDB, 0x1E, 0x30, 0x86, 0x9E, 0xFA, 0x1D, 0xBB, 0xAA, 0x59, 0x93,
    0x16, 0x28, 0x26, 0xFF, 0xF5, 0x0D, 0xB9, 0x55, 0x8F, 0xB2, 0x03, 0xEB, 0x9F, 0x0D, 0xD2, 0x51,
    0x6B, 0xFE, 0x25, 0xD4, 0x99, 0xD8, 0xEC, 0xBD, 0xDC, 0x6C, 0x34, 0x9B, 0x1B, 0x95, 0x5C, 0xFC,
    0xBF, 0x89, 0x44, 0xA4, 0xCD, 0xB1, 0xF3, 0x31, 0x80, 0x73, 0xE7, 0x78, 0xB0, 0x4F, 0xA1, 0x0B,
    0xAD, 0x9D, 0xFD, 0x7A, 0x74, 0x41, 0xD1, 0xE8, 0x54, 0x09, 0xBD, 0x84, 0x62, 0xD6, 0xA9, 0x84,
    0x0E, 0x85, 0x41, 0xA8, 0x8B, 0x98, 0x4D, 0x81, 0x68, 0x44, 0xD2, 0xE3, 0xA4, 0xA8, 0xE2, 0x01,
    0xEB, 0x9F, 0x29, 0x6F, 0x92, 0x1E, 0xD1, 0x18, 0xD8, 0x8C, 0x71, 0x89, 0x6C, 0x38, 0xA6, 0x6D,
    0xDA, 0x21, 0xB4, 0xD1, 0x90, 0x74, 0x59, 0x8B, 0x60, 0xE2, 0x07, 0x7A, 0xE8, 0xA9, 0x39, 0xE9,
    0xA3, 0x81, 0xEE, 0xA9, 0xD3, 0x36, 0x1A, 0x8B, 0x12, 0x30, 0x69, 0x13, 0x58, 0x03, 0xA0, 0x78,
    0xBB, 0x81, 0xAD, 0x59, 0xF9, 0xA0, 0xC4, 0x34, 0xD3, 0xCE, 0x1A, 0x38, 0xA1, 0x8F, 0x32, 0x01,
    0x8C, 0xDD, 0x4C, 0x9B, 0x17, 0x5A, 0x59, 0x23, 0x77, 0xAF, 0x9C, 0xDC, 0xBC, 0xA9, 0x67, 0x31,
    0x92, 0xA2, 0x9E, 0x9D, 0x6A, 0x3A, 0x4F, 0x8F, 0xAB, 0x1A, 0x72, 0xD1, 0xD6, 0xC7, 0xD8, 0x2E,
    0x35, 0x74, 0x79, 0x48, 0xA5, 0xEF, 0x79, 0x5B, 0xBA, 0xD8, 0xBD, 0x50, 0xA5, 0xAB, 0xF3, 0x36,
    0xB2, 0x4C, 0x01, 0x3F, 0x33, 0xCE, 0xB4, 0x41, 0x5D, 0xEA, 0x2F, 0x9B, 0x58, 0x97, 0x04, 0xB9,
    0x9D, 0x99, 0x0B, 0xF1, 0xC8, 0xE8, 0xBB, 0x97, 0x6C, 0xC1, 0x2C, 0x5E, 0x07, 0xAF, 0x4F, 0xDE,
    0xBB, 0xA0, 0x3C, 0x1B, 0xD6, 0x95, 0x66, 0x4B, 0xAB, 0x79, 0xD4, 0x83, 0x59, 0x67, 0x41, 0x1B,
    0xF5, 0xDD, 0xEF, 0x5A, 0x22, 0x18, 0x70, 0xB7, 0xC5, 0x76, 0xD1, 0x97, 0x6E, 0x65, 0x5D, 0x52,
    0xF9, 0x62, 0x79, 0x4F, 0x8B, 0xCC, 0xBF, 0xA7, 0x0D, 0x26, 0x30, 0x88, 0x96, 0xC1, 0xE5, 0x8F,
    0x45, 0x32, 0xF0, 0x97, 0x7A, 0xCA, 0xE9, 0x81, 0x6B, 0xF6, 0x8C, 0xA2, 0x2C, 0xC8, 0x86, 0x96,
    0x66, 0x4D, 0xAD, 0x4A, 0xE9, 0xD5, 0xE2, 0xBF, 0x69, 0x6F, 0xF4, 0x6B, 0x4B, 0xFE, 0x76, 0x54,
    0x0D, 0xD5, 0x6A, 0x71, 0x3A, 0x6F, 0x7F, 0x63, 0x62, 0xB5, 0xF3, 0x59, 0xEE, 0x9D, 0xD5, 0x42,
    0x48, 0x16, 0x87, 0xD5, 0xD2, 0x28, 0x35, 0xD5, 0x07, 0x12, 0x41, 0x19, 0x94, 0x3C, 0xA2, 0xDE,
    0xA9, 0xFB, 0xB4, 0x63, 0x9D, 0x0C, 0xAB, 0xBB, 0x15, 0xB4, 0xDC, 0x82, 0xF8, 0xC2, 0x34, 0xFE,
    0x22, 0x80, 0xD0, 0xBF, 0x28, 0xD2, 0xBF, 0x2E, 0xF7, 0x93, 0xFB, 0xD8, 0x2D, 0xB9, 0xDE, 0x98,
    0x0A, 0xB2, 0x71, 0xFC, 0xC6, 0x6A, 0xB5, 0x12, 0x97, 0x29, 0xE7, 0xBD, 0x9B, 0xF5, 0x4B, 0x30,
    0xEA, 0x17, 0xB0, 0xCB, 0x67, 0x5C, 0xE3, 0x6C, 0x54, 0xAB, 0x6D, 0xEA, 0xD9, 0xEB, 0xA7, 0xE2,
    0x5B, 0x3F, 0x53, 0xAA, 0x69, 0x34, 0xF8, 0x1B, 0xEA, 0x59, 0xB9, 0xB3, 0xEE, 0x43, 0xAD, 0xAC,
    0x14, 0xAF, 0x6E, 0x8C, 0x13, 0x7F, 0xC4, 0x78, 0x38, 0xEB, 0x4A, 0xB3, 0x46, 0x03, 0xE5, 0xFF,
    0x98, 0x2C, 0xEF, 0x85, 0x9A, 0x4D, 0xA3, 0x50, 0x8F, 0x33, 0xFA, 0x46, 0xB9, 0x1E, 0x9F, 0x5A,
    0x2D, 0x00, 0x5E, 0x81, 0x37, 0x71, 0x97, 0x59, 0x49, 0xE2, 0x16, 0xC4, 0xE0, 0xFC, 0xF7, 0xB1,
    0x45, 0x44, 0xA0, 0x4D, 0x70, 0xDD, 0xEE, 0x9F, 0xB6, 0xBE, 0x3B, 0x34, 0xDD, 0xF9, 0xEE, 0xD0,
    0x71, 0xE7, 0xBB, 0x43, 0x5F, 0xFA, 0x20, 0xE8, 0x37, 0x89, 0xC5, 0x3D, 0x87, 0x26, 0xCB, 0x37,
    0x89, 0xE5, 0x3B, 0xDF, 0x24, 0x76, 0xBD, 0x91, 0x38, 0x3A, 0x45, 0x24, 0x82, 0x54, 0x66, 0xE4,
    0xC3, 0x9F, 0x6A, 0xDB, 0x62, 0x59, 0x90, 0xF0, 0xDC, 0xB7, 0xFF, 0x05, 0xD4, 0x97, 0x21, 0xAC,
    0xDD, 0x64, 0x14, 0xC7, 0x7F, 0x6D, 0xF3, 0xD6, 0x64, 0x15, 0x35, 0x0C, 0x5B, 0x8F, 0xA9, 0x57,
    0xAD, 0x57, 0x13, 0xEF, 0x85, 0x04, 0x83, 0xC2, 0xCC, 0xE0, 0x0D, 0x6D, 0xF0, 0xE2, 0x99, 0x69,
    0x10, 0x13, 0x70, 0xE7, 0x25, 0x6B, 0xBD, 0x6A, 0x82, 0x0F, 0x15, 0xA8, 0x61, 0x2A, 0x2A, 0xBA,
    0xA4, 0xED, 0xA1, 0x67, 0xE7, 0x7C, 0x69, 0xEE, 0x0B, 0x7B, 0x00, 0xC9, 0x20, 0x9C, 0xEC, 0xBB,
    0xBF, 0xDF, 0xF7, 0xBA, 0x9E, 0xF6, 0xFB, 0x9F, 0xEC, 0xBE, 0x0C, 0x2D, 0xA2, 0x1F, 0x8D, 0xF1,
    0x06, 0xA5, 0xBC, 0x23, 0x59, 0x49, 0x44, 0x64, 0x38, 0x58, 0x1C, 0x5C, 0xD3, 0x99, 0xEE, 0x1D,
    0x5F, 0x4A, 0x31, 0x45, 0xD2, 0x12, 0x89, 0xF4, 0xC9, 0x0E, 0x54, 0x3B, 0xD9, 0x02, 0xE4, 0x33,
    0xF9, 0x04, 0xBA, 0x29, 0x47, 0xD0, 0xDB, 0xAB, 0x5E, 0xB9, 0x19, 0xA3, 0x9D, 0xC0, 0xA6, 0x05,
    0x90, 0xBF, 0xCC, 0xEB, 0xFB, 0x9D, 0xF1, 0x16, 0x9E, 0x63, 0xCF, 0x4D, 0x17, 0xF2, 0x05, 0x74,
    0x93, 0x6E, 0x40, 0x35, 0x12, 0x4B, 0x0D, 0xD2, 0x83, 0xCC, 0x64, 0x02, 0x94, 0x7A, 0x0E, 0x20,
    0x3D, 0x38, 0x02, 0x34, 0xB2, 0x2B, 0xE0, 0xAE, 0xC6, 0xAB, 0x6A, 0x41, 0xAF, 0x38, 0x6A, 0xA2,
    0xCB, 0x3D, 0x9D, 0xDE, 0xBB, 0xB3, 0x83, 0x88, 0xFC, 0xAC, 0xC1, 0xBC, 0xEC, 0x64, 0xD6, 0x07,
    0xA6, 0x32, 0x50, 0x8C, 0x44, 0x02, 0x55, 0x0F, 0x8A, 0x56, 0x6F, 0xD3, 0x3F, 0xAA, 0x1D, 0x7A,
    0xE1, 0x51, 0x34, 0xF5, 0x89, 0x56, 0x8D, 0xAE, 0xA6, 0xB4, 0x66, 0xF9, 0xA4, 0x07, 0x25, 0xDB,
    0xC8, 0x56, 0x88, 0xE5, 0xAD, 0x4C, 0x40, 0x27, 0xD2, 0x03, 0x99, 0x6C, 0x68, 0x3D, 0xAB, 0x09,
    0x15, 0xFF, 0x60, 0x4C, 0xD6, 0xAA, 0x06, 0xF6, 0x64, 0x69, 0x5A, 0x65, 0x3A, 0x1B, 0xF3, 0xC9,
    0x58, 0x0E, 0x4A, 0x44, 0x5A, 0xE3, 0x86, 0xF1, 0xDE, 0xB8, 0xF3, 0xD1, 0x58, 0x7D, 0x88, 0x3D,
    0x44, 0x1B, 0x94, 0x03, 0x3A, 0x53, 0x3D, 0xB9, 0xCE, 0x54, 0xCF, 0x4D, 0x31, 0x43, 0x22, 0x2D,
    0xDD, 0x08, 0x88, 0xC8, 0xA1, 0x50, 0x89, 0x0D, 0xEF, 0x89, 0xCF, 0x92, 0x9B, 0x5B, 0x42, 0x65,
    0xF3, 0x09, 0x6D, 0xF5, 0x0C, 0xB8, 0xCD, 0xA7, 0x0E, 0xA2, 0xB5, 0x18, 0xDE, 0xA3, 0xE9, 0x15,
    0x22, 0x28, 0x64, 0x31, 0xB4, 0x28, 0x56, 0xFE, 0x11, 0x62, 0x43, 0x72, 0xA2, 0xAB, 0x49, 0x0F,
    0x34, 0x3D, 0xF9, 0x81, 0x6A, 0xA4, 0x39, 0x50, 0xC8, 0xEB, 0xED, 0x40, 0x26, 0x32, 0x1F, 0x88,
    0x44, 0xDA, 0x03, 0xDC, 0x3C, 0xE7, 0xAC, 0x64, 0x26, 0xEF, 0x09, 0xB5, 0xD1, 0xD4, 0xC1, 0xA9,
    0xBE, 0xDD, 0x82, 0x42, 0xF1, 0xDB, 0x7C, 0x6E, 0x52, 0x19, 0xCF, 0x4D, 0x2C, 0x2D, 0x67, 0xBD,
    0xE1, 0xB1, 0xEA, 0xE4, 0xED, 0x73, 0x14, 0x1A, 0xA8, 0x7E, 0xD4, 0x28, 0x44, 0xD0, 0x8F, 0x89,
    0xB0, 0xB9, 0xFB, 0x42, 0x36, 0xB8, 0x5C, 0x2E, 0xAF, 0x77, 0x04, 0x32, 0xA9, 0x01, 0x3D, 0xA0,
    0x00, 0x32, 0x58, 0xD2, 0x08, 0x50, 0x4E, 0xE8, 0xE7, 0x88, 0xD8, 0x17, 0x03, 0x68, 0x06, 0x62,
    0x7F, 0x1B, 0xD4, 0x04, 0x8B, 0x88, 0x78, 0x07, 0x51, 0x6E, 0x7E, 0x59, 0x80, 0x68, 0xB7, 0x66,
    0x08, 0xC0, 0x6E, 0xCD, 0x6C, 0x23, 0xD6, 0x2C, 0x6C, 0xCE, 0x85, 0x58, 0x33, 0xDF, 0x58, 0x33,
    0xEF, 0x66, 0xCD, 0x7C, 0x63, 0xCD, 0xFC, 0xA1, 0xD6, 0xCC, 0x5F, 0xC7, 0xE8, 0x2F, 0x6A, 0xCD,
    0xFC, 0x08, 0xE7, 0x8B, 0x53, 0x4D, 0xD6, 0xCC, 0x1E, 0xDC, 0x5B, 0x33, 0x0F, 0xC4, 0x9A, 0x21,
    0x7C, 0xAA, 0x51, 0xC9, 0xCB, 0xBB, 0xBB, 0x3B, 0x0F, 0x31, 0x3A, 0x13, 0xAD, 0x39, 0x37, 0xF7,
    0x84, 0x8D, 0x57, 0x59, 0xB3, 0x06, 0xCF, 0xC7, 0x74, 0x0E, 0xD3, 0x49, 0x96, 0x62, 0x08, 0xC3,
    0x61, 0x6F, 0x5A, 0x6F, 0x0B, 0xCD, 0x4E, 0x18, 0x0D, 0xE5, 0x0A, 0x61, 0x32, 0xD9, 0x04, 0xE7,
    0x60, 0x38, 0xE7, 0x72, 0x9E, 0xE9, 0x99, 0xBE, 0x9E, 0x1F, 0xB6, 0x11, 0x11, 0x4F, 0xC1, 0xDD,
    0xE2, 0xF9, 0xEC, 0x72, 0x91, 0x90, 0x9B, 0xFE, 0xE0, 0x9C, 0x48, 0xBA, 0x98, 0x4B, 0x98, 0xBB,
    0x7B, 0xD5, 0x9F, 0xDE, 0xB4, 0xA7, 0xCB, 0x99, 0xBF, 0x25, 0x6D, 0x9E, 0xCD, 0xE7, 0x28, 0x8A,
    0xF1, 0x9C, 0x44, 0xD5, 0x87, 0x41, 0x40, 0x57, 0x13, 0xDE, 0x39, 0xDA, 0xCF, 0x31, 0x24, 0xEB,
    0x39, 0x85, 0x7C, 0x3A, 0x87, 0x50, 0x0C, 0xE7, 0x0C, 0xAA, 0x16, 0x2C, 0x2B, 0x43, 0x2D, 0xFA,
    0x71, 0xFA, 0x3D, 0xEE, 0x00, 0x2F, 0x48, 0x47, 0x4A, 0x55, 0x3A, 0xE2, 0x85, 0x1D, 0x53, 0x24,
    0x59, 0x82, 0x56, 0xBF, 0x8C, 0x41, 0x73, 0xE9, 0x83, 0xA6, 0x82, 0xA9, 0x1D, 0xC4, 0x15, 0xAE,
    0xF5, 0xC9, 0xA5, 0xEE, 0xB8, 0x39, 0x52, 0xAF, 0x69, 0x64, 0xEE, 0xC8, 0x45, 0x64, 0x88, 0x45,
    0xB6, 0xC6, 0x34, 0x95, 0xBB, 0x4E, 0x78, 0x7A, 0xB9, 0x74, 0x7D, 0xBE, 0x90, 0x0B, 0x68, 0x84,
    0xE5, 0x48, 0x22, 0x84, 0xDF, 0x84, 0x91, 0x07, 0xA4, 0x07, 0x13, 0xD0, 0xFC, 0x9A, 0xDA, 0xB4,
    0x18, 0xD1, 0xA4, 0xCE, 0xDF, 0x2E, 0xB6, 0x6A, 0x83, 0xC5, 0x6D, 0xAA, 0x0D, 0x5C, 0x35, 0x39,
    0xBF, 0x4D, 0x83, 0xB3, 0x66, 0x96, 0x9B, 0x8F, 0x40, 0xC0, 0x1E, 0x6C, 0x47, 0x2B, 0x26, 0x12,
    0xD1, 0xE9, 0x43, 0xBE, 0x52, 0x88, 0x45, 0x9F, 0xC8, 0x5B, 0x69, 0x28, 0xF5, 0x14, 0x91, 0xC8,
    0x5A, 0x51, 0x1D, 0x3A, 0x52, 0xCA, 0x18, 0x94, 0xDB, 0xAB, 0xAF, 0xA3, 0x7C, 0x10, 0x45, 0xF1,
    0xFF, 0x81, 0xCE, 0xED, 0x80, 0x88, 0xF4, 0x0F, 0x81, 0xD6, 0x35, 0x34, 0x3C, 0xA0, 0x51, 0x3C,
    0xF9, 0x5C, 0x6A, 0x20, 0x95, 0x1D, 0x14, 0xCB, 0xD5, 0x57, 0xF4, 0xD3, 0xFA, 0x8D, 0xA2, 0xEC,
    0x45, 0x51, 0x0D, 0x06, 0xDB, 0xE5, 0xAD, 0x02, 0xF8, 0x03, 0xDC, 0xD4, 0x62, 0xF7, 0xFD, 0x57,
    0xD0, 0x40, 0x0E, 0x68, 0x04, 0x0F, 0x81, 0xD6, 0x9F, 0x23, 0xA4, 0xA4, 0x51, 0x10, 0x89, 0x80,
    0x62, 0x33, 0x8C, 0xBC, 0x00, 0x1A, 0x78, 0xD5, 0x90, 0xAC, 0xC7, 0xDA, 0x8C, 0xD1, 0xDC, 0x00,
    0xE7, 0xE2, 0xB6, 0x21, 0x5E, 0x3F, 0xC6, 0x82, 0x87, 0x2B, 0xD1, 0xB5, 0x40, 0x31, 0x53, 0xCA,
    0x74, 0xAC, 0x9E, 0x62, 0xA7, 0xAB, 0x81, 0x9F, 0x88, 0x56, 0xE9, 0x81, 0x9D, 0x78, 0x93, 0x29,
    0xC8, 0x1C, 0x64, 0x75, 0xD9, 0xC5, 0x65, 0x93, 0xDA, 0xA5, 0xEA, 0x5D, 0xCA, 0xD1, 0x25, 0x9F,
    0x5D, 0xD2, 0xD5, 0x25, 0xDE, 0x5D, 0x90, 0xDA, 0xFA, 0xD0, 0xF4, 0x2E, 0xE5, 0xE8, 0x92, 0x4F,
    0x2E, 0xE9, 0xEA, 0x92, 0x6C, 0x2E, 0x48, 0x90, 0xAE, 0x77, 0xA9, 0x06, 0x97, 0x7C, 0x72, 0xC9,
    0x96, 0x37, 0x26, 0xC9, 0xE6, 0x12, 0x89, 0x0B, 0xDD, 0xEE, 0x52, 0x05, 0x29, 0x82, 0x64, 0x41,
    0x12, 0x15, 0xAC, 0xE2, 0xF5, 0xA1, 0x24, 0x41, 0xB2, 0xC5, 0xF8, 0x55, 0x37, 0x99, 0x74, 0x32,
    0x04, 0xA9, 0x4D, 0xBE, 0xFE, 0x95, 0x50, 0xDF, 0x7B, 0xBC, 0x89, 0xC7, 0xAB, 0x32, 0xB9, 0x78,
    0xBC, 0xD1, 0x6C, 0xF1, 0xEA, 0x12, 0x17, 0x8F, 0x17, 0x3C, 0xDE, 0xE8, 0xD6, 0xE3, 0x4D, 0x56,
    0x8D, 0xD7, 0x24, 0x5D, 0x5D, 0xE2, 0xDD, 0x05, 0xA9, 0x51, 0xF1, 0x78, 0x55, 0xCA, 0xD1, 0x25,
    0x9F, 0x5C, 0xD2, 0xD5, 0x44, 0xE3, 0x35, 0x41, 0x82, 0x74, 0xBD, 0x4B, 0x35, 0xB8, 0xE4, 0x93,
    0x89, 0xC6, 0x6B, 0x92, 0x6C, 0x2E, 0x91, 0x98, 0x68, 0xBC, 0x2E, 0x55, 0x90, 0x22, 0x48, 0x16,
    0x24, 0x51, 0xC1, 0xEA, 0xEF, 0xC9, 0xE2, 0x52, 0xCC, 0xC6, 0x52, 0xA6, 0x20, 0xBD, 0x5F, 0xD9,
    0x8D, 0xC4, 0xF7, 0xC6, 0x7C, 0x72, 0xCE, 0xD7, 0xFB, 0x74, 0xE0, 0x03, 0xF5, 0x09, 0x2F, 0x5E,
    0x41, 0xF4, 0xFC, 0x9B, 0x54, 0xA4, 0x26, 0x9B, 0x9A, 0x52, 0x64, 0x54, 0x76, 0x2F, 0xBB, 0x59,
    0xB9, 0x90, 0xAD, 0xCA, 0x91, 0xE4, 0x3D, 0x7B, 0xE2, 0xF7, 0x6C, 0x89, 0x36, 0x65, 0xFD, 0x80,
    0xFC, 0x3B, 0x44, 0xEB, 0x51, 0x5E, 0xE5, 0x31, 0x1A, 0x1B, 0xCB, 0xA1, 0x93, 0xDE, 0xE9, 0x3F,
    0x5E, 0x20, 0x1B, 0x28, 0xD1, 0xD4, 0xA3, 0x0D, 0xFB, 0xDF, 0x97, 0xA2, 0xFA, 0x6E, 0x54, 0x14,
    0xD2, 0x2A, 0x52, 0xB9, 0xFE, 0xC7, 0xF1, 0x7B, 0x3B, 0x57, 0x0C, 0x64, 0x37, 0x91, 0xB4, 0x5B,
    0x52, 0xD9, 0x8F, 0x42, 0x81, 0x08, 0x70, 0xFD, 0xF5, 0xDB, 0x55, 0x28, 0xF9, 0x23, 0xEA, 0x07,
    0xE5, 0x55, 0xD8, 0x23, 0x20, 0x24, 0xB8, 0x0D, 0xF6, 0x71, 0x55, 0x47, 0x00, 0x31, 0x17, 0x6C,
    0x4A, 0x00, 0x96, 0x28, 0xF2, 0xBA, 0x0D, 0x20, 0x77, 0xE0, 0xC4, 0xCF, 0xC1, 0x5E, 0x40, 0x70,
    0x81, 0xBD, 0x12, 0xD1, 0x05, 0x17, 0xA0, 0xE4, 0x22, 0x02, 0x74, 0x55, 0x76, 0xB2, 0x89, 0x55,
    0x77, 0xBA, 0x43, 0xEB, 0x93, 0xD4, 0xF7, 0xFA, 0xEB, 0xD9, 0x37, 0xDA, 0xC7, 0x7A, 0x6F, 0x6D,
    0x30, 0xBC, 0xDA, 0xF5, 0x14, 0xFA, 0x66, 0x78, 0x2B, 0x69, 0x34, 0xD3, 0xAD, 0x99, 0xEE, 0xAF,
    0x5B, 0x76, 0x45, 0x1D, 0x0A, 0x15, 0xF7, 0xE4, 0x4C, 0x6B, 0x6F, 0x47, 0x8F, 0x70, 0x79, 0xFC,
    0x3D, 0xBA, 0x35, 0x7F, 0xA8, 0x50, 0xBD, 0xD7, 0x48, 0x55, 0xA0, 0x23, 0xF1, 0xFA, 0x70, 0x13,
    0xBF, 0x57, 0x1D, 0x18, 0xD4, 0xA5, 0x60, 0x1D, 0x4C, 0x86, 0x31, 0x60, 0x83, 0x8F, 0x2B, 0xAC,
    0xC3, 0xA6, 0x94, 0x16, 0x99, 0x83, 0xC5, 0x5E, 0x4D, 0x54, 0x38, 0x63, 0xA9, 0x53, 0xE3, 0xB4,
    0xD7, 0xE5, 0x6F, 0x50, 0x35, 0x1A, 0x09, 0xBD, 0xD8, 0x7D, 0x3F, 0x4B, 0x63, 0x19, 0x95, 0xD1,
    0x35, 0x3F, 0x29, 0x8D, 0x54, 0x71, 0x9D, 0xA5, 0x98, 0x31, 0xE9, 0x52, 0x4E, 0xEF, 0xC4, 0xB0,
    0x2A, 0xA4, 0xB3, 0xA4, 0x62, 0xA2, 0xF0, 0x07, 0x59, 0x46, 0xA1, 0x82, 0x5C, 0x39, 0x67, 0xDB,
    0x16, 0x6F, 0x71, 0x9B, 0x68, 0x87, 0x39, 0x95, 0xCE, 0x2B, 0xE2, 0x79, 0xD6, 0xD0, 0x2D, 0x5D,
    0x33, 0xD4, 0x63, 0x38, 0x06, 0x97, 0x7E, 0xDB, 0xD3, 0x35, 0xE6, 0xDE, 0x03, 0x47, 0xC1, 0x5F,
    0xFA, 0x7D, 0xD4, 0x92, 0xDF, 0x27, 0xD5, 0x12, 0x4C, 0x29, 0x90, 0x53, 0x20, 0xAD, 0x99, 0x40,
    0xD4, 0x27, 0xE2, 0x85, 0x45, 0xE3, 0xDD, 0x61, 0x79, 0x32, 0x37, 0x3D, 0x31, 0xA7, 0x3D, 0xBC,
    0xAF, 0x81, 0x82, 0xC6, 0xA4, 0x71, 0x15, 0xD5, 0x45, 0x3A, 0x7B, 0x3C, 0xC0, 0x29, 0x84, 0xC7,
    0x99, 0xB8, 0xA7, 0x8B, 0x98, 0xD3, 0x78, 0x79, 0x84, 0x0C, 0x8F, 0xF5, 0xB9, 0x1E, 0x97, 0xF9,
    0x90, 0x62, 0xDB, 0xDF, 0x7D, 0xF2, 0x5B, 0x93, 0x47, 0xB5, 0xB8, 0xEF, 0x01, 0x16, 0x73, 0x71,
    0x2B, 0x1B, 0x78, 0xCB, 0x5A, 0x60, 0x0F, 0x10, 0xC5, 0xE5, 0xF3, 0x39, 0xFC, 0x96, 0x42, 0x5D,
    0x7C, 0xC1, 0x2B, 0x98, 0xCF, 0xA1, 0x9A, 0xD1, 0x0F, 0xDD, 0xC4, 0xF3, 0xF4, 0x8E, 0xDE, 0x84,
    0x94, 0xD6, 0x0B, 0x08, 0x25, 0xA2, 0x00, 0x86, 0xA0, 0xD2, 0x49, 0xA4, 0x6C, 0x12, 0x29, 0x99,
    0x64, 0xB9, 0xA4, 0x5A, 0xA9, 0xA4, 0xC6, 0x32, 0x49, 0x96, 0xE0, 0xB1, 0x7C, 0x8F, 0xA5, 0x7F,
    0x50, 0xD1, 0x68, 0xC9, 0xA1, 0x33, 0x54, 0x7A, 0x01, 0x4F, 0x2F, 0xF7, 0x07, 0x7B, 0x6B, 0x4B,
    0x1D, 0x45, 0xCA, 0x60, 0x59, 0xE2, 0xC8, 0xF2, 0x46, 0x4A, 0x1B, 0xA5, 0x30, 0x6A, 0x07, 0x47,
    0x1A, 0x29, 0x67, 0xA4, 0x94, 0x91, 0xD7, 0x51, 0x28, 0xAF, 0x0C, 0x64, 0x06, 0xC3, 0x08, 0xBA,
    0xAD, 0xCA, 0xAD, 0xDA, 0xED, 0xD4, 0xDB, 0x15, 0xA1, 0x94, 0x94, 0x51, 0xC2, 0x7B, 0x56, 0x81,
    0x4F, 0x02, 0x9D, 0x14, 0xF6, 0x62, 0xC5, 0xFB, 0xCA, 0x71, 0xB1, 0xE5, 0x92, 0x94, 0x19, 0x52,
    0xB3, 0xFE, 0x49, 0x98, 0xA5, 0x40, 0x39, 0x3F, 0x57, 0x0A, 0x49, 0x54, 0x83, 0x95, 0x40, 0x12,
    0x46, 0x2C, 0xEA, 0x95, 0x3E, 0x52, 0xF6, 0x48, 0xC9, 0x23, 0xE5, 0x8E, 0xE0, 0x74, 0xDE, 0x53,
    0x77, 0x53, 0x1D, 0xCD, 0xD5, 0xFC, 0x66, 0x18, 0x6A, 0xDC, 0xBB, 0x75, 0xD0, 0x15, 0x93, 0xEA,
    0x69, 0xBF, 0x1C, 0x9A, 0x1F, 0x23, 0x48, 0x23, 0xA5, 0x8C, 0xE2, 0xE6, 0x48, 0x92, 0x71, 0x13,
    0x70, 0xEA, 0x15, 0xB5, 0xA7, 0x54, 0x91, 0x39, 0x12, 0x5F, 0x6D, 0x49, 0xA2, 0xA0, 0xA1, 0xB8,
    0xF4, 0x06, 0x2A, 0x88, 0xB2, 0x77, 0x7A, 0xA2, 0xE4, 0xBB, 0x46, 0xE6, 0x43, 0xEE, 0xC2, 0x96,
    0x8D, 0x72, 0x05, 0xD4, 0x11, 0x48, 0x9E, 0x67, 0x07, 0x7F, 0x05, 0x81, 0x02, 0x88, 0x21, 0xD0,
    0x42, 0x20, 0x85, 0x40, 0x09, 0x81, 0x10, 0x02, 0x1D, 0xA4, 0x64, 0x90, 0x37, 0x9F, 0x6F, 0x61,
    0xC5, 0x69, 0x2D, 0x8A, 0x63, 0x78, 0x7B, 0x4D, 0x91, 0x72, 0x2F, 0x27, 0x9A, 0x35, 0x22, 0x9B,
    0x10, 0x6F, 0x8D, 0xB4, 0xF1, 0x7B, 0x7A, 0x4E, 0x84, 0x25, 0xBF, 0x4F, 0x60, 0xBD, 0xDC, 0xA7,
    0xFB, 0x6A, 0x7B, 0x29, 0x7C, 0x46, 0xF7, 0x36, 0x41, 0x76, 0x4B, 0x59, 0xDD, 0xA2, 0x15, 0xE1,
    0x62, 0x49, 0x21, 0x67, 0x88, 0x85, 0x95, 0xE0, 0xA5, 0x8B, 0x21, 0x41, 0x29, 0xF3, 0x23, 0x6B,
    0x66, 0xD6, 0xAB, 0x25, 0xE5, 0x78, 0x5F, 0xF2, 0xDA, 0x4D, 0x97, 0x25, 0x24, 0x99, 0x7B, 0x42,
    0xDA, 0x42, 0x36, 0xBA, 0x15, 0x59, 0x8B, 0xCF, 0xF4, 0x6A, 0x24, 0x5F, 0xA4, 0x77, 0xD2, 0xBF,
    0x45, 0x2F, 0xE7, 0x3E, 0x78, 0xE9, 0xE2, 0x0B, 0xE1, 0xEC, 0x1F, 0xD9, 0x05, 0x54, 0x43, 0x2E,
    0x74, 0x67, 0xB3, 0x25, 0xFA, 0xF2, 0x6D, 0x5A, 0x51, 0xD1, 0x1E, 0xBB, 0x70, 0x8F, 0xA5, 0x6E,
    0x82, 0x46, 0x90, 0xB6, 0x2E, 0xC8, 0xDB, 0x39, 0x5F, 0x11, 0x30, 0xD0, 0xEA, 0xA8, 0x59, 0x2D,
    0x53, 0xA3, 0xC0, 0x9B, 0x9B, 0x2D, 0xCB, 0x8F, 0xEF, 0xC0, 0x9E, 0xAC, 0x35, 0x1C, 0x64, 0x1E,
    0x7E, 0xC0, 0xF9, 0xFF, 0x11, 0x15, 0x95, 0x12, 0x95, 0x36, 0x04, 0x14, 0xAC, 0xFB, 0x0E, 0xBC,
    0x2C, 0x53, 0x98, 0x76, 0x19, 0x74, 0x26, 0xA7, 0xB0, 0x11, 0xA7, 0xA8, 0x8E, 0x5B, 0xCA, 0xCA,
    0x90, 0xEF, 0x72, 0xEA, 0x63, 0xDE, 0x12, 0x99, 0x36, 0x0F, 0x6B, 0xDA, 0x7C, 0x2E, 0x55, 0xC0,
    0x3C, 0xB8, 0xCA, 0x5F, 0x2C, 0x44, 0xF5, 0xD7, 0xCA, 0x47, 0xF4, 0x91, 0x73, 0xC7, 0xFC, 0x3E,
    0xE8, 0xED, 0xFF, 0xE9, 0xDF, 0xB6, 0x2E, 0x80, 0xFB, 0x97, 0x31, 0xE7, 0x6A, 0x76, 0x02, 0xD6,
    0x4A, 0x92, 0x1A, 0xD9, 0x0E, 0xB2, 0x5C, 0x20, 0xA5, 0x98, 0xDE, 0xDC, 0x00, 0x6F, 0x50, 0x65,
    0xB9, 0x2E, 0x60, 0x95, 0xBA, 0x2B, 0xB7, 0xA7, 0x3E, 0x7C, 0x20, 0x67, 0x38, 0xFE, 0xBF, 0xA3,
    0x8B, 0x21, 0xD9, 0xF2, 0x64, 0xC9, 0x42, 0x88, 0xEA, 0x44, 0x94, 0x47, 0xAD, 0xAB, 0xB4, 0x09,
    0x92, 0x9D, 0x14, 0x9F, 0x79, 0x3C, 0xDE, 0xF0, 0xD0, 0x38, 0xB1, 0xF8, 0x98, 0x32, 0x08, 0xCC,
    0x36, 0xA2, 0xA3, 0x46, 0x7C, 0xC0, 0x8B, 0x85, 0x84, 0xDE, 0xCD, 0x37, 0x56, 0xFA, 0xD9, 0xDB,
    0xB6, 0xC1, 0x9E, 0x36, 0xBC, 0xC1, 0x36, 0x82, 0xDE, 0x36, 0x66, 0x9D, 0x6D, 0x44, 0x8D, 0x6D,
    0xC4, 0xB5, 0x6D, 0x24, 0xA5, 0xA7, 0x4F, 0x61, 0x72, 0x8F, 0x61, 0xFB, 0x17, 0x64, 0x1B, 0xA3,
    0x36, 0x64, 0x4E, 0xF4, 0x9C, 0x60, 0x5C, 0x2C, 0x06, 0xB2, 0x8F, 0x85, 0x46, 0x74, 0xD4, 0x48,
    0xB4, 0xA1, 0xE1, 0x1B, 0x34, 0x94, 0x5A, 0x83, 0x94, 0xD1, 0xC0, 0x3D, 0xD0, 0x08, 0x7A, 0xDB,
    0x98, 0x75, 0xF2, 0xEB, 0x52, 0xD1, 0x45, 0x0D, 0x30, 0xDB, 0x71, 0x6D, 0x1B, 0xA6, 0xB4, 0x0D,
    0x72, 0x45, 0xDF, 0x8C, 0x69, 0xC3, 0x47, 0x03, 0xE5, 0x04, 0xBF, 0xF7, 0xEA, 0x6D, 0x98, 0x4E,
    0x83, 0xAC, 0xE1, 0x20, 0x04, 0xDE, 0x13, 0xAD, 0xF4, 0xC7, 0x79, 0xF1, 0xE8, 0x9F, 0x1F, 0xF6,
    0xE4, 0xED, 0x0A, 0x41, 0xE6, 0x8F, 0x3A, 0x20, 0x22, 0x55, 0xB4, 0x01, 0x4F, 0x6E, 0x03, 0x83,
    0xF9, 0x24, 0x42, 0x78, 0xE9, 0x83, 0x61, 0x3E, 0xCF, 0x4A, 0xD1, 0x0C, 0x29, 0xA5, 0xC7, 0xB6,
    0x11, 0xF2, 0x97, 0xB3, 0xE5, 0xC4, 0x2C, 0xD2, 0xB8, 0xC5, 0x88, 0x40, 0x95, 0x68, 0x03, 0x3A,
    0x82, 0x46, 0x4E, 0x21, 0x1A, 0xA2, 0x30, 0xA3, 0x6D, 0x24, 0x9C, 0x6A, 0xB8, 0xB9, 0x30, 0x35,
    0x5D, 0xA3, 0x68, 0xDC, 0xEB, 0x63, 0xDE, 0x63, 0x12, 0x2D, 0x5A, 0x1E, 0xAC, 0x1C, 0x75, 0xC1,
    0x1D, 0x41, 0x9B, 0xBC, 0x39, 0xB9, 0x72, 0x99, 0x59, 0x47, 0x07, 0xFE, 0x93, 0x51, 0x99, 0x71,
    0xEB, 0xB2, 0x8C, 0xA3, 0x16, 0x83, 0xDF, 0x67, 0x95, 0x7C, 0x3F, 0x65, 0x56, 0xE3, 0x46, 0x65,
    0xEE, 0xE2, 0x46, 0xAE, 0xCA, 0xD6, 0xB3, 0x51, 0x02, 0xE6, 0x6A, 0xAD, 0xCA, 0x71, 0xB1, 0xB1,
    0x55, 0x79, 0x54, 0x79, 0x8B, 0xE2, 0x20, 0xA9, 0xA1, 0xB5, 0x51, 0xA3, 0x55, 0x47, 0xDE, 0x7C,
    0xE7, 0x61, 0x30, 0xE2, 0x14, 0x9F, 0x4B, 0xA9, 0x84, 0x86, 0xA1, 0x9D, 0x0A, 0xBA, 0xC2, 0x15,
    0xCD, 0x30, 0x7B, 0x78, 0x2F, 0x0F, 0xB1, 0xE0, 0x6D, 0x6B, 0xDC, 0xF2, 0x0A, 0x49, 0xC8, 0xD2,
    0x40, 0xB8, 0x86, 0x66, 0xFC, 0x55, 0x51, 0x90, 0xC6, 0x28, 0x35, 0x3C, 0x29, 0x1D, 0x6A, 0xC6,
    0x0E, 0x43, 0x54, 0x05, 0x15, 0x74, 0x1A, 0xE2, 0x1C, 0xC8, 0xD2, 0x5E, 0x6B, 0xE3, 0x8A, 0xD1,
    0x40, 0x31, 0x43, 0x2F, 0x0A, 0x22, 0xE6, 0x7E, 0x89, 0x31, 0x57, 0x05, 0x49, 0x71, 0xF8, 0xFA,
    0x42, 0x26, 0xDA, 0xE0, 0x85, 0x50, 0xBC, 0x32, 0xE7, 0xAD, 0x97, 0xB0, 0x06, 0x47, 0x0F, 0x68,
    0xA7, 0xC7, 0x3B, 0xD0, 0x40, 0x06, 0xB9, 0x0C, 0x06, 0xD1, 0x84, 0x9E, 0x66, 0xBA, 0xB2, 0x61,
    0x49, 0x8B, 0xF5, 0xAE, 0xE1, 0xBF, 0x7A, 0x55, 0x5A, 0x08, 0x03, 0x72, 0x52, 0xD5, 0x70, 0xE5,
    0x34, 0xE9, 0xF2, 0x31, 0xE9, 0xA6, 0xAA, 0xAD, 0x2A, 0xDD, 0xEE, 0xA9, 0xA5, 0x2B, 0x9B, 0x4E,
    0xEE, 0xC4, 0x6A, 0x2B, 0x7F, 0x51, 0x38, 0xB1, 0x6A, 0x55, 0xA1, 0x4A, 0x6A, 0x54, 0x51, 0x83,
    0x2A, 0xEC, 0x51, 0x59, 0xE9, 0x7A, 0x67, 0x95, 0x2E, 0xA8, 0xBD, 0x0A, 0xCC, 0x5E, 0x2E, 0xEB,
    0xD7, 0xB8, 0xE2, 0xF5, 0x94, 0xC3, 0xC2, 0x8D, 0x4E, 0x20, 0xF5, 0x26, 0x3A, 0xE1, 0x9D, 0xAA,
    0x13, 0x66, 0xA5, 0x13, 0x7C, 0x8A, 0x4E, 0x00, 0xD3, 0x53, 0x35, 0xA3, 0x57, 0xCD, 0x38, 0x70,
    0x9A, 0x91, 0x70, 0x2D, 0x57, 0x6E, 0xD3, 0x54, 0x3F, 0xD8, 0xA1, 0x3F, 0xD0, 0x4B, 0xF2, 0xB6,
    0x89, 0x4E, 0x64, 0xF2, 0x60, 0x88, 0x47, 0x40, 0x70, 0xAA, 0x13, 0xBE, 0x26, 0xDA, 0x8C, 0xE8,
    0xD4, 0x7C, 0x3E, 0xAC, 0x72, 0x6A, 0x94, 0xD2, 0xF4, 0xED, 0xD8, 0xE9, 0x78, 0xD9, 0x87, 0xCC,
    0x18, 0xBD, 0xB0, 0xE8, 0x9C, 0x60, 0xD4, 0x0A, 0x9A, 0x4A, 0xB0, 0xC8, 0x89, 0x35, 0xB1, 0x05,
    0xDB, 0x99, 0x8C, 0x40, 0x10, 0x69, 0x2B, 0x1E, 0xAE, 0x0B, 0x7A, 0x41, 0x48, 0x8E, 0x0D, 0x90,
    0x5B, 0x20, 0x7E, 0xFF, 0x3B, 0x0B, 0x96, 0xAC, 0x73, 0x50, 0xB9, 0x3B, 0x84, 0xBD, 0x60, 0x30,
    0x0A, 0x12, 0xA7, 0x82, 0x59, 0x29, 0x98, 0x34, 0x82, 0x51, 0xE7, 0x9E, 0xC7, 0x63, 0x41, 0x2A,
    0x72, 0x41, 0x53, 0x09, 0x83, 0x4C, 0x24, 0x1C, 0x32, 0x91, 0x26, 0x81, 0x81, 0x47, 0x56, 0x26,
    0x19, 0x5C, 0xB2, 0x2A, 0xE9, 0x5A, 0xB9, 0xAA, 0x36, 0x49, 0xF9, 0xD4, 0xE8, 0x6D, 0x0B, 0x46,
    0xAD, 0xA0, 0xA9, 0x05, 0x8B, 0x7C, 0x89, 0xFE, 0x28, 0x7F, 0x0D, 0x3B, 0xC1, 0xA4, 0x16, 0x2C,
    0xF2, 0x25, 0x7E, 0xC3, 0x72, 0xD5, 0x9F, 0x7B, 0xC1, 0x6F, 0x5B, 0x41, 0xEE, 0x81, 0x2C, 0xD8,
    0xE1, 0x9C, 0xDA, 0x54, 0x72, 0x7E, 0xD4, 0x08, 0xCE, 0x7A, 0x5A, 0xDD, 0x8D, 0x38, 0x15, 0x34,
    0xA5, 0x60, 0xDC, 0x08, 0x86, 0x9D, 0x60, 0x30, 0x9E, 0x67, 0xFE, 0x79, 0x27, 0x47, 0x75, 0x13,
    0x48, 0x3D, 0xD0, 0x72, 0x29, 0x41, 0xA3, 0x55, 0x6B, 0x0D, 0xD2, 0x2D, 0xFC, 0x8D, 0x1B, 0x52,
    0x51, 0x6F, 0x24, 0x11, 0xAD, 0x9A, 0x63, 0xD4, 0xD5, 0x74, 0x43, 0xF2, 0xBA, 0x09, 0x8E, 0x18,
    0x88, 0xAE, 0xD4, 0x09, 0xD0, 0x15, 0x1D, 0x41, 0xEA, 0xAA, 0x02, 0xD5, 0xF9, 0x8F, 0x43, 0x7C,
    0x68, 0xB7, 0x14, 0x20, 0x7D, 0x76, 0x4C, 0x1D, 0xBA, 0xA9, 0xD7, 0x41, 0xE3, 0x36, 0x2A, 0xEE,
    0xE8, 0xE4, 0x09, 0x84, 0x3C, 0x14, 0xD5, 0x65, 0x43, 0x39, 0x57, 0xBA, 0xE2, 0x75, 0xD8, 0xEC,
    0x0A, 0x9B, 0xDF, 0x74, 0xB6, 0xCD, 0x0E, 0x33, 0x3F, 0x02, 0xD9, 0xE2, 0xD5, 0x65, 0x16, 0xE4,
    0xE0, 0x6C, 0x38, 0x53, 0x09, 0x42, 0xDF, 0x82, 0x27, 0xFC, 0xDC, 0xBB, 0x18, 0xB2, 0xE1, 0xDB,
    0x40, 0xCE, 0x81, 0x72, 0xAA, 0x57, 0xE0, 0xB2, 0x80, 0x55, 0x42, 0xB9, 0xA3, 0x8D, 0xCD, 0x13,
    0xB0, 0xC8, 0x53, 0x22, 0x9F, 0x65, 0x33, 0x8A, 0x07, 0x2A, 0xF8, 0xAE, 0xE4, 0xB0, 0x42, 0x2E,
    0xA1, 0x6E, 0xEE, 0x97, 0x40, 0xBA, 0xD6, 0x14, 0xE7, 0x5E, 0x8F, 0x50, 0xC7, 0xBB, 0x12, 0xEA,
    0xF8, 0x1E, 0x4C, 0x5D, 0x29, 0x5D, 0xA5, 0xB0, 0xFE, 0x5D, 0x41, 0x3E, 0xE0, 0x96, 0x11, 0xC3,
    0x09, 0x90, 0x08, 0xC0, 0x19, 0xD1, 0x29, 0xB1, 0x29, 0x9A, 0xAD, 0x66, 0x9A, 0xB9, 0x8C, 0x5E,
    0x0A, 0x1C, 0xA9, 0xFB, 0x40, 0x80, 0x6B, 0x81, 0x91, 0xE8, 0xCA, 0x0E, 0x46, 0x92, 0xD5, 0x3A,
    0x23, 0x53, 0xBF, 0xCE, 0x03, 0x0C, 0x2B, 0xD0, 0x3F, 0xAC, 0x6E, 0xD6, 0x6E, 0xC9, 0x9E, 0x76,
    0x73, 0x69, 0x5C, 0x95, 0xC8, 0x46, 0x5C, 0x42, 0x47, 0x97, 0x8B, 0x31, 0x95, 0x58, 0xD5, 0xFD,
    0xA8, 0x0E, 0xBA, 0x40, 0xDC, 0x12, 0x16, 0xD2, 0x80, 0x35, 0x42, 0x15, 0x4E, 0xF4, 0xD9, 0xDB,
    0x12, 0xA6, 0xEE, 0x97, 0x39, 0xC2, 0x06, 0x83, 0x7F, 0x45, 0x1C, 0x4E, 0x2E, 0x29, 0x93, 0x37,
    0xB5, 0xDB, 0x8C, 0xAC, 0xDA, 0x17, 0x59, 0xB5, 0x2A, 0x05, 0x2D, 0x2A, 0x04, 0x2D, 0x7A, 0xB9,
    0x16, 0x15, 0x81, 0x16, 0x27, 0x81, 0xA7, 0xCF, 0x9E, 0x7D, 0x91, 0x3D, 0xBB, 0x2A, 0xC5, 0x73,
    0x68, 0xBE, 0xC8, 0x9E, 0x75, 0xA5, 0x28, 0x51, 0x71, 0xEA, 0x78, 0x47, 0xBD, 0x27, 0x51, 0x74,
    0xCC, 0x81, 0xBD, 0x4E, 0x17, 0xC4, 0x8F, 0x75, 0xF3, 0xE1, 0xB3, 0xA3, 0x58, 0xA2, 0xC6, 0xE5,
    0x9A, 0x66, 0x02, 0xF4, 0x27, 0x3A, 0x8F, 0x7E, 0xEC, 0x3E, 0xE9, 0xC1, 0xCF, 0x76, 0x6C, 0x6B,
    0xED, 0x0D, 0xFF, 0xB5, 0x96, 0x72, 0x52, 0x4D, 0x44, 0x3F, 0xBD, 0xF6, 0x7B, 0xC6, 0x1B, 0x17,
    0xA0, 0x36, 0x55, 0xD4, 0xB1, 0x1A, 0x5F, 0x0D, 0x2B, 0xAB, 0x59, 0x49, 0xED, 0xF1, 0xE8, 0xF2,
    0x9D, 0x50, 0x7A, 0x12, 0xC3, 0xA0, 0x0F, 0x65, 0x56, 0x86, 0x84, 0xB9, 0xA7, 0xB1, 0x48, 0xAF,
    0x8D, 0x04, 0x9A, 0x1B, 0x3A, 0x5D, 0xE4, 0x0C, 0x3A, 0x9C, 0x73, 0x60, 0xAA, 0xC9, 0x3A, 0x4F,
    0x46, 0xA3, 0x98, 0xEB, 0xF3, 0xAC, 0x3C, 0x7D, 0x6F, 0x14, 0x0C, 0x7A, 0xE7, 0xEF, 0xAB, 0xDF,
    0x5D, 0x94, 0xC4, 0xD0, 0x3B, 0xF0, 0x57, 0xC4, 0xF0, 0xB1, 0x78, 0x06, 0xFF, 0x3D, 0x1B, 0xB0,
    0x46, 0xD6, 0x82, 0xA3, 0x63, 0x98, 0x98, 0x9E, 0x19, 0xA1, 0x09, 0x2E, 0x8A, 0xC0, 0x93, 0x37,
    0x31, 0x72, 0x01, 0xCC, 0x75, 0x55, 0xB7, 0x49, 0xCA, 0x9A, 0x42, 0xCB, 0x0D, 0xB0, 0x05, 0xF6,
    0x82, 0x23, 0x0B, 0x6A, 0xCE, 0xAC, 0x26, 0xCC, 0x6A, 0xB6, 0xAC, 0xA6, 0xCA, 0x6A, 0x9E, 0xAC,
    0x26, 0xC9, 0x6A, 0x86, 0xAC, 0xA6, 0xC7, 0x6A, 0x6E, 0xAC, 0x26, 0xC6, 0x6A, 0x56, 0xAC, 0xA6,
    0xC4, 0x6A, 0x90, 0x50, 0x93, 0x61, 0x35, 0x13, 0x56, 0xD3, 0x60, 0x35, 0x07, 0x56, 0x13, 0x60,
    0x35, 0xFB, 0x55, 0x53, 0x5F, 0x05, 0x0D, 0x30, 0x06, 0x86, 0xC0, 0x40, 0x3A, 0x81, 0x27, 0xB4,
    0x8A, 0x4B, 0x62, 0xE0, 0xE3, 0x2A, 0xE2, 0x1A, 0xE6, 0xEB, 0xE9, 0xA7, 0xC8, 0x3D, 0x45, 0xE2,
    0x29, 0xB2, 0x4E, 0x91, 0x72, 0x8A, 0x7C, 0x53, 0x24, 0x9B, 0x22, 0xD3, 0x34, 0x4B, 0x57, 0x40,
    0x3F, 0x11, 0xA6, 0x5C, 0xEE, 0x74, 0x79, 0xCC, 0xD2, 0xA9, 0x17, 0x66, 0x2D, 0x90, 0xED, 0x69,
    0xB4, 0x27, 0xD9, 0xC3, 0x99, 0xD7, 0x03, 0x68, 0xC3, 0xA7, 0x5E, 0xE3, 0x2A, 0xFC, 0xE8, 0x52,
    0x73, 0xC3, 0x13, 0xA3, 0x44, 0xDF, 0xAA, 0x2B, 0xF0, 0x1B, 0x9C, 0x99, 0xCD, 0x70, 0xDD, 0xBE,
    0x3A, 0xFC, 0x83, 0xC6, 0x4C, 0x56, 0xE1, 0x21, 0x98, 0x1B, 0x27, 0x84, 0x87, 0xE4, 0x10, 0x85,
    0x31, 0x5F, 0xCD, 0x3F, 0x6C, 0x4E, 0x0E, 0x0F, 0xD9, 0xA0, 0x00, 0xEE, 0xCB, 0x14, 0x36, 0x50,
    0xA3, 0xC8, 0xC6, 0x85, 0xAA, 0x53, 0xE2, 0x42, 0x6A, 0x39, 0x05, 0x2B, 0x4B, 0xD5, 0xE4, 0x22,
    0x20, 0xA7, 0x8B, 0xF8, 0x63, 0x27, 0xC9, 0xC4, 0xF7, 0x44, 0x8A, 0xD7, 0x8F, 0xA0, 0x5C, 0x42,
    0xF0, 0x50, 0x7A, 0x85, 0x72, 0xBE, 0xBE, 0x09, 0x89, 0xA1, 0xE4, 0x5E, 0x36, 0x27, 0x6F, 0xAB,
    0x90, 0x6E, 0x7B, 0x71, 0x52, 0x87, 0xDC, 0x51, 0xBC, 0x9A, 0x5E, 0xC4, 0x92, 0xCE, 0x12, 0x4B,
    0x0A, 0xEC, 0x00, 0x55, 0x98, 0xCE, 0xDC, 0xD0, 0xEE, 0xB4, 0x14, 0x2E, 0x86, 0xAA, 0xC5, 0xAF,
    0xE9, 0xC2, 0x85, 0x99, 0x70, 0x95, 0xFA, 0x50, 0x6E, 0xE9, 0x69, 0xA6, 0x6A, 0x98, 0xD1, 0x89,
    0x76, 0x8E, 0x9F, 0x83, 0xFC, 0x9A, 0x35, 0x98, 0x8C, 0x47, 0x35, 0xC5, 0x78, 0x7E, 0xB1, 0xAB,
    0x76, 0xE4, 0x85, 0xCA, 0xC9, 0x57, 0xF2, 0x2B, 0x60, 0x90, 0x5F, 0x21, 0x37, 0x60, 0x5A, 0xBF,
    0x03, 0xF9, 0x65, 0xBE, 0x80, 0xBC, 0x18, 0xE4, 0x97, 0xD7, 0x83, 0xBD, 0x0A, 0x3A, 0x90, 0x5F,
    0x51, 0x03, 0x2F, 0x3C, 0x29, 0x51, 0x65, 0x29, 0xAA, 0x91, 0xA4, 0xF2, 0x7B, 0x54, 0xB3, 0x16,
    0xAC, 0x57, 0x54, 0xA3, 0x32, 0x25, 0xC8, 0xAF, 0x02, 0xE4, 0xD7, 0xDF, 0x06, 0x90, 0x5F, 0xFF,
    0xE8, 0x40, 0x7E, 0x71, 0x03, 0xF2, 0x8B, 0x2B, 0x25, 0xBF, 0xCA, 0x09, 0xF9, 0xE5, 0x31, 0xD4,
    0x2F, 0xF8, 0xB7, 0x9A, 0x3E, 0x0D, 0xC8, 0x2F, 0xBF, 0x74, 0xDF, 0x6D, 0x4F, 0x3F, 0x23, 0x22,
    0x95, 0x1C, 0xCC, 0x7B, 0x97, 0xD6, 0x63, 0x70, 0xEA, 0x27, 0x34, 0x2D, 0xAF, 0x40, 0x59, 0xAE,
    0x83, 0xD6, 0x82, 0x35, 0xC6, 0xFA, 0x6D, 0x77, 0x07, 0xFB, 0x0F, 0xB4, 0x56, 0x02, 0x5A, 0x2B,
    0x83, 0xFD, 0x37, 0x0A, 0xAD, 0x25, 0x0B, 0x47, 0x41, 0xB3, 0x46, 0xC6, 0x10, 0x55, 0x82, 0x26,
    0x17, 0x2C, 0x68, 0x89, 0xDE, 0xB0, 0xC4, 0xEC, 0xDD, 0x4E, 0xF0, 0xBD, 0x46, 0x68, 0xAD, 0xEF,
    0x4B, 0xA1, 0xB5, 0xC0, 0xD5, 0x47, 0xF8, 0x3A, 0x26, 0x04, 0xAD, 0x35, 0x03, 0xAD, 0x15, 0x41,
    0x06, 0xC9, 0x77, 0xF2, 0x66, 0x85, 0xEE, 0x3B, 0x6E, 0xCC, 0xB4, 0x5A, 0xD4, 0xAC, 0xA2, 0xCD,
    0x72, 0x08, 0x3A, 0x2E, 0xB1, 0xA4, 0x87, 0xD0, 0xFC, 0xDE, 0xC7, 0xE8, 0xDE, 0xA0, 0x4F, 0xCE,
    0x7F, 0xA2, 0x41, 0x5C, 0xCB, 0xCB, 0xD3, 0x24, 0x15, 0x05, 0x5D, 0xD4, 0x90, 0x37, 0xC8, 0x8D,
    0x32, 0x92, 0x28, 0x40, 0x6A, 0x88, 0x66, 0x79, 0xB8, 0x11, 0x1B, 0xC5, 0x65, 0x25, 0x18, 0x8C,
    0xB5, 0xF1, 0xC0, 0xB4, 0xFA, 0x87, 0x5E, 0xAF, 0x4C, 0xDC, 0x0D, 0xA9, 0x4A, 0x7A, 0xED, 0xFC,
    0x8B, 0x8B, 0xA8, 0xD8, 0xB5, 0x6C, 0x6D, 0xC2, 0x2C, 0xEF, 0xDE, 0x4E, 0x4E, 0xF7, 0x68, 0x56,
    0xD2, 0xD7, 0x14, 0x94, 0xBF, 0xBE, 0xA4, 0xB2, 0x9C, 0xC1, 0x42, 0xA7, 0x14, 0xD5, 0x72, 0x7A,
    0x1B, 0xD5, 0xE4, 0xF5, 0x41, 0x23, 0xFC, 0x79, 0x4F, 0x4B, 0x09, 0xFD, 0xFF, 0x1A, 0xFB, 0x5B,
    0x1B, 0x07, 0x07, 0x8B, 0xC5, 0x2E, 0x46, 0x7D, 0x66, 0x90, 0xB7, 0xDC, 0x01, 0x7E, 0x7B, 0x3A,
    0xF8, 0xEB, 0x92, 0xF4, 0x40, 0xE7, 0x0E, 0x74, 0x08, 0x15, 0x56, 0xE0, 0xA4, 0xA4, 0xC0, 0x0E,
    0xA1, 0x25, 0xBA, 0x29, 0x43, 0xB8, 0x46, 0x6F, 0x1C, 0x7F, 0x23, 0xB0, 0xFE, 0xF7, 0x1A, 0x1D,
    0x09, 0x78, 0x5E, 0x54, 0x12, 0x9B, 0x6B, 0xE2, 0x9A, 0x66, 0xAD, 0x2C, 0xE6, 0x32, 0x75, 0x7E,
    0x2F, 0xAE, 0xFB, 0x50, 0x7C, 0x35, 0x7F, 0x7F, 0x10, 0xA5, 0xB0, 0xB0, 0x58, 0x9A, 0x23, 0xC5,
    0xCA, 0x83, 0xC0, 0x4A, 0x64, 0xFD, 0xF7, 0x23, 0xEB, 0x2E, 0x1C, 0x89, 0xBE, 0xF6, 0xF9, 0x71,
    0xD1, 0x52, 0xC1, 0x58, 0xB0, 0x85, 0x19, 0xBA, 0xB2, 0x45, 0x14, 0x1E, 0xDA, 0xAF, 0xFB, 0x7C,
    0xD1, 0xB1, 0xA0, 0xBD, 0xDC, 0x51, 0x58, 0xD2, 0xA7, 0x14, 0xA6, 0xF4, 0x16, 0xB9, 0x22, 0x1D,
    0xE5, 0xEC, 0x40, 0x76, 0x54, 0xA8, 0xD2, 0x99, 0x61, 0x59, 0x1C, 0xE0, 0xB7, 0xA7, 0x84, 0x23,
    0x52, 0x31, 0x77, 0x40, 0xDE, 0xBE, 0xBC, 0x33, 0x62, 0x29, 0x65, 0xA2, 0xCA, 0x03, 0x65, 0xE4,
    0x35, 0x14, 0x8B, 0x5D, 0x17, 0x6E, 0xC0, 0xEC, 0x8A, 0x27, 0x9B, 0xD4, 0x59, 0x19, 0x35, 0x71,
    0x15, 0x74, 0x61, 0x43, 0xBD, 0xDF, 0x91, 0xA1, 0x7B, 0x14, 0xA6, 0x2E, 0x85, 0xCE, 0xF0, 0x80,
    0xA7, 0x4F, 0x18, 0x91, 0xE8, 0xE7, 0x7A, 0x5C, 0xE3, 0x07, 0x94, 0x69, 0x7F, 0xFC, 0xB6, 0x38,
    0x6F, 0x8C, 0xC4, 0x94, 0xB0, 0x89, 0x4B, 0xBF, 0x9B, 0x35, 0x74, 0xCF, 0x6B, 0x8F, 0x6F, 0x57,
    0x92, 0xDF, 0xDF, 0x3F, 0x9F, 0x63, 0xA7, 0xC6, 0xF7, 0xD6, 0x11, 0x73, 0x6E, 0x76, 0xE3, 0xF2,
    0x3A, 0x05, 0xD5, 0x27, 0xE4, 0x57, 0xBF, 0xF6, 0x97, 0x5C, 0xF2, 0x61, 0x6B, 0xC0, 0x2C, 0xFD,
    0x97, 0xC9, 0xEE, 0xB5, 0xEA, 0x06, 0x05, 0xF5, 0x5B, 0xE4, 0xD5, 0xBF, 0xC8, 0x57, 0x5C, 0x06,
    0xD1, 0x76, 0x92, 0xCD, 0x14, 0xC6, 0x11, 0x56, 0x72, 0xBF, 0x9F, 0x35, 0xCE, 0x6D, 0x24, 0xA3,
    0x11, 0xB5, 0x30, 0x7D, 0xED, 0xC2, 0x7C, 0xC5, 0x25, 0xEF, 0x10, 0xC1, 0xBA, 0xC0, 0x5D, 0x1A,
    0xB2, 0x0B, 0x29, 0x15, 0x04, 0x2E, 0x32, 0xBD, 0x41, 0x30, 0x31, 0x36, 0xFC, 0x2B, 0x2E, 0xF2,
    0x8A, 0x5D, 0x55, 0x6D, 0x15, 0xA4, 0x8E, 0x70, 0x1F, 0x1D, 0x53, 0x47, 0x91, 0xCC, 0x63, 0x43,
    0xB3, 0xFC, 0xA2, 0x88, 0x55, 0x8D, 0x10, 0x0A, 0x19, 0x42, 0x64, 0x96, 0x3F, 0x8B, 0x1D, 0x22,
    0x0B, 0x64, 0x49, 0xB0, 0x44, 0x36, 0x5A, 0xA0, 0x99, 0x12, 0x92, 0x48, 0xF0, 0x53, 0xE5, 0xC4,
    0x22, 0x4F, 0xA4, 0xCA, 0x79, 0x83, 0xC0, 0x1F, 0xD0, 0x1B, 0xEB, 0xC2, 0x3C, 0xD8, 0x25, 0x64,
    0xC3, 0xA7, 0x82, 0x5C, 0x8B, 0x99, 0xC7, 0x1D, 0xC1, 0x20, 0x12, 0x0C, 0xEC, 0x28, 0x4E, 0x43,
    0x0F, 0xE7, 0x04, 0x03, 0xAE, 0xEA, 0x96, 0xF6, 0xC7, 0xEF, 0x34, 0xC3, 0x9E, 0x73, 0xC1, 0x4E,
    0x4C, 0xC7, 0x3D, 0xC1, 0x32, 0x18, 0x04, 0x89, 0x81, 0x45, 0x2A, 0xA8, 0xFF, 0xC5, 0x35, 0xAE,
    0x6D, 0xD5, 0x0D, 0x16, 0xF4, 0xA7, 0xFD, 0x16, 0xA5, 0xA0, 0xA9, 0x04, 0xE3, 0x46, 0x36, 0x32,
    0x19, 0xA8, 0x9A, 0xF8, 0x3A, 0x4C, 0x1D, 0xA5, 0xA1, 0xFE, 0x47, 0x63, 0xDC, 0xF2, 0x16, 0xA9,
    0xD7, 0x45, 0xBC, 0x04, 0xB3, 0x84, 0x9E, 0xEF, 0x92, 0x37, 0x0A, 0xD1, 0xC0, 0x95, 0x40, 0x2E,
    0x00, 0x6D, 0x72, 0xC1, 0xE5, 0x9F, 0x08, 0x74, 0xF9, 0xB1, 0x60, 0xA6, 0x1D, 0x70, 0x2B, 0xD6,
    0xB5, 0xFC, 0x61, 0x56, 0xD2, 0x5B, 0x4B, 0xCC, 0xD7, 0x65, 0x50, 0xF0, 0x42, 0x83, 0x64, 0x87,
    0x40, 0xCE, 0x89, 0x17, 0x77, 0xB9, 0xC6, 0x34, 0x4D, 0x13, 0xB5, 0xFA, 0xD3, 0x70, 0xD6, 0x4D,
    0xD2, 0xCA, 0x6A, 0xE2, 0xF9, 0xEF, 0xE5, 0x3E, 0x48, 0x4F, 0x56, 0x65, 0xE7, 0x45, 0x21, 0x28,
    0xA7, 0x10, 0xDB, 0xA8, 0xA0, 0x3F, 0x08, 0xDA, 0xFF, 0xB2, 0xDC, 0xA5, 0xA4, 0xC5, 0x8D, 0x60,
    0x38, 0xE9, 0xD7, 0x67, 0x41, 0xE2, 0xD4, 0xC6, 0x7E, 0x77, 0x6E, 0xC9, 0x86, 0x89, 0x8D, 0x4A,
    0x36, 0xCC, 0xCF, 0xA6, 0x1B, 0xA6, 0xB2, 0xAB, 0xBB, 0x37, 0x03, 0xAE, 0x6E, 0x46, 0x5C, 0x65,
    0xE6, 0xA0, 0xCC, 0xF6, 0x89, 0x32, 0xB1, 0x8C, 0x6A, 0x5C, 0x4D, 0xD0, 0x71, 0xD1, 0x5A, 0x7A,
    0xFA, 0x23, 0xE8, 0xC3, 0x56, 0x04, 0x06, 0x93, 0xBF, 0xF0, 0x46, 0x7D, 0x75, 0xC0, 0x67, 0x27,
    0xB9, 0xF0, 0xD9, 0xF8, 0x60, 0xEE, 0x6B, 0xAF, 0x3E, 0x27, 0xDF, 0xDC, 0x9C, 0xC1, 0x76, 0xDF,
    0x84, 0x0F, 0xDF, 0xAE, 0x1D, 0x0A, 0x32, 0x8B, 0x08, 0xF0, 0xF0, 0xE1, 0x03, 0x31, 0x15, 0xA2,
    0x9C, 0xBA, 0x25, 0x82, 0x4B, 0x39, 0x17, 0xE2, 0x38, 0xD5, 0xCE, 0xDF, 0x08, 0x49, 0x40, 0x1A,
    0x7C, 0x08, 0xEF, 0xBC, 0x09, 0x05, 0xE2, 0x81, 0x76, 0x2A, 0x53, 0x13, 0xA5, 0x59, 0xA9, 0x5C,
    0xEC, 0x14, 0x30, 0x3F, 0x1A, 0x5D, 0xC5, 0xE6, 0xC9, 0xA9, 0x88, 0xD0, 0xFA, 0x62, 0x47, 0x9B,
    0x0C, 0x92, 0x73, 0x7C, 0xCC, 0x82, 0x69, 0xE4, 0x2C, 0xF5, 0xBA, 0xD7, 0x41, 0x66, 0x31, 0x95,
    0x1D, 0xE8, 0x90, 0xA8, 0xA8, 0xC1, 0x1A, 0xDA, 0x74, 0x28, 0xB9, 0xF4, 0xCA, 0xF6, 0xD4, 0x98,
    0x9F, 0xE6, 0xF1, 0xB4, 0x02, 0x0D, 0x61, 0x95, 0x84, 0xD2, 0xD8, 0x72, 0x75, 0x81, 0xC0, 0x70,
    0x47, 0xB1, 0xC8, 0xC1, 0x3C, 0x7C, 0x1F, 0xD9, 0x49, 0xAF, 0x6A, 0x54, 0x07, 0x50, 0x08, 0x64,
    0x78, 0x7A, 0x04, 0x83, 0x90, 0xBD, 0xCD, 0x9C, 0x4A, 0x13, 0x14, 0x04, 0x1E, 0x0A, 0xA7, 0xB2,
    0x3B, 0x5F, 0xFF, 0xB7, 0x95, 0x7D, 0x86, 0x0F, 0xF6, 0x7A, 0x02, 0xAB, 0x91, 0xE0, 0xB2, 0xF9,
    0x6A, 0x12, 0xBD, 0x6D, 0xFB, 0x68, 0x9A, 0x0A, 0x0E, 0x22, 0x2D, 0x5A, 0x3D, 0x5F, 0x42, 0xB6,
    0x64, 0x20, 0x43, 0x8A, 0x09, 0x7E, 0xBC, 0xD8, 0x3B, 0x58, 0xDC, 0x56, 0x2E, 0x71, 0x33, 0xD1,
    0x15, 0x17, 0x74, 0x0A, 0x1B, 0x60, 0x4D, 0x18, 0x26, 0xCE, 0xCC, 0x05, 0x93, 0xF5, 0xE4, 0x80,
    0x57, 0x61, 0x50, 0x68, 0x36, 0xE9, 0x3E, 0xE4, 0x20, 0x5C, 0xF9, 0x96, 0xC4, 0x5E, 0xB3, 0xE5,
    0xF1, 0x3A, 0x2F, 0x76, 0xE5, 0xB7, 0x67, 0x3A, 0xD8, 0x32, 0xB3, 0xD9, 0xE3, 0x3F, 0x52, 0xC2,
    0x0D, 0xCD, 0xB8, 0xC1, 0xBB, 0xB4, 0xFA, 0x32, 0x78, 0x50, 0xBD, 0xF1, 0x3B, 0x55, 0x98, 0x99,
    0x68, 0x28, 0x1E, 0x76, 0xA2, 0xFA, 0x48, 0x5B, 0x60, 0x4D, 0x00, 0x68, 0xC9, 0xB4, 0x14, 0xF7,
    0x14, 0xA7, 0x2E, 0x06, 0x7A, 0x0A, 0x06, 0x83, 0x4B, 0x63, 0x28, 0x1A, 0xA4, 0x15, 0xE7, 0x72,
    0x4F, 0x6C, 0x33, 0x8C, 0xFC, 0x82, 0x07, 0xA6, 0x25, 0xFA, 0x5F, 0xF7, 0x49, 0xA8, 0xA3, 0xDA,
    0xB3, 0xDC, 0xA1, 0x71, 0x6D, 0x8B, 0x9C, 0x3A, 0xC2, 0x79, 0xF2, 0x4F, 0x25, 0x14, 0x50, 0x30,
    0xAE, 0xA4, 0xC9, 0xE8, 0xB0, 0x93, 0x0E, 0x31, 0x09, 0x2C, 0x7F, 0xCB, 0x70, 0xF2, 0xCD, 0x54,
    0x39, 0x68, 0x94, 0xAB, 0x77, 0x10, 0x75, 0x69, 0x74, 0x79, 0x4A, 0x1E, 0xFE, 0x0F, 0xD3, 0x4B,
    0xEE, 0xBB, 0xCC, 0x75, 0x40, 0xFF, 0xE8, 0x38, 0x94, 0xD9, 0x93, 0x0E, 0x77, 0x60, 0x13, 0xC0,
    0x76, 0x7F, 0x87, 0xE5, 0xB6, 0x99, 0x12, 0x74, 0x50, 0x0F, 0xA5, 0x00, 0x2D, 0xC4, 0x9A, 0x6F,
    0x71, 0x74, 0x2B, 0x5D, 0xDF, 0xE5, 0x77, 0xB9, 0x15, 0xE3, 0x56, 0xF9, 0xF2, 0x18, 0x88, 0xC0,
    0x34, 0xE0, 0xF5, 0xBB, 0x63, 0x93, 0x8D, 0xFD, 0x56, 0xEE, 0xA9, 0x59, 0xE4, 0xE6, 0x6C, 0x59,
    0xE4, 0xFB, 0x24, 0xB2, 0xD5, 0xC4, 0x9B, 0x9F, 0x01, 0xA5, 0x4C, 0x51, 0x7F, 0xFF, 0x99, 0x51,
    0xD3, 0xE5, 0x35, 0x5F, 0xDE, 0x26, 0xCC, 0xEB, 0x58, 0xDD, 0x60, 0x31, 0x5A, 0x37, 0xDC, 0x93,
    0xF2, 0xE6, 0x29, 0x2E, 0x9F, 0xB5, 0x12, 0x75, 0x90, 0xBC, 0x78, 0x51, 0xA2, 0xF8, 0x2F, 0xB0,
    0xB9, 0xE3, 0x47, 0x0F, 0x77, 0x06, 0xFD, 0x57, 0xB7, 0x78, 0x59, 0x75, 0x64, 0xED, 0x3A, 0x2A,
    0x54, 0xA4, 0x19, 0x72, 0xB7, 0xA6, 0x55, 0xF9, 0xBC, 0xAA, 0xFF, 0x00, 0xAD, 0x96, 0x01, 0x84,
    0x25, 0xC9, 0x19, 0x80, 0xBF, 0xEA, 0xDE, 0xDD, 0xBA, 0xDD, 0xB6, 0xD7, 0x8B, 0x9D, 0x70, 0xB3,
    0x76, 0xFB, 0x70, 0xD8, 0x9C, 0xDD, 0x6D, 0x38, 0x2C, 0xDE, 0xBE, 0xAA, 0x13, 0x04, 0x41, 0x1E,
    0xF6, 0x25, 0x38, 0xCC, 0x21, 0x70, 0x1B, 0xB2, 0xC1, 0x62, 0xC2, 0xEC, 0x74, 0x09, 0xC0, 0xE1,
    0x46, 0x9C, 0x00, 0x18, 0x0C, 0x6E, 0x5F, 0x70, 0x8B, 0xC5, 0x84, 0x99, 0xE9, 0x3E, 0x00, 0x88,
    0x0E, 0x01, 0x40, 0x8B, 0x0D, 0x90, 0x44, 0x5D, 0xD4, 0xB9, 0xBE, 0xD5, 0xDD, 0x95, 0xEE, 0x7E,
    0xFB, 0xDE, 0xEC, 0x4E, 0xEE, 0x8E, 0x23, 0xDF, 0xFF, 0x57, 0x55, 0xF5, 0xDF, 0xFF, 0xDF, 0x55,
    0x55, 0xFD, 0x77, 0xBD, 0x97, 0x15, 0xA8, 0x8A, 0xD8, 0x12, 0x36, 0xD0, 0x81, 0xD2, 0x44, 0x86,
    0xDC, 0x08, 0x4F, 0xD8, 0x12, 0x39, 0x92, 0x72, 0xB0, 0x6D, 0x03, 0xAA, 0x00, 0x6F, 0x09, 0x7C,
    0x8D, 0xFC, 0xAA, 0x23, 0x29, 0x33, 0x9D, 0xE9, 0xA4, 0x3C, 0x24, 0xA8, 0xC4, 0x01, 0x17, 0x23,
    0xAF, 0xEF, 0x24, 0xDE, 0x1D, 0xAB, 0x0F, 0x7C, 0x33, 0x11, 0xDE, 0x6E, 0xB3, 0x69, 0x00, 0x94,
    0xF7, 0xC5, 0xAA, 0x30, 0x90, 0x7B, 0xEF, 0xAB, 0xD3, 0x6A, 0x9B, 0xA0, 0x9C, 0x20, 0x4B, 0xB5,
    0xF7, 0xB0, 0x48, 0xBC, 0xD7, 0xD2, 0xB7, 0xF0, 0x60, 0x8F, 0x4B, 0xA8, 0x62, 0x90, 0x44, 0x5F,
    0xE5, 0x6A, 0x4E, 0xE7, 0xF1, 0x7D, 0x7D, 0x93, 0x9B, 0x90, 0xBB, 0xBC, 0x25, 0x43, 0xA1, 0x2E,
    0xB4, 0xB1, 0x8B, 0x4D, 0x6C, 0xCE, 0x03, 0xC8, 0x96, 0xD4, 0x9B, 0x69, 0x54, 0xEE, 0x84, 0xD5,
    0x76, 0x50, 0xF5, 0xB5, 0xDA, 0x2A, 0x12, 0xAF, 0x83, 0xCF, 0xC0, 0xBF, 0xDF, 0x89, 0x2E, 0x6C,
    0xC2, 0x26, 0x72, 0x91, 0x8D, 0xCB, 0xB8, 0x50, 0x26, 0x65, 0x97, 0xBB, 0x3C, 0x43, 0x21, 0x9A,
    0xB8, 0x94, 0x56, 0xD6, 0x69, 0x29, 0xBA, 0x5C, 0x93, 0xB7, 0x90, 0xD6, 0x10, 0x55, 0x7C, 0x74,
    0x32, 0xC2, 0x67, 0xC1, 0x7E, 0x2B, 0xED, 0x19, 0x05, 0x32, 0xE3, 0x51, 0x45, 0x6E, 0xE2, 0x4A,
    0x15, 0xD2, 0xC5, 0x95, 0x68, 0x42, 0xCB, 0x2E, 0x0D, 0x37, 0xB8, 0xCD, 0x40, 0x6A, 0x40, 0x15,
    0xEB, 0xB2, 0x7D, 0x3E, 0x2C, 0x77, 0x90, 0xC5, 0xCB, 0xC5, 0xB2, 0x5A, 0x2C, 0x0F, 0xF7, 0x91,
    0xBE, 0x63, 0xD8, 0x00, 0xB5, 0x97, 0x14, 0x8F, 0x09, 0xCB, 0x61, 0x63, 0x38, 0x14, 0x75, 0xE0,
    0x42, 0x2B, 0x6D, 0x6C, 0xE3, 0x2A, 0x2D, 0x87, 0x0D, 0xD9, 0xD0, 0x61, 0x2D, 0x1B, 0x59, 0x47,
    0x6E, 0xB0, 0x25, 0x45, 0x52, 0xA4, 0x5A, 0xB1, 0x81, 0x32, 0xFD, 0xDD, 0x32, 0x29, 0xE3, 0x2A,
    0xEA, 0xFD, 0x43, 0x17, 0xD4, 0x34, 0xDC, 0x0F, 0xEB, 0x70, 0xF4, 0x8D, 0x7A, 0xDF, 0xB8, 0x5C,
    0xFB, 0x96, 0x24, 0x96, 0xA8, 0x26, 0x68, 0x20, 0x1F, 0xA7, 0x19, 0x15, 0x64, 0x05, 0x5E, 0x07,
    0x1D, 0xB2, 0x26, 0xAE, 0x06, 0xDB, 0x14, 0x98, 0x0E, 0x92, 0x77, 0x79, 0x37, 0xDF, 0x1D, 0xFB,
    0x1C, 0x8D, 0x32, 0x58, 0x8E, 0xE7, 0x43, 0x0F, 0x1E, 0x2C, 0x3E, 0xCB, 0x7C, 0xDB, 0x2B, 0x3C,
    0xFE, 0x36, 0xBD, 0xCA, 0xE6, 0x1E, 0xAA, 0x44, 0x15, 0x64, 0x06, 0x8F, 0xEC, 0x50, 0x35, 0x59,
    0xC9, 0xEF, 0x00, 0x1D, 0x95, 0x69, 0x31, 0x65, 0xD2, 0xCB, 0x94, 0xB4, 0x8C, 0x4A, 0xB4, 0x70,
    0xAC, 0x35, 0xF3, 0x65, 0xAF, 0x0F, 0x16, 0x7B, 0xCB, 0xCE, 0xBB, 0x2F, 0xCC, 0xE9, 0xDD, 0x83,
    0xB3, 0x6E, 0xEB, 0xBB, 0xEC, 0x93, 0xFB, 0xCA, 0x7B, 0xBB, 0x58, 0xEC, 0xA3, 0xC8, 0x5E, 0x95,
    0x0D, 0x9F, 0xB5, 0x59, 0x93, 0x96, 0x0D, 0xED, 0x6B, 0xE2, 0xEF, 0x67, 0x6D, 0xDA, 0xCA, 0xFA,
    0x1C, 0x4A, 0xE7, 0x26, 0x37, 0x4A, 0x9F, 0xE3, 0x6C, 0xEA, 0x7D, 0x6F, 0x92, 0x9D, 0x9F, 0x8D,
    0x1B, 0x6C, 0x14, 0x53, 0x8E, 0x00, 0x1C, 0x81, 0x25, 0xAC, 0x91, 0x5E, 0x93, 0x16, 0xC4, 0x83,
    0x6E, 0x64, 0x85, 0xF2, 0x28, 0x07, 0x7B, 0xA1, 0x8D, 0xC7, 0xD7, 0xB1, 0xDB, 0x4B, 0xF6, 0xA9,
    0x6A, 0xA3, 0x96, 0x75, 0xC2, 0x65, 0xDE, 0xB7, 0x43, 0xD9, 0x5D, 0x2C, 0x8E, 0x87, 0x4D, 0x7C,
    0xB5, 0x00, 0xCC, 0x84, 0x3E, 0xEF, 0xC2, 0x22, 0x39, 0x8A, 0xAA, 0xA9, 0xCA, 0xBB, 0x26, 0x69,
    0x33, 0x27, 0x66, 0xE7, 0x69, 0x08, 0xAD, 0xD2, 0x49, 0x99, 0x54, 0xB9, 0x96, 0x2F, 0x5A, 0x84,
    0x77, 0x90, 0x57, 0xCB, 0x44, 0x8C, 0x2D, 0xA8, 0x06, 0xF2, 0x8E, 0xA0, 0xED, 0xEF, 0xBB, 0xDE,
    0xAF, 0x90, 0xEE, 0x0E, 0x1C, 0x6E, 0x73, 0x36, 0x31, 0x9B, 0xEF, 0x4D, 0x4C, 0x71, 0xC0, 0x5B,
    0xB1, 0xD7, 0xF7, 0x52, 0xFF, 0xD5, 0xD1, 0x74, 0xCB, 0xD7, 0x3B, 0xC2, 0xDB, 0x47, 0x6C, 0xEA,
    0xB3, 0x5F, 0xFC, 0xC6, 0x7C, 0x3E, 0xBF, 0x9F, 0x79, 0xEF, 0xDB, 0xB1, 0x1A, 0x2F, 0x4F, 0xBF,
    0xFD, 0xC1, 0x56, 0xB2, 0x66, 0xDE, 0x33, 0x3B, 0xBD, 0x3B, 0x38, 0x6B, 0x71, 0xC0, 0xA5, 0x97,
    0x47, 0xCB, 0xE3, 0xF1, 0x68, 0xC1, 0xBB, 0xD5, 0xD1, 0x72, 0xF6, 0x28, 0x99, 0x2F, 0x99, 0xF9,
    0x25, 0x76, 0xD5, 0x2E, 0x96, 0xEC, 0x83, 0x00, 0x12, 0x20, 0x37, 0xE3, 0x4B, 0xC9, 0x6A, 0x02,
    0x5F, 0x90, 0xB4, 0x90, 0x56, 0x10, 0xB3, 0xE6, 0x92, 0x01, 0x92, 0x02, 0x48, 0x35, 0xA0, 0x00,
    0x4E, 0x00, 0x5A, 0x40, 0x34, 0x40, 0xE0, 0x80, 0xD0, 0x02, 0xB2, 0x02, 0xE2, 0x72, 0x1D, 0x60,
    0x56, 0x01, 0xBB, 0xAB, 0x00, 0xC6, 0x80, 0x7A, 0x1D, 0x60, 0x57, 0x01, 0xF1, 0xEB, 0x01, 0xD9,
    0xF7, 0x05, 0x44, 0xEB, 0x80, 0x64, 0x0C, 0xD0, 0xC0, 0x06, 0xC0, 0x15, 0xA6, 0x28, 0x23, 0x8B,
    0xB0, 0x0C, 0x4B, 0x59, 0x28, 0x33, 0xED, 0x2D, 0x67, 0x73, 0x66, 0x77, 0x3E, 0x3F, 0x5E, 0xE5,
    0xD4, 0xCB, 0x9D, 0xEB, 0x7C, 0xCF, 0x37, 0xF3, 0xF9, 0x43, 0x07, 0xC9, 0xAA, 0x74, 0x8B, 0x45,
    0x3E, 0xD8, 0x1F, 0x2C, 0x16, 0x4F, 0xFA, 0x7C, 0xD2, 0x49, 0x97, 0xB9, 0x21, 0xBF, 0x8E, 0x64,
    0x35, 0x1D, 0xF2, 0x6D, 0xC8, 0x3B, 0xE0, 0xBA, 0xD4, 0xCB, 0xB4, 0x97, 0x2D, 0xBD, 0x26, 0x7E,
    0xB8, 0xBC, 0x2C, 0x19, 0x91, 0x95, 0xAA, 0x32, 0x8E, 0xD9, 0x45, 0xE9, 0xB8, 0x88, 0x4A, 0x59,
    0x25, 0x65, 0x6E, 0xFE, 0xCC, 0x0F, 0x7A, 0xEF, 0x79, 0x81, 0x2A, 0x89, 0xC7, 0xEF, 0x87, 0x16,
    0x14, 0x44, 0x06, 0x3F, 0xFE, 0x30, 0x35, 0x44, 0x96, 0xA4, 0x44, 0xC1, 0x36, 0x7C, 0x57, 0x2A,
    0x6E, 0x68, 0x65, 0x55, 0x1D, 0xD4, 0xC3, 0x09, 0x2A, 0xAB, 0x40, 0x23, 0xEE, 0x33, 0xC4, 0x9E,
    0x93, 0xF5, 0x15, 0xF5, 0xB3, 0x2F, 0x9B, 0xEC, 0x93, 0xBF, 0x37, 0xEA, 0xE7, 0x5F, 0x34, 0x9B,
    0x89, 0x39, 0xE0, 0x06, 0x7C, 0x44, 0xB6, 0x94, 0x03, 0xE5, 0x22, 0xA7, 0xBC, 0xF7, 0xCD, 0x69,
    0x35, 0x05, 0x8E, 0xCE, 0x54, 0x57, 0x81, 0xAB, 0x3F, 0x68, 0x51, 0xDF, 0xF5, 0x33, 0xF2, 0xE0,
    0x89, 0xEF, 0x41, 0xAD, 0x65, 0xE4, 0x11, 0xE2, 0xA0, 0xEE, 0x97, 0x66, 0x4F, 0x97, 0x96, 0xF4,
    0x4B, 0x9B, 0x6E, 0x6A, 0x6E, 0xB1, 0x44, 0x68, 0x88, 0x2A, 0x88, 0x2D, 0x44, 0x16, 0x02, 0x43,
    0x50, 0x73, 0x27, 0xF6, 0xE6, 0x9E, 0xF2, 0x2F, 0x9A, 0xC7, 0x91, 0x77, 0x47, 0xE4, 0xD5, 0x8C,
    0xF3, 0x20, 0xCB, 0xC1, 0x6F, 0x28, 0x63, 0x5F, 0x56, 0x58, 0xD5, 0x05, 0x36, 0xF3, 0xBE, 0x3C,
    0xBC, 0xE6, 0x0B, 0xC7, 0x09, 0x03, 0xD1, 0x73, 0x61, 0x95, 0xFF, 0x49, 0x35, 0xD8, 0xEB, 0xC8,
    0x9B, 0xA7, 0x7C, 0xC4, 0xC8, 0xD3, 0x37, 0x19, 0x4E, 0xAC, 0xC4, 0xFB, 0x61, 0x73, 0x9A, 0xE8,
    0xC5, 0xE7, 0x95, 0xB0, 0xB1, 0xE6, 0xED, 0x37, 0x5E, 0x4E, 0x45, 0x96, 0x89, 0xCB, 0x5A, 0x59,
    0xAE, 0x24, 0x77, 0x78, 0x2B, 0x7C, 0xE5, 0x6B, 0xE1, 0x5D, 0xE0, 0xED, 0x8B, 0x03, 0x16, 0xFB,
    0x62, 0x61, 0xDD, 0xD2, 0xFF, 0x95, 0x56, 0xC4, 0xE7, 0xFA, 0xF6, 0x19, 0xD1, 0x27, 0x77, 0xA0,
    0x82, 0x9F, 0xEA, 0xEB, 0x57, 0x80, 0xA0, 0x82, 0x43, 0x40, 0x18, 0x78, 0x07, 0xB8, 0x08, 0x04,
    0x40, 0x02, 0x44, 0x06, 0x37, 0x5E, 0xBF, 0xF2, 0x9C, 0x09, 0x10, 0x7C, 0xB1, 0x6C, 0xC3, 0xBF,
    0x9E, 0xDA, 0xCF, 0x0D, 0x8D, 0xB0, 0xB3, 0x65, 0xDC, 0x8C, 0xCB, 0x80, 0xD4, 0x80, 0x86, 0xD7,
    0xC6, 0xF9, 0x3D, 0x6F, 0xBC, 0x03, 0x1F, 0x2E, 0xE7, 0xB1, 0xE7, 0xB8, 0x10, 0x5F, 0x44, 0xFC,
    0xCF, 0x7C, 0xBF, 0x99, 0x31, 0xEF, 0xD5, 0xAE, 0xD6, 0xB5, 0x6A, 0x3F, 0xE4, 0x04, 0xE5, 0x64,
    0x2B, 0xDA, 0xA4, 0xC9, 0xF6, 0x0E, 0x81, 0x0B, 0x3A, 0x35, 0xBB, 0xD4, 0x38, 0x1C, 0xC7, 0x28,
    0x13, 0x19, 0x20, 0x7F, 0x4E, 0xB4, 0x3C, 0x51, 0x8D, 0xD2, 0x49, 0xB1, 0x43, 0x58, 0xFE, 0x2A,
    0x79, 0xDF, 0xA0, 0x0A, 0xD6, 0xE5, 0x12, 0x5C, 0x61, 0x67, 0x92, 0x77, 0x69, 0x13, 0x5B, 0xD5,
    0x9C, 0x9C, 0xDC, 0xBC, 0xC5, 0xC0, 0xED, 0x0B, 0x6D, 0xE6, 0x72, 0x9D, 0x9B, 0xB4, 0x16, 0x2D,
    0xD7, 0xE1, 0x90, 0xCC, 0x24, 0x8D, 0x68, 0x65, 0x9B, 0xD6, 0xB9, 0xDE, 0x67, 0xE4, 0x19, 0xB2,
    0x24, 0x37, 0xB1, 0x25, 0xE9, 0xC3, 0x09, 0x9A, 0xD4, 0x21, 0x9B, 0x7B, 0x47, 0xA8, 0x7A, 0x67,
    0xC2, 0x09, 0xF5, 0x94, 0x7D, 0x6C, 0xDC, 0x57, 0x2D, 0x19, 0xB1, 0x89, 0x7A, 0x49, 0x75, 0x87,
    0x03, 0x36, 0xC9, 0x4C, 0x6E, 0x32, 0x73, 0x07, 0x66, 0x08, 0xC7, 0x3B, 0x5F, 0x1A, 0xE5, 0x8B,
    0xCC, 0x97, 0x61, 0x43, 0xEC, 0x49, 0xB6, 0x74, 0xF0, 0x06, 0x17, 0x9E, 0x5F, 0xDB, 0x53, 0x5D,
    0xDE, 0x1C, 0x6F, 0x7D, 0x75, 0xE2, 0x64, 0x99, 0xDA, 0xB0, 0x48, 0xFA, 0x36, 0x39, 0x4E, 0xDC,
    0xEE, 0x98, 0x1B, 0x75, 0x5A, 0xBD, 0xC5, 0x3D, 0x26, 0x64, 0xC3, 0x1F, 0x87, 0xC7, 0x4C, 0xD8,
    0x86, 0x73, 0x8C, 0x08, 0x52, 0xCD, 0x40, 0x62, 0xE2, 0x92, 0x81, 0x0C, 0xD9, 0x00, 0x04, 0x0D,
    0xC2, 0x97, 0x40, 0xE6, 0x40, 0xF9, 0x27, 0xBF, 0xF8, 0xDC, 0x17, 0x20, 0x7D, 0x4F, 0x0B, 0x90,
    0xF6, 0x1D, 0xC3, 0xC0, 0x8F, 0x9E, 0xCC, 0xF8, 0xFF, 0x3F, 0x70, 0x45, 0xEE, 0x07, 0xAA, 0x6C,
    0x6C, 0xCA, 0x6F, 0x35, 0xF6, 0x01, 0x1A, 0x08, 0x8C, 0xF0, 0xBE, 0x9B, 0x41, 0x54, 0x44, 0x83,
    0xFD, 0x53, 0x32, 0x9D, 0xFC, 0x4D, 0x3C, 0xF4, 0xBD, 0x95, 0x3B, 0xC0, 0xAF, 0xBD, 0x77, 0xDC,
    0x1C, 0x47, 0x58, 0x68, 0x00, 0x71, 0x9F, 0x91, 0x6B, 0xBD, 0xC7, 0xF8, 0x04, 0xDF, 0x53, 0x03,
    0xA9, 0xEF, 0xFE, 0x34, 0xCE, 0xC6, 0x3F, 0x07, 0x91, 0x5B, 0xC2, 0x16, 0x40, 0x36, 0xC4, 0x15,
    0x03, 0x39, 0x89, 0x61, 0x20, 0xD5, 0x9B, 0x8C, 0x5C, 0xD2, 0xBC, 0x8E, 0x28, 0x56, 0x1D, 0x87,
    0xF2, 0x23, 0xDD, 0xAA, 0xE3, 0xCD, 0xBB, 0x8B, 0x91, 0x76, 0xE5, 0x63, 0x57, 0x1D, 0xC3, 0x9A,
    0x6B, 0x35, 0x3F, 0xDE, 0x82, 0x68, 0xD0, 0xD4, 0xF3, 0x4C, 0x62, 0x23, 0x6C, 0x42, 0xF6, 0xF5,
    0x78, 0x84, 0xD4, 0xDC, 0xDE, 0xE2, 0x91, 0xD4, 0x4F, 0x43, 0xE3, 0x7D, 0x61, 0xE1, 0x29, 0x4C,
    0x04, 0xB1, 0x87, 0x19, 0x3C, 0x7A, 0x9B, 0xDF, 0x3E, 0x7A, 0x09, 0x41, 0x47, 0xFC, 0xCB, 0x62,
    0x42, 0x75, 0x17, 0x7B, 0x97, 0xA7, 0xBD, 0x4E, 0xB0, 0x37, 0x82, 0x52, 0x7A, 0xCD, 0x8C, 0xFD,
    0x50, 0xDB, 0xD0, 0xBC, 0xA6, 0xD2, 0x3C, 0x8B, 0x8D, 0xFA, 0xDA, 0x08, 0x3D, 0xC6, 0xFE, 0x91,
    0x5B, 0x30, 0x81, 0xBB, 0xA3, 0x4E, 0xE0, 0x06, 0x48, 0x0F, 0x57, 0x81, 0x3D, 0xA8, 0x96, 0x7A,
    0xA1, 0xAE, 0x92, 0x0F, 0xAA, 0x89, 0xE8, 0x47, 0xA9, 0x1E, 0x51, 0xBD, 0xD7, 0x0F, 0x27, 0xAA,
    0xDB, 0x61, 0x15, 0xB5, 0x15, 0xB3, 0x5E, 0xB0, 0x2B, 0xFD, 0xCF, 0x37, 0xB4, 0x5B, 0xDA, 0x0D,
    0x63, 0x9D, 0x55, 0xE0, 0x0F, 0x75, 0x5A, 0xB6, 0x5B, 0xFF, 0x70, 0x4E, 0x9A, 0xBB, 0x56, 0xEA,
    0x6F, 0x2D, 0x0C, 0x7E, 0xF6, 0xDF, 0x33, 0x87, 0x7D, 0x45, 0xE0, 0x22, 0x97, 0xC9, 0xEC, 0x6F,
    0x66, 0xD7, 0x59, 0xCA, 0x65, 0xDE, 0x24, 0x72, 0xCC, 0xDE, 0x63, 0x7F, 0x42, 0x75, 0x5D, 0x14,
    0x71, 0x58, 0x44, 0x52, 0x87, 0x1F, 0x13, 0xFC, 0x05, 0xF1, 0x4F, 0xA8, 0x01, 0x6E, 0x52, 0xF6,
    0x76, 0xF9, 0x31, 0xE2, 0x5F, 0x50, 0x23, 0x1A, 0xC2, 0x4F, 0x88, 0x43, 0x73, 0x4B, 0x54, 0xC0,
    0x7F, 0x01, 0xED, 0xDB, 0x01, 0xC4, 0x2C, 0x69, 0xBE, 0xDF, 0xF1, 0x4F, 0x75, 0x65, 0xDE, 0x66,
    0x8A, 0xD4, 0x62, 0x86, 0xB9, 0x33, 0x32, 0x0D, 0x30, 0x97, 0x9B, 0x69, 0x00, 0x98, 0x99, 0xAA,
    0x2C, 0x11, 0x5C, 0xE4, 0x86, 0x39, 0x09, 0x2E, 0x2E, 0x04, 0x37, 0x13, 0x72, 0x00, 0x06, 0xB3,
    0x53, 0x95, 0x0B, 0x00, 0x39, 0xC8, 0x15, 0x04, 0x39, 0x18, 0xCC, 0x9C, 0x8B, 0x0D, 0x16, 0x07,
    0xBB, 0xA7, 0xCA, 0x06, 0x00, 0x6A, 0xB3, 0x16, 0x04, 0x29, 0x31, 0x23, 0x2C, 0x6C, 0x25, 0x3A,
    0xD9, 0x9E, 0xDD, 0xAA, 0xFE, 0x67, 0xA7, 0x9E, 0x77, 0xBC, 0xDD, 0x4E, 0x26, 0x66, 0x77, 0xB3,
    0x77, 0xDE, 0x77, 0xCE, 0x79, 0x4F, 0xFB, 0xFD, 0x74, 0xBF, 0xD5, 0xF5, 0x76, 0x3D, 0xDF, 0xDF,
    0xF3, 0xF4, 0xBF, 0xAA, 0xFE, 0x87, 0x6C, 0x06, 0xF9, 0x09, 0x6C, 0x03, 0x14, 0x51, 0x43, 0xF9,
    0x8B, 0x16, 0x76, 0xFF, 0xB5, 0x87, 0xEA, 0xDF, 0x0C, 0x50, 0xFD, 0xE9, 0x04, 0xDD, 0xF6, 0x00,
    0xA7, 0xFC, 0x88, 0x6C, 0xDE, 0xCC, 0xC8, 0x67, 0x0B, 0xF2, 0x83, 0x40, 0x31, 0x69, 0x50, 0x8E,
    0xAA, 0x96, 0xDD, 0x60, 0xDF, 0x53, 0xF5, 0x76, 0x03, 0xD5, 0xCF, 0x1F, 0x7D, 0x7F, 0xA4, 0x8B,
    0x88, 0x89, 0x88, 0x88, 0xA3, 0xEC, 0x0B, 0x9B, 0x6D, 0x66, 0x36, 0x8B, 0xFC, 0x88, 0x93, 0xED,
    0x01, 0xA1, 0x9C, 0xD0, 0xD4, 0xBB, 0x11, 0x55, 0xBF, 0xEF, 0xB1, 0xEF, 0xAB, 0x1E, 0xBB, 0xB1,
    0xA9, 0x51, 0x4E, 0x81, 0xB4, 0xF9, 0xE5, 0xCF, 0x77, 0x40, 0x36, 0x83, 0xCD, 0xE9, 0xDC, 0xB2,
    0xF9, 0x6C, 0x93, 0xEC, 0xD1, 0x47, 0xDC, 0x8F, 0xA8, 0xB3, 0x88, 0x18, 0xC4, 0xBD, 0x66, 0xF2,
    0x50, 0x71, 0x44, 0x3E, 0x63, 0x73, 0x21, 0x2F, 0xFC, 0xB3, 0xD9, 0x6B, 0x11, 0x73, 0x16, 0x11,
    0xF3, 0x36, 0xFE, 0xED, 0x66, 0x2E, 0x0F, 0x36, 0xF3, 0x7E, 0xB0, 0x99, 0xAB, 0xFE, 0x0B, 0x69,
    0xE5, 0x73, 0xD5, 0xDB, 0x7E, 0x21, 0xE5, 0xBC, 0x1F, 0x35, 0x73, 0x79, 0xFA, 0x9B, 0x65, 0xDE,
    0x46, 0x4C, 0xB3, 0x88, 0x7A, 0xF6, 0xC2, 0x9F, 0x01, 0xF8, 0x3B, 0x50, 0xD5, 0x68, 0xFA, 0x24,
    0xE9, 0x69, 0xFA, 0x05, 0xA0, 0x3C, 0x25, 0x8B, 0x1E, 0xEC, 0x06, 0xB0, 0x4D, 0x56, 0x24, 0x6B,
    0xFA, 0xF3, 0xE3, 0x9C, 0x40, 0x96, 0xCC, 0xCD, 0x9F, 0xF3, 0x6D, 0x05, 0xBF, 0x89, 0x81, 0x4D,
    0x1C, 0x48, 0xAC, 0x24, 0xC1, 0x6B, 0x07, 0x54, 0x03, 0xDE, 0x81, 0xB7, 0xE1, 0x25, 0xF8, 0xA6,
    0xE1, 0xBF, 0x07, 0x5C, 0x13, 0x3B, 0xAE, 0x4C, 0xB6, 0x23, 0x8A, 0xF8, 0xC7, 0x2D, 0xF6, 0x09,
    0x77, 0x53, 0x4C, 0xC8, 0x8E, 0xD9, 0x8C, 0x7C, 0xF0, 0x36, 0xF0, 0x6D, 0x47, 0x9A, 0x42, 0x5E,
    0xF5, 0xD0, 0xA0, 0xEB, 0x67, 0x36, 0xF1, 0xDF, 0x46, 0xB6, 0xBF, 0x3E, 0xA2, 0x1C, 0x16, 0x54,
    0xF6, 0x35, 0x8F, 0x6D, 0x5B, 0xE0, 0x1C, 0x6C, 0x22, 0x2B, 0xA1, 0x4D, 0x6C, 0x25, 0xB8, 0x12,
    0x5D, 0x9B, 0x4B, 0x4D, 0x84, 0x57, 0xC4, 0x56, 0xC6, 0x56, 0xC8, 0x56, 0xCA, 0x56, 0xCC, 0x56,
    0xCE, 0x56, 0xD0, 0x56, 0xD2, 0x56, 0xD4, 0x56, 0xD6, 0x56, 0xD8, 0x12, 0xED, 0x84, 0x3B, 0xF1,
    0xBE, 0x7A, 0x08, 0xF2, 0x23, 0x30, 0x03, 0x55, 0xBE, 0x40, 0xF9, 0xA7, 0x51, 0xF3, 0x34, 0xF0,
    0xE3, 0x33, 0x03, 0xBC, 0x6A, 0xB1, 0xEB, 0x51, 0x8C, 0xD8, 0x1C, 0xF6, 0x13, 0xEF, 0x37, 0x33,
    0xD9, 0xE9, 0x44, 0x7E, 0xA8, 0x6A, 0x65, 0x5F, 0x0C, 0x5E, 0x97, 0x8D, 0x00, 0xF0, 0xDE, 0x27,
    0x2B, 0xAE, 0x41, 0x13, 0x71, 0x50, 0xFD, 0xEC, 0x2F, 0x66, 0x6F, 0xD8, 0x9C, 0x20, 0xA0, 0x3B,
    0x97, 0xEC, 0x5E, 0xB8, 0x8A, 0x08, 0x4D, 0x44, 0x64, 0xF1, 0x99, 0x2E, 0x5F, 0xE8, 0x8A, 0x03,
    0x5D, 0x39, 0x7D, 0x21, 0x23, 0x51, 0x4E, 0xB2, 0x2F, 0x24, 0x8F, 0xE2, 0x68, 0x17, 0x79, 0x3C,
    0x8A, 0x26, 0x8B, 0x98, 0x2B, 0x55, 0x0C, 0x95, 0xEC, 0x5D, 0x00, 0x50, 0x8D, 0xE0, 0xD5, 0x23,
    0xF0, 0x01, 0xF0, 0x18, 0xAC, 0x1C, 0xF3, 0xA5, 0xA8, 0x51, 0x46, 0x01, 0x55, 0x42, 0xDC, 0xA5,
    0xC3, 0x3C, 0x6E, 0x12, 0x62, 0xDF, 0xFB, 0xF6, 0x23, 0x46, 0x56, 0xDF, 0x1C, 0x51, 0x76, 0xBF,
    0x86, 0xA2, 0x85, 0xB2, 0x86, 0x13, 0xBA, 0x7E, 0x22, 0x8B, 0x69, 0x22, 0xBF, 0x9E, 0xE5, 0x27,
    0x54, 0xF5, 0xBE, 0xE6, 0xFD, 0xDB, 0x3E, 0xCB, 0x79, 0xD5, 0x8B, 0x10, 0xE3, 0xEB, 0xC8, 0x22,
    0x96, 0x95, 0x6F, 0x37, 0x23, 0x6F, 0xB7, 0xE7, 0xD1, 0xDD, 0x2C, 0xE7, 0x44, 0x77, 0xD1, 0x43,
    0x93, 0x18, 0xCE, 0x69, 0xAD, 0x1F, 0xBD, 0xF9, 0x0C, 0xE4, 0xE2, 0xEA, 0xC1, 0xA6, 0xB7, 0x5F,
    0xB6, 0xBD, 0x26, 0xA2, 0xF5, 0xB8, 0x08, 0xFE, 0xA3, 0x8F, 0x01, 0xBA, 0x9E, 0x2C, 0xD2, 0xAA,
    0x9F, 0x16, 0xFD, 0xB4, 0xE6, 0xA7, 0x30, 0xF8, 0xC6, 0xBF, 0xC8, 0xF3, 0x2F, 0x39, 0x3A, 0xE3,
    0x58, 0xFD, 0x87, 0xF1, 0x66, 0xB0, 0xF3, 0x83, 0x13, 0xB6, 0x0F, 0xEC, 0xBF, 0x12, 0xE7, 0xF3,
    0x32, 0x5C, 0xD3, 0x23, 0x46, 0xF2, 0x38, 0x50, 0xFC, 0xEF, 0x85, 0x7D, 0xDF, 0xD1, 0xD9, 0xF7,
    0x8E, 0xAE, 0x46, 0xC0, 0x2D, 0xA9, 0xD9, 0x1B, 0xE8, 0x5A, 0x92, 0x34, 0x5C, 0xD6, 0xEC, 0x8A,
    0xE9, 0xBC, 0x58, 0xAF, 0x6A, 0xF0, 0x23, 0xC8, 0x1E, 0x3C, 0xFC, 0x23, 0x6C, 0x46, 0x6F, 0x23,
    0x3B, 0x98, 0x21, 0xE2, 0x00, 0x55, 0x8C, 0x70, 0x75, 0xF2, 0xCC, 0x84, 0x25, 0x7D, 0x9E, 0x03,
    0x8A, 0x01, 0xBB, 0x9A, 0xBF, 0x7C, 0xF9, 0xAA, 0xF5, 0x81, 0xB2, 0x55, 0xD5, 0xF7, 0x6B, 0xBB,
    0x38, 0x51, 0xC4, 0x11, 0x8F, 0x5A, 0xB7, 0x26, 0x08, 0x74, 0x40, 0xD5, 0x82, 0x72, 0x00, 0xF9,
    0x24, 0x51, 0x7E, 0x05, 0xCF, 0x29, 0x03, 0xE5, 0x88, 0x6D, 0xAA, 0x6C, 0xE1, 0x7B, 0x5C, 0x52,
    0x66, 0x7F, 0xEB, 0x28, 0x67, 0xAB, 0xDA, 0x9E, 0x80, 0x1D, 0x50, 0xD6, 0x60, 0x0F, 0xCC, 0x09,
    0xF6, 0x98, 0x60, 0x3F, 0x87, 0xFD, 0x2F, 0x20, 0x7A, 0xE4, 0x23, 0xB2, 0x95, 0xFB, 0x80, 0xAA,
    0xE6, 0x8D, 0x3F, 0xB9, 0x6A, 0xBD, 0xA5, 0x68, 0x53, 0x49, 0xB7, 0x8B, 0x60, 0x1B, 0x33, 0xDE,
    0x7B, 0x70, 0x2B, 0x88, 0xFF, 0xD1, 0x65, 0x01, 0x77, 0xFA, 0xD1, 0x57, 0x15, 0x70, 0x59, 0xEB,
    0x15, 0xE4, 0x83, 0xB7, 0xB0, 0x39, 0x64, 0xE7, 0xC4, 0x9B, 0x18, 0x9E, 0x1D, 0xE2, 0x57, 0x0F,
    0xB2, 0xD6, 0x6E, 0xC9, 0x7B, 0xD5, 0xD3, 0x05, 0x9C, 0x7F, 0xEE, 0xAA, 0x4E, 0x73, 0xFC, 0x9D,
    0x7A, 0x7F, 0x0B, 0xE7, 0x78, 0xDE, 0x7B, 0x3D, 0x65, 0xF5, 0x1D, 0x64, 0x9F, 0xFF, 0xC3, 0x05,
    0x22, 0x8E, 0xE7, 0x33, 0xF7, 0x93, 0xAF, 0xE6, 0xF8, 0xBC, 0x72, 0x7B, 0x5F, 0x3E, 0xF8, 0xC0,
    0xB6, 0x57, 0xFD, 0x93, 0xFB, 0x6D, 0x9A, 0xD3, 0xC5, 0xED, 0x99, 0xD3, 0xE7, 0x47, 0xF3, 0x04,
    0x82, 0x24, 0xE9, 0xE9, 0x77, 0xD2, 0x68, 0xB6, 0x71, 0x23, 0x8F, 0x1E, 0x3D, 0xAA, 0x03, 0xBE,
    0xB6, 0x44, 0xC4, 0xB9, 0xE0, 0xB7, 0x94, 0x7B, 0xF7, 0xEE, 0x89, 0xCB, 0x8F, 0x01, 0x00, 0x35,
    0xB6, 0x13, 0x8A, 0xA3, 0x24, 0xE9, 0xA9, 0x1A, 0xD9, 0xA3, 0x96, 0x7D, 0xCC, 0x44, 0x44, 0x9D,
    0xC7, 0xBD, 0x6E, 0x28, 0x0F, 0x76, 0xD3, 0x6E, 0xB4, 0x3D, 0x54, 0xBD, 0x7C, 0xAE, 0x5A, 0x9B,
    0xB9, 0xA9, 0x6D, 0x96, 0xEE, 0xAF, 0xEF, 0xFD, 0xD3, 0xA5, 0x8B, 0x88, 0x6B, 0xF9, 0xCD, 0xA1,
    0x7E, 0xDC, 0x41, 0x57, 0xA3, 0x69, 0x51, 0xF5, 0xD8, 0x0F, 0x28, 0x0F, 0x28, 0x4E, 0xFC, 0x60,
    0x13, 0xBF, 0xEA, 0x0E, 0xBA, 0x88, 0x83, 0x22, 0xE2, 0x01, 0x2F, 0xFF, 0xD9, 0xE5, 0x15, 0xEC,
    0xCB, 0x6A, 0xB8, 0xBA, 0xA8, 0x86, 0xF7, 0x0B, 0xF6, 0x51, 0x63, 0xDF, 0xA3, 0x4C, 0x42, 0xD6,
    0xD5, 0xE4, 0x0B, 0xF2, 0x11, 0xF9, 0x80, 0xAC, 0x06, 0xB7, 0x15, 0xCA, 0xEF, 0x7E, 0xB5, 0xF9,
    0x1B, 0x04, 0xF5, 0x97, 0x5E, 0x94, 0x47, 0x5B, 0x2A, 0xE3, 0xF3, 0xC6, 0xEE, 0xDF, 0xC7, 0xE2,
    0x4D, 0xDD, 0xD1, 0x9F, 0xB8, 0x7A, 0x00, 0xB7, 0x7B, 0xC4, 0x5F, 0xAD, 0xB3, 0x07, 0x62, 0xCA,
    0x87, 0x3C, 0x4E, 0x7F, 0xDE, 0x6F, 0x3F, 0x8B, 0x68, 0x8B, 0x7E, 0x17, 0x8A, 0x3A, 0xFB, 0x08,
    0xBE, 0xE9, 0xD1, 0x25, 0xFB, 0x18, 0xF9, 0x11, 0xC5, 0xA8, 0x3C, 0x96, 0xAD, 0xFD, 0xF2, 0x0E,
    0x4D, 0x47, 0xB6, 0xEC, 0x7A, 0xF9, 0xB4, 0x9D, 0x94, 0xAD, 0xC7, 0x70, 0xEB, 0xE3, 0xBD, 0xEF,
    0xA1, 0xA9, 0x61, 0x21, 0x8B, 0xEF, 0x1E, 0xC8, 0xE3, 0x3F, 0x0D, 0x94, 0xBF, 0x9E, 0xB0, 0xFF,
    0xAB, 0x19, 0x4F, 0x7C, 0x88, 0x4F, 0x15, 0x35, 0x5C, 0x62, 0x48, 0x1C, 0x12, 0x08, 0x2B, 0x09,
    0x2B, 0x0A, 0x2B, 0x0B, 0x2B, 0x0C, 0x2B, 0x0D, 0x2B, 0x0E, 0x2B, 0x0F, 0x2B, 0x0B, 0x49, 0x57,
    0x24, 0x3A, 0x48, 0x50, 0x12, 0x95, 0x84, 0x25, 0x71, 0x49, 0x60, 0x12, 0x19, 0x09, 0x4D, 0x62,
    0x93, 0xE0, 0x24, 0x3A, 0xEF, 0xD5, 0xA4, 0x37, 0x95, 0x03, 0xF2, 0x69, 0x3F, 0xF2, 0xB8, 0x39,
    0x92, 0x9D, 0x16, 0xF2, 0x43, 0x43, 0xD9, 0x97, 0xBD, 0x37, 0x6D, 0x46, 0x00, 0x36, 0x11, 0x71,
    0xCA, 0x6F, 0xE4, 0xF4, 0xE8, 0xD1, 0x27, 0xF9, 0x8C, 0xAF, 0x2D, 0x11, 0x31, 0x9F, 0xC9, 0x8C,
    0xDF, 0x4E, 0x96, 0x7B, 0xF7, 0xDE, 0xCD, 0x2F, 0x3F, 0x46, 0x07, 0xAA, 0x16, 0xCA, 0x1E, 0xF2,
    0xA9, 0x1A, 0xF1, 0x83, 0xB4, 0x16, 0x9D, 0x66, 0x14, 0x53, 0x83, 0x5D, 0xBB, 0xEB, 0xF9, 0x63,
    0x9B, 0xC1, 0xE5, 0xCF, 0x7B, 0x0F, 0x51, 0x44, 0xA0, 0x8A, 0x18, 0x88, 0x9F, 0xDD, 0x3F, 0xC8,
    0x17, 0xDB, 0xD9, 0xF6, 0x28, 0x5B, 0x94, 0x13, 0xA1, 0x1C, 0xE9, 0xEC, 0x06, 0xBA, 0x7A, 0xFF,
    0xD9, 0xBD, 0x7B, 0xBF, 0xD1, 0x88, 0x88, 0x2F, 0xF5, 0xE7, 0xBF, 0xE1, 0x63, 0x7F, 0x06, 0x63,
    0x37, 0x42, 0x39, 0x41, 0x71, 0x80, 0x7C, 0x81, 0x4D, 0xB4, 0xFE, 0x3E, 0xDD, 0xE9, 0xFB, 0x0B,
    0xFB, 0x88, 0x85, 0x4D, 0xC4, 0xA7, 0x78, 0xE1, 0x5D, 0x00, 0x9A, 0x1E, 0xFF, 0x72, 0x82, 0x09,
    0xD9, 0x84, 0xDD, 0xA0, 0x3C, 0xBE, 0xCE, 0x7E, 0xF9, 0x7B, 0xD2, 0x64, 0x9A, 0x77, 0xBD, 0xED,
    0x5D, 0x9A, 0x4C, 0x59, 0x8D, 0xF2, 0x88, 0x17, 0x9E, 0xC0, 0x9B, 0xF0, 0x0E, 0xF2, 0xA3, 0x2C,
    0xF2, 0x5E, 0x1E, 0x3F, 0xEE, 0x95, 0xBF, 0x98, 0xA8, 0xFE, 0xEA, 0xC8, 0xE2, 0x89, 0x6C, 0xF4,
    0x1A, 0x7C, 0xF3, 0xDF, 0x1A, 0x6F, 0xC8, 0xA3, 0x7D, 0xDF, 0x36, 0xE2, 0xA0, 0xFC, 0x6E, 0x4C,
    0xFE, 0xAE, 0x5D, 0x0B, 0x24, 0xC4, 0xFB, 0x05, 0x4D, 0x90, 0x2D, 0xFB, 0x3B, 0xB5, 0xCC, 0xBD,
    0xDA, 0x6E, 0x6B, 0xCD, 0xB1, 0xAC, 0x45, 0x84, 0x6C, 0xDA, 0x2F, 0xB2, 0x21, 0x7B, 0x08, 0xC8,
    0x02, 0x79, 0xF4, 0x94, 0x91, 0xC8, 0xF0, 0x23, 0x1F, 0x32, 0x2A, 0x6E, 0x03, 0x99, 0xED, 0x8C,
    0xF2, 0x84, 0x2A, 0x6A, 0xBA, 0xFB, 0x83, 0xCD, 0x5C, 0x4C, 0x8A, 0x69, 0x33, 0x2B, 0x5B, 0xFF,
    0x0A, 0xC0, 0x9D, 0xAF, 0x6D, 0x25, 0x14, 0x2D, 0x45, 0x8C, 0xEC, 0xFF, 0xCB, 0x81, 0xE6, 0xBB,
    0x8B, 0x6C, 0xD6, 0xD4, 0x9B, 0x51, 0xD1, 0x02, 0xDC, 0xF6, 0x42, 0x78, 0x13, 0x6D, 0x1E, 0x93,
    0xED, 0x91, 0xA3, 0xEC, 0xA8, 0x38, 0x68, 0x06, 0x1F, 0xF2, 0x36, 0x6F, 0x40, 0x15, 0x4B, 0x13,
    0xCB, 0x3E, 0x8E, 0xC2, 0xFF, 0x97, 0xC7, 0x6B, 0xF1, 0x69, 0xB3, 0xEE, 0x13, 0xDD, 0x41, 0xB7,
    0xD0, 0x50, 0x51, 0xD9, 0x2C, 0xCA, 0x83, 0xB2, 0x55, 0xB6, 0x5E, 0x00, 0x2F, 0xD4, 0x76, 0xFD,
    0xEF, 0xFB, 0xF8, 0x83, 0x1E, 0x02, 0xBC, 0xC4, 0x13, 0x82, 0xE0, 0x09, 0x2F, 0xF9, 0x63, 0x5D,
    0xDD, 0xB5, 0x5D, 0xFD, 0x26, 0xE0, 0x65, 0xCD, 0x6F, 0xF1, 0x2F, 0xD1, 0x69, 0x74, 0x6D, 0xD7,
    0x36, 0x12, 0x27, 0xB0, 0x8F, 0xCF, 0xA5, 0xEF, 0xF0, 0x91, 0x5D, 0x44, 0xCC, 0x74, 0x9F, 0xFB,
    0x8B, 0x90, 0x45, 0x2B, 0x8B, 0x3E, 0x3F, 0xA1, 0x1A, 0x8B, 0x23, 0xCA, 0xA9, 0x4C, 0xF1, 0xDD,
    0x8F, 0xA4, 0x93, 0x52, 0x36, 0xCB, 0x6A, 0xD9, 0x69, 0x35, 0xA7, 0xA6, 0x85, 0xF8, 0x1A, 0x96,
    0xDE, 0x10, 0xE7, 0x6F, 0xDF, 0x2C, 0xD7, 0xBB, 0x2E, 0x27, 0x6C, 0x8F, 0xE5, 0x11, 0xE5, 0x61,
    0xBB, 0xA0, 0x1A, 0x37, 0x51, 0x13, 0xBD, 0x35, 0x93, 0xB5, 0x7D, 0x44, 0x2C, 0x6C, 0xD3, 0x87,
    0xD7, 0xC4, 0x09, 0xDC, 0xAB, 0xE1, 0x22, 0xAC, 0x34, 0x40, 0xD4, 0xE7, 0xD6, 0x9C, 0x6D, 0x92,
    0x3D, 0x7A, 0x80, 0x7D, 0x9C, 0x10, 0x11, 0x83, 0x3C, 0xFE, 0xBA, 0x3B, 0x28, 0x8F, 0x8A, 0xD9,
    0x6E, 0xB4, 0x39, 0xA9, 0x7A, 0x42, 0xD5, 0xD2, 0xD4, 0x4D, 0x4D, 0xD5, 0x76, 0xA8, 0xFA, 0xAF,
    0xD2, 0xA6, 0x5E, 0xB5, 0xA5, 0x69, 0xAB, 0x7E, 0x2D, 0x2F, 0x06, 0x42, 0x39, 0xD9, 0x2C, 0xB6,
    0x8B, 0x72, 0xB6, 0x89, 0x9F, 0xC7, 0x44, 0x17, 0xD1, 0x53, 0x24, 0xFC, 0x2F, 0xD7, 0x5C, 0x7E,
    0xFC, 0x0A, 0x74, 0xED, 0x8D, 0x56, 0x70, 0x06, 0x32, 0xCD, 0xBB, 0x64, 0x07, 0x70, 0x35, 0x03,
    0x17, 0xB6, 0x3D, 0x80, 0x6A, 0x04, 0xEF, 0x00, 0x6F, 0x03, 0xAF, 0xF0, 0xAC, 0xE4, 0x22, 0x8B,
    0x71, 0xD5, 0x23, 0x64, 0x33, 0xF8, 0x21, 0x98, 0x61, 0x7B, 0xBC, 0x19, 0xA4, 0xBD, 0x1B, 0x7D,
    0x01, 0xB8, 0xAD, 0x71, 0x79, 0xB5, 0x05, 0x55, 0xB2, 0x27, 0x10, 0xFF, 0xFA, 0x88, 0x4D, 0xFC,
    0x74, 0x44, 0x11, 0x13, 0xEC, 0x7E, 0x3C, 0xC3, 0x87, 0x1A, 0x38, 0x28, 0x6B, 0xF0, 0x8C, 0xD0,
    0xDF, 0x0D, 0x37, 0x63, 0xD4, 0x20, 0xFA, 0xE3, 0x4D, 0xBB, 0xD5, 0x01, 0xBB, 0xD4, 0x6E, 0xA5,
    0xC2, 0x63, 0x45, 0x0B, 0xB7, 0x96, 0x7B, 0xF6, 0x31, 0x70, 0x02, 0xAA, 0x1A, 0x94, 0x7D, 0xB4,
    0xC8, 0xFF, 0x73, 0x0C, 0xB0, 0xFD, 0x75, 0xE2, 0xFE, 0x93, 0x19, 0x2A, 0x0D, 0x1C, 0x15, 0xED,
    0xB3, 0xC2, 0xBD, 0xAA, 0x61, 0xDF, 0x43, 0x31, 0x42, 0x6A, 0xBC, 0xF2, 0x7E, 0x73, 0x24, 0xB5,
    0x5E, 0xA5, 0xDE, 0xAB, 0xD4, 0x7C, 0xF5, 0x54, 0xF7, 0x15, 0xDE, 0xFB, 0x08, 0x45, 0x44, 0x4B,
    0x15, 0x71, 0x20, 0x3E, 0xBB, 0xBF, 0xC8, 0x4F, 0x36, 0x61, 0x7B, 0xA4, 0x6B, 0xCB, 0x89, 0xAA,
    0x2F, 0x47, 0x76, 0xC3, 0x6E, 0xA0, 0x1C, 0xF7, 0x3D, 0xE5, 0xF4, 0x55, 0xBA, 0x1B, 0x56, 0x1D,
    0xD9, 0x8D, 0xE5, 0xC4, 0x7E, 0x28, 0x0E, 0x54, 0x7D, 0x3E, 0xD3, 0xD5, 0x59, 0xD4, 0x79, 0xD0,
    0xFD, 0xAA, 0x9B, 0xD9, 0x47, 0x4C, 0x6C, 0x22, 0x6A, 0x2E, 0xEF, 0xCB, 0xB2, 0xB2, 0xE0, 0xAA,
    0x03, 0x4A, 0x60, 0x07, 0xB2, 0x05, 0xE2, 0x1F, 0x8C, 0xC8, 0xE3, 0x27, 0x83, 0xA7, 0x17, 0x81,
    0x0F, 0x9F, 0xC1, 0x45, 0x20, 0xAB, 0x61, 0xBB, 0x40, 0x76, 0x1F, 0x94, 0x35, 0xEC, 0xC0, 0x82,
    0xE8, 0xD7, 0x01, 0x1F, 0xEF, 0xE6, 0xB2, 0xC0, 0x55, 0xBB, 0x69, 0x51, 0x1D, 0x8B, 0x16, 0x5D,
    0x4A, 0xCE, 0x61, 0x7F, 0x82, 0x71, 0x73, 0x00, 0x80, 0xA8, 0x61, 0x13, 0x3D, 0x9E, 0xC7, 0x23,
    0xB5, 0x69, 0xA5, 0x3E, 0xAD, 0xD4, 0xA8, 0xE5, 0xF1, 0x2E, 0xF0, 0xD0, 0x47, 0x00, 0x74, 0xBD,
    0x54, 0x45, 0xA4, 0x78, 0x9C, 0x35, 0xE9, 0xE2, 0xB1, 0xED, 0x6D, 0x8F, 0x87, 0xEE, 0x1C, 0xFA,
    0x36, 0x41, 0x2F, 0xFF, 0xFB, 0x0C, 0x55, 0x7B, 0x82, 0x93, 0xAA, 0x25, 0xFB, 0x54, 0x31, 0x7C,
    0x15, 0xFB, 0xE7, 0x67, 0x0D, 0x9A, 0x1E, 0x62, 0x40, 0x1E, 0x07, 0x94, 0xBF, 0x9C, 0x49, 0x0D,
    0x5D, 0xA9, 0xA3, 0xCB, 0x65, 0x4B, 0xD7, 0x5D, 0x3F, 0xD7, 0xC8, 0x02, 0xC8, 0x97, 0x8B, 0xAF,
    0x1F, 0xBB, 0x91, 0x94, 0x1E, 0xE0, 0x09, 0xE0, 0x00, 0x40, 0xF6, 0x09, 0x56, 0x5C, 0x29, 0x41,
    0xF9, 0xBC, 0x46, 0x68, 0xC8, 0xE7, 0x94, 0xA1, 0xED, 0x21, 0x85, 0x68, 0x37, 0xA5, 0x14, 0x7D,
    0x19, 0xA3, 0x93, 0x22, 0x01, 0x75, 0x1D, 0x24, 0xD7, 0xB8, 0xAD, 0xF4, 0xF3, 0xC5, 0x75, 0x18,
    0x5C, 0xBB, 0xEB, 0xA8, 0x7C, 0x5D, 0x7F, 0xEA, 0xFD, 0xD7, 0xA9, 0x72, 0xFD, 0x77, 0x5C, 0xE7,
    0x4A, 0x99, 0xF2, 0xEC, 0x3A, 0x59, 0xAE, 0xA3, 0x25, 0x65, 0x8B, 0x35, 0x5C, 0xB3, 0x9B, 0x74,
    0xA5, 0x78, 0xA5, 0x7C, 0x5D, 0xAC, 0xB6, 0x27, 0xB0, 0x9D, 0x49, 0x7B, 0x84, 0x7D, 0x7F, 0x9E,
    0xAF, 0xC7, 0x54, 0x2D, 0x68, 0xAE, 0xAD, 0x5E, 0x83, 0xD3, 0xA5, 0xE4, 0x9C, 0x88, 0x88, 0x9F,
    0xCE, 0x6B, 0x76, 0x62, 0x0D, 0xCF, 0x36, 0x06, 0xBB, 0x51, 0x16, 0x52, 0x7C, 0x48, 0xF9, 0x91,
    0x02, 0x24, 0x25, 0xE5, 0xFF, 0x69, 0x4D, 0x7D, 0x63, 0xAD, 0x14, 0x24, 0xFB, 0x9E, 0x90, 0xA2,
    0x44, 0xB1, 0x28, 0x66, 0x29, 0x4C, 0x52, 0x9A, 0xA4, 0x38, 0x9D, 0xE5, 0xA9, 0x1A, 0x80, 0xDD,
    0x74, 0x99, 0x92, 0xCD, 0x0C, 0xE8, 0x00, 0xFB, 0x16, 0x28, 0x7A, 0xE0, 0x79, 0x4C, 0x90, 0x76,
    0x48, 0x79, 0x38, 0x4F, 0x49, 0x76, 0x22, 0xE5, 0x00, 0xEC, 0x7A, 0x70, 0x35, 0xDC, 0xE1, 0x98,
    0x00, 0xE4, 0xD1, 0x4A, 0x3E, 0x01, 0xF9, 0x01, 0xC8, 0x92, 0xDB, 0x24, 0xF7, 0xDA, 0xE4, 0x6C,
    0x79, 0xE2, 0x03, 0x97, 0xFE, 0xD2, 0xF3, 0xF8, 0x00, 0xB0, 0x89, 0x21, 0xD9, 0xC1, 0xEA, 0x47,
    0x60, 0x06, 0x8E, 0xE0, 0xB5, 0x03, 0xA8, 0x86, 0xCB, 0x0B, 0x42, 0xAA, 0x96, 0x97, 0xEE, 0x64,
    0xA6, 0x5E, 0xAC, 0x3D, 0x84, 0xEE, 0xB0, 0x19, 0x91, 0x45, 0xFC, 0xA3, 0x01, 0xF9, 0xFF, 0xEA,
    0x62, 0xE5, 0xD8, 0x97, 0x51, 0x23, 0x6F, 0xB3, 0x8F, 0x01, 0xCF, 0x33, 0x83, 0xAB, 0x34, 0x6C,
    0xCD, 0xD1, 0x84, 0x88, 0x7F, 0x37, 0xB1, 0xF9, 0xBC, 0x8B, 0x81, 0x7C, 0x2C, 0xA2, 0x65, 0xD3,
    0xFB, 0xE4, 0x8E, 0xAF, 0x35, 0xCF, 0x39, 0x3F, 0x5D, 0xE3, 0xEA, 0x00, 0x51, 0x5F, 0x7A, 0x77,
    0xB9, 0x1D, 0x77, 0x1C, 0xFE, 0xCD, 0xA1, 0x54, 0x35, 0xE8, 0xDA, 0x73, 0xAB, 0xEA, 0xCB, 0xFF,
    0xA7, 0xEC, 0xD4, 0xB4, 0x7F, 0x7B, 0x5A, 0x3D, 0xAD, 0x3D, 0xD9, 0xB2, 0x1F, 0xC8, 0xE7, 0xDD,
    0x94, 0x4E, 0x6B, 0xD8, 0x4D, 0x79, 0xD4, 0x59, 0x37, 0x66, 0xE9, 0xEE, 0x62, 0xF5, 0xE5, 0xB9,
    0xCC, 0x78, 0xD9, 0x66, 0x40, 0x0D, 0xC5, 0x04, 0xE5, 0x99, 0xA6, 0x57, 0xD4, 0xBC, 0x8C, 0x77,
    0x3B, 0xB2, 0xF9, 0x77, 0x97, 0xCD, 0xB5, 0x90, 0x5F, 0x4B, 0x6D, 0x3B, 0x37, 0xBD, 0x72, 0xAE,
    0x46, 0xCD, 0xBC, 0x8B, 0xBF, 0x59, 0xE6, 0x22, 0xE2, 0x30, 0x67, 0x11, 0xED, 0x53, 0x6D, 0x8A,
    0x59, 0x6A, 0xFF, 0x48, 0x92, 0x9E, 0xA6, 0x5F, 0x00, 0xF6, 0x47, 0xA8, 0xE2, 0x2C, 0x75, 0xE5,
    0xAA, 0xBB, 0x55, 0xBB, 0x1A, 0xDB, 0x05, 0xB6, 0x23, 0xE4, 0x03, 0x6C, 0x5A, 0xF8, 0x36, 0x60,
    0xDC, 0x46, 0xCD, 0x36, 0x46, 0x6C, 0x27, 0x6C, 0x26, 0xE4, 0x13, 0x76, 0x23, 0xA2, 0xC5, 0x0C,
    0x8F, 0x21, 0xBD, 0xED, 0x1B, 0x05, 0xBB, 0x9B, 0x5C, 0x94, 0xFF, 0x5D, 0x7B, 0x51, 0xB9, 0xE6,
    0x47, 0xA0, 0x18, 0x81, 0xB2, 0x06, 0x60, 0xF3, 0x31, 0x90, 0xCF, 0x89, 0x5A, 0x7E, 0x4C, 0x23,
    0xBA, 0x3D, 0x24, 0x2F, 0xA7, 0xE4, 0xFB, 0x61, 0xF5, 0x88, 0x36, 0xF9, 0x22, 0xF9, 0x83, 0xE4,
    0x27, 0x7F, 0x30, 0xAF, 0xBE, 0xC2, 0x13, 0x61, 0x12, 0x63, 0xCA, 0x95, 0x32, 0xC5, 0xCC, 0xEE,
    0x90, 0x8A, 0xDB, 0x6E, 0x44, 0x62, 0x4D, 0x15, 0x71, 0x82, 0xAB, 0xC4, 0xFB, 0x86, 0x78, 0xFE,
    0x7F, 0x3D, 0x2B, 0x1C, 0xCE, 0xAB, 0xFE, 0x05, 0x64, 0x23, 0xC5, 0x01, 0xC9, 0x50, 0x4E, 0x2B,
    0xF6, 0x72, 0x4A, 0xDD, 0x43, 0xC3, 0x6A, 0x4D, 0xFF, 0x85, 0x45, 0x58, 0xED, 0x98, 0xAC, 0x5D,
    0x6D, 0xF6, 0x3B, 0xD9, 0x26, 0x59, 0x7E, 0x63, 0x6B, 0x30, 0x58, 0xA3, 0xC1, 0x1A, 0x0E, 0xD6,
    0x78, 0xB0, 0x06, 0x84, 0x14, 0x11, 0x29, 0x24, 0xE4, 0x0B, 0x90, 0x85, 0x8B, 0x94, 0xD8, 0xF7,
    0x40, 0x31, 0xB9, 0x28, 0x58, 0xFD, 0x10, 0x78, 0x1E, 0x13, 0xD0, 0xF4, 0xA0, 0x1A, 0xCF, 0x53,
    0x92, 0xCF, 0xC0, 0x02, 0x54, 0x40, 0xD1, 0xDE, 0xDD, 0x98, 0x9C, 0x7F, 0x0B, 0x24, 0x8F, 0x1A,
    0xB8, 0xDF, 0x03, 0xE5, 0xA5, 0x27, 0x02, 0xE4, 0x27, 0xC9, 0xC7, 0x4B, 0xCF, 0xDA, 0xE7, 0xF1,
    0xB9, 0x38, 0xE5, 0x4E, 0x36, 0x82, 0xED, 0x74, 0x7E, 0x9E, 0x9D, 0x4F, 0x60, 0x97, 0xAC, 0x6B,
    0xC1, 0x0F, 0x25, 0x4B, 0x61, 0x7A, 0xE9, 0x2E, 0x66, 0x2A, 0xFB, 0xC8, 0x8B, 0x50, 0x44, 0xFD,
    0x26, 0xEC, 0xE2, 0xF0, 0x3D, 0xA8, 0xFE, 0x3C, 0x66, 0x78, 0x4B, 0x1C, 0xE0, 0x7D, 0xAF, 0xB6,
    0x80, 0xE7, 0x99, 0x21, 0x75, 0xA6, 0x5B, 0x7B, 0xD3, 0x59, 0xBB, 0xD3, 0x59, 0xFB, 0xD3, 0x59,
    0x3B, 0xD4, 0xA5, 0x1E, 0xF5, 0xBB, 0xBD, 0xD6, 0x3C, 0xE7, 0x0C, 0x80, 0xDA, 0xF9, 0xB2, 0x90,
    0x90, 0x26, 0xBF, 0x78, 0x5D, 0x0D, 0x70, 0xC7, 0xE1, 0xE3, 0x3B, 0x48, 0x7B, 0x44, 0xBE, 0x9C,
    0xDB, 0x66, 0x3E, 0xDF, 0x64, 0x3B, 0x43, 0x7E, 0x02, 0x81, 0x44, 0x80, 0x72, 0x38, 0x5B, 0x3C,
    0x1F, 0x03, 0x00, 0x1D, 0xB2, 0xA5, 0x69, 0xD7, 0x7C, 0x0D, 0x14, 0x87, 0x72, 0xA2, 0x9C, 0x8A,
    0x03, 0xFB, 0x21, 0x9F, 0xA9, 0xDA, 0xCD, 0x42, 0x10, 0xB2, 0x13, 0x5D, 0xBD, 0xBE, 0xD8, 0x6F,
    0x8F, 0xEC, 0x86, 0xB4, 0xF1, 0x6E, 0x60, 0x7B, 0xAC, 0x7A, 0xF2, 0xB9, 0xA9, 0xC9, 0x4E, 0x01,
    0xB1, 0x40, 0x75, 0x84, 0xFD, 0x04, 0xE5, 0xF8, 0xFB, 0xEB, 0xCD, 0xCE, 0x0E, 0x90, 0xCF, 0x67,
    0xA5, 0x7C, 0x53, 0xC3, 0xAE, 0xC7, 0x53, 0x8D, 0xF7, 0xF7, 0xF0, 0x72, 0xDD, 0xD5, 0x54, 0x7D,
    0x75, 0x73, 0x43, 0xCA, 0xEE, 0xFA, 0x86, 0x94, 0x6C, 0x51, 0x4C, 0xF2, 0x59, 0x7E, 0x5C, 0x1F,
    0xB3, 0xE2, 0x90, 0xDA, 0xF1, 0x39, 0xA5, 0x76, 0x7C, 0xFB, 0x9E, 0xAA, 0xAE, 0xFA, 0x74, 0x6F,
    0x8B, 0x5D, 0xDF, 0xA1, 0x1C, 0x4F, 0x28, 0xFE, 0xC7, 0x82, 0xFC, 0x7F, 0xCE, 0xC8, 0x7F, 0x79,
    0x44, 0x16, 0x13, 0xC4, 0x08, 0xDD, 0x70, 0x43, 0xA4, 0x6A, 0xA1, 0x03, 0x61, 0x45, 0x70, 0x73,
    0x2C, 0xC5, 0xCD, 0x80, 0x75, 0xD1, 0xAF, 0x0A, 0xCD, 0xE1, 0xCE, 0xF2, 0x02, 0x00, 0x99, 0x9B,
    0x4C, 0xEE, 0xA6, 0x1B, 0x4D, 0xAF, 0x64, 0xB7, 0x9A, 0x54, 0x4D, 0xB6, 0x14, 0x53, 0xBA, 0xA7,
    0x4B, 0x71, 0xFC, 0x42, 0xF7, 0x53, 0x31, 0xAD, 0xA4, 0xEA, 0x0B, 0x52, 0x00, 0xD5, 0x01, 0xAA,
    0x13, 0x68, 0xC0, 0xBE, 0x4E, 0x8A, 0xAC, 0x83, 0x22, 0x81, 0xEF, 0x6F, 0xF4, 0xAA, 0x86, 0x3B,
    0x4E, 0x3C, 0x8B, 0x61, 0xD5, 0x03, 0x64, 0x33, 0x38, 0xD3, 0x14, 0xF4, 0x6A, 0x80, 0x77, 0xDC,
    0xE8, 0x4B, 0xDF, 0xB2, 0x39, 0x2B, 0x7B, 0xE8, 0x15, 0xCA, 0x93, 0xB7, 0xA8, 0xE2, 0xB3, 0x99,
    0x0F, 0xEF, 0xC7, 0x81, 0xC7, 0x9B, 0x18, 0xF9, 0x81, 0x57, 0xEB, 0xBB, 0xBF, 0x26, 0xA7, 0x0B,
    0xF5, 0xCD, 0xD1, 0x94, 0x2E, 0xD3, 0xA7, 0xAB, 0xF4, 0xE9, 0x22, 0x7D, 0xBA, 0x46, 0x0F, 0xDF,
    0x32, 0xB2, 0xFF, 0x07, 0xD5, 0x5A, 0x31, 0x8C, 0xDE, 0x48, 0x15, 0xFE, 0x6C, 0x5F, 0xD6, 0xA7,
    0x58, 0x68, 0x28, 0xB2, 0x88, 0x04, 0x09, 0x5F, 0x7B, 0x29, 0xE2, 0x16, 0xA1, 0xDB, 0x9D, 0x11,
    0xF4, 0x62, 0x8B, 0xDB, 0xA3, 0xA0, 0x48, 0x03, 0x05, 0x29, 0x08, 0x35, 0xCA, 0xAD, 0x47, 0xA1,
    0x17, 0x91, 0x90, 0xA8, 0x53, 0xDC, 0x51, 0xEC, 0x15, 0xD7, 0x50, 0xA4, 0x48, 0xD6, 0x73, 0xF4,
    0x85, 0x4F, 0x08, 0x51, 0xD0, 0x18, 0x71, 0x07, 0x05, 0xCD, 0x14, 0x0E, 0x38, 0xC1, 0xFF, 0x3F,
    0xBC, 0x4F, 0xE3, 0xDF, 0xFE, 0x37, 0xBB, 0x09, 0x7B, 0xB9, 0x44, 0x07, 0xEF, 0xB7, 0xBF, 0xF7,
    0x66, 0xFC, 0xBD, 0xF7, 0xE6, 0x8D, 0x27, 0x9E, 0xFF, 0xF7, 0x06, 0x5F, 0x07, 0x1E, 0x00, 0x37,
    0x80, 0xC2, 0x86, 0xD0, 0x3D, 0xFD, 0xC8, 0x79, 0x05, 0xFF, 0x0E, 0xFC, 0xCF, 0xE1, 0xF1, 0xCA,
    0x8E, 0x03, 0x00, 0x06, 0x69, 0x27, 0x49, 0x98, 0xAA, 0x09, 0x7E, 0xFF, 0x98, 0x79, 0x32, 0xE7,
    0xD1, 0x7A, 0xBC, 0xD2, 0x54, 0x75, 0x18, 0xEA, 0x30, 0xCA, 0xB1, 0x7B, 0xF8, 0xEE, 0xB6, 0xBD,
    0x7B, 0x28, 0x62, 0xEA, 0x20, 0xE2, 0x22, 0x5E, 0x3F, 0x16, 0xB1, 0xB4, 0xFD, 0x02, 0xA4, 0x49,
    0x8C, 0x49, 0xC6, 0xF3, 0x2C, 0x52, 0x28, 0x8C, 0x7F, 0x31, 0xDE, 0x4F, 0x71, 0xCD, 0x3C, 0x42,
    0x69, 0xFF, 0xD7, 0x4F, 0x88, 0x68, 0xCE, 0xC2, 0x02, 0x98, 0x85, 0xE5, 0x1C, 0xCC, 0x17, 0xE2,
    0x44, 0xE1, 0x41, 0x32, 0x64, 0x7D, 0xEE, 0x0B, 0xAF, 0xBA, 0xB2, 0xD5, 0x4E, 0xBB, 0xDA, 0xED,
    0x9A, 0x7C, 0x28, 0x06, 0xD5, 0x2B, 0xCF, 0xBE, 0xCA, 0x69, 0xA3, 0x71, 0x84, 0x2B, 0x28, 0x7A,
    0xF6, 0x29, 0xCF, 0x3E, 0x6D, 0xD9, 0xFB, 0x3E, 0xDE, 0x45, 0x6D, 0x6B, 0xF1, 0xAA, 0xDA, 0xB2,
    0x55, 0x5D, 0xE1, 0x33, 0x9F, 0xF6, 0xC9, 0x20, 0xDD, 0xBF, 0x4B, 0xFA, 0xA4, 0xCF, 0x3C, 0x3F,
    0x12, 0x5D, 0xAE, 0xA8, 0x96, 0xD1, 0x62, 0x0E, 0x7E, 0xE8, 0xD7, 0xD8, 0x5D, 0x73, 0x88, 0xBC,
    0x2F, 0x7A, 0xC9, 0xE7, 0xE3, 0xA7, 0xEC, 0x54, 0x27, 0xD1, 0x5C, 0xE5, 0x36, 0x59, 0x98, 0xFD,
    0x08, 0x8F, 0x70, 0x45, 0xC2, 0x0A, 0xD3, 0xAB, 0x7E, 0x8B, 0xD7, 0x46, 0x5E, 0x64, 0xD6, 0xD0,
    0x38, 0x91, 0x51, 0x8D, 0xC2, 0xE4, 0xC8, 0x1A, 0xC3, 0x1C, 0x92, 0x8B, 0x1C, 0x47, 0x2E, 0xC7,
    0xC0, 0x5A, 0x33, 0x2F, 0x63, 0x95, 0xF1, 0x25, 0x43, 0xEA, 0x85, 0x7A, 0x80, 0x9D, 0x0F, 0x00,
    0x19, 0xC9, 0x06, 0x32, 0x7F, 0x16, 0xD2, 0x0E, 0xB8, 0xFE, 0xDE, 0xE7, 0xB7, 0xB8, 0xE2, 0x42,
    0x84, 0xEF, 0xB2, 0xC9, 0x0B, 0x58, 0x80, 0xE4, 0x2F, 0x06, 0x4C, 0x79, 0x3E, 0x14, 0xC3, 0x06,
    0xE2, 0xF8, 0x68, 0x65, 0xFD, 0x0C, 0xCB, 0xD0, 0x04, 0x0E, 0x53, 0xBF, 0x6B, 0x9A, 0x10, 0x82,
    0x23, 0xB8, 0xA3, 0xDF, 0xFE, 0xF3, 0x63, 0x87, 0xF4, 0x99, 0x6C, 0x7D, 0x8C, 0x42, 0x38, 0x3F,
    0xCA, 0x4F, 0xBE, 0xE7, 0xDF, 0xB3, 0x4B, 0x94, 0x5F, 0xFC, 0xE6, 0xF1, 0x47, 0xF6, 0x6C, 0x94,
    0xB3, 0xA1, 0x0E, 0xA0, 0xD6, 0xD0, 0xC1, 0xD6, 0x74, 0x6C, 0x43, 0xE0, 0x21, 0x86, 0x34, 0xAB,
    0x60, 0xC8, 0x00, 0xBE, 0x03, 0x68, 0x0B, 0xDD, 0x0B, 0xCD, 0x68, 0x2E, 0xC2, 0x95, 0x0E, 0x9D,
    0x0E, 0x60, 0x8F, 0x95, 0xAB, 0x51, 0x4A, 0xA7, 0x3D, 0x3F, 0x55, 0xB7, 0x63, 0x40, 0xD1, 0x06,
    0x2B, 0x04, 0x97, 0x06, 0x81, 0x2C, 0x98, 0x40, 0x68, 0x6C, 0x12, 0x70, 0x15, 0xF8, 0x31, 0x80,
    0x89, 0x94, 0xAC, 0x90, 0x7B, 0x5E, 0x84, 0x1A, 0x4F, 0xAB, 0xC6, 0xA6, 0x6B, 0x14, 0x3D, 0xE9,
    0x48, 0xEE, 0x91, 0x1B, 0x1C, 0x3F, 0x8D, 0x95, 0x2E, 0x20, 0x04, 0xFF, 0xF4, 0xF8, 0x9E, 0x07,
    0x5E, 0xF9, 0x71, 0x80, 0x29, 0xFE, 0xAD, 0x63, 0x69, 0xBD, 0x96, 0x0C, 0xC7, 0xC7, 0xF7, 0x25,
    0xFE, 0xB9, 0xC7, 0xAB, 0xAD, 0x24, 0x26, 0x7A, 0xA6, 0xFB, 0xF1, 0xE1, 0xC1, 0xEB, 0x49, 0xF4,
    0xEC, 0x85, 0xC3, 0xC3, 0x57, 0x5F, 0xD1, 0xB6, 0xA4, 0xC1, 0x02, 0xCA, 0x82, 0xA2, 0x98, 0xBD,
    0x32, 0xA0, 0x54, 0x7F, 0x1F, 0x81, 0x3A, 0x72, 0x34, 0x56, 0xE0, 0x41, 0x39, 0x42, 0x8D, 0x64,
    0x8C, 0xF6, 0x23, 0x68, 0x64, 0x7D, 0xB4, 0x47, 0xB1, 0x8B, 0x6E, 0x63, 0x57, 0x46, 0xB9, 0xC5,
    0xAE, 0xEC, 0x62, 0x6B, 0x2C, 0xF6, 0xA3, 0xD9, 0xD6, 0x31, 0x64, 0x8C, 0x99, 0xF5, 0xD5, 0x0A,
    0x49, 0xE8, 0x24, 0x97, 0xCE, 0xA5, 0x7A, 0x93, 0x07, 0x46, 0x3F, 0x51, 0x9F, 0xAE, 0x6F, 0x3B,
    0xF5, 0xB7, 0x35, 0xAA, 0xDF, 0x8F, 0xE5, 0x2F, 0xFB, 0xA2, 0x2B, 0x9D, 0x86, 0x0A, 0x83, 0xE6,
    0xA3, 0x56, 0x9B, 0xCA, 0x64, 0xA1, 0x3D, 0xC9, 0xBB, 0xAC, 0xD7, 0x28, 0x2D, 0x0E, 0x31, 0x16,
    0x6D, 0x2A, 0x36, 0x47, 0x92, 0xF6, 0x62, 0x0F, 0x35, 0x68, 0xE7, 0xBE, 0x68, 0x93, 0xE1, 0x08,
    0xB4, 0x55, 0xBB, 0xD8, 0xA5, 0x5B, 0x38, 0xDA, 0x2C, 0xBE, 0x47, 0xC8, 0xBB, 0x34, 0xC6, 0xC4,
    0x08, 0xE6, 0xD2, 0x9C, 0xA4, 0x74, 0x00, 0x1F, 0xF0, 0xA5, 0xD5, 0x10, 0x03, 0xC9, 0xAA, 0x6C,
    0xD5, 0x5F, 0xD6, 0x00, 0x27, 0x21, 0x04, 0xCB, 0x31, 0x4B, 0x48, 0xA0, 0x5A, 0x23, 0xD9, 0xEC,
    0x45, 0xC9, 0x01, 0xB0, 0x8B, 0xB3, 0xD2, 0x74, 0xF1, 0x11, 0x34, 0x49, 0x16, 0x56, 0x90, 0xA4,
    0x73, 0xBB, 0x78, 0x1A, 0xC0, 0xA1, 0x44, 0xE1, 0xA8, 0xB5, 0x45, 0x9C, 0x54, 0x8A, 0x98, 0x92,
    0x48, 0x63, 0x16, 0xCD, 0xD9, 0x7F, 0x74, 0xAA, 0xDD, 0x62, 0xDC, 0x6A, 0xA3, 0x68, 0xB3, 0xFE,
    0x54, 0xBB, 0xCB, 0xFD, 0xE9, 0xB6, 0x72, 0xA7, 0xDB, 0xA5, 0x3D, 0x1D, 0x4F, 0xE3, 0x74, 0xFB,
    0x24, 0x0B, 0x16, 0xE5, 0x0A, 0x68, 0x3C, 0x2A, 0xAB, 0xDC, 0x58, 0x06, 0x8F, 0x26, 0xD8, 0x2C,
    0x8C, 0x28, 0x5D, 0x75, 0xB7, 0xD7, 0xFF, 0x18, 0x93, 0xD0, 0xB4, 0x4A, 0x6A, 0x51, 0x8F, 0x9B,
    0xEF, 0xFB, 0x1A, 0xAB, 0x6C, 0x28, 0x7C, 0xE9, 0xB4, 0xC9, 0xC2, 0x5A, 0xB5, 0x2B, 0x9C, 0xC8,
    0xDC, 0xF6, 0xAC, 0x05, 0x61, 0x28, 0xDD, 0x88, 0x5A, 0xE6, 0x7D, 0x60, 0x2D, 0xD8, 0x35, 0xDA,
    0x8C, 0xD0, 0x05, 0xDB, 0x71, 0x22, 0x8E, 0x12, 0xB6, 0xDB, 0x64, 0x94, 0x76, 0x0B, 0x60, 0x64,
    0xFB, 0x07, 0x73, 0x3B, 0x1D, 0x4E, 0xB7, 0x33, 0x7F, 0x9A, 0x5F, 0xB4, 0x58, 0xE2, 0xB5, 0x60,
    0xCC, 0xED, 0x7C, 0xF1, 0xC9, 0xDB, 0xCC, 0xE3, 0x41, 0x0D, 0x70, 0xBC, 0x7D, 0xCE, 0xF1, 0x5A,
    0xC8, 0x45, 0xE8, 0x3F, 0x8D, 0xC9, 0xFA, 0x76, 0xA7, 0x1E, 0x07, 0x20, 0x19, 0x80, 0x32, 0xF4,
    0x68, 0xF8, 0xDC, 0x5D, 0x31, 0x1D, 0x90, 0x87, 0x96, 0xF7, 0x1E, 0xD2, 0x1D, 0xE5, 0xDD, 0x78,
    0xFF, 0x2F, 0x19, 0x30, 0x65, 0xE5, 0x98, 0xE4, 0x04, 0x18, 0x91, 0xF6, 0x74, 0x28, 0x1C, 0x94,
    0x45, 0x05, 0xEC, 0x81, 0x84, 0x4A, 0x6C, 0x57, 0x1B, 0x21, 0xAD, 0x81, 0x93, 0x64, 0x14, 0x62,
    0xD6, 0x0B, 0x35, 0xF7, 0x42, 0x56, 0x4E, 0xE8, 0xA5, 0x15, 0x07, 0x0D, 0x54, 0x78, 0x9F, 0x4E,
    0xC3, 0xE4, 0x56, 0x83, 0x8E, 0xF4, 0x12, 0xD7, 0x64, 0xA4, 0x33, 0x3D, 0x31, 0x72, 0xF4, 0x0C,
    0x40, 0x6F, 0x86, 0x10, 0x7F, 0x06, 0xD1, 0x60, 0x18, 0xC6, 0x60, 0xA0, 0x01, 0x0C, 0x95, 0x78,
    0x69, 0x59, 0x94, 0x2D, 0x0A, 0x0F, 0x71, 0x66, 0x18, 0x96, 0x0C, 0x54, 0x86, 0x73, 0x95, 0xB7,
    0x48, 0x7D, 0x65, 0x1F, 0x41, 0x28, 0x0D, 0x84, 0xA4, 0xAD, 0xD0, 0x4A, 0x27, 0x44, 0x2E, 0xFF,
    0x15, 0xEB, 0xD7, 0xC9, 0x40, 0xFA, 0xC8, 0xC9, 0xDD, 0x87, 0xB8, 0x54, 0x10, 0x27, 0x65, 0xC5,
    0x2D, 0xEB, 0xE9, 0x97, 0x8E, 0xA0, 0xE3, 0x0A, 0xF4, 0x6C, 0x40, 0x57, 0x6D, 0xE8, 0x5B, 0x3A,
    0x3A, 0x17, 0x2D, 0xBD, 0x33, 0x4F, 0xF7, 0xA4, 0x07, 0xFD, 0x47, 0x30, 0xC0, 0x1E, 0x60, 0x80,
    0xAC, 0x03, 0xB8, 0x66, 0x15, 0xA7, 0xFE, 0x0E, 0xB0, 0x2F, 0x39, 0xEE, 0x94, 0xC0, 0xA0, 0x6C,
    0xE2, 0x73, 0x97, 0x75, 0x59, 0x97, 0xBB, 0x44, 0xE8, 0x18, 0x4A, 0xB9, 0xB2, 0x2F, 0x0C, 0x24,
    0xE2, 0xD2, 0x41, 0x79, 0x68, 0x87, 0x80, 0x74, 0xC5, 0xFD, 0xBB, 0xEC, 0xD8, 0xD2, 0x4E, 0x0C,
    0x69, 0xB2, 0x13, 0x01, 0x6C, 0x2B, 0x4F, 0x72, 0x42, 0xA7, 0x6A, 0xD3, 0x91, 0x0D, 0x48, 0xD6,
    0x40, 0x63, 0xA6, 0x36, 0x43, 0xB5, 0xD2, 0x94, 0xCE, 0x6C, 0x88, 0x81, 0x49, 0xBE, 0x84, 0x59,
    0xDE, 0x88, 0x0F, 0x01, 0x73, 0x03, 0x64, 0x66, 0xAD, 0xB6, 0xD0, 0x1C, 0x82, 0xEA, 0x50, 0xB5,
    0x42, 0x17, 0xB7, 0xCB, 0x86, 0x19, 0xD7, 0x00, 0xB2, 0x11, 0x10, 0x02, 0x03, 0x41, 0x08, 0x8C,
    0xC6, 0xB8, 0xBC, 0x4C, 0x02, 0x2F, 0x93, 0xC0, 0xCB, 0x24, 0xF0, 0x32, 0x09, 0xBC, 0x5C, 0x03,
    0x81, 0x0F, 0xA7, 0x60, 0x51, 0x7B, 0x14, 0x43, 0x60, 0x1E, 0x14, 0x63, 0x63, 0x10, 0x06, 0x69,
    0xBF, 0x8D, 0x6C, 0xB5, 0x46, 0x72, 0x9F, 0xC1, 0x6B, 0x0B, 0x30, 0x78, 0xD9, 0x51, 0x07, 0x96,
    0x0D, 0x06, 0x67, 0x69, 0xBC, 0xE1, 0x20, 0xA1, 0x72, 0x00, 0x09, 0x0D, 0x40, 0x42, 0x2A, 0x97,
    0x49, 0x28, 0x3C, 0xAF, 0xD4, 0x56, 0x40, 0xB7, 0x42, 0xD0, 0x60, 0x9E, 0xBC, 0x7B, 0x13, 0xAC,
    0x27, 0xB1, 0x00, 0xEB, 0x61, 0x08, 0xD5, 0x37, 0x4E, 0x4E, 0xD1, 0x75, 0x3C, 0x7D, 0x3C, 0x0B,
    0x5F, 0x1B, 0xB9, 0xEF, 0xA7, 0xCE, 0xDC, 0x6B, 0xCC, 0x67, 0xB7, 0x9C, 0x59, 0x57, 0xC5, 0xB3,
    0xE5, 0x79, 0x0D, 0xA9, 0xC5, 0x96, 0x88, 0x6F, 0x17, 0x9C, 0x1A, 0x82, 0x2B, 0x79, 0x0E, 0xCC,
    0x75, 0x95, 0x63, 0xA0, 0x24, 0x4D, 0xB0, 0xA8, 0x42, 0x18, 0xA0, 0xC3, 0x9F, 0xD7, 0xF8, 0x76,
    0xE5, 0x1A, 0x03, 0x7E, 0x63, 0x16, 0x50, 0x13, 0x94, 0x5B, 0x50, 0x12, 0xB4, 0x15, 0x68, 0x80,
    0xF2, 0xEE, 0x0A, 0x50, 0xBF, 0xEA, 0x05, 0x1A, 0x27, 0xB0, 0x86, 0xC0, 0x40, 0xF0, 0x84, 0x8E,
    0xD0, 0x12, 0x9C, 0xC0, 0x8E, 0xC5, 0x19, 0xD9, 0x31, 0x88, 0xD3, 0x87, 0xCA, 0x4F, 0x10, 0x9B,
    0x89, 0x89, 0xBF, 0x46, 0xE2, 0xCF, 0x91, 0xE0, 0x23, 0xC6, 0x9E, 0x37, 0x01, 0xAE, 0x9D, 0x3D,
    0x2A, 0x85, 0x92, 0xEA, 0x06, 0x0A, 0xA6, 0x78, 0x88, 0xCC, 0x73, 0x13, 0x03, 0x56, 0x40, 0xD9,
    0x02, 0xD5, 0x67, 0x3B, 0xC1, 0x00, 0x39, 0xEB, 0x13, 0xB9, 0xBD, 0x36, 0x8B, 0x9A, 0x3A, 0x75,
    0xA4, 0x44, 0x87, 0xE8, 0x1E, 0x83, 0xDD, 0xD9, 0x84, 0x9E, 0x12, 0xC5, 0xB4, 0x84, 0x07, 0x00,
    0x7A, 0x21, 0xFA, 0xE9, 0x9F, 0x17, 0x4B, 0xB7, 0x00, 0xE9, 0x1A, 0x00, 0xF9, 0x0F, 0xCF, 0xA1,
    0xB8, 0x69, 0xA3, 0x6B, 0x01, 0xED, 0x85, 0xD2, 0x03, 0xC3, 0x03, 0x24, 0xFE, 0x1D, 0xA1, 0xEC,
    0x0B, 0xA5, 0x14, 0x8A, 0x32, 0xCA, 0x14, 0x8E, 0x77, 0x71, 0x8F, 0x8E, 0x94, 0xEB, 0x16, 0xB3,
    0x54, 0xEE, 0x7C, 0xBB, 0x7C, 0x8E, 0xAD, 0x66, 0xFB, 0xB2, 0x51, 0x76, 0xC7, 0x4C, 0xBD, 0x4F,
    0xD4, 0xDD, 0x60, 0x27, 0x3B, 0x88, 0x4C, 0xAC, 0x72, 0xB6, 0x59, 0x69, 0xFD, 0x38, 0xD2, 0x29,
    0x8D, 0x9F, 0xCD, 0x64, 0x35, 0xCE, 0x76, 0xD6, 0xAF, 0x97, 0x54, 0xBE, 0x9E, 0xF9, 0x55, 0xA7,
    0xE7, 0xC4, 0xB5, 0xAB, 0x66, 0x67, 0x6D, 0x55, 0x87, 0x49, 0x72, 0x73, 0x79, 0x13, 0x7C, 0xF2,
    0x7F, 0xD6, 0xAE, 0x41, 0x29, 0x9E, 0x63, 0xC7, 0x7D, 0x5F, 0xCF, 0xF6, 0x1E, 0xF6, 0xF1, 0x33,
    0x64, 0xF7, 0xF2, 0x76, 0xA7, 0xD5, 0x4F, 0xF6, 0xBF, 0xB5, 0x46, 0x16, 0x7E, 0xFD, 0x29, 0x7F,
    0x3E, 0x88, 0x20, 0x17, 0x88, 0xF6, 0x7A, 0xB2, 0x91, 0xC4, 0x52, 0xCB, 0x41, 0x20, 0x0D, 0x2D,
    0x6D, 0x3D, 0x32, 0xD8, 0xBF, 0x3C, 0xED, 0x93, 0x86, 0x03, 0xF9, 0x03, 0x7B, 0x92, 0x51, 0x5B,
    0x40, 0x7F, 0x12, 0x9F, 0x3D, 0xBC, 0x7F, 0x8D, 0x0D, 0x06, 0xE0, 0xCF, 0x4C, 0x09, 0x83, 0x9A,
    0x77, 0xD5, 0x17, 0xDC, 0x43, 0xA0, 0x0D, 0xA6, 0x6F, 0x0D, 0x6F, 0xE2, 0x0A, 0x44, 0x6C, 0x6A,
    0xB0, 0xFD, 0x92, 0x02, 0xAC, 0xC3, 0x12, 0x2B, 0xBB, 0x54, 0xB0, 0x22, 0x24, 0x03, 0x31, 0xF3,
    0x20, 0xA5, 0x5B, 0xEE, 0x9F, 0x36, 0xC4, 0x23, 0x50, 0x46, 0x42, 0xDA, 0x13, 0x73, 0xBF, 0x50,
    0xCA, 0xAD, 0x58, 0x8F, 0x08, 0xC9, 0x78, 0xD1, 0x58, 0x5B, 0x49, 0x55, 0x7B, 0x6E, 0x2C, 0x34,
    0xA1, 0x8D, 0xC7, 0x09, 0x70, 0xA1, 0xE3, 0x25, 0x5C, 0x0E, 0x4D, 0xE4, 0xDF, 0x3A, 0xBE, 0x37,
    0xFF, 0x3C, 0xDC, 0xBD, 0xD9, 0x42, 0x5D, 0xE0, 0x28, 0x49, 0x8E, 0x07, 0xD4, 0x85, 0x8E, 0xC3,
    0xDB, 0x13, 0xFF, 0xF8, 0xD8, 0x82, 0xB2, 0xF5, 0x2C, 0xEC, 0xE5, 0x0C, 0x3D, 0x57, 0x09, 0x74,
    0x08, 0xAB, 0x42, 0x0C, 0xA7, 0xEF, 0xED, 0x84, 0xEC, 0x09, 0xEA, 0xEE, 0x0A, 0x50, 0xDF, 0x35,
    0x71, 0x85, 0x6A, 0x37, 0xFD, 0x08, 0xAF, 0xE2, 0x06, 0xF4, 0xAC, 0xC1, 0x4B, 0xDA, 0x4E, 0x37,
    0xAA, 0x31, 0x00, 0xBD, 0xD2, 0x35, 0x7B, 0x5B, 0x80, 0xEB, 0x05, 0xC1, 0xC4, 0xA7, 0x5E, 0xBE,
    0x62, 0xC3, 0x02, 0x65, 0x1F, 0x29, 0x31, 0x38, 0x43, 0x85, 0xCD, 0xA3, 0x74, 0x35, 0xDD, 0xC4,
    0x64, 0x98, 0x8C, 0xB4, 0x5F, 0x8C, 0xB8, 0x9F, 0x70, 0xE3, 0x7A, 0x91, 0x94, 0x24, 0xD3, 0x5D,
    0xC7, 0x9C, 0xD1, 0x28, 0xD6, 0x1B, 0x83, 0x3D, 0x55, 0xC7, 0x55, 0xBE, 0x79, 0x38, 0xDF, 0x3F,
    0x3D, 0x3B, 0xB5, 0xE5, 0xDC, 0xA0, 0x76, 0x9C, 0x19, 0x51, 0x9C, 0x17, 0x51, 0x9C, 0x15, 0x5B,
    0x5B, 0x70, 0xD8, 0x54, 0xA8, 0x9C, 0x3E, 0xAB, 0xB4, 0xD5, 0x06, 0x9C, 0x09, 0x51, 0x2C, 0x92,
    0xAA, 0x18, 0xA9, 0x38, 0x07, 0x54, 0xDC, 0x8E, 0x63, 0xFD, 0x3A, 0x56, 0xAF, 0x63, 0xED, 0x15,
    0xEB, 0x3C, 0xA3, 0x62, 0xCD, 0xD7, 0x9E, 0x5F, 0x2B, 0x63, 0xB2, 0xAE, 0xC6, 0x81, 0x2A, 0xCC,
    0x8A, 0x35, 0xD6, 0x0E, 0xAC, 0xF0, 0x2A, 0x26, 0xA9, 0xED, 0x4E, 0x58, 0x1B, 0xE1, 0xD6, 0x7C,
    0x3A, 0x34, 0x36, 0x84, 0x30, 0xB2, 0x2A, 0x53, 0xAC, 0x44, 0xBD, 0x05, 0x04, 0x51, 0xE4, 0x45,
    0xA5, 0x4D, 0x6D, 0xA8, 0x58, 0x0C, 0x3B, 0x63, 0x69, 0xA0, 0x4A, 0x62, 0x69, 0xF9, 0x08, 0x0D,
    0xF0, 0x8E, 0x52, 0xD5, 0x2D, 0x55, 0x12, 0x62, 0x69, 0x63, 0x2C, 0xCD, 0x53, 0xC5, 0x5D, 0x41,
    0x0E, 0x43, 0xC5, 0x8E, 0x49, 0xB1, 0xB4, 0xEB, 0x78, 0x8E, 0x68, 0x13, 0x67, 0xCC, 0xB1, 0x3A,
    0xAA, 0xD0, 0xCE, 0xAD, 0xC6, 0xB2, 0x3A, 0x5C, 0xE5, 0x31, 0xED, 0xA3, 0x68, 0x82, 0x88, 0x89,
    0xC8, 0x9E, 0x06, 0x94, 0x35, 0x21, 0x1D, 0x89, 0x5C, 0xC9, 0x9C, 0xED, 0x65, 0x6F, 0xD1, 0x96,
    0x18, 0xE2, 0x53, 0x9F, 0x98, 0x0D, 0xCB, 0x53, 0xB8, 0x6C, 0x89, 0xDA, 0x11, 0x1B, 0x33, 0xC7,
    0xCA, 0xB6, 0x63, 0x79, 0x62, 0x45, 0x62, 0x9C, 0x33, 0x79, 0x1D, 0xFB, 0x21, 0xA0, 0x03, 0x27,
    0x58, 0x7F, 0xC4, 0xF9, 0xDD, 0x4B, 0xF8, 0x44, 0x26, 0x06, 0x43, 0x0C, 0x6E, 0x0B, 0xDB, 0x0B,
    0xE3, 0xB6, 0x97, 0x25, 0x06, 0x10, 0x57, 0x20, 0xF6, 0x82, 0xFF, 0x5E, 0x1B, 0x41, 0x0F, 0xBC,
    0x46, 0xBC, 0x82, 0x03, 0x50, 0xF8, 0x12, 0x1A, 0xB7, 0x39, 0x9E, 0x34, 0x10, 0x8B, 0x10, 0x9E,
    0xDC, 0x74, 0xA5, 0x0C, 0xA4, 0x70, 0x7A, 0x0B, 0xEB, 0x40, 0x6C, 0x2E, 0x80, 0xF5, 0x82, 0x93,
    0x6F, 0x15, 0x88, 0x4A, 0x22, 0xFF, 0xC8, 0x65, 0x71, 0xDB, 0xAE, 0x89, 0x48, 0x24, 0x3B, 0xEF,
    0xEF, 0x01, 0xC0, 0x0E, 0x0B, 0x62, 0x8F, 0xA3, 0x1F, 0x72, 0x36, 0xEE, 0x70, 0x40, 0x11, 0x0D,
    0x31, 0xB8, 0x33, 0xD8, 0x9E, 0xC5, 0xE7, 0x30, 0x6D, 0x8C, 0xC6, 0xC8, 0x6B, 0x30, 0xCB, 0x00,
    0x62, 0x0B, 0xC9, 0xCE, 0x5D, 0x0E, 0xB7, 0xCC, 0xB2, 0x36, 0x6A, 0x2C, 0xA8, 0x67, 0x7C, 0x5B,
    0xF0, 0x1A, 0xF4, 0x67, 0xFB, 0x79, 0x00, 0x57, 0xC5, 0x06, 0xB1, 0x1B, 0xFE, 0x08, 0x4C, 0x3B,
    0x74, 0xC6, 0xFD, 0x18, 0xEA, 0xAF, 0x83, 0x60, 0xF5, 0xC9, 0x8A, 0x61, 0x6C, 0x10, 0x0C, 0xA6,
    0xE6, 0x52, 0x87, 0xB6, 0xC0, 0xD7, 0xF0, 0x4D, 0x4C, 0xA2, 0xAC, 0xF6, 0x9A, 0x9F, 0xEE, 0xB2,
    0xC5, 0x73, 0xA4, 0x6A, 0xCB, 0x8E, 0x6F, 0x88, 0xF3, 0x3E, 0xEB, 0x33, 0xFE, 0x04, 0x1E, 0xF9,
    0xF2, 0xF8, 0x4B, 0x7E, 0x31, 0xFC, 0x3F, 0x93, 0x2F, 0xFD, 0x2D, 0xFA, 0xAB, 0xB9, 0xBD, 0x94,
    0xAF, 0x34, 0x3B, 0xBB, 0x86, 0xC6, 0x25, 0x72, 0x66, 0x7D, 0xED, 0x72, 0x5F, 0x99, 0xA2, 0x9B,
    0xBE, 0xDD, 0x5B, 0x40, 0x9B, 0x98, 0xFD, 0x04, 0xC0, 0x08, 0x24, 0x63, 0xFC, 0x1E, 0xC0, 0x19,
    0x9D, 0x69, 0xEE, 0xBF, 0xD3, 0xDA, 0xE4, 0x7E, 0xE9, 0xF2, 0x51, 0x62, 0x8F, 0x1A, 0xC5, 0x78,
    0x12, 0x9F, 0xAB, 0x07, 0xB8, 0xF4, 0x21, 0x28, 0x57, 0xD0, 0x84, 0x27, 0x34, 0xF6, 0xF2, 0x10,
    0x68, 0xE1, 0x61, 0xF9, 0xF9, 0x7B, 0xB4, 0xB2, 0x41, 0x03, 0x3B, 0x21, 0xAC, 0x1B, 0x7F, 0x07,
    0x00, 0x2F, 0xDB, 0x07, 0x64, 0x7E, 0x23, 0x0C, 0x38, 0x2B, 0x75, 0xB8, 0x27, 0x58, 0x84, 0xC0,
    0xF0, 0xBA, 0x4D, 0x38, 0xA1, 0x2B, 0x70, 0x0C, 0x59, 0x07, 0x24, 0x3D, 0x0A, 0xBB, 0xAC, 0xF8,
    0x6A, 0xB3, 0x5A, 0xDE, 0xA0, 0x22, 0x44, 0xA9, 0x16, 0xB4, 0x15, 0xDE, 0x12, 0xD7, 0x0A, 0xA3,
    0x8C, 0xA4, 0xE2, 0x7E, 0xB1, 0xAE, 0xB8, 0xA5, 0xE8, 0x8F, 0x39, 0x93, 0x2A, 0xAC, 0x39, 0xE7,
    0x1C, 0x49, 0x13, 0x44, 0xDA, 0x10, 0x88, 0xD1, 0x8E, 0xFD, 0x91, 0x23, 0xFC, 0xDA, 0x4E, 0xBE,
    0x31, 0x4E, 0x8C, 0x99, 0x30, 0xFE, 0x76, 0xC6, 0x45, 0x2E, 0xCD, 0xDB, 0x51, 0xDD, 0x4E, 0x10,
    0x9B, 0x97, 0x71, 0x51, 0xA9, 0x8D, 0x40, 0x43, 0x9F, 0x40, 0x68, 0x6C, 0xDC, 0x82, 0x5F, 0x24,
    0x17, 0x19, 0x01, 0x63, 0xA8, 0xB6, 0x32, 0x27, 0xE9, 0x80, 0xCA, 0x35, 0xC9, 0x98, 0x7B, 0x68,
    0xB3, 0xCA, 0x06, 0x29, 0xEE, 0x24, 0x95, 0x56, 0xE9, 0x30, 0x66, 0x5E, 0xB5, 0xDA, 0xA4, 0x7C,
    0x5B, 0x6B, 0x8F, 0x20, 0x2D, 0xA7, 0x31, 0xA2, 0x70, 0x95, 0x79, 0x3F, 0xE9, 0xA1, 0xEC, 0x3E,
    0x29, 0xA8, 0xF0, 0x90, 0x6F, 0x6D, 0xB0, 0x87, 0x3E, 0xEB, 0x94, 0x9D, 0xB3, 0x4E, 0x99, 0x28,
    0xF5, 0x46, 0xB7, 0x5B, 0xFD, 0x17, 0x28, 0xE4, 0xC2, 0x33, 0xC4, 0x62, 0x1A, 0x47, 0x5D, 0xF9,
    0x30, 0xE9, 0xC6, 0x52, 0x97, 0xFE, 0x3A, 0x28, 0x3B, 0x16, 0x2F, 0x2F, 0x17, 0xAE, 0x67, 0x59,
    0x83, 0x89, 0xA9, 0x2D, 0xB5, 0xF2, 0x71, 0x5C, 0x65, 0x1F, 0x26, 0xBD, 0xE9, 0xBF, 0x0A, 0x4A,
    0x6A, 0xF1, 0xF2, 0x72, 0xF9, 0xD9, 0x71, 0xB5, 0x67, 0xC7, 0xF5, 0xA5, 0x37, 0x82, 0xA9, 0x1E,
    0xC4, 0x71, 0x97, 0xD3, 0x3C, 0x6B, 0x1F, 0xA2, 0x9E, 0xE6, 0xB9, 0xEA, 0xAE, 0xCD, 0xF3, 0xAC,
    0x4D, 0xE3, 0x82, 0x6B, 0x5C, 0x85, 0x8B, 0xCA, 0x35, 0x34, 0x96, 0x1E, 0xB5, 0x5D, 0x86, 0x3A,
    0x7D, 0x99, 0xEB, 0x62, 0x96, 0xC5, 0x56, 0x2F, 0x31, 0x63, 0x37, 0x38, 0xD3, 0x1D, 0x47, 0x5E,
    0x8C, 0xC1, 0x11, 0xA3, 0xCD, 0xB5, 0x93, 0xF5, 0xAC, 0x10, 0xE6, 0x0B, 0x4D, 0xBC, 0x21, 0x56,
    0xD3, 0xD8, 0x16, 0xAC, 0xDA, 0xAD, 0xE9, 0xDE, 0xEC, 0xF5, 0xCA, 0x9D, 0xA7, 0x8F, 0x44, 0xA7,
    0x03, 0x10, 0x8C, 0x72, 0xF9, 0x28, 0xDA, 0x8A, 0x5E, 0x2D, 0xED, 0x3A, 0x5E, 0x9F, 0xF9, 0x2F,
    0xD6, 0xFC, 0x82, 0x73, 0xF3, 0xF3, 0xE5, 0xFF, 0x06, 0x0C, 0x1B, 0x7D, 0xEB, 0xF8, 0xF8, 0xE3,
    0xA7, 0xC7, 0xC7, 0x1F, 0x5C, 0x34, 0x4E, 0x1C, 0x57, 0x17, 0xC7, 0x51, 0x0C, 0x71, 0x5C, 0x6A,
    0x5C, 0x74, 0x03, 0x19, 0x5F, 0x0F, 0xBC, 0x41, 0xBE, 0x79, 0x41, 0xBC, 0xD3, 0x7F, 0xB0, 0x8C,
    0x72, 0xF1, 0xFE, 0x3A, 0xB6, 0xE6, 0x15, 0x71, 0x03, 0x4D, 0xBC, 0xEA, 0x6E, 0x20, 0xCE, 0x71,
    0x6D, 0x27, 0x86, 0x39, 0xEB, 0x3F, 0xFD, 0x39, 0xCE, 0x63, 0xFB, 0x38, 0x7C, 0x7C, 0xF0, 0xDA,
    0xFE, 0xC0, 0x78, 0xEA, 0x78, 0xFC, 0x1A, 0xFE, 0xEE, 0x27, 0xAF, 0x20, 0x74, 0x70, 0x55, 0xB0,
    0x2A, 0xA0, 0xE0, 0xFB, 0x64, 0xA4, 0xC3, 0x6B, 0xFB, 0xE3, 0xEF, 0x7D, 0x24, 0x3D, 0x53, 0xE4,
    0x2B, 0x48, 0xBA, 0x32, 0x18, 0x49, 0xDD, 0x84, 0xEE, 0x95, 0x26, 0xE2, 0x91, 0xF4, 0x4C, 0x71,
    0xA3, 0xB0, 0x0F, 0xD2, 0x6E, 0x2F, 0x77, 0xEA, 0x26, 0x93, 0xBE, 0xF2, 0x8A, 0x8E, 0xEF, 0x23,
    0xD0, 0x7E, 0xED, 0x8B, 0xE1, 0x3F, 0xED, 0x94, 0x31, 0x8C, 0xDD, 0x44, 0x10, 0x40, 0x9F, 0x6D,
    0x14, 0x0B, 0xB6, 0xD8, 0x2B, 0xB8, 0x26, 0x91, 0x70, 0x4B, 0xB7, 0x35, 0x52, 0xCE, 0xBB, 0x14,
    0xF4, 0x41, 0xCA, 0x09, 0x89, 0xBE, 0x48, 0xAE, 0x49, 0x2F, 0xDD, 0xD9, 0xDB, 0x57, 0xA1, 0x48,
    0x4F, 0x41, 0x93, 0x9F, 0x22, 0x34, 0x91, 0x8C, 0xF8, 0xF7, 0xBD, 0x7D, 0x83, 0x11, 0xA4, 0xC6,
    0x45, 0xAA, 0x34, 0xB8, 0x70, 0xE1, 0x1C, 0xFE, 0x7F, 0x58, 0x73, 0x1F, 0x1D, 0x28, 0x27, 0x45,
    0x27, 0x21, 0xAA, 0xEC, 0xCE, 0x1B, 0x8D, 0xED, 0x99, 0xD5, 0x8E, 0x67, 0x67, 0x39, 0x74, 0x24,
    0x32, 0x91, 0x8B, 0xA0, 0xFB, 0xDA, 0x15, 0x41, 0x07, 0xE3, 0x74, 0x67, 0x51, 0x91, 0xBC, 0xBF,
    0x1E, 0xD5, 0x19, 0xAF, 0x17, 0xCF, 0xA0, 0x2E, 0x84, 0x4C, 0xB6, 0x50, 0xF7, 0x1C, 0xCC, 0xF3,
    0x01, 0xF7, 0x9B, 0x7F, 0x0E, 0xE0, 0x63, 0x60, 0x07, 0x69, 0x24, 0x8F, 0xE8, 0x88, 0xA9, 0xE0,
    0x34, 0x32, 0x55, 0x64, 0x43, 0x45, 0x1E, 0x2A, 0xB4, 0xAB, 0xB0, 0x54, 0xD4, 0x22, 0x43, 0x1B,
    0x39, 0x59, 0xC9, 0xB7, 0x50, 0x71, 0xC5, 0x43, 0x00, 0x8C, 0x6C, 0xB1, 0x0B, 0x40, 0xB9, 0xE7,
    0x08, 0x28, 0x9F, 0x42, 0x2D, 0x03, 0x56, 0x66, 0x48, 0x04, 0xB0, 0x80, 0x71, 0x97, 0x58, 0x1C,
    0x35, 0xBB, 0xAF, 0xB6, 0xB4, 0x32, 0x72, 0x47, 0x3C, 0x00, 0x24, 0xC7, 0x60, 0xC4, 0x25, 0x22,
    0x2E, 0x9B, 0x40, 0x77, 0x50, 0x78, 0x30, 0x80, 0x55, 0xAF, 0x28, 0x5B, 0xC1, 0xBE, 0x69, 0x83,
    0xF5, 0xAA, 0xB3, 0x64, 0x7D, 0x49, 0x36, 0xD8, 0x88, 0x21, 0xEF, 0x63, 0xF6, 0x9D, 0x8A, 0xDF,
    0x52, 0x11, 0x78, 0x34, 0x02, 0x20, 0x22, 0x6E, 0xE1, 0xF8, 0xB8, 0x06, 0x4A, 0xE0, 0x1C, 0x98,
    0x21, 0x1D, 0x89, 0x61, 0x90, 0x77, 0xA0, 0x03, 0x14, 0x1E, 0x2C, 0x50, 0x01, 0xF3, 0xBF, 0x5D,
    0x6E, 0x3D, 0x06, 0x8E, 0x21, 0x97, 0x01, 0x23, 0x33, 0x96, 0x0D, 0x15, 0x76, 0xE1, 0x52, 0xFF,
    0x3C, 0xA3, 0x65, 0x20, 0x93, 0x9E, 0xE2, 0xF7, 0x19, 0x8B, 0xB0, 0xC6, 0xBA, 0x99, 0xC2, 0x47,
    0xDC, 0x79, 0xB4, 0xEB, 0x27, 0x42, 0x21, 0x33, 0xA9, 0x3C, 0x86, 0xDB, 0x8E, 0x54, 0x26, 0xB4,
    0x08, 0xC6, 0x1B, 0x6F, 0xD1, 0xA1, 0x24, 0xEF, 0xAA, 0x25, 0x9F, 0xCB, 0x5A, 0xF6, 0xA6, 0xAB,
    0x7B, 0x2D, 0x7F, 0xF4, 0xA9, 0xFC, 0xD2, 0x41, 0x1E, 0x51, 0xFB, 0x4D, 0xD6, 0x7C, 0x18, 0xFF,
    0x99, 0x96, 0x11, 0xB5, 0x73, 0xF0, 0x29, 0xDC, 0xBD, 0x92, 0x5A, 0x76, 0xAD, 0xEC, 0x0E, 0xCF,
    0xEE, 0x5F, 0xF3, 0xF2, 0xF8, 0x3E, 0x10, 0x8D, 0x28, 0x00, 0x70, 0xB2, 0x7A, 0x1A, 0xED, 0xA8,
    0x69, 0xD2, 0x21, 0xEB, 0x55, 0xD0, 0xDE, 0x60, 0x29, 0x39, 0xE2, 0x8C, 0xD3, 0x65, 0x72, 0x16,
    0xED, 0x12, 0x4B, 0x81, 0xF6, 0x2A, 0x64, 0x7D, 0x32, 0xF2, 0xE0, 0x14, 0xB3, 0x7F, 0x4A, 0x87,
    0x64, 0x60, 0x64, 0x62, 0x62, 0x5E, 0xE6, 0x62, 0x31, 0x26, 0x43, 0x36, 0x64, 0x5D, 0x5C, 0xCD,
    0x59, 0x1E, 0x70, 0xEF, 0xF6, 0x63, 0x5E, 0xC8, 0x4C, 0xFB, 0xB2, 0x65, 0x43, 0xE1, 0xD6, 0x68,
    0xBF, 0xD0, 0xBC, 0x03, 0x80, 0xFF, 0xB2, 0x11, 0x00, 0x6C, 0x48, 0x24, 0x28, 0x09, 0xF6, 0xA7,
    0x50, 0xEA, 0xF0, 0x81, 0x0E, 0xBC, 0x53, 0x3E, 0xF2, 0x3C, 0x44, 0xC9, 0x50, 0xCB, 0x7C, 0xC4,
    0xF6, 0x80, 0x0A, 0x2C, 0x8B, 0x3E, 0x87, 0x99, 0x6C, 0x40, 0x77, 0x58, 0xC7, 0x96, 0x6C, 0xDC,
    0x9B, 0x22, 0x3B, 0x11, 0x59, 0xAD, 0x56, 0x7C, 0xED, 0x50, 0x32, 0x63, 0x45, 0xF8, 0xC4, 0x59,
    0x0F, 0x45, 0xB8, 0x3A, 0x6B, 0x35, 0xC9, 0xF3, 0x2D, 0xA9, 0x8C, 0x24, 0x2B, 0x01, 0x4C, 0x00,
    0xDD, 0x81, 0x8A, 0xE8, 0xEE, 0x80, 0x22, 0xD4, 0x4F, 0x5A, 0x17, 0x4B, 0x87, 0x92, 0xFE, 0xFF,
    0x6B, 0xD9, 0xF7, 0x2D, 0xFB, 0xBE, 0x65, 0x39, 0x71, 0x5A, 0x26, 0xF5, 0xE5, 0x06, 0x0C, 0x14,
    0x51, 0xD2, 0x56, 0x8A, 0xD7, 0xCF, 0x2B, 0x8A, 0x35, 0x45, 0x83, 0x5D, 0xD3, 0xDA, 0x67, 0xBF,
    0x69, 0xD1, 0x00, 0x27, 0x9E, 0x4C, 0x26, 0x74, 0x57, 0x61, 0x28, 0xDC, 0x11, 0xDA, 0x9F, 0xA2,
    0x42, 0x2D, 0x12, 0xAA, 0xD5, 0x2A, 0xDA, 0xB0, 0x50, 0x02, 0x85, 0x4F, 0x50, 0x17, 0xAD, 0x4B,
    0xDA, 0x7D, 0x3A, 0xF1, 0x6E, 0x58, 0xFA, 0x53, 0xFF, 0x5A, 0x3B, 0x83, 0x0A, 0x47, 0x64, 0xDD,
    0x29, 0x69, 0x1F, 0x19, 0xFE, 0xE6, 0xEE, 0xE5, 0x89, 0xE9, 0x0A, 0xA7, 0x43, 0x8C, 0x25, 0x91,
    0x09, 0x80, 0x43, 0x12, 0x67, 0xF8, 0xAB, 0xCF, 0xA3, 0xC7, 0x19, 0xC9, 0x38, 0xC1, 0x66, 0x00,
    0x1B, 0xC0, 0x44, 0xEA, 0x1E, 0xA6, 0x91, 0x6C, 0x58, 0x76, 0x63, 0x88, 0xF1, 0x7E, 0xA9, 0x58,
    0xB2, 0x02, 0x2B, 0x03, 0x9F, 0x7D, 0x31, 0x03, 0x16, 0xD0, 0x2E, 0xE2, 0x41, 0x85, 0x56, 0x24,
    0x6C, 0x56, 0xCF, 0xFD, 0x7A, 0xC9, 0x81, 0x02, 0x4B, 0x89, 0x7E, 0x3D, 0x93, 0x4A, 0x0F, 0x40,
    0x73, 0x1D, 0x31, 0x87, 0x1F, 0x64, 0xA6, 0xFD, 0xA6, 0xBE, 0xD1, 0xFD, 0x76, 0xED, 0x5A, 0x1C,
    0x46, 0x66, 0x9A, 0x6C, 0xA0, 0xD1, 0x81, 0xC6, 0x42, 0x33, 0xC1, 0x8F, 0x03, 0xB4, 0x33, 0x9C,
    0x97, 0xD0, 0x14, 0x9E, 0x26, 0xEF, 0x96, 0xFA, 0x5F, 0xFA, 0x62, 0x69, 0xDE, 0x1E, 0xF7, 0x6E,
    0xFB, 0x5B, 0xDF, 0xF1, 0x42, 0xA6, 0x5A, 0xE2, 0xD6, 0x76, 0xAF, 0x1E, 0xF9, 0x0D, 0xD6, 0xAB,
    0xB0, 0xC6, 0x90, 0x47, 0x5D, 0x90, 0x85, 0xE6, 0x86, 0x7A, 0x7F, 0x95, 0xDF, 0x38, 0xD5, 0xAB,
    0xB8, 0x96, 0x7D, 0x5C, 0x58, 0x93, 0x87, 0x86, 0x2B, 0xD6, 0xA8, 0x70, 0x8E, 0xF6, 0x2D, 0x86,
    0xF6, 0xF5, 0x96, 0xA6, 0x1D, 0x69, 0xE0, 0x5A, 0x92, 0x95, 0x2B, 0x64, 0xA8, 0x3E, 0xFF, 0xBE,
    0x81, 0x35, 0x58, 0x47, 0xF1, 0x86, 0x44, 0x02, 0x6A, 0x80, 0x09, 0x1A, 0xC7, 0xB4, 0x79, 0x36,
    0xD4, 0xE2, 0x81, 0xC4, 0x91, 0x85, 0x45, 0xD4, 0x4B, 0xD7, 0x4A, 0xB8, 0xF3, 0xD2, 0xA9, 0xC0,
    0xDB, 0x92, 0x47, 0xE9, 0xC8, 0x2E, 0x3C, 0x12, 0x80, 0x3F, 0x01, 0xBD, 0x97, 0x01, 0xA4, 0x25,
    0xD7, 0x19, 0xC7, 0xFF, 0x33, 0xB3, 0xFB, 0xA6, 0x3A, 0x61, 0x8A, 0x6C, 0xB4, 0x89, 0x9A, 0x20,
    0x68, 0x96, 0x66, 0x0A, 0x80, 0xE4, 0x9D, 0xA3, 0xA5, 0x45, 0x90, 0x87, 0x77, 0x53, 0x2C, 0x0A,
    0x45, 0xBB, 0xC5, 0x05, 0x28, 0xF6, 0xED, 0x19, 0x05, 0x28, 0xF2, 0x90, 0x34, 0x28, 0x04, 0x51,
    0xD9, 0xBB, 0xD8, 0xA2, 0x80, 0xB7, 0x7B, 0xA6, 0x82, 0x00, 0x32, 0xAB, 0x61, 0x01, 0x46, 0x2D,
    0x61, 0x83, 0x9D, 0xA6, 0xB3, 0xED, 0xBC, 0xDD, 0x33, 0xF3, 0xF5, 0x7C, 0xDF, 0xCC, 0xDC, 0x37,
    0xEF, 0xB6, 0xDB, 0xB0, 0x95, 0x7E, 0xD6, 0xEF, 0xF7, 0xED, 0x9C, 0x6F, 0xCE, 0x99, 0x39, 0x73,
    0xE7, 0x9C, 0x79, 0x18, 0x23, 0xA3, 0xDA, 0x93, 0xC8, 0x01, 0x11, 0xDD, 0x6C, 0x81, 0xA4, 0xC3,
    0xCB, 0x40, 0xC6, 0x47, 0x91, 0x97, 0x4C, 0x55, 0x08, 0x35, 0xD3, 0x60, 0xE4, 0xDE, 0x66, 0x53,
    0x18, 0x24, 0x44, 0xD5, 0x44, 0x9D, 0x34, 0x5C, 0x23, 0x2C, 0x98, 0x79, 0xC9, 0xCC, 0x1A, 0x66,
    0x32, 0xBC, 0xE9, 0x19, 0x92, 0x8F, 0x02, 0x46, 0x18, 0xAC, 0x1F, 0x6F, 0x34, 0xC0, 0xAD, 0x5F,
    0x49, 0xA2, 0x52, 0x58, 0xCD, 0xDC, 0x2B, 0x7E, 0x01, 0x20, 0x2D, 0x4F, 0x98, 0x45, 0x27, 0x6C,
    0x3D, 0x2D, 0x75, 0x52, 0x32, 0x8F, 0x12, 0xD0, 0x10, 0x11, 0xE2, 0xE1, 0x28, 0xBA, 0x8B, 0xB4,
    0xBB, 0x16, 0x57, 0xC8, 0xEA, 0x93, 0xA4, 0x84, 0x2A, 0x5D, 0xEA, 0x59, 0x74, 0xA9, 0x2F, 0xD4,
    0x6D, 0xAA, 0x61, 0x83, 0x26, 0x03, 0x28, 0x6C, 0x72, 0xCF, 0xA8, 0x51, 0xCC, 0x7A, 0x9F, 0x59,
    0xBD, 0xE1, 0x19, 0x97, 0xD7, 0x00, 0x9B, 0xF0, 0x80, 0xE6, 0xAD, 0xD2, 0x01, 0xEA, 0x53, 0x1E,
    0x56, 0x3D, 0xD4, 0x2D, 0x90, 0x51, 0xD0, 0x00, 0x29, 0x85, 0x9E, 0x11, 0xFD, 0xA8, 0x09, 0x10,
    0xD0, 0x93, 0x47, 0x16, 0x72, 0x0D, 0xC2, 0x01, 0x38, 0xC9, 0x1E, 0x1C, 0x03, 0x3C, 0x2C, 0xC0,
    0xC3, 0x22, 0xE0, 0x61, 0x81, 0x83, 0x8B, 0x38, 0x0B, 0x4B, 0xF5, 0x78, 0xFD, 0x80, 0x12, 0x52,
    0x1D, 0xDC, 0x46, 0x44, 0xC0, 0x05, 0xC4, 0x8E, 0x2B, 0xD2, 0x06, 0xD8, 0x79, 0x3A, 0x8B, 0x67,
    0x64, 0x34, 0xB0, 0x82, 0x45, 0xFE, 0x26, 0x31, 0x6F, 0x0D, 0x4C, 0xDA, 0x30, 0x3B, 0x30, 0x1B,
    0x61, 0x05, 0x18, 0x39, 0xDB, 0x68, 0xA6, 0x2A, 0x84, 0x25, 0x33, 0xAF, 0x98, 0x59, 0xC3, 0x4C,
    0x3B, 0x66, 0xDC, 0x33, 0x43, 0xBA, 0x55, 0x7E, 0x1B, 0xB0, 0xF4, 0xD0, 0xF1, 0x0D, 0x93, 0x67,
    0x48, 0xD4, 0x02, 0xB8, 0x78, 0x88, 0xF1, 0x4E, 0x35, 0xAC, 0x67, 0x31, 0x73, 0xB3, 0xD9, 0xF8,
    0x23, 0xE0, 0x78, 0x46, 0x12, 0xD1, 0x0E, 0x57, 0xAB, 0xC3, 0xA7, 0xD6, 0x2B, 0xA2, 0x76, 0xE6,
    0x65, 0xDA, 0x7C, 0xF0, 0x55, 0xFD, 0xCF, 0x91, 0xD3, 0x7D, 0xB9, 0x17, 0x9A, 0x67, 0x3E, 0xEB,
    0x70, 0xC4, 0x13, 0xF1, 0xB4, 0x9F, 0xFE, 0x2E, 0xAD, 0x66, 0x2C, 0x6E, 0xFD, 0xAA, 0xE5, 0x5B,
    0x5F, 0xD6, 0x5C, 0xF2, 0x57, 0xFE, 0x5F, 0x6A, 0xAC, 0x90, 0x18, 0x41, 0xCF, 0x8C, 0x3A, 0x66,
    0xF6, 0x68, 0xB5, 0x5A, 0x69, 0xAE, 0xA7, 0x6A, 0x49, 0x70, 0xBC, 0x86, 0x29, 0xAE, 0xCF, 0x89,
    0x9B, 0x1C, 0x74, 0x53, 0x12, 0x35, 0x1E, 0xCF, 0xE3, 0xEA, 0x71, 0xF4, 0x8F, 0x1B, 0xBE, 0x2E,
    0xA1, 0x21, 0x21, 0xAA, 0x61, 0x14, 0xD1, 0x3B, 0x44, 0x0E, 0xC6, 0xBE, 0x47, 0x74, 0x7A, 0x65,
    0x80, 0x69, 0x91, 0x93, 0x0E, 0x08, 0xA6, 0x42, 0x3A, 0xF0, 0x1D, 0x99, 0x52, 0x7E, 0x6F, 0x46,
    0x9B, 0x02, 0x71, 0xC7, 0xF3, 0x60, 0xF4, 0x22, 0x69, 0x25, 0x01, 0xD2, 0x39, 0xC9, 0xE6, 0x44,
    0xCD, 0x89, 0x99, 0x13, 0x3B, 0x27, 0x34, 0x25, 0xE1, 0x3F, 0xA7, 0x24, 0x9A, 0x93, 0xE4, 0xDE,
    0x94, 0xA4, 0x9F, 0x4C, 0x49, 0xFE, 0x93, 0x29, 0x51, 0xF3, 0x58, 0x47, 0x63, 0xF2, 0xB4, 0xDB,
    0xE4, 0x88, 0x6B, 0x11, 0x2F, 0x0F, 0x53, 0x42, 0x80, 0x42, 0x40, 0x5A, 0x58, 0x0A, 0x2B, 0x61,
    0x2D, 0x6C, 0x98, 0x4F, 0x5A, 0xE6, 0xA9, 0x63, 0xBA, 0x91, 0x83, 0xE7, 0xDB, 0xBD, 0x5D, 0xD9,
    0x77, 0x65, 0xC2, 0xFB, 0x91, 0x81, 0xCB, 0x2A, 0xA3, 0x03, 0x97, 0x56, 0x5C, 0x93, 0x34, 0x0A,
    0x2F, 0xF4, 0x57, 0x1E, 0x99, 0xC3, 0x65, 0xCD, 0x0B, 0xFD, 0x6A, 0x30, 0x87, 0x81, 0xC3, 0x1D,
    0xAE, 0x81, 0x11, 0x2A, 0xC3, 0xCC, 0x2D, 0x33, 0xA5, 0x33, 0x26, 0xC2, 0x68, 0xC1, 0x80, 0x60,
    0x1F, 0x1F, 0x03, 0x80, 0xBC, 0x4F, 0xA2, 0x9A, 0xF5, 0x36, 0x75, 0x2C, 0x24, 0x4E, 0x14, 0x0E,
    0x22, 0xD0, 0x28, 0x3B, 0xEB, 0xE7, 0xA3, 0x4E, 0x46, 0x39, 0x16, 0x05, 0xAC, 0x60, 0x88, 0x58,
    0x51, 0xBF, 0xA6, 0x9E, 0x90, 0x77, 0xE4, 0x45, 0xD4, 0xDC, 0x1C, 0x3E, 0xF2, 0x2A, 0x42, 0x07,
    0xA2, 0x0E, 0xAC, 0x15, 0x44, 0x78, 0x16, 0xF5, 0xA2, 0x80, 0x36, 0x2C, 0x58, 0x12, 0xE5, 0x42,
    0x04, 0x07, 0x66, 0x38, 0xC6, 0x74, 0x5C, 0x4F, 0xAE, 0xC4, 0x2B, 0xDB, 0x88, 0x91, 0x74, 0xA3,
    0x23, 0x37, 0x3A, 0xE8, 0xB7, 0x7E, 0xF1, 0x86, 0x37, 0x7A, 0x10, 0x55, 0xEC, 0x88, 0xA8, 0xE6,
    0xE3, 0xC9, 0xE9, 0x95, 0xD2, 0xFA, 0xF1, 0xD3, 0x1A, 0x9A, 0xCF, 0x4B, 0x2B, 0xE9, 0xA7, 0x65,
    0x73, 0xBF, 0x69, 0x2D, 0xE3, 0x94, 0x69, 0xC7, 0xEE, 0x11, 0x93, 0xF7, 0xA6, 0x47, 0x48, 0x35,
    0x2C, 0x08, 0x30, 0xBD, 0xB7, 0xD1, 0x48, 0x49, 0x5B, 0xA8, 0x92, 0x7F, 0x25, 0x16, 0xB2, 0x1A,
    0xD6, 0x16, 0x7C, 0x76, 0xDA, 0x78, 0x37, 0x40, 0xE2, 0x1D, 0x77, 0x6C, 0x1E, 0x87, 0xCD, 0xE3,
    0xBF, 0x8A, 0xCC, 0xD7, 0x81, 0xF2, 0x07, 0x7C, 0x1E, 0xEC, 0x9A, 0xB8, 0x1F, 0xA8, 0xDF, 0x52,
    0x0F, 0x89, 0x4B, 0x1A, 0x0A, 0xB8, 0x03, 0x38, 0xA5, 0x41, 0x08, 0xBC, 0x02, 0xD2, 0x81, 0xCB,
    0x8B, 0x90, 0x8A, 0xB0, 0xCB, 0x4B, 0xAF, 0xA8, 0xCD, 0xCA, 0x88, 0xCA, 0xA8, 0x4D, 0xCB, 0xE8,
    0x8B, 0x32, 0x6A, 0xBC, 0xEE, 0x55, 0x5E, 0x55, 0x7C, 0xAF, 0x8A, 0x9B, 0xA4, 0x4E, 0x3E, 0xAE,
    0x93, 0x3A, 0xAE, 0xD3, 0x8F, 0x9B, 0xC4, 0xFF, 0xDF, 0x2B, 0xE5, 0xD6, 0xDF, 0xF8, 0xBA, 0x9F,
    0x9E, 0xAE, 0xEF, 0x9D, 0xAE, 0x3F, 0xB3, 0xC4, 0x31, 0x4C, 0x0A, 0x9D, 0x82, 0xEF, 0x3F, 0x10,
    0x69, 0xB8, 0x7D, 0xDC, 0x56, 0x80, 0xBB, 0x8E, 0x23, 0xAF, 0x93, 0x23, 0xEC, 0x7B, 0xDD, 0x3E,
    0xC1, 0xFE, 0x3E, 0x70, 0x74, 0x02, 0x75, 0x04, 0xEC, 0x3B, 0xE4, 0xAC, 0x0E, 0xD9, 0x89, 0xBC,
    0xC1, 0x99, 0x03, 0xF2, 0x16, 0xA9, 0x57, 0xD6, 0x20, 0xED, 0x46, 0xB5, 0xB2, 0xFB, 0x24, 0x2D,
    0x0C, 0xF9, 0xDF, 0x68, 0xD0, 0x19, 0xA2, 0x1E, 0x81, 0xF3, 0xA2, 0xC2, 0x0B, 0x81, 0xAD, 0x58,
    0xBE, 0x48, 0x14, 0xB7, 0xA2, 0xA8, 0x13, 0x85, 0x8E, 0x35, 0x04, 0x5F, 0xA7, 0x42, 0x16, 0x0E,
    0x45, 0x3C, 0xB0, 0x28, 0x6E, 0x45, 0x69, 0x23, 0xB2, 0x95, 0x01, 0xF9, 0x28, 0x44, 0x3D, 0x44,
    0xC7, 0xE0, 0xB8, 0x2A, 0xB4, 0xE7, 0x19, 0x10, 0x91, 0x13, 0xF6, 0x53, 0x7E, 0xAE, 0xF5, 0x06,
    0x53, 0x51, 0x63, 0xB9, 0xB1, 0x37, 0x88, 0xE9, 0x77, 0x64, 0x79, 0xC2, 0x52, 0x42, 0x5E, 0x23,
    0x22, 0xF9, 0x4D, 0x09, 0x41, 0x30, 0x9A, 0x69, 0x3D, 0x2D, 0x2C, 0x9E, 0x42, 0xCD, 0x94, 0x4A,
    0x39, 0x6B, 0xEE, 0x21, 0x6B, 0xB8, 0xB7, 0xD4, 0x21, 0x23, 0x9F, 0x3C, 0x20, 0xC3, 0x23, 0x3A,
    0x05, 0xE4, 0x54, 0x7B, 0xE2, 0x10, 0xE7, 0x23, 0x58, 0xF9, 0xD0, 0x91, 0xEC, 0x17, 0x23, 0xC7,
    0x23, 0xDB, 0x76, 0x3B, 0x68, 0xD9, 0xC8, 0xE5, 0xCD, 0x20, 0x87, 0x90, 0xAA, 0xB8, 0x45, 0xDC,
    0x03, 0x2F, 0x23, 0x6D, 0xE7, 0x8F, 0x8C, 0xDD, 0xCF, 0x8B, 0xE5, 0x6E, 0x4B, 0xCD, 0x39, 0x62,
    0x00, 0xB0, 0xA4, 0x1C, 0x2F, 0x17, 0x2C, 0xF8, 0xDC, 0xB9, 0x9F, 0xB9, 0xE7, 0xBC, 0x3A, 0xFB,
    0xAC, 0x49, 0x1C, 0x33, 0xA2, 0x22, 0xF8, 0x13, 0x40, 0xB2, 0x93, 0xE7, 0xC2, 0x3D, 0x22, 0x2E,
    0xBB, 0x78, 0x20, 0xEF, 0x52, 0xD8, 0x81, 0x80, 0xA4, 0x65, 0x66, 0x35, 0xD3, 0x14, 0x4C, 0xF9,
    0x17, 0x39, 0x66, 0xD2, 0x32, 0xB3, 0x9A, 0x69, 0x0A, 0x26, 0xC1, 0x33, 0x72, 0xCC, 0xA4, 0x65,
    0x66, 0x15, 0x70, 0x95, 0xEC, 0x83, 0xCD, 0xB1, 0x91, 0xF9, 0x19, 0x09, 0xFA, 0x42, 0x5A, 0x3F,
    0x96, 0x4A, 0x0C, 0x42, 0xBB, 0x78, 0x1C, 0x69, 0xC3, 0x8C, 0xBB, 0xB3, 0xB1, 0x40, 0x38, 0xBB,
    0x06, 0x55, 0x31, 0xD3, 0x86, 0x19, 0x3B, 0x66, 0xD8, 0x2B, 0xF2, 0xE1, 0x96, 0xBC, 0xBC, 0xB9,
    0xF5, 0x78, 0xF3, 0x91, 0xD4, 0x61, 0x97, 0xCF, 0x09, 0xAF, 0x33, 0xFF, 0x3E, 0x30, 0xA9, 0x15,
    0x16, 0xCC, 0xDE, 0x03, 0x86, 0x2B, 0x43, 0x6A, 0x2E, 0x00, 0x19, 0x35, 0xDF, 0x07, 0xEC, 0xA7,
    0x7F, 0x23, 0x60, 0x48, 0x9F, 0x38, 0xE0, 0x07, 0x29, 0x55, 0x52, 0x2F, 0x93, 0xDB, 0x79, 0x04,
    0xC4, 0xF5, 0x89, 0xD0, 0x3C, 0x64, 0xD2, 0x5B, 0xCC, 0x5F, 0xA7, 0xCC, 0x6F, 0x09, 0xB1, 0xC3,
    0x45, 0xEC, 0xCD, 0x2F, 0x08, 0x2C, 0xD1, 0xB0, 0xCD, 0xA8, 0x96, 0x6C, 0xFF, 0x20, 0xB0, 0x1D,
    0xC0, 0x1D, 0x01, 0xC9, 0xD4, 0xCC, 0x63, 0x6A, 0x71, 0x5A, 0xC3, 0x94, 0x92, 0x65, 0xD5, 0xF4,
    0xA8, 0x91, 0x97, 0x7C, 0x78, 0xCE, 0x1A, 0x4C, 0xBF, 0xAF, 0x64, 0xCA, 0xF4, 0x9C, 0x19, 0xCC,
    0x99, 0xDD, 0x66, 0xB4, 0xCD, 0x86, 0x6D, 0xD6, 0xCB, 0x15, 0xAF, 0xEF, 0x23, 0x70, 0x3C, 0x60,
    0x44, 0x84, 0xD0, 0xF1, 0x80, 0x29, 0x51, 0x19, 0x75, 0x80, 0x2A, 0x55, 0x6D, 0x2A, 0xCE, 0x4C,
    0x61, 0x74, 0x5A, 0xC7, 0x2D, 0x40, 0x9A, 0x90, 0x34, 0x71, 0x83, 0x70, 0x08, 0x7A, 0x9F, 0x25,
    0x0D, 0x12, 0xC7, 0x3B, 0x33, 0xEF, 0x19, 0x79, 0x1B, 0xFA, 0xAC, 0x4E, 0xAB, 0x80, 0xF8, 0xB4,
    0xBC, 0xCA, 0xEE, 0xAE, 0x49, 0x47, 0x0E, 0xB6, 0xCC, 0x89, 0x3A, 0xC4, 0x74, 0x93, 0xA0, 0x78,
    0x5E, 0x12, 0x22, 0xE7, 0xB3, 0xFB, 0x40, 0xFA, 0x39, 0xD5, 0x98, 0xEE, 0xF9, 0x10, 0x53, 0x56,
    0x61, 0x8A, 0xAC, 0x9C, 0xB3, 0x7C, 0x9B, 0xA9, 0xB3, 0xAC, 0xD8, 0x66, 0x7A, 0xCE, 0x0C, 0x63,
    0xE7, 0x6B, 0x75, 0xC0, 0x32, 0xCC, 0xF8, 0x70, 0xC9, 0x33, 0x1A, 0xA8, 0xE0, 0xF9, 0xE0, 0xCE,
    0xF9, 0xBA, 0x79, 0xE8, 0x1D, 0xF2, 0xF1, 0x12, 0x48, 0xEA, 0xAC, 0x94, 0xCA, 0x02, 0x88, 0x1B,
    0x1E, 0x2E, 0x6A, 0x15, 0x3C, 0xBB, 0x3B, 0x80, 0x7C, 0x00, 0x01, 0xA0, 0x8E, 0x69, 0x1B, 0xA6,
    0xD9, 0xAE, 0x02, 0xDF, 0x10, 0x7E, 0x17, 0xB6, 0x06, 0x14, 0xA8, 0x01, 0xCC, 0x0F, 0x9F, 0xB4,
    0x00, 0x7D, 0xF2, 0x25, 0x2F, 0x1F, 0x0F, 0xEF, 0x3A, 0xFF, 0x45, 0x47, 0xE5, 0x80, 0xE4, 0xAF,
    0x04, 0x8B, 0xD4, 0x67, 0x4A, 0xE7, 0xC5, 0x35, 0xA8, 0x42, 0xE1, 0x7B, 0xD3, 0x8D, 0x67, 0xC2,
    0xB4, 0xFA, 0xCF, 0xCC, 0x98, 0x5A, 0x26, 0x86, 0x48, 0x33, 0xE5, 0x96, 0xED, 0x7D, 0xC0, 0x3E,
    0xFE, 0x50, 0x8E, 0x52, 0x21, 0x6C, 0x80, 0x61, 0x65, 0x9D, 0x27, 0xE2, 0x81, 0x09, 0x82, 0x59,
    0x7C, 0x88, 0x5D, 0x1A, 0x56, 0x2B, 0xF3, 0x19, 0x1F, 0x57, 0xE5, 0x82, 0x85, 0xDD, 0xA9, 0xA1,
    0x43, 0x0C, 0x08, 0xA5, 0x87, 0xCC, 0xCD, 0x3D, 0xCF, 0xA3, 0x74, 0x00, 0x86, 0x43, 0x30, 0xF1,
    0x2C, 0x04, 0x5E, 0x1C, 0x95, 0xE9, 0xE9, 0x4D, 0xE2, 0x7B, 0xE0, 0xC1, 0x35, 0x12, 0x12, 0x29,
    0x5A, 0xFF, 0x98, 0x00, 0xAA, 0x33, 0x5C, 0x44, 0x48, 0x3A, 0x03, 0x78, 0x11, 0x66, 0xA5, 0x9D,
    0x28, 0x6B, 0x44, 0x79, 0x25, 0x52, 0xE5, 0x52, 0xA6, 0x38, 0x27, 0x8D, 0xEC, 0xC1, 0xA6, 0x60,
    0xF1, 0x7A, 0x56, 0x6C, 0xB5, 0xB1, 0x95, 0x9C, 0x90, 0x6F, 0x55, 0x89, 0xF2, 0x5A, 0x94, 0x36,
    0xA2, 0xC4, 0x89, 0xA2, 0x41, 0x14, 0x50, 0xC9, 0x82, 0x3D, 0xCD, 0xB0, 0xAE, 0x90, 0x8F, 0xAB,
    0x63, 0xCC, 0x2A, 0x81, 0x35, 0xD1, 0x29, 0xE0, 0xFD, 0x2E, 0x13, 0x19, 0x96, 0xBA, 0x28, 0x8C,
    0x3B, 0x51, 0xEA, 0x46, 0xF5, 0xA2, 0x6C, 0x10, 0x29, 0x1A, 0x35, 0x6D, 0x28, 0xAA, 0x64, 0x0D,
    0x39, 0x2B, 0xE8, 0x65, 0x71, 0x08, 0x5D, 0xDA, 0xC8, 0xCF, 0x92, 0x17, 0xEB, 0xAB, 0x37, 0x87,
    0x9B, 0xC3, 0x66, 0x7C, 0x76, 0x54, 0x4E, 0xE2, 0x1F, 0xCB, 0x30, 0x4E, 0x05, 0xB1, 0x0A, 0x18,
    0x2D, 0x7F, 0x56, 0xD9, 0x07, 0x3B, 0x95, 0xA1, 0xAC, 0x10, 0xD3, 0x67, 0x9B, 0x5C, 0x57, 0xDC,
    0x71, 0xC6, 0x47, 0x78, 0x14, 0xDF, 0x2E, 0x7B, 0xDD, 0x00, 0xB9, 0x02, 0x82, 0x62, 0x59, 0x6D,
    0xB4, 0x74, 0x4F, 0x10, 0x6D, 0x97, 0xC3, 0x41, 0xCB, 0xA7, 0x40, 0x2B, 0xEC, 0x81, 0xE1, 0xE0,
    0x25, 0x02, 0x8E, 0x01, 0xD2, 0x90, 0x87, 0x31, 0xD7, 0xEF, 0x6E, 0x9E, 0x72, 0x39, 0xAD, 0xB0,
    0x33, 0x92, 0x43, 0xBE, 0x44, 0x01, 0x3B, 0x78, 0x24, 0x92, 0xCA, 0x5B, 0x3D, 0xD6, 0x8C, 0x5C,
    0x3F, 0xDE, 0x6C, 0x36, 0x1F, 0x4E, 0x2B, 0x73, 0xBD, 0x60, 0xB3, 0xB3, 0x71, 0xEA, 0x88, 0x34,
    0xD6, 0x65, 0x30, 0xCE, 0x8E, 0xF1, 0x2C, 0x90, 0x10, 0xAF, 0x4D, 0xB8, 0x74, 0x08, 0x8E, 0x57,
    0x85, 0xFB, 0x8C, 0x97, 0xE6, 0xDB, 0xE8, 0x90, 0x0A, 0xD5, 0x70, 0xFD, 0xA5, 0x06, 0x54, 0xED,
    0xE3, 0x20, 0x22, 0xAE, 0x89, 0x1D, 0x33, 0x6D, 0x99, 0x59, 0xC3, 0xCC, 0x2B, 0xA6, 0x2A, 0xCF,
    0x68, 0x8A, 0xAF, 0xA6, 0x54, 0xCE, 0xAC, 0x98, 0x79, 0xCD, 0x4C, 0x1B, 0xA1, 0x63, 0xC6, 0x03,
    0x33, 0xA4, 0xC2, 0x13, 0x74, 0xBA, 0x1F, 0xFC, 0x11, 0xB9, 0xBC, 0x8A, 0xB1, 0x10, 0x66, 0xDC,
    0x83, 0xAE, 0xEB, 0xF9, 0xFA, 0x67, 0x3E, 0x0F, 0xE0, 0x3B, 0x08, 0xB8, 0xF1, 0x35, 0x44, 0x35,
    0x1F, 0x9F, 0x15, 0xB3, 0xEE, 0x20, 0x61, 0xD1, 0xEA, 0x67, 0x8F, 0x56, 0xC8, 0x88, 0x03, 0x6A,
    0xD4, 0x65, 0xE2, 0x4D, 0x18, 0x18, 0x78, 0x3E, 0xBF, 0x6E, 0x35, 0xA2, 0xA4, 0x63, 0xF1, 0xF6,
    0x51, 0x78, 0x85, 0x44, 0x2C, 0x58, 0xD2, 0x18, 0x3F, 0x6E, 0x16, 0xC1, 0x8D, 0xEC, 0x9C, 0xA8,
    0x67, 0xD3, 0xE8, 0x88, 0x8A, 0x3D, 0xE7, 0x1D, 0x7B, 0x5C, 0x98, 0x1F, 0xFF, 0xD2, 0xF5, 0x8E,
    0x1B, 0x91, 0x8C, 0xCC, 0x11, 0xD3, 0xDC, 0x7D, 0x2D, 0x9E, 0x07, 0x47, 0x46, 0x9D, 0x38, 0xA0,
    0xE9, 0x40, 0x32, 0x57, 0x18, 0x37, 0x3A, 0xE9, 0x31, 0x55, 0x60, 0x4F, 0x5F, 0xC6, 0x2F, 0x61,
    0x91, 0x7F, 0x49, 0x7F, 0xA1, 0xC2, 0xE8, 0x37, 0xE8, 0x7D, 0xBA, 0x52, 0x29, 0xFD, 0xFA, 0xF5,
    0xC0, 0x45, 0xB5, 0xC2, 0xEB, 0xD7, 0xD0, 0x85, 0xB5, 0x45, 0x76, 0x82, 0x36, 0xAC, 0x07, 0x24,
    0xCE, 0xFB, 0x73, 0x87, 0x80, 0xEE, 0xB7, 0xE1, 0xF4, 0x3C, 0xE5, 0xFE, 0x8E, 0x2C, 0xC9, 0xB8,
    0xD7, 0x70, 0xFA, 0x76, 0xCD, 0xE6, 0xFA, 0x85, 0x9F, 0xC7, 0x01, 0x34, 0xC6, 0x27, 0xD6, 0x98,
    0x05, 0x2F, 0x6F, 0x7C, 0x7C, 0x80, 0x45, 0x5C, 0x5A, 0xF9, 0x38, 0x58, 0xD4, 0x4C, 0x94, 0x9F,
    0x2D, 0xFE, 0xFF, 0xB4, 0x44, 0x54, 0x31, 0x6A, 0xC9, 0xB0, 0x6E, 0x21, 0x0B, 0x0E, 0x10, 0x0C,
    0x1E, 0x20, 0xE0, 0xEA, 0x86, 0x36, 0xC7, 0x52, 0x22, 0x00, 0xEC, 0xD4, 0x80, 0xB0, 0x9F, 0x5E,
    0xEA, 0xAB, 0xD4, 0x70, 0x57, 0x85, 0xC7, 0xFD, 0x79, 0x3D, 0xC9, 0xAA, 0xF9, 0xC1, 0xC6, 0xDD,
    0x5C, 0x0B, 0x62, 0x58, 0xBD, 0xAD, 0xA9, 0xB9, 0xA6, 0xE5, 0x1A, 0xC7, 0x35, 0xF3, 0x90, 0xC8,
    0x0B, 0x30, 0xCB, 0x7F, 0x67, 0x5C, 0x79, 0xFE, 0x99, 0x98, 0x0F, 0x79, 0x40, 0xF9, 0xAA, 0xD9,
    0xA3, 0x53, 0x70, 0x5A, 0x32, 0x2D, 0xD7, 0xBC, 0x72, 0xBE, 0xA6, 0x5E, 0xD6, 0x84, 0x1F, 0xFA,
    0x1A, 0x44, 0xDD, 0x2B, 0xB9, 0x67, 0x8B, 0x2D, 0xE3, 0x86, 0x99, 0x08, 0xD3, 0x9A, 0x99, 0x57,
    0x4C, 0x55, 0x32, 0x49, 0xF3, 0xE8, 0x03, 0x3C, 0x4D, 0xE7, 0x49, 0x54, 0x0B, 0x35, 0xF3, 0x3E,
    0x76, 0x22, 0x9C, 0xBF, 0x2C, 0xA9, 0x11, 0xAB, 0xF7, 0x3B, 0xF1, 0x3E, 0x9C, 0xF8, 0x08, 0xB7,
    0x27, 0x5F, 0x17, 0x9B, 0xC9, 0xAA, 0x30, 0xE2, 0x8C, 0x38, 0x3A, 0x24, 0x62, 0x2A, 0x60, 0xC5,
    0x0D, 0x57, 0xCA, 0x7B, 0x22, 0x86, 0x9B, 0x7C, 0x34, 0x79, 0xDF, 0x3B, 0x28, 0x9F, 0x13, 0x27,
    0xB5, 0x12, 0xAB, 0x8E, 0x4A, 0xF6, 0x40, 0x4F, 0x1A, 0x5F, 0xA7, 0x3A, 0x75, 0x97, 0x9C, 0x77,
    0x95, 0x6A, 0xD3, 0xF2, 0xD3, 0xB8, 0x88, 0x3D, 0xCD, 0xAB, 0xDA, 0x74, 0xC1, 0xA5, 0x38, 0x7B,
    0xA7, 0x16, 0x7F, 0x33, 0xEE, 0xCE, 0xEE, 0x48, 0xDE, 0xFD, 0xF9, 0xA3, 0x3A, 0x9F, 0x1C, 0x12,
    0x55, 0x58, 0x2C, 0x0D, 0x4A, 0x63, 0x74, 0xF1, 0x3F, 0xF9, 0x45, 0x7A, 0xAC, 0xBD, 0x62, 0x99,
    0x86, 0xE9, 0xE5, 0xE2, 0xBD, 0xE0, 0xD4, 0xFC, 0x9E, 0x6A, 0x44, 0xA4, 0x55, 0x91, 0xB7, 0x3C,
    0x13, 0xAA, 0x88, 0x79, 0x83, 0xF4, 0x0E, 0x07, 0xE4, 0x95, 0xB7, 0xEC, 0x8D, 0x6C, 0xEB, 0x8B,
    0xD8, 0xFC, 0x41, 0xCD, 0x56, 0xE5, 0xAE, 0x2D, 0xD8, 0x39, 0x1B, 0x78, 0x06, 0xC3, 0xD2, 0x8D,
    0x71, 0x4E, 0x5A, 0x21, 0x79, 0xAE, 0x7E, 0x45, 0xB2, 0xD9, 0x9B, 0x9A, 0x99, 0x35, 0xCC, 0xA4,
    0x65, 0xC6, 0x1D, 0x76, 0xD9, 0xCE, 0xAD, 0x73, 0xA5, 0xA9, 0x2E, 0xD1, 0xEA, 0x0A, 0xC9, 0xC7,
    0xC1, 0x00, 0x66, 0xCB, 0x3C, 0x9D, 0xDF, 0x9E, 0x25, 0x7D, 0xE5, 0x21, 0xB8, 0xB5, 0x9B, 0xC8,
    0x47, 0x0E, 0xE6, 0xD6, 0xA7, 0x72, 0x8E, 0xB4, 0xE8, 0x96, 0x7A, 0x4F, 0xB4, 0xA6, 0x7E, 0x9A,
    0x76, 0x7E, 0x7F, 0xE8, 0x01, 0x39, 0xC0, 0x3E, 0x2C, 0x88, 0x10, 0x92, 0xAF, 0xB4, 0x45, 0xE4,
    0xBC, 0xF2, 0x2A, 0x6D, 0xBD, 0xD2, 0x26, 0x6D, 0xBC, 0x92, 0x36, 0xAF, 0xBC, 0x22, 0xA7, 0xCA,
    0x33, 0x85, 0xBD, 0x2A, 0xBC, 0x82, 0xDE, 0x88, 0x86, 0xAD, 0x2E, 0xE2, 0x10, 0x37, 0xA6, 0xA7,
    0xAC, 0xCA, 0xA5, 0xF2, 0x51, 0x59, 0xBD, 0xDC, 0x15, 0xE2, 0x4E, 0x14, 0xF6, 0x22, 0x90, 0x16,
    0xA9, 0x5A, 0x94, 0x0C, 0x7C, 0xBB, 0x11, 0x71, 0x34, 0xF1, 0x39, 0xA1, 0xCB, 0x81, 0x1D, 0xD8,
    0xC1, 0x8E, 0x0F, 0x8B, 0x31, 0x80, 0x56, 0xB7, 0x48, 0x13, 0x40, 0xA5, 0x87, 0x62, 0xE4, 0x95,
    0x47, 0xB6, 0x45, 0xCE, 0x90, 0x06, 0xAB, 0x09, 0xF1, 0xB0, 0x3D, 0xB7, 0x62, 0xF4, 0x20, 0xEC,
    0x51, 0xC1, 0x25, 0x72, 0x46, 0xE3, 0x91, 0x32, 0x92, 0x76, 0x46, 0x2A, 0x68, 0xE6, 0x56, 0x53,
    0x13, 0x5E, 0xA0, 0x92, 0x7C, 0x80, 0x88, 0x3A, 0x46, 0xB1, 0x7B, 0x91, 0x8C, 0x29, 0x82, 0xCD,
    0xB1, 0xBC, 0x68, 0x08, 0xC8, 0x23, 0xA6, 0x3F, 0xDC, 0x41, 0xDA, 0xE1, 0x02, 0xF2, 0x7A, 0x9E,
    0x34, 0xA3, 0x31, 0xAF, 0xC8, 0x4F, 0xC7, 0x5C, 0x62, 0x8A, 0xF9, 0x34, 0xE9, 0x20, 0xED, 0x11,
    0x23, 0xA6, 0xB9, 0x7B, 0x64, 0xF2, 0xE8, 0x57, 0x1A, 0x67, 0x61, 0xB9, 0x81, 0xB6, 0x90, 0xF8,
    0x17, 0x63, 0x00, 0x81, 0xFF, 0x40, 0xF0, 0x0F, 0x4C, 0xEC, 0x07, 0x11, 0x00, 0xD5, 0x93, 0x01,
    0xA6, 0x1B, 0x51, 0x14, 0x86, 0xBF, 0x4E, 0xF4, 0x85, 0x06, 0x81, 0xA2, 0x5A, 0x0C, 0x40, 0x15,
    0x66, 0x09, 0x99, 0xB7, 0x83, 0x40, 0xBA, 0x8D, 0xAE, 0xA0, 0x6E, 0x96, 0x10, 0xDD, 0xC5, 0x4B,
    0x90, 0x25, 0xDC, 0x2C, 0x21, 0x4B, 0x08, 0x3C, 0x78, 0x60, 0xAA, 0x41, 0x52, 0xF3, 0xE6, 0xEF,
    0x3D, 0xAE, 0x33, 0xE3, 0x0D, 0x05, 0xB4, 0xF2, 0x88, 0xF3, 0x7F, 0xE4, 0x1E, 0xCE, 0xFF, 0xFB,
    0x07, 0xBE, 0x5D, 0x29, 0xE2, 0x86, 0x89, 0x44, 0xA5, 0x86, 0xB9, 0x3A, 0x62, 0xD2, 0xEA, 0xFC,
    0x01, 0xDD, 0x2F, 0x59, 0x1C, 0x28, 0x9E, 0x81, 0xC5, 0x9A, 0x49, 0x0B, 0x84, 0x9A, 0xC9, 0xC5,
    0x94, 0x97, 0x1A, 0x57, 0xCB, 0xE9, 0x75, 0x45, 0x29, 0xFD, 0x8C, 0x12, 0x41, 0xFA, 0xA5, 0xA4,
    0x5F, 0xE2, 0xF6, 0xC7, 0xAE, 0xDB, 0xFA, 0xBB, 0xDB, 0x53, 0xF3, 0x8F, 0xB9, 0xBF, 0x5B, 0x9B,
    0xF7, 0xF9, 0xC9, 0x9C, 0x97, 0x8D, 0xF9, 0x2E, 0x4F, 0xE6, 0x7A, 0x76, 0x30, 0xCF, 0x79, 0xC3,
    0xA7, 0xB9, 0x7D, 0x5B, 0x27, 0xAF, 0xCD, 0xFC, 0x14, 0x64, 0x33, 0xF9, 0xDC, 0xA4, 0xDD, 0x00,
    0xFF, 0x77, 0xDA, 0xFD, 0xEF, 0x36, 0x76, 0x7F, 0xE2, 0xFE, 0xFE, 0x34, 0xD3, 0xFD, 0x36, 0xD7,
    0x36, 0x43, 0x3D, 0xDA, 0xB2, 0xFB, 0xE7, 0xA7, 0x9B, 0xB8, 0xDF, 0xFB, 0x87, 0x37, 0xF0, 0x33,
    0xDE, 0x41, 0xE1, 0x2D, 0x14, 0xDE, 0x43, 0xF5, 0x4D, 0xFC, 0x3E, 0x74, 0x31, 0x11, 0x23, 0x1A,
    0x1A, 0x39, 0x74, 0x72, 0x68, 0xE5, 0xD0, 0x4B, 0xF9, 0xC6, 0x2B, 0x25, 0xCF, 0x6F, 0xEB, 0xF1,
    0x69, 0x48, 0xCF, 0xC3, 0xEB, 0xB3, 0xF3, 0xE8, 0xE4, 0xC9, 0x25, 0x60, 0x04, 0x1E, 0x9B, 0xFA,
    0xD4, 0xFA, 0xD0, 0x3C, 0xB3, 0xD1, 0xD6, 0x6D, 0xC3, 0xA7, 0xAE, 0x06, 0xDE, 0x48, 0x17, 0x60,
    0x66, 0x3E, 0xA0, 0xBC, 0xDE, 0xE9, 0x00, 0x8B, 0xA3, 0xFD, 0xF2, 0x37, 0x62, 0x65, 0xCA, 0xC2,
    0x48, 0xAA, 0xC7, 0x55, 0x92, 0xC2, 0x36, 0x03, 0xD3, 0x2C, 0xC5, 0xFE, 0xF7, 0x83, 0x3F, 0xF9,
    0xC7, 0xD2, 0x64, 0xB9, 0x98, 0x30, 0xD5, 0xCE, 0xA4, 0x90, 0x4C, 0x08, 0x02, 0x33, 0xB7, 0xC4,
    0x66, 0xDC, 0x98, 0x40, 0xA9, 0x36, 0x43, 0x94, 0x32, 0xE8, 0xDE, 0xEC, 0x42, 0xD1, 0x52, 0x1D,
    0xC1, 0xA2, 0x61, 0x9E, 0xE1, 0xFC, 0x37, 0xF8, 0xB8, 0x6B, 0xCD, 0xBA, 0xD5, 0xEA, 0xD9, 0xCC,
    0x53, 0x26, 0x30, 0xFB, 0x2C, 0x1E, 0xBF, 0xB6, 0xC5, 0xFE, 0xE9, 0x81, 0x08, 0xEF, 0xED, 0x31,
    0x1D, 0xF0, 0x12, 0xA2, 0x43, 0x38, 0x66, 0xA0, 0xEA, 0x32, 0x30, 0xD3, 0x39, 0x03, 0x52, 0x9D,
    0x61, 0xA6, 0x26, 0x03, 0xA1, 0xCD, 0xC0, 0xB4, 0xCB, 0x00, 0x72, 0x88, 0x0E, 0x21, 0x85, 0xE3,
    0x7F, 0x35, 0x70, 0xA6, 0xE8, 0x2C, 0x20, 0xF4, 0xB4, 0x6F, 0x2D, 0x22, 0x24, 0x35, 0x16, 0x12,
    0x95, 0x54, 0xE7, 0x98, 0x56, 0xCB, 0x1C, 0xD4, 0x1F, 0x5D, 0xD0, 0x01, 0x66, 0xC0, 0x40, 0x10,
    0x46, 0xE1, 0x89, 0x20, 0x28, 0x16, 0x80, 0xC2, 0x1E, 0xA1, 0x47, 0x48, 0xEF, 0xD1, 0xC3, 0xEC,
    0xDE, 0x2C, 0x7B, 0x84, 0x42, 0x01, 0x08, 0x04, 0x80, 0x45, 0x4B, 0xB0, 0xF5, 0x3A, 0xBF, 0xEC,
    0x40, 0x07, 0xEB, 0xE1, 0x33, 0x23, 0x31, 0x9F, 0xC5, 0x62, 0xB6, 0x16, 0x95, 0x7B, 0x54, 0x19,
    0x33, 0x16, 0x08, 0x06, 0x13, 0x66, 0x98, 0xB0, 0xC0, 0x98, 0xEC, 0xFA, 0xE0, 0x61, 0xB7, 0xD9,
    0x21, 0x68, 0xB9, 0xC5, 0xC6, 0xF2, 0x69, 0xF6, 0x32, 0xC4, 0xE8, 0xAF, 0x75, 0x43, 0x8C, 0x1F,
    0xFA, 0x8A, 0x08, 0xA8, 0x1C, 0x96, 0xA7, 0x86, 0x33, 0xE0, 0xDC, 0xC0, 0x19, 0x50, 0x13, 0x34,
    0xB1, 0x5F, 0x7B, 0x73, 0xB1, 0x03, 0xDF, 0x76, 0xC0, 0x9D, 0xC5, 0x56, 0xA0, 0xCB, 0xB5, 0xA4,
    0x67, 0xD1, 0xE3, 0x0C, 0xED, 0xA3, 0x39, 0x1E, 0xBA, 0xC1, 0x57, 0x41, 0x37, 0x04, 0x25, 0xCC,
    0x04, 0x11, 0x13, 0xBC, 0x0E, 0x31, 0xC1, 0x9A, 0xC5, 0x04, 0xDF, 0x93, 0x98, 0x43, 0xD5, 0xFC,
    0xDE, 0x9A, 0xC5, 0x04, 0xCF, 0xD2, 0xFF, 0xFF, 0x17, 0x83, 0x19, 0xB6, 0x8F, 0xA8, 0xD4, 0xA3,
    0xD6, 0xC9, 0x62, 0xFE, 0x00,
};

static const EpdGlyph notosans_20_regularGlyphs[] = {
    { 0, 0, 0, 0, 0, 0, 0 }, // U+0000
    { 0, 0, 173, 0, 0, 0, 0 }, // U+000D
    { 0, 0, 173, 0, 0, 0, 0 }, // U+0020
    { 6, 31, 179, 3, 30, 47, 0 }, // !
    { 13, 11, 272, 2, 30, 36, 47 }, // "
    { 25, 30, 431, 1, 30, 188, 83 }, // #
    { 20, 35, 381, 2, 32, 175, 271 }, // $
    { 31, 32, 554, 2, 31, 248, 446 }, // %
    { 29, 32, 488, 2, 31, 232, 694 }, // &
    { 5, 11, 150, 2, 30, 14, 926 }, // '
    { 11, 37, 200, 1, 30, 102, 940 }, // (
    { 10, 37, 200, 1, 30, 93, 1042 }, // )
    { 21, 20, 367, 1, 32, 105, 1135 }, // *
    { 20, 21, 381, 2, 25, 105, 1240 }, // +
    { 7, 11, 179, 1, 5, 20, 1345 }, // ,
    { 11, 4, 215, 1, 13, 11, 1365 }, // -
    { 6, 7, 179, 3, 6, 11, 1376 }, // .
    { 16, 30, 248, 0, 30, 120, 1387 }, // /
    { 21, 32, 389, 2, 31, 168, 1507 }, // 0
    { 12, 30, 294, 1, 30, 90, 1675 }, // 1
    { 21, 31, 370, 1, 31, 163, 1765 }, // 2
    { 21, 32, 381, 1, 31, 168, 1928 }, // 3
    { 23, 30, 381, 0, 30, 173, 2096 }, // 4
    { 20, 31, 381, 2, 30, 155, 2269 }, // 5
    { 20, 32, 381, 2, 31, 160, 2424 }, // 6
    { 21, 30, 341, 0, 30, 158, 2584 }, // 7
    { 21, 32, 393, 2, 31, 168, 2742 }, // 8
    { 20, 32, 381, 2, 31, 160, 2910 }, // 9
    { 6, 24, 179, 3, 23, 36, 3070 }, // :
    { 8, 29, 179, 1, 23, 58, 3106 }, // ;
    { 20, 22, 381, 2, 26, 110, 3164 }, // <
    { 20, 12, 381, 2, 21, 60, 3274 }, // =
    { 20, 22, 381, 2, 26, 110, 3334 }, // >
    { 17, 32, 289, 0, 31, 136, 3444 }, // ?
    { 34, 34, 599, 2, 30, 289, 3580 }, // @
    { 27, 30, 426, 0, 30, 203, 3869 }, // A
    { 21, 30, 433, 4, 30, 158, 4072 }, // B
    { 24, 32, 421, 2, 31, 192, 4230 }, // C
    { 24, 30, 487, 4, 30, 180, 4422 }, // D
    { 17, 30, 371, 4, 30, 128, 4602 }, // E
    { 17, 30, 346, 4, 30, 128, 4730 }, // F
    { 26, 32, 485, 2, 31, 208, 4858 }, // G
    { 23, 30, 494, 4, 30, 173, 5066 }, // H
    { 12, 30, 226, 1, 30, 90, 5239 }, // I
    { 12, 38, 182, -4, 30, 114, 5329 }, // J
    { 22, 30, 413, 4, 30, 165, 5443 }, // K
    { 17, 30, 349, 4, 30, 128, 5608 }, // L
    { 30, 30, 605, 4, 30, 225, 5736 }, // M
    { 24, 30, 507, 4, 30, 180, 5961 }, // N
    { 28, 32, 521, 2, 31, 224, 6141 }, // O
    { 20, 30, 403, 4, 30, 150, 6365 }, // P
    { 28, 39, 521, 2, 31, 273, 6515 }, // Q
    { 22, 30, 415, 4, 30, 165, 6788 }, // R
    { 19, 32, 366, 2, 31, 152, 6953 }, // S
    { 23, 30, 371, 0, 30, 173, 7105 }, // T
    { 24, 31, 487, 3, 30, 186, 7278 }, // U
    { 25, 30, 400, 0, 30, 188, 7464 }, // V
    { 39, 30, 620, 0, 30, 293, 7652 }, // W
    { 25, 30, 391, 0, 30, 188, 7945 }, // X
    { 24, 30, 377, 0, 30, 180, 8133 }, // Y
    { 22, 30, 381, 1, 30, 165, 8313 }, // Z
    { 10, 37, 219, 3, 30, 93, 8478 }, // [
    { 16, 30, 248, 0, 30, 120, 8571 }, // <backslash>
    { 10, 37, 219, 1, 30, 93, 8691 }, // ]
    { 22, 19, 381, 1, 30, 105, 8784 }, // ^
    { 20, 4, 296, -1, -3, 20, 8889 }, // _
    { 10, 7, 187, 1, 32, 18, 8909 }, // `
    { 19, 24, 374, 1, 23, 114, 8927 }, // a
    { 21, 33, 410, 3, 32, 174, 9041 }, // b
    { 17, 24, 320, 2, 23, 102, 9215 }, // c
    { 21, 33, 410, 2, 32, 174, 9317 }, // d
    { 20, 24, 376, 2, 23, 120, 9491 }, // e
    { 17, 32, 229, 0, 32, 136, 9611 }, // f
    { 21, 33, 410, 2, 23, 174, 9747 }, // g
    { 20, 32, 412, 3, 32, 160, 9921 }, // h
    { 5, 31, 172, 3, 31, 39, 10081 }, // i
    { 11, 41, 172, -3, 31, 113, 10120 }, // j
    { 19, 32, 356, 3, 32, 152, 10233 }, // k
    { 5, 32, 172, 3, 32, 40, 10385 }, // l
    { 33, 23, 623, 3, 23, 190, 10425 }, // m
    { 20, 23, 412, 3, 23, 115, 10615 }, // n
    { 21, 24, 403, 2, 23, 126, 10730 }, // o
    { 21, 33, 410, 3, 23, 174, 10856 }, // p
    { 21, 33, 410, 2, 23, 174, 11030 }, // q
    { 14, 23, 275, 3, 23, 81, 11204 }, // r
    { 17, 24, 319, 2, 23, 102, 11285 }, // s
    { 15, 29, 241, 0, 28, 109, 11387 }, // t
    { 20, 24, 412, 3, 23, 120, 11496 }, // u
    { 22, 23, 339, 0, 23, 127, 11616 }, // v
    { 33, 23, 524, 0, 23, 190, 11743 }, // w
    { 22, 23, 353, 0, 23, 127, 11933 }, // x
    { 22, 33, 340, 0, 23, 182, 12060 }, // y
    { 17, 23, 313, 1, 23, 98, 12242 }, // z
    { 14, 37, 253, 1, 30, 130, 12340 }, // {
    { 4, 43, 367, 9, 32, 43, 12470 }, // |
    { 14, 37, 253, 1, 30, 130, 12513 }, // }
    { 20, 7, 381, 2, 18, 35, 12643 }, // ~
    { 0, 0, 173, 0, 0, 0, 0 }, // U+00A0
    { 6, 31, 179, 3, 23, 47, 0 }, // U+00A1
    { 18, 32, 381, 3, 31, 144, 47 }, // U+00A2
    { 22, 31, 381, 1, 31, 171, 191 }, // U+00A3
    { 20, 20, 381, 2, 25, 100, 362 }, // U+00A4
    { 24, 30, 381, 0, 30, 180, 462 }, // U+00A5
    { 4, 43, 367, 9, 32, 43, 642 }, // U+00A6
    { 17, 33, 342, 2, 32, 141, 685 }, // U+00A7
    { 12, 5, 387, 6, 31, 15, 826 }, // U+00A8
    { 31, 32, 555, 2, 31, 248, 841 }, // U+00A9
    { 12, 16, 238, 1, 31, 48, 1089 }, // U+00AA
    { 19, 18, 339, 1, 20, 86, 1137 }, // U+00AB
    { 20, 12, 381, 2, 17, 60, 1223 }, // U+00AC
    { 11, 4, 215, 1, 13, 11, 1283 }, // U+00AD
    { 31, 32, 555, 2, 31, 248, 1294 }, // U+00AE
    { 22, 4, 333, -1, 35, 22, 1542 }, // U+00AF
    { 14, 14, 285, 2, 31, 49, 1564 }, // U+00B0
    { 20, 25, 381, 2, 25, 125, 1613 }, // U+00B1
    { 12, 19, 233, 1, 36, 57, 1738 }, // U+00B2
    { 14, 19, 233, 0, 36, 67, 1795 }, // U+00B3
    { 10, 7, 187, 1, 32, 18, 1862 }, // U+00B4
    { 20, 33, 415, 3, 23, 165, 1880 }, // U+00B5
    { 21, 38, 437, 2, 32, 200, 2045 }, // U+00B6
    { 6, 7, 179, 3, 18, 11, 2245 }, // U+00B7
    { 9, 10, 150, 0, 0, 23, 2256 }, // U+00B8
    { 9, 19, 233, 1, 36, 43, 2279 }, // U+00B9
    { 14, 16, 251, 1, 31, 56, 2322 }, // U+00BA
    { 19, 18, 339, 1, 20, 86, 2378 }, // U+00BB
    { 30, 30, 497, 1, 30, 225, 2464 }, // U+00BC
    { 31, 30, 514, 0, 30, 233, 2689 }, // U+00BD
    { 33, 31, 521, 0, 31, 256, 2922 }, // U+00BE
    { 17, 31, 289, 1, 23, 132, 3178 }, // U+00BF
    { 27, 39, 426, 0, 39, 264, 3310 }, // U+00C0
    { 27, 39, 426, 0, 39, 264, 3574 }, // U+00C1
    { 27, 39, 426, 0, 39, 264, 3838 }, // U+00C2
    { 27, 38, 426, 0, 38, 257, 4102 }, // U+00C3
    { 27, 38, 426, 0, 38, 257, 4359 }, // U+00C4
    { 27, 38, 426, 0, 38, 257, 4616 }, // U+00C5
    { 36, 30, 587, -1, 30, 270, 4873 }, // U+00C6
    { 24, 41, 421, 2, 31, 246, 5143 }, // U+00C7
    { 17, 39, 371, 4, 39, 166, 5389 }, // U+00C8
    { 17, 39, 371, 4, 39, 166, 5555 }, // U+00C9
    { 17, 39, 371, 4, 39, 166, 5721 }, // U+00CA
    { 17, 38, 371, 4, 38, 162, 5887 }, // U+00CB
    { 12, 39, 226, 1, 39, 117, 6049 }, // U+00CC
    { 13, 39, 226, 1, 39, 127, 6166 }, // U+00CD
    { 15, 39, 226, 0, 39, 147, 6293 }, // U+00CE
    { 12, 38, 226, 1, 38, 114, 6440 }, // U+00CF
    { 27, 30, 487, 1, 30, 203, 6554 }, // U+00D0
    { 24, 38, 507, 4, 38, 228, 6757 }, // U+00D1
    { 28, 40, 521, 2, 39, 280, 6985 }, // U+00D2
    { 28, 40, 521, 2, 39, 280, 7265 }, // U+00D3
    { 28, 40, 521, 2, 39, 280, 7545 }, // U+00D4
    { 28, 39, 521, 2, 38, 273, 7825 }, // U+00D5
    { 28, 39, 521, 2, 38, 273, 8098 }, // U+00D6
    { 20, 19, 381, 2, 24, 95, 8371 }, // U+00D7
    { 28, 34, 521, 2, 32, 238, 8466 }, // U+00D8
    { 24, 40, 487, 3, 39, 240, 8704 }, // U+00D9
    { 24, 40, 487, 3, 39, 240, 8944 }, // U+00DA
    { 24, 40, 487, 3, 39, 240, 9184 }, // U+00DB
    { 24, 39, 487, 3, 38, 234, 9424 }, // U+00DC
    { 24, 39, 377, 0, 39, 234, 9658 }, // U+00DD
    { 20, 30, 403, 4, 30, 150, 9892 }, // U+00DE
    { 22, 33, 421, 3, 32, 182, 10042 }, // U+00DF
    { 19, 33, 374, 1, 32, 157, 10224 }, // U+00E0
    { 19, 33, 374, 1, 32, 157, 10381 }, // U+00E1
    { 19, 33, 374, 1, 32, 157, 10538 }, // U+00E2
    { 19, 32, 374, 1, 31, 152, 10695 }, // U+00E3
    { 19, 32, 374, 1, 31, 152, 10847 }, // U+00E4
    { 19, 36, 374, 1, 35, 171, 10999 }, // U+00E5
    { 33, 24, 576, 1, 23, 198, 11170 }, // U+00E6
    { 17, 33, 320, 2, 23, 141, 11368 }, // U+00E7
    { 20, 33, 376, 2, 32, 165, 11509 }, // U+00E8
    { 20, 33, 376, 2, 32, 165, 11674 }, // U+00E9
    { 20, 33, 376, 2, 32, 165, 11839 }, // U+00EA
    { 20, 32, 376, 2, 31, 160, 12004 }, // U+00EB
    { 10, 32, 172, -1, 32, 80, 12164 }, // U+00EC
    { 9, 32, 172, 3, 32, 72, 12244 }, // U+00ED
    { 15, 32, 172, -2, 32, 120, 12316 }, // U+00EE
    { 13, 31, 172, -1, 31, 101, 12436 }, // U+00EF
    { 21, 33, 403, 2, 32, 174, 12537 }, // U+00F0
    { 20, 31, 412, 3, 31, 155, 12711 }, // U+00F1
    { 21, 33, 403, 2, 32, 174, 12866 }, // U+00F2
    { 21, 33, 403, 2, 32, 174, 13040 }, // U+00F3
    { 21, 33, 403, 2, 32, 174, 13214 }, // U+00F4
    { 21, 32, 403, 2, 31, 168, 13388 }, // U+00F5
    { 21, 32, 403, 2, 31, 168, 13556 }, // U+00F6
    { 20, 20, 381, 2, 25, 100, 13724 }, // U+00F7
    { 21, 26, 403, 2, 24, 137, 13824 }, // U+00F8
    { 20, 33, 412, 3, 32, 165, 13961 }, // U+00F9
    { 20, 33, 412, 3, 32, 165, 14126 }, // U+00FA
    { 20, 33, 412, 3, 32, 165, 14291 }, // U+00FB
    { 20, 32, 412, 3, 31, 160, 14456 }, // U+00FC
    { 22, 42, 340, 0, 32, 231, 14616 }, // U+00FD
    { 21, 42, 410, 3, 32, 221, 14847 }, // U+00FE
    { 22, 41, 340, 0, 31, 226, 15068 }, // U+00FF
    { 27, 36, 426, 0, 36, 243, 0 }, // U+0100
    { 19, 30, 374, 1, 29, 143, 243 }, // U+0101
    { 27, 38, 426, 0, 38, 257, 386 }, // U+0102
    { 19, 32, 374, 1, 31, 152, 643 }, // U+0103
    { 27, 40, 426, 0, 30, 270, 795 }, // U+0104
    { 21, 33, 374, 1, 23, 174, 1065 }, // U+0105
    { 24, 40, 421, 2, 39, 240, 1239 }, // U+0106
    { 17, 33, 320, 2, 32, 141, 1479 }, // U+0107
    { 24, 40, 421, 2, 39, 240, 1620 }, // U+0108
    { 17, 33, 320, 2, 32, 141, 1860 }, // U+0109
    { 24, 39, 421, 2, 38, 234, 2001 }, // U+010A
    { 17, 32, 320, 2, 31, 136, 2235 }, // U+010B
    { 24, 40, 421, 2, 39, 240, 2371 }, // U+010C
    { 17, 33, 320, 2, 32, 141, 2611 }, // U+010D
    { 24, 39, 487, 4, 39, 234, 2752 }, // U+010E
    { 27, 33, 410, 2, 32, 223, 2986 }, // U+010F
    { 27, 30, 487, 1, 30, 203, 3209 }, // U+0110
    { 24, 33, 411, 2, 32, 198, 3412 }, // U+0111
    { 17, 36, 371, 4, 36, 153, 3610 }, // U+0112
    { 20, 30, 376, 2, 29, 150, 3763 }, // U+0113
    { 17, 38, 371, 4, 38, 162, 3913 }, // U+0114
    { 20, 32, 376, 2, 31, 160, 4075 }, // U+0115
    { 17, 38, 371, 4, 38, 162, 4235 }, // U+0116
    { 20, 32, 376, 2, 31, 160, 4397 }, // U+0117
    { 17, 40, 371, 4, 30, 170, 4557 }, // U+0118
    { 20, 33, 376, 2, 23, 165, 4727 }, // U+0119
    { 17, 39, 371, 4, 39, 166, 4892 }, // U+011A
    { 20, 33, 376, 2, 32, 165, 5058 }, // U+011B
    { 26, 40, 485, 2, 39, 260, 5223 }, // U+011C
    { 21, 42, 410, 2, 32, 221, 5483 }, // U+011D
    { 26, 39, 485, 2, 38, 254, 5704 }, // U+011E
    { 21, 41, 410, 2, 31, 216, 5958 }, // U+011F
    { 26, 39, 485, 2, 38, 254, 6174 }, // U+0120
    { 21, 41, 410, 2, 31, 216, 6428 }, // U+0121
    { 26, 41, 485, 2, 31, 267, 6644 }, // U+0122
    { 21, 42, 410, 2, 32, 221, 6911 }, // U+0123
    { 23, 39, 494, 4, 39, 225, 7132 }, // U+0124
    { 25, 41, 412, -2, 41, 257, 7357 }, // U+0125
    { 31, 30, 494, 0, 30, 233, 7614 }, // U+0126
    { 23, 32, 412, 0, 32, 184, 7847 }, // U+0127
    { 16, 38, 226, -1, 38, 152, 8031 }, // U+0128
    { 17, 31, 172, -3, 31, 132, 8183 }, // U+0129
    { 14, 36, 226, 0, 36, 126, 8315 }, // U+012A
    { 13, 29, 172, -1, 29, 95, 8441 }, // U+012B
    { 14, 38, 226, 0, 38, 133, 8536 }, // U+012C
    { 14, 31, 172, -2, 31, 109, 8669 }, // U+012D
    { 12, 40, 226, 1, 30, 120, 8778 }, // U+012E
    { 7, 41, 172, 1, 31, 72, 8898 }, // U+012F
    { 12, 38, 226, 1, 38, 114, 8970 }, // U+0130
    { 5, 23, 172, 3, 23, 29, 9084 }, // U+0131
    { 21, 38, 408, 1, 30, 200, 9113 }, // U+0132
    { 16, 41, 344, 3, 31, 164, 9313 }, // U+0133
    { 17, 47, 182, -4, 39, 200, 9477 }, // U+0134
    { 16, 42, 172, -3, 32, 168, 9677 }, // U+0135
    { 22, 40, 413, 4, 30, 220, 9845 }, // U+0136
    { 19, 42, 356, 3, 32, 200, 10065 }, // U+0137
    { 19, 23, 356, 3, 23, 110, 10265 }, // U+0138
    { 18, 39, 349, 3, 39, 176, 10375 }, // U+0139
    { 9, 41, 172, 3, 41, 93, 10551 }, // U+013A
    { 17, 40, 349, 4, 30, 170, 10644 }, // U+013B
    { 7, 42, 172, 2, 32, 74, 10814 }, // U+013C
    { 17, 30, 349, 4, 30, 128, 10888 }, // U+013D
    { 12, 32, 172, 3, 32, 96, 11016 }, // U+013E
    { 17, 30, 349, 4, 30, 128, 11112 }, // U+013F
    { 11, 32, 179, 3, 32, 88, 11240 }, // U+0140
    { 21, 30, 349, 0, 30, 158, 11328 }, // U+0141
    { 13, 32, 172, -1, 32, 104, 11486 }, // U+0142
    { 24, 39, 507, 4, 39, 234, 11590 }, // U+0143
    { 20, 32, 412, 3, 32, 160, 11824 }, // U+0144
    { 24, 40, 507, 4, 30, 240, 11984 }, // U+0145
    { 20, 33, 412, 3, 23, 165, 12224 }, // U+0146
    { 24, 39, 507, 4, 39, 234, 12389 }, // U+0147
    { 20, 32, 412, 3, 32, 160, 12623 }, // U+0148
    { 26, 30, 459, 0, 30, 195, 12783 }, // U+0149
    { 24, 38, 507, 4, 30, 228, 12978 }, // U+014A
    { 20, 33, 412, 3, 23, 165, 13206 }, // U+014B
    { 28, 37, 521, 2, 36, 259, 13371 }, // U+014C
    { 21, 30, 403, 2, 29, 158, 13630 }, // U+014D
    { 28, 39, 521, 2, 38, 273, 13788 }, // U+014E
    { 21, 32, 403, 2, 31, 168, 14061 }, // U+014F
    { 28, 40, 521, 2, 39, 280, 14229 }, // U+0150
    { 21, 33, 403, 2, 32, 174, 14509 }, // U+0151
    { 35, 32, 619, 2, 31, 280, 14683 }, // U+0152
    { 36, 24, 631, 2, 23, 216, 14963 }, // U+0153
    { 22, 39, 415, 4, 39, 215, 15179 }, // U+0154
    { 14, 32, 275, 3, 32, 112, 15394 }, // U+0155
    { 22, 40, 415, 4, 30, 220, 15506 }, // U+0156
    { 15, 33, 275, 2, 23, 124, 15726 }, // U+0157
    { 22, 39, 415, 4, 39, 215, 15850 }, // U+0158
    { 16, 32, 275, 2, 32, 128, 16065 }, // U+0159
    { 19, 40, 366, 2, 39, 190, 16193 }, // U+015A
    { 17, 33, 319, 2, 32, 141, 16383 }, // U+015B
    { 19, 40, 366, 2, 39, 190, 16524 }, // U+015C
    { 17, 33, 319, 2, 32, 141, 16714 }, // U+015D
    { 19, 41, 366, 2, 31, 195, 16855 }, // U+015E
    { 17, 33, 319, 2, 23, 141, 17050 }, // U+015F
    { 19, 40, 366, 2, 39, 190, 17191 }, // U+0160
    { 17, 33, 319, 2, 32, 141, 17381 }, // U+0161
    { 23, 40, 371, 0, 30, 230, 17522 }, // U+0162
    { 15, 38, 241, 0, 28, 143, 17752 }, // U+0163
    { 23, 39, 371, 0, 39, 225, 17895 }, // U+0164
    { 20, 33, 241, 0, 32, 165, 18120 }, // U+0165
    { 23, 30, 371, 0, 30, 173, 18285 }, // U+0166
    { 15, 29, 241, 0, 28, 109, 18458 }, // U+0167
    { 24, 39, 487, 3, 38, 234, 18567 }, // U+0168
    { 20, 32, 412, 3, 31, 160, 18801 }, // U+0169
    { 24, 37, 487, 3, 36, 222, 18961 }, // U+016A
    { 20, 30, 412, 3, 29, 150, 19183 }, // U+016B
    { 24, 39, 487, 3, 38, 234, 19333 }, // U+016C
    { 20, 32, 412, 3, 31, 160, 19567 }, // U+016D
    { 24, 43, 487, 3, 42, 258, 19727 }, // U+016E
    { 20, 36, 412, 3, 35, 180, 19985 }, // U+016F
    { 24, 40, 487, 3, 39, 240, 20165 }, // U+0170
    { 20, 33, 412, 3, 32, 165, 20405 }, // U+0171
    { 24, 40, 487, 3, 30, 240, 20570 }, // U+0172
    { 20, 33, 412, 3, 23, 165, 20810 }, // U+0173
    { 39, 39, 620, 0, 39, 381, 20975 }, // U+0174
    { 33, 32, 524, 0, 32, 264, 21356 }, // U+0175
    { 24, 39, 377, 0, 39, 234, 21620 }, // U+0176
    { 22, 42, 340, 0, 32, 231, 21854 }, // U+0177
    { 24, 38, 377, 0, 38, 228, 22085 }, // U+0178
    { 22, 39, 381, 1, 39, 215, 22313 }, // U+0179
    { 17, 32, 313, 1, 32, 136, 22528 }, // U+017A
    { 22, 38, 381, 1, 38, 209, 22664 }, // U+017B
    { 17, 31, 313, 1, 31, 132, 22873 }, // U+017C
    { 22, 39, 381, 1, 39, 215, 23005 }, // U+017D
    { 17, 32, 313, 1, 32, 136, 23220 }, // U+017E
    { 13, 32, 217, 3, 32, 104, 23356 }, // U+017F
    { 32, 33, 523, 2, 32, 264, 0 }, // U+01A0
    { 25, 27, 411, 2, 26, 169, 264 }, // U+01A1
    { 32, 33, 520, 3, 32, 264, 433 }, // U+01AF
    { 27, 27, 449, 3, 26, 183, 697 }, // U+01B0
    { 49, 39, 861, 4, 39, 478, 880 }, // U+01C4
    { 45, 32, 800, 4, 32, 360, 1358 }, // U+01C5
    { 42, 33, 723, 2, 32, 347, 1718 }, // U+01C6
    { 26, 38, 531, 4, 30, 247, 2065 }, // U+01C7
    { 26, 41, 521, 4, 31, 267, 2312 }, // U+01C8
    { 16, 42, 344, 3, 32, 168, 2579 }, // U+01C9
    { 36, 38, 689, 4, 30, 342, 2747 }, // U+01CA
    { 36, 41, 679, 4, 31, 369, 3089 }, // U+01CB
    { 31, 41, 584, 3, 31, 318, 3458 }, // U+01CC
    { 27, 39, 426, 0, 39, 264, 3776 }, // U+01CD
    { 19, 33, 374, 1, 32, 157, 4040 }, // U+01CE
    { 15, 39, 226, 0, 39, 147, 4197 }, // U+01CF
    { 15, 32, 172, -2, 32, 120, 4344 }, // U+01D0
    { 28, 40, 521, 2, 39, 280, 4464 }, // U+01D1
    { 21, 33, 403, 2, 32, 174, 4744 }, // U+01D2
    { 24, 40, 487, 3, 39, 240, 4918 }, // U+01D3
    { 20, 33, 412, 3, 32, 165, 5158 }, // U+01D4
    { 24, 44, 487, 3, 43, 264, 5323 }, // U+01D5
    { 20, 36, 412, 3, 35, 180, 5587 }, // U+01D6
    { 24, 45, 487, 3, 44, 270, 5767 }, // U+01D7
    { 20, 38, 412, 3, 37, 190, 6037 }, // U+01D8
    { 24, 46, 487, 3, 45, 276, 6227 }, // U+01D9
    { 20, 38, 412, 3, 37, 190, 6503 }, // U+01DA
    { 24, 45, 487, 3, 44, 270, 6693 }, // U+01DB
    { 20, 38, 412, 3, 37, 190, 6963 }, // U+01DC
    { 20, 24, 376, 2, 23, 120, 7153 }, // U+01DD
    { 27, 43, 426, 0, 43, 291, 7273 }, // U+01DE
    { 19, 36, 374, 1, 35, 171, 7564 }, // U+01DF
    { 27, 42, 426, 0, 42, 284, 7735 }, // U+01E0
    { 19, 36, 374, 1, 35, 171, 8019 }, // U+01E1
    { 36, 36, 587, -1, 36, 324, 8190 }, // U+01E2
    { 33, 30, 576, 1, 29, 248, 8514 }, // U+01E3
    { 28, 32, 485, 2, 31, 224, 8762 }, // U+01E4
    { 23, 33, 410, 2, 23, 190, 8986 }, // U+01E5
    { 26, 40, 485, 2, 39, 260, 9176 }, // U+01E6
    { 21, 42, 410, 2, 32, 221, 9436 }, // U+01E7
    { 22, 39, 413, 4, 39, 215, 9657 }, // U+01E8
    { 24, 41, 356, -2, 41, 246, 9872 }, // U+01E9
    { 28, 41, 521, 2, 31, 287, 10118 }, // U+01EA
    { 21, 33, 403, 2, 23, 174, 10405 }, // U+01EB
    { 28, 46, 521, 2, 36, 322, 10579 }, // U+01EC
    { 21, 39, 403, 2, 29, 205, 10901 }, // U+01ED
    { 22, 40, 389, 1, 39, 220, 11106 }, // U+01EE
    { 20, 42, 332, 0, 32, 210, 11326 }, // U+01EF
    { 16, 42, 172, -3, 32, 168, 11536 }, // U+01F0
    { 49, 30, 861, 4, 30, 368, 11704 }, // U+01F1
    { 45, 30, 800, 4, 30, 338, 12072 }, // U+01F2
    { 42, 33, 723, 2, 32, 347, 12410 }, // U+01F3
    { 26, 40, 485, 2, 39, 260, 12757 }, // U+01F4
    { 21, 42, 410, 2, 32, 221, 13017 }, // U+01F5
    { 32, 31, 625, 4, 30, 248, 13238 }, // U+01F6
    { 22, 41, 441, 4, 31, 226, 13486 }, // U+01F7
    { 24, 39, 507, 4, 39, 234, 13712 }, // U+01F8
    { 20, 32, 412, 3, 32, 160, 13946 }, // U+01F9
    { 27, 40, 427, 0, 40, 270, 14106 }, // U+01FA
    { 19, 41, 374, 1, 40, 195, 14376 }, // U+01FB
    { 36, 39, 587, -1, 39, 351, 14571 }, // U+01FC
    { 33, 33, 576, 1, 32, 273, 14922 }, // U+01FD
    { 28, 41, 521, 2, 39, 287, 15195 }, // U+01FE
    { 21, 34, 403, 2, 32, 179, 15482 }, // U+01FF
    { 27, 39, 426, 0, 39, 264, 15661 }, // U+0200
    { 19, 33, 374, 1, 32, 157, 15925 }, // U+0201
    { 27, 38, 426, 0, 38, 257, 16082 }, // U+0202
    { 19, 32, 374, 1, 31, 152, 16339 }, // U+0203
    { 18, 39, 371, 3, 39, 176, 16491 }, // U+0204
    { 20, 33, 376, 2, 32, 165, 16667 }, // U+0205
    { 17, 38, 371, 4, 38, 162, 16832 }, // U+0206
    { 20, 32, 376, 2, 31, 160, 16994 }, // U+0207
    { 16, 39, 226, -3, 39, 156, 17154 }, // U+0208
    { 15, 32, 172, -4, 32, 120, 17310 }, // U+0209
    { 14, 38, 226, 0, 38, 133, 17430 }, // U+020A
    { 14, 31, 172, -2, 31, 109, 17563 }, // U+020B
    { 28, 40, 521, 2, 39, 280, 17672 }, // U+020C
    { 21, 33, 403, 2, 32, 174, 17952 }, // U+020D
    { 28, 39, 521, 2, 38, 273, 18126 }, // U+020E
    { 21, 32, 403, 2, 31, 168, 18399 }, // U+020F
    { 23, 39, 415, 3, 39, 225, 18567 }, // U+0210
    { 17, 32, 275, 0, 32, 136, 18792 }, // U+0211
    { 22, 38, 415, 4, 38, 209, 18928 }, // U+0212
    { 14, 31, 275, 3, 31, 109, 19137 }, // U+0213
    { 24, 40, 487, 3, 39, 240, 19246 }, // U+0214
    { 20, 33, 412, 3, 32, 165, 19486 }, // U+0215
    { 24, 39, 487, 3, 38, 234, 19651 }, // U+0216
    { 20, 32, 412, 3, 31, 160, 19885 }, // U+0217
    { 19, 41, 366, 2, 31, 195, 20045 }, // U+0218
    { 17, 33, 319, 2, 23, 141, 20240 }, // U+0219
    { 23, 40, 371, 0, 30, 230, 20381 }, // U+021A
    { 15, 38, 241, 0, 28, 143, 20611 }, // U+021B
    { 21, 39, 383, 1, 31, 205, 20754 }, // U+021C
    { 18, 33, 331, 1, 23, 149, 20959 }, // U+021D
    { 23, 39, 494, 4, 39, 225, 21108 }, // U+021E
    { 25, 41, 412, -2, 41, 257, 21333 }, // U+021F
    { 9, 7, 0, -21, 32, 16, 0 }, // U+0300
    { 9, 7, 0, -14, 32, 16, 16 }, // U+0301
    { 15, 7, 0, -7, 32, 27, 32 }, // U+0302
    { 16, 6, 0, -21, 31, 24, 59 }, // U+0303
    { 14, 4, 0, -7, 29, 14, 83 }, // U+0304
    { 18, 4, 0, -9, 36, 18, 97 }, // U+0305
    { 14, 6, 0, -7, 31, 21, 115 }, // U+0306
    { 6, 5, 0, -3, 31, 8, 136 }, // U+0307
    { 12, 5, 0, -6, 31, 15, 144 }, // U+0308
    { 8, 11, 0, -16, 35, 22, 159 }, // U+0309
    { 10, 10, 0, -5, 35, 25, 181 }, // U+030A
    { 16, 7, 0, -6, 32, 28, 206 }, // U+030B
    { 16, 7, 0, -8, 32, 28, 234 }, // U+030C
    { 4, 8, 0, -2, 32, 8, 262 }, // U+030D
    { 10, 8, 0, -5, 32, 20, 270 }, // U+030E
    { 16, 7, 0, -22, 32, 28, 290 }, // U+030F
    { 14, 11, 0, -7, 36, 39, 318 }, // U+0310
    { 14, 6, 0, -7, 31, 21, 357 }, // U+0311
    { 7, 11, 0, -4, 30, 20, 378 }, // U+0312
    { 8, 11, 0, -4, 30, 22, 398 }, // U+0313
    { 8, 11, 0, -4, 30, 22, 420 }, // U+0314
    { 8, 11, 0, -4, 30, 22, 442 }, // U+0315
    { 10, 7, 0, -5, -2, 18, 464 }, // U+0316
    { 10, 7, 0, -5, -2, 18, 482 }, // U+0317
    { 8, 9, 0, -4, -1, 18, 500 }, // U+0318
    { 8, 9, 0, -4, -1, 18, 518 }, // U+0319
    { 12, 11, 209, 0, 32, 33, 536 }, // U+031A
    { 10, 9, 0, -5, 32, 23, 569 }, // U+031B
    { 6, 10, 0, -3, 0, 15, 592 }, // U+031C
    { 10, 7, 0, -5, -2, 18, 607 }, // U+031D
    { 10, 7, 0, -5, -2, 18, 625 }, // U+031E
    { 10, 9, 0, -5, -1, 23, 643 }, // U+031F
    { 10, 3, 0, -5, -4, 8, 666 }, // U+0320
    { 8, 12, 0, -8, 2, 24, 674 }, // U+0321
    { 8, 12, 0, 0, 2, 24, 698 }, // U+0322
    { 5, 6, 0, -15, -2, 8, 722 }, // U+0323
    { 12, 5, 0, -6, -3, 15, 730 }, // U+0324
    { 10, 10, 0, -5, 0, 25, 745 }, // U+0325
    { 6, 8, 0, -3, -2, 12, 770 }, // U+0326
    { 10, 10, 0, -5, 0, 25, 782 }, // U+0327
    { 8, 11, 0, -4, 1, 22, 807 }, // U+0328
    { 4, 8, 0, -2, -1, 8, 829 }, // U+0329
    { 16, 8, 0, -8, -2, 32, 837 }, // U+032A
    { 16, 6, 0, -8, -2, 24, 869 }, // U+032B
    { 15, 7, 0, -7, -2, 27, 893 }, // U+032C
    { 16, 7, 0, -8, -2, 28, 920 }, // U+032D
    { 14, 6, 0, -7, -2, 21, 948 }, // U+032E
    { 14, 6, 0, -7, -2, 21, 969 }, // U+032F
    { 16, 6, 0, -8, -2, 24, 990 }, // U+0330
    { 14, 4, 0, -7, -2, 14, 1014 }, // U+0331
    { 20, 4, 0, -10, -3, 20, 1028 }, // U+0332
    { 18, 9, 0, -9, -1, 41, 1048 }, // U+0333
    { 16, 6, 0, -8, 14, 24, 1089 }, // U+0334
    { 18, 4, 0, -9, 15, 18, 1113 }, // U+0335
    { 30, 4, 0, -15, 14, 30, 1131 }, // U+0336
    { 14, 10, 0, -7, 17, 35, 1161 }, // U+0337
    { 18, 35, 0, -9, 32, 158, 1196 }, // U+0338
    { 6, 10, 0, -3, 0, 15, 1354 }, // U+0339
    { 16, 8, 0, -8, -2, 32, 1369 }, // U+033A
    { 16, 9, 0, -8, -1, 36, 1401 }, // U+033B
    { 16, 6, 0, -8, -2, 24, 1437 }, // U+033C
    { 10, 10, 0, -5, 33, 25, 1461 }, // U+033D
    { 6, 13, 0, -3, 37, 20, 1486 }, // U+033E
    { 18, 9, 0, -9, 40, 41, 1506 }, // U+033F
    { 9, 7, 0, -7, 32, 16, 1547 }, // U+0340
    { 9, 7, 0, -2, 32, 16, 1563 }, // U+0341
    { 16, 6, 0, -8, 31, 24, 1579 }, // U+0342
    { 7, 8, 0, -4, 33, 14, 1603 }, // U+0343
    { 16, 8, 0, -7, 33, 32, 1617 }, // U+0344
    { 7, 7, 0, -2, -3, 13, 1649 }, // U+0345
    { 20, 8, 0, -10, 32, 40, 1662 }, // U+0346
    { 18, 9, 0, -9, -1, 41, 1702 }, // U+0347
    { 10, 8, 0, -5, -1, 20, 1743 }, // U+0348
    { 8, 8, 0, -4, -2, 16, 1763 }, // U+0349
    { 16, 10, 0, -8, 33, 40, 1779 }, // U+034A
    { 16, 15, 0, -8, 39, 60, 1819 }, // U+034B
    { 14, 11, 0, -7, 36, 39, 1879 }, // U+034C
    { 16, 9, 0, -8, -1, 36, 1918 }, // U+034D
    { 8, 9, 0, -4, -1, 18, 1954 }, // U+034E
    { 30, 30, 0, -15, 30, 225, 1972 }, // U+034F
    { 8, 9, 0, -4, 33, 18, 2197 }, // U+0350
    { 5, 10, 0, -2, 34, 13, 2215 }, // U+0351
    { 14, 10, 0, -7, 35, 35, 2228 }, // U+0352
    { 8, 9, 0, -4, -1, 18, 2263 }, // U+0353
    { 8, 9, 0, -4, -1, 18, 2281 }, // U+0354
    { 8, 9, 0, -4, -1, 18, 2299 }, // U+0355
    { 17, 9, 0, -8, -1, 39, 2317 }, // U+0356
    { 5, 10, 0, -2, 34, 13, 2356 }, // U+0357
    { 5, 5, 0, 5, 31, 7, 2369 }, // U+0358
    { 10, 9, 0, -5, -1, 23, 2376 }, // U+0359
    { 16, 9, 0, -8, -1, 36, 2399 }, // U+035A
    { 8, 9, 0, -4, 33, 18, 2435 }, // U+035B
    { 34, 9, 0, -17, -1, 77, 2453 }, // U+035C
    { 34, 9, 0, -17, 33, 77, 2530 }, // U+035D
    { 26, 3, 0, -13, 29, 20, 2607 }, // U+035E
    { 26, 3, 0, -13, -2, 20, 2627 }, // U+035F
    { 34, 6, 0, -17, 31, 51, 2647 }, // U+0360
    { 34, 9, 0, -17, 36, 77, 2698 }, // U+0361
    { 33, 9, 0, -16, -1, 75, 2775 }, // U+0362
    { 9, 10, 0, -4, 35, 23, 2850 }, // U+0363
    { 9, 10, 0, -4, 35, 23, 2873 }, // U+0364
    { 3, 14, 0, -1, 39, 11, 2896 }, // U+0365
    { 11, 10, 0, -5, 35, 28, 2907 }, // U+0366
    { 9, 10, 0, -4, 35, 23, 2935 }, // U+0367
    { 9, 10, 0, -4, 35, 23, 2958 }, // U+0368
    { 10, 14, 0, -5, 39, 35, 2981 }, // U+0369
    { 9, 14, 0, -4, 39, 32, 3016 }, // U+036A
    { 15, 10, 0, -7, 35, 38, 3048 }, // U+036B
    { 6, 10, 0, -2, 35, 15, 3086 }, // U+036C
    { 7, 12, 0, -3, 37, 21, 3101 }, // U+036D
    { 11, 10, 0, -5, 35, 28, 3122 }, // U+036E
    { 11, 10, 0, -5, 35, 28, 3150 }, // U+036F
    { 27, 38, 426, 0, 30, 257, 0 }, // U+1EA0
    { 19, 31, 374, 1, 23, 148, 257 }, // U+1EA1
    { 27, 42, 426, 0, 42, 284, 405 }, // U+1EA2
    { 19, 36, 374, 1, 35, 171, 689 }, // U+1EA3
    { 27, 41, 426, 0, 41, 277, 860 }, // U+1EA4
    { 22, 35, 374, 1, 34, 193, 1137 }, // U+1EA5
    { 27, 41, 426, 0, 41, 277, 1330 }, // U+1EA6
    { 20, 35, 374, 0, 34, 175, 1607 }, // U+1EA7
    { 27, 44, 426, 0, 44, 297, 1782 }, // U+1EA8
    { 21, 38, 374, 1, 37, 200, 2079 }, // U+1EA9
    { 27, 44, 426, 0, 44, 297, 2279 }, // U+1EAA
    { 19, 38, 374, 1, 37, 181, 2576 }, // U+1EAB
    { 27, 47, 426, 0, 39, 318, 2757 }, // U+1EAC
    { 19, 40, 374, 1, 32, 190, 3075 }, // U+1EAD
    { 27, 43, 426, 0, 43, 291, 3265 }, // U+1EAE
    { 19, 37, 374, 1, 36, 176, 3556 }, // U+1EAF
    { 27, 43, 426, 0, 43, 291, 3732 }, // U+1EB0
    { 19, 37, 374, 1, 36, 176, 4023 }, // U+1EB1
    { 27, 44, 426, 0, 44, 297, 4199 }, // U+1EB2
    { 19, 38, 374, 1, 37, 181, 4496 }, // U+1EB3
    { 27, 44, 426, 0, 44, 297, 4677 }, // U+1EB4
    { 19, 38, 374, 1, 37, 181, 4974 }, // U+1EB5
    { 27, 46, 426, 0, 38, 311, 5155 }, // U+1EB6
    { 19, 39, 374, 1, 31, 186, 5466 }, // U+1EB7
    { 17, 38, 371, 4, 30, 162, 5652 }, // U+1EB8
    { 20, 31, 376, 2, 23, 155, 5814 }, // U+1EB9
    { 17, 42, 371, 4, 42, 179, 5969 }, // U+1EBA
    { 20, 36, 376, 2, 35, 180, 6148 }, // U+1EBB
    { 17, 38, 371, 4, 38, 162, 6328 }, // U+1EBC
    { 20, 32, 376, 2, 31, 160, 6490 }, // U+1EBD
    { 20, 41, 371, 4, 41, 205, 6650 }, // U+1EBE
    { 22, 35, 376, 2, 34, 193, 6855 }, // U+1EBF
    { 20, 41, 371, 1, 41, 205, 7048 }, // U+1EC0
    { 21, 35, 376, 1, 34, 184, 7253 }, // U+1EC1
    { 19, 44, 371, 4, 44, 209, 7437 }, // U+1EC2
    { 20, 38, 376, 2, 37, 190, 7646 }, // U+1EC3
    { 17, 44, 371, 4, 44, 187, 7836 }, // U+1EC4
    { 20, 38, 376, 2, 37, 190, 8023 }, // U+1EC5
    { 17, 47, 371, 4, 39, 200, 8213 }, // U+1EC6
    { 20, 40, 376, 2, 32, 200, 8413 }, // U+1EC7
    { 12, 42, 226, 1, 42, 126, 8613 }, // U+1EC8
    { 9, 35, 172, 2, 35, 79, 8739 }, // U+1EC9
    { 12, 38, 226, 1, 30, 114, 8818 }, // U+1ECA
    { 5, 39, 172, 3, 31, 49, 8932 }, // U+1ECB
    { 28, 39, 521, 2, 31, 273, 8981 }, // U+1ECC
    { 21, 31, 403, 2, 23, 163, 9254 }, // U+1ECD
    { 28, 43, 521, 2, 42, 301, 9417 }, // U+1ECE
    { 21, 36, 403, 2, 35, 189, 9718 }, // U+1ECF
    { 28, 42, 521, 2, 41, 294, 9907 }, // U+1ED0
    { 22, 35, 403, 2, 34, 193, 10201 }, // U+1ED1
    { 28, 42, 521, 2, 41, 294, 10394 }, // U+1ED2
    { 22, 35, 403, 1, 34, 193, 10688 }, // U+1ED3
    { 28, 45, 521, 2, 44, 315, 10881 }, // U+1ED4
    { 21, 38, 403, 2, 37, 200, 11196 }, // U+1ED5
    { 28, 45, 521, 2, 44, 315, 11396 }, // U+1ED6
    { 21, 38, 403, 2, 37, 200, 11711 }, // U+1ED7
    { 28, 47, 521, 2, 39, 329, 11911 }, // U+1ED8
    { 21, 40, 403, 2, 32, 210, 12240 }, // U+1ED9
    { 32, 40, 523, 2, 39, 320, 12450 }, // U+1EDA
    { 25, 33, 411, 2, 32, 207, 12770 }, // U+1EDB
    { 32, 40, 523, 2, 39, 320, 12977 }, // U+1EDC
    { 25, 33, 411, 2, 32, 207, 13297 }, // U+1EDD
    { 32, 43, 523, 2, 42, 344, 13504 }, // U+1EDE
    { 25, 36, 411, 2, 35, 225, 13848 }, // U+1EDF
    { 32, 39, 523, 2, 38, 312, 14073 }, // U+1EE0
    { 25, 32, 411, 2, 31, 200, 14385 }, // U+1EE1
    { 32, 40, 523, 2, 32, 320, 14585 }, // U+1EE2
    { 25, 34, 411, 2, 26, 213, 14905 }, // U+1EE3
    { 24, 38, 487, 3, 30, 228, 15118 }, // U+1EE4
    { 20, 31, 412, 3, 23, 155, 15346 }, // U+1EE5
    { 24, 43, 487, 3, 42, 258, 15501 }, // U+1EE6
    { 20, 36, 412, 3, 35, 180, 15759 }, // U+1EE7
    { 32, 40, 520, 3, 39, 320, 15939 }, // U+1EE8
    { 27, 33, 449, 3, 32, 223, 16259 }, // U+1EE9
    { 32, 40, 520, 3, 39, 320, 16482 }, // U+1EEA
    { 27, 33, 449, 3, 32, 223, 16802 }, // U+1EEB
    { 32, 43, 520, 3, 42, 344, 17025 }, // U+1EEC
    { 27, 36, 449, 3, 35, 243, 17369 }, // U+1EED
    { 32, 39, 520, 3, 38, 312, 17612 }, // U+1EEE
    { 27, 32, 449, 3, 31, 216, 17924 }, // U+1EEF
    { 32, 40, 520, 3, 32, 320, 18140 }, // U+1EF0
    { 27, 34, 449, 3, 26, 230, 18460 }, // U+1EF1
    { 24, 39, 377, 0, 39, 234, 18690 }, // U+1EF2
    { 22, 42, 340, 0, 32, 231, 18924 }, // U+1EF3
    { 24, 38, 377, 0, 30, 228, 19155 }, // U+1EF4
    { 22, 33, 340, 0, 23, 182, 19383 }, // U+1EF5
    { 24, 42, 377, 0, 42, 252, 19565 }, // U+1EF6
    { 22, 45, 340, 0, 35, 248, 19817 }, // U+1EF7
    { 24, 38, 377, 0, 38, 228, 20065 }, // U+1EF8
    { 22, 41, 340, 0, 31, 226, 20293 }, // U+1EF9
    { 0, 0, 333, 0, 0, 0, 0 }, // U+2000
    { 0, 0, 667, 0, 0, 0, 0 }, // U+2001
    { 0, 0, 333, 0, 0, 0, 0 }, // U+2002
    { 0, 0, 667, 0, 0, 0, 0 }, // U+2003
    { 0, 0, 222, 0, 0, 0, 0 }, // U+2004
    { 0, 0, 167, 0, 0, 0, 0 }, // U+2005
    { 0, 0, 111, 0, 0, 0, 0 }, // U+2006
    { 0, 0, 381, 0, 0, 0, 0 }, // U+2007
    { 0, 0, 179, 0, 0, 0, 0 }, // U+2008
    { 0, 0, 111, 0, 0, 0, 0 }, // U+2009
    { 0, 0, 67, 0, 0, 0, 0 }, // U+200A
    { 0, 0, 0, 0, 0, 0, 0 }, // U+200B
    { 0, 0, 0, 0, 0, 0, 0 }, // U+200C
    { 0, 0, 0, 0, 0, 0, 0 }, // U+200D
    { 10, 35, 0, -1, 29, 88, 0 }, // U+200E
    { 10, 35, 0, -9, 29, 88, 88 }, // U+200F
    { 11, 4, 215, 1, 13, 11, 176 }, // U+2010
    { 11, 4, 215, 1, 13, 11, 187 }, // U+2011
    { 22, 4, 381, 1, 17, 22, 198 }, // U+2012
    { 19, 4, 333, 1, 13, 19, 220 }, // U+2013
    { 39, 4, 667, 1, 13, 39, 239 }, // U+2014
    { 39, 4, 667, 1, 13, 39, 278 }, // U+2015
    { 13, 43, 367, 5, 32, 140, 317 }, // U+2016
    { 19, 9, 274, -1, -1, 43, 457 }, // U+2017
    { 7, 11, 117, 0, 30, 20, 500 }, // U+2018
    { 7, 11, 117, 0, 30, 20, 520 }, // U+2019
    { 7, 11, 167, 1, 5, 20, 540 }, // U+201A
    { 7, 11, 117, 0, 30, 20, 560 }, // U+201B
    { 15, 11, 239, 0, 30, 42, 580 }, // U+201C
    { 15, 11, 239, 0, 30, 42, 622 }, // U+201D
    { 15, 11, 277, 1, 5, 42, 664 }, // U+201E
    { 15, 11, 239, 0, 30, 42, 706 }, // U+201F
    { 17, 32, 341, 2, 32, 136, 748 }, // U+2020
    { 17, 32, 341, 2, 32, 136, 884 }, // U+2021
    { 10, 11, 251, 3, 21, 28, 1020 }, // U+2022
    { 12, 13, 245, 2, 22, 39, 1048 }, // U+2023
    { 6, 7, 333, 7, 6, 11, 1087 }, // U+2024
    { 17, 7, 357, 3, 6, 30, 1098 }, // U+2025
    { 27, 7, 527, 3, 6, 48, 1128 }, // U+2026
    { 6, 7, 179, 3, 14, 11, 1176 }, // U+2027
    { 0, 0, 400, 0, 0, 0, 1187 }, // U+2028
    { 0, 0, 400, 0, 0, 0, 1187 }, // U+2029
    { 10, 32, 0, -1, 26, 80, 1187 }, // U+202A
    { 10, 32, 0, -9, 26, 80, 1267 }, // U+202B
    { 10, 35, 0, -5, 29, 88, 1347 }, // U+202C
    { 10, 35, 0, -5, 29, 88, 1435 }, // U+202D
    { 10, 35, 0, -5, 29, 88, 1523 }, // U+202E
    { 0, 0, 111, 0, 0, 0, 1611 }, // U+202F
    { 45, 32, 785, 2, 31, 360, 1611 }, // U+2030
    { 62, 32, 1029, 1, 31, 496, 1971 }, // U+2031
    { 10, 11, 155, 1, 30, 28, 2467 }, // U+2032
    { 18, 11, 272, 1, 30, 50, 2495 }, // U+2033
    { 25, 11, 389, 1, 30, 69, 2545 }, // U+2034
    { 11, 11, 155, -2, 30, 31, 2614 }, // U+2035
    { 17, 11, 293, -2, 30, 47, 2645 }, // U+2036
    { 24, 11, 401, -2, 30, 66, 2692 }, // U+2037
    { 16, 14, 266, 0, 4, 56, 2758 }, // U+2038
    { 11, 18, 207, 1, 20, 50, 2814 }, // U+2039
    { 11, 18, 207, 1, 20, 50, 2864 }, // U+203A
    { 31, 32, 558, 2, 31, 248, 2914 }, // U+203B
    { 15, 31, 333, 3, 30, 117, 3162 }, // U+203C
    { 18, 32, 296, 0, 31, 144, 3279 }, // U+203D
    { 22, 4, 333, -1, 35, 22, 3423 }, // U+203E
    { 25, 9, 406, 0, -1, 57, 3445 }, // U+203F
    { 25, 9, 406, 0, 33, 57, 3502 }, // U+2040
    { 15, 27, 249, 0, 17, 102, 3559 }, // U+2041
    { 46, 38, 745, 0, 32, 437, 3661 }, // U+2042
    { 11, 4, 215, 1, 13, 11, 4098 }, // U+2043
    { 22, 30, 87, -8, 30, 165, 4109 }, // U+2044
    { 10, 37, 216, 3, 30, 93, 4274 }, // U+2045
    { 10, 37, 216, 1, 30, 93, 4367 }, // U+2046
    { 35, 32, 570, 0, 31, 280, 4460 }, // U+2047
    { 26, 32, 453, 0, 31, 208, 4740 }, // U+2048
    { 25, 32, 455, 3, 31, 200, 4948 }, // U+2049
    { 21, 23, 381, 1, 23, 121, 5148 }, // U+204A
    { 22, 38, 437, 3, 32, 209, 5269 }, // U+204B
    { 21, 22, 426, 2, 23, 116, 5478 }, // U+204C
    { 22, 22, 426, 3, 23, 121, 5594 }, // U+204D
    { 21, 20, 367, 1, 11, 105, 5715 }, // U+204E
    { 8, 29, 158, 1, 23, 58, 5820 }, // U+204F
    { 25, 43, 403, 0, 33, 269, 5878 }, // U+2050
    { 21, 41, 367, 1, 32, 216, 6147 }, // U+2051
    { 16, 32, 248, 0, 31, 128, 6363 }, // U+2052
    { 36, 8, 667, 3, 16, 72, 6491 }, // U+2053
    { 25, 10, 403, 0, 0, 63, 6563 }, // U+2054
    { 22, 23, 381, 1, 22, 127, 6626 }, // U+2055
    { 18, 32, 345, 2, 31, 144, 6753 }, // U+2056
    { 31, 11, 495, 1, 30, 86, 6897 }, // U+2057
    { 31, 32, 548, 2, 31, 248, 6983 }, // U+2058
    { 31, 32, 553, 2, 31, 248, 7231 }, // U+2059
    { 5, 32, 147, 2, 31, 40, 7479 }, // U+205A
    { 24, 33, 436, 2, 32, 198, 7519 }, // U+205B
    { 31, 32, 531, 1, 31, 248, 7717 }, // U+205C
    { 6, 31, 179, 3, 30, 47, 7965 }, // U+205D
    { 6, 32, 179, 3, 31, 48, 8012 }, // U+205E
    { 0, 0, 148, 0, 0, 0, 8060 }, // U+205F
    { 0, 0, 400, 0, 0, 0, 8060 }, // U+2060
    { 0, 0, 400, 0, 0, 0, 8060 }, // U+2061
    { 0, 0, 400, 0, 0, 0, 8060 }, // U+2062
    { 0, 0, 400, 0, 0, 0, 8060 }, // U+2063
    { 0, 0, 400, 0, 0, 0, 8060 }, // U+2064
    { 0, 0, 0, 0, 0, 0, 8060 }, // U+2066
    { 0, 0, 0, 0, 0, 0, 8060 }, // U+2067
    { 0, 0, 0, 0, 0, 0, 8060 }, // U+2068
    { 0, 0, 0, 0, 0, 0, 8060 }, // U+2069
    { 10, 35, 0, -5, 29, 88, 8060 }, // U+206A
    { 10, 35, 0, -5, 29, 88, 8148 }, // U+206B
    { 10, 35, 0, -5, 29, 88, 8236 }, // U+206C
    { 10, 35, 0, -5, 29, 88, 8324 }, // U+206D
    { 10, 35, 0, -5, 29, 88, 8412 }, // U+206E
    { 10, 35, 0, -5, 29, 88, 8500 }, // U+206F
    { 14, 19, 233, 0, 36, 67, 0 }, // U+2070
    { 3, 20, 112, 2, 31, 15, 67 }, // U+2071
    { 15, 19, 233, 0, 36, 72, 82 }, // U+2074
    { 13, 20, 233, 1, 36, 65, 154 }, // U+2075
    { 14, 19, 233, 0, 36, 67, 219 }, // U+2076
    { 13, 19, 233, 1, 36, 62, 286 }, // U+2077
    { 13, 19, 233, 1, 36, 62, 348 }, // U+2078
    { 14, 19, 233, 0, 36, 67, 410 }, // U+2079
    { 12, 12, 225, 1, 31, 36, 477 }, // U+207A
    { 12, 3, 225, 1, 26, 9, 513 }, // U+207B
    { 12, 8, 225, 1, 29, 24, 522 }, // U+207C
    { 8, 23, 151, 2, 38, 46, 546 }, // U+207D
    { 7, 23, 151, 0, 38, 41, 592 }, // U+207E
    { 13, 15, 268, 2, 26, 49, 633 }, // U+207F
    { 14, 19, 233, 0, 13, 67, 682 }, // U+2080
    { 9, 19, 233, 1, 13, 43, 749 }, // U+2081
    { 12, 19, 233, 1, 13, 57, 792 }, // U+2082
    { 14, 19, 233, 0, 13, 67, 849 }, // U+2083
    { 15, 19, 233, 0, 13, 72, 916 }, // U+2084
    { 13, 20, 233, 1, 13, 65, 988 }, // U+2085
    { 14, 19, 233, 0, 13, 67, 1053 }, // U+2086
    { 13, 19, 233, 1, 13, 62, 1120 }, // U+2087
    { 13, 19, 233, 1, 13, 62, 1182 }, // U+2088
    { 14, 19, 233, 0, 13, 67, 1244 }, // U+2089
    { 12, 12, 225, 1, 9, 36, 1311 }, // U+208A
    { 12, 3, 225, 1, 4, 9, 1347 }, // U+208B
    { 12, 8, 225, 1, 7, 24, 1356 }, // U+208C
    { 8, 23, 151, 2, 15, 46, 1380 }, // U+208D
    { 7, 23, 151, 0, 15, 41, 1426 }, // U+208E
    { 12, 15, 243, 1, 10, 45, 1467 }, // U+2090
    { 13, 15, 245, 1, 10, 49, 1512 }, // U+2091
    { 14, 15, 262, 1, 10, 53, 1561 }, // U+2092
    { 14, 14, 229, 0, 10, 49, 1614 }, // U+2093
    { 13, 15, 245, 1, 10, 49, 1663 }, // U+2094
    { 13, 19, 268, 2, 15, 62, 1712 }, // U+2095
    { 13, 19, 231, 2, 15, 62, 1774 }, // U+2096
    { 3, 19, 112, 2, 15, 15, 1836 }, // U+2097
    { 22, 14, 405, 2, 10, 77, 1851 }, // U+2098
    { 13, 14, 268, 2, 10, 46, 1928 }, // U+2099
    { 14, 20, 267, 2, 10, 70, 1974 }, // U+209A
    { 11, 15, 207, 1, 10, 42, 2044 }, // U+209B
    { 10, 18, 157, 0, 13, 45, 2086 }, // U+209C
    { 22, 31, 381, 1, 31, 171, 0 }, // U+20A0
    { 22, 35, 381, 2, 32, 193, 171 }, // U+20A1
    { 21, 32, 381, 2, 31, 168, 364 }, // U+20A2
    { 21, 30, 381, 1, 30, 158, 532 }, // U+20A3
    { 22, 31, 381, 1, 31, 171, 690 }, // U+20A4
    { 33, 33, 623, 3, 28, 273, 861 }, // U+20A5
    { 24, 30, 381, 0, 30, 180, 1134 }, // U+20A6
    { 28, 31, 517, 3, 30, 217, 1314 }, // U+20A7
    { 31, 31, 555, 3, 30, 241, 1531 }, // U+20A8
    { 28, 30, 447, 0, 30, 210, 1772 }, // U+20A9
    { 27, 30, 533, 3, 30, 203, 1982 }, // U+20AA
    { 24, 39, 411, 2, 32, 234, 2185 }, // U+20AB
    { 24, 32, 381, 0, 31, 192, 2419 }, // U+20AC
    { 24, 30, 381, 0, 30, 180, 2611 }, // U+20AD
    { 24, 30, 381, 0, 30, 180, 2791 }, // U+20AE
    { 38, 41, 647, 1, 31, 390, 2971 }, // U+20AF
    { 22, 41, 381, 0, 31, 226, 3361 }, // U+20B0
    { 24, 30, 381, 0, 30, 180, 3587 }, // U+20B1
    { 26, 36, 485, 2, 32, 234, 3767 }, // U+20B2
    { 26, 30, 405, 0, 30, 195, 4001 }, // U+20B3
    { 23, 32, 366, 0, 31, 184, 4196 }, // U+20B4
    { 24, 36, 421, 2, 32, 216, 4380 }, // U+20B5
    { 25, 29, 414, 0, 28, 182, 4596 }, // U+20B6
    { 29, 35, 484, 0, 31, 254, 4778 }, // U+20B7
    { 23, 30, 364, 0, 30, 173, 5032 }, // U+20B8
    { 18, 30, 381, 3, 30, 135, 5205 }, // U+20B9
    { 23, 31, 381, 0, 30, 179, 5340 }, // U+20BA
    { 32, 32, 521, 0, 31, 256, 5519 }, // U+20BB
    { 30, 30, 540, 2, 30, 225, 5775 }, // U+20BC
    { 23, 30, 388, 0, 30, 173, 6000 }, // U+20BD
    { 28, 33, 514, 2, 33, 231, 6173 }, // U+20BE
    { 19, 39, 381, 4, 34, 186, 6404 }, // U+20BF
    { 17, 30, 329, 2, 23, 128, 6590 }, // U+20C0
    { 20, 4, 381, 2, 17, 20, 0 }, // U+2212
    { 31, 32, 459, 0, 32, 248, 0 }, // U+FB00
    { 22, 32, 401, 0, 32, 176, 248 }, // U+FB01
    { 22, 32, 401, 0, 32, 176, 424 }, // U+FB02
    { 37, 32, 631, 0, 32, 296, 600 }, // U+FB03
    { 36, 32, 631, 0, 32, 288, 896 }, // U+FB04
    { 25, 33, 449, 3, 32, 207, 1184 }, // U+FB05
    { 33, 33, 560, 2, 32, 273, 1391 }, // U+FB06
    { 39, 39, 667, 1, 32, 381, 0 }, // U+FFFD
};

static const EpdUnicodeInterval notosans_20_regularIntervals[] = {
    { 0x0, 0x0, 0x0 },
    { 0xD, 0xD, 0x1 },
    { 0x20, 0x7E, 0x2 },
    { 0xA0, 0x17F, 0x61 },
    { 0x1A0, 0x1A1, 0x141 },
    { 0x1AF, 0x1B0, 0x143 },
    { 0x1C4, 0x21F, 0x145 },
    { 0x300, 0x36F, 0x1A1 },
    { 0x1EA0, 0x1EF9, 0x211 },
    { 0x2000, 0x2064, 0x26B },
    { 0x2066, 0x2071, 0x2D0 },
    { 0x2074, 0x208E, 0x2DC },
    { 0x2090, 0x209C, 0x2F7 },
    { 0x20A0, 0x20C0, 0x304 },
    { 0x2212, 0x2212, 0x325 },
    { 0xFB00, 0xFB06, 0x326 },
    { 0xFFFD, 0xFFFD, 0x32D },
};

static const EpdFontGroup notosans_20_regularGroups[] = {
    { 0, 4552, 13692, 97, 0 },
    { 4552, 4033, 16165, 96, 97 },
    { 8585, 4851, 25001, 128, 193 },
    { 13436, 4944, 22578, 96, 321 },
    { 18380, 1718, 3480, 112, 417 },
    { 20098, 3202, 21447, 90, 529 },
    { 23300, 2850, 9430, 111, 619 },
    { 26150, 853, 2435, 42, 730 },
    { 27003, 2646, 7059, 33, 772 },
    { 29649, 12, 20, 1, 805 },
    { 29661, 412, 1776, 7, 806 },
    { 30073, 172, 390, 1, 813 },
};

static const uint16_t notosans_20_regularKernLeftCodepoints[] = {
    0x0022, 0x0026, 0x0027, 0x0028, 0x002C, 0x002D, 0x002E, 0x0041, 0x0042, 0x0043, 0x0044, 0x0045,
    0x0046, 0x004B, 0x004C, 0x004F, 0x0050, 0x0051, 0x0052, 0x0054, 0x0055, 0x0056, 0x0057, 0x0058,
    0x0059, 0x005A, 0x005B, 0x005F, 0x0061, 0x0062, 0x0063, 0x0065, 0x0066, 0x0068, 0x006D, 0x006E,
    0x006F, 0x0070, 0x0072, 0x0074, 0x0076, 0x0077, 0x0078, 0x0079, 0x007B, 0x00A1, 0x00AB, 0x00BB,
    0x00BF, 0x00C0, 0x00C1, 0x00C2, 0x00C3, 0x00C4, 0x00C5, 0x00C6, 0x00C7, 0x00C8, 0x00C9, 0x00CA,
    0x00CB, 0x00D0, 0x00D2, 0x00D3, 0x00D4, 0x00D5, 0x00D6, 0x00D8, 0x00D9, 0x00DA, 0x00DB, 0x00DC,
    0x00DD, 0x00DE, 0x00E0, 0x00E1, 0x00E2, 0x00E3, 0x00E4, 0x00E5, 0x00E6, 0x00E8, 0x00E9, 0x00EA,
    0x00EB, 0x00EE, 0x00EF, 0x00F0, 0x00F2, 0x00F3, 0x00F4, 0x00F5, 0x00F6, 0x00F8, 0x00FD, 0x00FE,
    0x00FF, 0x0100, 0x0101, 0x0102, 0x0103, 0x0104, 0x0105, 0x0106, 0x0108, 0x010A, 0x010C, 0x010E,
    0x010F, 0x0110, 0x0112, 0x0113, 0x0114, 0x0115, 0x0116, 0x0117, 0x0118, 0x0119, 0x011A, 0x011B,
    0x0125, 0x0129, 0x012B, 0x012E, 0x0136, 0x0138, 0x0139, 0x013B, 0x013D, 0x013E, 0x013F, 0x0141,
    0x0144, 0x0146, 0x0149, 0x014B, 0x014C, 0x014D, 0x014E, 0x014F, 0x0150, 0x0151, 0x0152, 0x0153,
    0x0155, 0x0157, 0x0159, 0x0162, 0x0163, 0x0164, 0x0165, 0x0166, 0x0167, 0x0168, 0x016A, 0x016C,
    0x016E, 0x0170, 0x0172, 0x0174, 0x0175, 0x0176, 0x0177, 0x0178, 0x0179, 0x017B, 0x017D, 0x01A0,
    0x01A1, 0x01AF, 0x01B0, 0x01FA, 0x01FB, 0x01FC, 0x01FD, 0x01FE, 0x020B, 0x021A, 0x021B, 0x1EA0,
    0x1EA1, 0x1EA2, 0x1EA3, 0x1EA4, 0x1EA5, 0x1EA6, 0x1EA7, 0x1EA8, 0x1EA9, 0x1EAA, 0x1EAB, 0x1EAC,
    0x1EAD, 0x1EAE, 0x1EAF, 0x1EB0, 0x1EB1, 0x1EB2, 0x1EB3, 0x1EB4, 0x1EB5, 0x1EB6, 0x1EB7, 0x1EB8,
    0x1EB9, 0x1EBA, 0x1EBB, 0x1EBC, 0x1EBD, 0x1EBE, 0x1EBF, 0x1EC0, 0x1EC1, 0x1EC2, 0x1EC3, 0x1EC4,
    0x1EC5, 0x1EC6, 0x1EC7, 0x1ECC, 0x1ECD, 0x1ECE, 0x1ECF, 0x1ED0, 0x1ED1, 0x1ED2, 0x1ED3, 0x1ED4,
    0x1ED5, 0x1ED6, 0x1ED7, 0x1ED8, 0x1ED9, 0x1EDA, 0x1EDB, 0x1EDC, 0x1EDD, 0x1EDE, 0x1EDF, 0x1EE0,
    0x1EE1, 0x1EE2, 0x1EE3, 0x1EE4, 0x1EE6, 0x1EE8, 0x1EE9, 0x1EEA, 0x1EEB, 0x1EEC, 0x1EED, 0x1EEE,
    0x1EEF, 0x1EF0, 0x1EF1, 0x1EF2, 0x1EF3, 0x1EF4, 0x1EF5, 0x1EF6, 0x1EF7, 0x1EF8, 0x1EF9, 0x2013,
    0x2014, 0x2015, 0x2018, 0x2019, 0x201A, 0x201C, 0x201D, 0x201E, 0x2039, 0x203A, 0xFB00,
};

static const uint8_t notosans_20_regularKernLeftClassIds[] = {
      1,   2,   1,   3,   4,   5,   4,   6,   7,   8,   9,  10,  11,   8,  12,   9,
     13,   9,  14,  15,  16,  17,  17,   8,  18,  19,   3,  20,  21,  22,  23,  22,
     24,  21,  21,  21,  22,  22,  25,  23,  26,  26,  27,  26,   3,  28,  29,  30,
     31,   6,   6,   6,   6,   6,   6,  10,   8,  10,  10,  10,  10,   9,   9,   9,
      9,   9,   9,   9,  16,  16,  16,  16,  18,  13,  21,  21,  21,  21,  21,  21,
     22,  22,  22,  22,  22,  32,  32,  22,  22,  22,  22,  22,  22,  22,  26,  22,
     26,   6,  21,   6,  21,  33,  21,   8,   8,   8,   8,   9,  34,   9,  10,  22,
     10,  22,  10,  22,  10,  22,  10,  22,  21,  35,  32,  36,   8,  27,  12,  12,
     12,  34,  12,  12,  21,  21,  21,  21,   9,  22,   9,  22,   9,  22,  10,  22,
     25,  25,  25,  15,  23,  15,  37,  15,  23,  16,  16,  16,  16,  16,  16,  17,
     26,  18,  26,  18,  19,  19,  19,  38,  39,  40,  41,   6,  21,  10,  22,   9,
     32,  15,  23,   6,  21,   6,  21,   6,  21,   6,  21,   6,  21,   6,  21,   6,
     21,   6,  21,   6,  21,   6,  21,   6,  21,   6,  21,  10,  22,  10,  22,  10,
     22,  10,  22,  10,  22,  10,  22,  10,  22,  10,  22,   9,  22,   9,  22,   9,
     22,   9,  22,   9,  22,   9,  22,   9,  22,  38,  39,  38,  39,  38,  39,  38,
     39,  38,  39,  16,  16,  40,  41,  40,  41,  40,  41,  40,  41,  40,  41,  18,
     26,  18,  26,  18,  26,  18,  26,   5,   5,   5,   1,   1,   4,   1,   1,   4,
     29,  30,  24,
};

static const uint16_t notosans_20_regularKernRightCodepoints[] = {
    0x0021, 0x0022, 0x0026, 0x0027, 0x0029, 0x002C, 0x002D, 0x002E, 0x003F, 0x0041, 0x0043, 0x0047,
    0x0049, 0x004A, 0x004F, 0x0051, 0x0054, 0x0055, 0x0056, 0x0057, 0x0058, 0x0059, 0x005A, 0x005D,
    0x0061, 0x0062, 0x0063, 0x0064, 0x0065, 0x0066, 0x0067, 0x0068, 0x006A, 0x006B, 0x006C, 0x006D,
    0x006E, 0x006F, 0x0070, 0x0071, 0x0072, 0x0073, 0x0074, 0x0075, 0x0076, 0x0077, 0x0078, 0x0079,
    0x007A, 0x007D, 0x00AB, 0x00BB, 0x00C0, 0x00C1, 0x00C2, 0x00C3, 0x00C4, 0x00C5, 0x00C6, 0x00C7,
    0x00D2, 0x00D3, 0x00D4, 0x00D5, 0x00D6, 0x00D8, 0x00D9, 0x00DA, 0x00DB, 0x00DC, 0x00DD, 0x00E0,
    0x00E1, 0x00E2, 0x00E3, 0x00E4, 0x00E5, 0x00E6, 0x00E7, 0x00E8, 0x00E9, 0x00EA, 0x00EB, 0x00F2,
    0x00F3, 0x00F4, 0x00F5, 0x00F6, 0x00F8, 0x00F9, 0x00FA, 0x00FB, 0x00FC, 0x00FD, 0x00FE, 0x00FF,
    0x0100, 0x0101, 0x0102, 0x0103, 0x0104, 0x0105, 0x0106, 0x0107, 0x0108, 0x0109, 0x010A, 0x010B,
    0x010C, 0x010D, 0x010F, 0x0111, 0x0113, 0x0115, 0x0117, 0x0119, 0x011B, 0x011C, 0x011D, 0x011E,
    0x011F, 0x0120, 0x0121, 0x0122, 0x0123, 0x0125, 0x0127, 0x0129, 0x0137, 0x0138, 0x013A, 0x013C,
    0x013E, 0x0140, 0x0144, 0x0146, 0x014B, 0x014C, 0x014D, 0x014E, 0x014F, 0x0150, 0x0151, 0x0152,
    0x0153, 0x0155, 0x0157, 0x015B, 0x015F, 0x0162, 0x0163, 0x0164, 0x0165, 0x0166, 0x0167, 0x0168,
    0x0169, 0x016A, 0x016B, 0x016C, 0x016D, 0x016E, 0x016F, 0x0170, 0x0171, 0x0172, 0x0173, 0x0174,
    0x0175, 0x0176, 0x0177, 0x0178, 0x0179, 0x017A, 0x017B, 0x017C, 0x017D, 0x017E, 0x01A0, 0x01A1,
    0x01AF, 0x01B0, 0x01FA, 0x01FB, 0x01FC, 0x01FD, 0x01FE, 0x01FF, 0x0219, 0x021A, 0x021B, 0x1EA0,
    0x1EA1, 0x1EA2, 0x1EA3, 0x1EA4, 0x1EA5, 0x1EA6, 0x1EA7, 0x1EA8, 0x1EA9, 0x1EAA, 0x1EAB, 0x1EAC,
    0x1EAD, 0x1EAE, 0x1EAF, 0x1EB0, 0x1EB1, 0x1EB2, 0x1EB3, 0x1EB4, 0x1EB5, 0x1EB6, 0x1EB7, 0x1EB9,
    0x1EBB, 0x1EBD, 0x1EBF, 0x1EC1, 0x1EC3, 0x1EC5, 0x1EC7, 0x1ECC, 0x1ECD, 0x1ECE, 0x1ECF, 0x1ED0,
    0x1ED1, 0x1ED2, 0x1ED3, 0x1ED4, 0x1ED5, 0x1ED6, 0x1ED7, 0x1ED8, 0x1ED9, 0x1EDA, 0x1EDB, 0x1EDC,
    0x1EDD, 0x1EDE, 0x1EDF, 0x1EE0, 0x1EE1, 0x1EE2, 0x1EE3, 0x1EE4, 0x1EE5, 0x1EE6, 0x1EE7, 0x1EE8,
    0x1EE9, 0x1EEA, 0x1EEB, 0x1EEC, 0x1EED, 0x1EEE, 0x1EEF, 0x1EF0, 0x1EF1, 0x1EF2, 0x1EF4, 0x1EF5,
    0x1EF6, 0x1EF7, 0x1EF8, 0x1EF9, 0x2013, 0x2014, 0x2015, 0x2018, 0x2019, 0x201A, 0x201C, 0x201D,
    0x201E, 0x2026, 0x2039, 0x203A, 0xFB00, 0xFB01, 0xFB02, 0xFB03, 0xFB04,
};

static const uint8_t notosans_20_regularKernRightClassIds[] = {
      1,   2,   3,   2,   4,   5,   6,   5,   7,   8,   9,   9,  10,  11,   9,   9,
     12,  13,  14,  14,  15,  16,  17,   4,  18,  19,  20,  20,  20,  21,  22,  19,
     23,  19,  19,  24,  24,  20,  24,  20,  24,  25,  21,  24,  26,  26,  26,  26,
     27,   4,  28,  29,   8,   8,   8,   8,   8,   8,  30,   9,   9,   9,   9,   9,
      9,   9,  13,  13,  13,  13,  16,  20,  18,  18,  18,  18,  18,  18,  20,  20,
     20,  20,  20,  20,  20,  20,  20,  20,  20,  24,  24,  24,  24,  26,  19,  26,
      8,  18,   8,  18,   8,  18,   9,  20,   9,  20,   9,  20,   9,  20,  20,  20,
     20,  20,  20,  20,  20,   9,  22,   9,  22,   9,  22,   9,  22,  19,  31,  32,
     19,  24,  19,  19,  19,  19,  24,  24,  24,   9,  20,   9,  20,   9,  20,   9,
     20,  24,  24,  25,  25,  12,  21,  12,  21,  12,  21,  13,  24,  13,  24,  13,
     24,  13,  24,  13,  24,  13,  24,  14,  26,  16,  26,  16,  17,  27,  17,  27,
     17,  27,   9,  20,  13,  24,   8,  18,  30,  18,   9,  20,  25,  12,  21,   8,
     18,   8,  18,   8,  18,   8,  18,   8,  18,   8,  18,   8,  18,   8,  18,   8,
     18,   8,  18,   8,  18,   8,  18,  20,  20,  20,  20,  20,  20,  20,  20,   9,
     20,   9,  20,   9,  20,   9,  20,   9,  20,   9,  20,   9,  20,   9,  20,   9,
     20,   9,  20,   9,  20,   9,  20,  13,  24,  13,  24,  13,  24,  13,  24,  13,
     24,  13,  24,  13,  24,  16,  16,  26,  16,  26,  16,  26,   6,   6,   6,  33,
      2,   5,  33,   2,   5,   5,  28,  29,  21,  21,  21,  21,  21,
};

static const uint16_t notosans_20_regularKernRowOffsets[] = {
        0,    11,    14,    16,    21,    22,    28,    29,    31,    38,    39,    43,    49,    56,    57,    73,
       75,    86,    99,   101,   102,   103,   106,   107,   110,   115,   118,   119,   123,   126,   130,   134,
      135,   141,   148,   150,   151,   156,   162,   165,   175,   178,
};

static const uint8_t notosans_20_regularKernSparseCols[] = {
      7,  11,  13,  15,  17,  19,  21,  23,  24,  29,  31,  11,  13,  15,  10,  22,
      8,  11,  12,  13,  15,  11,   1,   8,  10,  11,  13,  15,   4,   8,  27,   4,
      7,  11,  13,  14,  15,  16,  10,   3,   4,   6,   7,   1,   8,  11,  12,  13,
     15,   2,   4,   7,  14,  16,  27,  29,  27,   2,   4,   5,   6,   7,   8,  11,
     17,  19,  21,  23,  24,  25,  26,  27,  28,   4,   7,   4,   6,   7,   8,  17,
     19,  21,  23,  24,  27,  28,   2,   4,   6,   7,   8,  17,  19,  21,  23,  24,
     26,  27,  28,   8,  27,  10,   1,   1,  25,  26,   1,   1,   3,   4,   1,   4,
     17,  19,  21,   1,   4,   6,  19,  10,  11,  13,  15,  11,  13,  15,  11,  13,
     14,  15,  10,  11,  13,  15,   3,   1,   8,  10,  11,  13,  15,   0,   1,   3,
      6,  18,  30,  32,   3,  31,  10,   0,   1,   3,   6,  32,   7,   9,  11,  13,
     14,  15,  18,  20,  25,   7,   8,   9,  11,  13,  14,  15,  17,  19,  21,  18,
     20,  25,
};

static const int8_t notosans_20_regularKernSparseValues[] = {
     -47,   13,   13,    7,  -27,  -40,  -20,  -20,  -20,  -53,   47,  -40,  -13,  -20,   60,   27,
     -33,  -47,  -13,  -40,  -40,  -27,  -47,  -13,   33,  -47,  -27,  -40,   -7,  -13,  -13,  -27,
     -13,  -20,   -7,  -13,   -7,   -7,   40,   13,  -40,   13,  -13,  -53,  -13,  -13,   -7,  -13,
     -20,   -7,  -87,  -33,  -13,   -7,  -13,  -20,   -7,  -13,  -40,  -27,   13,  -47,  -13,   13,
     -53,  -47,  -47,  -33,  -40,  -13,  -27,  -40,  -20,  -13,   -7,  -33,   13,  -27,   -7,  -13,
     -13,   -7,   -7,   -7,  -20,   -7,  -20,  -40,   13,  -40,  -13,  -33,  -33,  -33,  -20,  -27,
     -13,  -53,  -20,   -7,  -13,   63,   -7,   -7,  -13,   -7,   13,   40,   27,  -13,   27, -107,
     -13,  -13,   -7,   27,  -27,   13,  -13,   33,  -13,   -7,  -20,  -20,   -7,  -20,  -40,  -20,
     -13,  -53,   67,  -27,  -20,  -27,   33,  -47,  -13,   73,  -47,  -27,  -40,   33,   33,   60,
      60,   20,   47,   47,   33,   87,   33,   47,   73,   80,   73,   47,  -13,   13,   40,   47,
      33,   40,   13,   27,   33,  -20,   -7,   13,   47,   47,   33,   40,  -20,  -13,  -13,   13,
      33,   33,
};

static const EpdLigaturePair notosans_20_regularLigaturePairs[] = {
    { 0x00660066, 0xFB00 }, // f f -> U+FB00
    { 0x00660069, 0xFB01 }, // f i -> U+FB01
    { 0x0066006C, 0xFB02 }, // f l -> U+FB02
    { 0xFB000069, 0xFB03 }, // U+FB00 i -> U+FB03
    { 0xFB00006C, 0xFB04 }, // U+FB00 l -> U+FB04
};

static const EpdFontData notosans_20_regular = {
    notosans_20_regularBitmaps,
    notosans_20_regularGlyphs,
    notosans_20_regularIntervals,
    17,
    57,
    45,
    -13,
    true,
    notosans_20_regularGroups,
    12,
    nullptr,
    nullptr,  // kernLeftClasses: built-in fonts use the split arrays below
    nullptr,  // kernRightClasses
    notosans_20_regularKernLeftCodepoints,
    notosans_20_regularKernLeftClassIds,
    notosans_20_regularKernRightCodepoints,
    notosans_20_regularKernRightClassIds,
    nullptr,  // kernMatrix: built-in fonts use the sparse form below
    notosans_20_regularKernRowOffsets,
    notosans_20_regularKernSparseCols,
    notosans_20_regularKernSparseValues,
    275,
    285,
    41,
    33,
    notosans_20_regularLigaturePairs,
    5,
};
