/**
 * generated by fontconvert.py
 * name: ubuntu_14_regular
 * size: 14
 * mode: 2-bit  compressed: true
 * Command used: fontconvert.py ubuntu_14_regular 14 ../builtinFonts/source/Ubuntu/Ubuntu-Regular.ttf ../builtinFonts/source/Ubuntu/Ubuntu-Vietnamese-Regular.ttf --2bit --compress --pnum --zopfli
 */
#pragma once
#include "EpdFontData.h"

static const uint8_t ubuntu_14_regularBitmaps[13305] = {
    0xAD, 0x57, 0x31, 0xAC, 0xE5, 0x46, 0xD5, 0xFE, 0x6C, 0xE7, 0x5F, 0xFF, 0xC8, 0x12, 0x43, 0x19,
    0x69, 0x51, 0xA6, 0x49, 0x01, 0x42, 0xDA, 0x49, 0x41, 0x11, 0xA4, 0x7D, 0x77, 0x46, 0x50, 0xA4,
    0xA0, 0x08, 0x7D, 0x93, 0x86, 0x12, 0xB4, 0xCD, 0x16, 0x20, 0xBD, 0x7B, 0x6D, 0x48, 0x41, 0xC9,
    0xF6, 0x0D, 0xE9, 0xEB, 0x14, 0x4F, 0xC2, 0xF7, 0x79, 0x50, 0x4A, 0x8A, 0x98, 0xBE, 0xC8, 0x48,
    0xAC, 0x14, 0x10, 0x45, 0x8C, 0x30, 0xC8, 0x0B, 0xBE, 0x1E, 0xCE, 0x67, 0xFB, 0xAD, 0xF5, 0xF2,
    0xF6, 0xBD, 0xDD, 0x2C, 0xB1, 0xE7, 0xFB, 0x6C, 0x9F, 0x39, 0x73, 0xE6, 0xCC, 0xF8, 0xCC, 0x19,
    0x7B, 0xFF, 0xFC, 0x78, 0xF8, 0xF0, 0x21, 0x80, 0x7D, 0x8C, 0xFB, 0xD1, 0x82, 0xC5, 0xB0, 0x5C,
    0x48, 0xD1, 0xF8, 0xF8, 0x2D, 0x3C, 0xFE, 0x26, 0xA0, 0x71, 0x46, 0x3A, 0x07, 0x0C, 0x6A, 0x60,
    0x87, 0x0B, 0x88, 0x64, 0x40, 0x13, 0x63, 0xF4, 0x33, 0xA1, 0x4E, 0x3A, 0x60, 0x48, 0x85, 0xFA,
    0x2C, 0x00, 0x5D, 0xD6, 0x22, 0xE9, 0x72, 0x8F, 0x94, 0xB4, 0xE9, 0x65, 0xAD, 0x72, 0xC8, 0xBD,
    0x02, 0x0A, 0xAF, 0x01, 0x55, 0x19, 0x21, 0xB7, 0x03, 0x79, 0x43, 0xF3, 0x0C, 0x79, 0x8C, 0x4E,
    0xB5, 0xF7, 0x60, 0x1C, 0x60, 0xB1, 0xC0, 0x54, 0x80, 0xEA, 0x21, 0x75, 0xD4, 0x99, 0x6F, 0x00,
    0x94, 0x94, 0x7A, 0x31, 0xD8, 0x8A, 0xA0, 0xE5, 0xF5, 0xBB, 0x30, 0xDE, 0xC6, 0x88, 0x7B, 0xF1,
    0xE9, 0x35, 0xBB, 0x44, 0x7A, 0x12, 0xBF, 0xA0, 0xA3, 0x13, 0x2F, 0x77, 0x85, 0x2F, 0x3C, 0xCE,
    0x67, 0x9F, 0xCE, 0xD3, 0x60, 0x81, 0x8B, 0x34, 0xEC, 0xC1, 0xFB, 0x41, 0x38, 0xFB, 0x53, 0x07,
    0xD1, 0xF9, 0x24, 0x40, 0xF4, 0x7F, 0xFC, 0x87, 0x49, 0xDA, 0xAA, 0xF7, 0xA2, 0x07, 0x8C, 0xFA,
    0x50, 0x6A, 0xF6, 0x06, 0xC2, 0xE3, 0x03, 0xF4, 0x62, 0xF1, 0x4C, 0x38, 0x0B, 0xBC, 0x2F, 0x3C,
    0xE5, 0xAA, 0xA2, 0x8E, 0x41, 0x2E, 0xFA, 0x7B, 0x24, 0x13, 0x60, 0xC4, 0x97, 0x24, 0xCA, 0x4D,
    0xD6, 0x19, 0x70, 0x0A, 0xDC, 0x15, 0x69, 0x87, 0x8C, 0x9D, 0xA7, 0xFF, 0x1C, 0x01, 0xC4, 0x40,
    0x3D, 0x07, 0x14, 0x5F, 0xF8, 0xC2, 0x99, 0x1F, 0x75, 0xCA, 0x1D, 0x30, 0x6A, 0xD4, 0xB0, 0x56,
    0x48, 0x9D, 0x84, 0xB2, 0x01, 0x07, 0x92, 0xAD, 0xF4, 0x04, 0x15, 0x27, 0x5D, 0x25, 0x4D, 0xC8,
    0xC3, 0x28, 0xC7, 0xC5, 0xC5, 0xC7, 0x8F, 0xF1, 0x0E, 0xEA, 0x44, 0x5E, 0x83, 0xD8, 0xAF, 0xB4,
    0x33, 0xD8, 0x61, 0x8F, 0x73, 0xD4, 0xDB, 0x29, 0x4F, 0x7B, 0x91, 0x5A, 0x68, 0xA7, 0xAA, 0xC2,
    0x67, 0x21, 0xE9, 0x31, 0xE2, 0x9D, 0xB7, 0x51, 0x2F, 0x32, 0x9F, 0xB7, 0x59, 0x97, 0x76, 0x22,
    0x1D, 0x30, 0x5E, 0x6B, 0x38, 0x8A, 0xA4, 0x4F, 0xBB, 0xAC, 0xCB, 0x5B, 0x25, 0x8E, 0xD3, 0xA3,
    0xB7, 0x21, 0xE6, 0xF0, 0x90, 0xE5, 0xF1, 0xC3, 0x6F, 0x37, 0xBF, 0x9C, 0x4C, 0x1C, 0x70, 0x44,
    0xFA, 0x37, 0x57, 0x7C, 0xD2, 0xAA, 0x5F, 0x77, 0x19, 0x3C, 0x27, 0xFE, 0x45, 0x28, 0x63, 0xEC,
    0x88, 0xDB, 0xEA, 0x8D, 0x9C, 0x56, 0xCE, 0x1D, 0xCE, 0x50, 0xE3, 0xB1, 0xE8, 0x97, 0xF1, 0x01,
    0x4A, 0x57, 0xBA, 0x07, 0x60, 0xF0, 0x40, 0x9C, 0x05, 0x0C, 0x80, 0x9D, 0x60, 0x2F, 0x18, 0x05,
    0x03, 0xC0, 0x38, 0xCC, 0x88, 0xC0, 0x40, 0x63, 0x7C, 0x6C, 0xAA, 0x76, 0x55, 0xAD, 0x17, 0xD5,
    0xA4, 0x5F, 0xD5, 0x03, 0xC3, 0x87, 0xAA, 0x9B, 0x65, 0xBB, 0x5A, 0xA6, 0x2A, 0xCA, 0x80, 0x34,
    0x8E, 0x28, 0x42, 0x09, 0x5D, 0xE9, 0xCA, 0x88, 0x61, 0x2B, 0x2D, 0x76, 0xD2, 0x72, 0xBF, 0xA0,
    0x3B, 0xAE, 0xD8, 0x2F, 0x08, 0xAC, 0xA3, 0x0E, 0x75, 0xD9, 0x86, 0x6D, 0x69, 0x83, 0xB6, 0x38,
    0x3E, 0xEB, 0xD2, 0xE8, 0x74, 0x74, 0xE5, 0x07, 0xEE, 0x5D, 0xE9, 0xEF, 0x95, 0x4B, 0x12, 0x5B,
    0x68, 0xB1, 0x63, 0x5D, 0x83, 0x37, 0x85, 0x21, 0x1E, 0x11, 0x9B, 0xD7, 0x07, 0x20, 0x19, 0x81,
    0xBC, 0x13, 0x91, 0x07, 0xCA, 0xE5, 0x91, 0x53, 0xA2, 0x5A, 0x6A, 0xAE, 0x53, 0x11, 0x63, 0x4B,
    0xA4, 0xF1, 0x09, 0x8C, 0xD8, 0x7B, 0x0B, 0x0D, 0xA5, 0xA0, 0x9D, 0xE7, 0xB6, 0x92, 0xD3, 0xB2,
    0xD8, 0x88, 0x84, 0xF5, 0x7A, 0x5B, 0x70, 0x0B, 0x3C, 0x3B, 0x79, 0x17, 0x8D, 0xD8, 0x3B, 0xA1,
    0x10, 0x5B, 0x80, 0xE1, 0x0A, 0x75, 0x73, 0x20, 0xE7, 0x02, 0xF5, 0x99, 0x83, 0x11, 0x7B, 0xE7,
    0x82, 0x41, 0xBB, 0xB4, 0xD3, 0x8E, 0x71, 0xCF, 0xF0, 0xD4, 0xD2, 0xCF, 0x4E, 0x20, 0x7E, 0x0C,
    0xA5, 0x60, 0xEB, 0x7B, 0x43, 0x1E, 0xE3, 0x02, 0x0F, 0x10, 0xC5, 0x06, 0xA8, 0x4A, 0x30, 0x49,
    0x17, 0x6C, 0x7A, 0x6F, 0x02, 0x38, 0x1F, 0xF4, 0x8F, 0xD8, 0x5E, 0x7E, 0xF5, 0x9D, 0xD9, 0xBF,
    0x71, 0xF1, 0x8F, 0xE3, 0xD0, 0x11, 0x68, 0x9E, 0x20, 0x1D, 0x44, 0x2B, 0xCC, 0x5A, 0x5B, 0xB2,
    0x29, 0x9F, 0xA2, 0x8C, 0x13, 0x23, 0xAD, 0xDA, 0x4B, 0xCD, 0x1E, 0x79, 0x2B, 0x08, 0x3B, 0xB9,
    0x5A, 0x19, 0xB3, 0x71, 0xCA, 0xAB, 0xB6, 0x74, 0x59, 0x3C, 0xF1, 0x5D, 0x32, 0xBF, 0x79, 0x62,
    0xF1, 0xC6, 0x6E, 0xB1, 0x98, 0xF6, 0x9C, 0x74, 0x4E, 0xD3, 0xED, 0x31, 0xB8, 0x86, 0x6C, 0x72,
    0x15, 0x8B, 0x02, 0x34, 0x01, 0xB9, 0xD8, 0xD6, 0xBE, 0x74, 0x56, 0x1A, 0xEE, 0x18, 0x6B, 0x44,
    0x25, 0x33, 0x16, 0xE4, 0x6E, 0x3A, 0x21, 0x8D, 0x3D, 0x0A, 0xF1, 0x51, 0xFF, 0x2A, 0x56, 0x16,
    0xC6, 0xEF, 0xA5, 0x93, 0x7A, 0x89, 0xC3, 0x96, 0xFA, 0xA6, 0x32, 0x15, 0xEB, 0x93, 0xE6, 0xA9,
    0xD8, 0x6B, 0xC5, 0xDE, 0x48, 0x7B, 0xF3, 0x02, 0xE7, 0x98, 0x6A, 0x14, 0x44, 0xCB, 0xB1, 0x59,
    0x81, 0xA9, 0x74, 0xAB, 0x62, 0x6C, 0x93, 0xE6, 0xB3, 0xE7, 0x73, 0xB6, 0x38, 0x7A, 0x09, 0xA4,
    0x23, 0xF0, 0x28, 0x30, 0x6D, 0x42, 0x8B, 0xB9, 0x6D, 0x0D, 0x5E, 0x3F, 0x56, 0xF9, 0xAD, 0xF5,
    0xB8, 0xB1, 0xA2, 0x81, 0xE4, 0x09, 0xA0, 0xC3, 0x1C, 0x29, 0xA6, 0x47, 0xCA, 0x4C, 0x19, 0x80,
    0x12, 0xCB, 0x95, 0xCF, 0x94, 0xB3, 0x9E, 0x7A, 0xD4, 0x7F, 0x9E, 0x35, 0xBE, 0x74, 0x5C, 0xC9,
    0xBF, 0xBF, 0x6E, 0x0A, 0xC5, 0xC0, 0x99, 0xE4, 0xCD, 0x89, 0x12, 0x46, 0x6A, 0xC7, 0x2B, 0x9F,
    0x29, 0x67, 0x3D, 0xF5, 0xA8, 0x5F, 0x4C, 0xAE, 0x8C, 0xDD, 0xBB, 0xB9, 0x88, 0xC6, 0xB9, 0x0C,
    0x4C, 0x0A, 0x45, 0xCB, 0x90, 0x38, 0xF2, 0x29, 0xE9, 0x58, 0xAE, 0x0E, 0xDE, 0x67, 0x23, 0xCB,
    0x2C, 0xBC, 0x3F, 0x39, 0xE1, 0x94, 0xD1, 0xCB, 0x44, 0x9F, 0x34, 0x6E, 0x9E, 0x35, 0x15, 0xE6,
    0xE8, 0x4A, 0xB9, 0x35, 0x80, 0x56, 0x0B, 0x7F, 0x2F, 0x3E, 0xD9, 0x41, 0x39, 0x1B, 0x3B, 0x03,
    0x8D, 0x89, 0x0B, 0xC1, 0x24, 0xB2, 0x6D, 0x2A, 0xB7, 0x63, 0xC6, 0x55, 0xD5, 0x59, 0x16, 0x6E,
    0xBB, 0x2C, 0x2A, 0x1A, 0x36, 0x91, 0x0C, 0x6C, 0xA1, 0x71, 0x4A, 0xFB, 0x23, 0x8D, 0xB1, 0x5F,
    0xE5, 0xF3, 0xA9, 0x6C, 0x97, 0x8E, 0x30, 0x77, 0xCB, 0xE3, 0x92, 0x44, 0x97, 0xF0, 0x2D, 0x00,
    0xF7, 0xD6, 0x49, 0xBB, 0x1F, 0x3F, 0xC2, 0x1A, 0x78, 0xC9, 0x24, 0x94, 0x45, 0xA1, 0xFC, 0x0B,
    0xEE, 0x39, 0x9F, 0xF2, 0xDD, 0xFF, 0xA6, 0x05, 0x0C, 0xC3, 0x76, 0x97, 0x0A, 0xED, 0x13, 0x4E,
    0xCA, 0x32, 0x27, 0x47, 0x0E, 0xC6, 0x42, 0xEA, 0x2C, 0x77, 0xE8, 0x58, 0x15, 0x42, 0x5E, 0x79,
    0x99, 0x29, 0xED, 0x90, 0x07, 0x0B, 0xA9, 0xDB, 0x01, 0x74, 0x0C, 0xC9, 0xF8, 0x28, 0x3E, 0xE5,
    0xDA, 0x70, 0x47, 0x3C, 0x6A, 0x8F, 0xC8, 0xD7, 0xFC, 0x98, 0x2E, 0x57, 0x51, 0x3F, 0xC2, 0x70,
    0xDD, 0x40, 0x50, 0x1D, 0x71, 0x5F, 0x1A, 0x25, 0xA3, 0x34, 0xDC, 0x20, 0x03, 0x39, 0x42, 0x77,
    0x5C, 0x5B, 0x8F, 0xE2, 0x5F, 0xB0, 0xEC, 0xE8, 0x36, 0x46, 0xF1, 0x5B, 0xC2, 0x2B, 0xEB, 0xC1,
    0x7C, 0xB6, 0xA6, 0x24, 0x58, 0x5C, 0xA3, 0xC3, 0x42, 0x37, 0x2B, 0x0C, 0x95, 0xC5, 0xE7, 0x25,
    0x3D, 0x32, 0xC4, 0xEE, 0xCF, 0xC1, 0xB3, 0x98, 0xA7, 0xCF, 0xB3, 0xD3, 0x10, 0xAF, 0x3B, 0xA1,
    0x74, 0x14, 0xC2, 0x25, 0xC9, 0x92, 0x8C, 0x13, 0xD2, 0x95, 0x90, 0xF2, 0x37, 0x89, 0x15, 0x8B,
    0x8A, 0xBD, 0x6A, 0x46, 0x03, 0x34, 0x45, 0xA3, 0xCF, 0xCD, 0x7B, 0x42, 0x14, 0x70, 0x1B, 0x9A,
    0x38, 0xCD, 0xB8, 0x5B, 0x27, 0xB6, 0x2B, 0x2A, 0xE2, 0x7F, 0xB5, 0xB7, 0xE2, 0xFA, 0x3C, 0xEB,
    0x57, 0x9C, 0x67, 0x55, 0xD9, 0xEB, 0x64, 0x2A, 0x21, 0xE5, 0x85, 0xF2, 0x4E, 0x28, 0x15, 0x53,
    0x15, 0xE7, 0xB9, 0x12, 0xF3, 0x7F, 0x9D, 0xA7, 0xF3, 0x65, 0xE0, 0x27, 0x23, 0xF1, 0x52, 0x5D,
    0xE2, 0x05, 0x07, 0x60, 0xF0, 0xFA, 0x58, 0xF6, 0xD1, 0x1F, 0x24, 0x23, 0xCA, 0x39, 0xD7, 0x56,
    0x60, 0x7C, 0x82, 0x81, 0x2C, 0xA4, 0xBD, 0x50, 0x09, 0x1C, 0x93, 0x51, 0x28, 0xEF, 0x84, 0xB4,
    0x17, 0x12, 0x11, 0x2E, 0x47, 0xA1, 0x66, 0x20, 0x4D, 0x10, 0x59, 0xAC, 0x84, 0x4C, 0xA0, 0xDE,
    0x20, 0x84, 0x89, 0x64, 0x69, 0x4F, 0x05, 0xA1, 0xAC, 0xA7, 0xE5, 0x2D, 0xCC, 0xBE, 0x16, 0x5C,
    0xC5, 0xC4, 0xB2, 0x03, 0x72, 0x87, 0xD3, 0x5E, 0xF5, 0x80, 0xF5, 0xAA, 0x06, 0x7E, 0xEF, 0xD5,
    0xCF, 0x81, 0x7F, 0xB4, 0xEA, 0x03, 0x24, 0x7F, 0x6E, 0xD5, 0xFB, 0x2E, 0xFB, 0xA4, 0xD5, 0x79,
    0x95, 0x7F, 0x18, 0x74, 0xE6, 0x55, 0x16, 0x74, 0x2A, 0x37, 0xC1, 0xA0, 0x3B, 0xE3, 0xE7, 0xEA,
    0xC5, 0x79, 0x2A, 0x7C, 0x7E, 0x41, 0xDE, 0x75, 0x73, 0xF2, 0x99, 0x59, 0xB5, 0xE4, 0xC2, 0x93,
    0x81, 0x85, 0x93, 0x7E, 0x37, 0x73, 0xCD, 0x10, 0x68, 0x66, 0xF2, 0xA4, 0x40, 0x1A, 0x84, 0x8E,
    0x27, 0x92, 0x25, 0x69, 0x2F, 0x94, 0x07, 0xA1, 0xB4, 0x17, 0xC2, 0x48, 0x3A, 0x90, 0xCC, 0xFB,
    0x42, 0xEA, 0x53, 0xA1, 0x2C, 0x0A, 0xA5, 0x24, 0xCC, 0x54, 0x92, 0x0C, 0x49, 0x31, 0x90, 0x5A,
    0xC6, 0xE9, 0xC4, 0x38, 0x2D, 0x7D, 0xDE, 0xA1, 0xE8, 0x94, 0x47, 0xDA, 0x33, 0x4E, 0x47, 0xCB,
    0x99, 0x20, 0x1D, 0xE8, 0xD1, 0x8E, 0x71, 0x6A, 0x67, 0x9A, 0x1F, 0xE7, 0x8A, 0x59, 0x65, 0x56,
    0x66, 0xB3, 0x61, 0x36, 0x90, 0x4C, 0x28, 0xFD, 0x6C, 0x54, 0xCC, 0x07, 0xAC, 0x39, 0x0C, 0x5B,
    0x0E, 0x4B, 0x99, 0xA7, 0x86, 0x0D, 0xF2, 0x2C, 0x72, 0xD6, 0x73, 0x85, 0x37, 0xA2, 0x7F, 0xF7,
    0xDA, 0x7A, 0x6D, 0x9F, 0xED, 0x4B, 0x7C, 0x2E, 0x17, 0x9F, 0x9F, 0x2F, 0x54, 0x15, 0x84, 0xB2,
    0xC9, 0x09, 0x37, 0x3D, 0x7B, 0xEE, 0x6E, 0x26, 0x64, 0x3A, 0x4F, 0x24, 0xFD, 0xCD, 0x81, 0x30,
    0xDF, 0x8F, 0x82, 0x52, 0xC0, 0x19, 0x57, 0x7E, 0xA9, 0xCF, 0xFA, 0x35, 0x41, 0x8B, 0xEA, 0xE4,
    0xD2, 0x18, 0xDB, 0xA2, 0xBF, 0xE7, 0x9F, 0x7F, 0xDF, 0x08, 0xD8, 0x3D, 0x7B, 0x2F, 0xA4, 0xF3,
    0x54, 0xEC, 0xC8, 0x2C, 0x3A, 0x24, 0x4D, 0x2B, 0xD2, 0x0E, 0x8C, 0x77, 0xA4, 0xEB, 0xE7, 0x4E,
    0xD6, 0x3D, 0x70, 0x3A, 0xD8, 0x18, 0xAB, 0xB4, 0x59, 0x7E, 0x28, 0x09, 0xEE, 0x63, 0x5F, 0x07,
    0xF8, 0xB3, 0xFA, 0x1A, 0x38, 0xEC, 0x81, 0xBD, 0x05, 0x46, 0xE3, 0x92, 0x41, 0x85, 0xA2, 0xCB,
    0x62, 0xF4, 0x78, 0xF4, 0x0C, 0x97, 0x40, 0x32, 0x58, 0x7A, 0x6D, 0x9D, 0x90, 0xAE, 0x50, 0xB4,
    0xCA, 0x83, 0x5F, 0x83, 0xD0, 0x3E, 0x0F, 0x30, 0x8E, 0x7B, 0x23, 0x77, 0xC9, 0x03, 0x38, 0x77,
    0xA4, 0x51, 0x0C, 0x8A, 0x00, 0x56, 0xAA, 0x60, 0xDE, 0x0B, 0x80, 0xFA, 0xA3, 0x17, 0xFA, 0xCC,
    0xAF, 0xBF, 0xB2, 0x59, 0xBC, 0xDA, 0x89, 0xA9, 0x6B, 0x01, 0x76, 0xB0, 0x5E, 0x0C, 0x65, 0xB2,
    0x12, 0x9D, 0x5C, 0xF2, 0x56, 0x4B, 0x16, 0x9D, 0xBB, 0xCC, 0x22, 0x3B, 0x5D, 0x2E, 0x85, 0xCF,
    0x3F, 0x75, 0x92, 0x64, 0x5B, 0xF5, 0x5B, 0xAF, 0x9D, 0x2C, 0xA7, 0xF7, 0xBC, 0xA1, 0x73, 0x59,
    0x6B, 0xB9, 0x1B, 0x4B, 0x11, 0x7F, 0xCE, 0x92, 0x6E, 0x2F, 0xBE, 0xD7, 0x90, 0x82, 0x71, 0x40,
    0xCD, 0xAC, 0xD5, 0x61, 0x3F, 0x00, 0xA5, 0x78, 0x4C, 0xF7, 0x5A, 0x98, 0x4E, 0x2E, 0x9E, 0x6F,
    0x8E, 0x6F, 0x50, 0x89, 0xA0, 0x82, 0xE6, 0x8B, 0xB5, 0xCC, 0x79, 0x97, 0x48, 0x07, 0x26, 0xBB,
    0x91, 0xE3, 0x28, 0x99, 0x51, 0xCC, 0xEF, 0x38, 0x0E, 0x7A, 0x9F, 0xD3, 0xFB, 0x74, 0xA4, 0xCB,
    0x27, 0xA1, 0x82, 0x32, 0xFD, 0x85, 0x07, 0x6C, 0xD1, 0x02, 0xA7, 0xAC, 0x5B, 0xDA, 0x66, 0x62,
    0x85, 0x76, 0x2D, 0x34, 0x2D, 0x5B, 0xD1, 0x6C, 0xF9, 0xA1, 0xE4, 0xAD, 0x83, 0x75, 0xDA, 0xA3,
    0x64, 0xED, 0x28, 0xBD, 0x25, 0x83, 0x38, 0xCD, 0x8E, 0x46, 0x1A, 0xB8, 0x54, 0x34, 0x55, 0xD2,
    0xE8, 0x44, 0xF3, 0x73, 0x47, 0x3D, 0xBB, 0xEC, 0x5E, 0x89, 0x4C, 0x8C, 0x27, 0x62, 0xF6, 0x91,
    0x63, 0x61, 0x37, 0x1C, 0x1D, 0x68, 0x73, 0x5C, 0x8C, 0x2D, 0x39, 0x72, 0xFD, 0xE6, 0xDD, 0xC4,
    0x79, 0xC0, 0xF6, 0x39, 0x1C, 0xE3, 0x34, 0xE3, 0x64, 0x4F, 0x67, 0xF8, 0x6A, 0x27, 0xDB, 0xD4,
    0x5C, 0xD4, 0x58, 0xBA, 0xD0, 0x02, 0x55, 0x2D, 0xB6, 0xF3, 0x76, 0x09, 0x59, 0xFA, 0xCA, 0x55,
    0x81, 0x41, 0x40, 0xE5, 0xFD, 0xDA, 0xC0, 0x08, 0xB4, 0xDB, 0xFE, 0x69, 0x32, 0x36, 0xE8, 0xD8,
    0x60, 0x55, 0x1E, 0x05, 0xE7, 0x9B, 0xF5, 0x45, 0xB9, 0x8A, 0x63, 0x1C, 0xF1, 0x15, 0x4F, 0xB6,
    0x59, 0x06, 0xEB, 0xE7, 0xD8, 0xC0, 0xD4, 0x23, 0xED, 0x19, 0x84, 0x7B, 0xE9, 0x9A, 0x6F, 0x4E,
    0x55, 0x4C, 0xFA, 0xFC, 0xC9, 0x7D, 0x13, 0x49, 0x65, 0x65, 0x5E, 0x89, 0xFF, 0xC7, 0x0E, 0xC6,
    0x71, 0x33, 0xC0, 0x47, 0xF2, 0x93, 0xA5, 0xE2, 0xF0, 0x46, 0x72, 0xA2, 0x43, 0xF4, 0xC7, 0xA4,
    0x31, 0xEA, 0x18, 0x4B, 0x67, 0x6A, 0xAC, 0x45, 0xEE, 0x4D, 0x8C, 0xF7, 0xE2, 0xBF, 0x7F, 0xC6,
    0xB1, 0xDE, 0x86, 0xA6, 0x45, 0x23, 0xFE, 0x34, 0xAE, 0x94, 0x67, 0x5D, 0x2D, 0x7F, 0x2D, 0x79,
    0x2B, 0x08, 0xFC, 0xDB, 0x59, 0xAE, 0x7C, 0x56, 0x22, 0x37, 0x52, 0xDF, 0xCC, 0xFA, 0xDF, 0xE3,
    0x5F, 0xDE, 0xA3, 0x21, 0x8D, 0x27, 0x15, 0xDE, 0x30, 0x8E, 0x2E, 0x1C, 0x80, 0xFD, 0x52, 0x78,
    0x4F, 0x89, 0xC8, 0x55, 0xF8, 0xBF, 0x2C, 0x46, 0x2E, 0x6D, 0xA4, 0x81, 0x53, 0xFA, 0x42, 0x94,
    0x9F, 0x33, 0x03, 0x74, 0x2A, 0xE8, 0x8E, 0x0B, 0x9C, 0xCB, 0xEA, 0x20, 0xD8, 0x6F, 0x98, 0x9F,
    0x29, 0x37, 0x55, 0x26, 0x7A, 0x59, 0x97, 0x8A, 0xBE, 0x64, 0xC7, 0x0A, 0x8F, 0x9E, 0x22, 0x8B,
    0x13, 0x54, 0x6B, 0x2A, 0xFE, 0x36, 0x5A, 0x71, 0x56, 0xF4, 0x43, 0x19, 0xE3, 0x8C, 0x3D, 0x66,
    0x6F, 0xE8, 0x0E, 0xFD, 0x11, 0x87, 0x12, 0xD1, 0x8F, 0x4E, 0xDA, 0x22, 0x8D, 0x5E, 0x45, 0x6F,
    0x9D, 0x13, 0x85, 0xFA, 0xAA, 0x34, 0xD1, 0x4B, 0xE1, 0xFD, 0x2B, 0x14, 0xE6, 0x67, 0xB1, 0xD6,
    0xAA, 0x90, 0xB7, 0xC6, 0xE5, 0xED, 0xD2, 0xFB, 0x75, 0xEC, 0x04, 0x56, 0xEA, 0xB4, 0x9C, 0xB9,
    0xE8, 0xA2, 0xF9, 0xBC, 0x05, 0x72, 0xC2, 0x33, 0xE0, 0xBE, 0x01, 0x79, 0x53, 0x71, 0x42, 0x11,
    0x03, 0xEE, 0x7A, 0x55, 0x97, 0x32, 0xE5, 0x9C, 0xFA, 0x23, 0x2E, 0xE5, 0xD9, 0x0A, 0xB4, 0x5B,
    0xA0, 0x88, 0xEA, 0x2E, 0x18, 0x98, 0xED, 0x17, 0xF1, 0xCE, 0x13, 0xB5, 0x9C, 0x57, 0x47, 0x7D,
    0xE7, 0x39, 0x62, 0x4C, 0xFB, 0x18, 0x1A, 0x77, 0x67, 0x80, 0xE1, 0x80, 0x3A, 0x19, 0x50, 0xE7,
    0x01, 0xB5, 0xAE, 0x50, 0x1F, 0x80, 0xE3, 0x00, 0x34, 0x9D, 0x60, 0x94, 0xFA, 0x28, 0xB0, 0x22,
    0x57, 0x52, 0x9F, 0xF5, 0x34, 0x2B, 0x28, 0x05, 0xD6, 0x9D, 0x0B, 0xBF, 0xFC, 0xBC, 0x84, 0xF5,
    0x85, 0xBF, 0x1F, 0xAB, 0x32, 0xA0, 0x89, 0xFF, 0x89, 0x27, 0xE9, 0x2F, 0xBA, 0x72, 0xEE, 0x99,
    0xB3, 0x63, 0x39, 0x07, 0x1B, 0xFB, 0xAF, 0xCA, 0xF7, 0xD7, 0x79, 0xAF, 0x5F, 0x63, 0xDE, 0x97,
    0xE8, 0x8C, 0x50, 0xC1, 0x78, 0x89, 0x8F, 0xB0, 0x44, 0x76, 0xD2, 0x73, 0xAB, 0xD8, 0x03, 0x03,
    0xAF, 0x7C, 0xA6, 0x9C, 0xF5, 0x2A, 0x68, 0x4F, 0x7D, 0xB6, 0xDB, 0xFA, 0x6D, 0x04, 0x86, 0xF6,
    0x6E, 0x59, 0x9A, 0x5C, 0xB2, 0xBA, 0xE2, 0x12, 0x9E, 0xF5, 0x9B, 0xF0, 0xC2, 0x37, 0xB1, 0x7E,
    0x4B, 0x74, 0xEA, 0x29, 0x57, 0xD1, 0x4B, 0x56, 0x99, 0xE3, 0x2A, 0xD3, 0x5C, 0x95, 0x5C, 0x9D,
    0x2F, 0x5C, 0xB5, 0x32, 0xE3, 0x4D, 0xAC, 0x8E, 0xAF, 0xB6, 0x50, 0xD2, 0xF8, 0x44, 0x47, 0x31,
    0xFD, 0x93, 0x73, 0x40, 0x9A, 0x94, 0x0E, 0xF6, 0x19, 0x74, 0x6C, 0x93, 0xA6, 0x47, 0x36, 0x00,
    0x23, 0x30, 0xFC, 0x34, 0xED, 0x9B, 0x18, 0xC4, 0xCB, 0x9A, 0xCF, 0x5B, 0x89, 0xB1, 0x92, 0xC2,
    0xFB, 0x5B, 0x8A, 0xE8, 0x97, 0x89, 0x33, 0xD1, 0xE7, 0x93, 0x1B, 0xA1, 0x5F, 0x09, 0xB5, 0xE0,
    0x20, 0xB0, 0xCC, 0x1A, 0x31, 0xCA, 0xCC, 0x3C, 0xC3, 0x3A, 0xFA, 0xC0, 0x55, 0xAC, 0x5D, 0xE1,
    0x55, 0x25, 0x27, 0xB7, 0xFC, 0x65, 0xA3, 0x47, 0xDA, 0xF1, 0x83, 0x74, 0x04, 0x4E, 0xFD, 0x92,
    0xB9, 0x6D, 0x00, 0x8C, 0x07, 0x5F, 0xF4, 0x41, 0x88, 0xAD, 0x95, 0x67, 0x7B, 0xED, 0x99, 0x0F,
    0x4C, 0x4B, 0x1B, 0x36, 0xF0, 0x4B, 0x62, 0xD7, 0x29, 0xB1, 0xF8, 0x8B, 0x4E, 0x8B, 0xED, 0xBE,
    0x67, 0x2F, 0xDD, 0x85, 0x58, 0xFC, 0x7B, 0x77, 0x7E, 0x8E, 0xE4, 0x5F, 0xE1, 0xAC, 0x06, 0xA2,
    0x37, 0x62, 0xB7, 0xF1, 0x9A, 0x96, 0x9D, 0xA2, 0x6D, 0xEE, 0x45, 0xF4, 0x86, 0x16, 0x8A, 0xD9,
    0x8B, 0x3D, 0x30, 0x0E, 0x4B, 0xEF, 0xA6, 0x5D, 0xF7, 0x53, 0xEE, 0x21, 0xC3, 0xF2, 0x75, 0x19,
    0xE8, 0x81, 0xAE, 0xA4, 0x61, 0xBB, 0xA3, 0xF6, 0x3A, 0x1A, 0xEE, 0x27, 0xDA, 0xA9, 0x79, 0x44,
    0xBC, 0x13, 0xEF, 0xD6, 0x11, 0x9D, 0x01, 0x03, 0x5F, 0x91, 0xD8, 0xDC, 0xF5, 0x80, 0xE9, 0xD6,
    0x0F, 0xCB, 0x65, 0x54, 0x30, 0xCB, 0x57, 0x75, 0x33, 0x08, 0x9E, 0x08, 0xE2, 0x49, 0x0A, 0x52,
    0x7E, 0x41, 0xCC, 0xDF, 0x19, 0x0E, 0x97, 0xE0, 0x77, 0x47, 0xCF, 0x56, 0x9A, 0xCE, 0x8A, 0x00,
    0x31, 0x4E, 0x52, 0x60, 0x5C, 0x12, 0x9D, 0x54, 0x65, 0x01, 0x59, 0xFB, 0xE5, 0x92, 0x7B, 0xEA,
    0x47, 0x87, 0x09, 0xD0, 0x4E, 0x3A, 0xA4, 0xE4, 0xA6, 0x1A, 0x4B, 0x90, 0xB1, 0x81, 0xAA, 0xC6,
    0x9D, 0xDD, 0x71, 0x9C, 0x38, 0x85, 0x28, 0x96, 0x06, 0xDD, 0xCD, 0x42, 0x47, 0x11, 0x2B, 0x30,
    0xDB, 0x20, 0x11, 0xC9, 0x2D, 0x25, 0x0B, 0x62, 0x84, 0x8A, 0x62, 0xB0, 0xE8, 0x11, 0x6C, 0xFC,
    0x61, 0x38, 0xD7, 0xD1, 0x3F, 0x4E, 0x2E, 0xF1, 0x5F, 0xC5, 0x99, 0x3F, 0x90, 0xE4, 0x46, 0x15,
    0xC6, 0x7F, 0x52, 0x9B, 0xD3, 0xF9, 0x54, 0xAE, 0x26, 0x70, 0x70, 0xD4, 0xB9, 0x90, 0x83, 0x0B,
    0xB6, 0x0A, 0x38, 0x11, 0x5C, 0xB8, 0x33, 0x6A, 0x22, 0x87, 0x26, 0x4F, 0x70, 0x48, 0x40, 0xD5,
    0x91, 0xD7, 0xCC, 0xA8, 0x71, 0x42, 0xC8, 0xE5, 0xD1, 0xE5, 0x09, 0x0E, 0x1C, 0x38, 0xD0, 0xEC,
    0x74, 0x41, 0x48, 0x60, 0x11, 0x91, 0xCA, 0x70, 0x39, 0x5D, 0x94, 0x28, 0x74, 0x94, 0x76, 0x1E,
    0xDD, 0x3D, 0x0C, 0xBE, 0xF5, 0xFD, 0xF5, 0xB2, 0xBB, 0x6E, 0xF5, 0xF7, 0x3D, 0xF5, 0xEB, 0xA7,
    0xEF, 0xBD, 0xD6, 0x6A, 0x77, 0x7B, 0x34, 0x6B, 0x91, 0x35, 0x70, 0x7A, 0x7A, 0xBA, 0xFE, 0x5F,
    0x43, 0xDB, 0xAF, 0xFB, 0xA3, 0x67, 0xB9, 0x9C, 0xEB, 0xE1, 0x9D, 0xCA, 0xD0, 0xC0, 0x06, 0xD6,
    0xC7, 0xBE, 0x81, 0x06, 0x6A, 0x8B, 0x1E, 0xBE, 0xA7, 0x44, 0x42, 0xE4, 0x85, 0x0B, 0x6F, 0x89,
    0xA5, 0x96, 0x9E, 0xB3, 0xCC, 0x32, 0x43, 0x36, 0x1E, 0x90, 0xFB, 0x8B, 0x68, 0x65, 0x1F, 0x71,
    0xC1, 0xA7, 0x8E, 0x18, 0x20, 0x28, 0xFB, 0x22, 0xE0, 0x84, 0xCC, 0x6D, 0x1E, 0xFD, 0xC5, 0xD7,
    0x22, 0x4E, 0xF7, 0x2D, 0xDA, 0x68, 0x53, 0x51, 0xDA, 0x8A, 0xC2, 0x46, 0x1B, 0xC7, 0xD1, 0x1F,
    0xE7, 0x63, 0x5C, 0x8C, 0x5F, 0xC2, 0xA6, 0x36, 0xCC, 0xDA, 0x65, 0x53, 0xD9, 0x2B, 0xAF, 0x7C,
    0xD1, 0xE7, 0xA3, 0x76, 0xCC, 0xC1, 0xBB, 0x59, 0x42, 0x33, 0x83, 0x9E, 0xD0, 0x41, 0x3F, 0xE2,
    0x90, 0x30, 0xE1, 0xA5, 0xBE, 0xC5, 0xD7, 0x0D, 0x80, 0xE7, 0x1D, 0xD9, 0xEE, 0x29, 0xA5, 0xCC,
    0x54, 0xF6, 0x03, 0x6A, 0x48, 0xA8, 0x2C, 0xE8, 0x67, 0x50, 0x4A, 0x4F, 0xFD, 0x68, 0x62, 0x95,
    0xED, 0xE9, 0x68, 0x02, 0x2A, 0xB6, 0xD4, 0x34, 0x76, 0x41, 0xB5, 0x9F, 0xC8, 0xC4, 0xC3, 0xBD,
    0x09, 0x98, 0x81, 0x75, 0xC2, 0xFD, 0x6C, 0x66, 0x27, 0x23, 0xF7, 0xC4, 0xB2, 0xD2, 0xE6, 0xBC,
    0x72, 0x81, 0x89, 0x59, 0x88, 0x6B, 0x34, 0xB0, 0x37, 0xD5, 0x80, 0xF2, 0x64, 0x23, 0xA5, 0x83,
    0x15, 0x9A, 0x76, 0x78, 0xC0, 0x03, 0x25, 0x93, 0x66, 0x51, 0xF6, 0xDF, 0xD7, 0xE6, 0x54, 0x43,
    0x69, 0x4F, 0x2B, 0x28, 0x8E, 0x9C, 0x3C, 0x0B, 0xDD, 0xBF, 0xAF, 0xCD, 0x21, 0x52, 0xB3, 0x7B,
    0xFA, 0xE0, 0xA0, 0x70, 0x50, 0x3B, 0x28, 0x1F, 0xB3, 0xA4, 0x8C, 0xD5, 0x14, 0x46, 0xA0, 0x2D,
    0x85, 0x2D, 0xC5, 0xB6, 0xE2, 0xBE, 0x28, 0x9C, 0x2F, 0x22, 0x37, 0xE2, 0x4A, 0x31, 0x3C, 0x54,
    0x86, 0xAE, 0x74, 0xD9, 0x58, 0x19, 0xE5, 0x1B, 0x4A, 0xB7, 0xA5, 0xFA, 0xCD, 0x44, 0xA3, 0x7C,
    0xB4, 0x69, 0x1C, 0xFD, 0x71, 0x3E, 0xC6, 0xC5, 0xF8, 0x56, 0xC4, 0x47, 0x40, 0xFE, 0x4A, 0xB4,
    0xD2, 0xCA, 0x1B, 0x16, 0xAD, 0xE4, 0x71, 0x58, 0x74, 0x91, 0x16, 0x5D, 0xC4, 0x9B, 0x74, 0x1A,
    0x38, 0x2C, 0x3A, 0x78, 0x8A, 0xC8, 0x7D, 0xE4, 0x3F, 0x0E, 0xA5, 0x0D, 0xB3, 0x63, 0x58, 0x74,
    0x8C, 0x41, 0x17, 0xEE, 0xC1, 0x9B, 0x16, 0xBD, 0x13, 0x1B, 0x7A, 0x31, 0x51, 0x09, 0x0B, 0x6D,
    0x4F, 0x95, 0x0B, 0x7D, 0x51, 0xDA, 0x30, 0x0C, 0x4E, 0xB4, 0x79, 0x29, 0x8E, 0xAB, 0x7A, 0xD5,
    0xFC, 0xB1, 0x1D, 0xE3, 0xCA, 0x73, 0x1A, 0xE1, 0x44, 0x1B, 0x4A, 0x83, 0x86, 0x45, 0x2C, 0xA6,
    0x70, 0x68, 0xA8, 0xC5, 0x85, 0x5E, 0xA6, 0x7B, 0x1F, 0x7E, 0x5C, 0x54, 0xA8, 0x73, 0x94, 0x40,
    0x65, 0x51, 0xEE, 0xFD, 0xD2, 0x35, 0x62, 0xEA, 0x09, 0x6C, 0x3E, 0x14, 0x83, 0xB6, 0x4B, 0x4E,
    0xE8, 0xD0, 0xF6, 0x6D, 0xB0, 0x0D, 0x38, 0x0B, 0xD8, 0xD9, 0x2A, 0x2C, 0x52, 0x6C, 0xB7, 0x7B,
    0x46, 0x07, 0x2F, 0x80, 0x1F, 0xC9, 0x53, 0x25, 0x32, 0x57, 0xD2, 0x77, 0x8D, 0xF4, 0xAB, 0x36,
    0x60, 0xF7, 0x1C, 0xE2, 0x38, 0xFA, 0x75, 0x40, 0x16, 0x40, 0x11, 0xA0, 0xBE, 0x1D, 0x1E, 0xD0,
    0x9A, 0xD6, 0x3C, 0xA0, 0x34, 0x1A, 0xED, 0x54, 0x2F, 0x6E, 0x67, 0x32, 0x5F, 0xF9, 0xD6, 0x3F,
    0xF4, 0x5C, 0x38, 0xF2, 0x3D, 0xA1, 0x90, 0x65, 0xEE, 0x3B, 0xC6, 0xCF, 0xF9, 0x22, 0xF4, 0x70,
    0x12, 0x86, 0xC1, 0x19, 0xA6, 0xEE, 0xE7, 0x87, 0x47, 0x2B, 0x3D, 0x73, 0x3F, 0x9B, 0xD0, 0x6E,
    0x4E, 0xCF, 0x9C, 0x1A, 0x6B, 0x13, 0x6D, 0x1C, 0x47, 0x7F, 0x9C, 0x8F, 0x71, 0x31, 0x3E, 0x4B,
    0x3F, 0xFB, 0xCA, 0xA3, 0x06, 0x5A, 0x4F, 0xE1, 0x08, 0x39, 0xB5, 0x05, 0x4F, 0x4D, 0xE4, 0x45,
    0xE2, 0x2E, 0xF1, 0x18, 0x59, 0x0D, 0x91, 0x0B, 0x97, 0x79, 0xBC, 0xB6, 0x85, 0x87, 0x8A, 0x1F,
    0x06, 0x5E, 0x70, 0x1A, 0xB8, 0xC3, 0x07, 0x1E, 0x73, 0xE7, 0x51, 0xBE, 0x90, 0x3D, 0x85, 0x8B,
    0x7C, 0x50, 0xAC, 0x88, 0xBC, 0x8C, 0x9C, 0xA5, 0x8C, 0x55, 0xCA, 0xD8, 0xA6, 0x8C, 0x0F, 0x5F,
    0x92, 0x31, 0xBB, 0x90, 0x31, 0x72, 0xFC, 0x89, 0xE1, 0x6B, 0x25, 0x31, 0x63, 0x6E, 0x47, 0xE8,
    0xE0, 0x73, 0x18, 0x21, 0x29, 0x2A, 0x17, 0x15, 0x2B, 0xA2, 0xE2, 0x0A, 0x6A, 0x88, 0x81, 0xE4,
    0x32, 0xD3, 0x45, 0x2E, 0x27, 0x58, 0x42, 0x2D, 0xB0, 0x22, 0x3D, 0x54, 0x13, 0x50, 0x91, 0x7B,
    0xD2, 0xC3, 0xD5, 0x83, 0x12, 0x4A, 0x07, 0x54, 0x56, 0x1B, 0x40, 0xB9, 0x25, 0x10, 0x1E, 0xB6,
    0x15, 0xD0, 0x88, 0x99, 0x58, 0x51, 0x4F, 0x99, 0xCF, 0x66, 0x08, 0xF1, 0x45, 0x07, 0x94, 0x4E,
    0x9F, 0x02, 0xDA, 0x9C, 0x46, 0xD3, 0xF0, 0x59, 0x34, 0xAB, 0x4C, 0xC4, 0xC2, 0x94, 0x4C, 0xE6,
    0xE1, 0x14, 0xD4, 0x90, 0x4C, 0xE9, 0x92, 0xA9, 0xA1, 0xB1, 0xB1, 0xD7, 0x7C, 0xDD, 0xAA, 0xD4,
    0x1B, 0x62, 0xBD, 0x23, 0xE5, 0x40, 0x15, 0x42, 0x60, 0x49, 0xE4, 0xC6, 0xFE, 0x52, 0xCB, 0x9C,
    0x4B, 0x4F, 0x0E, 0x50, 0xB8, 0x48, 0x03, 0x90, 0x8D, 0x00, 0x2B, 0x80, 0xBB, 0x5C, 0x68, 0x33,
    0x90, 0xED, 0x01, 0x25, 0x40, 0xF1, 0x77, 0x03, 0xE5, 0x97, 0x0E, 0xF4, 0x6F, 0x7B, 0xA8, 0x95,
    0x87, 0x65, 0x1E, 0x68, 0x9D, 0x4D, 0x30, 0x33, 0xC3, 0xC4, 0x36, 0x66, 0x6E, 0x50, 0x3E, 0x50,
    0x21, 0x22, 0xB6, 0x0C, 0xE4, 0xB4, 0xA3, 0xEC, 0x2B, 0x43, 0x31, 0x34, 0xA0, 0xFC, 0x92, 0x10,
    0xB5, 0x85, 0x6C, 0x86, 0x1C, 0x38, 0xDE, 0x34, 0x60, 0x09, 0x30, 0x01, 0x3C, 0xB9, 0xF9, 0x5A,
    0x3E, 0x04, 0x98, 0x8F, 0x39, 0xF4, 0x9F, 0x1C, 0xBC, 0x9B, 0xB9, 0x9B, 0x2E, 0xA3, 0x1C, 0x9E,
    0x40, 0x2D, 0x1E, 0x4E, 0x6A, 0x0B, 0xC0, 0x4D, 0x57, 0x50, 0xE5, 0x03, 0x34, 0x1F, 0x79, 0xE2,
    0xD9, 0x77, 0x52, 0x01, 0xE7, 0x80, 0xFA, 0x08, 0x28, 0x94, 0x09, 0xF4, 0x51, 0xA0, 0x5C, 0x6E,
    0x20, 0x2F, 0x61, 0xBE, 0x87, 0x3C, 0x9A, 0x98, 0xC3, 0x02, 0xE8, 0xDF, 0x25, 0x53, 0xEB, 0x64,
    0xD6, 0x07, 0x33, 0x27, 0x93, 0x8F, 0xC9, 0xA8, 0x21, 0x19, 0xED, 0xB4, 0x88, 0xA1, 0xB2, 0xC9,
    0x34, 0x24, 0xE7, 0xF6, 0x60, 0x62, 0x76, 0xC8, 0x0F, 0xA6, 0x18, 0x92, 0x53, 0xBB, 0x64, 0x2A,
    0x9B, 0x4C, 0x43, 0xDA, 0x39, 0x6D, 0x0F, 0x86, 0x5B, 0xF2, 0x14, 0x1A, 0x11, 0xB2, 0xBD, 0x79,
    0x80, 0x1A, 0x01, 0xDD, 0x93, 0xA2, 0xA1, 0xE1, 0x02, 0x6D, 0x0E, 0xF4, 0xE2, 0x44, 0x7D, 0x28,
    0x0B, 0x28, 0x3C, 0x90, 0xEF, 0xB9, 0x07, 0xAD, 0x08, 0x07, 0x79, 0x3E, 0x03, 0x98, 0x00, 0xD6,
    0x00, 0x4B, 0xA0, 0x3C, 0x07, 0x8A, 0x09, 0xF8, 0x10, 0xF8, 0x02, 0xD8, 0x02, 0x35, 0x50, 0x3A,
    0xC8, 0x2D, 0xC7, 0xB6, 0x13, 0x71, 0x11, 0x5B, 0xE0, 0x55, 0xD8, 0xC9, 0x3E, 0xE1, 0xF5, 0x31,
    0xD2, 0x47, 0xC0, 0xCF, 0x81, 0x11, 0x54, 0x40, 0xD9, 0x43, 0x65, 0xE0, 0x3D, 0xAE, 0x2F, 0xDF,
    0x6D, 0xA0, 0x01, 0xC4, 0xA1, 0xFE, 0xE1, 0xC9, 0xED, 0xAF, 0xAF, 0x2D, 0x57, 0xD8, 0xEF, 0xA1,
    0xFF, 0x3C, 0x13, 0x2D, 0x70, 0x6D, 0x79, 0xEE, 0xB2, 0xA0, 0x41, 0x3B, 0x35, 0xD0, 0x03, 0x94,
    0xFD, 0xDB, 0x1D, 0xD8, 0xCC, 0x2B, 0xAF, 0x5D, 0xCD, 0x5D, 0x00, 0x6A, 0xF3, 0x76, 0x07, 0x8F,
    0xC9, 0x47, 0xCA, 0x73, 0xEA, 0x5F, 0x98, 0xBB, 0xCA, 0x00, 0x10, 0x3D, 0x97, 0xEE, 0x8B, 0xC2,
    0xB5, 0xBA, 0x0F, 0x0C, 0xFC, 0xFF, 0x6A, 0xB9, 0xEC, 0x0D, 0x4A, 0x64, 0x42, 0x0D, 0x99, 0x18,
    0x35, 0x50, 0xF5, 0x81, 0x0A, 0x1F, 0x28, 0x1F, 0x03, 0x31, 0x1F, 0x89, 0xAE, 0x95, 0x9E, 0x6D,
    0xA2, 0x34, 0xBC, 0x30, 0x9B, 0x82, 0x0B, 0x9F, 0x04, 0x92, 0x54, 0x12, 0x4D, 0xF2, 0xD4, 0x9F,
    0x5A, 0xD8, 0x89, 0x83, 0x27, 0x67, 0x7C, 0xB3, 0x75, 0xA0, 0xED, 0x2E, 0x91, 0x8B, 0x34, 0x44,
    0x9A, 0x02, 0x6D, 0xCF, 0x23, 0x35, 0x91, 0x2A, 0x17, 0xA8, 0x18, 0x02, 0xE5, 0x63, 0x20, 0xE6,
    0x48, 0x9B, 0x48, 0xF5, 0xC7, 0x81, 0xF4, 0x97, 0x81, 0x94, 0x04, 0xCA, 0x23, 0x91, 0xA8, 0x8D,
    0x54, 0x47, 0xD2, 0x16, 0x2C, 0x90, 0x0F, 0x91, 0x46, 0x80, 0x0E, 0xA0, 0x06, 0xB8, 0xC3, 0xF3,
    0xED, 0x96, 0xF4, 0xD0, 0xC8, 0x9E, 0x6C, 0x6F, 0x5A, 0x57, 0x78, 0x4A, 0xAF, 0x1D, 0xF9, 0x58,
    0x59, 0x98, 0x1B, 0x60, 0x1B, 0x69, 0xB3, 0x04, 0x96, 0x1B, 0xA0, 0x49, 0x94, 0x86, 0x69, 0x22,
    0x85, 0xA4, 0xE0, 0x78, 0xD9, 0x94, 0x04, 0xB2, 0x3D, 0xAD, 0x8B, 0xA2, 0x51, 0x7E, 0x00, 0x32,
    0x03, 0xA8, 0x1E, 0xD0, 0x91, 0x6A, 0x03, 0xAC, 0x01, 0x1E, 0xDE, 0x7C, 0x2D, 0x77, 0x01, 0x5A,
    0x20, 0x13, 0x07, 0xC5, 0xDF, 0x3C, 0x28, 0xF3, 0xE4, 0xA6, 0xCB, 0xC8, 0xC7, 0x13, 0xD0, 0x32,
    0xC1, 0x7B, 0xE5, 0x00, 0xC0, 0x4D, 0x57, 0x50, 0xDA, 0x11, 0xF4, 0x1F, 0xA6, 0x74, 0xF6, 0x9D,
    0x54, 0x00, 0x9C, 0xF2, 0x13, 0x5A, 0xCE, 0xA8, 0x42, 0x1D, 0xC5, 0xBF, 0x06, 0x32, 0xB1, 0xB0,
    0x23, 0xDA, 0x38, 0x8E, 0xFE, 0x34, 0x1F, 0xE3, 0x8E, 0xED, 0x7E, 0x2C, 0x6E, 0x15, 0x75, 0xA6,
    0x58, 0x9C, 0x2F, 0x3C, 0x7A, 0xD0, 0x8E, 0x26, 0x16, 0xB7, 0x9D, 0x1B, 0xB2, 0x31, 0x14, 0xA7,
    0x86, 0x50, 0x9C, 0x76, 0xA1, 0xAE, 0x9A, 0x40, 0x6B, 0x9A, 0x65, 0x36, 0xD1, 0x34, 0xCA, 0x87,
    0xE2, 0xB4, 0x63, 0x5B, 0xFD, 0xDE, 0x30, 0xEB, 0x73, 0xF2, 0x49, 0x4D, 0x94, 0x5E, 0xC5, 0xE2,
    0xB4, 0xC8, 0x9E, 0x2A, 0x16, 0xF7, 0x2E, 0x00, 0xB7, 0x81, 0x05, 0xD0, 0x00, 0xDA, 0x81, 0x1A,
    0x80, 0x9E, 0x63, 0xEB, 0x60, 0x79, 0x09, 0x6C, 0xD6, 0xB0, 0x6E, 0x60, 0xAE, 0x4D, 0x36, 0xE9,
    0x21, 0xE4, 0x16, 0x71, 0x3C, 0x7A, 0x06, 0x7C, 0x08, 0xAC, 0x80, 0x19, 0x94, 0x87, 0xD2, 0x41,
    0xC1, 0xF5, 0xE5, 0xCB, 0x0D, 0x94, 0x03, 0xD4, 0x13, 0x6C, 0x37, 0xF0, 0xC9, 0x7B, 0xD7, 0x97,
    0x6B, 0xAC, 0xC8, 0xE6, 0xC6, 0x44, 0x0B, 0x5C, 0x5F, 0x1E, 0x6E, 0x03, 0xD4, 0x00, 0x1B, 0x80,
    0x09, 0x50, 0x03, 0x17, 0xB6, 0x29, 0xC0, 0x19, 0x68, 0xD7, 0x18, 0x1A, 0x53, 0x39, 0x5A, 0x74,
    0xCF, 0x4C, 0xE1, 0xB3, 0x89, 0x7C, 0x54, 0x1E, 0xE6, 0xB2, 0x87, 0x33, 0xED, 0xA0, 0x69, 0x81,
    0x6A, 0x0F, 0x94, 0x33, 0xA0, 0x46, 0x20, 0xF7, 0x6F, 0x45, 0x2F, 0xFE, 0x47, 0x7E, 0x1A, 0x20,
    0x66, 0xCB, 0xA3, 0x7E, 0x8B, 0xF2, 0xDB, 0xB4, 0xC9, 0xCC, 0xA6, 0x84, 0x74, 0x5E, 0xF8, 0x38,
    0x17, 0x63, 0x42, 0xEC, 0x0B, 0xD7, 0x67, 0xBB, 0x81, 0x52, 0xCE, 0xA9, 0x6D, 0xCB, 0x92, 0xDA,
    0xAC, 0xA8, 0x4C, 0x97, 0xD0, 0xD0, 0xB1, 0xA5, 0xCB, 0x47, 0xBA, 0xA2, 0xA7, 0xD3, 0x8E, 0x03,
    0xC2, 0x58, 0x49, 0x98, 0xDF, 0x0D, 0x1D, 0xE5, 0xD8, 0x91, 0xCD, 0x1D, 0x1C, 0xF0, 0x83, 0x7C,
    0xEA, 0x6A, 0xF1, 0x5D, 0xB9, 0x37, 0x3C, 0x26, 0xF3, 0x64, 0x13, 0xAC, 0xA1, 0x82, 0x02, 0x00,
    0x28, 0xE5, 0xB1, 0x96, 0xE9, 0x9D, 0xEC, 0x1C, 0x96, 0xD0, 0x40, 0x9D, 0x8B, 0x54, 0x22, 0xAD,
    0xA9, 0x3B, 0xFE, 0xDB, 0xC3, 0x79, 0x2D, 0x72, 0x4B, 0xFE, 0x0D, 0x96, 0x7C, 0x38, 0x6C, 0x63,
    0x59, 0xC2, 0xC9, 0xA5, 0x44, 0x6E, 0x43, 0x03, 0xE2, 0xC2, 0xE6, 0x2B, 0xEC, 0xBD, 0x2E, 0xA1,
    0x90, 0x4F, 0x1F, 0x94, 0x32, 0xDF, 0x29, 0x06, 0xB8, 0x4C, 0x01, 0x61, 0x33, 0xA6, 0xFB, 0x39,
    0xF0, 0xE5, 0x2E, 0xA7, 0x35, 0x7C, 0xD5, 0x67, 0x6E, 0x08, 0x1C, 0xCE, 0x2F, 0xA1, 0x50, 0x8A,
    0xAD, 0x26, 0xB4, 0x8C, 0x22, 0xE6, 0x9D, 0x4C, 0xC6, 0xCA, 0x41, 0xE3, 0xD4, 0x10, 0xD8, 0xE4,
    0x1E, 0x6A, 0x72, 0x1F, 0x2E, 0x97, 0x30, 0x93, 0xB8, 0x31, 0x35, 0xD0, 0x71, 0xE0, 0xCA, 0x46,
    0xD6, 0x0E, 0x82, 0xE0, 0x94, 0xD9, 0x5A, 0xF6, 0x22, 0x2E, 0x97, 0xE1, 0xDE, 0xDE, 0xF0, 0x68,
    0x3A, 0xBC, 0x7B, 0xAE, 0x5F, 0xF5, 0xEE, 0xD9, 0x3C, 0xFF, 0xEE, 0x19, 0xB4, 0xA5, 0xE8, 0x51,
    0x3D, 0x3B, 0xC7, 0xCE, 0xBC, 0x69, 0xEB, 0xCF, 0xA3, 0xA7, 0x28, 0xD9, 0xA3, 0xFB, 0xDA, 0xD6,
    0x46, 0xBB, 0x86, 0xA2, 0x5F, 0xA3, 0x86, 0x56, 0x24, 0x61, 0x4D, 0xCA, 0x43, 0x43, 0xCA, 0x84,
    0x1E, 0x32, 0x42, 0xAE, 0x50, 0xD6, 0x9E, 0x57, 0x6F, 0xF3, 0xAF, 0x40, 0xFB, 0x16, 0x50, 0x39,
    0x68, 0xE3, 0x23, 0x3E, 0x43, 0x7F, 0x72, 0x25, 0xBA, 0xF9, 0xB0, 0x40, 0xF9, 0xB3, 0x64, 0xE1,
    0x6A, 0x6A, 0x7D, 0x9F, 0x15, 0x2D, 0x95, 0x2D, 0xFA, 0xCC, 0x01, 0x94, 0xEE, 0x75, 0xC7, 0xF3,
    0x6F, 0x2A, 0x01, 0xEA, 0xD7, 0x1E, 0x58, 0xD4, 0x88, 0x3E, 0xA7, 0xA9, 0xCD, 0x49, 0x01, 0x00,
    0xE4, 0xFE, 0x5B, 0xF4, 0x55, 0x69, 0xCF, 0xB4, 0x0B, 0x0C, 0x97, 0xB9, 0x9C, 0xCC, 0x42, 0x31,
    0xFE, 0x98, 0x5C, 0x66, 0x32, 0x19, 0xD0, 0x62, 0xB9, 0xF3, 0xB1, 0x83, 0xA2, 0x07, 0xE5, 0xD9,
    0xFD, 0x35, 0x7D, 0x35, 0x51, 0xF5, 0xF7, 0xC6, 0x86, 0x7C, 0x5C, 0x92, 0x8D, 0xEB, 0x23, 0xC8,
    0xFD, 0xFA, 0xF0, 0xFA, 0x71, 0xA8, 0x4D, 0xE9, 0xE2, 0xCD, 0x8D, 0x37, 0x99, 0xF6, 0x29, 0xF9,
    0x74, 0x82, 0x96, 0x89, 0x3B, 0x17, 0x37, 0x52, 0xDC, 0x93, 0xC7, 0xEC, 0x64, 0xA6, 0xE3, 0xEC,
    0xF8, 0x35, 0x81, 0x39, 0x40, 0x47, 0xD8, 0xD7, 0xE1, 0xF8, 0x8F, 0x98, 0x0D, 0x50, 0x19, 0x28,
    0x1C, 0x64, 0xDF, 0x7C, 0xD8, 0x05, 0x3D, 0xD4, 0xAE, 0x36, 0xC5, 0xD0, 0xA0, 0xFC, 0xE6, 0x50,
    0xEB, 0xB4, 0x86, 0x29, 0xDA, 0x38, 0x8E, 0xFE, 0x38, 0xAF, 0x87, 0xCA, 0xC5, 0xF8, 0x78, 0x1D,
    0x49, 0x7C, 0x82, 0x3C, 0xA0, 0x18, 0x88, 0xE9, 0x78, 0x97, 0xAB, 0xD1, 0x56, 0x80, 0x76, 0xD0,
    0x78, 0x98, 0x3A, 0x78, 0x7C, 0xF7, 0x6A, 0x74, 0xCF, 0xEE, 0x90, 0x8B, 0x90, 0x7F, 0x3A, 0x01,
    0x57, 0x53, 0x6B, 0xE6, 0x17, 0xA8, 0xB1, 0x8D, 0xF6, 0xCA, 0x34, 0xD1, 0x06, 0x2A, 0x97, 0x90,
    0xCE, 0xE1, 0x85, 0xAF, 0x08, 0x2E, 0x38, 0x5F, 0x8C, 0xFF, 0x24, 0xE8, 0xF8, 0xA0, 0x37, 0x1C,
    0xF2, 0xD7, 0x43, 0x43, 0xEB, 0xD7, 0xFC, 0x73, 0x5C, 0xAB, 0xAF, 0xA6, 0x75, 0xE9, 0xA6, 0x75,
    0xC5, 0xB4, 0x59, 0x85, 0xFC, 0x63, 0xEE, 0xAB, 0xE1, 0x90, 0xBF, 0x12, 0xE1, 0x34, 0xE4, 0xBF,
    0x0F, 0x60, 0x41, 0xA5, 0x2D, 0x3E, 0xD0, 0x01, 0xF5, 0xC5, 0x0F, 0x5D, 0x33, 0x95, 0x79, 0x1B,
    0x74, 0x01, 0x9B, 0x80, 0x26, 0xFE, 0x19, 0x11, 0x31, 0xB9, 0x3C, 0x83, 0xCC, 0x80, 0xEA, 0x41,
    0x07, 0xD4, 0x06, 0x56, 0xC0, 0x4F, 0xAF, 0x48, 0xFB, 0x2E, 0xB0, 0x81, 0x4C, 0x5C, 0xFA, 0x58,
    0xA4, 0x78, 0x72, 0x25, 0xBA, 0xA5, 0xF5, 0xE9, 0x73, 0x46, 0xB4, 0x70, 0x45, 0xB5, 0xBE, 0xE1,
    0x77, 0x68, 0x8D, 0x1A, 0x1A, 0x8A, 0xBE, 0xA1, 0x74, 0x95, 0xD1, 0x4E, 0x5B, 0x6D, 0xE3, 0x59,
    0xD1, 0xD7, 0x28, 0xBF, 0x24, 0xF7, 0x0B, 0x98, 0x3A, 0xE8, 0x26, 0x58, 0x8E, 0x50, 0x7B, 0xD0,
    0x03, 0x94, 0xEE, 0xA0, 0x55, 0x03, 0x5B, 0xD8, 0x4D, 0x01, 0x8F, 0xE1, 0x57, 0x40, 0xF7, 0x0A,
    0x9C, 0x1D, 0xFE, 0xCE, 0xB0, 0x65, 0x47, 0x47, 0x6D, 0x3B, 0xB4, 0xEB, 0x28, 0xFA, 0x80, 0xA1,
    0x43, 0x0D, 0xC9, 0xA6, 0x71, 0x19, 0xFC, 0x95, 0xDD, 0x99, 0x36, 0xC5, 0x77, 0xBB, 0xE1, 0xA5,
    0x7A, 0x17, 0x7F, 0x2F, 0xAE, 0x6F, 0x4D, 0xFF, 0x01, 0xC5, 0x9A, 0x01, 0x84, 0x2D, 0x4B, 0x7E,
    0xC6, 0x7F, 0x5D, 0xBD, 0x7B, 0xFB, 0xDE, 0xF4, 0xEE, 0x2B, 0x58, 0x84, 0xB7, 0x49, 0x3F, 0x3C,
    0x0C, 0xD6, 0xED, 0x8B, 0xC5, 0x0B, 0x33, 0xA7, 0x8A, 0x45, 0x10, 0x24, 0x00, 0x80, 0x87, 0x00,
    0xC2, 0x7D, 0x58, 0x3C, 0x32, 0xE7, 0x9C, 0x4A, 0x20, 0x08, 0x32, 0x01, 0x00, 0x7B, 0x01, 0x00,
    0x0B, 0x78, 0xE8, 0x9E, 0xAE, 0xDD, 0x00, 0x16, 0xAF, 0x03, 0x02, 0xD0, 0x92, 0xC7, 0x0A, 0x78,
    0x9D, 0x68, 0xD1, 0x37, 0xFA, 0x9C, 0xDA, 0xFA, 0xEB, 0x73, 0xDC, 0x33, 0xEE, 0xDC, 0x79, 0x33,
    0x67, 0xCF, 0xCC, 0xFB, 0x4F, 0x7D, 0x5F, 0x75, 0x77, 0x55, 0xFD, 0xEB, 0xFB, 0xAA, 0x1D, 0x5D,
    0xBA, 0x87, 0x32, 0x74, 0x20, 0x74, 0x7B, 0x4C, 0x40, 0xB2, 0x05, 0xD2, 0x00, 0x64, 0xDF, 0x5A,
    0xC8, 0xBF, 0xF6, 0xA0, 0xFF, 0xA9, 0x85, 0x32, 0xED, 0x61, 0xA1, 0x22, 0x2D, 0x93, 0x11, 0x26,
    0x26, 0x18, 0xA9, 0x51, 0x03, 0x86, 0xD8, 0x66, 0xC8, 0x42, 0x08, 0x2E, 0x8F, 0xE4, 0xB5, 0x27,
    0x6F, 0x0B, 0x4B, 0xD6, 0x19, 0x62, 0xDB, 0x02, 0xD4, 0x50, 0x43, 0x32, 0xE5, 0x61, 0x8C, 0x85,
    0x83, 0xC8, 0xC3, 0x95, 0x0E, 0xE3, 0x0F, 0x92, 0x0D, 0x2C, 0xC0, 0x40, 0xA9, 0x42, 0x28, 0x42,
    0x58, 0xDB, 0xB2, 0x62, 0x57, 0xE2, 0x71, 0x19, 0xC2, 0xB3, 0xF0, 0xFF, 0x7C, 0x94, 0xB4, 0xA0,
    0x7F, 0x11, 0x29, 0x0B, 0x4E, 0xC4, 0x7E, 0x2F, 0x2E, 0x52, 0xF7, 0xCB, 0xB4, 0x1D, 0x92, 0xD0,
    0xB1, 0x76, 0x47, 0x1A, 0x79, 0x74, 0x95, 0x4C, 0xC8, 0x11, 0x90, 0xB5, 0x80, 0x76, 0xEC, 0x69,
    0x02, 0xD4, 0xF4, 0x10, 0xB9, 0x01, 0x46, 0x54, 0x47, 0x1A, 0x4B, 0x80, 0x00, 0x0A, 0x20, 0x77,
    0x40, 0x21, 0xB4, 0x00, 0x18, 0x01, 0xDE, 0x70, 0x18, 0xCF, 0xC2, 0x37, 0x60, 0x42, 0x88, 0x4E,
    0xED, 0x4B, 0xD2, 0x01, 0xD0, 0xED, 0x7E, 0x90, 0xE1, 0x06, 0xAD, 0x66, 0x7A, 0xBF, 0xA1, 0x74,
    0x80, 0xF6, 0x40, 0xD6, 0x03, 0x6A, 0xCB, 0xC7, 0xB0, 0x0E, 0x61, 0x97, 0x9E, 0xCF, 0x61, 0x10,
    0xA7, 0x79, 0x8B, 0xB6, 0xFC, 0x98, 0x5D, 0xBC, 0x1E, 0x55, 0xD8, 0xE8, 0xEE, 0x07, 0xA5, 0xC5,
    0x20, 0x89, 0x97, 0xFB, 0xB2, 0x9A, 0xFD, 0x5A, 0x74, 0xF7, 0xC3, 0x34, 0x04, 0x5E, 0xBF, 0x85,
    0x4F, 0x00, 0x26, 0x20, 0x0D, 0x16, 0xF4, 0xEF, 0x3C, 0xFC, 0x49, 0xE2, 0x9F, 0xDA, 0x8B, 0x82,
    0xC2, 0xB3, 0xEE, 0x93, 0x71, 0xA2, 0x3D, 0x3B, 0xCA, 0xC8, 0x97, 0x00, 0x9B, 0x3D, 0xCD, 0xA7,
    0xF0, 0xD4, 0x46, 0x72, 0x4B, 0xE1, 0x63, 0x91, 0x03, 0x38, 0xC6, 0x88, 0xAC, 0xBE, 0xDC, 0x87,
    0xDD, 0x1D, 0x61, 0x02, 0xF8, 0xE4, 0xC9, 0x8D, 0xB4, 0x67, 0x72, 0x2F, 0xD6, 0xBD, 0x78, 0x51,
    0x47, 0x19, 0xB9, 0xFA, 0x29, 0x30, 0x55, 0x80, 0xE9, 0xF7, 0x53, 0x29, 0x0E, 0xE3, 0xB5, 0x4C,
    0xD4, 0x84, 0x60, 0xA9, 0x79, 0xDD, 0x47, 0x52, 0x53, 0x24, 0xAE, 0x85, 0x8C, 0x50, 0x69, 0x6B,
    0x71, 0x55, 0xCB, 0xE8, 0xF7, 0x49, 0x1A, 0xE6, 0x2E, 0x66, 0x3F, 0x4C, 0x12, 0x48, 0x2A, 0x49,
    0x3A, 0xA7, 0x07, 0xD5, 0x0D, 0x90, 0xF6, 0xFD, 0x2D, 0xD4, 0x09, 0xC1, 0xFA, 0xF7, 0x3D, 0x51,
    0x74, 0x8F, 0xEE, 0x8A, 0x9E, 0xD2, 0xC6, 0x6B, 0x86, 0x48, 0x2B, 0xA1, 0xE5, 0x4D, 0x5A, 0xB1,
    0x6F, 0x2D, 0x5D, 0x2A, 0x23, 0x22, 0x29, 0x19, 0xCB, 0xEB, 0xAD, 0x43, 0x85, 0xAD, 0x95, 0x54,
    0x23, 0x69, 0x97, 0x04, 0x9B, 0x76, 0x14, 0x6D, 0xA4, 0xAC, 0x8F, 0xA4, 0x86, 0x48, 0x4C, 0x7B,
    0xA2, 0x5A, 0x87, 0x96, 0x5A, 0xA8, 0x4E, 0xE5, 0xF4, 0x46, 0xAB, 0x1A, 0xF6, 0xC3, 0x24, 0x81,
    0xA4, 0x92, 0xA4, 0x92, 0x1E, 0x71, 0x04, 0x32, 0x77, 0x08, 0x02, 0x39, 0xDE, 0x43, 0xAC, 0x88,
    0x13, 0x31, 0x22, 0x3E, 0x44, 0xA8, 0x28, 0x5E, 0x1E, 0x60, 0xC5, 0x7C, 0x5D, 0xF4, 0x8B, 0x7C,
    0x51, 0x2F, 0xE2, 0xF3, 0x30, 0x22, 0xE0, 0x66, 0xC8, 0x5A, 0x7A, 0x41, 0x0D, 0x7C, 0x08, 0x4D,
    0xD8, 0x22, 0xB8, 0xBB, 0x4F, 0x68, 0x05, 0x69, 0x98, 0x10, 0xBC, 0x17, 0xAF, 0xBF, 0x21, 0x8D,
    0x39, 0x74, 0x5B, 0xBA, 0xD2, 0x6A, 0x6F, 0xC8, 0xDA, 0xA8, 0xB7, 0x5B, 0x87, 0x20, 0xE8, 0x96,
    0xC0, 0x0A, 0x30, 0x40, 0x69, 0x41, 0x77, 0x09, 0x69, 0x90, 0xFB, 0xBC, 0x25, 0xB3, 0xBF, 0x26,
    0xFB, 0x8D, 0xDC, 0x89, 0x16, 0x1A, 0xFB, 0xA8, 0xFA, 0x95, 0x3F, 0x27, 0xE9, 0x2E, 0x21, 0x0C,
    0x50, 0xFA, 0x93, 0x79, 0xE0, 0xCF, 0x01, 0x63, 0x05, 0x72, 0xFC, 0xA8, 0x1E, 0xC8, 0x2D, 0x14,
    0x1E, 0x81, 0x1C, 0x9F, 0xC8, 0xC3, 0xE9, 0x75, 0xA2, 0x1D, 0x94, 0xC0, 0xE5, 0x0E, 0xEB, 0x16,
    0x8A, 0xF6, 0x78, 0x8D, 0x01, 0xA8, 0x20, 0xD9, 0xFD, 0x64, 0x54, 0x00, 0x1A, 0x52, 0xFB, 0x86,
    0xF4, 0xBF, 0x7A, 0x92, 0xE0, 0xC1, 0x00, 0xCF, 0x1F, 0x71, 0xED, 0xDB, 0x33, 0x92, 0x71, 0x82,
    0x75, 0x3F, 0xAF, 0xFF, 0x33, 0x4E, 0xB6, 0xFE, 0xF0, 0x29, 0x40, 0x8D, 0x38, 0xB3, 0x90, 0xFF,
    0x47, 0x2B, 0xF9, 0x3F, 0xF8, 0x3C, 0x2F, 0xEE, 0xF9, 0xF4, 0xD0, 0xCE, 0xDC, 0xA4, 0xD2, 0x45,
    0xD2, 0x3E, 0x52, 0xD6, 0x47, 0x52, 0x31, 0x95, 0x23, 0xAA, 0x73, 0x31, 0xFD, 0x7F, 0x83, 0x92,
    0xB9, 0x5B, 0x28, 0x07, 0x98, 0x6A, 0x78, 0xF3, 0xA3, 0x03, 0x7B, 0x5B, 0x1B, 0xE5, 0xB6, 0xBA,
    0xCB, 0xDA, 0xD2, 0x66, 0xED, 0x6C, 0xEF, 0x26, 0x16, 0x11, 0x26, 0xB6, 0x15, 0xF1, 0x2F, 0x93,
    0x25, 0x6B, 0x7E, 0xDF, 0x42, 0x26, 0xF0, 0xA0, 0xFD, 0x0B, 0xD6, 0xB6, 0x0C, 0x5B, 0xF2, 0xD0,
    0x81, 0x46, 0xE8, 0x1F, 0x23, 0xA5, 0xC1, 0x03, 0x5B, 0x00, 0x78, 0x6A, 0xCB, 0xFD, 0x47, 0x30,
    0x5C, 0xC0, 0x7A, 0x82, 0xA2, 0x03, 0x78, 0x3C, 0xCB, 0x5C, 0x02, 0x6C, 0xD9, 0xD3, 0xE5, 0xF7,
    0x62, 0x79, 0x56, 0xD6, 0x0A, 0xE4, 0xF8, 0x31, 0x2D, 0x3F, 0x8D, 0x9F, 0x39, 0x96, 0x00, 0x15,
    0x90, 0x4E, 0x42, 0x1D, 0xC0, 0x17, 0xA0, 0x86, 0xF9, 0x44, 0xB4, 0xE5, 0x8F, 0x6C, 0x36, 0x71,
    0x90, 0x75, 0x50, 0x8C, 0xB0, 0x32, 0xF0, 0xEA, 0x05, 0xFB, 0xA8, 0xC1, 0x7C, 0x17, 0x9A, 0x10,
    0x82, 0xE0, 0x3E, 0x7D, 0x95, 0x03, 0xDD, 0xC3, 0x62, 0x09, 0x3F, 0x3F, 0xF8, 0x95, 0x7E, 0x0C,
    0x94, 0x1F, 0x42, 0xF3, 0x0D, 0x65, 0x08, 0x94, 0xB6, 0x74, 0x25, 0xDA, 0x97, 0xD1, 0xC7, 0x8C,
    0x54, 0xD0, 0xDD, 0x85, 0xB4, 0x23, 0x19, 0x78, 0x9F, 0xD7, 0x21, 0x86, 0x9B, 0xF9, 0x96, 0x3E,
    0xF1, 0xF2, 0x9E, 0xE5, 0xCA, 0xC3, 0x79, 0x7F, 0xDB, 0x42, 0xE8, 0x05, 0x72, 0xFC, 0x0E, 0xDF,
    0xBE, 0x25, 0x8F, 0xF3, 0xE6, 0x6D, 0xDE, 0xE5, 0x3E, 0xED, 0x73, 0x9F, 0x0C, 0x33, 0x10, 0x8C,
    0x77, 0xA1, 0xF8, 0xD7, 0x76, 0x1D, 0xFC, 0x17, 0x6B, 0xCB, 0x3E, 0xD4, 0x70, 0x7C, 0xC9, 0xBB,
    0x2F, 0xCA, 0xD0, 0x9F, 0x15, 0x0E, 0xF6, 0x51, 0x3D, 0xA0, 0x98, 0xE0, 0x63, 0x01, 0x4E, 0x22,
    0x26, 0xFA, 0x8A, 0xE5, 0x46, 0xB6, 0xFE, 0x01, 0xA5, 0xFF, 0xE8, 0xAB, 0x97, 0x66, 0xCA, 0x3B,
    0x00, 0xC8, 0xDB, 0xFB, 0xFD, 0x7D, 0x96, 0xB9, 0x0B, 0x6D, 0x8B, 0x40, 0x36, 0x1E, 0x39, 0xEF,
    0x7D, 0x67, 0xD2, 0xAE, 0xE4, 0x92, 0x4B, 0xD6, 0x6D, 0xD1, 0xE6, 0xFE, 0xDD, 0x4F, 0x3A, 0xF7,
    0x77, 0xFD, 0x69, 0xB7, 0xE0, 0x92, 0x8A, 0xC6, 0x97, 0xFE, 0xFC, 0xFA, 0xFA, 0x1C, 0xA8, 0x6F,
    0x89, 0xEA, 0x66, 0xD4, 0xE2, 0xE1, 0x14, 0x94, 0xEE, 0x89, 0xAC, 0xAB, 0xB3, 0xAB, 0xC2, 0xD7,
    0x79, 0x08, 0xB6, 0xA6, 0x19, 0x29, 0x59, 0x96, 0xAC, 0x38, 0x88, 0x92, 0x8B, 0xFB, 0x17, 0x58,
    0x42, 0x45, 0x32, 0xB1, 0xEE, 0x59, 0x3B, 0x78, 0x01, 0x18, 0x0B, 0xA1, 0x25, 0xFD, 0xDF, 0x01,
    0xE5, 0xBE, 0x38, 0xCC, 0x7C, 0x3C, 0x0C, 0xB0, 0xE2, 0x2F, 0x64, 0xA2, 0x30, 0x90, 0x07, 0x07,
    0x9F, 0xC0, 0x86, 0x34, 0x58, 0xFD, 0xBB, 0xF6, 0xDD, 0xCB, 0x87, 0xEA, 0x21, 0x65, 0x92, 0xA2,
    0x06, 0x9A, 0x8E, 0x60, 0xA9, 0xC5, 0x46, 0x4D, 0xD6, 0x47, 0x2A, 0x7C, 0xA4, 0x35, 0xD4, 0xC9,
    0x14, 0x29, 0xEB, 0x23, 0x15, 0x3E, 0xD2, 0x1A, 0xB8, 0x9E, 0x80, 0x66, 0x14, 0xDA, 0x02, 0x75,
    0x70, 0x91, 0xCA, 0x4E, 0xFA, 0x8D, 0x91, 0xD8, 0x0A, 0x19, 0x17, 0x49, 0x77, 0x91, 0xD2, 0x61,
    0x9F, 0x99, 0x6B, 0xE6, 0xC8, 0x3D, 0xA0, 0x85, 0x1A, 0x0B, 0x2C, 0x81, 0xBF, 0x03, 0xAA, 0x0F,
    0x62, 0x45, 0x95, 0x8C, 0x54, 0x59, 0x47, 0x55, 0x38, 0xAA, 0x15, 0xD4, 0x23, 0x34, 0x7D, 0xC4,
    0x04, 0x55, 0x88, 0x30, 0xF1, 0xBA, 0x8E, 0xED, 0xE9, 0x40, 0xC5, 0x14, 0xB1, 0x8E, 0x30, 0x16,
    0x76, 0x13, 0xD4, 0x90, 0x4E, 0x11, 0x1D, 0x72, 0x7D, 0xEE, 0x93, 0xF6, 0x31, 0x9F, 0xA7, 0x5A,
    0xDF, 0xCC, 0x57, 0x07, 0xC9, 0xE7, 0x63, 0xBE, 0xD8, 0x9E, 0x8E, 0x54, 0x6C, 0x77, 0x63, 0x0A,
    0x8F, 0x03, 0xD5, 0x41, 0x16, 0xA1, 0x1D, 0x2C, 0x80, 0x33, 0xDE, 0x45, 0x7D, 0x22, 0x34, 0x21,
    0x38, 0x01, 0x6F, 0x8A, 0xDE, 0x5C, 0xCD, 0x33, 0x14, 0x94, 0xF7, 0xF9, 0x73, 0xBA, 0x57, 0xFD,
    0xC9, 0x75, 0x00, 0x94, 0x80, 0x01, 0xB5, 0x89, 0x18, 0x1E, 0xA6, 0x07, 0xB4, 0x2B, 0x5C, 0x60,
    0x43, 0xAD, 0xED, 0x0E, 0x1C, 0xE0, 0x78, 0x65, 0x97, 0x8B, 0xEA, 0xA2, 0x3A, 0xDF, 0xFD, 0xF1,
    0xA1, 0xBF, 0x6B, 0x8C, 0xCF, 0xFD, 0xDD, 0x39, 0xBF, 0x8A, 0x98, 0x04, 0x72, 0x7C, 0xBF, 0xB9,
    0xEF, 0xF8, 0x79, 0x69, 0xAA, 0xD2, 0x49, 0xD1, 0xB7, 0xB4, 0x5E, 0x83, 0xF1, 0xE4, 0x1E, 0x26,
    0xB8, 0x8B, 0x7E, 0x02, 0x6C, 0x26, 0x20, 0x0C, 0x90, 0x04, 0x07, 0xC5, 0x04, 0x18, 0xA1, 0xE7,
    0x77, 0x8F, 0x0D, 0x21, 0xCC, 0xA4, 0x5A, 0xB2, 0x5B, 0xCB, 0xB7, 0x64, 0x81, 0x62, 0xA0, 0x69,
    0xF9, 0xFB, 0xDB, 0x3A, 0xA4, 0x03, 0x6A, 0x0B, 0x4B, 0xE0, 0x39, 0xC0, 0x02, 0xE0, 0x1A, 0x48,
    0xC6, 0xFD, 0x26, 0x4F, 0x59, 0x0E, 0xA2, 0x02, 0xED, 0x1A, 0x84, 0xBC, 0x50, 0x27, 0x34, 0x46,
    0xAA, 0x37, 0x42, 0x46, 0xA8, 0xF0, 0x91, 0xB2, 0x2E, 0x92, 0x1A, 0x22, 0x31, 0x09, 0xAD, 0x84,
    0xCA, 0xBF, 0x8E, 0xA4, 0xBF, 0x8E, 0x94, 0x86, 0x48, 0x4A, 0x08, 0x21, 0xD6, 0x42, 0xA5, 0x90,
    0x76, 0xE0, 0x20, 0x6D, 0x21, 0x8F, 0x28, 0x2C, 0x5C, 0x00, 0x9F, 0x1E, 0xEC, 0xC1, 0xC2, 0x15,
    0x4D, 0x98, 0xE4, 0x9E, 0xEF, 0x7F, 0xB5, 0x76, 0x86, 0x16, 0xB8, 0xBB, 0xF1, 0x14, 0xFA, 0x01,
    0x54, 0x0F, 0xA4, 0x42, 0x65, 0x8B, 0xF8, 0xF8, 0xE3, 0x84, 0x03, 0x60, 0x80, 0xC5, 0xBB, 0x9F,
    0x27, 0x9F, 0x3E, 0x93, 0x0B, 0x25, 0xA0, 0xA7, 0xFD, 0x6C, 0xF8, 0xA7, 0xBE, 0x5F, 0xA9, 0xFD,
    0x5C, 0xDE, 0x12, 0xC0, 0xE1, 0x5B, 0x82, 0x13, 0xDC, 0x2B, 0xF3, 0xCE, 0x31, 0x17, 0xC0, 0x25,
    0xF0, 0x4B, 0xE6, 0x48, 0x1A, 0xD9, 0x9B, 0x06, 0x9F, 0xFB, 0x87, 0xEF, 0x4D, 0xEF, 0xB3, 0x26,
    0xFA, 0xB6, 0x35, 0x59, 0x08, 0x15, 0xB2, 0x26, 0xF9, 0x7E, 0x4D, 0x48, 0x84, 0x68, 0x84, 0x8C,
    0x50, 0x31, 0xAF, 0x09, 0x3B, 0x2A, 0x84, 0x4A, 0x0B, 0x59, 0x20, 0xD2, 0xF8, 0x47, 0x2D, 0x08,
    0x68, 0x0B, 0x45, 0x84, 0x91, 0x84, 0x92, 0x0F, 0x74, 0x18, 0x66, 0xBA, 0x35, 0x9E, 0x85, 0x16,
    0x4C, 0xD8, 0x92, 0x6C, 0xED, 0xDA, 0x67, 0x3D, 0x79, 0xAF, 0x3D, 0x6A, 0x10, 0x5D, 0x93, 0x01,
    0x6A, 0xA1, 0xD5, 0x02, 0x58, 0xAC, 0x00, 0x23, 0x64, 0x16, 0x72, 0x6A, 0xA4, 0x41, 0xA8, 0x96,
    0xCE, 0x93, 0x0C, 0x1B, 0x25, 0x41, 0x9F, 0x6C, 0x59, 0x7B, 0x49, 0x2A, 0xE9, 0x3B, 0x54, 0x3C,
    0x10, 0xDC, 0xFE, 0xE2, 0x32, 0xA0, 0xBB, 0xD2, 0x97, 0x36, 0xEB, 0xE6, 0x97, 0xAE, 0xC9, 0xB0,
    0x24, 0x19, 0x97, 0x30, 0x4A, 0x2D, 0xE7, 0x72, 0x5D, 0xDA, 0x75, 0x57, 0x78, 0xE9, 0x2F, 0xE3,
    0xC8, 0xED, 0xAF, 0x91, 0x57, 0x97, 0x90, 0x8A, 0x03, 0x1A, 0xFB, 0x7D, 0x58, 0x4B, 0xBA, 0x3F,
    0x83, 0xE1, 0x1C, 0x9A, 0x11, 0x8A, 0xF6, 0x74, 0xF6, 0xF8, 0xC9, 0x73, 0xE0, 0xBC, 0x00, 0x2A,
    0x03, 0xC9, 0x50, 0x41, 0xFA, 0xEF, 0x3D, 0x28, 0x7B, 0xF5, 0xC4, 0x1E, 0x51, 0x89, 0x95, 0x4F,
    0xA8, 0x14, 0x7F, 0xE5, 0x59, 0x14, 0x96, 0xF1, 0x02, 0x3E, 0x3F, 0x3B, 0x8D, 0xCF, 0xA4, 0x09,
    0x21, 0xF4, 0x94, 0x41, 0x2A, 0x82, 0xD3, 0x1E, 0xD2, 0x11, 0xA9, 0x74, 0x27, 0x15, 0x85, 0x97,
    0x0A, 0x63, 0xE7, 0x8A, 0xC3, 0x6A, 0x05, 0x3A, 0x04, 0xBF, 0xAB, 0x6E, 0xB6, 0x19, 0x7B, 0x38,
    0x5C, 0xB7, 0x1C, 0xA4, 0xDE, 0x4D, 0x34, 0x4F, 0x3B, 0xCE, 0x22, 0x46, 0xD1, 0xD3, 0xB4, 0xA4,
    0x61, 0x9B, 0x85, 0x49, 0xDC, 0xFC, 0xCA, 0xAD, 0x89, 0x82, 0xB7, 0x91, 0x0C, 0x69, 0xBC, 0xE4,
    0xA2, 0x0D, 0x49, 0x10, 0x1D, 0xC5, 0x01, 0xB1, 0x42, 0x2A, 0xF1, 0x07, 0xC4, 0xB6, 0x09, 0x90,
    0x9E, 0x20, 0xE3, 0x02, 0x10, 0xBD, 0xFE, 0xAA, 0xFD, 0xE1, 0x9C, 0x73, 0x0B, 0x32, 0xC3, 0x5B,
    0xC0, 0x41, 0xDA, 0x41, 0x1E, 0x51, 0xB8, 0xF7, 0x1E, 0x5F, 0xF2, 0xFD, 0x25, 0x2A, 0xB2, 0x35,
    0xAF, 0x5B, 0xD9, 0x8C, 0xD7, 0xA8, 0x61, 0x46, 0x32, 0xD7, 0xF1, 0x9A, 0xB4, 0x49, 0x9F, 0x26,
    0x8C, 0xBB, 0xED, 0xCA, 0x3A, 0xA2, 0x74, 0x35, 0xDA, 0xCF, 0xED, 0x69, 0xEC, 0xC7, 0x14, 0x51,
    0xF3, 0x1C, 0x5E, 0xC2, 0x0A, 0x46, 0x99, 0x56, 0x39, 0xE6, 0xF8, 0x58, 0x76, 0x30, 0x71, 0x04,
    0xD5, 0x3D, 0xCA, 0xC9, 0x45, 0x01, 0xE4, 0x1E, 0x74, 0x44, 0x63, 0xA1, 0x86, 0xA4, 0x91, 0x8F,
    0xFD, 0x79, 0x2B, 0xD7, 0xBF, 0xB3, 0x80, 0xB0, 0xF6, 0xAC, 0x2D, 0x4B, 0x50, 0xF2, 0x8C, 0xF9,
    0xCF, 0x83, 0x67, 0xCC, 0x8F, 0x1E, 0x6F, 0x41, 0xCF, 0x32, 0x4C, 0x89, 0xDE, 0x90, 0xF6, 0x70,
    0xD4, 0x6A, 0xC2, 0x27, 0xC0, 0x25, 0x30, 0x21, 0x59, 0xC4, 0x0A, 0xD9, 0xCD, 0x37, 0x63, 0x2A,
    0x84, 0x36, 0x1F, 0x9E, 0x79, 0xED, 0xA1, 0xB0, 0x50, 0x46, 0x14, 0x0E, 0x74, 0x07, 0xF9, 0xD6,
    0xA2, 0xC2, 0x28, 0xD6, 0x2C, 0x49, 0xD3, 0x82, 0xEE, 0x21, 0x1D, 0x40, 0x8D, 0x90, 0x0C, 0x92,
    0xF4, 0xA5, 0x2D, 0x3A, 0x13, 0x82, 0x53, 0xCD, 0x08, 0x0A, 0xB4, 0xA3, 0x74, 0xAC, 0x60, 0x84,
    0x37, 0xCC, 0xA1, 0xC2, 0x55, 0x11, 0x7A, 0xC3, 0xDF, 0x5C, 0x42, 0x8D, 0x2C, 0xA5, 0x79, 0x4B,
    0x11, 0xDA, 0xA4, 0x19, 0x48, 0x47, 0x98, 0x60, 0xFC, 0x5B, 0x35, 0x34, 0xA1, 0x8B, 0x82, 0x50,
    0x0E, 0xF2, 0x0E, 0xCA, 0x11, 0xEA, 0x15, 0x7C, 0xFE, 0xE2, 0xF1, 0x04, 0xBF, 0x82, 0x89, 0x34,
    0xC8, 0x17, 0xDD, 0x17, 0x89, 0x3F, 0x42, 0xED, 0x29, 0x15, 0x3D, 0x93, 0x7E, 0xB9, 0x05, 0x49,
    0x94, 0x75, 0xA0, 0x7A, 0x58, 0x77, 0x11, 0xEE, 0x81, 0xA2, 0x7A, 0x18, 0x61, 0x09, 0x17, 0xE4,
    0x1B, 0xF2, 0x61, 0x5E, 0x44, 0x59, 0xCC, 0x52, 0xA6, 0x90, 0xD4, 0xEE, 0xD1, 0x16, 0xF5, 0x45,
    0xE2, 0xF4, 0x3F, 0xFB, 0x34, 0xC0, 0x04, 0xAF, 0x38, 0x62, 0x51, 0xF7, 0x6F, 0x48, 0x49, 0x3B,
    0x4E, 0x03, 0x59, 0xD0, 0x08, 0xD5, 0x43, 0x12, 0x61, 0x04, 0x9E, 0x0A, 0xA6, 0x83, 0x12, 0xF5,
    0xC7, 0x32, 0xC1, 0x87, 0x4A, 0x05, 0xEB, 0xC4, 0x96, 0xC1, 0x67, 0xC1, 0xD2, 0x23, 0xD6, 0x2B,
    0xB8, 0x44, 0x4F, 0xE8, 0x7E, 0x7E, 0x0F, 0xBC, 0x5C, 0x41, 0x31, 0xCE, 0xB7, 0x2F, 0x71, 0xEC,
    0xE3, 0xE4, 0x8E, 0x2E, 0x90, 0x72, 0x4E, 0x75, 0xCE, 0x14, 0xCB, 0x67, 0x0F, 0xB7, 0xF0, 0xDD,
    0xCB, 0x2C, 0x2F, 0xCD, 0x05, 0xF7, 0x14, 0xF5, 0xDD, 0xCB, 0x39, 0x5F, 0xB9, 0x55, 0x0B, 0xAB,
    0x5F, 0xD8, 0x24, 0x04, 0x9B, 0xFC, 0xA6, 0xE6, 0x30, 0x2A, 0x58, 0x1C, 0x81, 0xD5, 0x12, 0x96,
    0x06, 0xA6, 0xD2, 0x26, 0xA3, 0xEE, 0xF2, 0x3E, 0xFA, 0xF0, 0xBC, 0x7E, 0x8B, 0x1A, 0xCE, 0xD0,
    0x61, 0xE4, 0xC7, 0x79, 0xC7, 0x61, 0x4C, 0x14, 0xF6, 0x3E, 0xA8, 0x22, 0x56, 0x11, 0x46, 0x3E,
    0xFE, 0x45, 0xBD, 0x2A, 0xBC, 0x85, 0x10, 0x66, 0xC0, 0xA3, 0x6A, 0xD7, 0x61, 0x40, 0x00, 0x9C,
    0x4E, 0x7B, 0xAF, 0xE1, 0xAB, 0x97, 0x60, 0x26, 0xC8, 0xBB, 0x47, 0xD5, 0x9F, 0xD3, 0xCB, 0x5E,
    0x7A, 0xDE, 0x4A, 0x37, 0xF6, 0x74, 0x1E, 0x44, 0xF7, 0xCF, 0x3E, 0x83, 0x9F, 0xFF, 0x4C, 0x6A,
    0x39, 0x7F, 0x34, 0x0F, 0x5C, 0x43, 0xF2, 0x5B, 0x8F, 0xFA, 0x07, 0x8F, 0xD4, 0x5C, 0x9F, 0xC8,
    0x83, 0xC2, 0x91, 0xFD, 0xB6, 0x43, 0xFF, 0x5B, 0x47, 0xA9, 0x1D, 0x97, 0x25, 0xBC, 0xFA, 0xE9,
    0xE3, 0xF9, 0x90, 0x9D, 0xFF, 0x79, 0x01, 0x93, 0x21, 0xE9, 0x2B, 0x64, 0xD7, 0xAF, 0xAC, 0x3F,
    0x89, 0x97, 0x23, 0xB5, 0x2E, 0x6F, 0xD7, 0xBA, 0x81, 0xA4, 0x87, 0xB4, 0x85, 0xCC, 0x47, 0xC8,
    0xF9, 0x86, 0xE3, 0xF5, 0x05, 0xE0, 0x72, 0xCE, 0xA9, 0x04, 0x01, 0x68, 0x00, 0x5E, 0xED, 0x9D,
    0x03, 0xA4, 0x01, 0x80, 0xF8, 0x20, 0x03, 0xE4, 0x91, 0x06, 0x37, 0xC3, 0x00, 0xA4, 0xFD, 0xAE,
    0x2A, 0x61, 0x22, 0xED, 0x4A, 0xCB, 0x44, 0xD6, 0x16, 0x4E, 0x6D, 0xC9, 0x5B, 0xED, 0xD3, 0x80,
    0xF6, 0xBB, 0x2A, 0xF7, 0xD9, 0xD7, 0x56, 0xBB, 0xAC, 0xD5, 0xFF, 0xE2, 0x0B, 0x9B, 0x75, 0xFA,
    0x2F, 0x7D, 0x19, 0x47, 0x16, 0x69, 0x6B, 0x62, 0xB5, 0x88, 0x05, 0x35, 0x5C, 0x24, 0xBD, 0x6C,
    0xF4, 0x2B, 0x62, 0x61, 0x1A, 0xA9, 0x26, 0xA8, 0x7B, 0x96, 0x23, 0xAC, 0x7B, 0xCC, 0x00, 0xA6,
    0xA5, 0x9C, 0x9F, 0x5E, 0x7A, 0xDE, 0xD7, 0xEB, 0x16, 0x78, 0x06, 0x20, 0x67, 0x20, 0x1D, 0x89,
    0x39, 0x26, 0x80, 0xF6, 0x8C, 0x1B, 0xB1, 0x42, 0x3B, 0x11, 0x1D, 0x35, 0x75, 0x86, 0xC2, 0xCB,
    0x17, 0xD1, 0xB2, 0x95, 0xEF, 0x26, 0xA6, 0x13, 0xA5, 0x8B, 0x5E, 0xDB, 0xDC, 0x7F, 0xD9, 0x17,
    0xD1, 0xC5, 0x30, 0x18, 0xD2, 0xAE, 0xFF, 0x2A, 0xEA, 0xFA, 0x9F, 0xFE, 0xF2, 0x92, 0xE4, 0xFF,
    0xBA, 0x8B, 0x0A, 0x82, 0x2F, 0x07, 0x68, 0x7C, 0x21, 0x2A, 0xAC, 0x88, 0x28, 0xC9, 0x3D, 0xE0,
    0x60, 0xF7, 0xE5, 0x77, 0x03, 0x98, 0xD2, 0xC2, 0x59, 0xC6, 0x41, 0x5C, 0x83, 0xF6, 0xC6, 0x62,
    0x6C, 0xE1, 0x59, 0x8B, 0xF0, 0x89, 0xAC, 0x4F, 0x46, 0xD4, 0x90, 0xF6, 0x30, 0xE5, 0x2D, 0x5C,
    0x6B, 0x0F, 0x66, 0x0D, 0x14, 0x5B, 0x20, 0x9F, 0xF6, 0x49, 0x55, 0x7F, 0x3F, 0x4A, 0x01, 0xC9,
    0x61, 0x7A, 0x90, 0x45, 0xBC, 0xFA, 0x53, 0xF6, 0xB1, 0x44, 0x4C, 0x67, 0xAD, 0x21, 0x8F, 0x77,
    0x20, 0xDA, 0x75, 0xDA, 0xC9, 0x51, 0x5C, 0x04, 0xB9, 0x03, 0xA8, 0xFE, 0x62, 0x1E, 0x53, 0x8D,
    0xB0, 0x18, 0xA0, 0xEC, 0x41, 0x0C, 0x8A, 0x3D, 0xED, 0xA0, 0x04, 0x6A, 0x68, 0xC6, 0x88, 0x2B,
    0xE0, 0x32, 0x77, 0xB3, 0xE2, 0xF9, 0x08, 0x9E, 0xDC, 0x2D, 0xCF, 0x81, 0x05, 0x50, 0xEF, 0x76,
    0x62, 0xED, 0x8D, 0x37, 0xA5, 0x65, 0x08, 0x1B, 0x01, 0xA8, 0x09, 0x32, 0xB1, 0xD3, 0x42, 0xE9,
    0x60, 0x0D, 0x4C, 0xF3, 0x64, 0x79, 0x07, 0x85, 0xE8, 0x00, 0xAE, 0xDF, 0x5D, 0xCE, 0x3A, 0x31,
    0x00, 0x85, 0x03, 0x13, 0xC2, 0x56, 0x80, 0x82, 0xDC, 0xCB, 0xA5, 0xC5, 0x8D, 0x0D, 0x7E, 0x13,
    0x36, 0xB1, 0xA0, 0xC4, 0xA1, 0x4C, 0x61, 0x2C, 0xD7, 0x24, 0x93, 0xE4, 0xD1, 0x9D, 0x24, 0x37,
    0x48, 0xEA, 0x98, 0x21, 0x96, 0xFD, 0x3F, 0xC8, 0x21, 0x90, 0x63, 0x78, 0x3C, 0xC1, 0x5F, 0xC2,
    0x46, 0x8A, 0x1C, 0x70, 0x94, 0x5A, 0x79, 0xB9, 0xB9, 0x28, 0x41, 0x4F, 0xB3, 0x62, 0xFC, 0xA3,
    0xA9, 0x8D, 0x5F, 0xD7, 0xE2, 0x37, 0xB6, 0x34, 0x58, 0x36, 0xF0, 0xE9, 0x31, 0x6A, 0x55, 0x68,
    0x75, 0xF0, 0xC6, 0xB2, 0x82, 0xEA, 0xA8, 0xF2, 0x07, 0xD5, 0x9A, 0x3F, 0x90, 0xE4, 0xC6, 0x75,
    0xC6, 0x7F, 0x40, 0x8B, 0x8B, 0x3D, 0x82, 0xAA, 0x4E, 0x58, 0x65, 0x55, 0x9D, 0x65, 0x28, 0x60,
    0xC0, 0xC0, 0xBE, 0x66, 0xA0, 0xC0, 0xAE, 0xE2, 0x2D, 0x3A, 0x63, 0xA0, 0xC0, 0x0A, 0x1D, 0x5E,
    0xA0, 0x7C, 0x1D, 0x38, 0xBC, 0x99, 0x81, 0xAC, 0x40, 0x81, 0x02, 0x6F, 0x9E, 0x98, 0x79, 0x62,
    0x07, 0x0A, 0x18, 0x2C, 0x0E, 0x2D, 0x5D, 0xE0, 0x40, 0x81, 0xE0, 0x72, 0xE0, 0x14, 0x94, 0x58,
    0xA5, 0x72, 0x64, 0x04, 0x50, 0x15, 0xCE, 0x85, 0x99, 0xE7, 0xFE, 0x83, 0x29, 0xCE, 0x89, 0xF7,
    0x87, 0xB7, 0xDE, 0x3D, 0xD2, 0x7D, 0xFD, 0x7D, 0x5F, 0x6F, 0x75, 0x03, 0x78, 0xAF, 0x07, 0xDD,
    0x78, 0x78, 0x38, 0x80, 0xFA, 0x48, 0x5C, 0x70, 0x26, 0x57, 0x0F, 0xA9, 0xE5, 0x70, 0x9D, 0x1D,
    0xEC, 0x6E, 0x2A, 0x46, 0xCA, 0x51, 0x3B, 0xF2, 0xA9, 0x6A, 0x60, 0xA9, 0x81, 0x36, 0xD0, 0xF6,
    0x02, 0xA8, 0xB7, 0x1C, 0x29, 0xFE, 0x19, 0x3B, 0xE2, 0x90, 0x38, 0x38, 0x1C, 0x36, 0xC7, 0x13,
    0x64, 0x07, 0x76, 0x2E, 0x9C, 0x14, 0xCE, 0x64, 0x00, 0xA8, 0x57, 0x5C, 0x70, 0xF9, 0xC5, 0x43,
    0x25, 0xB2, 0xE8, 0xA1, 0x1A, 0x8D, 0x2D, 0x86, 0x1A, 0x35, 0x6E, 0xC9, 0xA6, 0x0D, 0xD9, 0xBC,
    0x81, 0x39, 0x68, 0xF8, 0xBB, 0x46, 0xC5, 0x7E, 0x3F, 0xCE, 0x29, 0x11, 0xFC, 0x71, 0x00, 0x6C,
    0x00, 0x1E, 0x03, 0x2C, 0xD7, 0x50, 0xCF, 0x81, 0x7A, 0x4F, 0x17, 0xDC, 0x88, 0xB6, 0x6C, 0xF0,
    0xB5, 0x86, 0x05, 0x63, 0xB3, 0x19, 0x3D, 0x94, 0x23, 0x4A, 0xC4, 0xC1, 0xE5, 0x33, 0x00, 0x0C,
    0x10, 0x3D, 0x5D, 0xA8, 0x16, 0x8F, 0xC1, 0xC3, 0xBE, 0x0A, 0xD7, 0x1E, 0x5B, 0x8F, 0xBA, 0x31,
    0x56, 0x8B, 0xD8, 0x5C, 0xD2, 0x89, 0xA0, 0xFF, 0x30, 0x69, 0x36, 0x2F, 0xA4, 0xB2, 0x1B, 0x93,
    0x52, 0xB9, 0xA4, 0x9C, 0xF1, 0x82, 0x72, 0x29, 0x5F, 0x40, 0x27, 0x32, 0x7A, 0xD8, 0xD8, 0x68,
    0xB9, 0x1C, 0x01, 0x3D, 0xB4, 0xE4, 0x4B, 0x3C, 0xBE, 0x85, 0x27, 0x40, 0x4D, 0x1B, 0x08, 0xF6,
    0xA1, 0x61, 0x2C, 0xF9, 0x1C, 0x1A, 0x55, 0x43, 0x31, 0x86, 0x86, 0x76, 0xA1, 0xA6, 0x46, 0x6D,
    0xD7, 0xC6, 0x96, 0xB5, 0xB1, 0x90, 0x06, 0xAB, 0x89, 0x74, 0x78, 0x31, 0x90, 0x4E, 0xA8, 0x1D,
    0xC4, 0x4B, 0x18, 0x0B, 0xF1, 0xA2, 0x35, 0x10, 0xCD, 0x68, 0x81, 0x68, 0x98, 0x88, 0x4C, 0xC1,
    0xD4, 0x2C, 0x34, 0x00, 0xB8, 0x97, 0x35, 0x51, 0xF5, 0x2F, 0x5C, 0xE8, 0x40, 0x49, 0x1A, 0xC9,
    0x42, 0xF2, 0xE0, 0x23, 0x92, 0x03, 0xEB, 0xC9, 0x93, 0xD6, 0x88, 0x2C, 0xF1, 0xF2, 0x49, 0xAB,
    0x86, 0x7C, 0x4E, 0x06, 0x96, 0x63, 0xD2, 0xCA, 0x1D, 0x5D, 0x48, 0xBA, 0x4F, 0x76, 0xE7, 0xCB,
    0x6A, 0xF6, 0xB8, 0x5A, 0xDD, 0xAF, 0x46, 0x37, 0xE9, 0x3A, 0xBB, 0xD5, 0xE4, 0x3D, 0x47, 0x8B,
    0xF7, 0xC1, 0xAE, 0xA0, 0x90, 0x0F, 0x59, 0xF3, 0x11, 0xA0, 0xC6, 0xFC, 0x8F, 0x53, 0x54, 0xBA,
    0x3E, 0xA9, 0xB1, 0x49, 0xEF, 0x91, 0x94, 0x13, 0xDD, 0xFD, 0x61, 0xAC, 0x44, 0x1A, 0x25, 0x12,
    0x35, 0xDC, 0xD9, 0xB0, 0xC3, 0xD8, 0xD0, 0xBF, 0xA7, 0xC6, 0xAB, 0x9A, 0xD8, 0x06, 0x2D, 0x07,
    0x36, 0x41, 0x2B, 0x97, 0xB4, 0x26, 0xE9, 0x9E, 0xD8, 0x9F, 0xCF, 0xC4, 0xF1, 0x6A, 0x04, 0xD3,
    0xA8, 0x51, 0xF7, 0xA0, 0x07, 0x35, 0x56, 0x0E, 0x72, 0x91, 0xB1, 0x16, 0x71, 0x5C, 0x1E, 0x9A,
    0xA0, 0x2D, 0x40, 0xD1, 0xDF, 0xB5, 0x94, 0xEE, 0x54, 0x74, 0x10, 0x6D, 0x77, 0xB6, 0x13, 0xF9,
    0x67, 0xD9, 0xE3, 0xE5, 0xA7, 0xDD, 0x00, 0x90, 0x4F, 0xED, 0x4A, 0xF0, 0x55, 0xCA, 0xC7, 0xFF,
    0x0B, 0x75, 0x22, 0xFF, 0x98, 0x08, 0xC8, 0x03, 0xA9, 0x40, 0xE5, 0x00, 0xB9, 0x38, 0x4F, 0x07,
    0x1E, 0xC3, 0x35, 0xD7, 0xB1, 0x72, 0x52, 0xAF, 0x5F, 0x5B, 0x9F, 0x70, 0x5D, 0xBB, 0xEB, 0xD2,
    0xA5, 0x23, 0x16, 0xF2, 0x89, 0x6E, 0xA4, 0xB3, 0xD7, 0xA0, 0x1B, 0xD8, 0x74, 0x47, 0x75, 0xAB,
    0x0E, 0xAB, 0xCE, 0x49, 0xDB, 0xFD, 0xAA, 0xF5, 0xAA, 0x95, 0x4B, 0x5A, 0x0C, 0x49, 0xF3, 0x29,
    0x29, 0xCB, 0xAA, 0xDB, 0x55, 0xCD, 0xDF, 0x26, 0xD5, 0xBF, 0x4D, 0xAA, 0xC4, 0x6B, 0xDB, 0x92,
    0x07, 0xBD, 0x6E, 0x21, 0xE8, 0xE2, 0x75, 0xD7, 0x4C, 0xC5, 0xE4, 0xD5, 0xFC, 0x54, 0x64, 0xF0,
    0xAA, 0x9B, 0xFB, 0x07, 0x00, 0x30, 0xC9, 0x4C, 0x63, 0x57, 0x2B, 0x57, 0x23, 0x57, 0x1B, 0x57,
    0x13, 0xA3, 0x85, 0x95, 0x6D, 0xEB, 0x24, 0x95, 0x8B, 0x52, 0x0C, 0x51, 0xF2, 0x29, 0x0A, 0x4B,
    0x92, 0x6D, 0x90, 0x60, 0x5A, 0x90, 0x60, 0x59, 0x10, 0x25, 0x51, 0xF2, 0x24, 0xAC, 0xB2, 0x4B,
    0x62, 0x92, 0xF8, 0xE3, 0x56, 0x93, 0x92, 0xD4, 0x49, 0xB6, 0x91, 0xCD, 0x92, 0x64, 0x88, 0x72,
    0xB1, 0x0E, 0x78, 0x59, 0xB9, 0x2F, 0x57, 0xD4, 0x74, 0xB2, 0x78, 0xBE, 0xE6, 0x49, 0xE4, 0x3A,
    0x72, 0x65, 0xBF, 0x64, 0x9D, 0xB8, 0x79, 0x13, 0x06, 0xB8, 0x38, 0xE1, 0x05, 0xA0, 0x9E, 0x23,
    0x5F, 0x85, 0xCD, 0xCA, 0x81, 0xFE, 0x8D, 0x03, 0x25, 0xC7, 0x6E, 0x7E, 0xC0, 0x73, 0x65, 0x01,
    0xB2, 0x03, 0xEB, 0x90, 0xE2, 0xBF, 0x2D, 0x94, 0xBF, 0x75, 0xA0, 0x7F, 0xDE, 0x83, 0x51, 0x23,
    0x5C, 0xE4, 0x9E, 0x36, 0xD9, 0x0C, 0x0B, 0x0B, 0xCC, 0xB4, 0xE4, 0x13, 0x75, 0x5A, 0xED, 0x85,
    0x88, 0x34, 0xA5, 0x27, 0x17, 0xF6, 0xB2, 0xBE, 0xB2, 0x14, 0x43, 0x0D, 0x6A, 0xBC, 0x58, 0x17,
    0x4F, 0xB6, 0xE4, 0xF6, 0x91, 0xFA, 0xDD, 0x88, 0x38, 0x6A, 0x78, 0x8F, 0x54, 0x4A, 0xB9, 0xD2,
    0x32, 0x7F, 0x27, 0xDB, 0xC3, 0x05, 0xD4, 0x60, 0x72, 0x91, 0x4A, 0x64, 0x67, 0xCD, 0x35, 0x6B,
    0xF5, 0x6D, 0x23, 0x72, 0x26, 0xFF, 0xF3, 0xE8, 0xBB, 0xED, 0xD6, 0xCC, 0x65, 0x9F, 0x5B, 0x80,
    0xB2, 0xFF, 0x7A, 0xFF, 0x3E, 0x2C, 0xA8, 0x8D, 0xD5, 0x7B, 0xD4, 0x04, 0x57, 0xA4, 0x92, 0x8F,
    0x6F, 0x50, 0x51, 0xF6, 0x53, 0x28, 0x7E, 0x3F, 0x42, 0x26, 0x0E, 0xD8, 0x01, 0x7C, 0x8F, 0xD3,
    0x72, 0x26, 0x3D, 0x31, 0x32, 0x08, 0xE1, 0x86, 0x7B, 0x65, 0xB8, 0x71, 0xF1, 0x7C, 0xB8, 0x71,
    0xF1, 0xB5, 0xC3, 0x8D, 0xAB, 0xEF, 0x41, 0x0C, 0x0C, 0x46, 0xD0, 0x0E, 0x14, 0xC7, 0x12, 0xC3,
    0x08, 0x25, 0x82, 0x1E, 0x8C, 0x7B, 0xE3, 0xF0, 0xE3, 0xD1, 0x77, 0xA1, 0xDD, 0x82, 0x99, 0xD7,
    0xBD, 0xA7, 0x61, 0x2D, 0x31, 0x9E, 0xB8, 0x01, 0xB6, 0x21, 0xFA, 0xA8, 0x61, 0x09, 0xB1, 0x47,
    0x08, 0x3D, 0x54, 0xDC, 0xE0, 0x9F, 0xA1, 0xF8, 0x34, 0x4C, 0x64, 0x9A, 0xC7, 0xED, 0xF3, 0xB3,
    0x78, 0x8C, 0x33, 0x6E, 0x14, 0x87, 0x74, 0x87, 0x04, 0x80, 0xB1, 0x22, 0x9B, 0x8D, 0x0D, 0x7A,
    0x57, 0x7E, 0x14, 0x32, 0x46, 0x00, 0x94, 0x76, 0x42, 0xFF, 0x6A, 0x0E, 0x7A, 0x2B, 0xBE, 0xA4,
    0xB5, 0x39, 0x43, 0x36, 0xA1, 0x9E, 0xFE, 0x87, 0x2B, 0x7E, 0xF7, 0xA3, 0x5E, 0x39, 0xE5, 0xEE,
    0xCA, 0x17, 0x72, 0xA0, 0x70, 0xA0, 0x3D, 0x8C, 0x97, 0xBF, 0xFB, 0x25, 0x55, 0xB3, 0xA0, 0xED,
    0x2F, 0x6F, 0xC7, 0x9F, 0x8F, 0xDE, 0x83, 0x87, 0x8F, 0x21, 0x44, 0xA0, 0xBF, 0xFE, 0x99, 0x2B,
    0x86, 0xF2, 0x4E, 0xFD, 0x51, 0xF6, 0x8A, 0xFC, 0xF7, 0x3D, 0x74, 0x16, 0xFE, 0x1C, 0xB4, 0xBD,
    0x65, 0x7F, 0xCE, 0x81, 0x07, 0x40, 0x65, 0x51, 0xFF, 0xF6, 0xD4, 0x15, 0x9F, 0xFF, 0xE2, 0x4E,
    0xFD, 0xA1, 0x59, 0xE3, 0x82, 0x19, 0x78, 0x78, 0xFB, 0xBF, 0xCF, 0xBB, 0x72, 0x45, 0x25, 0x0B,
    0xE7, 0x74, 0x40, 0xD5, 0x80, 0x76, 0x50, 0xF4, 0xA0, 0x86, 0x4E, 0x64, 0xD8, 0x79, 0x6C, 0x28,
    0xFA, 0x0B, 0x4A, 0x57, 0x53, 0x35, 0x95, 0xDB, 0x51, 0xCA, 0x42, 0xD6, 0xF5, 0xA0, 0x65, 0xA5,
    0x54, 0xFE, 0x22, 0x1F, 0xA0, 0x56, 0x63, 0x6A, 0xBD, 0xDD, 0x07, 0x8C, 0x92, 0xC9, 0x57, 0xA0,
    0x68, 0x3E, 0xD3, 0x6E, 0xF1, 0x7C, 0x83, 0x67, 0xCC, 0x9F, 0x3A, 0x44, 0x3C, 0xC9, 0x92, 0x5A,
    0xDF, 0x94, 0x43, 0x3C, 0x80, 0x3A, 0xF0, 0x4D, 0x1C, 0x82, 0x9D, 0x38, 0x56, 0x79, 0x4D, 0x11,
    0x91, 0x1E, 0xF2, 0x20, 0xC1, 0xA5, 0x06, 0x40, 0xFF, 0x53, 0x14, 0xA3, 0xA3, 0x6C, 0x92, 0x2C,
    0x51, 0xF2, 0x29, 0x8A, 0x1A, 0xA2, 0x68, 0x17, 0xEE, 0x28, 0xAA, 0x26, 0x4A, 0x0A, 0x1B, 0x69,
    0x93, 0x04, 0x67, 0x21, 0x4F, 0x52, 0xA4, 0x30, 0x4E, 0xBB, 0x28, 0x55, 0x13, 0xA5, 0x06, 0x1D,
    0xDE, 0xFF, 0x92, 0xA0, 0x64, 0x0F, 0x89, 0x5F, 0x56, 0x4A, 0x69, 0xAA, 0x19, 0x2D, 0x93, 0x88,
    0xFD, 0x4E, 0x26, 0x53, 0xE5, 0xA0, 0x76, 0x6A, 0xF0, 0x6C, 0xF3, 0x11, 0x0C, 0xF9, 0x18, 0xAE,
    0xE8, 0x7B, 0x22, 0xD7, 0xD6, 0x00, 0xD7, 0x24, 0xAE, 0x9A, 0xC0, 0xDA, 0xC1, 0xCE, 0x9A, 0x39,
    0x6B, 0x8C, 0x1C, 0x44, 0x5C, 0x2E, 0xC3, 0xFD, 0x83, 0xE5, 0x4C, 0xBE, 0x80, 0x5A, 0x24, 0x3C,
    0xCD, 0xEF, 0x53, 0x8C, 0x80, 0xEE, 0xD7, 0xC5, 0x41, 0xCD, 0x73, 0xB4, 0x5D, 0x49, 0x37, 0x75,
    0xA2, 0x42, 0x96, 0x48, 0x26, 0x38, 0x16, 0x9D, 0x2C, 0x46, 0x4F, 0xF9, 0xC1, 0x56, 0x0D, 0x3B,
    0x91, 0x86, 0x33, 0xF9, 0x2F, 0xB8, 0x3C, 0x58, 0x25, 0xD2, 0xEB, 0xA1, 0xE8, 0x8D, 0x2D, 0xFA,
    0x9A, 0xA2, 0xDF, 0x04, 0xE4, 0x72, 0x08, 0x88, 0x2B, 0xCE, 0xA3, 0xF6, 0x7D, 0x95, 0xFF, 0x57,
    0xF8, 0xB1, 0x74, 0x7F, 0xE8, 0xD3, 0xCA, 0x4C, 0xDB, 0xF5, 0xBD, 0x60, 0xBB, 0x1C, 0x28, 0x65,
    0x80, 0x33, 0x1C, 0x94, 0xFF, 0x19, 0x7F, 0x3F, 0x0B, 0xB4, 0x00, 0x1F, 0x70, 0x5A, 0x4E, 0xDD,
    0xAA, 0x50, 0xD3, 0x1B, 0xB9, 0x75, 0xA4, 0xD7, 0xB8, 0x15, 0x72, 0x01, 0xF3, 0xF2, 0x65, 0x90,
    0x92, 0x73, 0x2C, 0x2F, 0x77, 0x79, 0xC5, 0x1B, 0xBB, 0x1C, 0xAE, 0x95, 0x72, 0x0E, 0xBB, 0xF1,
    0xE8, 0xC6, 0x19, 0xA7, 0xA5, 0x25, 0x5B, 0x68, 0x53, 0x8A, 0xA0, 0x72, 0x9E, 0x76, 0xD0, 0x66,
    0x8B, 0xA7, 0x62, 0xF4, 0x54, 0x39, 0x4F, 0x3B, 0xE0, 0xC9, 0x02, 0x74, 0x73, 0xA0, 0x03, 0xD0,
    0x4A, 0xE3, 0xC9, 0x0C, 0x61, 0xDC, 0xEC, 0x89, 0x43, 0xA0, 0xBA, 0xF1, 0xA4, 0x07, 0x4F, 0x6A,
    0x3A, 0x9E, 0x99, 0x27, 0xFC, 0xF0, 0x3D, 0xB8, 0x68, 0x41, 0x8F, 0xCF, 0x85, 0x4E, 0xDC, 0x07,
    0xCC, 0x4B, 0x51, 0x35, 0x86, 0x2D, 0x26, 0x9B, 0x31, 0xC5, 0x80, 0xA9, 0x1A, 0xCC, 0x16, 0xCC,
    0xE2, 0x21, 0x1E, 0xB5, 0xC3, 0xE8, 0x01, 0xA3, 0x66, 0x0C, 0x7B, 0x8F, 0xDA, 0xA3, 0x72, 0x06,
    0xDD, 0xBF, 0x2C, 0xD6, 0x9C, 0x6F, 0x35, 0xB5, 0xA5, 0x2D, 0xEB, 0x8E, 0x73, 0x01, 0x50, 0x8F,
    0x24, 0x0F, 0x6F, 0x1C, 0x68, 0x4E, 0xEB, 0x4F, 0x08, 0x98, 0x80, 0x09, 0x4A, 0x0F, 0x2D, 0x2B,
    0xBD, 0xA8, 0x7C, 0xA3, 0xAE, 0xE6, 0x72, 0x88, 0xF8, 0x4A, 0xB9, 0xED, 0x29, 0xF8, 0xE8, 0x1E,
    0x6C, 0xB6, 0x50, 0xCD, 0x50, 0x0C, 0x90, 0x35, 0x1C, 0x4B, 0x25, 0x32, 0x7B, 0x4C, 0xA9, 0x23,
    0xEE, 0x70, 0xC0, 0x02, 0x6A, 0x5D, 0x5E, 0xE6, 0x99, 0x87, 0x34, 0x70, 0x39, 0x82, 0x9A, 0x20,
    0x5B, 0x80, 0x13, 0xE4, 0xD3, 0x85, 0xAD, 0x42, 0x82, 0xA5, 0x39, 0x93, 0x99, 0x90, 0x08, 0x8A,
    0x49, 0xA0, 0xAE, 0x07, 0x63, 0xE1, 0x1E, 0xA7, 0xD7, 0x72, 0x1E, 0x0D, 0x6B, 0x06, 0x8C, 0x6C,
    0xB5, 0x47, 0xAF, 0x97, 0xED, 0x86, 0x75, 0x79, 0x74, 0x6B, 0x8C, 0x50, 0xF6, 0x50, 0x24, 0xC4,
    0xB6, 0x76, 0xEF, 0xB3, 0xB3, 0xB5, 0xEC, 0xE3, 0xBB, 0xEE, 0xBB, 0x99, 0xD3, 0xBF, 0xE9, 0x95,
    0x58, 0xF6, 0x27, 0x1B, 0xD1, 0xF5, 0x9B, 0xD4, 0xE5, 0x98, 0xB9, 0x18, 0x10, 0xFB, 0xFF, 0x32,
    0x5B, 0x18, 0x1A, 0x1C, 0x7B, 0x8E, 0x43, 0xE1, 0x5B, 0x95, 0x1D, 0x3C, 0x66, 0xFD, 0x5E, 0xAF,
    0xDF, 0x7C, 0x76, 0x10, 0x72, 0x4B, 0x5A, 0x46, 0xE8, 0x40, 0x35, 0xC0, 0x35, 0xC0, 0xDF, 0xBF,
    0xF5, 0x67, 0xDD, 0xF1, 0x45, 0x2D, 0x3F, 0x2E, 0x94, 0xB0, 0xA0, 0xEE, 0xEE, 0x79, 0x97, 0x6E,
    0xE9, 0xD7, 0x4B, 0x36, 0xBF, 0x50, 0x3A, 0x11, 0x59, 0xE5, 0x4F, 0xFB, 0xA6, 0xAF, 0x88, 0xB1,
    0xF9, 0x98, 0xD6, 0x40, 0x10, 0x3D, 0x54, 0xBD, 0x17, 0x25, 0xD2, 0x78, 0x09, 0x2F, 0x25, 0x61,
    0x7A, 0xC3, 0x44, 0x3C, 0xB1, 0x66, 0x68, 0x51, 0x53, 0x78, 0x1C, 0xB6, 0xF0, 0x02, 0x84, 0x6B,
    0x84, 0x80, 0x36, 0x9C, 0x48, 0xF7, 0x6D, 0xB8, 0x77, 0xB3, 0x3D, 0x6D, 0x39, 0xD1, 0x76, 0x0D,
    0xDD, 0x0C, 0x5E, 0x68, 0xF9, 0x2A, 0x38, 0x07, 0xA8, 0x22, 0x35, 0xA4, 0x59, 0x21, 0x1B, 0x01,
    0x1E, 0x71, 0x52, 0x62, 0xAE, 0xB0, 0x8B, 0xE4, 0x02, 0x0D, 0x81, 0x66, 0x4F, 0xED, 0x3E, 0x50,
    0x1D, 0xA8, 0x72, 0x9E, 0x8A, 0xC1, 0x53, 0x3E, 0x79, 0x62, 0x09, 0xB4, 0xF5, 0x14, 0x72, 0x82,
    0x31, 0x23, 0xD8, 0xA2, 0xC4, 0x53, 0x1E, 0x88, 0x48, 0xBB, 0x40, 0x26, 0x90, 0x6E, 0x68, 0x20,
    0x1F, 0x3D, 0xE6, 0xD5, 0x38, 0x03, 0x9C, 0x3D, 0x9F, 0xDC, 0xEB, 0x64, 0x09, 0x89, 0x3D, 0x8F,
    0x94, 0xCE, 0x4B, 0xD0, 0x01, 0xCD, 0xAB, 0x00, 0xEF, 0x02, 0x74, 0x80, 0xDA, 0x03, 0x59, 0xB3,
    0x7A, 0x85, 0xFA, 0x79, 0x20, 0x75, 0x6C, 0xE5, 0x87, 0x3B, 0x7F, 0xE7, 0x08, 0x17, 0xAF, 0x1C,
    0x5D, 0xC3, 0x4F, 0x00, 0x30, 0x96, 0xCF, 0x1D, 0x7D, 0x1F, 0xB8, 0xB6, 0x37, 0x7B, 0xFF, 0xE0,
    0x9C, 0x93, 0xE4, 0x24, 0x4F, 0x22, 0x67, 0x53, 0x14, 0xD5, 0x47, 0xC9, 0xED, 0xB7, 0xFA, 0x6D,
    0x04, 0x7E, 0x0C, 0xC0, 0x04, 0xA0, 0x22, 0x97, 0x3D, 0x40, 0x65, 0x01, 0xDE, 0x7B, 0x7B, 0x6F,
    0x26, 0x64, 0xF6, 0x38, 0x6B, 0x3A, 0x90, 0xB1, 0xC0, 0x06, 0xE0, 0x87, 0x7C, 0x59, 0x3E, 0x08,
    0x81, 0xD3, 0xE3, 0x10, 0xE3, 0xCC, 0x21, 0x70, 0x1A, 0xC3, 0xEE, 0x35, 0x68, 0x47, 0x3D, 0x55,
    0x0D, 0xED, 0x12, 0xD7, 0x78, 0x8D, 0x1A, 0xB6, 0x17, 0x68, 0x57, 0x6F, 0x31, 0x78, 0xDA, 0x50,
    0x5F, 0x64, 0x33, 0x75, 0xAD, 0x46, 0xB6, 0xB5, 0x76, 0xB4, 0xD5, 0xBF, 0x58, 0x16, 0xBD, 0x27,
    0x9F, 0xD5, 0x4C, 0x39, 0xAA, 0x03, 0xBB, 0x30, 0xAB, 0x07, 0xAA, 0x10, 0x38, 0xDD, 0x03, 0x5E,
    0xB0, 0x07, 0x36, 0xA7, 0x7B, 0xE0, 0x23, 0x1F, 0x2C, 0x85, 0x44, 0xC6, 0x90, 0x82, 0x25, 0x33,
    0xD4, 0xEC, 0xC6, 0x0D, 0x7F, 0x9C, 0x36, 0xEA, 0xF3, 0x79, 0x53, 0xBA, 0x79, 0x53, 0x31, 0x6F,
    0x1F, 0x67, 0x53, 0x3D, 0xE5, 0x63, 0x35, 0xA4, 0x60, 0xA9, 0x12, 0xE1, 0x63, 0x1F, 0x64, 0x7D,
    0x10, 0x4F, 0xFF, 0x3E, 0x30, 0x7D, 0x0C, 0x2C, 0x31, 0x5B, 0x5A, 0x59, 0xD0, 0x9F, 0x38, 0x28,
    0xB2, 0xE6, 0x2D, 0xBF, 0x8F, 0xBF, 0xFF, 0x0E, 0x1F, 0x57, 0xD4, 0x55, 0xA3, 0x3F, 0xE9, 0x8B,
    0x5F, 0x8D, 0x59, 0xF3, 0xE9, 0x4D, 0xD6, 0x43, 0x18, 0x46, 0x29, 0xCD, 0xEA, 0xC6, 0xF7, 0xF3,
    0x1E, 0x80, 0xB7, 0xEC, 0x0B, 0x3B, 0x9B, 0xCB, 0xA0, 0xFA, 0xB1, 0x68, 0xFE, 0x01, 0xB8, 0x81,
    0x23, 0xE7, 0x39, 0x54, 0x65, 0x43, 0xF5, 0xA3, 0x9E, 0xE2, 0xD7, 0x23, 0xF9, 0x38, 0xC3, 0xD5,
    0x7A, 0x17, 0xA6, 0x88, 0xC7, 0x05, 0xB4, 0xC0, 0xCB, 0xD0, 0xC9, 0x21, 0xE2, 0xD5, 0x63, 0xA4,
    0x0F, 0x78, 0xDD, 0xF5, 0x52, 0x58, 0x7E, 0x40, 0xF7, 0x26, 0x24, 0xB7, 0x5C, 0x7A, 0xDA, 0xAA,
    0x61, 0x77, 0x4C, 0x61, 0x01, 0x5B, 0xA0, 0x5E, 0x57, 0x8D, 0x1E, 0x32, 0x94, 0x84, 0xB0, 0xF2,
    0x00, 0x3B, 0x4B, 0x26, 0x03, 0xAA, 0x1F, 0x51, 0x69, 0x42, 0xEE, 0xCC, 0x0F, 0x4C, 0x0F, 0x32,
    0x91, 0x8D, 0x8F, 0xC9, 0xFB, 0xBF, 0x04, 0xB8, 0x15, 0x1F, 0xCE, 0x73, 0xFE, 0x4A, 0x5B, 0xA3,
    0x9D, 0x7E, 0x3A, 0xA8, 0x7E, 0xC2, 0x1D, 0xE3, 0x21, 0x63, 0x6F, 0x5C, 0xCF, 0xDF, 0xE1, 0xA1,
    0xA6, 0xD6, 0x8D, 0xBF, 0xF1, 0xD4, 0xBF, 0x8F, 0x59, 0xF3, 0x88, 0x54, 0xCC, 0x1B, 0xD4, 0x72,
    0xA8, 0x97, 0xCF, 0x1E, 0x8C, 0x1A, 0xDE, 0xE4, 0xB3, 0x4D, 0x31, 0x53, 0x89, 0xBF, 0xBA, 0xFD,
    0xEB, 0xA2, 0x81, 0x1B, 0x7D, 0xB6, 0xF9, 0xC1, 0x39, 0xF0, 0xF8, 0x01, 0xB0, 0x31, 0x16, 0xAA,
    0xD2, 0x41, 0xF9, 0x74, 0x80, 0xDC, 0xF6, 0x6F, 0xF9, 0xDB, 0xCD, 0x3B, 0x39, 0xE8, 0xC2, 0xF9,
    0x05, 0x3C, 0xE0, 0x27, 0x92, 0x6C, 0xBC, 0x86, 0x47, 0x1F, 0xDE, 0xCE, 0xF7, 0x1B, 0x3A, 0x0B,
    0x4A, 0x7A, 0xF0, 0xBB, 0x12, 0x94, 0xF6, 0x5F, 0x01, 0x78, 0xCB, 0x2E, 0x52, 0xF5, 0xD0, 0xCD,
    0x71, 0xB3, 0xCE, 0x86, 0xEF, 0x03, 0xDC, 0x8A, 0x7B, 0xEF, 0x9F, 0x13, 0xB6, 0x5D, 0x2E, 0xAA,
    0x86, 0xEA, 0x13, 0x17, 0xD7, 0x7E, 0xD6, 0x5C, 0x9D, 0xFE, 0x1F, 0x92, 0xF8, 0x56, 0xD3, 0x72,
    0xD9, 0x87, 0x4C, 0x4F, 0x8A, 0x36, 0x03, 0xB2, 0x55, 0x8B, 0x31, 0xF4, 0x85, 0x31, 0x9D, 0xCC,
    0xB4, 0x2C, 0x1E, 0x3B, 0x0F, 0x13, 0x02, 0x3F, 0x97, 0xFA, 0xD5, 0xB4, 0x46, 0xAC, 0xED, 0x79,
    0xDA, 0xE5, 0xD3, 0x3D, 0x7F, 0xB2, 0xCB, 0x67, 0xDD, 0x5C, 0xCA, 0x5C, 0xF6, 0x94, 0xEE, 0xF5,
    0x95, 0x9D, 0x25, 0x97, 0xF4, 0x5B, 0xAF, 0x3B, 0xEC, 0x9D, 0x19, 0x7C, 0xB2, 0x52, 0xEC, 0x49,
    0x3C, 0xDA, 0x74, 0x31, 0x88, 0xBD, 0x7E, 0x7D, 0x25, 0xA7, 0xA1, 0xFC, 0x59, 0x4F, 0xF9, 0x74,
    0xDD, 0x56, 0xE7, 0x87, 0x84, 0xB4, 0xD6, 0x5D, 0x7D, 0xD1, 0x08, 0x0B, 0x33, 0xAC, 0xCB, 0x8D,
    0x01, 0x53, 0xBA, 0xB0, 0x28, 0xC3, 0x9A, 0xBC, 0x9D, 0xAF, 0x33, 0xE5, 0x00, 0xF5, 0x02, 0x9F,
    0x3D, 0x80, 0x51, 0x03, 0xDC, 0x99, 0x1F, 0x74, 0x36, 0xAC, 0xBB, 0xB8, 0xEC, 0x4A, 0x46, 0x80,
    0xDB, 0xF1, 0xE1, 0xF2, 0xE0, 0x55, 0xFA, 0x72, 0x3A, 0x73, 0xDA, 0xA5, 0x28, 0xD3, 0xD8, 0xF5,
    0xDB, 0xCC, 0x00, 0xE5, 0xC1, 0x92, 0xCB, 0x0C, 0x97, 0x62, 0xD7, 0xCF, 0x30, 0x6B, 0xF6, 0x27,
    0x4F, 0x9F, 0x0D, 0x51, 0xE3, 0x03, 0x5B, 0x0D, 0x21, 0xEB, 0x93, 0x77, 0x33, 0x00, 0x94, 0x8E,
    0x14, 0x54, 0x36, 0xB0, 0x85, 0x5C, 0xAE, 0x2A, 0x19, 0x6B, 0x7E, 0xFC, 0x18, 0x5A, 0xD8, 0x59,
    0xEA, 0x67, 0x54, 0xD2, 0x67, 0xDD, 0x84, 0x9A, 0x61, 0x81, 0xF9, 0x27, 0xF9, 0xD4, 0xC9, 0xE0,
    0x8D, 0x01, 0x98, 0xC3, 0x89, 0xF5, 0x88, 0x76, 0x74, 0x22, 0x12, 0x80, 0x1A, 0xB8, 0x15, 0x40,
    0xD2, 0xC2, 0xA3, 0x76, 0x1E, 0x29, 0xFB, 0x73, 0x52, 0x45, 0x1A, 0x5F, 0x17, 0x78, 0x59, 0xBD,
    0x86, 0x5D, 0x66, 0x8D, 0xB8, 0x22, 0x9A, 0x9B, 0x8F, 0x31, 0xE1, 0x30, 0x50, 0x35, 0xF1, 0xDD,
    0x6C, 0x27, 0x0B, 0x7F, 0x43, 0x07, 0x98, 0x14, 0xEC, 0x9F, 0x22, 0x0C, 0xA2, 0x86, 0xB3, 0x3D,
    0xB9, 0x8C, 0x69, 0x6A, 0x33, 0xB1, 0x60, 0x5C, 0xBA, 0x9F, 0xD4, 0x78, 0xC4, 0x49, 0x46, 0xAC,
    0xE1, 0xCF, 0x0E, 0xD4, 0x32, 0xB1, 0x7B, 0x06, 0xE6, 0xC0, 0x4E, 0xFA, 0x0F, 0x8A, 0x91, 0x6C,
    0x86, 0x58, 0xF3, 0x89, 0xFB, 0x83, 0x12, 0xAB, 0xC4, 0x51, 0x4C, 0xB0, 0xC0, 0x26, 0xD4, 0xE4,
    0x5A, 0x31, 0x65, 0x5D, 0xDF, 0x1D, 0xE8, 0xAE, 0xD6, 0x04, 0x60, 0xFD, 0xC2, 0x04, 0x60, 0x0B,
    0xF5, 0xEB, 0x70, 0xFC, 0x39, 0xBE, 0xCE, 0xD8, 0x1B, 0x25, 0xAB, 0xBB, 0x2F, 0x30, 0x22, 0x18,
    0x6B, 0x1A, 0x83, 0x76, 0x86, 0xA2, 0x4F, 0x50, 0x01, 0xC3, 0xAB, 0xF0, 0xBF, 0x63, 0xFF, 0xC2,
    0xA0, 0xFF, 0x8F, 0xC1, 0x46, 0x9E, 0xA1, 0x84, 0xDB, 0x01, 0x00, 0xCD, 0xD9, 0x01, 0x84, 0x25,
    0xF7, 0x1D, 0xC0, 0xF1, 0xCF, 0xCC, 0xEC, 0xDE, 0x6C, 0x6E, 0xDA, 0xCE, 0x62, 0x97, 0xD3, 0xC6,
    0xCD, 0x21, 0x08, 0x72, 0x99, 0x22, 0x80, 0xDC, 0x9B, 0xBF, 0x16, 0x45, 0x90, 0x43, 0xA3, 0x0A,
    0x12, 0x40, 0xDB, 0x6A, 0x52, 0x04, 0xA5, 0xF7, 0xDE, 0x9B, 0x6A, 0x2A, 0x28, 0x04, 0x08, 0x40,
    0x00, 0x1A, 0x68, 0x11, 0x5C, 0x79, 0xB7, 0x3B, 0xA9, 0x02, 0x45, 0x47, 0x0A, 0x00, 0x43, 0xA3,
    0x00, 0x19, 0xF5, 0xF0, 0xD2, 0xBC, 0xDD, 0xE9, 0xCE, 0x36, 0xB7, 0x4E, 0xB3, 0xDA, 0x4B, 0xEC,
    0xDB, 0xDB, 0x1D, 0xBF, 0x9F, 0x1D, 0x66, 0xDE, 0xFC, 0xBF, 0x5F, 0xBF, 0xF9, 0xFF, 0xE6, 0xEF,
    0x0F, 0x38, 0x42, 0x74, 0x8C, 0x64, 0x40, 0xFA, 0x49, 0x4D, 0xFE, 0xD7, 0x86, 0xFC, 0xED, 0x8E,
    0x32, 0xE9, 0x99, 0xC4, 0x4B, 0xA6, 0xD6, 0xAC, 0xAD, 0x59, 0x99, 0x89, 0x7B, 0x95, 0xE4, 0x5F,
    0xEF, 0x1F, 0x86, 0x74, 0x18, 0x86, 0x3A, 0x3B, 0x49, 0x4D, 0xDE, 0xC8, 0xDA, 0x22, 0x48, 0xFA,
    0xCA, 0x49, 0x9A, 0x10, 0xAF, 0x1E, 0x60, 0x0D, 0x00, 0x0B, 0x38, 0x82, 0x35, 0xEC, 0x12, 0xFD,
    0x90, 0x7C, 0xE8, 0x4F, 0x62, 0x8D, 0x03, 0x54, 0x28, 0x51, 0xBA, 0x36, 0x0C, 0xCA, 0x93, 0x98,
    0x87, 0xD2, 0xC2, 0x59, 0x18, 0xCF, 0xAB, 0x61, 0x90, 0x9D, 0x84, 0x7D, 0x40, 0x89, 0x2A, 0x50,
    0x61, 0x0B, 0xF1, 0xA7, 0x0F, 0xA1, 0xE4, 0x01, 0x15, 0xFC, 0x02, 0x5E, 0xE3, 0xF2, 0xE0, 0x0F,
    0x30, 0x34, 0x24, 0x2D, 0x79, 0xC3, 0x4D, 0xDC, 0xB8, 0x40, 0x6C, 0x44, 0x0D, 0x92, 0x1E, 0x79,
    0xC3, 0xAD, 0x0A, 0x8B, 0x17, 0x89, 0x07, 0x64, 0x7F, 0x69, 0xC8, 0xE3, 0x16, 0x2E, 0x13, 0x9B,
    0x5B, 0xB8, 0x4F, 0xBC, 0x22, 0x6D, 0xDD, 0xCC, 0x83, 0xEA, 0x37, 0x7C, 0xD6, 0x4A, 0xBA, 0xA5,
    0x38, 0x7C, 0x1B, 0x17, 0xAA, 0x21, 0x0E, 0xC8, 0xCE, 0x54, 0xDC, 0x5A, 0x61, 0x71, 0x87, 0x78,
    0xD8, 0x7A, 0x82, 0x1A, 0x6A, 0x92, 0x8E, 0x78, 0x89, 0x07, 0xDC, 0x2C, 0xA9, 0xDE, 0xDA, 0x90,
    0x86, 0xE8, 0x8F, 0x46, 0xDC, 0x80, 0xBC, 0x46, 0x19, 0xB8, 0xF5, 0x22, 0x16, 0xCF, 0x3C, 0xF1,
    0x6A, 0xC0, 0x61, 0xCD, 0x4F, 0x3B, 0x92, 0x8E, 0xBC, 0x71, 0x33, 0xDF, 0xA0, 0x0A, 0xC8, 0x3E,
    0xFE, 0x80, 0x72, 0xE8, 0x79, 0xB1, 0xA8, 0x01, 0x6E, 0xC1, 0xC2, 0x13, 0xF6, 0x11, 0xB6, 0x24,
    0x47, 0x3F, 0x93, 0x0D, 0x2B, 0xD7, 0xE3, 0x0E, 0xB8, 0x89, 0xAA, 0xDE, 0x84, 0x8F, 0x0D, 0x60,
    0x6F, 0xA0, 0x11, 0x6C, 0x5E, 0xC2, 0x39, 0x4D, 0x82, 0x80, 0xA4, 0x45, 0xD6, 0xA2, 0x08, 0x98,
    0x62, 0xEB, 0x99, 0x40, 0x1E, 0xB5, 0xE4, 0xEF, 0x36, 0x24, 0x43, 0xC0, 0x8F, 0x3C, 0x11, 0x63,
    0xEF, 0x11, 0xAD, 0x48, 0x3B, 0xF2, 0x9A, 0x9B, 0x24, 0xF5, 0x0B, 0x92, 0xE6, 0x03, 0xF1, 0xD0,
    0x73, 0x58, 0xC3, 0xC5, 0x79, 0x8A, 0x20, 0x0F, 0xC8, 0x5B, 0x8C, 0x1C, 0x2C, 0xB0, 0x75, 0xEB,
    0xAA, 0x38, 0x89, 0x1A, 0x92, 0x8E, 0x68, 0x85, 0xA9, 0xCD, 0x3B, 0xF1, 0xFD, 0x87, 0x48, 0xD1,
    0xAB, 0x01, 0x05, 0x4C, 0xB1, 0xF5, 0xE6, 0x55, 0x71, 0x62, 0x08, 0xFC, 0xBE, 0x21, 0x69, 0x29,
    0x1A, 0x46, 0x27, 0x6F, 0x6D, 0xB2, 0x4E, 0xC2, 0x2E, 0xF9, 0xA7, 0x4B, 0x26, 0x87, 0x1D, 0x7B,
    0xD7, 0x02, 0x5B, 0xAE, 0x8A, 0x8E, 0x78, 0xF5, 0x9C, 0x6C, 0x58, 0xCB, 0xD3, 0x1E, 0x1B, 0x2D,
    0x8F, 0x0D, 0x60, 0x6F, 0x60, 0x7E, 0x4D, 0xC2, 0x9B, 0x9B, 0x13, 0x70, 0xFE, 0xDC, 0x6A, 0x3E,
    0x0C, 0xCD, 0x18, 0x53, 0x9C, 0x17, 0xF3, 0xE1, 0x78, 0xBC, 0xC6, 0xEC, 0xFD, 0xDF, 0x39, 0xFF,
    0x1A, 0x66, 0xAF, 0xBC, 0x12, 0x4E, 0xAE, 0xE9, 0xC6, 0x00, 0x30, 0xC1, 0x9C, 0xB3, 0x67, 0x5D,
    0x0B, 0xA2, 0x61, 0xED, 0x44, 0x92, 0xBC, 0x2D, 0x9A, 0x32, 0x64, 0xCD, 0x44, 0xDA, 0xCE, 0x24,
    0xDD, 0xC3, 0x7B, 0xA7, 0x98, 0x3D, 0xA4, 0xAB, 0xC9, 0x3F, 0x8E, 0x46, 0xA9, 0xB5, 0xC3, 0x21,
    0x88, 0xEE, 0x02, 0x79, 0xA0, 0x6C, 0x28, 0x6A, 0x22, 0xC0, 0xBC, 0xE6, 0x97, 0x1D, 0x71, 0x47,
    0xDE, 0x92, 0x63, 0x7B, 0x43, 0x7C, 0x6F, 0x04, 0xE6, 0x1D, 0x71, 0x4F, 0xD6, 0x91, 0x07, 0xAE,
    0x5F, 0x10, 0xDF, 0xEE, 0x96, 0xF8, 0xF8, 0x75, 0xE9, 0x27, 0x6B, 0x69, 0xF4, 0x1E, 0x60, 0x43,
    0x1C, 0x88, 0x8E, 0x0B, 0xC9, 0x70, 0x24, 0x8D, 0x97, 0x80, 0x0B, 0xE2, 0x00, 0x5E, 0xC3, 0x8A,
    0xA4, 0xB7, 0x93, 0x37, 0xCA, 0x82, 0xC3, 0x3F, 0x8B, 0xFF, 0xD9, 0x8F, 0x35, 0xBE, 0x49, 0xAE,
    0x3D, 0x4C, 0xB1, 0x26, 0xE9, 0x65, 0x2F, 0x35, 0xCA, 0x3F, 0x31, 0xEB, 0x45, 0xFD, 0x82, 0xE6,
    0xC6, 0xC5, 0x72, 0x46, 0x0D, 0x49, 0x4F, 0xB4, 0x62, 0x67, 0xC6, 0x29, 0x67, 0x63, 0xF3, 0x9C,
    0x77, 0x89, 0x7A, 0xAC, 0x51, 0x91, 0xBD, 0x1C, 0x36, 0xC7, 0xB9, 0xCF, 0x08, 0xE5, 0x07, 0x1D,
    0x49, 0x6B, 0x27, 0xAF, 0x95, 0xDF, 0xB8, 0x24, 0x4E, 0x28, 0x3B, 0xBE, 0xB9, 0x3A, 0xAB, 0xA7,
    0xEC, 0xBB, 0xB5, 0xF2, 0xC3, 0x0D, 0xB1, 0x12, 0x1F, 0xDD, 0x36, 0x36, 0xA6, 0xEB, 0xD7, 0x3A,
    0x60, 0x07, 0xA5, 0xCB, 0xE1, 0xBD, 0x7F, 0x5D, 0x3C, 0x1C, 0x4B, 0xDF, 0x5D, 0x8B, 0xEC, 0x02,
    0x59, 0xA0, 0x6C, 0x36, 0xC3, 0x7B, 0x3E, 0xDB, 0xE5, 0xF6, 0x86, 0x4D, 0x33, 0x9E, 0xD3, 0x37,
    0xE6, 0xE1, 0xB0, 0x4D, 0xBA, 0xAC, 0xCD, 0x3D, 0x85, 0x22, 0x3C, 0xDE, 0xF1, 0xFA, 0xA3, 0x77,
    0x29, 0xFF, 0xE7, 0x61, 0x7A, 0xCE, 0x1F, 0xD3, 0xE3, 0x07, 0xBB, 0x5B, 0x2A, 0x55, 0x28, 0xE1,
    0xFF, 0xFF, 0x0C, 0x4A, 0x55, 0xA8, 0x6C, 0xE1, 0x27, 0x81, 0x62, 0x38, 0x62, 0x38, 0xE1, 0x4B,
    0x8E, 0x94, 0x5D, 0xD6, 0x4B, 0x97, 0x79, 0x23, 0x5A, 0x8F, 0xE8, 0x47, 0x15, 0x0E, 0x2A, 0xCC,
    0x2B, 0x54, 0xB3, 0xB3, 0x54, 0x3D, 0x4C, 0xB3, 0x0A, 0x0F, 0xCA, 0x9A, 0x75, 0xDE, 0x8A, 0x57,
    0xE9, 0x52, 0xD6, 0xC7, 0xC7, 0x61, 0xDE, 0x3A, 0x1C, 0x86, 0x20, 0x1B, 0x56, 0x78, 0x05, 0xC0,
    0x04, 0xE6, 0x50, 0x79, 0xD8, 0xCB, 0xEF, 0x32, 0x1C, 0x19, 0x1D, 0xE7, 0x6D, 0xD1, 0x96, 0x21,
    0xE9, 0x2B, 0xF1, 0x72, 0x26, 0x5A, 0x4D, 0x39, 0x8B, 0x99, 0x68, 0x59, 0x89, 0xFB, 0xB2, 0x4E,
    0xFB, 0xBC, 0x2B, 0x9A, 0x64, 0x18, 0x82, 0xC3, 0x35, 0xDB, 0x01, 0xC8, 0x1A, 0xF2, 0x96, 0xBC,
    0x21, 0x82, 0x03, 0x18, 0x1A, 0xA4, 0x0D, 0x8A, 0x1A, 0x77, 0xE0, 0x86, 0xCB, 0x86, 0x2F, 0x6B,
    0xAA, 0x1E, 0x4B, 0x92, 0x9E, 0xB4, 0xE6, 0xDA, 0x05, 0xB2, 0x43, 0x87, 0xA4, 0x47, 0xD6, 0xB2,
    0x53, 0x06, 0x26, 0xCF, 0x61, 0xA8, 0x49, 0xFE, 0xDE, 0x91, 0xD6, 0x3D, 0x5C, 0x3A, 0x3B, 0x7B,
    0xB8, 0x73, 0xD6, 0x43, 0xD3, 0xDF, 0x36, 0x8A, 0x8F, 0x98, 0x2C, 0x59, 0x4E, 0x79, 0xE7, 0x6B,
    0xB8, 0x50, 0x17, 0x49, 0x83, 0xB4, 0x43, 0xB4, 0xC2, 0xCE, 0x14, 0x93, 0xA7, 0xAF, 0x86, 0x0B,
    0xFC, 0x81, 0x68, 0x85, 0x19, 0x8A, 0x20, 0x7D, 0xBB, 0x56, 0xB4, 0x9B, 0xF2, 0xF1, 0x63, 0x18,
    0x1A, 0x7C, 0xAF, 0x41, 0xD6, 0xB0, 0xF3, 0xBC, 0x2B, 0x53, 0x1B, 0xD7, 0x6B, 0xCA, 0x25, 0x56,
    0x44, 0x2B, 0xE9, 0xAF, 0x5B, 0xC5, 0xDF, 0xEA, 0x8D, 0xB8, 0x88, 0xDE, 0xD9, 0x23, 0x3B, 0x5E,
    0x90, 0xBF, 0xD1, 0xB3, 0x15, 0x05, 0xEC, 0xC0, 0xC4, 0x95, 0x70, 0x81, 0xE1, 0x65, 0xC9, 0x70,
    0x2C, 0xFE, 0xD5, 0x7D, 0x20, 0xAD, 0x6D, 0xB0, 0x36, 0xE0, 0x36, 0x1C, 0x06, 0xA2, 0xCF, 0x1A,
    0xD2, 0x0F, 0x7B, 0x62, 0xAF, 0x81, 0x2B, 0xD3, 0x21, 0x36, 0x6F, 0xE2, 0x9C, 0xEE, 0x01, 0x44,
    0x0D, 0xA4, 0x1D, 0xE4, 0x0D, 0x54, 0xF6, 0x71, 0x4F, 0x89, 0x5D, 0x95, 0x51, 0xD2, 0xC4, 0x68,
    0x69, 0x6A, 0xD4, 0xB4, 0x32, 0x7A, 0xEA, 0x9D, 0x8A, 0x72, 0x6A, 0xCA, 0xA9, 0x2A, 0x15, 0x0E,
    0x54, 0x98, 0xAB, 0x50, 0x99, 0x71, 0x96, 0xAB, 0xB3, 0x3C, 0x73, 0xAA, 0xCC, 0xA9, 0x33, 0xA7,
    0xD2, 0x9C, 0x5A, 0x73, 0xAA, 0x8D, 0xD1, 0x1B, 0xA3, 0xB8, 0x33, 0x73, 0xBB, 0xB8, 0x4F, 0xB4,
    0x22, 0xE9, 0xC8, 0xEB, 0x6D, 0xD7, 0x95, 0x28, 0x4F, 0x0C, 0x4D, 0x9C, 0x0C, 0xEE, 0xC4, 0xD0,
    0xEA, 0xC4, 0x50, 0xFF, 0xB9, 0xA1, 0xFE, 0xAB, 0xF4, 0x98, 0x06, 0x92, 0x1E, 0xAC, 0xC1, 0xC4,
    0x3E, 0x72, 0x25, 0x5C, 0x15, 0x1B, 0xBB, 0xB8, 0xE7, 0x6C, 0x82, 0x95, 0xB6, 0xDB, 0xA2, 0xE6,
    0x02, 0x6D, 0x1C, 0x80, 0xA1, 0x81, 0xB4, 0x81, 0xA2, 0xDE, 0xC7, 0x1D, 0x25, 0x6E, 0x5C, 0x09,
    0x0F, 0x5F, 0xF8, 0xEA, 0xD8, 0x96, 0xD6, 0x27, 0xFC, 0x17, 0xE4, 0x20, 0xEE, 0x9E, 0x45, 0x36,
    0xAC, 0x51, 0xBC, 0xDA, 0xEF, 0xB3, 0x25, 0x5C, 0xA9, 0x2A, 0x80, 0xE1, 0x25, 0xF1, 0x7F, 0xE6,
    0xD3, 0x6D, 0x2E, 0xF6, 0x7D, 0xD8, 0x07, 0x57, 0x8E, 0x18, 0x13, 0x30, 0x07, 0x15, 0xD8, 0x02,
    0x2E, 0xD8, 0xC1, 0xF9, 0xB3, 0xE6, 0x82, 0xC9, 0x97, 0x8D, 0x07, 0x4C, 0xA6, 0x4C, 0x2B, 0x8E,
    0xAA, 0x3A, 0x5A, 0x17, 0x1F, 0x7F, 0x6B, 0x99, 0x0E, 0x43, 0x6B, 0x7C, 0xDE, 0xF6, 0x5D, 0x20,
    0x6D, 0xC9, 0x3A, 0xD2, 0x8E, 0x28, 0x80, 0xB5, 0x22, 0x3C, 0x4E, 0x2C, 0x4E, 0x62, 0x76, 0x12,
    0x55, 0x5D, 0x84, 0x62, 0x18, 0xC6, 0xF5, 0x1C, 0xFB, 0xCE, 0x5F, 0x3F, 0x16, 0x2D, 0xC5, 0x0A,
    0xF7, 0x89, 0x97, 0x24, 0x0D, 0x71, 0xD8, 0x1C, 0xDB, 0x01, 0x86, 0x86, 0xB4, 0xA1, 0x68, 0xB8,
    0x8D, 0x1B, 0x2E, 0x8E, 0x8F, 0x67, 0xE1, 0x01, 0xA2, 0x15, 0xD2, 0xCE, 0x9E, 0xAC, 0x36, 0x15,
    0x31, 0x45, 0xB4, 0x5E, 0x50, 0x2D, 0xC7, 0x54, 0x2F, 0x98, 0xF8, 0xF2, 0x69, 0x84, 0x34, 0x52,
    0x1A, 0x31, 0x8D, 0x9C, 0x46, 0x50, 0x23, 0x29, 0x23, 0xAA, 0x91, 0x15, 0x1E, 0xDD, 0x7F, 0x2B,
    0x03, 0xA6, 0xB6, 0x79, 0x41, 0x09, 0x25, 0xCC, 0x46, 0xF0, 0xF5, 0x98, 0x3A, 0x23, 0xDE, 0xE3,
    0xA4, 0x51, 0x81, 0xD1, 0x81, 0x51, 0x82, 0xD1, 0x82, 0x51, 0xC3, 0xA3, 0x1E, 0x9E, 0x86, 0x09,
    0x14, 0x35, 0xD2, 0xD6, 0x9E, 0xA8, 0x33, 0x25, 0x5C, 0xBA, 0x88, 0x80, 0xB8, 0x45, 0xBC, 0x84,
    0x05, 0x94, 0xB6, 0xB9, 0xBE, 0x59, 0x11, 0x45, 0x8B, 0x62, 0x05, 0xF7, 0x11, 0x2F, 0xED, 0x49,
    0x1A, 0x53, 0xF1, 0x25, 0x3B, 0x38, 0x67, 0x81, 0xDE, 0x6C, 0x73, 0x5B, 0xC9, 0x8D, 0x8D, 0xE1,
    0x3F, 0x9F, 0x04, 0xE3, 0x08, 0xC4, 0xFF, 0x38, 0xB6, 0x27, 0xEC, 0x9A, 0xE2, 0xD2, 0xC9, 0x21,
    0xF9, 0xF4, 0x1E, 0xF9, 0xB0, 0xE4, 0xEB, 0x69, 0xBB, 0x8D, 0x8D, 0xBF, 0x01, 0x7B, 0x78, 0x72,
    0xBC, 0xD2, 0x16, 0x59, 0x77, 0xB6, 0x36, 0x0F, 0xE0, 0x52, 0xC8, 0xCF, 0x5F, 0x56, 0x3C, 0x05,
    0x05, 0x14, 0xCD, 0xD9, 0xA8, 0x96, 0xF0, 0x73, 0x00, 0x38, 0x20, 0x6F, 0xAA, 0xA0, 0x0A, 0x45,
    0x63, 0x2E, 0x6F, 0xAD, 0xA5, 0x7D, 0xB4, 0x12, 0x2F, 0x93, 0x9E, 0x75, 0xD6, 0x72, 0x90, 0x37,
    0x54, 0x73, 0x14, 0xC7, 0xC8, 0xD6, 0x48, 0x96, 0x88, 0xFB, 0xC7, 0x4B, 0xB7, 0xFE, 0xFB, 0x9B,
    0xB5, 0x21, 0xAA, 0x01, 0xC0, 0x54, 0xD2, 0x55, 0xD2, 0xB6, 0x92, 0x35, 0x45, 0xC8, 0x9B, 0xBC,
    0xCE, 0xEB, 0xF1, 0xBF, 0xB4, 0x2D, 0x25, 0xFD, 0x44, 0xDC, 0xDF, 0x61, 0xB5, 0x60, 0xB1, 0x62,
    0xB2, 0xA4, 0xEC, 0xC9, 0x3B, 0xB2, 0x86, 0xBC, 0xA6, 0xC4, 0x03, 0x0E, 0x57, 0x1C, 0xBE, 0x03,
    0x98, 0x3F, 0x0A, 0x37, 0x93, 0x8D, 0x70, 0xC9, 0x23, 0x70, 0x69, 0xCB, 0xEC, 0x14, 0xEE, 0x0D,
    0xE4, 0x5F, 0x0D, 0x0E, 0xF0, 0xF0, 0x34, 0x59, 0x22, 0xE9, 0x21, 0x00, 0x33, 0x49, 0x5F, 0x49,
    0xBB, 0x52, 0xD6, 0x7E, 0x11, 0xAD, 0xFA, 0x1C, 0xED, 0x1E, 0x8B, 0x35, 0xB3, 0x25, 0x55, 0x4F,
    0xD1, 0x91, 0xB7, 0x9F, 0xE3, 0x05, 0xE6, 0x49, 0x7B, 0xB8, 0x4E, 0xFB, 0xA1, 0x4F, 0xBB, 0x7D,
    0x51, 0x90, 0x2D, 0x91, 0xAF, 0xE1, 0x0E, 0xAC, 0x11, 0x75, 0x70, 0xA9, 0xF0, 0x65, 0xED, 0x6C,
    0x8F, 0x2F, 0x3D, 0xDB, 0xE3, 0xBB, 0x40, 0x6C, 0x0E, 0xD7, 0x0C, 0x3D, 0xFB, 0x40, 0xA0, 0xFA,
    0xA8, 0xE5, 0x70, 0x68, 0x78, 0xEF, 0x79, 0x00, 0x2E, 0x13, 0x1B, 0xD1, 0xF1, 0xAB, 0x92, 0xE1,
    0x48, 0xF2, 0x9D, 0x25, 0x60, 0x73, 0xD8, 0xFF, 0x06, 0x75, 0x90, 0x81, 0xA6, 0xE3, 0x40, 0x18,
    0x85, 0xBF, 0x64, 0x68, 0x30, 0x98, 0x27, 0xA8, 0x81, 0x02, 0x74, 0x03, 0xC5, 0x62, 0x9B, 0x09,
    0xB0, 0xD8, 0x57, 0x6A, 0xBA, 0xB1, 0xFB, 0x52, 0x8B, 0xB2, 0xB3, 0x7B, 0x5F, 0xA0, 0xF7, 0x0D,
    0xE6, 0x11, 0x06, 0x83, 0xA2, 0xED, 0xDC, 0x7F, 0x9A, 0x40, 0x7B, 0x25, 0xFF, 0x49, 0xE6, 0xE4,
    0x9C, 0x99, 0x0F, 0xE3, 0x72, 0xBE, 0xCD, 0x6F, 0x79, 0xE2, 0xD2, 0xDA, 0xF4, 0x66, 0xB4, 0x38,
    0x3A, 0x99, 0x23, 0xC6, 0x97, 0x29, 0x49, 0xCB, 0xF6, 0xE9, 0x6F, 0x4D, 0xD3, 0x07, 0xF3, 0x2B,
    0x5A, 0x75, 0x76, 0xDA, 0x77, 0xA6, 0xE8, 0x28, 0xE5, 0xFF, 0xF4, 0x50, 0x34, 0xBF, 0xA5, 0x0A,
    0x6D, 0xE3, 0xB7, 0xAB, 0xF1, 0x73, 0xB8, 0x5E, 0x8D, 0x1C, 0x78, 0x51, 0xCE, 0x77, 0x91, 0x98,
    0x45, 0x7D, 0x7B, 0xD6, 0xD7, 0xA2, 0x25, 0xCE, 0x52, 0xBE, 0xC4, 0xD1, 0xD1, 0x5D, 0x7F, 0xE6,
    0x32, 0xEE, 0xAA, 0xA3, 0xA5, 0x0E, 0xEC, 0x71, 0x63, 0x93, 0xF8, 0x3B, 0x2F, 0xCC, 0x61, 0x7D,
    0xA3, 0x8A, 0x00, 0x36, 0xF7, 0x2A, 0x00, 0x74, 0xDA, 0x6B, 0x0F, 0x70, 0x50, 0x67, 0xD3, 0x3F,
    0x4C, 0x1D, 0x1C, 0x00, 0x7F, 0xEA, 0x30, 0x30, 0x27, 0x97, 0xC9, 0xA8, 0xF7, 0xC8, 0x74, 0xEA,
    0x2D, 0x30, 0x71, 0x7E, 0xFC, 0xBB, 0xA3, 0x2F, 0x42, 0x36, 0xDF, 0xB3, 0x77, 0x19, 0x68, 0xE5,
    0xAE, 0x06, 0xDB, 0xC3, 0xD0, 0x12, 0x2F, 0x85, 0x7E, 0xFD, 0x42, 0x4A, 0xCA, 0x53, 0xC5, 0x3D,
    0x29, 0x8A, 0x51, 0x61, 0x4E, 0xB4, 0x2F, 0x7B, 0x1A, 0x8F, 0x19, 0xE7, 0x53, 0x2D, 0xCD, 0xC4,
    0x19, 0xA8, 0x1E, 0x64, 0x76, 0x9C, 0xAA, 0xA4, 0xA2, 0xF6, 0x76, 0x74, 0xD8, 0x51, 0x7B, 0x15,
    0xAB, 0xC4, 0x89, 0xDD, 0x46, 0x3E, 0x92, 0xF4, 0x46, 0x12, 0x25, 0x3B, 0x8C, 0xB7, 0xBD, 0x93,
    0x6C, 0x03, 0xA8, 0x00, 0x82, 0x15, 0x2E, 0x58, 0x60, 0x0F, 0xD2, 0x40, 0x02, 0x15, 0x17, 0xAB,
    0xFA, 0xA5, 0xEA, 0xE6, 0xEA, 0x03, 0x84, 0x8F, 0x01, 0x66, 0x04, 0x31, 0x14, 0x86, 0xBF, 0x9D,
    0xD0, 0x20, 0x08, 0x2C, 0x00, 0x01, 0x28, 0xBA, 0x3B, 0x50, 0xC0, 0xEE, 0xCE, 0x3B, 0x42, 0x6F,
    0xD2, 0x0B, 0x94, 0x99, 0x23, 0xEC, 0x81, 0xAA, 0x1B, 0x00, 0x0A, 0x73, 0x84, 0x39, 0xC2, 0x60,
    0xB0, 0xB4, 0x33, 0xAF, 0x3F, 0x0A, 0x05, 0x95, 0x4F, 0x3C, 0x7F, 0x7E, 0xC9, 0x97, 0x66, 0x25,
    0xBB, 0xB5, 0xA9, 0x9E, 0xC3, 0x78, 0x6A, 0xC4, 0xA4, 0x5D, 0xB3, 0x12, 0xE5, 0x3A, 0x25, 0x1B,
    0xBD, 0xED, 0xBE, 0x2C, 0x7C, 0x5A, 0x4E, 0x76, 0x48, 0xD6, 0xF9, 0xD4, 0xFB, 0x44, 0x32, 0x21,
    0x5A, 0x47, 0x3C, 0xC1, 0x09, 0xBA, 0x89, 0x6E, 0x85, 0x57, 0xC8, 0xBC, 0x14, 0x6E, 0x1B, 0xFD,
    0x02, 0x1F, 0xA4, 0x8D, 0xF6, 0xCA, 0x1B, 0xDC, 0xEE, 0xB8, 0xB3, 0x64, 0x9B, 0x93, 0xBD, 0x67,
    0x5D, 0x45, 0x52, 0xE2, 0x26, 0x38, 0x82, 0x1A, 0x33, 0xCD, 0x44, 0xA8, 0xC4, 0x4A, 0x32, 0x32,
    0x88, 0x87, 0x8D, 0xE2, 0xC3, 0x31, 0xD6, 0x63, 0x90, 0x15, 0xF9, 0x36, 0x1C, 0x62, 0x95, 0xE7,
    0x25, 0x8E, 0xC5, 0x6B, 0xDC, 0x88, 0xAB, 0x0A, 0x76, 0x51, 0x18, 0xC6, 0x73, 0xA3, 0x70, 0x8C,
    0x5E, 0x49, 0x03, 0x3D, 0xE5, 0x9B, 0x72, 0xE5, 0xDF, 0x6F, 0xEE, 0xE6, 0x32, 0xF7, 0xF3, 0xF3,
    0xCC, 0x9F, 0x95, 0x56, 0xA4, 0xF8, 0x98, 0xED, 0xD7, 0xE5, 0xCC, 0x6E, 0x41, 0x66, 0x1A, 0x5B,
    0xAF, 0x22, 0xDD, 0x35, 0xB0, 0x57, 0xA1, 0x10, 0x56, 0x82, 0x43, 0x19, 0xA4, 0xBF, 0x4F, 0xB5,
    0xD3, 0x7B, 0x3F, 0xFB, 0x31, 0x4C, 0x82, 0x0F, 0x00, 0x4D, 0xC9, 0xB1, 0x51, 0xC4, 0x30, 0x18,
    0x44, 0xE1, 0x27, 0x9B, 0xB1, 0x03, 0x07, 0x22, 0x20, 0xBF, 0x12, 0xDC, 0x01, 0x52, 0x47, 0x94,
    0x70, 0xBA, 0x4A, 0xAE, 0x12, 0x38, 0x97, 0xA0, 0x0E, 0x70, 0x40, 0x01, 0x0A, 0x2E, 0x30, 0x33,
    0xC2, 0xCB, 0xAF, 0x01, 0x0F, 0x04, 0x5F, 0xB0, 0x6F, 0x71, 0xB7, 0x15, 0xAF, 0x42, 0x88, 0x8F,
    0x54, 0x70, 0x1B, 0x74, 0x05, 0x7A, 0x73, 0x93, 0xA2, 0x61, 0xCC, 0x34, 0xB6, 0xBF, 0x4C, 0xA5,
    0x7D, 0x9D, 0x71, 0x77, 0xA0, 0x02, 0x21, 0x3E, 0x71, 0x52, 0xC5, 0xE9, 0x43, 0x52, 0x69, 0xF0,
    0x89, 0x3F, 0x17, 0x73, 0x8D, 0xF8, 0x1D, 0xE6, 0x95, 0x51, 0x09, 0xFF, 0x7E, 0xE1, 0xE1, 0x68,
    0x2F, 0xBF, 0xED, 0x9A, 0xAC, 0x25, 0xF8, 0x67, 0xD0, 0xCA, 0xA4, 0x9D, 0x21, 0x9E, 0x23, 0xF8,
    0x05, 0x26, 0xE3, 0x17, 0x49, 0xF7, 0x86, 0xBE, 0xC2, 0x9C, 0xE9, 0x76, 0x38, 0xDA, 0x0C, 0x1C,
    0x4E, 0x11, 0x7C, 0x1E, 0x96, 0x51, 0xCA, 0x9C, 0x77, 0x82, 0x54, 0xCD, 0x86, 0xAB, 0xC0, 0x33,
    0x10, 0x5A, 0x2B, 0x66, 0x85, 0x00, 0xBC, 0xC2, 0xB8, 0x11, 0x6C, 0x86, 0x4F, 0x98, 0x13, 0x4C,
    0x05, 0xBA, 0x0D, 0x78, 0xE3, 0x27, 0xF8, 0x0C, 0x7D, 0x01, 0x57, 0xF9, 0x06, 0xAD, 0x91, 0x31,
    0x8E, 0xD4, 0x30, 0x18, 0x85, 0x3F, 0x27, 0x88, 0x20, 0xA5, 0x30, 0x3D, 0x85, 0x6F, 0x30, 0x69,
    0x28, 0x67, 0xC7, 0x16, 0x2D, 0x0D, 0x37, 0xA1, 0xA1, 0x44, 0x33, 0xB9, 0x01, 0x7B, 0xA0, 0x0C,
    0xF1, 0x11, 0x72, 0x04, 0x37, 0xD4, 0xB8, 0x70, 0x91, 0x22, 0x3B, 0xC6, 0xBF, 0x9C, 0x15, 0xAB,
    0x11, 0x34, 0x08, 0x29, 0xEF, 0xB7, 0xFD, 0xDE, 0xCB, 0xFB, 0xAD, 0xDF, 0xAF, 0xF3, 0x23, 0x3A,
    0x6F, 0xBC, 0x52, 0x33, 0x60, 0x3C, 0xF4, 0x0B, 0xB4, 0xA1, 0x20, 0x42, 0x13, 0xF9, 0xFC, 0x23,
    0xB5, 0x39, 0x27, 0x1D, 0xDE, 0x25, 0xEB, 0x54, 0x3A, 0xA1, 0xD2, 0x54, 0x78, 0xC1, 0x46, 0x2B,
    0x08, 0x13, 0xBD, 0x3F, 0x63, 0x46, 0x3B, 0xCE, 0xE8, 0xBC, 0xA2, 0x4A, 0x26, 0x6C, 0x40, 0xF3,
    0x04, 0xB4, 0x19, 0xE8, 0x7E, 0x3A, 0xD0, 0xDF, 0x3C, 0x98, 0x8F, 0x1E, 0xAC, 0x74, 0x78, 0x90,
    0x16, 0x93, 0x4A, 0xB0, 0xB2, 0x51, 0xD6, 0x2B, 0x85, 0x39, 0x53, 0x34, 0x2B, 0xD7, 0x18, 0x9C,
    0xF6, 0x68, 0x6F, 0xC6, 0x52, 0x06, 0x57, 0x18, 0x0B, 0x5D, 0xBC, 0xE4, 0x9C, 0xE3, 0x5C, 0x4A,
    0x2A, 0xE5, 0x26, 0xB8, 0xC2, 0xE9, 0x7F, 0xA3, 0x74, 0x49, 0xB6, 0x60, 0x70, 0xA0, 0x3D, 0x74,
    0x01, 0x9A, 0x04, 0x6C, 0xC0, 0x19, 0x78, 0x29, 0xB4, 0x11, 0xFA, 0x50, 0xC7, 0x67, 0x81, 0x2B,
    0xA8, 0x75, 0xA7, 0x17, 0x30, 0x63, 0xA5, 0x25, 0x73, 0x47, 0x14, 0xD4, 0x39, 0x77, 0x1E, 0xF4,
    0x08, 0x06, 0x78, 0x00, 0x26, 0x20, 0xC9, 0xCF, 0x7F, 0x95, 0x9A, 0x3B, 0xE9, 0xB4, 0x4B, 0x07,
    0x2E, 0xEE, 0xE2, 0x0E, 0x50, 0x25, 0xB4, 0x03, 0x0C, 0x88, 0xB2, 0x27, 0x70, 0x64, 0x37, 0xB3,
    0x02, 0x44, 0x40, 0x49, 0x69, 0x02, 0x6A, 0x69, 0x17, 0x4C, 0x68, 0x3D, 0x73, 0x2C, 0xF1, 0xE7,
    0x55, 0x3B, 0xDE, 0x6E, 0x1A, 0xB8, 0x1A, 0xC0, 0x4A, 0xC8, 0x20, 0x21, 0x7A, 0x02, 0xFA, 0x0D,
    0xE8, 0x12, 0xF5, 0xA6, 0xF0, 0x09, 0x9A, 0xB5, 0x0F, 0xE8, 0x3C, 0x6C, 0x1C, 0xFA, 0x75, 0xE0,
    0xD8, 0x46, 0xCD, 0x51, 0x05, 0x8D, 0xEC, 0x2A, 0x27, 0x6A, 0xF5, 0xD1, 0x24, 0x4C, 0xC2, 0x3A,
    0x26, 0xD8, 0x60, 0xFD, 0x87, 0x4F, 0x32, 0xBA, 0x48, 0xF6, 0xDC, 0xA0, 0x4F, 0x04, 0x9B, 0x3F,
    0x84, 0xAF, 0x26, 0xFB, 0x2F, 0xEA, 0x3B, 0x00, 0xF0, 0x27, 0xFE, 0xCD, 0x3E, 0x91, 0x23, 0x30,
    0xF1, 0xFC, 0x1A, 0xF7, 0x23, 0x7D, 0xE6, 0xD5, 0x8B, 0x77, 0x6A, 0x8A, 0x0C, 0xEA, 0x11, 0x4C,
    0x40, 0x65, 0xC7, 0x90, 0x68, 0x6E, 0x30, 0x04, 0xB8, 0x50, 0x57, 0x39, 0x0B, 0x2F, 0xBA, 0xF8,
    0xAA, 0x1F, 0xE0, 0x77, 0xE6, 0x7B, 0xD9, 0x8F, 0xD0, 0xAF, 0xC0, 0x2C, 0x9B, 0x27, 0x61, 0x16,
    0xE8, 0xA3, 0xAC, 0x72, 0x16, 0x5E, 0x74, 0xF1, 0x89, 0xFF, 0x3E, 0xE3, 0x17, 0xB4, 0x50, 0xC5,
    0x01, 0x02, 0x30, 0x10, 0x0B, 0xFE, 0xEC, 0x28, 0x8C, 0xD0, 0x5B, 0x0C, 0x19, 0x8A, 0x1F, 0xBE,
    0x49, 0x87, 0xE8, 0x0F, 0x09, 0xD7, 0xE0, 0xEE, 0x95, 0x73, 0x4D, 0x95, 0xB3, 0x16, 0x2D, 0x70,
    0x16, 0xD9, 0x8F, 0x66, 0x13, 0xA0, 0x0B, 0x2C, 0x81, 0x11, 0x2A, 0xF9, 0x9C, 0x4E, 0x39, 0x27,
    0x77, 0x54, 0x96, 0x9F, 0xD1, 0x2A, 0xFB, 0x08, 0x9C, 0xE7, 0x68, 0x95, 0xDC, 0x85, 0x5B, 0x4F,
    0xFE, 0xD4, 0xED, 0xE5, 0x7B, 0xE4, 0xDB, 0xDF, 0xEB, 0x0E, 0x54, 0x18, 0xA5, 0x32, 0xBA, 0x70,
    0x32, 0x3A, 0x23, 0x2A, 0x2F, 0x22, 0xF5, 0x5D, 0x82, 0x65, 0x21, 0x53, 0x73, 0xD2, 0x86, 0x90,
    0x04, 0x04, 0x65, 0x2D, 0x09, 0xCB, 0x5A, 0x12, 0x98, 0x50, 0xFC, 0x15, 0x13, 0x94, 0xB5, 0xB4,
    0x63, 0x32, 0xFE, 0x87, 0x69, 0xB2, 0x6A, 0xBA, 0x9E, 0xEC, 0x5E, 0xC2, 0xFF, 0x26, 0xDB, 0xEC,
    0x0B, 0x98, 0x62, 0xFC, 0x07, 0x09, 0x82, 0x3C, 0x00,
};

static const EpdGlyph ubuntu_14_regularGlyphs[] = {
    { 0, 0, 0, 0, 0, 0, 0 }, // U+0000
    { 0, 0, 0, 0, 0, 0, 0 }, // U+0008
    { 0, 0, 108, 0, 0, 0, 0 }, // U+0009
    { 0, 0, 108, 0, 0, 0, 0 }, // U+000D
    { 0, 0, 0, 0, 0, 0, 0 }, // U+001D
    { 0, 0, 108, 0, 0, 0, 0 }, // U+0020
    { 4, 20, 129, 2, 20, 20, 0 }, // !
    { 9, 8, 195, 2, 23, 18, 20 }, // "
    { 17, 20, 311, 1, 20, 85, 38 }, // #
    { 14, 26, 263, 1, 22, 91, 123 }, // $
    { 23, 20, 400, 1, 20, 115, 214 }, // %
    { 18, 20, 311, 1, 20, 90, 329 }, // &
    { 3, 8, 112, 2, 23, 6, 419 }, // '
    { 8, 28, 151, 2, 23, 56, 425 }, // (
    { 8, 28, 151, 0, 23, 56, 481 }, // )
    { 12, 11, 224, 1, 20, 33, 537 }, // *
    { 14, 14, 263, 1, 16, 49, 570 }, // +
    { 5, 8, 115, 1, 3, 10, 619 }, // ,
    { 8, 2, 140, 0, 9, 4, 629 }, // -
    { 5, 4, 115, 1, 4, 5, 633 }, // .
    { 13, 28, 179, -1, 23, 91, 638 }, // /
    { 14, 20, 263, 1, 20, 70, 729 }, // 0
    { 9, 20, 174, 0, 20, 45, 799 }, // 1
    { 14, 20, 231, 0, 20, 70, 844 }, // 2
    { 14, 20, 235, 0, 20, 70, 914 }, // 3
    { 15, 20, 249, 0, 20, 75, 984 }, // 4
    { 14, 20, 232, 0, 20, 70, 1059 }, // 5
    { 14, 20, 255, 1, 20, 70, 1129 }, // 6
    { 14, 20, 220, 0, 20, 70, 1199 }, // 7
    { 14, 20, 257, 1, 20, 70, 1269 }, // 8
    { 14, 20, 255, 1, 20, 70, 1339 }, // 9
    { 5, 16, 115, 1, 16, 20, 1409 }, // :
    { 5, 21, 115, 1, 16, 27, 1429 }, // ;
    { 14, 13, 263, 1, 15, 46, 1456 }, // <
    { 14, 8, 263, 1, 13, 28, 1502 }, // =
    { 14, 13, 263, 1, 15, 46, 1530 }, // >
    { 11, 20, 189, 0, 20, 55, 1576 }, // ?
    { 25, 26, 443, 1, 21, 163, 1631 }, // @
    { 19, 20, 309, 0, 20, 95, 1794 }, // A
    { 16, 20, 300, 2, 20, 80, 1889 }, // B
    { 17, 20, 289, 1, 20, 85, 1969 }, // C
    { 17, 20, 333, 2, 20, 85, 2054 }, // D
    { 14, 20, 267, 2, 20, 70, 2139 }, // E
    { 13, 20, 251, 2, 20, 65, 2209 }, // F
    { 17, 20, 314, 1, 20, 85, 2274 }, // G
    { 16, 20, 329, 2, 20, 80, 2359 }, // H
    { 4, 20, 126, 2, 20, 20, 2439 }, // I
    { 13, 20, 233, 0, 20, 65, 2459 }, // J
    { 17, 20, 294, 2, 20, 85, 2524 }, // K
    { 13, 20, 242, 2, 20, 65, 2609 }, // L
    { 23, 20, 407, 1, 20, 115, 2674 }, // M
    { 17, 20, 340, 2, 20, 85, 2789 }, // N
    { 20, 20, 363, 1, 20, 100, 2874 }, // O
    { 15, 20, 284, 2, 20, 75, 2974 }, // P
    { 20, 25, 363, 1, 20, 125, 3049 }, // Q
    { 16, 20, 294, 2, 20, 80, 3174 }, // R
    { 15, 20, 248, 0, 20, 75, 3254 }, // S
    { 16, 20, 264, 0, 20, 80, 3329 }, // T
    { 16, 20, 321, 2, 20, 80, 3409 }, // U
    { 19, 20, 306, 0, 20, 95, 3489 }, // V
    { 27, 20, 434, 0, 20, 135, 3584 }, // W
    { 18, 20, 295, 0, 20, 90, 3719 }, // X
    { 18, 20, 279, 0, 20, 90, 3809 }, // Y
    { 16, 20, 267, 0, 20, 80, 3899 }, // Z
    { 8, 28, 154, 2, 23, 56, 3979 }, // [
    { 13, 28, 179, -1, 23, 91, 4035 }, // <backslash>
    { 7, 28, 154, 0, 23, 49, 4126 }, // ]
    { 14, 11, 263, 1, 20, 39, 4175 }, // ^
    { 16, 2, 230, -1, -3, 8, 4214 }, // _
    { 7, 6, 175, 1, 23, 11, 4222 }, // `
    { 12, 15, 244, 1, 15, 45, 4233 }, // a
    { 14, 22, 275, 2, 22, 77, 4278 }, // b
    { 12, 15, 217, 1, 15, 45, 4355 }, // c
    { 14, 22, 275, 1, 22, 77, 4400 }, // d
    { 14, 15, 261, 1, 15, 53, 4477 }, // e
    { 10, 22, 180, 2, 22, 55, 4530 }, // f
    { 14, 20, 270, 1, 15, 70, 4585 }, // g
    { 13, 22, 267, 2, 22, 72, 4655 }, // h
    { 5, 21, 118, 1, 21, 27, 4727 }, // i
    { 8, 26, 118, -2, 21, 52, 4754 }, // j
    { 13, 22, 244, 2, 22, 72, 4806 }, // k
    { 6, 22, 127, 2, 22, 33, 4878 }, // l
    { 21, 15, 402, 2, 15, 79, 4911 }, // m
    { 13, 15, 268, 2, 15, 49, 4990 }, // n
    { 15, 15, 275, 1, 15, 57, 5039 }, // o
    { 14, 20, 275, 2, 15, 70, 5096 }, // p
    { 14, 20, 275, 1, 15, 70, 5166 }, // q
    { 9, 15, 180, 2, 15, 34, 5236 }, // r
    { 11, 15, 208, 1, 15, 42, 5270 }, // s
    { 10, 20, 188, 2, 20, 50, 5312 }, // t
    { 13, 15, 268, 2, 15, 49, 5362 }, // u
    { 15, 15, 234, 0, 15, 57, 5411 }, // v
    { 23, 15, 363, 0, 15, 87, 5468 }, // w
    { 15, 15, 239, 0, 15, 57, 5555 }, // x
    { 14, 20, 232, 0, 15, 70, 5612 }, // y
    { 12, 15, 220, 1, 15, 45, 5682 }, // z
    { 9, 28, 155, 1, 23, 63, 5727 }, // {
    { 4, 28, 130, 2, 23, 28, 5790 }, // |
    { 9, 28, 155, 0, 23, 63, 5818 }, // }
    { 15, 4, 263, 1, 11, 15, 5881 }, // ~
    { 0, 0, 108, 0, 0, 0, 0 }, // U+00A0
    { 4, 20, 129, 2, 15, 20, 0 }, // U+00A1
    { 12, 23, 263, 2, 19, 69, 20 }, // U+00A2
    { 15, 20, 263, 1, 20, 75, 89 }, // U+00A3
    { 15, 13, 263, 1, 17, 49, 164 }, // U+00A4
    { 16, 20, 263, 0, 20, 80, 213 }, // U+00A5
    { 4, 28, 130, 2, 23, 28, 293 }, // U+00A6
    { 13, 23, 230, 1, 21, 75, 321 }, // U+00A7
    { 9, 3, 175, 1, 21, 7, 396 }, // U+00A8
    { 21, 20, 380, 1, 20, 105, 403 }, // U+00A9
    { 9, 11, 182, 1, 20, 25, 508 }, // U+00AA
    { 14, 13, 233, 0, 15, 46, 533 }, // U+00AB
    { 14, 9, 263, 1, 11, 32, 579 }, // U+00AC
    { 8, 2, 140, 0, 9, 4, 611 }, // U+00AD
    { 21, 20, 380, 1, 20, 105, 615 }, // U+00AE
    { 9, 2, 175, 1, 21, 5, 720 }, // U+00AF
    { 9, 8, 155, 0, 22, 18, 725 }, // U+00B0
    { 14, 18, 263, 1, 18, 63, 743 }, // U+00B1
    { 10, 11, 168, 0, 20, 28, 806 }, // U+00B2
    { 9, 11, 168, 0, 20, 25, 834 }, // U+00B3
    { 7, 6, 175, 3, 23, 11, 859 }, // U+00B4
    { 13, 20, 271, 2, 15, 65, 870 }, // U+00B5
    { 15, 25, 302, 1, 20, 94, 935 }, // U+00B6
    { 5, 4, 115, 1, 11, 5, 1029 }, // U+00B7
    { 6, 6, 175, 2, 1, 9, 1034 }, // U+00B8
    { 6, 11, 168, 1, 20, 17, 1043 }, // U+00B9
    { 11, 10, 208, 1, 20, 28, 1060 }, // U+00BA
    { 13, 13, 233, 1, 15, 43, 1088 }, // U+00BB
    { 24, 20, 408, 1, 20, 120, 1131 }, // U+00BC
    { 23, 20, 408, 1, 20, 115, 1251 }, // U+00BD
    { 25, 20, 408, 0, 20, 125, 1366 }, // U+00BE
    { 12, 20, 189, 0, 15, 60, 1491 }, // U+00BF
    { 19, 28, 309, 0, 28, 133, 1551 }, // U+00C0
    { 19, 28, 309, 0, 28, 133, 1684 }, // U+00C1
    { 19, 27, 309, 0, 27, 129, 1817 }, // U+00C2
    { 19, 26, 309, 0, 26, 124, 1946 }, // U+00C3
    { 19, 26, 309, 0, 26, 124, 2070 }, // U+00C4
    { 19, 24, 309, 0, 24, 114, 2194 }, // U+00C5
    { 27, 20, 436, 0, 20, 135, 2308 }, // U+00C6
    { 17, 26, 289, 1, 20, 111, 2443 }, // U+00C7
    { 14, 28, 267, 2, 28, 98, 2554 }, // U+00C8
    { 14, 28, 267, 2, 28, 98, 2652 }, // U+00C9
    { 14, 27, 267, 2, 27, 95, 2750 }, // U+00CA
    { 14, 26, 267, 2, 26, 91, 2845 }, // U+00CB
    { 6, 28, 126, 0, 28, 42, 2936 }, // U+00CC
    { 7, 28, 126, 1, 28, 49, 2978 }, // U+00CD
    { 9, 27, 126, -1, 27, 61, 3027 }, // U+00CE
    { 10, 26, 126, -1, 26, 65, 3088 }, // U+00CF
    { 20, 20, 339, 0, 20, 100, 3153 }, // U+00D0
    { 17, 26, 340, 2, 26, 111, 3253 }, // U+00D1
    { 20, 28, 363, 1, 28, 140, 3364 }, // U+00D2
    { 20, 28, 363, 1, 28, 140, 3504 }, // U+00D3
    { 20, 27, 363, 1, 27, 135, 3644 }, // U+00D4
    { 20, 26, 363, 1, 26, 130, 3779 }, // U+00D5
    { 20, 26, 363, 1, 26, 130, 3909 }, // U+00D6
    { 13, 13, 263, 2, 15, 43, 4039 }, // U+00D7
    { 20, 22, 363, 1, 21, 110, 4082 }, // U+00D8
    { 16, 28, 321, 2, 28, 112, 4192 }, // U+00D9
    { 16, 28, 321, 2, 28, 112, 4304 }, // U+00DA
    { 16, 27, 321, 2, 27, 108, 4416 }, // U+00DB
    { 16, 26, 321, 2, 26, 104, 4524 }, // U+00DC
    { 18, 28, 279, 0, 28, 126, 4628 }, // U+00DD
    { 15, 20, 284, 2, 20, 75, 4754 }, // U+00DE
    { 15, 22, 291, 2, 22, 83, 4829 }, // U+00DF
    { 12, 23, 244, 1, 23, 69, 4912 }, // U+00E0
    { 12, 23, 244, 1, 23, 69, 4981 }, // U+00E1
    { 12, 22, 244, 1, 22, 66, 5050 }, // U+00E2
    { 12, 21, 244, 1, 21, 63, 5116 }, // U+00E3
    { 12, 21, 244, 1, 21, 63, 5179 }, // U+00E4
    { 12, 22, 244, 1, 22, 66, 5242 }, // U+00E5
    { 23, 15, 401, 1, 15, 87, 5308 }, // U+00E6
    { 12, 21, 217, 1, 15, 63, 5395 }, // U+00E7
    { 14, 23, 261, 1, 23, 81, 5458 }, // U+00E8
    { 14, 23, 261, 1, 23, 81, 5539 }, // U+00E9
    { 14, 22, 261, 1, 22, 77, 5620 }, // U+00EA
    { 14, 21, 261, 1, 21, 74, 5697 }, // U+00EB
    { 6, 23, 118, 0, 23, 35, 5771 }, // U+00EC
    { 7, 23, 118, 1, 23, 41, 5806 }, // U+00ED
    { 9, 22, 118, -1, 22, 50, 5847 }, // U+00EE
    { 10, 21, 118, -1, 21, 53, 5897 }, // U+00EF
    { 16, 22, 275, 1, 22, 88, 5950 }, // U+00F0
    { 13, 21, 268, 2, 21, 69, 6038 }, // U+00F1
    { 15, 23, 275, 1, 23, 87, 6107 }, // U+00F2
    { 15, 23, 275, 1, 23, 87, 6194 }, // U+00F3
    { 15, 22, 275, 1, 22, 83, 6281 }, // U+00F4
    { 15, 21, 275, 1, 21, 79, 6364 }, // U+00F5
    { 15, 21, 275, 1, 21, 79, 6443 }, // U+00F6
    { 14, 16, 263, 1, 17, 56, 6522 }, // U+00F7
    { 15, 17, 275, 1, 16, 64, 6578 }, // U+00F8
    { 13, 23, 268, 2, 23, 75, 6642 }, // U+00F9
    { 13, 23, 268, 2, 23, 75, 6717 }, // U+00FA
    { 13, 22, 268, 2, 22, 72, 6792 }, // U+00FB
    { 13, 21, 268, 2, 21, 69, 6864 }, // U+00FC
    { 14, 28, 232, 0, 23, 98, 6933 }, // U+00FD
    { 14, 27, 275, 2, 22, 95, 7031 }, // U+00FE
    { 14, 26, 232, 0, 21, 91, 7126 }, // U+00FF
    { 19, 26, 309, 0, 26, 124, 0 }, // U+0100
    { 12, 21, 244, 1, 21, 63, 124 }, // U+0101
    { 19, 27, 309, 0, 27, 129, 187 }, // U+0102
    { 12, 22, 244, 1, 22, 66, 316 }, // U+0103
    { 20, 26, 309, 0, 20, 130, 382 }, // U+0104
    { 12, 20, 244, 1, 15, 60, 512 }, // U+0105
    { 17, 28, 289, 1, 28, 119, 572 }, // U+0106
    { 12, 23, 217, 1, 23, 69, 691 }, // U+0107
    { 17, 27, 289, 1, 27, 115, 760 }, // U+0108
    { 12, 22, 217, 1, 22, 66, 875 }, // U+0109
    { 17, 27, 289, 1, 27, 115, 941 }, // U+010A
    { 12, 22, 217, 1, 22, 66, 1056 }, // U+010B
    { 17, 27, 289, 1, 27, 115, 1122 }, // U+010C
    { 12, 22, 217, 1, 22, 66, 1237 }, // U+010D
    { 17, 27, 333, 2, 27, 115, 1303 }, // U+010E
    { 19, 22, 290, 1, 22, 105, 1418 }, // U+010F
    { 20, 20, 339, 0, 20, 100, 1523 }, // U+0110
    { 16, 22, 275, 1, 22, 88, 1623 }, // U+0111
    { 14, 26, 267, 2, 26, 91, 1711 }, // U+0112
    { 14, 21, 261, 1, 21, 74, 1802 }, // U+0113
    { 14, 27, 267, 2, 27, 95, 1876 }, // U+0114
    { 14, 22, 261, 1, 22, 77, 1971 }, // U+0115
    { 14, 27, 267, 2, 27, 95, 2048 }, // U+0116
    { 14, 22, 261, 1, 22, 77, 2143 }, // U+0117
    { 14, 26, 267, 2, 20, 91, 2220 }, // U+0118
    { 14, 20, 261, 1, 15, 70, 2311 }, // U+0119
    { 14, 27, 267, 2, 27, 95, 2381 }, // U+011A
    { 14, 23, 261, 1, 23, 81, 2476 }, // U+011B
    { 17, 27, 314, 1, 27, 115, 2557 }, // U+011C
    { 14, 27, 270, 1, 22, 95, 2672 }, // U+011D
    { 17, 27, 314, 1, 27, 115, 2767 }, // U+011E
    { 14, 27, 270, 1, 22, 95, 2882 }, // U+011F
    { 17, 27, 314, 1, 27, 115, 2977 }, // U+0120
    { 14, 27, 270, 1, 22, 95, 3092 }, // U+0121
    { 17, 25, 314, 1, 20, 107, 3187 }, // U+0122
    { 14, 28, 270, 1, 23, 98, 3294 }, // U+0123
    { 16, 27, 329, 2, 27, 108, 3392 }, // U+0124
    { 14, 28, 267, 1, 28, 98, 3500 }, // U+0125
    { 21, 20, 341, 0, 20, 105, 3598 }, // U+0126
    { 15, 22, 267, 0, 22, 83, 3703 }, // U+0127
    { 10, 26, 126, -1, 26, 65, 3786 }, // U+0128
    { 11, 21, 118, -2, 21, 58, 3851 }, // U+0129
    { 10, 26, 126, -1, 26, 65, 3909 }, // U+012A
    { 9, 21, 118, -1, 21, 48, 3974 }, // U+012B
    { 8, 27, 126, 0, 27, 54, 4022 }, // U+012C
    { 9, 22, 118, -1, 22, 50, 4076 }, // U+012D
    { 6, 26, 126, 0, 20, 39, 4126 }, // U+012E
    { 6, 27, 118, 0, 21, 41, 4165 }, // U+012F
    { 4, 27, 126, 2, 27, 27, 4206 }, // U+0130
    { 4, 15, 118, 2, 15, 15, 4233 }, // U+0131
    { 19, 20, 358, 2, 20, 95, 4248 }, // U+0132
    { 12, 26, 238, 1, 21, 78, 4343 }, // U+0133
    { 15, 27, 233, 0, 27, 102, 4421 }, // U+0134
    { 10, 27, 118, -2, 22, 68, 4523 }, // U+0135
    { 17, 25, 294, 2, 20, 107, 4591 }, // U+0136
    { 13, 27, 244, 2, 22, 88, 4698 }, // U+0137
    { 14, 15, 251, 2, 15, 53, 4786 }, // U+0138
    { 13, 28, 242, 2, 28, 91, 4839 }, // U+0139
    { 7, 28, 127, 1, 28, 49, 4930 }, // U+013A
    { 13, 25, 242, 2, 20, 82, 4979 }, // U+013B
    { 7, 27, 127, 1, 22, 48, 5061 }, // U+013C
    { 13, 20, 242, 2, 20, 65, 5109 }, // U+013D
    { 8, 22, 133, 2, 22, 44, 5174 }, // U+013E
    { 13, 20, 242, 2, 20, 65, 5218 }, // U+013F
    { 9, 22, 172, 2, 22, 50, 5283 }, // U+0140
    { 17, 20, 251, -1, 20, 85, 5333 }, // U+0141
    { 9, 22, 134, 0, 22, 50, 5418 }, // U+0142
    { 17, 28, 340, 2, 28, 119, 5468 }, // U+0143
    { 13, 23, 268, 2, 23, 75, 5587 }, // U+0144
    { 17, 25, 340, 2, 20, 107, 5662 }, // U+0145
    { 13, 20, 268, 2, 15, 65, 5769 }, // U+0146
    { 17, 27, 340, 2, 27, 115, 5834 }, // U+0147
    { 13, 22, 268, 2, 22, 72, 5949 }, // U+0148
    { 15, 22, 268, 0, 22, 83, 6021 }, // U+0149
    { 17, 25, 340, 2, 20, 107, 6104 }, // U+014A
    { 13, 20, 268, 2, 15, 65, 6211 }, // U+014B
    { 20, 26, 363, 1, 26, 130, 6276 }, // U+014C
    { 15, 21, 275, 1, 21, 79, 6406 }, // U+014D
    { 20, 27, 363, 1, 27, 135, 6485 }, // U+014E
    { 15, 22, 275, 1, 22, 83, 6620 }, // U+014F
    { 20, 28, 363, 1, 28, 140, 6703 }, // U+0150
    { 15, 23, 275, 1, 23, 87, 6843 }, // U+0151
    { 27, 20, 463, 1, 20, 135, 6930 }, // U+0152
    { 25, 15, 442, 1, 15, 94, 7065 }, // U+0153
    { 16, 28, 294, 2, 28, 112, 7159 }, // U+0154
    { 9, 23, 180, 2, 23, 52, 7271 }, // U+0155
    { 16, 25, 294, 2, 20, 100, 7323 }, // U+0156
    { 11, 20, 180, 0, 15, 55, 7423 }, // U+0157
    { 16, 27, 294, 2, 27, 108, 7478 }, // U+0158
    { 9, 22, 180, 2, 22, 50, 7586 }, // U+0159
    { 15, 28, 248, 0, 28, 105, 7636 }, // U+015A
    { 11, 23, 208, 1, 23, 64, 7741 }, // U+015B
    { 15, 27, 248, 0, 27, 102, 7805 }, // U+015C
    { 11, 22, 208, 1, 22, 61, 7907 }, // U+015D
    { 15, 26, 248, 0, 20, 98, 7968 }, // U+015E
    { 11, 21, 208, 1, 15, 58, 8066 }, // U+015F
    { 15, 27, 248, 0, 27, 102, 8124 }, // U+0160
    { 11, 22, 208, 1, 22, 61, 8226 }, // U+0161
    { 16, 26, 264, 0, 20, 104, 8287 }, // U+0162
    { 10, 26, 188, 2, 20, 65, 8391 }, // U+0163
    { 16, 27, 264, 0, 27, 108, 8456 }, // U+0164
    { 10, 23, 188, 2, 23, 58, 8564 }, // U+0165
    { 16, 20, 264, 0, 20, 80, 8622 }, // U+0166
    { 10, 20, 188, 2, 20, 50, 8702 }, // U+0167
    { 16, 26, 321, 2, 26, 104, 8752 }, // U+0168
    { 13, 21, 268, 2, 21, 69, 8856 }, // U+0169
    { 16, 26, 321, 2, 26, 104, 8925 }, // U+016A
    { 13, 21, 268, 2, 21, 69, 9029 }, // U+016B
    { 16, 27, 321, 2, 27, 108, 9098 }, // U+016C
    { 13, 22, 268, 2, 22, 72, 9206 }, // U+016D
    { 16, 27, 321, 2, 27, 108, 9278 }, // U+016E
    { 13, 22, 268, 2, 22, 72, 9386 }, // U+016F
    { 16, 28, 321, 2, 28, 112, 9458 }, // U+0170
    { 13, 23, 268, 2, 23, 75, 9570 }, // U+0171
    { 16, 25, 321, 2, 20, 100, 9645 }, // U+0172
    { 13, 20, 268, 2, 15, 65, 9745 }, // U+0173
    { 27, 27, 434, 0, 27, 183, 9810 }, // U+0174
    { 23, 22, 363, 0, 22, 127, 9993 }, // U+0175
    { 18, 27, 279, 0, 27, 122, 10120 }, // U+0176
    { 14, 27, 232, 0, 22, 95, 10242 }, // U+0177
    { 18, 26, 279, 0, 26, 117, 10337 }, // U+0178
    { 16, 28, 267, 0, 28, 112, 10454 }, // U+0179
    { 12, 23, 220, 1, 23, 69, 10566 }, // U+017A
    { 16, 27, 267, 0, 27, 108, 10635 }, // U+017B
    { 12, 22, 220, 1, 22, 66, 10743 }, // U+017C
    { 16, 27, 267, 0, 27, 108, 10809 }, // U+017D
    { 12, 22, 220, 1, 22, 66, 10917 }, // U+017E
    { 10, 22, 127, 2, 22, 55, 10983 }, // U+017F
    { 20, 23, 363, 1, 23, 115, 0 }, // U+01A0
    { 16, 18, 275, 1, 18, 72, 115 }, // U+01A1
    { 20, 23, 331, 2, 23, 115, 187 }, // U+01AF
    { 16, 18, 279, 2, 18, 72, 302 }, // U+01B0
    { 35, 27, 602, 2, 27, 237, 374 }, // U+01C4
    { 32, 22, 555, 2, 22, 176, 611 }, // U+01C5
    { 29, 22, 497, 1, 22, 160, 787 }, // U+01C6
    { 26, 20, 475, 2, 20, 130, 947 }, // U+01C7
    { 19, 26, 362, 2, 21, 124, 1077 }, // U+01C8
    { 12, 27, 247, 2, 22, 81, 1201 }, // U+01C9
    { 32, 20, 573, 2, 20, 160, 1282 }, // U+01CA
    { 25, 26, 460, 2, 21, 163, 1442 }, // U+01CB
    { 21, 26, 388, 2, 21, 137, 1605 }, // U+01CC
    { 19, 27, 309, 0, 27, 129, 1742 }, // U+01CD
    { 12, 22, 244, 1, 22, 66, 1871 }, // U+01CE
    { 8, 27, 126, 0, 27, 54, 1937 }, // U+01CF
    { 9, 22, 118, -1, 22, 50, 1991 }, // U+01D0
    { 20, 27, 363, 1, 27, 135, 2041 }, // U+01D1
    { 15, 22, 275, 1, 22, 83, 2176 }, // U+01D2
    { 16, 27, 321, 2, 27, 108, 2259 }, // U+01D3
    { 13, 22, 268, 2, 22, 72, 2367 }, // U+01D4
    { 16, 28, 321, 2, 28, 112, 2439 }, // U+01D5
    { 13, 23, 268, 2, 23, 75, 2551 }, // U+01D6
    { 16, 28, 321, 2, 28, 112, 2626 }, // U+01D7
    { 13, 24, 268, 2, 24, 78, 2738 }, // U+01D8
    { 16, 28, 321, 2, 28, 112, 2816 }, // U+01D9
    { 13, 24, 268, 2, 24, 78, 2928 }, // U+01DA
    { 16, 28, 321, 2, 28, 112, 3006 }, // U+01DB
    { 13, 24, 268, 2, 24, 78, 3118 }, // U+01DC
    { 14, 15, 261, 1, 15, 53, 3196 }, // U+01DD
    { 19, 28, 309, 0, 28, 133, 3249 }, // U+01DE
    { 12, 23, 244, 1, 23, 69, 3382 }, // U+01DF
    { 19, 28, 309, 0, 28, 133, 3451 }, // U+01E0
    { 12, 23, 244, 1, 23, 69, 3584 }, // U+01E1
    { 27, 26, 436, 0, 26, 176, 3653 }, // U+01E2
    { 23, 21, 401, 1, 21, 121, 3829 }, // U+01E3
    { 19, 20, 328, 1, 20, 95, 3950 }, // U+01E4
    { 16, 20, 275, 1, 15, 80, 4045 }, // U+01E5
    { 17, 27, 314, 1, 27, 115, 4125 }, // U+01E6
    { 14, 27, 270, 1, 22, 95, 4240 }, // U+01E7
    { 17, 27, 294, 2, 27, 115, 4335 }, // U+01E8
    { 14, 28, 244, 1, 28, 98, 4450 }, // U+01E9
    { 20, 25, 363, 1, 20, 125, 4548 }, // U+01EA
    { 15, 20, 275, 1, 15, 75, 4673 }, // U+01EB
    { 20, 31, 363, 1, 26, 155, 4748 }, // U+01EC
    { 15, 26, 275, 1, 21, 98, 4903 }, // U+01ED
    { 15, 27, 265, 0, 27, 102, 5001 }, // U+01EE
    { 14, 27, 220, -1, 22, 95, 5103 }, // U+01EF
    { 10, 27, 118, -2, 22, 68, 5198 }, // U+01F0
    { 35, 20, 602, 2, 20, 175, 5266 }, // U+01F1
    { 32, 20, 555, 2, 20, 160, 5441 }, // U+01F2
    { 29, 22, 497, 1, 22, 160, 5601 }, // U+01F3
    { 17, 28, 314, 1, 28, 119, 5761 }, // U+01F4
    { 14, 28, 270, 1, 23, 98, 5880 }, // U+01F5
    { 27, 20, 493, 2, 20, 135, 5978 }, // U+01F6
    { 16, 25, 300, 2, 20, 100, 6113 }, // U+01F7
    { 17, 28, 340, 2, 28, 119, 6213 }, // U+01F8
    { 13, 23, 268, 2, 23, 75, 6332 }, // U+01F9
    { 19, 28, 309, 0, 28, 133, 6407 }, // U+01FA
    { 12, 27, 244, 1, 27, 81, 6540 }, // U+01FB
    { 27, 28, 436, 0, 28, 189, 6621 }, // U+01FC
    { 23, 23, 401, 1, 23, 133, 6810 }, // U+01FD
    { 20, 29, 363, 1, 28, 145, 6943 }, // U+01FE
    { 15, 24, 275, 1, 23, 90, 7088 }, // U+01FF
    { 19, 28, 309, 0, 28, 133, 7178 }, // U+0200
    { 12, 23, 244, 1, 23, 69, 7311 }, // U+0201
    { 19, 27, 309, 0, 27, 129, 7380 }, // U+0202
    { 12, 22, 244, 1, 22, 66, 7509 }, // U+0203
    { 14, 28, 267, 2, 28, 98, 7575 }, // U+0204
    { 14, 23, 261, 1, 23, 81, 7673 }, // U+0205
    { 14, 27, 267, 2, 27, 95, 7754 }, // U+0206
    { 14, 22, 261, 1, 22, 77, 7849 }, // U+0207
    { 11, 28, 126, -3, 28, 77, 7926 }, // U+0208
    { 11, 23, 118, -3, 23, 64, 8003 }, // U+0209
    { 8, 27, 126, 0, 27, 54, 8067 }, // U+020A
    { 9, 22, 118, -1, 22, 50, 8121 }, // U+020B
    { 20, 28, 363, 1, 28, 140, 8171 }, // U+020C
    { 15, 23, 275, 1, 23, 87, 8311 }, // U+020D
    { 20, 27, 363, 1, 27, 135, 8398 }, // U+020E
    { 15, 22, 275, 1, 22, 83, 8533 }, // U+020F
    { 16, 28, 294, 2, 28, 112, 8616 }, // U+0210
    { 11, 23, 180, 0, 23, 64, 8728 }, // U+0211
    { 16, 27, 294, 2, 27, 108, 8792 }, // U+0212
    { 9, 22, 180, 2, 22, 50, 8900 }, // U+0213
    { 16, 28, 321, 2, 28, 112, 8950 }, // U+0214
    { 13, 23, 268, 2, 23, 75, 9062 }, // U+0215
    { 16, 27, 321, 2, 27, 108, 9137 }, // U+0216
    { 13, 22, 268, 2, 22, 72, 9245 }, // U+0217
    { 15, 25, 248, 0, 20, 94, 9317 }, // U+0218
    { 11, 20, 208, 1, 15, 55, 9411 }, // U+0219
    { 16, 25, 264, 0, 20, 100, 9466 }, // U+021A
    { 10, 25, 188, 2, 20, 63, 9566 }, // U+021B
    { 14, 25, 250, 0, 20, 88, 9629 }, // U+021C
    { 12, 20, 204, 0, 15, 60, 9717 }, // U+021D
    { 16, 27, 329, 2, 27, 108, 9777 }, // U+021E
    { 14, 28, 267, 1, 28, 98, 9885 }, // U+021F
    { 9, 4, 175, 1, 22, 9, 0 }, // U+0311
    { 20, 27, 309, 0, 21, 135, 0 }, // U+1EA0
    { 13, 22, 244, 1, 16, 72, 135 }, // U+1EA1
    { 20, 27, 309, 0, 27, 135, 207 }, // U+1EA2
    { 13, 23, 244, 1, 22, 75, 342 }, // U+1EA3
    { 20, 31, 309, 0, 31, 155, 417 }, // U+1EA4
    { 16, 27, 244, 1, 26, 108, 572 }, // U+1EA5
    { 20, 31, 309, 0, 31, 155, 680 }, // U+1EA6
    { 13, 27, 244, 1, 26, 88, 835 }, // U+1EA7
    { 20, 31, 309, 0, 31, 155, 923 }, // U+1EA8
    { 14, 28, 244, 1, 27, 98, 1078 }, // U+1EA9
    { 20, 32, 309, 0, 32, 160, 1176 }, // U+1EAA
    { 13, 28, 244, 1, 27, 91, 1336 }, // U+1EAB
    { 20, 33, 309, 0, 27, 165, 1427 }, // U+1EAC
    { 13, 29, 244, 1, 23, 95, 1592 }, // U+1EAD
    { 20, 32, 309, 0, 32, 160, 1687 }, // U+1EAE
    { 13, 29, 244, 1, 28, 95, 1847 }, // U+1EAF
    { 20, 32, 309, 0, 32, 160, 1942 }, // U+1EB0
    { 13, 29, 244, 1, 28, 95, 2102 }, // U+1EB1
    { 20, 32, 309, 0, 32, 160, 2197 }, // U+1EB2
    { 13, 29, 244, 1, 28, 95, 2357 }, // U+1EB3
    { 20, 31, 309, 0, 31, 155, 2452 }, // U+1EB4
    { 13, 28, 244, 1, 27, 91, 2607 }, // U+1EB5
    { 20, 33, 309, 0, 27, 165, 2698 }, // U+1EB6
    { 13, 28, 244, 1, 22, 91, 2863 }, // U+1EB7
    { 14, 27, 267, 2, 21, 95, 2954 }, // U+1EB8
    { 14, 22, 261, 1, 16, 77, 3049 }, // U+1EB9
    { 14, 28, 267, 2, 28, 98, 3126 }, // U+1EBA
    { 14, 23, 261, 1, 22, 81, 3224 }, // U+1EBB
    { 14, 27, 267, 2, 27, 95, 3305 }, // U+1EBC
    { 14, 23, 261, 1, 22, 81, 3400 }, // U+1EBD
    { 15, 31, 267, 2, 31, 117, 3481 }, // U+1EBE
    { 16, 27, 261, 1, 26, 108, 3598 }, // U+1EBF
    { 14, 31, 267, 2, 31, 109, 3706 }, // U+1EC0
    { 14, 27, 261, 1, 26, 95, 3815 }, // U+1EC1
    { 14, 31, 267, 2, 31, 109, 3910 }, // U+1EC2
    { 15, 28, 261, 1, 27, 105, 4019 }, // U+1EC3
    { 14, 32, 267, 2, 32, 112, 4124 }, // U+1EC4
    { 14, 28, 261, 1, 27, 98, 4236 }, // U+1EC5
    { 14, 33, 267, 2, 27, 116, 4334 }, // U+1EC6
    { 14, 29, 261, 1, 23, 102, 4450 }, // U+1EC7
    { 6, 27, 126, 1, 27, 41, 4552 }, // U+1EC8
    { 6, 22, 118, 1, 22, 33, 4593 }, // U+1EC9
    { 4, 27, 126, 2, 21, 27, 4626 }, // U+1ECA
    { 5, 28, 118, 1, 22, 35, 4653 }, // U+1ECB
    { 20, 27, 363, 1, 21, 135, 4688 }, // U+1ECC
    { 15, 22, 275, 1, 16, 83, 4823 }, // U+1ECD
    { 20, 28, 363, 1, 27, 140, 4906 }, // U+1ECE
    { 15, 23, 275, 1, 22, 87, 5046 }, // U+1ECF
    { 20, 32, 363, 1, 31, 160, 5133 }, // U+1ED0
    { 16, 27, 275, 1, 26, 108, 5293 }, // U+1ED1
    { 20, 32, 363, 1, 31, 160, 5401 }, // U+1ED2
    { 15, 28, 275, 1, 27, 105, 5561 }, // U+1ED3
    { 20, 32, 363, 1, 31, 160, 5666 }, // U+1ED4
    { 15, 27, 275, 1, 26, 102, 5826 }, // U+1ED5
    { 20, 32, 363, 1, 31, 160, 5928 }, // U+1ED6
    { 15, 28, 275, 1, 27, 105, 6088 }, // U+1ED7
    { 20, 34, 363, 1, 28, 170, 6193 }, // U+1ED8
    { 15, 29, 275, 1, 23, 109, 6363 }, // U+1ED9
    { 21, 29, 363, 1, 28, 153, 6472 }, // U+1EDA
    { 16, 24, 275, 1, 23, 96, 6625 }, // U+1EDB
    { 21, 29, 363, 1, 28, 153, 6721 }, // U+1EDC
    { 16, 24, 275, 1, 23, 96, 6874 }, // U+1EDD
    { 21, 28, 363, 1, 27, 147, 6970 }, // U+1EDE
    { 16, 23, 275, 1, 22, 92, 7117 }, // U+1EDF
    { 21, 27, 363, 1, 26, 142, 7209 }, // U+1EE0
    { 16, 23, 275, 1, 22, 92, 7351 }, // U+1EE1
    { 21, 30, 363, 1, 24, 158, 7443 }, // U+1EE2
    { 16, 25, 275, 1, 19, 100, 7601 }, // U+1EE3
    { 16, 27, 321, 2, 21, 108, 7701 }, // U+1EE4
    { 13, 22, 268, 2, 16, 72, 7809 }, // U+1EE5
    { 16, 28, 321, 2, 27, 112, 7881 }, // U+1EE6
    { 13, 23, 268, 2, 22, 75, 7993 }, // U+1EE7
    { 20, 29, 331, 2, 28, 145, 8068 }, // U+1EE8
    { 17, 24, 279, 2, 23, 102, 8213 }, // U+1EE9
    { 20, 29, 331, 2, 28, 145, 8315 }, // U+1EEA
    { 17, 24, 279, 2, 23, 102, 8460 }, // U+1EEB
    { 20, 28, 331, 2, 27, 140, 8562 }, // U+1EEC
    { 17, 23, 279, 2, 22, 98, 8702 }, // U+1EED
    { 20, 27, 331, 2, 26, 135, 8800 }, // U+1EEE
    { 17, 23, 279, 2, 22, 98, 8935 }, // U+1EEF
    { 20, 30, 331, 2, 24, 150, 9033 }, // U+1EF0
    { 17, 25, 279, 2, 19, 107, 9183 }, // U+1EF1
    { 18, 28, 279, 0, 28, 126, 9290 }, // U+1EF2
    { 14, 29, 232, 0, 24, 102, 9416 }, // U+1EF3
    { 18, 27, 279, 0, 21, 122, 9518 }, // U+1EF4
    { 14, 22, 232, 0, 16, 77, 9640 }, // U+1EF5
    { 18, 27, 279, 0, 27, 122, 9717 }, // U+1EF6
    { 14, 28, 232, 0, 22, 98, 9839 }, // U+1EF7
    { 18, 27, 279, 0, 27, 122, 9937 }, // U+1EF8
    { 14, 28, 232, 0, 22, 98, 10059 }, // U+1EF9
    { 16, 2, 232, -1, 10, 8, 0 }, // U+2013
    { 30, 2, 465, -1, 10, 15, 8 }, // U+2014
    { 30, 2, 465, -1, 10, 15, 23 }, // U+2015
    { 5, 7, 110, 1, 22, 9, 38 }, // U+2018
    { 6, 7, 110, 0, 22, 11, 47 }, // U+2019
    { 6, 7, 110, 0, 3, 11, 58 }, // U+201A
    { 11, 7, 195, 1, 22, 20, 69 }, // U+201C
    { 11, 7, 195, 0, 22, 20, 89 }, // U+201D
    { 11, 7, 195, 0, 3, 20, 109 }, // U+201E
    { 12, 24, 222, 1, 20, 72, 129 }, // U+2020
    { 12, 24, 222, 1, 20, 72, 201 }, // U+2021
    { 8, 7, 168, 1, 14, 14, 273 }, // U+2022
    { 25, 4, 465, 2, 4, 25, 287 }, // U+2026
    { 34, 20, 573, 1, 20, 170, 312 }, // U+2030
    { 8, 13, 136, 0, 15, 26, 482 }, // U+2039
    { 7, 13, 136, 1, 15, 23, 508 }, // U+203A
    { 15, 20, 69, -5, 20, 75, 531 }, // U+2044
    { 10, 11, 168, 0, 20, 28, 0 }, // U+2070
    { 10, 11, 168, 0, 20, 28, 28 }, // U+2074
    { 9, 11, 168, 1, 20, 25, 56 }, // U+2075
    { 9, 11, 168, 1, 20, 25, 81 }, // U+2076
    { 9, 11, 168, 1, 20, 25, 106 }, // U+2077
    { 10, 11, 168, 0, 20, 28, 131 }, // U+2078
    { 10, 11, 168, 0, 20, 28, 159 }, // U+2079
    { 10, 11, 168, 0, 11, 28, 187 }, // U+2080
    { 6, 11, 168, 1, 11, 17, 215 }, // U+2081
    { 10, 11, 168, 0, 11, 28, 232 }, // U+2082
    { 9, 11, 168, 0, 11, 25, 260 }, // U+2083
    { 10, 11, 168, 0, 11, 28, 285 }, // U+2084
    { 9, 11, 168, 1, 11, 25, 313 }, // U+2085
    { 9, 11, 168, 1, 11, 25, 338 }, // U+2086
    { 9, 11, 168, 1, 11, 25, 363 }, // U+2087
    { 10, 11, 168, 0, 11, 28, 388 }, // U+2088
    { 10, 11, 168, 0, 11, 28, 416 }, // U+2089
    { 15, 20, 263, 1, 20, 75, 0 }, // U+20AC
    { 15, 20, 263, 1, 20, 75, 75 }, // U+20AE
    { 15, 20, 263, 1, 20, 75, 150 }, // U+20B4
    { 15, 20, 263, 1, 20, 75, 225 }, // U+20B9
    { 15, 22, 273, 1, 22, 83, 0 }, // U+2202
    { 19, 20, 304, 0, 20, 95, 83 }, // U+2206
    { 16, 23, 325, 2, 20, 92, 178 }, // U+220F
    { 15, 23, 240, 0, 20, 87, 270 }, // U+2211
    { 14, 2, 263, 1, 9, 7, 357 }, // U+2212
    { 15, 20, 69, -5, 20, 75, 364 }, // U+2215
    { 5, 4, 115, 1, 11, 5, 439 }, // U+2219
    { 17, 24, 263, 0, 23, 102, 444 }, // U+221A
    { 17, 9, 274, 0, 13, 39, 546 }, // U+221E
    { 11, 27, 172, 0, 22, 75, 585 }, // U+222B
    { 15, 10, 263, 1, 14, 38, 660 }, // U+2248
    { 14, 16, 263, 1, 16, 56, 698 }, // U+2260
    { 14, 17, 263, 1, 17, 60, 754 }, // U+2264
    { 14, 17, 263, 1, 17, 60, 814 }, // U+2265
    { 21, 22, 362, 2, 22, 116, 0 }, // U+FB00
    { 15, 22, 300, 2, 22, 83, 116 }, // U+FB01
    { 17, 22, 309, 2, 22, 94, 199 }, // U+FB02
    { 27, 22, 482, 2, 22, 149, 293 }, // U+FB03
    { 28, 22, 491, 2, 22, 154, 442 }, // U+FB04
};

static const EpdUnicodeInterval ubuntu_14_regularIntervals[] = {
    { 0x0, 0x0, 0x0 },
    { 0x8, 0x9, 0x1 },
    { 0xD, 0xD, 0x3 },
    { 0x1D, 0x1D, 0x4 },
    { 0x20, 0x7E, 0x5 },
    { 0xA0, 0x17F, 0x64 },
    { 0x1A0, 0x1A1, 0x144 },
    { 0x1AF, 0x1B0, 0x146 },
    { 0x1C4, 0x21F, 0x148 },
    { 0x311, 0x311, 0x1A4 },
    { 0x1EA0, 0x1EF9, 0x1A5 },
    { 0x2013, 0x2015, 0x1FF },
    { 0x2018, 0x201A, 0x202 },
    { 0x201C, 0x201E, 0x205 },
    { 0x2020, 0x2022, 0x208 },
    { 0x2026, 0x2026, 0x20B },
    { 0x2030, 0x2030, 0x20C },
    { 0x2039, 0x203A, 0x20D },
    { 0x2044, 0x2044, 0x20F },
    { 0x2070, 0x2070, 0x210 },
    { 0x2074, 0x2079, 0x211 },
    { 0x2080, 0x2089, 0x217 },
    { 0x20AC, 0x20AC, 0x221 },
    { 0x20AE, 0x20AE, 0x222 },
    { 0x20B4, 0x20B4, 0x223 },
    { 0x20B9, 0x20B9, 0x224 },
    { 0x2202, 0x2202, 0x225 },
    { 0x2206, 0x2206, 0x226 },
    { 0x220F, 0x220F, 0x227 },
    { 0x2211, 0x2212, 0x228 },
    { 0x2215, 0x2215, 0x22A },
    { 0x2219, 0x221A, 0x22B },
    { 0x221E, 0x221E, 0x22D },
    { 0x222B, 0x222B, 0x22E },
    { 0x2248, 0x2248, 0x22F },
    { 0x2260, 0x2260, 0x230 },
    { 0x2264, 0x2265, 0x231 },
    { 0xFB00, 0xFB04, 0x233 },
};

static const EpdFontGroup ubuntu_14_regularGroups[] = {
    { 0, 2601, 6615, 100, 0 },
    { 2601, 2256, 7852, 96, 100 },
    { 4857, 2768, 12173, 128, 196 },
    { 7625, 2708, 10647, 96, 324 },
    { 10333, 14, 12, 1, 420 },
    { 10347, 1726, 10975, 90, 421 },
    { 12073, 285, 643, 17, 511 },
    { 12358, 227, 550, 17, 528 },
    { 12585, 180, 320, 4, 545 },
    { 12765, 400, 954, 14, 549 },
    { 13165, 140, 638, 5, 563 },
};

static const uint16_t ubuntu_14_regularKernLeftCodepoints[] = {
    0x0022, 0x0023, 0x0027, 0x0028, 0x0029, 0x002A, 0x002C, 0x002D, 0x002E, 0x002F, 0x0030, 0x0031,
    0x0032, 0x0033, 0x0034, 0x0035, 0x0036, 0x0037, 0x0038, 0x0039, 0x003A, 0x003B, 0x0040, 0x0041,
    0x0042, 0x0043, 0x0044, 0x0045, 0x0046, 0x0047, 0x004A, 0x004B, 0x004C, 0x004D, 0x004F, 0x0050,
    0x0051, 0x0052, 0x0054, 0x0055, 0x0056, 0x0057, 0x0058, 0x0059, 0x005A, 0x005B, 0x005D, 0x0061,
    0x0062, 0x0063, 0x0066, 0x0068, 0x006A, 0x006B, 0x006D, 0x006E, 0x006F, 0x0070, 0x0071, 0x0072,
    0x0074, 0x0076, 0x0077, 0x0078, 0x007A, 0x007B, 0x007D, 0x00A1, 0x00A3, 0x00A5, 0x00AB, 0x00BB,
    0x00BF, 0x00C0, 0x00C1, 0x00C2, 0x00C3, 0x00C4, 0x00C5, 0x00C6, 0x00C7, 0x00C8, 0x00C9, 0x00CA,
    0x00CB, 0x00D0, 0x00D2, 0x00D3, 0x00D4, 0x00D5, 0x00D6, 0x00D8, 0x00D9, 0x00DA, 0x00DB, 0x00DC,
    0x00DD, 0x00DE, 0x00DF, 0x00E0, 0x00E1, 0x00E2, 0x00E3, 0x00E4, 0x00E5, 0x00E7, 0x00F0, 0x00F1,
    0x00F2, 0x00F3, 0x00F4, 0x00F5, 0x00F6, 0x00F8, 0x00FE, 0x0100, 0x0101, 0x0102, 0x0103, 0x0104,
    0x0105, 0x0106, 0x0107, 0x0108, 0x0109, 0x010A, 0x010B, 0x010C, 0x010D, 0x010E, 0x010F, 0x0110,
    0x0112, 0x0114, 0x0116, 0x0118, 0x011A, 0x011C, 0x011E, 0x0120, 0x0122, 0x0125, 0x0127, 0x0132,
    0x0133, 0x0134, 0x0135, 0x0136, 0x0137, 0x0138, 0x0139, 0x013B, 0x013D, 0x013E, 0x013F, 0x0141,
    0x0144, 0x0146, 0x0148, 0x0149, 0x014A, 0x014B, 0x014C, 0x014D, 0x014E, 0x014F, 0x0150, 0x0151,
    0x0152, 0x0154, 0x0155, 0x0156, 0x0157, 0x0158, 0x0159, 0x0162, 0x0163, 0x0164, 0x0165, 0x0166,
    0x0167, 0x0168, 0x016A, 0x016C, 0x016E, 0x0170, 0x0172, 0x0174, 0x0175, 0x0176, 0x0178, 0x0179,
    0x017A, 0x017B, 0x017C, 0x017D, 0x017E, 0x017F, 0x01C4, 0x01C5, 0x01C6, 0x01C7, 0x01C8, 0x01C9,
    0x01CA, 0x01CB, 0x01CC, 0x01CD, 0x01CE, 0x01D1, 0x01D2, 0x01D3, 0x01D5, 0x01D7, 0x01D9, 0x01DB,
    0x01DD, 0x01DE, 0x01DF, 0x01E0, 0x01E1, 0x01E2, 0x01E4, 0x01E6, 0x01E8, 0x01E9, 0x01EA, 0x01EB,
    0x01EC, 0x01ED, 0x01EE, 0x01F0, 0x01F1, 0x01F2, 0x01F3, 0x01F4, 0x01F7, 0x01F9, 0x01FA, 0x01FB,
    0x01FC, 0x01FE, 0x01FF, 0x0200, 0x0201, 0x0202, 0x0203, 0x0204, 0x0206, 0x020C, 0x020D, 0x020E,
    0x020F, 0x0210, 0x0211, 0x0212, 0x0213, 0x0214, 0x0216, 0x021A, 0x021B, 0x021C, 0x021F, 0x1EF2,
    0x2013, 0x2014, 0x2018, 0x201A, 0x201C, 0x201E, 0x2026, 0x2039, 0x203A, 0x20AC, 0xFB00,
};

static const uint8_t ubuntu_14_regularKernLeftClassIds[] = {
      1,   2,   1,   3,   4,   5,   6,   7,   6,   8,   9,  10,  11,  12,  13,  14,
     15,  16,  12,  17,  18,  18,  19,  20,  21,  22,  23,  24,  25,  26,  27,  28,
     29,  30,  31,  32,  33,  34,  35,  36,  37,  38,  39,  40,  41,  42,  43,  44,
     45,  46,  47,  48,  49,  50,  51,  51,  52,  53,  54,  55,  56,  57,  58,  59,
     60,  61,  62,  63,  64,  65,  66,  67,  68,  20,  20,  20,  20,  20,  20,  24,
     22,  24,  24,  24,  24,  23,  31,  31,  31,  31,  31,  31,  36,  36,  36,  36,
     40,  69,  70,  44,  44,  44,  44,  44,  44,  46,  71,  51,  52,  52,  52,  52,
     52,  52,  72,  20,  44,  20,  44,  20,  44,  22,  46,  22,  46,  22,  46,  22,
     46,  23,  73,  23,  24,  24,  24,  24,  24,  26,  26,  26,  26,  48,  48,  27,
     49,  27,  49,  28,  50,  50,  29,  29,  29,  73,  29,  29,  51,  51,  51,  51,
     74,  75,  31,  52,  31,  52,  31,  52,  24,  34,  55,  34,  55,  34,  55,  35,
     56,  35,  56,  35,  56,  36,  36,  36,  36,  36,  36,  38,  58,  40,  40,  41,
     60,  41,  60,  41,  60,  47,  41,  60,  60,  27,  49,  49,  27,  49,  49,  20,
     44,  31,  52,  36,  36,  36,  36,  36,  52,  20,  44,  20,  44,  24,  26,  26,
     28,  50,  31,  52,  31,  52,  76,  49,  41,  60,  60,  26,  77,  51,  20,  44,
     24,  31,  52,  20,  44,  20,  44,  24,  24,  31,  52,  31,  52,  34,  55,  34,
     55,  36,  36,  35,  56,  78,  48,  40,   7,   7,  79,  80,  79,  80,   6,  66,
     67,  81,  47,
};

static const uint16_t ubuntu_14_regularKernRightCodepoints[] = {
    0x0021, 0x0022, 0x0025, 0x0027, 0x0028, 0x0029, 0x002A, 0x002C, 0x002D, 0x002E, 0x002F, 0x0030,
    0x0031, 0x0032, 0x0033, 0x0034, 0x0035, 0x0036, 0x0037, 0x0038, 0x0039, 0x003A, 0x003B, 0x003F,
    0x0040, 0x0041, 0x0043, 0x0047, 0x004A, 0x004D, 0x004F, 0x0051, 0x0053, 0x0054, 0x0055, 0x0056,
    0x0057, 0x0058, 0x0059, 0x005A, 0x005B, 0x005C, 0x005D, 0x0061, 0x0062, 0x0063, 0x0064, 0x0065,
    0x0066, 0x0067, 0x0068, 0x0069, 0x006A, 0x006B, 0x006C, 0x006D, 0x006E, 0x006F, 0x0070, 0x0071,
    0x0072, 0x0073, 0x0074, 0x0075, 0x0076, 0x0077, 0x0078, 0x0079, 0x007A, 0x007B, 0x007D, 0x00A2,
    0x00AB, 0x00BB, 0x00C0, 0x00C1, 0x00C2, 0x00C3, 0x00C4, 0x00C5, 0x00C6, 0x00C7, 0x00D2, 0x00D3,
    0x00D4, 0x00D5, 0x00D6, 0x00D8, 0x00D9, 0x00DA, 0x00DB, 0x00DC, 0x00DD, 0x00DF, 0x00E0, 0x00E1,
    0x00E2, 0x00E3, 0x00E4, 0x00E5, 0x00E6, 0x00E7, 0x00E8, 0x00E9, 0x00EA, 0x00EB, 0x00EC, 0x00ED,
    0x00EE, 0x00EF, 0x00F0, 0x00F1, 0x00F2, 0x00F3, 0x00F4, 0x00F5, 0x00F6, 0x00F8, 0x00F9, 0x00FA,
    0x00FB, 0x00FC, 0x00FD, 0x00FE, 0x00FF, 0x0100, 0x0101, 0x0102, 0x0103, 0x0104, 0x0105, 0x0106,
    0x0107, 0x0108, 0x0109, 0x010A, 0x010B, 0x010C, 0x010D, 0x010F, 0x0111, 0x0113, 0x0115, 0x0117,
    0x0119, 0x011B, 0x011C, 0x011D, 0x011E, 0x011F, 0x0120, 0x0121, 0x0122, 0x0123, 0x0125, 0x0127,
    0x0129, 0x012B, 0x012D, 0x012F, 0x0131, 0x0133, 0x0134, 0x0135, 0x0137, 0x013A, 0x013C, 0x013E,
    0x0140, 0x0142, 0x0144, 0x0146, 0x0148, 0x0149, 0x014A, 0x014B, 0x014C, 0x014D, 0x014E, 0x014F,
    0x0150, 0x0151, 0x0152, 0x0153, 0x0155, 0x0157, 0x0159, 0x015A, 0x015B, 0x015C, 0x015D, 0x015E,
    0x015F, 0x0160, 0x0161, 0x0162, 0x0163, 0x0164, 0x0165, 0x0166, 0x0167, 0x0168, 0x0169, 0x016A,
    0x016B, 0x016C, 0x016D, 0x016E, 0x016F, 0x0170, 0x0171, 0x0172, 0x0173, 0x0174, 0x0175, 0x0176,
    0x0177, 0x0178, 0x0179, 0x017A, 0x017B, 0x017C, 0x017D, 0x017E, 0x017F, 0x01A0, 0x01A1, 0x01AF,
    0x01B0, 0x01C6, 0x01C9, 0x01CC, 0x01CD, 0x01CE, 0x01D0, 0x01D1, 0x01D2, 0x01D3, 0x01D4, 0x01D5,
    0x01D6, 0x01D7, 0x01D8, 0x01D9, 0x01DA, 0x01DB, 0x01DC, 0x01DD, 0x01DE, 0x01DF, 0x01E0, 0x01E1,
    0x01E2, 0x01E3, 0x01E4, 0x01E5, 0x01E6, 0x01E7, 0x01E9, 0x01EA, 0x01EB, 0x01EC, 0x01ED, 0x01EE,
    0x01EF, 0x01F0, 0x01F3, 0x01F4, 0x01F5, 0x01F7, 0x01F9, 0x01FA, 0x01FB, 0x01FC, 0x01FD, 0x01FE,
    0x01FF, 0x0200, 0x0201, 0x0202, 0x0203, 0x0205, 0x0207, 0x0209, 0x020B, 0x020C, 0x020D, 0x020E,
    0x020F, 0x0211, 0x0213, 0x0214, 0x0215, 0x0216, 0x0217, 0x0218, 0x0219, 0x021A, 0x021B, 0x021C,
    0x021D, 0x021F, 0x1EF2, 0x1EF3, 0x2013, 0x2014, 0x2018, 0x2019, 0x201A, 0x201C, 0x201D, 0x201E,
    0x2026, 0x2030, 0x2039, 0x203A, 0xFB00, 0xFB01, 0xFB02, 0xFB03, 0xFB04,
};

static const uint8_t ubuntu_14_regularKernRightClassIds[] = {
      1,   2,   3,   2,   4,   5,   6,   7,   8,   7,   9,  10,  11,  12,  13,  14,
     15,  16,  17,  18,  19,  20,  20,  21,  22,  23,  24,  25,  26,  27,  28,  29,
     30,  31,  32,  33,  34,  35,  36,  37,  38,  39,  40,  41,  42,  43,  44,  45,
     46,  47,  42,  48,  49,  42,  50,  51,  51,  52,  51,  53,  51,  54,  55,  56,
     57,  58,  59,  60,  61,  62,  63,  64,  65,  66,  23,  23,  23,  23,  23,  23,
     67,  24,  28,  28,  28,  28,  28,  28,  32,  32,  32,  32,  36,  68,  41,  41,
     41,  41,  41,  41,  41,  43,  45,  45,  45,  45,  69,  48,  70,  71,  72,  51,
     52,  52,  52,  52,  52,  52,  56,  56,  56,  56,  60,  68,  60,  23,  41,  23,
     41,  23,  41,  24,  43,  24,  43,  24,  43,  24,  43,  44,  44,  45,  45,  45,
     45,  45,  25,  47,  25,  47,  25,  47,  25,  47,  42,  42,  73,  74,  75,  48,
     48,  48,  26,  49,  42,  50,  50,  50,  50,  50,  51,  51,  51,  51,  76,  77,
     28,  52,  28,  52,  28,  52,  28,  52,  51,  51,  51,  30,  54,  30,  54,  30,
     54,  30,  54,  31,  55,  31,  55,  31,  55,  32,  56,  32,  56,  32,  56,  32,
     56,  32,  56,  32,  56,  34,  58,  36,  60,  36,  37,  61,  37,  61,  37,  61,
     46,  28,  52,  32,  56,  44,  50,  51,  23,  41,  48,  28,  52,  32,  56,  32,
     56,  32,  56,  32,  56,  32,  56,  78,  23,  41,  23,  41,  67,  41,  25,  47,
     25,  47,  42,  28,  52,  28,  52,  79,  80,  49,  44,  25,  47,  68,  51,  23,
     41,  67,  41,  28,  52,  23,  41,  23,  41,  45,  45,  48,  48,  28,  52,  28,
     52,  51,  51,  32,  56,  32,  56,  30,  54,  31,  55,  81,  82,  42,  36,  60,
      8,   8,  83,  84,  85,  83,  84,  85,   7,   3,  65,  66,  46,  46,  46,  46,
     46,
};

static const uint16_t ubuntu_14_regularKernRowOffsets[] = {
        0,    10,    11,    21,    35,    41,    56,    63,    76,    77,    79,    81,    82,    86,    89,    94,
      100,   102,   111,   126,   169,   186,   221,   248,   280,   315,   321,   333,   375,   416,   418,   445,
      471,   494,   518,   566,   581,   629,   668,   703,   750,   784,   800,   807,   817,   830,   842,   864,
      875,   876,   890,   901,   915,   929,   930,   945,   958,   976,   990,  1001,  1015,  1026,  1037,  1043,
     1051,  1052,  1055,  1065,  1080,  1103,  1116,  1120,  1134,  1165,  1167,  1174,  1181,  1202,  1206,  1216,
     1231,  1235,
};

static const uint8_t ubuntu_14_regularKernSparseCols[] = {
     22,  23,  24,  25,  27,  28,  32,  33,  36,  66,  12,   4,  23,  24,  27,  28,
     29,  30,  31,  32,  35,  22,  23,  24,  25,  27,  28,  29,  30,  32,  33,  34,
     35,  36,  66,  22,  23,  24,  25,  34,  66,  22,  23,  24,  25,  27,  28,  29,
     30,  31,  32,  33,  34,  35,  36,  66,  25,  30,  32,  34,  35,  36,  66,  22,
     23,  24,  25,  27,  28,  30,  32,  33,  34,  35,  36,  66,  63,   2,  63,  13,
     63,  63,   1,   2,  13,  18,   1,  18,  63,   1,   2,  10,  18,  63,  11,  12,
     13,  15,  16,  63,  12,  63,  23,  24,  27,  28,  30,  31,  32,  33,  35,  22,
     23,  24,  25,  27,  28,  29,  30,  31,  32,  33,  34,  35,  36,  66,   1,   3,
      5,   6,   8,  21,  22,  23,  24,  25,  27,  28,  29,  30,  31,  32,  33,  34,
     35,  36,  39,  42,  43,  44,  46,  51,  52,  53,  55,  56,  57,  58,  59,  60,
     61,  62,  64,  66,  71,  80,  82,  83,  84,   1,   3,   4,   5,   6,   8,  19,
     20,  32,  33,  34,  35,  39,  60,  62,  66,  80,   3,   6,   7,  20,  21,  22,
     23,  24,  25,  27,  28,  29,  30,  32,  34,  35,  36,  37,  42,  43,  44,  46,
     51,  52,  55,  56,  57,  58,  59,  61,  64,  66,  71,  83,  84,   0,   1,   3,
      4,   6,   8,  20,  21,  22,  25,  29,  30,  32,  33,  34,  35,  36,  37,  39,
     40,  62,  66,  78,  80,  82,  83,  84,   1,   3,   5,   6,  21,  22,  23,  24,
     25,  27,  28,  31,  37,  39,  42,  43,  44,  46,  51,  52,  54,  55,  56,  57,
     58,  59,  61,  62,  64,  66,  71,  82,   0,   3,   6,   8,  19,  20,  21,  22,
     23,  24,  25,  27,  28,  30,  32,  35,  37,  39,  40,  42,  43,  44,  46,  50,
     51,  52,  55,  58,  60,  65,  66,  71,  76,  77,  84,   4,   5,  39,  56,  59,
     62,   4,   6,   8,  22,  25,  36,  39,  60,  62,  66,  78,  84,   3,   5,   6,
      7,   8,  20,  21,  22,  23,  24,  25,  27,  28,  30,  32,  33,  34,  35,  36,
     39,  42,  43,  44,  46,  51,  52,  53,  55,  56,  57,  58,  59,  60,  61,  64,
     66,  70,  71,  72,  73,  77,  84,   1,   3,   5,   6,   7,   8,  22,  23,  24,
     25,  27,  28,  29,  30,  31,  32,  33,  34,  35,  36,  39,  42,  43,  44,  46,
     51,  52,  56,  57,  58,  59,  60,  61,  62,  64,  65,  66,  80,  82,  83,  84,
     32,  35,   0,   1,   3,   4,   6,   8,  20,  21,  22,  25,  29,  30,  32,  33,
     34,  35,  36,  37,  39,  40,  62,  66,  78,  80,  82,  83,  84,   0,   3,   4,
      6,   8,  22,  25,  34,  37,  39,  40,  42,  43,  44,  46,  51,  52,  56,  57,
     59,  62,  64,  66,  71,  83,  84,   0,   1,   3,   6,  20,  21,  22,  25,  29,
     30,  32,  33,  34,  35,  36,  37,  40,  48,  66,  78,  82,  83,  84,   3,   6,
      8,  20,  21,  22,  23,  24,  25,  27,  28,  32,  34,  35,  36,  39,  58,  60,
     61,  62,  64,  66,  71,  84,   3,   4,   6,   7,   8,  19,  20,  21,  22,  23,
     24,  25,  27,  28,  30,  32,  33,  34,  35,  39,  40,  42,  43,  44,  46,  50,
     51,  52,  53,  55,  56,  57,  58,  59,  60,  61,  64,  65,  66,  69,  70,  71,
     72,  73,  74,  76,  77,  84,   3,   6,   8,  19,  22,  25,  36,  39,  40,  60,
     61,  62,  66,  78,  84,   1,   3,   4,   6,   7,   8,  19,  20,  21,  22,  23,
     24,  25,  26,  27,  28,  30,  32,  33,  34,  35,  39,  40,  42,  43,  44,  46,
     50,  51,  52,  53,  55,  60,  61,  64,  65,  66,  68,  70,  71,  72,  73,  74,
     76,  77,  82,  83,  84,   1,   3,   6,   8,  19,  20,  21,  22,  23,  24,  25,
     27,  28,  30,  32,  33,  34,  35,  39,  40,  42,  43,  44,  46,  50,  51,  52,
     53,  55,  61,  64,  66,  70,  71,  72,  76,  82,  83,  84,   3,   5,   6,   7,
      8,  21,  22,  23,  24,  25,  27,  28,  30,  32,  34,  35,  36,  39,  42,  43,
     44,  46,  51,  52,  55,  56,  57,  58,  59,  61,  64,  66,  71,  77,  84,   3,
      4,   6,   7,   8,  19,  20,  21,  22,  23,  24,  25,  26,  27,  28,  30,  32,
     33,  34,  35,  36,  39,  40,  42,  43,  44,  46,  50,  51,  52,  53,  55,  58,
     60,  61,  64,  65,  66,  70,  71,  72,  73,  76,  77,  82,  83,  84,   3,   6,
      7,  21,  22,  23,  24,  25,  27,  28,  31,  32,  35,  37,  39,  42,  43,  44,
     46,  51,  52,  54,  55,  56,  57,  58,  59,  61,  62,  64,  66,  70,  71,  72,
     22,  23,  24,  25,  27,  28,  29,  30,  31,  32,  33,  34,  35,  36,  39,  66,
     23,  24,  27,  28,  33,  34,  36,   1,   4,   5,  20,  39,  56,  57,  59,  62,
     83,   1,   4,   8,  20,  39,  56,  57,  58,  59,  60,  62,  82,  83,   6,   7,
     39,  43,  46,  51,  56,  57,  58,  59,  61,  64,   4,   5,   6,   7,   8,  20,
     39,  56,  57,  58,  59,  62,  64,  65,  68,  70,  71,  72,  73,  74,  83,  84,
      1,   4,   5,  20,  39,  56,  57,  59,  62,  82,  83,  48,   7,   8,  21,  39,
     42,  43,  44,  46,  51,  52,  58,  61,  64,  71,   1,   4,   5,  20,  39,  56,
     57,  59,  62,  82,  83,   1,   4,   5,   8,  20,  39,  56,  57,  58,  59,  60,
     62,  82,  83,   1,   4,   5,   8,  20,  39,  56,  57,  58,  59,  60,  62,  82,
     83,  48,   5,   6,   7,   8,  20,  39,  52,  56,  57,  58,  59,  64,  71,  83,
     84,   6,   7,  39,  42,  43,  44,  46,  51,  52,  58,  61,  64,  71,   5,   6,
      8,  20,  39,  42,  43,  44,  46,  51,  52,  56,  57,  58,  59,  71,  83,  84,
      5,   6,   8,  20,  39,  42,  51,  56,  57,  58,  59,  71,  83,  84,  39,  42,
     43,  44,  46,  51,  52,  58,  61,  64,  71,  39,  42,  43,  44,  45,  46,  51,
     52,  54,  55,  61,  62,  64,  71,  22,  23,  24,  25,  27,  28,  29,  31,  36,
     62,  66,  22,  25,  29,  30,  31,  32,  33,  34,  35,  36,  66,  30,  31,  32,
     33,  35,  36,   9,  10,  12,  13,  14,  15,  17,  18,  16,  30,  32,  35,  22,
     25,  29,  30,  32,  33,  34,  35,  36,  66,  22,  23,  24,  25,  27,  28,  29,
     30,  31,  32,  33,  34,  35,  36,  66,   0,   1,   4,   6,   8,  20,  22,  25,
     30,  32,  34,  35,  36,  37,  39,  40,  62,  66,  78,  80,  82,  83,  84,   1,
      4,   5,  20,  39,  56,  57,  59,  62,  79,  81,  82,  83,   8,  20,  39,  62,
      1,   4,   5,   8,  20,  39,  56,  57,  58,  59,  60,  62,  82,  83,   1,   4,
      6,   7,  19,  20,  38,  39,  40,  41,  42,  43,  44,  46,  47,  48,  49,  50,
     51,  52,  53,  54,  55,  62,  68,  69,  70,  72,  73,  74,  83,  48,  60,   1,
      5,  20,  56,  57,  82,  83,  48,  56,  57,  58,  59,  79,  81,  22,  25,  34,
     35,  36,  40,  41,  45,  47,  48,  50,  66,  67,  68,  69,  70,  72,  73,  74,
     75,  78,  32,  35,  75,  80,  22,  23,  24,  25,  27,  28,  32,  33,  35,  66,
     22,  23,  24,  25,  27,  28,  29,  30,  31,  32,  33,  34,  35,  36,  66,  11,
     12,  14,  16,
};

static const int8_t ubuntu_14_regularKernSparseValues[] = {
     -37,  -12,  -12,  -57,  -12,  -12,    6,    5,   -6,  -63,   -7,   37,  -14,  -14,  -14,  -14,
      -8,    5,   -5,    7,    8,   -9,   -6,   -6,   -6,   -6,   -6,   -6,  -13,  -16,   -8,  -13,
     -20,  -10,   -9,  -30,   -5,   -5,  -57,  -12,  -45,   12,  -14,  -14,   13,  -15,  -15,    7,
     -33,  -11,  -36,  -19,    5,  -37,    9,    9,  -13,  -23,   -6,  -14,  -23,   -7,   -7,  -23,
     -13,  -13,  -33,  -12,  -12,   14,   15,   10,    9,   16,    4,  -36,   -6,   -6,   -9,   -7,
     -18,   -8,   -6,  -10,    6,   -7,   -7,   -7,   -7,  -12,  -10,  -10,  -10,   -7,    9,    6,
     -24,  -14,   12,  -29,   -8,   -8,   -5,   -5,   -5,   -5,  -40,   -6,  -10,   -6,  -19,  -12,
      -5,   -5,  -12,   -5,   -5,   -8,  -21,   -6,  -17,  -11,  -18,  -25,  -16,  -18,  -36,   -9,
     -29,   12,    8,   -7,   15,   -9,   -9,   14,   -9,   -9,    7,  -30,   -5,  -29,   -8,   12,
     -37,    9,  -13,   -6,   -6,   -6,   -7,   -6,   -6,    6,   -7,  -10,   -9,   12,   -7,    7,
      -9,   -5,   -9,   16,   -6,  -24,  -33,  -32,   12,   -5,   -5,  -12,   -5,   -5,  -10,   -5,
      -9,   -9,   -6,  -10,  -12,  -16,   -6,  -10,   -6,   -7,  -11,   10,  -14,    7,   -8,   10,
      -9,   -9,   11,   -9,   -9,    5,    8,    8,    6,    8,    5,   -5,   -7,   -7,   -7,   -7,
      -7,   -7,   -9,   -7,   -8,    7,   -7,  -13,  -21,   10,   -7,    6,    8,   -7,  -12,   -6,
     -15,  -15,  -20,  -18,   -5,   -9,  -12,   -5,  -13,   -8,   -8,  -11,  -19,   -7,   -5,  -20,
      -7,  -14,  -20,  -14,  -14,   -9,   -6,  -16,   -7,  -10,   -6,    5,   -7,    8,  -13,  -13,
       8,  -13,  -13,  -10,   -8,  -20,   -7,   -8,   -7,  -11,   -8,   -7,   -7,   -9,  -12,  -12,
       4,  -12,   -9,  -10,  -11,    8,   -7,   -6,   -5,  -11,  -30,  -28,   -8,    6,   -8,  -21,
      -6,   -6,  -37,   -6,   -6,    7,    8,    9,   -7,  -19,  -24,   -7,   -7,   -7,   -7,  -13,
      -7,   -7,  -12,  -17,  -12,  -10,  -35,   -7,  -12,   -8,  -48,   -5,  -12,   -5,   -8,   -8,
      -5,   -5,   -5,  -17,   -5,   -7,   -8,  -16,   -8,   -9,  -12,   -7,   -6,   -8,  -15,    7,
     -22,    8,    5,   -9,   16,  -16,  -16,   13,  -16,  -16,    8,    9,    5,   12,   10,   10,
     -12,  -10,  -10,  -10,  -10,  -10,  -10,    7,   -6,   -7,  -22,   13,   -5,    7,   -9,  -28,
      16,   10,  -12,    5,    5,   -6,    7,  -59,   -5,  -65,   11,  -32,    6,   13,  -21,  -21,
      13,  -21,  -21,    7,  -54,   -8,  -47,  -21,    9,  -54,    7,  -15,   -6,   -6,   -6,   -6,
      -6,   -6,  -19,  -17,   10,   -9,    5,  -11,   -7,  -18,    5,   14,  -39,  -56,  -55,    7,
      -3,   -4,   -7,  -11,   -6,  -13,  -15,  -20,  -16,   -5,   -9,  -12,   -5,  -13,   -8,   -7,
     -11,  -19,   -7,   -5,  -20,   -6,  -14,  -19,  -13,  -12,   -7,   -5,  -14,   -5,   -6,  -11,
     -42,  -29,  -23,  -44,   -8,   -7,  -19,   -9,  -10,  -10,  -15,  -10,  -10,   -5,    5,    4,
       5,  -11,   -8,  -39,   -7,    5,  -54,   -7,  -11,   -6,  -15,  -16,   -5,   -9,  -12,   -5,
     -13,   -8,   -7,  -11,  -19,   -7,   -5,   -7,    7,  -19,  -13,   -7,   -5,   -9,   -6,    7,
       6,   -6,   -7,   13,   -5,   -5,   10,   -5,   -5,   -5,    9,   -9,    7,  -15,   10,    4,
      -8,   -7,   -9,   14,   -7,    7,  -13,    6,  -35,  -23,  -40,  -39,   10,  -24,  -30,  -13,
     -13,  -42,  -13,  -13,   11,   13,    8,    7,   14,  -15,  -21,  -26,  -26,  -26,  -26,  -19,
     -26,  -26,  -21,  -16,  -10,  -38,   -8,  -10,  -14,  -11,  -40,  -35,  -34,   10,   14,  -37,
      24,   10,    5,  -34,  -31,  -31,   -5,   -5,  -19,   -5,   -5,   -7,   -7,  -17,   -7,   -8,
      -5,  -10,  -16,   -7,  -10,    7,  -15,    7,  -35,   -5,  -31,   -9,   11,  -18,  -29,   -8,
      -8,  -44,   -3,   -8,   -8,   13,   14,   10,    9,   15,  -13,  -12,  -21,  -21,  -21,  -21,
     -14,  -21,  -21,   -7,  -11,   -1,  -11,  -20,   -5,  -38,    5,   15,  -24,   19,   14,    5,
     -12,  -11,    9,   11,  -35,    6,   -7,  -17,  -22,   -5,    7,   -9,   -8,   -7,   -7,  -28,
      -7,   -7,    9,   10,    6,    5,   11,  -17,  -14,  -10,  -10,  -10,  -12,  -10,  -10,  -10,
      -8,   -9,   -8,   -9,  -23,    8,  -12,    5,   -7,    8,   12,  -18,  -12,  -12,    6,  -13,
       5,  -12,   13,  -11,  -11,    9,  -11,  -11,    6,    8,    8,    9,    6,  -16,   -8,   -8,
      -8,   -8,   -8,   -8,   -5,   -5,  -17,    9,   -3,  -12,  -22,   13,  -14,   -8,    5,  -20,
       8,  -30,  -23,  -38,  -18,   12,  -27,  -37,  -19,  -19,  -54,   -4,  -19,  -19,   14,   15,
      11,   10,   16,    5,  -12,  -19,  -23,  -23,  -23,  -23,  -19,  -23,  -23,   -9,  -16,   -7,
     -13,  -10,  -35,  -15,  -37,   19,  -36,   19,   15,  -20,  -18,    5,    8,  -36,  -10,    5,
     -28,   -7,    8,  -17,  -17,    8,  -17,  -17,   -7,    5,    6,   -8,  -20,   -7,   -8,   -7,
     -11,   -8,   -7,   -6,   -9,  -11,  -11,    4,  -11,  -16,   -7,  -23,    8,    5,   -7,    6,
     -13,  -20,  -20,  -13,  -20,  -20,  -12,  -15,  -18,  -14,  -17,  -17,  -13,  -19,   37,  -13,
      -5,   -5,   -5,   -5,   -5,   -5,   -7,  -13,  -11,   -9,  -13,  -14,   -7,   -6,   -7,  -10,
     -11,  -17,  -13,  -10,  -13,  -14,   -6,   -6,   -8,   -6,   -9,  -10,  -15,  -15,    5,  -15,
     -13,   -6,   -7,   -6,    5,    5,    7,    5,  -10,  -14,   18,    5,  -24,  -16,  -20,   11,
      18,    9,    8,    7,    9,   18,   -9,    4,   14,   19,   -8,   19,   14,   19,    9,  -25,
     -17,  -11,  -10,  -13,  -14,   -7,   -6,   -8,  -10,  -14,  -14,    4,  -13,    5,   -9,  -12,
     -12,  -12,  -12,  -14,  -14,  -12,    9,   -9,  -16,  -13,  -14,  -12,  -10,  -13,  -14,   -7,
      -7,   -8,  -10,  -10,  -12,  -15,  -13,   -9,  -11,  -14,  -14,   -7,   -6,   -8,   -7,   -9,
     -10,  -10,  -13,  -15,  -13,   -9,  -10,  -13,  -14,   -7,   -6,   -8,   -7,   -8,  -10,  -10,
     -13,   14,    6,  -26,  -15,  -21,  -20,  -11,   -6,   10,    9,    7,   10,  -10,   -9,    7,
     -24,    5,  -18,  -13,   -6,   -7,   -5,   -5,   -7,   -6,    8,  -10,  -13,   -6,    4,  -16,
     -15,  -18,  -12,   -7,   -7,   -7,   -6,   -7,   -7,    8,    8,    7,    8,   -8,    6,  -17,
       4,  -15,  -13,  -16,  -12,   -6,   -6,    8,    8,    7,    8,   -7,    6,  -14,  -13,  -10,
     -10,  -10,  -10,  -10,  -10,    8,  -10,  -14,  -11,  -16,   -9,   -9,   -9,   -6,  -10,   -9,
      -8,   -6,   -6,  -13,  -10,  -15,   -8,   -6,  -12,  -14,   -6,  -14,  -14,  -10,  -11,   -8,
      37,   -5,  -10,  -10,   -8,  -12,   -5,  -12,   -9,  -14,  -11,  -16,   -9,  -39,   -5,  -14,
     -10,  -22,   -5,  -13,  -16,    7,  -16,    7,  -19,  -11,   -5,   12,  -36,   -6,  -15,   -9,
     -20,  -10,  -40,  -21,  -10,  -24,  -36,  -20,  -21,  -21,  -17,  -17,  -29,  -17,  -17,  -14,
     -52,  -21,  -22,  -18,  -32,  -31,  -32,  -33,   -7,  -15,  -18,  -28,  -19,  -16,  -13,  -26,
     -21,  -10,  -20,  -20,  -22,   -7,  -20,   -7,  -13,  -23,  -19,  -11,  -12,   -7,  -27,  -19,
     -13,  -15,   -9,  -10,  -13,  -12,  -13,  -10,  -16,  -10,  -14,  -14,  -10,    7,    6,    6,
     -19,  -13,   -9,  -10,  -13,  -14,   -7,   -6,   -8,   -7,   -8,  -10,  -17,  -17,    8,   28,
      -5,   -5,   -5,   21,   42,   33,   -5,    7,   -5,   -5,   -5,   -5,    4,    4,    7,   -5,
      -5,   -5,   -5,    5,   -5,   33,   33,   44,   51,   51,   51,   40,    9,    9,   -6,  -20,
      -9,  -11,   -7,   -6,  -16,  -16,   -7,  -11,   -9,   -7,  -11,  -15,  -11,  -16,  -29,  -14,
      -7,   -7,  -10,   -6,   -6,   -6,   -6,   -6,  -27,   -6,   -6,   -6,   -6,   -6,   -6,   -6,
      -6,   -8,   -7,  -10,   -6,   -7,  -35,  -10,  -10,  -54,  -10,  -10,    9,    8,    6,  -62,
      12,  -12,  -12,   13,  -13,  -14,    7,  -31,   -9,  -35,  -16,    6,  -36,   10,   10,    7,
      10,   10,    8,
};

static const EpdLigaturePair ubuntu_14_regularLigaturePairs[] = {
    { 0x00660066, 0xFB00 }, // f f -> U+FB00
    { 0x00660069, 0xFB01 }, // f i -> U+FB01
    { 0x0066006C, 0xFB02 }, // f l -> U+FB02
    { 0xFB000069, 0xFB03 }, // U+FB00 i -> U+FB03
    { 0xFB00006C, 0xFB04 }, // U+FB00 l -> U+FB04
};

static const EpdFontData ubuntu_14_regular = {
    ubuntu_14_regularBitmaps,
    ubuntu_14_regularGlyphs,
    ubuntu_14_regularIntervals,
    38,
    34,
    28,
    -6,
    true,
    ubuntu_14_regularGroups,
    11,
    nullptr,
    nullptr,  // kernLeftClasses: built-in fonts use the split arrays below
    nullptr,  // kernRightClasses
    ubuntu_14_regularKernLeftCodepoints,
    ubuntu_14_regularKernLeftClassIds,
    ubuntu_14_regularKernRightCodepoints,
    ubuntu_14_regularKernRightClassIds,
    nullptr,  // kernMatrix: built-in fonts use the sparse form below
    ubuntu_14_regularKernRowOffsets,
    ubuntu_14_regularKernSparseCols,
    ubuntu_14_regularKernSparseValues,
    275,
    321,
    81,
    85,
    ubuntu_14_regularLigaturePairs,
    5,
};
