/**
 * generated by fontconvert.py
 * name: ubuntu_12_bold
 * size: 12
 * mode: 2-bit  compressed: true
 * Command used: fontconvert.py ubuntu_12_bold 12 ../builtinFonts/source/Ubuntu/Ubuntu-Bold.ttf ../builtinFonts/source/Ubuntu/Ubuntu-Vietnamese-Bold.ttf --2bit --compress --pnum --zopfli
 */
#pragma once
#include "EpdFontData.h"

static const uint8_t ubuntu_12_boldBitmaps[12093] = {
    0x9D, 0x98, 0x31, 0xAC, 0xDE, 0xB6, 0x11, 0xC7, 0xFF, 0x92, 0x02, 0xAB, 0x88, 0x52, 0x30, 0x43,
    0x86, 0x00, 0x6E, 0xAB, 0xA5, 0x43, 0x80, 0xA0, 0x65, 0x86, 0x0E, 0x5D, 0x12, 0xB2, 0xCD, 0xE8,
    0xA1, 0x9D, 0xBA, 0x76, 0x9F, 0xB2, 0x2F, 0xA6, 0x92, 0x0C, 0x19, 0x3A, 0x38, 0xFB, 0xE4, 0x7D,
    0xF1, 0x0E, 0xC4, 0x8F, 0x8C, 0x97, 0x0E, 0x19, 0xAA, 0x22, 0x63, 0x07, 0x0B, 0x8D, 0x77, 0x08,
    0xA8, 0xDA, 0xEA, 0xD5, 0x94, 0xFE, 0xBD, 0x93, 0xF4, 0xF9, 0x7B, 0x0F, 0xF6, 0x7B, 0x71, 0xF2,
    0x91, 0xBF, 0x7B, 0x22, 0xEF, 0x74, 0x3C, 0x92, 0x47, 0x81, 0x76, 0xE8, 0xAE, 0x14, 0x1F, 0xBC,
    0xF3, 0x0E, 0x0E, 0xC0, 0xAF, 0x11, 0xBB, 0x98, 0x62, 0x67, 0xC1, 0xB6, 0x8F, 0x7B, 0x35, 0xE9,
    0xC2, 0xA4, 0xFB, 0x26, 0x7D, 0x68, 0x12, 0x42, 0x3D, 0xE2, 0x42, 0x58, 0x9A, 0x01, 0x8B, 0xE9,
    0x23, 0x99, 0x4F, 0x54, 0x93, 0xED, 0xAA, 0xC9, 0xF9, 0x6A, 0x74, 0xB8, 0xDA, 0x6F, 0xFA, 0x05,
    0x26, 0x2D, 0x68, 0x53, 0x86, 0xFD, 0x34, 0x03, 0x6D, 0x77, 0x26, 0x5E, 0xA2, 0x26, 0x61, 0x84,
    0x76, 0xB8, 0x03, 0x9B, 0x00, 0x3B, 0x88, 0x6A, 0xF5, 0xD2, 0x37, 0x6F, 0x3A, 0x04, 0x76, 0x28,
    0x98, 0x00, 0xB7, 0xF1, 0x0B, 0x84, 0x64, 0x49, 0xEF, 0xB8, 0xE2, 0x0E, 0x9F, 0x5D, 0xF3, 0x57,
    0xAE, 0x68, 0x46, 0x18, 0xA6, 0x36, 0xC1, 0xDD, 0xEB, 0x5D, 0x07, 0x57, 0x0D, 0x01, 0xF8, 0xA8,
    0x1A, 0x16, 0xC8, 0xF3, 0x3F, 0x33, 0xA4, 0xFF, 0xDB, 0x09, 0x30, 0xFC, 0x66, 0x84, 0xD8, 0xB7,
    0x4F, 0x56, 0x00, 0xEE, 0x81, 0xFA, 0x0F, 0xED, 0x17, 0x03, 0xB0, 0xD8, 0x6A, 0x44, 0x99, 0x9D,
    0x48, 0x99, 0x92, 0xC8, 0x66, 0xD0, 0xFE, 0x36, 0x89, 0x5B, 0xB8, 0x4E, 0x86, 0x80, 0x95, 0x51,
    0x0B, 0xCA, 0x43, 0x45, 0x02, 0x3A, 0x69, 0x54, 0xA3, 0x8A, 0x39, 0xAA, 0x62, 0x51, 0x31, 0x01,
    0x35, 0x87, 0xFB, 0x68, 0x9F, 0xCF, 0x01, 0xEE, 0xC9, 0x7A, 0x01, 0xE7, 0x63, 0x16, 0x07, 0x56,
    0x44, 0xDF, 0xCE, 0xB0, 0xE4, 0x82, 0x86, 0xA4, 0x2F, 0xE2, 0x33, 0x97, 0x18, 0x63, 0xBC, 0xB8,
    0xFF, 0x21, 0x3E, 0xC0, 0x52, 0x2E, 0xD5, 0xDC, 0x8C, 0x66, 0x6C, 0x7B, 0x9B, 0x5C, 0x72, 0x9D,
    0x14, 0xAF, 0x65, 0x7B, 0x4A, 0x36, 0xB5, 0xBD, 0x19, 0x9B, 0xB1, 0x9A, 0xCB, 0x05, 0x0B, 0x3E,
    0x78, 0x0B, 0x11, 0xB2, 0x81, 0x47, 0x6F, 0x3D, 0x57, 0xB9, 0xCA, 0xE5, 0x8B, 0xA2, 0xAD, 0xFA,
    0xF0, 0xE6, 0x52, 0xF0, 0x11, 0x6F, 0xA1, 0xC8, 0x40, 0xC6, 0x6F, 0xE6, 0x87, 0xF7, 0x9F, 0x8F,
    0xE4, 0xF4, 0xA7, 0xF5, 0x8F, 0x35, 0x61, 0x9F, 0xA6, 0xF6, 0x41, 0xAA, 0xEE, 0x00, 0xF1, 0x5C,
    0x79, 0xFA, 0x5D, 0xED, 0xB4, 0xBD, 0x94, 0xB4, 0x85, 0xE6, 0x83, 0x64, 0x4C, 0xA0, 0x96, 0xD6,
    0x4B, 0x5B, 0x86, 0x68, 0x3D, 0x10, 0x84, 0x08, 0x60, 0x05, 0x8A, 0x05, 0x28, 0x33, 0x50, 0xCD,
    0x40, 0x3D, 0x41, 0xB7, 0x07, 0x46, 0x77, 0xB8, 0x3F, 0xF6, 0xB3, 0xDB, 0xCD, 0x79, 0x36, 0xAF,
    0xAE, 0x98, 0x9B, 0x1B, 0xCC, 0x11, 0x3B, 0xD4, 0x9C, 0xD0, 0x32, 0xC3, 0xFD, 0x7D, 0x45, 0xE8,
    0xE2, 0xB6, 0x0C, 0x0A, 0xC5, 0xEA, 0xC4, 0xA9, 0x4F, 0xF5, 0x6A, 0xA7, 0xF6, 0x0D, 0x27, 0x14,
    0x51, 0x13, 0x26, 0x21, 0xA6, 0xBB, 0x4C, 0x4E, 0x6A, 0x4C, 0xEF, 0xDA, 0x84, 0xEF, 0xAB, 0x45,
    0x1C, 0x60, 0x74, 0x48, 0x12, 0x6D, 0x47, 0xFF, 0xC6, 0x3E, 0x55, 0x81, 0x40, 0xB5, 0x00, 0x66,
    0x06, 0xDC, 0x08, 0xB0, 0x43, 0xB5, 0x02, 0xCD, 0xBC, 0x4F, 0xC1, 0x92, 0xE9, 0xC4, 0x1D, 0xD1,
    0x39, 0x4E, 0x42, 0xC6, 0xCF, 0x35, 0x9B, 0x20, 0x94, 0x0B, 0x4A, 0x66, 0x61, 0x14, 0x32, 0x44,
    0x00, 0x88, 0xC0, 0xE1, 0xFF, 0x97, 0xD2, 0xD6, 0x7C, 0x0F, 0x9C, 0x71, 0x97, 0x1D, 0xF6, 0xF1,
    0x04, 0x23, 0x58, 0x21, 0x12, 0xC5, 0x42, 0x54, 0x33, 0xD1, 0x8C, 0x84, 0x49, 0xC7, 0x02, 0x90,
    0x43, 0x38, 0x00, 0x88, 0xAB, 0xD4, 0x14, 0xDB, 0x13, 0x03, 0x36, 0x4C, 0x2F, 0xEC, 0x67, 0x4F,
    0x58, 0x21, 0x46, 0xD0, 0xF1, 0x4F, 0x0B, 0xFF, 0x4E, 0xB1, 0xC5, 0x21, 0x68, 0x1C, 0x5F, 0x02,
    0x77, 0x32, 0x10, 0xB2, 0xC6, 0xBC, 0xBD, 0x67, 0x87, 0xC3, 0x92, 0x3D, 0x22, 0x33, 0xC8, 0x15,
    0x2C, 0x08, 0x22, 0x78, 0x25, 0x8A, 0xAF, 0xF0, 0xB5, 0xFA, 0x58, 0xB6, 0x31, 0x0A, 0x76, 0x08,
    0x64, 0x3A, 0xE8, 0x5E, 0xAC, 0x63, 0x9D, 0xF7, 0x85, 0x6B, 0x07, 0xC0, 0x1E, 0x47, 0xFF, 0x7A,
    0x56, 0x9D, 0x33, 0x4B, 0x50, 0x3F, 0x86, 0xD3, 0xE6, 0x37, 0x7C, 0xBA, 0x22, 0x82, 0xC2, 0x8A,
    0xF0, 0xF5, 0x02, 0xF7, 0x5C, 0xE7, 0x32, 0x6E, 0x5B, 0x1F, 0xBE, 0xE0, 0x49, 0xE3, 0xF9, 0x3B,
    0x22, 0x70, 0x85, 0xD5, 0x75, 0xD7, 0xB9, 0xC4, 0x01, 0xB5, 0xCE, 0x83, 0x84, 0xED, 0xE3, 0x76,
    0xD6, 0x5C, 0x67, 0x77, 0x34, 0xE1, 0xC9, 0xD4, 0x08, 0x45, 0x8C, 0x1A, 0xCC, 0x1E, 0xEB, 0xDD,
    0x6D, 0x1E, 0x42, 0x8F, 0xE6, 0x19, 0x70, 0xF5, 0x10, 0xE8, 0xEF, 0x6A, 0xCF, 0xCB, 0x3A, 0xBC,
    0x74, 0x94, 0x80, 0x9F, 0xA1, 0x5E, 0x0A, 0xAE, 0x81, 0x24, 0x9F, 0xF1, 0x12, 0xEC, 0x20, 0x52,
    0x9E, 0xA5, 0x47, 0xFA, 0x45, 0x2B, 0x36, 0xE7, 0x63, 0xB9, 0xFD, 0x5E, 0x34, 0x7F, 0x0B, 0xB8,
    0x01, 0x81, 0x5D, 0xE4, 0x7A, 0x97, 0xC4, 0x27, 0x44, 0xA9, 0x52, 0x9E, 0x23, 0x17, 0xE9, 0x17,
    0xAD, 0xD8, 0x34, 0xAB, 0x0F, 0x1C, 0x1C, 0xC7, 0xF7, 0x9A, 0x59, 0x4F, 0x5A, 0x3D, 0xC3, 0x4C,
    0x9A, 0xB6, 0x31, 0x81, 0x5B, 0x2A, 0x66, 0x94, 0x33, 0x00, 0x14, 0x13, 0xAA, 0xAC, 0x63, 0x8A,
    0x94, 0x67, 0x14, 0xF1, 0x12, 0x40, 0xBB, 0x67, 0x13, 0x99, 0x51, 0xD1, 0xD7, 0x44, 0x23, 0xAA,
    0xD0, 0xB5, 0x09, 0x30, 0x32, 0x91, 0x4F, 0x2E, 0x9B, 0xC1, 0x95, 0x64, 0x35, 0xDE, 0x6F, 0x54,
    0x3E, 0x36, 0xA3, 0xAB, 0xC6, 0xAF, 0xDA, 0xA4, 0xD2, 0xAA, 0x7C, 0xAC, 0xCF, 0xC3, 0x63, 0x33,
    0xB8, 0xA6, 0x0F, 0x86, 0x64, 0x72, 0x1F, 0x8B, 0x84, 0x4D, 0xF1, 0x1F, 0x5B, 0x2C, 0x00, 0x6A,
    0xFA, 0x02, 0x28, 0xF6, 0x49, 0x5A, 0xD2, 0xEB, 0xE8, 0x2B, 0xF6, 0xFD, 0x46, 0xA3, 0x4F, 0x46,
    0x55, 0xAD, 0x6A, 0xDC, 0xB6, 0x25, 0x6D, 0x0F, 0x50, 0xB3, 0x66, 0x69, 0xF4, 0x0B, 0x5E, 0xE9,
    0xE4, 0x34, 0xFC, 0xD3, 0x87, 0x16, 0x46, 0x85, 0x58, 0x45, 0xD9, 0x5A, 0xB8, 0xB4, 0x89, 0xA8,
    0x59, 0xFB, 0x48, 0xF6, 0x5F, 0xAD, 0x54, 0x4F, 0x51, 0x13, 0xEE, 0x38, 0x41, 0xD1, 0x93, 0x2B,
    0x76, 0x98, 0x88, 0xD0, 0x13, 0xED, 0xA0, 0xE8, 0xB3, 0xF6, 0x09, 0x78, 0xC4, 0x67, 0xC0, 0xDD,
    0xD5, 0x17, 0xE4, 0x54, 0x93, 0x63, 0x7B, 0x59, 0x3C, 0x74, 0x03, 0x10, 0x12, 0xC4, 0x9B, 0xE0,
    0xAF, 0xD0, 0xED, 0xFD, 0xAA, 0xB7, 0x97, 0x78, 0x68, 0xC4, 0xBE, 0x24, 0x67, 0x58, 0x76, 0x1A,
    0xC7, 0x79, 0xAC, 0xA8, 0x27, 0x79, 0x22, 0xEA, 0x99, 0xA8, 0xF2, 0xCB, 0x34, 0xD2, 0xDF, 0x4E,
    0x2C, 0xE2, 0xB0, 0xC7, 0xB1, 0x22, 0xEE, 0xEF, 0x9F, 0x01, 0xAE, 0xC3, 0x7C, 0xE6, 0x25, 0x1D,
    0xFD, 0x99, 0xF5, 0xA8, 0xC0, 0xB9, 0x32, 0x1F, 0x15, 0x78, 0xB9, 0xEA, 0x77, 0xE9, 0xF6, 0xE9,
    0x57, 0x79, 0xA3, 0xAB, 0x72, 0x48, 0x55, 0x76, 0x43, 0x95, 0x5B, 0xD9, 0x9E, 0x86, 0xCC, 0x85,
    0x20, 0xEF, 0x3F, 0xD4, 0x4C, 0xBA, 0x11, 0xF2, 0xCC, 0xED, 0x76, 0xD7, 0x7F, 0x28, 0x96, 0xEF,
    0xAF, 0xE5, 0xF2, 0x5E, 0x9D, 0x1D, 0xE7, 0xC8, 0x51, 0xB6, 0x91, 0xB0, 0x23, 0x11, 0x13, 0x4B,
    0x82, 0x4D, 0x06, 0xED, 0x08, 0xC6, 0x04, 0x12, 0xE0, 0x22, 0x50, 0x91, 0xB6, 0x93, 0x7E, 0x33,
    0x83, 0xF5, 0x02, 0x16, 0xC4, 0xF6, 0x0E, 0xDC, 0xB0, 0x6F, 0x1B, 0x5E, 0xB7, 0x9E, 0x16, 0xDB,
    0x8C, 0xA8, 0xE7, 0x76, 0x82, 0x99, 0xDB, 0x8C, 0x36, 0xDB, 0x05, 0x2E, 0x5B, 0x22, 0x88, 0xF0,
    0x31, 0x3B, 0xA6, 0x35, 0xBB, 0xA7, 0x4F, 0x96, 0xC5, 0x3D, 0xF8, 0xEE, 0xDF, 0x8B, 0xFB, 0xCB,
    0xF3, 0x71, 0x71, 0x9F, 0x73, 0x58, 0xDD, 0x67, 0xA2, 0x09, 0x9E, 0x9D, 0x0A, 0x88, 0x08, 0x60,
    0xF0, 0x38, 0xC4, 0xAA, 0xA9, 0xD2, 0x09, 0xBD, 0x30, 0x09, 0x59, 0xA0, 0x10, 0x3F, 0xCF, 0x74,
    0xDF, 0x66, 0x9A, 0x7F, 0x65, 0xD6, 0xCF, 0x33, 0x4B, 0x66, 0x42, 0x71, 0x82, 0x15, 0x8C, 0x50,
    0x0B, 0x65, 0xD6, 0xD4, 0x46, 0x41, 0x8E, 0xFB, 0x59, 0x6A, 0xE7, 0x5A, 0x67, 0x09, 0x76, 0x61,
    0x3B, 0x41, 0x1D, 0x5C, 0xAF, 0xC7, 0xE8, 0xAA, 0xD0, 0xBE, 0x4D, 0xBB, 0xD9, 0x6D, 0x6F, 0x34,
    0xFA, 0xAE, 0xA6, 0x08, 0x36, 0x7F, 0xF1, 0x7C, 0xE6, 0x3C, 0x0B, 0xEA, 0xC2, 0x9D, 0xD1, 0xB6,
    0xF6, 0xAB, 0x5E, 0xED, 0x80, 0x57, 0x72, 0x63, 0x60, 0xEE, 0x07, 0x07, 0x56, 0x6E, 0x81, 0x59,
    0x7A, 0xA0, 0x58, 0x01, 0x80, 0x3D, 0x80, 0x40, 0x00, 0xAD, 0x8A, 0xE2, 0x02, 0xD7, 0xBE, 0x12,
    0x05, 0xBB, 0x57, 0x44, 0x7C, 0xE8, 0x35, 0x2D, 0x32, 0x58, 0xAD, 0x57, 0xD3, 0xA2, 0xD7, 0xB4,
    0x42, 0xD8, 0x6E, 0xBC, 0x9D, 0xA1, 0xB4, 0x86, 0x37, 0x25, 0xA2, 0xD3, 0x8D, 0x17, 0x30, 0x9C,
    0x34, 0x0C, 0x8D, 0x22, 0xA1, 0xD0, 0xF1, 0xDD, 0xA6, 0xFD, 0x29, 0x42, 0x6F, 0xC9, 0xE4, 0x48,
    0xBD, 0xF1, 0x5E, 0xBB, 0x5D, 0xA3, 0x1D, 0xF0, 0x63, 0x08, 0x92, 0x12, 0xAF, 0x83, 0x53, 0x92,
    0x52, 0xCF, 0x76, 0x6A, 0x27, 0x43, 0x0E, 0x15, 0xD9, 0xE1, 0x93, 0x4B, 0xC4, 0x4E, 0x82, 0xDB,
    0xBF, 0xA4, 0x3D, 0x42, 0x6A, 0x47, 0x44, 0x6F, 0x46, 0x10, 0xCD, 0x5C, 0xAC, 0xA8, 0x73, 0xB9,
    0x40, 0xAF, 0x9F, 0x28, 0xD6, 0x7A, 0x3E, 0xBE, 0xCC, 0xF1, 0x0F, 0x03, 0x10, 0x1E, 0xE9, 0xD4,
    0x98, 0x8E, 0x8F, 0xB7, 0x21, 0x80, 0xE6, 0xF4, 0x69, 0x0F, 0x49, 0xFF, 0xBA, 0x43, 0x9A, 0x51,
    0x86, 0xED, 0x45, 0x4E, 0xED, 0xD0, 0x4E, 0x7A, 0x8D, 0xB5, 0xB3, 0x11, 0xE9, 0xB2, 0x19, 0xCC,
    0x18, 0x96, 0xB6, 0x6F, 0xA6, 0xC7, 0x17, 0xAD, 0x04, 0x97, 0x83, 0x4D, 0xD5, 0x92, 0x5D, 0xE8,
    0x4A, 0x4E, 0x8E, 0xBE, 0xE0, 0xD8, 0x12, 0xE0, 0x68, 0x54, 0xF6, 0xEA, 0x3F, 0xA6, 0x3A, 0x03,
    0x3A, 0x23, 0xB8, 0xA1, 0x20, 0xDA, 0xB1, 0x5A, 0x60, 0xB2, 0x99, 0x51, 0xAD, 0x12, 0x7C, 0xC1,
    0xD0, 0x03, 0x3A, 0x37, 0x38, 0x02, 0x68, 0x33, 0x00, 0xA3, 0xC2, 0x6A, 0x70, 0x81, 0x5E, 0xB5,
    0x49, 0x8C, 0xDD, 0x88, 0x46, 0x5F, 0x93, 0xB8, 0xD4, 0x55, 0xB5, 0x22, 0xA4, 0x82, 0x3E, 0x26,
    0xE8, 0x36, 0x97, 0xAB, 0x7A, 0xCE, 0x30, 0x93, 0x99, 0x50, 0xE7, 0x76, 0xD4, 0x37, 0x4E, 0x9E,
    0x23, 0x01, 0xB8, 0xE5, 0x85, 0xFB, 0x09, 0x40, 0x33, 0xDE, 0x22, 0x2C, 0x39, 0x9E, 0x00, 0xB6,
    0x08, 0xFD, 0x7E, 0xB7, 0xCC, 0x90, 0x71, 0xF6, 0x1C, 0x89, 0x1D, 0x8A, 0xE3, 0xE6, 0xD4, 0xCC,
    0x47, 0x37, 0x39, 0x9F, 0x60, 0xDE, 0x0A, 0x5E, 0xAB, 0x6C, 0xB6, 0xE1, 0xB8, 0xF2, 0xB9, 0xB4,
    0xDF, 0xBD, 0xCD, 0x20, 0x8C, 0xFB, 0x9D, 0xBC, 0x9A, 0x85, 0xBC, 0x5F, 0xC0, 0xB0, 0x0A, 0x14,
    0x7E, 0xC4, 0x0B, 0xFB, 0x48, 0xE5, 0x6B, 0x95, 0xDD, 0x16, 0x36, 0x1D, 0x4B, 0x30, 0xA2, 0xA4,
    0x6E, 0xDB, 0x82, 0x66, 0x24, 0xDA, 0x21, 0xE8, 0x65, 0x2D, 0x05, 0xDF, 0xF6, 0x35, 0xDE, 0x04,
    0xC9, 0xEE, 0xC4, 0x4F, 0xE0, 0xA0, 0x79, 0x54, 0x8D, 0xE8, 0xEE, 0x70, 0xBF, 0xBE, 0x37, 0x5C,
    0x51, 0x14, 0x5B, 0x14, 0x28, 0x48, 0x18, 0xC1, 0x29, 0x29, 0xEC, 0x90, 0x68, 0x85, 0x92, 0x97,
    0x78, 0xDF, 0x03, 0xE1, 0x55, 0xC4, 0x01, 0x81, 0x59, 0x20, 0x42, 0x47, 0x1F, 0xBC, 0xEB, 0x84,
    0x74, 0x26, 0x74, 0xE1, 0x53, 0xE9, 0x3F, 0x5D, 0xDB, 0xF7, 0x2B, 0x66, 0xC3, 0xC9, 0x72, 0x74,
    0xFD, 0xDB, 0xD1, 0x83, 0x38, 0xAA, 0x3C, 0x87, 0xFE, 0x6D, 0xCB, 0xA9, 0xE1, 0x5C, 0xC4, 0x67,
    0xB8, 0x61, 0xD0, 0x92, 0xD1, 0x1B, 0xD2, 0x3B, 0x21, 0xF4, 0xD1, 0x47, 0x19, 0x94, 0x38, 0xA3,
    0xED, 0xD0, 0x07, 0x6F, 0x45, 0xDF, 0x08, 0x7A, 0x5B, 0x2B, 0xE2, 0x97, 0x10, 0xAF, 0xB0, 0x5C,
    0xE0, 0x12, 0x11, 0x11, 0x40, 0xD1, 0x9D, 0x88, 0xD0, 0x15, 0x7D, 0x43, 0xF5, 0xFB, 0xB2, 0xC4,
    0x19, 0x05, 0xBF, 0x34, 0xEC, 0x2D, 0x93, 0xEB, 0x65, 0x52, 0x70, 0x1E, 0x81, 0xE9, 0xA8, 0x1E,
    0xB7, 0x54, 0x1D, 0xB0, 0x21, 0x61, 0x05, 0xD7, 0x47, 0x48, 0x88, 0x20, 0xCE, 0x68, 0x3B, 0x24,
    0x9E, 0xD7, 0x77, 0x25, 0x00, 0xE2, 0x9D, 0x72, 0x85, 0x63, 0x16, 0x26, 0xBD, 0x46, 0xDC, 0xBC,
    0xE6, 0xEC, 0x85, 0x59, 0xD0, 0x6B, 0xFE, 0x8B, 0x69, 0xDF, 0x8A, 0x45, 0xEC, 0x62, 0x67, 0x01,
    0xA8, 0x8F, 0x9B, 0x0A, 0xBE, 0x2A, 0x57, 0x09, 0xE2, 0x2B, 0x40, 0xD3, 0xF4, 0xE6, 0x52, 0x2E,
    0x21, 0xC7, 0x29, 0x76, 0x37, 0x46, 0xE8, 0xD9, 0x85, 0xDF, 0xAF, 0x08, 0xF7, 0x24, 0xCA, 0x47,
    0xDB, 0x5D, 0x5C, 0xC0, 0xF1, 0x57, 0xDA, 0x7F, 0x9E, 0x44, 0x97, 0x11, 0x3E, 0x5E, 0xD5, 0x56,
    0xC7, 0x4E, 0xEF, 0x8B, 0xBC, 0xA9, 0x38, 0xCD, 0xEB, 0xA9, 0x9D, 0xEE, 0x8C, 0x77, 0xF9, 0x99,
    0x98, 0x93, 0x1C, 0x54, 0x4C, 0xE1, 0xB3, 0xB5, 0x99, 0x83, 0x5F, 0xAB, 0xFC, 0xBA, 0x42, 0x12,
    0xF0, 0x07, 0x2F, 0xDE, 0x9E, 0x3D, 0xF9, 0xD8, 0x50, 0x4A, 0x86, 0x69, 0x0E, 0x9D, 0xD1, 0xB6,
    0xF6, 0xAB, 0x5E, 0xED, 0xD4, 0xFE, 0x3C, 0x0E, 0x75, 0x1C, 0x9D, 0xC6, 0xD5, 0x83, 0xA1, 0x74,
    0xDB, 0x81, 0x51, 0x3D, 0xB3, 0x1E, 0xA4, 0x57, 0x2E, 0x25, 0xF6, 0x64, 0xF2, 0x56, 0x70, 0x7D,
    0x78, 0x75, 0xB6, 0x6B, 0x04, 0xA2, 0x37, 0x42, 0xC9, 0xF8, 0xCA, 0x0D, 0x91, 0x84, 0x3A, 0x72,
    0xB7, 0xBB, 0x3D, 0x77, 0xF5, 0x6C, 0xB6, 0x1C, 0xAD, 0x9C, 0xC4, 0x1E, 0x96, 0xA3, 0xE1, 0x5C,
    0x33, 0xA3, 0xCE, 0xEF, 0x56, 0xD9, 0x72, 0x76, 0x94, 0x3D, 0xF0, 0xEF, 0x9F, 0x5F, 0xB9, 0xED,
    0x54, 0xB8, 0xE4, 0x1D, 0x53, 0xCB, 0x54, 0x52, 0x26, 0xCF, 0x57, 0xD7, 0x8E, 0xAE, 0xA7, 0x25,
    0x0D, 0x59, 0xF0, 0x32, 0xFA, 0xB6, 0x0F, 0xDD, 0xF6, 0x6F, 0x41, 0x91, 0x41, 0x5A, 0x11, 0x66,
    0x5C, 0xD1, 0x8C, 0x0B, 0xAA, 0xFF, 0x64, 0x94, 0x9C, 0x50, 0x70, 0x04, 0x78, 0xDC, 0xAC, 0x5D,
    0x87, 0xE8, 0x1F, 0x97, 0x39, 0x74, 0xB2, 0xBB, 0xAE, 0x63, 0x35, 0xDB, 0xAF, 0x59, 0x4F, 0xED,
    0x13, 0xDE, 0x1B, 0xCD, 0xB7, 0x7C, 0x30, 0x98, 0xEF, 0x9E, 0xFE, 0xAD, 0xAF, 0xFF, 0xFB, 0xCD,
    0xD3, 0x54, 0xF1, 0xAF, 0xEC, 0x4A, 0x7E, 0x4E, 0x5F, 0xF0, 0x63, 0x02, 0x2C, 0x56, 0xE0, 0x02,
    0x19, 0xFA, 0xDD, 0xB4, 0xB2, 0xB8, 0x3A, 0x50, 0xC5, 0xBC, 0x0F, 0x10, 0xFB, 0x7D, 0x80, 0xE3,
    0x2B, 0x5B, 0x3F, 0x5F, 0x60, 0x06, 0xDD, 0x6E, 0xDD, 0x48, 0xDB, 0x47, 0x41, 0xDE, 0x3B, 0x07,
    0x3A, 0x5C, 0x09, 0xF4, 0x7F, 0x19, 0x15, 0xE7, 0x2B, 0x81, 0x9E, 0xFE, 0xE3, 0xC6, 0x03, 0x04,
    0xC2, 0x02, 0xC4, 0x59, 0xD0, 0x6E, 0xAE, 0x5B, 0x5D, 0xD0, 0xCC, 0x68, 0x07, 0x1D, 0x92, 0xA8,
    0xA4, 0x35, 0x89, 0x3B, 0x38, 0x72, 0xAF, 0xB0, 0x09, 0xBA, 0x8E, 0xA9, 0x12, 0xD7, 0xF3, 0x95,
    0x3A, 0x69, 0x6D, 0xC4, 0x52, 0x6A, 0x52, 0x29, 0xCF, 0x5B, 0xE7, 0x75, 0x33, 0x5D, 0x39, 0xF5,
    0x20, 0x7E, 0x78, 0xD3, 0xEF, 0x02, 0x60, 0x0F, 0x6E, 0x2E, 0x6A, 0x75, 0x71, 0xBD, 0xEA, 0xBA,
    0x78, 0xD0, 0x8B, 0xD4, 0x20, 0xAE, 0x6B, 0xEB, 0x2D, 0x08, 0x4A, 0xED, 0x71, 0x01, 0x69, 0x56,
    0x5D, 0xCB, 0x7B, 0xBD, 0x23, 0xD3, 0x47, 0x0D, 0xFD, 0xAF, 0x8A, 0x05, 0xFF, 0x07, 0xB5, 0x99,
    0x31, 0x90, 0xDF, 0x44, 0x74, 0xC6, 0x7F, 0x92, 0xE0, 0x84, 0x23, 0x67, 0x96, 0xC2, 0xCC, 0x38,
    0x71, 0x66, 0xE4, 0xC2, 0x45, 0x66, 0x32, 0x83, 0x5C, 0xD0, 0xA4, 0xC0, 0xBB, 0x89, 0x27, 0x43,
    0xE1, 0x82, 0x3A, 0x15, 0xE9, 0x1B, 0xD2, 0x8F, 0xCF, 0xAB, 0x40, 0x41, 0x91, 0xE6, 0x26, 0x33,
    0xA9, 0xA1, 0x48, 0x9F, 0x36, 0xC5, 0x39, 0x5A, 0x92, 0x19, 0x52, 0xA2, 0x40, 0x91, 0x56, 0x4C,
    0xE8, 0x52, 0x58, 0x13, 0x54, 0xE8, 0x40, 0xD2, 0xCB, 0x7B, 0xD1, 0xFD, 0xED, 0xB3, 0xC7, 0x80,
    0x39, 0x7C, 0xD2, 0xFE, 0x3E, 0x76, 0xF7, 0x3D, 0xBD, 0x8F, 0xBD, 0xD3, 0xAE, 0x66, 0xCE, 0xEF,
    0xD2, 0xB5, 0x5D, 0xEA, 0xDA, 0x06, 0xF0, 0x76, 0x07, 0x1F, 0x62, 0x88, 0xED, 0xC5, 0x9B, 0xC8,
    0xDE, 0x32, 0x19, 0x2A, 0x99, 0x1A, 0x19, 0x63, 0xFF, 0x76, 0x17, 0x10, 0xAC, 0x69, 0x47, 0x87,
    0x5E, 0x26, 0x27, 0x73, 0x26, 0xD3, 0xD3, 0x64, 0x6E, 0x6D, 0xD0, 0x09, 0xB9, 0x6C, 0x14, 0x2B,
    0x14, 0xB3, 0x32, 0x41, 0xA9, 0x44, 0x99, 0x0F, 0xD8, 0x78, 0x67, 0xDC, 0xA9, 0x44, 0x5A, 0x77,
    0x0E, 0xC0, 0x1F, 0x70, 0x44, 0x23, 0x4F, 0x92, 0x17, 0x49, 0x3A, 0x87, 0x1B, 0x3A, 0x5C, 0xF2,
    0xC6, 0xDE, 0x17, 0xC1, 0x62, 0x96, 0x63, 0xB9, 0xBE, 0x2F, 0x96, 0x7A, 0xAC, 0x66, 0x37, 0xB9,
    0xB1, 0x5C, 0x9A, 0xA1, 0x58, 0x7D, 0xCA, 0x24, 0xB6, 0x88, 0x80, 0x5F, 0x29, 0x45, 0x06, 0x03,
    0x37, 0x62, 0xBC, 0x38, 0x36, 0xB6, 0xA7, 0x17, 0xC0, 0xC5, 0x61, 0xF7, 0x3D, 0xA5, 0xAC, 0x38,
    0x59, 0xD4, 0xFC, 0x26, 0xF5, 0x00, 0xEE, 0x0C, 0x2A, 0xE9, 0x95, 0x99, 0x5A, 0x63, 0xFE, 0x33,
    0xC1, 0x87, 0x0E, 0xDF, 0x46, 0xFC, 0xF7, 0x1B, 0xB5, 0x2C, 0x1A, 0x9B, 0xC8, 0x64, 0x81, 0x6A,
    0x85, 0x6C, 0xE3, 0x8F, 0x14, 0x6F, 0xB9, 0x32, 0x6B, 0xEC, 0x84, 0x3A, 0x1F, 0xFC, 0x67, 0x93,
    0x36, 0xED, 0x70, 0x6B, 0x0B, 0x20, 0x32, 0x52, 0xCC, 0xB9, 0xDA, 0x24, 0x3C, 0x4D, 0xBE, 0xB9,
    0xF6, 0x9E, 0x93, 0x2A, 0x3D, 0x6C, 0xB6, 0xB2, 0x3F, 0xF5, 0xA1, 0x18, 0x4E, 0xEF, 0x71, 0x10,
    0xFF, 0x17, 0xC5, 0xF0, 0xD0, 0x4B, 0xD9, 0x5B, 0x4A, 0xB2, 0xE4, 0xD6, 0x1E, 0xDB, 0x0B, 0x58,
    0x29, 0xAC, 0x28, 0xF5, 0x4A, 0x2D, 0xC1, 0x2A, 0x7E, 0x94, 0x6A, 0x49, 0xFE, 0x49, 0x7A, 0x54,
    0x59, 0xF3, 0x92, 0x2A, 0x69, 0x01, 0x98, 0x8A, 0x3E, 0x5F, 0xDC, 0x58, 0xCE, 0x4D, 0xEF, 0xC6,
    0x98, 0x7C, 0x2F, 0xC4, 0x7F, 0x13, 0xEC, 0xBF, 0x36, 0xB6, 0x79, 0x8B, 0x5B, 0x1E, 0x80, 0x1C,
    0x2E, 0x88, 0x2F, 0xB4, 0x28, 0x76, 0xBF, 0x74, 0x31, 0xF5, 0xAC, 0x8B, 0xA9, 0x6D, 0x31, 0xB5,
    0xFB, 0xA0, 0x3F, 0xAD, 0xDD, 0xA7, 0xC3, 0x69, 0x2D, 0xF7, 0x55, 0xB6, 0x42, 0xE5, 0x5D, 0x5D,
    0x4C, 0x5D, 0xEB, 0x62, 0x6A, 0xF7, 0x20, 0x35, 0x75, 0xF5, 0xF5, 0xBE, 0x98, 0xF2, 0xF9, 0xC5,
    0x44, 0x69, 0xF7, 0x56, 0xCE, 0x34, 0xC2, 0xA3, 0x26, 0x3C, 0x74, 0xAD, 0xAA, 0xF6, 0xAB, 0x19,
    0xBA, 0x67, 0x4D, 0x0E, 0xD7, 0xC5, 0x49, 0x78, 0x36, 0x5F, 0x4D, 0xC4, 0x95, 0x3B, 0x8F, 0xE0,
    0x11, 0xD9, 0xAA, 0x46, 0xB8, 0x81, 0xA6, 0xC5, 0x8B, 0xB5, 0x7A, 0xF2, 0xCB, 0x8D, 0x63, 0x8E,
    0xCB, 0xA5, 0xDC, 0xF0, 0x6F, 0xFB, 0xB8, 0x35, 0x53, 0xD6, 0x16, 0xA3, 0x1B, 0x7D, 0xF2, 0xBC,
    0x45, 0x0C, 0xDD, 0x2F, 0xD3, 0x2A, 0xBD, 0x22, 0x72, 0xCE, 0x99, 0xCE, 0xC3, 0x8B, 0xF0, 0xCE,
    0x3F, 0x52, 0x8A, 0xCC, 0x8D, 0xC8, 0x12, 0xE5, 0x7F, 0x16, 0x91, 0x7F, 0x7F, 0x8E, 0x4E, 0xF1,
    0x4A, 0xA5, 0x10, 0x95, 0xE6, 0x15, 0xF9, 0xE3, 0x4F, 0xFE, 0xA9, 0x0E, 0x3E, 0xF9, 0xDE, 0xA7,
    0x3A, 0x1C, 0x05, 0x7B, 0x37, 0x8A, 0x21, 0x0E, 0x5D, 0xFA, 0x6B, 0x58, 0xAA, 0xC5, 0x2F, 0x37,
    0x17, 0x2E, 0xDC, 0xF9, 0x86, 0x93, 0xBE, 0xF9, 0x74, 0xF4, 0xF9, 0x74, 0x2F, 0x9B, 0xB5, 0x69,
    0x47, 0x87, 0x3A, 0xA9, 0x21, 0x80, 0x9A, 0x87, 0xF8, 0xB4, 0x51, 0x0F, 0x5D, 0x70, 0x93, 0x4F,
    0xFB, 0x36, 0xDB, 0xB7, 0x9B, 0x8D, 0x6D, 0xDE, 0xE2, 0x96, 0x07, 0x90, 0x4F, 0xBC, 0x19, 0xA8,
    0x27, 0x7C, 0x4B, 0x9C, 0x88, 0xF0, 0xE7, 0x13, 0x1B, 0x64, 0x53, 0xB6, 0x98, 0x16, 0x93, 0x69,
    0x39, 0x9A, 0xBA, 0xBE, 0x0E, 0xD9, 0x54, 0xA7, 0xA8, 0xEA, 0x83, 0x04, 0xE8, 0x8A, 0x27, 0xAA,
    0x6B, 0xF5, 0x75, 0x20, 0x5F, 0xDC, 0x87, 0x81, 0x62, 0x6A, 0x64, 0xA0, 0x1A, 0x4D, 0x5D, 0x8F,
    0x0B, 0x34, 0xC9, 0xD4, 0x87, 0xDD, 0xEB, 0x1D, 0xCC, 0xAB, 0xC3, 0xBC, 0x56, 0xF3, 0xCA, 0x2F,
    0xB8, 0x54, 0xE7, 0x2E, 0xA6, 0xCD, 0x57, 0xAB, 0xAA, 0xAF, 0x45, 0xF5, 0x5F, 0xAF, 0xD5, 0x2D,
    0x2C, 0xA8, 0xE6, 0x33, 0x51, 0x5D, 0xC6, 0x6C, 0x03, 0x37, 0x94, 0x13, 0xD4, 0xC9, 0x1E, 0xF0,
    0xAD, 0x93, 0x44, 0xA4, 0x56, 0xDD, 0x00, 0x6E, 0xD9, 0xBA, 0xF0, 0xAB, 0xC6, 0xB9, 0x71, 0x4F,
    0xE3, 0x70, 0x4C, 0x84, 0x72, 0x61, 0x53, 0xDD, 0x6C, 0x75, 0x78, 0xF3, 0x7D, 0xDB, 0x97, 0x63,
    0x1D, 0xFC, 0xE6, 0xFA, 0x18, 0x9A, 0xB9, 0x4E, 0x12, 0xC0, 0xDF, 0xB7, 0x75, 0x75, 0xB6, 0x2E,
    0x56, 0x5B, 0x57, 0xBE, 0xD8, 0x8A, 0x0E, 0xAB, 0xC3, 0x85, 0x67, 0xAB, 0x03, 0xEE, 0x81, 0x04,
    0xA4, 0x35, 0xD5, 0x3E, 0xE0, 0x21, 0x82, 0x50, 0xAC, 0xB8, 0x99, 0x66, 0xC0, 0x27, 0x62, 0xAB,
    0xFA, 0xB7, 0x5E, 0xA6, 0x5A, 0xE6, 0x5C, 0x4E, 0xC8, 0x5A, 0xA0, 0x1A, 0x4C, 0x26, 0x20, 0x5F,
    0x01, 0x1E, 0x03, 0xDC, 0x00, 0x00, 0x28, 0x16, 0x8B, 0x6E, 0x80, 0x13, 0xA0, 0x96, 0x00, 0xBE,
    0x4B, 0x10, 0xEB, 0x1E, 0xC4, 0x8D, 0xB0, 0x56, 0x23, 0xF9, 0x52, 0xCC, 0x14, 0xB3, 0x66, 0x97,
    0x22, 0x2B, 0x95, 0x88, 0xE0, 0x4C, 0x34, 0xAB, 0x6B, 0x7D, 0xC2, 0x27, 0x6F, 0xD2, 0x05, 0x9A,
    0x01, 0xEE, 0x1C, 0x8C, 0xCC, 0x92, 0x72, 0x02, 0xAA, 0xDE, 0x86, 0xE1, 0x6A, 0x7D, 0xBF, 0x00,
    0xF2, 0xF9, 0x50, 0xB4, 0xF9, 0xA8, 0x85, 0xEB, 0xC5, 0x95, 0x5A, 0xBA, 0x7F, 0x68, 0xC1, 0xCB,
    0x00, 0x51, 0x12, 0xDC, 0x6C, 0x00, 0xB8, 0x52, 0xCB, 0xF7, 0xAB, 0x16, 0xC4, 0xF5, 0xBB, 0xD8,
    0xF0, 0xCA, 0x2D, 0xF3, 0xF9, 0x69, 0x51, 0x77, 0x90, 0x72, 0x05, 0x8A, 0xF5, 0x39, 0xB7, 0x46,
    0x5A, 0xF0, 0xFF, 0x7C, 0xD1, 0x2D, 0x5B, 0xAB, 0xE9, 0x45, 0x37, 0x33, 0xDA, 0xA5, 0x79, 0x99,
    0xDB, 0x9E, 0x84, 0x33, 0xC5, 0x9B, 0xD2, 0x09, 0xC0, 0x6A, 0x5A, 0x2C, 0xA6, 0xE5, 0x64, 0xEA,
    0x06, 0x91, 0x99, 0x26, 0x99, 0xC6, 0xD6, 0xD4, 0x8A, 0x92, 0x9B, 0x52, 0x98, 0xA2, 0xEE, 0x02,
    0xF5, 0x68, 0x11, 0xDF, 0x9B, 0xC6, 0x64, 0x6A, 0x9F, 0x91, 0x4C, 0x64, 0x52, 0xAF, 0xB1, 0x3E,
    0xCB, 0xBE, 0xF0, 0x03, 0x68, 0x84, 0xAE, 0x55, 0xC2, 0x05, 0xDA, 0x7D, 0xDE, 0xE2, 0xF5, 0x19,
    0x5F, 0x54, 0x9A, 0x9F, 0x99, 0xD3, 0x2D, 0x39, 0xA1, 0x18, 0xCE, 0xDF, 0xB7, 0x05, 0xEA, 0x99,
    0xC3, 0x3B, 0x98, 0x4F, 0xCA, 0x0A, 0x74, 0x40, 0x03, 0x5C, 0x03, 0x00, 0x91, 0xED, 0x19, 0xF0,
    0x3C, 0xB2, 0x1C, 0x78, 0x49, 0x4C, 0xC2, 0x01, 0xAB, 0x45, 0xB3, 0x7F, 0x35, 0xB2, 0x15, 0xB2,
    0x09, 0x38, 0x79, 0x8D, 0xF5, 0xEF, 0x00, 0x1B, 0x14, 0xD2, 0xE2, 0xFE, 0x6B, 0xA0, 0xC8, 0xDA,
    0xD7, 0x56, 0xBB, 0xFE, 0xCB, 0x01, 0xFF, 0x1F, 0x93, 0x81, 0xF5, 0x81, 0xD7, 0x56, 0xFB, 0x88,
    0x26, 0x34, 0x7D, 0x35, 0xE5, 0x13, 0x27, 0xE0, 0xC6, 0x5F, 0xBB, 0xF3, 0x50, 0xF5, 0xF5, 0x10,
    0xDB, 0x63, 0x6E, 0x00, 0x3E, 0xFD, 0xDA, 0x9D, 0xB7, 0xD5, 0xE0, 0x97, 0xC7, 0x8F, 0xEE, 0x5E,
    0x7F, 0x95, 0xEA, 0xEF, 0x97, 0xA9, 0x73, 0x83, 0x36, 0xED, 0x1C, 0xF6, 0xE5, 0x6F, 0x6E, 0x47,
    0xF2, 0x23, 0xD8, 0xFB, 0x66, 0xB2, 0x52, 0x8D, 0xA5, 0xA8, 0x20, 0xAD, 0x8A, 0x4F, 0x26, 0xBD,
    0x48, 0xDF, 0x5C, 0x90, 0x43, 0x20, 0x9A, 0x58, 0x5E, 0x25, 0xF6, 0xEC, 0x62, 0x32, 0x68, 0xBD,
    0x33, 0xE0, 0xF8, 0x3A, 0x99, 0x08, 0x85, 0xAC, 0xF0, 0xE5, 0xC4, 0xE1, 0xDA, 0xD4, 0x51, 0x5A,
    0xA5, 0x57, 0x26, 0x65, 0x51, 0x44, 0xE9, 0x3E, 0x5D, 0xC4, 0x7F, 0xBB, 0x88, 0xFB, 0x61, 0x91,
    0xF2, 0xA7, 0x45, 0x72, 0x59, 0x04, 0xC3, 0x2B, 0x8D, 0xE2, 0x94, 0x52, 0xC9, 0x97, 0xF3, 0x0F,
    0x4E, 0x6F, 0x32, 0x81, 0xCD, 0x00, 0xA7, 0x00, 0x77, 0x00, 0x00, 0xDB, 0x76, 0xE6, 0x3F, 0xEE,
    0x9B, 0xBC, 0x9E, 0x4B, 0xC1, 0x0F, 0x48, 0x1B, 0x93, 0xED, 0xFF, 0x16, 0xDF, 0xDB, 0x21, 0x70,
    0x51, 0x6C, 0x2E, 0x5A, 0xD4, 0x5B, 0x9E, 0x3D, 0xB1, 0xFF, 0x3C, 0x6C, 0xF7, 0xEE, 0xF5, 0xE0,
    0x36, 0xC0, 0x0A, 0xE4, 0x26, 0xD5, 0xB3, 0x0F, 0x0E, 0x57, 0xEB, 0x7B, 0x02, 0x14, 0x33, 0xE0,
    0x36, 0xC0, 0xFF, 0xFF, 0x07, 0xE7, 0xE8, 0x4A, 0x2D, 0xDD, 0x27, 0x2A, 0x5E, 0x7A, 0xE8, 0x24,
    0xC1, 0x9F, 0x7E, 0x0C, 0xC0, 0x95, 0x5A, 0x3E, 0xAC, 0x5A, 0x90, 0xBA, 0xDF, 0xC5, 0x86, 0x57,
    0x6D, 0x79, 0x8D, 0xDB, 0x4D, 0x58, 0xFC, 0xB7, 0xAB, 0x93, 0xA9, 0x90, 0x3E, 0x93, 0x56, 0x55,
    0xFB, 0x3A, 0xA3, 0xF3, 0xD7, 0xB8, 0x0B, 0xBC, 0x61, 0xA9, 0x1F, 0xD9, 0x19, 0x2E, 0x41, 0xAD,
    0xB7, 0x83, 0x75, 0x65, 0xD6, 0xB5, 0xA8, 0xB5, 0x37, 0xEB, 0x55, 0x0D, 0xEF, 0xCF, 0x2A, 0x0F,
    0x06, 0x95, 0xCF, 0x93, 0x5A, 0x8B, 0x59, 0x2F, 0x66, 0xBD, 0x96, 0x82, 0x33, 0xEB, 0xC6, 0xAC,
    0x1B, 0xB3, 0xD6, 0xB2, 0xC0, 0x75, 0xC0, 0x03, 0xB1, 0x85, 0x7A, 0x80, 0x42, 0xA1, 0x05, 0x6C,
    0xAA, 0x58, 0x5E, 0x05, 0x6F, 0x24, 0xA3, 0x9C, 0x9B, 0xA9, 0x9E, 0xD4, 0x67, 0x28, 0x44, 0x5A,
    0x3E, 0x3E, 0x03, 0xFE, 0x06, 0xB2, 0x19, 0x4A, 0xC5, 0x0D, 0x4A, 0x0B, 0x47, 0xBC, 0xBE, 0xFA,
    0x79, 0xD8, 0xEB, 0xFA, 0x19, 0xD6, 0xC7, 0x70, 0xF7, 0xE6, 0xEB, 0xAB, 0x3D, 0xBD, 0x8B, 0x46,
    0x82, 0x61, 0x7D, 0xE0, 0xF5, 0xD5, 0x7E, 0xE9, 0x46, 0x4E, 0x17, 0x37, 0x72, 0x97, 0x10, 0x7C,
    0x9F, 0x6F, 0xD4, 0x63, 0xB1, 0xE0, 0x26, 0x37, 0x51, 0x2E, 0xF5, 0x48, 0xB1, 0xF9, 0x1E, 0xAC,
    0x10, 0x9D, 0x00, 0x7E, 0x05, 0xEA, 0x05, 0xD0, 0x0C, 0xA8, 0xC6, 0x5F, 0x10, 0xE1, 0x1C, 0x39,
    0x51, 0x56, 0x45, 0x90, 0x4C, 0x92, 0xE0, 0x9F, 0x27, 0x93, 0x56, 0x44, 0x2C, 0x67, 0xCF, 0x85,
    0xA7, 0x64, 0xDD, 0x40, 0x25, 0x0B, 0xB5, 0x08, 0xBE, 0x3F, 0xFF, 0x0B, 0x40, 0xE8, 0x88, 0x61,
    0x25, 0xDE, 0x9F, 0x89, 0x0F, 0xC6, 0x73, 0x16, 0x1D, 0x4B, 0x1B, 0x43, 0x37, 0xC4, 0xE0, 0xA6,
    0x18, 0x8A, 0x29, 0xFE, 0x55, 0x35, 0xC5, 0x0F, 0x65, 0x54, 0x86, 0xF8, 0x60, 0xDB, 0x3F, 0xC2,
    0x0B, 0x20, 0x80, 0x4F, 0xE0, 0x94, 0x1C, 0x00, 0x8E, 0x64, 0xC0, 0xC9, 0x42, 0x25, 0x1B, 0x59,
    0x26, 0x40, 0x24, 0x13, 0xC1, 0x29, 0xDE, 0x48, 0x71, 0x47, 0x84, 0x5A, 0xC9, 0xE5, 0xFC, 0x7D,
    0xA8, 0x7A, 0x68, 0x94, 0x18, 0xE0, 0x18, 0xCC, 0xE3, 0xD2, 0xF5, 0xAE, 0x83, 0xD5, 0xC9, 0xA4,
    0xA7, 0xF8, 0x61, 0x24, 0x6B, 0x4F, 0x2E, 0x5D, 0x2B, 0x9B, 0xEF, 0x50, 0x88, 0x3D, 0x33, 0x93,
    0x7F, 0x30, 0x00, 0x5C, 0xBA, 0x56, 0x99, 0xFE, 0x05, 0xF7, 0xDD, 0x6A, 0x58, 0xFF, 0x77, 0xD5,
    0xA2, 0x69, 0xA1, 0xEB, 0x61, 0x1C, 0x0D, 0xEB, 0xDB, 0xDC, 0xA5, 0xEB, 0x1D, 0xC9, 0x89, 0x56,
    0x70, 0xF2, 0xD3, 0xFE, 0x39, 0xB6, 0x27, 0x91, 0xBE, 0x03, 0x62, 0xF0, 0x76, 0x8C, 0x89, 0xB4,
    0x4E, 0x4C, 0xFD, 0xAE, 0x29, 0x06, 0xF0, 0xC9, 0xF7, 0x6F, 0xE2, 0x2D, 0x9F, 0x5A, 0xD5, 0x6A,
    0x7D, 0xD7, 0x9D, 0x41, 0x77, 0xFE, 0xD7, 0x38, 0x7F, 0xE1, 0xAF, 0x71, 0x02, 0xDA, 0xD7, 0x99,
    0x46, 0xA6, 0x52, 0x66, 0xE2, 0xF7, 0x44, 0xA8, 0x03, 0x75, 0x5B, 0x48, 0x28, 0x56, 0xB8, 0x0D,
    0xD9, 0xA2, 0x6C, 0x87, 0xB3, 0x4D, 0xC9, 0x01, 0x20, 0xEB, 0x4E, 0xB0, 0xDF, 0x41, 0x23, 0x2B,
    0x3E, 0x09, 0x1D, 0x11, 0x11, 0x09, 0x07, 0x3A, 0x20, 0xF6, 0x6F, 0x58, 0x7C, 0x5F, 0x77, 0x37,
    0xC3, 0x11, 0xE0, 0x12, 0x78, 0x45, 0x80, 0x05, 0xF3, 0xB8, 0x7C, 0xBD, 0x9B, 0x40, 0x84, 0x5C,
    0x12, 0xE5, 0x7F, 0x8F, 0xE4, 0xA1, 0xBD, 0x74, 0xAD, 0xAA, 0x9D, 0x70, 0xDF, 0x2C, 0x18, 0x55,
    0x9A, 0x00, 0x2E, 0x5D, 0xEB, 0x1A, 0x1E, 0x9F, 0xDC, 0x58, 0x8C, 0xB4, 0x50, 0xF7, 0x3F, 0x77,
    0xE7, 0x54, 0xBD, 0x7D, 0xE5, 0x1E, 0x73, 0x07, 0x88, 0xE1, 0xE7, 0x6E, 0x7A, 0x8A, 0x89, 0x7A,
    0xC3, 0x37, 0xE1, 0xE6, 0x11, 0x40, 0x39, 0xBD, 0x52, 0xAB, 0x8B, 0xC1, 0xFF, 0xFD, 0xA8, 0x4D,
    0x3B, 0x00, 0x90, 0xAD, 0xAF, 0xD4, 0xF8, 0x43, 0xC0, 0x7F, 0xD5, 0xD2, 0x48, 0x52, 0x02, 0x71,
    0x85, 0xF7, 0x0E, 0x6F, 0x6E, 0x67, 0x6F, 0x5E, 0xF2, 0x4A, 0xD4, 0xBB, 0x7B, 0x76, 0xE2, 0xB5,
    0x9D, 0xAD, 0xE2, 0x4B, 0xC1, 0xCB, 0x8A, 0x93, 0x99, 0x4C, 0x4E, 0xC8, 0xA7, 0xBB, 0x54, 0xB2,
    0xE0, 0x64, 0xA2, 0xAC, 0x7A, 0x0E, 0xD7, 0x2D, 0x8D, 0x45, 0x99, 0x95, 0x95, 0xF8, 0x77, 0x42,
    0x0C, 0x46, 0xF7, 0x8B, 0x70, 0xFB, 0xE7, 0x4F, 0xBA, 0xFD, 0x37, 0xB5, 0xD0, 0x88, 0xE0, 0x7B,
    0x09, 0x5D, 0x78, 0xFE, 0x34, 0xB6, 0xB1, 0xCD, 0x5B, 0xDC, 0xF2, 0x2C, 0x9F, 0xFC, 0xC2, 0x1B,
    0xD9, 0x01, 0xA7, 0x98, 0xC7, 0xE5, 0xEB, 0x5D, 0x07, 0xFC, 0xF9, 0x49, 0xF7, 0xBF, 0xFB, 0x49,
    0x77, 0xD9, 0x5A, 0xD9, 0xF4, 0x1E, 0xE5, 0xF9, 0xCF, 0xAD, 0x28, 0x07, 0x80, 0x4B, 0xD7, 0xDA,
    0x4F, 0xBA, 0xC5, 0xB0, 0xFE, 0xEF, 0xAA, 0xC5, 0x31, 0x88, 0x35, 0xEB, 0x80, 0x1C, 0x2E, 0x78,
    0x21, 0x94, 0x69, 0xFA, 0xE7, 0xA1, 0x12, 0xD9, 0xCB, 0xFF, 0xA7, 0x96, 0x2F, 0x24, 0x89, 0x7B,
    0x92, 0x36, 0xDF, 0x24, 0x39, 0x6D, 0x52, 0x37, 0x69, 0xF9, 0x61, 0x2F, 0xEF, 0x65, 0xE1, 0xD8,
    0xCA, 0x03, 0xD8, 0x5B, 0x43, 0xBE, 0x40, 0x07, 0x0D, 0x5C, 0x03, 0x88, 0x41, 0x5E, 0xDE, 0x5A,
    0xF1, 0xBD, 0x34, 0x22, 0x4E, 0x24, 0x93, 0x33, 0x72, 0x70, 0x09, 0x9F, 0x10, 0x58, 0xE0, 0xF6,
    0x6F, 0x79, 0xF6, 0x4F, 0x20, 0x92, 0x4B, 0xAF, 0xA7, 0x49, 0x1E, 0x4E, 0x5E, 0xFD, 0xC1, 0xAA,
    0x9D, 0xEA, 0x6F, 0x16, 0x6D, 0xDA, 0x81, 0xDF, 0xE2, 0x48, 0x0B, 0xC5, 0x08, 0xD5, 0x04, 0x4D,
    0x52, 0x80, 0xB7, 0x00, 0xA0, 0x0B, 0x4D, 0x1F, 0x5B, 0x9F, 0xF4, 0x6E, 0x9B, 0x14, 0x43, 0x3D,
    0x74, 0xB8, 0x71, 0xA3, 0x1A, 0x57, 0x8A, 0x1F, 0x17, 0x0A, 0xB1, 0x0D, 0x36, 0x82, 0x0C, 0x10,
    0x7B, 0xF0, 0x49, 0x09, 0x20, 0x10, 0x57, 0xE8, 0x66, 0xA5, 0x87, 0x3F, 0x0B, 0x10, 0x5F, 0xC6,
    0xD3, 0x0D, 0x28, 0xB6, 0x01, 0xF7, 0x7F, 0xCB, 0x09, 0x3E, 0x5D, 0xA0, 0x8D, 0xAD, 0xCE, 0x5B,
    0x5C, 0x16, 0x62, 0x37, 0xBC, 0xB4, 0x4E, 0xD1, 0x9F, 0x52, 0x8D, 0x1B, 0x86, 0xF5, 0xE1, 0xF5,
    0xFE, 0xFF, 0xFF, 0x1F, 0xB5, 0x9A, 0xE7, 0x96, 0xDD, 0xC8, 0x5A, 0x86, 0x1F, 0x49, 0xAC, 0xD6,
    0x18, 0x99, 0x25, 0x72, 0x06, 0x91, 0x33, 0x88, 0x9C, 0x71, 0x89, 0x9C, 0xC3, 0x1D, 0xE0, 0x3B,
    0x18, 0xFE, 0x91, 0x5D, 0x75, 0x98, 0x0B, 0xA0, 0x17, 0x17, 0x70, 0xC2, 0x6F, 0xD2, 0x4F, 0x92,
    0x6D, 0x15, 0x39, 0x83, 0xC8, 0x19, 0x34, 0xE1, 0x02, 0xB4, 0xD6, 0xD1, 0x1C, 0xD4, 0x43, 0xED,
    0xFD, 0x52, 0xD5, 0xDA, 0xED, 0xDD, 0x9E, 0x9E, 0x6E, 0xF7, 0xB6, 0xB7, 0xA5, 0xEF, 0xF9, 0x5C,
    0xF1, 0xAB, 0xB7, 0x6A, 0xB7, 0xB2, 0x31, 0xF2, 0xEC, 0xDD, 0xBB, 0xB7, 0x22, 0x00, 0xD5, 0x16,
    0xA8, 0x05, 0x34, 0xEA, 0xC0, 0xF4, 0x1E, 0x6C, 0x33, 0x80, 0xEA, 0x09, 0x36, 0xD5, 0x44, 0x1E,
    0x8A, 0x85, 0x62, 0x29, 0x02, 0xA5, 0xB4, 0xA1, 0x92, 0x44, 0x9D, 0x5C, 0x33, 0xD0, 0x3B, 0xE3,
    0x31, 0xFE, 0xDC, 0xF5, 0x1D, 0xED, 0x58, 0x28, 0x70, 0xC1, 0xE5, 0xED, 0x44, 0x23, 0xB5, 0x02,
    0x95, 0xB6, 0x64, 0x99, 0x00, 0x4B, 0xB6, 0x06, 0xC2, 0x24, 0xBC, 0x5D, 0x49, 0x71, 0x23, 0xB9,
    0xCE, 0xC0, 0x94, 0x03, 0xB4, 0x3F, 0xEC, 0xA1, 0x56, 0x07, 0xF9, 0xE6, 0xE5, 0xCB, 0x1F, 0x1E,
    0x52, 0x4C, 0x0B, 0x99, 0x26, 0xB0, 0xEE, 0x45, 0xE4, 0xBF, 0x1C, 0x81, 0x40, 0x35, 0x00, 0x6D,
    0x07, 0x18, 0x00, 0x3B, 0x01, 0x26, 0xB9, 0x66, 0x3A, 0x5C, 0xA6, 0x80, 0x00, 0xF9, 0x04, 0x45,
    0xA4, 0x14, 0x14, 0x91, 0x2C, 0xC2, 0x17, 0x00, 0x8F, 0xD6, 0x65, 0x2F, 0xE7, 0xC8, 0x00, 0x79,
    0x07, 0x00, 0x9F, 0xB1, 0xED, 0x32, 0x69, 0x2E, 0xA5, 0xA9, 0x39, 0xCB, 0x3E, 0x68, 0x46, 0xB0,
    0x1E, 0x7A, 0x17, 0xE9, 0x2E, 0xE1, 0xD6, 0xF2, 0x54, 0xDF, 0x9E, 0xF1, 0xC1, 0x5A, 0x9A, 0x72,
    0x69, 0xA1, 0x95, 0x23, 0x87, 0x7A, 0xA0, 0x1D, 0x52, 0xCB, 0x47, 0xF0, 0x39, 0x00, 0xF4, 0x63,
    0xA5, 0xB9, 0xD5, 0x64, 0x86, 0x8F, 0x8D, 0xC5, 0x62, 0x67, 0x31, 0x6D, 0x87, 0x8F, 0x6D, 0x35,
    0x57, 0x5A, 0xB2, 0xFE, 0x2D, 0x38, 0x85, 0x62, 0x81, 0x7A, 0x0B, 0xE6, 0xD5, 0x8E, 0xBB, 0x27,
    0xC7, 0xD3, 0x75, 0x17, 0x6C, 0x8C, 0x32, 0x14, 0x1F, 0x9E, 0x32, 0x77, 0x7A, 0x80, 0xA8, 0x6C,
    0x5A, 0x45, 0x25, 0x52, 0x1A, 0x8E, 0x27, 0xEA, 0xAB, 0x92, 0xA8, 0x68, 0x29, 0x01, 0x07, 0x88,
    0x7A, 0xE5, 0x64, 0x5D, 0xA1, 0x7A, 0xBB, 0x0A, 0xE3, 0xF4, 0xA8, 0xC2, 0xE2, 0x0A, 0xA5, 0x75,
    0xD2, 0x90, 0xB4, 0xDD, 0x3D, 0x50, 0x9B, 0xBF, 0x4F, 0xF1, 0x91, 0x19, 0x34, 0x82, 0x71, 0x70,
    0x67, 0x2F, 0xED, 0x37, 0x75, 0x8A, 0xB4, 0x8D, 0xC8, 0x8B, 0x7E, 0x12, 0xF5, 0x2C, 0xCA, 0x45,
    0x14, 0xE1, 0x2A, 0xD5, 0x22, 0x9A, 0x59, 0x59, 0x3F, 0xA6, 0xF6, 0xA9, 0x5F, 0xAF, 0x53, 0xE0,
    0xCB, 0x7F, 0xDC, 0x83, 0xBD, 0xE4, 0xDC, 0x13, 0xD7, 0xE5, 0x8A, 0x72, 0x6A, 0xA9, 0xC3, 0x48,
    0x49, 0x58, 0xCC, 0xF6, 0x9D, 0xED, 0x10, 0x97, 0xDD, 0x5A, 0x66, 0x87, 0xE8, 0xDA, 0xD4, 0xAE,
    0x4A, 0x2E, 0xEB, 0xCF, 0xE0, 0x44, 0xEF, 0x90, 0xB2, 0x53, 0x72, 0x1B, 0xAA, 0xA9, 0x54, 0x74,
    0xC8, 0x45, 0x67, 0x7C, 0x72, 0x83, 0x34, 0xB4, 0x97, 0xDC, 0x45, 0x85, 0xF5, 0xBB, 0x76, 0x95,
    0xA8, 0xA4, 0x90, 0xDC, 0xC8, 0x89, 0xCE, 0x48, 0x9A, 0x3B, 0xB0, 0x49, 0xD4, 0x94, 0x48, 0xE9,
    0x44, 0x16, 0xD5, 0x26, 0xB1, 0x26, 0x62, 0x7D, 0xDF, 0x25, 0x55, 0x62, 0x4F, 0xCA, 0x27, 0x91,
    0x49, 0x63, 0x15, 0x49, 0x0A, 0x6B, 0x4D, 0x4F, 0xB8, 0xBC, 0x49, 0xDB, 0x3D, 0xF0, 0x34, 0x0A,
    0x7B, 0xAE, 0xD4, 0xA9, 0xBB, 0xA0, 0xD2, 0xCC, 0x05, 0x97, 0xB7, 0xAC, 0x3F, 0xA5, 0xD2, 0x42,
    0xAB, 0x0D, 0xC6, 0x8B, 0x1E, 0xFB, 0x54, 0xBF, 0x1E, 0xB0, 0xC3, 0x47, 0xA5, 0xFA, 0xF5, 0x2C,
    0xD5, 0x2F, 0xD4, 0xBF, 0x34, 0x51, 0xFF, 0xE1, 0x44, 0x21, 0x0F, 0x8F, 0x8F, 0xAC, 0xF3, 0xF7,
    0xA3, 0xC6, 0xBF, 0x4F, 0xB1, 0x47, 0xE8, 0xBB, 0x17, 0xD2, 0xC9, 0x2F, 0xEE, 0x07, 0x89, 0xE9,
    0xA3, 0xEA, 0xE4, 0x1E, 0xD0, 0xEF, 0xB8, 0xC7, 0x8B, 0xE8, 0x3C, 0x8E, 0x1E, 0x2C, 0x10, 0x20,
    0x5F, 0xA0, 0x90, 0x23, 0x8F, 0xD0, 0xBB, 0xC3, 0xF5, 0x6C, 0xA0, 0x98, 0xA0, 0x1A, 0xA0, 0xDE,
    0xAC, 0x14, 0x1B, 0x8A, 0xCC, 0x51, 0xFD, 0xCB, 0xB8, 0xFF, 0xCD, 0xBF, 0xE4, 0xB8, 0xEB, 0x99,
    0xCE, 0xDC, 0xC5, 0x9B, 0x13, 0x99, 0x06, 0xB0, 0x1D, 0xDC, 0x7D, 0xB1, 0x35, 0xBD, 0xFE, 0x8A,
    0x23, 0x77, 0xF3, 0x39, 0xB4, 0x08, 0xE7, 0xB8, 0x22, 0x58, 0x5F, 0x04, 0x33, 0x16, 0xA1, 0x59,
    0x8A, 0x50, 0x49, 0x21, 0x8B, 0xC4, 0xFE, 0x1F, 0xE4, 0x0E, 0x60, 0x1C, 0x68, 0x24, 0x7F, 0x7B,
    0x01, 0x7F, 0x7F, 0xA7, 0xF3, 0x8C, 0x4A, 0xA2, 0x8D, 0x98, 0xA1, 0xA7, 0x8F, 0xCA, 0xC4, 0x9E,
    0x94, 0xB7, 0x5E, 0xFB, 0xAB, 0xF9, 0x56, 0x80, 0xF8, 0xC4, 0x7C, 0x8B, 0x51, 0x88, 0xCC, 0x49,
    0x1E, 0xFC, 0x62, 0xED, 0xB8, 0xD7, 0x38, 0x5A, 0x41, 0xB9, 0x00, 0x1C, 0x4D, 0xFB, 0x35, 0x37,
    0x4C, 0x47, 0xD3, 0x7E, 0xE5, 0xA2, 0x7A, 0x44, 0xED, 0xB4, 0x80, 0x71, 0x2B, 0x2D, 0xC7, 0xD6,
    0x7E, 0x1C, 0x8D, 0x00, 0xD9, 0x02, 0x79, 0xA4, 0x9E, 0x23, 0x03, 0xE4, 0x7E, 0xFD, 0xB7, 0xF5,
    0x60, 0xBA, 0xC8, 0xF1, 0xB5, 0x73, 0xC2, 0x1A, 0xBF, 0x9F, 0xC8, 0xCE, 0x02, 0x9C, 0x7E, 0x35,
    0x00, 0xA2, 0x9A, 0xAF, 0x45, 0xDA, 0x73, 0x43, 0xBB, 0xCC, 0x43, 0x39, 0x41, 0xBB, 0x81, 0x7B,
    0x06, 0xBE, 0xE0, 0x0E, 0x5C, 0xBA, 0xF2, 0x5D, 0x45, 0x43, 0x64, 0x89, 0x6C, 0xB0, 0xEF, 0x7B,
    0x72, 0xC5, 0xBB, 0x91, 0x6A, 0xC2, 0xBA, 0x73, 0x27, 0x49, 0xCB, 0xDE, 0xED, 0x2B, 0x2A, 0x49,
    0x7B, 0xB7, 0x96, 0xDD, 0xEC, 0x4E, 0x46, 0xA8, 0x23, 0xBD, 0x86, 0x44, 0x4A, 0xAF, 0x68, 0x89,
    0x28, 0xE1, 0xEA, 0xC9, 0xFA, 0x7A, 0x6C, 0x23, 0xCD, 0x70, 0x23, 0xBF, 0xE2, 0x8C, 0x06, 0x2B,
    0xFF, 0x25, 0xED, 0xFE, 0x79, 0xE6, 0x50, 0x6B, 0x5E, 0xEB, 0xAC, 0xBC, 0xE4, 0xBE, 0xE0, 0x01,
    0x00, 0x50, 0xCE, 0xB7, 0x32, 0x23, 0xBF, 0x1A, 0x3C, 0xFF, 0xE8, 0x56, 0x6E, 0x35, 0x38, 0x6C,
    0xF4, 0xD0, 0x74, 0x8F, 0x5A, 0xCC, 0x86, 0x6A, 0x06, 0x00, 0xEA, 0xE9, 0x60, 0xFB, 0x85, 0xDA,
    0xDD, 0x6B, 0xBA, 0x56, 0x94, 0xCB, 0x61, 0xA3, 0xD7, 0xD3, 0xB3, 0xF6, 0x6A, 0x68, 0x3A, 0x83,
    0x99, 0xCC, 0xDC, 0x4C, 0x95, 0x6F, 0xC7, 0x76, 0xAC, 0x3C, 0x40, 0x33, 0x5C, 0xB7, 0xD7, 0xDE,
    0x60, 0xE9, 0x47, 0x3B, 0xB5, 0x63, 0x83, 0xF1, 0xC6, 0x37, 0x00, 0x31, 0xF5, 0xAC, 0xDD, 0x76,
    0xD7, 0xED, 0x82, 0x76, 0x78, 0x3E, 0xE7, 0x05, 0xC6, 0xAB, 0x70, 0xBD, 0x57, 0x29, 0x75, 0xAA,
    0xB4, 0x45, 0xE9, 0x96, 0xBB, 0xE5, 0x51, 0xFF, 0x3E, 0x45, 0x8B, 0x09, 0x00, 0xB0, 0xDD, 0xF6,
    0x36, 0x06, 0x5B, 0xF2, 0x0D, 0x36, 0x60, 0x17, 0xEC, 0x00, 0x5F, 0x0D, 0xD9, 0x06, 0x4A, 0x75,
    0xD4, 0x7F, 0xEB, 0x39, 0xC9, 0x3B, 0x20, 0x95, 0x1D, 0x46, 0x8C, 0xF9, 0x25, 0x65, 0xC0, 0x68,
    0xA1, 0xD7, 0x94, 0x1E, 0x49, 0xE0, 0xEB, 0x61, 0x93, 0x02, 0xD7, 0x7F, 0x39, 0x9C, 0xE4, 0x6E,
    0x0D, 0x7A, 0x4B, 0x5B, 0x25, 0xF6, 0x33, 0xBD, 0x43, 0xB4, 0x93, 0xE8, 0xBD, 0x72, 0xA1, 0x2A,
    0xA0, 0x76, 0x42, 0xBD, 0x47, 0x02, 0x6D, 0x22, 0x4A, 0x78, 0x64, 0x26, 0x54, 0x2F, 0xA8, 0xDC,
    0xA0, 0x4C, 0x9C, 0xF7, 0xC1, 0x8C, 0xA2, 0x9E, 0x01, 0x68, 0x1C, 0xB4, 0x11, 0x75, 0xB0, 0xB9,
    0xE1, 0x3C, 0xD5, 0xC9, 0xD9, 0xEF, 0xDA, 0x62, 0x7F, 0x78, 0xC1, 0xFE, 0xE6, 0x88, 0x95, 0x8B,
    0xB0, 0xFB, 0x37, 0xE6, 0x7F, 0x72, 0x8E, 0x75, 0x01, 0xFB, 0xDD, 0xDB, 0xD4, 0x36, 0xFD, 0xC8,
    0x1E, 0x00, 0xB3, 0x92, 0x2B, 0xB2, 0xBC, 0x2B, 0xCE, 0xAB, 0x29, 0x8E, 0xBF, 0x14, 0x67, 0x88,
    0x65, 0xD3, 0xD5, 0x38, 0x0E, 0x8A, 0x09, 0xEA, 0x48, 0xEB, 0x23, 0xC0, 0x2B, 0x00, 0x80, 0xF1,
    0xCF, 0x89, 0xE4, 0x2E, 0xE0, 0x83, 0xD5, 0xD4, 0x8F, 0xDF, 0x42, 0x9A, 0xBD, 0xBD, 0x76, 0x37,
    0xCE, 0x78, 0x33, 0x37, 0xF3, 0xC9, 0x24, 0xB8, 0xAD, 0x69, 0xBB, 0x1A, 0x80, 0x01, 0x4B, 0xB1,
    0xA1, 0x98, 0x6F, 0x39, 0x0E, 0xD4, 0xBE, 0xF1, 0x72, 0x5B, 0x54, 0x0D, 0xE7, 0xE6, 0x2F, 0xCC,
    0x3D, 0x73, 0xC4, 0xF8, 0x78, 0x68, 0xF7, 0xE6, 0xEC, 0x8F, 0xC7, 0xD0, 0xBC, 0xA7, 0x19, 0x87,
    0xF1, 0x98, 0x99, 0x66, 0xE6, 0x64, 0x7A, 0x3A, 0x5A, 0x36, 0xAB, 0x08, 0x2A, 0x43, 0xF4, 0x31,
    0x7D, 0xED, 0x58, 0x57, 0xC3, 0x7E, 0xE7, 0x6C, 0xBF, 0x3B, 0xD8, 0xEF, 0xDF, 0x44, 0x1F, 0xD3,
    0xD7, 0x8D, 0x55, 0x2C, 0xBC, 0x8B, 0x8F, 0xA5, 0x78, 0x67, 0xA6, 0x50, 0x88, 0x8C, 0xB4, 0x5B,
    0xD0, 0x02, 0x36, 0xF2, 0xC5, 0x97, 0xDB, 0x49, 0xF3, 0x05, 0xD9, 0xAF, 0x91, 0x87, 0xCB, 0xD6,
    0xE5, 0x1A, 0xA3, 0x55, 0xEA, 0x4C, 0xA0, 0x7D, 0xAA, 0x8A, 0x6C, 0x4B, 0x26, 0x4F, 0xB4, 0xC6,
    0xF1, 0xEE, 0xBF, 0x2B, 0xB3, 0xFF, 0xBB, 0xDA, 0x52, 0x04, 0xB9, 0xC8, 0x10, 0x99, 0x23, 0x21,
    0xA2, 0x48, 0xFF, 0x5A, 0x90, 0xF9, 0x87, 0xA0, 0xFA, 0xC3, 0x41, 0xE5, 0xFF, 0x05, 0xE5, 0x0A,
    0x22, 0x61, 0x22, 0x6D, 0xA4, 0x8E, 0x94, 0x91, 0x3C, 0x70, 0x02, 0xA4, 0x61, 0x4C, 0x64, 0x0B,
    0x2C, 0xC0, 0xFD, 0x8B, 0x3B, 0xBC, 0xD3, 0x43, 0x2F, 0xFB, 0xC7, 0xD1, 0x04, 0xBB, 0xC7, 0x95,
    0x88, 0xF5, 0xF0, 0xE0, 0xF9, 0xB4, 0x00, 0x60, 0x00, 0x0B, 0xC5, 0x93, 0xB7, 0x2F, 0x5F, 0x4D,
    0xFE, 0x76, 0x80, 0x7E, 0xB7, 0x9E, 0x27, 0x00, 0xC7, 0x5B, 0xCF, 0xBC, 0x73, 0x94, 0x6F, 0x4E,
    0xE4, 0x4A, 0xDA, 0x81, 0x4F, 0x05, 0x78, 0xFE, 0xF5, 0x6C, 0x1D, 0x2B, 0x1D, 0x18, 0x56, 0xBE,
    0x02, 0xE0, 0xD5, 0x6D, 0x97, 0x4B, 0x43, 0x64, 0xCA, 0x37, 0xD5, 0x92, 0x87, 0x22, 0x11, 0x6E,
    0xE2, 0xF0, 0xF9, 0xD9, 0x88, 0xD9, 0xCD, 0xAF, 0x8A, 0x14, 0x01, 0x12, 0xE5, 0x02, 0x9A, 0x23,
    0x53, 0xC4, 0x3D, 0xDF, 0x6F, 0x93, 0x10, 0xD4, 0x91, 0x66, 0x13, 0x79, 0x8B, 0x67, 0xBC, 0x2D,
    0x4F, 0x57, 0xA6, 0x4C, 0x9A, 0xD6, 0xB7, 0xB4, 0xCD, 0x52, 0x0A, 0x33, 0x22, 0x67, 0x3D, 0xC6,
    0xF7, 0x0E, 0x33, 0xF4, 0x1D, 0xED, 0x65, 0x97, 0xCA, 0xCE, 0x6B, 0xCF, 0xDB, 0xA5, 0x1E, 0x54,
    0xA9, 0x6F, 0x26, 0xCD, 0x6B, 0xBC, 0x52, 0xCB, 0x13, 0xAE, 0xBE, 0x45, 0x09, 0xBB, 0xBB, 0x78,
    0x75, 0x7D, 0x67, 0xBC, 0xD8, 0x93, 0xF2, 0xA9, 0x3C, 0xD5, 0xA7, 0x76, 0xA9, 0x3D, 0xDF, 0x51,
    0x25, 0xE5, 0xB5, 0x83, 0x46, 0x40, 0xB9, 0xBC, 0x7C, 0xF9, 0x7E, 0xA1, 0x78, 0x7D, 0x26, 0x5F,
    0x1F, 0xFE, 0x5E, 0x4C, 0x7E, 0xD6, 0xFD, 0x04, 0x14, 0xC3, 0x0C, 0xD5, 0x1B, 0x0B, 0x34, 0xAF,
    0x8D, 0x60, 0x6A, 0x0F, 0x9F, 0x59, 0xBE, 0xCC, 0x39, 0xF0, 0x39, 0xAF, 0xC0, 0xC3, 0x16, 0x82,
    0xA1, 0x98, 0x1E, 0x51, 0xFE, 0xDD, 0x4C, 0xDE, 0x9D, 0x3E, 0xFF, 0x3C, 0x3E, 0x43, 0xD2, 0x9C,
    0x29, 0xF9, 0xF2, 0xDC, 0x37, 0x9B, 0x3C, 0x80, 0x19, 0x93, 0xB7, 0x3E, 0xF9, 0xDE, 0x9D, 0xFB,
    0x2E, 0x97, 0xC6, 0xA7, 0xBC, 0x5B, 0xDB, 0xEC, 0xDB, 0xAF, 0x7D, 0xCF, 0xE3, 0x84, 0xEC, 0xDC,
    0xC7, 0xF8, 0x29, 0xDD, 0xBB, 0x76, 0xA4, 0xD2, 0xDB, 0xDA, 0x24, 0x75, 0x52, 0x67, 0x07, 0x8D,
    0xAB, 0xA2, 0x26, 0x69, 0x93, 0x56, 0x3F, 0xAC, 0x3E, 0x95, 0x83, 0x19, 0xA2, 0xB2, 0xB5, 0x3D,
    0x95, 0x3E, 0x22, 0x75, 0x29, 0xCE, 0x96, 0x27, 0x67, 0x61, 0x7B, 0xF5, 0x2C, 0xBC, 0xBE, 0x88,
    0xDD, 0x44, 0x84, 0x32, 0xB9, 0xCB, 0xF3, 0x8F, 0x79, 0x2F, 0x69, 0x57, 0x3F, 0xA1, 0x3A, 0xA0,
    0x62, 0x7B, 0xF9, 0x26, 0x6A, 0x10, 0xED, 0xC4, 0x17, 0xC0, 0x03, 0xB2, 0x2D, 0xE5, 0x42, 0x39,
    0x92, 0xB9, 0xDD, 0x03, 0xBC, 0x95, 0x4F, 0xE6, 0xB0, 0xDD, 0x75, 0x76, 0x9C, 0xF1, 0x61, 0x77,
    0x0A, 0xEB, 0xC8, 0x04, 0xD9, 0x02, 0x27, 0x1A, 0x1B, 0x4D, 0xC9, 0x46, 0x9A, 0xE1, 0x5A, 0x03,
    0x6A, 0x4F, 0xE3, 0xE9, 0x1D, 0x8F, 0xA1, 0xE0, 0xDA, 0xD7, 0x56, 0x47, 0x51, 0x7A, 0xA7, 0xA0,
    0xF9, 0x80, 0xAF, 0xD6, 0xCB, 0xD0, 0x7D, 0xE0, 0x80, 0x95, 0x02, 0x07, 0xF9, 0x0C, 0x55, 0xA4,
    0x1D, 0x22, 0xDD, 0xFE, 0x95, 0xBA, 0x3D, 0xA3, 0x94, 0x5C, 0x2D, 0xD1, 0x8E, 0x1F, 0xBD, 0x56,
    0x8F, 0xD0, 0x6C, 0xA1, 0xD6, 0x4C, 0x2E, 0x41, 0x2B, 0x4F, 0xA6, 0x01, 0xCC, 0x79, 0xED, 0xC7,
    0x60, 0x87, 0x56, 0xF2, 0x46, 0xE2, 0x44, 0x6F, 0x41, 0x0E, 0xB5, 0xC7, 0x78, 0x7A, 0x08, 0xF0,
    0x39, 0x00, 0xD9, 0xF9, 0xAB, 0xFE, 0x46, 0x53, 0x3B, 0x7C, 0x6C, 0x3B, 0xD0, 0x6A, 0xAA, 0xB5,
    0x94, 0x0A, 0x94, 0xE1, 0x53, 0x8B, 0xD0, 0x6A, 0x31, 0x9A, 0x3E, 0x43, 0x1D, 0x05, 0xBB, 0xEB,
    0xE9, 0x0C, 0xE1, 0x21, 0xDC, 0xFF, 0x92, 0xE3, 0xE9, 0xBA, 0x0B, 0x36, 0x35, 0x28, 0xDE, 0x9C,
    0x72, 0x77, 0x7A, 0x80, 0xA8, 0x63, 0x0C, 0xDE, 0x74, 0x11, 0x0F, 0xE5, 0x00, 0x4A, 0x74, 0xB7,
    0x1E, 0xFE, 0x21, 0x58, 0x68, 0x29, 0x44, 0xB9, 0xC0, 0xFD, 0x4F, 0x85, 0xF0, 0x08, 0xEC, 0xB2,
    0x2E, 0x55, 0xD1, 0x01, 0x1C, 0x6D, 0x99, 0xDE, 0xEB, 0x4B, 0xCD, 0x6D, 0xA5, 0xF6, 0x52, 0xB8,
    0x80, 0x66, 0xE4, 0xB9, 0xA8, 0x5D, 0xC4, 0x43, 0x39, 0x42, 0x11, 0xE9, 0x87, 0x48, 0xC7, 0x53,
    0x37, 0xC6, 0xF2, 0x3B, 0xBB, 0x7A, 0x07, 0xEE, 0x3B, 0x23, 0xDF, 0xC8, 0x9F, 0xC8, 0x11, 0xE0,
    0x1E, 0x18, 0xCA, 0x67, 0xAE, 0xDC, 0x91, 0x94, 0x47, 0xFB, 0xF2, 0xF8, 0x74, 0xF0, 0xE3, 0x44,
    0xBB, 0xA5, 0xCE, 0x5C, 0xEE, 0xA6, 0xC1, 0x6B, 0xC9, 0x5F, 0x70, 0xD3, 0xE0, 0x37, 0x2C, 0xCF,
    0x9A, 0xBE, 0x3A, 0x2C, 0xF7, 0xEE, 0x80, 0xD4, 0xE5, 0x12, 0x7C, 0xE8, 0xB7, 0xB9, 0xD8, 0xAC,
    0x2B, 0xC2, 0x6D, 0x30, 0x09, 0x9F, 0x28, 0x97, 0x76, 0x6E, 0xE6, 0x5A, 0x1A, 0x0B, 0xC9, 0xF1,
    0xEA, 0x19, 0xF9, 0x7C, 0xBF, 0x52, 0xA8, 0x35, 0x97, 0xD5, 0xB0, 0x8B, 0xDA, 0xE9, 0xBD, 0xCD,
    0xC9, 0x0C, 0x6A, 0xA5, 0x5A, 0xCA, 0x74, 0x86, 0xC4, 0x13, 0xE0, 0xA8, 0xA2, 0x2A, 0xCD, 0xAB,
    0x01, 0x87, 0x89, 0x9A, 0x5B, 0x08, 0xF7, 0xC0, 0x06, 0x68, 0xC6, 0xE3, 0x8A, 0xF2, 0x73, 0xF9,
    0xF7, 0x53, 0xA1, 0x91, 0xBE, 0x3B, 0x4C, 0x54, 0x35, 0x40, 0x3B, 0xC3, 0xB7, 0xFF, 0x4C, 0x62,
    0x4D, 0x57, 0xC3, 0x51, 0x44, 0xF1, 0x00, 0xE4, 0xB3, 0xBF, 0x4F, 0x86, 0x3C, 0xF6, 0x10, 0x5D,
    0x77, 0xB2, 0x8E, 0xFA, 0xBB, 0x07, 0xDA, 0x1F, 0x1E, 0x79, 0xD0, 0x38, 0x16, 0x03, 0x3F, 0xF5,
    0x99, 0x47, 0x5B, 0x30, 0xEE, 0xBF, 0x02, 0xCB, 0x3D, 0xB2, 0x60, 0x29, 0xA6, 0x40, 0xF5, 0x07,
    0x13, 0x25, 0x9E, 0x9D, 0xC4, 0x9B, 0x71, 0xBB, 0x2B, 0xA8, 0x44, 0x1D, 0x89, 0x72, 0x8F, 0xA0,
    0xE9, 0xBD, 0x3F, 0x5D, 0x1D, 0xAE, 0x65, 0x0B, 0xD9, 0xBC, 0x8B, 0x25, 0x28, 0x23, 0xF9, 0x96,
    0xE8, 0x3A, 0x80, 0x7A, 0x04, 0x30, 0x0B, 0xC0, 0xE6, 0x31, 0xC0, 0x57, 0x7F, 0x2A, 0xBB, 0xCD,
    0x7A, 0x48, 0xCA, 0x56, 0x5F, 0x4F, 0x51, 0xE1, 0x10, 0xFD, 0xDC, 0x8C, 0xCD, 0x5C, 0x4D, 0xF5,
    0xD4, 0x2E, 0x75, 0xF4, 0x26, 0xD4, 0x63, 0x3D, 0xD9, 0x4D, 0x33, 0x54, 0xF3, 0xA3, 0xC7, 0x4D,
    0x9C, 0x47, 0xB0, 0xAD, 0x2F, 0x36, 0xC1, 0x58, 0x97, 0x6B, 0x36, 0xEA, 0x32, 0x4D, 0x8D, 0x40,
    0x53, 0x9D, 0xFC, 0x50, 0x6D, 0xA1, 0xF7, 0x65, 0x80, 0x34, 0x79, 0xE0, 0x0B, 0x00, 0xB6, 0x40,
    0x21, 0x07, 0xF5, 0x7F, 0x0C, 0x50, 0x64, 0x0E, 0x00, 0xFA, 0xEE, 0x51, 0x1E, 0xAC, 0xDB, 0xA6,
    0x95, 0x52, 0xB1, 0xB4, 0xBF, 0xAF, 0x38, 0xFE, 0x1F, 0xE8, 0x87, 0xA7, 0xFA, 0x1F, 0xF4, 0xCB,
    0x63, 0xFD, 0xE6, 0xFF, 0xFC, 0xED, 0x50, 0xFE, 0xEF, 0x5F, 0xFE, 0x8F, 0x2F, 0xF4, 0xA7, 0x8A,
    0xC3, 0xBD, 0x96, 0x46, 0xFB, 0x6E, 0x81, 0xB2, 0x2D, 0x3C, 0x26, 0x40, 0x8A, 0x44, 0x39, 0x01,
    0x6D, 0x00, 0x1E, 0x98, 0x34, 0xE2, 0x2B, 0x00, 0x24, 0x1D, 0x08, 0x33, 0xE4, 0x5B, 0x9A, 0xA9,
    0x08, 0xD4, 0x73, 0x3D, 0x53, 0x86, 0x66, 0xA2, 0xD8, 0x9A, 0x01, 0x24, 0x07, 0xBD, 0x00, 0xB3,
    0x01, 0x9A, 0x00, 0xD4, 0x33, 0x50, 0x4D, 0x37, 0xB9, 0xFD, 0x27, 0xB5, 0xF5, 0xBF, 0x18, 0xF8,
    0xFB, 0xBB, 0xB9, 0xB4, 0x83, 0x75, 0xC6, 0xC7, 0xDD, 0xB5, 0xDE, 0x76, 0xCD, 0xD8, 0x53, 0x4F,
    0x5B, 0xAA, 0x69, 0x43, 0xF1, 0x4E, 0xA0, 0xD0, 0xEE, 0x53, 0x96, 0x46, 0xB0, 0x03, 0x18, 0x1F,
    0xE9, 0x40, 0x60, 0x37, 0xD0, 0x2F, 0x91, 0x01, 0xF8, 0xED, 0xBA, 0x23, 0xDB, 0x18, 0x4F, 0x72,
    0x6B, 0x16, 0x78, 0xA9, 0x53, 0xE2, 0x14, 0xF2, 0x19, 0xCA, 0x05, 0x9A, 0x21, 0xB2, 0xBF, 0xBD,
    0x6B, 0xA5, 0xE9, 0x82, 0x55, 0xB7, 0x3A, 0x8A, 0x2D, 0x54, 0x01, 0x9A, 0x09, 0xD2, 0xB0, 0xBD,
    0x23, 0x13, 0x14, 0x1B, 0xA8, 0x96, 0x5D, 0xB1, 0xB4, 0x5C, 0xF0, 0xD4, 0xED, 0xDD, 0x43, 0xF8,
    0x1C, 0x00, 0xA3, 0xED, 0xB9, 0x6D, 0x52, 0x97, 0x66, 0xC4, 0x7A, 0x94, 0x22, 0x54, 0x33, 0xF5,
    0x84, 0x91, 0x56, 0xA3, 0x72, 0xAB, 0xA6, 0x44, 0xE5, 0x81, 0x23, 0xEA, 0xFA, 0x0E, 0xE8, 0x93,
    0xA5, 0x04, 0x87, 0x88, 0xFA, 0x9C, 0x4F, 0x85, 0xCD, 0x23, 0x30, 0x0B, 0xD4, 0x23, 0xE4, 0xDD,
    0x51, 0x85, 0xE5, 0xEE, 0xB4, 0x78, 0x73, 0xBD, 0xA1, 0x82, 0xBB, 0x87, 0x69, 0x8B, 0xBD, 0x6A,
    0x0D, 0xAD, 0xBC, 0x19, 0x3A, 0xE3, 0x30, 0x1D, 0xF6, 0x76, 0xF6, 0xFF, 0xCD, 0x99, 0x31, 0x90,
    0xDC, 0x46, 0x7A, 0x85, 0x3F, 0x00, 0xD2, 0x82, 0x27, 0x48, 0xC6, 0x05, 0x0C, 0xE8, 0xD2, 0xB9,
    0x70, 0x01, 0x03, 0x57, 0xA9, 0xEA, 0xC0, 0x40, 0xA9, 0x08, 0xF8, 0x14, 0x5C, 0xA0, 0xC0, 0xCA,
    0x13, 0x5D, 0x9E, 0x38, 0xBD, 0x40, 0x47, 0xC0, 0x76, 0xE0, 0xC0, 0xC9, 0x66, 0x0E, 0xC5, 0xD0,
    0x99, 0xCA, 0x99, 0x02, 0x89, 0x80, 0xE4, 0xD0, 0x09, 0xEE, 0x2E, 0x70, 0x8A, 0x3B, 0xBB, 0xCA,
    0xA1, 0x51, 0x36, 0x5C, 0x05, 0x96, 0x1A, 0xF3, 0xDC, 0x7F, 0xF7, 0xEC, 0x78, 0x59, 0x2B, 0xD2,
    0xBB, 0xE4, 0x92, 0x75, 0xFF, 0xF6, 0x7B, 0x6F, 0x31, 0x98, 0x6E, 0x3C, 0xFC, 0xD3, 0xE8, 0xEE,
    0xE9, 0x01, 0xCA, 0x29, 0xD2, 0xFB, 0x87, 0xCF, 0xA6, 0x44, 0xD2, 0x98, 0x7B, 0xA2, 0xDA, 0x72,
    0xD1, 0xCC, 0xA8, 0xEF, 0x46, 0x9A, 0x71, 0xE8, 0x69, 0xA6, 0xA1, 0xA5, 0xBE, 0x4C, 0xF6, 0x5A,
    0x38, 0x1B, 0xDE, 0x17, 0x6A, 0x14, 0xD2, 0x4E, 0x22, 0x2D, 0xF8, 0xF6, 0x5A, 0x20, 0x5B, 0x0C,
    0xC9, 0xF0, 0x0F, 0x4B, 0x21, 0x4D, 0xB5, 0xD4, 0x37, 0x93, 0xDA, 0xA1, 0x6D, 0x46, 0xF1, 0x7F,
    0xB0, 0x63, 0x7B, 0xBD, 0x96, 0x35, 0xE1, 0x48, 0x86, 0x73, 0x80, 0x7C, 0x01, 0x0A, 0xA3, 0x72,
    0xEE, 0xFA, 0x4C, 0x93, 0x51, 0xEB, 0xC9, 0x71, 0x0D, 0x6A, 0x02, 0x8D, 0x81, 0xF2, 0x8D, 0x7A,
    0xAD, 0x56, 0x4A, 0x69, 0x26, 0x93, 0x7A, 0xF8, 0xAB, 0xA7, 0x58, 0xB8, 0x88, 0x74, 0xEB, 0x5A,
    0xAD, 0x1E, 0x93, 0x07, 0x3F, 0x88, 0x5E, 0x78, 0x8F, 0x98, 0xC7, 0xD2, 0x23, 0x51, 0x6C, 0x80,
    0xFE, 0x41, 0x90, 0xF4, 0x7F, 0x36, 0x42, 0x68, 0x89, 0x5A, 0xF7, 0x51, 0xDF, 0xE1, 0x4A, 0x7C,
    0xA9, 0x73, 0x3A, 0x69, 0x92, 0x0E, 0x47, 0xD5, 0x18, 0x94, 0x61, 0x01, 0xF5, 0xA2, 0x5C, 0xC9,
    0x0E, 0x08, 0x6F, 0xBC, 0x70, 0x88, 0xCC, 0x51, 0x2D, 0x51, 0x9B, 0x29, 0xAA, 0xFA, 0xA0, 0x89,
    0x08, 0x9A, 0x39, 0xD3, 0x62, 0x2B, 0x37, 0xD3, 0x6A, 0xAD, 0x16, 0x50, 0x32, 0xCC, 0xCD, 0x08,
    0xD6, 0xFE, 0x20, 0x2D, 0xD2, 0x01, 0x79, 0x1D, 0x74, 0x1E, 0x14, 0x20, 0x6D, 0x63, 0xAE, 0xFF,
    0x2D, 0x1E, 0x69, 0x32, 0x73, 0x74, 0xD8, 0x7B, 0xF9, 0x49, 0xA8, 0x0A, 0x44, 0x67, 0x98, 0xB1,
    0x46, 0x07, 0xF3, 0x15, 0x24, 0x73, 0x8D, 0x76, 0x13, 0x8A, 0x2D, 0x48, 0x3D, 0x07, 0xE9, 0xC6,
    0x20, 0x0A, 0x8E, 0x32, 0x17, 0x0C, 0x15, 0x6B, 0xF0, 0x53, 0xCD, 0xA1, 0x4D, 0xAB, 0x1E, 0xEE,
    0xFE, 0xE0, 0xCD, 0x98, 0x00, 0xDC, 0x7F, 0x17, 0xF8, 0xA0, 0xFD, 0xA6, 0x03, 0xBA, 0xB6, 0x76,
    0x41, 0x8A, 0x25, 0x48, 0xD2, 0x07, 0x81, 0x0B, 0x49, 0x35, 0x7C, 0x2C, 0xCD, 0xA5, 0x64, 0xD2,
    0x04, 0x99, 0x3A, 0xEB, 0x9B, 0x43, 0x3F, 0xB4, 0x5D, 0x9B, 0x1E, 0x10, 0x5D, 0x9B, 0xBB, 0x20,
    0xE5, 0x12, 0xA4, 0x19, 0xB1, 0x73, 0x43, 0x4B, 0x37, 0x75, 0x7F, 0x71, 0x80, 0x3A, 0x56, 0x2F,
    0xA4, 0x5F, 0x78, 0x49, 0x86, 0xA7, 0xB9, 0x17, 0x01, 0xC9, 0xE1, 0x95, 0x79, 0x37, 0x4E, 0x8D,
    0xFF, 0x3C, 0x77, 0xD2, 0xA1, 0xD1, 0xE6, 0x79, 0xD0, 0xE2, 0x39, 0x3E, 0x1E, 0xC5, 0x08, 0x21,
    0x67, 0x46, 0x76, 0x28, 0x80, 0x0B, 0xAA, 0xA6, 0x9B, 0x91, 0x0E, 0x97, 0x09, 0x08, 0x54, 0x8F,
    0x90, 0xCB, 0x53, 0xA1, 0xD6, 0xD3, 0xE6, 0x13, 0xFC, 0x10, 0x9F, 0x82, 0x3E, 0xC2, 0xFE, 0xE7,
    0x88, 0x17, 0xFF, 0x35, 0xBD, 0xC7, 0xE8, 0xB1, 0x76, 0x6D, 0xE5, 0x71, 0xB6, 0x5C, 0xD4, 0x14,
    0xD4, 0x82, 0xC6, 0x79, 0x9D, 0x39, 0x90, 0x39, 0x18, 0x5A, 0xF5, 0x47, 0x9D, 0x8E, 0xBA, 0x1E,
    0xD5, 0x1D, 0x55, 0x47, 0x1D, 0xFE, 0x36, 0x6A, 0xF3, 0xBB, 0xA8, 0xE5, 0x7F, 0x47, 0xCD, 0xBF,
    0x8F, 0x9A, 0x2A, 0x2A, 0x41, 0x51, 0xB8, 0x90, 0x10, 0xB5, 0xFB, 0x93, 0xD4, 0xB4, 0x74, 0x95,
    0x76, 0x44, 0xEE, 0x6A, 0x6D, 0x88, 0xD4, 0x9D, 0xE9, 0x1C, 0x8B, 0x6C, 0x36, 0x2E, 0x36, 0xF3,
    0x54, 0x6C, 0xE6, 0x28, 0x9B, 0xA3, 0x9F, 0xE8, 0xC6, 0xBC, 0xE4, 0xAB, 0x64, 0xEC, 0x7D, 0x78,
    0xF6, 0x2E, 0x3C, 0x7B, 0x0F, 0x9E, 0xCD, 0x81, 0xE7, 0x54, 0xC6, 0x44, 0x6E, 0x02, 0xD7, 0x81,
    0xCB, 0xC0, 0x79, 0xE0, 0xD4, 0x33, 0x17, 0xE3, 0x15, 0xA5, 0x71, 0x2A, 0xE3, 0x4C, 0x23, 0x90,
    0x1E, 0xB0, 0xD8, 0x80, 0x6C, 0x0F, 0x14, 0x0F, 0x4F, 0xF1, 0xBE, 0xCE, 0x53, 0xD7, 0x69, 0x33,
    0xDA, 0x3D, 0xFD, 0xB5, 0x3C, 0xB5, 0x81, 0x86, 0x6B, 0x11, 0x10, 0x28, 0x33, 0x1A, 0x36, 0x40,
    0x8B, 0x51, 0xCF, 0xBB, 0x67, 0x40, 0xFD, 0x59, 0x0F, 0xE5, 0x01, 0x48, 0x37, 0x80, 0x73, 0x2E,
    0x47, 0xA8, 0x54, 0xD8, 0xD9, 0x52, 0x40, 0xA5, 0x16, 0x9A, 0x61, 0x84, 0xAE, 0x9A, 0x40, 0xE5,
    0x02, 0x7B, 0xB1, 0x90, 0xBA, 0x6C, 0x23, 0xB3, 0x27, 0x3A, 0x97, 0x76, 0x0A, 0x49, 0x94, 0x46,
    0xD5, 0xC4, 0xD0, 0x37, 0x36, 0x19, 0x04, 0xB2, 0x09, 0x62, 0xE6, 0xFC, 0x41, 0x1C, 0x15, 0xB5,
    0x40, 0xDD, 0x3F, 0x33, 0x12, 0x9E, 0x69, 0xA6, 0x94, 0xA3, 0xD0, 0x81, 0x24, 0x11, 0xD0, 0x91,
    0xC4, 0xC6, 0x68, 0x0C, 0x63, 0x17, 0x61, 0x6D, 0x7B, 0xA4, 0x7A, 0xCA, 0x83, 0x3B, 0xDF, 0x3C,
    0x6A, 0x5C, 0x31, 0xA7, 0x7D, 0xCC, 0xF0, 0xFF, 0xF7, 0x77, 0xEF, 0x8C, 0xA6, 0x6E, 0xAB, 0x03,
    0xD9, 0x0A, 0x13, 0x31, 0xF2, 0xF5, 0x5A, 0x25, 0xE6, 0xAC, 0x39, 0xE5, 0x2C, 0xBB, 0x9A, 0x33,
    0x9B, 0xE1, 0xE2, 0x5C, 0x67, 0xB9, 0x78, 0xD5, 0x19, 0x73, 0x3D, 0xB6, 0xD7, 0x9F, 0x93, 0xFD,
    0xD7, 0x42, 0xA2, 0x09, 0x9A, 0xD6, 0xFB, 0xE0, 0x14, 0x36, 0x2B, 0x16, 0x72, 0xD4, 0x12, 0xD7,
    0x9E, 0x45, 0x1F, 0xDC, 0x83, 0xFD, 0x1B, 0x68, 0x36, 0x28, 0x67, 0x48, 0x5B, 0x8E, 0x11, 0x66,
    0xC9, 0xEB, 0xA0, 0x31, 0x8C, 0x86, 0x7C, 0xB3, 0x59, 0xD4, 0x26, 0xD1, 0x4C, 0xEA, 0x6D, 0x0A,
    0x4D, 0xDB, 0xDE, 0xCF, 0x1C, 0xA9, 0x26, 0x3A, 0xB8, 0x47, 0x8C, 0xAE, 0xD5, 0x0F, 0x97, 0x5E,
    0xDE, 0x5F, 0x2D, 0x95, 0x92, 0x4D, 0x9F, 0x9D, 0xC3, 0x10, 0xE2, 0xAB, 0x8F, 0xC0, 0x3D, 0x32,
    0xBD, 0x55, 0x7F, 0x99, 0x26, 0x5F, 0x80, 0xFC, 0xBB, 0xB9, 0xF8, 0xDD, 0xE2, 0xF9, 0x66, 0x16,
    0xF9, 0x14, 0x92, 0x05, 0xF2, 0x99, 0xF4, 0x3F, 0x2A, 0xB2, 0xA5, 0x6E, 0xD3, 0xB9, 0xBA, 0x35,
    0x7B, 0xA4, 0x2D, 0xF9, 0x44, 0x39, 0xD2, 0x50, 0xDE, 0xFB, 0xAA, 0xEE, 0x5D, 0xC9, 0x57, 0x37,
    0x73, 0x78, 0xFF, 0xA7, 0xF0, 0x91, 0xAF, 0x53, 0x4E, 0xA4, 0x7F, 0xF8, 0x4B, 0x73, 0xD8, 0xA7,
    0x73, 0x79, 0x7B, 0x0E, 0x69, 0xB3, 0xDF, 0xCE, 0xA9, 0x26, 0x06, 0xCA, 0x9F, 0xFC, 0x2A, 0x38,
    0xFC, 0xD5, 0xCD, 0x1C, 0xDE, 0x01, 0x6A, 0xA0, 0x1A, 0xBD, 0xC3, 0x2F, 0x6E, 0xDF, 0x61, 0x4F,
    0xB6, 0x90, 0x38, 0x78, 0xE4, 0x1D, 0xBE, 0x4C, 0x0E, 0xDF, 0x57, 0x4F, 0xA3, 0xD5, 0x63, 0xE7,
    0x6E, 0x2A, 0x60, 0x40, 0x52, 0x7B, 0x81, 0x81, 0x01, 0x3F, 0x1E, 0xD3, 0xC8, 0x51, 0x6A, 0x25,
    0x51, 0x0F, 0x95, 0x88, 0x14, 0xE3, 0x67, 0x65, 0x0B, 0x4D, 0x35, 0x86, 0xFF, 0x5E, 0xF7, 0xC8,
    0x9A, 0x6A, 0xC1, 0x60, 0x91, 0x4D, 0x8B, 0x1F, 0x31, 0x36, 0xD3, 0x57, 0x19, 0x5D, 0xAF, 0xDC,
    0x10, 0xCB, 0x69, 0xAA, 0x58, 0x78, 0x93, 0x37, 0x44, 0x05, 0x34, 0xAD, 0xE9, 0xAB, 0xDD, 0x10,
    0x99, 0xDC, 0xB3, 0x7C, 0x35, 0xA2, 0x39, 0xCA, 0xC0, 0x4D, 0xE0, 0x41, 0x00, 0xBB, 0x71, 0xE6,
    0x8C, 0xF3, 0xD5, 0xB8, 0x9C, 0xA5, 0x8D, 0x7A, 0x34, 0xEE, 0x7A, 0x63, 0x49, 0x90, 0x06, 0xCE,
    0x02, 0x17, 0x2B, 0x82, 0x6A, 0x41, 0x52, 0x33, 0x19, 0x77, 0xA3, 0x31, 0x85, 0x36, 0xB8, 0xCC,
    0x57, 0xE3, 0x4C, 0xE7, 0xC3, 0x44, 0xA9, 0xEF, 0xC3, 0x5D, 0xCA, 0xEE, 0x13, 0x4D, 0x03, 0xD0,
    0xB5, 0x4D, 0x9B, 0xC8, 0x47, 0x5F, 0x06, 0x6E, 0x22, 0x8F, 0x5D, 0x0B, 0x36, 0xE0, 0xBF, 0x4D,
    0x13, 0xDE, 0x5F, 0x79, 0x16, 0xA9, 0x7E, 0x3F, 0x3C, 0x05, 0xEB, 0xD2, 0x61, 0x56, 0xC9, 0xA5,
    0x85, 0xEA, 0x69, 0xF2, 0x98, 0x66, 0x06, 0xBA, 0x11, 0x18, 0x7A, 0xA3, 0x36, 0xFD, 0x47, 0x4F,
    0x99, 0xF3, 0xD4, 0x69, 0x1C, 0x7A, 0x4F, 0xDD, 0xE8, 0xA9, 0x99, 0x33, 0x47, 0xB5, 0x65, 0xC1,
    0x87, 0x23, 0xF1, 0x64, 0xED, 0x3D, 0x26, 0xF1, 0x0D, 0x17, 0xD2, 0x71, 0xFE, 0x19, 0x18, 0xDA,
    0x01, 0x15, 0x5A, 0x02, 0x18, 0xC2, 0x5F, 0x37, 0x8A, 0xD3, 0x87, 0x70, 0x10, 0x20, 0xEE, 0xA6,
    0x07, 0x1A, 0x39, 0x8F, 0x35, 0xF8, 0xE2, 0xDD, 0x2C, 0x2E, 0x47, 0x4A, 0x1D, 0x7B, 0xD8, 0x63,
    0x8E, 0x11, 0x8C, 0x9B, 0x6F, 0xB3, 0x6D, 0xAE, 0xCD, 0x74, 0x37, 0x46, 0xCB, 0x43, 0x4B, 0x30,
    0x1C, 0x60, 0x03, 0xC3, 0x98, 0x39, 0x33, 0x6B, 0x5E, 0xCD, 0x6A, 0x70, 0x6A, 0x46, 0xC7, 0x5F,
    0x3E, 0x77, 0xDD, 0xF1, 0x83, 0xF7, 0xC0, 0x09, 0x76, 0x7C, 0xAD, 0x7B, 0x48, 0xFA, 0x5F, 0xFA,
    0xA7, 0x6E, 0x25, 0xD1, 0x1C, 0x3B, 0xEB, 0x7B, 0x9C, 0x42, 0xD4, 0x96, 0x8F, 0x51, 0xA9, 0x50,
    0xE1, 0x50, 0xBD, 0xA0, 0x61, 0x44, 0x02, 0xED, 0x44, 0xD5, 0x88, 0x9A, 0x05, 0x95, 0x1B, 0xCA,
    0x77, 0x94, 0x88, 0x50, 0x87, 0x66, 0x16, 0xE5, 0x7A, 0xE7, 0x0C, 0x9A, 0x1A, 0xAA, 0x03, 0x64,
    0x2B, 0xA7, 0xF5, 0xCB, 0x07, 0x2D, 0x74, 0x3F, 0x08, 0xF5, 0xDD, 0xCF, 0x0F, 0x74, 0x9F, 0x6C,
    0x74, 0x5F, 0xCE, 0x74, 0xEA, 0x3D, 0x38, 0xAA, 0x3F, 0xFE, 0x6C, 0xF5, 0xE7, 0x1C, 0xDD, 0xC7,
    0x07, 0x7B, 0xAF, 0xAD, 0xE7, 0xC7, 0x5B, 0x5B, 0xC0, 0xB8, 0x8B, 0xAF, 0xFC, 0x6A, 0x81, 0xAF,
    0x81, 0x64, 0x03, 0x32, 0x3B, 0x4C, 0x15, 0x3B, 0xDB, 0x4B, 0xAC, 0x5E, 0x26, 0xA8, 0x81, 0x47,
    0xC0, 0x30, 0x47, 0xD4, 0x1E, 0x8D, 0xC6, 0xCB, 0xF4, 0x6C, 0xBC, 0xD9, 0x7B, 0xCA, 0xB5, 0x9D,
    0x70, 0x39, 0x6E, 0xED, 0x5E, 0x1F, 0xDF, 0x87, 0xCD, 0x41, 0xB7, 0x42, 0x35, 0x42, 0xC6, 0x29,
    0x6A, 0x69, 0x3E, 0x62, 0x04, 0xC5, 0x71, 0xB9, 0x5C, 0xA0, 0xB1, 0xFA, 0x07, 0x0F, 0x8D, 0xD0,
    0xCD, 0x50, 0x2D, 0x76, 0xC2, 0xF4, 0x67, 0xFE, 0xB8, 0x89, 0x7B, 0x0D, 0x9C, 0xE9, 0xDF, 0x49,
    0xDB, 0xB1, 0xF8, 0xD7, 0x25, 0xD5, 0xC8, 0x00, 0xF7, 0x38, 0x45, 0xA3, 0x3D, 0x14, 0x47, 0xB1,
    0x59, 0xF5, 0xC6, 0x86, 0xEC, 0x44, 0x64, 0xF2, 0xBC, 0x92, 0x3B, 0x38, 0x80, 0x40, 0xF7, 0xF3,
    0x43, 0x27, 0x37, 0x68, 0xF5, 0x0F, 0x45, 0x9A, 0xF4, 0xE5, 0xBF, 0x4C, 0x99, 0x7A, 0x76, 0xB8,
    0x4F, 0x8C, 0x64, 0xBF, 0x6E, 0x49, 0x77, 0x3A, 0xC7, 0xB0, 0x32, 0xF4, 0x7F, 0x34, 0x1B, 0x24,
    0xE6, 0x03, 0xB0, 0x97, 0xE1, 0x4D, 0xEE, 0x85, 0xD8, 0x73, 0x0E, 0x74, 0x57, 0xE5, 0x8D, 0x6D,
    0x82, 0xC4, 0x1E, 0xD1, 0x70, 0xEA, 0x5C, 0xD9, 0x02, 0xF4, 0xB7, 0x37, 0x4C, 0x73, 0x0E, 0xE9,
    0x0A, 0xF9, 0x06, 0xD5, 0xEC, 0xD1, 0xC2, 0xDB, 0xB7, 0x3B, 0x4C, 0x8B, 0x62, 0xE1, 0x39, 0x9C,
    0xB9, 0x67, 0x58, 0xBA, 0xCC, 0x97, 0xCF, 0xAE, 0x27, 0x26, 0xDF, 0xCB, 0x4D, 0x64, 0xD2, 0x22,
    0x08, 0xFD, 0x91, 0xFA, 0x10, 0x56, 0x27, 0xC7, 0x9E, 0xD3, 0x9F, 0x06, 0x71, 0x2A, 0xC3, 0x12,
    0xB5, 0xF6, 0x68, 0x46, 0x99, 0xE7, 0x44, 0xA8, 0xD8, 0x51, 0xB7, 0xC6, 0x49, 0x60, 0x07, 0x4D,
    0x20, 0xAE, 0x82, 0x9F, 0x02, 0xEE, 0x78, 0xD0, 0x8C, 0x50, 0x7A, 0xA4, 0x84, 0x38, 0xE0, 0xFD,
    0xF4, 0x1E, 0x93, 0x87, 0x79, 0x73, 0x1E, 0xF2, 0xF0, 0x9B, 0x18, 0xB6, 0x85, 0x61, 0x1B, 0x18,
    0xB6, 0x7D, 0xA1, 0x54, 0x4E, 0x18, 0x1A, 0x8F, 0xDA, 0xA3, 0xF4, 0xC8, 0x3D, 0x52, 0x17, 0x3F,
    0x00, 0x8F, 0x1D, 0x18, 0x80, 0x1A, 0xF8, 0xD1, 0x69, 0x3B, 0x82, 0x4E, 0x9B, 0xC7, 0x1E, 0xD6,
    0xBE, 0x5D, 0x6B, 0x18, 0x5E, 0x88, 0xD8, 0x63, 0x12, 0x47, 0xFC, 0x4C, 0xC9, 0x5A, 0x62, 0x84,
    0xAB, 0x90, 0xEF, 0x40, 0xF1, 0x67, 0x40, 0x6E, 0x54, 0xEC, 0xCF, 0x2E, 0x21, 0x35, 0x7A, 0xFA,
    0xD2, 0xD3, 0x50, 0xCD, 0x71, 0x1D, 0x99, 0xEC, 0xC5, 0x4A, 0x76, 0x5A, 0x47, 0x16, 0xD2, 0x4E,
    0x29, 0x29, 0x52, 0x7D, 0x79, 0x1D, 0x19, 0x87, 0xF5, 0x99, 0xB4, 0x87, 0x7A, 0x8C, 0x9D, 0xF0,
    0x43, 0x62, 0xD4, 0x2D, 0xFC, 0xD3, 0x14, 0x51, 0xB7, 0xAF, 0xB8, 0xA6, 0x84, 0xDE, 0x28, 0x3B,
    0xED, 0xF2, 0xC4, 0xEB, 0x41, 0x63, 0xC4, 0x9D, 0x37, 0xBC, 0xB2, 0x84, 0xF3, 0x53, 0x7E, 0x29,
    0x02, 0x57, 0x53, 0xE0, 0xD6, 0xF8, 0x47, 0xAF, 0x6B, 0x7D, 0x19, 0xBA, 0x26, 0x3B, 0x90, 0x1A,
    0x15, 0xAB, 0xD1, 0xC4, 0xA9, 0x7B, 0xBE, 0x85, 0xFD, 0xA0, 0x10, 0xDA, 0x6D, 0xF3, 0x50, 0x3B,
    0xCE, 0xC4, 0x85, 0xCD, 0xC4, 0x95, 0x2D, 0x37, 0x1B, 0xFB, 0xC8, 0xF6, 0x7A, 0x1A, 0x3E, 0xDE,
    0x3C, 0x7D, 0x32, 0x7B, 0xFA, 0xC2, 0x5F, 0xAD, 0x93, 0x5D, 0xD4, 0xA1, 0xBE, 0xDA, 0x73, 0xC5,
    0xF4, 0xD5, 0xD2, 0x4A, 0x6D, 0x33, 0xFB, 0x5B, 0x58, 0xA4, 0xC4, 0x47, 0xA1, 0xF1, 0x18, 0xE2,
    0xEC, 0x1C, 0xFD, 0x24, 0x24, 0xC3, 0x17, 0xED, 0x69, 0xE0, 0xF8, 0x8D, 0xDA, 0x21, 0xD3, 0xA8,
    0xF2, 0x3F, 0xC7, 0x43, 0x53, 0x8F, 0xFA, 0xBA, 0x1E, 0x87, 0xD5, 0xE6, 0x79, 0xB5, 0xE1, 0xBC,
    0x1C, 0xBF, 0x1E, 0xCE, 0x01, 0xAB, 0x7F, 0x07, 0x58, 0x1F, 0x02, 0xAE, 0x01, 0x1E, 0x95, 0x3D,
    0x54, 0xBF, 0x98, 0xE0, 0x9D, 0xA4, 0x7F, 0x8D, 0x5F, 0x7C, 0xDE, 0x4E, 0x3C, 0xE7, 0x23, 0xF5,
    0xDF, 0xCF, 0x14, 0xDF, 0xAD, 0x64, 0x8B, 0x83, 0xE9, 0xC3, 0x97, 0xEF, 0xA0, 0xE9, 0x16, 0xAC,
    0x01, 0x4D, 0x39, 0xC2, 0xC3, 0x62, 0x7C, 0xED, 0xDB, 0x7C, 0x5D, 0x4F, 0xA2, 0x85, 0x6C, 0xD9,
    0xC8, 0xA6, 0xAF, 0x5F, 0xE9, 0xF9, 0xBA, 0x93, 0xC2, 0xAF, 0xCB, 0x96, 0xAE, 0x1A, 0xA9, 0xFE,
    0xCE, 0x52, 0xB2, 0x90, 0xF6, 0x8F, 0xB9, 0x98, 0x84, 0x4F, 0x80, 0x67, 0x21, 0x77, 0xC2, 0xD5,
    0x73, 0x6A, 0x2F, 0x60, 0xE9, 0xAE, 0x9E, 0x93, 0xEE, 0xB8, 0x68, 0xDB, 0xA8, 0xB5, 0xD3, 0x8C,
    0x62, 0xA0, 0x7B, 0xA6, 0xEE, 0x00, 0x74, 0xD3, 0x5B, 0x76, 0x3E, 0xDE, 0xD3, 0xB0, 0x91, 0x1C,
    0xE2, 0xDE, 0x7A, 0xF9, 0xCF, 0x33, 0xE5, 0xCF, 0x17, 0x80, 0x5B, 0xF3, 0xCA, 0xD0, 0x92, 0x6A,
    0x26, 0xFF, 0xCD, 0x4A, 0x31, 0x6E, 0x00, 0x2F, 0xED, 0xF3, 0x4E, 0x6A, 0x69, 0xF5, 0x59, 0xF5,
    0x49, 0xF5, 0x39, 0x3D, 0xA6, 0x54, 0x37, 0x2E, 0x3E, 0x7F, 0x75, 0x3E, 0xFA, 0xEC, 0xF9, 0x46,
    0x2C, 0x77, 0x31, 0x75, 0x5D, 0x7B, 0x9D, 0x92, 0x6E, 0x94, 0xB2, 0x5E, 0x79, 0xEA, 0x93, 0x99,
    0xBB, 0x71, 0xC9, 0xED, 0xBE, 0x79, 0x58, 0xB5, 0x9F, 0x97, 0xFD, 0xCD, 0x36, 0x74, 0x3F, 0xBD,
    0x0B, 0xE9, 0xF2, 0xB9, 0xA7, 0xED, 0x09, 0xF0, 0x75, 0xDD, 0x62, 0x66, 0xE0, 0xBD, 0xAC, 0x7D,
    0x8D, 0x1B, 0xBA, 0xCF, 0xEF, 0x71, 0x2F, 0xB9, 0xA1, 0x9B, 0x5F, 0x7A, 0xC0, 0x7B, 0xF8, 0xA8,
    0x18, 0x5F, 0xF7, 0x9E, 0x34, 0x5D, 0x4F, 0xAA, 0x85, 0xEC, 0xF7, 0x2B, 0x79, 0xEC, 0x88, 0x2F,
    0x6D, 0xFF, 0xEE, 0xDB, 0xF0, 0x79, 0x05, 0x4F, 0xEA, 0x9E, 0xFA, 0x93, 0x89, 0xF2, 0xBB, 0x85,
    0xAC, 0x9D, 0x4E, 0xBF, 0x8A, 0x4A, 0xBB, 0x87, 0x50, 0xA2, 0xFE, 0x72, 0x5B, 0xFE, 0x78, 0x94,
    0x74, 0x3C, 0xBF, 0xA0, 0xD2, 0xA1, 0xEC, 0x70, 0xF9, 0x7B, 0xF3, 0x24, 0xEA, 0xE5, 0xEE, 0x99,
    0x35, 0xFF, 0xA4, 0xEA, 0x7D, 0xE3, 0xBE, 0xED, 0xD8, 0xF4, 0x99, 0xE6, 0x4A, 0x8B, 0x95, 0x99,
    0x6A, 0x7A, 0x6E, 0xE1, 0x09, 0x64, 0x9A, 0xFC, 0xC3, 0xBC, 0x50, 0xFE, 0xCD, 0x02, 0x70, 0x6B,
    0xBE, 0xD2, 0x9D, 0x52, 0x6D, 0xED, 0x3B, 0x7F, 0x3E, 0x9E, 0x56, 0xD0, 0x9D, 0x46, 0x2B, 0xFD,
    0x8B, 0x9E, 0x9B, 0xA4, 0xFD, 0x94, 0xFC, 0xDB, 0x85, 0xE2, 0x0F, 0x1B, 0xE9, 0xF2, 0x4D, 0x9C,
    0x9E, 0x3E, 0x7C, 0xEF, 0xD6, 0x76, 0x4F, 0xEF, 0xA4, 0x7C, 0x54, 0xB6, 0x5D, 0x19, 0x46, 0x86,
    0x6F, 0x6D, 0x64, 0xB8, 0xC1, 0xCE, 0x6E, 0x35, 0x43, 0xE7, 0xC0, 0x3D, 0x84, 0xB5, 0xBE, 0xD5,
    0x8D, 0x7B, 0x86, 0x36, 0xD3, 0x5C, 0xFC, 0x76, 0x29, 0xBE, 0x5D, 0x6F, 0xF8, 0xAB, 0xC2, 0x53,
    0xF2, 0xB8, 0x98, 0xA1, 0x9E, 0xDF, 0xA1, 0x9E, 0xF0, 0x1A, 0x77, 0x52, 0x4A, 0xAD, 0xA4, 0x12,
    0xD4, 0x1A, 0x8F, 0x3F, 0xB1, 0x84, 0xB3, 0xEF, 0xD1, 0x4D, 0xB5, 0x34, 0x36, 0xC7, 0xEF, 0xC5,
    0x21, 0xCA, 0x11, 0x2A, 0x0F, 0xF5, 0xB0, 0x43, 0x32, 0xCC, 0x85, 0xD6, 0x4A, 0x4B, 0x3D, 0xFD,
    0xB8, 0x9E, 0xA8, 0xB5, 0x94, 0xDA, 0x72, 0x39, 0x72, 0x77, 0x2F, 0x73, 0xB5, 0xB6, 0x46, 0x4B,
    0xDC, 0x2C, 0xE0, 0x11, 0x3C, 0x21, 0xDB, 0xC9, 0x56, 0x06, 0xC9, 0x5D, 0xC0, 0xD2, 0xF5, 0x52,
    0xB8, 0xEC, 0x66, 0xE8, 0xAD, 0x71, 0x3E, 0xB8, 0xDC, 0x4B, 0x34, 0xC6, 0x72, 0xB5, 0xF7, 0x34,
    0x63, 0xDB, 0xC8, 0xD6, 0x5B, 0x71, 0xCB, 0x02, 0x47, 0xE2, 0x28, 0x57, 0xCA, 0xC9, 0xFA, 0x1F,
    0xDD, 0x71, 0xD3, 0xFB, 0x4F, 0x33, 0x01, 0x97, 0x90, 0x08, 0x8A, 0x9D, 0x4C, 0x9B, 0xC7, 0xEA,
    0xB1, 0x43, 0x2E, 0xE2, 0xE5, 0x9B, 0x31, 0xA2, 0xF3, 0x50, 0xEB, 0x1B, 0xA2, 0x93, 0xF3, 0x98,
    0x19, 0x9E, 0x42, 0x7D, 0x30, 0x43, 0x8D, 0x96, 0x1F, 0x97, 0x0B, 0xC5, 0x4A, 0xB1, 0x50, 0xCF,
    0x99, 0xFA, 0x50, 0x16, 0xAA, 0xF5, 0x38, 0x92, 0x17, 0x5B, 0x32, 0x2C, 0x83, 0xA6, 0x41, 0x0C,
    0xE7, 0x70, 0xFE, 0x80, 0xE4, 0xA9, 0x83, 0x61, 0x81, 0x7A, 0x84, 0x33, 0x4E, 0x21, 0x8A, 0xF5,
    0xB9, 0x90, 0x4E, 0x78, 0xC1, 0xFB, 0x6E, 0xBE, 0x9F, 0xA6, 0xE9, 0xC6, 0x5F, 0x7F, 0xFE, 0x17,
    0x63, 0xFF, 0xC1, 0x20, 0xFF, 0x9F, 0xC1, 0x9E, 0xBF, 0xC1, 0x96, 0xFB, 0x00, 0x00, 0xC5, 0xDA,
    0x01, 0x84, 0x24, 0xF9, 0x7E, 0x07, 0xF0, 0x4F, 0x55, 0xCD, 0x4E, 0xBD, 0xDD, 0x22, 0xB5, 0xE2,
    0x6D, 0xD8, 0x4D, 0xA4, 0x17, 0x0F, 0x92, 0xC4, 0x34, 0x04, 0x60, 0xAF, 0xCA, 0x3D, 0x04, 0x90,
    0x7D, 0xEC, 0x08, 0x1E, 0x1C, 0x0E, 0xC9, 0x05, 0x07, 0x00, 0xB7, 0x57, 0x25, 0x22, 0x00, 0x46,
    0x40, 0x04, 0x2C, 0x16, 0xB9, 0x0D, 0xF6, 0x10, 0xC0, 0xB9, 0x2A, 0x49, 0x00, 0x50, 0x11, 0x04,
    0xA0, 0x71, 0x07, 0x20, 0x85, 0x3A, 0x3A, 0x97, 0xEE, 0xFE, 0x65, 0xFA, 0xA6, 0x6F, 0x36, 0xBB,
    0xE6, 0x72, 0xFB, 0x74, 0xF7, 0xAD, 0x9A, 0xDF, 0x9F, 0xE9, 0x32, 0xE3, 0xFB, 0x29, 0xE5, 0xF7,
    0xAF, 0xFE, 0x29, 0xC9, 0x13, 0x64, 0x6B, 0x14, 0x1B, 0x94, 0x81, 0x79, 0xB4, 0x54, 0x2F, 0x7B,
    0x9A, 0xD9, 0x40, 0x94, 0x23, 0xEB, 0x62, 0x92, 0xAE, 0xB2, 0xA5, 0x6C, 0x99, 0xAD, 0xE4, 0x11,
    0x6B, 0x65, 0x44, 0x5C, 0x2D, 0xF3, 0xAF, 0xCF, 0xBB, 0xB6, 0xEA, 0x55, 0xFD, 0x77, 0x4B, 0x57,
    0x9B, 0x2F, 0x00, 0xCF, 0x90, 0xAD, 0xEC, 0x96, 0x64, 0x02, 0x38, 0xAF, 0x95, 0x31, 0x29, 0x62,
    0xAD, 0xF8, 0xA7, 0x40, 0x87, 0x46, 0x1A, 0x61, 0x16, 0xA1, 0xFA, 0xBA, 0x53, 0xB5, 0x8D, 0xAA,
    0xBF, 0xAC, 0x6F, 0xAF, 0x3E, 0xCB, 0x23, 0xB8, 0x85, 0x3B, 0xA8, 0x5A, 0xAA, 0x9E, 0x79, 0x0D,
    0x9C, 0x7E, 0x85, 0x62, 0x8D, 0x5B, 0x1D, 0xBC, 0x87, 0x64, 0xB9, 0x4B, 0x70, 0x44, 0xE5, 0x47,
    0xE8, 0x06, 0xFE, 0x6A, 0x41, 0xB6, 0x60, 0xD6, 0x32, 0xDB, 0xD3, 0xC7, 0x6D, 0x76, 0xB4, 0xA6,
    0xE5, 0x57, 0x6B, 0x92, 0x6F, 0xA6, 0xAD, 0xAF, 0xDE, 0xE5, 0xFE, 0xFD, 0x02, 0x1C, 0x95, 0x46,
    0x4B, 0x3A, 0x52, 0x4C, 0x4E, 0x66, 0x83, 0xB3, 0x39, 0xF1, 0x6F, 0xB2, 0x18, 0x65, 0xFF, 0x3E,
    0x62, 0x6F, 0x26, 0xDC, 0x81, 0xAA, 0xC5, 0x7C, 0xC0, 0x9F, 0x4F, 0x24, 0xD3, 0xB8, 0xB5, 0xFA,
    0x49, 0xAD, 0xF8, 0x80, 0x74, 0x49, 0xBA, 0xE6, 0xA4, 0xA9, 0x9D, 0x95, 0x44, 0x7F, 0x40, 0x6F,
    0xFE, 0x95, 0x5D, 0xF2, 0xA4, 0x81, 0xF7, 0xF0, 0xAB, 0xE5, 0xD6, 0xFB, 0xEC, 0x9D, 0x78, 0xBB,
    0x9E, 0x66, 0x41, 0x36, 0x3A, 0x29, 0x06, 0x67, 0xB3, 0xFA, 0xB0, 0x5E, 0x28, 0xFE, 0xAE, 0xA5,
    0x8A, 0x81, 0x26, 0x5A, 0x7E, 0x7E, 0x1F, 0x1E, 0xDB, 0xA2, 0xFD, 0xC4, 0xE8, 0xE4, 0xF9, 0x43,
    0x79, 0xAC, 0x6C, 0x41, 0xD9, 0xE9, 0x05, 0x27, 0x38, 0xE3, 0x70, 0xE8, 0x3D, 0x6C, 0xC7, 0xEC,
    0xB6, 0x37, 0x49, 0x8F, 0xD3, 0x85, 0x81, 0x53, 0x98, 0xF5, 0xBB, 0xF3, 0x36, 0xF0, 0xCF, 0x38,
    0xCB, 0x7B, 0xE6, 0x7F, 0xD6, 0x53, 0x46, 0x4B, 0xB6, 0x39, 0xFE, 0x65, 0x51, 0x63, 0x24, 0x5B,
    0x51, 0x8E, 0xCC, 0x5A, 0x4E, 0xC9, 0x16, 0x5F, 0xC8, 0xBE, 0x59, 0x4A, 0x62, 0xA4, 0xE9, 0x0F,
    0x74, 0xAF, 0xE7, 0xD7, 0xEE, 0x72, 0x81, 0x6C, 0xF9, 0x2E, 0xE1, 0xF8, 0x9C, 0x74, 0x49, 0xB2,
    0x41, 0x55, 0x53, 0x1E, 0x0D, 0xBE, 0x46, 0x1E, 0x50, 0xC1, 0x97, 0x30, 0x81, 0x77, 0xA7, 0x8F,
    0x96, 0x6E, 0xB7, 0x2B, 0x17, 0x03, 0x33, 0xDC, 0x3A, 0xC2, 0x15, 0x38, 0xAD, 0x5B, 0x66, 0xB1,
    0xA0, 0x8A, 0x9E, 0x3F, 0x9E, 0xD7, 0xEF, 0xCE, 0xFD, 0xE1, 0xCF, 0x65, 0xB1, 0x96, 0xC7, 0x4A,
    0xFA, 0xB7, 0x0B, 0x1C, 0xC1, 0xBB, 0x07, 0xEB, 0x28, 0xCD, 0xED, 0x06, 0xE4, 0x51, 0x9A, 0xDB,
    0xF9, 0xF9, 0x13, 0x11, 0x9B, 0x57, 0xC5, 0xAB, 0x7A, 0xF1, 0x8F, 0x22, 0x56, 0x57, 0xF5, 0xE2,
    0xF9, 0xEB, 0xE7, 0xCE, 0xCF, 0x45, 0x44, 0xFD, 0x7D, 0x81, 0x0F, 0xB1, 0x26, 0x59, 0x63, 0x05,
    0xB8, 0x47, 0x1A, 0xA3, 0x32, 0x56, 0xAA, 0xFF, 0xD9, 0x68, 0xDA, 0x4E, 0xA7, 0xBA, 0xFE, 0xBB,
    0x78, 0xF1, 0xA2, 0xEE, 0x6A, 0x9A, 0xE1, 0x44, 0xF5, 0xDD, 0x35, 0xDB, 0x48, 0x63, 0xCD, 0xAD,
    0x9A, 0xFB, 0x68, 0xD0, 0xA1, 0x02, 0xD2, 0x25, 0x59, 0x90, 0x36, 0x35, 0x73, 0xAC, 0xF1, 0xE1,
    0x01, 0x1D, 0x9F, 0x91, 0x44, 0xCB, 0xCB, 0x9E, 0xB2, 0xA7, 0xC2, 0xA3, 0x3D, 0x1D, 0xC8, 0x87,
    0xC1, 0x2C, 0x46, 0x55, 0x0C, 0x7E, 0x76, 0x07, 0x0E, 0x97, 0x39, 0x79, 0xF6, 0x50, 0x11, 0x4B,
    0x65, 0x8C, 0xF2, 0xD3, 0x16, 0xFB, 0xE7, 0x25, 0xAB, 0x29, 0x06, 0xE6, 0x83, 0xBB, 0x4D, 0xED,
    0xE9, 0x27, 0xD2, 0x78, 0xAC, 0x88, 0x41, 0xFE, 0xD7, 0xFD, 0x41, 0xF3, 0xA3, 0x26, 0x1B, 0x28,
    0x47, 0x27, 0xF3, 0xDE, 0xA3, 0x86, 0xF8, 0x7B, 0x59, 0x2C, 0x64, 0xFF, 0xB2, 0x40, 0xBD, 0xBF,
    0x27, 0xDD, 0x71, 0x8A, 0x91, 0xDF, 0x5E, 0xB9, 0xF2, 0xD4, 0x47, 0xF2, 0x3C, 0x26, 0x99, 0x76,
    0xCF, 0xDC, 0x1D, 0x8F, 0x66, 0xB5, 0xF8, 0x9B, 0x03, 0x7A, 0x9E, 0x20, 0x5A, 0xA2, 0xA7, 0xE8,
    0xDD, 0x9D, 0xB7, 0x9E, 0xBE, 0x77, 0x44, 0xCF, 0x97, 0x35, 0x31, 0xF0, 0xEB, 0x85, 0x93, 0x7C,
    0xF0, 0x68, 0x5E, 0x8B, 0x7F, 0x38, 0xA0, 0x87, 0x74, 0xFA, 0x5C, 0x19, 0x93, 0x59, 0x37, 0x4A,
    0x92, 0x9A, 0xBB, 0x78, 0xEA, 0x68, 0xA6, 0xE4, 0xE2, 0xD5, 0x63, 0x73, 0x9E, 0x0F, 0x9C, 0xE0,
    0x11, 0xA2, 0x3D, 0x90, 0x6B, 0x0F, 0xC3, 0x7E, 0x3D, 0xF7, 0x38, 0x96, 0x1B, 0x7A, 0xF1, 0xA7,
    0x75, 0x37, 0xFC, 0x7A, 0x91, 0x2F, 0x66, 0xF5, 0x03, 0xF7, 0xEA, 0xAA, 0xFF, 0xB1, 0xE3, 0x41,
    0x5D, 0x8D, 0x7F, 0x34, 0x25, 0x53, 0x31, 0x14, 0x2D, 0xB3, 0xE1, 0x87, 0x8E, 0xB7, 0xF9, 0x5F,
    0xDC, 0x51, 0xB5, 0x55, 0x3F, 0xAF, 0xA1, 0xD2, 0xB5, 0x5D, 0x5B, 0xD5, 0xD0, 0xD4, 0x3F, 0x74,
    0x70, 0x5F, 0x55, 0x37, 0x6D, 0x05, 0xA7, 0x9F, 0xA1, 0x8B, 0x85, 0x2C, 0x62, 0xA5, 0x8C, 0x6E,
    0x63, 0x3E, 0xA5, 0x51, 0x57, 0x83, 0xAE, 0x6F, 0xBE, 0xDF, 0xA5, 0x87, 0x37, 0x97, 0x56, 0x35,
    0x7C, 0x77, 0xB6, 0x5A, 0x88, 0x76, 0xF6, 0xDF, 0x79, 0x28, 0x22, 0xD6, 0xD2, 0x88, 0x89, 0x8F,
    0xA3, 0xC5, 0xE3, 0xEB, 0x7D, 0x7D, 0x89, 0x6C, 0x85, 0x74, 0xF2, 0xE6, 0x7E, 0xB8, 0x56, 0x45,
    0x68, 0xFA, 0xCB, 0xE4, 0x97, 0xDE, 0xF0, 0xAA, 0xB6, 0xBF, 0x37, 0xDB, 0x35, 0x42, 0x19, 0x2B,
    0x69, 0x2C, 0xB8, 0x85, 0xFB, 0xA8, 0x6A, 0x9A, 0x96, 0x0A, 0x50, 0xBC, 0x1A, 0x11, 0x7D, 0x09,
    0x4F, 0x91, 0x4C, 0x48, 0x9E, 0x1D, 0x5F, 0xF9, 0x97, 0x88, 0x9E, 0x97, 0x03, 0xF9, 0xC0, 0xBC,
    0xE6, 0x6C, 0x4F, 0x24, 0xE0, 0xB7, 0xA0, 0x6A, 0xD1, 0xD5, 0xBC, 0xBF, 0x7A, 0x7D, 0x80, 0x52,
    0x5F, 0x7F, 0xFF, 0x3C, 0x3E, 0x92, 0x96, 0x6C, 0xBC, 0xDE, 0x9D, 0xCE, 0xCE, 0xE8, 0xDE, 0x98,
    0x18, 0xED, 0x0F, 0x2E, 0xAF, 0xBD, 0xB3, 0x05, 0x7E, 0x39, 0x6D, 0xC1, 0x8B, 0x77, 0x03, 0xAE,
    0x49, 0x07, 0xF2, 0x89, 0x74, 0xC5, 0x49, 0xC3, 0xD9, 0xEF, 0xD1, 0xF5, 0x07, 0x44, 0x9F, 0x7E,
    0x85, 0x7C, 0x83, 0xB4, 0x81, 0x0A, 0xF5, 0x6E, 0x6C, 0xF4, 0x4E, 0xD0, 0xD8, 0x0A, 0x75, 0xFF,
    0x77, 0x76, 0x74, 0x60, 0x34, 0xCC, 0xFE, 0xB3, 0xA7, 0x89, 0x9E, 0x4F, 0xA3, 0xC6, 0x09, 0xD4,
    0xB6, 0x72, 0xEF, 0x42, 0x9E, 0x3C, 0xFF, 0x93, 0xEB, 0x9D, 0x30, 0x4D, 0xAF, 0x07, 0x48, 0x07,
    0x94, 0x1F, 0x05, 0xB8, 0x7F, 0x2F, 0x3E, 0x8E, 0xF4, 0xA6, 0x1E, 0xED, 0x21, 0x7C, 0x81, 0x74,
    0x8D, 0x7C, 0x42, 0xD1, 0x97, 0x83, 0x44, 0x39, 0x5C, 0xEA, 0x2F, 0x97, 0x2E, 0xFE, 0xAB, 0xBF,
    0xD4, 0x47, 0x7B, 0xA9, 0x8F, 0x83, 0xEA, 0x53, 0x94, 0x3D, 0xF3, 0x81, 0x0E, 0x5F, 0x64, 0xA3,
    0xBB, 0x97, 0x75, 0x2F, 0x1F, 0xD3, 0x88, 0x45, 0x19, 0xD1, 0x5F, 0x22, 0xEA, 0x2D, 0xE6, 0xAD,
    0x91, 0x49, 0x8D, 0x62, 0x40, 0x31, 0x21, 0x5D, 0xC1, 0x27, 0xE5, 0xC0, 0xDD, 0xE3, 0x83, 0x1E,
    0x62, 0x85, 0x40, 0xD5, 0x53, 0xFC, 0xEB, 0x28, 0xD9, 0x13, 0x74, 0xF3, 0x2E, 0x5A, 0x0E, 0x92,
    0x67, 0x47, 0x05, 0xDD, 0xBC, 0x8B, 0xFE, 0x72, 0x74, 0xB6, 0x27, 0xE8, 0xCE, 0xFB, 0x35, 0x55,
    0x0C, 0x74, 0xD1, 0xF3, 0x8B, 0x3F, 0x2C, 0x07, 0x1C, 0xDF, 0xF2, 0xDA, 0x34, 0xFA, 0x3F, 0x46,
    0xF6, 0x74, 0x00, 0xF6, 0x4B, 0xBF, 0x7F, 0xA7, 0x90, 0xED, 0x49, 0xB9, 0xB9, 0x33, 0xDC, 0x93,
    0x3C, 0x69, 0xDA, 0x6C, 0xF5, 0x36, 0x55, 0x6D, 0xAB, 0xDF, 0x56, 0xBE, 0x9C, 0x4F, 0xB3, 0xA9,
    0x8C, 0x18, 0xF3, 0x88, 0x3E, 0x89, 0x0D, 0xB7, 0x6A, 0xD2, 0x96, 0x72, 0x41, 0x39, 0x52, 0x0C,
    0x00, 0x4D, 0x1D, 0x37, 0xFF, 0xB4, 0x51, 0xF5, 0x51, 0x45, 0x94, 0x11, 0x59, 0x6C, 0x9C, 0x70,
    0x9F, 0x86, 0xAE, 0x56, 0x81, 0xF9, 0x05, 0xD5, 0xC4, 0xEF, 0x2C, 0x49, 0x26, 0xF2, 0x81, 0xD3,
    0xF6, 0xB0, 0x99, 0x3F, 0x93, 0x44, 0xEB, 0x65, 0xAF, 0xE8, 0x55, 0xB5, 0x47, 0xBF, 0x61, 0x62,
    0x8F, 0x91, 0x2C, 0x91, 0x2D, 0x5D, 0xE9, 0x95, 0x75, 0x3E, 0x4A, 0x14, 0xE3, 0x65, 0xD0, 0x8F,
    0xC7, 0xCB, 0x14, 0x31, 0x6C, 0x97, 0x7A, 0x9B, 0xC7, 0x5B, 0x2C, 0xDB, 0xCC, 0xB6, 0xA1, 0x6D,
    0x53, 0xDB, 0xC6, 0xB6, 0xCD, 0x6D, 0x1B, 0xDC, 0x36, 0xF9, 0x55, 0xF4, 0xEB, 0xC6, 0x5A, 0xF5,
    0x04, 0x96, 0x96, 0xEE, 0x5A, 0x91, 0xAE, 0x9A, 0x3A, 0xA6, 0xCB, 0x1A, 0x2E, 0xCB, 0x8D, 0xD5,
    0xEE, 0xEE, 0x96, 0xAB, 0x01, 0xA1, 0x2D, 0xC7, 0x09, 0x7E, 0x06, 0x15, 0x34, 0xED, 0x0E, 0x24,
    0x5B, 0xE4, 0x23, 0xF5, 0xF1, 0x41, 0x17, 0xA4, 0x13, 0xD9, 0x0A, 0x1D, 0x66, 0x96, 0x4E, 0xF6,
    0x04, 0xCD, 0x2F, 0x50, 0x4D, 0xAE, 0x6E, 0x23, 0xC9, 0x84, 0x7C, 0xC8, 0x47, 0xA7, 0xED, 0xD1,
    0x41, 0xAF, 0xCD, 0xF2, 0x8A, 0x9E, 0xAA, 0x5E, 0x7A, 0xB4, 0x27, 0xE8, 0x0F, 0x6E, 0x23, 0xA2,
    0x96, 0xC6, 0x06, 0x17, 0xCF, 0xF3, 0x11, 0x47, 0xB7, 0x24, 0xCF, 0x76, 0x8D, 0x75, 0x7B, 0xEA,
    0xF4, 0x62, 0xC9, 0x9E, 0x0E, 0xC0, 0x4F, 0x93, 0x5E, 0x7A, 0x7D, 0x37, 0x97, 0xA3, 0x57, 0xED,
    0x09, 0xF6, 0xA7, 0x5C, 0x8F, 0x26, 0x6A, 0x2A, 0xDE, 0x78, 0xD7, 0xA0, 0xEA, 0x6D, 0x85, 0x48,
    0x47, 0x68, 0x01, 0x5D, 0x2F, 0x54, 0x43, 0xBA, 0x31, 0x1B, 0xB3, 0x95, 0x72, 0x2A, 0x27, 0xF9,
    0x6A, 0x36, 0xCA, 0x36, 0xD5, 0x40, 0x44, 0x4B, 0x17, 0xA8, 0xD6, 0x98, 0xAD, 0x50, 0x4E, 0x28,
    0xC6, 0xFF, 0x6F, 0xF9, 0x80, 0x74, 0x37, 0xF9, 0xD3, 0xED, 0x22, 0xDC, 0x06, 0xBA, 0x7A, 0x3E,
    0x34, 0x6D, 0xD5, 0x5F, 0x1E, 0xED, 0xBC, 0x6F, 0xEA, 0xD9, 0xA2, 0x53, 0x8E, 0x1B, 0xC5, 0xB8,
    0x96, 0x7D, 0xBB, 0x92, 0xC5, 0x6E, 0xD4, 0x1F, 0x0B, 0x9A, 0x81, 0xAA, 0xA7, 0xAA, 0x09, 0x9A,
    0x35, 0xDD, 0x92, 0x6E, 0xE0, 0x9C, 0x73, 0x4D, 0x9F, 0x84, 0x6A, 0x91, 0xAD, 0xCD, 0xC6, 0x7C,
    0xA5, 0x5C, 0xEE, 0xD2, 0x4B, 0x37, 0x55, 0x4F, 0x74, 0x2D, 0xCD, 0x75, 0xFA, 0x72, 0x89, 0xE2,
    0xC7, 0xD3, 0x83, 0xF4, 0xE2, 0xB5, 0xCF, 0xF2, 0x05, 0xB8, 0x36, 0xF4, 0xD5, 0xCE, 0x70, 0xA9,
    0xA9, 0xCB, 0x9D, 0x21, 0xFF, 0x66, 0xB5, 0x35, 0x48, 0x63, 0x22, 0x46, 0xBA, 0xAD, 0x61, 0xD7,
    0x1C, 0x9B, 0xDA, 0x47, 0x91, 0x2F, 0xBA, 0x55, 0x39, 0x76, 0x53, 0x31, 0x3E, 0xA8, 0xD3, 0xD6,
    0xEF, 0x5E, 0x60, 0xB6, 0xC4, 0xED, 0x15, 0xAC, 0x90, 0x2D, 0x90, 0x5E, 0x1C, 0x53, 0x78, 0xFD,
    0xAC, 0xF5, 0xF1, 0x6B, 0x6F, 0xB6, 0xEC, 0x69, 0xA3, 0x5B, 0xD1, 0x4D, 0x3C, 0xA8, 0x01, 0xCE,
    0xFE, 0x14, 0x5D, 0xB4, 0x44, 0xE0, 0xE1, 0x5F, 0x80, 0xA3, 0xDA, 0x9E, 0xFF, 0x42, 0x16, 0x6B,
    0x45, 0x2C, 0xA5, 0xEF, 0x2F, 0x70, 0x58, 0xD7, 0xFF, 0x02, 0x8D, 0x4D, 0x01, 0x66, 0x04, 0x31,
    0x14, 0x7D, 0x9D, 0x51, 0xC1, 0x20, 0x37, 0xD8, 0x1C, 0x21, 0x27, 0xE8, 0xFE, 0xA1, 0x80, 0x3D,
    0xCB, 0x5E, 0xA1, 0x19, 0x60, 0x01, 0xBD, 0x51, 0xFB, 0xB5, 0x28, 0x0A, 0x43, 0x2F, 0x90, 0xF6,
    0x04, 0x51, 0xC1, 0x20, 0x93, 0x74, 0x7F, 0x13, 0xBA, 0xAA, 0x43, 0x5F, 0xDE, 0xCC, 0xBC, 0xFF,
    0xDE, 0x7F, 0x99, 0x52, 0xCA, 0xF4, 0xF3, 0x08, 0xF8, 0x1F, 0x9F, 0xDD, 0x48, 0xA3, 0xC3, 0x23,
    0x32, 0xE4, 0x58, 0x96, 0x43, 0x93, 0x78, 0xC7, 0x5F, 0xD3, 0xEE, 0x76, 0xA6, 0x83, 0x77, 0x7A,
    0x7E, 0x30, 0x9C, 0x6D, 0xA3, 0x7D, 0x8E, 0xC2, 0x97, 0x40, 0xA7, 0xF0, 0x9D, 0xF2, 0x71, 0x98,
    0xFE, 0x34, 0x71, 0x87, 0x4B, 0x52, 0x59, 0x2B, 0x65, 0xDC, 0xE2, 0x1E, 0xB8, 0x69, 0xDC, 0xAE,
    0x6F, 0x9B, 0x17, 0x75, 0x15, 0x61, 0x56, 0x50, 0xA9, 0x14, 0x7D, 0x76, 0xEC, 0x38, 0x4C, 0xCA,
    0x3B, 0xB6, 0x5E, 0x47, 0xC7, 0x14, 0xE4, 0x2D, 0xBA, 0xFA, 0x5D, 0xC6, 0x10, 0x00, 0x40, 0x17,
    0x36, 0x2C, 0x82, 0x0E, 0x33, 0x4D, 0x10, 0xD1, 0x7B, 0x07, 0xC1, 0xBE, 0xF7, 0x2B, 0xAA, 0xF3,
    0x91, 0x50, 0x77, 0xDE, 0x22, 0x6A, 0xEB, 0x35, 0x40, 0xD0, 0x65, 0xF3, 0x94, 0x61, 0xBD, 0x84,
    0xF7, 0x85, 0x8B, 0xEC, 0x39, 0x73, 0x7A, 0x5F, 0x1C, 0x80, 0xD5, 0xF6, 0x9F, 0x81, 0x80, 0x2E,
    0xD1, 0x59, 0x58, 0xA0, 0x8F, 0xCD, 0x19, 0x7C, 0xDB, 0x31, 0xAC, 0x6B, 0x8B, 0xA6, 0xAE, 0xDD,
    0x83, 0xD8, 0x25, 0xB5, 0xE8, 0x40, 0xB3, 0x63, 0x9A, 0x75, 0x50, 0x4B, 0x97, 0x10, 0x25, 0x30,
    0x20, 0x36, 0x5E, 0x47, 0x95, 0xFA, 0x55, 0x25, 0x1D, 0x8D, 0x3F, 0xCF, 0x10, 0x5C, 0x8F, 0x72,
    0x03, 0xE0, 0x00, 0x64, 0xE0, 0x2A, 0x01, 0xFD, 0x02, 0xA8, 0x00, 0x68, 0x2F, 0x7F, 0xD9, 0x8E,
    0xE7, 0x16, 0x8F, 0xC0, 0x17, 0x84, 0x8F, 0x31, 0x52, 0xC3, 0x30, 0x10, 0x45, 0x1F, 0xB8, 0x50,
    0xA1, 0xC2, 0x29, 0x28, 0xE8, 0xB6, 0xA1, 0xF7, 0x09, 0xA2, 0xD5, 0xC1, 0xB0, 0xAD, 0x83, 0x01,
    0x5C, 0x21, 0x47, 0xC8, 0x11, 0x28, 0x5C, 0x88, 0x19, 0x45, 0xCB, 0x2A, 0x15, 0x5D, 0x46, 0xAF,
    0xD8, 0x2F, 0xFD, 0x79, 0xA3, 0x8D, 0x95, 0xA5, 0x93, 0x96, 0xFC, 0x3E, 0x97, 0x8F, 0x3B, 0x3E,
    0x78, 0xF4, 0x4B, 0x7F, 0x62, 0x83, 0xCE, 0xE4, 0xF3, 0x17, 0x92, 0x38, 0x27, 0x76, 0x2B, 0xDF,
    0x56, 0x48, 0x38, 0xB3, 0x21, 0x0E, 0x83, 0xC5, 0x3D, 0x06, 0xCA, 0x49, 0xD1, 0x3E, 0x22, 0x1B,
    0xA1, 0x33, 0x5F, 0x50, 0xD0, 0x86, 0x1A, 0x67, 0xC9, 0x49, 0xB2, 0x18, 0xA1, 0xBA, 0x27, 0x3B,
    0x28, 0x7C, 0x42, 0xE3, 0xF9, 0x60, 0xFA, 0x61, 0xBA, 0x12, 0x2E, 0x44, 0xA7, 0x8E, 0x7E, 0x1A,
    0x7D, 0xE4, 0x36, 0xCC, 0xAB, 0xE4, 0x55, 0x8A, 0x1A, 0xF1, 0x97, 0xFB, 0x9F, 0xDD, 0xE6, 0x64,
    0xB5, 0x1C, 0x0D, 0x94, 0x27, 0xAF, 0x55, 0xA4, 0xF0, 0x60, 0xA3, 0x16, 0x9B, 0xB6, 0xD7, 0xC6,
    0xBF, 0x13, 0x0F, 0xF6, 0x1B, 0x6F, 0x1B, 0x6C, 0x43, 0x13, 0x2A, 0xF3, 0x95, 0xA5, 0xA0, 0x36,
    0x90, 0x43, 0xDB, 0xCB, 0xCA, 0x1A, 0x5A, 0xE8, 0xE8, 0x49, 0xF7, 0xBE, 0x1C, 0x7F, 0x1B, 0x8A,
    0xE1, 0x02, 0x00, 0x4D, 0xCE, 0x81, 0x85, 0x04, 0x31, 0x18, 0x86, 0xE1, 0x37, 0x33, 0x18, 0x0C,
    0x52, 0xC0, 0x61, 0x4A, 0xB8, 0x12, 0x26, 0x9D, 0xE5, 0x3A, 0x4B, 0x70, 0x05, 0xA4, 0x81, 0x23,
    0x25, 0x04, 0xC1, 0x1D, 0xBB, 0xF9, 0xEE, 0x4F, 0x58, 0x16, 0x0F, 0x91, 0xF7, 0xC7, 0xC7, 0x39,
    0x02, 0x51, 0xC1, 0x49, 0xEC, 0x4F, 0xC7, 0xD1, 0xC1, 0x37, 0x90, 0x1E, 0xCB, 0x55, 0x58, 0xA4,
    0x6E, 0xDA, 0x6A, 0xE7, 0xAF, 0x0B, 0xBB, 0xF4, 0x85, 0x94, 0xF9, 0x18, 0x21, 0x59, 0x78, 0xE1,
    0xCE, 0x70, 0x7F, 0x9B, 0x61, 0x04, 0xA9, 0x73, 0x28, 0x9B, 0x1F, 0xDC, 0xAD, 0xF5, 0xBF, 0xA9,
    0x70, 0x2A, 0xB3, 0xA7, 0x79, 0xBB, 0xE0, 0x52, 0xC5, 0xEB, 0xC9, 0x21, 0xB1, 0x85, 0x14, 0xA2,
    0x54, 0x5F, 0x88, 0x8D, 0x4D, 0x81, 0xF7, 0xBF, 0x2B, 0xC3, 0xD5, 0x0E, 0xBC, 0x34, 0xB7, 0x64,
    0xD2, 0x1F, 0x92, 0x9A, 0xA9, 0xA6, 0xD8, 0x48, 0xD8, 0x1F, 0xC8, 0xDA, 0x34, 0xDF, 0x7C, 0x76,
    0x2C, 0xB3, 0xA6, 0x5B, 0x8E, 0x05, 0xFC, 0x3C, 0x1B, 0x40, 0xCA, 0xD6, 0x2B, 0xFF, 0xAD, 0x91,
    0x21, 0xAC, 0xD6, 0x30, 0x14, 0x46, 0xCF, 0xF6, 0x87, 0x37, 0x31, 0x51, 0x83, 0xAF, 0x4F, 0x20,
    0xD3, 0x20, 0xB8, 0xF5, 0x78, 0xEF, 0x13, 0x12, 0xBC, 0xDA, 0xBC, 0xC2, 0x2B, 0xBC, 0xC2, 0x87,
    0xD0, 0x7A, 0x35, 0xAF, 0xEA, 0x0D, 0x15, 0x13, 0xBF, 0xE8, 0xF6, 0xD1, 0xBD, 0x85, 0xF7, 0x08,
    0x09, 0x82, 0xE4, 0x6D, 0x3B, 0x77, 0xDD, 0xB9, 0x5F, 0x97, 0xE5, 0xAE, 0x57, 0xE6, 0xA6, 0xBD,
    0xA1, 0xD0, 0x11, 0x13, 0xF8, 0x15, 0x5C, 0xE6, 0xF3, 0xCF, 0xD2, 0x5C, 0x71, 0x0D, 0xDF, 0x4E,
    0x4B, 0x63, 0xB1, 0xC5, 0x15, 0x0B, 0x2E, 0xDB, 0x32, 0x25, 0x5B, 0x63, 0xF2, 0x12, 0x83, 0x2A,
    0xC4, 0x15, 0x6E, 0x77, 0x60, 0xAC, 0x80, 0xDB, 0x81, 0x49, 0x80, 0x29, 0xC0, 0x6C, 0x09, 0x34,
    0x25, 0xBA, 0xDD, 0x65, 0xFA, 0xEA, 0x4A, 0xCB, 0x0E, 0x1B, 0xC3, 0x76, 0xAB, 0xB8, 0x72, 0x96,
    0xDC, 0x1D, 0x4C, 0x2B, 0xC2, 0x24, 0x31, 0xB7, 0xB2, 0xC4, 0x56, 0x52, 0x63, 0x7B, 0x82, 0xF1,
    0x45, 0x88, 0x52, 0x3A, 0x99, 0x1B, 0x53, 0x06, 0xB7, 0xC1, 0x50, 0xA1, 0x3F, 0x00, 0x05, 0xB0,
    0x04, 0x53, 0xBE, 0xEE, 0x0A, 0xF4, 0x82, 0x5B, 0xBD, 0x72, 0xBE, 0x80, 0xAD, 0x70, 0xBD, 0xE3,
    0x42, 0xBF, 0x0F, 0x78, 0x15, 0xC0, 0x16, 0x98, 0x81, 0x03, 0xBA, 0x7A, 0x4D, 0x65, 0x28, 0xE0,
    0x32, 0xF8, 0xF4, 0xEF, 0xF6, 0xCA, 0xD5, 0x0E, 0xE0, 0x83, 0x25, 0x5B, 0x2D, 0xF9, 0x00, 0x08,
    0xD8, 0xAF, 0x6C, 0x7F, 0x87, 0xDB, 0x76, 0xE5, 0xC7, 0x7C, 0xEE, 0xE9, 0xBE, 0xF9, 0x34, 0x6D,
    0xD3, 0x62, 0xD5, 0x82, 0xED, 0xC6, 0xEB, 0xE3, 0x07, 0xC4, 0x1D, 0xAC, 0x82, 0xBF, 0x5F, 0xDF,
    0x3C, 0x16, 0x86, 0x6D, 0x5A, 0xA7, 0x23, 0x6E, 0x26, 0x55, 0x73, 0xB9, 0x51, 0xEA, 0xB9, 0x3E,
    0xDD, 0xD9, 0x03, 0xF0, 0x85, 0x58, 0x3A, 0x95, 0xFE, 0xE0, 0x56, 0xFF, 0xE3, 0x1A, 0xEE, 0x68,
    0x43, 0x19, 0x05, 0xE0, 0xFC, 0xA9, 0x8B, 0xD7, 0xC7, 0xD5, 0xA4, 0xF4, 0x61, 0x54, 0x78, 0xD3,
    0xED, 0xFC, 0xED, 0xAD, 0xF9, 0xB7, 0x8F, 0xFE, 0x2B, 0xDC, 0xE9, 0xCB, 0xF3, 0x08, 0x0D, 0xBE,
    0xF3, 0xF4, 0xE8, 0x12, 0x3E, 0xF0, 0x00, 0xF0, 0xA9, 0x8B, 0x7B, 0xD4, 0xF1, 0xA8, 0xBF, 0x68,
    0xE5, 0xAC, 0x52, 0x33, 0xCD, 0xB7, 0x2E, 0x3C, 0xEF, 0x7A, 0x17, 0xB0, 0x23, 0xCC, 0x3A, 0xA2,
    0xF4, 0x20, 0x31, 0x9C, 0xB5, 0xAD, 0x67, 0xA9, 0xF9, 0xF7, 0x81, 0x3F, 0xC3, 0xBF, 0x00, 0xA5,
    0x90, 0x01, 0x06, 0xC3, 0x40, 0x10, 0x45, 0x67, 0x13, 0x94, 0x06, 0x39, 0x42, 0x8E, 0xB0, 0x47,
    0xD8, 0xF4, 0x64, 0xD9, 0xDE, 0xA0, 0x07, 0x0A, 0x96, 0x5C, 0x60, 0x8E, 0x90, 0x23, 0x14, 0x01,
    0x6C, 0x76, 0x3A, 0xF3, 0x23, 0x58, 0x8A, 0x6A, 0x30, 0xEF, 0xB1, 0xD6, 0xCC, 0xF7, 0x9D, 0xBC,
    0xBA, 0x42, 0xBD, 0xF0, 0x24, 0xE4, 0x25, 0x49, 0xA1, 0xC0, 0x8F, 0x42, 0x14, 0x62, 0x93, 0x95,
    0x63, 0xAB, 0x9C, 0x64, 0x91, 0x52, 0x13, 0xEF, 0xFF, 0xD1, 0xC9, 0x73, 0xEB, 0x65, 0xC9, 0x5E,
    0x27, 0xB0, 0xDB, 0x42, 0xB4, 0x3B, 0xB8, 0x92, 0xCF, 0xD1, 0x9F, 0x3F, 0x8D, 0xEE, 0x9A, 0xC9,
    0x96, 0x91, 0x37, 0x04, 0x6E, 0x15, 0x51, 0x81, 0xE0, 0xBA, 0xA9, 0x02, 0xDE, 0xBE, 0xA2, 0x01,
    0x8A, 0xC2, 0x49, 0x9A, 0x46, 0x02, 0x7C, 0xB4, 0x72, 0xF6, 0x2E, 0x59, 0x3B, 0xC5, 0xAF, 0x56,
    0xCF, 0xEE, 0x57, 0xF4, 0xD3, 0x25, 0x14, 0x74, 0x36, 0x74, 0xD4, 0x32, 0x70, 0x2D, 0x2C, 0xBF,
    0x2C, 0x84, 0xB8, 0x33, 0x42, 0x0C, 0x8C, 0x10, 0x03, 0x23, 0x84, 0x4A, 0x43, 0x98, 0x8E, 0x9F,
    0xD7, 0x42, 0xAC, 0x50, 0xFF, 0x3E, 0xB4, 0x43, 0xB7, 0x0C, 0xB9, 0xF9, 0x03,
};

static const EpdGlyph ubuntu_12_boldGlyphs[] = {
    { 0, 0, 0, 0, 0, 0, 0 }, // U+0000
    { 0, 0, 0, 0, 0, 0, 0 }, // U+0008
    { 0, 0, 96, 0, 0, 0, 0 }, // U+0009
    { 0, 0, 96, 0, 0, 0, 0 }, // U+000D
    { 0, 0, 0, 0, 0, 0, 0 }, // U+001D
    { 0, 0, 96, 0, 0, 0, 0 }, // U+0020
    { 5, 17, 114, 1, 17, 22, 0 }, // !
    { 10, 7, 186, 1, 19, 18, 22 }, // "
    { 16, 17, 280, 1, 17, 68, 40 }, // #
    { 14, 23, 227, 0, 20, 81, 108 }, // $
    { 23, 17, 367, 0, 17, 98, 189 }, // %
    { 18, 17, 282, 0, 17, 77, 287 }, // &
    { 4, 7, 99, 1, 19, 7, 364 }, // '
    { 8, 25, 142, 1, 20, 50, 371 }, // (
    { 8, 25, 142, 0, 20, 50, 421 }, // )
    { 11, 10, 201, 1, 17, 28, 471 }, // *
    { 12, 11, 227, 1, 13, 33, 499 }, // +
    { 6, 8, 98, 0, 4, 12, 532 }, // ,
    { 8, 3, 136, 0, 9, 6, 544 }, // -
    { 6, 5, 98, 0, 5, 8, 550 }, // .
    { 13, 25, 175, -1, 20, 82, 558 }, // /
    { 13, 17, 236, 1, 17, 56, 640 }, // 0
    { 9, 17, 185, 0, 17, 39, 696 }, // 1
    { 13, 17, 225, 0, 17, 56, 735 }, // 2
    { 13, 17, 219, 0, 17, 56, 791 }, // 3
    { 14, 17, 230, 0, 17, 60, 847 }, // 4
    { 13, 17, 221, 0, 17, 56, 907 }, // 5
    { 13, 17, 228, 1, 17, 56, 963 }, // 6
    { 13, 17, 215, 0, 17, 56, 1019 }, // 7
    { 13, 17, 227, 1, 17, 56, 1075 }, // 8
    { 14, 17, 228, 0, 17, 60, 1131 }, // 9
    { 6, 14, 98, 0, 14, 21, 1191 }, // :
    { 6, 18, 98, 0, 14, 27, 1212 }, // ;
    { 12, 13, 227, 1, 14, 39, 1239 }, // <
    { 12, 8, 227, 1, 12, 24, 1278 }, // =
    { 12, 13, 227, 1, 14, 39, 1302 }, // >
    { 11, 19, 182, 0, 19, 53, 1341 }, // ?
    { 23, 22, 390, 1, 18, 127, 1394 }, // @
    { 18, 17, 288, 0, 17, 77, 1521 }, // A
    { 14, 17, 269, 2, 17, 60, 1598 }, // B
    { 15, 17, 259, 1, 17, 64, 1658 }, // C
    { 16, 17, 295, 2, 17, 68, 1722 }, // D
    { 13, 17, 242, 2, 17, 56, 1790 }, // E
    { 12, 17, 230, 2, 17, 51, 1846 }, // F
    { 15, 17, 281, 1, 17, 64, 1897 }, // G
    { 15, 17, 294, 2, 17, 64, 1961 }, // H
    { 4, 17, 126, 2, 17, 17, 2025 }, // I
    { 12, 17, 212, 0, 17, 51, 2042 }, // J
    { 15, 17, 274, 2, 17, 64, 2093 }, // K
    { 12, 17, 225, 2, 17, 51, 2157 }, // L
    { 20, 17, 359, 1, 17, 85, 2208 }, // M
    { 15, 17, 302, 2, 17, 64, 2293 }, // N
    { 18, 17, 316, 1, 17, 77, 2357 }, // O
    { 14, 17, 258, 2, 17, 60, 2434 }, // P
    { 18, 22, 316, 1, 17, 99, 2494 }, // Q
    { 15, 17, 267, 2, 17, 64, 2593 }, // R
    { 14, 17, 233, 0, 17, 60, 2657 }, // S
    { 15, 17, 246, 0, 17, 64, 2717 }, // T
    { 15, 17, 283, 1, 17, 64, 2781 }, // U
    { 18, 17, 289, 0, 17, 77, 2845 }, // V
    { 24, 17, 379, 0, 17, 102, 2922 }, // W
    { 17, 17, 270, 0, 17, 73, 3024 }, // X
    { 17, 17, 264, 0, 17, 73, 3097 }, // Y
    { 15, 17, 244, 0, 17, 64, 3170 }, // Z
    { 8, 25, 148, 2, 20, 50, 3234 }, // [
    { 13, 25, 175, -1, 20, 82, 3284 }, // <backslash>
    { 8, 25, 148, 0, 20, 50, 3366 }, // ]
    { 14, 10, 227, 0, 17, 35, 3416 }, // ^
    { 13, 3, 200, 0, -2, 10, 3451 }, // _
    { 7, 6, 114, 0, 20, 11, 3461 }, // `
    { 13, 13, 221, 0, 13, 43, 3472 }, // a
    { 13, 19, 242, 1, 19, 62, 3515 }, // b
    { 11, 13, 200, 1, 13, 36, 3577 }, // c
    { 13, 19, 242, 1, 19, 62, 3613 }, // d
    { 13, 13, 234, 1, 13, 43, 3675 }, // e
    { 10, 19, 169, 1, 19, 48, 3718 }, // f
    { 13, 18, 238, 1, 13, 59, 3766 }, // g
    { 13, 19, 236, 1, 19, 62, 3825 }, // h
    { 5, 19, 116, 1, 19, 24, 3887 }, // i
    { 8, 24, 116, -2, 19, 48, 3911 }, // j
    { 14, 19, 232, 1, 19, 67, 3959 }, // k
    { 7, 19, 126, 1, 19, 34, 4026 }, // l
    { 19, 13, 345, 1, 13, 62, 4060 }, // m
    { 13, 13, 236, 1, 13, 43, 4122 }, // n
    { 14, 13, 243, 1, 13, 46, 4165 }, // o
    { 13, 18, 242, 1, 13, 59, 4211 }, // p
    { 13, 18, 242, 1, 13, 59, 4270 }, // q
    { 10, 13, 169, 1, 13, 33, 4329 }, // r
    { 12, 13, 194, 0, 13, 39, 4362 }, // s
    { 10, 17, 178, 1, 17, 43, 4401 }, // t
    { 12, 13, 236, 1, 13, 39, 4444 }, // u
    { 14, 13, 220, 0, 13, 46, 4483 }, // v
    { 20, 13, 314, 0, 13, 65, 4529 }, // w
    { 14, 13, 222, 0, 13, 46, 4594 }, // x
    { 14, 18, 219, 0, 13, 63, 4640 }, // y
    { 12, 13, 200, 0, 13, 39, 4703 }, // z
    { 10, 25, 148, 0, 20, 63, 4742 }, // {
    { 4, 25, 129, 2, 20, 25, 4805 }, // |
    { 9, 25, 148, 0, 20, 57, 4830 }, // }
    { 14, 5, 227, 0, 10, 18, 4887 }, // ~
    { 0, 0, 96, 0, 0, 0, 0 }, // U+00A0
    { 5, 18, 114, 1, 13, 23, 0 }, // U+00A1
    { 11, 18, 227, 1, 16, 50, 23 }, // U+00A2
    { 13, 17, 227, 0, 17, 56, 73 }, // U+00A3
    { 14, 13, 227, 0, 16, 46, 129 }, // U+00A4
    { 16, 17, 227, -1, 17, 68, 175 }, // U+00A5
    { 4, 25, 121, 2, 20, 25, 243 }, // U+00A6
    { 13, 22, 206, 0, 17, 72, 268 }, // U+00A7
    { 11, 4, 214, 1, 19, 11, 340 }, // U+00A8
    { 18, 18, 318, 1, 18, 81, 351 }, // U+00A9
    { 10, 10, 160, 0, 18, 25, 432 }, // U+00AA
    { 15, 13, 239, 0, 14, 49, 457 }, // U+00AB
    { 12, 9, 227, 1, 10, 27, 506 }, // U+00AC
    { 8, 3, 136, 0, 9, 6, 533 }, // U+00AD
    { 18, 18, 318, 1, 18, 81, 539 }, // U+00AE
    { 9, 3, 150, 0, 19, 7, 620 }, // U+00AF
    { 9, 7, 145, 0, 19, 16, 627 }, // U+00B0
    { 12, 15, 227, 1, 15, 45, 643 }, // U+00B1
    { 9, 10, 145, 0, 18, 23, 688 }, // U+00B2
    { 8, 10, 145, 0, 18, 20, 711 }, // U+00B3
    { 7, 6, 114, 0, 20, 11, 731 }, // U+00B4
    { 13, 18, 238, 1, 13, 59, 742 }, // U+00B5
    { 15, 23, 284, 1, 18, 87, 801 }, // U+00B6
    { 6, 5, 98, 0, 10, 8, 888 }, // U+00B7
    { 6, 7, 130, 1, 1, 11, 896 }, // U+00B8
    { 7, 10, 145, 0, 18, 18, 907 }, // U+00B9
    { 11, 10, 183, 0, 18, 28, 925 }, // U+00BA
    { 15, 13, 239, 0, 14, 49, 953 }, // U+00BB
    { 22, 18, 351, 0, 18, 99, 1002 }, // U+00BC
    { 21, 18, 351, 0, 18, 95, 1101 }, // U+00BD
    { 22, 18, 351, 0, 18, 99, 1196 }, // U+00BE
    { 11, 18, 182, 0, 13, 50, 1295 }, // U+00BF
    { 18, 24, 288, 0, 24, 108, 1345 }, // U+00C0
    { 18, 24, 288, 0, 24, 108, 1453 }, // U+00C1
    { 18, 23, 288, 0, 23, 104, 1561 }, // U+00C2
    { 18, 23, 288, 0, 23, 104, 1665 }, // U+00C3
    { 18, 23, 288, 0, 23, 104, 1769 }, // U+00C4
    { 18, 22, 288, 0, 22, 99, 1873 }, // U+00C5
    { 24, 17, 398, 0, 17, 102, 1972 }, // U+00C6
    { 15, 22, 259, 1, 17, 83, 2074 }, // U+00C7
    { 13, 24, 242, 2, 24, 78, 2157 }, // U+00C8
    { 13, 24, 242, 2, 24, 78, 2235 }, // U+00C9
    { 13, 23, 242, 2, 23, 75, 2313 }, // U+00CA
    { 13, 23, 242, 2, 23, 75, 2388 }, // U+00CB
    { 7, 24, 126, 0, 24, 42, 2463 }, // U+00CC
    { 7, 24, 126, 1, 24, 42, 2505 }, // U+00CD
    { 8, 23, 126, 0, 23, 46, 2547 }, // U+00CE
    { 10, 23, 126, -1, 23, 58, 2593 }, // U+00CF
    { 18, 17, 299, 0, 17, 77, 2651 }, // U+00D0
    { 15, 23, 302, 2, 23, 87, 2728 }, // U+00D1
    { 18, 24, 316, 1, 24, 108, 2815 }, // U+00D2
    { 18, 24, 316, 1, 24, 108, 2923 }, // U+00D3
    { 18, 23, 316, 1, 23, 104, 3031 }, // U+00D4
    { 18, 23, 316, 1, 23, 104, 3135 }, // U+00D5
    { 18, 23, 316, 1, 23, 104, 3239 }, // U+00D6
    { 12, 11, 227, 1, 13, 33, 3343 }, // U+00D7
    { 18, 19, 316, 1, 18, 86, 3376 }, // U+00D8
    { 15, 24, 283, 1, 24, 90, 3462 }, // U+00D9
    { 15, 24, 283, 1, 24, 90, 3552 }, // U+00DA
    { 15, 23, 283, 1, 23, 87, 3642 }, // U+00DB
    { 15, 23, 283, 1, 23, 87, 3729 }, // U+00DC
    { 17, 24, 264, 0, 24, 102, 3816 }, // U+00DD
    { 14, 17, 258, 2, 17, 60, 3918 }, // U+00DE
    { 15, 19, 264, 1, 19, 72, 3978 }, // U+00DF
    { 13, 20, 221, 0, 20, 65, 4050 }, // U+00E0
    { 13, 20, 221, 0, 20, 65, 4115 }, // U+00E1
    { 13, 19, 221, 0, 19, 62, 4180 }, // U+00E2
    { 13, 19, 221, 0, 19, 62, 4242 }, // U+00E3
    { 13, 19, 221, 0, 19, 62, 4304 }, // U+00E4
    { 13, 20, 221, 0, 20, 65, 4366 }, // U+00E5
    { 21, 13, 350, 0, 13, 69, 4431 }, // U+00E6
    { 11, 18, 200, 1, 13, 50, 4500 }, // U+00E7
    { 13, 20, 234, 1, 20, 65, 4550 }, // U+00E8
    { 13, 20, 234, 1, 20, 65, 4615 }, // U+00E9
    { 13, 19, 234, 1, 19, 62, 4680 }, // U+00EA
    { 13, 19, 234, 1, 19, 62, 4742 }, // U+00EB
    { 7, 20, 116, 0, 20, 35, 4804 }, // U+00EC
    { 6, 20, 116, 1, 20, 30, 4839 }, // U+00ED
    { 9, 19, 116, -1, 19, 43, 4869 }, // U+00EE
    { 11, 19, 116, -2, 19, 53, 4912 }, // U+00EF
    { 14, 19, 240, 1, 19, 67, 4965 }, // U+00F0
    { 13, 19, 236, 1, 19, 62, 5032 }, // U+00F1
    { 14, 20, 243, 1, 20, 70, 5094 }, // U+00F2
    { 14, 20, 243, 1, 20, 70, 5164 }, // U+00F3
    { 14, 19, 243, 1, 19, 67, 5234 }, // U+00F4
    { 14, 19, 243, 1, 19, 67, 5301 }, // U+00F5
    { 14, 19, 243, 1, 19, 67, 5368 }, // U+00F6
    { 12, 13, 227, 1, 13, 39, 5435 }, // U+00F7
    { 14, 15, 243, 1, 14, 53, 5474 }, // U+00F8
    { 12, 20, 236, 1, 20, 60, 5527 }, // U+00F9
    { 12, 20, 236, 1, 20, 60, 5587 }, // U+00FA
    { 12, 19, 236, 1, 19, 57, 5647 }, // U+00FB
    { 12, 19, 236, 1, 19, 57, 5704 }, // U+00FC
    { 14, 25, 219, 0, 20, 88, 5761 }, // U+00FD
    { 13, 24, 242, 1, 19, 78, 5849 }, // U+00FE
    { 14, 24, 219, 0, 19, 84, 5927 }, // U+00FF
    { 18, 23, 288, 0, 23, 104, 0 }, // U+0100
    { 13, 19, 221, 0, 19, 62, 104 }, // U+0101
    { 18, 23, 288, 0, 23, 104, 166 }, // U+0102
    { 13, 19, 221, 0, 19, 62, 270 }, // U+0103
    { 19, 23, 288, 0, 17, 110, 332 }, // U+0104
    { 13, 19, 221, 0, 13, 62, 442 }, // U+0105
    { 15, 24, 259, 1, 24, 90, 504 }, // U+0106
    { 11, 20, 200, 1, 20, 55, 594 }, // U+0107
    { 15, 23, 259, 1, 23, 87, 649 }, // U+0108
    { 11, 19, 200, 1, 19, 53, 736 }, // U+0109
    { 15, 23, 259, 1, 23, 87, 789 }, // U+010A
    { 11, 19, 200, 1, 19, 53, 876 }, // U+010B
    { 15, 24, 259, 1, 24, 90, 929 }, // U+010C
    { 11, 20, 200, 1, 20, 55, 1019 }, // U+010D
    { 16, 24, 295, 2, 24, 96, 1074 }, // U+010E
    { 18, 19, 274, 1, 19, 86, 1170 }, // U+010F
    { 18, 17, 299, 0, 17, 77, 1256 }, // U+0110
    { 14, 19, 242, 1, 19, 67, 1333 }, // U+0111
    { 13, 23, 242, 2, 23, 75, 1400 }, // U+0112
    { 13, 19, 234, 1, 19, 62, 1475 }, // U+0113
    { 13, 23, 242, 2, 23, 75, 1537 }, // U+0114
    { 13, 19, 234, 1, 19, 62, 1612 }, // U+0115
    { 13, 23, 242, 2, 23, 75, 1674 }, // U+0116
    { 13, 19, 234, 1, 19, 62, 1749 }, // U+0117
    { 13, 23, 242, 2, 17, 75, 1811 }, // U+0118
    { 13, 18, 234, 1, 13, 59, 1886 }, // U+0119
    { 13, 24, 242, 2, 24, 78, 1945 }, // U+011A
    { 13, 20, 234, 1, 20, 65, 2023 }, // U+011B
    { 15, 23, 281, 1, 23, 87, 2088 }, // U+011C
    { 13, 24, 238, 1, 19, 78, 2175 }, // U+011D
    { 15, 23, 281, 1, 23, 87, 2253 }, // U+011E
    { 13, 24, 238, 1, 19, 78, 2340 }, // U+011F
    { 15, 23, 281, 1, 23, 87, 2418 }, // U+0120
    { 13, 24, 238, 1, 19, 78, 2505 }, // U+0121
    { 15, 22, 281, 1, 17, 83, 2583 }, // U+0122
    { 13, 25, 238, 1, 20, 82, 2666 }, // U+0123
    { 15, 23, 294, 2, 23, 87, 2748 }, // U+0124
    { 13, 25, 236, 1, 25, 82, 2835 }, // U+0125
    { 19, 17, 302, 0, 17, 81, 2917 }, // U+0126
    { 14, 19, 240, 0, 19, 67, 2998 }, // U+0127
    { 10, 23, 126, -1, 23, 58, 3065 }, // U+0128
    { 10, 19, 116, -1, 19, 48, 3123 }, // U+0129
    { 10, 23, 126, -1, 23, 58, 3171 }, // U+012A
    { 9, 19, 116, -1, 19, 43, 3229 }, // U+012B
    { 9, 23, 126, 0, 23, 52, 3272 }, // U+012C
    { 9, 19, 116, -1, 19, 43, 3324 }, // U+012D
    { 7, 23, 126, 0, 17, 41, 3367 }, // U+012E
    { 6, 25, 116, 0, 19, 38, 3408 }, // U+012F
    { 5, 23, 126, 1, 23, 29, 3446 }, // U+0130
    { 5, 13, 116, 1, 13, 17, 3475 }, // U+0131
    { 18, 17, 336, 2, 17, 77, 3492 }, // U+0132
    { 12, 24, 230, 1, 19, 72, 3569 }, // U+0133
    { 14, 23, 212, 0, 23, 81, 3641 }, // U+0134
    { 10, 24, 116, -2, 19, 60, 3722 }, // U+0135
    { 15, 22, 274, 2, 17, 83, 3782 }, // U+0136
    { 14, 24, 232, 1, 19, 84, 3865 }, // U+0137
    { 14, 13, 233, 1, 13, 46, 3949 }, // U+0138
    { 13, 24, 225, 1, 24, 78, 3995 }, // U+0139
    { 7, 24, 126, 1, 24, 42, 4073 }, // U+013A
    { 12, 22, 225, 2, 17, 66, 4115 }, // U+013B
    { 7, 24, 126, 1, 19, 42, 4181 }, // U+013C
    { 12, 17, 225, 2, 17, 51, 4223 }, // U+013D
    { 10, 19, 148, 1, 19, 48, 4274 }, // U+013E
    { 12, 17, 225, 2, 17, 51, 4322 }, // U+013F
    { 12, 19, 207, 1, 19, 57, 4373 }, // U+0140
    { 15, 17, 238, 0, 17, 64, 4430 }, // U+0141
    { 11, 19, 146, -1, 19, 53, 4494 }, // U+0142
    { 15, 24, 302, 2, 24, 90, 4547 }, // U+0143
    { 13, 20, 236, 1, 20, 65, 4637 }, // U+0144
    { 15, 22, 302, 2, 17, 83, 4702 }, // U+0145
    { 13, 18, 236, 1, 13, 59, 4785 }, // U+0146
    { 15, 24, 302, 2, 24, 90, 4844 }, // U+0147
    { 13, 20, 236, 1, 20, 65, 4934 }, // U+0148
    { 15, 19, 248, -1, 19, 72, 4999 }, // U+0149
    { 15, 22, 302, 2, 17, 83, 5071 }, // U+014A
    { 13, 18, 236, 1, 13, 59, 5154 }, // U+014B
    { 18, 23, 316, 1, 23, 104, 5213 }, // U+014C
    { 14, 19, 243, 1, 19, 67, 5317 }, // U+014D
    { 18, 23, 316, 1, 23, 104, 5384 }, // U+014E
    { 14, 19, 243, 1, 19, 67, 5488 }, // U+014F
    { 18, 24, 316, 1, 24, 108, 5555 }, // U+0150
    { 14, 20, 243, 1, 20, 70, 5663 }, // U+0151
    { 24, 17, 399, 1, 17, 102, 5733 }, // U+0152
    { 22, 13, 375, 1, 13, 72, 5835 }, // U+0153
    { 15, 24, 267, 2, 24, 90, 5907 }, // U+0154
    { 10, 20, 169, 1, 20, 50, 5997 }, // U+0155
    { 15, 22, 267, 2, 17, 83, 6047 }, // U+0156
    { 11, 18, 169, 0, 13, 50, 6130 }, // U+0157
    { 15, 24, 267, 2, 24, 90, 6180 }, // U+0158
    { 10, 20, 169, 1, 20, 50, 6270 }, // U+0159
    { 14, 24, 233, 0, 24, 84, 6320 }, // U+015A
    { 12, 20, 194, 0, 20, 60, 6404 }, // U+015B
    { 14, 23, 233, 0, 23, 81, 6464 }, // U+015C
    { 12, 19, 194, 0, 19, 57, 6545 }, // U+015D
    { 14, 22, 233, 0, 17, 77, 6602 }, // U+015E
    { 12, 18, 194, 0, 13, 54, 6679 }, // U+015F
    { 14, 24, 233, 0, 24, 84, 6733 }, // U+0160
    { 12, 20, 194, 0, 20, 60, 6817 }, // U+0161
    { 15, 23, 246, 0, 17, 87, 6877 }, // U+0162
    { 10, 22, 178, 1, 17, 55, 6964 }, // U+0163
    { 15, 24, 246, 0, 24, 90, 7019 }, // U+0164
    { 10, 19, 178, 1, 19, 48, 7109 }, // U+0165
    { 15, 17, 246, 0, 17, 64, 7157 }, // U+0166
    { 10, 17, 178, 1, 17, 43, 7221 }, // U+0167
    { 15, 23, 283, 1, 23, 87, 7264 }, // U+0168
    { 12, 19, 236, 1, 19, 57, 7351 }, // U+0169
    { 15, 23, 283, 1, 23, 87, 7408 }, // U+016A
    { 12, 19, 236, 1, 19, 57, 7495 }, // U+016B
    { 15, 23, 283, 1, 23, 87, 7552 }, // U+016C
    { 12, 19, 236, 1, 19, 57, 7639 }, // U+016D
    { 15, 23, 283, 1, 23, 87, 7696 }, // U+016E
    { 12, 20, 236, 1, 20, 60, 7783 }, // U+016F
    { 15, 24, 283, 1, 24, 90, 7843 }, // U+0170
    { 13, 20, 236, 1, 20, 65, 7933 }, // U+0171
    { 15, 22, 283, 1, 17, 83, 7998 }, // U+0172
    { 13, 18, 236, 1, 13, 59, 8081 }, // U+0173
    { 24, 23, 379, 0, 23, 138, 8140 }, // U+0174
    { 20, 19, 314, 0, 19, 95, 8278 }, // U+0175
    { 17, 23, 264, 0, 23, 98, 8373 }, // U+0176
    { 14, 24, 219, 0, 19, 84, 8471 }, // U+0177
    { 17, 23, 264, 0, 23, 98, 8555 }, // U+0178
    { 15, 24, 244, 0, 24, 90, 8653 }, // U+0179
    { 12, 20, 200, 0, 20, 60, 8743 }, // U+017A
    { 15, 23, 244, 0, 23, 87, 8803 }, // U+017B
    { 12, 19, 200, 0, 19, 57, 8890 }, // U+017C
    { 15, 24, 244, 0, 24, 90, 8947 }, // U+017D
    { 12, 20, 200, 0, 20, 60, 9037 }, // U+017E
    { 10, 19, 132, 1, 19, 48, 9097 }, // U+017F
    { 18, 19, 316, 1, 19, 86, 0 }, // U+01A0
    { 15, 15, 243, 1, 15, 57, 86 }, // U+01A1
    { 18, 20, 299, 1, 20, 90, 143 }, // U+01AF
    { 15, 16, 250, 1, 16, 60, 233 }, // U+01B0
    { 30, 24, 520, 2, 24, 180, 293 }, // U+01C4
    { 28, 20, 486, 2, 20, 140, 473 }, // U+01C5
    { 26, 20, 438, 1, 20, 130, 613 }, // U+01C6
    { 24, 17, 436, 2, 17, 102, 743 }, // U+01C7
    { 18, 24, 339, 2, 19, 108, 845 }, // U+01C8
    { 13, 24, 241, 1, 19, 78, 953 }, // U+01C9
    { 29, 17, 512, 2, 17, 124, 1031 }, // U+01CA
    { 23, 24, 417, 2, 19, 138, 1155 }, // U+01CB
    { 20, 24, 351, 1, 19, 120, 1293 }, // U+01CC
    { 18, 24, 288, 0, 24, 108, 1413 }, // U+01CD
    { 13, 20, 221, 0, 20, 65, 1521 }, // U+01CE
    { 8, 24, 126, 0, 24, 48, 1586 }, // U+01CF
    { 9, 20, 116, -1, 20, 45, 1634 }, // U+01D0
    { 18, 24, 316, 1, 24, 108, 1679 }, // U+01D1
    { 14, 20, 243, 1, 20, 70, 1787 }, // U+01D2
    { 15, 24, 283, 1, 24, 90, 1857 }, // U+01D3
    { 12, 20, 236, 1, 20, 60, 1947 }, // U+01D4
    { 15, 25, 283, 1, 25, 94, 2007 }, // U+01D5
    { 12, 21, 236, 1, 21, 63, 2101 }, // U+01D6
    { 15, 24, 283, 1, 24, 90, 2164 }, // U+01D7
    { 12, 22, 236, 1, 22, 66, 2254 }, // U+01D8
    { 15, 24, 283, 1, 24, 90, 2320 }, // U+01D9
    { 12, 22, 236, 1, 22, 66, 2410 }, // U+01DA
    { 15, 24, 283, 1, 24, 90, 2476 }, // U+01DB
    { 12, 22, 236, 1, 22, 66, 2566 }, // U+01DC
    { 13, 13, 234, 1, 13, 43, 2632 }, // U+01DD
    { 18, 25, 288, 0, 25, 113, 2675 }, // U+01DE
    { 13, 21, 221, 0, 21, 69, 2788 }, // U+01DF
    { 18, 25, 288, 0, 25, 113, 2857 }, // U+01E0
    { 13, 21, 221, 0, 21, 69, 2970 }, // U+01E1
    { 24, 23, 398, 0, 23, 138, 3039 }, // U+01E2
    { 21, 19, 350, 0, 19, 100, 3177 }, // U+01E3
    { 17, 17, 291, 1, 17, 73, 3277 }, // U+01E4
    { 14, 18, 241, 1, 13, 63, 3350 }, // U+01E5
    { 15, 24, 281, 1, 24, 90, 3413 }, // U+01E6
    { 13, 25, 238, 1, 20, 82, 3503 }, // U+01E7
    { 15, 24, 274, 2, 24, 90, 3585 }, // U+01E8
    { 14, 25, 232, 1, 25, 88, 3675 }, // U+01E9
    { 18, 22, 316, 1, 17, 99, 3763 }, // U+01EA
    { 14, 18, 243, 1, 13, 63, 3862 }, // U+01EB
    { 18, 28, 316, 1, 23, 126, 3925 }, // U+01EC
    { 14, 24, 243, 1, 19, 84, 4051 }, // U+01ED
    { 14, 24, 246, 0, 24, 84, 4135 }, // U+01EE
    { 12, 26, 206, 0, 21, 78, 4219 }, // U+01EF
    { 10, 25, 116, -2, 20, 63, 4297 }, // U+01F0
    { 30, 17, 520, 2, 17, 128, 4360 }, // U+01F1
    { 28, 17, 486, 2, 17, 119, 4488 }, // U+01F2
    { 26, 19, 438, 1, 19, 124, 4607 }, // U+01F3
    { 15, 24, 281, 1, 24, 90, 4731 }, // U+01F4
    { 13, 25, 238, 1, 20, 82, 4821 }, // U+01F5
    { 24, 17, 424, 2, 17, 102, 4903 }, // U+01F6
    { 14, 22, 268, 2, 17, 77, 5005 }, // U+01F7
    { 15, 24, 302, 2, 24, 90, 5082 }, // U+01F8
    { 13, 20, 236, 1, 20, 65, 5172 }, // U+01F9
    { 18, 26, 288, 0, 26, 117, 5237 }, // U+01FA
    { 13, 24, 221, 0, 24, 78, 5354 }, // U+01FB
    { 24, 24, 398, 0, 24, 144, 5432 }, // U+01FC
    { 21, 20, 350, 0, 20, 105, 5576 }, // U+01FD
    { 18, 25, 316, 1, 24, 113, 5681 }, // U+01FE
    { 14, 21, 243, 1, 20, 74, 5794 }, // U+01FF
    { 18, 24, 288, 0, 24, 108, 5868 }, // U+0200
    { 13, 20, 221, 0, 20, 65, 5976 }, // U+0201
    { 18, 23, 288, 0, 23, 104, 6041 }, // U+0202
    { 13, 19, 221, 0, 19, 62, 6145 }, // U+0203
    { 13, 24, 242, 2, 24, 78, 6207 }, // U+0204
    { 13, 20, 234, 1, 20, 65, 6285 }, // U+0205
    { 13, 23, 242, 2, 23, 75, 6350 }, // U+0206
    { 13, 19, 234, 1, 19, 62, 6425 }, // U+0207
    { 11, 24, 126, -2, 24, 66, 6487 }, // U+0208
    { 12, 20, 116, -3, 20, 60, 6553 }, // U+0209
    { 10, 23, 126, -1, 23, 58, 6613 }, // U+020A
    { 9, 19, 116, -1, 19, 43, 6671 }, // U+020B
    { 18, 24, 316, 1, 24, 108, 6714 }, // U+020C
    { 14, 20, 243, 1, 20, 70, 6822 }, // U+020D
    { 18, 23, 316, 1, 23, 104, 6892 }, // U+020E
    { 14, 19, 243, 1, 19, 67, 6996 }, // U+020F
    { 15, 24, 267, 2, 24, 90, 7063 }, // U+0210
    { 11, 20, 169, 0, 20, 55, 7153 }, // U+0211
    { 15, 23, 267, 2, 23, 87, 7208 }, // U+0212
    { 10, 19, 169, 1, 19, 48, 7295 }, // U+0213
    { 15, 24, 283, 1, 24, 90, 7343 }, // U+0214
    { 12, 20, 236, 1, 20, 60, 7433 }, // U+0215
    { 15, 23, 283, 1, 23, 87, 7493 }, // U+0216
    { 12, 19, 236, 1, 19, 57, 7580 }, // U+0217
    { 14, 22, 233, 0, 17, 77, 7637 }, // U+0218
    { 12, 18, 194, 0, 13, 54, 7714 }, // U+0219
    { 15, 22, 246, 0, 17, 83, 7768 }, // U+021A
    { 10, 22, 178, 1, 17, 55, 7851 }, // U+021B
    { 13, 22, 227, 0, 17, 72, 7906 }, // U+021C
    { 11, 18, 191, 0, 13, 50, 7978 }, // U+021D
    { 15, 24, 294, 2, 24, 90, 8028 }, // U+021E
    { 13, 25, 236, 1, 25, 82, 8118 }, // U+021F
    { 9, 4, 156, 0, 19, 9, 0 }, // U+0311
    { 18, 24, 288, 0, 18, 108, 0 }, // U+1EA0
    { 13, 20, 221, 0, 14, 65, 108 }, // U+1EA1
    { 18, 24, 288, 0, 24, 108, 173 }, // U+1EA2
    { 13, 21, 221, 0, 20, 69, 281 }, // U+1EA3
    { 18, 27, 288, 0, 27, 122, 350 }, // U+1EA4
    { 15, 24, 221, 0, 23, 90, 472 }, // U+1EA5
    { 18, 28, 288, 0, 28, 126, 562 }, // U+1EA6
    { 13, 25, 221, 0, 24, 82, 688 }, // U+1EA7
    { 18, 28, 288, 0, 28, 126, 770 }, // U+1EA8
    { 14, 25, 221, 0, 24, 88, 896 }, // U+1EA9
    { 18, 29, 288, 0, 29, 131, 984 }, // U+1EAA
    { 13, 25, 221, 0, 24, 82, 1115 }, // U+1EAB
    { 18, 30, 288, 0, 24, 135, 1197 }, // U+1EAC
    { 13, 26, 221, 0, 20, 85, 1332 }, // U+1EAD
    { 18, 29, 288, 0, 29, 131, 1417 }, // U+1EAE
    { 13, 26, 221, 0, 25, 85, 1548 }, // U+1EAF
    { 18, 29, 288, 0, 29, 131, 1633 }, // U+1EB0
    { 13, 26, 221, 0, 25, 85, 1764 }, // U+1EB1
    { 18, 30, 288, 0, 30, 135, 1849 }, // U+1EB2
    { 13, 27, 221, 0, 26, 88, 1984 }, // U+1EB3
    { 18, 28, 288, 0, 28, 126, 2072 }, // U+1EB4
    { 13, 25, 221, 0, 24, 82, 2198 }, // U+1EB5
    { 18, 29, 288, 0, 23, 131, 2280 }, // U+1EB6
    { 13, 26, 221, 0, 20, 85, 2411 }, // U+1EB7
    { 13, 24, 242, 2, 18, 78, 2496 }, // U+1EB8
    { 13, 20, 234, 1, 14, 65, 2574 }, // U+1EB9
    { 13, 24, 242, 2, 24, 78, 2639 }, // U+1EBA
    { 13, 21, 234, 1, 20, 69, 2717 }, // U+1EBB
    { 13, 24, 242, 2, 24, 78, 2786 }, // U+1EBC
    { 13, 20, 234, 1, 19, 65, 2864 }, // U+1EBD
    { 14, 28, 242, 2, 28, 98, 2929 }, // U+1EBE
    { 15, 24, 234, 1, 23, 90, 3027 }, // U+1EBF
    { 13, 28, 242, 2, 28, 91, 3117 }, // U+1EC0
    { 13, 24, 234, 1, 23, 78, 3208 }, // U+1EC1
    { 14, 28, 242, 2, 28, 98, 3286 }, // U+1EC2
    { 14, 24, 234, 1, 23, 84, 3384 }, // U+1EC3
    { 13, 29, 242, 2, 29, 95, 3468 }, // U+1EC4
    { 13, 25, 234, 1, 24, 82, 3563 }, // U+1EC5
    { 13, 30, 242, 2, 24, 98, 3645 }, // U+1EC6
    { 13, 26, 234, 1, 20, 85, 3743 }, // U+1EC7
    { 6, 24, 126, 1, 24, 36, 3828 }, // U+1EC8
    { 7, 20, 116, 0, 20, 35, 3864 }, // U+1EC9
    { 5, 24, 126, 1, 18, 30, 3899 }, // U+1ECA
    { 5, 26, 116, 1, 20, 33, 3929 }, // U+1ECB
    { 18, 24, 316, 1, 18, 108, 3962 }, // U+1ECC
    { 14, 20, 243, 1, 14, 70, 4070 }, // U+1ECD
    { 18, 25, 316, 1, 24, 113, 4140 }, // U+1ECE
    { 14, 21, 243, 1, 20, 74, 4253 }, // U+1ECF
    { 18, 29, 316, 1, 28, 131, 4327 }, // U+1ED0
    { 15, 24, 243, 1, 23, 90, 4458 }, // U+1ED1
    { 18, 29, 316, 1, 28, 131, 4548 }, // U+1ED2
    { 14, 25, 243, 1, 24, 88, 4679 }, // U+1ED3
    { 18, 29, 316, 1, 28, 131, 4767 }, // U+1ED4
    { 14, 25, 243, 1, 24, 88, 4898 }, // U+1ED5
    { 18, 30, 316, 1, 29, 135, 4986 }, // U+1ED6
    { 14, 25, 243, 1, 24, 88, 5121 }, // U+1ED7
    { 18, 30, 316, 1, 24, 135, 5209 }, // U+1ED8
    { 14, 26, 243, 1, 20, 91, 5344 }, // U+1ED9
    { 18, 25, 316, 1, 24, 113, 5435 }, // U+1EDA
    { 15, 21, 243, 1, 20, 79, 5548 }, // U+1EDB
    { 18, 25, 316, 1, 24, 113, 5627 }, // U+1EDC
    { 15, 21, 243, 1, 20, 79, 5740 }, // U+1EDD
    { 18, 25, 316, 1, 24, 113, 5819 }, // U+1EDE
    { 15, 21, 243, 1, 20, 79, 5932 }, // U+1EDF
    { 18, 24, 316, 1, 23, 108, 6011 }, // U+1EE0
    { 15, 20, 243, 1, 19, 75, 6119 }, // U+1EE1
    { 18, 27, 316, 1, 21, 122, 6194 }, // U+1EE2
    { 15, 22, 243, 1, 16, 83, 6316 }, // U+1EE3
    { 15, 24, 283, 1, 18, 90, 6399 }, // U+1EE4
    { 12, 20, 236, 1, 14, 60, 6489 }, // U+1EE5
    { 15, 25, 283, 1, 24, 94, 6549 }, // U+1EE6
    { 12, 21, 236, 1, 20, 63, 6643 }, // U+1EE7
    { 18, 25, 299, 1, 24, 113, 6706 }, // U+1EE8
    { 15, 21, 250, 1, 20, 79, 6819 }, // U+1EE9
    { 18, 25, 299, 1, 24, 113, 6898 }, // U+1EEA
    { 15, 21, 250, 1, 20, 79, 7011 }, // U+1EEB
    { 18, 25, 299, 1, 24, 113, 7090 }, // U+1EEC
    { 15, 21, 250, 1, 20, 79, 7203 }, // U+1EED
    { 18, 24, 299, 1, 23, 108, 7282 }, // U+1EEE
    { 15, 20, 250, 1, 19, 75, 7390 }, // U+1EEF
    { 18, 27, 299, 1, 21, 122, 7465 }, // U+1EF0
    { 15, 22, 250, 1, 16, 83, 7587 }, // U+1EF1
    { 17, 24, 264, 0, 24, 102, 7670 }, // U+1EF2
    { 14, 25, 219, 0, 20, 88, 7772 }, // U+1EF3
    { 17, 24, 264, 0, 18, 102, 7860 }, // U+1EF4
    { 15, 19, 219, 0, 14, 72, 7962 }, // U+1EF5
    { 17, 24, 264, 0, 24, 102, 8034 }, // U+1EF6
    { 14, 25, 219, 0, 20, 88, 8136 }, // U+1EF7
    { 17, 24, 264, 0, 24, 102, 8224 }, // U+1EF8
    { 14, 24, 219, 0, 19, 84, 8326 }, // U+1EF9
    { 13, 3, 200, 0, 9, 10, 0 }, // U+2013
    { 25, 3, 400, 0, 9, 19, 10 }, // U+2014
    { 25, 3, 400, 0, 9, 19, 29 }, // U+2015
    { 5, 7, 97, 1, 19, 9, 48 }, // U+2018
    { 6, 7, 97, 0, 19, 11, 57 }, // U+2019
    { 6, 7, 97, 0, 4, 11, 68 }, // U+201A
    { 10, 7, 182, 1, 19, 18, 79 }, // U+201C
    { 11, 7, 182, 0, 19, 20, 97 }, // U+201D
    { 11, 7, 182, 0, 4, 20, 117 }, // U+201E
    { 12, 21, 198, 0, 17, 63, 137 }, // U+2020
    { 12, 21, 198, 0, 17, 63, 200 }, // U+2021
    { 9, 7, 146, 0, 12, 16, 263 }, // U+2022
    { 23, 5, 400, 1, 5, 29, 279 }, // U+2026
    { 33, 17, 528, 0, 17, 141, 308 }, // U+2030
    { 8, 13, 131, 0, 14, 26, 449 }, // U+2039
    { 8, 13, 131, 0, 14, 26, 475 }, // U+203A
    { 14, 18, 61, -5, 18, 63, 501 }, // U+2044
    { 9, 10, 145, 0, 18, 23, 0 }, // U+2070
    { 9, 10, 145, 0, 18, 23, 23 }, // U+2074
    { 9, 10, 145, 0, 18, 23, 46 }, // U+2075
    { 9, 10, 145, 0, 18, 23, 69 }, // U+2076
    { 9, 10, 145, 0, 18, 23, 92 }, // U+2077
    { 9, 10, 145, 0, 18, 23, 115 }, // U+2078
    { 9, 10, 145, 0, 18, 23, 138 }, // U+2079
    { 9, 10, 145, 0, 11, 23, 161 }, // U+2080
    { 7, 10, 145, 0, 11, 18, 184 }, // U+2081
    { 9, 10, 145, 0, 11, 23, 202 }, // U+2082
    { 8, 10, 145, 0, 11, 20, 225 }, // U+2083
    { 9, 10, 145, 0, 11, 23, 245 }, // U+2084
    { 9, 10, 145, 0, 11, 23, 268 }, // U+2085
    { 9, 10, 145, 0, 11, 23, 291 }, // U+2086
    { 9, 10, 145, 0, 11, 23, 314 }, // U+2087
    { 9, 10, 145, 0, 11, 23, 337 }, // U+2088
    { 9, 10, 145, 0, 11, 23, 360 }, // U+2089
    { 14, 17, 227, 1, 17, 60, 0 }, // U+20AC
    { 14, 17, 227, 0, 17, 60, 60 }, // U+20AE
    { 14, 17, 227, 0, 17, 60, 120 }, // U+20B4
    { 14, 17, 227, 1, 17, 60, 180 }, // U+20B9
    { 15, 18, 245, 0, 18, 68, 0 }, // U+2202
    { 18, 17, 277, 0, 17, 77, 68 }, // U+2206
    { 15, 21, 292, 2, 18, 79, 145 }, // U+220F
    { 14, 20, 217, 0, 17, 70, 224 }, // U+2211
    { 12, 3, 227, 1, 9, 9, 294 }, // U+2212
    { 14, 18, 61, -5, 18, 63, 303 }, // U+2215
    { 6, 5, 98, 0, 10, 8, 366 }, // U+2219
    { 16, 18, 241, 0, 18, 72, 374 }, // U+221A
    { 16, 8, 254, 0, 11, 32, 446 }, // U+221E
    { 10, 25, 160, 0, 19, 63, 478 }, // U+222B
    { 14, 11, 227, 0, 13, 39, 541 }, // U+2248
    { 12, 14, 227, 1, 14, 42, 580 }, // U+2260
    { 12, 15, 227, 1, 15, 45, 622 }, // U+2264
    { 12, 15, 227, 1, 15, 45, 667 }, // U+2265
    { 21, 19, 336, 1, 19, 100, 0 }, // U+FB00
    { 16, 19, 283, 1, 19, 76, 100 }, // U+FB01
    { 18, 19, 294, 1, 19, 86, 176 }, // U+FB02
    { 26, 19, 451, 1, 19, 124, 262 }, // U+FB03
    { 28, 19, 462, 1, 19, 133, 386 }, // U+FB04
};

static const EpdUnicodeInterval ubuntu_12_boldIntervals[] = {
    { 0x0, 0x0, 0x0 },
    { 0x8, 0x9, 0x1 },
    { 0xD, 0xD, 0x3 },
    { 0x1D, 0x1D, 0x4 },
    { 0x20, 0x7E, 0x5 },
    { 0xA0, 0x17F, 0x64 },
    { 0x1A0, 0x1A1, 0x144 },
    { 0x1AF, 0x1B0, 0x146 },
    { 0x1C4, 0x21F, 0x148 },
    { 0x311, 0x311, 0x1A4 },
    { 0x1EA0, 0x1EF9, 0x1A5 },
    { 0x2013, 0x2015, 0x1FF },
    { 0x2018, 0x201A, 0x202 },
    { 0x201C, 0x201E, 0x205 },
    { 0x2020, 0x2022, 0x208 },
    { 0x2026, 0x2026, 0x20B },
    { 0x2030, 0x2030, 0x20C },
    { 0x2039, 0x203A, 0x20D },
    { 0x2044, 0x2044, 0x20F },
    { 0x2070, 0x2070, 0x210 },
    { 0x2074, 0x2079, 0x211 },
    { 0x2080, 0x2089, 0x217 },
    { 0x20AC, 0x20AC, 0x221 },
    { 0x20AE, 0x20AE, 0x222 },
    { 0x20B4, 0x20B4, 0x223 },
    { 0x20B9, 0x20B9, 0x224 },
    { 0x2202, 0x2202, 0x225 },
    { 0x2206, 0x2206, 0x226 },
    { 0x220F, 0x220F, 0x227 },
    { 0x2211, 0x2212, 0x228 },
    { 0x2215, 0x2215, 0x22A },
    { 0x2219, 0x221A, 0x22B },
    { 0x221E, 0x221E, 0x22D },
    { 0x222B, 0x222B, 0x22E },
    { 0x2248, 0x2248, 0x22F },
    { 0x2260, 0x2260, 0x230 },
    { 0x2264, 0x2265, 0x231 },
    { 0xFB00, 0xFB04, 0x233 },
};

static const EpdFontGroup ubuntu_12_boldGroups[] = {
    { 0, 2206, 5486, 100, 0 },
    { 2206, 2118, 6776, 96, 100 },
    { 4324, 2488, 10195, 128, 196 },
    { 6812, 2500, 9037, 96, 324 },
    { 9312, 14, 12, 1, 420 },
    { 9326, 1628, 9558, 90, 421 },
    { 10954, 267, 613, 17, 511 },
    { 11221, 190, 490, 17, 528 },
    { 11411, 155, 272, 4, 545 },
    { 11566, 353, 767, 14, 549 },
    { 11919, 174, 551, 5, 563 },
};

static const uint16_t ubuntu_12_boldKernLeftCodepoints[] = {
    0x0022, 0x0023, 0x0024, 0x0025, 0x0026, 0x0027, 0x0028, 0x0029, 0x002A, 0x002C, 0x002D, 0x002E,
    0x002F, 0x0030, 0x0031, 0x0032, 0x0033, 0x0034, 0x0035, 0x0036, 0x0037, 0x0038, 0x0039, 0x003A,
    0x003B, 0x0040, 0x0041, 0x0042, 0x0043, 0x0044, 0x0045, 0x0046, 0x0047, 0x0048, 0x0049, 0x004A,
    0x004B, 0x004C, 0x004D, 0x004E, 0x004F, 0x0050, 0x0051, 0x0052, 0x0053, 0x0054, 0x0055, 0x0056,
    0x0057, 0x0058, 0x0059, 0x005A, 0x005B, 0x005C, 0x005D, 0x0061, 0x0062, 0x0063, 0x0064, 0x0066,
    0x0067, 0x0068, 0x0069, 0x006A, 0x006B, 0x006C, 0x006D, 0x006E, 0x006F, 0x0070, 0x0071, 0x0072,
    0x0073, 0x0074, 0x0075, 0x0076, 0x0077, 0x0078, 0x0079, 0x007A, 0x007B, 0x007D, 0x00A1, 0x00A3,
    0x00A5, 0x00AB, 0x00B7, 0x00BB, 0x00BF, 0x00C0, 0x00C1, 0x00C2, 0x00C3, 0x00C4, 0x00C5, 0x00C6,
    0x00C7, 0x00C8, 0x00C9, 0x00CA, 0x00CB, 0x00CC, 0x00CD, 0x00CE, 0x00CF, 0x00D0, 0x00D1, 0x00D2,
    0x00D3, 0x00D4, 0x00D5, 0x00D6, 0x00D8, 0x00D9, 0x00DA, 0x00DB, 0x00DC, 0x00DD, 0x00DE, 0x00DF,
    0x00E0, 0x00E1, 0x00E2, 0x00E3, 0x00E4, 0x00E5, 0x00E7, 0x00EC, 0x00ED, 0x00EE, 0x00EF, 0x00F0,
    0x00F1, 0x00F2, 0x00F3, 0x00F4, 0x00F5, 0x00F6, 0x00F8, 0x00F9, 0x00FA, 0x00FB, 0x00FC, 0x00FD,
    0x00FE, 0x00FF, 0x0100, 0x0101, 0x0102, 0x0103, 0x0104, 0x0105, 0x0106, 0x0107, 0x0108, 0x0109,
    0x010A, 0x010B, 0x010C, 0x010D, 0x010E, 0x010F, 0x0110, 0x0111, 0x0112, 0x0114, 0x0116, 0x0118,
    0x011A, 0x011C, 0x011D, 0x011E, 0x011F, 0x0120, 0x0121, 0x0122, 0x0123, 0x0124, 0x0125, 0x0126,
    0x0127, 0x0128, 0x0129, 0x012A, 0x012B, 0x012C, 0x012D, 0x012E, 0x012F, 0x0130, 0x0131, 0x0132,
    0x0133, 0x0134, 0x0135, 0x0136, 0x0137, 0x0138, 0x0139, 0x013A, 0x013B, 0x013C, 0x013D, 0x013E,
    0x013F, 0x0140, 0x0141, 0x0142, 0x0143, 0x0144, 0x0145, 0x0146, 0x0147, 0x0148, 0x0149, 0x014A,
    0x014B, 0x014C, 0x014D, 0x014E, 0x014F, 0x0150, 0x0151, 0x0152, 0x0154, 0x0155, 0x0156, 0x0157,
    0x0158, 0x0159, 0x015A, 0x015B, 0x015C, 0x015D, 0x015E, 0x015F, 0x0160, 0x0161, 0x0162, 0x0163,
    0x0164, 0x0165, 0x0166, 0x0167, 0x0168, 0x0169, 0x016A, 0x016B, 0x016C, 0x016D, 0x016E, 0x016F,
    0x0170, 0x0171, 0x0172, 0x0173, 0x0174, 0x0175, 0x0176, 0x0177, 0x0178, 0x0179, 0x017A, 0x017B,
    0x017C, 0x017D, 0x017E, 0x017F, 0x01A0, 0x01C4, 0x01C5, 0x01C6, 0x01C7, 0x01C8, 0x01C9, 0x01CA,
    0x01CB, 0x01CC, 0x01CD, 0x01CE, 0x01CF, 0x01D0, 0x01D1, 0x01D2, 0x01D3, 0x01D4, 0x01D5, 0x01D6,
    0x01D7, 0x01D8, 0x01D9, 0x01DA, 0x01DB, 0x01DC, 0x01DD, 0x01DE, 0x01DF, 0x01E0, 0x01E1, 0x01E2,
    0x01E4, 0x01E5, 0x01E6, 0x01E7, 0x01E8, 0x01E9, 0x01EA, 0x01EB, 0x01EC, 0x01ED, 0x01EE, 0x01EF,
    0x01F0, 0x01F1, 0x01F2, 0x01F3, 0x01F4, 0x01F5, 0x01F6, 0x01F7, 0x01F8, 0x01F9, 0x01FA, 0x01FB,
    0x01FC, 0x01FE, 0x01FF, 0x0200, 0x0201, 0x0202, 0x0203, 0x0204, 0x0206, 0x0208, 0x0209, 0x020A,
    0x020B, 0x020C, 0x020D, 0x020E, 0x020F, 0x0210, 0x0211, 0x0212, 0x0213, 0x0214, 0x0215, 0x0216,
    0x0217, 0x0218, 0x0219, 0x021A, 0x021B, 0x021C, 0x021E, 0x021F, 0x1EF2, 0x1EF3, 0x2013, 0x2014,
    0x2018, 0x2019, 0x201A, 0x201C, 0x201D, 0x201E, 0x2026, 0x2030, 0x2039, 0x203A, 0x2219, 0xFB00,
    0xFB01, 0xFB02, 0xFB03, 0xFB04,
};

static const uint8_t ubuntu_12_boldKernLeftClassIds[] = {
      1,   2,   3,   4,   5,   1,   6,   7,   8,   9,  10,   9,  11,  12,  13,  14,
     15,  16,  17,  18,  19,  20,  21,  22,  22,  23,  24,  25,  26,  27,  28,  29,
     30,  31,  31,  32,  33,  34,  35,  31,  36,  37,  38,  39,  40,  41,  42,  43,
     44,  45,  46,  47,  48,  49,  50,  51,  52,  53,  54,  55,  56,  57,  58,  59,
     60,  61,  62,  62,  63,  52,  64,  65,  66,  67,  68,  69,  70,  71,  72,  73,
     74,  75,  76,  77,  78,  79,  80,  81,  82,  24,  24,  24,  24,  24,  24,  28,
     26,  28,  28,  28,  28,  31,  31,  31,  31,  27,  31,  36,  36,  36,  36,  36,
     36,  42,  42,  42,  42,  46,  83,  84,  51,  51,  51,  51,  51,  51,  53,  58,
     58,  58,  58,  85,  62,  63,  63,  63,  63,  63,  63,  68,  68,  68,  68,  72,
     86,  72,  24,  51,  24,  51,  24,  51,  26,  53,  26,  53,  26,  53,  26,  53,
     27,  87,  27,  54,  28,  28,  28,  28,  28,  30,  56,  30,  56,  30,  56,  30,
     56,  31,  57,  31,  57,  31,  58,  31,  58,  31,  58,  31,  58,  31,  58,  32,
     59,  32,  59,  33,  60,  60,  34,  61,  34,  61,  34,  87,  34,  61,  34,  61,
     31,  62,  31,  62,  31,  62,  62,  88,  89,  36,  63,  36,  63,  36,  63,  28,
     39,  65,  39,  65,  39,  65,  40,  66,  40,  66,  40,  66,  40,  66,  41,  67,
     41,  67,  41,  67,  42,  68,  42,  68,  42,  68,  42,  68,  42,  68,  42,  68,
     44,  70,  46,  72,  46,  47,  73,  47,  73,  47,  73,  55,  90,  47,  73,  73,
     32,  59,  59,  32,  59,  59,  24,  51,  31,  58,  36,  63,  42,  68,  42,  68,
     42,  68,  42,  68,  42,  68,  63,  24,  51,  24,  51,  28,  30,  56,  30,  56,
     33,  60,  36,  63,  36,  63,  91,  92,  59,  47,  73,  73,  30,  56,  68,  93,
     31,  62,  24,  51,  28,  36,  63,  24,  51,  24,  51,  28,  28,  31,  58,  31,
     58,  36,  63,  36,  63,  39,  65,  39,  65,  42,  68,  42,  68,  40,  66,  41,
     67,  94,  31,  57,  46,  72,  10,  10,  95,  96,  97,  95,  96,  97,   9,   4,
     79,  81,  80,  55,  58,  61,  58,  61,
};

static const uint16_t ubuntu_12_boldKernRightCodepoints[] = {
    0x0021, 0x0022, 0x0023, 0x0025, 0x0026, 0x0027, 0x0028, 0x0029, 0x002A, 0x002C, 0x002D, 0x002E,
    0x002F, 0x0030, 0x0031, 0x0032, 0x0033, 0x0034, 0x0035, 0x0036, 0x0037, 0x0038, 0x0039, 0x003A,
    0x003B, 0x003F, 0x0040, 0x0041, 0x0042, 0x0043, 0x0044, 0x0045, 0x0046, 0x0047, 0x0048, 0x0049,
    0x004A, 0x004B, 0x004C, 0x004D, 0x004E, 0x004F, 0x0050, 0x0051, 0x0052, 0x0053, 0x0054, 0x0055,
    0x0056, 0x0057, 0x0058, 0x0059, 0x005A, 0x005B, 0x005C, 0x005D, 0x0061, 0x0062, 0x0063, 0x0064,
    0x0065, 0x0066, 0x0067, 0x0068, 0x0069, 0x006A, 0x006B, 0x006C, 0x006D, 0x006E, 0x006F, 0x0070,
    0x0071, 0x0072, 0x0073, 0x0074, 0x0075, 0x0076, 0x0077, 0x0078, 0x0079, 0x007A, 0x007B, 0x007D,
    0x00A2, 0x00AB, 0x00B0, 0x00BB, 0x00C0, 0x00C1, 0x00C2, 0x00C3, 0x00C4, 0x00C5, 0x00C6, 0x00C7,
    0x00C8, 0x00C9, 0x00CA, 0x00CB, 0x00CC, 0x00CD, 0x00CE, 0x00CF, 0x00D0, 0x00D1, 0x00D2, 0x00D3,
    0x00D4, 0x00D5, 0x00D6, 0x00D8, 0x00D9, 0x00DA, 0x00DB, 0x00DC, 0x00DD, 0x00DF, 0x00E0, 0x00E1,
    0x00E2, 0x00E3, 0x00E4, 0x00E5, 0x00E6, 0x00E7, 0x00E8, 0x00E9, 0x00EA, 0x00EB, 0x00EC, 0x00ED,
    0x00EE, 0x00EF, 0x00F0, 0x00F1, 0x00F2, 0x00F3, 0x00F4, 0x00F5, 0x00F6, 0x00F8, 0x00F9, 0x00FA,
    0x00FB, 0x00FC, 0x00FD, 0x00FF, 0x0100, 0x0101, 0x0102, 0x0103, 0x0104, 0x0105, 0x0106, 0x0107,
    0x0108, 0x0109, 0x010A, 0x010B, 0x010C, 0x010D, 0x010E, 0x010F, 0x0111, 0x0112, 0x0113, 0x0114,
    0x0115, 0x0116, 0x0117, 0x0118, 0x0119, 0x011A, 0x011B, 0x011C, 0x011D, 0x011E, 0x011F, 0x0120,
    0x0121, 0x0122, 0x0123, 0x0124, 0x0125, 0x0126, 0x0127, 0x0128, 0x0129, 0x012A, 0x012B, 0x012C,
    0x012D, 0x012E, 0x012F, 0x0130, 0x0131, 0x0132, 0x0133, 0x0134, 0x0135, 0x0136, 0x0137, 0x0139,
    0x013A, 0x013B, 0x013C, 0x013D, 0x013E, 0x013F, 0x0140, 0x0141, 0x0142, 0x0143, 0x0144, 0x0145,
    0x0146, 0x0147, 0x0148, 0x0149, 0x014A, 0x014B, 0x014C, 0x014D, 0x014E, 0x014F, 0x0150, 0x0151,
    0x0152, 0x0153, 0x0154, 0x0155, 0x0156, 0x0157, 0x0158, 0x0159, 0x015A, 0x015B, 0x015C, 0x015D,
    0x015E, 0x015F, 0x0160, 0x0161, 0x0162, 0x0163, 0x0164, 0x0165, 0x0166, 0x0167, 0x0168, 0x0169,
    0x016A, 0x016B, 0x016C, 0x016D, 0x016E, 0x016F, 0x0170, 0x0171, 0x0172, 0x0173, 0x0174, 0x0175,
    0x0176, 0x0177, 0x0178, 0x0179, 0x017A, 0x017B, 0x017C, 0x017D, 0x017E, 0x017F, 0x01A0, 0x01A1,
    0x01AF, 0x01B0, 0x01C4, 0x01C5, 0x01C6, 0x01C7, 0x01C8, 0x01C9, 0x01CA, 0x01CB, 0x01CC, 0x01CD,
    0x01CE, 0x01CF, 0x01D0, 0x01D1, 0x01D2, 0x01D3, 0x01D4, 0x01D5, 0x01D6, 0x01D7, 0x01D8, 0x01D9,
    0x01DA, 0x01DB, 0x01DC, 0x01DD, 0x01DE, 0x01DF, 0x01E0, 0x01E1, 0x01E2, 0x01E3, 0x01E4, 0x01E5,
    0x01E6, 0x01E7, 0x01E8, 0x01E9, 0x01EA, 0x01EB, 0x01EC, 0x01ED, 0x01EE, 0x01F0, 0x01F1, 0x01F2,
    0x01F3, 0x01F4, 0x01F5, 0x01F8, 0x01F9, 0x01FA, 0x01FB, 0x01FC, 0x01FD, 0x01FE, 0x01FF, 0x0200,
    0x0201, 0x0202, 0x0203, 0x0204, 0x0205, 0x0206, 0x0207, 0x0208, 0x0209, 0x020A, 0x020B, 0x020C,
    0x020D, 0x020E, 0x020F, 0x0210, 0x0211, 0x0212, 0x0213, 0x0214, 0x0215, 0x0216, 0x0217, 0x0218,
    0x0219, 0x021A, 0x021B, 0x021C, 0x021D, 0x021E, 0x021F, 0x1EF2, 0x1EF3, 0x2013, 0x2014, 0x2018,
    0x2019, 0x201A, 0x201C, 0x201D, 0x201E, 0x2026, 0x2030, 0x2039, 0x203A, 0xFB00, 0xFB01, 0xFB02,
    0xFB03, 0xFB04,
};

static const uint8_t ubuntu_12_boldKernRightClassIds[] = {
      1,   2,   3,   4,   5,   2,   6,   7,   8,   9,  10,   9,  11,  12,  13,  14,
     15,  16,  17,  18,  19,  20,  21,  22,  22,  23,  24,  25,  26,  27,  26,  26,
     26,  28,  26,  26,  29,  26,  26,  30,  26,  31,  26,  31,  26,  32,  33,  34,
     35,  36,  37,  38,  39,  40,  41,  42,  43,  44,  45,  46,  45,  47,  45,  48,
     49,  50,  48,  48,  51,  51,  46,  51,  45,  51,  52,  53,  54,  55,  56,  57,
     58,  59,  60,  61,  62,  63,  64,  65,  25,  25,  25,  25,  25,  25,  66,  27,
     26,  26,  26,  26,  26,  26,  26,  26,  26,  26,  31,  31,  31,  31,  31,  31,
     34,  34,  34,  34,  38,  67,  43,  43,  43,  43,  68,  43,  43,  45,  45,  45,
     45,  45,  69,  49,  70,  71,  72,  51,  46,  46,  46,  46,  46,  46,  54,  54,
     54,  54,  58,  58,  25,  43,  25,  43,  25,  43,  27,  45,  27,  45,  27,  45,
     27,  45,  26,  46,  46,  26,  45,  26,  45,  26,  45,  26,  45,  26,  45,  28,
     45,  28,  45,  28,  45,  28,  45,  26,  48,  26,  48,  26,  73,  26,  74,  26,
     75,  26,  49,  26,  49,  26,  49,  29,  50,  26,  48,  26,  48,  26,  48,  26,
     48,  26,  48,  26,  48,  26,  51,  26,  51,  26,  51,  51,  76,  77,  31,  46,
     31,  46,  31,  46,  31,  46,  26,  51,  26,  51,  26,  51,  32,  52,  32,  52,
     32,  52,  32,  52,  33,  53,  33,  53,  33,  53,  34,  54,  34,  54,  34,  54,
     34,  54,  34,  54,  34,  54,  36,  56,  38,  58,  38,  39,  59,  39,  59,  39,
     59,  47,  31,  46,  34,  54,  26,  26,  46,  26,  26,  48,  26,  26,  51,  25,
     43,  26,  49,  31,  46,  34,  54,  34,  54,  34,  54,  34,  54,  34,  54,  78,
     25,  43,  25,  43,  66,  43,  28,  45,  28,  45,  26,  48,  31,  46,  31,  46,
     79,  50,  26,  26,  46,  28,  45,  26,  51,  25,  43,  66,  43,  31,  46,  25,
     43,  25,  43,  26,  45,  26,  45,  26,  49,  26,  49,  31,  46,  31,  46,  26,
     51,  26,  51,  34,  54,  34,  54,  32,  52,  33,  53,  80,  81,  26,  48,  38,
     58,  10,  10,  82,  83,  84,  82,  83,  84,   9,   4,  63,  65,  47,  47,  47,
     47,  47,
};

static const uint16_t ubuntu_12_boldKernRowOffsets[] = {
        0,    10,    13,    15,    20,    38,    81,   102,   124,   154,   180,   219,   235,   255,   269,   288,
      304,   316,   327,   355,   368,   382,   400,   416,   457,   481,   519,   540,   558,   594,   606,   607,
      615,   659,   701,   710,   731,   759,   779,   813,   833,   884,   893,   939,   980,  1027,  1078,  1115,
     1156,  1190,  1196,  1209,  1227,  1246,  1258,  1289,  1301,  1314,  1325,  1337,  1363,  1382,  1395,  1413,
     1426,  1449,  1458,  1476,  1487,  1507,  1528,  1552,  1572,  1591,  1602,  1613,  1617,  1622,  1629,  1643,
     1651,  1679,  1722,  1745,  1761,  1772,  1784,  1817,  1818,  1823,  1826,  1831,  1832,  1839,  1842,  1871,
     1912,  1947,
};

static const uint8_t ubuntu_12_boldKernSparseCols[] = {
     15,  16,  17,  18,  19,  24,  28,  34,  35,  65,  13,  16,  18,  12,  18,  12,
     14,  15,  18,  20,  24,  26,  27,  28,  30,  32,  34,  35,  36,  37,  42,  44,
     45,  54,  55,  56,  57,  67,   5,   6,   7,   9,  11,  12,  14,  15,  17,  18,
     19,  20,  23,  26,  27,  30,  32,  34,  35,  36,  37,  38,  42,  44,  45,  46,
     48,  49,  50,  51,  53,  54,  55,  57,  66,  67,  68,  69,  70,  71,  72,  73,
     74,   5,   7,   9,  12,  13,  14,  16,  18,  19,  23,  24,  28,  32,  34,  35,
     36,  37,  38,  56,  65,  75,  15,  16,  17,  23,  24,  28,  29,  36,  37,  42,
     44,  45,  49,  51,  54,  55,  56,  57,  65,  67,  71,  75,  11,  12,  13,  14,
     16,  18,  24,  26,  27,  28,  30,  31,  32,  33,  34,  35,  36,  37,  38,  42,
     44,  45,  54,  55,  56,  57,  58,  65,  67,  71,  11,  12,  13,  15,  17,  18,
     19,  26,  27,  28,  30,  32,  34,  36,  37,  38,  42,  44,  45,  46,  55,  56,
     65,  67,  71,  75,  11,  13,  14,  15,  17,  18,  19,  23,  24,  26,  27,  28,
     30,  32,  34,  35,  36,  37,  38,  42,  43,  44,  45,  47,  48,  49,  50,  51,
     53,  58,  65,  67,  68,  69,  70,  71,  72,  73,  74,   0,   6,   8,   9,  10,
     13,  14,  15,  18,  21,  40,  41,  60,  62,  64,  82,   1,   2,   3,   5,   6,
      7,  10,  12,  13,  15,  16,  18,  19,  20,  23,  39,  59,  61,  62,  63,   1,
      2,   5,   8,   9,  14,  15,  39,  40,  41,  59,  60,  61,  62,   1,   3,   5,
      6,   7,   8,   9,  10,  12,  13,  16,  18,  20,  39,  40,  41,  59,  60,  63,
      1,   3,   6,   7,   8,   9,  11,  12,  14,  15,  17,  19,  40,  61,  62,  63,
      1,   3,   5,   7,   8,   9,  10,  12,  15,  39,  59,  63,   1,   3,   7,   9,
     10,  12,  15,  40,  61,  62,  63,   1,   2,   3,   5,   6,   8,   9,  10,  11,
     13,  14,  15,  16,  17,  18,  21,  23,  39,  40,  41,  59,  60,  61,  62,  63,
     64,  81,  82,   1,   6,   8,   9,  10,  15,  40,  41,  60,  61,  62,  81,  82,
      1,   3,   6,   8,   9,  10,  14,  16,  40,  41,  60,  61,  62,  82,  11,  14,
     16,  18,  20,  24,  28,  32,  34,  36,  37,  38,  54,  55,  56,  57,  58,  65,
     12,  13,  14,  16,  18,  24,  28,  32,  34,  35,  36,  37,  38,  56,  65,  75,
      1,   5,   7,   8,  10,  21,  22,  24,  26,  27,  28,  30,  31,  32,  33,  34,
     35,  36,  37,  38,  40,  41,  42,  44,  45,  51,  54,  55,  56,  57,  58,  59,
     62,  64,  65,  67,  71,  79,  81,  82,  83,   6,   7,   9,  10,  21,  22,  24,
     32,  34,  35,  36,  37,  40,  41,  54,  56,  57,  58,  60,  62,  64,  65,  79,
     83,   4,   5,   6,   7,   8,   9,  10,  21,  22,  24,  26,  27,  28,  30,  31,
     32,  34,  35,  36,  37,  38,  40,  41,  42,  44,  45,  51,  53,  56,  58,  62,
     64,  65,  67,  71,  81,  82,  83,   6,   8,   9,  10,  22,  24,  28,  32,  34,
     35,  36,  37,  38,  41,  60,  62,  65,  78,  79,  82,  83,  28,  30,  34,  36,
     37,  38,  42,  44,  45,  56,  64,  65,  67,  71,  75,  81,  82,  83,   4,   5,
      6,   8,   9,  10,  22,  23,  24,  26,  27,  28,  29,  30,  32,  34,  35,  36,
     37,  40,  41,  42,  44,  45,  50,  51,  53,  56,  58,  64,  65,  67,  71,  81,
     82,  83,   7,   8,   9,  21,  32,  34,  35,  37,  54,  57,  81,  83,  10,  10,
     24,  28,  40,  64,  65,  81,  82,   4,   5,   6,   7,   8,   9,  10,  21,  23,
     24,  26,  27,  28,  30,  32,  34,  35,  36,  37,  38,  40,  41,  42,  44,  45,
     51,  52,  53,  54,  55,  56,  57,  58,  59,  62,  65,  67,  70,  71,  72,  73,
     74,  77,  83,   0,   1,   4,   7,   8,   9,  10,  21,  22,  24,  26,  27,  28,
     29,  30,  31,  32,  33,  34,  35,  36,  37,  38,  40,  41,  42,  51,  54,  55,
     56,  57,  58,  59,  60,  62,  64,  65,  67,  79,  81,  82,  83,   7,  10,  22,
     32,  34,  37,  40,  81,  82,   6,   8,   9,  10,  22,  24,  28,  32,  34,  35,
     36,  37,  38,  41,  60,  62,  65,  78,  79,  82,  83,   4,   6,   8,  10,  21,
     24,  28,  32,  36,  37,  39,  41,  42,  44,  45,  54,  55,  56,  57,  60,  62,
     64,  65,  67,  71,  81,  82,  83,   6,   8,   9,  10,  22,  24,  28,  32,  34,
     35,  36,  37,  38,  41,  49,  62,  65,  78,  82,  83,   7,   8,   9,  10,  21,
     22,  23,  24,  26,  27,  28,  30,  32,  33,  34,  36,  37,  38,  40,  41,  42,
     44,  45,  52,  53,  56,  58,  62,  65,  67,  71,  81,  82,  83,   6,   7,   8,
      9,  10,  22,  32,  34,  35,  37,  42,  54,  55,  56,  57,  62,  65,  67,  81,
     83,   4,   5,   6,   8,   9,  10,  21,  22,  23,  24,  26,  27,  28,  29,  30,
     32,  34,  35,  36,  37,  38,  40,  41,  42,  44,  45,  50,  51,  53,  54,  55,
     56,  57,  58,  59,  62,  64,  65,  67,  68,  69,  70,  71,  72,  73,  74,  76,
     77,  81,  82,  83,   8,  10,  21,  24,  28,  40,  65,  81,  82,   1,   4,   5,
      6,   8,   9,  10,  21,  22,  23,  24,  26,  27,  28,  29,  30,  32,  34,  35,
     36,  37,  38,  40,  41,  42,  44,  45,  50,  51,  53,  58,  59,  62,  65,  67,
     68,  70,  71,  72,  73,  74,  76,  77,  81,  82,  83,   1,   4,   5,   6,   8,
     10,  22,  23,  24,  26,  27,  28,  30,  32,  34,  35,  36,  37,  38,  40,  41,
     42,  44,  45,  50,  51,  53,  54,  55,  56,  57,  59,  62,  65,  67,  70,  71,
     72,  81,  82,  83,   4,   5,   6,   7,   8,   9,  10,  21,  22,  23,  24,  26,
     27,  28,  30,  31,  32,  34,  35,  36,  37,  38,  40,  41,  42,  44,  45,  51,
     53,  54,  55,  56,  57,  58,  59,  62,  65,  67,  70,  71,  72,  73,  74,  77,
     81,  82,  83,   0,   4,   5,   6,   7,   8,   9,  10,  21,  22,  23,  24,  26,
     27,  28,  29,  30,  31,  32,  34,  35,  36,  37,  38,  40,  41,  42,  44,  45,
     50,  51,  53,  54,  56,  57,  58,  59,  62,  64,  65,  67,  70,  71,  72,  73,
     74,  76,  77,  81,  82,  83,   4,   6,   8,   9,  21,  22,  23,  24,  26,  27,
     28,  30,  31,  32,  34,  35,  36,  37,  38,  40,  41,  42,  44,  45,  56,  58,
     62,  64,  65,  67,  69,  70,  72,  73,  81,  82,  83,  11,  12,  14,  15,  17,
     18,  19,  24,  26,  27,  28,  30,  32,  34,  35,  36,  37,  38,  41,  42,  44,
     45,  48,  49,  50,  51,  53,  54,  55,  56,  57,  58,  65,  67,  68,  69,  70,
     71,  72,  73,  74,  11,  12,  14,  15,  17,  18,  19,  20,  24,  25,  26,  27,
     28,  29,  30,  32,  33,  34,  35,  36,  37,  38,  42,  44,  45,  49,  52,  53,
     54,  55,  57,  65,  67,  71,  12,  13,  15,  17,  18,  49,   1,   6,   7,  22,
     40,  41,  54,  55,  57,  60,  81,  82,  83,   1,   6,   7,   8,   9,  10,  22,
     40,  41,  54,  55,  56,  57,  58,  60,  62,  81,  82,   8,   9,  21,  22,  23,
     41,  42,  44,  45,  54,  55,  56,  57,  62,  67,  71,  81,  82,  83,   6,   7,
      9,  22,  40,  41,  54,  55,  57,  81,  82,  83,   6,   7,   8,  10,  21,  22,
     40,  41,  42,  44,  45,  48,  49,  54,  55,  56,  57,  60,  62,  64,  67,  68,
     69,  70,  71,  72,  73,  74,  81,  82,  83,   6,   7,  22,  40,  41,  49,  54,
     55,  57,  81,  82,  83,   1,   6,   7,  22,  40,  41,  54,  55,  57,  60,  81,
     82,  83,   6,   7,  22,  40,  41,  54,  55,  57,  81,  82,  83,   6,   7,  22,
     40,  41,  49,  54,  55,  57,  81,  82,  83,   4,   5,   7,   8,   9,  10,  21,
     23,  41,  42,  44,  45,  52,  53,  54,  55,  56,  57,  58,  59,  62,  67,  71,
     81,  82,  83,   6,   7,   8,  21,  22,  40,  41,  42,  54,  55,  56,  57,  58,
     62,  64,  67,  81,  82,  83,   1,   6,   7,  22,  40,  41,  54,  55,  57,  60,
     81,  82,  83,   1,   6,   7,   8,   9,  10,  22,  40,  41,  54,  55,  56,  57,
     58,  60,  62,  81,  82,   6,   7,  10,  22,  40,  41,  49,  54,  55,  57,  81,
     82,  83,   4,   7,   8,  10,  21,  22,  40,  41,  42,  44,  45,  54,  55,  56,
     57,  58,  62,  64,  67,  71,  81,  82,  83,   6,   7,  10,  22,  40,  41,  58,
     60,  83,   8,   9,  21,  22,  40,  41,  42,  44,  45,  54,  55,  56,  57,  62,
     67,  71,  81,  83,   6,   7,  22,  40,  41,  54,  55,  57,  81,  82,  83,   4,
      7,   8,  10,  21,  41,  42,  44,  45,  54,  55,  56,  57,  58,  64,  67,  71,
     81,  82,  83,   4,   7,   8,   9,  10,  21,  41,  42,  44,  45,  54,  55,  56,
     57,  58,  64,  67,  71,  81,  82,  83,   4,   5,   7,   8,   9,  10,  21,  23,
     41,  42,  44,  45,  54,  55,  56,  57,  58,  59,  62,  67,  71,  81,  82,  83,
      4,   7,   8,  10,  21,  41,  42,  44,  45,  54,  55,  56,  57,  58,  64,  67,
     71,  81,  82,  83,   8,  10,  21,  22,  41,  42,  44,  45,  54,  55,  56,  57,
     60,  62,  64,  67,  81,  82,  83,  11,  12,  14,  15,  17,  18,  19,  26,  27,
     30,  60,  12,  13,  15,  17,  18,  28,  32,  34,  36,  37,  65,  32,  34,  35,
     37,  11,  12,  13,  17,  20,  11,  13,  14,  17,  18,  19,  20,  11,  14,  18,
     20,  24,  28,  32,  34,  37,  38,  54,  55,  57,  58,  11,  12,  13,  14,  15,
     17,  18,  20,  11,  12,  13,  14,  15,  17,  18,  20,  24,  26,  27,  28,  30,
     31,  32,  34,  35,  36,  37,  38,  42,  44,  45,  56,  58,  65,  67,  71,  24,
     25,  26,  27,  28,  29,  30,  31,  32,  33,  34,  35,  36,  37,  38,  42,  43,
     44,  45,  46,  47,  48,  49,  50,  51,  52,  53,  54,  55,  56,  57,  58,  65,
     66,  67,  68,  69,  70,  71,  72,  73,  74,  75,   6,   8,   9,  10,  21,  22,
     24,  28,  32,  34,  35,  36,  37,  38,  40,  41,  42,  60,  62,  65,  67,  78,
     79,   1,   6,   7,   9,  22,  39,  40,  41,  54,  55,  56,  57,  60,  80,  81,
     82,   6,   8,   9,  10,  22,  40,  41,  60,  62,  81,  82,   1,   6,   7,  10,
     22,  41,  54,  56,  57,  60,  81,  82,   1,   6,   8,   9,  22,  40,  41,  42,
     43,  44,  45,  47,  48,  49,  50,  51,  52,  53,  54,  55,  56,  57,  58,  60,
     67,  68,  69,  70,  72,  73,  74,  81,  82,  49,   1,   7,  22,  81,  82,  24,
     28,  65,  54,  55,  56,  57,  80,  49,  24,  28,  36,  37,  42,  65,  67,  34,
     37,  75,  14,  15,  17,  18,  20,  24,  26,  27,  28,  29,  30,  31,  32,  33,
     34,  35,  36,  37,  38,  42,  44,  45,  51,  54,  55,  57,  65,  67,  71,  15,
     16,  17,  18,  24,  26,  27,  28,  30,  31,  32,  33,  34,  35,  36,  37,  38,
     42,  43,  44,  45,  46,  47,  48,  50,  51,  53,  54,  55,  57,  58,  65,  66,
     67,  68,  69,  70,  71,  72,  73,  74,  24,  26,  27,  28,  30,  31,  32,  33,
     34,  35,  36,  37,  38,  42,  43,  46,  47,  48,  49,  50,  51,  53,  54,  55,
     56,  57,  58,  65,  67,  68,  69,  70,  72,  73,  74,
};

static const int8_t ubuntu_12_boldKernSparseValues[] = {
     -20,   -4,   -8,    4,   -4,  -20,  -35,    7,    8,  -43,   -7,   -4,   -4,  -12,   -4,  -21,
       4,    6,  -15,   -5,   12,   -8,   -8,    8,   -8,  -32,  -28,  -16,    4,  -40,   -8,   -8,
      -8,  -15,  -12,    4,  -15,   -8,  -12,   32,   -8,   -4,   -6,   -4,    5,  -12,  -10,    9,
      -7,   -6,  -12,   -8,   -8,   -8,   10,   12,   10,   10,   13,    4,  -10,  -12,  -12,   -5,
       5,   34,   -8,   -7,  -10,   -4,   -4,   12,   -6,  -10,    5,    5,    5,  -12,    5,    5,
       5,   -9,   -8,    9,   -9,  -11,   -6,   -6,  -10,   -4,   -5,   -8,   -5,   -8,  -13,   -5,
      -8,  -16,   -4,   -6,   -8,   -9,  -12,   -6,   -5,   -8,  -32,  -42,   -4,   -9,   -4,   -7,
     -12,  -12,   -4,   -4,    6,    6,    5,    6,  -56,   -7,  -19,   -5,   -8,  -32,    3,    9,
       6,   -6,   12,  -16,  -16,   16,  -16,    5,  -32,  -12,  -33,  -17,   10,  -38,    9,  -12,
     -12,  -12,  -23,  -22,    8,  -23,    7,   10,  -12,   -8,   12,  -14,   -8,   15,   15,  -13,
       9,    8,    8,   -6,    8,  -22,  -12,  -13,  -27,   -4,    6,    5,    5,    8,    3,   -8,
     -18,    6,    5,    7,   -4,    6,   10,  -25,  -16,   16,   -6,  -14,  -26,  -10,  -10,  -28,
     -10,   17,   19,   17,   13,   20,    7,  -16,    7,  -23,  -23,    7,    6,    6,  -13,  -12,
      -8,   -4,  -48,  -16,    6,    6,    6,  -19,    6,    6,    6,    6,   -6,   -8,   12,  -18,
      -6,   -4,    4,   -5,    5,   -8,   -8,   -8,    7,    4,    4,  -10,   -6,   -7,   -8,   -5,
      -9,   -8,   -7,   -5,   -7,   -4,   -6,   -4,   -4,   -7,   -9,   -9,   -4,   -5,   -4,   -4,
      -5,   -7,    7,   -6,    6,   -4,   -4,   -4,   -6,   -4,   -6,   -7,   -9,  -12,   -5,   -6,
     -10,   -6,   -8,    9,  -14,   -4,   -6,   -4,   -4,   -4,   -6,   -8,  -10,   -6,  -10,  -12,
     -12,  -10,   -5,   -9,    5,   15,    5,   -7,    5,    7,    5,    5,   -4,    6,    9,  -12,
      -4,   -4,   -6,   -9,   -4,   10,  -10,   -8,    3,   -6,   -6,   -4,   -4,   -5,  -10,   15,
      -7,   -6,    5,   -4,    7,    7,   -4,    4,   -6,    9,  -10,    9,  -30,  -15,  -40,   -5,
       6,    8,  -22,   -6,  -14,    8,   -8,  -17,   -5,   16,   11,   -5,   11,  -18,  -23,   12,
      -7,   11,   10,   -4,   -5,    5,   11,   -6,    5,   -6,   -4,   -4,    3,    4,    5,    5,
      -4,    4,   -9,  -15,    8,  -21,   -5,   -4,   -4,   -8,   -8,    3,    4,    4,    4,    8,
       4,   -8,    5,    7,   10,  -25,   -5,    6,  -15,    5,    6,    6,    5,    6,    4,    6,
      -5,  -10,   -5,   -5,   -9,   -8,   -7,  -14,  -12,   -4,  -10,  -17,   -5,   -4,  -22,   -6,
     -20,   -7,  -32,   12,   10,    8,  -13,   15,  -10,  -10,   13,  -10,    8,  -33,   -8,  -26,
     -16,   15,  -40,   10,  -32,  -10,   -4,   -4,   -4,    4,  -14,  -10,   10,  -14,    6,   -4,
      -6,    5,    8,   -4,   -6,  -18,  -30,  -26,   17,   -5,   -5,    4,  -12,    4,   -8,   -4,
      -7,  -12,   -4,   -9,  -14,   -8,   -9,   -4,   -3,   -4,   -4,   -4,    4,    4,  -10,   -6,
       4,    3,   -5,    6,   -4,    9,   -4,    5,    8,    6,   11,  -10,  -10,   12,  -10,    7,
       8,    8,    8,   10,   10,    7,    8,   10,    4,   -5,   -5,    2,   -5,   10,    6,  -10,
       6,   10,    4,   -4,    8,   14,   16,   -8,  -16,    8,  -21,   -8,  -10,   -9,   -9,  -10,
      -4,  -15,  -18,   -4,   -8,   -6,    4,  -24,   -6,   -8,    4,   -5,   10,   -7,    4,    8,
       4,    4,   -5,   -5,   -5,    8,    5,    7,   -5,   -4,    4,    5,    7,   16,   -8,   -6,
       8,  -25,    6,  -31,    8,   -4,  -19,   -3,   -3,  -30,   -4,   -3,    8,   10,    8,    5,
      11,   12,   10,  -10,   -4,   -4,   -8,   -5,   -8,   -4,   -8,   -4,  -47,  -10,   -4,   16,
      15,  -25,  -10,    8,    7,    4,   -4,   -8,   -8,   -8,   -4,   -4,   -4,    9,   -4,  -12,
      -8,   -5,    4,    4,  -16,    6,    6,   -8,   -8,   10,  -16,   12,  -20,    9,    4,   -6,
      10,  -22,  -22,    8,  -22,    9,    7,    5,   14,    7,   10,    8,   11,   -4,  -16,  -16,
       4,   -4,  -14,  -18,  -18,   14,  -18,    8,   -5,  -20,   10,   -4,   17,  -14,   14,   12,
       4,   -7,   12,    4,  -39,    4,  -41,   16,   -8,    7,   10,  -14,   12,   -8,   -8,   12,
       4,   -8,    7,  -31,   -4,  -34,  -20,   12,  -40,    7,  -32,  -13,    5,    3,  -19,  -12,
      12,  -19,    6,   -6,   -5,   -8,    8,   12,    5,  -20,  -26,  -22,   19,   -4,   -4,   -6,
      -4,   -4,   -6,   -8,   -8,   -6,   -8,  -16,    8,  -21,   -8,  -10,   -9,   -9,  -10,   -4,
     -15,  -18,   -4,   -8,   -5,    4,  -24,   -4,   -9,    4,   -5,   -8,   -3,  -42,  -32,    5,
     -27,  -36,    5,   -9,   -4,   -6,   -5,   -8,   -6,   -6,    8,    8,    5,    8,   -4,   -4,
       5,  -50,   -8,   -9,   12,   12,  -37,   -8,  -16,    8,  -21,   -8,  -10,   -9,   -9,  -10,
      -4,  -15,  -18,   -4,   -8,    6,    4,  -24,   -4,    4,   -5,   -4,   10,   -8,    7,    5,
      -6,   -4,   12,   -7,   -7,   10,   -7,   -4,   -3,   -6,    8,  -13,    7,   -4,   -9,  -10,
     -10,  -10,   -4,   -4,    7,    4,   -9,    8,  -10,  -11,    5,    4,   13,   -3,  -14,    4,
      11,   -6,   -4,   -8,   -4,   -4,   -4,    5,   -6,   -5,   -4,   -6,    6,   -8,    5,   -8,
       7,   -8,   -7,   10,  -32,  -22,  -39,  -24,   10,  -14,  -33,   -9,   -9,  -33,   -4,   -9,
      10,   12,   10,   10,   14,    4,   16,   12,  -30,  -30,  -30,  -28,  -29,  -28,  -30,  -30,
     -30,  -30,  -28,   -7,  -30,  -26,  -46,  -30,   -4,   11,   18,  -37,   18,   13,   12,  -22,
     -24,   11,    8,  -21,  -12,  -22,    4,   -8,   -8,    4,  -22,    2,    9,    7,  -12,  -12,
      13,  -32,  -12,  -38,   -5,   11,  -12,  -26,  -10,  -10,  -35,   -4,  -10,   13,   15,   13,
      13,   16,    6,   16,   15,  -16,  -22,  -22,   -9,  -15,   -8,   -5,   -7,  -16,  -59,  -16,
       8,   20,  -24,   18,   14,   13,   -7,   -8,   11,   15,  -25,    8,   -8,   -4,   11,  -18,
     -25,   10,   -4,  -16,   -4,   -4,  -19,   -4,   11,   13,   11,   11,   14,    4,   16,   13,
     -11,  -13,  -13,   -6,   -6,   -6,    5,    5,    4,    5,   -4,   -6,  -21,  -11,   18,  -14,
      16,   11,   16,  -10,   -8,   -8,   10,  -10,   10,  -13,    9,    7,    8,   -6,   14,  -15,
     -15,   10,  -15,    7,   10,   12,   10,   14,   13,   10,   12,   12,  -12,  -12,  -12,    4,
     -10,  -10,  -10,   10,  -10,    6,   -5,  -15,   14,  -12,   16,   -8,   16,    8,    4,   -6,
       4,    6,   14,    4,  -20,  -16,   14,   -4,  -38,  -27,  -40,  -15,   12,  -24,  -40,  -18,
     -18,  -34,   -6,  -18,   -4,   14,   16,   14,   14,   16,    7,   16,   16,  -29,  -35,  -35,
     -15,  -28,  -14,   -4,   -8,   -4,  -14,   -6,  -32,  -10,  -58,  -50,   21,  -36,   18,   16,
       7,  -12,  -13,   10,   12,  -26,   -4,    6,   11,   -8,    6,    6,   -4,   10,   -5,   -5,
      10,   -5,    5,    6,    8,    6,   10,    9,    5,    8,    8,    4,   -4,   -4,   10,    4,
     -12,    6,   10,    4,    4,   14,   13,    4,    8,   12,   17,   -9,   -7,   11,  -15,  -14,
      11,   -6,  -11,   -8,   -8,  -11,   -8,   12,   14,   12,   12,   15,    6,   36,  -14,  -14,
     -14,    4,   38,  -14,  -13,  -14,  -12,  -12,  -12,   12,  -12,  -11,  -14,    4,    4,    4,
     -16,    4,    4,    4,  -18,  -28,    4,   -4,  -12,  -20,   -6,  -12,    8,  -12,  -16,  -16,
       4,  -12,  -16,  -36,  -16,  -44,  -28,    8,  -44,    4,  -10,  -10,  -10,   56,   -4,   -8,
     -12,   -8,   24,    8,  -10,   -8,   -6,   -6,   -6,   -4,   -4,   13,   -6,   -8,  -12,  -13,
     -16,  -14,   -5,   -4,   -5,   -7,   -9,   -9,    5,   -8,  -10,  -12,  -12,    5,  -11,  -11,
     -20,  -14,   -6,   -5,   -7,   -6,   -4,   -8,    4,  -10,  -10,    7,   -4,    4,   -5,   -4,
     -14,  -10,  -10,  -10,    3,    4,    5,    3,   -6,  -10,  -12,    4,   10,   10,   -8,  -10,
       9,  -15,  -24,  -14,   -6,   -4,   -6,    5,    6,    4,   21,    9,  -24,  -25,    7,   11,
      32,   21,   -3,   -3,   -3,    5,    4,   11,   11,    8,   11,   12,   -4,    7,   -3,   13,
       5,   26,   -8,   23,   21,   22,   15,   22,  -23,   -5,  -10,   -9,  -12,  -14,   10,   -6,
      -4,   -6,  -10,   -6,    4,   -8,   -8,  -10,  -15,  -24,  -14,   -6,   -4,   -6,   -7,  -10,
      -6,    5,    4,  -10,  -15,  -24,  -14,   -6,   -4,   -6,  -10,   -6,    4,    5,  -10,  -15,
     -24,    4,   12,   -6,   -4,   -6,  -10,   -6,    4,   -8,   -5,    5,    5,  -18,    8,    4,
      -9,  -10,   -4,  -14,  -14,   -3,   -4,    8,    8,    8,    8,    6,   -6,  -14,   -4,  -13,
       5,   10,    9,   -8,  -10,   10,    8,   -6,  -24,  -14,    6,   -4,   -4,    8,   -4,    6,
      -6,    8,    6,  -10,  -10,   12,   -7,   -8,  -10,  -15,  -24,  -14,   -6,   -4,   -6,   -7,
     -10,   -6,    5,   -7,  -10,  -12,  -12,    5,  -11,  -11,  -20,  -14,   -6,   -5,   -7,   -6,
      -4,   -9,    4,  -10,  -10,   -8,  -10,    8,   -9,  -12,  -14,   17,   -6,   -4,   -6,  -10,
      -6,    4,   -8,    7,  -24,  -22,    7,    4,    4,   -4,   -4,   -4,   -4,   12,   12,    8,
      12,    4,   -6,    8,   -4,   -6,   11,   19,  -22,   -5,   -4,   -4,  -14,  -12,  -14,   -3,
      -7,    6,    7,   -4,    4,   -6,   -8,  -13,   -8,   -8,   -8,    4,    4,    7,    4,   -8,
      -8,   -4,    6,    9,   -8,  -10,   -9,  -24,  -12,   -6,   -4,   -6,  -10,   -6,    4,   -4,
       6,  -22,  -16,    6,  -12,   -4,   -6,   -6,    8,    8,   10,    8,    5,    7,   -4,   -8,
       8,   16,  -16,   -4,    7,  -21,    3,  -14,    6,  -11,   -4,   -5,   -5,    8,    8,    8,
       8,    6,    8,   -4,   -6,   10,   16,  -11,   -8,   -5,    5,    8,   -8,    8,    6,   -4,
     -12,  -10,  -10,  -10,   10,    8,   13,   10,    8,   -5,  -11,  -10,   -9,    6,   11,    8,
      -4,    6,  -22,  -16,    6,  -12,   -4,   -6,   -6,    8,    8,   10,    8,    5,    7,   -4,
      -8,    8,   13,  -16,   10,    4,    4,   -4,  -11,   -6,   -6,   -6,    8,    8,    9,    8,
      -5,   -6,    4,   -6,    6,   10,   11,   -9,   -7,   11,  -15,  -14,   11,   -6,   -5,   -6,
      -6,   36,   -6,   -6,   -6,   -4,   -4,   -5,   -7,   -7,   -5,   -6,   -5,  -25,  -13,   -4,
     -20,   -4,  -10,   -5,   -7,   -5,    5,    6,   12,    4,   14,    4,    4,    4,    6,   -8,
       6,    4,    7,  -27,   -4,  -11,    5,    7,    7,    7,    3,   13,   -9,  -18,   -7,    6,
      11,  -17,    5,    7,  -18,  -14,  -10,    8,    6,  -22,   -4,   -6,    4,    4,  -12,    4,
      -8,  -30,  -16,   -8,  -15,  -32,  -10,    4,    4,    4,  -11,   -7,  -18,    4,    4,  -17,
     -12,  -16,  -16,  -22,   -8,  -16,  -14,  -42,  -13,  -25,  -17,  -25,  -31,  -20,  -16,  -13,
     -16,  -16,  -13,  -13,  -13,   28,  -13,  -15,  -14,  -15,   -9,   -9,  -12,    6,  -13,  -29,
     -13,  -16,  -13,  -13,  -13,  -17,  -13,  -13,  -13,  -12,  -10,  -22,    6,  -24,    5,  -11,
     -11,  -16,   -8,   -9,   -4,  -14,  -15,   -9,   -8,  -14,   -3,   -8,    6,  -21,   -3,   -8,
      -8,  -15,  -10,  -30,    3,  -18,   -4,  -20,   -9,  -14,  -12,   -4,  -14,   -9,  -10,  -25,
     -23,    6,  -12,    5,  -10,    8,    8,    9,    4,    5,    5,    8,  -10,   -8,   -6,   -8,
     -10,  -12,   -4,   -5,   -4,   -8,   -8,   -6,   10,   24,  -10,   -8,   14,   36,   28,   -8,
       7,  -16,  -16,   11,    7,    7,   -8,  -12,    3,   -6,   13,   13,   12,   16,   10,   28,
      -4,   26,   36,   54,   48,   42,   45,    8,   10,    7,  -10,   -6,   -7,   -8,   -8,   -8,
      -7,  -14,   -8,   -7,   -7,   -8,   -9,   13,  -13,  -18,  -10,   -5,   -6,  -23,   -6,   -7,
      -9,   -4,    5,  -26,  -10,   10,    4,  -33,  -12,  -12,  -38,   -8,  -12,    6,    8,    7,
      11,   13,    6,   10,    9,  -11,  -13,  -17,   -8,    5,    5,    5,  -78,  -11,  -28,  -31,
      -4,  -14,    8,  -39,  -15,  -15,  -42,  -15,   -8,    7,    5,   11,   12,    6,    9,    7,
     -25,   -4,  -29,  -29,   -8,   -4,   -4,  -17,  -31,  -13,   -4,   -4,   -4,  -13,  -52,   -8,
     -25,   -4,   -4,   -4,  -29,   -4,   -4,   -4,    8,  -13,  -13,    9,  -13,    4,  -30,   -8,
     -50,  -30,    9,  -43,    8,    4,    4,    4,    4,    4,   12,    4,    4,    4,  -16,  -12,
       8,  -16,   10,    9,    4,    4,    4,    4,    4,    4,    4,
};

static const EpdLigaturePair ubuntu_12_boldLigaturePairs[] = {
    { 0x00660066, 0xFB00 }, // f f -> U+FB00
    { 0x00660069, 0xFB01 }, // f i -> U+FB01
    { 0x0066006C, 0xFB02 }, // f l -> U+FB02
    { 0xFB000069, 0xFB03 }, // U+FB00 i -> U+FB03
    { 0xFB00006C, 0xFB04 }, // U+FB00 l -> U+FB04
};

static const EpdFontData ubuntu_12_bold = {
    ubuntu_12_boldBitmaps,
    ubuntu_12_boldGlyphs,
    ubuntu_12_boldIntervals,
    38,
    29,
    24,
    -5,
    true,
    ubuntu_12_boldGroups,
    11,
    nullptr,
    nullptr,  // kernLeftClasses: built-in fonts use the split arrays below
    nullptr,  // kernRightClasses
    ubuntu_12_boldKernLeftCodepoints,
    ubuntu_12_boldKernLeftClassIds,
    ubuntu_12_boldKernRightCodepoints,
    ubuntu_12_boldKernRightClassIds,
    nullptr,  // kernMatrix: built-in fonts use the sparse form below
    ubuntu_12_boldKernRowOffsets,
    ubuntu_12_boldKernSparseCols,
    ubuntu_12_boldKernSparseValues,
    376,
    386,
    97,
    84,
    ubuntu_12_boldLigaturePairs,
    5,
};
