/**
 * generated by fontconvert.py
 * name: ubuntu_16_regular
 * size: 16
 * mode: 1-bit
 * Command used: fontconvert.py ubuntu_16_regular 16 ../builtinFonts/source/Ubuntu/Ubuntu-Regular.ttf ../builtinFonts/source/NotoSansHebrew/NotoSansHebrew-Regular.ttf ../builtinFonts/source/NotoSansArabic/NotoSansArabic-Regular.ttf ../builtinFonts/source/Ubuntu/Ubuntu-Vietnamese-Regular.ttf --additional-intervals 0x05D0,0x05EA --additional-intervals 0x060C,0x060C --additional-intervals 0x061B,0x061B --additional-intervals 0x061F,0x061F --additional-intervals 0x0621,0x0621 --additional-intervals 0x0640,0x0640 --additional-intervals 0x0654,0x0654 --additional-intervals 0x0660,0x0669 --additional-intervals 0x06BA,0x06BA --additional-intervals 0x06D4,0x06D4 --additional-intervals 0x06D5,0x06D5 --additional-intervals 0x06F0,0x06F9 --additional-intervals 0xFB56,0xFB59 --additional-intervals 0xFB66,0xFB69 --additional-intervals 0xFB7A,0xFB7D --additional-intervals 0xFB88,0xFB95 --additional-intervals 0xFB9E,0xFB9F --additional-intervals 0xFBA6,0xFBB1 --additional-intervals 0xFBFC,0xFBFF --additional-intervals 0xFE80,0xFEFC
 */
#pragma once
#include "EpdFontData.h"

static const uint8_t ubuntu_16_regularBitmaps[55691] = {
    0x7B, 0xDE, 0xF7, 0xBD, 0xEF, 0x7B, 0x9C, 0xE7, 0x39, 0xCE, 0x00, 0x00, 0xFF, 0xFD, 0xE0, 0xF3,
    0xFC, 0xFF, 0x3F, 0xCF, 0xF3, 0xFC, 0xFF, 0x3B, 0x8E, 0x63, 0x80, 0x03, 0xC3, 0xC0, 0x3C, 0x3C,
    0x03, 0x83, 0xC0, 0x38, 0x38, 0x03, 0x83, 0x80, 0x78, 0x78, 0xFF, 0xFF, 0xFF, 0xFF, 0xFF, 0xFF,
    0xFF, 0xF0, 0x70, 0x70, 0x0F, 0x0F, 0x00, 0xF0, 0xF0, 0x0F, 0x0F, 0x00, 0xE0, 0xE0, 0xFF, 0xFF,
    0xFF, 0xFF, 0xFF, 0xFF, 0xFF, 0xF1, 0xE1, 0xE0, 0x1C, 0x1C, 0x01, 0xC1, 0xC0, 0x3C, 0x1C, 0x03,
    0xC3, 0xC0, 0x3C, 0x3C, 0x00, 0x03, 0x80, 0x07, 0x00, 0x0E, 0x00, 0x1C, 0x01, 0xFF, 0x87, 0xFF,
    0x9F, 0xFE, 0x3F, 0x1C, 0xF0, 0x01, 0xE0, 0x03, 0xC0, 0x07, 0xC0, 0x07, 0xE0, 0x0F, 0xF0, 0x07,
    0xF8, 0x07, 0xF8, 0x01, 0xF8, 0x00, 0xF8, 0x00, 0xF8, 0x00, 0xF0, 0x01, 0xE0, 0x07, 0xFE, 0x3F,
    0xFF, 0xFE, 0xFF, 0xF8, 0xFF, 0xE0, 0x0E, 0x00, 0x1C, 0x00, 0x38, 0x00, 0x70, 0x00, 0x1F, 0x80,
    0x78, 0x0F, 0xF0, 0x1E, 0x07, 0x9E, 0x0F, 0x01, 0xC3, 0x83, 0xC0, 0xF0, 0xE1, 0xE0, 0x3C, 0x38,
    0x70, 0x0F, 0x0E, 0x3C, 0x03, 0xC3, 0x9E, 0x00, 0x70, 0xE7, 0x80, 0x1E, 0x7B, 0xC0, 0x03, 0xFC,
    0xF0, 0x00, 0x7E, 0x79, 0xF8, 0x00, 0x1E, 0xFF, 0x80, 0x0F, 0x3D, 0xE0, 0x03, 0x9E, 0x3C, 0x01,
    0xE7, 0x07, 0x00, 0xF1, 0xC1, 0xC0, 0x3C, 0x70, 0x70, 0x1E, 0x1C, 0x1C, 0x07, 0x87, 0x8F, 0x03,
    0xC0, 0xF7, 0x80, 0xE0, 0x3F, 0xE0, 0x78, 0x07, 0xE0, 0x07, 0xF0, 0x00, 0x7F, 0xC0, 0x07, 0xFF,
    0x00, 0x3E, 0x7C, 0x01, 0xC1, 0xE0, 0x0E, 0x0F, 0x00, 0x70, 0x78, 0x03, 0xC7, 0x80, 0x1F, 0xFC,
    0x00, 0x7F, 0xC0, 0x01, 0xF8, 0x00, 0x3F, 0x80, 0x03, 0xFE, 0x0E, 0x3E, 0x78, 0x71, 0xE1, 0xE7,
    0x9E, 0x07, 0xBC, 0xF0, 0x1F, 0xC7, 0x80, 0x7C, 0x3E, 0x03, 0xE0, 0xFC, 0x7F, 0x87, 0xFF, 0xFE,
    0x1F, 0xFE, 0xF8, 0x3F, 0xC3, 0xE0, 0xFF, 0xFF, 0xFF, 0xFE, 0x60, 0x07, 0x03, 0xC3, 0xC3, 0xE1,
    0xE1, 0xE0, 0xF0, 0x78, 0x78, 0x3C, 0x1E, 0x0E, 0x0F, 0x07, 0x83, 0xC1, 0xE0, 0xF0, 0x78, 0x3C,
    0x1E, 0x07, 0x03, 0xC1, 0xE0, 0xF0, 0x38, 0x1E, 0x0F, 0x03, 0xC1, 0xE0, 0x78, 0x1E, 0x0E, 0x60,
    0x78, 0x1E, 0x0F, 0x03, 0xC1, 0xE0, 0x78, 0x3C, 0x0E, 0x07, 0x83, 0xC1, 0xE0, 0xF0, 0x38, 0x1C,
    0x0E, 0x07, 0x03, 0x81, 0xC1, 0xE0, 0xF0, 0x78, 0x3C, 0x1C, 0x1E, 0x0F, 0x0F, 0x07, 0x87, 0x83,
    0xC3, 0xC0, 0xC0, 0x07, 0x80, 0x1E, 0x00, 0x78, 0x19, 0xC6, 0xFB, 0x7D, 0xFF, 0xE3, 0xFE, 0x01,
    0xE0, 0x0F, 0xC0, 0x77, 0x83, 0xCF, 0x0E, 0x3C, 0x18, 0x60, 0x01, 0xC0, 0x01, 0xC0, 0x01, 0xC0,
    0x01, 0xC0, 0x01, 0xC0, 0x01, 0xC0, 0xFF, 0xFF, 0xFF, 0xFF, 0xFF, 0xFF, 0x01, 0xC0, 0x01, 0xC0,
    0x01, 0xC0, 0x01, 0xC0, 0x01, 0xC0, 0x01, 0xC0, 0x7B, 0xDE, 0xF7, 0xBD, 0xDE, 0xE0, 0xFF, 0xBF,
    0xEF, 0xF8, 0x79, 0xF7, 0xDE, 0x00, 0x1E, 0x00, 0x78, 0x00, 0xF0, 0x01, 0xE0, 0x07, 0x80, 0x0F,
    0x00, 0x1E, 0x00, 0x78, 0x00, 0xF0, 0x01, 0xE0, 0x07, 0x80, 0x0F, 0x00, 0x1E, 0x00, 0x78, 0x00,
    0xF0, 0x01, 0xC0, 0x07, 0x80, 0x0F, 0x00, 0x1C, 0x00, 0x78, 0x00, 0xF0, 0x03, 0xC0, 0x07, 0x80,
    0x0F, 0x00, 0x3C, 0x00, 0x78, 0x00, 0xF0, 0x03, 0xC0, 0x07, 0x80, 0x0F, 0x00, 0x3C, 0x00, 0x78,
    0x00, 0x07, 0xF0, 0x0F, 0xF8, 0x1F, 0xFC, 0x3F, 0x7E, 0x7C, 0x1E, 0x78, 0x1E, 0x78, 0x0F, 0x78,
    0x0F, 0xF0, 0x0F, 0xF0, 0x0F, 0xF0, 0x0F, 0xF0, 0x0F, 0xF0, 0x0F, 0xF0, 0x0F, 0xF0, 0x0F, 0x78,
    0x0F, 0x78, 0x0F, 0x78, 0x1E, 0x7C, 0x1E, 0x3E, 0x7E, 0x1F, 0xFC, 0x0F, 0xF8, 0x07, 0xF0, 0x03,
    0xC1, 0xF1, 0xFF, 0xFF, 0xFF, 0xFE, 0xFE, 0x3C, 0x0F, 0x03, 0xC0, 0xF0, 0x3C, 0x0F, 0x03, 0xC0,
    0xF0, 0x3C, 0x0F, 0x03, 0xC0, 0xF0, 0x3C, 0x0F, 0x03, 0xC0, 0xF0, 0x3C, 0x0F, 0xE0, 0x3F, 0xF8,
    0x7F, 0xFC, 0x7C, 0xFC, 0x30, 0x3E, 0x00, 0x1E, 0x00, 0x1E, 0x00, 0x1E, 0x00, 0x3C, 0x00, 0x3C,
    0x00, 0x78, 0x00, 0xF0, 0x01, 0xF0, 0x03, 0xE0, 0x07, 0xC0, 0x0F, 0x80, 0x1F, 0x00, 0x3E, 0x00,
    0x3C, 0x00, 0x78, 0x00, 0x7F, 0xFF, 0x7F, 0xFF, 0x7F, 0xFF, 0x1F, 0xE0, 0x7F, 0xF8, 0x7F, 0xFC,
    0x3C, 0xFC, 0x20, 0x3C, 0x00, 0x1C, 0x00, 0x3C, 0x00, 0x3C, 0x00, 0xF8, 0x07, 0xF0, 0x07, 0xF8,
    0x07, 0xFC, 0x01, 0xFC, 0x00, 0x3E, 0x00, 0x1E, 0x00, 0x1E, 0x00, 0x0E, 0x00, 0x1E, 0x00, 0x1E,
    0x78, 0xFE, 0x7F, 0xFC, 0x7F, 0xF8, 0x3F, 0xE0, 0x00, 0x3C, 0x00, 0x3E, 0x00, 0x3F, 0x00, 0x3F,
    0x80, 0x3F, 0xC0, 0x3F, 0xE0, 0x1E, 0xF0, 0x1E, 0x78, 0x1E, 0x3C, 0x0F, 0x1E, 0x0F, 0x0F, 0x0F,
    0x07, 0x87, 0x83, 0xC7, 0x81, 0xE3, 0xFF, 0xFF, 0xFF, 0xFF, 0xFF, 0xFF, 0x80, 0x1E, 0x00, 0x0F,
    0x00, 0x07, 0x80, 0x03, 0xC0, 0x01, 0xE0, 0x00, 0xF0, 0x3F, 0xFC, 0x7F, 0xF8, 0xFF, 0xF1, 0xC0,
    0x03, 0x80, 0x07, 0x00, 0x0E, 0x00, 0x1C, 0x00, 0x7F, 0x80, 0xFF, 0xC1, 0xFF, 0xE0, 0x7F, 0xC0,
    0x07, 0xC0, 0x07, 0x80, 0x0F, 0x00, 0x0F, 0x00, 0x1E, 0x00, 0x78, 0x00, 0xF7, 0x8F, 0xEF, 0xFF,
    0x9F, 0xFE, 0x1F, 0xF0, 0x00, 0x00, 0xFC, 0x07, 0xF8, 0x3F, 0xF0, 0xFF, 0x83, 0xF0, 0x07, 0x80,
    0x1E, 0x00, 0x3C, 0x00, 0xFF, 0xF1, 0xFF, 0xF3, 0xFF, 0xF7, 0xE3, 0xEF, 0x01, 0xFE, 0x03, 0xFC,
    0x07, 0xF8, 0x0F, 0xF0, 0x1F, 0xE0, 0x3D, 0xE0, 0xFB, 0xF3, 0xE3, 0xFF, 0xC3, 0xFF, 0x03, 0xF8,
    0x00, 0x7F, 0xFF, 0x7F, 0xFF, 0x7F, 0xFF, 0x00, 0x1E, 0x00, 0x1E, 0x00, 0x3C, 0x00, 0x78, 0x00,
    0x78, 0x00, 0xF0, 0x00, 0xF0, 0x01, 0xE0, 0x01, 0xE0, 0x01, 0xC0, 0x03, 0xC0, 0x03, 0xC0, 0x03,
    0x80, 0x07, 0x80, 0x07, 0x80, 0x07, 0x80, 0x07, 0x00, 0x0F, 0x00, 0x0F, 0x00, 0x0F, 0x00, 0x07,
    0xF0, 0x1F, 0xFC, 0x3F, 0xFC, 0x3E, 0x7E, 0x78, 0x1E, 0x78, 0x0F, 0x78, 0x0F, 0x78, 0x0E, 0x7C,
    0x1E, 0x3F, 0x3C, 0x1F, 0xFC, 0x0F, 0xF8, 0x1F, 0xFC, 0x3C, 0xFE, 0x78, 0x3F, 0x78, 0x0F, 0xF0,
    0x0F, 0xF0, 0x0F, 0x78, 0x0F, 0x7E, 0x3F, 0x3F, 0xFE, 0x3F, 0xFC, 0x0F, 0xF8, 0x0F, 0xF0, 0x1F,
    0xF8, 0x3F, 0xFC, 0x7E, 0x7E, 0x78, 0x1E, 0x78, 0x1E, 0xF0, 0x0F, 0xF0, 0x0F, 0xF0, 0x0F, 0x78,
    0x0F, 0x7E, 0x7F, 0x3F, 0xFF, 0x3F, 0xFF, 0x0F, 0xFE, 0x00, 0x1E, 0x00, 0x1E, 0x00, 0x3E, 0x00,
    0x7C, 0x00, 0xF8, 0x0F, 0xF8, 0x3F, 0xF0, 0x3F, 0xC0, 0x3F, 0x00, 0x79, 0xF7, 0xDE, 0x00, 0x00,
    0x00, 0x00, 0x00, 0x00, 0x01, 0xE7, 0xDF, 0x78, 0x79, 0xF7, 0xDE, 0x00, 0x00, 0x00, 0x00, 0x00,
    0x00, 0x01, 0xE7, 0x9E, 0x79, 0xE7, 0x9C, 0xF3, 0x80, 0x00, 0x07, 0x00, 0x3F, 0x00, 0xFF, 0x03,
    0xFE, 0x1F, 0xF0, 0x7F, 0xC0, 0xFF, 0x00, 0xF8, 0x00, 0xFE, 0x00, 0x7F, 0xC0, 0x1F, 0xF0, 0x03,
    0xFE, 0x00, 0xFF, 0x00, 0x3F, 0x00, 0x07, 0xFF, 0xFF, 0xFF, 0xFF, 0xFF, 0xFF, 0x00, 0x00, 0x00,
    0x00, 0x00, 0x00, 0x00, 0x00, 0xFF, 0xFF, 0xFF, 0xFF, 0xFF, 0xFF, 0x70, 0x00, 0x7C, 0x00, 0x7F,
    0x80, 0x3F, 0xE0, 0x0F, 0xF8, 0x01, 0xFF, 0x00, 0x7F, 0x00, 0x1F, 0x00, 0x7F, 0x01, 0xFF, 0x0F,
    0xF8, 0x3F, 0xE0, 0x7F, 0x80, 0x7C, 0x00, 0x70, 0x00, 0x3F, 0xC7, 0xFF, 0x1F, 0xFC, 0xE3, 0xF0,
    0x0F, 0x80, 0x3C, 0x01, 0xE0, 0x1E, 0x00, 0xF0, 0x0F, 0x00, 0xF0, 0x0F, 0x00, 0xF0, 0x07, 0x00,
    0x38, 0x01, 0xC0, 0x00, 0x00, 0x00, 0x00, 0x00, 0x1E, 0x01, 0xF0, 0x0F, 0x80, 0x3C, 0x00, 0x00,
    0x7F, 0xE0, 0x00, 0x1F, 0xFF, 0x80, 0x07, 0xFF, 0xFE, 0x00, 0xFF, 0x9F, 0xF0, 0x1F, 0x80, 0x1F,
    0x83, 0xE0, 0x00, 0x78, 0x3C, 0x00, 0x03, 0xC7, 0x81, 0xFF, 0x3E, 0x78, 0x7F, 0xF1, 0xEF, 0x0F,
    0xFF, 0x1E, 0xF0, 0xF8, 0xF0, 0xEF, 0x1E, 0x0F, 0x0F, 0xF1, 0xE0, 0xF0, 0xFE, 0x1C, 0x0F, 0x0F,
    0xE1, 0xC0, 0xF0, 0xEE, 0x1C, 0x0F, 0x0E, 0xF1, 0xE0, 0xF1, 0xEF, 0x1E, 0x0F, 0x1E, 0xF1, 0xF9,
    0xF3, 0xCF, 0x0F, 0xFF, 0xFC, 0x78, 0x7F, 0xFF, 0x87, 0x83, 0xFF, 0xF0, 0x3C, 0x00, 0x00, 0x03,
    0xE0, 0x00, 0x00, 0x1F, 0x80, 0x00, 0x00, 0xFF, 0x87, 0x00, 0x07, 0xFF, 0xF0, 0x00, 0x1F, 0xFF,
    0x00, 0x00, 0x7F, 0xF0, 0x00, 0x00, 0x78, 0x00, 0x03, 0xE0, 0x00, 0x0F, 0xC0, 0x00, 0x3F, 0x00,
    0x01, 0xFE, 0x00, 0x07, 0xF8, 0x00, 0x3C, 0xF0, 0x00, 0xF3, 0xC0, 0x07, 0x8F, 0x00, 0x1E, 0x1E,
    0x00, 0x70, 0x78, 0x03, 0xC0, 0xF0, 0x0F, 0x03, 0xC0, 0x78, 0x0F, 0x01, 0xFF, 0xFE, 0x07, 0xFF,
    0xF8, 0x3F, 0xFF, 0xF0, 0xF0, 0x03, 0xC3, 0xC0, 0x0F, 0x1E, 0x00, 0x3E, 0x78, 0x00, 0x7B, 0xC0,
    0x01, 0xEF, 0x00, 0x03, 0xC0, 0x7F, 0xF8, 0x3F, 0xFF, 0x8F, 0xFF, 0xF3, 0xC1, 0xFC, 0xF0, 0x0F,
    0xBC, 0x01, 0xEF, 0x00, 0x7B, 0xC0, 0x3C, 0xF0, 0x7F, 0x3F, 0xFF, 0x8F, 0xFF, 0xE3, 0xFF, 0xFC,
    0xF0, 0x3F, 0xBC, 0x01, 0xFF, 0x00, 0x3F, 0xC0, 0x0F, 0xF0, 0x03, 0xFC, 0x01, 0xFF, 0x00, 0x7B,
    0xC1, 0xFE, 0xFF, 0xFF, 0x3F, 0xFF, 0x87, 0xFF, 0x80, 0x01, 0xFF, 0x80, 0xFF, 0xFC, 0x3F, 0xFF,
    0x8F, 0xF3, 0xE3, 0xF0, 0x04, 0x7C, 0x00, 0x1F, 0x00, 0x03, 0xC0, 0x00, 0x78, 0x00, 0x0F, 0x00,
    0x01, 0xE0, 0x00, 0x3C, 0x00, 0x07, 0x80, 0x00, 0xF0, 0x00, 0x1E, 0x00, 0x03, 0xC0, 0x00, 0x7C,
    0x00, 0x07, 0xC0, 0x00, 0xFC, 0x00, 0x0F, 0xF1, 0xE0, 0xFF, 0xFE, 0x0F, 0xFF, 0xC0, 0x7F, 0xE0,
    0x7F, 0xF8, 0x0F, 0xFF, 0xE0, 0xFF, 0xFF, 0x0F, 0x07, 0xF8, 0xF0, 0x0F, 0xCF, 0x00, 0x3E, 0xF0,
    0x01, 0xEF, 0x00, 0x1E, 0xF0, 0x01, 0xFF, 0x00, 0x0F, 0xF0, 0x00, 0xFF, 0x00, 0x0F, 0xF0, 0x00,
    0xFF, 0x00, 0x0F, 0xF0, 0x01, 0xFF, 0x00, 0x1E, 0xF0, 0x01, 0xEF, 0x00, 0x3E, 0xF0, 0x0F, 0xCF,
    0x07, 0xF8, 0xFF, 0xFF, 0x0F, 0xFF, 0xE0, 0x7F, 0xF8, 0x00, 0xFF, 0xFE, 0xFF, 0xFE, 0xFF, 0xFE,
    0xF0, 0x00, 0xF0, 0x00, 0xF0, 0x00, 0xF0, 0x00, 0xF0, 0x00, 0xF0, 0x00, 0xFF, 0xFC, 0xFF, 0xFC,
    0xFF, 0xFC, 0xF0, 0x00, 0xF0, 0x00, 0xF0, 0x00, 0xF0, 0x00, 0xF0, 0x00, 0xF0, 0x00, 0xF0, 0x00,
    0xF0, 0x00, 0xFF, 0xFF, 0xFF, 0xFF, 0xFF, 0xFF, 0xFF, 0xFF, 0xFF, 0xFF, 0xFF, 0xFF, 0x80, 0x0F,
    0x00, 0x1E, 0x00, 0x3C, 0x00, 0x78, 0x00, 0xF0, 0x01, 0xFF, 0xFB, 0xFF, 0xF7, 0xFF, 0xEF, 0x00,
    0x1E, 0x00, 0x3C, 0x00, 0x78, 0x00, 0xF0, 0x01, 0xE0, 0x03, 0xC0, 0x07, 0x80, 0x0F, 0x00, 0x1E,
    0x00, 0x3C, 0x00, 0x00, 0x01, 0xFF, 0x80, 0xFF, 0xFC, 0x3F, 0xFF, 0x8F, 0xF1, 0xF3, 0xF0, 0x04,
    0x7C, 0x00, 0x1F, 0x00, 0x03, 0xC0, 0x00, 0x78, 0x00, 0x0F, 0x00, 0x01, 0xE0, 0x00, 0x3C, 0x00,
    0x07, 0x80, 0x1E, 0xF0, 0x03, 0xDE, 0x00, 0x7B, 0xC0, 0x0F, 0x7C, 0x01, 0xE7, 0xC0, 0x3C, 0xFC,
    0x07, 0x8F, 0xF1, 0xF0, 0xFF, 0xFE, 0x0F, 0xFF, 0xC0, 0x7F, 0xF0, 0xF0, 0x01, 0xFE, 0x00, 0x3F,
    0xC0, 0x07, 0xF8, 0x00, 0xFF, 0x00, 0x1F, 0xE0, 0x03, 0xFC, 0x00, 0x7F, 0x80, 0x0F, 0xF0, 0x01,
    0xFF, 0xFF, 0xFF, 0xFF, 0xFF, 0xFF, 0xFF, 0xFF, 0x00, 0x1F, 0xE0, 0x03, 0xFC, 0x00, 0x7F, 0x80,
    0x0F, 0xF0, 0x01, 0xFE, 0x00, 0x3F, 0xC0, 0x07, 0xF8, 0x00, 0xFF, 0x00, 0x1F, 0xE0, 0x03, 0xFC,
    0x00, 0x78, 0xF7, 0xBD, 0xEF, 0x7B, 0xDE, 0xF7, 0xBD, 0xEF, 0x7B, 0xDE, 0xF7, 0xBD, 0xEF, 0x7B,
    0xC0, 0x00, 0x3C, 0x00, 0xF0, 0x03, 0xC0, 0x0F, 0x00, 0x3C, 0x00, 0xF0, 0x03, 0xC0, 0x0F, 0x00,
    0x3C, 0x00, 0xF0, 0x03, 0xC0, 0x0F, 0x00, 0x3C, 0x00, 0xF0, 0x03, 0xC0, 0x0F, 0x00, 0x3C, 0x00,
    0xF4, 0x07, 0xDE, 0x7E, 0xFF, 0xFB, 0xFF, 0xC3, 0xFC, 0x00, 0xF0, 0x07, 0xDE, 0x01, 0xF3, 0xC0,
    0x7C, 0x78, 0x1F, 0x0F, 0x07, 0xC1, 0xE1, 0xF0, 0x3C, 0x7C, 0x07, 0x9F, 0x00, 0xF7, 0xC0, 0x1F,
    0xF0, 0x03, 0xFC, 0x00, 0x7F, 0xC0, 0x0F, 0xFC, 0x01, 0xE7, 0xC0, 0x3C, 0x7C, 0x07, 0x87, 0xC0,
    0xF0, 0x7C, 0x1E, 0x07, 0xC3, 0xC0, 0x7C, 0x78, 0x07, 0xCF, 0x00, 0x79, 0xE0, 0x0F, 0xBC, 0x00,
    0xF8, 0xF0, 0x01, 0xE0, 0x03, 0xC0, 0x07, 0x80, 0x0F, 0x00, 0x1E, 0x00, 0x3C, 0x00, 0x78, 0x00,
    0xF0, 0x01, 0xE0, 0x03, 0xC0, 0x07, 0x80, 0x0F, 0x00, 0x1E, 0x00, 0x3C, 0x00, 0x78, 0x00, 0xF0,
    0x01, 0xE0, 0x03, 0xC0, 0x07, 0x80, 0x0F, 0xFF, 0xFF, 0xFF, 0xFF, 0xFF, 0x80, 0x78, 0x00, 0x1E,
    0x3E, 0x00, 0x0F, 0x1F, 0x00, 0x0F, 0x8F, 0xC0, 0x07, 0xE7, 0xE0, 0x07, 0xF3, 0xF8, 0x03, 0xF9,
    0xFC, 0x03, 0xFC, 0xFF, 0x01, 0xFE, 0x73, 0x80, 0xEF, 0x39, 0xE0, 0xF7, 0x9C, 0x70, 0x73, 0xDE,
    0x38, 0x78, 0xEF, 0x1E, 0x38, 0x77, 0x87, 0x3C, 0x3B, 0xC3, 0xDC, 0x1D, 0xE0, 0xEE, 0x0E, 0xF0,
    0x7F, 0x07, 0xF8, 0x1F, 0x03, 0xFC, 0x0F, 0x81, 0xFE, 0x03, 0x80, 0xFF, 0x00, 0x00, 0x7F, 0x80,
    0x00, 0x3F, 0xC0, 0x00, 0x1E, 0xF0, 0x00, 0xFF, 0x80, 0x0F, 0xFC, 0x00, 0xFF, 0xE0, 0x0F, 0xFF,
    0x00, 0xFF, 0xF0, 0x0F, 0xF7, 0x80, 0xFF, 0x3C, 0x0F, 0xF3, 0xE0, 0xFF, 0x1E, 0x0F, 0xF0, 0xF0,
    0xFF, 0x07, 0x8F, 0xF0, 0x7C, 0xFF, 0x03, 0xCF, 0xF0, 0x1E, 0xFF, 0x01, 0xFF, 0xF0, 0x0F, 0xFF,
    0x00, 0x7F, 0xF0, 0x07, 0xFF, 0x00, 0x3F, 0xF0, 0x01, 0xFF, 0x00, 0x1F, 0xF0, 0x00, 0xF0, 0x01,
    0xFF, 0x00, 0x0F, 0xFF, 0x80, 0x3F, 0xFF, 0xC0, 0xFF, 0x3F, 0x83, 0xF0, 0x0F, 0x87, 0xC0, 0x0F,
    0x9F, 0x00, 0x0F, 0x3C, 0x00, 0x1F, 0x78, 0x00, 0x1E, 0xF0, 0x00, 0x3D, 0xE0, 0x00, 0x7B, 0xC0,
    0x00, 0xF7, 0x80, 0x01, 0xEF, 0x00, 0x03, 0xDE, 0x00, 0x07, 0xBC, 0x00, 0x1F, 0x7C, 0x00, 0x3C,
    0x7C, 0x00, 0xF8, 0xFC, 0x03, 0xE0, 0xFE, 0x3F, 0x80, 0xFF, 0xFF, 0x00, 0xFF, 0xF8, 0x00, 0x7F,
    0xC0, 0x00, 0x7F, 0xF0, 0x7F, 0xFE, 0x3F, 0xFF, 0x9E, 0x0F, 0xEF, 0x00, 0xFF, 0x80, 0x3F, 0xC0,
    0x1F, 0xE0, 0x0F, 0xF0, 0x07, 0xF8, 0x03, 0xFC, 0x03, 0xFE, 0x0F, 0xEF, 0xFF, 0xF7, 0xFF, 0xE3,
    0xFF, 0xC1, 0xE0, 0x00, 0xF0, 0x00, 0x78, 0x00, 0x3C, 0x00, 0x1E, 0x00, 0x0F, 0x00, 0x07, 0x80,
    0x03, 0xC0, 0x00, 0x01, 0xFF, 0x00, 0x0F, 0xFF, 0x80, 0x3F, 0xFF, 0xC0, 0xFF, 0x3F, 0x83, 0xF0,
    0x0F, 0x87, 0xC0, 0x0F, 0x9F, 0x00, 0x0F, 0x3C, 0x00, 0x1F, 0x78, 0x00, 0x1E, 0xF0, 0x00, 0x3D,
    0xE0, 0x00, 0x7B, 0xC0, 0x00, 0xF7, 0x80, 0x01, 0xEF, 0x00, 0x03, 0xDE, 0x00, 0x07, 0xBC, 0x00,
    0x1F, 0x7C, 0x00, 0x3C, 0x7C, 0x00, 0xF8, 0xFC, 0x03, 0xE0, 0xFE, 0x3F, 0xC0, 0xFF, 0xFF, 0x00,
    0xFF, 0xF8, 0x00, 0x7F, 0xC0, 0x00, 0x0F, 0x00, 0x00, 0x1F, 0x00, 0x00, 0x1F, 0xE0, 0x00, 0x1F,
    0xE0, 0x00, 0x1F, 0xC0, 0x00, 0x0F, 0x80, 0x7F, 0xF0, 0x1F, 0xFF, 0x83, 0xFF, 0xFC, 0x78, 0x3F,
    0x8F, 0x00, 0xF9, 0xE0, 0x0F, 0x3C, 0x01, 0xE7, 0x80, 0x3C, 0xF0, 0x07, 0x9E, 0x01, 0xF3, 0xC1,
    0xFC, 0x7F, 0xFF, 0x8F, 0xFF, 0xE1, 0xFF, 0xF0, 0x3C, 0x1E, 0x07, 0x83, 0xE0, 0xF0, 0x3E, 0x1E,
    0x03, 0xC3, 0xC0, 0x3C, 0x78, 0x07, 0xCF, 0x00, 0x79, 0xE0, 0x0F, 0xBC, 0x00, 0xF0, 0x0F, 0xF8,
    0x3F, 0xFE, 0x7F, 0xFE, 0x7E, 0x3C, 0xF8, 0x00, 0xF0, 0x00, 0xF0, 0x00, 0xF8, 0x00, 0x7C, 0x00,
    0x7F, 0x00, 0x3F, 0xC0, 0x0F, 0xF0, 0x03, 0xFC, 0x00, 0xFE, 0x00, 0x3E, 0x00, 0x1F, 0x00, 0x0F,
    0x00, 0x0F, 0x40, 0x1F, 0xF8, 0x7E, 0xFF, 0xFE, 0xFF, 0xFC, 0x3F, 0xF0, 0xFF, 0xFF, 0xDF, 0xFF,
    0xFB, 0xFF, 0xFF, 0x00, 0xF0, 0x00, 0x1E, 0x00, 0x03, 0xC0, 0x00, 0x78, 0x00, 0x0F, 0x00, 0x01,
    0xE0, 0x00, 0x3C, 0x00, 0x07, 0x80, 0x00, 0xF0, 0x00, 0x1E, 0x00, 0x03, 0xC0, 0x00, 0x78, 0x00,
    0x0F, 0x00, 0x01, 0xE0, 0x00, 0x3C, 0x00, 0x07, 0x80, 0x00, 0xF0, 0x00, 0x1E, 0x00, 0x03, 0xC0,
    0x00, 0x78, 0x00, 0xF0, 0x03, 0xDE, 0x00, 0x7B, 0xC0, 0x0F, 0x78, 0x01, 0xEF, 0x00, 0x3D, 0xE0,
    0x07, 0xBC, 0x00, 0xF7, 0x80, 0x1E, 0xF0, 0x03, 0xDE, 0x00, 0x7B, 0xC0, 0x0F, 0x78, 0x01, 0xEF,
    0x00, 0x3D, 0xE0, 0x07, 0xBC, 0x00, 0xF7, 0x80, 0x1E, 0x78, 0x03, 0xCF, 0x00, 0x79, 0xF0, 0x1F,
    0x1F, 0x8F, 0xC3, 0xFF, 0xF0, 0x3F, 0xFC, 0x01, 0xFF, 0x00, 0xF0, 0x00, 0x7F, 0xE0, 0x01, 0xE7,
    0x80, 0x07, 0x9E, 0x00, 0x3C, 0x3C, 0x00, 0xF0, 0xF0, 0x03, 0xC3, 0xE0, 0x1E, 0x07, 0x80, 0x78,
    0x1E, 0x01, 0xE0, 0x7C, 0x0F, 0x00, 0xF0, 0x3C, 0x03, 0xC1, 0xF0, 0x07, 0x87, 0x80, 0x1E, 0x1E,
    0x00, 0x7C, 0xF0, 0x00, 0xF3, 0xC0, 0x03, 0xDF, 0x00, 0x07, 0xF8, 0x00, 0x1F, 0xE0, 0x00, 0x7F,
    0x00, 0x00, 0xFC, 0x00, 0x03, 0xE0, 0x00, 0x07, 0x80, 0x00, 0x78, 0x00, 0x00, 0x3D, 0xE0, 0x00,
    0x00, 0xF7, 0x80, 0x00, 0x03, 0xDE, 0x01, 0xE0, 0x1E, 0x78, 0x07, 0xC0, 0x78, 0xF0, 0x1F, 0x01,
    0xE3, 0xC0, 0x7C, 0x07, 0x8F, 0x03, 0xF8, 0x1E, 0x3C, 0x0F, 0xE0, 0xF0, 0xF8, 0x3B, 0x83, 0xC1,
    0xE1, 0xEF, 0x0F, 0x07, 0x87, 0x3C, 0x3C, 0x1E, 0x3C, 0x70, 0xF0, 0x78, 0xF1, 0xE7, 0x80, 0xF3,
    0x87, 0x9E, 0x03, 0xDE, 0x0E, 0x78, 0x0F, 0x78, 0x3D, 0xC0, 0x3D, 0xC0, 0xFF, 0x00, 0x7F, 0x01,
    0xFC, 0x01, 0xF8, 0x07, 0xF0, 0x07, 0xE0, 0x0F, 0x80, 0x0F, 0x80, 0x3E, 0x00, 0x3C, 0x00, 0xF8,
    0x00, 0x7C, 0x01, 0xF1, 0xE0, 0x0F, 0x0F, 0x80, 0xF0, 0x3E, 0x0F, 0x80, 0xF0, 0x78, 0x07, 0xC7,
    0x80, 0x1F, 0x7C, 0x00, 0x7B, 0xC0, 0x03, 0xFC, 0x00, 0x0F, 0xE0, 0x00, 0x3E, 0x00, 0x01, 0xF0,
    0x00, 0x1F, 0xC0, 0x00, 0xFE, 0x00, 0x0F, 0xF8, 0x00, 0xFB, 0xE0, 0x0F, 0x8F, 0x00, 0x78, 0x3C,
    0x07, 0xC1, 0xF0, 0x7C, 0x07, 0x83, 0xC0, 0x1E, 0x3E, 0x00, 0xF9, 0xE0, 0x03, 0xC0, 0xF8, 0x01,
    0xF7, 0x80, 0x1E, 0x7C, 0x03, 0xE3, 0xC0, 0x3C, 0x3E, 0x07, 0x81, 0xE0, 0x78, 0x1F, 0x0F, 0x00,
    0xF0, 0xF0, 0x07, 0x9E, 0x00, 0x7F, 0xE0, 0x03, 0xFC, 0x00, 0x3F, 0x80, 0x01, 0xF8, 0x00, 0x0F,
    0x00, 0x00, 0xF0, 0x00, 0x0F, 0x00, 0x00, 0xF0, 0x00, 0x0F, 0x00, 0x00, 0xF0, 0x00, 0x0F, 0x00,
    0x00, 0xF0, 0x00, 0x0F, 0x00, 0x00, 0xF0, 0x00, 0xFF, 0xFF, 0xFF, 0xFF, 0xFF, 0xFF, 0xE0, 0x01,
    0xE0, 0x01, 0xE0, 0x01, 0xF0, 0x01, 0xF0, 0x01, 0xF0, 0x00, 0xF0, 0x00, 0xF0, 0x00, 0xF8, 0x00,
    0x78, 0x00, 0x78, 0x00, 0x78, 0x00, 0x3C, 0x00, 0x3C, 0x00, 0x3C, 0x00, 0x1E, 0x00, 0x1E, 0x00,
    0x0F, 0x00, 0x0F, 0xFF, 0xFF, 0xFF, 0xFF, 0xFF, 0xFE, 0xFF, 0xFF, 0xFF, 0xE0, 0xE0, 0xE0, 0xE0,
    0xE0, 0xE0, 0xE0, 0xE0, 0xE0, 0xE0, 0xE0, 0xE0, 0xE0, 0xE0, 0xE0, 0xE0, 0xE0, 0xE0, 0xE0, 0xE0,
    0xE0, 0xE0, 0xE0, 0xE0, 0xE0, 0xE0, 0xFF, 0xFF, 0xFF, 0xF0, 0x01, 0xE0, 0x01, 0xE0, 0x03, 0xC0,
    0x07, 0x80, 0x07, 0x80, 0x0F, 0x00, 0x1E, 0x00, 0x1E, 0x00, 0x3C, 0x00, 0x78, 0x00, 0x78, 0x00,
    0xF0, 0x00, 0xE0, 0x01, 0xE0, 0x03, 0xC0, 0x03, 0x80, 0x07, 0x80, 0x0F, 0x00, 0x0E, 0x00, 0x1E,
    0x00, 0x3C, 0x00, 0x3C, 0x00, 0x78, 0x00, 0xF0, 0x00, 0xF0, 0x01, 0xE0, 0x03, 0xC0, 0x03, 0xC0,
    0x07, 0x80, 0x0F, 0x00, 0x0F, 0xFF, 0xFF, 0xFF, 0x0F, 0x0F, 0x0F, 0x0F, 0x0F, 0x0F, 0x0F, 0x0F,
    0x0F, 0x0F, 0x0F, 0x0F, 0x0F, 0x0F, 0x0F, 0x0F, 0x0F, 0x0F, 0x0F, 0x0F, 0x0F, 0x0F, 0x0F, 0x0F,
    0x0F, 0x0F, 0xFF, 0xFF, 0xFF, 0x03, 0xC0, 0x01, 0xF0, 0x01, 0xFC, 0x01, 0xFE, 0x00, 0xF7, 0x80,
    0xF3, 0xC0, 0x78, 0xF0, 0x78, 0x3C, 0x78, 0x1E, 0x3C, 0x07, 0xBC, 0x03, 0xCE, 0x00, 0xC0, 0xFF,
    0xFF, 0xFF, 0xFF, 0xFF, 0xFF, 0xFC, 0x61, 0xE3, 0xE3, 0xC3, 0xC1, 0x80, 0x3F, 0xE0, 0xFF, 0xE3,
    0xFF, 0x8E, 0x3F, 0x00, 0x3C, 0x00, 0xF1, 0xFF, 0xCF, 0xFF, 0x7F, 0xFF, 0xF0, 0xFF, 0x03, 0xFC,
    0x0F, 0xF0, 0x3F, 0xF0, 0xF7, 0xFF, 0xCF, 0xFF, 0x1F, 0xFC, 0xF0, 0x00, 0xF0, 0x00, 0xF0, 0x00,
    0xF0, 0x00, 0xF0, 0x00, 0xF0, 0x00, 0xF0, 0x00, 0xF0, 0x00, 0xFF, 0xF0, 0xFF, 0xF8, 0xFF, 0xFC,
    0xFC, 0x7E, 0xF0, 0x1E, 0xF0, 0x0F, 0xF0, 0x0F, 0xF0, 0x0F, 0xF0, 0x0F, 0xF0, 0x0F, 0xF0, 0x0F,
    0xF0, 0x1F, 0xF0, 0x1E, 0xF8, 0xFE, 0xFF, 0xFC, 0xFF, 0xF8, 0x7F, 0xE0, 0x07, 0xF8, 0x7F, 0xF3,
    0xFF, 0x8F, 0xCE, 0x7C, 0x01, 0xE0, 0x07, 0x80, 0x3C, 0x00, 0xF0, 0x03, 0xC0, 0x0F, 0x80, 0x1E,
    0x00, 0x7C, 0x00, 0xFC, 0x73, 0xFF, 0xC7, 0xFF, 0x07, 0xFC, 0x00, 0x0F, 0x00, 0x0F, 0x00, 0x0F,
    0x00, 0x0F, 0x00, 0x0F, 0x00, 0x0F, 0x00, 0x0F, 0x00, 0x0F, 0x07, 0xFF, 0x1F, 0xFF, 0x3F, 0xFF,
    0x7F, 0x3F, 0x7C, 0x0F, 0x78, 0x0F, 0xF8, 0x0F, 0xF0, 0x0F, 0xF0, 0x0F, 0xF0, 0x0F, 0x78, 0x0F,
    0x78, 0x0F, 0x7C, 0x0F, 0x3F, 0x1F, 0x3F, 0xFF, 0x1F, 0xFF, 0x07, 0xFF, 0x07, 0xF0, 0x1F, 0xFC,
    0x3F, 0xFE, 0x3E, 0x7E, 0x78, 0x0F, 0x78, 0x0F, 0x7F, 0xFF, 0xFF, 0xFF, 0xFF, 0xFF, 0xF0, 0x00,
    0xF8, 0x00, 0x78, 0x00, 0x7C, 0x00, 0x3F, 0x1C, 0x3F, 0xFE, 0x1F, 0xFE, 0x07, 0xFC, 0x1F, 0xE3,
    0xFE, 0x7F, 0xE7, 0xC6, 0x78, 0x0F, 0x00, 0xF0, 0x0F, 0x00, 0xFF, 0xEF, 0xFE, 0xFF, 0xEF, 0x00,
    0xF0, 0x0F, 0x00, 0xF0, 0x0F, 0x00, 0xF0, 0x0F, 0x00, 0xF0, 0x0F, 0x00, 0xF0, 0x0F, 0x00, 0xF0,
    0x0F, 0x00, 0xF0, 0x00, 0x07, 0xFE, 0x1F, 0xFF, 0x3F, 0xFF, 0x3F, 0x1F, 0x7C, 0x0F, 0x78, 0x0F,
    0xF0, 0x0F, 0xF0, 0x0F, 0xF0, 0x0F, 0xF0, 0x0F, 0x78, 0x0F, 0x78, 0x0F, 0x7E, 0x3F, 0x3F, 0xFF,
    0x1F, 0xFF, 0x0F, 0xFF, 0x00, 0x0F, 0x00, 0x0F, 0x00, 0x1E, 0x38, 0x7E, 0x3F, 0xFE, 0x7F, 0xFC,
    0x3F, 0xF0, 0xF0, 0x01, 0xE0, 0x03, 0xC0, 0x07, 0x80, 0x0F, 0x00, 0x1E, 0x00, 0x3C, 0x00, 0x78,
    0x00, 0xFF, 0xE1, 0xFF, 0xF3, 0xFF, 0xF7, 0xE7, 0xEF, 0x03, 0xFE, 0x03, 0xFC, 0x07, 0xF8, 0x0F,
    0xF0, 0x1F, 0xE0, 0x3F, 0xC0, 0x7F, 0x80, 0xFF, 0x01, 0xFE, 0x03, 0xFC, 0x07, 0xF8, 0x0F, 0xF0,
    0x1E, 0xF7, 0xBC, 0x00, 0x00, 0x1E, 0xF7, 0xBD, 0xEF, 0x7B, 0xDE, 0xF7, 0xBD, 0xEF, 0x7B, 0xDE,
    0x07, 0x81, 0xE0, 0x78, 0x00, 0x00, 0x00, 0x00, 0x00, 0x1E, 0x07, 0x81, 0xE0, 0x78, 0x1E, 0x07,
    0x81, 0xE0, 0x78, 0x1E, 0x07, 0x81, 0xE0, 0x78, 0x1E, 0x07, 0x81, 0xE0, 0x78, 0x1E, 0x07, 0x81,
    0xE1, 0xF9, 0xFC, 0x7F, 0x3F, 0x00, 0xF0, 0x01, 0xE0, 0x03, 0xC0, 0x07, 0x80, 0x0F, 0x00, 0x1E,
    0x00, 0x3C, 0x00, 0x78, 0x00, 0xF0, 0x3D, 0xE0, 0xF3, 0xC3, 0xC7, 0x8F, 0x0F, 0x3C, 0x1E, 0xF0,
    0x3F, 0xC0, 0x7F, 0x80, 0xFF, 0x01, 0xFF, 0x03, 0xDF, 0x07, 0x9F, 0x0F, 0x1F, 0x1E, 0x1F, 0x3C,
    0x1F, 0x78, 0x1E, 0xF0, 0x3E, 0xF1, 0xE3, 0xC7, 0x8F, 0x1E, 0x3C, 0x78, 0xF1, 0xE3, 0xC7, 0x8F,
    0x1E, 0x3C, 0x78, 0xF1, 0xE3, 0xC7, 0x8F, 0x1F, 0x9F, 0xBE, 0x3C, 0x7F, 0xE3, 0xF8, 0xFF, 0xFF,
    0xFE, 0xFF, 0xFF, 0xFE, 0xF8, 0xFF, 0x3F, 0xF0, 0x3C, 0x0F, 0xF0, 0x3C, 0x0F, 0xF0, 0x3C, 0x0F,
    0xF0, 0x3C, 0x0F, 0xF0, 0x3C, 0x07, 0xF0, 0x3C, 0x07, 0xF0, 0x3C, 0x07, 0xF0, 0x3C, 0x07, 0xF0,
    0x3C, 0x07, 0xF0, 0x3C, 0x07, 0xF0, 0x3C, 0x07, 0xF0, 0x3C, 0x07, 0xF0, 0x3C, 0x07, 0x7F, 0xE1,
    0xFF, 0xF3, 0xFF, 0xF7, 0xC7, 0xEF, 0x03, 0xFE, 0x03, 0xFC, 0x07, 0xF8, 0x0F, 0xF0, 0x1F, 0xE0,
    0x3F, 0xC0, 0x7F, 0x80, 0xFF, 0x01, 0xFE, 0x03, 0xFC, 0x07, 0xF8, 0x0F, 0xF0, 0x1E, 0x07, 0xF8,
    0x0F, 0xFE, 0x0F, 0xFF, 0x87, 0xE7, 0xE7, 0xC0, 0xF3, 0xC0, 0x3D, 0xE0, 0x1F, 0xE0, 0x0F, 0xF0,
    0x07, 0xF8, 0x03, 0xDE, 0x01, 0xEF, 0x00, 0xF7, 0xC0, 0xF1, 0xF9, 0xF8, 0xFF, 0xF8, 0x3F, 0xF8,
    0x07, 0xF8, 0x00, 0x7F, 0xE0, 0xFF, 0xF8, 0xFF, 0xFC, 0xF8, 0xFE, 0xF0, 0x1E, 0xF0, 0x1F, 0xF0,
    0x0F, 0xF0, 0x0F, 0xF0, 0x0F, 0xF0, 0x0F, 0xF0, 0x0F, 0xF0, 0x0F, 0xF0, 0x1E, 0xFC, 0x7E, 0xFF,
    0xFC, 0xFF, 0xF8, 0xFF, 0xF0, 0xF0, 0x00, 0xF0, 0x00, 0xF0, 0x00, 0xF0, 0x00, 0xF0, 0x00, 0xF0,
    0x00, 0x07, 0xFF, 0x1F, 0xFF, 0x3F, 0xFF, 0x3F, 0x0F, 0x7C, 0x0F, 0x78, 0x0F, 0x78, 0x0F, 0xF0,
    0x0F, 0xF0, 0x0F, 0xF0, 0x0F, 0xF8, 0x0F, 0x78, 0x0F, 0x7C, 0x0F, 0x7F, 0x3F, 0x3F, 0xFF, 0x1F,
    0xFF, 0x07, 0xFF, 0x00, 0x0F, 0x00, 0x0F, 0x00, 0x0F, 0x00, 0x0F, 0x00, 0x0F, 0x00, 0x0F, 0x7F,
    0xFF, 0xFF, 0xFF, 0x7C, 0x6F, 0x01, 0xE0, 0x3C, 0x07, 0x80, 0xF0, 0x1E, 0x03, 0xC0, 0x78, 0x0F,
    0x01, 0xE0, 0x3C, 0x07, 0x80, 0xF0, 0x00, 0x1F, 0xF1, 0xFF, 0x9F, 0xFD, 0xF8, 0xCF, 0x00, 0x78,
    0x03, 0xF0, 0x0F, 0xF0, 0x3F, 0xE0, 0x7F, 0x80, 0x7E, 0x00, 0xF0, 0x07, 0xF8, 0xFF, 0xFF, 0xDF,
    0xFE, 0x7F, 0xC0, 0xF0, 0x1E, 0x03, 0xC0, 0x78, 0x0F, 0x01, 0xFF, 0xBF, 0xF7, 0xFE, 0xF0, 0x1E,
    0x03, 0xC0, 0x78, 0x0F, 0x01, 0xE0, 0x3C, 0x07, 0x80, 0xF0, 0x1E, 0x03, 0xF3, 0x3F, 0xF7, 0xFE,
    0x3F, 0xC0, 0xF0, 0x1F, 0xE0, 0x3F, 0xC0, 0x7F, 0x80, 0xFF, 0x01, 0xFE, 0x03, 0xFC, 0x07, 0xF8,
    0x0F, 0xF0, 0x1F, 0xE0, 0x3F, 0xC0, 0x7F, 0x80, 0xFF, 0x81, 0xEF, 0xC7, 0xDF, 0xFF, 0x9F, 0xFF,
    0x0F, 0xFC, 0xF0, 0x0F, 0x3C, 0x07, 0x9E, 0x03, 0xCF, 0x03, 0xC7, 0xC1, 0xE1, 0xE0, 0xF0, 0xF0,
    0xF0, 0x3C, 0x78, 0x1E, 0x3C, 0x0F, 0x3C, 0x03, 0xDE, 0x01, 0xFE, 0x00, 0x7F, 0x00, 0x3F, 0x80,
    0x1F, 0x80, 0x07, 0xC0, 0x03, 0xC0, 0x00, 0xF0, 0x1E, 0x07, 0x9E, 0x07, 0x81, 0xE7, 0x81, 0xE0,
    0x79, 0xE0, 0xF8, 0x1C, 0x78, 0x3F, 0x0F, 0x0F, 0x0F, 0xC3, 0xC3, 0xC3, 0xF0, 0xF0, 0xF1, 0xFC,
    0x38, 0x1E, 0x77, 0x9E, 0x07, 0x9C, 0xE7, 0x81, 0xEF, 0x39, 0xC0, 0x3B, 0x8F, 0xF0, 0x0F, 0xE1,
    0xFC, 0x03, 0xF8, 0x7E, 0x00, 0x7C, 0x1F, 0x80, 0x1F, 0x03, 0xC0, 0x03, 0xC0, 0xF0, 0x00, 0x78,
    0x0F, 0x3E, 0x0F, 0x0F, 0x0F, 0x03, 0xC7, 0x80, 0xF7, 0x80, 0x7F, 0x80, 0x1F, 0xC0, 0x07, 0xC0,
    0x03, 0xE0, 0x03, 0xF0, 0x01, 0xFC, 0x01, 0xEF, 0x01, 0xE7, 0xC1, 0xE1, 0xE0, 0xF0, 0x78, 0xF0,
    0x1E, 0xF0, 0x0F, 0x00, 0xF0, 0x0F, 0x78, 0x0F, 0x78, 0x0E, 0x78, 0x1E, 0x3C, 0x1E, 0x3C, 0x1E,
    0x3C, 0x1C, 0x1E, 0x3C, 0x1E, 0x3C, 0x1E, 0x38, 0x0F, 0x78, 0x0F, 0x78, 0x07, 0xF0, 0x07, 0xF0,
    0x03, 0xF0, 0x03, 0xE0, 0x01, 0xE0, 0x01, 0xC0, 0x03, 0xC0, 0xCF, 0x80, 0xFF, 0x80, 0xFF, 0x00,
    0xFC, 0x00, 0xFF, 0xFB, 0xFF, 0xEF, 0xFF, 0x80, 0x3E, 0x01, 0xF0, 0x07, 0x80, 0x3C, 0x01, 0xE0,
    0x0F, 0x80, 0x7C, 0x01, 0xE0, 0x0F, 0x00, 0x78, 0x01, 0xE0, 0x0F, 0xFF, 0xFF, 0xFF, 0xFF, 0xFC,
    0x07, 0xC3, 0xF0, 0xFC, 0x7C, 0x1E, 0x07, 0x81, 0xE0, 0x78, 0x1E, 0x07, 0x81, 0xE0, 0x78, 0x1C,
    0x1F, 0x0F, 0xC3, 0xE0, 0xFC, 0x1F, 0x03, 0xC0, 0x78, 0x1E, 0x07, 0x81, 0xE0, 0x78, 0x1E, 0x07,
    0x81, 0xE0, 0x78, 0x1F, 0x03, 0xF0, 0xFC, 0x1F, 0xEE, 0xEE, 0xEE, 0xEE, 0xEE, 0xEE, 0xEE, 0xEE,
    0xEE, 0xEE, 0xEE, 0xEE, 0xEE, 0xEE, 0xEE, 0xEE, 0xF8, 0x3F, 0x0F, 0xC0, 0xF8, 0x1E, 0x07, 0x81,
    0xE0, 0x78, 0x1E, 0x07, 0x81, 0xE0, 0x78, 0x0E, 0x03, 0xE0, 0xFC, 0x1F, 0x0F, 0xC3, 0xE0, 0xF0,
    0x78, 0x1E, 0x07, 0x81, 0xE0, 0x78, 0x1E, 0x07, 0x81, 0xE0, 0x78, 0x3E, 0x3F, 0x0F, 0xC3, 0xE0,
    0x3F, 0x03, 0x1F, 0xC3, 0x9F, 0xFB, 0xCE, 0xFF, 0xEE, 0x1F, 0xE7, 0x03, 0xE0, 0x7F, 0xFE, 0xF0,
    0x00, 0x0E, 0x73, 0x9C, 0xE7, 0x39, 0xEF, 0x7B, 0xDE, 0xF7, 0xBD, 0xE0, 0x01, 0xC0, 0x07, 0x00,
    0x1C, 0x00, 0x70, 0x01, 0xC0, 0x1F, 0xF0, 0xFF, 0xC7, 0xFF, 0x3F, 0x19, 0xF0, 0x07, 0x80, 0x1E,
    0x00, 0x70, 0x03, 0xC0, 0x07, 0x00, 0x1E, 0x00, 0x78, 0x01, 0xF0, 0x03, 0xF1, 0xCF, 0xFF, 0x1F,
    0xFC, 0x1F, 0xF0, 0x1C, 0x00, 0x70, 0x01, 0xC0, 0x07, 0x00, 0x1C, 0x00, 0x01, 0xFE, 0x01, 0xFF,
    0x81, 0xFF, 0x81, 0xF9, 0xC0, 0xF0, 0x00, 0x78, 0x00, 0x3C, 0x00, 0x1E, 0x00, 0x0F, 0x00, 0x07,
    0x80, 0x1F, 0xFF, 0x0F, 0xFF, 0x87, 0xFF, 0xC0, 0x70, 0x00, 0x38, 0x00, 0x1C, 0x00, 0x0E, 0x00,
    0x0F, 0x00, 0x07, 0x80, 0x03, 0xC0, 0x01, 0xFF, 0xF8, 0xFF, 0xFC, 0x7F, 0xFE, 0x60, 0x06, 0x38,
    0x03, 0xBF, 0xFF, 0xCF, 0xFF, 0xC3, 0xE7, 0xC1, 0xE0, 0xE0, 0xE0, 0x78, 0x70, 0x1C, 0x38, 0x0E,
    0x1C, 0x07, 0x0E, 0x07, 0x87, 0x83, 0x83, 0xE7, 0xC3, 0xFF, 0xF3, 0xFF, 0xFC, 0xE0, 0x0E, 0x60,
    0x06, 0x00, 0xF8, 0x03, 0xCF, 0x00, 0x78, 0xF0, 0x1E, 0x1E, 0x07, 0xC1, 0xE0, 0xF0, 0x3C, 0x3C,
    0x03, 0xC7, 0x80, 0x7D, 0xE0, 0x07, 0xBC, 0x00, 0x7F, 0x00, 0x0F, 0xC0, 0x1F, 0xFF, 0xC3, 0xFF,
    0xF8, 0x7F, 0xFF, 0x00, 0x78, 0x00, 0x0F, 0x00, 0x3F, 0xFF, 0x87, 0xFF, 0xF0, 0xFF, 0xFE, 0x00,
    0xF0, 0x00, 0x1E, 0x00, 0x03, 0xC0, 0x00, 0x78, 0x00, 0xEE, 0xEE, 0xEE, 0xEE, 0xEE, 0xEE, 0xE0,
    0x00, 0x00, 0x0E, 0xEE, 0xEE, 0xEE, 0xEE, 0xEE, 0xEE, 0x0F, 0xF8, 0x7F, 0xE3, 0xFF, 0x9F, 0x9E,
    0x78, 0x01, 0xE0, 0x07, 0xC0, 0x0F, 0xC0, 0x1F, 0xE0, 0xFF, 0xC7, 0x9F, 0xBC, 0x1F, 0xF0, 0x3F,
    0xC0, 0x7F, 0x01, 0xDF, 0x0F, 0x7F, 0x78, 0xFF, 0xC0, 0xFF, 0x00, 0x7E, 0x00, 0x78, 0x00, 0xE0,
    0x03, 0x9C, 0x3E, 0xFF, 0xFB, 0xFF, 0xC7, 0xFE, 0x00, 0xF1, 0xDE, 0x7F, 0xCF, 0xF8, 0xE0, 0x01,
    0xFF, 0x00, 0x0F, 0xFF, 0x80, 0x3F, 0x1F, 0x80, 0xF0, 0x07, 0x83, 0xC0, 0x07, 0x8F, 0x1F, 0xE7,
    0x9C, 0x7F, 0xC7, 0x79, 0xF3, 0x8E, 0xE3, 0x80, 0x0F, 0xCF, 0x00, 0x1F, 0x9C, 0x00, 0x3F, 0x38,
    0x00, 0x7E, 0x70, 0x00, 0xFC, 0xF0, 0x01, 0xF8, 0xE0, 0x03, 0xF9, 0xF3, 0x8E, 0x71, 0xFF, 0x1C,
    0xF1, 0xFE, 0x78, 0xF0, 0x01, 0xE0, 0xF0, 0x07, 0x80, 0xFC, 0x7E, 0x00, 0xFF, 0xF8, 0x00, 0x7F,
    0xC0, 0x00, 0x7F, 0x8F, 0xF8, 0x8F, 0x00, 0xE0, 0x1C, 0x7F, 0x9F, 0xF7, 0x8E, 0xE1, 0xDE, 0x3B,
    0xFF, 0x1F, 0xE0, 0x07, 0x0E, 0x07, 0x0E, 0x0F, 0x1E, 0x1E, 0x3C, 0x1E, 0x7C, 0x3C, 0x78, 0x7C,
    0xF0, 0x78, 0xF0, 0x7C, 0xF0, 0x3C, 0x78, 0x1E, 0x7C, 0x1E, 0x3C, 0x0F, 0x1E, 0x07, 0x0E, 0x07,
    0x0E, 0xFF, 0xFF, 0xFF, 0xFF, 0xFF, 0xFF, 0x00, 0x07, 0x00, 0x07, 0x00, 0x07, 0x00, 0x07, 0x00,
    0x07, 0x00, 0x07, 0x00, 0x07, 0x00, 0x07, 0xFF, 0xBF, 0xEF, 0xF8, 0x01, 0xFF, 0x00, 0x0F, 0xFF,
    0x80, 0x3F, 0x1F, 0x80, 0xF0, 0x07, 0x83, 0xC0, 0x07, 0x8F, 0x3F, 0xC7, 0x9C, 0xFF, 0xC7, 0x79,
    0xE7, 0x8E, 0xE3, 0xC7, 0x8F, 0xC7, 0x8F, 0x1F, 0x8F, 0x3C, 0x3F, 0x1F, 0xF8, 0x7E, 0x3F, 0xE0,
    0xFC, 0x7B, 0xC1, 0xF8, 0xF3, 0xC3, 0xF9, 0xE3, 0x8E, 0x73, 0xC7, 0x9C, 0xF7, 0x87, 0x78, 0xF0,
    0x01, 0xE0, 0xF0, 0x07, 0x80, 0xFC, 0x7E, 0x00, 0xFF, 0xF8, 0x00, 0x7F, 0xC0, 0x00, 0xFF, 0xFF,
    0xF0, 0x1F, 0x07, 0xF1, 0xEF, 0x38, 0xE6, 0x1C, 0xE3, 0x9E, 0xF1, 0xFC, 0x1F, 0x00, 0x01, 0xC0,
    0x01, 0xC0, 0x01, 0xC0, 0x01, 0xC0, 0x01, 0xC0, 0x01, 0xC0, 0x01, 0xC0, 0xFF, 0xFF, 0xFF, 0xFF,
    0xFF, 0xFF, 0x01, 0xC0, 0x01, 0xC0, 0x01, 0xC0, 0x01, 0xC0, 0x01, 0xC0, 0x01, 0xC0, 0x01, 0xC0,
    0x00, 0x00, 0xFF, 0xFF, 0xFF, 0xFF, 0xFF, 0xFF, 0x3F, 0x8F, 0xF9, 0xEF, 0x00, 0xE0, 0x1C, 0x07,
    0x81, 0xE0, 0x78, 0x1E, 0x07, 0x80, 0xE0, 0x3F, 0xF7, 0xFE, 0x7F, 0x3F, 0xC6, 0x78, 0x0E, 0x0F,
    0x8F, 0xC3, 0xF0, 0x3E, 0x03, 0xC0, 0xFE, 0x7B, 0xFE, 0xFF, 0x00, 0x08, 0x38, 0xF3, 0xCF, 0x1C,
    0x00, 0xF0, 0x1F, 0xE0, 0x3F, 0xC0, 0x7F, 0x80, 0xFF, 0x01, 0xFE, 0x03, 0xFC, 0x07, 0xF8, 0x0F,
    0xF0, 0x1F, 0xE0, 0x3F, 0xC0, 0x7F, 0x80, 0xFF, 0x81, 0xFF, 0xC7, 0xFF, 0xFF, 0xFF, 0xFF, 0xFF,
    0xFD, 0xE0, 0x03, 0xC0, 0x07, 0x80, 0x0F, 0x00, 0x1E, 0x00, 0x3C, 0x00, 0x00, 0x07, 0xFF, 0x8F,
    0xFF, 0xCF, 0xFF, 0xEF, 0xFC, 0x77, 0xFE, 0x3F, 0xFF, 0x1F, 0xFF, 0x8F, 0xFF, 0xC7, 0xFF, 0xE3,
    0xFF, 0xF1, 0xDF, 0xF8, 0xEF, 0xFC, 0x73, 0xFE, 0x38, 0x7F, 0x1C, 0x07, 0x8E, 0x01, 0xC7, 0x00,
    0xE3, 0x80, 0x71, 0xC0, 0x38, 0xE0, 0x1C, 0x70, 0x0E, 0x38, 0x07, 0x1C, 0x03, 0x8E, 0x01, 0xC7,
    0x00, 0xE3, 0x80, 0x71, 0xC0, 0x38, 0xE0, 0x1C, 0x70, 0x0E, 0x38, 0x79, 0xF7, 0xDE, 0x1C, 0x70,
    0xF1, 0xE1, 0xFF, 0xFF, 0x00, 0x0E, 0x3D, 0xFF, 0xF7, 0xE1, 0xC3, 0x87, 0x0E, 0x1C, 0x38, 0x70,
    0xE0, 0x1F, 0xC1, 0xFF, 0x1E, 0x7C, 0xE0, 0xEE, 0x07, 0x70, 0x3F, 0x81, 0xFC, 0x0E, 0x70, 0x73,
    0xCF, 0x8F, 0xF8, 0x3F, 0x80, 0x60, 0xC1, 0xE3, 0xC1, 0xE3, 0x83, 0xC7, 0x83, 0xC7, 0x87, 0xCF,
    0x87, 0x8F, 0x0F, 0x9F, 0x1E, 0x3C, 0x7C, 0xF8, 0xF1, 0xE3, 0xC7, 0x87, 0x8E, 0x1E, 0x3C, 0x18,
    0x30, 0x00, 0x0E, 0x00, 0x38, 0x01, 0xE0, 0x07, 0x80, 0x7E, 0x00, 0x70, 0x0F, 0xE0, 0x0F, 0x00,
    0x7E, 0x01, 0xE0, 0x00, 0xE0, 0x1E, 0x00, 0x0E, 0x03, 0xC0, 0x00, 0xE0, 0x38, 0x00, 0x0E, 0x07,
    0x80, 0x00, 0xE0, 0x70, 0x00, 0x0E, 0x0F, 0x03, 0xC0, 0xE0, 0xE0, 0x7C, 0x0E, 0x1E, 0x0F, 0xC0,
    0x03, 0xC0, 0xFC, 0x00, 0x3C, 0x1D, 0xC0, 0x07, 0x83, 0x9C, 0x00, 0x70, 0x39, 0xC0, 0x0F, 0x07,
    0x1C, 0x00, 0xE0, 0xFF, 0xE0, 0x1E, 0x0F, 0xFE, 0x03, 0xC0, 0x01, 0xC0, 0x3C, 0x00, 0x1C, 0x07,
    0x80, 0x01, 0xC0, 0x0E, 0x00, 0x78, 0x03, 0xC0, 0x1E, 0x01, 0xF8, 0x03, 0xC0, 0x7F, 0x00, 0xF0,
    0x07, 0xE0, 0x1C, 0x00, 0x1C, 0x07, 0x80, 0x03, 0x80, 0xE0, 0x00, 0x70, 0x3C, 0x00, 0x0E, 0x0F,
    0x00, 0x01, 0xC1, 0xE0, 0x00, 0x38, 0x78, 0xFE, 0x07, 0x0E, 0x3F, 0xE0, 0xE3, 0xC7, 0xBC, 0x00,
    0x70, 0x03, 0x80, 0x1E, 0x00, 0x70, 0x03, 0x80, 0x1E, 0x00, 0xF0, 0x07, 0x80, 0x3C, 0x01, 0xE0,
    0x07, 0x80, 0x78, 0x01, 0xE0, 0x1E, 0x00, 0x38, 0x03, 0x80, 0x0F, 0x00, 0xFF, 0xC1, 0xC0, 0x1F,
    0xF8, 0x7F, 0x00, 0x3C, 0x0F, 0xF0, 0x03, 0x80, 0x67, 0x80, 0x78, 0x00, 0x38, 0x0F, 0x00, 0x0F,
    0x80, 0xF0, 0x03, 0xF0, 0x1E, 0x00, 0x3F, 0x01, 0xC0, 0x00, 0xF8, 0x3C, 0x00, 0x03, 0xC3, 0x80,
    0x00, 0x3C, 0x78, 0x00, 0xE7, 0x87, 0x03, 0xCF, 0xF8, 0xF0, 0x7C, 0xFF, 0x1E, 0x0F, 0xC0, 0x01,
    0xE0, 0xFC, 0x00, 0x3C, 0x1D, 0xC0, 0x03, 0x83, 0x9C, 0x00, 0x78, 0x39, 0xC0, 0x07, 0x07, 0x1C,
    0x00, 0xF0, 0xFF, 0xE0, 0x0E, 0x0F, 0xFE, 0x01, 0xE0, 0x01, 0xC0, 0x3C, 0x00, 0x1C, 0x03, 0xC0,
    0x01, 0xC0, 0x03, 0xC0, 0x3E, 0x01, 0xF0, 0x07, 0x80, 0x00, 0x00, 0x00, 0x00, 0x00, 0x70, 0x03,
    0xC0, 0x1C, 0x01, 0xE0, 0x1E, 0x01, 0xF0, 0x0F, 0x00, 0xF0, 0x0F, 0x00, 0x78, 0x03, 0xC0, 0x1E,
    0x00, 0xFC, 0xE7, 0xFF, 0x9F, 0xFC, 0x7F, 0xC0, 0x00, 0xC0, 0x00, 0x07, 0x80, 0x00, 0x1F, 0x00,
    0x00, 0x3C, 0x00, 0x00, 0x78, 0x00, 0x00, 0xE0, 0x00, 0x00, 0x00, 0x00, 0x1E, 0x00, 0x00, 0xF8,
    0x00, 0x03, 0xF0, 0x00, 0x0F, 0xC0, 0x00, 0x7F, 0x80, 0x01, 0xFE, 0x00, 0x0F, 0x3C, 0x00, 0x3C,
    0xF0, 0x01, 0xE3, 0xC0, 0x07, 0x87, 0x80, 0x1C, 0x1E, 0x00, 0xF0, 0x3C, 0x03, 0xC0, 0xF0, 0x1E,
    0x03, 0xC0, 0x7F, 0xFF, 0x81, 0xFF, 0xFE, 0x0F, 0xFF, 0xFC, 0x3C, 0x00, 0xF0, 0xF0, 0x03, 0xC7,
    0x80, 0x0F, 0x9E, 0x00, 0x1E, 0xF0, 0x00, 0x7B, 0xC0, 0x00, 0xF0, 0x00, 0x0C, 0x00, 0x00, 0x78,
    0x00, 0x01, 0xE0, 0x00, 0x0F, 0x00, 0x00, 0x78, 0x00, 0x01, 0xC0, 0x00, 0x00, 0x00, 0x00, 0x1E,
    0x00, 0x00, 0xF8, 0x00, 0x03, 0xF0, 0x00, 0x0F, 0xC0, 0x00, 0x7F, 0x80, 0x01, 0xFE, 0x00, 0x0F,
    0x3C, 0x00, 0x3C, 0xF0, 0x01, 0xE3, 0xC0, 0x07, 0x87, 0x80, 0x1C, 0x1E, 0x00, 0xF0, 0x3C, 0x03,
    0xC0, 0xF0, 0x1E, 0x03, 0xC0, 0x7F, 0xFF, 0x81, 0xFF, 0xFE, 0x0F, 0xFF, 0xFC, 0x3C, 0x00, 0xF0,
    0xF0, 0x03, 0xC7, 0x80, 0x0F, 0x9E, 0x00, 0x1E, 0xF0, 0x00, 0x7B, 0xC0, 0x00, 0xF0, 0x00, 0x30,
    0x00, 0x01, 0xE0, 0x00, 0x0F, 0xC0, 0x00, 0x7F, 0x80, 0x03, 0xCF, 0x00, 0x06, 0x18, 0x00, 0x00,
    0x00, 0x00, 0x1E, 0x00, 0x00, 0xF8, 0x00, 0x03, 0xF0, 0x00, 0x0F, 0xC0, 0x00, 0x7F, 0x80, 0x01,
    0xFE, 0x00, 0x0F, 0x3C, 0x00, 0x3C, 0xF0, 0x01, 0xE3, 0xC0, 0x07, 0x87, 0x80, 0x1C, 0x1E, 0x00,
    0xF0, 0x3C, 0x03, 0xC0, 0xF0, 0x1E, 0x03, 0xC0, 0x7F, 0xFF, 0x81, 0xFF, 0xFE, 0x0F, 0xFF, 0xFC,
    0x3C, 0x00, 0xF0, 0xF0, 0x03, 0xC7, 0x80, 0x0F, 0x9E, 0x00, 0x1E, 0xF0, 0x00, 0x7B, 0xC0, 0x00,
    0xF0, 0x01, 0xF3, 0x00, 0x0F, 0xFC, 0x00, 0x73, 0xE0, 0x00, 0x00, 0x00, 0x00, 0x00, 0x00, 0x00,
    0x00, 0x00, 0x07, 0x80, 0x00, 0x3E, 0x00, 0x00, 0xFC, 0x00, 0x03, 0xF0, 0x00, 0x1F, 0xE0, 0x00,
    0x7F, 0x80, 0x03, 0xCF, 0x00, 0x0F, 0x3C, 0x00, 0x78, 0xF0, 0x01, 0xE1, 0xE0, 0x07, 0x07, 0x80,
    0x3C, 0x0F, 0x00, 0xF0, 0x3C, 0x07, 0x80, 0xF0, 0x1F, 0xFF, 0xE0, 0x7F, 0xFF, 0x83, 0xFF, 0xFF,
    0x0F, 0x00, 0x3C, 0x3C, 0x00, 0xF1, 0xE0, 0x03, 0xE7, 0x80, 0x07, 0xBC, 0x00, 0x1E, 0xF0, 0x00,
    0x3C, 0x03, 0x8F, 0x00, 0x0F, 0x3C, 0x00, 0x3C, 0xF0, 0x00, 0xE3, 0xC0, 0x00, 0x00, 0x00, 0x00,
    0x00, 0x00, 0x07, 0x80, 0x00, 0x3E, 0x00, 0x00, 0xFC, 0x00, 0x03, 0xF0, 0x00, 0x1F, 0xE0, 0x00,
    0x7F, 0x80, 0x03, 0xCF, 0x00, 0x0F, 0x3C, 0x00, 0x78, 0xF0, 0x01, 0xE1, 0xE0, 0x07, 0x07, 0x80,
    0x3C, 0x0F, 0x00, 0xF0, 0x3C, 0x07, 0x80, 0xF0, 0x1F, 0xFF, 0xE0, 0x7F, 0xFF, 0x83, 0xFF, 0xFF,
    0x0F, 0x00, 0x3C, 0x3C, 0x00, 0xF1, 0xE0, 0x03, 0xE7, 0x80, 0x07, 0xBC, 0x00, 0x1E, 0xF0, 0x00,
    0x3C, 0x00, 0x78, 0x00, 0x03, 0xF0, 0x00, 0x1D, 0xC0, 0x00, 0x73, 0x80, 0x01, 0xCE, 0x00, 0x07,
    0x70, 0x00, 0x0F, 0xC0, 0x00, 0x3F, 0x00, 0x00, 0xFC, 0x00, 0x07, 0xF0, 0x00, 0x1F, 0xE0, 0x00,
    0x77, 0x80, 0x03, 0xCF, 0x00, 0x0F, 0x3C, 0x00, 0x78, 0xF0, 0x01, 0xE1, 0xE0, 0x07, 0x07, 0x80,
    0x3C, 0x0F, 0x00, 0xF0, 0x3C, 0x07, 0x80, 0x70, 0x1F, 0xFF, 0xE0, 0x7F, 0xFF, 0x83, 0xFF, 0xFF,
    0x0F, 0x00, 0x3C, 0x3C, 0x00, 0xF1, 0xE0, 0x03, 0xE7, 0x80, 0x07, 0xBC, 0x00, 0x1E, 0xF0, 0x00,
    0x3C, 0x00, 0x07, 0xFF, 0xF8, 0x00, 0x1F, 0xFF, 0xE0, 0x00, 0xFF, 0xFF, 0x80, 0x07, 0xF8, 0x00,
    0x00, 0x1F, 0xE0, 0x00, 0x00, 0xF7, 0x80, 0x00, 0x07, 0x9E, 0x00, 0x00, 0x1E, 0x78, 0x00, 0x00,
    0xF1, 0xE0, 0x00, 0x03, 0x87, 0xFF, 0xC0, 0x1E, 0x1F, 0xFF, 0x00, 0xF0, 0x7F, 0xFC, 0x03, 0xC1,
    0xE0, 0x00, 0x1E, 0x07, 0x80, 0x00, 0x7F, 0xFE, 0x00, 0x03, 0xFF, 0xF8, 0x00, 0x1F, 0xFF, 0xE0,
    0x00, 0x78, 0x07, 0x80, 0x03, 0xC0, 0x1E, 0x00, 0x0F, 0x00, 0x78, 0x00, 0x78, 0x01, 0xFF, 0xFD,
    0xE0, 0x07, 0xFF, 0xFF, 0x00, 0x1F, 0xFF, 0xC0, 0x01, 0xFF, 0x80, 0xFF, 0xFC, 0x3F, 0xFF, 0x8F,
    0xF3, 0xE3, 0xF0, 0x04, 0x7C, 0x00, 0x1F, 0x00, 0x03, 0xC0, 0x00, 0x78, 0x00, 0x0F, 0x00, 0x01,
    0xE0, 0x00, 0x3C, 0x00, 0x07, 0x80, 0x00, 0xF0, 0x00, 0x1E, 0x00, 0x03, 0xC0, 0x00, 0x7C, 0x00,
    0x07, 0xC0, 0x00, 0xFC, 0x00, 0x0F, 0xF1, 0xE0, 0xFF, 0xFE, 0x0F, 0xFF, 0xC0, 0x7F, 0xE0, 0x03,
    0x80, 0x00, 0x78, 0x00, 0x0F, 0x80, 0x00, 0xF0, 0x00, 0xFE, 0x00, 0x1F, 0x80, 0x02, 0x00, 0x07,
    0x00, 0x07, 0x80, 0x03, 0xC0, 0x01, 0xE0, 0x00, 0xE0, 0x00, 0x00, 0xFF, 0xFE, 0xFF, 0xFE, 0xFF,
    0xFE, 0xF0, 0x00, 0xF0, 0x00, 0xF0, 0x00, 0xF0, 0x00, 0xF0, 0x00, 0xF0, 0x00, 0xFF, 0xFC, 0xFF,
    0xFC, 0xFF, 0xFC, 0xF0, 0x00, 0xF0, 0x00, 0xF0, 0x00, 0xF0, 0x00, 0xF0, 0x00, 0xF0, 0x00, 0xF0,
    0x00, 0xF0, 0x00, 0xFF, 0xFF, 0xFF, 0xFF, 0xFF, 0xFF, 0x00, 0x30, 0x00, 0x78, 0x00, 0xF8, 0x01,
    0xE0, 0x03, 0xC0, 0x03, 0x80, 0x00, 0x00, 0xFF, 0xFE, 0xFF, 0xFE, 0xFF, 0xFE, 0xF0, 0x00, 0xF0,
    0x00, 0xF0, 0x00, 0xF0, 0x00, 0xF0, 0x00, 0xF0, 0x00, 0xFF, 0xFC, 0xFF, 0xFC, 0xFF, 0xFC, 0xF0,
    0x00, 0xF0, 0x00, 0xF0, 0x00, 0xF0, 0x00, 0xF0, 0x00, 0xF0, 0x00, 0xF0, 0x00, 0xF0, 0x00, 0xFF,
    0xFF, 0xFF, 0xFF, 0xFF, 0xFF, 0x01, 0x80, 0x03, 0xC0, 0x07, 0xE0, 0x0F, 0xF0, 0x1E, 0x70, 0x0C,
    0x30, 0x00, 0x00, 0xFF, 0xFE, 0xFF, 0xFE, 0xFF, 0xFE, 0xF0, 0x00, 0xF0, 0x00, 0xF0, 0x00, 0xF0,
    0x00, 0xF0, 0x00, 0xF0, 0x00, 0xFF, 0xFC, 0xFF, 0xFC, 0xFF, 0xFC, 0xF0, 0x00, 0xF0, 0x00, 0xF0,
    0x00, 0xF0, 0x00, 0xF0, 0x00, 0xF0, 0x00, 0xF0, 0x00, 0xF0, 0x00, 0xFF, 0xFF, 0xFF, 0xFF, 0xFF,
    0xFF, 0x1C, 0x78, 0x3E, 0x78, 0x3E, 0x78, 0x1C, 0x78, 0x00, 0x00, 0x00, 0x00, 0xFF, 0xFE, 0xFF,
    0xFE, 0xFF, 0xFE, 0xF0, 0x00, 0xF0, 0x00, 0xF0, 0x00, 0xF0, 0x00, 0xF0, 0x00, 0xF0, 0x00, 0xFF,
    0xFC, 0xFF, 0xFC, 0xFF, 0xFC, 0xF0, 0x00, 0xF0, 0x00, 0xF0, 0x00, 0xF0, 0x00, 0xF0, 0x00, 0xF0,
    0x00, 0xF0, 0x00, 0xF0, 0x00, 0xFF, 0xFF, 0xFF, 0xFF, 0xFF, 0xFF, 0x61, 0xE1, 0xE1, 0xE1, 0xE1,
    0xC0, 0x1E, 0x3C, 0x78, 0xF1, 0xE3, 0xC7, 0x8F, 0x1E, 0x3C, 0x78, 0xF1, 0xE3, 0xC7, 0x8F, 0x1E,
    0x3C, 0x78, 0xF1, 0xE3, 0xC7, 0x80, 0x08, 0x38, 0xF3, 0xCF, 0x1C, 0x00, 0x78, 0xF1, 0xE3, 0xC7,
    0x8F, 0x1E, 0x3C, 0x78, 0xF1, 0xE3, 0xC7, 0x8F, 0x1E, 0x3C, 0x78, 0xF1, 0xE3, 0xC7, 0x8F, 0x1E,
    0x00, 0x0C, 0x07, 0x81, 0xF0, 0xFE, 0x71, 0xD8, 0x30, 0x00, 0x78, 0x1E, 0x07, 0x81, 0xE0, 0x78,
    0x1E, 0x07, 0x81, 0xE0, 0x78, 0x1E, 0x07, 0x81, 0xE0, 0x78, 0x1E, 0x07, 0x81, 0xE0, 0x78, 0x1E,
    0x07, 0x81, 0xE0, 0x78, 0x1E, 0x07, 0x80, 0x71, 0xDF, 0x7F, 0xEF, 0xB8, 0xE0, 0x00, 0x00, 0x07,
    0x80, 0xF0, 0x1E, 0x03, 0xC0, 0x78, 0x0F, 0x01, 0xE0, 0x3C, 0x07, 0x80, 0xF0, 0x1E, 0x03, 0xC0,
    0x78, 0x0F, 0x01, 0xE0, 0x3C, 0x07, 0x80, 0xF0, 0x1E, 0x03, 0xC0, 0x78, 0x0F, 0x01, 0xE0, 0x1F,
    0xFE, 0x00, 0x3F, 0xFF, 0x00, 0x7F, 0xFF, 0x80, 0xF0, 0xFF, 0x81, 0xE0, 0x1F, 0x03, 0xC0, 0x1F,
    0x07, 0x80, 0x1F, 0x0F, 0x00, 0x3E, 0x1E, 0x00, 0x3D, 0xFF, 0xC0, 0x7B, 0xFF, 0x80, 0xF7, 0xFF,
    0x01, 0xE1, 0xE0, 0x03, 0xC3, 0xC0, 0x07, 0x87, 0x80, 0x0F, 0x0F, 0x00, 0x3E, 0x1E, 0x00, 0x7C,
    0x3C, 0x01, 0xF0, 0x78, 0x07, 0xC0, 0xF0, 0xFF, 0x81, 0xFF, 0xFE, 0x03, 0xFF, 0xF0, 0x07, 0xFF,
    0x80, 0x00, 0x03, 0xE7, 0x00, 0x7F, 0xE0, 0x06, 0x7C, 0x00, 0x00, 0x00, 0x00, 0x00, 0x00, 0x00,
    0x00, 0xF0, 0x00, 0xFF, 0x80, 0x0F, 0xFC, 0x00, 0xFF, 0xE0, 0x0F, 0xFF, 0x00, 0xFF, 0xF0, 0x0F,
    0xF7, 0x80, 0xFF, 0x3C, 0x0F, 0xF3, 0xE0, 0xFF, 0x1E, 0x0F, 0xF0, 0xF0, 0xFF, 0x07, 0x8F, 0xF0,
    0x7C, 0xFF, 0x03, 0xCF, 0xF0, 0x1E, 0xFF, 0x01, 0xFF, 0xF0, 0x0F, 0xFF, 0x00, 0x7F, 0xF0, 0x07,
    0xFF, 0x00, 0x3F, 0xF0, 0x01, 0xFF, 0x00, 0x1F, 0xF0, 0x00, 0xF0, 0x00, 0x60, 0x00, 0x01, 0xE0,
    0x00, 0x03, 0xC0, 0x00, 0x03, 0xC0, 0x00, 0x03, 0xC0, 0x00, 0x03, 0x80, 0x00, 0x00, 0x00, 0x00,
    0xFF, 0x80, 0x07, 0xFF, 0xC0, 0x1F, 0xFF, 0xE0, 0x7F, 0x9F, 0xC1, 0xF8, 0x07, 0xC3, 0xE0, 0x07,
    0xCF, 0x80, 0x07, 0x9E, 0x00, 0x0F, 0xBC, 0x00, 0x0F, 0x78, 0x00, 0x1E, 0xF0, 0x00, 0x3D, 0xE0,
    0x00, 0x7B, 0xC0, 0x00, 0xF7, 0x80, 0x01, 0xEF, 0x00, 0x03, 0xDE, 0x00, 0x0F, 0xBE, 0x00, 0x1E,
    0x3E, 0x00, 0x7C, 0x7E, 0x01, 0xF0, 0x7F, 0x1F, 0xC0, 0x7F, 0xFF, 0x80, 0x7F, 0xFC, 0x00, 0x3F,
    0xE0, 0x00, 0x00, 0x06, 0x00, 0x00, 0x1E, 0x00, 0x00, 0x7C, 0x00, 0x01, 0xF0, 0x00, 0x03, 0x80,
    0x00, 0x06, 0x00, 0x00, 0x00, 0x00, 0x00, 0xFF, 0x80, 0x07, 0xFF, 0xC0, 0x1F, 0xFF, 0xE0, 0x7F,
    0x9F, 0xC1, 0xF8, 0x07, 0xC3, 0xE0, 0x07, 0xCF, 0x80, 0x07, 0x9E, 0x00, 0x0F, 0xBC, 0x00, 0x0F,
    0x78, 0x00, 0x1E, 0xF0, 0x00, 0x3D, 0xE0, 0x00, 0x7B, 0xC0, 0x00, 0xF7, 0x80, 0x01, 0xEF, 0x00,
    0x03, 0xDE, 0x00, 0x0F, 0xBE, 0x00, 0x1E, 0x3E, 0x00, 0x7C, 0x7E, 0x01, 0xF0, 0x7F, 0x1F, 0xC0,
    0x7F, 0xFF, 0x80, 0x7F, 0xFC, 0x00, 0x3F, 0xE0, 0x00, 0x00, 0x18, 0x00, 0x00, 0x78, 0x00, 0x01,
    0xF8, 0x00, 0x07, 0xF8, 0x00, 0x1E, 0x70, 0x00, 0x18, 0x60, 0x00, 0x00, 0x00, 0x00, 0xFF, 0x80,
    0x07, 0xFF, 0xC0, 0x1F, 0xFF, 0xE0, 0x7F, 0x9F, 0xC1, 0xF8, 0x07, 0xC3, 0xE0, 0x07, 0xCF, 0x80,
    0x07, 0x9E, 0x00, 0x0F, 0xBC, 0x00, 0x0F, 0x78, 0x00, 0x1E, 0xF0, 0x00, 0x3D, 0xE0, 0x00, 0x7B,
    0xC0, 0x00, 0xF7, 0x80, 0x01, 0xEF, 0x00, 0x03, 0xDE, 0x00, 0x0F, 0xBE, 0x00, 0x1E, 0x3E, 0x00,
    0x7C, 0x7E, 0x01, 0xF0, 0x7F, 0x1F, 0xC0, 0x7F, 0xFF, 0x80, 0x7F, 0xFC, 0x00, 0x3F, 0xE0, 0x00,
    0x01, 0xFB, 0x80, 0x07, 0xFF, 0x00, 0x0E, 0x7C, 0x00, 0x00, 0x00, 0x00, 0x00, 0x00, 0x00, 0x00,
    0x00, 0x00, 0x7F, 0xC0, 0x03, 0xFF, 0xE0, 0x0F, 0xFF, 0xF0, 0x3F, 0xCF, 0xE0, 0xFC, 0x03, 0xE1,
    0xF0, 0x03, 0xE7, 0xC0, 0x03, 0xCF, 0x00, 0x07, 0xDE, 0x00, 0x07, 0xBC, 0x00, 0x0F, 0x78, 0x00,
    0x1E, 0xF0, 0x00, 0x3D, 0xE0, 0x00, 0x7B, 0xC0, 0x00, 0xF7, 0x80, 0x01, 0xEF, 0x00, 0x07, 0xDF,
    0x00, 0x0F, 0x1F, 0x00, 0x3E, 0x3F, 0x00, 0xF8, 0x3F, 0x8F, 0xE0, 0x3F, 0xFF, 0xC0, 0x3F, 0xFE,
    0x00, 0x1F, 0xF0, 0x00, 0x01, 0xC7, 0x80, 0x03, 0xCF, 0x00, 0x07, 0x9E, 0x00, 0x0E, 0x3C, 0x00,
    0x00, 0x00, 0x00, 0x00, 0x00, 0x00, 0x7F, 0xC0, 0x03, 0xFF, 0xE0, 0x0F, 0xFF, 0xF0, 0x3F, 0xCF,
    0xE0, 0xFC, 0x03, 0xE1, 0xF0, 0x03, 0xE7, 0xC0, 0x03, 0xCF, 0x00, 0x07, 0xDE, 0x00, 0x07, 0xBC,
    0x00, 0x0F, 0x78, 0x00, 0x1E, 0xF0, 0x00, 0x3D, 0xE0, 0x00, 0x7B, 0xC0, 0x00, 0xF7, 0x80, 0x01,
    0xEF, 0x00, 0x07, 0xDF, 0x00, 0x0F, 0x1F, 0x00, 0x3E, 0x3F, 0x00, 0xF8, 0x3F, 0x8F, 0xE0, 0x3F,
    0xFF, 0xC0, 0x3F, 0xFE, 0x00, 0x1F, 0xF0, 0x00, 0x20, 0x09, 0xC0, 0x7F, 0x83, 0xDF, 0x1E, 0x3E,
    0xF0, 0x7F, 0xC0, 0xFE, 0x01, 0xF0, 0x0F, 0xE0, 0x7F, 0xC3, 0xEF, 0x1F, 0x1E, 0xF8, 0x3D, 0xC0,
    0x72, 0x00, 0x80, 0x00, 0x00, 0x18, 0x03, 0xFE, 0x38, 0x1F, 0xFF, 0xF0, 0x7F, 0xFF, 0xC1, 0xFC,
    0x7F, 0x87, 0xE0, 0x1F, 0x0F, 0x80, 0x7F, 0x3E, 0x01, 0xFE, 0x78, 0x07, 0xBE, 0xF0, 0x1F, 0x3D,
    0xE0, 0x7C, 0x7B, 0xC0, 0xF0, 0xF7, 0x83, 0xC1, 0xEF, 0x0F, 0x03, 0xDE, 0x3C, 0x07, 0xBC, 0xF0,
    0x0F, 0x7B, 0xE0, 0x3E, 0xFF, 0x80, 0x78, 0xFE, 0x01, 0xF0, 0xF8, 0x07, 0xC1, 0xFC, 0x7F, 0x03,
    0xFF, 0xFE, 0x0F, 0xFF, 0xF0, 0x1C, 0xFF, 0x80, 0x38, 0x00, 0x00, 0x03, 0x00, 0x00, 0xF0, 0x00,
    0x1F, 0x00, 0x00, 0xF0, 0x00, 0x0F, 0x00, 0x00, 0xC0, 0x00, 0x00, 0x07, 0x80, 0x1E, 0xF0, 0x03,
    0xDE, 0x00, 0x7B, 0xC0, 0x0F, 0x78, 0x01, 0xEF, 0x00, 0x3D, 0xE0, 0x07, 0xBC, 0x00, 0xF7, 0x80,
    0x1E, 0xF0, 0x03, 0xDE, 0x00, 0x7B, 0xC0, 0x0F, 0x78, 0x01, 0xEF, 0x00, 0x3D, 0xE0, 0x07, 0xBC,
    0x00, 0xF3, 0xC0, 0x1E, 0x78, 0x03, 0xCF, 0x80, 0xF8, 0xFC, 0x7E, 0x1F, 0xFF, 0x81, 0xFF, 0xE0,
    0x0F, 0xF8, 0x00, 0x00, 0x30, 0x00, 0x07, 0x00, 0x01, 0xE0, 0x00, 0x78, 0x00, 0x1E, 0x00, 0x03,
    0x80, 0x00, 0x00, 0x07, 0x80, 0x1E, 0xF0, 0x03, 0xDE, 0x00, 0x7B, 0xC0, 0x0F, 0x78, 0x01, 0xEF,
    0x00, 0x3D, 0xE0, 0x07, 0xBC, 0x00, 0xF7, 0x80, 0x1E, 0xF0, 0x03, 0xDE, 0x00, 0x7B, 0xC0, 0x0F,
    0x78, 0x01, 0xEF, 0x00, 0x3D, 0xE0, 0x07, 0xBC, 0x00, 0xF3, 0xC0, 0x1E, 0x78, 0x03, 0xCF, 0x80,
    0xF8, 0xFC, 0x7E, 0x1F, 0xFF, 0x81, 0xFF, 0xE0, 0x0F, 0xF8, 0x00, 0x00, 0xC0, 0x00, 0x3C, 0x00,
    0x0F, 0xC0, 0x03, 0xFC, 0x00, 0x73, 0xC0, 0x0C, 0x30, 0x00, 0x00, 0x07, 0x80, 0x1E, 0xF0, 0x03,
    0xDE, 0x00, 0x7B, 0xC0, 0x0F, 0x78, 0x01, 0xEF, 0x00, 0x3D, 0xE0, 0x07, 0xBC, 0x00, 0xF7, 0x80,
    0x1E, 0xF0, 0x03, 0xDE, 0x00, 0x7B, 0xC0, 0x0F, 0x78, 0x01, 0xEF, 0x00, 0x3D, 0xE0, 0x07, 0xBC,
    0x00, 0xF3, 0xC0, 0x1E, 0x78, 0x03, 0xCF, 0x80, 0xF8, 0xFC, 0x7E, 0x1F, 0xFF, 0x81, 0xFF, 0xE0,
    0x0F, 0xF8, 0x00, 0x07, 0x1C, 0x01, 0xE7, 0xC0, 0x3C, 0xF8, 0x07, 0x8E, 0x00, 0x00, 0x00, 0x00,
    0x00, 0x3C, 0x00, 0xF7, 0x80, 0x1E, 0xF0, 0x03, 0xDE, 0x00, 0x7B, 0xC0, 0x0F, 0x78, 0x01, 0xEF,
    0x00, 0x3D, 0xE0, 0x07, 0xBC, 0x00, 0xF7, 0x80, 0x1E, 0xF0, 0x03, 0xDE, 0x00, 0x7B, 0xC0, 0x0F,
    0x78, 0x01, 0xEF, 0x00, 0x3D, 0xE0, 0x07, 0x9E, 0x00, 0xF3, 0xC0, 0x1E, 0x7C, 0x07, 0xC7, 0xE3,
    0xF0, 0xFF, 0xFC, 0x0F, 0xFF, 0x00, 0x7F, 0xC0, 0x00, 0x18, 0x00, 0x03, 0xC0, 0x00, 0x7C, 0x00,
    0x0F, 0x80, 0x00, 0xF0, 0x00, 0x0C, 0x00, 0x00, 0x00, 0x0F, 0x80, 0x1F, 0x78, 0x01, 0xE7, 0xC0,
    0x3E, 0x3C, 0x03, 0xC3, 0xE0, 0x78, 0x1E, 0x07, 0x81, 0xF0, 0xF0, 0x0F, 0x0F, 0x00, 0x79, 0xE0,
    0x07, 0xFE, 0x00, 0x3F, 0xC0, 0x03, 0xF8, 0x00, 0x1F, 0x80, 0x00, 0xF0, 0x00, 0x0F, 0x00, 0x00,
    0xF0, 0x00, 0x0F, 0x00, 0x00, 0xF0, 0x00, 0x0F, 0x00, 0x00, 0xF0, 0x00, 0x0F, 0x00, 0x00, 0xF0,
    0x00, 0x0F, 0x00, 0xF0, 0x00, 0x78, 0x00, 0x3C, 0x00, 0x1F, 0xFE, 0x0F, 0xFF, 0xC7, 0xFF, 0xFB,
    0xC1, 0xFD, 0xE0, 0x1F, 0xF0, 0x07, 0xF8, 0x03, 0xFC, 0x01, 0xFE, 0x00, 0xFF, 0x00, 0x7F, 0x80,
    0x7F, 0xC1, 0xFD, 0xFF, 0xFE, 0xFF, 0xFC, 0x7F, 0xF8, 0x3C, 0x00, 0x1E, 0x00, 0x0F, 0x00, 0x07,
    0x80, 0x03, 0xC0, 0x00, 0x0F, 0xF0, 0x0F, 0xFE, 0x03, 0xFF, 0xC1, 0xF9, 0xF8, 0x78, 0x1E, 0x3C,
    0x07, 0x8F, 0x01, 0xC3, 0xC0, 0xF0, 0xF0, 0x78, 0x3C, 0x3C, 0x0F, 0x1E, 0x03, 0xC7, 0x80, 0xF1,
    0xE0, 0x3C, 0x7E, 0x0F, 0x0F, 0xE3, 0xC1, 0xFC, 0xF0, 0x1F, 0xBC, 0x01, 0xEF, 0x00, 0x3F, 0xC0,
    0x0F, 0xF0, 0x03, 0xFC, 0xF3, 0xEF, 0x3F, 0xFB, 0xCF, 0xFC, 0xF3, 0xFE, 0x00, 0x06, 0x00, 0x38,
    0x00, 0xF0, 0x01, 0xE0, 0x03, 0xC0, 0x07, 0x00, 0x00, 0x00, 0x00, 0x3F, 0xE0, 0xFF, 0xE3, 0xFF,
    0x8E, 0x3F, 0x00, 0x3C, 0x00, 0xF1, 0xFF, 0xCF, 0xFF, 0x7F, 0xFF, 0xF0, 0xFF, 0x03, 0xFC, 0x0F,
    0xF0, 0x3F, 0xF0, 0xF7, 0xFF, 0xCF, 0xFF, 0x1F, 0xFC, 0x00, 0x60, 0x03, 0xC0, 0x1F, 0x00, 0xF0,
    0x07, 0x80, 0x0C, 0x00, 0x00, 0x00, 0x00, 0x3F, 0xE0, 0xFF, 0xE3, 0xFF, 0x8E, 0x3F, 0x00, 0x3C,
    0x00, 0xF1, 0xFF, 0xCF, 0xFF, 0x7F, 0xFF, 0xF0, 0xFF, 0x03, 0xFC, 0x0F, 0xF0, 0x3F, 0xF0, 0xF7,
    0xFF, 0xCF, 0xFF, 0x1F, 0xFC, 0x01, 0x80, 0x0F, 0x00, 0x7E, 0x03, 0xFC, 0x1E, 0x70, 0x30, 0xC0,
    0x00, 0x00, 0x00, 0x3F, 0xE0, 0xFF, 0xE3, 0xFF, 0x8E, 0x3F, 0x00, 0x3C, 0x00, 0xF1, 0xFF, 0xCF,
    0xFF, 0x7F, 0xFF, 0xF0, 0xFF, 0x03, 0xFC, 0x0F, 0xF0, 0x3F, 0xF0, 0xF7, 0xFF, 0xCF, 0xFF, 0x1F,
    0xFC, 0x1F, 0xB8, 0xFF, 0xE3, 0xBF, 0x00, 0x00, 0x00, 0x00, 0x00, 0x00, 0x00, 0x0F, 0xF8, 0x3F,
    0xF8, 0xFF, 0xE3, 0x8F, 0xC0, 0x0F, 0x00, 0x3C, 0x7F, 0xF3, 0xFF, 0xDF, 0xFF, 0xFC, 0x3F, 0xC0,
    0xFF, 0x03, 0xFC, 0x0F, 0xFC, 0x3D, 0xFF, 0xF3, 0xFF, 0xC7, 0xFF, 0x1C, 0x78, 0xF9, 0xE3, 0xE7,
    0x87, 0x1E, 0x00, 0x00, 0x00, 0x00, 0x00, 0x0F, 0xF8, 0x3F, 0xF8, 0xFF, 0xE3, 0x8F, 0xC0, 0x0F,
    0x00, 0x3C, 0x7F, 0xF3, 0xFF, 0xDF, 0xFF, 0xFC, 0x3F, 0xC0, 0xFF, 0x03, 0xFC, 0x0F, 0xFC, 0x3D,
    0xFF, 0xF3, 0xFF, 0xC7, 0xFF, 0x07, 0xC0, 0x3B, 0x80, 0xC6, 0x03, 0x18, 0x0E, 0xE0, 0x1F, 0x00,
    0x00, 0x00, 0x00, 0x3F, 0xE0, 0xFF, 0xE3, 0xFF, 0x8E, 0x3F, 0x00, 0x3C, 0x00, 0xF1, 0xFF, 0xCF,
    0xFF, 0x7F, 0xFF, 0xF0, 0xFF, 0x03, 0xFC, 0x0F, 0xF0, 0x3F, 0xF0, 0xF7, 0xFF, 0xCF, 0xFF, 0x1F,
    0xFC, 0x3F, 0xE1, 0xFC, 0x0F, 0xFC, 0xFF, 0xC3, 0xFF, 0xFF, 0xF8, 0xE3, 0xFE, 0x7E, 0x00, 0x3E,
    0x07, 0x80, 0x0F, 0x80, 0xF1, 0xFF, 0xC0, 0x3C, 0xFF, 0xFF, 0xFF, 0x7F, 0xFF, 0xFF, 0xFF, 0x0F,
    0x00, 0x0F, 0x01, 0xC0, 0x03, 0xC0, 0x78, 0x00, 0xF0, 0x1F, 0x00, 0x3F, 0x1F, 0xF1, 0xC7, 0xFF,
    0xFF, 0xF8, 0xFF, 0xFF, 0xFE, 0x1F, 0xF1, 0xFF, 0x00, 0x07, 0xF8, 0x7F, 0xF3, 0xFF, 0x8F, 0xCE,
    0x7C, 0x01, 0xE0, 0x07, 0x80, 0x3C, 0x00, 0xF0, 0x03, 0xC0, 0x0F, 0x80, 0x1E, 0x00, 0x7C, 0x00,
    0xFC, 0x73, 0xFF, 0xC7, 0xFF, 0x07, 0xFC, 0x07, 0x00, 0x3C, 0x00, 0x78, 0x04, 0xE0, 0x1F, 0x80,
    0x7C, 0x00, 0x06, 0x00, 0x0F, 0x00, 0x07, 0x80, 0x03, 0xC0, 0x01, 0xE0, 0x00, 0xE0, 0x00, 0x00,
    0x00, 0x00, 0x07, 0xF0, 0x1F, 0xFC, 0x3F, 0xFE, 0x3E, 0x7E, 0x78, 0x0F, 0x78, 0x0F, 0x7F, 0xFF,
    0xFF, 0xFF, 0xFF, 0xFF, 0xF0, 0x00, 0xF8, 0x00, 0x78, 0x00, 0x7C, 0x00, 0x3F, 0x1C, 0x3F, 0xFE,
    0x1F, 0xFE, 0x07, 0xFC, 0x00, 0x20, 0x00, 0x70, 0x00, 0xF0, 0x01, 0xE0, 0x03, 0xC0, 0x03, 0x80,
    0x00, 0x00, 0x00, 0x00, 0x07, 0xF0, 0x1F, 0xFC, 0x3F, 0xFE, 0x3E, 0x7E, 0x78, 0x0F, 0x78, 0x0F,
    0x7F, 0xFF, 0xFF, 0xFF, 0xFF, 0xFF, 0xF0, 0x00, 0xF8, 0x00, 0x78, 0x00, 0x7C, 0x00, 0x3F, 0x1C,
    0x3F, 0xFE, 0x1F, 0xFE, 0x07, 0xFC, 0x01, 0x80, 0x03, 0xC0, 0x03, 0xE0, 0x07, 0xF0, 0x0E, 0x38,
    0x0C, 0x18, 0x00, 0x00, 0x00, 0x00, 0x07, 0xF0, 0x1F, 0xFC, 0x3F, 0xFE, 0x3E, 0x7E, 0x78, 0x0F,
    0x78, 0x0F, 0x7F, 0xFF, 0xFF, 0xFF, 0xFF, 0xFF, 0xF0, 0x00, 0xF8, 0x00, 0x78, 0x00, 0x7C, 0x00,
    0x3F, 0x1C, 0x3F, 0xFE, 0x1F, 0xFE, 0x07, 0xFC, 0x0E, 0x38, 0x1E, 0x7C, 0x1E, 0x7C, 0x0E, 0x38,
    0x00, 0x00, 0x00, 0x00, 0x00, 0x00, 0x07, 0xF0, 0x1F, 0xFC, 0x3F, 0xFE, 0x3E, 0x7E, 0x78, 0x0F,
    0x78, 0x0F, 0x7F, 0xFF, 0xFF, 0xFF, 0xFF, 0xFF, 0xF0, 0x00, 0xF8, 0x00, 0x78, 0x00, 0x7C, 0x00,
    0x3F, 0x1C, 0x3F, 0xFE, 0x1F, 0xFE, 0x07, 0xFC, 0x61, 0xE3, 0xE3, 0xE1, 0xC1, 0x80, 0x00, 0x3C,
    0x78, 0xF1, 0xE3, 0xC7, 0x8F, 0x1E, 0x3C, 0x78, 0xF1, 0xE3, 0xC7, 0x8F, 0x1E, 0x3C, 0x0C, 0x1E,
    0x1E, 0x3C, 0x78, 0x70, 0x00, 0x00, 0x78, 0x78, 0x78, 0x78, 0x78, 0x78, 0x78, 0x78, 0x78, 0x78,
    0x78, 0x78, 0x78, 0x78, 0x78, 0x78, 0x78, 0x0C, 0x07, 0x83, 0xF1, 0xFE, 0x73, 0xD8, 0x60, 0x00,
    0x00, 0x1E, 0x07, 0x81, 0xE0, 0x78, 0x1E, 0x07, 0x81, 0xE0, 0x78, 0x1E, 0x07, 0x81, 0xE0, 0x78,
    0x1E, 0x07, 0x81, 0xE0, 0x78, 0x1E, 0x00, 0xF1, 0xDE, 0x7F, 0xCF, 0xF8, 0xE0, 0x00, 0x00, 0x00,
    0x00, 0xF0, 0x1E, 0x03, 0xC0, 0x78, 0x0F, 0x01, 0xE0, 0x3C, 0x07, 0x80, 0xF0, 0x1E, 0x03, 0xC0,
    0x78, 0x0F, 0x01, 0xE0, 0x3C, 0x07, 0x80, 0xF0, 0x00, 0xE0, 0x00, 0x7C, 0x60, 0x1F, 0xFC, 0x01,
    0xFF, 0x01, 0xFE, 0x00, 0x7F, 0x80, 0x1C, 0xE0, 0x00, 0x3C, 0x07, 0xF7, 0x07, 0xFF, 0xC3, 0xFF,
    0xF9, 0xFC, 0xFE, 0x7C, 0x07, 0x9E, 0x01, 0xEF, 0x00, 0x7B, 0xC0, 0x1E, 0xF0, 0x07, 0xBC, 0x01,
    0xE7, 0x80, 0xF1, 0xE0, 0x3C, 0x7C, 0x1F, 0x0F, 0x9F, 0x83, 0xFF, 0xE0, 0x7F, 0xF0, 0x07, 0xF0,
    0x00, 0x1F, 0xB8, 0x7F, 0xF0, 0xEF, 0xC0, 0x00, 0x00, 0x00, 0x00, 0x00, 0x00, 0x00, 0x3F, 0xF0,
    0xFF, 0xF9, 0xFF, 0xFB, 0xE3, 0xF7, 0x81, 0xFF, 0x01, 0xFE, 0x03, 0xFC, 0x07, 0xF8, 0x0F, 0xF0,
    0x1F, 0xE0, 0x3F, 0xC0, 0x7F, 0x80, 0xFF, 0x01, 0xFE, 0x03, 0xFC, 0x07, 0xF8, 0x0F, 0x03, 0x00,
    0x03, 0x80, 0x01, 0xE0, 0x00, 0x78, 0x00, 0x1E, 0x00, 0x07, 0x00, 0x00, 0x00, 0x00, 0x00, 0x07,
    0xF8, 0x0F, 0xFE, 0x0F, 0xFF, 0x87, 0xE7, 0xE7, 0xC0, 0xF3, 0xC0, 0x3D, 0xE0, 0x1F, 0xE0, 0x0F,
    0xF0, 0x07, 0xF8, 0x03, 0xDE, 0x01, 0xEF, 0x00, 0xF7, 0xC0, 0xF1, 0xF9, 0xF8, 0xFF, 0xF8, 0x3F,
    0xF8, 0x07, 0xF8, 0x00, 0x00, 0x30, 0x00, 0x3C, 0x00, 0x3E, 0x00, 0x3E, 0x00, 0x3C, 0x00, 0x0C,
    0x00, 0x00, 0x00, 0x00, 0x00, 0x07, 0xF8, 0x0F, 0xFE, 0x0F, 0xFF, 0x87, 0xE7, 0xE7, 0xC0, 0xF3,
    0xC0, 0x3D, 0xE0, 0x1F, 0xE0, 0x0F, 0xF0, 0x07, 0xF8, 0x03, 0xDE, 0x01, 0xEF, 0x00, 0xF7, 0xC0,
    0xF1, 0xF9, 0xF8, 0xFF, 0xF8, 0x3F, 0xF8, 0x07, 0xF8, 0x00, 0x00, 0xC0, 0x00, 0xF0, 0x00, 0xFC,
    0x00, 0xFF, 0x00, 0xF3, 0x80, 0x30, 0xC0, 0x00, 0x00, 0x00, 0x00, 0x07, 0xF8, 0x0F, 0xFE, 0x0F,
    0xFF, 0x87, 0xE7, 0xE7, 0xC0, 0xF3, 0xC0, 0x3D, 0xE0, 0x1F, 0xE0, 0x0F, 0xF0, 0x07, 0xF8, 0x03,
    0xDE, 0x01, 0xEF, 0x00, 0xF7, 0xC0, 0xF1, 0xF9, 0xF8, 0xFF, 0xF8, 0x3F, 0xF8, 0x07, 0xF8, 0x00,
    0x0F, 0xDC, 0x0F, 0xFE, 0x07, 0x7E, 0x00, 0x00, 0x00, 0x00, 0x00, 0x00, 0x00, 0x00, 0x00, 0x0F,
    0xF0, 0x1F, 0xFC, 0x1F, 0xFF, 0x0F, 0xCF, 0xCF, 0x81, 0xE7, 0x80, 0x7B, 0xC0, 0x3F, 0xC0, 0x1F,
    0xE0, 0x0F, 0xF0, 0x07, 0xBC, 0x03, 0xDE, 0x01, 0xEF, 0x81, 0xE3, 0xF3, 0xF1, 0xFF, 0xF0, 0x7F,
    0xF0, 0x0F, 0xF0, 0x0E, 0x3C, 0x0F, 0x9E, 0x07, 0xCF, 0x01, 0xC7, 0x80, 0x00, 0x00, 0x00, 0x00,
    0x00, 0x00, 0x0F, 0xF0, 0x1F, 0xFC, 0x1F, 0xFF, 0x0F, 0xCF, 0xCF, 0x81, 0xE7, 0x80, 0x7B, 0xC0,
    0x3F, 0xC0, 0x1F, 0xE0, 0x0F, 0xF0, 0x07, 0xBC, 0x03, 0xDE, 0x01, 0xEF, 0x81, 0xE3, 0xF3, 0xF1,
    0xFF, 0xF0, 0x7F, 0xF0, 0x0F, 0xF0, 0x01, 0xC0, 0x03, 0xE0, 0x03, 0xE0, 0x01, 0xC0, 0x00, 0x00,
    0x00, 0x00, 0x00, 0x00, 0xFF, 0xFF, 0xFF, 0xFF, 0xFF, 0xFF, 0x00, 0x00, 0x00, 0x00, 0x00, 0x00,
    0x01, 0xC0, 0x03, 0xE0, 0x03, 0xE0, 0x01, 0xC0, 0x00, 0x03, 0x03, 0xFB, 0xC7, 0xFF, 0xC7, 0xFF,
    0xE3, 0xF3, 0xF3, 0xE0, 0xF9, 0xE0, 0xFE, 0xE0, 0xFF, 0xF0, 0xF7, 0xF8, 0xF3, 0xFC, 0xF1, 0xEF,
    0xF0, 0xF7, 0xF0, 0x7B, 0xF0, 0x78, 0xFC, 0xFC, 0x7F, 0xFC, 0x7F, 0xFC, 0x3B, 0xFC, 0x18, 0x00,
    0x00, 0x0C, 0x00, 0x3C, 0x00, 0x7C, 0x00, 0x3C, 0x00, 0x3C, 0x00, 0x38, 0x00, 0x00, 0x00, 0x00,
    0xF0, 0x1F, 0xE0, 0x3F, 0xC0, 0x7F, 0x80, 0xFF, 0x01, 0xFE, 0x03, 0xFC, 0x07, 0xF8, 0x0F, 0xF0,
    0x1F, 0xE0, 0x3F, 0xC0, 0x7F, 0x80, 0xFF, 0x81, 0xEF, 0xC7, 0xDF, 0xFF, 0x9F, 0xFF, 0x0F, 0xFC,
    0x00, 0x40, 0x01, 0xC0, 0x07, 0x80, 0x1E, 0x00, 0x78, 0x00, 0xE0, 0x00, 0x00, 0x00, 0x00, 0xF0,
    0x1F, 0xE0, 0x3F, 0xC0, 0x7F, 0x80, 0xFF, 0x01, 0xFE, 0x03, 0xFC, 0x07, 0xF8, 0x0F, 0xF0, 0x1F,
    0xE0, 0x3F, 0xC0, 0x7F, 0x80, 0xFF, 0x81, 0xEF, 0xC7, 0xDF, 0xFF, 0x9F, 0xFF, 0x0F, 0xFC, 0x03,
    0x00, 0x0F, 0x00, 0x3F, 0x00, 0xFF, 0x01, 0xCF, 0x03, 0x06, 0x00, 0x00, 0x00, 0x00, 0xF0, 0x1F,
    0xE0, 0x3F, 0xC0, 0x7F, 0x80, 0xFF, 0x01, 0xFE, 0x03, 0xFC, 0x07, 0xF8, 0x0F, 0xF0, 0x1F, 0xE0,
    0x3F, 0xC0, 0x7F, 0x80, 0xFF, 0x81, 0xEF, 0xC7, 0xDF, 0xFF, 0x9F, 0xFF, 0x0F, 0xFC, 0x1C, 0x70,
    0x79, 0xF0, 0xF3, 0xE0, 0xE3, 0x80, 0x00, 0x00, 0x00, 0x00, 0x00, 0x78, 0x0F, 0xF0, 0x1F, 0xE0,
    0x3F, 0xC0, 0x7F, 0x80, 0xFF, 0x01, 0xFE, 0x03, 0xFC, 0x07, 0xF8, 0x0F, 0xF0, 0x1F, 0xE0, 0x3F,
    0xC0, 0x7F, 0xC0, 0xF7, 0xE3, 0xEF, 0xFF, 0xCF, 0xFF, 0x87, 0xFE, 0x00, 0x30, 0x00, 0x78, 0x00,
    0xF8, 0x01, 0xE0, 0x03, 0xC0, 0x01, 0x80, 0x00, 0x00, 0x00, 0x00, 0xF0, 0x0F, 0x78, 0x0F, 0x78,
    0x0E, 0x78, 0x1E, 0x3C, 0x1E, 0x3C, 0x1E, 0x3C, 0x1C, 0x1E, 0x3C, 0x1E, 0x3C, 0x1E, 0x38, 0x0F,
    0x78, 0x0F, 0x78, 0x07, 0xF0, 0x07, 0xF0, 0x03, 0xF0, 0x03, 0xE0, 0x01, 0xE0, 0x01, 0xC0, 0x03,
    0xC0, 0xCF, 0x80, 0xFF, 0x80, 0xFF, 0x00, 0xFC, 0x00, 0xF0, 0x00, 0xF0, 0x00, 0xF0, 0x00, 0xF0,
    0x00, 0xF0, 0x00, 0xF0, 0x00, 0xF0, 0x00, 0xF0, 0x00, 0xFF, 0xE0, 0xFF, 0xF8, 0xFF, 0xFC, 0xFC,
    0xFE, 0xF0, 0x1E, 0xF0, 0x1F, 0xF0, 0x0F, 0xF0, 0x0F, 0xF0, 0x0F, 0xF0, 0x0F, 0xF0, 0x0F, 0xF0,
    0x0F, 0xF0, 0x1E, 0xFC, 0x7E, 0xFF, 0xFC, 0xFF, 0xF8, 0xFF, 0xF0, 0xF0, 0x00, 0xF0, 0x00, 0xF0,
    0x00, 0xF0, 0x00, 0xF0, 0x00, 0xF0, 0x00, 0x0E, 0x38, 0x1F, 0x3C, 0x1F, 0x3C, 0x0E, 0x38, 0x00,
    0x00, 0x00, 0x00, 0x00, 0x00, 0xF0, 0x0F, 0x78, 0x0F, 0x78, 0x0E, 0x78, 0x1E, 0x3C, 0x1E, 0x3C,
    0x1E, 0x3C, 0x1C, 0x1E, 0x3C, 0x1E, 0x3C, 0x1E, 0x38, 0x0F, 0x78, 0x0F, 0x78, 0x07, 0xF0, 0x07,
    0xF0, 0x03, 0xF0, 0x03, 0xE0, 0x01, 0xE0, 0x01, 0xC0, 0x03, 0xC0, 0xCF, 0x80, 0xFF, 0x80, 0xFF,
    0x00, 0xFC, 0x00, 0x03, 0xFF, 0x00, 0x0F, 0xFC, 0x00, 0x00, 0x00, 0x00, 0x00, 0x00, 0x00, 0x00,
    0x00, 0x01, 0xE0, 0x00, 0x0F, 0x80, 0x00, 0x3F, 0x00, 0x00, 0xFC, 0x00, 0x07, 0xF8, 0x00, 0x1F,
    0xE0, 0x00, 0xF3, 0xC0, 0x03, 0xCF, 0x00, 0x1E, 0x3C, 0x00, 0x78, 0x78, 0x01, 0xC1, 0xE0, 0x0F,
    0x03, 0xC0, 0x3C, 0x0F, 0x01, 0xE0, 0x3C, 0x07, 0xFF, 0xF8, 0x1F, 0xFF, 0xE0, 0xFF, 0xFF, 0xC3,
    0xC0, 0x0F, 0x0F, 0x00, 0x3C, 0x78, 0x00, 0xF9, 0xE0, 0x01, 0xEF, 0x00, 0x07, 0xBC, 0x00, 0x0F,
    0x1F, 0xF8, 0x7F, 0xE0, 0x00, 0x00, 0x00, 0x00, 0x00, 0x00, 0x03, 0xFE, 0x0F, 0xFE, 0x3F, 0xF8,
    0xE3, 0xF0, 0x03, 0xC0, 0x0F, 0x1F, 0xFC, 0xFF, 0xF7, 0xFF, 0xFF, 0x0F, 0xF0, 0x3F, 0xC0, 0xFF,
    0x03, 0xFF, 0x0F, 0x7F, 0xFC, 0xFF, 0xF1, 0xFF, 0xC0, 0x03, 0x87, 0x00, 0x0F, 0x38, 0x00, 0x1F,
    0xE0, 0x00, 0x3F, 0x00, 0x00, 0x00, 0x00, 0x00, 0x00, 0x00, 0x07, 0x80, 0x00, 0x3E, 0x00, 0x00,
    0xFC, 0x00, 0x03, 0xF0, 0x00, 0x1F, 0xE0, 0x00, 0x7F, 0x80, 0x03, 0xCF, 0x00, 0x0F, 0x3C, 0x00,
    0x78, 0xF0, 0x01, 0xE1, 0xE0, 0x07, 0x07, 0x80, 0x3C, 0x0F, 0x00, 0xF0, 0x3C, 0x07, 0x80, 0xF0,
    0x1F, 0xFF, 0xE0, 0x7F, 0xFF, 0x83, 0xFF, 0xFF, 0x0F, 0x00, 0x3C, 0x3C, 0x00, 0xF1, 0xE0, 0x03,
    0xE7, 0x80, 0x07, 0xBC, 0x00, 0x1E, 0xF0, 0x00, 0x3C, 0x1C, 0x30, 0x7B, 0xC0, 0xFF, 0x01, 0xF8,
    0x00, 0x00, 0x00, 0x00, 0x00, 0x0F, 0xF8, 0x3F, 0xF8, 0xFF, 0xE3, 0x8F, 0xC0, 0x0F, 0x00, 0x3C,
    0x7F, 0xF3, 0xFF, 0xDF, 0xFF, 0xFC, 0x3F, 0xC0, 0xFF, 0x03, 0xFC, 0x0F, 0xFC, 0x3D, 0xFF, 0xF3,
    0xFF, 0xC7, 0xFF, 0x00, 0x78, 0x00, 0x03, 0xE0, 0x00, 0x0F, 0xC0, 0x00, 0x3F, 0x00, 0x01, 0xFE,
    0x00, 0x07, 0xF8, 0x00, 0x3C, 0xF0, 0x00, 0xF3, 0xC0, 0x07, 0x8F, 0x00, 0x1E, 0x1E, 0x00, 0x78,
    0x78, 0x03, 0xC0, 0xF0, 0x0F, 0x03, 0xC0, 0x78, 0x0F, 0x01, 0xE0, 0x1E, 0x07, 0xFF, 0xF8, 0x3F,
    0xFF, 0xF0, 0xFF, 0xFF, 0xC3, 0xC0, 0x0F, 0x1E, 0x00, 0x3E, 0x78, 0x00, 0x7B, 0xE0, 0x01, 0xEF,
    0x00, 0x03, 0xC0, 0x00, 0x1E, 0x00, 0x00, 0xF0, 0x00, 0x03, 0x80, 0x00, 0x0E, 0x00, 0x00, 0x3F,
    0x00, 0x00, 0xFC, 0x3F, 0xE0, 0xFF, 0xE3, 0xFF, 0x8E, 0x3F, 0x00, 0x3C, 0x00, 0xF1, 0xFF, 0xCF,
    0xFF, 0x7F, 0xFF, 0xF0, 0xFF, 0x03, 0xFC, 0x0F, 0xF0, 0x3F, 0xF0, 0xF7, 0xFF, 0xCF, 0xFF, 0x1F,
    0xFC, 0x01, 0xE0, 0x0F, 0x00, 0x38, 0x00, 0xF0, 0x03, 0xF0, 0x07, 0xC0, 0x00, 0x0C, 0x00, 0x03,
    0xC0, 0x00, 0x78, 0x00, 0x1E, 0x00, 0x07, 0x80, 0x00, 0xE0, 0x00, 0x00, 0x00, 0x0F, 0xFC, 0x07,
    0xFF, 0xE1, 0xFF, 0xFC, 0x7F, 0x9F, 0x1F, 0x80, 0x23, 0xE0, 0x00, 0xF8, 0x00, 0x1E, 0x00, 0x03,
    0xC0, 0x00, 0x78, 0x00, 0x0F, 0x00, 0x01, 0xE0, 0x00, 0x3C, 0x00, 0x07, 0x80, 0x00, 0xF0, 0x00,
    0x1E, 0x00, 0x03, 0xE0, 0x00, 0x3E, 0x00, 0x07, 0xE0, 0x00, 0x7F, 0x8F, 0x07, 0xFF, 0xF0, 0x7F,
    0xFE, 0x03, 0xFF, 0x00, 0x00, 0x20, 0x01, 0xC0, 0x0F, 0x00, 0x78, 0x03, 0xC0, 0x0E, 0x00, 0x00,
    0x00, 0x00, 0x07, 0xF8, 0x7F, 0xF3, 0xFF, 0x8F, 0xCE, 0x7C, 0x01, 0xE0, 0x07, 0x80, 0x3C, 0x00,
    0xF0, 0x03, 0xC0, 0x0F, 0x80, 0x1E, 0x00, 0x7C, 0x00, 0xFC, 0x73, 0xFF, 0xC7, 0xFF, 0x07, 0xFC,
    0x00, 0x30, 0x00, 0x0F, 0x00, 0x03, 0xF0, 0x00, 0xFF, 0x00, 0x3C, 0xF0, 0x03, 0x0C, 0x00, 0x00,
    0x00, 0x0F, 0xFC, 0x07, 0xFF, 0xE1, 0xFF, 0xFC, 0x7F, 0x9F, 0x1F, 0x80, 0x23, 0xE0, 0x00, 0xF8,
    0x00, 0x1E, 0x00, 0x03, 0xC0, 0x00, 0x78, 0x00, 0x0F, 0x00, 0x01, 0xE0, 0x00, 0x3C, 0x00, 0x07,
    0x80, 0x00, 0xF0, 0x00, 0x1E, 0x00, 0x03, 0xE0, 0x00, 0x3E, 0x00, 0x07, 0xE0, 0x00, 0x7F, 0x8F,
    0x07, 0xFF, 0xF0, 0x7F, 0xFE, 0x03, 0xFF, 0x00, 0x01, 0x80, 0x07, 0x00, 0x3E, 0x01, 0xFC, 0x0E,
    0x38, 0x30, 0x60, 0x00, 0x00, 0x00, 0x07, 0xF8, 0x7F, 0xF3, 0xFF, 0x8F, 0xCE, 0x7C, 0x01, 0xE0,
    0x07, 0x80, 0x3C, 0x00, 0xF0, 0x03, 0xC0, 0x0F, 0x80, 0x1E, 0x00, 0x7C, 0x00, 0xFC, 0x73, 0xFF,
    0xC7, 0xFF, 0x07, 0xFC, 0x00, 0x78, 0x00, 0x0F, 0x00, 0x01, 0xE0, 0x00, 0x3C, 0x00, 0x00, 0x00,
    0x00, 0x00, 0x00, 0x7F, 0xE0, 0x3F, 0xFF, 0x0F, 0xFF, 0xE3, 0xFC, 0xF8, 0xFC, 0x01, 0x1F, 0x00,
    0x07, 0xC0, 0x00, 0xF0, 0x00, 0x1E, 0x00, 0x03, 0xC0, 0x00, 0x78, 0x00, 0x0F, 0x00, 0x01, 0xE0,
    0x00, 0x3C, 0x00, 0x07, 0x80, 0x00, 0xF0, 0x00, 0x1F, 0x00, 0x01, 0xF0, 0x00, 0x3F, 0x00, 0x03,
    0xFC, 0x78, 0x3F, 0xFF, 0x83, 0xFF, 0xF0, 0x1F, 0xF8, 0x01, 0xC0, 0x0F, 0x80, 0x3E, 0x00, 0x70,
    0x00, 0x00, 0x00, 0x00, 0x00, 0x01, 0xFE, 0x1F, 0xFC, 0xFF, 0xE3, 0xF3, 0x9F, 0x00, 0x78, 0x01,
    0xE0, 0x0F, 0x00, 0x3C, 0x00, 0xF0, 0x03, 0xE0, 0x07, 0x80, 0x1F, 0x00, 0x3F, 0x1C, 0xFF, 0xF1,
    0xFF, 0xC1, 0xFF, 0x01, 0x86, 0x00, 0x79, 0xE0, 0x07, 0xF8, 0x00, 0x7E, 0x00, 0x07, 0x80, 0x00,
    0x60, 0x00, 0x00, 0x00, 0x0F, 0xFC, 0x07, 0xFF, 0xE1, 0xFF, 0xFC, 0x7F, 0x9F, 0x1F, 0x80, 0x23,
    0xE0, 0x00, 0xF8, 0x00, 0x1E, 0x00, 0x03, 0xC0, 0x00, 0x78, 0x00, 0x0F, 0x00, 0x01, 0xE0, 0x00,
    0x3C, 0x00, 0x07, 0x80, 0x00, 0xF0, 0x00, 0x1E, 0x00, 0x03, 0xE0, 0x00, 0x3E, 0x00, 0x07, 0xE0,
    0x00, 0x7F, 0x8F, 0x07, 0xFF, 0xF0, 0x7F, 0xFE, 0x03, 0xFF, 0x00, 0x0C, 0x18, 0x38, 0xE0, 0x7F,
    0x00, 0xF8, 0x01, 0xC0, 0x06, 0x00, 0x00, 0x00, 0x00, 0x07, 0xF8, 0x7F, 0xF3, 0xFF, 0x8F, 0xCE,
    0x7C, 0x01, 0xE0, 0x07, 0x80, 0x3C, 0x00, 0xF0, 0x03, 0xC0, 0x0F, 0x80, 0x1E, 0x00, 0x7C, 0x00,
    0xFC, 0x73, 0xFF, 0xC7, 0xFF, 0x07, 0xFC, 0x06, 0x18, 0x00, 0xF3, 0xC0, 0x07, 0xF8, 0x00, 0x3F,
    0x00, 0x01, 0xE0, 0x00, 0x0C, 0x00, 0x00, 0x00, 0x07, 0xFF, 0x80, 0xFF, 0xFE, 0x0F, 0xFF, 0xF0,
    0xF0, 0x7F, 0x8F, 0x00, 0xFC, 0xF0, 0x03, 0xEF, 0x00, 0x1E, 0xF0, 0x01, 0xEF, 0x00, 0x1F, 0xF0,
    0x00, 0xFF, 0x00, 0x0F, 0xF0, 0x00, 0xFF, 0x00, 0x0F, 0xF0, 0x00, 0xFF, 0x00, 0x1F, 0xF0, 0x01,
    0xEF, 0x00, 0x1E, 0xF0, 0x03, 0xEF, 0x00, 0xFC, 0xF0, 0x7F, 0x8F, 0xFF, 0xF0, 0xFF, 0xFE, 0x07,
    0xFF, 0x80, 0x00, 0x0F, 0x38, 0x00, 0x3C, 0xE0, 0x00, 0xF3, 0x80, 0x03, 0xCE, 0x00, 0x0F, 0x38,
    0x00, 0x3C, 0xE0, 0x00, 0xF3, 0x80, 0x03, 0xC0, 0x07, 0xFF, 0x00, 0x7F, 0xFC, 0x03, 0xFF, 0xF0,
    0x1F, 0xCF, 0xC0, 0x7C, 0x0F, 0x01, 0xE0, 0x3C, 0x0F, 0x80, 0xF0, 0x3C, 0x03, 0xC0, 0xF0, 0x0F,
    0x03, 0xC0, 0x3C, 0x07, 0x80, 0xF0, 0x1E, 0x03, 0xC0, 0x7C, 0x0F, 0x00, 0xFC, 0x7C, 0x03, 0xFF,
    0xF0, 0x07, 0xFF, 0xC0, 0x07, 0xFF, 0x00, 0x1F, 0xFE, 0x00, 0x3F, 0xFF, 0x00, 0x7F, 0xFF, 0x80,
    0xF0, 0xFF, 0x81, 0xE0, 0x1F, 0x03, 0xC0, 0x1F, 0x07, 0x80, 0x1F, 0x0F, 0x00, 0x3E, 0x1E, 0x00,
    0x3D, 0xFF, 0xC0, 0x7B, 0xFF, 0x80, 0xF7, 0xFF, 0x01, 0xE1, 0xE0, 0x03, 0xC3, 0xC0, 0x07, 0x87,
    0x80, 0x0F, 0x0F, 0x00, 0x3E, 0x1E, 0x00, 0x7C, 0x3C, 0x01, 0xF0, 0x78, 0x07, 0xC0, 0xF0, 0xFF,
    0x81, 0xFF, 0xFE, 0x03, 0xFF, 0xF0, 0x07, 0xFF, 0x80, 0x00, 0x00, 0x0F, 0x00, 0x01, 0xE0, 0x00,
    0x3C, 0x00, 0xFF, 0xF0, 0x1F, 0xFE, 0x00, 0x1E, 0x00, 0x03, 0xC0, 0x00, 0x78, 0x07, 0xFF, 0x03,
    0xFF, 0xE0, 0xFF, 0xFC, 0x3F, 0x9F, 0x87, 0xC0, 0xF0, 0xF0, 0x1E, 0x3C, 0x03, 0xC7, 0x80, 0x78,
    0xF0, 0x0F, 0x1E, 0x01, 0xE1, 0xE0, 0x3C, 0x3C, 0x07, 0x87, 0xC0, 0xF0, 0x7E, 0x3E, 0x0F, 0xFF,
    0xC0, 0xFF, 0xF8, 0x07, 0xFF, 0x00, 0x1F, 0xF8, 0x1F, 0xF8, 0x00, 0x00, 0x00, 0x00, 0x00, 0x00,
    0xFF, 0xFE, 0xFF, 0xFE, 0xFF, 0xFE, 0xF0, 0x00, 0xF0, 0x00, 0xF0, 0x00, 0xF0, 0x00, 0xF0, 0x00,
    0xF0, 0x00, 0xFF, 0xFC, 0xFF, 0xFC, 0xFF, 0xFC, 0xF0, 0x00, 0xF0, 0x00, 0xF0, 0x00, 0xF0, 0x00,
    0xF0, 0x00, 0xF0, 0x00, 0xF0, 0x00, 0xF0, 0x00, 0xFF, 0xFF, 0xFF, 0xFF, 0xFF, 0xFF, 0x1F, 0xF8,
    0x1F, 0xF8, 0x00, 0x00, 0x00, 0x00, 0x00, 0x00, 0x00, 0x00, 0x07, 0xF0, 0x1F, 0xFC, 0x3F, 0xFE,
    0x3E, 0x7E, 0x78, 0x0F, 0x78, 0x0F, 0x7F, 0xFF, 0xFF, 0xFF, 0xFF, 0xFF, 0xF0, 0x00, 0xF8, 0x00,
    0x78, 0x00, 0x7C, 0x00, 0x3F, 0x1C, 0x3F, 0xFE, 0x1F, 0xFE, 0x07, 0xFC, 0x1C, 0x70, 0x1E, 0xF0,
    0x1F, 0xF0, 0x07, 0xC0, 0x00, 0x00, 0x00, 0x00, 0xFF, 0xFE, 0xFF, 0xFE, 0xFF, 0xFE, 0xF0, 0x00,
    0xF0, 0x00, 0xF0, 0x00, 0xF0, 0x00, 0xF0, 0x00, 0xF0, 0x00, 0xFF, 0xFC, 0xFF, 0xFC, 0xFF, 0xFC,
    0xF0, 0x00, 0xF0, 0x00, 0xF0, 0x00, 0xF0, 0x00, 0xF0, 0x00, 0xF0, 0x00, 0xF0, 0x00, 0xF0, 0x00,
    0xFF, 0xFF, 0xFF, 0xFF, 0xFF, 0xFF, 0x0C, 0x38, 0x0F, 0x78, 0x0F, 0xF0, 0x07, 0xE0, 0x00, 0x00,
    0x00, 0x00, 0x00, 0x00, 0x07, 0xF0, 0x1F, 0xFC, 0x3F, 0xFE, 0x3E, 0x7E, 0x78, 0x0F, 0x78, 0x0F,
    0x7F, 0xFF, 0xFF, 0xFF, 0xFF, 0xFF, 0xF0, 0x00, 0xF8, 0x00, 0x78, 0x00, 0x7C, 0x00, 0x3F, 0x1C,
    0x3F, 0xFE, 0x1F, 0xFE, 0x07, 0xFC, 0x03, 0xC0, 0x03, 0xC0, 0x03, 0xC0, 0x03, 0xC0, 0x00, 0x00,
    0x00, 0x00, 0xFF, 0xFE, 0xFF, 0xFE, 0xFF, 0xFE, 0xF0, 0x00, 0xF0, 0x00, 0xF0, 0x00, 0xF0, 0x00,
    0xF0, 0x00, 0xF0, 0x00, 0xFF, 0xFC, 0xFF, 0xFC, 0xFF, 0xFC, 0xF0, 0x00, 0xF0, 0x00, 0xF0, 0x00,
    0xF0, 0x00, 0xF0, 0x00, 0xF0, 0x00, 0xF0, 0x00, 0xF0, 0x00, 0xFF, 0xFF, 0xFF, 0xFF, 0xFF, 0xFF,
    0x01, 0xC0, 0x03, 0xE0, 0x03, 0xE0, 0x01, 0xC0, 0x00, 0x00, 0x00, 0x00, 0x00, 0x00, 0x07, 0xF0,
    0x1F, 0xFC, 0x3F, 0xFE, 0x3E, 0x7E, 0x78, 0x0F, 0x78, 0x0F, 0x7F, 0xFF, 0xFF, 0xFF, 0xFF, 0xFF,
    0xF0, 0x00, 0xF8, 0x00, 0x78, 0x00, 0x7C, 0x00, 0x3F, 0x1C, 0x3F, 0xFE, 0x1F, 0xFE, 0x07, 0xFC,
    0xFF, 0xFE, 0xFF, 0xFE, 0xFF, 0xFE, 0xF0, 0x00, 0xF0, 0x00, 0xF0, 0x00, 0xF0, 0x00, 0xF0, 0x00,
    0xF0, 0x00, 0xFF, 0xFC, 0xFF, 0xFC, 0xFF, 0xFC, 0xF0, 0x00, 0xF0, 0x00, 0xF0, 0x00, 0xF0, 0x00,
    0xF0, 0x00, 0xF0, 0x00, 0xF0, 0x00, 0xF0, 0x00, 0xFF, 0xFF, 0xFF, 0xFF, 0xFF, 0xFF, 0x00, 0x1E,
    0x00, 0x3C, 0x00, 0x38, 0x00, 0x3C, 0x00, 0x3F, 0x00, 0x1F, 0x07, 0xF0, 0x1F, 0xFC, 0x3F, 0xFE,
    0x3E, 0x7E, 0x78, 0x0F, 0x78, 0x0F, 0x7F, 0xFF, 0xFF, 0xFF, 0xFF, 0xFF, 0xF0, 0x00, 0xF8, 0x00,
    0x78, 0x00, 0x7C, 0x00, 0x3F, 0x1C, 0x3F, 0xFE, 0x1F, 0xFE, 0x07, 0xFC, 0x00, 0x78, 0x00, 0x70,
    0x00, 0xF0, 0x00, 0xF0, 0x00, 0xFC, 0x00, 0x7C, 0x18, 0x30, 0x1C, 0x70, 0x0F, 0xE0, 0x07, 0xC0,
    0x03, 0x80, 0x01, 0x00, 0x00, 0x00, 0xFF, 0xFE, 0xFF, 0xFE, 0xFF, 0xFE, 0xF0, 0x00, 0xF0, 0x00,
    0xF0, 0x00, 0xF0, 0x00, 0xF0, 0x00, 0xF0, 0x00, 0xFF, 0xFC, 0xFF, 0xFC, 0xFF, 0xFC, 0xF0, 0x00,
    0xF0, 0x00, 0xF0, 0x00, 0xF0, 0x00, 0xF0, 0x00, 0xF0, 0x00, 0xF0, 0x00, 0xF0, 0x00, 0xFF, 0xFF,
    0xFF, 0xFF, 0xFF, 0xFF, 0x0C, 0x18, 0x0E, 0x38, 0x07, 0xF0, 0x03, 0xE0, 0x03, 0xC0, 0x01, 0x80,
    0x00, 0x00, 0x00, 0x00, 0x00, 0x00, 0x07, 0xF0, 0x1F, 0xFC, 0x3F, 0xFE, 0x3E, 0x7E, 0x78, 0x0F,
    0x78, 0x0F, 0x7F, 0xFF, 0xFF, 0xFF, 0xFF, 0xFF, 0xF0, 0x00, 0xF8, 0x00, 0x78, 0x00, 0x7C, 0x00,
    0x3F, 0x1C, 0x3F, 0xFE, 0x1F, 0xFE, 0x07, 0xFC, 0x00, 0x30, 0x00, 0x0F, 0x00, 0x03, 0xF0, 0x00,
    0xFF, 0x00, 0x1C, 0xF0, 0x03, 0x06, 0x00, 0x00, 0x00, 0x0F, 0xFC, 0x07, 0xFF, 0xE1, 0xFF, 0xFC,
    0x7F, 0x8F, 0x9F, 0x80, 0x23, 0xE0, 0x00, 0xF8, 0x00, 0x1E, 0x00, 0x03, 0xC0, 0x00, 0x78, 0x00,
    0x0F, 0x00, 0x01, 0xE0, 0x00, 0x3C, 0x00, 0xF7, 0x80, 0x1E, 0xF0, 0x03, 0xDE, 0x00, 0x7B, 0xE0,
    0x0F, 0x3E, 0x01, 0xE7, 0xE0, 0x3C, 0x7F, 0x8F, 0x87, 0xFF, 0xF0, 0x7F, 0xFE, 0x03, 0xFF, 0x80,
    0x00, 0xC0, 0x01, 0xE0, 0x03, 0xF0, 0x07, 0xF8, 0x0F, 0x3C, 0x06, 0x18, 0x00, 0x00, 0x00, 0x00,
    0x07, 0xFE, 0x1F, 0xFF, 0x3F, 0xFF, 0x3F, 0x1F, 0x7C, 0x0F, 0x78, 0x0F, 0xF0, 0x0F, 0xF0, 0x0F,
    0xF0, 0x0F, 0xF0, 0x0F, 0x78, 0x0F, 0x78, 0x0F, 0x7E, 0x3F, 0x3F, 0xFF, 0x1F, 0xFF, 0x0F, 0xFF,
    0x00, 0x0F, 0x00, 0x0F, 0x00, 0x1E, 0x38, 0x7E, 0x3F, 0xFE, 0x7F, 0xFC, 0x3F, 0xF0, 0x01, 0x87,
    0x00, 0x3D, 0xE0, 0x07, 0xF8, 0x00, 0x7E, 0x00, 0x00, 0x00, 0x00, 0x00, 0x00, 0x7F, 0xE0, 0x3F,
    0xFF, 0x0F, 0xFF, 0xE3, 0xFC, 0x7C, 0xFC, 0x01, 0x1F, 0x00, 0x07, 0xC0, 0x00, 0xF0, 0x00, 0x1E,
    0x00, 0x03, 0xC0, 0x00, 0x78, 0x00, 0x0F, 0x00, 0x01, 0xE0, 0x07, 0xBC, 0x00, 0xF7, 0x80, 0x1E,
    0xF0, 0x03, 0xDF, 0x00, 0x79, 0xF0, 0x0F, 0x3F, 0x01, 0xE3, 0xFC, 0x7C, 0x3F, 0xFF, 0x83, 0xFF,
    0xF0, 0x1F, 0xFC, 0x0E, 0x1C, 0x0F, 0x3C, 0x07, 0xF8, 0x03, 0xF0, 0x00, 0x00, 0x00, 0x00, 0x00,
    0x00, 0x07, 0xFE, 0x1F, 0xFF, 0x3F, 0xFF, 0x3F, 0x1F, 0x7C, 0x0F, 0x78, 0x0F, 0xF0, 0x0F, 0xF0,
    0x0F, 0xF0, 0x0F, 0xF0, 0x0F, 0x78, 0x0F, 0x78, 0x0F, 0x7E, 0x3F, 0x3F, 0xFF, 0x1F, 0xFF, 0x0F,
    0xFF, 0x00, 0x0F, 0x00, 0x0F, 0x00, 0x1E, 0x38, 0x7E, 0x3F, 0xFE, 0x7F, 0xFC, 0x3F, 0xF0, 0x00,
    0x38, 0x00, 0x0F, 0x80, 0x01, 0xF0, 0x00, 0x1C, 0x00, 0x00, 0x00, 0x00, 0x00, 0x00, 0x7F, 0xE0,
    0x3F, 0xFF, 0x0F, 0xFF, 0xE3, 0xFC, 0x7C, 0xFC, 0x01, 0x1F, 0x00, 0x07, 0xC0, 0x00, 0xF0, 0x00,
    0x1E, 0x00, 0x03, 0xC0, 0x00, 0x78, 0x00, 0x0F, 0x00, 0x01, 0xE0, 0x07, 0xBC, 0x00, 0xF7, 0x80,
    0x1E, 0xF0, 0x03, 0xDF, 0x00, 0x79, 0xF0, 0x0F, 0x3F, 0x01, 0xE3, 0xFC, 0x7C, 0x3F, 0xFF, 0x83,
    0xFF, 0xF0, 0x1F, 0xFC, 0x01, 0xE0, 0x01, 0xE0, 0x01, 0xE0, 0x01, 0xE0, 0x00, 0x00, 0x00, 0x00,
    0x00, 0x00, 0x07, 0xFE, 0x1F, 0xFF, 0x3F, 0xFF, 0x3F, 0x1F, 0x7C, 0x0F, 0x78, 0x0F, 0xF0, 0x0F,
    0xF0, 0x0F, 0xF0, 0x0F, 0xF0, 0x0F, 0x78, 0x0F, 0x78, 0x0F, 0x7E, 0x3F, 0x3F, 0xFF, 0x1F, 0xFF,
    0x0F, 0xFF, 0x00, 0x0F, 0x00, 0x0F, 0x00, 0x1E, 0x38, 0x7E, 0x3F, 0xFE, 0x7F, 0xFC, 0x3F, 0xF0,
    0x01, 0xFF, 0x80, 0xFF, 0xFC, 0x3F, 0xFF, 0x8F, 0xF1, 0xF3, 0xF0, 0x04, 0x7C, 0x00, 0x1F, 0x00,
    0x03, 0xC0, 0x00, 0x78, 0x00, 0x0F, 0x00, 0x01, 0xE0, 0x00, 0x3C, 0x00, 0x07, 0x80, 0x1E, 0xF0,
    0x03, 0xDE, 0x00, 0x7B, 0xC0, 0x0F, 0x7C, 0x01, 0xE7, 0xC0, 0x3C, 0xFC, 0x07, 0x8F, 0xF1, 0xF0,
    0xFF, 0xFE, 0x0F, 0xFF, 0xC0, 0x7F, 0xF0, 0x00, 0x00, 0x00, 0x00, 0x00, 0x07, 0x00, 0x00, 0xE0,
    0x00, 0x3C, 0x00, 0x1F, 0x80, 0x01, 0xE0, 0x00, 0x00, 0x70, 0x00, 0xF0, 0x00, 0xF0, 0x01, 0xE0,
    0x01, 0xE0, 0x01, 0xE0, 0x00, 0x00, 0x00, 0x00, 0x00, 0x00, 0x07, 0xFE, 0x1F, 0xFF, 0x3F, 0xFF,
    0x3F, 0x1F, 0x7C, 0x0F, 0x78, 0x0F, 0xF0, 0x0F, 0xF0, 0x0F, 0xF0, 0x0F, 0xF0, 0x0F, 0x78, 0x0F,
    0x78, 0x0F, 0x7E, 0x3F, 0x3F, 0xFF, 0x1F, 0xFF, 0x0F, 0xFF, 0x00, 0x0F, 0x00, 0x0F, 0x00, 0x1E,
    0x38, 0x7E, 0x3F, 0xFE, 0x7F, 0xFC, 0x3F, 0xF0, 0x00, 0x60, 0x00, 0x1E, 0x00, 0x07, 0xE0, 0x01,
    0xFE, 0x00, 0x79, 0xC0, 0x0C, 0x18, 0x00, 0x00, 0x07, 0x80, 0x0F, 0xF0, 0x01, 0xFE, 0x00, 0x3F,
    0xC0, 0x07, 0xF8, 0x00, 0xFF, 0x00, 0x1F, 0xE0, 0x03, 0xFC, 0x00, 0x7F, 0x80, 0x0F, 0xFF, 0xFF,
    0xFF, 0xFF, 0xFF, 0xFF, 0xFF, 0xF8, 0x00, 0xFF, 0x00, 0x1F, 0xE0, 0x03, 0xFC, 0x00, 0x7F, 0x80,
    0x0F, 0xF0, 0x01, 0xFE, 0x00, 0x3F, 0xC0, 0x07, 0xF8, 0x00, 0xFF, 0x00, 0x1F, 0xE0, 0x03, 0xC0,
    0x0C, 0x00, 0x1E, 0x00, 0x7F, 0x00, 0x7F, 0x80, 0x61, 0x80, 0x00, 0x00, 0x00, 0x00, 0x78, 0x00,
    0x78, 0x00, 0x78, 0x00, 0x78, 0x00, 0x78, 0x00, 0x78, 0x00, 0x78, 0x00, 0x78, 0x00, 0x7F, 0xF0,
    0x7F, 0xFC, 0x7F, 0xFE, 0x7E, 0x7E, 0x78, 0x1F, 0x78, 0x0F, 0x78, 0x0F, 0x78, 0x0F, 0x78, 0x0F,
    0x78, 0x0F, 0x78, 0x0F, 0x78, 0x0F, 0x78, 0x0F, 0x78, 0x0F, 0x78, 0x0F, 0x78, 0x0F, 0x78, 0x0F,
    0x1E, 0x00, 0x78, 0x1E, 0x00, 0x78, 0xFF, 0xFF, 0xFF, 0xFF, 0xFF, 0xFF, 0xFF, 0xFF, 0xFF, 0x1E,
    0x00, 0x78, 0x1E, 0x00, 0x78, 0x1E, 0x00, 0x78, 0x1E, 0x00, 0x78, 0x1F, 0xFF, 0xF8, 0x1F, 0xFF,
    0xF8, 0x1F, 0xFF, 0xF8, 0x1E, 0x00, 0x78, 0x1E, 0x00, 0x78, 0x1E, 0x00, 0x78, 0x1E, 0x00, 0x78,
    0x1E, 0x00, 0x78, 0x1E, 0x00, 0x78, 0x1E, 0x00, 0x78, 0x1E, 0x00, 0x78, 0x1E, 0x00, 0x78, 0x1E,
    0x00, 0x78, 0x1E, 0x00, 0x78, 0x3C, 0x00, 0x1E, 0x00, 0x0F, 0x00, 0x1F, 0xFE, 0x0F, 0xFF, 0x01,
    0xE0, 0x00, 0xF0, 0x00, 0x78, 0x00, 0x3F, 0xF8, 0x1F, 0xFF, 0x0F, 0xFF, 0xC7, 0xE7, 0xE3, 0xC0,
    0xF9, 0xE0, 0x3C, 0xF0, 0x1E, 0x78, 0x0F, 0x3C, 0x07, 0x9E, 0x03, 0xCF, 0x01, 0xE7, 0x80, 0xF3,
    0xC0, 0x79, 0xE0, 0x3C, 0xF0, 0x1E, 0x78, 0x0F, 0x3C, 0x07, 0x80, 0x7E, 0xFF, 0xFF, 0xBF, 0x00,
    0x00, 0x00, 0x00, 0x07, 0x80, 0xF0, 0x1E, 0x03, 0xC0, 0x78, 0x0F, 0x01, 0xE0, 0x3C, 0x07, 0x80,
    0xF0, 0x1E, 0x03, 0xC0, 0x78, 0x0F, 0x01, 0xE0, 0x3C, 0x07, 0x80, 0xF0, 0x1E, 0x03, 0xC0, 0x78,
    0x0F, 0x01, 0xE0, 0x3E, 0x77, 0xFF, 0x77, 0xE0, 0x00, 0x00, 0x00, 0x00, 0x00, 0x00, 0xF0, 0x0F,
    0x00, 0xF0, 0x0F, 0x00, 0xF0, 0x0F, 0x00, 0xF0, 0x0F, 0x00, 0xF0, 0x0F, 0x00, 0xF0, 0x0F, 0x00,
    0xF0, 0x0F, 0x00, 0xF0, 0x0F, 0x00, 0xF0, 0xFF, 0xFF, 0xFC, 0x00, 0x00, 0x00, 0x00, 0x3C, 0x07,
    0x80, 0xF0, 0x1E, 0x03, 0xC0, 0x78, 0x0F, 0x01, 0xE0, 0x3C, 0x07, 0x80, 0xF0, 0x1E, 0x03, 0xC0,
    0x78, 0x0F, 0x01, 0xE0, 0x3C, 0x07, 0x80, 0xF0, 0x1E, 0x03, 0xC0, 0x78, 0x0F, 0x00, 0xFF, 0xFF,
    0xF0, 0x00, 0x00, 0x00, 0x00, 0x01, 0xE0, 0x78, 0x1E, 0x07, 0x81, 0xE0, 0x78, 0x1E, 0x07, 0x81,
    0xE0, 0x78, 0x1E, 0x07, 0x81, 0xE0, 0x78, 0x1E, 0x07, 0x81, 0xE0, 0xE3, 0xFB, 0xFF, 0xC7, 0xC0,
    0x00, 0x00, 0xF0, 0x78, 0x3C, 0x1E, 0x0F, 0x07, 0x83, 0xC1, 0xE0, 0xF0, 0x78, 0x3C, 0x1E, 0x0F,
    0x07, 0x83, 0xC1, 0xE0, 0xF0, 0x78, 0x3C, 0x1E, 0x0F, 0x07, 0x83, 0xC0, 0xE1, 0xDC, 0xF7, 0xF8,
    0xFC, 0x00, 0x00, 0x00, 0x00, 0x78, 0x1E, 0x07, 0x81, 0xE0, 0x78, 0x1E, 0x07, 0x81, 0xE0, 0x78,
    0x1E, 0x07, 0x81, 0xE0, 0x78, 0x1E, 0x07, 0x81, 0xE0, 0x78, 0x3C, 0x78, 0xF1, 0xE3, 0xC7, 0x8F,
    0x1E, 0x3C, 0x78, 0xF1, 0xE3, 0xC7, 0x8F, 0x1E, 0x3C, 0x78, 0xF1, 0xE3, 0xC7, 0x8F, 0x1E, 0x79,
    0xE3, 0xC7, 0xF7, 0xE0, 0x3C, 0x78, 0xF0, 0x00, 0x00, 0x00, 0x1E, 0x3C, 0x78, 0xF1, 0xE3, 0xC7,
    0x8F, 0x1E, 0x3C, 0x78, 0xF1, 0xE3, 0xC7, 0x8F, 0x1E, 0x3C, 0xF3, 0xC7, 0x8F, 0xCF, 0x80, 0x77,
    0xFE, 0xE0, 0x03, 0xDE, 0xF7, 0xBD, 0xEF, 0x7B, 0xDE, 0xF7, 0xBD, 0xEF, 0x7B, 0xDE, 0xF7, 0xBD,
    0xEF, 0x00, 0xFF, 0xFF, 0xFF, 0xFF, 0xFF, 0xFF, 0xFF, 0xFF, 0xF0, 0xF0, 0x00, 0x7F, 0x80, 0x03,
    0xFC, 0x00, 0x1F, 0xE0, 0x00, 0xFF, 0x00, 0x07, 0xF8, 0x00, 0x3F, 0xC0, 0x01, 0xFE, 0x00, 0x0F,
    0xF0, 0x00, 0x7F, 0x80, 0x03, 0xFC, 0x00, 0x1F, 0xE0, 0x00, 0xFF, 0x00, 0x07, 0xF8, 0x00, 0x3F,
    0xC0, 0x01, 0xFE, 0x00, 0x0F, 0xF0, 0x00, 0x7F, 0x80, 0x03, 0xFC, 0x20, 0x3F, 0xE1, 0xE7, 0xEF,
    0x1F, 0xFF, 0x78, 0xFF, 0xF3, 0xC1, 0xFF, 0x00, 0xF0, 0x7F, 0x87, 0xFC, 0x1E, 0x00, 0x00, 0x00,
    0x00, 0x00, 0x00, 0x1E, 0x0F, 0xF0, 0x7F, 0x83, 0xFC, 0x1F, 0xE0, 0xFF, 0x07, 0xF8, 0x3F, 0xC1,
    0xFE, 0x0F, 0xF0, 0x7F, 0x83, 0xFC, 0x1F, 0xE0, 0xFF, 0x07, 0xF8, 0x3F, 0xC1, 0xFE, 0x0F, 0x00,
    0x78, 0x07, 0x80, 0x7C, 0x1F, 0xE0, 0xFE, 0x07, 0xE0, 0x00, 0x18, 0x00, 0x1E, 0x00, 0x1F, 0x80,
    0x1F, 0xE0, 0x0E, 0x78, 0x06, 0x18, 0x00, 0x00, 0x00, 0x78, 0x00, 0x3C, 0x00, 0x1E, 0x00, 0x0F,
    0x00, 0x07, 0x80, 0x03, 0xC0, 0x01, 0xE0, 0x00, 0xF0, 0x00, 0x78, 0x00, 0x3C, 0x00, 0x1E, 0x00,
    0x0F, 0x00, 0x07, 0x80, 0x03, 0xC0, 0x01, 0xE0, 0x00, 0xF0, 0x00, 0x78, 0x00, 0x3C, 0x20, 0x3E,
    0x1E, 0x7E, 0x1F, 0xFF, 0x0F, 0xFF, 0x01, 0xFE, 0x00, 0x03, 0x00, 0x78, 0x0F, 0xC1, 0xFE, 0x1C,
    0xF1, 0x86, 0x00, 0x00, 0x00, 0x07, 0x80, 0x78, 0x07, 0x80, 0x78, 0x07, 0x80, 0x78, 0x07, 0x80,
    0x78, 0x07, 0x80, 0x78, 0x07, 0x80, 0x78, 0x07, 0x80, 0x78, 0x07, 0x80, 0x78, 0x07, 0x80, 0x78,
    0x07, 0x81, 0xF8, 0x7F, 0x07, 0xF0, 0xFC, 0x00, 0xF0, 0x07, 0xDE, 0x01, 0xF3, 0xC0, 0x7C, 0x78,
    0x1F, 0x0F, 0x07, 0xC1, 0xE1, 0xF0, 0x3C, 0x7C, 0x07, 0x9F, 0x00, 0xF7, 0xC0, 0x1F, 0xF0, 0x03,
    0xFC, 0x00, 0x7F, 0xC0, 0x0F, 0xFC, 0x01, 0xE7, 0xC0, 0x3C, 0x7C, 0x07, 0x87, 0xC0, 0xF0, 0x7C,
    0x1E, 0x07, 0xC3, 0xC0, 0x7C, 0x78, 0x07, 0xCF, 0x00, 0x79, 0xE0, 0x0F, 0xBC, 0x00, 0xF8, 0x00,
    0x00, 0x00, 0x00, 0x00, 0x3C, 0x00, 0x07, 0x80, 0x01, 0xF0, 0x00, 0x7C, 0x00, 0x0F, 0x00, 0x00,
    0xF0, 0x01, 0xE0, 0x03, 0xC0, 0x07, 0x80, 0x0F, 0x00, 0x1E, 0x00, 0x3C, 0x00, 0x78, 0x00, 0xF0,
    0x3D, 0xE0, 0xF3, 0xC3, 0xC7, 0x8F, 0x0F, 0x3C, 0x1E, 0xF0, 0x3F, 0xC0, 0x7F, 0x80, 0xFF, 0x01,
    0xFF, 0x03, 0xDF, 0x07, 0x9F, 0x0F, 0x1F, 0x1E, 0x1F, 0x3C, 0x1F, 0x78, 0x1E, 0xF0, 0x3E, 0x00,
    0x00, 0x00, 0x00, 0x3C, 0x00, 0x78, 0x01, 0xF0, 0x07, 0xC0, 0x0F, 0x00, 0xF0, 0x3E, 0xF0, 0x7C,
    0xF0, 0xF8, 0xF1, 0xF0, 0xF3, 0xC0, 0xF7, 0x80, 0xFF, 0x00, 0xFF, 0x00, 0xFF, 0x80, 0xFF, 0xC0,
    0xF7, 0xE0, 0xF3, 0xF0, 0xF1, 0xF0, 0xF0, 0xF8, 0xF0, 0x7C, 0xF0, 0x3E, 0xF0, 0x1E, 0x0C, 0x00,
    0x1C, 0x00, 0x78, 0x01, 0xE0, 0x07, 0x80, 0x0E, 0x00, 0x00, 0x00, 0x78, 0x00, 0xF0, 0x01, 0xE0,
    0x03, 0xC0, 0x07, 0x80, 0x0F, 0x00, 0x1E, 0x00, 0x3C, 0x00, 0x78, 0x00, 0xF0, 0x01, 0xE0, 0x03,
    0xC0, 0x07, 0x80, 0x0F, 0x00, 0x1E, 0x00, 0x3C, 0x00, 0x78, 0x00, 0xF0, 0x01, 0xE0, 0x03, 0xC0,
    0x07, 0xFF, 0xFF, 0xFF, 0xFF, 0xFF, 0xC0, 0x0E, 0x7E, 0x7E, 0x70, 0x00, 0x00, 0x78, 0x78, 0x78,
    0x78, 0x78, 0x78, 0x78, 0x78, 0x78, 0x78, 0x78, 0x78, 0x78, 0x78, 0x78, 0x78, 0x78, 0x78, 0x78,
    0x78, 0x78, 0x7E, 0x3F, 0x3E, 0x1E, 0xF0, 0x01, 0xE0, 0x03, 0xC0, 0x07, 0x80, 0x0F, 0x00, 0x1E,
    0x00, 0x3C, 0x00, 0x78, 0x00, 0xF0, 0x01, 0xE0, 0x03, 0xC0, 0x07, 0x80, 0x0F, 0x00, 0x1E, 0x00,
    0x3C, 0x00, 0x78, 0x00, 0xF0, 0x01, 0xE0, 0x03, 0xC0, 0x07, 0x80, 0x0F, 0xFF, 0xFF, 0xFF, 0xFF,
    0xFF, 0x80, 0x00, 0x00, 0x00, 0x07, 0x80, 0x0F, 0x00, 0x3C, 0x00, 0xF8, 0x01, 0xE0, 0x00, 0x78,
    0x78, 0x78, 0x78, 0x78, 0x78, 0x78, 0x78, 0x78, 0x78, 0x78, 0x78, 0x78, 0x78, 0x78, 0x78, 0x78,
    0x78, 0x78, 0x78, 0x78, 0x7E, 0x3F, 0x3E, 0x1E, 0x00, 0x00, 0x3C, 0x3C, 0x7C, 0xF8, 0xF0, 0xF1,
    0xC1, 0xE3, 0x83, 0xC7, 0x07, 0x8E, 0x0F, 0x1C, 0x1E, 0x38, 0x3C, 0x70, 0x78, 0x00, 0xF0, 0x01,
    0xE0, 0x03, 0xC0, 0x07, 0x80, 0x0F, 0x00, 0x1E, 0x00, 0x3C, 0x00, 0x78, 0x00, 0xF0, 0x01, 0xE0,
    0x03, 0xC0, 0x07, 0x80, 0x0F, 0xFF, 0xFF, 0xFF, 0xFF, 0xFF, 0x80, 0xF3, 0xF9, 0xFC, 0xFE, 0x7F,
    0x3F, 0x9F, 0xCD, 0xE0, 0xF0, 0x78, 0x3C, 0x1E, 0x0F, 0x07, 0x83, 0xC1, 0xE0, 0xF0, 0x78, 0x3C,
    0x1E, 0x0F, 0x07, 0xE1, 0xF8, 0xF8, 0x3C, 0x00, 0xF0, 0x01, 0xE0, 0x03, 0xC0, 0x07, 0x80, 0x0F,
    0x00, 0x1E, 0x00, 0x3C, 0x00, 0x78, 0x00, 0xF0, 0x01, 0xE0, 0xF3, 0xC1, 0xE7, 0x83, 0xCF, 0x07,
    0x9E, 0x00, 0x3C, 0x00, 0x78, 0x00, 0xF0, 0x01, 0xE0, 0x03, 0xC0, 0x07, 0x80, 0x0F, 0xFF, 0xFF,
    0xFF, 0xFF, 0xFF, 0x80, 0xF0, 0x1E, 0x03, 0xC0, 0x78, 0x0F, 0x01, 0xE0, 0x3C, 0x07, 0x80, 0xF0,
    0x1E, 0x03, 0xC0, 0x79, 0xEF, 0x3F, 0xE7, 0xFC, 0xF7, 0x80, 0xF0, 0x1E, 0x03, 0xC0, 0x78, 0x0F,
    0x01, 0xF8, 0x1F, 0x83, 0xE0, 0x3C, 0x00, 0x0F, 0x00, 0x01, 0xE0, 0x00, 0x3C, 0x00, 0x07, 0x80,
    0x00, 0xF0, 0x00, 0x1E, 0x00, 0x03, 0xC0, 0x00, 0x79, 0x80, 0x0F, 0xF8, 0x01, 0xFF, 0x00, 0x3F,
    0x80, 0x1F, 0xC0, 0x07, 0xF0, 0x00, 0xFE, 0x00, 0x0B, 0xC0, 0x00, 0x78, 0x00, 0x0F, 0x00, 0x01,
    0xE0, 0x00, 0x3C, 0x00, 0x07, 0x80, 0x00, 0xFF, 0xFE, 0x1F, 0xFF, 0xC3, 0xFF, 0xF8, 0x1C, 0x07,
    0x01, 0xC0, 0x70, 0x1C, 0x07, 0x01, 0xC0, 0x70, 0x1C, 0x87, 0xE1, 0xFC, 0xFE, 0xFE, 0x3F, 0x07,
    0xC0, 0x70, 0x1C, 0x07, 0x01, 0xC0, 0x70, 0x1E, 0x07, 0xC1, 0xF8, 0x3E, 0x07, 0x80, 0x00, 0x18,
    0x00, 0x03, 0xC0, 0x00, 0x7C, 0x00, 0x07, 0x80, 0x00, 0xF0, 0x00, 0x0C, 0x00, 0x00, 0x00, 0x0F,
    0x00, 0x0F, 0xF8, 0x00, 0xFF, 0xC0, 0x0F, 0xFE, 0x00, 0xFF, 0xF0, 0x0F, 0xFF, 0x00, 0xFF, 0x78,
    0x0F, 0xF3, 0xC0, 0xFF, 0x3E, 0x0F, 0xF1, 0xE0, 0xFF, 0x0F, 0x0F, 0xF0, 0x78, 0xFF, 0x07, 0xCF,
    0xF0, 0x3C, 0xFF, 0x01, 0xEF, 0xF0, 0x1F, 0xFF, 0x00, 0xFF, 0xF0, 0x07, 0xFF, 0x00, 0x7F, 0xF0,
    0x03, 0xFF, 0x00, 0x1F, 0xF0, 0x01, 0xFF, 0x00, 0x0F, 0x00, 0x60, 0x01, 0xE0, 0x07, 0xC0, 0x1E,
    0x00, 0x78, 0x00, 0xE0, 0x00, 0x00, 0x00, 0x00, 0x7F, 0xE1, 0xFF, 0xF3, 0xFF, 0xF7, 0xC7, 0xEF,
    0x03, 0xFE, 0x03, 0xFC, 0x07, 0xF8, 0x0F, 0xF0, 0x1F, 0xE0, 0x3F, 0xC0, 0x7F, 0x80, 0xFF, 0x01,
    0xFE, 0x03, 0xFC, 0x07, 0xF8, 0x0F, 0xF0, 0x1E, 0xF0, 0x00, 0xFF, 0x80, 0x0F, 0xFC, 0x00, 0xFF,
    0xE0, 0x0F, 0xFF, 0x00, 0xFF, 0xF0, 0x0F, 0xF7, 0x80, 0xFF, 0x3C, 0x0F, 0xF3, 0xE0, 0xFF, 0x1E,
    0x0F, 0xF0, 0xF0, 0xFF, 0x07, 0x8F, 0xF0, 0x7C, 0xFF, 0x03, 0xCF, 0xF0, 0x1E, 0xFF, 0x01, 0xFF,
    0xF0, 0x0F, 0xFF, 0x00, 0x7F, 0xF0, 0x07, 0xFF, 0x00, 0x3F, 0xF0, 0x01, 0xFF, 0x00, 0x1F, 0xF0,
    0x00, 0xF0, 0x00, 0x00, 0x00, 0x00, 0x00, 0x0F, 0x00, 0x00, 0xF0, 0x00, 0x1F, 0x00, 0x03, 0xE0,
    0x00, 0x3C, 0x00, 0x7F, 0xE1, 0xFF, 0xF3, 0xFF, 0xF7, 0xC7, 0xEF, 0x03, 0xFE, 0x03, 0xFC, 0x07,
    0xF8, 0x0F, 0xF0, 0x1F, 0xE0, 0x3F, 0xC0, 0x7F, 0x80, 0xFF, 0x01, 0xFE, 0x03, 0xFC, 0x07, 0xF8,
    0x0F, 0xF0, 0x1E, 0x00, 0x00, 0x00, 0x00, 0x1E, 0x00, 0x3C, 0x00, 0xF0, 0x03, 0xE0, 0x07, 0x80,
    0x03, 0x0C, 0x00, 0x79, 0xE0, 0x03, 0xFC, 0x00, 0x1F, 0x80, 0x00, 0xF0, 0x00, 0x06, 0x00, 0x00,
    0x00, 0x0F, 0x00, 0x0F, 0xF8, 0x00, 0xFF, 0xC0, 0x0F, 0xFE, 0x00, 0xFF, 0xF0, 0x0F, 0xFF, 0x00,
    0xFF, 0x78, 0x0F, 0xF3, 0xC0, 0xFF, 0x3E, 0x0F, 0xF1, 0xE0, 0xFF, 0x0F, 0x0F, 0xF0, 0x78, 0xFF,
    0x07, 0xCF, 0xF0, 0x3C, 0xFF, 0x01, 0xEF, 0xF0, 0x1F, 0xFF, 0x00, 0xFF, 0xF0, 0x07, 0xFF, 0x00,
    0x7F, 0xF0, 0x03, 0xFF, 0x00, 0x1F, 0xF0, 0x01, 0xFF, 0x00, 0x0F, 0x18, 0x30, 0x38, 0xE0, 0x3F,
    0x80, 0x3E, 0x00, 0x3C, 0x00, 0x30, 0x00, 0x00, 0x00, 0x00, 0x7F, 0xE1, 0xFF, 0xF3, 0xFF, 0xF7,
    0xC7, 0xEF, 0x03, 0xFE, 0x03, 0xFC, 0x07, 0xF8, 0x0F, 0xF0, 0x1F, 0xE0, 0x3F, 0xC0, 0x7F, 0x80,
    0xFF, 0x01, 0xFE, 0x03, 0xFC, 0x07, 0xF8, 0x0F, 0xF0, 0x1E, 0x78, 0x00, 0x3C, 0x00, 0x1E, 0x00,
    0x0E, 0x00, 0x07, 0x00, 0x07, 0x80, 0x03, 0x80, 0x00, 0x00, 0x00, 0x1F, 0xF8, 0x1F, 0xFF, 0x0F,
    0xFF, 0xC7, 0xC7, 0xE3, 0xC0, 0xF9, 0xE0, 0x3C, 0xF0, 0x1E, 0x78, 0x0F, 0x3C, 0x07, 0x9E, 0x03,
    0xCF, 0x01, 0xE7, 0x80, 0xF3, 0xC0, 0x79, 0xE0, 0x3C, 0xF0, 0x1E, 0x78, 0x0F, 0x3C, 0x07, 0x80,
    0xF0, 0x00, 0xFF, 0x80, 0x0F, 0xFC, 0x00, 0xFF, 0xE0, 0x0F, 0xFF, 0x00, 0xFF, 0xF0, 0x0F, 0xF7,
    0x80, 0xFF, 0x3C, 0x0F, 0xF3, 0xE0, 0xFF, 0x1E, 0x0F, 0xF0, 0xF0, 0xFF, 0x07, 0x8F, 0xF0, 0x7C,
    0xFF, 0x03, 0xCF, 0xF0, 0x1E, 0xFF, 0x01, 0xFF, 0xF0, 0x0F, 0xFF, 0x00, 0x7F, 0xF0, 0x03, 0xFF,
    0x00, 0x3F, 0xF0, 0x01, 0xFF, 0x00, 0x1F, 0xF0, 0x00, 0xF0, 0x00, 0x0F, 0x00, 0x00, 0xF0, 0x00,
    0x1E, 0x00, 0x01, 0xE0, 0x00, 0xFE, 0x00, 0x0F, 0xC0, 0x00, 0xFC, 0x7F, 0xE1, 0xFF, 0xF3, 0xFF,
    0xF7, 0xC7, 0xEF, 0x03, 0xFE, 0x03, 0xFC, 0x07, 0xF8, 0x0F, 0xF0, 0x1F, 0xE0, 0x3F, 0xC0, 0x7F,
    0x80, 0xFF, 0x01, 0xFE, 0x03, 0xFC, 0x07, 0xF8, 0x0F, 0xF0, 0x1E, 0x00, 0x3C, 0x00, 0x78, 0x01,
    0xF0, 0x1F, 0xC0, 0x3F, 0x80, 0x7E, 0x00, 0x01, 0xFF, 0x80, 0x03, 0xFF, 0x00, 0x00, 0x00, 0x00,
    0x00, 0x00, 0x00, 0x00, 0x00, 0x00, 0x3F, 0xE0, 0x01, 0xFF, 0xF0, 0x07, 0xFF, 0xF8, 0x1F, 0xE7,
    0xF0, 0x7E, 0x01, 0xF0, 0xF8, 0x01, 0xF3, 0xE0, 0x01, 0xE7, 0x80, 0x03, 0xEF, 0x00, 0x03, 0xDE,
    0x00, 0x07, 0xBC, 0x00, 0x0F, 0x78, 0x00, 0x1E, 0xF0, 0x00, 0x3D, 0xE0, 0x00, 0x7B, 0xC0, 0x00,
    0xF7, 0x80, 0x03, 0xEF, 0x80, 0x07, 0x8F, 0x80, 0x1F, 0x1F, 0x80, 0x7C, 0x1F, 0xC7, 0xF0, 0x1F,
    0xFF, 0xE0, 0x1F, 0xFF, 0x00, 0x0F, 0xF8, 0x00, 0x0F, 0xFC, 0x07, 0xFE, 0x00, 0x00, 0x00, 0x00,
    0x00, 0x00, 0x00, 0x00, 0x00, 0x1F, 0xE0, 0x3F, 0xF8, 0x3F, 0xFE, 0x1F, 0x9F, 0x9F, 0x03, 0xCF,
    0x00, 0xF7, 0x80, 0x7F, 0x80, 0x3F, 0xC0, 0x1F, 0xE0, 0x0F, 0x78, 0x07, 0xBC, 0x03, 0xDF, 0x03,
    0xC7, 0xE7, 0xE3, 0xFF, 0xE0, 0xFF, 0xE0, 0x1F, 0xE0, 0x01, 0xC3, 0x80, 0x03, 0xCE, 0x00, 0x03,
    0xFC, 0x00, 0x03, 0xF0, 0x00, 0x00, 0x00, 0x00, 0x00, 0x00, 0x00, 0x7F, 0xC0, 0x03, 0xFF, 0xE0,
    0x0F, 0xFF, 0xF0, 0x3F, 0xCF, 0xE0, 0xFC, 0x03, 0xE1, 0xF0, 0x03, 0xE7, 0xC0, 0x03, 0xCF, 0x00,
    0x07, 0xDE, 0x00, 0x07, 0xBC, 0x00, 0x0F, 0x78, 0x00, 0x1E, 0xF0, 0x00, 0x3D, 0xE0, 0x00, 0x7B,
    0xC0, 0x00, 0xF7, 0x80, 0x01, 0xEF, 0x00, 0x07, 0xDF, 0x00, 0x0F, 0x1F, 0x00, 0x3E, 0x3F, 0x00,
    0xF8, 0x3F, 0x8F, 0xE0, 0x3F, 0xFF, 0xC0, 0x3F, 0xFE, 0x00, 0x1F, 0xF0, 0x00, 0x0E, 0x18, 0x07,
    0xBC, 0x01, 0xFE, 0x00, 0x7E, 0x00, 0x00, 0x00, 0x00, 0x00, 0x00, 0x00, 0x0F, 0xF0, 0x1F, 0xFC,
    0x1F, 0xFF, 0x0F, 0xCF, 0xCF, 0x81, 0xE7, 0x80, 0x7B, 0xC0, 0x3F, 0xC0, 0x1F, 0xE0, 0x0F, 0xF0,
    0x07, 0xBC, 0x03, 0xDE, 0x01, 0xEF, 0x81, 0xE3, 0xF3, 0xF1, 0xFF, 0xF0, 0x7F, 0xF0, 0x0F, 0xF0,
    0x00, 0x10, 0xC0, 0x00, 0x73, 0xC0, 0x01, 0xE7, 0x80, 0x07, 0x9E, 0x00, 0x0E, 0x78, 0x00, 0x18,
    0xE0, 0x00, 0x00, 0x00, 0x00, 0xFF, 0x80, 0x07, 0xFF, 0xC0, 0x1F, 0xFF, 0xE0, 0x7F, 0x9F, 0xC1,
    0xF8, 0x07, 0xC3, 0xE0, 0x07, 0xCF, 0x80, 0x07, 0x9E, 0x00, 0x0F, 0xBC, 0x00, 0x0F, 0x78, 0x00,
    0x1E, 0xF0, 0x00, 0x3D, 0xE0, 0x00, 0x7B, 0xC0, 0x00, 0xF7, 0x80, 0x01, 0xEF, 0x00, 0x03, 0xDE,
    0x00, 0x0F, 0xBE, 0x00, 0x1E, 0x3E, 0x00, 0x7C, 0x7E, 0x01, 0xF0, 0x7F, 0x1F, 0xC0, 0x7F, 0xFF,
    0x80, 0x7F, 0xFC, 0x00, 0x3F, 0xE0, 0x00, 0x00, 0x86, 0x00, 0xE7, 0x80, 0xF7, 0xC0, 0xF3, 0xC0,
    0x73, 0xC0, 0x31, 0xC0, 0x00, 0x00, 0x00, 0x00, 0x07, 0xF8, 0x0F, 0xFE, 0x0F, 0xFF, 0x87, 0xE7,
    0xE7, 0xC0, 0xF3, 0xC0, 0x3D, 0xE0, 0x1F, 0xE0, 0x0F, 0xF0, 0x07, 0xF8, 0x03, 0xDE, 0x01, 0xEF,
    0x00, 0xF7, 0xC0, 0xF1, 0xF9, 0xF8, 0xFF, 0xF8, 0x3F, 0xF8, 0x07, 0xF8, 0x00, 0x00, 0xFF, 0xFF,
    0xFC, 0x07, 0xFF, 0xFF, 0xF8, 0x3F, 0xFF, 0xFF, 0xF0, 0xFF, 0x87, 0x80, 0x01, 0xF0, 0x0F, 0x00,
    0x07, 0xC0, 0x1E, 0x00, 0x1F, 0x00, 0x3C, 0x00, 0x3E, 0x00, 0x78, 0x00, 0x78, 0x00, 0xF0, 0x00,
    0xF0, 0x01, 0xFF, 0xF1, 0xE0, 0x03, 0xFF, 0xE3, 0xC0, 0x07, 0xFF, 0xC7, 0x80, 0x0F, 0x00, 0x0F,
    0x00, 0x1E, 0x00, 0x1E, 0x00, 0x3C, 0x00, 0x3E, 0x00, 0x78, 0x00, 0x7C, 0x00, 0xF0, 0x00, 0x7C,
    0x01, 0xE0, 0x00, 0x7C, 0x03, 0xC0, 0x00, 0xFF, 0x87, 0x80, 0x00, 0xFF, 0xFF, 0xFF, 0xE0, 0x7F,
    0xFF, 0xFF, 0xC0, 0x3F, 0xFF, 0xFF, 0x80, 0x07, 0xF0, 0x3F, 0x80, 0xFF, 0xE7, 0xFF, 0x0F, 0xFF,
    0xBF, 0xF8, 0x7E, 0x7F, 0xE3, 0xE7, 0xC0, 0xFC, 0x0F, 0x3C, 0x03, 0xE0, 0x3D, 0xE0, 0x1E, 0x01,
    0xFE, 0x00, 0xFF, 0xFF, 0xF0, 0x07, 0xFF, 0xFF, 0x80, 0x3C, 0x00, 0x1E, 0x01, 0xE0, 0x00, 0xF0,
    0x0F, 0x80, 0x07, 0xC0, 0xFE, 0x00, 0x1F, 0x9F, 0xFC, 0x70, 0xFF, 0xFF, 0xFF, 0x83, 0xFF, 0x9F,
    0xFE, 0x07, 0xF0, 0x3F, 0xE0, 0x00, 0x60, 0x00, 0x1E, 0x00, 0x07, 0xC0, 0x01, 0xE0, 0x00, 0x78,
    0x00, 0x06, 0x00, 0x00, 0x00, 0x03, 0xFF, 0x80, 0xFF, 0xFC, 0x1F, 0xFF, 0xE3, 0xC1, 0xFC, 0x78,
    0x07, 0xCF, 0x00, 0x79, 0xE0, 0x0F, 0x3C, 0x01, 0xE7, 0x80, 0x3C, 0xF0, 0x0F, 0x9E, 0x0F, 0xE3,
    0xFF, 0xFC, 0x7F, 0xFF, 0x0F, 0xFF, 0x81, 0xE0, 0xF0, 0x3C, 0x1F, 0x07, 0x81, 0xF0, 0xF0, 0x1E,
    0x1E, 0x01, 0xE3, 0xC0, 0x3E, 0x78, 0x03, 0xCF, 0x00, 0x7D, 0xE0, 0x07, 0x80, 0x01, 0x80, 0x78,
    0x1F, 0x07, 0x81, 0xE0, 0x38, 0x00, 0x00, 0x00, 0x7F, 0xFF, 0xFF, 0xFF, 0x7C, 0x6F, 0x01, 0xE0,
    0x3C, 0x07, 0x80, 0xF0, 0x1E, 0x03, 0xC0, 0x78, 0x0F, 0x01, 0xE0, 0x3C, 0x07, 0x80, 0xF0, 0x00,
    0x7F, 0xF0, 0x1F, 0xFF, 0x83, 0xFF, 0xFC, 0x78, 0x3F, 0x8F, 0x00, 0xF9, 0xE0, 0x0F, 0x3C, 0x01,
    0xE7, 0x80, 0x3C, 0xF0, 0x07, 0x9E, 0x01, 0xF3, 0xC1, 0xFC, 0x7F, 0xFF, 0x8F, 0xFF, 0xE1, 0xFF,
    0xF0, 0x3C, 0x1E, 0x07, 0x83, 0xE0, 0xF0, 0x3E, 0x1E, 0x03, 0xC3, 0xC0, 0x3C, 0x78, 0x07, 0xCF,
    0x00, 0x79, 0xE0, 0x0F, 0xBC, 0x00, 0xF0, 0x00, 0x00, 0x00, 0x00, 0x00, 0x3C, 0x00, 0x07, 0x80,
    0x01, 0xF0, 0x00, 0x7C, 0x00, 0x0F, 0x00, 0x00, 0x1F, 0xF9, 0xFF, 0xCF, 0xFC, 0x7C, 0x63, 0xC0,
    0x1E, 0x00, 0xF0, 0x07, 0x80, 0x3C, 0x01, 0xE0, 0x0F, 0x00, 0x78, 0x03, 0xC0, 0x1E, 0x00, 0xF0,
    0x07, 0x80, 0x3C, 0x00, 0x00, 0x00, 0x00, 0x78, 0x03, 0xC0, 0x3E, 0x03, 0xE0, 0x1F, 0x00, 0x0C,
    0x30, 0x03, 0xCE, 0x00, 0x3F, 0xC0, 0x03, 0xF0, 0x00, 0x3C, 0x00, 0x03, 0x00, 0x00, 0x00, 0x03,
    0xFF, 0x80, 0xFF, 0xFC, 0x1F, 0xFF, 0xE3, 0xC1, 0xFC, 0x78, 0x07, 0xCF, 0x00, 0x79, 0xE0, 0x0F,
    0x3C, 0x01, 0xE7, 0x80, 0x3C, 0xF0, 0x0F, 0x9E, 0x0F, 0xE3, 0xFF, 0xFC, 0x7F, 0xFF, 0x0F, 0xFF,
    0x81, 0xE0, 0xF0, 0x3C, 0x1F, 0x07, 0x81, 0xF0, 0xF0, 0x1E, 0x1E, 0x01, 0xE3, 0xC0, 0x3E, 0x78,
    0x03, 0xCF, 0x00, 0x7D, 0xE0, 0x07, 0x80, 0x60, 0xCE, 0x38, 0xFE, 0x0F, 0x80, 0xF0, 0x0C, 0x00,
    0x00, 0x00, 0x7F, 0xFF, 0xFF, 0xFF, 0x7C, 0x6F, 0x01, 0xE0, 0x3C, 0x07, 0x80, 0xF0, 0x1E, 0x03,
    0xC0, 0x78, 0x0F, 0x01, 0xE0, 0x3C, 0x07, 0x80, 0xF0, 0x00, 0x00, 0x60, 0x00, 0xF0, 0x00, 0xF0,
    0x01, 0xE0, 0x03, 0xC0, 0x03, 0x80, 0x00, 0x00, 0x0F, 0xF8, 0x3F, 0xFE, 0x7F, 0xFE, 0x7E, 0x3C,
    0xF8, 0x00, 0xF0, 0x00, 0xF0, 0x00, 0xF8, 0x00, 0x7C, 0x00, 0x7F, 0x00, 0x3F, 0xC0, 0x0F, 0xF0,
    0x03, 0xFC, 0x00, 0xFE, 0x00, 0x3E, 0x00, 0x1F, 0x00, 0x0F, 0x00, 0x0F, 0x40, 0x1F, 0xF8, 0x7E,
    0xFF, 0xFE, 0xFF, 0xFC, 0x3F, 0xF0, 0x00, 0xC0, 0x0E, 0x00, 0xF0, 0x0F, 0x00, 0xF0, 0x07, 0x00,
    0x00, 0x00, 0x00, 0x1F, 0xF1, 0xFF, 0x9F, 0xFD, 0xF8, 0xCF, 0x00, 0x78, 0x03, 0xF0, 0x0F, 0xF0,
    0x3F, 0xE0, 0x7F, 0x80, 0x7E, 0x00, 0xF0, 0x07, 0xF8, 0xFF, 0xFF, 0xDF, 0xFE, 0x7F, 0xC0, 0x01,
    0x80, 0x03, 0xC0, 0x07, 0xE0, 0x0F, 0xF0, 0x1E, 0x78, 0x0C, 0x30, 0x00, 0x00, 0x0F, 0xF8, 0x3F,
    0xFE, 0x7F, 0xFE, 0x7E, 0x3C, 0xF8, 0x00, 0xF0, 0x00, 0xF0, 0x00, 0xF8, 0x00, 0x7C, 0x00, 0x7F,
    0x00, 0x3F, 0xC0, 0x0F, 0xF0, 0x03, 0xFC, 0x00, 0xFE, 0x00, 0x3E, 0x00, 0x1F, 0x00, 0x0F, 0x00,
    0x0F, 0x40, 0x1F, 0xF8, 0x7E, 0xFF, 0xFE, 0xFF, 0xFC, 0x3F, 0xF0, 0x02, 0x00, 0x38, 0x03, 0xE0,
    0x3F, 0x83, 0x8E, 0x18, 0x30, 0x00, 0x00, 0x00, 0x1F, 0xF1, 0xFF, 0x9F, 0xFD, 0xF8, 0xCF, 0x00,
    0x78, 0x03, 0xF0, 0x0F, 0xF0, 0x3F, 0xE0, 0x7F, 0x80, 0x7E, 0x00, 0xF0, 0x07, 0xF8, 0xFF, 0xFF,
    0xDF, 0xFE, 0x7F, 0xC0, 0x0F, 0xF8, 0x3F, 0xFE, 0x7F, 0xFE, 0x7E, 0x3C, 0xF8, 0x00, 0xF0, 0x00,
    0xF0, 0x00, 0xF8, 0x00, 0x7C, 0x00, 0x7F, 0x00, 0x3F, 0xC0, 0x0F, 0xF0, 0x03, 0xFC, 0x00, 0xFE,
    0x00, 0x3E, 0x00, 0x1F, 0x00, 0x0F, 0x00, 0x0F, 0x40, 0x1F, 0xF8, 0x7E, 0xFF, 0xFE, 0xFF, 0xFC,
    0x3F, 0xF0, 0x03, 0x80, 0x03, 0xC0, 0x03, 0xC0, 0x09, 0xC0, 0x0F, 0xC0, 0x0F, 0xC0, 0x1F, 0xF1,
    0xFF, 0x9F, 0xFD, 0xF8, 0xCF, 0x00, 0x78, 0x03, 0xF0, 0x0F, 0xF0, 0x3F, 0xE0, 0x7F, 0x80, 0x7E,
    0x00, 0xF0, 0x07, 0xF8, 0xFF, 0xFF, 0xDF, 0xFE, 0x7F, 0xC0, 0x30, 0x03, 0xC0, 0x0F, 0x01, 0x78,
    0x1F, 0xC0, 0xFC, 0x00, 0x0C, 0x30, 0x1E, 0x78, 0x0F, 0xF0, 0x07, 0xE0, 0x03, 0xC0, 0x01, 0x80,
    0x00, 0x00, 0x0F, 0xF8, 0x3F, 0xFE, 0x7F, 0xFE, 0x7E, 0x3C, 0xF8, 0x00, 0xF0, 0x00, 0xF0, 0x00,
    0xF8, 0x00, 0x7C, 0x00, 0x7F, 0x00, 0x3F, 0xC0, 0x0F, 0xF0, 0x03, 0xFC, 0x00, 0xFE, 0x00, 0x3E,
    0x00, 0x1F, 0x00, 0x0F, 0x00, 0x0F, 0x40, 0x1F, 0xF8, 0x7E, 0xFF, 0xFE, 0xFF, 0xFC, 0x3F, 0xF0,
    0x30, 0x41, 0xCF, 0x0F, 0xF0, 0x3F, 0x00, 0xF0, 0x03, 0x00, 0x00, 0x00, 0x00, 0x1F, 0xF1, 0xFF,
    0x9F, 0xFD, 0xF8, 0xCF, 0x00, 0x78, 0x03, 0xF0, 0x0F, 0xF0, 0x3F, 0xE0, 0x7F, 0x80, 0x7E, 0x00,
    0xF0, 0x07, 0xF8, 0xFF, 0xFF, 0xDF, 0xFE, 0x7F, 0xC0, 0xFF, 0xFF, 0xDF, 0xFF, 0xFB, 0xFF, 0xFF,
    0x00, 0xF0, 0x00, 0x1E, 0x00, 0x03, 0xC0, 0x00, 0x78, 0x00, 0x0F, 0x00, 0x01, 0xE0, 0x00, 0x3C,
    0x00, 0x07, 0x80, 0x00, 0xF0, 0x00, 0x1E, 0x00, 0x03, 0xC0, 0x00, 0x78, 0x00, 0x0F, 0x00, 0x01,
    0xE0, 0x00, 0x3C, 0x00, 0x07, 0x80, 0x00, 0xF0, 0x00, 0x1E, 0x00, 0x03, 0xC0, 0x00, 0x78, 0x00,
    0x06, 0x00, 0x01, 0xE0, 0x00, 0x3E, 0x00, 0x0B, 0xC0, 0x03, 0xF8, 0x00, 0x7E, 0x00, 0xF0, 0x1E,
    0x03, 0xC0, 0x78, 0x0F, 0x01, 0xFF, 0xBF, 0xF7, 0xFE, 0xF0, 0x1E, 0x03, 0xC0, 0x78, 0x0F, 0x01,
    0xE0, 0x3C, 0x07, 0x80, 0xF0, 0x1E, 0x03, 0xF3, 0x3F, 0xF7, 0xFE, 0x3F, 0xC3, 0x80, 0x78, 0x0F,
    0x82, 0xF0, 0xFE, 0x1F, 0x80, 0x06, 0x18, 0x00, 0xE7, 0x80, 0x1F, 0xE0, 0x01, 0xF8, 0x00, 0x1E,
    0x00, 0x01, 0x80, 0x00, 0x00, 0x07, 0xFF, 0xFE, 0xFF, 0xFF, 0xDF, 0xFF, 0xF8, 0x07, 0x80, 0x00,
    0xF0, 0x00, 0x1E, 0x00, 0x03, 0xC0, 0x00, 0x78, 0x00, 0x0F, 0x00, 0x01, 0xE0, 0x00, 0x3C, 0x00,
    0x07, 0x80, 0x00, 0xF0, 0x00, 0x1E, 0x00, 0x03, 0xC0, 0x00, 0x78, 0x00, 0x0F, 0x00, 0x01, 0xE0,
    0x00, 0x3C, 0x00, 0x07, 0x80, 0x00, 0xF0, 0x00, 0x1E, 0x00, 0x03, 0xC0, 0x00, 0x07, 0x80, 0xF0,
    0x1E, 0x03, 0xCF, 0x71, 0xEE, 0x3C, 0x07, 0x80, 0xF0, 0x1F, 0xFB, 0xFF, 0x7F, 0xEF, 0x01, 0xE0,
    0x3C, 0x07, 0x80, 0xF0, 0x1E, 0x03, 0xC0, 0x78, 0x0F, 0x01, 0xE0, 0x3F, 0x33, 0xFF, 0x7F, 0xE3,
    0xFC, 0xFF, 0xFF, 0xDF, 0xFF, 0xFB, 0xFF, 0xFF, 0x00, 0xF0, 0x00, 0x1E, 0x00, 0x03, 0xC0, 0x00,
    0x78, 0x00, 0x0F, 0x00, 0x01, 0xE0, 0x00, 0x3C, 0x00, 0x7F, 0xFC, 0x0F, 0xFF, 0x80, 0x1E, 0x00,
    0x03, 0xC0, 0x00, 0x78, 0x00, 0x0F, 0x00, 0x01, 0xE0, 0x00, 0x3C, 0x00, 0x07, 0x80, 0x00, 0xF0,
    0x00, 0x1E, 0x00, 0x03, 0xC0, 0x00, 0x78, 0x00, 0xF0, 0x1E, 0x03, 0xC0, 0x78, 0x0F, 0x01, 0xFF,
    0xBF, 0xF7, 0xFE, 0xF0, 0x1E, 0x03, 0xC0, 0x78, 0x0F, 0xFD, 0xFF, 0xBF, 0xF7, 0x80, 0xF0, 0x1E,
    0x03, 0xF3, 0x3F, 0xF7, 0xFE, 0x3F, 0xC0, 0x07, 0xEE, 0x01, 0xFF, 0xC0, 0x3B, 0xF0, 0x00, 0x00,
    0x00, 0x00, 0x00, 0x00, 0x00, 0x3C, 0x00, 0xF7, 0x80, 0x1E, 0xF0, 0x03, 0xDE, 0x00, 0x7B, 0xC0,
    0x0F, 0x78, 0x01, 0xEF, 0x00, 0x3D, 0xE0, 0x07, 0xBC, 0x00, 0xF7, 0x80, 0x1E, 0xF0, 0x03, 0xDE,
    0x00, 0x7B, 0xC0, 0x0F, 0x78, 0x01, 0xEF, 0x00, 0x3D, 0xE0, 0x07, 0x9E, 0x00, 0xF3, 0xC0, 0x1E,
    0x7C, 0x07, 0xC7, 0xE3, 0xF0, 0xFF, 0xFC, 0x0F, 0xFF, 0x00, 0x7F, 0xC0, 0x1F, 0xB8, 0x7F, 0xF0,
    0xEF, 0xC0, 0x00, 0x00, 0x00, 0x00, 0x00, 0x00, 0x00, 0x78, 0x0F, 0xF0, 0x1F, 0xE0, 0x3F, 0xC0,
    0x7F, 0x80, 0xFF, 0x01, 0xFE, 0x03, 0xFC, 0x07, 0xF8, 0x0F, 0xF0, 0x1F, 0xE0, 0x3F, 0xC0, 0x7F,
    0xC0, 0xF7, 0xE3, 0xEF, 0xFF, 0xCF, 0xFF, 0x87, 0xFE, 0x0F, 0xFC, 0x01, 0xFF, 0x80, 0x00, 0x00,
    0x00, 0x00, 0x00, 0x00, 0x01, 0xE0, 0x07, 0xBC, 0x00, 0xF7, 0x80, 0x1E, 0xF0, 0x03, 0xDE, 0x00,
    0x7B, 0xC0, 0x0F, 0x78, 0x01, 0xEF, 0x00, 0x3D, 0xE0, 0x07, 0xBC, 0x00, 0xF7, 0x80, 0x1E, 0xF0,
    0x03, 0xDE, 0x00, 0x7B, 0xC0, 0x0F, 0x78, 0x01, 0xEF, 0x00, 0x3C, 0xF0, 0x07, 0x9E, 0x00, 0xF3,
    0xE0, 0x3E, 0x3F, 0x1F, 0x87, 0xFF, 0xE0, 0x7F, 0xF8, 0x03, 0xFE, 0x00, 0x3F, 0xF0, 0x7F, 0xE0,
    0x00, 0x00, 0x00, 0x00, 0x00, 0x00, 0x00, 0x3C, 0x07, 0xF8, 0x0F, 0xF0, 0x1F, 0xE0, 0x3F, 0xC0,
    0x7F, 0x80, 0xFF, 0x01, 0xFE, 0x03, 0xFC, 0x07, 0xF8, 0x0F, 0xF0, 0x1F, 0xE0, 0x3F, 0xE0, 0x7B,
    0xF1, 0xF7, 0xFF, 0xE7, 0xFF, 0xC3, 0xFF, 0x00, 0x06, 0x1C, 0x00, 0xF7, 0x80, 0x1F, 0xE0, 0x01,
    0xF8, 0x00, 0x00, 0x00, 0x00, 0x00, 0x3C, 0x00, 0xF7, 0x80, 0x1E, 0xF0, 0x03, 0xDE, 0x00, 0x7B,
    0xC0, 0x0F, 0x78, 0x01, 0xEF, 0x00, 0x3D, 0xE0, 0x07, 0xBC, 0x00, 0xF7, 0x80, 0x1E, 0xF0, 0x03,
    0xDE, 0x00, 0x7B, 0xC0, 0x0F, 0x78, 0x01, 0xEF, 0x00, 0x3D, 0xE0, 0x07, 0x9E, 0x00, 0xF3, 0xC0,
    0x1E, 0x7C, 0x07, 0xC7, 0xE3, 0xF0, 0xFF, 0xFC, 0x0F, 0xFF, 0x00, 0x7F, 0xC0, 0x18, 0x70, 0x3D,
    0xE0, 0x7F, 0x80, 0x7E, 0x00, 0x00, 0x00, 0x00, 0x00, 0x00, 0x78, 0x0F, 0xF0, 0x1F, 0xE0, 0x3F,
    0xC0, 0x7F, 0x80, 0xFF, 0x01, 0xFE, 0x03, 0xFC, 0x07, 0xF8, 0x0F, 0xF0, 0x1F, 0xE0, 0x3F, 0xC0,
    0x7F, 0xC0, 0xF7, 0xE3, 0xEF, 0xFF, 0xCF, 0xFF, 0x87, 0xFE, 0x01, 0xF0, 0x00, 0x77, 0x00, 0x0C,
    0x60, 0x01, 0x8C, 0x00, 0x3B, 0x80, 0x03, 0xE0, 0x00, 0x00, 0x07, 0x80, 0x1E, 0xF0, 0x03, 0xDE,
    0x00, 0x7B, 0xC0, 0x0F, 0x78, 0x01, 0xEF, 0x00, 0x3D, 0xE0, 0x07, 0xBC, 0x00, 0xF7, 0x80, 0x1E,
    0xF0, 0x03, 0xDE, 0x00, 0x7B, 0xC0, 0x0F, 0x78, 0x01, 0xEF, 0x00, 0x3D, 0xE0, 0x07, 0xBC, 0x00,
    0xF3, 0xC0, 0x1E, 0x78, 0x03, 0xCF, 0x80, 0xF8, 0xFC, 0x7E, 0x1F, 0xFF, 0x81, 0xFF, 0xE0, 0x0F,
    0xF8, 0x00, 0x07, 0xC0, 0x1D, 0xC0, 0x31, 0x80, 0x63, 0x00, 0xEE, 0x00, 0xF8, 0x00, 0x00, 0x00,
    0x00, 0xF0, 0x1F, 0xE0, 0x3F, 0xC0, 0x7F, 0x80, 0xFF, 0x01, 0xFE, 0x03, 0xFC, 0x07, 0xF8, 0x0F,
    0xF0, 0x1F, 0xE0, 0x3F, 0xC0, 0x7F, 0x80, 0xFF, 0x81, 0xEF, 0xC7, 0xDF, 0xFF, 0x9F, 0xFF, 0x0F,
    0xFC, 0x00, 0xC2, 0x00, 0x3C, 0xE0, 0x07, 0xBC, 0x01, 0xEF, 0x00, 0x79, 0xC0, 0x0E, 0x30, 0x00,
    0x00, 0x07, 0x80, 0x1E, 0xF0, 0x03, 0xDE, 0x00, 0x7B, 0xC0, 0x0F, 0x78, 0x01, 0xEF, 0x00, 0x3D,
    0xE0, 0x07, 0xBC, 0x00, 0xF7, 0x80, 0x1E, 0xF0, 0x03, 0xDE, 0x00, 0x7B, 0xC0, 0x0F, 0x78, 0x01,
    0xEF, 0x00, 0x3D, 0xE0, 0x07, 0xBC, 0x00, 0xF3, 0xC0, 0x1E, 0x78, 0x03, 0xCF, 0x80, 0xF8, 0xFC,
    0x7E, 0x1F, 0xFF, 0x81, 0xFF, 0xE0, 0x0F, 0xF8, 0x00, 0x03, 0x08, 0x0F, 0x38, 0x1E, 0xF0, 0x7B,
    0xC1, 0xE7, 0x03, 0x8C, 0x00, 0x00, 0x00, 0x00, 0xF0, 0x1F, 0xE0, 0x3F, 0xC0, 0x7F, 0x80, 0xFF,
    0x01, 0xFE, 0x03, 0xFC, 0x07, 0xF8, 0x0F, 0xF0, 0x1F, 0xE0, 0x3F, 0xC0, 0x7F, 0x80, 0xFF, 0x81,
    0xEF, 0xC7, 0xDF, 0xFF, 0x9F, 0xFF, 0x0F, 0xFC, 0xF0, 0x03, 0xDE, 0x00, 0x7B, 0xC0, 0x0F, 0x78,
    0x01, 0xEF, 0x00, 0x3D, 0xE0, 0x07, 0xBC, 0x00, 0xF7, 0x80, 0x1E, 0xF0, 0x03, 0xDE, 0x00, 0x7B,
    0xC0, 0x0F, 0x78, 0x01, 0xEF, 0x00, 0x3D, 0xE0, 0x07, 0xBC, 0x00, 0xF7, 0x80, 0x1E, 0x78, 0x03,
    0xCF, 0x00, 0x79, 0xF0, 0x1F, 0x1F, 0x8F, 0xC3, 0xFF, 0xF8, 0x3F, 0xFE, 0x01, 0xFF, 0x80, 0x03,
    0xC0, 0x00, 0xF0, 0x00, 0x3C, 0x00, 0x07, 0x80, 0x00, 0x7E, 0x00, 0x0F, 0xC0, 0xF0, 0x1F, 0xE0,
    0x3F, 0xC0, 0x7F, 0x80, 0xFF, 0x01, 0xFE, 0x03, 0xFC, 0x07, 0xF8, 0x0F, 0xF0, 0x1F, 0xE0, 0x3F,
    0xC0, 0x7F, 0x80, 0xFF, 0x81, 0xEF, 0xC7, 0xDF, 0xFF, 0x9F, 0xFF, 0x0F, 0xFC, 0x00, 0x70, 0x01,
    0xE0, 0x07, 0x80, 0x0F, 0x00, 0x1F, 0xC0, 0x1F, 0x80, 0x00, 0x03, 0x00, 0x00, 0x00, 0x1E, 0x00,
    0x00, 0x00, 0xFC, 0x00, 0x00, 0x07, 0xF8, 0x00, 0x00, 0x1C, 0xF0, 0x00, 0x00, 0x61, 0x80, 0x00,
    0x00, 0x00, 0x00, 0x1E, 0x00, 0x00, 0x0F, 0x78, 0x00, 0x00, 0x3D, 0xE0, 0x00, 0x00, 0xF7, 0x80,
    0x78, 0x07, 0x9E, 0x01, 0xF0, 0x1E, 0x3C, 0x07, 0xC0, 0x78, 0xF0, 0x1F, 0x01, 0xE3, 0xC0, 0xFE,
    0x07, 0x8F, 0x03, 0xF8, 0x3C, 0x3E, 0x0E, 0xE0, 0xF0, 0x78, 0x7B, 0xC3, 0xC1, 0xE1, 0xCF, 0x0F,
    0x07, 0x8F, 0x1C, 0x3C, 0x1E, 0x3C, 0x79, 0xE0, 0x3C, 0xE1, 0xE7, 0x80, 0xF7, 0x83, 0x9E, 0x03,
    0xDE, 0x0F, 0x70, 0x0F, 0x70, 0x3F, 0xC0, 0x1F, 0xC0, 0x7F, 0x00, 0x7E, 0x01, 0xFC, 0x01, 0xF8,
    0x03, 0xE0, 0x03, 0xE0, 0x0F, 0x80, 0x0F, 0x00, 0x3E, 0x00, 0x00, 0x0C, 0x00, 0x00, 0x07, 0x80,
    0x00, 0x03, 0xF0, 0x00, 0x01, 0xFE, 0x00, 0x00, 0xF3, 0x80, 0x00, 0x18, 0x60, 0x00, 0x00, 0x00,
    0x00, 0x00, 0x00, 0x00, 0xF0, 0x1E, 0x07, 0x9E, 0x07, 0x81, 0xE7, 0x81, 0xE0, 0x79, 0xE0, 0xF8,
    0x1C, 0x78, 0x3F, 0x0F, 0x0F, 0x0F, 0xC3, 0xC3, 0xC3, 0xF0, 0xF0, 0xF1, 0xFC, 0x38, 0x1E, 0x77,
    0x9E, 0x07, 0x9C, 0xE7, 0x81, 0xEF, 0x39, 0xC0, 0x3B, 0x8F, 0xF0, 0x0F, 0xE1, 0xFC, 0x03, 0xF8,
    0x7E, 0x00, 0x7C, 0x1F, 0x80, 0x1F, 0x03, 0xC0, 0x03, 0xC0, 0xF0, 0x00, 0x00, 0x60, 0x00, 0x0F,
    0x00, 0x01, 0xF8, 0x00, 0x3F, 0xC0, 0x07, 0x9E, 0x00, 0x30, 0xC0, 0x00, 0x00, 0x0F, 0x80, 0x1F,
    0x78, 0x01, 0xE7, 0xC0, 0x3E, 0x3C, 0x03, 0xC3, 0xE0, 0x78, 0x1E, 0x07, 0x81, 0xF0, 0xF0, 0x0F,
    0x0F, 0x00, 0x79, 0xE0, 0x07, 0xFE, 0x00, 0x3F, 0xC0, 0x03, 0xF8, 0x00, 0x1F, 0x80, 0x00, 0xF0,
    0x00, 0x0F, 0x00, 0x00, 0xF0, 0x00, 0x0F, 0x00, 0x00, 0xF0, 0x00, 0x0F, 0x00, 0x00, 0xF0, 0x00,
    0x0F, 0x00, 0x00, 0xF0, 0x00, 0x0F, 0x00, 0x00, 0xC0, 0x01, 0xE0, 0x03, 0xF0, 0x07, 0xF8, 0x0F,
    0x38, 0x0C, 0x18, 0x00, 0x00, 0x00, 0x00, 0xF0, 0x0F, 0x78, 0x0F, 0x78, 0x0E, 0x78, 0x1E, 0x3C,
    0x1E, 0x3C, 0x1E, 0x3C, 0x1C, 0x1E, 0x3C, 0x1E, 0x3C, 0x1E, 0x38, 0x0F, 0x78, 0x0F, 0x78, 0x07,
    0xF0, 0x07, 0xF0, 0x03, 0xF0, 0x03, 0xE0, 0x01, 0xE0, 0x01, 0xC0, 0x03, 0xC0, 0xCF, 0x80, 0xFF,
    0x80, 0xFF, 0x00, 0xFC, 0x00, 0x07, 0x1E, 0x00, 0x79, 0xE0, 0x07, 0x9E, 0x00, 0x71, 0xE0, 0x00,
    0x00, 0x00, 0x00, 0x00, 0xF8, 0x01, 0xF7, 0x80, 0x1E, 0x7C, 0x03, 0xE3, 0xC0, 0x3C, 0x3E, 0x07,
    0x81, 0xE0, 0x78, 0x1F, 0x0F, 0x00, 0xF0, 0xF0, 0x07, 0x9E, 0x00, 0x7F, 0xE0, 0x03, 0xFC, 0x00,
    0x3F, 0x80, 0x01, 0xF8, 0x00, 0x0F, 0x00, 0x00, 0xF0, 0x00, 0x0F, 0x00, 0x00, 0xF0, 0x00, 0x0F,
    0x00, 0x00, 0xF0, 0x00, 0x0F, 0x00, 0x00, 0xF0, 0x00, 0x0F, 0x00, 0x00, 0xF0, 0x00, 0x00, 0x30,
    0x00, 0x3C, 0x00, 0x3E, 0x00, 0x3C, 0x00, 0x3C, 0x00, 0x0C, 0x00, 0x00, 0x01, 0xFF, 0xFF, 0xFF,
    0xFF, 0xFF, 0xFF, 0xC0, 0x03, 0xC0, 0x03, 0xC0, 0x03, 0xE0, 0x03, 0xE0, 0x03, 0xE0, 0x01, 0xE0,
    0x01, 0xE0, 0x01, 0xF0, 0x00, 0xF0, 0x00, 0xF0, 0x00, 0xF0, 0x00, 0x78, 0x00, 0x78, 0x00, 0x78,
    0x00, 0x3C, 0x00, 0x3C, 0x00, 0x1E, 0x00, 0x1F, 0xFF, 0xFF, 0xFF, 0xFF, 0xFF, 0xFC, 0x00, 0xC0,
    0x07, 0x80, 0x3E, 0x01, 0xE0, 0x0F, 0x00, 0x18, 0x00, 0x00, 0x00, 0x00, 0xFF, 0xFB, 0xFF, 0xEF,
    0xFF, 0x80, 0x3E, 0x01, 0xF0, 0x07, 0x80, 0x3C, 0x01, 0xE0, 0x0F, 0x80, 0x7C, 0x01, 0xE0, 0x0F,
    0x00, 0x78, 0x01, 0xE0, 0x0F, 0xFF, 0xFF, 0xFF, 0xFF, 0xFC, 0x01, 0xC0, 0x01, 0xF0, 0x00, 0xF8,
    0x00, 0x38, 0x00, 0x00, 0x00, 0x00, 0x03, 0xFF, 0xFF, 0xFF, 0xFF, 0xFF, 0xFF, 0x80, 0x07, 0x80,
    0x07, 0x80, 0x07, 0xC0, 0x07, 0xC0, 0x07, 0xC0, 0x03, 0xC0, 0x03, 0xC0, 0x03, 0xE0, 0x01, 0xE0,
    0x01, 0xE0, 0x01, 0xE0, 0x00, 0xF0, 0x00, 0xF0, 0x00, 0xF0, 0x00, 0x78, 0x00, 0x78, 0x00, 0x3C,
    0x00, 0x3F, 0xFF, 0xFF, 0xFF, 0xFF, 0xFF, 0xF8, 0x07, 0x00, 0x3E, 0x00, 0xF8, 0x01, 0xC0, 0x00,
    0x00, 0x00, 0x00, 0x00, 0x3F, 0xFE, 0xFF, 0xFB, 0xFF, 0xE0, 0x0F, 0x80, 0x7C, 0x01, 0xE0, 0x0F,
    0x00, 0x78, 0x03, 0xE0, 0x1F, 0x00, 0x78, 0x03, 0xC0, 0x1E, 0x00, 0x78, 0x03, 0xFF, 0xFF, 0xFF,
    0xFF, 0xFF, 0x04, 0x18, 0x07, 0x9C, 0x01, 0xFE, 0x00, 0x7E, 0x00, 0x1E, 0x00, 0x06, 0x00, 0x00,
    0x01, 0xFF, 0xFF, 0xFF, 0xFF, 0xFF, 0xFF, 0xC0, 0x03, 0xC0, 0x03, 0xC0, 0x03, 0xE0, 0x03, 0xE0,
    0x03, 0xE0, 0x01, 0xE0, 0x01, 0xE0, 0x01, 0xF0, 0x00, 0xF0, 0x00, 0xF0, 0x00, 0xF0, 0x00, 0x78,
    0x00, 0x78, 0x00, 0x78, 0x00, 0x3C, 0x00, 0x3C, 0x00, 0x1E, 0x00, 0x1F, 0xFF, 0xFF, 0xFF, 0xFF,
    0xFF, 0xFC, 0x30, 0x60, 0xF3, 0x81, 0xFE, 0x03, 0xF0, 0x07, 0x80, 0x0C, 0x00, 0x00, 0x00, 0x00,
    0xFF, 0xFB, 0xFF, 0xEF, 0xFF, 0x80, 0x3E, 0x01, 0xF0, 0x07, 0x80, 0x3C, 0x01, 0xE0, 0x0F, 0x80,
    0x7C, 0x01, 0xE0, 0x0F, 0x00, 0x78, 0x01, 0xE0, 0x0F, 0xFF, 0xFF, 0xFF, 0xFF, 0xFC, 0x1F, 0xE3,
    0xFE, 0x7F, 0xE7, 0xC0, 0x78, 0x0F, 0x00, 0xF0, 0x0F, 0x00, 0xF0, 0x0F, 0x00, 0xF0, 0x0F, 0x00,
    0xF0, 0x0F, 0x00, 0xF0, 0x0F, 0x00, 0xF0, 0x0F, 0x00, 0xF0, 0x0F, 0x00, 0xF0, 0x0F, 0x00, 0xF0,
    0x0F, 0x00, 0xF0, 0x00, 0x00, 0x00, 0x1E, 0x00, 0x00, 0x3C, 0x00, 0x00, 0x78, 0x0F, 0xF8, 0xF0,
    0x7F, 0xFF, 0xC1, 0xFF, 0xFF, 0x87, 0xF9, 0xFE, 0x1F, 0x80, 0x7C, 0x3E, 0x00, 0x7C, 0xF8, 0x00,
    0x79, 0xE0, 0x00, 0xFB, 0xC0, 0x00, 0xF7, 0x80, 0x01, 0xEF, 0x00, 0x03, 0xDE, 0x00, 0x07, 0xBC,
    0x00, 0x0F, 0x78, 0x00, 0x1E, 0xF0, 0x00, 0x3D, 0xE0, 0x00, 0xFB, 0xE0, 0x01, 0xE3, 0xE0, 0x07,
    0xC7, 0xE0, 0x1F, 0x07, 0xF1, 0xFC, 0x07, 0xFF, 0xF8, 0x07, 0xFF, 0xC0, 0x03, 0xFE, 0x00, 0x00,
    0x01, 0xE0, 0x00, 0x3C, 0x00, 0x07, 0x03, 0xF9, 0xE1, 0xFF, 0xFC, 0x7F, 0xFF, 0x0F, 0xCF, 0xC3,
    0xE0, 0x78, 0x78, 0x07, 0x8F, 0x00, 0xF3, 0xC0, 0x1E, 0x78, 0x03, 0xCF, 0x00, 0x78, 0xF0, 0x0F,
    0x1E, 0x01, 0xE3, 0xE0, 0x78, 0x3F, 0x3F, 0x07, 0xFF, 0xC0, 0x7F, 0xF0, 0x03, 0xFC, 0x00, 0x00,
    0x00, 0x1E, 0x00, 0x00, 0x3C, 0x00, 0x00, 0x70, 0x00, 0x01, 0xEF, 0x00, 0x3F, 0xDE, 0x00, 0x7E,
    0x3C, 0x00, 0xF0, 0x78, 0x01, 0xE0, 0xF0, 0x03, 0xC1, 0xE0, 0x07, 0x83, 0xC0, 0x0F, 0x07, 0x80,
    0x1E, 0x0F, 0x00, 0x3C, 0x1E, 0x00, 0x78, 0x3C, 0x00, 0xF0, 0x78, 0x01, 0xE0, 0xF0, 0x03, 0xC1,
    0xE0, 0x07, 0x83, 0xC0, 0x0F, 0x07, 0x80, 0x1E, 0x07, 0x80, 0x3C, 0x0F, 0x00, 0x78, 0x1F, 0x01,
    0xF0, 0x1F, 0x8F, 0xC0, 0x3F, 0xFF, 0x00, 0x3F, 0xFC, 0x00, 0x1F, 0xF0, 0x00, 0x00, 0x01, 0xE0,
    0x00, 0x3C, 0x00, 0x07, 0x80, 0x01, 0xEF, 0x01, 0xFD, 0xE0, 0x3F, 0x3C, 0x07, 0x87, 0x80, 0xF0,
    0xF0, 0x1E, 0x1E, 0x03, 0xC3, 0xC0, 0x78, 0x78, 0x0F, 0x0F, 0x01, 0xE1, 0xE0, 0x3C, 0x3C, 0x07,
    0x87, 0x80, 0xF0, 0xF8, 0x1E, 0x0F, 0xC7, 0xC1, 0xFF, 0xF8, 0x1F, 0xFF, 0x00, 0xFF, 0xC0, 0x00,
    0x00, 0x00, 0x18, 0x60, 0x00, 0x00, 0x00, 0x1C, 0xF0, 0x00, 0x00, 0x00, 0x1F, 0xE0, 0x00, 0x00,
    0x00, 0x0F, 0xC0, 0x00, 0x00, 0x00, 0x07, 0x80, 0x00, 0x00, 0x00, 0x03, 0x00, 0x00, 0x00, 0x00,
    0x00, 0x00, 0x7F, 0xF8, 0x01, 0xFF, 0xFE, 0xFF, 0xFE, 0x01, 0xFF, 0xFE, 0xFF, 0xFF, 0x01, 0xFF,
    0xFE, 0xF0, 0x7F, 0x80, 0x00, 0x3E, 0xF0, 0x0F, 0xC0, 0x00, 0x7C, 0xF0, 0x03, 0xE0, 0x00, 0x78,
    0xF0, 0x01, 0xE0, 0x00, 0xF0, 0xF0, 0x01, 0xE0, 0x01, 0xF0, 0xF0, 0x01, 0xF0, 0x03, 0xE0, 0xF0,
    0x00, 0xF0, 0x03, 0xC0, 0xF0, 0x00, 0xF0, 0x07, 0x80, 0xF0, 0x00, 0xF0, 0x0F, 0x80, 0xF0, 0x00,
    0xF0, 0x0F, 0x00, 0xF0, 0x00, 0xF0, 0x1E, 0x00, 0xF0, 0x01, 0xF0, 0x3C, 0x00, 0xF0, 0x01, 0xE0,
    0x3C, 0x00, 0xF0, 0x01, 0xE0, 0x78, 0x00, 0xF0, 0x03, 0xE0, 0xF0, 0x00, 0xF0, 0x0F, 0xC0, 0xF0,
    0x00, 0xF0, 0x7F, 0x81, 0xE0, 0x00, 0xFF, 0xFF, 0x01, 0xFF, 0xFF, 0xFF, 0xFE, 0x03, 0xFF, 0xFF,
    0x7F, 0xF8, 0x03, 0xFF, 0xFF, 0x00, 0x00, 0x00, 0x61, 0x80, 0x00, 0x00, 0x07, 0x3C, 0x7F, 0xF8,
    0x00, 0x7F, 0x8F, 0xFF, 0xE0, 0x03, 0xF0, 0xFF, 0xFF, 0x00, 0x1E, 0x0F, 0x07, 0xF8, 0x00, 0xC0,
    0xF0, 0x0F, 0xC0, 0x00, 0x0F, 0x00, 0x3E, 0x00, 0x00, 0xF0, 0x01, 0xE1, 0xFF, 0xFF, 0x00, 0x1E,
    0x1F, 0xFF, 0xF0, 0x01, 0xF1, 0xFF, 0xFF, 0x00, 0x0F, 0x00, 0x1F, 0xF0, 0x00, 0xF0, 0x03, 0xEF,
    0x00, 0x0F, 0x00, 0x7C, 0xF0, 0x00, 0xF0, 0x0F, 0x8F, 0x00, 0x0F, 0x00, 0xF0, 0xF0, 0x01, 0xF0,
    0x1E, 0x0F, 0x00, 0x1E, 0x03, 0xC0, 0xF0, 0x01, 0xE0, 0x7C, 0x0F, 0x00, 0x3E, 0x07, 0x80, 0xF0,
    0x0F, 0xC0, 0xF0, 0x0F, 0x07, 0xF8, 0x1E, 0x00, 0xFF, 0xFF, 0x01, 0xFF, 0xFF, 0xFF, 0xE0, 0x3F,
    0xFF, 0x7F, 0xF8, 0x03, 0xFF, 0xF0, 0x00, 0x0F, 0x03, 0x0C, 0x00, 0x07, 0x81, 0xCF, 0x00, 0x03,
    0xC0, 0xFF, 0x00, 0x01, 0xE0, 0x3F, 0x00, 0x00, 0xF0, 0x0F, 0x00, 0x00, 0x78, 0x03, 0x00, 0x00,
    0x3C, 0x00, 0x00, 0x00, 0x1E, 0x00, 0x00, 0x07, 0xFF, 0x0F, 0xFF, 0x8F, 0xFF, 0x87, 0xFF, 0xCF,
    0xFF, 0xC3, 0xFF, 0xEF, 0xE7, 0xE0, 0x01, 0xF7, 0xC0, 0xF0, 0x01, 0xF3, 0xC0, 0x78, 0x01, 0xF3,
    0xE0, 0x3C, 0x01, 0xF1, 0xE0, 0x1E, 0x00, 0xF0, 0xF0, 0x0F, 0x00, 0xF0, 0x78, 0x07, 0x80, 0xF0,
    0x1E, 0x03, 0xC0, 0xF0, 0x0F, 0x01, 0xE0, 0x78, 0x07, 0xC0, 0xF0, 0x78, 0x01, 0xF8, 0xF8, 0x78,
    0x00, 0xFF, 0xFC, 0x3F, 0xFE, 0x3F, 0xFE, 0x3F, 0xFF, 0x07, 0xFF, 0x1F, 0xFF, 0x80, 0xF0, 0x00,
    0x00, 0x3B, 0xC0, 0x00, 0x00, 0xEF, 0x00, 0x00, 0x03, 0xBC, 0x00, 0x00, 0x0E, 0xF0, 0x00, 0x00,
    0x3B, 0xC0, 0x00, 0x00, 0xEF, 0x00, 0x00, 0x03, 0xBC, 0x00, 0x00, 0x0E, 0xF0, 0x00, 0x00, 0x3B,
    0xC0, 0x00, 0x00, 0xEF, 0x00, 0x00, 0x03, 0xBC, 0x00, 0x00, 0x0E, 0xF0, 0x00, 0x00, 0x3B, 0xC0,
    0x00, 0x00, 0xEF, 0x00, 0x00, 0x03, 0xBC, 0x00, 0x00, 0x1E, 0xF0, 0x00, 0x00, 0x7B, 0xC0, 0x00,
    0x01, 0xEF, 0x00, 0x0C, 0x07, 0xBC, 0x00, 0x3C, 0x7E, 0xFF, 0xFF, 0xFF, 0xF3, 0xFF, 0xFF, 0xFF,
    0x8F, 0xFF, 0xE7, 0xFC, 0x00, 0x00, 0x00, 0x7B, 0xC0, 0x01, 0xFF, 0x00, 0x07, 0xBC, 0x00, 0x00,
    0xF0, 0x00, 0x03, 0xC0, 0x00, 0x0F, 0x00, 0x00, 0x3C, 0x00, 0x0E, 0xF0, 0x00, 0x3B, 0xC0, 0x00,
    0xEF, 0x00, 0x03, 0xBC, 0x00, 0x0E, 0xF0, 0x00, 0x3B, 0xC0, 0x00, 0xEF, 0x00, 0x03, 0xBC, 0x00,
    0x0E, 0xF0, 0x00, 0x3B, 0xC0, 0x00, 0xEF, 0x00, 0x03, 0xBC, 0x00, 0x0E, 0xF0, 0x00, 0x3B, 0xFF,
    0xF8, 0xEF, 0xFF, 0xE3, 0xBF, 0xFF, 0x8E, 0x00, 0x00, 0x78, 0x00, 0x01, 0xE0, 0x00, 0x0F, 0x80,
    0x01, 0xFE, 0x00, 0x07, 0xF0, 0x00, 0x1F, 0x80, 0xF0, 0x03, 0xC1, 0xEF, 0x07, 0xFC, 0x1E, 0xF0,
    0x03, 0xC0, 0x0F, 0x00, 0x3C, 0x00, 0xF0, 0x7B, 0xC1, 0xEF, 0x07, 0xBC, 0x1E, 0xF0, 0x7B, 0xC1,
    0xEF, 0x07, 0xBC, 0x1E, 0xF0, 0x7B, 0xC1, 0xEF, 0x07, 0xBC, 0x1E, 0xF0, 0x7B, 0xF1, 0xE7, 0xE7,
    0x9F, 0x1E, 0x3C, 0x78, 0x01, 0xE0, 0x07, 0x80, 0x3E, 0x07, 0xF0, 0x1F, 0xC0, 0x7E, 0x00, 0xF0,
    0x00, 0xF0, 0x00, 0xFF, 0x80, 0x0F, 0x00, 0x0F, 0xFC, 0x00, 0xF0, 0x00, 0xFF, 0xE0, 0x0F, 0x00,
    0x0F, 0xFF, 0x00, 0xF0, 0x00, 0xFF, 0xF0, 0x0F, 0x00, 0x0F, 0xF7, 0x80, 0xF0, 0x00, 0xFF, 0x3C,
    0x0F, 0x00, 0x0F, 0xF3, 0xE0, 0xF0, 0x00, 0xFF, 0x1E, 0x0F, 0x00, 0x0F, 0xF0, 0xF0, 0xF0, 0x00,
    0xFF, 0x07, 0x8F, 0x00, 0x0F, 0xF0, 0x7C, 0xF0, 0x00, 0xFF, 0x03, 0xCF, 0x00, 0x0F, 0xF0, 0x1E,
    0xF0, 0x00, 0xFF, 0x01, 0xFF, 0x00, 0x0F, 0xF0, 0x0F, 0xF0, 0x00, 0xFF, 0x00, 0x7F, 0x00, 0x0F,
    0xF0, 0x07, 0xF1, 0x01, 0xFF, 0x00, 0x3F, 0x1E, 0x3F, 0xF0, 0x01, 0xF3, 0xFF, 0xEF, 0x00, 0x1F,
    0x3F, 0xFC, 0xF0, 0x00, 0xF0, 0xFF, 0x80, 0x00, 0x00, 0x00, 0xF7, 0x80, 0x07, 0x87, 0xFE, 0x00,
    0x3C, 0x3D, 0xF8, 0x01, 0xE0, 0x0F, 0xE0, 0x0F, 0x00, 0x7F, 0x80, 0x78, 0x03, 0xFC, 0x03, 0xC0,
    0x1E, 0xF0, 0x1E, 0x1E, 0xF3, 0xC0, 0xF0, 0xF7, 0x9F, 0x07, 0x87, 0xBC, 0x78, 0x3C, 0x3D, 0xE1,
    0xE1, 0xE1, 0xEF, 0x07, 0x8F, 0x0F, 0x78, 0x3E, 0x78, 0x7B, 0xC0, 0xF3, 0xC3, 0xDE, 0x03, 0xDE,
    0x1E, 0xF0, 0x1F, 0xF0, 0xF7, 0x80, 0x7F, 0x87, 0xBC, 0x01, 0xFC, 0x3D, 0xE0, 0x0F, 0xE1, 0xEF,
    0x00, 0x3F, 0x0F, 0x78, 0x00, 0xF8, 0x7B, 0xC0, 0x07, 0xC3, 0xDE, 0x00, 0x1E, 0x1E, 0x00, 0x00,
    0x00, 0xF0, 0x00, 0x00, 0x07, 0x80, 0x00, 0x00, 0x7C, 0x00, 0x00, 0x1F, 0xC0, 0x00, 0x00, 0xFE,
    0x00, 0x00, 0x07, 0xE0, 0x00, 0x00, 0x1E, 0x00, 0x00, 0x1F, 0x00, 0x00, 0x1E, 0x00, 0x00, 0x00,
    0x00, 0x00, 0x00, 0x00, 0x00, 0x00, 0x00, 0x00, 0x00, 0x7F, 0xE0, 0x1E, 0xFF, 0xF8, 0x1E, 0xFF,
    0xFC, 0x1E, 0xF8, 0xFC, 0x1E, 0xF0, 0x3E, 0x1E, 0xF0, 0x1E, 0x1E, 0xF0, 0x1E, 0x1E, 0xF0, 0x1E,
    0x1E, 0xF0, 0x1E, 0x1E, 0xF0, 0x1E, 0x1E, 0xF0, 0x1E, 0x1E, 0xF0, 0x1E, 0x1E, 0xF0, 0x1E, 0x1E,
    0xF0, 0x1E, 0x1E, 0xF0, 0x1E, 0x1E, 0xF0, 0x1E, 0x1E, 0xF0, 0x1E, 0x1E, 0x00, 0x00, 0x1E, 0x00,
    0x00, 0x1E, 0x00, 0x00, 0x3E, 0x00, 0x01, 0xFC, 0x00, 0x01, 0xFC, 0x00, 0x01, 0xF0, 0x01, 0x86,
    0x00, 0x0F, 0x3C, 0x00, 0x1F, 0xE0, 0x00, 0x3F, 0x00, 0x00, 0x78, 0x00, 0x00, 0xC0, 0x00, 0x00,
    0x00, 0x00, 0x1E, 0x00, 0x00, 0xF8, 0x00, 0x03, 0xF0, 0x00, 0x0F, 0xC0, 0x00, 0x7F, 0x80, 0x01,
    0xFE, 0x00, 0x0F, 0x3C, 0x00, 0x3C, 0xF0, 0x01, 0xE3, 0xC0, 0x07, 0x87, 0x80, 0x1C, 0x1E, 0x00,
    0xF0, 0x3C, 0x03, 0xC0, 0xF0, 0x1E, 0x03, 0xC0, 0x7F, 0xFF, 0x81, 0xFF, 0xFE, 0x0F, 0xFF, 0xFC,
    0x3C, 0x00, 0xF0, 0xF0, 0x03, 0xC7, 0x80, 0x0F, 0x9E, 0x00, 0x1E, 0xF0, 0x00, 0x7B, 0xC0, 0x00,
    0xF0, 0x18, 0x30, 0x79, 0xC0, 0xFF, 0x01, 0xF8, 0x03, 0xC0, 0x06, 0x00, 0x00, 0x00, 0x00, 0x3F,
    0xE0, 0xFF, 0xE3, 0xFF, 0x8E, 0x3F, 0x00, 0x3C, 0x00, 0xF1, 0xFF, 0xCF, 0xFF, 0x7F, 0xFF, 0xF0,
    0xFF, 0x03, 0xFC, 0x0F, 0xF0, 0x3F, 0xF0, 0xF7, 0xFF, 0xCF, 0xFF, 0x1F, 0xFC, 0xC1, 0xF1, 0xDF,
    0xC7, 0xC1, 0xC0, 0x40, 0x00, 0x78, 0x3C, 0x1E, 0x0F, 0x07, 0x83, 0xC1, 0xE0, 0xF0, 0x78, 0x3C,
    0x1E, 0x0F, 0x07, 0x83, 0xC1, 0xE0, 0xF0, 0x78, 0x3C, 0x1E, 0x0F, 0x07, 0x83, 0xC1, 0xE0, 0x61,
    0x9C, 0xF7, 0xF8, 0xFC, 0x1E, 0x03, 0x00, 0x00, 0x00, 0x1E, 0x07, 0x81, 0xE0, 0x78, 0x1E, 0x07,
    0x81, 0xE0, 0x78, 0x1E, 0x07, 0x81, 0xE0, 0x78, 0x1E, 0x07, 0x81, 0xE0, 0x78, 0x1E, 0x00, 0x00,
    0xC3, 0x00, 0x03, 0xCE, 0x00, 0x03, 0xFC, 0x00, 0x03, 0xF0, 0x00, 0x03, 0xC0, 0x00, 0x03, 0x00,
    0x00, 0x00, 0x00, 0x00, 0xFF, 0x80, 0x07, 0xFF, 0xC0, 0x1F, 0xFF, 0xE0, 0x7F, 0x9F, 0xC1, 0xF8,
    0x07, 0xC3, 0xE0, 0x07, 0xCF, 0x80, 0x07, 0x9E, 0x00, 0x0F, 0xBC, 0x00, 0x0F, 0x78, 0x00, 0x1E,
    0xF0, 0x00, 0x3D, 0xE0, 0x00, 0x7B, 0xC0, 0x00, 0xF7, 0x80, 0x01, 0xEF, 0x00, 0x03, 0xDE, 0x00,
    0x0F, 0xBE, 0x00, 0x1E, 0x3E, 0x00, 0x7C, 0x7E, 0x01, 0xF0, 0x7F, 0x1F, 0xC0, 0x7F, 0xFF, 0x80,
    0x7F, 0xFC, 0x00, 0x3F, 0xE0, 0x00, 0x06, 0x18, 0x07, 0x9C, 0x01, 0xFE, 0x00, 0x7E, 0x00, 0x1E,
    0x00, 0x06, 0x00, 0x00, 0x00, 0x00, 0x00, 0x07, 0xF8, 0x0F, 0xFE, 0x0F, 0xFF, 0x87, 0xE7, 0xE7,
    0xC0, 0xF3, 0xC0, 0x3D, 0xE0, 0x1F, 0xE0, 0x0F, 0xF0, 0x07, 0xF8, 0x03, 0xDE, 0x01, 0xEF, 0x00,
    0xF7, 0xC0, 0xF1, 0xF9, 0xF8, 0xFF, 0xF8, 0x3F, 0xF8, 0x07, 0xF8, 0x00, 0x06, 0x18, 0x00, 0xE7,
    0x80, 0x1F, 0xE0, 0x01, 0xF8, 0x00, 0x1E, 0x00, 0x01, 0x80, 0x00, 0x00, 0x07, 0x80, 0x1E, 0xF0,
    0x03, 0xDE, 0x00, 0x7B, 0xC0, 0x0F, 0x78, 0x01, 0xEF, 0x00, 0x3D, 0xE0, 0x07, 0xBC, 0x00, 0xF7,
    0x80, 0x1E, 0xF0, 0x03, 0xDE, 0x00, 0x7B, 0xC0, 0x0F, 0x78, 0x01, 0xEF, 0x00, 0x3D, 0xE0, 0x07,
    0xBC, 0x00, 0xF3, 0xC0, 0x1E, 0x78, 0x03, 0xCF, 0x80, 0xF8, 0xFC, 0x7E, 0x1F, 0xFF, 0x81, 0xFF,
    0xE0, 0x0F, 0xF8, 0x00, 0x18, 0x30, 0x39, 0xE0, 0x7F, 0x80, 0x7E, 0x00, 0x78, 0x00, 0x60, 0x00,
    0x00, 0x00, 0x00, 0xF0, 0x1F, 0xE0, 0x3F, 0xC0, 0x7F, 0x80, 0xFF, 0x01, 0xFE, 0x03, 0xFC, 0x07,
    0xF8, 0x0F, 0xF0, 0x1F, 0xE0, 0x3F, 0xC0, 0x7F, 0x80, 0xFF, 0x81, 0xEF, 0xC7, 0xDF, 0xFF, 0x9F,
    0xFF, 0x0F, 0xFC, 0x07, 0xFC, 0x00, 0xFF, 0x80, 0x00, 0x00, 0x07, 0x8E, 0x00, 0xF1, 0xE0, 0x1E,
    0x3C, 0x03, 0xC7, 0x00, 0x00, 0x00, 0xF0, 0x03, 0xDE, 0x00, 0x7B, 0xC0, 0x0F, 0x78, 0x01, 0xEF,
    0x00, 0x3D, 0xE0, 0x07, 0xBC, 0x00, 0xF7, 0x80, 0x1E, 0xF0, 0x03, 0xDE, 0x00, 0x7B, 0xC0, 0x0F,
    0x78, 0x01, 0xEF, 0x00, 0x3D, 0xE0, 0x07, 0xBC, 0x00, 0xF7, 0x80, 0x1E, 0x78, 0x03, 0xCF, 0x00,
    0x79, 0xF0, 0x1F, 0x1F, 0x8F, 0xC3, 0xFF, 0xF0, 0x3F, 0xFC, 0x01, 0xFF, 0x00, 0x1F, 0xF0, 0x3F,
    0xE0, 0x00, 0x01, 0xE3, 0x83, 0xC7, 0x87, 0x8F, 0x0F, 0x1C, 0x00, 0x00, 0x00, 0x01, 0xE0, 0x3F,
    0xC0, 0x7F, 0x80, 0xFF, 0x01, 0xFE, 0x03, 0xFC, 0x07, 0xF8, 0x0F, 0xF0, 0x1F, 0xE0, 0x3F, 0xC0,
    0x7F, 0x80, 0xFF, 0x01, 0xFF, 0x03, 0xDF, 0x8F, 0xBF, 0xFF, 0x3F, 0xFE, 0x1F, 0xF8, 0x00, 0x30,
    0x00, 0x0F, 0x00, 0x01, 0xE0, 0x0E, 0x7F, 0x01, 0xEE, 0xF0, 0x3D, 0x9E, 0x07, 0x03, 0x80, 0x00,
    0x00, 0x00, 0x00, 0x1E, 0x00, 0x7B, 0xC0, 0x0F, 0x78, 0x01, 0xEF, 0x00, 0x3D, 0xE0, 0x07, 0xBC,
    0x00, 0xF7, 0x80, 0x1E, 0xF0, 0x03, 0xDE, 0x00, 0x7B, 0xC0, 0x0F, 0x78, 0x01, 0xEF, 0x00, 0x3D,
    0xE0, 0x07, 0xBC, 0x00, 0xF7, 0x80, 0x1E, 0xF0, 0x03, 0xCF, 0x00, 0x79, 0xE0, 0x0F, 0x3E, 0x03,
    0xE3, 0xF1, 0xF8, 0x7F, 0xFE, 0x07, 0xFF, 0x80, 0x3F, 0xE0, 0x00, 0xC0, 0x01, 0xC0, 0x07, 0x80,
    0x1E, 0x00, 0x38, 0x07, 0xEF, 0x0F, 0x1E, 0x1E, 0x3C, 0x3C, 0x78, 0x00, 0x00, 0x00, 0x07, 0x80,
    0xFF, 0x01, 0xFE, 0x03, 0xFC, 0x07, 0xF8, 0x0F, 0xF0, 0x1F, 0xE0, 0x3F, 0xC0, 0x7F, 0x80, 0xFF,
    0x01, 0xFE, 0x03, 0xFC, 0x07, 0xFC, 0x0F, 0x7E, 0x3E, 0xFF, 0xFC, 0xFF, 0xF8, 0x7F, 0xE0, 0x07,
    0x18, 0x00, 0xFF, 0x80, 0x0F, 0xE0, 0x00, 0xF8, 0x01, 0xEE, 0xF0, 0x3C, 0x1E, 0x07, 0x83, 0xC0,
    0xF0, 0x78, 0x00, 0x00, 0x00, 0x00, 0x03, 0xC0, 0x0F, 0x78, 0x01, 0xEF, 0x00, 0x3D, 0xE0, 0x07,
    0xBC, 0x00, 0xF7, 0x80, 0x1E, 0xF0, 0x03, 0xDE, 0x00, 0x7B, 0xC0, 0x0F, 0x78, 0x01, 0xEF, 0x00,
    0x3D, 0xE0, 0x07, 0xBC, 0x00, 0xF7, 0x80, 0x1E, 0xF0, 0x03, 0xDE, 0x00, 0x79, 0xE0, 0x0F, 0x3C,
    0x01, 0xE7, 0xC0, 0x7C, 0x7E, 0x3F, 0x0F, 0xFF, 0xC0, 0xFF, 0xF0, 0x07, 0xFC, 0x00, 0x1C, 0x60,
    0x3F, 0xE0, 0x3F, 0x80, 0x3E, 0x00, 0x38, 0x07, 0x8F, 0x0F, 0x1E, 0x1E, 0x3C, 0x3C, 0x78, 0x00,
    0x00, 0x00, 0x07, 0x80, 0xFF, 0x01, 0xFE, 0x03, 0xFC, 0x07, 0xF8, 0x0F, 0xF0, 0x1F, 0xE0, 0x3F,
    0xC0, 0x7F, 0x80, 0xFF, 0x01, 0xFE, 0x03, 0xFC, 0x07, 0xFC, 0x0F, 0x7E, 0x3E, 0xFF, 0xFC, 0xFF,
    0xF8, 0x7F, 0xE0, 0x01, 0x80, 0x00, 0x70, 0x00, 0x0F, 0x00, 0x0F, 0xF7, 0x01, 0xEE, 0xF0, 0x3C,
    0xDE, 0x07, 0x03, 0x80, 0x00, 0x00, 0x00, 0x00, 0x1E, 0x00, 0x7B, 0xC0, 0x0F, 0x78, 0x01, 0xEF,
    0x00, 0x3D, 0xE0, 0x07, 0xBC, 0x00, 0xF7, 0x80, 0x1E, 0xF0, 0x03, 0xDE, 0x00, 0x7B, 0xC0, 0x0F,
    0x78, 0x01, 0xEF, 0x00, 0x3D, 0xE0, 0x07, 0xBC, 0x00, 0xF7, 0x80, 0x1E, 0xF0, 0x03, 0xCF, 0x00,
    0x79, 0xE0, 0x0F, 0x3E, 0x03, 0xE3, 0xF1, 0xF8, 0x7F, 0xFE, 0x07, 0xFF, 0x80, 0x3F, 0xE0, 0x0C,
    0x00, 0x3C, 0x00, 0x3C, 0x00, 0x3C, 0x00, 0x38, 0x07, 0xEF, 0x0F, 0x1E, 0x1E, 0x3C, 0x3C, 0x78,
    0x00, 0x00, 0x00, 0x07, 0x80, 0xFF, 0x01, 0xFE, 0x03, 0xFC, 0x07, 0xF8, 0x0F, 0xF0, 0x1F, 0xE0,
    0x3F, 0xC0, 0x7F, 0x80, 0xFF, 0x01, 0xFE, 0x03, 0xFC, 0x07, 0xFC, 0x0F, 0x7E, 0x3E, 0xFF, 0xFC,
    0xFF, 0xF8, 0x7F, 0xE0, 0x3F, 0xE0, 0x3F, 0xF8, 0x3F, 0xFC, 0x38, 0xFE, 0x00, 0x1E, 0x00, 0x1F,
    0x00, 0x0F, 0x00, 0x0F, 0xFF, 0xFF, 0xFF, 0xFF, 0xF0, 0x0F, 0x70, 0x0F, 0x78, 0x1E, 0x7E, 0x7E,
    0x3F, 0xFC, 0x1F, 0xF8, 0x0F, 0xE0, 0x03, 0xFE, 0x00, 0x0F, 0xF8, 0x00, 0x00, 0x00, 0x00, 0xE1,
    0xC0, 0x03, 0xCF, 0x00, 0x0F, 0x3C, 0x00, 0x38, 0x70, 0x00, 0x00, 0x00, 0x00, 0x78, 0x00, 0x03,
    0xE0, 0x00, 0x0F, 0xC0, 0x00, 0x3F, 0x00, 0x01, 0xFE, 0x00, 0x07, 0xF8, 0x00, 0x3C, 0xF0, 0x00,
    0xF3, 0xC0, 0x07, 0x8F, 0x00, 0x1E, 0x1E, 0x00, 0x70, 0x78, 0x03, 0xC0, 0xF0, 0x0F, 0x03, 0xC0,
    0x78, 0x0F, 0x01, 0xFF, 0xFE, 0x07, 0xFF, 0xF8, 0x3F, 0xFF, 0xF0, 0xF0, 0x03, 0xC3, 0xC0, 0x0F,
    0x1E, 0x00, 0x3E, 0x78, 0x00, 0x7B, 0xC0, 0x01, 0xEF, 0x00, 0x03, 0xC0, 0x1F, 0xF0, 0x7F, 0xC0,
    0x00, 0x07, 0x1E, 0x3C, 0x78, 0xF1, 0xE1, 0xC7, 0x80, 0x00, 0x00, 0x00, 0xFF, 0x83, 0xFF, 0x8F,
    0xFE, 0x38, 0xFC, 0x00, 0xF0, 0x03, 0xC7, 0xFF, 0x3F, 0xFD, 0xFF, 0xFF, 0xC3, 0xFC, 0x0F, 0xF0,
    0x3F, 0xC0, 0xFF, 0xC3, 0xDF, 0xFF, 0x3F, 0xFC, 0x7F, 0xF0, 0x03, 0xFE, 0x00, 0x0F, 0xF8, 0x00,
    0x00, 0x00, 0x00, 0x1E, 0x00, 0x00, 0x78, 0x00, 0x01, 0xE0, 0x00, 0x07, 0x80, 0x00, 0x00, 0x00,
    0x00, 0x78, 0x00, 0x03, 0xE0, 0x00, 0x0F, 0xC0, 0x00, 0x3F, 0x00, 0x01, 0xFE, 0x00, 0x07, 0xF8,
    0x00, 0x3C, 0xF0, 0x00, 0xF3, 0xC0, 0x07, 0x8F, 0x00, 0x1E, 0x1E, 0x00, 0x70, 0x78, 0x03, 0xC0,
    0xF0, 0x0F, 0x03, 0xC0, 0x78, 0x0F, 0x01, 0xFF, 0xFE, 0x07, 0xFF, 0xF8, 0x3F, 0xFF, 0xF0, 0xF0,
    0x03, 0xC3, 0xC0, 0x0F, 0x1E, 0x00, 0x3E, 0x78, 0x00, 0x7B, 0xC0, 0x01, 0xEF, 0x00, 0x03, 0xC0,
    0x1F, 0xF0, 0x7F, 0xC0, 0x00, 0x00, 0xE0, 0x03, 0xC0, 0x0F, 0x00, 0x38, 0x00, 0x00, 0x00, 0x00,
    0xFF, 0x83, 0xFF, 0x8F, 0xFE, 0x38, 0xFC, 0x00, 0xF0, 0x03, 0xC7, 0xFF, 0x3F, 0xFD, 0xFF, 0xFF,
    0xC3, 0xFC, 0x0F, 0xF0, 0x3F, 0xC0, 0xFF, 0xC3, 0xDF, 0xFF, 0x3F, 0xFC, 0x7F, 0xF0, 0x00, 0x03,
    0xFF, 0x00, 0x00, 0x0F, 0xFC, 0x00, 0x00, 0x00, 0x00, 0x00, 0x00, 0x00, 0x00, 0x00, 0x00, 0x00,
    0x00, 0x00, 0x1F, 0xFF, 0xE0, 0x00, 0x7F, 0xFF, 0x80, 0x03, 0xFF, 0xFE, 0x00, 0x1F, 0xE0, 0x00,
    0x00, 0x7F, 0x80, 0x00, 0x03, 0xDE, 0x00, 0x00, 0x1E, 0x78, 0x00, 0x00, 0x79, 0xE0, 0x00, 0x03,
    0xC7, 0x80, 0x00, 0x0E, 0x1F, 0xFF, 0x00, 0x78, 0x7F, 0xFC, 0x03, 0xC1, 0xFF, 0xF0, 0x0F, 0x07,
    0x80, 0x00, 0x78, 0x1E, 0x00, 0x01, 0xFF, 0xF8, 0x00, 0x0F, 0xFF, 0xE0, 0x00, 0x7F, 0xFF, 0x80,
    0x01, 0xE0, 0x1E, 0x00, 0x0F, 0x00, 0x78, 0x00, 0x3C, 0x01, 0xE0, 0x01, 0xE0, 0x07, 0xFF, 0xF7,
    0x80, 0x1F, 0xFF, 0xFC, 0x00, 0x7F, 0xFF, 0x00, 0xFF, 0xC0, 0x00, 0x3F, 0xF0, 0x00, 0x00, 0x00,
    0x00, 0x00, 0x00, 0x00, 0x00, 0x00, 0x00, 0x00, 0x00, 0x00, 0x03, 0xFE, 0x1F, 0xC0, 0xFF, 0xCF,
    0xFC, 0x3F, 0xFF, 0xFF, 0x8E, 0x3F, 0xE7, 0xE0, 0x03, 0xE0, 0x78, 0x00, 0xF8, 0x0F, 0x1F, 0xFC,
    0x03, 0xCF, 0xFF, 0xFF, 0xF7, 0xFF, 0xFF, 0xFF, 0xF0, 0xF0, 0x00, 0xF0, 0x1C, 0x00, 0x3C, 0x07,
    0x80, 0x0F, 0x01, 0xF0, 0x03, 0xF1, 0xFF, 0x1C, 0x7F, 0xFF, 0xFF, 0x8F, 0xFF, 0xFF, 0xE1, 0xFF,
    0x1F, 0xF0, 0x01, 0xFF, 0x80, 0x1F, 0xFF, 0x80, 0xFF, 0xFE, 0x07, 0xF8, 0xF8, 0x3F, 0x00, 0x40,
    0xF8, 0x00, 0x07, 0xC0, 0x00, 0x1E, 0x00, 0x00, 0x78, 0x00, 0x01, 0xE0, 0x00, 0x07, 0x80, 0x00,
    0x1E, 0x00, 0x78, 0x78, 0x01, 0xE1, 0xE0, 0x3F, 0xF7, 0x80, 0xFF, 0xDE, 0x03, 0xFF, 0x7C, 0x01,
    0xE0, 0xF8, 0x07, 0x83, 0xF0, 0x1E, 0x07, 0xF8, 0xF8, 0x0F, 0xFF, 0xE0, 0x1F, 0xFF, 0x80, 0x1F,
    0xFC, 0x00, 0x07, 0xFE, 0x03, 0xFF, 0xE0, 0xFF, 0xFC, 0x1F, 0x8F, 0x87, 0xC0, 0xF0, 0xF0, 0x1E,
    0x3C, 0x03, 0xC7, 0x87, 0xFE, 0xF0, 0xFF, 0xDE, 0x01, 0xE1, 0xE0, 0x3C, 0x3C, 0x07, 0x87, 0xE3,
    0xF0, 0x7F, 0xFE, 0x07, 0xFF, 0xC0, 0x7F, 0xF8, 0x00, 0x0F, 0x00, 0x01, 0xE0, 0x00, 0x78, 0x1C,
    0x3F, 0x03, 0xFF, 0xC0, 0xFF, 0xF8, 0x0F, 0xFC, 0x00, 0x01, 0x83, 0x00, 0x39, 0xE0, 0x07, 0xF8,
    0x00, 0x7E, 0x00, 0x07, 0x80, 0x00, 0x60, 0x00, 0x00, 0x00, 0x0F, 0xFC, 0x07, 0xFF, 0xE1, 0xFF,
    0xFC, 0x7F, 0x8F, 0x9F, 0x80, 0x23, 0xE0, 0x00, 0xF8, 0x00, 0x1E, 0x00, 0x03, 0xC0, 0x00, 0x78,
    0x00, 0x0F, 0x00, 0x01, 0xE0, 0x00, 0x3C, 0x00, 0xF7, 0x80, 0x1E, 0xF0, 0x03, 0xDE, 0x00, 0x7B,
    0xE0, 0x0F, 0x3E, 0x01, 0xE7, 0xE0, 0x3C, 0x7F, 0x8F, 0x87, 0xFF, 0xF0, 0x7F, 0xFE, 0x03, 0xFF,
    0x80, 0x0C, 0x18, 0x0E, 0x38, 0x07, 0xF0, 0x03, 0xE0, 0x01, 0xC0, 0x00, 0xC0, 0x00, 0x00, 0x00,
    0x00, 0x07, 0xFE, 0x1F, 0xFF, 0x3F, 0xFF, 0x3F, 0x1F, 0x7C, 0x0F, 0x78, 0x0F, 0xF0, 0x0F, 0xF0,
    0x0F, 0xF0, 0x0F, 0xF0, 0x0F, 0x78, 0x0F, 0x78, 0x0F, 0x7E, 0x3F, 0x3F, 0xFF, 0x1F, 0xFF, 0x0F,
    0xFF, 0x00, 0x0F, 0x00, 0x0F, 0x00, 0x1E, 0x38, 0x7E, 0x3F, 0xFE, 0x7F, 0xFC, 0x3F, 0xF0, 0x0C,
    0x18, 0x01, 0xC7, 0x00, 0x1F, 0xC0, 0x01, 0xF0, 0x00, 0x1C, 0x00, 0x01, 0x80, 0x00, 0x00, 0x07,
    0x80, 0x3E, 0xF0, 0x0F, 0x9E, 0x03, 0xE3, 0xC0, 0xF8, 0x78, 0x3E, 0x0F, 0x0F, 0x81, 0xE3, 0xE0,
    0x3C, 0xF8, 0x07, 0xBE, 0x00, 0xFF, 0x80, 0x1F, 0xE0, 0x03, 0xFE, 0x00, 0x7F, 0xE0, 0x0F, 0x3E,
    0x01, 0xE3, 0xE0, 0x3C, 0x3E, 0x07, 0x83, 0xE0, 0xF0, 0x3E, 0x1E, 0x03, 0xE3, 0xC0, 0x3E, 0x78,
    0x03, 0xCF, 0x00, 0x7D, 0xE0, 0x07, 0xC0, 0x61, 0x80, 0x77, 0x80, 0x7F, 0x00, 0x3E, 0x00, 0x0C,
    0x00, 0x00, 0x00, 0x00, 0x00, 0x78, 0x00, 0x78, 0x00, 0x78, 0x00, 0x78, 0x00, 0x78, 0x00, 0x78,
    0x00, 0x78, 0x00, 0x78, 0x00, 0x78, 0x1E, 0x78, 0x3C, 0x78, 0x78, 0x78, 0xF0, 0x79, 0xE0, 0x7B,
    0xC0, 0x7F, 0x80, 0x7F, 0x80, 0x7F, 0x80, 0x7F, 0xC0, 0x7B, 0xE0, 0x79, 0xF0, 0x78, 0xF8, 0x78,
    0x7C, 0x78, 0x3E, 0x78, 0x1E, 0x78, 0x1F, 0x01, 0xFF, 0x00, 0x0F, 0xFF, 0x80, 0x3F, 0xFF, 0xC0,
    0xFF, 0x3F, 0x83, 0xF0, 0x0F, 0x87, 0xC0, 0x0F, 0x9F, 0x00, 0x0F, 0x3C, 0x00, 0x1F, 0x78, 0x00,
    0x1E, 0xF0, 0x00, 0x3D, 0xE0, 0x00, 0x7B, 0xC0, 0x00, 0xF7, 0x80, 0x01, 0xEF, 0x00, 0x03, 0xDE,
    0x00, 0x07, 0xBC, 0x00, 0x1F, 0x7C, 0x00, 0x3C, 0x7C, 0x00, 0xF8, 0xFC, 0x03, 0xE0, 0xFE, 0x3F,
    0xC0, 0xFF, 0xFF, 0x00, 0xFF, 0xF8, 0x00, 0x7F, 0xE0, 0x00, 0x0F, 0x00, 0x00, 0x3C, 0x00, 0x00,
    0x78, 0x00, 0x00, 0xF0, 0x00, 0x01, 0xF8, 0x00, 0x01, 0xF0, 0x00, 0x07, 0xF8, 0x0F, 0xFE, 0x0F,
    0xFF, 0x87, 0xE7, 0xE7, 0xC0, 0xF3, 0xC0, 0x3D, 0xE0, 0x1F, 0xE0, 0x0F, 0xF0, 0x07, 0xF8, 0x03,
    0xDE, 0x01, 0xEF, 0x00, 0xF7, 0xC0, 0xF1, 0xF9, 0xF8, 0xFF, 0xF8, 0x3F, 0xF8, 0x07, 0xF8, 0x00,
    0xF0, 0x00, 0xF0, 0x00, 0x78, 0x00, 0x3C, 0x00, 0x1F, 0x80, 0x07, 0xC0, 0x01, 0xFF, 0x80, 0x03,
    0xFF, 0x00, 0x00, 0x00, 0x00, 0x00, 0x00, 0x00, 0x00, 0x00, 0x00, 0x3F, 0xE0, 0x01, 0xFF, 0xF0,
    0x07, 0xFF, 0xF8, 0x1F, 0xE7, 0xF0, 0x7E, 0x01, 0xF0, 0xF8, 0x01, 0xF3, 0xE0, 0x01, 0xE7, 0x80,
    0x03, 0xEF, 0x00, 0x03, 0xDE, 0x00, 0x07, 0xBC, 0x00, 0x0F, 0x78, 0x00, 0x1E, 0xF0, 0x00, 0x3D,
    0xE0, 0x00, 0x7B, 0xC0, 0x00, 0xF7, 0x80, 0x03, 0xEF, 0x80, 0x07, 0x8F, 0x80, 0x1F, 0x1F, 0x80,
    0x7C, 0x1F, 0xC7, 0xF8, 0x1F, 0xFF, 0xE0, 0x1F, 0xFF, 0x00, 0x0F, 0xFC, 0x00, 0x01, 0xE0, 0x00,
    0x07, 0x80, 0x00, 0x0F, 0x00, 0x00, 0x1E, 0x00, 0x00, 0x3F, 0x00, 0x00, 0x3E, 0x00, 0x0F, 0xFC,
    0x07, 0xFE, 0x00, 0x00, 0x00, 0x00, 0x00, 0x00, 0x00, 0x00, 0x00, 0x1F, 0xE0, 0x3F, 0xF8, 0x3F,
    0xFE, 0x1F, 0x9F, 0x9F, 0x03, 0xCF, 0x00, 0xF7, 0x80, 0x7F, 0x80, 0x3F, 0xC0, 0x1F, 0xE0, 0x0F,
    0x78, 0x07, 0xBC, 0x03, 0xDF, 0x03, 0xC7, 0xE7, 0xE3, 0xFF, 0xE0, 0xFF, 0xE0, 0x1F, 0xE0, 0x03,
    0xC0, 0x03, 0xC0, 0x01, 0xE0, 0x00, 0xF0, 0x00, 0x7E, 0x00, 0x1F, 0x00, 0x06, 0x18, 0x01, 0xCF,
    0x00, 0x7F, 0x80, 0x0F, 0xC0, 0x01, 0xE0, 0x00, 0x30, 0x00, 0x00, 0x01, 0xFF, 0xFE, 0x7F, 0xFF,
    0x9F, 0xFF, 0xE0, 0x00, 0xF0, 0x00, 0x78, 0x00, 0x3C, 0x00, 0x1F, 0x00, 0x0F, 0x80, 0x07, 0xC0,
    0x03, 0xE0, 0x00, 0xFE, 0x00, 0x3F, 0xE0, 0x03, 0xFC, 0x00, 0x0F, 0x80, 0x01, 0xE0, 0x00, 0x78,
    0x00, 0x1E, 0x00, 0x07, 0x98, 0x03, 0xE7, 0xC3, 0xF9, 0xFF, 0xFC, 0x7F, 0xFE, 0x07, 0xFE, 0x00,
    0x0C, 0x30, 0x1E, 0x70, 0x0F, 0xF0, 0x07, 0xE0, 0x03, 0xC0, 0x01, 0x80, 0x00, 0x00, 0x00, 0x00,
    0x7F, 0xFE, 0x7F, 0xFE, 0x7F, 0xFE, 0x00, 0x3C, 0x00, 0x78, 0x00, 0xF8, 0x00, 0xF0, 0x01, 0xE0,
    0x03, 0xC0, 0x07, 0x80, 0x07, 0xF0, 0x07, 0xF8, 0x01, 0xFC, 0x00, 0x1E, 0x00, 0x1E, 0x00, 0x0F,
    0x00, 0x0F, 0x00, 0x1E, 0x00, 0x1E, 0x78, 0xFE, 0x7F, 0xFC, 0x7F, 0xF8, 0x7F, 0xE0, 0x18, 0x61,
    0xCF, 0x1F, 0xE0, 0xFC, 0x07, 0x80, 0x30, 0x00, 0x00, 0x00, 0x07, 0x80, 0x78, 0x07, 0x80, 0x78,
    0x07, 0x80, 0x78, 0x07, 0x80, 0x78, 0x07, 0x80, 0x78, 0x07, 0x80, 0x78, 0x07, 0x80, 0x78, 0x07,
    0x80, 0x78, 0x07, 0x80, 0x78, 0x07, 0x81, 0xF8, 0x7F, 0x07, 0xF0, 0xFC, 0x00, 0x7F, 0xF8, 0x01,
    0xFF, 0xFE, 0xFF, 0xFE, 0x01, 0xFF, 0xFE, 0xFF, 0xFF, 0x01, 0xFF, 0xFE, 0xF0, 0x7F, 0x80, 0x00,
    0x3E, 0xF0, 0x0F, 0xC0, 0x00, 0x7C, 0xF0, 0x03, 0xE0, 0x00, 0x78, 0xF0, 0x01, 0xE0, 0x00, 0xF0,
    0xF0, 0x01, 0xE0, 0x01, 0xF0, 0xF0, 0x01, 0xF0, 0x03, 0xE0, 0xF0, 0x00, 0xF0, 0x03, 0xC0, 0xF0,
    0x00, 0xF0, 0x07, 0x80, 0xF0, 0x00, 0xF0, 0x0F, 0x80, 0xF0, 0x00, 0xF0, 0x0F, 0x00, 0xF0, 0x00,
    0xF0, 0x1E, 0x00, 0xF0, 0x01, 0xF0, 0x3C, 0x00, 0xF0, 0x01, 0xE0, 0x3C, 0x00, 0xF0, 0x01, 0xE0,
    0x78, 0x00, 0xF0, 0x03, 0xE0, 0xF0, 0x00, 0xF0, 0x0F, 0xC0, 0xF0, 0x00, 0xF0, 0x7F, 0x81, 0xE0,
    0x00, 0xFF, 0xFF, 0x01, 0xFF, 0xFF, 0xFF, 0xFE, 0x03, 0xFF, 0xFF, 0x7F, 0xF8, 0x03, 0xFF, 0xFF,
    0x7F, 0xF8, 0x00, 0x00, 0x0F, 0xFF, 0xE0, 0x00, 0x00, 0xFF, 0xFF, 0x00, 0x00, 0x0F, 0x07, 0xF8,
    0x00, 0x00, 0xF0, 0x0F, 0xC0, 0x00, 0x0F, 0x00, 0x3E, 0x00, 0x00, 0xF0, 0x01, 0xE1, 0xFF, 0xFF,
    0x00, 0x1E, 0x1F, 0xFF, 0xF0, 0x01, 0xF1, 0xFF, 0xFF, 0x00, 0x0F, 0x00, 0x1F, 0xF0, 0x00, 0xF0,
    0x03, 0xEF, 0x00, 0x0F, 0x00, 0x7C, 0xF0, 0x00, 0xF0, 0x0F, 0x8F, 0x00, 0x0F, 0x00, 0xF0, 0xF0,
    0x01, 0xF0, 0x1E, 0x0F, 0x00, 0x1E, 0x03, 0xC0, 0xF0, 0x01, 0xE0, 0x7C, 0x0F, 0x00, 0x3E, 0x07,
    0x80, 0xF0, 0x0F, 0xC0, 0xF0, 0x0F, 0x07, 0xF8, 0x1E, 0x00, 0xFF, 0xFF, 0x01, 0xFF, 0xFF, 0xFF,
    0xE0, 0x3F, 0xFF, 0x7F, 0xF8, 0x03, 0xFF, 0xF0, 0x00, 0x0F, 0x00, 0x00, 0x00, 0x07, 0x80, 0x00,
    0x00, 0x03, 0xC0, 0x00, 0x00, 0x01, 0xE0, 0x00, 0x00, 0x00, 0xF0, 0x00, 0x00, 0x00, 0x78, 0x00,
    0x00, 0x00, 0x3C, 0x00, 0x00, 0x00, 0x1E, 0x00, 0x00, 0x07, 0xFF, 0x0F, 0xFF, 0x8F, 0xFF, 0x87,
    0xFF, 0xCF, 0xFF, 0xC3, 0xFF, 0xEF, 0xE7, 0xE0, 0x01, 0xF7, 0xC0, 0xF0, 0x01, 0xF3, 0xC0, 0x78,
    0x01, 0xF3, 0xE0, 0x3C, 0x01, 0xF1, 0xE0, 0x1E, 0x00, 0xF0, 0xF0, 0x0F, 0x00, 0xF0, 0x78, 0x07,
    0x80, 0xF0, 0x1E, 0x03, 0xC0, 0xF0, 0x0F, 0x01, 0xE0, 0x78, 0x07, 0xC0, 0xF0, 0x78, 0x01, 0xF8,
    0xF8, 0x78, 0x00, 0xFF, 0xFC, 0x3F, 0xFE, 0x3F, 0xFE, 0x3F, 0xFF, 0x07, 0xFF, 0x1F, 0xFF, 0x80,
    0x00, 0x06, 0x00, 0x01, 0xE0, 0x00, 0x7C, 0x00, 0x1E, 0x00, 0x07, 0x80, 0x00, 0xE0, 0x00, 0x00,
    0x00, 0x0F, 0xFC, 0x07, 0xFF, 0xE1, 0xFF, 0xFC, 0x7F, 0x8F, 0x9F, 0x80, 0x23, 0xE0, 0x00, 0xF8,
    0x00, 0x1E, 0x00, 0x03, 0xC0, 0x00, 0x78, 0x00, 0x0F, 0x00, 0x01, 0xE0, 0x00, 0x3C, 0x00, 0xF7,
    0x80, 0x1E, 0xF0, 0x03, 0xDE, 0x00, 0x7B, 0xE0, 0x0F, 0x3E, 0x01, 0xE7, 0xE0, 0x3C, 0x7F, 0x8F,
    0x87, 0xFF, 0xF0, 0x7F, 0xFE, 0x03, 0xFF, 0x80, 0x00, 0x30, 0x00, 0x78, 0x00, 0xF8, 0x01, 0xE0,
    0x03, 0xC0, 0x01, 0x80, 0x00, 0x00, 0x00, 0x00, 0x07, 0xFE, 0x1F, 0xFF, 0x3F, 0xFF, 0x3F, 0x1F,
    0x7C, 0x0F, 0x78, 0x0F, 0xF0, 0x0F, 0xF0, 0x0F, 0xF0, 0x0F, 0xF0, 0x0F, 0x78, 0x0F, 0x78, 0x0F,
    0x7E, 0x3F, 0x3F, 0xFF, 0x1F, 0xFF, 0x0F, 0xFF, 0x00, 0x0F, 0x00, 0x0F, 0x00, 0x1E, 0x38, 0x7E,
    0x3F, 0xFE, 0x7F, 0xFC, 0x3F, 0xF0, 0xF0, 0x01, 0xE0, 0x01, 0xE0, 0x03, 0xC0, 0x03, 0xC0, 0x07,
    0x80, 0x07, 0x80, 0x0F, 0x00, 0x0F, 0x00, 0x1E, 0x00, 0x1E, 0x00, 0x3C, 0x00, 0x3C, 0x00, 0x78,
    0x07, 0xF8, 0x00, 0xF0, 0x0F, 0xF0, 0x01, 0xE0, 0x1F, 0xFF, 0xFF, 0xC0, 0x3F, 0xFF, 0xFF, 0x80,
    0x7F, 0xFF, 0xFF, 0x00, 0xFF, 0x00, 0x1E, 0x01, 0xFE, 0x00, 0x3C, 0x03, 0xFC, 0x00, 0x78, 0x07,
    0xF8, 0x00, 0xF0, 0x0F, 0xF0, 0x01, 0xE0, 0x1F, 0xE0, 0x03, 0xC0, 0x7F, 0xC0, 0x07, 0xC0, 0xF7,
    0x80, 0x07, 0xE7, 0xEF, 0x00, 0x0F, 0xFF, 0x9E, 0x00, 0x0F, 0xFF, 0x3C, 0x00, 0x07, 0xF8, 0x00,
    0x1F, 0xF8, 0x1F, 0xFF, 0x8F, 0xFF, 0xF3, 0xF0, 0xFE, 0xF0, 0x0F, 0xBC, 0x01, 0xFF, 0x00, 0x3F,
    0xC0, 0x0F, 0xF0, 0x03, 0xFC, 0x00, 0xFF, 0x00, 0x3F, 0xC0, 0x1F, 0xF0, 0x07, 0xBC, 0x01, 0xEF,
    0x00, 0xF3, 0xC0, 0x7C, 0xF0, 0x3E, 0x3C, 0x3F, 0x0F, 0x3F, 0x83, 0xFF, 0xC0, 0xFF, 0xC0, 0x3F,
    0xC0, 0x0F, 0xC0, 0x03, 0xC0, 0x00, 0xF0, 0x00, 0x3C, 0x00, 0x0F, 0x00, 0x03, 0xC0, 0x00, 0xF0,
    0x00, 0x00, 0x01, 0x80, 0x00, 0x3C, 0x00, 0x03, 0xE0, 0x00, 0x1E, 0x00, 0x00, 0xF0, 0x00, 0x03,
    0x00, 0x00, 0x00, 0x0F, 0x00, 0x0F, 0xF8, 0x00, 0xFF, 0xC0, 0x0F, 0xFE, 0x00, 0xFF, 0xF0, 0x0F,
    0xFF, 0x00, 0xFF, 0x78, 0x0F, 0xF3, 0xC0, 0xFF, 0x3E, 0x0F, 0xF1, 0xE0, 0xFF, 0x0F, 0x0F, 0xF0,
    0x78, 0xFF, 0x07, 0xCF, 0xF0, 0x3C, 0xFF, 0x01, 0xEF, 0xF0, 0x1F, 0xFF, 0x00, 0xFF, 0xF0, 0x07,
    0xFF, 0x00, 0x7F, 0xF0, 0x03, 0xFF, 0x00, 0x1F, 0xF0, 0x01, 0xFF, 0x00, 0x0F, 0x04, 0x00, 0x1C,
    0x00, 0x3C, 0x00, 0x3C, 0x00, 0x3C, 0x00, 0x38, 0x00, 0x00, 0x00, 0x00, 0x7F, 0xE1, 0xFF, 0xF3,
    0xFF, 0xF7, 0xC7, 0xEF, 0x03, 0xFE, 0x03, 0xFC, 0x07, 0xF8, 0x0F, 0xF0, 0x1F, 0xE0, 0x3F, 0xC0,
    0x7F, 0x80, 0xFF, 0x01, 0xFE, 0x03, 0xFC, 0x07, 0xF8, 0x0F, 0xF0, 0x1E, 0x00, 0x1C, 0x00, 0x03,
    0xF0, 0x00, 0x0F, 0xC0, 0x00, 0x38, 0x00, 0x00, 0x78, 0x00, 0x03, 0x70, 0x00, 0x0C, 0xC0, 0x00,
    0x37, 0x00, 0x00, 0xFC, 0x00, 0x03, 0xF0, 0x00, 0x0F, 0xC0, 0x00, 0x7F, 0x00, 0x01, 0xFE, 0x00,
    0x07, 0xF8, 0x00, 0x3C, 0xF0, 0x00, 0xF3, 0xC0, 0x07, 0x8F, 0x00, 0x1E, 0x1E, 0x00, 0x70, 0x78,
    0x03, 0xC0, 0xF0, 0x0F, 0x03, 0xC0, 0x78, 0x0F, 0x01, 0xFF, 0xFE, 0x07, 0xFF, 0xF8, 0x3F, 0xFF,
    0xF0, 0xF0, 0x03, 0xC3, 0xC0, 0x0F, 0x1E, 0x00, 0x3E, 0x78, 0x00, 0x7B, 0xC0, 0x01, 0xEF, 0x00,
    0x03, 0xC0, 0x00, 0xC0, 0x0F, 0x80, 0x7E, 0x01, 0xC0, 0x00, 0x00, 0x1F, 0x00, 0xEE, 0x03, 0x98,
    0x0E, 0xE0, 0x1F, 0x00, 0x00, 0x00, 0x00, 0x3F, 0xE0, 0xFF, 0xE3, 0xFF, 0x8E, 0x3F, 0x00, 0x3C,
    0x00, 0xF1, 0xFF, 0xCF, 0xFF, 0x7F, 0xFF, 0xF0, 0xFF, 0x03, 0xFC, 0x0F, 0xF0, 0x3F, 0xF0, 0xF7,
    0xFF, 0xCF, 0xFF, 0x1F, 0xFC, 0x00, 0x00, 0x0C, 0x00, 0x00, 0x00, 0x78, 0x00, 0x00, 0x03, 0xE0,
    0x00, 0x00, 0x1F, 0x00, 0x00, 0x00, 0x70, 0x00, 0x00, 0x01, 0x80, 0x00, 0x00, 0x00, 0x00, 0x00,
    0x01, 0xFF, 0xFE, 0x00, 0x07, 0xFF, 0xF8, 0x00, 0x3F, 0xFF, 0xE0, 0x01, 0xFE, 0x00, 0x00, 0x07,
    0xF8, 0x00, 0x00, 0x3D, 0xE0, 0x00, 0x01, 0xE7, 0x80, 0x00, 0x07, 0x9E, 0x00, 0x00, 0x3C, 0x78,
    0x00, 0x00, 0xE1, 0xFF, 0xF0, 0x07, 0x87, 0xFF, 0xC0, 0x3C, 0x1F, 0xFF, 0x00, 0xF0, 0x78, 0x00,
    0x07, 0x81, 0xE0, 0x00, 0x1F, 0xFF, 0x80, 0x00, 0xFF, 0xFE, 0x00, 0x07, 0xFF, 0xF8, 0x00, 0x1E,
    0x01, 0xE0, 0x00, 0xF0, 0x07, 0x80, 0x03, 0xC0, 0x1E, 0x00, 0x1E, 0x00, 0x7F, 0xFF, 0x78, 0x01,
    0xFF, 0xFF, 0xC0, 0x07, 0xFF, 0xF0, 0x00, 0x03, 0x00, 0x00, 0x01, 0xE0, 0x00, 0x00, 0xF8, 0x00,
    0x00, 0x3C, 0x00, 0x00, 0x1E, 0x00, 0x00, 0x06, 0x00, 0x00, 0x00, 0x00, 0x00, 0x00, 0x00, 0x00,
    0x3F, 0xE1, 0xFC, 0x0F, 0xFC, 0xFF, 0xC3, 0xFF, 0xFF, 0xF8, 0xE3, 0xFE, 0x7E, 0x00, 0x3E, 0x07,
    0x80, 0x0F, 0x80, 0xF1, 0xFF, 0xC0, 0x3C, 0xFF, 0xFF, 0xFF, 0x7F, 0xFF, 0xFF, 0xFF, 0x0F, 0x00,
    0x0F, 0x01, 0xC0, 0x03, 0xC0, 0x78, 0x00, 0xF0, 0x1F, 0x00, 0x3F, 0x1F, 0xF1, 0xC7, 0xFF, 0xFF,
    0xF8, 0xFF, 0xFF, 0xFE, 0x1F, 0xF1, 0xFF, 0x00, 0x00, 0x06, 0x00, 0x00, 0x1E, 0x00, 0x00, 0x7C,
    0x00, 0x01, 0xF0, 0x00, 0x03, 0x80, 0x00, 0x06, 0x00, 0x00, 0x00, 0x00, 0x00, 0x00, 0x0C, 0x01,
    0xFF, 0x1C, 0x0F, 0xFF, 0xF8, 0x3F, 0xFF, 0xE0, 0xFE, 0x3F, 0xC3, 0xF0, 0x0F, 0x87, 0xC0, 0x3F,
    0x9F, 0x00, 0xFF, 0x3C, 0x03, 0xDF, 0x78, 0x0F, 0x9E, 0xF0, 0x3E, 0x3D, 0xE0, 0x78, 0x7B, 0xC1,
    0xE0, 0xF7, 0x87, 0x81, 0xEF, 0x1E, 0x03, 0xDE, 0x78, 0x07, 0xBD, 0xF0, 0x1F, 0x7F, 0xC0, 0x3C,
    0x7F, 0x00, 0xF8, 0x7C, 0x03, 0xE0, 0xFE, 0x3F, 0x81, 0xFF, 0xFF, 0x07, 0xFF, 0xF8, 0x0E, 0x7F,
    0xC0, 0x1C, 0x00, 0x00, 0x00, 0x30, 0x00, 0x3C, 0x00, 0x3E, 0x00, 0x3E, 0x00, 0x3C, 0x00, 0x0C,
    0x00, 0x00, 0x00, 0x00, 0x06, 0x07, 0xF7, 0x8F, 0xFF, 0x8F, 0xFF, 0xC7, 0xE7, 0xE7, 0xC1, 0xF3,
    0xC1, 0xFD, 0xC1, 0xFF, 0xE1, 0xEF, 0xF1, 0xE7, 0xF9, 0xE3, 0xDF, 0xE1, 0xEF, 0xE0, 0xF7, 0xE0,
    0xF1, 0xF9, 0xF8, 0xFF, 0xF8, 0xFF, 0xF8, 0x77, 0xF8, 0x30, 0x00, 0x00, 0x06, 0x10, 0x00, 0x3C,
    0xE0, 0x00, 0xF3, 0xC0, 0x01, 0xE7, 0x80, 0x03, 0xCE, 0x00, 0x07, 0x18, 0x00, 0x00, 0x00, 0x00,
    0x1E, 0x00, 0x00, 0xF8, 0x00, 0x03, 0xF0, 0x00, 0x0F, 0xC0, 0x00, 0x7F, 0x80, 0x01, 0xFE, 0x00,
    0x0F, 0x3C, 0x00, 0x3C, 0xF0, 0x01, 0xE3, 0xC0, 0x07, 0x87, 0x80, 0x1C, 0x1E, 0x00, 0xF0, 0x3C,
    0x03, 0xC0, 0xF0, 0x1E, 0x03, 0xC0, 0x7F, 0xFF, 0x81, 0xFF, 0xFE, 0x0F, 0xFF, 0xFC, 0x3C, 0x00,
    0xF0, 0xF0, 0x03, 0xC7, 0x80, 0x0F, 0x9E, 0x00, 0x1E, 0xF0, 0x00, 0x7B, 0xC0, 0x00, 0xF0, 0x21,
    0x81, 0xCF, 0x07, 0xBC, 0x0F, 0x78, 0x1C, 0xF0, 0x31, 0xC0, 0x00, 0x00, 0x00, 0x3F, 0xE0, 0xFF,
    0xE3, 0xFF, 0x8E, 0x3F, 0x00, 0x3C, 0x00, 0xF1, 0xFF, 0xCF, 0xFF, 0x7F, 0xFF, 0xF0, 0xFF, 0x03,
    0xFC, 0x0F, 0xF0, 0x3F, 0xF0, 0xF7, 0xFF, 0xCF, 0xFF, 0x1F, 0xFC, 0x00, 0xFC, 0x00, 0x07, 0xF8,
    0x00, 0x3D, 0xE0, 0x00, 0xE1, 0xC0, 0x00, 0x00, 0x00, 0x00, 0x00, 0x00, 0x07, 0x80, 0x00, 0x3E,
    0x00, 0x00, 0xFC, 0x00, 0x03, 0xF0, 0x00, 0x1F, 0xE0, 0x00, 0x7F, 0x80, 0x03, 0xCF, 0x00, 0x0F,
    0x3C, 0x00, 0x78, 0xF0, 0x01, 0xE1, 0xE0, 0x07, 0x07, 0x80, 0x3C, 0x0F, 0x00, 0xF0, 0x3C, 0x07,
    0x80, 0xF0, 0x1F, 0xFF, 0xE0, 0x7F, 0xFF, 0x83, 0xFF, 0xFF, 0x0F, 0x00, 0x3C, 0x3C, 0x00, 0xF1,
    0xE0, 0x03, 0xE7, 0x80, 0x07, 0xBC, 0x00, 0x1E, 0xF0, 0x00, 0x3C, 0x07, 0xC0, 0x3F, 0xC1, 0xEF,
    0x07, 0x0C, 0x00, 0x00, 0x00, 0x00, 0x00, 0x0F, 0xF8, 0x3F, 0xF8, 0xFF, 0xE3, 0x8F, 0xC0, 0x0F,
    0x00, 0x3C, 0x7F, 0xF3, 0xFF, 0xDF, 0xFF, 0xFC, 0x3F, 0xC0, 0xFF, 0x03, 0xFC, 0x0F, 0xFC, 0x3D,
    0xFF, 0xF3, 0xFF, 0xC7, 0xFF, 0x10, 0xC0, 0x39, 0xE0, 0x3D, 0xE0, 0x1E, 0xF0, 0x0E, 0x78, 0x06,
    0x38, 0x00, 0x00, 0xFF, 0xFE, 0xFF, 0xFE, 0xFF, 0xFE, 0xF0, 0x00, 0xF0, 0x00, 0xF0, 0x00, 0xF0,
    0x00, 0xF0, 0x00, 0xF0, 0x00, 0xFF, 0xFC, 0xFF, 0xFC, 0xFF, 0xFC, 0xF0, 0x00, 0xF0, 0x00, 0xF0,
    0x00, 0xF0, 0x00, 0xF0, 0x00, 0xF0, 0x00, 0xF0, 0x00, 0xF0, 0x00, 0xFF, 0xFF, 0xFF, 0xFF, 0xFF,
    0xFF, 0x30, 0xC0, 0x79, 0xC0, 0x3D, 0xE0, 0x1C, 0xF0, 0x0E, 0x78, 0x06, 0x30, 0x00, 0x00, 0x00,
    0x00, 0x07, 0xF0, 0x1F, 0xFC, 0x3F, 0xFE, 0x3E, 0x7E, 0x78, 0x0F, 0x78, 0x0F, 0x7F, 0xFF, 0xFF,
    0xFF, 0xFF, 0xFF, 0xF0, 0x00, 0xF8, 0x00, 0x78, 0x00, 0x7C, 0x00, 0x3F, 0x1C, 0x3F, 0xFE, 0x1F,
    0xFE, 0x07, 0xFC, 0x07, 0xE0, 0x0F, 0xF0, 0x1E, 0xF0, 0x1C, 0x38, 0x00, 0x00, 0x00, 0x00, 0xFF,
    0xFE, 0xFF, 0xFE, 0xFF, 0xFE, 0xF0, 0x00, 0xF0, 0x00, 0xF0, 0x00, 0xF0, 0x00, 0xF0, 0x00, 0xF0,
    0x00, 0xFF, 0xFC, 0xFF, 0xFC, 0xFF, 0xFC, 0xF0, 0x00, 0xF0, 0x00, 0xF0, 0x00, 0xF0, 0x00, 0xF0,
    0x00, 0xF0, 0x00, 0xF0, 0x00, 0xF0, 0x00, 0xFF, 0xFF, 0xFF, 0xFF, 0xFF, 0xFF, 0x03, 0xE0, 0x0F,
    0xF0, 0x0F, 0x78, 0x0E, 0x38, 0x00, 0x00, 0x00, 0x00, 0x00, 0x00, 0x07, 0xF0, 0x1F, 0xFC, 0x3F,
    0xFE, 0x3E, 0x7E, 0x78, 0x0F, 0x78, 0x0F, 0x7F, 0xFF, 0xFF, 0xFF, 0xFF, 0xFF, 0xF0, 0x00, 0xF8,
    0x00, 0x78, 0x00, 0x7C, 0x00, 0x3F, 0x1C, 0x3F, 0xFE, 0x1F, 0xFE, 0x07, 0xFC, 0x61, 0x87, 0x38,
    0x7B, 0xC3, 0x9E, 0x1C, 0xF0, 0xC7, 0x00, 0x00, 0x78, 0x07, 0x80, 0x78, 0x07, 0x80, 0x78, 0x07,
    0x80, 0x78, 0x07, 0x80, 0x78, 0x07, 0x80, 0x78, 0x07, 0x80, 0x78, 0x07, 0x80, 0x78, 0x07, 0x80,
    0x78, 0x07, 0x80, 0x78, 0x07, 0x80, 0x78, 0x07, 0x80, 0x78, 0x61, 0x0F, 0x38, 0xF3, 0xC7, 0x9E,
    0x3C, 0xE1, 0xC6, 0x00, 0x00, 0x00, 0x07, 0x80, 0x78, 0x07, 0x80, 0x78, 0x07, 0x80, 0x78, 0x07,
    0x80, 0x78, 0x07, 0x80, 0x78, 0x07, 0x80, 0x78, 0x07, 0x80, 0x78, 0x07, 0x80, 0x78, 0x07, 0x80,
    0x3E, 0x7F, 0xFD, 0xFC, 0x70, 0x00, 0x00, 0xF0, 0x78, 0x3C, 0x1E, 0x0F, 0x07, 0x83, 0xC1, 0xE0,
    0xF0, 0x78, 0x3C, 0x1E, 0x0F, 0x07, 0x83, 0xC1, 0xE0, 0xF0, 0x78, 0x3C, 0x1E, 0x0F, 0x07, 0x83,
    0xC0, 0x3F, 0x1F, 0xE7, 0xBD, 0x87, 0x00, 0x00, 0x00, 0x00, 0x78, 0x1E, 0x07, 0x81, 0xE0, 0x78,
    0x1E, 0x07, 0x81, 0xE0, 0x78, 0x1E, 0x07, 0x81, 0xE0, 0x78, 0x1E, 0x07, 0x81, 0xE0, 0x78, 0x03,
    0x18, 0x00, 0x0E, 0x78, 0x00, 0x1E, 0xF8, 0x00, 0x1E, 0xF0, 0x00, 0x1E, 0xF0, 0x00, 0x18, 0xE0,
    0x00, 0x00, 0x00, 0x00, 0xFF, 0x80, 0x07, 0xFF, 0xC0, 0x1F, 0xFF, 0xE0, 0x7F, 0x9F, 0xC1, 0xF8,
    0x07, 0xC3, 0xE0, 0x07, 0xCF, 0x80, 0x07, 0x9E, 0x00, 0x0F, 0xBC, 0x00, 0x0F, 0x78, 0x00, 0x1E,
    0xF0, 0x00, 0x3D, 0xE0, 0x00, 0x7B, 0xC0, 0x00, 0xF7, 0x80, 0x01, 0xEF, 0x00, 0x03, 0xDE, 0x00,
    0x0F, 0xBE, 0x00, 0x1E, 0x3E, 0x00, 0x7C, 0x7E, 0x01, 0xF0, 0x7F, 0x1F, 0xC0, 0x7F, 0xFF, 0x80,
    0x7F, 0xFC, 0x00, 0x3F, 0xE0, 0x00, 0x10, 0xC0, 0x1C, 0xF0, 0x0F, 0x78, 0x03, 0xDE, 0x00, 0xF7,
    0x80, 0x31, 0xC0, 0x00, 0x00, 0x00, 0x00, 0x07, 0xF8, 0x0F, 0xFE, 0x0F, 0xFF, 0x87, 0xE7, 0xE7,
    0xC0, 0xF3, 0xC0, 0x3D, 0xE0, 0x1F, 0xE0, 0x0F, 0xF0, 0x07, 0xF8, 0x03, 0xDE, 0x01, 0xEF, 0x00,
    0xF7, 0xC0, 0xF1, 0xF9, 0xF8, 0xFF, 0xF8, 0x3F, 0xF8, 0x07, 0xF8, 0x00, 0x00, 0x7E, 0x00, 0x01,
    0xFE, 0x00, 0x07, 0x9C, 0x00, 0x0E, 0x1C, 0x00, 0x00, 0x00, 0x00, 0x00, 0x00, 0x00, 0x7F, 0xC0,
    0x03, 0xFF, 0xE0, 0x0F, 0xFF, 0xF0, 0x3F, 0xCF, 0xE0, 0xFC, 0x03, 0xE1, 0xF0, 0x03, 0xE7, 0xC0,
    0x03, 0xCF, 0x00, 0x07, 0xDE, 0x00, 0x07, 0xBC, 0x00, 0x0F, 0x78, 0x00, 0x1E, 0xF0, 0x00, 0x3D,
    0xE0, 0x00, 0x7B, 0xC0, 0x00, 0xF7, 0x80, 0x01, 0xEF, 0x00, 0x07, 0xDF, 0x00, 0x0F, 0x1F, 0x00,
    0x3E, 0x3F, 0x00, 0xF8, 0x3F, 0x8F, 0xE0, 0x3F, 0xFF, 0xC0, 0x3F, 0xFE, 0x00, 0x1F, 0xF0, 0x00,
    0x03, 0xF0, 0x03, 0xFC, 0x03, 0xDE, 0x01, 0xC3, 0x00, 0x00, 0x00, 0x00, 0x00, 0x00, 0x00, 0x0F,
    0xF0, 0x1F, 0xFC, 0x1F, 0xFF, 0x0F, 0xCF, 0xCF, 0x81, 0xE7, 0x80, 0x7B, 0xC0, 0x3F, 0xC0, 0x1F,
    0xE0, 0x0F, 0xF0, 0x07, 0xBC, 0x03, 0xDE, 0x01, 0xEF, 0x81, 0xE3, 0xF3, 0xF1, 0xFF, 0xF0, 0x7F,
    0xF0, 0x0F, 0xF0, 0x21, 0x80, 0x0E, 0x78, 0x01, 0xEF, 0x00, 0x1E, 0xF0, 0x01, 0xCF, 0x00, 0x18,
    0xE0, 0x00, 0x00, 0x03, 0xFF, 0x80, 0xFF, 0xFC, 0x1F, 0xFF, 0xE3, 0xC1, 0xFC, 0x78, 0x07, 0xCF,
    0x00, 0x79, 0xE0, 0x0F, 0x3C, 0x01, 0xE7, 0x80, 0x3C, 0xF0, 0x0F, 0x9E, 0x0F, 0xE3, 0xFF, 0xFC,
    0x7F, 0xFF, 0x0F, 0xFF, 0x81, 0xE0, 0xF0, 0x3C, 0x1F, 0x07, 0x81, 0xF0, 0xF0, 0x1E, 0x1E, 0x01,
    0xE3, 0xC0, 0x3E, 0x78, 0x03, 0xCF, 0x00, 0x7D, 0xE0, 0x07, 0x80, 0x21, 0x83, 0x9E, 0x1E, 0xF0,
    0x7B, 0xC1, 0xCF, 0x06, 0x38, 0x00, 0x00, 0x00, 0x1F, 0xF9, 0xFF, 0xCF, 0xFC, 0x7C, 0x63, 0xC0,
    0x1E, 0x00, 0xF0, 0x07, 0x80, 0x3C, 0x01, 0xE0, 0x0F, 0x00, 0x78, 0x03, 0xC0, 0x1E, 0x00, 0xF0,
    0x07, 0x80, 0x3C, 0x00, 0x07, 0xE0, 0x01, 0xFE, 0x00, 0x7B, 0xC0, 0x0E, 0x18, 0x00, 0x00, 0x00,
    0x00, 0x00, 0x1F, 0xFC, 0x07, 0xFF, 0xE0, 0xFF, 0xFF, 0x1E, 0x0F, 0xE3, 0xC0, 0x3E, 0x78, 0x03,
    0xCF, 0x00, 0x79, 0xE0, 0x0F, 0x3C, 0x01, 0xE7, 0x80, 0x7C, 0xF0, 0x7F, 0x1F, 0xFF, 0xE3, 0xFF,
    0xF8, 0x7F, 0xFC, 0x0F, 0x07, 0x81, 0xE0, 0xF8, 0x3C, 0x0F, 0x87, 0x80, 0xF0, 0xF0, 0x0F, 0x1E,
    0x01, 0xF3, 0xC0, 0x1E, 0x78, 0x03, 0xEF, 0x00, 0x3C, 0x1F, 0x07, 0xF9, 0xEF, 0x38, 0xE0, 0x00,
    0x00, 0x00, 0x03, 0xFF, 0xFF, 0xFF, 0xFB, 0xE3, 0x78, 0x0F, 0x01, 0xE0, 0x3C, 0x07, 0x80, 0xF0,
    0x1E, 0x03, 0xC0, 0x78, 0x0F, 0x01, 0xE0, 0x3C, 0x07, 0x80, 0x18, 0x60, 0x07, 0x9C, 0x00, 0xFB,
    0xC0, 0x0F, 0x3C, 0x00, 0xF3, 0xC0, 0x0E, 0x30, 0x00, 0x00, 0x07, 0x80, 0x1E, 0xF0, 0x03, 0xDE,
    0x00, 0x7B, 0xC0, 0x0F, 0x78, 0x01, 0xEF, 0x00, 0x3D, 0xE0, 0x07, 0xBC, 0x00, 0xF7, 0x80, 0x1E,
    0xF0, 0x03, 0xDE, 0x00, 0x7B, 0xC0, 0x0F, 0x78, 0x01, 0xEF, 0x00, 0x3D, 0xE0, 0x07, 0xBC, 0x00,
    0xF3, 0xC0, 0x1E, 0x78, 0x03, 0xCF, 0x80, 0xF8, 0xFC, 0x7E, 0x1F, 0xFF, 0x81, 0xFF, 0xE0, 0x0F,
    0xF8, 0x00, 0x61, 0x81, 0xE7, 0x03, 0xEF, 0x03, 0xCF, 0x03, 0xCF, 0x03, 0x8C, 0x00, 0x00, 0x00,
    0x00, 0xF0, 0x1F, 0xE0, 0x3F, 0xC0, 0x7F, 0x80, 0xFF, 0x01, 0xFE, 0x03, 0xFC, 0x07, 0xF8, 0x0F,
    0xF0, 0x1F, 0xE0, 0x3F, 0xC0, 0x7F, 0x80, 0xFF, 0x81, 0xEF, 0xC7, 0xDF, 0xFF, 0x9F, 0xFF, 0x0F,
    0xFC, 0x03, 0xF0, 0x00, 0xFF, 0x00, 0x1E, 0xF0, 0x03, 0x0E, 0x00, 0x00, 0x00, 0x00, 0x00, 0x3C,
    0x00, 0xF7, 0x80, 0x1E, 0xF0, 0x03, 0xDE, 0x00, 0x7B, 0xC0, 0x0F, 0x78, 0x01, 0xEF, 0x00, 0x3D,
    0xE0, 0x07, 0xBC, 0x00, 0xF7, 0x80, 0x1E, 0xF0, 0x03, 0xDE, 0x00, 0x7B, 0xC0, 0x0F, 0x78, 0x01,
    0xEF, 0x00, 0x3D, 0xE0, 0x07, 0x9E, 0x00, 0xF3, 0xC0, 0x1E, 0x7C, 0x07, 0xC7, 0xE3, 0xF0, 0xFF,
    0xFC, 0x0F, 0xFF, 0x00, 0x7F, 0xC0, 0x0F, 0xC0, 0x3F, 0xC0, 0x7B, 0xC0, 0xC3, 0x80, 0x00, 0x00,
    0x00, 0x00, 0x00, 0x78, 0x0F, 0xF0, 0x1F, 0xE0, 0x3F, 0xC0, 0x7F, 0x80, 0xFF, 0x01, 0xFE, 0x03,
    0xFC, 0x07, 0xF8, 0x0F, 0xF0, 0x1F, 0xE0, 0x3F, 0xC0, 0x7F, 0xC0, 0xF7, 0xE3, 0xEF, 0xFF, 0xCF,
    0xFF, 0x87, 0xFE, 0x0F, 0xF8, 0x3F, 0xFE, 0x7F, 0xFE, 0x7E, 0x3C, 0xF8, 0x00, 0xF0, 0x00, 0xF0,
    0x00, 0xF8, 0x00, 0x7C, 0x00, 0x7F, 0x00, 0x3F, 0xC0, 0x0F, 0xF0, 0x03, 0xFC, 0x00, 0xFE, 0x00,
    0x3E, 0x00, 0x1F, 0x00, 0x0F, 0x00, 0x0F, 0x40, 0x1F, 0xF8, 0x7E, 0xFF, 0xFE, 0xFF, 0xFC, 0x3F,
    0xF0, 0x00, 0x00, 0x00, 0x00, 0x03, 0xC0, 0x03, 0xC0, 0x07, 0x80, 0x0F, 0x80, 0x0F, 0x00, 0x1F,
    0xF1, 0xFF, 0x9F, 0xFD, 0xF8, 0xCF, 0x00, 0x78, 0x03, 0xF0, 0x0F, 0xF0, 0x3F, 0xE0, 0x7F, 0x80,
    0x7E, 0x00, 0xF0, 0x07, 0xF8, 0xFF, 0xFF, 0xDF, 0xFE, 0x7F, 0xC0, 0x00, 0x00, 0x00, 0x1E, 0x00,
    0xF0, 0x0F, 0x80, 0xF8, 0x07, 0x80, 0xFF, 0xFF, 0xDF, 0xFF, 0xFB, 0xFF, 0xFF, 0x00, 0xF0, 0x00,
    0x1E, 0x00, 0x03, 0xC0, 0x00, 0x78, 0x00, 0x0F, 0x00, 0x01, 0xE0, 0x00, 0x3C, 0x00, 0x07, 0x80,
    0x00, 0xF0, 0x00, 0x1E, 0x00, 0x03, 0xC0, 0x00, 0x78, 0x00, 0x0F, 0x00, 0x01, 0xE0, 0x00, 0x3C,
    0x00, 0x07, 0x80, 0x00, 0xF0, 0x00, 0x1E, 0x00, 0x03, 0xC0, 0x00, 0x78, 0x00, 0x00, 0x00, 0x00,
    0x00, 0x00, 0x1C, 0x00, 0x07, 0x80, 0x00, 0xF0, 0x00, 0x7E, 0x00, 0x0F, 0x80, 0x00, 0xF0, 0x1E,
    0x03, 0xC0, 0x78, 0x0F, 0x01, 0xFF, 0xBF, 0xF7, 0xFE, 0xF0, 0x1E, 0x03, 0xC0, 0x78, 0x0F, 0x01,
    0xE0, 0x3C, 0x07, 0x80, 0xF0, 0x1E, 0x03, 0xF3, 0x3F, 0xF7, 0xFE, 0x3F, 0xC0, 0x00, 0x00, 0x0F,
    0x01, 0xE0, 0x78, 0x1F, 0x03, 0xC0, 0x3F, 0xE0, 0xFF, 0xF8, 0x7F, 0xFC, 0x78, 0xFC, 0x00, 0x3E,
    0x00, 0x1E, 0x00, 0x1E, 0x00, 0x1E, 0x00, 0x1E, 0x00, 0x1E, 0x00, 0x7C, 0x01, 0xFC, 0x0F, 0xF0,
    0x0F, 0xF0, 0x0F, 0xFC, 0x03, 0xFE, 0x00, 0x3E, 0x00, 0x1F, 0x00, 0x0F, 0x00, 0x0F, 0x00, 0x0F,
    0x00, 0x0F, 0x00, 0x0F, 0x00, 0x1F, 0x00, 0x7E, 0x0F, 0xFC, 0x7F, 0xF8, 0xFF, 0xF0, 0xFF, 0x80,
    0x7F, 0xC7, 0xFF, 0x3F, 0xFD, 0xE7, 0xE0, 0x0F, 0x00, 0x3C, 0x01, 0xC0, 0x1E, 0x07, 0xE0, 0xFE,
    0x07, 0xF8, 0x3F, 0xE0, 0x3F, 0x80, 0x3C, 0x01, 0xE0, 0x0F, 0x00, 0x78, 0x03, 0xC0, 0x7E, 0x7F,
    0xEF, 0xFE, 0x7F, 0xC3, 0xF8, 0x00, 0x06, 0x0C, 0x00, 0xF3, 0x80, 0x0F, 0xF0, 0x00, 0xFC, 0x00,
    0x0F, 0x00, 0x00, 0xC0, 0x00, 0x00, 0x07, 0x80, 0x0F, 0xF0, 0x01, 0xFE, 0x00, 0x3F, 0xC0, 0x07,
    0xF8, 0x00, 0xFF, 0x00, 0x1F, 0xE0, 0x03, 0xFC, 0x00, 0x7F, 0x80, 0x0F, 0xFF, 0xFF, 0xFF, 0xFF,
    0xFF, 0xFF, 0xFF, 0xF8, 0x00, 0xFF, 0x00, 0x1F, 0xE0, 0x03, 0xFC, 0x00, 0x7F, 0x80, 0x0F, 0xF0,
    0x01, 0xFE, 0x00, 0x3F, 0xC0, 0x07, 0xF8, 0x00, 0xFF, 0x00, 0x1F, 0xE0, 0x03, 0xC0, 0x61, 0x80,
    0x77, 0x80, 0x7F, 0x00, 0x3E, 0x00, 0x0C, 0x00, 0x00, 0x00, 0x00, 0x00, 0x78, 0x00, 0x78, 0x00,
    0x78, 0x00, 0x78, 0x00, 0x78, 0x00, 0x78, 0x00, 0x78, 0x00, 0x78, 0x00, 0x7F, 0xF0, 0x7F, 0xFC,
    0x7F, 0xFE, 0x7E, 0x7E, 0x78, 0x1F, 0x78, 0x0F, 0x78, 0x0F, 0x78, 0x0F, 0x78, 0x0F, 0x78, 0x0F,
    0x78, 0x0F, 0x78, 0x0F, 0x78, 0x0F, 0x78, 0x0F, 0x78, 0x0F, 0x78, 0x0F, 0x78, 0x0F, 0x70, 0x3C,
    0x0F, 0x03, 0xC0, 0xF0, 0x3C, 0x07, 0x87, 0x87, 0x87, 0x87, 0x83, 0x80, 0x1F, 0x01, 0xF8, 0x3B,
    0xC7, 0x1C, 0xE0, 0xE0, 0x10, 0x37, 0xC3, 0xFF, 0xFE, 0x7F, 0xC3, 0xE0, 0xFF, 0xFF, 0xFF, 0xFC,
    0x60, 0x6E, 0x1D, 0xFF, 0x9F, 0xE1, 0xF8, 0xFF, 0xF0, 0xE1, 0xF8, 0x7E, 0x1C, 0x7C, 0xFE, 0xE7,
    0xC7, 0xE7, 0xFE, 0x7C, 0x0E, 0x3C, 0x79, 0xE3, 0xCF, 0x1E, 0x38, 0x71, 0xC0, 0xF0, 0xF7, 0x9E,
    0x3F, 0xC1, 0xF8, 0x0F, 0x00, 0x3F, 0x1F, 0xE7, 0xBF, 0x87, 0x1C, 0xE3, 0x9E, 0x79, 0xEF, 0x3C,
    0xF0, 0x73, 0xBD, 0xCC, 0x00, 0x38, 0x70, 0xF8, 0x70, 0xFF, 0xFF, 0xFE, 0x10, 0xE7, 0x18, 0xE3,
    0x8F, 0xFF, 0x7C, 0x02, 0x00, 0x07, 0x00, 0x07, 0x80, 0x03, 0xC0, 0x01, 0xE0, 0x00, 0xE0, 0x00,
    0x00, 0xFF, 0xFE, 0xFF, 0xFE, 0xFF, 0xFE, 0xF0, 0x00, 0xF0, 0x00, 0xF0, 0x00, 0xF0, 0x00, 0xF0,
    0x00, 0xF0, 0x00, 0xFF, 0xFC, 0xFF, 0xFC, 0xFF, 0xFC, 0xF0, 0x00, 0xF0, 0x00, 0xF0, 0x00, 0xF0,
    0x00, 0xF0, 0x00, 0xF0, 0x00, 0xF0, 0x00, 0xF0, 0x00, 0xFF, 0xFF, 0xFF, 0xFF, 0xFF, 0xFF, 0x1C,
    0x78, 0x3E, 0x78, 0x3E, 0x78, 0x1C, 0x78, 0x00, 0x00, 0x00, 0x00, 0xFF, 0xFE, 0xFF, 0xFE, 0xFF,
    0xFE, 0xF0, 0x00, 0xF0, 0x00, 0xF0, 0x00, 0xF0, 0x00, 0xF0, 0x00, 0xF0, 0x00, 0xFF, 0xFC, 0xFF,
    0xFC, 0xFF, 0xFC, 0xF0, 0x00, 0xF0, 0x00, 0xF0, 0x00, 0xF0, 0x00, 0xF0, 0x00, 0xF0, 0x00, 0xF0,
    0x00, 0xF0, 0x00, 0xFF, 0xFF, 0xFF, 0xFF, 0xFF, 0xFF, 0xFF, 0xFF, 0xE0, 0xFF, 0xFF, 0xE0, 0xFF,
    0xFF, 0xE0, 0x01, 0xE0, 0x00, 0x01, 0xE0, 0x00, 0x01, 0xE0, 0x00, 0x01, 0xE0, 0x00, 0x01, 0xE0,
    0x00, 0x01, 0xFF, 0xE0, 0x01, 0xFF, 0xF8, 0x01, 0xFF, 0xFC, 0x01, 0xF8, 0xFE, 0x01, 0xE0, 0x1E,
    0x01, 0xE0, 0x1F, 0x01, 0xE0, 0x0F, 0x01, 0xE0, 0x0F, 0x01, 0xE0, 0x0F, 0x01, 0xE0, 0x0F, 0x01,
    0xE0, 0x1E, 0x01, 0xE0, 0x7E, 0x01, 0xE1, 0xFE, 0x01, 0xE1, 0xFC, 0x01, 0xE1, 0xF0, 0x00, 0x60,
    0x01, 0xE0, 0x07, 0x80, 0x1E, 0x00, 0x78, 0x00, 0xE0, 0x00, 0x00, 0x7F, 0xFF, 0xFF, 0xFF, 0xFF,
    0xFF, 0xC0, 0x07, 0x80, 0x0F, 0x00, 0x1E, 0x00, 0x3C, 0x00, 0x78, 0x00, 0xF0, 0x01, 0xE0, 0x03,
    0xC0, 0x07, 0x80, 0x0F, 0x00, 0x1E, 0x00, 0x3C, 0x00, 0x78, 0x00, 0xF0, 0x01, 0xE0, 0x03, 0xC0,
    0x07, 0x80, 0x0F, 0x00, 0x1E, 0x00, 0x00, 0x01, 0xFF, 0x80, 0xFF, 0xFC, 0x3F, 0xFF, 0x8F, 0xF1,
    0xE3, 0xF0, 0x00, 0x7C, 0x00, 0x1F, 0x00, 0x03, 0xC0, 0x00, 0x78, 0x00, 0x0F, 0x00, 0x01, 0xFF,
    0xF8, 0x3F, 0xFF, 0x07, 0xFF, 0xE0, 0xF0, 0x00, 0x1E, 0x00, 0x03, 0xC0, 0x00, 0x7C, 0x00, 0x07,
    0xC0, 0x00, 0xFC, 0x00, 0x0F, 0xE1, 0xE0, 0xFF, 0xFE, 0x0F, 0xFF, 0xC0, 0x7F, 0xE0, 0x0F, 0xF8,
    0x3F, 0xFE, 0x7F, 0xFE, 0x7E, 0x3C, 0xF8, 0x00, 0xF0, 0x00, 0xF0, 0x00, 0xF8, 0x00, 0x7C, 0x00,
    0x7F, 0x00, 0x3F, 0xC0, 0x0F, 0xF0, 0x03, 0xFC, 0x00, 0xFE, 0x00, 0x3E, 0x00, 0x1F, 0x00, 0x0F,
    0x00, 0x0F, 0x40, 0x1F, 0xF8, 0x7E, 0xFF, 0xFE, 0xFF, 0xFC, 0x3F, 0xF0, 0xF7, 0xBD, 0xEF, 0x7B,
    0xDE, 0xF7, 0xBD, 0xEF, 0x7B, 0xDE, 0xF7, 0xBD, 0xEF, 0x7B, 0xC0, 0x71, 0xDF, 0x7F, 0xEF, 0xB8,
    0xE0, 0x00, 0x00, 0x07, 0x80, 0xF0, 0x1E, 0x03, 0xC0, 0x78, 0x0F, 0x01, 0xE0, 0x3C, 0x07, 0x80,
    0xF0, 0x1E, 0x03, 0xC0, 0x78, 0x0F, 0x01, 0xE0, 0x3C, 0x07, 0x80, 0xF0, 0x1E, 0x03, 0xC0, 0x78,
    0x0F, 0x01, 0xE0, 0x00, 0x3C, 0x00, 0xF0, 0x03, 0xC0, 0x0F, 0x00, 0x3C, 0x00, 0xF0, 0x03, 0xC0,
    0x0F, 0x00, 0x3C, 0x00, 0xF0, 0x03, 0xC0, 0x0F, 0x00, 0x3C, 0x00, 0xF0, 0x03, 0xC0, 0x0F, 0x00,
    0x3C, 0x00, 0xF4, 0x07, 0xDE, 0x7E, 0xFF, 0xFB, 0xFF, 0xC3, 0xFC, 0x00, 0x01, 0xFF, 0xF8, 0x00,
    0x00, 0x7F, 0xFE, 0x00, 0x00, 0x1F, 0xFF, 0x80, 0x00, 0x07, 0x81, 0xE0, 0x00, 0x01, 0xE0, 0x78,
    0x00, 0x00, 0x78, 0x1E, 0x00, 0x00, 0x1E, 0x07, 0x80, 0x00, 0x07, 0x81, 0xE0, 0x00, 0x01, 0xE0,
    0x7F, 0xF8, 0x00, 0x78, 0x1F, 0xFF, 0x80, 0x1E, 0x07, 0xFF, 0xF0, 0x07, 0x01, 0xE3, 0xFE, 0x03,
    0xC0, 0x78, 0x0F, 0x80, 0xF0, 0x1E, 0x01, 0xE0, 0x3C, 0x07, 0x80, 0x78, 0x0F, 0x01, 0xE0, 0x1F,
    0x07, 0x80, 0x78, 0x07, 0x81, 0xE0, 0x1E, 0x01, 0xE0, 0xF8, 0x07, 0x80, 0xF8, 0xFC, 0x01, 0xE1,
    0xFC, 0xFE, 0x00, 0x7F, 0xFF, 0x3F, 0x00, 0x1F, 0xFF, 0x8F, 0x80, 0x07, 0xFF, 0x80, 0x00, 0x00,
    0x00, 0x00, 0xF0, 0x03, 0xC0, 0x01, 0xE0, 0x07, 0x80, 0x03, 0xC0, 0x0F, 0x00, 0x07, 0x80, 0x1E,
    0x00, 0x0F, 0x00, 0x3C, 0x00, 0x1E, 0x00, 0x78, 0x00, 0x3C, 0x00, 0xF0, 0x00, 0x78, 0x01, 0xE0,
    0x00, 0xFF, 0xFF, 0xFF, 0xC1, 0xFF, 0xFF, 0xFF, 0xE3, 0xFF, 0xFF, 0xFF, 0xE7, 0x80, 0x1E, 0x1F,
    0xEF, 0x00, 0x3C, 0x03, 0xDE, 0x00, 0x78, 0x07, 0xFC, 0x00, 0xF0, 0x07, 0xF8, 0x01, 0xE0, 0x0F,
    0xF0, 0x03, 0xC0, 0x1F, 0xE0, 0x07, 0x80, 0x7F, 0xC0, 0x0F, 0x00, 0xF7, 0x80, 0x1E, 0x0F, 0xEF,
    0x00, 0x3F, 0xFF, 0x9E, 0x00, 0x7F, 0xFE, 0x3C, 0x00, 0x7F, 0xF0, 0x00, 0xFF, 0xFF, 0xE1, 0xFF,
    0xFF, 0xC3, 0xFF, 0xFF, 0x80, 0x0F, 0x00, 0x00, 0x1E, 0x00, 0x00, 0x3C, 0x00, 0x00, 0x78, 0x00,
    0x00, 0xF0, 0x00, 0x01, 0xFF, 0xE0, 0x03, 0xFF, 0xF0, 0x07, 0xFF, 0xE0, 0x0F, 0xC7, 0xE0, 0x1E,
    0x03, 0xC0, 0x3C, 0x03, 0xC0, 0x78, 0x07, 0x80, 0xF0, 0x0F, 0x01, 0xE0, 0x1E, 0x03, 0xC0, 0x3C,
    0x07, 0x80, 0x78, 0x0F, 0x00, 0xF0, 0x1E, 0x01, 0xE0, 0x3C, 0x03, 0xC0, 0x78, 0x07, 0x80, 0x00,
    0x30, 0x00, 0x0F, 0x00, 0x03, 0xE0, 0x00, 0xF8, 0x00, 0x3C, 0x00, 0x03, 0x00, 0x00, 0x00, 0x07,
    0x80, 0x3E, 0xF0, 0x0F, 0x9E, 0x03, 0xE3, 0xC0, 0xF8, 0x78, 0x3E, 0x0F, 0x0F, 0x81, 0xE3, 0xE0,
    0x3C, 0xF8, 0x07, 0xBE, 0x00, 0xFF, 0x80, 0x1F, 0xE0, 0x03, 0xFE, 0x00, 0x7F, 0xE0, 0x0F, 0x3E,
    0x01, 0xE3, 0xE0, 0x3C, 0x3E, 0x07, 0x83, 0xE0, 0xF0, 0x3E, 0x1E, 0x03, 0xE3, 0xC0, 0x3E, 0x78,
    0x03, 0xCF, 0x00, 0x7D, 0xE0, 0x07, 0xC0, 0x01, 0x80, 0x00, 0x3C, 0x00, 0x03, 0xE0, 0x00, 0x1E,
    0x00, 0x00, 0xF0, 0x00, 0x03, 0x00, 0x00, 0x00, 0x0F, 0x00, 0x0F, 0xF0, 0x01, 0xFF, 0x00, 0x3F,
    0xF0, 0x07, 0xFF, 0x00, 0x7F, 0xF0, 0x0F, 0xFF, 0x01, 0xEF, 0xF0, 0x3E, 0xFF, 0x03, 0xCF, 0xF0,
    0x78, 0xFF, 0x0F, 0x0F, 0xF1, 0xF0, 0xFF, 0x1E, 0x0F, 0xF3, 0xC0, 0xFF, 0x7C, 0x0F, 0xF7, 0x80,
    0xFF, 0xF0, 0x0F, 0xFE, 0x00, 0xFF, 0xE0, 0x0F, 0xFC, 0x00, 0xFF, 0xC0, 0x0F, 0xF8, 0x00, 0xFF,
    0x00, 0x0F, 0x07, 0x0E, 0x00, 0x79, 0xE0, 0x07, 0xFE, 0x00, 0x1F, 0xC0, 0x00, 0x00, 0x00, 0x00,
    0x00, 0xF8, 0x01, 0xE7, 0x80, 0x1E, 0x7C, 0x03, 0xE3, 0xC0, 0x3C, 0x3E, 0x03, 0xC1, 0xE0, 0x3C,
    0x1F, 0x07, 0x80, 0xF0, 0x78, 0x0F, 0x8F, 0x00, 0x78, 0xF0, 0x07, 0xCF, 0x00, 0x3D, 0xE0, 0x03,
    0xFE, 0x00, 0x1F, 0xC0, 0x01, 0xFC, 0x00, 0x0F, 0xC0, 0x00, 0x78, 0x00, 0x07, 0x80, 0x00, 0xF0,
    0x02, 0x7E, 0x00, 0x7F, 0xE0, 0x07, 0xFC, 0x00, 0x7F, 0x00, 0x00, 0xF0, 0x01, 0xFE, 0x00, 0x3F,
    0xC0, 0x07, 0xF8, 0x00, 0xFF, 0x00, 0x1F, 0xE0, 0x03, 0xFC, 0x00, 0x7F, 0x80, 0x0F, 0xF0, 0x01,
    0xFE, 0x00, 0x3F, 0xC0, 0x07, 0xF8, 0x00, 0xFF, 0x00, 0x1F, 0xE0, 0x03, 0xFC, 0x00, 0x7F, 0x80,
    0x0F, 0xF0, 0x01, 0xFE, 0x00, 0x3F, 0xC0, 0x07, 0xF8, 0x00, 0xFF, 0xFF, 0xFF, 0xFF, 0xFF, 0xFF,
    0xFF, 0xF8, 0x07, 0x00, 0x00, 0xE0, 0x00, 0x1C, 0x00, 0x03, 0x80, 0x00, 0x70, 0x00, 0x0E, 0x00,
    0x00, 0x78, 0x00, 0x03, 0xE0, 0x00, 0x0F, 0xC0, 0x00, 0x3F, 0x00, 0x01, 0xFE, 0x00, 0x07, 0xF8,
    0x00, 0x3C, 0xF0, 0x00, 0xF3, 0xC0, 0x07, 0x8F, 0x00, 0x1E, 0x1E, 0x00, 0x70, 0x78, 0x03, 0xC0,
    0xF0, 0x0F, 0x03, 0xC0, 0x78, 0x0F, 0x01, 0xFF, 0xFE, 0x07, 0xFF, 0xF8, 0x3F, 0xFF, 0xF0, 0xF0,
    0x03, 0xC3, 0xC0, 0x0F, 0x1E, 0x00, 0x3E, 0x78, 0x00, 0x7B, 0xC0, 0x01, 0xEF, 0x00, 0x03, 0xC0,
    0xFF, 0xFE, 0x3F, 0xFF, 0x8F, 0xFF, 0xE3, 0xC0, 0x00, 0xF0, 0x00, 0x3C, 0x00, 0x0F, 0x00, 0x03,
    0xC0, 0x00, 0xFF, 0xF8, 0x3F, 0xFF, 0x8F, 0xFF, 0xF3, 0xC1, 0xFC, 0xF0, 0x0F, 0xBC, 0x01, 0xEF,
    0x00, 0x7B, 0xC0, 0x1E, 0xF0, 0x07, 0xBC, 0x01, 0xEF, 0x00, 0xFB, 0xC1, 0xFC, 0xFF, 0xFF, 0x3F,
    0xFF, 0x07, 0xFF, 0x00, 0x7F, 0xF8, 0x3F, 0xFF, 0x8F, 0xFF, 0xF3, 0xC1, 0xFC, 0xF0, 0x0F, 0xBC,
    0x01, 0xEF, 0x00, 0x7B, 0xC0, 0x3C, 0xF0, 0x7F, 0x3F, 0xFF, 0x8F, 0xFF, 0xE3, 0xFF, 0xFC, 0xF0,
    0x3F, 0xBC, 0x01, 0xFF, 0x00, 0x3F, 0xC0, 0x0F, 0xF0, 0x03, 0xFC, 0x01, 0xFF, 0x00, 0x7B, 0xC1,
    0xFE, 0xFF, 0xFF, 0x3F, 0xFF, 0x87, 0xFF, 0x80, 0xFF, 0xFF, 0xFF, 0xFF, 0xFF, 0xFF, 0x80, 0x0F,
    0x00, 0x1E, 0x00, 0x3C, 0x00, 0x78, 0x00, 0xF0, 0x01, 0xE0, 0x03, 0xC0, 0x07, 0x80, 0x0F, 0x00,
    0x1E, 0x00, 0x3C, 0x00, 0x78, 0x00, 0xF0, 0x01, 0xE0, 0x03, 0xC0, 0x07, 0x80, 0x0F, 0x00, 0x1E,
    0x00, 0x3C, 0x00, 0x00, 0x01, 0xFF, 0xF8, 0x01, 0xFF, 0xF8, 0x01, 0xFF, 0xF8, 0x01, 0xE0, 0x78,
    0x01, 0xE0, 0x78, 0x01, 0xE0, 0x78, 0x01, 0xE0, 0x78, 0x01, 0xE0, 0x78, 0x01, 0xE0, 0x78, 0x01,
    0xE0, 0x78, 0x01, 0xC0, 0x78, 0x03, 0xC0, 0x78, 0x03, 0xC0, 0x78, 0x03, 0xC0, 0x78, 0x03, 0xC0,
    0x78, 0x07, 0x80, 0x78, 0x07, 0x80, 0x78, 0x0F, 0x80, 0x78, 0x0F, 0x00, 0x78, 0x1E, 0x00, 0x78,
    0xFF, 0xFF, 0xFF, 0xFF, 0xFF, 0xFF, 0xFF, 0xFF, 0xFF, 0xF0, 0x00, 0x0F, 0xF0, 0x00, 0x0F, 0xF0,
    0x00, 0x0F, 0xF0, 0x00, 0x0F, 0xF0, 0x00, 0x0F, 0xF0, 0x00, 0x0F, 0xFF, 0xFE, 0xFF, 0xFE, 0xFF,
    0xFE, 0xF0, 0x00, 0xF0, 0x00, 0xF0, 0x00, 0xF0, 0x00, 0xF0, 0x00, 0xF0, 0x00, 0xFF, 0xFC, 0xFF,
    0xFC, 0xFF, 0xFC, 0xF0, 0x00, 0xF0, 0x00, 0xF0, 0x00, 0xF0, 0x00, 0xF0, 0x00, 0xF0, 0x00, 0xF0,
    0x00, 0xF0, 0x00, 0xFF, 0xFF, 0xFF, 0xFF, 0xFF, 0xFF, 0x7C, 0x07, 0x80, 0xF8, 0xF8, 0x1E, 0x07,
    0xC1, 0xE0, 0x78, 0x3E, 0x03, 0xC1, 0xE1, 0xF0, 0x07, 0x87, 0x87, 0x80, 0x1F, 0x1E, 0x3C, 0x00,
    0x3E, 0x79, 0xF0, 0x00, 0x7D, 0xEF, 0x80, 0x00, 0xFF, 0xFC, 0x00, 0x01, 0xFF, 0xE0, 0x00, 0x03,
    0xFF, 0x00, 0x00, 0x1F, 0xFE, 0x00, 0x00, 0xF7, 0xFC, 0x00, 0x07, 0xDE, 0xF8, 0x00, 0x3E, 0x79,
    0xF0, 0x01, 0xF1, 0xE3, 0xE0, 0x07, 0x87, 0x87, 0x80, 0x3C, 0x1E, 0x0F, 0x01, 0xF0, 0x78, 0x3E,
    0x0F, 0x81, 0xE0, 0x78, 0x3C, 0x07, 0x80, 0xF1, 0xF0, 0x1E, 0x03, 0xE7, 0x80, 0x78, 0x07, 0x80,
    0x1F, 0xF8, 0x0F, 0xFF, 0x83, 0xFF, 0xF0, 0xF1, 0xFC, 0x00, 0x0F, 0x00, 0x03, 0xE0, 0x00, 0xF0,
    0x00, 0x3C, 0x00, 0x7E, 0x03, 0xFF, 0x00, 0xFF, 0xC0, 0x3F, 0xFC, 0x00, 0x7F, 0x00, 0x03, 0xE0,
    0x00, 0x78, 0x00, 0x1F, 0x00, 0x07, 0xC0, 0x01, 0xE2, 0x00, 0xF9, 0xF0, 0xFE, 0x7F, 0xFF, 0x1F,
    0xFF, 0x81, 0xFF, 0x80, 0xF0, 0x00, 0xFF, 0x00, 0x1F, 0xF0, 0x03, 0xFF, 0x00, 0x7F, 0xF0, 0x07,
    0xFF, 0x00, 0xFF, 0xF0, 0x1E, 0xFF, 0x03, 0xEF, 0xF0, 0x3C, 0xFF, 0x07, 0x8F, 0xF0, 0xF0, 0xFF,
    0x1F, 0x0F, 0xF1, 0xE0, 0xFF, 0x3C, 0x0F, 0xF7, 0xC0, 0xFF, 0x78, 0x0F, 0xFF, 0x00, 0xFF, 0xE0,
    0x0F, 0xFE, 0x00, 0xFF, 0xC0, 0x0F, 0xFC, 0x00, 0xFF, 0x80, 0x0F, 0xF0, 0x00, 0xF0, 0x07, 0x0E,
    0x00, 0x79, 0xE0, 0x07, 0xFE, 0x00, 0x1F, 0xC0, 0x00, 0x00, 0x00, 0x00, 0x00, 0xF0, 0x00, 0xFF,
    0x00, 0x1F, 0xF0, 0x03, 0xFF, 0x00, 0x7F, 0xF0, 0x07, 0xFF, 0x00, 0xFF, 0xF0, 0x1E, 0xFF, 0x03,
    0xEF, 0xF0, 0x3C, 0xFF, 0x07, 0x8F, 0xF0, 0xF0, 0xFF, 0x1F, 0x0F, 0xF1, 0xE0, 0xFF, 0x3C, 0x0F,
    0xF7, 0xC0, 0xFF, 0x78, 0x0F, 0xFF, 0x00, 0xFF, 0xE0, 0x0F, 0xFE, 0x00, 0xFF, 0xC0, 0x0F, 0xFC,
    0x00, 0xFF, 0x80, 0x0F, 0xF0, 0x00, 0xF0, 0xF0, 0x07, 0xDE, 0x01, 0xF3, 0xC0, 0x7C, 0x78, 0x1F,
    0x0F, 0x07, 0xC1, 0xE1, 0xF0, 0x3C, 0x7C, 0x07, 0x9F, 0x00, 0xF7, 0xC0, 0x1F, 0xF0, 0x03, 0xFC,
    0x00, 0x7F, 0xC0, 0x0F, 0xFC, 0x01, 0xE7, 0xC0, 0x3C, 0x7C, 0x07, 0x87, 0xC0, 0xF0, 0x7C, 0x1E,
    0x07, 0xC3, 0xC0, 0x7C, 0x78, 0x07, 0xCF, 0x00, 0x79, 0xE0, 0x0F, 0xBC, 0x00, 0xF8, 0x01, 0xFF,
    0xF8, 0x0F, 0xFF, 0xC0, 0x7F, 0xFE, 0x03, 0xC0, 0xF0, 0x1E, 0x07, 0x80, 0xF0, 0x3C, 0x07, 0x81,
    0xE0, 0x3C, 0x0F, 0x01, 0xE0, 0x78, 0x0F, 0x03, 0xC0, 0x78, 0x1E, 0x03, 0x80, 0xF0, 0x3C, 0x07,
    0x81, 0xE0, 0x3C, 0x0F, 0x01, 0xE0, 0x78, 0x0F, 0x07, 0x80, 0x78, 0x7C, 0x03, 0xC3, 0xC0, 0x1E,
    0xFE, 0x00, 0xFF, 0xE0, 0x07, 0xFE, 0x00, 0x3F, 0xC0, 0x01, 0xE0, 0x78, 0x00, 0x1E, 0x3E, 0x00,
    0x0F, 0x1F, 0x00, 0x0F, 0x8F, 0xC0, 0x07, 0xE7, 0xE0, 0x07, 0xF3, 0xF8, 0x03, 0xF9, 0xFC, 0x03,
    0xFC, 0xFF, 0x01, 0xFE, 0x73, 0x80, 0xEF, 0x39, 0xE0, 0xF7, 0x9C, 0x70, 0x73, 0xDE, 0x38, 0x78,
    0xEF, 0x1E, 0x38, 0x77, 0x87, 0x3C, 0x3B, 0xC3, 0xDC, 0x1D, 0xE0, 0xEE, 0x0E, 0xF0, 0x7F, 0x07,
    0xF8, 0x1F, 0x03, 0xFC, 0x0F, 0x81, 0xFE, 0x03, 0x80, 0xFF, 0x00, 0x00, 0x7F, 0x80, 0x00, 0x3F,
    0xC0, 0x00, 0x1E, 0xF0, 0x01, 0xFE, 0x00, 0x3F, 0xC0, 0x07, 0xF8, 0x00, 0xFF, 0x00, 0x1F, 0xE0,
    0x03, 0xFC, 0x00, 0x7F, 0x80, 0x0F, 0xF0, 0x01, 0xFF, 0xFF, 0xFF, 0xFF, 0xFF, 0xFF, 0xFF, 0xFF,
    0x00, 0x1F, 0xE0, 0x03, 0xFC, 0x00, 0x7F, 0x80, 0x0F, 0xF0, 0x01, 0xFE, 0x00, 0x3F, 0xC0, 0x07,
    0xF8, 0x00, 0xFF, 0x00, 0x1F, 0xE0, 0x03, 0xFC, 0x00, 0x78, 0x01, 0xFF, 0x00, 0x0F, 0xFF, 0x80,
    0x3F, 0xFF, 0xC0, 0xFF, 0x3F, 0x83, 0xF0, 0x0F, 0x87, 0xC0, 0x0F, 0x9F, 0x00, 0x0F, 0x3C, 0x00,
    0x1F, 0x78, 0x00, 0x1E, 0xF0, 0x00, 0x3D, 0xE0, 0x00, 0x7B, 0xC0, 0x00, 0xF7, 0x80, 0x01, 0xEF,
    0x00, 0x03, 0xDE, 0x00, 0x07, 0xBC, 0x00, 0x1F, 0x7C, 0x00, 0x3C, 0x7C, 0x00, 0xF8, 0xFC, 0x03,
    0xE0, 0xFE, 0x3F, 0x80, 0xFF, 0xFF, 0x00, 0xFF, 0xF8, 0x00, 0x7F, 0xC0, 0x00, 0xFF, 0xFF, 0xFF,
    0xFF, 0xFF, 0xFF, 0xFF, 0xF8, 0x00, 0xFF, 0x00, 0x1F, 0xE0, 0x03, 0xFC, 0x00, 0x7F, 0x80, 0x0F,
    0xF0, 0x01, 0xFE, 0x00, 0x3F, 0xC0, 0x07, 0xF8, 0x00, 0xFF, 0x00, 0x1F, 0xE0, 0x03, 0xFC, 0x00,
    0x7F, 0x80, 0x0F, 0xF0, 0x01, 0xFE, 0x00, 0x3F, 0xC0, 0x07, 0xF8, 0x00, 0xFF, 0x00, 0x1F, 0xE0,
    0x03, 0xFC, 0x00, 0x78, 0x7F, 0xF0, 0x7F, 0xFE, 0x3F, 0xFF, 0x9E, 0x0F, 0xEF, 0x00, 0xFF, 0x80,
    0x3F, 0xC0, 0x1F, 0xE0, 0x0F, 0xF0, 0x07, 0xF8, 0x03, 0xFC, 0x03, 0xFE, 0x0F, 0xEF, 0xFF, 0xF7,
    0xFF, 0xE3, 0xFF, 0xC1, 0xE0, 0x00, 0xF0, 0x00, 0x78, 0x00, 0x3C, 0x00, 0x1E, 0x00, 0x0F, 0x00,
    0x07, 0x80, 0x03, 0xC0, 0x00, 0x01, 0xFF, 0x80, 0xFF, 0xFC, 0x3F, 0xFF, 0x8F, 0xF3, 0xE3, 0xF0,
    0x04, 0x7C, 0x00, 0x1F, 0x00, 0x03, 0xC0, 0x00, 0x78, 0x00, 0x0F, 0x00, 0x01, 0xE0, 0x00, 0x3C,
    0x00, 0x07, 0x80, 0x00, 0xF0, 0x00, 0x1E, 0x00, 0x03, 0xC0, 0x00, 0x7C, 0x00, 0x07, 0xC0, 0x00,
    0xFC, 0x00, 0x0F, 0xF1, 0xE0, 0xFF, 0xFE, 0x0F, 0xFF, 0xC0, 0x7F, 0xE0, 0xFF, 0xFF, 0xDF, 0xFF,
    0xFB, 0xFF, 0xFF, 0x00, 0xF0, 0x00, 0x1E, 0x00, 0x03, 0xC0, 0x00, 0x78, 0x00, 0x0F, 0x00, 0x01,
    0xE0, 0x00, 0x3C, 0x00, 0x07, 0x80, 0x00, 0xF0, 0x00, 0x1E, 0x00, 0x03, 0xC0, 0x00, 0x78, 0x00,
    0x0F, 0x00, 0x01, 0xE0, 0x00, 0x3C, 0x00, 0x07, 0x80, 0x00, 0xF0, 0x00, 0x1E, 0x00, 0x03, 0xC0,
    0x00, 0x78, 0x00, 0xF8, 0x01, 0xE7, 0x80, 0x1E, 0x7C, 0x03, 0xE3, 0xC0, 0x3C, 0x3E, 0x03, 0xC1,
    0xE0, 0x3C, 0x1F, 0x07, 0x80, 0xF0, 0x78, 0x0F, 0x8F, 0x00, 0x78, 0xF0, 0x07, 0xCF, 0x00, 0x3D,
    0xE0, 0x03, 0xFE, 0x00, 0x1F, 0xC0, 0x01, 0xFC, 0x00, 0x0F, 0xC0, 0x00, 0x78, 0x00, 0x07, 0x80,
    0x00, 0xF0, 0x02, 0x7E, 0x00, 0x7F, 0xE0, 0x07, 0xFC, 0x00, 0x7F, 0x00, 0x00, 0x00, 0x1E, 0x00,
    0x00, 0x07, 0x80, 0x00, 0x01, 0xE0, 0x00, 0x07, 0xFF, 0xC0, 0x07, 0xFF, 0xFC, 0x03, 0xFF, 0xFF,
    0x83, 0xFD, 0xEF, 0xF0, 0xF8, 0x78, 0x7E, 0x7C, 0x1E, 0x07, 0x9E, 0x07, 0x81, 0xF7, 0x81, 0xE0,
    0x3D, 0xE0, 0x78, 0x0F, 0x78, 0x1E, 0x03, 0xDE, 0x07, 0x80, 0xF7, 0x81, 0xE0, 0x7D, 0xF0, 0x78,
    0x1E, 0x3E, 0x1E, 0x1F, 0x8F, 0xF7, 0xBF, 0xC1, 0xFF, 0xFF, 0xE0, 0x1F, 0xFF, 0xF0, 0x01, 0xFF,
    0xF0, 0x00, 0x07, 0x80, 0x00, 0x01, 0xE0, 0x00, 0x00, 0x78, 0x00, 0x7C, 0x01, 0xF1, 0xE0, 0x0F,
    0x0F, 0x80, 0xF0, 0x3E, 0x0F, 0x80, 0xF0, 0x78, 0x07, 0xC7, 0x80, 0x1F, 0x7C, 0x00, 0x7B, 0xC0,
    0x03, 0xFC, 0x00, 0x0F, 0xE0, 0x00, 0x3E, 0x00, 0x01, 0xF0, 0x00, 0x1F, 0xC0, 0x00, 0xFE, 0x00,
    0x0F, 0xF8, 0x00, 0xFB, 0xE0, 0x0F, 0x8F, 0x00, 0x78, 0x3C, 0x07, 0xC1, 0xF0, 0x7C, 0x07, 0x83,
    0xC0, 0x1E, 0x3E, 0x00, 0xF9, 0xE0, 0x03, 0xC0, 0xF0, 0x01, 0xE3, 0xC0, 0x07, 0x8F, 0x00, 0x1E,
    0x3C, 0x00, 0x78, 0xF0, 0x01, 0xE3, 0xC0, 0x07, 0x8F, 0x00, 0x1E, 0x3C, 0x00, 0x78, 0xF0, 0x01,
    0xE3, 0xC0, 0x07, 0x8F, 0x00, 0x1E, 0x3C, 0x00, 0x78, 0xF0, 0x01, 0xE3, 0xC0, 0x07, 0x8F, 0x00,
    0x1E, 0x3C, 0x00, 0x78, 0xF0, 0x01, 0xE3, 0xC0, 0x07, 0x8F, 0x00, 0x1E, 0x3C, 0x00, 0x78, 0xFF,
    0xFF, 0xFB, 0xFF, 0xFF, 0xEF, 0xFF, 0xFF, 0x80, 0x00, 0x0E, 0x00, 0x00, 0x38, 0x00, 0x00, 0xE0,
    0x00, 0x03, 0x80, 0x00, 0x0E, 0x00, 0x00, 0x38, 0x70, 0x07, 0xB8, 0x03, 0xDC, 0x01, 0xEE, 0x00,
    0xF7, 0x00, 0x7B, 0x80, 0x3D, 0xC0, 0x1E, 0xE0, 0x0F, 0x78, 0x07, 0xBC, 0x03, 0xDF, 0x01, 0xEF,
    0xE1, 0xF3, 0xFF, 0xF8, 0xFF, 0xFC, 0x3F, 0xFE, 0x00, 0x0F, 0x00, 0x07, 0x80, 0x03, 0xC0, 0x01,
    0xE0, 0x00, 0xF0, 0x00, 0x78, 0x00, 0x3C, 0x00, 0x1E, 0xF0, 0x0F, 0x00, 0xFF, 0x00, 0xF0, 0x0F,
    0xF0, 0x0F, 0x00, 0xFF, 0x00, 0xF0, 0x0F, 0xF0, 0x0F, 0x00, 0xFF, 0x00, 0xF0, 0x0F, 0xF0, 0x0F,
    0x00, 0xFF, 0x00, 0xF0, 0x0F, 0xF0, 0x0F, 0x00, 0xFF, 0x00, 0xF0, 0x0F, 0xF0, 0x0F, 0x00, 0xFF,
    0x00, 0xF0, 0x0F, 0xF0, 0x0F, 0x00, 0xFF, 0x00, 0xF0, 0x0F, 0xF0, 0x0F, 0x00, 0xFF, 0x00, 0xF0,
    0x0F, 0xF0, 0x0F, 0x00, 0xFF, 0x00, 0xF0, 0x0F, 0xF0, 0x0F, 0x00, 0xFF, 0x00, 0xF0, 0x0F, 0xFF,
    0xFF, 0xFF, 0xFF, 0xFF, 0xFF, 0xFF, 0xFF, 0xFF, 0xFF, 0xF0, 0xF0, 0x0F, 0x00, 0xF1, 0xE0, 0x1E,
    0x01, 0xE3, 0xC0, 0x3C, 0x03, 0xC7, 0x80, 0x78, 0x07, 0x8F, 0x00, 0xF0, 0x0F, 0x1E, 0x01, 0xE0,
    0x1E, 0x3C, 0x03, 0xC0, 0x3C, 0x78, 0x07, 0x80, 0x78, 0xF0, 0x0F, 0x00, 0xF1, 0xE0, 0x1E, 0x01,
    0xE3, 0xC0, 0x3C, 0x03, 0xC7, 0x80, 0x78, 0x07, 0x8F, 0x00, 0xF0, 0x0F, 0x1E, 0x01, 0xE0, 0x1E,
    0x3C, 0x03, 0xC0, 0x3C, 0x78, 0x07, 0x80, 0x78, 0xF0, 0x0F, 0x00, 0xF1, 0xE0, 0x1E, 0x01, 0xE3,
    0xC0, 0x3C, 0x03, 0xC7, 0x80, 0x78, 0x07, 0x8F, 0xFF, 0xFF, 0xFF, 0xFF, 0xFF, 0xFF, 0xFF, 0xFF,
    0xFF, 0xFF, 0xFF, 0x80, 0x00, 0x00, 0x0F, 0x00, 0x00, 0x00, 0x1E, 0x00, 0x00, 0x00, 0x3C, 0x00,
    0x00, 0x00, 0x78, 0x00, 0x00, 0x00, 0xF0, 0x00, 0x00, 0x01, 0xE0, 0xFF, 0xC0, 0x01, 0xFF, 0x80,
    0x03, 0xFF, 0x00, 0x00, 0x1E, 0x00, 0x00, 0x3C, 0x00, 0x00, 0x78, 0x00, 0x00, 0xF0, 0x00, 0x01,
    0xE0, 0x00, 0x03, 0xFF, 0xC0, 0x07, 0xFF, 0xE0, 0x0F, 0xFF, 0xE0, 0x1E, 0x1F, 0xE0, 0x3C, 0x03,
    0xE0, 0x78, 0x07, 0xC0, 0xF0, 0x07, 0x81, 0xE0, 0x0F, 0x03, 0xC0, 0x1E, 0x07, 0x80, 0x3C, 0x0F,
    0x00, 0xF8, 0x1E, 0x1F, 0xE0, 0x3F, 0xFF, 0x80, 0x7F, 0xFE, 0x00, 0xFF, 0xF0, 0x00, 0xF0, 0x00,
    0x0F, 0xF0, 0x00, 0x0F, 0xF0, 0x00, 0x0F, 0xF0, 0x00, 0x0F, 0xF0, 0x00, 0x0F, 0xF0, 0x00, 0x0F,
    0xF0, 0x00, 0x0F, 0xF0, 0x00, 0x0F, 0xFF, 0xF0, 0x0F, 0xFF, 0xFC, 0x0F, 0xFF, 0xFE, 0x0F, 0xF0,
    0xFF, 0x0F, 0xF0, 0x0F, 0x8F, 0xF0, 0x07, 0x8F, 0xF0, 0x07, 0x8F, 0xF0, 0x07, 0x8F, 0xF0, 0x07,
    0x8F, 0xF0, 0x07, 0x8F, 0xF0, 0x0F, 0x8F, 0xF0, 0x7F, 0x0F, 0xFF, 0xFE, 0x0F, 0xFF, 0xFC, 0x0F,
    0x7F, 0xF0, 0x0F, 0xF0, 0x00, 0x3C, 0x00, 0x0F, 0x00, 0x03, 0xC0, 0x00, 0xF0, 0x00, 0x3C, 0x00,
    0x0F, 0x00, 0x03, 0xC0, 0x00, 0xFF, 0xF0, 0x3F, 0xFF, 0x8F, 0xFF, 0xF3, 0xC1, 0xFC, 0xF0, 0x0F,
    0xBC, 0x01, 0xEF, 0x00, 0x7B, 0xC0, 0x1E, 0xF0, 0x07, 0xBC, 0x01, 0xEF, 0x00, 0xFB, 0xC1, 0xFC,
    0xFF, 0xFF, 0x3F, 0xFF, 0x87, 0xFF, 0x00, 0x3F, 0xF0, 0x0F, 0xFF, 0x81, 0xFF, 0xF8, 0x3E, 0x3F,
    0x80, 0x00, 0xF8, 0x00, 0x0F, 0x80, 0x00, 0xF0, 0x00, 0x1E, 0x00, 0x03, 0xE0, 0x00, 0x3C, 0x1F,
    0xFF, 0x83, 0xFF, 0xF0, 0x7F, 0xFE, 0x00, 0x03, 0xC0, 0x00, 0xF8, 0x00, 0x1E, 0x00, 0x03, 0xC0,
    0x00, 0xF8, 0x00, 0x3E, 0x3C, 0x3F, 0x87, 0xFF, 0xE0, 0xFF, 0xF8, 0x0F, 0xFC, 0x00, 0xF0, 0x01,
    0xFF, 0x01, 0xE0, 0x0F, 0xFF, 0x83, 0xC0, 0x3F, 0xFF, 0x87, 0x80, 0xFE, 0x3F, 0x8F, 0x03, 0xF0,
    0x1F, 0x9E, 0x07, 0xC0, 0x0F, 0x3C, 0x1F, 0x00, 0x1F, 0x78, 0x3E, 0x00, 0x1E, 0xF0, 0x78, 0x00,
    0x3D, 0xFF, 0xF0, 0x00, 0x7B, 0xFF, 0xE0, 0x00, 0xF7, 0xFF, 0xC0, 0x01, 0xEF, 0x07, 0x80, 0x03,
    0xDE, 0x0F, 0x00, 0x07, 0xBC, 0x1E, 0x00, 0x0F, 0x78, 0x3E, 0x00, 0x1E, 0xF0, 0x3C, 0x00, 0x7D,
    0xE0, 0x7C, 0x00, 0xF3, 0xC0, 0x7C, 0x07, 0xE7, 0x80, 0xFE, 0x3F, 0x8F, 0x00, 0xFF, 0xFE, 0x1E,
    0x00, 0xFF, 0xF8, 0x3C, 0x00, 0x7F, 0xC0, 0x00, 0x03, 0xFF, 0x83, 0xFF, 0xE3, 0xFF, 0xF8, 0xFE,
    0x0E, 0x7C, 0x03, 0x9E, 0x00, 0xE7, 0x80, 0x39, 0xE0, 0x0E, 0x78, 0x03, 0x9F, 0x00, 0xE7, 0xF8,
    0x38, 0xFF, 0xFE, 0x1F, 0xFF, 0x81, 0xFF, 0xE0, 0x78, 0x38, 0x3C, 0x0E, 0x1E, 0x03, 0x87, 0x80,
    0xE3, 0xC0, 0x39, 0xF0, 0x0E, 0x78, 0x03, 0xBE, 0x00, 0xEF, 0x00, 0x38, 0x3F, 0xE0, 0xFF, 0xE3,
    0xFF, 0x8E, 0x3F, 0x00, 0x3C, 0x00, 0xF1, 0xFF, 0xCF, 0xFF, 0x7F, 0xFF, 0xF0, 0xFF, 0x03, 0xFC,
    0x0F, 0xF0, 0x3F, 0xF0, 0xF7, 0xFF, 0xCF, 0xFF, 0x1F, 0xFC, 0x00, 0x7E, 0x03, 0xFE, 0x0F, 0xFE,
    0x1F, 0xFC, 0x3F, 0x00, 0x7C, 0x00, 0x78, 0x00, 0x70, 0x00, 0xF7, 0xF0, 0xFF, 0xFC, 0xFF, 0xFE,
    0xFE, 0x7E, 0xF0, 0x1F, 0xF0, 0x0F, 0xF0, 0x0F, 0xF0, 0x0F, 0xF0, 0x0F, 0xF0, 0x0F, 0xF0, 0x0F,
    0xF0, 0x0F, 0x78, 0x1E, 0x7E, 0x7E, 0x3F, 0xFC, 0x1F, 0xF8, 0x0F, 0xF0, 0xFF, 0xF1, 0xFF, 0xF3,
    0xFF, 0xF7, 0x83, 0xEF, 0x01, 0xDE, 0x0F, 0xBF, 0xFE, 0x7F, 0xFC, 0xFF, 0xFD, 0xE0, 0xFF, 0xC0,
    0x7F, 0x80, 0xFF, 0x01, 0xFE, 0x0F, 0xFF, 0xFF, 0x7F, 0xFC, 0xFF, 0xF0, 0xFF, 0xFF, 0xFF, 0xFF,
    0xFF, 0x00, 0xF0, 0x0F, 0x00, 0xF0, 0x0F, 0x00, 0xF0, 0x0F, 0x00, 0xF0, 0x0F, 0x00, 0xF0, 0x0F,
    0x00, 0xF0, 0x0F, 0x00, 0xF0, 0x00, 0x07, 0xFF, 0x80, 0x7F, 0xF8, 0x07, 0xFF, 0x80, 0x78, 0x78,
    0x07, 0x87, 0x80, 0x78, 0x78, 0x07, 0x87, 0x80, 0x70, 0x78, 0x0F, 0x07, 0x80, 0xF0, 0x78, 0x0F,
    0x07, 0x81, 0xE0, 0x78, 0x1E, 0x07, 0x83, 0xC0, 0x78, 0xFF, 0xFF, 0xFF, 0xFF, 0xFF, 0xFF, 0xFF,
    0xFF, 0x00, 0x0F, 0xF0, 0x00, 0xFF, 0x00, 0x0F, 0xF0, 0x00, 0xFF, 0x00, 0x0F, 0x07, 0xF0, 0x1F,
    0xFC, 0x3F, 0xFE, 0x3E, 0x7E, 0x78, 0x0F, 0x78, 0x0F, 0x7F, 0xFF, 0xFF, 0xFF, 0xFF, 0xFF, 0xF0,
    0x00, 0xF8, 0x00, 0x78, 0x00, 0x7C, 0x00, 0x3F, 0x1C, 0x3F, 0xFE, 0x1F, 0xFE, 0x07, 0xFC, 0x7C,
    0x1C, 0x0F, 0x1F, 0x0E, 0x0F, 0x07, 0x87, 0x0F, 0x01, 0xE3, 0x8F, 0x00, 0x79, 0xCF, 0x00, 0x1E,
    0xEF, 0x00, 0x07, 0xFF, 0x00, 0x03, 0xFF, 0x80, 0x01, 0xFF, 0xE0, 0x01, 0xEE, 0xF0, 0x01, 0xE7,
    0x3C, 0x01, 0xE3, 0x8F, 0x01, 0xF1, 0xC3, 0xC1, 0xF0, 0xE1, 0xF0, 0xF0, 0x70, 0x7C, 0xF0, 0x38,
    0x1E, 0xF8, 0x1C, 0x07, 0x80, 0x7F, 0xE1, 0xFF, 0xC7, 0xFF, 0x9E, 0x3E, 0x00, 0x78, 0x03, 0xE1,
    0xFF, 0x07, 0xFC, 0x1F, 0xF8, 0x03, 0xE0, 0x03, 0xC0, 0x0F, 0x00, 0x3D, 0xC3, 0xFF, 0xFF, 0xBF,
    0xFC, 0x7F, 0xE0, 0xF0, 0x1E, 0xF0, 0x1E, 0xF0, 0x3E, 0xF0, 0x7E, 0xF0, 0xFE, 0xF0, 0xEE, 0xF1,
    0xEE, 0xF3, 0xCE, 0xF3, 0x8E, 0xF7, 0x8E, 0xFF, 0x0E, 0xFE, 0x0E, 0xFE, 0x0E, 0xFC, 0x0E, 0xF8,
    0x0E, 0xF8, 0x0E, 0xF0, 0x0E, 0x1C, 0x38, 0x1E, 0x78, 0x1F, 0xF0, 0x0F, 0xE0, 0x00, 0x00, 0x00,
    0x00, 0x00, 0x00, 0xF0, 0x1E, 0xF0, 0x1E, 0xF0, 0x3E, 0xF0, 0x7E, 0xF0, 0xFE, 0xF0, 0xEE, 0xF1,
    0xEE, 0xF3, 0xCE, 0xF3, 0x8E, 0xF7, 0x8E, 0xFF, 0x0E, 0xFE, 0x0E, 0xFE, 0x0E, 0xFC, 0x0E, 0xF8,
    0x0E, 0xF8, 0x0E, 0xF0, 0x0E, 0xF0, 0x3E, 0xF0, 0x7C, 0xF0, 0xF8, 0xF1, 0xF0, 0xF3, 0xC0, 0xF7,
    0x80, 0xFF, 0x00, 0xFF, 0x00, 0xFF, 0x80, 0xFF, 0xC0, 0xF7, 0xE0, 0xF3, 0xF0, 0xF1, 0xF0, 0xF0,
    0xF8, 0xF0, 0x7C, 0xF0, 0x3E, 0xF0, 0x1E, 0x07, 0xFF, 0x81, 0xFF, 0xE0, 0x7F, 0xF8, 0x1E, 0x0E,
    0x07, 0x83, 0x81, 0xE0, 0xE0, 0x78, 0x38, 0x1E, 0x0E, 0x07, 0x83, 0x81, 0xC0, 0xE0, 0xF0, 0x38,
    0x3C, 0x0E, 0x1F, 0x03, 0x9F, 0x80, 0xEF, 0xC0, 0x3B, 0xE0, 0x0E, 0xF0, 0x03, 0x80, 0x78, 0x01,
    0xE7, 0xC0, 0x1E, 0x7C, 0x03, 0xE7, 0xE0, 0x3E, 0x7E, 0x07, 0xE7, 0x60, 0x6F, 0xF7, 0x0E, 0xFF,
    0x70, 0xEF, 0xF3, 0x9C, 0xFF, 0x39, 0xCF, 0xF1, 0xF8, 0xFF, 0x1F, 0x8F, 0xF1, 0xF8, 0xFF, 0x0F,
    0x0F, 0xF0, 0xF0, 0xFF, 0x00, 0x0F, 0xF0, 0x00, 0xF0, 0xF0, 0x1F, 0xE0, 0x3F, 0xC0, 0x7F, 0x80,
    0xFF, 0x01, 0xFE, 0x03, 0xFF, 0xFF, 0xFF, 0xFF, 0xFF, 0xFF, 0xE0, 0x3F, 0xC0, 0x7F, 0x80, 0xFF,
    0x01, 0xFE, 0x03, 0xFC, 0x07, 0xF8, 0x0F, 0xF0, 0x1E, 0x07, 0xF8, 0x0F, 0xFE, 0x0F, 0xFF, 0x87,
    0xE7, 0xE7, 0xC0, 0xF3, 0xC0, 0x3D, 0xE0, 0x1F, 0xE0, 0x0F, 0xF0, 0x07, 0xF8, 0x03, 0xDE, 0x01,
    0xEF, 0x00, 0xF7, 0xC0, 0xF1, 0xF9, 0xF8, 0xFF, 0xF8, 0x3F, 0xF8, 0x07, 0xF8, 0x00, 0xFF, 0xFF,
    0xFF, 0xFF, 0xFF, 0xFF, 0x80, 0xFF, 0x01, 0xFE, 0x03, 0xFC, 0x07, 0xF8, 0x0F, 0xF0, 0x1F, 0xE0,
    0x3F, 0xC0, 0x7F, 0x80, 0xFF, 0x01, 0xFE, 0x03, 0xFC, 0x07, 0xF8, 0x0F, 0xF0, 0x1E, 0x7F, 0xE0,
    0xFF, 0xF8, 0xFF, 0xFC, 0xF8, 0xFE, 0xF0, 0x1E, 0xF0, 0x1F, 0xF0, 0x0F, 0xF0, 0x0F, 0xF0, 0x0F,
    0xF0, 0x0F, 0xF0, 0x0F, 0xF0, 0x0F, 0xF0, 0x1E, 0xFC, 0x7E, 0xFF, 0xFC, 0xFF, 0xF8, 0xFF, 0xF0,
    0xF0, 0x00, 0xF0, 0x00, 0xF0, 0x00, 0xF0, 0x00, 0xF0, 0x00, 0xF0, 0x00, 0x07, 0xF8, 0x7F, 0xF3,
    0xFF, 0x8F, 0xCE, 0x7C, 0x01, 0xE0, 0x07, 0x80, 0x3C, 0x00, 0xF0, 0x03, 0xC0, 0x0F, 0x80, 0x1E,
    0x00, 0x7C, 0x00, 0xFC, 0x73, 0xFF, 0xC7, 0xFF, 0x07, 0xFC, 0xFF, 0xFF, 0xFF, 0xFF, 0xFF, 0xF8,
    0x1E, 0x00, 0x3C, 0x00, 0x78, 0x00, 0xF0, 0x01, 0xE0, 0x03, 0xC0, 0x07, 0x80, 0x0F, 0x00, 0x1E,
    0x00, 0x3C, 0x00, 0x78, 0x00, 0xF0, 0x01, 0xE0, 0x03, 0xC0, 0xF0, 0x0F, 0x78, 0x0F, 0x78, 0x0E,
    0x78, 0x1E, 0x3C, 0x1E, 0x3C, 0x1E, 0x3C, 0x1C, 0x1E, 0x3C, 0x1E, 0x3C, 0x1E, 0x38, 0x0F, 0x78,
    0x0F, 0x78, 0x07, 0xF0, 0x07, 0xF0, 0x03, 0xF0, 0x03, 0xE0, 0x01, 0xE0, 0x01, 0xC0, 0x03, 0xC0,
    0xCF, 0x80, 0xFF, 0x80, 0xFF, 0x00, 0xFC, 0x00, 0x00, 0x38, 0x00, 0x00, 0x78, 0x00, 0x00, 0xF0,
    0x00, 0x01, 0xE0, 0x00, 0x03, 0xC0, 0x00, 0x07, 0x80, 0x00, 0x0F, 0x00, 0x00, 0x1E, 0x00, 0x03,
    0xFF, 0x80, 0x1F, 0xFF, 0xC0, 0x7F, 0xFF, 0xE1, 0xFD, 0xFF, 0xC7, 0xC3, 0xC7, 0xCF, 0x07, 0x87,
    0x9E, 0x0F, 0x07, 0xF8, 0x1E, 0x0F, 0xF0, 0x3C, 0x1F, 0xE0, 0x78, 0x3D, 0xE0, 0xF0, 0x7B, 0xC1,
    0xE1, 0xE7, 0xC3, 0xC7, 0xC7, 0xF7, 0xFF, 0x07, 0xFF, 0xFE, 0x07, 0xFF, 0xF0, 0x03, 0xFF, 0x80,
    0x00, 0x78, 0x00, 0x00, 0xF0, 0x00, 0x01, 0xE0, 0x00, 0x03, 0xC0, 0x00, 0x07, 0x80, 0x00, 0x0F,
    0x00, 0x00, 0x78, 0x0F, 0x3E, 0x0F, 0x0F, 0x0F, 0x03, 0xC7, 0x80, 0xF7, 0x80, 0x7F, 0x80, 0x1F,
    0xC0, 0x07, 0xC0, 0x03, 0xE0, 0x03, 0xF0, 0x01, 0xFC, 0x01, 0xEF, 0x01, 0xE7, 0xC1, 0xE1, 0xE0,
    0xF0, 0x78, 0xF0, 0x1E, 0xF0, 0x0F, 0x00, 0xF0, 0x1E, 0x78, 0x0F, 0x3C, 0x07, 0x9E, 0x03, 0xCF,
    0x01, 0xE7, 0x80, 0xF3, 0xC0, 0x79, 0xE0, 0x3C, 0xF0, 0x1E, 0x78, 0x0F, 0x3C, 0x07, 0x9E, 0x03,
    0xCF, 0x01, 0xE7, 0x80, 0xF3, 0xFF, 0xFF, 0xFF, 0xFF, 0xFF, 0xFF, 0x80, 0x03, 0xC0, 0x01, 0xE0,
    0x00, 0xF0, 0x00, 0x78, 0x00, 0x3C, 0xF0, 0x3F, 0xC0, 0xFF, 0x03, 0xFC, 0x0F, 0xF0, 0x3F, 0xC0,
    0xFF, 0x03, 0xFF, 0x1F, 0x7F, 0xFC, 0xFF, 0xF1, 0xFF, 0xC0, 0x0F, 0x00, 0x3C, 0x00, 0xF0, 0x03,
    0xC0, 0x0F, 0x00, 0x3C, 0xF0, 0x38, 0x1F, 0xE0, 0x70, 0x3F, 0xC0, 0xE0, 0x7F, 0x81, 0xC0, 0xFF,
    0x03, 0x81, 0xFE, 0x07, 0x03, 0xFC, 0x0E, 0x07, 0xF8, 0x1C, 0x0F, 0xF0, 0x38, 0x1F, 0xE0, 0x70,
    0x3F, 0xC0, 0xE0, 0x7F, 0x81, 0xC0, 0xFF, 0x03, 0x81, 0xFE, 0x07, 0x03, 0xFF, 0xFF, 0xFF, 0xFF,
    0xFF, 0xFF, 0xFF, 0xFF, 0xFE, 0xF0, 0x38, 0x1E, 0x78, 0x1C, 0x0F, 0x3C, 0x0E, 0x07, 0x9E, 0x07,
    0x03, 0xCF, 0x03, 0x81, 0xE7, 0x81, 0xC0, 0xF3, 0xC0, 0xE0, 0x79, 0xE0, 0x70, 0x3C, 0xF0, 0x38,
    0x1E, 0x78, 0x1C, 0x0F, 0x3C, 0x0E, 0x07, 0x9E, 0x07, 0x03, 0xCF, 0x03, 0x81, 0xE7, 0x81, 0xC0,
    0xF3, 0xFF, 0xFF, 0xFF, 0xFF, 0xFF, 0xFF, 0xFF, 0xFF, 0xFF, 0x80, 0x00, 0x01, 0xC0, 0x00, 0x00,
    0xE0, 0x00, 0x00, 0x70, 0x00, 0x00, 0x38, 0x00, 0x00, 0x1C, 0xFF, 0x00, 0x1F, 0xE0, 0x03, 0xFC,
    0x00, 0x03, 0x80, 0x00, 0x70, 0x00, 0x0F, 0xFE, 0x01, 0xFF, 0xE0, 0x3F, 0xFE, 0x07, 0x87, 0xE0,
    0xE0, 0x3C, 0x1C, 0x07, 0x83, 0x80, 0xF0, 0x70, 0x1E, 0x0F, 0x0F, 0xC1, 0xFF, 0xF0, 0x3F, 0xFC,
    0x07, 0xFF, 0x00, 0xF0, 0x00, 0x7F, 0x80, 0x03, 0xFC, 0x00, 0x1F, 0xE0, 0x00, 0xFF, 0x00, 0x07,
    0xF8, 0x00, 0x3F, 0xFF, 0x81, 0xFF, 0xFF, 0x0F, 0xFF, 0xFC, 0x7F, 0xC7, 0xE3, 0xFC, 0x0F, 0x1F,
    0xE0, 0x38, 0xFF, 0x03, 0xC7, 0xF8, 0x7E, 0x3F, 0xFF, 0xF1, 0xFF, 0xFF, 0x0F, 0x7F, 0xE0, 0x78,
    0xF0, 0x01, 0xE0, 0x03, 0xC0, 0x07, 0x80, 0x0F, 0x00, 0x1F, 0xFE, 0x3F, 0xFE, 0x7F, 0xFE, 0xF8,
    0xFD, 0xE0, 0x7F, 0xC0, 0x7F, 0x80, 0xFF, 0x01, 0xFE, 0x1F, 0xBF, 0xFF, 0x7F, 0xFC, 0x7F, 0xF0,
    0x7F, 0x83, 0xFF, 0x87, 0xFF, 0x18, 0x7E, 0x00, 0x78, 0x00, 0xF1, 0xFF, 0xC7, 0xFF, 0x1F, 0xFC,
    0x00, 0xF0, 0x03, 0xC0, 0x1F, 0x00, 0x7B, 0x8F, 0xEF, 0xFF, 0x3F, 0xF8, 0xFF, 0xC0, 0xF0, 0x0F,
    0xE0, 0xF0, 0x3F, 0xF0, 0xF0, 0x7F, 0xF8, 0xF0, 0xFC, 0xFC, 0xF0, 0xF0, 0x3E, 0xF1, 0xF0, 0x1E,
    0xF1, 0xE0, 0x1E, 0xFF, 0xE0, 0x1E, 0xFF, 0xE0, 0x0E, 0xF1, 0xE0, 0x1E, 0xF1, 0xE0, 0x1E, 0xF0,
    0xF0, 0x1E, 0xF0, 0xF0, 0x3E, 0xF0, 0xFC, 0xFC, 0xF0, 0x7F, 0xF8, 0xF0, 0x3F, 0xF0, 0xF0, 0x0F,
    0xE0, 0x0F, 0xFE, 0x3F, 0xFC, 0xFF, 0xFB, 0xF0, 0xF7, 0x81, 0xEE, 0x03, 0xDE, 0x07, 0xBF, 0x0F,
    0x7F, 0xFE, 0x7F, 0xFC, 0x7F, 0xF8, 0xF0, 0xF3, 0xC1, 0xE7, 0x83, 0xDE, 0x07, 0xF8, 0x0F, 0xF0,
    0x1E, 0x06, 0x00, 0x0F, 0x00, 0x07, 0x80, 0x03, 0xC0, 0x01, 0xE0, 0x00, 0xE0, 0x00, 0x00, 0x00,
    0x00, 0x07, 0xF0, 0x1F, 0xFC, 0x3F, 0xFE, 0x3E, 0x7E, 0x78, 0x0F, 0x78, 0x0F, 0x7F, 0xFF, 0xFF,
    0xFF, 0xFF, 0xFF, 0xF0, 0x00, 0xF8, 0x00, 0x78, 0x00, 0x7C, 0x00, 0x3F, 0x1C, 0x3F, 0xFE, 0x1F,
    0xFE, 0x07, 0xFC, 0x0E, 0x38, 0x1E, 0x7C, 0x1E, 0x7C, 0x0E, 0x38, 0x00, 0x00, 0x00, 0x00, 0x00,
    0x00, 0x07, 0xF0, 0x1F, 0xFC, 0x3F, 0xFE, 0x3E, 0x7E, 0x78, 0x0F, 0x78, 0x0F, 0x7F, 0xFF, 0xFF,
    0xFF, 0xFF, 0xFF, 0xF0, 0x00, 0xF8, 0x00, 0x78, 0x00, 0x7C, 0x00, 0x3F, 0x1C, 0x3F, 0xFE, 0x1F,
    0xFE, 0x07, 0xFC, 0x3C, 0x00, 0x1E, 0x00, 0x0F, 0x00, 0x1F, 0xFE, 0x0F, 0xFF, 0x01, 0xE0, 0x00,
    0xF0, 0x00, 0x78, 0x00, 0x3F, 0xF8, 0x1F, 0xFF, 0x0F, 0xFF, 0xC7, 0xE7, 0xE3, 0xC0, 0xF9, 0xE0,
    0x3C, 0xF0, 0x1E, 0x78, 0x0F, 0x3C, 0x07, 0x9E, 0x03, 0xCF, 0x01, 0xE7, 0x80, 0xF3, 0xC0, 0x79,
    0xE0, 0x3C, 0xF0, 0x1E, 0x78, 0x0F, 0x3C, 0x07, 0x80, 0x03, 0xC0, 0x01, 0xE0, 0x00, 0xF0, 0x00,
    0xF0, 0x03, 0xF8, 0x01, 0xF8, 0x00, 0xC0, 0x1E, 0x03, 0xE0, 0x7C, 0x07, 0x00, 0x60, 0x00, 0x00,
    0x00, 0xFF, 0xFF, 0xFF, 0xFF, 0xFF, 0x00, 0xF0, 0x0F, 0x00, 0xF0, 0x0F, 0x00, 0xF0, 0x0F, 0x00,
    0xF0, 0x0F, 0x00, 0xF0, 0x0F, 0x00, 0xF0, 0x0F, 0x00, 0xF0, 0x00, 0x07, 0xFC, 0x3F, 0xF8, 0xFF,
    0xF1, 0xF8, 0xE7, 0xC0, 0x0F, 0x00, 0x1C, 0x00, 0x7F, 0xF0, 0xFF, 0xE1, 0xE0, 0x03, 0xE0, 0x03,
    0xC0, 0x07, 0xC0, 0x07, 0xE3, 0x8F, 0xFF, 0x0F, 0xFF, 0x07, 0xFC, 0x1F, 0xF1, 0xFF, 0x9F, 0xFD,
    0xF8, 0xCF, 0x00, 0x78, 0x03, 0xF0, 0x0F, 0xF0, 0x3F, 0xE0, 0x7F, 0x80, 0x7E, 0x00, 0xF0, 0x07,
    0xF8, 0xFF, 0xFF, 0xDF, 0xFE, 0x7F, 0xC0, 0xF7, 0xBC, 0x00, 0x00, 0x1E, 0xF7, 0xBD, 0xEF, 0x7B,
    0xDE, 0xF7, 0xBD, 0xEF, 0x7B, 0xDE, 0xF1, 0xDE, 0x7F, 0xCF, 0xF8, 0xE0, 0x00, 0x00, 0x00, 0x00,
    0xF0, 0x1E, 0x03, 0xC0, 0x78, 0x0F, 0x01, 0xE0, 0x3C, 0x07, 0x80, 0xF0, 0x1E, 0x03, 0xC0, 0x78,
    0x0F, 0x01, 0xE0, 0x3C, 0x07, 0x80, 0xF0, 0x07, 0x81, 0xE0, 0x78, 0x00, 0x00, 0x00, 0x00, 0x00,
    0x1E, 0x07, 0x81, 0xE0, 0x78, 0x1E, 0x07, 0x81, 0xE0, 0x78, 0x1E, 0x07, 0x81, 0xE0, 0x78, 0x1E,
    0x07, 0x81, 0xE0, 0x78, 0x1E, 0x07, 0x81, 0xE1, 0xF9, 0xFC, 0x7F, 0x3F, 0x00, 0x07, 0xFF, 0x80,
    0x00, 0x7F, 0xF8, 0x00, 0x07, 0xFF, 0x80, 0x00, 0x78, 0x38, 0x00, 0x07, 0x83, 0x80, 0x00, 0x78,
    0x38, 0x00, 0x07, 0x83, 0xFF, 0x80, 0x78, 0x3F, 0xFC, 0x07, 0x83, 0xFF, 0xE0, 0x70, 0x3C, 0x3F,
    0x0F, 0x03, 0x80, 0xF0, 0xF0, 0x38, 0x0F, 0x1F, 0x03, 0x80, 0xF7, 0xE0, 0x3C, 0x3F, 0xFC, 0x03,
    0xFF, 0xEF, 0x80, 0x3F, 0xFC, 0xF0, 0x03, 0xFF, 0x80, 0xF0, 0x1E, 0x00, 0x3C, 0x07, 0x80, 0x0F,
    0x01, 0xE0, 0x03, 0xC0, 0x78, 0x00, 0xF0, 0x1E, 0x00, 0x3C, 0x07, 0x80, 0x0F, 0x01, 0xFF, 0xC3,
    0xFF, 0xFF, 0xFC, 0xFF, 0xFF, 0xFF, 0xBF, 0xFF, 0x87, 0xEF, 0x01, 0xE0, 0x7B, 0xC0, 0x78, 0x0E,
    0xF0, 0x1E, 0x07, 0xBC, 0x07, 0x87, 0xEF, 0x01, 0xFF, 0xFB, 0xC0, 0x7F, 0xFC, 0xF0, 0x1F, 0xFC,
    0x00, 0x3C, 0x00, 0x1E, 0x00, 0x0F, 0x00, 0x1F, 0xFE, 0x0F, 0xFF, 0x01, 0xE0, 0x00, 0xF0, 0x00,
    0x78, 0x00, 0x3F, 0xF8, 0x1F, 0xFF, 0x0F, 0xFF, 0xC7, 0xE7, 0xE3, 0xC0, 0xF9, 0xE0, 0x3C, 0xF0,
    0x1E, 0x78, 0x0F, 0x3C, 0x07, 0x9E, 0x03, 0xCF, 0x01, 0xE7, 0x80, 0xF3, 0xC0, 0x79, 0xE0, 0x3C,
    0xF0, 0x1E, 0x78, 0x0F, 0x3C, 0x07, 0x80, 0x00, 0x40, 0x00, 0xE0, 0x01, 0xE0, 0x03, 0xC0, 0x07,
    0x80, 0x07, 0x00, 0x00, 0x00, 0x00, 0x00, 0xF0, 0x3E, 0xF0, 0x7C, 0xF0, 0xF8, 0xF1, 0xF0, 0xF3,
    0xC0, 0xF7, 0x80, 0xFF, 0x00, 0xFF, 0x00, 0xFF, 0x80, 0xFF, 0xC0, 0xF7, 0xE0, 0xF3, 0xF0, 0xF1,
    0xF0, 0xF0, 0xF8, 0xF0, 0x7C, 0xF0, 0x3E, 0xF0, 0x1E, 0x06, 0x00, 0x0F, 0x00, 0x0F, 0x80, 0x07,
    0x80, 0x03, 0xC0, 0x01, 0xC0, 0x00, 0x00, 0x00, 0x00, 0xF0, 0x1E, 0xF0, 0x1E, 0xF0, 0x3E, 0xF0,
    0x7E, 0xF0, 0xFE, 0xF0, 0xEE, 0xF1, 0xEE, 0xF3, 0xCE, 0xF3, 0x8E, 0xF7, 0x8E, 0xFF, 0x0E, 0xFE,
    0x0E, 0xFE, 0x0E, 0xFC, 0x0E, 0xF8, 0x0E, 0xF8, 0x0E, 0xF0, 0x0E, 0x0E, 0x18, 0x1F, 0x7C, 0x0F,
    0xF8, 0x07, 0xF0, 0x00, 0x00, 0x00, 0x00, 0x00, 0x00, 0xF0, 0x0F, 0x78, 0x0F, 0x78, 0x0E, 0x78,
    0x1E, 0x3C, 0x1E, 0x3C, 0x1E, 0x3C, 0x1C, 0x1E, 0x3C, 0x1E, 0x3C, 0x1E, 0x38, 0x0F, 0x78, 0x0F,
    0x78, 0x07, 0xF0, 0x07, 0xF0, 0x03, 0xF0, 0x03, 0xE0, 0x01, 0xE0, 0x01, 0xC0, 0x03, 0xC0, 0xCF,
    0x80, 0xFF, 0x80, 0xFF, 0x00, 0xFC, 0x00, 0xF0, 0x1F, 0xE0, 0x3F, 0xC0, 0x7F, 0x80, 0xFF, 0x01,
    0xFE, 0x03, 0xFC, 0x07, 0xF8, 0x0F, 0xF0, 0x1F, 0xE0, 0x3F, 0xC0, 0x7F, 0x80, 0xFF, 0x01, 0xFE,
    0x03, 0xFF, 0xFF, 0xFF, 0xFF, 0xFF, 0xFE, 0x07, 0x00, 0x0E, 0x00, 0x1C, 0x00, 0x38, 0x00, 0x70,
    0x00, 0x03, 0xC0, 0x00, 0x07, 0x80, 0x00, 0x0F, 0x00, 0x07, 0xFF, 0xFC, 0x0F, 0xFF, 0xF8, 0x1F,
    0xFF, 0xF0, 0x00, 0xF0, 0x00, 0x01, 0xE0, 0x00, 0x03, 0xC0, 0x00, 0x07, 0xFF, 0x80, 0x0F, 0xFF,
    0xC0, 0x1F, 0xFF, 0xC0, 0x3C, 0x1F, 0xC0, 0x78, 0x07, 0xC0, 0xF0, 0x07, 0x81, 0xE0, 0x0F, 0x03,
    0xC0, 0x1E, 0x07, 0x80, 0x3C, 0x0F, 0x00, 0x78, 0x1E, 0x01, 0xF0, 0x3C, 0x1F, 0xC0, 0x7F, 0xFF,
    0x00, 0xFF, 0xFC, 0x01, 0xFF, 0xE0, 0x07, 0x00, 0x00, 0xE0, 0x00, 0x1C, 0x00, 0x03, 0x80, 0x00,
    0x70, 0x00, 0x0E, 0x00, 0x01, 0xC0, 0x00, 0x38, 0x00, 0xFF, 0xFC, 0x1F, 0xFF, 0x80, 0x1C, 0x00,
    0x03, 0x80, 0x00, 0x70, 0x00, 0x0F, 0xFE, 0x01, 0xFF, 0xE0, 0x3F, 0xFE, 0x07, 0x87, 0xE0, 0xE0,
    0x3C, 0x1C, 0x07, 0x83, 0x80, 0xF0, 0x70, 0x1E, 0x0F, 0x0F, 0xC1, 0xFF, 0xF0, 0x3F, 0xFC, 0x07,
    0xFF, 0x00, 0x01, 0xFF, 0x00, 0x0F, 0xFF, 0x80, 0x3F, 0xFF, 0xC0, 0xFE, 0x3F, 0x83, 0xF0, 0x0F,
    0x87, 0x80, 0x0F, 0x9F, 0x00, 0x0F, 0x3C, 0x00, 0x0F, 0x7B, 0xE0, 0x1E, 0xFF, 0xF0, 0x3D, 0xFF,
    0xF9, 0xFB, 0xF3, 0xFF, 0xF7, 0xC1, 0xFF, 0xEF, 0x00, 0xFF, 0xDE, 0x00, 0x0F, 0xBC, 0x00, 0x1F,
    0x7C, 0x00, 0x3C, 0x7C, 0x00, 0xF8, 0xFC, 0x03, 0xE0, 0xFE, 0x3F, 0x80, 0xFF, 0xFF, 0x00, 0xFF,
    0xF8, 0x00, 0x7F, 0xC0, 0x00, 0x07, 0xF8, 0x0F, 0xFE, 0x0F, 0xFF, 0x87, 0xE7, 0xE7, 0xC0, 0xF3,
    0xC0, 0x3D, 0xE0, 0x1F, 0xFF, 0x9F, 0xFF, 0xFF, 0xFE, 0xFF, 0xDC, 0x01, 0xEF, 0x00, 0xF7, 0xC0,
    0xF1, 0xF9, 0xF8, 0xFF, 0xF8, 0x3F, 0xF8, 0x07, 0xF8, 0x00, 0xF0, 0x00, 0x1F, 0xBE, 0x00, 0x0F,
    0xE7, 0x80, 0x07, 0xF9, 0xE0, 0x01, 0xEE, 0x3C, 0x00, 0xF0, 0x0F, 0x00, 0x3C, 0x03, 0xE0, 0x1E,
    0x00, 0x78, 0x07, 0x80, 0x1E, 0x01, 0xE0, 0x07, 0xC0, 0xF0, 0x00, 0xF0, 0x3C, 0x00, 0x3C, 0x1E,
    0x00, 0x07, 0x87, 0x80, 0x01, 0xE1, 0xE0, 0x00, 0x78, 0xF0, 0x00, 0x0F, 0x3C, 0x00, 0x03, 0xDE,
    0x00, 0x00, 0x7F, 0x80, 0x00, 0x1F, 0xE0, 0x00, 0x07, 0xF0, 0x00, 0x00, 0xFC, 0x00, 0x00, 0x3E,
    0x00, 0x00, 0x07, 0x80, 0x00, 0xF0, 0x07, 0xEF, 0x00, 0xFD, 0xE0, 0x3F, 0xBC, 0x07, 0x87, 0xC1,
    0xE0, 0x78, 0x3C, 0x0F, 0x0F, 0x00, 0xF1, 0xE0, 0x1E, 0x38, 0x03, 0xCF, 0x00, 0x3D, 0xE0, 0x07,
    0xB8, 0x00, 0x7F, 0x00, 0x0F, 0xC0, 0x01, 0xF8, 0x00, 0x1F, 0x00, 0x03, 0xC0, 0x00, 0x07, 0x0E,
    0x00, 0x0F, 0x3C, 0x00, 0x1F, 0xF8, 0x00, 0x0F, 0xE0, 0x00, 0x00, 0x00, 0x00, 0x00, 0x00, 0x3C,
    0x00, 0x3C, 0x78, 0x00, 0xF8, 0xF0, 0x03, 0xF1, 0xE0, 0x0F, 0xE3, 0xC0, 0x1F, 0xC7, 0x80, 0x7F,
    0x8F, 0x01, 0xEF, 0x1E, 0x07, 0xDE, 0x3C, 0x0F, 0x3C, 0x78, 0x3C, 0x78, 0xF0, 0xF0, 0xF1, 0xE3,
    0xE1, 0xE3, 0xC7, 0x83, 0xC7, 0x9E, 0x07, 0x8F, 0x7C, 0x0F, 0x1E, 0xF0, 0x1E, 0x3F, 0xC0, 0x3C,
    0x7F, 0x00, 0x78, 0xFE, 0x00, 0xF1, 0xF8, 0x01, 0xE3, 0xF0, 0x03, 0xFF, 0xC0, 0x07, 0xEF, 0x00,
    0x0F, 0xC0, 0x00, 0x07, 0x80, 0x00, 0x0F, 0x00, 0x00, 0x3C, 0x00, 0x00, 0x78, 0x00, 0x01, 0xE0,
    0x00, 0x01, 0x80, 0x1C, 0x38, 0x07, 0x9E, 0x01, 0xFF, 0x00, 0x3F, 0x80, 0x00, 0x00, 0x00, 0x00,
    0x00, 0x00, 0x03, 0xC0, 0x78, 0xF0, 0x1E, 0x3C, 0x0F, 0x8F, 0x07, 0xE3, 0xC3, 0xF8, 0xF0, 0xEE,
    0x3C, 0x7B, 0x8F, 0x3C, 0xE3, 0xCE, 0x38, 0xF7, 0x8E, 0x3F, 0xC3, 0x8F, 0xE0, 0xE3, 0xF8, 0x38,
    0xFC, 0x0E, 0x3E, 0x03, 0x8F, 0x80, 0xFF, 0xC0, 0x3F, 0x00, 0x03, 0xC0, 0x00, 0xF0, 0x00, 0x78,
    0x00, 0x1E, 0x00, 0x0F, 0x00, 0x01, 0x80, 0x1E, 0x00, 0x01, 0xE0, 0x00, 0x1E, 0x00, 0x0F, 0xFE,
    0x00, 0xFF, 0xE0, 0x0F, 0xFE, 0x00, 0x1E, 0x00, 0x01, 0xE0, 0x00, 0x1F, 0xFE, 0x01, 0xFF, 0xF8,
    0x1F, 0xFF, 0xC1, 0xE1, 0xFE, 0x1E, 0x03, 0xE1, 0xE0, 0x1F, 0x1E, 0x00, 0xF1, 0xE0, 0x0F, 0x1E,
    0x00, 0xF1, 0xE0, 0x0F, 0x1E, 0x01, 0xF1, 0xE0, 0x3E, 0x1E, 0x1F, 0xE1, 0xFF, 0xFC, 0x1F, 0xFF,
    0x81, 0xFF, 0xE0, 0x1C, 0x00, 0x0E, 0x00, 0x3F, 0xF8, 0x1F, 0xFC, 0x01, 0xC0, 0x00, 0xE0, 0x00,
    0x70, 0x00, 0x3F, 0xF8, 0x1F, 0xFE, 0x0F, 0xFF, 0x87, 0x87, 0xE3, 0x80, 0xF1, 0xC0, 0x78, 0xE0,
    0xFC, 0x7F, 0xFC, 0x3F, 0xFC, 0x1F, 0xFC, 0x00, 0x7F, 0xF0, 0x7F, 0xFE, 0x3F, 0xFF, 0x9E, 0x0F,
    0xEF, 0x00, 0xFF, 0x80, 0x3F, 0xC0, 0x1F, 0xE0, 0x0F, 0xF0, 0xC7, 0xF8, 0xE3, 0xFC, 0x7B, 0xFE,
    0x1F, 0xEF, 0xFF, 0xF7, 0xFF, 0xE3, 0xFF, 0xE1, 0xE0, 0x78, 0xF0, 0x1C, 0x78, 0x0F, 0x3C, 0x03,
    0x1E, 0x00, 0x0F, 0x00, 0x07, 0x80, 0x03, 0xC0, 0x00, 0x7F, 0xE0, 0xFF, 0xF8, 0xFF, 0xFC, 0xF8,
    0xFE, 0xF0, 0x1E, 0xF0, 0x1F, 0xF0, 0x0F, 0xF0, 0x0F, 0xF0, 0x0F, 0xF1, 0xCF, 0xF1, 0xCF, 0xF1,
    0xFF, 0xF0, 0xFE, 0xFC, 0xFE, 0xFF, 0xFC, 0xFF, 0xF8, 0xFF, 0xF8, 0xF0, 0x3C, 0xF0, 0x1C, 0xF0,
    0x1C, 0xF0, 0x00, 0xF0, 0x00, 0xF0, 0x00, 0x00, 0x1E, 0x00, 0x3C, 0x00, 0x78, 0x00, 0xFF, 0xFF,
    0xFF, 0xFF, 0xFF, 0xFF, 0xF8, 0x00, 0xF0, 0x01, 0xE0, 0x03, 0xC0, 0x07, 0x80, 0x0F, 0x00, 0x1E,
    0x00, 0x3C, 0x00, 0x78, 0x00, 0xF0, 0x01, 0xE0, 0x03, 0xC0, 0x07, 0x80, 0x0F, 0x00, 0x1E, 0x00,
    0x3C, 0x00, 0x78, 0x00, 0xF0, 0x01, 0xE0, 0x03, 0xC0, 0x00, 0x00, 0xF0, 0x0F, 0x00, 0xF0, 0x0F,
    0xFF, 0xFF, 0xFF, 0xFF, 0xFF, 0x00, 0xF0, 0x0F, 0x00, 0xF0, 0x0F, 0x00, 0xF0, 0x0F, 0x00, 0xF0,
    0x0F, 0x00, 0xF0, 0x0F, 0x00, 0xF0, 0x0F, 0x00, 0xF0, 0x00, 0x1F, 0xFF, 0x8F, 0xFF, 0xC7, 0xFF,
    0xE3, 0xC0, 0x01, 0xE0, 0x00, 0xF0, 0x00, 0x78, 0x00, 0x3C, 0x00, 0x1E, 0x00, 0x7F, 0xF8, 0x3F,
    0xFC, 0x1F, 0xFE, 0x01, 0xE0, 0x00, 0xF0, 0x00, 0x78, 0x00, 0x3C, 0x00, 0x1E, 0x00, 0x0F, 0x00,
    0x07, 0x80, 0x03, 0xC0, 0x01, 0xE0, 0x00, 0xF0, 0x00, 0x78, 0x00, 0x1F, 0xFC, 0x7F, 0xF1, 0xFF,
    0xC7, 0x00, 0x1C, 0x00, 0x70, 0x01, 0xC0, 0x07, 0x00, 0xFF, 0xE3, 0xFF, 0x81, 0xC0, 0x07, 0x00,
    0x1C, 0x00, 0x70, 0x01, 0xC0, 0x07, 0x00, 0x1C, 0x00, 0xFF, 0xFE, 0x3F, 0xFF, 0x8F, 0xFF, 0xE3,
    0xC0, 0x00, 0xF0, 0x00, 0x3C, 0x00, 0x0F, 0x00, 0x03, 0xC0, 0x00, 0xF0, 0x00, 0x3F, 0xFE, 0x0F,
    0xFF, 0xC3, 0xFF, 0xF8, 0xFE, 0x7F, 0x3C, 0x03, 0xEF, 0x00, 0xFB, 0xC0, 0x1E, 0xF0, 0x07, 0xFC,
    0x00, 0xFF, 0x00, 0x3F, 0xC0, 0x0F, 0xF0, 0x03, 0xFC, 0x01, 0xEF, 0x00, 0x78, 0x00, 0x3E, 0x00,
    0x1F, 0x00, 0x1F, 0xC0, 0x3F, 0xE0, 0x0F, 0xF0, 0x03, 0xF0, 0x00, 0xFF, 0xF9, 0xFF, 0xF3, 0xFF,
    0xE7, 0x80, 0x0F, 0x00, 0x1E, 0x00, 0x3C, 0x00, 0x7F, 0xF8, 0xFF, 0xF9, 0xF1, 0xFB, 0xC0, 0xF7,
    0x80, 0xFF, 0x01, 0xFE, 0x03, 0xFC, 0x07, 0xF8, 0x0F, 0xF0, 0x1E, 0x00, 0x3C, 0x00, 0x78, 0x01,
    0xE0, 0x0F, 0xC0, 0x7F, 0x00, 0xF8, 0x00, 0x7C, 0x07, 0x80, 0xF8, 0x7C, 0x0F, 0x03, 0xE0, 0x7C,
    0x1E, 0x0F, 0x80, 0x78, 0x3C, 0x3E, 0x00, 0x78, 0x78, 0x78, 0x00, 0xF8, 0xF1, 0xE0, 0x00, 0xF9,
    0xE7, 0xC0, 0x00, 0xFB, 0xDF, 0x00, 0x00, 0xFF, 0xFC, 0x00, 0x00, 0xFF, 0xF0, 0x00, 0x00, 0xFF,
    0xC0, 0x00, 0x03, 0xFF, 0xC0, 0x00, 0x0F, 0x7F, 0xC0, 0x00, 0x3C, 0xF7, 0xC0, 0x00, 0xF9, 0xE7,
    0xC0, 0x03, 0xE3, 0xC7, 0xC0, 0x07, 0x87, 0x87, 0x80, 0x1E, 0x0F, 0x07, 0x80, 0x7C, 0x1E, 0x0F,
    0x81, 0xF0, 0x3C, 0x0F, 0x83, 0xC0, 0x78, 0x0F, 0xEF, 0x80, 0xF0, 0x1F, 0xDE, 0x01, 0xE0, 0x1F,
    0x80, 0x00, 0x00, 0x0F, 0x00, 0x00, 0x00, 0x1E, 0x00, 0x00, 0x00, 0x3C, 0x00, 0x00, 0x00, 0x78,
    0x00, 0x00, 0x00, 0xF0, 0x00, 0x00, 0x01, 0xE0, 0x7C, 0x1C, 0x0F, 0x0F, 0x87, 0x07, 0x81, 0xE1,
    0xC3, 0xC0, 0x3C, 0x71, 0xE0, 0x07, 0x9C, 0xF0, 0x00, 0xF7, 0x78, 0x00, 0x1F, 0xFC, 0x00, 0x07,
    0xFF, 0x00, 0x01, 0xFF, 0xE0, 0x00, 0xF7, 0xFC, 0x00, 0x79, 0xDF, 0x80, 0x3C, 0x73, 0xE0, 0x1F,
    0x1C, 0x7C, 0x0F, 0x87, 0x0F, 0x83, 0xC1, 0xC1, 0xFD, 0xE0, 0x70, 0x3F, 0xF8, 0x1C, 0x0F, 0xC0,
    0x00, 0x00, 0xF0, 0x00, 0x00, 0x3C, 0x00, 0x00, 0x0F, 0x00, 0x00, 0x03, 0xC0, 0x00, 0x00, 0xF0,
    0x1F, 0xF8, 0x0F, 0xFF, 0x83, 0xFF, 0xF0, 0xF1, 0xFC, 0x00, 0x0F, 0x00, 0x03, 0xE0, 0x00, 0xF0,
    0x00, 0x3C, 0x00, 0x7E, 0x03, 0xFF, 0x00, 0xFF, 0xC0, 0x3F, 0xFC, 0x00, 0x7F, 0x00, 0x03, 0xE0,
    0x00, 0x78, 0x00, 0x1F, 0x00, 0x07, 0xC0, 0x01, 0xE2, 0x00, 0xF9, 0xF0, 0xFE, 0x7F, 0xFF, 0x1F,
    0xFF, 0x81, 0xFF, 0x80, 0x07, 0x00, 0x01, 0xE0, 0x00, 0x7C, 0x00, 0x0F, 0x00, 0x1F, 0xC0, 0x07,
    0xE0, 0x00, 0x7F, 0xE1, 0xFF, 0xC7, 0xFF, 0x9E, 0x3E, 0x00, 0x78, 0x03, 0xE1, 0xFF, 0x07, 0xFC,
    0x1F, 0xF8, 0x03, 0xE0, 0x03, 0xC0, 0x0F, 0x00, 0x3D, 0xC3, 0xFF, 0xFF, 0xBF, 0xFC, 0x7F, 0xE0,
    0x1C, 0x00, 0x78, 0x01, 0xE0, 0x13, 0xC0, 0x7E, 0x01, 0xF8, 0x00, 0xF0, 0x07, 0xCF, 0x00, 0xF8,
    0xF0, 0x1F, 0x0F, 0x03, 0xE0, 0xF0, 0x7C, 0x0F, 0x0F, 0x80, 0xF1, 0xF0, 0x0F, 0x3E, 0x00, 0xF7,
    0xC0, 0x0F, 0xF8, 0x00, 0xFF, 0x00, 0x0F, 0xF8, 0x00, 0xF7, 0xC0, 0x0F, 0x3E, 0x00, 0xF1, 0xF0,
    0x0F, 0x0F, 0x80, 0xF0, 0x7C, 0x0F, 0x03, 0xE0, 0xF0, 0x1F, 0x0F, 0x01, 0xF8, 0xF0, 0x0F, 0xFF,
    0x00, 0x7F, 0xF0, 0x03, 0xF0, 0x00, 0x0F, 0x00, 0x00, 0xF0, 0x00, 0x0F, 0x00, 0x00, 0xF0, 0x00,
    0x0F, 0x00, 0x00, 0xF0, 0xF0, 0x3E, 0xF0, 0x78, 0xF0, 0xF0, 0xF1, 0xE0, 0xF3, 0xC0, 0xF7, 0x80,
    0xFF, 0x00, 0xFF, 0x00, 0xFF, 0x80, 0xF7, 0xC0, 0xF3, 0xE0, 0xF3, 0xF0, 0xF1, 0xF8, 0xF0, 0xFC,
    0xF0, 0x7F, 0xF0, 0x3F, 0xF0, 0x1F, 0x00, 0x07, 0x00, 0x07, 0x00, 0x07, 0x00, 0x07, 0x00, 0x07,
    0xF0, 0x00, 0xF7, 0x80, 0x0F, 0x3C, 0x00, 0xF1, 0xE0, 0x0F, 0x8F, 0x00, 0xF8, 0x79, 0xCF, 0x83,
    0xCE, 0x78, 0x1E, 0x77, 0x80, 0xF3, 0xF8, 0x07, 0x9F, 0xC0, 0x3F, 0xFC, 0x01, 0xFF, 0xE0, 0x0F,
    0x3F, 0x80, 0x79, 0xFE, 0x03, 0xCE, 0xF8, 0x1E, 0x73, 0xE0, 0xF3, 0x8F, 0x07, 0x80, 0x3C, 0x3C,
    0x01, 0xF1, 0xE0, 0x07, 0xCF, 0x00, 0x1E, 0x78, 0x00, 0x7B, 0xC0, 0x03, 0xE0, 0xF0, 0x07, 0xBC,
    0x03, 0xCF, 0x01, 0xE3, 0xDC, 0xF0, 0xF7, 0x7C, 0x3D, 0xFE, 0x0F, 0x7F, 0x03, 0xFF, 0x80, 0xFF,
    0xF0, 0x3D, 0xFE, 0x0F, 0x77, 0x83, 0xDC, 0xF0, 0xF7, 0x1E, 0x3C, 0x07, 0xCF, 0x00, 0xFB, 0xC0,
    0x1E, 0xF0, 0x03, 0xC0, 0x1E, 0x01, 0xF0, 0xF0, 0x1F, 0x07, 0x80, 0xF1, 0xFF, 0x8F, 0x0F, 0xFC,
    0xF0, 0x0F, 0x0F, 0x00, 0x78, 0xF0, 0x03, 0xCF, 0x00, 0x1E, 0xF0, 0x00, 0xFF, 0x00, 0x07, 0xF0,
    0x00, 0x3F, 0xC0, 0x01, 0xFF, 0x80, 0x0F, 0x7E, 0x00, 0x79, 0xF8, 0x03, 0xC7, 0xE0, 0x1E, 0x1F,
    0x80, 0xF0, 0x7C, 0x07, 0x81, 0xF0, 0x3C, 0x07, 0xC1, 0xE0, 0x1F, 0x0F, 0x00, 0x78, 0x78, 0x03,
    0xE0, 0x1C, 0x07, 0x87, 0x03, 0xCF, 0xF9, 0xE3, 0xFE, 0xF0, 0x1C, 0x78, 0x07, 0x3C, 0x01, 0xDF,
    0x00, 0x7F, 0x80, 0x1F, 0xC0, 0x07, 0xF8, 0x01, 0xCF, 0x80, 0x71, 0xF0, 0x1C, 0x3E, 0x07, 0x07,
    0x81, 0xC0, 0xF0, 0x70, 0x1E, 0x1C, 0x07, 0xC0, 0xFF, 0xC0, 0x1E, 0x7F, 0xE0, 0x1E, 0x3F, 0xF0,
    0x1F, 0x00, 0x78, 0x1F, 0x00, 0x3C, 0x1F, 0x00, 0x1E, 0x1F, 0x00, 0x0F, 0x1F, 0x00, 0x07, 0x9F,
    0x00, 0x03, 0xDF, 0x00, 0x01, 0xFF, 0x00, 0x00, 0xFF, 0x00, 0x00, 0x7F, 0xC0, 0x00, 0x3F, 0xF0,
    0x00, 0x1E, 0xFC, 0x00, 0x0F, 0x3F, 0x00, 0x07, 0x8F, 0xC0, 0x03, 0xC1, 0xF0, 0x01, 0xE0, 0x7C,
    0x00, 0xF0, 0x3E, 0x00, 0x78, 0x0F, 0x80, 0x3C, 0x03, 0xE0, 0x1E, 0x00, 0xF8, 0x0F, 0x00, 0x3C,
    0xFF, 0x03, 0xEF, 0xF0, 0x7C, 0xFF, 0x0F, 0x80, 0x71, 0xF0, 0x07, 0x3E, 0x00, 0x77, 0xC0, 0x07,
    0xF8, 0x00, 0x7F, 0x00, 0x07, 0xF8, 0x00, 0x7F, 0xC0, 0x07, 0x3E, 0x00, 0x71, 0xF0, 0x07, 0x0F,
    0x80, 0x70, 0x7C, 0x07, 0x03, 0xC0, 0x70, 0x3E, 0x07, 0x01, 0xF0, 0xF0, 0x01, 0xE3, 0xC0, 0x07,
    0x8F, 0x00, 0x1E, 0x3C, 0x00, 0x78, 0xF0, 0x01, 0xE3, 0xC0, 0x07, 0x8F, 0x00, 0x1E, 0x3C, 0x00,
    0x78, 0xF0, 0x01, 0xE3, 0xFF, 0xFF, 0x8F, 0xFF, 0xFE, 0x3F, 0xFF, 0xF8, 0xF0, 0x01, 0xE3, 0xC0,
    0x07, 0x8F, 0x00, 0x1E, 0x3C, 0x00, 0x78, 0xF0, 0x01, 0xE3, 0xC0, 0x07, 0x8F, 0x00, 0x1E, 0x3C,
    0x00, 0x78, 0xF0, 0x01, 0xFF, 0xC0, 0x07, 0xFF, 0x00, 0x1F, 0xC0, 0x00, 0x0F, 0x00, 0x00, 0x3C,
    0x00, 0x00, 0xF0, 0x00, 0x03, 0xC0, 0x00, 0x0F, 0x00, 0x00, 0x3C, 0xF0, 0x1E, 0x3C, 0x07, 0x8F,
    0x01, 0xE3, 0xC0, 0x78, 0xF0, 0x1E, 0x3C, 0x07, 0x8F, 0xFF, 0xE3, 0xFF, 0xF8, 0xFF, 0xFE, 0x3C,
    0x07, 0x8F, 0x01, 0xE3, 0xC0, 0x78, 0xF0, 0x1E, 0x3C, 0x07, 0x8F, 0x01, 0xFB, 0xC0, 0x7E, 0xF0,
    0x1F, 0x80, 0x00, 0xE0, 0x00, 0x38, 0x00, 0x0E, 0x00, 0x03, 0x80, 0x00, 0xE0, 0xF0, 0x01, 0xFF,
    0xF8, 0x00, 0xFF, 0xFC, 0x00, 0x7F, 0xFE, 0x00, 0x3C, 0x0F, 0x00, 0x1E, 0x07, 0x80, 0x0F, 0x03,
    0xC0, 0x07, 0x81, 0xE0, 0x03, 0xC0, 0xF0, 0x01, 0xE0, 0x7F, 0xFF, 0xF0, 0x3F, 0xFF, 0xF8, 0x1F,
    0xFF, 0xFC, 0x0F, 0x00, 0x1E, 0x07, 0x80, 0x0F, 0x03, 0xC0, 0x07, 0x81, 0xE0, 0x03, 0xC0, 0xF0,
    0x01, 0xE0, 0x78, 0x00, 0xF0, 0x3C, 0x00, 0x78, 0x1E, 0x00, 0x3C, 0x0F, 0x00, 0x1E, 0x07, 0x80,
    0x0F, 0x03, 0xC0, 0x07, 0x80, 0xF0, 0x1F, 0xFF, 0x01, 0xFF, 0xF0, 0x1F, 0xFF, 0x01, 0xE0, 0xF0,
    0x1E, 0x0F, 0x01, 0xE0, 0xFF, 0xFE, 0x0F, 0xFF, 0xE0, 0xFF, 0xFE, 0x0F, 0x01, 0xE0, 0xF0, 0x1E,
    0x0F, 0x01, 0xE0, 0xF0, 0x1E, 0x0F, 0x01, 0xE0, 0xF0, 0x1E, 0x0F, 0x01, 0xE0, 0xF0, 0x1E, 0x00,
    0xFF, 0xFF, 0xC0, 0x01, 0xFF, 0xFF, 0x80, 0x03, 0xFF, 0xFF, 0x00, 0x07, 0x80, 0x1E, 0x00, 0x0F,
    0x00, 0x3C, 0x00, 0x1E, 0x00, 0x78, 0x00, 0x3C, 0x00, 0xF0, 0x00, 0x78, 0x01, 0xE0, 0x00, 0xF0,
    0x03, 0xC0, 0x01, 0xE0, 0x07, 0xFF, 0x83, 0xC0, 0x0F, 0xFF, 0xC7, 0x80, 0x1F, 0xFF, 0xCF, 0x00,
    0x3F, 0x1F, 0xDE, 0x00, 0x78, 0x0F, 0xBC, 0x00, 0xF0, 0x0F, 0xF8, 0x01, 0xE0, 0x0F, 0xF0, 0x03,
    0xC0, 0x1F, 0xE0, 0x07, 0x80, 0x3F, 0xC0, 0x0F, 0x00, 0x7F, 0x80, 0x1E, 0x00, 0xFF, 0x00, 0x3C,
    0x01, 0xFE, 0x00, 0x78, 0x03, 0xFC, 0x00, 0xF0, 0x0F, 0x80, 0x00, 0x00, 0x1E, 0x00, 0x00, 0x00,
    0x7C, 0x00, 0x00, 0x03, 0xF0, 0x00, 0x00, 0x3F, 0xE0, 0x00, 0x00, 0x7F, 0x80, 0x00, 0x00, 0xFC,
    0x00, 0xFF, 0xFE, 0x00, 0x3F, 0xFF, 0x80, 0x0F, 0xFF, 0xE0, 0x03, 0xC0, 0x78, 0x00, 0xF0, 0x1E,
    0x00, 0x3C, 0x07, 0x80, 0x0F, 0x01, 0xE0, 0x03, 0xC0, 0x7F, 0xF0, 0xF0, 0x1F, 0xFF, 0x3C, 0x07,
    0xFF, 0xCF, 0x01, 0xF1, 0xFB, 0xC0, 0x78, 0x1E, 0xF0, 0x1E, 0x03, 0xFC, 0x07, 0x80, 0xFF, 0x01,
    0xE0, 0x3F, 0xC0, 0x78, 0x0F, 0xF0, 0x1E, 0x03, 0xC0, 0x00, 0x01, 0xE0, 0x00, 0x00, 0x78, 0x00,
    0x00, 0x7E, 0x00, 0x00, 0x7F, 0x00, 0x00, 0x1F, 0x80, 0x00, 0x07, 0xC0, 0x00, 0xFF, 0xC0, 0x03,
    0xFF, 0xC0, 0x0F, 0xFF, 0xC0, 0x1F, 0xE3, 0x80, 0x1F, 0x00, 0x00, 0x3E, 0x00, 0x00, 0x7C, 0x07,
    0xF0, 0x78, 0x1F, 0xF8, 0x78, 0x1F, 0xFC, 0x78, 0x3F, 0x7E, 0x78, 0x3C, 0x1E, 0x78, 0x7C, 0x1E,
    0x78, 0x78, 0x1E, 0x78, 0x78, 0x1E, 0x78, 0x78, 0x1E, 0x78, 0x78, 0x1E, 0x7C, 0x78, 0x1E, 0x3E,
    0x78, 0x3E, 0x3F, 0x3C, 0x7C, 0x1F, 0xFF, 0xF8, 0x0F, 0xFF, 0xF0, 0x03, 0xFF, 0xE0, 0x00, 0xFF,
    0x80, 0x00, 0x0F, 0x00, 0x00, 0x0F, 0xC0, 0x00, 0x07, 0xF8, 0x00, 0x03, 0xFC, 0x00, 0x01, 0xFC,
    0x00, 0x00, 0x7C, 0x07, 0xF0, 0x07, 0xFC, 0x03, 0xFF, 0x00, 0xFC, 0x80, 0x7C, 0x7E, 0x1E, 0x3F,
    0xEF, 0x0F, 0xFB, 0xC7, 0xDF, 0xF1, 0xE3, 0xFC, 0x70, 0xF7, 0x1C, 0x3D, 0xE7, 0x0F, 0x7D, 0xE7,
    0x8F, 0xFF, 0xE3, 0xFF, 0xF0, 0x7F, 0xF8, 0x07, 0xFC, 0x00, 0x1E, 0x00, 0x07, 0xC0, 0x00, 0xFC,
    0x00, 0x1F, 0x80, 0x01, 0xE0, 0x01, 0xFF, 0x80, 0xFF, 0xFC, 0x3F, 0xFF, 0x8F, 0xF3, 0xE3, 0xF0,
    0x04, 0x7C, 0x00, 0x1F, 0x00, 0x03, 0xC0, 0x00, 0x78, 0x00, 0x0F, 0x00, 0x01, 0xE0, 0x00, 0x3C,
    0x00, 0x07, 0x80, 0x00, 0xF0, 0x00, 0x1E, 0x00, 0x03, 0xC0, 0x00, 0x7C, 0x00, 0x07, 0xC0, 0x00,
    0xFC, 0x00, 0x0F, 0xF1, 0xE0, 0xFF, 0xFE, 0x0F, 0xFF, 0xC0, 0x7F, 0xE0, 0x03, 0x80, 0x00, 0x78,
    0x00, 0x0F, 0x80, 0x00, 0xF0, 0x00, 0xFE, 0x00, 0x1F, 0x80, 0x07, 0xF8, 0x7F, 0xF3, 0xFF, 0x8F,
    0xCE, 0x7C, 0x01, 0xE0, 0x07, 0x80, 0x3C, 0x00, 0xF0, 0x03, 0xC0, 0x0F, 0x80, 0x1E, 0x00, 0x7C,
    0x00, 0xFC, 0x73, 0xFF, 0xC7, 0xFF, 0x07, 0xFC, 0x07, 0x00, 0x3C, 0x00, 0x78, 0x04, 0xE0, 0x1F,
    0x80, 0x7C, 0x00, 0xFF, 0xFF, 0xDF, 0xFF, 0xFB, 0xFF, 0xFF, 0x00, 0xF0, 0x00, 0x1E, 0x00, 0x03,
    0xC0, 0x00, 0x78, 0x00, 0x0F, 0x00, 0x01, 0xE0, 0x00, 0x3C, 0x00, 0x07, 0x80, 0x00, 0xF0, 0x00,
    0x1E, 0x00, 0x03, 0xC0, 0x00, 0x78, 0x00, 0x0F, 0x00, 0x01, 0xE0, 0x00, 0x3C, 0x00, 0x07, 0x80,
    0x00, 0xF0, 0x00, 0x1F, 0xC0, 0x03, 0xF8, 0x00, 0x7F, 0x00, 0x01, 0xE0, 0x00, 0x3C, 0x00, 0x07,
    0x80, 0x00, 0xF0, 0x00, 0x1E, 0x00, 0x03, 0xC0, 0xFF, 0xFF, 0xFF, 0xFF, 0xFF, 0xF8, 0x1E, 0x00,
    0x3C, 0x00, 0x78, 0x00, 0xF0, 0x01, 0xE0, 0x03, 0xC0, 0x07, 0x80, 0x0F, 0x00, 0x1E, 0x00, 0x3C,
    0x00, 0x78, 0x00, 0xFC, 0x01, 0xF8, 0x03, 0xF0, 0x01, 0xE0, 0x03, 0xC0, 0x07, 0x80, 0x0F, 0x00,
    0x1E, 0x00, 0xF8, 0x01, 0xF7, 0x80, 0x1E, 0x7C, 0x03, 0xE3, 0xC0, 0x3C, 0x3E, 0x07, 0x81, 0xE0,
    0x78, 0x1F, 0x0F, 0x00, 0xF0, 0xF0, 0x07, 0x9E, 0x00, 0x7F, 0xE0, 0x03, 0xFC, 0x00, 0x3F, 0x80,
    0x01, 0xF8, 0x00, 0x0F, 0x00, 0x00, 0xF0, 0x00, 0x0F, 0x00, 0x00, 0xF0, 0x00, 0x0F, 0x00, 0x00,
    0xF0, 0x00, 0x0F, 0x00, 0x00, 0xF0, 0x00, 0x0F, 0x00, 0x00, 0xF0, 0x00, 0xF0, 0x0F, 0x3C, 0x07,
    0x9E, 0x03, 0xCF, 0x01, 0xC7, 0xC1, 0xE1, 0xE0, 0xF0, 0xF0, 0xF0, 0x3C, 0x78, 0x1E, 0x3C, 0x0F,
    0x3C, 0x03, 0xDE, 0x01, 0xEF, 0x00, 0xFF, 0x00, 0x3F, 0x80, 0x1F, 0x80, 0x07, 0xC0, 0x03, 0xC0,
    0x01, 0xE0, 0x00, 0xF0, 0x00, 0x78, 0x00, 0x3C, 0x00, 0x1E, 0x00, 0x0F, 0x00, 0xF8, 0x01, 0xF7,
    0x80, 0x1E, 0x7C, 0x03, 0xE3, 0xC0, 0x3C, 0x3E, 0x07, 0x81, 0xE0, 0x78, 0x1F, 0x0F, 0x00, 0xF0,
    0xF0, 0x0F, 0x9E, 0x00, 0x7B, 0xE0, 0x03, 0xFC, 0x00, 0x3F, 0x80, 0x01, 0xF8, 0x00, 0x1F, 0x00,
    0x1F, 0xFF, 0x81, 0xFF, 0xF8, 0x1F, 0xFF, 0x80, 0x0F, 0x00, 0x00, 0xF0, 0x00, 0x0F, 0x00, 0x00,
    0xF0, 0x00, 0x0F, 0x00, 0x00, 0xF0, 0x00, 0xF0, 0x0F, 0x3C, 0x07, 0x9E, 0x03, 0xCF, 0x03, 0xC7,
    0xC1, 0xE1, 0xE0, 0xF0, 0xF0, 0xF0, 0x3C, 0x78, 0x1E, 0x3C, 0x0F, 0x3C, 0x03, 0xDE, 0x01, 0xEE,
    0x00, 0x7F, 0x00, 0x3F, 0x80, 0x1F, 0x80, 0x7F, 0xFC, 0x3F, 0xFE, 0x01, 0xE0, 0x00, 0xF0, 0x00,
    0x78, 0x00, 0x3C, 0x00, 0x1E, 0x00, 0x0F, 0x00, 0x7C, 0x01, 0xF0, 0xF0, 0x07, 0x83, 0xE0, 0x3C,
    0x07, 0xC1, 0xF0, 0x0F, 0x07, 0x80, 0x3E, 0x3C, 0x00, 0x7D, 0xF0, 0x00, 0xFF, 0x80, 0x03, 0xFC,
    0x00, 0x07, 0xF0, 0x00, 0x0F, 0x80, 0x00, 0x3E, 0x00, 0x01, 0xFC, 0x00, 0x07, 0xF8, 0x00, 0x3F,
    0xE0, 0x01, 0xF7, 0xC0, 0x0F, 0x8F, 0x80, 0x3C, 0x1E, 0x01, 0xF0, 0x7C, 0x0F, 0x80, 0xF8, 0x3C,
    0x01, 0xFD, 0xF0, 0x07, 0xF7, 0x80, 0x0F, 0xC0, 0x00, 0x0F, 0x00, 0x00, 0x3C, 0x00, 0x00, 0xF0,
    0x00, 0x03, 0xC0, 0x00, 0x0F, 0x00, 0x00, 0x3C, 0x78, 0x0F, 0x1F, 0x07, 0x83, 0xE3, 0xC0, 0x78,
    0xF0, 0x0F, 0x78, 0x03, 0xFC, 0x00, 0x7F, 0x00, 0x0F, 0x80, 0x03, 0xE0, 0x01, 0xFC, 0x00, 0x7F,
    0x80, 0x3D, 0xE0, 0x1E, 0x7C, 0x0F, 0x0F, 0x83, 0xC1, 0xFD, 0xE0, 0x3F, 0xF0, 0x0F, 0xC0, 0x00,
    0xF0, 0x00, 0x3C, 0x00, 0x0F, 0x00, 0x03, 0xC0, 0x00, 0xF0, 0xFF, 0xFF, 0x87, 0x8F, 0xFF, 0xF8,
    0x78, 0xFF, 0xFF, 0x87, 0x80, 0x1E, 0x00, 0x78, 0x01, 0xE0, 0x07, 0x80, 0x1E, 0x00, 0x78, 0x01,
    0xE0, 0x07, 0x80, 0x1E, 0x00, 0x78, 0x01, 0xE0, 0x07, 0x80, 0x1E, 0x00, 0x78, 0x01, 0xE0, 0x07,
    0x80, 0x1E, 0x00, 0x78, 0x01, 0xE0, 0x07, 0x80, 0x1E, 0x00, 0x78, 0x01, 0xE0, 0x07, 0x80, 0x1E,
    0x00, 0x78, 0x01, 0xE0, 0x07, 0x80, 0x1E, 0x00, 0x78, 0x01, 0xE0, 0x07, 0x80, 0x1E, 0x00, 0x78,
    0x01, 0xFF, 0xFF, 0xF0, 0x1F, 0xFF, 0xFF, 0x01, 0xFF, 0xFF, 0xF0, 0x00, 0x00, 0x0F, 0x00, 0x00,
    0x00, 0xF0, 0x00, 0x00, 0x0F, 0x00, 0x00, 0x00, 0xF0, 0x00, 0x00, 0x0F, 0x00, 0x00, 0x00, 0xF0,
    0xFF, 0xF9, 0xE3, 0xFF, 0xE7, 0x8F, 0xFF, 0x9E, 0x01, 0xE0, 0x78, 0x07, 0x81, 0xE0, 0x1E, 0x07,
    0x80, 0x78, 0x1E, 0x01, 0xE0, 0x78, 0x07, 0x81, 0xE0, 0x1E, 0x07, 0x80, 0x78, 0x1E, 0x01, 0xE0,
    0x78, 0x07, 0x81, 0xE0, 0x1E, 0x07, 0x80, 0x7F, 0xFF, 0xC1, 0xFF, 0xFF, 0x07, 0xFF, 0xFC, 0x00,
    0x00, 0xF0, 0x00, 0x03, 0xC0, 0x00, 0x0F, 0x00, 0x00, 0x3C, 0x00, 0x00, 0xF0, 0x70, 0x07, 0x87,
    0x00, 0x78, 0x70, 0x07, 0x87, 0x00, 0x78, 0x70, 0x07, 0x87, 0x00, 0x78, 0x70, 0x07, 0x87, 0x00,
    0x78, 0x78, 0x07, 0x87, 0x80, 0x78, 0x7C, 0x07, 0x87, 0xF0, 0xF8, 0x3F, 0xFF, 0x81, 0xFF, 0xF8,
    0x0F, 0xFF, 0x80, 0x00, 0x78, 0x00, 0x07, 0x80, 0x00, 0x78, 0x00, 0x07, 0x80, 0x00, 0x78, 0x00,
    0x07, 0xF0, 0x00, 0x7F, 0x00, 0x07, 0xF0, 0x00, 0x0F, 0x00, 0x00, 0xF0, 0x00, 0x0F, 0x00, 0x00,
    0xF0, 0x00, 0x0F, 0x00, 0x00, 0xF0, 0x00, 0x00, 0xF0, 0x3C, 0x78, 0x1E, 0x3C, 0x0F, 0x1E, 0x07,
    0x8F, 0x03, 0xC7, 0x81, 0xE3, 0xC0, 0xF1, 0xF8, 0xF8, 0x7F, 0xFC, 0x1F, 0xFE, 0x07, 0xFF, 0x00,
    0x07, 0x80, 0x03, 0xC0, 0x01, 0xE0, 0x00, 0xFE, 0x00, 0x7F, 0x00, 0x3F, 0x80, 0x03, 0xC0, 0x01,
    0xE0, 0x00, 0xF0, 0x00, 0x78, 0x00, 0x3C, 0x70, 0x03, 0xDC, 0x00, 0xF7, 0x00, 0x3D, 0xC0, 0x0F,
    0x70, 0x03, 0xDC, 0x00, 0xF7, 0x00, 0x3D, 0xE0, 0x0F, 0x79, 0xE3, 0xDE, 0x78, 0xF7, 0xDE, 0x3D,
    0xFF, 0xBF, 0x3F, 0xFF, 0xC7, 0xFF, 0xF0, 0xFF, 0xFC, 0x07, 0x8F, 0x01, 0xE3, 0xC0, 0x78, 0xF0,
    0x1E, 0x3C, 0x00, 0x0F, 0x00, 0x03, 0xC0, 0x00, 0xF0, 0x00, 0x3C, 0xF0, 0x3F, 0xC0, 0xFF, 0x03,
    0xFC, 0x0F, 0xF0, 0x3F, 0xCE, 0xFF, 0x3B, 0xFF, 0xFF, 0x7F, 0xFD, 0xFF, 0xF1, 0xFF, 0xC0, 0xEF,
    0x03, 0xBC, 0x0E, 0xF0, 0x03, 0xC0, 0x0F, 0x00, 0x3C, 0xF0, 0x00, 0x3C, 0x00, 0x0F, 0x00, 0x03,
    0xC0, 0x00, 0xF0, 0x00, 0x3C, 0x00, 0x0F, 0x00, 0x03, 0xC0, 0x00, 0xFF, 0xFC, 0x3F, 0xFF, 0x8F,
    0xFF, 0xF3, 0xF8, 0xFE, 0xF0, 0x0F, 0xBC, 0x01, 0xEF, 0x00, 0x7B, 0xC0, 0x0F, 0xF0, 0x03, 0xFC,
    0x00, 0xFF, 0x00, 0x3F, 0xC0, 0x0F, 0xF0, 0x03, 0xFC, 0x00, 0xFF, 0x00, 0x3C, 0xF0, 0x01, 0xE0,
    0x03, 0xC0, 0x07, 0x80, 0x0F, 0x00, 0x1E, 0x00, 0x3C, 0x00, 0x78, 0x00, 0xFF, 0xE1, 0xFF, 0xF3,
    0xFF, 0xF7, 0xE7, 0xEF, 0x03, 0xFE, 0x03, 0xFC, 0x07, 0xF8, 0x0F, 0xF0, 0x1F, 0xE0, 0x3F, 0xC0,
    0x7F, 0x80, 0xFF, 0x01, 0xFE, 0x03, 0xFC, 0x07, 0xF8, 0x0F, 0xF0, 0x1E, 0x00, 0x0F, 0xF8, 0x00,
    0x0F, 0xFF, 0x00, 0x07, 0xFF, 0xE0, 0x03, 0xF8, 0xFC, 0x01, 0xF8, 0x0F, 0xBC, 0x78, 0x01, 0xEF,
    0x3E, 0x00, 0x3F, 0xCF, 0x00, 0x0F, 0xFF, 0xC0, 0x03, 0xDF, 0xFF, 0xFF, 0xF7, 0xFF, 0xFF, 0xFC,
    0x7F, 0xFF, 0xFF, 0x03, 0xC0, 0x00, 0x00, 0xF0, 0x00, 0x00, 0x3C, 0x00, 0x00, 0x0F, 0x80, 0x00,
    0x01, 0xE0, 0x00, 0x00, 0x7C, 0x00, 0x00, 0x0F, 0x80, 0x00, 0x03, 0xFC, 0x7C, 0x00, 0x7F, 0xFF,
    0x00, 0x07, 0xFF, 0xC0, 0x00, 0xFF, 0xE0, 0x00, 0x7F, 0x80, 0x07, 0xFE, 0x38, 0x7F, 0xF9, 0xC7,
    0xE7, 0xEF, 0x3C, 0x0F, 0x7F, 0xC0, 0x39, 0xFF, 0xFF, 0xEF, 0xFF, 0xFF, 0x1F, 0xFF, 0xF8, 0x3C,
    0x00, 0x01, 0xE0, 0x00, 0x0F, 0x80, 0x00, 0x3C, 0x00, 0x01, 0xFC, 0x70, 0x07, 0xFF, 0x80, 0x1F,
    0xFC, 0x00, 0x3F, 0xE0, 0x00, 0x0F, 0xF8, 0x00, 0x0F, 0xFF, 0x00, 0x07, 0xFF, 0xE0, 0x03, 0xF8,
    0xFC, 0x01, 0xF8, 0x0F, 0xBC, 0x78, 0x01, 0xEF, 0x3E, 0x00, 0x3F, 0xCF, 0x00, 0x0F, 0xFF, 0xC0,
    0x03, 0xDF, 0xFF, 0xFF, 0xF7, 0xFF, 0xFF, 0xFC, 0x7F, 0xFF, 0xFF, 0x03, 0xC0, 0x00, 0x00, 0xF0,
    0x00, 0x00, 0x3C, 0x00, 0x00, 0x0F, 0x80, 0x00, 0x01, 0xE0, 0x00, 0x00, 0x7C, 0x00, 0x00, 0x0F,
    0x80, 0x00, 0x03, 0xFC, 0x7C, 0x00, 0x7F, 0xFF, 0x00, 0x07, 0xFF, 0xC0, 0x00, 0xFF, 0xE0, 0x00,
    0x0F, 0x00, 0x00, 0x03, 0xC0, 0x00, 0x00, 0xF0, 0x00, 0x00, 0x3C, 0x00, 0x00, 0x0F, 0x00, 0x00,
    0x03, 0xC0, 0x00, 0x00, 0x7F, 0x80, 0x07, 0xFE, 0x38, 0x7F, 0xF9, 0xC7, 0xE7, 0xEF, 0x3C, 0x0F,
    0x7F, 0xC0, 0x39, 0xFF, 0xFF, 0xEF, 0xFF, 0xFF, 0x1F, 0xFF, 0xF8, 0x3C, 0x00, 0x01, 0xE0, 0x00,
    0x0F, 0x80, 0x00, 0x3C, 0x00, 0x01, 0xFC, 0x70, 0x07, 0xFF, 0x80, 0x1F, 0xFC, 0x00, 0x3F, 0xE0,
    0x00, 0xF0, 0x00, 0x07, 0x80, 0x00, 0x3C, 0x00, 0x01, 0xE0, 0x00, 0x0F, 0x00, 0xF7, 0xBD, 0xEF,
    0x7B, 0xDE, 0xF7, 0xBD, 0xEF, 0x7B, 0xDE, 0xF7, 0xBD, 0xEF, 0x7B, 0xC0, 0x00, 0x38, 0x70, 0x00,
    0x00, 0xF3, 0xC0, 0x00, 0x03, 0xFF, 0x00, 0x00, 0x07, 0xF0, 0x00, 0x00, 0x00, 0x00, 0x00, 0x00,
    0x00, 0x00, 0x07, 0xC0, 0x78, 0x0F, 0x8F, 0x81, 0xE0, 0x7C, 0x1E, 0x07, 0x83, 0xE0, 0x3C, 0x1E,
    0x1F, 0x00, 0x78, 0x78, 0x78, 0x01, 0xF1, 0xE3, 0xC0, 0x03, 0xE7, 0x9F, 0x00, 0x07, 0xDE, 0xF8,
    0x00, 0x0F, 0xFF, 0xC0, 0x00, 0x1F, 0xFE, 0x00, 0x00, 0x3F, 0xF0, 0x00, 0x01, 0xFF, 0xE0, 0x00,
    0x0F, 0x7F, 0xC0, 0x00, 0x7D, 0xEF, 0x80, 0x03, 0xE7, 0x9F, 0x00, 0x1F, 0x1E, 0x3E, 0x00, 0x78,
    0x78, 0x78, 0x03, 0xC1, 0xE0, 0xF0, 0x1F, 0x07, 0x83, 0xE0, 0xF8, 0x1E, 0x07, 0x83, 0xC0, 0x78,
    0x0F, 0x1F, 0x01, 0xE0, 0x3E, 0x78, 0x07, 0x80, 0x78, 0x00, 0xE1, 0x80, 0x00, 0xFB, 0xE0, 0x00,
    0x3F, 0xE0, 0x00, 0x0F, 0xE0, 0x00, 0x00, 0x00, 0x00, 0x00, 0x00, 0x00, 0x00, 0x00, 0x00, 0xF8,
    0x38, 0x1E, 0x3E, 0x1C, 0x1E, 0x0F, 0x0E, 0x1E, 0x03, 0xC7, 0x1E, 0x00, 0xF3, 0x9E, 0x00, 0x3D,
    0xDE, 0x00, 0x0F, 0xFE, 0x00, 0x07, 0xFF, 0x00, 0x03, 0xFF, 0xC0, 0x03, 0xDD, 0xE0, 0x03, 0xCE,
    0x78, 0x03, 0xC7, 0x1E, 0x03, 0xE3, 0x87, 0x83, 0xE1, 0xC3, 0xE1, 0xE0, 0xE0, 0xF9, 0xE0, 0x70,
    0x3D, 0xF0, 0x38, 0x0F, 0xF0, 0x07, 0xBC, 0x03, 0xEF, 0x01, 0xF3, 0xC0, 0xF8, 0xF0, 0x7C, 0x3C,
    0x3E, 0x0F, 0x1F, 0x03, 0xCF, 0x80, 0xF7, 0xC0, 0x3F, 0xE0, 0x0F, 0xFF, 0x03, 0xFF, 0xF0, 0xFF,
    0xFE, 0x3C, 0x3F, 0xCF, 0x01, 0xFB, 0xC0, 0x3E, 0xF0, 0x07, 0xBC, 0x01, 0xFF, 0x00, 0x3F, 0xC0,
    0x0F, 0xF0, 0x03, 0xFC, 0x01, 0xFF, 0x00, 0x78, 0x00, 0x1E, 0x00, 0x0F, 0x80, 0x1F, 0xC0, 0x1F,
    0xE0, 0x07, 0xF0, 0x01, 0xF8, 0x00, 0xF0, 0x3F, 0xE0, 0xFB, 0xC3, 0xE7, 0x8F, 0x8F, 0x3E, 0x1E,
    0xF8, 0x3F, 0xE0, 0x7F, 0xF0, 0xFF, 0xF9, 0xE3, 0xF3, 0xC0, 0xF7, 0x80, 0xFF, 0x01, 0xFE, 0x03,
    0xFC, 0x07, 0xF8, 0x0F, 0xF0, 0x1E, 0x00, 0x3C, 0x00, 0x78, 0x01, 0xE0, 0x0F, 0xC0, 0x7F, 0x00,
    0xF8, 0x00, 0x01, 0xFF, 0xF8, 0x01, 0xFF, 0xF8, 0x01, 0xFF, 0xF8, 0x01, 0xE0, 0x78, 0x01, 0xE0,
    0x78, 0x01, 0xE0, 0x78, 0x01, 0xE0, 0x78, 0x01, 0xE0, 0x78, 0x01, 0xE0, 0x78, 0x01, 0xE0, 0x78,
    0x01, 0xE0, 0x78, 0x01, 0xC0, 0x78, 0x03, 0xC0, 0x78, 0x03, 0xC0, 0x78, 0x03, 0xC0, 0x78, 0x03,
    0xC0, 0x78, 0x07, 0x80, 0x78, 0x0F, 0x80, 0x78, 0x0F, 0x00, 0x78, 0x7F, 0x00, 0x78, 0xFE, 0x00,
    0x7F, 0xFC, 0x00, 0x7F, 0xF0, 0x00, 0x7F, 0x00, 0x00, 0x0E, 0x00, 0x00, 0x1E, 0x00, 0x00, 0x1C,
    0x00, 0x00, 0x3C, 0x00, 0x00, 0x78, 0x00, 0x00, 0x30, 0x07, 0xFF, 0x80, 0x7F, 0xF8, 0x07, 0xFF,
    0x80, 0x78, 0x38, 0x07, 0x83, 0x80, 0x78, 0x38, 0x07, 0x83, 0x80, 0x78, 0x38, 0x07, 0x83, 0x80,
    0x70, 0x38, 0x0F, 0x03, 0x80, 0xF0, 0x38, 0x1F, 0x03, 0x87, 0xE0, 0x38, 0xFC, 0x03, 0x8F, 0x80,
    0x3F, 0xF0, 0x03, 0xF0, 0x00, 0x0F, 0x00, 0x00, 0xF0, 0x00, 0x1E, 0x00, 0x01, 0xE0, 0x00, 0x3C,
    0x00, 0x01, 0xC0, 0xF0, 0x01, 0xFE, 0x00, 0x3F, 0xC0, 0x07, 0xF8, 0x00, 0xFF, 0x00, 0x1F, 0xE0,
    0x03, 0xFC, 0x00, 0x7F, 0x80, 0x0F, 0xF0, 0x01, 0xFF, 0xFF, 0xFF, 0xFF, 0xFF, 0xFF, 0xFF, 0xFF,
    0x00, 0x1F, 0xE0, 0x03, 0xFC, 0x00, 0x7F, 0x80, 0x0F, 0xF0, 0x01, 0xFE, 0x00, 0x3F, 0xC0, 0x07,
    0xF8, 0x00, 0xFF, 0x00, 0x1F, 0xE0, 0x03, 0xFC, 0x00, 0x78, 0x00, 0x0F, 0x00, 0x01, 0xE0, 0x00,
    0x7C, 0x00, 0x7F, 0x00, 0x0F, 0xE0, 0x01, 0xF8, 0xF0, 0x1F, 0xE0, 0x3F, 0xC0, 0x7F, 0x80, 0xFF,
    0x01, 0xFE, 0x03, 0xFF, 0xFF, 0xFF, 0xFF, 0xFF, 0xFF, 0xE0, 0x3F, 0xC0, 0x7F, 0x80, 0xFF, 0x01,
    0xFE, 0x03, 0xFC, 0x07, 0xF8, 0x0F, 0xF0, 0x1E, 0x00, 0x3C, 0x00, 0x78, 0x01, 0xF0, 0x0F, 0xE0,
    0x3F, 0x80, 0x7E, 0x00, 0xF0, 0x01, 0xE3, 0xC0, 0x07, 0x8F, 0x00, 0x1E, 0x3C, 0x00, 0x78, 0xF0,
    0x01, 0xE3, 0xC0, 0x07, 0x8F, 0x00, 0x1E, 0x3C, 0x00, 0x78, 0xF0, 0x01, 0xE3, 0xFF, 0xFF, 0x8F,
    0xFF, 0xFE, 0x3F, 0xFF, 0xF8, 0xF0, 0x01, 0xE3, 0xC0, 0x07, 0x8F, 0x00, 0x1E, 0x3C, 0x00, 0x78,
    0xF0, 0x01, 0xE3, 0xC0, 0x07, 0x8F, 0x00, 0x1E, 0x3C, 0x00, 0x78, 0xF0, 0x01, 0xFF, 0xC0, 0x07,
    0xFF, 0x00, 0x1F, 0xC0, 0x00, 0x1E, 0x00, 0x00, 0x78, 0x00, 0x03, 0xC0, 0x00, 0x0F, 0x00, 0x00,
    0x78, 0x00, 0x00, 0xC0, 0xF0, 0x1E, 0x3C, 0x07, 0x8F, 0x01, 0xE3, 0xC0, 0x78, 0xF0, 0x1E, 0x3C,
    0x07, 0x8F, 0xFF, 0xE3, 0xFF, 0xF8, 0xFF, 0xFE, 0x3C, 0x07, 0x8F, 0x01, 0xE3, 0xC0, 0x78, 0xF0,
    0x1E, 0x3C, 0x07, 0x8F, 0x01, 0xE3, 0xC0, 0x7F, 0xF0, 0x1F, 0xC0, 0x00, 0xF0, 0x00, 0x38, 0x00,
    0x1E, 0x00, 0x0F, 0x00, 0x03, 0xC0, 0x00, 0x60, 0xF0, 0x07, 0xF8, 0x03, 0xFC, 0x01, 0xFE, 0x00,
    0xFF, 0x00, 0x7F, 0x80, 0x3F, 0xC0, 0x1F, 0xE0, 0x0F, 0xF0, 0x07, 0xF8, 0x03, 0xFE, 0x01, 0xEF,
    0xC3, 0xF7, 0xFF, 0xF9, 0xFF, 0xFC, 0x3F, 0xFE, 0x00, 0x0F, 0x00, 0x07, 0x80, 0x03, 0xC0, 0x01,
    0xE0, 0x00, 0xF0, 0x03, 0xF8, 0x01, 0xFC, 0x00, 0xFE, 0x00, 0x78, 0x00, 0x3C, 0x00, 0x1E, 0x00,
    0x0F, 0x00, 0x07, 0x80, 0x03, 0xC0, 0xF0, 0x3F, 0xC0, 0xFF, 0x03, 0xFC, 0x0F, 0xF0, 0x3F, 0xC0,
    0xFF, 0x03, 0xFF, 0x1F, 0x7F, 0xFC, 0xFF, 0xF1, 0xFF, 0xC0, 0x0F, 0x00, 0x3C, 0x00, 0xF0, 0x0F,
    0xC0, 0x3F, 0x00, 0xFC, 0x03, 0xC0, 0x0F, 0x00, 0x3C, 0x00, 0xF0, 0x03, 0xC0, 0x78, 0x00, 0x1E,
    0x07, 0xC0, 0x01, 0xE0, 0x7C, 0x00, 0x3E, 0x07, 0xE0, 0x03, 0xF0, 0x7E, 0x00, 0x7F, 0x07, 0xF0,
    0x07, 0xF0, 0x7F, 0x00, 0xFF, 0x07, 0xF8, 0x0F, 0xF0, 0x73, 0x80, 0xEF, 0x07, 0x3C, 0x1E, 0xF0,
    0x71, 0xC1, 0xCF, 0x0F, 0x1C, 0x3C, 0x70, 0xF1, 0xE3, 0x87, 0x0F, 0x0E, 0x78, 0x70, 0xF0, 0xF7,
    0x07, 0x0F, 0x07, 0x70, 0x78, 0xF0, 0x7F, 0x07, 0x8F, 0x03, 0xE0, 0x78, 0xF0, 0x3E, 0x07, 0x8F,
    0x01, 0xC0, 0x78, 0xF0, 0x00, 0x07, 0xFF, 0x00, 0x00, 0x7F, 0xF0, 0x00, 0x07, 0xF0, 0x00, 0x00,
    0x1E, 0x00, 0x00, 0x01, 0xE0, 0x00, 0x00, 0x3C, 0x00, 0x00, 0x03, 0xC0, 0x00, 0x00, 0x78, 0x00,
    0x00, 0x03, 0x00, 0x78, 0x01, 0xE0, 0xF8, 0x03, 0xC1, 0xF0, 0x0F, 0x83, 0xF0, 0x1F, 0x07, 0xE0,
    0x7E, 0x0E, 0xC0, 0xDE, 0x3D, 0xC3, 0xBC, 0x7B, 0x87, 0x78, 0xF3, 0x9C, 0xF1, 0xE7, 0x39, 0xE3,
    0xC7, 0xE3, 0xC7, 0x8F, 0xC7, 0x8F, 0x1F, 0x8F, 0x1E, 0x1E, 0x1E, 0x3C, 0x3C, 0x3C, 0x78, 0x00,
    0x7F, 0xF0, 0x00, 0xFE, 0x00, 0x00, 0x3C, 0x00, 0x00, 0x70, 0x00, 0x01, 0xE0, 0x00, 0x03, 0xC0,
    0x00, 0x0F, 0x00, 0x00, 0x0C, 0x00, 0xF7, 0xBD, 0xEF, 0x7B, 0xDE, 0xF7, 0xBD, 0xEF, 0x7B, 0xDE,
    0xF7, 0xBD, 0xEF, 0x7B, 0xC0, 0x03, 0x87, 0x00, 0x0F, 0x3C, 0x00, 0x3F, 0xF0, 0x00, 0x7F, 0x80,
    0x00, 0x00, 0x00, 0x00, 0x00, 0x00, 0x07, 0x80, 0x00, 0x3E, 0x00, 0x00, 0xFC, 0x00, 0x03, 0xF0,
    0x00, 0x1F, 0xE0, 0x00, 0x7F, 0x80, 0x03, 0xCF, 0x00, 0x0F, 0x3C, 0x00, 0x78, 0xF0, 0x01, 0xE1,
    0xE0, 0x07, 0x07, 0x80, 0x3C, 0x0F, 0x00, 0xF0, 0x3C, 0x07, 0x80, 0xF0, 0x1F, 0xFF, 0xE0, 0x7F,
    0xFF, 0x83, 0xFF, 0xFF, 0x0F, 0x00, 0x3C, 0x3C, 0x00, 0xF1, 0xE0, 0x03, 0xE7, 0x80, 0x07, 0xBC,
    0x00, 0x1E, 0xF0, 0x00, 0x3C, 0x1C, 0x30, 0x7B, 0xE1, 0xFF, 0x03, 0xF8, 0x00, 0x00, 0x00, 0x00,
    0x00, 0x0F, 0xF8, 0x3F, 0xF8, 0xFF, 0xE3, 0x8F, 0xC0, 0x0F, 0x00, 0x3C, 0x7F, 0xF3, 0xFF, 0xDF,
    0xFF, 0xFC, 0x3F, 0xC0, 0xFF, 0x03, 0xFC, 0x0F, 0xFC, 0x3D, 0xFF, 0xF3, 0xFF, 0xC7, 0xFF, 0x03,
    0x8F, 0x00, 0x0F, 0x3C, 0x00, 0x3C, 0xF0, 0x00, 0xE3, 0xC0, 0x00, 0x00, 0x00, 0x00, 0x00, 0x00,
    0x07, 0x80, 0x00, 0x3E, 0x00, 0x00, 0xFC, 0x00, 0x03, 0xF0, 0x00, 0x1F, 0xE0, 0x00, 0x7F, 0x80,
    0x03, 0xCF, 0x00, 0x0F, 0x3C, 0x00, 0x78, 0xF0, 0x01, 0xE1, 0xE0, 0x07, 0x07, 0x80, 0x3C, 0x0F,
    0x00, 0xF0, 0x3C, 0x07, 0x80, 0xF0, 0x1F, 0xFF, 0xE0, 0x7F, 0xFF, 0x83, 0xFF, 0xFF, 0x0F, 0x00,
    0x3C, 0x3C, 0x00, 0xF1, 0xE0, 0x03, 0xE7, 0x80, 0x07, 0xBC, 0x00, 0x1E, 0xF0, 0x00, 0x3C, 0x1C,
    0x78, 0xF9, 0xE3, 0xE7, 0x87, 0x1E, 0x00, 0x00, 0x00, 0x00, 0x00, 0x0F, 0xF8, 0x3F, 0xF8, 0xFF,
    0xE3, 0x8F, 0xC0, 0x0F, 0x00, 0x3C, 0x7F, 0xF3, 0xFF, 0xDF, 0xFF, 0xFC, 0x3F, 0xC0, 0xFF, 0x03,
    0xFC, 0x0F, 0xFC, 0x3D, 0xFF, 0xF3, 0xFF, 0xC7, 0xFF, 0x00, 0x07, 0xFF, 0xF8, 0x00, 0x1F, 0xFF,
    0xE0, 0x00, 0xFF, 0xFF, 0x80, 0x07, 0xF8, 0x00, 0x00, 0x1F, 0xE0, 0x00, 0x00, 0xF7, 0x80, 0x00,
    0x07, 0x9E, 0x00, 0x00, 0x1E, 0x78, 0x00, 0x00, 0xF1, 0xE0, 0x00, 0x03, 0x87, 0xFF, 0xC0, 0x1E,
    0x1F, 0xFF, 0x00, 0xF0, 0x7F, 0xFC, 0x03, 0xC1, 0xE0, 0x00, 0x1E, 0x07, 0x80, 0x00, 0x7F, 0xFE,
    0x00, 0x03, 0xFF, 0xF8, 0x00, 0x1F, 0xFF, 0xE0, 0x00, 0x78, 0x07, 0x80, 0x03, 0xC0, 0x1E, 0x00,
    0x0F, 0x00, 0x78, 0x00, 0x78, 0x01, 0xFF, 0xFD, 0xE0, 0x07, 0xFF, 0xFF, 0x00, 0x1F, 0xFF, 0xC0,
    0x3F, 0xE1, 0xFC, 0x0F, 0xFC, 0xFF, 0xC3, 0xFF, 0xFF, 0xF8, 0xE3, 0xFE, 0x7E, 0x00, 0x3E, 0x07,
    0x80, 0x0F, 0x80, 0xF1, 0xFF, 0xC0, 0x3C, 0xFF, 0xFF, 0xFF, 0x7F, 0xFF, 0xFF, 0xFF, 0x0F, 0x00,
    0x0F, 0x01, 0xC0, 0x03, 0xC0, 0x78, 0x00, 0xF0, 0x1F, 0x00, 0x3F, 0x1F, 0xF1, 0xC7, 0xFF, 0xFF,
    0xF8, 0xFF, 0xFF, 0xFE, 0x1F, 0xF1, 0xFF, 0x00, 0x1C, 0x30, 0x3E, 0xF8, 0x1F, 0xF0, 0x0F, 0xE0,
    0x00, 0x00, 0x00, 0x00, 0xFF, 0xFE, 0xFF, 0xFE, 0xFF, 0xFE, 0xF0, 0x00, 0xF0, 0x00, 0xF0, 0x00,
    0xF0, 0x00, 0xF0, 0x00, 0xF0, 0x00, 0xFF, 0xFC, 0xFF, 0xFC, 0xFF, 0xFC, 0xF0, 0x00, 0xF0, 0x00,
    0xF0, 0x00, 0xF0, 0x00, 0xF0, 0x00, 0xF0, 0x00, 0xF0, 0x00, 0xF0, 0x00, 0xFF, 0xFF, 0xFF, 0xFF,
    0xFF, 0xFF, 0x0C, 0x38, 0x1F, 0x78, 0x0F, 0xF8, 0x07, 0xF0, 0x00, 0x00, 0x00, 0x00, 0x00, 0x00,
    0x07, 0xF0, 0x1F, 0xFC, 0x3F, 0xFE, 0x3E, 0x7E, 0x78, 0x0F, 0x78, 0x0F, 0x7F, 0xFF, 0xFF, 0xFF,
    0xFF, 0xFF, 0xF0, 0x00, 0xF8, 0x00, 0x78, 0x00, 0x7C, 0x00, 0x3F, 0x1C, 0x3F, 0xFE, 0x1F, 0xFE,
    0x07, 0xFC, 0x0F, 0xFC, 0x01, 0xFF, 0xF8, 0x0F, 0xFF, 0xE0, 0x3C, 0x3F, 0x81, 0x00, 0x3E, 0x00,
    0x00, 0xF0, 0x00, 0x03, 0xC0, 0x00, 0x1E, 0x00, 0x00, 0xF0, 0x00, 0x03, 0xDF, 0xFF, 0xFF, 0xFF,
    0xFF, 0xF7, 0xFF, 0xFF, 0xBC, 0x00, 0x7D, 0xE0, 0x03, 0xCF, 0x00, 0x1E, 0x78, 0x00, 0xF3, 0xE0,
    0x0F, 0x0F, 0x80, 0xF8, 0x3F, 0x3F, 0x81, 0xFF, 0xF8, 0x07, 0xFF, 0x80, 0x0F, 0xF0, 0x00, 0x3F,
    0xE0, 0x3F, 0xF8, 0x3F, 0xFC, 0x38, 0xFE, 0x00, 0x1E, 0x00, 0x1F, 0x00, 0x0F, 0x00, 0x0F, 0xFF,
    0xFF, 0xFF, 0xFF, 0xF0, 0x0F, 0x78, 0x0F, 0x78, 0x1E, 0x7E, 0x7E, 0x3F, 0xFC, 0x1F, 0xF8, 0x0F,
    0xF0, 0x07, 0x8E, 0x00, 0x3C, 0xF8, 0x01, 0xE7, 0xC0, 0x0F, 0x1C, 0x00, 0x00, 0x00, 0x00, 0x00,
    0x00, 0x3F, 0xF0, 0x07, 0xFF, 0xE0, 0x3F, 0xFF, 0x80, 0xF0, 0xFE, 0x04, 0x00, 0xF8, 0x00, 0x03,
    0xC0, 0x00, 0x0F, 0x00, 0x00, 0x78, 0x00, 0x03, 0xC0, 0x00, 0x0F, 0x7F, 0xFF, 0xFF, 0xFF, 0xFF,
    0xDF, 0xFF, 0xFE, 0xF0, 0x01, 0xF7, 0x80, 0x0F, 0x3C, 0x00, 0x79, 0xE0, 0x03, 0xCF, 0x80, 0x3C,
    0x3E, 0x03, 0xE0, 0xFC, 0xFE, 0x07, 0xFF, 0xE0, 0x1F, 0xFE, 0x00, 0x3F, 0xC0, 0x00, 0x1E, 0x78,
    0x1E, 0x78, 0x1E, 0x78, 0x1E, 0x78, 0x00, 0x00, 0x00, 0x00, 0x00, 0x00, 0x3F, 0xE0, 0x3F, 0xF8,
    0x3F, 0xFC, 0x38, 0xFE, 0x00, 0x1E, 0x00, 0x1F, 0x00, 0x0F, 0x00, 0x0F, 0xFF, 0xFF, 0xFF, 0xFF,
    0xF0, 0x0F, 0x78, 0x0F, 0x78, 0x1E, 0x7E, 0x7E, 0x3F, 0xFC, 0x1F, 0xF8, 0x0F, 0xF0, 0x00, 0x38,
    0xF0, 0x00, 0x00, 0xF3, 0xC0, 0x00, 0x03, 0xCF, 0x00, 0x00, 0x0E, 0x3C, 0x00, 0x00, 0x00, 0x00,
    0x00, 0x00, 0x00, 0x00, 0x07, 0xC0, 0x78, 0x0F, 0x8F, 0x81, 0xE0, 0x7C, 0x1E, 0x07, 0x83, 0xE0,
    0x3C, 0x1E, 0x1F, 0x00, 0x78, 0x78, 0x78, 0x01, 0xF1, 0xE3, 0xC0, 0x03, 0xE7, 0x9F, 0x00, 0x07,
    0xDE, 0xF8, 0x00, 0x0F, 0xFF, 0xC0, 0x00, 0x1F, 0xFE, 0x00, 0x00, 0x3F, 0xF0, 0x00, 0x01, 0xFF,
    0xE0, 0x00, 0x0F, 0x7F, 0xC0, 0x00, 0x7D, 0xEF, 0x80, 0x03, 0xE7, 0x9F, 0x00, 0x1F, 0x1E, 0x3E,
    0x00, 0x78, 0x78, 0x78, 0x03, 0xC1, 0xE0, 0xF0, 0x1F, 0x07, 0x83, 0xE0, 0xF8, 0x1E, 0x07, 0x83,
    0xC0, 0x78, 0x0F, 0x1F, 0x01, 0xE0, 0x3E, 0x78, 0x07, 0x80, 0x78, 0x00, 0xE3, 0x80, 0x00, 0xF9,
    0xE0, 0x00, 0x7C, 0xF0, 0x00, 0x1C, 0x70, 0x00, 0x00, 0x00, 0x00, 0x00, 0x00, 0x00, 0x00, 0x00,
    0x00, 0xF8, 0x38, 0x1E, 0x3E, 0x1C, 0x1E, 0x0F, 0x0E, 0x1E, 0x03, 0xC7, 0x1E, 0x00, 0xF3, 0x9E,
    0x00, 0x3D, 0xDE, 0x00, 0x0F, 0xFE, 0x00, 0x07, 0xFF, 0x00, 0x03, 0xFF, 0xC0, 0x03, 0xDD, 0xE0,
    0x03, 0xCE, 0x78, 0x03, 0xC7, 0x1E, 0x03, 0xE3, 0x87, 0x83, 0xE1, 0xC3, 0xE1, 0xE0, 0xE0, 0xF9,
    0xE0, 0x70, 0x3D, 0xF0, 0x38, 0x0F, 0x0E, 0x38, 0x07, 0x9F, 0x01, 0xE7, 0xC0, 0x38, 0xE0, 0x00,
    0x00, 0x00, 0x00, 0x01, 0xFF, 0x80, 0xFF, 0xF8, 0x3F, 0xFF, 0x0F, 0x1F, 0xC0, 0x00, 0xF0, 0x00,
    0x3E, 0x00, 0x0F, 0x00, 0x03, 0xC0, 0x07, 0xE0, 0x3F, 0xF0, 0x0F, 0xFC, 0x03, 0xFF, 0xC0, 0x07,
    0xF0, 0x00, 0x3E, 0x00, 0x07, 0x80, 0x01, 0xF0, 0x00, 0x7C, 0x00, 0x1E, 0x20, 0x0F, 0x9F, 0x0F,
    0xE7, 0xFF, 0xF1, 0xFF, 0xF8, 0x1F, 0xF8, 0x00, 0x38, 0xE1, 0xF3, 0xC7, 0xCF, 0x0E, 0x38, 0x00,
    0x00, 0x00, 0x00, 0x00, 0x1F, 0xF8, 0x7F, 0xF1, 0xFF, 0xE7, 0x8F, 0x80, 0x1E, 0x00, 0xF8, 0x7F,
    0xC1, 0xFF, 0x07, 0xFE, 0x00, 0xF8, 0x00, 0xF0, 0x03, 0xC0, 0x0F, 0x70, 0xFF, 0xFF, 0xEF, 0xFF,
    0x1F, 0xF8, 0x7F, 0xFF, 0x9F, 0xFF, 0xE7, 0xFF, 0xF8, 0x00, 0x3C, 0x00, 0x1E, 0x00, 0x0F, 0x00,
    0x07, 0xC0, 0x03, 0xE0, 0x01, 0xF0, 0x00, 0xF8, 0x00, 0x3F, 0x80, 0x0F, 0xF8, 0x00, 0xFF, 0x00,
    0x03, 0xE0, 0x00, 0x78, 0x00, 0x1E, 0x00, 0x07, 0x80, 0x01, 0xE6, 0x00, 0xF9, 0xF0, 0xFE, 0x7F,
    0xFF, 0x1F, 0xFF, 0x81, 0xFF, 0x80, 0x7F, 0xFE, 0x7F, 0xFE, 0x7F, 0xFE, 0x00, 0x3C, 0x00, 0x78,
    0x00, 0xF8, 0x00, 0xF0, 0x01, 0xE0, 0x03, 0xC0, 0x07, 0x80, 0x07, 0xF0, 0x07, 0xF8, 0x01, 0xFC,
    0x00, 0x1E, 0x00, 0x1E, 0x00, 0x0F, 0x00, 0x0F, 0x00, 0x1E, 0x00, 0x1E, 0x78, 0xFE, 0x7F, 0xFC,
    0x7F, 0xF8, 0x7F, 0xE0, 0x07, 0xFE, 0x00, 0x7F, 0xE0, 0x00, 0x00, 0x00, 0x00, 0x00, 0x00, 0x00,
    0x0F, 0x00, 0x0F, 0xF0, 0x01, 0xFF, 0x00, 0x3F, 0xF0, 0x07, 0xFF, 0x00, 0x7F, 0xF0, 0x0F, 0xFF,
    0x01, 0xEF, 0xF0, 0x3E, 0xFF, 0x03, 0xCF, 0xF0, 0x78, 0xFF, 0x0F, 0x0F, 0xF1, 0xF0, 0xFF, 0x1E,
    0x0F, 0xF3, 0xC0, 0xFF, 0x7C, 0x0F, 0xF7, 0x80, 0xFF, 0xF0, 0x0F, 0xFE, 0x00, 0xFF, 0xE0, 0x0F,
    0xFC, 0x00, 0xFF, 0xC0, 0x0F, 0xF8, 0x00, 0xFF, 0x00, 0x0F, 0x1F, 0xF8, 0x1F, 0xF8, 0x00, 0x00,
    0x00, 0x00, 0x00, 0x00, 0x00, 0x00, 0xF0, 0x1E, 0xF0, 0x1E, 0xF0, 0x3E, 0xF0, 0x7E, 0xF0, 0xFE,
    0xF0, 0xEE, 0xF1, 0xEE, 0xF3, 0xCE, 0xF3, 0x8E, 0xF7, 0x8E, 0xFF, 0x0E, 0xFE, 0x0E, 0xFE, 0x0E,
    0xFC, 0x0E, 0xF8, 0x0E, 0xF8, 0x0E, 0xF0, 0x0E, 0x07, 0x9E, 0x00, 0x79, 0xE0, 0x07, 0x9E, 0x00,
    0x79, 0xE0, 0x00, 0x00, 0x00, 0x00, 0x00, 0xF0, 0x00, 0xFF, 0x00, 0x1F, 0xF0, 0x03, 0xFF, 0x00,
    0x7F, 0xF0, 0x07, 0xFF, 0x00, 0xFF, 0xF0, 0x1E, 0xFF, 0x03, 0xEF, 0xF0, 0x3C, 0xFF, 0x07, 0x8F,
    0xF0, 0xF0, 0xFF, 0x1F, 0x0F, 0xF1, 0xE0, 0xFF, 0x3C, 0x0F, 0xF7, 0xC0, 0xFF, 0x78, 0x0F, 0xFF,
    0x00, 0xFF, 0xE0, 0x0F, 0xFE, 0x00, 0xFF, 0xC0, 0x0F, 0xFC, 0x00, 0xFF, 0x80, 0x0F, 0xF0, 0x00,
    0xF0, 0x1E, 0x78, 0x1E, 0x78, 0x1E, 0x78, 0x1E, 0x78, 0x00, 0x00, 0x00, 0x00, 0x00, 0x00, 0xF0,
    0x1E, 0xF0, 0x1E, 0xF0, 0x3E, 0xF0, 0x7E, 0xF0, 0xFE, 0xF0, 0xEE, 0xF1, 0xEE, 0xF3, 0xCE, 0xF3,
    0x8E, 0xF7, 0x8E, 0xFF, 0x0E, 0xFE, 0x0E, 0xFE, 0x0E, 0xFC, 0x0E, 0xF8, 0x0E, 0xF8, 0x0E, 0xF0,
    0x0E, 0x01, 0xC7, 0x80, 0x03, 0xCF, 0x00, 0x07, 0x9E, 0x00, 0x0E, 0x3C, 0x00, 0x00, 0x00, 0x00,
    0x00, 0x00, 0x00, 0x7F, 0xC0, 0x03, 0xFF, 0xE0, 0x0F, 0xFF, 0xF0, 0x3F, 0xCF, 0xE0, 0xFC, 0x03,
    0xE1, 0xF0, 0x03, 0xE7, 0xC0, 0x03, 0xCF, 0x00, 0x07, 0xDE, 0x00, 0x07, 0xBC, 0x00, 0x0F, 0x78,
    0x00, 0x1E, 0xF0, 0x00, 0x3D, 0xE0, 0x00, 0x7B, 0xC0, 0x00, 0xF7, 0x80, 0x01, 0xEF, 0x00, 0x07,
    0xDF, 0x00, 0x0F, 0x1F, 0x00, 0x3E, 0x3F, 0x00, 0xF8, 0x3F, 0x8F, 0xE0, 0x3F, 0xFF, 0xC0, 0x3F,
    0xFE, 0x00, 0x1F, 0xF0, 0x00, 0x0E, 0x3C, 0x0F, 0x9E, 0x07, 0xCF, 0x01, 0xC7, 0x80, 0x00, 0x00,
    0x00, 0x00, 0x00, 0x00, 0x0F, 0xF0, 0x1F, 0xFC, 0x1F, 0xFF, 0x0F, 0xCF, 0xCF, 0x81, 0xE7, 0x80,
    0x7B, 0xC0, 0x3F, 0xC0, 0x1F, 0xE0, 0x0F, 0xF0, 0x07, 0xBC, 0x03, 0xDE, 0x01, 0xEF, 0x81, 0xE3,
    0xF3, 0xF1, 0xFF, 0xF0, 0x7F, 0xF0, 0x0F, 0xF0, 0x01, 0xFF, 0x00, 0x0F, 0xFF, 0x80, 0x3F, 0xFF,
    0xC0, 0xFE, 0x3F, 0x83, 0xF0, 0x0F, 0x87, 0x80, 0x0F, 0x9F, 0x00, 0x0F, 0x3C, 0x00, 0x1F, 0x78,
    0x00, 0x1E, 0xF0, 0x00, 0x3D, 0xFF, 0xFF, 0xFB, 0xFF, 0xFF, 0xF7, 0xFF, 0xFF, 0xEF, 0x00, 0x03,
    0xDE, 0x00, 0x07, 0xBC, 0x00, 0x1F, 0x7C, 0x00, 0x3C, 0x78, 0x00, 0xF8, 0xFC, 0x03, 0xE0, 0xFE,
    0x3F, 0x80, 0xFF, 0xFF, 0x00, 0xFF, 0xF8, 0x00, 0x7F, 0xC0, 0x00, 0x07, 0xF8, 0x0F, 0xFE, 0x0F,
    0xFF, 0x87, 0xE7, 0xE7, 0xC0, 0xF3, 0xC0, 0x3D, 0xC0, 0x1F, 0xFF, 0xFF, 0xFF, 0xFF, 0xFF, 0xFF,
    0xDC, 0x01, 0xEF, 0x00, 0xF7, 0x80, 0xF1, 0xF9, 0xF8, 0xFF, 0xF8, 0x3F, 0xF8, 0x07, 0xF8, 0x00,
    0x01, 0xC7, 0x80, 0x03, 0xCF, 0x00, 0x07, 0x9E, 0x00, 0x0E, 0x3C, 0x00, 0x00, 0x00, 0x00, 0x00,
    0x00, 0x00, 0x7F, 0xC0, 0x03, 0xFF, 0xE0, 0x0F, 0xFF, 0xF0, 0x3F, 0x8F, 0xE0, 0xFC, 0x03, 0xE1,
    0xE0, 0x03, 0xE7, 0xC0, 0x03, 0xCF, 0x00, 0x07, 0xDE, 0x00, 0x07, 0xBC, 0x00, 0x0F, 0x7F, 0xFF,
    0xFE, 0xFF, 0xFF, 0xFD, 0xFF, 0xFF, 0xFB, 0xC0, 0x00, 0xF7, 0x80, 0x01, 0xEF, 0x00, 0x07, 0xDF,
    0x00, 0x0F, 0x1E, 0x00, 0x3E, 0x3F, 0x00, 0xF8, 0x3F, 0x8F, 0xE0, 0x3F, 0xFF, 0xC0, 0x3F, 0xFE,
    0x00, 0x1F, 0xF0, 0x00, 0x0E, 0x3C, 0x0F, 0x9E, 0x07, 0xCF, 0x01, 0xC7, 0x80, 0x00, 0x00, 0x00,
    0x00, 0x00, 0x00, 0x0F, 0xF0, 0x1F, 0xFC, 0x1F, 0xFF, 0x0F, 0xCF, 0xCF, 0x81, 0xE7, 0x80, 0x7B,
    0x80, 0x3F, 0xFF, 0xFF, 0xFF, 0xFF, 0xFF, 0xFF, 0xB8, 0x03, 0xDE, 0x01, 0xEF, 0x01, 0xE3, 0xF3,
    0xF1, 0xFF, 0xF0, 0x7F, 0xF0, 0x0F, 0xF0, 0x1E, 0x38, 0x03, 0xCF, 0x80, 0x79, 0xF0, 0x0F, 0x1C,
    0x00, 0x00, 0x00, 0x00, 0x00, 0x0F, 0xFC, 0x03, 0xFF, 0xE0, 0x7F, 0xFE, 0x0F, 0x8F, 0xE0, 0x00,
    0x3E, 0x00, 0x03, 0xE0, 0x00, 0x3C, 0x00, 0x07, 0x80, 0x00, 0xF8, 0x00, 0x0F, 0x07, 0xFF, 0xE0,
    0xFF, 0xFC, 0x1F, 0xFF, 0x80, 0x00, 0xF0, 0x00, 0x3E, 0x00, 0x07, 0x80, 0x00, 0xF0, 0x00, 0x3E,
    0x00, 0x0F, 0x8F, 0x0F, 0xE1, 0xFF, 0xF8, 0x3F, 0xFE, 0x03, 0xFF, 0x00, 0x71, 0xE1, 0xE7, 0x87,
    0x9E, 0x1C, 0x78, 0x00, 0x00, 0x00, 0x00, 0x00, 0x1F, 0xE0, 0xFF, 0xE1, 0xFF, 0xC6, 0x1F, 0x80,
    0x1E, 0x00, 0x3C, 0x7F, 0xF1, 0xFF, 0xC7, 0xFF, 0x00, 0x3C, 0x00, 0xF0, 0x07, 0xC0, 0x1E, 0xE3,
    0xFB, 0xFF, 0xCF, 0xFE, 0x3F, 0xF0, 0x07, 0xFE, 0x00, 0x7F, 0xE0, 0x00, 0x00, 0x00, 0x00, 0x00,
    0x00, 0x00, 0x0F, 0x80, 0x1E, 0x78, 0x01, 0xE7, 0xC0, 0x3E, 0x3C, 0x03, 0xC3, 0xE0, 0x3C, 0x1E,
    0x03, 0xC1, 0xF0, 0x78, 0x0F, 0x07, 0x80, 0xF8, 0xF0, 0x07, 0x8F, 0x00, 0x7C, 0xF0, 0x03, 0xDE,
    0x00, 0x3F, 0xE0, 0x01, 0xFC, 0x00, 0x1F, 0xC0, 0x00, 0xFC, 0x00, 0x07, 0x80, 0x00, 0x78, 0x00,
    0x0F, 0x00, 0x27, 0xE0, 0x07, 0xFE, 0x00, 0x7F, 0xC0, 0x07, 0xF0, 0x00, 0x0F, 0xFC, 0x0F, 0xFC,
    0x00, 0x00, 0x00, 0x00, 0x00, 0x00, 0x00, 0x00, 0xF0, 0x0F, 0x78, 0x0F, 0x78, 0x0E, 0x78, 0x1E,
    0x3C, 0x1E, 0x3C, 0x1E, 0x3C, 0x1C, 0x1E, 0x3C, 0x1E, 0x3C, 0x1E, 0x38, 0x0F, 0x78, 0x0F, 0x78,
    0x07, 0xF0, 0x07, 0xF0, 0x03, 0xF0, 0x03, 0xE0, 0x01, 0xE0, 0x01, 0xC0, 0x03, 0xC0, 0xCF, 0x80,
    0xFF, 0x80, 0xFF, 0x00, 0xFC, 0x00, 0x07, 0x8E, 0x00, 0x79, 0xE0, 0x07, 0x9E, 0x00, 0x78, 0xE0,
    0x00, 0x00, 0x00, 0x00, 0x00, 0xF8, 0x01, 0xE7, 0x80, 0x1E, 0x7C, 0x03, 0xE3, 0xC0, 0x3C, 0x3E,
    0x03, 0xC1, 0xE0, 0x3C, 0x1F, 0x07, 0x80, 0xF0, 0x78, 0x0F, 0x8F, 0x00, 0x78, 0xF0, 0x07, 0xCF,
    0x00, 0x3D, 0xE0, 0x03, 0xFE, 0x00, 0x1F, 0xC0, 0x01, 0xFC, 0x00, 0x0F, 0xC0, 0x00, 0x78, 0x00,
    0x07, 0x80, 0x00, 0xF0, 0x02, 0x7E, 0x00, 0x7F, 0xE0, 0x07, 0xFC, 0x00, 0x7F, 0x00, 0x00, 0x0E,
    0x38, 0x1F, 0x3C, 0x1F, 0x3C, 0x0E, 0x38, 0x00, 0x00, 0x00, 0x00, 0x00, 0x00, 0xF0, 0x0F, 0x78,
    0x0F, 0x78, 0x0E, 0x78, 0x1E, 0x3C, 0x1E, 0x3C, 0x1E, 0x3C, 0x1C, 0x1E, 0x3C, 0x1E, 0x3C, 0x1E,
    0x38, 0x0F, 0x78, 0x0F, 0x78, 0x07, 0xF0, 0x07, 0xF0, 0x03, 0xF0, 0x03, 0xE0, 0x01, 0xE0, 0x01,
    0xC0, 0x03, 0xC0, 0xCF, 0x80, 0xFF, 0x80, 0xFF, 0x00, 0xFC, 0x00, 0x00, 0x63, 0x00, 0x0F, 0x38,
    0x01, 0xF7, 0x80, 0x1E, 0xF0, 0x03, 0xDE, 0x00, 0x38, 0xC0, 0x00, 0x00, 0x0F, 0x80, 0x1E, 0x78,
    0x01, 0xE7, 0xC0, 0x3E, 0x3C, 0x03, 0xC3, 0xE0, 0x3C, 0x1E, 0x03, 0xC1, 0xF0, 0x78, 0x0F, 0x07,
    0x80, 0xF8, 0xF0, 0x07, 0x8F, 0x00, 0x7C, 0xF0, 0x03, 0xDE, 0x00, 0x3F, 0xE0, 0x01, 0xFC, 0x00,
    0x1F, 0xC0, 0x00, 0xFC, 0x00, 0x07, 0x80, 0x00, 0x78, 0x00, 0x0F, 0x00, 0x27, 0xE0, 0x07, 0xFE,
    0x00, 0x7F, 0xC0, 0x07, 0xF0, 0x00, 0x01, 0x86, 0x01, 0xCF, 0x03, 0xDF, 0x07, 0x9E, 0x0F, 0x3C,
    0x06, 0x30, 0x00, 0x00, 0x00, 0x00, 0xF0, 0x0F, 0x78, 0x0F, 0x78, 0x0E, 0x78, 0x1E, 0x3C, 0x1E,
    0x3C, 0x1E, 0x3C, 0x1C, 0x1E, 0x3C, 0x1E, 0x3C, 0x1E, 0x38, 0x0F, 0x78, 0x0F, 0x78, 0x07, 0xF0,
    0x07, 0xF0, 0x03, 0xF0, 0x03, 0xE0, 0x01, 0xE0, 0x01, 0xC0, 0x03, 0xC0, 0xCF, 0x80, 0xFF, 0x80,
    0xFF, 0x00, 0xFC, 0x00, 0x0F, 0x1C, 0x07, 0x9E, 0x03, 0xCF, 0x01, 0xE3, 0x80, 0x00, 0x00, 0x00,
    0x01, 0xC0, 0x1E, 0xE0, 0x0F, 0x70, 0x07, 0xB8, 0x03, 0xDC, 0x01, 0xEE, 0x00, 0xF7, 0x00, 0x7B,
    0x80, 0x3D, 0xE0, 0x1E, 0xF0, 0x0F, 0x7C, 0x07, 0xBF, 0x87, 0xCF, 0xFF, 0xE3, 0xFF, 0xF0, 0xFF,
    0xF8, 0x00, 0x3C, 0x00, 0x1E, 0x00, 0x0F, 0x00, 0x07, 0x80, 0x03, 0xC0, 0x01, 0xE0, 0x00, 0xF0,
    0x00, 0x78, 0x3C, 0x70, 0xF3, 0xE3, 0xCF, 0x8F, 0x1C, 0x00, 0x00, 0x00, 0x00, 0x00, 0x3C, 0x0F,
    0xF0, 0x3F, 0xC0, 0xFF, 0x03, 0xFC, 0x0F, 0xF0, 0x3F, 0xC0, 0xFF, 0xC7, 0xDF, 0xFF, 0x3F, 0xFC,
    0x7F, 0xF0, 0x03, 0xC0, 0x0F, 0x00, 0x3C, 0x00, 0xF0, 0x03, 0xC0, 0x0F, 0xFF, 0xFF, 0xFF, 0xFF,
    0xFF, 0xFF, 0x80, 0x0F, 0x00, 0x1E, 0x00, 0x3C, 0x00, 0x78, 0x00, 0xF0, 0x01, 0xE0, 0x03, 0xC0,
    0x07, 0x80, 0x0F, 0x00, 0x1E, 0x00, 0x3C, 0x00, 0x78, 0x00, 0xF0, 0x01, 0xE0, 0x03, 0xC0, 0x07,
    0x80, 0x0F, 0xE0, 0x1F, 0xC0, 0x3F, 0x80, 0x0F, 0x00, 0x1E, 0x00, 0x3C, 0x00, 0x78, 0x00, 0xF0,
    0x01, 0xE0, 0x00, 0xFF, 0xFF, 0xFF, 0xFF, 0xFF, 0x00, 0xF0, 0x0F, 0x00, 0xF0, 0x0F, 0x00, 0xF0,
    0x0F, 0x00, 0xF0, 0x0F, 0x00, 0xF0, 0x0F, 0x00, 0xFC, 0x0F, 0xC0, 0xFC, 0x01, 0xC0, 0x1C, 0x01,
    0xC0, 0x1C, 0x01, 0xC0, 0x01, 0xE3, 0x80, 0x01, 0xE7, 0x80, 0x01, 0xE7, 0x80, 0x01, 0xE3, 0x80,
    0x00, 0x00, 0x00, 0x00, 0x00, 0x00, 0xF0, 0x00, 0x0F, 0xF0, 0x00, 0x0F, 0xF0, 0x00, 0x0F, 0xF0,
    0x00, 0x0F, 0xF0, 0x00, 0x0F, 0xF0, 0x00, 0x0F, 0xF0, 0x00, 0x0F, 0xF0, 0x00, 0x0F, 0xFF, 0xF0,
    0x0F, 0xFF, 0xFC, 0x0F, 0xFF, 0xFE, 0x0F, 0xF0, 0xFF, 0x0F, 0xF0, 0x0F, 0x8F, 0xF0, 0x07, 0x8F,
    0xF0, 0x07, 0x8F, 0xF0, 0x07, 0x8F, 0xF0, 0x07, 0x8F, 0xF0, 0x07, 0x8F, 0xF0, 0x0F, 0x8F, 0xF0,
    0x7F, 0x0F, 0xFF, 0xFE, 0x0F, 0xFF, 0xFC, 0x0F, 0x7F, 0xF0, 0x0F, 0x03, 0x8E, 0x00, 0x3E, 0xF8,
    0x01, 0xF7, 0xC0, 0x07, 0x1C, 0x00, 0x00, 0x00, 0x00, 0x00, 0x00, 0x00, 0x00, 0x1E, 0x00, 0x0F,
    0xF0, 0x00, 0x7F, 0x80, 0x03, 0xFC, 0x00, 0x1F, 0xE0, 0x00, 0xFF, 0x00, 0x07, 0xFF, 0xF0, 0x3F,
    0xFF, 0xE1, 0xFF, 0xFF, 0x8F, 0xF8, 0xFC, 0x7F, 0x81, 0xE3, 0xFC, 0x07, 0x1F, 0xE0, 0x78, 0xFF,
    0x0F, 0xC7, 0xFF, 0xFE, 0x3F, 0xFF, 0xE1, 0xEF, 0xFC, 0x0F, 0x78, 0x01, 0xE7, 0x80, 0x3C, 0xF8,
    0x07, 0x8F, 0x80, 0xF0, 0xF8, 0x1E, 0x0F, 0x07, 0x81, 0xF0, 0xF0, 0x7F, 0x1E, 0x1F, 0xE7, 0x87,
    0x9F, 0xE0, 0xF1, 0xF8, 0x3C, 0x3E, 0x07, 0x83, 0xC0, 0xF0, 0x3C, 0x1C, 0x07, 0xC7, 0x80, 0x78,
    0xF0, 0x07, 0x9E, 0x00, 0xFB, 0xC0, 0x0F, 0x78, 0x00, 0xF0, 0x7F, 0xF0, 0x3F, 0xFC, 0x1F, 0xFF,
    0x00, 0x07, 0x80, 0x01, 0xE0, 0x00, 0xF0, 0x00, 0x78, 0x00, 0x3C, 0x00, 0x1E, 0x00, 0x0F, 0x00,
    0x07, 0x80, 0x03, 0xC0, 0x01, 0xE0, 0x00, 0xF0, 0x00, 0x78, 0x00, 0x3C, 0x00, 0x1E, 0x7F, 0xFF,
    0xFF, 0xFF, 0xFF, 0xFF, 0xF0, 0x3F, 0x83, 0xFC, 0x3F, 0xC0, 0x3E, 0x01, 0xE0, 0x1E, 0x01, 0xE0,
    0x1E, 0x01, 0xE0, 0x1E, 0x01, 0xE0, 0x1E, 0x01, 0xE0, 0x1E, 0x03, 0xE0, 0x7E, 0x0F, 0xE7, 0xEE,
    0xFC, 0xFF, 0x8F, 0x00, 0x00, 0xFF, 0xFF, 0x7F, 0xFF, 0xBF, 0xFF, 0xC0, 0x07, 0x00, 0x07, 0x80,
    0x03, 0xC0, 0x01, 0xE0, 0x00, 0xF0, 0x00, 0x78, 0x00, 0x3C, 0x00, 0x1E, 0x00, 0x0F, 0x00, 0x07,
    0x80, 0x03, 0xC0, 0x01, 0xE0, 0x00, 0xF0, 0x00, 0x78, 0x00, 0x3C, 0x00, 0x1E, 0x00, 0x0F, 0x00,
    0x7F, 0xFE, 0x1F, 0xFF, 0xC7, 0xFF, 0xF8, 0x00, 0x1E, 0x00, 0x03, 0xC0, 0x00, 0xF0, 0x00, 0x3C,
    0x00, 0x0F, 0x78, 0x03, 0xDE, 0x00, 0xF7, 0x80, 0x3D, 0xE0, 0x0F, 0x78, 0x03, 0xDE, 0x00, 0xF7,
    0x80, 0x3D, 0xE0, 0x0F, 0x78, 0x03, 0xDE, 0x00, 0xF7, 0x80, 0x3D, 0xE0, 0x0F, 0xFF, 0xFF, 0xF8,
    0xF1, 0xE3, 0xC7, 0x8F, 0x1E, 0x3C, 0x78, 0xF1, 0xE3, 0xC7, 0x8F, 0x1E, 0x3C, 0x78, 0xF0, 0xFF,
    0xFF, 0xFF, 0xE3, 0xC1, 0xC1, 0xE0, 0xE0, 0x70, 0x78, 0x3C, 0x0E, 0x07, 0x03, 0xC1, 0xE0, 0xF0,
    0x78, 0x3C, 0x1E, 0x0F, 0x03, 0xC0, 0xFF, 0xFF, 0x1F, 0xFF, 0xF3, 0xFF, 0xFF, 0x0E, 0x01, 0xF3,
    0xC0, 0x1E, 0x78, 0x03, 0xCF, 0x00, 0x79, 0xE0, 0x0F, 0x3C, 0x01, 0xE7, 0x80, 0x3C, 0xF0, 0x07,
    0x9E, 0x00, 0xF3, 0xC0, 0x1E, 0x78, 0x03, 0xCF, 0x00, 0x79, 0xE0, 0x0F, 0x3C, 0x01, 0xE7, 0x80,
    0x3C, 0xF0, 0x07, 0x9E, 0x00, 0xF0, 0x70, 0xFE, 0x0E, 0x1F, 0xF1, 0xC3, 0xFE, 0x38, 0x03, 0xE7,
    0x00, 0x3C, 0xE0, 0x03, 0x9C, 0x00, 0x7B, 0x80, 0x0F, 0x70, 0x01, 0xEE, 0x00, 0x3D, 0xC0, 0x07,
    0xBC, 0x00, 0xF7, 0x80, 0x1C, 0xF0, 0x07, 0x9E, 0x00, 0xF1, 0xE0, 0x3E, 0x3E, 0x0F, 0x83, 0xFF,
    0xE0, 0x3F, 0xF8, 0x01, 0xFE, 0x00, 0xFF, 0xFF, 0xF8, 0xF1, 0xE3, 0xC7, 0x8F, 0x1E, 0x3C, 0x78,
    0x00, 0xFF, 0xF1, 0xFF, 0xF3, 0xFF, 0xF0, 0x01, 0xF0, 0x01, 0xE0, 0x03, 0xC0, 0x07, 0x80, 0x07,
    0x00, 0x0E, 0x00, 0x1C, 0x00, 0x38, 0x00, 0x70, 0x00, 0xE0, 0x01, 0xC0, 0x03, 0x80, 0x07, 0x00,
    0x0E, 0x00, 0x1C, 0x00, 0x38, 0x00, 0x70, 0x00, 0xE0, 0x01, 0xC0, 0x03, 0x80, 0x07, 0x00, 0x0E,
    0x00, 0x1C, 0xFF, 0xC1, 0xFF, 0xE3, 0xFF, 0xE0, 0x07, 0xC0, 0x03, 0xC0, 0x07, 0x80, 0x07, 0x80,
    0x0F, 0x00, 0x1E, 0x00, 0x3C, 0x00, 0x78, 0x00, 0xF0, 0x01, 0xE0, 0x03, 0xC0, 0x0F, 0x00, 0x1E,
    0x00, 0x7D, 0xFF, 0xF3, 0xFF, 0xC7, 0xFE, 0x00, 0xE0, 0x00, 0xF0, 0x00, 0xF0, 0x00, 0xF0, 0x00,
    0xF0, 0x00, 0xF0, 0x00, 0xFF, 0xFF, 0xFF, 0xFE, 0xFF, 0xFE, 0x00, 0x1E, 0x00, 0x1C, 0x00, 0x3C,
    0x00, 0x3C, 0x00, 0x38, 0x00, 0x78, 0x00, 0x78, 0x00, 0x70, 0x00, 0xF0, 0x00, 0xF0, 0x00, 0xE0,
    0x01, 0xE0, 0x01, 0xE0, 0x01, 0xC0, 0x03, 0xC0, 0x03, 0xC0, 0x03, 0x80, 0x7F, 0xFF, 0x8F, 0xFF,
    0xFC, 0xFF, 0xFF, 0xE1, 0xC0, 0x1E, 0x3C, 0x01, 0xF3, 0xC0, 0x0F, 0x3C, 0x00, 0xF3, 0xC0, 0x0F,
    0x3C, 0x00, 0xF3, 0xC0, 0x0F, 0x3C, 0x00, 0xF3, 0xC0, 0x0F, 0x3C, 0x00, 0xF3, 0xC0, 0x0F, 0x3C,
    0x00, 0xF3, 0xC0, 0x0F, 0x3C, 0x00, 0xF3, 0xFF, 0xFF, 0x3F, 0xFF, 0xF3, 0xFF, 0xFF, 0xF0, 0x7F,
    0x07, 0x1F, 0xF8, 0x79, 0xFF, 0xC7, 0xB8, 0x3E, 0x3F, 0x01, 0xE3, 0xF0, 0x0F, 0x3E, 0x00, 0xF1,
    0xE0, 0x0F, 0x1E, 0x00, 0xF1, 0xC0, 0x0F, 0x3C, 0x00, 0xF3, 0xC0, 0x0F, 0x3C, 0x00, 0xF3, 0xC0,
    0x0F, 0x3C, 0x01, 0xE3, 0x80, 0x1E, 0x78, 0x07, 0xC7, 0x8F, 0xFC, 0x78, 0xFF, 0x87, 0x8F, 0xE0,
    0xFF, 0xFF, 0xF8, 0xF1, 0xE3, 0xC7, 0x8F, 0x1E, 0x3C, 0x78, 0xF1, 0xE3, 0xC7, 0x8F, 0x1E, 0x3C,
    0x78, 0xF1, 0xE3, 0xC7, 0x8F, 0x1E, 0x3C, 0x7F, 0x1F, 0xE7, 0xF8, 0x1E, 0x03, 0xC0, 0xF0, 0x3C,
    0x0F, 0x03, 0xC0, 0xF0, 0x3C, 0x0F, 0x03, 0xC0, 0xF0, 0x3C, 0x0F, 0x03, 0xFF, 0xFF, 0xFF, 0xFF,
    0xFF, 0xFE, 0x1F, 0xFF, 0xF3, 0xFF, 0xFE, 0x0E, 0x03, 0xE3, 0xC0, 0x3C, 0x78, 0x03, 0xCE, 0x00,
    0x7B, 0xC0, 0x0F, 0x78, 0x01, 0xEF, 0x00, 0x3D, 0xE0, 0x07, 0xBC, 0x00, 0xF7, 0x80, 0x1E, 0x70,
    0x03, 0xCF, 0x00, 0xF1, 0xE0, 0x1E, 0x1E, 0x07, 0x83, 0xFF, 0xF0, 0x3F, 0xFC, 0x01, 0xFE, 0x00,
    0x00, 0x00, 0x1E, 0x00, 0xF7, 0x80, 0x39, 0xE0, 0x0E, 0x38, 0x07, 0x8F, 0x01, 0xE3, 0xC0, 0x78,
    0xF0, 0x1E, 0x1C, 0x07, 0x87, 0x81, 0xE1, 0xE0, 0x78, 0x78, 0x1E, 0x1E, 0x0F, 0x03, 0xC3, 0xC0,
    0xF0, 0xF0, 0x3C, 0x78, 0x0F, 0x3E, 0x01, 0xFF, 0x01, 0xFF, 0x83, 0xFF, 0x80, 0xFF, 0x00, 0x3C,
    0x00, 0x00, 0x0F, 0xF8, 0x07, 0xFF, 0x03, 0xFF, 0xE1, 0xF0, 0x7C, 0x78, 0x0F, 0xBC, 0x01, 0xEF,
    0x00, 0x7B, 0xC0, 0x0E, 0xF0, 0x03, 0xDE, 0x00, 0xF7, 0xF0, 0x3C, 0xFC, 0x0F, 0x1F, 0x03, 0xC0,
    0x00, 0xF0, 0x00, 0x3C, 0x00, 0x0F, 0x00, 0x03, 0xC0, 0x00, 0xF0, 0x00, 0x3C, 0x00, 0x0F, 0x00,
    0x03, 0xC0, 0x00, 0xF0, 0x00, 0x3C, 0x00, 0x0F, 0x00, 0x03, 0xC0, 0x00, 0xF0, 0x0F, 0xF8, 0x07,
    0xFF, 0x03, 0xFF, 0xE1, 0xF0, 0x7C, 0x78, 0x0F, 0x9C, 0x01, 0xEF, 0x00, 0x7B, 0xC0, 0x0F, 0x70,
    0x03, 0xDE, 0x00, 0xF7, 0xF0, 0x3C, 0xFC, 0x0F, 0x1F, 0x03, 0xC0, 0x01, 0xE0, 0x00, 0x78, 0x00,
    0x3C, 0x00, 0x3F, 0x1F, 0xFF, 0x87, 0xFF, 0xC1, 0xFF, 0xC0, 0x78, 0x07, 0x3C, 0x07, 0x8F, 0x03,
    0xC7, 0x81, 0xE1, 0xE0, 0xF0, 0xF0, 0x78, 0x78, 0x38, 0x1E, 0x3C, 0x0F, 0x1E, 0x03, 0xDE, 0x01,
    0xFE, 0x00, 0xFE, 0x00, 0x3E, 0x00, 0x1E, 0x00, 0x0F, 0x00, 0x03, 0xC0, 0x01, 0xE0, 0x00, 0xF0,
    0x00, 0x3C, 0x00, 0x1E, 0x00, 0x0F, 0x00, 0x07, 0x80, 0x01, 0xE0, 0x00, 0xF0, 0x00, 0x78, 0x00,
    0x3C, 0x00, 0xF8, 0x0F, 0x78, 0x0F, 0x3C, 0x0F, 0x3E, 0x0F, 0x1E, 0x0F, 0x1F, 0x0F, 0x0F, 0x1E,
    0x07, 0x9E, 0x07, 0xFC, 0x03, 0xFC, 0x01, 0xF8, 0x01, 0xF0, 0x00, 0xF0, 0x00, 0xF8, 0x00, 0x78,
    0x00, 0x3C, 0x00, 0x3E, 0xFF, 0xFE, 0xFF, 0xFE, 0xFF, 0xFE, 0xFF, 0xFF, 0xFF, 0xFF, 0xFF, 0xFF,
    0xFC, 0x00, 0x0E, 0x00, 0x07, 0x80, 0x01, 0xE0, 0x00, 0x71, 0xE0, 0x3C, 0x78, 0x0F, 0x1E, 0x03,
    0xC7, 0x81, 0xE1, 0xE0, 0x78, 0x78, 0x1E, 0x1E, 0x07, 0x07, 0x83, 0xC1, 0xE0, 0xF0, 0x78, 0x38,
    0x1E, 0x1E, 0x07, 0x87, 0x81, 0xE1, 0xE0, 0x78, 0x00, 0x1E, 0x00, 0x07, 0x80, 0x01, 0xE0, 0x00,
    0x78, 0x00, 0x1E, 0x00, 0x00, 0xFF, 0xE3, 0xFF, 0xEF, 0xFF, 0x80, 0x1F, 0x00, 0x3C, 0x00, 0xF0,
    0x03, 0xC0, 0x0F, 0x00, 0x3C, 0x00, 0xF0, 0x03, 0xC0, 0x0F, 0x00, 0x3C, 0x00, 0xF0, 0x03, 0xC0,
    0x0F, 0x00, 0x3C, 0x00, 0xF0, 0x03, 0xC0, 0x0F, 0xF0, 0xF0, 0x7F, 0x87, 0x83, 0xFC, 0x3C, 0x1F,
    0xE1, 0xE0, 0xFF, 0x0F, 0x07, 0xF8, 0x78, 0x3F, 0xC3, 0xC1, 0xFE, 0x3C, 0x0F, 0xF1, 0xE0, 0x7F,
    0xBF, 0x03, 0xBF, 0xF0, 0x1D, 0xFF, 0x01, 0xEF, 0xC0, 0x0F, 0x78, 0x00, 0x79, 0xE0, 0x07, 0x8F,
    0x00, 0x3C, 0x3E, 0x07, 0xC0, 0xFF, 0xFE, 0x03, 0xFF, 0xC0, 0x07, 0xFC, 0x00, 0x7F, 0xFF, 0x87,
    0xFF, 0xFC, 0x7F, 0xFF, 0xE0, 0xE0, 0x1E, 0x0E, 0x00, 0xF0, 0xE0, 0x0F, 0x0E, 0x00, 0xF0, 0xE0,
    0x0F, 0x0E, 0x00, 0xF0, 0xE0, 0x0F, 0x0E, 0x00, 0xF0, 0xE0, 0x0F, 0x0E, 0x00, 0xF0, 0xE0, 0x0F,
    0x0E, 0x00, 0xF1, 0xE0, 0x0F, 0x1E, 0x00, 0xFF, 0xE0, 0x0F, 0xFC, 0x00, 0xFF, 0x80, 0x0F, 0x23,
    0x9D, 0xEE, 0x7B, 0xFE, 0x00, 0x1C, 0x73, 0xCE, 0x39, 0xE7, 0x9E, 0x70, 0x00, 0x00, 0x01, 0xCF,
    0xBE, 0xF9, 0xC0, 0x00, 0x00, 0x7F, 0xC3, 0xFF, 0xDF, 0xFF, 0xF8, 0x1B, 0xC0, 0x0F, 0x00, 0x3C,
    0x00, 0xF0, 0x01, 0xE0, 0x07, 0xC0, 0x0F, 0x80, 0x1F, 0x00, 0x3E, 0x00, 0x78, 0x00, 0xF0, 0x01,
    0xC0, 0x07, 0x00, 0x18, 0x00, 0x00, 0x00, 0x00, 0x0F, 0x00, 0x3C, 0x00, 0xF0, 0x03, 0xC0, 0x06,
    0x00, 0x07, 0xC0, 0xFE, 0x0F, 0xF0, 0x78, 0x03, 0x80, 0x1C, 0x00, 0xE0, 0x07, 0x80, 0x3E, 0x70,
    0xFF, 0xC7, 0xFF, 0xFF, 0x87, 0xF0, 0x38, 0x00, 0xFF, 0xFF, 0xFF, 0xFF, 0xFF, 0xC0, 0x00, 0x3C,
    0x7C, 0x60, 0x60, 0x7E, 0x7F, 0x7E, 0x70, 0x10, 0x71, 0xF3, 0xE3, 0xC3, 0x00, 0x00, 0x71, 0xE1,
    0xC3, 0xC7, 0x8F, 0x0E, 0x1C, 0x38, 0x78, 0xF1, 0xE3, 0xC7, 0x87, 0x0E, 0x1C, 0x38, 0x70, 0xF1,
    0xE3, 0xC7, 0x80, 0x70, 0x0C, 0xE0, 0x3D, 0xC0, 0x73, 0xC0, 0xE7, 0xFF, 0xCF, 0xFF, 0x0F, 0xFC,
    0x1D, 0xE0, 0x3C, 0x00, 0x78, 0x00, 0xF0, 0x01, 0xE0, 0x03, 0xC0, 0x03, 0x80, 0x07, 0x00, 0x0E,
    0x00, 0x1C, 0x00, 0x38, 0x00, 0x78, 0x00, 0xF0, 0x01, 0xE0, 0x03, 0xC0, 0x07, 0x80, 0x00, 0x00,
    0x60, 0x03, 0x78, 0x73, 0xFC, 0x38, 0xFE, 0x1C, 0x77, 0x0E, 0x3B, 0xCF, 0x3D, 0xFF, 0xFE, 0xFF,
    0xFE, 0x7F, 0xBE, 0x3C, 0x00, 0x0E, 0x00, 0x07, 0x00, 0x03, 0x80, 0x01, 0xE0, 0x00, 0xF0, 0x00,
    0x78, 0x00, 0x3C, 0x00, 0x1E, 0x00, 0x0F, 0x00, 0x03, 0x80, 0x01, 0xC0, 0x00, 0xE0, 0x00, 0x70,
    0x00, 0x00, 0x00, 0x01, 0x80, 0x0F, 0x80, 0x3F, 0x00, 0xFC, 0x03, 0xE0, 0x0F, 0x00, 0x1C, 0x00,
    0x78, 0x00, 0xF0, 0x00, 0xFF, 0x01, 0xFE, 0x01, 0xFE, 0x01, 0xF8, 0x07, 0xC0, 0x1F, 0x00, 0x3C,
    0x00, 0x70, 0x01, 0xE0, 0x03, 0xC0, 0x07, 0xC0, 0x67, 0xFF, 0xC7, 0xFF, 0xC7, 0xFF, 0x00, 0xC0,
    0x01, 0x00, 0x1F, 0xC0, 0x7F, 0xC1, 0xFF, 0xC3, 0xC7, 0x8F, 0x07, 0x9E, 0x0F, 0x38, 0x0E, 0x70,
    0x1D, 0xE0, 0x3F, 0xC0, 0x7B, 0x80, 0xF7, 0x01, 0xCE, 0x03, 0x9E, 0x0F, 0x1F, 0xFC, 0x3F, 0xF8,
    0x3F, 0xE0, 0x06, 0x00, 0x60, 0x01, 0xFF, 0xF3, 0xFF, 0xE3, 0xFF, 0xC0, 0x07, 0x80, 0x07, 0x00,
    0x0E, 0x00, 0x1C, 0x00, 0x38, 0x00, 0x70, 0x00, 0xE0, 0x01, 0xC0, 0x03, 0xC0, 0x07, 0x80, 0x0F,
    0x00, 0x1E, 0x00, 0x1C, 0x00, 0x38, 0x00, 0x70, 0x00, 0xE0, 0x01, 0xE0, 0x03, 0xC0, 0x03, 0x80,
    0x00, 0x00, 0x00, 0x0E, 0x00, 0x3B, 0xC0, 0x07, 0xBC, 0x01, 0xE7, 0x80, 0x3C, 0x70, 0x07, 0x0F,
    0x01, 0xE1, 0xE0, 0x3C, 0x1E, 0x07, 0x03, 0xC1, 0xE0, 0x78, 0x38, 0x07, 0x8F, 0x00, 0xF1, 0xE0,
    0x0E, 0x38, 0x01, 0xEF, 0x00, 0x3D, 0xE0, 0x07, 0xB8, 0x00, 0x7F, 0x00, 0x0F, 0xE0, 0x01, 0xF8,
    0x00, 0x1F, 0x00, 0x03, 0xE0, 0x00, 0x78, 0x00, 0x07, 0x00, 0x00, 0x80, 0x00, 0x00, 0xE0, 0x00,
    0x1E, 0x00, 0x03, 0xC0, 0x00, 0xF8, 0x00, 0x1F, 0x80, 0x03, 0xF0, 0x00, 0xFE, 0x00, 0x1D, 0xC0,
    0x03, 0xBC, 0x00, 0xF7, 0x80, 0x1C, 0x70, 0x03, 0x8F, 0x00, 0xF1, 0xE0, 0x1C, 0x1C, 0x07, 0x83,
    0xC0, 0xF0, 0x78, 0x1C, 0x07, 0x07, 0x80, 0xF0, 0xF0, 0x1E, 0x3C, 0x01, 0xE7, 0x80, 0x3C, 0xE0,
    0x03, 0xBC, 0x00, 0x78, 0x00, 0x0C, 0x07, 0x80, 0x3F, 0x80, 0xFF, 0x83, 0xEF, 0x87, 0x8F, 0x0E,
    0x0E, 0x1C, 0x1C, 0x38, 0x3C, 0x78, 0x78, 0xFF, 0xF0, 0xFF, 0xE0, 0xFF, 0xC0, 0x7B, 0x80, 0x07,
    0x00, 0x0E, 0x00, 0x1C, 0x00, 0x38, 0x00, 0x78, 0x00, 0xF0, 0x00, 0xE0, 0x01, 0xC0, 0x03, 0x80,
    0x07, 0x00, 0x00, 0x00, 0x00, 0x40, 0x00, 0x0F, 0x00, 0x00, 0x78, 0x00, 0x01, 0xC0, 0x00, 0x0F,
    0x30, 0x00, 0x79, 0xC0, 0x01, 0xDE, 0x00, 0x0E, 0xE0, 0x00, 0x7F, 0x00, 0x03, 0xF8, 0x00, 0x1D,
    0xC0, 0x00, 0xEE, 0x00, 0x0F, 0x78, 0x00, 0x7B, 0xE0, 0x0F, 0x8F, 0xE3, 0xF8, 0x3F, 0xFF, 0x80,
    0xFF, 0xF8, 0x00, 0xFF, 0x00, 0xFF, 0xFF, 0xFF, 0xC0, 0x0C, 0x00, 0xE0, 0x1F, 0x01, 0xF8, 0x1F,
    0xC3, 0xBC, 0x79, 0xE7, 0x0E, 0xE0, 0xFE, 0x07, 0xE0, 0x7E, 0x0F, 0xF0, 0xEF, 0xFE, 0x7F, 0xC3,
    0xF8, 0x10, 0x71, 0xF3, 0xE3, 0xC3, 0x00, 0x00, 0x71, 0xE1, 0xC3, 0xC7, 0x8F, 0x0E, 0x1C, 0x38,
    0x78, 0xF1, 0xE3, 0xC7, 0x87, 0x0E, 0x1C, 0x38, 0x70, 0xF1, 0xE3, 0xC7, 0x80, 0x70, 0x0C, 0xE0,
    0x3D, 0xC0, 0x73, 0xC0, 0xE7, 0xFF, 0xCF, 0xFF, 0x0F, 0xFC, 0x1D, 0xE0, 0x3C, 0x00, 0x78, 0x00,
    0xF0, 0x01, 0xE0, 0x03, 0xC0, 0x03, 0x80, 0x07, 0x00, 0x0E, 0x00, 0x1C, 0x00, 0x38, 0x00, 0x78,
    0x00, 0xF0, 0x01, 0xE0, 0x03, 0xC0, 0x07, 0x80, 0x00, 0x00, 0x60, 0x03, 0x78, 0x73, 0xFC, 0x38,
    0xFE, 0x1C, 0x77, 0x0E, 0x3B, 0xCF, 0x3D, 0xFF, 0xFE, 0xFF, 0xFE, 0x7F, 0xBE, 0x3C, 0x00, 0x0E,
    0x00, 0x07, 0x00, 0x03, 0x80, 0x01, 0xE0, 0x00, 0xF0, 0x00, 0x78, 0x00, 0x3C, 0x00, 0x1E, 0x00,
    0x0F, 0x00, 0x03, 0x80, 0x01, 0xC0, 0x00, 0xE0, 0x00, 0x70, 0x00, 0x00, 0x00, 0x30, 0xF9, 0xE3,
    0xF1, 0xCF, 0xE3, 0xDE, 0x07, 0xB8, 0x0F, 0x78, 0x9F, 0xFF, 0x9F, 0xFF, 0x3F, 0xF8, 0x78, 0x00,
    0xF0, 0x01, 0xE0, 0x03, 0xC0, 0x07, 0x80, 0x07, 0x00, 0x0E, 0x00, 0x1C, 0x00, 0x38, 0x00, 0x70,
    0x00, 0xE0, 0x01, 0xE0, 0x03, 0xC0, 0x07, 0x80, 0x00, 0x03, 0x00, 0x0F, 0x00, 0x1E, 0x00, 0x1E,
    0x00, 0x7E, 0x00, 0xFC, 0x03, 0xFC, 0x0F, 0x38, 0x1C, 0x78, 0x78, 0x70, 0xE0, 0xF3, 0xC1, 0xE7,
    0x01, 0xCE, 0x03, 0x9C, 0x07, 0xF8, 0x0F, 0xE0, 0x0F, 0xC0, 0x1F, 0x8E, 0x7F, 0x9C, 0xF7, 0xFF,
    0xCF, 0xFF, 0x8F, 0xBE, 0x00, 0x07, 0xE0, 0x7F, 0x07, 0xF8, 0x7C, 0xC3, 0x80, 0x3C, 0x01, 0xE0,
    0x0F, 0x00, 0x3C, 0x11, 0xF3, 0x87, 0xFE, 0x1F, 0xE0, 0x3E, 0x03, 0xE0, 0x3E, 0x01, 0xE0, 0x1E,
    0x01, 0xE0, 0x0F, 0x00, 0xF0, 0x07, 0x00, 0x78, 0x03, 0x80, 0x00, 0x00, 0x00, 0x00, 0x0E, 0x00,
    0x3B, 0xC0, 0x07, 0xBC, 0x01, 0xE7, 0x80, 0x3C, 0x70, 0x07, 0x0F, 0x01, 0xE1, 0xE0, 0x3C, 0x1E,
    0x07, 0x03, 0xC1, 0xE0, 0x78, 0x38, 0x07, 0x8F, 0x00, 0xF1, 0xE0, 0x0E, 0x38, 0x01, 0xEF, 0x00,
    0x3D, 0xE0, 0x07, 0xB8, 0x00, 0x7F, 0x00, 0x0F, 0xE0, 0x01, 0xF8, 0x00, 0x1F, 0x00, 0x03, 0xE0,
    0x00, 0x78, 0x00, 0x07, 0x00, 0x00, 0x80, 0x00, 0x00, 0xE0, 0x00, 0x1E, 0x00, 0x03, 0xC0, 0x00,
    0xF8, 0x00, 0x1F, 0x80, 0x03, 0xF0, 0x00, 0xFE, 0x00, 0x1D, 0xC0, 0x03, 0xBC, 0x00, 0xF7, 0x80,
    0x1C, 0x70, 0x03, 0x8F, 0x00, 0xF1, 0xE0, 0x1C, 0x1C, 0x07, 0x83, 0xC0, 0xF0, 0x78, 0x1C, 0x07,
    0x07, 0x80, 0xF0, 0xF0, 0x1E, 0x3C, 0x01, 0xE7, 0x80, 0x3C, 0xE0, 0x03, 0xBC, 0x00, 0x78, 0x00,
    0x0C, 0x07, 0x80, 0x3F, 0x80, 0xFF, 0x83, 0xEF, 0x87, 0x8F, 0x0E, 0x0E, 0x1C, 0x1C, 0x38, 0x3C,
    0x78, 0x78, 0xFF, 0xF0, 0xFF, 0xE0, 0xFF, 0xC0, 0x7B, 0x80, 0x07, 0x00, 0x0E, 0x00, 0x1C, 0x00,
    0x38, 0x00, 0x78, 0x00, 0xF0, 0x00, 0xE0, 0x01, 0xC0, 0x03, 0x80, 0x07, 0x00, 0x00, 0x00, 0x00,
    0x00, 0x01, 0xE0, 0x00, 0x0F, 0xC0, 0x00, 0x3F, 0x00, 0x00, 0xFE, 0x00, 0x07, 0xF8, 0x00, 0x1F,
    0xE0, 0x00, 0xF3, 0xC0, 0x03, 0xCF, 0x00, 0x1E, 0x1E, 0x00, 0x78, 0x78, 0x01, 0xE1, 0xF0, 0x0F,
    0x03, 0xC0, 0x3C, 0x0F, 0x01, 0xE0, 0x1E, 0x07, 0xFF, 0xF8, 0x1F, 0xFF, 0xE0, 0xFF, 0xFF, 0xC3,
    0xC0, 0x0F, 0x0F, 0x00, 0x3E, 0x78, 0x00, 0x79, 0xE0, 0x01, 0xEF, 0x80, 0x07, 0xFC, 0x00, 0x0F,
    0x00, 0x00, 0x00, 0x00, 0x00, 0x00, 0x07, 0x80, 0x00, 0x1E, 0x00, 0x00, 0x78, 0x00, 0x01, 0xE0,
    0x00, 0x00, 0x00, 0x00, 0x1F, 0xE0, 0xFF, 0xC3, 0xFF, 0x8C, 0x3F, 0x00, 0x3C, 0x00, 0xF0, 0x03,
    0xC1, 0xFF, 0x3F, 0xFD, 0xFF, 0xF7, 0xC3, 0xFC, 0x07, 0xF0, 0x1F, 0xC0, 0x7F, 0x01, 0xDF, 0xFF,
    0x7F, 0xFC, 0xFF, 0xF0, 0x7E, 0x00, 0x00, 0x03, 0x80, 0x1F, 0x00, 0x7C, 0x00, 0xF0, 0x00, 0x00,
    0x00, 0xF8, 0x00, 0x03, 0xF0, 0x00, 0x0F, 0xC0, 0x00, 0x07, 0x00, 0x00, 0x7C, 0x00, 0x01, 0xC0,
    0x00, 0x03, 0x00, 0x00, 0x00, 0x00, 0x00, 0x78, 0x00, 0x03, 0xF0, 0x00, 0x0F, 0xC0, 0x00, 0x3F,
    0x80, 0x01, 0xFE, 0x00, 0x07, 0xF8, 0x00, 0x3C, 0xF0, 0x00, 0xF3, 0xC0, 0x07, 0x87, 0x80, 0x1E,
    0x1E, 0x00, 0x78, 0x7C, 0x03, 0xC0, 0xF0, 0x0F, 0x03, 0xC0, 0x78, 0x07, 0x81, 0xFF, 0xFE, 0x07,
    0xFF, 0xF8, 0x3F, 0xFF, 0xF0, 0xF0, 0x03, 0xC3, 0xC0, 0x0F, 0x9E, 0x00, 0x1E, 0x78, 0x00, 0x7B,
    0xE0, 0x01, 0xFF, 0x00, 0x03, 0xC0, 0x0F, 0xC0, 0x3F, 0x80, 0x5E, 0x00, 0x78, 0x03, 0xC0, 0x0E,
    0x00, 0x38, 0x07, 0xF8, 0x3F, 0xF0, 0xFF, 0xE3, 0x0F, 0xC0, 0x0F, 0x00, 0x3C, 0x00, 0xF0, 0x7F,
    0xCF, 0xFF, 0x7F, 0xFD, 0xF0, 0xFF, 0x01, 0xFC, 0x07, 0xF0, 0x1F, 0xC0, 0x77, 0xFF, 0xDF, 0xFF,
    0x3F, 0xFC, 0x1F, 0x80, 0x00, 0x00, 0x20, 0x00, 0x01, 0xC0, 0x00, 0x0F, 0x80, 0x00, 0x3C, 0x00,
    0x31, 0xE0, 0x01, 0xEF, 0x00, 0x0F, 0xD8, 0x00, 0x7F, 0x80, 0x03, 0xCF, 0x00, 0x06, 0x1C, 0x00,
    0x10, 0x20, 0x00, 0x00, 0x00, 0x00, 0x78, 0x00, 0x03, 0xF0, 0x00, 0x0F, 0xC0, 0x00, 0x3F, 0x80,
    0x01, 0xFE, 0x00, 0x07, 0xF8, 0x00, 0x3C, 0xF0, 0x00, 0xF3, 0xC0, 0x07, 0x87, 0x80, 0x1E, 0x1E,
    0x00, 0x78, 0x7C, 0x03, 0xC0, 0xF0, 0x0F, 0x03, 0xC0, 0x78, 0x07, 0x81, 0xFF, 0xFE, 0x07, 0xFF,
    0xF8, 0x3F, 0xFF, 0xF0, 0xF0, 0x03, 0xC3, 0xC0, 0x0F, 0x9E, 0x00, 0x1E, 0x78, 0x00, 0x7B, 0xE0,
    0x01, 0xFF, 0x00, 0x03, 0xC0, 0x00, 0x01, 0x00, 0x00, 0xE0, 0x00, 0x7C, 0x00, 0x3E, 0x01, 0x0F,
    0x00, 0xE7, 0x80, 0x7C, 0xC0, 0x3F, 0x80, 0x1E, 0xF0, 0x07, 0x1C, 0x00, 0x83, 0x00, 0x00, 0x00,
    0x1F, 0xE0, 0x0F, 0xFC, 0x03, 0xFF, 0x80, 0xC3, 0xF0, 0x00, 0x3C, 0x00, 0x0F, 0x00, 0x03, 0xC0,
    0x1F, 0xF0, 0x3F, 0xFC, 0x1F, 0xFF, 0x07, 0xC3, 0xC3, 0xC0, 0x70, 0xF0, 0x1C, 0x3C, 0x07, 0x0F,
    0x01, 0xC1, 0xFF, 0xF0, 0x7F, 0xFC, 0x0F, 0xFF, 0x00, 0x7E, 0x00, 0x00, 0x00, 0x00, 0x00, 0x38,
    0x00, 0x01, 0xE0, 0x00, 0x03, 0xC0, 0x00, 0x37, 0x80, 0x01, 0xEF, 0x00, 0x0F, 0xD8, 0x00, 0x7F,
    0x80, 0x03, 0xCF, 0x00, 0x06, 0x1C, 0x00, 0x10, 0x20, 0x00, 0x00, 0x00, 0x00, 0x78, 0x00, 0x03,
    0xF0, 0x00, 0x0F, 0xC0, 0x00, 0x3F, 0x80, 0x01, 0xFE, 0x00, 0x07, 0xF8, 0x00, 0x3C, 0xF0, 0x00,
    0xF3, 0xC0, 0x07, 0x87, 0x80, 0x1E, 0x1E, 0x00, 0x78, 0x7C, 0x03, 0xC0, 0xF0, 0x0F, 0x03, 0xC0,
    0x78, 0x07, 0x81, 0xFF, 0xFE, 0x07, 0xFF, 0xF8, 0x3F, 0xFF, 0xF0, 0xF0, 0x03, 0xC3, 0xC0, 0x0F,
    0x9E, 0x00, 0x1E, 0x78, 0x00, 0x7B, 0xE0, 0x01, 0xFF, 0x00, 0x03, 0xC0, 0x00, 0x40, 0x01, 0xC0,
    0x03, 0xC0, 0x07, 0xC0, 0x13, 0xC0, 0x73, 0x81, 0xF2, 0x07, 0xF0, 0x1E, 0xF0, 0x38, 0xE0, 0x20,
    0xC0, 0x00, 0x01, 0xFE, 0x07, 0xFE, 0x0F, 0xFE, 0x18, 0x7E, 0x00, 0x3C, 0x00, 0x78, 0x00, 0xF0,
    0x3F, 0xE3, 0xFF, 0xCF, 0xFF, 0x9F, 0x0F, 0x78, 0x0E, 0xF0, 0x1D, 0xE0, 0x3B, 0xC0, 0x73, 0xFF,
    0xE7, 0xFF, 0xC7, 0xFF, 0x81, 0xF8, 0x00, 0x00, 0x03, 0x80, 0x00, 0x1F, 0x80, 0x00, 0x7E, 0x00,
    0x00, 0x38, 0x00, 0x03, 0xE0, 0x00, 0xCF, 0x00, 0x07, 0xB8, 0x00, 0x3F, 0x00, 0x01, 0xFE, 0x00,
    0x0F, 0x3C, 0x00, 0x18, 0x70, 0x00, 0x40, 0x80, 0x00, 0x00, 0x00, 0x01, 0xE0, 0x00, 0x0F, 0xC0,
    0x00, 0x3F, 0x00, 0x00, 0xFE, 0x00, 0x07, 0xF8, 0x00, 0x1F, 0xE0, 0x00, 0xF3, 0xC0, 0x03, 0xCF,
    0x00, 0x1E, 0x1E, 0x00, 0x78, 0x78, 0x01, 0xE1, 0xF0, 0x0F, 0x03, 0xC0, 0x3C, 0x0F, 0x01, 0xE0,
    0x1E, 0x07, 0xFF, 0xF8, 0x1F, 0xFF, 0xE0, 0xFF, 0xFF, 0xC3, 0xC0, 0x0F, 0x0F, 0x00, 0x3E, 0x78,
    0x00, 0x79, 0xE0, 0x01, 0xEF, 0x80, 0x07, 0xFC, 0x00, 0x0F, 0x00, 0x7E, 0x00, 0x7F, 0x00, 0x3F,
    0x00, 0x0F, 0x01, 0x1E, 0x03, 0x9C, 0x07, 0xDC, 0x0F, 0xE0, 0x1E, 0xF0, 0x1C, 0x70, 0x08, 0x30,
    0x00, 0x00, 0x1F, 0xE0, 0x3F, 0xF0, 0x3F, 0xF8, 0x30, 0xFC, 0x00, 0x3C, 0x00, 0x3C, 0x00, 0x3C,
    0x07, 0xFC, 0x3F, 0xFC, 0x7F, 0xFC, 0x7C, 0x3C, 0xF0, 0x1C, 0xF0, 0x1C, 0xF0, 0x1C, 0xF0, 0x1C,
    0x7F, 0xFC, 0x7F, 0xFC, 0x3F, 0xFC, 0x07, 0xE0, 0x01, 0xE3, 0x00, 0x0F, 0xFE, 0x00, 0x3F, 0xF0,
    0x01, 0xCF, 0x80, 0x00, 0x00, 0x00, 0x00, 0xC0, 0x00, 0x07, 0x80, 0x00, 0x3F, 0x00, 0x01, 0xFE,
    0x00, 0x0F, 0x3C, 0x00, 0x18, 0x70, 0x00, 0x40, 0x80, 0x00, 0x00, 0x00, 0x01, 0xE0, 0x00, 0x0F,
    0xC0, 0x00, 0x3F, 0x00, 0x00, 0xFE, 0x00, 0x07, 0xF8, 0x00, 0x1F, 0xE0, 0x00, 0xF3, 0xC0, 0x03,
    0xCF, 0x00, 0x1E, 0x1E, 0x00, 0x78, 0x78, 0x01, 0xE1, 0xF0, 0x0F, 0x03, 0xC0, 0x3C, 0x0F, 0x01,
    0xE0, 0x1E, 0x07, 0xFF, 0xF8, 0x1F, 0xFF, 0xE0, 0xFF, 0xFF, 0xC3, 0xC0, 0x0F, 0x0F, 0x00, 0x3E,
    0x78, 0x00, 0x79, 0xE0, 0x01, 0xEF, 0x80, 0x07, 0xFC, 0x00, 0x0F, 0x00, 0x00, 0x7E, 0x61, 0xFF,
    0x8F, 0xFC, 0x10, 0xE0, 0x04, 0x00, 0x38, 0x01, 0xF0, 0x0F, 0xE0, 0x7B, 0xC1, 0xC7, 0x02, 0x0C,
    0x00, 0x00, 0x7F, 0x83, 0xFF, 0x0F, 0xFE, 0x30, 0xFC, 0x00, 0xF0, 0x03, 0xC0, 0x0F, 0x07, 0xFC,
    0xFF, 0xF7, 0xFF, 0xDF, 0x0F, 0xF0, 0x1F, 0xC0, 0x7F, 0x01, 0xFC, 0x07, 0x7F, 0xFD, 0xFF, 0xF3,
    0xFF, 0xC1, 0xF8, 0x00, 0x30, 0x00, 0x01, 0xE0, 0x00, 0x0F, 0xC0, 0x00, 0x7F, 0x80, 0x03, 0xCF,
    0x00, 0x06, 0x1C, 0x00, 0x10, 0x20, 0x00, 0x00, 0x00, 0x00, 0x78, 0x00, 0x03, 0xF0, 0x00, 0x0F,
    0xC0, 0x00, 0x3F, 0x80, 0x01, 0xFE, 0x00, 0x07, 0xF8, 0x00, 0x3C, 0xF0, 0x00, 0xF3, 0xC0, 0x07,
    0x87, 0x80, 0x1E, 0x1E, 0x00, 0x78, 0x7C, 0x03, 0xC0, 0xF0, 0x0F, 0x03, 0xC0, 0x78, 0x07, 0x81,
    0xFF, 0xFE, 0x07, 0xFF, 0xF8, 0x3F, 0xFF, 0xF0, 0xF0, 0x03, 0xC3, 0xC0, 0x0F, 0x9E, 0x00, 0x1E,
    0x78, 0x00, 0x7B, 0xE0, 0x01, 0xFF, 0x00, 0x03, 0xC0, 0x00, 0x00, 0x00, 0x00, 0x00, 0x01, 0xE0,
    0x00, 0x07, 0x80, 0x00, 0x1E, 0x00, 0x00, 0x78, 0x00, 0x00, 0x00, 0x00, 0x01, 0x00, 0x0E, 0x00,
    0x7C, 0x03, 0xF8, 0x1E, 0xF0, 0x71, 0xC0, 0x83, 0x00, 0x00, 0x1F, 0xE0, 0xFF, 0xC3, 0xFF, 0x8C,
    0x3F, 0x00, 0x3C, 0x00, 0xF0, 0x03, 0xC1, 0xFF, 0x3F, 0xFD, 0xFF, 0xF7, 0xC3, 0xFC, 0x07, 0xF0,
    0x1F, 0xC0, 0x7F, 0x01, 0xDF, 0xFF, 0x7F, 0xFC, 0xFF, 0xF0, 0x7E, 0x00, 0x00, 0x03, 0x80, 0x1F,
    0x00, 0x7C, 0x00, 0xF0, 0x00, 0x00, 0x00, 0x00, 0x00, 0x00, 0x18, 0x00, 0x00, 0xF0, 0x00, 0x07,
    0xC0, 0x00, 0x3E, 0x00, 0x00, 0xF0, 0x00, 0x13, 0xA0, 0x00, 0xE5, 0xC0, 0x03, 0xCF, 0x00, 0x07,
    0xF8, 0x00, 0x0F, 0xC0, 0x00, 0x1E, 0x00, 0x00, 0x00, 0x00, 0x00, 0x00, 0x00, 0x07, 0x80, 0x00,
    0x3F, 0x00, 0x00, 0xFC, 0x00, 0x03, 0xF8, 0x00, 0x1F, 0xE0, 0x00, 0x7F, 0x80, 0x03, 0xCF, 0x00,
    0x0F, 0x3C, 0x00, 0x78, 0x78, 0x01, 0xE1, 0xE0, 0x07, 0x87, 0xC0, 0x3C, 0x0F, 0x00, 0xF0, 0x3C,
    0x07, 0x80, 0x78, 0x1F, 0xFF, 0xE0, 0x7F, 0xFF, 0x83, 0xFF, 0xFF, 0x0F, 0x00, 0x3C, 0x3C, 0x00,
    0xF9, 0xE0, 0x01, 0xE7, 0x80, 0x07, 0xBE, 0x00, 0x1F, 0xF0, 0x00, 0x3C, 0x00, 0x00, 0x01, 0xC0,
    0x07, 0x80, 0x3C, 0x01, 0xE0, 0x0F, 0x00, 0x38, 0x07, 0x4E, 0x1C, 0x70, 0x7F, 0xC0, 0xFE, 0x00,
    0xF0, 0x00, 0x00, 0x00, 0x01, 0xFE, 0x0F, 0xFC, 0x3F, 0xF8, 0xC3, 0xF0, 0x03, 0xC0, 0x0F, 0x00,
    0x3C, 0x1F, 0xF3, 0xFF, 0xDF, 0xFF, 0x7C, 0x3F, 0xC0, 0x7F, 0x01, 0xFC, 0x07, 0xF0, 0x1D, 0xFF,
    0xF7, 0xFF, 0xCF, 0xFF, 0x07, 0xE0, 0x00, 0x00, 0x00, 0x07, 0x00, 0x00, 0x3C, 0x00, 0x00, 0x78,
    0x00, 0x00, 0xF0, 0x00, 0x01, 0xE0, 0x00, 0x13, 0x20, 0x00, 0xE1, 0xC0, 0x03, 0xCF, 0x00, 0x07,
    0xF8, 0x00, 0x0F, 0xC0, 0x00, 0x1E, 0x00, 0x00, 0x00, 0x00, 0x00, 0x00, 0x00, 0x07, 0x80, 0x00,
    0x3F, 0x00, 0x00, 0xFC, 0x00, 0x03, 0xF8, 0x00, 0x1F, 0xE0, 0x00, 0x7F, 0x80, 0x03, 0xCF, 0x00,
    0x0F, 0x3C, 0x00, 0x78, 0x78, 0x01, 0xE1, 0xE0, 0x07, 0x87, 0xC0, 0x3C, 0x0F, 0x00, 0xF0, 0x3C,
    0x07, 0x80, 0x78, 0x1F, 0xFF, 0xE0, 0x7F, 0xFF, 0x83, 0xFF, 0xFF, 0x0F, 0x00, 0x3C, 0x3C, 0x00,
    0xF9, 0xE0, 0x01, 0xE7, 0x80, 0x07, 0xBE, 0x00, 0x1F, 0xF0, 0x00, 0x3C, 0x00, 0x00, 0x30, 0x01,
    0xE0, 0x07, 0xC0, 0x0F, 0x80, 0x1E, 0x00, 0x38, 0x07, 0x4E, 0x1C, 0x70, 0x7F, 0xC0, 0xFE, 0x00,
    0xF0, 0x00, 0x00, 0x00, 0x01, 0xFE, 0x0F, 0xFC, 0x3F, 0xF8, 0xC3, 0xF0, 0x03, 0xC0, 0x0F, 0x00,
    0x3C, 0x1F, 0xF3, 0xFF, 0xDF, 0xFF, 0x7C, 0x3F, 0xC0, 0x7F, 0x01, 0xFC, 0x07, 0xF0, 0x1D, 0xFF,
    0xF7, 0xFF, 0xCF, 0xFF, 0x07, 0xE0, 0x00, 0xF8, 0x00, 0x03, 0xF0, 0x00, 0x09, 0xE0, 0x00, 0x0F,
    0x00, 0x00, 0x7C, 0x00, 0x05, 0xC8, 0x00, 0x3B, 0x70, 0x00, 0xF3, 0xC0, 0x01, 0xFE, 0x00, 0x03,
    0xF0, 0x00, 0x07, 0x80, 0x00, 0x00, 0x00, 0x00, 0x00, 0x00, 0x01, 0xE0, 0x00, 0x0F, 0xC0, 0x00,
    0x3F, 0x00, 0x00, 0xFE, 0x00, 0x07, 0xF8, 0x00, 0x1F, 0xE0, 0x00, 0xF3, 0xC0, 0x03, 0xCF, 0x00,
    0x1E, 0x1E, 0x00, 0x78, 0x78, 0x01, 0xE1, 0xF0, 0x0F, 0x03, 0xC0, 0x3C, 0x0F, 0x01, 0xE0, 0x1E,
    0x07, 0xFF, 0xF8, 0x1F, 0xFF, 0xE0, 0xFF, 0xFF, 0xC3, 0xC0, 0x0F, 0x0F, 0x00, 0x3E, 0x78, 0x00,
    0x79, 0xE0, 0x01, 0xEF, 0x80, 0x07, 0xFC, 0x00, 0x0F, 0x0F, 0xC0, 0x1F, 0x80, 0x7E, 0x00, 0x78,
    0x03, 0xE0, 0x0E, 0x01, 0xFB, 0x87, 0x1C, 0x1F, 0xF0, 0x3F, 0x80, 0x3C, 0x00, 0x00, 0x00, 0x00,
    0x7F, 0x83, 0xFF, 0x0F, 0xFE, 0x30, 0xFC, 0x00, 0xF0, 0x03, 0xC0, 0x0F, 0x07, 0xFC, 0xFF, 0xF7,
    0xFF, 0xDF, 0x0F, 0xF0, 0x1F, 0xC0, 0x7F, 0x01, 0xFC, 0x07, 0x7F, 0xFD, 0xFF, 0xF3, 0xFF, 0xC1,
    0xF8, 0x00, 0x00, 0x00, 0x07, 0x8E, 0x00, 0x3F, 0xF8, 0x00, 0xFF, 0xC0, 0x03, 0x1E, 0x00, 0x04,
    0x08, 0x00, 0x38, 0x70, 0x00, 0xF3, 0xC0, 0x01, 0xFE, 0x00, 0x03, 0xF0, 0x00, 0x07, 0x80, 0x00,
    0x00, 0x00, 0x00, 0x00, 0x00, 0x01, 0xE0, 0x00, 0x0F, 0xC0, 0x00, 0x3F, 0x00, 0x00, 0xFE, 0x00,
    0x07, 0xF8, 0x00, 0x1F, 0xE0, 0x00, 0xF3, 0xC0, 0x03, 0xCF, 0x00, 0x1E, 0x1E, 0x00, 0x78, 0x78,
    0x01, 0xE1, 0xF0, 0x0F, 0x03, 0xC0, 0x3C, 0x0F, 0x01, 0xE0, 0x1E, 0x07, 0xFF, 0xF8, 0x1F, 0xFF,
    0xE0, 0xFF, 0xFF, 0xC3, 0xC0, 0x0F, 0x0F, 0x00, 0x3E, 0x78, 0x00, 0x79, 0xE0, 0x01, 0xEF, 0x80,
    0x07, 0xFC, 0x00, 0x0F, 0x0F, 0x18, 0x7F, 0xE3, 0xFF, 0x8E, 0x3C, 0x00, 0x00, 0x70, 0xE1, 0xC7,
    0x07, 0xFC, 0x0F, 0xE0, 0x0F, 0x00, 0x00, 0x00, 0x00, 0x1F, 0xE0, 0xFF, 0xC3, 0xFF, 0x8C, 0x3F,
    0x00, 0x3C, 0x00, 0xF0, 0x03, 0xC1, 0xFF, 0x3F, 0xFD, 0xFF, 0xF7, 0xC3, 0xFC, 0x07, 0xF0, 0x1F,
    0xC0, 0x7F, 0x01, 0xDF, 0xFF, 0x7F, 0xFC, 0xFF, 0xF0, 0x7E, 0x00, 0x01, 0x02, 0x00, 0x0E, 0x1C,
    0x00, 0x3C, 0xF0, 0x00, 0x7F, 0x80, 0x00, 0xFC, 0x00, 0x01, 0xE0, 0x00, 0x00, 0x00, 0x00, 0x00,
    0x00, 0x00, 0x78, 0x00, 0x03, 0xF0, 0x00, 0x0F, 0xC0, 0x00, 0x3F, 0x80, 0x01, 0xFE, 0x00, 0x07,
    0xF8, 0x00, 0x3C, 0xF0, 0x00, 0xF3, 0xC0, 0x07, 0x87, 0x80, 0x1E, 0x1E, 0x00, 0x78, 0x7C, 0x03,
    0xC0, 0xF0, 0x0F, 0x03, 0xC0, 0x78, 0x07, 0x81, 0xFF, 0xFE, 0x07, 0xFF, 0xF8, 0x3F, 0xFF, 0xF0,
    0xF0, 0x03, 0xC3, 0xC0, 0x0F, 0x9E, 0x00, 0x1E, 0x78, 0x00, 0x7B, 0xE0, 0x01, 0xFF, 0x00, 0x03,
    0xC0, 0x00, 0x00, 0x00, 0x00, 0x00, 0x01, 0xE0, 0x00, 0x07, 0x80, 0x00, 0x1E, 0x00, 0x00, 0x78,
    0x00, 0x00, 0x00, 0x00, 0x1C, 0x30, 0x71, 0xC1, 0xFF, 0x03, 0xF8, 0x03, 0xC0, 0x00, 0x00, 0x00,
    0x07, 0xF8, 0x3F, 0xF0, 0xFF, 0xE3, 0x0F, 0xC0, 0x0F, 0x00, 0x3C, 0x00, 0xF0, 0x7F, 0xCF, 0xFF,
    0x7F, 0xFD, 0xF0, 0xFF, 0x01, 0xFC, 0x07, 0xF0, 0x1F, 0xC0, 0x77, 0xFF, 0xDF, 0xFF, 0x3F, 0xFC,
    0x1F, 0x80, 0x00, 0x00, 0xE0, 0x07, 0xC0, 0x1F, 0x00, 0x3C, 0x00, 0x00, 0x00, 0x00, 0xFF, 0xFE,
    0xFF, 0xFE, 0xFF, 0xFE, 0xF0, 0x00, 0xF0, 0x00, 0xF0, 0x00, 0xF0, 0x00, 0xF0, 0x00, 0xF0, 0x00,
    0xFF, 0xFC, 0xFF, 0xFC, 0xFF, 0xFC, 0xFF, 0xFC, 0xF0, 0x00, 0xF0, 0x00, 0xF0, 0x00, 0xF0, 0x00,
    0xF0, 0x00, 0xF0, 0x00, 0xF0, 0x00, 0xFF, 0xFF, 0xFF, 0xFF, 0xFF, 0xFF, 0x00, 0x00, 0x00, 0x00,
    0x03, 0x80, 0x07, 0xC0, 0x07, 0xC0, 0x03, 0x80, 0x01, 0x00, 0x03, 0xF0, 0x0F, 0xF8, 0x1F, 0xFC,
    0x3E, 0x3E, 0x7C, 0x1E, 0x78, 0x0F, 0x78, 0x0F, 0xFF, 0xFF, 0xFF, 0xFF, 0xFF, 0xFF, 0xFF, 0xFF,
    0x78, 0x00, 0x78, 0x00, 0x78, 0x00, 0x7C, 0x00, 0x3F, 0xFE, 0x1F, 0xFE, 0x0F, 0xFE, 0x01, 0xF0,
    0x00, 0x00, 0x01, 0xC0, 0x03, 0xE0, 0x03, 0xE0, 0x03, 0xC0, 0x00, 0x00, 0x07, 0xE0, 0x07, 0xE0,
    0x07, 0xF0, 0x00, 0xF0, 0x01, 0xE0, 0x01, 0xC0, 0x01, 0x80, 0x00, 0x00, 0xFF, 0xFE, 0xFF, 0xFE,
    0xFF, 0xFE, 0xF0, 0x00, 0xF0, 0x00, 0xF0, 0x00, 0xF0, 0x00, 0xF0, 0x00, 0xF0, 0x00, 0xFF, 0xFC,
    0xFF, 0xFC, 0xFF, 0xFC, 0xFF, 0xFC, 0xF0, 0x00, 0xF0, 0x00, 0xF0, 0x00, 0xF0, 0x00, 0xF0, 0x00,
    0xF0, 0x00, 0xF0, 0x00, 0xFF, 0xFF, 0xFF, 0xFF, 0xFF, 0xFF, 0x07, 0xE0, 0x07, 0xE0, 0x06, 0xF0,
    0x01, 0xF0, 0x01, 0xE0, 0x01, 0xC0, 0x01, 0x80, 0x03, 0xF0, 0x0F, 0xF8, 0x1F, 0xFC, 0x3E, 0x3E,
    0x7C, 0x1E, 0x78, 0x0F, 0x78, 0x0F, 0xFF, 0xFF, 0xFF, 0xFF, 0xFF, 0xFF, 0xFF, 0xFF, 0x78, 0x00,
    0x78, 0x00, 0x78, 0x00, 0x7C, 0x00, 0x3F, 0xFE, 0x1F, 0xFE, 0x0F, 0xFE, 0x01, 0xF0, 0x00, 0x08,
    0x0F, 0x9C, 0x1F, 0xFC, 0x1F, 0xF8, 0x18, 0x70, 0x00, 0x00, 0x00, 0x00, 0x00, 0x00, 0xFF, 0xFE,
    0xFF, 0xFE, 0xFF, 0xFE, 0xF0, 0x00, 0xF0, 0x00, 0xF0, 0x00, 0xF0, 0x00, 0xF0, 0x00, 0xF0, 0x00,
    0xFF, 0xFC, 0xFF, 0xFC, 0xFF, 0xFC, 0xFF, 0xFC, 0xF0, 0x00, 0xF0, 0x00, 0xF0, 0x00, 0xF0, 0x00,
    0xF0, 0x00, 0xF0, 0x00, 0xF0, 0x00, 0xFF, 0xFF, 0xFF, 0xFF, 0xFF, 0xFF, 0x06, 0x08, 0x0F, 0xDC,
    0x1F, 0xFC, 0x1D, 0xF8, 0x08, 0x60, 0x00, 0x00, 0x00, 0x00, 0x03, 0xF0, 0x0F, 0xF8, 0x1F, 0xFC,
    0x3E, 0x3E, 0x7C, 0x1E, 0x78, 0x0F, 0x78, 0x0F, 0xFF, 0xFF, 0xFF, 0xFF, 0xFF, 0xFF, 0xFF, 0xFF,
    0x78, 0x00, 0x78, 0x00, 0x78, 0x00, 0x7C, 0x00, 0x3F, 0xFE, 0x1F, 0xFE, 0x0F, 0xFE, 0x01, 0xF0,
    0x00, 0x00, 0x00, 0x00, 0xE0, 0x00, 0x78, 0x00, 0x3E, 0x01, 0x8F, 0x00, 0xF7, 0x80, 0x7F, 0xC0,
    0x3F, 0xC0, 0x1E, 0xF8, 0x07, 0x0C, 0x00, 0x80, 0x00, 0x00, 0x00, 0xFF, 0xFE, 0x3F, 0xFF, 0x8F,
    0xFF, 0xE3, 0xC0, 0x00, 0xF0, 0x00, 0x3C, 0x00, 0x0F, 0x00, 0x03, 0xC0, 0x00, 0xF0, 0x00, 0x3F,
    0xFF, 0x0F, 0xFF, 0xC3, 0xFF, 0xF0, 0xFF, 0xFC, 0x3C, 0x00, 0x0F, 0x00, 0x03, 0xC0, 0x00, 0xF0,
    0x00, 0x3C, 0x00, 0x0F, 0x00, 0x03, 0xC0, 0x00, 0xFF, 0xFF, 0x3F, 0xFF, 0xCF, 0xFF, 0xF0, 0x00,
    0x01, 0x80, 0x00, 0x70, 0x00, 0x3C, 0x00, 0x1E, 0x00, 0x8F, 0x00, 0x73, 0x80, 0x3E, 0xC0, 0x1F,
    0xC0, 0x0F, 0x78, 0x03, 0x8E, 0x00, 0x41, 0x00, 0x00, 0x00, 0x03, 0xF0, 0x03, 0xFE, 0x01, 0xFF,
    0xC0, 0xF8, 0xF8, 0x7C, 0x1E, 0x1E, 0x03, 0xC7, 0x80, 0xF3, 0xFF, 0xFC, 0xFF, 0xFF, 0x3F, 0xFF,
    0xCF, 0xFF, 0xF1, 0xE0, 0x00, 0x78, 0x00, 0x1E, 0x00, 0x07, 0xC0, 0x00, 0xFF, 0xF8, 0x1F, 0xFE,
    0x03, 0xFF, 0x80, 0x1F, 0x00, 0x00, 0x40, 0x00, 0xE0, 0x00, 0xF0, 0x00, 0x78, 0x01, 0xBC, 0x03,
    0xDC, 0x07, 0xEC, 0x0F, 0xF0, 0x1E, 0xF8, 0x1C, 0x30, 0x08, 0x00, 0x00, 0x00, 0xFF, 0xFE, 0xFF,
    0xFE, 0xFF, 0xFE, 0xF0, 0x00, 0xF0, 0x00, 0xF0, 0x00, 0xF0, 0x00, 0xF0, 0x00, 0xF0, 0x00, 0xFF,
    0xFC, 0xFF, 0xFC, 0xFF, 0xFC, 0xFF, 0xFC, 0xF0, 0x00, 0xF0, 0x00, 0xF0, 0x00, 0xF0, 0x00, 0xF0,
    0x00, 0xF0, 0x00, 0xF0, 0x00, 0xFF, 0xFF, 0xFF, 0xFF, 0xFF, 0xFF, 0x00, 0x20, 0x00, 0x70, 0x00,
    0xF8, 0x00, 0x78, 0x00, 0xBC, 0x01, 0xDE, 0x03, 0xEC, 0x07, 0xF0, 0x0F, 0x78, 0x0E, 0x38, 0x04,
    0x10, 0x00, 0x00, 0x03, 0xF0, 0x0F, 0xF8, 0x1F, 0xFC, 0x3E, 0x3E, 0x7C, 0x1E, 0x78, 0x0F, 0x78,
    0x0F, 0xFF, 0xFF, 0xFF, 0xFF, 0xFF, 0xFF, 0xFF, 0xFF, 0x78, 0x00, 0x78, 0x00, 0x78, 0x00, 0x7C,
    0x00, 0x3F, 0xFE, 0x1F, 0xFE, 0x0F, 0xFE, 0x01, 0xF0, 0x00, 0x3E, 0x00, 0x7F, 0x00, 0x3F, 0x00,
    0x0F, 0x01, 0x9F, 0x03, 0xDC, 0x07, 0xFC, 0x0F, 0xF0, 0x1E, 0xF8, 0x1C, 0x30, 0x08, 0x00, 0x00,
    0x00, 0xFF, 0xFE, 0xFF, 0xFE, 0xFF, 0xFE, 0xF0, 0x00, 0xF0, 0x00, 0xF0, 0x00, 0xF0, 0x00, 0xF0,
    0x00, 0xF0, 0x00, 0xFF, 0xFC, 0xFF, 0xFC, 0xFF, 0xFC, 0xFF, 0xFC, 0xF0, 0x00, 0xF0, 0x00, 0xF0,
    0x00, 0xF0, 0x00, 0xF0, 0x00, 0xF0, 0x00, 0xF0, 0x00, 0xFF, 0xFF, 0xFF, 0xFF, 0xFF, 0xFF, 0x00,
    0x3F, 0x00, 0x0F, 0xC0, 0x05, 0xE0, 0x00, 0xF0, 0x08, 0xF8, 0x0E, 0x70, 0x0F, 0xB8, 0x0F, 0xE0,
    0x0F, 0x78, 0x07, 0x1C, 0x01, 0x04, 0x00, 0x00, 0x00, 0x3F, 0x00, 0x7F, 0xC0, 0x7F, 0xF0, 0x7C,
    0x7C, 0x7C, 0x1E, 0x3C, 0x07, 0x9E, 0x03, 0xDF, 0xFF, 0xEF, 0xFF, 0xF7, 0xFF, 0xFB, 0xFF, 0xFC,
    0xF0, 0x00, 0x78, 0x00, 0x3C, 0x00, 0x1F, 0x00, 0x07, 0xFF, 0xC1, 0xFF, 0xE0, 0x7F, 0xF0, 0x07,
    0xC0, 0x0F, 0x18, 0x1F, 0xFC, 0x3F, 0xF8, 0x39, 0xF0, 0x00, 0x00, 0x01, 0x80, 0x03, 0xC0, 0x07,
    0xE0, 0x0F, 0xF0, 0x1E, 0xF8, 0x1C, 0x30, 0x08, 0x00, 0x00, 0x00, 0xFF, 0xFE, 0xFF, 0xFE, 0xFF,
    0xFE, 0xF0, 0x00, 0xF0, 0x00, 0xF0, 0x00, 0xF0, 0x00, 0xF0, 0x00, 0xF0, 0x00, 0xFF, 0xFC, 0xFF,
    0xFC, 0xFF, 0xFC, 0xFF, 0xFC, 0xF0, 0x00, 0xF0, 0x00, 0xF0, 0x00, 0xF0, 0x00, 0xF0, 0x00, 0xF0,
    0x00, 0xF0, 0x00, 0xFF, 0xFF, 0xFF, 0xFF, 0xFF, 0xFF, 0x07, 0x0C, 0x0F, 0xFC, 0x1F, 0xFC, 0x1C,
    0xF8, 0x00, 0x00, 0x00, 0x80, 0x01, 0xC0, 0x03, 0xE0, 0x07, 0xF0, 0x0F, 0x78, 0x0E, 0x38, 0x04,
    0x10, 0x00, 0x00, 0x03, 0xF0, 0x0F, 0xF8, 0x1F, 0xFC, 0x3E, 0x3E, 0x7C, 0x1E, 0x78, 0x0F, 0x78,
    0x0F, 0xFF, 0xFF, 0xFF, 0xFF, 0xFF, 0xFF, 0xFF, 0xFF, 0x78, 0x00, 0x78, 0x00, 0x78, 0x00, 0x7C,
    0x00, 0x3F, 0xFE, 0x1F, 0xFE, 0x0F, 0xFE, 0x01, 0xF0, 0x01, 0x80, 0x03, 0xC0, 0x07, 0xE0, 0x0F,
    0xF0, 0x1E, 0xF8, 0x1C, 0x30, 0x08, 0x00, 0x00, 0x00, 0xFF, 0xFE, 0xFF, 0xFE, 0xFF, 0xFE, 0xF0,
    0x00, 0xF0, 0x00, 0xF0, 0x00, 0xF0, 0x00, 0xF0, 0x00, 0xF0, 0x00, 0xFF, 0xFC, 0xFF, 0xFC, 0xFF,
    0xFC, 0xFF, 0xFC, 0xF0, 0x00, 0xF0, 0x00, 0xF0, 0x00, 0xF0, 0x00, 0xF0, 0x00, 0xF0, 0x00, 0xF0,
    0x00, 0xFF, 0xFF, 0xFF, 0xFF, 0xFF, 0xFF, 0x00, 0x00, 0x00, 0x00, 0x03, 0x80, 0x07, 0xC0, 0x07,
    0xC0, 0x03, 0x80, 0x01, 0x00, 0x00, 0x80, 0x01, 0xC0, 0x03, 0xE0, 0x07, 0xF0, 0x0F, 0x78, 0x0E,
    0x38, 0x04, 0x10, 0x00, 0x00, 0x03, 0xF0, 0x0F, 0xF8, 0x1F, 0xFC, 0x3E, 0x3E, 0x7C, 0x1E, 0x78,
    0x0F, 0x78, 0x0F, 0xFF, 0xFF, 0xFF, 0xFF, 0xFF, 0xFF, 0xFF, 0xFF, 0x78, 0x00, 0x78, 0x00, 0x78,
    0x00, 0x7C, 0x00, 0x3F, 0xFE, 0x1F, 0xFE, 0x0F, 0xFE, 0x01, 0xF0, 0x00, 0x00, 0x01, 0xC0, 0x03,
    0xE0, 0x03, 0xE0, 0x03, 0xC0, 0x00, 0x00, 0xFD, 0xFF, 0xF8, 0xF3, 0xC7, 0x0E, 0x00, 0x78, 0xF1,
    0xE3, 0xC7, 0x8F, 0x1E, 0x3C, 0x78, 0xF1, 0xE3, 0xC7, 0x8F, 0x1E, 0x3C, 0x78, 0xF1, 0xE3, 0xC7,
    0x8F, 0x1E, 0x00, 0xFD, 0xFD, 0x78, 0xF3, 0xC7, 0x0C, 0x1C, 0x78, 0xF1, 0xE3, 0xC7, 0x8F, 0x1E,
    0x3C, 0x78, 0xF1, 0xE3, 0xC7, 0x8F, 0x1E, 0x3C, 0x78, 0x07, 0xBD, 0xEF, 0x7B, 0xDE, 0xF7, 0xBD,
    0xEF, 0x7B, 0xDE, 0xF7, 0xBD, 0xEF, 0x7B, 0xDE, 0x00, 0x1D, 0xFF, 0xB8, 0x80, 0x67, 0xBF, 0xE6,
    0x00, 0x0E, 0xF7, 0xBD, 0xEF, 0x7B, 0xDE, 0xF7, 0xBD, 0xEF, 0x7B, 0xDE, 0xF0, 0x01, 0xEF, 0x7F,
    0xC0, 0x00, 0x7E, 0x00, 0x07, 0xFF, 0x80, 0x1F, 0xFF, 0x80, 0x7F, 0xFF, 0x81, 0xF0, 0x0F, 0x87,
    0xC0, 0x0F, 0x8F, 0x00, 0x0F, 0x3E, 0x00, 0x1F, 0x78, 0x00, 0x1E, 0xF0, 0x00, 0x3D, 0xE0, 0x00,
    0x7B, 0xC0, 0x00, 0xF7, 0x80, 0x01, 0xEF, 0x00, 0x03, 0xDE, 0x00, 0x07, 0xBC, 0x00, 0x0F, 0x78,
    0x00, 0x1E, 0xF8, 0x00, 0x7C, 0xF0, 0x00, 0xF1, 0xF0, 0x03, 0xE1, 0xF8, 0x1F, 0x81, 0xFF, 0xFE,
    0x01, 0xFF, 0xF8, 0x01, 0xFF, 0xC0, 0x00, 0x7E, 0x00, 0x00, 0x00, 0x00, 0x00, 0xF0, 0x00, 0x01,
    0xE0, 0x00, 0x03, 0xC0, 0x00, 0x07, 0x80, 0x00, 0x00, 0x00, 0x00, 0x03, 0xF0, 0x07, 0xFE, 0x07,
    0xFF, 0x87, 0xE7, 0xE7, 0xC0, 0xF3, 0xC0, 0x7D, 0xE0, 0x1F, 0xE0, 0x0F, 0xF0, 0x07, 0xF8, 0x03,
    0xFC, 0x01, 0xEF, 0x00, 0xF7, 0x80, 0x7B, 0xC0, 0x7C, 0xF0, 0x7C, 0x7F, 0xFC, 0x1F, 0xFE, 0x07,
    0xFC, 0x00, 0x78, 0x00, 0x00, 0x00, 0x1E, 0x00, 0x0F, 0x00, 0x07, 0x80, 0x03, 0xC0, 0x00, 0x00,
    0x00, 0x00, 0x7C, 0x00, 0x00, 0xFC, 0x00, 0x01, 0xF8, 0x00, 0x00, 0x70, 0x00, 0x03, 0xE0, 0x00,
    0x07, 0x00, 0x00, 0x0E, 0x00, 0x00, 0x3F, 0x00, 0x03, 0xFF, 0xC0, 0x0F, 0xFF, 0xC0, 0x3F, 0xFF,
    0xC0, 0xF8, 0x07, 0xC3, 0xE0, 0x07, 0xC7, 0x80, 0x07, 0x9F, 0x00, 0x0F, 0xBC, 0x00, 0x0F, 0x78,
    0x00, 0x1E, 0xF0, 0x00, 0x3D, 0xE0, 0x00, 0x7B, 0xC0, 0x00, 0xF7, 0x80, 0x01, 0xEF, 0x00, 0x03,
    0xDE, 0x00, 0x07, 0xBC, 0x00, 0x0F, 0x7C, 0x00, 0x3E, 0x78, 0x00, 0x78, 0xF8, 0x01, 0xF0, 0xFC,
    0x0F, 0xC0, 0xFF, 0xFF, 0x00, 0xFF, 0xFC, 0x00, 0xFF, 0xE0, 0x00, 0x3F, 0x00, 0x03, 0xE0, 0x01,
    0xF8, 0x00, 0x9C, 0x00, 0x1E, 0x00, 0x1F, 0x00, 0x0E, 0x00, 0x03, 0x00, 0x07, 0xE0, 0x0F, 0xFC,
    0x0F, 0xFF, 0x0F, 0xCF, 0xCF, 0x81, 0xE7, 0x80, 0xFB, 0xC0, 0x3F, 0xC0, 0x1F, 0xE0, 0x0F, 0xF0,
    0x07, 0xF8, 0x03, 0xDE, 0x01, 0xEF, 0x00, 0xF7, 0x80, 0xF9, 0xE0, 0xF8, 0xFF, 0xF8, 0x3F, 0xFC,
    0x0F, 0xF8, 0x00, 0xF0, 0x00, 0x00, 0x00, 0x10, 0x00, 0x00, 0x70, 0x00, 0x01, 0xE0, 0x00, 0x07,
    0x80, 0x01, 0x9E, 0x00, 0x07, 0xB8, 0x00, 0x1F, 0xA0, 0x00, 0x7F, 0x80, 0x01, 0xE7, 0x80, 0x03,
    0x86, 0x00, 0x02, 0x04, 0x00, 0x03, 0xF0, 0x00, 0x3F, 0xFC, 0x00, 0xFF, 0xFC, 0x03, 0xFF, 0xFC,
    0x0F, 0x80, 0x7C, 0x3E, 0x00, 0x7C, 0x78, 0x00, 0x79, 0xF0, 0x00, 0xFB, 0xC0, 0x00, 0xF7, 0x80,
    0x01, 0xEF, 0x00, 0x03, 0xDE, 0x00, 0x07, 0xBC, 0x00, 0x0F, 0x78, 0x00, 0x1E, 0xF0, 0x00, 0x3D,
    0xE0, 0x00, 0x7B, 0xC0, 0x00, 0xF7, 0xC0, 0x03, 0xE7, 0x80, 0x07, 0x8F, 0x80, 0x1F, 0x0F, 0xC0,
    0xFC, 0x0F, 0xFF, 0xF0, 0x0F, 0xFF, 0xC0, 0x0F, 0xFE, 0x00, 0x03, 0xF0, 0x00, 0x00, 0x00, 0x80,
    0x00, 0x38, 0x00, 0x0F, 0x00, 0x03, 0xC0, 0x08, 0xF0, 0x03, 0x9C, 0x00, 0xFB, 0x00, 0x3F, 0x80,
    0x0F, 0x78, 0x01, 0xC7, 0x00, 0x10, 0x60, 0x00, 0x00, 0x00, 0x3F, 0x00, 0x1F, 0xF8, 0x07, 0xFF,
    0x81, 0xF9, 0xF8, 0x7C, 0x0F, 0x0F, 0x01, 0xF1, 0xE0, 0x1E, 0x78, 0x03, 0xCF, 0x00, 0x79, 0xE0,
    0x0F, 0x3C, 0x01, 0xE3, 0xC0, 0x3C, 0x78, 0x07, 0x8F, 0x01, 0xF0, 0xF0, 0x7C, 0x1F, 0xFF, 0x01,
    0xFF, 0xE0, 0x1F, 0xF0, 0x00, 0x78, 0x00, 0x00, 0x06, 0x00, 0x00, 0x1C, 0x00, 0x00, 0x3C, 0x00,
    0x00, 0x3C, 0x00, 0x01, 0xBC, 0x00, 0x07, 0xB8, 0x00, 0x1F, 0xA0, 0x00, 0x7F, 0x80, 0x01, 0xE7,
    0x80, 0x03, 0x86, 0x00, 0x02, 0x04, 0x00, 0x03, 0xF0, 0x00, 0x3F, 0xFC, 0x00, 0xFF, 0xFC, 0x03,
    0xFF, 0xFC, 0x0F, 0x80, 0x7C, 0x3E, 0x00, 0x7C, 0x78, 0x00, 0x79, 0xF0, 0x00, 0xFB, 0xC0, 0x00,
    0xF7, 0x80, 0x01, 0xEF, 0x00, 0x03, 0xDE, 0x00, 0x07, 0xBC, 0x00, 0x0F, 0x78, 0x00, 0x1E, 0xF0,
    0x00, 0x3D, 0xE0, 0x00, 0x7B, 0xC0, 0x00, 0xF7, 0xC0, 0x03, 0xE7, 0x80, 0x07, 0x8F, 0x80, 0x1F,
    0x0F, 0xC0, 0xFC, 0x0F, 0xFF, 0xF0, 0x0F, 0xFF, 0xC0, 0x0F, 0xFE, 0x00, 0x03, 0xF0, 0x00, 0x00,
    0x00, 0x00, 0x18, 0x00, 0x1C, 0x00, 0x0F, 0x00, 0x03, 0xC0, 0x04, 0xF0, 0x07, 0x38, 0x07, 0xC8,
    0x07, 0xF0, 0x07, 0xBC, 0x03, 0x8E, 0x00, 0x83, 0x00, 0x00, 0x00, 0x1F, 0x80, 0x3F, 0xF0, 0x3F,
    0xFC, 0x3F, 0x3F, 0x3E, 0x07, 0x9E, 0x03, 0xEF, 0x00, 0xFF, 0x00, 0x7F, 0x80, 0x3F, 0xC0, 0x1F,
    0xE0, 0x0F, 0x78, 0x07, 0xBC, 0x03, 0xDE, 0x03, 0xE7, 0x83, 0xE3, 0xFF, 0xE0, 0xFF, 0xF0, 0x3F,
    0xE0, 0x03, 0xC0, 0x00, 0x07, 0xE0, 0x00, 0x0F, 0xE0, 0x00, 0x0B, 0xC0, 0x00, 0x07, 0x80, 0x01,
    0x9E, 0x00, 0x07, 0xB8, 0x00, 0x1F, 0xF0, 0x00, 0x7F, 0x80, 0x01, 0xE7, 0x80, 0x03, 0x86, 0x00,
    0x02, 0x04, 0x00, 0x03, 0xF0, 0x00, 0x3F, 0xFC, 0x00, 0xFF, 0xFC, 0x03, 0xFF, 0xFC, 0x0F, 0x80,
    0x7C, 0x3E, 0x00, 0x7C, 0x78, 0x00, 0x79, 0xF0, 0x00, 0xFB, 0xC0, 0x00, 0xF7, 0x80, 0x01, 0xEF,
    0x00, 0x03, 0xDE, 0x00, 0x07, 0xBC, 0x00, 0x0F, 0x78, 0x00, 0x1E, 0xF0, 0x00, 0x3D, 0xE0, 0x00,
    0x7B, 0xC0, 0x00, 0xF7, 0xC0, 0x03, 0xE7, 0x80, 0x07, 0x8F, 0x80, 0x1F, 0x0F, 0xC0, 0xFC, 0x0F,
    0xFF, 0xF0, 0x0F, 0xFF, 0xC0, 0x0F, 0xFE, 0x00, 0x03, 0xF0, 0x00, 0x00, 0x0E, 0x00, 0x0F, 0xC0,
    0x07, 0xE0, 0x00, 0x70, 0x08, 0xF8, 0x0E, 0x78, 0x0F, 0xB8, 0x0F, 0xE0, 0x0F, 0x78, 0x07, 0x1C,
    0x01, 0x06, 0x00, 0x00, 0x00, 0x3F, 0x00, 0x7F, 0xE0, 0x7F, 0xF8, 0x7E, 0x7E, 0x7C, 0x0F, 0x3C,
    0x07, 0xDE, 0x01, 0xFE, 0x00, 0xFF, 0x00, 0x7F, 0x80, 0x3F, 0xC0, 0x1E, 0xF0, 0x0F, 0x78, 0x07,
    0xBC, 0x07, 0xCF, 0x07, 0xC7, 0xFF, 0xC1, 0xFF, 0xE0, 0x7F, 0xC0, 0x07, 0x80, 0x00, 0x00, 0x00,
    0x01, 0xF3, 0x80, 0x07, 0xFE, 0x00, 0x1F, 0xFC, 0x00, 0x18, 0xF0, 0x00, 0x03, 0x00, 0x00, 0x0F,
    0x00, 0x00, 0x3F, 0x00, 0x00, 0xFF, 0x00, 0x03, 0xCF, 0x00, 0x07, 0x0C, 0x00, 0x04, 0x08, 0x00,
    0x07, 0xE0, 0x00, 0x7F, 0xF8, 0x01, 0xFF, 0xF8, 0x07, 0xFF, 0xF8, 0x1F, 0x00, 0xF8, 0x7C, 0x00,
    0xF8, 0xF0, 0x00, 0xF3, 0xE0, 0x01, 0xF7, 0x80, 0x01, 0xEF, 0x00, 0x03, 0xDE, 0x00, 0x07, 0xBC,
    0x00, 0x0F, 0x78, 0x00, 0x1E, 0xF0, 0x00, 0x3D, 0xE0, 0x00, 0x7B, 0xC0, 0x00, 0xF7, 0x80, 0x01,
    0xEF, 0x80, 0x07, 0xCF, 0x00, 0x0F, 0x1F, 0x00, 0x3E, 0x1F, 0x81, 0xF8, 0x1F, 0xFF, 0xE0, 0x1F,
    0xFF, 0x80, 0x1F, 0xFC, 0x00, 0x07, 0xE0, 0x00, 0x00, 0x00, 0x03, 0xE6, 0x03, 0xFF, 0x03, 0xFF,
    0x80, 0xC7, 0x00, 0x04, 0x00, 0x07, 0x00, 0x07, 0xC0, 0x07, 0xF0, 0x07, 0xBC, 0x03, 0x8E, 0x00,
    0x83, 0x00, 0x00, 0x00, 0x1F, 0x80, 0x3F, 0xF0, 0x3F, 0xFC, 0x3F, 0x3F, 0x3E, 0x07, 0x9E, 0x03,
    0xEF, 0x00, 0xFF, 0x00, 0x7F, 0x80, 0x3F, 0xC0, 0x1F, 0xE0, 0x0F, 0x78, 0x07, 0xBC, 0x03, 0xDE,
    0x03, 0xE7, 0x83, 0xE3, 0xFF, 0xE0, 0xFF, 0xF0, 0x3F, 0xE0, 0x03, 0xC0, 0x00, 0x00, 0x00, 0x00,
    0x30, 0x00, 0x00, 0xF0, 0x00, 0x03, 0xF0, 0x00, 0x0F, 0xF0, 0x00, 0x3C, 0xF0, 0x00, 0x30, 0xC0,
    0x00, 0x00, 0x00, 0x00, 0x7E, 0x00, 0x07, 0xFF, 0x80, 0x1F, 0xFF, 0x80, 0x7F, 0xFF, 0x81, 0xF0,
    0x0F, 0x87, 0xC0, 0x0F, 0x8F, 0x00, 0x0F, 0x3E, 0x00, 0x1F, 0x78, 0x00, 0x1E, 0xF0, 0x00, 0x3D,
    0xE0, 0x00, 0x7B, 0xC0, 0x00, 0xF7, 0x80, 0x01, 0xEF, 0x00, 0x03, 0xDE, 0x00, 0x07, 0xBC, 0x00,
    0x0F, 0x78, 0x00, 0x1E, 0xF8, 0x00, 0x7C, 0xF0, 0x00, 0xF1, 0xF0, 0x03, 0xE1, 0xF8, 0x1F, 0x81,
    0xFF, 0xFE, 0x01, 0xFF, 0xF8, 0x01, 0xFF, 0xC0, 0x00, 0x7E, 0x00, 0x00, 0x00, 0x00, 0x00, 0xF0,
    0x00, 0x01, 0xE0, 0x00, 0x03, 0xC0, 0x00, 0x07, 0x80, 0x00, 0x00, 0x00, 0x00, 0x00, 0x80, 0x00,
    0xE0, 0x00, 0xF8, 0x00, 0xFE, 0x00, 0xF7, 0x80, 0x71, 0xC0, 0x10, 0x60, 0x00, 0x00, 0x03, 0xF0,
    0x07, 0xFE, 0x07, 0xFF, 0x87, 0xE7, 0xE7, 0xC0, 0xF3, 0xC0, 0x7D, 0xE0, 0x1F, 0xE0, 0x0F, 0xF0,
    0x07, 0xF8, 0x03, 0xFC, 0x01, 0xEF, 0x00, 0xF7, 0x80, 0x7B, 0xC0, 0x7C, 0xF0, 0x7C, 0x7F, 0xFC,
    0x1F, 0xFE, 0x07, 0xFC, 0x00, 0x78, 0x00, 0x00, 0x00, 0x1E, 0x00, 0x0F, 0x00, 0x07, 0x80, 0x03,
    0xC0, 0x00, 0x00, 0x00, 0x00, 0x00, 0x00, 0x00, 0x06, 0x00, 0x00, 0x0F, 0x00, 0x00, 0x1F, 0x00,
    0x00, 0x1E, 0x00, 0x00, 0x3C, 0x0E, 0x00, 0x38, 0x0E, 0x00, 0x10, 0x0E, 0x00, 0x7E, 0x1E, 0x03,
    0xFF, 0xDE, 0x07, 0xFF, 0xFC, 0x0F, 0xFF, 0xF8, 0x1F, 0x01, 0xF8, 0x3E, 0x00, 0x7C, 0x3C, 0x00,
    0x3C, 0x7C, 0x00, 0x3E, 0x78, 0x00, 0x1E, 0x78, 0x00, 0x1E, 0x78, 0x00, 0x1E, 0x78, 0x00, 0x1E,
    0x78, 0x00, 0x1E, 0x78, 0x00, 0x1E, 0x78, 0x00, 0x1E, 0x78, 0x00, 0x1E, 0x78, 0x00, 0x1E, 0x7C,
    0x00, 0x3E, 0x3C, 0x00, 0x3C, 0x3E, 0x00, 0x7C, 0x1F, 0x81, 0xF8, 0x0F, 0xFF, 0xF0, 0x07, 0xFF,
    0xE0, 0x03, 0xFF, 0x80, 0x00, 0x7E, 0x00, 0x00, 0x30, 0x00, 0x0F, 0x00, 0x03, 0xE0, 0x00, 0x78,
    0x00, 0x1E, 0x00, 0x07, 0x83, 0xC0, 0x60, 0x78, 0x00, 0x0F, 0x03, 0xF1, 0xC1, 0xFF, 0xF8, 0x7F,
    0xFE, 0x1F, 0x9F, 0xC7, 0xC0, 0xF0, 0xF0, 0x0F, 0x1E, 0x01, 0xE7, 0x80, 0x3C, 0xF0, 0x07, 0x9E,
    0x00, 0xF3, 0xC0, 0x1E, 0x3C, 0x03, 0xC7, 0x80, 0x78, 0xF0, 0x1F, 0x0F, 0x07, 0xC1, 0xFF, 0xF0,
    0x1F, 0xFE, 0x01, 0xFF, 0x00, 0x07, 0x80, 0x00, 0x00, 0x00, 0x00, 0x00, 0x60, 0x00, 0x00, 0xF0,
    0x00, 0x00, 0xF8, 0x00, 0x00, 0x78, 0x00, 0x00, 0x3C, 0x0E, 0x00, 0x1C, 0x0E, 0x00, 0x08, 0x0E,
    0x00, 0x7E, 0x1E, 0x03, 0xFF, 0xDE, 0x07, 0xFF, 0xFC, 0x0F, 0xFF, 0xF8, 0x1F, 0x01, 0xF8, 0x3E,
    0x00, 0x7C, 0x3C, 0x00, 0x3C, 0x7C, 0x00, 0x3E, 0x78, 0x00, 0x1E, 0x78, 0x00, 0x1E, 0x78, 0x00,
    0x1E, 0x78, 0x00, 0x1E, 0x78, 0x00, 0x1E, 0x78, 0x00, 0x1E, 0x78, 0x00, 0x1E, 0x78, 0x00, 0x1E,
    0x78, 0x00, 0x1E, 0x7C, 0x00, 0x3E, 0x3C, 0x00, 0x3C, 0x3E, 0x00, 0x7C, 0x1F, 0x81, 0xF8, 0x0F,
    0xFF, 0xF0, 0x07, 0xFF, 0xE0, 0x03, 0xFF, 0x80, 0x00, 0x7E, 0x00, 0x03, 0x00, 0x00, 0xE0, 0x00,
    0x1E, 0x00, 0x01, 0xE0, 0x00, 0x1E, 0x00, 0x01, 0xC3, 0xC0, 0x10, 0x78, 0x00, 0x0F, 0x03, 0xF1,
    0xC1, 0xFF, 0xF8, 0x7F, 0xFE, 0x1F, 0x9F, 0xC7, 0xC0, 0xF0, 0xF0, 0x0F, 0x1E, 0x01, 0xE7, 0x80,
    0x3C, 0xF0, 0x07, 0x9E, 0x00, 0xF3, 0xC0, 0x1E, 0x3C, 0x03, 0xC7, 0x80, 0x78, 0xF0, 0x1F, 0x0F,
    0x07, 0xC1, 0xFF, 0xF0, 0x1F, 0xFE, 0x01, 0xFF, 0x00, 0x07, 0x80, 0x00, 0x00, 0x7C, 0x00, 0x00,
    0x7E, 0x00, 0x00, 0x7E, 0x00, 0x00, 0x0E, 0x00, 0x00, 0x3E, 0x0E, 0x00, 0x38, 0x0E, 0x00, 0x38,
    0x0E, 0x00, 0x7E, 0x1E, 0x03, 0xFF, 0xDE, 0x07, 0xFF, 0xFC, 0x0F, 0xFF, 0xF8, 0x1F, 0x01, 0xF8,
    0x3E, 0x00, 0x7C, 0x3C, 0x00, 0x3C, 0x7C, 0x00, 0x3E, 0x78, 0x00, 0x1E, 0x78, 0x00, 0x1E, 0x78,
    0x00, 0x1E, 0x78, 0x00, 0x1E, 0x78, 0x00, 0x1E, 0x78, 0x00, 0x1E, 0x78, 0x00, 0x1E, 0x78, 0x00,
    0x1E, 0x78, 0x00, 0x1E, 0x7C, 0x00, 0x3E, 0x3C, 0x00, 0x3C, 0x3E, 0x00, 0x7C, 0x1F, 0x81, 0xF8,
    0x0F, 0xFF, 0xF0, 0x07, 0xFF, 0xE0, 0x03, 0xFF, 0x80, 0x00, 0x7E, 0x00, 0x03, 0xE0, 0x00, 0x7E,
    0x00, 0x09, 0xC0, 0x00, 0x78, 0x00, 0x1F, 0x1E, 0x03, 0x83, 0xC0, 0x30, 0x78, 0x1F, 0x8E, 0x0F,
    0xFF, 0xC3, 0xFF, 0xF0, 0xFC, 0xFE, 0x3E, 0x07, 0x87, 0x80, 0x78, 0xF0, 0x0F, 0x3C, 0x01, 0xE7,
    0x80, 0x3C, 0xF0, 0x07, 0x9E, 0x00, 0xF1, 0xE0, 0x1E, 0x3C, 0x03, 0xC7, 0x80, 0xF8, 0x78, 0x3E,
    0x0F, 0xFF, 0x80, 0xFF, 0xF0, 0x0F, 0xF8, 0x00, 0x3C, 0x00, 0x00, 0x71, 0x80, 0x01, 0xFF, 0xC0,
    0x01, 0xFF, 0x80, 0x03, 0x9F, 0x0E, 0x00, 0x00, 0x0E, 0x00, 0x00, 0x0E, 0x00, 0x7E, 0x1E, 0x03,
    0xFF, 0xDE, 0x07, 0xFF, 0xFC, 0x0F, 0xFF, 0xF8, 0x1F, 0x01, 0xF8, 0x3E, 0x00, 0x7C, 0x3C, 0x00,
    0x3C, 0x7C, 0x00, 0x3E, 0x78, 0x00, 0x1E, 0x78, 0x00, 0x1E, 0x78, 0x00, 0x1E, 0x78, 0x00, 0x1E,
    0x78, 0x00, 0x1E, 0x78, 0x00, 0x1E, 0x78, 0x00, 0x1E, 0x78, 0x00, 0x1E, 0x78, 0x00, 0x1E, 0x7C,
    0x00, 0x3E, 0x3C, 0x00, 0x3C, 0x3E, 0x00, 0x7C, 0x1F, 0x81, 0xF8, 0x0F, 0xFF, 0xF0, 0x07, 0xFF,
    0xE0, 0x03, 0xFF, 0x80, 0x00, 0x7E, 0x00, 0x03, 0x0C, 0x01, 0xFB, 0xC0, 0x3F, 0xF0, 0x0E, 0xFC,
    0x00, 0x83, 0x1E, 0x00, 0x03, 0xC0, 0x00, 0x78, 0x1F, 0x8E, 0x0F, 0xFF, 0xC3, 0xFF, 0xF0, 0xFC,
    0xFE, 0x3E, 0x07, 0x87, 0x80, 0x78, 0xF0, 0x0F, 0x3C, 0x01, 0xE7, 0x80, 0x3C, 0xF0, 0x07, 0x9E,
    0x00, 0xF1, 0xE0, 0x1E, 0x3C, 0x03, 0xC7, 0x80, 0xF8, 0x78, 0x3E, 0x0F, 0xFF, 0x80, 0xFF, 0xF0,
    0x0F, 0xF8, 0x00, 0x3C, 0x00, 0x00, 0x00, 0x0E, 0x00, 0x00, 0x0E, 0x00, 0x00, 0x0E, 0x00, 0x7E,
    0x1E, 0x03, 0xFF, 0xDE, 0x07, 0xFF, 0xFC, 0x0F, 0xFF, 0xF8, 0x1F, 0x01, 0xF8, 0x3E, 0x00, 0x7C,
    0x3C, 0x00, 0x3C, 0x7C, 0x00, 0x3E, 0x78, 0x00, 0x1E, 0x78, 0x00, 0x1E, 0x78, 0x00, 0x1E, 0x78,
    0x00, 0x1E, 0x78, 0x00, 0x1E, 0x78, 0x00, 0x1E, 0x78, 0x00, 0x1E, 0x78, 0x00, 0x1E, 0x78, 0x00,
    0x1E, 0x7C, 0x00, 0x3E, 0x3C, 0x00, 0x3C, 0x3E, 0x00, 0x7C, 0x1F, 0x81, 0xF8, 0x0F, 0xFF, 0xF0,
    0x07, 0xFF, 0xE0, 0x03, 0xFF, 0x80, 0x00, 0x7E, 0x00, 0x00, 0x00, 0x00, 0x00, 0x3C, 0x00, 0x00,
    0x3C, 0x00, 0x00, 0x3C, 0x00, 0x00, 0x3C, 0x00, 0x00, 0x00, 0x00, 0x00, 0x01, 0xE0, 0x00, 0x3C,
    0x00, 0x07, 0x81, 0xF8, 0xE0, 0xFF, 0xFC, 0x3F, 0xFF, 0x0F, 0xCF, 0xE3, 0xE0, 0x78, 0x78, 0x07,
    0x8F, 0x00, 0xF3, 0xC0, 0x1E, 0x78, 0x03, 0xCF, 0x00, 0x79, 0xE0, 0x0F, 0x1E, 0x01, 0xE3, 0xC0,
    0x3C, 0x78, 0x0F, 0x87, 0x83, 0xE0, 0xFF, 0xF8, 0x0F, 0xFF, 0x00, 0xFF, 0x80, 0x03, 0xC0, 0x00,
    0x00, 0x00, 0x0F, 0x00, 0x01, 0xE0, 0x00, 0x3C, 0x00, 0x07, 0x80, 0x00, 0x00, 0x00, 0x00, 0x00,
    0x1E, 0x00, 0x3F, 0xC0, 0x07, 0xF8, 0x00, 0xFF, 0x00, 0x1F, 0xE0, 0x03, 0xFC, 0x00, 0x7F, 0x80,
    0x0F, 0xF0, 0x01, 0xFE, 0x00, 0x3F, 0xC0, 0x07, 0xF8, 0x00, 0xFF, 0x00, 0x1F, 0xE0, 0x03, 0xFC,
    0x00, 0x7F, 0x80, 0x0F, 0xF0, 0x01, 0xEF, 0x00, 0x79, 0xE0, 0x0F, 0x3C, 0x03, 0xE7, 0xE0, 0xF8,
    0x7F, 0xFF, 0x07, 0xFF, 0xC0, 0x7F, 0xF0, 0x01, 0xF0, 0x00, 0x00, 0x00, 0x03, 0x80, 0x00, 0xF8,
    0x00, 0x1F, 0x00, 0x01, 0xC0, 0x00, 0x10, 0x00, 0xF0, 0x1F, 0xE0, 0x3F, 0xC0, 0x7F, 0x80, 0xFF,
    0x01, 0xFE, 0x03, 0xFC, 0x07, 0xF8, 0x0F, 0xF0, 0x1F, 0xE0, 0x3F, 0xC0, 0x7F, 0x80, 0xFF, 0x01,
    0xFF, 0x03, 0xDE, 0x07, 0xBF, 0xFF, 0x3F, 0xFE, 0x3F, 0xFC, 0x1F, 0x80, 0x00, 0x00, 0x38, 0x00,
    0xF8, 0x01, 0xF0, 0x01, 0xC0, 0x01, 0x00, 0x03, 0xF0, 0x00, 0x7F, 0x00, 0x0F, 0xE0, 0x00, 0x3C,
    0x00, 0x0F, 0x00, 0x01, 0xC0, 0x00, 0x38, 0x00, 0x00, 0x00, 0xF0, 0x01, 0xFE, 0x00, 0x3F, 0xC0,
    0x07, 0xF8, 0x00, 0xFF, 0x00, 0x1F, 0xE0, 0x03, 0xFC, 0x00, 0x7F, 0x80, 0x0F, 0xF0, 0x01, 0xFE,
    0x00, 0x3F, 0xC0, 0x07, 0xF8, 0x00, 0xFF, 0x00, 0x1F, 0xE0, 0x03, 0xFC, 0x00, 0x7F, 0x80, 0x0F,
    0x78, 0x03, 0xCF, 0x00, 0x79, 0xE0, 0x1F, 0x3F, 0x07, 0xC3, 0xFF, 0xF8, 0x3F, 0xFE, 0x03, 0xFF,
    0x80, 0x0F, 0x80, 0x0F, 0xC0, 0x1F, 0xC0, 0x17, 0x80, 0x0F, 0x00, 0x3C, 0x00, 0x70, 0x00, 0xC0,
    0x78, 0x0F, 0xF0, 0x1F, 0xE0, 0x3F, 0xC0, 0x7F, 0x80, 0xFF, 0x01, 0xFE, 0x03, 0xFC, 0x07, 0xF8,
    0x0F, 0xF0, 0x1F, 0xE0, 0x3F, 0xC0, 0x7F, 0x80, 0xFF, 0x81, 0xEF, 0x03, 0xDF, 0xFF, 0x9F, 0xFF,
    0x1F, 0xFE, 0x0F, 0xC0, 0x00, 0x00, 0x00, 0x00, 0x30, 0x00, 0x00, 0xF0, 0x00, 0x03, 0xC0, 0x00,
    0x0F, 0x00, 0x00, 0x3C, 0x03, 0xC0, 0x70, 0x07, 0x80, 0x40, 0x0F, 0x00, 0x00, 0x3D, 0xE0, 0x03,
    0xFB, 0xC0, 0x07, 0xE7, 0x80, 0x0F, 0x0F, 0x00, 0x1E, 0x1E, 0x00, 0x3C, 0x3C, 0x00, 0x78, 0x78,
    0x00, 0xF0, 0xF0, 0x01, 0xE1, 0xE0, 0x03, 0xC3, 0xC0, 0x07, 0x87, 0x80, 0x0F, 0x0F, 0x00, 0x1E,
    0x1E, 0x00, 0x3C, 0x3C, 0x00, 0x78, 0x78, 0x00, 0xF0, 0xF0, 0x01, 0xE0, 0xF0, 0x07, 0x81, 0xE0,
    0x0F, 0x03, 0xC0, 0x3E, 0x07, 0xE0, 0xF8, 0x07, 0xFF, 0xF0, 0x07, 0xFF, 0xC0, 0x07, 0xFF, 0x00,
    0x01, 0xF0, 0x00, 0x00, 0x40, 0x00, 0x1C, 0x00, 0x07, 0xC0, 0x01, 0xF0, 0x00, 0x7C, 0x00, 0x0F,
    0x03, 0xC0, 0x80, 0x78, 0x00, 0x0F, 0xF0, 0x1F, 0xFE, 0x03, 0xFB, 0xC0, 0x7E, 0x78, 0x0F, 0x0F,
    0x01, 0xE1, 0xE0, 0x3C, 0x3C, 0x07, 0x87, 0x80, 0xF0, 0xF0, 0x1E, 0x1E, 0x03, 0xC3, 0xC0, 0x78,
    0x78, 0x0F, 0x0F, 0x01, 0xE1, 0xF0, 0x3C, 0x1E, 0x07, 0x83, 0xFF, 0xF0, 0x3F, 0xFE, 0x03, 0xFF,
    0xC0, 0x1F, 0x80, 0x00, 0x00, 0x00, 0x00, 0x06, 0x00, 0x00, 0x1E, 0x00, 0x00, 0x1E, 0x00, 0x00,
    0x1E, 0x00, 0x00, 0x1E, 0x03, 0xC0, 0x1C, 0x07, 0x80, 0x10, 0x0F, 0x00, 0x00, 0x3D, 0xE0, 0x03,
    0xFB, 0xC0, 0x07, 0xE7, 0x80, 0x0F, 0x0F, 0x00, 0x1E, 0x1E, 0x00, 0x3C, 0x3C, 0x00, 0x78, 0x78,
    0x00, 0xF0, 0xF0, 0x01, 0xE1, 0xE0, 0x03, 0xC3, 0xC0, 0x07, 0x87, 0x80, 0x0F, 0x0F, 0x00, 0x1E,
    0x1E, 0x00, 0x3C, 0x3C, 0x00, 0x78, 0x78, 0x00, 0xF0, 0xF0, 0x01, 0xE0, 0xF0, 0x07, 0x81, 0xE0,
    0x0F, 0x03, 0xC0, 0x3E, 0x07, 0xE0, 0xF8, 0x07, 0xFF, 0xF0, 0x07, 0xFF, 0xC0, 0x07, 0xFF, 0x00,
    0x01, 0xF0, 0x00, 0x04, 0x00, 0x01, 0xC0, 0x00, 0x7C, 0x00, 0x07, 0xC0, 0x00, 0x7C, 0x00, 0x07,
    0x83, 0xC0, 0x60, 0x78, 0x00, 0x0F, 0xF0, 0x1F, 0xFE, 0x03, 0xFB, 0xC0, 0x7E, 0x78, 0x0F, 0x0F,
    0x01, 0xE1, 0xE0, 0x3C, 0x3C, 0x07, 0x87, 0x80, 0xF0, 0xF0, 0x1E, 0x1E, 0x03, 0xC3, 0xC0, 0x78,
    0x78, 0x0F, 0x0F, 0x01, 0xE1, 0xF0, 0x3C, 0x1E, 0x07, 0x83, 0xFF, 0xF0, 0x3F, 0xFE, 0x03, 0xFF,
    0xC0, 0x1F, 0x80, 0x00, 0x03, 0xF0, 0x00, 0x07, 0xF0, 0x00, 0x0F, 0xE0, 0x00, 0x03, 0xC0, 0x00,
    0x0F, 0x01, 0xE0, 0x1C, 0x03, 0xC0, 0x38, 0x07, 0x80, 0x00, 0x1E, 0xF0, 0x01, 0xFD, 0xE0, 0x03,
    0xF3, 0xC0, 0x07, 0x87, 0x80, 0x0F, 0x0F, 0x00, 0x1E, 0x1E, 0x00, 0x3C, 0x3C, 0x00, 0x78, 0x78,
    0x00, 0xF0, 0xF0, 0x01, 0xE1, 0xE0, 0x03, 0xC3, 0xC0, 0x07, 0x87, 0x80, 0x0F, 0x0F, 0x00, 0x1E,
    0x1E, 0x00, 0x3C, 0x3C, 0x00, 0x78, 0x78, 0x00, 0xF0, 0x78, 0x03, 0xC0, 0xF0, 0x07, 0x81, 0xE0,
    0x1F, 0x03, 0xF0, 0x7C, 0x03, 0xFF, 0xF8, 0x03, 0xFF, 0xE0, 0x03, 0xFF, 0x80, 0x00, 0xF8, 0x00,
    0x0F, 0xC0, 0x01, 0xFC, 0x00, 0x17, 0x80, 0x00, 0xF0, 0x00, 0x3C, 0x1E, 0x07, 0x03, 0xC0, 0xC0,
    0x7F, 0x80, 0xFF, 0xF0, 0x1F, 0xDE, 0x03, 0xF3, 0xC0, 0x78, 0x78, 0x0F, 0x0F, 0x01, 0xE1, 0xE0,
    0x3C, 0x3C, 0x07, 0x87, 0x80, 0xF0, 0xF0, 0x1E, 0x1E, 0x03, 0xC3, 0xC0, 0x78, 0x78, 0x0F, 0x0F,
    0x81, 0xE0, 0xF0, 0x3C, 0x1F, 0xFF, 0x81, 0xFF, 0xF0, 0x1F, 0xFE, 0x00, 0xFC, 0x00, 0x03, 0x86,
    0x00, 0x0F, 0xFC, 0x00, 0x3F, 0xF8, 0x00, 0x77, 0xE0, 0xF0, 0x00, 0x01, 0xE0, 0x00, 0x03, 0xC0,
    0x00, 0x0F, 0x78, 0x00, 0xFE, 0xF0, 0x01, 0xF9, 0xE0, 0x03, 0xC3, 0xC0, 0x07, 0x87, 0x80, 0x0F,
    0x0F, 0x00, 0x1E, 0x1E, 0x00, 0x3C, 0x3C, 0x00, 0x78, 0x78, 0x00, 0xF0, 0xF0, 0x01, 0xE1, 0xE0,
    0x03, 0xC3, 0xC0, 0x07, 0x87, 0x80, 0x0F, 0x0F, 0x00, 0x1E, 0x1E, 0x00, 0x3C, 0x3C, 0x00, 0x78,
    0x3C, 0x01, 0xE0, 0x78, 0x03, 0xC0, 0xF0, 0x0F, 0x81, 0xF8, 0x3E, 0x01, 0xFF, 0xFC, 0x01, 0xFF,
    0xF0, 0x01, 0xFF, 0xC0, 0x00, 0x7C, 0x00, 0x00, 0x04, 0x10, 0x03, 0xF7, 0x00, 0xFF, 0xE0, 0x1D,
    0xF8, 0x01, 0x04, 0x1E, 0x00, 0x03, 0xC0, 0x00, 0x7F, 0x80, 0xFF, 0xF0, 0x1F, 0xDE, 0x03, 0xF3,
    0xC0, 0x78, 0x78, 0x0F, 0x0F, 0x01, 0xE1, 0xE0, 0x3C, 0x3C, 0x07, 0x87, 0x80, 0xF0, 0xF0, 0x1E,
    0x1E, 0x03, 0xC3, 0xC0, 0x78, 0x78, 0x0F, 0x0F, 0x81, 0xE0, 0xF0, 0x3C, 0x1F, 0xFF, 0x81, 0xFF,
    0xF0, 0x1F, 0xFE, 0x00, 0xFC, 0x00, 0x00, 0x00, 0x1E, 0x00, 0x00, 0x3C, 0x00, 0x00, 0x78, 0x00,
    0x01, 0xEF, 0x00, 0x1F, 0xDE, 0x00, 0x3F, 0x3C, 0x00, 0x78, 0x78, 0x00, 0xF0, 0xF0, 0x01, 0xE1,
    0xE0, 0x03, 0xC3, 0xC0, 0x07, 0x87, 0x80, 0x0F, 0x0F, 0x00, 0x1E, 0x1E, 0x00, 0x3C, 0x3C, 0x00,
    0x78, 0x78, 0x00, 0xF0, 0xF0, 0x01, 0xE1, 0xE0, 0x03, 0xC3, 0xC0, 0x07, 0x87, 0x80, 0x0F, 0x07,
    0x80, 0x3C, 0x0F, 0x00, 0x78, 0x1E, 0x01, 0xF0, 0x3F, 0x07, 0xC0, 0x3F, 0xFF, 0x80, 0x3F, 0xFE,
    0x00, 0x3F, 0xF8, 0x00, 0x0F, 0x80, 0x00, 0x00, 0x00, 0x00, 0x1C, 0x00, 0x00, 0x7C, 0x00, 0x00,
    0xF8, 0x00, 0x00, 0xE0, 0x00, 0x00, 0x80, 0x00, 0x00, 0x01, 0xE0, 0x00, 0x3C, 0x00, 0x07, 0xF8,
    0x0F, 0xFF, 0x01, 0xFD, 0xE0, 0x3F, 0x3C, 0x07, 0x87, 0x80, 0xF0, 0xF0, 0x1E, 0x1E, 0x03, 0xC3,
    0xC0, 0x78, 0x78, 0x0F, 0x0F, 0x01, 0xE1, 0xE0, 0x3C, 0x3C, 0x07, 0x87, 0x80, 0xF0, 0xF8, 0x1E,
    0x0F, 0x03, 0xC1, 0xFF, 0xF8, 0x1F, 0xFF, 0x01, 0xFF, 0xE0, 0x0F, 0xC0, 0x00, 0x00, 0x00, 0x1C,
    0x00, 0x07, 0xC0, 0x00, 0xF8, 0x00, 0x0E, 0x00, 0x00, 0x80, 0x00, 0x01, 0x80, 0x00, 0x3C, 0x00,
    0x03, 0xC0, 0x00, 0x1E, 0x00, 0x00, 0xF0, 0x00, 0x07, 0x00, 0x00, 0x00, 0x0F, 0x80, 0x1F, 0x78,
    0x01, 0xE7, 0xC0, 0x3E, 0x3C, 0x03, 0xC3, 0xE0, 0x78, 0x1E, 0x07, 0x81, 0xF0, 0xF0, 0x0F, 0x0F,
    0x00, 0x79, 0xE0, 0x07, 0xFE, 0x00, 0x3F, 0xC0, 0x03, 0xF8, 0x00, 0x1F, 0x80, 0x00, 0xF0, 0x00,
    0x0F, 0x00, 0x00, 0xF0, 0x00, 0x0F, 0x00, 0x00, 0xF0, 0x00, 0x0F, 0x00, 0x00, 0xF0, 0x00, 0x0F,
    0x00, 0x00, 0xF0, 0x00, 0x0F, 0x00, 0x03, 0x00, 0x07, 0x00, 0x07, 0x80, 0x03, 0xC0, 0x01, 0xE0,
    0x00, 0xE0, 0x00, 0x00, 0x00, 0x00, 0x00, 0x00, 0xF0, 0x0F, 0x78, 0x0F, 0x78, 0x0E, 0x78, 0x1E,
    0x3C, 0x1E, 0x3C, 0x1E, 0x3C, 0x1C, 0x1E, 0x3C, 0x1E, 0x3C, 0x1E, 0x38, 0x0F, 0x78, 0x0F, 0x78,
    0x07, 0xF0, 0x07, 0xF0, 0x03, 0xF0, 0x03, 0xE0, 0x01, 0xE0, 0x01, 0xC0, 0x03, 0xC0, 0xCF, 0x80,
    0xFF, 0x80, 0xFF, 0x00, 0xFC, 0x00, 0x00, 0x00, 0x0F, 0x80, 0x1F, 0x78, 0x01, 0xE7, 0xC0, 0x3E,
    0x3C, 0x03, 0xC3, 0xE0, 0x7C, 0x1E, 0x07, 0x80, 0xF0, 0xF0, 0x0F, 0x0F, 0x00, 0x79, 0xE0, 0x07,
    0xFE, 0x00, 0x3F, 0xC0, 0x01, 0xF8, 0x00, 0x1F, 0x80, 0x00, 0xF0, 0x00, 0x0F, 0x00, 0x00, 0xF0,
    0x00, 0x0F, 0x00, 0x00, 0xF0, 0x00, 0x0F, 0x00, 0x00, 0xF0, 0x00, 0x0F, 0x00, 0x00, 0xF0, 0x00,
    0x0F, 0x00, 0x00, 0x00, 0x00, 0x00, 0x00, 0x00, 0xF0, 0x00, 0x0F, 0x00, 0x00, 0xF0, 0x00, 0x0F,
    0x00, 0x00, 0x00, 0x00, 0xF0, 0x07, 0xF0, 0x0F, 0x78, 0x0F, 0x78, 0x0F, 0x78, 0x1E, 0x3C, 0x1E,
    0x3C, 0x1E, 0x3C, 0x1C, 0x1E, 0x3C, 0x1E, 0x3C, 0x1E, 0x3C, 0x0F, 0x78, 0x0F, 0x78, 0x07, 0xF0,
    0x07, 0xF0, 0x03, 0xF0, 0x03, 0xE0, 0x01, 0xE0, 0x01, 0xE0, 0x03, 0xC0, 0x07, 0xCF, 0xFF, 0x8F,
    0xFF, 0x0F, 0xFE, 0x0F, 0x70, 0x06, 0x01, 0xF0, 0x00, 0x1F, 0x80, 0x01, 0xF8, 0x00, 0x03, 0x80,
    0x00, 0xF8, 0x00, 0x0E, 0x00, 0x00, 0xE0, 0x00, 0x00, 0x00, 0xF8, 0x01, 0xF7, 0x80, 0x1E, 0x7C,
    0x03, 0xE3, 0xC0, 0x3C, 0x3E, 0x07, 0xC1, 0xE0, 0x78, 0x0F, 0x0F, 0x00, 0xF0, 0xF0, 0x07, 0x9E,
    0x00, 0x7F, 0xE0, 0x03, 0xFC, 0x00, 0x1F, 0x80, 0x01, 0xF8, 0x00, 0x0F, 0x00, 0x00, 0xF0, 0x00,
    0x0F, 0x00, 0x00, 0xF0, 0x00, 0x0F, 0x00, 0x00, 0xF0, 0x00, 0x0F, 0x00, 0x00, 0xF0, 0x00, 0x0F,
    0x00, 0x00, 0xF0, 0x00, 0x07, 0xE0, 0x07, 0xE0, 0x06, 0xF0, 0x01, 0xF0, 0x01, 0xE0, 0x01, 0xC0,
    0x01, 0x80, 0xF0, 0x07, 0xF0, 0x0F, 0x78, 0x0F, 0x78, 0x0F, 0x78, 0x1E, 0x3C, 0x1E, 0x3C, 0x1E,
    0x3C, 0x1C, 0x1E, 0x3C, 0x1E, 0x3C, 0x1E, 0x3C, 0x0F, 0x78, 0x0F, 0x78, 0x07, 0xF0, 0x07, 0xF0,
    0x03, 0xF0, 0x03, 0xE0, 0x01, 0xE0, 0x01, 0xE0, 0x03, 0xC0, 0x07, 0xC0, 0xFF, 0x80, 0xFF, 0x00,
    0xFE, 0x00, 0x70, 0x00, 0x00, 0x00, 0x00, 0x3E, 0x70, 0x07, 0xFE, 0x00, 0xFF, 0xE0, 0x06, 0x38,
    0x00, 0x00, 0x00, 0x00, 0x00, 0x00, 0x00, 0x00, 0xF8, 0x01, 0xF7, 0x80, 0x1E, 0x7C, 0x03, 0xE3,
    0xC0, 0x3C, 0x3E, 0x07, 0xC1, 0xE0, 0x78, 0x0F, 0x0F, 0x00, 0xF0, 0xF0, 0x07, 0x9E, 0x00, 0x7F,
    0xE0, 0x03, 0xFC, 0x00, 0x1F, 0x80, 0x01, 0xF8, 0x00, 0x0F, 0x00, 0x00, 0xF0, 0x00, 0x0F, 0x00,
    0x00, 0xF0, 0x00, 0x0F, 0x00, 0x00, 0xF0, 0x00, 0x0F, 0x00, 0x00, 0xF0, 0x00, 0x0F, 0x00, 0x00,
    0xF0, 0x00, 0x06, 0x08, 0x0F, 0xDC, 0x1F, 0xFC, 0x1D, 0xF8, 0x08, 0x60, 0x00, 0x00, 0x00, 0x00,
    0xF0, 0x07, 0xF0, 0x0F, 0x78, 0x0F, 0x78, 0x0F, 0x78, 0x1E, 0x3C, 0x1E, 0x3C, 0x1E, 0x3C, 0x1C,
    0x1E, 0x3C, 0x1E, 0x3C, 0x1E, 0x3C, 0x0F, 0x78, 0x0F, 0x78, 0x07, 0xF0, 0x07, 0xF0, 0x03, 0xF0,
    0x03, 0xE0, 0x01, 0xE0, 0x01, 0xE0, 0x03, 0xC0, 0x07, 0xC0, 0xFF, 0x80, 0xFF, 0x00, 0xFE, 0x00,
    0x70, 0x00, 0xFF, 0xFF, 0xFF, 0xFF, 0xFF, 0xFF, 0xC3, 0xE7, 0x3C, 0x18, 0x3C, 0x7E, 0xDB, 0x18,
    0x18, 0x18, 0x18, 0x18, 0x18, 0x18, 0x18, 0x18, 0x18, 0x18, 0x18, 0x18, 0x18, 0x18, 0x18, 0x18,
    0x08, 0x0C, 0x06, 0xFF, 0xFF, 0xCE, 0xCC, 0xC0, 0xC0, 0xC0, 0xC0, 0xC0, 0xC0, 0xC0, 0xC0, 0xC0,
    0xC0, 0xC0, 0xC0, 0xC0, 0xC0, 0xC0, 0xC0, 0xC0, 0x00, 0x10, 0x30, 0x60, 0xFF, 0xFF, 0x73, 0x33,
    0x03, 0x03, 0x03, 0x03, 0x03, 0x03, 0x03, 0x03, 0x03, 0x03, 0x03, 0x03, 0x03, 0x03, 0x03, 0x03,
    0x03, 0x00, 0xFF, 0xFF, 0xFF, 0xE0, 0xFF, 0x7F, 0xFF, 0xFF, 0xF0, 0x7F, 0xFF, 0xDF, 0xFF, 0xF7,
    0xFF, 0xFC, 0x7F, 0xFF, 0xFF, 0xFF, 0xDF, 0xFF, 0xFF, 0xFF, 0xF7, 0xFF, 0xFF, 0xFF, 0xFC, 0x7F,
    0xFF, 0xFF, 0xFF, 0xDF, 0xFF, 0xFF, 0xFF, 0xF7, 0xFF, 0xFF, 0xFF, 0xFC, 0x1C, 0xF3, 0x9E, 0x79,
    0xE7, 0x9E, 0x7B, 0xDE, 0xF7, 0x7B, 0xDC, 0x7B, 0xDE, 0xF7, 0x7B, 0xDC, 0x1C, 0x73, 0xCF, 0x38,
    0xE7, 0x9E, 0x79, 0xE7, 0x9E, 0x79, 0xE7, 0x9E, 0x79, 0xEF, 0x3D, 0xE7, 0xBC, 0xF7, 0x1D, 0xE7,
    0xBC, 0xF7, 0x1C, 0x79, 0xEF, 0x3D, 0xE7, 0xBC, 0xF7, 0x1D, 0xE7, 0xBC, 0xF7, 0x1C, 0x07, 0x80,
    0x1E, 0x00, 0x78, 0x01, 0xE0, 0x07, 0x80, 0x1E, 0x00, 0x78, 0x3F, 0xFF, 0xFF, 0xFF, 0xFF, 0xF0,
    0x78, 0x01, 0xE0, 0x07, 0x80, 0x1E, 0x00, 0x78, 0x01, 0xE0, 0x07, 0x80, 0x1E, 0x00, 0x78, 0x01,
    0xE0, 0x07, 0x80, 0x1C, 0x00, 0x70, 0x01, 0xC0, 0x07, 0x00, 0x1C, 0x00, 0x30, 0x00, 0xC0, 0x07,
    0x80, 0x1E, 0x00, 0x78, 0x01, 0xE0, 0x07, 0x80, 0x1E, 0x00, 0x78, 0x3F, 0xFF, 0xFF, 0xFF, 0xFF,
    0xF0, 0x78, 0x01, 0xE0, 0x07, 0x80, 0x1E, 0x00, 0x78, 0x01, 0xE0, 0xFF, 0xFF, 0xFF, 0xFF, 0xFF,
    0xC1, 0xE0, 0x07, 0x80, 0x1E, 0x00, 0x70, 0x01, 0xC0, 0x07, 0x00, 0x1C, 0x00, 0x30, 0x00, 0xC0,
    0x3F, 0x1F, 0xE7, 0xFB, 0xFE, 0xFF, 0x9F, 0xE7, 0xF8, 0xFC, 0xF0, 0x1E, 0x03, 0xDF, 0x03, 0xE0,
    0x7F, 0xE0, 0x7C, 0x0F, 0xF8, 0x0F, 0x01, 0xE0, 0x1F, 0x80, 0x78, 0x00, 0x00, 0xFF, 0x01, 0xE0,
    0x00, 0x07, 0x9E, 0x0F, 0x00, 0x00, 0x1C, 0x38, 0x3C, 0x00, 0x00, 0xF0, 0xE1, 0xE0, 0x00, 0x03,
    0xC3, 0x87, 0x00, 0x00, 0x0F, 0x0E, 0x3C, 0x00, 0x00, 0x3C, 0x39, 0xE0, 0x00, 0x00, 0x70, 0xE7,
    0x80, 0x00, 0x01, 0xE7, 0xBC, 0x00, 0x00, 0x03, 0xFC, 0xF0, 0x00, 0x00, 0x07, 0xE7, 0x9F, 0x80,
    0xFC, 0x00, 0x1E, 0xFF, 0x8F, 0xF8, 0x00, 0xF3, 0xDE, 0x3D, 0xE0, 0x03, 0x9E, 0x3D, 0xE3, 0xC0,
    0x1E, 0x70, 0x77, 0x07, 0x00, 0xF1, 0xC1, 0xDC, 0x1C, 0x03, 0xC7, 0x07, 0x70, 0x70, 0x1E, 0x1C,
    0x1D, 0xC1, 0xC0, 0x78, 0x78, 0xF7, 0x8F, 0x03, 0xC0, 0xF7, 0x8F, 0x78, 0x0E, 0x03, 0xFE, 0x3F,
    0xE0, 0x78, 0x07, 0xE0, 0x3F, 0x00, 0x07, 0x03, 0x83, 0xC3, 0xC1, 0xE1, 0xE1, 0xF0, 0xF0, 0x7C,
    0x1E, 0x07, 0x83, 0xC0, 0xF0, 0x38, 0x1C, 0x60, 0xF0, 0x78, 0x78, 0x3C, 0x3E, 0x1E, 0x1F, 0x1E,
    0x3E, 0x3C, 0x78, 0x78, 0xF0, 0x60, 0x00, 0x07, 0x00, 0x07, 0x80, 0x03, 0x80, 0x03, 0xC0, 0x03,
    0xC0, 0x01, 0xE0, 0x01, 0xE0, 0x00, 0xE0, 0x00, 0xF0, 0x00, 0x70, 0x00, 0x78, 0x00, 0x38, 0x00,
    0x3C, 0x00, 0x3C, 0x00, 0x1E, 0x00, 0x1E, 0x00, 0x0E, 0x00, 0x0F, 0x00, 0x07, 0x00, 0x07, 0x80,
    0x07, 0x80, 0x03, 0xC0, 0x03, 0xC0, 0x00, 0x73, 0xEF, 0xBE, 0x70, 0x00, 0x00, 0x03, 0xE7, 0x9E,
    0x78, 0xE3, 0xCF, 0x1C, 0x30, 0x1F, 0x87, 0xF9, 0xE7, 0x38, 0x77, 0x0E, 0xE1, 0xDC, 0x3B, 0x87,
    0x70, 0xEE, 0x1D, 0xE7, 0x1F, 0xE1, 0xF8, 0x03, 0xC0, 0x7C, 0x0F, 0xC0, 0xFC, 0x1D, 0xC3, 0x9C,
    0x39, 0xC7, 0x1C, 0xFF, 0xEF, 0xFE, 0x01, 0xC0, 0x1C, 0x01, 0xC0, 0x7F, 0x9F, 0xE7, 0x01, 0xC0,
    0x70, 0x1F, 0xC7, 0xF8, 0x3F, 0x03, 0xC0, 0x7E, 0x7F, 0xFE, 0xFF, 0x00, 0x0F, 0x87, 0xE3, 0xF1,
    0xE0, 0xF0, 0x3F, 0xCF, 0xFB, 0xCF, 0xE1, 0xF8, 0x7F, 0xBD, 0xFE, 0x3F, 0x00, 0xFF, 0xFF, 0xF0,
    0x38, 0x1E, 0x07, 0x03, 0x80, 0xE0, 0x70, 0x1C, 0x0F, 0x03, 0x80, 0xE0, 0x38, 0x00, 0x3F, 0x1F,
    0xEF, 0x3F, 0x87, 0xFB, 0x9F, 0xE7, 0xFB, 0xDF, 0xE1, 0xF8, 0x7F, 0x3F, 0xFE, 0x3F, 0x00, 0x3F,
    0x1F, 0xEF, 0x3B, 0x87, 0xE1, 0xFC, 0xFF, 0xFD, 0xFF, 0x03, 0x81, 0xE3, 0xF3, 0xF8, 0xFC, 0x00,
    0x1F, 0x87, 0xF9, 0xE7, 0x38, 0x77, 0x0E, 0xE1, 0xDC, 0x3B, 0x87, 0x70, 0xEE, 0x1D, 0xE7, 0x1F,
    0xE1, 0xF8, 0x0E, 0x3D, 0xFF, 0xF7, 0xE1, 0xC3, 0x87, 0x0E, 0x1C, 0x38, 0x70, 0xE0, 0x3F, 0x8F,
    0xF9, 0xEF, 0x00, 0xE0, 0x1C, 0x07, 0x81, 0xE0, 0x78, 0x1E, 0x07, 0x80, 0xE0, 0x3F, 0xF7, 0xFE,
    0x7F, 0x3F, 0xC6, 0x78, 0x0E, 0x0F, 0x8F, 0xC3, 0xF0, 0x3E, 0x03, 0xC0, 0xFE, 0x7B, 0xFE, 0xFF,
    0x00, 0x03, 0xC0, 0x7C, 0x0F, 0xC0, 0xFC, 0x1D, 0xC3, 0x9C, 0x39, 0xC7, 0x1C, 0xFF, 0xEF, 0xFE,
    0x01, 0xC0, 0x1C, 0x01, 0xC0, 0x7F, 0x9F, 0xE7, 0x01, 0xC0, 0x70, 0x1F, 0xC7, 0xF8, 0x3F, 0x03,
    0xC0, 0x7E, 0x7F, 0xFE, 0xFF, 0x00, 0x0F, 0x87, 0xE3, 0xF1, 0xE0, 0xF0, 0x3F, 0xCF, 0xFB, 0xCF,
    0xE1, 0xF8, 0x7F, 0xBD, 0xFE, 0x3F, 0x00, 0xFF, 0xFF, 0xF0, 0x38, 0x1E, 0x07, 0x03, 0x80, 0xE0,
    0x70, 0x1C, 0x0F, 0x03, 0x80, 0xE0, 0x38, 0x00, 0x3F, 0x1F, 0xEF, 0x3F, 0x87, 0xFB, 0x9F, 0xE7,
    0xFB, 0xDF, 0xE1, 0xF8, 0x7F, 0x3F, 0xFE, 0x3F, 0x00, 0x3F, 0x1F, 0xEF, 0x3B, 0x87, 0xE1, 0xFC,
    0xFF, 0xFD, 0xFF, 0x03, 0x81, 0xE3, 0xF3, 0xF8, 0xFC, 0x00, 0x7F, 0xF0, 0x1F, 0xFF, 0xF0, 0xFF,
    0xFF, 0xE3, 0xFC, 0x0F, 0x8F, 0xF0, 0x0E, 0x3F, 0xC0, 0x1C, 0xFF, 0x1C, 0x73, 0xFC, 0x71, 0xCF,
    0xF1, 0xC7, 0x3F, 0xC7, 0x1C, 0xFF, 0x1C, 0x73, 0xFC, 0x71, 0xCF, 0xF1, 0xC7, 0x3F, 0xC7, 0x1C,
    0xFF, 0x1C, 0x63, 0xFC, 0x70, 0x0F, 0xF1, 0xC0, 0x7F, 0xC7, 0xFF, 0xEF, 0x1F, 0xFF, 0x3C, 0x7F,
    0xF8, 0x00, 0xFF, 0x80, 0xFF, 0xE0, 0x7F, 0xF8, 0x1F, 0x8C, 0x0F, 0x80, 0x03, 0xC0, 0x01, 0xE0,
    0x03, 0xFF, 0xF8, 0xFF, 0xFC, 0x07, 0x80, 0x01, 0xE0, 0x00, 0x78, 0x00, 0x1E, 0x00, 0x3F, 0xFF,
    0x0F, 0xFF, 0x80, 0x78, 0x00, 0x1F, 0x00, 0x03, 0xC0, 0x00, 0xFE, 0x38, 0x1F, 0xFE, 0x03, 0xFF,
    0x80, 0x3F, 0xE0, 0xFF, 0xFF, 0xFF, 0xFF, 0xFF, 0xFF, 0xE0, 0x78, 0x00, 0x3C, 0x00, 0x1E, 0x60,
    0x0F, 0xF8, 0x07, 0xFC, 0x07, 0xFC, 0x0F, 0xF8, 0x0F, 0xF0, 0x07, 0xF8, 0x03, 0xBC, 0xC0, 0x1F,
    0xF0, 0x0F, 0xF8, 0x0F, 0xF8, 0x1F, 0xF0, 0x1F, 0xE0, 0x0F, 0xF0, 0x07, 0x78, 0x00, 0x3C, 0x00,
    0x1E, 0x00, 0x0F, 0x00, 0x1F, 0xF0, 0x1F, 0xFE, 0x07, 0xFF, 0x03, 0x8F, 0xC0, 0x01, 0xE0, 0x00,
    0x70, 0x00, 0x79, 0xFF, 0xFF, 0xFF, 0xFF, 0x80, 0x7C, 0x00, 0xFC, 0x00, 0xFC, 0x01, 0xF8, 0x07,
    0xFF, 0xFF, 0xFF, 0xFE, 0xF0, 0x00, 0x78, 0x00, 0x3C, 0x00, 0x1F, 0x00, 0x07, 0xE3, 0xC3, 0xFF,
    0xF0, 0xFF, 0xF8, 0x1F, 0xF0, 0xFF, 0xFF, 0x7F, 0xFF, 0xBF, 0xFF, 0xC0, 0x3E, 0x00, 0x07, 0x80,
    0x03, 0xC3, 0xFF, 0xF9, 0xFF, 0xFC, 0xFF, 0xFE, 0x00, 0x3C, 0x00, 0x3E, 0x00, 0xFE, 0x0F, 0xFE,
    0x07, 0xFE, 0x03, 0xFC, 0x01, 0xF0, 0x00, 0x7C, 0x00, 0x0F, 0x00, 0x03, 0xC0, 0x00, 0xF0, 0x00,
    0x3C, 0x00, 0x0F, 0x00, 0x07, 0xC0, 0x3F, 0xE0, 0x1F, 0xFC, 0x0F, 0xFF, 0x07, 0x1F, 0xC0, 0x03,
    0xE0, 0x00, 0xF8, 0x00, 0x3C, 0x00, 0x1E, 0x00, 0x07, 0x83, 0xFB, 0xC7, 0xFF, 0xE7, 0xFF, 0xF7,
    0xF3, 0xFB, 0xE0, 0x3D, 0xE0, 0x1F, 0xE0, 0x0F, 0xF0, 0x07, 0xF8, 0x07, 0xBC, 0x03, 0xDE, 0x01,
    0xEF, 0x81, 0xE3, 0xF3, 0xF1, 0xFF, 0xF0, 0x7F, 0xF0, 0x0F, 0xE0, 0x00, 0x00, 0x78, 0x00, 0x03,
    0xE0, 0x00, 0x0F, 0xC0, 0x00, 0x7F, 0x00, 0x01, 0xFE, 0x00, 0x0F, 0x78, 0x00, 0x3D, 0xF0, 0x00,
    0xE3, 0xC0, 0x07, 0x8F, 0x00, 0x1E, 0x1E, 0x00, 0xF0, 0x78, 0x03, 0xC1, 0xF0, 0x0E, 0x03, 0xC0,
    0x78, 0x0F, 0x01, 0xE0, 0x1E, 0x0F, 0x00, 0x78, 0x3C, 0x01, 0xE0, 0xF0, 0x03, 0xC7, 0x80, 0x0F,
    0x1E, 0x00, 0x3C, 0x7F, 0xFF, 0xFB, 0xFF, 0xFF, 0xEF, 0xFF, 0xFF, 0x80, 0xFF, 0xFF, 0xFF, 0xFF,
    0xFF, 0xFF, 0xFF, 0xF8, 0x00, 0xFF, 0x00, 0x1F, 0xE0, 0x03, 0xFC, 0x00, 0x7F, 0x80, 0x0F, 0xF0,
    0x01, 0xFE, 0x00, 0x3F, 0xC0, 0x07, 0xF8, 0x00, 0xFF, 0x00, 0x1F, 0xE0, 0x03, 0xFC, 0x00, 0x7F,
    0x80, 0x0F, 0xF0, 0x01, 0xFE, 0x00, 0x3F, 0xC0, 0x07, 0xF8, 0x00, 0xFF, 0x00, 0x1F, 0xE0, 0x03,
    0xFC, 0x00, 0x7F, 0x80, 0x0F, 0xF0, 0x01, 0xFE, 0x00, 0x3F, 0xC0, 0x07, 0x80, 0xFF, 0xFF, 0xFF,
    0xFF, 0xDF, 0xFF, 0xEF, 0x00, 0x03, 0xC0, 0x01, 0xF0, 0x00, 0x78, 0x00, 0x1E, 0x00, 0x0F, 0x80,
    0x03, 0xC0, 0x00, 0xF0, 0x00, 0x7C, 0x00, 0x1E, 0x00, 0x07, 0x80, 0x07, 0x80, 0x07, 0xC0, 0x03,
    0xC0, 0x03, 0xC0, 0x03, 0xC0, 0x03, 0xE0, 0x01, 0xE0, 0x01, 0xE0, 0x01, 0xF0, 0x00, 0xF0, 0x00,
    0xFF, 0xFF, 0xFF, 0xFF, 0xFF, 0xFF, 0xE0, 0xFF, 0xFF, 0xFF, 0xFF, 0xFF, 0xFF, 0x00, 0x07, 0x00,
    0x07, 0x80, 0x03, 0x80, 0x03, 0xC0, 0x03, 0xC0, 0x01, 0xE0, 0x01, 0xE0, 0x00, 0xE0, 0x00, 0xF0,
    0x00, 0x70, 0x00, 0x78, 0x00, 0x38, 0x00, 0x3C, 0x00, 0x3C, 0x00, 0x1E, 0x00, 0x1E, 0x00, 0x0E,
    0x00, 0x0F, 0x00, 0x07, 0x00, 0x07, 0x80, 0x07, 0x80, 0x03, 0xC0, 0x03, 0xC0, 0x00, 0x79, 0xF7,
    0xDE, 0x00, 0x00, 0xE0, 0x00, 0x0E, 0x00, 0x01, 0xE0, 0x00, 0x1C, 0x00, 0x01, 0xC0, 0x00, 0x3C,
    0x00, 0x03, 0xC0, 0x00, 0x38, 0x00, 0x03, 0x80, 0x00, 0x78, 0x00, 0x07, 0x00, 0x00, 0x70, 0x00,
    0x0F, 0x01, 0xC0, 0xF0, 0x7E, 0x0E, 0x0F, 0xE0, 0xE0, 0xFF, 0x1E, 0x06, 0xF1, 0xC0, 0x0F, 0x9C,
    0x00, 0x7B, 0xC0, 0x07, 0xB8, 0x00, 0x3F, 0x80, 0x03, 0xF8, 0x00, 0x1F, 0x80, 0x01, 0xF0, 0x00,
    0x0F, 0x00, 0x00, 0xF0, 0x00, 0x1F, 0x1F, 0x87, 0xF7, 0xF9, 0xFF, 0xFF, 0x3C, 0xFC, 0xF7, 0x0E,
    0x0E, 0xF3, 0xF3, 0xDF, 0xFF, 0xF1, 0xFD, 0xFE, 0x1F, 0x1F, 0x80, 0x01, 0xF0, 0x3F, 0x07, 0xF0,
    0x7C, 0x0F, 0x80, 0xF0, 0x0F, 0x00, 0xF0, 0x0F, 0x00, 0xF0, 0x0F, 0x00, 0xF0, 0x0F, 0x00, 0xF0,
    0x0F, 0x00, 0xF0, 0x0F, 0x00, 0xF0, 0x0F, 0x00, 0xF0, 0x0F, 0x00, 0xF0, 0x0F, 0x00, 0xF0, 0x0F,
    0x00, 0xF0, 0x1F, 0x03, 0xE0, 0xFE, 0x0F, 0xC0, 0xF8, 0x00, 0x3F, 0x03, 0x1F, 0xC3, 0x9F, 0xFB,
    0xCE, 0xFF, 0xEE, 0x1F, 0xE7, 0x03, 0xE0, 0x00, 0x00, 0x7E, 0x06, 0x3F, 0x87, 0x3F, 0xF7, 0x9D,
    0xFF, 0xDC, 0x3F, 0xCE, 0x07, 0xC0, 0x00, 0x18, 0x00, 0x3C, 0x00, 0x38, 0x00, 0x78, 0xFF, 0xFF,
    0xFF, 0xFF, 0xFF, 0xFF, 0x01, 0xE0, 0x01, 0xC0, 0x03, 0xC0, 0x03, 0x80, 0xFF, 0xFF, 0xFF, 0xFF,
    0xFF, 0xFF, 0x0E, 0x00, 0x1E, 0x00, 0x1C, 0x00, 0x1C, 0x00, 0x00, 0x07, 0x00, 0x3F, 0x00, 0xFF,
    0x03, 0xFE, 0x1F, 0xF0, 0x7F, 0xC0, 0xFF, 0x00, 0xF8, 0x00, 0xFE, 0x00, 0x7F, 0xC0, 0x1F, 0xF0,
    0x03, 0xFE, 0x00, 0xFF, 0x00, 0x3F, 0x00, 0x07, 0x00, 0x00, 0xFF, 0xFF, 0xFF, 0xFF, 0xFF, 0xFF,
    0x70, 0x00, 0x7C, 0x00, 0x7F, 0x80, 0x3F, 0xE0, 0x0F, 0xF8, 0x01, 0xFF, 0x00, 0x7F, 0x00, 0x1F,
    0x00, 0x7F, 0x01, 0xFF, 0x0F, 0xF8, 0x3F, 0xE0, 0x7F, 0x80, 0x7C, 0x00, 0x70, 0x00, 0x00, 0x00,
    0xFF, 0xFF, 0xFF, 0xFF, 0xFF, 0xFF, 0x1F, 0xE0, 0xFF, 0x3F, 0xE1, 0xFF, 0x7F, 0xE3, 0xFF, 0x7C,
    0x63, 0xE3, 0x78, 0x07, 0xC0, 0xF0, 0x07, 0x80, 0xF0, 0x07, 0x80, 0xF0, 0x07, 0x80, 0xFF, 0xE7,
    0xFF, 0xFF, 0xE7, 0xFF, 0xFF, 0xE7, 0xFF, 0xF0, 0x07, 0x80, 0xF0, 0x07, 0x80, 0xF0, 0x07, 0x80,
    0xF0, 0x07, 0x80, 0xF0, 0x07, 0x80, 0xF0, 0x07, 0x80, 0xF0, 0x07, 0x80, 0xF0, 0x07, 0x80, 0xF0,
    0x07, 0x80, 0xF0, 0x07, 0x80, 0xF0, 0x07, 0x80, 0xF0, 0x07, 0x80, 0xF0, 0x07, 0x80, 0xF0, 0x07,
    0x80, 0x1F, 0xE0, 0x0F, 0xF9, 0xE7, 0xFE, 0x79, 0xF1, 0x1E, 0x78, 0x00, 0x3C, 0x00, 0x0F, 0x00,
    0x03, 0xC0, 0x00, 0xFF, 0xE7, 0xBF, 0xF9, 0xEF, 0xFE, 0x7B, 0xC0, 0x1E, 0xF0, 0x07, 0xBC, 0x01,
    0xEF, 0x00, 0x7B, 0xC0, 0x1E, 0xF0, 0x07, 0xBC, 0x01, 0xEF, 0x00, 0x7B, 0xC0, 0x1E, 0xF0, 0x07,
    0xBC, 0x01, 0xEF, 0x00, 0x7B, 0xC0, 0x1E, 0xF0, 0x07, 0x80, 0x1F, 0xE7, 0x83, 0xFE, 0x78, 0x7F,
    0xE7, 0x87, 0xC4, 0x78, 0x78, 0x07, 0x8F, 0x00, 0x78, 0xF0, 0x07, 0x8F, 0x00, 0x78, 0xFF, 0xE7,
    0x8F, 0xFE, 0x78, 0xFF, 0xE7, 0x8F, 0x00, 0x78, 0xF0, 0x07, 0x8F, 0x00, 0x78, 0xF0, 0x07, 0x8F,
    0x00, 0x78, 0xF0, 0x07, 0x8F, 0x00, 0x78, 0xF0, 0x07, 0x8F, 0x00, 0x78, 0xF0, 0x07, 0x8F, 0x00,
    0x7C, 0xF0, 0x07, 0xEF, 0x00, 0x3E, 0xF0, 0x01, 0xE0, 0x1F, 0xE0, 0xFF, 0x00, 0xFF, 0x87, 0xFC,
    0xF7, 0xFE, 0x3F, 0xE3, 0xDF, 0x18, 0xF8, 0x8F, 0x78, 0x07, 0xC0, 0x03, 0xC0, 0x1E, 0x00, 0x0F,
    0x00, 0x78, 0x00, 0x3C, 0x01, 0xE0, 0x00, 0xFF, 0xE7, 0xFF, 0x3F, 0xFF, 0x9F, 0xFC, 0xFF, 0xFE,
    0x7F, 0xF3, 0xFC, 0x01, 0xE0, 0x0F, 0xF0, 0x07, 0x80, 0x3F, 0xC0, 0x1E, 0x00, 0xFF, 0x00, 0x78,
    0x03, 0xFC, 0x01, 0xE0, 0x0F, 0xF0, 0x07, 0x80, 0x3F, 0xC0, 0x1E, 0x00, 0xFF, 0x00, 0x78, 0x03,
    0xFC, 0x01, 0xE0, 0x0F, 0xF0, 0x07, 0x80, 0x3F, 0xC0, 0x1E, 0x00, 0xFF, 0x00, 0x78, 0x03, 0xFC,
    0x01, 0xE0, 0x0F, 0xF0, 0x07, 0x80, 0x3C, 0x1F, 0xE0, 0xFF, 0x3C, 0x3F, 0xE1, 0xFF, 0x3C, 0x7F,
    0xE3, 0xFE, 0x3C, 0x7C, 0x63, 0xE2, 0x3C, 0x78, 0x07, 0xC0, 0x3C, 0xF0, 0x07, 0x80, 0x3C, 0xF0,
    0x07, 0x80, 0x3C, 0xF0, 0x07, 0x80, 0x3C, 0xFF, 0xE7, 0xFF, 0x3C, 0xFF, 0xE7, 0xFF, 0x3C, 0xFF,
    0xE7, 0xFF, 0x3C, 0xF0, 0x07, 0x80, 0x3C, 0xF0, 0x07, 0x80, 0x3C, 0xF0, 0x07, 0x80, 0x3C, 0xF0,
    0x07, 0x80, 0x3C, 0xF0, 0x07, 0x80, 0x3C, 0xF0, 0x07, 0x80, 0x3C, 0xF0, 0x07, 0x80, 0x3C, 0xF0,
    0x07, 0x80, 0x3C, 0xF0, 0x07, 0x80, 0x3C, 0xF0, 0x07, 0x80, 0x3C, 0xF0, 0x07, 0x80, 0x3E, 0xF0,
    0x07, 0x80, 0x3F, 0xF0, 0x07, 0x80, 0x1F, 0xF0, 0x07, 0x80, 0x0F, 0x00, 0x00, 0x00, 0x08, 0x00,
    0x00, 0x00, 0x71, 0x00, 0x00, 0x00, 0xF7, 0x80, 0x00, 0x01, 0xEF, 0x00, 0x00, 0x01, 0xDC, 0x00,
    0x00, 0x03, 0xF8, 0x00, 0x00, 0x07, 0xF0, 0x00, 0x00, 0x0F, 0xE0, 0x00, 0x00, 0x1F, 0xE0, 0x00,
    0x00, 0x3B, 0xE0, 0x00, 0x01, 0xF3, 0xFE, 0x01, 0xFF, 0xC3, 0xFF, 0xFF, 0xFF, 0x03, 0xFF, 0xFF,
    0xF8, 0x00, 0xFF, 0xFF, 0x00, 0x00, 0x00, 0x00, 0x00, 0x00, 0x00, 0x00, 0x00, 0x00, 0x00, 0x00,
    0x00, 0x00, 0x7B, 0x80, 0x00, 0x00, 0xFF, 0x00, 0x00, 0x01, 0xEE, 0x00, 0x00, 0x01, 0x68, 0x00,
    0x00, 0x01, 0xE0, 0x00, 0x00, 0x03, 0xC0, 0x00, 0x00, 0x03, 0x80, 0x00, 0x40, 0x00, 0x00, 0x00,
    0x03, 0xC0, 0x00, 0x00, 0x00, 0x0F, 0x00, 0x00, 0x00, 0x00, 0x38, 0x00, 0x00, 0x00, 0x00, 0xE0,
    0x00, 0x00, 0x06, 0x03, 0x80, 0x00, 0x00, 0x3C, 0x0E, 0x00, 0x00, 0x03, 0xF0, 0x3C, 0x00, 0x00,
    0x3F, 0xC0, 0xF8, 0x00, 0x07, 0xFF, 0x01, 0xFF, 0x07, 0xFF, 0xFF, 0xE3, 0xFF, 0xFF, 0xFC, 0x7F,
    0x87, 0xFF, 0xFF, 0x80, 0xFE, 0x03, 0xFF, 0xE0, 0x00, 0x30, 0x00, 0x00, 0x00, 0x00, 0x00, 0x00,
    0x00, 0x00, 0x00, 0x00, 0x00, 0x00, 0x00, 0x00, 0x00, 0x3D, 0xC0, 0x00, 0x00, 0x00, 0xF7, 0x80,
    0x00, 0x00, 0x03, 0xDC, 0x00, 0x00, 0x00, 0x03, 0xA0, 0x00, 0x00, 0x00, 0x07, 0x00, 0x00, 0x00,
    0x00, 0x3C, 0x00, 0x00, 0x00, 0x00, 0x70, 0x00, 0x00, 0x00, 0x03, 0x07, 0x83, 0xC0, 0xF0, 0x78,
    0x1C, 0x0E, 0x07, 0x03, 0x81, 0xC1, 0xEF, 0xF7, 0xF3, 0xF1, 0x00, 0x00, 0x00, 0x3B, 0xFD, 0xEE,
    0xF2, 0xF0, 0xF0, 0x78, 0x38, 0x02, 0x00, 0x0F, 0x00, 0x1E, 0x00, 0x38, 0x00, 0x70, 0x01, 0xE0,
    0x03, 0xE0, 0x7F, 0xFE, 0xFF, 0xFD, 0xF3, 0xFB, 0x00, 0x60, 0x00, 0x00, 0x00, 0x07, 0x38, 0x0F,
    0xF0, 0x1C, 0xE0, 0x16, 0x80, 0x1E, 0x00, 0x3C, 0x00, 0x78, 0x00, 0x00, 0x06, 0x00, 0x00, 0x00,
    0x1C, 0x00, 0x00, 0x00, 0x38, 0x00, 0x00, 0x00, 0x7F, 0x00, 0x00, 0x00, 0x7F, 0x00, 0x00, 0x00,
    0xFE, 0x00, 0x00, 0x03, 0x8C, 0x00, 0x00, 0x0F, 0xF8, 0x00, 0x00, 0x1F, 0xE0, 0x00, 0x00, 0x1F,
    0x00, 0x00, 0x00, 0x00, 0x00, 0x20, 0x00, 0x00, 0x01, 0xC4, 0x00, 0x00, 0x03, 0xDE, 0x00, 0x00,
    0x07, 0xBC, 0x00, 0x00, 0x07, 0x70, 0x00, 0x00, 0x0F, 0xE0, 0x00, 0x00, 0x1F, 0xC0, 0x00, 0x00,
    0x3F, 0x80, 0x00, 0x00, 0x7F, 0x80, 0x00, 0x00, 0xEF, 0x80, 0x00, 0x07, 0xCF, 0xF8, 0x07, 0xFF,
    0x0F, 0xFF, 0xFF, 0xFC, 0x0F, 0xFF, 0xFF, 0xE0, 0x03, 0xFF, 0xFC, 0x00, 0x00, 0x06, 0x00, 0x00,
    0x00, 0x00, 0x38, 0x00, 0x00, 0x00, 0x00, 0xE0, 0x00, 0x00, 0x00, 0x01, 0xF8, 0x00, 0x00, 0x00,
    0x07, 0xF0, 0x00, 0x00, 0x00, 0x1F, 0xC0, 0x00, 0x00, 0x00, 0xE3, 0x00, 0x00, 0x00, 0x07, 0xFC,
    0x00, 0x00, 0x00, 0x1F, 0xE0, 0x00, 0x00, 0x00, 0x3E, 0x00, 0x00, 0x00, 0x00, 0x00, 0x00, 0x00,
    0x00, 0x00, 0x00, 0x00, 0x00, 0x40, 0x00, 0x00, 0x00, 0x03, 0xC0, 0x00, 0x00, 0x00, 0x0F, 0x00,
    0x00, 0x00, 0x00, 0x38, 0x00, 0x00, 0x00, 0x00, 0xE0, 0x00, 0x00, 0x06, 0x03, 0x80, 0x00, 0x00,
    0x3C, 0x0E, 0x00, 0x00, 0x03, 0xF0, 0x3C, 0x00, 0x00, 0x3F, 0xC0, 0xF8, 0x00, 0x07, 0xFF, 0x01,
    0xFF, 0x07, 0xFF, 0xFF, 0xE3, 0xFF, 0xFF, 0xFC, 0x7F, 0x87, 0xFF, 0xFF, 0x80, 0xFE, 0x03, 0xFF,
    0xE0, 0x00, 0x30, 0x30, 0x1C, 0x07, 0x00, 0xFC, 0x3F, 0x8F, 0xE7, 0x1B, 0xFE, 0xFF, 0x1F, 0x00,
    0x00, 0x00, 0x00, 0x01, 0x01, 0xC0, 0x78, 0x1E, 0x03, 0x80, 0xE0, 0x3C, 0x0F, 0x03, 0xC0, 0xF0,
    0x38, 0xFE, 0x3F, 0x0F, 0x82, 0x00, 0x0C, 0x00, 0x18, 0x00, 0x30, 0x00, 0x7E, 0x00, 0xFE, 0x01,
    0xFE, 0x03, 0x9C, 0x1F, 0xF0, 0x3F, 0xE0, 0x3F, 0x00, 0x00, 0x00, 0x00, 0x00, 0x00, 0x00, 0x40,
    0x01, 0xE0, 0x03, 0xC0, 0x07, 0x00, 0x0E, 0x00, 0x3C, 0x00, 0x7C, 0x0F, 0xFF, 0xDF, 0xFF, 0xBE,
    0x7F, 0x60, 0x0C, 0x7F, 0xC0, 0x03, 0xFF, 0xC0, 0x1F, 0xFF, 0xF0, 0xC1, 0xFF, 0xE0, 0x00, 0xFF,
    0x00, 0x1F, 0xF8, 0x03, 0xFC, 0x00, 0x7F, 0x00, 0x07, 0xC0, 0x00, 0x7C, 0x00, 0x07, 0x80, 0x00,
    0x78, 0x00, 0x07, 0x8E, 0x60, 0x3C, 0x77, 0x81, 0xC7, 0xBC, 0x1E, 0x1D, 0xC0, 0xF0, 0x38, 0x07,
    0x01, 0xE0, 0x38, 0x0F, 0x01, 0xE0, 0x30, 0x0F, 0x00, 0x00, 0x3C, 0x00, 0x01, 0xF0, 0x00, 0x07,
    0xF0, 0x0E, 0x1F, 0xFF, 0xF8, 0x7F, 0xFF, 0xC0, 0x7F, 0xF8, 0x00, 0x00, 0x00, 0x7F, 0xC0, 0x00,
    0x1F, 0xFE, 0x00, 0x07, 0xFF, 0xFC, 0x01, 0x83, 0xFF, 0xC0, 0x00, 0x0F, 0xF0, 0x00, 0x0F, 0xFC,
    0x00, 0x0F, 0xFC, 0x00, 0x0F, 0xE7, 0x00, 0x07, 0xC1, 0xE0, 0x03, 0xE0, 0x38, 0x01, 0xE0, 0x0F,
    0x80, 0xF0, 0x01, 0xFE, 0x78, 0xE6, 0x7F, 0xDE, 0x3B, 0xC7, 0xF7, 0x1E, 0xF0, 0x13, 0xC3, 0xB8,
    0x00, 0xF0, 0x38, 0x00, 0x38, 0x0F, 0x00, 0x0E, 0x03, 0xC0, 0x03, 0xC0, 0x60, 0x00, 0xF0, 0x00,
    0x00, 0x1E, 0x00, 0x00, 0x07, 0xC0, 0x00, 0x00, 0xFE, 0x01, 0xC0, 0x1F, 0xFF, 0xF8, 0x03, 0xFF,
    0xFE, 0x00, 0x1F, 0xFE, 0x00, 0x00, 0x00, 0x00, 0x3F, 0x80, 0x07, 0xFE, 0x00, 0xFF, 0xE0, 0x18,
    0xFF, 0x00, 0x01, 0xFC, 0x00, 0x1F, 0xC0, 0x07, 0xF8, 0x07, 0xF8, 0x07, 0xF8, 0x1F, 0xFE, 0x03,
    0xFF, 0x00, 0x7F, 0x00, 0x0C, 0x00, 0x00, 0x00, 0x00, 0x00, 0x00, 0x00, 0x3D, 0xC0, 0x07, 0xBC,
    0x00, 0xF7, 0x00, 0x0F, 0x40, 0x00, 0xF0, 0x00, 0x1E, 0x00, 0x01, 0xC0, 0x00, 0x3F, 0x80, 0x00,
    0x7F, 0xE0, 0x00, 0xFF, 0xE0, 0x01, 0x8F, 0xF0, 0x00, 0x01, 0xFC, 0x00, 0x01, 0xFC, 0x00, 0x07,
    0xF8, 0x00, 0x7F, 0xC0, 0x07, 0xFB, 0xC1, 0xFF, 0xE7, 0xFF, 0xFF, 0x07, 0xFF, 0xF0, 0x07, 0xFC,
    0x00, 0x00, 0xC0, 0x00, 0x00, 0x00, 0x00, 0x00, 0x03, 0xBC, 0x00, 0x0F, 0x78, 0x00, 0x0E, 0xF0,
    0x00, 0x0B, 0x80, 0x00, 0x0F, 0x00, 0x00, 0x1E, 0x00, 0x00, 0x38, 0x00, 0x00, 0x0C, 0x00, 0x70,
    0x01, 0xC0, 0x07, 0xF0, 0x1F, 0xE0, 0x3F, 0x81, 0xC6, 0x0F, 0xF8, 0x3F, 0xC0, 0x7C, 0x00, 0x00,
    0x00, 0x00, 0x00, 0x00, 0x02, 0x00, 0x3C, 0x00, 0xF8, 0x01, 0xE0, 0x03, 0xC0, 0x0F, 0x00, 0x1E,
    0x00, 0x78, 0x00, 0xE0, 0x03, 0xC0, 0x0F, 0x00, 0x3D, 0x81, 0xEF, 0xFF, 0xBF, 0xFC, 0x7F, 0xE0,
    0x1C, 0x00, 0x0C, 0x00, 0x01, 0x80, 0x00, 0x30, 0x00, 0x07, 0xE0, 0x00, 0xFE, 0x00, 0x1F, 0xE0,
    0x07, 0x98, 0x01, 0xFF, 0x00, 0x3F, 0xC0, 0x03, 0xF0, 0x00, 0x00, 0x00, 0x00, 0x00, 0x00, 0x00,
    0x00, 0x01, 0x00, 0x00, 0xF0, 0x00, 0x1E, 0x00, 0x01, 0xE0, 0x00, 0x1E, 0x00, 0x03, 0xC0, 0x00,
    0x3C, 0x00, 0x07, 0x80, 0x00, 0x70, 0x00, 0x0F, 0x00, 0x01, 0xE0, 0x00, 0x3E, 0x0C, 0x0F, 0xC3,
    0xFF, 0xFF, 0x7F, 0xFF, 0xF7, 0xFE, 0x7E, 0x0E, 0x01, 0x00, 0x07, 0x00, 0x78, 0x07, 0x80, 0x30,
    0x1C, 0xE1, 0xFE, 0x1C, 0xE0, 0x00, 0x00, 0x00, 0x00, 0x00, 0x00, 0x3C, 0x03, 0xC0, 0x1C, 0x01,
    0xE0, 0x0E, 0x00, 0xE0, 0x0E, 0x00, 0xE0, 0x0E, 0x00, 0xE0, 0x1E, 0x01, 0xE0, 0x3C, 0x07, 0x81,
    0xF8, 0x7F, 0x0F, 0xC0, 0xF8, 0x06, 0x00, 0x07, 0x00, 0x07, 0x00, 0x07, 0x00, 0x07, 0x00, 0x1D,
    0xC0, 0x3D, 0xE0, 0x1D, 0xC0, 0x00, 0x00, 0x00, 0x00, 0x00, 0x00, 0x00, 0x00, 0x03, 0x80, 0x03,
    0xC0, 0x01, 0xC0, 0x01, 0xE0, 0x00, 0xE0, 0x00, 0xE0, 0x00, 0xF0, 0x00, 0xF8, 0x00, 0xFF, 0x00,
    0xFF, 0x01, 0xFF, 0x01, 0xE6, 0x03, 0xC0, 0x07, 0x80, 0x1F, 0x80, 0x7F, 0x00, 0xFC, 0x00, 0xF8,
    0x00, 0x60, 0x00, 0x0C, 0x00, 0xE0, 0x0E, 0x00, 0xFE, 0x0F, 0xF0, 0xFF, 0x0E, 0x71, 0xFF, 0x3F,
    0xE1, 0xF8, 0x00, 0x00, 0x00, 0x00, 0x00, 0x00, 0x03, 0xC0, 0x3C, 0x01, 0xC0, 0x1E, 0x00, 0xE0,
    0x0E, 0x00, 0xE0, 0x0E, 0x00, 0xE0, 0x0E, 0x01, 0xE0, 0x1E, 0x03, 0xC0, 0x78, 0x1F, 0x87, 0xF0,
    0xFC, 0x0F, 0x80, 0x60, 0x00, 0x0C, 0x00, 0x0C, 0x00, 0x0C, 0x00, 0x0D, 0xC0, 0x0F, 0xE0, 0x0F,
    0xF0, 0x1E, 0x70, 0x3F, 0xE0, 0x3F, 0xE0, 0x1F, 0x80, 0x00, 0x00, 0x00, 0x00, 0x00, 0x00, 0x00,
    0x00, 0x03, 0x80, 0x03, 0xC0, 0x01, 0xC0, 0x01, 0xE0, 0x00, 0xE0, 0x00, 0xE0, 0x00, 0xF0, 0x00,
    0xF8, 0x00, 0xFF, 0x00, 0xFF, 0x01, 0xFF, 0x01, 0xE6, 0x03, 0xC0, 0x07, 0x80, 0x1F, 0x80, 0x7F,
    0x00, 0xFC, 0x00, 0xF8, 0x00, 0x60, 0x00, 0x00, 0x00, 0x00, 0x30, 0x00, 0x00, 0x07, 0x80, 0x00,
    0x00, 0xFE, 0x00, 0x00, 0x0F, 0xE0, 0x00, 0x01, 0xFC, 0x00, 0x00, 0x3F, 0x80, 0x00, 0x03, 0xF0,
    0x00, 0x00, 0x3E, 0x00, 0x00, 0x01, 0xE0, 0x00, 0x00, 0x0F, 0x80, 0x00, 0x00, 0x3E, 0x00, 0x00,
    0x00, 0xF8, 0x04, 0x00, 0x03, 0xE0, 0x78, 0x00, 0x0F, 0x83, 0xC0, 0x00, 0x1E, 0x1C, 0x00, 0x00,
    0xF0, 0xE0, 0x00, 0x03, 0xC7, 0x00, 0x00, 0x0E, 0x38, 0x00, 0x00, 0x79, 0xE0, 0x00, 0x03, 0xCF,
    0x80, 0x00, 0x3C, 0x3F, 0xE0, 0x3F, 0xE0, 0xFF, 0xFF, 0xFE, 0x03, 0xFF, 0xFF, 0xE0, 0x03, 0xFF,
    0xF0, 0x00, 0x00, 0x00, 0x00, 0x10, 0x00, 0x00, 0x00, 0x1C, 0x00, 0x00, 0x00, 0x1F, 0x80, 0x00,
    0x00, 0x1F, 0xC0, 0x00, 0x00, 0x1F, 0xC0, 0x00, 0x00, 0x1F, 0xC0, 0x00, 0x00, 0x0F, 0xC0, 0x00,
    0x00, 0x07, 0xC0, 0x00, 0x00, 0x01, 0xE0, 0x00, 0x00, 0x00, 0x7C, 0x00, 0x00, 0x00, 0x0F, 0x80,
    0x00, 0x00, 0x01, 0xF0, 0x00, 0x40, 0x00, 0x3E, 0x00, 0x3C, 0x00, 0x07, 0xC0, 0x0F, 0x00, 0x00,
    0xF8, 0x03, 0x80, 0x00, 0x1E, 0x00, 0xE0, 0x00, 0x03, 0xC0, 0x38, 0x00, 0x00, 0x78, 0x0E, 0x00,
    0x00, 0x1E, 0x03, 0xC0, 0x00, 0x07, 0xC0, 0xF8, 0x00, 0x03, 0xF8, 0x1F, 0xF0, 0x3F, 0xFF, 0xE3,
    0xFF, 0xFF, 0xFB, 0xF8, 0x7F, 0xFF, 0xF8, 0x7E, 0x03, 0xFF, 0xF0, 0x01, 0x00, 0x00, 0x08, 0x00,
    0x78, 0x03, 0xF0, 0x1F, 0xE0, 0xFF, 0x03, 0xF8, 0x0F, 0xC0, 0x3E, 0x00, 0x70, 0x00, 0xF0, 0x01,
    0xF8, 0x00, 0xF8, 0x00, 0xF8, 0x00, 0xF8, 0x00, 0xF0, 0x00, 0xF0, 0x00, 0xE0, 0x01, 0xE0, 0x01,
    0xC0, 0x03, 0x80, 0x0F, 0x1F, 0xFE, 0x3F, 0xF8, 0x7F, 0xC0, 0xF8, 0x00, 0x00, 0x08, 0x00, 0x07,
    0x80, 0x03, 0xF0, 0x01, 0xFE, 0x00, 0xFF, 0x00, 0x3F, 0x80, 0x0F, 0xC0, 0x03, 0xE0, 0x00, 0x70,
    0x00, 0x0F, 0x00, 0x01, 0xF0, 0x00, 0x1F, 0x00, 0x01, 0xF0, 0x00, 0x1F, 0x00, 0x00, 0xF0, 0x00,
    0x1F, 0x00, 0x01, 0xE0, 0x00, 0x1E, 0x00, 0x01, 0xE0, 0x00, 0x3C, 0x00, 0x0F, 0xE1, 0xFF, 0xFF,
    0xBF, 0xFB, 0xFF, 0xFC, 0x3F, 0xF0, 0x00, 0x80, 0x00, 0x00, 0x00, 0x40, 0x00, 0x00, 0x0E, 0x00,
    0x00, 0x01, 0xF8, 0x00, 0x00, 0x1F, 0x80, 0x00, 0x03, 0xF3, 0x00, 0x00, 0x7E, 0x78, 0x00, 0x07,
    0xCF, 0xE0, 0x00, 0x7C, 0xFE, 0x00, 0x01, 0x9F, 0xC0, 0x00, 0x03, 0xF8, 0x00, 0x00, 0x3F, 0x00,
    0x00, 0x03, 0xE0, 0x00, 0x00, 0x1E, 0x00, 0x00, 0x00, 0xF8, 0x00, 0x00, 0x03, 0xE0, 0x00, 0x00,
    0x0F, 0x80, 0x40, 0x00, 0x3E, 0x07, 0x80, 0x00, 0xF8, 0x3C, 0x00, 0x01, 0xE1, 0xC0, 0x00, 0x0F,
    0x0E, 0x00, 0x00, 0x3C, 0x70, 0x00, 0x00, 0xE3, 0x80, 0x00, 0x07, 0x9E, 0x00, 0x00, 0x3C, 0xF8,
    0x00, 0x03, 0xC3, 0xFE, 0x03, 0xFE, 0x0F, 0xFF, 0xFF, 0xE0, 0x3F, 0xFF, 0xFE, 0x00, 0x3F, 0xFF,
    0x00, 0x00, 0x00, 0x00, 0x00, 0x40, 0x00, 0x00, 0x00, 0x70, 0x00, 0x00, 0x00, 0x7E, 0x00, 0x00,
    0x00, 0x3F, 0x00, 0x00, 0x00, 0x3F, 0x10, 0x00, 0x00, 0x3F, 0x1C, 0x00, 0x00, 0x1F, 0x1F, 0x80,
    0x00, 0x0F, 0x9F, 0xC0, 0x00, 0x01, 0x9F, 0xC0, 0x00, 0x00, 0x1F, 0xC0, 0x00, 0x00, 0x0F, 0xC0,
    0x00, 0x00, 0x07, 0xC0, 0x00, 0x00, 0x01, 0xE0, 0x00, 0x00, 0x00, 0x7C, 0x00, 0x00, 0x00, 0x0F,
    0x80, 0x00, 0x00, 0x01, 0xF0, 0x00, 0x40, 0x00, 0x3E, 0x00, 0x3C, 0x00, 0x07, 0xC0, 0x0F, 0x00,
    0x00, 0xF8, 0x03, 0x80, 0x00, 0x1E, 0x00, 0xE0, 0x00, 0x03, 0xC0, 0x38, 0x00, 0x00, 0x78, 0x0E,
    0x00, 0x00, 0x1E, 0x03, 0xC0, 0x00, 0x07, 0xC0, 0xF8, 0x00, 0x03, 0xF8, 0x1F, 0xF0, 0x3F, 0xFF,
    0xE3, 0xFF, 0xFF, 0xFB, 0xF8, 0x7F, 0xFF, 0xF8, 0x7E, 0x03, 0xFF, 0xF0, 0x01, 0x00, 0x00, 0x00,
    0x00, 0xE0, 0x07, 0xC0, 0x3F, 0x01, 0xF8, 0x87, 0xE7, 0xBF, 0x3F, 0x79, 0xFE, 0x6F, 0xF0, 0x3F,
    0x80, 0xFC, 0x03, 0xE0, 0x07, 0x00, 0x0F, 0x00, 0x1F, 0x80, 0x0F, 0x80, 0x0F, 0x80, 0x0F, 0x80,
    0x0F, 0x00, 0x0F, 0x00, 0x0E, 0x00, 0x1E, 0x00, 0x1C, 0x00, 0x38, 0x00, 0xF1, 0xFF, 0xE3, 0xFF,
    0x87, 0xFC, 0x0F, 0x80, 0x00, 0x00, 0x00, 0x00, 0x0E, 0x00, 0x07, 0xC0, 0x03, 0xF0, 0x01, 0xF8,
    0x80, 0x7E, 0x78, 0x3F, 0x3F, 0x07, 0x9F, 0xE0, 0x6F, 0xF0, 0x03, 0xF8, 0x00, 0xFC, 0x00, 0x3E,
    0x00, 0x07, 0x00, 0x00, 0xF0, 0x00, 0x1F, 0x00, 0x01, 0xF0, 0x00, 0x1F, 0x00, 0x01, 0xF0, 0x00,
    0x0F, 0x00, 0x01, 0xF0, 0x00, 0x1E, 0x00, 0x01, 0xE0, 0x00, 0x1E, 0x00, 0x03, 0xC0, 0x00, 0xFE,
    0x1F, 0xFF, 0xFB, 0xFF, 0xBF, 0xFF, 0xC3, 0xFF, 0x00, 0x08, 0x00, 0x00, 0x40, 0x00, 0x0F, 0x00,
    0x00, 0x78, 0x00, 0x01, 0xC0, 0x00, 0x0F, 0x30, 0x00, 0x79, 0xC0, 0x01, 0xDE, 0x00, 0x0E, 0xE0,
    0x00, 0x7F, 0x00, 0x03, 0xF8, 0x00, 0x1D, 0xC0, 0x00, 0xEE, 0x00, 0x0F, 0x78, 0x00, 0x7B, 0xE0,
    0x0F, 0x8F, 0xE3, 0xF8, 0x3F, 0xFF, 0x80, 0xFF, 0xF8, 0x00, 0xFF, 0x00, 0x00, 0x00, 0x60, 0x00,
    0x00, 0x70, 0x00, 0x00, 0x3C, 0x00, 0x00, 0x1E, 0x06, 0x00, 0x0F, 0x03, 0x80, 0x03, 0x83, 0xC0,
    0x01, 0xE1, 0xC0, 0x00, 0xFF, 0xE0, 0x00, 0x7F, 0xF0, 0x00, 0x3F, 0xF8, 0x00, 0x1C, 0x5C, 0x00,
    0x0E, 0x0F, 0x00, 0x0F, 0x07, 0xC0, 0x0F, 0x01, 0xFC, 0x3F, 0x80, 0x7F, 0xFF, 0x80, 0x1F, 0xFF,
    0x00, 0x03, 0xFE, 0x00, 0x00, 0x0C, 0x00, 0xE0, 0x1F, 0x01, 0xF8, 0x1F, 0xC3, 0xBC, 0x79, 0xE7,
    0x0E, 0xE0, 0xFE, 0x07, 0xE0, 0x7E, 0x0F, 0xF0, 0xEF, 0xFE, 0x7F, 0xC3, 0xF8, 0x0F, 0xC0, 0x0F,
    0xF8, 0x07, 0xFE, 0x01, 0xE3, 0xC0, 0xF0, 0x70, 0x3C, 0x1C, 0x0F, 0x07, 0x83, 0xC0, 0xF0, 0x70,
    0x3F, 0x9C, 0x07, 0xF2, 0x00, 0xFC, 0x00, 0x04, 0x04, 0x1C, 0x1E, 0x1E, 0x0E, 0x0E, 0x0F, 0x0F,
    0x0F, 0x0F, 0x0E, 0xFE, 0xFC, 0xF8, 0x80, 0x1C, 0x18, 0x38, 0x3C, 0x3C, 0x18, 0x00, 0x00, 0x0F,
    0x00, 0x0F, 0x00, 0x1F, 0x81, 0xEF, 0xC3, 0xFF, 0xE3, 0xFA, 0x71, 0xF8, 0x1D, 0xE0, 0x0E, 0xE0,
    0x07, 0xF0, 0x01, 0xF8, 0x00, 0xFC, 0x00, 0x3E, 0x00, 0x1E, 0x00, 0x06, 0x00, 0x00, 0x40, 0x00,
    0x07, 0x80, 0x00, 0x3E, 0x00, 0x00, 0xF8, 0x00, 0x1F, 0xE0, 0x00, 0xFF, 0xC0, 0x0F, 0x3F, 0x00,
    0x70, 0xFC, 0x03, 0x87, 0xE0, 0x1C, 0x3F, 0x80, 0xE3, 0xDE, 0x07, 0x9E, 0xF0, 0x3F, 0xE3, 0x80,
    0xFE, 0x1D, 0xFF, 0xFF, 0xFF, 0xFF, 0xFF, 0xFF, 0xDF, 0xF0, 0xF0, 0x1E, 0x00, 0x00, 0x1E, 0x00,
    0x00, 0x7E, 0x00, 0x01, 0xFE, 0x00, 0x07, 0x9C, 0x00, 0x0F, 0x3C, 0x00, 0x3C, 0x78, 0x00, 0x70,
    0xF0, 0x00, 0xE1, 0xC0, 0x03, 0xC7, 0x80, 0x07, 0x8F, 0x00, 0x0E, 0xFC, 0x03, 0xFF, 0xFF, 0xEF,
    0xFF, 0xFF, 0xCF, 0xFD, 0xFF, 0x83, 0xF0, 0x7E, 0x01, 0xE0, 0x70, 0x01, 0xC0, 0xE0, 0x03, 0xE1,
    0xC0, 0x03, 0xFF, 0x80, 0x07, 0xFE, 0x00, 0x03, 0xF8, 0x00, 0x00, 0xC0, 0x00, 0x02, 0x00, 0x01,
    0xC0, 0x00, 0x7C, 0x00, 0x1F, 0x80, 0x0F, 0xF0, 0x07, 0xFE, 0x01, 0xE7, 0xC0, 0xF1, 0xF8, 0x3C,
    0x3F, 0x0F, 0x0F, 0xE3, 0xC7, 0xF8, 0x7B, 0xCF, 0x1F, 0xF3, 0xC3, 0xF8, 0xFF, 0xFF, 0xFF, 0xFF,
    0xFE, 0xFC, 0xFF, 0x20, 0x07, 0x00, 0x00, 0xF0, 0x00, 0x7F, 0x00, 0x1F, 0xF0, 0x03, 0xDE, 0x00,
    0xF3, 0xC0, 0x1C, 0x38, 0x07, 0x87, 0x00, 0xE1, 0xE0, 0x1C, 0x38, 0x03, 0x8F, 0x00, 0xF7, 0xC0,
    0x7F, 0xFF, 0xEF, 0xFF, 0xFF, 0xFC, 0xFF, 0xE7, 0x03, 0xA0, 0xE0, 0x70, 0x1E, 0x0F, 0x03, 0xE1,
    0xC0, 0x3F, 0xF8, 0x03, 0xFF, 0x00, 0x3F, 0xC0, 0x00, 0xC0, 0x00, 0x00, 0x00, 0x00, 0x00, 0x07,
    0x80, 0x00, 0x00, 0x3F, 0x00, 0x00, 0x01, 0xFC, 0x00, 0x00, 0x0F, 0x78, 0x00, 0x00, 0x3C, 0xE0,
    0x00, 0x01, 0xE3, 0xC0, 0x00, 0x0F, 0x07, 0x00, 0x00, 0x7C, 0x10, 0x00, 0x03, 0xC0, 0x00, 0x00,
    0x0E, 0x00, 0x00, 0x00, 0x38, 0x00, 0x00, 0x00, 0xF8, 0x00, 0x00, 0x03, 0xFF, 0x80, 0x7F, 0xE7,
    0xFF, 0xFF, 0xFF, 0x87, 0xFF, 0xFF, 0xFE, 0x01, 0xFF, 0xFF, 0x80, 0x00, 0x1F, 0xF0, 0x3F, 0xFF,
    0x1F, 0xFF, 0xF7, 0xFF, 0xFE, 0xFE, 0x00, 0x0F, 0x00, 0x00, 0xE0, 0x00, 0x0F, 0x00, 0x00, 0xFC,
    0x00, 0x07, 0xFF, 0xFF, 0x1F, 0xFF, 0xF0, 0x7F, 0xFF, 0x00, 0x0F, 0xC0, 0x00, 0x00, 0x00, 0x00,
    0x78, 0x00, 0x00, 0x03, 0xE0, 0x00, 0x00, 0x0C, 0x00, 0x00, 0x00, 0x30, 0x00, 0x00, 0x00, 0xFC,
    0x00, 0x00, 0x03, 0xF8, 0x00, 0x00, 0x0F, 0xC0, 0x00, 0x00, 0x38, 0x00, 0x00, 0x00, 0x00, 0x00,
    0x00, 0x00, 0x1E, 0x00, 0x00, 0x00, 0xFC, 0x00, 0x00, 0x07, 0xF0, 0x00, 0x00, 0x3D, 0xE0, 0x00,
    0x00, 0xF3, 0x80, 0x00, 0x07, 0x8F, 0x00, 0x00, 0x3C, 0x1C, 0x00, 0x01, 0xF0, 0x40, 0x00, 0x0F,
    0x00, 0x00, 0x00, 0x38, 0x00, 0x00, 0x00, 0xE0, 0x00, 0x00, 0x03, 0xE0, 0x00, 0x00, 0x0F, 0xFE,
    0x01, 0xFF, 0x9F, 0xFF, 0xFF, 0xFE, 0x1F, 0xFF, 0xFF, 0xF8, 0x07, 0xFF, 0xFE, 0x00, 0x00, 0x00,
    0x00, 0xF0, 0x00, 0x1F, 0x00, 0x01, 0x80, 0x00, 0x18, 0x00, 0x01, 0xFC, 0x00, 0x1F, 0xC0, 0x01,
    0xF8, 0x00, 0x1C, 0x00, 0x00, 0x01, 0xFF, 0x03, 0xFF, 0xF1, 0xFF, 0xFF, 0x7F, 0xFF, 0xEF, 0xE0,
    0x00, 0xF0, 0x00, 0x0E, 0x00, 0x00, 0xF0, 0x00, 0x0F, 0xC0, 0x00, 0x7F, 0xFF, 0xF1, 0xFF, 0xFF,
    0x07, 0xFF, 0xF0, 0x00, 0xFC, 0x00, 0x00, 0x7E, 0x00, 0x01, 0xFF, 0x00, 0x03, 0xFF, 0x00, 0x07,
    0xC2, 0x00, 0x0F, 0x00, 0x00, 0x0E, 0x00, 0x00, 0x0E, 0x00, 0x00, 0x1E, 0x00, 0x60, 0x1F, 0x00,
    0x70, 0x0F, 0xC0, 0xF0, 0x07, 0xF0, 0xE0, 0x03, 0xFC, 0xE0, 0x00, 0x7E, 0xE0, 0x00, 0x1E, 0xE0,
    0x00, 0x1E, 0xE0, 0x00, 0x1C, 0xF0, 0x00, 0x3C, 0xF8, 0x00, 0xF8, 0x7F, 0x0F, 0xF0, 0x3F, 0xFF,
    0xE0, 0x1F, 0xFF, 0x80, 0x03, 0xFE, 0x00, 0x60, 0x00, 0x00, 0x1C, 0x00, 0x70, 0x0F, 0x00, 0x1F,
    0x83, 0x80, 0x07, 0xFE, 0xE0, 0x00, 0xFF, 0xF8, 0x00, 0x0F, 0xEE, 0x00, 0x00, 0xF3, 0x80, 0x00,
    0x78, 0xF0, 0x00, 0x1E, 0x3E, 0x00, 0x1F, 0x07, 0xF0, 0x7F, 0x80, 0xFF, 0xFF, 0xC0, 0x1F, 0xFF,
    0xC0, 0x00, 0xFF, 0x80, 0x00, 0x03, 0x07, 0x83, 0xC0, 0xF0, 0x78, 0x1C, 0x0E, 0x07, 0x03, 0x81,
    0xC1, 0xEF, 0xF7, 0xF3, 0xF1, 0x00, 0x00, 0x00, 0x39, 0xDF, 0xEE, 0xF2, 0x30, 0x02, 0x00, 0x0F,
    0x00, 0x1E, 0x00, 0x38, 0x00, 0x70, 0x01, 0xE0, 0x03, 0xE0, 0x7F, 0xFE, 0xFF, 0xFD, 0xF3, 0xFB,
    0x00, 0x60, 0x00, 0x00, 0x00, 0x07, 0x38, 0x0F, 0xF0, 0x1E, 0xE0, 0x18, 0x80, 0x07, 0xC0, 0xFE,
    0x0F, 0xF0, 0x78, 0x03, 0x80, 0x1C, 0x00, 0xE0, 0x07, 0x80, 0x3E, 0x70, 0xFF, 0xC7, 0xFF, 0xFF,
    0x87, 0xF0, 0x38, 0x00, 0x38, 0x07, 0xFE, 0xFF, 0xE4, 0x7C, 0x00, 0x00, 0x00, 0x0E, 0x00, 0xE0,
    0x0F, 0x00, 0xF0, 0x0F, 0x00, 0xF0, 0x0F, 0x00, 0xF0, 0x0F, 0x00, 0xF0, 0x0F, 0x00, 0xF0, 0x0F,
    0x00, 0xF0, 0x0F, 0x00, 0xF0, 0x0F, 0x00, 0xF0, 0x0F, 0x00, 0x70, 0x07, 0x00, 0x70, 0x38, 0x01,
    0xFF, 0x8F, 0xFE, 0x11, 0xF0, 0x00, 0x00, 0x00, 0x00, 0x00, 0x03, 0x80, 0x0F, 0x00, 0x3C, 0x00,
    0xF0, 0x03, 0xC0, 0x0F, 0x00, 0x3C, 0x00, 0xF0, 0x03, 0xC0, 0x0F, 0x00, 0x3C, 0x00, 0xF0, 0x03,
    0xC0, 0x07, 0x00, 0x1C, 0x00, 0x70, 0x01, 0xC0, 0x07, 0x00, 0x1C, 0x00, 0x70, 0x01, 0xE0, 0x07,
    0xF8, 0x0F, 0xF0, 0x1F, 0x80, 0x0C, 0x00, 0xFB, 0xF7, 0x0E, 0x1F, 0xDF, 0xFE, 0xE0, 0x00, 0xE1,
    0xC3, 0xC7, 0x8F, 0x1E, 0x3C, 0x78, 0xF1, 0xE3, 0xC7, 0x8F, 0x1E, 0x3C, 0x78, 0xF1, 0xE3, 0xC3,
    0x87, 0x0E, 0x00, 0x07, 0xC0, 0xF8, 0x0E, 0x00, 0xE0, 0x0F, 0xE0, 0x7E, 0x0F, 0xC0, 0xE0, 0x00,
    0x00, 0x00, 0x03, 0x80, 0x3C, 0x03, 0xC0, 0x3C, 0x03, 0xC0, 0x3C, 0x03, 0xC0, 0x3C, 0x03, 0xC0,
    0x3C, 0x03, 0xC0, 0x3C, 0x03, 0xC0, 0x1C, 0x01, 0xC0, 0x1C, 0x01, 0xC0, 0x1C, 0x01, 0xC0, 0x1C,
    0x01, 0xE0, 0x1F, 0xE0, 0xFF, 0x07, 0xE0, 0x0C, 0x00, 0x00, 0x7C, 0x07, 0xC0, 0x38, 0x01, 0xC0,
    0x0F, 0xE0, 0x3F, 0x03, 0xF0, 0x1C, 0x00, 0x00, 0x00, 0xC0, 0x1F, 0x81, 0xFE, 0x1F, 0xF0, 0xE3,
    0xCF, 0x1E, 0x70, 0x73, 0x83, 0x9C, 0x1C, 0xFF, 0xE7, 0xFF, 0x1F, 0xF8, 0x1F, 0xC0, 0x1E, 0x01,
    0xE0, 0x3E, 0x1F, 0xF1, 0xFE, 0x0F, 0xE0, 0x38, 0x00, 0x00, 0x00, 0x07, 0xC0, 0x07, 0xC0, 0x03,
    0x80, 0x01, 0xC0, 0x00, 0xFE, 0x00, 0x3F, 0x00, 0x3F, 0x00, 0x1C, 0x00, 0x00, 0x00, 0x00, 0xC0,
    0x01, 0xF8, 0x01, 0xFE, 0x01, 0xFF, 0x01, 0xE3, 0xC0, 0xF1, 0xE0, 0x70, 0x70, 0x38, 0x38, 0x1E,
    0x1C, 0x0F, 0xFF, 0xE3, 0xFF, 0xF8, 0xFF, 0xFC, 0x0F, 0xF8, 0x01, 0xE0, 0x01, 0xE0, 0x03, 0xE0,
    0x1F, 0xF0, 0x1F, 0xE0, 0x0F, 0xE0, 0x03, 0x80, 0x00, 0x70, 0x78, 0x78, 0x78, 0x78, 0x78, 0x78,
    0x78, 0x78, 0x78, 0x78, 0x78, 0x78, 0x78, 0x78, 0x78, 0x78, 0x38, 0x38, 0x38, 0x38, 0x38, 0x38,
    0x38, 0x00, 0x00, 0x7C, 0x7C, 0xE0, 0xE0, 0x7E, 0x7E, 0x7E, 0x60, 0x70, 0x0F, 0x01, 0xE0, 0x3C,
    0x07, 0x80, 0xF0, 0x1E, 0x03, 0xC0, 0x78, 0x0F, 0x01, 0xE0, 0x3C, 0x07, 0x80, 0x70, 0x0E, 0x01,
    0xC0, 0x38, 0x07, 0x00, 0xE0, 0x1C, 0x03, 0xC0, 0x7F, 0x87, 0xF8, 0x7E, 0x01, 0x80, 0x00, 0xF0,
    0x3E, 0x06, 0x00, 0xC0, 0x1F, 0x83, 0xF8, 0x7E, 0x0E, 0x00, 0x00, 0x00, 0x00, 0x1F, 0x00, 0x00,
    0x1F, 0x00, 0x7E, 0x38, 0x01, 0xFF, 0x18, 0x03, 0xFF, 0x1F, 0x87, 0xC2, 0x1F, 0xCF, 0x00, 0x1F,
    0x8E, 0x00, 0x1C, 0x0E, 0x00, 0x00, 0x1E, 0x00, 0x60, 0x1F, 0x00, 0x70, 0x0F, 0xC0, 0xF0, 0x07,
    0xF0, 0xE0, 0x03, 0xFC, 0xE0, 0x00, 0x7E, 0xE0, 0x00, 0x1E, 0xE0, 0x00, 0x1E, 0xE0, 0x00, 0x1C,
    0xF0, 0x00, 0x3C, 0xF8, 0x00, 0xF8, 0x7F, 0x0F, 0xF0, 0x3F, 0xFF, 0xE0, 0x1F, 0xFF, 0x80, 0x03,
    0xFE, 0x00, 0x00, 0x00, 0x00, 0x07, 0xC0, 0x00, 0x01, 0xF0, 0x00, 0x00, 0xE0, 0x00, 0x00, 0x18,
    0x00, 0x00, 0x07, 0xE0, 0x00, 0x01, 0xFC, 0x00, 0x00, 0x7E, 0x00, 0x00, 0x1C, 0x00, 0x00, 0x00,
    0x00, 0x00, 0x06, 0x00, 0x00, 0x01, 0xC0, 0x07, 0x00, 0xF0, 0x01, 0xF8, 0x38, 0x00, 0x7F, 0xEE,
    0x00, 0x0F, 0xFF, 0x80, 0x00, 0xFE, 0xE0, 0x00, 0x0F, 0x38, 0x00, 0x07, 0x8F, 0x00, 0x01, 0xE3,
    0xE0, 0x01, 0xF0, 0x7F, 0x07, 0xF8, 0x0F, 0xFF, 0xFC, 0x01, 0xFF, 0xFC, 0x00, 0x0F, 0xF8, 0x00,
    0x00, 0x7C, 0x7C, 0x60, 0x60, 0x7E, 0x7F, 0x7E, 0x70, 0x00, 0x04, 0x1C, 0x1E, 0x1E, 0x0E, 0x0E,
    0x0F, 0x0F, 0x0F, 0x0F, 0x0E, 0xFE, 0xFC, 0xF8, 0x80, 0x00, 0x00, 0xF8, 0x03, 0xE0, 0x1C, 0x00,
    0x70, 0x00, 0xFC, 0x03, 0xF0, 0x0F, 0xC0, 0x30, 0x00, 0x00, 0x00, 0x60, 0x01, 0xC0, 0x0F, 0x00,
    0x3C, 0x00, 0xF0, 0x03, 0xC0, 0x1F, 0x03, 0xFF, 0xEF, 0xFF, 0xBE, 0x7E, 0x80, 0x30, 0xEF, 0xFF,
    0xFF, 0xFF, 0xFF, 0xFF, 0xFF, 0xFF, 0xF7, 0x77, 0x77, 0x77, 0xE0, 0x3C, 0x0F, 0x03, 0xC0, 0xF0,
    0x3C, 0x0F, 0x03, 0xC0, 0xF0, 0x3C, 0x0F, 0x03, 0xC0, 0xF0, 0x1C, 0x07, 0x01, 0xC0, 0x70, 0x1C,
    0x07, 0x01, 0xC0, 0x78, 0x1F, 0xE3, 0xFC, 0x7E, 0x03, 0x00, 0x00, 0x00, 0x00, 0x08, 0x00, 0x00,
    0x00, 0x71, 0x00, 0x00, 0x00, 0xF7, 0x80, 0x00, 0x01, 0xEF, 0x00, 0x00, 0x01, 0xDC, 0x00, 0x00,
    0x03, 0xF8, 0x00, 0x00, 0x07, 0xF0, 0x00, 0x00, 0x0F, 0xE0, 0x00, 0x00, 0x1F, 0xE0, 0x00, 0x00,
    0x3B, 0xE0, 0x00, 0x01, 0xF3, 0xFE, 0x01, 0xFF, 0xC3, 0xFF, 0xFF, 0xFF, 0x03, 0xFF, 0xFF, 0xF8,
    0x00, 0xFF, 0xFF, 0x00, 0x00, 0x00, 0x00, 0x00, 0x00, 0x00, 0x00, 0x00, 0x00, 0x00, 0x00, 0x00,
    0x00, 0x0E, 0x00, 0x00, 0x00, 0x3C, 0x00, 0x00, 0x00, 0x78, 0x00, 0x00, 0x00, 0x20, 0x00, 0x00,
    0x40, 0x00, 0x00, 0x00, 0x03, 0xC0, 0x00, 0x00, 0x00, 0x0F, 0x00, 0x00, 0x00, 0x00, 0x38, 0x00,
    0x00, 0x00, 0x00, 0xE0, 0x00, 0x00, 0x06, 0x03, 0x80, 0x00, 0x00, 0x3C, 0x0E, 0x00, 0x00, 0x03,
    0xF0, 0x3C, 0x00, 0x00, 0x3F, 0xC0, 0xF8, 0x00, 0x07, 0xFF, 0x01, 0xFF, 0x07, 0xFF, 0xFF, 0xE3,
    0xFF, 0xFF, 0xFC, 0x7F, 0x87, 0xFF, 0xFF, 0x80, 0xFE, 0x03, 0xFF, 0xE0, 0x00, 0x30, 0x00, 0x00,
    0x00, 0x00, 0x00, 0x00, 0x00, 0x00, 0x00, 0x00, 0x00, 0x00, 0x00, 0x00, 0x00, 0x07, 0x00, 0x00,
    0x00, 0x00, 0x3C, 0x00, 0x00, 0x00, 0x00, 0x70, 0x00, 0x00, 0x00, 0x00, 0x80, 0x00, 0x00, 0x04,
    0x1C, 0x1E, 0x1E, 0x0E, 0x0E, 0x0F, 0x0F, 0x0F, 0x0F, 0x0E, 0xFE, 0xFC, 0xF8, 0x80, 0x00, 0x00,
    0x38, 0x3C, 0x38, 0x10, 0x06, 0x00, 0x1C, 0x00, 0xF0, 0x03, 0xC0, 0x0F, 0x00, 0x3C, 0x01, 0xF0,
    0x3F, 0xFE, 0xFF, 0xFB, 0xE7, 0xE8, 0x03, 0x00, 0x00, 0x00, 0x00, 0x38, 0x00, 0xF0, 0x03, 0x80,
    0x04, 0x00, 0x00, 0x03, 0x9C, 0x3F, 0xC3, 0x9C, 0x00, 0x00, 0x00, 0x00, 0x00, 0xC0, 0x0E, 0x01,
    0xF0, 0x1F, 0x81, 0xFC, 0x3B, 0xC7, 0x9E, 0x70, 0xEE, 0x0F, 0xE0, 0x7E, 0x07, 0xE0, 0xFF, 0x0E,
    0xFF, 0xE7, 0xFC, 0x3F, 0x80, 0x00, 0x40, 0x0F, 0x70, 0x07, 0xF8, 0x03, 0xDC, 0x00, 0x00, 0x00,
    0x00, 0x00, 0x00, 0x00, 0x01, 0xC0, 0x00, 0xE0, 0x00, 0x78, 0x00, 0xFC, 0x01, 0xFE, 0x03, 0xFF,
    0x03, 0xFF, 0x81, 0xE3, 0xC1, 0xE1, 0xE0, 0xE0, 0xF0, 0x70, 0x78, 0x3C, 0x3C, 0x1F, 0xFE, 0x07,
    0xFF, 0x01, 0xFF, 0xC0, 0x01, 0xFE, 0x00, 0x7F, 0x00, 0x1F, 0x80, 0x01, 0x80, 0x00, 0x00, 0x40,
    0x00, 0x00, 0x3D, 0xC0, 0x00, 0x00, 0x7B, 0xC0, 0x00, 0x00, 0xF7, 0x00, 0x00, 0x00, 0x00, 0x00,
    0x80, 0x00, 0x00, 0x07, 0x10, 0x00, 0x00, 0x0F, 0x78, 0x00, 0x00, 0x1E, 0xF0, 0x00, 0x00, 0x1D,
    0xC0, 0x00, 0x00, 0x3F, 0x80, 0x00, 0x00, 0x7F, 0x00, 0x00, 0x00, 0xFE, 0x00, 0x00, 0x01, 0xFE,
    0x00, 0x00, 0x03, 0xBE, 0x00, 0x00, 0x1F, 0x3F, 0xE0, 0x1F, 0xFC, 0x3F, 0xFF, 0xFF, 0xF0, 0x3F,
    0xFF, 0xFF, 0x80, 0x0F, 0xFF, 0xF0, 0x00, 0x00, 0x00, 0x40, 0x00, 0x00, 0x00, 0x7B, 0x80, 0x00,
    0x00, 0x01, 0xEF, 0x00, 0x00, 0x00, 0x07, 0xB8, 0x00, 0x00, 0x00, 0x00, 0x00, 0x00, 0x00, 0x00,
    0x00, 0x00, 0x00, 0x04, 0x00, 0x00, 0x00, 0x00, 0x3C, 0x00, 0x00, 0x00, 0x00, 0xF0, 0x00, 0x00,
    0x00, 0x03, 0x80, 0x00, 0x00, 0x00, 0x0E, 0x00, 0x00, 0x00, 0x60, 0x38, 0x00, 0x00, 0x03, 0xC0,
    0xE0, 0x00, 0x00, 0x3F, 0x03, 0xC0, 0x00, 0x03, 0xFC, 0x0F, 0x80, 0x00, 0x7F, 0xF0, 0x1F, 0xF0,
    0x7F, 0xFF, 0xFE, 0x3F, 0xFF, 0xFF, 0xC7, 0xF8, 0x7F, 0xFF, 0xF8, 0x0F, 0xE0, 0x3F, 0xFE, 0x00,
    0x03, 0x00, 0x02, 0x7B, 0xBD, 0xFE, 0xE0, 0x00, 0x00, 0x00, 0x08, 0x1C, 0x0F, 0x07, 0x81, 0xC0,
    0xE0, 0x78, 0x3C, 0x1E, 0x0F, 0x07, 0x3F, 0x9F, 0x8F, 0x84, 0x00, 0x00, 0x00, 0x3B, 0xC0, 0xF7,
    0x80, 0xEF, 0x00, 0x00, 0x00, 0x00, 0x00, 0x00, 0x01, 0x00, 0x07, 0x80, 0x0F, 0x00, 0x1C, 0x00,
    0x38, 0x00, 0xF0, 0x01, 0xF0, 0x3F, 0xFF, 0x7F, 0xFE, 0xF9, 0xFD, 0x80, 0x30, 0x00, 0x03, 0x80,
    0x00, 0x00, 0x0F, 0x00, 0x00, 0x00, 0x1E, 0x00, 0x00, 0x00, 0x1A, 0x00, 0x00, 0x01, 0xEE, 0x00,
    0x00, 0x03, 0xDE, 0x00, 0x00, 0x07, 0xB8, 0x00, 0x00, 0x00, 0x00, 0x04, 0x00, 0x00, 0x00, 0x38,
    0x80, 0x00, 0x00, 0x7B, 0xC0, 0x00, 0x00, 0xF7, 0x80, 0x00, 0x00, 0xEE, 0x00, 0x00, 0x01, 0xFC,
    0x00, 0x00, 0x03, 0xF8, 0x00, 0x00, 0x07, 0xF0, 0x00, 0x00, 0x0F, 0xF0, 0x00, 0x00, 0x1D, 0xF0,
    0x00, 0x00, 0xF9, 0xFF, 0x00, 0xFF, 0xE1, 0xFF, 0xFF, 0xFF, 0x81, 0xFF, 0xFF, 0xFC, 0x00, 0x7F,
    0xFF, 0x80, 0x00, 0x00, 0x03, 0x80, 0x00, 0x00, 0x00, 0x1E, 0x00, 0x00, 0x00, 0x00, 0x78, 0x00,
    0x00, 0x00, 0x00, 0xD0, 0x00, 0x00, 0x00, 0x1E, 0xE0, 0x00, 0x00, 0x00, 0x7B, 0xC0, 0x00, 0x00,
    0x01, 0xEE, 0x00, 0x00, 0x00, 0x00, 0x00, 0x00, 0x00, 0x00, 0x00, 0x00, 0x00, 0x01, 0x00, 0x00,
    0x00, 0x00, 0x0F, 0x00, 0x00, 0x00, 0x00, 0x3C, 0x00, 0x00, 0x00, 0x00, 0xE0, 0x00, 0x00, 0x00,
    0x03, 0x80, 0x00, 0x00, 0x18, 0x0E, 0x00, 0x00, 0x00, 0xF0, 0x38, 0x00, 0x00, 0x0F, 0xC0, 0xF0,
    0x00, 0x00, 0xFF, 0x03, 0xE0, 0x00, 0x1F, 0xFC, 0x07, 0xFC, 0x1F, 0xFF, 0xFF, 0x8F, 0xFF, 0xFF,
    0xF1, 0xFE, 0x1F, 0xFF, 0xFE, 0x03, 0xF8, 0x0F, 0xFF, 0x80, 0x00, 0xC0, 0x1C, 0x1E, 0x0F, 0x03,
    0x4F, 0x77, 0xBF, 0xDC, 0x00, 0x00, 0x00, 0x01, 0x03, 0x81, 0xE0, 0xF0, 0x38, 0x1C, 0x0F, 0x07,
    0x83, 0xC1, 0xE0, 0xE7, 0xF3, 0xF1, 0xF0, 0x80, 0x00, 0x07, 0x00, 0x0F, 0x00, 0x1C, 0x00, 0x18,
    0x01, 0xDE, 0x07, 0xBC, 0x07, 0x78, 0x00, 0x00, 0x00, 0x00, 0x00, 0x00, 0x08, 0x00, 0x3C, 0x00,
    0x78, 0x00, 0xE0, 0x01, 0xC0, 0x07, 0x80, 0x0F, 0x81, 0xFF, 0xFB, 0xFF, 0xF7, 0xCF, 0xEC, 0x01,
    0x80, 0x7F, 0xC0, 0x07, 0xFF, 0x00, 0x7F, 0xFF, 0x86, 0x1F, 0xFE, 0x00, 0x1F, 0xE0, 0x07, 0xFE,
    0x01, 0xFE, 0x00, 0x3F, 0x00, 0x0F, 0xC0, 0x01, 0xF0, 0x00, 0x1E, 0x00, 0x03, 0xC0, 0x00, 0x78,
    0x00, 0x07, 0x80, 0x00, 0x70, 0x38, 0x0F, 0x03, 0xC0, 0xF0, 0x3C, 0x0E, 0x03, 0x80, 0xE0, 0x00,
    0x0F, 0x00, 0x00, 0xF0, 0x00, 0x07, 0x80, 0x00, 0x7C, 0x00, 0x03, 0xF0, 0x0F, 0x1F, 0xFF, 0xF0,
    0xFF, 0xFF, 0x03, 0xFF, 0xC0, 0x00, 0x00, 0x7F, 0xC0, 0x00, 0x7F, 0xF0, 0x00, 0x7F, 0xFF, 0x80,
    0x61, 0xFF, 0xE0, 0x00, 0x1F, 0xE0, 0x00, 0x7F, 0xE0, 0x01, 0xFF, 0x00, 0x03, 0xF7, 0x00, 0x0F,
    0xC7, 0x00, 0x1F, 0x07, 0x80, 0x1E, 0x03, 0xC0, 0x3C, 0x03, 0xFE, 0x78, 0x01, 0xFF, 0x78, 0x00,
    0xFE, 0x70, 0x38, 0x0C, 0xF0, 0x3C, 0x00, 0xF0, 0x3C, 0x00, 0xE0, 0x38, 0x00, 0xE0, 0x00, 0x00,
    0xF0, 0x00, 0x00, 0xF0, 0x00, 0x00, 0x78, 0x00, 0x00, 0x7C, 0x00, 0x00, 0x3F, 0x00, 0xF0, 0x1F,
    0xFF, 0xF0, 0x0F, 0xFF, 0xF0, 0x03, 0xFF, 0xC0, 0x00, 0x00, 0x00, 0x3F, 0x80, 0x07, 0xFE, 0x00,
    0xFF, 0xE0, 0x18, 0xFF, 0x00, 0x01, 0xFC, 0x00, 0x1F, 0xC0, 0x07, 0xF8, 0x07, 0xF8, 0x07, 0xF8,
    0x1F, 0xFE, 0x03, 0xFF, 0x00, 0x7F, 0x00, 0x0C, 0x00, 0x00, 0x00, 0x00, 0x00, 0x00, 0x00, 0x07,
    0x00, 0x01, 0xE0, 0x00, 0x3C, 0x00, 0x01, 0x00, 0x00, 0x3F, 0x80, 0x00, 0x7F, 0xE0, 0x00, 0xFF,
    0xE0, 0x01, 0x8F, 0xF0, 0x00, 0x01, 0xFC, 0x00, 0x01, 0xFC, 0x00, 0x07, 0xF8, 0x00, 0x7F, 0xC0,
    0x07, 0xFB, 0xC1, 0xFF, 0xE7, 0xFF, 0xFF, 0x07, 0xFF, 0xF0, 0x07, 0xFC, 0x00, 0x00, 0xC0, 0x00,
    0x00, 0x00, 0x00, 0x00, 0x00, 0xE0, 0x00, 0x01, 0xE0, 0x00, 0x03, 0x80, 0x00, 0x02, 0x00, 0x00,
    0x7F, 0xC0, 0x07, 0xFF, 0x00, 0x7F, 0xFF, 0x86, 0x1F, 0xFE, 0x00, 0x1F, 0xE0, 0x07, 0xFE, 0x01,
    0xFE, 0x00, 0x3F, 0x00, 0x0F, 0xC0, 0x01, 0xF0, 0x00, 0x1E, 0x00, 0x03, 0xC0, 0x00, 0x78, 0x00,
    0x07, 0x80, 0x00, 0x70, 0x00, 0x0F, 0x00, 0x00, 0xF0, 0x00, 0x0E, 0x00, 0x00, 0xE0, 0x00, 0x0F,
    0x00, 0x00, 0xF0, 0x00, 0x07, 0x80, 0x00, 0x7C, 0x00, 0x03, 0xF0, 0x0F, 0x1F, 0xFF, 0xF0, 0xFF,
    0xFF, 0x03, 0xFF, 0xC0, 0x00, 0x00, 0x7F, 0xC0, 0x00, 0x7F, 0xF0, 0x00, 0x7F, 0xFF, 0x80, 0x61,
    0xFF, 0xE0, 0x00, 0x1F, 0xE0, 0x00, 0x7F, 0xE0, 0x01, 0xFF, 0x00, 0x03, 0xF7, 0x00, 0x0F, 0xC7,
    0x00, 0x1F, 0x07, 0x80, 0x1E, 0x03, 0xC0, 0x3C, 0x03, 0xFE, 0x78, 0x01, 0xFF, 0x78, 0x00, 0xFE,
    0x70, 0x00, 0x0C, 0xF0, 0x00, 0x00, 0xF0, 0x00, 0x00, 0xE0, 0x00, 0x00, 0xE0, 0x00, 0x00, 0xF0,
    0x00, 0x00, 0xF0, 0x00, 0x00, 0x78, 0x00, 0x00, 0x7C, 0x00, 0x00, 0x3F, 0x00, 0xF0, 0x1F, 0xFF,
    0xF0, 0x0F, 0xFF, 0xF0, 0x03, 0xFF, 0xC0, 0x00, 0x00, 0x00, 0x3F, 0x80, 0x07, 0xFE, 0x00, 0xFF,
    0xE0, 0x18, 0xFF, 0x00, 0x01, 0xFC, 0x00, 0x1F, 0xC0, 0x07, 0xF8, 0x07, 0xF8, 0x07, 0xF8, 0x1F,
    0xFE, 0x03, 0xFF, 0x00, 0x7F, 0x00, 0x0C, 0x00, 0x00, 0x3F, 0x80, 0x00, 0x7F, 0xE0, 0x00, 0xFF,
    0xE0, 0x01, 0x8F, 0xF0, 0x00, 0x01, 0xFC, 0x00, 0x01, 0xFC, 0x00, 0x07, 0xF8, 0x00, 0x7F, 0xC0,
    0x07, 0xFB, 0xC1, 0xFF, 0xE7, 0xFF, 0xFF, 0x07, 0xFF, 0xF0, 0x07, 0xFC, 0x00, 0x00, 0xC0, 0x00,
    0x20, 0x00, 0x07, 0x00, 0x00, 0xF0, 0x00, 0x07, 0x00, 0x00, 0x00, 0x00, 0x00, 0x00, 0x00, 0x00,
    0x07, 0xFC, 0x00, 0x7F, 0xF0, 0x07, 0xFF, 0xF8, 0x61, 0xFF, 0xE0, 0x01, 0xFE, 0x00, 0x7F, 0xE0,
    0x1F, 0xE0, 0x03, 0xF0, 0x00, 0xFC, 0x00, 0x1F, 0x00, 0x01, 0xE0, 0x00, 0x3C, 0x00, 0x07, 0x80,
    0x00, 0x78, 0x00, 0x07, 0x00, 0x00, 0xF0, 0x00, 0x0F, 0x00, 0x00, 0xE0, 0x00, 0x0E, 0x00, 0x00,
    0xF0, 0x00, 0x0F, 0x00, 0x00, 0x78, 0x00, 0x07, 0xC0, 0x00, 0x3F, 0x00, 0xF1, 0xFF, 0xFF, 0x0F,
    0xFF, 0xF0, 0x3F, 0xFC, 0x00, 0x00, 0x00, 0x00, 0x20, 0x00, 0x00, 0x70, 0x00, 0x00, 0xF0, 0x00,
    0x00, 0x70, 0x00, 0x00, 0x00, 0x00, 0x00, 0x00, 0x00, 0x00, 0x00, 0x00, 0x7F, 0xC0, 0x00, 0x7F,
    0xF0, 0x00, 0x7F, 0xFF, 0x80, 0x61, 0xFF, 0xE0, 0x00, 0x1F, 0xE0, 0x00, 0x7F, 0xE0, 0x01, 0xFF,
    0x00, 0x03, 0xF7, 0x00, 0x0F, 0xC7, 0x00, 0x1F, 0x07, 0x80, 0x1E, 0x03, 0xC0, 0x3C, 0x03, 0xFE,
    0x78, 0x01, 0xFF, 0x78, 0x00, 0xFE, 0x70, 0x00, 0x0C, 0xF0, 0x00, 0x00, 0xF0, 0x00, 0x00, 0xE0,
    0x00, 0x00, 0xE0, 0x00, 0x00, 0xF0, 0x00, 0x00, 0xF0, 0x00, 0x00, 0x78, 0x00, 0x00, 0x7C, 0x00,
    0x00, 0x3F, 0x00, 0xF0, 0x1F, 0xFF, 0xF0, 0x0F, 0xFF, 0xF0, 0x03, 0xFF, 0xC0, 0x00, 0x00, 0x00,
    0x04, 0x00, 0x01, 0xC0, 0x00, 0x3C, 0x00, 0x07, 0x00, 0x00, 0x00, 0x00, 0x00, 0x00, 0x00, 0x00,
    0x01, 0xFC, 0x00, 0x3F, 0xF0, 0x07, 0xFF, 0x00, 0xC7, 0xF8, 0x00, 0x0F, 0xE0, 0x00, 0xFE, 0x00,
    0x3F, 0xC0, 0x3F, 0xC0, 0x3F, 0xC0, 0xFF, 0xF0, 0x1F, 0xF8, 0x03, 0xF8, 0x00, 0x60, 0x00, 0x00,
    0x00, 0x00, 0x00, 0x3C, 0x00, 0x00, 0x78, 0x00, 0x00, 0xF0, 0x00, 0x00, 0x00, 0x00, 0x00, 0x00,
    0x00, 0x00, 0x00, 0x00, 0x1F, 0xC0, 0x00, 0x3F, 0xF0, 0x00, 0x7F, 0xF0, 0x00, 0xC7, 0xF8, 0x00,
    0x00, 0xFE, 0x00, 0x00, 0xFE, 0x00, 0x03, 0xFC, 0x00, 0x3F, 0xE0, 0x03, 0xFD, 0xE0, 0xFF, 0xF3,
    0xFF, 0xFF, 0x83, 0xFF, 0xF8, 0x03, 0xFE, 0x00, 0x00, 0x60, 0x00, 0x80, 0x0F, 0x00, 0x3E, 0x00,
    0x78, 0x00, 0xF0, 0x03, 0xC0, 0x07, 0x80, 0x1E, 0x00, 0x38, 0x00, 0xF0, 0x03, 0xC0, 0x0F, 0x60,
    0x7B, 0xFF, 0xEF, 0xFF, 0x1F, 0xF8, 0x07, 0x00, 0x00, 0x80, 0x00, 0x78, 0x00, 0x0F, 0x00, 0x00,
    0xF0, 0x00, 0x0F, 0x00, 0x01, 0xE0, 0x00, 0x1E, 0x00, 0x03, 0xC0, 0x00, 0x38, 0x00, 0x07, 0x80,
    0x00, 0xF0, 0x00, 0x1F, 0x06, 0x07, 0xE1, 0xFF, 0xFF, 0xBF, 0xFF, 0xFB, 0xFF, 0x3F, 0x07, 0x00,
    0x80, 0x00, 0x00, 0x3C, 0x00, 0xF0, 0x03, 0xC0, 0x00, 0x00, 0x00, 0x00, 0x00, 0x00, 0x20, 0x03,
    0xC0, 0x0F, 0x80, 0x1E, 0x00, 0x3C, 0x00, 0xF0, 0x01, 0xE0, 0x07, 0x80, 0x0E, 0x00, 0x3C, 0x00,
    0xF0, 0x03, 0xD8, 0x1E, 0xFF, 0xFB, 0xFF, 0xC7, 0xFE, 0x01, 0xC0, 0x00, 0x00, 0x00, 0xE0, 0x00,
    0x3C, 0x00, 0x03, 0x80, 0x00, 0x00, 0x00, 0x00, 0x00, 0x00, 0x00, 0x00, 0x04, 0x00, 0x03, 0xC0,
    0x00, 0x78, 0x00, 0x07, 0x80, 0x00, 0x78, 0x00, 0x0F, 0x00, 0x00, 0xF0, 0x00, 0x1E, 0x00, 0x01,
    0xC0, 0x00, 0x3C, 0x00, 0x07, 0x80, 0x00, 0xF8, 0x30, 0x3F, 0x0F, 0xFF, 0xFD, 0xFF, 0xFF, 0xDF,
    0xF9, 0xF8, 0x38, 0x04, 0x00, 0x00, 0x3C, 0x03, 0xC0, 0x1C, 0x01, 0xE0, 0x0E, 0x00, 0xE0, 0x0E,
    0x00, 0xE0, 0x0E, 0x00, 0xE0, 0x1E, 0x01, 0xE0, 0x3C, 0x07, 0x81, 0xF8, 0x7F, 0x0F, 0xC0, 0xF8,
    0x06, 0x00, 0x00, 0x00, 0x03, 0x80, 0x03, 0xC0, 0x01, 0xC0, 0x01, 0xE0, 0x00, 0xE0, 0x00, 0xE0,
    0x00, 0xF0, 0x00, 0xF8, 0x00, 0xFF, 0x00, 0xFF, 0x01, 0xFF, 0x01, 0xE6, 0x03, 0xC0, 0x07, 0x80,
    0x1F, 0x80, 0x7F, 0x00, 0xFC, 0x00, 0xF8, 0x00, 0x60, 0x00, 0x00, 0x00, 0x78, 0x07, 0x80, 0x78,
    0x00, 0x00, 0x00, 0x00, 0x00, 0x00, 0x03, 0xC0, 0x3C, 0x01, 0xC0, 0x1E, 0x00, 0xE0, 0x0E, 0x00,
    0xE0, 0x0E, 0x00, 0xE0, 0x0E, 0x01, 0xE0, 0x1E, 0x03, 0xC0, 0x78, 0x1F, 0x87, 0xF0, 0xFC, 0x0F,
    0x80, 0x60, 0x00, 0x02, 0x00, 0x07, 0x00, 0x0F, 0x00, 0x07, 0x00, 0x00, 0x00, 0x00, 0x00, 0x00,
    0x00, 0x00, 0x00, 0x03, 0x80, 0x03, 0xC0, 0x01, 0xC0, 0x01, 0xE0, 0x00, 0xE0, 0x00, 0xE0, 0x00,
    0xF0, 0x00, 0xF8, 0x00, 0xFF, 0x00, 0xFF, 0x01, 0xFF, 0x01, 0xE6, 0x03, 0xC0, 0x07, 0x80, 0x1F,
    0x80, 0x7F, 0x00, 0xFC, 0x00, 0xF8, 0x00, 0x60, 0x00, 0x00, 0x00, 0x00, 0x00, 0x10, 0x00, 0x00,
    0x00, 0x01, 0xE0, 0x00, 0x00, 0x00, 0x07, 0x80, 0x00, 0x00, 0x00, 0x0E, 0x00, 0x00, 0x60, 0x10,
    0x38, 0x00, 0x03, 0x80, 0xF0, 0xF0, 0x00, 0x0F, 0x03, 0x83, 0xC0, 0x00, 0x3C, 0x0E, 0x07, 0x60,
    0x00, 0xF0, 0x38, 0x1D, 0xC0, 0x01, 0xC1, 0xE0, 0x7F, 0x00, 0x07, 0x87, 0x83, 0xF8, 0x00, 0x1F,
    0xFF, 0xFE, 0xE0, 0x00, 0x7F, 0xFF, 0xFB, 0x80, 0x01, 0xFF, 0xBF, 0xCE, 0x00, 0x07, 0x30, 0x18,
    0x38, 0x00, 0x1C, 0x00, 0x00, 0xF0, 0x00, 0xF0, 0x00, 0x03, 0xE0, 0x07, 0x80, 0x00, 0x07, 0xF0,
    0xFC, 0x00, 0x00, 0x0F, 0xFF, 0xF0, 0x00, 0x00, 0x1F, 0xFF, 0x00, 0x00, 0x00, 0x0F, 0xF0, 0x00,
    0x00, 0x00, 0x00, 0x00, 0x00, 0x00, 0x38, 0x00, 0x00, 0x00, 0x00, 0x07, 0x00, 0x00, 0x01, 0x80,
    0x40, 0xE0, 0x00, 0x00, 0x70, 0x1E, 0x1E, 0x00, 0x00, 0x0F, 0x03, 0x83, 0xC0, 0x00, 0x01, 0xE0,
    0x70, 0x78, 0x18, 0x00, 0x3C, 0x0E, 0x07, 0x03, 0x80, 0x03, 0x83, 0xC1, 0xE0, 0xF0, 0x00, 0x78,
    0x78, 0x3E, 0x1C, 0x00, 0x0F, 0xFF, 0xFF, 0xFF, 0x80, 0x01, 0xFF, 0xFF, 0xDF, 0xF0, 0x00, 0x3F,
    0xF7, 0xF1, 0xFE, 0x00, 0x07, 0x30, 0x10, 0x05, 0xC0, 0x00, 0xE0, 0x00, 0x00, 0x3C, 0x00, 0x3C,
    0x00, 0x00, 0x07, 0xC0, 0x0F, 0x00, 0x00, 0x00, 0x7F, 0x0F, 0xE0, 0x00, 0x00, 0x07, 0xFF, 0xF8,
    0x00, 0x00, 0x00, 0x7F, 0xFC, 0x00, 0x00, 0x00, 0x01, 0xFE, 0x00, 0x00, 0x00, 0x00, 0x00, 0x00,
    0x02, 0x00, 0x00, 0x07, 0x00, 0x00, 0x03, 0xC0, 0x00, 0x01, 0xE0, 0x00, 0x20, 0x70, 0x78, 0x3C,
    0x3C, 0x3C, 0x1C, 0x1E, 0x1C, 0x0E, 0x0F, 0x0E, 0x07, 0x03, 0x8F, 0x07, 0x83, 0xC7, 0x83, 0xC1,
    0xFF, 0xFF, 0xFF, 0xEF, 0xFF, 0xFF, 0xF7, 0x9F, 0xEF, 0xE2, 0x01, 0x80, 0xC0, 0x00, 0x00, 0x07,
    0x00, 0x00, 0x00, 0x1C, 0x00, 0x00, 0x20, 0x78, 0x03, 0xC1, 0xE1, 0xE0, 0x0F, 0x07, 0x07, 0x80,
    0x38, 0x1C, 0x0E, 0x00, 0xE0, 0x70, 0x38, 0x07, 0x83, 0xC1, 0xE0, 0x1E, 0x0F, 0x07, 0xC3, 0xFF,
    0xFF, 0xFF, 0xFF, 0xFF, 0xFF, 0xEF, 0xFC, 0xFF, 0x7F, 0x1F, 0x80, 0x60, 0x20, 0x08, 0x00, 0x00,
    0x00, 0x70, 0x00, 0x00, 0x00, 0x03, 0xC0, 0x00, 0x00, 0x00, 0x07, 0x00, 0x00, 0x00, 0x00, 0x1C,
    0x00, 0x00, 0x00, 0x03, 0xDC, 0x00, 0x00, 0x00, 0x0F, 0x78, 0x00, 0x00, 0x00, 0x3D, 0xC0, 0x00,
    0x00, 0x00, 0x00, 0x00, 0x00, 0x00, 0x00, 0x00, 0x10, 0x00, 0x00, 0x00, 0x01, 0xE0, 0x00, 0x00,
    0x00, 0x07, 0x80, 0x00, 0x00, 0x00, 0x0E, 0x00, 0x00, 0x60, 0x10, 0x38, 0x00, 0x03, 0x80, 0xF0,
    0xF0, 0x00, 0x0F, 0x03, 0x83, 0xC0, 0x00, 0x3C, 0x0E, 0x07, 0x60, 0x00, 0xF0, 0x38, 0x1D, 0xC0,
    0x01, 0xC1, 0xE0, 0x7F, 0x00, 0x07, 0x87, 0x83, 0xF8, 0x00, 0x1F, 0xFF, 0xFE, 0xE0, 0x00, 0x7F,
    0xFF, 0xFB, 0x80, 0x01, 0xFF, 0xBF, 0xCE, 0x00, 0x07, 0x30, 0x18, 0x38, 0x00, 0x1C, 0x00, 0x00,
    0xF0, 0x00, 0xF0, 0x00, 0x03, 0xE0, 0x07, 0x80, 0x00, 0x07, 0xF0, 0xFC, 0x00, 0x00, 0x0F, 0xFF,
    0xF0, 0x00, 0x00, 0x1F, 0xFF, 0x00, 0x00, 0x00, 0x0F, 0xF0, 0x00, 0x00, 0x00, 0x00, 0x00, 0x00,
    0x70, 0x00, 0x00, 0x00, 0x00, 0x1E, 0x00, 0x00, 0x00, 0x00, 0x01, 0xC0, 0x00, 0x00, 0x00, 0x00,
    0x38, 0x00, 0x00, 0x00, 0x00, 0x3D, 0xC0, 0x00, 0x00, 0x00, 0x07, 0xBC, 0x00, 0x00, 0x00, 0x00,
    0xF7, 0x00, 0x00, 0x00, 0x00, 0x00, 0x00, 0x00, 0x00, 0x00, 0x00, 0x00, 0x00, 0x00, 0x00, 0x00,
    0x00, 0x00, 0x00, 0x00, 0x00, 0x00, 0x00, 0xE0, 0x00, 0x00, 0x00, 0x00, 0x1C, 0x00, 0x00, 0x06,
    0x01, 0x03, 0x80, 0x00, 0x01, 0xC0, 0x78, 0x78, 0x00, 0x00, 0x3C, 0x0E, 0x0F, 0x00, 0x00, 0x07,
    0x81, 0xC1, 0xE0, 0x60, 0x00, 0xF0, 0x38, 0x1C, 0x0E, 0x00, 0x0E, 0x0F, 0x07, 0x83, 0xC0, 0x01,
    0xE1, 0xE0, 0xF8, 0x70, 0x00, 0x3F, 0xFF, 0xFF, 0xFE, 0x00, 0x07, 0xFF, 0xFF, 0x7F, 0xC0, 0x00,
    0xFF, 0xDF, 0xC7, 0xF8, 0x00, 0x1C, 0xC0, 0x40, 0x17, 0x00, 0x03, 0x80, 0x00, 0x00, 0xF0, 0x00,
    0xF0, 0x00, 0x00, 0x1F, 0x00, 0x3C, 0x00, 0x00, 0x01, 0xFC, 0x3F, 0x80, 0x00, 0x00, 0x1F, 0xFF,
    0xE0, 0x00, 0x00, 0x01, 0xFF, 0xF0, 0x00, 0x00, 0x00, 0x07, 0xF8, 0x00, 0x00, 0x00, 0x00, 0x00,
    0x07, 0x00, 0x00, 0x07, 0x80, 0x00, 0x03, 0xC0, 0x00, 0x00, 0xC0, 0x00, 0x03, 0xDC, 0x00, 0x01,
    0xEF, 0x00, 0x00, 0xF7, 0x00, 0x00, 0x00, 0x00, 0x00, 0x00, 0x02, 0x00, 0x00, 0x07, 0x00, 0x00,
    0x03, 0xC0, 0x00, 0x01, 0xE0, 0x00, 0x20, 0x70, 0x78, 0x3C, 0x3C, 0x3C, 0x1C, 0x1E, 0x1C, 0x0E,
    0x0F, 0x0E, 0x07, 0x03, 0x8F, 0x07, 0x83, 0xC7, 0x83, 0xC1, 0xFF, 0xFF, 0xFF, 0xEF, 0xFF, 0xFF,
    0xF7, 0x9F, 0xEF, 0xE2, 0x01, 0x80, 0xC0, 0x00, 0x07, 0x00, 0x00, 0x00, 0x3C, 0x00, 0x00, 0x00,
    0xF0, 0x00, 0x00, 0x01, 0x80, 0x00, 0x00, 0x3D, 0xC0, 0x00, 0x00, 0xF7, 0x80, 0x00, 0x03, 0xDC,
    0x00, 0x00, 0x00, 0x00, 0x00, 0x00, 0x00, 0x00, 0x00, 0x00, 0x00, 0x00, 0x00, 0x00, 0x00, 0x70,
    0x00, 0x00, 0x01, 0xC0, 0x00, 0x02, 0x07, 0x80, 0x3C, 0x1E, 0x1E, 0x00, 0xF0, 0x70, 0x78, 0x03,
    0x81, 0xC0, 0xE0, 0x0E, 0x07, 0x03, 0x80, 0x78, 0x3C, 0x1E, 0x01, 0xE0, 0xF0, 0x7C, 0x3F, 0xFF,
    0xFF, 0xFF, 0xFF, 0xFF, 0xFE, 0xFF, 0xCF, 0xF7, 0xF1, 0xF8, 0x06, 0x02, 0x00, 0x80, 0x00, 0x00,
    0x00, 0x00, 0x78, 0x00, 0x00, 0x00, 0x00, 0xFF, 0x80, 0x00, 0x00, 0x00, 0x7F, 0xF0, 0x00, 0x01,
    0x80, 0x7F, 0xFE, 0x00, 0x00, 0xE0, 0x3F, 0x07, 0x80, 0x00, 0x3C, 0x1F, 0x00, 0xE0, 0x00, 0x0F,
    0x0F, 0x80, 0x39, 0x80, 0x03, 0xC3, 0xC0, 0x0E, 0x70, 0x00, 0x79, 0xE0, 0x07, 0xBC, 0x00, 0x1F,
    0xF0, 0x07, 0xCE, 0x00, 0x07, 0xFF, 0xFF, 0xF3, 0x80, 0x01, 0xFF, 0xFF, 0xF8, 0xE0, 0x00, 0x7F,
    0xFF, 0xF8, 0x38, 0x00, 0x1C, 0x3F, 0xE0, 0x0E, 0x00, 0x0F, 0x00, 0x00, 0x03, 0xC0, 0x03, 0xC0,
    0x00, 0x00, 0xF8, 0x03, 0xE0, 0x00, 0x00, 0x1F, 0xC7, 0xF0, 0x00, 0x00, 0x03, 0xFF, 0xFC, 0x00,
    0x00, 0x00, 0x7F, 0xFC, 0x00, 0x00, 0x00, 0x03, 0xFC, 0x00, 0x00, 0x00, 0x00, 0x00, 0x00, 0x00,
    0x00, 0x78, 0x00, 0x00, 0x00, 0x00, 0x0F, 0xF8, 0x00, 0x00, 0x00, 0x00, 0x7F, 0xF0, 0x00, 0x00,
    0x18, 0x07, 0xFF, 0xE0, 0x00, 0x00, 0xE0, 0x3F, 0x07, 0x80, 0x00, 0x03, 0xC1, 0xF0, 0x0E, 0x00,
    0x00, 0x0F, 0x0F, 0x80, 0x38, 0x18, 0x00, 0x3C, 0x3C, 0x00, 0xE0, 0x70, 0x00, 0x79, 0xE0, 0x07,
    0x83, 0xC0, 0x01, 0xFF, 0x00, 0x7E, 0x0E, 0x00, 0x07, 0xFF, 0xFF, 0xFF, 0xF8, 0x00, 0x1F, 0xFF,
    0xFF, 0xFF, 0xE0, 0x00, 0x7F, 0xFF, 0xF9, 0xFF, 0x80, 0x01, 0xC3, 0xFE, 0x00, 0x4E, 0x00, 0x0F,
    0x00, 0x00, 0x00, 0x3C, 0x00, 0x3C, 0x00, 0x00, 0x00, 0xF8, 0x03, 0xE0, 0x00, 0x00, 0x01, 0xFC,
    0x7F, 0x00, 0x00, 0x00, 0x03, 0xFF, 0xFC, 0x00, 0x00, 0x00, 0x07, 0xFF, 0xC0, 0x00, 0x00, 0x00,
    0x03, 0xFC, 0x00, 0x00, 0x00, 0x00, 0x00, 0x00, 0x07, 0x00, 0x00, 0x01, 0xFF, 0x00, 0x00, 0x1F,
    0xFC, 0x00, 0x03, 0xFF, 0xE0, 0x70, 0x3F, 0x07, 0x87, 0x83, 0xE0, 0x3C, 0x38, 0x3E, 0x00, 0xE1,
    0xC3, 0xE0, 0x0F, 0x1E, 0x3E, 0x00, 0x78, 0xF9, 0xE0, 0x0F, 0xBF, 0xFF, 0xFF, 0xF9, 0xFF, 0xFF,
    0xFF, 0x8F, 0x1F, 0xFF, 0xF8, 0x40, 0x3F, 0xFE, 0x00, 0x00, 0x00, 0x07, 0x00, 0x00, 0x00, 0x0F,
    0xF8, 0x00, 0x00, 0x07, 0xFF, 0x00, 0x00, 0x07, 0xFF, 0xC0, 0x07, 0x03, 0xF0, 0x78, 0x03, 0xC1,
    0xF0, 0x1E, 0x00, 0xE0, 0xF8, 0x03, 0x80, 0x38, 0x7C, 0x01, 0xE0, 0x1E, 0x3E, 0x00, 0x78, 0x07,
    0xCF, 0x00, 0x7C, 0x0F, 0xFF, 0xFF, 0xFF, 0xFB, 0xFF, 0xFF, 0xFF, 0xFF, 0xF1, 0xFF, 0xFF, 0xBF,
    0xA0, 0x1F, 0xFF, 0x00, 0x40, 0x00, 0x00, 0x00, 0x00, 0x00, 0x00, 0x00, 0x00, 0x00, 0x3C, 0x00,
    0x00, 0x00, 0x00, 0x0F, 0x00, 0x00, 0x00, 0x00, 0x03, 0xC0, 0x00, 0x00, 0x00, 0x00, 0x00, 0x00,
    0x00, 0x00, 0x00, 0x00, 0x00, 0x00, 0x00, 0x00, 0x00, 0x00, 0x00, 0x00, 0x00, 0x01, 0xE0, 0x00,
    0x00, 0x00, 0x03, 0xFE, 0x00, 0x00, 0x00, 0x01, 0xFF, 0xC0, 0x00, 0x06, 0x01, 0xFF, 0xF8, 0x00,
    0x03, 0x80, 0xFC, 0x1E, 0x00, 0x00, 0xF0, 0x7C, 0x03, 0x80, 0x00, 0x3C, 0x3E, 0x00, 0xE6, 0x00,
    0x0F, 0x0F, 0x00, 0x39, 0xC0, 0x01, 0xE7, 0x80, 0x1E, 0xF0, 0x00, 0x7F, 0xC0, 0x1F, 0x38, 0x00,
    0x1F, 0xFF, 0xFF, 0xCE, 0x00, 0x07, 0xFF, 0xFF, 0xE3, 0x80, 0x01, 0xFF, 0xFF, 0xE0, 0xE0, 0x00,
    0x70, 0xFF, 0x80, 0x38, 0x00, 0x3C, 0x00, 0x00, 0x0F, 0x00, 0x0F, 0x00, 0x00, 0x03, 0xE0, 0x0F,
    0x80, 0x00, 0x00, 0x7F, 0x1F, 0xC0, 0x00, 0x00, 0x0F, 0xFF, 0xF0, 0x00, 0x00, 0x01, 0xFF, 0xF0,
    0x00, 0x00, 0x00, 0x0F, 0xF0, 0x00, 0x00, 0x00, 0x00, 0x00, 0x00, 0x00, 0x00, 0x00, 0x00, 0x00,
    0x00, 0x03, 0xC0, 0x00, 0x00, 0x00, 0x00, 0x0F, 0x00, 0x00, 0x00, 0x00, 0x00, 0x3C, 0x00, 0x00,
    0x00, 0x00, 0x00, 0x00, 0x00, 0x00, 0x00, 0x00, 0x00, 0x00, 0x00, 0x00, 0x00, 0x00, 0x00, 0x00,
    0x00, 0x00, 0x00, 0x00, 0x1E, 0x00, 0x00, 0x00, 0x00, 0x03, 0xFE, 0x00, 0x00, 0x00, 0x00, 0x1F,
    0xFC, 0x00, 0x00, 0x06, 0x01, 0xFF, 0xF8, 0x00, 0x00, 0x38, 0x0F, 0xC1, 0xE0, 0x00, 0x00, 0xF0,
    0x7C, 0x03, 0x80, 0x00, 0x03, 0xC3, 0xE0, 0x0E, 0x06, 0x00, 0x0F, 0x0F, 0x00, 0x38, 0x1C, 0x00,
    0x1E, 0x78, 0x01, 0xE0, 0xF0, 0x00, 0x7F, 0xC0, 0x1F, 0x83, 0x80, 0x01, 0xFF, 0xFF, 0xFF, 0xFE,
    0x00, 0x07, 0xFF, 0xFF, 0xFF, 0xF8, 0x00, 0x1F, 0xFF, 0xFE, 0x7F, 0xE0, 0x00, 0x70, 0xFF, 0x80,
    0x13, 0x80, 0x03, 0xC0, 0x00, 0x00, 0x0F, 0x00, 0x0F, 0x00, 0x00, 0x00, 0x3E, 0x00, 0xF8, 0x00,
    0x00, 0x00, 0x7F, 0x1F, 0xC0, 0x00, 0x00, 0x00, 0xFF, 0xFF, 0x00, 0x00, 0x00, 0x01, 0xFF, 0xF0,
    0x00, 0x00, 0x00, 0x00, 0xFF, 0x00, 0x00, 0x00, 0x00, 0x00, 0x00, 0x00, 0x00, 0x00, 0x00, 0x70,
    0x00, 0x00, 0x03, 0xC0, 0x00, 0x00, 0x1C, 0x00, 0x00, 0x00, 0x00, 0x00, 0x00, 0x00, 0x00, 0x00,
    0x00, 0x00, 0x00, 0x00, 0x00, 0xE0, 0x00, 0x00, 0x3F, 0xE0, 0x00, 0x03, 0xFF, 0x80, 0x00, 0x7F,
    0xFC, 0x0E, 0x07, 0xE0, 0xF0, 0xF0, 0x7C, 0x07, 0x87, 0x07, 0xC0, 0x1C, 0x38, 0x7C, 0x01, 0xE3,
    0xC7, 0xC0, 0x0F, 0x1F, 0x3C, 0x01, 0xF7, 0xFF, 0xFF, 0xFF, 0x3F, 0xFF, 0xFF, 0xF1, 0xE3, 0xFF,
    0xFF, 0x08, 0x07, 0xFF, 0xC0, 0x00, 0x00, 0x00, 0x00, 0x00, 0x00, 0x00, 0x03, 0x80, 0x00, 0x00,
    0x00, 0xF0, 0x00, 0x00, 0x00, 0x38, 0x00, 0x00, 0x00, 0x00, 0x00, 0x00, 0x00, 0x00, 0x00, 0x00,
    0x00, 0x00, 0x00, 0x00, 0x00, 0x00, 0x1C, 0x00, 0x00, 0x00, 0x3F, 0xE0, 0x00, 0x00, 0x1F, 0xFC,
    0x00, 0x00, 0x1F, 0xFF, 0x00, 0x1C, 0x0F, 0xC1, 0xE0, 0x0F, 0x07, 0xC0, 0x78, 0x03, 0x83, 0xE0,
    0x0E, 0x00, 0xE1, 0xF0, 0x07, 0x80, 0x78, 0xF8, 0x01, 0xE0, 0x1F, 0x3C, 0x01, 0xF0, 0x3F, 0xFF,
    0xFF, 0xFF, 0xEF, 0xFF, 0xFF, 0xFF, 0xFF, 0xC7, 0xFF, 0xFE, 0xFE, 0x80, 0x7F, 0xFC, 0x01, 0x00,
    0x03, 0x80, 0x00, 0x01, 0xE0, 0x00, 0x00, 0xF0, 0x00, 0x00, 0x78, 0x00, 0x00, 0x3C, 0x00, 0x00,
    0x1E, 0x00, 0x00, 0x0F, 0x00, 0x00, 0x07, 0x80, 0x00, 0x03, 0xC0, 0x00, 0x01, 0xE0, 0x00, 0x00,
    0xF0, 0x00, 0x00, 0x78, 0x1F, 0x00, 0x3C, 0x3F, 0xE0, 0x1E, 0x7F, 0xF8, 0x07, 0x7F, 0xFE, 0x03,
    0xFC, 0x0F, 0x01, 0xFC, 0x03, 0x80, 0xFC, 0x01, 0xC0, 0x7C, 0x00, 0xE0, 0x3C, 0x00, 0xF0, 0x3C,
    0x01, 0xF3, 0xFF, 0xFF, 0xF3, 0xFF, 0xFF, 0xF1, 0xFF, 0xFF, 0xF0, 0x0F, 0xFF, 0x80, 0x00, 0x03,
    0x80, 0x00, 0x00, 0x0F, 0x00, 0x00, 0x00, 0x3C, 0x00, 0x00, 0x00, 0xF0, 0x00, 0x00, 0x03, 0xC0,
    0x00, 0x00, 0x0F, 0x00, 0x00, 0x00, 0x3C, 0x00, 0x00, 0x00, 0xF0, 0x00, 0x00, 0x03, 0xC0, 0x00,
    0x00, 0x0F, 0x00, 0x00, 0x00, 0x3C, 0x00, 0x00, 0x00, 0xF0, 0x3E, 0x00, 0x03, 0xC3, 0xFE, 0x00,
    0x0F, 0x3F, 0xFC, 0x00, 0x1D, 0xFF, 0xF8, 0x00, 0x7F, 0x81, 0xE0, 0x01, 0xFC, 0x03, 0x80, 0x07,
    0xE0, 0x0E, 0x00, 0x1F, 0x00, 0x38, 0x00, 0x78, 0x01, 0xE0, 0x03, 0xC0, 0x1F, 0x01, 0xFF, 0xFF,
    0xFF, 0xEF, 0xFF, 0xFF, 0xFF, 0xFF, 0xFF, 0xFE, 0xFE, 0x0F, 0xFF, 0x80, 0x10, 0x3C, 0x00, 0x00,
    0xF0, 0x00, 0x03, 0xC0, 0x00, 0x0F, 0x00, 0x00, 0x3C, 0x00, 0x00, 0xF0, 0x00, 0x03, 0xC0, 0x00,
    0x0F, 0x00, 0x00, 0x3C, 0x00, 0x00, 0xF0, 0x00, 0x03, 0xC0, 0x00, 0x0F, 0x00, 0xE0, 0x1C, 0x1F,
    0xE0, 0x71, 0xFF, 0xC1, 0xCF, 0xFF, 0x87, 0x7C, 0x1E, 0x1F, 0xC0, 0x38, 0x7E, 0x00, 0xE1, 0xF0,
    0x03, 0x87, 0x80, 0x1E, 0x3C, 0x03, 0xF3, 0xFF, 0xFF, 0x8F, 0xFF, 0xFC, 0x3F, 0xFF, 0xC0, 0xFE,
    0x00, 0x00, 0x3C, 0x00, 0x00, 0x0F, 0x00, 0x00, 0x03, 0xC0, 0x00, 0x00, 0xF0, 0x00, 0x00, 0x3C,
    0x00, 0x00, 0x0F, 0x00, 0x00, 0x03, 0xC0, 0x00, 0x00, 0xF0, 0x00, 0x00, 0x3C, 0x00, 0x00, 0x0F,
    0x00, 0x00, 0x03, 0xC0, 0x00, 0x00, 0xF0, 0x0E, 0x00, 0x1C, 0x1F, 0xE0, 0x07, 0x1F, 0xFC, 0x01,
    0xCF, 0xFF, 0x80, 0x77, 0xC1, 0xE0, 0x1F, 0xC0, 0x38, 0x07, 0xE0, 0x0E, 0x01, 0xF0, 0x03, 0x80,
    0x78, 0x01, 0xE0, 0x3C, 0x03, 0xF0, 0x3F, 0xFF, 0xFF, 0xEF, 0xFF, 0xFF, 0xFF, 0xFF, 0xFC, 0xFE,
    0xFE, 0x00, 0x01, 0x00, 0x03, 0x80, 0x00, 0x01, 0xE0, 0x00, 0x00, 0xF0, 0x00, 0x00, 0x78, 0x00,
    0x00, 0x3C, 0x00, 0x00, 0x1E, 0x03, 0xC0, 0x0F, 0x01, 0xE0, 0x07, 0x80, 0xF0, 0x03, 0xC0, 0x00,
    0x01, 0xE0, 0x00, 0x00, 0xF0, 0x00, 0x00, 0x78, 0x1F, 0x00, 0x3C, 0x3F, 0xE0, 0x1E, 0x7F, 0xF8,
    0x07, 0x7F, 0xFE, 0x03, 0xFC, 0x0F, 0x01, 0xFC, 0x03, 0x80, 0xFC, 0x01, 0xC0, 0x7C, 0x00, 0xE0,
    0x3C, 0x00, 0xF0, 0x3C, 0x01, 0xF3, 0xFF, 0xFF, 0xF3, 0xFF, 0xFF, 0xF1, 0xFF, 0xFF, 0xF0, 0x0F,
    0xFF, 0x80, 0x00, 0x03, 0x80, 0x00, 0x00, 0x0F, 0x00, 0x00, 0x00, 0x3C, 0x00, 0x00, 0x00, 0xF0,
    0x00, 0x00, 0x03, 0xC0, 0x00, 0x00, 0x0F, 0x07, 0x80, 0x00, 0x3C, 0x1E, 0x00, 0x00, 0xF0, 0x78,
    0x00, 0x03, 0xC0, 0x00, 0x00, 0x0F, 0x00, 0x00, 0x00, 0x3C, 0x00, 0x00, 0x00, 0xF0, 0x3E, 0x00,
    0x03, 0xC3, 0xFE, 0x00, 0x0F, 0x3F, 0xFC, 0x00, 0x1D, 0xFF, 0xF8, 0x00, 0x7F, 0x81, 0xE0, 0x01,
    0xFC, 0x03, 0x80, 0x07, 0xE0, 0x0E, 0x00, 0x1F, 0x00, 0x38, 0x00, 0x78, 0x01, 0xE0, 0x03, 0xC0,
    0x1F, 0x01, 0xFF, 0xFF, 0xFF, 0xEF, 0xFF, 0xFF, 0xFF, 0xFF, 0xFF, 0xFE, 0xFE, 0x0F, 0xFF, 0x80,
    0x10, 0x3C, 0x00, 0x00, 0xF0, 0x00, 0x03, 0xC0, 0x00, 0x0F, 0x00, 0x00, 0x3C, 0x04, 0x00, 0xF0,
    0x38, 0x03, 0xC0, 0xF0, 0x0F, 0x03, 0x80, 0x3C, 0x00, 0x00, 0xF0, 0x00, 0x03, 0xC0, 0x00, 0x0F,
    0x00, 0xE0, 0x1C, 0x1F, 0xE0, 0x71, 0xFF, 0xC1, 0xCF, 0xFF, 0x87, 0x7C, 0x1E, 0x1F, 0xC0, 0x38,
    0x7E, 0x00, 0xE1, 0xF0, 0x03, 0x87, 0x80, 0x1E, 0x3C, 0x03, 0xF3, 0xFF, 0xFF, 0x8F, 0xFF, 0xFC,
    0x3F, 0xFF, 0xC0, 0xFE, 0x00, 0x00, 0x3C, 0x00, 0x00, 0x0F, 0x00, 0x00, 0x03, 0xC0, 0x00, 0x00,
    0xF0, 0x00, 0x00, 0x3C, 0x04, 0x00, 0x0F, 0x03, 0x80, 0x03, 0xC0, 0xF0, 0x00, 0xF0, 0x38, 0x00,
    0x3C, 0x00, 0x00, 0x0F, 0x00, 0x00, 0x03, 0xC0, 0x00, 0x00, 0xF0, 0x0E, 0x00, 0x1C, 0x1F, 0xE0,
    0x07, 0x1F, 0xFC, 0x01, 0xCF, 0xFF, 0x80, 0x77, 0xC1, 0xE0, 0x1F, 0xC0, 0x38, 0x07, 0xE0, 0x0E,
    0x01, 0xF0, 0x03, 0x80, 0x78, 0x01, 0xE0, 0x3C, 0x03, 0xF0, 0x3F, 0xFF, 0xFF, 0xEF, 0xFF, 0xFF,
    0xFF, 0xFF, 0xFC, 0xFE, 0xFE, 0x00, 0x01, 0x00, 0x07, 0xE0, 0x01, 0xFF, 0x00, 0x3F, 0xE0, 0x03,
    0xFE, 0x00, 0x78, 0x00, 0x07, 0x00, 0x00, 0x70, 0x00, 0x07, 0x80, 0x00, 0x78, 0x0C, 0x03, 0xE7,
    0xC0, 0x3F, 0xFE, 0x01, 0xFF, 0xC0, 0x0F, 0xC0, 0x01, 0xF0, 0x00, 0x3E, 0x00, 0x03, 0xC0, 0x00,
    0x78, 0x00, 0x07, 0x00, 0x00, 0xF0, 0x00, 0x0F, 0x00, 0x00, 0xE0, 0x00, 0x0E, 0x00, 0x00, 0xF0,
    0x00, 0x0F, 0x00, 0x00, 0xF8, 0x00, 0x07, 0xC0, 0x00, 0x3F, 0x00, 0xE1, 0xFF, 0xFE, 0x0F, 0xFF,
    0xE0, 0x3F, 0xFC, 0x00, 0x00, 0x00, 0x01, 0xF8, 0x00, 0xFF, 0xC0, 0x1F, 0xFE, 0x03, 0xF3, 0xE0,
    0x38, 0x0E, 0x03, 0xC0, 0xE0, 0x1E, 0x1E, 0x00, 0xF3, 0xC0, 0x07, 0xF8, 0x00, 0x3F, 0x00, 0x03,
    0xF8, 0x00, 0x7F, 0xFE, 0x1F, 0xFF, 0xF3, 0xE1, 0xFE, 0x3C, 0x00, 0xC7, 0x80, 0x00, 0x70, 0x00,
    0x0F, 0x00, 0x00, 0xF0, 0x00, 0x0E, 0x00, 0x00, 0xF0, 0x00, 0x0F, 0x00, 0x00, 0xF8, 0x00, 0x07,
    0xE0, 0x3C, 0x7F, 0xFF, 0xE1, 0xFF, 0xFC, 0x0F, 0xFF, 0x00, 0x00, 0x00, 0x01, 0xF8, 0x07, 0xF8,
    0x0F, 0xF8, 0x1F, 0xB0, 0x1E, 0x00, 0x3C, 0x00, 0x3C, 0x00, 0x3C, 0x00, 0x3C, 0x00, 0x1E, 0x02,
    0x1F, 0x8F, 0x0F, 0xFF, 0xFF, 0xFF, 0xFF, 0xF8, 0xFF, 0xC0, 0xC0, 0x00, 0x03, 0xF8, 0x00, 0xFF,
    0xC0, 0x1F, 0xFE, 0x03, 0xF3, 0xE0, 0x78, 0x0E, 0x03, 0xC0, 0xE0, 0x3E, 0x1E, 0x01, 0xF3, 0xC0,
    0x0F, 0xFC, 0x00, 0x7F, 0x80, 0x07, 0xF8, 0x0F, 0xFF, 0xFE, 0xFF, 0xFF, 0xEF, 0xC1, 0xFE, 0x80,
    0x00, 0xC0, 0x00, 0x00, 0x00, 0x3C, 0x00, 0x03, 0xC0, 0x00, 0x3C, 0x00, 0x00, 0x00, 0x00, 0x00,
    0x00, 0x00, 0x00, 0x00, 0x7E, 0x00, 0x1F, 0xF0, 0x03, 0xFE, 0x00, 0x3F, 0xE0, 0x07, 0x80, 0x00,
    0x70, 0x00, 0x07, 0x00, 0x00, 0x78, 0x00, 0x07, 0x80, 0xC0, 0x3E, 0x7C, 0x03, 0xFF, 0xE0, 0x1F,
    0xFC, 0x00, 0xFC, 0x00, 0x1F, 0x00, 0x03, 0xE0, 0x00, 0x3C, 0x00, 0x07, 0x80, 0x00, 0x70, 0x00,
    0x0F, 0x00, 0x00, 0xF0, 0x00, 0x0E, 0x00, 0x00, 0xE0, 0x00, 0x0F, 0x00, 0x00, 0xF0, 0x00, 0x0F,
    0x80, 0x00, 0x7C, 0x00, 0x03, 0xF0, 0x0E, 0x1F, 0xFF, 0xE0, 0xFF, 0xFE, 0x03, 0xFF, 0xC0, 0x00,
    0x00, 0x00, 0x00, 0x00, 0x0F, 0x00, 0x00, 0xF0, 0x00, 0x0F, 0x00, 0x00, 0x00, 0x00, 0x00, 0x00,
    0x00, 0x00, 0x00, 0x1F, 0x80, 0x0F, 0xFC, 0x01, 0xFF, 0xE0, 0x3F, 0x3E, 0x03, 0x80, 0xE0, 0x3C,
    0x0E, 0x01, 0xE1, 0xE0, 0x0F, 0x3C, 0x00, 0x7F, 0x80, 0x03, 0xF0, 0x00, 0x3F, 0x80, 0x07, 0xFF,
    0xE1, 0xFF, 0xFF, 0x3E, 0x1F, 0xE3, 0xC0, 0x0C, 0x78, 0x00, 0x07, 0x00, 0x00, 0xF0, 0x00, 0x0F,
    0x00, 0x00, 0xE0, 0x00, 0x0F, 0x00, 0x00, 0xF0, 0x00, 0x0F, 0x80, 0x00, 0x7E, 0x03, 0xC7, 0xFF,
    0xFE, 0x1F, 0xFF, 0xC0, 0xFF, 0xF0, 0x00, 0x00, 0x00, 0x00, 0x00, 0x01, 0xE0, 0x01, 0xE0, 0x01,
    0xE0, 0x00, 0x00, 0x00, 0x00, 0x00, 0x00, 0x01, 0xF8, 0x07, 0xF8, 0x0F, 0xF8, 0x1F, 0xB0, 0x1E,
    0x00, 0x3C, 0x00, 0x3C, 0x00, 0x3C, 0x00, 0x3C, 0x00, 0x1E, 0x02, 0x1F, 0x8F, 0x0F, 0xFF, 0xFF,
    0xFF, 0xFF, 0xF8, 0xFF, 0xC0, 0xC0, 0x00, 0x00, 0x00, 0x00, 0x1E, 0x00, 0x01, 0xE0, 0x00, 0x1E,
    0x00, 0x00, 0x00, 0x00, 0x00, 0x00, 0x00, 0x00, 0x00, 0x3F, 0x80, 0x0F, 0xFC, 0x01, 0xFF, 0xE0,
    0x3F, 0x3E, 0x07, 0x80, 0xE0, 0x3C, 0x0E, 0x03, 0xE1, 0xE0, 0x1F, 0x3C, 0x00, 0xFF, 0xC0, 0x07,
    0xF8, 0x00, 0x7F, 0x80, 0xFF, 0xFF, 0xEF, 0xFF, 0xFE, 0xFC, 0x1F, 0xE8, 0x00, 0x0C, 0x00, 0x00,
    0x00, 0x00, 0x00, 0x00, 0x03, 0x80, 0x00, 0x00, 0x0F, 0x00, 0x00, 0x00, 0x0E, 0x00, 0x00, 0x00,
    0x00, 0x00, 0x00, 0x00, 0x00, 0x00, 0x00, 0x00, 0x00, 0x00, 0x00, 0x00, 0xF0, 0x00, 0x00, 0x07,
    0xF0, 0x00, 0x00, 0x0F, 0xF0, 0x00, 0x00, 0x3D, 0xF0, 0x00, 0x00, 0x71, 0xE4, 0x00, 0x01, 0xE1,
    0xDE, 0x00, 0x03, 0x83, 0xBC, 0x00, 0x07, 0x07, 0xF0, 0x00, 0x0F, 0x0F, 0xE0, 0x00, 0x1F, 0xFF,
    0xC0, 0x00, 0x1F, 0xFF, 0x80, 0x00, 0x1F, 0xF7, 0x80, 0x00, 0x00, 0xEF, 0x80, 0x00, 0x03, 0xCF,
    0xF8, 0x00, 0xFF, 0x8F, 0xFF, 0xFF, 0xFE, 0x0F, 0xFF, 0xFF, 0xF8, 0x03, 0xFF, 0xFF, 0x80, 0x00,
    0x00, 0x00, 0x00, 0x00, 0x00, 0x00, 0x00, 0xE0, 0x00, 0x00, 0x00, 0x07, 0x80, 0x00, 0x00, 0x00,
    0x0E, 0x00, 0x00, 0x00, 0x00, 0x00, 0x00, 0x00, 0x00, 0x00, 0x00, 0x00, 0x00, 0x00, 0x00, 0x00,
    0x00, 0x00, 0x00, 0x1F, 0x00, 0x00, 0x00, 0x00, 0xFE, 0x01, 0x00, 0x00, 0x07, 0xFC, 0x0F, 0x00,
    0x00, 0x3E, 0xF8, 0x3C, 0x00, 0x00, 0xF1, 0xE0, 0xE0, 0x00, 0x03, 0x83, 0x83, 0x80, 0x00, 0x1E,
    0x0E, 0x0E, 0x00, 0x00, 0x78, 0x38, 0x38, 0x00, 0x00, 0xF1, 0xE0, 0xF0, 0x00, 0x03, 0xEF, 0x83,
    0xE0, 0x00, 0x07, 0xFC, 0x07, 0xFC, 0x07, 0xFF, 0xFF, 0x8F, 0xFF, 0xFF, 0xFF, 0xFF, 0x1F, 0xFF,
    0xFF, 0xFF, 0xF8, 0x0F, 0xFF, 0xF0, 0x00, 0xC0, 0x01, 0x00, 0x0E, 0x00, 0x78, 0x00, 0xE0, 0x00,
    0x00, 0x00, 0x00, 0x00, 0x00, 0xF0, 0x07, 0xF0, 0x3F, 0xC1, 0xEF, 0x87, 0x1E, 0x3C, 0x38, 0xE0,
    0xF3, 0xC3, 0xCF, 0x0F, 0x1F, 0xFC, 0x7F, 0xF0, 0x7F, 0x80, 0x1E, 0x00, 0xFB, 0xFF, 0xCF, 0xFE,
    0x3F, 0xE0, 0xC0, 0x00, 0x00, 0x00, 0x00, 0x78, 0x00, 0x0F, 0x00, 0x01, 0xE0, 0x00, 0x00, 0x00,
    0x00, 0x00, 0x00, 0x00, 0x00, 0x1F, 0x00, 0x0F, 0xF0, 0x01, 0xFF, 0x00, 0x7D, 0xF0, 0x0E, 0x1E,
    0x03, 0xC1, 0xC0, 0x78, 0x38, 0x0F, 0x07, 0x00, 0xE1, 0xE0, 0x1E, 0x7C, 0x01, 0xFF, 0x03, 0xFF,
    0xFF, 0x7F, 0xFF, 0xEF, 0xFF, 0xFD, 0x80, 0x03, 0x00, 0x00, 0x00, 0x00, 0x00, 0x07, 0xB8, 0x00,
    0x07, 0xBC, 0x00, 0x07, 0xB8, 0x00, 0x00, 0x00, 0x00, 0x00, 0x00, 0x00, 0x00, 0x00, 0x00, 0x01,
    0xF0, 0x00, 0x03, 0xFC, 0x00, 0x07, 0xFC, 0x00, 0x07, 0x9E, 0x00, 0x07, 0x1E, 0x00, 0x0F, 0x0E,
    0x70, 0x0E, 0x0F, 0x70, 0x0F, 0x0F, 0xF0, 0x0F, 0x9F, 0xF0, 0x0F, 0xFF, 0xE0, 0x07, 0xFF, 0xE0,
    0x01, 0xFE, 0xE0, 0x00, 0x0E, 0xE0, 0x00, 0x1E, 0xF0, 0x00, 0x3C, 0xF8, 0x00, 0x7C, 0x7E, 0x01,
    0xF8, 0x7F, 0xFF, 0xF0, 0x3F, 0xFF, 0xE0, 0x0F, 0xFF, 0x80, 0x00, 0xF8, 0x00, 0x00, 0x00, 0x00,
    0x00, 0x00, 0x39, 0xC0, 0x00, 0x03, 0xFC, 0x00, 0x00, 0x39, 0xC0, 0x00, 0x00, 0x00, 0x00, 0x00,
    0x00, 0x00, 0x00, 0x00, 0x00, 0x00, 0x00, 0x00, 0x00, 0x00, 0x01, 0xF8, 0x00, 0x00, 0x3F, 0xC0,
    0x00, 0x07, 0xFC, 0x00, 0x00, 0x79, 0xE0, 0x00, 0x0F, 0x0E, 0x00, 0x00, 0xE0, 0xE0, 0x70, 0x0E,
    0x0F, 0x07, 0x00, 0xF0, 0xF0, 0xF0, 0x0F, 0xFF, 0xEF, 0x00, 0x7F, 0xFF, 0xE0, 0x03, 0xFF, 0xFE,
    0x00, 0x07, 0xFC, 0xE0, 0x00, 0x0E, 0x0F, 0x00, 0x01, 0xE0, 0xF0, 0x00, 0x3C, 0x0F, 0x80, 0x07,
    0xC0, 0x7E, 0x03, 0xF8, 0x03, 0xFF, 0xFF, 0x00, 0x1F, 0xFF, 0xE0, 0x00, 0x7F, 0xF0, 0x00, 0x00,
    0x00, 0x00, 0x00, 0x00, 0x00, 0x7B, 0x81, 0xEF, 0x07, 0xB8, 0x00, 0x00, 0x00, 0x00, 0x00, 0x00,
    0xF0, 0x07, 0xF0, 0x3F, 0xC1, 0xEF, 0x87, 0x1E, 0x3C, 0x38, 0xE0, 0xF3, 0xC3, 0xCF, 0x0F, 0x1F,
    0xFC, 0x7F, 0xF0, 0x7F, 0x80, 0x1E, 0x00, 0xFB, 0xFF, 0xCF, 0xFE, 0x3F, 0xE0, 0xC0, 0x00, 0x00,
    0x20, 0x01, 0xEE, 0x00, 0x3D, 0xE0, 0x07, 0xB8, 0x00, 0x00, 0x00, 0x00, 0x00, 0x00, 0x00, 0x00,
    0x1F, 0x00, 0x0F, 0xF0, 0x01, 0xFF, 0x00, 0x7D, 0xF0, 0x0E, 0x1E, 0x03, 0xC1, 0xC0, 0x78, 0x38,
    0x0F, 0x07, 0x00, 0xE1, 0xE0, 0x1E, 0x7C, 0x01, 0xFF, 0x03, 0xFF, 0xFF, 0x7F, 0xFF, 0xEF, 0xFF,
    0xFD, 0x80, 0x03, 0x00, 0x00, 0x00, 0x01, 0xC0, 0x00, 0x00, 0x38, 0x00, 0x00, 0x07, 0x00, 0x00,
    0x00, 0xE0, 0x00, 0x00, 0x1C, 0x00, 0x00, 0x03, 0x80, 0x00, 0xE0, 0x70, 0x00, 0x3C, 0x0E, 0x00,
    0x0F, 0x81, 0xC0, 0x01, 0xC0, 0x38, 0x00, 0x38, 0x07, 0x00, 0x07, 0x80, 0xF4, 0x00, 0x78, 0x1F,
    0xE0, 0x07, 0x03, 0xFC, 0x07, 0xE0, 0x7F, 0x01, 0xF8, 0x0F, 0xE0, 0x1C, 0x01, 0xFC, 0x00, 0x00,
    0x3F, 0x80, 0x00, 0x07, 0xF8, 0x00, 0x00, 0xEF, 0x80, 0x00, 0x3C, 0xFF, 0x81, 0xFF, 0x8F, 0xFF,
    0xFF, 0xE0, 0xFF, 0xFF, 0xF0, 0x03, 0xFF, 0xF0, 0x00, 0x00, 0x00, 0x01, 0xC0, 0x00, 0x00, 0x01,
    0xC0, 0x00, 0x00, 0x01, 0xC0, 0x00, 0x00, 0x01, 0xC0, 0x00, 0x00, 0x01, 0xC0, 0x00, 0x00, 0x01,
    0xC0, 0x00, 0x03, 0x81, 0xC0, 0x00, 0x07, 0x81, 0xC0, 0x00, 0x0F, 0x81, 0xC0, 0x00, 0x0E, 0x01,
    0xC0, 0x00, 0x0E, 0x01, 0xC0, 0x00, 0x0F, 0x01, 0xE0, 0x40, 0x07, 0x81, 0xE0, 0xF0, 0x03, 0x81,
    0xE0, 0xF0, 0x1F, 0x81, 0xE0, 0xE0, 0x3F, 0x01, 0xE0, 0xE0, 0x1C, 0x01, 0xE0, 0xE0, 0x00, 0x01,
    0xE0, 0xE0, 0x00, 0x01, 0xE0, 0xF0, 0x00, 0x01, 0xE0, 0xF8, 0x00, 0x03, 0xF0, 0x7F, 0xC0, 0xFF,
    0xFE, 0x3F, 0xFF, 0xFF, 0xFF, 0x1F, 0xFF, 0xFE, 0x3F, 0x03, 0xFF, 0xF0, 0x04, 0x00, 0x08, 0x00,
    0x78, 0x03, 0xF0, 0x1F, 0xE0, 0xFF, 0x03, 0xF8, 0x0F, 0xC0, 0x3E, 0x00, 0x70, 0x00, 0xF0, 0x01,
    0xF8, 0x00, 0xF8, 0x00, 0xF8, 0x00, 0xF8, 0x00, 0xF0, 0x00, 0xF0, 0x00, 0xE0, 0x01, 0xE0, 0x01,
    0xC0, 0x03, 0x80, 0x0F, 0x1F, 0xFE, 0x3F, 0xF8, 0x7F, 0xC0, 0xF8, 0x00, 0x00, 0x08, 0x00, 0x07,
    0x80, 0x03, 0xF0, 0x01, 0xFE, 0x00, 0xFF, 0x00, 0x3F, 0x80, 0x0F, 0xC0, 0x03, 0xE0, 0x00, 0x70,
    0x00, 0x0F, 0x00, 0x01, 0xF0, 0x00, 0x1F, 0x00, 0x01, 0xF0, 0x00, 0x1F, 0x00, 0x00, 0xF0, 0x00,
    0x1F, 0x00, 0x01, 0xE0, 0x00, 0x1E, 0x00, 0x01, 0xE0, 0x00, 0x3C, 0x00, 0x0F, 0xE1, 0xFF, 0xFF,
    0xBF, 0xFB, 0xFF, 0xFC, 0x3F, 0xF0, 0x00, 0x80, 0x00, 0x00, 0xF0, 0x00, 0x07, 0x80, 0x00, 0x3C,
    0x00, 0x01, 0xE0, 0x00, 0x0F, 0x00, 0x00, 0x78, 0x00, 0x01, 0xC0, 0x00, 0x0E, 0x00, 0x00, 0x70,
    0x00, 0x03, 0x80, 0x00, 0x1C, 0x00, 0x00, 0xE0, 0x00, 0x07, 0x00, 0x00, 0x38, 0x00, 0x01, 0xC0,
    0x00, 0x0E, 0x00, 0x00, 0x70, 0x00, 0x03, 0x98, 0x00, 0x1C, 0xE0, 0x00, 0xEF, 0x00, 0x07, 0x70,
    0x00, 0x3B, 0x80, 0x01, 0xDC, 0x00, 0x0E, 0xE0, 0x00, 0xF7, 0x00, 0x07, 0x3C, 0x00, 0x79, 0xF0,
    0x07, 0xC7, 0xF1, 0xFC, 0x1F, 0xFF, 0xC0, 0x7F, 0xFC, 0x00, 0xFF, 0x80, 0x00, 0x00, 0xF0, 0x00,
    0x00, 0x78, 0x00, 0x00, 0x3C, 0x00, 0x00, 0x1E, 0x00, 0x00, 0x0F, 0x00, 0x00, 0x07, 0x80, 0x00,
    0x01, 0xC0, 0x00, 0x00, 0xE0, 0x00, 0x00, 0x70, 0x00, 0x00, 0x38, 0x00, 0x00, 0x1C, 0x00, 0x00,
    0x0E, 0x00, 0x00, 0x07, 0x00, 0x00, 0x03, 0x80, 0x00, 0x01, 0xC0, 0x00, 0x00, 0xE0, 0x00, 0x00,
    0x70, 0x00, 0x00, 0x38, 0x18, 0x00, 0x1E, 0x0E, 0x00, 0x0F, 0x0F, 0x00, 0x07, 0xC7, 0x00, 0x03,
    0xFF, 0x80, 0x01, 0xFF, 0xC0, 0x00, 0xFF, 0xE0, 0x00, 0xF1, 0x70, 0x00, 0x78, 0x3C, 0x00, 0x78,
    0x1F, 0x00, 0x7C, 0x07, 0xF1, 0xFC, 0x01, 0xFF, 0xFC, 0x00, 0x7F, 0xFC, 0x00, 0x0F, 0xF0, 0x00,
    0x1C, 0x38, 0x70, 0xE1, 0xE3, 0xC7, 0x8F, 0x1E, 0x3C, 0x78, 0xF1, 0xE3, 0xC7, 0x8F, 0x0E, 0x1C,
    0x38, 0xF1, 0xFF, 0xBF, 0x7C, 0x80, 0x1C, 0x01, 0xE0, 0x1E, 0x01, 0xE0, 0x1E, 0x01, 0xE0, 0x1E,
    0x01, 0xE0, 0x1E, 0x01, 0xE0, 0x1E, 0x01, 0xE0, 0x1E, 0x01, 0xE0, 0x1E, 0x01, 0xE0, 0x0E, 0x00,
    0xE0, 0x0E, 0x01, 0xE0, 0x1F, 0x0F, 0xFF, 0xFF, 0xFF, 0x9F, 0x80, 0x40, 0x03, 0xE0, 0x0F, 0xF0,
    0x3F, 0xF0, 0xF9, 0xE3, 0xC1, 0xE7, 0x03, 0xC0, 0x03, 0x80, 0x07, 0x07, 0xFE, 0x3F, 0xFC, 0xFF,
    0xFB, 0xF3, 0xE7, 0x80, 0x1E, 0x00, 0x3C, 0x00, 0x78, 0x00, 0xF0, 0x01, 0xE0, 0x01, 0xC0, 0x03,
    0x80, 0x07, 0x00, 0x0F, 0x00, 0x1E, 0x00, 0x3C, 0x00, 0x38, 0x00, 0x70, 0x00, 0x00, 0x00, 0x00,
    0x00, 0x00, 0x07, 0xC0, 0x00, 0xFF, 0x00, 0x0F, 0xFC, 0x00, 0xFD, 0xE0, 0x0F, 0x87, 0x00, 0xF8,
    0x3C, 0x07, 0xC0, 0xE0, 0x7F, 0x07, 0x83, 0xBC, 0x3C, 0x3D, 0xFF, 0xFD, 0xE7, 0xFF, 0xFF, 0x1F,
    0xEF, 0xF0, 0x3E, 0x13, 0x80, 0x00, 0x1E, 0x00, 0x00, 0xF0, 0x00, 0x07, 0x80, 0x00, 0x3C, 0x00,
    0x00, 0xE0, 0x00, 0x07, 0x00, 0x00, 0x3C, 0x00, 0x01, 0xE0, 0x00, 0x07, 0x00, 0x00, 0x38, 0x00,
    0x01, 0xC0, 0x00, 0x00, 0x00, 0x00, 0x01, 0xF8, 0x03, 0xFC, 0x03, 0xFE, 0x07, 0x9E, 0x0F, 0x0F,
    0x0E, 0x0F, 0x1E, 0x07, 0x1C, 0x07, 0x3F, 0x0F, 0xFF, 0xFE, 0xFF, 0xFE, 0xF1, 0xFC, 0x80, 0x00,
    0x00, 0x00, 0x00, 0x0F, 0xC0, 0x00, 0xFF, 0x00, 0x0F, 0xF8, 0x00, 0x79, 0xE0, 0x07, 0x87, 0x00,
    0x38, 0x3C, 0x03, 0xC0, 0xE0, 0x1F, 0x07, 0x81, 0xFC, 0x3E, 0x3F, 0xFB, 0xFF, 0xF7, 0xFF, 0xFF,
    0x1F, 0xEF, 0xC0, 0x3E, 0x08, 0x00, 0x00, 0x00, 0x07, 0x80, 0x00, 0x3C, 0x00, 0x01, 0xE0, 0x00,
    0x00, 0x00, 0x00, 0x00, 0x00, 0x00, 0x01, 0x00, 0x00, 0x3C, 0x00, 0x01, 0xE0, 0x00, 0x07, 0x00,
    0x00, 0x3C, 0xC0, 0x01, 0xE7, 0x00, 0x07, 0x78, 0x00, 0x3B, 0x80, 0x01, 0xFC, 0x00, 0x0F, 0xE0,
    0x00, 0x77, 0x00, 0x03, 0xB8, 0x00, 0x3D, 0xE0, 0x01, 0xEF, 0x80, 0x3E, 0x3F, 0x8F, 0xE0, 0xFF,
    0xFE, 0x03, 0xFF, 0xE0, 0x03, 0xFC, 0x00, 0x00, 0x00, 0x00, 0x00, 0x78, 0x00, 0x00, 0x3C, 0x00,
    0x00, 0x1E, 0x00, 0x00, 0x00, 0x00, 0x00, 0x00, 0x00, 0x00, 0x00, 0x00, 0x00, 0x00, 0x00, 0xC0,
    0x00, 0x00, 0xE0, 0x00, 0x00, 0x78, 0x00, 0x00, 0x3C, 0x0C, 0x00, 0x1E, 0x07, 0x00, 0x07, 0x07,
    0x80, 0x03, 0xC3, 0x80, 0x01, 0xFF, 0xC0, 0x00, 0xFF, 0xE0, 0x00, 0x7F, 0xF0, 0x00, 0x38, 0xB8,
    0x00, 0x1C, 0x1E, 0x00, 0x1E, 0x0F, 0x80, 0x1E, 0x03, 0xF8, 0x7F, 0x00, 0xFF, 0xFF, 0x00, 0x3F,
    0xFE, 0x00, 0x07, 0xFC, 0x00, 0x00, 0x00, 0x1C, 0x3C, 0x1C, 0x00, 0x00, 0x00, 0x04, 0x1C, 0x1E,
    0x1E, 0x0E, 0x0E, 0x0F, 0x0F, 0x0F, 0x0F, 0x0E, 0xFE, 0xFC, 0xF8, 0x80, 0x00, 0x00, 0x78, 0x01,
    0xE0, 0x07, 0x80, 0x00, 0x00, 0x00, 0x00, 0x00, 0x01, 0x80, 0x07, 0x00, 0x3C, 0x00, 0xF0, 0x03,
    0xC0, 0x0F, 0x00, 0x7C, 0x0F, 0xFF, 0xBF, 0xFE, 0xF9, 0xFA, 0x00, 0xC0, 0x0C, 0x00, 0xE0, 0x1F,
    0x01, 0xF8, 0x1F, 0xC3, 0xBC, 0x79, 0xE7, 0x0E, 0xE0, 0xFE, 0x07, 0xE0, 0x7E, 0x0F, 0xF0, 0xEF,
    0xFE, 0x7F, 0xC3, 0xF8, 0x00, 0xE0, 0x00, 0x70, 0x00, 0x3C, 0x00, 0x7E, 0x00, 0xFF, 0x01, 0xFF,
    0x81, 0xFF, 0xC0, 0xF1, 0xE0, 0xF0, 0xF0, 0x70, 0x78, 0x38, 0x3C, 0x1E, 0x1E, 0x0F, 0xFF, 0x03,
    0xFF, 0x80, 0xFF, 0xE0, 0x00, 0xFF, 0x00, 0x3F, 0x80, 0x0F, 0xC0, 0x00, 0xC0, 0x02, 0x00, 0x01,
    0xC0, 0x00, 0x7C, 0x00, 0x1F, 0x80, 0x0F, 0xF0, 0x07, 0xFE, 0x01, 0xE7, 0xC0, 0xF1, 0xF8, 0x3C,
    0x3F, 0x0F, 0x0F, 0xE3, 0xC7, 0xF8, 0x7B, 0xCF, 0x1F, 0xF3, 0xC3, 0xF8, 0xFF, 0xFF, 0xFF, 0xFF,
    0xFE, 0xFC, 0xFF, 0x20, 0x07, 0x00, 0x00, 0xF0, 0x00, 0x7F, 0x00, 0x1F, 0xF0, 0x03, 0xDE, 0x00,
    0xF3, 0xC0, 0x1C, 0x38, 0x07, 0x87, 0x00, 0xE1, 0xE0, 0x1C, 0x38, 0x03, 0x8F, 0x00, 0xF7, 0xC0,
    0x7F, 0xFF, 0xEF, 0xFF, 0xFF, 0xFC, 0xFF, 0xE7, 0x03, 0xA0, 0xE0, 0x70, 0x1E, 0x0F, 0x03, 0xE1,
    0xC0, 0x3F, 0xF8, 0x03, 0xFF, 0x00, 0x3F, 0xC0, 0x00, 0xC0, 0x00, 0x03, 0x00, 0x7E, 0x07, 0xF8,
    0x7F, 0xC3, 0x8F, 0x3C, 0x79, 0xC1, 0xCE, 0x0E, 0x70, 0x73, 0xFF, 0x9F, 0xFC, 0x7F, 0xE0, 0x7F,
    0x00, 0x78, 0x07, 0x80, 0xF8, 0x7F, 0xC7, 0xF8, 0x3F, 0x80, 0xE0, 0x00, 0x03, 0x00, 0x07, 0xE0,
    0x07, 0xF8, 0x07, 0xFC, 0x07, 0x8F, 0x03, 0xC7, 0x81, 0xC1, 0xC0, 0xE0, 0xE0, 0x78, 0x70, 0x3F,
    0xFF, 0x8F, 0xFF, 0xE3, 0xFF, 0xF0, 0x3F, 0xE0, 0x07, 0x80, 0x07, 0x80, 0x0F, 0x80, 0x7F, 0xC0,
    0x7F, 0x80, 0x3F, 0x80, 0x0E, 0x00, 0x00, 0x00, 0x00, 0x7E, 0x00, 0x01, 0xFF, 0x00, 0x03, 0xFF,
    0x00, 0x07, 0xC2, 0x00, 0x0F, 0x00, 0x00, 0x0E, 0x00, 0x00, 0x0E, 0x00, 0x00, 0x1E, 0x00, 0x60,
    0x1F, 0x00, 0x70, 0x0F, 0xC0, 0xF0, 0x07, 0xF0, 0xE0, 0x03, 0xFC, 0xE0, 0x00, 0x7E, 0xE0, 0x00,
    0x1E, 0xE0, 0x00, 0x1E, 0xE0, 0x00, 0x1C, 0xF0, 0x00, 0x3C, 0xF8, 0x00, 0xF8, 0x7F, 0x0F, 0xF0,
    0x3F, 0xFF, 0xE0, 0x1F, 0xFF, 0x80, 0x03, 0xFE, 0x00, 0x60, 0x00, 0x00, 0x1C, 0x00, 0x70, 0x0F,
    0x00, 0x1F, 0x83, 0x80, 0x07, 0xFE, 0xE0, 0x00, 0xFF, 0xF8, 0x00, 0x0F, 0xEE, 0x00, 0x00, 0xF3,
    0x80, 0x00, 0x78, 0xF0, 0x00, 0x1E, 0x3E, 0x00, 0x1F, 0x07, 0xF0, 0x7F, 0x80, 0xFF, 0xFF, 0xC0,
    0x1F, 0xFF, 0xC0, 0x00, 0xFF, 0x80, 0x00, 0x00, 0x00, 0x7E, 0x00, 0x01, 0xFF, 0x00, 0x03, 0xFF,
    0x00, 0x07, 0xC2, 0x00, 0x0F, 0x00, 0x00, 0x0E, 0x00, 0x00, 0x0E, 0x00, 0x00, 0x1E, 0x00, 0x60,
    0x1F, 0x00, 0x70, 0x0F, 0xC0, 0xF0, 0x07, 0xF0, 0xE0, 0x03, 0xFC, 0xE0, 0x00, 0x7E, 0xE0, 0x00,
    0x1E, 0xE0, 0x00, 0x1E, 0xE0, 0x00, 0x1C, 0xF0, 0x00, 0x3C, 0xF8, 0x00, 0xF8, 0x7F, 0x0F, 0xF0,
    0x3F, 0xFF, 0xE0, 0x1F, 0xFF, 0x80, 0x03, 0xFE, 0x00, 0x00, 0x00, 0x00, 0x00, 0x00, 0x00, 0x00,
    0x00, 0x00, 0x01, 0xCE, 0x00, 0x01, 0xFE, 0x00, 0x01, 0xDE, 0x00, 0x00, 0x84, 0x00, 0x60, 0x00,
    0x00, 0x1C, 0x00, 0x70, 0x0F, 0x00, 0x1F, 0x83, 0x80, 0x07, 0xFE, 0xE0, 0x00, 0xFF, 0xF8, 0x00,
    0x0F, 0xEE, 0x00, 0x00, 0xF3, 0x80, 0x00, 0x78, 0xF0, 0x00, 0x1E, 0x3E, 0x00, 0x1F, 0x07, 0xF0,
    0x7F, 0x80, 0xFF, 0xFF, 0xC0, 0x1F, 0xFF, 0xC0, 0x00, 0xFF, 0x80, 0x00, 0x00, 0x00, 0x00, 0x00,
    0x00, 0x00, 0x00, 0x00, 0x00, 0x00, 0xE7, 0x00, 0x00, 0x3F, 0xC0, 0x00, 0x0E, 0xF0, 0x00, 0x01,
    0x08, 0x00, 0x00, 0x03, 0x07, 0x83, 0xC0, 0xF0, 0x78, 0x1C, 0x0E, 0x07, 0x03, 0x81, 0xC1, 0xEF,
    0xF7, 0xF3, 0xF1, 0x00, 0x00, 0x00, 0x39, 0xDF, 0xEE, 0xF2, 0x30, 0x02, 0x00, 0x0F, 0x00, 0x1E,
    0x00, 0x38, 0x00, 0x70, 0x01, 0xE0, 0x03, 0xE0, 0x7F, 0xFE, 0xFF, 0xFD, 0xF3, 0xFB, 0x00, 0x60,
    0x00, 0x00, 0x00, 0x07, 0x38, 0x0F, 0xF0, 0x1E, 0xE0, 0x18, 0x80, 0x3C, 0x00, 0x03, 0xFF, 0x0F,
    0x3F, 0xFC, 0x78, 0xC7, 0xC3, 0xC0, 0x00, 0x0E, 0x00, 0x00, 0x70, 0x1C, 0x03, 0x81, 0xF0, 0x1C,
    0x07, 0xC0, 0xE0, 0x1F, 0x87, 0x00, 0x7E, 0x78, 0x00, 0xFB, 0xC0, 0x03, 0xFC, 0x00, 0x0F, 0xE0,
    0x00, 0x1F, 0x00, 0x00, 0xF8, 0x00, 0x07, 0xE0, 0x00, 0x7F, 0x80, 0x07, 0x9C, 0x00, 0x78, 0xE0,
    0x07, 0xC7, 0x80, 0xF8, 0x38, 0x0F, 0xFF, 0xC0, 0x7F, 0xFE, 0x03, 0xFF, 0xC0, 0x38, 0x00, 0x00,
    0x7F, 0xE3, 0xC0, 0xFF, 0xE3, 0xC0, 0x47, 0xC3, 0xC0, 0x00, 0x03, 0xC0, 0x00, 0x03, 0xC0, 0x0C,
    0x03, 0xC0, 0x0E, 0x01, 0xC0, 0x1F, 0x01, 0xC0, 0x0F, 0x81, 0xC0, 0x07, 0xC1, 0xC0, 0x03, 0xE1,
    0xC0, 0x01, 0xF1, 0xC0, 0x00, 0xF1, 0xC0, 0x00, 0x79, 0xC0, 0x00, 0x3D, 0xC0, 0x00, 0x1F, 0xC0,
    0x00, 0x0F, 0xC0, 0x00, 0x0F, 0xC0, 0x00, 0x07, 0xE0, 0x00, 0x0F, 0xE0, 0x00, 0x3F, 0xE0, 0x0F,
    0xFF, 0xFE, 0x1F, 0xFC, 0xFF, 0x1F, 0xF0, 0x7F, 0x03, 0x00, 0x04, 0x00, 0x00, 0x07, 0x80, 0x01,
    0xF0, 0x00, 0x30, 0x00, 0x06, 0x00, 0x00, 0xFC, 0x0F, 0x1F, 0xC1, 0xE3, 0xF0, 0x3C, 0x70, 0x03,
    0x80, 0x00, 0x70, 0x70, 0x0E, 0x1F, 0x01, 0xC1, 0xF0, 0x38, 0x1F, 0x87, 0x01, 0xF9, 0xE0, 0x0F,
    0xBC, 0x00, 0xFF, 0x00, 0x0F, 0xE0, 0x00, 0x7C, 0x00, 0x0F, 0x80, 0x01, 0xF8, 0x00, 0x7F, 0x80,
    0x1E, 0x70, 0x07, 0x8E, 0x01, 0xF1, 0xE0, 0xF8, 0x38, 0x3F, 0xFF, 0x07, 0xFF, 0xE0, 0xFF, 0xF0,
    0x00, 0x00, 0x01, 0xF0, 0x00, 0x0F, 0xC0, 0x00, 0x38, 0x00, 0x00, 0xE0, 0x00, 0x01, 0xF8, 0x3C,
    0x07, 0xE0, 0xF0, 0x3F, 0x83, 0xC0, 0x60, 0x0F, 0x00, 0x00, 0x3C, 0x03, 0x00, 0xF0, 0x0E, 0x01,
    0xC0, 0x7C, 0x07, 0x00, 0xF8, 0x1C, 0x01, 0xF0, 0x70, 0x03, 0xE1, 0xC0, 0x07, 0xC7, 0x00, 0x0F,
    0x1C, 0x00, 0x1E, 0x70, 0x00, 0x3D, 0xC0, 0x00, 0x7F, 0x00, 0x00, 0xFC, 0x00, 0x03, 0xF0, 0x00,
    0x07, 0xE0, 0x00, 0x3F, 0x80, 0x03, 0xFE, 0x03, 0xFF, 0xFF, 0x9F, 0xFC, 0xFF, 0x7F, 0xC1, 0xFC,
    0x30, 0x00, 0x40, 0x00, 0x1E, 0x00, 0x0F, 0x00, 0x07, 0x80, 0x01, 0xC0, 0x00, 0xE3, 0x80, 0x73,
    0xE0, 0x38, 0xF8, 0x1C, 0x3F, 0x0E, 0x0F, 0xCF, 0x01, 0xF7, 0x80, 0x7F, 0x80, 0x1F, 0xC0, 0x03,
    0xE0, 0x01, 0xF0, 0x00, 0xFC, 0x00, 0xFF, 0x00, 0xF3, 0x80, 0xF1, 0xC0, 0xF8, 0xF1, 0xF0, 0x71,
    0xFF, 0xF8, 0xFF, 0xFC, 0x7F, 0xF8, 0x00, 0x00, 0x00, 0x00, 0x0F, 0x80, 0x07, 0xC0, 0x07, 0x00,
    0x03, 0x80, 0x00, 0xEC, 0x00, 0x7E, 0x00, 0x7F, 0x00, 0x18, 0x00, 0x00, 0x00, 0x1E, 0x00, 0x00,
    0xF0, 0x00, 0x07, 0x80, 0x00, 0x3C, 0x00, 0x01, 0xE0, 0x30, 0x0F, 0x01, 0xC0, 0x38, 0x1F, 0x01,
    0xC0, 0x7C, 0x0E, 0x01, 0xF0, 0x70, 0x07, 0xC3, 0x80, 0x1F, 0x1C, 0x00, 0x78, 0xE0, 0x01, 0xE7,
    0x00, 0x07, 0xB8, 0x00, 0x1F, 0xC0, 0x00, 0x7E, 0x00, 0x03, 0xF0, 0x00, 0x0F, 0xC0, 0x00, 0xFE,
    0x00, 0x1F, 0xF0, 0x3F, 0xFF, 0xFB, 0xFF, 0x9F, 0xFF, 0xF0, 0x7F, 0x18, 0x00, 0x20, 0x00, 0x00,
    0x03, 0xE0, 0x00, 0x1F, 0x00, 0x00, 0xC0, 0x00, 0x06, 0x00, 0x00, 0x3F, 0x00, 0x01, 0xFC, 0x00,
    0x0F, 0xC0, 0x00, 0x70, 0x00, 0x00, 0x00, 0x1E, 0x00, 0x0F, 0x00, 0x07, 0x80, 0x01, 0xC0, 0x00,
    0xE3, 0x80, 0x73, 0xE0, 0x38, 0xF8, 0x1C, 0x3F, 0x0E, 0x0F, 0xCF, 0x01, 0xF7, 0x80, 0x7F, 0x80,
    0x1F, 0xC0, 0x03, 0xE0, 0x01, 0xF0, 0x00, 0xFC, 0x00, 0xFF, 0x00, 0xF3, 0x80, 0xF1, 0xC0, 0xF8,
    0xF1, 0xF0, 0x71, 0xFF, 0xF8, 0xFF, 0xFC, 0x7F, 0xF8, 0x00, 0x1E, 0x00, 0x00, 0xF0, 0x00, 0x07,
    0x80, 0x00, 0x3C, 0x00, 0x01, 0xE0, 0x30, 0x0F, 0x01, 0xC0, 0x38, 0x1F, 0x01, 0xC0, 0x7C, 0x0E,
    0x01, 0xF0, 0x70, 0x07, 0xC3, 0x80, 0x1F, 0x1C, 0x00, 0x78, 0xE0, 0x01, 0xE7, 0x00, 0x07, 0xB8,
    0x00, 0x1F, 0xC0, 0x00, 0x7E, 0x00, 0x03, 0xF0, 0x00, 0x0F, 0xC0, 0x00, 0xFE, 0x00, 0x1F, 0xF0,
    0x3F, 0xFF, 0xFB, 0xFF, 0x9F, 0xFF, 0xF0, 0x7F, 0x18, 0x00, 0x20,
};

static const EpdGlyph ubuntu_16_regularGlyphs[] = {
    { 0, 0, 0, 0, 0, 0, 0 }, // U+0000
    { 0, 0, 0, 0, 0, 0, 0 }, // U+0008
    { 0, 0, 123, 0, 0, 0, 0 }, // U+0009
    { 0, 0, 123, 0, 0, 0, 0 }, // U+000D
    { 0, 0, 0, 0, 0, 0, 0 }, // U+001D
    { 0, 0, 123, 0, 0, 0, 0 }, // U+0020
    { 5, 23, 147, 2, 23, 15, 0 }, // !
    { 10, 9, 223, 2, 26, 12, 15 }, // "
    { 20, 23, 356, 1, 23, 58, 27 }, // #
    { 15, 30, 301, 2, 26, 57, 85 }, // $
    { 26, 23, 458, 1, 23, 75, 142 }, // %
    { 21, 23, 355, 1, 23, 61, 217 }, // &
    { 4, 9, 129, 2, 26, 5, 278 }, // '
    { 9, 32, 173, 2, 26, 36, 283 }, // (
    { 9, 32, 173, 0, 26, 36, 319 }, // )
    { 14, 13, 256, 1, 23, 23, 355 }, // *
    { 16, 15, 301, 1, 18, 30, 378 }, // +
    { 5, 9, 131, 1, 4, 6, 408 }, // ,
    { 10, 3, 159, 0, 11, 4, 414 }, // -
    { 6, 4, 131, 1, 4, 3, 418 }, // .
    { 15, 32, 205, -1, 26, 60, 421 }, // /
    { 16, 23, 301, 1, 23, 46, 481 }, // 0
    { 10, 23, 301, 3, 23, 29, 527 }, // 1
    { 16, 23, 301, 1, 23, 46, 556 }, // 2
    { 16, 23, 301, 1, 23, 46, 602 }, // 3
    { 17, 23, 301, 1, 23, 49, 648 }, // 4
    { 15, 23, 301, 2, 23, 44, 697 }, // 5
    { 15, 23, 301, 2, 23, 44, 741 }, // 6
    { 16, 23, 301, 1, 23, 46, 785 }, // 7
    { 16, 23, 301, 1, 23, 46, 831 }, // 8
    { 16, 23, 301, 1, 23, 46, 877 }, // 9
    { 6, 17, 131, 1, 17, 13, 923 }, // :
    { 6, 22, 131, 1, 17, 17, 936 }, // ;
    { 16, 15, 301, 1, 17, 30, 953 }, // <
    { 16, 10, 301, 1, 15, 20, 983 }, // =
    { 16, 15, 301, 1, 17, 30, 1003 }, // >
    { 13, 23, 215, 0, 23, 38, 1033 }, // ?
    { 28, 29, 507, 2, 24, 102, 1071 }, // @
    { 22, 23, 354, 0, 23, 64, 1173 }, // A
    { 18, 23, 343, 2, 23, 52, 1237 }, // B
    { 19, 23, 331, 1, 23, 55, 1289 }, // C
    { 20, 23, 380, 2, 23, 58, 1344 }, // D
    { 16, 23, 304, 2, 23, 46, 1402 }, // E
    { 15, 23, 286, 2, 23, 44, 1448 }, // F
    { 19, 23, 358, 1, 23, 55, 1492 }, // G
    { 19, 23, 376, 2, 23, 55, 1547 }, // H
    { 5, 23, 143, 2, 23, 15, 1602 }, // I
    { 14, 23, 267, 0, 23, 41, 1617 }, // J
    { 19, 23, 335, 2, 23, 55, 1658 }, // K
    { 15, 23, 277, 2, 23, 44, 1713 }, // L
    { 25, 23, 464, 2, 23, 72, 1757 }, // M
    { 20, 23, 388, 2, 23, 58, 1829 }, // N
    { 23, 23, 415, 1, 23, 67, 1887 }, // O
    { 17, 23, 324, 2, 23, 49, 1954 }, // P
    { 23, 29, 415, 1, 23, 84, 2003 }, // Q
    { 19, 23, 335, 2, 23, 55, 2087 }, // R
    { 16, 23, 284, 1, 23, 46, 2142 }, // S
    { 19, 23, 301, 0, 23, 55, 2188 }, // T
    { 19, 23, 367, 2, 23, 55, 2243 }, // U
    { 22, 23, 350, 0, 23, 64, 2298 }, // V
    { 30, 23, 495, 0, 23, 87, 2362 }, // W
    { 21, 23, 336, 0, 23, 61, 2449 }, // X
    { 20, 23, 319, 0, 23, 58, 2510 }, // Y
    { 17, 23, 306, 1, 23, 49, 2568 }, // Z
    { 8, 32, 175, 3, 26, 32, 2617 }, // [
    { 15, 32, 205, -1, 26, 60, 2649 }, // <backslash>
    { 8, 32, 175, 0, 26, 32, 2709 }, // ]
    { 17, 12, 301, 1, 23, 26, 2741 }, // ^
    { 18, 3, 262, -1, -3, 7, 2767 }, // _
    { 7, 6, 201, 2, 25, 6, 2774 }, // `
    { 14, 17, 278, 1, 17, 30, 2780 }, // a
    { 16, 25, 314, 2, 25, 50, 2810 }, // b
    { 14, 17, 248, 1, 17, 30, 2860 }, // c
    { 16, 25, 314, 1, 25, 50, 2890 }, // d
    { 16, 17, 298, 1, 17, 34, 2940 }, // e
    { 12, 25, 206, 2, 25, 38, 2974 }, // f
    { 16, 23, 308, 1, 17, 46, 3012 }, // g
    { 15, 25, 304, 2, 25, 47, 3058 }, // h
    { 5, 24, 135, 2, 24, 15, 3105 }, // i
    { 10, 30, 135, -3, 24, 38, 3120 }, // j
    { 15, 25, 278, 2, 25, 47, 3158 }, // k
    { 7, 25, 146, 2, 25, 22, 3205 }, // l
    { 24, 17, 459, 2, 17, 51, 3227 }, // m
    { 15, 17, 306, 2, 17, 32, 3278 }, // n
    { 17, 17, 315, 1, 17, 37, 3310 }, // o
    { 16, 23, 314, 2, 17, 46, 3347 }, // p
    { 16, 23, 314, 1, 17, 46, 3393 }, // q
    { 11, 17, 206, 2, 17, 24, 3439 }, // r
    { 13, 17, 238, 1, 17, 28, 3463 }, // s
    { 11, 22, 214, 2, 22, 31, 3491 }, // t
    { 15, 17, 306, 2, 17, 32, 3522 }, // u
    { 17, 17, 268, 0, 17, 37, 3554 }, // v
    { 26, 17, 414, 0, 17, 56, 3591 }, // w
    { 17, 17, 272, 0, 17, 37, 3647 }, // x
    { 16, 23, 265, 0, 17, 46, 3684 }, // y
    { 14, 17, 251, 1, 17, 30, 3730 }, // z
    { 10, 32, 178, 1, 26, 40, 3760 }, // {
    { 4, 32, 149, 3, 26, 16, 3800 }, // |
    { 10, 32, 178, 0, 26, 40, 3816 }, // }
    { 17, 6, 301, 1, 13, 13, 3856 }, // ~
    { 0, 0, 123, 0, 0, 0, 3869 }, // U+00A0
    { 5, 23, 147, 2, 17, 15, 3869 }, // U+00A1
    { 14, 27, 301, 2, 22, 48, 3884 }, // U+00A2
    { 17, 23, 301, 1, 23, 49, 3932 }, // U+00A3
    { 17, 17, 301, 1, 20, 37, 3981 }, // U+00A4
    { 19, 23, 301, 0, 23, 55, 4018 }, // U+00A5
    { 4, 32, 149, 3, 26, 16, 4073 }, // U+00A6
    { 14, 27, 262, 1, 24, 48, 4089 }, // U+00A7
    { 11, 4, 201, 1, 24, 6, 4137 }, // U+00A8
    { 23, 23, 434, 2, 23, 67, 4143 }, // U+00A9
    { 11, 12, 207, 1, 23, 17, 4210 }, // U+00AA
    { 16, 15, 266, 0, 17, 30, 4227 }, // U+00AB
    { 16, 11, 301, 1, 13, 22, 4257 }, // U+00AC
    { 10, 3, 159, 0, 11, 4, 4279 }, // U+00AD
    { 23, 23, 434, 2, 23, 67, 4283 }, // U+00AE
    { 10, 2, 201, 1, 23, 3, 4350 }, // U+00AF
    { 11, 9, 177, 0, 25, 13, 4353 }, // U+00B0
    { 16, 21, 301, 1, 21, 42, 4366 }, // U+00B1
    { 11, 13, 191, 0, 23, 18, 4408 }, // U+00B2
    { 10, 13, 191, 1, 23, 17, 4426 }, // U+00B3
    { 7, 6, 201, 4, 25, 6, 4443 }, // U+00B4
    { 15, 23, 309, 2, 17, 44, 4449 }, // U+00B5
    { 17, 29, 344, 1, 23, 62, 4493 }, // U+00B6
    { 6, 4, 131, 1, 12, 3, 4555 }, // U+00B7
    { 7, 7, 201, 2, 1, 7, 4558 }, // U+00B8
    { 7, 13, 191, 1, 23, 12, 4565 }, // U+00B9
    { 13, 12, 238, 1, 23, 20, 4577 }, // U+00BA
    { 15, 15, 266, 1, 17, 29, 4597 }, // U+00BB
    { 28, 23, 466, 1, 23, 81, 4626 }, // U+00BC
    { 27, 23, 466, 1, 23, 78, 4707 }, // U+00BD
    { 28, 23, 466, 1, 23, 81, 4785 }, // U+00BE
    { 13, 23, 215, 0, 17, 38, 4866 }, // U+00BF
    { 22, 30, 354, 0, 30, 83, 4904 }, // U+00C0
    { 22, 30, 354, 0, 30, 83, 4987 }, // U+00C1
    { 22, 30, 354, 0, 30, 83, 5070 }, // U+00C2
    { 22, 29, 354, 0, 29, 80, 5153 }, // U+00C3
    { 22, 29, 354, 0, 29, 80, 5233 }, // U+00C4
    { 22, 29, 354, 0, 29, 80, 5313 }, // U+00C5
    { 30, 23, 499, 0, 23, 87, 5393 }, // U+00C6
    { 19, 29, 331, 1, 23, 69, 5480 }, // U+00C7
    { 16, 30, 304, 2, 30, 60, 5549 }, // U+00C8
    { 16, 30, 304, 2, 30, 60, 5609 }, // U+00C9
    { 16, 30, 304, 2, 30, 60, 5669 }, // U+00CA
    { 16, 29, 304, 2, 29, 58, 5729 }, // U+00CB
    { 7, 30, 143, 0, 30, 27, 5787 }, // U+00CC
    { 7, 30, 143, 2, 30, 27, 5814 }, // U+00CD
    { 10, 30, 143, -1, 30, 38, 5841 }, // U+00CE
    { 11, 29, 143, -1, 29, 40, 5879 }, // U+00CF
    { 23, 23, 387, 0, 23, 67, 5919 }, // U+00D0
    { 20, 29, 388, 2, 29, 73, 5986 }, // U+00D1
    { 23, 30, 415, 1, 30, 87, 6059 }, // U+00D2
    { 23, 30, 415, 1, 30, 87, 6146 }, // U+00D3
    { 23, 30, 415, 1, 30, 87, 6233 }, // U+00D4
    { 23, 29, 415, 1, 29, 84, 6320 }, // U+00D5
    { 23, 29, 415, 1, 29, 84, 6404 }, // U+00D6
    { 14, 15, 301, 2, 17, 27, 6488 }, // U+00D7
    { 23, 25, 415, 1, 24, 72, 6515 }, // U+00D8
    { 19, 30, 367, 2, 30, 72, 6587 }, // U+00D9
    { 19, 30, 367, 2, 30, 72, 6659 }, // U+00DA
    { 19, 30, 367, 2, 30, 72, 6731 }, // U+00DB
    { 19, 29, 367, 2, 29, 69, 6803 }, // U+00DC
    { 20, 30, 319, 0, 30, 75, 6872 }, // U+00DD
    { 17, 23, 325, 2, 23, 49, 6947 }, // U+00DE
    { 18, 25, 332, 2, 25, 57, 6996 }, // U+00DF
    { 14, 25, 278, 1, 25, 44, 7053 }, // U+00E0
    { 14, 25, 278, 1, 25, 44, 7097 }, // U+00E1
    { 14, 25, 278, 1, 25, 44, 7141 }, // U+00E2
    { 14, 24, 278, 1, 24, 42, 7185 }, // U+00E3
    { 14, 24, 278, 1, 24, 42, 7227 }, // U+00E4
    { 14, 25, 278, 1, 25, 44, 7269 }, // U+00E5
    { 26, 17, 458, 1, 17, 56, 7313 }, // U+00E6
    { 14, 23, 248, 1, 17, 41, 7369 }, // U+00E7
    { 16, 25, 298, 1, 25, 50, 7410 }, // U+00E8
    { 16, 25, 298, 1, 25, 50, 7460 }, // U+00E9
    { 16, 25, 298, 1, 25, 50, 7510 }, // U+00EA
    { 16, 24, 298, 1, 24, 48, 7560 }, // U+00EB
    { 7, 25, 135, 0, 25, 22, 7608 }, // U+00EC
    { 8, 25, 135, 1, 25, 25, 7630 }, // U+00ED
    { 10, 25, 135, -1, 25, 32, 7655 }, // U+00EE
    { 11, 24, 135, -1, 24, 33, 7687 }, // U+00EF
    { 18, 25, 314, 1, 25, 57, 7720 }, // U+00F0
    { 15, 24, 306, 2, 24, 45, 7777 }, // U+00F1
    { 17, 25, 315, 1, 25, 54, 7822 }, // U+00F2
    { 17, 25, 315, 1, 25, 54, 7876 }, // U+00F3
    { 17, 25, 315, 1, 25, 54, 7930 }, // U+00F4
    { 17, 24, 315, 1, 24, 51, 7984 }, // U+00F5
    { 17, 24, 315, 1, 24, 51, 8035 }, // U+00F6
    { 16, 17, 301, 1, 19, 34, 8086 }, // U+00F7
    { 17, 19, 315, 1, 18, 41, 8120 }, // U+00F8
    { 15, 25, 306, 2, 25, 47, 8161 }, // U+00F9
    { 15, 25, 306, 2, 25, 47, 8208 }, // U+00FA
    { 15, 25, 306, 2, 25, 47, 8255 }, // U+00FB
    { 15, 24, 306, 2, 24, 45, 8302 }, // U+00FC
    { 16, 31, 265, 0, 25, 62, 8347 }, // U+00FD
    { 16, 31, 314, 2, 25, 62, 8409 }, // U+00FE
    { 16, 30, 265, 0, 24, 60, 8471 }, // U+00FF
    { 22, 28, 354, 0, 28, 77, 8531 }, // U+0100
    { 14, 23, 278, 1, 23, 41, 8608 }, // U+0101
    { 22, 29, 354, 0, 29, 80, 8649 }, // U+0102
    { 14, 24, 278, 1, 24, 42, 8729 }, // U+0103
    { 22, 29, 354, 0, 23, 80, 8771 }, // U+0104
    { 14, 23, 278, 1, 17, 41, 8851 }, // U+0105
    { 19, 30, 331, 1, 30, 72, 8892 }, // U+0106
    { 14, 25, 248, 1, 25, 44, 8964 }, // U+0107
    { 19, 30, 331, 1, 30, 72, 9008 }, // U+0108
    { 14, 25, 248, 1, 25, 44, 9080 }, // U+0109
    { 19, 29, 331, 1, 29, 69, 9124 }, // U+010A
    { 14, 24, 248, 1, 24, 42, 9193 }, // U+010B
    { 19, 30, 331, 1, 30, 72, 9235 }, // U+010C
    { 14, 25, 248, 1, 25, 44, 9307 }, // U+010D
    { 20, 30, 380, 2, 30, 75, 9351 }, // U+010E
    { 22, 25, 332, 1, 25, 69, 9426 }, // U+010F
    { 23, 23, 387, 0, 23, 67, 9495 }, // U+0110
    { 19, 25, 314, 1, 25, 60, 9562 }, // U+0111
    { 16, 28, 304, 2, 28, 56, 9622 }, // U+0112
    { 16, 23, 298, 1, 23, 46, 9678 }, // U+0113
    { 16, 29, 304, 2, 29, 58, 9724 }, // U+0114
    { 16, 24, 298, 1, 24, 48, 9782 }, // U+0115
    { 16, 29, 304, 2, 29, 58, 9830 }, // U+0116
    { 16, 24, 298, 1, 24, 48, 9888 }, // U+0117
    { 16, 29, 304, 2, 23, 58, 9936 }, // U+0118
    { 16, 23, 298, 1, 17, 46, 9994 }, // U+0119
    { 16, 30, 304, 2, 30, 60, 10040 }, // U+011A
    { 16, 26, 298, 1, 26, 52, 10100 }, // U+011B
    { 19, 30, 358, 1, 30, 72, 10152 }, // U+011C
    { 16, 31, 308, 1, 25, 62, 10224 }, // U+011D
    { 19, 29, 358, 1, 29, 69, 10286 }, // U+011E
    { 16, 30, 308, 1, 24, 60, 10355 }, // U+011F
    { 19, 29, 358, 1, 29, 69, 10415 }, // U+0120
    { 16, 30, 308, 1, 24, 60, 10484 }, // U+0121
    { 19, 30, 358, 1, 23, 72, 10544 }, // U+0122
    { 16, 32, 308, 1, 26, 64, 10616 }, // U+0123
    { 19, 30, 376, 2, 30, 72, 10680 }, // U+0124
    { 16, 32, 304, 1, 32, 64, 10752 }, // U+0125
    { 24, 23, 390, 0, 23, 69, 10816 }, // U+0126
    { 17, 25, 304, 0, 25, 54, 10885 }, // U+0127
    { 11, 29, 143, -1, 29, 40, 10939 }, // U+0128
    { 12, 24, 135, -2, 24, 36, 10979 }, // U+0129
    { 11, 28, 143, -1, 28, 39, 11015 }, // U+012A
    { 10, 23, 135, -1, 23, 29, 11054 }, // U+012B
    { 9, 29, 143, 0, 29, 33, 11083 }, // U+012C
    { 10, 24, 135, -1, 24, 30, 11116 }, // U+012D
    { 7, 29, 143, 0, 23, 26, 11146 }, // U+012E
    { 7, 30, 135, 0, 24, 27, 11172 }, // U+012F
    { 5, 29, 143, 2, 29, 19, 11199 }, // U+0130
    { 4, 17, 135, 2, 17, 9, 11218 }, // U+0131
    { 21, 23, 410, 2, 23, 61, 11227 }, // U+0132
    { 13, 30, 272, 2, 24, 49, 11288 }, // U+0133
    { 17, 30, 267, 0, 30, 64, 11337 }, // U+0134
    { 12, 31, 135, -3, 25, 47, 11401 }, // U+0135
    { 19, 30, 335, 2, 23, 72, 11448 }, // U+0136
    { 15, 32, 278, 2, 25, 60, 11520 }, // U+0137
    { 16, 17, 286, 2, 17, 34, 11580 }, // U+0138
    { 15, 30, 277, 2, 30, 57, 11614 }, // U+0139
    { 8, 31, 146, 1, 31, 31, 11671 }, // U+013A
    { 15, 30, 277, 2, 23, 57, 11702 }, // U+013B
    { 8, 32, 146, 1, 25, 32, 11759 }, // U+013C
    { 15, 23, 277, 2, 23, 44, 11791 }, // U+013D
    { 9, 25, 151, 2, 25, 29, 11835 }, // U+013E
    { 15, 23, 277, 2, 23, 44, 11864 }, // U+013F
    { 11, 25, 197, 2, 25, 35, 11908 }, // U+0140
    { 19, 23, 286, -1, 23, 55, 11943 }, // U+0141
    { 10, 25, 153, 0, 25, 32, 11998 }, // U+0142
    { 20, 30, 388, 2, 30, 75, 12030 }, // U+0143
    { 15, 25, 306, 2, 25, 47, 12105 }, // U+0144
    { 20, 30, 388, 2, 23, 75, 12152 }, // U+0145
    { 15, 24, 306, 2, 17, 45, 12227 }, // U+0146
    { 20, 30, 388, 2, 30, 75, 12272 }, // U+0147
    { 15, 25, 306, 2, 25, 47, 12347 }, // U+0148
    { 17, 25, 306, 0, 25, 54, 12394 }, // U+0149
    { 20, 30, 388, 2, 23, 75, 12448 }, // U+014A
    { 15, 23, 306, 2, 17, 44, 12523 }, // U+014B
    { 23, 28, 415, 1, 28, 81, 12567 }, // U+014C
    { 17, 23, 315, 1, 23, 49, 12648 }, // U+014D
    { 23, 29, 415, 1, 29, 84, 12697 }, // U+014E
    { 17, 24, 315, 1, 24, 51, 12781 }, // U+014F
    { 23, 30, 415, 1, 30, 87, 12832 }, // U+0150
    { 17, 25, 315, 1, 25, 54, 12919 }, // U+0151
    { 31, 23, 530, 1, 23, 90, 12973 }, // U+0152
    { 29, 17, 505, 1, 17, 62, 13063 }, // U+0153
    { 19, 30, 335, 2, 30, 72, 13125 }, // U+0154
    { 11, 25, 206, 2, 25, 35, 13197 }, // U+0155
    { 19, 30, 335, 2, 23, 72, 13232 }, // U+0156
    { 13, 24, 206, 0, 17, 39, 13304 }, // U+0157
    { 19, 30, 335, 2, 30, 72, 13343 }, // U+0158
    { 11, 25, 206, 2, 25, 35, 13415 }, // U+0159
    { 16, 30, 284, 1, 30, 60, 13450 }, // U+015A
    { 13, 25, 238, 1, 25, 41, 13510 }, // U+015B
    { 16, 30, 284, 1, 30, 60, 13551 }, // U+015C
    { 13, 25, 238, 1, 25, 41, 13611 }, // U+015D
    { 16, 29, 284, 1, 23, 58, 13652 }, // U+015E
    { 13, 23, 238, 1, 17, 38, 13710 }, // U+015F
    { 16, 30, 284, 1, 30, 60, 13748 }, // U+0160
    { 13, 25, 238, 1, 25, 41, 13808 }, // U+0161
    { 19, 29, 301, 0, 23, 69, 13849 }, // U+0162
    { 11, 28, 214, 2, 22, 39, 13918 }, // U+0163
    { 19, 30, 301, 0, 30, 72, 13957 }, // U+0164
    { 11, 26, 214, 2, 26, 36, 14029 }, // U+0165
    { 19, 23, 301, 0, 23, 55, 14065 }, // U+0166
    { 11, 22, 214, 2, 22, 31, 14120 }, // U+0167
    { 19, 29, 367, 2, 29, 69, 14151 }, // U+0168
    { 15, 24, 306, 2, 24, 45, 14220 }, // U+0169
    { 19, 28, 367, 2, 28, 67, 14265 }, // U+016A
    { 15, 23, 306, 2, 23, 44, 14332 }, // U+016B
    { 19, 29, 367, 2, 29, 69, 14376 }, // U+016C
    { 15, 24, 306, 2, 24, 45, 14445 }, // U+016D
    { 19, 30, 367, 2, 30, 72, 14490 }, // U+016E
    { 15, 25, 306, 2, 25, 47, 14562 }, // U+016F
    { 19, 30, 367, 2, 30, 72, 14609 }, // U+0170
    { 15, 25, 306, 2, 25, 47, 14681 }, // U+0171
    { 19, 29, 367, 2, 23, 69, 14728 }, // U+0172
    { 15, 23, 306, 2, 17, 44, 14797 }, // U+0173
    { 30, 30, 495, 0, 30, 113, 14841 }, // U+0174
    { 26, 25, 414, 0, 25, 82, 14954 }, // U+0175
    { 20, 30, 319, 0, 30, 75, 15036 }, // U+0176
    { 16, 31, 265, 0, 25, 62, 15111 }, // U+0177
    { 20, 29, 319, 0, 29, 73, 15173 }, // U+0178
    { 17, 30, 306, 1, 30, 64, 15246 }, // U+0179
    { 14, 25, 251, 1, 25, 44, 15310 }, // U+017A
    { 17, 29, 306, 1, 29, 62, 15354 }, // U+017B
    { 14, 24, 251, 1, 24, 42, 15416 }, // U+017C
    { 17, 30, 306, 1, 30, 64, 15458 }, // U+017D
    { 14, 25, 251, 1, 25, 44, 15522 }, // U+017E
    { 12, 25, 146, 2, 25, 38, 15566 }, // U+017F
    { 23, 26, 415, 1, 26, 75, 15604 }, // U+01A0
    { 19, 20, 315, 1, 20, 48, 15679 }, // U+01A1
    { 23, 27, 379, 2, 27, 78, 15727 }, // U+01AF
    { 19, 21, 318, 2, 21, 50, 15805 }, // U+01B0
    { 40, 30, 688, 2, 30, 150, 15855 }, // U+01C4
    { 36, 25, 633, 2, 25, 113, 16005 }, // U+01C5
    { 33, 25, 567, 1, 25, 104, 16118 }, // U+01C6
    { 30, 23, 543, 2, 23, 87, 16222 }, // U+01C7
    { 22, 30, 414, 2, 24, 83, 16309 }, // U+01C8
    { 14, 31, 283, 2, 25, 55, 16392 }, // U+01C9
    { 36, 23, 654, 2, 23, 104, 16447 }, // U+01CA
    { 29, 30, 525, 2, 24, 109, 16551 }, // U+01CB
    { 24, 30, 443, 2, 24, 90, 16660 }, // U+01CC
    { 22, 30, 354, 0, 30, 83, 16750 }, // U+01CD
    { 14, 25, 278, 1, 25, 44, 16833 }, // U+01CE
    { 9, 30, 143, 0, 30, 34, 16877 }, // U+01CF
    { 10, 25, 135, -1, 25, 32, 16911 }, // U+01D0
    { 23, 30, 415, 1, 30, 87, 16943 }, // U+01D1
    { 17, 25, 315, 1, 25, 54, 17030 }, // U+01D2
    { 19, 30, 367, 2, 30, 72, 17084 }, // U+01D3
    { 15, 25, 306, 2, 25, 47, 17156 }, // U+01D4
    { 19, 31, 367, 2, 31, 74, 17203 }, // U+01D5
    { 15, 26, 306, 2, 26, 49, 17277 }, // U+01D6
    { 19, 32, 367, 2, 32, 76, 17326 }, // U+01D7
    { 15, 28, 306, 2, 28, 53, 17402 }, // U+01D8
    { 19, 33, 367, 2, 33, 79, 17455 }, // U+01D9
    { 15, 28, 306, 2, 28, 53, 17534 }, // U+01DA
    { 19, 32, 367, 2, 32, 76, 17587 }, // U+01DB
    { 15, 28, 306, 2, 28, 53, 17663 }, // U+01DC
    { 16, 17, 298, 1, 17, 34, 17716 }, // U+01DD
    { 22, 31, 354, 0, 31, 86, 17750 }, // U+01DE
    { 14, 26, 278, 1, 26, 46, 17836 }, // U+01DF
    { 22, 31, 354, 0, 31, 86, 17882 }, // U+01E0
    { 14, 26, 278, 1, 26, 46, 17968 }, // U+01E1
    { 30, 28, 499, 0, 28, 105, 18014 }, // U+01E2
    { 26, 23, 458, 1, 23, 75, 18119 }, // U+01E3
    { 22, 23, 374, 1, 23, 64, 18194 }, // U+01E4
    { 19, 23, 315, 1, 17, 55, 18258 }, // U+01E5
    { 19, 30, 358, 1, 30, 72, 18313 }, // U+01E6
    { 16, 31, 308, 1, 25, 62, 18385 }, // U+01E7
    { 19, 30, 335, 2, 30, 72, 18447 }, // U+01E8
    { 16, 32, 278, 1, 32, 64, 18519 }, // U+01E9
    { 23, 29, 415, 1, 23, 84, 18583 }, // U+01EA
    { 17, 23, 315, 1, 17, 49, 18667 }, // U+01EB
    { 23, 34, 415, 1, 28, 98, 18716 }, // U+01EC
    { 17, 29, 315, 1, 23, 62, 18814 }, // U+01ED
    { 18, 30, 302, 0, 30, 68, 18876 }, // U+01EE
    { 16, 31, 251, -1, 25, 62, 18944 }, // U+01EF
    { 12, 31, 135, -3, 25, 47, 19006 }, // U+01F0
    { 40, 23, 688, 2, 23, 115, 19053 }, // U+01F1
    { 36, 23, 633, 2, 23, 104, 19168 }, // U+01F2
    { 33, 25, 567, 1, 25, 104, 19272 }, // U+01F3
    { 19, 30, 358, 1, 30, 72, 19376 }, // U+01F4
    { 16, 31, 308, 1, 25, 62, 19448 }, // U+01F5
    { 31, 23, 564, 2, 23, 90, 19510 }, // U+01F6
    { 18, 29, 343, 2, 23, 66, 19600 }, // U+01F7
    { 20, 30, 388, 2, 30, 75, 19666 }, // U+01F8
    { 15, 25, 306, 2, 25, 47, 19741 }, // U+01F9
    { 22, 31, 354, 0, 31, 86, 19788 }, // U+01FA
    { 14, 29, 278, 1, 29, 51, 19874 }, // U+01FB
    { 30, 30, 499, 0, 30, 113, 19925 }, // U+01FC
    { 26, 25, 458, 1, 25, 82, 20038 }, // U+01FD
    { 23, 32, 415, 1, 31, 92, 20120 }, // U+01FE
    { 17, 26, 315, 1, 25, 56, 20212 }, // U+01FF
    { 22, 30, 354, 0, 30, 83, 20268 }, // U+0200
    { 14, 25, 278, 1, 25, 44, 20351 }, // U+0201
    { 22, 29, 354, 0, 29, 80, 20395 }, // U+0202
    { 14, 24, 278, 1, 24, 42, 20475 }, // U+0203
    { 16, 30, 304, 2, 30, 60, 20517 }, // U+0204
    { 16, 25, 298, 1, 25, 50, 20577 }, // U+0205
    { 16, 29, 304, 2, 29, 58, 20627 }, // U+0206
    { 16, 24, 298, 1, 24, 48, 20685 }, // U+0207
    { 12, 30, 143, -3, 30, 45, 20733 }, // U+0208
    { 12, 25, 135, -3, 25, 38, 20778 }, // U+0209
    { 9, 29, 143, 0, 29, 33, 20816 }, // U+020A
    { 10, 24, 135, -1, 24, 30, 20849 }, // U+020B
    { 23, 30, 415, 1, 30, 87, 20879 }, // U+020C
    { 17, 25, 315, 1, 25, 54, 20966 }, // U+020D
    { 23, 29, 415, 1, 29, 84, 21020 }, // U+020E
    { 17, 24, 315, 1, 24, 51, 21104 }, // U+020F
    { 19, 30, 335, 2, 30, 72, 21155 }, // U+0210
    { 13, 25, 206, 0, 25, 41, 21227 }, // U+0211
    { 19, 29, 335, 2, 29, 69, 21268 }, // U+0212
    { 11, 24, 206, 2, 24, 33, 21337 }, // U+0213
    { 19, 30, 367, 2, 30, 72, 21370 }, // U+0214
    { 15, 25, 306, 2, 25, 47, 21442 }, // U+0215
    { 19, 29, 367, 2, 29, 69, 21489 }, // U+0216
    { 15, 24, 306, 2, 24, 45, 21558 }, // U+0217
    { 16, 30, 284, 1, 23, 60, 21603 }, // U+0218
    { 13, 24, 238, 1, 17, 39, 21663 }, // U+0219
    { 19, 30, 301, 0, 23, 72, 21702 }, // U+021A
    { 11, 29, 214, 2, 22, 40, 21774 }, // U+021B
    { 16, 29, 285, 0, 23, 58, 21814 }, // U+021C
    { 13, 23, 232, 0, 17, 38, 21872 }, // U+021D
    { 19, 30, 376, 2, 30, 72, 21910 }, // U+021E
    { 16, 32, 304, 1, 32, 64, 21982 }, // U+021F
    { 9, 6, 0, -17, 26, 7, 22046 }, // U+0300
    { 9, 6, 0, -10, 26, 7, 22053 }, // U+0301
    { 12, 5, 0, -6, 25, 8, 22060 }, // U+0302
    { 12, 5, 0, -17, 25, 8, 22068 }, // U+0303
    { 10, 3, 0, -5, 23, 4, 22076 }, // U+0304
    { 11, 5, 0, -6, 25, 7, 22080 }, // U+0306
    { 4, 3, 0, -2, 24, 2, 22087 }, // U+0307
    { 10, 3, 0, -5, 24, 4, 22089 }, // U+0308
    { 8, 7, 0, -4, 27, 7, 22093 }, // U+030A
    { 14, 5, 0, -5, 25, 9, 22100 }, // U+030B
    { 12, 5, 0, -6, 25, 8, 22109 }, // U+030C
    { 10, 4, 201, 1, 24, 5, 22117 }, // U+0311
    { 6, 9, 0, -3, 24, 7, 22122 }, // U+0312
    { 5, 5, 0, -2, -2, 4, 22129 }, // U+0326
    { 7, 8, 0, -4, 0, 7, 22133 }, // U+0327
    { 6, 9, 0, -3, 2, 7, 22140 }, // U+0328
    { 0, 0, 0, 0, 0, 0, 22147 }, // U+034F
    { 16, 30, 304, 2, 30, 60, 22147 }, // U+0400
    { 16, 29, 304, 2, 29, 58, 22207 }, // U+0401
    { 24, 23, 400, 0, 23, 69, 22265 }, // U+0402
    { 15, 30, 271, 2, 30, 57, 22334 }, // U+0403
    { 19, 23, 331, 1, 23, 55, 22391 }, // U+0404
    { 16, 23, 284, 1, 23, 46, 22446 }, // U+0405
    { 5, 23, 143, 2, 23, 15, 22492 }, // U+0406
    { 11, 29, 143, -1, 29, 40, 22507 }, // U+0407
    { 14, 23, 267, 0, 23, 41, 22547 }, // U+0408
    { 34, 24, 556, 0, 23, 102, 22588 }, // U+0409
    { 31, 23, 547, 2, 23, 90, 22690 }, // U+040A
    { 23, 23, 399, 0, 23, 67, 22780 }, // U+040B
    { 19, 30, 335, 2, 30, 72, 22847 }, // U+040C
    { 20, 30, 388, 2, 30, 75, 22919 }, // U+040D
    { 20, 29, 313, 0, 29, 73, 22994 }, // U+040E
    { 19, 29, 373, 2, 23, 69, 23067 }, // U+040F
    { 22, 23, 354, 0, 23, 64, 23136 }, // U+0410
    { 18, 23, 330, 2, 23, 52, 23200 }, // U+0411
    { 18, 23, 343, 2, 23, 52, 23252 }, // U+0412
    { 15, 23, 271, 2, 23, 44, 23304 }, // U+0413
    { 24, 29, 386, 0, 23, 87, 23348 }, // U+0414
    { 16, 23, 304, 2, 23, 46, 23435 }, // U+0415
    { 30, 23, 483, 0, 23, 87, 23481 }, // U+0416
    { 18, 23, 305, 0, 23, 52, 23568 }, // U+0417
    { 20, 23, 388, 2, 23, 58, 23620 }, // U+0418
    { 20, 29, 388, 2, 29, 73, 23678 }, // U+0419
    { 19, 23, 335, 2, 23, 55, 23751 }, // U+041A
    { 21, 23, 377, 0, 23, 61, 23806 }, // U+041B
    { 25, 23, 464, 2, 23, 72, 23867 }, // U+041C
    { 19, 23, 376, 2, 23, 55, 23939 }, // U+041D
    { 23, 23, 415, 1, 23, 67, 23994 }, // U+041E
    { 19, 23, 373, 2, 23, 55, 24061 }, // U+041F
    { 17, 23, 324, 2, 23, 49, 24116 }, // U+0420
    { 19, 23, 331, 1, 23, 55, 24165 }, // U+0421
    { 19, 23, 301, 0, 23, 55, 24220 }, // U+0422
    { 20, 23, 313, 0, 23, 58, 24275 }, // U+0423
    { 26, 24, 461, 1, 24, 78, 24333 }, // U+0424
    { 21, 23, 336, 0, 23, 61, 24411 }, // U+0425
    { 22, 29, 383, 2, 23, 80, 24472 }, // U+0426
    { 17, 23, 336, 1, 23, 49, 24552 }, // U+0427
    { 28, 23, 524, 2, 23, 81, 24601 }, // U+0428
    { 31, 29, 534, 2, 23, 113, 24682 }, // U+0429
    { 23, 23, 387, 0, 23, 67, 24795 }, // U+042A
    { 24, 23, 456, 2, 23, 69, 24862 }, // U+042B
    { 18, 23, 328, 2, 23, 52, 24931 }, // U+042C
    { 19, 23, 331, 0, 23, 55, 24983 }, // U+042D
    { 31, 23, 549, 2, 23, 90, 25038 }, // U+042E
    { 18, 23, 339, 1, 23, 52, 25128 }, // U+042F
    { 14, 17, 278, 1, 17, 30, 25180 }, // U+0430
    { 16, 25, 317, 2, 25, 50, 25210 }, // U+0431
    { 15, 17, 292, 2, 17, 32, 25260 }, // U+0432
    { 12, 17, 223, 2, 17, 26, 25292 }, // U+0433
    { 20, 22, 322, 0, 17, 55, 25318 }, // U+0434
    { 16, 17, 298, 1, 17, 34, 25373 }, // U+0435
    { 25, 17, 407, 0, 17, 54, 25407 }, // U+0436
    { 14, 17, 261, 1, 17, 30, 25461 }, // U+0437
    { 16, 17, 318, 2, 17, 34, 25491 }, // U+0438
    { 16, 24, 318, 2, 24, 48, 25525 }, // U+0439
    { 16, 17, 286, 2, 17, 34, 25573 }, // U+043A
    { 18, 17, 319, 0, 17, 39, 25607 }, // U+043B
    { 20, 17, 390, 2, 17, 43, 25646 }, // U+043C
    { 15, 17, 312, 2, 17, 32, 25689 }, // U+043D
    { 17, 17, 315, 1, 17, 37, 25721 }, // U+043E
    { 15, 17, 308, 2, 17, 32, 25758 }, // U+043F
    { 16, 23, 314, 2, 17, 46, 25790 }, // U+0440
    { 14, 17, 248, 1, 17, 30, 25836 }, // U+0441
    { 15, 17, 247, 0, 17, 32, 25866 }, // U+0442
    { 16, 23, 265, 0, 17, 46, 25898 }, // U+0443
    { 23, 31, 408, 1, 25, 90, 25944 }, // U+0444
    { 17, 17, 272, 0, 17, 37, 26034 }, // U+0445
    { 17, 22, 312, 2, 17, 47, 26071 }, // U+0446
    { 14, 17, 284, 1, 17, 30, 26118 }, // U+0447
    { 23, 17, 439, 2, 17, 49, 26148 }, // U+0448
    { 25, 22, 445, 2, 17, 69, 26197 }, // U+0449
    { 19, 17, 319, 0, 17, 41, 26266 }, // U+044A
    { 21, 17, 404, 2, 17, 45, 26307 }, // U+044B
    { 15, 17, 282, 2, 17, 32, 26352 }, // U+044C
    { 14, 17, 266, 1, 17, 30, 26384 }, // U+044D
    { 24, 17, 432, 2, 17, 51, 26414 }, // U+044E
    { 15, 17, 292, 1, 17, 32, 26465 }, // U+044F
    { 16, 25, 298, 1, 25, 50, 26497 }, // U+0450
    { 16, 24, 298, 1, 24, 48, 26547 }, // U+0451
    { 17, 31, 304, 0, 25, 66, 26595 }, // U+0452
    { 12, 25, 223, 2, 25, 38, 26661 }, // U+0453
    { 15, 17, 266, 1, 17, 32, 26699 }, // U+0454
    { 13, 17, 238, 1, 17, 28, 26731 }, // U+0455
    { 5, 24, 135, 2, 24, 15, 26759 }, // U+0456
    { 11, 24, 135, -1, 24, 33, 26774 }, // U+0457
    { 10, 30, 135, -3, 24, 38, 26807 }, // U+0458
    { 28, 17, 460, 0, 17, 60, 26845 }, // U+0459
    { 26, 17, 454, 2, 17, 56, 26905 }, // U+045A
    { 17, 25, 304, 0, 25, 54, 26961 }, // U+045B
    { 16, 25, 286, 2, 25, 50, 27015 }, // U+045C
    { 16, 25, 318, 2, 25, 50, 27065 }, // U+045D
    { 16, 30, 265, 0, 24, 60, 27115 }, // U+045E
    { 15, 22, 307, 2, 17, 42, 27175 }, // U+045F
    { 23, 24, 387, 0, 24, 69, 27217 }, // U+0462
    { 19, 25, 319, 0, 25, 60, 27286 }, // U+0463
    { 23, 23, 415, 1, 23, 67, 27346 }, // U+0472
    { 17, 17, 315, 1, 17, 37, 27413 }, // U+0473
    { 26, 23, 402, 0, 23, 75, 27450 }, // U+0474
    { 19, 17, 301, 0, 17, 41, 27525 }, // U+0475
    { 23, 35, 397, 2, 29, 101, 27566 }, // U+048A
    { 18, 30, 324, 2, 24, 68, 27667 }, // U+048B
    { 20, 24, 335, 0, 24, 60, 27735 }, // U+048C
    { 17, 17, 279, 0, 17, 37, 27795 }, // U+048D
    { 17, 23, 324, 2, 23, 49, 27832 }, // U+048E
    { 16, 23, 314, 2, 17, 46, 27881 }, // U+048F
    { 15, 27, 271, 2, 27, 51, 27927 }, // U+0490
    { 12, 21, 228, 2, 21, 32, 27978 }, // U+0491
    { 17, 23, 278, 0, 23, 49, 28010 }, // U+0492
    { 14, 17, 227, 0, 17, 30, 28059 }, // U+0493
    { 18, 29, 333, 2, 23, 66, 28089 }, // U+0494
    { 15, 23, 290, 2, 17, 44, 28155 }, // U+0495
    { 31, 29, 491, 0, 23, 113, 28199 }, // U+0496
    { 26, 22, 413, 0, 17, 72, 28312 }, // U+0497
    { 18, 29, 305, 0, 23, 66, 28384 }, // U+0498
    { 14, 23, 261, 1, 17, 41, 28450 }, // U+0499
    { 20, 29, 350, 2, 23, 73, 28491 }, // U+049A
    { 16, 22, 291, 2, 17, 44, 28564 }, // U+049B
    { 21, 23, 377, 2, 23, 61, 28608 }, // U+049C
    { 18, 17, 330, 2, 17, 39, 28669 }, // U+049D
    { 21, 23, 342, 0, 23, 61, 28708 }, // U+049E
    { 18, 17, 296, 0, 17, 39, 28769 }, // U+049F
    { 25, 23, 394, 0, 23, 72, 28808 }, // U+04A0
    { 20, 17, 324, 0, 17, 43, 28880 }, // U+04A1
    { 22, 29, 386, 2, 23, 80, 28923 }, // U+04A2
    { 18, 22, 318, 2, 17, 50, 29003 }, // U+04A3
    { 25, 23, 435, 2, 23, 72, 29053 }, // U+04A4
    { 20, 17, 350, 2, 17, 43, 29125 }, // U+04A5
    { 31, 29, 550, 2, 23, 113, 29168 }, // U+04A6
    { 26, 23, 459, 2, 17, 75, 29281 }, // U+04A7
    { 24, 29, 419, 1, 23, 87, 29356 }, // U+04A8
    { 18, 22, 325, 1, 17, 50, 29443 }, // U+04A9
    { 19, 29, 331, 1, 23, 69, 29493 }, // U+04AA
    { 14, 23, 248, 1, 17, 41, 29562 }, // U+04AB
    { 19, 29, 301, 0, 23, 69, 29603 }, // U+04AC
    { 15, 22, 247, 0, 17, 42, 29672 }, // U+04AD
    { 20, 23, 319, 0, 23, 58, 29714 }, // U+04AE
    { 17, 23, 268, 0, 17, 49, 29772 }, // U+04AF
    { 20, 23, 319, 0, 23, 58, 29821 }, // U+04B0
    { 17, 23, 268, 0, 17, 49, 29879 }, // U+04B1
    { 22, 29, 348, 0, 23, 80, 29928 }, // U+04B2
    { 18, 22, 280, 0, 17, 50, 30008 }, // U+04B3
    { 28, 29, 451, 0, 23, 102, 30058 }, // U+04B4
    { 22, 22, 352, 0, 17, 61, 30160 }, // U+04B5
    { 20, 30, 347, 1, 23, 75, 30221 }, // U+04B6
    { 17, 22, 290, 1, 17, 47, 30296 }, // U+04B7
    { 18, 23, 340, 1, 23, 52, 30343 }, // U+04B8
    { 14, 17, 284, 1, 17, 30, 30395 }, // U+04B9
    { 18, 23, 341, 2, 23, 52, 30425 }, // U+04BA
    { 15, 25, 304, 2, 25, 47, 30477 }, // U+04BB
    { 26, 23, 445, 0, 23, 75, 30524 }, // U+04BC
    { 21, 17, 357, 0, 17, 45, 30599 }, // U+04BD
    { 26, 29, 445, 0, 23, 95, 30644 }, // U+04BE
    { 21, 22, 357, 0, 17, 58, 30739 }, // U+04BF
    { 5, 23, 143, 2, 23, 15, 30797 }, // U+04C0
    { 30, 29, 483, 0, 29, 109, 30812 }, // U+04C1
    { 25, 24, 407, 0, 24, 75, 30921 }, // U+04C2
    { 18, 29, 336, 2, 23, 66, 30996 }, // U+04C3
    { 15, 23, 290, 2, 17, 44, 31062 }, // U+04C4
    { 24, 29, 386, 0, 23, 87, 31106 }, // U+04C5
    { 20, 23, 325, 0, 17, 58, 31193 }, // U+04C6
    { 19, 29, 376, 2, 23, 69, 31251 }, // U+04C7
    { 15, 23, 312, 2, 17, 44, 31320 }, // U+04C8
    { 22, 29, 385, 2, 23, 80, 31364 }, // U+04C9
    { 18, 23, 318, 2, 17, 52, 31444 }, // U+04CA
    { 17, 29, 340, 2, 23, 62, 31496 }, // U+04CB
    { 14, 22, 284, 1, 17, 39, 31558 }, // U+04CC
    { 28, 29, 479, 2, 23, 102, 31597 }, // U+04CD
    { 23, 23, 400, 2, 17, 67, 31699 }, // U+04CE
    { 5, 23, 143, 2, 23, 15, 31766 }, // U+04CF
    { 22, 29, 354, 0, 29, 80, 31781 }, // U+04D0
    { 14, 24, 278, 1, 24, 42, 31861 }, // U+04D1
    { 22, 29, 354, 0, 29, 80, 31903 }, // U+04D2
    { 14, 24, 278, 1, 24, 42, 31983 }, // U+04D3
    { 30, 23, 499, 0, 23, 87, 32025 }, // U+04D4
    { 26, 17, 458, 1, 17, 56, 32112 }, // U+04D5
    { 16, 29, 304, 2, 29, 58, 32168 }, // U+04D6
    { 16, 24, 298, 1, 24, 48, 32226 }, // U+04D7
    { 21, 23, 376, 1, 23, 61, 32274 }, // U+04D8
    { 16, 17, 298, 1, 17, 34, 32335 }, // U+04D9
    { 21, 29, 376, 1, 29, 77, 32369 }, // U+04DA
    { 16, 24, 298, 1, 24, 48, 32446 }, // U+04DB
    { 30, 29, 483, 0, 29, 109, 32494 }, // U+04DC
    { 25, 24, 407, 0, 24, 75, 32603 }, // U+04DD
    { 18, 29, 305, 0, 29, 66, 32678 }, // U+04DE
    { 14, 24, 261, 1, 24, 42, 32744 }, // U+04DF
    { 18, 23, 302, 0, 23, 52, 32786 }, // U+04E0
    { 16, 23, 251, -1, 17, 46, 32838 }, // U+04E1
    { 20, 28, 388, 2, 28, 70, 32884 }, // U+04E2
    { 16, 23, 318, 2, 23, 46, 32954 }, // U+04E3
    { 20, 29, 388, 2, 29, 73, 33000 }, // U+04E4
    { 16, 24, 318, 2, 24, 48, 33073 }, // U+04E5
    { 23, 29, 415, 1, 29, 84, 33121 }, // U+04E6
    { 17, 24, 315, 1, 24, 51, 33205 }, // U+04E7
    { 23, 23, 415, 1, 23, 67, 33256 }, // U+04E8
    { 17, 17, 315, 1, 17, 37, 33323 }, // U+04E9
    { 23, 29, 415, 1, 29, 84, 33360 }, // U+04EA
    { 17, 24, 315, 1, 24, 51, 33444 }, // U+04EB
    { 19, 29, 331, 0, 29, 69, 33495 }, // U+04EC
    { 14, 24, 266, 1, 24, 42, 33564 }, // U+04ED
    { 20, 28, 313, 0, 28, 70, 33606 }, // U+04EE
    { 16, 29, 265, 0, 23, 58, 33676 }, // U+04EF
    { 20, 29, 313, 0, 29, 73, 33734 }, // U+04F0
    { 16, 30, 265, 0, 24, 60, 33807 }, // U+04F1
    { 20, 30, 313, 0, 30, 75, 33867 }, // U+04F2
    { 16, 31, 265, 0, 25, 62, 33942 }, // U+04F3
    { 17, 29, 336, 1, 29, 62, 34004 }, // U+04F4
    { 14, 24, 284, 1, 24, 42, 34066 }, // U+04F5
    { 15, 29, 271, 2, 23, 55, 34108 }, // U+04F6
    { 12, 22, 223, 2, 17, 33, 34163 }, // U+04F7
    { 24, 29, 456, 2, 29, 87, 34196 }, // U+04F8
    { 21, 24, 404, 2, 24, 63, 34283 }, // U+04F9
    { 19, 20, 337, 1, 20, 48, 34346 }, // U+05D0
    { 17, 20, 305, 1, 20, 43, 34394 }, // U+05D1
    { 12, 21, 199, 0, 20, 32, 34437 }, // U+05D2
    { 17, 20, 289, 1, 20, 43, 34469 }, // U+05D3
    { 18, 20, 334, 1, 20, 45, 34512 }, // U+05D4
    { 7, 20, 161, 1, 20, 18, 34557 }, // U+05D5
    { 9, 20, 176, 1, 20, 23, 34575 }, // U+05D6
    { 19, 20, 353, 1, 20, 48, 34598 }, // U+05D7
    { 19, 20, 338, 1, 20, 48, 34646 }, // U+05D8
    { 7, 12, 157, 1, 20, 11, 34694 }, // U+05D9
    { 15, 26, 291, 1, 20, 49, 34705 }, // U+05DA
    { 15, 20, 275, 1, 20, 38, 34754 }, // U+05DB
    { 16, 26, 278, 1, 26, 52, 34792 }, // U+05DC
    { 20, 20, 365, 1, 20, 50, 34844 }, // U+05DD
    { 20, 20, 352, 1, 20, 50, 34894 }, // U+05DE
    { 7, 26, 175, 1, 20, 23, 34944 }, // U+05DF
    { 10, 20, 202, 1, 20, 25, 34967 }, // U+05E0
    { 19, 20, 343, 1, 20, 48, 34992 }, // U+05E1
    { 18, 22, 316, 1, 21, 50, 35040 }, // U+05E2
    { 18, 26, 331, 1, 20, 59, 35090 }, // U+05E3
    { 18, 20, 320, 1, 20, 45, 35149 }, // U+05E4
    { 17, 26, 282, 0, 20, 56, 35194 }, // U+05E5
    { 16, 20, 296, 1, 20, 40, 35250 }, // U+05E6
    { 18, 26, 334, 2, 20, 59, 35290 }, // U+05E7
    { 14, 20, 279, 1, 20, 35, 35349 }, // U+05E8
    { 21, 20, 389, 2, 20, 53, 35384 }, // U+05E9
    { 20, 20, 365, 1, 20, 50, 35437 }, // U+05EA
    { 5, 9, 175, 3, 8, 6, 35487 }, // U+060C
    { 6, 18, 183, 2, 17, 14, 35493 }, // U+061B
    { 14, 26, 231, 0, 25, 46, 35507 }, // U+061F
    { 13, 14, 219, 0, 12, 23, 35553 }, // U+0621
    { 11, 4, 144, 0, 3, 6, 35576 }, // U+0640
    { 8, 9, 0, 0, 28, 9, 35582 }, // U+0654
    { 7, 7, 305, 6, 13, 7, 35591 }, // U+0660
    { 7, 24, 305, 6, 23, 21, 35598 }, // U+0661
    { 15, 24, 305, 2, 23, 45, 35619 }, // U+0662
    { 17, 24, 305, 1, 23, 51, 35664 }, // U+0663
    { 15, 24, 305, 2, 23, 45, 35715 }, // U+0664
    { 15, 19, 305, 2, 18, 36, 35760 }, // U+0665
    { 15, 24, 305, 2, 23, 45, 35796 }, // U+0666
    { 19, 25, 305, 0, 24, 60, 35841 }, // U+0667
    { 19, 24, 305, 0, 23, 57, 35901 }, // U+0668
    { 15, 24, 305, 2, 23, 45, 35958 }, // U+0669
    { 21, 19, 365, 1, 11, 50, 36003 }, // U+06BA
    { 9, 3, 159, 1, 3, 4, 36053 }, // U+06D4
    { 12, 16, 216, 1, 16, 24, 36057 }, // U+06D5
    { 7, 7, 305, 6, 13, 7, 36081 }, // U+06F0
    { 7, 24, 305, 6, 23, 21, 36088 }, // U+06F1
    { 15, 24, 305, 2, 23, 45, 36109 }, // U+06F2
    { 17, 24, 305, 1, 23, 51, 36154 }, // U+06F3
    { 15, 23, 305, 2, 23, 44, 36205 }, // U+06F4
    { 15, 23, 305, 2, 23, 44, 36249 }, // U+06F5
    { 13, 24, 305, 3, 23, 39, 36293 }, // U+06F6
    { 19, 25, 305, 0, 24, 60, 36332 }, // U+06F7
    { 19, 24, 305, 0, 23, 57, 36392 }, // U+06F8
    { 15, 24, 305, 2, 23, 45, 36449 }, // U+06F9
    { 22, 31, 354, 0, 24, 86, 36494 }, // U+1EA0
    { 14, 25, 278, 1, 18, 44, 36580 }, // U+1EA1
    { 22, 31, 354, 0, 31, 86, 36624 }, // U+1EA2
    { 14, 26, 278, 1, 25, 46, 36710 }, // U+1EA3
    { 22, 35, 354, 0, 35, 97, 36756 }, // U+1EA4
    { 18, 31, 278, 1, 30, 70, 36853 }, // U+1EA5
    { 22, 35, 354, 0, 35, 97, 36923 }, // U+1EA6
    { 15, 31, 278, 1, 30, 59, 37020 }, // U+1EA7
    { 22, 36, 354, 0, 36, 99, 37079 }, // U+1EA8
    { 16, 31, 278, 1, 30, 62, 37178 }, // U+1EA9
    { 22, 36, 354, 0, 36, 99, 37240 }, // U+1EAA
    { 14, 32, 278, 1, 31, 56, 37339 }, // U+1EAB
    { 22, 38, 354, 0, 31, 105, 37395 }, // U+1EAC
    { 14, 33, 278, 1, 26, 58, 37500 }, // U+1EAD
    { 22, 37, 354, 0, 37, 102, 37558 }, // U+1EAE
    { 14, 33, 278, 1, 32, 58, 37660 }, // U+1EAF
    { 22, 37, 354, 0, 37, 102, 37718 }, // U+1EB0
    { 14, 33, 278, 1, 32, 58, 37820 }, // U+1EB1
    { 22, 36, 354, 0, 36, 99, 37878 }, // U+1EB2
    { 14, 32, 278, 1, 31, 56, 37977 }, // U+1EB3
    { 22, 36, 354, 0, 36, 99, 38033 }, // U+1EB4
    { 14, 31, 278, 1, 30, 55, 38132 }, // U+1EB5
    { 22, 38, 354, 0, 31, 105, 38187 }, // U+1EB6
    { 14, 32, 278, 1, 25, 56, 38292 }, // U+1EB7
    { 16, 31, 304, 2, 24, 62, 38348 }, // U+1EB8
    { 16, 25, 298, 1, 18, 50, 38410 }, // U+1EB9
    { 16, 31, 304, 2, 31, 62, 38460 }, // U+1EBA
    { 16, 26, 298, 1, 25, 52, 38522 }, // U+1EBB
    { 16, 31, 304, 2, 31, 62, 38574 }, // U+1EBC
    { 16, 26, 298, 1, 25, 52, 38636 }, // U+1EBD
    { 18, 35, 304, 2, 35, 79, 38688 }, // U+1EBE
    { 18, 31, 298, 1, 30, 70, 38767 }, // U+1EBF
    { 16, 35, 304, 2, 35, 70, 38837 }, // U+1EC0
    { 16, 31, 298, 1, 30, 62, 38907 }, // U+1EC1
    { 16, 35, 304, 2, 35, 70, 38969 }, // U+1EC2
    { 17, 31, 298, 1, 30, 66, 39039 }, // U+1EC3
    { 16, 36, 304, 2, 36, 72, 39105 }, // U+1EC4
    { 16, 32, 298, 1, 31, 64, 39177 }, // U+1EC5
    { 16, 38, 304, 2, 31, 76, 39241 }, // U+1EC6
    { 16, 33, 298, 1, 26, 66, 39317 }, // U+1EC7
    { 7, 31, 143, 1, 31, 28, 39383 }, // U+1EC8
    { 7, 25, 135, 1, 25, 22, 39411 }, // U+1EC9
    { 5, 31, 143, 2, 24, 20, 39433 }, // U+1ECA
    { 5, 32, 135, 2, 25, 20, 39453 }, // U+1ECB
    { 23, 31, 415, 1, 24, 90, 39473 }, // U+1ECC
    { 17, 25, 315, 1, 18, 54, 39563 }, // U+1ECD
    { 23, 32, 415, 1, 31, 92, 39617 }, // U+1ECE
    { 17, 26, 315, 1, 25, 56, 39709 }, // U+1ECF
    { 23, 36, 415, 1, 35, 104, 39765 }, // U+1ED0
    { 19, 31, 315, 1, 30, 74, 39869 }, // U+1ED1
    { 23, 36, 415, 1, 35, 104, 39943 }, // U+1ED2
    { 17, 32, 315, 1, 31, 68, 40047 }, // U+1ED3
    { 23, 36, 415, 1, 35, 104, 40115 }, // U+1ED4
    { 17, 31, 315, 1, 30, 66, 40219 }, // U+1ED5
    { 23, 37, 415, 1, 36, 107, 40285 }, // U+1ED6
    { 17, 32, 315, 1, 31, 68, 40392 }, // U+1ED7
    { 23, 39, 415, 1, 32, 113, 40460 }, // U+1ED8
    { 17, 33, 315, 1, 26, 71, 40573 }, // U+1ED9
    { 24, 33, 415, 1, 32, 99, 40644 }, // U+1EDA
    { 19, 27, 315, 1, 26, 65, 40743 }, // U+1EDB
    { 24, 33, 415, 1, 32, 99, 40808 }, // U+1EDC
    { 19, 27, 315, 1, 26, 65, 40907 }, // U+1EDD
    { 24, 32, 415, 1, 31, 96, 40972 }, // U+1EDE
    { 19, 26, 315, 1, 25, 62, 41068 }, // U+1EDF
    { 24, 31, 415, 1, 30, 93, 41130 }, // U+1EE0
    { 19, 26, 315, 1, 25, 62, 41223 }, // U+1EE1
    { 24, 34, 415, 1, 27, 102, 41285 }, // U+1EE2
    { 19, 28, 315, 1, 21, 67, 41387 }, // U+1EE3
    { 19, 31, 367, 2, 24, 74, 41454 }, // U+1EE4
    { 15, 25, 306, 2, 18, 47, 41528 }, // U+1EE5
    { 19, 32, 367, 2, 31, 76, 41575 }, // U+1EE6
    { 15, 26, 306, 2, 25, 49, 41651 }, // U+1EE7
    { 23, 33, 379, 2, 32, 95, 41700 }, // U+1EE8
    { 19, 27, 318, 2, 26, 65, 41795 }, // U+1EE9
    { 23, 33, 379, 2, 32, 95, 41860 }, // U+1EEA
    { 19, 27, 318, 2, 26, 65, 41955 }, // U+1EEB
    { 23, 32, 379, 2, 31, 92, 42020 }, // U+1EEC
    { 19, 26, 318, 2, 25, 62, 42112 }, // U+1EED
    { 23, 31, 379, 2, 30, 90, 42174 }, // U+1EEE
    { 19, 26, 318, 2, 25, 62, 42264 }, // U+1EEF
    { 23, 34, 379, 2, 27, 98, 42326 }, // U+1EF0
    { 19, 28, 318, 2, 21, 67, 42424 }, // U+1EF1
    { 20, 30, 319, 0, 30, 75, 42491 }, // U+1EF2
    { 16, 32, 265, 0, 26, 64, 42566 }, // U+1EF3
    { 20, 31, 319, 0, 24, 78, 42630 }, // U+1EF4
    { 16, 25, 265, 0, 18, 50, 42708 }, // U+1EF5
    { 20, 31, 319, 0, 31, 78, 42758 }, // U+1EF6
    { 16, 32, 265, 0, 25, 64, 42836 }, // U+1EF7
    { 20, 31, 319, 0, 31, 78, 42900 }, // U+1EF8
    { 16, 32, 265, 0, 25, 64, 42978 }, // U+1EF9
    { 0, 0, 69, 0, 0, 0, 43042 }, // U+2009
    { 0, 0, 0, 0, 0, 0, 43042 }, // U+200B
    { 2, 24, 0, -1, 23, 6, 43042 }, // U+200C
    { 8, 24, 0, -4, 23, 24, 43048 }, // U+200D
    { 8, 25, 0, -1, 23, 25, 43072 }, // U+200E
    { 8, 25, 0, -7, 23, 25, 43097 }, // U+200F
    { 9, 3, 171, 1, 11, 4, 43122 }, // U+2010
    { 9, 4, 172, 1, 11, 5, 43126 }, // U+2011
    { 18, 3, 264, -1, 12, 7, 43131 }, // U+2013
    { 34, 3, 531, -1, 12, 13, 43138 }, // U+2014
    { 34, 3, 531, -1, 12, 13, 43151 }, // U+2015
    { 6, 8, 125, 1, 25, 6, 43164 }, // U+2018
    { 5, 8, 125, 1, 25, 5, 43170 }, // U+2019
    { 5, 8, 125, 1, 4, 5, 43175 }, // U+201A
    { 12, 8, 222, 1, 25, 12, 43180 }, // U+201C
    { 11, 8, 222, 1, 25, 11, 43192 }, // U+201D
    { 11, 8, 222, 1, 4, 11, 43203 }, // U+201E
    { 14, 28, 254, 1, 23, 49, 43214 }, // U+2020
    { 14, 28, 254, 1, 23, 49, 43263 }, // U+2021
    { 10, 8, 192, 1, 15, 10, 43312 }, // U+2022
    { 27, 4, 531, 3, 4, 14, 43322 }, // U+2026
    { 0, 0, 69, 0, 0, 0, 43336 }, // U+202F
    { 38, 23, 654, 1, 23, 110, 43336 }, // U+2030
    { 9, 15, 155, 0, 17, 17, 43446 }, // U+2039
    { 8, 15, 155, 1, 17, 15, 43463 }, // U+203A
    { 17, 23, 79, -6, 23, 49, 43478 }, // U+2044
    { 6, 18, 183, 2, 17, 14, 43527 }, // U+204F
    { 11, 13, 191, 0, 23, 18, 43541 }, // U+2070
    { 12, 13, 191, 0, 23, 20, 43559 }, // U+2074
    { 10, 13, 191, 1, 23, 17, 43579 }, // U+2075
    { 10, 13, 191, 1, 23, 17, 43596 }, // U+2076
    { 10, 13, 191, 1, 23, 17, 43613 }, // U+2077
    { 10, 13, 191, 1, 23, 17, 43630 }, // U+2078
    { 10, 13, 191, 1, 23, 17, 43647 }, // U+2079
    { 11, 13, 191, 0, 13, 18, 43664 }, // U+2080
    { 7, 13, 191, 1, 13, 12, 43682 }, // U+2081
    { 11, 13, 191, 0, 13, 18, 43694 }, // U+2082
    { 10, 13, 191, 1, 13, 17, 43712 }, // U+2083
    { 12, 13, 191, 0, 13, 20, 43729 }, // U+2084
    { 10, 13, 191, 1, 13, 17, 43749 }, // U+2085
    { 10, 13, 191, 1, 13, 17, 43766 }, // U+2086
    { 10, 13, 191, 1, 13, 17, 43783 }, // U+2087
    { 10, 13, 191, 1, 13, 17, 43800 }, // U+2088
    { 10, 13, 191, 1, 13, 17, 43817 }, // U+2089
    { 22, 20, 422, 2, 20, 55, 43834 }, // U+20AA
    { 18, 22, 301, 1, 22, 50, 43889 }, // U+20AC
    { 17, 23, 301, 1, 23, 49, 43939 }, // U+20AE
    { 17, 23, 301, 1, 23, 49, 43988 }, // U+20B4
    { 17, 23, 301, 2, 23, 49, 44037 }, // U+20B9
    { 17, 25, 312, 1, 25, 54, 44086 }, // U+2202
    { 22, 23, 347, 0, 23, 64, 44140 }, // U+2206
    { 19, 27, 372, 2, 23, 65, 44204 }, // U+220F
    { 17, 27, 275, 0, 23, 58, 44269 }, // U+2211
    { 16, 3, 301, 1, 11, 6, 44327 }, // U+2212
    { 17, 23, 79, -6, 23, 49, 44333 }, // U+2215
    { 6, 4, 131, 1, 12, 3, 44382 }, // U+2219
    { 20, 27, 301, 0, 26, 68, 44385 }, // U+221A
    { 19, 9, 314, 0, 14, 22, 44453 }, // U+221E
    { 12, 31, 197, 0, 25, 47, 44475 }, // U+222B
    { 17, 13, 301, 1, 17, 28, 44522 }, // U+2248
    { 16, 18, 301, 1, 19, 36, 44550 }, // U+2260
    { 16, 19, 301, 1, 19, 38, 44586 }, // U+2264
    { 16, 19, 301, 1, 19, 38, 44624 }, // U+2265
    { 24, 25, 414, 2, 25, 75, 44662 }, // U+FB00
    { 18, 25, 343, 2, 25, 57, 44737 }, // U+FB01
    { 20, 25, 354, 2, 25, 63, 44794 }, // U+FB02
    { 30, 25, 551, 2, 25, 94, 44857 }, // U+FB03
    { 32, 25, 562, 2, 25, 100, 44951 }, // U+FB04
    { 31, 25, 530, 1, 14, 97, 45051 }, // U+FB56
    { 38, 23, 583, 1, 12, 110, 45148 }, // U+FB57
    { 9, 24, 159, -1, 14, 27, 45258 }, // U+FB58
    { 15, 20, 199, 0, 10, 38, 45285 }, // U+FB59
    { 31, 25, 530, 1, 24, 97, 45323 }, // U+FB66
    { 38, 25, 583, 1, 24, 119, 45420 }, // U+FB67
    { 10, 28, 143, 0, 27, 35, 45539 }, // U+FB68
    { 15, 24, 199, 0, 23, 45, 45574 }, // U+FB69
    { 21, 28, 351, 0, 14, 74, 45619 }, // U+FB7A
    { 26, 28, 383, 0, 14, 91, 45693 }, // U+FB7B
    { 19, 22, 314, 0, 12, 53, 45784 }, // U+FB7C
    { 23, 22, 340, 0, 12, 64, 45837 }, // U+FB7D
    { 14, 30, 254, 1, 29, 53, 45901 }, // U+FB88
    { 19, 30, 284, 1, 29, 72, 45954 }, // U+FB89
    { 12, 30, 196, -1, 22, 45, 46026 }, // U+FB8A
    { 16, 30, 211, -1, 22, 60, 46071 }, // U+FB8B
    { 12, 33, 196, -1, 25, 50, 46131 }, // U+FB8C
    { 16, 33, 211, -1, 25, 66, 46181 }, // U+FB8D
    { 29, 25, 468, 1, 24, 91, 46247 }, // U+FB8E
    { 34, 25, 520, 1, 24, 107, 46338 }, // U+FB8F
    { 15, 25, 220, 0, 24, 47, 46445 }, // U+FB90
    { 19, 25, 271, 0, 24, 60, 46492 }, // U+FB91
    { 29, 29, 468, 1, 28, 106, 46552 }, // U+FB92
    { 34, 29, 520, 1, 28, 124, 46658 }, // U+FB93
    { 15, 29, 220, 0, 28, 55, 46782 }, // U+FB94
    { 19, 29, 271, 0, 28, 69, 46837 }, // U+FB95
    { 21, 19, 365, 1, 11, 50, 46906 }, // U+FB9E
    { 25, 18, 389, 1, 10, 57, 46956 }, // U+FB9F
    { 12, 16, 216, 1, 16, 24, 47013 }, // U+FBA6
    { 18, 12, 255, 0, 11, 27, 47037 }, // U+FBA7
    { 8, 21, 143, 0, 14, 21, 47064 }, // U+FBA8
    { 17, 15, 234, 0, 6, 32, 47085 }, // U+FBA9
    { 21, 18, 358, 0, 17, 48, 47117 }, // U+FBAA
    { 23, 22, 327, 0, 14, 64, 47165 }, // U+FBAB
    { 18, 18, 306, 0, 17, 41, 47229 }, // U+FBAC
    { 19, 22, 270, 0, 14, 53, 47270 }, // U+FBAD
    { 30, 17, 502, 1, 16, 64, 47323 }, // U+FBAE
    { 20, 13, 293, 0, 3, 33, 47387 }, // U+FBAF
    { 30, 26, 502, 1, 25, 98, 47420 }, // U+FBB0
    { 20, 22, 293, 0, 12, 55, 47518 }, // U+FBB1
    { 24, 22, 405, 1, 14, 66, 47573 }, // U+FBFC
    { 26, 14, 392, 1, 6, 46, 47639 }, // U+FBFD
    { 9, 21, 159, -1, 14, 24, 47685 }, // U+FBFE
    { 15, 17, 199, 0, 10, 32, 47709 }, // U+FBFF
    { 13, 14, 219, 0, 12, 23, 47741 }, // U+FE80
    { 12, 28, 125, -2, 28, 42, 47764 }, // U+FE81
    { 14, 32, 155, -2, 31, 56, 47806 }, // U+FE82
    { 7, 32, 125, 0, 32, 28, 47862 }, // U+FE83
    { 12, 36, 155, 0, 35, 54, 47890 }, // U+FE84
    { 13, 30, 238, 1, 22, 49, 47944 }, // U+FE85
    { 17, 30, 252, 1, 22, 64, 47993 }, // U+FE86
    { 8, 34, 127, 1, 24, 34, 48057 }, // U+FE87
    { 11, 34, 155, 1, 24, 47, 48091 }, // U+FE88
    { 24, 24, 405, 1, 16, 72, 48138 }, // U+FE89
    { 26, 24, 392, 1, 16, 78, 48210 }, // U+FE8A
    { 8, 25, 143, 0, 24, 25, 48288 }, // U+FE8B
    { 14, 21, 183, 0, 20, 37, 48313 }, // U+FE8C
    { 4, 24, 127, 2, 24, 12, 48350 }, // U+FE8D
    { 10, 25, 155, 2, 24, 32, 48362 }, // U+FE8E
    { 31, 22, 530, 1, 14, 86, 48394 }, // U+FE8F
    { 38, 20, 583, 1, 12, 95, 48480 }, // U+FE90
    { 8, 21, 143, 0, 14, 21, 48575 }, // U+FE91
    { 14, 17, 183, 0, 10, 30, 48596 }, // U+FE92
    { 12, 23, 216, 1, 23, 35, 48626 }, // U+FE93
    { 17, 26, 259, 1, 25, 56, 48661 }, // U+FE94
    { 31, 19, 530, 1, 18, 74, 48717 }, // U+FE95
    { 38, 19, 583, 1, 18, 91, 48791 }, // U+FE96
    { 9, 22, 143, 0, 21, 25, 48882 }, // U+FE97
    { 15, 18, 199, 0, 17, 34, 48907 }, // U+FE98
    { 31, 22, 530, 1, 21, 86, 48941 }, // U+FE99
    { 38, 22, 583, 1, 21, 105, 49027 }, // U+FE9A
    { 9, 25, 143, 0, 24, 29, 49132 }, // U+FE9B
    { 15, 21, 199, 0, 20, 40, 49161 }, // U+FE9C
    { 20, 28, 341, 0, 14, 70, 49201 }, // U+FE9D
    { 24, 28, 346, 0, 14, 84, 49271 }, // U+FE9E
    { 19, 19, 314, 0, 12, 46, 49355 }, // U+FE9F
    { 23, 19, 340, 0, 12, 55, 49401 }, // U+FEA0
    { 20, 28, 341, 0, 14, 70, 49456 }, // U+FEA1
    { 24, 28, 346, 0, 14, 84, 49526 }, // U+FEA2
    { 19, 13, 314, 0, 12, 31, 49610 }, // U+FEA3
    { 23, 13, 340, 0, 12, 38, 49641 }, // U+FEA4
    { 20, 35, 341, 0, 21, 88, 49679 }, // U+FEA5
    { 24, 35, 346, 0, 21, 105, 49767 }, // U+FEA6
    { 19, 20, 314, 0, 19, 48, 49872 }, // U+FEA7
    { 23, 20, 340, 0, 19, 58, 49920 }, // U+FEA8
    { 14, 17, 254, 1, 16, 30, 49978 }, // U+FEA9
    { 19, 17, 284, 1, 16, 41, 50008 }, // U+FEAA
    { 14, 24, 254, 1, 23, 42, 50049 }, // U+FEAB
    { 19, 24, 284, 1, 23, 57, 50091 }, // U+FEAC
    { 12, 20, 196, -1, 12, 30, 50148 }, // U+FEAD
    { 16, 20, 211, -1, 12, 40, 50178 }, // U+FEAE
    { 12, 27, 196, -1, 19, 41, 50218 }, // U+FEAF
    { 16, 27, 211, -1, 19, 54, 50259 }, // U+FEB0
    { 38, 22, 645, 1, 14, 105, 50313 }, // U+FEB1
    { 43, 20, 677, 1, 12, 108, 50418 }, // U+FEB2
    { 25, 15, 418, 0, 14, 47, 50526 }, // U+FEB3
    { 30, 13, 453, 0, 12, 49, 50573 }, // U+FEB4
    { 38, 30, 645, 1, 22, 143, 50622 }, // U+FEB5
    { 43, 30, 677, 1, 22, 162, 50765 }, // U+FEB6
    { 25, 23, 418, 0, 22, 72, 50927 }, // U+FEB7
    { 30, 23, 453, 0, 22, 87, 50999 }, // U+FEB8
    { 42, 21, 696, 1, 13, 111, 51086 }, // U+FEB9
    { 46, 21, 721, 1, 13, 121, 51197 }, // U+FEBA
    { 29, 14, 482, 0, 13, 51, 51318 }, // U+FEBB
    { 34, 14, 506, 0, 13, 60, 51369 }, // U+FEBC
    { 42, 28, 696, 1, 20, 147, 51429 }, // U+FEBD
    { 46, 28, 721, 1, 20, 161, 51576 }, // U+FEBE
    { 29, 21, 482, 0, 20, 77, 51737 }, // U+FEBF
    { 34, 21, 506, 0, 20, 90, 51814 }, // U+FEC0
    { 25, 25, 420, 0, 24, 79, 51904 }, // U+FEC1
    { 30, 25, 443, 0, 24, 94, 51983 }, // U+FEC2
    { 22, 25, 361, 0, 24, 69, 52077 }, // U+FEC3
    { 26, 25, 379, 0, 24, 82, 52146 }, // U+FEC4
    { 25, 25, 420, 0, 24, 79, 52228 }, // U+FEC5
    { 30, 25, 443, 0, 24, 94, 52307 }, // U+FEC6
    { 22, 25, 361, 0, 24, 69, 52401 }, // U+FEC7
    { 26, 25, 379, 0, 24, 82, 52470 }, // U+FEC8
    { 20, 31, 270, 0, 17, 78, 52552 }, // U+FEC9
    { 20, 28, 283, 0, 14, 70, 52630 }, // U+FECA
    { 16, 16, 268, 0, 15, 32, 52700 }, // U+FECB
    { 20, 15, 278, 0, 14, 38, 52732 }, // U+FECC
    { 20, 38, 270, 0, 24, 95, 52770 }, // U+FECD
    { 20, 35, 283, 0, 21, 88, 52865 }, // U+FECE
    { 16, 23, 268, 0, 22, 46, 52953 }, // U+FECF
    { 20, 22, 278, 0, 21, 55, 52999 }, // U+FED0
    { 31, 25, 524, 1, 24, 97, 53054 }, // U+FED1
    { 38, 22, 586, 1, 21, 105, 53151 }, // U+FED2
    { 14, 25, 238, 0, 24, 44, 53256 }, // U+FED3
    { 19, 22, 264, 0, 21, 53, 53300 }, // U+FED4
    { 24, 28, 413, 1, 21, 84, 53353 }, // U+FED5
    { 28, 29, 431, 1, 19, 102, 53437 }, // U+FED6
    { 14, 25, 238, 0, 24, 44, 53539 }, // U+FED7
    { 19, 22, 264, 0, 21, 53, 53583 }, // U+FED8
    { 27, 25, 470, 1, 24, 85, 53636 }, // U+FED9
    { 32, 25, 492, 1, 24, 100, 53721 }, // U+FEDA
    { 15, 25, 220, 0, 24, 47, 53821 }, // U+FEDB
    { 19, 25, 271, 0, 24, 60, 53868 }, // U+FEDC
    { 21, 32, 371, 1, 24, 84, 53928 }, // U+FEDD
    { 25, 32, 389, 1, 24, 100, 54012 }, // U+FEDE
    { 7, 25, 139, 0, 24, 22, 54112 }, // U+FEDF
    { 12, 25, 160, 0, 24, 38, 54134 }, // U+FEE0
    { 15, 27, 258, 0, 13, 51, 54172 }, // U+FEE1
    { 21, 27, 300, 0, 13, 71, 54223 }, // U+FEE2
    { 16, 13, 280, 0, 12, 26, 54294 }, // U+FEE3
    { 21, 14, 308, 0, 13, 37, 54320 }, // U+FEE4
    { 21, 25, 365, 1, 17, 66, 54357 }, // U+FEE5
    { 25, 25, 389, 1, 17, 79, 54423 }, // U+FEE6
    { 8, 22, 143, 0, 21, 22, 54502 }, // U+FEE7
    { 14, 18, 183, 0, 17, 32, 54524 }, // U+FEE8
    { 12, 16, 216, 1, 16, 24, 54556 }, // U+FEE9
    { 17, 19, 259, 1, 18, 41, 54580 }, // U+FEEA
    { 18, 18, 306, 0, 17, 41, 54621 }, // U+FEEB
    { 19, 22, 270, 0, 14, 53, 54662 }, // U+FEEC
    { 13, 20, 238, 1, 12, 33, 54715 }, // U+FEED
    { 17, 20, 252, 1, 12, 43, 54748 }, // U+FEEE
    { 24, 22, 405, 1, 14, 66, 54791 }, // U+FEEF
    { 26, 14, 392, 1, 6, 46, 54857 }, // U+FEF0
    { 24, 29, 405, 1, 14, 87, 54903 }, // U+FEF1
    { 26, 21, 392, 1, 6, 69, 54990 }, // U+FEF2
    { 9, 21, 159, -1, 14, 24, 55059 }, // U+FEF3
    { 15, 17, 199, 0, 10, 32, 55083 }, // U+FEF4
    { 21, 25, 310, -3, 25, 66, 55115 }, // U+FEF5
    { 24, 26, 319, -2, 25, 78, 55181 }, // U+FEF6
    { 19, 29, 310, -1, 29, 69, 55259 }, // U+FEF7
    { 22, 30, 319, 0, 29, 83, 55328 }, // U+FEF8
    { 17, 34, 310, 1, 24, 73, 55411 }, // U+FEF9
    { 21, 34, 319, 1, 24, 90, 55484 }, // U+FEFA
    { 17, 24, 310, 1, 24, 51, 55574 }, // U+FEFB
    { 21, 25, 319, 1, 24, 66, 55625 }, // U+FEFC
};

static const EpdUnicodeInterval ubuntu_16_regularIntervals[] = {
    { 0x0, 0x0, 0x0 },
    { 0x8, 0x9, 0x1 },
    { 0xD, 0xD, 0x3 },
    { 0x1D, 0x1D, 0x4 },
    { 0x20, 0x7E, 0x5 },
    { 0xA0, 0x17F, 0x64 },
    { 0x1A0, 0x1A1, 0x144 },
    { 0x1AF, 0x1B0, 0x146 },
    { 0x1C4, 0x21F, 0x148 },
    { 0x300, 0x304, 0x1A4 },
    { 0x306, 0x308, 0x1A9 },
    { 0x30A, 0x30C, 0x1AC },
    { 0x311, 0x312, 0x1AF },
    { 0x326, 0x328, 0x1B1 },
    { 0x34F, 0x34F, 0x1B4 },
    { 0x400, 0x45F, 0x1B5 },
    { 0x462, 0x463, 0x215 },
    { 0x472, 0x475, 0x217 },
    { 0x48A, 0x4F9, 0x21B },
    { 0x5D0, 0x5EA, 0x28B },
    { 0x60C, 0x60C, 0x2A6 },
    { 0x61B, 0x61B, 0x2A7 },
    { 0x61F, 0x61F, 0x2A8 },
    { 0x621, 0x621, 0x2A9 },
    { 0x640, 0x640, 0x2AA },
    { 0x654, 0x654, 0x2AB },
    { 0x660, 0x669, 0x2AC },
    { 0x6BA, 0x6BA, 0x2B6 },
    { 0x6D4, 0x6D5, 0x2B7 },
    { 0x6F0, 0x6F9, 0x2B9 },
    { 0x1EA0, 0x1EF9, 0x2C3 },
    { 0x2009, 0x2009, 0x31D },
    { 0x200B, 0x2011, 0x31E },
    { 0x2013, 0x2015, 0x325 },
    { 0x2018, 0x201A, 0x328 },
    { 0x201C, 0x201E, 0x32B },
    { 0x2020, 0x2022, 0x32E },
    { 0x2026, 0x2026, 0x331 },
    { 0x202F, 0x2030, 0x332 },
    { 0x2039, 0x203A, 0x334 },
    { 0x2044, 0x2044, 0x336 },
    { 0x204F, 0x204F, 0x337 },
    { 0x2070, 0x2070, 0x338 },
    { 0x2074, 0x2079, 0x339 },
    { 0x2080, 0x2089, 0x33F },
    { 0x20AA, 0x20AA, 0x349 },
    { 0x20AC, 0x20AC, 0x34A },
    { 0x20AE, 0x20AE, 0x34B },
    { 0x20B4, 0x20B4, 0x34C },
    { 0x20B9, 0x20B9, 0x34D },
    { 0x2202, 0x2202, 0x34E },
    { 0x2206, 0x2206, 0x34F },
    { 0x220F, 0x220F, 0x350 },
    { 0x2211, 0x2212, 0x351 },
    { 0x2215, 0x2215, 0x353 },
    { 0x2219, 0x221A, 0x354 },
    { 0x221E, 0x221E, 0x356 },
    { 0x222B, 0x222B, 0x357 },
    { 0x2248, 0x2248, 0x358 },
    { 0x2260, 0x2260, 0x359 },
    { 0x2264, 0x2265, 0x35A },
    { 0xFB00, 0xFB04, 0x35C },
    { 0xFB56, 0xFB59, 0x361 },
    { 0xFB66, 0xFB69, 0x365 },
    { 0xFB7A, 0xFB7D, 0x369 },
    { 0xFB88, 0xFB95, 0x36D },
    { 0xFB9E, 0xFB9F, 0x37B },
    { 0xFBA6, 0xFBB1, 0x37D },
    { 0xFBFC, 0xFBFF, 0x389 },
    { 0xFE80, 0xFEFC, 0x38D },
};

static const uint16_t ubuntu_16_regularKernLeftCodepoints[] = {
    0x0022, 0x0027, 0x0028, 0x0029, 0x002A, 0x002C, 0x002D, 0x002E, 0x002F, 0x003A, 0x003B, 0x0040,
    0x0041, 0x0042, 0x0043, 0x0044, 0x0045, 0x0046, 0x0047, 0x004A, 0x004B, 0x004C, 0x004D, 0x004F,
    0x0050, 0x0051, 0x0052, 0x0054, 0x0055, 0x0056, 0x0057, 0x0058, 0x0059, 0x005A, 0x005B, 0x005D,
    0x0061, 0x0062, 0x0063, 0x0066, 0x0068, 0x006A, 0x006B, 0x006D, 0x006E, 0x006F, 0x0070, 0x0071,
    0x0072, 0x0074, 0x0076, 0x0077, 0x0078, 0x007A, 0x007B, 0x007D, 0x00A1, 0x00AB, 0x00BB, 0x00BF,
    0x00C0, 0x00C1, 0x00C2, 0x00C3, 0x00C4, 0x00C5, 0x00C6, 0x00C7, 0x00C8, 0x00C9, 0x00CA, 0x00CB,
    0x00D0, 0x00D2, 0x00D3, 0x00D4, 0x00D5, 0x00D6, 0x00D8, 0x00D9, 0x00DA, 0x00DB, 0x00DC, 0x00DD,
    0x00DE, 0x00DF, 0x00E0, 0x00E1, 0x00E2, 0x00E3, 0x00E4, 0x00E5, 0x00E7, 0x00F0, 0x00F1, 0x00F2,
    0x00F3, 0x00F4, 0x00F5, 0x00F6, 0x00F8, 0x00FE, 0x0100, 0x0101, 0x0102, 0x0103, 0x0104, 0x0105,
    0x0106, 0x0107, 0x0108, 0x0109, 0x010A, 0x010B, 0x010C, 0x010D, 0x010E, 0x010F, 0x0110, 0x0112,
    0x0114, 0x0116, 0x0118, 0x011A, 0x011C, 0x011E, 0x0120, 0x0122, 0x0125, 0x0127, 0x0132, 0x0133,
    0x0134, 0x0135, 0x0136, 0x0137, 0x0138, 0x0139, 0x013B, 0x013D, 0x013E, 0x013F, 0x0141, 0x0144,
    0x0146, 0x0148, 0x0149, 0x014A, 0x014B, 0x014C, 0x014D, 0x014E, 0x014F, 0x0150, 0x0151, 0x0152,
    0x0154, 0x0155, 0x0156, 0x0157, 0x0158, 0x0159, 0x0162, 0x0163, 0x0164, 0x0165, 0x0166, 0x0167,
    0x0168, 0x016A, 0x016C, 0x016E, 0x0170, 0x0172, 0x0174, 0x0175, 0x0176, 0x0178, 0x0179, 0x017A,
    0x017B, 0x017C, 0x017D, 0x017E, 0x017F, 0x01C4, 0x01C5, 0x01C6, 0x01C7, 0x01C8, 0x01C9, 0x01CA,
    0x01CB, 0x01CC, 0x01CD, 0x01CE, 0x01D1, 0x01D2, 0x01D3, 0x01D5, 0x01D7, 0x01D9, 0x01DB, 0x01DD,
    0x01DE, 0x01DF, 0x01E0, 0x01E1, 0x01E2, 0x01E4, 0x01E6, 0x01E8, 0x01E9, 0x01EA, 0x01EB, 0x01EC,
    0x01ED, 0x01EE, 0x01F0, 0x01F1, 0x01F2, 0x01F3, 0x01F4, 0x01F7, 0x01F9, 0x01FA, 0x01FB, 0x01FC,
    0x01FE, 0x01FF, 0x0200, 0x0201, 0x0202, 0x0203, 0x0204, 0x0206, 0x020C, 0x020D, 0x020E, 0x020F,
    0x0210, 0x0211, 0x0212, 0x0213, 0x0214, 0x0216, 0x021A, 0x021B, 0x021C, 0x021F, 0x0400, 0x0401,
    0x0402, 0x0403, 0x0404, 0x0405, 0x040B, 0x040C, 0x040E, 0x0410, 0x0411, 0x0412, 0x0413, 0x0414,
    0x0415, 0x0417, 0x041A, 0x041C, 0x041E, 0x0420, 0x0421, 0x0422, 0x0423, 0x0424, 0x0425, 0x0426,
    0x0429, 0x042D, 0x042E, 0x0430, 0x0431, 0x0432, 0x0433, 0x0434, 0x0435, 0x0436, 0x0437, 0x043A,
    0x043E, 0x0440, 0x0441, 0x0442, 0x0443, 0x0444, 0x0445, 0x0446, 0x0449, 0x044A, 0x044C, 0x044D,
    0x044E, 0x0450, 0x0451, 0x0452, 0x0453, 0x0454, 0x0455, 0x0459, 0x045A, 0x045B, 0x045C, 0x045E,
    0x0462, 0x0463, 0x0472, 0x0473, 0x0474, 0x0475, 0x048A, 0x048B, 0x048D, 0x048F, 0x0490, 0x0491,
    0x0492, 0x0493, 0x0494, 0x0495, 0x0497, 0x0498, 0x0499, 0x049A, 0x049B, 0x049C, 0x049D, 0x049E,
    0x049F, 0x04A0, 0x04A1, 0x04A2, 0x04A3, 0x04A4, 0x04A5, 0x04A7, 0x04A8, 0x04A9, 0x04AA, 0x04AB,
    0x04AC, 0x04AD, 0x04AE, 0x04AF, 0x04B0, 0x04B1, 0x04B2, 0x04B3, 0x04B4, 0x04B5, 0x04B6, 0x04B7,
    0x04BA, 0x04BB, 0x04BC, 0x04BD, 0x04BE, 0x04BF, 0x04C2, 0x04C4, 0x04C6, 0x04C8, 0x04C9, 0x04CA,
    0x04CD, 0x04CE, 0x04D0, 0x04D1, 0x04D2, 0x04D3, 0x04D5, 0x04D6, 0x04D7, 0x04D8, 0x04D9, 0x04DA,
    0x04DB, 0x04DD, 0x04DE, 0x04DF, 0x04E0, 0x04E1, 0x04E6, 0x04E7, 0x04E8, 0x04E9, 0x04EA, 0x04EB,
    0x04EC, 0x04ED, 0x04EE, 0x04EF, 0x04F0, 0x04F1, 0x04F2, 0x04F3, 0x04F6, 0x04F7, 0x05D0, 0x05D1,
    0x05D2, 0x05D3, 0x05D5, 0x05D6, 0x05D8, 0x05D9, 0x05DB, 0x05DC, 0x05DE, 0x05E0, 0x05E1, 0x05E2,
    0x05E4, 0x05E6, 0x05E8, 0x05E9, 0x05EA, 0x1EF2, 0x2013, 0x2014, 0x2018, 0x201A, 0x201C, 0x201E,
    0x2026, 0x2039, 0x203A, 0xFB00, 0xFB8C, 0xFEAD, 0xFEAE, 0xFEAF,
};

static const uint8_t ubuntu_16_regularKernLeftClassIds[] = {
      1,   1,   2,   3,   4,   5,   6,   5,   7,   8,   8,   9,  10,  11,  12,  13,
     14,  15,  16,  17,  18,  19,  20,  21,  22,  23,  24,  25,  26,  27,  28,  29,
     30,  31,  32,  33,  34,  35,  36,  37,  38,  39,  40,  41,  41,  42,  43,  44,
     45,  46,  47,  48,  49,  50,  51,  52,  53,  54,  55,  56,  10,  10,  10,  10,
     10,  10,  14,  12,  14,  14,  14,  14,  13,  21,  21,  21,  21,  21,  21,  26,
     26,  26,  26,  30,  57,  58,  34,  34,  34,  34,  34,  34,  36,  59,  41,  42,
     42,  42,  42,  42,  42,  60,  10,  34,  10,  34,  10,  34,  12,  36,  12,  36,
     12,  36,  12,  36,  13,  61,  13,  14,  14,  14,  14,  14,  16,  16,  16,  16,
     38,  38,  17,  39,  17,  39,  18,  40,  40,  19,  19,  19,  61,  19,  19,  41,
     41,  41,  41,  62,  63,  21,  42,  21,  42,  21,  42,  14,  24,  45,  24,  45,
     24,  45,  25,  46,  25,  46,  25,  46,  26,  26,  26,  26,  26,  26,  28,  48,
     30,  30,  31,  50,  31,  50,  31,  50,  37,  31,  50,  50,  17,  39,  39,  17,
     39,  39,  10,  34,  21,  42,  26,  26,  26,  26,  26,  42,  10,  34,  10,  34,
     14,  16,  16,  18,  40,  21,  42,  21,  42,  64,  39,  31,  50,  50,  16,  65,
     41,  10,  34,  14,  21,  42,  10,  34,  10,  34,  14,  14,  21,  42,  21,  42,
     24,  45,  24,  45,  26,  26,  25,  46,  66,  38,  67,  67,  68,  69,  70,  71,
     72,  73,  74,  75,  68,  76,  69,  77,  67,  78,  73,  79,  80,  81,  70,  82,
     74,  83,  84,  85,  85,  86,  80,  87,  88,  89,  90,  91,  92,  93,  94,  95,
     96,  97,  98,  99, 100, 101, 102, 103, 103, 104, 104, 105, 106,  92,  92, 107,
     90, 108, 109, 104, 104, 110,  95, 100,  68, 111,  80,  96, 112, 113,  85, 103,
    104,  97,  69,  90,  69,  90,  68, 114,  93,  78,  94,  73,  95,  73,  95,  73,
     95,  73,  95,  85, 103,  82,  90, 115, 116, 117,  70,  98,  82,  99, 118, 119,
    118, 119,  84, 102,  85, 103,  85, 103, 120, 121, 122, 123, 122, 123,  93, 124,
    103, 125,  85, 103,  85, 103,  75,  87,  75,  87, 126,  67,  92, 127, 128, 127,
    128,  93,  78,  94, 129, 130,  80,  96,  80,  96,  80,  96,  86,  94,  74, 100,
     74, 100,  74, 100,  69,  90, 131, 132, 133, 134, 135, 136, 137, 138, 139, 140,
    141, 142, 143, 144, 145, 146, 147, 148, 149,  30,   6,   6, 150, 151, 150, 151,
      5,  54,  55,  37, 152, 152, 152, 152,
};

static const uint16_t ubuntu_16_regularKernRightCodepoints[] = {
    0x0021, 0x0022, 0x0027, 0x0028, 0x0029, 0x002A, 0x002C, 0x002D, 0x002E, 0x002F, 0x003A, 0x003B,
    0x003F, 0x0040, 0x0041, 0x0043, 0x0047, 0x004A, 0x004D, 0x004F, 0x0051, 0x0053, 0x0054, 0x0055,
    0x0056, 0x0057, 0x0058, 0x0059, 0x005A, 0x005B, 0x005C, 0x005D, 0x0061, 0x0062, 0x0063, 0x0064,
    0x0065, 0x0066, 0x0067, 0x0068, 0x0069, 0x006A, 0x006B, 0x006C, 0x006D, 0x006E, 0x006F, 0x0070,
    0x0071, 0x0072, 0x0073, 0x0074, 0x0075, 0x0076, 0x0077, 0x0078, 0x0079, 0x007A, 0x007B, 0x007D,
    0x00AB, 0x00BB, 0x00C0, 0x00C1, 0x00C2, 0x00C3, 0x00C4, 0x00C5, 0x00C6, 0x00C7, 0x00D2, 0x00D3,
    0x00D4, 0x00D5, 0x00D6, 0x00D8, 0x00D9, 0x00DA, 0x00DB, 0x00DC, 0x00DD, 0x00DF, 0x00E0, 0x00E1,
    0x00E2, 0x00E3, 0x00E4, 0x00E5, 0x00E6, 0x00E7, 0x00E8, 0x00E9, 0x00EA, 0x00EB, 0x00EC, 0x00ED,
    0x00EE, 0x00EF, 0x00F0, 0x00F1, 0x00F2, 0x00F3, 0x00F4, 0x00F5, 0x00F6, 0x00F8, 0x00F9, 0x00FA,
    0x00FB, 0x00FC, 0x00FD, 0x00FE, 0x00FF, 0x0100, 0x0101, 0x0102, 0x0103, 0x0104, 0x0105, 0x0106,
    0x0107, 0x0108, 0x0109, 0x010A, 0x010B, 0x010C, 0x010D, 0x010F, 0x0111, 0x0113, 0x0115, 0x0117,
    0x0119, 0x011B, 0x011C, 0x011D, 0x011E, 0x011F, 0x0120, 0x0121, 0x0122, 0x0123, 0x0125, 0x0127,
    0x0129, 0x012B, 0x012D, 0x012F, 0x0131, 0x0133, 0x0134, 0x0135, 0x0137, 0x013A, 0x013C, 0x013E,
    0x0140, 0x0142, 0x0144, 0x0146, 0x0148, 0x0149, 0x014A, 0x014B, 0x014C, 0x014D, 0x014E, 0x014F,
    0x0150, 0x0151, 0x0152, 0x0153, 0x0155, 0x0157, 0x0159, 0x015A, 0x015B, 0x015C, 0x015D, 0x015E,
    0x015F, 0x0160, 0x0161, 0x0162, 0x0163, 0x0164, 0x0165, 0x0166, 0x0167, 0x0168, 0x0169, 0x016A,
    0x016B, 0x016C, 0x016D, 0x016E, 0x016F, 0x0170, 0x0171, 0x0172, 0x0173, 0x0174, 0x0175, 0x0176,
    0x0177, 0x0178, 0x0179, 0x017A, 0x017B, 0x017C, 0x017D, 0x017E, 0x017F, 0x01A0, 0x01A1, 0x01AF,
    0x01B0, 0x01C6, 0x01C9, 0x01CC, 0x01CD, 0x01CE, 0x01D0, 0x01D1, 0x01D2, 0x01D3, 0x01D4, 0x01D5,
    0x01D6, 0x01D7, 0x01D8, 0x01D9, 0x01DA, 0x01DB, 0x01DC, 0x01DD, 0x01DE, 0x01DF, 0x01E0, 0x01E1,
    0x01E2, 0x01E3, 0x01E4, 0x01E5, 0x01E6, 0x01E7, 0x01E9, 0x01EA, 0x01EB, 0x01EC, 0x01ED, 0x01EE,
    0x01EF, 0x01F0, 0x01F3, 0x01F4, 0x01F5, 0x01F7, 0x01F9, 0x01FA, 0x01FB, 0x01FC, 0x01FD, 0x01FE,
    0x01FF, 0x0200, 0x0201, 0x0202, 0x0203, 0x0205, 0x0207, 0x0209, 0x020B, 0x020C, 0x020D, 0x020E,
    0x020F, 0x0211, 0x0213, 0x0214, 0x0215, 0x0216, 0x0217, 0x0218, 0x0219, 0x021A, 0x021B, 0x021C,
    0x021D, 0x021F, 0x0402, 0x0404, 0x0405, 0x0408, 0x0409, 0x040B, 0x040E, 0x0410, 0x0414, 0x0416,
    0x0417, 0x041B, 0x041C, 0x041E, 0x0421, 0x0422, 0x0423, 0x0424, 0x0425, 0x0427, 0x042A, 0x042D,
    0x042F, 0x0430, 0x0431, 0x0432, 0x0433, 0x0434, 0x0435, 0x0436, 0x0437, 0x0438, 0x0439, 0x043A,
    0x043B, 0x043C, 0x043D, 0x043E, 0x043F, 0x0440, 0x0441, 0x0442, 0x0443, 0x0444, 0x0445, 0x0446,
    0x0447, 0x0448, 0x0449, 0x044A, 0x044B, 0x044C, 0x044D, 0x044E, 0x044F, 0x0450, 0x0451, 0x0452,
    0x0453, 0x0454, 0x0455, 0x0456, 0x0457, 0x0458, 0x0459, 0x045A, 0x045B, 0x045C, 0x045D, 0x045E,
    0x045F, 0x0462, 0x0463, 0x0472, 0x0473, 0x0474, 0x0475, 0x048B, 0x048D, 0x048F, 0x0491, 0x0493,
    0x0495, 0x0496, 0x0497, 0x0498, 0x0499, 0x049B, 0x049D, 0x049F, 0x04A1, 0x04A3, 0x04A5, 0x04A7,
    0x04A8, 0x04A9, 0x04AA, 0x04AB, 0x04AC, 0x04AD, 0x04AE, 0x04AF, 0x04B0, 0x04B1, 0x04B2, 0x04B3,
    0x04B4, 0x04B5, 0x04B6, 0x04B7, 0x04B8, 0x04B9, 0x04BB, 0x04BC, 0x04BD, 0x04BE, 0x04BF, 0x04C1,
    0x04C2, 0x04C4, 0x04C5, 0x04C6, 0x04C8, 0x04CA, 0x04CB, 0x04CC, 0x04CE, 0x04D0, 0x04D1, 0x04D2,
    0x04D3, 0x04D5, 0x04D7, 0x04D8, 0x04D9, 0x04DA, 0x04DB, 0x04DC, 0x04DD, 0x04DE, 0x04DF, 0x04E0,
    0x04E1, 0x04E3, 0x04E5, 0x04E6, 0x04E7, 0x04E8, 0x04E9, 0x04EA, 0x04EB, 0x04EC, 0x04ED, 0x04EE,
    0x04EF, 0x04F0, 0x04F1, 0x04F2, 0x04F3, 0x04F4, 0x04F5, 0x04F7, 0x04F9, 0x05D0, 0x05D1, 0x05D2,
    0x05D3, 0x05D4, 0x05D6, 0x05D7, 0x05D8, 0x05D9, 0x05DA, 0x05DB, 0x05DC, 0x05DD, 0x05DE, 0x05E1,
    0x05E2, 0x05E3, 0x05E4, 0x05E5, 0x05E7, 0x05E8, 0x05E9, 0x05EA, 0x06D5, 0x1EF2, 0x1EF3, 0x2013,
    0x2014, 0x2018, 0x2019, 0x201A, 0x201C, 0x201D, 0x201E, 0x2026, 0x2039, 0x203A, 0xFB00, 0xFB01,
    0xFB02, 0xFB03, 0xFB04, 0xFB8E, 0xFBA6, 0xFBAA, 0xFE8D, 0xFEA3, 0xFEA9, 0xFEB1, 0xFEB3, 0xFEB9,
    0xFEBB, 0xFEC1, 0xFEC3, 0xFECB, 0xFEDB, 0xFEDF, 0xFEE1, 0xFEE3, 0xFEEB,
};

static const uint8_t ubuntu_16_regularKernRightClassIds[] = {
      1,   2,   2,   3,   4,   5,   6,   7,   6,   8,   9,   9,  10,  11,  12,  13,
     14,  15,  16,  17,  18,  19,  20,  21,  22,  23,  24,  25,  26,  27,  28,  29,
     30,  31,  32,  33,  34,  35,  36,  31,  37,  38,  31,  39,  40,  40,  41,  40,
     42,  40,  43,  44,  45,  46,  47,  48,  49,  50,  51,  52,  53,  54,  12,  12,
     12,  12,  12,  12,  55,  13,  17,  17,  17,  17,  17,  17,  21,  21,  21,  21,
     25,  56,  30,  30,  30,  30,  30,  30,  30,  32,  34,  34,  34,  34,  57,  37,
     58,  59,  60,  40,  41,  41,  41,  41,  41,  41,  45,  45,  45,  45,  49,  56,
     49,  12,  30,  12,  30,  12,  30,  13,  32,  13,  32,  13,  32,  13,  32,  33,
     33,  34,  34,  34,  34,  34,  14,  36,  14,  36,  14,  36,  14,  36,  31,  31,
     61,  62,  63,  37,  37,  37,  15,  38,  31,  39,  39,  39,  39,  39,  40,  40,
     40,  40,  64,  65,  17,  41,  17,  41,  17,  41,  17,  41,  40,  40,  40,  19,
     43,  19,  43,  19,  43,  19,  43,  20,  44,  20,  44,  20,  44,  21,  45,  21,
     45,  21,  45,  21,  45,  21,  45,  21,  45,  23,  47,  25,  49,  25,  26,  50,
     26,  50,  26,  50,  35,  17,  41,  21,  45,  33,  39,  40,  12,  30,  37,  17,
     41,  21,  45,  21,  45,  21,  45,  21,  45,  21,  45,  66,  12,  30,  12,  30,
     55,  30,  14,  36,  14,  36,  31,  17,  41,  17,  41,  67,  68,  38,  33,  14,
     36,  56,  40,  12,  30,  55,  30,  17,  41,  12,  30,  12,  30,  34,  34,  37,
     37,  17,  41,  17,  41,  40,  40,  21,  45,  21,  45,  19,  43,  20,  44,  69,
     70,  31,  71,  72,  73,  74,  75,  71,  76,  77,  78,  79,  80,  75,  81,  82,
     72,  71,  76,  83,  84,  85,  71,  86,  87,  88,  89,  90,  91,  92,  93,  94,
     95,  91,  91,  91,  96,  97,  91,  98,  91,  99, 100, 101, 102, 103, 104,  91,
    105,  91, 106, 107,  91,  91, 108,  90, 109,  93,  93, 110,  91, 111, 112, 113,
    114, 115,  96,  91, 116,  91,  91, 102, 106,  71, 117,  82,  98,  76, 102,  91,
    118,  99,  91,  91,  91,  79,  94,  80,  95,  91,  91,  91,  91,  91,  91,  91,
    119, 120,  72, 100,  71, 101, 121, 122, 121, 122,  84, 104,  71, 101,  85, 105,
     85, 105, 123, 124, 125, 124, 125,  79,  94,  91,  75,  96,  91,  91,  85, 105,
     97,  77,  88,  77,  88, 126,  93, 127, 128, 127, 128,  79,  94,  80, 129, 130,
    131,  91,  91,  82,  98,  82,  98,  82,  98,  86, 132,  76, 102,  76, 102,  76,
    102,  85, 105,  91,  91, 133, 134, 135, 136, 137, 138, 139, 140, 141, 142, 143,
    144, 145, 146, 147, 148, 149, 150, 151, 152, 153, 154, 155, 156,  25,  49,   7,
      7, 157, 158, 159, 157, 158, 159,   6,  53,  54,  35,  35,  35,  35,  35, 156,
    156, 156, 160, 156, 161, 161, 161, 161, 161, 161, 161, 160, 156, 160, 156, 156,
    156,
};

static const uint16_t ubuntu_16_regularKernRowOffsets[] = {
        0,    20,    40,    71,    87,   114,   137,   164,   179,   212,   255,   272,   307,   334,   366,   401,
      407,   419,   461,   502,   504,   531,   557,   580,   604,   652,   667,   715,   754,   789,   836,   870,
      905,   921,   931,   944,   956,   978,   989,   990,  1004,  1015,  1029,  1043,  1044,  1059,  1072,  1090,
     1104,  1115,  1129,  1152,  1177,  1183,  1188,  1214,  1229,  1252,  1265,  1269,  1283,  1314,  1316,  1323,
     1330,  1351,  1355,  1387,  1417,  1477,  1518,  1526,  1558,  1611,  1663,  1716,  1738,  1771,  1787,  1800,
     1838,  1865,  1926,  1970,  2009,  2042,  2076,  2085,  2099,  2105,  2124,  2137,  2154,  2174,  2180,  2198,
     2218,  2240,  2256,  2275,  2296,  2320,  2338,  2352,  2363,  2382,  2401,  2409,  2425,  2431,  2442,  2453,
     2513,  2534,  2539,  2548,  2585,  2596,  2648,  2669,  2681,  2692,  2714,  2728,  2732,  2737,  2751,  2779,
     2799,  2823,  2832,  2838,  2843,  2850,  2861,  2867,  2868,  2877,  2888,  2894,  2904,  2909,  2912,  2919,
     2921,  2928,  2935,  2945,  2952,  2962,  2977,  2999,  3002,
};

static const uint8_t ubuntu_16_regularKernSparseCols[] = {
     11,  12,  13,  14,  16,  17,  21,  22,  25,  54,  71,  73,  74,  76,  77,  81,
     82, 118, 126, 129,   3,  12,  13,  16,  17,  18,  19,  20,  21,  24,  70,  71,
     72,  77,  81,  82, 118, 120, 123, 126,  11,  12,  13,  14,  16,  17,  18,  19,
     21,  22,  23,  24,  25,  54,  70,  71,  72,  75,  76,  78,  79,  81,  82,  83,
     84,  85,  86, 118, 120, 126, 129,  11,  12,  13,  14,  23,  54,  71,  73,  74,
     76,  77,  78,  79,  83, 126, 129,  11,  12,  13,  14,  16,  17,  18,  19,  20,
     21,  22,  23,  24,  25,  54,  70,  71,  76,  77,  81,  82,  83,  84, 118, 120,
    123, 126,  14,  19,  21,  23,  24,  25,  54,  70,  71,  72,  73,  74,  75,  77,
     78,  79,  81,  83,  85, 118, 120, 126, 129,  11,  12,  13,  14,  16,  17,  19,
     21,  22,  23,  24,  25,  54,  70,  71,  73,  74,  75,  76,  77,  78,  81,  82,
     83,  85, 118, 120,  12,  13,  16,  17,  19,  20,  21,  22,  24,  70,  71,  81,
     82, 120, 126,  11,  12,  13,  14,  16,  17,  18,  19,  20,  21,  22,  23,  24,
     25,  54,  70,  71,  72,  73,  74,  75,  76,  77,  78,  79,  81,  82,  83,  84,
     85,  86, 120, 129,   1,   2,   4,   5,   7,  10,  11,  12,  13,  14,  16,  17,
     18,  19,  20,  21,  22,  23,  24,  25,  28,  31,  32,  33,  35,  40,  41,  42,
     44,  45,  46,  47,  48,  49,  50,  51,  52,  54,  59,  68, 156, 157, 158,   1,
      2,   3,   4,   5,   7,   8,   9,  21,  22,  23,  24,  28,  49,  51,  54,  68,
      2,   5,   6,   9,  10,  11,  12,  13,  14,  16,  17,  18,  19,  21,  23,  24,
     25,  26,  31,  32,  33,  35,  40,  41,  44,  45,  46,  47,  48,  50,  52,  54,
     59, 157, 158,   0,   1,   2,   3,   5,   7,   9,  10,  11,  14,  18,  19,  21,
     22,  23,  24,  25,  26,  28,  29,  51,  54,  66,  68, 156, 157, 158,   1,   2,
      4,   5,  10,  11,  12,  13,  14,  16,  17,  20,  26,  28,  31,  32,  33,  35,
     40,  41,  43,  44,  45,  46,  47,  48,  50,  51,  52,  54,  59, 156,   0,   2,
      5,   7,   8,   9,  10,  11,  12,  13,  14,  16,  17,  19,  21,  24,  26,  28,
     29,  31,  32,  33,  35,  39,  40,  41,  44,  47,  49,  53,  54,  59,  64,  65,
    158,   3,   4,  28,  45,  48,  51,   3,   5,   7,  11,  14,  25,  28,  49,  51,
     54,  66, 158,   2,   4,   5,   6,   7,   9,  10,  11,  12,  13,  14,  16,  17,
     19,  21,  22,  23,  24,  25,  28,  31,  32,  33,  35,  40,  41,  42,  44,  45,
     46,  47,  48,  49,  50,  52,  54,  58,  59,  60,  61,  65, 158,   1,   2,   4,
      5,   6,   7,  11,  12,  13,  14,  16,  17,  18,  19,  20,  21,  22,  23,  24,
     25,  28,  31,  32,  33,  35,  40,  41,  45,  46,  47,  48,  49,  50,  51,  52,
     53,  54,  68, 156, 157, 158,  21,  24,   0,   1,   2,   3,   5,   7,   9,  10,
     11,  14,  18,  19,  21,  22,  23,  24,  25,  26,  28,  29,  51,  54,  66,  68,
    156, 157, 158,   0,   2,   3,   5,   7,  11,  14,  23,  26,  28,  29,  31,  32,
     33,  35,  40,  41,  45,  46,  48,  51,  52,  54,  59, 157, 158,   0,   1,   2,
      5,   9,  10,  11,  14,  18,  19,  21,  22,  23,  24,  25,  26,  29,  37,  54,
     66, 156, 157, 158,   2,   5,   7,   9,  10,  11,  12,  13,  14,  16,  17,  21,
     23,  24,  25,  28,  47,  49,  50,  51,  52,  54,  59, 158,   2,   3,   5,   6,
      7,   8,   9,  10,  11,  12,  13,  14,  16,  17,  19,  21,  22,  23,  24,  28,
     29,  31,  32,  33,  35,  39,  40,  41,  42,  44,  45,  46,  47,  48,  49,  50,
     52,  53,  54,  57,  58,  59,  60,  61,  62,  64,  65, 158,   2,   5,   7,   8,
     11,  14,  25,  28,  29,  49,  50,  51,  54,  66, 158,   1,   2,   3,   5,   6,
      7,   8,   9,  10,  11,  12,  13,  14,  15,  16,  17,  19,  21,  22,  23,  24,
     28,  29,  31,  32,  33,  35,  39,  40,  41,  42,  44,  49,  50,  52,  53,  54,
     56,  58,  59,  60,  61,  62,  64,  65, 156, 157, 158,   1,   2,   5,   7,   8,
      9,  10,  11,  12,  13,  14,  16,  17,  19,  21,  22,  23,  24,  28,  29,  31,
     32,  33,  35,  39,  40,  41,  42,  44,  50,  52,  54,  58,  59,  60,  64, 156,
    157, 158,   2,   4,   5,   6,   7,  10,  11,  12,  13,  14,  16,  17,  19,  21,
     23,  24,  25,  28,  31,  32,  33,  35,  40,  41,  44,  45,  46,  47,  48,  50,
     52,  54,  59,  65, 158,   2,   3,   5,   6,   7,   8,   9,  10,  11,  12,  13,
     14,  15,  16,  17,  19,  21,  22,  23,  24,  25,  28,  29,  31,  32,  33,  35,
     39,  40,  41,  42,  44,  47,  49,  50,  52,  53,  54,  58,  59,  60,  61,  64,
     65, 156, 157, 158,   2,   5,   6,  10,  11,  12,  13,  14,  16,  17,  20,  21,
     24,  26,  28,  31,  32,  33,  35,  40,  41,  43,  44,  45,  46,  47,  48,  50,
     51,  52,  54,  58,  59,  60,  11,  12,  13,  14,  16,  17,  18,  19,  20,  21,
     22,  23,  24,  25,  28,  54,  70,  71,  72,  73,  74,  75,  76,  77,  78,  81,
     82,  83,  84,  86, 118, 120, 123, 126, 129,  12,  13,  16,  17,  22,  23,  25,
     71,  72,  81,  82,  83,  84,  86, 118, 126,   1,   3,   4,   9,  28,  45,  46,
     48,  51, 157,   1,   3,   7,   9,  28,  45,  46,  47,  48,  49,  51, 156, 157,
      5,   6,  28,  32,  35,  40,  45,  46,  47,  48,  50,  52,   3,   4,   5,   6,
      7,   9,  28,  45,  46,  47,  48,  51,  52,  53,  56,  58,  59,  60,  61,  62,
    157, 158,   1,   3,   4,   9,  28,  45,  46,  48,  51, 156, 157,  37,   6,   7,
     10,  28,  31,  32,  33,  35,  40,  41,  47,  50,  52,  59,   1,   3,   4,   9,
     28,  45,  46,  48,  51, 156, 157,   1,   3,   4,   7,   9,  28,  45,  46,  47,
     48,  49,  51, 156, 157,   1,   3,   4,   7,   9,  28,  45,  46,  47,  48,  49,
     51, 156, 157,  37,   4,   5,   6,   7,   9,  28,  41,  45,  46,  47,  48,  52,
     59, 157, 158,   5,   6,  28,  31,  32,  33,  35,  40,  41,  47,  50,  52,  59,
      4,   5,   7,   9,  28,  31,  32,  33,  35,  40,  41,  45,  46,  47,  48,  59,
    157, 158,   4,   5,   7,   9,  28,  31,  40,  45,  46,  47,  48,  59, 157, 158,
     28,  31,  32,  33,  35,  40,  41,  47,  50,  52,  59,  28,  31,  32,  33,  34,
     35,  40,  41,  43,  44,  50,  51,  52,  59,  11,  12,  13,  14,  16,  17,  18,
     20,  25,  51,  54,  71,  72,  76,  77,  81,  82,  84,  86, 118, 123, 126, 129,
     11,  14,  18,  19,  20,  21,  22,  23,  24,  25,  54,  70,  72,  73,  74,  75,
     76,  77,  78,  79,  83,  85,  86, 120, 129,  19,  20,  21,  22,  24,  25,  19,
     21,  24,  70, 120,  11,  14,  18,  19,  21,  22,  23,  24,  25,  54,  70,  72,
     73,  74,  75,  76,  77,  78,  79,  83,  84,  85,  86, 120, 123, 129,  11,  12,
     13,  14,  16,  17,  18,  19,  20,  21,  22,  23,  24,  25,  54,   0,   1,   3,
      5,   7,   9,  11,  14,  19,  21,  23,  24,  25,  26,  28,  29,  51,  54,  66,
     68, 156, 157, 158,   1,   3,   4,   9,  28,  45,  46,  48,  51,  67,  69, 156,
    157,   7,   9,  28,  51,   1,   3,   4,   7,   9,  28,  45,  46,  47,  48,  49,
     51, 156, 157,   1,   3,   5,   6,   8,   9,  27,  28,  29,  30,  31,  32,  33,
     35,  36,  37,  38,  39,  40,  41,  42,  43,  44,  51,  56,  57,  58,  60,  61,
     62, 157,  37,  49,   1,   4,   9,  45,  46, 156, 157,  37,  45,  46,  47,  48,
     67,  69,  11,  14,  23,  24,  25,  29,  30,  34,  36,  37,  39,  54,  55,  56,
     57,  58,  60,  61,  62,  63,  66,  21,  24,  63,  68,   1,   2,   4,   5,  10,
     26,  28,  50,  51,  52,  71,  73,  76,  81,  82,  88,  92,  97,  99, 100, 101,
    102, 103, 104, 106, 116, 118, 119, 121, 126, 130, 156,   0,   1,   3,   4,   5,
      6,   7,   8,   9,  26,  28,  51,  75,  78,  83,  84,  86,  93,  94, 100, 101,
    103, 106, 116, 117, 121, 123, 128, 130, 131,   2,   3,   5,   6,   7,   8,   9,
     10,  28,  50,  52,  53,  70,  71,  73,  74,  75,  76,  77,  81,  82,  83,  85,
     87,  89,  90,  91,  92,  93,  94,  95,  96,  97,  98,  99, 100, 101, 102, 103,
    104, 105, 106, 107, 108, 109, 110, 111, 113, 115, 117, 118, 119, 121, 124, 125,
    127, 128, 130, 131, 158,   2,   5,   6,   9,  10,  26,  50,  52,  70,  71,  73,
     74,  76,  77,  81,  82,  83,  88,  91,  92,  93,  95,  97,  99, 100, 101, 102,
    103, 104, 106, 109, 115, 118, 119, 120, 121, 124, 126, 130, 157, 158,   1,   4,
    100, 101, 106, 116, 121, 130,   0,   1,   2,   3,   4,   9,  10,  26,  28,  51,
     70,  71,  81,  82,  84,  88, 100, 101, 106, 109, 112, 113, 114, 115, 116, 117,
    118, 121, 122, 123, 126, 130,   2,   4,   5,   6,   7,   9,  10,  28,  50,  52,
     70,  71,  73,  74,  76,  77,  78,  79,  81,  82,  83,  85,  86,  88,  91,  92,
     93,  95,  97,  99, 100, 101, 102, 103, 104, 106, 107, 108, 109, 110, 111, 115,
    116, 118, 119, 121, 123, 124, 126, 127, 129, 130, 158,   1,   2,   3,   5,   6,
      7,   8,   9,  10,  28,  50,  52,  53,  70,  71,  73,  74,  75,  76,  77,  78,
     80,  81,  82,  83,  85,  87,  88,  89,  90,  91,  92,  95,  96,  97,  98,  99,
    102, 105, 108, 109, 110, 111, 113, 115, 118, 119, 125, 127, 156, 157, 158,   1,
      2,   4,   5,   7,  10,  28,  50,  51,  52,  70,  71,  72,  73,  74,  76,  77,
     78,  79,  81,  82,  83,  84,  85,  86,  88,  91,  92,  93,  95,  97,  99, 100,
    101, 102, 103, 104, 106, 107, 108, 111, 116, 118, 120, 121, 123, 124, 126, 129,
    130, 156, 157, 158,   1,   2,   3,   4,   5,   7,   8,   9,  26,  28,  51,  75,
     78,  82,  83,  84,  86,  94, 114, 120, 128, 131,   1,   3,   4,   5,   7,  28,
     50,  51,  52,  71,  73,  74,  76,  77,  78,  79,  81,  82,  83,  84,  85,  91,
     93,  95, 101, 103, 104, 108, 114, 118, 126, 129, 130,   1,   2,   3,   7,   8,
      9,  26,  28,  51,  75,  78,  82,  83,  84,  86, 114,   1,   2,   3,   4,   9,
     10,  26,  28,  51,  75, 102, 104, 120,   0,   1,   2,   3,   5,   6,   7,   9,
     10,  26,  28,  51,  70,  73,  74,  75,  76,  77,  78,  79,  83,  85,  87,  91,
     93,  94,  95, 109, 112, 113, 114, 120, 128, 129, 131, 156, 157, 158,   0,   2,
      3,   5,   7,  26,  28,  51,  52,  73,  74,  76,  77,  78,  79,  83,  87,  91,
     95,  96, 101, 117, 121, 123, 125, 157, 158,   2,   3,   5,   6,   7,   8,   9,
     10,  28,  50,  52,  53,  70,  71,  73,  74,  75,  76,  77,  81,  82,  83,  85,
     87,  89,  90,  91,  92,  93,  94,  95,  96,  97,  98,  99, 100, 101, 102, 103,
    104, 105, 106, 107, 108, 109, 110, 111, 113, 115, 117, 118, 119, 120, 121, 124,
    125, 127, 128, 130, 131, 158,   0,   1,   2,   3,   5,   7,   9,  10,  26,  28,
     51,  70,  73,  74,  75,  76,  77,  78,  79,  83,  85,  87,  89,  90,  91,  93,
     94,  95,  96,  98, 105, 109, 112, 113, 114, 115, 122, 125, 128, 129, 131, 156,
    157, 158,   2,   4,   5,   6,   7,  10,  28,  50,  52,  70,  71,  76,  81,  82,
     83,  88,  91,  92,  93,  95,  97,  99, 100, 101, 102, 103, 104, 106, 109, 110,
    115, 116, 119, 120, 121, 124, 127, 130, 158,   1,   3,   4,   5,   7,  28,  50,
     51,  52,  71,  73,  74,  76,  77,  78,  79,  81,  82,  83,  84,  85,  91,  93,
     95, 101, 103, 104, 108, 114, 118, 126, 129, 130,   0,   1,   2,   3,   5,   6,
      7,   9,  10,  26,  28,  51,  70,  73,  74,  75,  76,  77,  78,  79,  83,  85,
     91,  94,  95, 112, 113, 114, 128, 129, 131, 156, 157, 158,   1,   3,   4,   9,
     28,  51, 101, 121, 157,   0,   1,   2,   4,   5,   6,   7,   8,  26,  93,  94,
    103, 128, 131,   1,   3,   4,   9,  28,  51,   3,   5,   6,   7,   9,  28,  50,
     51,  52,  91,  95, 100, 101, 103, 106, 117, 121, 124, 130,   1,   3,   7,  28,
     51,  91,  93,  95, 101, 102, 103, 104, 130,   1,   3,   4,   5,   6,   7,   8,
      9,  26,  28,  51,  94, 101, 121, 128, 131, 157,   1,   2,   6,   7,  10,  28,
     50,  52,  91,  92,  93,  95,  97,  99, 102, 103, 108, 110, 119, 127,   1,   3,
      4,   9,  28,  51,   2,   6,   7,  10,  28,  50,  52,  91,  92,  93,  95,  97,
     99, 102, 103, 108, 110, 119,   1,   3,   4,   5,   6,   7,   8,   9,  28,  51,
     93,  94, 101, 103, 107, 121, 128, 131, 156, 157,   1,   2,   3,   4,   5,   6,
      7,   8,   9,  26,  28,  51,  93,  94, 101, 103, 109, 121, 128, 131, 156, 157,
      5,   6,  28,  50,  51,  52,  91,  93,  95,  97, 100, 101, 102, 103, 106, 121,
      3,   5,   6,   7,   9,  28,  50,  51,  52,  91,  95, 100, 101, 103, 106, 117,
    121, 124, 130,   3,   5,   7,   9,  28,  51,  91,  92,  95,  97,  99, 100, 101,
    102, 103, 106, 117, 121, 130, 157, 158,   0,   1,   3,   4,   5,   6,   7,   8,
      9,  26,  28,  51,  93,  94,  95, 101, 103, 107, 109, 128, 130, 131, 156, 157,
      2,   6,   9,  10,  28,  50,  51,  52,  91,  92,  93,  95,  97,  99, 102, 103,
    110, 119,   1,   3,   7,  28,  51,  91,  93,  95, 101, 102, 103, 104, 114, 130,
      1,   3,   4,   9,  28,  51, 100, 101, 106, 121, 130,   1,   3,   4,   5,   6,
      7,   8,   9,  28,  51,  93,  94, 101, 103, 107, 128, 131, 156, 157,   1,   3,
      4,   5,   6,   7,   8,   9,  28,  51,  93,  94, 101, 103, 107, 128, 131, 156,
    157,   1,   2,   4,   9,  10,  26,  88, 109,   1,   2,   6,   9,  10,  26,  28,
     50,  51,  52,  92,  97,  99, 102, 110, 119,   1,   3,   9,  28,  50,  51,   1,
      2,   3,   4,   9,  10,  26,  28,  51,  88, 109,   1,   3,   4,   9,  28,  51,
    100, 101, 106, 121, 130,   2,   3,   6,   7,   8,   9,  10,  28,  51,  52,  53,
     70,  71,  74,  75,  76,  77,  78,  79,  81,  82,  83,  84,  85,  87,  89,  90,
     91,  92,  93,  94,  95,  96,  97,  98,  99, 100, 101, 102, 103, 104, 105, 106,
    107, 108, 109, 110, 111, 115, 117, 118, 119, 121, 124, 125, 127, 128, 129, 130,
    131,   4,   5,   6,   7,   9,  28,  52,  53,  91,  93,  95, 100, 101, 103, 104,
    106, 107, 117, 121, 124, 130,   1,   2,   4,   9, 104,   1,   4,   9,  95, 100,
    104, 106, 121, 124,   0,   1,   2,   4,   5,   6,   8,   9,  26,  70,  72,  73,
     74,  75,  76,  78,  79,  83,  84,  85,  86,  93,  94,  95,  98, 103, 105, 107,
    109, 112, 113, 114, 115, 122, 128, 129, 131,   1,   4,   5,   8,   9,  26,  93,
    100, 103, 106, 121,   2,   3,   5,   6,   7,   8,   9,  10,  28,  50,  52,  53,
     70,  71,  76,  80,  81,  83,  87,  88,  89,  90,  91,  92,  93,  94,  95,  96,
     97,  98,  99, 102, 103, 104, 105, 107, 108, 109, 110, 111, 115, 117, 119, 120,
    124, 125, 127, 128, 131, 156, 157, 158,   3,   4,   5,   7,   9,  28,  51,  91,
     92,  95,  97,  99, 100, 101, 103, 106, 117, 121, 130, 157, 158,   0,   1,   2,
      3,   4,   9,  26,  28,  51,  70,  84, 123,   1,   2,   3,   4,   9,  10,  26,
     28,  51,  88, 109,   1,   2,   3,   5,   7,   9,  26,  28,  51,  75,  78,  79,
     83,  85,  87,  96, 112, 113, 114, 125, 127, 129,   1,   3,   4,   5,   6,   7,
      8,   9,  26,  28,  51,  94, 128, 131,   2,   9,  50,  52,   1,   2,   9, 102,
    119,   1,   3,   4,   5,   6,   7,   8,   9,  26,  28,  51,  94, 128, 131,   0,
      1,   2,   3,   5,   6,   7,   9,  10,  26,  28,  51,  70,  76,  83,  87,  91,
     94,  95, 112, 113, 114, 120, 128, 131, 156, 157, 158,   1,   3,   4,   5,   6,
      7,   8,   9,  28,  51,  93,  94, 101, 103, 107, 121, 128, 131, 156, 157,   2,
      4,   5,   7,   8,  26,  28,  51,  82,  86,  93, 100, 101, 103, 106, 108, 112,
    113, 114, 116, 117, 121, 123, 130,   1,   2,   9,  10,  50,  52,  97, 102, 119,
    140, 142, 143, 149, 151, 153, 135, 141, 146, 149, 152, 133, 139, 140, 142, 143,
    145, 149, 133, 136, 139, 141, 142, 144, 145, 146, 148, 149, 152, 133, 139, 144,
    146, 149, 152, 133, 135, 139, 141, 142, 148, 149, 150, 151, 152, 133, 136, 138,
    139, 142, 144, 145, 146, 149, 152, 154, 139, 142, 145, 146, 148, 149, 133, 134,
    139, 141, 142, 146, 148, 149, 153, 154, 142, 144, 145, 146, 149, 139, 140, 142,
    139, 141, 143, 146, 148, 149, 152, 139, 146, 141, 142, 143, 146, 148, 149, 153,
    132, 133, 135, 140, 144, 146, 149, 133, 139, 141, 142, 145, 146, 148, 149, 152,
    154, 133, 139, 142, 144, 146, 149, 152, 135, 137, 140, 142, 143, 145, 146, 147,
    149, 153,  11,  12,  13,  14,  16,  17,  21,  22,  24,  54,  71,  76,  81,  82,
    120,  11,  12,  13,  14,  16,  17,  18,  19,  20,  21,  22,  23,  24,  25,  54,
     70,  71,  76,  81,  82,  83, 120, 155, 159, 160,
};

static const int8_t ubuntu_16_regularKernSparseValues[] = {
     -42,  -13,  -13,  -66,  -13,  -13,    7,    5,   -6,  -71,  -13,  -61,  -39,  -42,  -37,  -13,
     -13,  -15,  -18,   -6,   43,  -16,  -16,  -16,  -16,  -10,    6,   -5,    8,    9,    6,  -16,
      -7,   14,  -16,  -16,  -25,    9,   -7,  -11,  -11,   -6,   -6,   -7,   -6,   -6,   -6,  -15,
     -18,  -10,  -15,  -23,  -12,  -11,  -15,   -6,   -9,  -14,  -11,  -12,  -10,   -6,   -6,  -15,
     -10,  -10,  -10,   -7,  -23,   -7,   -9,  -34,   -5,   -5,  -65,  -13,  -52,   -5,  -60,  -39,
     -34,  -39,  -16,   -8,  -13,   -9,  -10,   13,  -15,  -15,   15,  -18,  -18,    7,  -37,  -12,
     -41,  -21,    5,  -43,   10,   10,  -37,  -15,   13,   10,  -18,  -18,    5,  -62,  -23,  -43,
     -54,  -16,  -15,  -27,   -6,  -17,  -27,   -9,   -7,  -27,    8,   -6,  -12,  -18,  -22,  -12,
     -21,   -8,    8,  -17,   -9,    7,  -27,    9,  -12,  -27,  -14,  -14,  -38,  -14,  -14,   15,
      17,   12,   11,   18,    5,  -41,   15,  -14,  -33,  -31,   14,  -27,  -31,   10,  -14,  -14,
      11,   10,  -11,   18,   -6,   -6,   -6,   -6,  -45,   -6,  -11,   -7,  -21,  -45,   -6,   -6,
      -6,  -21,  -12,  -14,   -5,   -5,  -14,   -5,   -5,  -10,  -23,   -6,  -19,  -12,  -21,  -29,
     -18,  -20,  -23,   -5,   -7,  -12,  -12,  -21,  -14,  -11,  -25,  -15,   -5,   -5,  -21,   -7,
     -15,   -8,  -29,  -14,  -42,  -10,  -34,   14,    9,   -8,   18,  -10,  -10,   15,  -10,  -10,
       9,  -34,   -5,  -33,  -10,   13,  -42,   10,  -14,   -7,   -7,   -7,   -9,   -7,   -7,    7,
      -8,  -11,  -10,   14,   -8,    8,  -11,   -5,  -10,   18,   -7,  -28,  -38,  -36,   13,   -6,
      -6,  -13,   -6,   -5,  -11,   -6,  -11,  -10,   -7,  -11,  -13,  -18,   -7,  -12,   -6,   -7,
     -12,   12,  -16,    8,   -9,   12,  -11,  -11,   12,  -11,  -11,    5,    9,    9,    7,    9,
       5,   -5,   -8,   -8,   -8,   -8,   -8,   -8,  -11,   -9,   -9,    7,   -9,  -15,  -24,   12,
      -8,    7,   10,   -7,  -14,   -6,  -18,  -18,  -23,  -21,   -6,  -10,  -13,   -6,  -14,   -9,
      -9,  -13,  -22,   -8,   -6,  -22,   -7,  -15,  -22,  -16,  -16,  -11,   -6,  -18,   -9,  -11,
      -7,    6,   -9,    9,  -15,  -15,    9,  -15,  -15,  -12,   -9,  -23,   -9,   -9,   -9,  -12,
      -9,   -8,   -7,  -10,  -13,  -13,    5,  -13,  -10,  -12,  -12,   10,   -8,   -7,   -5,  -13,
     -35,  -32,  -10,    7,  -10,  -25,   -7,   -7,  -43,   -7,   -7,    7,   10,   11,   -8,  -22,
     -27,   -7,   -7,   -7,   -7,  -15,   -7,   -7,  -13,  -19,  -14,  -11,  -41,   -8,  -13,  -10,
     -55,   -5,  -13,   -5,  -10,  -10,   -5,   -5,   -5,  -19,   -5,   -8,   -9,  -18,  -10,  -10,
     -13,   -8,   -7,  -10,  -18,    9,  -25,   10,    6,  -10,   18,  -19,  -19,   14,  -19,  -19,
       9,   11,    5,   14,   12,   11,  -14,  -11,  -11,  -11,  -11,  -11,  -11,    7,   -7,   -7,
     -26,   14,   -5,    9,  -10,  -33,   19,   11,  -13,    6,    6,   -7,    8,  -67,   -5,  -74,
      12,  -37,    6,   15,  -24,  -24,   15,  -24,  -24,    7,  -61,  -10,  -53,  -24,   11,  -61,
       7,  -17,   -6,   -6,   -6,   -6,   -6,   -6,  -21,  -20,   11,  -11,    5,  -13,   -8,  -21,
       6,   15,  -45,  -64,  -63,    7,   -3,   -4,   -7,  -12,   -6,  -15,  -18,  -22,  -18,   -6,
     -10,  -13,   -5,  -14,   -9,   -9,  -13,  -22,   -8,   -5,  -22,   -7,  -15,  -21,  -14,  -14,
      -9,   -5,  -16,   -6,   -6,  -13,  -48,  -33,  -27,  -51,  -10,   -8,  -22,  -10,  -11,  -11,
     -17,  -11,  -11,   -6,    5,    5,    5,  -13,  -10,  -45,   -9,    5,  -61,   -7,  -12,   -6,
     -18,  -18,   -6,  -10,  -13,   -5,  -14,   -9,   -9,  -13,  -22,   -8,   -5,   -7,    8,  -21,
     -14,   -9,   -5,  -11,   -6,    7,    6,   -7,   -8,   15,   -6,   -6,   12,   -6,   -6,   -5,
      10,  -10,    7,  -18,   11,    5,   -9,   -9,  -11,   15,   -8,    7,  -14,    6,  -40,  -26,
     -46,  -45,   12,  -27,  -34,  -14,  -14,  -48,  -14,  -14,   13,   14,    9,    8,   15,  -17,
     -24,  -29,  -29,  -29,  -29,  -21,  -29,  -29,  -24,  -18,  -12,  -43,  -10,  -12,  -16,  -13,
     -45,  -41,  -38,   11,   17,  -42,   27,   11,    6,  -38,  -35,  -36,   -5,   -5,  -22,   -5,
      -5,   -8,   -9,  -20,   -9,  -10,   -5,  -12,  -18,   -7,  -11,    7,  -18,    9,  -40,   -5,
     -36,  -11,   13,  -20,  -33,   -9,   -9,  -51,   -3,   -9,   -9,   15,   17,   11,   10,   18,
     -15,  -13,  -24,  -24,  -24,  -24,  -16,  -24,  -24,   -8,  -13,   -1,  -13,  -23,   -6,  -44,
       6,   17,  -27,   22,   17,    6,  -14,  -13,   10,   13,  -39,    7,   -9,  -20,  -25,   -6,
       9,  -10,  -10,   -9,   -9,  -32,   -9,   -9,   10,   12,    6,    5,   13,  -20,  -15,  -12,
     -12,  -12,  -14,  -11,  -12,  -12,   -9,  -10,   -9,  -11,  -26,   10,  -14,    6,   -7,   10,
      13,  -20,  -13,  -14,    7,  -15,    5,  -14,   14,  -13,  -13,   11,  -13,  -13,    7,    9,
      10,   10,    7,  -18,  -10,  -10,  -10,  -10,  -10,  -10,   -5,   -6,  -20,   10,   -4,  -14,
     -25,   15,  -15,   -9,    5,  -22,   10,  -35,  -26,  -44,  -20,   13,  -31,  -42,  -22,  -22,
     -61,   -4,  -22,  -22,   16,   18,   12,   11,   19,    6,  -14,  -22,  -26,  -26,  -26,  -26,
     -21,  -26,  -26,  -11,  -18,   -8,  -15,  -12,  -41,  -17,  -43,   22,  -42,   21,   17,  -23,
     -21,    6,    9,  -42,  -11,    6,  -32,   -9,    9,  -19,  -19,    9,  -19,  -19,   -7,    5,
       6,   -9,  -23,   -9,   -9,   -9,  -12,   -9,   -8,   -7,  -10,  -12,  -13,    5,  -12,  -19,
      -8,  -27,   10,    5,   -8,    6,  -15,  -23,  -23,  -15,  -23,  -23,  -14,  -18,  -20,  -15,
     -20,  -19,  -14,  -22,   43,  -14,  -18,  -23,  -10,  -12,  -13,  -15,  -15,   14,  -17,  -23,
     -23,  -19,  -25,  -20,  -25,  -14,  -14,   -9,  -17,   -5,   -5,   -5,   -5,   -5,   -5,   -9,
      -5,   -5,   -5,   -5,   -5,  -11,   -6,  -12,  -10,  -14,  -13,  -11,  -15,  -16,   -8,   -6,
      -8,  -11,  -13,  -20,  -14,  -12,  -15,  -16,   -7,   -6,   -9,   -7,  -11,  -11,  -18,  -18,
       5,  -17,  -14,   -6,   -9,   -7,    6,    5,    9,    6,  -11,  -15,   21,    6,  -28,  -19,
     -22,   13,   21,   10,   10,    8,   10,   21,  -10,    5,   16,   21,   -9,   21,   16,   21,
      11,  -28,  -20,  -13,  -11,  -14,  -15,   -8,   -7,   -9,  -11,  -16,  -16,    5,  -14,    6,
     -11,  -13,  -14,  -14,  -14,  -15,  -15,  -14,   10,  -10,  -18,  -14,  -17,  -13,  -12,  -15,
     -16,   -9,   -7,  -10,  -11,  -12,  -14,  -17,  -14,  -11,  -12,  -16,  -16,   -7,   -7,   -9,
      -7,  -11,  -11,  -12,  -14,  -17,  -14,  -11,  -12,  -15,  -16,   -7,   -6,   -9,   -7,  -10,
     -11,  -12,  -14,   16,    6,  -29,  -17,  -25,  -23,  -13,   -6,   11,   10,    9,   11,  -11,
     -10,    7,  -28,    6,  -21,  -14,   -7,   -7,   -5,   -5,   -7,   -6,    9,  -11,  -15,   -6,
       5,  -19,  -17,  -21,  -14,   -8,   -7,   -7,   -7,   -7,   -7,   10,    9,    7,   10,   -9,
       6,  -19,    5,  -17,  -15,  -19,  -14,   -7,   -6,   10,    9,    7,   10,   -7,    6,  -16,
     -14,  -11,  -11,  -11,  -11,  -11,  -11,    9,  -11,  -15,  -13,  -18,  -10,  -11,  -10,   -6,
     -12,  -11,  -10,   -7,   -7,  -15,  -11,  -18,  -10,   -6,  -14,  -16,   -6,  -16,  -16,  -11,
     -12,  -10,   43,   -6,  -14,  -10,   -6,   14,  -16,  -16,   -6,  -11,  -18,   -5,   -8,   -5,
     -11,  -11,  -10,  -13,   -6,  -13,  -10,  -15,  -13,  -18,  -11,  -13,  -10,   -9,  -10,  -13,
     -11,  -10,  -12,  -14,  -15,  -12,   -9,  -13,  -12,  -44,   -6,  -15,  -11,  -25,   -6,  -41,
      -6,  -18,  -41,  -18,  -11,  -22,  -11,  -46,  -23,  -11,  -27,  -42,  -23,  -23,  -46,  -13,
     -19,  -19,  -29,  -11,  -18,  -31,  -20,  -27,   -9,  -22,  -12,  -42,   -5,  -21,  -25,  -20,
     -20,  -33,  -20,  -20,  -17,  -59,  -23,  -25,  -21,  -37,  -35,  -36,  -38,   -7,  -18,  -21,
     -32,  -22,  -18,  -14,  -30,  -23,  -11,  -23,  -22,  -25,   -9,  -22,   -8,  -14,  -26,  -22,
     -12,  -13,   -9,  -30,  -21,  -14,  -18,  -11,  -11,  -15,  -13,  -15,  -11,  -18,  -11,  -17,
     -16,  -11,    8,    7,    7,  -21,  -14,  -11,  -12,  -15,  -16,   -7,   -6,   -9,   -7,  -10,
     -11,  -19,  -19,   10,   32,   -6,   -6,   -6,   24,   48,   37,   -6,    8,   -6,   -6,   -6,
      -6,    4,    4,    8,   -6,   -6,   -6,   -6,    5,   -6,   37,   37,   50,   59,   59,   59,
      46,   11,   10,   -7,  -22,  -11,  -13,   -7,   -6,  -18,  -18,   -7,  -12,  -11,   -7,  -12,
     -17,  -13,  -19,  -34,  -17,   -7,   -9,  -12,   -6,   -6,   -6,   -6,   -6,  -31,   -6,   -6,
      -6,   -6,   -6,   -6,   -6,   -6,  -10,   -9,  -11,   -7,   -8,   -9,  -11,   -7,    6,   -9,
      -9,  -23,  -10,  -12,  -12,  -15,    9,    9,  -15,  -15,   -9,   -9,   -9,   -9,   -9,  -13,
      -9,    5,  -10,   -9,   -9,  -12,   -6,  -13,  -10,  -10,   -7,   -7,  -20,  -10,  -17,   -7,
       8,   -8,   -7,   -6,   -9,  -22,  -14,   -6,  -10,   -9,  -12,  -10,   -9,   -5,  -18,   -8,
      -7,  -18,  -18,   -5,   -8,   -9,   -5,  -15,   -5,  -14,    6,  -40,  -26,  -46,  -45,   12,
     -27,  -17,  -13,  -45,  -41,   13,  -14,  -59,  -35,   11,  -34,  -34,  -14,  -14,    8,   10,
     -52,  -47,  -50,  -61,  -61,  -39,  -43,  -60,  -55,  -61,  -50,  -61,  -33,  -33,  -42,  -35,
     -41,  -50,  -33,  -41,  -59,   15,  -61,  -55,   22,   15,  -39,  -12,  -64,  -33,  -50,  -52,
     -52,  -70,  -34,  -60,  -36,  -12,   12,  -16,    8,   -9,   -5,  -15,  -24,    9,  -11,   11,
      10,   12,   10,  -11,  -11,    7,   -9,   10,   -8,    9,   10,   -8,   -8,  -18,   -9,   -8,
       7,  -25,  -18,   11,   11,  -17,   -5,    9,   -9,  -27,   -7,  -19,    7,   10,   -6,  -10,
     -24,   -9,  -18,  -13,   -8,  -11,   -8,  -39,  -10,  -12,  -19,  -17,   -6,  -10,  -28,  -19,
     -27,   -6,   -6,   -7,  -16,   -6,  -20,  -12,  -19,   -9,  -10,  -10,  -10,   -9,  -20,   -6,
      -6,  -11,   -6,  -11,   -5,  -20,  -10,  -18,    9,  -25,   10,    6,  -10,  -14,  -10,  -33,
       9,  -19,   13,   13,   18,   15,   12,    8,  -19,  -19,   14,   11,   10,  -13,   15,  -10,
      15,   13,  -10,  -10,  -21,  -26,  -14,   15,  -33,  -12,   10,   10,   11,  -10,    8,   11,
     -12,  -23,  -11,  -25,  -20,  -31,  -10,   -7,   10,  -27,    8,    7,  -18,    9,  -40,   -5,
     -36,  -11,   13,  -20,  -15,  -13,  -23,   -6,   15,   -9,  -43,  -33,   13,  -33,  -33,    8,
      -3,   -9,   -9,   10,   10,  -14,   -9,  -10,  -10,  -34,  -20,  -34,  -17,  -20,  -10,  -20,
     -21,  -10,  -17,   17,  -20,  -10,   22,   17,  -11,  -20,  -14,  -13,   10,   13,  -39,  -42,
     -10,  -34,   14,    9,   -8,  -14,  -11,   -5,  -10,  -34,  -10,    7,   14,   13,   18,   14,
      12,    9,  -10,  -10,   13,  -27,   11,    9,   -7,   14,   -7,   14,   13,   -7,   -7,  -20,
      -8,   -7,   14,  -15,  -13,   10,   10,    7,  -13,  -12,  -42,  -11,  -19,  -10,   -9,   10,
     -19,  -38,  -36,   13,   -6,   -6,  -13,   -6,   -5,  -11,   -6,  -11,   -7,  -18,  -12,   -7,
     -10,   -5,  -11,  -10,   -9,   -6,   -5,  -13,   -6,   -6,   -6,   14,   -9,    9,   22,   13,
      -9,   13,   -7,  -10,   13,   12,   13,   11,   10,    8,  -10,  -14,   10,  -14,    9,   11,
      11,   12,   15,   11,  -10,    7,   35,  -13,   -5,    9,   17,   -6,   -6,  -14,   -7,   -6,
      -6,   -6,  -20,  -14,   -5,   -9,   -6,   -7,   -9,   -7,   -5,   -8,   -7,  -11,   -7,   -6,
      -7,   -6,  -18,  -12,   -3,   -5,   -6,   -4,   -7,  -12,   -6,  -15,  -18,    7,  -22,  -18,
      -6,   -5,  -22,  -15,  -14,  -12,  -12,  -19,  -10,  -11,  -25,  -17,  -13,  -15,   -7,  -13,
      -5,   -6,  -15,   -6,   -6,   -6,   -8,  -22,   -6,  -15,   -6,   -9,   -5,  -16,   -6,   -6,
     -13,  -48,  -33,   -8,  -22,  -13,  -10,  -49,  -38,  -27,  -37,  -15,   -7,  -10,  -10,  -25,
     -26,   -6,    5,    7,    5,    7,   -6,    5,  -61,  -14,    6,  -40,  -26,  -46,  -45,   12,
     -27,  -17,  -13,  -45,  -41,   13,  -14,  -35,  -35,   11,  -34,  -34,  -14,  -14,    8,    9,
     -24,  -39,  -39,  -37,  -29,  -37,  -44,  -36,  -41,  -29,  -21,  -29,  -33,  -12,  -29,  -10,
     -41,  -39,  -33,  -42,  -39,   15,  -42,  -42,   22,   15,  -36,  -12,  -42,   15,  -12,  -36,
     -43,  -43,  -71,  -34,  -60,  -36,   -7,  -12,   -6,  -15,  -18,  -22,  -18,   -6,   -5,  -22,
     -15,  -14,  -29,  -30,  -20,  -10,  -29,  -33,  -24,  -13,  -21,   -9,   -7,   -6,  -21,   -6,
      -5,  -23,  -10,   -7,   -6,   -7,   -7,   -7,   -7,   -7,   -7,  -10,   -5,  -30,   -5,   -9,
      -5,  -16,  -13,  -14,    7,  -15,    5,  -14,  -18,  -14,  -25,    7,  -13,   14,  -13,  -13,
      10,  -15,   11,  -10,   11,   10,  -10,  -10,  -16,   -4,  -10,   10,  -23,  -16,   10,  -11,
      10,  -14,  -12,   10,   -6,  -25,  -10,  -17,    5,   -6,   14,   -9,    9,   22,   13,   -9,
      13,   -7,  -10,   13,   12,   13,   11,   10,    8,  -10,  -14,   10,  -14,    9,   11,   11,
      12,   15,   11,  -10,    7,   37,  -13,   -5,    9,   17,   -7,  -12,   -6,  -15,  -18,    8,
     -22,  -18,   -6,   -5,  -22,  -15,  -14,  -12,  -11,  -18,  -10,  -10,  -24,  -15,  -13,  -15,
     -12,   -6,  -14,   -7,   -7,   -7,   -6,  -14,   -6,   -9,   -5,  -16,  -14,  -13,  -11,  -15,
     -16,  -11,   -8,   -8,  -13,   -6,  -12,   -6,  -10,  -10,    9,  -11,   -9,   -9,  -12,   -8,
      -7,   -8,   -8,  -19,  -12,   -7,  -11,  -15,   -9,   -7,  -42,  -30,  -25,  -27,  -14,  -10,
      -6,  -11,  -23,  -20,   12,   12,   10,   12,   12,   12,   12,   11,  -17,   13,   18,   12,
      12,   11,   11,   11,   13,   -6,   11,   -6,   15,  -14,  -15,   -9,   -6,    9,   -6,   -7,
     -16,   -6,  -17,  -12,   -6,   -6,   -6,   -6,   -6,  -13,   -6,   -9,  -14,    6,  -11,  -13,
     -10,  -18,   12,  -14,   12,   11,  -15,  -14,  -15,   10,    8,  -12,  -12,   -6,  -20,  -13,
     -10,  -13,  -18,  -12,   -8,  -14,    6,  -11,  -13,  -10,  -18,   12,  -14,   12,   11,  -15,
     -14,  -15,   10,    8,  -12,  -13,  -17,  -14,  -11,  -11,   10,  -12,   -9,  -16,  -16,  -11,
     -12,   -9,   -7,   -9,   -6,   -7,   -9,   -9,  -12,  -14,  -17,   -6,  -14,  -11,  -10,   10,
     -12,   -9,  -15,  -10,  -16,  -11,  -12,   -8,   -7,   -9,   -6,   -7,   -8,   -8,  -12,  -14,
       5,  -17,  -14,  -11,   -6,  -15,   11,   11,   10,   -7,    8,    6,   -7,    9,    8,    6,
      -7,  -27,  -16,  -25,  -26,  -13,  -10,   -6,  -10,  -19,  -20,   12,   12,   10,   12,   12,
      12,   12,   11,   -7,  -12,  -15,  -17,  -14,   -6,  -13,   -6,  -15,   -6,   -6,   11,    9,
      -6,    7,   11,   10,    9,   10,    6,  -16,  -11,  -17,  -14,  -11,  -13,   10,  -12,  -12,
     -16,  -10,  -16,  -11,  -15,  -12,   -6,   -7,   -9,   -9,   -6,  -12,   -6,  -12,  -12,  -14,
      -7,   -8,   -6,   -7,  -14,  -11,   -6,  -15,   11,  -11,   12,   10,  -11,  -11,  -11,    9,
      -9,   -9,  -17,   13,   18,   12,   12,   11,   11,   11,   13,   -6,   11,   -6,   45,   15,
     -43,  -13,  -28,  -10,  -17,   -9,  -25,  -10,  -18,  -10,  -11,  -17,  -14,  -11,  -10,    9,
     -12,   -9,  -16,  -16,  -11,  -12,   -9,   -7,   -9,   -6,   -9,   -9,  -12,  -14,  -17,  -14,
     -11,  -11,   10,  -12,   -9,  -16,  -16,  -11,  -12,   -9,   -7,   -9,   -6,   -9,   -9,  -12,
     -14,  -31,  -10,  -13,  -17,   -7,   -6,   -6,   -9,   -7,  -10,   -9,   -7,   -7,   -6,  -18,
     -12,  -10,  -15,   -6,   -6,   -6,   -9,   -6,   -6,  -12,  -14,  -10,  -19,   -6,  -12,  -31,
      -9,  -12,  -13,  -17,   -7,   -6,  -23,  -17,   -6,   -6,  -39,  -13,  -27,  -10,  -17,   -9,
     -21,  -10,  -17,  -10,  -11,  -10,   11,  -36,  -37,  -26,   20,  -21,   12,   12,  -47,  -23,
      20,  -10,  -27,   18,  -36,  -27,   11,   10,  -10,  -16,   13,    9,   18,  -29,  -25,  -27,
     -55,  -46,  -17,  -21,  -51,  -33,  -47,  -27,  -47,  -10,  -10,  -41,  -12,  -19,  -27,  -10,
     -19,  -40,   23,  -47,  -33,   23,  -17,  -11,  -47,  -10,  -27,  -29,  -30,  -21,   10,  -12,
     -21,   12,  -42,  -11,  -23,  -19,   -8,   -9,   10,  -14,   11,  -14,   18,   18,   15,   10,
      18,    9,   17,   18,   13,   17,  -22,   -6,  -10,   -7,  -10,  -51,  -35,   -6,    9,  -27,
      -9,  -18,  -15,   -8,  -10,  -31,   -7,  -10,  -18,    9,   -9,  -18,  -11,  -33,  -10,   -9,
      -9,  -18,   -9,  -21,  -12,  -20,   -7,  -11,   -9,  -15,  -11,  -11,   -5,  -10,   -7,  -10,
      -7,   -7,   -7,   14,   -7,   -7,  -11,  -11,  -11,  -35,  -16,   -7,   -7,  -15,   -7,   -9,
     -18,   -7,  -18,   -7,  -22,   10,  -35,  -26,  -44,  -20,   13,  -31,  -14,  -12,  -41,  -17,
      16,  -22,  -42,   -4,  -22,   11,  -22,  -14,  -18,  -20,  -41,  -26,  -10,  -13,  -40,  -26,
     -26,  -21,  -26,  -37,   -8,  -11,  -20,  -11,  -29,   18,  -35,  -22,   18,   -7,  -35,   19,
     -14,  -22,  -22,  -13,  -13,    6,    9,  -42,   -7,    5,  -19,  -17,  -21,  -14,   -6,  -15,
      -7,  -19,   -7,   -8,   12,   10,    7,   12,   10,   10,   11,    6,  -19,   -6,  -47,   -8,
     -10,  -15,  -14,   -9,  -25,  -17,  -44,  -12,   -6,  -30,   -9,  -12,  -13,  -17,   -7,   -7,
     -25,  -19,   -6,   -6,   -9,   -7,  -18,  -10,  -11,  -10,  -10,  -24,  -17,  -11,   -7,   -6,
      -7,   -5,  -10,   -6,   -7,   -7,   -7,  -10,   -9,   -5,  -23,  -17,  -10,   -6,    9,   -6,
      -7,  -17,   -6,  -21,  -14,   -6,   -6,   -6,   -6,   -7,  -10,   -9,  -13,   -6,  -13,   -6,
      -6,  -23,  -17,   -9,   -8,    9,   -6,   -7,  -17,   -6,  -20,  -14,   -6,   -6,   -6,   -7,
     -12,   -6,  -15,  -18,    7,  -22,  -18,   -6,   -5,  -22,  -15,  -14,  -10,  -13,   -7,  -12,
      -6,  -13,   -6,   -6,   -7,  -22,   -6,   -6,   -9,   -5,  -16,  -17,  -14,  -11,  -10,   10,
     -12,   -9,  -16,  -16,  -11,  -12,   -9,   -7,   -9,   -6,   -7,   -9,   -9,  -12,  -14,   -6,
     -10,   -6,   -7,   -6,   -8,  -22,   -7,   -6,  -10,   -7,  -18,  -11,   -6,  -18,   -7,   -6,
      -6,   -6,  -14,   -6,  -11,  -13,  -16,  -11,  -10,   -9,   -7,  -12,  -12,   -6,   -7,   -6,
     -11,   -3,   -3,  -11,   -5,  -11,   -6,  -10,  -17,  -17,  -13,    2,  -10,  -17,   -6,   -9,
     -12,  -13,  -21,  -11,  -10,  -27,  -19,  -13,   -6,  -17,  -27,  -19,  -19,   -3,   -9,   -5,
      -4,  -11,   -6,  -10,   -6,  -11,  -10,   -3,   -6,  -12,  -10,  -10,   -6,  -34,  -11,   -4,
      -4,   -4,  -16,   -4,   -4,  -12,  -11,  -11,  -10,   -6,   -9,   -9,  -14,  -14,  -21,   -2,
     -10,  -16,  -14,  -10,  -20,   -9,   10,   -3,  -11,   -6,  -11,  -12,  -15,   -9,   -7,  -13,
      -2,  -16,   -2,   -2,  -17,   -6,   -6,   -4,  -13,   -4,  -11,   -4,   -4,  -14,   -2,   -4,
      -6,  -13,  -10,  -11,  -13,  -17,  -14,  -21,  -11,   -8,  -10,   -4,   -6,  -16,   -6,  -11,
     -12,  -13,   -2,  -13,   -4,   -6,   -4,   -4,  -23,  -27,   -7,  -10,   -2,  -18,  -21,  -21,
     -13,  -11,  -40,  -11,  -11,  -61,  -11,  -11,   10,    9,    7,  -70,  -11,  -40,  -11,  -11,
       7,   14,  -13,  -13,   15,  -15,  -17,    9,  -36,  -10,  -39,  -18,    6,  -41,   11,   11,
     -36,  -13,   14,  -15,  -15,    6,  -41,  -21,  -13,  -16,
};

static const EpdLigaturePair ubuntu_16_regularLigaturePairs[] = {
    { 0x00660066, 0xFB00 }, // f f -> U+FB00
    { 0x00660069, 0xFB01 }, // f i -> U+FB01
    { 0x0066006C, 0xFB02 }, // f l -> U+FB02
    { 0xFB000069, 0xFB03 }, // U+FB00 i -> U+FB03
    { 0xFB00006C, 0xFB04 }, // U+FB00 l -> U+FB04
};

static const EpdFontData ubuntu_16_regular = {
    ubuntu_16_regularBitmaps,
    ubuntu_16_regularGlyphs,
    ubuntu_16_regularIntervals,
    70,
    38,
    32,
    -7,
    false,
    nullptr,
    0,
    nullptr,
    nullptr,  // kernLeftClasses: built-in fonts use the split arrays below
    nullptr,  // kernRightClasses
    ubuntu_16_regularKernLeftCodepoints,
    ubuntu_16_regularKernLeftClassIds,
    ubuntu_16_regularKernRightCodepoints,
    ubuntu_16_regularKernRightClassIds,
    nullptr,  // kernMatrix: built-in fonts use the sparse form below
    ubuntu_16_regularKernRowOffsets,
    ubuntu_16_regularKernSparseCols,
    ubuntu_16_regularKernSparseValues,
    440,
    513,
    152,
    161,
    ubuntu_16_regularLigaturePairs,
    5,
};
