/**
 * generated by fontconvert.py
 * name: ubuntu_24_regular
 * size: 24
 * mode: 2-bit  compressed: true
 * Command used: fontconvert.py ubuntu_24_regular 24 ../builtinFonts/source/Ubuntu/Ubuntu-Regular.ttf ../builtinFonts/source/Ubuntu/Ubuntu-Vietnamese-Regular.ttf ../builtinFonts/source/NotoSansMath/NotoSansMath-Regular.ttf ../builtinFonts/source/NotoSansSymbols2/NotoSansSymbols2-Regular.ttf --2bit --compress --pnum --zopfli
 */
#pragma once
#include "EpdFontData.h"

static const uint8_t ubuntu_24_regularBitmaps[31067] = {
    0xED, 0x5C, 0x31, 0xAC, 0xED, 0xD8, 0x55, 0xDD, 0xF7, 0x9A, 0xF9, 0x16, 0xB1, 0x12, 0xA7, 0x22,
    0x68, 0x9E, 0x90, 0x9B, 0x14, 0x14, 0x20, 0xF7, 0x95, 0x2D, 0x51, 0x50, 0xD0, 0xD0, 0xA7, 0xA1,
    0x07, 0xE9, 0x35, 0x14, 0x54, 0x39, 0x26, 0x48, 0xB4, 0xBC, 0x62, 0x7A, 0x28, 0xD2, 0x22, 0x5A,
    0xAA, 0xD8, 0x19, 0x0A, 0x5A, 0x4B, 0x44, 0xA2, 0xA0, 0x18, 0x4B, 0x79, 0x48, 0x4C, 0x15, 0x27,
    0x98, 0xC4, 0x6F, 0xC6, 0xF6, 0x62, 0xD6, 0x5E, 0x47, 0x87, 0x77, 0xFF, 0xFD, 0x77, 0xFE, 0xFC,
    0x99, 0xF9, 0x93, 0x01, 0x71, 0xEF, 0xF3, 0x5A, 0xE7, 0xDB, 0xC7, 0x7B, 0xEF, 0xB3, 0xCF, 0x3E,
    0xE7, 0x6C, 0x9F, 0xF1, 0x9D, 0x7A, 0xB9, 0xF5, 0xAD, 0x96, 0x6A, 0xE6, 0xB7, 0xE4, 0x77, 0x2A,
    0xA7, 0x62, 0x2A, 0x46, 0x4B, 0x9F, 0x62, 0x6A, 0xD6, 0xB0, 0xF1, 0xDB, 0xAC, 0xC5, 0x14, 0xC6,
    0x7A, 0x79, 0xE9, 0x98, 0xC3, 0x58, 0xCD, 0x0D, 0x8F, 0x81, 0x47, 0xC9, 0x63, 0xAA, 0x79, 0x74,
    0xC5, 0x58, 0xB5, 0x94, 0x55, 0xCD, 0x56, 0xCE, 0x66, 0x56, 0x4F, 0x91, 0x47, 0xAB, 0xC8, 0xCD,
    0x68, 0xF5, 0x44, 0x1E, 0x58, 0x34, 0x0B, 0x9F, 0xF0, 0x40, 0xEE, 0xC4, 0x7D, 0x67, 0x81, 0x8C,
    0x96, 0xC5, 0x1E, 0xFE, 0x19, 0x6E, 0xB1, 0x65, 0xBB, 0x9D, 0x0F, 0x33, 0xCB, 0x36, 0x3B, 0xEF,
    0xE2, 0x8C, 0x9C, 0x6F, 0x2C, 0x9A, 0x15, 0xAB, 0xE5, 0xE4, 0x72, 0xB1, 0x7C, 0x25, 0xCF, 0x56,
    0x88, 0x79, 0x2A, 0x99, 0xF9, 0x5A, 0x3D, 0x9F, 0x6A, 0x26, 0xD9, 0xAC, 0x6F, 0xC9, 0x7E, 0xCA,
    0x4E, 0xF0, 0x22, 0x6D, 0x63, 0x31, 0x99, 0xC9, 0x76, 0xBF, 0x16, 0x4F, 0x3D, 0x1E, 0xCC, 0x1A,
    0x00, 0x76, 0x02, 0x31, 0x77, 0x2C, 0xD1, 0x9D, 0x7E, 0x64, 0xF5, 0xE6, 0xF5, 0x66, 0xC7, 0xE9,
    0x0A, 0x75, 0xDE, 0xEB, 0xD4, 0xA0, 0x41, 0x25, 0x56, 0xEA, 0x07, 0x45, 0x1A, 0xB0, 0xFB, 0x05,
    0x8C, 0x34, 0xD1, 0xAF, 0x14, 0x70, 0xBB, 0x02, 0xD8, 0x8A, 0x1C, 0x6E, 0x05, 0x5C, 0x56, 0x90,
    0xAC, 0x2B, 0x0C, 0xD3, 0x77, 0x79, 0xF7, 0xD8, 0xBC, 0x67, 0x77, 0x18, 0x02, 0x6D, 0x6B, 0x09,
    0x3B, 0x05, 0x63, 0xB2, 0xD3, 0x3F, 0xE0, 0xE9, 0x33, 0xB6, 0xB4, 0x62, 0xC5, 0x7C, 0xA3, 0x38,
    0x6A, 0x2E, 0x57, 0x9A, 0x80, 0x85, 0xDD, 0xC2, 0x7F, 0x15, 0x9B, 0xDA, 0x55, 0x4F, 0xEC, 0xDB,
    0x7E, 0xF0, 0xBB, 0xA2, 0x87, 0x9B, 0xCE, 0x60, 0x67, 0xA8, 0x4B, 0xFA, 0xD6, 0x3B, 0x3D, 0xB4,
    0x9F, 0x94, 0xCA, 0xCD, 0x62, 0x89, 0x42, 0x74, 0x95, 0x42, 0x74, 0x07, 0x3B, 0x4D, 0x52, 0xD8,
    0x60, 0x4A, 0x3E, 0x28, 0x44, 0xDA, 0x28, 0x44, 0x16, 0x50, 0xB3, 0x5B, 0x35, 0x56, 0x8B, 0x99,
    0x2C, 0x6D, 0xA6, 0x13, 0x9D, 0xE8, 0x31, 0x5B, 0x61, 0xF3, 0x12, 0xBA, 0x00, 0xB4, 0xAC, 0x4A,
    0x81, 0xFD, 0xE0, 0x5D, 0x7D, 0x3E, 0x18, 0xED, 0x66, 0xC5, 0x96, 0x6D, 0x0A, 0xFE, 0x72, 0xC9,
    0x56, 0x95, 0xEA, 0x39, 0x5F, 0xAD, 0xA0, 0xCC, 0x30, 0xE6, 0x8B, 0x4A, 0xE8, 0x54, 0xA2, 0x90,
    0x78, 0x35, 0x3B, 0xCC, 0xEF, 0xA0, 0x10, 0x93, 0x14, 0xC6, 0x2B, 0x25, 0x4F, 0x14, 0x62, 0xD2,
    0xE6, 0x43, 0x48, 0x16, 0xD0, 0x7F, 0x15, 0x76, 0x17, 0x42, 0xA0, 0xA5, 0x77, 0x47, 0x1B, 0x9B,
    0xB1, 0x90, 0x0B, 0x75, 0xBF, 0x77, 0x13, 0xB9, 0x59, 0xCE, 0x74, 0x02, 0x1D, 0xEB, 0x96, 0x23,
    0xC6, 0x36, 0x5A, 0xCA, 0x15, 0x0F, 0xE4, 0x41, 0x6E, 0xEB, 0x47, 0x39, 0x2D, 0xCC, 0x99, 0xEE,
    0x5F, 0xAB, 0x83, 0x5C, 0x1D, 0x58, 0xA3, 0xFC, 0x89, 0x9C, 0xC9, 0x25, 0x96, 0xEB, 0xB4, 0x35,
    0x90, 0x37, 0x5D, 0xED, 0xF7, 0x2D, 0xC7, 0xBF, 0x60, 0x60, 0x47, 0x1D, 0x0C, 0x34, 0x58, 0xBD,
    0x5A, 0xB3, 0x9E, 0xC0, 0xE8, 0x2A, 0x8F, 0xEC, 0xB0, 0x30, 0x5A, 0x8E, 0x3F, 0xDC, 0x68, 0xD3,
    0x09, 0x1F, 0xAC, 0x64, 0x0B, 0x98, 0x9D, 0x2B, 0x8C, 0xBC, 0x6E, 0x39, 0x6D, 0x9D, 0xA9, 0x6A,
    0xF0, 0x68, 0x2F, 0x31, 0x5B, 0x85, 0xEE, 0xD4, 0x63, 0xA3, 0x19, 0xC0, 0xBF, 0xC6, 0xB1, 0x73,
    0xC2, 0xC0, 0xF6, 0x2E, 0x16, 0x26, 0x3B, 0xF7, 0x1F, 0xB5, 0xC6, 0xF9, 0xEB, 0x7F, 0xBE, 0xCD,
    0xD8, 0x0C, 0xFC, 0xD6, 0x43, 0xDD, 0x55, 0xAD, 0xD9, 0x77, 0xCD, 0xEC, 0x47, 0x34, 0xB5, 0xB3,
    0x0C, 0x74, 0xBE, 0x82, 0xB2, 0x9E, 0xE5, 0x6A, 0x9A, 0x80, 0x96, 0x61, 0xC7, 0x1E, 0xB2, 0x7C,
    0x4F, 0x55, 0x7C, 0x36, 0xA9, 0x16, 0x55, 0xF5, 0xEA, 0x3C, 0xA6, 0xD7, 0x1C, 0x73, 0xAA, 0xEF,
    0xF7, 0x96, 0x3C, 0x56, 0xCA, 0xA4, 0x6C, 0xE9, 0xA0, 0x2E, 0xEA, 0x94, 0x1B, 0x46, 0xAF, 0x9C,
    0x2A, 0x65, 0x70, 0x5B, 0x69, 0x33, 0x6D, 0xCF, 0xD8, 0xB9, 0xAC, 0x16, 0x65, 0x97, 0x92, 0xA3,
    0x6A, 0x0A, 0x12, 0xCA, 0x48, 0x8A, 0xA5, 0x70, 0xBB, 0x54, 0x18, 0x95, 0xA6, 0xE3, 0x94, 0x8E,
    0x56, 0x87, 0x97, 0x2F, 0xEA, 0xA4, 0xFB, 0x92, 0x43, 0x78, 0x2C, 0xC9, 0x11, 0xAE, 0x13, 0x83,
    0xDF, 0x9E, 0x41, 0xD5, 0x58, 0x85, 0x97, 0xC3, 0x24, 0x9B, 0xB3, 0xD7, 0xCE, 0x8E, 0xDF, 0xB2,
    0xBA, 0x2B, 0xAC, 0x9A, 0xAA, 0xB6, 0x6F, 0x9B, 0xA3, 0xFA, 0x23, 0x0C, 0x05, 0x7E, 0xD6, 0x1F,
    0x9C, 0x2E, 0xF1, 0x68, 0x76, 0x0A, 0x3F, 0x61, 0xCD, 0x7E, 0x62, 0x04, 0x7E, 0xB4, 0xF9, 0x1C,
    0x0F, 0xDE, 0x3A, 0x79, 0xAF, 0x0D, 0xCD, 0x4C, 0x57, 0xD5, 0x8B, 0x59, 0xB0, 0x72, 0x34, 0xFB,
    0x4D, 0x7B, 0x61, 0x5E, 0xE9, 0xF3, 0xA2, 0xCF, 0x7C, 0xC7, 0x35, 0x7E, 0x11, 0x99, 0x19, 0xE2,
    0xF7, 0xC8, 0x8E, 0x7C, 0xCF, 0xB7, 0x62, 0x2B, 0x97, 0x72, 0xAE, 0xA7, 0x66, 0x78, 0xD1, 0xF5,
    0xC0, 0xC5, 0x51, 0x4C, 0xF5, 0xD6, 0xEC, 0xFC, 0xD6, 0x5B, 0x31, 0x99, 0x16, 0xB3, 0x97, 0xD6,
    0x86, 0x30, 0x10, 0x21, 0x6C, 0x4D, 0xBD, 0xA5, 0x80, 0x50, 0x37, 0xA8, 0xBF, 0x14, 0x51, 0x0A,
    0x42, 0x75, 0x4B, 0x12, 0x30, 0x12, 0x7B, 0x09, 0xE8, 0xCC, 0xC3, 0x20, 0x09, 0xC8, 0x0E, 0x17,
    0x23, 0x01, 0x49, 0x4C, 0x12, 0x40, 0xBC, 0x25, 0xE0, 0x9C, 0x04, 0xDC, 0xB4, 0xE3, 0x76, 0x43,
    0xBA, 0x4F, 0x6B, 0x88, 0xE3, 0x75, 0x43, 0xCC, 0xEE, 0x7D, 0xB1, 0x01, 0x18, 0x70, 0xE0, 0x94,
    0xD4, 0x6B, 0x85, 0x7D, 0x2C, 0xD0, 0x65, 0xE8, 0x4E, 0x18, 0xF2, 0x83, 0xF1, 0x48, 0x09, 0xCD,
    0x5C, 0xAE, 0x94, 0x52, 0xFB, 0x00, 0x69, 0x66, 0x21, 0x75, 0x50, 0x5A, 0xB1, 0x33, 0x6A, 0x73,
    0xE1, 0xC1, 0x16, 0x0A, 0xB3, 0x4B, 0xD4, 0xF9, 0x29, 0xE1, 0xAE, 0x7B, 0x25, 0x47, 0x32, 0x25,
    0x5F, 0xBA, 0xA4, 0x57, 0x36, 0xC8, 0x9E, 0x13, 0xA6, 0x02, 0x4A, 0x82, 0x64, 0x73, 0xB4, 0x3F,
    0xB6, 0xC5, 0x72, 0xDE, 0xB7, 0x9A, 0x85, 0xD5, 0xCE, 0x58, 0xAD, 0xC2, 0x6A, 0xC0, 0x5A, 0x01,
    0x6B, 0x83, 0x0F, 0xD6, 0xFA, 0x28, 0xD7, 0x6A, 0x2A, 0xD7, 0x6F, 0xD2, 0xA9, 0x6F, 0xFB, 0xF8,
    0x86, 0x0F, 0x41, 0x00, 0x9D, 0xCF, 0xBF, 0xB3, 0x35, 0xA0, 0xBD, 0xE1, 0xC9, 0xC2, 0x61, 0x0D,
    0x4F, 0xDA, 0x37, 0xD9, 0x5D, 0x5A, 0x2B, 0xBB, 0xD4, 0x8D, 0xA9, 0x4B, 0xE3, 0xF9, 0xD4, 0xA5,
    0x8E, 0xE5, 0xAE, 0x75, 0x86, 0xD8, 0xCF, 0xDE, 0xEB, 0xAC, 0x5E, 0xB8, 0x98, 0xDA, 0x2F, 0xF6,
    0x8B, 0x9F, 0x1E, 0x5F, 0x3A, 0x1D, 0x16, 0xA2, 0x9F, 0xCE, 0x94, 0xDA, 0x1C, 0x37, 0xA2, 0x03,
    0x34, 0xF7, 0x1A, 0xED, 0x0E, 0x8F, 0x14, 0xCC, 0xB5, 0xAC, 0xF6, 0x13, 0xC4, 0xCD, 0xCA, 0x47,
    0x0B, 0xBB, 0x7D, 0x83, 0xDA, 0x2C, 0x59, 0x7B, 0xA6, 0xE6, 0x14, 0xD9, 0x42, 0x4B, 0x4A, 0xAB,
    0xCD, 0x2F, 0xCE, 0xBC, 0x07, 0x1D, 0xF1, 0x30, 0x2F, 0x8F, 0x8E, 0x7E, 0xB5, 0xF7, 0xFA, 0x85,
    0xFC, 0x20, 0x9F, 0xF4, 0x23, 0x31, 0xA4, 0xBC, 0xEE, 0x55, 0xD8, 0x4F, 0xF2, 0xE1, 0xB7, 0x7D,
    0x49, 0x6C, 0x1E, 0x2C, 0xC0, 0x82, 0xE7, 0x62, 0xBD, 0xDB, 0x7C, 0xEF, 0xF6, 0x9F, 0xEE, 0x99,
    0x0E, 0x24, 0xDB, 0xAC, 0x10, 0xD5, 0xA2, 0x20, 0x82, 0x53, 0x26, 0x2A, 0x45, 0xF5, 0x93, 0x53,
    0xF8, 0xB9, 0x13, 0x7E, 0x4C, 0x3A, 0xE3, 0x44, 0xCA, 0x77, 0xA7, 0x72, 0x75, 0xAA, 0x67, 0xA7,
    0x30, 0x38, 0xA1, 0x23, 0x9D, 0x61, 0xA4, 0x6C, 0x73, 0x2A, 0x56, 0xA7, 0x72, 0x76, 0xAA, 0x27,
    0xA7, 0x66, 0x70, 0xEA, 0xA1, 0x24, 0xF2, 0x9A, 0x92, 0x5F, 0x3F, 0x2F, 0x9D, 0x5C, 0xC8, 0x35,
    0x2A, 0x1B, 0xBF, 0xC0, 0x9D, 0x98, 0x3D, 0xC7, 0xED, 0x0A, 0xF1, 0xC4, 0xA6, 0x03, 0xAB, 0x23,
    0x3A, 0xC7, 0xC5, 0xE8, 0xE1, 0x4D, 0xBE, 0x4C, 0xDD, 0x18, 0x63, 0xD5, 0xAE, 0x3B, 0x33, 0xE2,
    0x28, 0x4C, 0x75, 0x4E, 0xEC, 0x46, 0xF6, 0x4D, 0xF3, 0x70, 0xEA, 0xD5, 0x8D, 0x9B, 0xBB, 0x66,
    0xB2, 0xFA, 0xB2, 0x1B, 0xDF, 0xE9, 0x5B, 0x86, 0x0C, 0xB5, 0x54, 0x20, 0xF6, 0xFE, 0x28, 0x84,
    0xE3, 0x8F, 0xD9, 0x73, 0x5D, 0x7A, 0x02, 0xC0, 0x24, 0xB1, 0x29, 0x4E, 0x8B, 0xFD, 0xD9, 0x20,
    0x88, 0x53, 0xF5, 0xFD, 0xD1, 0xFA, 0x20, 0x58, 0x1C, 0x0F, 0x47, 0x74, 0xE1, 0x68, 0x73, 0x8C,
    0xB4, 0xB4, 0x9F, 0x3D, 0x63, 0x58, 0x88, 0xD5, 0x4A, 0x2C, 0xB7, 0x88, 0x13, 0xB1, 0x11, 0xCE,
    0x44, 0xE5, 0x26, 0x94, 0x5C, 0xC7, 0xE9, 0xAC, 0x00, 0xCD, 0xC8, 0x30, 0xF1, 0xD1, 0x82, 0x92,
    0x8D, 0x0A, 0xB6, 0x94, 0x2C, 0xDE, 0x1F, 0x71, 0x21, 0xDD, 0xAE, 0x31, 0x85, 0x79, 0xF4, 0x5E,
    0x6A, 0xC8, 0xE5, 0x68, 0xAE, 0x97, 0xEB, 0x8A, 0x29, 0xD6, 0x63, 0xF5, 0xFD, 0x6A, 0x89, 0xBA,
    0x5A, 0x61, 0xE2, 0x12, 0x75, 0x63, 0xA1, 0xBA, 0x5E, 0xAE, 0x84, 0x12, 0x79, 0x85, 0xD6, 0x3F,
    0xB1, 0xEC, 0x6D, 0x0C, 0xC0, 0x1E, 0xE3, 0x30, 0xC7, 0x43, 0x81, 0xA1, 0xDC, 0xE9, 0x93, 0x72,
    0xA5, 0x7E, 0xA5, 0x7F, 0xC4, 0x8A, 0xA8, 0x25, 0x87, 0x67, 0xB4, 0x08, 0xC1, 0x17, 0x24, 0xAE,
    0x04, 0x43, 0x86, 0x35, 0xF7, 0xE8, 0xED, 0xE5, 0xB2, 0xE5, 0x99, 0x7C, 0x0E, 0xB1, 0x7F, 0x73,
    0xF9, 0x16, 0x30, 0x96, 0xCC, 0x81, 0x29, 0xED, 0x84, 0xC5, 0xD3, 0xCC, 0xD8, 0x5F, 0x6C, 0x61,
    0x11, 0x31, 0x8C, 0x69, 0x11, 0x5A, 0x1B, 0xEA, 0x5A, 0x2A, 0x3C, 0xBC, 0xC0, 0xCC, 0x78, 0xA6,
    0x3A, 0xC4, 0x25, 0x67, 0x65, 0xA0, 0x1D, 0x2D, 0x91, 0x7E, 0xAB, 0x40, 0x07, 0xF5, 0x3C, 0x7F,
    0xF6, 0x68, 0x29, 0xF0, 0x50, 0xA1, 0x2D, 0x77, 0x46, 0x7B, 0xBD, 0x72, 0xC6, 0xA5, 0xCC, 0x66,
    0x0E, 0x93, 0xE3, 0x48, 0x4F, 0x7B, 0xE2, 0xBE, 0x12, 0xCB, 0x88, 0x17, 0xF1, 0xA3, 0xC8, 0xD9,
    0x88, 0x25, 0x1E, 0xDE, 0xC1, 0xEA, 0x36, 0xAC, 0x27, 0x28, 0x28, 0x1D, 0xCF, 0x78, 0x6A, 0xAE,
    0x92, 0x0A, 0x0C, 0x2F, 0x2D, 0x1A, 0xE5, 0x41, 0x0C, 0x9B, 0xAF, 0x1F, 0x33, 0xC7, 0x09, 0x06,
    0x2B, 0x68, 0x26, 0x71, 0x4E, 0x33, 0xEF, 0x47, 0x2D, 0xF1, 0x32, 0x7D, 0xBA, 0xF9, 0xB9, 0xAC,
    0x77, 0x5E, 0x39, 0xF1, 0x97, 0x68, 0xF5, 0x57, 0xC0, 0xCE, 0xAB, 0x7D, 0xF6, 0x4F, 0x86, 0x67,
    0x7F, 0x07, 0xFF, 0xF2, 0xDD, 0xF2, 0x8D, 0x71, 0x54, 0x2E, 0x9C, 0x1C, 0xEB, 0x89, 0x93, 0xE2,
    0x8B, 0x4E, 0xD5, 0xBF, 0xAB, 0xFC, 0x2A, 0xB5, 0xAA, 0xC0, 0xEE, 0x03, 0x7F, 0xD2, 0xB3, 0x1E,
    0xFB, 0x80, 0x1E, 0xD6, 0x74, 0x44, 0x47, 0x34, 0x58, 0xD2, 0x8C, 0x1E, 0x58, 0x54, 0x59, 0xE7,
    0x55, 0x47, 0xF5, 0xE3, 0xBD, 0x92, 0x23, 0x99, 0x92, 0x2F, 0x5D, 0xD2, 0x2B, 0x1B, 0x6E, 0xE7,
    0xB9, 0x9F, 0xF5, 0x73, 0x4B, 0xC2, 0x37, 0xFD, 0x6A, 0x3D, 0x12, 0x9B, 0xC3, 0x11, 0x8F, 0x6E,
    0x86, 0x1A, 0xE0, 0x46, 0xBF, 0x40, 0x34, 0xFA, 0x89, 0x76, 0x3E, 0x37, 0xDA, 0xFA, 0x43, 0xBD,
    0xAE, 0xB2, 0xCE, 0xAB, 0x8E, 0xEA, 0xEB, 0x5E, 0xC9, 0x91, 0xCC, 0x06, 0x93, 0x74, 0x25, 0xBD,
    0xB2, 0xC1, 0x38, 0xB5, 0xFA, 0xF3, 0x31, 0xE3, 0xAD, 0xF3, 0x8D, 0x8C, 0xF2, 0xE1, 0x8C, 0xF9,
    0x37, 0x62, 0xFA, 0x51, 0x11, 0xCA, 0x2D, 0xC1, 0x4A, 0x01, 0xB3, 0x26, 0x73, 0x45, 0x62, 0x06,
    0x5D, 0x54, 0x8C, 0xA6, 0x53, 0x72, 0x63, 0xE1, 0xB7, 0x2F, 0x84, 0x39, 0xC2, 0xED, 0x4F, 0xBE,
    0x44, 0x49, 0x56, 0x1F, 0xEE, 0x13, 0x95, 0x74, 0x4E, 0x57, 0x8D, 0xBB, 0x2C, 0x3F, 0x7C, 0xE6,
    0xDE, 0x51, 0x77, 0x6A, 0x1F, 0x26, 0xE5, 0x35, 0x18, 0xE5, 0xB3, 0x07, 0xBB, 0xC7, 0xE2, 0x8E,
    0x9D, 0xE4, 0x2A, 0x0A, 0x4C, 0x2B, 0x95, 0x02, 0xE5, 0xC4, 0xCA, 0x51, 0x4E, 0x98, 0x35, 0x7D,
    0xAA, 0xE1, 0xB9, 0x8F, 0x9F, 0x0F, 0x39, 0xE5, 0x95, 0x1B, 0xC5, 0x61, 0xCE, 0x0E, 0xB6, 0xA6,
    0x60, 0xF1, 0x0C, 0x3A, 0x42, 0x29, 0x12, 0xB8, 0xD3, 0x12, 0x76, 0x7A, 0xA0, 0xEF, 0x9A, 0xD1,
    0x30, 0xF1, 0x5A, 0x18, 0xC2, 0xC0, 0x9D, 0x86, 0x58, 0xCC, 0x60, 0x2C, 0x36, 0x43, 0xDF, 0x65,
    0x47, 0x2A, 0xE6, 0xFB, 0x2B, 0x8B, 0xDB, 0xCB, 0x67, 0x43, 0x2A, 0x5A, 0x9F, 0x24, 0x18, 0xBA,
    0x24, 0x17, 0x6D, 0xD4, 0x46, 0xCB, 0x68, 0xC3, 0x68, 0x35, 0xB3, 0xEA, 0x66, 0xE2, 0xA4, 0xDC,
    0xAF, 0xD5, 0xE6, 0x12, 0xC1, 0xCF, 0xC2, 0x54, 0xB0, 0xF4, 0xE2, 0xC4, 0xB6, 0x9D, 0xBD, 0xD8,
    0x7A, 0x8B, 0xEF, 0xD0, 0xF5, 0x6B, 0x4C, 0x59, 0xE3, 0x07, 0x63, 0x2A, 0x86, 0x35, 0x15, 0x6B,
    0xA4, 0x62, 0x81, 0xC7, 0x58, 0xA2, 0xA8, 0xF7, 0xEC, 0x9D, 0x07, 0x55, 0xC6, 0x65, 0x0F, 0x4D,
    0x31, 0xE6, 0x52, 0x91, 0x4B, 0xBB, 0x4F, 0x4A, 0xB1, 0x93, 0xE5, 0xF9, 0xFD, 0x65, 0x05, 0x0D,
    0x62, 0x9D, 0x1E, 0x9D, 0x0A, 0xC0, 0xA0, 0xFB, 0xD1, 0x4B, 0x52, 0x86, 0x66, 0x96, 0xA2, 0xBD,
    0x5A, 0x64, 0xD3, 0x16, 0x25, 0x96, 0x4B, 0x21, 0x89, 0x35, 0xBB, 0x4F, 0x0B, 0x5F, 0x06, 0x19,
    0x38, 0x9E, 0x52, 0x36, 0x9E, 0x1E, 0x16, 0xFB, 0xD1, 0x9B, 0xC1, 0x6A, 0x71, 0xED, 0x73, 0xD1,
    0x74, 0x7E, 0x1A, 0x0D, 0x69, 0x30, 0x50, 0x34, 0xFD, 0xEA, 0xAE, 0x8B, 0xDE, 0xA5, 0x60, 0x32,
    0xAD, 0xEE, 0xC9, 0x14, 0xED, 0xAC, 0xBD, 0x00, 0xE5, 0xAF, 0x6E, 0x02, 0x45, 0xCB, 0xA8, 0x66,
    0x91, 0x2C, 0xAB, 0xD7, 0xB4, 0xA2, 0x52, 0x1F, 0x0B, 0x7B, 0x5C, 0xB6, 0x73, 0xC8, 0x14, 0xDE,
    0x1B, 0x26, 0x79, 0xBB, 0x7B, 0x17, 0x78, 0x32, 0x29, 0x5A, 0x45, 0x68, 0x45, 0x13, 0xD7, 0xF6,
    0x3B, 0xC4, 0x9D, 0xA4, 0xCD, 0xA9, 0x3C, 0x9C, 0x0A, 0x38, 0x65, 0xAF, 0xA2, 0x42, 0x55, 0xCA,
    0xFD, 0xD9, 0x7D, 0xDF, 0xC1, 0x2C, 0x99, 0x9D, 0xD3, 0x11, 0x15, 0x8D, 0x4E, 0xD2, 0xC0, 0xDC,
    0x4D, 0xA2, 0x3B, 0xD2, 0x19, 0x03, 0xC9, 0x30, 0x3A, 0xF5, 0x93, 0x53, 0xB8, 0xA0, 0x5E, 0xD7,
    0x54, 0x33, 0x13, 0x55, 0x68, 0xFB, 0x81, 0x13, 0x98, 0x44, 0x6F, 0xA9, 0x29, 0x52, 0xFB, 0x2E,
    0x10, 0x03, 0xE6, 0x5E, 0x53, 0x26, 0x2F, 0xCA, 0x9A, 0xDD, 0x32, 0xDD, 0x51, 0x62, 0xB1, 0xEF,
    0xAD, 0x9A, 0x3F, 0xFE, 0xDC, 0x90, 0x46, 0x79, 0x7A, 0x26, 0x62, 0xF3, 0xA3, 0x63, 0xD3, 0x73,
    0x0A, 0x1D, 0x2F, 0x5A, 0x9C, 0x9A, 0x48, 0xF3, 0xEB, 0x69, 0x49, 0x94, 0xA4, 0x50, 0x66, 0xD2,
    0x90, 0xF4, 0xE5, 0x68, 0x65, 0x84, 0x82, 0x17, 0xBA, 0x23, 0xB0, 0xFF, 0x7F, 0xD7, 0x6A, 0x3C,
    0xDA, 0xDD, 0x96, 0xA6, 0x32, 0xD2, 0x41, 0x77, 0x00, 0x8B, 0xB7, 0xF6, 0x43, 0xB6, 0xFD, 0x43,
    0x4B, 0x5D, 0x2D, 0x46, 0x17, 0x79, 0xF1, 0x24, 0xF0, 0x8E, 0xF7, 0xD0, 0x8D, 0x35, 0xBA, 0xD8,
    0xA7, 0xA3, 0xB3, 0x61, 0x16, 0x37, 0xAB, 0xB8, 0xDA, 0xC4, 0xE5, 0x21, 0xCE, 0x21, 0xCE, 0x12,
    0xB7, 0x64, 0x46, 0xD8, 0x05, 0x9F, 0xAE, 0xF9, 0xBA, 0x5E, 0xBA, 0x9F, 0x9C, 0xE4, 0x27, 0x7D,
    0xD2, 0x9F, 0xEC, 0x49, 0xF6, 0x25, 0x7B, 0x93, 0xFD, 0x6A, 0x8F, 0xDA, 0x27, 0xEE, 0x52, 0xFB,
    0x2F, 0xFC, 0x81, 0xF1, 0x1A, 0x5D, 0xAE, 0x7D, 0x21, 0x64, 0x27, 0x5C, 0x63, 0xAA, 0xF3, 0x65,
    0xC8, 0xC7, 0x7A, 0x03, 0x87, 0x6B, 0xFC, 0x72, 0x34, 0xEE, 0xD7, 0xA8, 0xAB, 0x6F, 0x0F, 0xF9,
    0xF9, 0x53, 0xF5, 0x56, 0xA1, 0xCE, 0x54, 0xDB, 0xD9, 0xE1, 0x71, 0xEF, 0x10, 0x0B, 0xC3, 0x5F,
    0xA3, 0xF6, 0xF7, 0x7C, 0x70, 0xA4, 0x71, 0xAB, 0x81, 0x9B, 0x46, 0x52, 0x1A, 0x58, 0x69, 0x9C,
    0xA5, 0x61, 0x97, 0xB8, 0x59, 0x22, 0xCF, 0xB7, 0x99, 0x6B, 0x7D, 0xE2, 0xE5, 0x92, 0x29, 0x87,
    0x4C, 0xF9, 0xE4, 0x72, 0x17, 0x17, 0x10, 0x67, 0x68, 0x9D, 0xCF, 0x18, 0x9C, 0x69, 0xAF, 0x73,
    0x38, 0xC4, 0x1C, 0xCE, 0xDF, 0x41, 0xAB, 0xF1, 0xCC, 0xCA, 0x88, 0x5C, 0x79, 0x7B, 0x35, 0xA4,
    0xDB, 0x38, 0x26, 0xB6, 0xAF, 0x80, 0x5C, 0xFF, 0x0D, 0x52, 0x95, 0xAF, 0x90, 0xBE, 0x84, 0xAF,
    0x96, 0xEB, 0xAF, 0x2F, 0x2A, 0xB3, 0x48, 0x4F, 0xE3, 0xDF, 0x62, 0x88, 0x5B, 0xFD, 0x78, 0xEA,
    0x95, 0x6B, 0xAF, 0x8E, 0x93, 0x0F, 0x87, 0x36, 0xAE, 0x66, 0xFD, 0xC0, 0xDB, 0x26, 0x52, 0x86,
    0x2E, 0x2D, 0xD7, 0x69, 0x92, 0xC4, 0x4C, 0xCA, 0x30, 0x90, 0x4A, 0x18, 0xA9, 0xD9, 0x9C, 0x30,
    0x93, 0x32, 0x0C, 0xA4, 0x12, 0x46, 0x6A, 0x36, 0x27, 0xCC, 0xA4, 0x7F, 0xC2, 0x40, 0xFA, 0x00,
    0x46, 0xC2, 0x2A, 0xDA, 0x44, 0x68, 0x75, 0x6D, 0x24, 0xBD, 0x8F, 0x85, 0x34, 0x84, 0xDD, 0xA9,
    0x42, 0x27, 0xD1, 0xA3, 0x14, 0x2D, 0x52, 0xBB, 0x5B, 0x32, 0x22, 0x99, 0x74, 0x92, 0x81, 0x16,
    0x64, 0x6E, 0xBD, 0x5F, 0xE6, 0x1A, 0xEA, 0x33, 0xC4, 0xB5, 0x7F, 0x76, 0x6A, 0x36, 0x27, 0xFB,
    0xDF, 0x88, 0xB7, 0x66, 0x69, 0xEE, 0xA2, 0x29, 0x3D, 0xCC, 0x61, 0x71, 0x92, 0x8A, 0x4B, 0x7F,
    0xC3, 0xD2, 0x10, 0x9F, 0x35, 0x0B, 0xCD, 0x6D, 0x60, 0x69, 0xF6, 0x88, 0x51, 0xEE, 0x42, 0x5F,
    0xED, 0x56, 0x7A, 0xE7, 0xE4, 0x2C, 0x7D, 0x4C, 0x81, 0xC4, 0xF2, 0x97, 0x60, 0xE9, 0x3F, 0xF9,
    0x14, 0x42, 0x81, 0xF5, 0x4F, 0x59, 0xEA, 0xF9, 0x00, 0xFC, 0xFE, 0x61, 0xD5, 0xDC, 0xB0, 0xFB,
    0x7F, 0x00, 0xEE, 0xA9, 0x4C, 0x66, 0x38, 0xB3, 0xC4, 0x9D, 0xC7, 0xE3, 0xC4, 0x87, 0x95, 0x62,
    0xB1, 0x6C, 0xF7, 0x52, 0xB6, 0x59, 0xBE, 0x79, 0xE9, 0xBC, 0x5B, 0xB1, 0x78, 0xE9, 0x74, 0x58,
    0x39, 0x9F, 0x7C, 0x46, 0x84, 0xD5, 0x63, 0x7C, 0xA6, 0xE9, 0x9A, 0x41, 0xA5, 0x66, 0x08, 0xAD,
    0x4A, 0xD5, 0x08, 0x33, 0x74, 0x0D, 0x5F, 0x70, 0x38, 0x62, 0xA9, 0xF8, 0xC5, 0xE6, 0xA5, 0xD1,
    0xB2, 0x8F, 0xD7, 0x58, 0x3A, 0xB3, 0x29, 0x18, 0xC2, 0xC8, 0xC0, 0x4D, 0x25, 0x1E, 0x5E, 0x0A,
    0xB4, 0xD5, 0x4B, 0xF2, 0x28, 0xFF, 0xAD, 0x52, 0xFF, 0xE9, 0x25, 0x0D, 0xAB, 0x94, 0xA6, 0xF7,
    0x4B, 0xE4, 0x2D, 0x32, 0x22, 0x63, 0x88, 0x3C, 0x45, 0x5E, 0xC4, 0x1F, 0x6C, 0xE2, 0x7F, 0x86,
    0xF8, 0x7D, 0x74, 0xCE, 0x03, 0x46, 0x71, 0xB3, 0x88, 0xAB, 0x4D, 0x5C, 0x1C, 0xE2, 0x0C, 0xAD,
    0xB3, 0x61, 0x10, 0x87, 0x59, 0x5C, 0xAF, 0xE2, 0x72, 0x13, 0xE7, 0x10, 0x9F, 0xF1, 0x03, 0x67,
    0xC3, 0xFB, 0xE2, 0xE6, 0x17, 0xE2, 0xFA, 0x97, 0xE2, 0x12, 0xE2, 0x2C, 0xF2, 0x39, 0xB2, 0x21,
    0x72, 0x88, 0x5C, 0x47, 0x2E, 0xF1, 0xEA, 0x6C, 0xED, 0x84, 0x94, 0x12, 0xC7, 0x25, 0xB6, 0x4B,
    0x99, 0xA2, 0x57, 0xE3, 0x87, 0x91, 0x88, 0x47, 0xBB, 0x07, 0x2D, 0xF1, 0x65, 0x6A, 0x8E, 0xEB,
    0x6C, 0x60, 0x4B, 0x47, 0x3D, 0x7B, 0x65, 0x68, 0x5D, 0x44, 0xDA, 0xE8, 0xD7, 0xDA, 0xC7, 0x84,
    0x3E, 0x2E, 0xB6, 0xDC, 0xF1, 0x52, 0x61, 0x8C, 0xCB, 0x6C, 0x3F, 0xC5, 0x75, 0x35, 0xCC, 0x2F,
    0x17, 0x9A, 0x1B, 0x85, 0xCB, 0xCA, 0x49, 0x4E, 0x92, 0x9C, 0x74, 0x25, 0xED, 0xC9, 0x9E, 0x64,
    0x61, 0xB2, 0x39, 0xB5, 0x22, 0xB5, 0x2B, 0xB5, 0x34, 0xB5, 0x3D, 0x79, 0x23, 0xF9, 0x47, 0x1E,
    0x4B, 0x89, 0xA4, 0x5F, 0x5F, 0xAE, 0x1E, 0xA1, 0xC6, 0xAB, 0x47, 0x28, 0x38, 0xE5, 0x4E, 0xCA,
    0x73, 0x53, 0xDA, 0x7B, 0x12, 0x9D, 0x13, 0xA5, 0x2A, 0xE9, 0x86, 0x52, 0x14, 0x76, 0x12, 0x45,
    0x4B, 0x51, 0x52, 0x9B, 0x8C, 0xA0, 0x49, 0xAC, 0xF9, 0x96, 0x88, 0x19, 0xD9, 0xFF, 0xC7, 0xCB,
    0x1B, 0xC7, 0xCB, 0xE4, 0x9C, 0xBC, 0x48, 0x63, 0x62, 0xA1, 0x49, 0x1B, 0x18, 0x78, 0x50, 0x21,
    0xC7, 0xA1, 0xD2, 0x09, 0xD8, 0x75, 0xAA, 0x46, 0xAC, 0x75, 0xEA, 0xBD, 0xC0, 0xD2, 0x3F, 0xBE,
    0x3E, 0x00, 0x97, 0xEB, 0x67, 0xF8, 0x14, 0x80, 0x97, 0x71, 0x28, 0xCA, 0x12, 0xA5, 0x9A, 0xE9,
    0xBE, 0x66, 0xBB, 0x1D, 0x79, 0xAB, 0x39, 0x4D, 0xDE, 0xBE, 0xB0, 0x38, 0xD5, 0xDB, 0xE5, 0x52,
    0xDF, 0x6A, 0xA9, 0x1F, 0x52, 0x4A, 0x42, 0x99, 0x32, 0xB0, 0xBA, 0x32, 0xF0, 0x6A, 0x27, 0x20,
    0x2D, 0xFC, 0xCB, 0xF3, 0x47, 0x78, 0xAE, 0x07, 0x71, 0xC3, 0xDB, 0x37, 0xD4, 0x32, 0xF6, 0xC6,
    0xE4, 0x3A, 0xAD, 0xB3, 0x72, 0x93, 0x5F, 0x57, 0xD1, 0xD5, 0x83, 0x36, 0xE9, 0x70, 0x2A, 0xD5,
    0x4F, 0xB9, 0xFA, 0xED, 0x9C, 0xC2, 0xFA, 0xC9, 0xEB, 0xB8, 0x9E, 0xD4, 0x19, 0x55, 0xBA, 0x3A,
    0xA9, 0x93, 0x25, 0x10, 0x9B, 0xC4, 0x47, 0x81, 0x70, 0xCA, 0x45, 0xD9, 0x05, 0xE5, 0xA2, 0xE2,
    0x60, 0x72, 0xC7, 0x6C, 0xA7, 0x7E, 0xB2, 0x17, 0x31, 0xB1, 0xC3, 0x2C, 0xEA, 0x2C, 0x87, 0xF4,
    0xBD, 0x8B, 0xA3, 0x35, 0x9D, 0xC4, 0xFE, 0x4A, 0x8A, 0x39, 0xE3, 0xFF, 0x3D, 0x82, 0x2F, 0x61,
    0xCB, 0xD7, 0x9D, 0x62, 0x60, 0xCE, 0x61, 0x14, 0x69, 0x9B, 0xBB, 0x59, 0xD2, 0xFC, 0x72, 0xC6,
    0x50, 0xA2, 0xB5, 0x02, 0x6D, 0x8E, 0xE5, 0xC4, 0x57, 0x70, 0xA0, 0x31, 0x13, 0x34, 0x66, 0x8A,
    0xF4, 0x64, 0xF7, 0xE0, 0xF3, 0x82, 0x42, 0xC5, 0x05, 0x30, 0x58, 0xEA, 0xB8, 0x9B, 0x17, 0x63,
    0xB6, 0xDC, 0x58, 0x56, 0x5C, 0xFB, 0x5C, 0xC5, 0x9A, 0x79, 0xDA, 0x15, 0x8C, 0xFB, 0x84, 0x54,
    0xEA, 0x06, 0xB8, 0x1B, 0x05, 0xCA, 0x68, 0x3A, 0xE9, 0xC8, 0xA0, 0x3B, 0x75, 0x2B, 0x75, 0x14,
    0x94, 0x5A, 0xA5, 0x5D, 0xCA, 0xB8, 0x6F, 0x49, 0x1D, 0xB2, 0x25, 0x63, 0x61, 0xF6, 0x42, 0x47,
    0x0D, 0xEC, 0xA5, 0xB4, 0xFF, 0x39, 0xB2, 0xEC, 0x9A, 0xCF, 0x68, 0x65, 0x0B, 0xEB, 0xB3, 0xB0,
    0x16, 0x47, 0x1C, 0x72, 0x2E, 0x98, 0xA2, 0xA9, 0xC5, 0x45, 0xBB, 0x60, 0x4A, 0xA4, 0x49, 0x1A,
    0x7A, 0xD3, 0xC5, 0x56, 0x2D, 0x0B, 0x9D, 0x0A, 0x21, 0xED, 0xEB, 0xAA, 0xC0, 0xB1, 0x23, 0x96,
    0xC5, 0xB2, 0x49, 0xE2, 0xD8, 0xC4, 0x54, 0x6E, 0x62, 0xD9, 0xF2, 0x23, 0x95, 0xD9, 0x5A, 0x57,
    0x4E, 0xE9, 0xC5, 0x46, 0x07, 0xB0, 0x39, 0x69, 0xFB, 0xF4, 0xAC, 0x32, 0xFF, 0x7C, 0x73, 0x89,
    0x27, 0x55, 0xD6, 0xCB, 0x67, 0x74, 0x4F, 0xCE, 0x72, 0x3D, 0x53, 0x94, 0x27, 0xE0, 0x14, 0x9E,
    0x1F, 0x2C, 0xAF, 0x5E, 0xA6, 0x03, 0xAA, 0x5F, 0x6D, 0x8C, 0x06, 0x39, 0xEF, 0xA7, 0x3B, 0xF7,
    0x8E, 0xD9, 0x47, 0x9E, 0x78, 0x2B, 0xD7, 0x6B, 0x2D, 0xFC, 0x18, 0xEC, 0x20, 0x0F, 0x7A, 0x74,
    0x68, 0x2D, 0x06, 0x3F, 0xE7, 0xC1, 0xF8, 0x1E, 0xDA, 0x09, 0x16, 0x06, 0xF7, 0x6C, 0x3F, 0x66,
    0x87, 0x35, 0xE3, 0x19, 0x46, 0xB9, 0xD9, 0xA6, 0xED, 0x69, 0xEA, 0x2B, 0x36, 0xAB, 0xE6, 0x6C,
    0xF7, 0x72, 0xB9, 0x58, 0xB9, 0xE6, 0x9B, 0x47, 0x69, 0x35, 0x5B, 0xB1, 0x15, 0x2C, 0x57, 0x6B,
    0x3D, 0x59, 0xBE, 0x97, 0xDA, 0x8E, 0x66, 0xD6, 0x7D, 0x94, 0x8B, 0x97, 0x03, 0x2D, 0xA9, 0x66,
    0xF7, 0x4B, 0x4F, 0xED, 0xF7, 0xEA, 0x68, 0x78, 0x07, 0x4C, 0xA9, 0x1C, 0xA0, 0xF4, 0xD9, 0xB5,
    0xC4, 0xE7, 0x55, 0xD7, 0xA2, 0x4E, 0x82, 0x4B, 0x56, 0x00, 0xF4, 0x8B, 0x97, 0xD3, 0x62, 0x17,
    0xB7, 0xBA, 0x95, 0x27, 0x68, 0x83, 0xA4, 0x3C, 0x14, 0xC1, 0xD5, 0xE6, 0x31, 0xC5, 0x0E, 0x61,
    0x1F, 0xE8, 0xA9, 0x74, 0x56, 0xB9, 0x59, 0x59, 0x9D, 0x75, 0xBC, 0x2E, 0x81, 0xF7, 0xF2, 0x06,
    0xF6, 0x1F, 0x2B, 0xF5, 0xB3, 0xEB, 0xFB, 0xB9, 0x22, 0xA6, 0xF9, 0x58, 0xFA, 0x2B, 0x20, 0x06,
    0xD9, 0xE6, 0x9C, 0xA5, 0xAD, 0xA1, 0x39, 0xB1, 0xCE, 0xAF, 0xCE, 0x25, 0x76, 0x52, 0xBA, 0xAF,
    0xF9, 0x95, 0xE4, 0x61, 0xC2, 0xA4, 0xCC, 0x40, 0xAD, 0x80, 0xD5, 0xB2, 0x9D, 0x7F, 0x66, 0x75,
    0x7C, 0x48, 0x0B, 0x33, 0xAB, 0xC4, 0x11, 0x37, 0xA9, 0x1C, 0x34, 0x30, 0x59, 0x87, 0x75, 0x09,
    0xD5, 0x26, 0x19, 0x71, 0x44, 0x75, 0xB2, 0x1D, 0x63, 0x88, 0xDC, 0xAC, 0xD2, 0x15, 0xDB, 0xA8,
    0xFB, 0x8A, 0x43, 0x3A, 0xCA, 0x4D, 0x72, 0xEB, 0x55, 0x7A, 0x1A, 0xFA, 0x89, 0xC7, 0x98, 0x7C,
    0x27, 0x5F, 0xB2, 0xEE, 0x21, 0x87, 0xE7, 0xE0, 0x6D, 0x2E, 0x93, 0xB7, 0xB9, 0x8E, 0x59, 0x7D,
    0x82, 0x91, 0xDC, 0x3C, 0x61, 0xB8, 0xF4, 0xD7, 0x11, 0xFD, 0xB2, 0x45, 0x3F, 0x2D, 0x24, 0xB6,
    0x4A, 0x1C, 0xC6, 0xAF, 0x90, 0x2B, 0xF0, 0x33, 0xBE, 0x92, 0xD2, 0xA6, 0xB8, 0x26, 0xA9, 0x98,
    0xA3, 0x29, 0xC8, 0x92, 0xC1, 0xF2, 0x58, 0x5A, 0x75, 0xCB, 0x8B, 0x1A, 0xF2, 0xBE, 0xA6, 0x2E,
    0xB9, 0xCD, 0x1D, 0x97, 0x12, 0x04, 0x77, 0xAB, 0x44, 0x5D, 0x54, 0xB4, 0x57, 0x54, 0xA4, 0xA8,
    0x34, 0x07, 0x5D, 0x48, 0xCC, 0x8F, 0x34, 0x49, 0xA5, 0x04, 0x24, 0xAE, 0xE8, 0x73, 0x78, 0x15,
    0x35, 0x80, 0x5D, 0x1C, 0x83, 0x7D, 0xAD, 0x8F, 0x2B, 0x7B, 0xA7, 0xF8, 0xC2, 0x58, 0x4A, 0xBB,
    0x4A, 0x25, 0xC4, 0x1B, 0x31, 0xDF, 0x89, 0xD9, 0xA1, 0xCE, 0x91, 0xBB, 0x5A, 0xC7, 0xB4, 0x49,
    0x72, 0xF9, 0x7E, 0x7E, 0xE5, 0x28, 0x11, 0xE5, 0x0D, 0x11, 0xA7, 0x28, 0xA2, 0x93, 0x08, 0xC5,
    0x8F, 0x44, 0x5C, 0xD9, 0xB2, 0x25, 0x5B, 0x28, 0x82, 0x28, 0x11, 0x8E, 0x51, 0x04, 0x92, 0x08,
    0xFB, 0x6C, 0xCD, 0xC1, 0x95, 0x2D, 0x37, 0x9A, 0xC3, 0x84, 0x01, 0x47, 0xFA, 0xB3, 0xF3, 0xAF,
    0xE7, 0xEF, 0xC2, 0x06, 0x2B, 0x17, 0x4B, 0x8F, 0x22, 0xE1, 0x20, 0x02, 0x29, 0x13, 0xCE, 0xD0,
    0x3F, 0x7B, 0xFD, 0xA5, 0xF2, 0x85, 0xAE, 0xF4, 0x65, 0x8D, 0x91, 0x8D, 0x21, 0xBE, 0xB9, 0x86,
    0x2E, 0x03, 0xDB, 0x5B, 0x3C, 0x7F, 0x21, 0x94, 0xB7, 0x6C, 0x7A, 0xB5, 0xB3, 0x66, 0x52, 0xBF,
    0x9F, 0xE9, 0x9B, 0x31, 0x46, 0xFF, 0x2B, 0xE9, 0x1D, 0xB3, 0xAA, 0xB5, 0xC0, 0x7D, 0x12, 0xAE,
    0xBA, 0xF9, 0x4E, 0xE9, 0xFC, 0x77, 0x35, 0xD8, 0x8B, 0xF8, 0xF4, 0x99, 0x81, 0x96, 0x11, 0x67,
    0xC7, 0xCD, 0xCE, 0xEF, 0x59, 0xD8, 0xD3, 0x54, 0x90, 0xBA, 0xB4, 0x4D, 0xC8, 0x20, 0x7B, 0x81,
    0x8F, 0xE2, 0x13, 0x4B, 0x9B, 0x83, 0x58, 0x39, 0x36, 0x47, 0x7B, 0x46, 0x1B, 0x66, 0xD6, 0xE9,
    0x07, 0x22, 0x9E, 0xA1, 0xCE, 0x84, 0x89, 0xD8, 0xB8, 0x31, 0xB5, 0xDF, 0x55, 0x38, 0x9E, 0x1C,
    0xED, 0x0E, 0xC7, 0x7B, 0xF6, 0x3D, 0x85, 0xCE, 0x17, 0xC7, 0xBF, 0xE4, 0xFB, 0x50, 0xF8, 0x19,
    0x30, 0x9A, 0x52, 0x45, 0xE2, 0x61, 0x38, 0xDA, 0x1A, 0xAD, 0xEF, 0x37, 0x0D, 0xAC, 0xD9, 0x4F,
    0xC4, 0x66, 0x26, 0xD6, 0x0B, 0xB1, 0x5A, 0x89, 0xA5, 0x70, 0xBB, 0x81, 0x6B, 0xAA, 0x19, 0xEF,
    0x0D, 0x8E, 0x18, 0xFD, 0xB1, 0x83, 0xFB, 0x59, 0x01, 0xAE, 0x71, 0x77, 0x9C, 0x1D, 0x5B, 0xBE,
    0x42, 0xF1, 0xE8, 0xF1, 0xCB, 0x34, 0x35, 0x07, 0x0E, 0x16, 0x89, 0xF2, 0x3F, 0x16, 0xFB, 0x33,
    0x2D, 0x53, 0x29, 0x3F, 0xBD, 0x7A, 0x09, 0xF3, 0xC6, 0xFB, 0x7C, 0xE1, 0xC6, 0xAB, 0x9B, 0x29,
    0xF3, 0x4D, 0x2F, 0x61, 0x72, 0xB1, 0x7E, 0xD7, 0xD2, 0x9B, 0x71, 0xC4, 0xDC, 0xD1, 0xEE, 0xE3,
    0xFB, 0x1D, 0xA7, 0xBF, 0x27, 0x66, 0xFB, 0x17, 0xC3, 0xFB, 0xE3, 0x0F, 0x76, 0xE6, 0xE5, 0x1F,
    0x6B, 0xD7, 0x7D, 0x3F, 0x81, 0x98, 0x81, 0xFB, 0xF0, 0xB4, 0xA4, 0xDC, 0xCB, 0x8D, 0x35, 0xEB,
    0x95, 0xD8, 0xCC, 0x96, 0x30, 0x4C, 0x8E, 0xE3, 0x15, 0x4E, 0xC2, 0x67, 0xF5, 0x17, 0x62, 0xE5,
    0x72, 0xCA, 0x83, 0x98, 0x33, 0xA6, 0xF7, 0x33, 0x56, 0xBB, 0xDB, 0x63, 0x07, 0xD4, 0x8E, 0xB9,
    0xA3, 0xDD, 0xE1, 0xA3, 0x96, 0xB6, 0xB5, 0xDE, 0xEA, 0xC5, 0x3D, 0x20, 0xFF, 0x73, 0xEC, 0x4D,
    0x2F, 0x30, 0x16, 0x60, 0x6F, 0x96, 0x9B, 0xE7, 0x7D, 0x0B, 0xFB, 0x3A, 0xBD, 0x86, 0x4D, 0xBC,
    0xF1, 0xE6, 0xE0, 0x9B, 0xF8, 0xFF, 0xBF, 0xEC, 0x3B, 0x83, 0x6B, 0x1C, 0xDC, 0x33, 0xA3, 0xE5,
    0x44, 0xDA, 0xF6, 0x21, 0xE1, 0x3F, 0x0C, 0x38, 0x72, 0x60, 0x2F, 0x81, 0xAD, 0x39, 0xEC, 0xB7,
    0x9B, 0x98, 0x9F, 0xF8, 0x28, 0xE2, 0xD1, 0x3D, 0x3B, 0x80, 0xF5, 0xE2, 0xE0, 0xB9, 0x2F, 0xFF,
    0x60, 0x4B, 0x68, 0x5D, 0x4E, 0x1D, 0xF1, 0xBD, 0x64, 0x10, 0x99, 0x12, 0x56, 0x9B, 0xF7, 0xE7,
    0xC6, 0x56, 0x96, 0x5B, 0xBD, 0xC6, 0x77, 0xEC, 0x12, 0x86, 0xC9, 0x71, 0x24, 0xBE, 0xE6, 0x6D,
    0xCE, 0x85, 0x58, 0x6D, 0xC4, 0x12, 0x4C, 0x0C, 0x72, 0x3C, 0x9E, 0xB0, 0x9D, 0xE1, 0x1A, 0x83,
    0x63, 0xE5, 0x68, 0xFD, 0x53, 0x71, 0xF5, 0x33, 0x80, 0xF2, 0xF9, 0x8B, 0x99, 0x73, 0xFE, 0x68,
    0x77, 0xEC, 0x4F, 0xF6, 0x6D, 0xE9, 0xA3, 0x9F, 0xE5, 0x89, 0xF3, 0xDF, 0x93, 0x7D, 0x79, 0x33,
    0xCD, 0x5F, 0xE3, 0x31, 0x06, 0x50, 0x1A, 0xEB, 0xEE, 0x9E, 0x47, 0x0B, 0x07, 0xEB, 0x14, 0x20,
    0x66, 0x68, 0xD1, 0xF1, 0xF9, 0x44, 0x4F, 0x26, 0x2F, 0x63, 0xFF, 0x56, 0xB0, 0x1A, 0xC2, 0xDC,
    0xCF, 0x61, 0xAE, 0x06, 0x7B, 0xF6, 0x69, 0xA6, 0x37, 0xFF, 0x9A, 0x05, 0x25, 0x6F, 0x67, 0x0C,
    0x64, 0xFE, 0xFB, 0xF6, 0x07, 0xDD, 0x57, 0x7A, 0x9C, 0xD1, 0xEA, 0x49, 0xF1, 0xF0, 0x5F, 0x7E,
    0x35, 0x58, 0xFC, 0x29, 0xAB, 0xFE, 0xF2, 0x7A, 0x99, 0x98, 0x83, 0x58, 0x6D, 0xC4, 0x30, 0x13,
    0x31, 0xFA, 0x8A, 0xCD, 0x75, 0x9B, 0xB1, 0xCF, 0xC7, 0x29, 0x22, 0x43, 0x0C, 0x7F, 0xE5, 0xB6,
    0xFD, 0xCD, 0xC1, 0x7B, 0xFB, 0x95, 0x88, 0xC9, 0x71, 0x71, 0xDC, 0x8D, 0x57, 0xFD, 0xC9, 0xF4,
    0x07, 0x18, 0x79, 0x57, 0xBF, 0x10, 0xEB, 0x8D, 0x58, 0x80, 0x98, 0x61, 0x70, 0x2D, 0x13, 0xB1,
    0x59, 0xA4, 0xFD, 0x3A, 0xA2, 0x86, 0xDF, 0x9A, 0xAC, 0x79, 0xAB, 0x7F, 0xB3, 0x35, 0xBB, 0x55,
    0x18, 0x4B, 0x0C, 0xB4, 0xE9, 0x7E, 0xF0, 0x75, 0xEC, 0x0E, 0x7F, 0xE7, 0xA1, 0x7E, 0x06, 0x0E,
    0x16, 0xB8, 0xD8, 0x62, 0x40, 0xFC, 0x4C, 0x18, 0xAD, 0xE7, 0xE0, 0x9D, 0x69, 0xF6, 0xC1, 0xE7,
    0x05, 0x5A, 0xBE, 0xC7, 0x25, 0x34, 0x3B, 0x58, 0x48, 0x3F, 0x7A, 0x8B, 0x85, 0x7C, 0x67, 0x6F,
    0x7E, 0x9D, 0x0A, 0x6C, 0xE9, 0x2B, 0x47, 0xF7, 0xF8, 0xEB, 0x1F, 0xDD, 0x71, 0x1D, 0x8B, 0xBF,
    0x0E, 0xB0, 0x3A, 0xBD, 0xED, 0xE0, 0xE9, 0xCD, 0xE3, 0x19, 0x8B, 0x27, 0x13, 0x8D, 0xEF, 0x76,
    0xF1, 0xA8, 0xD6, 0xB4, 0x99, 0xA3, 0x17, 0x30, 0x68, 0xB1, 0xAF, 0x59, 0x9F, 0xD0, 0x48, 0x1A,
    0x5E, 0x4D, 0xAA, 0x12, 0x6F, 0x88, 0xB7, 0x47, 0x61, 0x51, 0xB4, 0x14, 0x45, 0xB5, 0xD1, 0x88,
    0x64, 0x92, 0x0C, 0x8C, 0xE6, 0x26, 0x8F, 0xA2, 0x7D, 0xE6, 0xD1, 0xDD, 0x94, 0x33, 0x29, 0x7F,
    0x4A, 0xB9, 0x54, 0xCC, 0xAB, 0x1A, 0xC7, 0x6A, 0x79, 0xB3, 0xCC, 0xAC, 0x5E, 0x90, 0xEE, 0xED,
    0xA7, 0x98, 0xF3, 0x1D, 0x56, 0xA3, 0x55, 0x2E, 0x48, 0x5C, 0x95, 0x23, 0x2A, 0x5F, 0xFC, 0x9C,
    0x73, 0x03, 0x17, 0xED, 0xA7, 0x96, 0xAD, 0x4C, 0xD9, 0x06, 0x88, 0x67, 0x3C, 0x59, 0x11, 0x33,
    0x92, 0xF2, 0x48, 0x99, 0x8A, 0x67, 0x2D, 0x29, 0x83, 0x99, 0x5E, 0x9F, 0xF1, 0xA4, 0xDC, 0x28,
    0x65, 0x4B, 0xCA, 0x9C, 0x94, 0x45, 0x29, 0xA3, 0x3A, 0xC9, 0x89, 0x0D, 0x51, 0x59, 0x97, 0x32,
    0xB0, 0xCF, 0x97, 0xBD, 0xF1, 0x55, 0xDF, 0x5E, 0x19, 0xC5, 0xC2, 0x2E, 0xC2, 0x4F, 0xEC, 0x4F,
    0xDE, 0x4A, 0x56, 0x71, 0x87, 0x7F, 0xF7, 0x58, 0x18, 0xE8, 0xBC, 0xAE, 0x02, 0xFC, 0xF9, 0xE0,
    0xAE, 0xA5, 0x5B, 0xE2, 0x4F, 0x80, 0x1D, 0xFC, 0x9F, 0x8C, 0xA1, 0x86, 0x99, 0x73, 0x8D, 0x4F,
    0xB0, 0x64, 0x4B, 0xCF, 0xBC, 0xCD, 0xEE, 0x3C, 0xD8, 0x2A, 0xDF, 0x8D, 0x22, 0x68, 0xCB, 0xA1,
    0x72, 0x98, 0xBF, 0xCD, 0x10, 0xF8, 0x7E, 0xCB, 0xB7, 0x3B, 0xA8, 0x08, 0xD4, 0xD1, 0x73, 0x08,
    0xBF, 0xC0, 0xD1, 0xDA, 0xBB, 0x23, 0x25, 0x7F, 0x06, 0x00, 0xB6, 0x2B, 0xE0, 0x85, 0x2F, 0x02,
    0x8D, 0xC3, 0x44, 0xA0, 0xD5, 0xB5, 0x1B, 0x7C, 0xD8, 0xEF, 0xB0, 0x6D, 0x47, 0xCC, 0xCA, 0x09,
    0x3E, 0xD5, 0x86, 0x91, 0x75, 0xDF, 0x06, 0x36, 0xC2, 0xC9, 0x71, 0xB6, 0x84, 0xF5, 0x4A, 0x2C,
    0x77, 0x62, 0x81, 0x07, 0xEE, 0x95, 0xC2, 0x13, 0x28, 0x61, 0xED, 0x78, 0xEA, 0xF1, 0xC3, 0x38,
    0xA3, 0x38, 0x65, 0x70, 0xC7, 0x67, 0x47, 0xFC, 0x2D, 0x30, 0x89, 0x87, 0xCF, 0xFC, 0xFE, 0x66,
    0x37, 0xAF, 0x6B, 0x23, 0xDC, 0x17, 0x6E, 0xEA, 0x45, 0xE7, 0xCD, 0xD3, 0x5E, 0x38, 0x73, 0x5D,
    0x0D, 0x5C, 0x5E, 0xD6, 0x2E, 0x38, 0x87, 0x34, 0x6F, 0xB5, 0x52, 0xDB, 0xB0, 0x85, 0x76, 0x60,
    0x33, 0xD4, 0x8B, 0x53, 0x98, 0xD3, 0xAB, 0xFA, 0x69, 0xDF, 0xBB, 0xA7, 0x90, 0xB4, 0xD5, 0x5D,
    0x5F, 0x6C, 0x5E, 0xA5, 0xB7, 0xE6, 0xAB, 0x89, 0x9C, 0x7E, 0x42, 0x3D, 0xE9, 0xD1, 0x9C, 0xFD,
    0x53, 0xAE, 0x8A, 0xA3, 0x7E, 0x60, 0xE5, 0xB0, 0xD2, 0x3C, 0xEA, 0xEE, 0xB9, 0x42, 0xB7, 0xDC,
    0xB2, 0xF0, 0x1F, 0xC1, 0xB0, 0xA5, 0x27, 0x8F, 0x44, 0x36, 0xEA, 0x8C, 0x43, 0x27, 0xDA, 0x6C,
    0x87, 0x79, 0xA5, 0x2E, 0xDB, 0x60, 0xBC, 0x11, 0x43, 0xBE, 0xF4, 0x6D, 0xB9, 0x52, 0x64, 0x31,
    0x87, 0xAE, 0xA4, 0xAA, 0xB1, 0xF4, 0xFF, 0xA3, 0x05, 0x95, 0x56, 0x53, 0x33, 0xEA, 0xB7, 0xF6,
    0xF5, 0xC8, 0x32, 0xD3, 0xD9, 0x66, 0x28, 0xE7, 0x30, 0xF8, 0x43, 0x48, 0xA7, 0xD7, 0x4D, 0xF2,
    0xAD, 0x6F, 0xF3, 0x95, 0x8E, 0xA1, 0x06, 0x1E, 0x26, 0xAD, 0xA0, 0x7B, 0x68, 0x89, 0xB6, 0x93,
    0x8D, 0xA8, 0x52, 0x4F, 0x95, 0x29, 0x33, 0x76, 0x57, 0xC5, 0xD6, 0x9A, 0x55, 0xEA, 0xA4, 0xC2,
    0x97, 0xE3, 0xD8, 0x2D, 0xCC, 0x29, 0xF4, 0xC0, 0x31, 0xA9, 0x23, 0x96, 0x0C, 0x72, 0x3D, 0x9D,
    0x57, 0x1C, 0xD5, 0x9A, 0x7C, 0x9E, 0x9C, 0x1D, 0xD0, 0x5E, 0x7B, 0x39, 0xFE, 0x2B, 0xA0, 0x53,
    0xCD, 0x49, 0xF7, 0x2D, 0xDE, 0x81, 0x95, 0xB6, 0xD3, 0x0B, 0x98, 0xFA, 0xB8, 0x8B, 0xFD, 0xAF,
    0xAD, 0x0A, 0x6D, 0xFD, 0xD7, 0xAB, 0x15, 0x0A, 0x1F, 0xEA, 0xCC, 0x2F, 0x96, 0xAE, 0x0C, 0x35,
    0xF1, 0xA8, 0x16, 0xB6, 0x40, 0xBF, 0x29, 0x27, 0x96, 0xAB, 0x87, 0xDA, 0x92, 0x31, 0xD2, 0x66,
    0x97, 0x32, 0x9F, 0x14, 0x67, 0x0A, 0xB3, 0x7E, 0xE0, 0x5F, 0x60, 0x90, 0x51, 0x1E, 0x5A, 0xAF,
    0xC0, 0x1B, 0xCF, 0x07, 0x85, 0x64, 0x3B, 0x05, 0xE6, 0x1B, 0x55, 0x14, 0x2B, 0x7D, 0x5A, 0xD2,
    0x62, 0xFC, 0xED, 0x9C, 0xFE, 0x93, 0x65, 0x83, 0xD1, 0x9B, 0x37, 0xA4, 0xBD, 0x7A, 0x36, 0x23,
    0xED, 0x85, 0x3D, 0xFB, 0xA1, 0x56, 0x95, 0x9E, 0xDA, 0xBF, 0xFD, 0x82, 0xD5, 0x03, 0xE0, 0x52,
    0x58, 0x05, 0xE0, 0xC5, 0x7B, 0xBF, 0x47, 0xFB, 0x21, 0xD7, 0xE8, 0x0A, 0x5C, 0x84, 0xBA, 0x72,
    0x4E, 0x7B, 0xA8, 0xB9, 0x2E, 0x1E, 0x71, 0x2F, 0xF6, 0xF2, 0x62, 0x26, 0xA3, 0xD2, 0x8F, 0x41,
    0xE9, 0x62, 0x22, 0xC6, 0x97, 0x7E, 0xC0, 0x54, 0x3C, 0xDF, 0x67, 0xF0, 0x34, 0xE7, 0x1A, 0xCD,
    0xEE, 0x18, 0x13, 0x8B, 0x15, 0x7C, 0xD8, 0xC3, 0x62, 0xCD, 0xAE, 0x26, 0x85, 0xE1, 0xCD, 0x8E,
    0x7E, 0x88, 0xE9, 0xBA, 0x4C, 0xC3, 0xA6, 0xE9, 0x1A, 0x1C, 0x5B, 0x87, 0x7C, 0x78, 0xD6, 0xD2,
    0xC0, 0xBA, 0x6F, 0x28, 0x7F, 0x54, 0x1B, 0x69, 0x5B, 0x15, 0x6D, 0xF5, 0x54, 0xE4, 0x6E, 0x69,
    0x86, 0xB7, 0xFB, 0xED, 0x1F, 0x34, 0x2B, 0xF4, 0xDC, 0x18, 0xF3, 0x00, 0xF6, 0x09, 0x55, 0x83,
    0xAC, 0xFA, 0x8C, 0x47, 0xC9, 0xE3, 0xE2, 0x7F, 0xB4, 0xD0, 0xCA, 0x33, 0x61, 0x25, 0xFB, 0xB6,
    0x0D, 0x53, 0x09, 0x85, 0xB8, 0xEA, 0x56, 0x6F, 0x70, 0x68, 0xC0, 0xD3, 0x36, 0xDA, 0x28, 0x5B,
    0x77, 0x33, 0xDA, 0xEE, 0xBE, 0xFB, 0x0B, 0x9F, 0x40, 0xFA, 0x12, 0x18, 0x4F, 0x47, 0x0D, 0xEC,
    0xF9, 0xD6, 0x8C, 0x01, 0x58, 0x03, 0xF7, 0xF9, 0x66, 0x30, 0x74, 0x87, 0xDF, 0xF7, 0x9D, 0xF8,
    0xFF, 0x06, 0xCC, 0x56, 0x21, 0x90, 0xEC, 0x44, 0x1B, 0xEC, 0x4D, 0xAA, 0x76, 0xDF, 0xFF, 0x47,
    0x0C, 0x0A, 0xC1, 0xAB, 0x22, 0x1A, 0x15, 0x8D, 0x9A, 0x14, 0xDE, 0x3B, 0xAA, 0x90, 0x18, 0xEA,
    0xF0, 0x26, 0xEB, 0xD5, 0x09, 0x7C, 0x21, 0xF0, 0x0A, 0xFD, 0x26, 0x28, 0x6C, 0xFC, 0x33, 0xA9,
    0xE2, 0x0C, 0x6E, 0x44, 0x44, 0x0E, 0x36, 0xF9, 0x48, 0x7F, 0x5D, 0x2F, 0xEC, 0xD5, 0xBD, 0xAB,
    0x77, 0x70, 0x50, 0xC5, 0xE6, 0xD2, 0xD3, 0x49, 0xBE, 0xE9, 0x99, 0xE9, 0xEB, 0xEC, 0x6C, 0x35,
    0xC6, 0xB9, 0xBB, 0xF0, 0x88, 0x73, 0x35, 0x62, 0xFF, 0x54, 0x43, 0x35, 0x06, 0x1E, 0x39, 0xE4,
    0x5A, 0xC7, 0xD4, 0x3C, 0x79, 0x00, 0x21, 0xE3, 0x43, 0x70, 0x63, 0xB7, 0x38, 0x99, 0x2D, 0x88,
    0x66, 0x17, 0xD8, 0x06, 0xA5, 0xDD, 0xE1, 0xEB, 0xCA, 0x5A, 0x20, 0x5C, 0x00, 0x50, 0x07, 0x91,
    0xA5, 0xDD, 0x48, 0x18, 0x00, 0x24, 0x87, 0xFE, 0x21, 0x0C, 0x2A, 0x51, 0xB1, 0xBA, 0xD5, 0x14,
    0x08, 0x94, 0x2A, 0x6D, 0xC2, 0x97, 0x07, 0x33, 0x5B, 0xD1, 0x6D, 0x88, 0x8A, 0x80, 0x1B, 0xFB,
    0xE1, 0x59, 0x93, 0x2C, 0xD2, 0x3D, 0x75, 0xCD, 0x32, 0xA8, 0x31, 0xA2, 0xDC, 0x70, 0x40, 0xB0,
    0xF3, 0xB1, 0xD7, 0x20, 0x1A, 0x8F, 0x43, 0x13, 0x47, 0xC7, 0x81, 0xD8, 0x7D, 0x18, 0x8D, 0xAB,
    0x7E, 0x8C, 0xEF, 0xAD, 0xEF, 0xB1, 0x63, 0x7A, 0x84, 0x26, 0x3C, 0xEF, 0x78, 0x70, 0x21, 0x61,
    0x71, 0x85, 0x47, 0x56, 0x7C, 0x55, 0x9F, 0x81, 0x62, 0xEE, 0xC6, 0x9B, 0xFB, 0x6A, 0x8D, 0xBC,
    0xBF, 0x04, 0xE2, 0x54, 0xDA, 0x58, 0xD9, 0x70, 0xB0, 0x16, 0xD6, 0x16, 0x0B, 0x10, 0xFB, 0xF2,
    0x02, 0x34, 0xC3, 0x69, 0x02, 0xEA, 0x91, 0x18, 0xC6, 0x2A, 0x13, 0xC5, 0x75, 0x5F, 0x35, 0xA5,
    0xD7, 0xAB, 0xAF, 0xEB, 0xF4, 0xD2, 0x94, 0x7E, 0x97, 0x39, 0x96, 0xC6, 0xD5, 0x1C, 0x22, 0x6D,
    0x0B, 0x17, 0xF7, 0xB0, 0x9E, 0xC3, 0xE2, 0x1E, 0x9E, 0xCC, 0x17, 0x5C, 0x58, 0xCB, 0x35, 0xF1,
    0x8F, 0x34, 0x0D, 0x28, 0xCD, 0x2D, 0xAE, 0x16, 0xA0, 0x9E, 0x10, 0x66, 0x76, 0x45, 0x93, 0x81,
    0xD3, 0xEA, 0xA6, 0x97, 0xD6, 0xBA, 0x07, 0xF6, 0x13, 0xBB, 0x22, 0xFD, 0x62, 0xA0, 0xA0, 0x51,
    0x1D, 0xB5, 0xCD, 0x6C, 0x82, 0x65, 0xC8, 0x18, 0x3B, 0xBF, 0xB7, 0x01, 0xC0, 0xDE, 0x4F, 0x37,
    0x2F, 0xEE, 0x1E, 0xFB, 0xE7, 0x1C, 0x78, 0xFC, 0x79, 0x6E, 0xCF, 0xC2, 0x7E, 0x6B, 0x81, 0xC6,
    0x43, 0x64, 0xC4, 0xD2, 0xF1, 0xB4, 0x4D, 0xF2, 0x47, 0xBD, 0x55, 0x08, 0xD3, 0x15, 0xD2, 0x18,
    0xDD, 0x67, 0x0D, 0x03, 0x6F, 0x0C, 0x3C, 0x92, 0x8D, 0x5A, 0x2C, 0x50, 0x79, 0xEE, 0xEB, 0xF9,
    0xB5, 0xCD, 0xB4, 0xBA, 0x5B, 0x98, 0xC2, 0xCA, 0x90, 0xCE, 0xFC, 0xE7, 0x70, 0x55, 0x1B, 0x9E,
    0x89, 0xA9, 0x27, 0xF2, 0x4D, 0x34, 0xC4, 0x19, 0x85, 0xA1, 0xB6, 0xDB, 0xD3, 0x82, 0xCA, 0xD6,
    0x7A, 0xA6, 0x1A, 0x45, 0x6B, 0x77, 0xEA, 0x90, 0xAC, 0xF7, 0x31, 0xB3, 0xC7, 0xFA, 0x6A, 0x1A,
    0xE5, 0xF2, 0x00, 0x3F, 0x02, 0xAA, 0x0B, 0xE2, 0x2D, 0xBA, 0x0D, 0x99, 0x27, 0xA4, 0x0D, 0x07,
    0xBD, 0xCB, 0x94, 0xF9, 0x1E, 0xA8, 0x86, 0xC3, 0x8C, 0x98, 0x19, 0x85, 0xA9, 0x32, 0x01, 0x2F,
    0xF5, 0x00, 0x7A, 0xDB, 0x01, 0x2D, 0xE5, 0x4C, 0x42, 0x8D, 0xD9, 0xC7, 0xBF, 0xDB, 0x1E, 0x32,
    0x22, 0x0B, 0x97, 0xDB, 0xEB, 0x6D, 0x63, 0xB0, 0x18, 0x64, 0x0E, 0xCD, 0x39, 0x1C, 0x6D, 0x2C,
    0x36, 0xB1, 0x99, 0x83, 0xC2, 0x10, 0xB2, 0x1B, 0x13, 0xCF, 0xF5, 0xB0, 0x8D, 0xF1, 0x0D, 0x9A,
    0xCD, 0x78, 0xB7, 0xB3, 0x1E, 0xE3, 0xB9, 0x61, 0xFF, 0x90, 0xBB, 0x36, 0xF6, 0xEC, 0x9F, 0x13,
    0x3A, 0x8E, 0x78, 0x22, 0x69, 0x49, 0xA6, 0x84, 0x84, 0x6B, 0x52, 0x3E, 0xB8, 0xA3, 0x9A, 0xBD,
    0xD7, 0xAE, 0xB3, 0x2B, 0xEF, 0x63, 0xD5, 0x43, 0xB5, 0xE2, 0x53, 0x34, 0x7D, 0xC8, 0x85, 0xE6,
    0xB3, 0xCF, 0xD0, 0xE7, 0x7C, 0x57, 0xAC, 0xFB, 0x2A, 0xF6, 0x75, 0x5D, 0xAD, 0x54, 0x6B, 0xBF,
    0x76, 0x63, 0xF7, 0x47, 0x8E, 0xD1, 0xDE, 0x95, 0x01, 0x1A, 0xB7, 0x73, 0x3E, 0xB4, 0xA7, 0x0B,
    0x70, 0x58, 0x01, 0xF0, 0x4C, 0x5B, 0x89, 0x31, 0x5C, 0xC1, 0xCC, 0x9A, 0x09, 0x29, 0xF6, 0xDB,
    0xD9, 0xEA, 0x24, 0xE7, 0xBD, 0x60, 0xAA, 0xD9, 0x6A, 0x7F, 0x05, 0x06, 0xFC, 0x1F, 0x28, 0x2E,
    0xA8, 0x07, 0x6C, 0x52, 0x71, 0x64, 0xFA, 0x52, 0x8F, 0x26, 0x73, 0x96, 0xDD, 0x50, 0x1A, 0x60,
    0x7D, 0xB5, 0xF0, 0x5D, 0xAE, 0x67, 0x7F, 0xB1, 0x33, 0x33, 0x91, 0x46, 0xC4, 0x99, 0x33, 0xEE,
    0x72, 0x69, 0x67, 0x88, 0xEB, 0xBE, 0x6A, 0x54, 0xAF, 0xBE, 0xD2, 0x91, 0xA6, 0xF4, 0x35, 0x96,
    0xC6, 0xD5, 0x1C, 0x18, 0x1D, 0x5B, 0x1F, 0x23, 0xB8, 0xE2, 0x7F, 0x0C, 0x93, 0xD9, 0xF9, 0xFA,
    0x7C, 0x79, 0x0C, 0x01, 0x78, 0x0C, 0x8F, 0xB6, 0xB6, 0x1E, 0xC3, 0xCA, 0x6C, 0xF2, 0x18, 0x6E,
    0x64, 0xF5, 0x18, 0x56, 0xF9, 0x68, 0x1E, 0xC3, 0x2A, 0xA3, 0x3B, 0x33, 0x86, 0x1B, 0xE1, 0x55,
    0x82, 0x93, 0x13, 0x09, 0x1F, 0x31, 0x62, 0x5E, 0x4C, 0xE2, 0xDD, 0x4B, 0x91, 0xE9, 0xDD, 0x9D,
    0x41, 0x24, 0xD7, 0x19, 0x27, 0xD7, 0x39, 0xCD, 0xDB, 0x15, 0xB5, 0x8A, 0xC5, 0x63, 0xB8, 0xE9,
    0x98, 0x62, 0x48, 0x41, 0xC6, 0x70, 0x23, 0xCD, 0xC0, 0x18, 0x6E, 0x24, 0x64, 0xDB, 0xE7, 0xFC,
    0xC2, 0x18, 0xF2, 0xC1, 0x7C, 0x7D, 0xA2, 0xBB, 0xC3, 0xC9, 0x0C, 0xB5, 0x59, 0x1F, 0x87, 0x66,
    0xE4, 0xEC, 0x12, 0xCA, 0xFC, 0x06, 0xE5, 0xC4, 0x96, 0xD7, 0xBC, 0xCF, 0xE7, 0xAC, 0x63, 0xBD,
    0xF6, 0xF3, 0xBF, 0x87, 0x4F, 0x05, 0xE6, 0x05, 0x9A, 0x57, 0x9F, 0xA7, 0xF5, 0x0F, 0x69, 0x42,
    0x30, 0x6B, 0x23, 0xD7, 0x79, 0x1B, 0x87, 0x57, 0x08, 0xA3, 0x7A, 0xB3, 0x6D, 0x7A, 0xE8, 0x3B,
    0x58, 0xDF, 0x9C, 0xDC, 0x05, 0xED, 0xEC, 0x9E, 0x57, 0x13, 0x54, 0x61, 0x36, 0xBF, 0x3B, 0x0F,
    0xE9, 0x8E, 0xD7, 0x3C, 0xFB, 0xD0, 0x76, 0x03, 0x10, 0x74, 0xA2, 0xEB, 0x91, 0x0C, 0x48, 0x0B,
    0x8D, 0xA6, 0xA6, 0xC6, 0x00, 0x37, 0xF7, 0x72, 0xA2, 0xDA, 0xE7, 0x68, 0x72, 0x34, 0x1B, 0x3A,
    0xB3, 0xF6, 0x68, 0x77, 0xC0, 0xFF, 0x80, 0x9A, 0xAF, 0x2C, 0x6C, 0x28, 0xAD, 0xAD, 0x16, 0xD4,
    0x13, 0xAF, 0x62, 0x8B, 0x57, 0x3E, 0x09, 0xA4, 0xFE, 0x5F, 0xC4, 0xFE, 0x0A, 0x07, 0xC7, 0xEC,
    0x38, 0x3B, 0x5A, 0x7B, 0xB0, 0x0D, 0xCD, 0x76, 0xBC, 0x71, 0xFC, 0xC2, 0xD6, 0xEF, 0x40, 0x05,
    0xFC, 0x65, 0x04, 0x3E, 0x36, 0xBB, 0x6F, 0x71, 0xA4, 0xDE, 0x80, 0xC6, 0x9B, 0x83, 0x79, 0x73,
    0x32, 0x9A, 0x3A, 0x04, 0x35, 0x51, 0x4D, 0xA7, 0x26, 0x3D, 0x68, 0x6C, 0x6F, 0x1E, 0x3F, 0xEB,
    0x1E, 0x74, 0xAF, 0x1F, 0x68, 0x96, 0x6A, 0x90, 0xD4, 0x54, 0x6A, 0xF0, 0x89, 0x1A, 0xFC, 0x47,
    0x9B, 0x6A, 0x6C, 0x2E, 0x71, 0xE1, 0xD1, 0x5C, 0xAA, 0x11, 0x11, 0x78, 0x03, 0x5C, 0x50, 0x98,
    0xBF, 0xF5, 0xCD, 0xB8, 0xFD, 0x45, 0x26, 0xAA, 0xBF, 0x59, 0x80, 0x32, 0xA3, 0xCE, 0x07, 0xCB,
    0xB5, 0xE5, 0xCE, 0x72, 0x7C, 0x9B, 0x3F, 0xAB, 0x32, 0x9E, 0xF3, 0xF7, 0x7A, 0x6D, 0x01, 0xB3,
    0x09, 0xA5, 0xD9, 0x82, 0x70, 0x5F, 0x58, 0xBB, 0x49, 0xFB, 0x2F, 0xA1, 0x7A, 0xE8, 0x5A, 0x84,
    0x31, 0x31, 0xCC, 0x06, 0x54, 0x57, 0xE0, 0xF7, 0xFC, 0xA9, 0xD7, 0x79, 0x0F, 0xEF, 0x4B, 0x15,
    0xE9, 0x51, 0x99, 0xDB, 0xD5, 0xB7, 0x40, 0x6A, 0x4B, 0x4F, 0x96, 0xFF, 0xC0, 0x1D, 0x0B, 0x03,
    0xD3, 0x6E, 0x67, 0x84, 0x0B, 0x33, 0xAF, 0x2D, 0xA8, 0x78, 0xB7, 0x05, 0x05, 0xBE, 0x45, 0x63,
    0x69, 0x40, 0x9C, 0x0A, 0x2E, 0xF4, 0x02, 0x1B, 0xC4, 0x75, 0x5F, 0x35, 0xAA, 0x57, 0x5F, 0xE9,
    0x48, 0x53, 0xFA, 0x1A, 0x4B, 0xE3, 0x6A, 0x0E, 0x28, 0xF3, 0xFE, 0xA3, 0xA8, 0x26, 0xE5, 0x5E,
    0x8C, 0x83, 0x91, 0xEA, 0xE7, 0x00, 0x29, 0x6D, 0x05, 0x3A, 0xA7, 0xB1, 0x27, 0xBC, 0x25, 0x4D,
    0x0C, 0x31, 0x1D, 0xC5, 0xC1, 0xC0, 0x0F, 0x69, 0xB9, 0xEE, 0x94, 0x5A, 0xA2, 0xD2, 0x12, 0x6D,
    0xF2, 0x4E, 0xE3, 0xB0, 0x53, 0xD7, 0x12, 0x95, 0x16, 0x69, 0xB1, 0xEE, 0x54, 0x5A, 0xA4, 0xD4,
    0x62, 0xC3, 0xB3, 0xA6, 0x88, 0x28, 0xB5, 0x4C, 0xD2, 0xA9, 0x47, 0x29, 0x0A, 0x6B, 0x51, 0xFD,
    0xEE, 0x94, 0x5A, 0xCD, 0xCF, 0x4E, 0x4B, 0xEE, 0x17, 0x27, 0xA7, 0x61, 0x06, 0x16, 0xA7, 0xD4,
    0x2A, 0x67, 0xA7, 0xD4, 0xAA, 0x46, 0xD1, 0xAE, 0x47, 0xDD, 0x3B, 0xA5, 0x56, 0xD4, 0x06, 0x52,
    0x18, 0x44, 0xA9, 0xB5, 0xD3, 0x6A, 0x66, 0x95, 0xD7, 0x06, 0x82, 0x68, 0x1C, 0x45, 0x5D, 0x4B,
    0x54, 0x5A, 0xA2, 0x28, 0xFF, 0xB4, 0x9A, 0xAC, 0x71, 0x37, 0x65, 0xB4, 0xDC, 0x97, 0x37, 0x32,
    0xDF, 0xE4, 0xBD, 0x5C, 0x96, 0xF5, 0x32, 0x46, 0x1E, 0x8B, 0x49, 0xE9, 0xDA, 0x61, 0xB2, 0xD4,
    0x3F, 0xF4, 0x57, 0xF6, 0x8A, 0xF9, 0x2A, 0xC4, 0x68, 0x88, 0x98, 0x44, 0x64, 0x2D, 0x6E, 0xEE,
    0x9D, 0x75, 0xDC, 0xF6, 0x7A, 0x32, 0x6B, 0x6B, 0xB3, 0x2C, 0x5F, 0xC3, 0xC8, 0x5A, 0x8A, 0x1C,
    0xFD, 0xCB, 0x5D, 0x4E, 0x30, 0x64, 0x12, 0xE1, 0x3D, 0xF9, 0x10, 0x76, 0x1B, 0x38, 0x31, 0xB9,
    0x20, 0x43, 0xA1, 0x35, 0x29, 0x8A, 0x8C, 0xBC, 0x44, 0xBA, 0x41, 0xBD, 0xB8, 0xD3, 0x2B, 0x87,
    0x1C, 0xC6, 0x45, 0xA4, 0x2B, 0x91, 0x60, 0xB6, 0x30, 0x84, 0x62, 0x12, 0x21, 0xE3, 0xE6, 0x24,
    0x2B, 0x7D, 0x8F, 0x92, 0x97, 0xA4, 0x3D, 0x54, 0xAE, 0x1D, 0x8B, 0xF5, 0xBC, 0x18, 0x64, 0xA7,
    0xA8, 0xFC, 0xD4, 0x48, 0xCA, 0x6C, 0x32, 0x4D, 0x9C, 0x74, 0x91, 0x16, 0x91, 0x62, 0x06, 0x38,
    0x1F, 0xB5, 0x0A, 0x4D, 0x5A, 0x5A, 0x3E, 0x4F, 0x69, 0xF9, 0xBE, 0x27, 0x5F, 0x7D, 0x33, 0x95,
    0x16, 0x77, 0x41, 0xFD, 0x7B, 0xC0, 0xCD, 0x90, 0x5A, 0xC5, 0x05, 0xDC, 0x13, 0x8B, 0xD5, 0xB7,
    0x60, 0x6E, 0x8D, 0x9E, 0x33, 0xEA, 0x29, 0xB3, 0xE6, 0x94, 0x5A, 0xC5, 0x1F, 0xED, 0x5C, 0x31,
    0xB0, 0xDE, 0x46, 0x11, 0x3E, 0x49, 0x33, 0x4F, 0x10, 0x85, 0x11, 0x15, 0x78, 0x62, 0x18, 0x51,
    0x50, 0xA4, 0x53, 0x0A, 0x6A, 0x4B, 0xA1, 0x2F, 0xE8, 0x53, 0x90, 0x1E, 0x66, 0xDC, 0xD0, 0x12,
    0xFD, 0x50, 0x50, 0xBB, 0xA0, 0x0F, 0x05, 0x7D, 0x1A, 0x4A, 0x88, 0x94, 0x34, 0x94, 0xA8, 0xA3,
    0x44, 0xC3, 0xBC, 0x86, 0x0A, 0x99, 0x11, 0x89, 0x9C, 0x9C, 0xF4, 0x31, 0xBB, 0xDF, 0xEA, 0xF4,
    0x22, 0xFB, 0x8F, 0x63, 0xF2, 0xEC, 0xC9, 0x7B, 0xF3, 0x34, 0xEF, 0xDF, 0x6F, 0xAD, 0xBB, 0xDB,
    0xBB, 0xDD, 0xBD, 0x93, 0x56, 0x2B, 0x9D, 0x57, 0xB2, 0x32, 0x67, 0x1F, 0x93, 0x95, 0x39, 0xFB,
    0x11, 0x59, 0x99, 0xB3, 0x6F, 0x0B, 0xAB, 0x26, 0x5E, 0x23, 0x6F, 0xF3, 0x3F, 0x9E, 0x85, 0x55,
    0x23, 0xA7, 0xA3, 0xB0, 0x2A, 0x2B, 0x07, 0x30, 0xD0, 0x57, 0xCA, 0x52, 0x16, 0x59, 0xF3, 0x96,
    0xD4, 0xA5, 0xE9, 0xC8, 0x26, 0x0B, 0x59, 0xCA, 0x22, 0x6B, 0x7E, 0x26, 0xDB, 0xD4, 0x96, 0x46,
    0x88, 0x21, 0xCE, 0xC3, 0x48, 0x8E, 0xE7, 0x58, 0x7A, 0xF6, 0xA8, 0x3A, 0x12, 0x3A, 0x81, 0xF6,
    0x66, 0xEA, 0x45, 0xBA, 0x0B, 0xA9, 0x9C, 0xB6, 0x17, 0x99, 0x27, 0x7D, 0x66, 0x57, 0x83, 0x59,
    0xD6, 0xA4, 0x3A, 0x64, 0x77, 0xF4, 0x9F, 0x93, 0x73, 0x75, 0xB5, 0xD6, 0xF7, 0xF5, 0x66, 0x38,
    0x64, 0x00, 0xF4, 0xA9, 0xAB, 0x77, 0xF7, 0xA1, 0x73, 0xE5, 0x47, 0xCE, 0x8E, 0x99, 0xA0, 0x0E,
    0x25, 0x83, 0xDA, 0x38, 0x74, 0x44, 0x76, 0x43, 0x9F, 0x1C, 0x6B, 0xBB, 0x65, 0x63, 0x7E, 0x72,
    0x56, 0xBF, 0xDC, 0x1B, 0x53, 0x6C, 0x95, 0x4B, 0x18, 0x53, 0x6D, 0x9D, 0xB5, 0x38, 0x91, 0x81,
    0xF5, 0x1A, 0xA1, 0x1D, 0x6C, 0x3C, 0xD6, 0x7D, 0xBA, 0x14, 0x76, 0x79, 0xF5, 0x26, 0x31, 0x9F,
    0x32, 0x4A, 0x2C, 0x47, 0x1B, 0x50, 0xA5, 0xF7, 0x08, 0xB5, 0x47, 0x44, 0x89, 0xE8, 0x4C, 0x0F,
    0x26, 0x42, 0xEC, 0xAA, 0x36, 0x50, 0x07, 0x6A, 0x96, 0x2E, 0xB6, 0x16, 0x73, 0xAF, 0x3F, 0xEA,
    0xA9, 0xA2, 0x99, 0x22, 0xD1, 0x81, 0xCA, 0x21, 0x82, 0x95, 0xA9, 0x19, 0x6E, 0xEB, 0x60, 0x41,
    0x86, 0x6B, 0x57, 0xD7, 0x06, 0xCC, 0x68, 0x1C, 0x54, 0x35, 0x51, 0x96, 0x2B, 0x67, 0x4A, 0x17,
    0x5A, 0xCC, 0xCA, 0x2C, 0x74, 0xAD, 0x4B, 0x61, 0x46, 0x4E, 0xC0, 0x54, 0x9C, 0x78, 0x5A, 0x61,
    0x73, 0x46, 0xDA, 0x13, 0xB9, 0xC6, 0x28, 0x97, 0xA8, 0x6A, 0xB1, 0x49, 0x6D, 0x75, 0x97, 0x63,
    0xDD, 0x9C, 0x55, 0x28, 0xEF, 0xDA, 0xDD, 0x74, 0xE7, 0x26, 0x25, 0x8C, 0x33, 0x0E, 0xC6, 0xAC,
    0x40, 0x0C, 0x16, 0x0B, 0x86, 0xCA, 0xE7, 0x8C, 0x95, 0xB2, 0x21, 0xF2, 0x9B, 0x73, 0xDE, 0xBD,
    0x6E, 0xEF, 0xDC, 0x79, 0x27, 0x5A, 0xDD, 0x77, 0xA8, 0x32, 0x2E, 0x2B, 0x55, 0xA7, 0xD0, 0x51,
    0x70, 0x40, 0x54, 0xB9, 0xF9, 0x29, 0x66, 0x65, 0x7E, 0xC0, 0x10, 0xFC, 0x70, 0x5C, 0xB3, 0x53,
    0xEE, 0x9C, 0xC2, 0xD4, 0x22, 0xD3, 0xFF, 0xA6, 0x57, 0x35, 0x67, 0x07, 0xC6, 0x8A, 0x58, 0xF9,
    0xE5, 0x3B, 0xE5, 0xCE, 0x29, 0x16, 0xDB, 0x68, 0xB7, 0x35, 0x19, 0x5F, 0x98, 0x7D, 0xC6, 0xA4,
    0x57, 0x26, 0x1E, 0x93, 0x21, 0x30, 0xA1, 0xC8, 0x2A, 0xE7, 0x5D, 0xB8, 0xE8, 0x9D, 0x63, 0x9A,
    0xA3, 0xE5, 0x1D, 0x5A, 0x93, 0x8C, 0xCA, 0x5C, 0xB0, 0x96, 0xE6, 0x02, 0x6F, 0x2E, 0xC8, 0xBF,
    0x8A, 0x0B, 0xBA, 0x5B, 0xE1, 0x02, 0xEB, 0x98, 0xCA, 0xB1, 0x4B, 0xF2, 0x11, 0x76, 0x3E, 0x09,
    0xBC, 0x8C, 0xDA, 0xDA, 0xA9, 0x16, 0xE4, 0x39, 0x1A, 0xF2, 0xB4, 0xCD, 0xCE, 0xE3, 0x44, 0x9E,
    0x86, 0x21, 0x4F, 0x93, 0x90, 0xA7, 0x31, 0xC8, 0xD3, 0x1E, 0x81, 0xAF, 0xFA, 0x9D, 0x47, 0x17,
    0xF8, 0x08, 0x34, 0xC9, 0x48, 0x13, 0x07, 0x3E, 0xF3, 0x3B, 0x5F, 0x4C, 0xC6, 0xD3, 0x4E, 0xA1,
    0x6D, 0xD3, 0x07, 0x5E, 0xD1, 0xF8, 0x18, 0x72, 0x90, 0x4F, 0xAE, 0xF0, 0xF9, 0x15, 0xBE, 0x08,
    0xBC, 0x79, 0x95, 0x3C, 0x7D, 0x6E, 0x3C, 0x3A, 0xF2, 0x8C, 0x8E, 0x02, 0x4F, 0x7F, 0x91, 0xCF,
    0xD5, 0x53, 0xF4, 0x68, 0xE1, 0x77, 0xBE, 0x9A, 0x76, 0xBE, 0x19, 0x77, 0x5E, 0xD3, 0xAA, 0x97,
    0x96, 0x66, 0x1D, 0xE8, 0xA2, 0x85, 0x83, 0xF4, 0x2E, 0xC7, 0xE4, 0xDE, 0x99, 0x39, 0xDB, 0x7F,
    0xE5, 0x30, 0xD1, 0x3C, 0xBD, 0xF6, 0xC9, 0xEE, 0x32, 0x38, 0xF6, 0xAA, 0xC0, 0x0E, 0x5D, 0x39,
    0x13, 0x26, 0x2A, 0x63, 0x30, 0x3E, 0x1F, 0x42, 0x03, 0x4A, 0x09, 0x32, 0xD9, 0x43, 0xE8, 0x2F,
    0x44, 0xF5, 0xB1, 0x2D, 0x3A, 0xB0, 0x45, 0x23, 0x53, 0xE8, 0x4D, 0x57, 0xE0, 0xD2, 0xDD, 0xF7,
    0x2E, 0x85, 0xAA, 0xE2, 0x6C, 0x6E, 0xDD, 0x07, 0xA4, 0x1A, 0x5F, 0x3E, 0x84, 0x10, 0x32, 0x1F,
    0xD8, 0x97, 0xA7, 0xF4, 0x6D, 0x6E, 0x2A, 0x8D, 0xC1, 0xAE, 0x56, 0x82, 0x67, 0x8F, 0xDA, 0xEE,
    0x67, 0xBC, 0x52, 0x70, 0x55, 0x2B, 0x65, 0x13, 0x1A, 0xA5, 0xD1, 0x3A, 0xC5, 0x95, 0x62, 0x5E,
    0xF0, 0x0F, 0xE1, 0x10, 0x97, 0x43, 0xFF, 0x0C, 0xAA, 0x5A, 0x7D, 0x2D, 0xAA, 0x3A, 0x3F, 0x4D,
    0x59, 0x7A, 0x3D, 0xF2, 0x31, 0x3F, 0x45, 0x45, 0xCB, 0x0B, 0xDA, 0xF5, 0xB4, 0xBF, 0x00, 0x6F,
    0x87, 0x70, 0x39, 0x48, 0x57, 0x5B, 0x90, 0xA1, 0xB0, 0xD4, 0x8A, 0xAF, 0xB9, 0xDB, 0x6F, 0x99,
    0x6F, 0x73, 0xA6, 0xD5, 0x61, 0x51, 0xC7, 0xD0, 0xB4, 0x0B, 0xF4, 0x3A, 0xFD, 0x09, 0x6A, 0x11,
    0x21, 0x53, 0xE7, 0x3D, 0x27, 0x37, 0x9E, 0x7B, 0x2E, 0xBE, 0xF5, 0x36, 0x79, 0xCF, 0x65, 0x9D,
    0x2C, 0x1A, 0xCD, 0x99, 0x76, 0xD5, 0x64, 0x94, 0x67, 0x58, 0xBA, 0x1F, 0xB7, 0xDD, 0x1A, 0xB1,
    0x73, 0x19, 0x73, 0xE1, 0xB3, 0xDC, 0x6F, 0x99, 0xFA, 0x95, 0x7F, 0x67, 0x03, 0x9F, 0x73, 0x29,
    0xE2, 0x15, 0xFD, 0xF1, 0xA5, 0x4E, 0x75, 0xF5, 0xA5, 0x8E, 0xFC, 0xAB, 0xAA, 0xA5, 0x24, 0xDC,
    0x4B, 0x5F, 0xCD, 0x9F, 0xAA, 0x9F, 0xF5, 0xBC, 0xA3, 0xB4, 0xDE, 0xC5, 0x80, 0xCB, 0x96, 0xB6,
    0x2B, 0xE5, 0xC3, 0xA3, 0x53, 0x3A, 0xBE, 0xE6, 0x5C, 0xE7, 0xF6, 0x51, 0x7D, 0x63, 0x7E, 0x65,
    0x9D, 0x8C, 0x4D, 0x9F, 0x7B, 0x8C, 0xC5, 0x22, 0x3F, 0xE1, 0xCB, 0x53, 0x78, 0xA8, 0x76, 0xDF,
    0xC4, 0x31, 0xBB, 0xEF, 0xB5, 0xFA, 0xD1, 0x08, 0x03, 0xB7, 0x27, 0x1B, 0x83, 0x7E, 0x63, 0x2C,
    0x51, 0x77, 0x01, 0xD4, 0xCA, 0xB8, 0x02, 0x3D, 0x99, 0x08, 0x23, 0x19, 0xD7, 0x78, 0x63, 0x8A,
    0xC5, 0x98, 0x0C, 0xCA, 0xF0, 0xCE, 0x6D, 0xCC, 0x89, 0x4C, 0x84, 0x8E, 0x8C, 0xBB, 0xC2, 0x54,
    0x50, 0xF9, 0xE8, 0xBF, 0x84, 0x61, 0x65, 0x32, 0x87, 0xE6, 0x07, 0xC9, 0xA1, 0xAF, 0xD0, 0x7B,
    0x86, 0xE3, 0x08, 0x1B, 0x7F, 0xD0, 0xC2, 0xF4, 0x32, 0x4D, 0xA9, 0xFB, 0xC1, 0x1A, 0xB4, 0x4F,
    0xB0, 0x98, 0x2B, 0xFB, 0xA8, 0x17, 0xC4, 0x9A, 0x4E, 0x16, 0xEA, 0x69, 0x7C, 0x6E, 0x81, 0x56,
    0x3E, 0xF0, 0x41, 0x24, 0x3E, 0xC5, 0xDE, 0x3D, 0xFF, 0x68, 0x4F, 0x0C, 0x6A, 0xDB, 0xDE, 0x70,
    0x32, 0xF4, 0x86, 0xD8, 0xB0, 0x33, 0x1C, 0x0C, 0x27, 0xE2, 0x3F, 0x3C, 0xF1, 0xAF, 0x20, 0x7E,
    0x8C, 0x93, 0x62, 0x87, 0x9E, 0x58, 0x4D, 0xC4, 0xC2, 0x13, 0xB3, 0x95, 0x98, 0xA0, 0x56, 0x74,
    0xE8, 0x88, 0xCD, 0x48, 0x2C, 0x67, 0x62, 0xEE, 0x89, 0x29, 0x88, 0x31, 0x7E, 0xAB, 0xE8, 0xF0,
    0x31, 0xB1, 0xFA, 0x0F, 0xB1, 0xFC, 0x84, 0x98, 0x83, 0x98, 0x18, 0xC6, 0x86, 0x6E, 0xC3, 0xC6,
    0xB0, 0x34, 0xCC, 0x0D, 0x53, 0xC3, 0xC4, 0x90, 0xB1, 0xD9, 0xB7, 0x9C, 0x1D, 0x0F, 0x36, 0x06,
    0xF5, 0xC6, 0xF4, 0x4F, 0xA5, 0x79, 0xFD, 0x31, 0xCD, 0xBB, 0xD7, 0xAE, 0x36, 0xE6, 0x75, 0x77,
    0xEE, 0x60, 0x78, 0x7C, 0xFC, 0x4E, 0x23, 0x44, 0xF2, 0x32, 0x87, 0xF4, 0xA3, 0x05, 0xD1, 0x7A,
    0x15, 0xCD, 0x46, 0x0B, 0x48, 0x1B, 0xB1, 0x6A, 0xCF, 0x39, 0xC6, 0x80, 0x35, 0x83, 0xFC, 0x71,
    0x1E, 0x32, 0xA0, 0x8D, 0x35, 0x4A, 0xE7, 0xA4, 0x2D, 0x67, 0x32, 0xBD, 0x05, 0xC0, 0xED, 0x60,
    0x2A, 0x34, 0xE3, 0x91, 0xA9, 0xCE, 0x30, 0x87, 0xCA, 0x9B, 0x9C, 0x20, 0x39, 0xF4, 0x15, 0x7A,
    0x0F, 0xE3, 0x09, 0x23, 0x0C, 0x63, 0x0E, 0x5A, 0x04, 0xBD, 0x82, 0xA6, 0xD4, 0xFD, 0xCC, 0x77,
    0x1A, 0xB4, 0x18, 0x8F, 0xF0, 0x6C, 0x36, 0x1A, 0x93, 0x85, 0x74, 0x86, 0x3F, 0xFA, 0x09, 0x9D,
    0xD5, 0xC5, 0xB1, 0x6E, 0xBA, 0x55, 0x71, 0xDD, 0x9D, 0x9B, 0x5E, 0x82, 0x9B, 0xC2, 0xEB, 0x93,
    0xB0, 0x52, 0x60, 0x4C, 0x8E, 0x90, 0x03, 0x19, 0xC9, 0xE0, 0x6F, 0xDE, 0x16, 0x53, 0x0C, 0x32,
    0x93, 0xFB, 0x90, 0x45, 0x8F, 0xDC, 0xBD, 0x3B, 0xEF, 0x5C, 0xBB, 0x77, 0x9A, 0x53, 0x52, 0xB3,
    0x9F, 0x39, 0x1F, 0xB6, 0x3A, 0x1D, 0x9D, 0x03, 0x68, 0x51, 0xF9, 0x51, 0xBB, 0x72, 0xA1, 0xE8,
    0xD7, 0x3E, 0xC7, 0xE3, 0xCE, 0x29, 0xD7, 0xED, 0x94, 0x78, 0x72, 0xEF, 0xD9, 0xBD, 0x25, 0x62,
    0x51, 0xBE, 0xC6, 0xE8, 0x02, 0x13, 0x8A, 0x42, 0xE5, 0x3B, 0xA7, 0xBC, 0x8A, 0xDB, 0x8D, 0x2B,
    0x9C, 0x73, 0x7F, 0x92, 0x17, 0xCF, 0xF1, 0xE2, 0xDA, 0x51, 0xE4, 0x97, 0x5E, 0xFE, 0x32, 0xC8,
    0x3F, 0x63, 0x7C, 0x2C, 0xD2, 0xDA, 0xCF, 0xA1, 0x91, 0x86, 0x57, 0x31, 0x8C, 0x0B, 0x3B, 0xE3,
    0xED, 0x3C, 0xEB, 0xB0, 0x3E, 0xDB, 0x52, 0x0E, 0x65, 0x52, 0x3E, 0xFB, 0xFA, 0xC2, 0x71, 0x6F,
    0xFB, 0x4C, 0xB1, 0xD9, 0x46, 0x88, 0x13, 0xC7, 0xFC, 0x29, 0x36, 0x2D, 0x96, 0x4D, 0xAF, 0xF9,
    0xE8, 0x41, 0xCC, 0xB4, 0x46, 0x02, 0xF3, 0x60, 0x06, 0xF3, 0x60, 0xF9, 0xB9, 0x79, 0xB0, 0xF9,
    0xA7, 0x79, 0x10, 0x1D, 0x3D, 0x98, 0xC0, 0x3C, 0x98, 0x79, 0xF3, 0x60, 0x39, 0x99, 0x53, 0x9A,
    0xC1, 0x18, 0x74, 0xEA, 0x2F, 0xA9, 0x4B, 0x26, 0xF3, 0x64, 0xA4, 0x2E, 0xEB, 0x34, 0x83, 0x30,
    0xE5, 0x24, 0x75, 0xD5, 0x83, 0x09, 0xCC, 0x83, 0x99, 0x37, 0x0F, 0x96, 0x93, 0x7A, 0x30, 0x85,
    0xD4, 0x4D, 0x70, 0x4A, 0x80, 0x4E, 0x3D, 0x18, 0x01, 0xE6, 0xC1, 0xD6, 0x1F, 0x3D, 0xD8, 0x6C,
    0x1E, 0x84, 0x1E, 0xD2, 0xD0, 0x3C, 0x98, 0x79, 0x7A, 0x50, 0x96, 0xC7, 0x2F, 0xE8, 0xC1, 0x77,
    0x77, 0x3B, 0x12, 0x7E, 0xAD, 0x34, 0x82, 0x41, 0x67, 0x13, 0x8D, 0x9E, 0x9E, 0xC3, 0xCB, 0x61,
    0xD6, 0x61, 0x61, 0x68, 0x7F, 0x38, 0xB4, 0x71, 0x39, 0x7D, 0xD3, 0x61, 0x6C, 0x05, 0xAA, 0xB1,
    0xE9, 0x09, 0xDC, 0xEF, 0x52, 0x4D, 0xE6, 0x0C, 0xF5, 0x40, 0x8E, 0xDA, 0x65, 0xA8, 0x53, 0x4C,
    0xF2, 0x45, 0x76, 0x04, 0xDA, 0xB3, 0x61, 0xFE, 0x56, 0xBF, 0xDE, 0xE5, 0x7E, 0x9A, 0xAB, 0x11,
    0x58, 0x32, 0x28, 0x64, 0x96, 0x99, 0x25, 0x88, 0x23, 0xF7, 0x24, 0xF2, 0x6A, 0x35, 0x08, 0x2C,
    0x8A, 0xB4, 0xE8, 0xCE, 0x90, 0x61, 0x72, 0x46, 0x36, 0xEB, 0x68, 0xAC, 0xC2, 0xF2, 0xBD, 0x18,
    0xA4, 0x08, 0xEF, 0xCF, 0x3A, 0x21, 0x93, 0x95, 0xAF, 0xCE, 0xFF, 0xC2, 0x80, 0xF5, 0x4D, 0x81,
    0x3B, 0x0B, 0x26, 0x83, 0x1A, 0x24, 0xF7, 0xFA, 0xE6, 0xA2, 0x58, 0x12, 0x74, 0x01, 0x78, 0x92,
    0x55, 0x9E, 0x75, 0xDC, 0xAD, 0xE2, 0x7B, 0x87, 0xE7, 0xDD, 0xF0, 0x62, 0x89, 0x98, 0x69, 0x6D,
    0xBB, 0x28, 0x86, 0xDC, 0x7A, 0xA8, 0xB6, 0x05, 0xE8, 0x4F, 0xCF, 0xC5, 0xFD, 0x82, 0x8A, 0xBE,
    0x9A, 0xAF, 0x44, 0x08, 0x09, 0x5C, 0xBE, 0x52, 0x72, 0xCA, 0x3D, 0x78, 0x52, 0xC4, 0x4B, 0xC7,
    0x96, 0xF0, 0x69, 0xE5, 0x27, 0xFC, 0xC4, 0x8B, 0x73, 0xE1, 0x5D, 0xA2, 0x75, 0x57, 0x2E, 0x90,
    0x14, 0xD2, 0x4C, 0x65, 0x96, 0xB3, 0xF5, 0x31, 0xB2, 0x47, 0xF4, 0x82, 0xD5, 0x13, 0x74, 0x5C,
    0x47, 0xA0, 0x1A, 0xE1, 0x85, 0xA0, 0x57, 0x8C, 0x30, 0x99, 0x1E, 0x03, 0xB1, 0xE9, 0x5F, 0x21,
    0xAA, 0x13, 0xBF, 0x1A, 0x00, 0xFF, 0x22, 0x60, 0x22, 0xA0, 0x26, 0x0C, 0x52, 0xE5, 0x3E, 0x66,
    0xAD, 0xD9, 0x78, 0x85, 0x1C, 0x0A, 0x29, 0x21, 0x41, 0x2D, 0x10, 0xE3, 0x24, 0x10, 0x11, 0xE2,
    0x00, 0xA1, 0x4A, 0x68, 0x90, 0x13, 0x9A, 0x25, 0x88, 0xB6, 0x8E, 0xF6, 0x6E, 0x27, 0x0E, 0xE9,
    0xC5, 0x74, 0x20, 0xB8, 0x0B, 0x26, 0xB5, 0x1A, 0xA0, 0xE7, 0x8B, 0x4B, 0xCF, 0x48, 0x66, 0x15,
    0x37, 0xD5, 0x85, 0x84, 0x10, 0xB3, 0x26, 0xD4, 0x1A, 0x46, 0x16, 0x6D, 0xAF, 0x80, 0x6E, 0x87,
    0x93, 0xFC, 0x45, 0xA8, 0x05, 0x92, 0x55, 0x4F, 0xE4, 0x5E, 0xA1, 0x1A, 0x59, 0xDC, 0x0B, 0xC4,
    0xA8, 0x05, 0xD2, 0xC5, 0x09, 0xE4, 0x9E, 0x30, 0x13, 0x3C, 0x01, 0x0A, 0x19, 0x06, 0x81, 0x04,
    0x14, 0xD6, 0xA2, 0x17, 0xC8, 0x30, 0x0B, 0xB8, 0x76, 0x55, 0xC8, 0x50, 0x0B, 0xC4, 0xF6, 0x46,
    0x18, 0x9D, 0x42, 0xBB, 0x43, 0x38, 0x19, 0x09, 0x3C, 0xA8, 0x33, 0xA9, 0x59, 0x01, 0x70, 0x0A,
    0x9E, 0x30, 0x38, 0x9C, 0x2E, 0xDA, 0xCF, 0xC2, 0xCD, 0x2F, 0xB5, 0x97, 0x79, 0x4A, 0x3D, 0x2F,
    0xFE, 0xE7, 0xDE, 0xF5, 0x29, 0x65, 0xB3, 0xE3, 0xC1, 0x18, 0x27, 0x01, 0x70, 0x52, 0x3A, 0x2A,
    0xF5, 0x2E, 0xFE, 0xBD, 0x78, 0xD2, 0xB9, 0x10, 0xA9, 0x53, 0x76, 0x4D, 0x6A, 0xB9, 0xAA, 0x0B,
    0x7C, 0x66, 0x9E, 0xAD, 0x53, 0x08, 0x2D, 0x94, 0x56, 0x6B, 0x1D, 0xA3, 0x6E, 0xC6, 0x7D, 0xB7,
    0x1D, 0x8C, 0x1E, 0xF6, 0xDF, 0xD5, 0xD5, 0x22, 0xD2, 0x4A, 0x6D, 0x95, 0x29, 0x8D, 0x94, 0xBA,
    0xFB, 0xB2, 0x0F, 0x22, 0x24, 0xD4, 0x1E, 0x84, 0x8B, 0xC6, 0xD9, 0xF7, 0x75, 0xD4, 0xFA, 0x43,
    0xBB, 0x28, 0xDD, 0x3C, 0x4D, 0xF9, 0x7A, 0xB2, 0xA0, 0xEF, 0x78, 0xDB, 0xE6, 0x9E, 0xAB, 0x55,
    0x4E, 0x3F, 0xC1, 0x49, 0x5C, 0x2A, 0xAA, 0x56, 0x2E, 0xEB, 0xC5, 0x2E, 0x71, 0x7D, 0xD3, 0x74,
    0xCC, 0x26, 0x09, 0x56, 0x2A, 0xBC, 0xBD, 0xED, 0xFA, 0x8C, 0x38, 0xC2, 0x59, 0x33, 0xDA, 0x7F,
    0x88, 0xE8, 0x3C, 0x1E, 0x37, 0xCF, 0x83, 0x0F, 0xD4, 0x2F, 0xE8, 0x4A, 0xBD, 0xE9, 0x54, 0x33,
    0x29, 0xCF, 0xB0, 0xF4, 0x26, 0x6B, 0xE7, 0x1E, 0x32, 0xD9, 0xEF, 0x65, 0x4E, 0x0E, 0x92, 0x36,
    0xC8, 0xBB, 0x52, 0xE8, 0xA9, 0x20, 0xE5, 0x19, 0x2B, 0x65, 0x4D, 0xB6, 0xBA, 0x61, 0x9A, 0x72,
    0x6C, 0xED, 0x13, 0x8E, 0xAF, 0xCE, 0x81, 0x5E, 0xB9, 0xBE, 0x01, 0x66, 0xE5, 0x1E, 0x03, 0x58,
    0x75, 0xAC, 0xC0, 0xA3, 0xC2, 0xD2, 0x05, 0x8B, 0x46, 0x21, 0xD2, 0x68, 0xB2, 0x54, 0x7F, 0x84,
    0x21, 0xAC, 0xE4, 0x6E, 0xCB, 0x26, 0x0B, 0x57, 0x8E, 0xAA, 0xC3, 0x49, 0xB9, 0x16, 0x3C, 0xC6,
    0x14, 0x1B, 0x57, 0x04, 0x8E, 0x3A, 0x6D, 0xA1, 0x90, 0x65, 0x5D, 0x3A, 0x4A, 0x21, 0x25, 0xD7,
    0x76, 0xEC, 0x89, 0x5C, 0x35, 0x6D, 0x2D, 0x2A, 0x7E, 0x26, 0x25, 0xDB, 0x6C, 0x71, 0xE9, 0x7E,
    0xEE, 0x82, 0x64, 0xDE, 0x38, 0xDB, 0x4D, 0xF7, 0xA1, 0x50, 0xFD, 0xDF, 0x90, 0x3B, 0xEC, 0x07,
    0xBA, 0x97, 0xB1, 0x94, 0xF8, 0x2E, 0x05, 0x56, 0x61, 0x85, 0xD2, 0x3F, 0x98, 0xDC, 0x2F, 0x19,
    0x76, 0xB9, 0x7C, 0x09, 0x71, 0x9D, 0xE9, 0x66, 0x74, 0xD0, 0xDE, 0x49, 0xFB, 0xA7, 0xE8, 0x70,
    0xAC, 0xCF, 0x00, 0x8C, 0xD2, 0x32, 0x95, 0x9C, 0x60, 0x76, 0x6F, 0x68, 0x8F, 0xB6, 0x31, 0x46,
    0x47, 0x82, 0xB0, 0xCF, 0x32, 0x1D, 0xF6, 0x6F, 0xAE, 0x8B, 0x65, 0xFF, 0xC8, 0xC5, 0x09, 0x8D,
    0x22, 0xA8, 0x08, 0x52, 0x06, 0x79, 0xC3, 0x9E, 0x4A, 0x9E, 0xAE, 0xEC, 0xDA, 0xB6, 0x46, 0xDD,
    0x3E, 0xEA, 0x3C, 0x14, 0x87, 0x94, 0xF3, 0x5B, 0x67, 0x92, 0x61, 0x6B, 0xAD, 0xA3, 0x9A, 0x74,
    0x84, 0xB4, 0x8F, 0xC4, 0x01, 0xC3, 0x05, 0xFA, 0x0C, 0x62, 0xFD, 0xDC, 0x4B, 0xD8, 0x5D, 0x4C,
    0x72, 0x97, 0x12, 0x4D, 0x33, 0x5F, 0x0D, 0x4A, 0xA5, 0xA6, 0x6F, 0x9E, 0xA2, 0x2F, 0x62, 0x9F,
    0xFF, 0xBA, 0xEF, 0x77, 0xDA, 0x63, 0xA7, 0xF6, 0xE9, 0x5D, 0xAA, 0xD4, 0xDD, 0xE7, 0x27, 0x44,
    0xB1, 0xD3, 0x26, 0x9D, 0x36, 0xB7, 0xB8, 0x96, 0xD3, 0x30, 0xA8, 0x9D, 0xFB, 0xBD, 0xB0, 0xD0,
    0x8A, 0x17, 0xEE, 0x06, 0x6A, 0xCA, 0x04, 0x41, 0xD8, 0x7B, 0xB5, 0xCD, 0x78, 0xEE, 0xA5, 0x5A,
    0xAB, 0x41, 0x5C, 0x2A, 0x05, 0x79, 0x1F, 0x4B, 0x4A, 0x8A, 0x0F, 0xCB, 0x37, 0x4A, 0xC7, 0xAC,
    0x8B, 0x66, 0x69, 0x2C, 0x01, 0x4F, 0x33, 0xE5, 0x30, 0xCA, 0x33, 0x2C, 0x0D, 0xC7, 0x8D, 0xF3,
    0x60, 0xAC, 0xDF, 0x63, 0x55, 0x3D, 0xF7, 0x17, 0x32, 0x24, 0xD7, 0x7F, 0xE7, 0x9D, 0x38, 0x2B,
    0x1C, 0x38, 0x5D, 0xE3, 0x9F, 0x84, 0x94, 0x95, 0x5C, 0x29, 0x23, 0x74, 0x09, 0xA4, 0xDF, 0x6A,
    0xD4, 0x57, 0xC9, 0x5F, 0x8C, 0x1B, 0xAB, 0xE1, 0x1A, 0xFF, 0xB8, 0x26, 0x73, 0xBB, 0x0D, 0xC0,
    0xEB, 0x05, 0x2A, 0x9F, 0xD1, 0x55, 0x43, 0x39, 0x54, 0x75, 0x36, 0xBC, 0x7E, 0x8C, 0xCE, 0xAB,
    0xE1, 0x55, 0xFC, 0x74, 0x02, 0xC9, 0x54, 0xAA, 0xA6, 0x0C, 0xF2, 0x13, 0xFE, 0xEC, 0xA4, 0xCA,
    0xE7, 0x57, 0xF3, 0x0B, 0x9B, 0x9C, 0x50, 0x47, 0xFA, 0x94, 0x39, 0x3C, 0x1C, 0x1C, 0x83, 0x45,
    0xBE, 0x5C, 0xE2, 0xFE, 0xD1, 0x27, 0x4C, 0x65, 0x77, 0x3C, 0xD7, 0x0B, 0x3C, 0xD1, 0x79, 0x78,
    0x51, 0x87, 0xEF, 0x99, 0x15, 0x52, 0x42, 0xB2, 0xE8, 0x62, 0x48, 0xA0, 0xCD, 0x3E, 0x01, 0x93,
    0x1A, 0x70, 0x31, 0xC0, 0x60, 0xE2, 0x32, 0x6A, 0x51, 0xE7, 0x5A, 0x7C, 0x2A, 0xBC, 0x3E, 0x49,
    0x31, 0x35, 0x72, 0xAA, 0x46, 0xC2, 0xA0, 0xD0, 0xF4, 0x01, 0x22, 0xD4, 0x57, 0x20, 0x86, 0x63,
    0x0E, 0x5A, 0xDD, 0x6C, 0x90, 0x2E, 0x7A, 0x97, 0xCC, 0xBD, 0x2E, 0x8C, 0x72, 0xD6, 0x95, 0xD1,
    0x48, 0xC8, 0x73, 0x79, 0x21, 0x9A, 0x70, 0x6D, 0x70, 0x69, 0x72, 0x9D, 0x86, 0x45, 0xEB, 0x8A,
    0xC1, 0xF5, 0xF2, 0x1C, 0x99, 0xCC, 0xA6, 0x7E, 0x02, 0xD1, 0x3E, 0x9B, 0x4A, 0x79, 0x90, 0xED,
    0xE2, 0xC5, 0x3D, 0xE7, 0x88, 0x3E, 0xC0, 0xA5, 0x2D, 0x78, 0xA5, 0xA3, 0x52, 0xDD, 0xED, 0xDB,
    0xAC, 0x7C, 0x56, 0x15, 0x9A, 0xA0, 0x16, 0x81, 0x7C, 0x42, 0x45, 0x77, 0xA4, 0xED, 0x4B, 0xA1,
    0xE1, 0xF5, 0xEE, 0x9F, 0x95, 0xC6, 0x2B, 0xE1, 0xEA, 0xE7, 0xC5, 0xFB, 0xFE, 0x5E, 0xBF, 0xD7,
    0xD9, 0xD3, 0x46, 0x3F, 0xFE, 0xD2, 0x8B, 0x1E, 0xAD, 0x39, 0x8B, 0x10, 0xF1, 0x2F, 0xCD, 0xD0,
    0xBB, 0x18, 0x97, 0x31, 0x26, 0x8D, 0x62, 0x2A, 0xFA, 0x24, 0xA7, 0x87, 0xCC, 0x5F, 0x31, 0x6A,
    0x81, 0x08, 0xA7, 0xE6, 0xAA, 0xBB, 0xBB, 0x67, 0x03, 0xAB, 0x58, 0x03, 0x6B, 0x6E, 0xC2, 0x4C,
    0xB4, 0x75, 0x64, 0xDD, 0xDA, 0x20, 0x6C, 0x48, 0x1C, 0x20, 0x87, 0x4B, 0x05, 0x09, 0x69, 0x7F,
    0x75, 0x5F, 0x59, 0x45, 0x90, 0x66, 0x2A, 0x5F, 0x6B, 0x2C, 0x56, 0x83, 0xD0, 0x5B, 0xEB, 0x5B,
    0x67, 0x90, 0x47, 0x54, 0x8C, 0x6A, 0x6E, 0x9B, 0x12, 0xA0, 0xD0, 0xA2, 0x53, 0x7B, 0x3C, 0xE4,
    0x47, 0xF0, 0x29, 0x1F, 0x4D, 0x22, 0x81, 0xF8, 0xE4, 0xDE, 0xBA, 0x65, 0x96, 0x58, 0xDD, 0x6B,
    0x3A, 0xEA, 0xA9, 0xD4, 0x54, 0x5B, 0xF8, 0xF6, 0x8B, 0xBB, 0xAA, 0x44, 0xE9, 0x1F, 0xCA, 0xE5,
    0xE2, 0x78, 0xDC, 0x22, 0x13, 0x64, 0xBD, 0xC6, 0xE4, 0x05, 0xB7, 0x2B, 0x55, 0x5E, 0x9A, 0x12,
    0xC2, 0xC9, 0x6C, 0x70, 0xFE, 0xF6, 0x9A, 0x80, 0x0A, 0xEE, 0x4F, 0x5D, 0xDE, 0x28, 0xCF, 0xB0,
    0xF4, 0x39, 0xC7, 0xF9, 0xFF, 0x23, 0xE6, 0xFC, 0xF1, 0x02, 0xFD, 0xDE, 0xE3, 0x48, 0x2B, 0x8E,
    0x1B, 0xB5, 0x2B, 0x29, 0x9C, 0x2F, 0x11, 0x12, 0xD1, 0x70, 0x54, 0x7D, 0x1B, 0x1A, 0x16, 0x6A,
    0xD8, 0x04, 0x6A, 0xD8, 0xEC, 0x73, 0x85, 0xE2, 0xB1, 0x3E, 0xA8, 0x37, 0x9D, 0x1A, 0x16, 0x6A,
    0xCA, 0x64, 0x51, 0xC8, 0x67, 0x85, 0x72, 0x70, 0x12, 0x39, 0xB5, 0x9D, 0xC0, 0x63, 0xA8, 0x61,
    0x3F, 0xF5, 0x6A, 0x58, 0x4C, 0x6A, 0x58, 0xF4, 0x7C, 0x3F, 0xD0, 0xB9, 0x52, 0x0D, 0x1B, 0xC9,
    0x79, 0x1A, 0x36, 0x87, 0x1A, 0xB6, 0xFA, 0xBB, 0x1A, 0xB6, 0x3C, 0xA9, 0x61, 0xED, 0xE1, 0xE7,
    0x7C, 0x66, 0x15, 0x2F, 0x9C, 0x59, 0x65, 0xBD, 0x6A, 0x78, 0x19, 0xB4, 0x22, 0x1D, 0x94, 0x8E,
    0x3B, 0x2D, 0x67, 0xA1, 0xF9, 0x22, 0x34, 0xC3, 0x23, 0xD7, 0x0C, 0x09, 0x53, 0xF0, 0xA4, 0xA5,
    0xD2, 0xA8, 0xC5, 0x1F, 0x8F, 0x99, 0xD5, 0xF6, 0xCB, 0x32, 0xAB, 0xED, 0x21, 0xB3, 0x7A, 0xD3,
    0x34, 0x7D, 0xC1, 0xCC, 0xEA, 0xEB, 0x2E, 0x3E, 0xDD, 0x2C, 0x1D, 0x0F, 0xB9, 0xC7, 0xBE, 0xF2,
    0xA4, 0x67, 0x72, 0x8F, 0x37, 0xCF, 0x83, 0xB6, 0xC0, 0x92, 0x61, 0x9F, 0x9A, 0xA5, 0xD2, 0x76,
    0x08, 0xCB, 0x32, 0xB1, 0x79, 0x1B, 0xAE, 0x47, 0xCF, 0x76, 0xA3, 0x45, 0xE6, 0xA5, 0xD0, 0xB5,
    0x98, 0x24, 0x90, 0xCA, 0x3D, 0x37, 0x9F, 0x4A, 0x6B, 0x89, 0x30, 0xF2, 0x49, 0x64, 0x15, 0xE3,
    0xFE, 0x3F, 0xB4, 0x55, 0x83, 0x04, 0xC9, 0x4D, 0xCF, 0x2D, 0x08, 0xC2, 0xF0, 0x95, 0x11, 0x6A,
    0xAD, 0x20, 0x0D, 0xE3, 0x55, 0x84, 0x24, 0x8B, 0x08, 0x4C, 0xBD, 0x74, 0x91, 0xCD, 0x32, 0x34,
    0x0D, 0xD0, 0xF0, 0xFE, 0xA8, 0xF1, 0xCA, 0x20, 0xFD, 0x6B, 0x18, 0x57, 0xDA, 0x63, 0x4B, 0xBD,
    0x27, 0x3B, 0x57, 0xA5, 0xCB, 0x1E, 0xED, 0x16, 0x21, 0x9F, 0xF6, 0xDD, 0x0B, 0xA9, 0xDE, 0x00,
    0x2A, 0x45, 0xAA, 0xF0, 0x51, 0xE8, 0xA1, 0xB6, 0x79, 0x47, 0xF5, 0xC4, 0xD7, 0xA7, 0xBF, 0x7B,
    0xD6, 0xB3, 0xC2, 0xE2, 0x70, 0xE9, 0x1A, 0x48, 0x9D, 0xD4, 0x9E, 0x09, 0x7A, 0xA1, 0xCD, 0x28,
    0xB4, 0x52, 0x5A, 0x4C, 0x42, 0xF3, 0x59, 0xA9, 0x3F, 0x43, 0xB5, 0xB4, 0x50, 0x5A, 0x4E, 0x7B,
    0xDB, 0x76, 0xD0, 0x5B, 0x6E, 0x87, 0xD5, 0x95, 0xA8, 0x79, 0x33, 0xE2, 0xED, 0x02, 0xFF, 0x06,
    0x7A, 0x87, 0xDF, 0xB4, 0x4F, 0xFE, 0x5F, 0x8D, 0x5C, 0xAA, 0x2F, 0xEE, 0xF9, 0x16, 0xBF, 0xF4,
    0x09, 0x4E, 0xA4, 0x3C, 0xC3, 0xD2, 0xE3, 0x71, 0xDB, 0x67, 0xCB, 0xFF, 0x00, 0xED, 0x5D, 0x31,
    0x90, 0xE6, 0xCA, 0x51, 0xEE, 0x5F, 0x2A, 0xAF, 0xFC, 0x2C, 0xDB, 0x72, 0x64, 0xBB, 0xDE, 0xE2,
    0x92, 0x83, 0x17, 0x10, 0x50, 0x25, 0x07, 0xC4, 0x8C, 0x0A, 0xF2, 0xC2, 0xB9, 0x03, 0x2E, 0x07,
    0x38, 0x02, 0x52, 0x4E, 0xB2, 0xA9, 0x22, 0x21, 0xF0, 0x05, 0xCE, 0x4D, 0xE0, 0x94, 0x22, 0x25,
    0xB0, 0x2D, 0xF1, 0x08, 0x08, 0x48, 0x14, 0x90, 0x11, 0x58, 0x55, 0x6F, 0x29, 0x8A, 0x6C, 0xB0,
    0x65, 0xD0, 0x9A, 0x91, 0x9A, 0xED, 0xFE, 0xFA, 0xFF, 0xFF, 0xD9, 0x5B, 0xFD, 0xB7, 0xEF, 0x78,
    0xB7, 0xFB, 0x76, 0xEF, 0x76, 0xDE, 0xFD, 0xFD, 0xF5, 0x93, 0x46, 0x3D, 0x33, 0xDD, 0x3D, 0xA3,
    0xD1, 0x4C, 0x4B, 0x4B, 0x54, 0x31, 0xAF, 0x44, 0x74, 0x92, 0x79, 0xF3, 0x54, 0x04, 0x63, 0xCA,
    0xC5, 0x98, 0x8A, 0x8D, 0x71, 0x5C, 0x83, 0xE9, 0xB8, 0x05, 0xC3, 0xDC, 0x2B, 0xEE, 0xB8, 0x1B,
    0x95, 0x49, 0xD9, 0x79, 0x65, 0xB2, 0xA5, 0x9C, 0x94, 0xC9, 0x83, 0x49, 0x2C, 0xA6, 0x1C, 0x12,
    0x2B, 0x9F, 0xAE, 0x90, 0x37, 0xA6, 0x10, 0xDD, 0x0C, 0x3B, 0x48, 0xE4, 0x9E, 0x20, 0x91, 0x6B,
    0xEA, 0x86, 0x2B, 0x4C, 0x58, 0xB2, 0x11, 0x91, 0x5C, 0xE2, 0xBC, 0x0A, 0x26, 0x2A, 0x67, 0x54,
    0x14, 0x95, 0x2D, 0x66, 0x22, 0x15, 0x5D, 0x79, 0xA2, 0x6C, 0xD5, 0x8A, 0x4A, 0x12, 0xC1, 0x82,
    0x52, 0xEB, 0x4E, 0x50, 0x44, 0xB3, 0x31, 0x3B, 0x6D, 0x4B, 0x37, 0x92, 0x54, 0x41, 0x45, 0xA3,
    0x52, 0x6E, 0x82, 0x2C, 0xAA, 0x66, 0x48, 0x17, 0x5A, 0xCE, 0xCA, 0x2C, 0x54, 0x4D, 0xDA, 0x36,
    0x46, 0x55, 0xE4, 0xDA, 0x66, 0x24, 0xAD, 0x66, 0x2B, 0x92, 0x27, 0xDA, 0xA0, 0x9F, 0x26, 0xFD,
    0x31, 0x5F, 0x88, 0x34, 0xE6, 0x56, 0xA9, 0x57, 0x1A, 0x28, 0xF9, 0x11, 0x35, 0x5A, 0x99, 0x9C,
    0x51, 0x1C, 0x74, 0x5D, 0x83, 0x9A, 0x9E, 0xCE, 0xF8, 0x37, 0xA2, 0x2D, 0x69, 0x67, 0xC6, 0x42,
    0x4B, 0xA5, 0x6E, 0xAD, 0x13, 0xAE, 0x1B, 0x2F, 0x79, 0xBA, 0x5E, 0x28, 0x47, 0x14, 0x47, 0x9A,
    0x51, 0xA8, 0x5B, 0x44, 0x5A, 0xA5, 0x57, 0xE5, 0x4A, 0x77, 0x4A, 0xE9, 0x9C, 0xD7, 0x1F, 0x49,
    0xBB, 0x7B, 0x32, 0x0B, 0x0E, 0xC6, 0xE4, 0x63, 0x02, 0x26, 0x9B, 0xF3, 0x99, 0xA0, 0x00, 0xF6,
    0x7B, 0xDF, 0xE8, 0xC1, 0x9C, 0x5F, 0x3E, 0x79, 0xDD, 0xDD, 0x7B, 0xDD, 0x0B, 0xCA, 0x3C, 0x51,
    0x43, 0xF9, 0x48, 0xE4, 0xEA, 0x62, 0xB8, 0xA2, 0x83, 0xEB, 0x89, 0x0A, 0xAD, 0x40, 0xC6, 0x2A,
    0xB5, 0x19, 0x1F, 0xB7, 0x07, 0x3E, 0x0E, 0xF7, 0x98, 0x1E, 0xA0, 0x7B, 0x68, 0x82, 0x10, 0xAB,
    0x94, 0x35, 0xD2, 0x98, 0xA6, 0x37, 0x66, 0x9F, 0xD7, 0x9A, 0x1A, 0xEB, 0xD3, 0xED, 0x0F, 0xE5,
    0xDC, 0x3E, 0x58, 0x3F, 0xE1, 0xF5, 0xD8, 0xC0, 0x6A, 0x3C, 0x36, 0xCD, 0x2A, 0x42, 0x51, 0x45,
    0x18, 0xAD, 0x93, 0xFF, 0x39, 0x87, 0x66, 0x12, 0x53, 0x4F, 0x6F, 0xAE, 0xA0, 0xD0, 0x00, 0xB8,
    0xB7, 0x06, 0x41, 0xED, 0x71, 0x8E, 0x12, 0xF9, 0xCF, 0x68, 0x23, 0x3D, 0x17, 0x3D, 0x91, 0x54,
    0x72, 0x84, 0xA1, 0x17, 0xD5, 0x14, 0x07, 0x2A, 0x78, 0xA2, 0xEF, 0xCD, 0xE4, 0x44, 0xE2, 0x5F,
    0x10, 0x4F, 0xA8, 0xDA, 0x80, 0x52, 0x5A, 0xD3, 0x21, 0x4C, 0x8B, 0x52, 0xAC, 0xCC, 0x19, 0x30,
    0x29, 0x38, 0x03, 0x7F, 0x3B, 0x4C, 0x11, 0x40, 0x0A, 0x64, 0xA2, 0x84, 0xA8, 0xBC, 0x0C, 0xFA,
    0x49, 0xCD, 0xDC, 0x8C, 0x2B, 0x1A, 0x51, 0xD1, 0x6F, 0x53, 0xC5, 0x17, 0x74, 0x1E, 0x28, 0x63,
    0x6D, 0x0A, 0x09, 0xAC, 0x44, 0x62, 0xC0, 0x49, 0x5B, 0xFB, 0x9F, 0xAA, 0xC7, 0x48, 0x8D, 0xD0,
    0x11, 0x94, 0xC8, 0xBD, 0xCA, 0x85, 0x06, 0x71, 0x12, 0xFA, 0x3B, 0xA5, 0x3E, 0xF4, 0xF0, 0x97,
    0x24, 0xE5, 0xAD, 0xC2, 0x0A, 0x85, 0xA3, 0xF1, 0x44, 0x7F, 0x62, 0x55, 0x45, 0xF5, 0xCB, 0x19,
    0xAD, 0x8D, 0x28, 0xEC, 0x0F, 0x3A, 0xDC, 0xA0, 0x63, 0x9C, 0xFF, 0xA8, 0x14, 0x48, 0xCB, 0x55,
    0x72, 0xCA, 0x33, 0x7D, 0x88, 0x56, 0xA2, 0xE3, 0x6A, 0x4D, 0x58, 0x5B, 0xFA, 0x13, 0x92, 0xD4,
    0x2A, 0x4D, 0x7D, 0xEC, 0x16, 0x8E, 0x15, 0x18, 0xCD, 0x5D, 0x55, 0x78, 0x81, 0x3B, 0x64, 0x31,
    0x24, 0x02, 0x29, 0xD1, 0x33, 0x7A, 0xF2, 0x15, 0x53, 0xA0, 0xE9, 0xCF, 0xD4, 0xE7, 0xD8, 0x94,
    0x07, 0xDD, 0x41, 0x75, 0xD0, 0x1C, 0x14, 0xF7, 0xF8, 0xBC, 0x24, 0x1B, 0xAF, 0x8D, 0x1A, 0x4B,
    0x04, 0x38, 0x88, 0x2C, 0x37, 0xD2, 0x93, 0x7B, 0x64, 0x63, 0x34, 0x58, 0x2C, 0xA0, 0x38, 0xB2,
    0xAD, 0xB4, 0xC7, 0xE5, 0x18, 0xF0, 0x66, 0xB8, 0xB6, 0xF9, 0x39, 0x9C, 0x3E, 0x9A, 0xBE, 0x38,
    0x8E, 0xDD, 0x04, 0x1D, 0x05, 0xBD, 0xE6, 0xC9, 0x3F, 0xA0, 0x40, 0xE8, 0x0F, 0xEA, 0x33, 0xED,
    0x99, 0xF2, 0x1C, 0x43, 0x75, 0x91, 0xE6, 0xDA, 0x47, 0xE7, 0x25, 0x49, 0x8D, 0x21, 0x2F, 0x1F,
    0x77, 0x81, 0xE0, 0x26, 0x21, 0x9E, 0xCD, 0xA2, 0xAD, 0x68, 0x6D, 0xE4, 0x2A, 0x68, 0xF1, 0xE9,
    0x36, 0x7F, 0xC8, 0xA2, 0x40, 0x38, 0xCA, 0x6C, 0xC8, 0xAD, 0xE1, 0x74, 0x85, 0x83, 0xCC, 0xBA,
    0xAF, 0xB0, 0x17, 0x95, 0xB4, 0x8A, 0x29, 0x0F, 0x8A, 0xC4, 0x1E, 0xE8, 0x66, 0x60, 0x19, 0x80,
    0xC5, 0x0A, 0xCC, 0x18, 0x98, 0x1E, 0xB0, 0x56, 0x4C, 0xB8, 0xBD, 0x86, 0xBB, 0x13, 0x98, 0xC4,
    0x68, 0xD7, 0x03, 0x63, 0xF9, 0x56, 0x9E, 0x95, 0x1F, 0xD7, 0x87, 0x7D, 0x5C, 0x5F, 0xAB, 0xBF,
    0xB5, 0xC7, 0xDA, 0x17, 0xB7, 0x77, 0x8E, 0xF4, 0x21, 0x69, 0xF7, 0x77, 0xE9, 0x22, 0x98, 0x2E,
    0x69, 0xB8, 0x05, 0xE7, 0x57, 0x70, 0x7A, 0x05, 0xFD, 0x75, 0xD4, 0x7E, 0xBA, 0xFE, 0x81, 0x60,
    0xCE, 0xFC, 0xBF, 0x82, 0x0E, 0xEE, 0xBD, 0x63, 0x60, 0xCA, 0x17, 0xBB, 0x6E, 0x81, 0x6F, 0x88,
    0x97, 0x14, 0x01, 0xD7, 0x55, 0x33, 0xD0, 0xF9, 0xEB, 0xD8, 0x8C, 0x86, 0xC3, 0x09, 0x1C, 0x23,
    0x8C, 0xAF, 0x9F, 0x80, 0x65, 0x00, 0x16, 0x2B, 0x30, 0xE3, 0x56, 0x31, 0xE1, 0x99, 0xCE, 0x17,
    0x82, 0x5F, 0x0A, 0x56, 0x86, 0x99, 0x21, 0x9D, 0xF3, 0x6F, 0xC4, 0x7D, 0xBF, 0xDE, 0x29, 0xA2,
    0x21, 0x97, 0x7B, 0x86, 0x87, 0x3D, 0x13, 0xE0, 0xFA, 0x67, 0xCC, 0x35, 0x4A, 0x2F, 0x79, 0x00,
    0xB3, 0x63, 0x0F, 0x86, 0x9A, 0x60, 0x4C, 0xB9, 0x18, 0x93, 0xB3, 0x30, 0x30, 0xFD, 0x9E, 0x69,
    0xC1, 0xEC, 0xB8, 0x07, 0x43, 0x11, 0xE3, 0x58, 0xE5, 0xF3, 0xF0, 0x1A, 0x06, 0x99, 0x23, 0x26,
    0x96, 0x63, 0x92, 0xE3, 0xB2, 0xE2, 0xD2, 0x73, 0x8E, 0x6B, 0x18, 0xD7, 0x19, 0xAD, 0x88, 0xDA,
    0x85, 0x96, 0xA2, 0xED, 0xB1, 0x36, 0xA0, 0x9F, 0x58, 0x63, 0x52, 0xE4, 0x9F, 0x12, 0x3C, 0xE3,
    0x14, 0x14, 0x10, 0x13, 0xC3, 0xEB, 0x2F, 0x80, 0x7B, 0x99, 0x77, 0x35, 0x6A, 0x2C, 0xF3, 0x2D,
    0x73, 0x2D, 0xF3, 0x2C, 0x73, 0x2C, 0xF3, 0x2B, 0xE7, 0x63, 0x68, 0x46, 0xC0, 0xB0, 0x05, 0x38,
    0xE7, 0x0C, 0x3C, 0x60, 0x52, 0x80, 0x33, 0x99, 0x2F, 0x99, 0x2B, 0x1D, 0x3C, 0xC9, 0x1C, 0xA9,
    0x02, 0x64, 0x00, 0x78, 0x91, 0x54, 0xD0, 0x6F, 0xD0, 0xD7, 0xA7, 0x4E, 0x35, 0xBB, 0x41, 0x75,
    0x3C, 0xFC, 0x4C, 0x94, 0x99, 0xD7, 0x0D, 0x8A, 0xB3, 0x6F, 0x47, 0x3E, 0xCF, 0x37, 0x29, 0x39,
    0x31, 0xEF, 0x06, 0xBD, 0x3D, 0xA9, 0xE5, 0x6B, 0xD5, 0xEB, 0xA4, 0x57, 0xAD, 0xD0, 0x78, 0x9B,
    0xF2, 0x78, 0xC6, 0x83, 0xF8, 0x6F, 0xE3, 0xC5, 0xE6, 0xD5, 0x54, 0x4E, 0x72, 0x17, 0x11, 0xCB,
    0xE5, 0xC1, 0x8D, 0x42, 0xE1, 0xAC, 0xCD, 0x0D, 0xFA, 0x26, 0x37, 0xB1, 0x5F, 0xD3, 0x37, 0x7A,
    0xC2, 0xFA, 0x85, 0x53, 0x8F, 0xCF, 0x94, 0xD2, 0xB9, 0x8C, 0xAB, 0x81, 0x8A, 0x5E, 0x68, 0x79,
    0x45, 0x57, 0xAA, 0x64, 0xDC, 0x6D, 0x3B, 0xED, 0x25, 0xAB, 0xFA, 0xB8, 0xC8, 0xDB, 0x75, 0x2F,
    0xDF, 0x2B, 0x5B, 0x57, 0xED, 0x6E, 0x96, 0x87, 0x5F, 0x9D, 0xBC, 0xF4, 0xA9, 0x18, 0x65, 0x2A,
    0xA5, 0x3B, 0xA9, 0xDA, 0x76, 0xCC, 0x35, 0x34, 0xFD, 0x98, 0xED, 0x4E, 0x55, 0xAD, 0x3A, 0x50,
    0x79, 0xEC, 0x8D, 0xE2, 0x08, 0xCE, 0xBE, 0x4F, 0x16, 0xA7, 0x6C, 0x3C, 0x4E, 0x85, 0xAB, 0x88,
    0xE2, 0x48, 0x36, 0x3E, 0x62, 0x5B, 0xBF, 0x93, 0xF6, 0xB2, 0xE9, 0x3D, 0x56, 0x45, 0x93, 0x55,
    0x8D, 0x64, 0x93, 0x70, 0xA5, 0xCA, 0xE7, 0x9A, 0x33, 0xE5, 0xA0, 0xB2, 0xE6, 0x87, 0x6B, 0x23,
    0xCD, 0x80, 0xFA, 0x97, 0x10, 0xA2, 0x62, 0xBB, 0x56, 0x28, 0x83, 0x9A, 0x42, 0x5A, 0x5B, 0xEF,
    0xC5, 0x62, 0xEF, 0x77, 0x74, 0x71, 0x6E, 0xD1, 0x71, 0x1B, 0x33, 0x72, 0xF7, 0x09, 0x4B, 0xC1,
    0x1C, 0xB4, 0x48, 0x7F, 0xBC, 0xD4, 0x09, 0xA1, 0x2F, 0xBE, 0xF3, 0x7D, 0xF9, 0xFA, 0xA3, 0xE7,
    0x54, 0xE0, 0xD1, 0x53, 0x0C, 0xC4, 0x50, 0x9E, 0xAD, 0x43, 0xC7, 0x8F, 0x9E, 0x8F, 0x75, 0x0C,
    0x27, 0xB2, 0x1B, 0x73, 0x32, 0x01, 0xF3, 0x05, 0x58, 0xF1, 0xB5, 0xBD, 0xBE, 0x84, 0x9F, 0x7B,
    0x3D, 0x1D, 0x32, 0x1B, 0xCF, 0x76, 0x8A, 0x89, 0x78, 0xD0, 0xE6, 0x66, 0x13, 0xC4, 0xE7, 0xAC,
    0xED, 0x86, 0xAE, 0xA5, 0x3A, 0x6A, 0x41, 0x5D, 0xB5, 0x38, 0x0F, 0xF6, 0x5C, 0xFB, 0x3B, 0xB6,
    0x3A, 0x60, 0x0B, 0x17, 0x98, 0xA3, 0xC7, 0x4B, 0x09, 0xD6, 0x22, 0x1B, 0x4B, 0xAD, 0x9D, 0x31,
    0xBA, 0xC9, 0xD0, 0xBF, 0x06, 0x13, 0xAE, 0x0F, 0x38, 0x5D, 0xC7, 0x6A, 0x06, 0x96, 0x01, 0x58,
    0x2C, 0xC0, 0x9C, 0x81, 0x29, 0xD7, 0x8A, 0x09, 0xF7, 0x8A, 0xC4, 0x13, 0xB0, 0x59, 0x81, 0xB2,
    0x9E, 0xF1, 0x8D, 0x2B, 0xCC, 0xF6, 0xFB, 0x3E, 0x7B, 0x2C, 0xB5, 0xBD, 0x58, 0xD3, 0xA8, 0x05,
    0x9F, 0x69, 0x3B, 0x67, 0xA1, 0x99, 0x9E, 0x28, 0xB5, 0xAD, 0x0D, 0x8F, 0xD2, 0xFC, 0x1F, 0xCB,
    0x8D, 0x64, 0x49, 0x57, 0x75, 0xAC, 0x9F, 0xA9, 0x63, 0x7D, 0x44, 0x5B, 0xA9, 0x12, 0xF5, 0x66,
    0x98, 0x6B, 0x88, 0x47, 0x10, 0x0B, 0x4D, 0x79, 0xA2, 0x32, 0xE8, 0x43, 0x40, 0xC0, 0x03, 0x66,
    0x35, 0x0B, 0x75, 0xFE, 0x48, 0x9B, 0x51, 0xE9, 0x70, 0x83, 0xEA, 0x71, 0xA7, 0x14, 0x39, 0xAB,
    0x49, 0x68, 0x19, 0x84, 0x16, 0x2C, 0xDA, 0xCF, 0xF8, 0x62, 0xC7, 0x21, 0x61, 0x2D, 0xB1, 0x51,
    0x5A, 0x2A, 0xA5, 0xEE, 0x32, 0xC7, 0xE0, 0x19, 0x0F, 0xA1, 0xD3, 0xD1, 0x06, 0x9D, 0xCF, 0x2E,
    0xE8, 0x5C, 0xFC, 0x5D, 0x7C, 0xBF, 0x50, 0xAD, 0x08, 0x3F, 0x8A, 0xA7, 0x5C, 0xDA, 0x96, 0xC2,
    0xCF, 0x14, 0x07, 0x82, 0xFF, 0x7A, 0x78, 0x58, 0x3A, 0x67, 0x73, 0xBC, 0xFD, 0x0C, 0x8F, 0x84,
    0xA7, 0xDE, 0x9E, 0x9E, 0x3C, 0xF1, 0x84, 0x27, 0x66, 0x23, 0x35, 0x57, 0xD4, 0xD3, 0xCF, 0x89,
    0xD2, 0x89, 0x96, 0xC3, 0xCA, 0x07, 0xB4, 0xD4, 0xF0, 0x00, 0x0F, 0x8D, 0xD3, 0x7B, 0xE2, 0x89,
    0x18, 0x0B, 0x61, 0x6C, 0xE0, 0x1A, 0x23, 0x8E, 0x23, 0xDF, 0x93, 0x07, 0x7E, 0x86, 0xB1, 0x30,
    0x1E, 0x05, 0x0B, 0x36, 0x8A, 0x23, 0x38, 0xFB, 0x3E, 0xFA, 0xDE, 0x93, 0xAF, 0x6C, 0xFA, 0xCA,
    0xC9, 0x94, 0x85, 0xEB, 0x98, 0x1B, 0x96, 0xC0, 0x84, 0x27, 0xC3, 0x51, 0x71, 0xB7, 0x9A, 0xB4,
    0xA4, 0xD7, 0x5C, 0x63, 0xBC, 0x83, 0xAD, 0xF9, 0x10, 0x4D, 0xA1, 0x74, 0x89, 0xE9, 0x7B, 0xE6,
    0x87, 0xDF, 0x56, 0x4A, 0x81, 0xE2, 0xD0, 0x88, 0xFD, 0xB6, 0x15, 0xF4, 0xF5, 0x2F, 0x41, 0x55,
    0xA5, 0x2A, 0x4B, 0x66, 0x6A, 0x30, 0x9B, 0xFC, 0xB2, 0x40, 0x9C, 0xB0, 0x9A, 0x1F, 0xEE, 0x01,
    0x58, 0xD2, 0x36, 0x20, 0xCB, 0xFD, 0x01, 0x7D, 0x80, 0x0E, 0xD4, 0x6A, 0xEF, 0xC4, 0x2A, 0xF3,
    0x22, 0x07, 0xFE, 0x8B, 0xDB, 0x2B, 0x5A, 0xCB, 0xEA, 0xC8, 0x17, 0x4F, 0xC4, 0x45, 0x7C, 0xE1,
    0x1F, 0x60, 0xB5, 0xCF, 0x4E, 0xE5, 0xC9, 0x43, 0xAC, 0x3B, 0x2B, 0x65, 0xD0, 0xBE, 0x58, 0xEB,
    0x8C, 0x47, 0xC9, 0xD3, 0x79, 0xA1, 0x6E, 0x12, 0x5A, 0xCE, 0x42, 0x8B, 0xF0, 0x2A, 0xCD, 0xEF,
    0x84, 0x5A, 0x4C, 0xD5, 0x4A, 0x9F, 0x86, 0x71, 0x8C, 0xB4, 0xBE, 0x86, 0x79, 0x23, 0x81, 0x11,
    0xC3, 0x92, 0x6E, 0x61, 0x90, 0xF9, 0xC1, 0x30, 0xE7, 0x18, 0xE4, 0xF9, 0x34, 0x74, 0xE8, 0xCB,
    0x31, 0x9C, 0xBE, 0x00, 0xF0, 0xD7, 0x7C, 0x41, 0xF6, 0x64, 0x0A, 0xF0, 0x80, 0x70, 0x05, 0x17,
    0xD4, 0xAC, 0x9A, 0x33, 0x67, 0x85, 0x94, 0x6B, 0x81, 0x1D, 0xB7, 0x02, 0xB4, 0x87, 0x3E, 0x86,
    0xEE, 0x3E, 0x60, 0xA5, 0x2F, 0x51, 0xC6, 0x53, 0xD5, 0x8B, 0x63, 0xD7, 0x62, 0x30, 0x6A, 0x7E,
    0x9F, 0x03, 0x7D, 0x0B, 0x03, 0xFB, 0x46, 0xCA, 0xC3, 0x63, 0x22, 0xBB, 0x85, 0xBE, 0x42, 0x39,
    0x8F, 0x4D, 0x5D, 0x69, 0xDB, 0x98, 0x17, 0xEA, 0xCE, 0x78, 0xA6, 0xDF, 0xA2, 0x6A, 0xA0, 0xD3,
    0xA9, 0x98, 0x3F, 0x67, 0xD2, 0x30, 0x87, 0xF8, 0xB7, 0x7D, 0xD7, 0xF4, 0x0F, 0xE6, 0xC7, 0xCC,
    0x53, 0xFC, 0xA3, 0x53, 0xC9, 0x8D, 0xF7, 0xF2, 0x0B, 0x94, 0x0F, 0x0B, 0x15, 0x43, 0x47, 0x65,
    0xEF, 0xDA, 0xA6, 0xAD, 0x98, 0x29, 0xD7, 0x3B, 0xFB, 0x86, 0xD9, 0xBB, 0xFE, 0xC1, 0xFC, 0x1A,
    0x4A, 0xBD, 0xA3, 0xCC, 0xBB, 0xBA, 0x18, 0xAB, 0xA1, 0x1A, 0x0A, 0x5D, 0xE8, 0x5A, 0x89, 0x9E,
    0x5F, 0x7C, 0xAE, 0xFA, 0x94, 0xBA, 0xDD, 0xCF, 0x3F, 0xAE, 0x65, 0x93, 0x74, 0xA2, 0x6A, 0x24,
    0x37, 0x48, 0xD1, 0x8E, 0x87, 0x92, 0xC7, 0x84, 0x07, 0x6A, 0x64, 0x13, 0x3A, 0xE1, 0x7E, 0xC7,
    0xA2, 0xA8, 0x8D, 0xC4, 0xED, 0x5B, 0xFC, 0x97, 0xB0, 0x0C, 0x21, 0xA5, 0x27, 0xD7, 0x53, 0xD3,
    0x8B, 0xE3, 0x34, 0xDC, 0x57, 0xDC, 0x9F, 0x71, 0x9B, 0x0F, 0x6E, 0x72, 0xB3, 0x9B, 0xDD, 0x94,
    0x0F, 0xC7, 0xCE, 0xF8, 0x36, 0xFE, 0xE3, 0xF6, 0xCD, 0xFF, 0xEB, 0x30, 0x13, 0x9F, 0xDF, 0x11,
    0x9C, 0x80, 0x95, 0xA1, 0xF3, 0xC0, 0xE6, 0x0A, 0x93, 0x81, 0x76, 0xB2, 0x30, 0x9E, 0xAE, 0x74,
    0xCE, 0x7D, 0xD7, 0x23, 0xBE, 0x19, 0xB8, 0xA8, 0xFF, 0x30, 0x8F, 0x82, 0x67, 0x7C, 0xA9, 0xA1,
    0xB3, 0xF9, 0xD8, 0x78, 0xAA, 0x42, 0xE7, 0xC9, 0x05, 0xE5, 0xF4, 0x18, 0x9D, 0x4E, 0xE8, 0x51,
    0xC5, 0xFC, 0x79, 0x92, 0x89, 0x08, 0xA4, 0x9C, 0x6C, 0x90, 0xB7, 0x58, 0x8A, 0x91, 0x52, 0xE6,
    0x9E, 0x32, 0xD6, 0x07, 0xBE, 0x40, 0x74, 0xC6, 0x2F, 0xE3, 0x2D, 0x05, 0x47, 0xD7, 0xA2, 0xB1,
    0xBD, 0x40, 0xC1, 0x41, 0xC0, 0xFD, 0x8A, 0x05, 0xCC, 0x59, 0x7E, 0x46, 0x65, 0x7B, 0x05, 0x1F,
    0x6D, 0xCE, 0x9F, 0xB9, 0x7F, 0x84, 0x60, 0xAF, 0x21, 0x24, 0xFB, 0x98, 0x39, 0xA2, 0xAF, 0x62,
    0x35, 0xA4, 0x42, 0xC4, 0x90, 0x63, 0xE6, 0x19, 0x30, 0x62, 0x71, 0xA0, 0x46, 0x54, 0xE0, 0x51,
    0x7F, 0x0E, 0xD2, 0xA0, 0x39, 0xE8, 0xCD, 0x7D, 0xC2, 0xAA, 0xB3, 0x16, 0xFB, 0x3B, 0xDF, 0xD9,
    0xD2, 0x17, 0xB7, 0x0F, 0x83, 0x60, 0xA1, 0x00, 0x6D, 0xA7, 0x52, 0xA7, 0xDF, 0x41, 0xC8, 0x24,
    0x64, 0x20, 0xAA, 0x2E, 0x71, 0xA7, 0x13, 0x3F, 0x12, 0x48, 0xE1, 0x0B, 0x16, 0x25, 0xE6, 0x66,
    0x05, 0xF6, 0x02, 0x29, 0xF7, 0x02, 0x05, 0x93, 0x80, 0x0B, 0x0A, 0xEC, 0x05, 0x52, 0xEE, 0x05,
    0x0A, 0x26, 0x01, 0x17, 0x14, 0xD8, 0x0B, 0xFC, 0x13, 0xF7, 0x02, 0xBF, 0x60, 0x12, 0xE0, 0x19,
    0x10, 0x00, 0x5C, 0xE3, 0xDC, 0x20, 0xF0, 0x31, 0x4F, 0x02, 0x7D, 0xB3, 0x28, 0x94, 0xDC, 0x42,
    0xF4, 0x80, 0x82, 0x26, 0x05, 0xB7, 0x50, 0x54, 0x09, 0xAB, 0xD2, 0x0E, 0x15, 0xA4, 0x66, 0x56,
    0xA8, 0x16, 0x85, 0x9C, 0x05, 0x24, 0x8F, 0x00, 0xF1, 0xA8, 0xD0, 0x79, 0x05, 0xAD, 0xE3, 0xF6,
    0x4C, 0x36, 0x86, 0x02, 0x50, 0xCD, 0x51, 0xDF, 0xD1, 0x1A, 0xED, 0xF7, 0x36, 0xBF, 0xD7, 0x0A,
    0xE5, 0xB7, 0x41, 0x33, 0x16, 0x5A, 0x06, 0xA1, 0x8D, 0x17, 0xCA, 0xC3, 0x15, 0xC5, 0x53, 0x41,
    0xB1, 0x48, 0x1E, 0x37, 0x09, 0x15, 0x5F, 0xE5, 0xBF, 0x92, 0xEB, 0xF8, 0x87, 0x52, 0x09, 0xEE,
    0x66, 0xA1, 0x3C, 0x2A, 0x9D, 0x94, 0x2E, 0x24, 0x67, 0x45, 0xBF, 0xFC, 0x03, 0x1E, 0xD4, 0x5D,
    0xF5, 0xDA, 0x2A, 0x08, 0xCD, 0x59, 0x68, 0x8A, 0x67, 0x0A, 0x1E, 0x85, 0xBA, 0xE9, 0x58, 0x7A,
    0xCE, 0xF6, 0x38, 0xA2, 0x4F, 0x23, 0x3D, 0xDD, 0x4C, 0x3B, 0x3E, 0xD2, 0x44, 0x69, 0x06, 0x03,
    0x2F, 0x4A, 0x27, 0xA5, 0xF0, 0x42, 0x71, 0x29, 0x91, 0xB9, 0x0A, 0x5F, 0xCD, 0x42, 0x3B, 0x29,
    0x31, 0xE1, 0x56, 0x6A, 0xB2, 0x6A, 0xAD, 0x66, 0xA1, 0xDD, 0xA8, 0xB5, 0x95, 0x76, 0xFD, 0x4D,
    0xDC, 0x2E, 0xAF, 0x14, 0xBC, 0x1E, 0xFF, 0x31, 0xF7, 0xAA, 0x01, 0xAF, 0x57, 0x05, 0x95, 0xB0,
    0xA2, 0x5D, 0xB8, 0x45, 0x0F, 0x5A, 0xCA, 0x24, 0xD4, 0x05, 0xA1, 0x05, 0x5B, 0x4D, 0xD0, 0x22,
    0x75, 0x2D, 0x6F, 0xFD, 0xB6, 0x68, 0xA3, 0x5D, 0xEB, 0xE1, 0x30, 0x5C, 0x64, 0x4B, 0xB4, 0xBC,
    0x13, 0x85, 0x5E, 0x7C, 0xB0, 0x39, 0x51, 0x7C, 0xA4, 0x54, 0x17, 0x2E, 0x6E, 0x52, 0xDA, 0xB5,
    0x54, 0x8E, 0x3B, 0xF6, 0x25, 0x7B, 0xC7, 0x2F, 0xAB, 0x89, 0xBE, 0x72, 0x7D, 0x21, 0xA5, 0x98,
    0xEF, 0xF2, 0x5F, 0xA0, 0x82, 0xEB, 0x8C, 0x27, 0xE9, 0x70, 0xEC, 0xE9, 0xDC, 0xBF, 0x83, 0x1A,
    0xDE, 0x48, 0x4D, 0x6F, 0xD4, 0xAE, 0xB6, 0xBE, 0x57, 0x71, 0x7D, 0x0C, 0xE5, 0x1F, 0xE5, 0xF0,
    0x9F, 0x51, 0xBA, 0xDE, 0xE5, 0x3F, 0x96, 0x31, 0x6E, 0xC7, 0x0B, 0x71, 0x90, 0xFE, 0x73, 0x16,
    0x6E, 0xCE, 0xA5, 0x65, 0xB5, 0x9A, 0xE5, 0xA4, 0x1B, 0x0E, 0xED, 0x2D, 0xFD, 0x0D, 0x3A, 0x46,
    0x74, 0x88, 0x68, 0xBF, 0x41, 0x1F, 0x90, 0x75, 0xBE, 0x3E, 0xBA, 0xC1, 0xE1, 0xD7, 0xBF, 0xF2,
    0x6B, 0xED, 0x57, 0xDB, 0xEF, 0x6E, 0x1E, 0xAD, 0x3C, 0x91, 0x5B, 0x10, 0x1F, 0x5B, 0x30, 0xEE,
    0x73, 0xF4, 0xBC, 0xBF, 0x2B, 0x4D, 0xE4, 0x83, 0x50, 0x37, 0x29, 0x9D, 0x23, 0x3A, 0xE1, 0xEC,
    0x9D, 0x6A, 0xFA, 0x6D, 0x68, 0x2C, 0x9D, 0xDC, 0x28, 0xCB, 0xFA, 0xE5, 0x82, 0x9F, 0xF0, 0xE9,
    0xF4, 0x59, 0x34, 0x8D, 0x3B, 0xFF, 0xDB, 0x83, 0x5D, 0xAF, 0x50, 0x8E, 0x02, 0x0B, 0x7B, 0x01,
    0xE6, 0x51, 0xC1, 0xE2, 0x15, 0x26, 0x01, 0x4C, 0x89, 0x72, 0x9B, 0x9E, 0x03, 0x4A, 0x40, 0xF1,
    0x87, 0x6F, 0xA7, 0x2E, 0x58, 0x7E, 0xDC, 0x84, 0x0F, 0x65, 0x12, 0x35, 0xBC, 0xE9, 0xAF, 0xA5,
    0xE6, 0xDF, 0x46, 0x6A, 0xD8, 0x6B, 0xB8, 0x05, 0xAF, 0x54, 0x5E, 0x41, 0xC7, 0x83, 0xEE, 0x76,
    0xFF, 0x5E, 0xF7, 0x26, 0xB2, 0xC4, 0x22, 0x97, 0x44, 0x15, 0xF7, 0x6A, 0x8D, 0x8C, 0x5B, 0xA2,
    0xE7, 0x6D, 0xB4, 0x71, 0x42, 0x33, 0x20, 0x59, 0x81, 0xB9, 0x61, 0x39, 0x03, 0xDD, 0x08, 0xE4,
    0x76, 0x9F, 0x0D, 0x38, 0x03, 0xB7, 0x5F, 0x85, 0xEB, 0x5A, 0x4C, 0x63, 0xBA, 0xC1, 0x70, 0x32,
    0x0C, 0x86, 0xBC, 0xC7, 0xDE, 0x70, 0x34, 0x9C, 0x80, 0xBF, 0x08, 0xC0, 0x7F, 0x66, 0xE0, 0xC7,
    0xDC, 0x2A, 0xF6, 0x3C, 0x00, 0xDD, 0x04, 0x2C, 0x03, 0x30, 0x5F, 0x81, 0x29, 0xD7, 0x8A, 0xC4,
    0x3D, 0xB0, 0xF1, 0xC0, 0x6A, 0x06, 0x16, 0x01, 0x98, 0x31, 0x30, 0xE1, 0x1F, 0x28, 0x12, 0x7F,
    0x0C, 0x74, 0xBF, 0x04, 0x56, 0xFF, 0x0D, 0x2C, 0x18, 0x98, 0x1A, 0x26, 0x86, 0xB4, 0xC7, 0xC6,
    0xB0, 0x32, 0x2C, 0x78, 0xFB, 0x05, 0x94, 0x1D, 0x1F, 0xD5, 0xFE, 0x53, 0xC2, 0x01, 0x64, 0x33,
    0x5F, 0xB2, 0xA5, 0xF3, 0x38, 0xF7, 0x4E, 0x0F, 0x9F, 0x08, 0x5D, 0xDA, 0xFD, 0x3D, 0x5F, 0xD8,
    0x52, 0xB8, 0x52, 0xAF, 0x34, 0x90, 0x38, 0xCA, 0x7A, 0x73, 0xDA, 0xD9, 0x62, 0xD5, 0xFB, 0x55,
    0xDA, 0xDD, 0x09, 0x3D, 0xE1, 0x01, 0x4F, 0x1E, 0x70, 0x3A, 0x71, 0xBB, 0x89, 0x09, 0xD7, 0x8A,
    0x8E, 0x09, 0x18, 0x0C, 0x87, 0x87, 0xEE, 0x03, 0x84, 0x74, 0x72, 0x6A, 0xCF, 0xF6, 0x7A, 0x15,
    0x1A, 0x27, 0xD4, 0xA6, 0x64, 0xE6, 0xF3, 0x5F, 0x52, 0x0C, 0x54, 0xD9, 0xAB, 0xFB, 0x50, 0x48,
    0xF3, 0x1F, 0xAB, 0x00, 0x95, 0x3C, 0x2B, 0x66, 0xFB, 0x1D, 0xF3, 0xBD, 0xDE, 0x5E, 0x00, 0xE8,
    0x9B, 0x4F, 0x23, 0xD3, 0x1B, 0xF8, 0x25, 0x16, 0xA9, 0xB0, 0x62, 0x65, 0xF1, 0xB5, 0xBF, 0xBA,
    0x3D, 0xBE, 0xF6, 0x51, 0x8D, 0x49, 0xAF, 0xDC, 0xB6, 0xE7, 0x6B, 0x30, 0x01, 0xBC, 0x42, 0x09,
    0xA8, 0x06, 0x05, 0xD7, 0x2B, 0x34, 0xAD, 0x42, 0xBE, 0xD1, 0xE0, 0x53, 0x1B, 0x92, 0xC3, 0x2D,
    0x1B, 0x92, 0xFD, 0xBD, 0x6F, 0x48, 0x3E, 0xD8, 0xD1, 0xD9, 0x7D, 0xDA, 0x5E, 0xD0, 0x9C, 0xE8,
    0x05, 0xD9, 0x6D, 0xBD, 0xC0, 0x19, 0x16, 0x86, 0xB9, 0x61, 0x0A, 0xB4, 0x65, 0x97, 0xD3, 0x98,
    0xEE, 0x31, 0x8E, 0xB2, 0x43, 0x07, 0x01, 0xCE, 0x86, 0x23, 0x70, 0xAD, 0x6F, 0xEF, 0x0D, 0x19,
    0x0B, 0x4D, 0x4E, 0xF5, 0x86, 0xEE, 0x8E, 0xE8, 0xC6, 0x38, 0x0C, 0x8A, 0x41, 0x34, 0xC3, 0x02,
    0x27, 0x2B, 0xBB, 0x2A, 0x9D, 0x95, 0xBE, 0x14, 0xB5, 0xC1, 0xD3, 0x4F, 0x33, 0x6F, 0x9C, 0xB0,
    0x3C, 0x6C, 0x97, 0xC7, 0xEF, 0x03, 0xA7, 0x2C, 0x49, 0xC7, 0xFA, 0x8B, 0xAB, 0x5C, 0x3D, 0x42,
    0xDA, 0x13, 0xF6, 0x16, 0x50, 0xD6, 0x88, 0x73, 0x0D, 0x78, 0x21, 0x32, 0xB5, 0x79, 0xFE, 0xFE,
    0xAB, 0x2F, 0x08, 0xF2, 0x92, 0xDC, 0xE2, 0x83, 0x68, 0x60, 0x35, 0x83, 0x19, 0x2C, 0x9E, 0xAC,
    0x1B, 0xDD, 0xFE, 0xFB, 0x2A, 0xAF, 0x32, 0xEE, 0x34, 0x13, 0x67, 0xDE, 0xCB, 0x39, 0x48, 0x3E,
    0x94, 0x75, 0x28, 0xFD, 0x50, 0x9F, 0x7D, 0x0D, 0x8F, 0x75, 0xDE, 0xB7, 0x22, 0x6A, 0xD7, 0xA1,
    0xA5, 0x68, 0x7B, 0xAC, 0x0D, 0xE8, 0x27, 0xD6, 0x58, 0xC9, 0xCC, 0xDB, 0xF0, 0x26, 0x09, 0x71,
    0xFF, 0x94, 0xA1, 0x94, 0xEA, 0x18, 0xDF, 0x26, 0x5D, 0xF9, 0x22, 0xE1, 0x49, 0xFD, 0xC1, 0x05,
    0x2A, 0x16, 0x92, 0x5F, 0x39, 0x6B, 0x5F, 0x70, 0xDE, 0x42, 0xEE, 0xD4, 0x6B, 0x34, 0xC6, 0xFF,
    0x0A, 0x06, 0x81, 0x7E, 0x1B, 0x90, 0xC5, 0x2E, 0xB0, 0xCB, 0x4D, 0x98, 0x89, 0xB6, 0x82, 0xAC,
    0x58, 0xAB, 0x84, 0x55, 0xC9, 0x2A, 0x88, 0xEA, 0xE2, 0x8D, 0x06, 0x47, 0xD7, 0x99, 0x99, 0x3A,
    0x0B, 0x9E, 0x4B, 0x16, 0xD2, 0xC4, 0x1C, 0xC0, 0x38, 0x1E, 0xC1, 0x9C, 0xAD, 0xF5, 0x93, 0x67,
    0xDE, 0xB9, 0x67, 0x22, 0x48, 0x1E, 0x31, 0xF2, 0x08, 0x91, 0xB7, 0x08, 0xF9, 0x28, 0x40, 0xDE,
    0xE2, 0xE3, 0xF3, 0xE5, 0xDD, 0xF6, 0x53, 0xA2, 0xEF, 0xEE, 0x9F, 0xB5, 0x27, 0x9A, 0x15, 0xD3,
    0xC5, 0xFC, 0x33, 0x5F, 0x32, 0x30, 0xE5, 0x54, 0xE0, 0x94, 0x2C, 0x91, 0x51, 0xB4, 0x85, 0x48,
    0xC9, 0xBA, 0x63, 0xB2, 0x47, 0xC1, 0x40, 0x36, 0x33, 0xFE, 0xE8, 0x2D, 0x3B, 0xEC, 0x93, 0xC3,
    0x12, 0xB5, 0x24, 0x07, 0xD2, 0x31, 0xF1, 0x72, 0x1E, 0xAE, 0x5A, 0xCE, 0x3A, 0x59, 0x74, 0x68,
    0x5C, 0xD7, 0x63, 0x5F, 0x8F, 0x58, 0x32, 0x86, 0x74, 0x11, 0xF0, 0xC9, 0x84, 0x78, 0xD2, 0x67,
    0xEF, 0x9A, 0xDF, 0x9E, 0x31, 0x52, 0x2B, 0x82, 0x8E, 0x7C, 0x75, 0xE4, 0x71, 0x18, 0x7C, 0xCE,
    0x6B, 0xBD, 0xDF, 0x2B, 0x76, 0x92, 0xCF, 0xF8, 0x2E, 0x44, 0x9B, 0xC7, 0xFE, 0xC0, 0xA7, 0x0A,
    0xE0, 0x33, 0xA6, 0x03, 0x5F, 0xAC, 0x47, 0x1E, 0x0E, 0x00, 0xBE, 0x8A, 0xF9, 0xF9, 0xC8, 0xBB,
    0x29, 0xE2, 0x45, 0x3C, 0x66, 0x58, 0x6F, 0xC2, 0x9B, 0x9C, 0x6D, 0xF9, 0x71, 0xB9, 0x65, 0xD8,
    0xAE, 0x67, 0xCE, 0xB4, 0xD9, 0x2E, 0xB4, 0x37, 0xD2, 0xC3, 0x96, 0x7E, 0x8A, 0xA3, 0xDE, 0x22,
    0x7D, 0x7A, 0x22, 0x17, 0xF1, 0x67, 0x11, 0x4F, 0x5F, 0x3F, 0xF0, 0x30, 0xD5, 0xF3, 0x4B, 0x78,
    0xD7, 0x24, 0x5E, 0x3D, 0xAA, 0x81, 0x56, 0xB9, 0x3A, 0xA0, 0x9D, 0xBD, 0x10, 0x98, 0xFC, 0x13,
    0x7E, 0x99, 0x71, 0xAF, 0x4E, 0xC0, 0xD2, 0x65, 0x06, 0x75, 0x0B, 0xB1, 0x7A, 0x33, 0xC2, 0x51,
    0xFC, 0xBE, 0x73, 0x26, 0x2A, 0x69, 0x82, 0x33, 0xF5, 0x32, 0x40, 0xA9, 0x7B, 0x09, 0x5B, 0xCC,
    0x70, 0x38, 0x49, 0xA7, 0x59, 0xE4, 0x15, 0xC9, 0x07, 0x16, 0xC2, 0x06, 0xB0, 0x56, 0x04, 0x91,
    0x15, 0x2C, 0x2C, 0xAA, 0xA3, 0x5A, 0x46, 0x25, 0x59, 0x58, 0xAD, 0xFA, 0xAF, 0xF8, 0x82, 0xBE,
    0x57, 0x1F, 0x1B, 0xD4, 0xAA, 0x1F, 0x92, 0x13, 0x16, 0x9E, 0x9B, 0x2B, 0x0B, 0x95, 0xD8, 0x37,
    0xAF, 0x6C, 0x98, 0xFC, 0x4B, 0x8A, 0x3E, 0xB9, 0x97, 0x02, 0x8A, 0x25, 0xFE, 0xAE, 0x50, 0x33,
    0x44, 0x39, 0x08, 0xA7, 0xE8, 0xDB, 0x27, 0x3F, 0x58, 0xD3, 0x45, 0x9F, 0x6F, 0xA9, 0x01, 0x23,
    0x3E, 0x56, 0x33, 0xE1, 0x11, 0x25, 0x50, 0xB4, 0xE7, 0x9F, 0xB1, 0x42, 0xBA, 0x87, 0x5A, 0x20,
    0x01, 0xA4, 0xD7, 0x20, 0xE3, 0xF8, 0x3A, 0x17, 0x04, 0xCE, 0x79, 0xB6, 0x12, 0xE2, 0xF2, 0x66,
    0x52, 0x18, 0x11, 0xCC, 0x36, 0x29, 0x54, 0xE1, 0xFA, 0x4E, 0x7E, 0x2D, 0xB0, 0xE3, 0x3E, 0x8A,
    0x38, 0x20, 0x37, 0x29, 0x94, 0x5B, 0x15, 0x4C, 0xF6, 0xFB, 0xFA, 0xC3, 0xB5, 0x7D, 0xFD, 0x09,
    0x8F, 0xFA, 0x95, 0xA8, 0x09, 0xF2, 0x52, 0xC6, 0x43, 0x74, 0xE5, 0xF5, 0x90, 0xC6, 0x88, 0x7D,
    0xF9, 0xC6, 0x53, 0xF1, 0x4F, 0x3A, 0xE6, 0xD9, 0xE2, 0x14, 0x3D, 0xFF, 0x2B, 0x3D, 0x13, 0xEB,
    0xBC, 0xED, 0xDF, 0x7B, 0x6A, 0x90, 0xCD, 0x94, 0x6F, 0x2D, 0x6F, 0x54, 0xD3, 0xB5, 0x40, 0x8B,
    0x5E, 0x61, 0x3D, 0xD8, 0x88, 0xC4, 0x48, 0x24, 0xDA, 0x13, 0xE2, 0x49, 0xEC, 0x74, 0x4F, 0xC1,
    0x34, 0xB7, 0x84, 0xF8, 0x88, 0x41, 0x6C, 0x5D, 0xD0, 0x05, 0x21, 0x03, 0x7A, 0x74, 0x2A, 0xF0,
    0x73, 0x2A, 0x7B, 0x84, 0xB6, 0x08, 0x54, 0xBF, 0x64, 0x3A, 0xEC, 0xF1, 0xE0, 0xDE, 0xAF, 0x27,
    0x15, 0x2A, 0x8A, 0x56, 0xAB, 0x9E, 0x3A, 0xF3, 0x07, 0xB4, 0x6B, 0x5D, 0x9D, 0x8F, 0x6E, 0xAC,
    0x7C, 0x11, 0xB8, 0xD7, 0xA7, 0x7C, 0xB6, 0xCF, 0x08, 0x15, 0x72, 0xE1, 0xE7, 0xD3, 0x91, 0xC5,
    0x70, 0xB5, 0x42, 0x36, 0xC4, 0x0B, 0x72, 0x0E, 0xD0, 0x0D, 0xD1, 0x52, 0x78, 0xB6, 0x58, 0x0E,
    0xC0, 0x10, 0x5F, 0x7D, 0xEA, 0x73, 0x74, 0x03, 0x51, 0xA3, 0x86, 0x4E, 0x70, 0xEB, 0x4C, 0x65,
    0x72, 0x38, 0xAA, 0x7E, 0xA9, 0xDD, 0xF7, 0x99, 0x72, 0x06, 0x6C, 0x7D, 0x34, 0xAE, 0x5C, 0x51,
    0x1A, 0x2A, 0x9B, 0xF1, 0x8C, 0x0A, 0xED, 0x67, 0xD9, 0x97, 0x9A, 0x47, 0xCB, 0xA1, 0x1D, 0xF3,
    0x62, 0xFF, 0x6B, 0x67, 0x47, 0xF8, 0x27, 0x04, 0x72, 0x80, 0xF8, 0xBD, 0x40, 0x85, 0x0C, 0x90,
    0x46, 0x80, 0x83, 0xD8, 0x92, 0xFB, 0x2A, 0x02, 0x16, 0xAA, 0x4B, 0x92, 0xA8, 0x7A, 0x87, 0x36,
    0x08, 0xE0, 0xEE, 0xC7, 0x8B, 0xFA, 0x33, 0x26, 0x6E, 0x98, 0xC7, 0x7A, 0x1B, 0x11, 0x50, 0x7F,
    0x87, 0x99, 0x08, 0x24, 0xE3, 0x78, 0x26, 0x87, 0x76, 0x1B, 0xDD, 0xF0, 0x9C, 0xFF, 0x9D, 0x88,
    0x99, 0xFB, 0x4C, 0xC4, 0x97, 0xCC, 0xFA, 0xB1, 0xDB, 0xF3, 0xDA, 0x8D, 0xFB, 0x60, 0x0A, 0xB8,
    0x94, 0xFE, 0xEF, 0x2C, 0xC2, 0x65, 0x5D, 0xA8, 0xE2, 0x2B, 0x5A, 0x48, 0x4D, 0x12, 0xAD, 0xD5,
    0xB9, 0xEA, 0xA2, 0xD4, 0xCE, 0x28, 0x04, 0x96, 0x2C, 0x95, 0xF8, 0xAF, 0x49, 0x8D, 0x5E, 0xD4,
    0x12, 0x22, 0xB7, 0xBF, 0xA1, 0xD7, 0x57, 0x5C, 0xA0, 0x33, 0x6B, 0xC3, 0xCB, 0xF8, 0xBD, 0xD5,
    0xFD, 0x67, 0x91, 0x61, 0xFD, 0xCE, 0x42, 0x8A, 0x9E, 0x4F, 0xDA, 0x12, 0x75, 0x86, 0x6C, 0xA4,
    0x10, 0xBD, 0xE4, 0xFF, 0xE4, 0x04, 0x98, 0xBC, 0x84, 0xBD, 0x94, 0x82, 0x7B, 0x7B, 0x1D, 0x8E,
    0x7F, 0x18, 0xE4, 0x55, 0xB8, 0x95, 0xD2, 0x49, 0xDE, 0xA8, 0xEE, 0xE9, 0x9B, 0x0F, 0xD1, 0xFE,
    0xEF, 0x95, 0xC9, 0xCE, 0xCD, 0x64, 0xF9, 0x00, 0xC1, 0x63, 0x5C, 0xFD, 0x7C, 0x8D, 0xC3, 0x03,
    0x13, 0x85, 0x94, 0x57, 0x80, 0xDD, 0xEF, 0xC6, 0xBD, 0xD5, 0x76, 0x1B, 0x56, 0x6B, 0x6E, 0xB3,
    0x5A, 0xFD, 0x69, 0xAD, 0x36, 0x1D, 0xAC, 0xE6, 0x37, 0xAD, 0x96, 0x4A, 0xAE, 0x6C, 0x42, 0xA5,
    0x31, 0x58, 0x63, 0xBF, 0xAD, 0x16, 0x22, 0x05, 0xED, 0xB4, 0xE2, 0xDD, 0x64, 0x5D, 0xD5, 0x3A,
    0xAE, 0x75, 0x63, 0xEB, 0xD4, 0xD6, 0xC5, 0xA3, 0x0E, 0x9F, 0x2F, 0xF1, 0x60, 0x60, 0x43, 0xC3,
    0x53, 0x17, 0x6F, 0xE9, 0x23, 0x7C, 0x7C, 0x43, 0xBF, 0xC3, 0x81, 0x4F, 0x72, 0x34, 0x3C, 0xDA,
    0x87, 0x3A, 0xB2, 0xF5, 0xF0, 0x6A, 0xFA, 0xB3, 0x87, 0x37, 0xC4, 0xA3, 0x49, 0xBC, 0x6C, 0x82,
    0xED, 0x42, 0xBC, 0x8B, 0x40, 0x8B, 0x2D, 0xE5, 0xC5, 0xD6, 0xDF, 0x71, 0x1F, 0x6D, 0xE8, 0x7F,
    0x0D, 0xD0, 0xC4, 0x5F, 0x41, 0xC2, 0x23, 0xFE, 0x87, 0x83, 0x1C, 0xFF, 0x14, 0x84, 0x39, 0xDC,
    0x20, 0x72, 0xE2, 0xB3, 0x10, 0xA7, 0x64, 0x14, 0x72, 0xB4, 0xF4, 0x4A, 0xDF, 0x12, 0x7F, 0x58,
    0xD5, 0x35, 0x75, 0xF4, 0x11, 0xD7, 0xBA, 0xB0, 0xE8, 0xA0, 0x54, 0x48, 0xC6, 0xB6, 0xC7, 0x0F,
    0xBF, 0xD2, 0x99, 0xB1, 0xED, 0x94, 0x4A, 0xF3, 0x66, 0xDC, 0xAB, 0x3E, 0x10, 0x08, 0xE4, 0x6A,
    0xDB, 0xE7, 0xC7, 0x36, 0x7F, 0xB4, 0xCB, 0x9F, 0xF1, 0x18, 0xAB, 0xF1, 0xC5, 0x89, 0x1D, 0xFE,
    0xF7, 0xD5, 0xAF, 0x5C, 0xBF, 0x41, 0xDA, 0x2B, 0x8F, 0xB9, 0x22, 0xCD, 0xE0, 0xEA, 0x03, 0x21,
    0x23, 0xF7, 0xEF, 0x31, 0xD5, 0x86, 0xC7, 0x90, 0x79, 0xCC, 0xDF, 0xDE, 0xA3, 0xDD, 0x44, 0x68,
    0xD8, 0x84, 0x7B, 0xB7, 0xDB, 0x5D, 0x77, 0xE8, 0xD3, 0x97, 0x9D, 0x32, 0xCF, 0x72, 0xC2, 0x3C,
    0x44, 0x5D, 0x9D, 0xE9, 0x9E, 0xF0, 0x5C, 0x0E, 0x88, 0x78, 0xEC, 0x0F, 0x3B, 0x8D, 0xEE, 0xFB,
    0x7A, 0x5B, 0xFA, 0x12, 0xE5, 0x9E, 0x5E, 0x9B, 0xB8, 0xD7, 0x82, 0x1E, 0x3A, 0xD8, 0xA3, 0xB2,
    0x6F, 0x06, 0x80, 0xD7, 0x55, 0x4C, 0x37, 0x1D, 0x36, 0x25, 0x12, 0xEE, 0x0B, 0xAE, 0x29, 0xD7,
    0x90, 0xFA, 0x5D, 0x27, 0x37, 0x5F, 0x3C, 0xC5, 0x37, 0x87, 0xD7, 0x9E, 0xF0, 0x49, 0x10, 0xEC,
    0x97, 0x4F, 0xF4, 0xBB, 0xE2, 0x61, 0xDF, 0x5F, 0x88, 0xF4, 0x06, 0xB8, 0xC3, 0xFC, 0x24, 0x9C,
    0xF3, 0x40, 0xF4, 0xE7, 0xD4, 0xDD, 0xB6, 0x1F, 0x29, 0xF5, 0x70, 0xE3, 0x5D, 0x50, 0x07, 0x3A,
    0x2A, 0xF5, 0x47, 0x5A, 0xCD, 0x42, 0x8B, 0x45, 0x68, 0xCE, 0x2F, 0xA9, 0x19, 0x53, 0xD6, 0xA6,
    0x81, 0x56, 0x4A, 0x77, 0x1D, 0xFF, 0x04, 0xAE, 0x50, 0x6F, 0xC3, 0x76, 0x7A, 0xF2, 0x88, 0xDB,
    0xFF, 0x3A, 0xD7, 0x23, 0xF5, 0x85, 0x6C, 0x24, 0x87, 0x85, 0x85, 0x86, 0xF4, 0x71, 0x40, 0x1F,
    0x03, 0xEC, 0x3B, 0xE5, 0xCC, 0x73, 0xB4, 0x0F, 0xBF, 0xF9, 0xC1, 0xAE, 0x27, 0xCF, 0x78, 0xA1,
    0xEB, 0x36, 0x8D, 0xA8, 0x90, 0xE4, 0xD5, 0x74, 0xA2, 0x6A, 0xFF, 0x17, 0xB4, 0x5A, 0x3C, 0xF7,
    0xA9, 0xFC, 0x47, 0xED, 0x25, 0x74, 0xB6, 0x5F, 0xCE, 0xE9, 0x05, 0x5E, 0x64, 0xA3, 0xC0, 0x4F,
    0x13, 0x2F, 0x30, 0xD3, 0x14, 0x01, 0x0E, 0x22, 0x8B, 0x5D, 0x80, 0xCB, 0x9F, 0x9C, 0x45, 0x01,
    0x0B, 0x61, 0x41, 0x9F, 0xA3, 0x65, 0x4A, 0x9C, 0xF7, 0x95, 0xBE, 0x7E, 0x57, 0xD4, 0xA0, 0x38,
    0x82, 0xB3, 0xC8, 0x89, 0xAB, 0x1E, 0x9D, 0xCB, 0x50, 0x4B, 0xDF, 0x25, 0xA2, 0x9D, 0xA7, 0xE9,
    0xB8, 0xF5, 0x5E, 0x04, 0xFB, 0xA3, 0x66, 0xE5, 0xA4, 0x0D, 0x90, 0x82, 0x08, 0x4F, 0x0F, 0xC9,
    0x92, 0xE8, 0xD8, 0x33, 0xE3, 0x49, 0xEB, 0x99, 0x2D, 0x0B, 0x3E, 0xB9, 0xCC, 0x17, 0xE9, 0x0B,
    0x44, 0x54, 0x92, 0xF8, 0x86, 0xEB, 0x45, 0x63, 0xDC, 0x77, 0x03, 0x25, 0xBC, 0xE3, 0x5A, 0x16,
    0x12, 0x96, 0xFD, 0x87, 0x64, 0xAB, 0xA1, 0x1A, 0xAF, 0x68, 0x5B, 0xF6, 0x44, 0x67, 0x94, 0x3E,
    0x36, 0x97, 0x79, 0x07, 0xCC, 0xDB, 0x5F, 0x33, 0x2F, 0x6D, 0x98, 0x77, 0x88, 0xCD, 0x3B, 0xC5,
    0xA1, 0xCA, 0xAC, 0x34, 0x59, 0x14, 0x70, 0xFF, 0xC5, 0xAE, 0x49, 0xB4, 0x6A, 0x88, 0xFF, 0x7D,
    0x1E, 0x1E, 0xB2, 0x21, 0xED, 0x0D, 0x81, 0xE8, 0x9B, 0xD7, 0xFE, 0xF8, 0x86, 0x80, 0x1B, 0x94,
    0x82, 0xE7, 0x01, 0xA1, 0xB7, 0x9A, 0x7F, 0xB8, 0xB1, 0x3A, 0xF0, 0x02, 0x10, 0xAF, 0x21, 0xC4,
    0xEF, 0x0E, 0xC4, 0xEF, 0x13, 0xC4, 0xEF, 0x18, 0xC4, 0xEF, 0x1D, 0x44, 0xEF, 0x22, 0x44, 0xEF,
    0x27, 0x9C, 0x4E, 0xDD, 0x5E, 0x74, 0xCA, 0xD4, 0xF8, 0x23, 0xEF, 0xF6, 0x7C, 0xB6, 0x82, 0xB7,
    0x35, 0x4E, 0x58, 0xBD, 0xD5, 0xDD, 0x99, 0x6A, 0xB6, 0x65, 0x21, 0xFB, 0xDB, 0x8A, 0x09, 0x78,
    0xF9, 0x87, 0xB7, 0xE5, 0xCB, 0xD9, 0x78, 0xAF, 0x0B, 0x6E, 0xA2, 0xC9, 0x4C, 0xF8, 0xCA, 0x8B,
    0x28, 0xFD, 0xFC, 0xA2, 0x08, 0xCF, 0x56, 0xE1, 0x67, 0xE5, 0x53, 0x26, 0x2A, 0xFF, 0x47, 0xCC,
    0x3D, 0x2A, 0xEF, 0x3E, 0x59, 0xC4, 0xF4, 0xF8, 0xF3, 0x22, 0x1F, 0xAF, 0x84, 0x60, 0xEB, 0x9A,
    0x9A, 0x7F, 0x64, 0xF1, 0x3E, 0x0B, 0x52, 0xE7, 0xFA, 0x10, 0x9B, 0x4E, 0x5D, 0xAF, 0x11, 0x12,
    0x7C, 0x05, 0xD4, 0xF4, 0x89, 0xF0, 0xDD, 0x90, 0xAE, 0xE4, 0x06, 0x31, 0x91, 0x18, 0x31, 0xEC,
    0xFF, 0x76, 0xA5, 0xF3, 0xFA, 0x4D, 0x97, 0x74, 0x51, 0xBE, 0x98, 0xA8, 0x98, 0xD5, 0x80, 0xD5,
    0x54, 0x7A, 0xCA, 0x03, 0x36, 0xA6, 0xE6, 0x6A, 0xA4, 0x6C, 0xC1, 0xB7, 0x98, 0x82, 0x1B, 0x28,
    0x5D, 0x8B, 0x49, 0xF9, 0x46, 0x6A, 0x52, 0x7A, 0xD5, 0x8B, 0xAE, 0x1D, 0x3F, 0x17, 0x1E, 0x01,
    0xC9, 0xCC, 0xE3, 0x81, 0x6F, 0x78, 0x38, 0xB8, 0xB2, 0xB3, 0xF8, 0x65, 0x2D, 0x05, 0x16, 0x63,
    0x95, 0x6C, 0xBB, 0x46, 0x93, 0xF2, 0xB0, 0xAE, 0x8F, 0x67, 0xA0, 0x09, 0x00, 0x41, 0x8B, 0x48,
    0xB0, 0x4B, 0xBC, 0x88, 0x8B, 0x12, 0x2D, 0xDB, 0xCC, 0xC8, 0x28, 0x8E, 0x6C, 0x19, 0x65, 0x4B,
    0x15, 0xDC, 0x97, 0xB1, 0xA7, 0xB6, 0x9D, 0x62, 0xF9, 0xE5, 0x28, 0x58, 0xA9, 0xD1, 0x44, 0x54,
    0x39, 0xE1, 0x78, 0x33, 0xE0, 0x5B, 0x77, 0x78, 0x63, 0x01, 0xEB, 0xAF, 0xDC, 0xE7, 0x01, 0x21,
    0x44, 0x5C, 0x4B, 0x3F, 0xD6, 0xA7, 0x48, 0xD2, 0x65, 0xDF, 0x45, 0xFA, 0x47, 0xCA, 0x57, 0x74,
    0xC5, 0x81, 0x3A, 0x5D, 0x98, 0x34, 0x53, 0x9B, 0x06, 0x26, 0xB9, 0x90, 0xFB, 0x6C, 0xEA, 0xEA,
    0x62, 0x16, 0x91, 0xB9, 0x6F, 0x5A, 0x51, 0xB3, 0x1B, 0x0A, 0xEF, 0x7A, 0x51, 0xB2, 0xF3, 0xE5,
    0xE8, 0x30, 0xDC, 0xFB, 0x6A, 0x10, 0x5E, 0x6E, 0x02, 0xAE, 0x2F, 0x7C, 0xD3, 0x4B, 0x6B, 0xDD,
    0x55, 0x7E, 0xB1, 0x42, 0x16, 0xBA, 0x3A, 0x9B, 0x45, 0x9D, 0x52, 0x82, 0xFC, 0x08, 0xA5, 0xF2,
    0xAA, 0x9A, 0x5F, 0x4C, 0xFB, 0x24, 0x14, 0x5C, 0x27, 0x45, 0x4E, 0xD6, 0x62, 0xE8, 0xDD, 0x5A,
    0x4B, 0xF1, 0x9B, 0xFF, 0x55, 0x0D, 0xEC, 0x86, 0x6B, 0xDF, 0xC2, 0xCC, 0x79, 0xC1, 0xE9, 0x5F,
    0xC3, 0x86, 0x4D, 0xDF, 0x0C, 0x8A, 0x66, 0xA9, 0x6F, 0x6E, 0x6E, 0xFA, 0xA2, 0x14, 0x1E, 0xDC,
    0x1C, 0x85, 0x2C, 0xA6, 0x8C, 0x88, 0xAD, 0x7C, 0x45, 0x70, 0x7B, 0x11, 0xD0, 0xA7, 0xAA, 0x59,
    0xB2, 0xA2, 0x7A, 0x9D, 0xFC, 0x84, 0x9F, 0x2C, 0xE4, 0x29, 0x50, 0xAA, 0x79, 0x57, 0x38, 0x4B,
    0xC6, 0x72, 0x99, 0xCA, 0xAC, 0x66, 0x2B, 0xC3, 0xA3, 0x44, 0x0B, 0x6A, 0xBA, 0xB4, 0x38, 0x31,
    0x66, 0xAB, 0xFF, 0x1A, 0x0F, 0xB9, 0xB4, 0xB3, 0x76, 0x11, 0x8F, 0xC0, 0x66, 0xB8, 0x3F, 0xBC,
    0xFD, 0x9B, 0xDE, 0x7F, 0x34, 0x91, 0x4D, 0x01, 0x52, 0x4F, 0x0B, 0x89, 0x1F, 0x7F, 0x74, 0xC2,
    0x77, 0x53, 0xAE, 0x84, 0xAE, 0xA5, 0x5E, 0x22, 0x5A, 0xC9, 0x83, 0xD0, 0x62, 0xD6, 0xD1, 0x67,
    0x4A, 0x57, 0x92, 0xDE, 0xCF, 0x62, 0xED, 0x1D, 0xD7, 0x62, 0x6F, 0x96, 0x95, 0x48, 0x7C, 0x7B,
    0x4A, 0x18, 0x6E, 0x45, 0x10, 0xD7, 0x9A, 0x41, 0x2E, 0x4C, 0x56, 0x11, 0x92, 0x2E, 0x22, 0x30,
    0xD3, 0xA1, 0x2D, 0xD7, 0x41, 0x50, 0x87, 0x04, 0xFE, 0xB1, 0xC7, 0xFE, 0x8A, 0x0D, 0xF5, 0xF6,
    0x30, 0x60, 0x9D, 0x3B, 0xBF, 0xF1, 0x2D, 0xD4, 0x3C, 0xFE, 0x03, 0x03, 0x23, 0xD1, 0xD7, 0xCE,
    0x24, 0x7B, 0xC3, 0xAC, 0x52, 0x24, 0x0B, 0xB3, 0xD7, 0x50, 0xC7, 0xFD, 0xED, 0x21, 0x1F, 0xC8,
    0xC2, 0x26, 0x61, 0x61, 0x37, 0x47, 0x68, 0xC7, 0x2D, 0xDF, 0xE9, 0xF4, 0xE4, 0x81, 0xB7, 0x21,
    0x59, 0xA8, 0x87, 0x8F, 0xBF, 0x85, 0x5B, 0x00, 0x5C, 0x1C, 0xB7, 0x93, 0x70, 0x9C, 0x23, 0xC5,
    0x29, 0xEA, 0x01, 0x51, 0x2A, 0x59, 0xD2, 0xB0, 0x09, 0x51, 0xC8, 0x53, 0xCE, 0xC8, 0xBD, 0x28,
    0xB8, 0x39, 0x52, 0x42, 0x12, 0x07, 0xA1, 0x52, 0x11, 0xE5, 0x80, 0x41, 0x70, 0x27, 0x8E, 0x22,
    0x07, 0xD7, 0x78, 0xBB, 0xD0, 0x4D, 0x7B, 0x51, 0x71, 0x46, 0xDA, 0xC8, 0xE8, 0xE3, 0x59, 0x41,
    0x2C, 0x11, 0xB6, 0x8D, 0x3E, 0x8D, 0x13, 0xED, 0x64, 0xF8, 0x66, 0x0B, 0xB6, 0x5E, 0x23, 0x4E,
    0xFF, 0xDF, 0xAF, 0x11, 0xE3, 0x6F, 0x18, 0xDF, 0xA4, 0x87, 0x1B, 0xA6, 0x0B, 0xA6, 0x0B, 0x6B,
    0x21, 0x1C, 0x18, 0xED, 0x83, 0xA6, 0xE2, 0x93, 0x68, 0x54, 0x8E, 0xF1, 0x25, 0xAA, 0x0E, 0x5B,
    0x0F, 0x3B, 0xD4, 0x35, 0x8F, 0xFE, 0x9A, 0x21, 0xB6, 0x38, 0x6F, 0x52, 0x6C, 0x99, 0xC5, 0x3B,
    0xA5, 0x6D, 0x04, 0x38, 0x28, 0x59, 0x36, 0xD2, 0x93, 0x93, 0xB8, 0x3A, 0x7A, 0xAF, 0x6B, 0x30,
    0x6A, 0x47, 0x70, 0x36, 0x4E, 0x8F, 0xCD, 0x31, 0xF0, 0x05, 0x67, 0x7C, 0xCF, 0x19, 0x5F, 0x77,
    0xC6, 0xB7, 0x9E, 0xA3, 0x2F, 0x3F, 0x17, 0xD7, 0x54, 0x4D, 0x21, 0x8E, 0xEB, 0x7D, 0xF2, 0x0F,
    0xBC, 0xF1, 0x8B, 0x50, 0xCA, 0x37, 0x7F, 0xE3, 0xF7, 0x71, 0x78, 0xC9, 0x39, 0x5F, 0x12, 0xF3,
    0x9A, 0x31, 0x2F, 0x05, 0x73, 0x70, 0x2B, 0xC4, 0x89, 0x02, 0xA5, 0xC1, 0xAC, 0x4D, 0xBF, 0xFF,
    0xDF, 0xFF, 0x01, 0xEC, 0x97, 0x47, 0x8E, 0x86, 0x46, 0x10, 0x85, 0x1F, 0x20, 0x0D, 0x96, 0xB0,
    0xC4, 0xCA, 0x39, 0xE0, 0xB4, 0xE7, 0x08, 0x8D, 0xE4, 0x03, 0xFD, 0x47, 0x00, 0xF9, 0x04, 0x73,
    0x88, 0xD9, 0xFA, 0x0C, 0xB4, 0xF3, 0x96, 0x1B, 0x98, 0x85, 0xE3, 0x0E, 0xD9, 0xC8, 0xC2, 0x36,
    0xF0, 0xAC, 0x52, 0x35, 0x4D, 0xE1, 0x9C, 0x73, 0x69, 0xFE, 0xAE, 0xF7, 0x8D, 0xD4, 0xD5, 0xE1,
    0xD5, 0x1F, 0x80, 0x46, 0x3D, 0xFD, 0xB4, 0x70, 0x23, 0x80, 0x1B, 0x1F, 0xE0, 0x06, 0xA0, 0x20,
    0xD9, 0xB5, 0x1E, 0xE8, 0x49, 0xCE, 0x6C, 0x90, 0x91, 0x12, 0x40, 0xC5, 0x0F, 0x70, 0xE3, 0x0A,
    0xB8, 0x1D, 0x48, 0x39, 0x03, 0xF2, 0x42, 0xBB, 0x20, 0xE5, 0x00, 0xA0, 0xDA, 0x90, 0xB1, 0x81,
    0x94, 0x90, 0x3F, 0x40, 0xB0, 0xDC, 0x44, 0xA4, 0xF4, 0xD5, 0x0A, 0x09, 0xFA, 0x7A, 0x51, 0x31,
    0xB8, 0x19, 0x12, 0xFD, 0xE8, 0x74, 0x23, 0xED, 0xF4, 0x6D, 0xE1, 0x7E, 0x58, 0xB4, 0xA7, 0x88,
    0x75, 0x62, 0xE5, 0xB8, 0x56, 0x5C, 0xFD, 0xD8, 0x4F, 0x17, 0x77, 0x18, 0xF7, 0x1C, 0x4E, 0x11,
    0xCF, 0x35, 0x1D, 0x27, 0xF5, 0x08, 0x67, 0x07, 0xF4, 0x36, 0x16, 0x20, 0xDC, 0x0F, 0x24, 0x6E,
    0xFC, 0x00, 0x21, 0x8A, 0xF5, 0x87, 0x53, 0xB9, 0x00, 0xB7, 0xBD, 0x29, 0x67, 0xE4, 0xE4, 0x52,
    0x4D, 0xA8, 0x49, 0xB6, 0x23, 0x28, 0xE1, 0x53, 0x7E, 0x90, 0x92, 0xC8, 0xD9, 0xC0, 0x6D, 0x28,
    0x37, 0xC8, 0xAB, 0x5A, 0x64, 0x69, 0xC8, 0x09, 0x53, 0x4D, 0x09, 0x9B, 0x56, 0x5C, 0x62, 0xD7,
    0x0E, 0x92, 0xFC, 0xF7, 0xA7, 0x11, 0x92, 0x74, 0x42, 0xA7, 0xD3, 0x1B, 0x2D, 0xA6, 0xA5, 0x77,
    0x59, 0x08, 0xF5, 0x8A, 0x94, 0x1F, 0xA8, 0x83, 0x24, 0x07, 0x40, 0xB6, 0xD4, 0x00, 0xB9, 0x9E,
    0x51, 0xB6, 0x8B, 0x23, 0xD8, 0xFD, 0x80, 0x90, 0x3D, 0xA9, 0xC8, 0x09, 0x7A, 0x48, 0x95, 0xED,
    0x10, 0xF3, 0x21, 0xBA, 0x20, 0x66, 0xFC, 0xF3, 0xC4, 0x04, 0xF4, 0x03, 0x20, 0x06, 0xA0, 0x8D,
    0x62, 0x02, 0x20, 0x17, 0x2D, 0x6D, 0x07, 0x0E, 0x80, 0x74, 0x5B, 0x2A, 0x33, 0x4A, 0x36, 0x28,
    0xF4, 0x1E, 0x3F, 0x48, 0xFA, 0x1D, 0x40, 0xC2, 0xA3, 0x6D, 0x5A, 0x92, 0x63, 0xE8, 0x9F, 0x1D,
    0xA1, 0x7F, 0xEE, 0x71, 0x44, 0xCA, 0xEF, 0x49, 0xD9, 0xAE, 0x0D, 0xB4, 0xC9, 0xE2, 0x8E, 0xAB,
    0xA6, 0x51, 0x92, 0xDB, 0x1B, 0x49, 0x6E, 0xC4, 0xEF, 0x9A, 0x5C, 0x48, 0xA3, 0xA6, 0xC9, 0xA6,
    0x7A, 0x91, 0x24, 0x7D, 0x24, 0xA9, 0xE0, 0xBD, 0xDC, 0x42, 0x46, 0x3D, 0x57, 0x48, 0xB5, 0xA6,
    0xA4, 0xE7, 0x03, 0x4C, 0xBC, 0x82, 0x3B, 0x8B, 0x1B, 0xEA, 0xCE, 0x20, 0xBB, 0xDE, 0x1B, 0x74,
    0x9F, 0xD3, 0x10, 0x4A, 0xAE, 0x16, 0x33, 0x4E, 0x16, 0x41, 0x7F, 0x41, 0x77, 0x21, 0x3C, 0x82,
    0x9F, 0x8A, 0xA7, 0xC9, 0x4F, 0xD5, 0x16, 0x89, 0x29, 0xBC, 0xCD, 0x2D, 0xB2, 0xBB, 0xE2, 0x7C,
    0xE2, 0x80, 0x67, 0x0E, 0x33, 0xC1, 0xB1, 0xF7, 0xDA, 0xF0, 0xBA, 0x4D, 0x2F, 0x98, 0x71, 0x80,
    0x56, 0x87, 0x20, 0xC2, 0xE6, 0xAB, 0x4D, 0xD1, 0xC9, 0x52, 0x92, 0x14, 0xAB, 0x35, 0x54, 0x52,
    0x2C, 0xF7, 0xF0, 0xE1, 0xA5, 0x98, 0x13, 0x3A, 0x2A, 0x66, 0xD4, 0xDE, 0x88, 0xD8, 0x68, 0x25,
    0xC5, 0x94, 0x1D, 0x80, 0x7E, 0xBA, 0x20, 0x7D, 0xC0, 0x44, 0x50, 0x66, 0x18, 0x2C, 0x08, 0x8B,
    0xD5, 0x0A, 0x3B, 0xD7, 0xCD, 0x17, 0xEC, 0x47, 0x98, 0x75, 0x13, 0xFA, 0x13, 0x43, 0xE1, 0x73,
    0xCF, 0x85, 0x1C, 0xE3, 0x3C, 0x51, 0xB9, 0x46, 0xAC, 0xD6, 0x50, 0xF8, 0xBC, 0x8D, 0x76, 0x8A,
    0xC8, 0xE9, 0x70, 0x37, 0xDC, 0x64, 0x38, 0x05, 0x8E, 0x7B, 0xCE, 0x08, 0x45, 0x75, 0xA1, 0xD8,
    0x14, 0x83, 0x47, 0x25, 0x25, 0x96, 0xC3, 0xC1, 0xFA, 0xC4, 0x05, 0x11, 0xD5, 0xFD, 0x88, 0x38,
    0xE2, 0x51, 0x24, 0xA6, 0x43, 0x5D, 0x53, 0x8C, 0x86, 0xC6, 0x7A, 0x8A, 0x6D, 0x83, 0x72, 0xA1,
    0xC7, 0x51, 0x15, 0x19, 0x09, 0xE8, 0x92, 0x82, 0x5C, 0xE3, 0x7E, 0xC2, 0xA7, 0xC7, 0xD9, 0x32,
    0xA5, 0x3F, 0x4F, 0x02, 0xA4, 0xE6, 0x98, 0x1A, 0xA6, 0x5F, 0xEC, 0x05, 0xC1, 0xDC, 0x9E, 0xF6,
    0xA1, 0x0F, 0x57, 0x6B, 0x29, 0xA7, 0xA5, 0x8C, 0x57, 0x6A, 0x20, 0x63, 0x77, 0xDA, 0x29, 0xB3,
    0x0D, 0xB9, 0x55, 0x29, 0x09, 0x4D, 0x64, 0x48, 0xAC, 0xBE, 0xB6, 0x50, 0x9C, 0x27, 0x45, 0x0C,
    0xD5, 0x8B, 0xED, 0xCC, 0x76, 0x8A, 0x64, 0x1B, 0x31, 0xD7, 0x76, 0x31, 0xED, 0x51, 0xEC, 0xE6,
    0x7C, 0xF2, 0x32, 0x67, 0x77, 0x93, 0xBD, 0x97, 0x7E, 0x30, 0x77, 0x26, 0xFB, 0xB2, 0x9D, 0x61,
    0x1B, 0x23, 0xDF, 0xBF, 0xD3, 0x17, 0xE3, 0xE1, 0x51, 0x15, 0x69, 0xC1, 0x41, 0xC1, 0xDB, 0x40,
    0xA2, 0x92, 0xD7, 0xA5, 0x25, 0xD2, 0xF0, 0xD6, 0xDE, 0x00, 0x87, 0x62, 0x88, 0xD0, 0x0E, 0x6E,
    0x8C, 0x50, 0x7D, 0xC9, 0x2E, 0x42, 0xCE, 0x1D, 0x11, 0x12, 0x2E, 0x27, 0xA0, 0x1D, 0x0D, 0x54,
    0x9D, 0x81, 0x3B, 0x18, 0xC0, 0x4F, 0xC0, 0x6D, 0x7F, 0x75, 0xD3, 0x23, 0x79, 0xF1, 0xF8, 0xEB,
    0x08, 0x8E, 0xE4, 0x01, 0x09, 0x0D, 0x64, 0xF2, 0xDD, 0x24, 0x05, 0x90, 0xB3, 0x29, 0xD8, 0xA0,
    0x14, 0x40, 0xB5, 0xA3, 0x5C, 0x8F, 0xD2, 0x6E, 0x11, 0xFB, 0x02, 0x70, 0x82, 0x9B, 0x02, 0xA4,
    0xF4, 0x27, 0xE4, 0x94, 0x63, 0x04, 0x90, 0x2A, 0xED, 0x10, 0xC0, 0x2D, 0x06, 0xFA, 0x29, 0x82,
    0xDA, 0xA4, 0x73, 0xD4, 0xF8, 0x08, 0xC5, 0x06, 0xC4, 0xD2, 0xD5, 0x22, 0x30, 0x0B, 0x04, 0xD7,
    0xAB, 0x55, 0x81, 0x83, 0xF6, 0x89, 0x80, 0xB6, 0x67, 0xCE, 0x4E, 0x40, 0x2D, 0x4F, 0xB9, 0xE0,
    0x99, 0x4D, 0x8B, 0x01, 0x7A, 0xEC, 0x4A, 0xD2, 0x80, 0x5A, 0x00, 0xB5, 0x42, 0x6E, 0x01, 0xCF,
    0xF0, 0xAB, 0x26, 0x40, 0xFC, 0x26, 0x2A, 0xD7, 0x9F, 0x25, 0xFF, 0x97, 0xD5, 0x12, 0xA5, 0x9B,
    0x55, 0x8E, 0x62, 0xBA, 0x48, 0xA4, 0x7B, 0x93, 0x73, 0xE8, 0x49, 0xF2, 0x2D, 0x19, 0xBA, 0x28,
    0x77, 0x88, 0xA4, 0x6F, 0xC9, 0x39, 0xC8, 0xB4, 0x8F, 0x3F, 0x3B, 0xF3, 0x39, 0x14, 0x0F, 0xEB,
    0x54, 0x5B, 0xC8, 0x81, 0xF3, 0xB0, 0x12, 0xF0, 0xCB, 0x72, 0xB9, 0xFE, 0x53, 0xB2, 0x5E, 0xC9,
    0x0F, 0xE7, 0xE0, 0xC3, 0x72, 0xCD, 0xD5, 0xAC, 0x39, 0x3C, 0x1B, 0x25, 0x94, 0x8C, 0x8C, 0x1C,
    0x42, 0xEE, 0x34, 0x6F, 0x90, 0x48, 0x79, 0x8F, 0xC7, 0xC7, 0xF0, 0x04, 0x98, 0x2E, 0x32, 0x16,
    0x94, 0xB1, 0x64, 0xD0, 0xF1, 0xFF, 0xC0, 0x4F, 0x8F, 0xD9, 0xFE, 0x57, 0x8C, 0x13, 0x64, 0xDC,
    0x64, 0xAC, 0x38, 0x64, 0x3B, 0x4A, 0xFA, 0x6C, 0x47, 0x26, 0x23, 0x70, 0xF3, 0xFA, 0x21, 0xA6,
    0x63, 0xBE, 0x9D, 0xCF, 0x65, 0x7A, 0x85, 0xED, 0x02, 0x80, 0x9C, 0x80, 0x84, 0x1C, 0x20, 0x23,
    0x80, 0xA4, 0xFF, 0x00, 0xE8, 0xBB, 0xF3, 0x97, 0x78, 0x3B, 0xF6, 0xC3, 0x85, 0xE6, 0x0B, 0xAD,
    0x17, 0xE2, 0x95, 0xFC, 0x85, 0xC6, 0x0B, 0xCD, 0x96, 0xDE, 0x5F, 0x2D, 0xBD, 0x47, 0x4B, 0x6F,
    0xB2, 0x33, 0xE4, 0x39, 0x58, 0x72, 0xB3, 0xA5, 0x6A, 0xB5, 0x54, 0xEC, 0x96, 0x32, 0x36, 0x86,
    0x40, 0x6F, 0xA9, 0x9D, 0x2C, 0xD5, 0x8B, 0xA5, 0x72, 0xB5, 0x94, 0xD3, 0x52, 0xCA, 0xD7, 0x0C,
    0x81, 0x6F, 0x5A, 0x72, 0x9F, 0x59, 0xAA, 0xBF, 0x08, 0x34, 0x08, 0x95, 0x54, 0xEA, 0x85, 0x90,
    0x5D, 0x28, 0x0D, 0x44, 0x2F, 0x04, 0xA5, 0x34, 0x50, 0x4B, 0x14, 0x0D, 0x72, 0x36, 0x42, 0xA8,
    0x29, 0xFD, 0x7F, 0x23, 0x84, 0x50, 0x12, 0x35, 0xC9, 0x55, 0x29, 0x57, 0x9A, 0x94, 0x32, 0x4A,
    0x5D, 0x76, 0x4A, 0x09, 0x81, 0x67, 0xF8, 0x01, 0x62, 0xD8, 0xC7, 0x12, 0x8E, 0xD1, 0x7F, 0x4E,
    0xD1, 0x7C, 0x9E, 0xCE, 0xD7, 0x9D, 0xB1, 0xDD, 0x78, 0x6E, 0x0C, 0x37, 0x6E, 0x1B, 0xAB, 0x8D,
    0xCF, 0xD1, 0xE4, 0x76, 0x50, 0x87, 0x55, 0xAA, 0xBD, 0x2A, 0xDD, 0x1C, 0x65, 0xB5, 0x46, 0x59,
    0xEC, 0x41, 0x06, 0x4B, 0x55, 0x82, 0x3E, 0xCA, 0x76, 0x8A, 0xB2, 0x5E, 0xA2, 0x2C, 0xD7, 0x28,
    0x73, 0xAA, 0x54, 0x03, 0x55, 0xAA, 0x7B, 0x2A, 0xD5, 0x3A, 0x95, 0xEA, 0x9B, 0x31, 0x4D, 0x65,
    0x76, 0xCA, 0xF4, 0x94, 0x30, 0xB2, 0x3D, 0x65, 0x7D, 0xCA, 0xF2, 0x94, 0xF9, 0x29, 0xB3, 0x53,
    0x26, 0x22, 0x3D, 0x42, 0x58, 0xF9, 0x4D, 0x3B, 0x57, 0x0F, 0x63, 0xB9, 0x92, 0x95, 0x8F, 0x6D,
    0xBD, 0xF6, 0x8E, 0xBC, 0xC2, 0x04, 0x88, 0x7D, 0xA2, 0x85, 0xFC, 0x02, 0x82, 0x17, 0x00, 0x7E,
    0x21, 0x09, 0x53, 0x26, 0x0F, 0xD8, 0x9C, 0x60, 0x5F, 0xBE, 0xC1, 0xE4, 0x12, 0x3B, 0xB6, 0x20,
    0x97, 0x3A, 0x78, 0x39, 0x04, 0xE4, 0x9B, 0x12, 0xEC, 0x3C, 0x5B, 0x6C, 0x48, 0x80, 0x03, 0x24,
    0x02, 0x02, 0x2C, 0xD4, 0x1B, 0x90, 0xD5, 0x48, 0x5E, 0xD6, 0xCD, 0x2B, 0xFB, 0xC0, 0x39, 0x5F,
    0x55, 0xD7, 0xF5, 0x9D, 0xDB, 0x3B, 0x3D, 0x4C, 0xCF, 0x4F, 0xCF, 0xBB, 0x25, 0xF5, 0xF9, 0x4E,
    0xFB, 0xA7, 0xEE, 0xBD, 0xAE, 0xAF, 0xAA, 0xCE, 0x4F, 0x95, 0xFB, 0xA8, 0x72, 0x50, 0x61, 0x08,
    0xA0, 0x88, 0x41, 0x83, 0x52, 0x81, 0x32, 0xB0, 0xEE, 0x5D, 0x54, 0xA7, 0xA0, 0x56, 0xDB, 0xAB,
    0xED, 0xDE, 0xDB, 0x3B, 0x15, 0x5C, 0xF3, 0xE6, 0x25, 0xF9, 0xB9, 0x52, 0xCC, 0x4C, 0xB0, 0x38,
    0xBD, 0x62, 0x83, 0xE2, 0x54, 0x19, 0xA9, 0xDD, 0x54, 0xE9, 0xA8, 0x60, 0xAF, 0x64, 0xDC, 0x40,
    0x49, 0xB8, 0x83, 0x42, 0x3C, 0xDC, 0xA9, 0xF4, 0x1F, 0x5E, 0x21, 0x14, 0x33, 0x7A, 0xA5, 0x8D,
    0xAE, 0xCC, 0x51, 0x93, 0xE5, 0x68, 0x30, 0x70, 0x09, 0xCA, 0x1A, 0x5A, 0x6D, 0x86, 0x52, 0xA8,
    0x2D, 0x90, 0x36, 0xF4, 0x35, 0xFE, 0x9D, 0x92, 0x10, 0x4D, 0x2B, 0xA0, 0x64, 0x6C, 0xAC, 0xAF,
    0x35, 0x54, 0x6B, 0x58, 0x01, 0x63, 0x3B, 0x2E, 0xB2, 0xE4, 0xCB, 0xDD, 0xAD, 0x87, 0x8B, 0xE1,
    0x95, 0x07, 0x92, 0x78, 0xC5, 0x04, 0x36, 0xF5, 0xDC, 0xED, 0x3F, 0x2B, 0xE1, 0x7E, 0xDA, 0x7F,
    0x8D, 0x7C, 0xF5, 0x93, 0x6F, 0xE1, 0x7C, 0x8D, 0xE5, 0xEC, 0xED, 0xD0, 0xDA, 0xFA, 0x48, 0x8E,
    0x99, 0xB2, 0x30, 0xFE, 0x79, 0xCE, 0xB2, 0x74, 0x5A, 0x55, 0x1A, 0x0A, 0xA3, 0x0C, 0x1E, 0xA5,
    0xDC, 0xA2, 0x55, 0xE7, 0xC1, 0x20, 0x2E, 0x9D, 0xFE, 0x61, 0xB6, 0xD7, 0xAA, 0x6B, 0xEB, 0xBD,
    0x1B, 0x13, 0xE2, 0x94, 0xAD, 0x2A, 0x8D, 0x77, 0x77, 0xA4, 0x6A, 0xF6, 0x4A, 0x02, 0xAF, 0x7C,
    0x82, 0xA5, 0x8C, 0x79, 0x53, 0x95, 0x19, 0x75, 0x51, 0xBD, 0xA0, 0x76, 0x91, 0xD5, 0xA2, 0xCA,
    0x2A, 0xC1, 0x30, 0xF4, 0x52, 0xE3, 0x2D, 0x09, 0x35, 0xD8, 0xE1, 0xE2, 0x7D, 0x2E, 0xCD, 0x43,
    0x86, 0xCA, 0x51, 0x7D, 0x20, 0x89, 0x84, 0xFD, 0x9A, 0x1B, 0x78, 0x3D, 0xC1, 0xDD, 0xC1, 0xE5,
    0xDE, 0xC1, 0xB9, 0xA0, 0x93, 0xE5, 0xA7, 0x7C, 0x8D, 0x48, 0x6B, 0xA7, 0xD2, 0xAA, 0x74, 0x94,
    0x7E, 0x43, 0x2D, 0xE6, 0x6B, 0xC6, 0x47, 0x87, 0x98, 0x23, 0x24, 0x9E, 0xD9, 0x05, 0xFF, 0x0F,
    0x37, 0xFA, 0x63, 0x9B, 0x9C, 0x45, 0x56, 0x2A, 0xCD, 0xD6, 0xA4, 0xDC, 0x88, 0xD3, 0x89, 0x39,
    0x82, 0x1B, 0x8E, 0xD2, 0x1F, 0x69, 0x27, 0x91, 0x66, 0x95, 0xDA, 0x6A, 0xBD, 0xAB, 0x50, 0x99,
    0xA8, 0x14, 0xD7, 0xF1, 0x1B, 0xFA, 0x92, 0x32, 0x7A, 0x4E, 0xE5, 0xD0, 0x0F, 0xED, 0x58, 0xFF,
    0xB7, 0x5C, 0xB1, 0x22, 0xF2, 0x2D, 0x6D, 0x55, 0x37, 0x44, 0x4F, 0x08, 0x05, 0x34, 0xFF, 0x68,
    0xFE, 0x9E, 0x50, 0xD2, 0x49, 0xD4, 0x42, 0x62, 0x15, 0xA5, 0xE3, 0x41, 0x47, 0x6A, 0x76, 0x60,
    0x54, 0x29, 0xE3, 0x35, 0xED, 0x8B, 0x99, 0xDE, 0xCF, 0x1F, 0xD1, 0x15, 0x7D, 0x8E, 0x8E, 0x33,
    0xD3, 0xB7, 0x50, 0x36, 0x6F, 0x4C, 0x10, 0xFF, 0x8B, 0x0B, 0xFD, 0xCE, 0x42, 0x29, 0xD1, 0x39,
    0xD0, 0xFA, 0x28, 0x2E, 0x28, 0x5F, 0xD0, 0xE9, 0x82, 0xC0, 0xFC, 0x2E, 0x54, 0x0F, 0xFF, 0x3E,
    0x86, 0xF3, 0x63, 0x80, 0x3F, 0x84, 0xFC, 0x43, 0x12, 0xE0, 0x11, 0xA5, 0x32, 0x9A, 0x07, 0x4E,
    0x65, 0x60, 0xB8, 0xFD, 0x4A, 0xBA, 0x3B, 0x06, 0xDB, 0xC2, 0xE5, 0xB0, 0x70, 0x9E, 0x59, 0x6F,
    0xD8, 0x08, 0xD4, 0xE8, 0x7B, 0x7E, 0x68, 0x4B, 0x67, 0x22, 0xB4, 0xEA, 0x9D, 0x05, 0xC9, 0x84,
    0x3C, 0xC6, 0xDD, 0x9A, 0x90, 0x76, 0x40, 0x12, 0x02, 0xB9, 0x0F, 0x77, 0x32, 0xF7, 0xD1, 0xF8,
    0x54, 0xC6, 0xBD, 0x73, 0x1F, 0xDD, 0xDD, 0xB9, 0x8F, 0x15, 0x1F, 0x74, 0xCF, 0xDC, 0xC7, 0x40,
    0x5F, 0x62, 0xFE, 0x78, 0xA1, 0x43, 0x70, 0x86, 0x21, 0xED, 0xEF, 0x7C, 0x2C, 0x1F, 0x83, 0x1A,
    0x1E, 0x1E, 0xC2, 0x4B, 0x94, 0x2C, 0x0A, 0x98, 0xAF, 0x76, 0xC5, 0x67, 0x15, 0x3E, 0x76, 0x80,
    0xC7, 0x6E, 0x6C, 0x3B, 0x02, 0x90, 0xE7, 0xF0, 0x59, 0x0E, 0x9F, 0xE3, 0xF0, 0x19, 0x8E, 0x9C,
    0x67, 0xC9, 0x6F, 0x20, 0xBB, 0x11, 0x72, 0x1B, 0xC8, 0x6C, 0x84, 0xBC, 0x06, 0xE2, 0x65, 0x08,
    0x94, 0x21, 0x42, 0x86, 0xD0, 0xD8, 0x9B, 0xCE, 0x0E, 0x48, 0x4C, 0xBC, 0x0B, 0x69, 0x20, 0x27,
    0x95, 0x36, 0x4A, 0xE4, 0x39, 0x90, 0xE6, 0x40, 0x96, 0xC3, 0x27, 0x39, 0x20, 0x6B, 0x95, 0xC8,
    0x70, 0x64, 0xF8, 0xC5, 0x7B, 0xD8, 0x97, 0x7C, 0xA2, 0xE7, 0x6A, 0x0B, 0x10, 0xA2, 0xEA, 0x09,
    0x0F, 0x01, 0x70, 0xD0, 0x5F, 0x72, 0xE6, 0x0C, 0xCC, 0x98, 0x69, 0x27, 0x77, 0xE5, 0x39, 0xE5,
    0x3A, 0x65, 0x97, 0x0B, 0x25, 0x3A, 0x08, 0x43, 0xE2, 0x08, 0xCE, 0x3E, 0x32, 0xFE, 0xDC, 0xCE,
    0xC3, 0xC5, 0xA0, 0x50, 0x85, 0x99, 0x21, 0x9A, 0xCD, 0x4F, 0x13, 0xCE, 0x47, 0x22, 0xFE, 0x5B,
    0x27, 0xE6, 0x25, 0xFF, 0x72, 0x96, 0xEA, 0x79, 0xB8, 0x52, 0xE8, 0x48, 0x0E, 0x3E, 0x25, 0xCA,
    0xC7, 0x33, 0x7F, 0x04, 0xE8, 0xF7, 0x54, 0xFE, 0xB9, 0x4A, 0x56, 0x0F, 0x42, 0x65, 0xB6, 0xC6,
    0x28, 0x59, 0x1D, 0xC7, 0x9C, 0x17, 0x17, 0x99, 0x15, 0x67, 0xB3, 0x74, 0x62, 0xD0, 0x06, 0xE9,
    0x8F, 0xD0, 0x0B, 0xCA, 0xEC, 0xA3, 0x63, 0xD4, 0x95, 0xDA, 0x45, 0xE9, 0xA2, 0x33, 0x78, 0xC2,
    0x7F, 0x29, 0x40, 0x06, 0x5D, 0xA9, 0xE4, 0x46, 0x18, 0x95, 0x3A, 0xED, 0x47, 0xC3, 0xD7, 0x15,
    0x32, 0xDD, 0x60, 0x54, 0x00, 0x30, 0x0A, 0x9D, 0xE9, 0xCC, 0xA8, 0x27, 0x94, 0xAA, 0xEF, 0x5F,
    0xC9, 0xA8, 0xAD, 0x1F, 0x91, 0xE1, 0x34, 0xFC, 0xD4, 0x7A, 0xB8, 0x9D, 0xB9, 0x7E, 0x46, 0xA9,
    0x70, 0xA9, 0x79, 0x85, 0x4B, 0x0D, 0xB8, 0x94, 0x3E, 0x3E, 0x2E, 0x7D, 0xE6, 0xFD, 0x62, 0x40,
    0xDB, 0xF9, 0xF0, 0xDC, 0xC1, 0xE2, 0xA1, 0xA7, 0x85, 0xD3, 0xD1, 0xE9, 0x6F, 0x56, 0x70, 0x69,
    0x05, 0x89, 0xBE, 0x38, 0x35, 0x3A, 0x9D, 0x47, 0x27, 0x98, 0x8B, 0xE8, 0x8A, 0x36, 0x46, 0xA2,
    0x53, 0x9F, 0xAD, 0x52, 0x69, 0x3A, 0x24, 0x87, 0x31, 0x3A, 0x4D, 0xBF, 0x75, 0x74, 0x7A, 0x6C,
    0xF3, 0x1D, 0x3C, 0xFD, 0xFC, 0x36, 0x03, 0xB7, 0xA8, 0x64, 0xCA, 0xBE, 0xA1, 0x67, 0x8C, 0x68,
    0xEB, 0x18, 0x63, 0x6E, 0xF0, 0x85, 0x7C, 0x24, 0xC2, 0x45, 0x59, 0x38, 0x0D, 0x72, 0xEC, 0xE5,
    0x28, 0x67, 0xDB, 0x49, 0xA4, 0x9A, 0x9A, 0x8B, 0x7E, 0x37, 0x9D, 0x2C, 0x5B, 0x5B, 0x8A, 0x8F,
    0x3F, 0x16, 0x7C, 0x55, 0x71, 0x97, 0xC1, 0x0B, 0x42, 0x33, 0xD5, 0x88, 0xF9, 0xF7, 0x37, 0x3E,
    0x18, 0xE5, 0xE8, 0xB4, 0x72, 0x54, 0xD0, 0x40, 0xBF, 0xF0, 0x73, 0x75, 0xCA, 0x5E, 0xC9, 0x8E,
    0x15, 0x9C, 0xC2, 0xC5, 0x0F, 0x1C, 0x7D, 0x3A, 0x47, 0x9F, 0xEE, 0x6B, 0x2B, 0xCA, 0xC5, 0x95,
    0x83, 0xDC, 0xD9, 0x8A, 0x8F, 0x2A, 0x12, 0xF5, 0xA6, 0xFC, 0x8C, 0xD3, 0x4D, 0xE9, 0x5E, 0xA3,
    0xE0, 0xE2, 0xF7, 0xC9, 0xCF, 0x33, 0x3F, 0x83, 0xCF, 0x6B, 0x26, 0x8C, 0x77, 0x90, 0x38, 0x12,
    0xCE, 0x3E, 0x36, 0x7E, 0x82, 0x90, 0x2C, 0xF8, 0x7A, 0xFD, 0xAD, 0x0B, 0x1A, 0x75, 0x83, 0xDE,
    0x47, 0x3D, 0xE1, 0xA8, 0x67, 0x07, 0x7A, 0xB1, 0x82, 0x52, 0xF0, 0x03, 0xA2, 0x6E, 0x6C, 0xD4,
    0xDB, 0x21, 0xEA, 0xDC, 0x41, 0x07, 0xE9, 0xA0, 0x2B, 0xDD, 0xA0, 0xA3, 0x9A, 0xA8, 0xD7, 0x36,
    0xEA, 0x66, 0x8C, 0x3A, 0x0F, 0xD0, 0x7D, 0x52, 0x0B, 0xA9, 0x1F, 0xD0, 0x37, 0xE8, 0x85, 0x8B,
    0x7A, 0x35, 0x07, 0x1D, 0xF4, 0x0E, 0xF7, 0xB6, 0x63, 0xD0, 0x81, 0x5E, 0x4F, 0x59, 0x0A, 0xF4,
    0xEC, 0x40, 0x2F, 0x0F, 0xF4, 0x2A, 0xEA, 0xA0, 0x29, 0x07, 0x3B, 0x2E, 0xEA, 0x3C, 0x40, 0x87,
    0xBF, 0xA4, 0x7A, 0x24, 0x12, 0x74, 0x84, 0x1F, 0xD1, 0x5B, 0x2A, 0x17, 0x75, 0x33, 0x47, 0xBD,
    0xB5, 0x51, 0x87, 0x22, 0x27, 0x5F, 0xA3, 0xBD, 0x45, 0x41, 0x7F, 0xE8, 0x6F, 0xF0, 0xE3, 0x9B,
    0x92, 0x79, 0x54, 0x6D, 0x6C, 0x99, 0x17, 0xD5, 0x5E, 0x6A, 0xFB, 0x4B, 0xFF, 0x60, 0xBE, 0xAA,
    0xF4, 0xA7, 0x21, 0x84, 0x8F, 0x84, 0xE3, 0xEC, 0x17, 0x14, 0x25, 0x3C, 0x89, 0x65, 0xA7, 0xDA,
    0x10, 0xFC, 0x6F, 0xD1, 0x6A, 0xAB, 0xFD, 0xA6, 0x53, 0xAD, 0x67, 0x14, 0x9B, 0x73, 0xD0, 0xAA,
    0x5B, 0x0D, 0xFD, 0x08, 0x51, 0x5C, 0xA2, 0xB8, 0x50, 0xD1, 0x8F, 0x5F, 0x5E, 0xC3, 0xB1, 0x76,
    0x0A, 0x9A, 0x99, 0xC3, 0x1D, 0x06, 0xC3, 0xCD, 0x4A, 0x17, 0xCC, 0xD7, 0xF4, 0x13, 0x0A, 0x35,
    0x63, 0xE9, 0xDE, 0xD6, 0x87, 0xFE, 0x36, 0x55, 0xA2, 0xD1, 0x1F, 0xF0, 0x0D, 0xD1, 0xCF, 0x11,
    0x43, 0x78, 0x86, 0xE5, 0x6A, 0x7A, 0xE1, 0xF5, 0x6D, 0x77, 0x08, 0x94, 0xD8, 0x94, 0x0F, 0xD7,
    0x74, 0xE9, 0xC8, 0x7F, 0xCA, 0x1F, 0x07, 0xF7, 0x05, 0x16, 0x17, 0x94, 0x2C, 0xD0, 0x0B, 0x63,
    0x08, 0x5A, 0x1C, 0x05, 0xCD, 0x8D, 0x31, 0xD0, 0x2B, 0xB3, 0x57, 0xCC, 0xAD, 0x62, 0x4F, 0x28,
    0x60, 0xD3, 0x09, 0x65, 0x8E, 0x8A, 0x72, 0xB5, 0xA9, 0x17, 0xAF, 0x54, 0xCE, 0x2B, 0xE5, 0xEA,
    0x95, 0x82, 0xFD, 0xC5, 0x19, 0x37, 0x50, 0x52, 0x1E, 0xA0, 0x10, 0xCF, 0x5E, 0x69, 0x37, 0xAF,
    0xD4, 0x7C, 0x4D, 0x3F, 0x12, 0x05, 0x6D, 0xA4, 0x5C, 0x0E, 0x4A, 0x85, 0xA7, 0x81, 0x27, 0xD6,
    0x08, 0xD6, 0xFA, 0xE4, 0x60, 0x8A, 0x62, 0xD5, 0x00, 0x2E, 0x77, 0xC2, 0x0D, 0x2C, 0xB0, 0x6C,
    0xA8, 0xD4, 0xD0, 0xB4, 0x40, 0xBD, 0x28, 0x18, 0x7B, 0x08, 0xED, 0x04, 0x18, 0x85, 0x63, 0xEE,
    0x08, 0x70, 0xCE, 0x78, 0xB0, 0xA8, 0x65, 0x56, 0xA8, 0x9C, 0x42, 0xC9, 0x24, 0xAA, 0xAC, 0x18,
    0x97, 0x91, 0x1C, 0x9F, 0x4E, 0x2D, 0xA0, 0x52, 0x10, 0x8A, 0x87, 0xBD, 0x04, 0x1E, 0x96, 0xB8,
    0xDA, 0x27, 0x86, 0x8B, 0x2C, 0xE5, 0xD7, 0x74, 0xC9, 0x23, 0x15, 0xE8, 0xF1, 0x25, 0x7E, 0xAF,
    0xC0, 0xA4, 0x9D, 0xE5, 0x06, 0x4D, 0xDE, 0xD1, 0x57, 0xDE, 0x11, 0xF1, 0xF6, 0x74, 0xBE, 0x12,
    0xE2, 0xFC, 0x33, 0x2A, 0x02, 0x27, 0x42, 0xA4, 0x1F, 0x13, 0x60, 0x8C, 0xF5, 0xDF, 0x19, 0xEC,
    0xFF, 0x69, 0x5C, 0x49, 0x3D, 0x47, 0x16, 0x06, 0x12, 0x96, 0x3C, 0x2B, 0x07, 0x0D, 0x83, 0x82,
    0x60, 0xA0, 0x18, 0xE6, 0x3B, 0xFE, 0x15, 0xBC, 0x67, 0x5F, 0xE5, 0x76, 0xDC, 0x03, 0x82, 0x79,
    0x40, 0x7B, 0x17, 0x82, 0x36, 0xB7, 0x38, 0xEF, 0xB1, 0x5E, 0x80, 0x95, 0x03, 0x96, 0x2B, 0x30,
    0xD0, 0x2D, 0xB0, 0x2D, 0x90, 0x2D, 0x70, 0x2D, 0x50, 0x2D, 0x30, 0x2D, 0x12, 0x0D, 0xE8, 0x69,
    0x16, 0x59, 0x86, 0x14, 0x76, 0x39, 0xA6, 0x8B, 0x4F, 0x5E, 0x07, 0xA3, 0x08, 0x83, 0xA4, 0xE1,
    0xD8, 0xAE, 0x99, 0xBD, 0x3B, 0x55, 0x0D, 0xB2, 0x82, 0xAB, 0xA0, 0x2A, 0x98, 0x0A, 0xA2, 0x82,
    0xA7, 0xA0, 0x29, 0x58, 0x6A, 0x6C, 0x94, 0xA0, 0x61, 0x3B, 0xEE, 0x65, 0xF4, 0x97, 0xE2, 0x95,
    0xE0, 0x26, 0xA8, 0x09, 0x66, 0x82, 0x98, 0xE0, 0x25, 0x68, 0x09, 0x56, 0x46, 0x52, 0x96, 0x90,
    0x8B, 0xCA, 0x39, 0xB6, 0x41, 0x6F, 0x41, 0x47, 0xB0, 0x11, 0x64, 0x14, 0x7D, 0x0A, 0x54, 0xBC,
    0x00, 0x93, 0xAA, 0x21, 0xB3, 0x02, 0xB6, 0x9A, 0x95, 0x6C, 0x2D, 0x0C, 0x3D, 0x90, 0xAF, 0x5F,
    0x0F, 0x07, 0x9C, 0x62, 0x24, 0x9F, 0xA6, 0x3A, 0x2E, 0xFD, 0xA0, 0xA3, 0xB8, 0x00, 0x56, 0x36,
    0x87, 0x25, 0xCD, 0x66, 0x51, 0x60, 0x2B, 0x90, 0xF1, 0x20, 0x50, 0x32, 0x09, 0x18, 0xA7, 0xC0,
    0x56, 0x20, 0xE3, 0x41, 0xA0, 0x64, 0x12, 0x30, 0x4E, 0x81, 0xAD, 0xC0, 0x2F, 0x79, 0x10, 0xF8,
    0x0F, 0x9F, 0x3C, 0x5B, 0x00, 0x0E, 0xC0, 0x0D, 0xCE, 0x8D, 0x02, 0xFF, 0x04, 0xE2, 0x0F, 0xED,
    0xAA, 0x50, 0x71, 0x87, 0xAA, 0x47, 0x7C, 0xD0, 0xAC, 0x60, 0x56, 0x8A, 0x5F, 0x22, 0x7C, 0xA5,
    0x04, 0x5F, 0x90, 0xDA, 0x45, 0xA1, 0x5E, 0x15, 0x0A, 0x56, 0xC8, 0xC2, 0x22, 0xA8, 0x49, 0xA1,
    0xB7, 0x0A, 0xC6, 0xFD, 0x80, 0x2E, 0x04, 0x1B, 0x49, 0x44, 0x9B, 0x97, 0x58, 0xC4, 0xBF, 0x62,
    0xD9, 0x5F, 0x0C, 0x25, 0x3C, 0xA1, 0x93, 0xE5, 0xB3, 0x7F, 0x44, 0xAB, 0x3D, 0x84, 0x6C, 0x2D,
    0x42, 0xF2, 0xA5, 0x38, 0xF4, 0x72, 0xA4, 0x5C, 0x45, 0x9A, 0x59, 0x24, 0x8F, 0xFF, 0x27, 0x33,
    0xE1, 0xE7, 0x52, 0x6E, 0x72, 0xBD, 0x59, 0x44, 0xB2, 0xB0, 0xEE, 0x3B, 0x5D, 0x36, 0xEE, 0xA7,
    0x28, 0x6E, 0x54, 0x8E, 0x7A, 0x76, 0x16, 0x59, 0xAF, 0x22, 0x0B, 0xBD, 0x37, 0xE5, 0x41, 0x6A,
    0xEB, 0xAD, 0xD6, 0xEC, 0x44, 0x96, 0x9B, 0xC8, 0x8C, 0x9B, 0xF0, 0xE9, 0xF2, 0x68, 0x44, 0x9A,
    0x59, 0x64, 0xE5, 0xFE, 0x3F, 0xA9, 0xE0, 0x73, 0x2A, 0x18, 0x07, 0x10, 0x28, 0x47, 0xE9, 0xA3,
    0x05, 0x8B, 0x92, 0xAD, 0x41, 0xE1, 0xA0, 0xC4, 0x7D, 0x30, 0x41, 0xA9, 0xB7, 0x07, 0x4B, 0xFF,
    0x9A, 0x07, 0xDB, 0xFA, 0xF6, 0xFA, 0xF4, 0x2F, 0x8F, 0x07, 0x3B, 0xB0, 0x72, 0x3F, 0xDF, 0x5A,
    0x85, 0x7A, 0x54, 0x30, 0x1E, 0x26, 0x00, 0x6E, 0x28, 0x79, 0x8A, 0xF6, 0x14, 0x1E, 0xE7, 0x6B,
    0x94, 0x37, 0x28, 0x1F, 0x9A, 0xC8, 0x67, 0x22, 0x63, 0x5A, 0x3F, 0x0D, 0xF7, 0x2D, 0xDF, 0xDB,
    0xEE, 0x90, 0x74, 0xF4, 0x47, 0x72, 0xB7, 0x25, 0x27, 0x00, 0x7B, 0x33, 0xE5, 0x9F, 0xCC, 0xD1,
    0xDA, 0xBC, 0xF7, 0xB2, 0x12, 0xB8, 0xB6, 0xA7, 0x60, 0x0B, 0xF6, 0x22, 0x68, 0xA7, 0x80, 0xBA,
    0x33, 0x5F, 0x37, 0xAE, 0xA8, 0x97, 0x70, 0x05, 0xFC, 0x3D, 0x5C, 0x71, 0x68, 0x5E, 0x07, 0xC6,
    0x6E, 0x08, 0x42, 0xF1, 0x0A, 0x40, 0x65, 0x97, 0x8C, 0xB3, 0x6D, 0x88, 0xC1, 0x1D, 0xF2, 0x27,
    0x05, 0xF7, 0x92, 0x00, 0xC3, 0x0E, 0xE0, 0x54, 0x03, 0x72, 0xA6, 0x3F, 0x41, 0x30, 0xCD, 0xDC,
    0xD0, 0x85, 0xB7, 0xAD, 0x78, 0x06, 0x0C, 0x4A, 0xE3, 0x95, 0xB0, 0x35, 0x45, 0xF7, 0x31, 0x86,
    0xA5, 0x76, 0x6F, 0xB5, 0x98, 0xA2, 0xD4, 0x46, 0x7E, 0x45, 0x0E, 0xB7, 0x7E, 0x7F, 0x0E, 0xAA,
    0xBB, 0xF8, 0x14, 0x78, 0x42, 0x0F, 0xBD, 0x35, 0xCD, 0xEB, 0x55, 0x64, 0x3B, 0xC3, 0x6D, 0xC6,
    0x0F, 0x52, 0x79, 0xA3, 0x92, 0x27, 0x91, 0x30, 0x43, 0x9E, 0x71, 0x83, 0x9B, 0xD1, 0xFF, 0xA3,
    0x69, 0x58, 0xCD, 0x51, 0x96, 0x4B, 0xD4, 0xEB, 0x9D, 0xF9, 0x08, 0xFE, 0x54, 0x57, 0x92, 0x1C,
    0xA8, 0xB5, 0x9D, 0xCD, 0xAD, 0xF5, 0x7B, 0x85, 0x75, 0xB5, 0xD8, 0x5A, 0x8A, 0x0D, 0xA5, 0x62,
    0xF6, 0x61, 0xF3, 0x68, 0xC9, 0x2E, 0x6C, 0x14, 0x85, 0x8D, 0x7D, 0xD7, 0x56, 0x50, 0xEE, 0x3E,
    0x0A, 0x11, 0x1C, 0x5B, 0xB0, 0xA8, 0xDA, 0x74, 0xB3, 0xAF, 0x88, 0xD9, 0xF7, 0xA7, 0xFA, 0x86,
    0xE8, 0xBC, 0x53, 0xF5, 0xBC, 0x53, 0xF5, 0xF8, 0xDF, 0x50, 0xC2, 0xB5, 0x28, 0xA1, 0x22, 0xDA,
    0x7D, 0x0A, 0xCA, 0x8E, 0x08, 0x74, 0xC0, 0x83, 0x8F, 0x7B, 0xFF, 0xE9, 0x79, 0xFF, 0x69, 0x2C,
    0xD9, 0xFA, 0x91, 0xFC, 0xF3, 0xF0, 0xFB, 0x4F, 0xCF, 0xFB, 0x4F, 0x09, 0xE6, 0x92, 0x96, 0x6C,
    0x02, 0x96, 0x47, 0xA1, 0xAF, 0x7E, 0xDA, 0xED, 0x7A, 0xC9, 0xB6, 0xFD, 0x65, 0xC5, 0x04, 0x4C,
    0xBB, 0xFB, 0x87, 0xE9, 0xCE, 0x61, 0xBA, 0x10, 0x55, 0xCA, 0xC7, 0x68, 0x8E, 0x78, 0x0B, 0x68,
    0x8C, 0xE6, 0xD1, 0x1A, 0x4F, 0x96, 0x30, 0x8C, 0xE9, 0xFB, 0x11, 0xAC, 0xEB, 0x87, 0x70, 0xF3,
    0x7B, 0xD3, 0x55, 0x7B, 0x2B, 0x9D, 0xA5, 0xDC, 0x5F, 0x7F, 0x98, 0xCF, 0x65, 0xAF, 0xAF, 0x51,
    0x2F, 0xB6, 0xA8, 0xE7, 0xAC, 0xF3, 0x53, 0x98, 0x99, 0xE4, 0xCF, 0xEB, 0x1A, 0x12, 0x54, 0x9D,
    0xF8, 0x86, 0xDA, 0x15, 0xBA, 0xF6, 0x4F, 0xE7, 0xF5, 0xB8, 0x95, 0x11, 0xE4, 0x6A, 0xA0, 0x87,
    0xE8, 0xC0, 0xEF, 0xF3, 0xD6, 0xE0, 0xC4, 0x4D, 0xB0, 0x02, 0x14, 0xE4, 0x1E, 0x38, 0x19, 0x1A,
    0x11, 0x65, 0x85, 0x82, 0x9B, 0x83, 0xD8, 0x62, 0x02, 0x20, 0x1E, 0x15, 0xFA, 0xE9, 0x10, 0xDA,
    0x53, 0x80, 0x73, 0xE1, 0x86, 0x5D, 0x2D, 0xFE, 0xF7, 0x65, 0x4C, 0x07, 0x81, 0xD8, 0xCA, 0x29,
    0xB4, 0xB3, 0x02, 0x2C, 0xC7, 0x1C, 0xB3, 0x79, 0xCD, 0x24, 0xC0, 0x8B, 0x40, 0xC1, 0x93, 0x40,
    0xAF, 0xB3, 0xF2, 0xBF, 0xF3, 0x82, 0x47, 0xD0, 0x1D, 0x86, 0x5E, 0x3B, 0x85, 0x39, 0x90, 0xE5,
    0x6D, 0x20, 0x7A, 0x4A, 0x55, 0x03, 0x6C, 0x07, 0x8F, 0x76, 0x3F, 0xB2, 0xE5, 0x1B, 0x30, 0xE1,
    0xA3, 0x0B, 0x2B, 0xE0, 0x69, 0x97, 0x2B, 0x6C, 0x22, 0xED, 0x47, 0x8F, 0xB3, 0x47, 0xE7, 0x91,
    0x03, 0x0E, 0x1E, 0x27, 0x8F, 0x33, 0xD0, 0x6F, 0x16, 0x0D, 0x3B, 0x45, 0xC3, 0x36, 0x51, 0xD9,
    0x23, 0x0A, 0x34, 0x33, 0xB0, 0x72, 0xC0, 0x62, 0x03, 0x66, 0xDC, 0x28, 0x12, 0x0F, 0xC0, 0xD6,
    0x02, 0xEB, 0x05, 0x58, 0x3A, 0x60, 0xCE, 0x40, 0xDD, 0x05, 0x1A, 0xB6, 0x80, 0x86, 0xFD, 0x9F,
    0xD8, 0xFC, 0x09, 0x2C, 0x19, 0x98, 0x79, 0x4C, 0x3D, 0x52, 0xC0, 0xD6, 0x63, 0xED, 0xB1, 0xF4,
    0x98, 0x7B, 0xCC, 0x3C, 0x26, 0x1C, 0x06, 0xCE, 0xB2, 0x8B, 0x11, 0x04, 0x33, 0xC7, 0x01, 0xCA,
    0x1B, 0xCC, 0x8C, 0xD3, 0x53, 0x1C, 0x6F, 0xB3, 0xDF, 0xB2, 0xC7, 0x12, 0x84, 0x07, 0xDF, 0xD1,
    0xAB, 0xB1, 0xAF, 0x12, 0x9B, 0x2A, 0xB1, 0xA3, 0x12, 0xDB, 0x29, 0xB1, 0x73, 0xF2, 0x58, 0xF6,
    0xEF, 0x44, 0x2A, 0x77, 0xC8, 0x97, 0xB6, 0xA1, 0x18, 0x27, 0x40, 0x8F, 0x1E, 0xA0, 0xF4, 0x5B,
    0x73, 0xB4, 0x6B, 0xF2, 0xCF, 0x3C, 0x52, 0xB1, 0x00, 0xE3, 0xFE, 0xC6, 0x17, 0x55, 0x07, 0x65,
    0xCE, 0x07, 0x28, 0x36, 0x1B, 0x76, 0x47, 0x70, 0xCD, 0xFE, 0xAE, 0x9A, 0x8F, 0xEB, 0x69, 0x0F,
    0x17, 0xEE, 0x40, 0xE9, 0x7D, 0x8A, 0x85, 0xCD, 0xE4, 0xAD, 0x8B, 0xDA, 0x82, 0xFF, 0xCE, 0xA7,
    0x1B, 0xCB, 0xFB, 0xAC, 0xE0, 0x19, 0x3E, 0x81, 0x15, 0x3C, 0x44, 0x5F, 0x2A, 0xB9, 0x5C, 0x5C,
    0xFE, 0xE4, 0xF7, 0x79, 0x68, 0x27, 0xDE, 0xF4, 0xA4, 0x6F, 0xAD, 0x18, 0x10, 0x43, 0x30, 0x26,
    0x9B, 0x7E, 0x26, 0xF5, 0x0E, 0x7F, 0xAA, 0xB2, 0x82, 0x8E, 0xE3, 0x31, 0x60, 0xF3, 0x6C, 0x7C,
    0x94, 0xAB, 0x7C, 0xF6, 0x56, 0x4F, 0x31, 0x00, 0x41, 0x84, 0xA8, 0xB7, 0x51, 0x07, 0x05, 0xF6,
    0x81, 0x56, 0x64, 0x9E, 0x4F, 0xDF, 0x5A, 0x0D, 0x51, 0xCF, 0xCE, 0x2B, 0x81, 0x1E, 0xFD, 0x4A,
    0xA0, 0x5D, 0xF4, 0xED, 0x29, 0x00, 0xD5, 0xED, 0x47, 0x43, 0x74, 0xF6, 0xBD, 0x37, 0x83, 0xD1,
    0xE2, 0xE8, 0x06, 0xFA, 0x96, 0x42, 0xF9, 0x9C, 0xEE, 0x51, 0xCE, 0xEB, 0x84, 0xF6, 0x9B, 0xE0,
    0x53, 0x7B, 0xDC, 0x03, 0xAB, 0xA0, 0x18, 0x7B, 0xD4, 0x67, 0x53, 0x3E, 0xBE, 0x36, 0x0F, 0x97,
    0xD0, 0x40, 0xC7, 0x05, 0x2D, 0x82, 0xB7, 0x89, 0xB6, 0x21, 0x1D, 0xC3, 0x1D, 0x3A, 0xE6, 0x6F,
    0x38, 0x90, 0x73, 0x0D, 0x49, 0x9C, 0xE5, 0x38, 0x5D, 0xC5, 0x0B, 0x92, 0x06, 0x19, 0x23, 0x5D,
    0x25, 0x35, 0x60, 0xC4, 0xAB, 0xBF, 0xF3, 0xEE, 0x5F, 0xFB, 0x9F, 0x9E, 0x78, 0x3C, 0x20, 0x5D,
    0x95, 0xB1, 0x4F, 0x57, 0x15, 0xCE, 0xA7, 0xAB, 0xEA, 0xD9, 0x67, 0xA0, 0xDA, 0xC9, 0x2B, 0x3C,
    0x20, 0x39, 0x95, 0x31, 0x41, 0x29, 0x1C, 0x14, 0xB9, 0x16, 0xD7, 0xB4, 0x93, 0x28, 0xF5, 0x4C,
    0x3C, 0x20, 0x5D, 0x95, 0xB1, 0x4F, 0x57, 0x15, 0xCE, 0xA7, 0xAB, 0x6A, 0xB5, 0xCA, 0x86, 0x9C,
    0xDB, 0xC9, 0xBF, 0x4D, 0x94, 0x91, 0xA6, 0x4F, 0x98, 0xFD, 0x24, 0xD1, 0xBB, 0xE3, 0x74, 0x55,
    0x1B, 0xD2, 0x55, 0xCC, 0xC1, 0xD7, 0xF6, 0x01, 0x9F, 0xC2, 0xF9, 0x74, 0x55, 0x3A, 0x83, 0xA3,
    0xBB, 0xED, 0xA3, 0x70, 0x48, 0xE1, 0x91, 0x06, 0x6F, 0x0D, 0x4C, 0x00, 0x1D, 0xD1, 0x45, 0x31,
    0x14, 0xE1, 0x0A, 0xC0, 0x9D, 0x8B, 0x24, 0xD0, 0x3C, 0x48, 0x42, 0x19, 0xE4, 0x78, 0x18, 0x81,
    0x07, 0x0C, 0x42, 0xD2, 0x19, 0x24, 0x1B, 0x64, 0x35, 0x37, 0xD4, 0x22, 0x09, 0x25, 0x11, 0x0C,
    0x39, 0xAE, 0x53, 0x64, 0xF1, 0x9D, 0x42, 0xF5, 0x52, 0xA7, 0x8B, 0x76, 0xD0, 0x24, 0x14, 0x6B,
    0xDA, 0x29, 0x5B, 0x15, 0xCA, 0x45, 0xA1, 0x9E, 0x24, 0xFB, 0x34, 0xF5, 0x83, 0xC0, 0x4B, 0xD6,
    0x24, 0xD4, 0x6F, 0x9C, 0x7A, 0xF2, 0x3C, 0x6B, 0x12, 0x4A, 0xD6, 0x29, 0x6D, 0xEA, 0x01, 0xE0,
    0x75, 0xA4, 0x89, 0x1C, 0x47, 0x0C, 0xA4, 0xC4, 0x8C, 0x63, 0xFE, 0x0D, 0xEB, 0xB2, 0x3A, 0xC9,
    0x99, 0x45, 0xF3, 0xFA, 0xC7, 0x7E, 0xE7, 0x77, 0x62, 0x69, 0xF6, 0x96, 0x49, 0xE6, 0xA0, 0x6C,
    0x19, 0x07, 0x1B, 0x3D, 0x8C, 0x6D, 0x43, 0x1B, 0xF6, 0xAB, 0x54, 0x16, 0x34, 0x9E, 0xF3, 0x45,
    0x95, 0x6C, 0x4E, 0x97, 0x40, 0xE3, 0xAB, 0xF3, 0xF2, 0xE7, 0x87, 0x35, 0x9E, 0x52, 0x4A, 0xD5,
    0xBC, 0x17, 0xEB, 0xC0, 0x8C, 0xF5, 0x28, 0x75, 0xD6, 0xF6, 0x76, 0x05, 0xD4, 0x2A, 0xD5, 0x27,
    0x4C, 0x1A, 0x81, 0x1B, 0xCC, 0x10, 0xB6, 0x58, 0x3D, 0xA1, 0x8B, 0x47, 0x68, 0x12, 0x5D, 0xDE,
    0x10, 0xCA, 0xC1, 0x0C, 0x3C, 0x79, 0xB2, 0x15, 0xA1, 0x53, 0x66, 0x0B, 0x94, 0x21, 0x71, 0xC1,
    0xC8, 0x81, 0xB2, 0x2F, 0x67, 0x1E, 0x3E, 0x28, 0x0F, 0xB5, 0x32, 0x39, 0xB7, 0xC2, 0x00, 0x6A,
    0x84, 0x8E, 0xAD, 0xCC, 0xAD, 0x3A, 0x4E, 0x3E, 0xD7, 0x68, 0xE9, 0x8B, 0xFD, 0x76, 0x90, 0x47,
    0xC7, 0xC0, 0x8E, 0x24, 0x17, 0x32, 0x4A, 0xBC, 0xB8, 0xB4, 0xE5, 0x1C, 0x5C, 0xB4, 0x6C, 0xCB,
    0x18, 0x63, 0x61, 0xEC, 0x65, 0x93, 0x8C, 0x82, 0xC5, 0x28, 0xBF, 0x37, 0x6D, 0xF6, 0x11, 0x62,
    0xB4, 0xC6, 0x78, 0x42, 0x6A, 0xDB, 0xBF, 0x95, 0xD4, 0x29, 0xE6, 0x84, 0xC4, 0xD9, 0x07, 0xA9,
    0x9F, 0x97, 0x57, 0xA5, 0x7F, 0x32, 0x53, 0x6A, 0x75, 0xDC, 0xC7, 0x8C, 0xAB, 0x91, 0x7F, 0xB5,
    0x6A, 0x10, 0xA6, 0x32, 0xC8, 0xA7, 0xDB, 0x52, 0x78, 0x3A, 0x65, 0x56, 0x02, 0xF0, 0x49, 0x77,
    0xF7, 0xE2, 0x8D, 0x9C, 0x91, 0x97, 0x0D, 0x93, 0x66, 0x97, 0xF1, 0x74, 0x21, 0x91, 0x53, 0x5D,
    0x08, 0xE7, 0xC4, 0xF8, 0xA8, 0x74, 0xF9, 0x9A, 0x91, 0x4F, 0x75, 0x66, 0x52, 0x29, 0x57, 0xDE,
    0xB1, 0x71, 0x2D, 0x18, 0x7A, 0xC6, 0x46, 0x59, 0x7B, 0x6E, 0x83, 0x5A, 0x48, 0x98, 0xFD, 0x9A,
    0x7E, 0x34, 0x50, 0xCC, 0xAE, 0x8C, 0x94, 0x87, 0xF4, 0xC1, 0x7F, 0x79, 0x2B, 0x3E, 0xF2, 0x5C,
    0x2A, 0x1A, 0xC0, 0x73, 0x19, 0x57, 0xBF, 0x55, 0xB6, 0xAF, 0x58, 0x40, 0x19, 0xCB, 0x27, 0xDE,
    0xFA, 0x74, 0xB9, 0x84, 0x51, 0x19, 0x43, 0xB2, 0x8C, 0xC7, 0x36, 0x0C, 0xC6, 0x18, 0x89, 0xAB,
    0x6E, 0x3F, 0x0C, 0x3F, 0xB2, 0x76, 0xFF, 0x4C, 0xE6, 0xD9, 0x8A, 0xCA, 0x06, 0x1D, 0xBC, 0x9D,
    0xC4, 0x3A, 0x9B, 0xCB, 0x05, 0xAB, 0xBA, 0x53, 0x16, 0x57, 0xB3, 0x6F, 0xDA, 0x4E, 0x56, 0x89,
    0x76, 0xF4, 0xC3, 0xA3, 0xD5, 0xA0, 0xFD, 0xF0, 0x88, 0x44, 0x2A, 0x26, 0x6D, 0x31, 0xE4, 0x03,
    0xD5, 0x63, 0x35, 0x89, 0x41, 0x37, 0x4B, 0x77, 0x76, 0x78, 0x81, 0x90, 0x8C, 0x98, 0x1D, 0x99,
    0xC1, 0x8C, 0x54, 0x0D, 0xE5, 0x40, 0x17, 0xA7, 0x52, 0x33, 0x66, 0xFA, 0xC0, 0xA2, 0x1F, 0x29,
    0x47, 0x4A, 0x50, 0xBB, 0xA7, 0x74, 0x4E, 0xE9, 0x9A, 0xB1, 0x63, 0x7E, 0x9C, 0xAF, 0x93, 0xA2,
    0x67, 0xD7, 0xBA, 0x30, 0xAE, 0x64, 0xEE, 0xAA, 0xA9, 0x1E, 0x4D, 0x57, 0x58, 0x43, 0x99, 0xFE,
    0x11, 0xCA, 0x07, 0x7A, 0x9D, 0xD4, 0x17, 0xFE, 0x8D, 0x0F, 0xF4, 0x0B, 0xFA, 0x6B, 0xC5, 0x74,
    0x4B, 0x18, 0x0A, 0xFF, 0x45, 0xF4, 0x01, 0x86, 0xF8, 0xE6, 0x6E, 0x6F, 0xF4, 0x78, 0x1F, 0xC0,
    0x85, 0x5C, 0xB6, 0x23, 0x07, 0xE5, 0x6B, 0xFA, 0xEA, 0x61, 0xD7, 0x60, 0x9E, 0xDF, 0x2B, 0x05,
    0x97, 0x0D, 0x0E, 0x1B, 0xDC, 0xB5, 0xE8, 0xAC, 0x05, 0x57, 0x0D, 0x8E, 0x1A, 0x0C, 0x14, 0x34,
    0x10, 0x5C, 0xB4, 0x39, 0x38, 0x68, 0x9F, 0xD6, 0xEB, 0xA5, 0xE8, 0xC2, 0x23, 0x19, 0x9E, 0xA0,
    0xF8, 0x0B, 0x28, 0xD9, 0x52, 0x70, 0x32, 0x5B, 0xA8, 0x87, 0x62, 0xC9, 0x44, 0xE5, 0x5D, 0x2F,
    0x19, 0x3E, 0xD3, 0x35, 0x2E, 0xD0, 0xC2, 0x6A, 0x22, 0x04, 0x6A, 0x17, 0x8D, 0x1B, 0x14, 0x36,
    0x71, 0x08, 0xB2, 0xAC, 0x02, 0x03, 0xBD, 0xA0, 0x5D, 0xF9, 0x94, 0x78, 0x0A, 0xEB, 0xC2, 0xDB,
    0x17, 0xC1, 0x85, 0x80, 0x8D, 0x11, 0xF7, 0xEB, 0xB8, 0xDC, 0xC5, 0x61, 0x17, 0xB3, 0x30, 0x91,
    0xD1, 0x97, 0x23, 0xC2, 0xDE, 0xD8, 0x17, 0x2C, 0x63, 0xC4, 0xD3, 0x9F, 0x01, 0xDC, 0x00, 0x26,
    0xAC, 0x4E, 0x9B, 0x11, 0xFB, 0x74, 0x87, 0xC9, 0xE3, 0x9C, 0x15, 0xB2, 0x00, 0x8D, 0x40, 0x0A,
    0xC8, 0x76, 0x80, 0x2B, 0xC3, 0x7D, 0xC6, 0x61, 0x15, 0xD6, 0x12, 0x3E, 0xE1, 0xE0, 0xF3, 0x16,
    0x12, 0x40, 0xB6, 0x99, 0xDA, 0x59, 0xA1, 0x76, 0xFB, 0xBD, 0x39, 0x8D, 0x40, 0x58, 0x73, 0xC6,
    0x16, 0x75, 0xCE, 0x0A, 0xD5, 0xA9, 0x2F, 0x98, 0x1E, 0xA5, 0xD1, 0xAD, 0x82, 0x99, 0x7F, 0x40,
    0x9F, 0x11, 0xD5, 0x54, 0x49, 0x42, 0xB8, 0x1D, 0xA8, 0x1F, 0x5B, 0x18, 0x30, 0x88, 0x87, 0x64,
    0xAB, 0x24, 0x93, 0x34, 0x1A, 0x62, 0xC8, 0x34, 0xF4, 0x39, 0xFD, 0x90, 0x8E, 0xCB, 0x45, 0xBF,
    0x5D, 0xA5, 0xF2, 0x75, 0x35, 0x70, 0x2D, 0x62, 0xC8, 0xF8, 0xC7, 0x49, 0xA7, 0xFE, 0xF1, 0xFB,
    0x10, 0x44, 0xFD, 0x15, 0x7A, 0x8B, 0x23, 0x30, 0x18, 0x7B, 0x8C, 0x5A, 0x1D, 0xBD, 0x91, 0xB3,
    0x59, 0xA9, 0x14, 0x70, 0xA7, 0xCC, 0x99, 0x33, 0x09, 0xDE, 0xC8, 0x8A, 0x42, 0x56, 0xFB, 0x1F,
    0x7A, 0xE6, 0x45, 0x1E, 0x12, 0x33, 0x5B, 0xFE, 0x57, 0xFA, 0x1A, 0x29, 0x9F, 0x87, 0xFD, 0xA3,
    0x2F, 0x10, 0x51, 0x5D, 0xE4, 0x2D, 0x25, 0x20, 0x23, 0x5C, 0xE4, 0x26, 0xF8, 0xC8, 0xDE, 0x49,
    0x46, 0x78, 0x21, 0x4E, 0xE1, 0xC9, 0x42, 0x02, 0x74, 0xA5, 0x51, 0xEB, 0xF3, 0x1B, 0x7E, 0x8E,
    0x82, 0x9E, 0x93, 0x06, 0x3D, 0xE7, 0x7D, 0xD0, 0x93, 0x0E, 0x83, 0x9E, 0x55, 0x57, 0x86, 0xA0,
    0xE7, 0x63, 0x7B, 0x37, 0x54, 0xBE, 0x45, 0xEB, 0x25, 0xD8, 0x2E, 0xE9, 0xAA, 0xB4, 0xC8, 0x66,
    0xDA, 0x90, 0x26, 0x7A, 0x2E, 0x30, 0x9D, 0xB0, 0x59, 0xCE, 0x5C, 0xF1, 0xCE, 0x7F, 0xA6, 0x87,
    0x4A, 0x2C, 0xFC, 0x1E, 0x8D, 0x10, 0xA7, 0x29, 0x25, 0x0F, 0xA5, 0x21, 0xC9, 0xE7, 0xFB, 0x91,
    0xE1, 0xF1, 0xB1, 0x04, 0x06, 0x55, 0x01, 0x0B, 0xA3, 0xD5, 0xD1, 0x3E, 0x65, 0x84, 0x4F, 0xC5,
    0x20, 0x9B, 0xB0, 0x7D, 0xA6, 0x0B, 0xE1, 0xED, 0x6A, 0xB7, 0xAF, 0xBD, 0xF6, 0xFF, 0x39, 0x00,
    0x08, 0x57, 0x86, 0xED, 0x33, 0x0B, 0xEC, 0xC0, 0x60, 0xD9, 0xDE, 0xF8, 0x0C, 0x37, 0xD2, 0xB4,
    0xBC, 0xE2, 0xDF, 0x70, 0x76, 0xC2, 0xCC, 0x85, 0x0A, 0xD9, 0xA1, 0xFA, 0x50, 0xA1, 0x42, 0x0E,
    0xC8, 0x22, 0xC4, 0x83, 0xC5, 0x46, 0xBF, 0x83, 0x9D, 0x2F, 0xB5, 0x2C, 0xA3, 0x5B, 0x10, 0xC9,
    0xB6, 0x80, 0x0E, 0x8B, 0x79, 0x75, 0x52, 0x83, 0x4D, 0x7F, 0xB2, 0x94, 0xCB, 0x0E, 0x66, 0x85,
    0x10, 0xAF, 0x9E, 0x00, 0xC3, 0xC1, 0xE2, 0xEA, 0x4B, 0xFE, 0x95, 0x9A, 0x66, 0x83, 0xD4, 0xDE,
    0x55, 0xCC, 0x1A, 0x05, 0xBE, 0x6C, 0x74, 0x18, 0x6E, 0x63, 0x5C, 0x44, 0xFF, 0x95, 0x4A, 0x8D,
    0xB0, 0xAA, 0x66, 0xBE, 0x12, 0x36, 0xAD, 0x94, 0xEA, 0x57, 0xBB, 0xD4, 0x07, 0x52, 0xA9, 0x01,
    0xAB, 0x42, 0xE9, 0x5A, 0xA9, 0xB0, 0xBF, 0x2B, 0x5F, 0xE0, 0x79, 0x93, 0x60, 0xFD, 0xF9, 0xA0,
    0x93, 0x62, 0xCF, 0xEC, 0xE8, 0xE2, 0xD4, 0x0F, 0x51, 0x33, 0xAF, 0x80, 0x40, 0x53, 0xC1, 0xB2,
    0x56, 0xAB, 0x3B, 0x8D, 0xF1, 0xFD, 0xF5, 0x24, 0x84, 0xE5, 0xCA, 0x9F, 0x20, 0x9C, 0x2E, 0xDC,
    0xED, 0xA0, 0x39, 0x60, 0x95, 0xD9, 0x00, 0x0E, 0x30, 0x0A, 0x75, 0x44, 0xB4, 0xF7, 0x10, 0xCC,
    0xEE, 0x58, 0xE0, 0xC4, 0x5B, 0x08, 0xA3, 0x62, 0x0A, 0x7C, 0xAC, 0x67, 0xF4, 0xB6, 0x3F, 0x14,
    0x22, 0x6D, 0xCA, 0x6E, 0x22, 0x15, 0x97, 0xFC, 0xF7, 0x74, 0x5C, 0x22, 0x23, 0x4A, 0x11, 0x48,
    0xC7, 0x5B, 0x11, 0x81, 0x16, 0x58, 0x70, 0x2E, 0x54, 0xE4, 0x09, 0x24, 0x71, 0x4A, 0x54, 0xA9,
    0xB1, 0xBC, 0xD6, 0x15, 0x70, 0x4F, 0x84, 0x46, 0x13, 0x8C, 0x4C, 0xEF, 0x15, 0x02, 0xEA, 0xFD,
    0x48, 0x00, 0xA8, 0x3D, 0xEC, 0xDF, 0x7E, 0x31, 0x79, 0xBF, 0x30, 0xBE, 0xE8, 0xF2, 0x82, 0x57,
    0xD5, 0xD9, 0x02, 0x3A, 0xC0, 0x0C, 0x40, 0xA6, 0xA6, 0xC7, 0x0D, 0x39, 0xFB, 0x5A, 0x96, 0xC3,
    0xA6, 0x29, 0xB7, 0xC3, 0xB5, 0xEE, 0xD9, 0xEB, 0x21, 0xDF, 0x0E, 0x17, 0xC5, 0xD7, 0x0E, 0x75,
    0xCE, 0xB8, 0xC2, 0xC6, 0xF5, 0x7E, 0x7F, 0xC5, 0x8C, 0x47, 0xB0, 0x00, 0x3A, 0x7D, 0x2E, 0xE8,
    0xC5, 0xBF, 0xC2, 0xF7, 0xDA, 0x1A, 0x3D, 0x24, 0x82, 0x55, 0x0C, 0x4F, 0x9B, 0x0B, 0xD6, 0xDE,
    0x1E, 0x1B, 0x49, 0x44, 0x79, 0xAB, 0xD5, 0x16, 0xED, 0x88, 0xC5, 0x29, 0xCF, 0xE4, 0x23, 0xF0,
    0x01, 0x93, 0x88, 0x4D, 0x84, 0x9C, 0xB8, 0x64, 0x1B, 0xC6, 0x8C, 0xD2, 0x21, 0x75, 0x77, 0x6C,
    0xEC, 0xE3, 0x18, 0x1A, 0x54, 0x04, 0x3C, 0xE8, 0x51, 0xBE, 0x77, 0xD3, 0x4A, 0x6F, 0x6E, 0xA5,
    0x2D, 0x8D, 0x0C, 0xBA, 0x06, 0xDB, 0x90, 0xAE, 0xD4, 0x65, 0x49, 0x17, 0x6A, 0x0F, 0xDE, 0xE8,
    0xCE, 0xFF, 0xEC, 0x0E, 0xDE, 0xE6, 0x5E, 0xEE, 0xB6, 0x5A, 0x92, 0x3B, 0xF9, 0x16, 0xF7, 0xB8,
    0xFC, 0xFB, 0x3D, 0x00, 0x4B, 0x39, 0x0D, 0xB8, 0xE4, 0xFD, 0xC1, 0xC7, 0xF1, 0x2A, 0x07, 0x71,
    0xFA, 0x4B, 0xA5, 0xA5, 0x48, 0x86, 0x1C, 0xCA, 0xAD, 0xC9, 0x79, 0x7A, 0xE5, 0xF5, 0x0A, 0x8B,
    0xC8, 0xD2, 0x1D, 0xCB, 0xE2, 0x9D, 0xC8, 0xFF, 0x05, 0x4C, 0x8A, 0x1D, 0x10, 0x03, 0x31, 0x10,
    0x85, 0xDF, 0xE5, 0xE0, 0x20, 0x10, 0xA7, 0x68, 0x2D, 0x2E, 0xDD, 0xB8, 0xBB, 0xB7, 0x52, 0xA7,
    0xA4, 0x2E, 0x75, 0xA7, 0x3A, 0x76, 0xA6, 0xE7, 0x14, 0xA7, 0x85, 0x5A, 0xE5, 0xA0, 0xB8, 0xCD,
    0x6B, 0xCE, 0xFA, 0xC1, 0xFB, 0x99, 0xF9, 0xE0, 0x3B, 0x80, 0xC0, 0x0C, 0x08, 0x57, 0x80, 0xDC,
    0xE0, 0x18, 0x0C, 0xDE, 0xE6, 0x8E, 0xA8, 0x78, 0xD6, 0x92, 0x11, 0x1B, 0x4E, 0xC0, 0xC1, 0x51,
    0xF1, 0xF0, 0xFC, 0x4E, 0x16, 0xC8, 0xF7, 0x27, 0x5D, 0x87, 0x2D, 0x88, 0x5C, 0x8F, 0x98, 0x3A,
    0xCE, 0xF7, 0xC1, 0xAD, 0x70, 0xD0, 0xFE, 0x33, 0x66, 0x69, 0x45, 0x8B, 0xCA, 0x58, 0xA1, 0xBA,
    0x4D, 0xDA, 0x62, 0xA2, 0xDE, 0xF6, 0xDE, 0x3F, 0x2E, 0x2F, 0xCC, 0xEC, 0x08, 0x64, 0x4D, 0x9A,
    0x9A, 0x54, 0xAF, 0x82, 0xE5, 0x37, 0xA0, 0xC9, 0xCC, 0x1F, 0x40, 0xD6, 0x66, 0xC0, 0xAD, 0xFD,
    0x21, 0x8F, 0xC5, 0x5A, 0x00, 0xED, 0x9C, 0x3F, 0x8C, 0xE5, 0x58, 0x56, 0xC6, 0x3F, 0xDB, 0x5D,
    0xED, 0xD5, 0x58, 0xCC, 0xEB, 0xA0, 0x1B, 0xAD, 0x66, 0x96, 0xF5, 0x06, 0x04, 0x8B, 0x34, 0xB3,
    0x26, 0x44, 0x68, 0x59, 0x7B, 0x09, 0x36, 0x21, 0x29, 0xA4, 0xEE, 0x4D, 0x48, 0x48, 0x19, 0x82,
    0x9E, 0x10, 0x21, 0x76, 0x6C, 0x48, 0x09, 0xE8, 0x64, 0xD9, 0x90, 0x0E, 0x58, 0x69, 0xA9, 0x09,
    0x3A, 0x1D, 0x21, 0x66, 0xEC, 0xCD, 0x13, 0x27, 0x10, 0x3B, 0x18, 0x08, 0xA6, 0x03, 0x8C, 0xE4,
    0xC0, 0xDD, 0xB2, 0x7D, 0xE8, 0x7B, 0xBE, 0x7B, 0xF4, 0x5E, 0xB9, 0xAA, 0x24, 0x8A, 0xE9, 0x9A,
    0xAD, 0x3F, 0xBE, 0xD5, 0x7D, 0xCE, 0xD1, 0xF3, 0xBD, 0xD7, 0xB7, 0xEC, 0xDF, 0x77, 0xFF, 0xF9,
    0xB9, 0x00, 0xBC, 0xF3, 0x2B, 0x30, 0xED, 0x66, 0x1F, 0x64, 0xE2, 0x83, 0xDC, 0x82, 0x5A, 0x2A,
    0x06, 0x22, 0x8D, 0xFA, 0x40, 0xCA, 0x4E, 0x83, 0x68, 0xC9, 0x7B, 0x0D, 0xE2, 0x39, 0x1D, 0x58,
    0xCD, 0xB4, 0x9B, 0x18, 0x0C, 0x09, 0x6B, 0xCC, 0xFA, 0x48, 0x58, 0x5F, 0xE7, 0x83, 0xB2, 0x09,
    0x58, 0xA3, 0x34, 0x60, 0x8D, 0x52, 0xA0, 0x6E, 0x01, 0x84, 0x02, 0xE4, 0xBD, 0x56, 0xEC, 0x83,
    0x78, 0x06, 0xD2, 0x51, 0x2B, 0xE6, 0x7F, 0xEC, 0x46, 0x40, 0xAB, 0xCE, 0x7A, 0x20, 0x5E, 0xB4,
    0xA1, 0x2E, 0xB9, 0x8A, 0x35, 0x28, 0x80, 0x5A, 0x83, 0x06, 0x10, 0x1F, 0xF0, 0x84, 0x75, 0x07,
    0x36, 0x21, 0xEF, 0x2D, 0x18, 0x58, 0x17, 0xB2, 0x91, 0xB5, 0x3B, 0x9B, 0x8E, 0xFE, 0x82, 0x64,
    0x83, 0x0B, 0x62, 0x61, 0x53, 0x5C, 0x11, 0xFE, 0xDE, 0x21, 0x9B, 0x7F, 0x71, 0x0A, 0x35, 0x1B,
    0x6B, 0x63, 0x4A, 0x67, 0x0B, 0x96, 0xF5, 0x05, 0x8F, 0x47, 0x9C, 0x4A, 0x47, 0x27, 0xCF, 0xDC,
    0x29, 0x64, 0x71, 0x67, 0x14, 0x69, 0xD5, 0x0E, 0x08, 0x5F, 0x3D, 0xA9, 0xD9, 0xC2, 0x85, 0x8D,
    0x61, 0x4B, 0x78, 0x3F, 0x0A, 0x6F, 0x79, 0x2D, 0x83, 0x17, 0xBF, 0x94, 0x42, 0x2F, 0x42, 0x11,
    0x89, 0xB3, 0x3B, 0xB5, 0xF9, 0x52, 0x04, 0x52, 0x94, 0xBD, 0xCB, 0x53, 0xB7, 0xCE, 0x4A, 0xB3,
    0xB7, 0x75, 0xB3, 0xFF, 0xBC, 0x1C, 0x9C, 0xCD, 0xE5, 0xE7, 0x3F, 0xB5, 0xB2, 0xB1, 0x5A, 0xD4,
    0xDA, 0xAC, 0xE0, 0xA3, 0xC7, 0x58, 0xA5, 0xF7, 0xF5, 0xDC, 0xBC, 0x3C, 0xD2, 0xEF, 0x6D, 0xAD,
    0x9F, 0xE4, 0x0D, 0xCE, 0x49, 0xF5, 0x2B, 0x18, 0x57, 0x85, 0x91, 0x66, 0x19, 0xF3, 0x75, 0x10,
    0xD8, 0xA1, 0x58, 0xE0, 0x83, 0x7E, 0x1D, 0xAC, 0xD2, 0xD7, 0xC0, 0x7B, 0xC3, 0xFB, 0x09, 0x8F,
    0x0D, 0x6A, 0x27, 0x77, 0xF8, 0x53, 0xE5, 0x2E, 0x20, 0x7D, 0x6A, 0xB3, 0x89, 0xBF, 0xB8, 0xDA,
    0x82, 0xF6, 0x66, 0x62, 0x1C, 0x58, 0x10, 0x35, 0x06, 0x4C, 0x6F, 0x9C, 0x8C, 0xC6, 0x49, 0x67,
    0x24, 0x92, 0x97, 0x36, 0x5E, 0x58, 0xA4, 0xDF, 0x0D, 0x06, 0x47, 0xEB, 0xD1, 0x0A, 0x0B, 0x23,
    0xCA, 0x83, 0x94, 0xF5, 0xCC, 0x32, 0xC6, 0xE4, 0x27, 0x69, 0x03, 0x06, 0x51, 0x81, 0x8F, 0x37,
    0x7A, 0xAF, 0xAE, 0x73, 0xFE, 0x2D, 0x3A, 0x0F, 0x66, 0xDD, 0xEE, 0xB3, 0xB0, 0x7D, 0x6C, 0x33,
    0x12, 0x62, 0x9C, 0x35, 0xB5, 0xB6, 0xA5, 0xFF, 0x81, 0x66, 0x9B, 0xEE, 0xB9, 0x43, 0x22, 0xBC,
    0x54, 0x75, 0xA3, 0xD7, 0x27, 0x73, 0x19, 0x73, 0x24, 0xAE, 0xAA, 0x6F, 0x21, 0x28, 0xB0, 0x4A,
    0x24, 0x9F, 0xE8, 0x1B, 0xFB, 0x1E, 0x7E, 0xA3, 0xDF, 0xF0, 0x37, 0xFE, 0x29, 0x00, 0x63, 0xDF,
    0x1C, 0x9C, 0xA3, 0x08, 0xA8, 0x02, 0x50, 0x06, 0xD8, 0xD1, 0x51, 0x08, 0xA0, 0x12, 0x40, 0xE4,
    0x21, 0xCD, 0xA1, 0xAB, 0xBD, 0xE3, 0x31, 0xEA, 0x01, 0x14, 0x84, 0xD5, 0x12, 0xD3, 0x79, 0x4D,
    0x1C, 0x8A, 0xE2, 0x62, 0x4D, 0x64, 0xA6, 0x89, 0x64, 0xF1, 0x41, 0x68, 0x5D, 0x78, 0x5B, 0x7B,
    0xE4, 0x7B, 0x43, 0x7E, 0x4A, 0x7A, 0x53, 0x45, 0xB3, 0xA9, 0xE2, 0x1A, 0xA8, 0xE2, 0x03, 0xB5,
    0xB5, 0x7D, 0x6C, 0xB2, 0xF0, 0x65, 0x93, 0xC9, 0x99, 0x50, 0xA8, 0x06, 0xD7, 0xB2, 0xFE, 0x43,
    0xD5, 0x82, 0x49, 0x81, 0x4A, 0xA0, 0x10, 0xA8, 0x03, 0xCA, 0xE0, 0xA6, 0x4E, 0x62, 0x82, 0x17,
    0x9D, 0x31, 0xEC, 0x81, 0x0A, 0xC4, 0x38, 0xFA, 0x53, 0xC3, 0x1A, 0x75, 0x61, 0x99, 0x56, 0xF4,
    0xB5, 0xBB, 0xCE, 0x86, 0x81, 0xC6, 0xF3, 0x74, 0x54, 0xEC, 0x69, 0xDC, 0x80, 0xFF, 0x4D, 0x02,
    0x7F, 0xFF, 0x8B, 0xC2, 0x65, 0x93, 0x5E, 0xED, 0xE4, 0xC0, 0xFC, 0x93, 0x49, 0xF3, 0xA9, 0x4D,
    0xD4, 0x3A, 0x50, 0x12, 0x94, 0x85, 0x03, 0xBE, 0xD4, 0xDE, 0xFF, 0xF7, 0x6E, 0x33, 0xF0, 0x0F,
    0x71, 0x8F, 0x60, 0x48, 0x95, 0x16, 0xDA, 0x34, 0x79, 0x4D, 0xBA, 0x73, 0xCD, 0x07, 0xA0, 0xFC,
    0x89, 0x90, 0x90, 0x0F, 0x91, 0x75, 0xB8, 0x28, 0xB5, 0x80, 0x27, 0xFF, 0x70, 0xB5, 0xB3, 0x91,
    0x7F, 0x2D, 0xC8, 0x07, 0x1B, 0xF3, 0x99, 0x3B, 0xEF, 0x3F, 0x4E, 0x00, 0x69, 0x9C, 0x9F, 0x4A,
    0x87, 0xB0, 0xB7, 0xD1, 0x7A, 0x9F, 0x12, 0xB5, 0x59, 0x03, 0xE5, 0x1F, 0xB7, 0x94, 0xFF, 0x0D,
    0xE0, 0x6D, 0x7B, 0xE5, 0x76, 0x03, 0x7F, 0x05, 0xDB, 0x34, 0xC0, 0x73, 0xEF, 0xC3, 0x51, 0x1D,
    0xB9, 0x58, 0x09, 0xC6, 0x24, 0x24, 0xCD, 0x6A, 0x9E, 0xE4, 0xE5, 0x82, 0xA3, 0xA0, 0x7F, 0xC8,
    0x32, 0x0D, 0x3C, 0xC3, 0xA6, 0xA0, 0xA4, 0x8F, 0x18, 0x44, 0x52, 0x0F, 0x36, 0x03, 0xEB, 0x40,
    0x9A, 0x0D, 0x86, 0xFB, 0xFF, 0x8C, 0x7D, 0xDA, 0xE4, 0xF6, 0xB6, 0xE5, 0x16, 0x40, 0xB3, 0x15,
    0x5A, 0xBC, 0x75, 0xB6, 0xEC, 0x6D, 0xDB, 0x8D, 0xD5, 0xB3, 0x4A, 0x96, 0xA6, 0x70, 0x1E, 0xBE,
    0x13, 0x1C, 0x03, 0x9F, 0x20, 0xEE, 0x80, 0x12, 0xBB, 0xCE, 0x11, 0xE4, 0xCA, 0x66, 0x22, 0x8D,
    0x49, 0x29, 0x10, 0x3D, 0xFF, 0x23, 0x53, 0xCF, 0x4D, 0x17, 0x51, 0xD0, 0x1A, 0xD7, 0xEB, 0x41,
    0x63, 0xBF, 0x33, 0xE9, 0x81, 0xA0, 0xD2, 0x98, 0x08, 0x94, 0xEF, 0x8E, 0x28, 0x87, 0xF6, 0x9A,
    0xCA, 0x61, 0x93, 0x83, 0x89, 0xC1, 0x36, 0xA0, 0x59, 0x3B, 0x2B, 0x82, 0x6F, 0xA0, 0xED, 0x78,
    0xD4, 0x7A, 0x38, 0x55, 0x39, 0xC4, 0x77, 0x47, 0x0E, 0x4F, 0xC7, 0x0B, 0xF7, 0xEE, 0x1F, 0x94,
    0xFF, 0x87, 0xBD, 0xFB, 0x81, 0xFE, 0x28, 0xB6, 0x41, 0xE1, 0xD7, 0xC7, 0xD7, 0x4D, 0x05, 0xDB,
    0xA0, 0x70, 0xC4, 0x63, 0xBD, 0x1E, 0x98, 0x9C, 0x7D, 0xA9, 0x00, 0x06, 0x04, 0x50, 0xE3, 0x54,
    0xAB, 0x64, 0x35, 0x59, 0xE5, 0x54, 0x90, 0xFD, 0xF8, 0xCE, 0xA8, 0xE0, 0x01, 0xEE, 0xD9, 0xEE,
    0xA7, 0x2D, 0xA5, 0x5F, 0xD5, 0x05, 0x11, 0x13, 0x4F, 0xC2, 0x2F, 0x84, 0xB4, 0xFC, 0xD1, 0x6A,
    0x29, 0xAD, 0x97, 0x77, 0x1B, 0x02, 0xAE, 0x2B, 0xFC, 0xF7, 0x9F, 0xE1, 0xCF, 0x81, 0x6C, 0xF9,
    0xF1, 0xA4, 0xA7, 0x9B, 0x10, 0x88, 0x48, 0x8F, 0x68, 0x4C, 0xDC, 0x79, 0x9F, 0xE3, 0x2F, 0x60,
    0xE9, 0x21, 0xEE, 0x44, 0xB7, 0x7F, 0x67, 0x89, 0xDD, 0x96, 0xCC, 0x8F, 0x95, 0xF0, 0x2F, 0x0E,
    0x09, 0xAF, 0xB2, 0x46, 0x09, 0xAF, 0x80, 0x9D, 0x88, 0xB6, 0x60, 0x45, 0xF8, 0xDD, 0x59, 0x2C,
    0x7F, 0x74, 0xF2, 0x26, 0x3D, 0xD3, 0x3B, 0xDC, 0x9E, 0xB2, 0x5F, 0xBD, 0xF9, 0xBC, 0xAA, 0x35,
    0xDF, 0xA5, 0x6D, 0x0B, 0x90, 0x9A, 0xE5, 0xAC, 0x5D, 0xE5, 0xFF, 0x7A, 0xF5, 0xCB, 0x78, 0xD6,
    0xE2, 0x9C, 0xF4, 0x83, 0xFD, 0xF2, 0x3E, 0x3C, 0xB0, 0x81, 0x5A, 0x7B, 0x3C, 0x42, 0x95, 0xFF,
    0xD2, 0x1D, 0x55, 0xF5, 0xA7, 0x22, 0x33, 0x78, 0xD7, 0x02, 0x79, 0xF5, 0x67, 0xD2, 0x44, 0x52,
    0x41, 0xBA, 0x44, 0xC5, 0xE4, 0x50, 0x4C, 0x07, 0x87, 0xF4, 0x6E, 0xCC, 0x7B, 0x87, 0x66, 0xDE,
    0x01, 0xC9, 0x54, 0xBE, 0x3E, 0x39, 0x79, 0x31, 0xA9, 0x74, 0x4E, 0xDB, 0xFF, 0x7C, 0xF2, 0xE4,
    0xC9, 0x63, 0xDE, 0x0F, 0xF2, 0x4F, 0x4B, 0x51, 0xA4, 0x04, 0x49, 0x08, 0x52, 0x8B, 0xA0, 0x0A,
    0x44, 0x4E, 0xEA, 0x46, 0x35, 0xD8, 0x20, 0x55, 0xEC, 0x02, 0x11, 0xA9, 0x1C, 0x8E, 0xC7, 0x38,
    0x9D, 0xE2, 0x76, 0xBF, 0x4A, 0xCB, 0xA7, 0xBD, 0xCD, 0xA8, 0xBC, 0xFE, 0x00, 0x65, 0x9E, 0x60,
    0x50, 0xEB, 0xB0, 0x0D, 0x5F, 0x0A, 0x5C, 0xF2, 0xD8, 0xDA, 0x63, 0x51, 0xAB, 0x2D, 0x6D, 0xCC,
    0x32, 0xDD, 0x5A, 0x66, 0xA8, 0xFD, 0x50, 0xA6, 0xFD, 0x13, 0xB4, 0xAF, 0xFC, 0x1A, 0xA9, 0x72,
    0x56, 0xE3, 0x44, 0xB8, 0x89, 0xAA, 0xB6, 0x55, 0xDB, 0xDC, 0x44, 0x72, 0x1E, 0x68, 0x97, 0xFF,
    0x33, 0x20, 0x97, 0xFF, 0x9A, 0x6D, 0x86, 0xB0, 0x3C, 0x95, 0x1E, 0xC1, 0x10, 0x48, 0xA5, 0x19,
    0x56, 0xE9, 0x96, 0xDF, 0xFD, 0x63, 0x3C, 0x04, 0x12, 0x29, 0x72, 0x20, 0x93, 0xD7, 0x8B, 0x8E,
    0x7D, 0x13, 0xB0, 0xC4, 0x4E, 0x2A, 0x7F, 0x85, 0xA7, 0x15, 0xD6, 0xE9, 0x26, 0xF7, 0x18, 0x3F,
    0xA4, 0xAB, 0x71, 0xF8, 0x7D, 0x12, 0xD9, 0x8F, 0xB0, 0xEF, 0xF2, 0x4C, 0x79, 0xC5, 0x61, 0xBE,
    0x5D, 0x34, 0xDB, 0xF0, 0x07, 0x2A, 0x01, 0x8E, 0xEF, 0xFF, 0x23, 0x85, 0x5E, 0xDC, 0xBC, 0x05,
    0xF0, 0x09, 0x75, 0xF0, 0x7D, 0x44, 0xC5, 0xF9, 0xB0, 0x80, 0x84, 0xAC, 0x1C, 0x81, 0xF1, 0x77,
    0xE8, 0xFF, 0xEF, 0x5A, 0xEC, 0xD9, 0x39, 0xCF, 0xAD, 0x0A, 0xBC, 0xC5, 0xF3, 0xC9, 0x78, 0xBE,
    0x3B, 0x4C, 0x71, 0xE1, 0xA7, 0x9A, 0x87, 0x3B, 0xCD, 0xD2, 0x1E, 0x6C, 0xC2, 0xC4, 0xB3, 0x8B,
    0x1B, 0xED, 0x70, 0x93, 0x5E, 0xB7, 0x2F, 0xB3, 0x29, 0x71, 0x87, 0x4A, 0xDF, 0x2B, 0x4B, 0xA3,
    0xD9, 0xB2, 0x5E, 0x7B, 0xF3, 0x64, 0x72, 0xAE, 0x09, 0x5C, 0xFE, 0xD0, 0xA1, 0x7B, 0x3E, 0x91,
    0x44, 0xD2, 0x98, 0x24, 0x94, 0x20, 0x95, 0x20, 0x96, 0x20, 0x97, 0x20, 0x98, 0x20, 0x99, 0x20,
    0x9A, 0x20, 0x9B, 0x20, 0x9C, 0x20, 0x91, 0x2B, 0x47, 0x40, 0x41, 0x42, 0xB5, 0x1C, 0x9D, 0x87,
    0xD4, 0x28, 0x35, 0x4C, 0x8D, 0x53, 0x78, 0x50, 0x3D, 0xA9, 0x1E, 0x55, 0x63, 0x75, 0xDF, 0x49,
    0xA9, 0xFD, 0x1B, 0x5E, 0x81, 0xF3, 0xBF, 0xEE, 0xF1, 0xAE, 0x5E, 0x8A, 0xFC, 0xEF, 0x44, 0x3F,
    0xFE, 0x42, 0x21, 0xFD, 0x3E, 0x19, 0x25, 0xA2, 0x24, 0x94, 0x80, 0xAE, 0xF9, 0xBC, 0xDD, 0x73,
    0x9F, 0xB3, 0xDB, 0x7F, 0xF9, 0x70, 0xB8, 0xFD, 0xA7, 0xC8, 0xD5, 0x8D, 0x12, 0xD7, 0x28, 0x70,
    0xE4, 0x8D, 0xB8, 0x91, 0x36, 0xC2, 0x46, 0xD6, 0x88, 0xDA, 0xCD, 0xEE, 0xF9, 0xDE, 0x97, 0x42,
    0xF5, 0xD0, 0x6B, 0x71, 0x57, 0xD7, 0xBD, 0x44, 0xAF, 0x98, 0x5A, 0xAD, 0xFD, 0x5D, 0x95, 0x66,
    0x5E, 0x2D, 0x7A, 0xA5, 0x67, 0x25, 0xEA, 0xF1, 0x9D, 0x27, 0xEA, 0xC5, 0x97, 0x54, 0xE1, 0x72,
    0xB8, 0x69, 0x5A, 0x70, 0x62, 0x84, 0x52, 0x5D, 0xC0, 0x0F, 0x93, 0x45, 0xC1, 0x4A, 0xD8, 0x97,
    0x25, 0xEC, 0xCB, 0x8E, 0xEE, 0x78, 0x5F, 0x16, 0x14, 0x78, 0xE3, 0xB2, 0x39, 0x98, 0x00, 0x91,
    0x97, 0x23, 0x42, 0xEE, 0xC6, 0x0C, 0xA9, 0x34, 0x08, 0xBA, 0xE0, 0x0B, 0xAC, 0xD2, 0xBB, 0x3C,
    0xFB, 0xBE, 0xBB, 0x0B, 0x95, 0xD6, 0xAD, 0x5F, 0x0B, 0x67, 0x7C, 0x17, 0xD8, 0x49, 0x57, 0xDA,
    0xF7, 0x7D, 0xCA, 0x17, 0x32, 0x01, 0x9F, 0xEB, 0x53, 0xF0, 0x87, 0x38, 0xC2, 0x2A, 0x85, 0x0D,
    0x94, 0x44, 0x28, 0x88, 0xB8, 0xAD, 0x7D, 0xDC, 0x15, 0x91, 0xB3, 0xED, 0x06, 0xDC, 0x45, 0x8A,
    0x2E, 0xBF, 0xAB, 0x80, 0x7A, 0x46, 0x2D, 0x55, 0x2D, 0x0D, 0xF2, 0x16, 0x79, 0x13, 0xB8, 0x5F,
    0x0A, 0xD1, 0x80, 0xC8, 0x32, 0xDD, 0xFF, 0x15, 0x92, 0xE9, 0x9B, 0xF8, 0x77, 0x74, 0x0C, 0x45,
    0xAB, 0xFA, 0x57, 0x36, 0xA6, 0x74, 0x97, 0x37, 0x9A, 0x11, 0xF5, 0xFB, 0xC6, 0xEC, 0xC6, 0xB7,
    0xF9, 0xEF, 0xBD, 0xE7, 0x59, 0xFF, 0xF5, 0x7F, 0xA0, 0x29, 0xA9, 0xF2, 0x3E, 0x1F, 0xDF, 0xFC,
    0x0C, 0x69, 0x07, 0xBC, 0x53, 0xE5, 0x5D, 0xDD, 0xD7, 0x7D, 0xC9, 0x45, 0x81, 0x4F, 0x79, 0x77,
    0xF9, 0x9F, 0x7D, 0xED, 0xA7, 0xEA, 0x0B, 0x9E, 0x80, 0xBE, 0x96, 0x57, 0xB0, 0x07, 0x3F, 0x1D,
    0xC9, 0x56, 0x4A, 0x11, 0xDB, 0x16, 0x70, 0x26, 0x1D, 0x32, 0x69, 0x81, 0x92, 0x93, 0x22, 0xBF,
    0x9D, 0x58, 0x4E, 0x5E, 0x3B, 0xE9, 0x82, 0xC8, 0xF6, 0x48, 0x12, 0x0F, 0x5C, 0xB5, 0x9B, 0x41,
    0x71, 0x11, 0x44, 0x48, 0x43, 0x76, 0x20, 0x6D, 0x3E, 0x10, 0x9C, 0x8E, 0xBC, 0xA2, 0xEC, 0xD7,
    0x41, 0x7E, 0x7E, 0xB0, 0xCE, 0x6C, 0xF5, 0x58, 0xCD, 0x9D, 0x9D, 0xAB, 0xE5, 0xD9, 0x03, 0x69,
    0x6C, 0x7F, 0xB6, 0x8A, 0xC5, 0xAF, 0x74, 0x23, 0x69, 0xB8, 0x6F, 0x1B, 0x48, 0xEF, 0xB9, 0xAE,
    0x27, 0x97, 0x77, 0x00, 0x72, 0xA9, 0x90, 0x48, 0xE7, 0x74, 0xB3, 0x9C, 0xA8, 0x34, 0x42, 0xE1,
    0x32, 0x92, 0xA3, 0xFC, 0xA0, 0x3C, 0x8B, 0x2C, 0xEC, 0x26, 0x7E, 0xFB, 0xE4, 0x19, 0x2E, 0x4A,
    0x9F, 0x79, 0x1F, 0x89, 0x49, 0x4A, 0x8A, 0x55, 0x60, 0x87, 0x10, 0xCC, 0xE7, 0x4E, 0x7C, 0x02,
    0x3F, 0xF1, 0x61, 0x03, 0xA8, 0xDB, 0x40, 0x96, 0xBF, 0x94, 0x5E, 0x7F, 0x89, 0x7A, 0x44, 0x22,
    0x2A, 0x74, 0xD7, 0x73, 0x24, 0x8B, 0x8A, 0x33, 0xE2, 0x0E, 0x7B, 0x28, 0x85, 0x73, 0x81, 0x54,
    0xDA, 0x3F, 0x48, 0x53, 0xB6, 0x17, 0x3B, 0x9F, 0xC5, 0x17, 0xF0, 0xC5, 0x59, 0x99, 0x55, 0xCD,
    0x13, 0xD9, 0x69, 0xD9, 0x88, 0xC3, 0x89, 0xCF, 0x62, 0xCD, 0xB5, 0xC6, 0xAF, 0x53, 0xF8, 0x25,
    0x31, 0x3C, 0xF5, 0x0E, 0x89, 0xB9, 0xF9, 0xDC, 0xCD, 0x7B, 0x4B, 0xD9, 0x62, 0xF4, 0x4B, 0x6B,
    0x81, 0xC9, 0x39, 0xB5, 0x60, 0xD7, 0x5F, 0xF0, 0xB2, 0x13, 0x82, 0x09, 0x3E, 0x58, 0xD5, 0xFF,
    0x36, 0x35, 0xB0, 0x69, 0xE0, 0xE8, 0x98, 0x0D, 0x59, 0x0E, 0xBF, 0x53, 0xF1, 0xD7, 0xB5, 0xDF,
    0xFA, 0xF0, 0xAE, 0xE1, 0xF5, 0x50, 0x17, 0xD9, 0x4B, 0x68, 0xE6, 0x6E, 0x35, 0xFF, 0xCD, 0x85,
    0xDF, 0xD8, 0xCD, 0x0C, 0xCB, 0x72, 0x45, 0xEE, 0xC7, 0xFE, 0x0A, 0x61, 0xDA, 0x31, 0x4B, 0x24,
    0x51, 0xC7, 0xB2, 0xD2, 0x14, 0xA7, 0x85, 0x20, 0x7F, 0x3F, 0x31, 0xCB, 0x1C, 0x0A, 0x83, 0x01,
    0x9F, 0x40, 0x53, 0x8B, 0xEF, 0x7C, 0x03, 0xD8, 0x6F, 0x5D, 0x7F, 0x74, 0x6A, 0xB3, 0x2F, 0xB3,
    0x06, 0xEE, 0xEF, 0xA8, 0x27, 0xBE, 0xD3, 0xBB, 0x19, 0x8D, 0x59, 0xA7, 0x6D, 0x49, 0x2A, 0xBD,
    0x8F, 0x7F, 0xCB, 0xD5, 0x75, 0xAB, 0xD9, 0x76, 0x83, 0xCE, 0x54, 0xA2, 0x99, 0x33, 0xB1, 0x89,
    0xEB, 0xC8, 0xEF, 0x81, 0xE9, 0x56, 0xEA, 0xE4, 0xF2, 0xEF, 0xEB, 0xA1, 0xF6, 0xB9, 0x3F, 0xCE,
    0x7C, 0xEE, 0x29, 0x19, 0xBC, 0x4E, 0xC2, 0xC6, 0x74, 0x82, 0x4D, 0x27, 0xD7, 0x4A, 0x27, 0x11,
    0xDD, 0xAE, 0xF1, 0xF3, 0x59, 0xBA, 0xE1, 0x70, 0x1E, 0x10, 0xCA, 0xE1, 0xFD, 0xED, 0xB2, 0x4E,
    0xE5, 0x92, 0xB0, 0x49, 0x01, 0xC0, 0x36, 0xDC, 0x61, 0xB9, 0x3C, 0x3A, 0xF6, 0x81, 0x2C, 0x16,
    0xD8, 0x64, 0xE7, 0xE4, 0xEC, 0xDF, 0x21, 0x28, 0x7D, 0x10, 0xD9, 0xB0, 0x12, 0xCF, 0x5E, 0x2E,
    0x71, 0xEF, 0x0F, 0xC4, 0xDD, 0x26, 0x97, 0xEB, 0x26, 0x97, 0x17, 0x6C, 0x8A, 0xC8, 0xE1, 0x0D,
    0x2E, 0xEA, 0xE6, 0xE0, 0x9E, 0x72, 0x58, 0xE9, 0x12, 0xA1, 0x40, 0x06, 0x8E, 0x27, 0x1D, 0xC7,
    0x93, 0xE2, 0xCE, 0x0A, 0xE4, 0x11, 0x42, 0x72, 0x28, 0x5D, 0xD2, 0x82, 0xD8, 0xF1, 0xBA, 0xED,
    0x48, 0x1F, 0x90, 0xFD, 0xDA, 0xCF, 0x53, 0x13, 0x24, 0x5F, 0x62, 0x95, 0x3E, 0xB6, 0x60, 0x5A,
    0x2F, 0xE1, 0x36, 0x81, 0x5C, 0xB3, 0xF1, 0x24, 0x58, 0x8A, 0x5D, 0x01, 0x24, 0x32, 0x94, 0x95,
    0xF2, 0x20, 0xAE, 0xFA, 0x97, 0x7A, 0x2D, 0x7F, 0x84, 0x52, 0x1F, 0xF3, 0x20, 0xC0, 0x61, 0xEA,
    0xD4, 0x46, 0x23, 0x6C, 0x01, 0xBA, 0x8D, 0x27, 0x96, 0x7E, 0xFF, 0x32, 0xE0, 0xFF, 0xC3, 0xC8,
    0x2C, 0x4B, 0xB8, 0xD8, 0x15, 0xAD, 0x0D, 0xFC, 0x0F, 0x60, 0x69, 0x53, 0xC0, 0x8D, 0xD8, 0x74,
    0xBA, 0x52, 0x85, 0x6C, 0x1B, 0x59, 0x85, 0xF7, 0x41, 0x07, 0x58, 0x8E, 0xF5, 0x6B, 0x88, 0x83,
    0x0F, 0xEA, 0x76, 0xB5, 0xCE, 0x89, 0x67, 0x20, 0xEB, 0x5D, 0xD0, 0xFB, 0x20, 0x68, 0x7C, 0x00,
    0x68, 0x40, 0x5D, 0xE5, 0x9D, 0xD7, 0x55, 0xDE, 0x52, 0x57, 0x6D, 0xDD, 0x50, 0x57, 0x8B, 0x14,
    0x5E, 0x57, 0x8B, 0xE9, 0x6A, 0xBC, 0x94, 0xAE, 0x8A, 0x3B, 0xA5, 0xAB, 0x80, 0x2E, 0x6E, 0x0E,
    0x97, 0xA2, 0xD6, 0xBC, 0xF5, 0x97, 0x77, 0xF8, 0x94, 0x24, 0x78, 0x0C, 0xEC, 0x5A, 0x85, 0x22,
    0x2C, 0x8C, 0x8D, 0x03, 0x77, 0xFF, 0x5F, 0xB0, 0x1B, 0x95, 0xAB, 0x74, 0x50, 0xCA, 0xF2, 0x5E,
    0x9B, 0x20, 0x8D, 0x12, 0x28, 0x85, 0xF2, 0xB8, 0xAC, 0x65, 0x30, 0xBC, 0x4D, 0x19, 0x0C, 0x5F,
    0x57, 0x06, 0xF7, 0xE0, 0xD3, 0x87, 0x16, 0xD4, 0x58, 0xBD, 0x26, 0x85, 0xD2, 0xB0, 0x4C, 0xCF,
    0xBC, 0x71, 0x1B, 0x48, 0xE1, 0xA9, 0x2D, 0x2D, 0xF8, 0x9D, 0x8D, 0xE3, 0xAB, 0xE3, 0xF8, 0x01,
    0x34, 0xFD, 0x9B, 0x5A, 0x1B, 0xA4, 0xA5, 0xF0, 0x6D, 0xF1, 0xED, 0x3F, 0xEC, 0x84, 0x42, 0x51,
    0x8E, 0xF1, 0x39, 0xC9, 0xFD, 0xDD, 0xDB, 0xCA, 0xF1, 0x5B, 0x78, 0xB0, 0x40, 0x58, 0x27, 0xF8,
    0x60, 0xBC, 0x26, 0x1C, 0x6F, 0x0F, 0x16, 0x1C, 0xC0, 0xD1, 0xA2, 0xAC, 0x46, 0xBD, 0xB9, 0xDB,
    0x07, 0x70, 0x60, 0x73, 0x85, 0xB8, 0xE5, 0x1D, 0x58, 0x9E, 0xB6, 0xB6, 0xC0, 0xAD, 0x14, 0xDF,
    0x7F, 0x17, 0x21, 0xC7, 0xC5, 0xFB, 0xA3, 0x32, 0xA9, 0x45, 0x8C, 0xD2, 0x0D, 0xD7, 0x2B, 0xC3,
    0x95, 0x5F, 0x44, 0x0A, 0xE5, 0x59, 0x5A, 0x69, 0xD1, 0xBA, 0xE0, 0xE5, 0x74, 0xD5, 0xFF, 0xB1,
    0x4C, 0x3A, 0x7C, 0xA6, 0x9D, 0xE3, 0x74, 0xDF, 0xB5, 0xDE, 0xF2, 0x8E, 0x76, 0x0F, 0xDA, 0x8D,
    0x65, 0x70, 0x5B, 0x1A, 0xDE, 0x3D, 0x62, 0x2F, 0xB9, 0xD2, 0x3B, 0xA9, 0x00, 0xBC, 0xF7, 0x5C,
    0xEF, 0x66, 0x36, 0x5C, 0x5B, 0xD7, 0xAB, 0xCB, 0xFB, 0xBA, 0x55, 0x57, 0x76, 0x9E, 0x61, 0x0A,
    0x60, 0x54, 0x48, 0xD3, 0xC5, 0x51, 0x51, 0x25, 0xD2, 0x22, 0x73, 0x80, 0x2E, 0x9F, 0xCA, 0x0C,
    0x88, 0x02, 0x47, 0x5D, 0xBA, 0xE3, 0xA2, 0xD7, 0xE0, 0xBD, 0x93, 0xE2, 0x1C, 0x58, 0x3E, 0x3B,
    0x9C, 0xFB, 0x27, 0x72, 0xE8, 0x62, 0xBA, 0x70, 0xDA, 0x67, 0x2F, 0x5B, 0xA7, 0xFD, 0xAB, 0xB3,
    0x79, 0x77, 0x60, 0x7B, 0x67, 0xB3, 0xC1, 0xD9, 0x74, 0x72, 0x76, 0x27, 0xC5, 0x1B, 0x1B, 0xCB,
    0xEB, 0x4F, 0xA5, 0x53, 0x79, 0x75, 0xA8, 0xD5, 0x26, 0x22, 0x4B, 0x05, 0xFC, 0xF4, 0xE7, 0x58,
    0xA5, 0xA4, 0xDA, 0xCF, 0x9E, 0x6B, 0xDA, 0x61, 0xBF, 0xFA, 0xC9, 0xDA, 0x8B, 0xBE, 0xC2, 0x92,
    0x4B, 0x43, 0xA7, 0xD0, 0x3D, 0xF0, 0x1D, 0x60, 0xDA, 0x9D, 0xFD, 0x0B, 0xAF, 0xE1, 0x08, 0x75,
    0x03, 0x0E, 0xD3, 0x86, 0xD9, 0xA3, 0xE2, 0xE0, 0x1D, 0xC6, 0xD9, 0xD9, 0x4F, 0x89, 0x93, 0xDA,
    0x50, 0x6D, 0x3A, 0xAF, 0xFE, 0xB0, 0x03, 0x52, 0xB5, 0x37, 0x8D, 0x37, 0xD3, 0x55, 0x68, 0x3C,
    0xC5, 0x46, 0x43, 0x7A, 0xE1, 0x1F, 0xAF, 0xB2, 0x2E, 0x9C, 0xBD, 0x96, 0x63, 0x29, 0xE9, 0x7D,
    0x10, 0x36, 0x3E, 0xB0, 0x45, 0x8C, 0x15, 0x20, 0x51, 0x2F, 0x84, 0x95, 0x64, 0x32, 0x59, 0xD0,
    0xF9, 0x60, 0x86, 0x0F, 0x86, 0x9B, 0x13, 0xF4, 0x80, 0x27, 0x50, 0x95, 0xC5, 0xC0, 0x53, 0x08,
    0x78, 0x0E, 0x01, 0x4F, 0x22, 0xE0, 0x59, 0x04, 0x3C, 0x8D, 0x80, 0xF1, 0x08, 0x23, 0x12, 0xC6,
    0xA4, 0x51, 0x69, 0x5C, 0x9E, 0xDA, 0x1E, 0xF9, 0x11, 0x5D, 0x5D, 0xF9, 0x01, 0x7F, 0xF5, 0x7E,
    0xDD, 0xFE, 0xA6, 0x49, 0xA5, 0x73, 0x9E, 0x4F, 0x88, 0xED, 0xB7, 0x8D, 0x5E, 0x73, 0x91, 0x0D,
    0x34, 0x8A, 0x94, 0x4C, 0x74, 0x3D, 0x5D, 0xA5, 0xAE, 0xF7, 0x20, 0xBF, 0x5D, 0x47, 0x6C, 0xCD,
    0x11, 0x5F, 0x90, 0x5F, 0x10, 0x60, 0x90, 0x60, 0x10, 0x61, 0x78, 0x86, 0x3D, 0xC4, 0x46, 0xF1,
    0x99, 0x6E, 0xF3, 0x87, 0x16, 0x88, 0x71, 0x2D, 0xCD, 0x6A, 0x69, 0xED, 0x45, 0xCB, 0x57, 0x95,
    0x2C, 0x93, 0x51, 0x5B, 0x5B, 0xF0, 0x9D, 0x8D, 0xE3, 0x2B, 0xE4, 0x98, 0x2E, 0x6A, 0x49, 0x5F,
    0x7F, 0xD8, 0xDF, 0xC4, 0xCB, 0xA9, 0x6B, 0x5E, 0xB6, 0x3C, 0x38, 0x28, 0xC7, 0x71, 0xAF, 0xF7,
    0x2A, 0xA8, 0x6E, 0x33, 0xC7, 0xAB, 0x5D, 0xA3, 0xC6, 0x02, 0xF2, 0x6B, 0x23, 0x3A, 0xC7, 0xF4,
    0xF5, 0x76, 0x7E, 0xE5, 0xBB, 0xE1, 0x11, 0x3E, 0x18, 0x36, 0x8E, 0xAF, 0x90, 0xE3, 0x47, 0xEA,
    0x23, 0x66, 0x8C, 0x78, 0xD8, 0x26, 0x0B, 0x38, 0x45, 0x68, 0x3A, 0x2B, 0xC0, 0xD9, 0xA0, 0x1F,
    0x64, 0x04, 0x38, 0xAD, 0x6E, 0x1F, 0xC0, 0x01, 0x9D, 0x3C, 0x4B, 0xFC, 0xA8, 0x34, 0x97, 0xAB,
    0xAF, 0x45, 0xFC, 0x87, 0x2C, 0xBC, 0x24, 0x4E, 0xD5, 0x06, 0xA7, 0x05, 0x1B, 0xAE, 0x57, 0x87,
    0x6B, 0x70, 0x8C, 0xEF, 0x11, 0xC5, 0xCF, 0x75, 0x69, 0xFF, 0x72, 0x02, 0xC0, 0x72, 0xE1, 0xF4,
    0xBE, 0xF6, 0x2F, 0x3D, 0xEA, 0xC2, 0x71, 0x6A, 0xE0, 0xDE, 0xF6, 0x09, 0x03, 0xD3, 0xC6, 0xE0,
    0x37, 0xC6, 0x20, 0xCE, 0x5D, 0xC7, 0xAF, 0x9E, 0xE2, 0x25, 0xB2, 0x0E, 0x62, 0x0B, 0xC2, 0x09,
    0x67, 0xD3, 0xDD, 0x23, 0x36, 0xA9, 0x0E, 0x67, 0xF9, 0xB5, 0x77, 0x83, 0x3D, 0x1E, 0x3D, 0xBB,
    0x43, 0x10, 0x16, 0xBE, 0x60, 0x63, 0xDB, 0xA1, 0xDE, 0x8F, 0xF4, 0xC9, 0xB2, 0xFA, 0x46, 0x40,
    0xBD, 0xCA, 0x98, 0x74, 0x3E, 0x43, 0x85, 0x75, 0xB2, 0x53, 0x4A, 0x9B, 0x8F, 0xB6, 0xFD, 0x49,
    0xC9, 0xEC, 0x16, 0xAD, 0x9A, 0xBB, 0x7F, 0xBB, 0xC9, 0x1D, 0xE2, 0x29, 0xA5, 0xF5, 0xC8, 0x79,
    0xEC, 0xF2, 0xC1, 0xE3, 0x35, 0x21, 0xD2, 0xBC, 0x0B, 0x69, 0x88, 0xC5, 0x15, 0xD3, 0x3A, 0xB3,
    0xD1, 0x9F, 0xA3, 0xE7, 0x19, 0x49, 0x58, 0xFE, 0x4A, 0xF1, 0x45, 0x2A, 0xE2, 0x89, 0xB1, 0x87,
    0x90, 0x04, 0x25, 0x20, 0x91, 0x80, 0x74, 0xB6, 0x2C, 0xFF, 0x46, 0xFD, 0x43, 0xB5, 0x3F, 0x63,
    0x53, 0x68, 0x1B, 0x3D, 0xDC, 0xED, 0xDF, 0x7D, 0x8C, 0x67, 0x1E, 0x60, 0x39, 0xB5, 0xDF, 0xC6,
    0x05, 0x89, 0x97, 0x2D, 0x92, 0xCC, 0xD9, 0x25, 0x1D, 0x5C, 0x69, 0xDD, 0x8B, 0x9C, 0x9C, 0xDD,
    0x8D, 0xC9, 0x0C, 0xEC, 0x06, 0x07, 0x7D, 0xDA, 0x47, 0xE2, 0x6E, 0x5F, 0x40, 0xC8, 0xA4, 0x72,
    0x4D, 0xAA, 0x1B, 0xD4, 0x8D, 0x0B, 0xA4, 0x72, 0x15, 0x49, 0xA1, 0x19, 0x5C, 0xC1, 0x70, 0x71,
    0x95, 0x44, 0xB3, 0xAB, 0x30, 0x9E, 0xDC, 0x29, 0x12, 0xD5, 0xFC, 0x4E, 0x67, 0x90, 0xFF, 0xA4,
    0x1D, 0x81, 0x74, 0xB0, 0xE7, 0x98, 0x19, 0x37, 0x94, 0xFD, 0x0E, 0xF8, 0x5E, 0x68, 0xAE, 0x02,
    0x57, 0x91, 0x3D, 0xDE, 0x54, 0xCE, 0xF1, 0xE0, 0xBE, 0xF0, 0x15, 0x76, 0xAD, 0xC5, 0x65, 0x11,
    0x71, 0x07, 0x9F, 0x6A, 0x99, 0x8F, 0x9E, 0x3B, 0x7B, 0xF2, 0x2C, 0x1F, 0x79, 0x7D, 0x32, 0xD2,
    0x53, 0xEC, 0x3C, 0x01, 0xB1, 0xA8, 0x80, 0xF9, 0xE5, 0xE2, 0x74, 0x74, 0x59, 0x3C, 0x3D, 0x9D,
    0x5E, 0x48, 0x8D, 0x49, 0x96, 0xF2, 0xCB, 0xBC, 0x2C, 0x9B, 0xCC, 0xAC, 0x2B, 0x25, 0x3D, 0x0D,
    0xE9, 0xA9, 0xBB, 0x9A, 0xF4, 0x0C, 0x9E, 0x9E, 0xE5, 0x5A, 0xD2, 0x73, 0x71, 0xFA, 0xAE, 0xA9,
    0xD4, 0xE7, 0x93, 0xFE, 0xB4, 0xB7, 0xC5, 0x6E, 0xDE, 0x9C, 0x21, 0x47, 0xAD, 0x91, 0x33, 0xC2,
    0xC8, 0x99, 0x94, 0x9C, 0x31, 0x3E, 0x20, 0x27, 0x34, 0x72, 0x90, 0xB7, 0x90, 0x06, 0x65, 0x63,
    0xE4, 0x74, 0x7B, 0x72, 0xD2, 0x21, 0x74, 0xFC, 0x90, 0x9C, 0x49, 0xC9, 0x59, 0xF4, 0x2B, 0x2A,
    0xA7, 0xC8, 0xF9, 0xEF, 0xB3, 0xE4, 0x54, 0xE7, 0x92, 0xE3, 0x2A, 0x00, 0x5C, 0x51, 0x65, 0xF7,
    0x39, 0x20, 0x4D, 0x3C, 0xFF, 0xE1, 0x53, 0x29, 0x76, 0x52, 0xCA, 0x82, 0x9D, 0xD4, 0x32, 0x62,
    0xB7, 0xD4, 0x52, 0x21, 0x9A, 0x82, 0x63, 0x9C, 0x7A, 0x15, 0x3A, 0x96, 0xD6, 0xFB, 0x89, 0xDE,
    0x86, 0x9F, 0x70, 0xF1, 0x7E, 0xDE, 0x6F, 0x6E, 0x11, 0x00, 0xEF, 0x0B, 0xEF, 0xB1, 0x4E, 0x1B,
    0x9F, 0x17, 0x7A, 0x7B, 0x6C, 0xCE, 0x46, 0x89, 0x54, 0xF6, 0x6E, 0x80, 0x71, 0x57, 0x37, 0xFE,
    0xC9, 0x8F, 0xF5, 0x71, 0x71, 0xB7, 0xB7, 0x37, 0x99, 0x4B, 0xDB, 0x0D, 0x75, 0x5C, 0x02, 0x8E,
    0x4B, 0xC0, 0x71, 0xE9, 0x6C, 0xC5, 0x99, 0xF6, 0x3E, 0xB1, 0xDC, 0xE8, 0x7C, 0x29, 0xBF, 0x98,
    0xE0, 0x27, 0xDD, 0x5A, 0x35, 0xBB, 0xD4, 0xA8, 0xF7, 0xC3, 0x6E, 0x81, 0x07, 0x58, 0xA5, 0x8D,
    0xC7, 0x4B, 0xF8, 0xC7, 0xF8, 0x96, 0x4E, 0x4F, 0xB3, 0x02, 0xA9, 0xBC, 0x16, 0x20, 0xE7, 0xDF,
    0x42, 0xF8, 0x89, 0x8C, 0xC0, 0x07, 0xE7, 0x3D, 0x34, 0xB9, 0x1B, 0x24, 0xFE, 0x2F, 0xC5, 0x94,
    0x81, 0x89, 0xEF, 0x36, 0x0C, 0xC6, 0xBF, 0xC4, 0x80, 0xA1, 0x01, 0x3C, 0x40, 0x01, 0x8F, 0x90,
    0x11, 0x9C, 0xC9, 0x9A, 0x8C, 0xF0, 0x46, 0x28, 0xD0, 0x35, 0x5A, 0x7B, 0x04, 0x8F, 0x90, 0x11,
    0x0C, 0x04, 0x70, 0xC1, 0x89, 0x2A, 0xC5, 0x82, 0x73, 0x7B, 0xEF, 0x01, 0x70, 0xB4, 0x75, 0x38,
    0x9D, 0xE4, 0x7C, 0xFA, 0x7D, 0x16, 0xC1, 0xFF, 0x40, 0xB2, 0xCA, 0x8F, 0xFF, 0xE9, 0x6A, 0xFF,
    0x62, 0x31, 0x7F, 0xB3, 0xCD, 0x55, 0x5F, 0xD6, 0x12, 0xCE, 0x3D, 0xC7, 0x14, 0x13, 0xBD, 0x8F,
    0x25, 0xFB, 0xF0, 0x73, 0xDB, 0x7B, 0x69, 0xAE, 0xB9, 0xCB, 0xF3, 0xFB, 0x90, 0xEC, 0xF1, 0xA3,
    0xFD, 0xF9, 0x1B, 0x7E, 0x83, 0x6D, 0x20, 0xB8, 0x3A, 0x3F, 0xF0, 0xC5, 0x34, 0xAC, 0x65, 0x69,
    0x08, 0xA7, 0xAB, 0xD8, 0xB3, 0xBB, 0x10, 0x93, 0x97, 0xB0, 0x16, 0x50, 0x0A, 0x63, 0xB0, 0x04,
    0x36, 0x7C, 0x34, 0x1C, 0xF6, 0x7E, 0xC3, 0x44, 0xDB, 0xD2, 0x66, 0xE6, 0xBD, 0xE1, 0x32, 0x02,
    0xB5, 0xC2, 0x5B, 0x2A, 0x42, 0x72, 0xDC, 0x76, 0x4C, 0xBF, 0x7E, 0xA9, 0x17, 0x9C, 0xE3, 0x4B,
    0x31, 0x10, 0xAF, 0xF4, 0x39, 0xAA, 0xE6, 0xBF, 0x8D, 0xC7, 0x3F, 0xE3, 0xBA, 0x7D, 0x44, 0xDF,
    0x23, 0x34, 0xFE, 0x7F, 0xB3, 0x7F, 0x9D, 0xF6, 0xF5, 0xD9, 0x63, 0x86, 0xA1, 0x06, 0x47, 0x84,
    0x95, 0xE8, 0x08, 0xEC, 0xB3, 0x13, 0x65, 0xFD, 0xCB, 0x52, 0xCB, 0xBE, 0xBC, 0x17, 0x1D, 0xE2,
    0x89, 0xA5, 0x00, 0x73, 0x05, 0xA6, 0x1B, 0xBE, 0x01, 0xEE, 0x01, 0x0C, 0x6D, 0xE1, 0x06, 0x3C,
    0x01, 0x0B, 0x43, 0x9E, 0x9E, 0x3A, 0x4A, 0xC3, 0xEE, 0xA0, 0x1D, 0x08, 0xF0, 0x7F, 0x02, 0xB0,
    0x0D, 0x7D, 0x4D, 0xEF, 0x9C, 0xAE, 0x6A, 0x69, 0x89, 0x2E, 0x96, 0x14, 0x2D, 0x5D, 0x5D, 0x58,
    0x18, 0x4E, 0x2D, 0xD7, 0x73, 0x66, 0x40, 0x4C, 0x00, 0x74, 0x7E, 0x02, 0x68, 0x83, 0x96, 0x07,
    0x08, 0x33, 0x41, 0xD7, 0x7E, 0x20, 0x6E, 0x86, 0xF5, 0x5A, 0x6E, 0x5C, 0xBA, 0x86, 0xB1, 0x64,
    0x9F, 0x51, 0xCC, 0x3E, 0x23, 0x6A, 0x4F, 0x18, 0x8D, 0xE8, 0xC0, 0xC7, 0x31, 0x1E, 0xF1, 0x19,
    0x0E, 0x29, 0x3E, 0xC3, 0x08, 0x72, 0xEA, 0x8F, 0x01, 0xB3, 0xBF, 0xA0, 0xEB, 0x1D, 0x3F, 0x9C,
    0x13, 0x7D, 0x03, 0x7E, 0x7E, 0xD4, 0x3B, 0x79, 0x62, 0x7D, 0xA4, 0x6E, 0x4F, 0xC7, 0x4E, 0xB4,
    0x19, 0xA2, 0xDA, 0xDB, 0x79, 0x23, 0xA6, 0xE5, 0xB6, 0xAF, 0x83, 0xB9, 0xE7, 0x07, 0x6B, 0x76,
    0x05, 0x24, 0x25, 0x1B, 0x37, 0xB8, 0xB2, 0x66, 0xC4, 0x0D, 0x90, 0xDB, 0x5E, 0xB9, 0x0C, 0x49,
    0xE6, 0x01, 0xD6, 0x62, 0x2B, 0x96, 0x8B, 0xCB, 0x20, 0xE5, 0x9E, 0xED, 0xA5, 0x65, 0x7A, 0x7D,
    0xC6, 0x92, 0x7D, 0x46, 0xB1, 0x79, 0x30, 0xA2, 0x78, 0x9E, 0xD1, 0xC8, 0x5D, 0x90, 0x63, 0x9C,
    0x7A, 0x8C, 0xB5, 0x60, 0x3C, 0x64, 0xC8, 0xC0, 0x30, 0x02, 0x25, 0xC0, 0xD3, 0xAD, 0x03, 0xB2,
    0x8F, 0x04, 0x1D, 0x5F, 0x7C, 0x6C, 0x13, 0x9E, 0x3F, 0x21, 0x5E, 0x1B, 0x08, 0xD3, 0x2D, 0xDE,
    0xB6, 0xC0, 0x65, 0xF8, 0x84, 0xD0, 0x65, 0xB4, 0xB1, 0x72, 0xA6, 0x77, 0xC8, 0x06, 0xD6, 0x2F,
    0x15, 0xFD, 0xF7, 0x8C, 0xBB, 0xD6, 0x0C, 0x10, 0xC2, 0x21, 0xBD, 0x11, 0xD2, 0x7E, 0x83, 0x09,
    0x73, 0x03, 0x43, 0x4C, 0x01, 0x73, 0x96, 0x93, 0xE5, 0x70, 0x09, 0x4A, 0x0B, 0xA9, 0xF3, 0xE2,
    0xD1, 0x89, 0xD4, 0x99, 0xF3, 0xDD, 0xA9, 0xA6, 0x76, 0xEE, 0x52, 0x3A, 0xD9, 0xE5, 0xCE, 0x5E,
    0x53, 0xA7, 0x07, 0xE5, 0xFF, 0xA1, 0x0E, 0xAD, 0x7B, 0xCC, 0x57, 0x77, 0x11, 0xCF, 0x90, 0xE1,
    0x0B, 0x96, 0x0B, 0x4C, 0x17, 0x2C, 0x09, 0x51, 0x00, 0x2E, 0xCB, 0x74, 0xE6, 0x82, 0x74, 0xFD,
    0x1E, 0x72, 0x38, 0x59, 0xE8, 0x44, 0xBA, 0x54, 0x16, 0xBF, 0xF2, 0xE9, 0x91, 0x86, 0x28, 0x2D,
    0xE1, 0xE0, 0x26, 0x2F, 0x6D, 0xEE, 0xE4, 0xC6, 0xB7, 0x75, 0xAE, 0xD2, 0x2C, 0xED, 0xF8, 0x45,
    0x00, 0x6B, 0x47, 0x28, 0x44, 0x31, 0x0A, 0x52, 0x14, 0x14, 0xA6, 0x38, 0x05, 0x2A, 0xD2, 0x74,
    0xA8, 0x62, 0x15, 0xCC, 0x0F, 0x32, 0xE6, 0xF6, 0x7E, 0xA2, 0x8A, 0xB5, 0x60, 0xCF, 0xA0, 0x64,
    0x68, 0xB3, 0x0F, 0x5C, 0x43, 0xA8, 0xD8, 0x8B, 0x44, 0xCE, 0x79, 0x87, 0xF7, 0x41, 0x89, 0x35,
    0xAC, 0x14, 0xBD, 0x6D, 0xD2, 0x8B, 0xFC, 0x13, 0x10, 0x37, 0xC4, 0x04, 0x99, 0xF3, 0x52, 0xF1,
    0xDC, 0xC5, 0xF1, 0x44, 0xB8, 0xB0, 0x36, 0x89, 0x9C, 0x53, 0x9A, 0x15, 0xCE, 0x4A, 0xD1, 0xC7,
    0x24, 0xBD, 0x4C, 0x90, 0xA5, 0x57, 0x7D, 0x7E, 0x24, 0xC2, 0x34, 0xBD, 0x7D, 0x12, 0xA1, 0x57,
    0x39, 0x64, 0xBD, 0x52, 0xA3, 0x9E, 0x46, 0xFD, 0xD2, 0xF5, 0x4E, 0xF5, 0xE7, 0x67, 0xFD, 0xA4,
    0xFA, 0xBB, 0xEB, 0xDB, 0xA8, 0x5F, 0xBB, 0x3E, 0xA8, 0xFE, 0xF8, 0xAC, 0xB7, 0xAA, 0xBF, 0xBE,
    0xA3, 0x8F, 0x7F, 0xD3, 0x3F, 0xDF, 0xD3, 0x8F, 0x63, 0x88, 0xE6, 0xBD, 0xFF, 0x7B, 0x62, 0x99,
    0xB9, 0x25, 0xDF, 0x58, 0xA9, 0x39, 0xFC, 0xE9, 0x8A, 0xAD, 0xA6, 0x09, 0xBF, 0xE7, 0xF2, 0x85,
    0x39, 0xCF, 0x72, 0x5A, 0xD2, 0x1C, 0xD3, 0x8D, 0x47, 0xF2, 0x03, 0xA6, 0x4E, 0x4D, 0x72, 0xC0,
    0x16, 0xCD, 0xE1, 0x32, 0xE7, 0x17, 0xE7, 0xF0, 0xA9, 0xE7, 0x40, 0x80, 0x3F, 0x5C, 0xB2, 0x27,
    0xF0, 0x17, 0xAC, 0x92, 0x21, 0xAC, 0xDD, 0x20, 0x18, 0x85, 0x4F, 0xDB, 0xE4, 0xDD, 0x25, 0x08,
    0x7C, 0x9E, 0x40, 0x4F, 0xA1, 0xA7, 0xC0, 0x9B, 0xF9, 0xCC, 0xEB, 0x6B, 0xE6, 0xA9, 0x57, 0xCF,
    0xAB, 0x79, 0xEF, 0xC1, 0x2B, 0xFC, 0x4C, 0x97, 0xEC, 0xE9, 0x87, 0x40, 0xF4, 0x65, 0xD0, 0x33,
    0xFE, 0xDC, 0xDE, 0xDC, 0x64, 0x6A, 0xE2, 0x35, 0xFD, 0x42, 0x80, 0xC3, 0xF9, 0xDB, 0xFF, 0x00,
    0xBB, 0x63, 0x26, 0xBD, 0x22, 0xB3, 0xAE, 0xA6, 0xD8, 0x74, 0xD9, 0xDD, 0xBA, 0xB4, 0xE0, 0xE7,
    0xC1, 0xD4, 0x03, 0xA6, 0x1E, 0x71, 0x1B, 0x65, 0x2E, 0xEB, 0xB2, 0x2F, 0x3A, 0xD1, 0xCB, 0x39,
    0x39, 0x2F, 0x3E, 0x80, 0xCD, 0x40, 0xCC, 0x98, 0x99, 0xA1, 0x06, 0xE6, 0x2D, 0x23, 0x7C, 0xCD,
    0xE8, 0x3A, 0x2F, 0xBB, 0xCE, 0xAA, 0xE8, 0x6C, 0x92, 0xCE, 0xCE, 0xEB, 0x1C, 0xF9, 0x78, 0x00,
    0x9D, 0xFF, 0x45, 0x91, 0x49, 0xDF, 0x91, 0x95, 0xF4, 0xC0, 0x1C, 0x2B, 0x0C, 0x3B, 0xAC, 0xD4,
    0x7D, 0x62, 0x02, 0xEC, 0x06, 0xE8, 0x02, 0xA8, 0x81, 0xDE, 0xBE, 0x23, 0x88, 0xFF, 0x4A, 0x1E,
    0x78, 0xE6, 0x0F, 0x00, 0xCF, 0x05, 0x17, 0x16, 0xB8, 0x01, 0x5F, 0xB1, 0x1C, 0x80, 0xAA, 0x80,
    0xC9, 0x80, 0x7D, 0x3B, 0xE0, 0xC8, 0x3C, 0xA8, 0xEE, 0x45, 0x35, 0xE7, 0xE7, 0xEE, 0x3C, 0xBA,
    0x5B, 0xA7, 0x6E, 0xD3, 0xDC, 0x74, 0x55, 0x4D, 0x91, 0x65, 0x26, 0x13, 0x6C, 0x17, 0x6D, 0xBB,
    0xF3, 0x70, 0x71, 0x2B, 0x40, 0x60, 0xEA, 0xC0, 0xD2, 0x80, 0x4B, 0x05, 0x74, 0x39, 0x0B, 0xA4,
    0xDB, 0x76, 0xF0, 0x40, 0x04, 0xC0, 0xC1, 0x71, 0x72, 0x7D, 0xC7, 0x72, 0xFB, 0xC7, 0x62, 0x37,
    0x55, 0x47, 0x5F, 0x77, 0xC1, 0x6E, 0x97, 0xA2, 0x8F, 0xEB, 0xB6, 0x90, 0xEB, 0x20, 0xEB, 0x5F,
    0xB1, 0xBA, 0xA4, 0x9A, 0x93, 0x4C, 0x70, 0x66, 0xB0, 0xA9, 0x66, 0xC8, 0x7A, 0x21, 0x33, 0xC2,
    0x3B, 0x70, 0xDD, 0x21, 0x7A, 0x4D, 0x6E, 0x6E, 0x33, 0x45, 0x7C, 0x82, 0x5F, 0x44, 0xDF, 0xC2,
    0x3A, 0x0D, 0xFD, 0x2C, 0xFA, 0xA6, 0x06, 0x88, 0x7F, 0xF6, 0xDB, 0x47, 0x9A, 0x02, 0xC4, 0x84,
    0x6F, 0xF4, 0xD2, 0x4F, 0x23, 0x91, 0xBD, 0x02, 0x1F, 0x7A, 0x27, 0x96, 0x02, 0x53, 0x26, 0x16,
    0xC3, 0x12, 0x58, 0xDC, 0xCF, 0xF2, 0x59, 0x15, 0xFC, 0xC7, 0x3B, 0xC5, 0x0A, 0x4D, 0x7A, 0x47,
    0x26, 0xF7, 0xE2, 0xF2, 0x27, 0xE8, 0x33, 0x64, 0x19, 0xA5, 0xAB, 0x71, 0xC5, 0x4C, 0x40, 0x37,
    0xC0, 0x6D, 0x00, 0x57, 0x2C, 0x5D, 0x22, 0x39, 0x15, 0xE4, 0x7E, 0x67, 0x8A, 0xBF, 0x65, 0x2E,
    0x24, 0xED, 0xC3, 0xE3, 0xA2, 0x21, 0x24, 0x44, 0x02, 0xB1, 0x0F, 0x28, 0x9E, 0x67, 0x0D, 0x69,
    0xCE, 0x32, 0x50, 0xF5, 0x0B, 0x6C, 0x71, 0x64, 0x0E, 0xA4, 0x7F, 0xE2, 0xDF, 0x3D, 0x19, 0x26,
    0x89, 0x7C, 0x34, 0x91, 0x03, 0x00, 0x9D, 0xD2, 0xBD, 0xCD, 0x9B, 0x60, 0x14, 0xC5, 0xF1, 0x3F,
    0x58, 0x7A, 0x5D, 0xB8, 0xA0, 0x8D, 0xE2, 0x82, 0x11, 0xBC, 0x41, 0xFC, 0x8C, 0x90, 0x4D, 0x32,
    0x82, 0xD9, 0x20, 0x23, 0xA4, 0xC9, 0x1E, 0x30, 0x02, 0x23, 0xD0, 0xA6, 0x73, 0x81, 0x22, 0x90,
    0xC0, 0x27, 0xE6, 0x5C, 0x12, 0x81, 0x64, 0xC9, 0x52, 0x68, 0x7E, 0xB2, 0xAC, 0x7B, 0xE0, 0x7E,
    0x00, 0x67, 0xFD, 0x02, 0x72, 0x49, 0x15, 0x94, 0x4F, 0x12, 0xDC, 0x9E, 0x40, 0xA6, 0x91, 0xCF,
    0x70, 0x50, 0x03, 0x70, 0x12, 0x00, 0xC5, 0x64, 0xCA, 0xDE, 0x5C, 0xEE, 0xE6, 0x6A, 0xB4, 0x3C,
    0xCD, 0x06, 0x47, 0xD6, 0xAE, 0x7E, 0x8F, 0x0B, 0xE6, 0x60, 0xFA, 0x07, 0xD7, 0x6E, 0xF3, 0x06,
    0x2E, 0xBD, 0x29, 0xA6, 0xE0, 0x61, 0x0E, 0xAA, 0x70, 0x0B, 0x23, 0xE7, 0x06, 0x6A, 0xBF, 0x9E,
    0xCB, 0x93, 0x16, 0xF2, 0xC0, 0x6D, 0xCA, 0x4F, 0x7A, 0x09, 0x14, 0xCE, 0x7E, 0x43, 0x96, 0x4C,
    0xD9, 0x2C, 0xFC, 0x96, 0x91, 0x5A, 0xE3, 0xAF, 0xB9, 0xA9, 0xF3, 0xB0, 0x66, 0x37, 0xA6, 0xA5,
    0xEE, 0x28, 0x73, 0xD0, 0x8F, 0x85, 0xAC, 0x8F, 0x94, 0xF4, 0xBF, 0x29, 0xDF, 0xD7, 0x94, 0x05,
    0xD2, 0xFB, 0xAF, 0xCE, 0x6A, 0x55, 0x8E, 0x74, 0xDA, 0xD5, 0x5B, 0x31, 0x2D, 0x7C, 0xF9, 0x9A,
    0x6B, 0x5D, 0xE1, 0xB0, 0x9D, 0xEC, 0x29, 0x38, 0xEE, 0x7E, 0x15, 0x93, 0xCB, 0xA4, 0x76, 0x0F,
    0x50, 0x2A, 0x01, 0x68, 0x8A, 0x4B, 0xE9, 0xA2, 0x87, 0xE4, 0xAD, 0x0C, 0xAE, 0x75, 0x93, 0x2F,
    0xCB, 0x73, 0xC5, 0x16, 0x57, 0x1E, 0x3B, 0x64, 0xF2, 0x88, 0xCF, 0x96, 0x90, 0x4F, 0xA0, 0x91,
    0x8F, 0x29, 0xAE, 0xF4, 0x11, 0x37, 0xAB, 0x58, 0xF4, 0xE0, 0x45, 0x8F, 0x50, 0xC7, 0x52, 0x03,
    0xF6, 0xC0, 0x87, 0x9A, 0xED, 0x51, 0x15, 0xC3, 0xAE, 0xE7, 0x79, 0x2D, 0x9F, 0x82, 0x21, 0xE8,
    0x83, 0xFB, 0x7E, 0x1E, 0x4E, 0x89, 0x29, 0xC7, 0x5F, 0xDF, 0xD4, 0x44, 0x79, 0x32, 0x03, 0xA6,
    0x32, 0x3F, 0x63, 0xCE, 0xFB, 0xD3, 0x6D, 0xEC, 0xDF, 0x25, 0xAC, 0xC1, 0xDA, 0xDE, 0x35, 0xEA,
    0xD8, 0x56, 0xCE, 0xE6, 0xB8, 0x19, 0xC9, 0x92, 0x7E, 0x87, 0x3F, 0xB5, 0x52, 0x81, 0xA6, 0xDC,
    0x40, 0x14, 0x3D, 0xC9, 0x94, 0x51, 0xA1, 0x01, 0xA0, 0xAC, 0x7C, 0x41, 0x9B, 0x2F, 0xA8, 0x89,
    0x42, 0x01, 0xF6, 0x3B, 0x0A, 0xFD, 0x83, 0x66, 0x00, 0x28, 0xFA, 0x1B, 0x55, 0x00, 0x05, 0x74,
    0x25, 0x40, 0x01, 0x66, 0x41, 0x51, 0x08, 0x4A, 0x01, 0xBB, 0x58, 0x84, 0x26, 0xB9, 0x2F, 0x33,
    0xD7, 0x79, 0xE2, 0x81, 0xB7, 0xCF, 0xDB, 0xC3, 0x3A, 0x63, 0x4F, 0xEE, 0xDC, 0xB9, 0xE7, 0x1E,
    0xE0, 0x27, 0x14, 0xD9, 0x05, 0x0A, 0x7B, 0x86, 0xA2, 0x0A, 0x50, 0x74, 0x5E, 0xD9, 0x08, 0x15,
    0xF9, 0x9E, 0xF0, 0xAD, 0x15, 0xC5, 0xE4, 0x78, 0xB0, 0xFC, 0x06, 0xAC, 0x42, 0x1D, 0x1E, 0xDE,
    0xCC, 0x5E, 0x9B, 0xEE, 0x0D, 0x60, 0x7A, 0xA0, 0x1C, 0x80, 0x6A, 0x55, 0xDD, 0x04, 0xC8, 0x02,
    0x23, 0xE2, 0x0B, 0x91, 0xC1, 0xFD, 0xFB, 0x33, 0xB6, 0xF6, 0x38, 0xFF, 0xB0, 0x61, 0x07, 0x1B,
    0x70, 0xCB, 0x9F, 0xE2, 0x1D, 0xF8, 0x7A, 0x1E, 0xCA, 0x1E, 0x8A, 0x82, 0x63, 0x98, 0x99, 0xAF,
    0x17, 0xFF, 0x51, 0x1D, 0x91, 0xCB, 0xBD, 0x25, 0x3C, 0x8C, 0x50, 0x48, 0xAF, 0x6C, 0x16, 0xDE,
    0x43, 0x17, 0xCA, 0xB0, 0xED, 0xC5, 0xEE, 0xB9, 0xC7, 0xAD, 0x47, 0x5D, 0xED, 0x7C, 0xD3, 0x7E,
    0x38, 0xCE, 0xF5, 0x6A, 0xEF, 0x6A, 0x73, 0xC8, 0x45, 0x1A, 0x74, 0x0B, 0xE0, 0x46, 0xA0, 0x3C,
    0x03, 0x45, 0x00, 0x8C, 0xE7, 0x9E, 0xDE, 0x72, 0x75, 0x28, 0x3D, 0xB7, 0x59, 0x0C, 0x0C, 0x8A,
    0x19, 0xB9, 0xF3, 0x3C, 0x2E, 0x8E, 0x43, 0x33, 0x2B, 0x32, 0xD2, 0x10, 0x59, 0x1C, 0x4F, 0x33,
    0xE3, 0xD2, 0x05, 0xAD, 0x45, 0x26, 0x40, 0xCD, 0xFB, 0x36, 0x3D, 0xD8, 0x77, 0xFB, 0x16, 0x93,
    0x1C, 0xD2, 0x97, 0xBA, 0xD8, 0x7D, 0x5E, 0xCB, 0x05, 0x56, 0xD6, 0xAE, 0xFF, 0x4F, 0x67, 0xF7,
    0xEB, 0xF7, 0x74, 0xB0, 0xE1, 0xB0, 0xB7, 0xE1, 0xE5, 0x33, 0x3A, 0xB6, 0x7B, 0x94, 0x63, 0x8A,
    0xCF, 0xFB, 0x44, 0x4E, 0xC4, 0x2B, 0xF5, 0x00, 0x6A, 0xF9, 0x8B, 0x48, 0x9A, 0x9E, 0x4A, 0x9A,
    0x44, 0xA7, 0x90, 0xE8, 0xCB, 0x25, 0xD1, 0xFB, 0x39, 0x11, 0xBA, 0x26, 0x92, 0x3A, 0xF2, 0x8A,
    0x89, 0xC9, 0xB5, 0x52, 0x45, 0xA0, 0xEE, 0xB7, 0xB1, 0xCC, 0x27, 0xA8, 0x88, 0xAB, 0xC5, 0x01,
    0x09, 0x0D, 0x36, 0x78, 0x1D, 0xB5, 0x52, 0x24, 0x52, 0xA5, 0x84, 0x4F, 0x32, 0xE8, 0xAA, 0x42,
    0x24, 0x9B, 0x88, 0x03, 0xB4, 0x5F, 0xFB, 0x28, 0x2D, 0x45, 0x24, 0x3B, 0xDA, 0x48, 0xD5, 0x60,
    0x42, 0x94, 0x7C, 0xDE, 0x47, 0x09, 0x59, 0x92, 0x80, 0x24, 0x01, 0x49, 0x02, 0x92, 0x84, 0x6B,
    0x24, 0xE7, 0xC1, 0x28, 0x00, 0x78, 0x41, 0xE2, 0x9F, 0xFC, 0x84, 0x05, 0x2C, 0xE7, 0x65, 0x68,
    0x9F, 0x22, 0x66, 0xD0, 0x51, 0x38, 0x18, 0xC7, 0xE4, 0xD0, 0xB4, 0x80, 0x86, 0x44, 0x7B, 0x68,
    0x16, 0xAD, 0x8B, 0x46, 0xD2, 0x56, 0x9A, 0xAC, 0xE0, 0x02, 0xB8, 0x0E, 0x2E, 0x87, 0xAB, 0xEA,
    0xB8, 0xC6, 0xEB, 0xA4, 0x86, 0xB1, 0x61, 0x88, 0x62, 0xA4, 0x18, 0x30, 0xC6, 0x8D, 0xE1, 0x63,
    0x14, 0xA5, 0x61, 0x4C, 0x19, 0x5A, 0x8D, 0x30, 0x03, 0xCD, 0x78, 0x13, 0x77, 0xED, 0x96, 0x81,
    0xA6, 0xE5, 0x56, 0x14, 0x86, 0xFF, 0x93, 0x30, 0x51, 0x51, 0x81, 0x02, 0x83, 0x14, 0x05, 0x43,
    0xE5, 0x11, 0xF6, 0xEE, 0x1B, 0xF4, 0x39, 0x5A, 0x0C, 0x40, 0x81, 0xA4, 0xA0, 0x28, 0x40, 0x5F,
    0xA2, 0x85, 0x42, 0x01, 0x34, 0xFB, 0x11, 0xF2, 0x08, 0xA1, 0x83, 0x1A, 0x68, 0x5A, 0x51, 0xB9,
    0xE4, 0xE4, 0xAF, 0xFD, 0xAF, 0x75, 0xCC, 0x39, 0xB7, 0xE7, 0x72, 0x3B, 0xA0, 0xB4, 0xDB, 0xD8,
    0xDF, 0xB6, 0xB3, 0xD6, 0xFF, 0xAF, 0xAC, 0xBD, 0xE7, 0xDC, 0xE0, 0x4B, 0xBE, 0x01, 0x50, 0x92,
    0x9C, 0x0C, 0x9B, 0x81, 0x40, 0xF1, 0x1D, 0x5E, 0x33, 0x01, 0x40, 0xC1, 0x39, 0x03, 0xE3, 0x22,
    0x74, 0x9B, 0xD0, 0xEC, 0x42, 0x75, 0x16, 0xCA, 0xC3, 0x40, 0xA1, 0xC8, 0x78, 0x7D, 0x7C, 0xC6,
    0x88, 0x8A, 0x7C, 0x60, 0x44, 0x20, 0xC9, 0x01, 0x14, 0x4A, 0xAE, 0xA7, 0x91, 0x43, 0xC3, 0x88,
    0x9A, 0x43, 0xBB, 0x03, 0x27, 0x0E, 0xDD, 0x0A, 0x80, 0x43, 0x58, 0x84, 0x7E, 0xCA, 0x9B, 0x71,
    0x4C, 0x02, 0x93, 0x34, 0x99, 0xE4, 0xC0, 0x41, 0x7E, 0x1C, 0xE4, 0xCE, 0xA4, 0x5A, 0x72, 0x64,
    0xBB, 0x21, 0xE7, 0x85, 0x25, 0xFF, 0xC3, 0x38, 0xE7, 0x52, 0x0B, 0x26, 0x34, 0x8C, 0xAD, 0x95,
    0xC2, 0x73, 0xD6, 0x23, 0xB3, 0x57, 0xCF, 0xAC, 0x80, 0x17, 0xFC, 0x15, 0x1A, 0xA7, 0x2F, 0x3E,
    0x07, 0x4E, 0xB8, 0x3C, 0x69, 0x22, 0x50, 0xAB, 0x23, 0x21, 0x69, 0x8B, 0x1C, 0x38, 0xA0, 0xE0,
    0x03, 0x5E, 0xF2, 0x8F, 0x03, 0xB9, 0xF4, 0xBC, 0xBF, 0x79, 0x47, 0x2A, 0xCE, 0xF2, 0x04, 0xC0,
    0x94, 0x8B, 0x56, 0x1F, 0x16, 0xEF, 0x4C, 0xCD, 0x0D, 0xD5, 0xA6, 0xF6, 0xFD, 0xB2, 0xA3, 0x51,
    0x27, 0xC7, 0xAF, 0x0F, 0xB4, 0xB3, 0x35, 0x8F, 0xE8, 0x52, 0x6E, 0xEA, 0x86, 0x3E, 0x66, 0x3F,
    0x84, 0x19, 0x61, 0x08, 0x83, 0x9A, 0x81, 0x90, 0xFA, 0xA8, 0x30, 0x74, 0x79, 0x95, 0xC3, 0xD0,
    0xA6, 0xDE, 0xC2, 0xD0, 0x4E, 0x79, 0x8F, 0x83, 0xAF, 0x64, 0xD8, 0xA6, 0x10, 0x15, 0x86, 0x2E,
    0x85, 0x41, 0x61, 0x08, 0x29, 0x24, 0x85, 0x21, 0x0C, 0xED, 0xA4, 0x30, 0xF4, 0xB1, 0x59, 0x14,
    0x06, 0xA2, 0x5E, 0xC3, 0x94, 0x8B, 0x3E, 0x50, 0x9E, 0x55, 0x7E, 0xB9, 0xA3, 0xA0, 0xCE, 0xB7,
    0x59, 0x01, 0x35, 0x4D, 0x9D, 0xED, 0xF3, 0xEA, 0xC4, 0x04, 0xF0, 0xD0, 0xBB, 0xE9, 0xD2, 0xBC,
    0xC1, 0x69, 0xDC, 0x73, 0xE8, 0xC8, 0xB7, 0x63, 0x6E, 0x46, 0x98, 0x5A, 0x92, 0x59, 0xA9, 0x8B,
    0x97, 0xA6, 0x7F, 0x90, 0x1B, 0xFE, 0x80, 0xC7, 0x43, 0x25, 0xA8, 0x3B, 0xBB, 0x11, 0xE1, 0x30,
    0x62, 0xA4, 0x11, 0x3A, 0x2E, 0x19, 0x33, 0xF9, 0x65, 0x1B, 0x27, 0xBF, 0x83, 0x61, 0xF1, 0x3B,
    0xD9, 0xAD, 0xAE, 0xD7, 0xEE, 0xA6, 0xB7, 0xF8, 0x3D, 0x0D, 0x73, 0x65, 0x8A, 0xFD, 0xE4, 0x97,
    0x94, 0xA9, 0x60, 0x94, 0x5E, 0x04, 0x93, 0xDF, 0x5A, 0x4E, 0x7E, 0x99, 0xFB, 0xDC, 0xB1, 0xFA,
    0x0C, 0x48, 0x3A, 0x8B, 0x48, 0xBA, 0xCD, 0x9D, 0xDF, 0x25, 0xAC, 0x5D, 0x7B, 0x5E, 0x1F, 0x12,
    0xB6, 0xFB, 0xEF, 0xD7, 0xD4, 0x8F, 0xA4, 0xE0, 0x20, 0x07, 0x6D, 0x9B, 0x33, 0x27, 0x39, 0xC8,
    0xA3, 0x3A, 0x7B, 0x53, 0xAD, 0xCC, 0xB0, 0xAA, 0x15, 0xF2, 0x69, 0xA9, 0xB1, 0x23, 0x88, 0x3C,
    0x5F, 0x16, 0x07, 0x7A, 0xDA, 0xC0, 0x28, 0x6C, 0xF7, 0x91, 0xA4, 0xF3, 0x9F, 0xC4, 0xAB, 0x01,
    0xC0, 0xE9, 0xFB, 0xDE, 0x8E, 0xF5, 0x7F, 0x3C, 0x0B, 0xD4, 0xB8, 0x8B, 0xA0, 0x39, 0xDD, 0xA2,
    0x33, 0x34, 0x8F, 0x7E, 0xFA, 0x93, 0xC8, 0x49, 0x08, 0x8B, 0xD0, 0xEE, 0x42, 0x73, 0xBE, 0x0E,
    0x3D, 0x79, 0xE8, 0x38, 0xDF, 0x09, 0xAD, 0x2F, 0xAA, 0x51, 0xF4, 0x50, 0xCE, 0x9E, 0x78, 0xF5,
    0xCC, 0xFD, 0x3D, 0xCF, 0x55, 0xCC, 0xBE, 0xE0, 0x90, 0x51, 0xF1, 0xDA, 0xBD, 0xDB, 0x84, 0xFE,
    0x4E, 0x60, 0x79, 0x13, 0xE8, 0x8A, 0x77, 0xDF, 0xDD, 0x01, 0x93, 0x1A, 0x8C, 0x63, 0x34, 0xD2,
    0x70, 0x72, 0x16, 0x67, 0x63, 0xB9, 0xDF, 0xB2, 0xDA, 0x8C, 0xF5, 0x6A, 0x6C, 0x16, 0x63, 0x3B,
    0x1B, 0xBB, 0xC9, 0x18, 0x92, 0xF3, 0xB1, 0x1D, 0x6E, 0xED, 0x8E, 0x2B, 0xBB, 0x22, 0x99, 0x4D,
    0x3F, 0x89, 0x2F, 0xB9, 0xA0, 0x5A, 0x81, 0x9E, 0xAB, 0x6C, 0x02, 0x37, 0xE7, 0x2E, 0xBB, 0xEE,
    0xDB, 0x43, 0x76, 0x1F, 0x95, 0x34, 0x9B, 0x82, 0x31, 0xC8, 0x86, 0xA9, 0x8F, 0x32, 0x9B, 0x68,
    0xE6, 0xB3, 0x31, 0xFC, 0xEE, 0x6D, 0xFF, 0xD3, 0x8F, 0x96, 0xC6, 0x8A, 0x9B, 0x58, 0x72, 0x15,
    0x0B, 0x2E, 0x22, 0x2E, 0x1C, 0x6F, 0xDE, 0xEA, 0xF5, 0x8C, 0x76, 0x43, 0xC9, 0x03, 0x64, 0x6C,
    0xC8, 0x6F, 0xC8, 0xA9, 0x23, 0x7F, 0x23, 0x97, 0x30, 0xB7, 0x9C, 0xDB, 0xB5, 0x1F, 0x4A, 0xC6,
    0x72, 0xEF, 0x81, 0x03, 0xEF, 0x60, 0x9B, 0x1E, 0xE2, 0x09, 0x9E, 0xEE, 0x62, 0x26, 0xAD, 0x0E,
    0xE0, 0xAB, 0xBC, 0x87, 0xB1, 0x21, 0xA7, 0xD3, 0xD1, 0x91, 0xE7, 0x6A, 0x0F, 0x53, 0x4F, 0x6E,
    0x7D, 0xAC, 0xC8, 0x85, 0x40, 0xCF, 0xF4, 0x29, 0x50, 0x1D, 0xB8, 0x19, 0xEF, 0x91, 0xFB, 0xB1,
    0xE6, 0x9F, 0x35, 0x53, 0x0D, 0x38, 0xDE, 0x9D, 0x79, 0xBD, 0xF9, 0x39, 0xF7, 0x24, 0x79, 0xFC,
    0x7D, 0xBE, 0x1F, 0xEE, 0x97, 0xC2, 0x9B, 0xA6, 0x0B, 0xF0, 0xB4, 0x42, 0xB3, 0x2A, 0x5C, 0x49,
    0x61, 0x52, 0xB8, 0x92, 0x18, 0xB5, 0x06, 0xEC, 0xAF, 0xB0, 0x2B, 0xF0, 0x11, 0x5E, 0xFD, 0x90,
    0x07, 0x9E, 0x31, 0xDE, 0x33, 0xDD, 0x43, 0xEE, 0xA7, 0x5F, 0x8D, 0x9F, 0x0C, 0xD6, 0xD4, 0xD3,
    0x2E, 0x94, 0x9B, 0x61, 0x7D, 0xDA, 0x7D, 0x7C, 0x2B, 0xF7, 0x10, 0x15, 0x39, 0xDE, 0x88, 0x9C,
    0x85, 0x62, 0x7F, 0xBA, 0xF8, 0x1F, 0xDF, 0xAA, 0xF8, 0x2E, 0x41, 0x22, 0x83, 0xD0, 0x43, 0x83,
    0x56, 0x3C, 0x9F, 0x2E, 0xBE, 0xF6, 0x8F, 0x90, 0x49, 0xB8, 0x15, 0xA9, 0xE3, 0x3F, 0x6F, 0xC1,
    0xFD, 0xF1, 0xEF, 0x3D, 0xB8, 0x4F, 0xF2, 0x54, 0xED, 0xF2, 0xC8, 0x73, 0xAD, 0xAF, 0x6D, 0x7D,
    0x0A, 0xB6, 0x79, 0x59, 0x90, 0x13, 0xD0, 0x71, 0x03, 0x2A, 0x72, 0x00, 0x82, 0x7F, 0x87, 0xC7,
    0x3C, 0xAF, 0xF0, 0xB5, 0xEF, 0x7B, 0x8C, 0xE2, 0x3D, 0xD7, 0x75, 0xA4, 0xE9, 0xFA, 0xEE, 0xE5,
    0xBE, 0x5E, 0x83, 0x8F, 0x27, 0xFF, 0x8F, 0x7C, 0x78, 0xF5, 0xF3, 0x1A, 0x0E, 0xCD, 0x7C, 0x23,
    0x41, 0x2B, 0x45, 0xF6, 0x2F, 0x2E, 0xF6, 0x0F, 0xD9, 0xF1, 0xDA, 0x1E, 0xA3, 0x72, 0x9A, 0xC3,
    0xD7, 0xDA, 0xF7, 0x18, 0xC5, 0x2B, 0xD7, 0x74, 0x5C, 0x33, 0x70, 0x76, 0xAF, 0x8B, 0xAF, 0xD5,
    0xF0, 0x9C, 0x6A, 0xFF, 0x02, 0xEC, 0x96, 0x21, 0xA8, 0xDB, 0x50, 0x14, 0x86, 0x4F, 0x13, 0x11,
    0x11, 0x71, 0xD5, 0x74, 0xBC, 0x8A, 0x87, 0xB4, 0x09, 0xCC, 0x33, 0xF5, 0xF4, 0xFC, 0xBC, 0x98,
    0xD9, 0x4B, 0xBD, 0xF7, 0x9B, 0xAE, 0xD9, 0xE4, 0xCC, 0x6B, 0x2E, 0xCC, 0x43, 0x60, 0x1E, 0x22,
    0xE6, 0x77, 0xE1, 0xB5, 0xAC, 0xBC, 0xA5, 0xBD, 0xFB, 0x4F, 0xFE, 0xBB, 0xD7, 0x0E, 0x42, 0x61,
    0x7D, 0x1D, 0x65, 0x8F, 0x1E, 0xFE, 0xC0, 0xDF, 0xF1, 0xE5, 0x7E, 0xC9, 0x59, 0xC4, 0x7B, 0xB3,
    0x08, 0x33, 0x6F, 0x7C, 0x18, 0xFB, 0x2F, 0xDB, 0xB5, 0xF9, 0x91, 0xE6, 0x84, 0x13, 0x9F, 0xD4,
    0xAE, 0x6D, 0x6C, 0xA7, 0x93, 0x86, 0xE5, 0x83, 0x64, 0x9E, 0xB3, 0x95, 0x99, 0x70, 0x72, 0x79,
    0x1B, 0x5A, 0x32, 0xFF, 0x34, 0x7A, 0xF2, 0xB5, 0xED, 0xF7, 0xF2, 0xF9, 0x71, 0x57, 0xD3, 0xD0,
    0xB2, 0x83, 0x9D, 0x46, 0xA1, 0x7D, 0x93, 0xFD, 0x94, 0x3E, 0x8C, 0x1D, 0x6D, 0xC2, 0x31, 0xE7,
    0x6B, 0x2F, 0x6E, 0x6E, 0x2A, 0x36, 0x68, 0xDA, 0x0B, 0x34, 0xCE, 0xF9, 0xDB, 0xF1, 0x4D, 0xCA,
    0xC8, 0x8C, 0x71, 0x85, 0x70, 0xE2, 0x13, 0xDA, 0xB9, 0xCF, 0xDB, 0xB7, 0xFF, 0xEB, 0x49, 0x4F,
    0xDF, 0x7D, 0x21, 0x06, 0x67, 0xC4, 0xD7, 0x76, 0x42, 0xBB, 0xDC, 0xEE, 0xC7, 0xCF, 0x9B, 0x8A,
    0xA9, 0x92, 0x93, 0xCE, 0xDB, 0xDF, 0x7B, 0x81, 0x27, 0xBD, 0xC0, 0xEE, 0x4B, 0x2B, 0x06, 0xD1,
    0x53, 0x9C, 0xC4, 0x9A, 0xD8, 0x4E, 0x7B, 0x11, 0x0D, 0x1C, 0x35, 0xEE, 0x42, 0xD0, 0x32, 0x2B,
    0x88, 0xF9, 0x62, 0x8B, 0xC4, 0x09, 0x12, 0xDF, 0xDB, 0x62, 0xD2, 0x0B, 0x22, 0xFA, 0x1E, 0x00,
    0x95, 0x45, 0x0B, 0x20, 0x5A, 0x00, 0xD1, 0x06, 0x10, 0x6D, 0x26, 0x04, 0x61, 0x9B, 0x13, 0x44,
    0xEB, 0x08, 0xC2, 0xBB, 0x21, 0x88, 0x3B, 0x6E, 0x09, 0xAA, 0x97, 0xA0, 0x7A, 0x09, 0xAA, 0x97,
    0xA0, 0x7A, 0x03, 0x88, 0x16, 0x40, 0xB4, 0x00, 0xA2, 0x11, 0x84, 0x43, 0x08, 0xA2, 0x59, 0x82,
    0x68, 0x8E, 0x20, 0x1C, 0x3D, 0x41, 0xB4, 0x00, 0xA2, 0x19, 0x82, 0xF0, 0xC6, 0x04, 0xE1, 0x15,
    0x82, 0xE1, 0x7D, 0x15, 0x7C, 0xE2, 0x77, 0x0F, 0x9D, 0x06, 0x8D, 0x2B, 0xF7, 0x83, 0x4D, 0xF3,
    0x63, 0x78, 0x02, 0xCD, 0x57, 0x5B, 0x04, 0xEC, 0xA5, 0x3E, 0xA9, 0x6C, 0x11, 0xFE, 0x6F, 0xAD,
    0x10, 0x34, 0x30, 0x2D, 0x82, 0x06, 0xA6, 0x42, 0xF0, 0xF4, 0xC4, 0x04, 0x8D, 0x98, 0x36, 0x62,
    0x92, 0xA2, 0x01, 0x43, 0x72, 0x34, 0x60, 0x48, 0x63, 0x0B, 0x62, 0x91, 0x7A, 0x89, 0xA9, 0x97,
    0x18, 0xBC, 0xC4, 0xEE, 0xE0, 0x20, 0xA6, 0x5E, 0x62, 0xEA, 0x25, 0x06, 0xEF, 0x94, 0x18, 0xBD,
    0x8A, 0x69, 0x23, 0x26, 0x06, 0x4D, 0x31, 0xC0, 0x68, 0x8A, 0xF1, 0x7D, 0x89, 0x61, 0xBB, 0x01,
    0xC3, 0xC6, 0x03, 0x86, 0x7B, 0x89, 0xF5, 0x70, 0x10, 0x73, 0x68, 0xC4, 0xDA, 0xA7, 0x7E, 0xF7,
    0xA5, 0xB1, 0xE5, 0x2B, 0x9B, 0x63, 0x93, 0x7D, 0xE2, 0xB6, 0xB1, 0x6B, 0xEC, 0xD4, 0xBB, 0x89,
    0x5F, 0xC9, 0x0E, 0x3B, 0xA8, 0xAD, 0xD4, 0xAD, 0x94, 0xBA, 0x03, 0x2B, 0x1A, 0x3C, 0x95, 0x77,
    0x82, 0x34, 0xF7, 0xB6, 0x5C, 0xF7, 0xF1, 0xBA, 0x8F, 0x56, 0x38, 0xA5, 0xAD, 0x4D, 0x5B, 0xA7,
    0x2D, 0x4E, 0xAB, 0x32, 0x5F, 0x65, 0xDF, 0x2B, 0x83, 0x1D, 0x24, 0x5B, 0x84, 0x3B, 0xE8, 0x11,
    0xB4, 0x99, 0x18, 0x2F, 0x29, 0x82, 0xEF, 0xBE, 0x7C, 0x6D, 0x73, 0x04, 0xDF, 0xFD, 0x36, 0x71,
    0x77, 0x89, 0x7A, 0x7F, 0xAE, 0x26, 0x3B, 0x04, 0x5E, 0x48, 0x35, 0x7F, 0x7A, 0x3B, 0x69, 0x06,
    0xEF, 0x6C, 0xBD, 0x89, 0xE0, 0x5D, 0xAB, 0xF7, 0x36, 0xED, 0xE0, 0xAD, 0xD5, 0xFB, 0x71, 0x0E,
    0x6F, 0xA6, 0xDE, 0xDD, 0xA0, 0xA6, 0x37, 0xE2, 0x77, 0x9F, 0xEE, 0xD4, 0x8B, 0x57, 0x85, 0x74,
    0x9E, 0xBF, 0xD7, 0xF7, 0x86, 0xB4, 0x5B, 0x26, 0x0E, 0xBB, 0x87, 0xF4, 0x61, 0x33, 0xF1, 0xF0,
    0x62, 0xA9, 0x4D, 0x37, 0x78, 0xF3, 0x47, 0xAF, 0x4A, 0x3B, 0xF1, 0xF0, 0x6E, 0xFA, 0xE8, 0x61,
    0x13, 0xAB, 0xB7, 0x2B, 0xD3, 0x6E, 0x89, 0x57, 0x3E, 0xBA, 0x7B, 0xFE, 0xA1, 0x57, 0xE3, 0x5F,
    0xFE, 0xE6, 0x12, 0x8C, 0x9E, 0xA2, 0x97, 0x93, 0xF8, 0xE8, 0xF5, 0x9B, 0x93, 0xC3, 0xF1, 0x07,
    0xE3, 0x9E, 0xDB, 0x0F, 0x27, 0xFB, 0xB9, 0xFC, 0x8F, 0xE3, 0x4F, 0xDD, 0x3F, 0x87, 0x0B, 0x9F,
    0xE4, 0x6E, 0xB8, 0x16, 0x8B, 0xE5, 0x3B, 0x91, 0xD9, 0xAF, 0x76, 0xCD, 0x22, 0xDA, 0x76, 0x6C,
    0x2B, 0xC3, 0x33, 0x3B, 0x70, 0x33, 0x06, 0x69, 0x2C, 0xDC, 0x21, 0x58, 0xA7, 0x34, 0xB8, 0x9E,
    0x62, 0x05, 0x77, 0x77, 0xEF, 0xE3, 0xEE, 0x90, 0xE0, 0xDD, 0xDB, 0xEF, 0xD0, 0xC1, 0xDD, 0x1D,
    0x12, 0xDC, 0x21, 0x68, 0x97, 0xE0, 0xD0, 0xAA, 0x14, 0xE4, 0xBD, 0x91, 0x1A, 0x95, 0x9D, 0xF9,
    0xF6, 0x5C, 0x7F, 0xFE, 0xAC, 0xDC, 0xB3, 0xEF, 0x2D, 0x7D, 0xFE, 0x5E, 0xC6, 0xB8, 0x67, 0x7D,
    0x39, 0x77, 0xFE, 0x7F, 0x96, 0xCF, 0xB5, 0xB3, 0xCF, 0xEB, 0xD2, 0x3F, 0xAB, 0x33, 0xEB, 0x2F,
    0xC7, 0x2B, 0xD5, 0x78, 0x0D, 0x0F, 0xBC, 0xE9, 0xB3, 0xC8, 0xDA, 0xE5, 0xC7, 0x1B, 0x17, 0x59,
    0x9B, 0xE3, 0x4D, 0x55, 0x44, 0x56, 0xB9, 0xE7, 0xA6, 0x3C, 0xDE, 0xF8, 0xC8, 0xEB, 0xF1, 0xE6,
    0x2C, 0x75, 0xBC, 0x59, 0xA4, 0x7D, 0xD0, 0xCD, 0xB3, 0x35, 0xA1, 0x11, 0x5E, 0xA7, 0x3E, 0xAB,
    0x62, 0xA3, 0xBB, 0x1C, 0x80, 0x1B, 0x77, 0xB8, 0x69, 0x0E, 0x37, 0x59, 0xF5, 0xAE, 0xF1, 0x26,
    0x97, 0x77, 0x89, 0x37, 0x4E, 0x1E, 0x3D, 0xDE, 0xDC, 0xC4, 0x9B, 0x77, 0x95, 0x0F, 0xDE, 0xF9,
    0xA2, 0xF8, 0xD6, 0x78, 0xF3, 0xE8, 0x03, 0x9B, 0x30, 0x23, 0xA0, 0x8A, 0xB1, 0x7D, 0xAC, 0xF7,
    0x18, 0xEB, 0x36, 0xEF, 0xE8, 0x96, 0x1D, 0x0B, 0xDD, 0xD1, 0x6B, 0x45, 0x6C, 0xB5, 0x23, 0xAA,
    0x0E, 0xF4, 0x52, 0xA5, 0x5B, 0xA6, 0x4A, 0x37, 0x67, 0xB5, 0xA1, 0x97, 0xEA, 0x21, 0x43, 0x56,
    0xF4, 0x52, 0xBA, 0xA9, 0xD2, 0x2D, 0x35, 0x1C, 0xE9, 0x45, 0x37, 0x87, 0x81, 0xA3, 0x97, 0x2A,
    0xBD, 0xE0, 0x06, 0xAF, 0xB8, 0xB3, 0xC3, 0x0D, 0x5E, 0x70, 0xCB, 0x80, 0x33, 0xBD, 0xE0, 0xC6,
    0xF9, 0x02, 0x2F, 0xB8, 0xC1, 0x0B, 0x6E, 0xC9, 0x3E, 0xE2, 0xF0, 0x82, 0x5B, 0x46, 0x5C, 0xE0,
    0x05, 0xB7, 0xF2, 0x7E, 0x33, 0xAF, 0x79, 0xE5, 0x0F, 0x40, 0x1B, 0x07, 0xA0, 0x1C, 0xE8, 0x75,
    0x76, 0x74, 0xCB, 0x96, 0x8C, 0x6E, 0x6E, 0x4A, 0x17, 0x7A, 0x0D, 0x89, 0xD2, 0xAB, 0x93, 0x96,
    0x03, 0xD0, 0xD8, 0x1D, 0xBC, 0x44, 0x36, 0xB7, 0xF4, 0x2C, 0xE2, 0xC6, 0xCD, 0x4B, 0x64, 0x73,
    0x73, 0x23, 0xFE, 0x27, 0x78, 0x89, 0xC0, 0x0D, 0x6A, 0xB8, 0xB5, 0x15, 0xEE, 0xE1, 0x15, 0xDC,
    0xA0, 0x80, 0x16, 0x3E, 0xF8, 0xE9, 0x46, 0x3E, 0x87, 0xCF, 0x54, 0x6A, 0xE1, 0xD3, 0x56, 0x74,
    0x67, 0xAD, 0xCB, 0x01, 0xF1, 0x50, 0x67, 0x2B, 0x5E, 0x51, 0xFF, 0xFC, 0xF3, 0x1D, 0x80, 0xA4,
    0x13, 0x49, 0x7B, 0x91, 0x6C, 0xB4, 0x5E, 0x11, 0x29, 0x16, 0x11, 0x7F, 0x16, 0xA9, 0x55, 0x44,
    0xB5, 0x4A, 0x54, 0xBB, 0x14, 0x9B, 0xD1, 0xE8, 0x54, 0xA7, 0x42, 0x75, 0xF1, 0xAA, 0xE7, 0xCB,
    0xD9, 0xE2, 0xB3, 0x45, 0xAA, 0x5B, 0xFA, 0x5F, 0x11, 0x79, 0xD7, 0x1B, 0x91, 0x9B, 0xC7, 0x44,
    0xBE, 0xD5, 0x89, 0x8C, 0x79, 0x95, 0x0C, 0xF6, 0xD9, 0xE8, 0xD4, 0x67, 0x8D, 0x8C, 0x4E, 0xE4,
    0x57, 0xA8, 0x17, 0x5E, 0xDF, 0x48, 0xA8, 0x2B, 0xC2, 0x40, 0x58, 0x09, 0xDA, 0x13, 0x16, 0x82,
    0x36, 0x84, 0x99, 0xA0, 0x15, 0x61, 0x24, 0xAC, 0x04, 0xED, 0x09, 0x67, 0x82, 0x36, 0x84, 0x99,
    0xA0, 0x15, 0x61, 0x22, 0xAC, 0x04, 0x1D, 0x08, 0xCB, 0xD5, 0x6F, 0xAE, 0x54, 0xCD, 0x6D, 0xE7,
    0xFE, 0xF6, 0xD3, 0x87, 0xDB, 0x35, 0x9C, 0x08, 0xD5, 0xED, 0x76, 0x75, 0x00, 0xD3, 0x02, 0x86,
    0xDB, 0xFD, 0x33, 0xDD, 0xEA, 0xC3, 0xB8, 0x07, 0x56, 0x84, 0x97, 0xDA, 0xE1, 0x05, 0x3B, 0xFC,
    0xA4, 0x13, 0x40, 0x4A, 0xAD, 0x00, 0x99, 0x0E, 0x00, 0x38, 0x18, 0xE4, 0xDA, 0x03, 0x44, 0xCF,
    0x1B, 0x04, 0x07, 0x83, 0x93, 0xCE, 0x00, 0x73, 0x00, 0x64, 0x3A, 0x02, 0xCC, 0x01, 0x90, 0xEB,
    0x00, 0x10, 0x5D, 0x00, 0x19, 0x7F, 0xE3, 0xB5, 0x0A, 0x70, 0xD2, 0x89, 0x3E, 0x4D, 0x80, 0x84,
    0xCE, 0x4E, 0x7B, 0x40, 0x8B, 0xA7, 0x9B, 0x16, 0x50, 0xAB, 0x18, 0x98, 0x16, 0x60, 0x5A, 0x03,
    0xD3, 0xA2, 0xA5, 0xAF, 0xBC, 0x0E, 0xB7, 0xBC, 0xE4, 0x1B, 0x11, 0x3F, 0x5B, 0xA5, 0x1B, 0xF1,
    0x3A, 0x8B, 0x57, 0x6D, 0xBC, 0xEA, 0xEC, 0x55, 0x27, 0xAF, 0x5A, 0x79, 0x9D, 0xAC, 0x41, 0xE2,
    0xA7, 0xF0, 0xC1, 0x51, 0xDE, 0xFF, 0x60, 0x64, 0x8F, 0xD1, 0x0B, 0x58, 0x5D, 0x9F, 0xBA, 0xC0,
    0x58, 0x4C, 0x32, 0x26, 0x5A, 0x8D, 0x92, 0x4F, 0xA3, 0x14, 0xC3, 0x98, 0xAC, 0x32, 0x96, 0x83,
    0xFC, 0xDF, 0x2A, 0x62, 0x95, 0xB4, 0xFA, 0x0D, 0x72, 0xEB, 0xFA, 0xEE, 0x4A, 0x58, 0xFD, 0x6A,
    0x03, 0x7D, 0x9A, 0x00, 0x32, 0x00, 0x19, 0x18, 0x01, 0x8C, 0x00, 0x3A, 0x13, 0xFE, 0x23, 0x80,
    0x95, 0x06, 0x56, 0x02, 0xFE, 0x03, 0x72, 0x94, 0x87, 0x47, 0x6C, 0xA5, 0x7C, 0x9B, 0x3C, 0xE8,
    0x62, 0x04, 0x25, 0x4F, 0xB5, 0x80, 0x31, 0x01, 0x8C, 0x02, 0x18, 0xE5, 0x02, 0x93, 0x95, 0x06,
    0xFF, 0x11, 0x4A, 0x49, 0xF4, 0x3F, 0x42, 0x79, 0x47, 0xEF, 0x8E, 0xA1, 0xB0, 0xDF, 0x87, 0x42,
    0x46, 0x14, 0x32, 0xA2, 0x90, 0x97, 0xA3, 0x90, 0xAD, 0x10, 0x14, 0xF1, 0xF2, 0xCA, 0xAB, 0x2A,
    0x77, 0x3C, 0x6E, 0xA3, 0xF9, 0x7D, 0x0E, 0x40, 0xD3, 0x31, 0x13, 0x0A, 0xB1, 0x8B, 0x6E, 0xCD,
    0x31, 0x97, 0x1E, 0x33, 0x6C, 0x46, 0x2F, 0xA1, 0xDB, 0x24, 0x42, 0xB7, 0xE1, 0x56, 0xE6, 0xF6,
    0xF4, 0xA2, 0xDB, 0xED, 0xDC, 0x9F, 0xD1, 0x2B, 0x9E, 0x13, 0xE8, 0x36, 0xDC, 0x3E, 0x53, 0xF0,
    0xA4, 0x41, 0x37, 0x90, 0x38, 0x78, 0xC1, 0x0D, 0x5E, 0x70, 0x1B, 0xAF, 0xCF, 0x35, 0x3C, 0xED,
    0x30, 0x05, 0x5F, 0x27, 0x66, 0x07, 0x2F, 0xA6, 0xB6, 0xEB, 0xD4, 0x2E, 0x43, 0x44, 0xEC, 0x2D,
    0x0F, 0xFF, 0x14, 0xAF, 0xCA, 0xDF, 0x67, 0x00, 0xD6, 0xE3, 0x00, 0x30, 0x7F, 0xE7, 0x93, 0x9C,
    0x56, 0x60, 0x31, 0x8A, 0x28, 0xD0, 0xDB, 0xF2, 0xDF, 0x96, 0x71, 0x63, 0xB7, 0x01, 0x95, 0x19,
    0x16, 0x92, 0xDC, 0xAA, 0x05, 0x23, 0xB8, 0xE5, 0x61, 0x00, 0x56, 0x7A, 0x89, 0x28, 0x33, 0xF7,
    0xE6, 0x56, 0x63, 0x00, 0x7A, 0x78, 0xC1, 0x0D, 0x5E, 0x70, 0x83, 0x4D, 0x28, 0x2C, 0x97, 0xC2,
    0x0D, 0x5E, 0x70, 0x83, 0x97, 0xB9, 0xC1, 0x0B, 0x6E, 0xFB, 0x00, 0x8C, 0x27, 0x76, 0x5A, 0x3E,
    0xC3, 0x2B, 0xB8, 0xC1, 0xCB, 0xDC, 0xB4, 0xD8, 0x3B, 0x4D, 0xEB, 0xC3, 0x00, 0x34, 0xC4, 0xF2,
    0xFE, 0x03, 0xB0, 0xEC, 0x98, 0x4E, 0x3B, 0x26, 0x57, 0x03, 0x80, 0x8B, 0x63, 0xF1, 0x93, 0xA5,
    0xEA, 0xE2, 0x54, 0xE7, 0x5C, 0x75, 0x4C, 0x55, 0x87, 0x93, 0x4D, 0x20, 0x9B, 0x85, 0xAD, 0x8A,
    0xF8, 0x55, 0xA4, 0xB4, 0x86, 0xCE, 0x22, 0xF9, 0x28, 0x92, 0x0E, 0x22, 0xA7, 0x6E, 0xB7, 0xB2,
    0x24, 0x6F, 0x7A, 0x4B, 0xFA, 0x79, 0x23, 0xA3, 0x1D, 0x02, 0x4E, 0x43, 0xDA, 0xD9, 0xA1, 0x40,
    0x7E, 0xC3, 0xE1, 0x90, 0xF0, 0xF8, 0x0D, 0x0E, 0x0D, 0x41, 0xDF, 0x6F, 0xFA, 0x4A, 0xAE, 0xAE,
    0x77, 0x61, 0x8D, 0xF7, 0xEE, 0x21, 0xB4, 0x1B, 0x64, 0x71, 0xB3, 0x06, 0x9C, 0x74, 0x83, 0x72,
    0x83, 0x44, 0x37, 0x70, 0x84, 0x36, 0x2E, 0x44, 0x40, 0xBD, 0x41, 0xAA, 0x1B, 0x94, 0x00, 0xD3,
    0x02, 0x0A, 0x42, 0xBB, 0x41, 0xAE, 0x1B, 0x78, 0x42, 0x4E, 0x48, 0xF4, 0x4A, 0x75, 0x22, 0x48,
    0x49, 0xC8, 0x08, 0x52, 0x13, 0x72, 0x82, 0xEC, 0x50, 0x10, 0x4E, 0x04, 0x29, 0x09, 0x29, 0x41,
    0x6A, 0x42, 0x4E, 0x90, 0x96, 0x50, 0x10, 0x12, 0x82, 0x3C, 0x46, 0x78, 0x49, 0x1D, 0xEE, 0xF7,
    0x0E, 0x9F, 0x58, 0xB1, 0x26, 0x80, 0x25, 0xD4, 0xAD, 0xC3, 0x7B, 0x80, 0x69, 0xD1, 0xE1, 0x03,
    0xA0, 0x56, 0x31, 0x30, 0x6D, 0x00, 0xD3, 0x06, 0x30, 0x6D, 0x80, 0x42, 0x3B, 0x80, 0x69, 0x0D,
    0x72, 0x1D, 0x00, 0x5E, 0x85, 0xBF, 0xE9, 0x01, 0x89, 0x2E, 0x42, 0x55, 0x03, 0x30, 0x63, 0x03,
    0x6C, 0x52, 0x06, 0x78, 0x38, 0x9E, 0xBE, 0x6E, 0x10, 0x1C, 0xD0, 0xE1, 0x67, 0x80, 0x39, 0x00,
    0x4E, 0x68, 0x05, 0x0E, 0x2B, 0x80, 0x4C, 0xC7, 0x57, 0x52, 0x87, 0xBF, 0xEB, 0xB6, 0x41, 0xAC,
    0x92, 0xE8, 0x2A, 0x85, 0xAE, 0x89, 0xEA, 0x5A, 0xE0, 0x5F, 0x60, 0xC9, 0x75, 0x15, 0x69, 0x57,
    0x91, 0xDC, 0x2A, 0xFB, 0x7B, 0x22, 0xF2, 0x66, 0x82, 0xEB, 0x4D, 0x44, 0xE4, 0x3B, 0xB1, 0xB4,
    0xEB, 0xDF, 0x91, 0x6C, 0xBE, 0x91, 0xBA, 0xB9, 0xC9, 0x66, 0xB9, 0xA9, 0x1B, 0xB9, 0x29, 0x7B,
    0xB9, 0x39, 0x9D, 0xE5, 0x46, 0xCA, 0xFE, 0x46, 0x4E, 0xE7, 0x1B, 0x2C, 0xD5, 0xD3, 0x12, 0x3E,
    0x13, 0xDF, 0xE7, 0xFA, 0x1A, 0x96, 0xCA, 0x52, 0x59, 0x06, 0x78, 0x27, 0x05, 0x84, 0x52, 0x59,
    0x2A, 0x4B, 0x95, 0x3B, 0x04, 0x12, 0xD7, 0xD5, 0x41, 0x4E, 0x12, 0x92, 0x90, 0x84, 0x44, 0xB8,
    0xAE, 0x20, 0xEB, 0x85, 0x62, 0xFD, 0x34, 0x14, 0x95, 0xB3, 0x81, 0x59, 0x2B, 0x71, 0x17, 0xF1,
    0xA5, 0x10, 0x77, 0x71, 0xBB, 0x2B, 0x22, 0x0E, 0x85, 0xB8, 0x3B, 0x5B, 0x29, 0x00, 0x27, 0x08,
    0x70, 0x02, 0x70, 0x02, 0x70, 0x02, 0xF8, 0x61, 0xD9, 0xE0, 0xD9, 0x6B, 0xC4, 0xD3, 0x5D, 0xBC,
    0xD6, 0x03, 0xA7, 0xDA, 0xC4, 0x1B, 0xA7, 0xC3, 0xF1, 0x88, 0x31, 0xC7, 0x1B, 0xD5, 0xF5, 0x20,
    0x51, 0x88, 0x20, 0x51, 0x88, 0x20, 0xD1, 0x28, 0x52, 0x85, 0x88, 0x12, 0x88, 0x20, 0x81, 0x88,
    0x12, 0x88, 0x20, 0x81, 0x08, 0x12, 0x88, 0x28, 0x81, 0x88, 0x12, 0x8A, 0x02, 0x41, 0x04, 0x09,
    0x44, 0x90, 0x50, 0x04, 0x09, 0x45, 0x00, 0x88, 0xD2, 0x07, 0xBD, 0x9E, 0x1A, 0x7C, 0x64, 0x9D,
    0xEE, 0xB9, 0x39, 0x86, 0xF5, 0x47, 0x83, 0x4A, 0x22, 0xDB, 0x32, 0x8E, 0x92, 0x63, 0x75, 0x7A,
    0x56, 0x14, 0x12, 0x91, 0x83, 0x24, 0x88, 0x28, 0x09, 0x22, 0x4A, 0x20, 0xA2, 0x84, 0x22, 0xEE,
    0x6B, 0x94, 0x40, 0x44, 0x09, 0x44, 0x94, 0xC4, 0x3D, 0x9A, 0x22, 0x48, 0x20, 0xA2, 0x84, 0x22,
    0x4A, 0x44, 0x20, 0xA1, 0x08, 0x12, 0x8A, 0x20, 0x81, 0x28, 0x4A, 0xB0, 0x55, 0xC5, 0xEB, 0xBD,
    0x0E, 0xFC, 0x4A, 0x9E, 0xA3, 0x4F, 0x1E, 0xE7, 0xE8, 0xF7, 0xAD, 0x51, 0xB2, 0x4A, 0x14, 0xB9,
    0x59, 0x3C, 0x45, 0x46, 0x8E, 0x22, 0x8B, 0x49, 0x29, 0x32, 0xA0, 0x08, 0x21, 0x10, 0xA1, 0xA4,
    0x08, 0x11, 0x10, 0xB1, 0xD0, 0x86, 0x12, 0x06, 0x53, 0x8A, 0xDF, 0x69, 0xC3, 0x68, 0xFC, 0xA0,
    0x88, 0x12, 0x84, 0x43, 0x02, 0x11, 0x24, 0x10, 0x41, 0x42, 0x51, 0x90, 0x50, 0x04, 0x09, 0x44,
    0xD3, 0xE1, 0xA6, 0x98, 0x0E, 0x61, 0x75, 0x1F, 0x0D, 0x12, 0xAD, 0xA2, 0x75, 0x76, 0x36, 0x8F,
    0x5D, 0xC2, 0xEA, 0x04, 0x09, 0x2B, 0x0A, 0x89, 0x40, 0x04, 0x09, 0x44, 0x90, 0xA0, 0xB6, 0x94,
    0x40, 0x44, 0x09, 0x44, 0x90, 0x40, 0x04, 0x09, 0x44, 0x94, 0x40, 0x04, 0x09, 0x45, 0x90, 0x40,
    0x04, 0x09, 0x45, 0x90, 0x40, 0x14, 0x24, 0x14, 0xFD, 0xD0, 0xB3, 0xCC, 0xD1, 0x37, 0xCE, 0xD1,
    0x37, 0x3F, 0xCE, 0xD1, 0xEF, 0x3C, 0xCC, 0xD1, 0x44, 0x0F, 0x73, 0x34, 0xD3, 0x2E, 0xCE, 0xD1,
    0x42, 0xC7, 0x38, 0x47, 0x6B, 0x5D, 0x20, 0x0A, 0x12, 0x85, 0x08, 0x12, 0x85, 0x08, 0x12, 0x85,
    0x08, 0x12, 0x85, 0x68, 0x93, 0xA8, 0x72, 0x8E, 0x1A, 0xAF, 0x98, 0xA3, 0xCC, 0x18, 0x98, 0xA3,
    0xC8, 0x25, 0x9C, 0xA3, 0xC8, 0x32, 0x9C, 0xA3, 0x9B, 0x44, 0x24, 0x88, 0x20, 0x11, 0x81, 0x08,
    0x12, 0x81, 0x08, 0x12, 0x88, 0x36, 0x09, 0x44, 0x1F, 0xFC, 0x7A, 0x3B, 0x47, 0x93, 0x76, 0xBD,
    0x0B, 0xB2, 0x5E, 0x5F, 0x21, 0xCF, 0xE2, 0x07, 0x6B, 0xAF, 0xFF, 0xFB, 0x15, 0xBA, 0xF2, 0x98,
    0x2B, 0xEF, 0xA4, 0x9D, 0xFD, 0x7F, 0x68, 0x78, 0x6B, 0x11, 0xC5, 0x72, 0x71, 0xA8, 0x8A, 0x25,
    0xB4, 0xA5, 0x50, 0x9D, 0x52, 0x0D, 0x6D, 0x34, 0x07, 0x6B, 0xEA, 0x69, 0x0D, 0x66, 0xBD, 0xEF,
    0xED, 0xF3, 0x1D, 0x52, 0xE0, 0x28, 0x39, 0x92, 0xE2, 0x92, 0x4F, 0xE2, 0x46, 0x0D, 0x57, 0xBA,
    0x48, 0xF1, 0xFB, 0xC0, 0x8F, 0x5C, 0xA4, 0xFC, 0x43, 0x60, 0x77, 0x16, 0xFF, 0x7D, 0xC0, 0x7E,
    0x15, 0xFF, 0x49, 0xC0, 0xA1, 0x95, 0x3A, 0x07, 0x8E, 0xB5, 0xD4, 0xEE, 0xF9, 0xA3, 0xA7, 0xAC,
    0x15, 0xFF, 0x71, 0xC0, 0x41, 0xF7, 0x47, 0x74, 0xEB, 0xFE, 0xE0, 0xDF, 0x3F, 0x8B, 0xFB, 0x57,
    0xE0, 0x47, 0x2D, 0xE2, 0xC6, 0x36, 0x60, 0x36, 0x4B, 0x36, 0xA3, 0xEA, 0x6E, 0x94, 0xF4, 0xEC,
    0x82, 0x57, 0x69, 0x73, 0x2C, 0x0D, 0x06, 0x75, 0x27, 0xD2, 0x76, 0xAD, 0x2A, 0x46, 0xAF, 0xB4,
    0x7C, 0x3F, 0x85, 0xCF, 0x14, 0x6E, 0x95, 0xAF, 0x79, 0x5A, 0xFC, 0x1C, 0x8E, 0xDA, 0xC3, 0xF6,
    0x43, 0xA4, 0x5D, 0x3F, 0x3D, 0x69, 0x31, 0x6A, 0x2E, 0x1E, 0x66, 0x92, 0xC3, 0x89, 0x27, 0x3F,
    0x64, 0xDA, 0x37, 0xFD, 0x6C, 0x52, 0x83, 0xB8, 0xF1, 0xF8, 0xE5, 0x41, 0xBE, 0x1C, 0xDF, 0x4D,
    0x78, 0x18, 0xB4, 0xDA, 0x07, 0xC3, 0x7A, 0x0C, 0x93, 0xCA, 0xCD, 0x21, 0x30, 0xCC, 0xC0, 0x02,
    0x83, 0xE5, 0x07, 0xB1, 0xD0, 0xB6, 0x93, 0xBA, 0x0B, 0xF3, 0xD4, 0x8F, 0x92, 0x62, 0x99, 0xE6,
    0x8B, 0x05, 0x1B, 0xD9, 0x6F, 0xFC, 0x18, 0xE6, 0x71, 0x98, 0xA3, 0xDA, 0x6D, 0x77, 0xF8, 0x3F,
    0x46, 0x42, 0x47, 0x97, 0xE0, 0xD9, 0xF3, 0x09, 0x7C, 0xDE, 0xF6, 0xF4, 0x54, 0x4D, 0xBA, 0xD5,
    0x8C, 0xF5, 0x64, 0xAD, 0x0B, 0x65, 0x8B, 0xD8, 0xBE, 0xD8, 0x5A, 0x69, 0x38, 0x75, 0x95, 0x53,
    0xF7, 0x6B, 0xF6, 0xA9, 0x9B, 0xEA, 0xDD, 0xA4, 0x45, 0x5C, 0x39, 0xEC, 0xEF, 0x2C, 0xD6, 0x70,
    0xDF, 0xED, 0xAF, 0x05, 0x32, 0x8B, 0x70, 0x9D, 0xA1, 0x84, 0xA9, 0x6B, 0x80, 0xE2, 0x77, 0x80,
    0xAE, 0x11, 0x99, 0x80, 0x59, 0x27, 0xE9, 0x00, 0x3C, 0x8D, 0x76, 0x87, 0x6B, 0x92, 0xBC, 0xD9,
    0xF0, 0x37, 0xC4, 0x6D, 0x24, 0x37, 0x52, 0x10, 0x9F, 0x90, 0xC7, 0x37, 0xBA, 0xC0, 0x13, 0xC4,
    0x42, 0x6E, 0x88, 0xEE, 0xC5, 0x62, 0x34, 0x3B, 0x3E, 0x22, 0x3E, 0xF8, 0x58, 0x9D, 0x58, 0xC9,
    0x63, 0xD5, 0x63, 0x83, 0x8E, 0xCD, 0x3C, 0x36, 0x9E, 0x5D, 0x72, 0xEC, 0xA8, 0x63, 0xF7, 0x1D,
    0x3B, 0x95, 0x5D, 0x7D, 0x1C, 0x80, 0xE3, 0xB0, 0x70, 0xB0, 0x5E, 0x6B, 0xAF, 0x4F, 0xBF, 0x67,
    0x7E, 0x6D, 0xC5, 0x9D, 0xCB, 0xDA, 0x04, 0xB5, 0xFC, 0x5C, 0xE1, 0xEE, 0x7D, 0x65, 0x89, 0x69,
    0x7C, 0x76, 0xBF, 0xBF, 0x7D, 0x68, 0x58, 0x5C, 0x17, 0xF6, 0x4D, 0xBF, 0x5C, 0x68, 0x69, 0x17,
    0x11, 0x1D, 0x8D, 0xDC, 0x2A, 0xA7, 0x8D, 0xB4, 0x4A, 0x49, 0x5D, 0x4E, 0x1A, 0xDC, 0x33, 0xA0,
    0x27, 0xC7, 0xF2, 0xFF, 0x41, 0x7F, 0x3B, 0xF9, 0x7F, 0x00, 0xFD, 0xE9, 0xE2, 0xFF, 0x10, 0xF4,
    0x87, 0x4B, 0xFD, 0x7D, 0xA0, 0x3F, 0x38, 0xB7, 0x1F, 0x05, 0xFA, 0xFD, 0xB5, 0x4D, 0x41, 0xDD,
    0xAA, 0xD7, 0xA4, 0xF7, 0xA1, 0x83, 0x62, 0x77, 0x39, 0x47, 0xE7, 0xF8, 0x34, 0xFF, 0xEF, 0xA0,
    0xBF, 0x9C, 0x8B, 0xBD, 0x56, 0x8E, 0x75, 0x1E, 0x73, 0x52, 0x1F, 0x5B, 0x94, 0x90, 0x44, 0xDA,
    0xC9, 0xA8, 0x3C, 0x8B, 0x94, 0x67, 0x23, 0x9D, 0x45, 0x72, 0xF4, 0x50, 0xD8, 0xFD, 0xD6, 0x2F,
    0xFB, 0x67, 0x7C, 0x50, 0xA8, 0xF7, 0x6D, 0x0F, 0x99, 0x82, 0x33, 0x67, 0x16, 0x5C, 0x5F, 0xF8,
    0xA3, 0xAF, 0xB4, 0x54, 0x25, 0x5F, 0xB3, 0xA7, 0xAA, 0x5C, 0x75, 0xDE, 0x52, 0x95, 0x0D, 0x65,
    0x15, 0x52, 0xD5, 0x49, 0x9F, 0xFE, 0x22, 0x1D, 0x42, 0xAA, 0xCA, 0x57, 0x91, 0x72, 0x0E, 0xA9,
    0xAA, 0x9C, 0x2C, 0xC9, 0x87, 0x54, 0x55, 0x9B, 0x65, 0x48, 0x55, 0x1D, 0xEA, 0xFE, 0xBD, 0x8B,
    0x94, 0xBF, 0x8F, 0x85, 0x60, 0xA9, 0xEA, 0x72, 0x2B, 0x22, 0x6E, 0x58, 0xC5, 0x7F, 0xD4, 0x6C,
    0x98, 0x8F, 0xAD, 0xD4, 0x5C, 0x34, 0xB5, 0xD4, 0x58, 0x39, 0xE9, 0xF4, 0x3C, 0xD0, 0x53, 0xD6,
    0x46, 0x33, 0x3D, 0x3E, 0x82, 0x0F, 0xB6, 0x54, 0x35, 0xA0, 0x3A, 0xDF, 0xB7, 0x6C, 0x95, 0x4C,
    0x90, 0xAA, 0x50, 0xF5, 0x90, 0xAA, 0xD0, 0xA0, 0x90, 0xAA, 0x2E, 0xCD, 0xFC, 0x0A, 0x1D, 0x90,
    0xAA, 0xAC, 0xF7, 0x3F, 0x02, 0xA9, 0xCA, 0xBA, 0x64, 0x4F, 0x55, 0x6B, 0xF5, 0x4A, 0x4B, 0x55,
    0x18, 0x37, 0x0E, 0x1B, 0x47, 0xED, 0xF8, 0x79, 0xFC, 0x4C, 0x9F, 0xE0, 0xC4, 0x14, 0x2D, 0x52,
    0x80, 0x96, 0x6D, 0x92, 0x04, 0x35, 0x40, 0xB5, 0x3A, 0x91, 0xBA, 0x8C, 0x34, 0x38, 0xD2, 0xB8,
    0xD3, 0x5C, 0x92, 0x16, 0x4F, 0x3A, 0xEF, 0xB4, 0xD6, 0xD7, 0xA4, 0xED, 0xF3, 0xA4, 0xFA, 0x9A,
    0xD6, 0xFB, 0x3C, 0x63, 0x29, 0x76, 0x72, 0xA4, 0x29, 0x27, 0x8D, 0x29, 0xA9, 0x8F, 0x2D, 0x12,
    0x12, 0x3A, 0x08, 0x5D, 0xE4, 0x40, 0x21, 0xDF, 0x2A, 0x97, 0x4A, 0xFC, 0x58, 0x5F, 0xEE, 0x63,
    0x72, 0x8A, 0xEB, 0xA8, 0xB8, 0xB5, 0x8E, 0xAE, 0xAE, 0xB7, 0x8E, 0xF8, 0x68, 0xC4, 0x9B, 0x88,
    0xDF, 0x15, 0xB1, 0x8D, 0xA8, 0x04, 0x1E, 0x6C, 0xF1, 0xDC, 0x8E, 0x98, 0x46, 0xCC, 0xB4, 0x27,
    0xE6, 0x3A, 0x12, 0x5D, 0xC4, 0x42, 0x27, 0x62, 0xA9, 0x0B, 0xD1, 0x47, 0xAC, 0xF5, 0xCC, 0x6F,
    0x4D, 0x54, 0xF5, 0xF2, 0xF3, 0x27, 0x72, 0xE5, 0x35, 0x24, 0x3B, 0x56, 0xC2, 0xA1, 0x9E, 0x31,
    0xC3, 0xD8, 0x0D, 0x2D, 0xE7, 0x0E, 0x67, 0xD4, 0xC4, 0x5E, 0x3A, 0x7C, 0xBB, 0xAE, 0x67, 0x56,
    0x21, 0xE8, 0x39, 0x37, 0x17, 0x20, 0x03, 0xE8, 0x06, 0xD4, 0x1D, 0x51, 0x8B, 0x0A, 0x4D, 0xD7,
    0x3F, 0x54, 0xED, 0x80, 0xAB, 0xB4, 0xC0, 0x4C, 0x27, 0x29, 0xB4, 0x47, 0xD3, 0x1B, 0x4B, 0x07,
    0x01, 0xCD, 0xB3, 0x0E, 0x58, 0x8C, 0xFB, 0x67, 0x30, 0xDF, 0x58, 0xF5, 0x16, 0x43, 0x64, 0xFA,
    0xEF, 0xB4, 0x1F, 0x5F, 0x2B, 0xC2, 0xB7, 0xA2, 0x15, 0x9E, 0x29, 0xD7, 0xD7, 0xA9, 0x8A, 0x9C,
    0x36, 0x91, 0xB3, 0x2E, 0x72, 0xDE, 0x47, 0x76, 0x03, 0x09, 0x35, 0xE0, 0x55, 0x4E, 0x91, 0xFD,
    0x1C, 0xB9, 0x5E, 0x22, 0xFF, 0xEE, 0xEF, 0x46, 0x5E, 0xBE, 0x7B, 0xC7, 0x64, 0xF6, 0xB1, 0x3A,
    0x93, 0xAF, 0xC8, 0xE9, 0x58, 0x34, 0xE4, 0x6C, 0x74, 0x5D, 0xAC, 0x8E, 0xEB, 0xC9, 0xAE, 0xCB,
    0x06, 0x72, 0xD1, 0xA5, 0xE3, 0x3E, 0x64, 0x55, 0x1A, 0xD7, 0x0A, 0xB7, 0x9C, 0xFA, 0x65, 0xF6,
    0xA7, 0x19, 0x9F, 0xF3, 0x39, 0x5F, 0x66, 0x47, 0x4F, 0x0E, 0xCE, 0x60, 0x63, 0xD1, 0xA0, 0xC7,
    0x63, 0x43, 0x4A, 0xE4, 0x97, 0x35, 0x8C, 0x54, 0x87, 0xC8, 0x1E, 0xEF, 0x9A, 0xD9, 0x72, 0xB6,
    0x3E, 0x1F, 0x44, 0x5C, 0xCF, 0xEA, 0xE0, 0x1E, 0xD5, 0xB1, 0x26, 0x80, 0xCB, 0x26, 0xEB, 0xD2,
    0x09, 0xEC, 0xA5, 0x9C, 0x92, 0x19, 0x5C, 0x8B, 0xAE, 0xB2, 0x6C, 0xBD, 0x93, 0xAD, 0xDA, 0x6D,
    0x3D, 0xB4, 0x94, 0x53, 0x39, 0xA1, 0x87, 0x92, 0x59, 0x9B, 0x6C, 0xF5, 0xE8, 0x9D, 0x67, 0xCE,
    0x22, 0x2D, 0x67, 0x8D, 0xD5, 0x81, 0x35, 0x6F, 0xB6, 0x15, 0xC4, 0x86, 0xB5, 0x98, 0x38, 0xE8,
    0x8F, 0x21, 0xFC, 0x6C, 0xD0, 0xA7, 0x87, 0xD7, 0xED, 0xBF, 0x62, 0x3F, 0xDE, 0x1B, 0xFC, 0xF6,
    0xF2, 0xEC, 0x57, 0xF2, 0x4E, 0x0D, 0xBB, 0x59, 0x49, 0xAD, 0x72, 0xD4, 0x74, 0xB9, 0x5A, 0xB0,
    0x98, 0xBB, 0x58, 0x0A, 0x1C, 0x52, 0x3D, 0x73, 0x68, 0x75, 0xDE, 0x05, 0xC3, 0x2E, 0xE0, 0x08,
    0x7B, 0xFA, 0x52, 0xC0, 0xEF, 0x41, 0xD0, 0x56, 0x0A, 0xDC, 0x2E, 0x28, 0x35, 0x7E, 0x93, 0xBF,
    0x4B, 0x97, 0x5D, 0x3A, 0xEE, 0x4F, 0xED, 0x0F, 0x6D, 0xC0, 0x92, 0x29, 0x15, 0x5E, 0xAB, 0x78,
    0x08, 0x6A, 0x95, 0x76, 0xDE, 0xAA, 0x91, 0xE8, 0xB8, 0xD1, 0x47, 0x69, 0xB7, 0xD1, 0xBF, 0x40,
    0x1A, 0x96, 0x3D, 0xCD, 0x58, 0x4D, 0xC7, 0xE5, 0xCF, 0xC4, 0x86, 0xD5, 0x3D, 0x90, 0x58, 0xE1,
    0xE4, 0xF8, 0x92, 0xF4, 0x7A, 0xA5, 0x3C, 0x32, 0xC8, 0xF3, 0xB9, 0x5C, 0x0C, 0xAB, 0x47, 0x12,
    0xAB, 0xCC, 0x9E, 0xBA, 0xDA, 0x3C, 0x6B, 0x20, 0x6A, 0x31, 0x30, 0x94, 0x55, 0x0B, 0xAD, 0x89,
    0xA1, 0xB1, 0x0F, 0x83, 0xAA, 0x42, 0xCB, 0x7A, 0x91, 0x77, 0x1A, 0xD0, 0x05, 0xD5, 0xD6, 0xBD,
    0xAD, 0xAE, 0x18, 0x7C, 0x0B, 0x9D, 0x45, 0xBE, 0x06, 0x6F, 0xA1, 0xED, 0x01, 0xB5, 0xA1, 0x57,
    0x6D, 0x0C, 0x67, 0xBC, 0x5C, 0x81, 0x77, 0x6A, 0xA1, 0xD8, 0xB8, 0x0B, 0xD4, 0xC5, 0xE3, 0x0F,
    0x2D, 0x1B, 0x60, 0x12, 0x42, 0x0D, 0xD7, 0x0C, 0xA1, 0xE6, 0xF3, 0x35, 0xC7, 0x83, 0x80, 0x36,
    0x44, 0x84, 0x02, 0x67, 0x8E, 0x50, 0x08, 0x25, 0x36, 0x3B, 0x72, 0x15, 0x33, 0x14, 0x38, 0x00,
    0x1D, 0x42, 0x81, 0x0C, 0x15, 0x56, 0x00, 0xFD, 0xD6, 0x83, 0x38, 0xB7, 0x11, 0x31, 0x93, 0x12,
    0x82, 0xB8, 0x0A, 0x65, 0xDA, 0x79, 0xEE, 0x10, 0xA3, 0xE7, 0x3E, 0x30, 0xB9, 0x33, 0x48, 0xFB,
    0x14, 0x36, 0x56, 0xC0, 0xDB, 0x9D, 0x2D, 0x00, 0x61, 0xB8, 0xB3, 0x30, 0x44, 0x84, 0x1F, 0xB8,
    0x75, 0x67, 0x86, 0xF8, 0x89, 0x32, 0xED, 0x37, 0x2B, 0x0B, 0x83, 0x0E, 0x61, 0x16, 0x84, 0x30,
    0x0B, 0x8C, 0xEF, 0xEC, 0xAF, 0x97, 0xA7, 0xD4, 0xF3, 0x71, 0x19, 0x31, 0x8E, 0x8D, 0x5A, 0x39,
    0x59, 0xFC, 0xCC, 0x89, 0xA7, 0x43, 0xB1, 0x6C, 0x61, 0x4D, 0xC6, 0x25, 0xC5, 0xAD, 0xD3, 0xCF,
    0x9C, 0xA1, 0xD6, 0xC7, 0xC5, 0x82, 0x30, 0xEB, 0x53, 0x84, 0x09, 0x02, 0x2D, 0x0C, 0x81, 0x16,
    0x66, 0x81, 0x08, 0x0B, 0x81, 0x16, 0x86, 0x40, 0x84, 0x59, 0xA0, 0xE7, 0x4E, 0x3B, 0xB9, 0x06,
    0x94, 0xF5, 0xEC, 0xFB, 0xA4, 0x92, 0xA4, 0xE2, 0xB7, 0x81, 0x59, 0x6F, 0xF4, 0xE1, 0x21, 0xD4,
    0x28, 0xCC, 0x45, 0x7C, 0x16, 0x1B, 0xB6, 0xC5, 0xE8, 0x74, 0xB6, 0x31, 0xEE, 0xC3, 0x6C, 0x93,
    0x22, 0x2C, 0x5F, 0xC5, 0x1F, 0x24, 0x9D, 0xAD, 0xED, 0xDA, 0xDB, 0xC4, 0xA9, 0x1C, 0xFF, 0xE4,
    0xB8, 0xF7, 0xAA, 0x1A, 0x8E, 0x04, 0x13, 0x92, 0x7E, 0xBB, 0x1F, 0x42, 0x4B, 0x90, 0xA5, 0x02,
    0x10, 0x16, 0x10, 0xC2, 0x10, 0x68, 0x61, 0x5B, 0x20, 0x36, 0xED, 0x2D, 0x0C, 0x81, 0xEC, 0x49,
    0xEE, 0x2B, 0x6E, 0x3F, 0x2A, 0xF8, 0xFD, 0xA0, 0xC6, 0x63, 0x09, 0xBF, 0x92, 0x67, 0x58, 0x08,
    0xF4, 0xA0, 0x3E, 0x84, 0xAD, 0x21, 0xD0, 0xC2, 0xC6, 0xD6, 0x02, 0x43, 0x13, 0x42, 0x63, 0x42,
    0x13, 0xD8, 0x98, 0x25, 0x3C, 0xBA, 0x73, 0xAA, 0x63, 0xA8, 0x23, 0xB6, 0x2B, 0x1C, 0xB0, 0x54,
    0xB9, 0xB5, 0xFB, 0x05, 0xC7, 0x36, 0xE6, 0x96, 0x36, 0x4C, 0x6E, 0x1C, 0x06, 0x1F, 0x78, 0x3D,
    0x53, 0x89, 0xBC, 0x9D, 0x1D, 0x61, 0x9A, 0x30, 0x3B, 0x73, 0xAB, 0xA2, 0x8E, 0x52, 0xDA, 0x90,
    0xEA, 0x84, 0x8D, 0xAF, 0x9E, 0xB1, 0x73, 0xF9, 0x05, 0xBB, 0xB4, 0x57, 0x67, 0xE1, 0x52, 0x68,
    0xBD, 0x72, 0x6B, 0x3D, 0x6E, 0xAC, 0x69, 0xFC, 0x9E, 0xAA, 0xD9, 0x16, 0xE5, 0x3D, 0x93, 0xF8,
    0x14, 0x3F, 0x38, 0x70, 0x81, 0x73, 0xAB, 0xE0, 0x1F, 0xFC, 0x0E, 0x5B, 0x77, 0x8F, 0x21, 0xEC,
    0x29, 0x9D, 0xF1, 0x72, 0x54, 0x17, 0x7C, 0x55, 0xEF, 0xF1, 0x3D, 0xFC, 0x05, 0xE1, 0xEA, 0xC2,
    0x66, 0x37, 0x87, 0x64, 0x9B, 0xE9, 0x78, 0xE1, 0xCA, 0xC2, 0xF1, 0xED, 0xBC, 0x99, 0xBE, 0x57,
    0xCC, 0x5C, 0x7E, 0xDD, 0x4A, 0x9E, 0x06, 0x27, 0x94, 0xE5, 0x18, 0xCF, 0x09, 0xD7, 0x17, 0x73,
    0xB1, 0x24, 0x26, 0xAB, 0xF0, 0xAA, 0x18, 0x29, 0xBB, 0xD0, 0x0A, 0xEB, 0xA3, 0xB6, 0x03, 0xEC,
    0xD9, 0xDA, 0x6B, 0xA0, 0x82, 0x49, 0x6B, 0x8D, 0x2B, 0xAC, 0x65, 0xAD, 0xF6, 0x52, 0xE3, 0x53,
    0xC0, 0x98, 0xA8, 0xCE, 0x06, 0x33, 0x52, 0x50, 0xA1, 0x8B, 0xE3, 0x77, 0x95, 0x5E, 0x57, 0xCE,
    0xBA, 0x99, 0x73, 0x68, 0x24, 0x74, 0x3C, 0x9E, 0xF2, 0xC8, 0xCA, 0xC4, 0xA8, 0x68, 0x85, 0xE7,
    0xFE, 0x57, 0x12, 0x3C, 0xFF, 0x0B, 0xC1, 0xF0, 0xE1, 0xB0, 0x71, 0x3B, 0x57, 0x44, 0x73, 0xFA,
    0x27, 0x5C, 0x11, 0x59, 0x80, 0x35, 0xC4, 0xFE, 0x03, 0x4F, 0xE5, 0x1F, 0x11, 0xEA, 0x61, 0xD5,
    0x6C, 0x4D, 0x6F, 0x29, 0xC2, 0x6F, 0xCD, 0xC2, 0xF1, 0xBF, 0xB6, 0x89, 0x84, 0xD5, 0xD6, 0xE0,
    0xE8, 0x53, 0xE8, 0xF6, 0x26, 0xE6, 0x8E, 0x0D, 0xDC, 0x9B, 0xF3, 0x05, 0x94, 0xE0, 0x28, 0x8C,
    0xEB, 0x15, 0xE5, 0x93, 0x01, 0x66, 0x03, 0x51, 0x18, 0x84, 0xE7, 0xBD, 0xD0, 0x45, 0xD1, 0x02,
    0x4A, 0xD1, 0x23, 0xF4, 0x08, 0xDB, 0x23, 0xF4, 0x10, 0x05, 0x4A, 0xAF, 0x90, 0xBD, 0x58, 0xD3,
    0x3D, 0x42, 0x8E, 0x10, 0x04, 0x05, 0x3C, 0x04, 0x8B, 0xDD, 0x9D, 0xCE, 0xFB, 0xB7, 0xEF, 0xDF,
    0xA8, 0x15, 0x05, 0x24, 0x82, 0xCD, 0xF7, 0x6D, 0xFC, 0x09, 0x66, 0x0C, 0x1E, 0xF9, 0x0D, 0x7D,
    0xEC, 0x41, 0x8E, 0x88, 0x64, 0x5F, 0x91, 0x03, 0xEE, 0x24, 0xF9, 0xC1, 0x33, 0xD9, 0xD5, 0x23,
    0x1E, 0xB0, 0x1E, 0xF0, 0x56, 0x27, 0x00, 0x5F, 0x3B, 0x3D, 0x5B, 0x09, 0x5B, 0x49, 0x9B, 0xA5,
    0x99, 0x5E, 0x02, 0x5F, 0xEC, 0x45, 0x82, 0x3F, 0x12, 0x4D, 0xC8, 0x2E, 0x92, 0x4C, 0xA7, 0xC4,
    0x8F, 0x2F, 0x58, 0x2C, 0xD0, 0x8C, 0x9C, 0xE0, 0x06, 0x15, 0xD9, 0xAD, 0xD8, 0x28, 0xCF, 0x83,
    0xA0, 0x34, 0xEF, 0x05, 0xCB, 0x72, 0x33, 0x25, 0x99, 0x73, 0x34, 0xF0, 0x17, 0xCD, 0x12, 0x2C,
    0xA2, 0x45, 0xD8, 0xC9, 0x79, 0xC2, 0x92, 0x78, 0xB7, 0x24, 0x22, 0x2D, 0x09, 0x21, 0x27, 0x21,
    0xE4, 0x24, 0x32, 0x92, 0x5D, 0x2A, 0x09, 0x43, 0x6B, 0x60, 0x7B, 0xE2, 0xAF, 0xCF, 0x2C, 0x89,
    0xC0, 0x66, 0xC2, 0x3E, 0x03, 0xA4, 0x61, 0x3D, 0x1A, 0x9E, 0x26, 0x84, 0xCF, 0xB2, 0xB4, 0x1D,
    0x80, 0x32, 0xB6, 0x43, 0xE8, 0x51, 0xF6, 0x96, 0x2A, 0xA2, 0x4C, 0x2E, 0xDD, 0x12, 0x65, 0x75,
    0xAF, 0x15, 0xE1, 0xC3, 0xD3, 0xBD, 0x6F, 0x0F, 0x3E, 0x3F, 0x73, 0x5F, 0xE0, 0xBC, 0xBD, 0x45,
    0x8F, 0xC5, 0xCB, 0xE4, 0x56, 0xE3, 0xBF, 0xDC, 0x7F, 0x7B, 0xE5, 0xEE, 0x3D, 0x86, 0x8F, 0xB9,
    0x47, 0x7D, 0xEF, 0x3D, 0xCA, 0xBD, 0x47, 0xB9, 0xF7, 0x28, 0xF7, 0x1E, 0xE5, 0xDE, 0xA3, 0xDC,
    0x7B, 0x94, 0x7B, 0x8F, 0x72, 0xEF, 0x6E, 0xC1, 0x63, 0xF1, 0xAB, 0xED, 0x91, 0xC7, 0xBE, 0x75,
    0x0F, 0x1C, 0xDC, 0xC1, 0x7E, 0xF6, 0xFA, 0xC8, 0x6F, 0xFA, 0x1F,
};

static const EpdGlyph ubuntu_24_regularGlyphs[] = {
    { 0, 0, 0, 0, 0, 0, 0 }, // U+0000
    { 0, 0, 0, 0, 0, 0, 0 }, // U+0001
    { 0, 0, 0, 0, 0, 0, 0 }, // U+0002
    { 0, 0, 0, 0, 0, 0, 0 }, // U+0003
    { 0, 0, 0, 0, 0, 0, 0 }, // U+0004
    { 0, 0, 0, 0, 0, 0, 0 }, // U+0005
    { 0, 0, 0, 0, 0, 0, 0 }, // U+0006
    { 0, 0, 0, 0, 0, 0, 0 }, // U+0007
    { 0, 0, 0, 0, 0, 0, 0 }, // U+0008
    { 0, 0, 185, 0, 0, 0, 0 }, // U+0009
    { 0, 0, 0, 0, 0, 0, 0 }, // U+000A
    { 0, 0, 0, 0, 0, 0, 0 }, // U+000B
    { 0, 0, 0, 0, 0, 0, 0 }, // U+000C
    { 0, 0, 185, 0, 0, 0, 0 }, // U+000D
    { 0, 0, 0, 0, 0, 0, 0 }, // U+000E
    { 0, 0, 0, 0, 0, 0, 0 }, // U+000F
    { 0, 0, 0, 0, 0, 0, 0 }, // U+0010
    { 0, 0, 0, 0, 0, 0, 0 }, // U+0011
    { 0, 0, 0, 0, 0, 0, 0 }, // U+0012
    { 0, 0, 0, 0, 0, 0, 0 }, // U+0013
    { 0, 0, 0, 0, 0, 0, 0 }, // U+0014
    { 0, 0, 0, 0, 0, 0, 0 }, // U+0015
    { 0, 0, 0, 0, 0, 0, 0 }, // U+0016
    { 0, 0, 0, 0, 0, 0, 0 }, // U+0017
    { 0, 0, 0, 0, 0, 0, 0 }, // U+0018
    { 0, 0, 0, 0, 0, 0, 0 }, // U+0019
    { 0, 0, 0, 0, 0, 0, 0 }, // U+001A
    { 0, 0, 0, 0, 0, 0, 0 }, // U+001B
    { 0, 0, 0, 0, 0, 0, 0 }, // U+001C
    { 0, 0, 0, 0, 0, 0, 0 }, // U+001D
    { 0, 0, 0, 0, 0, 0, 0 }, // U+001E
    { 0, 0, 0, 0, 0, 0, 0 }, // U+001F
    { 0, 0, 185, 0, 0, 0, 0 }, // U+0020
    { 8, 35, 221, 3, 35, 70, 0 }, // !
    { 15, 13, 334, 3, 39, 49, 70 }, // "
    { 29, 35, 534, 2, 35, 254, 119 }, // #
    { 22, 45, 451, 3, 39, 248, 373 }, // $
    { 39, 35, 686, 2, 35, 342, 621 }, // %
    { 31, 35, 533, 2, 35, 272, 963 }, // &
    { 6, 13, 193, 3, 39, 20, 1235 }, // '
    { 13, 48, 259, 3, 39, 156, 1255 }, // (
    { 13, 48, 259, 0, 39, 156, 1411 }, // )
    { 22, 19, 384, 1, 35, 105, 1567 }, // *
    { 24, 24, 451, 2, 27, 144, 1672 }, // +
    { 8, 14, 197, 1, 6, 28, 1816 }, // ,
    { 13, 4, 239, 1, 17, 13, 1844 }, // -
    { 8, 7, 197, 2, 7, 14, 1857 }, // .
    { 23, 48, 307, -2, 39, 276, 1871 }, // /
    { 24, 35, 451, 2, 35, 210, 2147 }, // 0
    { 15, 35, 298, 0, 35, 132, 2357 }, // 1
    { 22, 35, 396, 1, 35, 193, 2489 }, // 2
    { 22, 35, 403, 1, 35, 193, 2682 }, // 3
    { 25, 35, 426, 1, 35, 219, 2875 }, // 4
    { 22, 35, 397, 1, 35, 193, 3094 }, // 5
    { 24, 35, 437, 2, 35, 210, 3287 }, // 6
    { 23, 35, 377, 0, 35, 202, 3497 }, // 7
    { 24, 35, 440, 2, 35, 210, 3699 }, // 8
    { 23, 35, 437, 2, 35, 202, 3909 }, // 9
    { 8, 27, 197, 2, 27, 54, 4111 }, // :
    { 9, 35, 197, 1, 27, 79, 4165 }, // ;
    { 24, 23, 451, 2, 26, 138, 4244 }, // <
    { 24, 15, 451, 2, 22, 90, 4382 }, // =
    { 24, 23, 451, 2, 26, 138, 4472 }, // >
    { 19, 35, 323, 0, 35, 167, 4610 }, // ?
    { 42, 43, 760, 3, 35, 452, 4777 }, // @
    { 33, 35, 530, 0, 35, 289, 5229 }, // A
    { 26, 35, 514, 4, 35, 228, 5518 }, // B
    { 28, 35, 496, 2, 35, 245, 5746 }, // C
    { 29, 35, 570, 4, 35, 254, 5991 }, // D
    { 23, 35, 457, 4, 35, 202, 6245 }, // E
    { 22, 35, 430, 4, 35, 193, 6447 }, // F
    { 29, 35, 538, 2, 35, 254, 6640 }, // G
    { 27, 35, 564, 4, 35, 237, 6894 }, // H
    { 6, 35, 215, 4, 35, 53, 7131 }, // I
    { 21, 35, 400, 0, 35, 184, 7184 }, // J
    { 28, 35, 503, 4, 35, 245, 7368 }, // K
    { 22, 35, 415, 4, 35, 193, 7613 }, // L
    { 38, 35, 697, 3, 35, 333, 7806 }, // M
    { 29, 35, 582, 4, 35, 254, 8139 }, // N
    { 34, 35, 622, 2, 35, 298, 8393 }, // O
    { 25, 35, 486, 4, 35, 219, 8691 }, // P
    { 34, 44, 622, 2, 35, 374, 8910 }, // Q
    { 27, 35, 503, 4, 35, 237, 9284 }, // R
    { 25, 35, 426, 1, 35, 219, 9521 }, // S
    { 28, 35, 452, 0, 35, 245, 9740 }, // T
    { 27, 35, 550, 4, 35, 237, 9985 }, // U
    { 33, 35, 525, 0, 35, 289, 10222 }, // V
    { 45, 35, 743, 1, 35, 394, 10511 }, // W
    { 30, 35, 505, 1, 35, 263, 10905 }, // X
    { 30, 35, 478, 0, 35, 263, 11168 }, // Y
    { 26, 35, 458, 1, 35, 228, 11431 }, // Z
    { 13, 48, 263, 4, 39, 156, 11659 }, // [
    { 23, 48, 307, -2, 39, 276, 11815 }, // <backslash>
    { 12, 48, 263, 0, 39, 144, 12091 }, // ]
    { 24, 19, 451, 2, 35, 114, 12235 }, // ^
    { 26, 4, 394, -1, -5, 26, 12349 }, // _
    { 10, 10, 301, 3, 39, 25, 12375 }, // `
    { 21, 26, 418, 2, 26, 137, 12400 }, // a
    { 23, 38, 471, 4, 38, 219, 12537 }, // b
    { 21, 26, 372, 2, 26, 137, 12756 }, // c
    { 24, 38, 471, 2, 38, 228, 12893 }, // d
    { 24, 26, 447, 2, 26, 156, 13121 }, // e
    { 16, 38, 309, 4, 38, 152, 13277 }, // f
    { 23, 35, 462, 2, 26, 202, 13429 }, // g
    { 21, 38, 457, 4, 38, 200, 13631 }, // h
    { 7, 37, 202, 3, 37, 65, 13831 }, // i
    { 14, 46, 202, -4, 37, 161, 13896 }, // j
    { 22, 38, 418, 4, 38, 209, 14057 }, // k
    { 10, 38, 218, 3, 38, 95, 14266 }, // l
    { 36, 26, 689, 4, 26, 234, 14361 }, // m
    { 21, 26, 459, 4, 26, 137, 14595 }, // n
    { 25, 26, 472, 2, 26, 163, 14732 }, // o
    { 23, 35, 471, 4, 26, 202, 14895 }, // p
    { 24, 35, 471, 2, 26, 210, 15097 }, // q
    { 15, 26, 309, 4, 26, 98, 15307 }, // r
    { 19, 26, 357, 2, 26, 124, 15405 }, // s
    { 17, 34, 322, 3, 34, 145, 15529 }, // t
    { 22, 26, 459, 3, 26, 143, 15674 }, // u
    { 25, 26, 402, 0, 26, 163, 15817 }, // v
    { 38, 26, 622, 0, 26, 247, 15980 }, // w
    { 25, 26, 409, 0, 26, 163, 16227 }, // x
    { 24, 35, 398, 0, 26, 210, 16390 }, // y
    { 21, 26, 377, 1, 26, 137, 16600 }, // z
    { 15, 48, 266, 2, 39, 180, 16737 }, // {
    { 6, 48, 223, 4, 39, 72, 16917 }, // |
    { 15, 48, 266, 0, 39, 180, 16989 }, // }
    { 24, 8, 451, 2, 19, 48, 17169 }, // ~
    { 0, 0, 0, 0, 0, 0, 17217 }, // U+007F
    { 0, 0, 0, 0, 0, 0, 0 }, // U+0080
    { 0, 0, 0, 0, 0, 0, 0 }, // U+0081
    { 0, 0, 0, 0, 0, 0, 0 }, // U+0082
    { 0, 0, 0, 0, 0, 0, 0 }, // U+0083
    { 0, 0, 0, 0, 0, 0, 0 }, // U+0084
    { 0, 0, 0, 0, 0, 0, 0 }, // U+0085
    { 0, 0, 0, 0, 0, 0, 0 }, // U+0086
    { 0, 0, 0, 0, 0, 0, 0 }, // U+0087
    { 0, 0, 0, 0, 0, 0, 0 }, // U+0088
    { 0, 0, 0, 0, 0, 0, 0 }, // U+0089
    { 0, 0, 0, 0, 0, 0, 0 }, // U+008A
    { 0, 0, 0, 0, 0, 0, 0 }, // U+008B
    { 0, 0, 0, 0, 0, 0, 0 }, // U+008C
    { 0, 0, 0, 0, 0, 0, 0 }, // U+008D
    { 0, 0, 0, 0, 0, 0, 0 }, // U+008E
    { 0, 0, 0, 0, 0, 0, 0 }, // U+008F
    { 0, 0, 0, 0, 0, 0, 0 }, // U+0090
    { 0, 0, 0, 0, 0, 0, 0 }, // U+0091
    { 0, 0, 0, 0, 0, 0, 0 }, // U+0092
    { 0, 0, 0, 0, 0, 0, 0 }, // U+0093
    { 0, 0, 0, 0, 0, 0, 0 }, // U+0094
    { 0, 0, 0, 0, 0, 0, 0 }, // U+0095
    { 0, 0, 0, 0, 0, 0, 0 }, // U+0096
    { 0, 0, 0, 0, 0, 0, 0 }, // U+0097
    { 0, 0, 0, 0, 0, 0, 0 }, // U+0098
    { 0, 0, 0, 0, 0, 0, 0 }, // U+0099
    { 0, 0, 0, 0, 0, 0, 0 }, // U+009A
    { 0, 0, 0, 0, 0, 0, 0 }, // U+009B
    { 0, 0, 0, 0, 0, 0, 0 }, // U+009C
    { 0, 0, 0, 0, 0, 0, 0 }, // U+009D
    { 0, 0, 0, 0, 0, 0, 0 }, // U+009E
    { 0, 0, 0, 0, 0, 0, 0 }, // U+009F
    { 0, 0, 185, 0, 0, 0, 0 }, // U+00A0
    { 8, 35, 221, 3, 26, 70, 0 }, // U+00A1
    { 20, 40, 451, 4, 33, 200, 70 }, // U+00A2
    { 23, 35, 451, 3, 35, 202, 270 }, // U+00A3
    { 24, 23, 451, 2, 29, 138, 472 }, // U+00A4
    { 28, 35, 451, 0, 35, 245, 610 }, // U+00A5
    { 6, 48, 223, 4, 39, 72, 855 }, // U+00A6
    { 21, 41, 394, 2, 37, 216, 927 }, // U+00A7
    { 17, 6, 301, 1, 37, 26, 1143 }, // U+00A8
    { 35, 35, 651, 3, 35, 307, 1169 }, // U+00A9
    { 16, 19, 311, 1, 35, 76, 1476 }, // U+00AA
    { 22, 23, 399, 1, 26, 127, 1552 }, // U+00AB
    { 24, 17, 451, 2, 20, 102, 1679 }, // U+00AC
    { 13, 4, 239, 1, 17, 13, 1781 }, // U+00AD
    { 35, 35, 651, 3, 35, 307, 1794 }, // U+00AE
    { 15, 4, 301, 2, 36, 15, 2101 }, // U+00AF
    { 15, 13, 266, 1, 38, 49, 2116 }, // U+00B0
    { 24, 30, 451, 2, 30, 180, 2165 }, // U+00B1
    { 15, 19, 287, 1, 35, 72, 2345 }, // U+00B2
    { 15, 19, 287, 1, 35, 72, 2417 }, // U+00B3
    { 10, 10, 301, 6, 39, 25, 2489 }, // U+00B4
    { 21, 35, 464, 4, 26, 184, 2514 }, // U+00B5
    { 26, 44, 517, 2, 35, 286, 2698 }, // U+00B6
    { 8, 7, 197, 2, 19, 14, 2984 }, // U+00B7
    { 10, 10, 301, 3, 1, 25, 2998 }, // U+00B8
    { 10, 19, 287, 2, 35, 48, 3023 }, // U+00B9
    { 19, 19, 357, 2, 35, 91, 3071 }, // U+00BA
    { 22, 23, 399, 2, 26, 127, 3162 }, // U+00BB
    { 41, 35, 699, 2, 35, 359, 3289 }, // U+00BC
    { 40, 35, 699, 2, 35, 350, 3648 }, // U+00BD
    { 42, 35, 699, 1, 35, 368, 3998 }, // U+00BE
    { 19, 35, 323, 1, 26, 167, 4366 }, // U+00BF
    { 33, 47, 530, 0, 47, 388, 4533 }, // U+00C0
    { 33, 47, 530, 0, 47, 388, 4921 }, // U+00C1
    { 33, 46, 530, 0, 46, 380, 5309 }, // U+00C2
    { 33, 45, 530, 0, 45, 372, 5689 }, // U+00C3
    { 33, 45, 530, 0, 45, 372, 6061 }, // U+00C4
    { 33, 43, 530, 0, 43, 355, 6433 }, // U+00C5
    { 45, 35, 748, 0, 35, 394, 6788 }, // U+00C6
    { 28, 44, 496, 2, 35, 308, 7182 }, // U+00C7
    { 23, 47, 457, 4, 47, 271, 7490 }, // U+00C8
    { 23, 47, 457, 4, 47, 271, 7761 }, // U+00C9
    { 23, 46, 457, 4, 46, 265, 8032 }, // U+00CA
    { 23, 45, 457, 4, 45, 259, 8297 }, // U+00CB
    { 11, 47, 215, 0, 47, 130, 8556 }, // U+00CC
    { 10, 47, 215, 3, 47, 118, 8686 }, // U+00CD
    { 15, 46, 215, -1, 46, 173, 8804 }, // U+00CE
    { 16, 45, 215, -1, 45, 180, 8977 }, // U+00CF
    { 34, 35, 581, 0, 35, 298, 9157 }, // U+00D0
    { 29, 45, 582, 4, 45, 327, 9455 }, // U+00D1
    { 34, 47, 622, 2, 47, 400, 9782 }, // U+00D2
    { 34, 47, 622, 2, 47, 400, 10182 }, // U+00D3
    { 34, 46, 622, 2, 46, 391, 10582 }, // U+00D4
    { 34, 45, 622, 2, 45, 383, 10973 }, // U+00D5
    { 34, 45, 622, 2, 45, 383, 11356 }, // U+00D6
    { 21, 21, 451, 4, 25, 111, 11739 }, // U+00D7
    { 34, 37, 622, 2, 36, 315, 11850 }, // U+00D8
    { 27, 47, 550, 4, 47, 318, 12165 }, // U+00D9
    { 27, 47, 550, 4, 47, 318, 12483 }, // U+00DA
    { 27, 46, 550, 4, 46, 311, 12801 }, // U+00DB
    { 27, 45, 550, 4, 45, 304, 13112 }, // U+00DC
    { 30, 47, 478, 0, 47, 353, 13416 }, // U+00DD
    { 25, 35, 487, 4, 35, 219, 13769 }, // U+00DE
    { 26, 38, 498, 4, 38, 247, 13988 }, // U+00DF
    { 21, 39, 418, 2, 39, 205, 14235 }, // U+00E0
    { 21, 39, 418, 2, 39, 205, 14440 }, // U+00E1
    { 21, 38, 418, 2, 38, 200, 14645 }, // U+00E2
    { 21, 37, 418, 2, 37, 195, 14845 }, // U+00E3
    { 21, 37, 418, 2, 37, 195, 15040 }, // U+00E4
    { 21, 39, 418, 2, 39, 205, 15235 }, // U+00E5
    { 39, 26, 687, 2, 26, 254, 15440 }, // U+00E6
    { 21, 35, 372, 2, 26, 184, 15694 }, // U+00E7
    { 24, 39, 447, 2, 39, 234, 15878 }, // U+00E8
    { 24, 39, 447, 2, 39, 234, 16112 }, // U+00E9
    { 24, 38, 447, 2, 38, 228, 16346 }, // U+00EA
    { 24, 37, 447, 2, 37, 222, 16574 }, // U+00EB
    { 10, 39, 202, 0, 39, 98, 16796 }, // U+00EC
    { 10, 39, 202, 3, 39, 98, 16894 }, // U+00ED
    { 15, 38, 202, -1, 38, 143, 16992 }, // U+00EE
    { 16, 37, 202, -2, 37, 148, 17135 }, // U+00EF
    { 27, 38, 471, 2, 38, 257, 17283 }, // U+00F0
    { 21, 37, 459, 4, 37, 195, 17540 }, // U+00F1
    { 25, 39, 472, 2, 39, 244, 17735 }, // U+00F2
    { 25, 39, 472, 2, 39, 244, 17979 }, // U+00F3
    { 25, 38, 472, 2, 38, 238, 18223 }, // U+00F4
    { 25, 37, 472, 2, 37, 232, 18461 }, // U+00F5
    { 25, 37, 472, 2, 37, 232, 18693 }, // U+00F6
    { 24, 26, 451, 2, 28, 156, 18925 }, // U+00F7
    { 25, 28, 472, 2, 27, 175, 19081 }, // U+00F8
    { 22, 39, 459, 3, 39, 215, 19256 }, // U+00F9
    { 22, 39, 459, 3, 39, 215, 19471 }, // U+00FA
    { 22, 38, 459, 3, 38, 209, 19686 }, // U+00FB
    { 22, 37, 459, 3, 37, 204, 19895 }, // U+00FC
    { 24, 48, 398, 0, 39, 288, 20099 }, // U+00FD
    { 23, 47, 471, 4, 38, 271, 20387 }, // U+00FE
    { 24, 46, 398, 0, 37, 276, 20658 }, // U+00FF
    { 33, 44, 530, 0, 44, 363, 0 }, // U+0100
    { 21, 36, 418, 2, 36, 189, 363 }, // U+0101
    { 33, 46, 530, 0, 46, 380, 552 }, // U+0102
    { 21, 38, 418, 2, 38, 200, 932 }, // U+0103
    { 33, 44, 530, 0, 35, 363, 1132 }, // U+0104
    { 21, 35, 418, 2, 26, 184, 1495 }, // U+0105
    { 28, 47, 496, 2, 47, 329, 1679 }, // U+0106
    { 21, 39, 372, 2, 39, 205, 2008 }, // U+0107
    { 28, 46, 496, 2, 46, 322, 2213 }, // U+0108
    { 21, 38, 372, 2, 38, 200, 2535 }, // U+0109
    { 28, 45, 496, 2, 45, 315, 2735 }, // U+010A
    { 21, 37, 372, 2, 37, 195, 3050 }, // U+010B
    { 28, 46, 496, 2, 46, 322, 3245 }, // U+010C
    { 21, 38, 372, 2, 38, 200, 3567 }, // U+010D
    { 29, 46, 570, 4, 46, 334, 3767 }, // U+010E
    { 32, 38, 498, 2, 38, 304, 4101 }, // U+010F
    { 34, 35, 581, 0, 35, 298, 4405 }, // U+0110
    { 28, 38, 471, 2, 38, 266, 4703 }, // U+0111
    { 23, 44, 457, 4, 44, 253, 4969 }, // U+0112
    { 24, 36, 447, 2, 36, 216, 5222 }, // U+0113
    { 23, 46, 457, 4, 46, 265, 5438 }, // U+0114
    { 24, 38, 447, 2, 38, 228, 5703 }, // U+0115
    { 23, 45, 457, 4, 45, 259, 5931 }, // U+0116
    { 24, 37, 447, 2, 37, 222, 6190 }, // U+0117
    { 23, 44, 457, 4, 35, 253, 6412 }, // U+0118
    { 24, 35, 447, 2, 26, 210, 6665 }, // U+0119
    { 23, 46, 457, 4, 46, 265, 6875 }, // U+011A
    { 24, 39, 447, 2, 39, 234, 7140 }, // U+011B
    { 29, 46, 538, 2, 46, 334, 7374 }, // U+011C
    { 23, 47, 462, 2, 38, 271, 7708 }, // U+011D
    { 29, 46, 538, 2, 46, 334, 7979 }, // U+011E
    { 23, 47, 462, 2, 38, 271, 8313 }, // U+011F
    { 29, 45, 538, 2, 45, 327, 8584 }, // U+0120
    { 23, 46, 462, 2, 37, 265, 8911 }, // U+0121
    { 29, 45, 538, 2, 35, 327, 9176 }, // U+0122
    { 23, 48, 462, 2, 39, 276, 9503 }, // U+0123
    { 27, 46, 564, 4, 46, 311, 9779 }, // U+0124
    { 23, 48, 457, 2, 48, 276, 10090 }, // U+0125
    { 36, 35, 585, 0, 35, 315, 10366 }, // U+0126
    { 25, 38, 457, 0, 38, 238, 10681 }, // U+0127
    { 17, 45, 215, -2, 45, 192, 10919 }, // U+0128
    { 17, 37, 202, -2, 37, 158, 11111 }, // U+0129
    { 15, 44, 215, -1, 44, 165, 11269 }, // U+012A
    { 15, 36, 202, -1, 36, 135, 11434 }, // U+012B
    { 14, 46, 215, 0, 46, 161, 11569 }, // U+012C
    { 15, 38, 202, -1, 38, 143, 11730 }, // U+012D
    { 10, 44, 215, 0, 35, 110, 11873 }, // U+012E
    { 10, 46, 202, 0, 37, 115, 11983 }, // U+012F
    { 7, 45, 215, 3, 45, 79, 12098 }, // U+0130
    { 5, 26, 202, 4, 26, 33, 12177 }, // U+0131
    { 31, 35, 614, 4, 35, 272, 12210 }, // U+0132
    { 20, 46, 408, 3, 37, 230, 12482 }, // U+0133
    { 26, 46, 400, 0, 46, 299, 12712 }, // U+0134
    { 18, 47, 202, -4, 38, 212, 13011 }, // U+0135
    { 28, 45, 503, 4, 35, 315, 13223 }, // U+0136
    { 22, 48, 418, 4, 38, 264, 13538 }, // U+0137
    { 23, 26, 430, 4, 26, 150, 13802 }, // U+0138
    { 22, 47, 415, 4, 47, 259, 13952 }, // U+0139
    { 11, 48, 218, 2, 48, 132, 14211 }, // U+013A
    { 22, 45, 415, 4, 35, 248, 14343 }, // U+013B
    { 12, 48, 218, 1, 38, 144, 14591 }, // U+013C
    { 22, 35, 415, 4, 35, 193, 14735 }, // U+013D
    { 14, 38, 227, 3, 38, 133, 14928 }, // U+013E
    { 22, 35, 415, 4, 35, 193, 15061 }, // U+013F
    { 16, 38, 295, 3, 38, 152, 15254 }, // U+0140
    { 28, 35, 430, -1, 35, 245, 15406 }, // U+0141
    { 15, 38, 230, 0, 38, 143, 15651 }, // U+0142
    { 29, 47, 582, 4, 47, 341, 15794 }, // U+0143
    { 21, 39, 459, 4, 39, 205, 16135 }, // U+0144
    { 29, 45, 582, 4, 35, 327, 16340 }, // U+0145
    { 21, 36, 459, 4, 26, 189, 16667 }, // U+0146
    { 29, 46, 582, 4, 46, 334, 16856 }, // U+0147
    { 21, 38, 459, 4, 38, 200, 17190 }, // U+0148
    { 25, 38, 459, 0, 38, 238, 17390 }, // U+0149
    { 29, 45, 582, 4, 35, 327, 17628 }, // U+014A
    { 21, 35, 459, 4, 26, 184, 17955 }, // U+014B
    { 34, 44, 622, 2, 44, 374, 18139 }, // U+014C
    { 25, 36, 472, 2, 36, 225, 18513 }, // U+014D
    { 34, 46, 622, 2, 46, 391, 18738 }, // U+014E
    { 25, 38, 472, 2, 38, 238, 19129 }, // U+014F
    { 34, 47, 622, 2, 47, 400, 19367 }, // U+0150
    { 25, 39, 472, 2, 39, 244, 19767 }, // U+0151
    { 46, 35, 794, 2, 35, 403, 20011 }, // U+0152
    { 43, 26, 758, 2, 26, 280, 20414 }, // U+0153
    { 27, 47, 503, 4, 47, 318, 20694 }, // U+0154
    { 15, 39, 309, 4, 39, 147, 21012 }, // U+0155
    { 27, 45, 503, 4, 35, 304, 21159 }, // U+0156
    { 19, 36, 309, 0, 26, 171, 21463 }, // U+0157
    { 27, 46, 503, 4, 46, 311, 21634 }, // U+0158
    { 15, 38, 309, 4, 38, 143, 21945 }, // U+0159
    { 25, 47, 426, 1, 47, 294, 22088 }, // U+015A
    { 19, 39, 357, 2, 39, 186, 22382 }, // U+015B
    { 25, 46, 426, 1, 46, 288, 22568 }, // U+015C
    { 19, 38, 357, 2, 38, 181, 22856 }, // U+015D
    { 25, 44, 426, 1, 35, 275, 23037 }, // U+015E
    { 19, 35, 357, 2, 26, 167, 23312 }, // U+015F
    { 25, 46, 426, 1, 46, 288, 23479 }, // U+0160
    { 19, 38, 357, 2, 38, 181, 23767 }, // U+0161
    { 28, 44, 452, 0, 35, 308, 23948 }, // U+0162
    { 17, 43, 322, 3, 34, 183, 24256 }, // U+0163
    { 28, 46, 452, 0, 46, 322, 24439 }, // U+0164
    { 17, 39, 322, 3, 39, 166, 24761 }, // U+0165
    { 28, 35, 452, 0, 35, 245, 24927 }, // U+0166
    { 17, 34, 322, 3, 34, 145, 25172 }, // U+0167
    { 27, 45, 550, 4, 45, 304, 25317 }, // U+0168
    { 22, 37, 459, 3, 37, 204, 25621 }, // U+0169
    { 27, 44, 550, 4, 44, 297, 25825 }, // U+016A
    { 22, 36, 459, 3, 36, 198, 26122 }, // U+016B
    { 27, 46, 550, 4, 46, 311, 26320 }, // U+016C
    { 22, 38, 459, 3, 38, 209, 26631 }, // U+016D
    { 27, 47, 550, 4, 47, 318, 26840 }, // U+016E
    { 22, 39, 459, 3, 39, 215, 27158 }, // U+016F
    { 27, 47, 550, 4, 47, 318, 27373 }, // U+0170
    { 22, 39, 459, 3, 39, 215, 27691 }, // U+0171
    { 27, 43, 550, 4, 35, 291, 27906 }, // U+0172
    { 22, 35, 459, 3, 26, 193, 28197 }, // U+0173
    { 45, 46, 743, 1, 46, 518, 28390 }, // U+0174
    { 38, 38, 622, 0, 38, 361, 28908 }, // U+0175
    { 30, 46, 478, 0, 46, 345, 29269 }, // U+0176
    { 24, 47, 398, 0, 38, 282, 29614 }, // U+0177
    { 30, 45, 478, 0, 45, 338, 29896 }, // U+0178
    { 26, 47, 458, 1, 47, 306, 30234 }, // U+0179
    { 21, 39, 377, 1, 39, 205, 30540 }, // U+017A
    { 26, 45, 458, 1, 45, 293, 30745 }, // U+017B
    { 21, 37, 377, 1, 37, 195, 31038 }, // U+017C
    { 26, 46, 458, 1, 46, 299, 31233 }, // U+017D
    { 21, 38, 377, 1, 38, 200, 31532 }, // U+017E
    { 16, 38, 218, 4, 38, 152, 31732 }, // U+017F
    { 35, 40, 622, 2, 40, 350, 0 }, // U+01A0
    { 28, 31, 472, 2, 31, 217, 350 }, // U+01A1
    { 33, 40, 568, 4, 40, 330, 567 }, // U+01AF
    { 28, 31, 478, 3, 31, 217, 897 }, // U+01B0
    { 59, 46, 1032, 4, 46, 679, 1114 }, // U+01C4
    { 54, 38, 950, 4, 38, 513, 1793 }, // U+01C5
    { 50, 38, 851, 2, 38, 475, 2306 }, // U+01C6
    { 44, 35, 814, 4, 35, 385, 2781 }, // U+01C7
    { 32, 46, 621, 4, 37, 368, 3166 }, // U+01C8
    { 21, 47, 424, 3, 38, 247, 3534 }, // U+01C9
    { 54, 35, 982, 4, 35, 473, 3781 }, // U+01CA
    { 42, 46, 788, 4, 37, 483, 4254 }, // U+01CB
    { 35, 46, 665, 4, 37, 403, 4737 }, // U+01CC
    { 33, 46, 530, 0, 46, 380, 5140 }, // U+01CD
    { 21, 38, 418, 2, 38, 200, 5520 }, // U+01CE
    { 14, 46, 215, 0, 46, 161, 5720 }, // U+01CF
    { 15, 38, 202, -1, 38, 143, 5881 }, // U+01D0
    { 34, 46, 622, 2, 46, 391, 6024 }, // U+01D1
    { 25, 38, 472, 2, 38, 238, 6415 }, // U+01D2
    { 27, 46, 550, 4, 46, 311, 6653 }, // U+01D3
    { 22, 38, 459, 3, 38, 209, 6964 }, // U+01D4
    { 27, 48, 550, 4, 48, 324, 7173 }, // U+01D5
    { 22, 40, 459, 3, 40, 220, 7497 }, // U+01D6
    { 27, 48, 550, 4, 48, 324, 7717 }, // U+01D7
    { 22, 43, 459, 3, 43, 237, 8041 }, // U+01D8
    { 27, 48, 550, 4, 48, 324, 8278 }, // U+01D9
    { 22, 42, 459, 3, 42, 231, 8602 }, // U+01DA
    { 27, 48, 550, 4, 48, 324, 8833 }, // U+01DB
    { 22, 43, 459, 3, 43, 237, 9157 }, // U+01DC
    { 24, 26, 447, 2, 26, 156, 9394 }, // U+01DD
    { 33, 48, 530, 0, 48, 396, 9550 }, // U+01DE
    { 21, 40, 418, 2, 40, 210, 9946 }, // U+01DF
    { 33, 48, 530, 0, 48, 396, 10156 }, // U+01E0
    { 21, 40, 418, 2, 40, 210, 10552 }, // U+01E1
    { 45, 44, 748, 0, 44, 495, 10762 }, // U+01E2
    { 39, 36, 687, 2, 36, 351, 11257 }, // U+01E3
    { 33, 35, 562, 2, 35, 289, 11608 }, // U+01E4
    { 27, 35, 472, 2, 26, 237, 11897 }, // U+01E5
    { 29, 46, 538, 2, 46, 334, 12134 }, // U+01E6
    { 23, 47, 462, 2, 38, 271, 12468 }, // U+01E7
    { 28, 46, 503, 4, 46, 322, 12739 }, // U+01E8
    { 24, 48, 418, 2, 48, 288, 13061 }, // U+01E9
    { 34, 43, 622, 2, 35, 366, 13349 }, // U+01EA
    { 25, 35, 472, 2, 26, 219, 13715 }, // U+01EB
    { 34, 52, 622, 2, 44, 442, 13934 }, // U+01EC
    { 25, 45, 472, 2, 36, 282, 14376 }, // U+01ED
    { 25, 46, 454, 1, 46, 288, 14658 }, // U+01EE
    { 23, 47, 377, -1, 38, 271, 14946 }, // U+01EF
    { 18, 47, 202, -4, 38, 212, 15217 }, // U+01F0
    { 59, 35, 1032, 4, 35, 517, 15429 }, // U+01F1
    { 54, 35, 950, 4, 35, 473, 15946 }, // U+01F2
    { 50, 38, 851, 2, 38, 475, 16419 }, // U+01F3
    { 29, 47, 538, 2, 47, 341, 16894 }, // U+01F4
    { 23, 48, 462, 2, 39, 276, 17235 }, // U+01F5
    { 46, 35, 846, 4, 35, 403, 17511 }, // U+01F6
    { 26, 44, 514, 4, 35, 286, 17914 }, // U+01F7
    { 29, 47, 582, 4, 47, 341, 18200 }, // U+01F8
    { 21, 39, 459, 4, 39, 205, 18541 }, // U+01F9
    { 33, 49, 530, 0, 49, 405, 18746 }, // U+01FA
    { 21, 46, 418, 2, 46, 242, 19151 }, // U+01FB
    { 45, 47, 748, 0, 47, 529, 19393 }, // U+01FC
    { 39, 39, 687, 2, 39, 381, 19922 }, // U+01FD
    { 34, 48, 622, 2, 47, 408, 20303 }, // U+01FE
    { 25, 40, 472, 2, 39, 250, 20711 }, // U+01FF
    { 33, 47, 530, 0, 47, 388, 20961 }, // U+0200
    { 21, 39, 418, 2, 39, 205, 21349 }, // U+0201
    { 33, 46, 530, 0, 46, 380, 21554 }, // U+0202
    { 21, 38, 418, 2, 38, 200, 21934 }, // U+0203
    { 23, 47, 457, 4, 47, 271, 22134 }, // U+0204
    { 24, 39, 447, 2, 39, 234, 22405 }, // U+0205
    { 23, 46, 457, 4, 46, 265, 22639 }, // U+0206
    { 24, 38, 447, 2, 38, 228, 22904 }, // U+0207
    { 18, 47, 215, -4, 47, 212, 23132 }, // U+0208
    { 18, 39, 202, -5, 39, 176, 23344 }, // U+0209
    { 14, 46, 215, 0, 46, 161, 23520 }, // U+020A
    { 15, 38, 202, -1, 38, 143, 23681 }, // U+020B
    { 34, 47, 622, 2, 47, 400, 23824 }, // U+020C
    { 25, 39, 472, 2, 39, 244, 24224 }, // U+020D
    { 34, 46, 622, 2, 46, 391, 24468 }, // U+020E
    { 25, 38, 472, 2, 38, 238, 24859 }, // U+020F
    { 27, 47, 503, 4, 47, 318, 25097 }, // U+0210
    { 18, 39, 309, 1, 39, 176, 25415 }, // U+0211
    { 27, 46, 503, 4, 46, 311, 25591 }, // U+0212
    { 15, 38, 309, 4, 38, 143, 25902 }, // U+0213
    { 27, 47, 550, 4, 47, 318, 26045 }, // U+0214
    { 22, 39, 459, 3, 39, 215, 26363 }, // U+0215
    { 27, 46, 550, 4, 46, 311, 26578 }, // U+0216
    { 22, 38, 459, 3, 38, 209, 26889 }, // U+0217
    { 25, 45, 426, 1, 35, 282, 27098 }, // U+0218
    { 19, 36, 357, 2, 26, 171, 27380 }, // U+0219
    { 28, 45, 452, 0, 35, 315, 27551 }, // U+021A
    { 17, 44, 322, 3, 34, 187, 27866 }, // U+021B
    { 25, 44, 428, 0, 35, 275, 28053 }, // U+021C
    { 20, 35, 349, 0, 26, 175, 28328 }, // U+021D
    { 27, 46, 564, 4, 46, 311, 28503 }, // U+021E
    { 23, 48, 457, 2, 48, 276, 28814 }, // U+021F
    { 18, 8, 0, -9, 38, 36, 0 }, // U+0302
    { 20, 7, 0, -10, 37, 35, 36 }, // U+0303
    { 22, 4, 0, -11, 42, 22, 71 }, // U+0305
    { 6, 6, 0, -3, 37, 9, 93 }, // U+0307
    { 15, 5, 0, -8, 36, 19, 102 }, // U+0308
    { 15, 7, 301, 2, 38, 27, 121 }, // U+0311
    { 20, 7, 0, -10, -2, 35, 148 }, // U+0330
    { 33, 45, 530, 0, 35, 372, 0 }, // U+1EA0
    { 21, 37, 418, 2, 27, 195, 372 }, // U+1EA1
    { 33, 47, 530, 0, 47, 388, 567 }, // U+1EA2
    { 21, 39, 418, 2, 38, 205, 955 }, // U+1EA3
    { 33, 52, 530, 0, 52, 429, 1160 }, // U+1EA4
    { 26, 46, 418, 2, 45, 299, 1589 }, // U+1EA5
    { 33, 52, 530, 0, 52, 429, 1888 }, // U+1EA6
    { 21, 46, 418, 2, 45, 242, 2317 }, // U+1EA7
    { 33, 53, 530, 0, 53, 438, 2559 }, // U+1EA8
    { 24, 46, 418, 2, 45, 276, 2997 }, // U+1EA9
    { 33, 54, 530, 0, 54, 446, 3273 }, // U+1EAA
    { 21, 47, 418, 2, 46, 247, 3719 }, // U+1EAB
    { 33, 57, 530, 0, 47, 471, 3966 }, // U+1EAC
    { 21, 49, 418, 2, 39, 258, 4437 }, // U+1EAD
    { 33, 55, 530, 0, 55, 454, 4695 }, // U+1EAE
    { 21, 48, 418, 2, 47, 252, 5149 }, // U+1EAF
    { 33, 55, 530, 0, 55, 454, 5401 }, // U+1EB0
    { 21, 48, 418, 2, 47, 252, 5855 }, // U+1EB1
    { 33, 54, 530, 0, 54, 446, 6107 }, // U+1EB2
    { 21, 48, 418, 2, 47, 252, 6553 }, // U+1EB3
    { 33, 53, 530, 0, 53, 438, 6805 }, // U+1EB4
    { 21, 46, 418, 2, 45, 242, 7243 }, // U+1EB5
    { 33, 56, 530, 0, 46, 462, 7485 }, // U+1EB6
    { 21, 48, 418, 2, 38, 252, 7947 }, // U+1EB7
    { 23, 45, 457, 4, 35, 259, 8199 }, // U+1EB8
    { 24, 37, 447, 2, 27, 222, 8458 }, // U+1EB9
    { 23, 47, 457, 4, 47, 271, 8680 }, // U+1EBA
    { 24, 39, 447, 2, 38, 234, 8951 }, // U+1EBB
    { 23, 46, 457, 4, 46, 265, 9185 }, // U+1EBC
    { 24, 38, 447, 2, 37, 228, 9450 }, // U+1EBD
    { 25, 52, 457, 4, 52, 325, 9678 }, // U+1EBE
    { 27, 46, 447, 2, 45, 311, 10003 }, // U+1EBF
    { 23, 52, 457, 4, 52, 299, 10314 }, // U+1EC0
    { 24, 46, 447, 2, 45, 276, 10613 }, // U+1EC1
    { 23, 53, 457, 4, 53, 305, 10889 }, // U+1EC2
    { 25, 46, 447, 2, 45, 288, 11194 }, // U+1EC3
    { 23, 54, 457, 4, 54, 311, 11482 }, // U+1EC4
    { 24, 48, 447, 2, 47, 288, 11793 }, // U+1EC5
    { 23, 57, 457, 4, 47, 328, 12081 }, // U+1EC6
    { 24, 49, 447, 2, 39, 294, 12409 }, // U+1EC7
    { 10, 47, 215, 2, 47, 118, 12703 }, // U+1EC8
    { 10, 38, 202, 2, 38, 95, 12821 }, // U+1EC9
    { 7, 45, 215, 3, 35, 79, 12916 }, // U+1ECA
    { 7, 47, 202, 3, 37, 83, 12995 }, // U+1ECB
    { 34, 46, 622, 2, 36, 391, 13078 }, // U+1ECC
    { 25, 37, 472, 2, 27, 232, 13469 }, // U+1ECD
    { 34, 48, 622, 2, 47, 408, 13701 }, // U+1ECE
    { 25, 39, 472, 2, 38, 244, 14109 }, // U+1ECF
    { 34, 54, 622, 2, 53, 459, 14353 }, // U+1ED0
    { 27, 46, 472, 2, 45, 311, 14812 }, // U+1ED1
    { 34, 54, 622, 2, 53, 459, 15123 }, // U+1ED2
    { 25, 47, 472, 2, 46, 294, 15582 }, // U+1ED3
    { 34, 54, 622, 2, 53, 459, 15876 }, // U+1ED4
    { 25, 45, 472, 2, 44, 282, 16335 }, // U+1ED5
    { 34, 54, 622, 2, 53, 459, 16617 }, // U+1ED6
    { 25, 47, 472, 2, 46, 294, 17076 }, // U+1ED7
    { 34, 58, 622, 2, 48, 493, 17370 }, // U+1ED8
    { 25, 49, 472, 2, 39, 307, 17863 }, // U+1ED9
    { 35, 48, 622, 2, 47, 420, 18170 }, // U+1EDA
    { 28, 40, 472, 2, 39, 280, 18590 }, // U+1EDB
    { 35, 48, 622, 2, 47, 420, 18870 }, // U+1EDC
    { 28, 40, 472, 2, 39, 280, 19290 }, // U+1EDD
    { 35, 48, 622, 2, 47, 420, 19570 }, // U+1EDE
    { 28, 39, 472, 2, 38, 273, 19990 }, // U+1EDF
    { 35, 46, 622, 2, 45, 403, 20263 }, // U+1EE0
    { 28, 38, 472, 2, 37, 266, 20666 }, // U+1EE1
    { 35, 51, 622, 2, 41, 447, 20932 }, // U+1EE2
    { 28, 42, 472, 2, 32, 294, 21379 }, // U+1EE3
    { 27, 45, 550, 4, 35, 304, 21673 }, // U+1EE4
    { 22, 36, 459, 3, 26, 198, 21977 }, // U+1EE5
    { 27, 48, 550, 4, 47, 324, 22175 }, // U+1EE6
    { 22, 39, 459, 3, 38, 215, 22499 }, // U+1EE7
    { 33, 48, 568, 4, 47, 396, 22714 }, // U+1EE8
    { 28, 40, 478, 3, 39, 280, 23110 }, // U+1EE9
    { 33, 48, 568, 4, 47, 396, 23390 }, // U+1EEA
    { 28, 40, 478, 3, 39, 280, 23786 }, // U+1EEB
    { 33, 48, 568, 4, 47, 396, 24066 }, // U+1EEC
    { 28, 39, 478, 3, 38, 273, 24462 }, // U+1EED
    { 33, 46, 568, 4, 45, 380, 24735 }, // U+1EEE
    { 28, 38, 478, 3, 37, 266, 25115 }, // U+1EEF
    { 33, 51, 568, 4, 41, 421, 25381 }, // U+1EF0
    { 28, 42, 478, 3, 32, 294, 25802 }, // U+1EF1
    { 30, 47, 478, 0, 47, 353, 26096 }, // U+1EF2
    { 24, 49, 398, 0, 40, 294, 26449 }, // U+1EF3
    { 30, 45, 478, 0, 35, 338, 26743 }, // U+1EF4
    { 24, 36, 398, 0, 26, 216, 27081 }, // U+1EF5
    { 30, 47, 478, 0, 47, 353, 27297 }, // U+1EF6
    { 24, 48, 398, 0, 38, 288, 27650 }, // U+1EF7
    { 30, 46, 478, 0, 46, 345, 27938 }, // U+1EF8
    { 24, 47, 398, 0, 37, 282, 28283 }, // U+1EF9
    { 26, 4, 397, -1, 17, 26, 0 }, // U+2013
    { 51, 4, 797, -1, 17, 51, 26 }, // U+2014
    { 51, 4, 797, -1, 17, 51, 77 }, // U+2015
    { 8, 12, 188, 3, 38, 24, 128 }, // U+2018
    { 8, 12, 188, 1, 38, 24, 152 }, // U+2019
    { 8, 12, 188, 1, 6, 24, 176 }, // U+201A
    { 17, 12, 334, 3, 38, 51, 200 }, // U+201C
    { 17, 12, 334, 1, 38, 51, 251 }, // U+201D
    { 17, 12, 334, 1, 6, 51, 302 }, // U+201E
    { 21, 42, 381, 1, 35, 221, 353 }, // U+2020
    { 21, 42, 381, 1, 35, 221, 574 }, // U+2021
    { 14, 13, 288, 2, 24, 46, 795 }, // U+2022
    { 41, 7, 797, 4, 7, 72, 841 }, // U+2026
    { 57, 35, 982, 2, 35, 499, 913 }, // U+2030
    { 12, 13, 186, 1, 35, 39, 1412 }, // U+2032
    { 21, 13, 326, 1, 35, 69, 1451 }, // U+2033
    { 30, 13, 467, 1, 35, 98, 1520 }, // U+2034
    { 12, 13, 186, -2, 35, 39, 1618 }, // U+2035
    { 20, 13, 352, -2, 35, 65, 1657 }, // U+2036
    { 28, 13, 482, -2, 35, 91, 1722 }, // U+2037
    { 12, 23, 233, 1, 26, 69, 1813 }, // U+2039
    { 12, 23, 233, 2, 26, 69, 1882 }, // U+203A
    { 25, 35, 118, -9, 35, 219, 1951 }, // U+2044
    { 38, 13, 594, 1, 35, 124, 2170 }, // U+2057
    { 16, 19, 287, 1, 35, 76, 0 }, // U+2070
    { 16, 19, 287, 1, 35, 76, 76 }, // U+2074
    { 14, 19, 287, 2, 35, 67, 152 }, // U+2075
    { 16, 19, 287, 1, 35, 76, 219 }, // U+2076
    { 16, 19, 287, 1, 35, 76, 295 }, // U+2077
    { 16, 19, 287, 1, 35, 76, 371 }, // U+2078
    { 16, 19, 287, 1, 35, 76, 447 }, // U+2079
    { 16, 19, 287, 1, 19, 76, 523 }, // U+2080
    { 10, 19, 287, 2, 19, 48, 599 }, // U+2081
    { 15, 19, 287, 1, 19, 72, 647 }, // U+2082
    { 15, 19, 287, 1, 19, 72, 719 }, // U+2083
    { 16, 19, 287, 1, 19, 76, 791 }, // U+2084
    { 14, 19, 287, 2, 19, 67, 867 }, // U+2085
    { 16, 19, 287, 1, 19, 76, 934 }, // U+2086
    { 16, 19, 287, 1, 19, 76, 1010 }, // U+2087
    { 16, 19, 287, 1, 19, 76, 1086 }, // U+2088
    { 16, 19, 287, 1, 19, 76, 1162 }, // U+2089
    { 26, 34, 451, 2, 34, 221, 0 }, // U+20AC
    { 25, 35, 451, 2, 35, 219, 221 }, // U+20AE
    { 26, 35, 451, 1, 35, 228, 440 }, // U+20B4
    { 25, 35, 451, 3, 35, 219, 668 }, // U+20B9
    { 36, 15, 635, 2, 25, 135, 0 }, // U+2190
    { 16, 35, 349, 3, 35, 140, 135 }, // U+2191
    { 36, 15, 635, 2, 25, 135, 275 }, // U+2192
    { 16, 35, 349, 3, 35, 140, 410 }, // U+2193
    { 40, 15, 707, 2, 25, 150, 550 }, // U+2194
    { 16, 39, 349, 3, 35, 156, 700 }, // U+2195
    { 27, 27, 494, 2, 31, 183, 856 }, // U+2196
    { 27, 27, 494, 2, 31, 183, 1039 }, // U+2197
    { 27, 27, 494, 2, 31, 183, 1222 }, // U+2198
    { 27, 27, 494, 2, 31, 183, 1405 }, // U+2199
    { 25, 38, 468, 2, 38, 238, 0 }, // U+2202
    { 38, 38, 670, 2, 37, 361, 238 }, // U+2205
    { 33, 35, 521, 0, 35, 289, 599 }, // U+2206
    { 27, 40, 558, 4, 34, 270, 888 }, // U+220F
    { 28, 48, 519, 2, 36, 336, 1158 }, // U+2210
    { 25, 40, 412, 0, 35, 250, 1494 }, // U+2211
    { 29, 40, 451, 0, 39, 290, 1744 }, // U+221A
    { 27, 14, 470, 1, 22, 95, 2034 }, // U+221E
    { 24, 18, 451, 2, 24, 108, 2129 }, // U+2248
    { 24, 29, 451, 2, 29, 174, 2237 }, // U+2260
    { 25, 21, 458, 2, 28, 132, 2411 }, // U+2261
    { 25, 33, 458, 2, 34, 207, 2543 }, // U+2262
    { 25, 30, 458, 2, 33, 188, 2750 }, // U+2263
    { 24, 29, 451, 2, 29, 174, 2938 }, // U+2264
    { 24, 29, 451, 2, 29, 174, 3112 }, // U+2265
    { 37, 37, 667, 2, 37, 343, 0 }, // U+25A0
    { 37, 36, 667, 2, 36, 333, 343 }, // U+25A1
    { 37, 37, 674, 2, 37, 343, 676 }, // U+25A2
    { 38, 38, 667, 2, 37, 361, 1019 }, // U+25A3
    { 38, 38, 667, 2, 37, 361, 1380 }, // U+25A4
    { 38, 38, 667, 2, 37, 361, 1741 }, // U+25A5
    { 38, 38, 667, 2, 37, 361, 2102 }, // U+25A6
    { 38, 38, 667, 2, 37, 361, 2463 }, // U+25A7
    { 38, 38, 667, 2, 37, 361, 2824 }, // U+25A8
    { 38, 38, 667, 2, 37, 361, 3185 }, // U+25A9
    { 13, 14, 280, 2, 25, 46, 3546 }, // U+25AA
    { 13, 12, 282, 2, 24, 39, 3592 }, // U+25AB
    { 50, 16, 800, 0, 19, 200, 3631 }, // U+25AC
    { 50, 15, 800, 0, 18, 188, 3831 }, // U+25AD
    { 16, 50, 800, 17, 36, 200, 4019 }, // U+25AE
    { 16, 50, 322, 2, 36, 200, 4219 }, // U+25AF
    { 50, 16, 800, 0, 19, 200, 4419 }, // U+25B0
    { 50, 15, 800, 0, 18, 188, 4619 }, // U+25B1
    { 41, 35, 726, 2, 35, 359, 4807 }, // U+25B2
    { 41, 35, 726, 2, 35, 359, 5166 }, // U+25B3
    { 16, 16, 296, 1, 24, 64, 5525 }, // U+25B4
    { 16, 15, 296, 1, 24, 60, 5589 }, // U+25B5
    { 36, 41, 639, 2, 38, 369, 5649 }, // U+25B6
    { 36, 41, 639, 2, 38, 369, 6018 }, // U+25B7
    { 16, 16, 296, 1, 24, 64, 6387 }, // U+25B8
    { 15, 16, 296, 2, 24, 60, 6451 }, // U+25B9
    { 33, 18, 586, 2, 25, 149, 6511 }, // U+25BA
    { 32, 18, 586, 2, 25, 144, 6660 }, // U+25BB
    { 41, 35, 726, 2, 35, 359, 6804 }, // U+25BC
    { 41, 36, 726, 2, 35, 369, 7163 }, // U+25BD
    { 16, 16, 296, 1, 24, 64, 7532 }, // U+25BE
    { 16, 15, 296, 1, 24, 60, 7596 }, // U+25BF
    { 36, 41, 639, 2, 38, 369, 7656 }, // U+25C0
    { 36, 41, 639, 2, 38, 369, 8025 }, // U+25C1
    { 16, 16, 296, 1, 24, 64, 8394 }, // U+25C2
    { 15, 16, 296, 2, 24, 60, 8458 }, // U+25C3
    { 33, 18, 586, 2, 25, 149, 8518 }, // U+25C4
    { 32, 18, 586, 2, 25, 144, 8667 }, // U+25C5
    { 51, 52, 887, 2, 44, 663, 8811 }, // U+25C6
    { 51, 52, 887, 2, 44, 663, 9474 }, // U+25C7
    { 51, 52, 887, 2, 44, 663, 10137 }, // U+25C8
    { 41, 40, 715, 2, 38, 410, 10800 }, // U+25C9
    { 26, 37, 442, 1, 36, 241, 11210 }, // U+25CA
    { 41, 40, 715, 2, 38, 410, 11451 }, // U+25CB
    { 26, 24, 475, 2, 26, 156, 11861 }, // U+25CC
    { 40, 40, 715, 2, 38, 400, 12017 }, // U+25CD
    { 41, 40, 715, 2, 38, 410, 12417 }, // U+25CE
    { 40, 40, 715, 2, 38, 400, 12827 }, // U+25CF
    { 44, 42, 768, 2, 41, 462, 13227 }, // U+2605
    { 48, 46, 827, 2, 43, 552, 13689 }, // U+2606
    { 37, 40, 663, 2, 37, 370, 14241 }, // U+2713
    { 42, 39, 744, 2, 35, 410, 14611 }, // U+2714
    { 39, 39, 691, 2, 35, 381, 15021 }, // U+2715
    { 38, 38, 677, 2, 32, 361, 15402 }, // U+2716
    { 29, 38, 531, 2, 31, 276, 15763 }, // U+2717
    { 34, 40, 613, 2, 33, 340, 16039 }, // U+2718
    { 36, 38, 621, 4, 38, 342, 0 }, // U+FB00
    { 25, 38, 514, 4, 38, 238, 342 }, // U+FB01
    { 28, 38, 530, 4, 38, 266, 580 }, // U+FB02
    { 45, 38, 826, 4, 38, 428, 846 }, // U+FB03
    { 48, 38, 842, 4, 38, 456, 1274 }, // U+FB04
};

static const EpdUnicodeInterval ubuntu_24_regularIntervals[] = {
    { 0x0, 0x17F, 0x0 },
    { 0x1A0, 0x1A1, 0x180 },
    { 0x1AF, 0x1B0, 0x182 },
    { 0x1C4, 0x21F, 0x184 },
    { 0x302, 0x303, 0x1E0 },
    { 0x305, 0x305, 0x1E2 },
    { 0x307, 0x308, 0x1E3 },
    { 0x311, 0x311, 0x1E5 },
    { 0x330, 0x330, 0x1E6 },
    { 0x1EA0, 0x1EF9, 0x1E7 },
    { 0x2013, 0x2015, 0x241 },
    { 0x2018, 0x201A, 0x244 },
    { 0x201C, 0x201E, 0x247 },
    { 0x2020, 0x2022, 0x24A },
    { 0x2026, 0x2026, 0x24D },
    { 0x2030, 0x2030, 0x24E },
    { 0x2032, 0x2037, 0x24F },
    { 0x2039, 0x203A, 0x255 },
    { 0x2044, 0x2044, 0x257 },
    { 0x2057, 0x2057, 0x258 },
    { 0x2070, 0x2070, 0x259 },
    { 0x2074, 0x2079, 0x25A },
    { 0x2080, 0x2089, 0x260 },
    { 0x20AC, 0x20AC, 0x26A },
    { 0x20AE, 0x20AE, 0x26B },
    { 0x20B4, 0x20B4, 0x26C },
    { 0x20B9, 0x20B9, 0x26D },
    { 0x2190, 0x2199, 0x26E },
    { 0x2202, 0x2202, 0x278 },
    { 0x2205, 0x2206, 0x279 },
    { 0x220F, 0x2211, 0x27B },
    { 0x221A, 0x221A, 0x27E },
    { 0x221E, 0x221E, 0x27F },
    { 0x2248, 0x2248, 0x280 },
    { 0x2260, 0x2265, 0x281 },
    { 0x25A0, 0x25CF, 0x287 },
    { 0x2605, 0x2606, 0x2B7 },
    { 0x2713, 0x2718, 0x2B9 },
    { 0xFB00, 0xFB04, 0x2BF },
};

static const EpdFontGroup ubuntu_24_regularGroups[] = {
    { 0, 5106, 18405, 128, 0 },
    { 5106, 4507, 22331, 128, 128 },
    { 9613, 5286, 34093, 128, 256 },
    { 14899, 5398, 30926, 96, 384 },
    { 20297, 140, 194, 7, 480 },
    { 20437, 3465, 30411, 90, 487 },
    { 23902, 756, 2471, 24, 577 },
    { 24658, 404, 1273, 17, 601 },
    { 25062, 309, 973, 4, 618 },
    { 25371, 450, 1612, 10, 622 },
    { 25821, 936, 3493, 15, 632 },
    { 26757, 4029, 17065, 56, 647 },
    { 30786, 281, 1786, 5, 703 },
};

static const uint16_t ubuntu_24_regularKernLeftCodepoints[] = {
    0x0022, 0x0023, 0x0027, 0x0028, 0x0029, 0x002A, 0x002C, 0x002D, 0x002E, 0x002F, 0x0030, 0x0031,
    0x0032, 0x0033, 0x0034, 0x0035, 0x0036, 0x0037, 0x0038, 0x0039, 0x003A, 0x003B, 0x0040, 0x0041,
    0x0042, 0x0043, 0x0044, 0x0045, 0x0046, 0x0047, 0x004A, 0x004B, 0x004C, 0x004D, 0x004F, 0x0050,
    0x0051, 0x0052, 0x0054, 0x0055, 0x0056, 0x0057, 0x0058, 0x0059, 0x005A, 0x005B, 0x005D, 0x0061,
    0x0062, 0x0063, 0x0066, 0x0068, 0x006A, 0x006B, 0x006D, 0x006E, 0x006F, 0x0070, 0x0071, 0x0072,
    0x0074, 0x0076, 0x0077, 0x0078, 0x007A, 0x007B, 0x007D, 0x00A1, 0x00A3, 0x00A5, 0x00AB, 0x00BB,
    0x00BF, 0x00C0, 0x00C1, 0x00C2, 0x00C3, 0x00C4, 0x00C5, 0x00C6, 0x00C7, 0x00C8, 0x00C9, 0x00CA,
    0x00CB, 0x00D0, 0x00D2, 0x00D3, 0x00D4, 0x00D5, 0x00D6, 0x00D8, 0x00D9, 0x00DA, 0x00DB, 0x00DC,
    0x00DD, 0x00DE, 0x00DF, 0x00E0, 0x00E1, 0x00E2, 0x00E3, 0x00E4, 0x00E5, 0x00E7, 0x00F0, 0x00F1,
    0x00F2, 0x00F3, 0x00F4, 0x00F5, 0x00F6, 0x00F8, 0x00FE, 0x0100, 0x0101, 0x0102, 0x0103, 0x0104,
    0x0105, 0x0106, 0x0107, 0x0108, 0x0109, 0x010A, 0x010B, 0x010C, 0x010D, 0x010E, 0x010F, 0x0110,
    0x0112, 0x0114, 0x0116, 0x0118, 0x011A, 0x011C, 0x011E, 0x0120, 0x0122, 0x0125, 0x0127, 0x0132,
    0x0133, 0x0134, 0x0135, 0x0136, 0x0137, 0x0138, 0x0139, 0x013B, 0x013D, 0x013E, 0x013F, 0x0141,
    0x0144, 0x0146, 0x0148, 0x0149, 0x014A, 0x014B, 0x014C, 0x014D, 0x014E, 0x014F, 0x0150, 0x0151,
    0x0152, 0x0154, 0x0155, 0x0156, 0x0157, 0x0158, 0x0159, 0x0162, 0x0163, 0x0164, 0x0165, 0x0166,
    0x0167, 0x0168, 0x016A, 0x016C, 0x016E, 0x0170, 0x0172, 0x0174, 0x0175, 0x0176, 0x0178, 0x0179,
    0x017A, 0x017B, 0x017C, 0x017D, 0x017E, 0x017F, 0x01C4, 0x01C5, 0x01C6, 0x01C7, 0x01C8, 0x01C9,
    0x01CA, 0x01CB, 0x01CC, 0x01CD, 0x01CE, 0x01D1, 0x01D2, 0x01D3, 0x01D5, 0x01D7, 0x01D9, 0x01DB,
    0x01DD, 0x01DE, 0x01DF, 0x01E0, 0x01E1, 0x01E2, 0x01E4, 0x01E6, 0x01E8, 0x01E9, 0x01EA, 0x01EB,
    0x01EC, 0x01ED, 0x01EE, 0x01F0, 0x01F1, 0x01F2, 0x01F3, 0x01F4, 0x01F7, 0x01F9, 0x01FA, 0x01FB,
    0x01FC, 0x01FE, 0x01FF, 0x0200, 0x0201, 0x0202, 0x0203, 0x0204, 0x0206, 0x020C, 0x020D, 0x020E,
    0x020F, 0x0210, 0x0211, 0x0212, 0x0213, 0x0214, 0x0216, 0x021A, 0x021B, 0x021C, 0x021F, 0x1EF2,
    0x2013, 0x2014, 0x2018, 0x201A, 0x201C, 0x201E, 0x2026, 0x2039, 0x203A, 0x20AC, 0xFB00,
};

static const uint8_t ubuntu_24_regularKernLeftClassIds[] = {
      1,   2,   1,   3,   4,   5,   6,   7,   6,   8,   9,  10,  11,  12,  13,  14,
     15,  16,  12,  17,  18,  18,  19,  20,  21,  22,  23,  24,  25,  26,  27,  28,
     29,  30,  31,  32,  33,  34,  35,  36,  37,  38,  39,  40,  41,  42,  43,  44,
     45,  46,  47,  48,  49,  50,  51,  51,  52,  53,  54,  55,  56,  57,  58,  59,
     60,  61,  62,  63,  64,  65,  66,  67,  68,  20,  20,  20,  20,  20,  20,  24,
     22,  24,  24,  24,  24,  23,  31,  31,  31,  31,  31,  31,  36,  36,  36,  36,
     40,  69,  70,  44,  44,  44,  44,  44,  44,  46,  71,  51,  52,  52,  52,  52,
     52,  52,  72,  20,  44,  20,  44,  20,  44,  22,  46,  22,  46,  22,  46,  22,
     46,  23,  73,  23,  24,  24,  24,  24,  24,  26,  26,  26,  26,  48,  48,  27,
     49,  27,  49,  28,  50,  50,  29,  29,  29,  73,  29,  29,  51,  51,  51,  51,
     74,  75,  31,  52,  31,  52,  31,  52,  24,  34,  55,  34,  55,  34,  55,  35,
     56,  35,  56,  35,  56,  36,  36,  36,  36,  36,  36,  38,  58,  40,  40,  41,
     60,  41,  60,  41,  60,  47,  41,  60,  60,  27,  49,  49,  27,  49,  49,  20,
     44,  31,  52,  36,  36,  36,  36,  36,  52,  20,  44,  20,  44,  24,  26,  26,
     28,  50,  31,  52,  31,  52,  76,  49,  41,  60,  60,  26,  77,  51,  20,  44,
     24,  31,  52,  20,  44,  20,  44,  24,  24,  31,  52,  31,  52,  34,  55,  34,
     55,  36,  36,  35,  56,  78,  48,  40,   7,   7,  79,  80,  79,  80,   6,  66,
     67,  81,  47,
};

static const uint16_t ubuntu_24_regularKernRightCodepoints[] = {
    0x0021, 0x0022, 0x0025, 0x0027, 0x0028, 0x0029, 0x002A, 0x002C, 0x002D, 0x002E, 0x002F, 0x0030,
    0x0031, 0x0032, 0x0033, 0x0034, 0x0035, 0x0036, 0x0037, 0x0038, 0x0039, 0x003A, 0x003B, 0x003F,
    0x0040, 0x0041, 0x0043, 0x0047, 0x004A, 0x004D, 0x004F, 0x0051, 0x0053, 0x0054, 0x0055, 0x0056,
    0x0057, 0x0058, 0x0059, 0x005A, 0x005B, 0x005C, 0x005D, 0x0061, 0x0062, 0x0063, 0x0064, 0x0065,
    0x0066, 0x0067, 0x0068, 0x0069, 0x006A, 0x006B, 0x006C, 0x006D, 0x006E, 0x006F, 0x0070, 0x0071,
    0x0072, 0x0073, 0x0074, 0x0075, 0x0076, 0x0077, 0x0078, 0x0079, 0x007A, 0x007B, 0x007D, 0x00A2,
    0x00AB, 0x00BB, 0x00C0, 0x00C1, 0x00C2, 0x00C3, 0x00C4, 0x00C5, 0x00C6, 0x00C7, 0x00D2, 0x00D3,
    0x00D4, 0x00D5, 0x00D6, 0x00D8, 0x00D9, 0x00DA, 0x00DB, 0x00DC, 0x00DD, 0x00DF, 0x00E0, 0x00E1,
    0x00E2, 0x00E3, 0x00E4, 0x00E5, 0x00E6, 0x00E7, 0x00E8, 0x00E9, 0x00EA, 0x00EB, 0x00EC, 0x00ED,
    0x00EE, 0x00EF, 0x00F0, 0x00F1, 0x00F2, 0x00F3, 0x00F4, 0x00F5, 0x00F6, 0x00F8, 0x00F9, 0x00FA,
    0x00FB, 0x00FC, 0x00FD, 0x00FE, 0x00FF, 0x0100, 0x0101, 0x0102, 0x0103, 0x0104, 0x0105, 0x0106,
    0x0107, 0x0108, 0x0109, 0x010A, 0x010B, 0x010C, 0x010D, 0x010F, 0x0111, 0x0113, 0x0115, 0x0117,
    0x0119, 0x011B, 0x011C, 0x011D, 0x011E, 0x011F, 0x0120, 0x0121, 0x0122, 0x0123, 0x0125, 0x0127,
    0x0129, 0x012B, 0x012D, 0x012F, 0x0131, 0x0133, 0x0134, 0x0135, 0x0137, 0x013A, 0x013C, 0x013E,
    0x0140, 0x0142, 0x0144, 0x0146, 0x0148, 0x0149, 0x014A, 0x014B, 0x014C, 0x014D, 0x014E, 0x014F,
    0x0150, 0x0151, 0x0152, 0x0153, 0x0155, 0x0157, 0x0159, 0x015A, 0x015B, 0x015C, 0x015D, 0x015E,
    0x015F, 0x0160, 0x0161, 0x0162, 0x0163, 0x0164, 0x0165, 0x0166, 0x0167, 0x0168, 0x0169, 0x016A,
    0x016B, 0x016C, 0x016D, 0x016E, 0x016F, 0x0170, 0x0171, 0x0172, 0x0173, 0x0174, 0x0175, 0x0176,
    0x0177, 0x0178, 0x0179, 0x017A, 0x017B, 0x017C, 0x017D, 0x017E, 0x017F, 0x01A0, 0x01A1, 0x01AF,
    0x01B0, 0x01C6, 0x01C9, 0x01CC, 0x01CD, 0x01CE, 0x01D0, 0x01D1, 0x01D2, 0x01D3, 0x01D4, 0x01D5,
    0x01D6, 0x01D7, 0x01D8, 0x01D9, 0x01DA, 0x01DB, 0x01DC, 0x01DD, 0x01DE, 0x01DF, 0x01E0, 0x01E1,
    0x01E2, 0x01E3, 0x01E4, 0x01E5, 0x01E6, 0x01E7, 0x01E9, 0x01EA, 0x01EB, 0x01EC, 0x01ED, 0x01EE,
    0x01EF, 0x01F0, 0x01F3, 0x01F4, 0x01F5, 0x01F7, 0x01F9, 0x01FA, 0x01FB, 0x01FC, 0x01FD, 0x01FE,
    0x01FF, 0x0200, 0x0201, 0x0202, 0x0203, 0x0205, 0x0207, 0x0209, 0x020B, 0x020C, 0x020D, 0x020E,
    0x020F, 0x0211, 0x0213, 0x0214, 0x0215, 0x0216, 0x0217, 0x0218, 0x0219, 0x021A, 0x021B, 0x021C,
    0x021D, 0x021F, 0x1EF2, 0x1EF3, 0x2013, 0x2014, 0x2018, 0x2019, 0x201A, 0x201C, 0x201D, 0x201E,
    0x2026, 0x2030, 0x2039, 0x203A, 0xFB00, 0xFB01, 0xFB02, 0xFB03, 0xFB04,
};

static const uint8_t ubuntu_24_regularKernRightClassIds[] = {
      1,   2,   3,   2,   4,   5,   6,   7,   8,   7,   9,  10,  11,  12,  13,  14,
     15,  16,  17,  18,  19,  20,  20,  21,  22,  23,  24,  25,  26,  27,  28,  29,
     30,  31,  32,  33,  34,  35,  36,  37,  38,  39,  40,  41,  42,  43,  44,  45,
     46,  47,  42,  48,  49,  42,  50,  51,  51,  52,  51,  53,  51,  54,  55,  56,
     57,  58,  59,  60,  61,  62,  63,  64,  65,  66,  23,  23,  23,  23,  23,  23,
     67,  24,  28,  28,  28,  28,  28,  28,  32,  32,  32,  32,  36,  68,  41,  41,
     41,  41,  41,  41,  41,  43,  45,  45,  45,  45,  69,  48,  70,  71,  72,  51,
     52,  52,  52,  52,  52,  52,  56,  56,  56,  56,  60,  68,  60,  23,  41,  23,
     41,  23,  41,  24,  43,  24,  43,  24,  43,  24,  43,  44,  44,  45,  45,  45,
     45,  45,  25,  47,  25,  47,  25,  47,  25,  47,  42,  42,  73,  74,  75,  48,
     48,  48,  26,  49,  42,  50,  50,  50,  50,  50,  51,  51,  51,  51,  76,  77,
     28,  52,  28,  52,  28,  52,  28,  52,  51,  51,  51,  30,  54,  30,  54,  30,
     54,  30,  54,  31,  55,  31,  55,  31,  55,  32,  56,  32,  56,  32,  56,  32,
     56,  32,  56,  32,  56,  34,  58,  36,  60,  36,  37,  61,  37,  61,  37,  61,
     46,  28,  52,  32,  56,  44,  50,  51,  23,  41,  48,  28,  52,  32,  56,  32,
     56,  32,  56,  32,  56,  32,  56,  78,  23,  41,  23,  41,  67,  41,  25,  47,
     25,  47,  42,  28,  52,  28,  52,  79,  80,  49,  44,  25,  47,  68,  51,  23,
     41,  67,  41,  28,  52,  23,  41,  23,  41,  45,  45,  48,  48,  28,  52,  28,
     52,  51,  51,  32,  56,  32,  56,  30,  54,  31,  55,  81,  82,  42,  36,  60,
      8,   8,  83,  84,  85,  83,  84,  85,   7,   3,  65,  66,  46,  46,  46,  46,
     46,
};

static const uint16_t ubuntu_24_regularKernRowOffsets[] = {
        0,    10,    11,    21,    35,    41,    56,    63,    76,    77,    79,    81,    82,    86,    89,    94,
      100,   102,   111,   126,   169,   186,   221,   248,   280,   315,   321,   333,   375,   416,   418,   445,
      471,   494,   518,   566,   581,   629,   668,   703,   750,   784,   800,   807,   817,   830,   842,   864,
      875,   876,   890,   901,   915,   929,   930,   945,   958,   976,   990,  1001,  1015,  1026,  1037,  1043,
     1051,  1052,  1055,  1065,  1080,  1103,  1116,  1120,  1134,  1165,  1167,  1174,  1181,  1202,  1206,  1216,
     1231,  1235,
};

static const uint8_t ubuntu_24_regularKernSparseCols[] = {
     22,  23,  24,  25,  27,  28,  32,  33,  36,  66,  12,   4,  23,  24,  27,  28,
     29,  30,  31,  32,  35,  22,  23,  24,  25,  27,  28,  29,  30,  32,  33,  34,
     35,  36,  66,  22,  23,  24,  25,  34,  66,  22,  23,  24,  25,  27,  28,  29,
     30,  31,  32,  33,  34,  35,  36,  66,  25,  30,  32,  34,  35,  36,  66,  22,
     23,  24,  25,  27,  28,  30,  32,  33,  34,  35,  36,  66,  63,   2,  63,  13,
     63,  63,   1,   2,  13,  18,   1,  18,  63,   1,   2,  10,  18,  63,  11,  12,
     13,  15,  16,  63,  12,  63,  23,  24,  27,  28,  30,  31,  32,  33,  35,  22,
     23,  24,  25,  27,  28,  29,  30,  31,  32,  33,  34,  35,  36,  66,   1,   3,
      5,   6,   8,  21,  22,  23,  24,  25,  27,  28,  29,  30,  31,  32,  33,  34,
     35,  36,  39,  42,  43,  44,  46,  51,  52,  53,  55,  56,  57,  58,  59,  60,
     61,  62,  64,  66,  71,  80,  82,  83,  84,   1,   3,   4,   5,   6,   8,  19,
     20,  32,  33,  34,  35,  39,  60,  62,  66,  80,   3,   6,   7,  20,  21,  22,
     23,  24,  25,  27,  28,  29,  30,  32,  34,  35,  36,  37,  42,  43,  44,  46,
     51,  52,  55,  56,  57,  58,  59,  61,  64,  66,  71,  83,  84,   0,   1,   3,
      4,   6,   8,  20,  21,  22,  25,  29,  30,  32,  33,  34,  35,  36,  37,  39,
     40,  62,  66,  78,  80,  82,  83,  84,   1,   3,   5,   6,  21,  22,  23,  24,
     25,  27,  28,  31,  37,  39,  42,  43,  44,  46,  51,  52,  54,  55,  56,  57,
     58,  59,  61,  62,  64,  66,  71,  82,   0,   3,   6,   8,  19,  20,  21,  22,
     23,  24,  25,  27,  28,  30,  32,  35,  37,  39,  40,  42,  43,  44,  46,  50,
     51,  52,  55,  58,  60,  65,  66,  71,  76,  77,  84,   4,   5,  39,  56,  59,
     62,   4,   6,   8,  22,  25,  36,  39,  60,  62,  66,  78,  84,   3,   5,   6,
      7,   8,  20,  21,  22,  23,  24,  25,  27,  28,  30,  32,  33,  34,  35,  36,
     39,  42,  43,  44,  46,  51,  52,  53,  55,  56,  57,  58,  59,  60,  61,  64,
     66,  70,  71,  72,  73,  77,  84,   1,   3,   5,   6,   7,   8,  22,  23,  24,
     25,  27,  28,  29,  30,  31,  32,  33,  34,  35,  36,  39,  42,  43,  44,  46,
     51,  52,  56,  57,  58,  59,  60,  61,  62,  64,  65,  66,  80,  82,  83,  84,
     32,  35,   0,   1,   3,   4,   6,   8,  20,  21,  22,  25,  29,  30,  32,  33,
     34,  35,  36,  37,  39,  40,  62,  66,  78,  80,  82,  83,  84,   0,   3,   4,
      6,   8,  22,  25,  34,  37,  39,  40,  42,  43,  44,  46,  51,  52,  56,  57,
     59,  62,  64,  66,  71,  83,  84,   0,   1,   3,   6,  20,  21,  22,  25,  29,
     30,  32,  33,  34,  35,  36,  37,  40,  48,  66,  78,  82,  83,  84,   3,   6,
      8,  20,  21,  22,  23,  24,  25,  27,  28,  32,  34,  35,  36,  39,  58,  60,
     61,  62,  64,  66,  71,  84,   3,   4,   6,   7,   8,  19,  20,  21,  22,  23,
     24,  25,  27,  28,  30,  32,  33,  34,  35,  39,  40,  42,  43,  44,  46,  50,
     51,  52,  53,  55,  56,  57,  58,  59,  60,  61,  64,  65,  66,  69,  70,  71,
     72,  73,  74,  76,  77,  84,   3,   6,   8,  19,  22,  25,  36,  39,  40,  60,
     61,  62,  66,  78,  84,   1,   3,   4,   6,   7,   8,  19,  20,  21,  22,  23,
     24,  25,  26,  27,  28,  30,  32,  33,  34,  35,  39,  40,  42,  43,  44,  46,
     50,  51,  52,  53,  55,  60,  61,  64,  65,  66,  68,  70,  71,  72,  73,  74,
     76,  77,  82,  83,  84,   1,   3,   6,   8,  19,  20,  21,  22,  23,  24,  25,
     27,  28,  30,  32,  33,  34,  35,  39,  40,  42,  43,  44,  46,  50,  51,  52,
     53,  55,  61,  64,  66,  70,  71,  72,  76,  82,  83,  84,   3,   5,   6,   7,
      8,  21,  22,  23,  24,  25,  27,  28,  30,  32,  34,  35,  36,  39,  42,  43,
     44,  46,  51,  52,  55,  56,  57,  58,  59,  61,  64,  66,  71,  77,  84,   3,
      4,   6,   7,   8,  19,  20,  21,  22,  23,  24,  25,  26,  27,  28,  30,  32,
     33,  34,  35,  36,  39,  40,  42,  43,  44,  46,  50,  51,  52,  53,  55,  58,
     60,  61,  64,  65,  66,  70,  71,  72,  73,  76,  77,  82,  83,  84,   3,   6,
      7,  21,  22,  23,  24,  25,  27,  28,  31,  32,  35,  37,  39,  42,  43,  44,
     46,  51,  52,  54,  55,  56,  57,  58,  59,  61,  62,  64,  66,  70,  71,  72,
     22,  23,  24,  25,  27,  28,  29,  30,  31,  32,  33,  34,  35,  36,  39,  66,
     23,  24,  27,  28,  33,  34,  36,   1,   4,   5,  20,  39,  56,  57,  59,  62,
     83,   1,   4,   8,  20,  39,  56,  57,  58,  59,  60,  62,  82,  83,   6,   7,
     39,  43,  46,  51,  56,  57,  58,  59,  61,  64,   4,   5,   6,   7,   8,  20,
     39,  56,  57,  58,  59,  62,  64,  65,  68,  70,  71,  72,  73,  74,  83,  84,
      1,   4,   5,  20,  39,  56,  57,  59,  62,  82,  83,  48,   7,   8,  21,  39,
     42,  43,  44,  46,  51,  52,  58,  61,  64,  71,   1,   4,   5,  20,  39,  56,
     57,  59,  62,  82,  83,   1,   4,   5,   8,  20,  39,  56,  57,  58,  59,  60,
     62,  82,  83,   1,   4,   5,   8,  20,  39,  56,  57,  58,  59,  60,  62,  82,
     83,  48,   5,   6,   7,   8,  20,  39,  52,  56,  57,  58,  59,  64,  71,  83,
     84,   6,   7,  39,  42,  43,  44,  46,  51,  52,  58,  61,  64,  71,   5,   6,
      8,  20,  39,  42,  43,  44,  46,  51,  52,  56,  57,  58,  59,  71,  83,  84,
      5,   6,   8,  20,  39,  42,  51,  56,  57,  58,  59,  71,  83,  84,  39,  42,
     43,  44,  46,  51,  52,  58,  61,  64,  71,  39,  42,  43,  44,  45,  46,  51,
     52,  54,  55,  61,  62,  64,  71,  22,  23,  24,  25,  27,  28,  29,  31,  36,
     62,  66,  22,  25,  29,  30,  31,  32,  33,  34,  35,  36,  66,  30,  31,  32,
     33,  35,  36,   9,  10,  12,  13,  14,  15,  17,  18,  16,  30,  32,  35,  22,
     25,  29,  30,  32,  33,  34,  35,  36,  66,  22,  23,  24,  25,  27,  28,  29,
     30,  31,  32,  33,  34,  35,  36,  66,   0,   1,   4,   6,   8,  20,  22,  25,
     30,  32,  34,  35,  36,  37,  39,  40,  62,  66,  78,  80,  82,  83,  84,   1,
      4,   5,  20,  39,  56,  57,  59,  62,  79,  81,  82,  83,   8,  20,  39,  62,
      1,   4,   5,   8,  20,  39,  56,  57,  58,  59,  60,  62,  82,  83,   1,   4,
      6,   7,  19,  20,  38,  39,  40,  41,  42,  43,  44,  46,  47,  48,  49,  50,
     51,  52,  53,  54,  55,  62,  68,  69,  70,  72,  73,  74,  83,  48,  60,   1,
      5,  20,  56,  57,  82,  83,  48,  56,  57,  58,  59,  79,  81,  22,  25,  34,
     35,  36,  40,  41,  45,  47,  48,  50,  66,  67,  68,  69,  70,  72,  73,  74,
     75,  78,  32,  35,  75,  80,  22,  23,  24,  25,  27,  28,  32,  33,  35,  66,
     22,  23,  24,  25,  27,  28,  29,  30,  31,  32,  33,  34,  35,  36,  66,  11,
     12,  14,  16,
};

static const int8_t ubuntu_24_regularKernSparseValues[] = {
     -63,  -20,  -20,  -98,  -20,  -20,   10,    8,  -10, -107,  -13,   64,  -24,  -24,  -24,  -24,
     -14,    9,   -8,   12,   14,  -16,  -10,  -10,  -10,  -10,  -10,  -10,  -22,  -27,  -14,  -22,
     -34,  -18,  -16,  -51,   -8,   -8,  -98,  -20,  -78,   20,  -23,  -23,   22,  -26,  -26,   11,
     -56,  -18,  -62,  -32,    8,  -64,   15,   15,  -22,  -40,  -10,  -25,  -40,  -13,  -11,  -40,
     -22,  -22,  -57,  -21,  -21,   23,   26,   18,   16,   27,    7,  -62,  -10,  -10,  -16,  -13,
     -31,  -14,  -10,  -18,   10,  -13,  -12,  -13,  -13,  -21,  -17,  -18,  -18,  -12,   15,   10,
     -42,  -25,   20,  -50,  -14,  -14,   -9,   -9,   -9,   -9,  -68,  -10,  -17,  -10,  -32,  -21,
      -8,   -8,  -21,   -8,   -8,  -14,  -35,  -10,  -29,  -18,  -31,  -43,  -27,  -30,  -62,  -15,
     -50,   21,   14,  -12,   26,  -15,  -15,   23,  -15,  -15,   13,  -51,   -8,  -50,  -14,   20,
     -63,   15,  -22,  -10,  -10,  -10,  -13,  -10,  -10,   10,  -12,  -17,  -15,   21,  -12,   12,
     -16,   -8,  -15,   27,  -10,  -42,  -57,  -54,   20,   -9,   -9,  -20,   -9,   -8,  -17,   -9,
     -16,  -15,  -10,  -17,  -20,  -27,  -10,  -18,  -10,  -11,  -18,   18,  -24,   12,  -14,   18,
     -16,  -16,   18,  -16,  -16,    8,   14,   14,   10,   14,    8,   -8,  -12,  -12,  -12,  -12,
     -12,  -12,  -16,  -13,  -14,   11,  -13,  -22,  -36,   18,  -12,   10,   14,  -11,  -21,  -10,
     -26,  -26,  -34,  -31,   -9,  -15,  -20,   -9,  -22,  -14,  -14,  -19,  -33,  -12,   -9,  -34,
     -11,  -23,  -34,  -24,  -24,  -16,  -10,  -27,  -13,  -17,  -10,    9,  -13,   14,  -22,  -22,
      14,  -22,  -22,  -18,  -14,  -34,  -13,  -14,  -13,  -18,  -14,  -12,  -11,  -15,  -20,  -20,
       7,  -20,  -15,  -18,  -18,   14,  -12,  -10,   -8,  -19,  -52,  -48,  -14,   10,  -14,  -37,
     -10,  -10,  -64,  -10,  -10,   11,   14,   16,  -12,  -33,  -41,  -11,  -11,  -11,  -11,  -22,
     -11,  -11,  -20,  -29,  -21,  -17,  -61,  -12,  -20,  -14,  -82,   -8,  -20,   -8,  -14,  -14,
      -8,   -8,   -8,  -29,   -8,  -12,  -14,  -27,  -14,  -15,  -20,  -12,  -10,  -14,  -26,   13,
     -38,   14,    9,  -15,   27,  -28,  -28,   22,  -28,  -28,   14,   16,    8,   21,   18,   17,
     -21,  -17,  -17,  -17,  -17,  -17,  -17,   11,  -10,  -11,  -38,   22,   -8,   13,  -15,  -49,
      28,   17,  -20,    9,    9,  -10,   12, -101,   -8, -111,   18,  -55,   10,   22,  -36,  -36,
      22,  -36,  -36,   11,  -92,  -14,  -80,  -36,   16,  -92,   11,  -26,  -10,  -10,  -10,  -10,
     -10,  -10,  -32,  -30,   17,  -16,    8,  -19,  -12,  -31,    9,   23,  -67,  -96,  -94,   11,
      -5,   -6,  -11,  -18,  -10,  -22,  -26,  -34,  -27,   -9,  -15,  -20,   -8,  -22,  -14,  -13,
     -19,  -33,  -12,   -8,  -34,  -10,  -23,  -32,  -22,  -21,  -13,   -8,  -24,   -9,  -10,  -19,
     -72,  -50,  -40,  -76,  -14,  -12,  -33,  -15,  -17,  -17,  -26,  -17,  -17,   -9,    8,    7,
       8,  -19,  -14,  -67,  -13,    8,  -92,  -11,  -18,  -10,  -26,  -27,   -9,  -15,  -20,   -8,
     -22,  -14,  -13,  -19,  -33,  -12,   -8,  -11,   12,  -32,  -22,  -13,   -8,  -16,  -10,   11,
      10,  -10,  -12,   22,   -9,   -9,   18,   -9,   -9,   -8,   15,  -15,   11,  -26,   17,    7,
     -14,  -13,  -16,   23,  -12,   11,  -22,   10,  -60,  -39,  -69,  -67,   18,  -41,  -51,  -22,
     -22,  -72,  -22,  -22,   19,   22,   14,   12,   23,  -26,  -36,  -44,  -44,  -44,  -44,  -32,
     -44,  -44,  -36,  -27,  -18,  -65,  -14,  -18,  -24,  -19,  -68,  -61,  -58,   17,   25,  -63,
      41,   17,    9,  -58,  -53,  -54,   -8,   -8,  -33,   -8,   -8,  -12,  -13,  -30,  -13,  -14,
      -8,  -18,  -27,  -11,  -17,   11,  -26,   13,  -60,   -8,  -54,  -16,   19,  -30,  -50,  -14,
     -14,  -76,   -5,  -14,  -14,   22,   25,   17,   15,   26,  -22,  -20,  -36,  -36,  -36,  -36,
     -24,  -36,  -36,  -12,  -19,   -2,  -19,  -34,   -9,  -66,    9,   26,  -41,   33,   25,    9,
     -21,  -19,   15,   19,  -59,   10,  -13,  -30,  -38,   -9,   13,  -15,  -14,  -13,  -13,  -48,
     -13,  -13,   15,   18,   10,    8,   19,  -30,  -23,  -18,  -18,  -18,  -21,  -17,  -18,  -18,
     -14,  -15,  -14,  -16,  -39,   14,  -21,    9,  -11,   14,   20,  -30,  -20,  -21,   10,  -22,
       8,  -21,   22,  -19,  -19,   16,  -19,  -19,   10,   14,   14,   15,   10,  -27,  -14,  -14,
     -14,  -14,  -14,  -14,   -8,   -9,  -30,   15,   -6,  -21,  -38,   22,  -23,  -14,    8,  -34,
      14,  -52,  -39,  -66,  -30,   20,  -46,  -63,  -33,  -33,  -92,   -6,  -33,  -33,   24,   26,
      18,   17,   28,    9,  -21,  -33,  -39,  -39,  -39,  -39,  -32,  -39,  -39,  -16,  -27,  -12,
     -22,  -18,  -61,  -26,  -64,   33,  -62,   32,   26,  -34,  -31,    9,   14,  -62,  -17,    9,
     -48,  -13,   14,  -29,  -29,   14,  -29,  -29,  -11,    8,   10,  -14,  -34,  -13,  -14,  -13,
     -18,  -14,  -12,  -10,  -15,  -18,  -19,    7,  -18,  -28,  -12,  -40,   14,    8,  -12,   10,
     -22,  -34,  -34,  -22,  -34,  -34,  -21,  -26,  -30,  -23,  -30,  -29,  -22,  -33,   64,  -22,
      -8,   -8,   -8,   -8,   -8,   -8,  -13,  -22,  -19,  -16,  -22,  -24,  -12,  -10,  -12,  -17,
     -19,  -30,  -22,  -18,  -22,  -24,  -10,  -10,  -14,  -10,  -16,  -17,  -26,  -26,    8,  -26,
     -22,  -10,  -13,  -10,    9,    8,   13,    9,  -17,  -23,   31,    9,  -42,  -28,  -34,   19,
      31,   15,   14,   12,   15,   31,  -15,    7,   24,   32,  -14,   32,   24,   32,   16,  -42,
     -30,  -19,  -17,  -22,  -23,  -12,  -10,  -14,  -17,  -24,  -24,    7,  -22,    9,  -16,  -20,
     -21,  -21,  -21,  -23,  -23,  -21,   15,  -15,  -27,  -22,  -25,  -20,  -18,  -22,  -24,  -13,
     -11,  -14,  -17,  -18,  -21,  -26,  -22,  -16,  -18,  -24,  -24,  -11,  -10,  -14,  -11,  -16,
     -17,  -18,  -22,  -26,  -22,  -16,  -18,  -22,  -24,  -11,  -10,  -14,  -11,  -14,  -17,  -18,
     -22,   24,   10,  -44,  -26,  -37,  -34,  -19,  -10,   17,   15,   13,   17,  -17,  -15,   11,
     -42,    9,  -31,  -22,  -10,  -11,   -8,   -8,  -11,  -10,   14,  -17,  -22,  -10,    7,  -28,
     -26,  -31,  -21,  -12,  -11,  -11,  -10,  -11,  -11,   14,   14,   11,   14,  -14,   10,  -29,
       7,  -26,  -22,  -28,  -21,  -10,  -10,   14,   14,   11,   14,  -11,   10,  -24,  -22,  -17,
     -17,  -17,  -17,  -17,  -17,   14,  -17,  -23,  -19,  -27,  -15,  -16,  -15,  -10,  -18,  -16,
     -14,  -10,  -10,  -22,  -17,  -26,  -14,  -10,  -21,  -24,  -10,  -24,  -24,  -17,  -18,  -14,
      64,   -9,  -17,  -17,  -14,  -20,   -9,  -20,  -15,  -23,  -19,  -27,  -16,  -66,   -9,  -23,
     -17,  -38,   -9,  -22,  -27,   13,  -28,   12,  -33,  -19,   -9,   20,  -62,  -10,  -26,  -16,
     -34,  -17,  -69,  -35,  -17,  -41,  -62,  -34,  -35,  -37,  -30,  -30,  -50,  -30,  -30,  -25,
     -89,  -35,  -38,  -31,  -55,  -53,  -54,  -57,  -11,  -26,  -31,  -48,  -33,  -27,  -22,  -45,
     -35,  -17,  -34,  -34,  -38,  -13,  -34,  -12,  -22,  -39,  -33,  -18,  -20,  -13,  -46,  -32,
     -22,  -26,  -16,  -17,  -22,  -20,  -22,  -17,  -27,  -17,  -25,  -24,  -17,   12,   10,   10,
     -32,  -22,  -16,  -18,  -22,  -24,  -11,  -10,  -14,  -11,  -14,  -17,  -29,  -29,   14,   48,
      -9,   -9,   -9,   36,   72,   56,   -9,   12,   -9,   -9,   -9,   -9,    6,    6,   12,   -9,
      -9,   -9,   -9,    8,   -9,   56,   56,   75,   88,   88,   88,   69,   16,   15,  -10,  -34,
     -16,  -19,  -11,  -10,  -27,  -27,  -11,  -18,  -16,  -11,  -18,  -26,  -19,  -28,  -50,  -25,
     -11,  -13,  -18,  -10,  -10,  -10,  -10,  -10,  -46,  -10,  -10,  -10,  -10,  -10,  -10,  -10,
     -10,  -14,  -13,  -17,  -10,  -12,  -60,  -17,  -17,  -92,  -17,  -17,   15,   14,   10, -106,
      21,  -20,  -20,   22,  -22,  -25,   13,  -54,  -15,  -59,  -27,   10,  -62,   17,   17,   11,
      17,   17,   14,
};

static const EpdLigaturePair ubuntu_24_regularLigaturePairs[] = {
    { 0x00660066, 0xFB00 }, // f f -> U+FB00
    { 0x00660069, 0xFB01 }, // f i -> U+FB01
    { 0x0066006C, 0xFB02 }, // f l -> U+FB02
    { 0xFB000069, 0xFB03 }, // U+FB00 i -> U+FB03
    { 0xFB00006C, 0xFB04 }, // U+FB00 l -> U+FB04
};

static const EpdFontData ubuntu_24_regular = {
    ubuntu_24_regularBitmaps,
    ubuntu_24_regularGlyphs,
    ubuntu_24_regularIntervals,
    39,
    57,
    47,
    -10,
    true,
    ubuntu_24_regularGroups,
    13,
    nullptr,
    nullptr,  // kernLeftClasses: built-in fonts use the split arrays below
    nullptr,  // kernRightClasses
    ubuntu_24_regularKernLeftCodepoints,
    ubuntu_24_regularKernLeftClassIds,
    ubuntu_24_regularKernRightCodepoints,
    ubuntu_24_regularKernRightClassIds,
    nullptr,  // kernMatrix: built-in fonts use the sparse form below
    ubuntu_24_regularKernRowOffsets,
    ubuntu_24_regularKernSparseCols,
    ubuntu_24_regularKernSparseValues,
    275,
    321,
    81,
    85,
    ubuntu_24_regularLigaturePairs,
    5,
};
