/**
 * generated by fontconvert.py
 * name: ubuntu_20_bold
 * size: 20
 * mode: 2-bit  compressed: true
 * Command used: fontconvert.py ubuntu_20_bold 20 ../builtinFonts/source/Ubuntu/Ubuntu-Bold.ttf ../builtinFonts/source/Ubuntu/Ubuntu-Vietnamese-Bold.ttf ../builtinFonts/source/NotoSansMath/NotoSansMath-Regular.ttf ../builtinFonts/source/NotoSansSymbols2/NotoSansSymbols2-Regular.ttf --2bit --compress --pnum --zopfli
 */
#pragma once
#include "EpdFontData.h"

static const uint8_t ubuntu_20_boldBitmaps[27046] = {
    0xAC, 0x56, 0x21, 0x90, 0xE4, 0x36, 0x10, 0xD4, 0xDA, 0x9F, 0xDB, 0x4A, 0x9C, 0x94, 0x70, 0x72,
    0xC0, 0x9C, 0x44, 0x1C, 0xC9, 0x1C, 0x3D, 0xE7, 0xFC, 0x48, 0x70, 0x64, 0x1E, 0x90, 0xE3, 0x28,
    0x9C, 0x7C, 0x70, 0x2A, 0x55, 0x36, 0x27, 0x31, 0x0B, 0x7C, 0xA7, 0xEA, 0x79, 0x09, 0x18, 0xF8,
    0x52, 0x96, 0x27, 0xD3, 0x2D, 0xED, 0xC6, 0x75, 0xFB, 0x9B, 0x7F, 0x10, 0xDD, 0xA9, 0x2D, 0x5B,
    0x33, 0x3D, 0x3D, 0x23, 0x49, 0x77, 0x21, 0xDD, 0xFE, 0xF8, 0xE4, 0xB7, 0xCB, 0x8F, 0x5B, 0xDD,
    0xDA, 0x2E, 0x46, 0x5B, 0x33, 0xFB, 0x6D, 0xD8, 0x45, 0xDB, 0xB0, 0xFB, 0xAD, 0x99, 0x65, 0xF1,
    0xE9, 0xDF, 0xEE, 0x92, 0xC4, 0xDC, 0x87, 0xE8, 0xB6, 0x21, 0xB6, 0x5B, 0x40, 0x9F, 0xED, 0xE6,
    0x27, 0xBB, 0x6A, 0x5F, 0x4C, 0x25, 0xA3, 0x4D, 0x46, 0x1F, 0x7D, 0xBB, 0x19, 0x53, 0x4B, 0xEF,
    0xF8, 0xE8, 0xFC, 0x6A, 0xCC, 0x59, 0xCC, 0xE5, 0xA1, 0xC1, 0x1A, 0x31, 0x21, 0x9A, 0x41, 0xD0,
    0xC6, 0xFF, 0x7A, 0xA8, 0x53, 0xA5, 0xA8, 0x4E, 0xF9, 0x11, 0x95, 0xD5, 0xA8, 0xAF, 0xB2, 0x1A,
    0x33, 0x44, 0xA5, 0xFB, 0x1C, 0x96, 0xFA, 0x9E, 0x22, 0x4A, 0xC9, 0x8F, 0x1D, 0x8A, 0x8C, 0xDD,
    0x95, 0xD5, 0x68, 0x1B, 0xE6, 0x8F, 0xE2, 0x83, 0xEC, 0xCF, 0x1A, 0x5F, 0x64, 0xD7, 0x34, 0x81,
    0x8D, 0x62, 0x32, 0x56, 0x71, 0x33, 0xAD, 0x4C, 0x5F, 0xFC, 0x6E, 0x9C, 0xC0, 0xDA, 0xED, 0x44,
    0x8E, 0x5B, 0x68, 0x56, 0x9B, 0xC5, 0x20, 0x2A, 0x5E, 0x4E, 0x22, 0xAA, 0xC0, 0x78, 0x91, 0x8E,
    0x9F, 0x40, 0x1D, 0x64, 0xE3, 0x3C, 0x1D, 0x07, 0xE9, 0xE0, 0x42, 0xC7, 0x46, 0xC6, 0x8C, 0x5F,
    0xE2, 0xCB, 0x68, 0x3F, 0x98, 0x27, 0x4D, 0x44, 0xB4, 0x75, 0x1E, 0x08, 0x39, 0x8C, 0x0E, 0x1E,
    0x9D, 0x7B, 0xB9, 0xAF, 0xBF, 0xE0, 0x13, 0x82, 0xA3, 0x55, 0x50, 0x53, 0x83, 0xDF, 0xC2, 0xF9,
    0x8C, 0x78, 0xCA, 0xBC, 0xE8, 0x2B, 0xE4, 0xAD, 0x4E, 0x69, 0x13, 0x46, 0xBA, 0xCC, 0xC6, 0x43,
    0x5F, 0x98, 0x9A, 0x2D, 0x97, 0x28, 0x8C, 0xE7, 0x64, 0xA8, 0x7C, 0xD0, 0x11, 0x97, 0x87, 0xB3,
    0x24, 0xA1, 0x07, 0x49, 0xC8, 0x42, 0x12, 0x32, 0x93, 0x84, 0xD1, 0x86, 0xE5, 0xA2, 0x00, 0x24,
    0x54, 0xA5, 0x24, 0x8F, 0x4C, 0x1F, 0x4B, 0x25, 0x32, 0x65, 0xD3, 0x5A, 0x84, 0xA6, 0x6D, 0x52,
    0x37, 0xBA, 0xFB, 0xCD, 0x26, 0x9B, 0xEB, 0xB4, 0xB4, 0x4B, 0xCD, 0x30, 0x32, 0xBB, 0xC8, 0x91,
    0x92, 0xB8, 0x58, 0x49, 0x26, 0xF1, 0x1C, 0x21, 0x9D, 0x3C, 0x8B, 0x74, 0xB2, 0x07, 0xD2, 0x29,
    0x2C, 0x01, 0xF9, 0x92, 0x59, 0xA2, 0xC9, 0xD1, 0x98, 0x0E, 0x15, 0xB0, 0x65, 0x55, 0xEF, 0x58,
    0x59, 0x2C, 0xF9, 0x58, 0xD2, 0x89, 0x78, 0x86, 0xA2, 0x8A, 0x3B, 0x01, 0xCF, 0x85, 0x8B, 0x7F,
    0x92, 0xD1, 0x4A, 0x7E, 0x36, 0x97, 0x27, 0x69, 0x64, 0xB2, 0xD9, 0x2E, 0xFA, 0x9C, 0xCD, 0x8E,
    0x88, 0xE4, 0x9B, 0x4B, 0x71, 0x7A, 0xF2, 0x66, 0xBA, 0x0A, 0xF4, 0xBF, 0xBD, 0xC5, 0x36, 0x11,
    0x2C, 0x9F, 0x95, 0x9F, 0x65, 0x54, 0x65, 0x6E, 0xAF, 0x25, 0xCA, 0x88, 0x3C, 0x64, 0xD7, 0x67,
    0x58, 0x8D, 0x87, 0x67, 0xCE, 0x06, 0xA5, 0xD1, 0x5C, 0x76, 0x83, 0xEF, 0x86, 0xCF, 0x84, 0x6D,
    0xD7, 0xA9, 0x51, 0xDF, 0x0A, 0xFC, 0x05, 0x2D, 0xC2, 0x58, 0xFD, 0x57, 0x24, 0x2E, 0x4B, 0x48,
    0x3C, 0x50, 0xBD, 0x13, 0xEC, 0xF5, 0x0F, 0x39, 0x9D, 0xF2, 0x13, 0x25, 0x0E, 0xFA, 0x13, 0x62,
    0x98, 0xFD, 0xE4, 0xB5, 0x34, 0xFA, 0x5B, 0x2B, 0x79, 0xA3, 0xA4, 0x16, 0xC4, 0x08, 0xA2, 0x19,
    0x29, 0xD7, 0x89, 0x85, 0x9C, 0xB5, 0x4F, 0xAA, 0x7B, 0xE4, 0x34, 0x8A, 0xD1, 0x0A, 0x4F, 0x06,
    0xBB, 0x4F, 0xA5, 0x6F, 0xB7, 0x3D, 0xCF, 0x5D, 0x6D, 0xE9, 0x67, 0xD9, 0x3B, 0xF0, 0x81, 0x97,
    0xFC, 0x88, 0x83, 0x78, 0x8C, 0xEB, 0x77, 0x1A, 0x40, 0x0F, 0x74, 0x41, 0xDF, 0x69, 0xC4, 0xB5,
    0xC6, 0x15, 0xCE, 0x26, 0x52, 0x4C, 0x0A, 0x47, 0x75, 0xE5, 0x50, 0x83, 0x01, 0x3C, 0x07, 0x01,
    0x25, 0x30, 0xBB, 0xBD, 0xED, 0x65, 0xEE, 0x90, 0xCC, 0x96, 0xFD, 0x87, 0x8D, 0x7C, 0xE0, 0xAD,
    0x72, 0x0D, 0x18, 0x8F, 0x25, 0x12, 0x98, 0x50, 0x0F, 0x75, 0x41, 0x1F, 0xEE, 0x23, 0x80, 0xC9,
    0xF0, 0x55, 0x25, 0xD5, 0x68, 0xFF, 0xDA, 0xDB, 0xB1, 0x4D, 0x49, 0x66, 0x8F, 0x35, 0x22, 0x38,
    0xE1, 0x11, 0x85, 0xB1, 0xC3, 0x46, 0x19, 0xDE, 0xAF, 0xCA, 0xFF, 0xC7, 0xAE, 0x9F, 0x7E, 0x92,
    0xAE, 0x92, 0x5A, 0x65, 0xFC, 0x58, 0x29, 0xF1, 0xD7, 0x66, 0x04, 0xD5, 0xA7, 0x40, 0xEE, 0xB5,
    0x4F, 0xFB, 0x22, 0x9F, 0xE3, 0xAF, 0x95, 0x5E, 0xB3, 0xB3, 0x62, 0xDA, 0xDD, 0xB8, 0x84, 0x42,
    0x78, 0xCD, 0xFF, 0x57, 0x84, 0xF8, 0x68, 0x6F, 0x22, 0x0A, 0x16, 0xC4, 0x0C, 0xFC, 0x0D, 0x82,
    0xD7, 0x46, 0xA5, 0x93, 0x5D, 0xF1, 0x4C, 0x54, 0x5A, 0x22, 0x0F, 0x3F, 0xD1, 0xEF, 0xC4, 0x0D,
    0x38, 0x10, 0x65, 0x21, 0x46, 0x85, 0x8A, 0x88, 0x72, 0x5F, 0x68, 0x9A, 0x42, 0xD3, 0x5D, 0x09,
    0x1C, 0xD1, 0x27, 0x60, 0xC8, 0x34, 0xEB, 0x95, 0xE6, 0x54, 0x68, 0xE6, 0x2B, 0xCD, 0xB9, 0xD0,
    0xF4, 0xAF, 0x69, 0xF6, 0xD7, 0x34, 0xF2, 0x9A, 0xA6, 0x3E, 0xD0, 0x34, 0x37, 0xE9, 0xB8, 0x43,
    0x3A, 0x38, 0xAA, 0x34, 0x42, 0x00, 0x2F, 0xF0, 0x13, 0x51, 0xBE, 0x4A, 0x31, 0x81, 0x27, 0x08,
    0x18, 0x58, 0xE1, 0x4E, 0xB5, 0x58, 0xAE, 0x50, 0x0B, 0x9C, 0xDC, 0x0E, 0xF4, 0x09, 0xAA, 0x0F,
    0x18, 0x2F, 0x08, 0x31, 0xC7, 0x2F, 0x47, 0xCB, 0xEC, 0xEB, 0x04, 0x48, 0xB6, 0x31, 0xF3, 0xE7,
    0x58, 0x8C, 0x5B, 0x34, 0x50, 0x4F, 0xD1, 0x46, 0x9D, 0xD4, 0xCC, 0x0C, 0x22, 0x8B, 0x7F, 0xD6,
    0xEE, 0x24, 0x56, 0x79, 0x9B, 0xC6, 0x41, 0x7B, 0x10, 0x44, 0xD3, 0xF7, 0x49, 0xE2, 0x37, 0xB0,
    0xF9, 0xBF, 0x7A, 0xBE, 0x96, 0x06, 0xE1, 0x31, 0x86, 0x22, 0xAF, 0xB8, 0x10, 0xF1, 0xD7, 0xEA,
    0xA4, 0x7A, 0x9B, 0x09, 0xA5, 0xAD, 0x72, 0x99, 0x81, 0x87, 0x35, 0x23, 0x72, 0xEF, 0x54, 0xB2,
    0xB2, 0xEC, 0x91, 0xCB, 0x3A, 0x93, 0xB4, 0xC7, 0x67, 0xE1, 0x67, 0x98, 0x38, 0x4E, 0x06, 0x2E,
    0x1F, 0x3F, 0xD7, 0xF8, 0xCC, 0x74, 0xF9, 0xB7, 0x98, 0x9E, 0x1D, 0x0D, 0xB5, 0xF5, 0x19, 0xFD,
    0x01, 0x1D, 0xD1, 0x3C, 0xCA, 0x2F, 0x24, 0xDE, 0xB3, 0xE5, 0xA4, 0x5E, 0xBC, 0x7A, 0x59, 0xD7,
    0xF3, 0x52, 0x29, 0x6B, 0xD5, 0xE1, 0x86, 0xBE, 0x2A, 0x74, 0x19, 0xF3, 0x17, 0x22, 0x35, 0x3F,
    0x20, 0xB2, 0x05, 0x03, 0xB0, 0x23, 0xCE, 0xC4, 0x8D, 0x98, 0xFF, 0xF0, 0x94, 0xAC, 0xFB, 0x9B,
    0x7F, 0x21, 0xCA, 0x97, 0x37, 0x94, 0xDD, 0x3E, 0x9F, 0x06, 0xA1, 0x9E, 0x3D, 0x57, 0x8F, 0x38,
    0x13, 0x3B, 0x73, 0x7A, 0x07, 0xCD, 0xDC, 0xDF, 0xE4, 0x64, 0xDE, 0x44, 0x4B, 0xF4, 0x44, 0x01,
    0x56, 0xC4, 0x73, 0xD1, 0x10, 0x78, 0x7D, 0xF2, 0x32, 0x5C, 0x81, 0x12, 0x15, 0x6B, 0x19, 0x15,
    0xCF, 0xD2, 0x29, 0xDA, 0xDD, 0x28, 0xBA, 0x0D, 0xE8, 0x57, 0xE0, 0x20, 0x28, 0xC7, 0x3D, 0xCC,
    0x27, 0xFE, 0x73, 0xB0, 0x62, 0x16, 0xF5, 0x5D, 0xEC, 0xF3, 0x6D, 0xFB, 0x0A, 0xCF, 0x05, 0x0D,
    0xF1, 0xEF, 0x8E, 0x5B, 0x7C, 0x25, 0xAA, 0x87, 0x3D, 0xAC, 0x94, 0x39, 0x3D, 0x49, 0xAE, 0x46,
    0xDE, 0x4B, 0x87, 0x9B, 0xC9, 0x12, 0x5F, 0xDD, 0x55, 0xDF, 0x77, 0x95, 0xA4, 0x43, 0x6D, 0xA3,
    0x09, 0x8A, 0x23, 0x30, 0x19, 0x54, 0xF8, 0xD9, 0xA0, 0x7D, 0x97, 0x18, 0x19, 0x18, 0x80, 0x35,
    0xD7, 0xD1, 0x12, 0xBD, 0xBC, 0xA8, 0x20, 0xE1, 0xC6, 0x2C, 0x6B, 0x30, 0xDF, 0xDC, 0x6C, 0xC3,
    0x4B, 0xDE, 0x57, 0xF3, 0x21, 0x96, 0x64, 0xEC, 0x7C, 0xD2, 0xA9, 0x31, 0xA0, 0xF8, 0x23, 0x17,
    0x62, 0x62, 0xA1, 0xE6, 0x82, 0xA9, 0xDC, 0x01, 0xBC, 0x51, 0x3A, 0x1C, 0x7D, 0xBC, 0xF6, 0x67,
    0x32, 0xF0, 0xF4, 0xF3, 0xAC, 0x2D, 0x08, 0x83, 0x98, 0x27, 0xDC, 0x97, 0x82, 0xD6, 0xDF, 0x41,
    0x5E, 0x0E, 0xAC, 0x0F, 0xF5, 0xD6, 0x12, 0xB3, 0xEA, 0x57, 0x27, 0x26, 0x17, 0x2F, 0xA4, 0x57,
    0x57, 0x79, 0x75, 0xFF, 0xF2, 0xBC, 0x7F, 0x07, 0x5F, 0x70, 0x3B, 0x5C, 0xEB, 0x87, 0xCB, 0x1D,
    0x9A, 0x59, 0xA0, 0x9E, 0xD2, 0x97, 0xB2, 0x1F, 0x1A, 0xEE, 0x7C, 0xCD, 0x37, 0x88, 0x52, 0x82,
    0xDB, 0xED, 0x38, 0x23, 0x2E, 0x11, 0x31, 0xEE, 0x54, 0xAB, 0x15, 0xD8, 0xF0, 0x35, 0x95, 0xBD,
    0x14, 0x59, 0x93, 0x91, 0x18, 0x59, 0x25, 0xB8, 0xFC, 0x29, 0xB0, 0x34, 0x01, 0xBE, 0x48, 0xD5,
    0x1F, 0x6A, 0x1E, 0x88, 0xE5, 0x20, 0x80, 0x6A, 0x74, 0x6A, 0x86, 0xBB, 0x5C, 0x5B, 0x51, 0x52,
    0xE5, 0x3D, 0x16, 0x78, 0xBA, 0x1F, 0x44, 0xD7, 0xB4, 0xDC, 0x75, 0x81, 0xE7, 0x31, 0xFF, 0xF9,
    0xA7, 0x8D, 0xA5, 0x7E, 0x75, 0x1F, 0xC4, 0xF8, 0x1D, 0xE2, 0xC3, 0x86, 0x0A, 0x69, 0x9E, 0x0D,
    0x10, 0x71, 0x15, 0x6B, 0x45, 0x46, 0x0C, 0x89, 0x71, 0xA5, 0x67, 0x5C, 0x6D, 0xA3, 0x25, 0x9E,
    0x89, 0x66, 0x20, 0x3E, 0xC8, 0xFB, 0x43, 0x8D, 0x5D, 0x5E, 0x9E, 0xFD, 0x7A, 0xF6, 0x1B, 0x59,
    0xA1, 0x47, 0x22, 0x35, 0x8C, 0xC0, 0xDD, 0x00, 0x17, 0xE0, 0xAE, 0x3E, 0xF5, 0xFE, 0xD6, 0x98,
    0xFB, 0x7F, 0xDB, 0x6F, 0xDB, 0x7D, 0xE3, 0x6A, 0x83, 0x8C, 0x16, 0x6A, 0xF1, 0xAB, 0x03, 0x7D,
    0xAD, 0x92, 0xB9, 0xD3, 0x3E, 0xF7, 0xFF, 0x11, 0xB4, 0x1F, 0xB4, 0x3F, 0xAE, 0xE5, 0x34, 0x05,
    0x85, 0x56, 0x24, 0x3D, 0x60, 0x01, 0x06, 0x85, 0x59, 0xFB, 0x8B, 0x11, 0xE4, 0xC3, 0x65, 0xE0,
    0xA1, 0xE4, 0x88, 0xDF, 0x38, 0x4B, 0x3B, 0x7A, 0xC0, 0x97, 0xE7, 0x63, 0x23, 0x1F, 0x99, 0x19,
    0x43, 0xEE, 0xB5, 0x8F, 0x89, 0xBF, 0x6B, 0xFC, 0x2D, 0xB7, 0x39, 0x76, 0x80, 0xC7, 0xCA, 0x84,
    0x1C, 0x4B, 0x3E, 0xD0, 0xE3, 0xB9, 0xE1, 0xB6, 0x7B, 0x02, 0xE9, 0x89, 0xCC, 0x0D, 0xE9, 0x43,
    0x1E, 0xF1, 0x1B, 0x67, 0x1F, 0x61, 0x47, 0x0F, 0xFA, 0x92, 0x85, 0x7C, 0x64, 0x66, 0x0C, 0xB5,
    0xEB, 0xF3, 0xA5, 0xE7, 0xE1, 0xE5, 0x2E, 0x3B, 0x64, 0xB2, 0x53, 0x23, 0xF1, 0x4D, 0x3E, 0xC3,
    0xD5, 0x15, 0xF8, 0x6A, 0x51, 0x14, 0x97, 0x0F, 0x01, 0xF6, 0x08, 0xEF, 0xAD, 0x05, 0xB1, 0x27,
    0x9E, 0xD6, 0x72, 0x4C, 0x5D, 0x02, 0x6C, 0x0A, 0xAD, 0xC2, 0xA1, 0x9D, 0x97, 0xCB, 0x19, 0xF6,
    0x59, 0x76, 0x47, 0xE0, 0x2B, 0x27, 0x68, 0xC2, 0xEB, 0x91, 0x77, 0x32, 0x4F, 0x03, 0x0F, 0x08,
    0x5D, 0xA0, 0x8E, 0xD7, 0x85, 0x94, 0x8F, 0x56, 0x5E, 0x60, 0x80, 0x49, 0xB0, 0xB4, 0x50, 0xC6,
    0x89, 0x4A, 0x66, 0xED, 0x30, 0x36, 0x01, 0x47, 0xBF, 0x3B, 0x0D, 0x7B, 0xA7, 0x62, 0x2C, 0x97,
    0x6F, 0xB5, 0x09, 0xCA, 0x06, 0x91, 0xAD, 0xD6, 0xCC, 0x57, 0x10, 0x62, 0xE4, 0xE3, 0x19, 0xA3,
    0x93, 0x74, 0x61, 0xC6, 0xF1, 0xD7, 0x51, 0x3F, 0x4C, 0xAD, 0x20, 0x17, 0x8C, 0xF4, 0x81, 0xD1,
    0xC8, 0x03, 0x7E, 0x19, 0xAD, 0x79, 0xF6, 0x66, 0x74, 0x3A, 0x8C, 0xBA, 0xE2, 0x51, 0x89, 0x51,
    0x96, 0xDD, 0x38, 0x44, 0x43, 0x8C, 0xDE, 0x6D, 0xCD, 0xAE, 0x71, 0xB1, 0xAE, 0x32, 0x60, 0xCB,
    0xD6, 0x82, 0xB6, 0xD0, 0x4D, 0x78, 0xFC, 0xED, 0x3F, 0xDD, 0x5B, 0x3D, 0x8C, 0xDC, 0xC8, 0xD1,
    0x6D, 0x0E, 0xBF, 0xD3, 0xE0, 0x33, 0x03, 0x3A, 0x50, 0x70, 0xD0, 0x02, 0x66, 0x0E, 0x07, 0xCC,
    0x23, 0xD2, 0x70, 0x0E, 0x28, 0x76, 0x72, 0x17, 0x38, 0x53, 0xB0, 0x79, 0x44, 0xC2, 0x39, 0x60,
    0xE5, 0xD1, 0x05, 0x0E, 0x9D, 0x47, 0x86, 0x49, 0xE3, 0x72, 0x80, 0x17, 0x39, 0x25, 0xCE, 0x32,
    0x64, 0x47, 0x26, 0x20, 0x06, 0x84, 0x45, 0xB2, 0xCC, 0xF7, 0x1E, 0x9B, 0xE2, 0xEC, 0xCC, 0xFE,
    0x68, 0xB5, 0xD2, 0x19, 0xBE, 0x9B, 0x79, 0xAF, 0x87, 0xDB, 0xAC, 0xFE, 0xA9, 0xEE, 0xEA, 0xEA,
    0xEA, 0x96, 0x56, 0x13, 0xBA, 0x3E, 0x4B, 0x6B, 0x9B, 0xAA, 0xF7, 0xAE, 0x2E, 0xED, 0x9C, 0xF5,
    0x64, 0x75, 0xE7, 0x9A, 0x4A, 0x96, 0x7E, 0x09, 0x7E, 0x8B, 0x14, 0x67, 0xBB, 0x94, 0x50, 0x6D,
    0xA9, 0xA3, 0x52, 0xEA, 0xE7, 0xF9, 0xB5, 0x52, 0x94, 0xE3, 0x87, 0x34, 0x4A, 0x98, 0xC8, 0x1A,
    0x60, 0xF2, 0x3C, 0xE4, 0x61, 0xA8, 0xE8, 0x6C, 0xE5, 0xE2, 0xDF, 0xD6, 0xEA, 0x75, 0xEB, 0xC8,
    0x9D, 0x14, 0x40, 0xF3, 0xC7, 0x8A, 0x66, 0x5A, 0xE9, 0x4A, 0xAA, 0x97, 0x53, 0x94, 0xAC, 0xF1,
    0x92, 0x4E, 0xF2, 0xB7, 0x65, 0x31, 0x69, 0xF6, 0xE4, 0x0C, 0xCB, 0x0B, 0x10, 0xF7, 0xAB, 0xCA,
    0x91, 0x47, 0x7C, 0x24, 0xD3, 0xA6, 0x72, 0xF0, 0xC4, 0xE0, 0x94, 0xA6, 0x9B, 0xA1, 0x97, 0x94,
    0x65, 0xD0, 0xEC, 0x72, 0x74, 0x16, 0xAA, 0x43, 0xFB, 0xC2, 0xEC, 0x9F, 0x4E, 0x93, 0x99, 0x38,
    0x11, 0x2D, 0x27, 0xD6, 0xC4, 0x66, 0x51, 0xC3, 0x95, 0xB5, 0x0B, 0x1E, 0xAC, 0x5B, 0x30, 0x20,
    0x1E, 0xF8, 0x24, 0xB1, 0x86, 0x79, 0x4A, 0xE0, 0xBC, 0xF6, 0xA8, 0x9E, 0x10, 0x5B, 0x62, 0x5F,
    0x61, 0x9D, 0x19, 0x17, 0x74, 0xC2, 0x62, 0xDA, 0xE1, 0x87, 0xE7, 0x57, 0x0B, 0x72, 0x24, 0x13,
    0xBB, 0x5D, 0x1D, 0x28, 0xB3, 0x5F, 0x94, 0xA3, 0xB8, 0xCE, 0x33, 0x51, 0xB5, 0x79, 0x28, 0x86,
    0x46, 0xD3, 0x16, 0xEF, 0xBA, 0x05, 0x85, 0xCE, 0xF9, 0xB3, 0x5E, 0x41, 0xA7, 0x9F, 0x6B, 0x9E,
    0x6A, 0x66, 0xC8, 0x44, 0x50, 0xC6, 0x24, 0x1A, 0x49, 0x76, 0x3F, 0x29, 0xA7, 0xDE, 0x93, 0x14,
    0xC9, 0x14, 0xB1, 0x84, 0x04, 0xE5, 0xFD, 0x9F, 0x8B, 0x51, 0xFA, 0xAA, 0x9A, 0x49, 0x1A, 0x9B,
    0xD5, 0xD7, 0x86, 0x3C, 0xA4, 0x83, 0xA9, 0x49, 0x57, 0xCB, 0xF4, 0x46, 0xF3, 0xFE, 0xEE, 0xBC,
    0x36, 0x48, 0x3E, 0x7F, 0x23, 0xEA, 0x45, 0x23, 0x2A, 0xF1, 0x8D, 0x19, 0x28, 0x80, 0xB2, 0x46,
    0x16, 0x0D, 0x4A, 0x44, 0x11, 0xB5, 0x06, 0x05, 0x83, 0x42, 0x4F, 0xDD, 0x1D, 0xD4, 0xEE, 0x5E,
    0x88, 0xF5, 0xBA, 0x84, 0x61, 0x2D, 0x67, 0x41, 0x2C, 0xEF, 0x5A, 0x6A, 0xDE, 0xF4, 0xDC, 0x89,
    0xEA, 0x7D, 0x75, 0x5B, 0x4C, 0x23, 0xBF, 0x41, 0x31, 0xBB, 0x0F, 0xD9, 0xA1, 0xB7, 0x22, 0xC6,
    0xC3, 0x7D, 0xC8, 0x9C, 0xF7, 0x20, 0x6B, 0xF9, 0x00, 0xBC, 0x15, 0x28, 0xE7, 0x22, 0x40, 0x33,
    0xB7, 0x02, 0xB3, 0x3C, 0x0A, 0x38, 0xD2, 0x31, 0x2E, 0xCE, 0x46, 0x3A, 0x09, 0x38, 0x9F, 0x8C,
    0x74, 0xF8, 0x0B, 0x9D, 0x73, 0xCF, 0x1F, 0x37, 0xD2, 0x63, 0xAB, 0x4F, 0xA9, 0x5A, 0x69, 0x22,
    0x15, 0x46, 0x82, 0xCC, 0x98, 0xFE, 0x08, 0x28, 0xB6, 0x1E, 0x84, 0xD2, 0x17, 0x92, 0x31, 0xAA,
    0x03, 0x91, 0x2B, 0x44, 0xB1, 0x88, 0x4F, 0xF3, 0xD5, 0xC0, 0x4A, 0x74, 0xFE, 0x44, 0x04, 0xC9,
    0x0F, 0x22, 0xBE, 0xF0, 0xE4, 0xF4, 0xD8, 0xFF, 0xE5, 0xF9, 0x7F, 0x7E, 0xD0, 0x70, 0xFA, 0x0A,
    0x5A, 0x8E, 0x9B, 0xA3, 0x8D, 0x30, 0x3D, 0x7D, 0xEA, 0x43, 0x6A, 0x0D, 0xD4, 0x94, 0xCB, 0x87,
    0xBB, 0x36, 0xA9, 0xA6, 0x32, 0xD0, 0xC1, 0x26, 0xD0, 0xD1, 0x7A, 0x50, 0x62, 0x2D, 0xA8, 0xB0,
    0x12, 0xC4, 0xA9, 0x3E, 0x86, 0x36, 0x82, 0x62, 0xEB, 0x40, 0x99, 0xD5, 0x20, 0x33, 0xEE, 0x7D,
    0x6C, 0x9D, 0x1A, 0xBD, 0xA8, 0x11, 0x95, 0x27, 0xBF, 0x7A, 0xE5, 0x9C, 0x58, 0xC1, 0xCA, 0x48,
    0x1C, 0xBB, 0x94, 0xB9, 0x2B, 0x21, 0x50, 0x79, 0x58, 0xD1, 0x41, 0xA9, 0x35, 0x20, 0xE4, 0xA1,
    0x6F, 0x3F, 0x82, 0x90, 0x67, 0xAB, 0xFC, 0x66, 0x10, 0xDD, 0x97, 0x85, 0xBB, 0x4D, 0x88, 0xF6,
    0x72, 0xDC, 0x86, 0x76, 0x9A, 0x75, 0x11, 0xFA, 0x20, 0x60, 0x62, 0x94, 0x8F, 0x11, 0xD9, 0xA4,
    0x7D, 0x70, 0x6C, 0x9C, 0x71, 0xB3, 0x3C, 0x8D, 0x44, 0x89, 0xDA, 0x65, 0x4A, 0x34, 0x98, 0x5E,
    0x48, 0x70, 0xDD, 0x76, 0x09, 0x2C, 0xB1, 0xFD, 0x0B, 0x89, 0x62, 0x58, 0x02, 0xA2, 0xF0, 0xFA,
    0xB3, 0x31, 0xB4, 0xDF, 0x9B, 0x4B, 0xE7, 0x74, 0x8A, 0x2C, 0x46, 0x22, 0xB6, 0x78, 0xE6, 0x0E,
    0x2F, 0xB2, 0x6F, 0xA6, 0x25, 0x91, 0x4D, 0xA1, 0xD9, 0xC8, 0xC4, 0xC1, 0xAC, 0x8F, 0x90, 0x08,
    0xCC, 0xBA, 0xC8, 0xCA, 0x6C, 0x72, 0x66, 0x2D, 0x12, 0xE8, 0xF5, 0x5A, 0x89, 0xCC, 0x4A, 0x25,
    0x52, 0x5B, 0x77, 0x75, 0x31, 0x13, 0x4B, 0x8B, 0xA2, 0x69, 0x4D, 0x38, 0x77, 0x4F, 0xA2, 0xA2,
    0xF3, 0xCC, 0x05, 0x06, 0x64, 0x2B, 0xD5, 0xA2, 0x56, 0xD4, 0x8B, 0x26, 0x91, 0xAD, 0x54, 0x8B,
    0x5A, 0x51, 0x4F, 0x29, 0x36, 0x92, 0xB2, 0x99, 0x94, 0xD8, 0xAF, 0x41, 0x91, 0x7D, 0x0F, 0x0A,
    0xED, 0x1D, 0xC8, 0xD9, 0x7B, 0x52, 0x61, 0xA4, 0x54, 0x14, 0x8B, 0x8E, 0xA2, 0x83, 0xC8, 0xAD,
    0x54, 0x88, 0x32, 0x51, 0x2C, 0x8A, 0x44, 0xA1, 0x28, 0xB0, 0xC6, 0xEF, 0x4D, 0xB7, 0x31, 0x1D,
    0xC9, 0x91, 0xF4, 0xFE, 0xA9, 0x03, 0x21, 0x4A, 0x4F, 0xEE, 0x68, 0xA5, 0x53, 0xE3, 0xC0, 0xA5,
    0xAE, 0x39, 0xD6, 0xCD, 0x64, 0xA8, 0x33, 0x6E, 0xFD, 0xE8, 0xB5, 0xD1, 0x54, 0x27, 0x5C, 0x76,
    0x65, 0x90, 0x2F, 0x71, 0x74, 0xFE, 0xDC, 0xE7, 0xF7, 0xEF, 0x7B, 0x79, 0x5E, 0xBE, 0x2F, 0xCF,
    0x97, 0xEF, 0xEB, 0xE3, 0xEB, 0xE7, 0xEB, 0xBB, 0xD5, 0x3F, 0x5E, 0xDB, 0x13, 0xE8, 0x31, 0xDA,
    0xFB, 0x0F, 0xA7, 0xD5, 0xFD, 0x82, 0xD7, 0x58, 0x12, 0x1B, 0x62, 0x07, 0x93, 0x41, 0x0C, 0xB9,
    0x06, 0x06, 0x44, 0x67, 0xC3, 0x96, 0xD6, 0xF3, 0x6B, 0xEB, 0xCE, 0xBC, 0xBD, 0x9C, 0x32, 0xBD,
    0x7C, 0x96, 0x85, 0x77, 0x1F, 0x8B, 0xFF, 0x5B, 0x5A, 0xEA, 0x9D, 0xDF, 0x07, 0x69, 0x81, 0x2D,
    0xE5, 0x4B, 0x42, 0xD6, 0x81, 0x8F, 0xE1, 0x4D, 0xF2, 0xE7, 0xAE, 0x03, 0x28, 0x1A, 0xA5, 0x30,
    0x90, 0x46, 0xBD, 0x6A, 0x3A, 0x8A, 0x51, 0xDC, 0x00, 0x82, 0xCA, 0xC8, 0xEE, 0x55, 0xB7, 0xF7,
    0xE1, 0x1A, 0xD1, 0x28, 0xB2, 0x5C, 0x54, 0x8B, 0x5A, 0x27, 0x3D, 0x82, 0x42, 0xD1, 0x41, 0x6B,
    0x46, 0x20, 0xD2, 0x2F, 0xFD, 0x4D, 0x39, 0xF5, 0xDE, 0x89, 0x94, 0x7C, 0x5F, 0x42, 0x23, 0x6A,
    0xD1, 0x82, 0xA3, 0xF5, 0x20, 0xEE, 0xC3, 0xB8, 0xF2, 0x90, 0x32, 0xBF, 0x12, 0xD4, 0x5A, 0x09,
    0xDA, 0xDD, 0x52, 0x85, 0xAC, 0x1C, 0x6C, 0x13, 0x88, 0xFA, 0xC2, 0x76, 0x17, 0xCD, 0x47, 0xC7,
    0xE8, 0x78, 0x87, 0x18, 0xFB, 0x00, 0x86, 0x71, 0x51, 0x09, 0x20, 0x17, 0xAE, 0x3B, 0xD0, 0x6D,
    0x58, 0xB2, 0xE7, 0x7A, 0xF5, 0xDB, 0x6B, 0x8E, 0x9F, 0x49, 0xBD, 0xAD, 0x0D, 0xDA, 0xC8, 0x47,
    0xDA, 0xC0, 0xAF, 0xC1, 0xF3, 0x9A, 0xAF, 0x68, 0xB0, 0x31, 0x8A, 0xE7, 0xF1, 0xFF, 0xE9, 0x64,
    0xC7, 0x6F, 0x70, 0x7C, 0x95, 0xB0, 0xF9, 0x8A, 0x8E, 0xEF, 0x0F, 0xB1, 0xAF, 0xD4, 0xF4, 0x57,
    0xD8, 0x19, 0x64, 0xC6, 0x4C, 0x0F, 0x20, 0x1F, 0x12, 0xFC, 0xAF, 0xA5, 0x4C, 0x8E, 0xE4, 0x4F,
    0x45, 0x33, 0xA8, 0xF4, 0x64, 0xA4, 0xD4, 0x72, 0xEE, 0x92, 0xE9, 0xAD, 0x62, 0x9F, 0x78, 0x30,
    0x93, 0x9B, 0x3D, 0x79, 0xCF, 0x3A, 0x90, 0x51, 0x50, 0xD0, 0xDA, 0xEB, 0x9E, 0xAE, 0x12, 0x9E,
    0x49, 0xA9, 0x19, 0x38, 0x62, 0xCC, 0x98, 0x65, 0x25, 0xD2, 0x46, 0xE9, 0x77, 0xE1, 0x1C, 0x03,
    0x4B, 0xA6, 0x90, 0x82, 0x66, 0xB2, 0xE6, 0xC7, 0x20, 0xDF, 0x9B, 0xE5, 0xF4, 0xF4, 0xD1, 0x0F,
    0x5B, 0x1E, 0xBD, 0x73, 0xB4, 0x86, 0x32, 0x28, 0x4B, 0x31, 0x3D, 0x27, 0x0F, 0x9C, 0xF3, 0xB7,
    0x41, 0x83, 0x20, 0x10, 0xCD, 0xD4, 0x0E, 0x5D, 0x27, 0x71, 0x10, 0x07, 0x81, 0xDB, 0xF1, 0x7C,
    0xBB, 0x8F, 0x52, 0x24, 0x66, 0xE5, 0x3E, 0x8A, 0x11, 0x99, 0x9D, 0x44, 0x39, 0x38, 0xDB, 0x24,
    0x68, 0x9B, 0x08, 0xA8, 0xE6, 0x96, 0x1A, 0x52, 0xBE, 0x88, 0x6A, 0xE3, 0x66, 0x47, 0xC6, 0xB8,
    0x40, 0x8C, 0x14, 0x9B, 0x80, 0xDA, 0xB2, 0x11, 0x4C, 0x55, 0x86, 0xE6, 0x20, 0x28, 0xA6, 0xA5,
    0x1C, 0x81, 0x70, 0xB3, 0xFC, 0x88, 0x05, 0xBD, 0x0D, 0xCC, 0xEA, 0x08, 0xA9, 0x2E, 0x64, 0xAA,
    0x3C, 0x30, 0xD5, 0xC4, 0x96, 0x2F, 0xC2, 0x8F, 0xB3, 0xB5, 0xB1, 0xA1, 0xC0, 0x68, 0xAA, 0xBA,
    0xC4, 0xE8, 0xC5, 0x8E, 0x45, 0x9F, 0xD2, 0x0C, 0xC4, 0x43, 0x36, 0xA0, 0xE1, 0xC5, 0x98, 0xF6,
    0xE9, 0xA8, 0x33, 0xEB, 0xAC, 0x4B, 0x94, 0x9A, 0xB3, 0x2E, 0x9E, 0x8B, 0x81, 0x67, 0x03, 0x4D,
    0x64, 0x08, 0x13, 0xC5, 0x8A, 0xF7, 0x76, 0x4A, 0x85, 0x4C, 0x45, 0x66, 0x25, 0xCA, 0xA3, 0x35,
    0x84, 0xBA, 0x79, 0xBC, 0x8B, 0x82, 0x90, 0x3A, 0x28, 0xA8, 0x50, 0xCA, 0x4B, 0x93, 0xC6, 0xA9,
    0xB2, 0x4C, 0xA9, 0x61, 0x3D, 0xFA, 0xB6, 0x1A, 0x19, 0x64, 0xB2, 0x7B, 0x78, 0x75, 0x11, 0x5A,
    0x31, 0x32, 0x04, 0x67, 0xB3, 0xCC, 0x95, 0xE5, 0x15, 0xB3, 0xFE, 0x45, 0x1B, 0xAC, 0xBF, 0x29,
    0x52, 0x48, 0xCD, 0x84, 0x26, 0xC5, 0xF8, 0xA3, 0x03, 0x7F, 0xB6, 0x32, 0x4A, 0x49, 0xFD, 0x8E,
    0x52, 0x3D, 0x2C, 0x4C, 0x15, 0x58, 0x2D, 0x8E, 0x6F, 0x80, 0xDA, 0xF6, 0x56, 0x27, 0x95, 0xBF,
    0xB3, 0x89, 0x55, 0x36, 0xA3, 0x31, 0xCC, 0xD0, 0xD0, 0x01, 0x41, 0x1B, 0xF8, 0x9F, 0x31, 0x74,
    0xD3, 0xC0, 0x66, 0xA6, 0x74, 0xBE, 0x46, 0xB6, 0xCD, 0xE6, 0x8A, 0x34, 0x2D, 0x99, 0xD1, 0x22,
    0xD4, 0x9F, 0x5A, 0x6C, 0x61, 0xB7, 0xF4, 0x5E, 0x0D, 0x29, 0xA9, 0x95, 0xE8, 0x91, 0xCC, 0xE4,
    0x71, 0x33, 0x9E, 0xFA, 0x2B, 0x54, 0x2D, 0xB5, 0xEF, 0xAD, 0x57, 0x25, 0x5A, 0x55, 0x49, 0x1D,
    0x6A, 0xA5, 0xAA, 0xAB, 0x85, 0x78, 0x52, 0xFB, 0x86, 0xDD, 0xA2, 0x83, 0xF1, 0x21, 0x17, 0xF1,
    0xA9, 0x28, 0xE3, 0x14, 0xBE, 0x13, 0x7B, 0x96, 0xDF, 0x6C, 0x76, 0xDE, 0x66, 0x8D, 0xFE, 0xDD,
    0xA1, 0x68, 0xBD, 0x2D, 0xA0, 0xA6, 0x39, 0x36, 0xDC, 0x38, 0xFD, 0xCC, 0x2E, 0x1F, 0xF7, 0x70,
    0xD6, 0xFB, 0x2C, 0xB4, 0x29, 0x05, 0xB1, 0xBA, 0x05, 0x33, 0x33, 0x77, 0xF6, 0x1D, 0xDD, 0x4F,
    0xF6, 0xBD, 0x58, 0x9F, 0x49, 0x43, 0x10, 0x18, 0x13, 0xF7, 0x67, 0xAB, 0xA1, 0x90, 0xED, 0x0E,
    0xA4, 0x54, 0xA1, 0xF4, 0xAC, 0x2D, 0x80, 0x44, 0x64, 0xF3, 0xFE, 0xD8, 0x30, 0xDF, 0x0E, 0x66,
    0x8F, 0x12, 0xA1, 0xB8, 0xF6, 0x89, 0x20, 0xD9, 0xB3, 0x33, 0x41, 0xE9, 0x05, 0x41, 0xF5, 0x99,
    0xA0, 0xEE, 0x4C, 0x90, 0x44, 0x08, 0xE7, 0x7B, 0x1A, 0x55, 0x99, 0xED, 0x3F, 0x2E, 0xFE, 0x8C,
    0x9F, 0x9B, 0x65, 0xB9, 0x4C, 0x4D, 0x9E, 0x80, 0x66, 0xEB, 0x6D, 0x31, 0xB4, 0xCF, 0xDF, 0x58,
    0xA3, 0x35, 0xEF, 0xD1, 0x0C, 0xB9, 0x48, 0xD9, 0x0C, 0xAB, 0x9C, 0x9A, 0xE6, 0x6D, 0x79, 0xC4,
    0x74, 0x6F, 0x96, 0xC4, 0xF2, 0x13, 0x6D, 0x34, 0x5A, 0xCC, 0x6A, 0x38, 0x42, 0xC5, 0x25, 0x8E,
    0x82, 0xBE, 0x76, 0xF2, 0x20, 0x6E, 0x43, 0x57, 0xBA, 0x43, 0xE7, 0x22, 0x6E, 0xFB, 0x12, 0x5A,
    0x6A, 0x5C, 0x7E, 0x4B, 0x6A, 0x17, 0xE6, 0xEE, 0x95, 0xBD, 0xE1, 0x1C, 0xCF, 0xC3, 0x05, 0x1A,
    0x40, 0x07, 0x18, 0x0E, 0xAF, 0x03, 0xF9, 0xD8, 0x80, 0x74, 0x12, 0x5C, 0x99, 0x61, 0x7F, 0x69,
    0x73, 0x04, 0x48, 0x01, 0x19, 0xB6, 0xA3, 0x8B, 0x3E, 0x17, 0x18, 0x16, 0xA8, 0x00, 0xFA, 0x89,
    0x3F, 0x64, 0x3E, 0x9F, 0xDE, 0x38, 0x2C, 0x00, 0x29, 0xF3, 0xCB, 0xE0, 0x8F, 0x52, 0xDF, 0xA3,
    0x70, 0xBA, 0x5E, 0x1D, 0xAB, 0x9A, 0xD8, 0xDF, 0x38, 0x30, 0xCE, 0x0B, 0x9D, 0xD0, 0x73, 0xA7,
    0x1B, 0x9D, 0x1E, 0x61, 0xDE, 0x8B, 0xCA, 0x19, 0x13, 0x53, 0xEE, 0xA7, 0x2B, 0xA3, 0xE4, 0x89,
    0x38, 0xDC, 0xBC, 0x5E, 0xD0, 0xD2, 0x99, 0x98, 0x73, 0xC7, 0x65, 0x29, 0x03, 0x20, 0x03, 0x7B,
    0xF3, 0x68, 0x7D, 0x20, 0x1F, 0x22, 0xD1, 0x85, 0x27, 0x8E, 0x55, 0xC0, 0x74, 0x01, 0x66, 0xA7,
    0x2C, 0x02, 0xBE, 0x86, 0x75, 0xE8, 0x5B, 0xEA, 0x24, 0x60, 0x3B, 0x0B, 0x80, 0xCE, 0xF5, 0xAF,
    0x75, 0xCC, 0xF1, 0x42, 0xF7, 0x84, 0x3E, 0x1E, 0x03, 0x7B, 0xBB, 0x60, 0xAA, 0xD8, 0x34, 0xF0,
    0x60, 0xAC, 0x32, 0x31, 0xE6, 0x62, 0xCF, 0x21, 0xD7, 0xA4, 0x27, 0x57, 0x74, 0xEE, 0xC4, 0x93,
    0xAB, 0x38, 0xF9, 0x82, 0x5C, 0x6A, 0x9A, 0x88, 0x3B, 0xFD, 0x90, 0x92, 0x03, 0xA2, 0x2B, 0x88,
    0x11, 0xD1, 0x5D, 0xDB, 0x1F, 0x30, 0xA1, 0x11, 0x46, 0x8F, 0xF8, 0x20, 0xE3, 0x74, 0xF8, 0xE0,
    0xC4, 0xC1, 0x12, 0xA7, 0x96, 0x73, 0x2E, 0xE8, 0xCA, 0x50, 0xBD, 0xD4, 0xE7, 0xC0, 0x72, 0x03,
    0xDD, 0x2E, 0xBB, 0x88, 0xD3, 0xE9, 0x1D, 0x56, 0x75, 0xAA, 0x0E, 0x81, 0x7F, 0xB3, 0x4A, 0x0E,
    0x88, 0xAC, 0x8F, 0xD6, 0x72, 0xB9, 0x86, 0xDC, 0x72, 0xF2, 0xB1, 0x2E, 0xBC, 0x1C, 0x75, 0x3F,
    0x56, 0xD7, 0x63, 0xBF, 0x3E, 0xD3, 0xE4, 0xB8, 0x01, 0xB2, 0x5C, 0x04, 0x65, 0x79, 0x5A, 0x58,
    0xBB, 0x2E, 0x52, 0xB4, 0x16, 0x18, 0x18, 0x30, 0x24, 0xC6, 0xD6, 0xA3, 0xBB, 0xD8, 0x69, 0x6B,
    0xBC, 0x67, 0x26, 0x4E, 0x77, 0xA2, 0x01, 0x53, 0x3A, 0x77, 0xB1, 0x35, 0x09, 0x50, 0x32, 0x25,
    0x5F, 0x65, 0x11, 0x9F, 0xD9, 0x5F, 0x17, 0x3C, 0xBB, 0x5F, 0x16, 0xE2, 0x78, 0x96, 0x36, 0x65,
    0xD6, 0x4E, 0x7D, 0x77, 0xFB, 0xA4, 0x74, 0x34, 0x38, 0xEE, 0x93, 0xA6, 0xFF, 0x5C, 0xBD, 0x59,
    0x90, 0xD2, 0x80, 0xED, 0xA9, 0x11, 0x98, 0xE9, 0x29, 0x31, 0xC1, 0x29, 0x0C, 0x4C, 0x3E, 0x0F,
    0xEA, 0xAE, 0x79, 0xA5, 0x9B, 0xE6, 0x34, 0x04, 0xAA, 0xE5, 0xC3, 0xFF, 0x77, 0xEE, 0xCF, 0xFE,
    0x2E, 0x62, 0x0B, 0x7F, 0x05, 0x8C, 0xDF, 0x7C, 0x7E, 0xFA, 0x1F, 0xF3, 0x7D, 0xAE, 0x2F, 0x75,
    0x98, 0x60, 0xB4, 0xF0, 0xB6, 0x97, 0x4B, 0x69, 0xEE, 0x7A, 0xF7, 0xCB, 0x39, 0xFF, 0x24, 0x5D,
    0x79, 0x84, 0x6C, 0xE8, 0x84, 0x86, 0x99, 0xFA, 0x09, 0xAD, 0x5F, 0x30, 0xB6, 0x16, 0xFD, 0xC5,
    0x6D, 0x87, 0x2E, 0x0A, 0xF9, 0x2B, 0x7A, 0xC4, 0x7A, 0x4B, 0xEB, 0xF9, 0x64, 0x93, 0x63, 0x7E,
    0xE0, 0x22, 0x72, 0x41, 0x74, 0x9A, 0x97, 0xE6, 0x34, 0xD1, 0x0A, 0x03, 0xAA, 0x2C, 0x1A, 0x72,
    0xF4, 0xEA, 0xD2, 0x8A, 0x6C, 0x7C, 0xBA, 0xCF, 0xC4, 0xF1, 0x85, 0xCE, 0x1A, 0x62, 0xEC, 0x17,
    0x3A, 0x38, 0x27, 0x57, 0xDD, 0xB2, 0x20, 0x34, 0xC1, 0x32, 0x3C, 0x33, 0x2D, 0x7B, 0xF9, 0xC2,
    0x34, 0x78, 0x2B, 0x77, 0x62, 0xAC, 0xE0, 0x07, 0x9B, 0x03, 0xC3, 0x08, 0x40, 0x5C, 0x13, 0x5C,
    0x40, 0xAA, 0x44, 0x7F, 0x79, 0x0E, 0xAE, 0x6D, 0x9D, 0x53, 0xF9, 0xA5, 0x39, 0x35, 0x7D, 0xB9,
    0x39, 0xE5, 0x5C, 0xB1, 0x5B, 0x08, 0xA8, 0xF6, 0xED, 0x9C, 0x8C, 0x1B, 0x71, 0x5A, 0xA4, 0x32,
    0x44, 0x02, 0x7E, 0x61, 0x3A, 0xF3, 0x72, 0x1E, 0xB0, 0xCF, 0xA6, 0x0D, 0x87, 0x1D, 0xF6, 0xFA,
    0x6B, 0x6A, 0xF0, 0x20, 0xF5, 0x56, 0x8C, 0x6D, 0x64, 0x2B, 0x69, 0x94, 0x5C, 0x3A, 0xA0, 0x4A,
    0x54, 0xE9, 0x5A, 0x92, 0xB8, 0xC4, 0x9F, 0xF7, 0xCC, 0x40, 0x64, 0xCF, 0x55, 0xA6, 0x3E, 0xE1,
    0x68, 0x7B, 0x94, 0xB3, 0x11, 0x11, 0x19, 0xDB, 0xC8, 0x31, 0x76, 0x6F, 0xDC, 0x65, 0xEC, 0x88,
    0xB5, 0xDC, 0x9E, 0x87, 0xCF, 0xBA, 0xFD, 0xEA, 0xD0, 0xB8, 0x8C, 0x68, 0xC0, 0x90, 0xA8, 0x45,
    0x59, 0x0B, 0xB4, 0x16, 0x6B, 0x2D, 0xDC, 0xD9, 0x47, 0x2F, 0xF4, 0x65, 0xE8, 0x1D, 0x86, 0xE3,
    0x4E, 0xBE, 0x13, 0xA6, 0xC4, 0x83, 0xBD, 0xFD, 0x18, 0xE7, 0x04, 0x6B, 0x44, 0xCA, 0x0D, 0x1E,
    0xBF, 0x03, 0xBF, 0x93, 0xFB, 0xF6, 0x29, 0x36, 0x45, 0x2E, 0x52, 0xE8, 0x1B, 0xD5, 0x36, 0xF8,
    0x14, 0x3A, 0x7C, 0x31, 0x68, 0xF0, 0xC5, 0xEA, 0xE8, 0xCA, 0x13, 0x2B, 0x75, 0xED, 0x44, 0x87,
    0x35, 0x74, 0x00, 0x02, 0xBC, 0xA1, 0x0B, 0x23, 0x01, 0x1E, 0xEA, 0xC2, 0x6D, 0x08, 0x38, 0x58,
    0xFB, 0x8B, 0x97, 0x47, 0x74, 0xCA, 0x1A, 0xD0, 0x2B, 0x01, 0x1A, 0x4E, 0xCF, 0x10, 0xBB, 0xFC,
    0xEA, 0x4F, 0xDC, 0xF6, 0x5C, 0xFE, 0x9A, 0x0D, 0x67, 0x5F, 0x3C, 0xBF, 0xE7, 0xBB, 0xB5, 0x8B,
    0x96, 0x33, 0x7F, 0xCE, 0x9B, 0x40, 0x66, 0x23, 0xA3, 0xC2, 0xF2, 0xB4, 0x5F, 0x17, 0x98, 0x55,
    0x9F, 0x02, 0xD9, 0x07, 0x98, 0x00, 0xB6, 0x00, 0xAF, 0xFD, 0xD1, 0x2F, 0x88, 0x00, 0x21, 0x00,
    0x7D, 0x3A, 0xE3, 0xBC, 0xFB, 0x25, 0xAA, 0xA6, 0xA9, 0x07, 0x83, 0xA7, 0x49, 0x87, 0x5E, 0xE2,
    0x7D, 0xEC, 0x5A, 0x5E, 0xDC, 0xF2, 0x89, 0xD6, 0x91, 0xE3, 0x34, 0x97, 0x83, 0x6D, 0x16, 0x63,
    0x13, 0xB4, 0xB6, 0x7F, 0xDD, 0x16, 0x75, 0xDC, 0x22, 0xB5, 0x8A, 0xFA, 0x28, 0xE2, 0xC3, 0x90,
    0x44, 0xEE, 0x2F, 0x3A, 0x07, 0x36, 0xF9, 0xCD, 0xFB, 0xF6, 0xEF, 0x24, 0xE2, 0xE5, 0x03, 0x07,
    0x1E, 0x89, 0x44, 0x57, 0x0C, 0x71, 0x16, 0xC0, 0xCF, 0xEC, 0xB2, 0x89, 0x0F, 0x97, 0x8F, 0xB2,
    0x19, 0x5E, 0x89, 0xB8, 0x77, 0x28, 0x70, 0xF5, 0xB0, 0xAC, 0x96, 0x4F, 0x8F, 0xB5, 0xD1, 0xAC,
    0xE6, 0xFD, 0x48, 0x26, 0x5A, 0x17, 0xD8, 0x0F, 0x56, 0xFC, 0x00, 0xED, 0xDB, 0x8F, 0x96, 0xFD,
    0xC8, 0xD3, 0xCE, 0x77, 0x53, 0xFA, 0x8E, 0x97, 0xDB, 0xDE, 0x8F, 0xC9, 0x7B, 0x9D, 0x02, 0x8C,
    0x31, 0x2B, 0xC6, 0xF5, 0x61, 0xD6, 0x9D, 0x92, 0x88, 0x95, 0x8C, 0x15, 0x57, 0x62, 0x78, 0x21,
    0x54, 0x28, 0x02, 0xCE, 0x77, 0xB7, 0x2E, 0xF0, 0x4C, 0x04, 0x48, 0x34, 0x68, 0x3A, 0x7B, 0x8F,
    0xD3, 0x33, 0x52, 0x8F, 0xE1, 0xE7, 0xB6, 0x07, 0x9C, 0xB4, 0x5A, 0xFA, 0x78, 0x18, 0x44, 0xA9,
    0x4F, 0xE6, 0x0F, 0xBD, 0xC1, 0xB4, 0xFA, 0x4A, 0x79, 0x52, 0x53, 0x84, 0x92, 0xA6, 0xB5, 0x67,
    0xC4, 0xB2, 0x95, 0x7F, 0xA8, 0xE8, 0x24, 0x46, 0xF1, 0x0C, 0x23, 0x29, 0x3D, 0x12, 0xFB, 0xF5,
    0x12, 0x3E, 0x9F, 0x6B, 0xE2, 0xEF, 0xB5, 0xE9, 0xEB, 0x56, 0xEF, 0xB5, 0x99, 0x6A, 0x00, 0x50,
    0x9B, 0x19, 0xB5, 0x09, 0xC5, 0x64, 0xD3, 0x99, 0x36, 0x89, 0x7B, 0x6D, 0x3A, 0xD5, 0xBF, 0x92,
    0x36, 0x6F, 0xFC, 0x9B, 0x84, 0xE7, 0xD1, 0xBA, 0x32, 0x94, 0x44, 0xE4, 0xD0, 0x01, 0x34, 0xB3,
    0xA4, 0x38, 0x26, 0x90, 0x89, 0x3E, 0x07, 0xF5, 0x53, 0xCD, 0xC9, 0xC2, 0x58, 0xAD, 0x02, 0xB8,
    0xE1, 0xF6, 0x3C, 0x35, 0xBF, 0x53, 0xDF, 0x9E, 0x47, 0x7E, 0xFB, 0x26, 0xA1, 0x05, 0xA0, 0xDA,
    0x03, 0x37, 0x63, 0xFA, 0xC7, 0x03, 0x09, 0x6D, 0x75, 0xE7, 0xAA, 0xE5, 0x6B, 0x93, 0x2A, 0x6D,
    0xDD, 0x7D, 0x5F, 0x86, 0x49, 0xD0, 0xA8, 0x8A, 0x91, 0xD6, 0x9C, 0x15, 0x23, 0x5B, 0xCD, 0xE7,
    0xF8, 0xFB, 0x43, 0xE4, 0xA8, 0x3C, 0xF4, 0xF7, 0x5A, 0x8F, 0xC4, 0x58, 0x2F, 0xD4, 0x2F, 0x1B,
    0x9F, 0xFA, 0xFF, 0xEA, 0x3B, 0x85, 0xCC, 0x54, 0xEB, 0x96, 0x85, 0x2A, 0x06, 0xDE, 0x53, 0x69,
    0x77, 0x7D, 0x77, 0x21, 0xAA, 0x9C, 0xB5, 0x8C, 0xD8, 0x0D, 0x62, 0xF5, 0x62, 0xEE, 0xF3, 0xDC,
    0x2B, 0xAB, 0xEA, 0x59, 0x2E, 0xCA, 0x57, 0x3D, 0x6A, 0xD5, 0xEB, 0x3B, 0xDD, 0x3B, 0xFD, 0x59,
    0xEE, 0x60, 0xE7, 0x87, 0xD0, 0xAC, 0x4F, 0x07, 0xDA, 0xAB, 0x3E, 0x06, 0x76, 0x89, 0x5C, 0xB3,
    0x61, 0xE1, 0x3A, 0xC3, 0x0E, 0xDB, 0x05, 0x8D, 0xBB, 0xEA, 0xDD, 0x7F, 0x00, 0xED, 0x5B, 0x31,
    0x90, 0xED, 0x46, 0x56, 0xBD, 0x92, 0xBC, 0xA3, 0xF5, 0x57, 0x19, 0x39, 0x20, 0x30, 0xEB, 0xDD,
    0x52, 0xE2, 0x60, 0xB3, 0x4E, 0x9C, 0xB7, 0x0C, 0xA1, 0x03, 0x36, 0x80, 0x84, 0xC4, 0x9B, 0x13,
    0x0C, 0x01, 0x29, 0x2B, 0x41, 0x1E, 0x4C, 0x1E, 0x6D, 0x40, 0x48, 0xD5, 0xE6, 0xC1, 0xBA, 0x55,
    0xB5, 0x21, 0x89, 0x16, 0x02, 0x02, 0x12, 0x55, 0x31, 0xC5, 0x42, 0x11, 0x58, 0x05, 0xA2, 0x4A,
    0xDF, 0x96, 0x74, 0xD0, 0x3D, 0x57, 0x3D, 0xF2, 0x9B, 0x1D, 0xFF, 0xC1, 0xFB, 0xED, 0x9D, 0xEF,
    0xFA, 0xBF, 0x47, 0x73, 0xCE, 0x95, 0x74, 0xD5, 0x7D, 0xFB, 0x74, 0xAB, 0xD5, 0xEA, 0xF7, 0x5E,
    0x31, 0xF8, 0x25, 0x6C, 0x00, 0x10, 0x36, 0xBF, 0x14, 0x83, 0xEC, 0xA9, 0x9A, 0xDC, 0xEC, 0x66,
    0xBF, 0xDC, 0xFD, 0xAD, 0xCD, 0x83, 0x7F, 0x22, 0x61, 0x92, 0x17, 0x00, 0xD0, 0x4A, 0x01, 0x4C,
    0xD2, 0x00, 0x63, 0x02, 0x60, 0xC8, 0x00, 0xF4, 0x25, 0xA6, 0xA4, 0x2D, 0xD1, 0x89, 0x38, 0x88,
    0x88, 0xDF, 0x14, 0xD6, 0x07, 0x60, 0x93, 0xC3, 0xA5, 0x42, 0x2B, 0x52, 0x62, 0x92, 0x9F, 0xE6,
    0x00, 0xC6, 0x14, 0x9A, 0x69, 0x50, 0xA8, 0x80, 0x59, 0x12, 0xE0, 0xE6, 0xB1, 0x58, 0xAE, 0x70,
    0x2B, 0xA2, 0x81, 0xD4, 0xA2, 0x97, 0x8B, 0x14, 0xC4, 0x12, 0xD8, 0xB4, 0x90, 0xF6, 0x3D, 0x2B,
    0x6F, 0xC7, 0xE5, 0xC4, 0x66, 0x7E, 0x10, 0xBD, 0x56, 0xE5, 0xAB, 0xF0, 0xA1, 0xAB, 0xC2, 0x74,
    0x1F, 0x31, 0x12, 0x01, 0x74, 0x86, 0x09, 0x4E, 0x4C, 0x89, 0xC2, 0x94, 0xB6, 0x22, 0x1F, 0x88,
    0xB6, 0xCB, 0x2F, 0xC5, 0xAD, 0xE1, 0x37, 0xA8, 0x03, 0x54, 0xC4, 0x86, 0x3E, 0x95, 0xA2, 0xA8,
    0xAA, 0xCB, 0x8E, 0x7D, 0xB3, 0x48, 0x01, 0x29, 0x57, 0x29, 0x36, 0x29, 0x75, 0x53, 0xC3, 0x6C,
    0x3B, 0x6E, 0x3E, 0xE6, 0x6F, 0xD7, 0x5A, 0x3E, 0x96, 0xA7, 0x7B, 0xAE, 0xF9, 0x6B, 0x59, 0xAB,
    0xA4, 0xB5, 0x96, 0xEB, 0xA1, 0xE2, 0x77, 0xAA, 0xBF, 0x43, 0x5D, 0xA2, 0xD3, 0x23, 0x39, 0x06,
    0x09, 0x9A, 0xD7, 0x28, 0x58, 0x24, 0xC1, 0x9C, 0xEE, 0xD6, 0x6E, 0x66, 0xAC, 0xFC, 0x56, 0x68,
    0xE8, 0x1E, 0xA5, 0xB5, 0xD9, 0x2F, 0x20, 0xD4, 0x5A, 0xB5, 0xCD, 0xB4, 0x58, 0x51, 0xFD, 0x27,
    0x11, 0x56, 0x75, 0x7A, 0x98, 0xF4, 0x42, 0x91, 0x4B, 0xFA, 0xFA, 0x17, 0x5C, 0x52, 0x98, 0x1E,
    0xFB, 0x93, 0x33, 0xFD, 0xFF, 0xFC, 0xAF, 0xF0, 0x9C, 0x5D, 0x6A, 0x62, 0x87, 0x64, 0xD7, 0x2C,
    0x01, 0x0C, 0x25, 0xDA, 0xAB, 0xBE, 0x04, 0x4B, 0xAE, 0x15, 0x06, 0x4A, 0x50, 0xAB, 0x00, 0x33,
    0xBB, 0x5F, 0xAD, 0xCE, 0x7D, 0xA5, 0x57, 0xF8, 0xD5, 0x61, 0xF6, 0x73, 0x82, 0xA5, 0x19, 0xC5,
    0x2F, 0xCD, 0x24, 0x6E, 0x69, 0x96, 0x1D, 0x3C, 0x6A, 0xBF, 0xC3, 0x5E, 0x90, 0xFA, 0x0D, 0x7A,
    0x45, 0x9B, 0x28, 0x48, 0x05, 0xF4, 0x92, 0x04, 0x55, 0x3D, 0x67, 0xE5, 0x31, 0xBD, 0xA5, 0xE0,
    0x6E, 0x12, 0x4C, 0x5E, 0x33, 0x6D, 0xF4, 0x8A, 0x00, 0xA0, 0xBB, 0x56, 0xE9, 0x93, 0x5F, 0xE0,
    0xE7, 0x52, 0xF5, 0xE9, 0x2C, 0x7E, 0x2A, 0x37, 0x09, 0x73, 0x09, 0x02, 0x77, 0x79, 0x82, 0x77,
    0xC8, 0x7F, 0x58, 0xC5, 0x35, 0x77, 0x06, 0x8C, 0xE5, 0xE8, 0xEC, 0x5A, 0x0B, 0x6C, 0xF2, 0x3E,
    0x7A, 0xC9, 0xF4, 0x64, 0x18, 0xA5, 0xE0, 0x7D, 0xB9, 0x48, 0xB9, 0x48, 0xB8, 0xCD, 0x57, 0x71,
    0x63, 0x01, 0xA4, 0x10, 0x3F, 0x38, 0x40, 0x50, 0x37, 0x5D, 0x83, 0x55, 0x42, 0x1B, 0xBA, 0x30,
    0x7D, 0x5F, 0x9A, 0x2E, 0xB4, 0xEC, 0x16, 0x1D, 0x5A, 0xB4, 0x3B, 0xF7, 0xF8, 0xE8, 0x1E, 0xDB,
    0xF9, 0x3E, 0xFA, 0xED, 0xD7, 0x8D, 0x6F, 0x4B, 0xD3, 0x69, 0x3E, 0x9B, 0x84, 0x36, 0xE6, 0xCB,
    0x72, 0xFE, 0x18, 0x2C, 0x77, 0xCE, 0xD7, 0xBB, 0x38, 0x62, 0x5C, 0x82, 0x95, 0x71, 0xC6, 0xB8,
    0xAD, 0x1E, 0x67, 0xBD, 0xAC, 0x9E, 0x36, 0x1E, 0x54, 0xD0, 0x3E, 0x8D, 0xAE, 0x04, 0x86, 0xEF,
    0x49, 0x33, 0x8A, 0xB8, 0x51, 0xBE, 0xF7, 0xC9, 0x98, 0x03, 0xA3, 0x53, 0x15, 0xB7, 0x30, 0xA2,
    0xAB, 0xEC, 0xBF, 0xAF, 0xC6, 0x60, 0xCA, 0x8E, 0x15, 0xC7, 0xA0, 0xED, 0x27, 0x62, 0x29, 0xEB,
    0x25, 0x6F, 0x25, 0x5F, 0xA5, 0x9C, 0x45, 0x35, 0xDD, 0x74, 0x0B, 0xCB, 0xBE, 0x25, 0x98, 0xF6,
    0x2D, 0xC3, 0xB8, 0x6F, 0x05, 0xFA, 0x7D, 0xAB, 0xD0, 0x56, 0xE8, 0x3C, 0xC4, 0xA3, 0x0E, 0x9B,
    0x98, 0x6D, 0xC7, 0xCD, 0xC7, 0xFC, 0xED, 0xDA, 0x23, 0x1F, 0xCB, 0xD3, 0xF2, 0xB7, 0xB2, 0x98,
    0xF0, 0x55, 0x89, 0xFD, 0xEE, 0xEB, 0x00, 0x2F, 0x7A, 0xE0, 0xFF, 0x25, 0x3A, 0xC5, 0x15, 0x7A,
    0x76, 0x0A, 0x8F, 0x95, 0x9D, 0xC2, 0x1F, 0x9D, 0x62, 0xE7, 0x56, 0x3B, 0x85, 0x36, 0xB4, 0x76,
    0x0A, 0xDF, 0x37, 0xAD, 0xEF, 0xB0, 0x33, 0xFF, 0x6B, 0xF5, 0x33, 0x5E, 0x85, 0xC7, 0xB0, 0xB0,
    0x53, 0xF8, 0x7F, 0x5E, 0xD9, 0x29, 0xFC, 0xAF, 0xC1, 0x4E, 0xA1, 0x3E, 0xDA, 0x29, 0xF6, 0xEB,
    0x3B, 0xED, 0x14, 0xBE, 0xF7, 0xFF, 0xC4, 0x4E, 0x21, 0xF2, 0x12, 0x9D, 0x02, 0xC0, 0xF0, 0xE5,
    0x7F, 0xB9, 0xBE, 0x95, 0x14, 0x90, 0xD2, 0x86, 0xDA, 0xC1, 0x4F, 0xCD, 0xE8, 0x87, 0x6A, 0xF2,
    0x7D, 0x39, 0x29, 0xEB, 0xBE, 0x1E, 0xD7, 0xF3, 0xEA, 0xA7, 0xFE, 0x92, 0xA1, 0x7B, 0x04, 0xF0,
    0x55, 0xE9, 0xF1, 0x6B, 0x1F, 0x6B, 0xFA, 0x70, 0x2B, 0x05, 0x36, 0x51, 0x99, 0x9D, 0xF6, 0x6C,
    0xDE, 0x4D, 0x61, 0xFF, 0xDF, 0x39, 0x43, 0x2D, 0xE5, 0x66, 0xCF, 0x24, 0x0C, 0xDC, 0x2D, 0x56,
    0x36, 0xFF, 0xA0, 0x95, 0x70, 0xC7, 0x7F, 0x12, 0x06, 0x71, 0x58, 0xC5, 0x59, 0xC5, 0xEB, 0x67,
    0xBC, 0x43, 0xD1, 0x4A, 0x02, 0x0A, 0x29, 0x50, 0x8E, 0xF9, 0xFA, 0xFE, 0x8F, 0x24, 0xF4, 0x0E,
    0x60, 0xD3, 0x7A, 0x6C, 0xF6, 0xA4, 0x7D, 0x4F, 0xE4, 0x6F, 0x24, 0x41, 0x9D, 0x6B, 0xD7, 0xEE,
    0x9B, 0x4D, 0x9A, 0x49, 0xAA, 0x4E, 0x9E, 0xF1, 0xC9, 0x5A, 0xE1, 0x9B, 0xC6, 0x95, 0xB8, 0x11,
    0x61, 0xD8, 0x11, 0x81, 0x07, 0x71, 0x0D, 0xDB, 0x8D, 0x3D, 0xE3, 0x1F, 0x47, 0xA6, 0xE4, 0xCF,
    0xFF, 0x4C, 0x11, 0xC0, 0xD6, 0xAA, 0x32, 0xD0, 0x3B, 0x95, 0x94, 0x1B, 0x95, 0x00, 0x02, 0x54,
    0x08, 0x24, 0xE8, 0xFD, 0x05, 0x35, 0x17, 0xE4, 0x1F, 0xA2, 0xCA, 0xA8, 0x34, 0xCA, 0x8C, 0x24,
    0x18, 0x5D, 0x19, 0x49, 0xF9, 0xB4, 0xB4, 0xED, 0x54, 0x8C, 0x2A, 0x76, 0x03, 0x09, 0xDC, 0x1A,
    0x6A, 0x5F, 0x4C, 0x3A, 0x62, 0x4B, 0x68, 0x05, 0x92, 0xA0, 0xD3, 0x51, 0xB4, 0x9A, 0x7E, 0x10,
    0x26, 0x87, 0xD1, 0x63, 0xF0, 0xA8, 0xA5, 0x16, 0x1D, 0xBC, 0xC2, 0x5C, 0x61, 0xF6, 0xDC, 0xDC,
    0x67, 0xF3, 0x8F, 0xF6, 0x23, 0x2F, 0xDE, 0xDE, 0xDF, 0x28, 0xF9, 0x20, 0x39, 0xA0, 0x43, 0xAB,
    0x8E, 0x09, 0x4B, 0x01, 0xF1, 0x63, 0x86, 0xBA, 0x19, 0x12, 0xB4, 0xA1, 0x97, 0x1D, 0x3A, 0x41,
    0x47, 0xAB, 0xE9, 0xF7, 0x63, 0x3C, 0x4B, 0xBF, 0x0A, 0x58, 0xED, 0x5A, 0xE6, 0xC2, 0xFC, 0x2C,
    0xA5, 0x7B, 0x9E, 0x8C, 0xB3, 0x19, 0xA4, 0x59, 0xE4, 0x6E, 0xA8, 0xAD, 0x50, 0xEF, 0x46, 0x89,
    0x6E, 0x37, 0x32, 0x8C, 0xBB, 0x91, 0x62, 0xCA, 0x39, 0xD1, 0x49, 0x31, 0x4B, 0xD8, 0x12, 0x2C,
    0x66, 0xDB, 0x71, 0xF3, 0x31, 0x7F, 0xBB, 0xD6, 0xF2, 0xB1, 0x3C, 0x2D, 0x7F, 0x2B, 0xEB, 0x48,
    0xC5, 0x72, 0x18, 0xEA, 0x65, 0xE3, 0xD4, 0xFB, 0xD8, 0xAD, 0x92, 0x93, 0x60, 0xB5, 0x9C, 0x7A,
    0x38, 0xB5, 0xFC, 0x2C, 0x22, 0xD5, 0x67, 0x8B, 0x0D, 0x61, 0xF2, 0x4E, 0xB9, 0x5B, 0xE0, 0x04,
    0x7D, 0xB7, 0x52, 0x74, 0x87, 0x95, 0xA1, 0x35, 0xCB, 0xB2, 0xA3, 0xC5, 0xEC, 0x68, 0x31, 0x3B,
    0x5A, 0xCC, 0x8E, 0x56, 0xD0, 0xF6, 0xA1, 0x85, 0x5E, 0x3C, 0x2D, 0x0E, 0x4B, 0xB4, 0x72, 0xAD,
    0xF9, 0x44, 0x4F, 0x48, 0x61, 0x56, 0xB5, 0x4A, 0xF5, 0x05, 0x2D, 0xBF, 0x88, 0xFF, 0x47, 0x5A,
    0xCD, 0x24, 0xE1, 0x63, 0x5A, 0x18, 0x93, 0xAD, 0x50, 0x4B, 0x7B, 0xEE, 0x42, 0x2B, 0x43, 0x97,
    0xDB, 0x03, 0x24, 0x47, 0x5D, 0xD0, 0xB2, 0xEC, 0x00, 0xCB, 0x4E, 0x84, 0x7E, 0x7E, 0xA1, 0xC5,
    0xEC, 0xA2, 0x85, 0xD1, 0xAC, 0x53, 0xAB, 0x60, 0xB2, 0x50, 0x29, 0xC6, 0x4B, 0xA1, 0x30, 0x52,
    0x27, 0x2D, 0x95, 0x32, 0x69, 0xA1, 0x54, 0x49, 0xCB, 0x3C, 0x64, 0x80, 0xD0, 0x60, 0x89, 0x34,
    0xFC, 0x62, 0x06, 0xCB, 0xA3, 0x81, 0xD1, 0x0C, 0x66, 0x73, 0x48, 0xF1, 0xFE, 0x66, 0x4A, 0x7C,
    0x04, 0xF4, 0xBB, 0x51, 0x22, 0x07, 0xC6, 0xDD, 0xA8, 0x56, 0x9D, 0xC1, 0x31, 0xEE, 0x64, 0xAA,
    0x66, 0x0B, 0xBB, 0x2E, 0xD5, 0x60, 0x34, 0x93, 0x48, 0xAA, 0xD9, 0x34, 0xA3, 0xB0, 0x59, 0x98,
    0x67, 0x01, 0xFD, 0xAF, 0xB5, 0x8D, 0x59, 0x0D, 0x02, 0x5D, 0xD8, 0x24, 0xE8, 0x84, 0x0D, 0x9C,
    0x02, 0xCB, 0x31, 0x2E, 0x83, 0xCD, 0x4B, 0x43, 0xB3, 0xA1, 0x91, 0x84, 0x5B, 0xB1, 0x54, 0x61,
    0x13, 0x9E, 0xE7, 0xFC, 0x85, 0x0E, 0x52, 0xF2, 0x55, 0x8B, 0x7A, 0xD7, 0xE8, 0x62, 0xF3, 0x87,
    0xCE, 0xCA, 0xD3, 0x81, 0x98, 0xBA, 0x89, 0x84, 0x4D, 0x0B, 0xA3, 0x05, 0x86, 0x47, 0xAB, 0x53,
    0xE9, 0x68, 0xF6, 0xA6, 0x9D, 0x88, 0x1F, 0x4C, 0xBC, 0xB7, 0xA5, 0x19, 0xA8, 0x1E, 0x67, 0x9D,
    0x3A, 0xDC, 0x4E, 0xE2, 0x80, 0xAE, 0x99, 0x34, 0x47, 0x0F, 0x68, 0xCD, 0x31, 0xE9, 0xA8, 0xCF,
    0x81, 0x6B, 0x12, 0x6B, 0xFE, 0x82, 0x96, 0x36, 0xC5, 0xD1, 0x73, 0x4A, 0xC4, 0x9E, 0x53, 0xAD,
    0xEC, 0x39, 0x94, 0x91, 0x3D, 0x87, 0x3A, 0xB2, 0xE7, 0x50, 0x48, 0xF6, 0x1C, 0x2A, 0x59, 0xD0,
    0xB2, 0xEC, 0x68, 0x15, 0x84, 0x49, 0x28, 0x26, 0x2D, 0x53, 0x93, 0x16, 0xE5, 0xA4, 0x95, 0x6C,
    0x2C, 0x9A, 0xC2, 0xF4, 0x0A, 0x83, 0x81, 0xED, 0xE6, 0xE8, 0xCC, 0xE5, 0x4C, 0x54, 0x91, 0x10,
    0x2F, 0xAB, 0x8F, 0x57, 0xCF, 0x40, 0xB1, 0x79, 0xAF, 0x8E, 0x22, 0x15, 0x27, 0x11, 0x7A, 0xB2,
    0x51, 0x4D, 0xB0, 0x28, 0xCC, 0x66, 0x25, 0xEA, 0x7B, 0x2D, 0x0D, 0xC0, 0x69, 0x0C, 0xDA, 0x12,
    0x50, 0x65, 0xED, 0x05, 0xF3, 0x46, 0x44, 0x5F, 0xA8, 0x2C, 0xFD, 0xD2, 0x28, 0x3D, 0xB4, 0x2E,
    0xD8, 0x0E, 0x36, 0x99, 0x67, 0xC2, 0x6A, 0xEC, 0x0E, 0xCE, 0x27, 0x63, 0xB9, 0x91, 0x07, 0x93,
    0x5D, 0xC7, 0x38, 0xAD, 0x32, 0xEB, 0x91, 0x2F, 0xC8, 0x25, 0x58, 0x10, 0xDB, 0x8D, 0xB2, 0x1F,
    0xDC, 0x7C, 0x8E, 0xC1, 0x2E, 0xC7, 0x48, 0x1E, 0x31, 0x9B, 0xF0, 0xCD, 0x62, 0xB2, 0xFB, 0xD5,
    0x84, 0x74, 0x9B, 0x50, 0x94, 0x12, 0xE4, 0x7D, 0x6B, 0x19, 0x1D, 0xA5, 0xF4, 0x36, 0xD1, 0x62,
    0xCD, 0x35, 0x43, 0x25, 0x8C, 0x07, 0x4F, 0x92, 0x92, 0xD5, 0xC7, 0x38, 0x27, 0x6F, 0x72, 0xBC,
    0x27, 0x4A, 0xA9, 0xEC, 0x38, 0x7E, 0xF2, 0x4D, 0xDF, 0x59, 0x19, 0x9D, 0xDF, 0x4C, 0x9A, 0x86,
    0x31, 0x30, 0xD2, 0xA4, 0x3D, 0xF4, 0x18, 0x8C, 0xAB, 0xD9, 0xB8, 0xD9, 0x48, 0x09, 0x56, 0x3B,
    0x8D, 0xF1, 0x60, 0xF3, 0x4F, 0x16, 0xB1, 0xF4, 0x53, 0x79, 0xBD, 0xF5, 0xBB, 0x12, 0x4B, 0xAE,
    0x33, 0xC6, 0x78, 0x51, 0xDF, 0x0A, 0x26, 0x98, 0xFF, 0x5F, 0xF4, 0xDC, 0xEF, 0x1C, 0xF7, 0x9F,
    0xC9, 0xD5, 0x6B, 0xAD, 0x5B, 0xFE, 0x3C, 0x35, 0x5D, 0x60, 0x15, 0x0E, 0x60, 0xBC, 0x89, 0x15,
    0x77, 0xBE, 0x44, 0xFC, 0xE8, 0x6A, 0x93, 0xFB, 0xE9, 0x75, 0xD6, 0xED, 0x53, 0xA9, 0x7A, 0x8D,
    0x8F, 0x4F, 0x0B, 0xD1, 0x42, 0xC3, 0x1C, 0xF9, 0x3C, 0x1E, 0xFD, 0xDE, 0xE8, 0x25, 0xD7, 0x26,
    0x43, 0x82, 0xF9, 0xB2, 0x9E, 0x63, 0x30, 0xEE, 0x3D, 0xB9, 0x24, 0x9F, 0xC7, 0x73, 0x6C, 0x51,
    0x9F, 0x7B, 0xD7, 0x2F, 0xE7, 0x79, 0xD3, 0xE9, 0xBC, 0xCF, 0x2F, 0xF5, 0x62, 0xC1, 0xE1, 0xF3,
    0xA8, 0x13, 0x39, 0x39, 0xF4, 0xCA, 0xEE, 0xE9, 0x55, 0xB0, 0x0E, 0xA7, 0x5E, 0xD5, 0xA1, 0x97,
    0xBF, 0xA7, 0x57, 0x88, 0x3A, 0x19, 0x27, 0xDF, 0xB8, 0x5E, 0xAC, 0x11, 0x0E, 0x91, 0xDC, 0x69,
    0x36, 0xA7, 0x89, 0x3B, 0x33, 0x3D, 0xCD, 0xFC, 0x34, 0x4B, 0x98, 0x46, 0xCC, 0x20, 0x44, 0xB3,
    0xD9, 0x9A, 0x68, 0x62, 0x89, 0x66, 0x8A, 0x31, 0x9A, 0x19, 0x86, 0x86, 0x75, 0x62, 0x60, 0x34,
    0x4D, 0x87, 0x68, 0xFA, 0xED, 0xCE, 0x0C, 0x4B, 0x34, 0x13, 0x4C, 0xD1, 0x64, 0xDD, 0x8F, 0xC6,
    0x39, 0xCD, 0xF2, 0x34, 0xDD, 0x69, 0xFA, 0xD3, 0xC4, 0x9D, 0x99, 0x28, 0x69, 0x66, 0x7C, 0x4F,
    0x89, 0x66, 0x81, 0x21, 0x9A, 0x54, 0xD1, 0x4C, 0x87, 0x3A, 0x9A, 0x0D, 0x24, 0x9A, 0x62, 0xCB,
    0x97, 0x71, 0x34, 0x2B, 0x00, 0xC0, 0x0A, 0xDB, 0x44, 0x62, 0x0B, 0x91, 0x0A, 0x6C, 0xF5, 0xD5,
    0xC4, 0xF5, 0x77, 0x79, 0x57, 0x5C, 0xEC, 0x33, 0xB5, 0x49, 0x2D, 0xCC, 0x63, 0x35, 0x3A, 0xC2,
    0x7C, 0x9C, 0xC2, 0x41, 0xB1, 0xC1, 0xE4, 0xCC, 0x33, 0x96, 0x50, 0x69, 0x79, 0x6F, 0x49, 0xA9,
    0xA5, 0x1F, 0xB1, 0xAC, 0xD6, 0x89, 0xB6, 0xA3, 0x0E, 0xAA, 0x18, 0x29, 0x09, 0x60, 0x5D, 0x12,
    0x7C, 0x5E, 0x93, 0x8E, 0x06, 0x6B, 0xC9, 0xA1, 0x27, 0xB9, 0x51, 0xF1, 0x5D, 0x4F, 0xF2, 0x38,
    0x68, 0xB0, 0xF2, 0xE9, 0xE9, 0x9E, 0x9F, 0x93, 0xAC, 0x74, 0x52, 0x2C, 0x56, 0x8B, 0xA4, 0x26,
    0xF6, 0x6C, 0x7A, 0x9E, 0x08, 0xC4, 0xB2, 0xA7, 0x6B, 0x2D, 0x17, 0x89, 0xFD, 0xFE, 0x31, 0x64,
    0xFD, 0xBF, 0x12, 0x01, 0xCC, 0x8F, 0x21, 0x3D, 0x1F, 0xCF, 0x07, 0xDD, 0x8B, 0x51, 0x24, 0xB5,
    0xCE, 0x47, 0xD1, 0x4D, 0x1D, 0xD8, 0xED, 0x3E, 0x0B, 0x67, 0xCC, 0x44, 0x76, 0xFB, 0x99, 0x9E,
    0xBD, 0x7C, 0xB7, 0xEB, 0xFB, 0x9E, 0x45, 0xAD, 0x90, 0x1E, 0xB5, 0xE3, 0x1B, 0x28, 0x47, 0x49,
    0xFC, 0x1B, 0xDA, 0xDD, 0xAE, 0x83, 0xA8, 0xE3, 0x0F, 0xBF, 0xCB, 0x35, 0x4D, 0x56, 0x71, 0xB5,
    0xE4, 0x10, 0x0C, 0x52, 0xE0, 0x6F, 0x31, 0x1A, 0x1E, 0x47, 0xEC, 0x2C, 0xD3, 0x77, 0xB9, 0x35,
    0x5B, 0xC9, 0x06, 0x29, 0x67, 0x1D, 0x71, 0x1D, 0xDA, 0x1C, 0x83, 0xD6, 0xCD, 0x75, 0x92, 0x8B,
    0xA5, 0x02, 0xDD, 0xB7, 0xB1, 0x69, 0x27, 0xFA, 0xD9, 0xC3, 0x0B, 0x9C, 0x96, 0x1C, 0xBE, 0x95,
    0x4D, 0xDE, 0x16, 0x11, 0xDF, 0x4A, 0xC2, 0x36, 0x5D, 0xC4, 0x01, 0x75, 0xF8, 0x6F, 0x74, 0xBE,
    0xF5, 0xF5, 0x3B, 0x3C, 0x79, 0xF7, 0xB0, 0xFA, 0xBD, 0xFF, 0x17, 0x83, 0xF6, 0xA9, 0x25, 0x07,
    0x57, 0xE9, 0x5A, 0x02, 0x77, 0x79, 0xE2, 0x7E, 0x72, 0x78, 0xC5, 0xE0, 0x2F, 0x81, 0xBF, 0x8F,
    0x0F, 0xD9, 0xFE, 0xE0, 0xF5, 0x60, 0xB4, 0xF7, 0xA6, 0x7D, 0x33, 0x27, 0xA5, 0xD7, 0x58, 0xC9,
    0x29, 0x40, 0x96, 0x80, 0x9A, 0xEC, 0xD1, 0x92, 0xAB, 0xB8, 0xAC, 0x86, 0x2E, 0xD8, 0x1C, 0x27,
    0x72, 0x4F, 0xCE, 0xEF, 0x71, 0x61, 0xFE, 0xC6, 0x76, 0x5D, 0xCC, 0xE7, 0x22, 0xDF, 0x60, 0xE5,
    0x65, 0xD8, 0xC8, 0x0D, 0x96, 0x38, 0x1D, 0x3D, 0x78, 0x38, 0xB8, 0x36, 0x5E, 0xC4, 0xF8, 0xE6,
    0xAC, 0xA7, 0x48, 0xB8, 0xF9, 0x90, 0xC3, 0xBC, 0xAD, 0xCE, 0x99, 0xB3, 0x8B, 0x7B, 0xBC, 0x24,
    0xED, 0xAE, 0x07, 0x79, 0x61, 0x0A, 0xA3, 0xCD, 0xE7, 0x17, 0x23, 0x1C, 0xD4, 0x19, 0x0D, 0x46,
    0x93, 0xD1, 0x6A, 0x84, 0x83, 0x3A, 0xA3, 0xC1, 0x68, 0x62, 0x2E, 0x58, 0x48, 0x7E, 0x23, 0x55,
    0xF8, 0x13, 0xA5, 0x02, 0xBF, 0x52, 0xCA, 0xF0, 0x3F, 0x4A, 0x82, 0x2F, 0x48, 0x0D, 0x48, 0xCE,
    0xA8, 0x34, 0xCA, 0x8D, 0x52, 0x23, 0x39, 0xA8, 0x31, 0xF2, 0x46, 0xA5, 0x51, 0x61, 0x94, 0x91,
    0xB8, 0x14, 0x76, 0xAE, 0x0F, 0xCC, 0x46, 0xD9, 0x66, 0x5C, 0xA2, 0x3D, 0x78, 0x20, 0xA7, 0x38,
    0x1C, 0xFC, 0xC1, 0xC5, 0x60, 0x9C, 0xD0, 0x2F, 0x26, 0x5D, 0x13, 0x7B, 0xE1, 0x87, 0x67, 0xD6,
    0xD3, 0x32, 0xF2, 0xC8, 0x69, 0x96, 0x83, 0x56, 0x65, 0xE4, 0xCC, 0x9F, 0xD3, 0x20, 0xC0, 0x66,
    0x45, 0x1E, 0xD2, 0x58, 0x4F, 0xAD, 0x39, 0x67, 0xAA, 0xD0, 0x86, 0xC5, 0xA6, 0x9F, 0x78, 0x88,
    0x8B, 0xDF, 0x3E, 0x1E, 0xFD, 0xE3, 0xF5, 0x31, 0xBF, 0x98, 0x7F, 0x2C, 0xEF, 0x28, 0x3F, 0xC6,
    0x13, 0xE3, 0x8B, 0xF1, 0x9E, 0xF1, 0x97, 0x47, 0x7D, 0x12, 0x5C, 0x7C, 0x88, 0xA6, 0x02, 0x19,
    0x49, 0xD1, 0x19, 0xBB, 0xD1, 0x98, 0x21, 0x44, 0xFD, 0xD8, 0x04, 0x07, 0x1F, 0x7A, 0xCF, 0x17,
    0xCB, 0x5C, 0x6F, 0x74, 0x7C, 0xC7, 0x48, 0x9A, 0x9A, 0x94, 0x60, 0x20, 0x17, 0xE7, 0x9B, 0x01,
    0x59, 0x1F, 0x00, 0xDC, 0x6F, 0x1B, 0xEE, 0xDB, 0x83, 0xE0, 0x8D, 0x7E, 0xC5, 0x9C, 0x1F, 0x2F,
    0x29, 0x18, 0xCE, 0xF5, 0x1A, 0x66, 0x14, 0xF7, 0x79, 0xC3, 0xFE, 0xF8, 0x6A, 0x95, 0xFB, 0xE9,
    0x8D, 0x7E, 0x9C, 0x21, 0xB6, 0xD4, 0xAB, 0xC6, 0x68, 0xB1, 0x5C, 0x30, 0x8F, 0x9F, 0x7E, 0x96,
    0xDE, 0xE8, 0x96, 0xB4, 0x92, 0x4A, 0x3E, 0x48, 0xD9, 0x55, 0xB3, 0xF8, 0xD1, 0x6F, 0x82, 0xC5,
    0xE1, 0xEF, 0x30, 0x15, 0xF8, 0x2F, 0xF4, 0x29, 0x3B, 0x5D, 0xB0, 0x0F, 0x05, 0x66, 0x61, 0x69,
    0xB4, 0x78, 0x8C, 0x67, 0xE9, 0xC7, 0x2B, 0x78, 0x2D, 0x73, 0x61, 0x7E, 0xCC, 0xF9, 0x32, 0xF5,
    0x56, 0x6C, 0x36, 0x9B, 0xCC, 0xFF, 0xBA, 0x51, 0x66, 0xC6, 0xE5, 0x2F, 0xE6, 0x03, 0x0F, 0xCA,
    0x5C, 0x1E, 0x32, 0x7B, 0x6C, 0x94, 0x39, 0x80, 0x32, 0x27, 0xF8, 0x8C, 0x32, 0x67, 0xF8, 0x84,
    0x32, 0x97, 0x9B, 0xC9, 0xE8, 0x16, 0xE3, 0x66, 0x24, 0x27, 0xE8, 0x29, 0x73, 0x86, 0x96, 0xFB,
    0x25, 0x4C, 0x66, 0xB7, 0x90, 0xD7, 0x66, 0x32, 0x99, 0x31, 0x98, 0xCC, 0xE8, 0x4C, 0x66, 0x1C,
    0x32, 0xAF, 0x51, 0x66, 0xF9, 0xB2, 0xCC, 0xE9, 0x21, 0x73, 0x4E, 0xAE, 0xEF, 0x16, 0x45, 0xDC,
    0x73, 0x93, 0xB9, 0x18, 0x9F, 0x99, 0xCC, 0x9D, 0xDC, 0x4B, 0xDF, 0x37, 0xF2, 0x46, 0xA1, 0x8B,
    0xF3, 0x60, 0x75, 0xBE, 0x1B, 0x31, 0x49, 0x05, 0x2E, 0x3E, 0x17, 0xF8, 0x50, 0xEE, 0x27, 0xBF,
    0xB2, 0xAB, 0x3C, 0x15, 0x6D, 0x4A, 0x6D, 0x24, 0x90, 0x1C, 0x6A, 0x5B, 0x15, 0xEB, 0xA4, 0x51,
    0xF5, 0xA6, 0x14, 0x60, 0x5B, 0x53, 0x47, 0x6A, 0x94, 0x28, 0x1D, 0x8B, 0x41, 0x1D, 0x3B, 0x02,
    0xC7, 0xB5, 0x6B, 0xDC, 0x7C, 0x59, 0x1F, 0xF7, 0x80, 0x3E, 0x05, 0x06, 0x9E, 0x42, 0x4D, 0x32,
    0x5D, 0xCA, 0x81, 0x94, 0xD5, 0xAF, 0x87, 0x3C, 0xC4, 0x38, 0x07, 0xA9, 0x40, 0x6A, 0xD0, 0x51,
    0x24, 0x4C, 0x14, 0xE9, 0x13, 0x4E, 0x8A, 0xE7, 0x6C, 0x32, 0xFF, 0x9B, 0xD7, 0x40, 0x17, 0x7B,
    0x77, 0xE3, 0x6B, 0x5D, 0xAD, 0x15, 0x2C, 0xD0, 0x46, 0x8A, 0x07, 0xE9, 0xC2, 0xF4, 0x7A, 0x74,
    0x94, 0xB4, 0x26, 0x15, 0x3D, 0xC9, 0x4D, 0xA4, 0xB0, 0x9E, 0x2B, 0xF0, 0xBC, 0x9D, 0x48, 0x35,
    0x0F, 0x2E, 0xC2, 0xF4, 0xF3, 0x07, 0xD6, 0x5A, 0x76, 0xC0, 0xEA, 0xD1, 0xEA, 0x08, 0xA5, 0x21,
    0xF1, 0x0B, 0x25, 0x83, 0xE4, 0x18, 0x72, 0x8E, 0xCF, 0x5D, 0x86, 0x59, 0x1C, 0x5A, 0x1D, 0xC0,
    0x3C, 0xF4, 0x0A, 0x96, 0xE4, 0xF1, 0x11, 0xC7, 0x44, 0xFC, 0xCA, 0xDE, 0x12, 0x7F, 0xA3, 0x05,
    0xE6, 0x16, 0x6E, 0x76, 0x4C, 0x6B, 0x00, 0x58, 0x19, 0x8C, 0xCC, 0x63, 0x56, 0xAA, 0xE2, 0xFD,
    0xCE, 0xE0, 0x73, 0x74, 0xDF, 0x14, 0xBD, 0x60, 0x11, 0xE7, 0x3F, 0x89, 0x18, 0x88, 0x2B, 0x11,
    0x35, 0xB1, 0x23, 0x0E, 0xBB, 0xE7, 0x35, 0xC6, 0x1D, 0x33, 0x4C, 0x3B, 0x26, 0x44, 0xC1, 0x1C,
    0x91, 0x47, 0x78, 0xD6, 0x3C, 0xED, 0x2A, 0x62, 0x77, 0xE6, 0xB6, 0x88, 0x62, 0xAF, 0x78, 0xFB,
    0x82, 0x78, 0xCE, 0x57, 0x90, 0xF3, 0x13, 0x10, 0x00, 0x93, 0x09, 0xB7, 0xB0, 0xB9, 0xC1, 0x1E,
    0xD3, 0x37, 0x50, 0x8F, 0xDD, 0x62, 0x47, 0x2E, 0x94, 0x96, 0x48, 0xA5, 0x51, 0xB5, 0x91, 0xFC,
    0x42, 0xC2, 0xA8, 0x94, 0xA2, 0x57, 0xCA, 0xD0, 0x2A, 0x69, 0x27, 0x38, 0xA9, 0x8C, 0x07, 0x07,
    0xA5, 0x1C, 0xAB, 0x79, 0xA2, 0xE5, 0xE5, 0x18, 0x95, 0x1C, 0x98, 0x61, 0x8A, 0x55, 0x49, 0x1A,
    0x90, 0x2A, 0xA3, 0x12, 0xE7, 0xDE, 0x1F, 0xD4, 0x3C, 0x57, 0x02, 0x1B, 0x89, 0xD7, 0x55, 0xC0,
    0xB4, 0x93, 0x53, 0x29, 0xEE, 0xD6, 0xF8, 0x6F, 0xE2, 0x8A, 0x76, 0xB1, 0xC6, 0x61, 0xBE, 0x42,
    0x1F, 0x57, 0xB3, 0x83, 0x42, 0xD5, 0x9F, 0x5D, 0x5B, 0x17, 0x09, 0x6E, 0xD9, 0x9F, 0x6A, 0x15,
    0xA5, 0x57, 0x18, 0x15, 0xE6, 0xF4, 0xC6, 0x1E, 0xA5, 0x5E, 0xC1, 0xAD, 0x06, 0xEF, 0x03, 0x6B,
    0xA2, 0xAA, 0x51, 0x3A, 0xA7, 0xE0, 0x51, 0xBB, 0xAD, 0x59, 0x64, 0x87, 0x79, 0x87, 0xA0, 0x60,
    0xBB, 0x7A, 0xC2, 0x9B, 0x5F, 0xBC, 0x22, 0x05, 0xA0, 0xB9, 0x6C, 0x3F, 0xB1, 0x08, 0xEC, 0xD6,
    0x72, 0x0C, 0x6D, 0x39, 0x6E, 0x2A, 0x2A, 0x46, 0x11, 0xD3, 0xD9, 0x6A, 0xF4, 0xD4, 0x91, 0xFE,
    0x58, 0x4B, 0xDF, 0xEC, 0x73, 0x31, 0x95, 0x73, 0xB2, 0x7B, 0x2D, 0xC1, 0xBF, 0x60, 0xB7, 0xF4,
    0xCC, 0x07, 0xF4, 0x79, 0xCA, 0x20, 0xAB, 0xDB, 0x67, 0x36, 0xFD, 0x4E, 0x63, 0x91, 0x9D, 0x5A,
    0xB5, 0xFC, 0x75, 0xB1, 0x48, 0x4C, 0x4F, 0xAC, 0x24, 0x5F, 0x1F, 0x72, 0xD4, 0x18, 0xB8, 0x3C,
    0x4D, 0xE0, 0x2E, 0x4F, 0x3C, 0x7D, 0x7C, 0x22, 0xA1, 0xB5, 0x3B, 0xC5, 0x5E, 0xBC, 0xCB, 0x5F,
    0xAF, 0x22, 0x55, 0xF7, 0x29, 0x81, 0xBB, 0x3C, 0x61, 0x2E, 0x74, 0x7E, 0xD2, 0x70, 0xF9, 0x98,
    0xBA, 0x7E, 0x2E, 0x5A, 0xF6, 0x9A, 0xC7, 0x17, 0xAC, 0x6B, 0x60, 0xA6, 0x41, 0xBF, 0xC3, 0x80,
    0x68, 0x2C, 0x18, 0x2A, 0x68, 0xCC, 0x1E, 0xAD, 0x0D, 0xE8, 0x8E, 0x2B, 0x74, 0x66, 0xA4, 0x18,
    0x34, 0xB6, 0x4D, 0x12, 0x0C, 0x09, 0x2C, 0x0D, 0x85, 0x31, 0x46, 0x17, 0x0D, 0x8F, 0xBA, 0xE2,
    0xA9, 0xC6, 0x86, 0x44, 0x7E, 0xC9, 0xB8, 0x84, 0x1A, 0x41, 0x8D, 0x5A, 0x8F, 0xE8, 0xD8, 0xD9,
    0xA9, 0xA1, 0xCE, 0xCF, 0xE5, 0x07, 0xE2, 0x63, 0x18, 0x2E, 0x1A, 0x31, 0xE7, 0x5A, 0xEB, 0xF3,
    0xB1, 0x1A, 0x7B, 0xE9, 0xB7, 0x72, 0xCD, 0x15, 0xCB, 0xEB, 0xAD, 0x96, 0x82, 0x63, 0xA4, 0x82,
    0x96, 0x46, 0x65, 0x8B, 0xBB, 0x9F, 0x13, 0x55, 0xA8, 0xBF, 0xC6, 0x6F, 0x8A, 0x14, 0x78, 0x59,
    0xAE, 0x3F, 0x2C, 0xE2, 0x0D, 0x72, 0xFC, 0xA6, 0x48, 0x21, 0x09, 0x98, 0x55, 0x93, 0x1B, 0x91,
    0x66, 0x88, 0xDF, 0x4F, 0x2C, 0xF9, 0x6A, 0xB9, 0xC3, 0x5B, 0x6A, 0x95, 0x20, 0xCC, 0xF1, 0x17,
    0x1E, 0x9B, 0xD6, 0xF2, 0x83, 0xF3, 0x0B, 0x5E, 0x09, 0xAB, 0x9D, 0xA3, 0x27, 0x4E, 0xE7, 0x2C,
    0xA1, 0x22, 0x66, 0xD3, 0xFD, 0x59, 0x41, 0x78, 0xAE, 0xD9, 0xC7, 0x77, 0xCC, 0x49, 0xE4, 0x6C,
    0x2C, 0x1D, 0xFF, 0x1C, 0xEA, 0x92, 0x6D, 0x54, 0x41, 0xC7, 0x1C, 0xB7, 0x49, 0x8A, 0xDE, 0xAF,
    0xDA, 0x34, 0x54, 0xF2, 0x21, 0x64, 0x49, 0x6E, 0x23, 0x42, 0xAC, 0xC6, 0x2C, 0x64, 0x96, 0xBF,
    0x38, 0x72, 0x4E, 0x88, 0xD2, 0x10, 0x0B, 0x62, 0x9C, 0xEA, 0xB4, 0x0A, 0xE9, 0x28, 0xAC, 0xF5,
    0x99, 0x47, 0xD8, 0xF4, 0x30, 0x26, 0x62, 0x17, 0x87, 0x41, 0xD6, 0xFD, 0x95, 0xAD, 0xCB, 0xD5,
    0xF9, 0xC5, 0x27, 0x3E, 0xEF, 0xF8, 0xEE, 0x19, 0xBF, 0x0A, 0xE1, 0x67, 0x0C, 0xBB, 0xDD, 0xBB,
    0x4E, 0x1D, 0xF3, 0x57, 0xB6, 0x16, 0xAE, 0x2D, 0x06, 0x11, 0x0C, 0x4E, 0xA7, 0x44, 0xA3, 0x16,
    0x44, 0xB4, 0x23, 0x76, 0x96, 0xE9, 0x55, 0x8D, 0xFF, 0x46, 0x27, 0x21, 0xC5, 0x6A, 0xF3, 0xEF,
    0x3E, 0xC3, 0xA8, 0x4D, 0x51, 0xF5, 0x71, 0xDA, 0xA1, 0x31, 0xBC, 0xE4, 0xA6, 0x2F, 0xB9, 0x5E,
    0x44, 0xED, 0xD1, 0x2A, 0xA8, 0x73, 0xB5, 0xE1, 0x7C, 0x89, 0x2D, 0xF1, 0xB2, 0x9B, 0x5C, 0x1D,
    0x1D, 0x09, 0x13, 0x3B, 0x91, 0x76, 0x21, 0xFD, 0xC6, 0x9C, 0x7E, 0x5B, 0xEE, 0x8A, 0x27, 0x8F,
    0x84, 0xF1, 0xDB, 0xF8, 0x8F, 0x1F, 0xB3, 0x65, 0xA8, 0xF9, 0x1A, 0x46, 0xE0, 0xEE, 0x83, 0xEF,
    0x61, 0x25, 0x7E, 0x9F, 0x70, 0xB4, 0x64, 0x39, 0x1E, 0x2F, 0x7F, 0xEF, 0x6A, 0x2F, 0xF8, 0x78,
    0xE4, 0x7D, 0x36, 0xDB, 0x0F, 0x00, 0x69, 0xDF, 0x88, 0xD8, 0x4B, 0x55, 0x03, 0xA8, 0xE7, 0x9F,
    0xA2, 0x16, 0x79, 0xD7, 0x1E, 0x3F, 0x19, 0x31, 0xE5, 0x4F, 0xDC, 0xFE, 0x9D, 0x6B, 0x47, 0x1C,
    0xEE, 0x15, 0x33, 0xC5, 0xA9, 0x20, 0x96, 0x18, 0x0A, 0x4C, 0x0E, 0xB5, 0x70, 0x9D, 0x4C, 0x71,
    0xBD, 0xC3, 0xD1, 0x2F, 0xC4, 0x78, 0x9F, 0xA4, 0x18, 0xDC, 0xA6, 0x4F, 0xB5, 0x0A, 0x75, 0x81,
    0xAE, 0x44, 0xEF, 0xD0, 0x32, 0x1F, 0x76, 0xD9, 0x55, 0x38, 0xF2, 0x33, 0xB4, 0x4E, 0x24, 0xE1,
    0x6D, 0x53, 0xDD, 0xE6, 0x71, 0xED, 0x32, 0x61, 0x08, 0x19, 0xD4, 0xB6, 0x05, 0x3C, 0xF9, 0xF0,
    0xE1, 0x35, 0xE3, 0xE4, 0x1A, 0xB7, 0xBC, 0xD7, 0x50, 0x13, 0x07, 0xE2, 0x44, 0x5C, 0x54, 0x11,
    0x9B, 0xD4, 0xFB, 0x4D, 0xD1, 0x41, 0xB1, 0xFA, 0x76, 0x30, 0xAE, 0xF7, 0x78, 0xE2, 0xA1, 0xEC,
    0x78, 0xBE, 0xA3, 0x36, 0x90, 0xB3, 0xD5, 0x78, 0x44, 0xFE, 0x8A, 0xC8, 0xD4, 0x5C, 0x0C, 0x1C,
    0x33, 0x07, 0x0E, 0x15, 0xF0, 0xF8, 0x96, 0x51, 0xA5, 0x1A, 0xB6, 0x99, 0x1A, 0x92, 0x62, 0x74,
    0x1B, 0xD5, 0xBE, 0xDF, 0x0A, 0xF3, 0x89, 0xB1, 0x8D, 0x1C, 0xB4, 0x45, 0xEC, 0xAA, 0x12, 0x5D,
    0x8E, 0xC1, 0x72, 0x63, 0xCE, 0xAD, 0x28, 0xC6, 0x12, 0x59, 0xBA, 0x0D, 0x61, 0xF1, 0xA3, 0xB9,
    0x64, 0x56, 0xCC, 0xB7, 0xF3, 0x4B, 0x39, 0x8D, 0xA2, 0xCD, 0xA7, 0x12, 0xBA, 0x4B, 0x43, 0xF7,
    0xF7, 0xE4, 0x95, 0xAD, 0x4B, 0xBC, 0x47, 0x06, 0x9B, 0x26, 0xB1, 0x45, 0x60, 0x11, 0x76, 0x22,
    0x6E, 0x09, 0xA3, 0x9E, 0xAC, 0xF4, 0xED, 0xAC, 0xA6, 0xEB, 0x2B, 0x59, 0x8B, 0x74, 0x4B, 0xFA,
    0x78, 0x5B, 0x7B, 0xDE, 0xD6, 0xA0, 0x6D, 0x9F, 0xB5, 0x3C, 0x4B, 0xC2, 0x19, 0xB9, 0xBC, 0xBA,
    0x6D, 0xE1, 0xDA, 0x7C, 0xDA, 0xCD, 0xB1, 0xD2, 0xF8, 0x59, 0x1C, 0x91, 0x47, 0xEC, 0xEC, 0xAB,
    0x1D, 0xBF, 0x7C, 0x1A, 0x07, 0x4C, 0x4E, 0x33, 0x0B, 0x0C, 0xB4, 0x78, 0x8C, 0x67, 0x99, 0x1E,
    0xFF, 0xBD, 0x28, 0xD3, 0xD7, 0xCC, 0x2F, 0xA7, 0x1C, 0x65, 0xAF, 0x01, 0xD9, 0xA4, 0x1C, 0x9D,
    0x50, 0x88, 0x3B, 0x39, 0x1C, 0xE5, 0x70, 0x94, 0xA3, 0xC1, 0xE8, 0x56, 0x81, 0x0E, 0xCA, 0x29,
    0x30, 0xF9, 0xA5, 0x58, 0xC2, 0xEC, 0x97, 0x6A, 0x6A, 0x76, 0xF4, 0x83, 0x62, 0xE8, 0xC2, 0x2E,
    0x07, 0x24, 0x4C, 0x0E, 0xAB, 0xA8, 0x1C, 0x73, 0xA2, 0x72, 0x8C, 0x19, 0xC7, 0xFA, 0x3B, 0x39,
    0x88, 0x2C, 0x76, 0x96, 0xEA, 0x0B, 0x95, 0xA3, 0xE8, 0x55, 0x8E, 0x8B, 0x8F, 0xDF, 0xB9, 0x93,
    0x0F, 0xF1, 0x57, 0x02, 0xCD, 0x66, 0xAF, 0x38, 0x47, 0xA5, 0x12, 0x05, 0xF1, 0xEA, 0xF3, 0xEC,
    0xA2, 0x7D, 0x75, 0xEC, 0x7C, 0x19, 0xF0, 0x27, 0xAC, 0x0A, 0xD8, 0xC1, 0xA9, 0x06, 0x25, 0x00,
    0x14, 0x0A, 0x16, 0x7E, 0x00, 0x7F, 0x2B, 0xF9, 0xF9, 0xE5, 0x9A, 0xC7, 0xF8, 0xC8, 0x9A, 0xC7,
    0x13, 0x47, 0xFA, 0x43, 0x96, 0x1C, 0xBF, 0x38, 0x57, 0xDA, 0xCD, 0xBF, 0x1D, 0xDF, 0x9A, 0x6B,
    0xEA, 0xC0, 0xEF, 0xCC, 0x3D, 0x6D, 0x90, 0x5C, 0x35, 0xC8, 0x6C, 0x39, 0xA1, 0xC5, 0x48, 0xC8,
    0x2E, 0x96, 0x13, 0x9E, 0x58, 0xC4, 0xF8, 0x70, 0xFA, 0x99, 0x42, 0x02, 0x76, 0x53, 0xB0, 0x9F,
    0xA2, 0xB7, 0xE7, 0xB2, 0xE2, 0xAC, 0x58, 0xD9, 0xC7, 0x8A, 0xBF, 0x1D, 0xB4, 0x60, 0x3A, 0x66,
    0xFF, 0x1B, 0xC7, 0x19, 0xBE, 0xB1, 0x97, 0x7A, 0xE7, 0x75, 0x36, 0xA1, 0x2F, 0x74, 0x6B, 0xB9,
    0x2B, 0x1C, 0x8E, 0xD4, 0xD9, 0xDD, 0x4D, 0x8D, 0xF4, 0xCE, 0xD3, 0x8C, 0x9A, 0x49, 0xA7, 0x69,
    0xE0, 0x04, 0x4D, 0x63, 0x28, 0x6D, 0xC1, 0x9B, 0x98, 0x81, 0x3D, 0x0F, 0x8C, 0x07, 0x9B, 0xB0,
    0x67, 0x9E, 0xB1, 0x61, 0x62, 0xF8, 0xA3, 0xC8, 0x1F, 0x16, 0xC7, 0x70, 0xD8, 0x12, 0x59, 0x87,
    0x55, 0xBD, 0xE9, 0xE2, 0xB6, 0x5A, 0x1D, 0xFF, 0xC1, 0x7E, 0xEF, 0xF5, 0x3B, 0xE1, 0xF6, 0xD0,
    0x9C, 0x6A, 0x26, 0xAE, 0x3A, 0xA7, 0x0A, 0x50, 0xCF, 0x63, 0xAE, 0x8F, 0x6E, 0xC7, 0x5C, 0x51,
    0x35, 0x79, 0x14, 0xCD, 0xB3, 0x20, 0xF2, 0xB3, 0x82, 0xBA, 0x01, 0x73, 0xDE, 0x88, 0x0B, 0x31,
    0x8E, 0x6E, 0x7E, 0xBD, 0x7E, 0xFE, 0x35, 0x22, 0xE7, 0x13, 0x84, 0x2F, 0x6C, 0xF6, 0x7C, 0xF1,
    0xAB, 0xA1, 0x1D, 0xE1, 0xD9, 0x91, 0x6E, 0xDF, 0xFD, 0xF6, 0xFD, 0x3F, 0xED, 0x9C, 0x31, 0x90,
    0xED, 0xB6, 0x75, 0xFE, 0x0F, 0x49, 0xE9, 0xF1, 0x6F, 0xF3, 0xEF, 0x41, 0x0A, 0x4F, 0x46, 0x63,
    0x29, 0x66, 0x0A, 0x15, 0x9E, 0x49, 0xC1, 0x26, 0x4D, 0x2A, 0x50, 0x4E, 0x3F, 0xA3, 0x3A, 0x8D,
    0xD5, 0xBB, 0xD8, 0xC6, 0x45, 0x9A, 0x84, 0x4C, 0xDF, 0x6C, 0x5F, 0xB9, 0x48, 0xE9, 0x74, 0x29,
    0x35, 0x22, 0x35, 0x2E, 0xD3, 0x50, 0x95, 0x5A, 0x4E, 0xB2, 0x19, 0xBB, 0xE4, 0x8C, 0xE8, 0x19,
    0xCA, 0x22, 0xF9, 0xE5, 0x9E, 0xEF, 0xE0, 0x62, 0xEF, 0xBB, 0xBA, 0xDA, 0xF7, 0xA4, 0xF7, 0xF6,
    0xED, 0x6A, 0x65, 0xBC, 0xE5, 0xF7, 0xC3, 0xBB, 0x04, 0x01, 0x10, 0x87, 0x20, 0x09, 0x00, 0x84,
    0x48, 0x07, 0x4C, 0x22, 0xDF, 0xC0, 0xBB, 0x1C, 0x66, 0x22, 0xC5, 0x4A, 0x66, 0xD8, 0xC8, 0x02,
    0x20, 0x1D, 0x50, 0x2B, 0x2B, 0xA0, 0x57, 0xFA, 0xC0, 0xE6, 0xCF, 0x18, 0xED, 0x70, 0x4C, 0xE4,
    0x84, 0x85, 0xD1, 0x0C, 0xCD, 0xCA, 0x68, 0x7A, 0xAF, 0x11, 0xE5, 0x68, 0xAB, 0x9D, 0xD1, 0xD4,
    0x0E, 0xA4, 0x38, 0xB4, 0x22, 0xD5, 0x26, 0xB9, 0x46, 0xE4, 0x57, 0xC9, 0x30, 0x88, 0x34, 0x00,
    0x34, 0x42, 0x05, 0xA6, 0xC0, 0x59, 0x52, 0x52, 0xC3, 0x18, 0x73, 0x72, 0x97, 0x82, 0xC7, 0x42,
    0x9C, 0xB2, 0x42, 0x5D, 0x6A, 0x26, 0x4B, 0xB4, 0x95, 0xA5, 0xD1, 0xFB, 0x9D, 0xA7, 0x30, 0x34,
    0x96, 0x87, 0x31, 0x01, 0xD0, 0x9F, 0x89, 0x9C, 0xB9, 0x5F, 0xE3, 0x86, 0xF1, 0xD7, 0x9A, 0xD8,
    0xA0, 0x32, 0xA9, 0x2C, 0xE9, 0x75, 0xC2, 0xB2, 0xF1, 0x2A, 0xD5, 0x66, 0xF2, 0x2E, 0xB0, 0x69,
    0x2C, 0x7B, 0xA1, 0x52, 0xA9, 0x78, 0xD4, 0xD5, 0xDE, 0xAC, 0x72, 0x90, 0xE5, 0x20, 0x9D, 0x8A,
    0xFD, 0x57, 0x77, 0x78, 0x86, 0x8B, 0x47, 0xE8, 0x89, 0x69, 0x2C, 0xFB, 0x87, 0x22, 0xBE, 0x77,
    0xB4, 0x81, 0x1F, 0xDC, 0x44, 0x4E, 0x9E, 0xAC, 0x80, 0x31, 0x98, 0xA0, 0x37, 0xD3, 0x40, 0xE8,
    0xAE, 0x6E, 0x7E, 0xC0, 0xA6, 0x14, 0x88, 0x1F, 0x04, 0xB5, 0xCA, 0x80, 0x5E, 0x93, 0x6B, 0xF5,
    0x54, 0x34, 0xF0, 0x2A, 0x92, 0x74, 0xC3, 0x23, 0x30, 0xEA, 0x2B, 0x18, 0xE3, 0xAB, 0x60, 0x8C,
    0x3F, 0x9D, 0x19, 0x63, 0xEC, 0x1E, 0xA3, 0x31, 0xE8, 0x42, 0x91, 0x67, 0x20, 0xA4, 0x58, 0x8D,
    0x2E, 0xB0, 0xC2, 0xFC, 0x1C, 0x4B, 0x2C, 0xA4, 0x0B, 0x4C, 0x71, 0xF3, 0x30, 0x76, 0x62, 0xFA,
    0xCD, 0x28, 0x92, 0xA0, 0x0D, 0xD9, 0xCF, 0xED, 0x44, 0x57, 0x95, 0x4D, 0xA4, 0x50, 0x31, 0xD3,
    0x75, 0x34, 0x43, 0x6D, 0x67, 0x38, 0x10, 0xD5, 0x4C, 0xB0, 0x30, 0x84, 0xF9, 0x8C, 0x85, 0x52,
    0x98, 0x75, 0xD3, 0x50, 0x04, 0xBF, 0x35, 0x98, 0x7B, 0x86, 0x2F, 0x15, 0x1D, 0xD3, 0xD7, 0x0C,
    0x41, 0x84, 0x39, 0x14, 0x89, 0x56, 0x51, 0x14, 0xD8, 0xEB, 0x67, 0xB3, 0x38, 0x2D, 0xB6, 0xBF,
    0x92, 0x2A, 0x5C, 0x27, 0x16, 0x71, 0x03, 0x2B, 0xF9, 0xCD, 0xB0, 0x12, 0x78, 0x31, 0xBA, 0x80,
    0x4D, 0x62, 0x2C, 0x16, 0x27, 0xD1, 0x2B, 0x4A, 0x4D, 0xEF, 0x2D, 0x71, 0x9A, 0x7A, 0xB8, 0x32,
    0x36, 0x49, 0x61, 0x19, 0xEC, 0x94, 0x1A, 0x86, 0x48, 0x01, 0x9E, 0xCB, 0xBB, 0xF8, 0x33, 0x63,
    0xF8, 0x5B, 0x15, 0x5E, 0xA6, 0x76, 0x6D, 0xB6, 0x16, 0xB7, 0x25, 0xCE, 0x82, 0xF1, 0x1A, 0xEE,
    0xFF, 0xCB, 0xD1, 0x5D, 0xED, 0xB5, 0xA6, 0x30, 0x89, 0x57, 0x01, 0x30, 0xD2, 0xFE, 0x39, 0xE6,
    0xA4, 0xE5, 0x35, 0xC8, 0x0B, 0xB0, 0x82, 0x1E, 0xB9, 0xAB, 0x6C, 0x17, 0x64, 0x17, 0x0B, 0x62,
    0xC2, 0xC3, 0x0A, 0xCC, 0xF2, 0x11, 0xAF, 0xA2, 0x84, 0xD7, 0x7B, 0xA3, 0x52, 0x00, 0x8B, 0x26,
    0x79, 0x7D, 0x9B, 0x85, 0xC6, 0xAC, 0x74, 0xB4, 0xD9, 0x12, 0x6A, 0xA2, 0x02, 0xFF, 0x8D, 0x9E,
    0x19, 0x6E, 0x84, 0xE1, 0x79, 0xC4, 0x53, 0xB7, 0x60, 0xC6, 0xC3, 0x07, 0x8D, 0x78, 0xD1, 0x9D,
    0x7B, 0x78, 0xFA, 0xF8, 0xA5, 0x9B, 0xC4, 0x0D, 0x65, 0x2F, 0x99, 0x64, 0x0F, 0x6E, 0xBC, 0x46,
    0xE8, 0xD0, 0x9F, 0x18, 0x2F, 0x33, 0xA4, 0x86, 0x04, 0x7D, 0xB4, 0x6F, 0x74, 0x4F, 0xDD, 0x78,
    0x4E, 0xED, 0xE6, 0x67, 0xDE, 0xAB, 0x2C, 0x2D, 0x13, 0xFB, 0x8D, 0x7B, 0xE5, 0xC1, 0x6B, 0xDE,
    0x7B, 0x5A, 0x91, 0x62, 0xB5, 0xC2, 0xFF, 0x58, 0x25, 0x03, 0x4E, 0x2A, 0x60, 0x8A, 0xE1, 0xD6,
    0x78, 0x7A, 0xC4, 0x0F, 0xC7, 0x86, 0x99, 0x3E, 0x61, 0xDC, 0x58, 0xF6, 0x52, 0xAD, 0xDD, 0xA4,
    0x67, 0xD6, 0x6B, 0x88, 0x50, 0x1F, 0xAD, 0x66, 0x66, 0xF5, 0x63, 0x30, 0x64, 0x5A, 0xF3, 0x59,
    0x58, 0x8C, 0xBC, 0xAE, 0xCA, 0xAD, 0x99, 0x68, 0x40, 0x9A, 0x2E, 0x01, 0xAC, 0x6C, 0x56, 0xC2,
    0x8D, 0x04, 0xC3, 0x5F, 0x74, 0x3F, 0x03, 0xFE, 0xD7, 0xAC, 0x89, 0x91, 0x88, 0xC5, 0x34, 0x18,
    0x66, 0xC3, 0xAA, 0x65, 0xFF, 0x2B, 0x40, 0x91, 0x00, 0xF5, 0x01, 0x5A, 0xE2, 0x8A, 0xD2, 0x50,
    0x60, 0x50, 0xE4, 0x18, 0x15, 0xD9, 0x11, 0xD3, 0x1D, 0x18, 0x4F, 0x0E, 0x70, 0x18, 0x4E, 0x22,
    0x6B, 0xD0, 0x32, 0x21, 0xA6, 0x77, 0x85, 0x3D, 0x66, 0x42, 0x31, 0x19, 0xFA, 0xD3, 0xEC, 0x8E,
    0x3C, 0x95, 0x9B, 0xE3, 0x59, 0x0D, 0x1D, 0xCD, 0x85, 0xA1, 0xEB, 0x5F, 0xC0, 0xF6, 0x8C, 0xF5,
    0x19, 0xB5, 0x48, 0xFF, 0x80, 0x81, 0xF6, 0x01, 0xD9, 0x19, 0x53, 0x18, 0xF3, 0x40, 0x87, 0xB1,
    0x30, 0xB6, 0x99, 0xB2, 0x82, 0x18, 0x77, 0xA3, 0xDF, 0x5E, 0x92, 0x3B, 0x19, 0x8F, 0x2F, 0x51,
    0x93, 0x0E, 0x3D, 0x59, 0x60, 0x26, 0xB3, 0x90, 0x6E, 0x12, 0x28, 0x4D, 0x60, 0x11, 0x28, 0x57,
    0xF8, 0x77, 0x7B, 0x0F, 0x37, 0x5A, 0x38, 0xE3, 0x16, 0x88, 0x36, 0x70, 0x0A, 0x5C, 0xF8, 0xF6,
    0x7C, 0x85, 0x8D, 0x4C, 0x01, 0x52, 0x3A, 0xD4, 0xA4, 0x47, 0xAB, 0x54, 0x33, 0x91, 0x0E, 0x7D,
    0xC7, 0x97, 0xD7, 0xC8, 0x81, 0xCC, 0xCF, 0x58, 0x58, 0xF8, 0x48, 0x47, 0xC6, 0x78, 0x62, 0xBC,
    0x9D, 0xA5, 0x97, 0x61, 0x27, 0x1B, 0xAC, 0xF1, 0xBD, 0xD9, 0x38, 0x06, 0xD6, 0xC6, 0x55, 0x8C,
    0xD7, 0xF1, 0x3C, 0x83, 0xFD, 0x55, 0x33, 0x9C, 0xC3, 0xEE, 0x54, 0x97, 0x71, 0xF9, 0x00, 0x1A,
    0x3F, 0xDA, 0xBE, 0x23, 0x82, 0xE5, 0x73, 0x43, 0xB0, 0x7B, 0x69, 0x66, 0x0F, 0x56, 0xF3, 0xBB,
    0x61, 0xBB, 0x03, 0xBB, 0x01, 0x44, 0x65, 0x56, 0x36, 0x23, 0x07, 0x1B, 0x07, 0x13, 0x47, 0x0B,
    0x37, 0x86, 0xC2, 0x40, 0xF3, 0x72, 0x5F, 0x7F, 0x41, 0xCF, 0x9D, 0xE5, 0x1D, 0x2F, 0x52, 0x2D,
    0xCF, 0x6F, 0x56, 0x00, 0xCB, 0xDD, 0x6A, 0x21, 0x5F, 0x22, 0x1E, 0xF4, 0x77, 0xAB, 0x9E, 0xEC,
    0x24, 0x17, 0xF4, 0x82, 0xEB, 0xBE, 0x8C, 0xF7, 0x3F, 0x7F, 0xBC, 0x52, 0x36, 0x2B, 0x3C, 0x29,
    0x30, 0x56, 0xA8, 0x1D, 0xDA, 0x1C, 0x7D, 0xA9, 0x45, 0xDD, 0x57, 0xBB, 0x3E, 0xE5, 0xFC, 0x26,
    0x09, 0x46, 0x35, 0xFC, 0x45, 0xDD, 0xD8, 0xC6, 0xD8, 0xA9, 0x50, 0x75, 0xE8, 0xC3, 0x53, 0xF2,
    0x9F, 0x42, 0xCC, 0x09, 0x95, 0x46, 0x31, 0x9B, 0xD0, 0x24, 0xD7, 0x92, 0x40, 0x7C, 0xAF, 0xDA,
    0xF4, 0x22, 0xF8, 0x54, 0x8F, 0xEB, 0x60, 0xAF, 0xE3, 0xB1, 0x81, 0x23, 0x09, 0xAE, 0xBF, 0xD7,
    0xD6, 0xE9, 0x7A, 0xA7, 0x16, 0xE9, 0xCB, 0x83, 0xFA, 0xB1, 0x19, 0x0F, 0x6A, 0x37, 0x41, 0x9E,
    0x69, 0x0E, 0x96, 0x5C, 0x73, 0xF3, 0xB8, 0x2D, 0x15, 0x9A, 0x44, 0x82, 0xC1, 0xDE, 0x5E, 0xA9,
    0x53, 0xF4, 0xF3, 0x77, 0x86, 0xF9, 0xFE, 0xD7, 0x26, 0x29, 0x5B, 0x5A, 0x64, 0x52, 0xC5, 0x4C,
    0x5D, 0xA2, 0x9F, 0xBF, 0x33, 0xCC, 0xA3, 0xB6, 0xD7, 0xF7, 0xAD, 0xCC, 0x25, 0xE5, 0x69, 0x16,
    0x8B, 0x6A, 0x35, 0xA9, 0x7A, 0x6A, 0x13, 0xDE, 0x23, 0x46, 0xF5, 0x53, 0x3D, 0x35, 0xC7, 0xF5,
    0xE3, 0x2A, 0xF3, 0xF5, 0x36, 0xCF, 0x76, 0x42, 0xE0, 0x6B, 0x11, 0x35, 0xC7, 0x1E, 0x35, 0x63,
    0xF8, 0x94, 0x2A, 0x57, 0x5F, 0x8A, 0xBC, 0xC3, 0xA6, 0x43, 0x53, 0x77, 0x6C, 0x68, 0xD8, 0xDD,
    0x6F, 0x8F, 0xFD, 0x4E, 0xA1, 0x95, 0xD1, 0x84, 0x36, 0xC6, 0x13, 0xA8, 0x5F, 0x6C, 0x9A, 0x5B,
    0x2B, 0x5D, 0xAA, 0xA5, 0x9B, 0xAC, 0xED, 0x6E, 0xCD, 0x78, 0x36, 0x0A, 0x63, 0xE3, 0x9E, 0x01,
    0x1F, 0x73, 0x2D, 0x7B, 0xF5, 0x1E, 0x1A, 0x36, 0xA7, 0xCE, 0x1B, 0x88, 0x84, 0xEA, 0xFE, 0x5C,
    0x03, 0x71, 0x15, 0x87, 0x49, 0xE4, 0xA7, 0xDF, 0xAD, 0x81, 0xE8, 0xD0, 0x3F, 0x8F, 0x2E, 0x60,
    0x23, 0x1A, 0x10, 0x1E, 0xB5, 0xA2, 0x42, 0xAF, 0x70, 0x98, 0x15, 0x9A, 0x3A, 0xDF, 0xB6, 0x68,
    0xC0, 0xC4, 0x20, 0x8D, 0xC1, 0x19, 0xF8, 0x6B, 0xAD, 0x2D, 0x0B, 0xF6, 0x7D, 0x24, 0xCC, 0x61,
    0x31, 0xA9, 0x56, 0x9B, 0x6A, 0x78, 0xDA, 0x69, 0x09, 0xB9, 0xDD, 0x2F, 0x07, 0xFF, 0xAC, 0xBB,
    0x93, 0xD6, 0x82, 0x4A, 0x7C, 0x0B, 0x2F, 0x2C, 0xF6, 0x98, 0x14, 0xD3, 0x65, 0x5E, 0xD4, 0xAE,
    0xB4, 0x6E, 0x05, 0x39, 0xA8, 0xDF, 0xA9, 0xDB, 0x9D, 0x0A, 0x61, 0xF8, 0xFA, 0xA0, 0x0E, 0x43,
    0xA9, 0x1A, 0xE3, 0x0C, 0xF1, 0x4B, 0x43, 0x7D, 0x86, 0xCF, 0x59, 0xAE, 0x79, 0x30, 0x7F, 0x6B,
    0xFD, 0xD6, 0xD9, 0x8D, 0x96, 0x70, 0x6E, 0xFD, 0xCE, 0x34, 0x86, 0xC6, 0x30, 0x51, 0x5B, 0xEB,
    0xB9, 0x17, 0x7B, 0x91, 0x21, 0x1A, 0x3D, 0x18, 0xFF, 0x06, 0x45, 0x07, 0xD4, 0xF1, 0x3A, 0xB0,
    0xFA, 0x6C, 0xAF, 0x33, 0x4F, 0xFF, 0x02, 0x28, 0xA7, 0x6C, 0x55, 0xCD, 0x35, 0x8D, 0xA5, 0x54,
    0x65, 0x75, 0xCD, 0x00, 0x35, 0x3A, 0x58, 0xBA, 0xE5, 0x97, 0x62, 0xEE, 0x7B, 0x7F, 0x01, 0xBC,
    0x42, 0x6F, 0xDF, 0x13, 0xBF, 0x11, 0xD8, 0x18, 0x84, 0x5F, 0x54, 0x9B, 0xF5, 0x5C, 0xED, 0xF7,
    0x62, 0x7C, 0x1A, 0xD7, 0xC1, 0x53, 0x36, 0x64, 0x74, 0xCD, 0x48, 0x74, 0x44, 0x02, 0xA2, 0xC4,
    0x60, 0xE8, 0x0D, 0x42, 0x2C, 0x84, 0xFC, 0x8D, 0x05, 0x54, 0xCD, 0x43, 0x59, 0x72, 0xF7, 0xAA,
    0x5A, 0x31, 0x90, 0x9F, 0xE9, 0x9F, 0x9F, 0xCE, 0x65, 0x10, 0x1E, 0x6A, 0xF9, 0x4C, 0x54, 0x1B,
    0xC1, 0x00, 0xE1, 0x16, 0x18, 0x1E, 0x82, 0x92, 0xCD, 0xF9, 0x64, 0xE1, 0x7B, 0x39, 0x73, 0x66,
    0xCE, 0xFA, 0x35, 0x01, 0xEA, 0x5E, 0x0A, 0x3C, 0xE0, 0xF5, 0x42, 0x7E, 0x6C, 0xE5, 0xD0, 0xAB,
    0x62, 0x62, 0xA9, 0x6A, 0x99, 0x94, 0xD6, 0xDA, 0xFF, 0x93, 0x35, 0xBB, 0xAA, 0x5A, 0xE4, 0x47,
    0xF2, 0x4C, 0x8E, 0x2E, 0xF9, 0x9D, 0xAA, 0x5F, 0xBF, 0x93, 0xEE, 0xDD, 0x8D, 0xD5, 0xBC, 0x96,
    0x3A, 0x52, 0x67, 0xEA, 0xAA, 0x1D, 0x4A, 0xD8, 0xC4, 0xAB, 0x47, 0xB5, 0x82, 0x6A, 0x79, 0x3F,
    0xCA, 0x76, 0x63, 0xF5, 0x75, 0x76, 0xA0, 0xDB, 0x5E, 0xC4, 0x8B, 0xC7, 0x93, 0x74, 0x2F, 0x4F,
    0x1E, 0x77, 0x8F, 0xFC, 0x6B, 0xEB, 0x15, 0x38, 0xD7, 0x06, 0xD8, 0x2F, 0xE8, 0x59, 0xC8, 0xAF,
    0xD0, 0x1E, 0x14, 0x58, 0xA8, 0x30, 0xED, 0xA9, 0x43, 0x8A, 0xB9, 0xC0, 0x98, 0xEA, 0xDF, 0xA4,
    0xE1, 0x83, 0xCE, 0xF7, 0xA1, 0xD2, 0xB5, 0xBF, 0xD1, 0xDA, 0xBD, 0xB3, 0x42, 0x8B, 0x57, 0x5F,
    0xC9, 0x6C, 0xB5, 0x57, 0x83, 0x5C, 0x74, 0x15, 0x1E, 0x97, 0xA4, 0x7B, 0xFD, 0x5B, 0x07, 0xAC,
    0x9A, 0xF7, 0xE6, 0xC0, 0x0A, 0x98, 0xF2, 0x0F, 0xBA, 0x56, 0xCE, 0x9D, 0x5F, 0xEF, 0x65, 0xF3,
    0xC0, 0x7C, 0xBA, 0x9D, 0xDF, 0xD4, 0xDE, 0xF4, 0xD6, 0x01, 0xD3, 0xE9, 0x26, 0xE7, 0x0E, 0xD3,
    0xBD, 0x6C, 0x5D, 0x5B, 0x4E, 0x5D, 0x5F, 0x4D, 0xCD, 0xD8, 0x8C, 0x1E, 0xE8, 0xF5, 0x66, 0x97,
    0x63, 0xB7, 0x67, 0x67, 0x70, 0x29, 0xA6, 0x37, 0xBE, 0xDD, 0x9D, 0xAF, 0xFB, 0x2F, 0x97, 0x02,
    0xFD, 0x7D, 0xFC, 0xA5, 0xA8, 0x8B, 0x55, 0xFB, 0x8E, 0xFC, 0x24, 0x1D, 0x86, 0xC3, 0x5F, 0x83,
    0xD1, 0x63, 0x2C, 0x70, 0x2D, 0x9F, 0x68, 0x6F, 0x40, 0xA1, 0xFE, 0xE9, 0xA0, 0x07, 0xFF, 0xE1,
    0x97, 0x13, 0xA7, 0x7B, 0x5F, 0xF1, 0x2F, 0x41, 0x9B, 0x6F, 0x52, 0xCE, 0xFA, 0x2E, 0xD3, 0x60,
    0x64, 0xD2, 0x53, 0x85, 0xE9, 0x19, 0xAE, 0xDD, 0xE0, 0xE7, 0x6E, 0xE9, 0xD6, 0x6E, 0xF1, 0xB3,
    0x1B, 0x8E, 0xD5, 0xE0, 0xBB, 0xFE, 0xF3, 0xDF, 0xE2, 0x5F, 0x98, 0x8B, 0x35, 0x3C, 0x6A, 0xE6,
    0x81, 0x05, 0xF9, 0x61, 0x78, 0x91, 0xDD, 0xA5, 0x21, 0x01, 0xE8, 0xF8, 0x66, 0x1A, 0x7A, 0xB1,
    0x32, 0x00, 0xDB, 0x81, 0x39, 0x80, 0x25, 0x54, 0xEE, 0x21, 0x0E, 0xB5, 0x17, 0xE3, 0xE1, 0x4F,
    0xEF, 0x40, 0x6B, 0xB7, 0x4B, 0xB3, 0x77, 0x90, 0x0E, 0xF4, 0xF1, 0x37, 0xEE, 0x95, 0x0B, 0x4E,
    0xF7, 0x6E, 0x6F, 0x4A, 0x56, 0x4B, 0xD0, 0x5A, 0x40, 0x09, 0x38, 0x72, 0xBB, 0xA8, 0x68, 0xE5,
    0xB4, 0x81, 0xAC, 0x5A, 0xD2, 0x8E, 0x6F, 0x91, 0x69, 0x1B, 0x07, 0xA6, 0x79, 0x8C, 0x06, 0x8B,
    0xFD, 0x5F, 0x36, 0x98, 0x6D, 0x23, 0xDB, 0x69, 0xCD, 0xA0, 0xA7, 0xAE, 0xD9, 0x1E, 0x48, 0x8F,
    0xFD, 0x81, 0x6F, 0xB3, 0x95, 0xE2, 0x86, 0xFC, 0xA0, 0x25, 0xDF, 0xBD, 0x2A, 0x84, 0x09, 0x00,
    0x18, 0xF8, 0x8E, 0x5D, 0xEB, 0xEF, 0xDB, 0x6D, 0x5F, 0xDA, 0x2F, 0x78, 0xA4, 0x55, 0xC7, 0x30,
    0x3B, 0xA1, 0xE1, 0xE8, 0xE6, 0xE7, 0xA8, 0xA5, 0x91, 0x4F, 0x34, 0xC4, 0x3B, 0x67, 0xD5, 0xF6,
    0x4D, 0x4B, 0x6E, 0x59, 0xEB, 0xED, 0xD5, 0xB5, 0x52, 0x7B, 0x54, 0x7A, 0x0E, 0x5E, 0x73, 0xFB,
    0x77, 0x7B, 0x1D, 0x9E, 0x3A, 0x50, 0xA4, 0xD8, 0x14, 0x39, 0x66, 0x45, 0x89, 0x51, 0xD1, 0xA0,
    0x55, 0x60, 0x17, 0x5E, 0xCE, 0xAB, 0xC2, 0x61, 0x52, 0x78, 0xF4, 0x0A, 0xDA, 0xB8, 0xDB, 0xB1,
    0x2A, 0x80, 0xD9, 0x30, 0x18, 0xDA, 0xF8, 0xBF, 0xB8, 0x6F, 0xC7, 0xA6, 0x58, 0x3B, 0x10, 0x15,
    0xFA, 0x18, 0x67, 0x4C, 0x21, 0xB1, 0xF4, 0xA4, 0x41, 0xAD, 0xA8, 0x30, 0x28, 0x1C, 0x26, 0x45,
    0x86, 0x55, 0xA1, 0x61, 0x2C, 0xF3, 0x84, 0xE6, 0xE6, 0xCC, 0xB9, 0xF5, 0x14, 0x9E, 0xC8, 0xB0,
    0x18, 0x66, 0xC3, 0x48, 0xEC, 0xAF, 0xFA, 0xFE, 0x1E, 0xB5, 0x44, 0xCF, 0x77, 0x8A, 0xFA, 0xA0,
    0x7C, 0x67, 0xD7, 0x94, 0xFC, 0xEA, 0x30, 0x1E, 0xD4, 0xA3, 0x15, 0xBF, 0x61, 0xD7, 0xDC, 0x62,
    0xA1, 0x8E, 0xD4, 0xDE, 0xFC, 0xF1, 0xF7, 0x0D, 0x9B, 0x30, 0xBC, 0xAA, 0x9A, 0xCF, 0xAF, 0x05,
    0xA6, 0x18, 0x9B, 0x60, 0x55, 0x6D, 0x20, 0x31, 0x2D, 0xC7, 0x74, 0x0B, 0x9C, 0xDD, 0x31, 0xBA,
    0x21, 0xB6, 0x7E, 0x13, 0xA8, 0x9F, 0xC5, 0x1D, 0x95, 0x2D, 0x5B, 0x2D, 0x09, 0xC6, 0x30, 0x5C,
    0xCA, 0x79, 0xC1, 0x9C, 0x57, 0x68, 0xED, 0x36, 0x75, 0x39, 0xE7, 0xB1, 0x7F, 0xDB, 0xEF, 0xE0,
    0x5B, 0x55, 0x03, 0x89, 0x47, 0x39, 0x0C, 0x1A, 0x1B, 0xF3, 0x9F, 0x58, 0xCE, 0xBB, 0xFD, 0x52,
    0xCE, 0x59, 0x59, 0xFE, 0x95, 0x59, 0xAD, 0x79, 0xA3, 0x0D, 0x4D, 0xF5, 0x46, 0xCD, 0xD3, 0xCC,
    0x9A, 0x57, 0xCD, 0xF6, 0x8F, 0xCF, 0xDB, 0x9D, 0x6F, 0x5E, 0x00, 0xE0, 0x1B, 0x45, 0x5B, 0xC7,
    0xE5, 0x98, 0x60, 0x2A, 0x31, 0xEB, 0x63, 0xFD, 0x46, 0xFE, 0xE1, 0xD8, 0x3E, 0xF4, 0xEB, 0xEB,
    0xFB, 0xDB, 0xD8, 0x1A, 0x44, 0x5B, 0x61, 0x71, 0x98, 0x0B, 0x4C, 0x09, 0x26, 0x79, 0x77, 0x7A,
    0x7C, 0xC5, 0x71, 0xDE, 0x1B, 0xD3, 0x8D, 0xEC, 0x89, 0xA1, 0x71, 0x55, 0x7A, 0x15, 0xF6, 0xC0,
    0xBC, 0xA9, 0x32, 0x62, 0xCD, 0xD7, 0xBF, 0x02, 0x02, 0xE8, 0xD5, 0x8E, 0x45, 0x70, 0x6D, 0x3F,
    0x77, 0xEB, 0xB9, 0xEC, 0x51, 0x36, 0x95, 0xF5, 0x56, 0xDE, 0x48, 0x01, 0x26, 0xBF, 0x73, 0xAB,
    0x5F, 0xE3, 0xB6, 0x84, 0x6D, 0x0E, 0xDB, 0x14, 0xB7, 0x57, 0x6D, 0x0B, 0x6D, 0x36, 0x67, 0xCD,
    0xF3, 0x49, 0xB1, 0x70, 0x7E, 0x9F, 0xDE, 0x75, 0xB4, 0xCC, 0xB4, 0xD0, 0xBE, 0xC5, 0x29, 0x55,
    0xC3, 0x41, 0xBA, 0xA5, 0xD3, 0xFA, 0xAE, 0xB2, 0x45, 0x59, 0x6D, 0x07, 0x83, 0xBC, 0x7A, 0xC1,
    0xF0, 0xCE, 0xF5, 0x5D, 0xA5, 0x69, 0xF5, 0x7E, 0x34, 0xF1, 0x46, 0xA7, 0xB2, 0x44, 0x99, 0xB9,
    0x83, 0x41, 0xEE, 0x8E, 0x25, 0xCE, 0xF3, 0x63, 0xA1, 0xB1, 0xD4, 0x58, 0x6C, 0x2C, 0x37, 0x16,
    0x1C, 0x4B, 0xCE, 0x5E, 0x33, 0xBE, 0x25, 0x92, 0x9A, 0x28, 0x7B, 0xC5, 0x7E, 0xEC, 0x9B, 0x98,
    0x0C, 0x23, 0xA1, 0x09, 0xA7, 0xF6, 0x9F, 0x8A, 0xFF, 0x11, 0x80, 0x87, 0x37, 0x06, 0x6F, 0xF8,
    0xF9, 0xCB, 0xA4, 0x07, 0x00, 0x2F, 0x85, 0xE4, 0x3F, 0x78, 0xE2, 0xDF, 0x4A, 0xFE, 0x99, 0x79,
    0x51, 0xD9, 0x55, 0x18, 0xD9, 0x22, 0x19, 0xD0, 0x86, 0xD7, 0x11, 0x15, 0xFA, 0x5C, 0x77, 0x90,
    0xB7, 0x5E, 0x26, 0x52, 0xF0, 0xAC, 0x63, 0xA9, 0xAB, 0xE4, 0x98, 0x9F, 0x2B, 0x75, 0xF9, 0x7F,
    0x42, 0xE7, 0x0D, 0x68, 0x4F, 0x9E, 0xF9, 0xFA, 0x54, 0xB2, 0x68, 0x88, 0x85, 0x70, 0x03, 0x91,
    0x5F, 0x18, 0xB5, 0x9E, 0x62, 0x13, 0x40, 0x81, 0x80, 0xDE, 0x30, 0x1A, 0x66, 0xC3, 0x66, 0x40,
    0x40, 0x6F, 0x18, 0x0D, 0xB3, 0x62, 0xC5, 0x4A, 0xF8, 0x9D, 0x28, 0xF1, 0x8F, 0x8A, 0x02, 0xBF,
    0x57, 0x64, 0xF8, 0x42, 0x21, 0xF8, 0x8A, 0x68, 0x40, 0x54, 0x06, 0x67, 0xC8, 0x0D, 0xA9, 0x41,
    0x02, 0x1A, 0x83, 0x37, 0x38, 0x43, 0x61, 0xC8, 0x08, 0x7B, 0x0B, 0x48, 0xED, 0x64, 0xFB, 0x93,
    0x39, 0x00, 0xD6, 0xC4, 0x59, 0x62, 0xC1, 0xB8, 0x9D, 0x65, 0x35, 0xAB, 0x9E, 0xF4, 0xF5, 0x26,
    0x57, 0x08, 0xFD, 0x94, 0xF5, 0xA5, 0x7E, 0xCA, 0xED, 0xCD, 0xF5, 0x53, 0x3E, 0x25, 0x83, 0x9C,
    0xB9, 0x0C, 0xA7, 0x28, 0x0C, 0x08, 0xD8, 0x0C, 0x8B, 0xE1, 0xFA, 0x51, 0xD9, 0xE4, 0x79, 0x87,
    0x3E, 0x6A, 0x4A, 0xF5, 0x41, 0x6B, 0xD5, 0x5D, 0x54, 0x6F, 0x54, 0xC3, 0xA0, 0x7A, 0x36, 0x17,
    0xA7, 0x23, 0x0D, 0xC0, 0x14, 0x47, 0x21, 0xE2, 0x98, 0x44, 0x3E, 0x13, 0x0C, 0x4F, 0xF7, 0x94,
    0xEB, 0x69, 0x98, 0x6A, 0x23, 0xB7, 0x53, 0x6D, 0x9A, 0xAF, 0x4F, 0xB5, 0xE9, 0x54, 0x62, 0x3B,
    0xF3, 0xF1, 0xD5, 0xD3, 0x72, 0xBD, 0xD0, 0x16, 0x2B, 0x03, 0x16, 0xA2, 0x9A, 0x09, 0x3F, 0x19,
    0x46, 0xA2, 0xEB, 0x89, 0xA2, 0x0D, 0x27, 0x64, 0x23, 0x55, 0x15, 0x8E, 0x13, 0x2E, 0x31, 0x19,
    0x16, 0xC3, 0xCA, 0x4B, 0x8A, 0x0D, 0x94, 0x4D, 0x2A, 0x10, 0xA5, 0xC1, 0x9D, 0xA1, 0xBE, 0x0F,
    0xDC, 0xCF, 0x75, 0xD7, 0xDC, 0x71, 0xDD, 0x25, 0xE1, 0xBA, 0xEB, 0x40, 0x78, 0x83, 0x33, 0x14,
    0x86, 0xCC, 0x20, 0x01, 0x9D, 0xC1, 0x1B, 0x4A, 0x83, 0x33, 0x64, 0x11, 0x22, 0x11, 0x39, 0x7A,
    0x85, 0x23, 0x1C, 0x8E, 0xA8, 0x89, 0xFD, 0xE4, 0xB3, 0xC3, 0x77, 0xD1, 0x3E, 0xAE, 0xFB, 0x90,
    0x69, 0x45, 0x6D, 0x40, 0xEF, 0x4E, 0xE5, 0x6B, 0x1B, 0x16, 0xEA, 0x18, 0xA7, 0x52, 0x01, 0x18,
    0xEE, 0xE2, 0xB9, 0x7B, 0x86, 0x1B, 0xB2, 0x8B, 0x13, 0xF3, 0x2D, 0xE2, 0x38, 0x81, 0x9D, 0x07,
    0x66, 0xE4, 0xC4, 0xD1, 0xF3, 0x0A, 0xD6, 0x81, 0x91, 0x61, 0xB3, 0xE6, 0x37, 0x60, 0xB7, 0x42,
    0x8F, 0x63, 0x06, 0xEB, 0xCE, 0x06, 0x19, 0xDB, 0x6E, 0xB5, 0x42, 0xC7, 0x25, 0x16, 0x5F, 0xFF,
    0xBD, 0x3B, 0x32, 0x1C, 0x7F, 0x8C, 0x2F, 0xC4, 0x1F, 0xD3, 0x0B, 0xE9, 0xC7, 0xFC, 0x84, 0xFC,
    0xC5, 0xFC, 0xC6, 0xFC, 0xBB, 0x70, 0x3E, 0x09, 0x62, 0x7F, 0xE5, 0x1F, 0x15, 0x1E, 0x98, 0x2F,
    0xE8, 0x25, 0xD7, 0x9C, 0x4E, 0x7D, 0xD3, 0xF2, 0xBE, 0x9D, 0x4E, 0x50, 0x17, 0x18, 0x39, 0x94,
    0xDD, 0x66, 0xEA, 0xD1, 0x5E, 0x7E, 0xB5, 0x02, 0x26, 0xAF, 0x3A, 0xFB, 0x2D, 0xEA, 0x72, 0xA2,
    0xB3, 0xED, 0xAD, 0xA0, 0x6F, 0x78, 0x76, 0x94, 0x43, 0x9F, 0x63, 0xB4, 0xD8, 0x18, 0x73, 0x2B,
    0xAA, 0x96, 0x62, 0x48, 0x3D, 0x4C, 0xC2, 0xE3, 0x07, 0xCE, 0x64, 0x1D, 0x38, 0xA0, 0x57, 0x36,
    0x40, 0x1B, 0xA7, 0xBF, 0xC5, 0x59, 0xDC, 0xF6, 0xC9, 0xF3, 0x5F, 0x2C, 0x1E, 0x3E, 0xA3, 0xF7,
    0x03, 0x75, 0xAE, 0x26, 0x4D, 0x4D, 0x8F, 0x2F, 0x6C, 0x12, 0x24, 0x8F, 0x95, 0xAB, 0xF9, 0xB1,
    0x5B, 0x5F, 0xAE, 0xED, 0x33, 0xDA, 0x64, 0x91, 0x55, 0x99, 0xED, 0x29, 0x73, 0x5E, 0x20, 0x27,
    0xCB, 0xD5, 0x6D, 0xF6, 0x0C, 0xB2, 0x87, 0x11, 0xFA, 0x26, 0x3C, 0x5D, 0x7D, 0xAB, 0x7C, 0x4F,
    0x7B, 0x9D, 0xFE, 0x72, 0x35, 0xC8, 0xFB, 0x7C, 0xD3, 0xF8, 0x17, 0xB6, 0xA8, 0xD0, 0x76, 0xFA,
    0x78, 0xFB, 0x94, 0x5F, 0xB5, 0x64, 0xA8, 0xAD, 0x10, 0x43, 0x11, 0x56, 0x7D, 0x39, 0x68, 0x43,
    0x2A, 0xAD, 0x1F, 0xED, 0x35, 0xF1, 0x76, 0x77, 0x3C, 0x6D, 0xF3, 0xF0, 0x3C, 0x8E, 0xBE, 0xE6,
    0xE8, 0x4B, 0x70, 0xF4, 0x65, 0xD1, 0xE7, 0x80, 0x0F, 0xF9, 0x68, 0x64, 0xAF, 0xBF, 0xF9, 0x3C,
    0xFA, 0xE8, 0x93, 0xE0, 0x6B, 0xF6, 0xA3, 0x4F, 0x2D, 0x94, 0x33, 0x27, 0xF8, 0xB6, 0x3E, 0x1E,
    0x1B, 0xE3, 0x3B, 0x4F, 0x83, 0xE9, 0x9E, 0xE7, 0xE5, 0x36, 0x7F, 0x31, 0xCF, 0x73, 0x12, 0x7D,
    0xD2, 0x44, 0x5F, 0x11, 0x7D, 0xD2, 0x45, 0x9F, 0x95, 0x0B, 0x7F, 0x5B, 0xAC, 0xA3, 0x4E, 0xC3,
    0xB5, 0x15, 0xF6, 0xD0, 0x05, 0x11, 0x3F, 0x5D, 0xDA, 0x01, 0x4C, 0x31, 0x8D, 0x55, 0x58, 0xEE,
    0xA8, 0x9B, 0x4D, 0x68, 0xC9, 0x4D, 0x1F, 0xAE, 0xB4, 0x8B, 0x5E, 0xFA, 0x52, 0xD1, 0x5A, 0xEA,
    0xA3, 0xDD, 0xB4, 0x5A, 0xD4, 0xB4, 0xA3, 0xBA, 0x17, 0xF9, 0xEC, 0x88, 0x83, 0xA3, 0xB5, 0x59,
    0x47, 0x2D, 0x66, 0xF5, 0xD1, 0xEA, 0x50, 0x9F, 0xE5, 0x60, 0x48, 0xFE, 0x33, 0xE6, 0x4A, 0x4F,
    0xC1, 0xDC, 0x1A, 0x73, 0xBF, 0x1E, 0xCF, 0x88, 0x87, 0x77, 0xB3, 0x24, 0xDD, 0x5E, 0xB3, 0x21,
    0x62, 0x8D, 0x8C, 0x81, 0x28, 0x9F, 0x5F, 0x88, 0x80, 0xC8, 0x31, 0x1A, 0x6A, 0xFE, 0x78, 0x61,
    0x21, 0x02, 0xBA, 0xF8, 0xC9, 0x62, 0xC7, 0xB2, 0x22, 0x56, 0x03, 0x6A, 0x43, 0x6F, 0x18, 0xED,
    0x33, 0xC8, 0x49, 0x91, 0x19, 0x52, 0xCC, 0x8A, 0xC4, 0x90, 0x1A, 0xB8, 0x8F, 0x21, 0xE3, 0x71,
    0x27, 0xB1, 0xD4, 0xA7, 0x29, 0x0C, 0x86, 0x51, 0x38, 0xF0, 0x38, 0x2B, 0x58, 0x4E, 0x71, 0x18,
    0x47, 0xFC, 0x71, 0x58, 0xA5, 0x57, 0x38, 0xCB, 0x44, 0x7E, 0x4C, 0x6F, 0x55, 0x08, 0x36, 0xA2,
    0x41, 0x58, 0x81, 0x80, 0xEF, 0x86, 0x2C, 0x6A, 0xFB, 0xA4, 0x6F, 0xA3, 0x41, 0x78, 0x7B, 0xFC,
    0xC9, 0xED, 0xB2, 0x20, 0x5A, 0xA4, 0xDE, 0xB6, 0x85, 0xDB, 0x26, 0x1F, 0xBD, 0xFA, 0x1C, 0x8D,
    0x27, 0x55, 0x9C, 0x67, 0x2E, 0x36, 0x82, 0x0C, 0x0D, 0x51, 0x60, 0x36, 0x4C, 0x86, 0x5E, 0x91,
    0x6F, 0xF6, 0xE8, 0xE9, 0xF6, 0x3A, 0x0D, 0x93, 0x00, 0x4D, 0xDA, 0x20, 0xC3, 0xB3, 0xFB, 0x19,
    0x44, 0x8C, 0xCE, 0x96, 0xF4, 0x48, 0x55, 0x72, 0x95, 0x06, 0xB5, 0x0A, 0x7B, 0x11, 0x55, 0x46,
    0x36, 0x45, 0xCF, 0xBF, 0x45, 0x6F, 0x5F, 0xF6, 0x5B, 0xF4, 0xA7, 0x5C, 0x8B, 0xD8, 0xC9, 0xA1,
    0x3D, 0x1C, 0xDA, 0xBD, 0xC1, 0xBE, 0x0D, 0x76, 0x7E, 0x6E, 0xD6, 0xA5, 0xC1, 0xFE, 0x8C, 0xFB,
    0xAF, 0x45, 0x5A, 0x95, 0xA9, 0xF4, 0x67, 0x50, 0x75, 0x66, 0x1F, 0x2A, 0x36, 0x51, 0x1D, 0xCD,
    0x7E, 0xAA, 0x34, 0xA5, 0x39, 0xBB, 0x47, 0x56, 0x40, 0xB8, 0x29, 0x4B, 0x46, 0x75, 0x08, 0x73,
    0xCE, 0xC0, 0x71, 0xDA, 0x44, 0xCB, 0x45, 0xE4, 0x2D, 0xAA, 0x44, 0x6D, 0xE3, 0x4A, 0x35, 0x8E,
    0x9F, 0xF4, 0x16, 0x8C, 0x26, 0x8D, 0x5F, 0xBF, 0xDA, 0x1D, 0x19, 0xF1, 0x7D, 0x3C, 0x45, 0x18,
    0xA1, 0x1C, 0xEC, 0xA6, 0xCE, 0xEC, 0x06, 0xFD, 0x11, 0x6F, 0xC3, 0xEE, 0x46, 0x2A, 0x8C, 0x25,
    0xCD, 0x57, 0xA9, 0xB6, 0x5E, 0x55, 0x1A, 0xE6, 0xE4, 0x5D, 0x33, 0xDD, 0xAF, 0xC1, 0x27, 0x7D,
    0xAA, 0xE2, 0x78, 0x9E, 0x63, 0xE8, 0x3C, 0xCB, 0xC2, 0xB7, 0xCA, 0xEC, 0xE9, 0xA4, 0x11, 0xE2,
    0xED, 0x9F, 0x29, 0xDE, 0xD0, 0xFC, 0xAC, 0x59, 0xB5, 0x03, 0x20, 0xA5, 0x4A, 0x85, 0xFA, 0x67,
    0x61, 0xC1, 0x9C, 0xFD, 0xD8, 0xFD, 0x5C, 0x6A, 0x1A, 0x2E, 0x7C, 0x36, 0xBC, 0x49, 0xC2, 0x0B,
    0xA9, 0xB2, 0x29, 0xC9, 0x36, 0xC0, 0x35, 0x86, 0xCC, 0xA7, 0x18, 0x7F, 0xFE, 0x61, 0x8E, 0x41,
    0xB3, 0xDB, 0xFB, 0x63, 0x96, 0x45, 0x2D, 0xCC, 0x5A, 0x1D, 0x3F, 0xE7, 0x77, 0x63, 0xBC, 0x15,
    0xA4, 0x27, 0x53, 0x28, 0xB8, 0x7A, 0x81, 0x38, 0x4E, 0xA1, 0xC8, 0xEA, 0xB4, 0x7E, 0x02, 0x96,
    0x79, 0x5F, 0x65, 0x97, 0x38, 0x51, 0x61, 0x12, 0xE9, 0x58, 0x88, 0x9F, 0x43, 0xE4, 0x13, 0xD9,
    0x34, 0xC4, 0xFB, 0x0F, 0x6C, 0x94, 0xC7, 0x5E, 0xBC, 0xFD, 0x85, 0xE2, 0xBD, 0xB2, 0xE2, 0x6D,
    0x7A, 0xD5, 0x8E, 0xDA, 0x4C, 0xAA, 0x6E, 0x39, 0xC8, 0x5B, 0xCE, 0x1A, 0x0C, 0xA6, 0x8B, 0x84,
    0x92, 0x97, 0x62, 0xAF, 0xDF, 0x5C, 0x39, 0xF7, 0xE7, 0xE5, 0x9C, 0x2F, 0xC7, 0x0E, 0xC2, 0x1C,
    0xC7, 0xE1, 0x9A, 0x5A, 0x05, 0x68, 0x35, 0xBA, 0xDA, 0xBE, 0xB9, 0x4B, 0x38, 0xD9, 0xC8, 0x56,
    0xCA, 0xB0, 0xE9, 0x44, 0xE5, 0xDA, 0x4C, 0xA1, 0x8E, 0x68, 0xB8, 0x30, 0xAA, 0x15, 0xEB, 0x51,
    0xA8, 0x28, 0x4F, 0xE1, 0x4E, 0xF6, 0xBE, 0xFC, 0x82, 0xD5, 0x82, 0x15, 0xC4, 0xAA, 0x8A, 0x99,
    0xCE, 0x9E, 0xD3, 0x7B, 0x9C, 0x96, 0x24, 0x0F, 0x7B, 0x27, 0x53, 0x1F, 0x77, 0xBD, 0x18, 0xA1,
    0xAB, 0xEE, 0x31, 0xA3, 0x58, 0x08, 0x37, 0x9D, 0xF6, 0x5D, 0xE7, 0x20, 0x12, 0xC3, 0x2F, 0x51,
    0xF3, 0x3F, 0x84, 0xDD, 0xB3, 0xD9, 0xD2, 0x8E, 0x53, 0xC6, 0xDF, 0xFE, 0x98, 0x17, 0xE5, 0xE5,
    0x0D, 0x58, 0xCE, 0x37, 0xDB, 0x77, 0xF7, 0xE6, 0xC3, 0x66, 0x83, 0xF6, 0xF5, 0x4F, 0x4B, 0x60,
    0x71, 0xC0, 0x9A, 0x03, 0x6B, 0x02, 0xF6, 0x33, 0xDC, 0x48, 0xA6, 0x17, 0xE4, 0x1A, 0xE6, 0xD4,
    0x74, 0x3D, 0x37, 0xE0, 0xB8, 0xB1, 0xF5, 0x23, 0x72, 0xCD, 0x26, 0x4C, 0xBA, 0x64, 0x33, 0xCF,
    0xEC, 0x57, 0x2B, 0xF3, 0x1D, 0xBE, 0x20, 0x3F, 0xF6, 0x01, 0xAB, 0x4A, 0xB6, 0xA8, 0xEA, 0x11,
    0x97, 0xDD, 0xD3, 0xB2, 0x7C, 0x39, 0x87, 0x6D, 0xD2, 0xED, 0xED, 0x8F, 0xCB, 0xB1, 0x59, 0xB9,
    0x0D, 0x87, 0xAD, 0xBF, 0x6F, 0x1B, 0x8A, 0x2D, 0xA8, 0x77, 0x7D, 0x8F, 0x45, 0xCA, 0xB6, 0xF1,
    0x74, 0x17, 0x5E, 0x6B, 0x91, 0xBE, 0x7A, 0x35, 0x00, 0xE6, 0xD3, 0xED, 0x65, 0x8B, 0x50, 0xA4,
    0xBB, 0xFE, 0xFB, 0xD0, 0x1F, 0xC2, 0x8B, 0x99, 0x35, 0xB5, 0x8A, 0xFF, 0xE3, 0x05, 0xDF, 0x5F,
    0x8D, 0x72, 0xA7, 0xF3, 0xF6, 0xA9, 0xDA, 0x43, 0x61, 0x57, 0xB4, 0x47, 0x80, 0xA8, 0x50, 0xDB,
    0x92, 0x92, 0xBD, 0x34, 0x10, 0x87, 0x39, 0x05, 0xA4, 0xC0, 0xED, 0x77, 0xE6, 0x6B, 0xB4, 0xA3,
    0x7D, 0x27, 0x66, 0x0F, 0xAC, 0x38, 0x8B, 0xB5, 0xBC, 0xF9, 0xB1, 0xF5, 0x62, 0xA6, 0xC7, 0xD5,
    0x21, 0x7B, 0xF5, 0xD5, 0xF2, 0x9B, 0x62, 0x91, 0x0B, 0x4E, 0xAD, 0x50, 0xE2, 0x55, 0xC4, 0xDF,
    0xCA, 0xA6, 0x82, 0x83, 0x54, 0x7A, 0x22, 0x6A, 0x14, 0x14, 0x2A, 0x99, 0x8A, 0xE6, 0x6A, 0xD7,
    0x0F, 0x14, 0x3F, 0x14, 0xA7, 0x3E, 0xB9, 0x80, 0x1F, 0x8C, 0x9D, 0x2E, 0x2D, 0xB5, 0xFB, 0x68,
    0xAC, 0x33, 0xA7, 0xB4, 0xC7, 0x92, 0x29, 0x8A, 0xAD, 0xB0, 0x65, 0x4C, 0x71, 0xFA, 0x10, 0xE9,
    0x30, 0x28, 0x8A, 0xFD, 0x07, 0x61, 0x2B, 0xF1, 0xBD, 0x7D, 0x5B, 0x8F, 0x4F, 0xAD, 0x6F, 0xA1,
    0x3E, 0x5D, 0x4B, 0x17, 0xD7, 0x8F, 0xC1, 0x6A, 0x92, 0x7F, 0x79, 0xBA, 0xC6, 0x5E, 0x87, 0x5E,
    0xB1, 0xBB, 0x51, 0xB1, 0xE6, 0x11, 0xF1, 0x47, 0x06, 0x89, 0x07, 0xF0, 0xF0, 0xA7, 0x6A, 0x43,
    0x45, 0xC7, 0x4E, 0xAE, 0x29, 0x18, 0xAD, 0xFC, 0xEC, 0x20, 0x55, 0xBB, 0x51, 0xF8, 0x5F, 0xEE,
    0x60, 0x10, 0x06, 0x7E, 0x68, 0x6B, 0x3E, 0x0B, 0x9D, 0x1C, 0x7D, 0x31, 0x70, 0x18, 0x8B, 0xBD,
    0x8A, 0xDD, 0xE4, 0x15, 0xE8, 0x3B, 0xBE, 0xB8, 0x7F, 0x80, 0x56, 0xEB, 0x67, 0x66, 0x1D, 0x1E,
    0xA9, 0xEE, 0x92, 0x41, 0x3E, 0x7A, 0xEA, 0x35, 0x52, 0xD1, 0xCA, 0x01, 0xD9, 0x94, 0xCC, 0xC7,
    0x02, 0x28, 0x37, 0x07, 0x8E, 0x68, 0xAE, 0x22, 0x18, 0x9A, 0x49, 0x52, 0xD4, 0xDA, 0xD0, 0xD9,
    0xA4, 0x63, 0x3B, 0xEB, 0xBD, 0x0B, 0x35, 0xF4, 0xB5, 0xA9, 0x3F, 0xD5, 0x8D, 0x0A, 0x55, 0x1A,
    0x59, 0x68, 0x65, 0x29, 0xA8, 0x19, 0xD5, 0x0C, 0x4D, 0x4B, 0x3F, 0x19, 0xEB, 0xEC, 0x66, 0x9D,
    0x49, 0x21, 0xE8, 0x63, 0x87, 0x64, 0xEC, 0xE7, 0x76, 0x86, 0x12, 0x8B, 0x61, 0x55, 0x38, 0x43,
    0x6E, 0x48, 0xBA, 0x3F, 0xBE, 0xE1, 0xEA, 0x06, 0x79, 0x06, 0xC4, 0xBE, 0x6E, 0x6B, 0xDF, 0x1F,
    0x73, 0x9E, 0x63, 0x53, 0xD9, 0x83, 0xA4, 0x80, 0x0D, 0x7A, 0xC6, 0x2F, 0xA3, 0x62, 0x97, 0x04,
    0x9D, 0x5F, 0x8D, 0x5A, 0x36, 0x64, 0x1C, 0x9E, 0xBC, 0x5D, 0xFA, 0xF3, 0x76, 0x2D, 0x50, 0xB9,
    0xF8, 0xD5, 0x54, 0x8C, 0x0B, 0x46, 0xAC, 0xD1, 0xB7, 0xA8, 0x55, 0x18, 0xFB, 0x5C, 0xA2, 0xD5,
    0xD4, 0x12, 0x4C, 0x4E, 0x7D, 0x5B, 0x18, 0x28, 0xD5, 0xE1, 0xC4, 0xCC, 0x7C, 0x1D, 0x24, 0xB3,
    0xC5, 0x0E, 0xA1, 0xBE, 0x81, 0x2B, 0xC2, 0x73, 0xD5, 0x81, 0x8C, 0xCB, 0xFC, 0xF7, 0x85, 0xFA,
    0xA6, 0x8C, 0xBE, 0x36, 0xA5, 0x6F, 0x70, 0xA8, 0x13, 0xCC, 0xF9, 0x8E, 0xD1, 0x41, 0x13, 0x2C,
    0xB6, 0x6E, 0x2A, 0xD5, 0xB7, 0xBA, 0xB5, 0x99, 0x2B, 0x76, 0x92, 0xBB, 0xC5, 0x73, 0xAC, 0xB6,
    0x59, 0xAB, 0xB9, 0x5A, 0x6D, 0x96, 0xB9, 0x9F, 0x4A, 0xF3, 0xED, 0x7E, 0x72, 0x7B, 0xB3, 0xA8,
    0x71, 0xBB, 0xA1, 0x40, 0xC7, 0x1E, 0x59, 0x0E, 0xE5, 0x4D, 0xE6, 0xCB, 0xE8, 0x2B, 0xAC, 0xF7,
    0xC2, 0x16, 0xE4, 0x14, 0xCD, 0x4D, 0x58, 0x96, 0xEA, 0x76, 0x1D, 0x26, 0xA8, 0x25, 0x12, 0xC4,
    0x01, 0x16, 0xF5, 0x79, 0xF3, 0x2D, 0xEC, 0xE1, 0xA0, 0xEB, 0x0D, 0xEC, 0xEC, 0xA5, 0xAB, 0x36,
    0xA3, 0x74, 0x68, 0x49, 0x26, 0x48, 0x33, 0xED, 0x1C, 0x8F, 0x89, 0x0B, 0x1E, 0xF0, 0xE8, 0xFE,
    0x9B, 0x5E, 0x88, 0xDD, 0xE1, 0x8F, 0xA3, 0x95, 0xCE, 0xAA, 0xF4, 0x2E, 0xA5, 0x36, 0xBE, 0xF9,
    0xB7, 0xDF, 0xD6, 0x70, 0x6F, 0xC1, 0xA0, 0x87, 0x14, 0xA8, 0x9B, 0xC3, 0xDF, 0xA2, 0x03, 0x29,
    0xDD, 0xE1, 0x6F, 0xD6, 0x2E, 0x1C, 0xA0, 0xC7, 0x24, 0xA9, 0x79, 0x46, 0x49, 0xF0, 0x19, 0x9A,
    0xCF, 0x30, 0x70, 0x51, 0x26, 0xCF, 0x75, 0x99, 0xBA, 0x2F, 0xB6, 0xEA, 0x0B, 0x0E, 0xBD, 0x7C,
    0xB5, 0x96, 0x5F, 0xD9, 0xF0, 0xFE, 0xEA, 0x60, 0xE3, 0xFD, 0x8B, 0xC3, 0x6E, 0xE3, 0xC0, 0x05,
    0x6F, 0x7E, 0x4E, 0xED, 0xB4, 0x5A, 0xB7, 0x93, 0xCD, 0xED, 0xCD, 0x31, 0xA4, 0x98, 0xC2, 0xA7,
    0x68, 0xF4, 0x24, 0xEA, 0x19, 0xE4, 0xA4, 0xE3, 0x68, 0xA7, 0x6A, 0x80, 0xD8, 0x2F, 0x68, 0x1D,
    0x4D, 0xA1, 0xD3, 0x29, 0xF4, 0xCB, 0x5A, 0x67, 0xD4, 0x99, 0xEB, 0x74, 0x3F, 0x36, 0x8F, 0x56,
    0xAD, 0x51, 0xA2, 0xB7, 0x0B, 0x6C, 0xD4, 0x6E, 0xAE, 0x1C, 0x93, 0x2D, 0x82, 0xB9, 0xE8, 0x7D,
    0x4E, 0x8D, 0xE5, 0xC1, 0x23, 0x3A, 0x4E, 0x00, 0xFF, 0x40, 0x73, 0x5A, 0xE1, 0xF7, 0xD6, 0x2F,
    0xFF, 0x07, 0x8C, 0x34, 0x77, 0xB0, 0x35, 0xCD, 0x03, 0x20, 0xE6, 0x45, 0x8F, 0x58, 0x4E, 0x32,
    0x58, 0xC4, 0xF9, 0x6A, 0xAF, 0x0F, 0x99, 0xD5, 0xC4, 0x41, 0xE2, 0x3A, 0xF5, 0xD8, 0xE3, 0x34,
    0x38, 0xAE, 0xDD, 0x1D, 0x96, 0x05, 0xCB, 0x24, 0x3B, 0xBF, 0x24, 0xC2, 0x7C, 0x85, 0x04, 0x93,
    0xDF, 0x39, 0x9B, 0x01, 0x92, 0xB1, 0xC6, 0x64, 0xE8, 0x6D, 0xC9, 0xAF, 0x82, 0x55, 0x89, 0xFF,
    0x15, 0x4E, 0x7A, 0xD0, 0xC0, 0x15, 0x47, 0x55, 0xFD, 0xAA, 0x09, 0xAA, 0x36, 0x6B, 0x33, 0x6B,
    0x95, 0x81, 0xCD, 0xBB, 0x19, 0x8F, 0xA9, 0x17, 0xC7, 0x82, 0xA9, 0x63, 0x6F, 0x13, 0xF6, 0xDB,
    0xD5, 0x57, 0x9A, 0xDB, 0x05, 0x00, 0x13, 0xAE, 0xD8, 0xC2, 0xE2, 0xF1, 0x27, 0x6B, 0x55, 0x36,
    0x2C, 0xC4, 0x8E, 0x41, 0xAA, 0xDD, 0x56, 0x03, 0x5B, 0x38, 0x1E, 0x57, 0x80, 0xD7, 0x83, 0xC3,
    0x2F, 0x31, 0x46, 0xF0, 0xC7, 0x18, 0x84, 0xEE, 0xE9, 0x5A, 0x3E, 0x8E, 0x92, 0x7D, 0xAC, 0x92,
    0x22, 0x0E, 0xC1, 0x6A, 0xEE, 0xE3, 0x42, 0x37, 0x96, 0xBA, 0x6F, 0x55, 0x7F, 0x72, 0xA9, 0x0F,
    0x6C, 0xBD, 0x53, 0xE7, 0xB8, 0x0E, 0x4D, 0x18, 0x7A, 0xDB, 0x99, 0xD6, 0x1A, 0x47, 0x7D, 0xCB,
    0x93, 0xC9, 0xD2, 0xD8, 0xB8, 0x93, 0x35, 0x98, 0x3B, 0xDD, 0xC9, 0xCE, 0x6E, 0x3F, 0x99, 0xC0,
    0x3F, 0x59, 0x6D, 0x3F, 0x09, 0x02, 0x60, 0x6B, 0xA8, 0xDD, 0x37, 0xE8, 0x71, 0x7C, 0x8C, 0xE1,
    0xA7, 0xE3, 0xF8, 0x98, 0x8A, 0xE3, 0x95, 0xB0, 0xC7, 0x0F, 0x01, 0xFA, 0xF3, 0x93, 0x5C, 0x2E,
    0xC8, 0xC4, 0xB4, 0x2D, 0x77, 0x2C, 0xAB, 0x84, 0xF1, 0xC5, 0xDF, 0x2B, 0x1C, 0x27, 0x55, 0xC4,
    0xDF, 0x8B, 0xB8, 0xA2, 0x36, 0x63, 0x69, 0x54, 0xBA, 0xE7, 0xE5, 0x25, 0x97, 0x66, 0x62, 0x18,
    0xF9, 0x7E, 0x9B, 0x23, 0xD9, 0x78, 0x2C, 0x0F, 0x6D, 0xED, 0x48, 0xFA, 0xF8, 0x1B, 0xF7, 0xD2,
    0x3D, 0x98, 0x25, 0xD2, 0x36, 0xD1, 0xB6, 0xD1, 0x54, 0xE8, 0xFD, 0x61, 0x6B, 0xE6, 0xE3, 0x3A,
    0x79, 0x02, 0xD4, 0xF1, 0xBD, 0xA6, 0x98, 0xEC, 0xBD, 0xE7, 0x09, 0xD8, 0x83, 0x23, 0x90, 0x36,
    0xE8, 0xF2, 0x5F, 0xCF, 0x0D, 0xBA, 0xE4, 0xB7, 0x83, 0x2E, 0xEF, 0x3F, 0xB4, 0x51, 0x38, 0x21,
    0xB1, 0xB1, 0x95, 0x68, 0x76, 0x1B, 0xBF, 0x71, 0xC0, 0xAA, 0x85, 0xF8, 0x8E, 0xC5, 0xE9, 0xB7,
    0x28, 0xEB, 0xC3, 0xC8, 0xFF, 0x01, 0xED, 0x5C, 0x31, 0xAC, 0xE5, 0x48, 0x56, 0xBD, 0xB6, 0xD9,
    0x36, 0x33, 0x9E, 0xC1, 0xC9, 0x0A, 0x8D, 0xA6, 0x57, 0x3C, 0x82, 0x09, 0x90, 0x90, 0xD6, 0x04,
    0xE4, 0xF6, 0x42, 0xB8, 0xC9, 0xC6, 0x10, 0xEC, 0xE6, 0x04, 0x4D, 0x2E, 0xB4, 0xF6, 0x42, 0x48,
    0xD2, 0x79, 0x44, 0x40, 0xB8, 0x12, 0xB9, 0xB4, 0x8C, 0x0D, 0xE4, 0x92, 0x11, 0x48, 0x13, 0x90,
    0x58, 0xCB, 0x5F, 0xB1, 0x44, 0x6B, 0xC0, 0x48, 0xEE, 0x59, 0xDB, 0x87, 0x77, 0xCF, 0x2D, 0xDF,
    0xE7, 0x7E, 0x7A, 0x3D, 0x7F, 0x86, 0x9E, 0x9E, 0xDF, 0x33, 0xDD, 0xD5, 0xFA, 0xE7, 0x1C, 0xDB,
    0x76, 0xD9, 0x55, 0xB7, 0xEC, 0x5B, 0x75, 0xAB, 0x5E, 0x8B, 0xA6, 0x04, 0xDD, 0x8B, 0xF9, 0x11,
    0x7E, 0x49, 0x6E, 0x81, 0x4F, 0xD0, 0x48, 0x06, 0x4D, 0x22, 0xA5, 0xD2, 0x26, 0xC2, 0xCD, 0x45,
    0x12, 0xF2, 0x24, 0x19, 0xB6, 0xAA, 0xC0, 0x2C, 0x39, 0x46, 0x49, 0xB0, 0x4A, 0xA1, 0x97, 0x62,
    0x93, 0x12, 0x95, 0x5E, 0x23, 0x35, 0x44, 0xA4, 0x40, 0xD5, 0xAE, 0x67, 0x3E, 0xA1, 0x69, 0x97,
    0x33, 0xE7, 0xE8, 0x70, 0x8B, 0x33, 0xDF, 0x76, 0x6E, 0x03, 0xEF, 0xD7, 0x87, 0xFC, 0x9A, 0x90,
    0x7F, 0xB8, 0x1F, 0xFC, 0xFE, 0x7C, 0x1E, 0x7F, 0xBE, 0x51, 0x84, 0xDC, 0x87, 0xE7, 0xAF, 0x34,
    0x2F, 0x40, 0xF3, 0x8A, 0x6C, 0x37, 0xCB, 0xAB, 0xC4, 0xE2, 0xBF, 0x88, 0xEA, 0x67, 0x29, 0xF4,
    0xF1, 0xF0, 0xAB, 0xCD, 0x72, 0x5A, 0x44, 0xAC, 0xFC, 0x89, 0x65, 0x9F, 0x61, 0x38, 0x9D, 0x29,
    0x47, 0x93, 0x60, 0x94, 0x13, 0x24, 0x3E, 0x53, 0xA1, 0xD5, 0x35, 0x49, 0x19, 0x68, 0x3D, 0xD3,
    0x7C, 0x8B, 0xFC, 0x94, 0x02, 0x12, 0xF9, 0xE5, 0x5A, 0xEA, 0x74, 0xCF, 0xBA, 0x93, 0x24, 0x3C,
    0x3F, 0xAD, 0xC0, 0x87, 0x98, 0x59, 0x63, 0x56, 0x88, 0xF6, 0x99, 0xEC, 0x09, 0x43, 0xE0, 0xF1,
    0x39, 0x8E, 0xC2, 0xFE, 0x14, 0x43, 0xB9, 0xB2, 0x1A, 0xBA, 0xC0, 0x8D, 0xF1, 0x26, 0xC6, 0x53,
    0xE0, 0xEE, 0xAB, 0xE3, 0x4D, 0xB9, 0xB9, 0x30, 0x8C, 0x0B, 0x54, 0xFC, 0xD3, 0xE2, 0xD7, 0xDC,
    0x37, 0xC5, 0xA0, 0x1D, 0xCC, 0x86, 0x89, 0xF2, 0x62, 0xA6, 0x64, 0x29, 0x6B, 0x00, 0x9D, 0xD5,
    0xCA, 0x2A, 0x9A, 0x9E, 0xE0, 0x29, 0x59, 0xCF, 0x69, 0x0E, 0x14, 0x1B, 0xA5, 0x68, 0xEA, 0x45,
    0x4E, 0x40, 0x45, 0xDA, 0x84, 0xB4, 0x18, 0xF5, 0x46, 0xF2, 0xFF, 0xA6, 0xF2, 0x79, 0x5A, 0x8D,
    0x40, 0x2A, 0xD0, 0x14, 0x2C, 0x11, 0xBC, 0x40, 0xA1, 0x3C, 0x6A, 0x4C, 0x33, 0xF1, 0x23, 0x7C,
    0xFA, 0x03, 0xF1, 0xF4, 0xAE, 0x3C, 0x12, 0x4F, 0xA7, 0xAE, 0x68, 0x7C, 0xA3, 0xFC, 0x5F, 0xF4,
    0x97, 0x23, 0xC0, 0xE5, 0x48, 0x8A, 0xD5, 0x84, 0x37, 0x04, 0x4F, 0x45, 0x27, 0xC7, 0xBC, 0x3F,
    0x77, 0xFA, 0x10, 0xF8, 0xC5, 0x99, 0xEC, 0xED, 0x6A, 0x01, 0x0C, 0xC7, 0x8D, 0xED, 0xB8, 0x81,
    0xFE, 0xB8, 0x31, 0x1D, 0x37, 0x16, 0xDB, 0xE8, 0xDB, 0x45, 0x7E, 0x08, 0x08, 0x4D, 0x57, 0x9D,
    0x37, 0x22, 0x36, 0x71, 0xC1, 0x26, 0xFA, 0xDE, 0x97, 0x6A, 0xCC, 0x04, 0x33, 0x37, 0x4E, 0xBA,
    0x91, 0x61, 0xE0, 0x46, 0xA6, 0x25, 0x2E, 0xD0, 0x71, 0x23, 0xC5, 0xA0, 0xD7, 0x0B, 0x37, 0x12,
    0xDD, 0xC0, 0x1A, 0x36, 0xF8, 0x51, 0x98, 0x7C, 0x83, 0xD7, 0xFB, 0x86, 0xE6, 0xE8, 0x1B, 0x25,
    0xC4, 0x33, 0xE0, 0xF5, 0x7B, 0xD6, 0x31, 0xE6, 0xB0, 0x91, 0xA3, 0xD7, 0x33, 0x65, 0x7F, 0x9C,
    0x1C, 0x5D, 0xD8, 0xA8, 0xD5, 0x9A, 0x8D, 0x6D, 0x44, 0xB0, 0x8F, 0x1E, 0x37, 0x9E, 0x60, 0xB3,
    0x92, 0x4E, 0x56, 0xEC, 0xE8, 0xB0, 0x31, 0xC6, 0x87, 0x8D, 0xEE, 0xB0, 0xB1, 0xC9, 0x61, 0x63,
    0xD8, 0x37, 0x3E, 0x04, 0xEE, 0xE4, 0x3A, 0x7D, 0x24, 0x1F, 0xB9, 0xFE, 0x58, 0xDC, 0xD8, 0x11,
    0x3E, 0x81, 0xEF, 0x6F, 0xB1, 0x9A, 0xD5, 0xD8, 0x3A, 0x46, 0xB1, 0x5C, 0xB5, 0x6C, 0x1D, 0xF5,
    0xA6, 0x07, 0xCE, 0x60, 0x26, 0x63, 0xA6, 0xA6, 0x27, 0x61, 0xA2, 0x5E, 0x4C, 0xBB, 0xBD, 0xBC,
    0xAC, 0x55, 0x09, 0x60, 0x0E, 0xD6, 0x72, 0x7D, 0x72, 0x4D, 0x5B, 0x99, 0xB6, 0xFA, 0x54, 0x3D,
    0xBA, 0xA5, 0x72, 0xF4, 0xBB, 0x05, 0xD4, 0x65, 0xB8, 0x6E, 0x37, 0xB7, 0x4C, 0x84, 0xD9, 0xB5,
    0xFE, 0xED, 0xD7, 0xE6, 0x07, 0xF3, 0x17, 0x70, 0x13, 0x49, 0xBD, 0xBA, 0x85, 0x04, 0xB3, 0x1B,
    0xC8, 0xB2, 0x35, 0xFB, 0x64, 0xE8, 0xDC, 0x3C, 0x27, 0x54, 0x5E, 0xC6, 0x52, 0x91, 0x7A, 0x94,
    0xDA, 0x35, 0xAB, 0xC9, 0xF4, 0x26, 0x17, 0x3D, 0x04, 0x7D, 0x6D, 0x98, 0x0F, 0x7B, 0x79, 0x4F,
    0xDE, 0x33, 0xD7, 0xD1, 0x4B, 0x59, 0xD5, 0xBB, 0xC4, 0xCF, 0xD1, 0x05, 0x59, 0x02, 0x12, 0x64,
    0x86, 0x79, 0x97, 0x31, 0x86, 0x5D, 0x4A, 0x5D, 0xB9, 0x64, 0x5E, 0x26, 0x2D, 0xB9, 0x8C, 0xF0,
    0x1F, 0xBB, 0x2C, 0xD4, 0x78, 0x39, 0x1F, 0xB1, 0x75, 0x19, 0xC3, 0x65, 0x7A, 0x91, 0x39, 0x86,
    0xCC, 0xE4, 0x42, 0x7F, 0xD5, 0xB3, 0x6E, 0x0B, 0x08, 0x65, 0x8E, 0xBE, 0xD8, 0x4C, 0x16, 0xA8,
    0xCA, 0xD5, 0x64, 0xBD, 0xC9, 0x2E, 0xB1, 0x04, 0x49, 0x6B, 0x98, 0x64, 0x8D, 0x9A, 0x64, 0x85,
    0x96, 0xCC, 0x41, 0x49, 0x42, 0xBE, 0xA0, 0x45, 0xAA, 0xB3, 0x54, 0xD7, 0xA6, 0xC6, 0x3B, 0xCB,
    0x54, 0xF3, 0xCB, 0x30, 0x25, 0xE1, 0xC9, 0xCC, 0x99, 0x9E, 0x54, 0x46, 0x94, 0x85, 0x4A, 0xA9,
    0x2F, 0x32, 0x73, 0xA9, 0x1F, 0xF7, 0xBF, 0xF5, 0x96, 0x18, 0xEA, 0xE0, 0xEB, 0xAC, 0xCA, 0x5B,
    0x6A, 0xA3, 0x8A, 0xF5, 0x85, 0x60, 0x5B, 0x4C, 0xEF, 0x62, 0xAC, 0x54, 0x99, 0xB7, 0x4F, 0xAD,
    0xBA, 0x99, 0xAA, 0xF0, 0x0F, 0x6C, 0x09, 0xA0, 0xB3, 0xF3, 0x58, 0x57, 0x57, 0xDE, 0xD0, 0x5A,
    0xD7, 0xDE, 0xE0, 0x68, 0xC8, 0xC0, 0xED, 0xE2, 0xCC, 0xE3, 0xCA, 0x7A, 0xBE, 0xB1, 0xC8, 0x8B,
    0xD9, 0xCE, 0x7F, 0x30, 0x06, 0x80, 0x2F, 0xC0, 0x57, 0xE5, 0xEF, 0xC9, 0x19, 0x99, 0x7D, 0xA3,
    0xC0, 0x4D, 0xF0, 0xA9, 0x62, 0x3C, 0x93, 0x1F, 0xA3, 0x91, 0xE8, 0xA7, 0x12, 0xCF, 0xEA, 0xDB,
    0x73, 0x54, 0xF4, 0xF0, 0xDD, 0x19, 0x0B, 0xA2, 0x69, 0xDB, 0x1F, 0x2F, 0x7A, 0x8E, 0xC8, 0x6D,
    0xE4, 0x39, 0xAF, 0x00, 0x57, 0xE2, 0x46, 0x44, 0x73, 0xC6, 0x02, 0xF3, 0x19, 0x73, 0x4C, 0x67,
    0xCC, 0x30, 0x9E, 0x31, 0x22, 0xCA, 0x63, 0x45, 0x16, 0xCD, 0x1A, 0x1E, 0x61, 0xA3, 0x3F, 0x5E,
    0xF8, 0xED, 0x9F, 0x89, 0xBD, 0xB6, 0x9E, 0x67, 0x67, 0x35, 0xB2, 0xB2, 0xBC, 0xDD, 0xBA, 0xC6,
    0x51, 0x77, 0x07, 0x3D, 0x1C, 0xF4, 0x74, 0xD0, 0xEB, 0x41, 0xE3, 0xA8, 0xBB, 0x83, 0x1E, 0x0E,
    0x7A, 0x72, 0xBD, 0x60, 0xB9, 0xE8, 0x72, 0xBB, 0xE8, 0x13, 0xFE, 0xD8, 0x75, 0x86, 0x7F, 0x72,
    0x9D, 0xE0, 0x7F, 0x5C, 0x0B, 0x7E, 0x7D, 0xD1, 0x35, 0x2E, 0xBA, 0x38, 0xE8, 0xFC, 0xA0, 0x53,
    0xD3, 0xA5, 0xEA, 0xD8, 0xB4, 0xBD, 0x95, 0x67, 0x6D, 0xEF, 0x25, 0xFD, 0x4B, 0x6F, 0x6F, 0x26,
    0xFD, 0x60, 0x6F, 0xEF, 0xA6, 0xF9, 0xA3, 0xFC, 0xE0, 0x07, 0x0B, 0xF7, 0x7D, 0xE6, 0x13, 0x3B,
    0xD5, 0x11, 0xCF, 0xDF, 0x44, 0xAE, 0xDF, 0x52, 0x7F, 0x4F, 0xBD, 0xF7, 0x1E, 0xDE, 0x51, 0x57,
    0x53, 0xB0, 0x47, 0xE2, 0xB9, 0x46, 0x18, 0x76, 0x5B, 0xD4, 0xD5, 0xC5, 0x12, 0x66, 0x07, 0x53,
    0x93, 0xAB, 0xD5, 0x15, 0xEC, 0xDA, 0x51, 0xEB, 0xDF, 0xD5, 0xE0, 0x6A, 0x32, 0x65, 0x35, 0x6F,
    0xAA, 0xDC, 0x4C, 0xB1, 0xD6, 0x4D, 0xB1, 0xCE, 0x4D, 0xB1, 0xC6, 0xA9, 0x58, 0xDF, 0xA6, 0x6A,
    0xEC, 0xAA, 0x70, 0x95, 0xBB, 0x4A, 0x5D, 0xC5, 0xAE, 0xE4, 0xA2, 0x6A, 0x57, 0xA5, 0xAB, 0xDC,
    0x55, 0xE6, 0x2A, 0x71, 0x15, 0x51, 0x89, 0xA5, 0xF8, 0x50, 0x7F, 0xA6, 0xFC, 0x6D, 0xB7, 0xF7,
    0xDD, 0x55, 0xE3, 0x4A, 0xC9, 0xDF, 0x7A, 0x5E, 0xE0, 0x96, 0x49, 0x67, 0x3F, 0x68, 0xCC, 0xF1,
    0xEE, 0x6D, 0xE1, 0xE7, 0xF8, 0x55, 0xB7, 0x53, 0xF4, 0x04, 0x77, 0xE1, 0x42, 0x70, 0xD0, 0x43,
    0x31, 0xEC, 0x62, 0xDA, 0xC5, 0x42, 0xB1, 0x0A, 0x56, 0x8A, 0x45, 0xCA, 0x2D, 0x88, 0x02, 0x26,
    0x14, 0x1F, 0x5C, 0x58, 0x72, 0x51, 0x6C, 0x41, 0xD4, 0x41, 0xB4, 0x58, 0x4C, 0xC0, 0xC5, 0x6E,
    0x2D, 0x37, 0x87, 0x8D, 0x6A, 0xDF, 0x09, 0xE3, 0x93, 0xA2, 0x29, 0x1B, 0xE6, 0x60, 0xE3, 0x1D,
    0x8E, 0xDB, 0x8E, 0xA3, 0x1C, 0x1F, 0xE0, 0xD8, 0x69, 0xF7, 0x0F, 0x6B, 0x30, 0x91, 0x62, 0x2C,
    0xE4, 0x24, 0xE4, 0x93, 0x01, 0xE4, 0x3C, 0xE4, 0x5F, 0x84, 0xE7, 0x29, 0x03, 0xD7, 0x9F, 0x62,
    0xB0, 0xCB, 0x31, 0x92, 0x47, 0xCC, 0xCC, 0xA6, 0xAF, 0xE9, 0x3C, 0x39, 0xB0, 0xE6, 0xE0, 0x92,
    0x85, 0xE6, 0x87, 0x97, 0xCC, 0x41, 0xAD, 0x14, 0x2B, 0xBB, 0xDE, 0x5A, 0x53, 0xD6, 0xB5, 0xC2,
    0x71, 0x14, 0x15, 0x78, 0x92, 0xD8, 0x03, 0x2D, 0xC6, 0x29, 0x79, 0x93, 0x8C, 0xD7, 0x42, 0x72,
    0xE5, 0x02, 0x15, 0xFB, 0xAF, 0x27, 0x1B, 0x4E, 0xEA, 0xCE, 0x72, 0xB3, 0xA6, 0x5D, 0xDB, 0x33,
    0x0C, 0xAC, 0x3E, 0xAD, 0xBB, 0x4A, 0x2B, 0xAE, 0x93, 0x42, 0x4B, 0x95, 0xB2, 0xC8, 0x18, 0x59,
    0x59, 0xAC, 0xE2, 0x63, 0xFA, 0x33, 0xDC, 0xF1, 0x76, 0x95, 0xDE, 0xBB, 0x57, 0x18, 0x15, 0xE6,
    0xF8, 0x69, 0xC4, 0xEB, 0x4A, 0x85, 0x62, 0x35, 0x78, 0x0C, 0xAC, 0x11, 0x80, 0x2D, 0x53, 0x28,
    0x14, 0x4A, 0x54, 0xC5, 0x56, 0x2F, 0x72, 0x86, 0xF9, 0x0C, 0xAD, 0x82, 0x6D, 0xEA, 0x81, 0xD2,
    0xCF, 0xCB, 0xF6, 0x3E, 0xAA, 0xE6, 0xB2, 0xFD, 0xE0, 0x7D, 0x79, 0x47, 0xCA, 0xA6, 0xAE, 0xDA,
    0xFF, 0x46, 0xA7, 0x4F, 0x99, 0x61, 0xE1, 0x77, 0x8F, 0x8F, 0xF8, 0xBE, 0x78, 0x32, 0x9B, 0x8D,
    0x5F, 0xF5, 0x9F, 0x8E, 0xC0, 0x39, 0xF0, 0xD6, 0xF1, 0xB6, 0x0E, 0xB3, 0xD9, 0x5E, 0x30, 0xDA,
    0x58, 0xFA, 0xBA, 0xAD, 0x61, 0x7C, 0x35, 0x7F, 0xF2, 0x5E, 0xA8, 0x8A, 0x30, 0xB0, 0x10, 0xAD,
    0x2D, 0x6E, 0x03, 0xA1, 0xF5, 0x2E, 0x47, 0x8F, 0xE1, 0x3E, 0x84, 0x97, 0xDD, 0x48, 0x8F, 0x70,
    0x47, 0x6E, 0xCD, 0xB7, 0xD1, 0x75, 0x89, 0x87, 0xCB, 0xC2, 0x38, 0xDD, 0xC3, 0x69, 0x21, 0xBC,
    0x76, 0x15, 0xEE, 0xC3, 0xAB, 0x0E, 0xF7, 0x55, 0x2F, 0x15, 0xEE, 0x5B, 0x6E, 0x84, 0xFB, 0x92,
    0x2A, 0xD6, 0xA3, 0xC3, 0x49, 0xC7, 0x39, 0x4B, 0x3B, 0xEE, 0xA1, 0xB4, 0x38, 0x84, 0x23, 0x66,
    0xC5, 0x7C, 0xB0, 0x53, 0xE5, 0x2A, 0xD5, 0xCF, 0x3C, 0xF4, 0x66, 0x71, 0x38, 0xBE, 0x99, 0x16,
    0xA1, 0xB3, 0x70, 0x1D, 0x07, 0x56, 0x83, 0x05, 0xF2, 0x18, 0x06, 0x1C, 0x2D, 0xC4, 0x57, 0xAE,
    0x8E, 0xF3, 0x01, 0x27, 0x3B, 0x6A, 0xF1, 0x3F, 0xBB, 0x8A, 0xD1, 0xBF, 0xC1, 0x72, 0x63, 0xCE,
    0x8D, 0x28, 0xDA, 0x1D, 0xED, 0xEE, 0xFE, 0x85, 0x7C, 0x2A, 0xEA, 0x98, 0xE2, 0x39, 0x99, 0xF8,
    0xCE, 0xFF, 0x70, 0xD1, 0xAD, 0x30, 0x80, 0xAF, 0xD1, 0x1D, 0x3E, 0xC4, 0xC9, 0x4C, 0xE2, 0xF9,
    0x37, 0x53, 0x88, 0xC9, 0x3D, 0x14, 0x59, 0x04, 0x70, 0x27, 0x90, 0x42, 0x18, 0x30, 0x44, 0x01,
    0x43, 0x10, 0x30, 0xC4, 0x00, 0x2D, 0x04, 0xE8, 0x11, 0x40, 0x0B, 0x00, 0x7A, 0xFC, 0xCF, 0xBA,
    0x52, 0x1F, 0xC8, 0x77, 0x44, 0x6A, 0x69, 0x45, 0xF0, 0xEF, 0x68, 0xA4, 0x06, 0x73, 0x9F, 0x45,
    0x62, 0xAB, 0x42, 0xE1, 0x39, 0xD7, 0x89, 0x41, 0xBC, 0x97, 0x81, 0xF2, 0x02, 0xAB, 0x02, 0xCE,
    0xC0, 0xB0, 0x5F, 0xBE, 0x0F, 0xDF, 0x90, 0x28, 0x58, 0xB8, 0x8F, 0xC1, 0xBE, 0x60, 0xB3, 0x23,
    0x79, 0x8A, 0xA7, 0x58, 0xB7, 0xB2, 0x35, 0xE3, 0x2B, 0xB2, 0xE5, 0xAB, 0x6F, 0xF1, 0xD8, 0x1B,
    0x60, 0x48, 0x5A, 0xCE, 0xC1, 0xD2, 0x8F, 0xCF, 0xFF, 0x04, 0x3F, 0x41, 0x13, 0xE1, 0x1F, 0xD1,
    0x51, 0xD9, 0xBE, 0x87, 0xB7, 0xA6, 0xBB, 0xD5, 0xC2, 0xA8, 0xED, 0x3C, 0xF4, 0xAC, 0x96, 0x53,
    0x3C, 0xFD, 0xF5, 0xF8, 0xB1, 0x3E, 0xDD, 0xCF, 0x7F, 0xC2, 0x28, 0xD4, 0xC8, 0x83, 0xF5, 0x10,
    0xD1, 0xA7, 0x37, 0xF2, 0xF1, 0x1B, 0x60, 0x54, 0x11, 0xC5, 0x68, 0x3E, 0x43, 0xA2, 0x46, 0x65,
    0xBB, 0x2E, 0x26, 0x2D, 0x6C, 0x7F, 0x06, 0x34, 0x12, 0x4F, 0x1F, 0x67, 0x7D, 0xBE, 0x7C, 0x50,
    0x8C, 0xE7, 0x63, 0xE5, 0x94, 0x2F, 0x52, 0x8C, 0xF1, 0x24, 0x59, 0xFF, 0x3A, 0xD8, 0xF8, 0x77,
    0x63, 0x7A, 0x87, 0x9F, 0x65, 0x9D, 0x12, 0x9E, 0x0C, 0x4A, 0xA5, 0xD9, 0x38, 0x37, 0x1B, 0xFF,
    0xD5, 0xA4, 0xCD, 0xB1, 0x1C, 0x9E, 0xD2, 0xB8, 0x63, 0x84, 0x4E, 0xB7, 0x04, 0x0D, 0x6D, 0xFC,
    0xE3, 0x37, 0xC0, 0xC6, 0x4C, 0xDF, 0x95, 0xBF, 0x10, 0xA9, 0xFF, 0x05, 0x72, 0xF8, 0x02, 0x87,
    0xF1, 0xA7, 0x7E, 0xC1, 0x3E, 0xC8, 0xFA, 0x6C, 0x91, 0x62, 0xA2, 0x8D, 0xA9, 0x5E, 0x1B, 0x1B,
    0xFF, 0x66, 0x30, 0xCC, 0xE1, 0x35, 0x56, 0x43, 0x92, 0xF2, 0x85, 0x36, 0xFE, 0xCB, 0xC5, 0x6C,
    0xFC, 0xE7, 0x6F, 0xAC, 0x8D, 0x63, 0x95, 0x79, 0xC7, 0x5A, 0x50, 0x98, 0xAC, 0x72, 0xC2, 0x5B,
    0x2D, 0xA8, 0x24, 0x9E, 0xCA, 0xEF, 0xBF, 0xA6, 0xEF, 0x31, 0x87, 0x3C, 0x2C, 0x6D, 0x45, 0x1C,
    0x24, 0xF5, 0x41, 0xD7, 0x26, 0xC9, 0xD3, 0x08, 0xA0, 0x99, 0xF9, 0x5E, 0x67, 0x1E, 0xC6, 0xF7,
    0x40, 0x0E, 0x86, 0x1B, 0xC8, 0xF1, 0x1D, 0xB1, 0xB3, 0x31, 0xDF, 0x89, 0x23, 0xC0, 0x1C, 0x7D,
    0x0D, 0xC9, 0xBC, 0x62, 0x67, 0x11, 0xDE, 0xD1, 0x46, 0x66, 0x12, 0xB5, 0x77, 0xC7, 0xC1, 0xED,
    0x15, 0x7B, 0x2A, 0x9A, 0xC2, 0x06, 0xC3, 0x43, 0x6D, 0x13, 0xC0, 0x43, 0x3B, 0xF8, 0xB6, 0x1F,
    0x7F, 0x53, 0x07, 0xBD, 0xF7, 0x75, 0x15, 0xFE, 0xE1, 0xD8, 0x55, 0x78, 0xF8, 0x91, 0xAF, 0x4F,
    0xDB, 0x5E, 0xF3, 0xD1, 0xDE, 0xC6, 0xB4, 0x2E, 0xED, 0xED, 0xDB, 0x7E, 0xFC, 0xCD, 0x35, 0x37,
    0x07, 0xBF, 0x0E, 0x6E, 0x6F, 0xEB, 0x3F, 0x48, 0x84, 0x8E, 0x8A, 0xFB, 0x5E, 0x0B, 0x73, 0x0B,
    0x6F, 0xAB, 0xFC, 0x39, 0xE4, 0xFD, 0x29, 0x07, 0xF3, 0x36, 0x43, 0xBA, 0xAC, 0x2F, 0x12, 0x2E,
    0xE3, 0x8B, 0x4C, 0x5D, 0x6A, 0x06, 0x8B, 0x5C, 0x4F, 0x48, 0x49, 0xBD, 0xD5, 0xBB, 0xC4, 0xB2,
    0xCB, 0x18, 0xE3, 0x2E, 0x13, 0x0C, 0x35, 0xED, 0x49, 0xA3, 0xEC, 0xF2, 0x04, 0xD9, 0x65, 0xB9,
    0xB9, 0x6C, 0x97, 0x5D, 0x46, 0x98, 0x82, 0x0C, 0x7E, 0x25, 0x14, 0xD7, 0x65, 0x7E, 0x91, 0xC5,
    0x45, 0x96, 0x17, 0x09, 0x97, 0x91, 0x52, 0x0D, 0x33, 0xE1, 0x68, 0x92, 0x43, 0xF0, 0x5D, 0xB2,
    0x05, 0x99, 0x2C, 0x50, 0xED, 0xB2, 0x86, 0xEC, 0x92, 0xB7, 0x63, 0x1D, 0xBC, 0x58, 0xBC, 0x38,
    0xD1, 0xF9, 0x71, 0x66, 0x24, 0x05, 0xD6, 0x74, 0x8F, 0x94, 0x3C, 0x01, 0x66, 0x15, 0xEE, 0x3D,
    0x99, 0x44, 0x9B, 0x15, 0x06, 0x73, 0x22, 0x25, 0x1A, 0x7D, 0x43, 0x7C, 0x7E, 0x94, 0x22, 0xC6,
    0xA0, 0xCD, 0x6C, 0xD3, 0xE0, 0x4D, 0x04, 0x4B, 0x43, 0x16, 0xC4, 0x58, 0xEC, 0xA2, 0x44, 0x75,
    0xE2, 0x21, 0xF5, 0x76, 0x5B, 0x08, 0x57, 0xE4, 0x50, 0xD1, 0xAA, 0xA8, 0xCC, 0x89, 0x9A, 0x9F,
    0xAA, 0xF5, 0xE4, 0x67, 0xF2, 0xA1, 0x94, 0xB0, 0x24, 0xC5, 0x2E, 0xB2, 0x20, 0xAA, 0x18, 0xC0,
    0xF7, 0x55, 0xC8, 0x63, 0xDC, 0xD9, 0xBC, 0xAA, 0xBA, 0xC5, 0x8A, 0x39, 0xFA, 0x42, 0x23, 0xC0,
    0xCC, 0x40, 0x56, 0xDA, 0xDC, 0x82, 0x8C, 0xC3, 0x3C, 0x3A, 0x73, 0xAE, 0x56, 0xF8, 0xB6, 0xAD,
    0xCD, 0x38, 0x06, 0xC1, 0x6B, 0x90, 0xA4, 0x5D, 0x03, 0x2F, 0xC6, 0x70, 0x66, 0x1B, 0xBA, 0xC5,
    0x39, 0x3D, 0xF5, 0xCE, 0xAB, 0x71, 0x0D, 0xB2, 0xE6, 0xAF, 0xCC, 0xFB, 0xE5, 0xFC, 0x9B, 0x94,
    0xF9, 0x3C, 0xCA, 0x56, 0xF7, 0x9D, 0x44, 0x81, 0xA5, 0x0E, 0x9C, 0x1B, 0xDB, 0x81, 0x8A, 0x0B,
    0x5B, 0x36, 0x76, 0x55, 0x59, 0xFA, 0x8C, 0x07, 0x6B, 0xC5, 0x08, 0x8A, 0x09, 0x31, 0xC7, 0x9D,
    0xBA, 0x71, 0x9A, 0xAE, 0x80, 0x9C, 0xB1, 0xDC, 0x88, 0xFC, 0x30, 0x94, 0xCB, 0x01, 0x57, 0x43,
    0x3F, 0x27, 0x9C, 0x9F, 0xA3, 0x3F, 0x29, 0x86, 0x3C, 0x3D, 0x7F, 0xA9, 0x89, 0x8F, 0xF0, 0x09,
    0x2B, 0x2E, 0x25, 0x66, 0x68, 0xEC, 0xDB, 0x9A, 0xDC, 0x69, 0x81, 0x53, 0x9F, 0x01, 0xB7, 0xCA,
    0x18, 0x89, 0x8D, 0x7D, 0xC6, 0x38, 0xDA, 0x7C, 0x27, 0x84, 0xC9, 0xD9, 0x00, 0xFE, 0xCB, 0x9A,
    0x97, 0x95, 0x2E, 0xDD, 0xDF, 0x97, 0xD1, 0x23, 0xE4, 0xBC, 0xE2, 0x2A, 0xB9, 0xDD, 0x69, 0x76,
    0xB7, 0x7A, 0x69, 0x64, 0x36, 0x0F, 0x26, 0x0F, 0x16, 0x37, 0x83, 0x9B, 0xBD, 0xDD, 0xDC, 0x35,
    0xDC, 0xD8, 0x17, 0x5B, 0xC3, 0xE9, 0x60, 0xF0, 0xE7, 0xA9, 0x0D, 0xB4, 0x92, 0x6A, 0x90, 0x4A,
    0x54, 0x4A, 0xC1, 0xC2, 0xC1, 0xC0, 0xC1, 0xBE, 0xC1, 0xBC, 0xBB, 0x75, 0x6B, 0xA3, 0x9C, 0xE4,
    0xA6, 0x35, 0xCB, 0x46, 0x4D, 0xD4, 0x89, 0xA4, 0x53, 0x36, 0x6A, 0xF4, 0xA4, 0xE4, 0xE0, 0x83,
    0x3E, 0xCE, 0x3C, 0x6D, 0x61, 0x9F, 0xC4, 0x51, 0x51, 0x4F, 0x3C, 0xA4, 0x7B, 0x1B, 0xC5, 0xF4,
    0x82, 0x46, 0xF1, 0x99, 0x08, 0x6B, 0x14, 0xD5, 0xAB, 0x6D, 0x14, 0x89, 0x24, 0xA2, 0xA7, 0xF7,
    0x27, 0x36, 0x86, 0xB9, 0x1D, 0x2F, 0xF3, 0x5D, 0x31, 0x36, 0xB1, 0x8F, 0x07, 0xE9, 0xD4, 0x93,
    0x12, 0xB9, 0x9D, 0xCC, 0x8E, 0x2D, 0x94, 0x62, 0xAC, 0x4A, 0x29, 0x26, 0xA5, 0x13, 0x06, 0xA5,
    0x1A, 0x8D, 0x12, 0x36, 0x3D, 0x33, 0xC1, 0xA2, 0x94, 0x63, 0x54, 0x2A, 0xD1, 0x29, 0xD9, 0xE2,
    0xB6, 0x0D, 0x8B, 0x12, 0x30, 0x19, 0xF5, 0x46, 0x8D, 0x6F, 0xF9, 0xB1, 0x2D, 0xAC, 0xC3, 0x6A,
    0x41, 0x2A, 0xD0, 0x79, 0x9E, 0x7E, 0x87, 0x08, 0x5B, 0x70, 0x2E, 0x95, 0x52, 0x81, 0x5E, 0x29,
    0xC7, 0xA8, 0x94, 0x60, 0x51, 0xD2, 0x73, 0xFC, 0xE1, 0xB9, 0x50, 0x29, 0x96, 0xD8, 0x6B, 0xE5,
    0x34, 0xB7, 0xBD, 0xD5, 0x89, 0x57, 0x49, 0x3B, 0x7B, 0x85, 0x1C, 0xEB, 0x23, 0xFA, 0xA9, 0x62,
    0xB9, 0xBC, 0x14, 0xDA, 0xEA, 0x80, 0x92, 0x73, 0xF5, 0x58, 0xA5, 0x5C, 0x12, 0x4C, 0x67, 0xCC,
    0x31, 0x9C, 0xB1, 0x44, 0x23, 0xE5, 0x8A, 0xCD, 0xA2, 0xBC, 0xC4, 0x81, 0xD8, 0xB9, 0xB6, 0xFD,
    0x2B, 0x56, 0xE1, 0xF9, 0x8A, 0x27, 0x74, 0x67, 0xCC, 0x30, 0x7A, 0x6E, 0x82, 0x45, 0xB1, 0x86,
    0xF8, 0xBD, 0x72, 0xDE, 0x37, 0xC3, 0xF0, 0x35, 0x09, 0xF9, 0x37, 0x5F, 0x4A, 0xC8, 0x7F, 0xB0,
    0x4F, 0x1A, 0x2A, 0x1F, 0xAC, 0xD3, 0x0C, 0xA3, 0x0F, 0xE5, 0x99, 0xF4, 0x6A, 0xBB, 0xA0, 0x71,
    0x3E, 0x4E, 0x44, 0xB6, 0x81, 0x1F, 0x6F, 0xD5, 0x2B, 0x09, 0xFF, 0xCF, 0x9F, 0x27, 0xFC, 0x1F,
    0x29, 0xD2, 0x81, 0x2D, 0x2C, 0xE3, 0xC0, 0x07, 0xAB, 0xBC, 0x58, 0xC5, 0x78, 0x19, 0x0F, 0xC0,
    0x10, 0x0D, 0xB1, 0x73, 0xAC, 0x89, 0x8F, 0xC3, 0x7E, 0x9E, 0x75, 0x93, 0xBF, 0xF4, 0x89, 0xA2,
    0xB7, 0xAD, 0xA6, 0x04, 0xA6, 0x5B, 0x78, 0x95, 0xBE, 0x39, 0xED, 0xAB, 0x93, 0xB3, 0x4E, 0xA6,
    0x94, 0xFE, 0xB6, 0x58, 0xCE, 0x3A, 0x8C, 0x04, 0x8E, 0xFE, 0xD6, 0x2A, 0xA0, 0x93, 0x1B, 0x89,
    0x7D, 0x8F, 0xF9, 0x33, 0x71, 0xF0, 0x98, 0x4C, 0xBD, 0xD1, 0x02, 0xB3, 0xE6, 0x79, 0xD8, 0xDD,
    0xDA, 0xEE, 0x30, 0xB1, 0xB7, 0x11, 0xD1, 0x11, 0x6D, 0xA8, 0x32, 0x87, 0x41, 0x84, 0xF7, 0x56,
    0x6A, 0x47, 0xDD, 0x93, 0x6A, 0xC3, 0x5E, 0xF3, 0x67, 0xF2, 0x18, 0x4B, 0xCE, 0xFB, 0x9E, 0xAC,
    0x07, 0xAE, 0xD8, 0x13, 0xAB, 0x47, 0xA0, 0x8D, 0x7E, 0x9B, 0xFD, 0x26, 0x9B, 0x6B, 0xAA, 0xF6,
    0xB9, 0xA6, 0xF2, 0xC6, 0x5C, 0x93, 0x9E, 0x71, 0x2B, 0x15, 0x00, 0x96, 0x6B, 0xB0, 0xBC, 0xD3,
    0xB0, 0x64, 0x92, 0x1D, 0x2C, 0x2B, 0x15, 0xCB, 0x9A, 0xF8, 0xFE, 0x02, 0x77, 0x3E, 0x00, 0xE6,
    0x72, 0x4C, 0x8C, 0xA1, 0xD3, 0x67, 0xE5, 0x2A, 0x37, 0x16, 0xF7, 0x39, 0x28, 0xC0, 0x8A, 0xFB,
    0xEE, 0xB9, 0x04, 0x2B, 0x17, 0x96, 0x28, 0x70, 0xF9, 0x60, 0x57, 0x73, 0x10, 0xF2, 0x77, 0x78,
    0x7A, 0x6F, 0x89, 0xEA, 0x17, 0x94, 0x28, 0x41, 0xF7, 0x55, 0x43, 0xAA, 0x70, 0x42, 0x67, 0xC1,
    0x93, 0x02, 0x10, 0x29, 0xE8, 0x26, 0xF5, 0x35, 0xFB, 0xFD, 0xAD, 0x7A, 0x1D, 0x16, 0xAF, 0xBF,
    0x5D, 0xBC, 0xEE, 0x56, 0x60, 0xE2, 0x59, 0x07, 0xBD, 0xB9, 0x76, 0x37, 0xF4, 0x76, 0x31, 0xFA,
    0xCB, 0x2D, 0x46, 0xF7, 0x17, 0xF2, 0x15, 0xCB, 0xB7, 0x8B, 0xD1, 0x3D, 0x35, 0xC4, 0x78, 0x24,
    0x65, 0x7B, 0x28, 0x8B, 0xD4, 0x6E, 0x3C, 0x84, 0xE9, 0xF8, 0xBB, 0xBB, 0x8D, 0x28, 0x7F, 0xF8,
    0x26, 0x8C, 0xC3, 0x39, 0x53, 0x64, 0x53, 0x45, 0xDE, 0xA7, 0x02, 0x67, 0x7F, 0x89, 0x39, 0x7A,
    0xC5, 0x8D, 0xD5, 0xE3, 0xBD, 0x83, 0xAF, 0xFB, 0x38, 0xDC, 0x3E, 0x01, 0x22, 0x5F, 0x8E, 0xAA,
    0x97, 0x7B, 0x14, 0x34, 0x7D, 0x61, 0x75, 0x4F, 0xCE, 0x95, 0xB4, 0x57, 0x4A, 0x43, 0xFD, 0x30,
    0xA5, 0x55, 0x35, 0x9B, 0x9A, 0x52, 0x53, 0x29, 0xFC, 0xE3, 0xEA, 0xCA, 0xEA, 0x53, 0x15, 0x3F,
    0x0C, 0x15, 0xD5, 0x09, 0x98, 0x85, 0x29, 0x6A, 0xB7, 0x46, 0xDB, 0xC9, 0x33, 0xED, 0x43, 0x02,
    0x77, 0xE6, 0x12, 0x88, 0x68, 0x88, 0x03, 0x71, 0x6C, 0x57, 0x39, 0xF1, 0x2E, 0xB1, 0xDD, 0x1F,
    0xAB, 0x62, 0x4B, 0xAC, 0xAF, 0x31, 0xEC, 0xC7, 0xE2, 0x18, 0x63, 0x3A, 0x63, 0xCA, 0x67, 0xB2,
    0x8F, 0x7E, 0xA9, 0x4F, 0x15, 0x31, 0xD0, 0x78, 0xD2, 0xE0, 0xC6, 0x0A, 0x4C, 0xBC, 0x6F, 0xA7,
    0xB8, 0x89, 0xE2, 0x44, 0xAC, 0x14, 0x27, 0x51, 0xAC, 0xCC, 0x26, 0x5F, 0x08, 0x7D, 0xA9, 0xD1,
    0x8F, 0x8F, 0x3F, 0x4B, 0x4C, 0xD1, 0x87, 0x15, 0xDD, 0xC7, 0x17, 0xF6, 0xB4, 0x3D, 0xB7, 0x66,
    0xEB, 0x6F, 0x8C, 0x3C, 0xF9, 0x72, 0xFC, 0x76, 0x31, 0x42, 0xA0, 0xCE, 0x68, 0x30, 0x9A, 0x8C,
    0x56, 0x23, 0x04, 0xEA, 0x8C, 0x06, 0xA3, 0x49, 0x69, 0xC1, 0x42, 0x2A, 0x37, 0x12, 0xD7, 0x75,
    0x87, 0x45, 0xDD, 0x61, 0x45, 0x37, 0x97, 0x73, 0x93, 0x6A, 0x90, 0x0A, 0xA3, 0xDC, 0x28, 0x35,
    0x8A, 0x8D, 0x24, 0x50, 0x6D, 0x54, 0x1A, 0xE5, 0x46, 0x99, 0x51, 0x62, 0x14, 0xA1, 0x97, 0xC8,
    0x2A, 0x62, 0x60, 0xC1, 0xE7, 0xCB, 0x4A, 0xE1, 0x32, 0xCC, 0xB9, 0xEA, 0x81, 0x88, 0x18, 0xE6,
    0xBA, 0x1E, 0x5D, 0xAD, 0x9C, 0xE6, 0xB2, 0x69, 0xE2, 0x40, 0x9C, 0x88, 0x8B, 0x2D, 0x95, 0xB6,
    0x75, 0xD2, 0x8A, 0x05, 0x14, 0x4F, 0xAF, 0x06, 0x35, 0xFD, 0x88, 0x18, 0x86, 0x36, 0x1E, 0x5D,
    0x4B, 0x10, 0x78, 0xAB, 0xC8, 0xD2, 0x5F, 0x87, 0x18, 0x1B, 0x52, 0x84, 0x29, 0x9C, 0xBF, 0x18,
    0x8F, 0x2B, 0x39, 0x1D, 0xFE, 0xDE, 0xB7, 0x0F, 0xC7, 0x9D, 0x53, 0x6C, 0xE4, 0xFC, 0xBE, 0x89,
    0x3D, 0x58, 0x1D, 0xE2, 0x53, 0x8C, 0x16, 0x10, 0xB6, 0xB5, 0x66, 0xFE, 0xCB, 0x1F, 0x9B, 0xE0,
    0xB3, 0xAF, 0x27, 0x5F, 0xF1, 0x13, 0xC8, 0x36, 0xAF, 0x50, 0x84, 0xC9, 0x39, 0x9B, 0xD6, 0xBE,
    0x4C, 0xEC, 0xB5, 0x3E, 0xAA, 0x26, 0x47, 0xE4, 0xF9, 0x6A, 0x82, 0x6F, 0x9F, 0x14, 0x3C, 0x4E,
    0xF0, 0x35, 0xCF, 0x4D, 0xF0, 0x95, 0x2F, 0x9A, 0xE0, 0x33, 0x9F, 0x9A, 0x8D, 0x5A, 0x82, 0x29,
    0x74, 0xD7, 0xB2, 0x6D, 0xF7, 0x11, 0x71, 0x75, 0x79, 0x25, 0x9A, 0xD0, 0x69, 0xCB, 0xFE, 0x79,
    0x3E, 0x43, 0xB7, 0x50, 0x71, 0x1F, 0x8F, 0xBE, 0x1E, 0xD3, 0x7F, 0xEE, 0x05, 0x0F, 0xAE, 0xF0,
    0x18, 0x63, 0x70, 0xA7, 0xF8, 0x5C, 0xDB, 0x71, 0xF7, 0x68, 0x72, 0x33, 0xB6, 0x4A, 0xF0, 0xD4,
    0xBD, 0xB2, 0xA9, 0xC2, 0xB7, 0x53, 0x85, 0x62, 0x5F, 0x29, 0xFF, 0x50, 0xD9, 0xB7, 0xCA, 0xAB,
    0xC0, 0x38, 0xC2, 0x7A, 0xF5, 0x4B, 0x9D, 0x14, 0x4D, 0x38, 0xC4, 0x23, 0xFC, 0x48, 0xBC, 0x21,
    0xB3, 0x88, 0xDE, 0xCC, 0xB3, 0xCE, 0xD8, 0xA2, 0x48, 0xEE, 0x0D, 0x6D, 0x80, 0xCA, 0x77, 0x3D,
    0xB0, 0xB8, 0xCF, 0xBB, 0x5E, 0xA8, 0xDC, 0xDB, 0xEA, 0x6D, 0x1E, 0x6A, 0x81, 0x7F, 0xDB, 0xF4,
    0x74, 0x33, 0x6F, 0x19, 0x86, 0x88, 0x56, 0xD6, 0x9B, 0x41, 0xC8, 0x3C, 0x04, 0x21, 0xCB, 0xF0,
    0x9F, 0x53, 0xB4, 0x36, 0xD4, 0x8D, 0xF0, 0x2B, 0x06, 0x21, 0x13, 0xFC, 0x90, 0x41, 0xC8, 0x7C,
    0xB3, 0x6E, 0x70, 0xB1, 0x18, 0xD7, 0x23, 0x39, 0x42, 0x9F, 0x29, 0x27, 0x68, 0xB8, 0x9D, 0xC3,
    0xFA, 0xC9, 0xC5, 0x42, 0x5E, 0xEB, 0xC9, 0x82, 0x90, 0x18, 0x6C, 0xB5, 0x3A, 0x6F, 0x64, 0x31,
    0x08, 0x80, 0xF7, 0x0E, 0x41, 0x48, 0x39, 0x06, 0x21, 0x63, 0x72, 0x2F, 0x29, 0xB9, 0xF2, 0xE6,
    0x5C, 0x3C, 0xE3, 0x6E, 0xC9, 0xC6, 0x77, 0xF1, 0xCB, 0x9B, 0x13, 0x52, 0xD6, 0x80, 0xA2, 0x59,
    0x31, 0xDD, 0x14, 0x4F, 0x66, 0x30, 0x45, 0x6D, 0xEA, 0x8A, 0x3D, 0x8D, 0xEA, 0x9D, 0x0E, 0x9E,
    0xCB, 0xF0, 0x62, 0xDE, 0xB3, 0xE6, 0x46, 0xD6, 0x5B, 0x27, 0xBC, 0xB9, 0x87, 0x17, 0x0B, 0x86,
    0x17, 0x0B, 0x0C, 0x7C, 0x3B, 0xC7, 0x62, 0x15, 0x6D, 0x2C, 0x4B, 0x0C, 0x4C, 0xE5, 0x92, 0x2D,
    0xED, 0x5C, 0x2E, 0xA7, 0xA9, 0x3E, 0x63, 0x39, 0x28, 0xB6, 0x5D, 0x3B, 0x95, 0x1B, 0xA4, 0x9D,
    0x34, 0xD8, 0x82, 0xF1, 0x84, 0x99, 0xBF, 0x2D, 0x1C, 0x13, 0x6D, 0x74, 0x93, 0x87, 0x17, 0x89,
    0xBC, 0xED, 0x2C, 0xA7, 0x5F, 0x33, 0x48, 0xD5, 0xB7, 0xCF, 0xFC, 0x8D, 0xF2, 0x62, 0x7D, 0xA4,
    0x14, 0x4D, 0xB2, 0xD8, 0xD8, 0x29, 0xD9, 0xC8, 0x48, 0x59, 0xBC, 0x18, 0x3F, 0x31, 0x37, 0x86,
    0xBE, 0x1E, 0xED, 0x7B, 0x79, 0x0A, 0x2B, 0xF5, 0xCD, 0xDF, 0x26, 0x55, 0xF4, 0x06, 0x2F, 0x7B,
    0x8A, 0x1A, 0x69, 0x24, 0xEB, 0x93, 0x51, 0x0A, 0xAD, 0x97, 0xB3, 0xA1, 0x56, 0xC9, 0xD7, 0x14,
    0x92, 0x40, 0x3B, 0x9A, 0xE8, 0xEA, 0x5E, 0xCA, 0xA6, 0xE8, 0xE4, 0x7D, 0x79, 0xF7, 0xC1, 0x7D,
    0x60, 0x3B, 0x1C, 0x3B, 0x2E, 0xBE, 0xE2, 0xC9, 0x6B, 0x7E, 0xA8, 0x79, 0x42, 0xDB, 0x15, 0x23,
    0xB9, 0x39, 0x8D, 0x6F, 0x7F, 0xCD, 0x25, 0x51, 0xFB, 0x54, 0x0F, 0xD8, 0x37, 0x2F, 0x4C, 0x9C,
    0xA2, 0x43, 0x27, 0x90, 0xB2, 0x8B, 0xCE, 0xD0, 0x3F, 0x7C, 0x07, 0x27, 0x6A, 0xE4, 0xA9, 0x7A,
    0xC8, 0x64, 0xD4, 0xEF, 0x7D, 0x3E, 0x9F, 0x51, 0x5B, 0xA2, 0x64, 0x5B, 0x0A, 0xAD, 0xD9, 0xEF,
    0x69, 0x61, 0xD1, 0xA9, 0x7D, 0xCB, 0x46, 0x67, 0x59, 0xDF, 0xF1, 0xCE, 0xFC, 0x31, 0xFC, 0x77,
    0x0F, 0xDE, 0x33, 0xDA, 0xD2, 0x72, 0xDE, 0x87, 0x3C, 0xF3, 0xFE, 0x7C, 0xD0, 0x7D, 0x36, 0xCA,
    0x47, 0x5C, 0x22, 0xBC, 0xE8, 0x98, 0x2E, 0x41, 0x8C, 0xEA, 0x8C, 0x7F, 0x64, 0x65, 0xD4, 0x46,
    0x5E, 0x8F, 0xC5, 0xA4, 0xFD, 0x84, 0x6C, 0xD1, 0x51, 0x41, 0x3C, 0xF3, 0x7B, 0x7E, 0xF1, 0x6B,
    0xED, 0x71, 0xB6, 0x87, 0x4E, 0xCC, 0xDD, 0xBD, 0xF0, 0x73, 0x5C, 0xE5, 0xF4, 0xF2, 0x27, 0x70,
    0x25, 0xE9, 0xA6, 0x4D, 0xB3, 0x5C, 0x25, 0xB2, 0xE8, 0xE5, 0x4D, 0x64, 0xCB, 0x2F, 0x36, 0x22,
    0x14, 0xF3, 0x10, 0xB2, 0x98, 0xE5, 0x4F, 0x42, 0xCE, 0x3E, 0xDB, 0xA3, 0x98, 0x11, 0x6D, 0x21,
    0x6F, 0xA4, 0xA0, 0xA3, 0x6B, 0xFF, 0x29, 0x38, 0x5D, 0x93, 0x2D, 0x97, 0x8C, 0x20, 0x75, 0x27,
    0xB1, 0xB6, 0x35, 0x61, 0xFA, 0x3A, 0x5B, 0x4D, 0x9E, 0x70, 0x85, 0x04, 0xE0, 0x4B, 0x22, 0x4E,
    0x36, 0xC5, 0x3E, 0x95, 0xE3, 0x19, 0xFB, 0x7C, 0x3A, 0x63, 0xA7, 0xC8, 0xF4, 0x7A, 0xDA, 0x2B,
    0x56, 0x07, 0x9A, 0x77, 0x59, 0x2F, 0xF5, 0x50, 0x8E, 0x52, 0x8F, 0xE5, 0x2C, 0xA7, 0x25, 0x5F,
    0x25, 0xDD, 0x12, 0x48, 0x8C, 0x4A, 0x23, 0x18, 0x52, 0x36, 0xF2, 0x7B, 0xF2, 0x9E, 0x1C, 0x52,
    0x86, 0xEE, 0xB5, 0x82, 0xE0, 0xBA, 0xD2, 0x41, 0x5D, 0xFA, 0x24, 0xE5, 0xAC, 0x3D, 0xAB, 0x35,
    0x03, 0x5F, 0xA8, 0x46, 0xDF, 0xA4, 0xE0, 0xBA, 0xDE, 0x93, 0x77, 0x1F, 0x6E, 0x9E, 0xE9, 0x09,
    0xBF, 0xE4, 0x55, 0x06, 0x35, 0x2F, 0xC6, 0x72, 0x2A, 0x46, 0x6D, 0x27, 0x65, 0x97, 0xCF, 0x57,
    0x4B, 0x65, 0x1E, 0xE0, 0x6F, 0x50, 0x5F, 0x4A, 0x3F, 0xAA, 0xBE, 0x4D, 0xFD, 0xA7, 0xFA, 0x4E,
    0xF7, 0x9B, 0xAF, 0xFA, 0x97, 0xA9, 0xB4, 0xA0, 0x08, 0xFB, 0x1F, 0xCA, 0x85, 0x75, 0xCD, 0xD8,
    0x0B, 0xB1, 0xF1, 0x6A, 0x0A, 0xB3, 0xD8, 0xF7, 0xC0, 0x13, 0xD9, 0x1D, 0x11, 0xFA, 0x80, 0x4E,
    0xF9, 0x7D, 0x79, 0xF4, 0xF6, 0x97, 0xA9, 0xF2, 0x12, 0xCE, 0xE4, 0x35, 0xFC, 0x65, 0x2A, 0xBB,
    0x2B, 0xAC, 0x38, 0x1F, 0x9A, 0x93, 0x6B, 0x84, 0x36, 0xD0, 0xA3, 0x23, 0x57, 0x65, 0x4F, 0x16,
    0xB2, 0xA5, 0xB7, 0x6D, 0x41, 0x9E, 0x30, 0xBC, 0xC5, 0x73, 0x32, 0x73, 0x51, 0xBC, 0xBE, 0x9C,
    0x8A, 0xA3, 0x8B, 0x9A, 0x5F, 0xEB, 0xDF, 0x27, 0xC7, 0x95, 0x05, 0xEF, 0x3A, 0xC6, 0x4C, 0x4A,
    0x36, 0x60, 0xFB, 0xC0, 0x8B, 0x7E, 0xE2, 0x37, 0x09, 0x0D, 0x9D, 0xD1, 0xF0, 0x96, 0xD1, 0x86,
    0x8A, 0x21, 0xDE, 0xEF, 0xDC, 0x58, 0xA0, 0x6A, 0x13, 0x9C, 0x36, 0xAD, 0x68, 0xB4, 0x18, 0xA1,
    0x32, 0xEA, 0x8C, 0x06, 0x9B, 0x52, 0x1D, 0x95, 0x12, 0xA3, 0x18, 0x93, 0x52, 0x44, 0xE2, 0x96,
    0x1F, 0xB3, 0x33, 0xED, 0x3A, 0xCF, 0xC5, 0xF3, 0x5C, 0x8E, 0xF7, 0xB3, 0x49, 0xF8, 0x14, 0x93,
    0x12, 0x07, 0x1B, 0xBE, 0xE8, 0x51, 0xDB, 0x97, 0x52, 0x98, 0xDB, 0xCF, 0x31, 0x1C, 0x56, 0x49,
    0xEA, 0xA9, 0x36, 0x55, 0x41, 0xAA, 0x71, 0x74, 0xDD, 0xFD, 0x73, 0xAE, 0x3B, 0x7B, 0xA1, 0xEB,
    0x7E, 0xD4, 0x6E, 0x55, 0x6C, 0xD3, 0x53, 0x01, 0x9A, 0x00, 0xFD, 0xA3, 0x57, 0xE2, 0xF1, 0xFC,
    0x0D, 0xCE, 0xB1, 0xF8, 0xFB, 0xEB, 0xEB, 0x35, 0x39, 0xF0, 0xE0, 0xCB, 0x7B, 0xA6, 0xC3, 0xE0,
    0xE3, 0x9B, 0x6C, 0x35, 0x39, 0x3D, 0x93, 0xC8, 0xEA, 0x7D, 0xC8, 0x81, 0x29, 0x9F, 0x4F, 0xCB,
    0x69, 0x4C, 0xCF, 0x7F, 0xC9, 0x72, 0x1C, 0x78, 0x15, 0xC0, 0x52, 0xDA, 0xDF, 0xCC, 0xBF, 0x55,
    0x7E, 0xA4, 0xE3, 0xAD, 0x97, 0xFD, 0x3B, 0x7B, 0x87, 0x6F, 0xD9, 0xFC, 0x51, 0xC1, 0x0F, 0x46,
    0x65, 0xEB, 0x56, 0x3B, 0x5B, 0xAF, 0x35, 0x96, 0x13, 0xD7, 0xF9, 0xE6, 0xFC, 0x72, 0xAD, 0x09,
    0xCE, 0x14, 0x2F, 0xB2, 0xDA, 0xFC, 0xD1, 0x1F, 0x7C, 0xF3, 0x7F, 0x87, 0x18, 0x5E, 0xAA, 0x54,
    0xFB, 0xC3, 0xC5, 0x28, 0xF5, 0x54, 0x2E, 0xFA, 0x52, 0x6D, 0x92, 0x22, 0x41, 0x15, 0xA1, 0xD1,
    0x7C, 0xAB, 0xB2, 0x91, 0x0F, 0xE4, 0xFD, 0x87, 0xFE, 0x5D, 0x69, 0xB6, 0x05, 0x9F, 0xD6, 0xFB,
    0xAF, 0xFD, 0xB5, 0x88, 0x66, 0xBA, 0x4C, 0xCB, 0x94, 0xCF, 0xC9, 0xA6, 0x34, 0xC5, 0xDB, 0x9B,
    0xF3, 0xFF, 0x35, 0x44, 0x8A, 0x1C, 0x80, 0x96, 0xD8, 0x6C, 0xF8, 0xC9, 0xD1, 0x27, 0x07, 0x9F,
    0x3E, 0xF6, 0x7C, 0x60, 0xE3, 0x45, 0xED, 0x56, 0x89, 0x14, 0x7C, 0x70, 0x1E, 0xB2, 0x13, 0x72,
    0xC0, 0xFA, 0xE0, 0xE0, 0x5A, 0xF4, 0x68, 0x11, 0xAD, 0x94, 0xDF, 0x20, 0x8A, 0x23, 0x17, 0x40,
    0xD2, 0xDC, 0x39, 0xB4, 0xB0, 0x56, 0xFE, 0x18, 0x08, 0x11, 0xA4, 0x85, 0xBB, 0xE0, 0xFD, 0xA4,
    0x98, 0xB5, 0xA4, 0x19, 0xFA, 0x54, 0x68, 0xB2, 0xE3, 0x3B, 0x8C, 0x0B, 0xE5, 0x77, 0xC2, 0x88,
    0xAD, 0xD6, 0x67, 0xA1, 0xD8, 0x94, 0x8A, 0xB6, 0x70, 0x88, 0x93, 0xE9, 0x83, 0x7E, 0x95, 0x9E,
    0xC9, 0x71, 0xA6, 0xC9, 0x11, 0x8A, 0x39, 0x06, 0x62, 0x4F, 0x6C, 0x14, 0xD9, 0xAF, 0xC8, 0xB8,
    0x80, 0x21, 0x78, 0x9A, 0x4A, 0x0B, 0xC8, 0xF2, 0xA9, 0x89, 0x3F, 0x0C, 0xC1, 0xA3, 0x4D, 0x41,
    0x2F, 0x39, 0xE9, 0x1D, 0xF2, 0x10, 0xD2, 0x5E, 0x69, 0xE6, 0x8A, 0x11, 0x37, 0x95, 0xBD, 0x1E,
    0x1F, 0xC2, 0xA3, 0xC7, 0x18, 0x7E, 0xE7, 0x07, 0xA9, 0x2D, 0x9F, 0xE9, 0xCA, 0xFD, 0x81, 0xD9,
    0x79, 0xA0, 0x97, 0x3B, 0xFE, 0x97, 0xCC, 0xA9, 0x42, 0xAE, 0x80, 0x4D, 0x61, 0x51, 0x98, 0x14,
    0x1A, 0x7A, 0x24, 0x66, 0x71, 0x3F, 0x85, 0x65, 0x14, 0xAF, 0x2F, 0x5D, 0xA7, 0x6C, 0x25, 0xE5,
    0x46, 0x05, 0x29, 0xC6, 0x62, 0x34, 0x1B, 0x8D, 0x46, 0x5A, 0x5F, 0xDF, 0xFA, 0x19, 0x5F, 0x85,
    0xDB, 0x7F, 0xC0, 0x7C, 0xFD, 0xC7, 0xFD, 0xF7, 0xFC, 0xB9, 0xE7, 0xD9, 0xB8, 0xA8, 0xE8, 0xDB,
    0x27, 0x60, 0xCE, 0x81, 0x25, 0x05, 0x16, 0xB1, 0x78, 0x5F, 0xE8, 0xE0, 0x2F, 0xF6, 0xA0, 0x85,
    0x3A, 0x67, 0xFD, 0x9B, 0x69, 0xE7, 0x78, 0xAB, 0xC2, 0x6B, 0x7D, 0xBA, 0x9A, 0x9E, 0x9F, 0xB9,
    0x67, 0x95, 0xDC, 0x02, 0x27, 0xFF, 0x1A, 0x01, 0x97, 0x95, 0x4B, 0x27, 0x62, 0x8E, 0xC6, 0x75,
    0x01, 0x5F, 0xD0, 0x94, 0x62, 0xB5, 0x02, 0x11, 0x07, 0x62, 0x43, 0x1C, 0x89, 0x0B, 0x11, 0x97,
    0x25, 0xDC, 0x25, 0x3A, 0x6F, 0xD9, 0xE9, 0xF1, 0xED, 0x71, 0xE4, 0x7E, 0x3F, 0xA7, 0x40, 0xB7,
    0xAF, 0x53, 0x7E, 0x62, 0x6D, 0x12, 0x2B, 0x71, 0x26, 0xF6, 0xBE, 0xD4, 0xC0, 0x96, 0x1D, 0xFC,
    0x82, 0x1D, 0xB3, 0x4F, 0x55, 0x62, 0x54, 0x58, 0xA5, 0xD8, 0xDF, 0x92, 0xE6, 0xB7, 0xF8, 0x1D,
    0xB4, 0x05, 0x1E, 0x89, 0x43, 0x8A, 0x2E, 0x14, 0xAF, 0x85, 0x5E, 0xB7, 0x28, 0x0C, 0x0A, 0xB3,
    0x02, 0x14, 0x18, 0x6F, 0xB0, 0x2B, 0xC6, 0x60, 0xE9, 0xC8, 0x81, 0xFB, 0x32, 0x2B, 0x70, 0x2F,
    0x7F, 0x1A, 0x82, 0x5A, 0xAC, 0x15, 0x85, 0x5E, 0x6A, 0x7D, 0x13, 0xCB, 0xFF, 0x0C, 0x3F, 0x67,
    0xEA, 0x24, 0x2C, 0xC5, 0xE6, 0x6F, 0x9F, 0x16, 0xF1, 0xC5, 0xD8, 0x56, 0x4A, 0x36, 0x2E, 0x5F,
    0xB4, 0xC0, 0x2B, 0x6E, 0x25, 0x5F, 0x4A, 0x5A, 0x7D, 0x49, 0x04, 0x4D, 0xF7, 0x93, 0x5F, 0xF0,
    0xA5, 0xD2, 0x03, 0xFC, 0x06, 0x68, 0x6B, 0xC3, 0x3A, 0x95, 0xE6, 0xD6, 0x3A, 0x95, 0xED, 0xAB,
    0x5B, 0xA7, 0xF2, 0x7F, 0x5D, 0x8C, 0x45, 0x01, 0x03, 0x41, 0x10, 0x04, 0x3B, 0xB8, 0xCF, 0x48,
    0x18, 0x03, 0x01, 0x09, 0xBB, 0x8E, 0x22, 0xE0, 0x50, 0x56, 0x7E, 0x3B, 0x12, 0x4E, 0xC2, 0x38,
    0x08, 0x33, 0x74, 0x98, 0xAE, 0xA1, 0x9E, 0x05, 0xAF, 0x00, 0x67, 0x68, 0x72, 0x07, 0x77, 0x38,
    0xA3, 0x67, 0x31, 0xF8, 0x20, 0x7A, 0x86, 0x9B, 0x01, 0x80, 0x3B, 0x63, 0x28, 0xB4, 0xCC, 0x93,
    0xA7, 0xCC, 0x71, 0x35, 0xC1, 0xB8, 0xC2, 0x3D, 0x91, 0xA4, 0x7D, 0x21, 0xC1, 0xEB, 0xBD, 0x12,
    0x32, 0x64, 0xC4, 0xE5, 0xB6, 0x0C, 0x29, 0xA2, 0xC1, 0xF1, 0x02, 0x21, 0x4B, 0x4F, 0x56, 0x85,
    0x15, 0x16, 0x75, 0x34, 0x8B, 0xA5, 0xBC, 0xED, 0x83, 0x9A, 0x5D, 0xAF, 0xED, 0x9B, 0x3F, 0x8C,
    0xDC, 0xD6, 0xF1, 0xC7, 0x87, 0xDC, 0xD3, 0x51, 0x12, 0x7F, 0xFE, 0xF1, 0x0A, 0xDB, 0xB0, 0xA4,
    0x20, 0x74, 0xE1, 0xC2, 0x06, 0x02, 0x31, 0x65, 0x1A, 0x85, 0x34, 0x5C, 0xB8, 0x8C, 0x02, 0x68,
    0x11, 0x24, 0x2E, 0xE2, 0xD2, 0x4E, 0x11, 0xB9, 0x48, 0xE1, 0x42, 0x0E, 0x99, 0xA4, 0x07, 0xD4,
    0x04, 0x29, 0xD2, 0xA8, 0x50, 0x80, 0xE8, 0x1A, 0xA5, 0x74, 0x80, 0x40, 0x24, 0xE2, 0x1E, 0xA0,
    0x93, 0x1E, 0x20, 0x0C, 0x03, 0x09, 0x9C, 0x22, 0x0C, 0x40, 0x03, 0x94, 0xC3, 0xC7, 0x09, 0x66,
    0xBE, 0xC3, 0xE3, 0xEE, 0xFD, 0x89, 0xE5, 0xB3, 0x90, 0xD3, 0x4A, 0xFB, 0x24, 0xCC, 0xF7, 0x16,
    0xFB, 0xF8, 0x1E, 0xDF, 0xCC, 0x87, 0xEF, 0x2F, 0x97, 0x88, 0xB8, 0x23, 0x49, 0x3E, 0xF7, 0xAA,
    0x0B, 0x1E, 0x54, 0x43, 0x1E, 0x55, 0x23, 0x66, 0xD5, 0x84, 0xB9, 0x10, 0x4D, 0x99, 0x2B, 0xD1,
    0xFC, 0xDF, 0x5C, 0x8B, 0xF2, 0xBF, 0xB8, 0x25, 0x22, 0x8F, 0x5B, 0x2D, 0xC8, 0xE7, 0xBA, 0xEC,
    0xB5, 0x98, 0x2A, 0x95, 0x82, 0x02, 0x2E, 0xD2, 0x51, 0x8B, 0xC9, 0x62, 0x29, 0x28, 0x66, 0xF9,
    0x93, 0x28, 0x19, 0x29, 0x92, 0x02, 0xD3, 0x81, 0x02, 0x29, 0x30, 0x77, 0xCB, 0x1F, 0x48, 0x81,
    0x2C, 0xA9, 0x3D, 0x50, 0x5F, 0xB5, 0xA7, 0x85, 0xAA, 0xE4, 0x95, 0xE4, 0x28, 0x94, 0x6B, 0xD2,
    0xA9, 0x0C, 0xA6, 0x98, 0x33, 0x12, 0x93, 0xB0, 0xD6, 0x35, 0xD5, 0x59, 0xE5, 0x4E, 0xEF, 0xA1,
    0xA6, 0xA3, 0xE9, 0x72, 0x06, 0x2D, 0x1B, 0x28, 0xB7, 0xA6, 0xDD, 0xFA, 0xE7, 0xBC, 0x59, 0xCD,
    0xEF, 0x2D, 0x33, 0xDA, 0x65, 0x76, 0x7A, 0x27, 0x85, 0xDC, 0x56, 0x23, 0xA6, 0x5B, 0xF0, 0x7D,
    0x1E, 0x3C, 0xA2, 0x52, 0x1A, 0x9D, 0x8A, 0x49, 0x1C, 0x9D, 0xDB, 0xBF, 0xE9, 0xA8, 0x64, 0x76,
    0x92, 0xD9, 0xC5, 0x62, 0x52, 0xFE, 0xAC, 0x74, 0xB9, 0xA3, 0xC4, 0xE5, 0x3D, 0x25, 0xAE, 0x14,
    0x93, 0x0F, 0x94, 0xB8, 0x94, 0x7F, 0x9D, 0xBB, 0xD4, 0xF2, 0xE1, 0x0A, 0xBD, 0xF6, 0xEF, 0xE4,
    0x2D, 0xAF, 0x93, 0xA5, 0xAB, 0x62, 0xB8, 0x12, 0x37, 0x37, 0x62, 0x5A, 0xFB, 0x8B, 0x34, 0x26,
    0x97, 0xF4, 0x06, 0xF7, 0x33, 0x8B, 0x5F, 0xA7, 0x1A, 0xB0, 0xB3, 0xB8, 0x8E, 0xAA, 0xDE, 0x02,
    0x4A, 0x93, 0xC6, 0x03, 0x34, 0xAD, 0x4D, 0x2B, 0xE8, 0x0B, 0x19, 0xCD, 0xE9, 0x99, 0xE1, 0x64,
    0x57, 0xDC, 0x17, 0x71, 0x2B, 0x66, 0x20, 0x0A, 0xC5, 0x50, 0x28, 0x26, 0xD0, 0xA0, 0x76, 0x42,
    0x4C, 0x21, 0x26, 0x13, 0x1F, 0x9D, 0x35, 0x11, 0x05, 0xC4, 0x07, 0xAB, 0xB8, 0x51, 0x78, 0x0F,
    0xEC, 0xBA, 0x55, 0x96, 0xA3, 0x85, 0x85, 0xE4, 0x2F, 0xA3, 0x88, 0xC7, 0xDD, 0x87, 0x16, 0xC1,
    0xB5, 0xC8, 0xE5, 0x2D, 0xB2, 0xC5, 0x45, 0x92, 0x89, 0x5E, 0xA0, 0x5D, 0x3A, 0x9A, 0x9E, 0xBD,
    0x9E, 0xC3, 0x2F, 0xB4, 0x75, 0x8D, 0xFA, 0xA6, 0x87, 0x7B, 0xE1, 0x46, 0xA2, 0x3D, 0x75, 0xED,
    0xAD, 0x88, 0xA5, 0x1D, 0x6F, 0xF4, 0xE2, 0x84, 0xBA, 0x21, 0x4A, 0xB4, 0x65, 0xCC, 0xA3, 0x64,
    0xFB, 0x95, 0xD4, 0xF0, 0x01, 0xFD, 0x89, 0x88, 0x5E, 0xA1, 0xE7, 0x09, 0x09, 0xFC, 0x00, 0x20,
    0x10, 0x44, 0x8A, 0x90, 0xDA, 0x8E, 0x14, 0x22, 0x02, 0x45, 0xC0, 0x08, 0x1C, 0x01, 0x24, 0x25,
    0x89, 0x00, 0x46, 0xAC, 0x56, 0x61, 0x22, 0xA5, 0x89, 0x14, 0x27, 0x2A, 0xD5, 0x2A, 0x50, 0x24,
    0x44, 0x89, 0x9D, 0xF3, 0xE3, 0x5A, 0x50, 0x05, 0xAC, 0x56, 0xD3, 0xB7, 0x4C, 0x4B, 0x88, 0xCF,
    0x95, 0x05, 0xBA, 0x51, 0x95, 0xB2, 0x11, 0x61, 0x0B, 0x78, 0xC0, 0xA0, 0xEE, 0xE3, 0xC1, 0xF8,
    0x7A, 0xF9, 0x91, 0xF9, 0xDA, 0xF2, 0x05, 0x67, 0x33, 0xE1, 0x16, 0xD5, 0xB6, 0x07, 0x4E, 0xDE,
    0x53, 0x17, 0xDF, 0x0A, 0x94, 0xAF, 0x6C, 0x50, 0xBE, 0x5E, 0xDE, 0x58, 0xBE, 0xBC, 0x1B, 0xD0,
    0x94, 0x0B, 0x8B, 0x60, 0xAB, 0x1A, 0x5B, 0xC4, 0x2F, 0xDC, 0x84, 0x52, 0x64, 0x9A, 0xB6, 0xB8,
    0x0E, 0xF9, 0x23, 0x7F, 0x34, 0xCE, 0xEE, 0x19, 0x67, 0xF4, 0x08, 0x9C, 0x6D, 0x39, 0xBB, 0xFC,
    0x7B, 0x73, 0xBA, 0xDA, 0x66, 0x76, 0x7C, 0x72, 0x60, 0xF7, 0xA8, 0xAC, 0x89, 0x6E, 0x2D, 0x46,
    0xED, 0xC7, 0x9C, 0x38, 0xE1, 0xE3, 0x1B, 0x1B, 0xCA, 0x99, 0x77, 0xDB, 0xCF, 0x44, 0xE3, 0xF1,
    0xCD, 0x46, 0x34, 0x67, 0x04, 0x98, 0xD9, 0xE2, 0xC5, 0x88, 0xDF, 0x07, 0xBB, 0x88, 0xEF, 0x0E,
    0xED, 0xD1, 0x5A, 0x8A, 0x4C, 0xF3, 0x9A, 0x1E, 0x99, 0xB3, 0x2D, 0x67, 0x17, 0xB3, 0x0B, 0x44,
    0xE5, 0xC3, 0xA4, 0x90, 0x12, 0x6B, 0x29, 0xAE, 0x0A, 0x99, 0x99, 0xFC, 0x36, 0x1E, 0x04, 0xB0,
    0x8C, 0xC4, 0x4A, 0x6F, 0xA6, 0x8D, 0xC8, 0xB4, 0x2F, 0x03, 0x62, 0x42, 0x18, 0x00, 0x03, 0x5F,
    0xC0, 0xEB, 0xEC, 0xA7, 0xDD, 0x5B, 0x18, 0xCE, 0x7A, 0xD9, 0xB5, 0x69, 0xC4, 0x3C, 0xC2, 0x42,
    0x8D, 0xE8, 0x3C, 0x84, 0x12, 0xD3, 0xB2, 0x52, 0xF1, 0x24, 0x37, 0xFC, 0x67, 0x28, 0xA8, 0xE0,
    0x66, 0x25, 0x7B, 0x03, 0x0D, 0x0B, 0x95, 0xBC, 0x8A, 0x5A, 0xAC, 0xDF, 0x62, 0xE8, 0xE7, 0xA5,
    0x6A, 0xCC, 0xB8, 0x3E, 0x32, 0x82, 0x7C, 0x76, 0xE6, 0xD1, 0xDB, 0xB4, 0x25, 0xF2, 0x15, 0x31,
    0x0F, 0xF4, 0x3E, 0x0B, 0x7C, 0x81, 0x4B, 0xD3, 0x61, 0x62, 0x30, 0x95, 0x56, 0x3E, 0x27, 0x9F,
    0x64, 0x49, 0xCC, 0x99, 0x98, 0xAA, 0xAC, 0x24, 0xD4, 0x85, 0x34, 0xDE, 0x56, 0x88, 0x9E, 0x95,
    0x79, 0xE6, 0xD8, 0x15, 0x84, 0xB0, 0x35, 0xD0, 0xA8, 0x87, 0xA6, 0x0E, 0xAA, 0xAD, 0x43, 0x3C,
    0xA6, 0x07, 0xED, 0x31, 0xE1, 0xB4, 0xC5, 0x29, 0xCC, 0xA4, 0x21, 0xF2, 0x41, 0x7C, 0x85, 0x18,
    0xCB, 0x5D, 0xE1, 0x16, 0x48, 0x4D, 0x2A, 0x7F, 0x9C, 0xDF, 0x04, 0x92, 0xBC, 0xFD, 0xC2, 0x22,
    0xD6, 0x9B, 0x8E, 0x16, 0x49, 0x26, 0xFC, 0x71, 0x48, 0xAF, 0x38, 0x68, 0xDA, 0x98, 0xD6, 0x87,
    0x77, 0x90, 0xB6, 0x64, 0x9D, 0x62, 0x1E, 0x35, 0x1E, 0xB3, 0x13, 0x15, 0x1C, 0x6C, 0x47, 0xE5,
    0xEB, 0x3B, 0x51, 0xB4, 0x39, 0x1D, 0x95, 0xA5, 0xA0, 0xF7, 0x6B, 0x84, 0xE9, 0x1F, 0xC3, 0x31,
    0xD3, 0x73, 0x2A, 0x7F, 0x8B, 0x1B, 0xFE, 0x86, 0x76, 0xD3, 0x48, 0xA7, 0xC6, 0x69, 0x8B, 0x93,
    0x97, 0xF9, 0x44, 0xC9, 0xC3, 0x50, 0xB9, 0x68, 0xBD, 0x29, 0xDE, 0x95, 0x37, 0x5C, 0x61, 0xA2,
    0x97, 0xE9, 0xC6, 0x46, 0x42, 0xB4, 0x85, 0xE0, 0x4C, 0xA6, 0xE3, 0x1B, 0x04, 0xC9, 0x97, 0xCD,
    0xC4, 0xE5, 0x02, 0x1E, 0xD5, 0xF2, 0x71, 0x76, 0xDC, 0xDF, 0xBF, 0x87, 0x5B, 0x3C, 0xD9, 0x4A,
    0x6B, 0x4E, 0xB2, 0x5A, 0xC2, 0x1D, 0xE4, 0xFC, 0x32, 0xEB, 0x96, 0xCB, 0x65, 0xA6, 0xF5, 0x56,
    0x27, 0x59, 0x5A, 0x4B, 0x1F, 0x82, 0xD5, 0x8C, 0x08, 0x2C, 0x98, 0x0D, 0x14, 0xD2, 0x05, 0x90,
    0x7D, 0x07, 0x63, 0xF1, 0x75, 0xC5, 0x52, 0xA1, 0x63, 0x69, 0xBF, 0x82, 0xE4, 0x6B, 0xDB, 0x03,
    0xFE, 0x82, 0x59, 0x38, 0x89, 0xB8, 0x88, 0x59, 0xA0, 0x4D, 0x46, 0x45, 0xD7, 0x09, 0xC8, 0xE2,
    0xE0, 0x63, 0xAD, 0x9B, 0xB7, 0x7E, 0x31, 0xB9, 0x8C, 0xB8, 0xA1, 0x4B, 0x14, 0x6A, 0x99, 0x0B,
    0xB1, 0x00, 0x58, 0x6B, 0x64, 0x02, 0x03, 0x44, 0x2F, 0xFE, 0x8E, 0x0E, 0xD2, 0x15, 0x5B, 0x33,
    0x1B, 0x71, 0xB3, 0x6D, 0x67, 0xE6, 0x2E, 0x66, 0x82, 0xDD, 0x3D, 0x3C, 0x75, 0x95, 0x6D, 0x5A,
    0xC1, 0x8A, 0x68, 0xFE, 0xB8, 0x05, 0xC3, 0x58, 0x1F, 0x8A, 0xC5, 0x63, 0x3B, 0x75, 0x6A, 0x1B,
    0x17, 0x65, 0x9C, 0xE2, 0x05, 0x8C, 0x4E, 0xC4, 0xA9, 0x95, 0x70, 0x7A, 0x08, 0xEA, 0x02, 0x5E,
    0x1F, 0xE6, 0x59, 0x57, 0x5A, 0x61, 0xC6, 0xF5, 0x44, 0xC6, 0x7A, 0x47, 0xF7, 0x4D, 0xBE, 0x49,
    0xE4, 0x69, 0xE3, 0x16, 0x6A, 0x23, 0xCD, 0x18, 0x7C, 0x5E, 0x4A, 0xC6, 0x7A, 0xF7, 0x0E, 0x1D,
    0x49, 0x1B, 0xFA, 0x6C, 0x86, 0x0F, 0x17, 0xB5, 0xB0, 0xCA, 0xBD, 0x56, 0xDF, 0x91, 0xC7, 0x1A,
    0x85, 0x07, 0x6F, 0x71, 0x21, 0xD3, 0x99, 0x77, 0x69, 0x4E, 0x4F, 0xEC, 0xB3, 0xA9, 0x94, 0x29,
    0x4D, 0x21, 0x66, 0x69, 0x38, 0xF0, 0x1A, 0x6C, 0xEB, 0xCB, 0xD6, 0x91, 0xD7, 0x74, 0x6F, 0x82,
    0xDF, 0xEC, 0x85, 0xD5, 0x46, 0xD7, 0xD0, 0x3D, 0x9C, 0x4E, 0x44, 0xFC, 0x57, 0xA9, 0x39, 0xD7,
    0xE9, 0xDB, 0x4B, 0xF4, 0xD2, 0xC6, 0x47, 0x36, 0x53, 0xEB, 0xB5, 0x2A, 0x81, 0x5B, 0xDD, 0x9B,
    0xD1, 0x81, 0xD6, 0x43, 0xE7, 0x15, 0xBD, 0xA1, 0xC3, 0x5F, 0xFE, 0x09, 0xAB, 0xAF, 0xFA, 0xF7,
    0x31, 0x8D, 0xD8, 0x13, 0x27, 0xA2, 0xA8, 0xB4, 0x2D, 0x25, 0x47, 0x54, 0xC4, 0x52, 0xE4, 0x39,
    0xF2, 0x8F, 0xC0, 0x00, 0x1A, 0x0C, 0x07, 0xE3, 0xC1, 0x80, 0x30, 0x22, 0x0C, 0x09, 0x02, 0x13,
    0x04, 0x28, 0x08, 0x54, 0x10, 0x20, 0x38, 0x41, 0x1C, 0xCD, 0x6C, 0x18, 0x1C, 0x46, 0x87, 0xE1,
    0x61, 0x7C, 0x18, 0x20, 0x46, 0x88, 0x21, 0x72, 0x84, 0x91, 0x6F, 0x8B, 0xF1, 0x06, 0x75, 0x09,
    0xA3, 0xA8, 0x62, 0x3E, 0x22, 0x2C, 0xC5, 0x21, 0xD7, 0x92, 0x41, 0x21, 0xE9, 0x9E, 0x05, 0x48,
    0xE6, 0xE7, 0x26, 0xAA, 0x49, 0x63, 0x3D, 0x17, 0x92, 0x28, 0x11, 0x3A, 0xD1, 0x8B, 0x32, 0x71,
    0x50, 0xDE, 0xA4, 0x85, 0x20, 0x72, 0x51, 0x09, 0x31, 0x40, 0xC0, 0x07, 0xF0, 0x00, 0x1D, 0x4F,
    0x6E, 0x47, 0x71, 0xF9, 0x21, 0x86, 0xE5, 0xDA, 0x06, 0x64, 0x1C, 0xE1, 0x89, 0x1C, 0x1A, 0x96,
    0xAF, 0x79, 0x52, 0x38, 0xBF, 0x3E, 0x2A, 0x03, 0x37, 0x9E, 0x7E, 0x06, 0x42, 0x7D, 0x0C, 0x22,
    0xF5, 0x86, 0x2D, 0xDD, 0xEF, 0xBB, 0xA9, 0xE3, 0xF0, 0x74, 0x09, 0x1F, 0x65, 0x79, 0x27, 0x0C,
    0x94, 0xCA, 0x40, 0x59, 0x6C, 0x24, 0x03, 0xBB, 0xB7, 0x17, 0xDA, 0xFF, 0xFD, 0x18, 0xAB, 0x16,
    0xAC, 0x55, 0x6A, 0xBD, 0xAA, 0x20, 0xFA, 0x30, 0x18, 0xB1, 0x77, 0x3F, 0xA7, 0x6B, 0x6A, 0x39,
    0x23, 0x25, 0x81, 0x9E, 0x5E, 0x12, 0xBC, 0xEB, 0x5E, 0x46, 0x14, 0x8D, 0x8B, 0x66, 0x9A, 0x0C,
    0xF0, 0xCA, 0x64, 0xE0, 0xE7, 0x81, 0xB4, 0xF4, 0x3C, 0x8E, 0x2B, 0x3C, 0x8C, 0x25, 0xD9, 0xC1,
    0xA4, 0xD7, 0x93, 0xEC, 0x9B, 0xC7, 0xC3, 0x19, 0x44, 0x79, 0x13, 0x97, 0x63, 0xA7, 0x8F, 0xF8,
    0xC6, 0x2F, 0xE5, 0x74, 0x25, 0x97, 0x72, 0x95, 0x72, 0x2B, 0xE3, 0x45, 0xD2, 0xC9, 0x18, 0x51,
    0x36, 0x3E, 0x67, 0xBE, 0x23, 0xEF, 0x86, 0xF5, 0x9C, 0x21, 0x57, 0x8F, 0xFD, 0xFF, 0xE5, 0xBB,
    0x54, 0x72, 0x96, 0x4B, 0xD5, 0xCD, 0x5E, 0xDA, 0x50, 0x5A, 0x7B, 0x5C, 0x05, 0x8E, 0x82, 0xC1,
    0xEA, 0x8D, 0xF8, 0xEB, 0xFE, 0x2F, 0xFB, 0x72, 0x38, 0xDD, 0x3F, 0x9C, 0xBF, 0xA4, 0xAD, 0x94,
    0x90, 0xF7, 0x69, 0xBB, 0x5B, 0x84, 0x4D, 0x3A, 0x94, 0xAE, 0x1C, 0xCB, 0x31, 0x77, 0x71, 0xE7,
    0x65, 0x38, 0x00, 0x7C, 0xF4, 0x7F, 0xA4, 0x7D, 0x73, 0xD2, 0xA7, 0x43, 0xEA, 0xD2, 0x21, 0xEE,
    0x77, 0x6F, 0x13, 0x79, 0x3F, 0xC4, 0x14, 0xF6, 0x26, 0x8F, 0x78, 0x30, 0x59, 0x43, 0x94, 0x20,
    0xBE, 0x78, 0xC2, 0x0A, 0x05, 0x49, 0xB0, 0x0A, 0x78, 0xFC, 0x7E, 0xCE, 0x9D, 0x8E, 0x61, 0x01,
    0x0F, 0x14, 0x0B, 0x94, 0xEC, 0x28, 0xD5, 0x87, 0x97, 0xE5, 0xBF, 0x6E, 0x3A, 0x95, 0x0E, 0xD4,
    0x94, 0x03, 0x66, 0x7F, 0xBC, 0xAE, 0xD5, 0x09, 0x5A, 0x94, 0x93, 0xDA, 0xF5, 0x53, 0x79, 0x53,
    0xF9, 0x89, 0xD6, 0x37, 0x52, 0xC4, 0xAD, 0xD6, 0x1F, 0xF2, 0x98, 0xDD, 0xE4, 0xEE, 0xE0, 0xFE,
    0x48, 0xB5, 0x9A, 0xEF, 0xDF, 0xDA, 0x23, 0x17, 0x73, 0x26, 0xEA, 0xBD, 0x7B, 0x9D, 0xD6, 0xD2,
    0x55, 0x53, 0xAE, 0x54, 0x7C, 0x6E, 0x54, 0x17, 0x50, 0x7C, 0xC6, 0xF7, 0xD0, 0x4B, 0xC7, 0x3D,
    0x70, 0xD8, 0x96, 0x73, 0xB8, 0x0F, 0xAD, 0x54, 0x9E, 0xB6, 0x3A, 0xE6, 0x2A, 0xE6, 0x6C, 0xC1,
    0x4D, 0xC2, 0xB2, 0xCB, 0x24, 0x8F, 0x94, 0xD9, 0x2E, 0x1D, 0x56, 0xAC, 0x3B, 0xB0, 0x2D, 0x72,
    0xE2, 0xAA, 0x88, 0xEB, 0x88, 0x6B, 0x94, 0xB6, 0x10, 0x6B, 0xB5, 0x50, 0xAA, 0x8D, 0x0A, 0xB0,
    0xEF, 0xF8, 0xA2, 0xED, 0x5E, 0x82, 0x17, 0x65, 0x02, 0x2D, 0x5E, 0xE9, 0xB6, 0xF2, 0x7E, 0x9E,
    0x77, 0xEE, 0x16, 0x6A, 0xF7, 0xC5, 0xE2, 0xA1, 0x86, 0x4A, 0x16, 0xCC, 0x4B, 0xF0, 0xC7, 0x21,
    0x4D, 0x3A, 0x28, 0x17, 0xA6, 0x19, 0x74, 0x09, 0x79, 0x46, 0x39, 0xF2, 0xF6, 0x6F, 0x63, 0x67,
    0x18, 0x34, 0xE0, 0x15, 0xA2, 0x4C, 0x05, 0x56, 0x5D, 0x38, 0xCE, 0x0E, 0xC4, 0xC9, 0xEA, 0xB9,
    0xEC, 0xC9, 0x65, 0x08, 0xD8, 0x57, 0xD0, 0xB0, 0x83, 0xC6, 0x0E, 0x9A, 0x9B, 0xC2, 0x19, 0x3B,
    0x76, 0x70, 0x7C, 0x15, 0xCB, 0x3C, 0x2A, 0x7F, 0xD1, 0xE3, 0xD9, 0x69, 0xDF, 0x06, 0x53, 0x03,
    0x2E, 0x62, 0xFB, 0xFA, 0x13, 0x06, 0x9F, 0x59, 0x6E, 0xEF, 0x3A, 0x9C, 0xA7, 0x95, 0xB4, 0xED,
    0x8B, 0xE8, 0x3D, 0xF8, 0x61, 0x50, 0x31, 0xA7, 0x46, 0xE6, 0x34, 0x37, 0x6F, 0x27, 0x84, 0x7F,
    0xC6, 0xA6, 0x67, 0x5B, 0x6A, 0x2C, 0x86, 0x57, 0xD5, 0xE9, 0x9C, 0xCD, 0x87, 0x1C, 0x49, 0xAF,
    0xA3, 0x6B, 0x58, 0x47, 0x92, 0xD1, 0xFF, 0xEF, 0xDB, 0x09, 0x2D, 0x19, 0x14, 0xC6, 0x9E, 0xC1,
    0x47, 0xA0, 0x8F, 0x00, 0x12, 0x81, 0x2A, 0x02, 0x62, 0x90, 0x8E, 0xD2, 0x61, 0x4D, 0xDC, 0x2C,
    0xED, 0x74, 0x81, 0x5D, 0x0E, 0x10, 0xA7, 0xA2, 0x81, 0xA2, 0x55, 0x6B, 0x30, 0x1A, 0x8D, 0xAB,
    0x38, 0xEE, 0x99, 0xDE, 0x82, 0x78, 0x0C, 0x0D, 0x4E, 0x78, 0xE9, 0x78, 0x27, 0x71, 0x04, 0x1E,
    0xA1, 0x65, 0xD1, 0x19, 0x8F, 0xB4, 0xE5, 0xF1, 0x2B, 0xF3, 0xF8, 0xFF, 0x04, 0xE7, 0x88, 0x15,
    0xA8, 0x24, 0x9A, 0xF3, 0xC0, 0x12, 0xDB, 0xD6, 0x73, 0x41, 0x14, 0x56, 0xA3, 0xD2, 0xF8, 0xAA,
    0xC2, 0x68, 0x2C, 0x02, 0x45, 0x90, 0x08, 0x10, 0x67, 0x0E, 0x9F, 0xD0, 0x11, 0xD4, 0x43, 0xF3,
    0xD5, 0xA3, 0xD0, 0x66, 0xED, 0x55, 0xE4, 0x4B, 0xF9, 0xD4, 0x1B, 0xB6, 0xD0, 0x54, 0x75, 0xC7,
    0x07, 0x46, 0x57, 0xFD, 0xD1, 0x7A, 0xC1, 0x7B, 0xA7, 0xA0, 0x6E, 0x4B, 0x1D, 0xCE, 0x37, 0x42,
    0xEB, 0x09, 0x70, 0xBE, 0x31, 0xCE, 0xBF, 0x4E, 0x12, 0xEB, 0x51, 0x3C, 0x08, 0x6F, 0xA9, 0x80,
    0xD5, 0xA6, 0x95, 0xF0, 0xF6, 0x42, 0xB6, 0xA9, 0xBC, 0x21, 0x85, 0x4D, 0x80, 0x25, 0xDF, 0x78,
    0xBF, 0x99, 0xDF, 0x75, 0xC0, 0x81, 0x88, 0xE8, 0x58, 0xC2, 0x4F, 0x3F, 0xF3, 0x07, 0x5A, 0x4B,
    0x3B, 0x87, 0x66, 0xB0, 0x65, 0x41, 0x5B, 0xEE, 0xBE, 0xFA, 0x0C, 0xEE, 0x2E, 0x55, 0x52, 0xD3,
    0x6F, 0x7A, 0x8D, 0xD2, 0xA0, 0x2D, 0xED, 0xA7, 0x30, 0x24, 0x1E, 0x17, 0x07, 0x9E, 0xF6, 0x10,
    0xAF, 0xCA, 0x5E, 0x8C, 0xDF, 0xEC, 0xDE, 0x6E, 0x4B, 0xCF, 0xD9, 0xAF, 0x23, 0xCF, 0x94, 0xA9,
    0xB3, 0x5F, 0x83, 0xA2, 0x2D, 0x68, 0xFE, 0xDA, 0x1A, 0x13, 0x97, 0xE1, 0x50, 0x11, 0xC7, 0x8A,
    0xC6, 0x24, 0x79, 0x4B, 0xC9, 0xDE, 0x93, 0xCE, 0x3B, 0xBC, 0x7A, 0xFA, 0x4A, 0x3F, 0x0B, 0x83,
    0xA2, 0xC2, 0xE0, 0x9B, 0x9C, 0xC1, 0x05, 0x8C, 0x18, 0xF2, 0x68, 0x0C, 0x0E, 0x16, 0xE3, 0xF6,
    0x29, 0x64, 0xF0, 0x0F, 0x70, 0xEA, 0xBC, 0x7A, 0x40, 0xC5, 0x2B, 0x6F, 0xFC, 0x72, 0x0B, 0x16,
    0x2B, 0xF5, 0xE3, 0x03, 0x64, 0x7A, 0x15, 0x42, 0x22, 0x02, 0x95, 0x88, 0xCF, 0xFC, 0xBD, 0x11,
    0x55, 0x3B, 0xDC, 0x49, 0x8F, 0x1B, 0x6B, 0xD7, 0x16, 0x07, 0xF5, 0x19, 0x2E, 0x0E, 0xDE, 0x86,
    0x78, 0x1D, 0x34, 0x74, 0xD0, 0x98, 0xED, 0x33, 0xAF, 0xBF, 0x39, 0x4F, 0x69, 0xAF, 0x8D, 0xA6,
    0xA8, 0x53, 0x48, 0xC8, 0xAF, 0xB6, 0xF0, 0x1C, 0xF9, 0x59, 0x67, 0x49, 0x00, 0xA4, 0x58, 0xED,
    0xBB, 0x70, 0x21, 0x25, 0xCE, 0x1C, 0xAB, 0x7E, 0xF4, 0x06, 0x50, 0xF3, 0xDE, 0x26, 0xC2, 0x73,
    0x8A, 0xDD, 0x2F, 0xC0, 0xC3, 0x05, 0xE0, 0xE1, 0x0C, 0xF0, 0x2C, 0x9F, 0x69, 0x78, 0xB0, 0xFB,
    0x85, 0xED, 0x2F, 0x0D, 0xBB, 0x88, 0x37, 0xE5, 0x99, 0x04, 0x8E, 0x1C, 0xD5, 0x81, 0x49, 0x17,
    0xB0, 0x48, 0xA3, 0x72, 0x2E, 0xDB, 0x28, 0x6A, 0xA6, 0x14, 0x4D, 0x33, 0x76, 0xBE, 0xDF, 0x1E,
    0x33, 0x63, 0xF7, 0xC7, 0xFB, 0xFC, 0xFA, 0x52, 0x67, 0xEC, 0x3D, 0x68, 0xA1, 0xED, 0x38, 0x85,
    0xA4, 0x53, 0x43, 0xE7, 0xE1, 0xF0, 0x4F, 0x6F, 0x20, 0x87, 0x98, 0x0B, 0xF3, 0xB7, 0xF8, 0xE3,
    0x25, 0xD1, 0x05, 0xFA, 0x89, 0xF5, 0x2A, 0x26, 0x9B, 0x86, 0x89, 0xB7, 0x84, 0x3E, 0xBE, 0xF0,
    0x6F, 0xA7, 0xCA, 0xB3, 0x5B, 0x37, 0x9A, 0x8D, 0x79, 0x8E, 0x8C, 0x49, 0xF2, 0x3C, 0xDD, 0x2D,
    0x21, 0x79, 0x3F, 0xEF, 0x2D, 0x61, 0xA6, 0xAC, 0xB5, 0x47, 0x9C, 0x41, 0x8A, 0xB3, 0x92, 0x11,
    0x37, 0xC1, 0x8A, 0x49, 0xA2, 0xC4, 0x2A, 0x8D, 0x39, 0x0B, 0x9C, 0xBB, 0xEC, 0x28, 0x04, 0xBA,
    0x0B, 0x06, 0x02, 0x06, 0x48, 0xCA, 0x0A, 0x42, 0x60, 0x58, 0xBC, 0xB0, 0xF6, 0xAE, 0x98, 0xFF,
    0xA9, 0x4A, 0xE4, 0x56, 0x27, 0x6F, 0x09, 0xC4, 0x3E, 0xD9, 0xCC, 0xCE, 0xBB, 0x03, 0x57, 0x25,
    0xE3, 0xD7, 0x31, 0xE9, 0x6C, 0x46, 0x31, 0x9C, 0x25, 0x63, 0x2C, 0xE4, 0x46, 0x62, 0x02, 0x31,
    0x9E, 0x18, 0x4A, 0xF4, 0x67, 0xE3, 0xF3, 0x3B, 0xE3, 0x3F, 0xD5, 0xB1, 0xAC, 0x12, 0x4C, 0x6B,
    0xB0, 0x8A, 0xBF, 0x40, 0xE9, 0x6B, 0x92, 0xE5, 0x47, 0x77, 0x81, 0x2D, 0x23, 0x9C, 0xC0, 0x37,
    0xD7, 0x4C, 0xB4, 0x97, 0xAB, 0x50, 0x5E, 0x01, 0xF1, 0xC2, 0x5A, 0xA6, 0xD2, 0xAF, 0x6D, 0x3F,
    0xD2, 0xD3, 0x19, 0xF1, 0xDD, 0x7B, 0x1A, 0xD2, 0xC6, 0x66, 0x5B, 0x11, 0x3A, 0xA0, 0xF5, 0xDF,
    0x2E, 0x61, 0x6E, 0x35, 0x1F, 0x2B, 0x9E, 0x55, 0xC0, 0x8F, 0xFC, 0x0A, 0xB7, 0xFE, 0xD2, 0x5F,
    0xE1, 0x2E, 0x33, 0x1C, 0xEE, 0xC9, 0x57, 0x32, 0x3D, 0xE0, 0xC6, 0x2E, 0xA9, 0xA7, 0x4B, 0xE0,
    0x55, 0xAE, 0x4C, 0x0B, 0xE8, 0x48, 0xD0, 0xCE, 0xB4, 0xF8, 0xDF, 0x2B, 0xC2, 0x4C, 0x16, 0x67,
    0xB2, 0x40, 0x4F, 0x91, 0x9E, 0x42, 0x3D, 0xC5, 0x7A, 0x0A, 0xF6, 0x14, 0xED, 0x29, 0xDC, 0x73,
    0xBC, 0x11, 0xF0, 0x39, 0x2D, 0x0A, 0x9B, 0x36, 0xA9, 0x24, 0xFD, 0xD4, 0xDB, 0xCD, 0x1E, 0x0D,
    0xB8, 0xD0, 0x1C, 0xA3, 0x06, 0x7E, 0xD1, 0xE1, 0x8D, 0xFD, 0x1A, 0x42, 0xB4, 0x80, 0x04, 0x9C,
    0x49, 0x48, 0x99, 0x49, 0xC5, 0x41, 0x3A, 0x48, 0x01, 0x54, 0xE8, 0xD4, 0x92, 0xAE, 0xCB, 0x08,
    0xE1, 0x4C, 0x44, 0x81, 0x21, 0x8A, 0x20, 0x01, 0xC4, 0x83, 0x18, 0x38, 0x86, 0xCE, 0xCC, 0x4E,
    0x6A, 0xCA, 0xC5, 0xFA, 0x59, 0x15, 0x77, 0xD0, 0xD4, 0x41, 0x43, 0x06, 0x3C, 0xFE, 0x08, 0x78,
    0xE8, 0xFD, 0x2D, 0x3C, 0x27, 0xB1, 0x33, 0x0D, 0x98, 0x6B, 0xA3, 0x05, 0x26, 0x57, 0xEA, 0x34,
    0x5D, 0x62, 0x14, 0x4A, 0xCD, 0xC5, 0x8D, 0x84, 0xC7, 0x86, 0x10, 0x62, 0x86, 0x62, 0x10, 0xC1,
    0x28, 0x32, 0x0F, 0x23, 0x18, 0x47, 0x6C, 0x20, 0x51, 0x78, 0x42, 0x07, 0x78, 0xC2, 0x1E, 0xF0,
    0x78, 0xD7, 0x9F, 0x65, 0x78, 0x30, 0xD6, 0x60, 0xB4, 0xC1, 0xEA, 0x1E, 0x32, 0x90, 0x2A, 0x24,
    0x84, 0xE4, 0x9D, 0x52, 0xC3, 0xA0, 0x86, 0x49, 0x65, 0xB9, 0x59, 0xD4, 0x4C, 0xE9, 0x41, 0xF6,
    0x1D, 0x10, 0xFF, 0x05, 0x67, 0x84, 0x6B, 0x09, 0xB9, 0x47, 0xD1, 0xF8, 0x33, 0xEE, 0x85, 0x96,
    0x45, 0x71, 0xA5, 0x26, 0xD0, 0xB1, 0xED, 0x6A, 0xE6, 0x94, 0x7C, 0x1A, 0xC9, 0xB7, 0xC8, 0x8C,
    0x57, 0x96, 0xA7, 0x77, 0x96, 0xFD, 0x87, 0x37, 0x47, 0xC1, 0xE4, 0x3D, 0xEF, 0xAE, 0xF5, 0x2A,
    0x90, 0xCD, 0xC3, 0x64, 0x99, 0x41, 0xB7, 0xE1, 0xB7, 0xF0, 0x1F, 0x5D, 0x8B, 0x50, 0x74, 0x68,
    0x2B, 0x39, 0xE1, 0xF5, 0xCF, 0xA1, 0x83, 0x7A, 0x77, 0x66, 0xB7, 0xAA, 0xDD, 0x70, 0x36, 0xB0,
    0xCA, 0xC1, 0x3A, 0x07, 0x0D, 0xA8, 0x21, 0x8D, 0x7D, 0x5A, 0x5D, 0x95, 0xBF, 0x66, 0x3E, 0x5B,
    0x3B, 0xC1, 0x49, 0xDA, 0xB5, 0x95, 0x2C, 0xAB, 0x44, 0xB8, 0xC2, 0x87, 0x50, 0x8E, 0x2B, 0x9E,
    0xA3, 0xC3, 0xA9, 0x94, 0xEC, 0xEC, 0x52, 0x2E, 0xC8, 0xE3, 0x21, 0xD6, 0x25, 0x75, 0x1B, 0xE9,
    0x69, 0x61, 0x13, 0x70, 0x2B, 0xE5, 0x2C, 0xB8, 0x17, 0xA7, 0x79, 0x3C, 0x28, 0x06, 0x25, 0xB6,
    0x3D, 0x52, 0x7E, 0x5D, 0x02, 0x9E, 0xF0, 0x47, 0x12, 0xD8, 0x88, 0xFF, 0xC6, 0x0D, 0x9A, 0x5B,
    0xD9, 0x03, 0x0C, 0x08, 0x50, 0x87, 0x13, 0x49, 0xB9, 0x47, 0x40, 0x5B, 0xCC, 0xC0, 0x6A, 0x04,
    0xAA, 0x7A, 0x7C, 0x82, 0x0D, 0xF4, 0x76, 0x1E, 0x6F, 0x12, 0x86, 0xAD, 0x24, 0x0F, 0xEA, 0x2D,
    0xD5, 0xC6, 0xF0, 0x35, 0xAD, 0xA7, 0x7C, 0x3A, 0x95, 0xF3, 0xB8, 0x4D, 0x47, 0xD9, 0x75, 0x48,
    0x58, 0x42, 0x10, 0xE9, 0xCE, 0x73, 0xC4, 0x45, 0x60, 0x2F, 0x31, 0x17, 0xFA, 0x51, 0x82, 0x14,
    0xB3, 0x64, 0x4E, 0x70, 0xC0, 0x37, 0x10, 0x95, 0xBD, 0xD8, 0x7C, 0x90, 0x95, 0x55, 0xEA, 0xB8,
    0x55, 0x20, 0x1A, 0x3C, 0xDC, 0xD2, 0x68, 0x73, 0x4F, 0x76, 0xB0, 0x73, 0xCB, 0xE3, 0xE1, 0xD3,
    0x3A, 0xEE, 0xA6, 0x39, 0xFA, 0xF3, 0xEA, 0xA4, 0x94, 0xB9, 0x50, 0xAB, 0xD1, 0x75, 0x92, 0x5B,
    0xB3, 0x24, 0x63, 0x36, 0xC5, 0x9B, 0x87, 0x94, 0x33, 0xF2, 0xB9, 0x4F, 0xA6, 0x00, 0xD6, 0x6B,
    0x01, 0xEC, 0xE4, 0xE1, 0x9D, 0x02, 0xC8, 0xCE, 0x02, 0x48, 0x08, 0xE0, 0x2F, 0xA5, 0xAA, 0x88,
    0x3F, 0x42, 0x00, 0xFF, 0x39, 0x05, 0x30, 0x03, 0xB6, 0x08, 0xE0, 0x70, 0x34, 0x80, 0xD1, 0xE3,
    0x0F, 0xE0, 0xE1, 0xF4, 0x47, 0xB2, 0x47, 0xFA, 0xC4, 0x0B, 0xEC, 0xA9, 0xA7, 0x77, 0xA6, 0xE8,
    0xB5, 0x2B, 0xD1, 0x6B, 0x0E, 0x45, 0x0F, 0x2F, 0xB4, 0xE3, 0xA3, 0x45, 0x6F, 0x3C, 0x1C, 0xBD,
    0xBC, 0x97, 0x82, 0xCA, 0x76, 0x25, 0x7A, 0xF5, 0x4A, 0xF4, 0x8A, 0xC3, 0xD1, 0x73, 0x73, 0xF4,
    0x4A, 0x44, 0xAF, 0xC5, 0xD3, 0xBB, 0x7B, 0xFB, 0xBB, 0xF7, 0xB9, 0x4A, 0xFA, 0x94, 0x39, 0x4B,
    0x87, 0x9C, 0x99, 0x52, 0x57, 0x4A, 0x04, 0x86, 0x92, 0x1B, 0x8A, 0xFB, 0x17, 0xEF, 0xC9, 0x7B,
    0xE1, 0x07, 0xB3, 0xA6, 0x94, 0x2B, 0xA0, 0x0A, 0x3C, 0xED, 0x55, 0xCF, 0x58, 0x85, 0x22, 0x08,
    0xD0, 0x9D, 0xB6, 0xF8, 0xC7, 0xA9, 0x13, 0x44, 0x7A, 0xCA, 0x50, 0xF0, 0xF6, 0x0B, 0xF5, 0x63,
    0xAF, 0x76, 0x24, 0x78, 0x5C, 0x65, 0xB6, 0x57, 0xD0, 0xAF, 0x34, 0x6A, 0xEB, 0xF9, 0x77, 0xD7,
    0xF4, 0xC4, 0xD1, 0x40, 0x24, 0x34, 0x88, 0xDF, 0xB0, 0xC3, 0xCB, 0x70, 0xA5, 0x5A, 0xB9, 0x7D,
    0xA1, 0x01, 0x69, 0x07, 0x4D, 0x8A, 0x35, 0xD2, 0x36, 0x1D, 0x42, 0x7D, 0x08, 0x44, 0xF0, 0x10,
    0x0B, 0xB1, 0x3B, 0xFE, 0x1D, 0x3A, 0x3E, 0x3D, 0x65, 0x3D, 0x82, 0x2E, 0xB4, 0xFC, 0x46, 0xEE,
    0x4B, 0x2A, 0xCD, 0x57, 0x5E, 0x14, 0x2A, 0xDF, 0x92, 0x4C, 0xFF, 0xB7, 0xFE, 0x43, 0xEE, 0x4D,
    0x06, 0xE0, 0x3F, 0xFA, 0x0F, 0x02, 0x07, 0x70, 0x92, 0x70, 0xF0, 0x81, 0x0E, 0x4C, 0x86, 0x27,
    0x80, 0xDA, 0xC9, 0xD8, 0x48, 0x43, 0x1B, 0x88, 0xC2, 0x0F, 0x69, 0xE6, 0x08, 0x08, 0x54, 0x80,
    0x03, 0x4A, 0x50, 0xEC, 0xE0, 0x4E, 0x8C, 0x13, 0x97, 0xE3, 0x06, 0x6C, 0x43, 0x09, 0x2E, 0xC5,
    0x05, 0xDC, 0x1D, 0x2A, 0x81, 0x12, 0x28, 0x41, 0x81, 0x02, 0x02, 0xC1, 0xFA, 0x69, 0xE7, 0x80,
    0xFF, 0x66, 0x1C, 0xFC, 0x63, 0xDB, 0x3B, 0xB0, 0x87, 0xD0, 0xFB, 0xDE, 0xDB, 0x7F, 0x0E, 0xC1,
    0xCA, 0xD0, 0x0A, 0xDC, 0x81, 0x7E, 0x87, 0x2F, 0x08, 0xE7, 0x35, 0xEA, 0xC5, 0x87, 0x4E, 0x06,
    0xBD, 0x26, 0xED, 0x83, 0x13, 0xE8, 0x75, 0xEA, 0x37, 0x84, 0x84, 0x97, 0xE5, 0x59, 0x19, 0x13,
    0x7F, 0x64, 0x26, 0x24, 0xB6, 0xD2, 0x48, 0x74, 0x87, 0x95, 0xA9, 0xDF, 0x5B, 0x19, 0x7C, 0xE9,
    0x84, 0x71, 0xEE, 0x6C, 0x9B, 0x3B, 0x30, 0x6E, 0xFD, 0x57, 0xE3, 0x52, 0x18, 0x61, 0x64, 0xE9,
    0xE4, 0xA7, 0xEF, 0xCD, 0xD0, 0x45, 0xAC, 0xB6, 0xD3, 0xAF, 0x5C, 0x7E, 0xD9, 0xED, 0x0C, 0x76,
    0x05, 0x2F, 0xB1, 0xF9, 0xF3, 0xDF, 0x1B, 0xC0, 0x0A, 0x9E, 0x69, 0xB3, 0x88, 0xE4, 0xBF, 0x6B,
    0xBA, 0xFB, 0x5F, 0xB5, 0xE3, 0x7B, 0xDB, 0xD9, 0x8C, 0xB6, 0xC2, 0xD6, 0xB0, 0xFD, 0xCF, 0xE3,
    0x3E, 0x8F, 0x3D, 0x39, 0xEE, 0xFC, 0x07, 0x5A, 0xD9, 0xD0, 0xCB, 0x81, 0x20, 0x52, 0xEF, 0x61,
    0x14, 0x99, 0xEA, 0x5D, 0x9F, 0x79, 0xEB, 0x5E, 0xD5, 0xA8, 0x36, 0x03, 0x7E, 0x42, 0xB3, 0xC3,
    0xD3, 0x51, 0x12, 0xBA, 0xAA, 0x83, 0xE1, 0xB6, 0x93, 0x38, 0xCA, 0x60, 0xA5, 0x10, 0x58, 0xEE,
    0xA7, 0x7B, 0xF7, 0x26, 0x6E, 0x17, 0xFC, 0xB2, 0xE1, 0x2E, 0xC3, 0x54, 0x58, 0x89, 0xD0, 0x72,
    0x22, 0x2B, 0x83, 0x27, 0x68, 0x79, 0x91, 0x0C, 0x27, 0x80, 0x56, 0xD8, 0x3C, 0xDD, 0xF7, 0x73,
    0xB5, 0x3A, 0x3D, 0x37, 0xD0, 0x1A, 0x97, 0xAE, 0x60, 0x4E, 0xE7, 0x2A, 0xB6, 0x3B, 0x68, 0x04,
    0xAD, 0x99, 0x2B, 0x23, 0xF1, 0x41, 0x79, 0x05, 0xA8, 0xCB, 0x15, 0xA0, 0x09, 0x57, 0x80, 0xA6,
    0x6B, 0xC0, 0x35, 0xD9, 0x9C, 0x1F, 0xA7, 0xBE, 0x02, 0xEA, 0x2F, 0x62, 0xC0, 0x0F, 0x07, 0xD0,
    0xCA, 0x00, 0x96, 0xE5, 0xAE, 0x2C, 0x18, 0x25, 0x43, 0x51, 0x4B, 0x2B, 0x88, 0xA8, 0x75, 0xBF,
    0xD3, 0xAA, 0xF0, 0x8D, 0x68, 0x64, 0x71, 0xBB, 0x3B, 0x5A, 0xF9, 0x59, 0xC1, 0x39, 0xF7, 0xD9,
    0x4A, 0xB7, 0x43, 0x07, 0x94, 0xD5, 0x27, 0x2B, 0xAE, 0x40, 0x22, 0xC0, 0x00, 0x9F, 0xCC, 0xB9,
    0x62, 0x40, 0xB8, 0x57, 0x4E, 0x70, 0x2B, 0x19, 0x00, 0x75, 0xD9, 0x1B, 0xBA, 0x30, 0x00, 0x0F,
    0x09, 0x63, 0xC6, 0x43, 0xBA, 0x24, 0xDC, 0x93, 0x31, 0x00, 0xB8, 0xA6, 0xD6, 0xBA, 0x7E, 0x91,
    0x5B, 0xE0, 0x23, 0x02, 0xF0, 0x09, 0x14, 0x98, 0x0C, 0x9B, 0xD0, 0x45, 0xB8, 0x09, 0x1E, 0x78,
    0x45, 0x15, 0x84, 0x48, 0xC9, 0x08, 0x8A, 0x0E, 0xCA, 0x9A, 0x42, 0xA1, 0xCD, 0x94, 0xB6, 0x2B,
    0xC5, 0x2E, 0x52, 0xDE, 0x4F, 0x04, 0x02, 0x88, 0xFC, 0x56, 0xA1, 0xED, 0x0B, 0x9B, 0xA1, 0xE0,
    0xA1, 0xA8, 0x29, 0x0A, 0x93, 0x04, 0x5B, 0xB7, 0xAA, 0x81, 0x8B, 0x6A, 0xE1, 0x07, 0x35, 0x09,
    0x50, 0x9B, 0x5F, 0xA1, 0x46, 0x9B, 0x5A, 0x35, 0x89, 0x74, 0xA4, 0x1D, 0xBA, 0x04, 0xC2, 0x35,
    0xFE, 0x03, 0xA0, 0x94, 0x10, 0xF1, 0x76, 0x81, 0x49, 0x21, 0x1E, 0xA0, 0x64, 0x04, 0x45, 0x61,
    0xA2, 0xCC, 0x45, 0x0A, 0xBB, 0x95, 0x52, 0x5B, 0xF9, 0x66, 0xAB, 0xF2, 0x77, 0x10, 0x78, 0x03,
    0x91, 0x1E, 0x84, 0xDC, 0x44, 0x8C, 0x8E, 0xE4, 0x4C, 0x51, 0x70, 0x57, 0x72, 0x54, 0x34, 0x0C,
    0x95, 0xA5, 0x0F, 0xE1, 0x6E, 0xA9, 0x34, 0x9D, 0x88, 0x37, 0x59, 0xF9, 0x77, 0x35, 0x78, 0x45,
    0x2D, 0xBB, 0xD0, 0x73, 0x07, 0x9C, 0x00, 0xE1, 0x00, 0xE6, 0x82, 0x46, 0x32, 0xAC, 0x9E, 0x8E,
    0x05, 0xBD, 0xD0, 0x44, 0x06, 0xFD, 0xCB, 0xB5, 0xBE, 0xE7, 0xBE, 0xEA, 0x54, 0xEF, 0x44, 0x79,
    0xF5, 0x81, 0x96, 0x59, 0xE1, 0x13, 0xC6, 0xC2, 0x6D, 0x62, 0x83, 0x93, 0x48, 0xC8, 0x90, 0x91,
    0x82, 0xF9, 0x60, 0xE7, 0x33, 0xDF, 0xF0, 0x3D, 0x77, 0xA9, 0xA1, 0x92, 0x7A, 0x52, 0x8F, 0xD5,
    0x30, 0x4F, 0x3F, 0x27, 0xF6, 0x56, 0xC0, 0x72, 0x07, 0x58, 0xBE, 0x40, 0x0F, 0x04, 0xDB, 0xD7,
    0xB9, 0x92, 0x0A, 0x9A, 0x07, 0x79, 0xF7, 0xCF, 0xE5, 0x41, 0xE5, 0x63, 0x56, 0x61, 0xD2, 0x31,
    0x16, 0x15, 0x46, 0x9C, 0x67, 0xC8, 0xA9, 0xBC, 0xDF, 0x2F, 0xB9, 0x7E, 0x2D, 0xD3, 0x61, 0x37,
    0xF8, 0x38, 0x9B, 0xD2, 0x26, 0x04, 0xEC, 0x36, 0xBB, 0x05, 0x9F, 0x66, 0xEB, 0x52, 0x1F, 0x51,
    0xEA, 0xBF, 0x22, 0x0C, 0x26, 0x77, 0x8B, 0x9F, 0x7E, 0x87, 0xAE, 0x50, 0xD0, 0x45, 0x3F, 0x7C,
    0x34, 0x19, 0x6E, 0x7A, 0xC3, 0x66, 0x13, 0x3C, 0xDE, 0x9B, 0xD4, 0x46, 0xBC, 0x22, 0xDB, 0xD5,
    0x4D, 0xF8, 0x0B, 0xAC, 0x91, 0x01, 0xE6, 0x1D, 0x31, 0x10, 0xC6, 0xBF, 0xDD, 0xC5, 0x9F, 0x2E,
    0x02, 0x8A, 0xAA, 0x0A, 0x14, 0x80, 0x1C, 0x21, 0xDB, 0x73, 0xF4, 0x10, 0x3D, 0x42, 0xE6, 0x08,
    0xFF, 0x1B, 0x25, 0xBD, 0x41, 0x8E, 0x10, 0x3C, 0x00, 0x1A, 0x2C, 0xD2, 0x7A, 0xBB, 0x5F, 0x67,
    0x9E, 0x7D, 0x3C, 0x50, 0x50, 0xF2, 0x5B, 0x92, 0xF9, 0x66, 0x67, 0xE6, 0x1B, 0xFC, 0xD8, 0x31,
    0x93, 0x58, 0xC9, 0xE2, 0xC9, 0x16, 0xF7, 0xD8, 0x63, 0xF3, 0x7B, 0xAC, 0x6E, 0x4F, 0xC5, 0x8D,
    0x27, 0x76, 0xB7, 0x77, 0x8B, 0x9B, 0xCE, 0xF4, 0x96, 0x67, 0xF9, 0x00, 0x05, 0x8B, 0xB2, 0x2A,
    0x5E, 0x49, 0x0A, 0xB3, 0xCC, 0x47, 0x92, 0xB7, 0x91, 0xC4, 0xF5, 0x24, 0xA1, 0x25, 0x89, 0xE4,
    0x78, 0x02, 0x24, 0x79, 0xC5, 0x91, 0x78, 0xC5, 0x37, 0xC0, 0x57, 0x20, 0xF0, 0x5D, 0xB9, 0x2B,
    0xC4, 0xC7, 0xEF, 0xDC, 0x30, 0x51, 0x00, 0xCA, 0xD7, 0x99, 0x92, 0xC8, 0x2D, 0x93, 0xA0, 0xC6,
    0x3F, 0xAB, 0x0E, 0x53, 0xB6, 0x04, 0x95, 0x10, 0x6F, 0x8A, 0x3B, 0x37, 0xC4, 0x0E, 0x44, 0xDE,
    0x90, 0x78, 0x22, 0x93, 0x92, 0x25, 0x97, 0x2C, 0xB1, 0xE4, 0x12, 0x4B, 0x6A, 0xFA, 0x25, 0x25,
    0xD0, 0xE6, 0x3F, 0x34, 0xBD, 0x99, 0xA6, 0xBC, 0x82, 0x99, 0x1B, 0x96, 0x13, 0x70, 0x77, 0xC0,
    0x0F, 0x20, 0x76, 0xA5, 0x01, 0xB9, 0x02, 0x2C, 0x8A, 0x60, 0xE2, 0xA6, 0x32, 0x60, 0xB9, 0x40,
    0x1A, 0x56, 0xDF, 0x66, 0xAA, 0x9E, 0xEC, 0x61, 0x0F, 0x3D, 0x34, 0xDF, 0xCD, 0xD5, 0x95, 0x94,
    0x85, 0xDC, 0xDC, 0x1F, 0xD6, 0xD0, 0x42, 0x7F, 0xF8, 0xAA, 0x8A, 0x68, 0x3A, 0xC5, 0x7C, 0x9D,
    0xF2, 0x6F, 0x4C, 0xF9, 0x1D, 0x8E, 0x77, 0x44, 0x12, 0x8F, 0x39, 0x7F, 0x5A, 0xEF, 0xE9, 0xD1,
    0x7B, 0xAA, 0xC9, 0xFA, 0x2E, 0x5E, 0x99, 0x49, 0x6B, 0x00, 0xF0, 0xE7, 0xE5, 0x53, 0x87, 0xA7,
    0xC0, 0xDF, 0x80, 0xFF, 0xB2, 0x5B, 0x37, 0x90, 0x87, 0xB7, 0xA5, 0xD9, 0x09, 0xBF, 0xC6, 0x17,
    0x7D, 0xF9, 0xF7, 0xC9, 0x37, 0xAC, 0x3C, 0x71, 0x59, 0x5B, 0x9C, 0xB0, 0x00, 0x59, 0x61, 0xC1,
    0xC2, 0x0D, 0xEE, 0x34, 0x8B, 0x00, 0x36, 0xBB, 0x62, 0x3D, 0x00, 0x47, 0x36, 0xAF, 0x84, 0x0B,
    0x5B, 0x45, 0xE0, 0xA1, 0xD0, 0x62, 0xDB, 0x87, 0x6F, 0x14, 0xE0, 0x1A, 0x95, 0x87, 0x42, 0xE3,
    0xFA, 0x6F, 0xAC, 0x9F, 0x90, 0xAB, 0xD5, 0xB2, 0x9A, 0x91, 0x27, 0xFE, 0x8E, 0xED, 0xFF, 0x93,
    0x41, 0x9A, 0x2C, 0x47, 0x93, 0x25, 0x00, 0x7D, 0xD1, 0x01, 0x66, 0xC4, 0x40, 0x18, 0x05, 0xE0,
    0x37, 0xBB, 0xB4, 0x58, 0x64, 0x01, 0x05, 0x16, 0x40, 0x41, 0x6E, 0xB0, 0xC9, 0x8D, 0xF6, 0x02,
    0xA5, 0x39, 0xCA, 0xDE, 0x64, 0x72, 0x84, 0x1C, 0x21, 0x47, 0x18, 0x04, 0xB3, 0x24, 0x79, 0xCD,
    0x7B, 0x83, 0xA6, 0x5D, 0x2D, 0x7C, 0x22, 0xF3, 0xE6, 0xCD, 0xCF, 0x0F, 0x20, 0xAE, 0x2D, 0x70,
    0x21, 0x13, 0x10, 0xC9, 0x11, 0x07, 0x92, 0x03, 0x4E, 0x9B, 0x3D, 0x2A, 0x0E, 0xA1, 0x43, 0x4D,
    0x00, 0x68, 0x66, 0xF9, 0x99, 0x65, 0x9C, 0xF4, 0x83, 0xE4, 0x62, 0xE7, 0x1F, 0x06, 0x8E, 0xC0,
    0x5E, 0xFF, 0x4F, 0x3B, 0x47, 0x3B, 0x00, 0x9C, 0xDC, 0x96, 0xDD, 0x3C, 0xC3, 0x51, 0x59, 0x73,
    0x08, 0x77, 0x54, 0xBE, 0x70, 0xB4, 0x81, 0x54, 0xB8, 0xB6, 0x61, 0x9B, 0x39, 0x52, 0xCF, 0xFF,
    0x6F, 0x29, 0xFD, 0xF6, 0x4D, 0xAE, 0xB3, 0xE4, 0x6A, 0x69, 0x1F, 0xC0, 0x2B, 0xD9, 0xE9, 0x53,
    0x87, 0x94, 0xFA, 0xFE, 0x00, 0xAE, 0x51, 0x35, 0xE7, 0x92, 0xB4, 0xC1, 0x23, 0x5C, 0x5C, 0x50,
    0x92, 0xD1, 0x36, 0xF6, 0xBD, 0xBC, 0xF5, 0xE4, 0x0B, 0xB3, 0x93, 0xEC, 0x55, 0xC0, 0x04, 0xD0,
    0x97, 0x23, 0x55, 0x74, 0xDD, 0xAA, 0x81, 0x33, 0x2A, 0xB6, 0xD0, 0x2C, 0xDD, 0xDE, 0x86, 0x8A,
    0x3E, 0xAB, 0x79, 0x06, 0x25, 0x34, 0x49, 0xCD, 0x11, 0xF8, 0x2B, 0xB9, 0x2F, 0x3C, 0xB2, 0x97,
    0x5A, 0x34, 0x0E, 0xCC, 0xB8, 0xB5, 0x81, 0xDE, 0x75, 0xF4, 0x4A, 0xBC, 0x1E, 0x6F, 0xBF, 0x05,
    0x6E, 0xBC, 0x97, 0x4E, 0xDA, 0xD5, 0x2E, 0x45, 0xF5, 0x25, 0x6F, 0xAF, 0xEC, 0x6D, 0x29, 0xC9,
    0x6C, 0x27, 0x9B, 0x8A, 0x28, 0x19, 0xBF, 0xA6, 0xCE, 0xE4, 0x64, 0x6F, 0x21, 0x27, 0xF9, 0x00,
    0x50, 0x7B, 0xB6, 0x13, 0x93, 0xD3, 0xEE, 0x25, 0xDD, 0xEE, 0x83, 0x8A, 0xA3, 0x47, 0x57, 0x4D,
    0xE0, 0xE2, 0xC7, 0x7F, 0x1D, 0x7F, 0x01, 0xAD, 0x92, 0x21, 0x8C, 0xD4, 0x40, 0x14, 0x86, 0xBF,
    0xDD, 0x09, 0xA9, 0xA8, 0x98, 0x33, 0xE8, 0xAE, 0xC4, 0xD5, 0x27, 0xEC, 0x75, 0xBC, 0xC2, 0x10,
    0x2C, 0xDE, 0x9C, 0x4F, 0x2E, 0x77, 0xE3, 0x0D, 0xDE, 0xA1, 0x4F, 0x23, 0x10, 0x90, 0xD6, 0x9B,
    0xAB, 0x37, 0xD4, 0xAB, 0x0A, 0x48, 0x2A, 0xCA, 0x0E, 0x99, 0xF9, 0xDF, 0x08, 0x30, 0x77, 0x09,
    0x37, 0xC9, 0xBE, 0xBF, 0x79, 0xAF, 0xDB, 0xBE, 0xFF, 0xFF, 0xCA, 0x21, 0x50, 0x8E, 0x37, 0xED,
    0x25, 0x7C, 0x97, 0xB8, 0x5D, 0xDA, 0xFD, 0x7A, 0x9F, 0x0F, 0x63, 0x2A, 0x67, 0xAA, 0xEA, 0x7F,
    0x6A, 0x7E, 0xB4, 0xFB, 0xB8, 0x33, 0xED, 0x4C, 0x9B, 0x28, 0x6D, 0xED, 0x1D, 0xC3, 0x04, 0xE3,
    0xCA, 0x21, 0x6D, 0x34, 0xE9, 0x42, 0xF7, 0xE3, 0x3E, 0x5E, 0xFB, 0x76, 0x3A, 0x79, 0x22, 0x1E,
    0x5E, 0xF0, 0xA7, 0xF3, 0xD1, 0xF4, 0xD6, 0x74, 0x30, 0xED, 0x26, 0xDB, 0x6B, 0xE5, 0x75, 0x76,
    0xF6, 0xE1, 0x37, 0xC9, 0x3C, 0x99, 0xC6, 0xBF, 0x02, 0xF0, 0x8B, 0xB4, 0x0F, 0xD2, 0xB3, 0x84,
    0x2F, 0xF0, 0xD2, 0x7B, 0x9F, 0x3C, 0xE1, 0xEC, 0x9B, 0xB9, 0x7F, 0xBC, 0x89, 0x6D, 0xBA, 0x70,
    0x4C, 0x5B, 0xCE, 0x4C, 0xD9, 0x75, 0xA1, 0x64, 0x29, 0x6E, 0xEF, 0x2A, 0xB8, 0xAF, 0x95, 0xDC,
    0x75, 0x45, 0xD7, 0x47, 0x5B, 0xDD, 0x2F, 0x19, 0x9E, 0x1C, 0x8E, 0xD5, 0x5A, 0xBD, 0x08, 0xE2,
    0xD7, 0x6C, 0x06, 0xD0, 0xCF, 0x46, 0x70, 0x08, 0x86, 0xF0, 0xB6, 0x32, 0x5C, 0x81, 0x57, 0x80,
    0xD7, 0xC3, 0x19, 0x66, 0x48, 0x2B, 0x2E, 0xED, 0xB4, 0x29, 0xD1, 0x7F, 0xEA, 0xA7, 0xB3, 0x3F,
    0xCE, 0x57, 0xFF, 0x61, 0xFC, 0xAA, 0x18, 0x77, 0x73, 0x7E, 0x96, 0x8C, 0xEF, 0xFF, 0x18, 0x97,
    0x65, 0x48, 0x0F, 0x9F, 0x81, 0x31, 0x07, 0xC3, 0xFD, 0x25, 0x00, 0xC3, 0x4A, 0xAE, 0x5B, 0x09,
    0xA1, 0x58, 0x38, 0x77, 0x11, 0x78, 0xDB, 0x2C, 0xB9, 0x1E, 0xF2, 0xE0, 0x8D, 0xBC, 0x51, 0x06,
    0x94, 0x01, 0x65, 0xC0, 0x33, 0x07, 0x73, 0x19, 0x94, 0x6B, 0x02, 0xF0, 0x30, 0x2E, 0xE0, 0x52,
    0xCA, 0xFD, 0x9B, 0x34, 0x01, 0x94, 0xEA, 0x4A, 0xF5, 0x8F, 0x11, 0x18, 0xDA, 0x5C, 0xF7, 0x9C,
    0xA1, 0x5B, 0x5D, 0x04, 0x3F, 0xB9, 0x50, 0xBF, 0xC3, 0x1D, 0x72, 0x1B, 0x72, 0x1B, 0x9E, 0x68,
    0x7F, 0x2B, 0xF5, 0x64, 0xD5, 0x3A, 0x36, 0xB5, 0x3B, 0xED, 0x5F, 0xEC, 0xCF, 0x1B, 0xB8, 0xA0,
    0xAD, 0x6C, 0x43, 0xDB, 0xD6, 0x36, 0x77, 0xD5, 0x91, 0xDC, 0xC9, 0xA9, 0x5C, 0x5B, 0x02, 0x96,
    0x86, 0x25, 0x63, 0x29, 0xDD, 0x29, 0x3D, 0x25, 0xF9, 0x44, 0x5B, 0x44, 0x44, 0x47, 0xA4, 0x44,
    0x4D, 0x04, 0x45, 0x53, 0x64, 0x45, 0x59, 0xC4, 0x45, 0x5F, 0x5F, 0xC2, 0x1F, 0xDC, 0x94, 0x21,
    0x6C, 0xEC, 0x46, 0x14, 0x45, 0xAF, 0xBD, 0x52, 0x16, 0x58, 0x95, 0xB9, 0x02, 0x4C, 0x5B, 0x52,
    0x73, 0xD2, 0x31, 0x2B, 0xE7, 0xA0, 0xB8, 0x28, 0x05, 0xE5, 0xB3, 0x2D, 0x07, 0xE1, 0xF8, 0x73,
    0x5C, 0x92, 0x8C, 0xCB, 0x49, 0x58, 0xA9, 0x55, 0x85, 0x7F, 0x4B, 0x35, 0x98, 0x2F, 0xD9, 0x7B,
    0x3B, 0x47, 0xB1, 0x36, 0x5B, 0x45, 0xA9, 0x54, 0x55, 0x9F, 0xFC, 0x91, 0xF6, 0x5C, 0xC7, 0xEF,
    0xBD, 0x3B, 0x6F, 0xFC, 0xEC, 0xE8, 0xD6, 0xCF, 0x52, 0x65, 0x7B, 0x90, 0x0A, 0x67, 0xE8, 0x15,
    0xFA, 0x2C, 0x7D, 0x50, 0x22, 0xA0, 0xD6, 0x63, 0xE1, 0xC1, 0x4F, 0x85, 0xB5, 0xA7, 0x42, 0x79,
    0xDE, 0x59, 0xA5, 0x9C, 0x66, 0x75, 0xB6, 0x17, 0x45, 0x58, 0x17, 0x38, 0x1F, 0x0D, 0x5B, 0x4F,
    0x47, 0xE7, 0xCE, 0x83, 0x52, 0x0E, 0xC5, 0x30, 0x2D, 0x61, 0x85, 0xD0, 0x4B, 0xCC, 0x38, 0xEC,
    0x5C, 0x54, 0x79, 0x8A, 0x99, 0x5D, 0x4A, 0xF4, 0xE8, 0x31, 0x6C, 0x6A, 0x3D, 0xF4, 0x3E, 0x45,
    0xAB, 0xB5, 0xBD, 0x09, 0xCF, 0x4C, 0xB7, 0x34, 0x12, 0x4D, 0x6B, 0x37, 0xF4, 0xFF, 0xBA, 0xAA,
    0xF4, 0x49, 0xBA, 0x97, 0x82, 0x3D, 0xD5, 0x8B, 0x6A, 0x8E, 0xD1, 0xCC, 0x6A, 0xCF, 0xC3, 0x8D,
    0x3F, 0x8E, 0x8A, 0x93, 0xD4, 0x5B, 0xB2, 0xA4, 0xE3, 0xA6, 0xC3, 0x5A, 0xB4, 0xB1, 0x4A, 0x06,
    0xF7, 0x4F, 0x2D, 0xE7, 0x4B, 0x3F, 0x8C, 0xFD, 0x49, 0xAA, 0xB6, 0x76, 0x0A, 0xA4, 0x2D, 0xC7,
    0x39, 0x16, 0xED, 0x9E, 0x0E, 0xF3, 0x63, 0xD1, 0x38, 0xD4, 0xCB, 0x03, 0x61, 0x55, 0x79, 0x23,
    0x5C, 0x74, 0x25, 0x5C, 0xF4, 0x81, 0x30, 0x4A, 0xB8, 0xE8, 0x23, 0x61, 0xD5, 0x4B, 0x24, 0xAC,
    0xC3, 0x1C, 0x08, 0xEB, 0x38, 0xF7, 0xBF, 0x94, 0xB0, 0xDA, 0xA9, 0xFD, 0x63, 0xC1, 0x79, 0x6C,
    0xCC, 0xC6, 0x61, 0x38, 0x70, 0x22, 0x59, 0x95, 0xD9, 0x98, 0x87, 0x40, 0xBF, 0xB3, 0xBA, 0x8F,
    0xF4, 0x3F, 0x2A, 0xFC, 0xFA, 0x32, 0x96, 0x47, 0xDD, 0x99, 0xD0, 0xD7, 0x9C, 0x57, 0xD7, 0xAB,
    0xC2, 0x89, 0x51, 0x31, 0x1E, 0x4C, 0xBC, 0x20, 0x6A, 0xBD, 0x22, 0xEA, 0xBC, 0x21, 0xEA, 0x6D,
    0x44, 0x61, 0xD7, 0x64, 0x9F, 0x50, 0xFF, 0xE5, 0x11, 0x1B, 0xFF, 0x89, 0x51, 0xB1, 0xF9, 0x1D,
    0x23, 0xA6, 0x61, 0x8C, 0x1A, 0x0F, 0x11, 0xA3, 0xD6, 0x0A, 0x68, 0x77, 0x16, 0x53, 0x55, 0xD8,
    0xD4, 0x19, 0x5D, 0x19, 0x99, 0x94, 0xB2, 0x1A, 0x0C, 0xBD, 0x50, 0xAA, 0xCA, 0x33, 0x63, 0x15,
    0xAF, 0x4E, 0xCD, 0xF5, 0x7E, 0x8F, 0x98, 0x9C, 0xD5, 0x9A, 0xB5, 0x5E, 0xB4, 0x43, 0x5C, 0xBC,
    0x11, 0xFB, 0xA2, 0xF1, 0x45, 0x4F, 0x09, 0x7A, 0xF8, 0x57, 0x61, 0x26, 0x5F, 0x94, 0xFC, 0xC8,
    0x5C, 0x3E, 0x98, 0xA9, 0xAC, 0x5F, 0x20, 0x59, 0xFF, 0x60, 0x84, 0xF3, 0x35, 0xC3, 0x15, 0x5B,
    0x43, 0x3E, 0x9C, 0xCB, 0xCB, 0xEE, 0x0C, 0xE3, 0x06, 0x83, 0x75, 0xF9, 0xB7, 0xC5, 0x57, 0x24,
    0xD5, 0x7B, 0xD2, 0x0A, 0xE3, 0x19, 0x06, 0x0F, 0x5C, 0xFB, 0x72, 0xBF, 0xF6, 0x72, 0xC9, 0xA7,
    0x96, 0x94, 0x57, 0x4F, 0xE7, 0x7D, 0x2F, 0x52, 0x9E, 0x48, 0xF1, 0xA9, 0xB0, 0xBF, 0xEA, 0x2A,
    0xBE, 0x43, 0xCA, 0x2B, 0x4F, 0x48, 0x4D, 0x29, 0x3E, 0xA3, 0x10, 0x2C, 0xF0, 0x1B, 0x90, 0xD6,
    0x12, 0x72, 0x86, 0xEA, 0xF6, 0x4F, 0x75, 0x85, 0x0A, 0xBB, 0x64, 0xA8, 0x34, 0x43, 0x79, 0x97,
    0xE9, 0xF2, 0xED, 0xDF, 0x8C, 0x35, 0x1F, 0x57, 0x7A, 0xC2, 0xF9, 0xCE, 0x13, 0xCE, 0x89, 0x07,
    0xC5, 0x41, 0x33, 0xCE, 0xC1, 0x6B, 0xBB, 0x49, 0xDF, 0xF6, 0x5B, 0x87, 0x65, 0xEB, 0x1E, 0x69,
    0x1C, 0x5F, 0xCE, 0x6E, 0x2C, 0x0F, 0x08, 0x8E, 0x2F, 0xCE, 0xF6, 0x88, 0x24, 0x04, 0x83, 0x13,
    0xD2, 0x7B, 0x40, 0xBA, 0xD7, 0x9E, 0xD9, 0xB6, 0x2A, 0xC1, 0xC6, 0x6B, 0xEB, 0x45, 0xBD, 0x1D,
    0xBD, 0x29, 0x98, 0xA5, 0x38, 0x27, 0x7F, 0x6F, 0xA5, 0xB1, 0x5B, 0x6B, 0x0F, 0x69, 0x6C, 0x73,
    0x85, 0xF4, 0xFC, 0x15, 0xE7, 0x48, 0x6C, 0xCF, 0xDC, 0xEB, 0x1A, 0x67, 0x5C, 0x8A, 0x67, 0xCD,
    0x86, 0xFD, 0xB3, 0x6E, 0x86, 0xCA, 0x1E, 0xDA, 0x7C, 0xB4, 0x97, 0xBE, 0x04, 0x6D, 0xCF, 0x1D,
    0x9C, 0xFA, 0x5C, 0x74, 0x0C, 0x73, 0x89, 0xAB, 0xBA, 0xD7, 0x6D, 0xD6, 0xF5, 0xBA, 0xAE, 0x3D,
    0xBC, 0xD6, 0x2E, 0x1D, 0x9C, 0xAF, 0x6A, 0x87, 0x4B, 0xED, 0x57, 0xA0, 0x67, 0x52, 0x01, 0xA4,
    0xB1, 0xC0, 0x83, 0xDF, 0x5B, 0x7B, 0x06, 0x7D, 0xD6, 0xE6, 0xF9, 0x6D, 0x92, 0xDF, 0x5B, 0x95,
    0xC9, 0x38, 0x17, 0x34, 0x6B, 0xC1, 0x71, 0x29, 0xD0, 0x4F, 0x92, 0x08, 0x9E, 0x5F, 0xA1, 0xB7,
    0xEB, 0x7F, 0xA4, 0x7C, 0x07, 0x02, 0x78, 0x00, 0xEB, 0xDB, 0xBC, 0x86, 0x93, 0xB6, 0x63, 0x41,
    0x77, 0x22, 0xF7, 0xAD, 0x55, 0x95, 0xE9, 0x7C, 0xDE, 0x41, 0xC1, 0x9B, 0x94, 0xAB, 0x1D, 0xC0,
    0x6F, 0xFF, 0xA1, 0x71, 0xE9, 0x73, 0x3E, 0x83, 0x9F, 0x25, 0xDD, 0x65, 0xE9, 0xD6, 0x6B, 0xF9,
    0x79, 0xBD, 0xB1, 0xBD, 0x5D, 0x52, 0xEE, 0x6D, 0x3F, 0x8B, 0x9F, 0x48, 0xDF, 0xAF, 0xE0, 0x4B,
    0x94, 0x3C, 0x2A, 0x36, 0x51, 0x2B, 0x75, 0x00, 0xBF, 0xDD, 0x79, 0x5F, 0x7E, 0x6F, 0x7D, 0x43,
    0x34, 0x7C, 0x02, 0x38, 0x47, 0x7B, 0x52, 0xC2, 0x19, 0xE0, 0x6C, 0xE3, 0x6C, 0xA9, 0x03, 0x4A,
    0x5C, 0xED, 0xF7, 0x88, 0x3A, 0x91, 0x07, 0xEE, 0xA9, 0xC5, 0x65, 0xF7, 0xFB, 0x7B, 0x60, 0x93,
    0x89, 0x70, 0x01, 0x00, 0xE5, 0x58, 0x05, 0x90, 0xE4, 0x48, 0x76, 0xFD, 0x55, 0x3A, 0xAF, 0x1C,
    0xA1, 0xD8, 0x95, 0x99, 0x6D, 0x99, 0x02, 0x8C, 0x32, 0xFB, 0xA0, 0x6E, 0x24, 0x33, 0xB3, 0x1D,
    0x1C, 0x66, 0x66, 0xC6, 0x9E, 0x29, 0x99, 0x83, 0x6F, 0x82, 0xD9, 0x8C, 0x87, 0x66, 0xEC, 0xB9,
    0x92, 0x99, 0xED, 0x32, 0xB3, 0x2D, 0x33, 0xDB, 0xDA, 0x5B, 0xD9, 0xAB, 0xD9, 0x95, 0xF4, 0x9D,
    0x2F, 0x5F, 0xE6, 0x8F, 0x6A, 0x75, 0x2F, 0xF3, 0x6E, 0xCE, 0x48, 0xEF, 0xA9, 0xF2, 0x7D, 0xC8,
    0xFC, 0xD2, 0x57, 0x57, 0xBD, 0x94, 0xE3, 0xFB, 0x94, 0x63, 0x7C, 0xAE, 0xE0, 0x7A, 0xDD, 0x9D,
    0xF8, 0xF1, 0xFC, 0x67, 0x1B, 0xDE, 0xC7, 0x75, 0xFE, 0x4C, 0x5C, 0xE7, 0xC6, 0x5F, 0xFE, 0xB0,
    0x14, 0xBC, 0x3E, 0x9E, 0x51, 0x37, 0xFC, 0xC8, 0x45, 0xBB, 0x77, 0x7E, 0xA6, 0x62, 0x5C, 0x47,
    0x5C, 0x57, 0x5C, 0x67, 0x5C, 0xF7, 0xEA, 0x3E, 0x98, 0x22, 0x4E, 0xD4, 0x3F, 0x0A, 0x7C, 0xAD,
    0x4F, 0xFA, 0x24, 0x8F, 0xB9, 0x6A, 0xFD, 0xB8, 0xE1, 0xA3, 0xCE, 0x47, 0x39, 0x1E, 0x12, 0x7B,
    0xEA, 0x77, 0x0F, 0x85, 0xCF, 0x54, 0xBB, 0x35, 0xF6, 0x49, 0x9B, 0x4B, 0x2E, 0xBB, 0x67, 0x07,
    0x3E, 0x7E, 0xEB, 0x7D, 0xA6, 0xDA, 0x5D, 0x42, 0xD9, 0xF6, 0x52, 0xD4, 0x3B, 0x6D, 0xE5, 0x5C,
    0xD2, 0xE3, 0xEE, 0x9E, 0x5E, 0x4A, 0xD9, 0x0C, 0xBB, 0x7E, 0x92, 0xAC, 0x95, 0xEB, 0xBB, 0xBE,
    0xF2, 0x82, 0xB3, 0x3E, 0xF3, 0x82, 0xA9, 0xDF, 0x7A, 0xC1, 0xD4, 0xE3, 0xAA, 0x95, 0x33, 0x7F,
    0xD5, 0xCB, 0x8E, 0x72, 0xD9, 0x45, 0x7F, 0xF7, 0x07, 0x7F, 0xAF, 0x89, 0xFE, 0xCE, 0x83, 0xBF,
    0xD2, 0xFC, 0xC9, 0x2D, 0xF8, 0xF3, 0xF2, 0xE0, 0xEF, 0x28, 0x67, 0x83, 0x97, 0xCB, 0x6E, 0x8E,
    0xFE, 0x6A, 0xFA, 0xBB, 0xF7, 0x48, 0x7F, 0x77, 0x0F, 0xC1, 0xDF, 0x75, 0x49, 0xBD, 0x3F, 0x67,
    0x3C, 0xC0, 0x9F, 0x33, 0x76, 0x1F, 0x3D, 0xE4, 0xF3, 0x0B, 0xDD, 0x35, 0x49, 0x26, 0x67, 0x27,
    0xA3, 0xE4, 0x93, 0xF3, 0x93, 0x74, 0x52, 0xC1, 0x6F, 0xDE, 0xC8, 0x84, 0x38, 0x6E, 0xBA, 0xDF,
    0xA9, 0x9F, 0x6E, 0x76, 0x33, 0xA6, 0xAF, 0xC9, 0xCE, 0x4D, 0xE3, 0x93, 0x5D, 0x2F, 0x2F, 0x76,
    0x9F, 0x38, 0xDC, 0xD0, 0x60, 0xE5, 0xEF, 0x9C, 0xFE, 0xAE, 0x05, 0x7F, 0x63, 0xF0, 0xD7, 0x39,
    0x7F, 0x9B, 0xE0, 0x0F, 0x06, 0xF0, 0x57, 0x04, 0x7F, 0xDE, 0xE0, 0x8C, 0xFE, 0x36, 0xC1, 0x5F,
    0x4A, 0x7F, 0x58, 0x97, 0x9F, 0xBE, 0xEE, 0xFD, 0xB9, 0x95, 0xC2, 0x9F, 0x5B, 0xE6, 0x11, 0xFE,
    0xE0, 0xE2, 0x21, 0xEB, 0xBB, 0x24, 0x7F, 0xDF, 0x5F, 0x2B, 0xDE, 0x7F, 0xD2, 0x97, 0xD4, 0xE7,
    0x63, 0xFA, 0x97, 0xD3, 0x3D, 0xB3, 0x94, 0xDD, 0x46, 0x77, 0x77, 0x4F, 0x92, 0xB7, 0x32, 0xEF,
    0xEE, 0x55, 0xA9, 0xFA, 0xAD, 0x9E, 0xE9, 0x47, 0xB4, 0xE3, 0x79, 0xF6, 0x6B, 0xD3, 0xBC, 0xBD,
    0xA7, 0x2B, 0xAB, 0xCD, 0x34, 0xC8, 0xA1, 0xC9, 0x26, 0xD4, 0xB7, 0x92, 0x64, 0x40, 0x7D, 0xB5,
    0xCD, 0x27, 0x39, 0x57, 0xEF, 0x6F, 0x3B, 0xDD, 0xFF, 0xB7, 0x8D, 0xF3, 0xF7, 0xB7, 0xD3, 0x6B,
    0xAE, 0xF2, 0x97, 0x04, 0x7F, 0xF9, 0xB7, 0x3B, 0x7F, 0xF7, 0x76, 0xC5, 0x0D, 0xFA, 0x4B, 0x47,
    0xD4, 0x97, 0xFE, 0x66, 0xF8, 0x9B, 0x65, 0xD2, 0x0F, 0xF8, 0x03, 0xE7, 0xEF, 0x03, 0xA6, 0x7B,
    0xFF, 0xB6, 0xBE, 0xE5, 0xFC, 0x9D, 0xDF, 0xED, 0xFD, 0x2D, 0x3B, 0x87, 0xF4, 0xF7, 0x3F, 0x75,
    0x35, 0xA4, 0xFF, 0x73, 0xA6, 0x1F, 0x72, 0x1C, 0xAF, 0x17, 0x1F, 0x72, 0x69, 0x7D, 0x9F, 0xF4,
    0x49, 0x1F, 0xAB, 0x3A, 0x3C, 0xC8, 0x7F, 0x11, 0xF1, 0x7F, 0xAE, 0x8C, 0x9D, 0x3C, 0xFF, 0xF2,
    0xFF, 0xFB, 0xF0, 0x86, 0x1F, 0xD5, 0x46, 0xF7, 0x94, 0xD1, 0x97, 0xDA, 0xB8, 0x79, 0xF2, 0xE9,
    0x7D, 0xF6, 0x69, 0xD7, 0x49, 0x1C, 0x4F, 0x18, 0xBD, 0x3A, 0x9D, 0xCF, 0x7F, 0xE9, 0x4B, 0x9B,
    0x83, 0x6A, 0xFB, 0x74, 0x3F, 0x54, 0xB5, 0xC1, 0x31, 0x48, 0xF6, 0xB4, 0x3C, 0x62, 0x7E, 0xA9,
    0xC6, 0x71, 0xCC, 0x8C, 0xB6, 0x27, 0x34, 0xBF, 0x8A, 0x36, 0x85, 0xD1, 0xBA, 0x34, 0x2A, 0xD5,
    0x15, 0x74, 0x39, 0xA5, 0xFB, 0x48, 0x67, 0x39, 0x44, 0x3A, 0x89, 0xAB, 0x29, 0xC7, 0x0F, 0xC9,
    0x69, 0x3A, 0x56, 0xF4, 0x36, 0x93, 0x30, 0xB6, 0xED, 0x5D, 0x62, 0xF4, 0xCE, 0x48, 0x93, 0xE6,
    0x2D, 0x8C, 0xD6, 0xEF, 0x1C, 0x69, 0x2A, 0xCF, 0x8F, 0x34, 0x13, 0xA3, 0x77, 0xC9, 0x7B, 0x89,
    0xD1, 0x2F, 0x8D, 0xF4, 0xCE, 0x07, 0x48, 0xE7, 0xC2, 0xA8, 0x23, 0xE9, 0x63, 0x0A, 0x43, 0x8C,
    0x3A, 0xC5, 0x40, 0x4B, 0x20, 0x85, 0x06, 0x52, 0x69, 0x43, 0xB2, 0xD7, 0x23, 0x89, 0x6A, 0x4F,
    0x6B, 0xD5, 0x81, 0xD6, 0xAA, 0xB4, 0xCF, 0xB1, 0x45, 0xB4, 0x56, 0xA5, 0x35, 0xF6, 0x9A, 0xD6,
    0x4A, 0x7B, 0x87, 0xDA, 0xD3, 0x9A, 0xF6, 0x09, 0xC8, 0x44, 0x6B, 0xDA, 0xB3, 0x36, 0xB4, 0x46,
    0xD9, 0x04, 0x8B, 0xA3, 0xBD, 0x47, 0xED, 0x61, 0x4D, 0xFB, 0x94, 0x64, 0x82, 0x35, 0xED, 0x8B,
    0x75, 0x05, 0x5B, 0x58, 0xD3, 0xFE, 0xB1, 0xEF, 0xC6, 0xAB, 0xE2, 0x6E, 0xE4, 0xC1, 0xDB, 0x9C,
    0x85, 0xDD, 0x98, 0x92, 0xB0, 0x1B, 0xC3, 0x86, 0xF6, 0x79, 0x27, 0x61, 0x37, 0x5A, 0xD9, 0xD3,
    0xBA, 0x91, 0x12, 0xF6, 0xB8, 0xA4, 0xFD, 0x2C, 0x02, 0x7B, 0x67, 0x0D, 0x43, 0x58, 0xBB, 0x2B,
    0xD8, 0xC3, 0x5A, 0x64, 0xF1, 0xD6, 0xB0, 0xC4, 0x81, 0x8C, 0x4B, 0xEC, 0x86, 0x43, 0xD8, 0xC3,
    0xDA, 0xDB, 0x6F, 0x47, 0x06, 0x96, 0xD4, 0x59, 0xC3, 0x9E, 0xD6, 0x22, 0x0F, 0xBD, 0x1B, 0x77,
    0x22, 0x42, 0x70, 0xBE, 0x77, 0xBE, 0xDD, 0xC7, 0x1B, 0xED, 0x25, 0xF1, 0x5B, 0x8B, 0x5D, 0x9D,
    0xA5, 0xA0, 0x75, 0x5D, 0xA1, 0x94, 0xCF, 0x5B, 0xD9, 0x7C, 0x85, 0xB3, 0xF9, 0x3B, 0x67, 0xD3,
    0x3A, 0x9B, 0xF6, 0x2B, 0x25, 0xAD, 0x77, 0x92, 0xCB, 0x5B, 0xBA, 0x7F, 0xB9, 0xB7, 0x79, 0xC7,
    0x97, 0xBE, 0xD4, 0xF6, 0xB9, 0x0B, 0x38, 0x07, 0xD4, 0x36, 0xE0, 0x48, 0x74, 0xF2, 0x80, 0x43,
    0xC0, 0x25, 0xA0, 0x76, 0x01, 0xBD, 0x29, 0x93, 0x27, 0x8E, 0x01, 0xB5, 0x09, 0x38, 0x04, 0xD4,
    0x88, 0x5D, 0xC0, 0x25, 0xA0, 0x36, 0x84, 0xF9, 0xE2, 0xFC, 0xB2, 0xB2, 0xAF, 0x2F, 0xFA, 0x6F,
    0x2F, 0xC6, 0xEF, 0x88, 0xCB, 0x2A, 0xDF, 0xFA, 0xE2, 0x7A, 0x9A, 0x8B, 0xEB, 0x3D, 0xCA, 0x6A,
    0x3C, 0xC2, 0x7D, 0x99, 0x0F, 0x8C, 0x33, 0x15, 0x0B, 0x71, 0xA3, 0x9D, 0x47, 0x29, 0x67, 0xE2,
    0x56, 0x5B, 0x8F, 0xB2, 0x1F, 0x89, 0xA9, 0x36, 0x1E, 0x05, 0xA6, 0xC0, 0x5C, 0x89, 0x30, 0x05,
    0xC2, 0xD4, 0x63, 0xA2, 0x8D, 0x5D, 0xDB, 0xBC, 0xE9, 0x69, 0x6F, 0xFE, 0xE8, 0xDF, 0xE2, 0xC1,
    0xC8, 0xF2, 0x61, 0x7E, 0xCC, 0xF7, 0xD1, 0xEF, 0xCB, 0xCF, 0x20, 0x66, 0xE3, 0x8E, 0xD1, 0x1D,
    0xDA, 0xB8, 0x63, 0x74, 0x87, 0xD6, 0x07, 0xDF, 0x78, 0x8F, 0x72, 0x70, 0xC6, 0x07, 0x67, 0x78,
    0xCB, 0xE9, 0x3E, 0x96, 0x0F, 0xB3, 0xD9, 0xFC, 0x98, 0xB3, 0xF9, 0x91, 0xB2, 0x91, 0x1F, 0xD9,
    0x8E, 0xF2, 0x23, 0x52, 0xD5, 0x3F, 0xB2, 0x71, 0x58, 0x34, 0xF8, 0x1C, 0xF3, 0xD0, 0x41, 0x1F,
    0xC7, 0x6D, 0x82, 0x12, 0x95, 0xA8, 0xC4, 0xD3, 0x3B, 0xE2, 0x1F, 0x09, 0x7A, 0x54, 0xF5, 0xB3,
    0x3C, 0x07, 0xA5, 0xD9, 0x71, 0xE9, 0x0B, 0xFD, 0xF3, 0x7C, 0x75, 0xA0, 0xEE, 0x4B, 0x3C, 0x76,
    0xF2, 0x25, 0xA3, 0x07, 0xF9, 0x92, 0x7F, 0x04, 0x00, 0x3D, 0x6C, 0xF4, 0x08, 0x70, 0x2A, 0x07,
    0xD0, 0x76, 0x38, 0x9B, 0x1D, 0xBD, 0xAC, 0x02, 0xD9, 0xB0, 0x67, 0xDC, 0x9E, 0x7A, 0xEB, 0x03,
    0xD6, 0x27, 0x13, 0x92, 0xC9, 0x7A, 0xA9, 0x75, 0xD7, 0x93, 0x7E, 0x4B, 0xFB, 0xC6, 0x7A, 0xB2,
    0x75, 0x69, 0xEB, 0xDB, 0xD6, 0xC9, 0xAD, 0xB7, 0x9F, 0x76, 0x7B, 0xEB, 0xFF, 0xF6, 0x46, 0xC8,
    0xBC, 0x35, 0xED, 0xA7, 0x8B, 0xEF, 0x11, 0xF1, 0xD6, 0xB4, 0x6F, 0x57, 0x6F, 0x9F, 0x42, 0xD7,
    0x3D, 0x39, 0x99, 0xD6, 0x7D, 0x5B, 0xFA, 0x48, 0xEA, 0x87, 0xDA, 0x84, 0xD0, 0x1E, 0xAD, 0x61,
    0x5A, 0x0B, 0xB5, 0xA6, 0x6A, 0x6D, 0xD6, 0x1A, 0xAF, 0xB5, 0x62, 0x6B, 0xCE, 0xD6, 0xAE, 0xAD,
    0x81, 0x5B, 0x4B, 0xB7, 0x26, 0x6F, 0x6D, 0xDF, 0x5E, 0x04, 0xB4, 0x5F, 0xEC, 0x65, 0x61, 0xAF,
    0x0F, 0x7B, 0xA1, 0xAC, 0x5E, 0x31, 0xD5, 0xAB, 0x1E, 0xFD, 0x26, 0xD8, 0x40, 0x27, 0x46, 0x47,
    0x2E, 0xB0, 0x7C, 0x9D, 0xD1, 0xDD, 0xD1, 0xE5, 0x7D, 0xB7, 0x17, 0x3D, 0xA2, 0xFB, 0x73, 0xA5,
    0x45, 0xE8, 0xF0, 0xCF, 0x13, 0xB3, 0x41, 0x37, 0x47, 0x57, 0x47, 0x77, 0x47, 0x97, 0x47, 0xB7,
    0x47, 0xD7, 0x47, 0xF7, 0x5F, 0xD9, 0xAC, 0xC6, 0xA6, 0x25, 0xE6, 0x01, 0x0F, 0xC4, 0x54, 0x89,
    0x7B, 0xE2, 0x56, 0x89, 0x25, 0x71, 0xA3, 0xC4, 0x22, 0xE0, 0x81, 0x98, 0x29, 0x71, 0x4F, 0x4C,
    0x94, 0x58, 0x12, 0x37, 0x56, 0x63, 0xE2, 0x7E, 0x75, 0x1D, 0xE6, 0x4D, 0x8F, 0xA0, 0xA7, 0xFE,
    0x90, 0x94, 0xC5, 0x23, 0xE6, 0x44, 0xCB, 0x07, 0xA6, 0x17, 0xF2, 0x95, 0x2A, 0x60, 0x4A, 0xB4,
    0xF5, 0x49, 0x46, 0xB4, 0xF5, 0x3F, 0xDA, 0x7D, 0xF9, 0x5B, 0xC6, 0x9D, 0x73, 0xE6, 0xD1, 0x79,
    0xCC, 0x17, 0xDA, 0x1D, 0x06, 0x8F, 0xA9, 0xD6, 0x40, 0x34, 0x65, 0x60, 0xA2, 0x2D, 0x10, 0x4D,
    0x19, 0xE8, 0x8C, 0x3C, 0xA2, 0x29, 0x03, 0xA1, 0xB2, 0x6B, 0x9B, 0x37, 0x3D, 0xED, 0xCD, 0x9F,
    0xF9, 0xB7, 0x78, 0x10, 0xA9, 0x58, 0x3E, 0x96, 0x9F, 0xE5, 0xCB, 0xFC, 0x1F, 0xC9, 0xBE, 0xD4,
    0x4E, 0x88, 0x78, 0x2D, 0xF4, 0xB0, 0x4D, 0x55, 0xDB, 0x8A, 0x7F, 0xC5, 0xB7, 0x72, 0x70, 0x47,
    0xA6, 0xAD, 0xF7, 0x41, 0xFB, 0xFA, 0xA2, 0xCD, 0xFF, 0x39, 0x9B, 0xF7, 0x6F, 0xD3, 0x61, 0xDB,
    0x56, 0xF5, 0xB6, 0xCD, 0xBA, 0x6D, 0x2B, 0xAF, 0x76, 0x47, 0xF6, 0xCF, 0xA7, 0x36, 0x8D, 0x9C,
    0x8C, 0x3B, 0x06, 0x9F, 0xC3, 0x61, 0xF0, 0x67, 0x1D, 0xFC, 0xD9, 0x01, 0xCE, 0x3A, 0xE0, 0xEC,
    0xA0, 0xC4, 0xD9, 0xAE, 0xAC, 0xCB, 0xDD, 0xE1, 0x01, 0x08, 0x00, 0x0E, 0xE6, 0xF3, 0x72, 0x99,
    0x47, 0x06, 0x1A, 0xFD, 0xF9, 0x1F, 0x9F, 0xEF, 0xCF, 0xF2, 0x7C, 0x7F, 0x96, 0xE7, 0xE3, 0xEC,
    0xA0, 0xC4, 0x2C, 0xAE, 0x6E, 0x02, 0xC4, 0x21, 0xC0, 0x05, 0xBC, 0xE9, 0x00, 0x01, 0x6E, 0x3A,
    0x00, 0xFE, 0x0C, 0x03, 0x8D, 0x72, 0xF5, 0xF8, 0xD4, 0x55, 0x58, 0x56, 0x60, 0x31, 0x5A, 0xB0,
    0x97, 0xB2, 0x3E, 0x5D, 0x94, 0xAA, 0x8E, 0x51, 0xAA, 0xBA, 0x98, 0x54, 0x21, 0xA6, 0x54, 0x21,
    0xA6, 0x94, 0x62, 0x2F, 0xA5, 0x98, 0x52, 0x88, 0x29, 0x85, 0x98, 0x52, 0x8A, 0x29, 0x85, 0xD8,
    0xA4, 0x10, 0x43, 0x4A, 0x31, 0xA5, 0x14, 0x43, 0x4A, 0x31, 0xA5, 0x14, 0x53, 0xEA, 0xC5, 0x27,
    0xF4, 0x44, 0x70, 0x62, 0x76, 0xE2, 0xEC, 0x24, 0xC4, 0x69, 0x60, 0x4B, 0xE7, 0x34, 0x49, 0x4B,
    0x7D, 0xB5, 0x20, 0x2E, 0x73, 0xBD, 0x78, 0xDB, 0x12, 0xDB, 0x28, 0xDB, 0xBE, 0xF5, 0xA6, 0xDA,
    0x56, 0xAF, 0x0B, 0xC0, 0xB2, 0xAC, 0x8B, 0x25, 0x1F, 0xFB, 0x98, 0x0B, 0xFB, 0x31, 0x56, 0xD8,
    0x39, 0xB1, 0xC2, 0x0E, 0x62, 0x85, 0x3D, 0x4A, 0x15, 0x0B, 0x5B, 0x4B, 0xDE, 0x05, 0xA9, 0x08,
    0xC4, 0x94, 0x0A, 0xC4, 0x94, 0x0A, 0xC4, 0x94, 0x0A, 0xC4, 0x94, 0x52, 0x4C, 0x29, 0xC4, 0x94,
    0x52, 0x4C, 0x29, 0xC4, 0x94, 0x52, 0x0C, 0x29, 0xC5, 0x94, 0x52, 0x4C, 0xA9, 0x17, 0xEF, 0x9B,
    0x98, 0x5F, 0x57, 0x74, 0x71, 0x29, 0x4D, 0x3A, 0x86, 0xA5, 0x2C, 0xF8, 0xCF, 0xFC, 0x46, 0x4C,
    0x04, 0x29, 0x0F, 0x2F, 0xE5, 0x0C, 0xA4, 0x3C, 0x51, 0xCA, 0x29, 0xCA, 0x70, 0xE6, 0x35, 0xE7,
    0xA8, 0x02, 0xF0, 0x92, 0x62, 0x8A, 0x28, 0x86, 0x94, 0x62, 0x4A, 0xBD, 0x98, 0x52, 0x2F, 0xFE,
    0xCE, 0x67, 0x45, 0x61, 0x3F, 0xD6, 0x0A, 0xBB, 0x19, 0xAC, 0xB0, 0xE9, 0x6C, 0x85, 0x2D, 0xB4,
    0x8E, 0x85, 0xDD, 0xEB, 0x11, 0x62, 0x48, 0x55, 0x21, 0x86, 0x34, 0x51, 0x85, 0x18, 0xD2, 0x5C,
    0xD5, 0x8B, 0x9D, 0xB4, 0x52, 0xF5, 0xE2, 0x7D, 0x43, 0xCA, 0xC2, 0x52, 0x80, 0xC2, 0xD2, 0x2C,
    0x14, 0x16, 0xCE, 0x42, 0x61, 0x2B, 0x2F, 0x15, 0x81, 0xD8, 0x4B, 0x45, 0x20, 0x9E, 0xC5, 0x0A,
    0x4B, 0xA9, 0x17, 0xBF, 0xCE, 0xD3, 0xA9, 0xB0, 0x5F, 0xB0, 0xD4, 0x1E, 0x33, 0xBF, 0x1F, 0x27,
    0x7F, 0x45, 0xA4, 0x7A, 0x93, 0x6F, 0x9A, 0x72, 0x08, 0x5E, 0x0E, 0x4D, 0xB9, 0xD4, 0x87, 0xC6,
    0x05, 0x4D, 0x54, 0x07, 0x97, 0x50, 0x32, 0x96, 0xAA, 0x4B, 0x3A, 0x48, 0xD6, 0xC1, 0xEA, 0x17,
    0x27, 0xC9, 0x7F, 0xD1, 0xA1, 0xF6, 0xB3, 0x94, 0x1F, 0x00, 0x32, 0xEE, 0xA5, 0xCA, 0x41, 0xA6,
    0x4A, 0x6E, 0x78, 0xB2, 0x94, 0xF5, 0x2D, 0xBE, 0xA1, 0xF2, 0xE6, 0xBC, 0x22, 0x69, 0xA7, 0x15,
    0xF9, 0x18, 0x90, 0xD5, 0x94, 0x59, 0xDD, 0x28, 0xBC, 0x9F, 0xA2, 0x89, 0x9E, 0xEB, 0xEA, 0x43,
    0x42, 0xAC, 0x22, 0x46, 0xCF, 0x3B, 0x90, 0x5F, 0x98, 0x24, 0x19, 0x60, 0xEF, 0x32, 0xDC, 0xCC,
    0x99, 0x93, 0x14, 0x1D, 0x56, 0xB1, 0xD7, 0x66, 0xDF, 0x86, 0x75, 0x29, 0x56, 0x8A, 0x8A, 0x8D,
    0xB1, 0x59, 0x1E, 0x43, 0x7F, 0x0C, 0x6D, 0xE0, 0x4B, 0x96, 0x9B, 0x1E, 0xB7, 0xDC, 0xA5, 0x46,
    0xAC, 0x6F, 0x54, 0xBD, 0xDF, 0x2E, 0x1A, 0x42, 0x9D, 0xC4, 0x2F, 0x1A, 0x2D, 0x1C, 0xC0, 0x51,
    0xB5, 0xA8, 0x13, 0xE9, 0x78, 0x98, 0x9C, 0xA4, 0xAF, 0x66, 0x27, 0x69, 0x73, 0xC5, 0x2D, 0x92,
    0x6A, 0x5B, 0xA8, 0xBB, 0x3C, 0x56, 0x33, 0xA6, 0xC8, 0xF9, 0x39, 0x35, 0xD4, 0xD3, 0x96, 0x7E,
    0xE8, 0x93, 0xFE, 0x19, 0x8B, 0x71, 0x99, 0x03, 0xF3, 0x61, 0x6E, 0x31, 0xCF, 0x6D, 0x28, 0xF1,
    0x7D, 0x2C, 0xF1, 0x9B, 0xE3, 0xCB, 0x9E, 0xD7, 0xBB, 0xCA, 0x42, 0x90, 0x0E, 0x3C, 0xA4, 0x84,
    0xE0, 0x86, 0x3B, 0xCE, 0x7D, 0x5F, 0x73, 0x25, 0xF6, 0xBE, 0x92, 0x23, 0xFE, 0x8B, 0xE0, 0x32,
    0xA3, 0x8F, 0x33, 0xC9, 0xE9, 0xF4, 0xC5, 0xF2, 0x2E, 0x24, 0x6F, 0x25, 0x3B, 0x92, 0x5C, 0xBE,
    0xD6, 0xA3, 0x93, 0xFE, 0x08, 0x49, 0xD2, 0xF4, 0x81, 0xB4, 0x8F, 0x88, 0x98, 0xB9, 0x39, 0xB4,
    0x10, 0x16, 0xD4, 0xD2, 0xB0, 0xC4, 0x92, 0xD6, 0x93, 0xDE, 0x92, 0xB7, 0xE5, 0xD8, 0x02, 0x4F,
    0x96, 0x2C, 0xB8, 0xBD, 0x5B, 0xDB, 0x16, 0xDB, 0xA8, 0x27, 0x7B, 0xF0, 0xAB, 0xC7, 0x5B, 0xF2,
    0x01, 0x3D, 0x84, 0x9B, 0xAD, 0x54, 0x16, 0xD6, 0x6E, 0xC8, 0x4C, 0xFF, 0xF4, 0x9F, 0x75, 0x44,
    0x91, 0xF5, 0x9B, 0x3B, 0x5F, 0x7A, 0xFD, 0xBD, 0x6F, 0xEE, 0x6E, 0xFB, 0xAF, 0x03, 0xF9, 0x37,
    0x77, 0x63, 0xD5, 0x49, 0x4A, 0x32, 0x48, 0x4E, 0x32, 0x49, 0x49, 0x32, 0x4B, 0xF5, 0x2A, 0x90,
    0x6B, 0x07, 0xD9, 0x97, 0x9E, 0x54, 0xF5, 0x21, 0x90, 0xE6, 0xD5, 0x24, 0x65, 0x33, 0x93, 0x14,
    0x6D, 0x20, 0x79, 0x3B, 0x45, 0x62, 0x9F, 0x98, 0x66, 0x09, 0xA4, 0x39, 0x44, 0x73, 0xF3, 0x6C,
    0xB1, 0xCA, 0xFF, 0xF1, 0x64, 0x11, 0xCB, 0x27, 0x8B, 0x19, 0x26, 0x24, 0x3D, 0x57, 0x31, 0x6A,
    0x7B, 0xB2, 0xAE, 0x5C, 0xFF, 0xF4, 0x9F, 0xFC, 0x4A, 0xB7, 0xF6, 0x30, 0xA2, 0xC9, 0x84, 0xFD,
    0xD1, 0x9B, 0xC2, 0xF1, 0xA8, 0xDA, 0xD7, 0x9B, 0xDF, 0x16, 0xDF, 0xBE, 0x9C, 0xEB, 0xCE, 0xB7,
    0x2F, 0x3C, 0xE6, 0x6C, 0x5F, 0xDD, 0x56, 0xDF, 0x7F, 0x92, 0xFC, 0x17, 0x9C, 0xB0, 0x3C, 0xA2,
    0x7D, 0x8D, 0xCE, 0x67, 0xBF, 0x97, 0x2A, 0xEB, 0x44, 0xB6, 0x23, 0xDA, 0x17, 0xBC, 0x4E, 0xAE,
    0x7D, 0x15, 0x8D, 0x23, 0xB7, 0x5C, 0xFB, 0x2A, 0x11, 0x0F, 0x1B, 0x55, 0x81, 0x54, 0x0F, 0x4A,
    0x6E, 0x05, 0x71, 0x73, 0x83, 0xE6, 0x68, 0x5F, 0x70, 0x88, 0xF6, 0xF5, 0x11, 0x08, 0x81, 0xF6,
    0xF5, 0x4B, 0x08, 0x8A, 0xF6, 0xF5, 0x77, 0x48, 0xE3, 0xF7, 0xD1, 0xBE, 0x90, 0xD8, 0xB7, 0xA3,
    0x7D, 0x21, 0x55, 0xDF, 0xBE, 0xBE, 0x49, 0xB5, 0x63, 0xFB, 0x7A, 0xF3, 0xDB, 0x0F, 0xBF, 0x7D,
    0xC9, 0xAB, 0x96, 0x46, 0x38, 0xB5, 0xBE, 0xB5, 0x40, 0x78, 0x6B, 0x61, 0x70, 0x0B, 0x4F, 0xBE,
    0x69, 0x6A, 0x27, 0x29, 0xC9, 0x20, 0x39, 0xC9, 0x24, 0x05, 0xC9, 0x4C, 0x23, 0x98, 0x19, 0x39,
    0x04, 0xD2, 0x18, 0x09, 0xA8, 0xED, 0xC3, 0x21, 0x97, 0xCD, 0x2F, 0x87, 0xB0, 0xE8, 0x96, 0x8F,
    0x65, 0x68, 0x39, 0xDB, 0x2A, 0x68, 0xB6, 0xD8, 0x4A, 0xAF, 0xDE, 0xA8, 0xCD, 0xAB, 0xB8, 0x51,
    0x57, 0x8E, 0x37, 0x88, 0x64, 0x77, 0x89, 0xDC, 0x88, 0x44, 0xD7, 0x64, 0xA3, 0x0D, 0x49, 0xA2,
    0xED, 0x8A, 0xA4, 0xDA, 0x91, 0xE4, 0xDA, 0xAF, 0x48, 0xE1, 0x13, 0xFC, 0x12, 0xE5, 0xB8, 0x9D,
    0x07, 0xD2, 0x6F, 0x03, 0x69, 0xC2, 0x2E, 0x4C, 0x61, 0x39, 0xDE, 0x93, 0x27, 0xE1, 0x49, 0xF1,
    0xF6, 0x92, 0xC6, 0x05, 0x1A, 0xC9, 0xE1, 0xE5, 0x02, 0x29, 0xA2, 0xB8, 0xD2, 0xFF, 0xD0, 0x89,
    0xE4, 0xFD, 0x48, 0xF6, 0x93, 0x54, 0x0B, 0x88, 0x73, 0x9F, 0xA9, 0x27, 0x35, 0x57, 0xB6, 0x85,
    0x45, 0xD9, 0xB0, 0xBD, 0x4A, 0xDA, 0x3A, 0xF2, 0xA0, 0x3F, 0x12, 0xCB, 0xD6, 0x58, 0x62, 0x2C,
    0x6D, 0x22, 0xCB, 0xDB, 0xCB, 0xAC, 0xE8, 0x22, 0xAB, 0xFA, 0xC8, 0xAE, 0x19, 0x3B, 0x1F, 0x23,
    0x1B, 0xCF, 0x23, 0x1B, 0xAE, 0xC7, 0x60, 0xFD, 0xB5, 0x18, 0xAC, 0x2B, 0x23, 0x3B, 0x16, 0x35,
    0x59, 0xD6, 0xE6, 0x4D, 0xFC, 0x6D, 0x0F, 0x9B, 0x37, 0xE0, 0x54, 0xA7, 0xB8, 0x14, 0xF5, 0x9A,
    0x74, 0x16, 0x29, 0x3B, 0x11, 0x9E, 0x93, 0xD9, 0x97, 0xB1, 0x0E, 0xBF, 0xCF, 0x66, 0x3E, 0x72,
    0x3E, 0xF0, 0x27, 0x27, 0x6E, 0x05, 0xCB, 0x8F, 0x17, 0x0E, 0x03, 0x27, 0x8E, 0x95, 0x21, 0x6C,
    0xDA, 0x14, 0x5C, 0x6D, 0x5B, 0xF6, 0x79, 0xE3, 0x6D, 0x1B, 0x9D, 0xB3, 0xD6, 0xB3, 0x0F, 0x19,
    0x0F, 0xDF, 0xEE, 0x59, 0x59, 0x1E, 0x8B, 0x7F, 0xE8, 0xB8, 0xFB, 0x92, 0x68, 0xEF, 0x99, 0xF3,
    0x7C, 0xF0, 0xEC, 0x70, 0x14, 0x29, 0x10, 0x97, 0x9B, 0x3F, 0x81, 0xF9, 0xCB, 0x33, 0x5C, 0x7A,
    0x07, 0x77, 0x71, 0x93, 0xED, 0x7C, 0xE5, 0x78, 0xC3, 0x9F, 0x20, 0xD2, 0xAB, 0xDD, 0x89, 0x39,
    0x97, 0x2D, 0xD5, 0xCC, 0x69, 0x1D, 0xE9, 0x48, 0x3B, 0x66, 0x6E, 0x32, 0xA1, 0x6C, 0x0A, 0x5E,
    0x06, 0x2E, 0x3B, 0xC8, 0x92, 0x95, 0xAC, 0x98, 0x83, 0x7C, 0xB4, 0xA0, 0x94, 0x43, 0x76, 0xC7,
    0x31, 0xF1, 0x41, 0xCB, 0x3E, 0xE3, 0x1D, 0xD6, 0xE7, 0x13, 0x7D, 0x96, 0x03, 0x6F, 0xBD, 0x7D,
    0xEF, 0x51, 0xE9, 0xB5, 0x42, 0x75, 0x78, 0x6B, 0x87, 0x20, 0x73, 0xC0, 0x29, 0xE4, 0x18, 0x97,
    0xD4, 0x31, 0x77, 0xCA, 0x45, 0x3E, 0xEB, 0xEA, 0xEF, 0x2C, 0xD9, 0x10, 0x48, 0x39, 0x06, 0xB2,
    0x1F, 0x88, 0x1B, 0x1D, 0x83, 0x44, 0x87, 0x20, 0xA1, 0x6F, 0xF4, 0x92, 0x36, 0x38, 0xD7, 0x20,
    0x41, 0xF4, 0x37, 0xF3, 0xE9, 0xE1, 0x75, 0xE6, 0x88, 0xFF, 0xDE, 0xA0, 0xC8, 0x43, 0x1B, 0xA7,
    0xAF, 0xDD, 0xC5, 0x82, 0x4F, 0x6B, 0x27, 0x19, 0x41, 0x9A, 0x4D, 0x68, 0x4B, 0x6D, 0x0A, 0x09,
    0x48, 0x01, 0x09, 0xC8, 0xDE, 0x87, 0xDE, 0xEB, 0x1F, 0x40, 0x02, 0xA2, 0x90, 0x90, 0x2C, 0x42,
    0x12, 0x9F, 0x55, 0x2F, 0x21, 0x69, 0x48, 0x20, 0x21, 0x19, 0x23, 0xE9, 0x98, 0x3F, 0x25, 0xB6,
    0x69, 0x58, 0xC0, 0x60, 0x5F, 0x53, 0x89, 0x36, 0x5E, 0x9B, 0xF0, 0xD6, 0xD7, 0x88, 0xE7, 0x87,
    0xC6, 0x1B, 0x2C, 0x7C, 0x1E, 0xB2, 0x31, 0x1F, 0xBD, 0xCB, 0x3E, 0x59, 0xC2, 0x0F, 0x63, 0xDA,
    0xC0, 0x9F, 0x48, 0xE5, 0x04, 0xD9, 0x24, 0x02, 0x41, 0xD9, 0x8B, 0x38, 0x01, 0xA6, 0xC5, 0x09,
    0x30, 0x0D, 0x01, 0xA6, 0x21, 0xC0, 0x34, 0x04, 0x98, 0x86, 0x60, 0x75, 0x5F, 0xC5, 0x92, 0x1C,
    0x96, 0x90, 0x2C, 0x42, 0xC0, 0x79, 0xD5, 0x31, 0x76, 0x3E, 0x32, 0x76, 0x78, 0x32, 0xD9, 0x96,
    0x52, 0x67, 0x5D, 0xE1, 0x39, 0xE9, 0xED, 0xE9, 0x14, 0x27, 0xC0, 0x34, 0x04, 0x98, 0x86, 0x00,
    0xD3, 0x10, 0x60, 0x1A, 0x82, 0x3D, 0x63, 0xCD, 0x6F, 0x41, 0x7C, 0x2F, 0x59, 0x0D, 0xFE, 0xA9,
    0xE9, 0x8C, 0x0E, 0xB5, 0x93, 0x4F, 0xB2, 0xE5, 0x1F, 0xDF, 0xBC, 0x3B, 0x2A, 0x6D, 0x4B, 0xEC,
    0xA9, 0x6A, 0x7F, 0x50, 0xAD, 0x13, 0xD5, 0xA9, 0x52, 0x3D, 0xE6, 0xAA, 0x03, 0x0E, 0xF0, 0x44,
    0x75, 0x51, 0xD4, 0x9F, 0xEF, 0x2A, 0x56, 0x0C, 0xB6, 0xB9, 0xB2, 0x27, 0x27, 0xEA, 0xA7, 0x45,
    0x38, 0xED, 0x05, 0x83, 0xA1, 0x7D, 0x6E, 0x3A, 0xDA, 0x99, 0x9F, 0xE8, 0x37, 0xC6, 0x89, 0x71,
    0x63, 0x1E, 0x31, 0xAF, 0x98, 0x67, 0xCC, 0x3B, 0xAC, 0xC3, 0xD6, 0x65, 0xEB, 0x5C, 0x8D, 0xD7,
    0xC1, 0x17, 0xE6, 0xED, 0x4F, 0x60, 0x2B, 0xB3, 0x49, 0xF2, 0x49, 0xB2, 0x19, 0x0D, 0x39, 0x55,
    0x71, 0x0E, 0x12, 0x7D, 0x7F, 0x6D, 0x64, 0xAB, 0xBF, 0xA5, 0xC8, 0xF3, 0x7F, 0x26, 0x7F, 0x1B,
    0x0F, 0xF1, 0x67, 0x23, 0x84, 0xB1, 0x9F, 0xFD, 0x4B, 0x7F, 0xDE, 0x87, 0x95, 0xA2, 0x36, 0x7E,
    0x15, 0x99, 0xFA, 0xAF, 0x34, 0xCB, 0x01, 0x59, 0x4D, 0xB8, 0x03, 0x74, 0x28, 0xB0, 0xCB, 0x5D,
    0xBE, 0xA0, 0xA3, 0x24, 0x8A, 0xEE, 0xB4, 0xD5, 0xBA, 0x58, 0x44, 0x26, 0x81, 0xE0, 0xED, 0x43,
    0xE3, 0xD9, 0x5B, 0x6B, 0x8C, 0xB7, 0x71, 0x25, 0xEB, 0x51, 0x87, 0x26, 0xEC, 0x21, 0xEF, 0xE5,
    0x53, 0xA0, 0xBA, 0xED, 0x9B, 0x83, 0x2E, 0xA9, 0x5F, 0xC1, 0x82, 0x6E, 0x9B, 0xEB, 0x9C, 0xE8,
    0x88, 0xC7, 0x18, 0xDF, 0xA5, 0x90, 0x99, 0x6A, 0xA2, 0x8A, 0xE5, 0xBC, 0x44, 0x27, 0x6E, 0x36,
    0x7A, 0x3A, 0xB7, 0xBE, 0xB0, 0x4A, 0xCC, 0x7C, 0xB7, 0x8E, 0xAC, 0x0F, 0xD6, 0xBC, 0x25, 0x24,
    0xA8, 0x8D, 0x97, 0x4C, 0x42, 0x73, 0x56, 0xD2, 0x6F, 0x17, 0xBC, 0xC0, 0x0C, 0x3E, 0x0B, 0x5D,
    0xA0, 0xA9, 0x50, 0xA9, 0xC5, 0x85, 0xEB, 0x2A, 0x00, 0x9A, 0xC2, 0xE4, 0x40, 0x32, 0xE7, 0xED,
    0x80, 0xEA, 0x1E, 0x7D, 0x1F, 0xFD, 0x5F, 0x3E, 0x5B, 0x6F, 0x6D, 0x6B, 0xDA, 0x34, 0x1E, 0xFE,
    0x1F, 0xD5, 0x93, 0x01, 0x66, 0x03, 0x41, 0x18, 0x85, 0xDF, 0x6E, 0xC8, 0xA2, 0x48, 0x01, 0x05,
    0x7A, 0x84, 0x3D, 0xC2, 0x6E, 0xCF, 0xD1, 0x43, 0xE4, 0x08, 0x49, 0xEF, 0x54, 0x00, 0x3A, 0x47,
    0xD8, 0x23, 0x04, 0x3D, 0x40, 0xB1, 0x08, 0xFE, 0x99, 0xD7, 0x79, 0xCC, 0x3F, 0x59, 0x6D, 0x5B,
    0x69, 0xA9, 0xB4, 0x0B, 0xDF, 0x17, 0xB1, 0xCB, 0xFF, 0xF1, 0xB0, 0xE6, 0x33, 0xB0, 0x4D, 0x23,
    0x76, 0x24, 0xAE, 0xC8, 0xA9, 0x25, 0x13, 0x06, 0x32, 0x74, 0x64, 0x04, 0xB3, 0x6C, 0x48, 0x6B,
    0x48, 0xEE, 0x6F, 0x39, 0xDD, 0xAC, 0x78, 0x6C, 0xC6, 0x9E, 0xC0, 0x8A, 0x07, 0x60, 0x48, 0x40,
    0xC7, 0x90, 0x25, 0xBA, 0xD8, 0x3B, 0x21, 0xAD, 0xD3, 0xEB, 0x67, 0x89, 0xBF, 0xF5, 0xD7, 0x44,
    0xA1, 0x9A, 0x04, 0xEC, 0x18, 0x3B, 0xEE, 0x5B, 0xD2, 0x36, 0x4A, 0x24, 0x4C, 0x1B, 0xF2, 0x98,
    0x7F, 0xE5, 0x3C, 0xD7, 0xF9, 0x3F, 0xC5, 0x69, 0x92, 0xD2, 0xE8, 0x51, 0x18, 0xC1, 0x4E, 0xF0,
    0x24, 0xE1, 0x4B, 0x18, 0x70, 0x01, 0xE8, 0x4C, 0xDC, 0x87, 0x72, 0x67, 0x80, 0x0E, 0x15, 0xBB,
    0x42, 0x9D, 0x2A, 0xEA, 0x56, 0x51, 0xC7, 0x8A, 0x43, 0x2A, 0x8C, 0x85, 0xF6, 0x86, 0xA4, 0x9D,
    0x45, 0x03, 0x7E, 0x8F, 0x93, 0x88, 0x15, 0xE7, 0x42, 0x42, 0x6C, 0x0B, 0xE1, 0xEC, 0x13, 0xA0,
    0xA7, 0x8D, 0xA8, 0xFB, 0xE8, 0x27, 0x5F, 0x48, 0xE0, 0xEC, 0x1B, 0x79, 0xA0, 0xF9, 0x4A, 0xEE,
    0x68, 0xBE, 0x93, 0x86, 0xE6, 0x4B, 0x01, 0xE7, 0xBA, 0x95, 0x7E, 0xF2, 0x48, 0x80, 0x3A, 0x55,
    0xB5, 0x0F, 0xD5, 0x17, 0xC1, 0xF9, 0x5B, 0xEA, 0x5F, 0xF8, 0x7F, 0x5A, 0x53, 0xAF, 0x1F, 0xB1,
    0x68, 0x0D, 0x8F, 0xBD, 0xCF, 0xEE, 0xB5, 0xC7, 0xEC, 0x9E, 0x1B, 0xD9, 0x17, 0xBD, 0xE1, 0xC1,
    0xE5, 0xB5, 0xB8, 0x3C, 0x2E, 0xDC, 0x3E, 0x71, 0x2F, 0xF9, 0x13, 0xF7, 0xEF, 0x5C, 0xCC, 0x8F,
    0x0B, 0xB7, 0x93, 0x3F, 0x71, 0xAC, 0xBE, 0xE3, 0x4B, 0xF5, 0x81, 0x07, 0x77, 0x05, 0xAC, 0xAE,
    0x9D, 0xD4, 0x67, 0x1B, 0x5E, 0x01,
};

static const EpdGlyph ubuntu_20_boldGlyphs[] = {
    { 0, 0, 0, 0, 0, 0, 0 }, // U+0000
    { 0, 0, 0, 0, 0, 0, 0 }, // U+0001
    { 0, 0, 0, 0, 0, 0, 0 }, // U+0002
    { 0, 0, 0, 0, 0, 0, 0 }, // U+0003
    { 0, 0, 0, 0, 0, 0, 0 }, // U+0004
    { 0, 0, 0, 0, 0, 0, 0 }, // U+0005
    { 0, 0, 0, 0, 0, 0, 0 }, // U+0006
    { 0, 0, 0, 0, 0, 0, 0 }, // U+0007
    { 0, 0, 0, 0, 0, 0, 0 }, // U+0008
    { 0, 0, 160, 0, 0, 0, 0 }, // U+0009
    { 0, 0, 0, 0, 0, 0, 0 }, // U+000A
    { 0, 0, 0, 0, 0, 0, 0 }, // U+000B
    { 0, 0, 0, 0, 0, 0, 0 }, // U+000C
    { 0, 0, 160, 0, 0, 0, 0 }, // U+000D
    { 0, 0, 0, 0, 0, 0, 0 }, // U+000E
    { 0, 0, 0, 0, 0, 0, 0 }, // U+000F
    { 0, 0, 0, 0, 0, 0, 0 }, // U+0010
    { 0, 0, 0, 0, 0, 0, 0 }, // U+0011
    { 0, 0, 0, 0, 0, 0, 0 }, // U+0012
    { 0, 0, 0, 0, 0, 0, 0 }, // U+0013
    { 0, 0, 0, 0, 0, 0, 0 }, // U+0014
    { 0, 0, 0, 0, 0, 0, 0 }, // U+0015
    { 0, 0, 0, 0, 0, 0, 0 }, // U+0016
    { 0, 0, 0, 0, 0, 0, 0 }, // U+0017
    { 0, 0, 0, 0, 0, 0, 0 }, // U+0018
    { 0, 0, 0, 0, 0, 0, 0 }, // U+0019
    { 0, 0, 0, 0, 0, 0, 0 }, // U+001A
    { 0, 0, 0, 0, 0, 0, 0 }, // U+001B
    { 0, 0, 0, 0, 0, 0, 0 }, // U+001C
    { 0, 0, 0, 0, 0, 0, 0 }, // U+001D
    { 0, 0, 0, 0, 0, 0, 0 }, // U+001E
    { 0, 0, 0, 0, 0, 0, 0 }, // U+001F
    { 0, 0, 160, 0, 0, 0, 0 }, // U+0020
    { 8, 29, 191, 2, 29, 58, 0 }, // !
    { 16, 12, 310, 2, 32, 48, 58 }, // "
    { 26, 29, 466, 2, 29, 189, 106 }, // #
    { 21, 37, 379, 1, 32, 195, 295 }, // $
    { 37, 31, 612, 1, 30, 287, 490 }, // %
    { 29, 31, 470, 1, 30, 225, 777 }, // &
    { 7, 12, 165, 2, 32, 21, 1002 }, // '
    { 13, 41, 237, 2, 33, 134, 1023 }, // (
    { 13, 41, 237, 0, 33, 134, 1157 }, // )
    { 19, 17, 335, 1, 29, 81, 1291 }, // *
    { 20, 19, 379, 2, 22, 95, 1372 }, // +
    { 9, 13, 164, 0, 6, 30, 1467 }, // ,
    { 13, 6, 227, 1, 16, 20, 1497 }, // -
    { 9, 8, 164, 1, 7, 18, 1517 }, // .
    { 22, 41, 291, -2, 33, 226, 1535 }, // /
    { 22, 31, 393, 1, 30, 171, 1761 }, // 0
    { 15, 29, 309, 1, 29, 109, 1932 }, // 1
    { 21, 30, 375, 1, 30, 158, 2041 }, // 2
    { 21, 31, 365, 0, 30, 163, 2199 }, // 3
    { 23, 29, 383, 1, 29, 167, 2362 }, // 4
    { 21, 30, 369, 1, 29, 158, 2529 }, // 5
    { 22, 30, 381, 1, 29, 165, 2687 }, // 6
    { 21, 29, 359, 1, 29, 153, 2852 }, // 7
    { 22, 31, 379, 1, 30, 171, 3005 }, // 8
    { 22, 30, 381, 1, 30, 165, 3176 }, // 9
    { 9, 23, 164, 1, 22, 52, 3341 }, // :
    { 10, 29, 164, 0, 22, 73, 3393 }, // ;
    { 20, 21, 379, 2, 23, 105, 3466 }, // <
    { 20, 14, 379, 2, 19, 70, 3571 }, // =
    { 20, 21, 379, 2, 23, 105, 3641 }, // >
    { 19, 31, 303, 0, 30, 148, 3746 }, // ?
    { 37, 37, 649, 2, 30, 343, 3894 }, // @
    { 30, 29, 481, 0, 29, 218, 4237 }, // A
    { 24, 30, 448, 3, 29, 180, 4455 }, // B
    { 25, 31, 432, 2, 30, 194, 4635 }, // C
    { 26, 30, 491, 3, 29, 195, 4829 }, // D
    { 21, 29, 404, 3, 29, 153, 5024 }, // E
    { 20, 29, 383, 3, 29, 145, 5177 }, // F
    { 25, 31, 468, 2, 30, 194, 5322 }, // G
    { 25, 29, 489, 3, 29, 182, 5516 }, // H
    { 7, 29, 211, 3, 29, 51, 5698 }, // I
    { 20, 30, 353, 0, 29, 150, 5749 }, // J
    { 26, 29, 456, 3, 29, 189, 5899 }, // K
    { 20, 29, 375, 3, 29, 145, 6088 }, // L
    { 34, 29, 598, 2, 29, 247, 6233 }, // M
    { 26, 29, 504, 3, 29, 189, 6480 }, // N
    { 30, 31, 527, 2, 30, 233, 6669 }, // O
    { 23, 29, 429, 3, 29, 167, 6902 }, // P
    { 30, 39, 527, 2, 30, 293, 7069 }, // Q
    { 25, 29, 445, 3, 29, 182, 7362 }, // R
    { 22, 31, 388, 1, 30, 171, 7544 }, // S
    { 25, 29, 409, 0, 29, 182, 7715 }, // T
    { 25, 30, 471, 2, 29, 188, 7897 }, // U
    { 30, 29, 481, 0, 29, 218, 8085 }, // V
    { 39, 29, 632, 0, 29, 283, 8303 }, // W
    { 28, 29, 450, 0, 29, 203, 8586 }, // X
    { 28, 29, 441, 0, 29, 203, 8789 }, // Y
    { 24, 29, 407, 1, 29, 174, 8992 }, // Z
    { 13, 41, 247, 3, 33, 134, 9166 }, // [
    { 22, 41, 291, -2, 33, 226, 9300 }, // <backslash>
    { 12, 41, 247, 0, 33, 123, 9526 }, // ]
    { 24, 17, 379, 0, 29, 102, 9649 }, // ^
    { 21, 5, 333, 0, -3, 27, 9751 }, // _
    { 11, 9, 191, 0, 33, 25, 9778 }, // `
    { 20, 24, 369, 1, 23, 120, 9803 }, // a
    { 22, 34, 403, 2, 33, 187, 9923 }, // b
    { 19, 24, 333, 1, 23, 114, 10110 }, // c
    { 22, 34, 403, 1, 33, 187, 10224 }, // d
    { 22, 24, 389, 1, 23, 132, 10411 }, // e
    { 17, 33, 281, 2, 33, 141, 10543 }, // f
    { 22, 31, 396, 1, 23, 171, 10684 }, // g
    { 21, 33, 393, 2, 33, 174, 10855 }, // h
    { 8, 33, 193, 2, 33, 66, 11029 }, // i
    { 14, 41, 193, -4, 33, 144, 11095 }, // j
    { 22, 33, 386, 2, 33, 182, 11239 }, // k
    { 11, 34, 211, 2, 33, 94, 11421 }, // l
    { 32, 23, 575, 2, 23, 184, 11515 }, // m
    { 21, 23, 393, 2, 23, 121, 11699 }, // n
    { 23, 24, 405, 1, 23, 138, 11820 }, // o
    { 22, 31, 403, 2, 23, 171, 11958 }, // p
    { 22, 31, 403, 1, 23, 171, 12129 }, // q
    { 16, 23, 281, 2, 23, 92, 12300 }, // r
    { 18, 24, 323, 1, 23, 108, 12392 }, // s
    { 16, 30, 296, 2, 29, 120, 12500 }, // t
    { 20, 23, 393, 2, 22, 115, 12620 }, // u
    { 23, 22, 367, 0, 22, 127, 12735 }, // v
    { 33, 22, 523, 0, 22, 182, 12862 }, // w
    { 23, 22, 369, 0, 22, 127, 13044 }, // x
    { 23, 30, 365, 0, 22, 173, 13171 }, // y
    { 19, 22, 333, 1, 22, 105, 13344 }, // z
    { 15, 41, 247, 1, 33, 154, 13449 }, // {
    { 7, 41, 215, 3, 33, 72, 13603 }, // |
    { 15, 41, 247, 0, 33, 154, 13675 }, // }
    { 23, 9, 379, 0, 17, 52, 13829 }, // ~
    { 0, 0, 0, 0, 0, 0, 13881 }, // U+007F
    { 0, 0, 0, 0, 0, 0, 0 }, // U+0080
    { 0, 0, 0, 0, 0, 0, 0 }, // U+0081
    { 0, 0, 0, 0, 0, 0, 0 }, // U+0082
    { 0, 0, 0, 0, 0, 0, 0 }, // U+0083
    { 0, 0, 0, 0, 0, 0, 0 }, // U+0084
    { 0, 0, 0, 0, 0, 0, 0 }, // U+0085
    { 0, 0, 0, 0, 0, 0, 0 }, // U+0086
    { 0, 0, 0, 0, 0, 0, 0 }, // U+0087
    { 0, 0, 0, 0, 0, 0, 0 }, // U+0088
    { 0, 0, 0, 0, 0, 0, 0 }, // U+0089
    { 0, 0, 0, 0, 0, 0, 0 }, // U+008A
    { 0, 0, 0, 0, 0, 0, 0 }, // U+008B
    { 0, 0, 0, 0, 0, 0, 0 }, // U+008C
    { 0, 0, 0, 0, 0, 0, 0 }, // U+008D
    { 0, 0, 0, 0, 0, 0, 0 }, // U+008E
    { 0, 0, 0, 0, 0, 0, 0 }, // U+008F
    { 0, 0, 0, 0, 0, 0, 0 }, // U+0090
    { 0, 0, 0, 0, 0, 0, 0 }, // U+0091
    { 0, 0, 0, 0, 0, 0, 0 }, // U+0092
    { 0, 0, 0, 0, 0, 0, 0 }, // U+0093
    { 0, 0, 0, 0, 0, 0, 0 }, // U+0094
    { 0, 0, 0, 0, 0, 0, 0 }, // U+0095
    { 0, 0, 0, 0, 0, 0, 0 }, // U+0096
    { 0, 0, 0, 0, 0, 0, 0 }, // U+0097
    { 0, 0, 0, 0, 0, 0, 0 }, // U+0098
    { 0, 0, 0, 0, 0, 0, 0 }, // U+0099
    { 0, 0, 0, 0, 0, 0, 0 }, // U+009A
    { 0, 0, 0, 0, 0, 0, 0 }, // U+009B
    { 0, 0, 0, 0, 0, 0, 0 }, // U+009C
    { 0, 0, 0, 0, 0, 0, 0 }, // U+009D
    { 0, 0, 0, 0, 0, 0, 0 }, // U+009E
    { 0, 0, 0, 0, 0, 0, 0 }, // U+009F
    { 0, 0, 160, 0, 0, 0, 0 }, // U+00A0
    { 8, 30, 191, 2, 22, 60, 0 }, // U+00A1
    { 19, 34, 379, 1, 29, 162, 60 }, // U+00A2
    { 22, 30, 379, 0, 30, 165, 222 }, // U+00A3
    { 22, 22, 379, 1, 26, 121, 387 }, // U+00A4
    { 26, 29, 379, -1, 29, 189, 508 }, // U+00A5
    { 7, 41, 201, 3, 33, 72, 697 }, // U+00A6
    { 20, 35, 343, 1, 30, 175, 769 }, // U+00A7
    { 17, 6, 357, 3, 31, 26, 944 }, // U+00A8
    { 30, 30, 531, 2, 30, 225, 970 }, // U+00A9
    { 15, 17, 266, 1, 30, 64, 1195 }, // U+00AA
    { 24, 21, 398, 0, 22, 126, 1259 }, // U+00AB
    { 20, 15, 379, 2, 17, 75, 1385 }, // U+00AC
    { 13, 6, 227, 1, 16, 20, 1460 }, // U+00AD
    { 30, 30, 531, 2, 30, 225, 1480 }, // U+00AE
    { 14, 4, 251, 1, 30, 14, 1705 }, // U+00AF
    { 15, 13, 242, 0, 33, 49, 1719 }, // U+00B0
    { 20, 25, 379, 2, 25, 125, 1768 }, // U+00B1
    { 14, 17, 242, 0, 30, 60, 1893 }, // U+00B2
    { 14, 17, 242, 0, 30, 60, 1953 }, // U+00B3
    { 10, 9, 191, 1, 33, 23, 2013 }, // U+00B4
    { 21, 30, 396, 2, 22, 158, 2036 }, // U+00B5
    { 26, 38, 473, 1, 30, 247, 2194 }, // U+00B6
    { 9, 8, 164, 1, 16, 18, 2441 }, // U+00B7
    { 11, 11, 217, 1, 1, 31, 2459 }, // U+00B8
    { 11, 17, 242, 1, 30, 47, 2490 }, // U+00B9
    { 17, 17, 305, 1, 30, 73, 2537 }, // U+00BA
    { 24, 21, 398, 1, 22, 126, 2610 }, // U+00BB
    { 37, 30, 585, 0, 30, 278, 2736 }, // U+00BC
    { 36, 30, 585, 0, 30, 270, 3014 }, // U+00BD
    { 37, 30, 585, 0, 30, 278, 3284 }, // U+00BE
    { 18, 30, 303, 1, 22, 135, 3562 }, // U+00BF
    { 30, 40, 481, 0, 40, 300, 3697 }, // U+00C0
    { 30, 40, 481, 0, 40, 300, 3997 }, // U+00C1
    { 30, 39, 481, 0, 39, 293, 4297 }, // U+00C2
    { 30, 39, 481, 0, 39, 293, 4590 }, // U+00C3
    { 30, 38, 481, 0, 38, 285, 4883 }, // U+00C4
    { 30, 38, 481, 0, 38, 285, 5168 }, // U+00C5
    { 41, 29, 663, 0, 29, 298, 5453 }, // U+00C6
    { 25, 40, 432, 2, 30, 250, 5751 }, // U+00C7
    { 21, 40, 404, 3, 40, 210, 6001 }, // U+00C8
    { 21, 40, 404, 3, 40, 210, 6211 }, // U+00C9
    { 21, 39, 404, 3, 39, 205, 6421 }, // U+00CA
    { 21, 38, 404, 3, 38, 200, 6626 }, // U+00CB
    { 11, 40, 211, 1, 40, 110, 6826 }, // U+00CC
    { 10, 40, 211, 2, 40, 100, 6936 }, // U+00CD
    { 14, 39, 211, 0, 39, 137, 7036 }, // U+00CE
    { 17, 38, 211, -2, 38, 162, 7173 }, // U+00CF
    { 30, 30, 499, 0, 29, 225, 7335 }, // U+00D0
    { 26, 39, 504, 3, 39, 254, 7560 }, // U+00D1
    { 30, 41, 527, 2, 40, 308, 7814 }, // U+00D2
    { 30, 41, 527, 2, 40, 308, 8122 }, // U+00D3
    { 30, 40, 527, 2, 39, 300, 8430 }, // U+00D4
    { 30, 40, 527, 2, 39, 300, 8730 }, // U+00D5
    { 30, 39, 527, 2, 38, 293, 9030 }, // U+00D6
    { 20, 19, 379, 2, 22, 95, 9323 }, // U+00D7
    { 30, 35, 527, 2, 32, 263, 9418 }, // U+00D8
    { 25, 41, 471, 2, 40, 257, 9681 }, // U+00D9
    { 25, 41, 471, 2, 40, 257, 9938 }, // U+00DA
    { 25, 40, 471, 2, 39, 250, 10195 }, // U+00DB
    { 25, 39, 471, 2, 38, 244, 10445 }, // U+00DC
    { 28, 40, 441, 0, 40, 280, 10689 }, // U+00DD
    { 23, 29, 429, 3, 29, 167, 10969 }, // U+00DE
    { 25, 34, 439, 2, 33, 213, 11136 }, // U+00DF
    { 20, 34, 369, 1, 33, 170, 11349 }, // U+00E0
    { 20, 34, 369, 1, 33, 170, 11519 }, // U+00E1
    { 20, 33, 369, 1, 32, 165, 11689 }, // U+00E2
    { 20, 33, 369, 1, 32, 165, 11854 }, // U+00E3
    { 20, 32, 369, 1, 31, 160, 12019 }, // U+00E4
    { 20, 35, 369, 1, 34, 175, 12179 }, // U+00E5
    { 34, 24, 583, 1, 23, 204, 12354 }, // U+00E6
    { 19, 33, 333, 1, 23, 157, 12558 }, // U+00E7
    { 22, 34, 389, 1, 33, 187, 12715 }, // U+00E8
    { 22, 34, 389, 1, 33, 187, 12902 }, // U+00E9
    { 22, 33, 389, 1, 32, 182, 13089 }, // U+00EA
    { 22, 32, 389, 1, 31, 176, 13271 }, // U+00EB
    { 11, 33, 193, 0, 33, 91, 13447 }, // U+00EC
    { 11, 33, 193, 1, 33, 91, 13538 }, // U+00ED
    { 14, 32, 193, -1, 32, 112, 13629 }, // U+00EE
    { 17, 31, 193, -3, 31, 132, 13741 }, // U+00EF
    { 24, 34, 401, 1, 33, 204, 13873 }, // U+00F0
    { 21, 32, 393, 2, 32, 168, 14077 }, // U+00F1
    { 23, 34, 405, 1, 33, 196, 14245 }, // U+00F2
    { 23, 34, 405, 1, 33, 196, 14441 }, // U+00F3
    { 23, 33, 405, 1, 32, 190, 14637 }, // U+00F4
    { 23, 33, 405, 1, 32, 190, 14827 }, // U+00F5
    { 23, 32, 405, 1, 31, 184, 15017 }, // U+00F6
    { 20, 23, 379, 2, 24, 115, 15201 }, // U+00F7
    { 23, 28, 405, 1, 25, 161, 15316 }, // U+00F8
    { 20, 34, 393, 2, 33, 170, 15477 }, // U+00F9
    { 20, 34, 393, 2, 33, 170, 15647 }, // U+00FA
    { 20, 33, 393, 2, 32, 165, 15817 }, // U+00FB
    { 20, 32, 393, 2, 31, 160, 15982 }, // U+00FC
    { 23, 41, 365, 0, 33, 236, 16142 }, // U+00FD
    { 22, 41, 403, 2, 33, 226, 16378 }, // U+00FE
    { 23, 39, 365, 0, 31, 225, 16604 }, // U+00FF
    { 30, 36, 481, 0, 36, 270, 0 }, // U+0100
    { 20, 31, 369, 1, 30, 155, 270 }, // U+0101
    { 30, 38, 481, 0, 38, 285, 425 }, // U+0102
    { 20, 33, 369, 1, 32, 165, 710 }, // U+0103
    { 31, 38, 481, 0, 29, 295, 875 }, // U+0104
    { 20, 33, 369, 1, 23, 165, 1170 }, // U+0105
    { 25, 41, 432, 2, 40, 257, 1335 }, // U+0106
    { 19, 34, 333, 1, 33, 162, 1592 }, // U+0107
    { 25, 40, 432, 2, 39, 250, 1754 }, // U+0108
    { 19, 33, 333, 1, 32, 157, 2004 }, // U+0109
    { 25, 40, 432, 2, 39, 250, 2161 }, // U+010A
    { 19, 33, 333, 1, 32, 157, 2411 }, // U+010B
    { 25, 41, 432, 2, 40, 257, 2568 }, // U+010C
    { 19, 34, 333, 1, 33, 162, 2825 }, // U+010D
    { 26, 41, 491, 3, 40, 267, 2987 }, // U+010E
    { 30, 34, 457, 1, 33, 255, 3254 }, // U+010F
    { 30, 30, 499, 0, 29, 225, 3509 }, // U+0110
    { 25, 34, 404, 1, 33, 213, 3734 }, // U+0111
    { 21, 36, 404, 3, 36, 189, 3947 }, // U+0112
    { 22, 31, 389, 1, 30, 171, 4136 }, // U+0113
    { 21, 38, 404, 3, 38, 200, 4307 }, // U+0114
    { 22, 33, 389, 1, 32, 182, 4507 }, // U+0115
    { 21, 39, 404, 3, 39, 205, 4689 }, // U+0116
    { 22, 33, 389, 1, 32, 182, 4894 }, // U+0117
    { 22, 38, 404, 3, 29, 209, 5076 }, // U+0118
    { 22, 33, 389, 1, 23, 182, 5285 }, // U+0119
    { 21, 40, 404, 3, 40, 210, 5467 }, // U+011A
    { 22, 34, 389, 1, 33, 187, 5677 }, // U+011B
    { 25, 40, 468, 2, 39, 250, 5864 }, // U+011C
    { 22, 40, 396, 1, 32, 220, 6114 }, // U+011D
    { 25, 39, 468, 2, 38, 244, 6334 }, // U+011E
    { 22, 40, 396, 1, 32, 220, 6578 }, // U+011F
    { 25, 40, 468, 2, 39, 250, 6798 }, // U+0120
    { 22, 40, 396, 1, 32, 220, 7048 }, // U+0121
    { 25, 39, 468, 2, 30, 244, 7268 }, // U+0122
    { 22, 41, 396, 1, 33, 226, 7512 }, // U+0123
    { 25, 39, 489, 3, 39, 244, 7738 }, // U+0124
    { 21, 42, 393, 2, 42, 221, 7982 }, // U+0125
    { 32, 29, 504, 0, 29, 232, 8203 }, // U+0126
    { 23, 33, 399, 0, 33, 190, 8435 }, // U+0127
    { 17, 39, 211, -2, 39, 166, 8625 }, // U+0128
    { 16, 32, 193, -2, 32, 128, 8791 }, // U+0129
    { 15, 36, 211, -1, 36, 135, 8919 }, // U+012A
    { 14, 30, 193, -1, 30, 105, 9054 }, // U+012B
    { 14, 38, 211, 0, 38, 133, 9159 }, // U+012C
    { 14, 32, 193, -1, 32, 112, 9292 }, // U+012D
    { 10, 38, 211, 1, 29, 95, 9404 }, // U+012E
    { 11, 42, 193, 0, 33, 116, 9499 }, // U+012F
    { 7, 39, 211, 3, 39, 69, 9615 }, // U+0130
    { 8, 22, 193, 2, 22, 44, 9684 }, // U+0131
    { 30, 30, 561, 3, 29, 225, 9728 }, // U+0132
    { 20, 41, 384, 2, 33, 205, 9953 }, // U+0133
    { 23, 40, 353, 0, 39, 230, 10158 }, // U+0134
    { 17, 40, 193, -4, 32, 170, 10388 }, // U+0135
    { 26, 38, 456, 3, 29, 247, 10558 }, // U+0136
    { 22, 42, 386, 2, 33, 231, 10805 }, // U+0137
    { 23, 22, 388, 2, 22, 127, 11036 }, // U+0138
    { 20, 40, 375, 3, 40, 200, 11163 }, // U+0139
    { 11, 42, 211, 2, 41, 116, 11363 }, // U+013A
    { 20, 38, 375, 3, 29, 190, 11479 }, // U+013B
    { 11, 42, 211, 2, 33, 116, 11669 }, // U+013C
    { 20, 30, 375, 3, 30, 150, 11785 }, // U+013D
    { 16, 34, 247, 2, 33, 136, 11935 }, // U+013E
    { 20, 29, 375, 3, 29, 145, 12071 }, // U+013F
    { 19, 34, 345, 2, 33, 162, 12216 }, // U+0140
    { 25, 29, 396, 0, 29, 182, 12378 }, // U+0141
    { 17, 34, 243, -1, 33, 145, 12560 }, // U+0142
    { 26, 40, 504, 3, 40, 260, 12705 }, // U+0143
    { 21, 33, 393, 2, 33, 174, 12965 }, // U+0144
    { 26, 38, 504, 3, 29, 247, 13139 }, // U+0145
    { 21, 32, 393, 2, 23, 168, 13386 }, // U+0146
    { 26, 40, 504, 3, 40, 260, 13554 }, // U+0147
    { 21, 33, 393, 2, 33, 174, 13814 }, // U+0148
    { 25, 33, 413, -1, 33, 207, 13988 }, // U+0149
    { 26, 37, 504, 3, 29, 241, 14195 }, // U+014A
    { 21, 31, 393, 2, 23, 163, 14436 }, // U+014B
    { 30, 37, 527, 2, 36, 278, 14599 }, // U+014C
    { 23, 31, 405, 1, 30, 179, 14877 }, // U+014D
    { 30, 39, 527, 2, 38, 293, 15056 }, // U+014E
    { 23, 33, 405, 1, 32, 190, 15349 }, // U+014F
    { 30, 41, 527, 2, 40, 308, 15539 }, // U+0150
    { 23, 34, 405, 1, 33, 196, 15847 }, // U+0151
    { 39, 29, 665, 2, 29, 283, 16043 }, // U+0152
    { 37, 24, 625, 1, 23, 222, 16326 }, // U+0153
    { 25, 40, 445, 3, 40, 250, 16548 }, // U+0154
    { 16, 33, 281, 2, 33, 132, 16798 }, // U+0155
    { 25, 38, 445, 3, 29, 238, 16930 }, // U+0156
    { 18, 32, 281, 0, 23, 144, 17168 }, // U+0157
    { 25, 40, 445, 3, 40, 250, 17312 }, // U+0158
    { 16, 33, 281, 2, 33, 132, 17562 }, // U+0159
    { 22, 41, 388, 1, 40, 226, 17694 }, // U+015A
    { 18, 34, 323, 1, 33, 153, 17920 }, // U+015B
    { 22, 40, 388, 1, 39, 220, 18073 }, // U+015C
    { 18, 33, 323, 1, 32, 149, 18293 }, // U+015D
    { 22, 40, 388, 1, 30, 220, 18442 }, // U+015E
    { 18, 33, 323, 1, 23, 149, 18662 }, // U+015F
    { 22, 41, 388, 1, 40, 226, 18811 }, // U+0160
    { 18, 34, 323, 1, 33, 153, 19037 }, // U+0161
    { 25, 39, 409, 0, 29, 244, 19190 }, // U+0162
    { 16, 39, 296, 2, 29, 156, 19434 }, // U+0163
    { 25, 40, 409, 0, 40, 250, 19590 }, // U+0164
    { 16, 34, 296, 2, 33, 136, 19840 }, // U+0165
    { 25, 29, 409, 0, 29, 182, 19976 }, // U+0166
    { 16, 30, 296, 2, 29, 120, 20158 }, // U+0167
    { 25, 40, 471, 2, 39, 250, 20278 }, // U+0168
    { 20, 33, 393, 2, 32, 165, 20528 }, // U+0169
    { 25, 37, 471, 2, 36, 232, 20693 }, // U+016A
    { 20, 31, 393, 2, 30, 155, 20925 }, // U+016B
    { 25, 39, 471, 2, 38, 244, 21080 }, // U+016C
    { 20, 33, 393, 2, 32, 165, 21324 }, // U+016D
    { 25, 41, 471, 2, 40, 257, 21489 }, // U+016E
    { 20, 35, 393, 2, 34, 175, 21746 }, // U+016F
    { 25, 41, 471, 2, 40, 257, 21921 }, // U+0170
    { 21, 34, 393, 2, 33, 179, 22178 }, // U+0171
    { 25, 39, 471, 2, 29, 244, 22357 }, // U+0172
    { 20, 32, 393, 2, 22, 160, 22601 }, // U+0173
    { 39, 39, 632, 0, 39, 381, 22761 }, // U+0174
    { 33, 32, 523, 0, 32, 264, 23142 }, // U+0175
    { 28, 39, 441, 0, 39, 273, 23406 }, // U+0176
    { 23, 40, 365, 0, 32, 230, 23679 }, // U+0177
    { 28, 38, 441, 0, 38, 266, 23909 }, // U+0178
    { 24, 40, 407, 1, 40, 240, 24175 }, // U+0179
    { 19, 33, 333, 1, 33, 157, 24415 }, // U+017A
    { 24, 39, 407, 1, 39, 234, 24572 }, // U+017B
    { 19, 32, 333, 1, 32, 152, 24806 }, // U+017C
    { 24, 40, 407, 1, 40, 240, 24958 }, // U+017D
    { 19, 33, 333, 1, 33, 157, 25198 }, // U+017E
    { 17, 33, 219, 2, 33, 141, 25355 }, // U+017F
    { 30, 35, 527, 2, 34, 263, 0 }, // U+01A0
    { 25, 28, 405, 1, 27, 175, 263 }, // U+01A1
    { 30, 35, 498, 2, 34, 263, 438 }, // U+01AF
    { 25, 27, 417, 2, 26, 169, 701 }, // U+01B0
    { 51, 41, 867, 3, 40, 523, 870 }, // U+01C4
    { 47, 34, 810, 3, 33, 400, 1393 }, // U+01C5
    { 44, 34, 730, 1, 33, 374, 1793 }, // U+01C6
    { 40, 30, 727, 3, 29, 300, 2167 }, // U+01C7
    { 31, 41, 565, 3, 33, 318, 2467 }, // U+01C8
    { 21, 41, 402, 2, 33, 216, 2785 }, // U+01C9
    { 48, 30, 854, 3, 29, 360, 3001 }, // U+01CA
    { 39, 41, 695, 3, 33, 400, 3361 }, // U+01CB
    { 33, 41, 585, 2, 33, 339, 3761 }, // U+01CC
    { 30, 40, 481, 0, 40, 300, 4100 }, // U+01CD
    { 20, 34, 369, 1, 33, 170, 4400 }, // U+01CE
    { 14, 40, 211, 0, 40, 140, 4570 }, // U+01CF
    { 14, 33, 193, -1, 33, 116, 4710 }, // U+01D0
    { 30, 41, 527, 2, 40, 308, 4826 }, // U+01D1
    { 23, 34, 405, 1, 33, 196, 5134 }, // U+01D2
    { 25, 41, 471, 2, 40, 257, 5330 }, // U+01D3
    { 20, 34, 393, 2, 33, 170, 5587 }, // U+01D4
    { 25, 41, 471, 2, 40, 257, 5757 }, // U+01D5
    { 20, 35, 393, 2, 34, 175, 6014 }, // U+01D6
    { 25, 42, 471, 2, 41, 263, 6189 }, // U+01D7
    { 20, 38, 393, 2, 37, 190, 6452 }, // U+01D8
    { 25, 42, 471, 2, 41, 263, 6642 }, // U+01D9
    { 20, 38, 393, 2, 37, 190, 6905 }, // U+01DA
    { 25, 42, 471, 2, 41, 263, 7095 }, // U+01DB
    { 20, 38, 393, 2, 37, 190, 7358 }, // U+01DC
    { 22, 24, 389, 1, 23, 132, 7548 }, // U+01DD
    { 30, 40, 481, 0, 40, 300, 7680 }, // U+01DE
    { 20, 35, 369, 1, 34, 175, 7980 }, // U+01DF
    { 30, 40, 481, 0, 40, 300, 8155 }, // U+01E0
    { 20, 35, 369, 1, 34, 175, 8455 }, // U+01E1
    { 41, 36, 663, 0, 36, 369, 8630 }, // U+01E2
    { 34, 31, 583, 1, 30, 264, 8999 }, // U+01E3
    { 29, 31, 485, 2, 30, 225, 9263 }, // U+01E4
    { 24, 31, 401, 1, 23, 186, 9488 }, // U+01E5
    { 25, 41, 468, 2, 40, 257, 9674 }, // U+01E6
    { 22, 41, 396, 1, 33, 226, 9931 }, // U+01E7
    { 26, 40, 456, 3, 40, 260, 10157 }, // U+01E8
    { 22, 42, 386, 2, 42, 231, 10417 }, // U+01E9
    { 30, 40, 527, 2, 30, 300, 10648 }, // U+01EA
    { 23, 33, 405, 1, 23, 190, 10948 }, // U+01EB
    { 30, 46, 527, 2, 36, 345, 11138 }, // U+01EC
    { 23, 40, 405, 1, 30, 230, 11483 }, // U+01ED
    { 24, 41, 409, 0, 40, 246, 11713 }, // U+01EE
    { 20, 42, 343, 0, 34, 210, 11959 }, // U+01EF
    { 17, 41, 193, -4, 33, 175, 12169 }, // U+01F0
    { 51, 30, 867, 3, 29, 383, 12344 }, // U+01F1
    { 47, 30, 810, 3, 29, 353, 12727 }, // U+01F2
    { 44, 34, 730, 1, 33, 374, 13080 }, // U+01F3
    { 25, 41, 468, 2, 40, 257, 13454 }, // U+01F4
    { 22, 41, 396, 1, 33, 226, 13711 }, // U+01F5
    { 40, 30, 707, 3, 29, 300, 13937 }, // U+01F6
    { 24, 37, 447, 3, 29, 222, 14237 }, // U+01F7
    { 26, 40, 504, 3, 40, 260, 14459 }, // U+01F8
    { 21, 33, 393, 2, 33, 174, 14719 }, // U+01F9
    { 30, 43, 481, 0, 43, 323, 14893 }, // U+01FA
    { 20, 41, 369, 1, 40, 205, 15216 }, // U+01FB
    { 41, 40, 663, 0, 40, 410, 15421 }, // U+01FC
    { 34, 34, 583, 1, 33, 289, 15831 }, // U+01FD
    { 30, 43, 527, 2, 40, 323, 16120 }, // U+01FE
    { 23, 36, 405, 1, 33, 207, 16443 }, // U+01FF
    { 30, 40, 481, 0, 40, 300, 16650 }, // U+0200
    { 20, 34, 369, 1, 33, 170, 16950 }, // U+0201
    { 30, 39, 481, 0, 39, 293, 17120 }, // U+0202
    { 20, 33, 369, 1, 32, 165, 17413 }, // U+0203
    { 21, 40, 404, 3, 40, 210, 17578 }, // U+0204
    { 22, 34, 389, 1, 33, 187, 17788 }, // U+0205
    { 21, 39, 404, 3, 39, 205, 17975 }, // U+0206
    { 22, 33, 389, 1, 32, 182, 18180 }, // U+0207
    { 18, 40, 211, -3, 40, 180, 18362 }, // U+0208
    { 18, 33, 193, -4, 33, 149, 18542 }, // U+0209
    { 15, 39, 211, -1, 39, 147, 18691 }, // U+020A
    { 14, 32, 193, -1, 32, 112, 18838 }, // U+020B
    { 30, 41, 527, 2, 40, 308, 18950 }, // U+020C
    { 23, 34, 405, 1, 33, 196, 19258 }, // U+020D
    { 30, 40, 527, 2, 39, 300, 19454 }, // U+020E
    { 23, 33, 405, 1, 32, 190, 19754 }, // U+020F
    { 25, 40, 445, 3, 40, 250, 19944 }, // U+0210
    { 18, 33, 281, 0, 33, 149, 20194 }, // U+0211
    { 25, 39, 445, 3, 39, 244, 20343 }, // U+0212
    { 16, 32, 281, 2, 32, 128, 20587 }, // U+0213
    { 25, 41, 471, 2, 40, 257, 20715 }, // U+0214
    { 20, 34, 393, 2, 33, 170, 20972 }, // U+0215
    { 25, 40, 471, 2, 39, 250, 21142 }, // U+0216
    { 20, 33, 393, 2, 32, 165, 21392 }, // U+0217
    { 22, 39, 388, 1, 30, 215, 21557 }, // U+0218
    { 18, 32, 323, 1, 23, 144, 21772 }, // U+0219
    { 25, 38, 409, 0, 29, 238, 21916 }, // U+021A
    { 16, 38, 296, 2, 29, 152, 22154 }, // U+021B
    { 22, 38, 379, 0, 30, 209, 22306 }, // U+021C
    { 19, 31, 318, 0, 23, 148, 22515 }, // U+021D
    { 25, 40, 489, 3, 40, 250, 22663 }, // U+021E
    { 21, 42, 393, 2, 42, 221, 22913 }, // U+021F
    { 15, 7, 0, -7, 33, 27, 0 }, // U+0302
    { 16, 6, 0, -8, 32, 24, 27 }, // U+0303
    { 18, 4, 0, -9, 36, 18, 51 }, // U+0305
    { 6, 5, 0, -3, 31, 8, 69 }, // U+0307
    { 12, 4, 0, -6, 31, 12, 77 }, // U+0308
    { 14, 7, 260, 1, 32, 25, 89 }, // U+0311
    { 16, 6, 0, -8, -2, 24, 114 }, // U+0330
    { 30, 38, 481, 0, 29, 285, 0 }, // U+1EA0
    { 20, 32, 369, 1, 23, 160, 285 }, // U+1EA1
    { 30, 40, 481, 0, 40, 300, 445 }, // U+1EA2
    { 20, 34, 369, 1, 33, 170, 745 }, // U+1EA3
    { 30, 45, 481, 0, 45, 338, 915 }, // U+1EA4
    { 24, 40, 369, 1, 39, 240, 1253 }, // U+1EA5
    { 30, 46, 481, 0, 46, 345, 1493 }, // U+1EA6
    { 21, 40, 369, 1, 39, 210, 1838 }, // U+1EA7
    { 30, 47, 481, 0, 47, 353, 2048 }, // U+1EA8
    { 23, 40, 369, 1, 39, 230, 2401 }, // U+1EA9
    { 30, 47, 481, 0, 47, 353, 2631 }, // U+1EAA
    { 20, 41, 369, 1, 40, 205, 2984 }, // U+1EAB
    { 30, 49, 481, 0, 40, 368, 3189 }, // U+1EAC
    { 20, 42, 369, 1, 33, 210, 3557 }, // U+1EAD
    { 30, 47, 481, 0, 47, 353, 3767 }, // U+1EAE
    { 20, 43, 369, 1, 42, 215, 4120 }, // U+1EAF
    { 30, 47, 481, 0, 47, 353, 4335 }, // U+1EB0
    { 20, 42, 369, 1, 41, 210, 4688 }, // U+1EB1
    { 30, 49, 481, 0, 49, 368, 4898 }, // U+1EB2
    { 20, 43, 369, 1, 42, 215, 5266 }, // U+1EB3
    { 30, 47, 481, 0, 47, 353, 5481 }, // U+1EB4
    { 20, 41, 369, 1, 40, 205, 5834 }, // U+1EB5
    { 30, 48, 481, 0, 39, 360, 6039 }, // U+1EB6
    { 20, 41, 369, 1, 32, 205, 6399 }, // U+1EB7
    { 21, 38, 404, 3, 29, 200, 6604 }, // U+1EB8
    { 22, 32, 389, 1, 23, 176, 6804 }, // U+1EB9
    { 21, 40, 404, 3, 40, 210, 6980 }, // U+1EBA
    { 22, 34, 389, 1, 33, 187, 7190 }, // U+1EBB
    { 21, 39, 404, 3, 39, 205, 7377 }, // U+1EBC
    { 22, 33, 389, 1, 32, 182, 7582 }, // U+1EBD
    { 24, 46, 404, 3, 46, 276, 7764 }, // U+1EBE
    { 25, 39, 389, 1, 38, 244, 8040 }, // U+1EBF
    { 21, 46, 404, 3, 46, 242, 8284 }, // U+1EC0
    { 22, 40, 389, 1, 39, 220, 8526 }, // U+1EC1
    { 23, 46, 404, 3, 46, 265, 8746 }, // U+1EC2
    { 24, 40, 389, 1, 39, 240, 9011 }, // U+1EC3
    { 21, 47, 404, 3, 47, 247, 9251 }, // U+1EC4
    { 22, 41, 389, 1, 40, 226, 9498 }, // U+1EC5
    { 21, 49, 404, 3, 40, 258, 9724 }, // U+1EC6
    { 22, 42, 389, 1, 33, 231, 9982 }, // U+1EC7
    { 11, 40, 211, 1, 40, 110, 10213 }, // U+1EC8
    { 10, 33, 193, 1, 33, 83, 10323 }, // U+1EC9
    { 7, 38, 211, 3, 29, 67, 10406 }, // U+1ECA
    { 8, 41, 193, 2, 32, 82, 10473 }, // U+1ECB
    { 29, 39, 527, 2, 30, 283, 10555 }, // U+1ECC
    { 23, 32, 405, 1, 23, 184, 10838 }, // U+1ECD
    { 29, 41, 527, 2, 40, 298, 11022 }, // U+1ECE
    { 23, 34, 405, 1, 33, 196, 11320 }, // U+1ECF
    { 29, 47, 527, 2, 46, 341, 11516 }, // U+1ED0
    { 25, 40, 405, 1, 39, 250, 11857 }, // U+1ED1
    { 29, 47, 527, 2, 46, 341, 12107 }, // U+1ED2
    { 23, 41, 405, 1, 40, 236, 12448 }, // U+1ED3
    { 29, 48, 527, 2, 47, 348, 12684 }, // U+1ED4
    { 24, 40, 405, 1, 39, 240, 13032 }, // U+1ED5
    { 29, 49, 527, 2, 48, 356, 13272 }, // U+1ED6
    { 23, 41, 405, 1, 40, 236, 13628 }, // U+1ED7
    { 29, 49, 527, 2, 40, 356, 13864 }, // U+1ED8
    { 23, 42, 405, 1, 33, 242, 14220 }, // U+1ED9
    { 29, 41, 527, 2, 40, 298, 14462 }, // U+1EDA
    { 25, 35, 405, 1, 34, 219, 14760 }, // U+1EDB
    { 29, 41, 527, 2, 40, 298, 14979 }, // U+1EDC
    { 25, 35, 405, 1, 34, 219, 15277 }, // U+1EDD
    { 29, 41, 527, 2, 40, 298, 15496 }, // U+1EDE
    { 25, 34, 405, 1, 33, 213, 15794 }, // U+1EDF
    { 29, 40, 527, 2, 39, 290, 16007 }, // U+1EE0
    { 25, 33, 405, 1, 32, 207, 16297 }, // U+1EE1
    { 29, 43, 527, 2, 34, 312, 16504 }, // U+1EE2
    { 25, 36, 405, 1, 27, 225, 16816 }, // U+1EE3
    { 25, 38, 471, 2, 29, 238, 17041 }, // U+1EE4
    { 20, 31, 393, 2, 22, 155, 17279 }, // U+1EE5
    { 25, 41, 471, 2, 40, 257, 17434 }, // U+1EE6
    { 20, 34, 393, 2, 33, 170, 17691 }, // U+1EE7
    { 30, 41, 498, 2, 40, 308, 17861 }, // U+1EE8
    { 25, 35, 417, 2, 34, 219, 18169 }, // U+1EE9
    { 30, 41, 498, 2, 40, 308, 18388 }, // U+1EEA
    { 25, 35, 417, 2, 34, 219, 18696 }, // U+1EEB
    { 30, 41, 498, 2, 40, 308, 18915 }, // U+1EEC
    { 25, 34, 417, 2, 33, 213, 19223 }, // U+1EED
    { 30, 40, 498, 2, 39, 300, 19436 }, // U+1EEE
    { 25, 33, 417, 2, 32, 207, 19736 }, // U+1EEF
    { 30, 43, 498, 2, 34, 323, 19943 }, // U+1EF0
    { 25, 36, 417, 2, 27, 225, 20266 }, // U+1EF1
    { 28, 40, 441, 0, 40, 280, 20491 }, // U+1EF2
    { 23, 41, 365, 0, 33, 236, 20771 }, // U+1EF3
    { 28, 38, 441, 0, 29, 266, 21007 }, // U+1EF4
    { 24, 30, 365, 0, 22, 180, 21273 }, // U+1EF5
    { 28, 40, 441, 0, 40, 280, 21453 }, // U+1EF6
    { 23, 41, 365, 0, 33, 236, 21733 }, // U+1EF7
    { 28, 39, 441, 0, 39, 273, 21969 }, // U+1EF8
    { 23, 40, 365, 0, 32, 230, 22242 }, // U+1EF9
    { 21, 5, 333, 0, 15, 27, 0 }, // U+2013
    { 42, 5, 667, 0, 15, 53, 27 }, // U+2014
    { 42, 5, 667, 0, 15, 53, 80 }, // U+2015
    { 9, 12, 162, 1, 33, 27, 133 }, // U+2018
    { 9, 13, 162, 0, 33, 30, 160 }, // U+2019
    { 9, 13, 162, 0, 7, 30, 190 }, // U+201A
    { 18, 12, 303, 1, 33, 54, 220 }, // U+201C
    { 18, 13, 303, 0, 33, 59, 274 }, // U+201D
    { 18, 13, 303, 0, 7, 59, 333 }, // U+201E
    { 19, 35, 329, 1, 29, 167, 392 }, // U+2020
    { 19, 35, 329, 1, 29, 167, 559 }, // U+2021
    { 13, 12, 243, 1, 21, 39, 726 }, // U+2022
    { 38, 8, 667, 2, 7, 76, 765 }, // U+2026
    { 53, 31, 880, 1, 30, 411, 841 }, // U+2030
    { 10, 11, 155, 1, 30, 28, 1252 }, // U+2032
    { 18, 11, 272, 1, 30, 50, 1280 }, // U+2033
    { 25, 11, 389, 1, 30, 69, 1330 }, // U+2034
    { 11, 11, 155, -2, 30, 31, 1399 }, // U+2035
    { 17, 11, 293, -2, 30, 47, 1430 }, // U+2036
    { 24, 11, 401, -2, 30, 66, 1477 }, // U+2037
    { 13, 21, 218, 0, 22, 69, 1543 }, // U+2039
    { 12, 21, 218, 1, 22, 63, 1612 }, // U+203A
    { 22, 30, 101, -8, 30, 165, 1675 }, // U+2044
    { 31, 11, 495, 1, 30, 86, 1840 }, // U+2057
    { 15, 17, 242, 0, 30, 64, 0 }, // U+2070
    { 15, 17, 242, 0, 30, 64, 64 }, // U+2074
    { 13, 17, 242, 1, 30, 56, 128 }, // U+2075
    { 14, 17, 242, 1, 30, 60, 184 }, // U+2076
    { 14, 17, 242, 1, 30, 60, 244 }, // U+2077
    { 15, 17, 242, 0, 30, 64, 304 }, // U+2078
    { 14, 17, 242, 1, 30, 60, 368 }, // U+2079
    { 15, 17, 242, 0, 17, 64, 428 }, // U+2080
    { 11, 17, 242, 1, 17, 47, 492 }, // U+2081
    { 14, 17, 242, 0, 17, 60, 539 }, // U+2082
    { 14, 17, 242, 0, 17, 60, 599 }, // U+2083
    { 15, 17, 242, 0, 17, 64, 659 }, // U+2084
    { 13, 17, 242, 1, 17, 56, 723 }, // U+2085
    { 14, 17, 242, 1, 17, 60, 779 }, // U+2086
    { 14, 17, 242, 1, 17, 60, 839 }, // U+2087
    { 15, 17, 242, 0, 17, 64, 899 }, // U+2088
    { 14, 17, 242, 1, 17, 60, 963 }, // U+2089
    { 23, 31, 379, 1, 30, 179, 0 }, // U+20AC
    { 24, 29, 379, 0, 29, 174, 179 }, // U+20AE
    { 23, 31, 379, 0, 30, 179, 353 }, // U+20B4
    { 24, 29, 379, 1, 29, 174, 532 }, // U+20B9
    { 29, 13, 529, 2, 21, 95, 0 }, // U+2190
    { 14, 29, 291, 2, 29, 102, 95 }, // U+2191
    { 29, 13, 529, 2, 21, 95, 197 }, // U+2192
    { 14, 29, 291, 2, 29, 102, 292 }, // U+2193
    { 33, 13, 589, 2, 21, 108, 394 }, // U+2194
    { 14, 33, 291, 2, 29, 116, 502 }, // U+2195
    { 22, 22, 412, 2, 26, 121, 618 }, // U+2196
    { 22, 22, 412, 2, 26, 121, 739 }, // U+2197
    { 22, 22, 412, 2, 25, 121, 860 }, // U+2198
    { 22, 22, 412, 2, 25, 121, 981 }, // U+2199
    { 23, 33, 408, 1, 33, 190, 0 }, // U+2202
    { 31, 33, 559, 2, 32, 256, 190 }, // U+2205
    { 29, 29, 462, 0, 29, 211, 446 }, // U+2206
    { 25, 35, 487, 3, 30, 219, 657 }, // U+220F
    { 23, 40, 433, 2, 30, 230, 876 }, // U+2210
    { 22, 34, 362, 0, 29, 187, 1106 }, // U+2211
    { 26, 33, 401, 1, 33, 215, 1293 }, // U+221A
    { 25, 13, 424, 1, 19, 82, 1508 }, // U+221E
    { 23, 18, 379, 0, 21, 104, 1590 }, // U+2248
    { 20, 24, 379, 2, 24, 120, 1694 }, // U+2260
    { 20, 17, 381, 2, 23, 85, 1814 }, // U+2261
    { 20, 27, 381, 2, 28, 135, 1899 }, // U+2262
    { 20, 25, 381, 2, 27, 125, 2034 }, // U+2263
    { 20, 26, 379, 2, 26, 130, 2159 }, // U+2264
    { 20, 26, 379, 2, 26, 130, 2289 }, // U+2265
    { 31, 31, 556, 2, 31, 241, 0 }, // U+25A0
    { 31, 31, 556, 2, 31, 241, 241 }, // U+25A1
    { 31, 32, 561, 2, 31, 248, 482 }, // U+25A2
    { 31, 31, 556, 2, 31, 241, 730 }, // U+25A3
    { 31, 30, 556, 2, 30, 233, 971 }, // U+25A4
    { 31, 30, 556, 2, 30, 233, 1204 }, // U+25A5
    { 31, 30, 556, 2, 30, 233, 1437 }, // U+25A6
    { 31, 30, 556, 2, 30, 233, 1670 }, // U+25A7
    { 31, 30, 556, 2, 30, 233, 1903 }, // U+25A8
    { 31, 30, 556, 2, 30, 233, 2136 }, // U+25A9
    { 11, 12, 233, 2, 21, 33, 2369 }, // U+25AA
    { 11, 11, 235, 2, 21, 31, 2402 }, // U+25AB
    { 42, 13, 667, 0, 15, 137, 2433 }, // U+25AC
    { 42, 13, 667, 0, 15, 137, 2570 }, // U+25AD
    { 13, 42, 667, 14, 30, 137, 2707 }, // U+25AE
    { 13, 42, 269, 2, 30, 137, 2844 }, // U+25AF
    { 42, 13, 667, 0, 15, 137, 2981 }, // U+25B0
    { 42, 13, 667, 0, 15, 137, 3118 }, // U+25B1
    { 34, 30, 605, 2, 30, 255, 3255 }, // U+25B2
    { 34, 30, 605, 2, 30, 255, 3510 }, // U+25B3
    { 13, 13, 247, 1, 20, 43, 3765 }, // U+25B4
    { 13, 13, 247, 1, 20, 43, 3808 }, // U+25B5
    { 30, 35, 533, 2, 32, 263, 3851 }, // U+25B6
    { 30, 35, 533, 2, 32, 263, 4114 }, // U+25B7
    { 13, 13, 247, 1, 20, 43, 4377 }, // U+25B8
    { 13, 13, 247, 1, 20, 43, 4420 }, // U+25B9
    { 27, 15, 489, 2, 21, 102, 4463 }, // U+25BA
    { 27, 15, 489, 2, 21, 102, 4565 }, // U+25BB
    { 34, 30, 605, 2, 30, 255, 4667 }, // U+25BC
    { 34, 30, 605, 2, 29, 255, 4922 }, // U+25BD
    { 13, 13, 247, 1, 20, 43, 5177 }, // U+25BE
    { 13, 13, 247, 1, 20, 43, 5220 }, // U+25BF
    { 30, 35, 533, 2, 32, 263, 5263 }, // U+25C0
    { 30, 35, 533, 2, 32, 263, 5526 }, // U+25C1
    { 13, 13, 247, 1, 20, 43, 5789 }, // U+25C2
    { 13, 13, 247, 1, 20, 43, 5832 }, // U+25C3
    { 27, 15, 489, 2, 21, 102, 5875 }, // U+25C4
    { 27, 15, 489, 2, 21, 102, 5977 }, // U+25C5
    { 43, 43, 739, 2, 37, 463, 6079 }, // U+25C6
    { 43, 43, 739, 2, 37, 463, 6542 }, // U+25C7
    { 43, 43, 739, 2, 37, 463, 7005 }, // U+25C8
    { 33, 33, 596, 2, 32, 273, 7468 }, // U+25C9
    { 23, 31, 393, 1, 30, 179, 7741 }, // U+25CA
    { 33, 34, 596, 2, 32, 281, 7920 }, // U+25CB
    { 21, 20, 396, 2, 22, 105, 8201 }, // U+25CC
    { 33, 34, 596, 2, 32, 281, 8306 }, // U+25CD
    { 33, 33, 596, 2, 32, 273, 8587 }, // U+25CE
    { 33, 34, 596, 2, 32, 281, 8860 }, // U+25CF
    { 36, 35, 640, 2, 34, 315, 9141 }, // U+2605
    { 39, 39, 689, 2, 36, 381, 9456 }, // U+2606
    { 31, 33, 553, 2, 31, 256, 9837 }, // U+2713
    { 35, 33, 620, 2, 29, 289, 10093 }, // U+2714
    { 32, 33, 576, 2, 29, 264, 10382 }, // U+2715
    { 32, 32, 564, 2, 27, 256, 10646 }, // U+2716
    { 24, 32, 443, 2, 26, 192, 10902 }, // U+2717
    { 28, 34, 511, 2, 28, 238, 11094 }, // U+2718
    { 34, 33, 561, 2, 33, 281, 0 }, // U+FB00
    { 26, 33, 472, 2, 33, 215, 281 }, // U+FB01
    { 29, 34, 491, 2, 33, 247, 496 }, // U+FB02
    { 43, 33, 751, 2, 33, 355, 743 }, // U+FB03
    { 46, 34, 770, 2, 33, 391, 1098 }, // U+FB04
};

static const EpdUnicodeInterval ubuntu_20_boldIntervals[] = {
    { 0x0, 0x17F, 0x0 },
    { 0x1A0, 0x1A1, 0x180 },
    { 0x1AF, 0x1B0, 0x182 },
    { 0x1C4, 0x21F, 0x184 },
    { 0x302, 0x303, 0x1E0 },
    { 0x305, 0x305, 0x1E2 },
    { 0x307, 0x308, 0x1E3 },
    { 0x311, 0x311, 0x1E5 },
    { 0x330, 0x330, 0x1E6 },
    { 0x1EA0, 0x1EF9, 0x1E7 },
    { 0x2013, 0x2015, 0x241 },
    { 0x2018, 0x201A, 0x244 },
    { 0x201C, 0x201E, 0x247 },
    { 0x2020, 0x2022, 0x24A },
    { 0x2026, 0x2026, 0x24D },
    { 0x2030, 0x2030, 0x24E },
    { 0x2032, 0x2037, 0x24F },
    { 0x2039, 0x203A, 0x255 },
    { 0x2044, 0x2044, 0x257 },
    { 0x2057, 0x2057, 0x258 },
    { 0x2070, 0x2070, 0x259 },
    { 0x2074, 0x2079, 0x25A },
    { 0x2080, 0x2089, 0x260 },
    { 0x20AC, 0x20AC, 0x26A },
    { 0x20AE, 0x20AE, 0x26B },
    { 0x20B4, 0x20B4, 0x26C },
    { 0x20B9, 0x20B9, 0x26D },
    { 0x2190, 0x2199, 0x26E },
    { 0x2202, 0x2202, 0x278 },
    { 0x2205, 0x2206, 0x279 },
    { 0x220F, 0x2211, 0x27B },
    { 0x221A, 0x221A, 0x27E },
    { 0x221E, 0x221E, 0x27F },
    { 0x2248, 0x2248, 0x280 },
    { 0x2260, 0x2265, 0x281 },
    { 0x25A0, 0x25CF, 0x287 },
    { 0x2605, 0x2606, 0x2B7 },
    { 0x2713, 0x2718, 0x2B9 },
    { 0xFB00, 0xFB04, 0x2BF },
};

static const EpdFontGroup ubuntu_20_boldGroups[] = {
    { 0, 4381, 14957, 128, 0 },
    { 4381, 3999, 17991, 128, 128 },
    { 8380, 4698, 27472, 128, 256 },
    { 13078, 4734, 24582, 96, 384 },
    { 17812, 104, 146, 7, 480 },
    { 17916, 3223, 24070, 90, 487 },
    { 21139, 704, 2090, 24, 577 },
    { 21843, 356, 1139, 17, 601 },
    { 22199, 272, 720, 4, 618 },
    { 22471, 390, 1217, 10, 622 },
    { 22861, 775, 2538, 15, 632 },
    { 23636, 3117, 11906, 56, 647 },
    { 26753, 293, 1571, 5, 703 },
};

static const uint16_t ubuntu_20_boldKernLeftCodepoints[] = {
    0x0022, 0x0023, 0x0024, 0x0025, 0x0026, 0x0027, 0x0028, 0x0029, 0x002A, 0x002C, 0x002D, 0x002E,
    0x002F, 0x0030, 0x0031, 0x0032, 0x0033, 0x0034, 0x0035, 0x0036, 0x0037, 0x0038, 0x0039, 0x003A,
    0x003B, 0x0040, 0x0041, 0x0042, 0x0043, 0x0044, 0x0045, 0x0046, 0x0047, 0x0048, 0x0049, 0x004A,
    0x004B, 0x004C, 0x004D, 0x004E, 0x004F, 0x0050, 0x0051, 0x0052, 0x0053, 0x0054, 0x0055, 0x0056,
    0x0057, 0x0058, 0x0059, 0x005A, 0x005B, 0x005C, 0x005D, 0x0061, 0x0062, 0x0063, 0x0064, 0x0066,
    0x0067, 0x0068, 0x0069, 0x006A, 0x006B, 0x006C, 0x006D, 0x006E, 0x006F, 0x0070, 0x0071, 0x0072,
    0x0073, 0x0074, 0x0075, 0x0076, 0x0077, 0x0078, 0x0079, 0x007A, 0x007B, 0x007D, 0x00A1, 0x00A3,
    0x00A5, 0x00AB, 0x00B7, 0x00BB, 0x00BF, 0x00C0, 0x00C1, 0x00C2, 0x00C3, 0x00C4, 0x00C5, 0x00C6,
    0x00C7, 0x00C8, 0x00C9, 0x00CA, 0x00CB, 0x00CC, 0x00CD, 0x00CE, 0x00CF, 0x00D0, 0x00D1, 0x00D2,
    0x00D3, 0x00D4, 0x00D5, 0x00D6, 0x00D8, 0x00D9, 0x00DA, 0x00DB, 0x00DC, 0x00DD, 0x00DE, 0x00DF,
    0x00E0, 0x00E1, 0x00E2, 0x00E3, 0x00E4, 0x00E5, 0x00E7, 0x00EC, 0x00ED, 0x00EE, 0x00EF, 0x00F0,
    0x00F1, 0x00F2, 0x00F3, 0x00F4, 0x00F5, 0x00F6, 0x00F8, 0x00F9, 0x00FA, 0x00FB, 0x00FC, 0x00FD,
    0x00FE, 0x00FF, 0x0100, 0x0101, 0x0102, 0x0103, 0x0104, 0x0105, 0x0106, 0x0107, 0x0108, 0x0109,
    0x010A, 0x010B, 0x010C, 0x010D, 0x010E, 0x010F, 0x0110, 0x0111, 0x0112, 0x0114, 0x0116, 0x0118,
    0x011A, 0x011C, 0x011D, 0x011E, 0x011F, 0x0120, 0x0121, 0x0122, 0x0123, 0x0124, 0x0125, 0x0126,
    0x0127, 0x0128, 0x0129, 0x012A, 0x012B, 0x012C, 0x012D, 0x012E, 0x012F, 0x0130, 0x0131, 0x0132,
    0x0133, 0x0134, 0x0135, 0x0136, 0x0137, 0x0138, 0x0139, 0x013A, 0x013B, 0x013C, 0x013D, 0x013E,
    0x013F, 0x0140, 0x0141, 0x0142, 0x0143, 0x0144, 0x0145, 0x0146, 0x0147, 0x0148, 0x0149, 0x014A,
    0x014B, 0x014C, 0x014D, 0x014E, 0x014F, 0x0150, 0x0151, 0x0152, 0x0154, 0x0155, 0x0156, 0x0157,
    0x0158, 0x0159, 0x015A, 0x015B, 0x015C, 0x015D, 0x015E, 0x015F, 0x0160, 0x0161, 0x0162, 0x0163,
    0x0164, 0x0165, 0x0166, 0x0167, 0x0168, 0x0169, 0x016A, 0x016B, 0x016C, 0x016D, 0x016E, 0x016F,
    0x0170, 0x0171, 0x0172, 0x0173, 0x0174, 0x0175, 0x0176, 0x0177, 0x0178, 0x0179, 0x017A, 0x017B,
    0x017C, 0x017D, 0x017E, 0x017F, 0x01A0, 0x01C4, 0x01C5, 0x01C6, 0x01C7, 0x01C8, 0x01C9, 0x01CA,
    0x01CB, 0x01CC, 0x01CD, 0x01CE, 0x01CF, 0x01D0, 0x01D1, 0x01D2, 0x01D3, 0x01D4, 0x01D5, 0x01D6,
    0x01D7, 0x01D8, 0x01D9, 0x01DA, 0x01DB, 0x01DC, 0x01DD, 0x01DE, 0x01DF, 0x01E0, 0x01E1, 0x01E2,
    0x01E4, 0x01E5, 0x01E6, 0x01E7, 0x01E8, 0x01E9, 0x01EA, 0x01EB, 0x01EC, 0x01ED, 0x01EE, 0x01EF,
    0x01F0, 0x01F1, 0x01F2, 0x01F3, 0x01F4, 0x01F5, 0x01F6, 0x01F7, 0x01F8, 0x01F9, 0x01FA, 0x01FB,
    0x01FC, 0x01FE, 0x01FF, 0x0200, 0x0201, 0x0202, 0x0203, 0x0204, 0x0206, 0x0208, 0x0209, 0x020A,
    0x020B, 0x020C, 0x020D, 0x020E, 0x020F, 0x0210, 0x0211, 0x0212, 0x0213, 0x0214, 0x0215, 0x0216,
    0x0217, 0x0218, 0x0219, 0x021A, 0x021B, 0x021C, 0x021E, 0x021F, 0x1EF2, 0x1EF3, 0x2013, 0x2014,
    0x2018, 0x2019, 0x201A, 0x201C, 0x201D, 0x201E, 0x2026, 0x2030, 0x2039, 0x203A, 0xFB00, 0xFB01,
    0xFB02, 0xFB03, 0xFB04,
};

static const uint8_t ubuntu_20_boldKernLeftClassIds[] = {
      1,   2,   3,   4,   5,   1,   6,   7,   8,   9,  10,   9,  11,  12,  13,  14,
     15,  16,  17,  18,  19,  20,  21,  22,  22,  23,  24,  25,  26,  27,  28,  29,
     30,  31,  31,  32,  33,  34,  35,  31,  36,  37,  38,  39,  40,  41,  42,  43,
     44,  45,  46,  47,  48,  49,  50,  51,  52,  53,  54,  55,  56,  57,  58,  59,
     60,  61,  62,  62,  63,  52,  64,  65,  66,  67,  68,  69,  70,  71,  72,  73,
     74,  75,  76,  77,  78,  79,  80,  81,  82,  24,  24,  24,  24,  24,  24,  28,
     26,  28,  28,  28,  28,  31,  31,  31,  31,  27,  31,  36,  36,  36,  36,  36,
     36,  42,  42,  42,  42,  46,  83,  84,  51,  51,  51,  51,  51,  51,  53,  58,
     58,  58,  58,  85,  62,  63,  63,  63,  63,  63,  63,  68,  68,  68,  68,  72,
     86,  72,  24,  51,  24,  51,  24,  51,  26,  53,  26,  53,  26,  53,  26,  53,
     27,  87,  27,  54,  28,  28,  28,  28,  28,  30,  56,  30,  56,  30,  56,  30,
     56,  31,  57,  31,  57,  31,  58,  31,  58,  31,  58,  31,  58,  31,  58,  32,
     59,  32,  59,  33,  60,  60,  34,  61,  34,  61,  34,  87,  34,  61,  34,  61,
     31,  62,  31,  62,  31,  62,  62,  88,  89,  36,  63,  36,  63,  36,  63,  28,
     39,  65,  39,  65,  39,  65,  40,  66,  40,  66,  40,  66,  40,  66,  41,  67,
     41,  67,  41,  67,  42,  68,  42,  68,  42,  68,  42,  68,  42,  68,  42,  68,
     44,  70,  46,  72,  46,  47,  73,  47,  73,  47,  73,  55,  90,  47,  73,  73,
     32,  59,  59,  32,  59,  59,  24,  51,  31,  58,  36,  63,  42,  68,  42,  68,
     42,  68,  42,  68,  42,  68,  63,  24,  51,  24,  51,  28,  30,  56,  30,  56,
     33,  60,  36,  63,  36,  63,  91,  92,  59,  47,  73,  73,  30,  56,  68,  93,
     31,  62,  24,  51,  28,  36,  63,  24,  51,  24,  51,  28,  28,  31,  58,  31,
     58,  36,  63,  36,  63,  39,  65,  39,  65,  42,  68,  42,  68,  40,  66,  41,
     67,  94,  31,  57,  46,  72,  10,  10,  95,  96,  97,  95,  96,  97,   9,   4,
     79,  81,  55,  58,  61,  58,  61,
};

static const uint16_t ubuntu_20_boldKernRightCodepoints[] = {
    0x0021, 0x0022, 0x0023, 0x0025, 0x0026, 0x0027, 0x0028, 0x0029, 0x002A, 0x002C, 0x002D, 0x002E,
    0x002F, 0x0030, 0x0031, 0x0032, 0x0033, 0x0034, 0x0035, 0x0036, 0x0037, 0x0038, 0x0039, 0x003A,
    0x003B, 0x003F, 0x0040, 0x0041, 0x0042, 0x0043, 0x0044, 0x0045, 0x0046, 0x0047, 0x0048, 0x0049,
    0x004A, 0x004B, 0x004C, 0x004D, 0x004E, 0x004F, 0x0050, 0x0051, 0x0052, 0x0053, 0x0054, 0x0055,
    0x0056, 0x0057, 0x0058, 0x0059, 0x005A, 0x005B, 0x005C, 0x005D, 0x0061, 0x0062, 0x0063, 0x0064,
    0x0065, 0x0066, 0x0067, 0x0068, 0x0069, 0x006A, 0x006B, 0x006C, 0x006D, 0x006E, 0x006F, 0x0070,
    0x0071, 0x0072, 0x0073, 0x0074, 0x0075, 0x0076, 0x0077, 0x0078, 0x0079, 0x007A, 0x007B, 0x007D,
    0x00A2, 0x00AB, 0x00B0, 0x00BB, 0x00C0, 0x00C1, 0x00C2, 0x00C3, 0x00C4, 0x00C5, 0x00C6, 0x00C7,
    0x00C8, 0x00C9, 0x00CA, 0x00CB, 0x00CC, 0x00CD, 0x00CE, 0x00CF, 0x00D0, 0x00D1, 0x00D2, 0x00D3,
    0x00D4, 0x00D5, 0x00D6, 0x00D8, 0x00D9, 0x00DA, 0x00DB, 0x00DC, 0x00DD, 0x00DF, 0x00E0, 0x00E1,
    0x00E2, 0x00E3, 0x00E4, 0x00E5, 0x00E6, 0x00E7, 0x00E8, 0x00E9, 0x00EA, 0x00EB, 0x00EC, 0x00ED,
    0x00EE, 0x00EF, 0x00F0, 0x00F1, 0x00F2, 0x00F3, 0x00F4, 0x00F5, 0x00F6, 0x00F8, 0x00F9, 0x00FA,
    0x00FB, 0x00FC, 0x00FD, 0x00FF, 0x0100, 0x0101, 0x0102, 0x0103, 0x0104, 0x0105, 0x0106, 0x0107,
    0x0108, 0x0109, 0x010A, 0x010B, 0x010C, 0x010D, 0x010E, 0x010F, 0x0111, 0x0112, 0x0113, 0x0114,
    0x0115, 0x0116, 0x0117, 0x0118, 0x0119, 0x011A, 0x011B, 0x011C, 0x011D, 0x011E, 0x011F, 0x0120,
    0x0121, 0x0122, 0x0123, 0x0124, 0x0125, 0x0126, 0x0127, 0x0128, 0x0129, 0x012A, 0x012B, 0x012C,
    0x012D, 0x012E, 0x012F, 0x0130, 0x0131, 0x0132, 0x0133, 0x0134, 0x0135, 0x0136, 0x0137, 0x0139,
    0x013A, 0x013B, 0x013C, 0x013D, 0x013E, 0x013F, 0x0140, 0x0141, 0x0142, 0x0143, 0x0144, 0x0145,
    0x0146, 0x0147, 0x0148, 0x0149, 0x014A, 0x014B, 0x014C, 0x014D, 0x014E, 0x014F, 0x0150, 0x0151,
    0x0152, 0x0153, 0x0154, 0x0155, 0x0156, 0x0157, 0x0158, 0x0159, 0x015A, 0x015B, 0x015C, 0x015D,
    0x015E, 0x015F, 0x0160, 0x0161, 0x0162, 0x0163, 0x0164, 0x0165, 0x0166, 0x0167, 0x0168, 0x0169,
    0x016A, 0x016B, 0x016C, 0x016D, 0x016E, 0x016F, 0x0170, 0x0171, 0x0172, 0x0173, 0x0174, 0x0175,
    0x0176, 0x0177, 0x0178, 0x0179, 0x017A, 0x017B, 0x017C, 0x017D, 0x017E, 0x017F, 0x01A0, 0x01A1,
    0x01AF, 0x01B0, 0x01C4, 0x01C5, 0x01C6, 0x01C7, 0x01C8, 0x01C9, 0x01CA, 0x01CB, 0x01CC, 0x01CD,
    0x01CE, 0x01CF, 0x01D0, 0x01D1, 0x01D2, 0x01D3, 0x01D4, 0x01D5, 0x01D6, 0x01D7, 0x01D8, 0x01D9,
    0x01DA, 0x01DB, 0x01DC, 0x01DD, 0x01DE, 0x01DF, 0x01E0, 0x01E1, 0x01E2, 0x01E3, 0x01E4, 0x01E5,
    0x01E6, 0x01E7, 0x01E8, 0x01E9, 0x01EA, 0x01EB, 0x01EC, 0x01ED, 0x01EE, 0x01F0, 0x01F1, 0x01F2,
    0x01F3, 0x01F4, 0x01F5, 0x01F8, 0x01F9, 0x01FA, 0x01FB, 0x01FC, 0x01FD, 0x01FE, 0x01FF, 0x0200,
    0x0201, 0x0202, 0x0203, 0x0204, 0x0205, 0x0206, 0x0207, 0x0208, 0x0209, 0x020A, 0x020B, 0x020C,
    0x020D, 0x020E, 0x020F, 0x0210, 0x0211, 0x0212, 0x0213, 0x0214, 0x0215, 0x0216, 0x0217, 0x0218,
    0x0219, 0x021A, 0x021B, 0x021C, 0x021D, 0x021E, 0x021F, 0x1EF2, 0x1EF3, 0x2013, 0x2014, 0x2018,
    0x2019, 0x201A, 0x201C, 0x201D, 0x201E, 0x2026, 0x2030, 0x2039, 0x203A, 0xFB00, 0xFB01, 0xFB02,
    0xFB03, 0xFB04,
};

static const uint8_t ubuntu_20_boldKernRightClassIds[] = {
      1,   2,   3,   4,   5,   2,   6,   7,   8,   9,  10,   9,  11,  12,  13,  14,
     15,  16,  17,  18,  19,  20,  21,  22,  22,  23,  24,  25,  26,  27,  26,  26,
     26,  28,  26,  26,  29,  26,  26,  30,  26,  31,  26,  31,  26,  32,  33,  34,
     35,  36,  37,  38,  39,  40,  41,  42,  43,  44,  45,  46,  45,  47,  45,  48,
     49,  50,  48,  48,  51,  51,  46,  51,  45,  51,  52,  53,  54,  55,  56,  57,
     58,  59,  60,  61,  62,  63,  64,  65,  25,  25,  25,  25,  25,  25,  66,  27,
     26,  26,  26,  26,  26,  26,  26,  26,  26,  26,  31,  31,  31,  31,  31,  31,
     34,  34,  34,  34,  38,  67,  43,  43,  43,  43,  68,  43,  43,  45,  45,  45,
     45,  45,  69,  49,  70,  71,  72,  51,  46,  46,  46,  46,  46,  46,  54,  54,
     54,  54,  58,  58,  25,  43,  25,  43,  25,  43,  27,  45,  27,  45,  27,  45,
     27,  45,  26,  46,  46,  26,  45,  26,  45,  26,  45,  26,  45,  26,  45,  28,
     45,  28,  45,  28,  45,  28,  45,  26,  48,  26,  48,  26,  73,  26,  74,  26,
     75,  26,  49,  26,  49,  26,  49,  29,  50,  26,  48,  26,  48,  26,  48,  26,
     48,  26,  48,  26,  48,  26,  51,  26,  51,  26,  51,  51,  76,  77,  31,  46,
     31,  46,  31,  46,  31,  46,  26,  51,  26,  51,  26,  51,  32,  52,  32,  52,
     32,  52,  32,  52,  33,  53,  33,  53,  33,  53,  34,  54,  34,  54,  34,  54,
     34,  54,  34,  54,  34,  54,  36,  56,  38,  58,  38,  39,  59,  39,  59,  39,
     59,  47,  31,  46,  34,  54,  26,  26,  46,  26,  26,  48,  26,  26,  51,  25,
     43,  26,  49,  31,  46,  34,  54,  34,  54,  34,  54,  34,  54,  34,  54,  78,
     25,  43,  25,  43,  66,  43,  28,  45,  28,  45,  26,  48,  31,  46,  31,  46,
     79,  50,  26,  26,  46,  28,  45,  26,  51,  25,  43,  66,  43,  31,  46,  25,
     43,  25,  43,  26,  45,  26,  45,  26,  49,  26,  49,  31,  46,  31,  46,  26,
     51,  26,  51,  34,  54,  34,  54,  32,  52,  33,  53,  80,  81,  26,  48,  38,
     58,  10,  10,  82,  83,  84,  82,  83,  84,   9,   4,  63,  65,  47,  47,  47,
     47,  47,
};

static const uint16_t ubuntu_20_boldKernRowOffsets[] = {
        0,    10,    13,    15,    20,    38,    81,   102,   124,   154,   180,   219,   235,   255,   269,   288,
      304,   316,   327,   355,   368,   382,   400,   416,   457,   481,   519,   540,   558,   594,   606,   607,
      615,   659,   701,   710,   731,   759,   779,   813,   833,   884,   893,   939,   980,  1027,  1078,  1115,
     1156,  1190,  1196,  1209,  1227,  1246,  1258,  1289,  1301,  1314,  1325,  1337,  1363,  1382,  1395,  1413,
     1426,  1449,  1458,  1476,  1487,  1507,  1528,  1552,  1572,  1591,  1602,  1613,  1617,  1622,  1629,  1643,
     1651,  1679,  1722,  1745,  1761,  1772,  1784,  1818,  1819,  1824,  1827,  1832,  1833,  1840,  1843,  1872,
     1913,  1948,
};

static const uint8_t ubuntu_20_boldKernSparseCols[] = {
     15,  16,  17,  18,  19,  24,  28,  34,  35,  65,  13,  16,  18,  12,  18,  12,
     14,  15,  18,  20,  24,  26,  27,  28,  30,  32,  34,  35,  36,  37,  42,  44,
     45,  54,  55,  56,  57,  67,   5,   6,   7,   9,  11,  12,  14,  15,  17,  18,
     19,  20,  23,  26,  27,  30,  32,  34,  35,  36,  37,  38,  42,  44,  45,  46,
     48,  49,  50,  51,  53,  54,  55,  57,  66,  67,  68,  69,  70,  71,  72,  73,
     74,   5,   7,   9,  12,  13,  14,  16,  18,  19,  23,  24,  28,  32,  34,  35,
     36,  37,  38,  56,  65,  75,  15,  16,  17,  23,  24,  28,  29,  36,  37,  42,
     44,  45,  49,  51,  54,  55,  56,  57,  65,  67,  71,  75,  11,  12,  13,  14,
     16,  18,  24,  26,  27,  28,  30,  31,  32,  33,  34,  35,  36,  37,  38,  42,
     44,  45,  54,  55,  56,  57,  58,  65,  67,  71,  11,  12,  13,  15,  17,  18,
     19,  26,  27,  28,  30,  32,  34,  36,  37,  38,  42,  44,  45,  46,  55,  56,
     65,  67,  71,  75,  11,  13,  14,  15,  17,  18,  19,  23,  24,  26,  27,  28,
     30,  32,  34,  35,  36,  37,  38,  42,  43,  44,  45,  47,  48,  49,  50,  51,
     53,  58,  65,  67,  68,  69,  70,  71,  72,  73,  74,   0,   6,   8,   9,  10,
     13,  14,  15,  18,  21,  40,  41,  60,  62,  64,  82,   1,   2,   3,   5,   6,
      7,  10,  12,  13,  15,  16,  18,  19,  20,  23,  39,  59,  61,  62,  63,   1,
      2,   5,   8,   9,  14,  15,  39,  40,  41,  59,  60,  61,  62,   1,   3,   5,
      6,   7,   8,   9,  10,  12,  13,  16,  18,  20,  39,  40,  41,  59,  60,  63,
      1,   3,   6,   7,   8,   9,  11,  12,  14,  15,  17,  19,  40,  61,  62,  63,
      1,   3,   5,   7,   8,   9,  10,  12,  15,  39,  59,  63,   1,   3,   7,   9,
     10,  12,  15,  40,  61,  62,  63,   1,   2,   3,   5,   6,   8,   9,  10,  11,
     13,  14,  15,  16,  17,  18,  21,  23,  39,  40,  41,  59,  60,  61,  62,  63,
     64,  81,  82,   1,   6,   8,   9,  10,  15,  40,  41,  60,  61,  62,  81,  82,
      1,   3,   6,   8,   9,  10,  14,  16,  40,  41,  60,  61,  62,  82,  11,  14,
     16,  18,  20,  24,  28,  32,  34,  36,  37,  38,  54,  55,  56,  57,  58,  65,
     12,  13,  14,  16,  18,  24,  28,  32,  34,  35,  36,  37,  38,  56,  65,  75,
      1,   5,   7,   8,  10,  21,  22,  24,  26,  27,  28,  30,  31,  32,  33,  34,
     35,  36,  37,  38,  40,  41,  42,  44,  45,  51,  54,  55,  56,  57,  58,  59,
     62,  64,  65,  67,  71,  79,  81,  82,  83,   6,   7,   9,  10,  21,  22,  24,
     32,  34,  35,  36,  37,  40,  41,  54,  56,  57,  58,  60,  62,  64,  65,  79,
     83,   4,   5,   6,   7,   8,   9,  10,  21,  22,  24,  26,  27,  28,  30,  31,
     32,  34,  35,  36,  37,  38,  40,  41,  42,  44,  45,  51,  53,  56,  58,  62,
     64,  65,  67,  71,  81,  82,  83,   6,   8,   9,  10,  22,  24,  28,  32,  34,
     35,  36,  37,  38,  41,  60,  62,  65,  78,  79,  82,  83,  28,  30,  34,  36,
     37,  38,  42,  44,  45,  56,  64,  65,  67,  71,  75,  81,  82,  83,   4,   5,
      6,   8,   9,  10,  22,  23,  24,  26,  27,  28,  29,  30,  32,  34,  35,  36,
     37,  40,  41,  42,  44,  45,  50,  51,  53,  56,  58,  64,  65,  67,  71,  81,
     82,  83,   7,   8,   9,  21,  32,  34,  35,  37,  54,  57,  81,  83,  10,  10,
     24,  28,  40,  64,  65,  81,  82,   4,   5,   6,   7,   8,   9,  10,  21,  23,
     24,  26,  27,  28,  30,  32,  34,  35,  36,  37,  38,  40,  41,  42,  44,  45,
     51,  52,  53,  54,  55,  56,  57,  58,  59,  62,  65,  67,  70,  71,  72,  73,
     74,  77,  83,   0,   1,   4,   7,   8,   9,  10,  21,  22,  24,  26,  27,  28,
     29,  30,  31,  32,  33,  34,  35,  36,  37,  38,  40,  41,  42,  51,  54,  55,
     56,  57,  58,  59,  60,  62,  64,  65,  67,  79,  81,  82,  83,   7,  10,  22,
     32,  34,  37,  40,  81,  82,   6,   8,   9,  10,  22,  24,  28,  32,  34,  35,
     36,  37,  38,  41,  60,  62,  65,  78,  79,  82,  83,   4,   6,   8,  10,  21,
     24,  28,  32,  36,  37,  39,  41,  42,  44,  45,  54,  55,  56,  57,  60,  62,
     64,  65,  67,  71,  81,  82,  83,   6,   8,   9,  10,  22,  24,  28,  32,  34,
     35,  36,  37,  38,  41,  49,  62,  65,  78,  82,  83,   7,   8,   9,  10,  21,
     22,  23,  24,  26,  27,  28,  30,  32,  33,  34,  36,  37,  38,  40,  41,  42,
     44,  45,  52,  53,  56,  58,  62,  65,  67,  71,  81,  82,  83,   6,   7,   8,
      9,  10,  22,  32,  34,  35,  37,  42,  54,  55,  56,  57,  62,  65,  67,  81,
     83,   4,   5,   6,   8,   9,  10,  21,  22,  23,  24,  26,  27,  28,  29,  30,
     32,  34,  35,  36,  37,  38,  40,  41,  42,  44,  45,  50,  51,  53,  54,  55,
     56,  57,  58,  59,  62,  64,  65,  67,  68,  69,  70,  71,  72,  73,  74,  76,
     77,  81,  82,  83,   8,  10,  21,  24,  28,  40,  65,  81,  82,   1,   4,   5,
      6,   8,   9,  10,  21,  22,  23,  24,  26,  27,  28,  29,  30,  32,  34,  35,
     36,  37,  38,  40,  41,  42,  44,  45,  50,  51,  53,  58,  59,  62,  65,  67,
     68,  70,  71,  72,  73,  74,  76,  77,  81,  82,  83,   1,   4,   5,   6,   8,
     10,  22,  23,  24,  26,  27,  28,  30,  32,  34,  35,  36,  37,  38,  40,  41,
     42,  44,  45,  50,  51,  53,  54,  55,  56,  57,  59,  62,  65,  67,  70,  71,
     72,  81,  82,  83,   4,   5,   6,   7,   8,   9,  10,  21,  22,  23,  24,  26,
     27,  28,  30,  31,  32,  34,  35,  36,  37,  38,  40,  41,  42,  44,  45,  51,
     53,  54,  55,  56,  57,  58,  59,  62,  65,  67,  70,  71,  72,  73,  74,  77,
     81,  82,  83,   0,   4,   5,   6,   7,   8,   9,  10,  21,  22,  23,  24,  26,
     27,  28,  29,  30,  31,  32,  34,  35,  36,  37,  38,  40,  41,  42,  44,  45,
     50,  51,  53,  54,  56,  57,  58,  59,  62,  64,  65,  67,  70,  71,  72,  73,
     74,  76,  77,  81,  82,  83,   4,   6,   8,   9,  21,  22,  23,  24,  26,  27,
     28,  30,  31,  32,  34,  35,  36,  37,  38,  40,  41,  42,  44,  45,  56,  58,
     62,  64,  65,  67,  69,  70,  72,  73,  81,  82,  83,  11,  12,  14,  15,  17,
     18,  19,  24,  26,  27,  28,  30,  32,  34,  35,  36,  37,  38,  41,  42,  44,
     45,  48,  49,  50,  51,  53,  54,  55,  56,  57,  58,  65,  67,  68,  69,  70,
     71,  72,  73,  74,  11,  12,  14,  15,  17,  18,  19,  20,  24,  25,  26,  27,
     28,  29,  30,  32,  33,  34,  35,  36,  37,  38,  42,  44,  45,  49,  52,  53,
     54,  55,  57,  65,  67,  71,  12,  13,  15,  17,  18,  49,   1,   6,   7,  22,
     40,  41,  54,  55,  57,  60,  81,  82,  83,   1,   6,   7,   8,   9,  10,  22,
     40,  41,  54,  55,  56,  57,  58,  60,  62,  81,  82,   8,   9,  21,  22,  23,
     41,  42,  44,  45,  54,  55,  56,  57,  62,  67,  71,  81,  82,  83,   6,   7,
      9,  22,  40,  41,  54,  55,  57,  81,  82,  83,   6,   7,   8,  10,  21,  22,
     40,  41,  42,  44,  45,  48,  49,  54,  55,  56,  57,  60,  62,  64,  67,  68,
     69,  70,  71,  72,  73,  74,  81,  82,  83,   6,   7,  22,  40,  41,  49,  54,
     55,  57,  81,  82,  83,   1,   6,   7,  22,  40,  41,  54,  55,  57,  60,  81,
     82,  83,   6,   7,  22,  40,  41,  54,  55,  57,  81,  82,  83,   6,   7,  22,
     40,  41,  49,  54,  55,  57,  81,  82,  83,   4,   5,   7,   8,   9,  10,  21,
     23,  41,  42,  44,  45,  52,  53,  54,  55,  56,  57,  58,  59,  62,  67,  71,
     81,  82,  83,   6,   7,   8,  21,  22,  40,  41,  42,  54,  55,  56,  57,  58,
     62,  64,  67,  81,  82,  83,   1,   6,   7,  22,  40,  41,  54,  55,  57,  60,
     81,  82,  83,   1,   6,   7,   8,   9,  10,  22,  40,  41,  54,  55,  56,  57,
     58,  60,  62,  81,  82,   6,   7,  10,  22,  40,  41,  49,  54,  55,  57,  81,
     82,  83,   4,   7,   8,  10,  21,  22,  40,  41,  42,  44,  45,  54,  55,  56,
     57,  58,  62,  64,  67,  71,  81,  82,  83,   6,   7,  10,  22,  40,  41,  58,
     60,  83,   8,   9,  21,  22,  40,  41,  42,  44,  45,  54,  55,  56,  57,  62,
     67,  71,  81,  83,   6,   7,  22,  40,  41,  54,  55,  57,  81,  82,  83,   4,
      7,   8,  10,  21,  41,  42,  44,  45,  54,  55,  56,  57,  58,  64,  67,  71,
     81,  82,  83,   4,   7,   8,   9,  10,  21,  41,  42,  44,  45,  54,  55,  56,
     57,  58,  64,  67,  71,  81,  82,  83,   4,   5,   7,   8,   9,  10,  21,  23,
     41,  42,  44,  45,  54,  55,  56,  57,  58,  59,  62,  67,  71,  81,  82,  83,
      4,   7,   8,  10,  21,  41,  42,  44,  45,  54,  55,  56,  57,  58,  64,  67,
     71,  81,  82,  83,   8,  10,  21,  22,  41,  42,  44,  45,  54,  55,  56,  57,
     60,  62,  64,  67,  81,  82,  83,  11,  12,  14,  15,  17,  18,  19,  26,  27,
     30,  60,  12,  13,  15,  17,  18,  28,  32,  34,  36,  37,  65,  32,  34,  35,
     37,  11,  12,  13,  17,  20,  11,  13,  14,  17,  18,  19,  20,  11,  14,  18,
     20,  24,  28,  32,  34,  37,  38,  54,  55,  57,  58,  11,  12,  13,  14,  15,
     17,  18,  20,  11,  12,  13,  14,  15,  17,  18,  20,  24,  26,  27,  28,  30,
     31,  32,  34,  35,  36,  37,  38,  42,  44,  45,  56,  58,  65,  67,  71,  24,
     25,  26,  27,  28,  29,  30,  31,  32,  33,  34,  35,  36,  37,  38,  42,  43,
     44,  45,  46,  47,  48,  49,  50,  51,  52,  53,  54,  55,  56,  57,  58,  65,
     66,  67,  68,  69,  70,  71,  72,  73,  74,  75,   6,   8,   9,  10,  21,  22,
     24,  28,  32,  34,  35,  36,  37,  38,  40,  41,  42,  60,  62,  65,  67,  78,
     79,   1,   6,   7,   9,  22,  39,  40,  41,  54,  55,  56,  57,  60,  80,  81,
     82,   6,   8,   9,  10,  22,  40,  41,  60,  62,  81,  82,   1,   6,   7,  10,
     22,  41,  54,  56,  57,  60,  81,  82,   1,   6,   8,   9,  21,  22,  40,  41,
     42,  43,  44,  45,  47,  48,  49,  50,  51,  52,  53,  54,  55,  56,  57,  58,
     60,  67,  68,  69,  70,  72,  73,  74,  81,  82,  49,   1,   7,  22,  81,  82,
     24,  28,  65,  54,  55,  56,  57,  80,  49,  24,  28,  36,  37,  42,  65,  67,
     34,  37,  75,  14,  15,  17,  18,  20,  24,  26,  27,  28,  29,  30,  31,  32,
     33,  34,  35,  36,  37,  38,  42,  44,  45,  51,  54,  55,  57,  65,  67,  71,
     15,  16,  17,  18,  24,  26,  27,  28,  30,  31,  32,  33,  34,  35,  36,  37,
     38,  42,  43,  44,  45,  46,  47,  48,  50,  51,  53,  54,  55,  57,  58,  65,
     66,  67,  68,  69,  70,  71,  72,  73,  74,  24,  26,  27,  28,  30,  31,  32,
     33,  34,  35,  36,  37,  38,  42,  43,  46,  47,  48,  49,  50,  51,  53,  54,
     55,  56,  57,  58,  65,  67,  68,  69,  70,  72,  73,  74,
};

static const int8_t ubuntu_20_boldKernSparseValues[] = {
     -33,   -7,  -13,    7,   -7,  -33,  -58,   11,   13,  -72,  -12,   -7,   -7,  -20,   -7,  -35,
       7,    9,  -25,   -8,   20,  -13,  -13,   13,  -13,  -53,  -47,  -27,    7,  -67,  -13,  -13,
     -13,  -25,  -20,    7,  -25,  -13,  -19,   53,  -13,   -7,  -10,   -7,    9,  -19,  -17,   15,
     -12,  -11,  -20,  -13,  -13,  -13,   17,   21,   17,   17,   22,    7,  -17,  -20,  -20,   -9,
       8,   57,  -14,  -12,  -17,   -7,   -7,   20,  -11,  -17,    8,    8,    8,  -20,    8,    8,
       8,  -15,  -13,   15,  -15,  -18,   -9,  -11,  -16,   -7,   -9,  -13,   -9,  -13,  -22,   -9,
     -13,  -27,   -7,   -9,  -13,  -15,  -21,  -11,   -8,  -13,  -53,  -69,   -7,  -15,   -7,  -11,
     -20,  -20,   -7,   -7,   11,   11,    8,   11,  -93,  -11,  -31,   -9,  -13,  -53,    5,   15,
      10,  -11,   20,  -27,  -27,   27,  -27,    9,  -54,  -20,  -55,  -28,   17,  -63,   15,  -20,
     -20,  -20,  -38,  -37,   13,  -38,   12,   17,  -20,  -13,   20,  -23,  -13,   25,   25,  -21,
      15,   13,   13,  -10,   13,  -37,  -20,  -21,  -45,   -7,   10,    8,    8,   14,    5,  -13,
     -30,   10,    8,   12,   -7,   10,   17,  -41,  -26,   27,  -10,  -23,  -43,  -16,  -16,  -47,
     -16,   29,   32,   29,   22,   33,   11,  -26,   11,  -39,  -39,   11,   11,   10,  -21,  -21,
     -13,   -7,  -80,  -26,   11,   11,   11,  -31,   11,   11,   11,   10,   -9,  -13,   20,  -30,
     -10,   -7,    7,   -8,    8,  -13,  -14,  -14,   11,    7,    7,  -17,   -9,  -12,  -14,   -8,
     -15,  -14,  -12,   -9,  -12,   -7,  -10,   -7,   -7,  -12,  -15,  -15,   -7,   -9,   -7,   -7,
      -9,  -11,   11,  -11,   11,   -7,   -7,   -7,   -9,   -7,   -9,  -12,  -15,  -20,   -8,  -11,
     -17,   -9,  -13,   15,  -23,   -7,  -10,   -7,   -7,   -7,  -10,  -13,  -16,  -10,  -16,  -20,
     -20,  -17,   -8,  -15,    9,   25,    8,  -11,    8,   12,    8,    9,   -7,   11,   15,  -20,
      -7,   -7,   -9,  -15,   -7,   17,  -16,  -13,    5,  -10,  -10,   -7,   -7,   -8,  -16,   25,
     -11,   -9,    9,   -7,   11,   11,   -7,    7,   -9,   15,  -17,   15,  -51,  -25,  -66,   -8,
       9,   13,  -37,   -9,  -23,   13,  -13,  -28,   -8,   27,   18,   -8,   18,  -31,  -39,   20,
     -12,   19,   17,   -7,   -8,    8,   19,  -10,    8,  -10,   -7,   -7,    5,    7,    9,    8,
      -7,    7,  -15,  -25,   13,  -35,   -8,   -7,   -7,  -13,  -13,    5,    7,    7,    7,   13,
       7,  -13,    9,   11,   16,  -41,   -9,   10,  -25,    8,    9,    9,    9,    9,    7,   10,
      -9,  -17,   -8,   -8,  -15,  -13,  -11,  -24,  -19,   -7,  -17,  -28,   -8,   -7,  -37,  -11,
     -34,  -12,  -53,   20,   16,   13,  -21,   25,  -17,  -17,   22,  -17,   13,  -55,  -13,  -43,
     -27,   25,  -67,   16,  -53,  -17,   -7,   -7,   -7,    7,  -23,  -17,   17,  -23,   11,   -7,
     -10,    8,   13,   -7,   -9,  -29,  -51,  -43,   28,   -9,   -8,    7,  -20,    7,  -13,   -7,
     -12,  -20,   -7,  -15,  -23,  -13,  -15,   -7,   -5,   -7,   -7,   -7,    7,    7,  -17,   -9,
       7,    5,   -8,   10,   -7,   15,   -7,    9,   13,   11,   19,  -17,  -17,   21,  -17,   11,
      14,   13,   13,   17,   16,   12,   13,   17,    7,   -8,   -8,    4,   -9,   16,   11,  -16,
       9,   17,    7,   -7,   13,   24,   26,  -13,  -27,   13,  -35,  -13,  -17,  -15,  -15,  -17,
      -7,  -25,  -30,   -7,  -13,  -11,    7,  -40,   -9,  -14,    7,   -8,   16,  -12,    7,   13,
       7,    7,   -8,   -8,   -8,   14,    9,   12,   -8,   -7,    7,    9,   12,   27,  -13,   -9,
      14,  -41,   10,  -52,   14,   -7,  -32,   -5,   -5,  -50,   -7,   -5,   14,   17,   14,    8,
      19,   20,   17,  -16,   -7,   -7,  -13,   -9,  -13,   -7,  -13,   -7,  -78,  -16,   -7,   27,
      25,  -42,  -17,   13,   11,    7,   -7,  -13,  -13,  -13,   -7,   -7,   -7,   15,   -7,  -21,
     -13,   -9,    7,    7,  -27,   10,    9,  -13,  -13,   16,  -27,   21,  -33,   15,    7,   -9,
      17,  -37,  -37,   13,  -37,   15,   12,    9,   24,   12,   16,   13,   19,   -7,  -27,  -27,
       7,   -7,  -23,  -31,  -31,   23,  -31,   14,   -9,  -34,   17,   -7,   29,  -23,   23,   19,
       7,  -11,   21,    7,  -65,    7,  -68,   27,  -13,   11,   16,  -24,   21,  -13,  -13,   21,
       7,  -13,   11,  -52,   -7,  -57,  -33,   21,  -67,   12,  -53,  -21,    8,    5,  -31,  -19,
      19,  -31,   11,  -11,   -8,  -13,   14,   21,    8,  -33,  -43,  -37,   31,   -7,   -7,  -11,
      -7,   -7,  -10,  -13,  -13,  -10,  -13,  -27,   13,  -35,  -13,  -17,  -15,  -15,  -17,   -7,
     -25,  -30,   -7,  -13,   -9,    7,  -40,   -7,  -15,    7,   -8,  -13,   -5,  -69,  -53,    9,
     -45,  -59,    9,  -15,   -7,   -9,   -9,  -13,  -10,  -10,   13,   13,    8,   13,   -7,   -7,
       9,  -83,  -13,  -15,   19,   19,  -61,  -13,  -27,   13,  -35,  -13,  -17,  -15,  -15,  -17,
      -7,  -25,  -30,   -7,  -13,   10,    7,  -40,   -7,    7,   -8,   -7,   16,  -13,   12,    8,
     -10,   -7,   21,  -12,  -12,   17,  -12,   -7,   -5,  -10,   13,  -22,   12,   -7,  -15,  -17,
     -17,  -17,   -7,   -7,   12,    7,  -15,   13,  -17,  -19,    9,    7,   21,   -5,  -23,    7,
      19,  -10,   -7,  -13,   -7,   -7,   -7,    8,  -11,   -9,   -7,  -11,   10,  -13,    8,  -13,
      12,  -13,  -12,   17,  -54,  -37,  -65,  -41,   17,  -24,  -55,  -15,  -15,  -55,   -7,  -15,
      17,   21,   17,   17,   23,    7,   27,   20,  -50,  -50,  -50,  -46,  -48,  -46,  -50,  -50,
     -50,  -50,  -47,  -12,  -50,  -44,  -77,  -50,   -6,   18,   31,  -61,   29,   21,   19,  -37,
     -41,   19,   13,  -35,  -20,  -36,    7,  -13,  -13,    7,  -37,    3,   15,   12,  -20,  -21,
      21,  -53,  -20,  -63,   -8,   19,  -19,  -43,  -17,  -17,  -58,   -7,  -17,   21,   25,   21,
      21,   26,   11,   27,   25,  -27,  -37,  -37,  -15,  -25,  -14,   -8,  -12,  -27,  -99,  -27,
      13,   34,  -41,   29,   24,   22,  -12,  -14,   19,   25,  -42,   13,  -13,   -7,   19,  -29,
     -41,   17,   -7,  -27,   -7,   -7,  -31,   -7,   18,   21,   18,   18,   23,    7,   27,   21,
     -19,  -22,  -22,  -10,  -11,   -9,    8,    8,    7,    8,   -7,  -11,  -35,  -19,   31,  -24,
      27,   19,   27,  -16,  -13,  -13,   17,  -17,   17,  -21,   15,   11,   13,   -9,   24,  -25,
     -25,   17,  -25,   11,   17,   21,   17,   24,   22,   16,   20,   21,  -20,  -20,  -20,    7,
     -16,  -16,  -16,   16,  -16,   10,   -9,  -25,   24,  -20,   27,  -14,   27,   13,    7,   -9,
       7,   11,   23,    7,  -33,  -26,   23,   -7,  -63,  -45,  -67,  -25,   19,  -39,  -67,  -30,
     -30,  -56,  -10,  -30,   -7,   23,   26,   23,   23,   27,   12,   27,   26,  -49,  -59,  -59,
     -25,  -47,  -23,   -7,  -13,   -7,  -23,  -10,  -53,  -17,  -96,  -84,   35,  -60,   30,   26,
      11,  -20,  -22,   17,   21,  -44,   -7,   11,   18,  -13,   11,   10,   -7,   17,   -8,   -8,
      17,   -8,    8,   10,   14,   10,   17,   15,    9,   13,   14,    7,   -7,   -7,   16,    7,
     -21,   11,   17,    7,    7,   24,   22,    7,   13,   19,   29,  -15,  -12,   18,  -25,  -24,
      19,  -10,  -19,  -13,  -13,  -19,  -13,   20,   23,   20,   20,   25,    9,   60,  -23,  -24,
     -24,    7,   63,  -23,  -22,  -23,  -20,  -20,  -20,   20,  -21,  -19,  -23,    7,    7,    7,
     -27,    7,    7,    7,  -30,  -47,    7,   -7,  -20,  -33,  -10,  -20,   13,  -20,  -27,  -27,
       7,  -20,  -27,  -60,  -27,  -73,  -47,   13,  -73,    7,  -17,  -17,  -17,   93,   -7,  -13,
     -20,  -13,   40,   13,  -17,  -13,   -9,  -11,   -9,   -7,   -7,   22,  -10,  -14,  -20,  -22,
     -27,  -23,   -9,   -7,   -9,  -12,  -15,  -15,    8,  -13,  -17,  -20,  -20,    8,  -19,  -19,
     -33,  -24,   -9,   -8,  -12,   -9,   -7,  -13,    7,  -17,  -17,   11,   -7,    7,   -9,   -7,
     -24,  -17,  -17,  -17,    5,    7,    8,    5,  -10,  -17,  -20,    7,   17,   16,  -14,  -17,
      15,  -25,  -40,  -23,  -11,   -7,  -11,    9,    9,    7,   35,   15,  -40,  -41,   12,   19,
      53,   35,   -5,   -5,   -5,    8,    7,   18,   18,   13,   18,   20,   -7,   12,   -5,   21,
       8,   43,  -13,   38,   35,   37,   25,   37,  -38,   -9,  -17,  -15,  -20,  -23,   17,  -11,
      -7,  -11,  -17,  -10,    7,  -13,  -14,  -17,  -25,  -40,  -23,  -11,   -7,  -11,  -12,  -17,
     -10,    8,    7,  -17,  -25,  -40,  -23,  -11,   -7,  -11,  -17,  -10,    7,    8,  -17,  -25,
     -40,    7,   20,  -11,   -7,  -11,  -17,  -10,    7,  -13,   -8,    9,    8,  -29,   14,    7,
     -15,  -17,   -7,  -24,  -24,   -5,   -7,   13,   13,   13,   13,   10,  -11,  -23,   -7,  -21,
       8,   16,   15,  -14,  -16,   16,   13,   -9,  -40,  -23,   10,   -7,   -7,   14,   -7,   10,
      -9,   13,   10,  -17,  -17,   21,  -12,  -14,  -17,  -25,  -40,  -23,  -11,   -7,  -11,  -12,
     -17,  -10,    8,  -12,  -17,  -20,  -20,    8,  -19,  -19,  -33,  -24,   -9,   -8,  -12,   -9,
      -7,  -15,    7,  -17,  -17,  -14,  -17,   14,  -15,  -20,  -23,   28,  -11,   -7,  -11,  -17,
     -10,    7,  -13,   11,  -40,  -37,   12,    7,    7,   -7,   -7,   -7,   -7,   21,   21,   13,
      21,    7,   -9,   13,   -7,   -9,   19,   32,  -37,   -9,   -7,   -7,  -24,  -20,  -23,   -5,
     -12,    9,   11,   -7,    7,  -10,  -13,  -22,  -13,  -13,  -13,    7,    7,   12,    7,  -13,
     -13,   -7,   11,   15,  -13,  -17,  -15,  -40,  -19,  -11,   -7,  -11,  -17,  -10,    7,   -7,
      11,  -37,  -27,   10,  -19,   -7,   -9,   -9,   13,   13,   16,   13,    9,   11,   -7,  -13,
      14,   26,  -27,   -7,   11,  -35,    5,  -23,   11,  -19,   -7,   -8,   -8,   13,   13,   13,
      13,    9,   13,   -7,   -9,   16,   27,  -18,  -13,   -8,    9,   13,  -13,   14,    9,   -7,
     -19,  -16,  -16,  -16,   16,   13,   21,   16,   13,   -8,  -18,  -16,  -15,   10,   19,   14,
      -7,   11,  -37,  -27,   10,  -19,   -7,   -9,   -9,   13,   13,   16,   13,    9,   11,   -7,
     -13,   14,   21,  -27,   16,    7,    7,   -7,  -19,  -10,  -10,  -10,   13,   13,   15,   13,
      -8,  -11,    7,  -10,   10,   17,   19,  -15,  -12,   18,  -25,  -24,   19,  -10,   -8,  -11,
     -11,   60,   -9,  -11,   -9,   -7,   -7,   -9,  -12,  -11,   -9,  -10,   -9,  -42,  -22,   -7,
     -33,   -7,  -17,   -8,  -11,   -9,    9,   11,   19,    7,   24,    7,    7,    7,   11,  -14,
       9,    7,   11,  -45,   -7,  -18,    8,   11,   11,   11,    5,   22,  -15,  -29,  -12,    9,
      18,  -29,    9,   11,  -31,  -23,  -16,   13,    9,  -37,   -7,  -11,    7,    7,  -20,    7,
     -13,  -50,  -27,  -13,  -25,  -53,  -16,    7,    7,    7,  -19,  -11,  -29,    7,    7,  -28,
     -21,  -27,  -27,  -37,  -13,  -27,  -23,  -70,  -22,  -41,  -28,  -41,  -52,  -33,  -26,  -22,
     -27,  -27,  -22,  -22,  -22,   46,  -22,  -25,  -23,  -25,  -15,  -15,  -21,   10,  -22,  -48,
     -22,  -26,  -22,  -22,  -22,  -29,  -22,  -22,  -22,  -21,  -16,  -37,   10,  -41,    8,  -18,
     -19,  -27,  -13,  -15,   -7,  -23,  -25,  -15,  -13,  -23,   -5,  -13,   10,  -35,   -5,  -14,
     -13,  -25,  -16,  -49,    5,  -30,   -7,  -33,  -15,  -23,  -21,   -7,  -23,  -15,  -17,  -42,
     -39,   11,  -20,    8,  -17,   13,   13,   15,    7,    8,    8,   13,  -17,  -14,  -10,  -14,
     -17,  -20,   -7,   -8,   -7,  -13,  -13,  -11,   17,   40,  -17,  -13,   -1,   23,   60,   47,
     -13,   11,  -26,  -26,   18,   12,   12,  -13,  -19,    5,   -9,   21,   21,   21,   27,   16,
      47,   -7,   43,   59,   91,   79,   69,   75,   13,   17,   11,  -17,  -11,  -12,  -14,  -13,
     -13,  -12,  -23,  -14,  -12,  -12,  -14,  -15,   21,  -22,  -30,  -17,   -8,  -10,  -38,  -10,
     -11,  -15,   -7,    8,  -44,  -17,   16,    7,  -55,  -20,  -20,  -63,  -13,  -20,   11,   13,
      12,   19,   22,    9,   17,   15,  -19,  -21,  -28,  -13,    8,    8,    8, -128,  -19,  -47,
     -52,   -7,  -24,   13,  -65,  -25,  -25,  -70,  -25,  -13,   11,    9,   18,   19,    9,   15,
      11,  -42,   -7,  -48,  -48,  -13,   -7,   -7,  -28,  -51,  -22,   -7,   -7,   -7,  -22,  -86,
     -13,  -42,   -7,   -7,   -7,  -49,   -7,   -7,   -7,   14,  -22,  -22,   15,  -22,    7,  -51,
     -13,  -83,  -51,   15,  -72,   13,    7,    7,    7,    7,    7,   21,    7,    7,    7,  -27,
     -19,   14,  -27,   16,   15,    7,    7,    7,    7,    7,    7,    7,
};

static const EpdLigaturePair ubuntu_20_boldLigaturePairs[] = {
    { 0x00660066, 0xFB00 }, // f f -> U+FB00
    { 0x00660069, 0xFB01 }, // f i -> U+FB01
    { 0x0066006C, 0xFB02 }, // f l -> U+FB02
    { 0xFB000069, 0xFB03 }, // U+FB00 i -> U+FB03
    { 0xFB00006C, 0xFB04 }, // U+FB00 l -> U+FB04
};

static const EpdFontData ubuntu_20_bold = {
    ubuntu_20_boldBitmaps,
    ubuntu_20_boldGlyphs,
    ubuntu_20_boldIntervals,
    39,
    48,
    39,
    -8,
    true,
    ubuntu_20_boldGroups,
    13,
    nullptr,
    nullptr,  // kernLeftClasses: built-in fonts use the split arrays below
    nullptr,  // kernRightClasses
    ubuntu_20_boldKernLeftCodepoints,
    ubuntu_20_boldKernLeftClassIds,
    ubuntu_20_boldKernRightCodepoints,
    ubuntu_20_boldKernRightClassIds,
    nullptr,  // kernMatrix: built-in fonts use the sparse form below
    ubuntu_20_boldKernRowOffsets,
    ubuntu_20_boldKernSparseCols,
    ubuntu_20_boldKernSparseValues,
    375,
    386,
    97,
    84,
    ubuntu_20_boldLigaturePairs,
    5,
};
