/**
 * generated by fontconvert.py
 * name: ubuntu_12_regular
 * size: 12
 * mode: 2-bit  compressed: true
 * Command used: fontconvert.py ubuntu_12_regular 12 ../builtinFonts/source/Ubuntu/Ubuntu-Regular.ttf ../builtinFonts/source/Ubuntu/Ubuntu-Vietnamese-Regular.ttf ../builtinFonts/source/NotoSansMath/NotoSansMath-Regular.ttf ../builtinFonts/source/NotoSansSymbols2/NotoSansSymbols2-Regular.ttf --2bit --compress --pnum --zopfli
 */
#pragma once
#include "EpdFontData.h"

static const uint8_t ubuntu_12_regularBitmaps[13629] = {
    0xB5, 0x98, 0x3D, 0x8C, 0xDD, 0xC6, 0x11, 0xC7, 0x7F, 0x24, 0x0D, 0x11, 0xC8, 0xC2, 0x59, 0x17,
    0x2E, 0x62, 0x9C, 0x2D, 0xBA, 0x50, 0xE1, 0x00, 0xD6, 0xA3, 0x0B, 0x95, 0x8F, 0x1F, 0xB6, 0x7B,
    0x20, 0x7D, 0x93, 0xBE, 0x48, 0x94, 0xD2, 0x05, 0x4F, 0x8F, 0x71, 0x0A, 0xB7, 0xEA, 0xAB, 0xD4,
    0x29, 0x12, 0x17, 0x2A, 0x5E, 0xC1, 0x33, 0xD7, 0x56, 0x99, 0x22, 0x0C, 0x52, 0xA4, 0x70, 0x11,
    0xC6, 0x31, 0x10, 0x03, 0x29, 0xB4, 0x48, 0xD6, 0xCE, 0xCA, 0xE2, 0xE3, 0x66, 0xDE, 0xE2, 0x1E,
    0x72, 0x91, 0x4E, 0x8E, 0x10, 0x20, 0x9C, 0xFF, 0x7F, 0x6E, 0x38, 0x33, 0x3B, 0xFB, 0x35, 0xA2,
    0x0E, 0x57, 0x73, 0x55, 0x36, 0x22, 0xB7, 0x79, 0x83, 0xD7, 0x01, 0xC4, 0x6E, 0x84, 0xDB, 0x5A,
    0x64, 0xB3, 0xBD, 0xBD, 0x7D, 0x63, 0xFB, 0x3A, 0xDB, 0xCC, 0xF0, 0x41, 0x6E, 0x78, 0x90, 0xF7,
    0x38, 0xD5, 0x62, 0x35, 0x21, 0x04, 0x77, 0x64, 0x3A, 0xDF, 0x24, 0x9B, 0x6E, 0x93, 0x99, 0x8A,
    0x93, 0x4F, 0xF5, 0x1F, 0xA0, 0xDB, 0x07, 0x68, 0x9C, 0xD0, 0x52, 0x08, 0xD9, 0x5E, 0x22, 0x09,
    0x5F, 0xEA, 0xE0, 0xCA, 0xF6, 0x95, 0x1A, 0x2A, 0x10, 0x5D, 0xF4, 0xE4, 0x0E, 0xC6, 0x16, 0x35,
    0x83, 0x87, 0x0E, 0x2A, 0xC1, 0x9D, 0x64, 0xD9, 0x05, 0x77, 0x16, 0x7A, 0x4E, 0x63, 0x95, 0xA5,
    0xA2, 0x5C, 0xE8, 0xE8, 0x4A, 0x1C, 0x0F, 0x74, 0x3A, 0x8B, 0xCA, 0x8C, 0x28, 0xD5, 0x8B, 0x2A,
    0x90, 0x40, 0x55, 0x9A, 0x72, 0xE9, 0x46, 0xAB, 0xEC, 0xD7, 0x76, 0x20, 0xFD, 0x62, 0xDA, 0x92,
    0x7D, 0x26, 0x4A, 0x7D, 0x28, 0xAA, 0x48, 0x45, 0x55, 0x89, 0x04, 0x3A, 0x46, 0x8B, 0xA3, 0x34,
    0x8C, 0x3D, 0x59, 0xB0, 0xA8, 0x4F, 0x1D, 0xBA, 0xDD, 0xA3, 0x11, 0xB6, 0x96, 0xFC, 0xE1, 0x4C,
    0x1A, 0x5A, 0xB2, 0x05, 0x8A, 0xDF, 0x60, 0xB7, 0xCA, 0xD8, 0x7D, 0xFA, 0xF7, 0xC9, 0x33, 0x9A,
    0x81, 0x92, 0x7B, 0xEC, 0x4C, 0x19, 0xBE, 0xB1, 0x37, 0x42, 0x3F, 0x6C, 0xE3, 0xC3, 0x3B, 0xEC,
    0x13, 0x9B, 0x4D, 0xB9, 0xD1, 0xBD, 0xA6, 0x60, 0x43, 0x4D, 0x75, 0x92, 0x78, 0xCE, 0x05, 0x1A,
    0xDD, 0xE7, 0x26, 0x9B, 0x12, 0xCB, 0x9E, 0x77, 0xDE, 0x64, 0xA0, 0x42, 0xBC, 0xAD, 0xF8, 0x4C,
    0x36, 0xA7, 0x36, 0x11, 0x41, 0x84, 0x68, 0xA5, 0x36, 0x9B, 0x33, 0x23, 0xF5, 0xDA, 0x82, 0x8A,
    0x81, 0x37, 0x2F, 0x0F, 0xE2, 0xAD, 0xED, 0x5B, 0xCD, 0xAF, 0x16, 0x15, 0x66, 0xCE, 0xE1, 0x6F,
    0x64, 0x0F, 0x8D, 0xFA, 0x70, 0x4E, 0xE9, 0x25, 0x74, 0x15, 0x63, 0x08, 0x82, 0xA7, 0x9C, 0xBA,
    0x8D, 0x42, 0xC1, 0x6D, 0xDE, 0x66, 0xB7, 0xEC, 0x96, 0xEA, 0x93, 0x0A, 0x3A, 0xD8, 0x83, 0x23,
    0xB1, 0xA4, 0x33, 0xD9, 0x44, 0x6E, 0x50, 0xBD, 0x64, 0x53, 0xC0, 0x06, 0x5E, 0x38, 0x25, 0x09,
    0xAD, 0x2C, 0xAC, 0xF8, 0xB9, 0xAB, 0x19, 0xB6, 0x54, 0x1D, 0xF5, 0xC0, 0x66, 0xA0, 0xDC, 0x53,
    0x8A, 0x16, 0x5B, 0x3C, 0xE2, 0x97, 0xA8, 0xE4, 0x48, 0xA6, 0xE4, 0x53, 0x25, 0x87, 0xE2, 0xB0,
    0x3B, 0xBF, 0x53, 0xF1, 0x1C, 0xB9, 0x11, 0xDA, 0x32, 0xCC, 0x55, 0xEA, 0x5E, 0x61, 0x81, 0x21,
    0xC2, 0x91, 0x59, 0xB4, 0xA1, 0x81, 0x45, 0x4C, 0x94, 0x41, 0xB7, 0x6C, 0xA0, 0x09, 0x07, 0xC1,
    0x8D, 0xB5, 0x6D, 0xC2, 0xFC, 0x5A, 0xEA, 0xC0, 0x5F, 0x2E, 0x3C, 0xB7, 0x49, 0xE8, 0x93, 0x30,
    0x71, 0xC3, 0x71, 0xEA, 0x32, 0x38, 0xBF, 0x95, 0x2C, 0x4D, 0xB0, 0x67, 0x6B, 0x1B, 0x33, 0x33,
    0xA1, 0x16, 0x96, 0xC2, 0xEE, 0x38, 0x6C, 0x2F, 0xBB, 0xDD, 0x93, 0x9B, 0x7D, 0x6C, 0x8F, 0x9B,
    0xEC, 0xD9, 0x0A, 0x77, 0x21, 0xF4, 0x47, 0x22, 0xF6, 0x55, 0xAA, 0xE0, 0x05, 0xBA, 0x45, 0x73,
    0xC2, 0x63, 0x74, 0x98, 0x38, 0x73, 0xB0, 0x9C, 0xA6, 0xDD, 0xC2, 0x70, 0x2B, 0xF5, 0xB2, 0x40,
    0x99, 0x56, 0x96, 0xC3, 0xE8, 0xB2, 0xC7, 0x28, 0x43, 0x11, 0xC3, 0xF5, 0xB1, 0xB6, 0xBD, 0x48,
    0x96, 0x3D, 0xE7, 0x03, 0xD5, 0x40, 0xDD, 0x51, 0x55, 0x74, 0xE5, 0xBB, 0x5E, 0x07, 0xD9, 0x44,
    0x3B, 0x86, 0x83, 0x00, 0x06, 0x12, 0x4B, 0x36, 0x93, 0x9B, 0xCB, 0x6B, 0xA8, 0x89, 0xB5, 0xC1,
    0x81, 0x3D, 0xDD, 0x94, 0x60, 0x42, 0x7A, 0x59, 0xC6, 0x36, 0xEF, 0xFA, 0x2D, 0x5D, 0xC7, 0x56,
    0x74, 0x83, 0xD7, 0x7F, 0x9D, 0xF3, 0x60, 0x8A, 0x1F, 0xDB, 0x4A, 0xE6, 0xA2, 0xDA, 0x53, 0xCB,
    0x74, 0xF7, 0x92, 0xA5, 0x0C, 0x4E, 0xFA, 0x3A, 0x5D, 0xDB, 0x22, 0xCC, 0x4D, 0xEA, 0x06, 0x86,
    0x3D, 0x9D, 0xA7, 0x3A, 0x46, 0x39, 0x2F, 0x8F, 0xA7, 0x3B, 0x80, 0xC0, 0x93, 0x3A, 0xD4, 0xCC,
    0xAE, 0x6F, 0x0E, 0x94, 0xF7, 0x89, 0xBD, 0x04, 0x80, 0x58, 0xBA, 0x2D, 0x7B, 0xDD, 0x72, 0xF5,
    0x79, 0xAA, 0xFD, 0xE0, 0x35, 0x92, 0x95, 0xF2, 0xCB, 0x7C, 0x65, 0x37, 0x71, 0x81, 0x68, 0xC4,
    0x16, 0x8F, 0xF8, 0x25, 0x7A, 0xD9, 0xC2, 0xA7, 0x47, 0x6C, 0xC1, 0x1D, 0x64, 0x3E, 0x94, 0x87,
    0x51, 0xB2, 0x0F, 0xF2, 0x26, 0x5A, 0xEC, 0xB3, 0xC7, 0x8C, 0x3D, 0x12, 0x3D, 0x3B, 0xB0, 0x0B,
    0xFD, 0x2D, 0x6D, 0xC8, 0x26, 0xC1, 0xE5, 0xF1, 0xD4, 0xE0, 0xE3, 0x79, 0x18, 0x01, 0x00, 0xC4,
    0xA0, 0x15, 0x0D, 0xC9, 0xF8, 0x25, 0x50, 0xC6, 0x2B, 0x5D, 0xDB, 0x33, 0x71, 0xC6, 0x0B, 0x53,
    0x06, 0x6A, 0x64, 0x27, 0xBE, 0x60, 0x93, 0x84, 0x83, 0xEA, 0xAB, 0x7C, 0xAE, 0x72, 0xB3, 0xD5,
    0xA6, 0xCA, 0x4C, 0xA7, 0xDB, 0xA8, 0xB9, 0xA2, 0xDB, 0x18, 0xED, 0xAB, 0x98, 0x59, 0xCB, 0xA8,
    0x34, 0x84, 0x03, 0xBA, 0xDD, 0x7D, 0xEE, 0x62, 0x35, 0x62, 0x65, 0x20, 0xB4, 0x2F, 0x01, 0xA5,
    0x04, 0x91, 0xD9, 0x3D, 0x90, 0xCD, 0x80, 0xB2, 0xC4, 0x0E, 0x84, 0x72, 0x00, 0xAA, 0x1A, 0xE8,
    0x4A, 0x40, 0xBA, 0x0A, 0xAC, 0xEE, 0x49, 0x6D, 0x7E, 0xDC, 0x59, 0xBC, 0xF7, 0xD4, 0xA2, 0x42,
    0x70, 0xE8, 0x10, 0x3C, 0x05, 0x0C, 0xD4, 0x50, 0x89, 0xD0, 0x88, 0x4D, 0xC1, 0x18, 0x7A, 0x24,
    0x86, 0x4F, 0x0E, 0x78, 0x1A, 0x61, 0x29, 0xAC, 0xE5, 0x7D, 0x10, 0xBF, 0x15, 0x2E, 0x78, 0x76,
    0x42, 0xDD, 0xFF, 0x07, 0x93, 0x31, 0xC6, 0xC6, 0x70, 0x1F, 0xA4, 0x4B, 0x93, 0x10, 0xE6, 0xDC,
    0x25, 0x93, 0x36, 0x50, 0x02, 0x35, 0x70, 0x0E, 0x74, 0xC0, 0x10, 0x7F, 0x46, 0x46, 0x7F, 0x03,
    0x14, 0x3D, 0x28, 0x97, 0xDC, 0x3F, 0x8E, 0xA3, 0x58, 0xDB, 0x71, 0x3D, 0xAD, 0x63, 0xC4, 0x53,
    0x18, 0x4F, 0x3E, 0x7B, 0x32, 0xEB, 0x49, 0x8E, 0x74, 0x1E, 0x84, 0xC9, 0x91, 0x36, 0xFA, 0x63,
    0x5C, 0xF2, 0xE2, 0x3A, 0x3C, 0x97, 0xE3, 0x05, 0x1E, 0xAE, 0x42, 0x36, 0x21, 0xF0, 0xF0, 0x8C,
    0xFF, 0x20, 0x78, 0xCE, 0x90, 0x59, 0xE0, 0xE1, 0x3A, 0x9C, 0x76, 0x6B, 0x65, 0xB7, 0xBF, 0x7C,
    0xFE, 0x6E, 0x13, 0x7B, 0x64, 0x2D, 0x6C, 0x84, 0x85, 0x49, 0xAC, 0xEC, 0xD6, 0x1E, 0xC7, 0x51,
    0x84, 0xFB, 0x9E, 0x6C, 0x7A, 0x1E, 0x43, 0x08, 0x91, 0x62, 0x7F, 0x37, 0x9F, 0x7E, 0xC0, 0xBD,
    0x10, 0x12, 0x7B, 0x27, 0xB7, 0x63, 0x30, 0x67, 0x2B, 0x9E, 0xB2, 0xF5, 0x5C, 0xE0, 0x53, 0x87,
    0x57, 0x13, 0xBE, 0x6C, 0xF1, 0x17, 0xF0, 0xAD, 0x83, 0x30, 0x09, 0x9D, 0xD8, 0x07, 0xF0, 0x3B,
    0xF1, 0x17, 0x12, 0xCF, 0x24, 0x8F, 0xE5, 0xB2, 0x53, 0x8A, 0xDE, 0xA3, 0x26, 0x0F, 0x2F, 0x8C,
    0xCB, 0x2B, 0xD2, 0x2D, 0xA9, 0xD5, 0x86, 0xCC, 0x4A, 0x4D, 0x65, 0x6F, 0x7E, 0xCC, 0xCB, 0x76,
    0x73, 0x87, 0xB7, 0xED, 0xE6, 0x2D, 0xEE, 0x3C, 0xB8, 0xFD, 0x3A, 0x3F, 0x7B, 0x50, 0x7D, 0x9F,
    0x79, 0x5F, 0x29, 0xA6, 0x7D, 0x95, 0xBD, 0x67, 0x44, 0x3D, 0xEC, 0xF7, 0x55, 0xF2, 0x47, 0xBA,
    0x2D, 0x8F, 0x44, 0x71, 0x21, 0x8A, 0x8E, 0xAE, 0x83, 0x4B, 0x75, 0xEC, 0x8C, 0x83, 0x30, 0xB4,
    0x42, 0x93, 0xD8, 0x27, 0x56, 0x3A, 0xC5, 0x0B, 0x2B, 0x61, 0x21, 0x54, 0x9F, 0x5A, 0x9F, 0xFD,
    0xD9, 0xFA, 0xE4, 0x6B, 0x2B, 0x7B, 0x16, 0x36, 0x42, 0x2D, 0x54, 0xF6, 0xD4, 0x69, 0xC8, 0x99,
    0x10, 0x5B, 0x32, 0x77, 0x37, 0x16, 0xB4, 0xE1, 0x1E, 0x25, 0x82, 0x1A, 0x74, 0xDF, 0x21, 0x1E,
    0x51, 0xCA, 0x0C, 0x88, 0x8A, 0x56, 0xF4, 0xC5, 0x68, 0xCC, 0x8B, 0x23, 0xE2, 0xD8, 0x58, 0x25,
    0xD6, 0x1B, 0xD7, 0x96, 0x10, 0xDC, 0x95, 0x7F, 0x62, 0x85, 0x50, 0xB7, 0xF1, 0x27, 0x4D, 0xF4,
    0x87, 0xE0, 0x09, 0x92, 0xE7, 0xE1, 0x5A, 0xFE, 0x3F, 0x16, 0x76, 0x2A, 0x7D, 0x0E, 0xF1, 0x8B,
    0x0A, 0x2A, 0x3A, 0x7F, 0x72, 0xCD, 0x47, 0xA1, 0xB8, 0x64, 0x29, 0xBE, 0x0B, 0x24, 0x26, 0x34,
    0xC4, 0x96, 0xC9, 0x2C, 0x3E, 0xCA, 0xF9, 0x65, 0xAE, 0x3E, 0xB6, 0x85, 0x91, 0x0F, 0x26, 0x2A,
    0xAC, 0x14, 0xFD, 0x0F, 0x28, 0x01, 0xA1, 0xD8, 0xA0, 0x2C, 0x24, 0x2B, 0x50, 0x4C, 0x90, 0x2E,
    0xC0, 0x0E, 0x28, 0x5A, 0x64, 0x1C, 0xF2, 0xF3, 0x87, 0xF2, 0xDE, 0x84, 0x03, 0x37, 0xC2, 0xCC,
    0x28, 0x4B, 0x3D, 0x12, 0xDD, 0xF2, 0xBF, 0xD2, 0x91, 0x9B, 0x17, 0xA5, 0x17, 0x0E, 0x28, 0x73,
    0x8E, 0xEE, 0x9B, 0x76, 0x87, 0x0E, 0x0B, 0xC9, 0x38, 0x31, 0x40, 0x49, 0x05, 0x35, 0x0D, 0x9C,
    0x8B, 0xCD, 0x20, 0x19, 0x78, 0xB4, 0xF4, 0x19, 0xF9, 0x94, 0xCD, 0x64, 0x73, 0x36, 0x91, 0x5A,
    0x65, 0xC0, 0x49, 0x88, 0xA5, 0x40, 0x52, 0x6B, 0xA0, 0xAE, 0x80, 0x62, 0x01, 0xB4, 0x83, 0xB8,
    0x7F, 0xC9, 0x86, 0x0A, 0xC0, 0xD5, 0x00, 0xB6, 0x46, 0x49, 0xA5, 0xE3, 0x2D, 0xA5, 0xB6, 0x40,
    0xCF, 0xD9, 0xAC, 0xDB, 0xD2, 0x66, 0x93, 0xEE, 0x2B, 0x9B, 0x19, 0xDD, 0x6F, 0xF7, 0xB9, 0x51,
    0x66, 0xDF, 0xA9, 0x5E, 0x16, 0xBA, 0xD5, 0x6D, 0xF6, 0x7B, 0xBB, 0xD1, 0x64, 0x5F, 0xCC, 0x45,
    0x41, 0xFA, 0x0F, 0xA3, 0x7F, 0x0A, 0x4F, 0x7A, 0x75, 0x80, 0xD0, 0x66, 0x0B, 0x8C, 0xA4, 0xA2,
    0x6B, 0x12, 0x47, 0x43, 0xE2, 0x75, 0x9F, 0xD9, 0x7C, 0x52, 0x26, 0xB3, 0x45, 0x8B, 0x3F, 0x6E,
    0x61, 0x80, 0xD2, 0x21, 0x13, 0x81, 0x9A, 0xA0, 0xB0, 0x50, 0x2F, 0xB0, 0xD4, 0xA4, 0x92, 0x73,
    0xCC, 0xD5, 0x26, 0x9B, 0x4B, 0x12, 0x57, 0xC3, 0x72, 0x81, 0x8C, 0xBA, 0x8C, 0xE8, 0x18, 0x29,
    0xE4, 0xED, 0x18, 0x19, 0xE0, 0x9E, 0x83, 0x72, 0x06, 0x6D, 0x40, 0xF5, 0xCF, 0x65, 0x19, 0x82,
    0x39, 0x92, 0xD8, 0x04, 0x35, 0xB0, 0x20, 0x45, 0x20, 0x9F, 0x40, 0xF7, 0xD0, 0x00, 0x03, 0x24,
    0x0E, 0x32, 0x0B, 0xCA, 0x9C, 0xDC, 0xC2, 0x10, 0xA6, 0x23, 0x47, 0x3B, 0xDA, 0x3D, 0x2F, 0x2A,
    0xC7, 0xEC, 0x0E, 0xB6, 0x50, 0x43, 0x01, 0x3A, 0xAE, 0x23, 0xFE, 0xD7, 0x48, 0x3A, 0x93, 0x58,
    0x70, 0xB0, 0x87, 0x0E, 0x2A, 0xD8, 0x10, 0x93, 0xDA, 0xE7, 0x25, 0x05, 0x1B, 0x6C, 0xF2, 0xC2,
    0x12, 0x44, 0x38, 0x87, 0x40, 0xF2, 0xA4, 0x8F, 0xBF, 0x80, 0xDB, 0x02, 0x57, 0xD1, 0x75, 0xD4,
    0xB7, 0x78, 0xF9, 0xB4, 0xA3, 0x5B, 0x6C, 0xD1, 0x32, 0x5D, 0xD2, 0x9F, 0xAD, 0x14, 0xC1, 0xBC,
    0x94, 0xDB, 0x38, 0xA7, 0xCD, 0x83, 0x6D, 0x82, 0xBD, 0xC0, 0xFA, 0x08, 0x31, 0xE4, 0x55, 0x85,
    0xF9, 0xC1, 0x33, 0xDF, 0xF3, 0x6F, 0xD7, 0x36, 0x84, 0xF9, 0x90, 0x3A, 0xC7, 0xE0, 0xE8, 0x1C,
    0xD5, 0x09, 0x62, 0x2F, 0x2E, 0x77, 0x32, 0xCD, 0xDD, 0x15, 0x69, 0x63, 0x19, 0x5E, 0xF6, 0x6D,
    0x0D, 0x1D, 0x0C, 0xB0, 0x17, 0x1D, 0xED, 0x1A, 0xCA, 0xFE, 0x15, 0x25, 0xDB, 0x1B, 0x67, 0xB8,
    0x09, 0x9B, 0xAB, 0x48, 0xC2, 0xAF, 0x75, 0x58, 0xCB, 0xF6, 0x5E, 0xC5, 0xA6, 0x63, 0x33, 0xB0,
    0xD9, 0x8B, 0x8E, 0x76, 0xCD, 0xA6, 0xEC, 0x37, 0x2A, 0xAC, 0xC9, 0xF8, 0x38, 0x19, 0x7B, 0xA9,
    0x50, 0xBE, 0xBB, 0x54, 0x54, 0x1D, 0xD5, 0x18, 0x56, 0xC1, 0x95, 0xFA, 0xAF, 0xAA, 0xE0, 0xE5,
    0x93, 0xA0, 0xD6, 0x66, 0x3D, 0xC7, 0xE3, 0x44, 0xC2, 0x21, 0x1C, 0x1C, 0xD7, 0x49, 0x32, 0x7E,
    0xA5, 0xC2, 0xA1, 0xEC, 0xAB, 0x3A, 0x16, 0x1B, 0xA8, 0xF6, 0xA2, 0x23, 0xA4, 0x7C, 0xD9, 0x5E,
    0xE8, 0x70, 0x48, 0xC2, 0x39, 0x54, 0xD0, 0xBD, 0x9A, 0xC4, 0xDF, 0xCF, 0x43, 0xFB, 0xEC, 0xD9,
    0x3C, 0x59, 0x91, 0xDD, 0xFB, 0xDC, 0xBA, 0xC4, 0x3A, 0x5C, 0x84, 0x7F, 0x16, 0x52, 0x14, 0xAA,
    0xAB, 0x0F, 0x4E, 0x04, 0x00, 0xDC, 0x77, 0x88, 0xCD, 0xEC, 0x38, 0x8D, 0xD7, 0x4C, 0xEC, 0xB2,
    0xD9, 0xE9, 0xDE, 0xD5, 0x38, 0xCF, 0x93, 0x99, 0x60, 0x08, 0x96, 0x6F, 0x3C, 0xEE, 0x13, 0x5C,
    0xD9, 0x3A, 0x6D, 0x5C, 0x26, 0x6B, 0x72, 0xB7, 0xA9, 0xBE, 0x53, 0x1A, 0x4A, 0xA3, 0xCC, 0xDD,
    0x55, 0x1D, 0x08, 0xF2, 0xF4, 0x72, 0x9B, 0xCA, 0xB8, 0x74, 0xCE, 0x26, 0xD9, 0x50, 0x36, 0x8B,
    0x4A, 0x5F, 0x44, 0xDD, 0x8D, 0xC7, 0xE0, 0xFE, 0xDB, 0x31, 0xC8, 0x15, 0xA2, 0x82, 0xA3, 0xEC,
    0x2F, 0xA8, 0x69, 0xE8, 0x28, 0x18, 0xD0, 0xED, 0x5E, 0x38, 0x08, 0xE5, 0x3D, 0xFA, 0x25, 0x1E,
    0xF3, 0x24, 0x9F, 0x53, 0x69, 0xE7, 0x58, 0x9E, 0xE9, 0xBE, 0x41, 0xBA, 0x52, 0x7A, 0x53, 0x3A,
    0xD4, 0xC1, 0x55, 0x48, 0xBF, 0x48, 0xD7, 0x48, 0xEF, 0xD4, 0xCF, 0xF4, 0x54, 0xC5, 0x46, 0x7A,
    0x4D, 0x3A, 0x4E, 0xFA, 0xEE, 0xA9, 0x4E, 0xBC, 0xBB, 0x04, 0x99, 0xE3, 0x3A, 0x51, 0x2B, 0x4D,
    0x68, 0x2F, 0x12, 0x3C, 0x0C, 0xD0, 0xDC, 0x47, 0x1D, 0x60, 0xD7, 0xA2, 0x0C, 0x99, 0xF9, 0x91,
    0x32, 0x21, 0xB4, 0x77, 0x1F, 0xF3, 0x36, 0x6C, 0x4F, 0x68, 0x82, 0x40, 0x8C, 0x6B, 0x50, 0x41,
    0x93, 0x50, 0x84, 0xF6, 0xC6, 0xCA, 0x96, 0xEA, 0x5A, 0x54, 0x1C, 0x7B, 0xB3, 0xE8, 0xAB, 0xD8,
    0x89, 0x5F, 0x75, 0x14, 0xC8, 0xCA, 0x11, 0x1F, 0x25, 0x1D, 0xF1, 0xC0, 0x7A, 0x47, 0xFE, 0xA9,
    0x25, 0xFB, 0xC3, 0x8C, 0x7C, 0xA3, 0x49, 0x82, 0x81, 0xD0, 0xC2, 0x0E, 0xA8, 0xA1, 0x13, 0x19,
    0x2A, 0x06, 0x7C, 0xCD, 0x01, 0x57, 0xB2, 0x26, 0xB6, 0x48, 0x1E, 0xA5, 0xB3, 0x7E, 0xEF, 0x4F,
    0xD9, 0xA4, 0x7E, 0xF1, 0xDB, 0xF7, 0x4D, 0xFE, 0xF0, 0xA3, 0x8F, 0x4C, 0xF6, 0xF9, 0xFB, 0xBF,
    0x6B, 0xD3, 0x47, 0xE9, 0x23, 0x92, 0x35, 0x59, 0xE1, 0x20, 0x82, 0x0C, 0xA5, 0x16, 0x29, 0x64,
    0x22, 0x75, 0x9C, 0xE4, 0x2F, 0x13, 0x04, 0x03, 0x23, 0xD0, 0x00, 0xA1, 0x27, 0xFD, 0xE7, 0x44,
    0xFE, 0x99, 0x45, 0xB7, 0x0B, 0x1B, 0x2A, 0x3A, 0x4A, 0x84, 0x15, 0x75, 0x4D, 0x25, 0xA6, 0xDC,
    0xAC, 0xAC, 0x31, 0x37, 0x56, 0xFE, 0x37, 0x91, 0x3F, 0x84, 0x20, 0x6B, 0x1C, 0x7B, 0x9A, 0x96,
    0x06, 0x36, 0xB0, 0x25, 0xF1, 0x8C, 0x96, 0x51, 0x1C, 0xC1, 0x0B, 0x48, 0x2D, 0x6A, 0x92, 0x29,
    0xB9, 0x07, 0x0B, 0xF2, 0x96, 0x4F, 0x68, 0x19, 0x81, 0x24, 0x2C, 0x02, 0x86, 0x6C, 0xC9, 0x27,
    0xD5, 0xAB, 0xF6, 0xDF, 0xA2, 0xD9, 0xB0, 0xB0, 0x52, 0xA2, 0xAF, 0x78, 0x55, 0x9F, 0x4F, 0x99,
    0xE4, 0xEF, 0x9F, 0xF7, 0x78, 0x42, 0x1B, 0xFF, 0x14, 0x72, 0x55, 0xA6, 0xC4, 0x72, 0x48, 0x0E,
    0x99, 0xBD, 0xEA, 0xCD, 0x8D, 0x36, 0xA1, 0x7D, 0x8C, 0x9E, 0xBE, 0xD7, 0x1C, 0x6E, 0x3E, 0xD8,
    0x2D, 0x1F, 0xE7, 0xEE, 0x5F, 0xBD, 0x98, 0x31, 0x6C, 0x1C, 0xC7, 0x15, 0x86, 0xBF, 0xD9, 0x75,
    0xB8, 0x8C, 0x57, 0xD6, 0xA8, 0x50, 0x21, 0x40, 0x22, 0x57, 0x85, 0x4A, 0xF1, 0x56, 0x85, 0x0B,
    0x07, 0xD8, 0xBB, 0x1D, 0x47, 0x85, 0x0B, 0x17, 0x71, 0xDF, 0xC4, 0x45, 0x00, 0x97, 0x4A, 0xA1,
    0x82, 0x01, 0x8E, 0xE2, 0xC6, 0x01, 0xE2, 0xD2, 0xEA, 0x9B, 0xB8, 0xAF, 0x09, 0x84, 0xC5, 0xD1,
    0x37, 0x72, 0x80, 0x34, 0x29, 0xB2, 0x4E, 0x93, 0x2E, 0x59, 0x1B, 0x01, 0x9C, 0x2E, 0x03, 0x64,
    0x92, 0x6C, 0xE2, 0xBB, 0x7B, 0x79, 0x18, 0x58, 0x22, 0x23, 0x4B, 0xB1, 0x69, 0x5A, 0xDE, 0x79,
    0xFF, 0x7F, 0x6F, 0xDE, 0xBC, 0xF7, 0xFF, 0x43, 0xE2, 0xB6, 0xB9, 0x09, 0x2D, 0x13, 0x00, 0x6E,
    0xB0, 0xC3, 0x1E, 0x13, 0x5D, 0xB3, 0xA7, 0x16, 0x0D, 0xA4, 0x30, 0xCB, 0xBE, 0x94, 0xA1, 0x76,
    0x6E, 0x0A, 0x0B, 0x18, 0x49, 0x91, 0xF2, 0x03, 0xA8, 0xBB, 0x2B, 0x56, 0x82, 0x91, 0xE1, 0x49,
    0x3F, 0xF5, 0x88, 0xAC, 0xB3, 0xF8, 0x52, 0x3E, 0x90, 0xF7, 0xE4, 0x9E, 0x14, 0x2C, 0x25, 0x68,
    0xA4, 0x9C, 0x22, 0x45, 0xA9, 0x21, 0x62, 0x45, 0xEE, 0x70, 0xE9, 0x64, 0x79, 0xD8, 0xCA, 0xCA,
    0xBE, 0x1E, 0x27, 0xEC, 0xDF, 0xA6, 0xD1, 0xD0, 0x44, 0xB7, 0x5A, 0x3C, 0x91, 0x43, 0x6D, 0x38,
    0x50, 0xB1, 0x5A, 0x47, 0xAC, 0xB3, 0xCA, 0x33, 0xF2, 0x61, 0x8E, 0x89, 0x11, 0x3E, 0x0C, 0xD0,
    0x7A, 0x54, 0xC6, 0x59, 0x05, 0x16, 0x14, 0x4F, 0xEF, 0x13, 0x8E, 0x1F, 0x3F, 0x3F, 0x01, 0xCE,
    0x6C, 0x8F, 0x33, 0x79, 0x58, 0xC9, 0x30, 0x33, 0x0F, 0x1B, 0x98, 0x41, 0xD5, 0x63, 0x37, 0x4C,
    0xEF, 0xF5, 0xC7, 0x79, 0x08, 0x84, 0x48, 0x78, 0x60, 0x42, 0xFD, 0x59, 0xBF, 0x25, 0x8E, 0xCA,
    0xAB, 0x35, 0xD9, 0xF0, 0x56, 0x31, 0x2C, 0xC5, 0xDF, 0xDB, 0xB0, 0x67, 0x99, 0x55, 0x4E, 0x99,
    0x72, 0xE3, 0x60, 0x29, 0x91, 0x3C, 0x9A, 0x35, 0xB6, 0xA3, 0x62, 0x37, 0xDB, 0x14, 0xBE, 0xB1,
    0x72, 0xD7, 0x37, 0x33, 0x63, 0xFA, 0xFD, 0x06, 0x86, 0xFB, 0xFB, 0x4A, 0x29, 0x4B, 0xB5, 0xA6,
    0x92, 0x5F, 0x78, 0xED, 0x7B, 0xC3, 0xA7, 0x89, 0x34, 0x9B, 0x54, 0x92, 0x5E, 0x39, 0x62, 0x05,
    0x4A, 0x57, 0x88, 0xAB, 0xC5, 0x35, 0x85, 0xD3, 0xD0, 0xA4, 0x14, 0xC7, 0x07, 0xD7, 0x4C, 0x68,
    0xF2, 0x7E, 0xB4, 0xEF, 0x86, 0xBA, 0xE8, 0x67, 0xD6, 0x2B, 0x6B, 0xAE, 0x15, 0xAD, 0xEB, 0xE9,
    0x52, 0x44, 0x03, 0xEC, 0x97, 0xE3, 0x70, 0x75, 0xB8, 0x7A, 0xE6, 0x7D, 0xED, 0x5A, 0xEF, 0x5B,
    0x89, 0xDE, 0x77, 0xA7, 0x78, 0xD4, 0xEF, 0xEF, 0x14, 0x7E, 0xB8, 0x5F, 0x89, 0x1B, 0xF6, 0xAB,
    0x35, 0x43, 0xB3, 0xB3, 0x6B, 0x7A, 0x3D, 0xD0, 0xFB, 0xEE, 0x64, 0x7F, 0x7C, 0xE6, 0x7D, 0x65,
    0x2D, 0xEB, 0x72, 0xA8, 0x57, 0xCD, 0xDE, 0xFD, 0xCB, 0xCD, 0xA4, 0x5E, 0x95, 0x03, 0x0D, 0x67,
    0x23, 0x5D, 0x4A, 0x9E, 0x2A, 0xC2, 0x17, 0xF5, 0xEB, 0xB1, 0x5D, 0xDD, 0xDA, 0xE3, 0x36, 0xAF,
    0x31, 0x14, 0xDD, 0x2B, 0xD4, 0xD2, 0x4A, 0xA5, 0xB5, 0xAB, 0x4D, 0x11, 0x8B, 0x15, 0x13, 0x2E,
    0x5F, 0x99, 0xB4, 0xAB, 0x7A, 0xC8, 0x9D, 0x75, 0xFA, 0x05, 0xE1, 0x6D, 0x22, 0xE3, 0xF3, 0x62,
    0xC5, 0xB8, 0x61, 0x14, 0x19, 0xFF, 0x29, 0x43, 0x84, 0xB3, 0xC1, 0x72, 0xE3, 0x4A, 0x91, 0xAE,
    0x95, 0xA2, 0x5B, 0x2A, 0xE4, 0x0C, 0x74, 0x9F, 0xEA, 0x56, 0x61, 0x96, 0x45, 0x87, 0xFD, 0xFA,
    0x98, 0x7E, 0x38, 0xCD, 0x5D, 0x49, 0xD9, 0xE5, 0x7D, 0xEB, 0x5B, 0x97, 0xFB, 0xDA, 0x2F, 0xFD,
    0x3B, 0x3E, 0x3F, 0xB3, 0xCA, 0x91, 0x56, 0x58, 0x94, 0x5D, 0xC8, 0x7D, 0x48, 0x31, 0x2F, 0xD5,
    0x0F, 0xAD, 0xFF, 0xF4, 0x06, 0xC7, 0x15, 0x53, 0xDB, 0x55, 0x79, 0x6F, 0x3F, 0x0A, 0x45, 0x3F,
    0x2A, 0x6B, 0xAE, 0x15, 0xAD, 0xEB, 0x69, 0xEE, 0x01, 0x6A, 0xCF, 0x04, 0x96, 0x9E, 0x06, 0xDE,
    0xF1, 0x44, 0xB4, 0x6E, 0x02, 0xCA, 0x79, 0x8F, 0x72, 0xD1, 0xA1, 0x6C, 0x41, 0x79, 0x42, 0xA3,
    0xDC, 0xB0, 0x02, 0x62, 0xAE, 0x6C, 0x42, 0x79, 0x1B, 0x2D, 0xED, 0x28, 0x97, 0xDD, 0x6B, 0xCA,
    0x96, 0x43, 0x71, 0x4C, 0x58, 0x2A, 0x37, 0xA0, 0x95, 0xA8, 0x9C, 0xBC, 0xA8, 0xD5, 0x44, 0x9D,
    0x38, 0x52, 0x23, 0x13, 0x92, 0x43, 0x32, 0x48, 0xFA, 0x49, 0x5E, 0xA9, 0xA9, 0x86, 0xDC, 0x1F,
    0xB5, 0x2B, 0xD5, 0xBE, 0xA5, 0x6E, 0xBD, 0x0E, 0x6B, 0xC7, 0x7D, 0x2C, 0x66, 0x60, 0x42, 0xA1,
    0xB2, 0xEC, 0x40, 0xA4, 0xDD, 0x98, 0xA0, 0x54, 0x45, 0x00, 0xED, 0x57, 0x8B, 0xAB, 0x0D, 0xD6,
    0x51, 0x44, 0x2A, 0x28, 0x56, 0x34, 0xC0, 0x84, 0x63, 0xE0, 0x32, 0x01, 0xAE, 0x4C, 0xB2, 0x1E,
    0xED, 0x2C, 0xD4, 0xAD, 0x1E, 0xAC, 0x6B, 0x81, 0x0A, 0x01, 0x9A, 0xEC, 0x77, 0xC0, 0x71, 0xF1,
    0x26, 0x10, 0x2E, 0x97, 0x90, 0xF5, 0x95, 0xF4, 0x14, 0xBE, 0x56, 0x56, 0xC5, 0x12, 0x76, 0x51,
    0x66, 0x0E, 0xEB, 0xC4, 0x00, 0xD0, 0xA4, 0x38, 0x86, 0x40, 0x3E, 0x60, 0x3B, 0x6A, 0x98, 0xC2,
    0x3C, 0x71, 0xFB, 0x7A, 0xA7, 0x22, 0x99, 0x38, 0x2E, 0x91, 0x9C, 0x40, 0x15, 0x81, 0x6C, 0x00,
    0x78, 0xC8, 0xD9, 0x47, 0xC7, 0xA1, 0x0C, 0x80, 0x1D, 0x81, 0x7A, 0x01, 0x4C, 0x67, 0xC0, 0xBC,
    0x06, 0x46, 0xEB, 0x20, 0xA8, 0x7E, 0x16, 0x54, 0x21, 0xEF, 0xB5, 0xBB, 0xF0, 0x59, 0xA0, 0x14,
    0x89, 0x58, 0x91, 0x91, 0x0A, 0x16, 0xCC, 0x60, 0x9A, 0x9C, 0x35, 0x4F, 0x7E, 0xD7, 0x00, 0xE6,
    0x00, 0x01, 0xC8, 0x93, 0xB9, 0xFB, 0x0E, 0x7C, 0xBB, 0xC7, 0xCA, 0xF6, 0x3E, 0xD0, 0xEC, 0x01,
    0xB7, 0xB6, 0x5F, 0xBC, 0x6F, 0xF5, 0x06, 0x70, 0x28, 0xC0, 0xDB, 0x5A, 0x00, 0x5E, 0xBC, 0x65,
    0xB3, 0x0B, 0x9C, 0xB4, 0xA4, 0xEC, 0x85, 0xBB, 0x15, 0x03, 0xF0, 0xCA, 0xAB, 0xC0, 0x8D, 0x1B,
    0x68, 0xF6, 0x5A, 0xF2, 0x78, 0x86, 0xD1, 0xF4, 0x82, 0x46, 0xE8, 0x79, 0x80, 0x2A, 0xF1, 0x2C,
    0x02, 0xAC, 0x94, 0x31, 0x41, 0x59, 0x65, 0x94, 0x29, 0xBD, 0x32, 0x95, 0x13, 0xF1, 0xCC, 0x50,
    0x66, 0x41, 0x04, 0x85, 0x72, 0xA6, 0xFA, 0x50, 0x24, 0xB6, 0x1E, 0xE5, 0x0A, 0x65, 0x66, 0xA0,
    0xB5, 0x45, 0x62, 0xAE, 0x6F, 0x9C, 0x11, 0x19, 0x8A, 0x68, 0x7A, 0xED, 0xA1, 0x26, 0x9D, 0x73,
    0x00, 0xCC, 0x81, 0x45, 0xFA, 0x4C, 0x48, 0xF5, 0x16, 0xA8, 0x3A, 0x28, 0xA3, 0x79, 0x68, 0x74,
    0x8E, 0x6A, 0xE3, 0xC8, 0x3B, 0xC8, 0x3D, 0x64, 0x01, 0x8C, 0xA2, 0x1E, 0x52, 0x93, 0xF1, 0x64,
    0x03, 0x1C, 0xC1, 0x14, 0xB6, 0x01, 0x00, 0x91, 0x51, 0x63, 0x84, 0xB3, 0x21, 0x12, 0x34, 0x46,
    0xF8, 0x52, 0x7D, 0xAD, 0x41, 0xEE, 0x28, 0x3B, 0x76, 0x61, 0x0E, 0x77, 0x2E, 0xA0, 0x73, 0x13,
    0x46, 0xF2, 0x3F, 0x51, 0x16, 0xEE, 0x7B, 0x99, 0xFB, 0xC6, 0x3A, 0xB6, 0xE8, 0xAA, 0x37, 0xBD,
    0xF2, 0x37, 0x56, 0xB8, 0x45, 0x43, 0x45, 0xD1, 0xA5, 0x4B, 0x60, 0xBB, 0xAF, 0x5A, 0xA6, 0x2B,
    0xBC, 0xA5, 0xE1, 0x16, 0x00, 0xB3, 0xAF, 0x5C, 0x74, 0xF9, 0x60, 0xF7, 0x6F, 0xEF, 0x5C, 0xDD,
    0x06, 0xC8, 0x87, 0xAF, 0x5A, 0xCD, 0x2E, 0x07, 0x35, 0xCA, 0x40, 0x1A, 0x38, 0x77, 0x6C, 0xC9,
    0xBF, 0xA1, 0x14, 0xE9, 0x29, 0xFD, 0xF5, 0xA8, 0xC4, 0x5A, 0x89, 0x56, 0x89, 0x4A, 0x09, 0xDB,
    0x2D, 0xE5, 0x31, 0xE9, 0xF6, 0x94, 0xAA, 0xD4, 0xF7, 0x78, 0xA2, 0x8C, 0x49, 0x25, 0xE9, 0xC1,
    0xC9, 0x0D, 0x32, 0x59, 0x91, 0xFD, 0x72, 0xE0, 0xEC, 0x33, 0x62, 0xC2, 0x5A, 0x21, 0x4E, 0xE1,
    0x4D, 0xF8, 0x3C, 0x98, 0x30, 0x8E, 0x8A, 0xA9, 0xA2, 0x52, 0x94, 0x8F, 0xC2, 0x98, 0x7F, 0x12,
    0x46, 0xF3, 0x8F, 0x30, 0x72, 0xA2, 0x68, 0x15, 0x56, 0x51, 0x2A, 0x72, 0x85, 0x09, 0xBC, 0x0C,
    0x60, 0x1D, 0x90, 0x7B, 0x80, 0x00, 0x70, 0x93, 0xB3, 0xCF, 0xF5, 0x0D, 0xA4, 0x2F, 0x79, 0x11,
    0xB7, 0x56, 0x58, 0xCF, 0x03, 0x6A, 0x34, 0x66, 0x60, 0xBB, 0x39, 0x5A, 0x51, 0x2A, 0xFD, 0x02,
    0xA5, 0x94, 0xA5, 0x5A, 0x3A, 0x4D, 0x7D, 0x69, 0x22, 0xCD, 0x26, 0x95, 0xA4, 0x07, 0x97, 0x00,
    0xA6, 0x00, 0x47, 0x40, 0x36, 0x00, 0xA6, 0xFB, 0x0E, 0x7C, 0x3B, 0x20, 0x0B, 0x40, 0x31, 0x07,
    0x76, 0x2D, 0xB0, 0xBD, 0xF5, 0xE2, 0x7D, 0xED, 0xBB, 0x0E, 0x5A, 0x51, 0x7A, 0xF5, 0x00, 0x80,
    0x17, 0x6F, 0xB9, 0x67, 0x81, 0xB6, 0xEA, 0x52, 0xF6, 0xC2, 0xDD, 0xE0, 0xC8, 0x0C, 0x07, 0x45,
    0x5F, 0xFD, 0xD8, 0x15, 0x6B, 0xB2, 0x11, 0x65, 0xCD, 0xB5, 0xA2, 0x75, 0x00, 0xD8, 0x42, 0x5B,
    0xAD, 0xD3, 0xA1, 0xCD, 0x63, 0x6B, 0xB3, 0xA1, 0x26, 0x17, 0x66, 0xD8, 0xF7, 0xD5, 0x7A, 0xA6,
    0xD6, 0x2C, 0xD4, 0x3A, 0x0B, 0xEA, 0x5A, 0x78, 0x25, 0xEB, 0xD4, 0x7A, 0x86, 0x5A, 0x8F, 0xA8,
    0x75, 0x50, 0xEB, 0x32, 0xCD, 0xAA, 0x35, 0x13, 0xB5, 0x66, 0x1B, 0x80, 0x87, 0x40, 0x04, 0x1A,
    0xC0, 0x26, 0xB3, 0x27, 0x4F, 0xA4, 0xF0, 0x5F, 0x17, 0xA3, 0x62, 0x41, 0xE9, 0x0F, 0xD4, 0xB1,
    0x75, 0x87, 0x58, 0x59, 0x61, 0x96, 0x3D, 0x98, 0x0E, 0x72, 0x0F, 0xD6, 0xC1, 0x1E, 0x70, 0xED,
    0x5B, 0xD6, 0xDF, 0x06, 0x6A, 0xE0, 0xD7, 0x1E, 0xD3, 0x0F, 0x6A, 0xF7, 0xD6, 0xB7, 0xAA, 0x9F,
    0xF5, 0x81, 0xFC, 0x93, 0x98, 0x3E, 0xBF, 0x4D, 0x5D, 0x78, 0x1B, 0x08, 0xA7, 0xFF, 0x9B, 0xEF,
    0xF3, 0xE4, 0x39, 0x81, 0xB1, 0x25, 0x0B, 0x95, 0x2B, 0x7A, 0xEB, 0xAD, 0xCF, 0x87, 0x4A, 0x77,
    0x33, 0x58, 0x2D, 0xE0, 0x41, 0x84, 0x7A, 0x00, 0xEB, 0xA1, 0xEC, 0x9E, 0x8B, 0x11, 0x9E, 0x40,
    0x36, 0x0E, 0x91, 0xC8, 0x68, 0xD6, 0x8C, 0xB4, 0x8A, 0x4A, 0x61, 0x5D, 0xFA, 0xA4, 0x4D, 0x75,
    0x91, 0x31, 0xF5, 0x9D, 0x9D, 0xDB, 0xD2, 0x7D, 0x2D, 0x03, 0x0F, 0xB2, 0xC0, 0x82, 0x48, 0x5A,
    0x26, 0x10, 0xF3, 0x9E, 0x68, 0x1D, 0x71, 0x02, 0x71, 0xAA, 0x68, 0x35, 0xAF, 0xF5, 0xAC, 0xD8,
    0x10, 0x39, 0x54, 0xD8, 0x2E, 0xE1, 0xAD, 0xCA, 0xC5, 0xA5, 0x10, 0xEF, 0x45, 0x32, 0x87, 0x4E,
    0x11, 0x60, 0x0E, 0xD7, 0x4E, 0x5F, 0xA8, 0x4A, 0xFC, 0x4B, 0x45, 0x40, 0x55, 0x09, 0x85, 0x84,
    0x56, 0xC2, 0x09, 0x61, 0x4C, 0xA1, 0x89, 0x6E, 0x4B, 0x19, 0xD8, 0x02, 0x0B, 0x53, 0x38, 0x82,
    0x0F, 0xCE, 0x39, 0x7B, 0x13, 0x16, 0x64, 0x7F, 0xA6, 0xBC, 0xDB, 0x6D, 0x19, 0x77, 0xAE, 0xD9,
    0x7C, 0xE8, 0xAD, 0xF8, 0x4B, 0xB5, 0x83, 0xF3, 0x99, 0x96, 0x77, 0xBD, 0x7D, 0xAF, 0x57, 0x3E,
    0xD7, 0x14, 0x0B, 0xF2, 0xF7, 0xC8, 0xEF, 0x2A, 0xC3, 0xE2, 0x7C, 0x8E, 0xD7, 0x37, 0x66, 0xE3,
    0x2A, 0xF9, 0xBD, 0x0C, 0x2F, 0x15, 0x92, 0x45, 0xCC, 0x8A, 0x63, 0x88, 0xCC, 0x0B, 0x11, 0x59,
    0xB5, 0xA2, 0x74, 0x42, 0x84, 0x51, 0x97, 0xC6, 0x02, 0x4E, 0x8C, 0xB8, 0x2B, 0x7A, 0xA0, 0xE3,
    0x9B, 0x1F, 0xCA, 0xF0, 0xC5, 0xAF, 0x3A, 0x9D, 0x9B, 0xC1, 0x3C, 0xD9, 0x1F, 0x27, 0xD6, 0x7C,
    0x96, 0x7E, 0xD5, 0x29, 0x25, 0x98, 0xE5, 0x40, 0x03, 0x53, 0xA8, 0xC0, 0x62, 0x44, 0x6D, 0xC0,
    0x63, 0x42, 0xEA, 0xDE, 0x3B, 0xFD, 0x12, 0x9B, 0x65, 0xA7, 0xFD, 0xF5, 0xEB, 0xAB, 0x29, 0xD3,
    0x39, 0xD3, 0xA5, 0x6C, 0x34, 0xCE, 0xA8, 0x5D, 0x2D, 0x65, 0x34, 0xCB, 0xBF, 0x90, 0x39, 0xCA,
    0x8E, 0x0A, 0x1A, 0xB8, 0x73, 0xCE, 0xD9, 0x6B, 0x30, 0x85, 0xCF, 0x5C, 0xFE, 0x91, 0xCF, 0xE8,
    0xCE, 0x35, 0x5B, 0xFC, 0x7C, 0x28, 0x7F, 0x13, 0x94, 0xCF, 0x35, 0x75, 0x47, 0x0B, 0xBB, 0x94,
    0x2E, 0x73, 0x00, 0xD6, 0x3D, 0x6F, 0x65, 0xAE, 0xEC, 0x2A, 0x1A, 0x6E, 0x02, 0x30, 0x7D, 0xEE,
    0x32, 0x5D, 0xDE, 0xDB, 0xFB, 0xCD, 0xDE, 0xCD, 0x6D, 0x80, 0xBC, 0x7F, 0xDE, 0xDA, 0xDF, 0x5D,
    0xB4, 0xFB, 0xBB, 0xFF, 0xBF, 0x87, 0x97, 0x81, 0xEA, 0xB7, 0x1D, 0x85, 0x74, 0xD4, 0x23, 0xFC,
    0x60, 0x9E, 0xBC, 0xA1, 0x26, 0x93, 0x5F, 0x61, 0x45, 0x68, 0xDD, 0xA1, 0x3B, 0xC0, 0xBA, 0x85,
    0xE2, 0x18, 0xCB, 0x82, 0x4A, 0x51, 0xA7, 0xBB, 0xE8, 0x1F, 0x8F, 0x95, 0x80, 0x11, 0x95, 0xF8,
    0xD8, 0x57, 0xE2, 0xAF, 0xD5, 0x3C, 0x79, 0xEE, 0x6D, 0x10, 0xE9, 0x63, 0x11, 0xA2, 0x09, 0x91,
    0x98, 0x62, 0xFC, 0x72, 0xF0, 0x10, 0x08, 0xC0, 0x1C, 0xD8, 0xE5, 0xF4, 0xEB, 0x40, 0xFA, 0x1F,
    0x53, 0x4A, 0xA4, 0xEE, 0x4E, 0x98, 0xD1, 0x32, 0x4F, 0xE6, 0xE9, 0x22, 0xE9, 0x42, 0xBA, 0x4F,
    0x75, 0x3D, 0x4F, 0x7D, 0xDA, 0x0F, 0x46, 0x51, 0x78, 0xB0, 0x40, 0x03, 0xDC, 0xBA, 0xA0, 0xDE,
    0x36, 0x30, 0x03, 0xFE, 0xD5, 0x91, 0x3D, 0xEA, 0x31, 0xAE, 0xBB, 0x90, 0x9E, 0x89, 0x77, 0x28,
    0x24, 0x50, 0x94, 0x1E, 0xE0, 0x42, 0x5A, 0xF9, 0xA3, 0x81, 0xE2, 0x0F, 0x21, 0x7D, 0x5E, 0x44,
    0x87, 0x06, 0x1E, 0x24, 0xE6, 0xF4, 0x57, 0x34, 0x00, 0xCE, 0x1E, 0x6D, 0x69, 0xEF, 0xFB, 0x3A,
    0xB3, 0xD6, 0xD9, 0x15, 0x33, 0x84, 0x79, 0xFE, 0x37, 0x16, 0xF6, 0x47, 0xEE, 0x78, 0x4F, 0xB5,
    0x8F, 0xAD, 0x3B, 0x08, 0x15, 0xAD, 0x6F, 0xA9, 0x54, 0xBB, 0x96, 0xC8, 0xCF, 0x54, 0xFB, 0x26,
    0x60, 0x9E, 0xF5, 0xBA, 0x37, 0x4C, 0x9F, 0x19, 0x53, 0xA6, 0x33, 0xA6, 0x55, 0x37, 0xB5, 0xB2,
    0x36, 0xF2, 0xD7, 0xA7, 0x5F, 0xF7, 0x73, 0xCD, 0x5E, 0x83, 0x83, 0xD3, 0xD7, 0xFD, 0x5C, 0xB3,
    0xC5, 0xBB, 0xBD, 0xBE, 0xEE, 0xCA, 0xE7, 0x73, 0x34, 0x1D, 0xB9, 0xC7, 0xC2, 0xDE, 0xE9, 0x37,
    0x6F, 0x4E, 0x3D, 0x65, 0xA6, 0x6D, 0x35, 0x73, 0xEB, 0x8E, 0x6D, 0x17, 0x0B, 0x1F, 0xF2, 0x8F,
    0x43, 0xF6, 0x69, 0xCF, 0xDF, 0x3D, 0xCB, 0x8E, 0xD6, 0xD1, 0xC2, 0x04, 0x1A, 0xCC, 0xC8, 0x32,
    0xB0, 0x74, 0x1C, 0x41, 0xFC, 0xDF, 0xF8, 0x3C, 0xBD, 0x51, 0x63, 0x11, 0x23, 0xAB, 0xC8, 0x3C,
    0x32, 0x7D, 0x1C, 0x9A, 0x2F, 0xD6, 0x59, 0x14, 0x19, 0xFE, 0xB3, 0x71, 0x4F, 0x4D, 0xE5, 0x3E,
    0x14, 0x9F, 0x46, 0xE5, 0x8B, 0x5C, 0xE6, 0xBF, 0xB5, 0x9A, 0x3F, 0x6C, 0x1C, 0xC7, 0x77, 0xC7,
    0x3F, 0xBB, 0x1B, 0x73, 0x25, 0x8F, 0x7E, 0x9A, 0x14, 0x2A, 0x14, 0x08, 0xD2, 0xB2, 0x70, 0x91,
    0x00, 0x22, 0xD7, 0x85, 0x0A, 0x25, 0xB8, 0xBD, 0x9D, 0x44, 0x85, 0x5B, 0xF7, 0x95, 0xFA, 0x22,
    0x76, 0x21, 0x20, 0x4A, 0x70, 0x22, 0x27, 0x70, 0xE1, 0x96, 0x7D, 0xE5, 0xF4, 0x40, 0xE0, 0x42,
    0x80, 0x59, 0x1C, 0x75, 0x13, 0xBB, 0x4C, 0x91, 0x95, 0xDB, 0x20, 0xF1, 0xDA, 0x30, 0x10, 0x77,
    0x1E, 0xC0, 0x63, 0x67, 0x64, 0xDF, 0xDD, 0x64, 0x06, 0xE4, 0x86, 0x07, 0x51, 0xA4, 0x78, 0xD2,
    0x69, 0xE6, 0xFB, 0x7D, 0xFB, 0x6F, 0xDE, 0x7B, 0xDF, 0x79, 0x0B, 0xEE, 0xCE, 0xAD, 0xC4, 0x7E,
    0x80, 0x64, 0xCE, 0xB4, 0xA2, 0x07, 0x84, 0x05, 0xA4, 0x07, 0xEA, 0x29, 0xD0, 0x8C, 0x81, 0x49,
    0x0D, 0x78, 0xA9, 0xC0, 0x4A, 0x4D, 0x6E, 0x4B, 0x43, 0xD1, 0x15, 0x3D, 0xA5, 0xC9, 0x2D, 0x22,
    0x04, 0x87, 0x0C, 0xC1, 0x53, 0xC1, 0x94, 0x31, 0x34, 0x34, 0xD0, 0x32, 0x85, 0x0A, 0x19, 0x4C,
    0x04, 0x43, 0xBB, 0xB5, 0xA4, 0x0A, 0xE6, 0xCF, 0x4A, 0x4B, 0x66, 0xC1, 0x96, 0xC1, 0xB6, 0xC1,
    0x1E, 0x61, 0x3D, 0x09, 0x47, 0xA4, 0x43, 0x11, 0x7A, 0xEE, 0x5F, 0x07, 0x46, 0x3B, 0x40, 0x35,
    0x07, 0xCA, 0xFE, 0x9D, 0x0B, 0x15, 0xB9, 0x11, 0x1F, 0xE9, 0x22, 0xC0, 0x62, 0x3D, 0xAD, 0xEF,
    0x44, 0x0D, 0xB0, 0x0B, 0xF0, 0x18, 0xC0, 0x01, 0x04, 0x05, 0xB4, 0xEA, 0x72, 0xA2, 0x2C, 0x85,
    0x41, 0x2A, 0x24, 0x48, 0x4B, 0x69, 0xE1, 0x03, 0xE0, 0x90, 0xE4, 0x94, 0x2E, 0x91, 0xC3, 0xCA,
    0x3D, 0x51, 0x59, 0x08, 0x7D, 0xE9, 0xB2, 0x4E, 0x1A, 0xA8, 0x81, 0x31, 0xF0, 0x04, 0x98, 0x00,
    0xD3, 0x93, 0x6D, 0xE2, 0x18, 0x68, 0x81, 0x4A, 0x83, 0x70, 0xD9, 0x41, 0xF2, 0xA3, 0x5A, 0x2A,
    0x72, 0x85, 0xD0, 0x54, 0x30, 0x82, 0x6D, 0x00, 0x20, 0x9B, 0x75, 0xB1, 0x3C, 0xB5, 0x56, 0x63,
    0x98, 0xC0, 0x14, 0x0E, 0x93, 0x65, 0x02, 0x63, 0xA8, 0xF5, 0x9F, 0x47, 0x9D, 0xD9, 0xAC, 0x27,
    0xD3, 0x50, 0x74, 0x20, 0x1F, 0x1D, 0xDF, 0xF2, 0xED, 0x2B, 0x9B, 0xD5, 0x76, 0x13, 0x1A, 0xF8,
    0x5F, 0x55, 0x7C, 0xDD, 0xE5, 0xE8, 0xF5, 0xB4, 0x25, 0x5D, 0x65, 0x4F, 0xDA, 0x6E, 0x54, 0x53,
    0x03, 0x7B, 0xD0, 0xB0, 0x9E, 0x9A, 0x54, 0x99, 0x54, 0xA1, 0xEB, 0x8F, 0x8E, 0x15, 0x65, 0x7A,
    0xA3, 0xAA, 0x72, 0x74, 0xAC, 0x11, 0xFF, 0x93, 0xE4, 0x71, 0x73, 0x3D, 0x6D, 0xB9, 0xD2, 0x44,
    0xE7, 0x54, 0x67, 0x18, 0x03, 0x2B, 0x37, 0x71, 0xB6, 0xD4, 0x84, 0xE0, 0xF1, 0xD9, 0x0C, 0x4F,
    0x65, 0x3C, 0x65, 0xEF, 0x29, 0xAC, 0x27, 0x4B, 0x74, 0x1E, 0x22, 0xB3, 0x44, 0x9B, 0xCE, 0x1F,
    0x5F, 0xAF, 0x4C, 0x1A, 0x9F, 0xFC, 0x92, 0x3F, 0xDC, 0xD9, 0x85, 0xDD, 0xC4, 0x9D, 0x13, 0xDE,
    0x4D, 0xCC, 0xC2, 0xBF, 0x22, 0xC3, 0x92, 0x5A, 0xED, 0xD1, 0xB0, 0xCB, 0x24, 0x72, 0x1A, 0x79,
    0x78, 0xB2, 0x4D, 0xC7, 0xE3, 0xC8, 0x5A, 0xEF, 0x22, 0xC2, 0x92, 0x6C, 0xF6, 0x82, 0xAD, 0xF0,
    0x02, 0x44, 0x08, 0x1D, 0xC2, 0xDC, 0x72, 0xD1, 0xB0, 0x48, 0xA6, 0x4D, 0xA6, 0x4A, 0x46, 0xEA,
    0x59, 0x18, 0x8C, 0x30, 0x83, 0x19, 0xAE, 0xB6, 0x83, 0x87, 0x70, 0xC7, 0x51, 0x52, 0x3C, 0xE0,
    0x0E, 0xB0, 0x0B, 0x6D, 0xE8, 0x13, 0xD3, 0x7E, 0xE2, 0x1B, 0x08, 0x7C, 0xF9, 0xA1, 0x19, 0x82,
    0x8F, 0xF0, 0xB0, 0x8A, 0x10, 0x6C, 0x84, 0x87, 0x33, 0xE7, 0x17, 0x11, 0x22, 0xF4, 0x11, 0xC0,
    0x70, 0x13, 0xB5, 0x08, 0xB6, 0xFE, 0xDB, 0x79, 0x43, 0x33, 0xA1, 0x99, 0x85, 0x65, 0xC4, 0xCA,
    0x4D, 0xBC, 0x21, 0x42, 0x2C, 0xF6, 0x8F, 0x7F, 0x2A, 0x94, 0x14, 0xAA, 0x0C, 0x64, 0xFE, 0xCD,
    0x53, 0x17, 0xAA, 0x2B, 0xBE, 0x36, 0x79, 0xD0, 0x3C, 0x5B, 0x2F, 0x3B, 0x4F, 0x61, 0x4E, 0xB2,
    0x6F, 0x9A, 0x7A, 0xF8, 0xB3, 0x5A, 0x2F, 0xEF, 0x9B, 0x24, 0xE2, 0x90, 0x2C, 0x3D, 0x1D, 0x28,
    0x16, 0xB0, 0xB8, 0x5C, 0x22, 0x97, 0xC6, 0x0B, 0x8D, 0x54, 0xC8, 0xB8, 0xEF, 0xAE, 0xE4, 0xC4,
    0x6A, 0x17, 0xFF, 0x05, 0x1E, 0x1E, 0xBE, 0xF9, 0xAC, 0xCF, 0xFC, 0xD9, 0xAE, 0x59, 0x76, 0x34,
    0x14, 0x3D, 0xC8, 0xC7, 0x70, 0xF7, 0x36, 0xDC, 0x38, 0xF3, 0xFC, 0xB5, 0xA5, 0xCB, 0xBE, 0x38,
    0xFF, 0xA9, 0x92, 0xD9, 0xC4, 0x71, 0x64, 0x1B, 0x59, 0x99, 0xCC, 0x0A, 0x97, 0xD9, 0xE4, 0x47,
    0x15, 0x0E, 0xB8, 0x02, 0x35, 0x7C, 0x65, 0xF2, 0xAE, 0xCF, 0xF4, 0xC7, 0x83, 0xB6, 0x9F, 0x44,
    0x58, 0xD4, 0xBA, 0x19, 0x93, 0xB4, 0x4D, 0x69, 0x0E, 0x93, 0x4D, 0x68, 0x68, 0x6A, 0x75, 0x24,
    0xC3, 0x22, 0x0B, 0x4F, 0xA0, 0x81, 0xC9, 0x8D, 0x6C, 0xDE, 0x06, 0x7B, 0x2B, 0xA8, 0xB4, 0x2C,
    0xA0, 0xB9, 0x0D, 0xD5, 0x1C, 0x4A, 0xBB, 0x51, 0x99, 0xB9, 0xF9, 0x32, 0x7F, 0xDE, 0x13, 0x0C,
    0xAD, 0x7A, 0x2B, 0x8D, 0x79, 0x07, 0x85, 0x25, 0x6D, 0x37, 0xA9, 0x8F, 0x3B, 0xD0, 0x92, 0xEC,
    0xDB, 0x88, 0xDB, 0x84, 0x90, 0x61, 0x05, 0x56, 0x75, 0x91, 0x0A, 0x72, 0x8D, 0xD4, 0x54, 0xB0,
    0xFB, 0x76, 0xDA, 0xAE, 0x02, 0x35, 0xF0, 0x0F, 0x86, 0xAC, 0xB7, 0xA0, 0xB7, 0x19, 0x9A, 0xA7,
    0xE8, 0xCE, 0x63, 0x08, 0x21, 0x31, 0xED, 0x5F, 0xC8, 0x02, 0x2A, 0xC3, 0x9E, 0xE5, 0xE1, 0x87,
    0x00, 0xC0, 0x0E, 0x34, 0xAB, 0x80, 0x71, 0xD0, 0x6D, 0x70, 0xE3, 0x6C, 0xDE, 0x30, 0x69, 0x68,
    0x12, 0x18, 0x9F, 0x85, 0x30, 0xD4, 0x24, 0xC3, 0x2C, 0x66, 0xB6, 0xC9, 0xD8, 0xE1, 0xDC, 0x60,
    0xE2, 0xB9, 0x63, 0x93, 0x0E, 0x2F, 0x65, 0x14, 0xC8, 0xC8, 0x10, 0x4C, 0x62, 0xDA, 0x3F, 0xE6,
    0xAC, 0x27, 0x16, 0x0C, 0xA9, 0xF7, 0xE3, 0x71, 0x15, 0xF9, 0xFF, 0x5D, 0x9F, 0xC7, 0xEA, 0x01,
    0xFB, 0x81, 0x4F, 0xA7, 0xAB, 0x4B, 0xE6, 0xB5, 0x51, 0x7F, 0x94, 0x82, 0x7C, 0xB1, 0x1A, 0xA4,
    0xBB, 0x14, 0xDA, 0xD0, 0x86, 0x21, 0xEB, 0xEB, 0xFA, 0xFE, 0x72, 0x7F, 0x39, 0x04, 0x3F, 0xAF,
    0xF7, 0xF7, 0xDD, 0xA3, 0x7D, 0x5B, 0x19, 0x00, 0xA9, 0x5F, 0xD7, 0xEF, 0xFD, 0x69, 0xB4, 0x53,
    0xCD, 0xCB, 0xFE, 0xE2, 0x98, 0xAF, 0x8F, 0x53, 0x31, 0x62, 0xC2, 0xBE, 0xAE, 0x75, 0xAA, 0x35,
    0x00, 0x48, 0x75, 0x5E, 0xBF, 0xC3, 0x88, 0x43, 0x66, 0xBA, 0x56, 0x3B, 0xED, 0x0E, 0x8C, 0x5F,
    0x6E, 0x6E, 0xB5, 0x79, 0x68, 0xD6, 0xE4, 0x24, 0x72, 0xEA, 0x6F, 0xE7, 0xDE, 0xB7, 0xC1, 0xFA,
    0xAD, 0xA0, 0x9A, 0xBC, 0x6F, 0x72, 0xCB, 0xD0, 0xE2, 0xFE, 0x25, 0xD0, 0x13, 0x51, 0xF4, 0x94,
    0x1D, 0xC1, 0xB0, 0x04, 0xB6, 0x01, 0x0F, 0xE9, 0x2D, 0x24, 0x85, 0xE2, 0x4A, 0xCE, 0x69, 0x73,
    0xEB, 0x33, 0xB3, 0xDC, 0x2B, 0x2D, 0xB3, 0x60, 0xB8, 0xB5, 0x04, 0x1E, 0x82, 0x4B, 0xC1, 0x63,
    0xEC, 0xD3, 0xD0, 0xEE, 0xD2, 0xB0, 0x14, 0x96, 0xFD, 0x8E, 0x99, 0xC2, 0x53, 0x2B, 0xCF, 0x11,
    0x3E, 0x77, 0x78, 0xD1, 0xE1, 0x6B, 0x85, 0x3F, 0x82, 0xDF, 0x1D, 0x84, 0x2E, 0xD2, 0xC5, 0xFD,
    0x05, 0xF8, 0x7D, 0x85, 0xAF, 0xE2, 0xF5, 0xC2, 0xE1, 0x99, 0x47, 0xB6, 0x91, 0x95, 0xF6, 0x44,
    0x27, 0x80, 0x06, 0xB2, 0x79, 0xA4, 0x83, 0xA7, 0x67, 0x73, 0x16, 0xBD, 0x93, 0xDA, 0x8D, 0x71,
    0x9E, 0x3F, 0x7A, 0x82, 0x21, 0x58, 0x7E, 0xF3, 0xB8, 0x67, 0xB8, 0x5A, 0x39, 0x69, 0x5C, 0x61,
    0x5D, 0x72, 0x25, 0xB3, 0xC8, 0x08, 0x8D, 0xCB, 0xAD, 0x2B, 0x8D, 0xAB, 0x94, 0x7B, 0xC2, 0xAF,
    0xEE, 0xC4, 0xEB, 0x37, 0x87, 0x3B, 0x22, 0xB9, 0x08, 0x93, 0x5C, 0xF0, 0x85, 0x42, 0x68, 0x76,
    0x61, 0x02, 0xDB, 0x00, 0x00, 0x7E, 0x1D, 0x1C, 0x2F, 0x0D, 0x72, 0x5D, 0x9B, 0x7F, 0x04, 0x76,
    0x68, 0x2E, 0xEC, 0x2D, 0xB5, 0x11, 0xE6, 0x0D, 0x12, 0x00, 0x78, 0x4A, 0x47, 0xD9, 0x21, 0x94,
    0xBC, 0xB8, 0x1B, 0x61, 0x73, 0x0B, 0xC2, 0xB4, 0x7A, 0x8C, 0x1F, 0x0D, 0xB8, 0x4F, 0xC2, 0xBD,
    0xD7, 0x27, 0xDB, 0x19, 0x35, 0xC7, 0xFD, 0x7E, 0xEC, 0x6B, 0xCE, 0xA2, 0x30, 0x5E, 0x74, 0xC9,
    0xBE, 0x32, 0x30, 0x34, 0xE7, 0xA1, 0xA2, 0xA9, 0x49, 0x96, 0x53, 0xB4, 0x50, 0x1B, 0x84, 0x21,
    0xB3, 0xBC, 0x82, 0x9A, 0x2C, 0xDE, 0xD8, 0x2C, 0x68, 0x84, 0x87, 0xD6, 0xC2, 0x5F, 0xBC, 0x6A,
    0x5C, 0x08, 0x36, 0xB1, 0xD4, 0x62, 0xB5, 0xCF, 0xA5, 0xDB, 0xD7, 0xB3, 0xD5, 0x33, 0x5D, 0xE1,
    0x32, 0x07, 0x07, 0x90, 0xF7, 0x50, 0x1A, 0x90, 0xC0, 0x35, 0x18, 0x9A, 0x27, 0xB3, 0x8B, 0xC8,
    0xA0, 0x22, 0x4D, 0x66, 0xFF, 0xB0, 0x99, 0xF5, 0x3E, 0xB2, 0x89, 0xAC, 0x22, 0xC5, 0xBF, 0x59,
    0x5F, 0x7C, 0x6F, 0x7D, 0xF6, 0xAB, 0xF5, 0x1C, 0x45, 0xB6, 0x91, 0x32, 0x52, 0xD8, 0xE1, 0xA7,
    0x15, 0xEF, 0x43, 0x05, 0x23, 0xB0, 0xA0, 0x01, 0x80, 0x4F, 0x96, 0x84, 0xD0, 0xB9, 0xD2, 0xBA,
    0xCC, 0x3A, 0x5C, 0x02, 0xFE, 0x2C, 0x36, 0x92, 0x1F, 0x40, 0x2A, 0x98, 0x01, 0x47, 0x97, 0x4E,
    0x0D, 0xE0, 0x28, 0x2D, 0x65, 0x07, 0x7A, 0x1B, 0xEC, 0x97, 0xF0, 0xD7, 0x27, 0x6B, 0x8D, 0xAD,
    0xCD, 0x96, 0x68, 0x75, 0x09, 0xCE, 0xF6, 0x7A, 0x25, 0x6A, 0x80, 0xC4, 0x11, 0xF0, 0x18, 0xF8,
    0x14, 0x00, 0xD8, 0x0A, 0x27, 0xEF, 0x6B, 0x75, 0xF9, 0xF7, 0xF5, 0xCB, 0x73, 0xF9, 0xFD, 0xE5,
    0xB9, 0x94, 0x71, 0x2E, 0x79, 0x9C, 0x0B, 0x69, 0x2E, 0x4D, 0x64, 0x15, 0x29, 0xED, 0x30, 0x8F,
    0x44, 0x18, 0x58, 0x44, 0xB6, 0x5D, 0xA4, 0xBE, 0x74, 0xC9, 0x5D, 0x42, 0x66, 0xA9, 0x23, 0x34,
    0x6D, 0x50, 0x90, 0xCC, 0xCB, 0xED, 0xD6, 0x12, 0xD2, 0xD7, 0x02, 0x4A, 0xB7, 0x35, 0x47, 0x1A,
    0xF6, 0xA8, 0x89, 0x18, 0x83, 0xD4, 0x13, 0x90, 0x26, 0x1A, 0x61, 0xA6, 0xC9, 0x4C, 0x4E, 0x8C,
    0x34, 0xE9, 0xAA, 0x4E, 0xE3, 0x8E, 0x3D, 0x92, 0xEF, 0x71, 0x14, 0x52, 0xBC, 0x22, 0x58, 0x12,
    0x57, 0x5B, 0x36, 0xD3, 0x88, 0xE0, 0xA8, 0xF5, 0x11, 0x63, 0x5A, 0x26, 0x54, 0x4C, 0x91, 0xEA,
    0x30, 0x32, 0x6D, 0xD3, 0x71, 0x3A, 0x9F, 0xAE, 0xA7, 0x71, 0x69, 0x3C, 0x77, 0x05, 0x70, 0x47,
    0x02, 0x72, 0x01, 0xE4, 0xEE, 0xDD, 0x4B, 0xD7, 0x3D, 0xC5, 0xF3, 0x8E, 0x2C, 0x18, 0xD8, 0x7F,
    0x4B, 0xF9, 0x1C, 0x1C, 0x40, 0xFE, 0x6D, 0x0F, 0xE5, 0x67, 0x06, 0xA4, 0x04, 0xAE, 0x5C, 0x7D,
    0xE7, 0x73, 0xE0, 0xE6, 0x35, 0x18, 0x35, 0xF0, 0xF4, 0x29, 0xD9, 0xF7, 0x3D, 0x68, 0xFD, 0x76,
    0xF3, 0x48, 0x8B, 0x5E, 0x47, 0x48, 0xB6, 0x78, 0x81, 0x07, 0xD9, 0x25, 0x5B, 0x93, 0xEC, 0x98,
    0x64, 0x9F, 0x90, 0xEC, 0x04, 0x42, 0xE8, 0xA6, 0x24, 0x3B, 0x59, 0x39, 0x3F, 0x66, 0x18, 0x3F,
    0xF8, 0x96, 0x29, 0x0E, 0xA4, 0x98, 0x73, 0x44, 0xB2, 0x31, 0x53, 0xE5, 0x10, 0x69, 0xED, 0x4D,
    0xAD, 0x9F, 0xD9, 0x4A, 0x47, 0x1D, 0xA6, 0x34, 0x51, 0x91, 0x2E, 0x4C, 0xD4, 0x16, 0x63, 0x1E,
    0x92, 0x6C, 0xDC, 0xD7, 0x24, 0xE5, 0x86, 0xA4, 0xB5, 0x23, 0x8D, 0x77, 0xD9, 0xB1, 0xAF, 0x8A,
    0x71, 0x52, 0x11, 0xDE, 0x07, 0x2A, 0x60, 0x04, 0x58, 0xE0, 0x00, 0x86, 0x36, 0x0B, 0xC3, 0xC7,
    0xAB, 0xC5, 0xB0, 0x96, 0x38, 0x61, 0x8D, 0xCF, 0x8E, 0xD2, 0xB5, 0x48, 0x73, 0xBC, 0x26, 0x29,
    0x2C, 0x9E, 0xD4, 0x9F, 0x9C, 0x8C, 0x95, 0xDA, 0x23, 0x0C, 0x1F, 0xE2, 0xF2, 0x4E, 0xE8, 0x2D,
    0x00, 0x3E, 0x99, 0x87, 0xB9, 0xE3, 0x55, 0x7D, 0x23, 0xB9, 0x5E, 0x5A, 0xE3, 0x6C, 0x05, 0x23,
    0x23, 0x14, 0x17, 0x03, 0x92, 0x9D, 0xC1, 0x11, 0xBC, 0x97, 0x83, 0x28, 0x15, 0xC5, 0x7F, 0x03,
    0x1E, 0xD8, 0xDE, 0x6C, 0x39, 0xB6, 0x6F, 0x3E, 0x1E, 0xDD, 0xB6, 0xC2, 0xE4, 0xAF, 0x29, 0x07,
    0x74, 0x50, 0x44, 0x0A, 0x0D, 0x77, 0x78, 0xE9, 0xE3, 0xC6, 0x8F, 0x88, 0xB0, 0xA4, 0xD2, 0x37,
    0xA9, 0x21, 0x31, 0xEE, 0x83, 0xB0, 0x90, 0x2D, 0x81, 0xAA, 0x83, 0x7C, 0x0E, 0xEC, 0x03, 0x95,
    0x02, 0xA9, 0xD3, 0xF6, 0xAF, 0xD8, 0xA7, 0x0D, 0x0B, 0xD2, 0x53, 0x9A, 0x6B, 0xD0, 0x80, 0x23,
    0xEF, 0xC8, 0x34, 0x00, 0x20, 0x96, 0xB4, 0x41, 0x1D, 0x65, 0x78, 0x98, 0x42, 0x7B, 0x80, 0x58,
    0xC0, 0xBE, 0x42, 0x18, 0x0A, 0xF3, 0xB1, 0x30, 0x21, 0xA8, 0x4F, 0x5E, 0xC0, 0xD5, 0x93, 0xB0,
    0xFF, 0x64, 0x60, 0xF8, 0xB5, 0xBA, 0x49, 0x6D, 0x9A, 0xDC, 0x22, 0x26, 0xDC, 0xBE, 0xCE, 0x95,
    0xAD, 0xF5, 0xB4, 0x6D, 0x24, 0xFF, 0x0E, 0x20, 0x01, 0xA1, 0x20, 0x44, 0x2E, 0xCF, 0x4D, 0xAF,
    0x57, 0xD3, 0xEF, 0x7B, 0x72, 0x43, 0x66, 0xC1, 0x21, 0x2D, 0xF2, 0xE4, 0x1D, 0xDE, 0xDB, 0xE3,
    0x4A, 0xA5, 0x64, 0x57, 0x37, 0x7B, 0x17, 0x6F, 0xBE, 0xC7, 0xCE, 0x75, 0xC4, 0x84, 0xDC, 0xC2,
    0x9A, 0x77, 0x71, 0x16, 0x42, 0x9F, 0x88, 0x54, 0xBC, 0x31, 0xAF, 0x03, 0x77, 0x00, 0xA1, 0xA1,
    0x8C, 0x9C, 0x45, 0x3E, 0x83, 0xBB, 0x30, 0x1A, 0xD0, 0x86, 0x84, 0x11, 0xAF, 0x40, 0x03, 0x6D,
    0x46, 0x15, 0x54, 0xB9, 0x54, 0xF4, 0xF0, 0x14, 0x26, 0x88, 0x39, 0xA5, 0x3D, 0x5D, 0xFD, 0xFC,
    0xCD, 0xC9, 0xEA, 0xE7, 0x3D, 0x86, 0xB6, 0x19, 0xE5, 0x83, 0x88, 0xBB, 0xF7, 0x19, 0xDD, 0x5F,
    0x43, 0xEA, 0xD6, 0xF2, 0xC2, 0xFC, 0x65, 0x58, 0x26, 0xBE, 0x2E, 0xFF, 0x05, 0x15, 0x1A, 0x0E,
    0xCF, 0xA4, 0xC5, 0xDF, 0xA3, 0x08, 0x8E, 0xA2, 0xEC, 0x58, 0x6D, 0x8E, 0xD2, 0x5C, 0x96, 0x3E,
    0x72, 0x8A, 0x30, 0x4F, 0x90, 0xBA, 0x4D, 0x8B, 0xB4, 0x30, 0x27, 0x9B, 0x75, 0xE4, 0xEE, 0x53,
    0x11, 0xEC, 0xFB, 0xB7, 0x34, 0x43, 0x1B, 0xD1, 0xBC, 0x12, 0x0D, 0xCD, 0x98, 0xA6, 0xD2, 0x4D,
    0xFA, 0x90, 0x15, 0x7E, 0x1A, 0x56, 0x30, 0x9B, 0x16, 0x54, 0x86, 0x3E, 0x62, 0x5D, 0x35, 0xF1,
    0x43, 0x26, 0xE9, 0x4B, 0x26, 0xC1, 0x40, 0xAB, 0x36, 0xAA, 0x68, 0xF5, 0xDB, 0xFE, 0x5A, 0xA2,
    0xA8, 0x81, 0x7F, 0x31, 0xD0, 0x45, 0xA6, 0x6D, 0xCD, 0x46, 0x85, 0xB1, 0x07, 0xDF, 0xA8, 0xEC,
    0x6B, 0x1D, 0x2D, 0x7B, 0x6B, 0x6A, 0xBB, 0x76, 0x15, 0x76, 0x76, 0xE0, 0xF1, 0x63, 0xB0, 0x16,
    0xB4, 0xDE, 0xAC, 0xB6, 0xBF, 0xBC, 0xC9, 0x64, 0x84, 0xB5, 0xF9, 0xB7, 0x5D, 0xF6, 0xCF, 0x7A,
    0x2D, 0x6D, 0x6F, 0x97, 0x7F, 0x11, 0xF3, 0x3B, 0x10, 0x1A, 0x2A, 0x60, 0x17, 0xA8, 0x7B, 0x10,
    0xFD, 0x25, 0xD3, 0xCF, 0x4F, 0x5E, 0x8E, 0x45, 0xC4, 0x9C, 0x6C, 0x0E, 0x39, 0x00, 0xC2, 0x00,
    0xEC, 0x58, 0x80, 0x47, 0xF7, 0x01, 0x1E, 0xDE, 0x80, 0xD5, 0xD6, 0x00, 0xB8, 0x31, 0x80, 0x1D,
    0x23, 0x4C, 0x66, 0x6B, 0xA4, 0xC9, 0x6D, 0x85, 0xEC, 0x8B, 0x5E, 0xAA, 0xDA, 0xA6, 0x4F, 0x70,
    0x8D, 0x2D, 0x8C, 0xD4, 0xA3, 0xC3, 0xD2, 0x08, 0x73, 0x38, 0x11, 0x3A, 0xCE, 0x63, 0x24, 0x55,
    0xF1, 0xDC, 0xEE, 0x4A, 0x8A, 0x1F, 0xFA, 0xAA, 0x22, 0xFF, 0xC5, 0xC8, 0xBF, 0x87, 0x3F, 0xB4,
    0x58, 0x40, 0x50, 0x51, 0x05, 0x33, 0xF2, 0x68, 0xC7, 0x64, 0x0E, 0xD8, 0x06, 0x98, 0x02, 0xF9,
    0x77, 0x40, 0xF9, 0xC0, 0x40, 0x9E, 0x69, 0x4E, 0xDB, 0x24, 0xF6, 0x69, 0xC3, 0x14, 0x3F, 0x66,
    0x81, 0xAB, 0x59, 0x66, 0xB6, 0xCA, 0x7E, 0xCE, 0x7B, 0xF9, 0x77, 0xDF, 0x15, 0x9D, 0xF8, 0xEC,
    0xDF, 0x1F, 0x98, 0xF2, 0x9B, 0xCF, 0x3F, 0x37, 0xC5, 0x7F, 0x3E, 0xF8, 0x0F, 0x95, 0xFF, 0x9C,
    0xFF, 0x4C, 0xB6, 0xCC, 0x96, 0xB0, 0x88, 0x3D, 0xB9, 0x42, 0x0E, 0x48, 0x03, 0x3B, 0x3D, 0x3C,
    0x7D, 0x0C, 0x1F, 0x9F, 0x4E, 0xF5, 0x08, 0x7C, 0x4B, 0x9C, 0x95, 0x2A, 0x3B, 0x69, 0xA4, 0x29,
    0xFA, 0x8A, 0xDC, 0x8E, 0x61, 0x3E, 0x85, 0x3D, 0x07, 0x75, 0x7F, 0xEC, 0x2B, 0xF4, 0xF9, 0xBC,
    0x02, 0x2D, 0x7C, 0xA5, 0xF3, 0xE7, 0xA7, 0xFF, 0x3C, 0x32, 0xA1, 0x6E, 0x18, 0x8F, 0x69, 0x6A,
    0x26, 0x71, 0xB9, 0x2D, 0xB5, 0x2B, 0x8D, 0x8D, 0x75, 0xC9, 0x7F, 0xE8, 0xF8, 0xC5, 0x30, 0xD3,
    0xB4, 0x8A, 0x16, 0x76, 0x61, 0x44, 0xE6, 0x99, 0x59, 0x66, 0x0A, 0x6C, 0x3A, 0x38, 0x4A, 0xDB,
    0xCD, 0x4A, 0xE4, 0x8B, 0xD3, 0xFF, 0x39, 0x20, 0x59, 0x7D, 0x83, 0x53, 0x87, 0x60, 0x12, 0xA1,
    0xD2, 0x30, 0x06, 0xE6, 0x90, 0x5B, 0x28, 0x3B, 0x90, 0x1A, 0x5A, 0x60, 0x0A, 0x99, 0x83, 0xC2,
    0x82, 0x30, 0xC3, 0xE9, 0xC8, 0x10, 0xBA, 0x44, 0x0A, 0x90, 0x8A, 0x1D, 0x38, 0x84, 0x87, 0x00,
    0xA4, 0x8B, 0x3E, 0x22, 0x85, 0x12, 0x1D, 0x95, 0x62, 0x0F, 0xE6, 0xE9, 0xA8, 0xEC, 0x92, 0x7F,
    0x9B, 0x06, 0xCC, 0x23, 0x10, 0xEA, 0x44, 0xBF, 0xDA, 0xAC, 0xA6, 0x09, 0x4C, 0x61, 0xB2, 0xA6,
    0x9A, 0x83, 0x6D, 0xB0, 0x8F, 0xA0, 0xE9, 0x49, 0x17, 0xC8, 0xD9, 0xA8, 0xAA, 0x1C, 0x1D, 0x7F,
    0x1C, 0x66, 0xDF, 0xC1, 0x14, 0x3E, 0x58, 0x4F, 0x9B, 0x58, 0xB6, 0xCB, 0x27, 0x78, 0xDC, 0x85,
    0xFD, 0xFF, 0x00, 0xCD, 0x98, 0x31, 0x6C, 0xE4, 0x46, 0x77, 0xC7, 0x7F, 0x24, 0xBF, 0x88, 0x32,
    0x78, 0xDF, 0x37, 0x29, 0x54, 0x08, 0x38, 0x44, 0x54, 0xA1, 0x22, 0x01, 0x4E, 0xA2, 0x0B, 0x17,
    0x17, 0x60, 0xB9, 0x1C, 0xDB, 0x85, 0x8B, 0x14, 0x71, 0x99, 0x74, 0xEE, 0x9B, 0x73, 0x71, 0x40,
    0x2E, 0xC1, 0xEA, 0x34, 0x86, 0x0B, 0x27, 0x95, 0xAF, 0xAF, 0xDC, 0x17, 0x81, 0x8B, 0x03, 0xA2,
    0x62, 0x75, 0x3B, 0x76, 0x7A, 0x84, 0x49, 0x9F, 0x64, 0x0D, 0x18, 0xB0, 0x01, 0x17, 0x26, 0x02,
    0x06, 0x1E, 0x3B, 0xD4, 0x4E, 0xE6, 0x0D, 0x57, 0x8B, 0xBB, 0x93, 0x7D, 0x96, 0xCE, 0xBA, 0x4B,
    0x66, 0xDF, 0xFF, 0xFF, 0x38, 0xCB, 0x25, 0xDF, 0x9F, 0xD4, 0x68, 0xDE, 0xBC, 0x01, 0x72, 0x3B,
    0xD2, 0xED, 0x55, 0x61, 0x12, 0xEF, 0xBF, 0x27, 0xEF, 0xB7, 0xCE, 0x51, 0x96, 0x87, 0x54, 0x04,
    0x9B, 0x82, 0x32, 0xB3, 0x40, 0x36, 0x50, 0x61, 0xE7, 0x42, 0xF1, 0x28, 0x7E, 0x17, 0xCF, 0xC6,
    0xDF, 0xC9, 0x15, 0x72, 0xED, 0x40, 0xE2, 0xFD, 0x92, 0x70, 0x3F, 0x80, 0x6C, 0x19, 0xD0, 0x26,
    0x8B, 0x8F, 0x6D, 0xE1, 0xBD, 0xA9, 0xCC, 0x82, 0x29, 0x53, 0x66, 0x94, 0xCC, 0x51, 0xFA, 0x34,
    0x40, 0xBC, 0xF4, 0xA7, 0x34, 0x54, 0xE6, 0x8C, 0xC2, 0xF7, 0x24, 0x0B, 0x03, 0xA0, 0xF4, 0x05,
    0x95, 0xF4, 0xE4, 0x2B, 0x21, 0x27, 0x64, 0xAF, 0x4C, 0x4E, 0x68, 0x4E, 0x61, 0x39, 0x46, 0x19,
    0x1A, 0x7D, 0x02, 0xCA, 0x9F, 0x13, 0x42, 0xB4, 0x00, 0xF4, 0x23, 0x92, 0x6E, 0x42, 0x23, 0x30,
    0x13, 0x6A, 0x7E, 0x0E, 0xF2, 0x99, 0x06, 0x94, 0xA6, 0x8E, 0x77, 0x48, 0xFC, 0xB7, 0x00, 0x60,
    0xF6, 0x47, 0xDF, 0x3D, 0x1E, 0x7D, 0xDD, 0x8E, 0x5E, 0x99, 0xD1, 0xA7, 0x5C, 0x6A, 0x8B, 0x95,
    0xA1, 0xF1, 0xDE, 0x7A, 0xEF, 0xA2, 0x77, 0xC9, 0x02, 0x28, 0x8D, 0xA3, 0xB4, 0xF0, 0x50, 0x54,
    0x2F, 0x61, 0xC0, 0x91, 0x75, 0x62, 0x8E, 0xA4, 0xA3, 0x68, 0xC5, 0xF7, 0x94, 0x06, 0x07, 0x3D,
    0x0D, 0x63, 0x7F, 0x1E, 0x7D, 0x17, 0x8E, 0xE2, 0xEF, 0xB3, 0x25, 0xF1, 0xFA, 0xC2, 0x82, 0xDC,
    0x4F, 0x69, 0x90, 0xFB, 0x37, 0x80, 0xC4, 0x3B, 0xF1, 0xBE, 0x95, 0xF8, 0xE2, 0x01, 0xD2, 0xC4,
    0x00, 0xE4, 0xEF, 0xDA, 0xD8, 0xFB, 0xCF, 0x28, 0x8E, 0x79, 0xFC, 0x2D, 0xFB, 0x8C, 0xD2, 0x18,
    0x95, 0xC5, 0x1B, 0x37, 0xDE, 0x49, 0x9C, 0xE8, 0x12, 0x91, 0x17, 0x55, 0x14, 0x36, 0x8A, 0xAA,
    0x74, 0xEC, 0x3D, 0x1C, 0x25, 0x0F, 0xA3, 0xA2, 0x6E, 0x14, 0xD4, 0x8E, 0x7A, 0xCC, 0x85, 0x9C,
    0xF1, 0xE9, 0x87, 0x10, 0x4F, 0x1C, 0xC0, 0x07, 0x3B, 0xC0, 0x1E, 0xF7, 0xEF, 0x02, 0x47, 0x1C,
    0x76, 0xD1, 0x15, 0x36, 0xBA, 0x94, 0xE8, 0xD8, 0xB8, 0xC4, 0xFF, 0x63, 0xE6, 0xBD, 0x56, 0x7E,
    0x25, 0xAE, 0xD2, 0x0F, 0xA1, 0xA1, 0x96, 0x73, 0x03, 0x33, 0xB9, 0xA0, 0x67, 0x1E, 0x5C, 0xDE,
    0x72, 0x1A, 0x9C, 0x32, 0xB1, 0xD7, 0x10, 0xCF, 0xCD, 0x61, 0xCA, 0x51, 0xE2, 0xA0, 0x32, 0x47,
    0x41, 0x1F, 0x85, 0x5F, 0xE5, 0xDE, 0x9B, 0x64, 0xF1, 0xA3, 0x38, 0x17, 0x47, 0xEE, 0x0D, 0x71,
    0x2B, 0x9C, 0x0B, 0xB7, 0xA5, 0xF5, 0xFE, 0x27, 0xEF, 0xE5, 0xC9, 0xEF, 0x39, 0x80, 0xDA, 0x8D,
    0xE0, 0x29, 0xD4, 0x57, 0x85, 0xF7, 0x2E, 0x02, 0xB8, 0xC0, 0x1C, 0xCA, 0x3E, 0xA0, 0x3D, 0x94,
    0x7E, 0x1F, 0x8D, 0x0B, 0xEB, 0x5F, 0x60, 0x0D, 0x7D, 0x65, 0xFB, 0xC2, 0x76, 0xD0, 0x8D, 0x7F,
    0x55, 0x16, 0x2D, 0x4F, 0xB4, 0x93, 0x0E, 0xF3, 0xF3, 0xD1, 0x79, 0x3D, 0x3A, 0x1B, 0xDD, 0xFF,
    0x74, 0xD1, 0x39, 0x37, 0xBA, 0x7A, 0x74, 0xE5, 0xE8, 0x8A, 0x2F, 0xA2, 0xCB, 0xBE, 0x8A, 0x2E,
    0xF9, 0xEF, 0xE8, 0x38, 0x1B, 0x5D, 0xD3, 0x81, 0x73, 0xA8, 0x0E, 0x7A, 0x47, 0xD1, 0xDD, 0xCD,
    0x3B, 0x19, 0x28, 0x27, 0xBE, 0x95, 0x78, 0xC5, 0x0A, 0x80, 0xC2, 0xC4, 0x8E, 0x19, 0x63, 0x8F,
    0xA1, 0xC7, 0xC8, 0x12, 0x38, 0x9C, 0x75, 0x91, 0xEB, 0xC8, 0xA5, 0x70, 0x08, 0x2A, 0x1C, 0x62,
    0x06, 0x0E, 0x21, 0x03, 0x73, 0x16, 0xB9, 0x89, 0xAC, 0x22, 0x17, 0x91, 0xB3, 0xC8, 0x49, 0x60,
    0x80, 0x91, 0x95, 0x06, 0xA8, 0x00, 0xB2, 0xA8, 0x21, 0xEF, 0x01, 0x0A, 0x3B, 0xD2, 0xB3, 0xED,
    0xDE, 0x8A, 0xC2, 0x7A, 0xDF, 0x16, 0xB6, 0xCF, 0xBB, 0x40, 0x89, 0x10, 0xFD, 0x86, 0xDC, 0xAF,
    0xD1, 0x45, 0x58, 0x25, 0x54, 0x6A, 0xC8, 0x3C, 0x81, 0x1C, 0x1C, 0x6C, 0x03, 0x93, 0x43, 0x40,
    0xDD, 0x5F, 0xCF, 0xA1, 0x60, 0xD8, 0xB4, 0x8B, 0xEF, 0x8A, 0x0E, 0x50, 0x0E, 0xA8, 0xE6, 0x40,
    0x3D, 0x05, 0x66, 0x15, 0xE0, 0x94, 0x86, 0x4E, 0x19, 0xD2, 0x2E, 0xB7, 0x64, 0x6D, 0xB6, 0x24,
    0xB7, 0x69, 0x47, 0xE1, 0x7D, 0x8F, 0xF2, 0xDE, 0x51, 0xC2, 0x9C, 0x29, 0xD4, 0xD4, 0xD0, 0xC4,
    0x71, 0xC3, 0x56, 0xA2, 0x8B, 0xF7, 0x4C, 0xFA, 0x1F, 0x30, 0xC0, 0x3E, 0x00, 0x71, 0x1A, 0x2F,
    0xBD, 0xFD, 0x5D, 0x1E, 0x47, 0x05, 0x5D, 0xEE, 0xBB, 0xC6, 0x77, 0x67, 0x74, 0x2E, 0xDA, 0x19,
    0xD2, 0x2D, 0xFC, 0xF2, 0xFD, 0x83, 0xCF, 0xEF, 0xD7, 0x4B, 0x65, 0x52, 0x00, 0x94, 0xF9, 0xB5,
    0xCF, 0xFE, 0xF6, 0xE4, 0x50, 0xDD, 0x0F, 0xBA, 0x0C, 0x20, 0x0A, 0x7F, 0xE1, 0xC3, 0xF6, 0x16,
    0xB0, 0xA7, 0x80, 0x7C, 0x06, 0xA4, 0xDD, 0xA5, 0x77, 0x21, 0x12, 0xC7, 0x9C, 0x23, 0xD9, 0xE7,
    0x86, 0x32, 0x57, 0xA2, 0x0D, 0xE9, 0x17, 0x2D, 0xFC, 0x60, 0x60, 0x0A, 0x6C, 0xB3, 0x69, 0x92,
    0x9D, 0x24, 0x4B, 0x49, 0xB6, 0x9A, 0xD2, 0x5C, 0x29, 0x9B, 0x25, 0xE6, 0x7D, 0x92, 0x76, 0x09,
    0xFF, 0x64, 0xA1, 0x7A, 0xF6, 0x7E, 0x92, 0xA8, 0xAE, 0x0A, 0x17, 0x20, 0xE9, 0x4C, 0xB2, 0x99,
    0x24, 0x33, 0xE5, 0x87, 0x98, 0xCA, 0x52, 0x4C, 0xF6, 0xA5, 0xE5, 0x1B, 0xCD, 0x31, 0xEC, 0x32,
    0xB6, 0x09, 0xF5, 0xCF, 0x5A, 0x4D, 0x3D, 0xA5, 0x2E, 0x4D, 0xAD, 0xFC, 0x79, 0x48, 0x63, 0xA9,
    0xEF, 0x10, 0x00, 0x64, 0xB6, 0x23, 0x6B, 0x7B, 0xF1, 0x37, 0xAA, 0x2F, 0xF3, 0x6D, 0x30, 0x20,
    0xFF, 0x68, 0x59, 0x7C, 0xD9, 0x05, 0xBE, 0x96, 0x44, 0x52, 0x0D, 0xB9, 0xA1, 0x28, 0x27, 0xA8,
    0xBF, 0x3F, 0xA6, 0x60, 0x72, 0xA3, 0xF2, 0xC8, 0x34, 0x85, 0x96, 0x6C, 0xF1, 0x57, 0x4B, 0x15,
    0xE4, 0xE9, 0x6B, 0xCA, 0x33, 0x06, 0xFE, 0xAB, 0x85, 0x46, 0x53, 0xDC, 0x0A, 0x12, 0xCD, 0xCD,
    0x4B, 0x4C, 0xB5, 0x49, 0xBE, 0x91, 0x91, 0xCA, 0x2E, 0xB9, 0x7E, 0x29, 0x95, 0x1F, 0x02, 0xA7,
    0x50, 0x1C, 0x05, 0x85, 0xFF, 0x70, 0xF3, 0x0A, 0x31, 0x63, 0x96, 0x20, 0xFF, 0xEB, 0x97, 0x91,
    0x77, 0x7B, 0xA5, 0x2B, 0xBF, 0xDC, 0x49, 0x1D, 0xCC, 0xA1, 0x86, 0xE9, 0xC2, 0xAF, 0x82, 0xCD,
    0xA9, 0x67, 0xCC, 0x9A, 0xB7, 0xFB, 0xD2, 0x2F, 0xD3, 0x95, 0xA6, 0x39, 0x87, 0x91, 0x00, 0xB8,
    0xFB, 0x07, 0x60, 0x5E, 0xC5, 0xA3, 0x57, 0x3E, 0x45, 0x16, 0xDE, 0x06, 0x03, 0x54, 0x66, 0xCB,
    0x77, 0xDB, 0xC0, 0xD7, 0x9A, 0x25, 0x9F, 0xD7, 0x9E, 0xB6, 0xA3, 0x4E, 0x39, 0x7A, 0x7D, 0xDA,
    0x79, 0x00, 0x83, 0xF0, 0xF5, 0xB4, 0x93, 0xF9, 0x8E, 0x35, 0x5F, 0x6E, 0x12, 0xBC, 0x83, 0x32,
    0xF2, 0xB4, 0x07, 0x18, 0x84, 0x93, 0x4E, 0x38, 0x6B, 0x85, 0x0B, 0x2B, 0x5C, 0x6A, 0xEF, 0x2D,
    0x53, 0x84, 0xE7, 0xF4, 0x40, 0x2F, 0x9C, 0x8A, 0x78, 0xF2, 0xC8, 0xCA, 0x12, 0xB8, 0x44, 0x78,
    0x0A, 0xE1, 0xBB, 0x79, 0x64, 0x94, 0xB7, 0x8C, 0xC4, 0x73, 0x29, 0x20, 0x59, 0xE9, 0xD2, 0xFF,
    0x8B, 0x5F, 0xFE, 0x2E, 0xF7, 0x69, 0x4F, 0x32, 0x70, 0x0A, 0x3D, 0xB3, 0xDC, 0x7B, 0x3F, 0x34,
    0x42, 0x67, 0xF4, 0xE0, 0x70, 0x42, 0x73, 0x38, 0x4B, 0xBC, 0xFE, 0x63, 0x39, 0xD1, 0x15, 0xAB,
    0x77, 0xFC, 0x92, 0x30, 0xFA, 0x48, 0x44, 0x7C, 0xDE, 0x27, 0x9F, 0x89, 0x00, 0xA8, 0x00, 0xA6,
    0x00, 0xC7, 0x00, 0x33, 0x80, 0x39, 0x49, 0xC7, 0x6C, 0xA4, 0xC6, 0x33, 0x15, 0x6A, 0xA4, 0x5B,
    0xDA, 0x40, 0x45, 0x1F, 0x28, 0x59, 0xBF, 0x88, 0x47, 0x24, 0x8B, 0x6F, 0x29, 0xFC, 0x39, 0x95,
    0x19, 0x4B, 0x87, 0x59, 0xC0, 0xBC, 0xF0, 0xED, 0x69, 0xC0, 0x9C, 0x1A, 0x81, 0x7C, 0x2A, 0x7D,
    0xB6, 0x2E, 0x29, 0x24, 0x50, 0x1D, 0x63, 0xED, 0x24, 0x8E, 0xC6, 0x77, 0x51, 0x17, 0x3B, 0x6F,
    0xC0, 0x9D, 0x3F, 0x01, 0xF5, 0x60, 0x3D, 0x34, 0xCC, 0xD3, 0x8F, 0xAE, 0x25, 0xA2, 0xC8, 0x16,
    0xD5, 0xD5, 0x5A, 0xF3, 0xF1, 0x5A, 0xF1, 0x1C, 0xA2, 0x5E, 0xC1, 0x34, 0x40, 0xC4, 0x8A, 0x56,
    0x91, 0x2A, 0xD7, 0x89, 0xD0, 0x98, 0x3C, 0x5A, 0x7E, 0xD0, 0x4C, 0x37, 0x89, 0x49, 0xC4, 0x07,
    0xED, 0x41, 0x7A, 0x50, 0x1E, 0x84, 0x07, 0xAD, 0xA7, 0xC2, 0x62, 0x41, 0x73, 0x90, 0x1C, 0x14,
    0x47, 0xC1, 0x35, 0xCC, 0x76, 0x92, 0x21, 0x88, 0xBD, 0xED, 0x75, 0x8A, 0x21, 0xFB, 0x67, 0x4B,
    0xF2, 0xDD, 0x5A, 0xC3, 0x0E, 0x9B, 0xE6, 0x62, 0x75, 0x70, 0x86, 0x4B, 0x7B, 0x9C, 0x54, 0x03,
    0x95, 0xC6, 0x9D, 0xC1, 0x4F, 0x3D, 0xF8, 0x36, 0xA0, 0x0F, 0xC7, 0xE7, 0xE0, 0x4E, 0x34, 0xAE,
    0x6C, 0x71, 0x59, 0x8F, 0x63, 0x08, 0x68, 0x02, 0xA4, 0x3A, 0x2A, 0xDA, 0xFD, 0x7D, 0x8E, 0xE5,
    0x65, 0x93, 0xB1, 0x6E, 0x87, 0x50, 0x3F, 0x6F, 0xAE, 0xCE, 0x96, 0xB5, 0x12, 0xE9, 0xD3, 0xB8,
    0xD8, 0x6C, 0x06, 0xEA, 0x27, 0xD4, 0xE1, 0x61, 0x8A, 0xB6, 0xCE, 0xBA, 0x9A, 0xA1, 0xE6, 0xF8,
    0xE6, 0xD7, 0x0D, 0x1E, 0xE0, 0x01, 0x40, 0x07, 0x24, 0x91, 0x3C, 0xC0, 0x93, 0x97, 0x59, 0x34,
    0x58, 0xD8, 0x03, 0x26, 0xC0, 0x0C, 0x38, 0x31, 0x50, 0x05, 0x34, 0x5E, 0x8F, 0xF4, 0x5C, 0x7B,
    0xBD, 0x8F, 0x93, 0xF9, 0x2E, 0x82, 0x4D, 0xBB, 0xC1, 0x47, 0x34, 0xFB, 0xD0, 0x75, 0xF0, 0x77,
    0x16, 0x4A, 0x0D, 0x7F, 0xC4, 0xA6, 0x55, 0xDE, 0x9B, 0x00, 0x0D, 0x53, 0x60, 0x80, 0xB4, 0x83,
    0x62, 0x3D, 0xEE, 0x4F, 0x96, 0x01, 0xE7, 0xC0, 0x02, 0x50, 0x46, 0x4E, 0x08, 0xE4, 0xF8, 0xCF,
    0x39, 0xA1, 0xF1, 0xE7, 0x6C, 0xF9, 0xCD, 0x5A, 0xE9, 0x3B, 0xCD, 0x31, 0xEC, 0x6C, 0x6E, 0x3C,
    0x04, 0x83, 0x9E, 0x74, 0x29, 0xD7, 0x94, 0x51, 0x96, 0x37, 0xF8, 0x9E, 0x74, 0x80, 0x29, 0x1C,
    0x41, 0x15, 0x0F, 0xEA, 0xF5, 0x70, 0x5F, 0xE9, 0xED, 0x14, 0x55, 0xE8, 0xEC, 0xDF, 0xC1, 0xB1,
    0x59, 0x32, 0xD3, 0x5F, 0xD9, 0x62, 0xA1, 0x75, 0xD2, 0xB2, 0xD0, 0xFF, 0x6F, 0xF6, 0x04, 0xC4,
    0xAF, 0xBF, 0x86, 0xD7, 0x59, 0xFE, 0xEF, 0x01, 0xC0, 0xD1, 0x65, 0xF7, 0xDA, 0xEA, 0x7E, 0xD8,
    0x05, 0x26, 0x40, 0x07, 0x69, 0x1B, 0xA0, 0x6F, 0x74, 0xA2, 0x25, 0x35, 0xE4, 0x16, 0x15, 0x63,
    0x1C, 0xFC, 0xA6, 0x89, 0xD6, 0x91, 0xB5, 0xF0, 0x0B, 0xEC, 0x9E, 0x66, 0xEF, 0xFD, 0x86, 0x9F,
    0x3B, 0xBB, 0x5C, 0x73, 0xEF, 0x48, 0xBB, 0xA4, 0x73, 0x30, 0xE4, 0xC2, 0x0B, 0x6F, 0x9D, 0x3C,
    0x30, 0xB7, 0x83, 0x66, 0xEF, 0x1D, 0x43, 0xB2, 0x58, 0x4F, 0xDF, 0xCA, 0x04, 0x58, 0x47, 0x61,
    0xE5, 0x78, 0x44, 0xA9, 0xC7, 0x29, 0x7A, 0x3E, 0x4E, 0xED, 0x65, 0xCB, 0x8F, 0x2B, 0xF0, 0x3D,
    0x04, 0x87, 0xE3, 0x32, 0xF8, 0x10, 0x98, 0x01, 0x47, 0x40, 0xA1, 0x9F, 0x79, 0xD1, 0x32, 0x74,
    0xCE, 0x03, 0xBC, 0x0E, 0xB0, 0x49, 0x27, 0xD5, 0xBE, 0x73, 0x01, 0x75, 0x40, 0x19, 0x10, 0xAA,
    0x7C, 0xA9, 0xF1, 0xA5, 0xC2, 0x77, 0x9C, 0x05, 0x34, 0x01, 0x2A, 0xA0, 0x08, 0x88, 0xE3, 0xB1,
    0xCB, 0x20, 0xB7, 0x24, 0x4B, 0x38, 0x85, 0x03, 0x36, 0x15, 0xBB, 0xF7, 0x6D, 0x9F, 0x77, 0xBD,
    0x2C, 0x4A, 0xFA, 0x68, 0xEE, 0xB2, 0x8D, 0xE2, 0xD2, 0x1E, 0x28, 0x1E, 0x01, 0xF9, 0x12, 0xF8,
    0xFD, 0x5B, 0x42, 0x77, 0x81, 0xA2, 0xE3, 0xF2, 0xD2, 0xAC, 0xFE, 0xB5, 0xA5, 0x99, 0xDA, 0x2C,
    0xCD, 0xAA, 0xCD, 0xD2, 0xEC, 0x78, 0xB3, 0x34, 0xE3, 0x0D, 0x78, 0x42, 0xD2, 0xC2, 0x9C, 0xF4,
    0x13, 0x31, 0xE6, 0xD7, 0x5A, 0x9A, 0xAD, 0xDF, 0x5F, 0x6E, 0x01, 0x4A, 0x00, 0x26, 0x91, 0xF7,
    0xFF, 0x4F, 0x96, 0x69, 0x6C, 0x01, 0x28, 0x80, 0x1A, 0xE0, 0x31, 0xC0, 0x67, 0x37, 0xBB, 0x60,
    0xE3, 0xD6, 0x33, 0xB7, 0x4F, 0x97, 0x40, 0x62, 0xD8, 0xB4, 0x2D, 0x09, 0xA2, 0xE4, 0x5F, 0x76,
    0x75, 0x91, 0x11, 0x93, 0x15, 0x15, 0x99, 0x67, 0x8A, 0xFA, 0xD4, 0xCC, 0x98, 0x4A, 0x46, 0x9C,
    0x17, 0x76, 0x9E, 0x76, 0x21, 0x19, 0xE6, 0x36, 0x90, 0xD2, 0xCA, 0x4E, 0xA7, 0x92, 0x11, 0x1D,
    0x15, 0xAA, 0xE3, 0x21, 0x45, 0xBC, 0x56, 0x32, 0xE2, 0x91, 0x64, 0xD8, 0x6D, 0x58, 0x07, 0xCA,
    0x2D, 0x28, 0x60, 0x02, 0x1C, 0xB0, 0x89, 0x9A, 0x2C, 0x3E, 0x5D, 0x2F, 0xFA, 0x06, 0xA6, 0x78,
    0x66, 0xD9, 0xF7, 0xCC, 0xD5, 0x5F, 0xEA, 0xD3, 0x43, 0xA5, 0xE7, 0xA7, 0x4A, 0x1F, 0x77, 0x25,
    0x8D, 0x6D, 0x28, 0xCD, 0x19, 0x95, 0xEF, 0xF9, 0xDB, 0x85, 0x61, 0x1F, 0x48, 0xAC, 0x0D, 0xF4,
    0x55, 0x07, 0x3C, 0x7E, 0x0C, 0x4C, 0x26, 0xC0, 0xF6, 0xF6, 0x2B, 0x2F, 0x0B, 0xDE, 0xDC, 0x67,
    0x36, 0xE1, 0x68, 0x8F, 0xE2, 0x2F, 0x74, 0x9A, 0x5E, 0xB3, 0x26, 0xC8, 0x97, 0x40, 0x39, 0x5C,
    0x6C, 0x57, 0xBD, 0xF5, 0xFB, 0x57, 0x2E, 0x97, 0x73, 0x32, 0x4F, 0xD8, 0xA7, 0x52, 0xE9, 0xF5,
    0x6A, 0xAF, 0x3F, 0xDD, 0x15, 0x8D, 0x4A, 0x91, 0x7F, 0x6C, 0xD3, 0xB7, 0x0D, 0xAC, 0xB3, 0x5C,
    0x30, 0x07, 0x4F, 0x9B, 0xF7, 0x5D, 0x30, 0x07, 0x97, 0xBE, 0x3F, 0x0F, 0xB6, 0xBB, 0xCB, 0xE1,
    0x11, 0x4A, 0xC9, 0x32, 0x37, 0xF9, 0xC8, 0x6C, 0x96, 0x3E, 0x85, 0xEF, 0xAA, 0xB7, 0x87, 0x3A,
    0xCE, 0xE1, 0x17, 0x85, 0x2B, 0x33, 0x98, 0x42, 0x65, 0x76, 0x0A, 0x1F, 0xB2, 0xDE, 0xD7, 0xC9,
    0xB0, 0x16, 0xFF, 0x87, 0xEC, 0xE5, 0x05, 0xF0, 0x90, 0xC4, 0xDB, 0xB0, 0x60, 0xCF, 0x74, 0x7B,
    0xAD, 0xE8, 0x1F, 0xBE, 0xC9, 0x83, 0x19, 0x87, 0xF1, 0x25, 0x6C, 0xFE, 0xD2, 0xB8, 0x6B, 0xDB,
    0xC5, 0x1B, 0xD0, 0xF2, 0x06, 0x8C, 0x61, 0x6C, 0xF5, 0x95, 0xAC, 0xB4, 0x4D, 0xF7, 0xF8, 0xC1,
    0xF2, 0xEE, 0xD5, 0x76, 0x09, 0xF3, 0x65, 0x39, 0x4C, 0x0E, 0xA5, 0xAE, 0x7F, 0xE1, 0x1E, 0xA1,
    0x79, 0x04, 0x74, 0x1D, 0xC8, 0xF3, 0xC1, 0xE1, 0x1E, 0xB0, 0xFD, 0xC6, 0x2B, 0xDF, 0x23, 0xDC,
    0xBD, 0x05, 0x7B, 0x7B, 0xC8, 0x3F, 0x8E, 0x0C, 0x06, 0x30, 0xE6, 0x37, 0xED, 0x11, 0x8E, 0x39,
    0x47, 0x9D, 0x5F, 0x6C, 0x78, 0xDE, 0x29, 0x5E, 0xF9, 0x23, 0x70, 0x82, 0x0C, 0x26, 0xB2, 0x7F,
    0x5D, 0x92, 0x99, 0xE5, 0x6F, 0x92, 0xFF, 0xC1, 0x9B, 0x70, 0xFA, 0x00, 0x19, 0x60, 0x28, 0xC5,
    0x53, 0x43, 0x0C, 0x16, 0xDE, 0xE0, 0xBD, 0xC3, 0x25, 0xE7, 0x17, 0xE5, 0xDC, 0x1A, 0x15, 0x2E,
    0x39, 0x93, 0x73, 0x01, 0x76, 0x2C, 0x0B, 0x65, 0xC1, 0x18, 0x3F, 0xC7, 0xEB, 0xDF, 0x2A, 0xE3,
    0x28, 0xEC, 0xC1, 0x01, 0x93, 0x89, 0xBC, 0x19, 0xD9, 0xA4, 0x7E, 0x47, 0x03, 0xC0, 0x96, 0xB7,
    0x2A, 0x98, 0xE6, 0xC5, 0x96, 0x0C, 0x90, 0x7B, 0x50, 0xEF, 0x69, 0xE4, 0x7F, 0xEF, 0x26, 0x75,
    0x15, 0x6D, 0xD3, 0x3F, 0x98, 0x7C, 0x7E, 0x07, 0xE0, 0xDE, 0xE0, 0x87, 0x9E, 0x9F, 0xFB, 0xDC,
    0xDA, 0x86, 0x52, 0x41, 0xF1, 0x89, 0x21, 0xFD, 0xB7, 0x16, 0x8C, 0xB9, 0xD1, 0xCD, 0xB7, 0xDD,
    0x5D, 0xEA, 0x43, 0x36, 0xD3, 0xD2, 0xF5, 0x36, 0x06, 0x1B, 0x0D, 0x52, 0x18, 0x85, 0x51, 0x90,
    0xDA, 0xCF, 0x6F, 0x54, 0x17, 0x0F, 0x49, 0x65, 0xB6, 0xB2, 0x99, 0x6E, 0xAF, 0x25, 0x2A, 0x4C,
    0x58, 0xB2, 0x3A, 0xA7, 0x34, 0xBB, 0x54, 0x20, 0x08, 0xC7, 0x50, 0x74, 0x90, 0xAC, 0xA4, 0xD3,
    0x42, 0x3A, 0x00, 0x27, 0xD2, 0xD1, 0xA0, 0x8C, 0xF8, 0x3F, 0xDB, 0x54, 0x7A, 0x4B, 0x00, 0xA8,
    0xD8, 0xAC, 0x43, 0x8B, 0x15, 0x8D, 0xD7, 0x67, 0x09, 0x0E, 0xE6, 0xD0, 0x3C, 0xA2, 0x38, 0x87,
    0x13, 0x4D, 0x61, 0xC9, 0xEC, 0xFB, 0x85, 0xF5, 0x5E, 0xDF, 0xFB, 0x71, 0x9C, 0x6D, 0x28, 0x83,
    0x69, 0x16, 0xDE, 0x2F, 0x05, 0x28, 0xCD, 0x4B, 0x03, 0x40, 0x01, 0x0B, 0xE0, 0x0C, 0xEE, 0xC0,
    0xE4, 0xC2, 0x1A, 0x2F, 0x36, 0x81, 0xCB, 0x56, 0x43, 0x93, 0x50, 0x7A, 0xBD, 0x25, 0xF2, 0x49,
    0x3A, 0x54, 0x90, 0x61, 0xA4, 0x10, 0xE1, 0xC4, 0x77, 0x1C, 0xA4, 0x6E, 0x53, 0x77, 0x40, 0xBD,
    0xF6, 0x0E, 0x0A, 0xA9, 0xCD, 0x4D, 0x40, 0x0B, 0xB9, 0x1B, 0x63, 0xD2, 0x00, 0xD5, 0x06, 0x9B,
    0xFA, 0xF9, 0x76, 0xCF, 0x89, 0x37, 0x9C, 0x7C, 0x0D, 0xF7, 0x1C, 0x8B, 0xB0, 0xC6, 0x2A, 0x2D,
    0x92, 0x8F, 0x23, 0x57, 0x3A, 0x1F, 0xC8, 0x3D, 0x71, 0xC7, 0x65, 0x49, 0xDA, 0x91, 0x2E, 0xE5,
    0x40, 0xD9, 0x64, 0xA1, 0x17, 0x03, 0x4F, 0xC6, 0x6A, 0x3D, 0x59, 0x76, 0xF0, 0x37, 0xEB, 0xA2,
    0x68, 0x33, 0xF1, 0x8E, 0xC5, 0xC8, 0x2F, 0xC1, 0x7B, 0x2F, 0x90, 0xE3, 0x17, 0xE1, 0x4A, 0x3B,
    0x3E, 0x53, 0x6F, 0x1A, 0xDF, 0x4F, 0x93, 0xA1, 0x66, 0x56, 0x53, 0x47, 0x9B, 0x5E, 0xB6, 0xFF,
    0x05, 0x63, 0xFC, 0xC2, 0xC0, 0xFC, 0x97, 0x81, 0x3F, 0x9E, 0xC1, 0x86, 0xF9, 0x80, 0xFC, 0x84,
    0x0B, 0xF6, 0xFF, 0x0F, 0x14, 0xE4, 0x3B, 0xD8, 0xFF, 0xFF, 0x03, 0x44, 0x1A, 0xB6, 0x36, 0x26,
    0x32, 0x35, 0xB6, 0x26, 0x3A, 0xDC, 0x17, 0xEC, 0xBF, 0x54, 0xD8, 0x6C, 0xD0, 0x81, 0xCB, 0x03,
    0x00, 0xC5, 0xD5, 0x01, 0x84, 0x24, 0xE9, 0x19, 0x87, 0xF1, 0x5F, 0x55, 0xF5, 0x4E, 0xDF, 0x4E,
    0x45, 0x6A, 0xC2, 0x24, 0x26, 0xCC, 0x6D, 0x07, 0x1B, 0x0E, 0x63, 0xFB, 0xC4, 0xE2, 0x30, 0xDD,
    0x5D, 0x12, 0x10, 0x60, 0x90, 0x15, 0x04, 0x17, 0x80, 0xBB, 0x60, 0x0F, 0x70, 0x98, 0xD9, 0xAD,
    0x00, 0x02, 0x2C, 0x10, 0x80, 0xC3, 0xE2, 0xEE, 0x60, 0x0F, 0xC1, 0x90, 0x59, 0x53, 0x11, 0x40,
    0xA0, 0x72, 0x91, 0x1C, 0xE0, 0x4A, 0x02, 0x38, 0x5C, 0x49, 0x2A, 0xAE, 0x37, 0xD7, 0x33, 0x95,
    0xFA, 0x64, 0x87, 0x33, 0xB9, 0x93, 0x9B, 0xE9, 0xDE, 0x4E, 0xD7, 0xFB, 0x7E, 0x65, 0xBE, 0xE9,
    0xE1, 0x79, 0xBE, 0xB7, 0xE6, 0x5F, 0xA2, 0x1C, 0x49, 0x83, 0xB4, 0x41, 0x36, 0xC7, 0xF8, 0x10,
    0x93, 0x29, 0x0E, 0xC7, 0x98, 0x67, 0x39, 0x4D, 0x5A, 0x8A, 0x9B, 0x61, 0x29, 0xA9, 0x92, 0xDA,
    0xF0, 0xCF, 0x3F, 0x6D, 0x64, 0x5D, 0xD7, 0xCA, 0xDE, 0x7F, 0x7F, 0x6E, 0xCC, 0x89, 0x29, 0x13,
    0x47, 0xCC, 0x9C, 0x30, 0x02, 0xC8, 0x91, 0xD4, 0x17, 0x4B, 0x54, 0xE0, 0xC0, 0xA8, 0xCB, 0x47,
    0x4F, 0x2A, 0x49, 0x23, 0x6A, 0x68, 0x36, 0xCE, 0x9B, 0x59, 0xD7, 0x3C, 0xD5, 0xCC, 0x35, 0xAD,
    0xE6, 0x44, 0xF3, 0xF0, 0x93, 0x66, 0xD4, 0x35, 0xB6, 0x84, 0x5A, 0x84, 0x72, 0x1B, 0x90, 0xD5,
    0xB8, 0x39, 0x87, 0x16, 0x71, 0x85, 0xA8, 0xE0, 0xC5, 0x99, 0x44, 0x8F, 0xC5, 0xE7, 0x8C, 0x38,
    0xE2, 0xAD, 0x2B, 0xF2, 0xB3, 0x0D, 0xFB, 0x30, 0x27, 0xFA, 0x7D, 0xC5, 0xF0, 0xEF, 0x39, 0xA3,
    0x63, 0xEC, 0xBF, 0x0C, 0x03, 0x5E, 0xF4, 0x1C, 0x12, 0x64, 0x05, 0x53, 0xEE, 0x1E, 0xB3, 0xD8,
    0x92, 0x7C, 0x4C, 0xFA, 0xA3, 0x02, 0x38, 0x10, 0x9C, 0x04, 0x29, 0x01, 0x22, 0x68, 0x69, 0xF4,
    0x62, 0x7A, 0x33, 0xBD, 0x9A, 0xDE, 0x4D, 0x2F, 0xA7, 0xB7, 0xD3, 0xEB, 0x09, 0x7E, 0xB6, 0x60,
    0x00, 0xFB, 0x30, 0x46, 0xF4, 0x87, 0x32, 0x18, 0x96, 0xEB, 0x35, 0xDC, 0x14, 0xF4, 0x92, 0xCA,
    0xDD, 0xA6, 0x97, 0xEB, 0xDD, 0x82, 0x9A, 0xAB, 0xCE, 0xEA, 0x46, 0x8E, 0x51, 0x03, 0x0D, 0xE2,
    0x26, 0x0C, 0xAC, 0x60, 0xD8, 0x58, 0xA7, 0xCE, 0x81, 0x64, 0xC1, 0x1D, 0x8E, 0xDC, 0xFD, 0xE0,
    0xFA, 0x3A, 0x9B, 0x31, 0x66, 0x1D, 0x3E, 0x38, 0x01, 0x88, 0x4A, 0x6B, 0xD6, 0x89, 0xF2, 0x22,
    0xEB, 0xAA, 0x97, 0xEF, 0x17, 0x70, 0x97, 0x85, 0x6B, 0xE9, 0x2C, 0xCD, 0xBF, 0xFA, 0x1C, 0xBB,
    0xE4, 0xB3, 0x74, 0xB2, 0xF9, 0x06, 0x4C, 0xE1, 0x18, 0x51, 0x8D, 0xDB, 0xBF, 0xBA, 0xB0, 0x1C,
    0x2D, 0xB0, 0x51, 0x83, 0x17, 0xED, 0x9B, 0xE4, 0xB2, 0xC2, 0x1D, 0xDE, 0xB6, 0xF9, 0xAD, 0xA2,
    0x97, 0x4B, 0x3A, 0xDE, 0x75, 0xBD, 0x91, 0xED, 0xC2, 0x14, 0xB2, 0x02, 0x49, 0x89, 0xDB, 0x3F,
    0xB6, 0x7E, 0xAD, 0x61, 0x2E, 0xFC, 0x55, 0xC3, 0xF1, 0x72, 0x5A, 0x69, 0x8D, 0xCD, 0x39, 0x1C,
    0x23, 0xAE, 0xF1, 0xFD, 0xF5, 0x0F, 0x8A, 0xF8, 0x4C, 0x74, 0xDF, 0xAA, 0x06, 0x35, 0xFE, 0x35,
    0x7E, 0x7B, 0x8E, 0xAD, 0x6D, 0xDC, 0xBE, 0xB9, 0x76, 0xA3, 0x3C, 0x4F, 0xFF, 0x55, 0xDD, 0x3A,
    0x2D, 0x07, 0x6C, 0x46, 0x4B, 0xE8, 0xAC, 0x1A, 0x7D, 0x89, 0x94, 0xD8, 0x8C, 0xAF, 0xE9, 0x71,
    0x29, 0x22, 0xEE, 0xDD, 0x3B, 0xE8, 0xBA, 0x79, 0x5F, 0x73, 0xBE, 0x58, 0x5D, 0xD7, 0xF4, 0x35,
    0xE7, 0xBF, 0xF6, 0xCF, 0xFA, 0x82, 0x2D, 0x5A, 0xD1, 0x9C, 0x9F, 0xB3, 0x2D, 0xEE, 0xAA, 0xEC,
    0x93, 0x76, 0x6C, 0x31, 0x31, 0x39, 0x34, 0x39, 0xED, 0xCE, 0xFB, 0x3A, 0xA1, 0xAF, 0x09, 0xB3,
    0x5C, 0xD6, 0xCD, 0xE3, 0xDE, 0xF4, 0x06, 0xDB, 0x1C, 0x09, 0xB5, 0x0D, 0xD1, 0x19, 0xAF, 0x33,
    0xE6, 0x35, 0xB6, 0xAE, 0xCB, 0xF3, 0x2E, 0x1D, 0x19, 0x53, 0x5E, 0xBB, 0x1A, 0x4F, 0xF4, 0xE8,
    0x20, 0x3D, 0xAF, 0xBF, 0x39, 0x2E, 0xC0, 0x75, 0x01, 0x48, 0x9E, 0x35, 0xD9, 0x69, 0x35, 0x88,
    0x70, 0x35, 0x00, 0x42, 0x67, 0x98, 0xF2, 0xEA, 0x31, 0x8B, 0x77, 0x24, 0x9F, 0x92, 0x0E, 0x8B,
    0x0B, 0x22, 0x3D, 0x8F, 0xD0, 0x73, 0x2E, 0x77, 0x20, 0x13, 0x7A, 0xCE, 0x97, 0x76, 0xC0, 0x0B,
    0x0D, 0x24, 0x39, 0x69, 0xC9, 0x98, 0xBD, 0x7D, 0x1E, 0x6E, 0x89, 0x3E, 0x2F, 0x24, 0xBF, 0xAC,
    0x80, 0x6D, 0x81, 0x5C, 0x8F, 0xAE, 0x67, 0xD7, 0xC3, 0xEB, 0xE9, 0xF5, 0xEC, 0x42, 0x9F, 0x20,
    0xF4, 0x84, 0xE0, 0x10, 0x24, 0x04, 0x8B, 0x0B, 0x8D, 0x11, 0x69, 0xE9, 0x07, 0x4D, 0xEF, 0xD0,
    0x2B, 0x04, 0x83, 0x25, 0x4E, 0x54, 0xE2, 0x79, 0xB2, 0xEE, 0x1D, 0xF7, 0xA0, 0x3D, 0x67, 0xC0,
    0xBC, 0xF2, 0xE9, 0x92, 0xF4, 0x90, 0x4F, 0xD9, 0xF7, 0x6A, 0x6B, 0xF1, 0x68, 0x69, 0xB0, 0x9F,
    0xA0, 0x43, 0x96, 0x73, 0x71, 0x8C, 0x56, 0x76, 0x8C, 0xF1, 0xA3, 0x22, 0xEB, 0xCA, 0xDD, 0x71,
    0x0E, 0xAF, 0xB2, 0xB0, 0x34, 0xB0, 0xB8, 0x7D, 0x2B, 0xED, 0xEA, 0x1B, 0x1B, 0x39, 0xEC, 0xF1,
    0xD0, 0xF5, 0x0E, 0x73, 0x55, 0x48, 0x97, 0xF2, 0x63, 0x39, 0xAA, 0x4B, 0x89, 0x72, 0xEA, 0xF5,
    0x22, 0x2D, 0xEE, 0xD8, 0xB1, 0x6D, 0xFA, 0x3F, 0xAF, 0x37, 0x74, 0x79, 0x5A, 0x8C, 0xED, 0x61,
    0xF2, 0x95, 0xD7, 0xF6, 0xF4, 0xF2, 0xC7, 0x60, 0x3A, 0xDB, 0x19, 0x4C, 0x1E, 0xEC, 0x30, 0xF9,
    0xE2, 0x47, 0xD8, 0xB3, 0xF1, 0x1E, 0x4E, 0xBB, 0x4A, 0x72, 0xFE, 0xB3, 0x56, 0x56, 0x39, 0x33,
    0xCA, 0xCD, 0xCC, 0xF4, 0xF7, 0x09, 0x59, 0x71, 0x48, 0x56, 0x1E, 0x92, 0x96, 0x27, 0x61, 0x39,
    0x14, 0x96, 0xB0, 0x37, 0x25, 0x2B, 0x66, 0x8C, 0x8D, 0x0A, 0x0F, 0xA4, 0x75, 0xB4, 0x10, 0xF7,
    0x47, 0xC9, 0xFD, 0xAE, 0x20, 0x3A, 0x80, 0x1C, 0x71, 0x73, 0xB1, 0x78, 0x84, 0xC1, 0xF3, 0x27,
    0xEE, 0xF3, 0xB9, 0x71, 0x7E, 0x64, 0x62, 0xEC, 0xD0, 0xC8, 0x89, 0x2C, 0x3F, 0xEE, 0x3B, 0xDC,
    0xC3, 0xCF, 0x61, 0x3F, 0xFC, 0x3E, 0x7C, 0x2F, 0x7C, 0xDF, 0x00, 0xA1, 0xA7, 0x98, 0x61, 0x07,
    0x60, 0xD8, 0x22, 0x3E, 0x81, 0x43, 0xA8, 0xA1, 0xE0, 0x45, 0xCB, 0xBD, 0x81, 0xD3, 0x82, 0xB4,
    0x60, 0x84, 0xBD, 0x25, 0xE5, 0xE0, 0xC2, 0x6B, 0x02, 0x73, 0x7C, 0x58, 0x93, 0xFC, 0x33, 0x27,
    0x7D, 0x8A, 0x97, 0x33, 0x0C, 0xBC, 0x78, 0x37, 0x10, 0x3F, 0x4F, 0xE0, 0x11, 0xBB, 0xCF, 0x13,
    0xF8, 0xB3, 0x52, 0xF2, 0xBB, 0x1A, 0x2B, 0x71, 0x7D, 0x05, 0xA6, 0x90, 0xE5, 0xF8, 0x53, 0x49,
    0xD2, 0xAE, 0xDD, 0x35, 0xC2, 0xB0, 0x20, 0xA9, 0xD0, 0xB2, 0xFB, 0x1A, 0x0F, 0xAD, 0xDA, 0x35,
    0x6B, 0x70, 0xE3, 0x18, 0x51, 0x8B, 0x0F, 0xAB, 0xFF, 0xCF, 0x5C, 0xCF, 0xF1, 0x24, 0x27, 0xCB,
    0xED, 0x4E, 0x78, 0xF8, 0xCA, 0x8A, 0x3D, 0x47, 0x1F, 0x15, 0x4C, 0x3B, 0x6C, 0x6D, 0x43, 0x85,
    0xA4, 0xB5, 0x6E, 0xCF, 0x83, 0x2D, 0xC9, 0x79, 0x23, 0x7D, 0xBD, 0x02, 0x76, 0xAD, 0x78, 0xA6,
    0x39, 0xA2, 0x1A, 0xC3, 0x39, 0xB2, 0x3B, 0xD8, 0xDD, 0x04, 0xAC, 0x3F, 0x55, 0x97, 0x90, 0xBC,
    0x6A, 0xDA, 0xDA, 0x85, 0x23, 0x68, 0x11, 0x57, 0xC3, 0x92, 0x7C, 0x58, 0xF6, 0xD2, 0x69, 0xD1,
    0x4B, 0x7F, 0x9C, 0xF7, 0xD2, 0xE7, 0x56, 0x2F, 0x8D, 0xA4, 0x24, 0x2D, 0x19, 0x63, 0x3F, 0x7E,
    0x44, 0x52, 0x19, 0x24, 0x55, 0xDC, 0x7D, 0x54, 0x66, 0x9F, 0x77, 0xF9, 0x38, 0x7F, 0x70, 0x35,
    0x41, 0x90, 0x42, 0x56, 0x20, 0xA9, 0xA1, 0x09, 0x42, 0x5B, 0xEB, 0x11, 0xAA, 0xD1, 0x62, 0x82,
    0x6C, 0x79, 0xA1, 0xAF, 0x78, 0x1F, 0x06, 0xA1, 0x62, 0x29, 0xA1, 0xAB, 0xBF, 0x0F, 0x7B, 0x99,
    0xBD, 0x25, 0x65, 0x2E, 0xE5, 0xC9, 0xF7, 0x76, 0x82, 0x87, 0xB5, 0x0C, 0x26, 0x7E, 0xF6, 0x1B,
    0xC3, 0x27, 0xB5, 0x28, 0xFA, 0xE1, 0x8A, 0x86, 0xC2, 0xD2, 0xF4, 0x4B, 0x84, 0x43, 0xBC, 0xBC,
    0xC5, 0xA5, 0x30, 0x38, 0x10, 0xE5, 0x6D, 0xAF, 0xF3, 0x75, 0x7B, 0xDE, 0xF7, 0x22, 0x78, 0x04,
    0x83, 0x7C, 0x66, 0xD4, 0x9D, 0x49, 0xBA, 0x96, 0x6F, 0x63, 0x80, 0x31, 0x66, 0xB8, 0xC9, 0xBE,
    0xC9, 0x97, 0xD6, 0xC4, 0x64, 0x6A, 0x32, 0xCE, 0x27, 0x59, 0x77, 0x16, 0x77, 0x0B, 0x03, 0xA1,
    0xA6, 0x42, 0xED, 0x00, 0xA7, 0x39, 0xBF, 0x78, 0x9E, 0x12, 0xB7, 0xF0, 0xD2, 0x8A, 0x49, 0xDF,
    0xA3, 0xCB, 0xA5, 0xB9, 0x31, 0x7B, 0x5C, 0x89, 0x15, 0xC4, 0x25, 0x86, 0x15, 0xB2, 0x1C, 0x13,
    0xE1, 0xD6, 0x2F, 0x3D, 0xE5, 0x7D, 0xAD, 0xE1, 0x59, 0x58, 0x2A, 0x01, 0xE4, 0x6B, 0x2F, 0x81,
    0x58, 0x40, 0x16, 0x98, 0x05, 0x68, 0x81, 0x5A, 0xC0, 0x26, 0x70, 0x83, 0xA4, 0x20, 0x2B, 0x98,
    0xE2, 0x6D, 0x8F, 0x6D, 0x69, 0x89, 0x9A, 0x7D, 0xB3, 0x7A, 0xDF, 0x34, 0xEF, 0xA9, 0x7D, 0x59,
    0x87, 0xAB, 0x77, 0xD1, 0xCB, 0xE8, 0x6D, 0x04, 0x1D, 0x03, 0x80, 0x77, 0x60, 0x0E, 0x13, 0xC8,
    0x82, 0x50, 0xB4, 0x1E, 0xA1, 0xA8, 0x0A, 0xF8, 0x38, 0xC4, 0x2D, 0x8F, 0x0D, 0x56, 0x21, 0x74,
    0x9A, 0x23, 0x3C, 0x43, 0xD2, 0x12, 0xB7, 0x82, 0xD0, 0x4B, 0x6B, 0x10, 0x7A, 0x0F, 0x5D, 0x4E,
    0x9A, 0x33, 0xF6, 0xD8, 0xDE, 0x0A, 0x64, 0xA2, 0x67, 0x6F, 0x93, 0x7C, 0xDA, 0x10, 0x47, 0xF9,
    0xFA, 0x9E, 0xB4, 0xE4, 0xD9, 0x07, 0xD2, 0xD3, 0xCA, 0x8D, 0xC8, 0x63, 0x56, 0xE0, 0x81, 0x35,
    0xD1, 0x0F, 0x60, 0x0C, 0x33, 0xB8, 0x09, 0x56, 0x60, 0x11, 0x7A, 0x8A, 0xD0, 0x3B, 0xB8, 0x8D,
    0x7D, 0x64, 0x04, 0x2A, 0x51, 0x01, 0xE0, 0x29, 0xF3, 0x99, 0xB8, 0x19, 0xE5, 0xC3, 0x2A, 0x2B,
    0xB3, 0x32, 0xA9, 0x47, 0xE2, 0x66, 0xCA, 0xE2, 0x84, 0x07, 0x2D, 0xE3, 0x9A, 0xAC, 0x24, 0x2D,
    0xBE, 0xBA, 0x1F, 0xD1, 0xB0, 0xCF, 0x88, 0x0D, 0x00, 0x0E, 0x8D, 0x7B, 0xC0, 0x90, 0x4C, 0x0E,
    0xFB, 0xD0, 0xCF, 0x8A, 0x76, 0x58, 0x36, 0xC9, 0x1F, 0x9B, 0xF8, 0xAF, 0x95, 0x7F, 0x94, 0x4E,
    0xC3, 0xA9, 0x98, 0x71, 0x87, 0x7D, 0xD1, 0xDC, 0x69, 0xE3, 0x34, 0xB7, 0xCD, 0xC1, 0x91, 0xA8,
    0x9D, 0x49, 0x02, 0x55, 0x99, 0x96, 0x59, 0xF1, 0x1F, 0xAA, 0x09, 0xF3, 0x40, 0xD5, 0x7C, 0x3D,
    0x2A, 0x88, 0x90, 0x95, 0x84, 0xDE, 0xB8, 0x44, 0xE4, 0x0B, 0x44, 0x7F, 0xAB, 0x7C, 0xD6, 0x13,
    0x95, 0x81, 0x68, 0x4C, 0x20, 0x1A, 0xDC, 0x6B, 0x67, 0x5D, 0x3D, 0x7B, 0xD3, 0x77, 0xC1, 0xB8,
    0xE4, 0x3B, 0x35, 0x71, 0xCD, 0xB0, 0x60, 0xC3, 0xCA, 0x48, 0x2F, 0x07, 0xFD, 0xD5, 0x38, 0xDD,
    0x6B, 0x75, 0xB5, 0x37, 0xB1, 0xFD, 0x12, 0xDD, 0x53, 0xD1, 0x5F, 0x5A, 0xC0, 0x0A, 0x19, 0x85,
    0x7F, 0xB4, 0xF4, 0x49, 0x1D, 0x45, 0x39, 0xD7, 0x67, 0xFC, 0x37, 0x8C, 0x8E, 0x81, 0x86, 0x1C,
    0x31, 0x1C, 0xC6, 0x7F, 0x3B, 0x83, 0x20, 0x4C, 0xA0, 0x80, 0xEE, 0x05, 0xA0, 0xD8, 0xDE, 0x00,
    0x1C, 0x26, 0x37, 0x61, 0x71, 0x28, 0xDC, 0xA3, 0x1C, 0xE0, 0x10, 0x3A, 0xDA, 0x17, 0xB9, 0x87,
    0x58, 0x2C, 0xAA, 0x1B, 0x7B, 0x2F, 0x90, 0xBE, 0xC1, 0xB4, 0x4F, 0x10, 0x4C, 0x39, 0x5C, 0x6D,
    0xFF, 0x11, 0xB0, 0x6C, 0xF5, 0xC6, 0x37, 0xBE, 0xFF, 0xF7, 0xFB, 0xF2, 0x8F, 0x8C, 0xA7, 0x53,
    0xAA, 0x7F, 0xF9, 0xF2, 0x45, 0xEB, 0xB8, 0xC2, 0x31, 0x10, 0x08, 0x18, 0x6F, 0xBC, 0xC5, 0x4A,
    0xDE, 0x9C, 0xCD, 0x9D, 0xF2, 0x57, 0xC6, 0x3B, 0xCB, 0x70, 0x4D, 0xB8, 0x2D, 0x32, 0x9F, 0xA2,
    0xC8, 0xEA, 0xC9, 0x16, 0xCE, 0x66, 0x7D, 0x4E, 0x4C, 0x21, 0x0C, 0x67, 0x1A, 0x4F, 0xAF, 0x22,
    0x19, 0xFE, 0xAF, 0x1B, 0xF8, 0xF0, 0xA6, 0xF5, 0x0A, 0x2F, 0xAE, 0xDB, 0x34, 0xE6, 0xC3, 0xCB,
    0xE1, 0xE5, 0x73, 0xB6, 0xC9, 0x71, 0x8D, 0xE5, 0x3B, 0x23, 0xA3, 0xAF, 0xB3, 0xCE, 0x38, 0x80,
    0xFE, 0x95, 0x50, 0x3C, 0xF4, 0x2C, 0xC5, 0x77, 0xA6, 0x99, 0xAB, 0xB7, 0xB1, 0xBA, 0x9E, 0xAA,
    0x5B, 0xEA, 0x39, 0xD7, 0x47, 0xB5, 0xC8, 0x5E, 0x38, 0xE4, 0xFE, 0x0F, 0x3A, 0xFF, 0xCE, 0xDF,
    0x9C, 0x85, 0xE6, 0x57, 0x1A, 0x1E, 0x8D, 0xA7, 0x3D, 0xA6, 0x61, 0xA7, 0x3D, 0xFA, 0x4B, 0x75,
    0xDB, 0x54, 0xEE, 0x56, 0xF5, 0x5C, 0xA0, 0xEC, 0xC1, 0x42, 0xB9, 0x07, 0x72, 0x33, 0xB7, 0x51,
    0xFB, 0x8E, 0x0D, 0xEF, 0x24, 0xED, 0x57, 0x73, 0x96, 0x2B, 0xD4, 0x36, 0x1A, 0xE5, 0xD7, 0x1D,
    0x37, 0xEF, 0x0B, 0x1C, 0x84, 0xEE, 0x04, 0x67, 0xB5, 0x3D, 0x4A, 0xB1, 0x9D, 0xD6, 0x9D, 0x96,
    0xAA, 0x23, 0xF0, 0x11, 0x83, 0xF2, 0x6D, 0x24, 0x71, 0x1F, 0x24, 0x4A, 0x16, 0x70, 0xE7, 0xDB,
    0x67, 0x41, 0xC2, 0x04, 0x0E, 0x42, 0x0B, 0x2E, 0xBC, 0x14, 0xC7, 0xD2, 0x94, 0xEA, 0x9E, 0xA7,
    0x55, 0x6E, 0x93, 0x99, 0x7A, 0x6E, 0xE9, 0x31, 0x53, 0x9B, 0x56, 0x99, 0xA7, 0x07, 0xF6, 0x38,
    0x2C, 0x26, 0xAA, 0x64, 0xA2, 0xC5, 0x49, 0x7E, 0x00, 0xB4, 0x47, 0x28, 0x92, 0x21, 0x00, 0x19,
    0x9A, 0x19, 0xDA, 0x78, 0x5E, 0x3D, 0xFE, 0xBB, 0x22, 0x2F, 0xFB, 0xD0, 0xFC, 0xCC, 0x79, 0x91,
    0x57, 0xFC, 0x98, 0xF5, 0xDD, 0xD7, 0xE7, 0xD8, 0x19, 0xAD, 0xFC, 0x66, 0xFD, 0x77, 0x7C, 0xFC,
    0x0C, 0x22, 0x22, 0x2C, 0x2C, 0x0C, 0x00, 0x7C, 0x8F, 0x01, 0x66, 0x04, 0x31, 0x18, 0x46, 0xDF,
    0xEE, 0x20, 0x88, 0x6E, 0x8A, 0x02, 0xD5, 0x0D, 0x14, 0x90, 0xDD, 0x00, 0x0C, 0xB2, 0x92, 0xDB,
    0xF4, 0x0A, 0x45, 0xAB, 0x73, 0xB0, 0xD6, 0xE6, 0x08, 0x3D, 0xC2, 0x1C, 0xA0, 0x28, 0x82, 0x41,
    0x66, 0xD2, 0x3F, 0x0A, 0x05, 0x95, 0x87, 0x3F, 0xDF, 0x97, 0xBC, 0x88, 0x2A, 0xD8, 0x95, 0x8B,
    0x25, 0x18, 0x9E, 0xB5, 0x20, 0x83, 0x6C, 0x7B, 0x28, 0x15, 0x01, 0x2A, 0xFB, 0x2F, 0xB4, 0xE3,
    0xC1, 0x11, 0x1C, 0x6F, 0x2D, 0x09, 0x38, 0x84, 0xB8, 0xC4, 0x65, 0x24, 0x4E, 0xB1, 0xEC, 0xDE,
    0x09, 0xE9, 0xA5, 0x95, 0xEB, 0x27, 0xAF, 0xA8, 0x0D, 0x93, 0xF0, 0x0B, 0x71, 0xEB, 0xB2, 0xA0,
    0xB9, 0x18, 0xEC, 0xD6, 0x7D, 0xB1, 0x75, 0x38, 0xC1, 0x08, 0xDF, 0xEC, 0x66, 0xF6, 0x99, 0x21,
    0xA3, 0x12, 0x3A, 0xF5, 0x03, 0x7E, 0xA5, 0x5F, 0x39, 0x60, 0x2A, 0xC7, 0x0F, 0x46, 0x99, 0x4D,
    0xF7, 0xE8, 0x05, 0xFD, 0xDB, 0xDA, 0x2E, 0x14, 0x89, 0x6E, 0x70, 0x44, 0x1E, 0xF6, 0x92, 0x4F,
    0xFC, 0xFF, 0x8F, 0x21, 0xFB, 0x7C, 0xCD, 0x4F, 0x79, 0xF8, 0xB3, 0xEE, 0x4B, 0xAC, 0x8F, 0x27,
    0x1C, 0x23, 0xB3, 0x9A, 0x6E, 0xF0, 0x2D, 0x36, 0x2B, 0xD9, 0x5D, 0x50, 0x45, 0x55, 0xCE, 0x1C,
    0x6E, 0xCF, 0xB1, 0xFA, 0xF9, 0x67, 0x43, 0x27, 0x0C, 0x00, 0x75, 0xCF, 0x01, 0x06, 0xC3, 0x30,
    0x1C, 0x85, 0xF1, 0x2F, 0x0D, 0x2B, 0x8A, 0x1E, 0x60, 0xAC, 0x47, 0xD8, 0x05, 0xB6, 0x35, 0x37,
    0x4B, 0x0E, 0x35, 0x00, 0x9A, 0x23, 0xF4, 0x08, 0xC5, 0x0E, 0x50, 0x14, 0x1D, 0x6D, 0xDF, 0xB2,
    0xAC, 0x36, 0x30, 0xFC, 0xF8, 0xBC, 0x08, 0xFE, 0x54, 0x1B, 0x74, 0xC2, 0xCC, 0x06, 0x3B, 0x40,
    0x19, 0x41, 0x9A, 0x93, 0x89, 0x3A, 0x90, 0x49, 0x43, 0x56, 0xC5, 0xCF, 0xBB, 0x1D, 0xC1, 0xAC,
    0x06, 0xBC, 0x42, 0xFA, 0xEF, 0x24, 0x91, 0xC0, 0x85, 0x9F, 0xEB, 0x1D, 0xDA, 0x09, 0x23, 0x47,
    0xB3, 0xC0, 0xE9, 0xDF, 0xB6, 0x2B, 0x34, 0x60, 0xB5, 0x50, 0x38, 0x0F, 0x34, 0x59, 0x2B, 0xC5,
    0x37, 0xCA, 0x09, 0xCE, 0x11, 0xB3, 0xF2, 0xDD, 0x6A, 0x07, 0x59, 0x7F, 0xC0, 0x4A, 0x8E, 0xEE,
    0x89, 0x97, 0x42, 0xE2, 0x28, 0x7B, 0x30, 0x23, 0xA9, 0x93, 0x2D, 0x37, 0xC7, 0x3E, 0x75, 0xC0,
    0x3F, 0xA0, 0x05, 0xEA, 0xFD, 0x0E, 0x16, 0xE0, 0x06, 0x34, 0x0E, 0xAA, 0xC8, 0x0B, 0x95, 0xCF,
    0x21, 0x4C, 0xC3, 0x40, 0x18, 0xC5, 0xF1, 0xDF, 0xAD, 0x62, 0x62, 0x62, 0x18, 0x2C, 0xC5, 0x9B,
    0x21, 0x48, 0x10, 0x0C, 0x52, 0xEF, 0xAB, 0xF1, 0x0E, 0xB9, 0x04, 0xB1, 0x9B, 0xF7, 0x7E, 0x1E,
    0x6F, 0x10, 0x70, 0xC1, 0x60, 0xE7, 0x55, 0x83, 0x0F, 0xA9, 0x40, 0x4C, 0xC0, 0xCA, 0x8E, 0x36,
    0x59, 0x70, 0x23, 0xB9, 0x13, 0xDF, 0x7B, 0xC9, 0xFB, 0xBF, 0x07, 0x24, 0x8C, 0x23, 0x4A, 0x78,
    0xE9, 0xBA, 0xAE, 0x99, 0xD5, 0x75, 0x5D, 0x65, 0x4D, 0x48, 0x00, 0x2A, 0x61, 0xA3, 0x68, 0x4D,
    0xBF, 0xDC, 0x7E, 0x38, 0x7F, 0x25, 0x1D, 0xF1, 0x00, 0xF7, 0x30, 0x87, 0xB2, 0xCA, 0x88, 0xCD,
    0x69, 0x5D, 0xDF, 0x45, 0xDC, 0x0C, 0x2E, 0x88, 0x47, 0x65, 0x5E, 0xBE, 0x99, 0x7D, 0x9B, 0x7C,
    0x2A, 0x9A, 0x03, 0x22, 0x29, 0x72, 0xE3, 0xD1, 0xA6, 0xC4, 0x36, 0x23, 0x76, 0x79, 0xC5, 0xF6,
    0x57, 0x0B, 0xD9, 0xFD, 0xFF, 0x8A, 0x0C, 0xDA, 0x99, 0x6C, 0x1D, 0x40, 0xCF, 0x6B, 0x96, 0x0D,
    0x4B, 0x5C, 0x25, 0x2E, 0xDA, 0xFD, 0x9F, 0x63, 0x8A, 0x22, 0xA1, 0xC5, 0x1F, 0xA1, 0x02, 0xA3,
    0xC7, 0x24, 0x74, 0x89, 0x32, 0xF2, 0x10, 0x85, 0xF7, 0x68, 0xBC, 0x8A, 0xCE, 0xB0, 0x20, 0x34,
    0x8C, 0x23, 0xC3, 0xE9, 0x64, 0xF8, 0x0B, 0xBD, 0x96, 0xBD, 0xD0, 0x70, 0x10, 0x56, 0x39, 0xA3,
    0xCF, 0xCA, 0x99, 0x39, 0x3B, 0xEC, 0x19, 0x40, 0xD5, 0xB3, 0xA7, 0x98, 0xA3, 0x1D, 0xCE, 0xBE,
    0x6B, 0xEE, 0x7C, 0x9D, 0x58, 0xEA, 0xB7, 0x3C, 0xAD, 0x81, 0x1F, 0xB5, 0x8E, 0x01, 0xA6, 0xDC,
    0x40, 0x1C, 0xC6, 0x7F, 0x93, 0x54, 0x43, 0x87, 0x0E, 0x80, 0x5A, 0x92, 0x13, 0x3C, 0x79, 0x28,
    0x16, 0xD9, 0xDD, 0xB9, 0x4D, 0x2F, 0xF0, 0xB0, 0xD8, 0xBE, 0xE4, 0x08, 0xBD, 0x41, 0xAF, 0xB0,
    0x08, 0x16, 0x5B, 0x49, 0x6F, 0x30, 0x47, 0x08, 0x7A, 0x80, 0xC1, 0x20, 0xE5, 0x6D, 0xA6, 0xFF,
    0x34, 0xAB, 0x6F, 0x8B, 0x7A, 0xD0, 0x17, 0xF3, 0x9B, 0xCC, 0xF7, 0x7D, 0x9F, 0xF9, 0xCF, 0x6A,
    0x82, 0x32, 0x0E, 0xBC, 0xC9, 0x46, 0xE0, 0x0C, 0x6C, 0x81, 0x12, 0x28, 0x50, 0xDD, 0x57, 0x4C,
    0x8C, 0x76, 0x67, 0x6B, 0xFB, 0x19, 0x63, 0x4F, 0x18, 0x02, 0x85, 0x50, 0x0A, 0x1B, 0xCE, 0x9C,
    0x79, 0x4C, 0x44, 0x45, 0xC7, 0xDB, 0x09, 0x00, 0x20, 0x9B, 0xEC, 0x3D, 0x5D, 0x0C, 0x21, 0x0D,
    0x74, 0x4E, 0x37, 0x98, 0x26, 0x87, 0x9D, 0xAB, 0x20, 0xF8, 0x3D, 0xA9, 0x3B, 0xB6, 0x18, 0xFB,
    0x70, 0xA4, 0x62, 0x7D, 0xC4, 0xB3, 0x6E, 0xD3, 0x9E, 0xFD, 0xDE, 0x40, 0x5B, 0x55, 0xE0, 0x0B,
    0x2F, 0x1D, 0xD3, 0xA3, 0x9B, 0x22, 0xF0, 0xC8, 0x41, 0xAE, 0xE2, 0x3E, 0x8B, 0x16, 0x00, 0x24,
    0x03, 0xB4, 0x07, 0x4C, 0x0B, 0xDC, 0x1D, 0x80, 0x6A, 0x03, 0xEC, 0x73, 0xC0, 0x1B, 0x50, 0x5E,
    0x86, 0x26, 0x2E, 0xEB, 0x49, 0x7B, 0x69, 0xEB, 0x3E, 0xF1, 0x18, 0xAB, 0x3C, 0x05, 0x8C, 0x94,
    0x70, 0x66, 0x03, 0x07, 0xEA, 0x18, 0x27, 0xBA, 0x18, 0x23, 0x82, 0x9B, 0x19, 0x49, 0xFF, 0x0B,
    0x27, 0x94, 0x7F, 0x0D, 0xE4, 0xB1, 0xBF, 0x91, 0x97, 0xDB, 0x99, 0x12, 0x30, 0x0D, 0x64, 0x0E,
    0x12, 0x0F, 0x8C, 0xC0, 0x06, 0x28, 0xAE, 0x41, 0x79, 0xD5, 0x4F, 0x4B, 0x2E, 0x3D, 0xB1, 0x97,
    0x78, 0x0B, 0xCC, 0x77, 0x74, 0x02, 0x10, 0x00, 0x0F, 0x6A, 0x80, 0xC4, 0x41, 0xDA, 0x2F, 0x68,
    0x0B, 0x86, 0x85, 0x9C, 0x55, 0x73, 0x47, 0xD7, 0x57, 0x7C, 0x1A, 0xD6, 0x28, 0xDF, 0x42, 0xF0,
    0x70, 0x10, 0xB6, 0x03, 0x94, 0x0E, 0x4C, 0x0F, 0xBA, 0x41, 0x0F, 0xB5, 0x2D, 0x2F, 0xD1, 0x55,
    0xC5, 0x77, 0xBF, 0xD6, 0xD6, 0xCF, 0xFF, 0x59, 0xCF, 0xBE, 0x71, 0xEF, 0x76, 0x97, 0xBC, 0xAD,
    0x9F, 0x8E, 0x59, 0x00, 0x80, 0xBF, 0x9D, 0x2F, 0x28, 0x2F, 0xA3, 0xE5, 0x59, 0xB2, 0xC8, 0xA1,
    0x82, 0x13, 0x8B, 0x4C, 0x7B, 0xB4, 0x25, 0x63, 0x96, 0x08, 0xDC, 0x7E, 0x57, 0xEF, 0x1F, 0x7A,
    0x00, 0xE5, 0x9E, 0x3D, 0x0D, 0x18, 0xE0, 0xFD, 0x4D, 0xEF, 0x01, 0xF0, 0xCF, 0x5A, 0x86, 0x91,
    0x59, 0x50, 0x2F, 0xDC, 0xFD, 0xF2, 0xFC, 0x0F, 0xA8, 0x89, 0xF2, 0x47, 0x36, 0x51, 0x3B, 0xBE,
    0x81, 0xEC, 0x72, 0x16, 0x47, 0x7C, 0x49, 0xFF, 0xD4, 0x65, 0x7D, 0x84, 0xBA, 0x41, 0x8F, 0xA2,
    0xA5, 0x74, 0x11, 0x25, 0xBB, 0x9C, 0x57, 0x3F, 0xE9, 0x1A, 0x24, 0xBD, 0x2D, 0xFF, 0x02, 0xB5,
    0x96, 0x55, 0xBC, 0xE4, 0x48, 0x15, 0xC6, 0xBF, 0xA4, 0x96, 0x1B, 0x20, 0x33, 0x04, 0xB7, 0x91,
    0xE0, 0x7E, 0xA7, 0xF3, 0xB0, 0xBE, 0x77, 0x26, 0xC1, 0x5F, 0x70, 0x79, 0xC1, 0x5F, 0xF1, 0xC6,
    0xED, 0xCE, 0x24, 0xF8, 0xDB, 0xB2, 0xF2, 0x88, 0xBB, 0xBB, 0x8D, 0x77, 0xE1, 0x0E, 0x85, 0x3B,
    0x04, 0x77, 0xA8, 0x1F, 0x93, 0xFD, 0xD1, 0x03, 0xDD, 0x5D, 0x7C, 0xE7, 0xE4, 0xF6, 0xB5, 0xF1,
    0x95, 0xD3, 0xC9, 0xBF, 0x3A, 0xE7, 0xFB, 0x4A, 0x92, 0x3A, 0x2D, 0x90, 0x08, 0x8C, 0xEE, 0x06,
    0xC1, 0xEA, 0xF0, 0xDE, 0x02, 0x28, 0xAE, 0x47, 0xE8, 0xA0, 0x03, 0xA2, 0x7D, 0x1B, 0x80, 0x7B,
    0x49, 0x6E, 0xCB, 0x75, 0x86, 0x0E, 0xA5, 0x83, 0x8E, 0x88, 0xF1, 0xC1, 0x0F, 0x7C, 0xE0, 0x03,
    0xFB, 0x3F, 0x06, 0xE0, 0xE2, 0xCD, 0x30, 0xC1, 0x9E, 0x06, 0x27, 0xE9, 0xA1, 0x43, 0xE9, 0xA0,
    0xA7, 0x7C, 0x24, 0x67, 0x9B, 0x3B, 0xBD, 0x19, 0xAB, 0xD1, 0x5B, 0x6C, 0x51, 0x14, 0xD7, 0x1F,
    0xCE, 0x66, 0x8E, 0x3E, 0xE7, 0x8A, 0xE1, 0x19, 0x72, 0x7A, 0xA9, 0xC2, 0x59, 0xCC, 0xD1, 0x25,
    0xD5, 0x0B, 0x8B, 0x5F, 0x46, 0x6E, 0x47, 0xF1, 0x95, 0xEA, 0x85, 0xC9, 0xF0, 0x73, 0x6E, 0x47,
    0xE4, 0xED, 0x0B, 0x93, 0x6A, 0xC8, 0x37, 0xAE, 0x38, 0x93, 0x0A, 0x51, 0xED, 0x8E, 0xE2, 0x0B,
    0xD5, 0x30, 0x29, 0x3E, 0xE7, 0xB6, 0x47, 0xFE, 0xA4, 0xF7, 0xE1, 0xB6, 0xC2, 0x7F, 0xA1, 0x3A,
    0xDF, 0x0C, 0x7F, 0x09, 0xB7, 0xB5, 0xE8, 0x4C, 0x75, 0x7E, 0xC1, 0x94, 0x2B, 0xEC, 0xF9, 0xA6,
    0x2A, 0x4E, 0xA6, 0xB6, 0x73, 0x75, 0x68, 0xDB, 0xAD, 0x91, 0xFF, 0x42, 0x73, 0x71, 0x32, 0xFC,
    0x15, 0xDA, 0x1D, 0xC5, 0xD8, 0x34, 0x2F, 0x3C, 0xF9, 0x7D, 0xFC, 0xF8, 0xE1, 0x2F, 0xF4, 0xBF,
    0xBE, 0x7F, 0x97, 0x0F, 0x7F, 0x5D, 0x75, 0xD9, 0xF0, 0x9A, 0xEF, 0xBF, 0xF9, 0x12, 0xEF, 0xF6,
    0x25, 0xED, 0xD0, 0xED, 0x36, 0x5C, 0xE9, 0x9F, 0x1E, 0x31, 0xF4, 0xBF, 0x7E, 0xE5, 0xB8, 0x57,
    0x8B, 0xE3, 0xDF, 0x7F, 0xF3, 0x05, 0xBE, 0x55, 0x75, 0xC9, 0xB8, 0x61, 0xF7, 0xA7, 0x9B, 0x3D,
    0x6F, 0xAE, 0x7A, 0x51, 0xDF, 0x74, 0xC1, 0x86, 0xFB, 0x08, 0x7E, 0xED, 0x25, 0x57, 0xB6, 0xE8,
    0x5F, 0xBC, 0xD6, 0xB0, 0x67, 0xDF, 0x7C, 0x40, 0xA3, 0x59, 0xB9, 0xB2, 0x90, 0x38, 0x6D, 0xB3,
    0xE2, 0x1C, 0x85, 0x73, 0x7D, 0x01, 0xA3, 0xF0, 0xEE, 0x27, 0xBE, 0x2D, 0x3D, 0xFB, 0xD7, 0x28,
    0xDC, 0xE6, 0x71, 0x79, 0x3F, 0xDD, 0x40, 0x9B, 0xA6, 0xD4, 0xA6, 0xEA, 0x1B, 0xD4, 0x1B, 0x9A,
    0x91, 0x70, 0x86, 0x67, 0xC8, 0xFD, 0xBC, 0x0F, 0x2B, 0xFD, 0xEE, 0x06, 0x46, 0xD4, 0x14, 0x24,
    0xE2, 0x4A, 0x1B, 0x83, 0xA7, 0xF5, 0xCD, 0x15, 0x24, 0x16, 0xA0, 0xC6, 0x29, 0xE6, 0xB1, 0x45,
    0xB9, 0x5B, 0x59, 0x2B, 0x43, 0x43, 0xC4, 0xC1, 0x92, 0x46, 0xB7, 0x20, 0x0D, 0x1D, 0x99, 0x85,
    0x09, 0x59, 0x6A, 0x57, 0x2E, 0x81, 0x94, 0x15, 0x22, 0x26, 0x2D, 0x0C, 0xE9, 0x91, 0x92, 0x9D,
    0x2E, 0x65, 0x82, 0x52, 0x57, 0xA7, 0x6B, 0x3D, 0xCD, 0x5C, 0xFF, 0xD3, 0xB9, 0x7E, 0xA7, 0x73,
    0x7D, 0x4E, 0xE7, 0xAA, 0x3E, 0x45, 0x66, 0x58, 0x52, 0xE3, 0x22, 0xF9, 0x52, 0x64, 0xA4, 0x47,
    0xC2, 0xB9, 0x5A, 0x18, 0x2B, 0x47, 0xE4, 0x69, 0x04, 0x3E, 0x85, 0x1C, 0xA0, 0x75, 0xC3, 0x5C,
    0xCC, 0x3B, 0xC4, 0x1E, 0xA6, 0x43, 0x3A, 0x41, 0x36, 0xC5, 0x20, 0xE0, 0x3E, 0x1F, 0x80, 0x04,
    0x3B, 0x72, 0x84, 0x02, 0x0B, 0xB7, 0xC7, 0x96, 0x2D, 0xB8, 0xFD, 0x02, 0x3B, 0x8A, 0x9D, 0x03,
    0x09, 0x46, 0x95, 0xC0, 0x0B, 0x66, 0x82, 0xE0, 0x04, 0x53, 0x41, 0x68, 0x04, 0x63, 0x41, 0xA8,
    0x04, 0x8E, 0x98, 0x81, 0x68, 0x05, 0x15, 0xD1, 0x81, 0x68, 0x88, 0x09, 0x08, 0x47, 0x1C, 0x01,
    0xE3, 0x6D, 0x02, 0x89, 0xCD, 0x13, 0x1D, 0xF2, 0xC4, 0xC7, 0x8E, 0x0A, 0x72, 0x47, 0x44, 0x53,
    0x02, 0x83, 0x86, 0x30, 0x63, 0x02, 0x75, 0x45, 0xE4, 0x8E, 0x98, 0xF1, 0x32, 0x6D, 0x89, 0xBA,
    0xC2, 0xC7, 0x92, 0x8E, 0x3E, 0xDA, 0xF0, 0x89, 0x53, 0x4D, 0x74, 0x73, 0x7D, 0xC4, 0xA5, 0x43,
    0x39, 0xD5, 0xC3, 0xF1, 0x52, 0x92, 0x0D, 0xC6, 0xF8, 0x46, 0x63, 0xF7, 0xDB, 0x4F, 0x7D, 0xA3,
    0xEA, 0x50, 0x41, 0xE3, 0x80, 0x60, 0x74, 0x5C, 0x10, 0x3A, 0x41, 0xF8, 0xFD, 0x1C, 0xBF, 0xE7,
    0x25, 0x4F, 0xBC, 0x0B, 0xEB, 0x43, 0xAC, 0x5F, 0xA6, 0xD3, 0x2E, 0xFC, 0x1E, 0x16, 0x0B, 0xBF,
    0xB7, 0xD8, 0xF6, 0x7B, 0xBB, 0xED, 0xF7, 0xF8, 0x39, 0xAD, 0x3C, 0x34, 0x1E, 0x2F, 0x01, 0xAD,
    0x5A, 0x0C, 0x88, 0x29, 0x32, 0x72, 0x8C, 0x84, 0xF4, 0x30, 0x64, 0x8B, 0x88, 0xB4, 0x3A, 0x61,
    0x05, 0xB1, 0x02, 0xB4, 0x4E, 0xC9, 0x8C, 0x46, 0xD0, 0xEA, 0x49, 0x43, 0x23, 0x68, 0xB5, 0xAB,
    0x8F, 0x0D, 0xA5, 0x00, 0xF7, 0x53, 0xDE, 0x58, 0x4B, 0x91, 0xB1, 0x52, 0x01, 0x3B, 0xB5, 0x1A,
    0x32, 0x72, 0xBF, 0x54, 0x09, 0x3C, 0x62, 0xC7, 0x43, 0xAB, 0xC7, 0x4A, 0x32, 0x53, 0x03, 0x6D,
    0x3C, 0x97, 0xC8, 0x4C, 0xAA, 0x8D, 0x56, 0x4F, 0xC6, 0xDF, 0x77, 0x24, 0xFE, 0xD3, 0xAC, 0x55,
    0xE7, 0x1E, 0xE5, 0x76, 0x25, 0x74, 0x81, 0xC8, 0x67, 0xC8, 0x26, 0x48, 0xC6, 0x30, 0x5E, 0x8A,
    0x09, 0x56, 0xD7, 0x14, 0xA4, 0x98, 0x58, 0x52, 0x2C, 0x2C, 0x53, 0xF4, 0xF9, 0x75, 0xBB, 0xC1,
    0xBA, 0x25, 0x72, 0x41, 0x20, 0x52, 0x41, 0x4D, 0x24, 0x81, 0x18, 0x10, 0x71, 0x20, 0x72, 0x41,
    0x2D, 0x48, 0x05, 0x18, 0x09, 0x72, 0x41, 0x24, 0xC0, 0x40, 0x60, 0x04, 0xA8, 0x05, 0x09, 0x21,
    0xDB, 0x7E, 0xF2, 0x89, 0x66, 0x44, 0xDA, 0x12, 0x75, 0xC5, 0x89, 0x3A, 0x70, 0xA2, 0x06, 0x6D,
    0x3C, 0x01, 0xDA, 0xDC, 0x11, 0x75, 0x45, 0xA4, 0x2D, 0x81, 0xA3, 0x82, 0xDC, 0x11, 0xD1, 0x94,
    0xA0, 0x91, 0x30, 0xE3, 0x93, 0x4F, 0x14, 0x01, 0x79, 0x15, 0x85, 0x2A, 0xD7, 0x43, 0xF6, 0x24,
    0xAD, 0x20, 0x33, 0x63, 0x10, 0xFF, 0x6E, 0x97, 0xD9, 0x69, 0xA2, 0xDF, 0x21, 0x17, 0x57, 0x1F,
    0x03, 0x9E, 0xDB, 0x82, 0x9C, 0x81, 0xE7, 0x1C, 0xC2, 0x5E, 0x10, 0x62, 0x7D, 0x3C, 0x97, 0x89,
    0xAB, 0xB1, 0xED, 0x0A, 0xB3, 0xED, 0x0A, 0x18, 0x96, 0x95, 0x61, 0x79, 0x19, 0xE6, 0xFE, 0xB4,
    0xCE, 0x59, 0x29, 0x23, 0x2F, 0x44, 0x32, 0x11, 0x22, 0x0F, 0x42, 0xD4, 0xC1, 0x8A, 0x14, 0x82,
    0x17, 0x29, 0x04, 0x11, 0x73, 0x9D, 0x52, 0x0B, 0xC5, 0x8A, 0x44, 0x51, 0x24, 0x11, 0xF3, 0xF5,
    0xDF, 0xA8, 0xB6, 0xEC, 0x9B, 0x4C, 0x1B, 0x98, 0xDE, 0x82, 0xBE, 0x03, 0x4A, 0xED, 0x0E, 0x11,
    0x01, 0x11, 0x75, 0x5E, 0x95, 0x28, 0x8A, 0x24, 0xA2, 0x10, 0x46, 0x25, 0xC0, 0x2B, 0x71, 0xBA,
    0x55, 0xE7, 0x42, 0x2C, 0x27, 0x56, 0x25, 0x15, 0xF9, 0x7E, 0x59, 0x24, 0x1E, 0x22, 0x69, 0x42,
    0x04, 0x9E, 0x6A, 0x5B, 0xD6, 0x3C, 0x41, 0x49, 0xC4, 0xA5, 0xBE, 0xC9, 0xFA, 0xA4, 0xE9, 0x2D,
    0xE8, 0x3B, 0x80, 0xA2, 0x74, 0xCA, 0x44, 0x82, 0x88, 0xDA, 0x49, 0x27, 0xA2, 0x28, 0x12, 0xC5,
    0xFC, 0x06, 0x58, 0x75, 0xAB, 0xAB, 0x36, 0x63, 0x5D, 0x75, 0x36, 0xD3, 0x55, 0x97, 0xA1, 0x91,
    0x55, 0x87, 0x40, 0x71, 0xA9, 0x6F, 0xB2, 0x3E, 0x69, 0x7A, 0x0B, 0xA4, 0x83, 0xAE, 0xBA, 0xBD,
    0x2E, 0xAB, 0x5E, 0x08, 0x57, 0xC8, 0x76, 0x4F, 0x11, 0x1D, 0x67, 0x31, 0x27, 0xDF, 0x0B, 0xAF,
    0x6E, 0xB3, 0x3C, 0x74, 0xDD, 0x6E, 0xE6, 0x96, 0x96, 0x42, 0x08, 0x8B, 0x9F, 0x21, 0x2E, 0xFF,
    0x24, 0xF1, 0x9D, 0x63, 0xAB, 0xD0, 0xCB, 0x17, 0x11, 0x6F, 0x51, 0xCB, 0x22, 0xCD, 0xCB, 0xD9,
    0x53, 0xD9, 0x2D, 0xF9, 0x6E, 0x78, 0xA8, 0x8B, 0xA6, 0xA8, 0x2B, 0x0C, 0x64, 0xD7, 0xA3, 0xA3,
    0x0D, 0x70, 0x1E, 0x74, 0x7D, 0x28, 0xF9, 0xFE, 0x15, 0x16, 0xF0, 0xF2, 0x5D, 0xB3, 0x5F, 0xB7,
    0x23, 0xAB, 0x72, 0xEC, 0x22, 0x77, 0xF3, 0x4A, 0xDA, 0x0C, 0xB9, 0xE6, 0x45, 0xA7, 0x8F, 0x7E,
    0xA7, 0xFD, 0xB4, 0xBF, 0x8C, 0xA3, 0xEB, 0xDD, 0xCB, 0x57, 0xEC, 0x90, 0x34, 0x29, 0x80, 0x76,
    0x3B, 0x71, 0xFE, 0xF9, 0xC4, 0xF6, 0x21, 0xB1, 0xF5, 0x0A, 0x71, 0x59, 0xC2, 0x6C, 0x82, 0x0A,
    0x6A, 0x51, 0xB3, 0x76, 0xD3, 0x01, 0x74, 0x28, 0x1D, 0x54, 0x87, 0x3F, 0xA7, 0x38, 0x6F, 0xF3,
    0x73, 0x8C, 0x67, 0x17, 0x87, 0x26, 0xFD, 0xD5, 0xC5, 0x7F, 0x6A, 0xF3, 0x6F, 0x5F, 0xFC, 0xBB,
    0xAE, 0x24, 0x26, 0xFB, 0x88, 0x23, 0x9F, 0x21, 0xDE, 0xF2, 0x6F, 0xE2, 0x0D, 0x9B, 0xA0, 0x82,
    0x58, 0x0E, 0xAB, 0x39, 0x27, 0x3C, 0x07, 0xF8, 0x9B, 0x8B, 0x67, 0x97, 0x84, 0x8A, 0x83, 0x8E,
    0x81, 0xE8, 0x60, 0x75, 0x9A, 0xBD, 0xDA, 0x87, 0x23, 0x4B, 0x4B, 0x1D, 0xF2, 0xC5, 0xCF, 0xB4,
    0x48, 0x2F, 0xFF, 0xA4, 0x85, 0xF9, 0xCE, 0xB1, 0x55, 0xE8, 0xE5, 0x8B, 0x29, 0xBC, 0x45, 0x2D,
    0x8B, 0x34, 0xF7, 0x7B, 0xC5, 0x01, 0x5E, 0xBF, 0x69, 0xAF, 0xD6, 0xCF, 0x21, 0xFF, 0x58, 0x12,
    0xA2, 0xCD, 0x88, 0xAE, 0x24, 0x26, 0x82, 0x69, 0x4D, 0xCC, 0x46, 0x44, 0x1F, 0xA3, 0x55, 0xA8,
    0xA0, 0x96, 0x81, 0x98, 0xB5, 0x5B, 0x42, 0xB8, 0x88, 0x98, 0xCF, 0xF1, 0x91, 0x0A, 0xF3, 0xB8,
    0x91, 0xF2, 0xA6, 0xCA, 0x4C, 0x99, 0xAB, 0x38, 0x68, 0x84, 0xA5, 0x15, 0xD6, 0x4E, 0x38, 0xD2,
    0xAF, 0x74, 0x46, 0x93, 0x12, 0x33, 0x5D, 0x5B, 0xA7, 0x29, 0x5A, 0x13, 0x2E, 0x16, 0x48, 0x99,
    0x06, 0x38, 0x27, 0x99, 0xFF, 0x37, 0x54, 0x54, 0x5D, 0x4D, 0xB5, 0x44, 0x66, 0x81, 0x97, 0x4A,
    0xB9, 0xE0, 0x0A, 0xE0, 0x69, 0xD8, 0x18, 0x91, 0x32, 0x6E, 0x84, 0xC6, 0x0A, 0x13, 0x65, 0xDA,
    0x0A, 0xB7, 0x7E, 0x0C, 0x5A, 0x56, 0xC2, 0xFB, 0x5D, 0x2C, 0x3C, 0xFF, 0x7E, 0x32, 0xAD, 0xCF,
    0xC3, 0x38, 0x71, 0x74, 0x39, 0xEC, 0x07, 0xF6, 0xC8, 0xC2, 0xE3, 0x4E, 0x06, 0x30, 0x96, 0x6C,
    0x62, 0x32, 0x31, 0x9F, 0x23, 0xD3, 0xBC, 0x6B, 0x39, 0xCC, 0xFE, 0x3D, 0xFA, 0xF7, 0x24, 0xF5,
    0xB2, 0x9E, 0x68, 0x0C, 0x70, 0x2C, 0x0E, 0xF4, 0x28, 0x29, 0x9F, 0x8D, 0x11, 0xEB, 0x3F, 0xBA,
    0x76, 0x7E, 0xFF, 0x41, 0x52, 0x13, 0x22, 0xF1, 0x92, 0x77, 0x92, 0x6F, 0x88, 0x11, 0x18, 0x92,
    0x97, 0x69, 0x77, 0x89, 0x38, 0x92, 0xDB, 0xAC, 0x9F, 0xAB, 0xFF, 0x0F, 0x40, 0x4C, 0x89, 0xC1,
    0x98, 0xC8, 0x3C, 0x74, 0xA1, 0x9B, 0x62, 0x7E, 0xA3, 0xB9, 0xB2, 0x16, 0x46, 0xA1, 0x91, 0xF4,
    0x0C, 0xD2, 0x75, 0x82, 0xD4, 0x62, 0xE4, 0xA9, 0xC4, 0x81, 0x6F, 0x5C, 0x1A, 0x40, 0x96, 0x13,
    0xB2, 0x0D, 0x9E, 0x3D, 0x8E, 0x05, 0x4B, 0x86, 0x00, 0xE1, 0x44, 0xE9, 0xFB, 0x6F, 0x77, 0xA5,
    0x8E, 0x3D, 0x11, 0x26, 0xAD, 0x50, 0xE3, 0x7C, 0x9E, 0x17, 0xEF, 0x25, 0x26, 0x79, 0x05, 0xE3,
    0x13, 0xC7, 0x49, 0xA2, 0x0E, 0x03, 0x60, 0x2F, 0x0E, 0xD3, 0xFF, 0x00, 0x4F, 0xFB, 0xCF, 0x2D,
    0x10, 0x69, 0x7F, 0xB9, 0x87, 0x58, 0xB6, 0x32, 0xFD, 0x8A, 0x03, 0x06, 0x74, 0xD2, 0xC5, 0x4F,
    0xBE, 0x47, 0x5E, 0x71, 0x75, 0x89, 0x1B, 0xD0, 0xD9, 0x2D, 0x03, 0x58, 0xBE, 0x13, 0x71, 0xEB,
    0xA8, 0xC2, 0x02, 0xB3, 0xC8, 0x9B, 0xBC, 0x43, 0xDD, 0xD6, 0xD3, 0x28, 0x8C, 0xCB, 0xF0, 0xD0,
    0xD0, 0x65, 0xE1, 0x5F, 0xC1, 0x19, 0xAD, 0x42, 0x56, 0xA7, 0x2C, 0xAF, 0x03, 0xF2, 0xFE, 0xAF,
    0x45, 0x87, 0x48, 0x72, 0x89, 0xA8, 0x79, 0xF8, 0x75, 0x70, 0x75, 0x78, 0x20, 0xCB, 0x7D, 0x0A,
    0x76, 0xEB, 0x50, 0x3A, 0xE3, 0x90, 0x55, 0xA8, 0x10, 0xCD, 0xFF, 0x39, 0x74, 0x98, 0x18, 0x8F,
    0x69, 0x66, 0x51, 0x97, 0x15, 0xCA, 0x99, 0x3E, 0x2C, 0xE4, 0xBE, 0x7F, 0xD4, 0xA5, 0xEC, 0xC5,
    0x18, 0xD1, 0x6C, 0x02, 0x33, 0x3E, 0xCA, 0x54, 0x89, 0xDC, 0x0E, 0xAA, 0xB2, 0xB9, 0x89, 0x6E,
    0xDA, 0x11, 0x79, 0x02, 0x9B, 0xBE, 0x3D, 0x76, 0x62, 0x81, 0x63, 0x35, 0x99, 0x8F, 0x43, 0x93,
    0x75, 0x49, 0x40, 0x3A, 0xC9, 0xD9, 0x3B, 0xD4, 0x1E, 0xF1, 0xCA, 0xCF, 0x30, 0x00, 0xAD, 0xF2,
    0x7A, 0xDC, 0xBF, 0x13, 0x01, 0x48, 0x45, 0xD5, 0x7F, 0x3D, 0xE5, 0x35, 0xA1, 0xE3, 0xC6, 0x70,
    0xBF, 0x46, 0xB6, 0xB4, 0x28, 0xB1, 0xA3, 0xC2, 0xCE, 0xD5, 0x09, 0xFE, 0x0F, 0xA4, 0x8F, 0x01,
    0x06, 0xC3, 0x30, 0x18, 0x85, 0xBF, 0x75, 0x80, 0x20, 0x47, 0xC8, 0x51, 0xBA, 0x8B, 0x95, 0xDD,
    0x6C, 0x5D, 0x4F, 0x90, 0x23, 0xF4, 0x08, 0xC1, 0x8F, 0x42, 0x92, 0xED, 0xED, 0x37, 0x65, 0x60,
    0x55, 0xBC, 0x0F, 0x89, 0xFF, 0x3D, 0x5F, 0x68, 0x3C, 0xF2, 0xD8, 0xAE, 0x3D, 0x4F, 0x84, 0xCC,
    0x46, 0xBC, 0x61, 0x44, 0x1C, 0xBD, 0xA6, 0x3E, 0x7F, 0x60, 0x24, 0x38, 0x8E, 0x50, 0x61, 0xAC,
    0x89, 0x89, 0xC4, 0x06, 0x98, 0x47, 0xC5, 0x0A, 0xC6, 0xFF, 0x09, 0x35, 0xEC, 0x5D, 0xFB, 0xFB,
    0x81, 0xAE, 0x78, 0x7F, 0xA7, 0x18, 0xC3, 0x2A, 0xED, 0x19, 0x79, 0x2F, 0x45, 0xE2, 0x43, 0x91,
    0xB9, 0x5B, 0x3B, 0x5D, 0x7E, 0x29, 0x4E, 0xDD, 0x0F, 0xA7, 0xA8, 0xC5, 0xE7, 0xFA, 0xBB, 0xA8,
    0xDF, 0xC8, 0x97, 0x67, 0x17, 0x2F, 0x26, 0xD2, 0x44, 0x5E, 0xD3, 0x05, 0x00,
};

static const EpdGlyph ubuntu_12_regularGlyphs[] = {
    { 0, 0, 0, 0, 0, 0, 0 }, // U+0000
    { 0, 0, 0, 0, 0, 0, 0 }, // U+0001
    { 0, 0, 0, 0, 0, 0, 0 }, // U+0002
    { 0, 0, 0, 0, 0, 0, 0 }, // U+0003
    { 0, 0, 0, 0, 0, 0, 0 }, // U+0004
    { 0, 0, 0, 0, 0, 0, 0 }, // U+0005
    { 0, 0, 0, 0, 0, 0, 0 }, // U+0006
    { 0, 0, 0, 0, 0, 0, 0 }, // U+0007
    { 0, 0, 0, 0, 0, 0, 0 }, // U+0008
    { 0, 0, 92, 0, 0, 0, 0 }, // U+0009
    { 0, 0, 0, 0, 0, 0, 0 }, // U+000A
    { 0, 0, 0, 0, 0, 0, 0 }, // U+000B
    { 0, 0, 0, 0, 0, 0, 0 }, // U+000C
    { 0, 0, 92, 0, 0, 0, 0 }, // U+000D
    { 0, 0, 0, 0, 0, 0, 0 }, // U+000E
    { 0, 0, 0, 0, 0, 0, 0 }, // U+000F
    { 0, 0, 0, 0, 0, 0, 0 }, // U+0010
    { 0, 0, 0, 0, 0, 0, 0 }, // U+0011
    { 0, 0, 0, 0, 0, 0, 0 }, // U+0012
    { 0, 0, 0, 0, 0, 0, 0 }, // U+0013
    { 0, 0, 0, 0, 0, 0, 0 }, // U+0014
    { 0, 0, 0, 0, 0, 0, 0 }, // U+0015
    { 0, 0, 0, 0, 0, 0, 0 }, // U+0016
    { 0, 0, 0, 0, 0, 0, 0 }, // U+0017
    { 0, 0, 0, 0, 0, 0, 0 }, // U+0018
    { 0, 0, 0, 0, 0, 0, 0 }, // U+0019
    { 0, 0, 0, 0, 0, 0, 0 }, // U+001A
    { 0, 0, 0, 0, 0, 0, 0 }, // U+001B
    { 0, 0, 0, 0, 0, 0, 0 }, // U+001C
    { 0, 0, 0, 0, 0, 0, 0 }, // U+001D
    { 0, 0, 0, 0, 0, 0, 0 }, // U+001E
    { 0, 0, 0, 0, 0, 0, 0 }, // U+001F
    { 0, 0, 92, 0, 0, 0, 0 }, // U+0020
    { 5, 17, 110, 1, 17, 22, 0 }, // !
    { 8, 6, 167, 1, 20, 12, 22 }, // "
    { 15, 17, 267, 1, 17, 64, 34 }, // #
    { 12, 23, 226, 1, 20, 69, 98 }, // $
    { 20, 17, 343, 1, 17, 85, 167 }, // %
    { 16, 17, 266, 1, 17, 68, 252 }, // &
    { 4, 6, 96, 1, 20, 6, 320 }, // '
    { 7, 25, 130, 1, 20, 44, 326 }, // (
    { 7, 25, 130, 0, 20, 44, 370 }, // )
    { 12, 10, 192, 0, 17, 30, 414 }, // *
    { 12, 12, 226, 1, 14, 36, 444 }, // +
    { 5, 7, 98, 0, 3, 9, 480 }, // ,
    { 7, 2, 120, 0, 8, 4, 489 }, // -
    { 4, 3, 98, 1, 3, 3, 493 }, // .
    { 12, 25, 154, -1, 20, 75, 496 }, // /
    { 12, 17, 226, 1, 17, 51, 571 }, // 0
    { 8, 17, 149, 0, 17, 34, 622 }, // 1
    { 12, 17, 198, 0, 17, 51, 656 }, // 2
    { 12, 17, 202, 0, 17, 51, 707 }, // 3
    { 13, 17, 213, 0, 17, 56, 758 }, // 4
    { 12, 17, 198, 0, 17, 51, 814 }, // 5
    { 12, 17, 218, 1, 17, 51, 865 }, // 6
    { 12, 17, 188, 0, 17, 51, 916 }, // 7
    { 12, 17, 220, 1, 17, 51, 967 }, // 8
    { 12, 17, 218, 1, 17, 51, 1018 }, // 9
    { 4, 13, 98, 1, 13, 13, 1069 }, // :
    { 5, 17, 98, 0, 13, 22, 1082 }, // ;
    { 12, 11, 226, 1, 13, 33, 1104 }, // <
    { 12, 7, 226, 1, 11, 21, 1137 }, // =
    { 12, 11, 226, 1, 13, 33, 1158 }, // >
    { 10, 17, 162, 0, 17, 43, 1191 }, // ?
    { 22, 22, 380, 1, 18, 121, 1234 }, // @
    { 17, 17, 265, 0, 17, 73, 1355 }, // A
    { 13, 17, 257, 2, 17, 56, 1428 }, // B
    { 14, 17, 248, 1, 17, 60, 1484 }, // C
    { 15, 17, 285, 2, 17, 64, 1544 }, // D
    { 12, 17, 228, 2, 17, 51, 1608 }, // E
    { 11, 17, 215, 2, 17, 47, 1659 }, // F
    { 15, 17, 269, 1, 17, 64, 1706 }, // G
    { 14, 17, 282, 2, 17, 60, 1770 }, // H
    { 3, 17, 108, 2, 17, 13, 1830 }, // I
    { 11, 17, 200, 0, 17, 47, 1843 }, // J
    { 14, 17, 252, 2, 17, 60, 1890 }, // K
    { 11, 17, 208, 2, 17, 47, 1950 }, // L
    { 20, 17, 348, 1, 17, 85, 1997 }, // M
    { 15, 17, 291, 2, 17, 64, 2082 }, // N
    { 17, 17, 311, 1, 17, 73, 2146 }, // O
    { 13, 17, 243, 2, 17, 56, 2219 }, // P
    { 17, 22, 311, 1, 17, 94, 2275 }, // Q
    { 14, 17, 252, 2, 17, 60, 2369 }, // R
    { 13, 17, 213, 0, 17, 56, 2429 }, // S
    { 14, 17, 226, 0, 17, 60, 2485 }, // T
    { 14, 17, 275, 2, 17, 60, 2545 }, // U
    { 17, 17, 262, 0, 17, 73, 2605 }, // V
    { 23, 17, 372, 0, 17, 98, 2678 }, // W
    { 16, 17, 252, 0, 17, 68, 2776 }, // X
    { 15, 17, 239, 0, 17, 64, 2844 }, // Y
    { 14, 17, 229, 0, 17, 60, 2908 }, // Z
    { 7, 25, 132, 2, 20, 44, 2968 }, // [
    { 12, 25, 154, -1, 20, 75, 3012 }, // <backslash>
    { 6, 25, 132, 0, 20, 38, 3087 }, // ]
    { 12, 9, 226, 1, 17, 27, 3125 }, // ^
    { 14, 2, 197, -1, -3, 7, 3152 }, // _
    { 6, 5, 150, 1, 20, 8, 3159 }, // `
    { 11, 13, 209, 1, 13, 36, 3167 }, // a
    { 12, 19, 236, 2, 19, 57, 3203 }, // b
    { 11, 13, 186, 1, 13, 36, 3260 }, // c
    { 12, 19, 236, 1, 19, 57, 3296 }, // d
    { 12, 13, 224, 1, 13, 39, 3353 }, // e
    { 8, 19, 154, 2, 19, 38, 3392 }, // f
    { 12, 18, 231, 1, 13, 54, 3430 }, // g
    { 11, 19, 228, 2, 19, 53, 3484 }, // h
    { 4, 18, 101, 1, 18, 18, 3537 }, // i
    { 7, 23, 101, -2, 18, 41, 3555 }, // j
    { 11, 19, 209, 2, 19, 53, 3596 }, // k
    { 6, 19, 109, 1, 19, 29, 3649 }, // l
    { 18, 13, 344, 2, 13, 59, 3678 }, // m
    { 11, 13, 230, 2, 13, 36, 3737 }, // n
    { 13, 13, 236, 1, 13, 43, 3773 }, // o
    { 12, 18, 236, 2, 13, 54, 3816 }, // p
    { 12, 18, 236, 1, 13, 54, 3870 }, // q
    { 8, 13, 154, 2, 13, 26, 3924 }, // r
    { 10, 13, 178, 1, 13, 33, 3950 }, // s
    { 9, 17, 161, 1, 17, 39, 3983 }, // t
    { 12, 13, 230, 1, 13, 39, 4022 }, // u
    { 13, 13, 201, 0, 13, 43, 4061 }, // v
    { 19, 13, 311, 0, 13, 62, 4104 }, // w
    { 13, 13, 204, 0, 13, 43, 4166 }, // x
    { 12, 18, 199, 0, 13, 54, 4209 }, // y
    { 11, 13, 188, 0, 13, 36, 4263 }, // z
    { 8, 25, 133, 1, 20, 50, 4299 }, // {
    { 3, 25, 112, 2, 20, 19, 4349 }, // |
    { 8, 25, 133, 0, 20, 50, 4368 }, // }
    { 12, 4, 226, 1, 10, 12, 4418 }, // ~
    { 0, 0, 0, 0, 0, 0, 4430 }, // U+007F
    { 0, 0, 0, 0, 0, 0, 0 }, // U+0080
    { 0, 0, 0, 0, 0, 0, 0 }, // U+0081
    { 0, 0, 0, 0, 0, 0, 0 }, // U+0082
    { 0, 0, 0, 0, 0, 0, 0 }, // U+0083
    { 0, 0, 0, 0, 0, 0, 0 }, // U+0084
    { 0, 0, 0, 0, 0, 0, 0 }, // U+0085
    { 0, 0, 0, 0, 0, 0, 0 }, // U+0086
    { 0, 0, 0, 0, 0, 0, 0 }, // U+0087
    { 0, 0, 0, 0, 0, 0, 0 }, // U+0088
    { 0, 0, 0, 0, 0, 0, 0 }, // U+0089
    { 0, 0, 0, 0, 0, 0, 0 }, // U+008A
    { 0, 0, 0, 0, 0, 0, 0 }, // U+008B
    { 0, 0, 0, 0, 0, 0, 0 }, // U+008C
    { 0, 0, 0, 0, 0, 0, 0 }, // U+008D
    { 0, 0, 0, 0, 0, 0, 0 }, // U+008E
    { 0, 0, 0, 0, 0, 0, 0 }, // U+008F
    { 0, 0, 0, 0, 0, 0, 0 }, // U+0090
    { 0, 0, 0, 0, 0, 0, 0 }, // U+0091
    { 0, 0, 0, 0, 0, 0, 0 }, // U+0092
    { 0, 0, 0, 0, 0, 0, 0 }, // U+0093
    { 0, 0, 0, 0, 0, 0, 0 }, // U+0094
    { 0, 0, 0, 0, 0, 0, 0 }, // U+0095
    { 0, 0, 0, 0, 0, 0, 0 }, // U+0096
    { 0, 0, 0, 0, 0, 0, 0 }, // U+0097
    { 0, 0, 0, 0, 0, 0, 0 }, // U+0098
    { 0, 0, 0, 0, 0, 0, 0 }, // U+0099
    { 0, 0, 0, 0, 0, 0, 0 }, // U+009A
    { 0, 0, 0, 0, 0, 0, 0 }, // U+009B
    { 0, 0, 0, 0, 0, 0, 0 }, // U+009C
    { 0, 0, 0, 0, 0, 0, 0 }, // U+009D
    { 0, 0, 0, 0, 0, 0, 0 }, // U+009E
    { 0, 0, 0, 0, 0, 0, 0 }, // U+009F
    { 0, 0, 92, 0, 0, 0, 0 }, // U+00A0
    { 5, 18, 110, 1, 13, 23, 0 }, // U+00A1
    { 10, 19, 226, 2, 16, 48, 23 }, // U+00A2
    { 12, 17, 226, 1, 17, 51, 71 }, // U+00A3
    { 12, 12, 226, 1, 15, 36, 122 }, // U+00A4
    { 14, 17, 226, 0, 17, 60, 158 }, // U+00A5
    { 3, 25, 112, 2, 20, 19, 218 }, // U+00A6
    { 11, 20, 197, 1, 18, 55, 237 }, // U+00A7
    { 9, 3, 150, 0, 18, 7, 292 }, // U+00A8
    { 18, 17, 326, 1, 17, 77, 299 }, // U+00A9
    { 9, 9, 156, 0, 17, 21, 376 }, // U+00AA
    { 12, 11, 200, 0, 13, 33, 397 }, // U+00AB
    { 12, 9, 226, 1, 10, 27, 430 }, // U+00AC
    { 7, 2, 120, 0, 8, 4, 457 }, // U+00AD
    { 18, 17, 326, 1, 17, 77, 461 }, // U+00AE
    { 8, 2, 150, 1, 18, 4, 538 }, // U+00AF
    { 8, 7, 133, 0, 19, 14, 542 }, // U+00B0
    { 12, 15, 226, 1, 15, 45, 556 }, // U+00B1
    { 8, 10, 144, 0, 18, 20, 601 }, // U+00B2
    { 8, 10, 144, 0, 18, 20, 621 }, // U+00B3
    { 5, 5, 150, 3, 20, 7, 641 }, // U+00B4
    { 11, 18, 232, 2, 13, 50, 648 }, // U+00B5
    { 13, 22, 258, 1, 17, 72, 698 }, // U+00B6
    { 4, 3, 98, 1, 9, 3, 770 }, // U+00B7
    { 6, 6, 150, 1, 1, 9, 773 }, // U+00B8
    { 5, 10, 144, 1, 18, 13, 782 }, // U+00B9
    { 10, 9, 178, 1, 17, 23, 795 }, // U+00BA
    { 11, 11, 200, 1, 13, 31, 818 }, // U+00BB
    { 21, 18, 350, 1, 18, 95, 849 }, // U+00BC
    { 20, 18, 350, 1, 18, 90, 944 }, // U+00BD
    { 22, 18, 350, 0, 18, 99, 1034 }, // U+00BE
    { 10, 18, 162, 0, 13, 45, 1133 }, // U+00BF
    { 17, 24, 265, 0, 24, 102, 1178 }, // U+00C0
    { 17, 24, 265, 0, 24, 102, 1280 }, // U+00C1
    { 17, 24, 265, 0, 24, 102, 1382 }, // U+00C2
    { 17, 23, 265, 0, 23, 98, 1484 }, // U+00C3
    { 17, 22, 265, 0, 22, 94, 1582 }, // U+00C4
    { 17, 21, 265, 0, 21, 90, 1676 }, // U+00C5
    { 23, 17, 374, 0, 17, 98, 1766 }, // U+00C6
    { 14, 23, 248, 1, 17, 81, 1864 }, // U+00C7
    { 12, 24, 228, 2, 24, 72, 1945 }, // U+00C8
    { 12, 24, 228, 2, 24, 72, 2017 }, // U+00C9
    { 12, 24, 228, 2, 24, 72, 2089 }, // U+00CA
    { 12, 22, 228, 2, 22, 66, 2161 }, // U+00CB
    { 6, 24, 108, 0, 24, 36, 2227 }, // U+00CC
    { 6, 24, 108, 1, 24, 36, 2263 }, // U+00CD
    { 8, 24, 108, -1, 24, 48, 2299 }, // U+00CE
    { 9, 22, 108, -1, 22, 50, 2347 }, // U+00CF
    { 17, 17, 290, 0, 17, 73, 2397 }, // U+00D0
    { 15, 23, 291, 2, 23, 87, 2470 }, // U+00D1
    { 17, 24, 311, 1, 24, 102, 2557 }, // U+00D2
    { 17, 24, 311, 1, 24, 102, 2659 }, // U+00D3
    { 17, 24, 311, 1, 24, 102, 2761 }, // U+00D4
    { 17, 23, 311, 1, 23, 98, 2863 }, // U+00D5
    { 17, 22, 311, 1, 22, 94, 2961 }, // U+00D6
    { 11, 11, 226, 2, 13, 31, 3055 }, // U+00D7
    { 17, 19, 311, 1, 18, 81, 3086 }, // U+00D8
    { 14, 24, 275, 2, 24, 84, 3167 }, // U+00D9
    { 14, 24, 275, 2, 24, 84, 3251 }, // U+00DA
    { 14, 24, 275, 2, 24, 84, 3335 }, // U+00DB
    { 14, 22, 275, 2, 22, 77, 3419 }, // U+00DC
    { 15, 24, 239, 0, 24, 90, 3496 }, // U+00DD
    { 13, 17, 244, 2, 17, 56, 3586 }, // U+00DE
    { 13, 19, 249, 2, 19, 62, 3642 }, // U+00DF
    { 11, 20, 209, 1, 20, 55, 3704 }, // U+00E0
    { 11, 20, 209, 1, 20, 55, 3759 }, // U+00E1
    { 11, 20, 209, 1, 20, 55, 3814 }, // U+00E2
    { 11, 19, 209, 1, 19, 53, 3869 }, // U+00E3
    { 11, 18, 209, 1, 18, 50, 3922 }, // U+00E4
    { 11, 20, 209, 1, 20, 55, 3972 }, // U+00E5
    { 20, 13, 344, 1, 13, 65, 4027 }, // U+00E6
    { 11, 19, 186, 1, 13, 53, 4092 }, // U+00E7
    { 12, 20, 224, 1, 20, 60, 4145 }, // U+00E8
    { 12, 20, 224, 1, 20, 60, 4205 }, // U+00E9
    { 12, 20, 224, 1, 20, 60, 4265 }, // U+00EA
    { 12, 18, 224, 1, 18, 54, 4325 }, // U+00EB
    { 5, 20, 101, 0, 20, 25, 4379 }, // U+00EC
    { 6, 20, 101, 1, 20, 30, 4404 }, // U+00ED
    { 8, 20, 101, -1, 20, 40, 4434 }, // U+00EE
    { 8, 18, 101, -1, 18, 36, 4474 }, // U+00EF
    { 14, 19, 236, 1, 19, 67, 4510 }, // U+00F0
    { 11, 19, 230, 2, 19, 53, 4577 }, // U+00F1
    { 13, 20, 236, 1, 20, 65, 4630 }, // U+00F2
    { 13, 20, 236, 1, 20, 65, 4695 }, // U+00F3
    { 13, 20, 236, 1, 20, 65, 4760 }, // U+00F4
    { 13, 19, 236, 1, 19, 62, 4825 }, // U+00F5
    { 13, 18, 236, 1, 18, 59, 4887 }, // U+00F6
    { 12, 12, 226, 1, 14, 36, 4946 }, // U+00F7
    { 13, 15, 236, 1, 14, 49, 4982 }, // U+00F8
    { 12, 20, 230, 1, 20, 60, 5031 }, // U+00F9
    { 12, 20, 230, 1, 20, 60, 5091 }, // U+00FA
    { 12, 20, 230, 1, 20, 60, 5151 }, // U+00FB
    { 12, 18, 230, 1, 18, 54, 5211 }, // U+00FC
    { 12, 25, 199, 0, 20, 75, 5265 }, // U+00FD
    { 12, 24, 236, 2, 19, 72, 5340 }, // U+00FE
    { 12, 23, 199, 0, 18, 69, 5412 }, // U+00FF
    { 17, 22, 265, 0, 22, 94, 0 }, // U+0100
    { 11, 18, 209, 1, 18, 50, 94 }, // U+0101
    { 17, 23, 265, 0, 23, 98, 144 }, // U+0102
    { 11, 19, 209, 1, 19, 53, 242 }, // U+0103
    { 17, 22, 265, 0, 17, 94, 295 }, // U+0104
    { 11, 18, 209, 1, 13, 50, 389 }, // U+0105
    { 14, 24, 248, 1, 24, 84, 439 }, // U+0106
    { 11, 20, 186, 1, 20, 55, 523 }, // U+0107
    { 14, 24, 248, 1, 24, 84, 578 }, // U+0108
    { 11, 20, 186, 1, 20, 55, 662 }, // U+0109
    { 14, 22, 248, 1, 22, 77, 717 }, // U+010A
    { 11, 18, 186, 1, 18, 50, 794 }, // U+010B
    { 14, 24, 248, 1, 24, 84, 844 }, // U+010C
    { 11, 20, 186, 1, 20, 55, 928 }, // U+010D
    { 15, 24, 285, 2, 24, 90, 983 }, // U+010E
    { 16, 19, 249, 1, 19, 76, 1073 }, // U+010F
    { 17, 17, 290, 0, 17, 73, 1149 }, // U+0110
    { 14, 19, 236, 1, 19, 67, 1222 }, // U+0111
    { 12, 22, 228, 2, 22, 66, 1289 }, // U+0112
    { 12, 18, 224, 1, 18, 54, 1355 }, // U+0113
    { 12, 23, 228, 2, 23, 69, 1409 }, // U+0114
    { 12, 19, 224, 1, 19, 57, 1478 }, // U+0115
    { 12, 22, 228, 2, 22, 66, 1535 }, // U+0116
    { 12, 18, 224, 1, 18, 54, 1601 }, // U+0117
    { 12, 22, 228, 2, 17, 66, 1655 }, // U+0118
    { 12, 18, 224, 1, 13, 54, 1721 }, // U+0119
    { 12, 24, 228, 2, 24, 72, 1775 }, // U+011A
    { 12, 21, 224, 1, 21, 63, 1847 }, // U+011B
    { 15, 24, 269, 1, 24, 90, 1910 }, // U+011C
    { 12, 25, 231, 1, 20, 75, 2000 }, // U+011D
    { 15, 23, 269, 1, 23, 87, 2075 }, // U+011E
    { 12, 24, 231, 1, 19, 72, 2162 }, // U+011F
    { 15, 22, 269, 1, 22, 83, 2234 }, // U+0120
    { 12, 23, 231, 1, 18, 69, 2317 }, // U+0121
    { 15, 21, 269, 1, 17, 79, 2386 }, // U+0122
    { 12, 24, 231, 1, 19, 72, 2465 }, // U+0123
    { 14, 24, 282, 2, 24, 84, 2537 }, // U+0124
    { 12, 25, 228, 1, 25, 75, 2621 }, // U+0125
    { 18, 17, 292, 0, 17, 77, 2696 }, // U+0126
    { 13, 19, 228, 0, 19, 62, 2773 }, // U+0127
    { 9, 23, 108, -1, 23, 52, 2835 }, // U+0128
    { 9, 19, 101, -1, 19, 43, 2887 }, // U+0129
    { 8, 22, 108, -1, 22, 44, 2930 }, // U+012A
    { 8, 18, 101, -1, 18, 36, 2974 }, // U+012B
    { 7, 23, 108, 0, 23, 41, 3010 }, // U+012C
    { 8, 19, 101, -1, 19, 38, 3051 }, // U+012D
    { 5, 22, 108, 0, 17, 28, 3089 }, // U+012E
    { 5, 23, 101, 0, 18, 29, 3117 }, // U+012F
    { 4, 22, 108, 1, 22, 22, 3146 }, // U+0130
    { 3, 13, 101, 2, 13, 10, 3168 }, // U+0131
    { 16, 17, 307, 2, 17, 68, 3178 }, // U+0132
    { 11, 23, 204, 1, 18, 64, 3246 }, // U+0133
    { 13, 24, 200, 0, 24, 78, 3310 }, // U+0134
    { 9, 25, 101, -2, 20, 57, 3388 }, // U+0135
    { 14, 21, 252, 2, 17, 74, 3445 }, // U+0136
    { 11, 23, 209, 2, 19, 64, 3519 }, // U+0137
    { 12, 13, 215, 2, 13, 39, 3583 }, // U+0138
    { 11, 24, 208, 2, 24, 66, 3622 }, // U+0139
    { 6, 23, 109, 1, 23, 35, 3688 }, // U+013A
    { 11, 21, 208, 2, 17, 58, 3723 }, // U+013B
    { 7, 23, 109, 0, 19, 41, 3781 }, // U+013C
    { 11, 17, 208, 2, 17, 47, 3822 }, // U+013D
    { 8, 19, 114, 1, 19, 38, 3869 }, // U+013E
    { 11, 17, 208, 2, 17, 47, 3907 }, // U+013F
    { 9, 19, 148, 1, 19, 43, 3954 }, // U+0140
    { 15, 17, 215, -1, 17, 64, 3997 }, // U+0141
    { 8, 19, 115, 0, 19, 38, 4061 }, // U+0142
    { 15, 24, 291, 2, 24, 90, 4099 }, // U+0143
    { 11, 20, 230, 2, 20, 55, 4189 }, // U+0144
    { 15, 21, 291, 2, 17, 79, 4244 }, // U+0145
    { 11, 17, 230, 2, 13, 47, 4323 }, // U+0146
    { 15, 24, 291, 2, 24, 90, 4370 }, // U+0147
    { 11, 20, 230, 2, 20, 55, 4460 }, // U+0148
    { 13, 19, 230, 0, 19, 62, 4515 }, // U+0149
    { 15, 22, 291, 2, 17, 83, 4577 }, // U+014A
    { 11, 18, 230, 2, 13, 50, 4660 }, // U+014B
    { 17, 22, 311, 1, 22, 94, 4710 }, // U+014C
    { 13, 18, 236, 1, 18, 59, 4804 }, // U+014D
    { 17, 23, 311, 1, 23, 98, 4863 }, // U+014E
    { 13, 19, 236, 1, 19, 62, 4961 }, // U+014F
    { 17, 24, 311, 1, 24, 102, 5023 }, // U+0150
    { 13, 20, 236, 1, 20, 65, 5125 }, // U+0151
    { 23, 17, 397, 1, 17, 98, 5190 }, // U+0152
    { 22, 13, 379, 1, 13, 72, 5288 }, // U+0153
    { 14, 24, 252, 2, 24, 84, 5360 }, // U+0154
    { 8, 20, 154, 2, 20, 40, 5444 }, // U+0155
    { 14, 21, 252, 2, 17, 74, 5484 }, // U+0156
    { 10, 17, 154, 0, 13, 43, 5558 }, // U+0157
    { 14, 24, 252, 2, 24, 84, 5601 }, // U+0158
    { 8, 20, 154, 2, 20, 40, 5685 }, // U+0159
    { 13, 24, 213, 0, 24, 78, 5725 }, // U+015A
    { 10, 20, 178, 1, 20, 50, 5803 }, // U+015B
    { 13, 24, 213, 0, 24, 78, 5853 }, // U+015C
    { 10, 20, 178, 1, 20, 50, 5931 }, // U+015D
    { 13, 22, 213, 0, 17, 72, 5981 }, // U+015E
    { 10, 18, 178, 1, 13, 45, 6053 }, // U+015F
    { 13, 24, 213, 0, 24, 78, 6098 }, // U+0160
    { 10, 20, 178, 1, 20, 50, 6176 }, // U+0161
    { 14, 23, 226, 0, 17, 81, 6226 }, // U+0162
    { 9, 22, 161, 1, 17, 50, 6307 }, // U+0163
    { 14, 24, 226, 0, 24, 84, 6357 }, // U+0164
    { 9, 20, 161, 1, 20, 45, 6441 }, // U+0165
    { 14, 17, 226, 0, 17, 60, 6486 }, // U+0166
    { 9, 17, 161, 1, 17, 39, 6546 }, // U+0167
    { 14, 23, 275, 2, 23, 81, 6585 }, // U+0168
    { 12, 19, 230, 1, 19, 57, 6666 }, // U+0169
    { 14, 22, 275, 2, 22, 77, 6723 }, // U+016A
    { 12, 18, 230, 1, 18, 54, 6800 }, // U+016B
    { 14, 23, 275, 2, 23, 81, 6854 }, // U+016C
    { 12, 19, 230, 1, 19, 57, 6935 }, // U+016D
    { 14, 24, 275, 2, 24, 84, 6992 }, // U+016E
    { 12, 20, 230, 1, 20, 60, 7076 }, // U+016F
    { 14, 24, 275, 2, 24, 84, 7136 }, // U+0170
    { 12, 20, 230, 1, 20, 60, 7220 }, // U+0171
    { 14, 22, 275, 2, 17, 77, 7280 }, // U+0172
    { 12, 18, 230, 1, 13, 54, 7357 }, // U+0173
    { 23, 24, 372, 0, 24, 138, 7411 }, // U+0174
    { 19, 20, 311, 0, 20, 95, 7549 }, // U+0175
    { 15, 24, 239, 0, 24, 90, 7644 }, // U+0176
    { 12, 25, 199, 0, 20, 75, 7734 }, // U+0177
    { 15, 22, 239, 0, 22, 83, 7809 }, // U+0178
    { 14, 24, 229, 0, 24, 84, 7892 }, // U+0179
    { 11, 20, 188, 0, 20, 55, 7976 }, // U+017A
    { 14, 22, 229, 0, 22, 77, 8031 }, // U+017B
    { 11, 18, 188, 0, 18, 50, 8108 }, // U+017C
    { 14, 24, 229, 0, 24, 84, 8158 }, // U+017D
    { 11, 20, 188, 0, 20, 55, 8242 }, // U+017E
    { 8, 19, 109, 2, 19, 38, 8297 }, // U+017F
    { 18, 19, 311, 1, 19, 86, 0 }, // U+01A0
    { 14, 15, 236, 1, 15, 53, 86 }, // U+01A1
    { 17, 20, 284, 2, 20, 85, 139 }, // U+01AF
    { 15, 16, 239, 1, 16, 60, 224 }, // U+01B0
    { 30, 24, 516, 2, 24, 180, 284 }, // U+01C4
    { 27, 20, 475, 2, 20, 135, 464 }, // U+01C5
    { 25, 20, 426, 1, 20, 125, 599 }, // U+01C6
    { 22, 17, 407, 2, 17, 94, 724 }, // U+01C7
    { 16, 23, 310, 2, 18, 92, 818 }, // U+01C8
    { 11, 24, 212, 1, 19, 66, 910 }, // U+01C9
    { 27, 17, 491, 2, 17, 115, 976 }, // U+01CA
    { 21, 23, 394, 2, 18, 121, 1091 }, // U+01CB
    { 18, 23, 332, 2, 18, 104, 1212 }, // U+01CC
    { 17, 24, 265, 0, 24, 102, 1316 }, // U+01CD
    { 11, 20, 209, 1, 20, 55, 1418 }, // U+01CE
    { 7, 24, 108, 0, 24, 42, 1473 }, // U+01CF
    { 8, 20, 101, -1, 20, 40, 1515 }, // U+01D0
    { 17, 24, 311, 1, 24, 102, 1555 }, // U+01D1
    { 13, 20, 236, 1, 20, 65, 1657 }, // U+01D2
    { 14, 24, 275, 2, 24, 84, 1722 }, // U+01D3
    { 12, 20, 230, 1, 20, 60, 1806 }, // U+01D4
    { 14, 25, 275, 2, 25, 88, 1866 }, // U+01D5
    { 12, 21, 230, 1, 21, 63, 1954 }, // U+01D6
    { 14, 24, 275, 2, 24, 84, 2017 }, // U+01D7
    { 12, 21, 230, 1, 21, 63, 2101 }, // U+01D8
    { 14, 25, 275, 2, 25, 88, 2164 }, // U+01D9
    { 12, 22, 230, 1, 22, 66, 2252 }, // U+01DA
    { 14, 24, 275, 2, 24, 84, 2318 }, // U+01DB
    { 12, 21, 230, 1, 21, 63, 2402 }, // U+01DC
    { 12, 13, 224, 1, 13, 39, 2465 }, // U+01DD
    { 17, 25, 265, 0, 25, 107, 2504 }, // U+01DE
    { 11, 21, 209, 1, 21, 58, 2611 }, // U+01DF
    { 17, 25, 265, 0, 25, 107, 2669 }, // U+01E0
    { 11, 21, 209, 1, 21, 58, 2776 }, // U+01E1
    { 23, 22, 374, 0, 22, 127, 2834 }, // U+01E2
    { 20, 18, 344, 1, 18, 90, 2961 }, // U+01E3
    { 17, 17, 281, 1, 17, 73, 3051 }, // U+01E4
    { 14, 18, 236, 1, 13, 63, 3124 }, // U+01E5
    { 15, 24, 269, 1, 24, 90, 3187 }, // U+01E6
    { 12, 25, 231, 1, 20, 75, 3277 }, // U+01E7
    { 14, 24, 252, 2, 24, 84, 3352 }, // U+01E8
    { 12, 25, 209, 1, 25, 75, 3436 }, // U+01E9
    { 17, 22, 311, 1, 17, 94, 3511 }, // U+01EA
    { 13, 18, 236, 1, 13, 59, 3605 }, // U+01EB
    { 17, 27, 311, 1, 22, 115, 3664 }, // U+01EC
    { 13, 23, 236, 1, 18, 75, 3779 }, // U+01ED
    { 13, 24, 227, 0, 24, 78, 3854 }, // U+01EE
    { 12, 25, 188, -1, 20, 75, 3932 }, // U+01EF
    { 9, 25, 101, -2, 20, 57, 4007 }, // U+01F0
    { 30, 17, 516, 2, 17, 128, 4064 }, // U+01F1
    { 27, 17, 475, 2, 17, 115, 4192 }, // U+01F2
    { 25, 19, 426, 1, 19, 119, 4307 }, // U+01F3
    { 15, 24, 269, 1, 24, 90, 4426 }, // U+01F4
    { 12, 25, 231, 1, 20, 75, 4516 }, // U+01F5
    { 23, 17, 423, 2, 17, 98, 4591 }, // U+01F6
    { 13, 22, 257, 2, 17, 72, 4689 }, // U+01F7
    { 15, 24, 291, 2, 24, 90, 4761 }, // U+01F8
    { 11, 20, 230, 2, 20, 55, 4851 }, // U+01F9
    { 17, 23, 265, 0, 23, 98, 4906 }, // U+01FA
    { 11, 21, 209, 1, 21, 58, 5004 }, // U+01FB
    { 23, 24, 374, 0, 24, 138, 5062 }, // U+01FC
    { 20, 20, 344, 1, 20, 100, 5200 }, // U+01FD
    { 17, 25, 311, 1, 24, 107, 5300 }, // U+01FE
    { 13, 21, 236, 1, 20, 69, 5407 }, // U+01FF
    { 17, 24, 265, 0, 24, 102, 5476 }, // U+0200
    { 11, 20, 209, 1, 20, 55, 5578 }, // U+0201
    { 17, 23, 265, 0, 23, 98, 5633 }, // U+0202
    { 11, 19, 209, 1, 19, 53, 5731 }, // U+0203
    { 12, 24, 228, 2, 24, 72, 5784 }, // U+0204
    { 12, 20, 224, 1, 20, 60, 5856 }, // U+0205
    { 12, 23, 228, 2, 23, 69, 5916 }, // U+0206
    { 12, 19, 224, 1, 19, 57, 5985 }, // U+0207
    { 9, 24, 108, -2, 24, 54, 6042 }, // U+0208
    { 10, 20, 101, -3, 20, 50, 6096 }, // U+0209
    { 7, 23, 108, 0, 23, 41, 6146 }, // U+020A
    { 8, 19, 101, -1, 19, 38, 6187 }, // U+020B
    { 17, 24, 311, 1, 24, 102, 6225 }, // U+020C
    { 13, 20, 236, 1, 20, 65, 6327 }, // U+020D
    { 17, 23, 311, 1, 23, 98, 6392 }, // U+020E
    { 13, 19, 236, 1, 19, 62, 6490 }, // U+020F
    { 14, 24, 252, 2, 24, 84, 6552 }, // U+0210
    { 10, 20, 154, 0, 20, 50, 6636 }, // U+0211
    { 14, 23, 252, 2, 23, 81, 6686 }, // U+0212
    { 8, 19, 154, 2, 19, 38, 6767 }, // U+0213
    { 14, 24, 275, 2, 24, 84, 6805 }, // U+0214
    { 12, 20, 230, 1, 20, 60, 6889 }, // U+0215
    { 14, 23, 275, 2, 23, 81, 6949 }, // U+0216
    { 12, 19, 230, 1, 19, 57, 7030 }, // U+0217
    { 13, 21, 213, 0, 17, 69, 7087 }, // U+0218
    { 10, 17, 178, 1, 13, 43, 7156 }, // U+0219
    { 14, 21, 226, 0, 17, 74, 7199 }, // U+021A
    { 9, 21, 161, 1, 17, 48, 7273 }, // U+021B
    { 13, 22, 214, 0, 17, 72, 7321 }, // U+021C
    { 10, 18, 174, 0, 13, 45, 7393 }, // U+021D
    { 14, 24, 282, 2, 24, 84, 7438 }, // U+021E
    { 12, 25, 228, 1, 25, 75, 7522 }, // U+021F
    { 10, 4, 0, -5, 20, 10, 0 }, // U+0302
    { 10, 3, 0, -5, 19, 8, 10 }, // U+0303
    { 12, 2, 0, -6, 22, 6, 18 }, // U+0305
    { 4, 3, 0, -2, 19, 3, 24 }, // U+0307
    { 8, 3, 0, -4, 19, 6, 27 }, // U+0308
    { 8, 4, 150, 1, 19, 8, 33 }, // U+0311
    { 10, 3, 0, -5, -2, 8, 41 }, // U+0330
    { 17, 23, 265, 0, 18, 98, 0 }, // U+1EA0
    { 11, 19, 209, 1, 14, 53, 98 }, // U+1EA1
    { 17, 24, 265, 0, 24, 102, 151 }, // U+1EA2
    { 11, 20, 209, 1, 19, 55, 253 }, // U+1EA3
    { 17, 26, 265, 0, 26, 111, 308 }, // U+1EA4
    { 13, 24, 209, 1, 23, 78, 419 }, // U+1EA5
    { 17, 26, 265, 0, 26, 111, 497 }, // U+1EA6
    { 11, 24, 209, 1, 23, 66, 608 }, // U+1EA7
    { 17, 27, 265, 0, 27, 115, 674 }, // U+1EA8
    { 12, 24, 209, 1, 23, 72, 789 }, // U+1EA9
    { 17, 27, 265, 0, 27, 115, 861 }, // U+1EAA
    { 11, 24, 209, 1, 23, 66, 976 }, // U+1EAB
    { 17, 29, 265, 0, 24, 124, 1042 }, // U+1EAC
    { 11, 25, 209, 1, 20, 69, 1166 }, // U+1EAD
    { 17, 28, 265, 0, 28, 119, 1235 }, // U+1EAE
    { 11, 25, 209, 1, 24, 69, 1354 }, // U+1EAF
    { 17, 28, 265, 0, 28, 119, 1423 }, // U+1EB0
    { 11, 25, 209, 1, 24, 69, 1542 }, // U+1EB1
    { 17, 27, 265, 0, 27, 115, 1611 }, // U+1EB2
    { 11, 25, 209, 1, 24, 69, 1726 }, // U+1EB3
    { 17, 27, 265, 0, 27, 115, 1795 }, // U+1EB4
    { 11, 24, 209, 1, 23, 66, 1910 }, // U+1EB5
    { 17, 28, 265, 0, 23, 119, 1976 }, // U+1EB6
    { 11, 24, 209, 1, 19, 66, 2095 }, // U+1EB7
    { 12, 23, 228, 2, 18, 69, 2161 }, // U+1EB8
    { 12, 19, 224, 1, 14, 57, 2230 }, // U+1EB9
    { 12, 24, 228, 2, 24, 72, 2287 }, // U+1EBA
    { 12, 20, 224, 1, 19, 60, 2359 }, // U+1EBB
    { 12, 23, 228, 2, 23, 69, 2419 }, // U+1EBC
    { 12, 20, 224, 1, 19, 60, 2488 }, // U+1EBD
    { 13, 26, 228, 2, 26, 85, 2548 }, // U+1EBE
    { 14, 24, 224, 1, 23, 84, 2633 }, // U+1EBF
    { 12, 26, 228, 2, 26, 78, 2717 }, // U+1EC0
    { 12, 24, 224, 1, 23, 72, 2795 }, // U+1EC1
    { 12, 27, 228, 2, 27, 81, 2867 }, // U+1EC2
    { 13, 24, 224, 1, 23, 78, 2948 }, // U+1EC3
    { 12, 27, 228, 2, 27, 81, 3026 }, // U+1EC4
    { 12, 25, 224, 1, 24, 75, 3107 }, // U+1EC5
    { 12, 29, 228, 2, 24, 87, 3182 }, // U+1EC6
    { 12, 25, 224, 1, 20, 75, 3269 }, // U+1EC7
    { 5, 24, 108, 1, 24, 30, 3344 }, // U+1EC8
    { 5, 19, 101, 1, 19, 24, 3374 }, // U+1EC9
    { 4, 23, 108, 1, 18, 23, 3398 }, // U+1ECA
    { 4, 24, 101, 1, 19, 24, 3421 }, // U+1ECB
    { 17, 23, 311, 1, 18, 98, 3445 }, // U+1ECC
    { 13, 19, 236, 1, 14, 62, 3543 }, // U+1ECD
    { 17, 25, 311, 1, 24, 107, 3605 }, // U+1ECE
    { 13, 20, 236, 1, 19, 65, 3712 }, // U+1ECF
    { 17, 28, 311, 1, 27, 119, 3777 }, // U+1ED0
    { 14, 24, 236, 1, 23, 84, 3896 }, // U+1ED1
    { 17, 28, 311, 1, 27, 119, 3980 }, // U+1ED2
    { 13, 24, 236, 1, 23, 78, 4099 }, // U+1ED3
    { 17, 28, 311, 1, 27, 119, 4177 }, // U+1ED4
    { 13, 23, 236, 1, 22, 75, 4296 }, // U+1ED5
    { 17, 28, 311, 1, 27, 119, 4371 }, // U+1ED6
    { 13, 24, 236, 1, 23, 78, 4490 }, // U+1ED7
    { 17, 29, 311, 1, 24, 124, 4568 }, // U+1ED8
    { 13, 25, 236, 1, 20, 82, 4692 }, // U+1ED9
    { 18, 25, 311, 1, 24, 113, 4774 }, // U+1EDA
    { 14, 21, 236, 1, 20, 74, 4887 }, // U+1EDB
    { 18, 25, 311, 1, 24, 113, 4961 }, // U+1EDC
    { 14, 21, 236, 1, 20, 74, 5074 }, // U+1EDD
    { 18, 25, 311, 1, 24, 113, 5148 }, // U+1EDE
    { 14, 20, 236, 1, 19, 70, 5261 }, // U+1EDF
    { 18, 24, 311, 1, 23, 108, 5331 }, // U+1EE0
    { 14, 20, 236, 1, 19, 70, 5439 }, // U+1EE1
    { 18, 26, 311, 1, 21, 117, 5509 }, // U+1EE2
    { 14, 21, 236, 1, 16, 74, 5626 }, // U+1EE3
    { 14, 23, 275, 2, 18, 81, 5700 }, // U+1EE4
    { 12, 18, 230, 1, 13, 54, 5781 }, // U+1EE5
    { 14, 25, 275, 2, 24, 88, 5835 }, // U+1EE6
    { 12, 20, 230, 1, 19, 60, 5923 }, // U+1EE7
    { 17, 25, 284, 2, 24, 107, 5983 }, // U+1EE8
    { 15, 21, 239, 1, 20, 79, 6090 }, // U+1EE9
    { 17, 25, 284, 2, 24, 107, 6169 }, // U+1EEA
    { 15, 21, 239, 1, 20, 79, 6276 }, // U+1EEB
    { 17, 25, 284, 2, 24, 107, 6355 }, // U+1EEC
    { 15, 20, 239, 1, 19, 75, 6462 }, // U+1EED
    { 17, 24, 284, 2, 23, 102, 6537 }, // U+1EEE
    { 15, 20, 239, 1, 19, 75, 6639 }, // U+1EEF
    { 17, 26, 284, 2, 21, 111, 6714 }, // U+1EF0
    { 15, 21, 239, 1, 16, 79, 6825 }, // U+1EF1
    { 15, 24, 239, 0, 24, 90, 6904 }, // U+1EF2
    { 12, 26, 199, 0, 21, 78, 6994 }, // U+1EF3
    { 15, 23, 239, 0, 18, 87, 7072 }, // U+1EF4
    { 12, 18, 199, 0, 13, 54, 7159 }, // U+1EF5
    { 15, 24, 239, 0, 24, 90, 7213 }, // U+1EF6
    { 12, 24, 199, 0, 19, 72, 7303 }, // U+1EF7
    { 15, 23, 239, 0, 23, 87, 7375 }, // U+1EF8
    { 12, 24, 199, 0, 19, 72, 7462 }, // U+1EF9
    { 14, 2, 198, -1, 9, 7, 0 }, // U+2013
    { 26, 2, 398, -1, 9, 13, 7 }, // U+2014
    { 26, 2, 398, -1, 9, 13, 20 }, // U+2015
    { 5, 6, 94, 1, 19, 8, 33 }, // U+2018
    { 5, 6, 94, 0, 19, 8, 41 }, // U+2019
    { 5, 6, 94, 0, 3, 8, 49 }, // U+201A
    { 9, 6, 167, 1, 19, 14, 57 }, // U+201C
    { 9, 6, 167, 0, 19, 14, 71 }, // U+201D
    { 9, 6, 167, 0, 3, 14, 85 }, // U+201E
    { 11, 21, 190, 0, 17, 58, 99 }, // U+2020
    { 11, 21, 190, 0, 17, 58, 157 }, // U+2021
    { 7, 6, 144, 1, 12, 11, 215 }, // U+2022
    { 21, 3, 398, 2, 3, 16, 226 }, // U+2026
    { 29, 17, 491, 1, 17, 124, 242 }, // U+2030
    { 7, 7, 93, 0, 18, 13, 366 }, // U+2032
    { 11, 7, 163, 0, 18, 20, 379 }, // U+2033
    { 16, 7, 234, 0, 18, 28, 399 }, // U+2034
    { 6, 7, 93, -1, 18, 11, 427 }, // U+2035
    { 10, 7, 176, -1, 18, 18, 438 }, // U+2036
    { 14, 7, 241, -1, 18, 25, 456 }, // U+2037
    { 7, 11, 116, 0, 13, 20, 481 }, // U+2039
    { 6, 11, 116, 1, 13, 17, 501 }, // U+203A
    { 13, 17, 59, -5, 17, 56, 518 }, // U+2044
    { 20, 7, 297, 0, 18, 35, 574 }, // U+2057
    { 9, 10, 144, 0, 18, 23, 0 }, // U+2070
    { 9, 10, 144, 0, 18, 23, 23 }, // U+2074
    { 7, 10, 144, 1, 18, 18, 46 }, // U+2075
    { 9, 10, 144, 0, 18, 23, 64 }, // U+2076
    { 9, 10, 144, 0, 18, 23, 87 }, // U+2077
    { 9, 10, 144, 0, 18, 23, 110 }, // U+2078
    { 9, 10, 144, 0, 18, 23, 133 }, // U+2079
    { 9, 10, 144, 0, 10, 23, 156 }, // U+2080
    { 5, 10, 144, 1, 10, 13, 179 }, // U+2081
    { 8, 10, 144, 0, 10, 20, 192 }, // U+2082
    { 8, 10, 144, 0, 10, 20, 212 }, // U+2083
    { 9, 10, 144, 0, 10, 23, 232 }, // U+2084
    { 7, 10, 144, 1, 10, 18, 255 }, // U+2085
    { 9, 10, 144, 0, 10, 23, 273 }, // U+2086
    { 9, 10, 144, 0, 10, 23, 296 }, // U+2087
    { 9, 10, 144, 0, 10, 23, 319 }, // U+2088
    { 9, 10, 144, 0, 10, 23, 342 }, // U+2089
    { 13, 17, 226, 1, 17, 56, 0 }, // U+20AC
    { 13, 17, 226, 1, 17, 56, 56 }, // U+20AE
    { 14, 17, 226, 0, 17, 60, 112 }, // U+20B4
    { 13, 17, 226, 1, 17, 56, 172 }, // U+20B9
    { 18, 9, 318, 1, 13, 41, 0 }, // U+2190
    { 9, 18, 174, 1, 18, 41, 41 }, // U+2191
    { 18, 9, 318, 1, 13, 41, 82 }, // U+2192
    { 9, 18, 174, 1, 18, 41, 123 }, // U+2193
    { 20, 9, 354, 1, 13, 45, 164 }, // U+2194
    { 9, 20, 174, 1, 18, 45, 209 }, // U+2195
    { 14, 14, 247, 1, 16, 49, 254 }, // U+2196
    { 14, 14, 247, 1, 16, 49, 303 }, // U+2197
    { 14, 14, 247, 1, 15, 49, 352 }, // U+2198
    { 14, 14, 247, 1, 15, 49, 401 }, // U+2199
    { 13, 19, 234, 1, 19, 62, 0 }, // U+2202
    { 19, 20, 335, 1, 19, 95, 62 }, // U+2205
    { 17, 17, 260, 0, 17, 73, 157 }, // U+2206
    { 14, 20, 279, 2, 17, 70, 230 }, // U+220F
    { 14, 24, 260, 1, 18, 84, 300 }, // U+2210
    { 13, 20, 206, 0, 17, 65, 384 }, // U+2211
    { 15, 20, 226, 0, 20, 75, 449 }, // U+221A
    { 14, 7, 235, 0, 11, 25, 524 }, // U+221E
    { 12, 10, 226, 1, 13, 30, 549 }, // U+2248
    { 12, 13, 226, 1, 14, 39, 579 }, // U+2260
    { 13, 11, 229, 1, 15, 36, 618 }, // U+2261
    { 13, 17, 229, 1, 18, 56, 654 }, // U+2262
    { 13, 15, 229, 1, 16, 49, 710 }, // U+2263
    { 12, 15, 226, 1, 15, 45, 759 }, // U+2264
    { 12, 15, 226, 1, 15, 45, 804 }, // U+2265
    { 19, 20, 334, 1, 19, 95, 0 }, // U+25A0
    { 18, 18, 334, 1, 18, 81, 95 }, // U+25A1
    { 19, 18, 337, 1, 18, 86, 176 }, // U+25A2
    { 19, 18, 334, 1, 18, 86, 262 }, // U+25A3
    { 19, 20, 334, 1, 19, 95, 348 }, // U+25A4
    { 19, 20, 334, 1, 19, 95, 443 }, // U+25A5
    { 19, 20, 334, 1, 19, 95, 538 }, // U+25A6
    { 19, 20, 334, 1, 19, 95, 633 }, // U+25A7
    { 19, 20, 334, 1, 19, 95, 728 }, // U+25A8
    { 19, 20, 334, 1, 19, 95, 823 }, // U+25A9
    { 7, 8, 140, 1, 13, 14, 918 }, // U+25AA
    { 6, 6, 141, 1, 12, 9, 932 }, // U+25AB
    { 25, 8, 400, 0, 9, 50, 941 }, // U+25AC
    { 25, 7, 400, 0, 9, 44, 991 }, // U+25AD
    { 8, 25, 400, 8, 18, 50, 1035 }, // U+25AE
    { 8, 27, 161, 1, 19, 54, 1085 }, // U+25AF
    { 25, 8, 400, 0, 9, 50, 1139 }, // U+25B0
    { 25, 7, 400, 0, 9, 44, 1189 }, // U+25B1
    { 21, 18, 363, 1, 18, 95, 1233 }, // U+25B2
    { 21, 18, 363, 1, 18, 95, 1328 }, // U+25B3
    { 9, 8, 148, 0, 12, 18, 1423 }, // U+25B4
    { 9, 8, 148, 0, 12, 18, 1441 }, // U+25B5
    { 18, 21, 320, 1, 19, 95, 1459 }, // U+25B6
    { 18, 21, 320, 1, 19, 95, 1554 }, // U+25B7
    { 9, 8, 148, 0, 12, 18, 1649 }, // U+25B8
    { 8, 8, 148, 1, 12, 16, 1667 }, // U+25B9
    { 17, 10, 293, 1, 13, 43, 1683 }, // U+25BA
    { 16, 10, 293, 1, 13, 40, 1726 }, // U+25BB
    { 21, 18, 363, 1, 18, 95, 1766 }, // U+25BC
    { 21, 18, 363, 1, 18, 95, 1861 }, // U+25BD
    { 9, 8, 148, 0, 12, 18, 1956 }, // U+25BE
    { 9, 8, 148, 0, 12, 18, 1974 }, // U+25BF
    { 18, 21, 320, 1, 19, 95, 1992 }, // U+25C0
    { 18, 21, 320, 1, 19, 95, 2087 }, // U+25C1
    { 9, 8, 148, 0, 12, 18, 2182 }, // U+25C2
    { 8, 8, 148, 0, 12, 16, 2200 }, // U+25C3
    { 17, 10, 293, 1, 13, 43, 2216 }, // U+25C4
    { 16, 10, 293, 1, 13, 40, 2259 }, // U+25C5
    { 26, 26, 444, 1, 22, 169, 2299 }, // U+25C6
    { 26, 26, 444, 1, 22, 169, 2468 }, // U+25C7
    { 26, 26, 444, 1, 22, 169, 2637 }, // U+25C8
    { 20, 20, 358, 1, 19, 100, 2806 }, // U+25C9
    { 14, 19, 221, 0, 19, 67, 2906 }, // U+25CA
    { 20, 20, 358, 1, 19, 100, 2973 }, // U+25CB
    { 13, 13, 238, 1, 13, 43, 3073 }, // U+25CC
    { 20, 20, 358, 1, 19, 100, 3116 }, // U+25CD
    { 20, 20, 358, 1, 19, 100, 3216 }, // U+25CE
    { 20, 20, 358, 1, 19, 100, 3316 }, // U+25CF
    { 22, 22, 384, 1, 21, 121, 3416 }, // U+2605
    { 24, 24, 414, 1, 22, 144, 3537 }, // U+2606
    { 19, 21, 332, 1, 19, 100, 3681 }, // U+2713
    { 21, 20, 372, 1, 18, 105, 3781 }, // U+2714
    { 20, 20, 346, 1, 18, 100, 3886 }, // U+2715
    { 19, 19, 338, 1, 16, 91, 3986 }, // U+2716
    { 15, 20, 266, 1, 16, 75, 4077 }, // U+2717
    { 17, 21, 306, 1, 17, 90, 4152 }, // U+2718
    { 18, 19, 310, 2, 19, 86, 0 }, // U+FB00
    { 13, 19, 257, 2, 19, 62, 86 }, // U+FB01
    { 14, 19, 265, 2, 19, 67, 148 }, // U+FB02
    { 23, 19, 413, 2, 19, 110, 215 }, // U+FB03
    { 24, 19, 421, 2, 19, 114, 325 }, // U+FB04
};

static const EpdUnicodeInterval ubuntu_12_regularIntervals[] = {
    { 0x0, 0x17F, 0x0 },
    { 0x1A0, 0x1A1, 0x180 },
    { 0x1AF, 0x1B0, 0x182 },
    { 0x1C4, 0x21F, 0x184 },
    { 0x302, 0x303, 0x1E0 },
    { 0x305, 0x305, 0x1E2 },
    { 0x307, 0x308, 0x1E3 },
    { 0x311, 0x311, 0x1E5 },
    { 0x330, 0x330, 0x1E6 },
    { 0x1EA0, 0x1EF9, 0x1E7 },
    { 0x2013, 0x2015, 0x241 },
    { 0x2018, 0x201A, 0x244 },
    { 0x201C, 0x201E, 0x247 },
    { 0x2020, 0x2022, 0x24A },
    { 0x2026, 0x2026, 0x24D },
    { 0x2030, 0x2030, 0x24E },
    { 0x2032, 0x2037, 0x24F },
    { 0x2039, 0x203A, 0x255 },
    { 0x2044, 0x2044, 0x257 },
    { 0x2057, 0x2057, 0x258 },
    { 0x2070, 0x2070, 0x259 },
    { 0x2074, 0x2079, 0x25A },
    { 0x2080, 0x2089, 0x260 },
    { 0x20AC, 0x20AC, 0x26A },
    { 0x20AE, 0x20AE, 0x26B },
    { 0x20B4, 0x20B4, 0x26C },
    { 0x20B9, 0x20B9, 0x26D },
    { 0x2190, 0x2199, 0x26E },
    { 0x2202, 0x2202, 0x278 },
    { 0x2205, 0x2206, 0x279 },
    { 0x220F, 0x2211, 0x27B },
    { 0x221A, 0x221A, 0x27E },
    { 0x221E, 0x221E, 0x27F },
    { 0x2248, 0x2248, 0x280 },
    { 0x2260, 0x2265, 0x281 },
    { 0x25A0, 0x25CF, 0x287 },
    { 0x2605, 0x2606, 0x2B7 },
    { 0x2713, 0x2718, 0x2B9 },
    { 0xFB00, 0xFB04, 0x2BF },
};

static const EpdFontGroup ubuntu_12_regularGroups[] = {
    { 0, 2133, 4801, 128, 0 },
    { 2133, 1971, 6125, 128, 128 },
    { 4104, 2379, 9246, 128, 256 },
    { 6483, 2414, 8430, 96, 384 },
    { 8897, 48, 53, 7, 480 },
    { 8945, 1498, 8451, 90, 487 },
    { 10443, 348, 691, 24, 577 },
    { 10791, 195, 460, 17, 601 },
    { 10986, 148, 272, 4, 618 },
    { 11134, 221, 527, 10, 622 },
    { 11355, 404, 956, 15, 632 },
    { 11759, 1742, 4575, 56, 647 },
    { 13501, 128, 475, 5, 703 },
};

static const uint16_t ubuntu_12_regularKernLeftCodepoints[] = {
    0x0022, 0x0023, 0x0027, 0x0028, 0x0029, 0x002A, 0x002C, 0x002D, 0x002E, 0x002F, 0x0030, 0x0031,
    0x0032, 0x0033, 0x0034, 0x0035, 0x0036, 0x0037, 0x0038, 0x0039, 0x003A, 0x003B, 0x0040, 0x0041,
    0x0042, 0x0043, 0x0044, 0x0045, 0x0046, 0x0047, 0x004A, 0x004B, 0x004C, 0x004D, 0x004F, 0x0050,
    0x0051, 0x0052, 0x0054, 0x0055, 0x0056, 0x0057, 0x0058, 0x0059, 0x005A, 0x005B, 0x005D, 0x0061,
    0x0062, 0x0063, 0x0066, 0x0068, 0x006A, 0x006B, 0x006D, 0x006E, 0x006F, 0x0070, 0x0071, 0x0072,
    0x0074, 0x0076, 0x0077, 0x0078, 0x007A, 0x007B, 0x007D, 0x00A1, 0x00A3, 0x00A5, 0x00AB, 0x00BB,
    0x00BF, 0x00C0, 0x00C1, 0x00C2, 0x00C3, 0x00C4, 0x00C5, 0x00C6, 0x00C7, 0x00C8, 0x00C9, 0x00CA,
    0x00CB, 0x00D0, 0x00D2, 0x00D3, 0x00D4, 0x00D5, 0x00D6, 0x00D8, 0x00D9, 0x00DA, 0x00DB, 0x00DC,
    0x00DD, 0x00DE, 0x00DF, 0x00E0, 0x00E1, 0x00E2, 0x00E3, 0x00E4, 0x00E5, 0x00E7, 0x00F0, 0x00F1,
    0x00F2, 0x00F3, 0x00F4, 0x00F5, 0x00F6, 0x00F8, 0x00FE, 0x0100, 0x0101, 0x0102, 0x0103, 0x0104,
    0x0105, 0x0106, 0x0107, 0x0108, 0x0109, 0x010A, 0x010B, 0x010C, 0x010D, 0x010E, 0x010F, 0x0110,
    0x0112, 0x0114, 0x0116, 0x0118, 0x011A, 0x011C, 0x011E, 0x0120, 0x0122, 0x0125, 0x0127, 0x0132,
    0x0133, 0x0134, 0x0135, 0x0136, 0x0137, 0x0138, 0x0139, 0x013B, 0x013D, 0x013E, 0x013F, 0x0141,
    0x0144, 0x0146, 0x0148, 0x0149, 0x014A, 0x014B, 0x014C, 0x014D, 0x014E, 0x014F, 0x0150, 0x0151,
    0x0152, 0x0154, 0x0155, 0x0156, 0x0157, 0x0158, 0x0159, 0x0162, 0x0163, 0x0164, 0x0165, 0x0166,
    0x0167, 0x0168, 0x016A, 0x016C, 0x016E, 0x0170, 0x0172, 0x0174, 0x0175, 0x0176, 0x0178, 0x0179,
    0x017A, 0x017B, 0x017C, 0x017D, 0x017E, 0x017F, 0x01C4, 0x01C5, 0x01C6, 0x01C7, 0x01C8, 0x01C9,
    0x01CA, 0x01CB, 0x01CC, 0x01CD, 0x01CE, 0x01D1, 0x01D2, 0x01D3, 0x01D5, 0x01D7, 0x01D9, 0x01DB,
    0x01DD, 0x01DE, 0x01DF, 0x01E0, 0x01E1, 0x01E2, 0x01E4, 0x01E6, 0x01E8, 0x01E9, 0x01EA, 0x01EB,
    0x01EC, 0x01ED, 0x01EE, 0x01F0, 0x01F1, 0x01F2, 0x01F3, 0x01F4, 0x01F7, 0x01F9, 0x01FA, 0x01FB,
    0x01FC, 0x01FE, 0x01FF, 0x0200, 0x0201, 0x0202, 0x0203, 0x0204, 0x0206, 0x020C, 0x020D, 0x020E,
    0x020F, 0x0210, 0x0211, 0x0212, 0x0213, 0x0214, 0x0216, 0x021A, 0x021B, 0x021C, 0x021F, 0x1EF2,
    0x2013, 0x2014, 0x2018, 0x201A, 0x201C, 0x201E, 0x2026, 0x2039, 0x203A, 0x20AC, 0xFB00,
};

static const uint8_t ubuntu_12_regularKernLeftClassIds[] = {
      1,   2,   1,   3,   4,   5,   6,   7,   6,   8,   9,  10,  11,  12,  13,  14,
     15,  16,  12,  17,  18,  18,  19,  20,  21,  22,  23,  24,  25,  26,  27,  28,
     29,  30,  31,  32,  33,  34,  35,  36,  37,  38,  39,  40,  41,  42,  43,  44,
     45,  46,  47,  48,  49,  50,  51,  51,  52,  53,  54,  55,  56,  57,  58,  59,
     60,  61,  62,  63,  64,  65,  66,  67,  68,  20,  20,  20,  20,  20,  20,  24,
     22,  24,  24,  24,  24,  23,  31,  31,  31,  31,  31,  31,  36,  36,  36,  36,
     40,  69,  70,  44,  44,  44,  44,  44,  44,  46,  71,  51,  52,  52,  52,  52,
     52,  52,  72,  20,  44,  20,  44,  20,  44,  22,  46,  22,  46,  22,  46,  22,
     46,  23,  73,  23,  24,  24,  24,  24,  24,  26,  26,  26,  26,  48,  48,  27,
     49,  27,  49,  28,  50,  50,  29,  29,  29,  73,  29,  29,  51,  51,  51,  51,
     74,  75,  31,  52,  31,  52,  31,  52,  24,  34,  55,  34,  55,  34,  55,  35,
     56,  35,  56,  35,  56,  36,  36,  36,  36,  36,  36,  38,  58,  40,  40,  41,
     60,  41,  60,  41,  60,  47,  41,  60,  60,  27,  49,  49,  27,  49,  49,  20,
     44,  31,  52,  36,  36,  36,  36,  36,  52,  20,  44,  20,  44,  24,  26,  26,
     28,  50,  31,  52,  31,  52,  76,  49,  41,  60,  60,  26,  77,  51,  20,  44,
     24,  31,  52,  20,  44,  20,  44,  24,  24,  31,  52,  31,  52,  34,  55,  34,
     55,  36,  36,  35,  56,  78,  48,  40,   7,   7,  79,  80,  79,  80,   6,  66,
     67,  81,  47,
};

static const uint16_t ubuntu_12_regularKernRightCodepoints[] = {
    0x0021, 0x0022, 0x0025, 0x0027, 0x0028, 0x0029, 0x002A, 0x002C, 0x002D, 0x002E, 0x002F, 0x0030,
    0x0031, 0x0032, 0x0033, 0x0034, 0x0035, 0x0036, 0x0037, 0x0038, 0x0039, 0x003A, 0x003B, 0x003F,
    0x0040, 0x0041, 0x0043, 0x0047, 0x004A, 0x004D, 0x004F, 0x0051, 0x0053, 0x0054, 0x0055, 0x0056,
    0x0057, 0x0058, 0x0059, 0x005A, 0x005B, 0x005C, 0x005D, 0x0061, 0x0062, 0x0063, 0x0064, 0x0065,
    0x0066, 0x0067, 0x0068, 0x0069, 0x006A, 0x006B, 0x006C, 0x006D, 0x006E, 0x006F, 0x0070, 0x0071,
    0x0072, 0x0073, 0x0074, 0x0075, 0x0076, 0x0077, 0x0078, 0x0079, 0x007A, 0x007B, 0x007D, 0x00A2,
    0x00AB, 0x00BB, 0x00C0, 0x00C1, 0x00C2, 0x00C3, 0x00C4, 0x00C5, 0x00C6, 0x00C7, 0x00D2, 0x00D3,
    0x00D4, 0x00D5, 0x00D6, 0x00D8, 0x00D9, 0x00DA, 0x00DB, 0x00DC, 0x00DD, 0x00DF, 0x00E0, 0x00E1,
    0x00E2, 0x00E3, 0x00E4, 0x00E5, 0x00E6, 0x00E7, 0x00E8, 0x00E9, 0x00EA, 0x00EB, 0x00EC, 0x00ED,
    0x00EE, 0x00EF, 0x00F0, 0x00F1, 0x00F2, 0x00F3, 0x00F4, 0x00F5, 0x00F6, 0x00F8, 0x00F9, 0x00FA,
    0x00FB, 0x00FC, 0x00FD, 0x00FE, 0x00FF, 0x0100, 0x0101, 0x0102, 0x0103, 0x0104, 0x0105, 0x0106,
    0x0107, 0x0108, 0x0109, 0x010A, 0x010B, 0x010C, 0x010D, 0x010F, 0x0111, 0x0113, 0x0115, 0x0117,
    0x0119, 0x011B, 0x011C, 0x011D, 0x011E, 0x011F, 0x0120, 0x0121, 0x0122, 0x0123, 0x0125, 0x0127,
    0x0129, 0x012B, 0x012D, 0x012F, 0x0131, 0x0133, 0x0134, 0x0135, 0x0137, 0x013A, 0x013C, 0x013E,
    0x0140, 0x0142, 0x0144, 0x0146, 0x0148, 0x0149, 0x014A, 0x014B, 0x014C, 0x014D, 0x014E, 0x014F,
    0x0150, 0x0151, 0x0152, 0x0153, 0x0155, 0x0157, 0x0159, 0x015A, 0x015B, 0x015C, 0x015D, 0x015E,
    0x015F, 0x0160, 0x0161, 0x0162, 0x0163, 0x0164, 0x0165, 0x0166, 0x0167, 0x0168, 0x0169, 0x016A,
    0x016B, 0x016C, 0x016D, 0x016E, 0x016F, 0x0170, 0x0171, 0x0172, 0x0173, 0x0174, 0x0175, 0x0176,
    0x0177, 0x0178, 0x0179, 0x017A, 0x017B, 0x017C, 0x017D, 0x017E, 0x017F, 0x01A0, 0x01A1, 0x01AF,
    0x01B0, 0x01C6, 0x01C9, 0x01CC, 0x01CD, 0x01CE, 0x01D0, 0x01D1, 0x01D2, 0x01D3, 0x01D4, 0x01D5,
    0x01D6, 0x01D7, 0x01D8, 0x01D9, 0x01DA, 0x01DB, 0x01DC, 0x01DD, 0x01DE, 0x01DF, 0x01E0, 0x01E1,
    0x01E2, 0x01E3, 0x01E4, 0x01E5, 0x01E6, 0x01E7, 0x01E9, 0x01EA, 0x01EB, 0x01EC, 0x01ED, 0x01EE,
    0x01EF, 0x01F0, 0x01F3, 0x01F4, 0x01F5, 0x01F7, 0x01F9, 0x01FA, 0x01FB, 0x01FC, 0x01FD, 0x01FE,
    0x01FF, 0x0200, 0x0201, 0x0202, 0x0203, 0x0205, 0x0207, 0x0209, 0x020B, 0x020C, 0x020D, 0x020E,
    0x020F, 0x0211, 0x0213, 0x0214, 0x0215, 0x0216, 0x0217, 0x0218, 0x0219, 0x021A, 0x021B, 0x021C,
    0x021D, 0x021F, 0x1EF2, 0x1EF3, 0x2013, 0x2014, 0x2018, 0x2019, 0x201A, 0x201C, 0x201D, 0x201E,
    0x2026, 0x2030, 0x2039, 0x203A, 0xFB00, 0xFB01, 0xFB02, 0xFB03, 0xFB04,
};

static const uint8_t ubuntu_12_regularKernRightClassIds[] = {
      1,   2,   3,   2,   4,   5,   6,   7,   8,   7,   9,  10,  11,  12,  13,  14,
     15,  16,  17,  18,  19,  20,  20,  21,  22,  23,  24,  25,  26,  27,  28,  29,
     30,  31,  32,  33,  34,  35,  36,  37,  38,  39,  40,  41,  42,  43,  44,  45,
     46,  47,  42,  48,  49,  42,  50,  51,  51,  52,  51,  53,  51,  54,  55,  56,
     57,  58,  59,  60,  61,  62,  63,  64,  65,  66,  23,  23,  23,  23,  23,  23,
     67,  24,  28,  28,  28,  28,  28,  28,  32,  32,  32,  32,  36,  68,  41,  41,
     41,  41,  41,  41,  41,  43,  45,  45,  45,  45,  69,  48,  70,  71,  72,  51,
     52,  52,  52,  52,  52,  52,  56,  56,  56,  56,  60,  68,  60,  23,  41,  23,
     41,  23,  41,  24,  43,  24,  43,  24,  43,  24,  43,  44,  44,  45,  45,  45,
     45,  45,  25,  47,  25,  47,  25,  47,  25,  47,  42,  42,  73,  74,  75,  48,
     48,  48,  26,  49,  42,  50,  50,  50,  50,  50,  51,  51,  51,  51,  76,  77,
     28,  52,  28,  52,  28,  52,  28,  52,  51,  51,  51,  30,  54,  30,  54,  30,
     54,  30,  54,  31,  55,  31,  55,  31,  55,  32,  56,  32,  56,  32,  56,  32,
     56,  32,  56,  32,  56,  34,  58,  36,  60,  36,  37,  61,  37,  61,  37,  61,
     46,  28,  52,  32,  56,  44,  50,  51,  23,  41,  48,  28,  52,  32,  56,  32,
     56,  32,  56,  32,  56,  32,  56,  78,  23,  41,  23,  41,  67,  41,  25,  47,
     25,  47,  42,  28,  52,  28,  52,  79,  80,  49,  44,  25,  47,  68,  51,  23,
     41,  67,  41,  28,  52,  23,  41,  23,  41,  45,  45,  48,  48,  28,  52,  28,
     52,  51,  51,  32,  56,  32,  56,  30,  54,  31,  55,  81,  82,  42,  36,  60,
      8,   8,  83,  84,  85,  83,  84,  85,   7,   3,  65,  66,  46,  46,  46,  46,
     46,
};

static const uint16_t ubuntu_12_regularKernRowOffsets[] = {
        0,    10,    11,    21,    35,    41,    56,    63,    76,    77,    79,    81,    82,    86,    89,    94,
      100,   102,   111,   126,   169,   186,   221,   248,   280,   315,   321,   333,   375,   416,   418,   445,
      471,   494,   518,   566,   581,   629,   668,   703,   750,   784,   800,   807,   817,   830,   842,   864,
      875,   876,   890,   901,   915,   929,   930,   945,   958,   976,   990,  1001,  1015,  1026,  1037,  1043,
     1051,  1052,  1055,  1065,  1080,  1103,  1116,  1120,  1134,  1165,  1167,  1174,  1181,  1202,  1206,  1216,
     1231,  1235,
};

static const uint8_t ubuntu_12_regularKernSparseCols[] = {
     22,  23,  24,  25,  27,  28,  32,  33,  36,  66,  12,   4,  23,  24,  27,  28,
     29,  30,  31,  32,  35,  22,  23,  24,  25,  27,  28,  29,  30,  32,  33,  34,
     35,  36,  66,  22,  23,  24,  25,  34,  66,  22,  23,  24,  25,  27,  28,  29,
     30,  31,  32,  33,  34,  35,  36,  66,  25,  30,  32,  34,  35,  36,  66,  22,
     23,  24,  25,  27,  28,  30,  32,  33,  34,  35,  36,  66,  63,   2,  63,  13,
     63,  63,   1,   2,  13,  18,   1,  18,  63,   1,   2,  10,  18,  63,  11,  12,
     13,  15,  16,  63,  12,  63,  23,  24,  27,  28,  30,  31,  32,  33,  35,  22,
     23,  24,  25,  27,  28,  29,  30,  31,  32,  33,  34,  35,  36,  66,   1,   3,
      5,   6,   8,  21,  22,  23,  24,  25,  27,  28,  29,  30,  31,  32,  33,  34,
     35,  36,  39,  42,  43,  44,  46,  51,  52,  53,  55,  56,  57,  58,  59,  60,
     61,  62,  64,  66,  71,  80,  82,  83,  84,   1,   3,   4,   5,   6,   8,  19,
     20,  32,  33,  34,  35,  39,  60,  62,  66,  80,   3,   6,   7,  20,  21,  22,
     23,  24,  25,  27,  28,  29,  30,  32,  34,  35,  36,  37,  42,  43,  44,  46,
     51,  52,  55,  56,  57,  58,  59,  61,  64,  66,  71,  83,  84,   0,   1,   3,
      4,   6,   8,  20,  21,  22,  25,  29,  30,  32,  33,  34,  35,  36,  37,  39,
     40,  62,  66,  78,  80,  82,  83,  84,   1,   3,   5,   6,  21,  22,  23,  24,
     25,  27,  28,  31,  37,  39,  42,  43,  44,  46,  51,  52,  54,  55,  56,  57,
     58,  59,  61,  62,  64,  66,  71,  82,   0,   3,   6,   8,  19,  20,  21,  22,
     23,  24,  25,  27,  28,  30,  32,  35,  37,  39,  40,  42,  43,  44,  46,  50,
     51,  52,  55,  58,  60,  65,  66,  71,  76,  77,  84,   4,   5,  39,  56,  59,
     62,   4,   6,   8,  22,  25,  36,  39,  60,  62,  66,  78,  84,   3,   5,   6,
      7,   8,  20,  21,  22,  23,  24,  25,  27,  28,  30,  32,  33,  34,  35,  36,
     39,  42,  43,  44,  46,  51,  52,  53,  55,  56,  57,  58,  59,  60,  61,  64,
     66,  70,  71,  72,  73,  77,  84,   1,   3,   5,   6,   7,   8,  22,  23,  24,
     25,  27,  28,  29,  30,  31,  32,  33,  34,  35,  36,  39,  42,  43,  44,  46,
     51,  52,  56,  57,  58,  59,  60,  61,  62,  64,  65,  66,  80,  82,  83,  84,
     32,  35,   0,   1,   3,   4,   6,   8,  20,  21,  22,  25,  29,  30,  32,  33,
     34,  35,  36,  37,  39,  40,  62,  66,  78,  80,  82,  83,  84,   0,   3,   4,
      6,   8,  22,  25,  34,  37,  39,  40,  42,  43,  44,  46,  51,  52,  56,  57,
     59,  62,  64,  66,  71,  83,  84,   0,   1,   3,   6,  20,  21,  22,  25,  29,
     30,  32,  33,  34,  35,  36,  37,  40,  48,  66,  78,  82,  83,  84,   3,   6,
      8,  20,  21,  22,  23,  24,  25,  27,  28,  32,  34,  35,  36,  39,  58,  60,
     61,  62,  64,  66,  71,  84,   3,   4,   6,   7,   8,  19,  20,  21,  22,  23,
     24,  25,  27,  28,  30,  32,  33,  34,  35,  39,  40,  42,  43,  44,  46,  50,
     51,  52,  53,  55,  56,  57,  58,  59,  60,  61,  64,  65,  66,  69,  70,  71,
     72,  73,  74,  76,  77,  84,   3,   6,   8,  19,  22,  25,  36,  39,  40,  60,
     61,  62,  66,  78,  84,   1,   3,   4,   6,   7,   8,  19,  20,  21,  22,  23,
     24,  25,  26,  27,  28,  30,  32,  33,  34,  35,  39,  40,  42,  43,  44,  46,
     50,  51,  52,  53,  55,  60,  61,  64,  65,  66,  68,  70,  71,  72,  73,  74,
     76,  77,  82,  83,  84,   1,   3,   6,   8,  19,  20,  21,  22,  23,  24,  25,
     27,  28,  30,  32,  33,  34,  35,  39,  40,  42,  43,  44,  46,  50,  51,  52,
     53,  55,  61,  64,  66,  70,  71,  72,  76,  82,  83,  84,   3,   5,   6,   7,
      8,  21,  22,  23,  24,  25,  27,  28,  30,  32,  34,  35,  36,  39,  42,  43,
     44,  46,  51,  52,  55,  56,  57,  58,  59,  61,  64,  66,  71,  77,  84,   3,
      4,   6,   7,   8,  19,  20,  21,  22,  23,  24,  25,  26,  27,  28,  30,  32,
     33,  34,  35,  36,  39,  40,  42,  43,  44,  46,  50,  51,  52,  53,  55,  58,
     60,  61,  64,  65,  66,  70,  71,  72,  73,  76,  77,  82,  83,  84,   3,   6,
      7,  21,  22,  23,  24,  25,  27,  28,  31,  32,  35,  37,  39,  42,  43,  44,
     46,  51,  52,  54,  55,  56,  57,  58,  59,  61,  62,  64,  66,  70,  71,  72,
     22,  23,  24,  25,  27,  28,  29,  30,  31,  32,  33,  34,  35,  36,  39,  66,
     23,  24,  27,  28,  33,  34,  36,   1,   4,   5,  20,  39,  56,  57,  59,  62,
     83,   1,   4,   8,  20,  39,  56,  57,  58,  59,  60,  62,  82,  83,   6,   7,
     39,  43,  46,  51,  56,  57,  58,  59,  61,  64,   4,   5,   6,   7,   8,  20,
     39,  56,  57,  58,  59,  62,  64,  65,  68,  70,  71,  72,  73,  74,  83,  84,
      1,   4,   5,  20,  39,  56,  57,  59,  62,  82,  83,  48,   7,   8,  21,  39,
     42,  43,  44,  46,  51,  52,  58,  61,  64,  71,   1,   4,   5,  20,  39,  56,
     57,  59,  62,  82,  83,   1,   4,   5,   8,  20,  39,  56,  57,  58,  59,  60,
     62,  82,  83,   1,   4,   5,   8,  20,  39,  56,  57,  58,  59,  60,  62,  82,
     83,  48,   5,   6,   7,   8,  20,  39,  52,  56,  57,  58,  59,  64,  71,  83,
     84,   6,   7,  39,  42,  43,  44,  46,  51,  52,  58,  61,  64,  71,   5,   6,
      8,  20,  39,  42,  43,  44,  46,  51,  52,  56,  57,  58,  59,  71,  83,  84,
      5,   6,   8,  20,  39,  42,  51,  56,  57,  58,  59,  71,  83,  84,  39,  42,
     43,  44,  46,  51,  52,  58,  61,  64,  71,  39,  42,  43,  44,  45,  46,  51,
     52,  54,  55,  61,  62,  64,  71,  22,  23,  24,  25,  27,  28,  29,  31,  36,
     62,  66,  22,  25,  29,  30,  31,  32,  33,  34,  35,  36,  66,  30,  31,  32,
     33,  35,  36,   9,  10,  12,  13,  14,  15,  17,  18,  16,  30,  32,  35,  22,
     25,  29,  30,  32,  33,  34,  35,  36,  66,  22,  23,  24,  25,  27,  28,  29,
     30,  31,  32,  33,  34,  35,  36,  66,   0,   1,   4,   6,   8,  20,  22,  25,
     30,  32,  34,  35,  36,  37,  39,  40,  62,  66,  78,  80,  82,  83,  84,   1,
      4,   5,  20,  39,  56,  57,  59,  62,  79,  81,  82,  83,   8,  20,  39,  62,
      1,   4,   5,   8,  20,  39,  56,  57,  58,  59,  60,  62,  82,  83,   1,   4,
      6,   7,  19,  20,  38,  39,  40,  41,  42,  43,  44,  46,  47,  48,  49,  50,
     51,  52,  53,  54,  55,  62,  68,  69,  70,  72,  73,  74,  83,  48,  60,   1,
      5,  20,  56,  57,  82,  83,  48,  56,  57,  58,  59,  79,  81,  22,  25,  34,
     35,  36,  40,  41,  45,  47,  48,  50,  66,  67,  68,  69,  70,  72,  73,  74,
     75,  78,  32,  35,  75,  80,  22,  23,  24,  25,  27,  28,  32,  33,  35,  66,
     22,  23,  24,  25,  27,  28,  29,  30,  31,  32,  33,  34,  35,  36,  66,  11,
     12,  14,  16,
};

static const int8_t ubuntu_12_regularKernSparseValues[] = {
     -32,  -10,  -10,  -49,  -10,  -10,    5,    4,   -5,  -54,   -6,   32,  -12,  -12,  -12,  -12,
      -7,    4,   -4,    6,    7,   -8,   -5,   -5,   -5,   -5,   -5,   -5,  -11,  -14,   -7,  -11,
     -17,   -9,   -8,  -26,   -4,   -4,  -49,  -10,  -39,   10,  -12,  -12,   11,  -13,  -13,    6,
     -28,   -9,  -31,  -16,    4,  -32,    8,    8,  -11,  -20,   -5,  -12,  -20,   -6,   -6,  -20,
     -11,  -11,  -28,  -10,  -10,   12,   13,    9,    8,   14,    4,  -31,   -5,   -5,   -8,   -6,
     -16,   -7,   -5,   -9,    5,   -6,   -6,   -6,   -6,  -10,   -8,   -9,   -9,   -6,    8,    5,
     -21,  -12,   10,  -25,   -7,   -7,   -4,   -4,   -4,   -4,  -34,   -5,   -8,   -5,  -16,  -10,
      -4,   -4,  -10,   -4,   -4,   -7,  -18,   -5,  -14,   -9,  -16,  -22,  -14,  -15,  -31,   -8,
     -25,   10,    7,   -6,   13,   -8,   -8,   12,   -8,   -8,    6,  -26,   -4,  -25,   -7,   10,
     -32,    8,  -11,   -5,   -5,   -5,   -6,   -5,   -5,    5,   -6,   -8,   -8,   10,   -6,    6,
      -8,   -4,   -8,   14,   -5,  -21,  -28,  -27,   10,   -4,   -4,  -10,   -4,   -4,   -8,   -4,
      -8,   -8,   -5,   -8,  -10,  -14,   -5,   -9,   -5,   -6,   -9,    9,  -12,    6,   -7,    9,
      -8,   -8,    9,   -8,   -8,    4,    7,    7,    5,    7,    4,   -4,   -6,   -6,   -6,   -6,
      -6,   -6,   -8,   -6,   -7,    6,   -6,  -11,  -18,    9,   -6,    5,    7,   -6,  -10,   -5,
     -13,  -13,  -17,  -16,   -4,   -8,  -10,   -4,  -11,   -7,   -7,  -10,  -16,   -6,   -4,  -17,
      -6,  -12,  -17,  -12,  -12,   -8,   -5,  -14,   -6,   -8,   -5,    4,   -6,    7,  -11,  -11,
       7,  -11,  -11,   -9,   -7,  -17,   -6,   -7,   -6,   -9,   -7,   -6,   -6,   -8,  -10,  -10,
       4,  -10,   -8,   -9,   -9,    7,   -6,   -5,   -4,  -10,  -26,  -24,   -7,    5,   -7,  -18,
      -5,   -5,  -32,   -5,   -5,    6,    7,    8,   -6,  -16,  -20,   -6,   -6,   -6,   -6,  -11,
      -6,   -6,  -10,  -14,  -10,   -8,  -30,   -6,  -10,   -7,  -41,   -4,  -10,   -4,   -7,   -7,
      -4,   -4,   -4,  -14,   -4,   -6,   -7,  -14,   -7,   -8,  -10,   -6,   -5,   -7,  -13,    6,
     -19,    7,    4,   -8,   14,  -14,  -14,   11,  -14,  -14,    7,    8,    4,   10,    9,    8,
     -10,   -8,   -8,   -8,   -8,   -8,   -8,    6,   -5,   -6,  -19,   11,   -4,    6,   -8,  -24,
      14,    8,  -10,    4,    4,   -5,    6,  -50,   -4,  -56,    9,  -28,    5,   11,  -18,  -18,
      11,  -18,  -18,    6,  -46,   -7,  -40,  -18,    8,  -46,    6,  -13,   -5,   -5,   -5,   -5,
      -5,   -5,  -16,  -15,    8,   -8,    4,  -10,   -6,  -16,    4,   12,  -34,  -48,  -47,    6,
      -2,   -3,   -6,   -9,   -5,  -11,  -13,  -17,  -14,   -4,   -8,  -10,   -4,  -11,   -7,   -6,
     -10,  -16,   -6,   -4,  -17,   -5,  -12,  -16,  -11,  -10,   -6,   -4,  -12,   -4,   -5,  -10,
     -36,  -25,  -20,  -38,   -7,   -6,  -16,   -8,   -8,   -8,  -13,   -8,   -8,   -4,    4,    4,
       4,  -10,   -7,  -34,   -6,    4,  -46,   -6,   -9,   -5,  -13,  -14,   -4,   -8,  -10,   -4,
     -11,   -7,   -6,  -10,  -16,   -6,   -4,   -6,    6,  -16,  -11,   -6,   -4,   -8,   -5,    6,
       5,   -5,   -6,   11,   -4,   -4,    9,   -4,   -4,   -4,    8,   -8,    6,  -13,    8,    4,
      -7,   -6,   -8,   12,   -6,    6,  -11,    5,  -30,  -20,  -34,  -34,    9,  -20,  -26,  -11,
     -11,  -36,  -11,  -11,   10,   11,    7,    6,   12,  -13,  -18,  -22,  -22,  -22,  -22,  -16,
     -22,  -22,  -18,  -14,   -9,  -32,   -7,   -9,  -12,  -10,  -34,  -30,  -29,    8,   12,  -32,
      20,    8,    4,  -29,  -26,  -27,   -4,   -4,  -16,   -4,   -4,   -6,   -6,  -15,   -6,   -7,
      -4,   -9,  -14,   -6,   -8,    6,  -13,    6,  -30,   -4,  -27,   -8,   10,  -15,  -25,   -7,
      -7,  -38,   -2,   -7,   -7,   11,   12,    8,    8,   13,  -11,  -10,  -18,  -18,  -18,  -18,
     -12,  -18,  -18,   -6,  -10,   -1,  -10,  -17,   -4,  -33,    4,   13,  -20,   16,   12,    4,
     -10,  -10,    8,   10,  -30,    5,   -6,  -15,  -19,   -4,    6,   -8,   -7,   -6,   -6,  -24,
      -6,   -6,    8,    9,    5,    4,   10,  -15,  -12,   -9,   -9,   -9,  -10,   -8,   -9,   -9,
      -7,   -8,   -7,   -8,  -20,    7,  -10,    4,   -6,    7,   10,  -15,  -10,  -10,    5,  -11,
       4,  -10,   11,  -10,  -10,    8,  -10,  -10,    5,    7,    7,    8,    5,  -14,   -7,   -7,
      -7,   -7,   -7,   -7,   -4,   -4,  -15,    8,   -3,  -10,  -19,   11,  -12,   -7,    4,  -17,
       7,  -26,  -20,  -33,  -15,   10,  -23,  -32,  -16,  -16,  -46,   -3,  -16,  -16,   12,   13,
       9,    8,   14,    4,  -10,  -16,  -20,  -20,  -20,  -20,  -16,  -20,  -20,   -8,  -14,   -6,
     -11,   -9,  -30,  -13,  -32,   16,  -31,   16,   13,  -17,  -16,    4,    7,  -31,   -8,    4,
     -24,   -6,    7,  -14,  -14,    7,  -14,  -14,   -6,    4,    5,   -7,  -17,   -6,   -7,   -6,
      -9,   -7,   -6,   -5,   -8,   -9,  -10,    4,   -9,  -14,   -6,  -20,    7,    4,   -6,    5,
     -11,  -17,  -17,  -11,  -17,  -17,  -10,  -13,  -15,  -12,  -15,  -14,  -11,  -16,   32,  -11,
      -4,   -4,   -4,   -4,   -4,   -4,   -6,  -11,  -10,   -8,  -11,  -12,   -6,   -5,   -6,   -8,
     -10,  -15,  -11,   -9,  -11,  -12,   -5,   -5,   -7,   -5,   -8,   -8,  -13,  -13,    4,  -13,
     -11,   -5,   -6,   -5,    4,    4,    6,    4,   -8,  -12,   16,    4,  -21,  -14,  -17,   10,
      16,    8,    7,    6,    8,   16,   -8,    4,   12,   16,   -7,   16,   12,   16,    8,  -21,
     -15,  -10,   -8,  -11,  -12,   -6,   -5,   -7,   -8,  -12,  -12,    4,  -11,    4,   -8,  -10,
     -10,  -10,  -10,  -12,  -12,  -10,    8,   -8,  -14,  -11,  -12,  -10,   -9,  -11,  -12,   -6,
      -6,   -7,   -8,   -9,  -10,  -13,  -11,   -8,   -9,  -12,  -12,   -6,   -5,   -7,   -6,   -8,
      -8,   -9,  -11,  -13,  -11,   -8,   -9,  -11,  -12,   -6,   -5,   -7,   -6,   -7,   -8,   -9,
     -11,   12,    5,  -22,  -13,  -18,  -17,  -10,   -5,    8,    8,    6,    8,   -8,   -8,    6,
     -21,    4,  -16,  -11,   -5,   -6,   -4,   -4,   -6,   -5,    7,   -8,  -11,   -5,    4,  -14,
     -13,  -16,  -10,   -6,   -6,   -6,   -5,   -6,   -6,    7,    7,    6,    7,   -7,    5,  -14,
       4,  -13,  -11,  -14,  -10,   -5,   -5,    7,    7,    6,    7,   -6,    5,  -12,  -11,   -8,
      -8,   -8,   -8,   -8,   -8,    7,   -8,  -12,  -10,  -14,   -8,   -8,   -8,   -5,   -9,   -8,
      -7,   -5,   -5,  -11,   -8,  -13,   -7,   -5,  -10,  -12,   -5,  -12,  -12,   -8,   -9,   -7,
      32,   -4,   -8,   -8,   -7,  -10,   -4,  -10,   -8,  -12,  -10,  -14,   -8,  -33,   -4,  -12,
      -8,  -19,   -4,  -11,  -14,    6,  -14,    6,  -16,  -10,   -4,   10,  -31,   -5,  -13,   -8,
     -17,   -8,  -34,  -18,   -8,  -20,  -31,  -17,  -18,  -18,  -15,  -15,  -25,  -15,  -15,  -12,
     -44,  -18,  -19,  -16,  -28,  -26,  -27,  -28,   -6,  -13,  -16,  -24,  -16,  -14,  -11,  -22,
     -18,   -8,  -17,  -17,  -19,   -6,  -17,   -6,  -11,  -20,  -16,   -9,  -10,   -6,  -23,  -16,
     -11,  -13,   -8,   -8,  -11,  -10,  -11,   -8,  -14,   -8,  -12,  -12,   -8,    6,    5,    5,
     -16,  -11,   -8,   -9,  -11,  -12,   -6,   -5,   -7,   -6,   -7,   -8,  -14,  -14,    7,   24,
      -4,   -4,   -4,   18,   36,   28,   -4,    6,   -4,   -4,   -4,   -4,    3,    3,    6,   -4,
      -4,   -4,   -4,    4,   -4,   28,   28,   38,   44,   44,   44,   34,    8,    8,   -5,  -17,
      -8,  -10,   -6,   -5,  -14,  -14,   -6,   -9,   -8,   -6,   -9,  -13,  -10,  -14,  -25,  -12,
      -6,   -6,   -9,   -5,   -5,   -5,   -5,   -5,  -23,   -5,   -5,   -5,   -5,   -5,   -5,   -5,
      -5,   -7,   -6,   -8,   -5,   -6,  -30,   -8,   -8,  -46,   -8,   -8,    8,    7,    5,  -53,
      10,  -10,  -10,   11,  -11,  -12,    6,  -27,   -8,  -30,  -14,    5,  -31,    8,    8,    6,
       8,    8,    7,
};

static const EpdLigaturePair ubuntu_12_regularLigaturePairs[] = {
    { 0x00660066, 0xFB00 }, // f f -> U+FB00
    { 0x00660069, 0xFB01 }, // f i -> U+FB01
    { 0x0066006C, 0xFB02 }, // f l -> U+FB02
    { 0xFB000069, 0xFB03 }, // U+FB00 i -> U+FB03
    { 0xFB00006C, 0xFB04 }, // U+FB00 l -> U+FB04
};

static const EpdFontData ubuntu_12_regular = {
    ubuntu_12_regularBitmaps,
    ubuntu_12_regularGlyphs,
    ubuntu_12_regularIntervals,
    39,
    29,
    24,
    -5,
    true,
    ubuntu_12_regularGroups,
    13,
    nullptr,
    nullptr,  // kernLeftClasses: built-in fonts use the split arrays below
    nullptr,  // kernRightClasses
    ubuntu_12_regularKernLeftCodepoints,
    ubuntu_12_regularKernLeftClassIds,
    ubuntu_12_regularKernRightCodepoints,
    ubuntu_12_regularKernRightClassIds,
    nullptr,  // kernMatrix: built-in fonts use the sparse form below
    ubuntu_12_regularKernRowOffsets,
    ubuntu_12_regularKernSparseCols,
    ubuntu_12_regularKernSparseValues,
    275,
    321,
    81,
    85,
    ubuntu_12_regularLigaturePairs,
    5,
};
