/**
 * generated by fontconvert.py
 * name: ubuntu_14_bold
 * size: 14
 * mode: 2-bit  compressed: true
 * Command used: fontconvert.py ubuntu_14_bold 14 ../builtinFonts/source/Ubuntu/Ubuntu-Bold.ttf ../builtinFonts/source/Ubuntu/Ubuntu-Vietnamese-Bold.ttf ../builtinFonts/source/NotoSansMath/NotoSansMath-Regular.ttf ../builtinFonts/source/NotoSansSymbols2/NotoSansSymbols2-Regular.ttf --2bit --compress --pnum --zopfli
 */
#pragma once
#include "EpdFontData.h"

static const uint8_t ubuntu_14_boldBitmaps[17590] = {
    0xB5, 0x58, 0x31, 0xB0, 0xE5, 0x36, 0xD5, 0x3E, 0xF7, 0xFA, 0xCF, 0xF3, 0x9F, 0x78, 0xC0, 0x14,
    0x69, 0xC8, 0x1B, 0x46, 0x0D, 0x05, 0x33, 0x0C, 0xE3, 0x16, 0x8A, 0x8C, 0x4C, 0xB6, 0xA0, 0xA0,
    0x80, 0xBE, 0x81, 0x3E, 0xC5, 0xA3, 0xA4, 0x42, 0xCE, 0xA4, 0xA4, 0x49, 0xDF, 0xF7, 0x69, 0x68,
    0x89, 0x94, 0xA4, 0xA0, 0xD8, 0x22, 0xEE, 0x28, 0x28, 0x22, 0xC8, 0xCE, 0x24, 0x54, 0x4F, 0x4C,
    0x34, 0xC4, 0xCB, 0xD8, 0x3E, 0x7C, 0x9F, 0xAD, 0x7D, 0xEF, 0xEE, 0xDD, 0xC7, 0xEE, 0x4B, 0x16,
    0xAE, 0xF5, 0x7D, 0xB6, 0xA5, 0xA3, 0xA3, 0x73, 0x74, 0x8E, 0x74, 0x75, 0xAF, 0x1D, 0xEF, 0xB8,
    0x82, 0x0D, 0x1D, 0x2E, 0x11, 0x33, 0xB8, 0xE8, 0x93, 0x8B, 0x66, 0xF0, 0xEF, 0xCE, 0x7B, 0x71,
    0x7B, 0x79, 0x30, 0xDB, 0x07, 0x93, 0x3D, 0xA2, 0x64, 0x31, 0xA3, 0xEB, 0xA5, 0x0B, 0x5E, 0xC4,
    0x6E, 0x34, 0xA8, 0x88, 0x1B, 0x56, 0x71, 0xAA, 0x1A, 0x6F, 0x49, 0xD6, 0x6A, 0x16, 0xD0, 0x24,
    0x87, 0xA5, 0xCE, 0x72, 0x9C, 0x41, 0x67, 0x22, 0x75, 0x6E, 0xA3, 0x34, 0xC9, 0x8C, 0xD2, 0xA6,
    0x2E, 0x80, 0x2C, 0x28, 0x82, 0xA4, 0xBB, 0xC5, 0xC1, 0xAF, 0x7D, 0xA3, 0x3A, 0x76, 0xAA, 0xC1,
    0x02, 0x2E, 0x5E, 0x0C, 0x0E, 0x4D, 0x2E, 0x62, 0x6C, 0xED, 0xC5, 0xE8, 0x24, 0xB5, 0xE2, 0xC1,
    0xE9, 0x28, 0x47, 0x4D, 0xA8, 0x05, 0xCC, 0x86, 0x37, 0xC5, 0x25, 0x8F, 0xBE, 0x40, 0xFF, 0x1A,
    0xE4, 0x4E, 0xF5, 0x5E, 0x2C, 0x72, 0x58, 0xF1, 0xA4, 0x81, 0x76, 0x5A, 0x58, 0x83, 0x76, 0xDF,
    0xA6, 0x16, 0x3D, 0x97, 0x2A, 0x75, 0x23, 0x6F, 0xB4, 0x88, 0x37, 0xDF, 0xD3, 0x95, 0x7F, 0xAC,
    0x42, 0x91, 0x2F, 0xE7, 0x2E, 0xA2, 0xC3, 0xE7, 0x93, 0xCE, 0xE8, 0xFE, 0xC9, 0x97, 0xAA, 0x52,
    0x2F, 0xDD, 0x9F, 0xB3, 0x83, 0x90, 0x7D, 0x98, 0x2C, 0x6E, 0xFE, 0xE7, 0xB1, 0x1B, 0xA0, 0xBF,
    0xE1, 0xAD, 0x9A, 0x1B, 0x56, 0xD6, 0x53, 0x4D, 0x91, 0x36, 0x55, 0xE8, 0x20, 0xD0, 0xAF, 0x1C,
    0x37, 0x48, 0x17, 0xF1, 0x86, 0xB1, 0x0F, 0xAC, 0x46, 0x5B, 0x90, 0x86, 0xD4, 0xE6, 0x8E, 0xF3,
    0x62, 0xF0, 0x9A, 0x21, 0x55, 0xAD, 0xDA, 0x43, 0x64, 0x15, 0x38, 0x9B, 0xE1, 0x9B, 0xE6, 0x76,
    0xB0, 0x9F, 0x2F, 0x66, 0xF4, 0xEF, 0xE8, 0x55, 0x50, 0x78, 0x1F, 0xB4, 0x37, 0xDA, 0xEB, 0xD8,
    0xA8, 0x78, 0x85, 0xC3, 0x16, 0x34, 0xB6, 0xAA, 0xEF, 0xA7, 0x83, 0x9F, 0x9A, 0xD9, 0x0F, 0xBC,
    0x1C, 0xAF, 0xDE, 0xF6, 0x56, 0xAC, 0xC8, 0x6F, 0xE0, 0x9B, 0x1C, 0x61, 0xFD, 0x2C, 0xED, 0xC4,
    0x29, 0xEB, 0x92, 0xD8, 0x51, 0x30, 0xBB, 0x1E, 0x65, 0x10, 0xED, 0xCF, 0x0B, 0x2A, 0xD1, 0xE4,
    0x02, 0xC4, 0x28, 0x6C, 0x12, 0x3B, 0xA2, 0xFB, 0x51, 0xA1, 0x8A, 0x0A, 0x5F, 0x43, 0x60, 0x7A,
    0xCA, 0xD8, 0x78, 0xDB, 0x5A, 0x2D, 0x30, 0x1F, 0xC6, 0xB3, 0x48, 0x29, 0x3D, 0x0B, 0x1F, 0x4A,
    0xFD, 0x71, 0xA5, 0xD8, 0x8D, 0x25, 0xE8, 0xCE, 0x81, 0x7A, 0x2A, 0x14, 0xBF, 0xE3, 0xC7, 0xEE,
    0x55, 0xB1, 0xBF, 0xFB, 0x00, 0xAE, 0xD2, 0xC3, 0x5D, 0xC9, 0x51, 0x47, 0x69, 0xBE, 0x42, 0x52,
    0x7E, 0x36, 0x4B, 0xF3, 0x51, 0x96, 0xC3, 0x30, 0x30, 0xBA, 0xE7, 0xA0, 0x7C, 0x3A, 0xC5, 0x5D,
    0x32, 0x26, 0xED, 0x57, 0x97, 0xB8, 0x28, 0xDC, 0x70, 0xC9, 0x49, 0xBD, 0x29, 0xED, 0x68, 0x13,
    0xAF, 0x76, 0x14, 0x61, 0x8E, 0x74, 0x80, 0x8D, 0x00, 0x3A, 0x7B, 0x40, 0x7B, 0x40, 0x38, 0x13,
    0x74, 0x84, 0x9E, 0x48, 0x03, 0xB4, 0x0C, 0x16, 0xC5, 0x29, 0x8A, 0xAE, 0x8E, 0xE2, 0xC3, 0x26,
    0x7E, 0xA0, 0xE8, 0x7A, 0x2B, 0xDE, 0x4E, 0x14, 0x7F, 0x56, 0xB3, 0x5C, 0x3D, 0x82, 0xDA, 0x95,
    0x69, 0x31, 0x18, 0xD5, 0xD1, 0x66, 0x0B, 0x0B, 0x4D, 0x72, 0xA1, 0xCD, 0x3E, 0xB4, 0x93, 0x0F,
    0xCD, 0xE4, 0x87, 0x66, 0x26, 0xF8, 0xCC, 0x3A, 0xB6, 0x51, 0x86, 0xB2, 0xEC, 0xC3, 0xBE, 0xD4,
    0x41, 0x5D, 0x52, 0x61, 0xBE, 0xF2, 0x41, 0xF3, 0xA5, 0x66, 0xAB, 0xB9, 0xFB, 0x34, 0x7F, 0x0B,
    0xC3, 0xDE, 0xAF, 0x1C, 0xFC, 0x23, 0x31, 0xD0, 0xE3, 0xA1, 0xCF, 0x71, 0x45, 0x22, 0xE1, 0xFE,
    0x9F, 0x8E, 0x6D, 0xD6, 0xBA, 0x7D, 0x1E, 0xE8, 0x94, 0x99, 0xB8, 0x44, 0xE1, 0xE3, 0x20, 0xF5,
    0x4A, 0xDF, 0xCA, 0x14, 0xA8, 0x26, 0x77, 0x82, 0xA2, 0x8F, 0xF5, 0xF4, 0x2D, 0x7C, 0xBB, 0xF7,
    0xE3, 0xEE, 0x7D, 0xD1, 0x79, 0x60, 0x9A, 0x60, 0x82, 0xD0, 0x0E, 0xA0, 0xDE, 0x25, 0xCE, 0x12,
    0xF1, 0x13, 0x3C, 0x17, 0x7D, 0x01, 0x90, 0x0B, 0x85, 0x6F, 0xDB, 0xEA, 0xD7, 0x24, 0x47, 0xA0,
    0x01, 0x0C, 0x60, 0x01, 0xFD, 0x55, 0x3A, 0xAE, 0x26, 0xD5, 0x93, 0x49, 0x2D, 0x63, 0xCC, 0xB9,
    0x51, 0xD5, 0x53, 0x30, 0x50, 0xE7, 0xA8, 0x54, 0x9F, 0x02, 0x37, 0x89, 0x3A, 0xEF, 0x68, 0xF4,
    0x3D, 0x60, 0x05, 0x34, 0xB4, 0x68, 0x93, 0x57, 0x3C, 0x83, 0x0D, 0xB4, 0x13, 0xF1, 0x5D, 0x71,
    0xB9, 0x53, 0xE5, 0x38, 0x23, 0xD0, 0xEF, 0xF6, 0x5D, 0x71, 0x7D, 0x33, 0x21, 0xC3, 0x11, 0xFD,
    0xA8, 0xC3, 0x4C, 0xC5, 0xE3, 0xEB, 0x89, 0xB9, 0x3D, 0x94, 0x1D, 0x2B, 0xE9, 0xD0, 0x65, 0x1D,
    0x5A, 0xC4, 0xB6, 0xC4, 0x33, 0xE1, 0x52, 0x8D, 0x2D, 0xFA, 0x71, 0x0F, 0x81, 0x7A, 0xCE, 0xDB,
    0x7C, 0x82, 0xA2, 0xA9, 0xC4, 0xE1, 0x24, 0x17, 0xEF, 0xCE, 0x43, 0x40, 0x87, 0x9B, 0xD4, 0x3D,
    0x00, 0x82, 0x78, 0xD4, 0xD0, 0xCD, 0x58, 0x70, 0x2C, 0x17, 0x1D, 0xF2, 0xCC, 0x10, 0x11, 0xA3,
    0x07, 0xD4, 0xF7, 0x75, 0xC9, 0xC5, 0xEE, 0x9F, 0x68, 0x0F, 0x5D, 0xF2, 0x7D, 0x4B, 0x3B, 0xB3,
    0x1F, 0xBB, 0xEC, 0x8A, 0xBF, 0x68, 0xEF, 0xB1, 0xED, 0x6C, 0x3B, 0xDB, 0x11, 0xB2, 0x78, 0x8F,
    0x06, 0x6D, 0x5D, 0x36, 0x93, 0x1D, 0x9B, 0xD9, 0x8E, 0x15, 0xB1, 0xD8, 0x8C, 0xAD, 0x53, 0x75,
    0x81, 0x4F, 0x73, 0x05, 0xC8, 0x95, 0x96, 0x95, 0x60, 0x13, 0x02, 0x1A, 0x39, 0x0E, 0xC7, 0xE3,
    0xA6, 0x57, 0x3F, 0x16, 0x39, 0x59, 0x85, 0xE5, 0x73, 0x5A, 0x77, 0x57, 0xAB, 0xDC, 0xB1, 0xAE,
    0xE1, 0x2B, 0x97, 0xFC, 0x08, 0xB5, 0x51, 0xBC, 0xA6, 0x4B, 0x58, 0xEB, 0xF9, 0x88, 0xC9, 0xF2,
    0x11, 0xE0, 0x1D, 0xEF, 0xF4, 0x96, 0xED, 0x94, 0xA3, 0x3C, 0xFB, 0x3D, 0xB3, 0x93, 0x9C, 0x7C,
    0xCE, 0xDB, 0x7E, 0x20, 0x25, 0x8F, 0x57, 0x11, 0x87, 0xE8, 0xD3, 0x1B, 0x3C, 0xD0, 0xB3, 0x54,
    0x3C, 0x4C, 0x7C, 0x67, 0xBD, 0xD3, 0x4C, 0xB9, 0x4D, 0x9E, 0xFD, 0x2E, 0x90, 0x19, 0x56, 0x27,
    0x60, 0x91, 0x4E, 0x55, 0xBE, 0x77, 0x64, 0x98, 0x0A, 0x0E, 0x40, 0xA5, 0x70, 0x1D, 0x1D, 0xBA,
    0x79, 0x4F, 0x7A, 0x3F, 0x96, 0x68, 0xCA, 0x8E, 0xB5, 0x18, 0xF5, 0x47, 0x91, 0x23, 0xC5, 0x01,
    0xDE, 0xF9, 0x2E, 0x72, 0x09, 0xED, 0xAC, 0xD7, 0xB5, 0x17, 0xBA, 0xA9, 0x71, 0x0B, 0xBD, 0x63,
    0xB4, 0xB6, 0x5D, 0x89, 0x89, 0x8E, 0x91, 0xDA, 0x04, 0x3B, 0x10, 0xF6, 0x60, 0x75, 0x06, 0x05,
    0xD5, 0x19, 0x93, 0xFC, 0x96, 0x3E, 0x98, 0x9B, 0xE8, 0xAA, 0xB9, 0xE2, 0xAD, 0x9E, 0x70, 0x4B,
    0xBE, 0xCE, 0x7C, 0xE3, 0xAD, 0x54, 0x42, 0x72, 0x13, 0x69, 0x83, 0x7D, 0xA0, 0xD5, 0xDC, 0x05,
    0x3B, 0x28, 0x3E, 0xD2, 0x71, 0xB5, 0x2E, 0xD2, 0xC6, 0x66, 0x71, 0x51, 0x1A, 0x0E, 0xB4, 0x0D,
    0xB9, 0x7D, 0x30, 0x4B, 0xAF, 0xE3, 0xC6, 0x7C, 0xC6, 0xAD, 0xE6, 0x8D, 0xE6, 0xA2, 0x9A, 0x8D,
    0x01, 0x74, 0xD0, 0x91, 0xF2, 0x1A, 0xB7, 0xF6, 0x04, 0x6E, 0x75, 0x22, 0x7F, 0x45, 0xD1, 0xEE,
    0xB3, 0x85, 0xDD, 0x3F, 0x54, 0xB0, 0x0B, 0xFB, 0x74, 0xF9, 0x01, 0x8C, 0x37, 0x7E, 0xC9, 0xD8,
    0x88, 0xAE, 0xCA, 0x90, 0x82, 0x33, 0x23, 0x82, 0xCE, 0xAD, 0x72, 0x1C, 0x83, 0xCA, 0x85, 0x53,
    0x59, 0x41, 0x6C, 0xE4, 0x44, 0xF8, 0x6D, 0xFF, 0xB9, 0x52, 0x24, 0x1E, 0x17, 0x25, 0x29, 0x93,
    0x66, 0xF1, 0x83, 0x21, 0xD5, 0xA4, 0x16, 0x04, 0x8D, 0x37, 0x22, 0x13, 0x69, 0x41, 0x43, 0xA3,
    0xA0, 0x23, 0xE9, 0x40, 0xDA, 0x14, 0x5E, 0x6A, 0x69, 0xA5, 0x16, 0x50, 0x94, 0xB7, 0xA9, 0x9E,
    0x9B, 0xD7, 0xE6, 0x35, 0x44, 0x41, 0x34, 0x0E, 0x56, 0xF5, 0x97, 0x5C, 0x3F, 0x0C, 0x2F, 0xC8,
    0x45, 0x12, 0x7D, 0xF7, 0xA1, 0x10, 0x5F, 0x4B, 0x83, 0x4D, 0x24, 0x0A, 0x1B, 0x76, 0x6B, 0xA8,
    0x85, 0x8E, 0x06, 0xF1, 0xA4, 0x0B, 0xFD, 0x42, 0x9E, 0xF2, 0x63, 0x26, 0xED, 0x06, 0x0D, 0x3E,
    0x1C, 0x34, 0x78, 0x48, 0x8E, 0x20, 0x1B, 0x49, 0xE9, 0x0E, 0x8A, 0x45, 0xE4, 0x48, 0x61, 0x8C,
    0x02, 0x05, 0xEB, 0x8D, 0xBF, 0x23, 0xD4, 0xFF, 0xFD, 0xD9, 0x15, 0x40, 0x2B, 0x6F, 0xA0, 0x1A,
    0x4E, 0xC1, 0xBA, 0x73, 0x50, 0xDD, 0x29, 0xEE, 0xD6, 0x77, 0x7F, 0x9D, 0xE7, 0xD8, 0x26, 0x82,
    0xF3, 0x0C, 0x97, 0x41, 0x35, 0xA8, 0x7F, 0xDE, 0x3C, 0xDB, 0x71, 0x23, 0xBC, 0x82, 0x22, 0xC8,
    0x26, 0x50, 0x37, 0x81, 0xD0, 0xCD, 0x8E, 0x9C, 0xE7, 0xF1, 0x48, 0x12, 0x47, 0xBA, 0xD0, 0xC7,
    0xE8, 0x86, 0x72, 0x1F, 0x42, 0xB7, 0x73, 0xBA, 0x77, 0xDF, 0x7B, 0x5E, 0xDC, 0x4F, 0xBE, 0x3E,
    0x1C, 0xE0, 0xC3, 0x8F, 0x90, 0x15, 0x76, 0xFF, 0x9E, 0x87, 0x73, 0xCB, 0xB6, 0x23, 0x31, 0xFA,
    0xC8, 0x97, 0x66, 0xC5, 0x53, 0x37, 0x83, 0x5C, 0x12, 0xFF, 0x21, 0xB3, 0xEC, 0x4F, 0xDC, 0x2A,
    0x3F, 0xD9, 0x36, 0xCE, 0x4C, 0x1A, 0x49, 0x81, 0x14, 0x41, 0xD7, 0x13, 0xE8, 0xE1, 0x0A, 0xFA,
    0x98, 0x72, 0x41, 0xC7, 0xD2, 0x37, 0x98, 0x59, 0x8A, 0xBE, 0x4A, 0x7B, 0x18, 0x5C, 0x62, 0xF8,
    0x12, 0x38, 0xCF, 0x19, 0x1E, 0xC3, 0xBA, 0xD8, 0xC2, 0x34, 0x97, 0x5A, 0x15, 0x51, 0xF0, 0x70,
    0x20, 0x63, 0xC8, 0x64, 0x34, 0xD6, 0x9A, 0x0D, 0x5F, 0xC1, 0x2C, 0xDD, 0xE7, 0x73, 0xF7, 0x97,
    0x09, 0x1B, 0x89, 0x7D, 0x38, 0x75, 0x7F, 0x55, 0xFF, 0xFB, 0xC9, 0x46, 0x55, 0x7E, 0x67, 0xF9,
    0xB5, 0x06, 0xDB, 0x99, 0xDC, 0x4D, 0x64, 0x93, 0xC9, 0x6D, 0x02, 0x63, 0xE4, 0xEA, 0x29, 0xF6,
    0x3D, 0xD7, 0xCC, 0x48, 0xCA, 0xA4, 0x99, 0xA4, 0x1B, 0x0D, 0xA4, 0x11, 0x74, 0x9D, 0x40, 0x9F,
    0xCC, 0xA0, 0x8F, 0x57, 0xD0, 0x87, 0x0A, 0x0A, 0x5E, 0x41, 0x96, 0xD4, 0x92, 0x1A, 0x52, 0x45,
    0x3A, 0x90, 0xC4, 0x93, 0x2C, 0xC9, 0xC4, 0x72, 0xE8, 0x61, 0x88, 0x84, 0x19, 0x3D, 0x96, 0x7D,
    0x0D, 0xC9, 0xE9, 0x66, 0x26, 0x75, 0xBB, 0x6E, 0x3B, 0x9A, 0x32, 0xAD, 0x8F, 0xE0, 0x11, 0x62,
    0x9C, 0x66, 0x79, 0xC2, 0x7B, 0xCD, 0xD6, 0x5A, 0x24, 0xD1, 0xAB, 0x59, 0x77, 0x0D, 0x45, 0xDB,
    0x9E, 0xE0, 0x1C, 0xA5, 0x2F, 0x3B, 0x15, 0x17, 0x7B, 0x39, 0xA7, 0x64, 0x60, 0x46, 0x1C, 0x17,
    0x18, 0xB9, 0xEE, 0xA8, 0x01, 0xBC, 0xA3, 0xBE, 0xB4, 0xC3, 0xA5, 0x2F, 0x5E, 0xB4, 0x2E, 0xE9,
    0x87, 0xFD, 0x5F, 0xF9, 0xD1, 0xDC, 0xF8, 0x11, 0x6F, 0xFD, 0xC8, 0xC2, 0x21, 0x23, 0xD9, 0xAC,
    0xA8, 0x81, 0xD4, 0x0C, 0x3E, 0xEA, 0xC4, 0xAA, 0xCB, 0x0C, 0x2F, 0x61, 0x14, 0x8F, 0xBA, 0xA4,
    0x44, 0x9A, 0x9F, 0x64, 0x6C, 0xBD, 0x08, 0x7D, 0x7D, 0xF2, 0x64, 0x6E, 0x77, 0xF4, 0x74, 0xD3,
    0x03, 0x7D, 0x3F, 0x52, 0xAE, 0x56, 0x8D, 0x20, 0x7B, 0x93, 0xED, 0xED, 0xD6, 0x57, 0xF7, 0xC5,
    0x24, 0xEE, 0x31, 0x7D, 0x8D, 0xDB, 0xC9, 0xBE, 0xFC, 0xBE, 0x85, 0x47, 0xF4, 0x90, 0x4D, 0xD2,
    0xA1, 0x33, 0x4F, 0x99, 0x07, 0xB4, 0xE3, 0x21, 0xA1, 0xF6, 0xE6, 0x84, 0xF9, 0x26, 0x7C, 0x74,
    0xFB, 0x0C, 0x47, 0x60, 0xB8, 0xD0, 0x89, 0xCE, 0x69, 0x38, 0xA3, 0xED, 0x04, 0xF8, 0x5F, 0x24,
    0x58, 0xAD, 0xFD, 0x4B, 0x51, 0xD8, 0xA2, 0xC7, 0x40, 0xE6, 0x46, 0x19, 0xF6, 0x45, 0x8C, 0xC2,
    0xFA, 0x6A, 0x0B, 0xD0, 0x15, 0x37, 0x8A, 0x2D, 0x9E, 0x36, 0x3D, 0x89, 0xE7, 0xCA, 0x93, 0x35,
    0xE6, 0xBA, 0x45, 0x30, 0x59, 0x38, 0x05, 0x35, 0x2B, 0x19, 0xEA, 0x22, 0x36, 0xD2, 0xB4, 0x2D,
    0x1D, 0x82, 0x0E, 0x9C, 0x42, 0xC6, 0xD9, 0xFE, 0x4D, 0x79, 0x2E, 0xF8, 0x72, 0x01, 0xB7, 0x5B,
    0x80, 0x1B, 0x06, 0x18, 0xDD, 0xD2, 0xC6, 0xF1, 0xE6, 0x4C, 0x81, 0x6E, 0x65, 0xFB, 0x6F, 0x67,
    0x9B, 0x78, 0x9B, 0x70, 0x53, 0xFE, 0x14, 0x4F, 0x07, 0xE5, 0x39, 0x32, 0x23, 0x60, 0x5D, 0x6A,
    0xA7, 0x4A, 0x83, 0x8D, 0xED, 0x54, 0xE3, 0x36, 0x36, 0x73, 0x83, 0xC8, 0x85, 0x66, 0x6E, 0xAF,
    0xA3, 0x43, 0x36, 0xB4, 0x9F, 0x26, 0x3F, 0x54, 0xAB, 0x79, 0x98, 0xB5, 0x3F, 0xAA, 0x7D, 0x77,
    0x52, 0xA8, 0xB7, 0x0F, 0x16, 0x85, 0x7E, 0x7F, 0x5C, 0x57, 0xDC, 0xD6, 0x83, 0x2E, 0xDB, 0x29,
    0x93, 0xE6, 0x38, 0xA4, 0x04, 0x6E, 0x76, 0xDE, 0x02, 0xDB, 0x65, 0x3A, 0xF3, 0xE4, 0xC7, 0x78,
    0x46, 0x80, 0xCD, 0x8C, 0x1A, 0xA4, 0xBF, 0x8E, 0x95, 0xBE, 0xC5, 0x8D, 0xEB, 0x63, 0x6A, 0xBA,
    0x86, 0x02, 0x4B, 0x3F, 0x0C, 0xDD, 0x68, 0x69, 0x79, 0x45, 0x9F, 0x61, 0x12, 0x5F, 0x53, 0x69,
    0x75, 0x1C, 0x41, 0x1F, 0x2A, 0x1A, 0x1F, 0xE8, 0xD0, 0x40, 0x4B, 0xE0, 0x71, 0x25, 0x41, 0xB3,
    0xCD, 0x70, 0xD5, 0xCC, 0x3E, 0xD2, 0x5B, 0x0E, 0x67, 0x26, 0x38, 0x8F, 0x56, 0x0D, 0x35, 0x0C,
    0x1C, 0xD8, 0x03, 0x96, 0x3F, 0xA4, 0xA5, 0xD7, 0x34, 0x50, 0x69, 0x97, 0xC6, 0x9B, 0xD1, 0x7A,
    0xE1, 0xA4, 0xDF, 0x87, 0x78, 0x52, 0x38, 0x01, 0x4D, 0xCF, 0x5B, 0x84, 0x99, 0xFF, 0xB5, 0x42,
    0xE3, 0xED, 0x19, 0x16, 0x23, 0x33, 0xA2, 0x8C, 0xB0, 0x98, 0xA9, 0x54, 0xEB, 0xD3, 0x1F, 0xA7,
    0xFD, 0x6D, 0x19, 0xE4, 0x1B, 0x97, 0x53, 0x3D, 0x4C, 0x1B, 0x4B, 0xF0, 0xA4, 0xCF, 0x29, 0x25,
    0xA6, 0x3D, 0xDF, 0xAB, 0x05, 0x58, 0xCB, 0x2F, 0x24, 0xFA, 0xED, 0x99, 0x5D, 0xE5, 0xCB, 0xB5,
    0x43, 0x07, 0x53, 0x7E, 0x94, 0x36, 0x27, 0x1D, 0x8E, 0x7A, 0xDA, 0xE1, 0x19, 0xED, 0x5E, 0xE5,
    0xA6, 0xC8, 0x4B, 0x94, 0xA7, 0xF4, 0xD0, 0x68, 0xC3, 0xB9, 0x64, 0xD0, 0xD8, 0xCC, 0x5F, 0xFD,
    0xDC, 0xA2, 0x90, 0x41, 0xB3, 0xC9, 0x26, 0x35, 0xB3, 0x8D, 0xD5, 0xDA, 0x85, 0xE3, 0x72, 0xEC,
    0x65, 0x54, 0xD5, 0xE9, 0x14, 0x17, 0xD2, 0x0D, 0x36, 0x36, 0xF3, 0x61, 0x96, 0x5F, 0xBF, 0xB6,
    0xFD, 0xFE, 0x59, 0x01, 0x9E, 0x90, 0x34, 0xFC, 0x5F, 0xF1, 0xE1, 0x02, 0xCF, 0x1D, 0xE0, 0x01,
    0x1D, 0xEC, 0x8E, 0xF2, 0x8E, 0x7A, 0xB4, 0xFF, 0xAB, 0x7F, 0x1B, 0x1E, 0xEB, 0xF3, 0xF0, 0xFE,
    0x23, 0x41, 0x1F, 0x82, 0x7D, 0x47, 0x1D, 0x7C, 0xD2, 0xBE, 0x03, 0x0C, 0xD0, 0x96, 0xBB, 0x05,
    0x7C, 0x2C, 0x32, 0x3D, 0xD3, 0xE6, 0x52, 0x39, 0xDF, 0x8F, 0xB9, 0x8F, 0x4B, 0x0B, 0x74, 0xB0,
    0xCF, 0xE6, 0x57, 0xCA, 0x79, 0xE5, 0x16, 0x0E, 0xB0, 0xF9, 0x20, 0x76, 0x97, 0xEB, 0x2B, 0xD5,
    0x61, 0xDB, 0x54, 0xE4, 0xE2, 0x0F, 0x0C, 0xD4, 0x7F, 0x84, 0xBF, 0xCE, 0xB5, 0x6A, 0x6E, 0x01,
    0x4B, 0x64, 0x93, 0xCB, 0xBF, 0x2C, 0x37, 0x70, 0x63, 0x8B, 0x7A, 0x6C, 0x09, 0x45, 0xAE, 0x02,
    0xE4, 0x0A, 0x47, 0xA3, 0x2B, 0xEC, 0x5E, 0x65, 0xAE, 0xD0, 0x96, 0x6C, 0xEC, 0x92, 0x0B, 0x4D,
    0x3E, 0x3D, 0xCD, 0x16, 0xBB, 0x06, 0xB4, 0x8F, 0x2D, 0x00, 0xF9, 0x08, 0xBB, 0xFA, 0x83, 0x8F,
    0x2D, 0x47, 0x4C, 0x4E, 0x93, 0x1F, 0xBF, 0xB3, 0x6D, 0x91, 0x2C, 0x68, 0xBE, 0x2D, 0xBD, 0x3C,
    0xBF, 0x40, 0xD1, 0x7B, 0x30, 0x3E, 0x19, 0xC0, 0x02, 0x2E, 0x23, 0xC9, 0xC2, 0x2D, 0x5C, 0x34,
    0x5B, 0x7D, 0x07, 0x34, 0xC0, 0xC1, 0x5F, 0x97, 0x34, 0xEF, 0xD2, 0xAB, 0xE2, 0xD8, 0x2F, 0x32,
    0x80, 0xB6, 0xFC, 0x95, 0xF2, 0xC2, 0x20, 0x6A, 0x04, 0x16, 0x40, 0x7B, 0x60, 0xD0, 0x77, 0x34,
    0x68, 0xEF, 0x00, 0xFB, 0x42, 0x18, 0xA4, 0x99, 0x8B, 0x36, 0x9A, 0x41, 0xB6, 0x8F, 0x1D, 0x9F,
    0x77, 0x09, 0xC4, 0x6C, 0x14, 0x17, 0xC9, 0xA5, 0x4B, 0xE9, 0x76, 0xFF, 0xC2, 0x03, 0x2B, 0x9D,
    0x1B, 0xAC, 0x4A, 0x97, 0x5F, 0xEC, 0x5D, 0xEF, 0x92, 0xFE, 0x54, 0x03, 0x37, 0x41, 0xFD, 0xC5,
    0x2C, 0xEA, 0x93, 0xA8, 0x06, 0xA0, 0xDF, 0xEF, 0x2E, 0xED, 0xF5, 0x3F, 0x5B, 0x05, 0xDB, 0x72,
    0x8F, 0x8B, 0xDE, 0x47, 0xA6, 0xF1, 0xDB, 0xBD, 0xBE, 0xF8, 0x1A, 0x75, 0x72, 0x53, 0x97, 0x2F,
    0x12, 0x7E, 0x8A, 0x7B, 0xCE, 0xA4, 0xEA, 0xBA, 0xB1, 0xF6, 0x1B, 0x0F, 0xD0, 0xBA, 0xCD, 0xA8,
    0x0E, 0x0E, 0xEC, 0x0B, 0xDB, 0xAF, 0xC1, 0x97, 0xB7, 0x11, 0x22, 0x06, 0xF8, 0x73, 0xEF, 0x08,
    0x31, 0x9D, 0x8F, 0x7B, 0x3A, 0xC7, 0x6E, 0x5B, 0x0A, 0xDD, 0xEC, 0x02, 0xFF, 0x60, 0xAC, 0x88,
    0x05, 0x9B, 0xCA, 0xF6, 0xCE, 0x7A, 0xB6, 0x53, 0x8E, 0xCB, 0x8C, 0xFD, 0xB8, 0x4C, 0xCB, 0xB8,
    0x03, 0x40, 0x6B, 0x22, 0x74, 0x9E, 0x2D, 0xEF, 0x2E, 0xC1, 0xB3, 0xC4, 0xE5, 0x4F, 0x19, 0x80,
    0xDB, 0xC2, 0x9D, 0xB1, 0x60, 0x66, 0x1F, 0xCB, 0x72, 0xDB, 0x6D, 0xD9, 0x97, 0xA1, 0x3F, 0x5F,
    0x9A, 0xD9, 0x6C, 0xCB, 0xD6, 0x00, 0x35, 0x80, 0xE5, 0x7C, 0xE7, 0x32, 0x7F, 0x83, 0x0B, 0x2A,
    0x29, 0x79, 0xD4, 0xBE, 0x7F, 0xFE, 0xB2, 0x3A, 0xEA, 0x23, 0xA3, 0xB3, 0x55, 0x78, 0xFB, 0xBA,
    0x0B, 0xE2, 0xD6, 0xDE, 0x6A, 0x6E, 0x74, 0x81, 0x51, 0x68, 0xFB, 0xFE, 0x51, 0x1D, 0xBF, 0xD3,
    0x16, 0xD5, 0xFC, 0x43, 0x1D, 0xDE, 0x08, 0x62, 0x4F, 0x8B, 0xE6, 0xDB, 0x72, 0xD6, 0x34, 0x0A,
    0xBF, 0x74, 0x75, 0x32, 0x3A, 0x35, 0x3A, 0xE3, 0x7F, 0x50, 0xAC, 0x8A, 0xF4, 0x5C, 0x8C, 0x05,
    0xD9, 0x6C, 0x6B, 0xB8, 0x05, 0x6A, 0x40, 0xFC, 0xFA, 0x4B, 0x46, 0x84, 0x7F, 0xA9, 0x71, 0xF3,
    0xE6, 0xF9, 0xA4, 0x4D, 0xB8, 0xF6, 0xED, 0x9E, 0xB5, 0x68, 0x75, 0xC3, 0x61, 0x4F, 0x5D, 0x11,
    0xB7, 0x6C, 0xA7, 0x0D, 0xE9, 0x38, 0x19, 0xDB, 0xA1, 0x94, 0x73, 0x17, 0xBA, 0x4D, 0xBF, 0x8D,
    0x1D, 0xAE, 0xF2, 0x07, 0x73, 0xB2, 0xDC, 0x3B, 0x32, 0xB7, 0x31, 0x9D, 0x7C, 0x5F, 0x4F, 0xCB,
    0xAC, 0x52, 0x2D, 0xD3, 0xA2, 0x70, 0x3D, 0xEB, 0x22, 0x07, 0x4D, 0x0E, 0x9A, 0x34, 0x51, 0x9F,
    0x8F, 0x16, 0x1A, 0x1D, 0x4C, 0x15, 0x41, 0xC7, 0x08, 0x1F, 0xEB, 0xD9, 0xC0, 0x8E, 0x16, 0x36,
    0x55, 0xAB, 0x0B, 0xB4, 0x00, 0xD6, 0x72, 0xF4, 0xF2, 0xDD, 0x0E, 0x4B, 0x94, 0xBA, 0x34, 0xD4,
    0xB0, 0x9D, 0x16, 0xD3, 0x03, 0xC7, 0xFC, 0x02, 0xD8, 0xBF, 0x78, 0x94, 0x37, 0x8F, 0x26, 0x93,
    0x50, 0x33, 0xA2, 0x25, 0x1C, 0x57, 0x37, 0xC8, 0xB9, 0x47, 0xD0, 0x49, 0x8F, 0xB8, 0x53, 0x38,
    0x0D, 0xC0, 0x3E, 0x9C, 0xDB, 0x4F, 0xF1, 0xFD, 0x29, 0xA4, 0x59, 0xB6, 0x19, 0x28, 0xBF, 0x24,
    0xE0, 0x55, 0xF9, 0xDB, 0x31, 0x6E, 0xB2, 0x83, 0x9E, 0x40, 0xBA, 0xF1, 0xC0, 0xCD, 0x7A, 0xAC,
    0x51, 0x16, 0x69, 0xA6, 0xA7, 0x4B, 0xE6, 0x21, 0x54, 0x93, 0x68, 0xD8, 0x4A, 0xC2, 0x2B, 0x2A,
    0xCF, 0xC5, 0xD0, 0xB1, 0xA6, 0x12, 0xAA, 0x82, 0x42, 0x37, 0x7C, 0xB3, 0xEB, 0x03, 0xB8, 0x84,
    0x98, 0xCD, 0x2C, 0xF5, 0x4C, 0xB3, 0x4F, 0xCB, 0x11, 0x45, 0x7B, 0xDA, 0xE0, 0x58, 0xF0, 0x80,
    0x57, 0x54, 0x9E, 0x89, 0xA1, 0xA3, 0x67, 0xA1, 0x2A, 0x28, 0x84, 0xC0, 0x6F, 0x5B, 0x1D, 0x57,
    0xA3, 0xBA, 0x58, 0xD5, 0xD9, 0xBE, 0xA5, 0xF9, 0x0D, 0xE9, 0xC2, 0xBF, 0x01, 0xCD, 0x59, 0x31,
    0x8C, 0xDE, 0xC6, 0x72, 0xFE, 0x48, 0x3A, 0x3F, 0x63, 0x53, 0xCE, 0x0A, 0x41, 0x0C, 0x18, 0x11,
    0x82, 0x4D, 0xE1, 0x42, 0xDD, 0xBA, 0x70, 0x5A, 0x2D, 0x13, 0x23, 0x71, 0xE1, 0xC2, 0x6A, 0xD2,
    0xAB, 0x4F, 0xA1, 0xF4, 0x80, 0xBD, 0x44, 0x04, 0xA4, 0xF5, 0xA5, 0x6F, 0xD4, 0x37, 0x6E, 0x52,
    0xA4, 0x91, 0xB8, 0xB2, 0xCB, 0x14, 0x26, 0x92, 0x1E, 0xA0, 0x6D, 0x15, 0x01, 0x5C, 0x68, 0x81,
    0xF0, 0x3D, 0xF3, 0xFC, 0x96, 0x9C, 0x37, 0x33, 0x24, 0x7E, 0x9D, 0xEE, 0x24, 0xC9, 0x7A, 0x3E,
    0x19, 0xB7, 0xE4, 0xF7, 0xCD, 0x72, 0x77, 0x67, 0xE6, 0xE3, 0xFC, 0x3C, 0x92, 0xFF, 0x7F, 0xB6,
    0x0B, 0x63, 0x9F, 0xC2, 0x68, 0x3B, 0xC0, 0x45, 0x17, 0xBD, 0x6C, 0xC3, 0xC5, 0x0D, 0x6E, 0xC4,
    0x33, 0x08, 0x2B, 0x2A, 0x22, 0x18, 0x86, 0xA3, 0x15, 0x7E, 0xFA, 0x33, 0xF4, 0x11, 0xCF, 0x20,
    0x4C, 0x05, 0xFC, 0xB6, 0xA6, 0xAD, 0x89, 0x3A, 0xF1, 0xB9, 0x10, 0xE7, 0x40, 0x27, 0xF0, 0x94,
    0x40, 0x94, 0x0A, 0xA2, 0xB1, 0xA4, 0xB6, 0x2D, 0x57, 0xA0, 0x5A, 0x36, 0x04, 0xA2, 0xB3, 0xD0,
    0x31, 0x45, 0xDE, 0x41, 0x34, 0xD7, 0x3B, 0x1A, 0x06, 0xB8, 0x95, 0xC0, 0x1D, 0xD3, 0x61, 0xF6,
    0x4F, 0xFE, 0xB0, 0x58, 0xA2, 0xCC, 0xE3, 0xA9, 0x9E, 0x6D, 0x6A, 0x78, 0x33, 0xA9, 0x56, 0x2B,
    0xC7, 0x32, 0xEE, 0x78, 0x5E, 0xD6, 0x99, 0xAE, 0x98, 0xC5, 0xCF, 0x27, 0xF4, 0x83, 0x9D, 0x41,
    0xD1, 0xE4, 0x82, 0x65, 0x2F, 0x15, 0xA1, 0xA2, 0x7A, 0x41, 0x41, 0x5F, 0x66, 0xA0, 0x7F, 0x92,
    0x00, 0x4F, 0xA2, 0x9D, 0xA2, 0x24, 0x5F, 0x8F, 0xB4, 0x8B, 0x16, 0x7A, 0xF1, 0x84, 0x52, 0xDF,
    0x3E, 0x7F, 0x83, 0xB6, 0x97, 0xCC, 0xDF, 0x5D, 0xDB, 0x92, 0x68, 0xA8, 0x89, 0xD5, 0x09, 0xE6,
    0xB2, 0x35, 0x13, 0xD0, 0x48, 0x06, 0x7A, 0xCC, 0x20, 0xC8, 0xB8, 0xFB, 0x9E, 0x46, 0x1F, 0x7D,
    0xF2, 0xD1, 0x24, 0x3F, 0x9A, 0x64, 0x57, 0x37, 0xC8, 0x38, 0xFB, 0x8A, 0xEE, 0x0E, 0x05, 0x45,
    0xC0, 0x0F, 0x7F, 0x83, 0x30, 0x38, 0x8E, 0xE7, 0x79, 0x8E, 0x81, 0x03, 0x4D, 0x70, 0xC5, 0xD4,
    0xDF, 0xCB, 0xBC, 0x73, 0x07, 0x25, 0x8D, 0x10, 0x0F, 0x02, 0xBB, 0xF0, 0x42, 0xD4, 0x6B, 0xEB,
    0x26, 0x98, 0x24, 0xA5, 0x77, 0xB1, 0x1F, 0x56, 0xF8, 0x8F, 0x29, 0x79, 0xF8, 0x86, 0xB9, 0xFD,
    0xC2, 0x8C, 0xB0, 0xDD, 0x03, 0x1B, 0x8F, 0xCC, 0x23, 0xD7, 0x6D, 0x17, 0x8C, 0xCC, 0xF2, 0xCA,
    0xC9, 0x8B, 0xD7, 0xB8, 0xEE, 0x11, 0x34, 0xDA, 0x1E, 0x79, 0xCB, 0x82, 0x92, 0x1E, 0x03, 0x0D,
    0xB5, 0x86, 0xC6, 0xB7, 0xEA, 0x84, 0x72, 0x6A, 0x68, 0x72, 0xEC, 0xF7, 0x0F, 0x53, 0x28, 0x99,
    0xA5, 0x7F, 0xA0, 0x11, 0xD7, 0x79, 0xC3, 0x17, 0x78, 0x00, 0x50, 0x4B, 0xEC, 0x54, 0xAD, 0xA8,
    0x97, 0x26, 0xC3, 0xCC, 0x66, 0x86, 0x4B, 0x3E, 0x21, 0xA4, 0x30, 0x6A, 0x4F, 0xC7, 0x74, 0x56,
    0xD7, 0xA9, 0xC7, 0xEE, 0x2B, 0x51, 0x7A, 0xA2, 0x74, 0x16, 0x80, 0x79, 0x21, 0x02, 0xC5, 0xE3,
    0xFE, 0xAA, 0xDA, 0x00, 0x2B, 0xFC, 0x27, 0x74, 0xE2, 0xE1, 0x6B, 0x9A, 0xB8, 0x36, 0xF5, 0x77,
    0x33, 0x57, 0x85, 0xFB, 0xCA, 0x23, 0xD7, 0xA6, 0xFE, 0x21, 0x71, 0x6D, 0xEA, 0xEF, 0x78, 0xD6,
    0x7F, 0x32, 0x66, 0xAF, 0x5E, 0xAF, 0xAA, 0x8D, 0xA7, 0xB4, 0xED, 0xE5, 0x02, 0x2B, 0x1F, 0xDB,
    0x10, 0x9A, 0xF4, 0x45, 0x95, 0x98, 0xB9, 0xCF, 0x23, 0x3C, 0x2E, 0x81, 0xCE, 0xE3, 0xFC, 0x79,
    0x3E, 0x6F, 0x8D, 0xB4, 0xF3, 0xEB, 0xEA, 0x05, 0x9E, 0xBA, 0x9B, 0x36, 0x82, 0xF7, 0xD0, 0x15,
    0x2B, 0xEA, 0x19, 0x66, 0x80, 0xA3, 0xC1, 0xEB, 0x7E, 0xE3, 0x14, 0x9E, 0xDA, 0xBF, 0x72, 0x1D,
    0x6C, 0x07, 0x87, 0x8A, 0x78, 0xD7, 0xC5, 0x26, 0x5E, 0xB7, 0x91, 0xA7, 0xDC, 0x29, 0x70, 0xBF,
    0xCC, 0x4D, 0x76, 0xA3, 0xEB, 0xDE, 0x06, 0xB5, 0x3E, 0xBE, 0x12, 0x1D, 0x63, 0x60, 0x10, 0x3D,
    0x45, 0xFF, 0x73, 0x4B, 0x2D, 0x70, 0x1E, 0xC0, 0x3F, 0x6F, 0xB2, 0xBB, 0x5A, 0x8A, 0xE5, 0x84,
    0x3C, 0x9D, 0x86, 0xA1, 0xA7, 0xD9, 0x0F, 0x74, 0xA4, 0xFE, 0x48, 0x5E, 0xC8, 0x0A, 0x95, 0x42,
    0xB8, 0x21, 0x54, 0xFF, 0x0A, 0x2A, 0x6E, 0xBF, 0xD7, 0x9A, 0xC1, 0x27, 0xD9, 0xCC, 0x50, 0xDE,
    0xAF, 0x47, 0x33, 0x96, 0xF3, 0x5F, 0xE6, 0x30, 0xF7, 0xE9, 0x3D, 0x14, 0xD9, 0xE5, 0x3E, 0x87,
    0xFC, 0x77, 0xB9, 0x38, 0xB3, 0xA1, 0x3F, 0x41, 0x4D, 0x52, 0xCA, 0x05, 0x2E, 0x06, 0xF8, 0xD6,
    0x33, 0x8E, 0x1B, 0x5C, 0x17, 0x64, 0x4E, 0xD7, 0xC8, 0x5A, 0xA0, 0x00, 0x6C, 0xB4, 0x1D, 0xFC,
    0xC8, 0x29, 0x6D, 0x72, 0x09, 0x26, 0xCB, 0x95, 0xBD, 0xD6, 0x8B, 0x5C, 0xD9, 0x84, 0x82, 0xFE,
    0x8D, 0x3A, 0xED, 0xE9, 0x98, 0xCE, 0xEA, 0x3A, 0xF5, 0x50, 0x5F, 0x89, 0x72, 0x6C, 0x0F, 0x20,
    0xD7, 0xCA, 0x8D, 0x45, 0xEF, 0xA3, 0x61, 0x41, 0x33, 0x01, 0x9E, 0xFD, 0x12, 0x70, 0x93, 0x45,
    0x0D, 0x00, 0x16, 0xF8, 0xA8, 0xA6, 0x6F, 0xD5, 0x10, 0xC4, 0xB0, 0x9B, 0x98, 0x6A, 0xC6, 0x43,
    0x36, 0x4D, 0x2A, 0x56, 0x00, 0x76, 0xAC, 0xC5, 0xF8, 0x68, 0xC4, 0x84, 0xCE, 0xDD, 0x02, 0x40,
    0xF8, 0x9C, 0x0D, 0xCF, 0x67, 0x36, 0x55, 0x2E, 0x88, 0x22, 0xEA, 0x59, 0x8C, 0xA6, 0xB9, 0x25,
    0x6E, 0x6A, 0x80, 0xA3, 0x11, 0x65, 0xBC, 0x48, 0x95, 0x99, 0xA4, 0xCA, 0x64, 0x91, 0x57, 0x2D,
    0xA2, 0x2C, 0x9C, 0xD5, 0x52, 0xEC, 0x5A, 0xB2, 0x9A, 0x66, 0x52, 0x63, 0x92, 0x9B, 0xD8, 0xB8,
    0x81, 0x36, 0x49, 0xF7, 0x7B, 0x40, 0x4E, 0x41, 0x0C, 0x89, 0x1C, 0x94, 0x8B, 0xA6, 0x60, 0x37,
    0x3B, 0x00, 0xEC, 0xE6, 0x5B, 0x48, 0xB6, 0x9E, 0x5A, 0x39, 0x73, 0x62, 0xE3, 0xA3, 0x9A, 0xAD,
    0x35, 0x8B, 0x78, 0xC2, 0x53, 0x2B, 0x09, 0xFF, 0xDC, 0x46, 0x4D, 0x68, 0xA2, 0x26, 0x74, 0xAD,
    0xE8, 0xAC, 0x88, 0x3D, 0xC5, 0x44, 0xD1, 0xC9, 0x71, 0xB5, 0x66, 0xCD, 0x40, 0xCC, 0xD7, 0xCD,
    0xD7, 0x0B, 0x1E, 0xC2, 0xD3, 0xBD, 0xCC, 0xD9, 0x1D, 0xEB, 0xD4, 0x62, 0x99, 0x64, 0xC4, 0xB8,
    0x41, 0x8B, 0xE5, 0xA3, 0x14, 0x8B, 0x75, 0x66, 0x31, 0xA4, 0x55, 0x2A, 0x17, 0x35, 0x75, 0xD6,
    0xF2, 0x98, 0x74, 0xB6, 0x58, 0xB6, 0x03, 0xBC, 0x14, 0x28, 0xA9, 0xD5, 0x63, 0x68, 0x66, 0xA8,
    0x12, 0x91, 0x41, 0x51, 0x74, 0xC1, 0x2C, 0x80, 0x94, 0xC4, 0x0F, 0x3B, 0xD2, 0x5F, 0xC3, 0xEB,
    0x93, 0x9B, 0xDA, 0x86, 0x51, 0xF4, 0x8F, 0x01, 0x7C, 0xC8, 0x40, 0x91, 0x85, 0x4B, 0x12, 0x46,
    0x88, 0xC2, 0x46, 0xB9, 0xC2, 0xF9, 0x46, 0x32, 0x5E, 0xD0, 0x20, 0x93, 0x34, 0x32, 0xD7, 0x94,
    0x64, 0x39, 0xCD, 0xC2, 0x3F, 0x49, 0x20, 0xF7, 0xC3, 0xC2, 0xEC, 0x1F, 0x91, 0x06, 0xDB, 0xFE,
    0x66, 0xFB, 0x8E, 0x59, 0x42, 0x97, 0x2B, 0xFC, 0xC8, 0xAE, 0x44, 0x09, 0x35, 0xF3, 0x84, 0x86,
    0x79, 0x86, 0x61, 0xCE, 0xB0, 0x3C, 0xB8, 0xB0, 0x52, 0x54, 0xBC, 0x6C, 0x10, 0x45, 0x7D, 0x44,
    0x21, 0x21, 0x0E, 0x90, 0x66, 0xA3, 0x70, 0x18, 0x54, 0x03, 0x84, 0x67, 0x61, 0xDC, 0xB9, 0x32,
    0x3A, 0xAF, 0x41, 0x15, 0xE2, 0x98, 0xBD, 0xA6, 0x89, 0xB9, 0xF9, 0x7E, 0x16, 0x25, 0xED, 0x9D,
    0x2B, 0xA2, 0xB3, 0x9A, 0x6E, 0x6A, 0x16, 0xBD, 0x14, 0x49, 0xB2, 0x1C, 0xEA, 0x04, 0x6D, 0x57,
    0x44, 0xA1, 0x6D, 0x25, 0xBE, 0xFF, 0x7A, 0x3D, 0xB2, 0x6D, 0xF3, 0x15, 0xD1, 0x86, 0xD0, 0x3E,
    0xCD, 0xFB, 0x7D, 0x12, 0x7E, 0x94, 0xB4, 0x3F, 0xEA, 0x78, 0x3C, 0x6A, 0x2B, 0x77, 0x6D, 0xE9,
    0x78, 0x25, 0x18, 0xAD, 0xB6, 0xFD, 0xFF, 0x4D, 0xDB, 0x7A, 0xD4, 0xD6, 0xEF, 0xDA, 0x24, 0xC5,
    0x0B, 0xB4, 0x99, 0x5F, 0xA4, 0x0D, 0xBD, 0xCC, 0x73, 0x5F, 0x4D, 0xB5, 0x99, 0x66, 0x33, 0x56,
    0x0B, 0x03, 0xBF, 0x99, 0xFE, 0x5B, 0x31, 0x05, 0x7D, 0x46, 0x24, 0x71, 0x8C, 0x98, 0x26, 0xAB,
    0x31, 0xB3, 0x1A, 0x97, 0x8C, 0x2C, 0x09, 0x44, 0x62, 0x48, 0x4D, 0xB9, 0x99, 0x6A, 0x33, 0xCD,
    0xA2, 0x82, 0xEC, 0xA6, 0xCB, 0x27, 0x35, 0x61, 0x54, 0x83, 0x03, 0x3D, 0x56, 0xE7, 0xAE, 0x20,
    0xA6, 0x9A, 0x89, 0xC7, 0xDB, 0x1B, 0x70, 0x12, 0xCD, 0x27, 0x89, 0x3C, 0x0A, 0x0D, 0x7A, 0xFE,
    0x4A, 0xFB, 0xA1, 0x4C, 0xEC, 0x4B, 0x74, 0xB1, 0x15, 0xB7, 0x46, 0xA2, 0x48, 0xFA, 0x88, 0x20,
    0x54, 0xD0, 0xA9, 0x3E, 0x38, 0xB0, 0x7F, 0x20, 0xAE, 0x93, 0x22, 0x33, 0x35, 0xD4, 0x72, 0x4F,
    0x26, 0xDF, 0x67, 0x3C, 0x64, 0xC8, 0xA8, 0x1B, 0x79, 0x30, 0x01, 0x05, 0xF7, 0x81, 0xE7, 0xBE,
    0xF9, 0x48, 0xFE, 0x23, 0x38, 0xC5, 0x59, 0xC8, 0xD8, 0x05, 0x10, 0xCD, 0x67, 0x21, 0xB1, 0x35,
    0x87, 0x65, 0x84, 0xB8, 0xE5, 0xBE, 0x89, 0x37, 0x97, 0xEF, 0x00, 0xC0, 0xC9, 0x44, 0x42, 0x49,
    0x19, 0xD5, 0xEF, 0x16, 0x20, 0x7E, 0xF0, 0xC6, 0xF2, 0x35, 0xC3, 0x2D, 0xD8, 0x44, 0xAD, 0x40,
    0xFA, 0x6F, 0x2A, 0xCF, 0x35, 0x04, 0x84, 0xC1, 0x4E, 0xD5, 0x84, 0x13, 0x70, 0x73, 0xE9, 0x97,
    0x6D, 0x18, 0xAA, 0xD9, 0xC8, 0xEB, 0x5E, 0x7B, 0x0D, 0xAF, 0xE7, 0x07, 0x4E, 0x65, 0x16, 0x04,
    0xEA, 0x7A, 0x17, 0x3F, 0xA8, 0xB1, 0xB5, 0x26, 0xFF, 0xE9, 0xFB, 0xAD, 0x72, 0xFF, 0x56, 0xC5,
    0x1D, 0x68, 0x2B, 0xE9, 0x57, 0xEC, 0x3D, 0x9D, 0x00, 0x35, 0xD1, 0xAA, 0x4C, 0x83, 0x72, 0x42,
    0x9D, 0x8B, 0x3E, 0x33, 0xB3, 0x78, 0xE1, 0x7A, 0x15, 0xAE, 0x08, 0x3D, 0xE5, 0x52, 0xB9, 0xD8,
    0x59, 0xC6, 0x4B, 0xDA, 0x67, 0x8F, 0x2B, 0xED, 0xB2, 0x47, 0xD0, 0x68, 0xCA, 0x71, 0xCB, 0xB2,
    0x67, 0x84, 0xFD, 0x0F, 0xFD, 0x7C, 0x12, 0x40, 0x34, 0x02, 0x1F, 0xDD, 0xED, 0x70, 0xAE, 0xF5,
    0x2D, 0xFC, 0xD8, 0x0F, 0x42, 0x93, 0x50, 0x16, 0x22, 0xA5, 0x4E, 0x68, 0x60, 0x7A, 0x92, 0x98,
    0xBE, 0xCD, 0x4C, 0xDF, 0xAC, 0x4C, 0x8F, 0x88, 0x29, 0xF6, 0xC4, 0xE4, 0x85, 0x8C, 0x50, 0x23,
    0x54, 0x09, 0x15, 0x42, 0xE8, 0x85, 0xBC, 0x90, 0x1D, 0x5F, 0xFB, 0x45, 0x45, 0x6F, 0x3D, 0x08,
    0xC7, 0xAF, 0x6A, 0xC7, 0x5B, 0x68, 0x1B, 0x32, 0xDC, 0x0C, 0xB3, 0xEA, 0xCD, 0x93, 0x10, 0x46,
    0x94, 0xCC, 0x03, 0x0A, 0xBD, 0xF7, 0x82, 0x76, 0xDE, 0x46, 0x74, 0x76, 0x5B, 0x29, 0x5E, 0xCD,
    0xBA, 0x47, 0xD8, 0xA2, 0x95, 0x12, 0x59, 0xB3, 0xB4, 0x7B, 0xC6, 0xE3, 0x8B, 0xCA, 0x70, 0xFE,
    0x45, 0x25, 0x0B, 0xE3, 0xCE, 0x15, 0xD1, 0xF9, 0x8A, 0x17, 0x95, 0xB2, 0xBD, 0x73, 0x45, 0x74,
    0x5E, 0x7C, 0x51, 0x79, 0xE7, 0xF8, 0xA2, 0x72, 0x35, 0x14, 0xDA, 0xF6, 0xBF, 0x2E, 0xBE, 0xA8,
    0x5C, 0x0D, 0x6D, 0x25, 0x0E, 0x30, 0xD1, 0x76, 0x7E, 0x0C, 0x83, 0x3D, 0x95, 0x27, 0xF0, 0x8A,
    0x82, 0x66, 0xA0, 0x4F, 0x6A, 0xE5, 0x58, 0xC6, 0x65, 0x5E, 0xD6, 0xC9, 0x7A, 0x69, 0x7F, 0xAB,
    0xFE, 0x59, 0x63, 0x2D, 0xAA, 0x78, 0x3A, 0xAF, 0x98, 0x44, 0x71, 0x49, 0xA2, 0xB8, 0xFE, 0xBD,
    0x28, 0xB6, 0xDF, 0x89, 0x56, 0xDF, 0x09, 0x93, 0x28, 0xFE, 0x9F, 0x2C, 0x8A, 0x7F, 0x9C, 0x44,
    0x31, 0x8D, 0xA2, 0x98, 0x3A, 0xF3, 0xAC, 0xE2, 0x86, 0x79, 0x84, 0x65, 0x6E, 0x61, 0xFF, 0x7D,
    0x53, 0xAC, 0xED, 0x5D, 0xA1, 0xD0, 0x0A, 0x0D, 0x4C, 0x66, 0x62, 0xAA, 0x84, 0x70, 0x82, 0x33,
    0x8D, 0x3A, 0x50, 0xFB, 0xAB, 0x28, 0x6A, 0x9D, 0xA5, 0xE4, 0x53, 0x23, 0x3A, 0x69, 0x11, 0x39,
    0x33, 0x2A, 0x11, 0x86, 0xBB, 0x2B, 0xB8, 0x7D, 0x24, 0x24, 0xBD, 0x4A, 0xC8, 0x4C, 0x42, 0x83,
    0x1C, 0xE2, 0x37, 0xD7, 0x52, 0x74, 0x4C, 0x7A, 0xFD, 0xBB, 0xCC, 0xD4, 0x93, 0x28, 0xF3, 0x2D,
    0xF0, 0xE1, 0x3B, 0xBF, 0xB5, 0x96, 0x62, 0x32, 0x1D, 0xAA, 0xEC, 0x46, 0x25, 0x39, 0x8C, 0xBF,
    0xF9, 0x27, 0x73, 0x10, 0x72, 0xFB, 0x8B, 0x23, 0x78, 0x2D, 0xD3, 0x7C, 0xE1, 0x2A, 0xE9, 0x47,
    0x98, 0xEC, 0x13, 0x5C, 0xB2, 0x33, 0xC2, 0x68, 0x32, 0x28, 0xD6, 0x6B, 0x41, 0x5D, 0x45, 0x1F,
    0x13, 0x0A, 0xFA, 0xEF, 0x05, 0xE8, 0x9F, 0x64, 0xC0, 0x53, 0x02, 0xAC, 0x84, 0x37, 0x14, 0x81,
    0x8A, 0x5A, 0x0D, 0xFA, 0x6A, 0x3A, 0xFF, 0x32, 0x73, 0xCA, 0xA0, 0x81, 0x31, 0x31, 0x72, 0x1F,
    0xED, 0xD2, 0xC7, 0x6A, 0x55, 0x70, 0x66, 0x39, 0x96, 0xF1, 0x7D, 0x3E, 0xF6, 0xF4, 0x7F, 0x17,
    0x5E, 0x88, 0xF4, 0xCB, 0x79, 0x43, 0x2B, 0xE0, 0x88, 0x3A, 0x78, 0x5E, 0x86, 0x7E, 0x08, 0x03,
    0xA8, 0xF3, 0x4C, 0xAD, 0x8F, 0x4C, 0x41, 0x88, 0x00, 0xFA, 0x78, 0x61, 0xFA, 0x64, 0x66, 0xFA,
    0x34, 0x4B, 0x6F, 0x95, 0x31, 0x92, 0x75, 0x34, 0x33, 0xD9, 0x85, 0xA9, 0x24, 0xA6, 0x82, 0xE9,
    0x1F, 0xA5, 0xF7, 0x29, 0x31, 0x7D, 0x46, 0x8B, 0x10, 0x2F, 0xF9, 0x27, 0x3A, 0x01, 0x3E, 0x00,
    0x8A, 0x85, 0x41, 0x2D, 0xC0, 0x49, 0x60, 0x18, 0x25, 0xF7, 0xF7, 0xF6, 0x8E, 0xFE, 0xA9, 0xAE,
    0x0C, 0x6A, 0x0D, 0x51, 0x7C, 0x4B, 0x85, 0xFA, 0x78, 0xE0, 0xBE, 0x63, 0xF4, 0x0C, 0x56, 0xB7,
    0x41, 0x8F, 0x75, 0x9C, 0xE7, 0x7F, 0x6E, 0x51, 0x76, 0x40, 0x93, 0x00, 0xC7, 0xE8, 0xB9, 0xFF,
    0x10, 0x92, 0xEF, 0x72, 0x62, 0x5F, 0x03, 0xE0, 0x5B, 0x14, 0x7A, 0x5B, 0x9D, 0xF4, 0x09, 0x56,
    0xB6, 0xFF, 0x7A, 0x29, 0xB1, 0xCB, 0xF9, 0x7D, 0xB0, 0x0F, 0x2C, 0x2D, 0xA8, 0x0F, 0x13, 0x80,
    0xCB, 0xD1, 0x6C, 0xBA, 0xCF, 0xE1, 0x46, 0x52, 0x48, 0xFF, 0x52, 0xEA, 0xE0, 0x3A, 0x80, 0x12,
    0x8A, 0x34, 0xA1, 0x18, 0xFF, 0x53, 0xAD, 0x1C, 0xCB, 0xF8, 0x65, 0xC4, 0x3F, 0x10, 0x3F, 0x43,
    0xA4, 0x12, 0x44, 0x9D, 0x25, 0x6E, 0xA3, 0x11, 0x4E, 0x1C, 0x63, 0xB2, 0x33, 0xE0, 0x87, 0x3A,
    0x1F, 0x64, 0x24, 0x3B, 0xE5, 0x5E, 0x59, 0xAF, 0x57, 0x50, 0xE7, 0x66, 0xDC, 0x26, 0x5D, 0xDF,
    0x2B, 0x3B, 0x65, 0x7E, 0xCA, 0xB8, 0xB5, 0x83, 0x3B, 0x45, 0x79, 0xEE, 0xFF, 0x4A, 0x61, 0x38,
    0xF7, 0x7F, 0x25, 0x86, 0x9F, 0x0A, 0x9E, 0x27, 0xE8, 0xAF, 0x57, 0xAC, 0x02, 0x66, 0x05, 0x6C,
    0xDC, 0xEE, 0x88, 0x15, 0x83, 0x04, 0x23, 0x63, 0xFF, 0x21, 0x26, 0x60, 0x73, 0xB6, 0xFB, 0x3C,
    0x22, 0x8E, 0xED, 0xEE, 0x8C, 0x6A, 0xAF, 0x02, 0xC7, 0x4C, 0x7E, 0x74, 0x29, 0xC4, 0x66, 0x3A,
    0xFB, 0x2D, 0x64, 0xCF, 0xD9, 0xF1, 0xFC, 0x60, 0x18, 0x7A, 0xEB, 0xB9, 0xBB, 0xB6, 0x1A, 0xA7,
    0x9A, 0x00, 0xA3, 0xA7, 0xCD, 0x80, 0xE4, 0xBB, 0x9C, 0xD8, 0x15, 0xB6, 0x73, 0x0A, 0x13, 0x0A,
    0x5A, 0x50, 0xCE, 0x0F, 0x81, 0x93, 0xF7, 0x2F, 0x25, 0x76, 0x35, 0xBA, 0xB6, 0xE1, 0x59, 0x81,
    0xF4, 0x2F, 0x23, 0xE6, 0x01, 0x2E, 0xBA, 0xD4, 0xE4, 0x22, 0x43, 0xFF, 0xE4, 0xCC, 0xF4, 0xB2,
    0xAD, 0x88, 0xF5, 0x64, 0xA7, 0x10, 0x03, 0xB6, 0x33, 0xF2, 0xC3, 0xCB, 0x36, 0xDC, 0x01, 0x87,
    0x6D, 0x08, 0x8E, 0xA2, 0xFF, 0x72, 0xB8, 0x56, 0x76, 0xD0, 0x56, 0x2D, 0xAF, 0xB1, 0xBB, 0x76,
    0x0E, 0xDF, 0x2C, 0xBC, 0x73, 0x07, 0x5B, 0xA3, 0xF6, 0x35, 0x76, 0x49, 0x6A, 0xF8, 0x22, 0xB7,
    0x6B, 0x46, 0xA5, 0x0F, 0xA1, 0x91, 0x31, 0xE0, 0x2F, 0xEE, 0x26, 0xC0, 0x08, 0x66, 0xF4, 0x3F,
    0xE6, 0x9A, 0x28, 0x5B, 0x86, 0x67, 0x04, 0xAE, 0x47, 0x1F, 0xAB, 0xDC, 0x77, 0x35, 0x43, 0xFA,
    0x66, 0x0E, 0x5C, 0x53, 0x9E, 0x4B, 0x52, 0x63, 0x5E, 0xAB, 0x9F, 0x6F, 0x39, 0xDF, 0xD4, 0x37,
    0x5B, 0xC7, 0x61, 0x0F, 0xF5, 0x84, 0xB3, 0xED, 0x06, 0x8D, 0x20, 0x5A, 0x18, 0x24, 0xE8, 0xE8,
    0xEF, 0x29, 0x52, 0x1B, 0x18, 0xFE, 0x95, 0xC0, 0xDB, 0xDB, 0x1D, 0x11, 0x61, 0xD8, 0xDE, 0x57,
    0x4A, 0x06, 0x4E, 0x9E, 0xB9, 0x86, 0xCA, 0xED, 0xF3, 0x1E, 0x1D, 0xD1, 0xE4, 0x27, 0x97, 0x43,
    0x54, 0xCD, 0x82, 0xA5, 0x8F, 0xB5, 0x1E, 0xCB, 0xB8, 0xCC, 0xCB, 0xBA, 0x8A, 0x35, 0x88, 0x9F,
    0xC6, 0xA9, 0xE6, 0xFD, 0xDA, 0x1F, 0xB7, 0x3C, 0xEF, 0xE2, 0x72, 0x62, 0x97, 0xED, 0xF6, 0xD4,
    0xF1, 0xDC, 0xA7, 0x15, 0x45, 0x0E, 0xC0, 0xFD, 0x6B, 0x97, 0x13, 0xFB, 0xE1, 0x01, 0xD5, 0x56,
    0xFB, 0xB6, 0x78, 0xF4, 0x00, 0xC0, 0xE5, 0x68, 0x2E, 0x93, 0x6D, 0x9B, 0xD9, 0x47, 0x81, 0xF4,
    0x2F, 0x45, 0xAB, 0xED, 0xB4, 0xB6, 0x47, 0xD8, 0x17, 0xFF, 0x62, 0xB5, 0x0F, 0xBF, 0xC8, 0xE7,
    0x36, 0xEE, 0x9E, 0xCE, 0xE5, 0x16, 0x3F, 0x6D, 0x3A, 0x02, 0xE7, 0xA5, 0xDC, 0xDF, 0xFB, 0x29,
    0xF7, 0x5F, 0xFE, 0xEF, 0xD2, 0x7F, 0x75, 0x2F, 0x87, 0xB5, 0xCE, 0x3E, 0xDB, 0xA3, 0x0E, 0xCF,
    0x3A, 0x6E, 0xB1, 0x8E, 0xB7, 0xB0, 0x3F, 0xA5, 0x17, 0x06, 0xED, 0xF1, 0x1B, 0x46, 0xF9, 0x54,
    0x8F, 0x8F, 0x36, 0xBD, 0x14, 0xC3, 0x8E, 0xC9, 0x4A, 0xFE, 0x64, 0x18, 0x35, 0x03, 0xFD, 0x7A,
    0x1B, 0x18, 0xCE, 0x5C, 0x4B, 0x03, 0x43, 0xEF, 0xDB, 0x97, 0x13, 0xBB, 0x02, 0x60, 0x2E, 0xDC,
    0x47, 0x2F, 0x25, 0x76, 0x3D, 0x3A, 0x98, 0x29, 0x44, 0x81, 0xF4, 0x2F, 0x45, 0xAF, 0x16, 0x9A,
    0x35, 0x96, 0x04, 0x34, 0xF3, 0x85, 0xB7, 0x2F, 0xB9, 0x66, 0xE4, 0x09, 0xEB, 0xC7, 0x26, 0xBB,
    0x64, 0x26, 0x93, 0x78, 0x9B, 0x6D, 0xE2, 0x91, 0x81, 0x67, 0x62, 0xB9, 0x86, 0x0E, 0x44, 0x2D,
    0x03, 0x08, 0x0B, 0xE0, 0x33, 0x60, 0x25, 0x4E, 0x02, 0xC2, 0x88, 0x40, 0x91, 0xD1, 0x72, 0x2A,
    0x20, 0x3C, 0x06, 0xFE, 0xA5, 0x05, 0xE8, 0x65, 0x78, 0x7A, 0xFF, 0xE9, 0x18, 0x91, 0xDA, 0x7E,
    0xA4, 0xD6, 0xEF, 0xBF, 0xFD, 0x99, 0xDD, 0xBA, 0x44, 0x5D, 0x48, 0x44, 0x34, 0xC8, 0x1A, 0x06,
    0xE8, 0xAB, 0xC7, 0xCF, 0x8D, 0x57, 0x4E, 0xA6, 0x13, 0xAD, 0x82, 0x72, 0xB2, 0xDD, 0x9B, 0x3A,
    0xAF, 0x3F, 0x02, 0xCD, 0x9A, 0x31, 0x90, 0xE5, 0xB6, 0x79, 0xC7, 0xFF, 0x24, 0xA5, 0x65, 0xEE,
    0x78, 0x33, 0x70, 0x91, 0xE2, 0x46, 0xD2, 0x0C, 0x53, 0xA8, 0xD0, 0x4C, 0x12, 0x51, 0x45, 0x9A,
    0xCC, 0xD8, 0x02, 0x63, 0x15, 0x2E, 0x54, 0xC4, 0x7D, 0x0A, 0x5D, 0xAF, 0xE2, 0x5C, 0xB8, 0x36,
    0x98, 0x49, 0x3F, 0xB9, 0xBE, 0x52, 0xDF, 0x24, 0x45, 0x0A, 0x17, 0xD2, 0x01, 0xD2, 0x15, 0x29,
    0xAE, 0x30, 0xD3, 0x17, 0xE1, 0x44, 0x57, 0x38, 0xD5, 0xA1, 0x60, 0x26, 0x54, 0x42, 0xF2, 0x9F,
    0xEF, 0x23, 0xDE, 0x3E, 0x73, 0xD7, 0x97, 0xBD, 0xBD, 0xBD, 0xB7, 0x6B, 0xE3, 0xE1, 0xFF, 0xC3,
    0x82, 0x04, 0x80, 0xEF, 0x03, 0xF0, 0x1E, 0xC1, 0x25, 0x61, 0x38, 0x03, 0x7B, 0x5E, 0x0C, 0x0C,
    0x82, 0x8C, 0xBD, 0xB0, 0xE0, 0x20, 0x2C, 0x19, 0xB7, 0x92, 0x93, 0xF2, 0xBF, 0x67, 0x61, 0xF3,
    0xFD, 0x22, 0xB4, 0xDF, 0x52, 0xE8, 0x02, 0x5B, 0x80, 0xAD, 0xEF, 0x84, 0x92, 0x43, 0xBE, 0xC2,
    0x0E, 0x28, 0x48, 0x46, 0x94, 0xC2, 0x11, 0x95, 0x70, 0x82, 0x11, 0xCE, 0xA8, 0xE5, 0xE0, 0x02,
    0x1B, 0x51, 0x48, 0xB1, 0x1E, 0x39, 0xE1, 0x03, 0x32, 0xB6, 0x86, 0x2B, 0xCE, 0xB5, 0x0F, 0xF7,
    0x39, 0xA0, 0xE6, 0x2A, 0xD2, 0x32, 0x0C, 0xEF, 0x68, 0x79, 0xD8, 0x70, 0x46, 0x86, 0x46, 0xE4,
    0x45, 0xEC, 0x6C, 0x92, 0xE6, 0x0F, 0xC7, 0xCF, 0xF8, 0x3F, 0x2D, 0x4C, 0xF8, 0x06, 0x80, 0x19,
    0x96, 0xCD, 0x8B, 0x79, 0xF3, 0x68, 0x14, 0xC2, 0x75, 0x7F, 0x68, 0x7F, 0xAB, 0xFE, 0x57, 0xA8,
    0xE2, 0x53, 0x14, 0x9C, 0x91, 0x69, 0x57, 0xAE, 0x3F, 0x8D, 0xCF, 0x17, 0xFD, 0x89, 0x97, 0xFD,
    0xF9, 0xDF, 0xE4, 0xCF, 0x2A, 0xB4, 0xDF, 0xED, 0xFD, 0xE1, 0xDB, 0xF9, 0x03, 0x00, 0x4E, 0x91,
    0xCD, 0xCA, 0x62, 0xDA, 0xC8, 0x70, 0x64, 0xC6, 0xEE, 0xC6, 0x7E, 0x89, 0x80, 0xA7, 0x40, 0x3E,
    0x6B, 0xCB, 0xA9, 0x45, 0x15, 0xD4, 0xE8, 0x02, 0xEA, 0x57, 0x2F, 0xB0, 0x0A, 0xB6, 0xE7, 0x36,
    0x3C, 0xC2, 0x3E, 0x9C, 0xF1, 0x05, 0x60, 0xC9, 0x2E, 0xA3, 0xA0, 0x14, 0xC0, 0xB0, 0x7D, 0x1F,
    0xCD, 0x04, 0xA8, 0x3F, 0x80, 0x1B, 0x14, 0xBD, 0xC0, 0x87, 0x84, 0x94, 0x4D, 0x27, 0x6C, 0x54,
    0x4C, 0x82, 0x5A, 0xAB, 0x55, 0xDA, 0x4A, 0x21, 0x08, 0xF0, 0x8A, 0x33, 0xFE, 0x16, 0xC0, 0x57,
    0xC9, 0xC6, 0x4A, 0xD4, 0x0C, 0xA2, 0x0E, 0xB8, 0x87, 0x63, 0x40, 0xF3, 0x03, 0x72, 0xED, 0x57,
    0xD4, 0x70, 0x85, 0x1D, 0xDF, 0xD5, 0x0E, 0xB4, 0xA7, 0xA3, 0x9C, 0xC8, 0x8E, 0x19, 0x6C, 0x2A,
    0xD7, 0x16, 0x64, 0x87, 0xC7, 0x2B, 0x80, 0x07, 0x22, 0xB8, 0xF3, 0xB9, 0xAD, 0x38, 0x0A, 0xFE,
    0x43, 0x07, 0xA3, 0x7D, 0x74, 0xD7, 0x7E, 0xE6, 0x6D, 0x1A, 0x71, 0x3B, 0x22, 0xE3, 0x8A, 0x6C,
    0xF6, 0xE2, 0xFA, 0x07, 0x27, 0xF2, 0xF3, 0x53, 0x11, 0x7C, 0x2B, 0x60, 0x97, 0xFE, 0xD2, 0x63,
    0x77, 0xED, 0x62, 0x15, 0x80, 0x3A, 0x02, 0x4D, 0xD4, 0x54, 0xF3, 0x27, 0x71, 0x2F, 0xCD, 0x96,
    0xF9, 0x7E, 0x3A, 0xCC, 0x60, 0xC6, 0xCD, 0x34, 0x11, 0x3E, 0xB8, 0x73, 0x1F, 0xBF, 0x7A, 0x90,
    0xA6, 0x8E, 0x6B, 0x2A, 0x6A, 0x7A, 0x9D, 0xDA, 0xD3, 0xF8, 0xF9, 0xC9, 0x7D, 0x00, 0xAB, 0x6D,
    0x01, 0x4F, 0x6D, 0x6A, 0x16, 0x94, 0x51, 0x90, 0x75, 0xD8, 0x85, 0xC7, 0xFC, 0x41, 0x4B, 0xB0,
    0x57, 0xCC, 0x0A, 0xC2, 0x87, 0xF7, 0xD9, 0xF9, 0x90, 0x31, 0xF8, 0x00, 0xDF, 0x0B, 0xEC, 0xA0,
    0x88, 0xAF, 0xC0, 0x70, 0x28, 0x92, 0x6B, 0x61, 0xF1, 0xD4, 0x93, 0x2B, 0x04, 0x93, 0xA2, 0x97,
    0xE6, 0xFF, 0x73, 0x1B, 0xCC, 0x7F, 0xF1, 0x42, 0x33, 0x26, 0x3E, 0xDD, 0xF1, 0x9B, 0x1D, 0xBF,
    0xDE, 0x28, 0xF0, 0x2F, 0x85, 0x25, 0x29, 0x34, 0x1B, 0x6D, 0xE2, 0x58, 0x0B, 0x5D, 0x30, 0x42,
    0xFF, 0x7B, 0x74, 0xBD, 0xD2, 0x8E, 0xCA, 0x66, 0x57, 0xB7, 0x50, 0xAA, 0xA3, 0x4F, 0x80, 0xDC,
    0x2B, 0x4B, 0xB5, 0x51, 0xC9, 0x7E, 0x63, 0x44, 0x39, 0x67, 0x7E, 0x16, 0xC2, 0x2C, 0xCA, 0x72,
    0x55, 0x16, 0x84, 0xE7, 0x9C, 0x6F, 0xCC, 0x0E, 0xD4, 0xE3, 0x39, 0x0F, 0x67, 0x8F, 0x25, 0xEB,
    0x25, 0xB5, 0x70, 0x68, 0x4D, 0x19, 0x94, 0x6B, 0xEA, 0x31, 0x8D, 0x40, 0x72, 0x2E, 0x41, 0x67,
    0x6A, 0x87, 0xE3, 0x09, 0xF5, 0x3C, 0x39, 0x6E, 0x14, 0x56, 0xA1, 0x5E, 0x27, 0xA7, 0xFD, 0x45,
    0xA8, 0xC3, 0xC9, 0xDF, 0xE6, 0x58, 0xA3, 0x50, 0x6C, 0xBE, 0x56, 0xE4, 0x51, 0xE7, 0xC1, 0x93,
    0xF1, 0x82, 0x02, 0x70, 0x14, 0x19, 0xF6, 0x3A, 0x1E, 0xDF, 0x8B, 0x9C, 0xF6, 0x2A, 0x48, 0x9C,
    0xEB, 0x42, 0x78, 0x3C, 0xA1, 0x38, 0x5C, 0x63, 0x1A, 0x32, 0xDA, 0xA1, 0x89, 0x2E, 0x54, 0xE3,
    0xBE, 0xEE, 0x61, 0xE1, 0x76, 0x0D, 0xD9, 0x1B, 0x51, 0x41, 0x0E, 0xB2, 0x70, 0xDB, 0x72, 0xB0,
    0x28, 0xA3, 0x47, 0xC1, 0x05, 0x19, 0x67, 0xA0, 0xE9, 0x6F, 0xC7, 0xF6, 0x68, 0x51, 0x8C, 0x0E,
    0x39, 0x57, 0x60, 0xEB, 0x67, 0x38, 0x89, 0xFD, 0x30, 0x5D, 0xB2, 0xD9, 0x0E, 0x29, 0x35, 0xDD,
    0xAD, 0x8D, 0x3F, 0xAA, 0x2E, 0xD9, 0x6D, 0x87, 0x94, 0x6A, 0xFE, 0x04, 0x3E, 0x9C, 0xDC, 0x4E,
    0x54, 0x03, 0x50, 0x6B, 0x6F, 0x1D, 0xE0, 0x66, 0x49, 0x45, 0xF5, 0x74, 0x73, 0x1B, 0xA9, 0xBD,
    0xA4, 0x7D, 0x46, 0xA1, 0x62, 0x8F, 0x5C, 0x04, 0xDF, 0x23, 0x7C, 0x84, 0x62, 0x5C, 0x24, 0x3B,
    0x03, 0x3E, 0xA6, 0x6E, 0xCF, 0x70, 0x7B, 0x73, 0xF0, 0xE4, 0x83, 0xED, 0x47, 0x3C, 0xE3, 0xAA,
    0x86, 0xA6, 0x1F, 0xF1, 0xA2, 0x3D, 0xCD, 0x5A, 0xDA, 0xEF, 0x39, 0xC2, 0xE1, 0x8A, 0x65, 0xBE,
    0x7F, 0xD5, 0x9E, 0xE3, 0xB7, 0x80, 0x25, 0x43, 0x46, 0x41, 0x29, 0x68, 0xAF, 0xBA, 0x58, 0xD9,
    0x7E, 0x83, 0xEB, 0x15, 0x83, 0xC0, 0x46, 0x41, 0x33, 0x09, 0xA4, 0x9A, 0xED, 0x2B, 0x92, 0x7D,
    0xAE, 0x80, 0x53, 0x9C, 0xF1, 0x87, 0x74, 0xDD, 0x28, 0x63, 0xBA, 0x92, 0x78, 0x02, 0x8B, 0x6D,
    0xF1, 0xC9, 0xBD, 0x9D, 0x9F, 0xEB, 0x93, 0x92, 0x8C, 0xB5, 0xC8, 0x8A, 0xDC, 0x68, 0xA2, 0x0F,
    0xBF, 0x93, 0x1B, 0xEA, 0xED, 0x78, 0x23, 0xAA, 0x44, 0x99, 0x7F, 0x19, 0x01, 0x23, 0x6A, 0xE2,
    0x3D, 0x38, 0xAD, 0x37, 0x34, 0x64, 0xB0, 0x64, 0xBA, 0xF6, 0xD6, 0xDD, 0x2C, 0xF8, 0x4E, 0x60,
    0x38, 0x9E, 0x6F, 0xA2, 0x7D, 0x7B, 0x77, 0x1E, 0x67, 0x93, 0x09, 0xD9, 0xDC, 0x74, 0x20, 0x5B,
    0xB8, 0x15, 0xA8, 0xC6, 0xDB, 0xF3, 0xF6, 0xEA, 0x5D, 0xD7, 0x9D, 0x4D, 0x72, 0xD9, 0x27, 0x2B,
    0xEB, 0xA8, 0xA9, 0xE6, 0x6F, 0xCF, 0xE5, 0x3B, 0xF0, 0x67, 0x1F, 0x6C, 0x27, 0x70, 0x82, 0x82,
    0xAD, 0xE2, 0x78, 0x93, 0xF4, 0xCB, 0x74, 0xCF, 0x50, 0x8A, 0x2A, 0xB5, 0x78, 0x50, 0xDD, 0xE2,
    0x4C, 0xF7, 0xA2, 0x62, 0x14, 0x98, 0x45, 0xE0, 0xD8, 0x01, 0xBE, 0x09, 0xC0, 0x87, 0x25, 0x76,
    0xC1, 0x07, 0x89, 0xD7, 0x01, 0xC9, 0xCB, 0xB8, 0x6E, 0x5D, 0xFC, 0x02, 0xC8, 0x17, 0xA0, 0x66,
    0x07, 0xFB, 0x8F, 0x01, 0x0F, 0xF2, 0x0E, 0x1A, 0xDE, 0xEB, 0x01, 0x7B, 0x95, 0x38, 0x89, 0xD8,
    0x8A, 0x7A, 0xD1, 0x60, 0x07, 0x17, 0x6D, 0x5F, 0x8B, 0xCC, 0x6B, 0xA5, 0x5B, 0xA7, 0x05, 0x89,
    0x6A, 0x2C, 0x87, 0x3D, 0xD3, 0xF1, 0x0B, 0x24, 0xF9, 0x2A, 0xEA, 0xD9, 0x37, 0xE1, 0xBB, 0xBF,
    0x06, 0xAA, 0x29, 0xC9, 0x71, 0x3E, 0x4A, 0xF3, 0x9B, 0xB8, 0xB6, 0x15, 0x39, 0x88, 0x46, 0xD1,
    0x5C, 0x4D, 0x95, 0xA8, 0x58, 0xAE, 0xA5, 0xE1, 0x2B, 0xCB, 0xD9, 0x73, 0x7C, 0x58, 0xF7, 0x38,
    0x0F, 0x39, 0x6F, 0x1E, 0xCB, 0x17, 0x7F, 0x55, 0x73, 0xB1, 0x9C, 0xEF, 0x55, 0x03, 0x8E, 0x81,
    0xED, 0xF5, 0xA3, 0xE5, 0x98, 0xE2, 0xDB, 0x1B, 0xE3, 0x18, 0x53, 0xC4, 0x79, 0x28, 0x96, 0x37,
    0x88, 0xDF, 0x94, 0xC3, 0x53, 0xD3, 0x3B, 0x86, 0x86, 0x6D, 0xB9, 0x7D, 0x25, 0xAB, 0xF9, 0xE6,
    0xF1, 0x57, 0x45, 0x74, 0x55, 0xB4, 0xEC, 0x6B, 0x76, 0xF9, 0x72, 0x13, 0x7B, 0xAA, 0xF9, 0x7A,
    0x9F, 0x72, 0x34, 0xC1, 0x06, 0x3B, 0xDB, 0x45, 0xFE, 0x1E, 0xCC, 0x54, 0x4F, 0x66, 0x2A, 0x0F,
    0xB3, 0x61, 0xC6, 0xAB, 0x3E, 0xD5, 0xD0, 0x74, 0xAE, 0xF5, 0x93, 0x9B, 0xEB, 0xE9, 0x63, 0xF8,
    0xCE, 0x07, 0xDF, 0x7D, 0x7C, 0xF8, 0x52, 0x5F, 0xEF, 0xC3, 0xF6, 0xAA, 0x8F, 0x0F, 0xC0, 0x2D,
    0x30, 0x23, 0x7C, 0xF8, 0x65, 0xA9, 0x24, 0x57, 0xF8, 0x6F, 0xC9, 0x79, 0xE3, 0xA8, 0x77, 0x84,
    0x6B, 0x8B, 0xBA, 0x33, 0xC1, 0x0E, 0x36, 0x3A, 0x91, 0xA6, 0x9A, 0xC7, 0x2E, 0xD8, 0xBE, 0x19,
    0x6E, 0x2A, 0xC0, 0x0D, 0xA8, 0xD9, 0x8B, 0x02, 0x1A, 0x4A, 0x67, 0x13, 0x80, 0xFB, 0xA2, 0xA6,
    0x03, 0x38, 0xA0, 0xE0, 0x8C, 0xE2, 0xBF, 0x66, 0x64, 0xDD, 0x87, 0xFB, 0x1E, 0xDF, 0x5C, 0xE9,
    0x0E, 0xFA, 0x2F, 0x33, 0x06, 0x4B, 0x76, 0x8E, 0x84, 0xE3, 0x82, 0x33, 0x3E, 0x01, 0xCE, 0x80,
    0x3A, 0xC0, 0xC7, 0x9C, 0xB3, 0x6E, 0x21, 0xC3, 0x47, 0xC7, 0x6E, 0xDE, 0x20, 0xFA, 0xD0, 0x68,
    0xD3, 0x9D, 0x25, 0x1A, 0x1D, 0xB9, 0x5C, 0xEF, 0xA5, 0xAB, 0x55, 0x8F, 0xCF, 0x02, 0x17, 0x75,
    0x4C, 0x03, 0xFC, 0xBF, 0xB2, 0x85, 0xFF, 0xCD, 0x02, 0x78, 0x8E, 0x8A, 0x5E, 0x11, 0x14, 0x83,
    0xE0, 0xE5, 0x24, 0x78, 0xBE, 0x0A, 0x9E, 0x69, 0xB9, 0xC0, 0xFE, 0x50, 0x37, 0xD4, 0x33, 0x0E,
    0xED, 0x15, 0xDB, 0xB4, 0x71, 0x3F, 0x07, 0xC5, 0x28, 0xA8, 0x14, 0x36, 0x2A, 0x06, 0x45, 0x0B,
    0x7C, 0x29, 0xE2, 0x95, 0x72, 0x91, 0x7F, 0xC3, 0xC0, 0xCF, 0x08, 0xFE, 0xED, 0x0C, 0xFA, 0x08,
    0x32, 0x88, 0xDA, 0x94, 0xBA, 0x98, 0x8E, 0xFF, 0x6C, 0x05, 0x7F, 0xBA, 0x2D, 0xC3, 0x20, 0x75,
    0x06, 0xB6, 0x4D, 0xBC, 0x70, 0x85, 0x75, 0x1D, 0x0A, 0xAA, 0x80, 0x62, 0x3A, 0xB4, 0xDB, 0xEE,
    0xDA, 0x75, 0xAF, 0x68, 0xF7, 0x8B, 0x09, 0xFC, 0x7C, 0x81, 0x96, 0xD9, 0xB5, 0x3B, 0x66, 0x01,
    0x28, 0x47, 0x20, 0xDD, 0xF4, 0x8B, 0x00, 0x3C, 0xBC, 0x78, 0x85, 0x7C, 0x3B, 0x91, 0x71, 0x2F,
    0x3C, 0xCC, 0xE6, 0x66, 0x71, 0x2F, 0xFE, 0x7A, 0xBB, 0x02, 0xDA, 0xD7, 0x7F, 0x46, 0xBB, 0xD6,
    0x6B, 0xB5, 0x64, 0x5F, 0x9F, 0xDC, 0x92, 0xF3, 0x60, 0x7A, 0xA0, 0x16, 0x51, 0x15, 0x80, 0xF5,
    0x4D, 0x2D, 0x03, 0x80, 0x2A, 0x9A, 0xE8, 0xA3, 0xEF, 0x9F, 0xB6, 0x80, 0xAE, 0x9D, 0xBD, 0xA6,
    0x83, 0xC6, 0x1B, 0xDB, 0xFA, 0xE5, 0xE7, 0x91, 0x9F, 0x0F, 0x5B, 0xEC, 0xB7, 0x18, 0x34, 0xB6,
    0x78, 0x4D, 0xEC, 0xC1, 0x09, 0x6E, 0x42, 0x33, 0xE2, 0x2C, 0x5E, 0xD1, 0x61, 0xD3, 0x1E, 0x7E,
    0x11, 0x7B, 0xA5, 0xE6, 0xAF, 0x65, 0xD4, 0x6B, 0x97, 0xFB, 0x37, 0xBA, 0xDC, 0x8E, 0xD2, 0xFC,
    0x2B, 0xCB, 0xF5, 0xA2, 0x09, 0x6A, 0xA8, 0x5A, 0xAA, 0xA6, 0xA2, 0x20, 0xFE, 0x3F, 0xDC, 0x57,
    0x78, 0x05, 0x3B, 0xC1, 0x02, 0x54, 0xE9, 0x6B, 0x8D, 0x03, 0xEC, 0x2B, 0xAB, 0x91, 0xDD, 0x25,
    0xE0, 0x4B, 0x80, 0x97, 0xE2, 0x8F, 0xC0, 0x19, 0x5C, 0x32, 0x8E, 0x35, 0x5B, 0x4B, 0x34, 0xC4,
    0x3B, 0x17, 0x0A, 0xB4, 0x60, 0x00, 0x47, 0xF8, 0x11, 0x36, 0x6E, 0xA6, 0x6E, 0xBF, 0x5F, 0x5E,
    0x94, 0x53, 0x50, 0x4D, 0x8A, 0x41, 0xB3, 0x2D, 0x76, 0xC1, 0xB7, 0xB0, 0x83, 0xEF, 0x15, 0xA3,
    0x62, 0x56, 0x70, 0x43, 0xA7, 0xE8, 0x05, 0x2F, 0xA3, 0xE0, 0x37, 0xB3, 0xE0, 0xD9, 0x2A, 0xF8,
    0x96, 0x82, 0xE0, 0x29, 0xB0, 0x0A, 0xA3, 0xA8, 0x14, 0x85, 0x22, 0x53, 0xC0, 0x2B, 0xAC, 0xA2,
    0x1E, 0x50, 0x22, 0xAD, 0x64, 0xD7, 0x23, 0x23, 0x90, 0xCD, 0x17, 0x9F, 0x0F, 0xBC, 0xCF, 0x01,
    0xE4, 0x22, 0xA2, 0xAA, 0xDB, 0x7E, 0x8B, 0x5A, 0x27, 0xB2, 0xAF, 0xD5, 0x9D, 0xD8, 0x7F, 0x0C,
    0xC9, 0xF4, 0x5C, 0x51, 0x6F, 0x18, 0x15, 0xFD, 0xDB, 0xB9, 0x80, 0xF3, 0x60, 0x5B, 0x9D, 0x8F,
    0xF4, 0xF3, 0xB9, 0x8A, 0x46, 0x1C, 0xEE, 0x0B, 0x9E, 0x36, 0x1D, 0xE0, 0x28, 0x30, 0x0B, 0x0E,
    0x27, 0x10, 0xEE, 0x7A, 0x1A, 0xF3, 0xF6, 0xD1, 0xF6, 0xCC, 0xA3, 0xE4, 0x98, 0x9E, 0x82, 0x38,
    0x00, 0x0F, 0x4E, 0x33, 0x8D, 0xB5, 0x7A, 0xB3, 0xA1, 0x49, 0x38, 0xDE, 0xB3, 0x89, 0xF0, 0x31,
    0x8E, 0xE1, 0xEF, 0x38, 0x40, 0x7B, 0x51, 0x70, 0x43, 0x07, 0xED, 0x08, 0x84, 0x57, 0xB8, 0x6B,
    0xE3, 0x04, 0x43, 0x56, 0xBF, 0x6A, 0xC8, 0x36, 0xD8, 0x04, 0x20, 0xC1, 0xF5, 0x80, 0xA1, 0xA0,
    0x66, 0x50, 0xB4, 0x82, 0x49, 0x7D, 0x79, 0x8B, 0x45, 0xA3, 0xF2, 0x01, 0x86, 0x1D, 0x6A, 0x6E,
    0xED, 0xBD, 0xE6, 0xD9, 0x72, 0xBA, 0x01, 0x75, 0x24, 0x90, 0x1D, 0xFF, 0xFD, 0x3D, 0xC2, 0xB0,
    0x75, 0x33, 0x9A, 0x09, 0x66, 0x85, 0x8D, 0x28, 0x08, 0x37, 0x20, 0x17, 0xF6, 0xC8, 0x2E, 0x6E,
    0x13, 0xD3, 0x91, 0x74, 0x76, 0x2B, 0xA9, 0xB5, 0xAA, 0x35, 0xB5, 0x70, 0x68, 0x2D, 0xDD, 0x83,
    0x6B, 0x2F, 0xED, 0xA1, 0xC7, 0x82, 0x6C, 0xCF, 0x75, 0xF9, 0xFF, 0xC4, 0x39, 0xD9, 0x9A, 0x74,
    0x8F, 0x3C, 0xDA, 0xB1, 0x99, 0x5D, 0xA8, 0x66, 0x19, 0x4C, 0xD5, 0xE2, 0x43, 0xB9, 0xE5, 0xF5,
    0xB8, 0x9E, 0xD7, 0x72, 0xE9, 0x01, 0x87, 0x7A, 0x1A, 0x36, 0x1F, 0xFF, 0x4D, 0x59, 0x71, 0x3A,
    0x3E, 0x6D, 0x85, 0xEF, 0xFE, 0xE0, 0xFE, 0xC6, 0xA6, 0x2D, 0x26, 0xDB, 0x66, 0x24, 0xE0, 0x17,
    0xA0, 0x1E, 0x4E, 0xE3, 0x33, 0xFE, 0xEC, 0x4C, 0x80, 0xD9, 0x04, 0x20, 0x5F, 0x1A, 0x61, 0x31,
    0x3A, 0x9C, 0x8F, 0x45, 0x89, 0x5F, 0xFC, 0x71, 0xCC, 0x37, 0xFE, 0x04, 0x1D, 0x9A, 0xCF, 0x22,
    0xDC, 0xE7, 0x11, 0x4B, 0x1D, 0x8A, 0xD1, 0x22, 0xEB, 0x3F, 0x38, 0xCD, 0x18, 0x64, 0x9E, 0x64,
    0x44, 0x43, 0x4D, 0x32, 0x6E, 0x49, 0x99, 0x12, 0xC3, 0x6E, 0x7B, 0xEA, 0x3B, 0x43, 0x13, 0x1B,
    0xB7, 0xC4, 0x0D, 0x29, 0x09, 0x5A, 0x25, 0xF8, 0x0B, 0x89, 0x3B, 0x24, 0xC3, 0xBE, 0xC2, 0xA1,
    0xFA, 0xA1, 0xB1, 0xD4, 0xF4, 0x9C, 0xA5, 0x04, 0x4D, 0x4A, 0x32, 0xBF, 0x25, 0x8F, 0xC7, 0x7C,
    0xBB, 0xD2, 0xD3, 0x1C, 0x9E, 0xCF, 0x73, 0x49, 0x25, 0x08, 0xB1, 0x9D, 0x19, 0x5B, 0x75, 0x03,
    0xAE, 0x13, 0xAF, 0x48, 0x86, 0x63, 0x52, 0x6A, 0xB2, 0x9D, 0xC3, 0x56, 0xB2, 0x7D, 0x37, 0xD5,
    0x5B, 0x61, 0x52, 0x52, 0x70, 0xAD, 0x49, 0xE0, 0xF1, 0x8B, 0x6C, 0x7B, 0xB0, 0x1D, 0x8E, 0xFF,
    0x34, 0x52, 0xB8, 0x5E, 0x81, 0x4B, 0x1B, 0x62, 0x29, 0xAD, 0xA3, 0xEF, 0xC9, 0x4E, 0x11, 0x15,
    0xF3, 0xF9, 0x1D, 0x43, 0xB9, 0x08, 0x8A, 0xF5, 0xFC, 0xAF, 0x5A, 0x40, 0xCE, 0x8A, 0x78, 0xAC,
    0x01, 0xF8, 0xEF, 0x18, 0xE4, 0x2C, 0x07, 0x81, 0x3D, 0xDE, 0x6D, 0x98, 0xAD, 0x2E, 0x05, 0xEA,
    0xEE, 0x47, 0x80, 0x47, 0x4E, 0x54, 0x13, 0xAA, 0x01, 0xC7, 0xBD, 0xC4, 0x7B, 0x1C, 0xC8, 0x48,
    0x65, 0xCF, 0xB6, 0xBD, 0x7A, 0xFF, 0x77, 0x27, 0x86, 0xE2, 0x18, 0xCA, 0x28, 0xA8, 0x14, 0x6E,
    0x43, 0xAF, 0x68, 0x81, 0xEC, 0x9F, 0x56, 0x43, 0x1A, 0x0A, 0x17, 0x33, 0xBE, 0x63, 0x46, 0x5C,
    0x11, 0x01, 0xA4, 0x56, 0x4C, 0x84, 0x97, 0xD8, 0xE3, 0x69, 0x8B, 0xED, 0x26, 0xB1, 0x98, 0x16,
    0x20, 0xA7, 0x40, 0x4F, 0x1C, 0xAE, 0x62, 0x67, 0x77, 0x3E, 0x33, 0x0F, 0xF2, 0xD6, 0x7E, 0xD1,
    0x37, 0x0C, 0x15, 0x91, 0xCF, 0xC0, 0xA3, 0x1B, 0xCC, 0xCC, 0xEB, 0xDF, 0xA1, 0x70, 0x3F, 0xA0,
    0x24, 0x87, 0x9A, 0xEC, 0xED, 0xF6, 0xDD, 0x39, 0xEB, 0x7C, 0xD8, 0xC6, 0x54, 0x4F, 0xA1, 0xE1,
    0x80, 0x8A, 0x2B, 0x32, 0xB2, 0x47, 0xC5, 0x08, 0xB8, 0x11, 0x30, 0x93, 0xEA, 0x27, 0x68, 0x26,
    0x47, 0x8E, 0x9E, 0x1C, 0x44, 0xDD, 0x19, 0xB7, 0x47, 0x19, 0x30, 0x7A, 0x09, 0xD6, 0xCE, 0x67,
    0xE0, 0x13, 0xA4, 0x90, 0xF3, 0x45, 0xCD, 0xD9, 0x72, 0x76, 0xE1, 0x4F, 0x5D, 0x80, 0x5B, 0x5B,
    0xCB, 0xB1, 0xE2, 0xA2, 0x0F, 0xB7, 0x73, 0x7E, 0x98, 0xD3, 0x71, 0xF5, 0x5C, 0xC8, 0xF1, 0xCF,
    0xD9, 0xE1, 0xF8, 0x42, 0xC4, 0x04, 0x68, 0xE7, 0xB3, 0xD3, 0xA7, 0xEB, 0xB7, 0x67, 0xB4, 0x34,
    0xED, 0x90, 0xB1, 0x2F, 0x39, 0xCA, 0x7E, 0x48, 0xB7, 0x45, 0x37, 0x30, 0xFA, 0x34, 0x46, 0xC5,
    0xA3, 0x51, 0x75, 0x27, 0xEA, 0xD3, 0x6A, 0x67, 0x44, 0xC6, 0x41, 0xD4, 0xFE, 0x9E, 0x51, 0x23,
    0x2C, 0x7B, 0xC3, 0x49, 0x17, 0xEC, 0xFB, 0x47, 0xBB, 0x16, 0xCF, 0xA9, 0x61, 0x87, 0x19, 0xF0,
    0x80, 0x6D, 0x2B, 0xB6, 0x66, 0xFB, 0x8E, 0xE3, 0xD1, 0x03, 0x64, 0x8B, 0x3B, 0xBE, 0xA5, 0x80,
    0x6A, 0x00, 0xF2, 0xF6, 0xD6, 0xC6, 0x56, 0x06, 0x53, 0x86, 0xB4, 0xE4, 0x98, 0xB1, 0x87, 0x6D,
    0xF1, 0xE0, 0x26, 0x0B, 0xC2, 0x91, 0x0C, 0x97, 0x80, 0x72, 0x06, 0x4E, 0x89, 0x22, 0x1E, 0xDF,
    0xA9, 0xD0, 0x2C, 0x16, 0x91, 0xDD, 0x30, 0x2B, 0x06, 0xE0, 0xBD, 0x00, 0xBB, 0x8F, 0x1C, 0x7F,
    0x17, 0x2F, 0x9D, 0xEA, 0xB7, 0xCB, 0x0F, 0xA7, 0x9A, 0x53, 0xC5, 0x39, 0xE3, 0x08, 0x0B, 0x75,
    0xBF, 0x0E, 0x30, 0x7D, 0xCE, 0xBE, 0xA0, 0xFE, 0x46, 0xE0, 0x61, 0x01, 0xC0, 0x7D, 0x11, 0x00,
    0x4B, 0x81, 0x59, 0x01, 0xE4, 0x93, 0x00, 0x4F, 0xB0, 0x0B, 0x77, 0xE3, 0xFF, 0x88, 0x22, 0x4A,
    0x7C, 0xEF, 0x59, 0xB4, 0xCF, 0x06, 0x8D, 0x6F, 0xEA, 0xA5, 0x7F, 0xF1, 0x46, 0x86, 0x96, 0xE4,
    0xB2, 0xC3, 0x75, 0x0D, 0xBD, 0x62, 0x16, 0xF6, 0xD9, 0x57, 0xDA, 0x07, 0xF7, 0xD3, 0x36, 0x2D,
    0xDD, 0x42, 0x2D, 0xC3, 0x57, 0x4F, 0x71, 0x39, 0xB0, 0x03, 0xDB, 0xB7, 0x42, 0xD8, 0x76, 0x5D,
    0x39, 0xE1, 0xC6, 0x8A, 0xB0, 0xEA, 0x5B, 0x4D, 0x4E, 0xDA, 0xE5, 0x00, 0x5D, 0xDF, 0xC0, 0x72,
    0x5F, 0x73, 0x5D, 0x45, 0x22, 0xFF, 0xFB, 0x19, 0xFB, 0x60, 0x43, 0x1D, 0xAF, 0x54, 0x7F, 0xD0,
    0x58, 0x6F, 0x4F, 0xA9, 0x8C, 0xA8, 0x14, 0xC1, 0xAF, 0x3F, 0xCF, 0xD4, 0xA9, 0x23, 0xEE, 0xD8,
    0xA9, 0x82, 0x3C, 0xEA, 0x64, 0x0E, 0x4D, 0x26, 0x20, 0x9B, 0x9B, 0x00, 0x90, 0x2D, 0xE0, 0x56,
    0x00, 0xD5, 0x78, 0x97, 0x5E, 0x1D, 0x5F, 0x2C, 0xE1, 0xF1, 0xC5, 0x92, 0x53, 0x78, 0x86, 0x72,
    0x38, 0x7F, 0x8F, 0xEB, 0x27, 0x9F, 0x0A, 0x7E, 0xFC, 0xF1, 0xE1, 0xAF, 0x74, 0xAC, 0x1A, 0xEE,
    0xD0, 0xC7, 0xF4, 0xAF, 0x9C, 0x11, 0xF8, 0xF5, 0xD7, 0xC0, 0xF8, 0x63, 0x4D, 0x35, 0xAF, 0xC7,
    0x4F, 0xE3, 0xEB, 0x19, 0x7E, 0x0E, 0x98, 0x30, 0x01, 0xF6, 0xD9, 0x0C, 0xB8, 0x2A, 0x02, 0x73,
    0x1D, 0x80, 0x7F, 0xBE, 0x7F, 0xE7, 0x5F, 0xBD, 0x87, 0x59, 0x07, 0x5B, 0x0C, 0xF0, 0x26, 0xEA,
    0xC2, 0x2A, 0xA2, 0x43, 0x16, 0xFE, 0xE2, 0x24, 0x7E, 0xDE, 0x9E, 0xFD, 0x65, 0xB2, 0xFF, 0xF8,
    0x32, 0x6E, 0x19, 0x05, 0x66, 0x83, 0x1E, 0xAB, 0x14, 0xB9, 0xE0, 0xE6, 0xD6, 0x6B, 0xFB, 0xB6,
    0x03, 0x9E, 0x02, 0x58, 0x81, 0x8C, 0x11, 0x50, 0xB9, 0x01, 0xC0, 0xE1, 0x19, 0xCD, 0xB2, 0xB1,
    0x60, 0x87, 0xAD, 0xE3, 0x41, 0x93, 0xFA, 0x79, 0xD4, 0xE4, 0x3E, 0x02, 0x2E, 0x86, 0x54, 0xD3,
    0xCC, 0x36, 0x6A, 0x32, 0x49, 0x42, 0x98, 0xB1, 0x89, 0x19, 0x51, 0xC7, 0x5A, 0xEF, 0xB4, 0x9A,
    0x68, 0xA6, 0x82, 0xC1, 0x0E, 0x66, 0x2A, 0x25, 0xE9, 0xAB, 0xB9, 0x62, 0x6F, 0x43, 0x35, 0x9B,
    0x97, 0x83, 0x0B, 0xE5, 0x62, 0xFE, 0x3D, 0xFA, 0xAE, 0x58, 0xEB, 0xE7, 0x23, 0xDB, 0x9C, 0xF6,
    0x1F, 0x26, 0x22, 0xA3, 0xFD, 0x6C, 0x21, 0x40, 0x9F, 0xAF, 0x2B, 0xC0, 0x35, 0xE3, 0x02, 0xF8,
    0x05, 0x9C, 0x01, 0x37, 0xC3, 0x4B, 0x62, 0xE7, 0x6D, 0xED, 0x36, 0x23, 0xB4, 0xEB, 0x3A, 0xA2,
    0x91, 0x04, 0x25, 0x34, 0xD4, 0x41, 0xE9, 0x22, 0xCE, 0x37, 0xF8, 0xC5, 0xA4, 0x44, 0xFF, 0x10,
    0x17, 0x82, 0x0F, 0x75, 0x30, 0xA3, 0x0B, 0xCD, 0x36, 0x5E, 0x76, 0x68, 0xE4, 0x63, 0xB7, 0x91,
    0x73, 0xD1, 0x06, 0x13, 0xBD, 0x9C, 0xAB, 0x46, 0x4E, 0xBE, 0x2D, 0xA7, 0x65, 0x26, 0x8A, 0x65,
    0x5A, 0x88, 0x9C, 0x23, 0x17, 0x1D, 0x3A, 0x37, 0x03, 0x8C, 0x56, 0xE8, 0x07, 0x3B, 0x02, 0x4E,
    0x86, 0x1E, 0x90, 0x8A, 0x03, 0x0E, 0x5B, 0xE2, 0xAD, 0x6F, 0xB6, 0x40, 0xCD, 0x01, 0x68, 0x9E,
    0x0B, 0xEE, 0x65, 0x61, 0x6F, 0xC1, 0x90, 0xC6, 0xAE, 0x89, 0xF5, 0x04, 0x37, 0x98, 0x19, 0x0C,
    0xA5, 0xB8, 0xDB, 0x15, 0xFC, 0x8C, 0xC8, 0xF8, 0x5C, 0xFD, 0x7E, 0xA9, 0xEE, 0x32, 0x1E, 0x5A,
    0x31, 0x0C, 0x87, 0x46, 0x73, 0xE2, 0x7A, 0x68, 0x81, 0x6A, 0x38, 0xEC, 0xB3, 0x09, 0x2C, 0x0E,
    0x78, 0x74, 0x6F, 0x37, 0x0A, 0xC5, 0x62, 0xFB, 0x72, 0xB6, 0x43, 0x35, 0xCB, 0x64, 0x8D, 0x26,
    0xCA, 0x67, 0xAA, 0xA3, 0x1C, 0xE9, 0xE5, 0x4C, 0xC8, 0x57, 0xD7, 0x81, 0x6C, 0x45, 0x80, 0x5B,
    0x8E, 0xEF, 0x81, 0xC1, 0xA4, 0x85, 0xE3, 0x18, 0x44, 0x2D, 0xFC, 0x0A, 0xB8, 0xED, 0xAD, 0x98,
    0x7C, 0x04, 0xF8, 0xB3, 0x39, 0x41, 0xB3, 0x77, 0xED, 0x31, 0x1E, 0xA5, 0x6F, 0x50, 0xB9, 0x00,
    0x75, 0x14, 0x75, 0x97, 0x5F, 0x27, 0x5B, 0x77, 0x52, 0x97, 0x46, 0xC0, 0xF7, 0xC8, 0xD9, 0xA1,
    0x24, 0x60, 0xB4, 0xFF, 0xB8, 0x1D, 0xCA, 0x0E, 0x0F, 0xC6, 0xAA, 0xE4, 0x74, 0x3A, 0xCC, 0x8B,
    0x01, 0x45, 0x0B, 0xE8, 0xAC, 0x5B, 0x11, 0xDB, 0x34, 0xEF, 0x9F, 0x5C, 0xE8, 0xAF, 0xDD, 0x0B,
    0xD5, 0xB2, 0xAD, 0xDC, 0xC3, 0xFF, 0x6E, 0x50, 0x2C, 0x80, 0x99, 0x52, 0x75, 0x4F, 0x76, 0xDC,
    0xE9, 0xAA, 0xB7, 0x7B, 0x4E, 0xEE, 0xC7, 0xA7, 0x48, 0xF6, 0xB3, 0x4B, 0xE9, 0xA7, 0x27, 0xF2,
    0x41, 0x57, 0xDB, 0xE2, 0x00, 0x12, 0x68, 0xE6, 0xC3, 0xDD, 0x48, 0x77, 0x6B, 0x7E, 0x5C, 0xF1,
    0x1F, 0xEF, 0xB7, 0xF6, 0x25, 0xF3, 0x83, 0xE1, 0x68, 0x19, 0x1D, 0xA3, 0xEF, 0x7F, 0xC4, 0x0E,
    0x6C, 0xDF, 0x38, 0xFE, 0x1F, 0xD5, 0x99, 0x31, 0xB0, 0xE5, 0x56, 0x52, 0x86, 0x7F, 0x49, 0xE6,
    0xC9, 0x63, 0x19, 0x94, 0x38, 0x70, 0xAD, 0xD9, 0x92, 0x83, 0x09, 0xA8, 0xA2, 0x40, 0x04, 0x4E,
    0xBD, 0x47, 0x40, 0xE0, 0x80, 0xC0, 0xCE, 0xA3, 0x09, 0xC8, 0x36, 0x78, 0x9B, 0x57, 0x31, 0xD2,
    0xE2, 0x2A, 0x1C, 0x32, 0x79, 0xB4, 0x01, 0xF9, 0x26, 0x04, 0x1B, 0xB0, 0x73, 0x34, 0xEB, 0x80,
    0x80, 0x60, 0x0F, 0xDE, 0xBC, 0x90, 0x99, 0x09, 0xA0, 0x08, 0x46, 0xB0, 0x5A, 0x56, 0x63, 0x24,
    0x35, 0xFD, 0xF7, 0xD1, 0x7D, 0xEF, 0xBE, 0xC7, 0x2B, 0x7B, 0xFC, 0xEA, 0xFA, 0xCD, 0xD0, 0xA5,
    0xFE, 0xBA, 0xEF, 0x91, 0x74, 0xEF, 0xE9, 0x23, 0xE9, 0x74, 0xEB, 0x5C, 0xA8, 0xF8, 0xE6, 0x0A,
    0xCF, 0x64, 0x10, 0xA0, 0x15, 0x11, 0x24, 0x8A, 0x15, 0xB9, 0x72, 0x46, 0x29, 0x4D, 0xBB, 0xA0,
    0x56, 0x67, 0x85, 0x1B, 0x91, 0x09, 0xDA, 0x01, 0xA9, 0x32, 0x20, 0x91, 0xC6, 0xF7, 0xC0, 0x81,
    0xB1, 0xC5, 0xF6, 0xC6, 0x23, 0x79, 0x56, 0xB1, 0xED, 0xDF, 0xC0, 0x6F, 0x9B, 0x90, 0x2A, 0x07,
    0xFB, 0x95, 0x06, 0x38, 0x93, 0x67, 0xA0, 0xB4, 0xCD, 0x11, 0xCE, 0x67, 0x6F, 0x47, 0xA1, 0x64,
    0x1F, 0x6A, 0x76, 0xC1, 0x4D, 0xF5, 0x8C, 0xB6, 0x2F, 0x16, 0xF8, 0x3E, 0x33, 0xAC, 0x8A, 0x7C,
    0xB1, 0x36, 0xEE, 0x5D, 0x78, 0xDC, 0xC4, 0x33, 0x06, 0x64, 0x22, 0x1D, 0xF4, 0x5B, 0x60, 0x22,
    0x07, 0xA4, 0x6C, 0x96, 0x8D, 0x58, 0x88, 0x81, 0x68, 0xBE, 0x1D, 0x7A, 0x0B, 0x98, 0xB1, 0x4F,
    0x85, 0xC0, 0xB1, 0x7F, 0x15, 0xFB, 0x97, 0x59, 0x4C, 0xE7, 0x1B, 0x28, 0x65, 0x38, 0xA0, 0x0E,
    0xAE, 0xAF, 0xA4, 0x27, 0x1A, 0xC5, 0x0A, 0xC5, 0x78, 0x33, 0xC2, 0x05, 0x26, 0x45, 0x2D, 0x32,
    0xA2, 0x24, 0x72, 0x02, 0x7E, 0xFB, 0x04, 0x26, 0x49, 0x77, 0x3F, 0x3A, 0xD9, 0x6F, 0x96, 0xDD,
    0x91, 0xDD, 0x81, 0x1F, 0x77, 0xA7, 0xEE, 0x76, 0xE7, 0x2D, 0xDC, 0x20, 0xE7, 0xF2, 0xC2, 0x86,
    0x77, 0xF6, 0x22, 0xE1, 0xE0, 0x2C, 0x07, 0x47, 0xE8, 0x4C, 0xBE, 0x7F, 0x8F, 0x63, 0x28, 0xC1,
    0x6B, 0xC4, 0x3D, 0x52, 0xE9, 0x7C, 0x0F, 0x1F, 0x78, 0x2D, 0xD5, 0x71, 0x03, 0xAA, 0xC5, 0x9C,
    0x91, 0x5B, 0x74, 0xA4, 0x8F, 0x4E, 0x2A, 0x4D, 0x74, 0xF2, 0x0D, 0xF1, 0xE0, 0x72, 0x01, 0xEC,
    0xF4, 0x7A, 0xA2, 0x93, 0x4A, 0xDF, 0x0E, 0x74, 0x2A, 0x0E, 0xA8, 0x3A, 0x22, 0x1B, 0x7F, 0x74,
    0x51, 0x67, 0xCE, 0x76, 0x27, 0x98, 0x73, 0x2E, 0xFF, 0x0E, 0x73, 0x62, 0xA4, 0xF8, 0x09, 0x4C,
    0xCA, 0x5F, 0x4D, 0xD1, 0x29, 0x64, 0xB4, 0x70, 0x90, 0x4A, 0x0F, 0x9E, 0x05, 0xB4, 0xA0, 0xB3,
    0x00, 0xEF, 0x9A, 0x23, 0xA0, 0xEC, 0xE1, 0x00, 0x16, 0x8E, 0x88, 0xC4, 0xFE, 0xEC, 0x8E, 0x1B,
    0x0E, 0xCE, 0x78, 0xE1, 0xA0, 0xBC, 0x1E, 0x20, 0x69, 0x07, 0xA7, 0xB2, 0x87, 0x93, 0x2F, 0x7B,
    0x38, 0xD5, 0xB4, 0x87, 0xE3, 0x42, 0x0C, 0x07, 0x22, 0xD2, 0x30, 0x9C, 0x83, 0x13, 0x12, 0x3A,
    0x0C, 0xC7, 0x1C, 0xE0, 0xEC, 0xEF, 0xF1, 0xE8, 0x5D, 0x86, 0x32, 0xA5, 0xF3, 0x63, 0xB3, 0x89,
    0xAC, 0x66, 0xD1, 0x4E, 0xD1, 0x96, 0x7D, 0xB4, 0x19, 0xA2, 0xC5, 0x91, 0xF5, 0xCF, 0xA7, 0x4A,
    0x64, 0xC8, 0x45, 0xCC, 0x96, 0xBB, 0x75, 0xD1, 0x06, 0x37, 0x55, 0x13, 0x12, 0xE9, 0xDA, 0x5E,
    0x8F, 0xCF, 0x37, 0x78, 0xDA, 0x72, 0x8E, 0xD6, 0x0D, 0xD1, 0x4A, 0x87, 0x36, 0x94, 0x53, 0x26,
    0x80, 0x9B, 0xCA, 0xA9, 0x58, 0x80, 0x3A, 0x9E, 0x3F, 0x96, 0x6A, 0x6B, 0xB5, 0x99, 0x59, 0x1B,
    0xE4, 0x47, 0xB4, 0x9E, 0x5D, 0xCA, 0xB6, 0xEF, 0xDA, 0xE4, 0x2B, 0xCD, 0x50, 0xAD, 0x5E, 0xE4,
    0xBF, 0xE2, 0xFD, 0xF0, 0x6B, 0x91, 0x29, 0x9A, 0xA0, 0x66, 0xDC, 0x9F, 0xB4, 0x1F, 0x18, 0xA5,
    0x33, 0xF6, 0xBE, 0xA7, 0x4F, 0x3E, 0x04, 0x89, 0xEB, 0x8C, 0x7B, 0x6F, 0x4F, 0x91, 0xF1, 0x26,
    0x02, 0x9C, 0xF5, 0x94, 0xAD, 0xD8, 0x0F, 0x45, 0x2E, 0xC6, 0x01, 0x3F, 0x6C, 0xAA, 0x4E, 0x1A,
    0x37, 0x48, 0xD3, 0x8E, 0x66, 0xED, 0x33, 0x70, 0xA9, 0x2E, 0xBC, 0x94, 0x06, 0xD5, 0xD9, 0x85,
    0x56, 0xB5, 0x9E, 0x5C, 0x38, 0x1B, 0x5D, 0x00, 0xE7, 0xE0, 0x5A, 0x7A, 0xD5, 0x0E, 0x4E, 0x80,
    0x7A, 0xE2, 0x3C, 0xEE, 0x38, 0xBF, 0xF6, 0x3E, 0x1C, 0x9C, 0xE9, 0xE0, 0x2C, 0x07, 0x47, 0x2E,
    0x9C, 0xEE, 0xE0, 0x84, 0xDD, 0x79, 0x3E, 0xEE, 0xCE, 0x2F, 0x97, 0xDD, 0xF9, 0x7C, 0xDB, 0x9D,
    0x27, 0xB2, 0x3B, 0x7A, 0xF8, 0xEE, 0xB8, 0x83, 0x53, 0x1E, 0x9C, 0x82, 0x8E, 0x57, 0x27, 0x93,
    0xE1, 0x8F, 0x52, 0x51, 0x27, 0xB1, 0x1B, 0x93, 0x29, 0xC2, 0x0F, 0x7E, 0x7F, 0xC0, 0xD4, 0x59,
    0xE8, 0x54, 0x43, 0x21, 0x8F, 0x60, 0x52, 0x04, 0x33, 0xD5, 0x64, 0xA6, 0x9E, 0x2D, 0x90, 0x6A,
    0xB2, 0x30, 0x8A, 0x61, 0x0F, 0x62, 0x0F, 0x61, 0x0F, 0xC0, 0xBA, 0x5F, 0x8E, 0xEC, 0x3C, 0xCD,
    0xF3, 0x91, 0x46, 0x3B, 0x4E, 0xC3, 0x6E, 0xD3, 0x3C, 0x11, 0x1A, 0x76, 0xD9, 0x8C, 0x8B, 0xA6,
    0x8C, 0xA6, 0x88, 0x26, 0x8B, 0x26, 0x89, 0x06, 0x3E, 0x1A, 0x17, 0x4D, 0xA5, 0x26, 0x76, 0xC9,
    0x4C, 0x29, 0xBB, 0x09, 0xD1, 0x74, 0x66, 0x5E, 0x90, 0xA8, 0x3A, 0xD2, 0x0D, 0x64, 0x3B, 0xEE,
    0xFE, 0xDE, 0x7E, 0x5D, 0xDE, 0x93, 0x01, 0x2E, 0x88, 0xAC, 0x46, 0x89, 0xEC, 0x94, 0x7F, 0x2A,
    0xBD, 0xB2, 0x69, 0x8D, 0xEE, 0x16, 0x84, 0x8A, 0x27, 0x6B, 0xE9, 0x8D, 0x9D, 0xD2, 0x09, 0xE8,
    0x4F, 0x40, 0xD6, 0x3C, 0x60, 0x8F, 0x9F, 0xCE, 0xCA, 0x42, 0x26, 0x65, 0x62, 0xC7, 0xA1, 0x25,
    0xF0, 0xFB, 0xB8, 0x2E, 0xB6, 0x37, 0xB1, 0x78, 0x33, 0x61, 0x3C, 0xB9, 0x8C, 0x16, 0xFA, 0x4C,
    0xFE, 0x76, 0x51, 0xD6, 0x4F, 0x57, 0xA5, 0x7B, 0x22, 0xCA, 0xB6, 0x8F, 0xB7, 0xB5, 0xEF, 0x94,
    0xFA, 0x09, 0xE9, 0x06, 0x67, 0x59, 0x59, 0xC6, 0xBD, 0x06, 0x28, 0x62, 0x5D, 0xA1, 0x5C, 0x50,
    0x69, 0x63, 0xAC, 0x2B, 0xF4, 0xB0, 0x80, 0xD4, 0xEE, 0x0F, 0x3E, 0x4F, 0xFD, 0x7D, 0x64, 0xD3,
    0x8A, 0x54, 0x96, 0x98, 0xDA, 0xAA, 0x1E, 0x38, 0xC3, 0x85, 0xBC, 0x25, 0x03, 0x2A, 0xD9, 0x54,
    0xA5, 0x29, 0x45, 0xFA, 0x37, 0x78, 0x1E, 0x5C, 0x7F, 0xA6, 0x7E, 0xAD, 0xEA, 0x55, 0xA5, 0x73,
    0x51, 0xF7, 0xCF, 0x6C, 0x3F, 0x93, 0xAF, 0x9A, 0xFB, 0x39, 0x7C, 0xDD, 0xB7, 0xD2, 0x95, 0x2B,
    0xB2, 0x09, 0xE8, 0x11, 0xA5, 0x58, 0x6E, 0xBF, 0xBD, 0x9D, 0x76, 0xEE, 0xE3, 0x50, 0x4B, 0x5F,
    0x08, 0x92, 0x05, 0x78, 0x80, 0x28, 0xD9, 0xFA, 0x2D, 0x36, 0xA4, 0x76, 0x71, 0x8A, 0x7F, 0x9D,
    0x95, 0xF9, 0x7E, 0x71, 0xC2, 0xE5, 0xC5, 0x79, 0x1B, 0xD7, 0x24, 0x16, 0x50, 0xAD, 0x08, 0x0F,
    0x14, 0x09, 0x71, 0x80, 0x8F, 0x4A, 0xB6, 0xED, 0x44, 0x25, 0x5B, 0xB8, 0x5A, 0xB2, 0xFD, 0xE4,
    0x6D, 0x0D, 0xD2, 0x03, 0xB2, 0x01, 0x6E, 0x8E, 0xE5, 0x4E, 0xDA, 0x1C, 0x15, 0x19, 0x33, 0xD2,
    0x78, 0x61, 0x06, 0x26, 0x15, 0x56, 0x68, 0x2C, 0xD5, 0x7C, 0x9F, 0x51, 0x57, 0xD6, 0x6E, 0xFC,
    0xCC, 0x76, 0xEE, 0xE7, 0x71, 0x2C, 0xDB, 0x78, 0x1E, 0xFE, 0x84, 0x65, 0xCB, 0xE6, 0x9A, 0x7D,
    0x2A, 0xAD, 0x17, 0x45, 0x3E, 0x5A, 0xF1, 0x83, 0x23, 0xB9, 0xA1, 0x40, 0x3B, 0x79, 0x35, 0xC7,
    0x24, 0xCD, 0x04, 0x6D, 0xC9, 0xB9, 0x9D, 0xE2, 0x4D, 0x98, 0xE1, 0x20, 0x56, 0xBB, 0x7D, 0xAD,
    0x86, 0xA8, 0x2C, 0xEA, 0xEA, 0x98, 0x58, 0xC7, 0x5C, 0x95, 0x05, 0x9D, 0x45, 0x47, 0xEC, 0xF2,
    0xB3, 0x0A, 0x48, 0x56, 0xD7, 0x19, 0xF8, 0xF1, 0x0E, 0xE3, 0x4C, 0x64, 0x31, 0xA5, 0x24, 0xC3,
    0x87, 0xC8, 0x26, 0x6F, 0x9A, 0x8E, 0x1F, 0x9E, 0x26, 0x56, 0xBC, 0x0F, 0x15, 0xBB, 0x92, 0xF3,
    0x3E, 0xD7, 0x67, 0x5F, 0x7C, 0xD4, 0x23, 0x1F, 0xCB, 0x21, 0x22, 0x0B, 0x79, 0x7F, 0x77, 0x01,
    0xC7, 0x0E, 0x2D, 0x40, 0xBA, 0xC4, 0x9B, 0xAB, 0xEC, 0x51, 0x7C, 0x56, 0x36, 0x65, 0xA8, 0x7A,
    0x6A, 0xD1, 0x95, 0xCD, 0x49, 0x02, 0x7F, 0xE7, 0x4D, 0xD6, 0x29, 0x7F, 0xA5, 0xA8, 0x2C, 0xFA,
    0x01, 0x48, 0xBF, 0xFC, 0xEC, 0x38, 0xF0, 0x74, 0xB8, 0xD3, 0xC0, 0x9B, 0x37, 0x90, 0xE8, 0x55,
    0x4D, 0x96, 0x05, 0x70, 0x7B, 0xE0, 0x9F, 0x16, 0xA7, 0x0F, 0xFC, 0x1E, 0x54, 0xEA, 0x86, 0x81,
    0x0F, 0xFB, 0x03, 0x9C, 0x0E, 0xAF, 0x32, 0xF0, 0xFD, 0x82, 0x83, 0xBE, 0x6B, 0xF6, 0xC0, 0x4F,
    0x7F, 0xC5, 0xCF, 0x64, 0x40, 0x2D, 0x9B, 0xAA, 0xF4, 0xAC, 0xC9, 0xEF, 0x59, 0x25, 0x50, 0xB2,
    0x7A, 0x9D, 0x2F, 0xB4, 0x2B, 0xA7, 0x36, 0xB8, 0xD1, 0x89, 0x0C, 0x95, 0x48, 0x9F, 0xCB, 0x06,
    0xF8, 0x67, 0x31, 0xB3, 0xEE, 0xDC, 0xA5, 0xE8, 0x26, 0x65, 0xF9, 0xC5, 0xB2, 0xD3, 0x5A, 0x5E,
    0x75, 0x6E, 0xCE, 0x64, 0x02, 0x95, 0x92, 0x85, 0x9F, 0xA1, 0xF8, 0xCF, 0x85, 0x4A, 0xFF, 0x24,
    0xF9, 0xF9, 0x86, 0x71, 0xC0, 0x1F, 0x1B, 0xDB, 0x9D, 0xB1, 0xE5, 0xD5, 0x8F, 0xC3, 0x0C, 0xAA,
    0x49, 0xA5, 0xEA, 0x3A, 0x2A, 0xFD, 0xD3, 0x8C, 0x03, 0xE0, 0x64, 0xC4, 0x35, 0x73, 0x5D, 0xE2,
    0xFB, 0x6E, 0x22, 0x66, 0xB2, 0x68, 0x8A, 0x68, 0xAA, 0xD8, 0x39, 0x17, 0x8D, 0xFF, 0x25, 0x4D,
    0x22, 0x1F, 0x8B, 0x30, 0x94, 0x92, 0xA6, 0x58, 0xCC, 0x94, 0xB3, 0x99, 0x7A, 0x2C, 0xE7, 0x58,
    0x4F, 0xD0, 0x88, 0x99, 0x34, 0x9A, 0x2C, 0x9A, 0x62, 0xB5, 0x31, 0xA9, 0x66, 0x33, 0x6E, 0x34,
    0xD3, 0x0E, 0x66, 0x90, 0xAB, 0xE2, 0x88, 0x37, 0xC8, 0x99, 0x84, 0xEA, 0x05, 0x2A, 0x59, 0x45,
    0xBA, 0x4A, 0x54, 0x86, 0x92, 0x1C, 0x75, 0x58, 0xA6, 0x6A, 0x06, 0x5C, 0xC8, 0x97, 0x33, 0xB6,
    0x2C, 0xB5, 0xD1, 0x1B, 0x59, 0x18, 0x03, 0xD2, 0xD5, 0x33, 0x3E, 0x11, 0xCA, 0xE8, 0x8D, 0xB5,
    0x51, 0x4B, 0x92, 0x7A, 0xEB, 0x70, 0x26, 0xFF, 0xC6, 0x50, 0x39, 0x17, 0x28, 0x72, 0xB1, 0x01,
    0x6F, 0xDE, 0x63, 0x41, 0x13, 0xA7, 0x3A, 0xB4, 0x03, 0x11, 0x10, 0x17, 0x26, 0x82, 0xA1, 0x0D,
    0x25, 0x03, 0x50, 0xB8, 0x51, 0xA1, 0x07, 0x3B, 0x6D, 0x69, 0x5C, 0xE0, 0x10, 0x86, 0x94, 0x40,
    0x4B, 0x9C, 0xC9, 0x0B, 0xCE, 0x24, 0x8F, 0xE2, 0x92, 0x4C, 0x45, 0x38, 0xA2, 0x9D, 0xCA, 0x11,
    0xFE, 0x89, 0x08, 0xFC, 0x8F, 0x09, 0x7A, 0xED, 0x50, 0xED, 0x7B, 0x6B, 0xA2, 0x20, 0x12, 0xFF,
    0xDC, 0x6E, 0x49, 0xA2, 0x1E, 0x61, 0xF3, 0x02, 0x27, 0x08, 0x9B, 0x29, 0x78, 0xF0, 0xA1, 0xB6,
    0x4A, 0x9B, 0x1F, 0xED, 0x25, 0x60, 0x1E, 0x2F, 0x43, 0xB0, 0x19, 0xEB, 0x7A, 0xF9, 0x77, 0xEB,
    0x78, 0x89, 0x41, 0xE1, 0x46, 0xC5, 0x37, 0xC4, 0xCB, 0x5A, 0x6C, 0x75, 0x8D, 0x95, 0x29, 0xB5,
    0xA5, 0xCA, 0xE3, 0x32, 0xCC, 0xC6, 0x83, 0xC3, 0x51, 0xA9, 0x32, 0x5C, 0x8E, 0x85, 0xEF, 0x2F,
    0x95, 0xE3, 0xC0, 0xF6, 0x5A, 0xB5, 0x50, 0x8D, 0x63, 0x50, 0xAA, 0xD6, 0x23, 0x07, 0x80, 0xF1,
    0x33, 0x7C, 0x46, 0x6F, 0xC1, 0x3F, 0x60, 0xDA, 0x58, 0x5B, 0x85, 0x5C, 0xD4, 0x7E, 0x05, 0xA3,
    0x48, 0x3B, 0x1C, 0x89, 0xEF, 0x6D, 0x49, 0xCA, 0x96, 0xA3, 0xEA, 0x45, 0xD1, 0xDA, 0x25, 0xE8,
    0xE1, 0xFF, 0x51, 0x1A, 0xBD, 0xCF, 0x57, 0xC0, 0xCB, 0x44, 0x04, 0xA2, 0x27, 0x06, 0xC5, 0xF3,
    0x59, 0xF1, 0x4F, 0x9B, 0xE2, 0x73, 0x1E, 0xD7, 0x4B, 0xD8, 0xCF, 0xED, 0xAB, 0x05, 0xFB, 0xF7,
    0x65, 0x56, 0x1A, 0x4B, 0x7F, 0x3F, 0x07, 0x1E, 0xD6, 0x1D, 0x6A, 0xD9, 0x8B, 0x96, 0x00, 0x93,
    0x1F, 0x36, 0x80, 0x7C, 0xAD, 0xB6, 0x23, 0x5F, 0xE2, 0xE4, 0xCF, 0x05, 0xF2, 0xF1, 0x02, 0xF1,
    0x23, 0x44, 0x7A, 0xD5, 0x26, 0xDA, 0x76, 0x8C, 0xED, 0x1F, 0x6D, 0x90, 0x3F, 0x93, 0x86, 0xD9,
    0x8B, 0x15, 0xB8, 0x34, 0xF5, 0x78, 0xD7, 0xF5, 0xBC, 0xDD, 0x45, 0xF3, 0xC5, 0xA2, 0x25, 0x5C,
    0x47, 0xB6, 0x0D, 0xE9, 0x67, 0xF3, 0x17, 0xB2, 0x9A, 0xBF, 0x55, 0x4D, 0x3F, 0x1F, 0xD5, 0xF4,
    0x0D, 0xCE, 0x57, 0x20, 0xDF, 0x5F, 0xE0, 0x1C, 0x75, 0x05, 0x6A, 0xD5, 0x42, 0xB5, 0x94, 0x05,
    0xC7, 0xBC, 0x22, 0xAF, 0xF3, 0x68, 0x30, 0xB2, 0x83, 0xE2, 0x42, 0xBE, 0xA3, 0x51, 0xE2, 0xAD,
    0x88, 0xC7, 0x75, 0xC7, 0x5E, 0x2A, 0xCA, 0x15, 0x40, 0x36, 0x29, 0xD0, 0xE3, 0x48, 0x2A, 0x91,
    0xED, 0x2A, 0x2C, 0xEF, 0x4D, 0xFB, 0x7A, 0x40, 0xCA, 0x9E, 0x16, 0xD6, 0xB4, 0x35, 0x96, 0x4B,
    0x88, 0xC5, 0x4E, 0x54, 0x64, 0x44, 0x42, 0xA4, 0x82, 0xAA, 0x89, 0x65, 0xD4, 0x46, 0xD8, 0xE2,
    0xFA, 0x80, 0xC4, 0x7F, 0x05, 0xD8, 0x6B, 0xF9, 0x6F, 0x8E, 0x5E, 0xCB, 0xD9, 0xAB, 0x33, 0x1C,
    0x8B, 0xCD, 0x49, 0xC7, 0x8A, 0x54, 0xE2, 0x0F, 0xD7, 0xA3, 0xF5, 0x24, 0x91, 0x67, 0xAA, 0x9B,
    0xFA, 0xD2, 0xC5, 0xA4, 0xED, 0x06, 0xEE, 0xA4, 0xBD, 0x0F, 0x3F, 0xB4, 0x31, 0x0D, 0x76, 0x5E,
    0x36, 0x5B, 0x26, 0x41, 0x78, 0x37, 0x9B, 0xB7, 0x54, 0x56, 0x9B, 0x32, 0x7B, 0xE4, 0xD8, 0xC5,
    0x85, 0x97, 0xDF, 0x38, 0x53, 0xB0, 0x3B, 0x9D, 0x13, 0xD4, 0xD3, 0xFF, 0xCB, 0x55, 0x70, 0xF6,
    0xD9, 0x84, 0xBB, 0x8E, 0x52, 0x3F, 0x5E, 0xF7, 0xA5, 0x6E, 0x93, 0x72, 0xBA, 0x95, 0x7D, 0x45,
    0x4B, 0xDD, 0x7B, 0xC6, 0x29, 0x2C, 0x5B, 0x13, 0x9E, 0x1F, 0x1F, 0xAB, 0xE2, 0xFE, 0x9D, 0x67,
    0x61, 0x4B, 0xFC, 0x6D, 0x63, 0xCB, 0x62, 0xF9, 0xFA, 0x9D, 0x67, 0x61, 0x4B, 0x7F, 0xF8, 0x66,
    0x93, 0x2F, 0xD7, 0x8C, 0xC8, 0xCD, 0xE6, 0xF8, 0x48, 0xA6, 0xD9, 0x68, 0x4A, 0x33, 0x63, 0x3D,
    0xAB, 0xE1, 0xE5, 0x54, 0xC3, 0x1E, 0xAA, 0x29, 0x24, 0xAE, 0xE6, 0xFB, 0x17, 0x48, 0x54, 0xE3,
    0x48, 0x78, 0x91, 0x89, 0x58, 0xED, 0x06, 0x54, 0x64, 0x44, 0x4A, 0x24, 0xD2, 0x10, 0x87, 0x8F,
    0x19, 0x11, 0xEF, 0x85, 0x45, 0xE1, 0x26, 0xD6, 0x06, 0x03, 0xFC, 0xBF, 0x48, 0x07, 0x2F, 0x2B,
    0x14, 0x23, 0xD1, 0xD8, 0x4B, 0x97, 0x05, 0x73, 0x33, 0x70, 0x8F, 0x70, 0x1D, 0x31, 0x28, 0xAC,
    0x38, 0x4E, 0x09, 0x3C, 0xC0, 0x91, 0xD8, 0x52, 0xB5, 0x0F, 0xC4, 0x44, 0x2C, 0x84, 0x18, 0x3A,
    0x22, 0x28, 0xB8, 0x38, 0x6D, 0x4B, 0xD3, 0xB6, 0x30, 0xAD, 0x1D, 0x52, 0xF4, 0x5E, 0x14, 0x8E,
    0x28, 0x89, 0x82, 0xC8, 0x88, 0x84, 0x80, 0x27, 0x1C, 0x51, 0x0D, 0x78, 0x04, 0x64, 0xB3, 0xEA,
    0x06, 0x40, 0xBA, 0xEB, 0x13, 0xAF, 0x4D, 0x94, 0x22, 0xAB, 0xAA, 0x50, 0x3B, 0x2B, 0x41, 0x9A,
    0x56, 0xD5, 0x7D, 0xA3, 0x1E, 0xD6, 0xEE, 0xEA, 0xF8, 0x16, 0x65, 0xFE, 0x80, 0x4B, 0x69, 0x9B,
    0x8B, 0x55, 0xE2, 0xF4, 0x69, 0xA0, 0xFF, 0xF4, 0xE6, 0xF7, 0xAD, 0x22, 0xBE, 0x6F, 0xFD, 0x8F,
    0x25, 0x99, 0x5F, 0xAF, 0x4A, 0xF7, 0x74, 0x53, 0xB6, 0x4F, 0xC4, 0x1E, 0x21, 0xF6, 0x9B, 0x9D,
    0x42, 0x22, 0x70, 0xC1, 0x66, 0xB5, 0xC1, 0x38, 0xA2, 0xD8, 0x53, 0xBB, 0xBD, 0x75, 0x4D, 0x4C,
    0x17, 0xF5, 0xC5, 0x5B, 0x97, 0x5C, 0x5D, 0x19, 0x4E, 0x7B, 0xA0, 0x1E, 0xE2, 0x28, 0xFC, 0x25,
    0xA2, 0xD4, 0x5D, 0x4C, 0x72, 0xE3, 0x48, 0xA5, 0xCF, 0xB6, 0x53, 0xBD, 0x85, 0xE1, 0x2D, 0xC2,
    0x06, 0x88, 0xE2, 0xCD, 0xA4, 0x1B, 0xCC, 0xCC, 0x30, 0x79, 0x84, 0xD7, 0xF9, 0xD5, 0xEC, 0x30,
    0x6D, 0x6D, 0x44, 0x66, 0x2C, 0x8F, 0x4A, 0x9D, 0xEC, 0xEE, 0x5E, 0xD3, 0xF6, 0x9B, 0xB6, 0x0A,
    0x64, 0x4B, 0x26, 0x02, 0x72, 0xC1, 0xF5, 0x07, 0x0B, 0x78, 0xDF, 0x8A, 0xC0, 0xC5, 0xE2, 0x5E,
    0x6D, 0x20, 0xA7, 0xEB, 0x45, 0xA0, 0x6C, 0x96, 0x6F, 0x59, 0x04, 0xE6, 0xFF, 0xAD, 0x0C, 0xD5,
    0x97, 0x9C, 0x0E, 0x5C, 0x47, 0x0A, 0xF4, 0xB0, 0x2F, 0x96, 0x44, 0xF9, 0x1F, 0x13, 0x8B, 0x40,
    0x56, 0x5B, 0xA8, 0xA5, 0x2B, 0xAF, 0x16, 0x81, 0x05, 0x43, 0x04, 0x23, 0x6D, 0x50, 0xFD, 0x0D,
    0xCB, 0xCE, 0x14, 0x51, 0xF6, 0xC7, 0xAE, 0x64, 0xD0, 0x83, 0x6A, 0x03, 0xFC, 0x2E, 0x0E, 0xF2,
    0x09, 0xCE, 0x5F, 0xCC, 0x69, 0x2C, 0xE3, 0xC6, 0x58, 0xEE, 0xB5, 0x4B, 0xDB, 0xCB, 0xE2, 0x3F,
    0xFD, 0xED, 0xE2, 0xFF, 0xF6, 0x57, 0xAB, 0xFF, 0xE9, 0xA7, 0x4B, 0xBB, 0xE5, 0x8B, 0x5B, 0xAA,
    0x8B, 0x85, 0x6E, 0x27, 0xD2, 0xFD, 0xE0, 0x7C, 0xC6, 0x1B, 0x50, 0x79, 0xD3, 0xE6, 0xF1, 0x87,
    0x85, 0xA5, 0x87, 0x98, 0x6D, 0x7E, 0x11, 0x17, 0x0A, 0x7F, 0xAE, 0x4C, 0xFA, 0x3F, 0x78, 0x3D,
    0xFE, 0x8D, 0x79, 0x13, 0x1D, 0x1E, 0xE6, 0x03, 0xDA, 0xBF, 0x18, 0x51, 0x69, 0x07, 0xF3, 0xE1,
    0x31, 0x92, 0xF0, 0xEE, 0x89, 0x9E, 0x2F, 0xCB, 0xAD, 0xD9, 0x71, 0x1C, 0xFF, 0x6C, 0x65, 0x69,
    0xB7, 0xBC, 0x1E, 0xD1, 0xA3, 0xE5, 0x87, 0x09, 0x99, 0x2C, 0x28, 0x86, 0x15, 0x45, 0x78, 0x78,
    0x92, 0xC8, 0x7F, 0x07, 0x8F, 0x50, 0x67, 0x23, 0xDC, 0xE7, 0x33, 0xCA, 0x61, 0x45, 0x36, 0x39,
    0x60, 0xF8, 0xBD, 0xE3, 0xE9, 0x63, 0xBC, 0xA2, 0x3D, 0x70, 0xA1, 0x22, 0xFD, 0xB1, 0x5A, 0xDB,
    0x75, 0x15, 0x99, 0x8F, 0x35, 0xC5, 0xFB, 0x28, 0x9F, 0xCC, 0x28, 0xBF, 0xE4, 0x6F, 0xB5, 0xC0,
    0x52, 0xF5, 0xF8, 0x20, 0x6F, 0x8E, 0x5F, 0x5E, 0xB2, 0x3D, 0x0E, 0xA6, 0x62, 0x37, 0xD4, 0x63,
    0xDB, 0x17, 0x57, 0xD6, 0x2E, 0x5B, 0x46, 0x37, 0x25, 0x5D, 0x2D, 0x12, 0xCA, 0x58, 0xA2, 0x0E,
    0x38, 0xDF, 0x1A, 0xD4, 0x2C, 0xEC, 0x79, 0xFE, 0x8A, 0x7C, 0x7C, 0x8C, 0x62, 0x70, 0xDF, 0x59,
    0x1C, 0x71, 0xF6, 0xB7, 0xF9, 0x00, 0xD9, 0xEC, 0x90, 0x8D, 0xF5, 0x49, 0x62, 0x48, 0xF1, 0x00,
    0xD5, 0x5F, 0x4F, 0xF6, 0x08, 0x16, 0xA3, 0x47, 0x32, 0xD7, 0x0D, 0x7E, 0xF4, 0x16, 0x2E, 0xA4,
    0x1E, 0x4F, 0xAA, 0xF7, 0x6E, 0xBC, 0xFE, 0x97, 0xD3, 0x0B, 0x5C, 0xB8, 0xB5, 0xA6, 0x1B, 0x4A,
    0x8E, 0xC0, 0xE8, 0x3E, 0x1A, 0x5D, 0x3A, 0xC1, 0x24, 0x15, 0xDC, 0x7E, 0x5B, 0x51, 0x49, 0xE7,
    0x24, 0xB4, 0xC5, 0xF8, 0x30, 0x1B, 0x6F, 0xF3, 0xEF, 0xE6, 0x7D, 0x2B, 0x33, 0xFE, 0xA1, 0xEC,
    0x95, 0x52, 0x0E, 0x4A, 0xF7, 0xE9, 0xA4, 0x2C, 0xFB, 0x45, 0x99, 0x75, 0x1F, 0xBC, 0x1E, 0xFF,
    0x6E, 0xBE, 0xC4, 0x63, 0x72, 0xFB, 0x7F, 0x37, 0x8F, 0x27, 0xBB, 0xE2, 0x68, 0xB2, 0xE3, 0x18,
    0xBC, 0x16, 0xD1, 0xB3, 0xD6, 0x84, 0xBF, 0x78, 0xB8, 0x9A, 0x6C, 0xAC, 0x4F, 0x12, 0x39, 0x53,
    0x08, 0x5C, 0x3E, 0x28, 0x3E, 0x9B, 0xF6, 0xA8, 0xB3, 0xB1, 0x05, 0x10, 0xBE, 0x8F, 0x23, 0x39,
    0x67, 0x27, 0xBC, 0x48, 0x47, 0x8C, 0xC4, 0x72, 0x58, 0x9F, 0xCB, 0x57, 0x45, 0xB6, 0x1D, 0xBC,
    0x6A, 0xDD, 0xF7, 0xEE, 0xC7, 0x75, 0x04, 0xE0, 0x7F, 0x61, 0x6F, 0xE1, 0x32, 0x28, 0xDC, 0x78,
    0x38, 0xB7, 0x5C, 0x2F, 0x5F, 0x19, 0x3A, 0xCD, 0xBA, 0x0F, 0xF3, 0xA0, 0xC9, 0x4C, 0x73, 0x99,
    0xA6, 0xB2, 0x24, 0xEC, 0x69, 0x36, 0xF9, 0x29, 0x4B, 0xAF, 0x52, 0x94, 0x6B, 0x39, 0xBD, 0x51,
    0x4E, 0xF8, 0x9A, 0xCD, 0x66, 0x21, 0xC4, 0xCA, 0x6E, 0x63, 0x2C, 0x9E, 0x69, 0xDB, 0xDD, 0x75,
    0x2C, 0x67, 0x97, 0xCF, 0xE5, 0xF0, 0xF3, 0xC3, 0x73, 0xF9, 0x3D, 0x19, 0x44, 0x46, 0x21, 0x83,
    0x34, 0x8D, 0x34, 0xF8, 0x9A, 0x2D, 0x6D, 0xDE, 0xDF, 0xEF, 0xBF, 0x72, 0x60, 0x20, 0x13, 0x8B,
    0x9C, 0x85, 0x4F, 0xE9, 0x07, 0x59, 0x73, 0xC7, 0xFF, 0xB8, 0xDF, 0x43, 0x07, 0x77, 0x98, 0x12,
    0xC3, 0x8A, 0x6C, 0xB4, 0x29, 0xF1, 0x34, 0xFF, 0x42, 0x17, 0x93, 0x3D, 0x50, 0x0A, 0x91, 0x06,
    0xC9, 0x52, 0xF7, 0x48, 0xE6, 0xB2, 0xBF, 0xE3, 0x10, 0x63, 0xF6, 0x5A, 0x90, 0xCA, 0xC6, 0xE9,
    0x85, 0x21, 0x9E, 0x26, 0xBC, 0xF6, 0x05, 0xD4, 0x1F, 0x6C, 0x59, 0x44, 0xB8, 0xBE, 0x74, 0xD6,
    0xF9, 0xDE, 0x6A, 0x6C, 0xEE, 0x42, 0x2D, 0x03, 0x0A, 0xD9, 0x90, 0x88, 0x04, 0x75, 0x46, 0xA0,
    0x9D, 0x58, 0xD8, 0x52, 0x3F, 0x44, 0x3D, 0xB7, 0x22, 0xCC, 0x92, 0x83, 0x6A, 0xB7, 0xAF, 0x83,
    0x46, 0x29, 0x03, 0x50, 0xAB, 0x4A, 0x6F, 0x03, 0x84, 0x15, 0x48, 0xE5, 0x59, 0x25, 0x8B, 0x93,
    0xA5, 0xED, 0xDF, 0x69, 0x7B, 0xB4, 0x5B, 0xE3, 0x44, 0xE3, 0x5D, 0x19, 0x60, 0x2A, 0xF7, 0x53,
    0x69, 0x65, 0xF3, 0xB2, 0x8A, 0x4C, 0x7F, 0x28, 0x1D, 0xA2, 0x78, 0x40, 0x38, 0xFD, 0x14, 0x2C,
    0xA2, 0xD0, 0x8A, 0x48, 0x7F, 0x0D, 0xC8, 0x17, 0xE0, 0x74, 0x38, 0x96, 0x6C, 0x66, 0x1B, 0xE1,
    0x26, 0x62, 0x24, 0x3A, 0xE0, 0x7B, 0x3D, 0xDC, 0xF1, 0x26, 0xD3, 0xE5, 0x76, 0x6D, 0x57, 0xE0,
    0x59, 0xB5, 0xCC, 0x95, 0xCC, 0x85, 0x2C, 0x89, 0x7F, 0x86, 0x28, 0x2D, 0x43, 0xCB, 0x85, 0xA5,
    0x63, 0x3E, 0x71, 0x0E, 0x65, 0x6C, 0x70, 0xB1, 0xFE, 0x18, 0xBE, 0x0F, 0xBF, 0x27, 0xFC, 0x6A,
    0xB4, 0xDF, 0x4D, 0xAC, 0xDE, 0xE8, 0x38, 0x67, 0x44, 0x2B, 0x83, 0xB6, 0xF1, 0x18, 0x5E, 0x89,
    0x05, 0x1C, 0x1F, 0x5A, 0x53, 0xC7, 0x2F, 0x1C, 0x5B, 0x91, 0xA0, 0xDA, 0xB4, 0x32, 0x73, 0xA8,
    0xC1, 0x25, 0xBE, 0x56, 0x26, 0x38, 0x59, 0x55, 0x05, 0xEF, 0x64, 0x62, 0xB9, 0x9D, 0x5D, 0x48,
    0x65, 0x56, 0x1D, 0x54, 0x17, 0x55, 0xB6, 0x59, 0x09, 0xDC, 0x99, 0xA6, 0xEA, 0x9F, 0x0B, 0xBC,
    0xAC, 0xAA, 0x93, 0x6A, 0x87, 0xF6, 0xEF, 0xB0, 0x2F, 0x30, 0xB7, 0x75, 0xFF, 0x7F, 0x17, 0x98,
    0x03, 0x8E, 0xC4, 0x96, 0x6D, 0x5E, 0x06, 0x22, 0x72, 0x1D, 0x2F, 0x79, 0xEE, 0xED, 0xFF, 0x76,
    0xB9, 0x5C, 0xFF, 0x68, 0x54, 0x3B, 0xF9, 0xF1, 0xCB, 0xAF, 0x7F, 0xFC, 0x2F, 0x63, 0x58, 0xC2,
    0xC0, 0xFC, 0x87, 0x81, 0xFF, 0x3F, 0x83, 0x3E, 0xFF, 0x81, 0x1D, 0x4C, 0x1F, 0xB8, 0x1F, 0xF0,
    0xEA, 0xFF, 0xB5, 0xB1, 0xA9, 0xFF, 0x61, 0xC2, 0xFE, 0x80, 0x01, 0x08, 0xEC, 0xFF, 0xFF, 0x3F,
    0x00, 0xC2, 0x36, 0xB5, 0x36, 0x3A, 0xCC, 0x0D, 0x76, 0xDC, 0x07, 0x74, 0xD9, 0x1B, 0x98, 0xFE,
    0x01, 0xD5, 0x1F, 0xD0, 0xFF, 0xFF, 0xC1, 0xDE, 0xFD, 0x83, 0x3D, 0xD3, 0x17, 0xEE, 0x0B, 0x32,
    0x10, 0x2D, 0x25, 0xEC, 0x0F, 0x00, 0xD5, 0x99, 0x01, 0xA4, 0x25, 0xD7, 0x19, 0xC7, 0x7F, 0x33,
    0xB3, 0x6F, 0xE7, 0xD9, 0x91, 0x4E, 0xD4, 0x7B, 0xA4, 0x69, 0xEB, 0x06, 0x2D, 0x4D, 0x69, 0x07,
    0xA0, 0xB4, 0x7A, 0x4E, 0x14, 0x45, 0xE0, 0x21, 0xDB, 0xAA, 0x42, 0x11, 0x68, 0x90, 0x16, 0xA0,
    0xDA, 0xEE, 0x0C, 0x05, 0x40, 0x1F, 0x14, 0x14, 0x16, 0x41, 0xA5, 0x74, 0x83, 0xA2, 0xA9, 0x76,
    0x67, 0xD2, 0xB6, 0x4A, 0x03, 0x93, 0x54, 0x03, 0xD0, 0x69, 0x9A, 0x56, 0x25, 0xC8, 0x48, 0xA7,
    0xCC, 0xB6, 0x73, 0xE7, 0xEB, 0x7C, 0x9F, 0x3B, 0xF7, 0x5D, 0x2B, 0x2F, 0x5E, 0xE5, 0xCD, 0xCB,
    0xDD, 0x99, 0x9C, 0x7F, 0xEE, 0x9D, 0x33, 0x77, 0xCE, 0xF9, 0xFF, 0xCE, 0xF9, 0xE6, 0x3B, 0x7B,
    0x1E, 0x00, 0x80, 0x54, 0x40, 0x20, 0x35, 0x10, 0x49, 0x0B, 0xC4, 0xD2, 0x01, 0xA9, 0x0C, 0xAA,
    0xFF, 0x52, 0xCD, 0xFE, 0x36, 0x02, 0xEE, 0x25, 0x01, 0xF2, 0x4A, 0x3C, 0x88, 0x2F, 0x2B, 0x10,
    0x5C, 0x4D, 0x38, 0xE2, 0x1A, 0x22, 0x11, 0x69, 0x89, 0x27, 0xED, 0x48, 0x27, 0x1D, 0x48, 0xC7,
    0xE7, 0xEF, 0x0C, 0xAC, 0x5A, 0xE2, 0x11, 0xD7, 0x12, 0x89, 0xDE, 0x16, 0x0A, 0x65, 0x45, 0x20,
    0x05, 0x00, 0xC0, 0x35, 0xD3, 0xDC, 0x03, 0x5A, 0xA3, 0x6A, 0x75, 0x8E, 0xF9, 0x38, 0x78, 0xFE,
    0x94, 0x95, 0xAC, 0xA7, 0x22, 0xFA, 0xE4, 0xE2, 0x9A, 0xDD, 0xE7, 0x2A, 0xBE, 0x96, 0x57, 0x89,
    0x48, 0xE5, 0xA6, 0x52, 0xFE, 0x7D, 0xEA, 0x56, 0xE1, 0x2A, 0xF1, 0x53, 0xA9, 0x5D, 0x55, 0xDA,
    0x75, 0xD1, 0xFA, 0x82, 0x63, 0x0F, 0x07, 0xD8, 0x4F, 0xB4, 0xBF, 0xF6, 0xFF, 0x55, 0x01, 0x00,
    0xC1, 0x2F, 0x01, 0x42, 0xA9, 0x8D, 0x41, 0x03, 0x10, 0xB7, 0x00, 0xAB, 0xFA, 0xAC, 0x17, 0x8F,
    0x03, 0x1F, 0x2C, 0x2D, 0x83, 0x22, 0x2D, 0x94, 0x1D, 0x44, 0x1D, 0x24, 0x0D, 0x64, 0xE6, 0xEB,
    0x72, 0xF8, 0x6C, 0x8F, 0x9F, 0x1B, 0x8F, 0xB5, 0x81, 0x50, 0xBD, 0xB6, 0x6A, 0x81, 0x2F, 0x66,
    0x15, 0x20, 0x7F, 0xDC, 0xBA, 0x36, 0xA7, 0x44, 0xC5, 0x0B, 0x00, 0x7C, 0xF0, 0x7C, 0xE0, 0x61,
    0x80, 0xEF, 0x59, 0xE3, 0x40, 0xB4, 0x86, 0xC3, 0xB4, 0x05, 0x97, 0x56, 0x20, 0xAF, 0x6A, 0x6F,
    0x14, 0xDB, 0xEB, 0x03, 0x44, 0xFE, 0xDB, 0x3B, 0x53, 0xCB, 0xD8, 0x19, 0x3C, 0xA3, 0x87, 0xE1,
    0x33, 0x7E, 0x0A, 0x10, 0x25, 0x88, 0x53, 0x51, 0x86, 0x28, 0x44, 0x94, 0x22, 0x8A, 0x91, 0x72,
    0x5B, 0x6B, 0x24, 0x67, 0x94, 0xA6, 0x61, 0x6B, 0x10, 0x07, 0x80, 0x68, 0x44, 0x59, 0x96, 0x85,
    0xB2, 0x5C, 0x79, 0x40, 0x7E, 0xBF, 0xBF, 0x2C, 0x1F, 0x03, 0x06, 0xF4, 0x8A, 0x45, 0xE3, 0x61,
    0xD6, 0xE0, 0x62, 0x75, 0x6C, 0x10, 0x95, 0xA1, 0x21, 0xE4, 0xD2, 0xE6, 0xDE, 0x31, 0x00, 0xD2,
    0x00, 0x94, 0x9D, 0x01, 0xEB, 0x4C, 0x5B, 0x9B, 0x81, 0xF5, 0x19, 0xB5, 0x6A, 0x7F, 0xA9, 0x01,
    0x7A, 0x05, 0x37, 0xC0, 0xA7, 0x07, 0x43, 0x78, 0x18, 0x77, 0xB8, 0xA4, 0x42, 0x5E, 0xF1, 0x8B,
    0x90, 0x0B, 0x4E, 0x8F, 0x80, 0x64, 0xBC, 0x0B, 0xF6, 0x30, 0xC8, 0xEE, 0xF4, 0xC0, 0x41, 0x70,
    0x82, 0x92, 0x03, 0x25, 0x07, 0x7B, 0x4D, 0x2E, 0xB8, 0xFD, 0x08, 0x89, 0x94, 0x18, 0x8D, 0xA9,
    0xFB, 0x01, 0x1E, 0x0E, 0x01, 0x07, 0xCB, 0xCD, 0xB9, 0x65, 0xD9, 0x5C, 0x7D, 0x96, 0x3C, 0x87,
    0xD8, 0xF2, 0x19, 0x14, 0x4E, 0x4C, 0x3B, 0x80, 0x68, 0x0D, 0x90, 0xF6, 0x60, 0x37, 0x02, 0x16,
    0xB6, 0xC9, 0xEF, 0xBE, 0x0F, 0xA4, 0xF5, 0x1A, 0x48, 0xFE, 0x6B, 0x84, 0x8D, 0x1E, 0x65, 0xBD,
    0x4F, 0xEF, 0xBC, 0x5F, 0xA0, 0x3F, 0x27, 0x19, 0xD0, 0x1B, 0x49, 0x0B, 0x82, 0x27, 0x8E, 0x48,
    0xEA, 0x9C, 0xF8, 0xDF, 0x23, 0x91, 0x0C, 0x20, 0x1D, 0x3C, 0xEA, 0x2F, 0x8F, 0x2A, 0xC5, 0x59,
    0xAA, 0x48, 0xFA, 0xB3, 0x54, 0x41, 0xE9, 0x01, 0xB2, 0x07, 0x84, 0x1E, 0xD0, 0x40, 0xD4, 0x6F,
    0xBA, 0x2F, 0x1E, 0xB2, 0x8A, 0xE0, 0xC9, 0xA5, 0xE9, 0x01, 0xCC, 0x3D, 0x30, 0xBF, 0xFC, 0xD4,
    0x34, 0x36, 0xCD, 0xEA, 0xFB, 0x62, 0x24, 0xA9, 0xF6, 0x9D, 0xE4, 0x11, 0x20, 0xB5, 0x99, 0xE1,
    0xAB, 0x9D, 0x65, 0x40, 0x56, 0x35, 0x64, 0x9E, 0xC0, 0x5F, 0x09, 0xCD, 0x68, 0xFD, 0xAC, 0xF9,
    0x94, 0x6D, 0x4E, 0x89, 0xAF, 0xB7, 0x0F, 0x10, 0xC1, 0xA7, 0x0F, 0x89, 0xA4, 0x34, 0x03, 0xE9,
    0xDB, 0x6B, 0x42, 0x4E, 0x96, 0x27, 0xB7, 0x3C, 0x95, 0x2B, 0xCB, 0x23, 0xE7, 0xB2, 0x5A, 0x3E,
    0x8F, 0x50, 0x8A, 0xB4, 0xDB, 0xF2, 0xE6, 0xF3, 0xB7, 0xF5, 0xE9, 0xDB, 0xF2, 0xE7, 0x9B, 0x5E,
    0x9F, 0x35, 0x17, 0xFB, 0x6E, 0x75, 0x3B, 0x45, 0xA4, 0xDF, 0x2D, 0xC0, 0xA6, 0xBD, 0x42, 0x49,
    0x62, 0x25, 0xF3, 0x00, 0xF0, 0xE8, 0x73, 0x04, 0x22, 0x68, 0xBF, 0x27, 0x3F, 0x8D, 0x6B, 0xB3,
    0xD6, 0x55, 0x69, 0x57, 0x56, 0xC9, 0xEE, 0x33, 0xBA, 0xBC, 0x42, 0x49, 0xE2, 0xC6, 0xAF, 0xD4,
    0xA9, 0x48, 0x3D, 0x31, 0x6F, 0x28, 0xA5, 0x26, 0x78, 0x0A, 0x02, 0x36, 0xD1, 0xD9, 0x42, 0xD6,
    0x40, 0x6A, 0x48, 0xE1, 0x67, 0x9E, 0x40, 0x1A, 0x90, 0x76, 0x13, 0xC1, 0x0D, 0xD6, 0xEE, 0xA3,
    0x0B, 0xF9, 0xCC, 0x4F, 0xA1, 0xEC, 0xE0, 0xBB, 0x03, 0x04, 0x3D, 0x24, 0x2D, 0xD6, 0x97, 0x03,
    0x7F, 0x29, 0x3E, 0x83, 0xE7, 0x0E, 0x89, 0x2D, 0xA6, 0x46, 0xD2, 0x1F, 0x0F, 0x04, 0x9C, 0x2C,
    0x3B, 0x66, 0x2F, 0xDE, 0xD0, 0x19, 0x5E, 0x24, 0x22, 0x3E, 0x7E, 0x6D, 0x0D, 0x3C, 0x7C, 0x69,
    0x63, 0x36, 0x1F, 0x5F, 0x00, 0x90, 0x4D, 0xBE, 0x0D, 0x92, 0x1E, 0xD2, 0x1F, 0xD6, 0x90, 0xBF,
    0xAE, 0x43, 0xD7, 0x43, 0x74, 0x6F, 0x0D, 0x41, 0x6D, 0xB7, 0xED, 0x7A, 0xDD, 0x11, 0xB5, 0x6B,
    0x1E, 0x76, 0x44, 0x2D, 0xA2, 0x5E, 0x77, 0xC5, 0xAE, 0x55, 0x70, 0xBF, 0x98, 0xDF, 0xFB, 0x64,
    0x3E, 0x3E, 0x33, 0x2F, 0x02, 0x02, 0xF1, 0x84, 0xF1, 0x00, 0xE9, 0xCB, 0x2D, 0xB8, 0x77, 0x0A,
    0x02, 0x59, 0x43, 0xD4, 0xDF, 0x05, 0xEA, 0x8F, 0xC1, 0x16, 0x8D, 0xB1, 0x31, 0x38, 0x28, 0x1D,
    0x14, 0x0F, 0xCA, 0x87, 0x09, 0xD0, 0x7D, 0x0D, 0x75, 0x28, 0x24, 0xA3, 0x64, 0x98, 0x50, 0x4E,
    0x18, 0x28, 0x23, 0x65, 0xA8, 0x8C, 0xBB, 0xAD, 0x8A, 0xD6, 0x58, 0x3F, 0x02, 0x57, 0x29, 0xA6,
    0x89, 0x92, 0x42, 0x32, 0x46, 0x86, 0x68, 0xB1, 0xB9, 0x70, 0x0D, 0xC8, 0x80, 0xB2, 0xC0, 0xDE,
    0x67, 0x49, 0x4F, 0xFA, 0x9B, 0x0E, 0xD7, 0x9E, 0x28, 0x04, 0x63, 0x60, 0x08, 0x2E, 0x73, 0x6E,
    0x64, 0x1D, 0xAC, 0x46, 0xB8, 0x21, 0xC0, 0x2D, 0x82, 0x70, 0x20, 0xFD, 0x41, 0x4B, 0xFE, 0x57,
    0x7F, 0x35, 0x9E, 0xAF, 0x9F, 0x02, 0xAB, 0x35, 0x90, 0x0A, 0x40, 0x0E, 0x21, 0x77, 0x21, 0xFD,
    0x6D, 0xA7, 0xE3, 0x7F, 0xFB, 0x0A, 0xC7, 0xFF, 0xE9, 0x03, 0x42, 0x79, 0xDB, 0xE2, 0x30, 0x79,
    0x6B, 0x04, 0x7F, 0x02, 0x01, 0x90, 0x16, 0x90, 0x37, 0x5C, 0x09, 0x0F, 0xEB, 0xC3, 0x9D, 0x22,
    0xD6, 0x77, 0x81, 0xF5, 0xE1, 0x29, 0x08, 0x81, 0xB4, 0x02, 0xD7, 0xB2, 0xC0, 0x3C, 0xB8, 0xB8,
    0xC7, 0xE5, 0xF3, 0xD4, 0x79, 0x5E, 0x17, 0xCF, 0x61, 0xCF, 0x16, 0x79, 0x97, 0x0F, 0xC1, 0x10,
    0x77, 0x69, 0x75, 0xA3, 0xD0, 0xEA, 0x0B, 0x9E, 0x8D, 0x1B, 0x3E, 0xBB, 0x66, 0x1D, 0x0E, 0x71,
    0x13, 0xF8, 0x83, 0x93, 0xB4, 0x7B, 0xAF, 0x53, 0x79, 0x5C, 0xEC, 0x54, 0x40, 0xB9, 0xD7, 0x4F,
    0x0E, 0x08, 0xC8, 0xAA, 0xBC, 0xC9, 0x1B, 0x57, 0xDF, 0xF0, 0x70, 0xEC, 0x5D, 0xFD, 0x5E, 0x27,
    0x1C, 0x90, 0x55, 0xFA, 0x69, 0x55, 0x00, 0x3C, 0x73, 0xBA, 0x5D, 0xDB, 0xCA, 0x84, 0x6E, 0xB3,
    0x9A, 0x4A, 0xE4, 0x47, 0xE5, 0xA0, 0x81, 0x97, 0xAE, 0x71, 0x1D, 0xB1, 0x6C, 0xD6, 0x51, 0x79,
    0x4D, 0x20, 0x7E, 0xD2, 0x79, 0x19, 0x56, 0xE4, 0xA6, 0x9B, 0xEB, 0x8D, 0xAA, 0xDD, 0x49, 0xD6,
    0x13, 0x0B, 0xE9, 0x48, 0xB6, 0x26, 0x91, 0x37, 0xA5, 0x27, 0xD4, 0x27, 0xDB, 0x80, 0x17, 0x90,
    0xC8, 0x3D, 0x80, 0xE3, 0x0B, 0xAE, 0xC4, 0x76, 0x46, 0xB7, 0x5E, 0x89, 0xB4, 0xAE, 0xCB, 0xFA,
    0xBC, 0x4E, 0x86, 0xB2, 0x8A, 0xA7, 0x12, 0xAD, 0xE7, 0x92, 0x4F, 0xDF, 0x5D, 0x93, 0x0E, 0xD9,
    0xBD, 0xBC, 0x4B, 0x45, 0xDA, 0xD8, 0x72, 0xCE, 0x68, 0xD9, 0x9F, 0xC0, 0x43, 0xDA, 0xC0, 0xAA,
    0xB5, 0x42, 0x52, 0x9F, 0xBF, 0xEF, 0x6D, 0x7A, 0xDF, 0xBE, 0xF7, 0x7E, 0xD0, 0xCA, 0x6A, 0x70,
    0x3D, 0x7C, 0x7E, 0x00, 0x06, 0x88, 0x7B, 0x73, 0x62, 0x0E, 0x2F, 0x83, 0x12, 0xF0, 0x98, 0x69,
    0x6F, 0x54, 0x46, 0x80, 0x64, 0xB0, 0xBD, 0xC7, 0x06, 0xC8, 0xD2, 0x02, 0x90, 0x97, 0xCE, 0x76,
    0x89, 0xDE, 0xD9, 0xDD, 0x25, 0xDA, 0x17, 0x4A, 0x70, 0x68, 0xB0, 0x00, 0xF4, 0x71, 0x96, 0xB1,
    0xBF, 0x3C, 0x40, 0xF2, 0xA7, 0x06, 0xB2, 0xCE, 0x83, 0x8C, 0x10, 0x0C, 0x39, 0x70, 0xFB, 0xA1,
    0x77, 0xCB, 0x1C, 0x35, 0xCA, 0x10, 0x85, 0x88, 0x52, 0x44, 0x31, 0xA2, 0xFC, 0x76, 0x44, 0x51,
    0xA2, 0x2C, 0x51, 0x98, 0x28, 0x4D, 0x0C, 0xA7, 0xF1, 0x34, 0xA0, 0xDB, 0xE3, 0xD4, 0x80, 0x76,
    0x67, 0x3B, 0xE1, 0x81, 0xA0, 0x5C, 0xF3, 0xCA, 0xB8, 0x7A, 0x40, 0xAA, 0x7D, 0xE7, 0x3A, 0xAF,
    0x17, 0x05, 0xD0, 0xCA, 0xAC, 0x21, 0x78, 0xB2, 0x25, 0x79, 0xA5, 0x22, 0xEB, 0x0C, 0xAA, 0x31,
    0x35, 0xA4, 0x97, 0x14, 0xB7, 0x73, 0xD3, 0x65, 0x0B, 0x90, 0xF7, 0x00, 0x1F, 0x1E, 0x0C, 0x66,
    0xAF, 0xFC, 0xD2, 0xDA, 0xF8, 0x55, 0x0F, 0x0C, 0x3F, 0xD2, 0x5E, 0x45, 0x80, 0x1B, 0xA5, 0x07,
    0x1C, 0x04, 0x4F, 0x8C, 0x90, 0xBC, 0xDA, 0x41, 0xD6, 0x9D, 0x5C, 0xF9, 0xE4, 0x0C, 0xDF, 0xF8,
    0x94, 0xF5, 0x68, 0x04, 0x32, 0x03, 0xB4, 0xFA, 0x7A, 0x07, 0x80, 0x47, 0x11, 0x03, 0x90, 0xC1,
    0x83, 0x80, 0xF8, 0x9B, 0xA1, 0x52, 0xAA, 0xA2, 0xA9, 0x22, 0xFA, 0xC7, 0x08, 0xFE, 0x08, 0x02,
    0x0F, 0x49, 0xCD, 0x72, 0x53, 0x74, 0x59, 0x42, 0x57, 0x9F, 0x70, 0xCF, 0x21, 0xB6, 0x7C, 0x32,
    0x26, 0x34, 0xB5, 0x68, 0xC6, 0x35, 0xDB, 0xBE, 0x85, 0xA3, 0xF5, 0xBD, 0xB3, 0x6F, 0x98, 0x3E,
    0x73, 0x52, 0x7A, 0x25, 0x29, 0x46, 0x72, 0x34, 0x92, 0xC3, 0x07, 0x11, 0xCE, 0x0D, 0x10, 0xF5,
    0x73, 0x9E, 0xCC, 0x5A, 0xC0, 0x15, 0xC7, 0xF0, 0x10, 0xAE, 0xB0, 0xCF, 0x13, 0xB1, 0xDC, 0x4F,
    0xC8, 0x8C, 0x99, 0xED, 0x19, 0xF5, 0x97, 0x11, 0xBA, 0x96, 0xA7, 0xD9, 0xF9, 0xA3, 0x2A, 0x62,
    0x70, 0xB2, 0xFA, 0x18, 0x88, 0x2B, 0x85, 0x14, 0xEC, 0x15, 0xAA, 0x0F, 0x01, 0x38, 0x0F, 0xDA,
    0x06, 0xA4, 0x1D, 0x10, 0x0D, 0x5A, 0xFF, 0xC2, 0xA2, 0xA8, 0xCE, 0x5F, 0xE2, 0x19, 0x2A, 0x67,
    0x90, 0x1E, 0xDF, 0x17, 0x54, 0x59, 0x0D, 0xB8, 0x9E, 0xCD, 0x22, 0x0F, 0x95, 0xB8, 0x3F, 0x86,
    0xA4, 0x76, 0x05, 0x07, 0x7E, 0x29, 0x4A, 0xF7, 0xFD, 0x09, 0x55, 0xF5, 0x8E, 0x36, 0x1B, 0x04,
    0x27, 0xFB, 0x17, 0x75, 0xDF, 0x89, 0x21, 0xDC, 0xBC, 0x40, 0x0B, 0xA2, 0xD7, 0xC6, 0x63, 0xF0,
    0x0B, 0x07, 0xDC, 0xDC, 0xFE, 0x02, 0x34, 0x16, 0x7D, 0x9B, 0xCF, 0xB7, 0x2E, 0x1B, 0x63, 0x2A,
    0x69, 0x03, 0xAC, 0xDA, 0x59, 0x92, 0x9A, 0x9D, 0x43, 0x0A, 0xA4, 0x78, 0x7F, 0x62, 0xE0, 0x8C,
    0x55, 0x24, 0xB8, 0xF1, 0xCE, 0xC8, 0xCA, 0x80, 0x6B, 0x87, 0x02, 0x43, 0x73, 0x70, 0x32, 0xF7,
    0x25, 0x69, 0x81, 0xB4, 0xDF, 0xBE, 0x67, 0x9A, 0x19, 0x85, 0x3F, 0x38, 0x71, 0x75, 0xDA, 0x5E,
    0xA8, 0x34, 0x69, 0x9B, 0xDD, 0xFB, 0x56, 0xAB, 0x8E, 0xB5, 0x91, 0x40, 0xA4, 0xB1, 0x26, 0x02,
    0xBF, 0xB3, 0x55, 0xD0, 0xCE, 0x09, 0x0B, 0x3E, 0x7A, 0x0A, 0x38, 0xCB, 0x03, 0x23, 0xC0, 0x5D,
    0x20, 0xB4, 0x00, 0x6E, 0x81, 0xF0, 0xF4, 0xCA, 0x51, 0xE4, 0xA7, 0x90, 0xCF, 0xFB, 0xE1, 0x03,
    0x24, 0xDD, 0xBC, 0x1F, 0x7E, 0x29, 0x20, 0xE6, 0x2C, 0xF4, 0x6B, 0x80, 0x50, 0x00, 0xE2, 0x01,
    0x1B, 0x7F, 0x6E, 0x42, 0x52, 0x20, 0x10, 0xA0, 0x0A, 0xB1, 0x98, 0xF1, 0xD1, 0xB4, 0x37, 0xAD,
    0x4D, 0xDF, 0xCF, 0x7F, 0x1E, 0xC3, 0x80, 0x71, 0x30, 0x10, 0x18, 0x09, 0x0C, 0x05, 0xC6, 0x02,
    0x83, 0xB1, 0x3D, 0xEA, 0x39, 0x61, 0xA7, 0x36, 0x50, 0x8D, 0x85, 0xCF, 0x04, 0xE4, 0xE3, 0xA4,
    0x0D, 0x4C, 0x32, 0x91, 0xC9, 0xEB, 0xC9, 0xB6, 0x54, 0x93, 0x8C, 0x28, 0x80, 0x8B, 0x88, 0x42,
    0x42, 0x29, 0xA1, 0x98, 0xB6, 0x43, 0xD1, 0x6C, 0x5A, 0x3F, 0x04, 0xC0, 0x71, 0x16, 0xA8, 0x59,
    0x6B, 0x58, 0x7A, 0x45, 0x15, 0xB4, 0x08, 0xB0, 0x5F, 0xA8, 0x3E, 0x07, 0x30, 0x02, 0xFA, 0x33,
    0x70, 0x35, 0x90, 0xB6, 0x13, 0xAA, 0xB0, 0x5A, 0x14, 0x95, 0x85, 0x11, 0x6E, 0x60, 0x1B, 0x48,
    0xDC, 0xC5, 0x42, 0x49, 0x51, 0xC5, 0x86, 0x2A, 0x3C, 0xDD, 0x17, 0x54, 0xF9, 0xA9, 0x4A, 0x87,
    0x45, 0x19, 0x04, 0x2A, 0x49, 0x37, 0x51, 0x4A, 0x95, 0xD2, 0x81, 0x5F, 0x8A, 0xD2, 0x47, 0x42,
    0x0F, 0x94, 0x6F, 0xD5, 0x96, 0x0A, 0x55, 0xFF, 0x23, 0xFE, 0x26, 0x9C, 0x1C, 0xED, 0xE1, 0x54,
    0x7A, 0xF1, 0x06, 0x96, 0xAB, 0xF5, 0x06, 0x4F, 0xFC, 0xDA, 0x7A, 0xE2, 0xC3, 0xC3, 0x8B, 0xCE,
    0x22, 0xE0, 0x26, 0xC0, 0x7E, 0xD1, 0x08, 0x3C, 0x73, 0x76, 0x22, 0xED, 0x4D, 0x3B, 0x76, 0x13,
    0x14, 0xCC, 0x39, 0x75, 0x51, 0x3A, 0xD6, 0x8F, 0x55, 0x0D, 0x64, 0xED, 0x2C, 0x73, 0x1A, 0x83,
    0xB0, 0xD8, 0xB6, 0xDF, 0x03, 0xE1, 0x36, 0x9B, 0xF1, 0x08, 0x3B, 0x47, 0xD9, 0x90, 0x0E, 0xAE,
    0x25, 0x6B, 0x57, 0x3D, 0xB9, 0xAE, 0x10, 0xA4, 0x8A, 0xC7, 0x40, 0x8A, 0x48, 0xBE, 0x24, 0x04,
    0xF2, 0xF2, 0x1A, 0xCA, 0xB7, 0x07, 0x70, 0xD2, 0x2A, 0x93, 0x06, 0x26, 0x1B, 0x10, 0x89, 0x87,
    0x50, 0xB8, 0x90, 0x7C, 0x02, 0x58, 0x83, 0x72, 0xC6, 0x35, 0x90, 0x34, 0xD6, 0xBF, 0xF9, 0xD0,
    0x25, 0x8A, 0xAB, 0xF5, 0x1F, 0x9B, 0xC9, 0x90, 0xB5, 0x69, 0x97, 0xB6, 0xD3, 0xD9, 0xAF, 0xDA,
    0xE9, 0x4A, 0x3D, 0xD5, 0x54, 0xE1, 0x98, 0x17, 0x88, 0x78, 0x44, 0x20, 0x5F, 0x83, 0x1B, 0x60,
    0xD5, 0x43, 0xDA, 0x42, 0xDE, 0x90, 0x4B, 0x45, 0xAE, 0x63, 0x38, 0x42, 0xFE, 0x06, 0x00, 0x90,
    0xB7, 0xA4, 0xFD, 0xC6, 0x98, 0x92, 0xB4, 0x85, 0xD1, 0xC8, 0xC6, 0x18, 0xF2, 0x07, 0x35, 0xF6,
    0x97, 0x5D, 0x63, 0x24, 0xFF, 0xB7, 0x31, 0x00, 0x38, 0x02, 0x18, 0x77, 0x2B, 0xE0, 0x57, 0xDB,
    0xC5, 0x4A, 0xF0, 0x14, 0xF9, 0x64, 0x10, 0x75, 0x88, 0x5A, 0x64, 0x35, 0x79, 0x44, 0x6D, 0xA2,
    0x2E, 0x51, 0x9B, 0xA8, 0x4F, 0xCC, 0xA8, 0x3A, 0x55, 0x01, 0xF2, 0x11, 0x33, 0x6B, 0x6E, 0x21,
    0x9D, 0x87, 0xF9, 0x93, 0x65, 0x7D, 0x8B, 0x5C, 0x0A, 0xA1, 0x14, 0xC4, 0x97, 0x3D, 0x25, 0x07,
    0x9E, 0x23, 0xB8, 0xFE, 0x4F, 0x20, 0x16, 0xAF, 0x3E, 0x2A, 0x60, 0xA5, 0x92, 0x7B, 0x60, 0x00,
    0xF8, 0xC9, 0x55, 0xC2, 0xC9, 0x6A, 0xEB, 0xFC, 0xBB, 0xEC, 0x74, 0x1B, 0x95, 0x7C, 0x67, 0xD4,
    0x95, 0x88, 0x02, 0x39, 0x7F, 0xD4, 0xC7, 0xDD, 0x51, 0x57, 0x0A, 0x0A, 0x41, 0x19, 0x28, 0x02,
    0xCA, 0xDE, 0x1E, 0x0B, 0xD7, 0x8B, 0x6F, 0x40, 0x26, 0x03, 0xE4, 0xD2, 0xC1, 0xAD, 0xB2, 0x81,
    0x6B, 0x01, 0x00, 0x57, 0x3D, 0x2F, 0x6E, 0x45, 0x7E, 0xDE, 0xC7, 0x0A, 0x6D, 0x1F, 0x0B, 0x80,
    0xC5, 0xAC, 0xFF, 0x0F, 0x9D, 0x90, 0x01, 0x67, 0x1C, 0x41, 0x18, 0x86, 0x9F, 0xBD, 0x6D, 0x3A,
    0x58, 0x3A, 0x41, 0x01, 0x9A, 0xFD, 0x05, 0xE9, 0x00, 0x04, 0x77, 0x99, 0x4D, 0x83, 0x20, 0x68,
    0x7E, 0x4C, 0x10, 0x9C, 0xEC, 0x56, 0x7E, 0x40, 0xFF, 0x4A, 0x50, 0x28, 0x65, 0xA7, 0x01, 0x28,
    0xBA, 0x05, 0x05, 0x18, 0xA0, 0x00, 0x53, 0x39, 0x2C, 0x76, 0xF7, 0xEB, 0xE7, 0x6E, 0xD1, 0x68,
    0xA4, 0x64, 0x66, 0xBE, 0x6F, 0xDE, 0x79, 0x9F, 0x77, 0xE6, 0xDC, 0x8A, 0x48, 0xFF, 0xA0, 0x76,
    0x23, 0x3C, 0x77, 0x2F, 0x9A, 0xB2, 0xF3, 0xC1, 0x87, 0xBA, 0x69, 0x2B, 0xD9, 0xCE, 0x32, 0x6D,
    0x67, 0x74, 0x71, 0xEB, 0x57, 0x8E, 0x7F, 0x9D, 0xA2, 0xF9, 0x5C, 0x86, 0xD1, 0xDF, 0x0D, 0xFE,
    0x66, 0xA8, 0x6F, 0xFA, 0xF6, 0xAC, 0x97, 0xF3, 0x79, 0x95, 0x51, 0xCA, 0x24, 0xDA, 0x75, 0xB9,
    0x1F, 0x93, 0xBF, 0x1B, 0xBD, 0x66, 0x4E, 0xFB, 0xB7, 0x8B, 0xF4, 0x04, 0xA2, 0x85, 0xC7, 0x4A,
    0x44, 0xAA, 0xBF, 0x6B, 0xF6, 0xFF, 0x5F, 0x35, 0x70, 0x0D, 0x1C, 0x03, 0x2B, 0x78, 0xE6, 0xFB,
    0x4F, 0xF3, 0xEB, 0xB9, 0x56, 0x50, 0x6C, 0xF0, 0x13, 0xAD, 0xA0, 0x19, 0x5D, 0x2A, 0xF4, 0xA8,
    0x66, 0x19, 0x18, 0xB0, 0x9D, 0x4F, 0xB9, 0x3A, 0xE9, 0xE1, 0x36, 0xB3, 0x97, 0x23, 0xD9, 0x04,
    0x80, 0x93, 0x90, 0x0F, 0x00, 0x78, 0x89, 0xA6, 0x07, 0xA0, 0xB5, 0xC9, 0x26, 0x00, 0xC6, 0x3C,
    0xB9, 0x8E, 0x59, 0xF9, 0xC0, 0xAC, 0xDA, 0x0A, 0x80, 0x29, 0xFF, 0x3D, 0x31, 0xDF, 0xB8, 0x1F,
    0x5C, 0xA4, 0xEE, 0xF0, 0xF2, 0xAB, 0x97, 0x61, 0x21, 0x03, 0x4E, 0xBE, 0xDF, 0x8B, 0xE4, 0x32,
    0x62, 0x46, 0xF7, 0x73, 0x53, 0x9F, 0x27, 0x01, 0xFC, 0xB7, 0xE4, 0xDF, 0x77, 0x1E, 0x68, 0xCF,
    0xA3, 0xFB, 0xA8, 0x8A, 0x6C, 0x2A, 0x66, 0x95, 0x0F, 0xC5, 0x4C, 0x4D, 0x6F, 0xE6, 0x1B, 0x36,
    0xE5, 0xBB, 0x57, 0x70, 0x1D, 0xBB, 0x97, 0xF1, 0x81, 0xDD, 0xAF, 0x65, 0x29, 0x8F, 0x26, 0xD8,
    0xEA, 0x80, 0x25, 0x97, 0x5C, 0xE8, 0x79, 0x95, 0xC7, 0x2F, 0x26, 0xA4, 0xE2, 0x5D, 0xB4, 0x79,
    0x38, 0x2C, 0xAA, 0x23, 0xCB, 0xED, 0x21, 0xEA, 0xDB, 0x46, 0x89, 0x43, 0xD9, 0x0A, 0xA5, 0x57,
    0x28, 0x4F, 0x1C, 0x16, 0x27, 0x91, 0x23, 0x95, 0x9A, 0x32, 0x15, 0x6B, 0x8E, 0xB1, 0x14, 0x4D,
    0x1E, 0xB2, 0xC8, 0x2D, 0xFB, 0x6B, 0xC7, 0xB1, 0xAD, 0xAC, 0x09, 0xC5, 0x4D, 0xA7, 0xF1, 0x2C,
    0x7E, 0xE2, 0x76, 0xC9, 0xFE, 0x8B, 0xB5, 0xB3, 0x8D, 0x92, 0xB3, 0x80, 0x35, 0x77, 0x11, 0xA5,
    0x09, 0xE5, 0x57, 0x68, 0x62, 0x89, 0x66, 0x5E, 0xA1, 0xA9, 0x3D, 0x6D, 0x70, 0x0D, 0x52, 0x2D,
    0x04, 0x33, 0x62, 0x7B, 0x5C, 0xA2, 0x4E, 0x68, 0x57, 0xAD, 0x8E, 0xFA, 0x4A, 0xD1, 0x8C, 0x26,
    0xA1, 0x0C, 0xF8, 0x48, 0xA9, 0x74, 0xC0, 0x4C, 0x28, 0xCD, 0xA4, 0xD1, 0xAE, 0x5A, 0x1D, 0xF5,
    0x95, 0x6A, 0x06, 0xE6, 0x61, 0x13, 0x94, 0x11, 0x7C, 0x80, 0xBA, 0x01, 0x81, 0x6C, 0x84, 0x7C,
    0x00, 0xB3, 0xD9, 0x61, 0xD7, 0xED, 0x70, 0x5B, 0x6D, 0xF1, 0x62, 0xC6, 0xC5, 0x23, 0x38, 0x4B,
    0xEB, 0xD2, 0x84, 0x3C, 0xF6, 0xFA, 0x9F, 0xCD, 0x57, 0x3D, 0x60, 0x4F, 0xBB, 0xCD, 0x92, 0x03,
    0xF3, 0x21, 0x5E, 0xB1, 0xDC, 0x7E, 0xB0, 0xCB, 0x37, 0xE6, 0xA4, 0xE3, 0xE2, 0xF5, 0x5E, 0x56,
    0xF1, 0x07, 0xDD, 0x90, 0x21, 0x76, 0xC3, 0x30, 0x0C, 0x86, 0xFF, 0x24, 0x6F, 0x33, 0x08, 0x70,
    0xC1, 0x58, 0x81, 0xE8, 0x98, 0xD1, 0xB0, 0xC2, 0x06, 0x0A, 0x7A, 0xA3, 0x59, 0x7C, 0x60, 0x3B,
    0x51, 0xE7, 0x1B, 0xCC, 0x47, 0xF0, 0x11, 0x02, 0x0A, 0xDA, 0xF7, 0xE2, 0x68, 0x8A, 0x57, 0x30,
    0x38, 0xDC, 0xE7, 0x0F, 0x58, 0x92, 0x7E, 0xFD, 0x96, 0xFB, 0x0A, 0xAF, 0xC2, 0x87, 0xCC, 0x6E,
    0x7E, 0x1B, 0xE6, 0x53, 0xC3, 0x2E, 0x16, 0x5A, 0xD2, 0x4A, 0xD6, 0x80, 0x20, 0x88, 0x02, 0x95,
    0x41, 0x65, 0xFC, 0x16, 0x3A, 0x0A, 0x7B, 0x89, 0x3A, 0x1B, 0xF0, 0xF2, 0x8B, 0xD7, 0x74, 0xC3,
    0xA2, 0x09, 0x54, 0x41, 0x9A, 0x1E, 0x62, 0x86, 0xCF, 0x3B, 0xCA, 0xAC, 0x29, 0x54, 0x60, 0x9F,
    0x3A, 0x4D, 0xE3, 0x79, 0x53, 0x84, 0x15, 0x96, 0xE4, 0xB1, 0xF0, 0xB0, 0x11, 0xDE, 0xB3, 0x69,
    0xFB, 0x2D, 0x39, 0xB3, 0x16, 0xF8, 0x04, 0x36, 0x53, 0xE0, 0x04, 0x54, 0x74, 0x0B, 0xFA, 0x0B,
    0x86, 0x73, 0x63, 0xC6, 0xE3, 0x0A, 0x32, 0xED, 0xA1, 0xB0, 0x2B, 0xFC, 0x61, 0xA6, 0x13, 0xB5,
    0x51, 0xF6, 0xEC, 0xE8, 0x4C, 0x9E, 0xC7, 0x75, 0xBA, 0xED, 0x75, 0x4C, 0xEC, 0x9A, 0xC5, 0x6B,
    0x21, 0x2D, 0x4E, 0xF3, 0x36, 0x39, 0x4E, 0x64, 0xD5, 0x4F, 0xFC, 0x63, 0x77, 0xB3, 0x0E, 0xCB,
    0xD7, 0x12, 0x97, 0x97, 0xA5, 0xFB, 0x73, 0x5C, 0x05, 0xAB, 0x3C, 0x53, 0x82, 0x11, 0xA5, 0x5B,
    0xE1, 0x2E, 0xB6, 0x29, 0x82, 0x66, 0x6E, 0xEC, 0xAF, 0xD6, 0x30, 0x3D, 0x05, 0x01, 0x09, 0x02,
    0x06, 0x35, 0x5A, 0xB3, 0x4F, 0x3B, 0x4A, 0x56, 0x0A, 0xD7, 0xBB, 0xFD, 0xD6, 0x1F, 0x5D, 0x8F,
    0xB1, 0x6D, 0x86, 0x30, 0x14, 0x84, 0xCF, 0x20, 0x85, 0x22, 0x85, 0x53, 0xA4, 0x67, 0x84, 0x8C,
    0xF0, 0xB3, 0x41, 0x46, 0x32, 0x23, 0x64, 0x83, 0xAC, 0x90, 0x0D, 0xF0, 0x08, 0x8C, 0x90, 0x82,
    0x01, 0x5C, 0xB8, 0xB0, 0x12, 0xC3, 0xE5, 0x9E, 0x08, 0x08, 0x51, 0xDC, 0xA7, 0xF7, 0x7C, 0xE7,
    0x93, 0x8D, 0x86, 0x0B, 0xDE, 0x58, 0x30, 0xB1, 0x38, 0x32, 0xB7, 0x1C, 0x5E, 0xBA, 0x0A, 0xAD,
    0x8C, 0xFF, 0x1A, 0x7D, 0x06, 0x4C, 0x9A, 0x4F, 0x59, 0x46, 0xD9, 0xD7, 0x86, 0xAC, 0x30, 0x3D,
    0xB8, 0xE2, 0x89, 0x8B, 0x3C, 0xE2, 0x06, 0xF8, 0x82, 0x03, 0xBF, 0xB3, 0xC0, 0x6F, 0x83, 0xA6,
    0xC9, 0x5A, 0x58, 0x0C, 0x3F, 0x11, 0xEE, 0x7D, 0x37, 0x84, 0xB0, 0x9D, 0x86, 0xE0, 0x3E, 0x85,
    0x4B, 0xCB, 0x54, 0xD0, 0x91, 0xA3, 0x34, 0xB7, 0x64, 0x6A, 0x3E, 0xFA, 0x24, 0x27, 0x05, 0x92,
    0x87, 0xD0, 0xAB, 0x41, 0x4D, 0xD7, 0x33, 0x6F, 0xA9, 0xE2, 0xBE, 0x3C, 0x99, 0x75, 0xB7, 0x38,
    0x49, 0x7F, 0x1F, 0xEF, 0xCF, 0x75, 0x1C, 0x00, 0x84, 0x68, 0xEB, 0x6A, 0xA8, 0x3B, 0x00, 0x46,
    0xA0, 0xE3, 0xA0, 0x75, 0x83, 0x90, 0x85, 0x4D, 0xD9, 0x87, 0x8A, 0xE1, 0x57, 0xA1, 0xA5, 0xA0,
    0x98, 0x10, 0x92, 0xD0, 0x57, 0xE1, 0x59, 0xE1, 0x3F, 0x62, 0x30, 0x01, 0x34, 0x42, 0xD6, 0x68,
    0x11, 0x04, 0x51, 0x18, 0x2C, 0xDC, 0x9D, 0x0C, 0xCD, 0xD7, 0x42, 0x1C, 0xFA, 0x3C, 0x9C, 0x80,
    0x88, 0xE9, 0xEB, 0xE0, 0x64, 0xB8, 0x5F, 0x80, 0xBD, 0xC0, 0xEE, 0x4C, 0x88, 0xBB, 0xEB, 0xFB,
    0x71, 0x67, 0xFB, 0xEB, 0xA7, 0x2B, 0x35, 0x35, 0xE8, 0x1C, 0x2A, 0x95, 0xAC, 0x2A, 0xA7, 0xB6,
    0x47, 0x47, 0x47, 0x5D, 0xF0, 0x60, 0xC7, 0xD7, 0x68, 0x43, 0x7E, 0xA8, 0xCC, 0xB4, 0x12, 0x8D,
    0x4A, 0x79, 0xAB, 0x14, 0x84, 0x54, 0x9C, 0xD2, 0x76, 0xCB, 0xF2, 0x81, 0x4B, 0xAF, 0x7B, 0xDB,
    0xE4, 0x78, 0x81, 0x02, 0xA7, 0x9C, 0xBF, 0xA9, 0xCC, 0x29, 0x83, 0x06, 0x7C, 0x60, 0x45, 0x44,
    0x07, 0xB0, 0x88, 0x10, 0x82, 0x52, 0xE0, 0x51, 0x0F, 0xB9, 0xFF, 0x7F, 0x7A, 0xCD, 0xCF, 0x67,
    0x5D, 0xEA, 0x4E, 0x8F, 0x57, 0x10, 0x6A, 0x23, 0xC7, 0x38, 0x72, 0xAC, 0x91, 0xA3, 0x85, 0x1C,
    0xC7, 0x2E, 0x03, 0x11, 0x6F, 0xE5, 0x58, 0x10, 0xCA, 0xB1, 0xC6, 0xC9, 0xB1, 0x45, 0x8E, 0xBA,
    0x1F, 0x1C, 0x87, 0x0F, 0x88, 0x36, 0xFE, 0x77, 0xB4, 0xF7, 0xB0, 0xFC, 0x19, 0x5D, 0x0B, 0x04,
    0xF7, 0x30, 0x70, 0x69, 0xE1, 0xA1, 0x3F, 0x84, 0xDE, 0x59, 0xE8, 0x4C, 0x42, 0x7B, 0x85, 0x07,
    0x71, 0xB1, 0x05, 0xB6, 0xE0, 0xD3, 0x22, 0x01, 0x14, 0x2A, 0x60, 0xE5, 0x0E, 0x52, 0xB7, 0x90,
    0x6F, 0x51, 0xB1, 0x08, 0x49, 0xB3, 0x99, 0x6D, 0xB6, 0xAF, 0x96, 0x52, 0xE1, 0x6D, 0xC4, 0x46,
    0x6C, 0xE4, 0x6D, 0x1C, 0x02, 0xB1, 0x15, 0xEA, 0xB5, 0xE3, 0x17, 0x5C, 0xA9, 0xFE, 0x4B, 0xFF,
    0xA9, 0xFF, 0x16, 0x43, 0x2C, 0x31, 0xDF, 0xF9, 0x24, 0xBE, 0x11, 0x9E, 0x47, 0x39, 0x98, 0x8B,
    0x9C, 0xE4, 0x26, 0x47, 0x8B, 0x2B, 0x39, 0x8B, 0x0D, 0x8F, 0xC5, 0x93, 0x81, 0x86, 0x1C, 0x4B,
    0x18, 0x85, 0xBF, 0xEA, 0xE6, 0x36, 0xC6, 0x55, 0x00, 0xD7, 0x5D, 0xF7, 0x36, 0x80, 0x8B, 0x9B,
    0x06, 0x08, 0xD6, 0x54, 0x27, 0x79, 0x80, 0xBC, 0xC7, 0x0A, 0x0B, 0xC1, 0x62, 0xA5, 0x9B, 0x20,
    0x00, 0x79, 0x83, 0x2C, 0x80, 0x85, 0xBC, 0x40, 0xB2, 0x55, 0xE4, 0x01, 0xD2, 0x04, 0x10, 0x68,
    0x2C, 0x41, 0xA0, 0x30, 0x68, 0xAB, 0xA7, 0x4F, 0xAA, 0x76, 0x76, 0xD7, 0x26, 0xBB, 0x20, 0x44,
    0xCA, 0x9C, 0xAF, 0xE6, 0x3F, 0xE7, 0xFC, 0x33, 0x63, 0xE8, 0x42, 0xE7, 0x58, 0x89, 0x95, 0x14,
    0x2A, 0x29, 0x1A, 0xBA, 0x0D, 0xD8, 0x09, 0xAA, 0x99, 0xC3, 0x2F, 0x73, 0xF2, 0xE6, 0x5A, 0xDA,
    0xBA, 0xA4, 0x6E, 0x5C, 0xCD, 0xBE, 0x2F, 0x67, 0xA5, 0x4C, 0xAD, 0x9D, 0x34, 0x34, 0xB1, 0x93,
    0xC6, 0x94, 0x05, 0xAB, 0x05, 0xE3, 0x47, 0x00, 0x00, 0xE3, 0x27, 0x06, 0xEA, 0x0B, 0xFF, 0x69,
    0xE0, 0x3D, 0x95, 0xDA, 0x22, 0xC2, 0x19, 0x55, 0x00, 0x61, 0xA1, 0xFC, 0xDC, 0x3F, 0x00, 0xFB,
    0x24, 0xEC, 0xC3, 0xBA, 0x18, 0x12, 0x27, 0x33, 0x1E, 0x51, 0x8E, 0x26, 0x1E, 0x61, 0x7B, 0x12,
    0xD7, 0x98, 0x78, 0xCC, 0x84, 0x19, 0xF7, 0xCB, 0x91, 0x62, 0x58, 0x27, 0xBB, 0x0C, 0xF5, 0x1A,
    0x56, 0xBD, 0x9D, 0xA0, 0xA6, 0x8C, 0x70, 0x8C, 0xDD, 0x52, 0x45, 0x5C, 0x73, 0xE1, 0x7B, 0x1E,
    0x1A, 0x7F, 0xCE, 0xCD, 0x11, 0x50, 0xA8, 0x87, 0x52, 0x01, 0x2A, 0x8D, 0x60, 0x15, 0xA1, 0xD6,
    0x06, 0x9A, 0xAF, 0x33, 0xB8, 0x0F, 0x09, 0xFE, 0xE5, 0x02, 0x7A, 0x24, 0x8C, 0x50, 0x5B, 0x2E,
    0xF8, 0x50, 0x6E, 0xE9, 0x42, 0x35, 0xE3, 0x46, 0x3B, 0xD1, 0x44, 0x1B, 0xB1, 0x9B, 0x46, 0xD2,
    0xE4, 0x12, 0xE6, 0x8C, 0xAD, 0x4F, 0x58, 0x32, 0xC2, 0x8F, 0x08, 0xF8, 0x5F, 0x88, 0x77, 0x60,
    0xDB, 0xDF, 0x88, 0xBA, 0xF5, 0x92, 0x76, 0xE8, 0xA4, 0xF9, 0x5A, 0x2E, 0xA9, 0x9E, 0x60, 0x35,
    0x43, 0x29, 0x30, 0xEA, 0xC1, 0x0F, 0xE0, 0x22, 0x5C, 0x07, 0xF9, 0xCE, 0xB3, 0x02, 0x85, 0xA0,
    0xDC, 0x82, 0x9D, 0xA1, 0x89, 0x90, 0xF7, 0xFD, 0x2D, 0x01, 0x76, 0x93, 0x11, 0x81, 0x7A, 0x04,
    0x5C, 0xB8, 0x46, 0xD7, 0x03, 0xE2, 0x0A, 0xC5, 0x16, 0x9E, 0x95, 0x33, 0x7B, 0xDB, 0x04, 0xA7,
    0xD5, 0x86, 0x46, 0x4F, 0x23, 0x7F, 0x75, 0x1F, 0x47, 0x70, 0x1A, 0xA0, 0x56, 0x00, 0xAB, 0x1E,
    0x2A, 0xB5, 0x50, 0x0A, 0x30, 0x4B, 0xDE, 0x4C, 0xBB, 0x56, 0x6F, 0xD4, 0x3B, 0x49, 0xC1, 0xBD,
    0x5A, 0xEC, 0xE0, 0xCC, 0x6C, 0xC7, 0xCB, 0x77, 0x4D, 0xF6, 0x2E, 0xD3, 0xDC, 0x23, 0xBD, 0x9E,
    0x5B, 0x0D, 0xCB, 0xD5, 0xD3, 0x30, 0xBB, 0xC7, 0x8A, 0x7F, 0xD3, 0x04, 0x80, 0x9C, 0xAD, 0xBE,
    0xCF, 0x36, 0xBB, 0xEC, 0x4F, 0xA0, 0x6E, 0xC1, 0x01, 0x2F, 0xF0, 0x52, 0xBC, 0x2D, 0xEC, 0x00,
    0x75, 0x00, 0xD7, 0xDE, 0xC9, 0xCA, 0x08, 0xAB, 0x01, 0x6C, 0x80, 0xA2, 0x85, 0xEC, 0x1D, 0x9C,
    0x9E, 0x9E, 0x70, 0x73, 0xEE, 0xF7, 0xF2, 0x9C, 0x7D, 0x00, 0xF8, 0x07, 0xF8, 0x1F, 0xD8, 0xBF,
    0xEA, 0x5E, 0x9C, 0x60, 0x46, 0x28, 0x87, 0xA4, 0xB0, 0xF3, 0xDE, 0xA6, 0xFD, 0x7F, 0x6F, 0x6A,
    0x1C, 0x9C, 0xED, 0xF6, 0x4D, 0x84, 0x62, 0x00, 0x13, 0xEE, 0xFD, 0x9E, 0x9F, 0xF8, 0x3D, 0x45,
    0xC0, 0xF8, 0x81, 0x43, 0x8D, 0x4D, 0x9A, 0xBD, 0x96, 0xD6, 0xAB, 0xC5, 0x47, 0xC8, 0x77, 0x9E,
    0xEB, 0xE4, 0xE7, 0x3C, 0xF7, 0x72, 0x1F, 0xB8, 0xF3, 0xBF, 0xFC, 0x07, 0xB8, 0x4D, 0x92, 0xCE,
    0xE9, 0xA4, 0xD7, 0x7F, 0x24, 0x8F, 0xBD, 0x24, 0xBA, 0xCB, 0x3B, 0xCF, 0xD9, 0xCF, 0x79, 0xEE,
    0xE5, 0xFE, 0x7D, 0x9F, 0xF3, 0x0D, 0xC5, 0x97, 0x01, 0xA4, 0x25, 0xD7, 0xFD, 0xC7, 0xBF, 0x73,
    0xE7, 0xFF, 0xDF, 0xD1, 0xCC, 0x4B, 0xA7, 0x48, 0x2A, 0x2A, 0x79, 0x03, 0xC1, 0xAA, 0xDD, 0xBD,
    0x93, 0xF4, 0xA5, 0xA1, 0xFB, 0xDE, 0xCE, 0xB4, 0x45, 0xA1, 0xB4, 0xB0, 0x0A, 0xAA, 0x01, 0x00,
    0xF2, 0x90, 0x92, 0xE8, 0xEE, 0xDE, 0xA3, 0x00, 0xD0, 0x00, 0xA0, 0x08, 0x40, 0x17, 0x3C, 0x6C,
    0x79, 0x49, 0xB7, 0x7B, 0x47, 0x17, 0x8B, 0xA0, 0x13, 0x51, 0x41, 0x61, 0xDA, 0x84, 0x96, 0x22,
    0x93, 0x66, 0x56, 0xEF, 0x32, 0x77, 0x4E, 0x7F, 0x1F, 0xE7, 0xDE, 0xBD, 0xF7, 0x79, 0xF6, 0xE9,
    0x6A, 0xB2, 0xFD, 0xED, 0xBB, 0x9F, 0xDF, 0xBD, 0xE7, 0xFB, 0x3D, 0xBF, 0xF3, 0x3B, 0x33, 0xE7,
    0xDA, 0xB9, 0x22, 0x34, 0xF3, 0x16, 0xDD, 0xFF, 0x8A, 0xDA, 0x8A, 0xD2, 0x33, 0x52, 0xC8, 0xA2,
    0x78, 0x92, 0x2C, 0x4F, 0x75, 0x92, 0x32, 0xE2, 0xCE, 0xCB, 0xE2, 0x9D, 0x27, 0xD3, 0x43, 0x58,
    0x2B, 0xAC, 0x2B, 0x11, 0x9E, 0xE8, 0x02, 0x3B, 0x06, 0x1E, 0xCD, 0xD8, 0x77, 0xFF, 0x21, 0xCF,
    0xAC, 0xB3, 0xBD, 0xE2, 0xD9, 0x77, 0xE4, 0x95, 0xAB, 0x16, 0x87, 0x67, 0xDF, 0xAF, 0xFF, 0x4A,
    0x7D, 0xD4, 0xD9, 0x78, 0x3E, 0x56, 0x5D, 0x3C, 0x31, 0x46, 0xF5, 0x63, 0x74, 0xF2, 0xCA, 0x4F,
    0x7F, 0x72, 0xF5, 0x4F, 0x87, 0x41, 0x0D, 0x73, 0x4F, 0x7A, 0x12, 0x1B, 0xD9, 0xCC, 0x3D, 0x43,
    0x7D, 0xCC, 0x4E, 0x0E, 0xF4, 0x46, 0xD4, 0x16, 0x97, 0xAB, 0x17, 0xF4, 0x66, 0xF1, 0x72, 0x93,
    0x54, 0xBB, 0x45, 0x71, 0x2B, 0x6A, 0x92, 0xA3, 0xE2, 0xA2, 0x09, 0x5D, 0x91, 0x9A, 0x70, 0x58,
    0x4C, 0x4C, 0x28, 0xF6, 0x65, 0x42, 0x71, 0x59, 0x26, 0x14, 0x2F, 0xD7, 0x26, 0x14, 0xC5, 0xD1,
    0x04, 0xE7, 0x05, 0x13, 0xCC, 0x69, 0xC2, 0xE1, 0xDE, 0xC4, 0x84, 0xE2, 0x40, 0x26, 0x58, 0x4D,
    0x13, 0xAC, 0xA6, 0x09, 0x56, 0xD3, 0x84, 0x43, 0xAB, 0xD9, 0x4F, 0xBA, 0x47, 0x75, 0x12, 0xEA,
    0x84, 0x9A, 0xA1, 0x7E, 0x58, 0x2B, 0xAC, 0x1B, 0x7A, 0x08, 0xFD, 0x84, 0xDE, 0x42, 0x9F, 0xA1,
    0xE7, 0xD0, 0x7F, 0xD8, 0xCB, 0x9E, 0x0D, 0xBB, 0xA2, 0xB0, 0x61, 0x73, 0xDA, 0xB0, 0x39, 0x6D,
    0x38, 0x39, 0x7A, 0xC9, 0x86, 0x77, 0x8B, 0x57, 0xAB, 0x5D, 0x73, 0x5E, 0xB1, 0xE1, 0xF6, 0xD1,
    0xD7, 0xE4, 0xC2, 0x1B, 0x3F, 0xFF, 0x4B, 0x77, 0xB9, 0xDB, 0x6D, 0x7E, 0x71, 0xF4, 0xAD, 0x26,
    0x75, 0xD3, 0xE2, 0xF2, 0x2D, 0xDE, 0x1F, 0x5C, 0x64, 0x7C, 0x2F, 0x6D, 0x72, 0x77, 0x58, 0x24,
    0x4D, 0x5E, 0x1D, 0xEE, 0xBF, 0x70, 0xEB, 0xAD, 0x0F, 0xBA, 0xCB, 0xB7, 0x2E, 0xB5, 0xE6, 0x6C,
    0x71, 0xBE, 0xDA, 0xE5, 0xCD, 0xEC, 0xE8, 0xE0, 0xC2, 0x9B, 0xBF, 0xC5, 0xD9, 0x4E, 0xDD, 0xE1,
    0x5E, 0x52, 0x67, 0xD5, 0xE1, 0xC1, 0xEE, 0xD1, 0x77, 0xCC, 0x79, 0x7C, 0xB1, 0xFD, 0xDD, 0xD1,
    0xCB, 0x6D, 0xE6, 0x2E, 0x15, 0xAF, 0xF6, 0x59, 0x3D, 0x3B, 0xBC, 0x72, 0xF1, 0xDA, 0xFD, 0xBF,
    0x9E, 0xB8, 0x26, 0x74, 0xB1, 0xFD, 0x6F, 0x35, 0xA4, 0x22, 0x3E, 0xF1, 0x17, 0x04, 0x1F, 0xA2,
    0xFE, 0xA2, 0x72, 0x2D, 0x42, 0x8F, 0x9D, 0xD7, 0xF3, 0xB5, 0x0A, 0x4A, 0x7E, 0x09, 0x7F, 0x92,
    0xE6, 0xBE, 0x79, 0xEF, 0x66, 0x73, 0x14, 0x7D, 0x51, 0x7F, 0x54, 0xB3, 0x9A, 0xD9, 0x6A, 0x03,
    0xF9, 0x2A, 0x4F, 0x43, 0x76, 0xAB, 0x5C, 0x95, 0x21, 0x6B, 0x9D, 0x67, 0xD0, 0x8F, 0x9A, 0xAF,
    0x72, 0x18, 0x5E, 0x6A, 0x5D, 0xE7, 0x39, 0x11, 0x51, 0x7D, 0x5E, 0xC4, 0xC4, 0xED, 0x85, 0x5C,
    0x15, 0x22, 0x62, 0xAD, 0xF3, 0x6B, 0x22, 0xCE, 0xE9, 0x1D, 0x11, 0x4F, 0x3D, 0xAC, 0x73, 0x2A,
    0x1C, 0x88, 0x1B, 0x98, 0x74, 0x30, 0xEB, 0xE1, 0x74, 0x80, 0xE5, 0x08, 0xE7, 0x9E, 0x25, 0x6D,
    0x71, 0x33, 0x7A, 0x6F, 0xD6, 0x84, 0x43, 0x45, 0x4B, 0x66, 0xB5, 0x8D, 0x0C, 0x66, 0xA4, 0x57,
    0xB1, 0x04, 0x46, 0xB3, 0xC6, 0xB0, 0x49, 0x60, 0x97, 0xC1, 0xC5, 0x14, 0x0E, 0x25, 0xA4, 0x6A,
    0x25, 0xFA, 0xAE, 0x61, 0xDC, 0xC2, 0xB4, 0x83, 0xF9, 0x00, 0xAF, 0x1C, 0xC0, 0x6B, 0x53, 0xD8,
    0x67, 0xCE, 0x8C, 0x5D, 0x62, 0xD6, 0xA4, 0x89, 0x59, 0xD7, 0xA9, 0x37, 0xA3, 0x74, 0xDB, 0x8C,
    0xFC, 0xF1, 0x26, 0x37, 0x23, 0x92, 0x19, 0xCC, 0x86, 0x39, 0xEE, 0x98, 0xA8, 0x7E, 0x7A, 0xD3,
    0x62, 0xB5, 0x2E, 0xAB, 0xD6, 0x9A, 0xB4, 0x26, 0x2A, 0x5D, 0x28, 0x1B, 0x34, 0x1D, 0x39, 0xF1,
    0x73, 0x6F, 0x82, 0x90, 0x1A, 0xC5, 0x87, 0xFA, 0xCA, 0x8B, 0xDA, 0xD9, 0xD1, 0xF9, 0xA7, 0x55,
    0x24, 0x48, 0x3F, 0x16, 0x71, 0x0C, 0x34, 0x77, 0x82, 0x3D, 0x64, 0x16, 0x6C, 0x05, 0x47, 0xC8,
    0xE5, 0x81, 0x4B, 0x41, 0xEF, 0x04, 0x17, 0x82, 0xBE, 0x82, 0xA3, 0x60, 0x2B, 0x58, 0xC1, 0x5E,
    0xD0, 0xC1, 0x41, 0xB0, 0x81, 0xA3, 0x60, 0x2B, 0x58, 0xC1, 0x5B, 0xDA, 0xC4, 0xA3, 0xFA, 0x39,
    0xF6, 0x15, 0xCC, 0x5B, 0x38, 0x19, 0xA1, 0xA6, 0x0D, 0x4C, 0x06, 0xA8, 0x99, 0x83, 0xE9, 0x02,
    0xCA, 0x57, 0xC6, 0x68, 0x94, 0x31, 0xEF, 0xA0, 0xAF, 0x8C, 0x69, 0x6F, 0x4E, 0x33, 0x1A, 0x6D,
    0x92, 0x91, 0x02, 0x7A, 0xEF, 0xCC, 0x7E, 0x6C, 0x60, 0x21, 0x79, 0x27, 0xDB, 0xA9, 0xED, 0x0A,
    0x3A, 0x46, 0x1C, 0x12, 0xB7, 0xE5, 0xCF, 0x95, 0xEA, 0x5B, 0xAA, 0x73, 0xD5, 0xC7, 0x7A, 0x7F,
    0x25, 0x85, 0x78, 0x17, 0xCC, 0x1F, 0x00, 0xFF, 0x00, 0x18, 0x0D, 0xBE, 0x35, 0x2C, 0xB9, 0xA8,
    0x95, 0xE6, 0xF6, 0xD2, 0x9D, 0x4A, 0xDB, 0x71, 0x85, 0x8F, 0xDF, 0x66, 0x5A, 0x71, 0xCE, 0x58,
    0xC8, 0x58, 0x48, 0x49, 0x5F, 0x28, 0xBA, 0x53, 0x15, 0xF6, 0xD2, 0x4B, 0x4C, 0xC1, 0x17, 0xE2,
    0xD9, 0xAB, 0x44, 0xE9, 0x2D, 0x96, 0x39, 0x1C, 0x32, 0xD8, 0x27, 0xB0, 0x9B, 0xC0, 0x5A, 0x30,
    0xDC, 0x32, 0xA9, 0xA4, 0x01, 0xE5, 0x66, 0x5C, 0x9F, 0x74, 0xB3, 0xB6, 0xD2, 0x04, 0xA3, 0x84,
    0x91, 0x7E, 0x0D, 0x2A, 0x97, 0x9B, 0x93, 0x9B, 0xF5, 0x9B, 0x13, 0x1D, 0x4E, 0xB7, 0x2A, 0xE9,
    0x9B, 0x9C, 0xC1, 0xDF, 0xAC, 0x56, 0xA7, 0xA7, 0x21, 0xAD, 0x39, 0xD4, 0xE6, 0x33, 0xEF, 0xA4,
    0x93, 0xEC, 0xF3, 0xC2, 0x66, 0x57, 0xBA, 0x6E, 0xF5, 0xF8, 0xE3, 0x8D, 0x59, 0x17, 0x48, 0x66,
    0x30, 0x1B, 0xE6, 0x49, 0xC7, 0x44, 0x0D, 0xA6, 0x98, 0xC3, 0x5C, 0x66, 0xBD, 0x0E, 0xB3, 0x05,
    0x4C, 0xBB, 0xCD, 0xEA, 0xD1, 0xC3, 0xD5, 0x6F, 0xDE, 0xAC, 0x66, 0x9E, 0xEF, 0x72, 0x3E, 0xE0,
    0x4B, 0x3A, 0x1C, 0xC8, 0x1C, 0xC0, 0xAA, 0x48, 0x38, 0xE9, 0x3B, 0x3B, 0x9C, 0xFA, 0xF8, 0x90,
    0x6F, 0x80, 0xC2, 0x4C, 0xC2, 0x81, 0xB4, 0x86, 0x33, 0x98, 0x78, 0x38, 0x85, 0x13, 0x0F, 0x73,
    0x28, 0x0F, 0x53, 0xA8, 0x19, 0x4C, 0x3C, 0x2C, 0x3D, 0xCC, 0x3D, 0x5C, 0x5D, 0xE1, 0x29, 0x54,
    0x02, 0x65, 0x56, 0x98, 0x42, 0x29, 0x30, 0x87, 0x56, 0x1A, 0x6A, 0x0A, 0x15, 0xAF, 0xF6, 0x71,
    0x56, 0x3F, 0x1F, 0xD1, 0xCF, 0x98, 0x18, 0xF3, 0x16, 0xFA, 0xCA, 0x98, 0xF6, 0x32, 0xCE, 0x9C,
    0x31, 0x19, 0x64, 0x9C, 0x36, 0x30, 0x6F, 0xE1, 0x64, 0x84, 0xB2, 0x21, 0xA3, 0xC9, 0x46, 0xB3,
    0xC2, 0xB4, 0x87, 0xF2, 0x3F, 0x80, 0xF9, 0xDF, 0xCE, 0xE8, 0xA7, 0x52, 0xEA, 0x34, 0x77, 0xA9,
    0x77, 0x33, 0xEF, 0x72, 0xEF, 0x22, 0xEF, 0x94, 0x3B, 0x45, 0x9C, 0x7B, 0x0A, 0xBE, 0x55, 0x27,
    0xAE, 0x3E, 0x50, 0x9D, 0xBA, 0x5A, 0xC7, 0x35, 0x6D, 0xCB, 0xA4, 0x10, 0xD1, 0x6D, 0x7B, 0xCD,
    0x07, 0xE9, 0x75, 0x3F, 0xD8, 0xCB, 0x0F, 0x53, 0x6F, 0x88, 0xE6, 0x06, 0x1B, 0x37, 0x04, 0x55,
    0xE7, 0xC0, 0x26, 0x98, 0xA6, 0xF9, 0xAF, 0x6D, 0xDA, 0xDB, 0x3B, 0xF6, 0xD2, 0x4E, 0xDE, 0x48,
    0x3B, 0x9C, 0xF7, 0x1D, 0x19, 0x77, 0x64, 0xFC, 0xE1, 0xDA, 0xA7, 0xFF, 0xD3, 0x26, 0x52, 0xB0,
    0xDE, 0x04, 0x45, 0x3A, 0xA8, 0x09, 0x4B, 0x21, 0x7B, 0x1F, 0x64, 0xEE, 0x03, 0xB2, 0xF7, 0x1D,
    0x32, 0x5D, 0x05, 0x19, 0x03, 0x32, 0x06, 0x64, 0x0C, 0xC8, 0x18, 0x90, 0x31, 0x20, 0x63, 0x98,
    0x85, 0xDC, 0xE6, 0x30, 0x9C, 0x07, 0x42, 0xD1, 0xCA, 0x2F, 0x0C, 0x2C, 0x80, 0x81, 0x7A, 0x09,
    0x99, 0xBE, 0x83, 0x8C, 0x01, 0x19, 0x03, 0x32, 0x06, 0x64, 0x0C, 0xC8, 0x18, 0x90, 0x31, 0x20,
    0x63, 0xD0, 0x56, 0x9C, 0xB1, 0xEF, 0x3B, 0xAB, 0x7D, 0x77, 0xB7, 0x83, 0x5C, 0x4F, 0x83, 0xBC,
    0x3A, 0x55, 0xB7, 0x4D, 0xB1, 0x04, 0x30, 0x30, 0x38, 0x45, 0x0E, 0xEF, 0x19, 0x43, 0x43, 0xE6,
    0x03, 0x43, 0x88, 0xC8, 0x18, 0xAE, 0x8B, 0x88, 0xDB, 0xBC, 0x22, 0x67, 0x75, 0xD2, 0x90, 0x4B,
    0x45, 0x3D, 0x79, 0x90, 0x30, 0xC4, 0xEC, 0xBB, 0x42, 0x96, 0x30, 0x94, 0x12, 0x06, 0x64, 0x0C,
    0xC8, 0x18, 0x90, 0x31, 0x20, 0x63, 0x78, 0xC2, 0xFB, 0x8E, 0x56, 0xFB, 0xCE, 0xAA, 0xB0, 0xEF,
    0xB2, 0x09, 0xFB, 0xF6, 0xBD, 0xD8, 0x77, 0xEC, 0x97, 0x9A, 0x22, 0x7B, 0x5F, 0xB1, 0x6F, 0xCE,
    0x0D, 0xFB, 0xE6, 0x33, 0xFB, 0x46, 0x67, 0xDF, 0xF8, 0xD9, 0xB7, 0xCD, 0x0F, 0xFB, 0xCE, 0xAA,
    0x2F, 0x6F, 0xDF, 0xD1, 0xFC, 0x01, 0x8E, 0xF0, 0x9F, 0xB0, 0x4B, 0x17, 0x9A, 0xF4, 0xAF, 0x2F,
    0x6E, 0x28, 0xFD, 0x83, 0xF7, 0xBF, 0x72, 0xB9, 0xB5, 0xF6, 0x71, 0x73, 0x50, 0x7A, 0xFF, 0xA0,
    0xDB, 0xB7, 0xE3, 0x35, 0xF4, 0xC7, 0xFC, 0x7F, 0x7C, 0xDC, 0x19, 0xFD, 0x7E, 0xE0, 0x67, 0x5B,
    0xEF, 0xE1, 0xB8, 0x7F, 0xCC, 0x7F, 0x44, 0xC7, 0xFB, 0x36, 0x6B, 0xD1, 0x1F, 0x58, 0xE5, 0xCF,
    0xBA, 0x3C, 0xF1, 0xFE, 0x6E, 0x93, 0xD6, 0xF3, 0x65, 0xE6, 0x26, 0xBD, 0x74, 0x23, 0xAC, 0x15,
    0xD6, 0x5D, 0xF7, 0x30, 0xA1, 0x43, 0x27, 0x65, 0xEC, 0xB3, 0x33, 0xC7, 0xA0, 0xC8, 0x8F, 0x8A,
    0x47, 0xBB, 0x5A, 0x8B, 0x59, 0x9D, 0x77, 0xD3, 0xB6, 0x6C, 0xB2, 0x7E, 0x56, 0xA7, 0x03, 0x99,
    0xCF, 0x8C, 0xA3, 0xE3, 0xC3, 0xCF, 0x3C, 0xE6, 0x53, 0x87, 0x7A, 0xEB, 0x78, 0x7D, 0xAC, 0x6C,
    0xEC, 0x93, 0x73, 0xBD, 0x74, 0x51, 0xDA, 0x95, 0x5A, 0x29, 0x76, 0xB1, 0x99, 0xD4, 0x26, 0x18,
    0xF6, 0x9E, 0x86, 0xCF, 0x3F, 0x0F, 0x9F, 0x7E, 0x11, 0x3E, 0x55, 0xC0, 0x64, 0x8B, 0xF1, 0xF6,
    0x48, 0xF0, 0xE0, 0xD7, 0x0E, 0x73, 0x75, 0x21, 0xD4, 0x99, 0xD4, 0xD4, 0x54, 0x47, 0x7D, 0xD6,
    0xBA, 0xC4, 0xBA, 0x5F, 0xEF, 0x57, 0x3D, 0x3C, 0x76, 0x44, 0xAC, 0x5B, 0x9D, 0xDC, 0x47, 0xCA,
    0xFF, 0xAC, 0x2A, 0xFF, 0x75, 0x6F, 0x94, 0x96, 0x9F, 0xDF, 0xFD, 0xB4, 0x8E, 0xBB, 0xCF, 0xEF,
    0xFE, 0xB1, 0x4D, 0x61, 0x9F, 0xC1, 0x61, 0x17, 0x1E, 0x1C, 0xC0, 0x4B, 0xFB, 0x30, 0xDF, 0x87,
    0xD9, 0x29, 0xE6, 0xC1, 0x13, 0xFC, 0x61, 0x6E, 0xA8, 0x13, 0x6A, 0x6A, 0xA4, 0xBE, 0xAD, 0xF5,
    0xD1, 0x28, 0x25, 0xDE, 0xAF, 0xF6, 0x71, 0xD6, 0xD9, 0xF9, 0xC4, 0xCE, 0xCE, 0x3D, 0xEF, 0x7F,
    0xE4, 0xF2, 0xBC, 0xC9, 0x3F, 0x6C, 0x0E, 0xAE, 0x2B, 0xBA, 0xDF, 0xED, 0xF7, 0xD2, 0xB5, 0xFE,
    0xDD, 0x4E, 0x3A, 0x38, 0xFE, 0xA7, 0x99, 0x77, 0xF7, 0x3F, 0xAF, 0xA5, 0xEC, 0x04, 0xC3, 0x78,
    0xF0, 0x04, 0x7F, 0x98, 0x9B, 0x4F, 0xA9, 0x13, 0x6A, 0x86, 0xFA, 0xA7, 0xCF, 0xCE, 0xC9, 0xFB,
    0xBC, 0x7E, 0xC6, 0x1E, 0xA5, 0xCD, 0xFF, 0xA3, 0x6D, 0x02, 0xFB, 0x0C, 0x0E, 0x39, 0x5C, 0x4E,
    0xE1, 0x58, 0x42, 0xFF, 0x28, 0x06, 0xCF, 0xFA, 0xE9, 0x07, 0x86, 0x3A, 0xA1, 0xA6, 0xA0, 0x63,
    0xAD, 0xD3, 0xD7, 0x67, 0xFB, 0xB9, 0x53, 0xDD, 0x76, 0x8A, 0x7A, 0xA8, 0x78, 0xD8, 0x4E, 0xC9,
    0x12, 0x2A, 0xF5, 0x50, 0x19, 0x69, 0xEA, 0x09, 0x97, 0xC2, 0xD5, 0x5E, 0xBA, 0x30, 0xEA, 0x6C,
    0x9A, 0xB5, 0x82, 0x93, 0x31, 0x29, 0x62, 0xED, 0x30, 0xB8, 0x49, 0xC9, 0x98, 0x52, 0x34, 0xEB,
    0x23, 0x4F, 0xAA, 0x55, 0x8A, 0xC3, 0xAF, 0xB4, 0x92, 0xEC, 0xFC, 0x46, 0x4E, 0xA7, 0xE2, 0xB9,
    0x90, 0xF6, 0x4F, 0xA4, 0x1B, 0x21, 0xF9, 0x90, 0xFE, 0x51, 0xC1, 0xE8, 0x43, 0x47, 0x8A, 0xEF,
    0xD6, 0x22, 0xFD, 0xB2, 0x21, 0x25, 0x55, 0x2B, 0xFA, 0x93, 0xF7, 0x8B, 0xF8, 0xFE, 0x55, 0x3D,
    0xFB, 0xB3, 0x46, 0xBF, 0x0F, 0x05, 0x6C, 0xF5, 0x49, 0x2F, 0x5E, 0x39, 0x13, 0xDF, 0xA0, 0x0F,
    0xE9, 0x48, 0x19, 0xA9, 0xDD, 0x4F, 0x29, 0xF9, 0x81, 0xFF, 0x3E, 0x1B, 0x7B, 0xFF, 0xC3, 0x8F,
    0x6B, 0x4B, 0x73, 0xDD, 0xB1, 0x94, 0x2C, 0x94, 0xB7, 0x7C, 0xA7, 0x15, 0x77, 0xD2, 0x57, 0x99,
    0x23, 0x3D, 0x43, 0xA7, 0x3A, 0x15, 0x4F, 0xB5, 0x0F, 0x9F, 0x71, 0xD8, 0xB1, 0x14, 0x2F, 0x37,
    0x8F, 0x97, 0x65, 0x0B, 0xE7, 0x6E, 0x23, 0x0E, 0x30, 0x45, 0x64, 0x09, 0x2C, 0x35, 0x9C, 0xF3,
    0xF9, 0xBB, 0x23, 0x95, 0xEE, 0x0E, 0xF0, 0x5E, 0x87, 0xE6, 0x5B, 0xB8, 0x7A, 0xE0, 0xAA, 0xC2,
    0x2D, 0x62, 0xFE, 0x00, 0xE3, 0x5E, 0x27, 0x83, 0x4B, 0x8C, 0xDF, 0x41, 0xF9, 0x70, 0xAD, 0x42,
    0x62, 0x1E, 0xD2, 0x10, 0xA4, 0x5E, 0xD1, 0x91, 0x49, 0x8D, 0xF2, 0xCE, 0xA4, 0x4A, 0xB3, 0x4E,
    0xB3, 0x51, 0x9A, 0xD9, 0x4D, 0x5B, 0x58, 0x5A, 0x24, 0x2C, 0x3C, 0xB3, 0x13, 0xEB, 0x98, 0x33,
    0x1F, 0x99, 0xEA, 0x91, 0x48, 0x6D, 0x48, 0x4E, 0x24, 0x24, 0x4B, 0x48, 0x9A, 0x22, 0x89, 0x82,
    0x9B, 0xEB, 0x20, 0x7D, 0x4D, 0x9B, 0x38, 0x0F, 0x8E, 0x6E, 0x88, 0x7B, 0xC2, 0x2D, 0x49, 0xDB,
    0x84, 0x9B, 0xE7, 0x22, 0x9B, 0x7F, 0x83, 0x3F, 0xDE, 0xE4, 0x8E, 0xC1, 0xA4, 0xC5, 0x10, 0x2D,
    0x30, 0x5B, 0x47, 0xE1, 0x82, 0x6D, 0x68, 0x23, 0xA8, 0x77, 0x84, 0x73, 0xEA, 0x98, 0x95, 0xB6,
    0x54, 0x98, 0x2C, 0x28, 0xA2, 0x3B, 0x0A, 0x95, 0xC3, 0x2A, 0x61, 0xC5, 0xB0, 0xBA, 0xB6, 0xA3,
    0x93, 0xAE, 0x71, 0x53, 0x22, 0xCF, 0x25, 0x4A, 0x78, 0x14, 0xAE, 0x73, 0xDF, 0x95, 0xBE, 0x9B,
    0xF9, 0x36, 0xF3, 0x4B, 0xDB, 0x66, 0xFC, 0xF0, 0x8B, 0xB0, 0x58, 0x6F, 0x3F, 0xB3, 0xE1, 0xF5,
    0x93, 0x4E, 0xBE, 0x7E, 0x42, 0xEE, 0xC2, 0x33, 0x91, 0x0D, 0x5B, 0xD8, 0xF0, 0xC2, 0x53, 0xAD,
    0x2D, 0xA9, 0xE6, 0x32, 0xDF, 0x64, 0xA3, 0x62, 0x5F, 0xC5, 0x56, 0x64, 0x29, 0xB5, 0xD2, 0x9E,
    0x1E, 0xC6, 0xFF, 0x57, 0xFA, 0x86, 0x72, 0xBE, 0x2A, 0xB3, 0x4A, 0xA5, 0x1B, 0xA5, 0x29, 0xA7,
    0x20, 0xFB, 0xB4, 0x33, 0x84, 0xDF, 0xF1, 0x9C, 0x51, 0x1B, 0x0F, 0x08, 0x5F, 0xD4, 0xF0, 0x5B,
    0xB4, 0xB6, 0x65, 0xF3, 0xD6, 0xAE, 0x76, 0xC6, 0x2F, 0xE5, 0xA4, 0x57, 0xD6, 0x4D, 0x7A, 0x95,
    0x8D, 0xDE, 0x0E, 0x87, 0xB2, 0x94, 0xC5, 0x15, 0xF0, 0x8C, 0xB6, 0xE3, 0x48, 0xAF, 0xD9, 0xB5,
    0x8A, 0x7B, 0xA5, 0x3E, 0xE3, 0xD7, 0x75, 0xE2, 0x35, 0x1F, 0x62, 0xFF, 0x3D, 0x7E, 0x63, 0xDD,
    0x0B, 0x3F, 0xB1, 0xA4, 0xD5, 0x23, 0x60, 0xB7, 0x3A, 0x84, 0xE1, 0x3C, 0xD0, 0x50, 0x78, 0xA6,
    0x0C, 0x0F, 0x94, 0xA3, 0x8D, 0xCF, 0x7D, 0x55, 0x2E, 0xCD, 0x33, 0x5B, 0x64, 0xDE, 0xCD, 0xBA,
    0x64, 0x54, 0x59, 0x4F, 0xFE, 0xAE, 0xA9, 0x53, 0xA5, 0x44, 0x16, 0xFF, 0x06, 0xAD, 0x90, 0x01,
    0x66, 0xC6, 0x40, 0x14, 0x84, 0x5F, 0x8B, 0x42, 0xF1, 0x07, 0x80, 0xA2, 0x47, 0xC8, 0x11, 0x36,
    0xF7, 0xE9, 0x1D, 0xB2, 0x73, 0xB3, 0xB7, 0x47, 0xD8, 0x23, 0xEC, 0x11, 0x16, 0x41, 0x10, 0xA6,
    0x9B, 0x8C, 0x44, 0xDB, 0x28, 0xE4, 0x0F, 0xF1, 0x0D, 0xF6, 0xC5, 0x8C, 0xEF, 0xC5, 0x4B, 0xFB,
    0x1E, 0x9C, 0xDE, 0x39, 0x05, 0xD6, 0x9E, 0x35, 0xB2, 0x06, 0x56, 0xCF, 0x9D, 0x97, 0x8E, 0x30,
    0x4F, 0xC6, 0xC1, 0x88, 0x9D, 0x2C, 0x64, 0x3D, 0x53, 0xAF, 0xCF, 0xB0, 0xCD, 0x18, 0xED, 0xC1,
    0x4A, 0x04, 0x16, 0xA6, 0xC8, 0x4C, 0x78, 0xB6, 0x71, 0x7D, 0xB3, 0x76, 0x73, 0x80, 0x85, 0xF8,
    0x8B, 0xC1, 0xAE, 0xA0, 0x55, 0x7E, 0xE1, 0xA8, 0xC4, 0x5E, 0x49, 0x10, 0xBF, 0xEE, 0x2E, 0x55,
    0x7A, 0x5E, 0xB1, 0x34, 0xC4, 0xB9, 0xA1, 0x5F, 0xF1, 0x36, 0xC9, 0x77, 0xB0, 0xCD, 0x78, 0x65,
    0x92, 0x73, 0xA6, 0xCD, 0x7A, 0x61, 0xDA, 0xBC, 0x5B, 0x30, 0x99, 0x37, 0xB9, 0xF9, 0x91, 0xB2,
    0xED, 0xF8, 0x2F, 0x75, 0x77, 0x7F, 0x6A, 0xF7, 0x07, 0xB4, 0xDB, 0xA1, 0xDD, 0x0E, 0xED, 0x76,
    0x68, 0xB7, 0x43, 0xBB, 0xCF, 0xFF, 0xDF, 0xBC, 0x3B, 0x51, 0x99, 0x95, 0x71, 0x51, 0x06, 0xA5,
    0x7D, 0xCE, 0xCA, 0xD7, 0xF9, 0x1B,
};

static const EpdGlyph ubuntu_14_boldGlyphs[] = {
    { 0, 0, 0, 0, 0, 0, 0 }, // U+0000
    { 0, 0, 0, 0, 0, 0, 0 }, // U+0001
    { 0, 0, 0, 0, 0, 0, 0 }, // U+0002
    { 0, 0, 0, 0, 0, 0, 0 }, // U+0003
    { 0, 0, 0, 0, 0, 0, 0 }, // U+0004
    { 0, 0, 0, 0, 0, 0, 0 }, // U+0005
    { 0, 0, 0, 0, 0, 0, 0 }, // U+0006
    { 0, 0, 0, 0, 0, 0, 0 }, // U+0007
    { 0, 0, 0, 0, 0, 0, 0 }, // U+0008
    { 0, 0, 112, 0, 0, 0, 0 }, // U+0009
    { 0, 0, 0, 0, 0, 0, 0 }, // U+000A
    { 0, 0, 0, 0, 0, 0, 0 }, // U+000B
    { 0, 0, 0, 0, 0, 0, 0 }, // U+000C
    { 0, 0, 112, 0, 0, 0, 0 }, // U+000D
    { 0, 0, 0, 0, 0, 0, 0 }, // U+000E
    { 0, 0, 0, 0, 0, 0, 0 }, // U+000F
    { 0, 0, 0, 0, 0, 0, 0 }, // U+0010
    { 0, 0, 0, 0, 0, 0, 0 }, // U+0011
    { 0, 0, 0, 0, 0, 0, 0 }, // U+0012
    { 0, 0, 0, 0, 0, 0, 0 }, // U+0013
    { 0, 0, 0, 0, 0, 0, 0 }, // U+0014
    { 0, 0, 0, 0, 0, 0, 0 }, // U+0015
    { 0, 0, 0, 0, 0, 0, 0 }, // U+0016
    { 0, 0, 0, 0, 0, 0, 0 }, // U+0017
    { 0, 0, 0, 0, 0, 0, 0 }, // U+0018
    { 0, 0, 0, 0, 0, 0, 0 }, // U+0019
    { 0, 0, 0, 0, 0, 0, 0 }, // U+001A
    { 0, 0, 0, 0, 0, 0, 0 }, // U+001B
    { 0, 0, 0, 0, 0, 0, 0 }, // U+001C
    { 0, 0, 0, 0, 0, 0, 0 }, // U+001D
    { 0, 0, 0, 0, 0, 0, 0 }, // U+001E
    { 0, 0, 0, 0, 0, 0, 0 }, // U+001F
    { 0, 0, 112, 0, 0, 0, 0 }, // U+0020
    { 6, 20, 133, 1, 20, 30, 0 }, // !
    { 12, 9, 217, 1, 22, 27, 30 }, // "
    { 18, 20, 326, 1, 20, 90, 57 }, // #
    { 15, 25, 265, 1, 22, 94, 147 }, // $
    { 25, 20, 428, 1, 20, 125, 241 }, // %
    { 20, 20, 329, 1, 20, 100, 366 }, // &
    { 5, 9, 115, 1, 22, 12, 466 }, // '
    { 9, 28, 166, 2, 23, 63, 478 }, // (
    { 9, 28, 166, 0, 23, 63, 541 }, // )
    { 13, 12, 234, 1, 20, 39, 604 }, // *
    { 15, 14, 265, 1, 16, 53, 643 }, // +
    { 7, 9, 115, 0, 4, 16, 696 }, // ,
    { 10, 4, 159, 0, 11, 10, 712 }, // -
    { 7, 5, 115, 0, 5, 9, 722 }, // .
    { 15, 28, 204, -1, 23, 105, 731 }, // /
    { 15, 20, 275, 1, 20, 75, 836 }, // 0
    { 11, 20, 216, 0, 20, 55, 911 }, // 1
    { 14, 20, 262, 1, 20, 70, 966 }, // 2
    { 15, 20, 256, 0, 20, 75, 1036 }, // 3
    { 16, 20, 268, 0, 20, 80, 1111 }, // 4
    { 15, 20, 258, 0, 20, 75, 1191 }, // 5
    { 15, 20, 267, 1, 20, 75, 1266 }, // 6
    { 15, 20, 251, 0, 20, 75, 1341 }, // 7
    { 15, 20, 265, 1, 20, 75, 1416 }, // 8
    { 16, 20, 267, 0, 20, 80, 1491 }, // 9
    { 7, 15, 115, 0, 15, 27, 1571 }, // :
    { 7, 20, 115, 0, 15, 35, 1598 }, // ;
    { 15, 15, 265, 1, 16, 57, 1633 }, // <
    { 15, 11, 265, 1, 14, 42, 1690 }, // =
    { 15, 15, 265, 1, 16, 57, 1732 }, // >
    { 13, 23, 212, 0, 23, 75, 1789 }, // ?
    { 26, 26, 455, 1, 21, 169, 1864 }, // @
    { 21, 20, 337, 0, 20, 105, 2033 }, // A
    { 17, 20, 314, 2, 20, 85, 2138 }, // B
    { 18, 20, 302, 1, 20, 90, 2223 }, // C
    { 18, 20, 344, 2, 20, 90, 2313 }, // D
    { 15, 20, 283, 2, 20, 75, 2403 }, // E
    { 14, 20, 268, 2, 20, 70, 2478 }, // F
    { 18, 20, 328, 1, 20, 90, 2548 }, // G
    { 17, 20, 343, 2, 20, 85, 2638 }, // H
    { 5, 20, 147, 2, 20, 25, 2723 }, // I
    { 14, 20, 247, 0, 20, 70, 2748 }, // J
    { 18, 20, 319, 2, 20, 90, 2818 }, // K
    { 14, 20, 263, 2, 20, 70, 2908 }, // L
    { 24, 20, 419, 1, 20, 120, 2978 }, // M
    { 18, 20, 353, 2, 20, 90, 3098 }, // N
    { 21, 20, 369, 1, 20, 105, 3188 }, // O
    { 16, 20, 301, 2, 20, 80, 3293 }, // P
    { 21, 25, 369, 1, 20, 132, 3373 }, // Q
    { 17, 20, 311, 2, 20, 85, 3505 }, // R
    { 15, 20, 272, 1, 20, 75, 3590 }, // S
    { 18, 20, 287, 0, 20, 90, 3665 }, // T
    { 17, 20, 330, 2, 20, 85, 3755 }, // U
    { 21, 20, 337, 0, 20, 105, 3840 }, // V
    { 27, 20, 442, 0, 20, 135, 3945 }, // W
    { 20, 20, 315, 0, 20, 100, 4080 }, // X
    { 20, 20, 309, 0, 20, 100, 4180 }, // Y
    { 16, 20, 285, 1, 20, 80, 4280 }, // Z
    { 9, 28, 173, 2, 23, 63, 4360 }, // [
    { 15, 28, 204, -1, 23, 105, 4423 }, // <backslash>
    { 9, 28, 173, 0, 23, 63, 4528 }, // ]
    { 16, 12, 265, 0, 20, 48, 4591 }, // ^
    { 15, 4, 233, 0, -1, 15, 4639 }, // _
    { 8, 6, 133, 0, 23, 12, 4654 }, // `
    { 14, 15, 258, 1, 15, 53, 4666 }, // a
    { 15, 23, 282, 2, 23, 87, 4719 }, // b
    { 13, 15, 233, 1, 15, 49, 4806 }, // c
    { 15, 23, 282, 1, 23, 87, 4855 }, // d
    { 15, 15, 273, 1, 15, 57, 4942 }, // e
    { 11, 23, 197, 2, 23, 64, 4999 }, // f
    { 15, 20, 277, 1, 15, 75, 5063 }, // g
    { 14, 23, 275, 2, 23, 81, 5138 }, // h
    { 6, 23, 135, 1, 23, 35, 5219 }, // i
    { 10, 28, 135, -3, 23, 70, 5254 }, // j
    { 15, 23, 270, 2, 23, 87, 5324 }, // k
    { 7, 23, 147, 2, 23, 41, 5411 }, // l
    { 22, 15, 402, 2, 15, 83, 5452 }, // m
    { 14, 15, 275, 2, 15, 53, 5535 }, // n
    { 16, 15, 283, 1, 15, 60, 5588 }, // o
    { 15, 20, 282, 2, 15, 75, 5648 }, // p
    { 15, 20, 282, 1, 15, 75, 5723 }, // q
    { 10, 15, 197, 2, 15, 38, 5798 }, // r
    { 12, 15, 226, 1, 15, 45, 5836 }, // s
    { 11, 20, 207, 1, 20, 55, 5881 }, // t
    { 15, 15, 275, 1, 15, 57, 5936 }, // u
    { 16, 15, 257, 0, 15, 60, 5993 }, // v
    { 23, 15, 366, 0, 15, 87, 6053 }, // w
    { 16, 15, 259, 0, 15, 60, 6140 }, // x
    { 16, 20, 255, 0, 15, 80, 6200 }, // y
    { 13, 15, 233, 1, 15, 49, 6280 }, // z
    { 10, 28, 173, 1, 23, 70, 6329 }, // {
    { 5, 28, 150, 2, 23, 35, 6399 }, // |
    { 10, 28, 173, 0, 23, 70, 6434 }, // }
    { 16, 6, 265, 0, 12, 24, 6504 }, // ~
    { 0, 0, 0, 0, 0, 0, 6528 }, // U+007F
    { 0, 0, 0, 0, 0, 0, 0 }, // U+0080
    { 0, 0, 0, 0, 0, 0, 0 }, // U+0081
    { 0, 0, 0, 0, 0, 0, 0 }, // U+0082
    { 0, 0, 0, 0, 0, 0, 0 }, // U+0083
    { 0, 0, 0, 0, 0, 0, 0 }, // U+0084
    { 0, 0, 0, 0, 0, 0, 0 }, // U+0085
    { 0, 0, 0, 0, 0, 0, 0 }, // U+0086
    { 0, 0, 0, 0, 0, 0, 0 }, // U+0087
    { 0, 0, 0, 0, 0, 0, 0 }, // U+0088
    { 0, 0, 0, 0, 0, 0, 0 }, // U+0089
    { 0, 0, 0, 0, 0, 0, 0 }, // U+008A
    { 0, 0, 0, 0, 0, 0, 0 }, // U+008B
    { 0, 0, 0, 0, 0, 0, 0 }, // U+008C
    { 0, 0, 0, 0, 0, 0, 0 }, // U+008D
    { 0, 0, 0, 0, 0, 0, 0 }, // U+008E
    { 0, 0, 0, 0, 0, 0, 0 }, // U+008F
    { 0, 0, 0, 0, 0, 0, 0 }, // U+0090
    { 0, 0, 0, 0, 0, 0, 0 }, // U+0091
    { 0, 0, 0, 0, 0, 0, 0 }, // U+0092
    { 0, 0, 0, 0, 0, 0, 0 }, // U+0093
    { 0, 0, 0, 0, 0, 0, 0 }, // U+0094
    { 0, 0, 0, 0, 0, 0, 0 }, // U+0095
    { 0, 0, 0, 0, 0, 0, 0 }, // U+0096
    { 0, 0, 0, 0, 0, 0, 0 }, // U+0097
    { 0, 0, 0, 0, 0, 0, 0 }, // U+0098
    { 0, 0, 0, 0, 0, 0, 0 }, // U+0099
    { 0, 0, 0, 0, 0, 0, 0 }, // U+009A
    { 0, 0, 0, 0, 0, 0, 0 }, // U+009B
    { 0, 0, 0, 0, 0, 0, 0 }, // U+009C
    { 0, 0, 0, 0, 0, 0, 0 }, // U+009D
    { 0, 0, 0, 0, 0, 0, 0 }, // U+009E
    { 0, 0, 0, 0, 0, 0, 0 }, // U+009F
    { 0, 0, 112, 0, 0, 0, 0 }, // U+00A0
    { 6, 20, 133, 1, 15, 30, 0 }, // U+00A1
    { 13, 22, 265, 1, 19, 72, 30 }, // U+00A2
    { 15, 20, 265, 0, 20, 75, 102 }, // U+00A3
    { 16, 16, 265, 0, 18, 64, 177 }, // U+00A4
    { 18, 20, 265, -1, 20, 90, 241 }, // U+00A5
    { 5, 28, 141, 2, 23, 35, 331 }, // U+00A6
    { 14, 25, 240, 0, 20, 88, 366 }, // U+00A7
    { 12, 4, 250, 2, 21, 12, 454 }, // U+00A8
    { 21, 20, 372, 1, 20, 105, 466 }, // U+00A9
    { 11, 11, 186, 0, 20, 31, 571 }, // U+00AA
    { 17, 15, 279, 0, 16, 64, 602 }, // U+00AB
    { 15, 11, 265, 1, 12, 42, 666 }, // U+00AC
    { 10, 4, 159, 0, 11, 10, 708 }, // U+00AD
    { 21, 20, 372, 1, 20, 105, 718 }, // U+00AE
    { 11, 3, 175, 0, 21, 9, 823 }, // U+00AF
    { 10, 9, 169, 0, 23, 23, 832 }, // U+00B0
    { 15, 19, 265, 1, 19, 72, 855 }, // U+00B1
    { 10, 11, 169, 0, 20, 28, 927 }, // U+00B2
    { 10, 12, 169, 0, 20, 30, 955 }, // U+00B3
    { 8, 6, 133, 0, 23, 12, 985 }, // U+00B4
    { 14, 20, 277, 2, 15, 70, 997 }, // U+00B5
    { 18, 27, 331, 1, 21, 122, 1067 }, // U+00B6
    { 7, 5, 115, 0, 11, 9, 1189 }, // U+00B7
    { 7, 8, 152, 1, 1, 14, 1198 }, // U+00B8
    { 7, 11, 169, 1, 20, 20, 1212 }, // U+00B9
    { 13, 12, 213, 0, 20, 39, 1232 }, // U+00BA
    { 17, 15, 279, 0, 16, 64, 1271 }, // U+00BB
    { 25, 22, 410, 0, 21, 138, 1335 }, // U+00BC
    { 25, 21, 410, 0, 21, 132, 1473 }, // U+00BD
    { 25, 22, 410, 0, 21, 138, 1605 }, // U+00BE
    { 13, 20, 212, 0, 15, 65, 1743 }, // U+00BF
    { 21, 28, 337, 0, 28, 147, 1808 }, // U+00C0
    { 21, 28, 337, 0, 28, 147, 1955 }, // U+00C1
    { 21, 28, 337, 0, 28, 147, 2102 }, // U+00C2
    { 21, 27, 337, 0, 27, 142, 2249 }, // U+00C3
    { 21, 26, 337, 0, 26, 137, 2391 }, // U+00C4
    { 21, 26, 337, 0, 26, 137, 2528 }, // U+00C5
    { 28, 20, 464, 0, 20, 140, 2665 }, // U+00C6
    { 18, 26, 302, 1, 20, 117, 2805 }, // U+00C7
    { 15, 28, 283, 2, 28, 105, 2922 }, // U+00C8
    { 15, 28, 283, 2, 28, 105, 3027 }, // U+00C9
    { 15, 28, 283, 2, 28, 105, 3132 }, // U+00CA
    { 15, 26, 283, 2, 26, 98, 3237 }, // U+00CB
    { 7, 28, 147, 1, 28, 49, 3335 }, // U+00CC
    { 8, 28, 147, 1, 28, 56, 3384 }, // U+00CD
    { 10, 28, 147, 0, 28, 70, 3440 }, // U+00CE
    { 12, 26, 147, -1, 26, 78, 3510 }, // U+00CF
    { 21, 20, 349, 0, 20, 105, 3588 }, // U+00D0
    { 18, 27, 353, 2, 27, 122, 3693 }, // U+00D1
    { 21, 28, 369, 1, 28, 147, 3815 }, // U+00D2
    { 21, 28, 369, 1, 28, 147, 3962 }, // U+00D3
    { 21, 28, 369, 1, 28, 147, 4109 }, // U+00D4
    { 21, 27, 369, 1, 27, 142, 4256 }, // U+00D5
    { 21, 26, 369, 1, 26, 137, 4398 }, // U+00D6
    { 14, 13, 265, 1, 15, 46, 4535 }, // U+00D7
    { 21, 22, 369, 1, 21, 116, 4581 }, // U+00D8
    { 17, 28, 330, 2, 28, 119, 4697 }, // U+00D9
    { 17, 28, 330, 2, 28, 119, 4816 }, // U+00DA
    { 17, 28, 330, 2, 28, 119, 4935 }, // U+00DB
    { 17, 26, 330, 2, 26, 111, 5054 }, // U+00DC
    { 20, 28, 309, 0, 28, 140, 5165 }, // U+00DD
    { 16, 20, 301, 2, 20, 80, 5305 }, // U+00DE
    { 17, 23, 308, 2, 23, 98, 5385 }, // U+00DF
    { 14, 23, 258, 1, 23, 81, 5483 }, // U+00E0
    { 14, 23, 258, 1, 23, 81, 5564 }, // U+00E1
    { 14, 23, 258, 1, 23, 81, 5645 }, // U+00E2
    { 14, 22, 258, 1, 22, 77, 5726 }, // U+00E3
    { 14, 21, 258, 1, 21, 74, 5803 }, // U+00E4
    { 14, 24, 258, 1, 24, 84, 5877 }, // U+00E5
    { 24, 15, 408, 1, 15, 90, 5961 }, // U+00E6
    { 13, 21, 233, 1, 15, 69, 6051 }, // U+00E7
    { 15, 23, 273, 1, 23, 87, 6120 }, // U+00E8
    { 15, 23, 273, 1, 23, 87, 6207 }, // U+00E9
    { 15, 23, 273, 1, 23, 87, 6294 }, // U+00EA
    { 15, 21, 273, 1, 21, 79, 6381 }, // U+00EB
    { 8, 23, 135, 0, 23, 46, 6460 }, // U+00EC
    { 7, 23, 135, 1, 23, 41, 6506 }, // U+00ED
    { 10, 23, 135, -1, 23, 58, 6547 }, // U+00EE
    { 12, 21, 135, -2, 21, 63, 6605 }, // U+00EF
    { 16, 23, 281, 1, 23, 92, 6668 }, // U+00F0
    { 14, 22, 275, 2, 22, 77, 6760 }, // U+00F1
    { 16, 23, 283, 1, 23, 92, 6837 }, // U+00F2
    { 16, 23, 283, 1, 23, 92, 6929 }, // U+00F3
    { 16, 23, 283, 1, 23, 92, 7021 }, // U+00F4
    { 16, 22, 283, 1, 22, 88, 7113 }, // U+00F5
    { 16, 21, 283, 1, 21, 84, 7201 }, // U+00F6
    { 15, 18, 265, 1, 18, 68, 7285 }, // U+00F7
    { 16, 17, 283, 1, 16, 68, 7353 }, // U+00F8
    { 15, 23, 275, 1, 23, 87, 7421 }, // U+00F9
    { 15, 23, 275, 1, 23, 87, 7508 }, // U+00FA
    { 15, 23, 275, 1, 23, 87, 7595 }, // U+00FB
    { 15, 21, 275, 1, 21, 79, 7682 }, // U+00FC
    { 16, 28, 255, 0, 23, 112, 7761 }, // U+00FD
    { 15, 28, 282, 2, 23, 105, 7873 }, // U+00FE
    { 16, 26, 255, 0, 21, 104, 7978 }, // U+00FF
    { 21, 25, 337, 0, 25, 132, 0 }, // U+0100
    { 14, 21, 258, 1, 21, 74, 132 }, // U+0101
    { 21, 26, 337, 0, 26, 137, 206 }, // U+0102
    { 14, 22, 258, 1, 22, 77, 343 }, // U+0103
    { 22, 26, 337, 0, 20, 143, 420 }, // U+0104
    { 14, 21, 258, 1, 15, 74, 563 }, // U+0105
    { 18, 28, 302, 1, 28, 126, 637 }, // U+0106
    { 13, 23, 233, 1, 23, 75, 763 }, // U+0107
    { 18, 28, 302, 1, 28, 126, 838 }, // U+0108
    { 13, 23, 233, 1, 23, 75, 964 }, // U+0109
    { 18, 27, 302, 1, 27, 122, 1039 }, // U+010A
    { 13, 22, 233, 1, 22, 72, 1161 }, // U+010B
    { 18, 28, 302, 1, 28, 126, 1233 }, // U+010C
    { 13, 23, 233, 1, 23, 75, 1359 }, // U+010D
    { 18, 28, 344, 2, 28, 126, 1434 }, // U+010E
    { 21, 23, 320, 1, 23, 121, 1560 }, // U+010F
    { 21, 20, 349, 0, 20, 105, 1681 }, // U+0110
    { 17, 23, 283, 1, 23, 98, 1786 }, // U+0111
    { 15, 25, 283, 2, 25, 94, 1884 }, // U+0112
    { 15, 21, 273, 1, 21, 79, 1978 }, // U+0113
    { 15, 26, 283, 2, 26, 98, 2057 }, // U+0114
    { 15, 22, 273, 1, 22, 83, 2155 }, // U+0115
    { 15, 27, 283, 2, 27, 102, 2238 }, // U+0116
    { 15, 22, 273, 1, 22, 83, 2340 }, // U+0117
    { 16, 26, 283, 2, 20, 104, 2423 }, // U+0118
    { 15, 21, 273, 1, 15, 79, 2527 }, // U+0119
    { 15, 28, 283, 2, 28, 105, 2606 }, // U+011A
    { 15, 23, 273, 1, 23, 87, 2711 }, // U+011B
    { 18, 28, 328, 1, 28, 126, 2798 }, // U+011C
    { 15, 28, 277, 1, 23, 105, 2924 }, // U+011D
    { 18, 26, 328, 1, 26, 117, 3029 }, // U+011E
    { 15, 27, 277, 1, 22, 102, 3146 }, // U+011F
    { 18, 27, 328, 1, 27, 122, 3248 }, // U+0120
    { 15, 27, 277, 1, 22, 102, 3370 }, // U+0121
    { 18, 27, 328, 1, 20, 122, 3472 }, // U+0122
    { 15, 28, 277, 1, 23, 105, 3594 }, // U+0123
    { 17, 28, 343, 2, 28, 119, 3699 }, // U+0124
    { 15, 29, 275, 1, 29, 109, 3818 }, // U+0125
    { 22, 20, 353, 0, 20, 110, 3927 }, // U+0126
    { 16, 23, 280, 0, 23, 92, 4037 }, // U+0127
    { 11, 27, 147, -1, 27, 75, 4129 }, // U+0128
    { 12, 22, 135, -2, 22, 66, 4204 }, // U+0129
    { 11, 25, 147, -1, 25, 69, 4270 }, // U+012A
    { 10, 21, 135, -1, 21, 53, 4339 }, // U+012B
    { 10, 26, 147, 0, 26, 65, 4392 }, // U+012C
    { 10, 22, 135, -1, 22, 55, 4457 }, // U+012D
    { 8, 26, 147, 0, 20, 52, 4512 }, // U+012E
    { 7, 29, 135, 0, 23, 51, 4564 }, // U+012F
    { 5, 27, 147, 2, 27, 34, 4615 }, // U+0130
    { 5, 15, 135, 2, 15, 19, 4649 }, // U+0131
    { 21, 20, 393, 2, 20, 105, 4668 }, // U+0132
    { 15, 28, 269, 1, 23, 105, 4773 }, // U+0133
    { 16, 28, 247, 0, 28, 112, 4878 }, // U+0134
    { 12, 28, 135, -3, 23, 84, 4990 }, // U+0135
    { 18, 27, 319, 2, 20, 122, 5074 }, // U+0136
    { 15, 30, 270, 2, 23, 113, 5196 }, // U+0137
    { 15, 15, 272, 2, 15, 57, 5309 }, // U+0138
    { 14, 28, 263, 2, 28, 98, 5366 }, // U+0139
    { 8, 29, 147, 1, 29, 58, 5464 }, // U+013A
    { 14, 27, 263, 2, 20, 95, 5522 }, // U+013B
    { 8, 30, 147, 1, 23, 60, 5617 }, // U+013C
    { 14, 21, 263, 2, 21, 74, 5677 }, // U+013D
    { 10, 23, 173, 2, 23, 58, 5751 }, // U+013E
    { 14, 20, 263, 2, 20, 70, 5809 }, // U+013F
    { 13, 23, 242, 2, 23, 75, 5879 }, // U+0140
    { 17, 20, 277, 0, 20, 85, 5954 }, // U+0141
    { 12, 23, 170, -1, 23, 69, 6039 }, // U+0142
    { 18, 28, 353, 2, 28, 126, 6108 }, // U+0143
    { 14, 23, 275, 2, 23, 81, 6234 }, // U+0144
    { 18, 27, 353, 2, 20, 122, 6315 }, // U+0145
    { 14, 22, 275, 2, 15, 77, 6437 }, // U+0146
    { 18, 28, 353, 2, 28, 126, 6514 }, // U+0147
    { 14, 23, 275, 2, 23, 81, 6640 }, // U+0148
    { 18, 23, 289, -1, 23, 104, 6721 }, // U+0149
    { 18, 26, 353, 2, 20, 117, 6825 }, // U+014A
    { 14, 20, 275, 2, 15, 70, 6942 }, // U+014B
    { 21, 25, 369, 1, 25, 132, 7012 }, // U+014C
    { 16, 21, 283, 1, 21, 84, 7144 }, // U+014D
    { 21, 26, 369, 1, 26, 137, 7228 }, // U+014E
    { 16, 22, 283, 1, 22, 88, 7365 }, // U+014F
    { 21, 28, 369, 1, 28, 147, 7453 }, // U+0150
    { 16, 23, 283, 1, 23, 92, 7600 }, // U+0151
    { 27, 20, 465, 1, 20, 135, 7692 }, // U+0152
    { 25, 15, 437, 1, 15, 94, 7827 }, // U+0153
    { 17, 28, 311, 2, 28, 119, 7921 }, // U+0154
    { 10, 23, 197, 2, 23, 58, 8040 }, // U+0155
    { 17, 27, 311, 2, 20, 115, 8098 }, // U+0156
    { 12, 22, 197, 0, 15, 66, 8213 }, // U+0157
    { 17, 28, 311, 2, 28, 119, 8279 }, // U+0158
    { 10, 23, 197, 2, 23, 58, 8398 }, // U+0159
    { 15, 28, 272, 1, 28, 105, 8456 }, // U+015A
    { 12, 23, 226, 1, 23, 69, 8561 }, // U+015B
    { 15, 28, 272, 1, 28, 105, 8630 }, // U+015C
    { 12, 23, 226, 1, 23, 69, 8735 }, // U+015D
    { 15, 26, 272, 1, 20, 98, 8804 }, // U+015E
    { 12, 21, 226, 1, 15, 63, 8902 }, // U+015F
    { 15, 28, 272, 1, 28, 105, 8965 }, // U+0160
    { 12, 23, 226, 1, 23, 69, 9070 }, // U+0161
    { 18, 27, 287, 0, 20, 122, 9139 }, // U+0162
    { 11, 27, 207, 1, 20, 75, 9261 }, // U+0163
    { 18, 28, 287, 0, 28, 126, 9336 }, // U+0164
    { 11, 23, 207, 1, 23, 64, 9462 }, // U+0165
    { 18, 20, 287, 0, 20, 90, 9526 }, // U+0166
    { 11, 20, 207, 1, 20, 55, 9616 }, // U+0167
    { 17, 27, 330, 2, 27, 115, 9671 }, // U+0168
    { 15, 22, 275, 1, 22, 83, 9786 }, // U+0169
    { 17, 25, 330, 2, 25, 107, 9869 }, // U+016A
    { 15, 21, 275, 1, 21, 79, 9976 }, // U+016B
    { 17, 26, 330, 2, 26, 111, 10055 }, // U+016C
    { 15, 22, 275, 1, 22, 83, 10166 }, // U+016D
    { 17, 28, 330, 2, 28, 119, 10249 }, // U+016E
    { 15, 24, 275, 1, 24, 90, 10368 }, // U+016F
    { 17, 28, 330, 2, 28, 119, 10458 }, // U+0170
    { 15, 23, 275, 1, 23, 87, 10577 }, // U+0171
    { 17, 26, 330, 2, 20, 111, 10664 }, // U+0172
    { 15, 21, 275, 1, 15, 79, 10775 }, // U+0173
    { 27, 28, 442, 0, 28, 189, 10854 }, // U+0174
    { 23, 23, 366, 0, 23, 133, 11043 }, // U+0175
    { 20, 28, 309, 0, 28, 140, 11176 }, // U+0176
    { 16, 28, 255, 0, 23, 112, 11316 }, // U+0177
    { 20, 26, 309, 0, 26, 130, 11428 }, // U+0178
    { 16, 28, 285, 1, 28, 112, 11558 }, // U+0179
    { 13, 23, 233, 1, 23, 75, 11670 }, // U+017A
    { 16, 27, 285, 1, 27, 108, 11745 }, // U+017B
    { 13, 22, 233, 1, 22, 72, 11853 }, // U+017C
    { 16, 28, 285, 1, 28, 112, 11925 }, // U+017D
    { 13, 23, 233, 1, 23, 75, 12037 }, // U+017E
    { 11, 23, 154, 2, 23, 64, 12112 }, // U+017F
    { 21, 23, 369, 1, 23, 121, 0 }, // U+01A0
    { 17, 18, 283, 1, 18, 77, 121 }, // U+01A1
    { 20, 23, 349, 2, 23, 115, 198 }, // U+01AF
    { 18, 18, 292, 1, 18, 81, 313 }, // U+01B0
    { 35, 28, 607, 2, 28, 245, 394 }, // U+01C4
    { 33, 23, 567, 2, 23, 190, 639 }, // U+01C5
    { 30, 23, 511, 1, 23, 173, 829 }, // U+01C6
    { 28, 20, 509, 2, 20, 140, 1002 }, // U+01C7
    { 21, 28, 396, 2, 23, 147, 1142 }, // U+01C8
    { 14, 28, 281, 2, 23, 98, 1289 }, // U+01C9
    { 34, 20, 598, 2, 20, 170, 1387 }, // U+01CA
    { 27, 28, 487, 2, 23, 189, 1557 }, // U+01CB
    { 22, 28, 410, 2, 23, 154, 1746 }, // U+01CC
    { 21, 28, 337, 0, 28, 147, 1900 }, // U+01CD
    { 14, 23, 258, 1, 23, 81, 2047 }, // U+01CE
    { 10, 28, 147, 0, 28, 70, 2128 }, // U+01CF
    { 10, 23, 135, -1, 23, 58, 2198 }, // U+01D0
    { 21, 28, 369, 1, 28, 147, 2256 }, // U+01D1
    { 16, 23, 283, 1, 23, 92, 2403 }, // U+01D2
    { 17, 28, 330, 2, 28, 119, 2495 }, // U+01D3
    { 15, 23, 275, 1, 23, 87, 2614 }, // U+01D4
    { 17, 28, 330, 2, 28, 119, 2701 }, // U+01D5
    { 15, 24, 275, 1, 24, 90, 2820 }, // U+01D6
    { 17, 29, 330, 2, 29, 124, 2910 }, // U+01D7
    { 15, 26, 275, 1, 26, 98, 3034 }, // U+01D8
    { 17, 29, 330, 2, 29, 124, 3132 }, // U+01D9
    { 15, 26, 275, 1, 26, 98, 3256 }, // U+01DA
    { 17, 29, 330, 2, 29, 124, 3354 }, // U+01DB
    { 15, 26, 275, 1, 26, 98, 3478 }, // U+01DC
    { 15, 15, 273, 1, 15, 57, 3576 }, // U+01DD
    { 21, 28, 337, 0, 28, 147, 3633 }, // U+01DE
    { 14, 24, 258, 1, 24, 84, 3780 }, // U+01DF
    { 21, 28, 337, 0, 28, 147, 3864 }, // U+01E0
    { 14, 24, 258, 1, 24, 84, 4011 }, // U+01E1
    { 28, 25, 464, 0, 25, 175, 4095 }, // U+01E2
    { 24, 21, 408, 1, 21, 126, 4270 }, // U+01E3
    { 20, 20, 340, 1, 20, 100, 4396 }, // U+01E4
    { 17, 20, 281, 1, 15, 85, 4496 }, // U+01E5
    { 18, 28, 328, 1, 28, 126, 4581 }, // U+01E6
    { 15, 28, 277, 1, 23, 105, 4707 }, // U+01E7
    { 18, 28, 319, 2, 28, 126, 4812 }, // U+01E8
    { 15, 29, 270, 2, 29, 109, 4938 }, // U+01E9
    { 21, 26, 369, 1, 20, 137, 5047 }, // U+01EA
    { 16, 21, 283, 1, 15, 84, 5184 }, // U+01EB
    { 21, 31, 369, 1, 25, 163, 5268 }, // U+01EC
    { 16, 27, 283, 1, 21, 108, 5431 }, // U+01ED
    { 17, 28, 287, 0, 28, 119, 5539 }, // U+01EE
    { 14, 29, 240, 0, 24, 102, 5658 }, // U+01EF
    { 12, 28, 135, -3, 23, 84, 5760 }, // U+01F0
    { 35, 20, 607, 2, 20, 175, 5844 }, // U+01F1
    { 33, 20, 567, 2, 20, 165, 6019 }, // U+01F2
    { 30, 23, 511, 1, 23, 173, 6184 }, // U+01F3
    { 18, 28, 328, 1, 28, 126, 6357 }, // U+01F4
    { 15, 28, 277, 1, 23, 105, 6483 }, // U+01F5
    { 28, 20, 495, 2, 20, 140, 6588 }, // U+01F6
    { 17, 25, 313, 2, 20, 107, 6728 }, // U+01F7
    { 18, 28, 353, 2, 28, 126, 6835 }, // U+01F8
    { 14, 23, 275, 2, 23, 81, 6961 }, // U+01F9
    { 21, 29, 337, 0, 29, 153, 7042 }, // U+01FA
    { 14, 28, 258, 1, 28, 98, 7195 }, // U+01FB
    { 28, 28, 464, 0, 28, 196, 7293 }, // U+01FC
    { 24, 23, 408, 1, 23, 138, 7489 }, // U+01FD
    { 21, 29, 369, 1, 28, 153, 7627 }, // U+01FE
    { 16, 24, 283, 1, 23, 96, 7780 }, // U+01FF
    { 21, 28, 337, 0, 28, 147, 7876 }, // U+0200
    { 14, 23, 258, 1, 23, 81, 8023 }, // U+0201
    { 21, 27, 337, 0, 27, 142, 8104 }, // U+0202
    { 14, 22, 258, 1, 22, 77, 8246 }, // U+0203
    { 15, 28, 283, 2, 28, 105, 8323 }, // U+0204
    { 15, 23, 273, 1, 23, 87, 8428 }, // U+0205
    { 15, 27, 283, 2, 27, 102, 8515 }, // U+0206
    { 15, 22, 273, 1, 22, 83, 8617 }, // U+0207
    { 13, 28, 147, -3, 28, 91, 8700 }, // U+0208
    { 13, 23, 135, -3, 23, 75, 8791 }, // U+0209
    { 11, 27, 147, -1, 27, 75, 8866 }, // U+020A
    { 10, 22, 135, -1, 22, 55, 8941 }, // U+020B
    { 21, 28, 369, 1, 28, 147, 8996 }, // U+020C
    { 16, 23, 283, 1, 23, 92, 9143 }, // U+020D
    { 21, 27, 369, 1, 27, 142, 9235 }, // U+020E
    { 16, 22, 283, 1, 22, 88, 9377 }, // U+020F
    { 17, 28, 311, 2, 28, 119, 9465 }, // U+0210
    { 12, 23, 197, 0, 23, 69, 9584 }, // U+0211
    { 17, 27, 311, 2, 27, 115, 9653 }, // U+0212
    { 10, 22, 197, 2, 22, 55, 9768 }, // U+0213
    { 17, 28, 330, 2, 28, 119, 9823 }, // U+0214
    { 15, 23, 275, 1, 23, 87, 9942 }, // U+0215
    { 17, 27, 330, 2, 27, 115, 10029 }, // U+0216
    { 15, 22, 275, 1, 22, 83, 10144 }, // U+0217
    { 15, 27, 272, 1, 20, 102, 10227 }, // U+0218
    { 12, 22, 226, 1, 15, 66, 10329 }, // U+0219
    { 18, 27, 287, 0, 20, 122, 10395 }, // U+021A
    { 11, 27, 207, 1, 20, 75, 10517 }, // U+021B
    { 15, 25, 265, 0, 20, 94, 10592 }, // U+021C
    { 13, 20, 223, 0, 15, 65, 10686 }, // U+021D
    { 17, 28, 343, 2, 28, 119, 10751 }, // U+021E
    { 14, 29, 275, 2, 29, 102, 10870 }, // U+021F
    { 10, 5, 0, -5, 23, 13, 0 }, // U+0302
    { 12, 4, 0, -6, 22, 12, 13 }, // U+0303
    { 14, 3, 0, -7, 26, 11, 25 }, // U+0305
    { 4, 3, 0, -2, 21, 3, 36 }, // U+0307
    { 10, 3, 0, -5, 21, 8, 39 }, // U+0308
    { 11, 5, 182, 0, 22, 14, 47 }, // U+0311
    { 12, 4, 0, -6, -1, 12, 61 }, // U+0330
    { 21, 28, 337, 0, 21, 147, 0 }, // U+1EA0
    { 14, 23, 258, 1, 16, 81, 147 }, // U+1EA1
    { 21, 28, 337, 0, 28, 147, 228 }, // U+1EA2
    { 14, 24, 258, 1, 23, 84, 375 }, // U+1EA3
    { 21, 32, 337, 0, 32, 168, 459 }, // U+1EA4
    { 17, 28, 258, 1, 27, 119, 627 }, // U+1EA5
    { 21, 32, 337, 0, 32, 168, 746 }, // U+1EA6
    { 14, 28, 258, 1, 27, 98, 914 }, // U+1EA7
    { 21, 33, 337, 0, 33, 174, 1012 }, // U+1EA8
    { 16, 29, 258, 1, 28, 116, 1186 }, // U+1EA9
    { 21, 33, 337, 0, 33, 174, 1302 }, // U+1EAA
    { 14, 29, 258, 1, 28, 102, 1476 }, // U+1EAB
    { 21, 35, 337, 0, 28, 184, 1578 }, // U+1EAC
    { 14, 30, 258, 1, 23, 105, 1762 }, // U+1EAD
    { 21, 33, 337, 0, 33, 174, 1867 }, // U+1EAE
    { 14, 30, 258, 1, 29, 105, 2041 }, // U+1EAF
    { 21, 33, 337, 0, 33, 174, 2146 }, // U+1EB0
    { 14, 30, 258, 1, 29, 105, 2320 }, // U+1EB1
    { 21, 35, 337, 0, 35, 184, 2425 }, // U+1EB2
    { 14, 31, 258, 1, 30, 109, 2609 }, // U+1EB3
    { 21, 33, 337, 0, 33, 174, 2718 }, // U+1EB4
    { 14, 29, 258, 1, 28, 102, 2892 }, // U+1EB5
    { 21, 34, 337, 0, 27, 179, 2994 }, // U+1EB6
    { 14, 30, 258, 1, 23, 105, 3173 }, // U+1EB7
    { 15, 28, 283, 2, 21, 105, 3278 }, // U+1EB8
    { 15, 23, 273, 1, 16, 87, 3383 }, // U+1EB9
    { 15, 28, 283, 2, 28, 105, 3470 }, // U+1EBA
    { 15, 24, 273, 1, 23, 90, 3575 }, // U+1EBB
    { 15, 27, 283, 2, 27, 102, 3665 }, // U+1EBC
    { 15, 24, 273, 1, 23, 90, 3767 }, // U+1EBD
    { 17, 32, 283, 2, 32, 136, 3857 }, // U+1EBE
    { 17, 28, 273, 1, 27, 119, 3993 }, // U+1EBF
    { 15, 32, 283, 2, 32, 120, 4112 }, // U+1EC0
    { 15, 28, 273, 1, 27, 105, 4232 }, // U+1EC1
    { 16, 33, 283, 2, 33, 132, 4337 }, // U+1EC2
    { 17, 28, 273, 1, 27, 119, 4469 }, // U+1EC3
    { 15, 33, 283, 2, 33, 124, 4588 }, // U+1EC4
    { 15, 29, 273, 1, 28, 109, 4712 }, // U+1EC5
    { 15, 35, 283, 2, 28, 132, 4821 }, // U+1EC6
    { 15, 30, 273, 1, 23, 113, 4953 }, // U+1EC7
    { 7, 28, 147, 1, 28, 49, 5066 }, // U+1EC8
    { 8, 23, 135, 0, 23, 46, 5115 }, // U+1EC9
    { 5, 28, 147, 2, 21, 35, 5161 }, // U+1ECA
    { 6, 30, 135, 1, 23, 45, 5196 }, // U+1ECB
    { 21, 28, 369, 1, 21, 147, 5241 }, // U+1ECC
    { 16, 23, 283, 1, 16, 92, 5388 }, // U+1ECD
    { 21, 29, 369, 1, 28, 153, 5480 }, // U+1ECE
    { 16, 24, 283, 1, 23, 96, 5633 }, // U+1ECF
    { 21, 33, 369, 1, 32, 174, 5729 }, // U+1ED0
    { 18, 28, 283, 1, 27, 126, 5903 }, // U+1ED1
    { 21, 34, 369, 1, 33, 179, 6029 }, // U+1ED2
    { 16, 29, 283, 1, 28, 116, 6208 }, // U+1ED3
    { 21, 34, 369, 1, 33, 179, 6324 }, // U+1ED4
    { 17, 29, 283, 1, 28, 124, 6503 }, // U+1ED5
    { 21, 35, 369, 1, 34, 184, 6627 }, // U+1ED6
    { 16, 29, 283, 1, 28, 116, 6811 }, // U+1ED7
    { 21, 35, 369, 1, 28, 184, 6927 }, // U+1ED8
    { 16, 30, 283, 1, 23, 120, 7111 }, // U+1ED9
    { 21, 29, 369, 1, 28, 153, 7231 }, // U+1EDA
    { 17, 25, 283, 1, 24, 107, 7384 }, // U+1EDB
    { 21, 29, 369, 1, 28, 153, 7491 }, // U+1EDC
    { 17, 25, 283, 1, 24, 107, 7644 }, // U+1EDD
    { 21, 29, 369, 1, 28, 153, 7751 }, // U+1EDE
    { 17, 24, 283, 1, 23, 102, 7904 }, // U+1EDF
    { 21, 28, 369, 1, 27, 147, 8006 }, // U+1EE0
    { 17, 24, 283, 1, 23, 102, 8153 }, // U+1EE1
    { 21, 31, 369, 1, 24, 163, 8255 }, // U+1EE2
    { 17, 26, 283, 1, 19, 111, 8418 }, // U+1EE3
    { 17, 28, 330, 2, 21, 119, 8529 }, // U+1EE4
    { 15, 23, 275, 1, 16, 87, 8648 }, // U+1EE5
    { 17, 29, 330, 2, 28, 124, 8735 }, // U+1EE6
    { 15, 24, 275, 1, 23, 90, 8859 }, // U+1EE7
    { 21, 29, 349, 2, 28, 153, 8949 }, // U+1EE8
    { 18, 25, 292, 1, 24, 113, 9102 }, // U+1EE9
    { 21, 29, 349, 2, 28, 153, 9215 }, // U+1EEA
    { 18, 25, 292, 1, 24, 113, 9368 }, // U+1EEB
    { 21, 29, 349, 2, 28, 153, 9481 }, // U+1EEC
    { 18, 24, 292, 1, 23, 108, 9634 }, // U+1EED
    { 21, 28, 349, 2, 27, 147, 9742 }, // U+1EEE
    { 18, 24, 292, 1, 23, 108, 9889 }, // U+1EEF
    { 21, 31, 349, 2, 24, 163, 9997 }, // U+1EF0
    { 18, 26, 292, 1, 19, 117, 10160 }, // U+1EF1
    { 20, 28, 309, 0, 28, 140, 10277 }, // U+1EF2
    { 16, 28, 255, 0, 23, 112, 10417 }, // U+1EF3
    { 20, 28, 309, 0, 21, 140, 10529 }, // U+1EF4
    { 17, 22, 255, 0, 16, 94, 10669 }, // U+1EF5
    { 20, 28, 309, 0, 28, 140, 10763 }, // U+1EF6
    { 16, 29, 255, 0, 23, 116, 10903 }, // U+1EF7
    { 20, 27, 309, 0, 27, 135, 11019 }, // U+1EF8
    { 16, 29, 255, 0, 23, 116, 11154 }, // U+1EF9
    { 15, 4, 233, 0, 11, 15, 0 }, // U+2013
    { 29, 4, 467, 0, 11, 29, 15 }, // U+2014
    { 29, 4, 467, 0, 11, 29, 44 }, // U+2015
    { 6, 9, 113, 1, 23, 14, 73 }, // U+2018
    { 6, 9, 113, 0, 23, 14, 87 }, // U+2019
    { 6, 9, 113, 0, 5, 14, 101 }, // U+201A
    { 12, 9, 212, 1, 23, 27, 115 }, // U+201C
    { 12, 9, 212, 0, 23, 27, 142 }, // U+201D
    { 12, 9, 212, 0, 5, 27, 169 }, // U+201E
    { 13, 24, 231, 1, 20, 78, 196 }, // U+2020
    { 13, 24, 231, 1, 20, 78, 274 }, // U+2021
    { 9, 8, 170, 1, 14, 18, 352 }, // U+2022
    { 27, 5, 467, 1, 5, 34, 370 }, // U+2026
    { 37, 20, 616, 1, 20, 185, 404 }, // U+2030
    { 7, 8, 108, 1, 21, 14, 589 }, // U+2032
    { 12, 8, 190, 1, 21, 24, 603 }, // U+2033
    { 17, 8, 273, 1, 21, 34, 627 }, // U+2034
    { 7, 8, 108, -1, 21, 14, 661 }, // U+2035
    { 12, 8, 205, -1, 21, 24, 675 }, // U+2036
    { 17, 8, 281, -1, 21, 34, 699 }, // U+2037
    { 9, 15, 153, 0, 16, 34, 733 }, // U+2039
    { 9, 15, 153, 0, 16, 34, 767 }, // U+203A
    { 15, 21, 71, -5, 21, 79, 801 }, // U+2044
    { 22, 8, 346, 1, 21, 44, 880 }, // U+2057
    { 11, 12, 169, 0, 20, 33, 0 }, // U+2070
    { 11, 12, 169, 0, 20, 33, 33 }, // U+2074
    { 10, 12, 169, 0, 20, 30, 66 }, // U+2075
    { 10, 12, 169, 0, 20, 30, 96 }, // U+2076
    { 10, 12, 169, 0, 20, 30, 126 }, // U+2077
    { 10, 12, 169, 0, 20, 30, 156 }, // U+2078
    { 10, 12, 169, 0, 20, 30, 186 }, // U+2079
    { 11, 12, 169, 0, 11, 33, 216 }, // U+2080
    { 7, 11, 169, 1, 11, 20, 249 }, // U+2081
    { 10, 11, 169, 0, 11, 28, 269 }, // U+2082
    { 10, 12, 169, 0, 11, 30, 297 }, // U+2083
    { 11, 12, 169, 0, 11, 33, 327 }, // U+2084
    { 10, 12, 169, 0, 11, 30, 360 }, // U+2085
    { 10, 12, 169, 0, 11, 30, 390 }, // U+2086
    { 10, 12, 169, 0, 11, 30, 420 }, // U+2087
    { 10, 12, 169, 0, 11, 30, 450 }, // U+2088
    { 10, 12, 169, 0, 11, 30, 480 }, // U+2089
    { 16, 20, 265, 1, 20, 80, 0 }, // U+20AC
    { 17, 20, 265, 0, 20, 85, 80 }, // U+20AE
    { 16, 20, 265, 0, 20, 80, 165 }, // U+20B4
    { 17, 20, 265, 1, 20, 85, 245 }, // U+20B9
    { 21, 9, 371, 1, 14, 48, 0 }, // U+2190
    { 9, 20, 204, 2, 20, 45, 48 }, // U+2191
    { 21, 9, 371, 1, 14, 48, 93 }, // U+2192
    { 9, 20, 204, 2, 20, 45, 141 }, // U+2193
    { 24, 9, 413, 1, 14, 54, 186 }, // U+2194
    { 9, 23, 204, 2, 20, 52, 240 }, // U+2195
    { 16, 16, 288, 1, 18, 64, 292 }, // U+2196
    { 16, 16, 288, 1, 18, 64, 356 }, // U+2197
    { 16, 16, 288, 1, 18, 64, 420 }, // U+2198
    { 16, 16, 288, 1, 18, 64, 484 }, // U+2199
    { 16, 20, 286, 1, 20, 80, 0 }, // U+2202
    { 22, 23, 391, 1, 22, 127, 80 }, // U+2205
    { 20, 20, 323, 0, 20, 100, 207 }, // U+2206
    { 17, 23, 341, 2, 20, 98, 307 }, // U+220F
    { 17, 28, 303, 1, 21, 119, 405 }, // U+2210
    { 16, 23, 253, 0, 20, 92, 524 }, // U+2211
    { 19, 20, 281, 0, 20, 95, 616 }, // U+221A
    { 18, 9, 297, 0, 13, 41, 711 }, // U+221E
    { 16, 13, 265, 0, 15, 52, 752 }, // U+2248
    { 15, 19, 265, 1, 19, 72, 804 }, // U+2260
    { 15, 12, 267, 1, 16, 45, 876 }, // U+2261
    { 15, 19, 267, 1, 20, 72, 921 }, // U+2262
    { 15, 17, 267, 1, 19, 64, 993 }, // U+2263
    { 15, 18, 265, 1, 18, 68, 1057 }, // U+2264
    { 15, 18, 265, 1, 18, 68, 1125 }, // U+2265
    { 22, 23, 389, 1, 22, 127, 0 }, // U+25A0
    { 23, 23, 389, 1, 22, 133, 127 }, // U+25A1
    { 23, 23, 393, 1, 22, 133, 260 }, // U+25A2
    { 22, 21, 389, 1, 21, 116, 393 }, // U+25A3
    { 23, 23, 389, 1, 22, 133, 509 }, // U+25A4
    { 23, 23, 389, 1, 22, 133, 642 }, // U+25A5
    { 23, 23, 389, 1, 22, 133, 775 }, // U+25A6
    { 23, 23, 389, 1, 22, 133, 908 }, // U+25A7
    { 23, 23, 389, 1, 22, 133, 1041 }, // U+25A8
    { 23, 23, 389, 1, 22, 133, 1174 }, // U+25A9
    { 8, 9, 163, 1, 15, 18, 1307 }, // U+25AA
    { 9, 9, 164, 1, 15, 21, 1325 }, // U+25AB
    { 30, 9, 467, 0, 11, 68, 1346 }, // U+25AC
    { 30, 10, 467, 0, 11, 75, 1414 }, // U+25AD
    { 9, 30, 467, 10, 21, 68, 1489 }, // U+25AE
    { 10, 29, 188, 1, 21, 73, 1557 }, // U+25AF
    { 30, 9, 467, 0, 11, 68, 1630 }, // U+25B0
    { 30, 10, 467, 0, 11, 75, 1698 }, // U+25B1
    { 24, 21, 423, 1, 21, 126, 1773 }, // U+25B2
    { 24, 20, 423, 1, 20, 120, 1899 }, // U+25B3
    { 9, 9, 173, 1, 14, 21, 2019 }, // U+25B4
    { 9, 9, 173, 1, 14, 21, 2040 }, // U+25B5
    { 21, 24, 373, 1, 22, 126, 2061 }, // U+25B6
    { 21, 24, 373, 1, 22, 126, 2187 }, // U+25B7
    { 9, 9, 173, 1, 14, 21, 2313 }, // U+25B8
    { 9, 9, 173, 1, 14, 21, 2334 }, // U+25B9
    { 19, 11, 342, 1, 15, 53, 2355 }, // U+25BA
    { 20, 11, 342, 1, 15, 55, 2408 }, // U+25BB
    { 24, 21, 423, 1, 21, 126, 2463 }, // U+25BC
    { 24, 21, 423, 1, 20, 126, 2589 }, // U+25BD
    { 9, 9, 173, 1, 14, 21, 2715 }, // U+25BE
    { 9, 9, 173, 1, 14, 21, 2736 }, // U+25BF
    { 21, 24, 373, 1, 22, 126, 2757 }, // U+25C0
    { 21, 24, 373, 1, 22, 126, 2883 }, // U+25C1
    { 9, 9, 173, 1, 14, 21, 3009 }, // U+25C2
    { 9, 9, 173, 1, 14, 21, 3030 }, // U+25C3
    { 19, 11, 342, 1, 15, 53, 3051 }, // U+25C4
    { 19, 11, 342, 1, 15, 53, 3104 }, // U+25C5
    { 30, 31, 518, 1, 26, 233, 3157 }, // U+25C6
    { 30, 31, 518, 1, 26, 233, 3390 }, // U+25C7
    { 30, 31, 518, 1, 26, 233, 3623 }, // U+25C8
    { 24, 24, 417, 1, 23, 144, 3856 }, // U+25C9
    { 15, 21, 275, 1, 20, 79, 4000 }, // U+25CA
    { 24, 24, 417, 1, 23, 144, 4079 }, // U+25CB
    { 15, 14, 277, 1, 15, 53, 4223 }, // U+25CC
    { 24, 24, 417, 1, 23, 144, 4276 }, // U+25CD
    { 24, 24, 417, 1, 23, 144, 4420 }, // U+25CE
    { 24, 24, 417, 1, 23, 144, 4564 }, // U+25CF
    { 26, 25, 448, 1, 24, 163, 4708 }, // U+2605
    { 28, 27, 483, 1, 25, 189, 4871 }, // U+2606
    { 22, 24, 387, 1, 22, 132, 5060 }, // U+2713
    { 25, 23, 434, 1, 20, 144, 5192 }, // U+2714
    { 23, 24, 403, 1, 21, 138, 5336 }, // U+2715
    { 23, 23, 395, 1, 19, 133, 5474 }, // U+2716
    { 17, 22, 310, 1, 18, 94, 5607 }, // U+2717
    { 20, 24, 358, 1, 20, 120, 5701 }, // U+2718
    { 23, 23, 393, 2, 23, 133, 0 }, // U+FB00
    { 17, 23, 330, 2, 23, 98, 133 }, // U+FB01
    { 19, 23, 344, 2, 23, 110, 231 }, // U+FB02
    { 30, 23, 526, 2, 23, 173, 341 }, // U+FB03
    { 32, 23, 539, 2, 23, 184, 514 }, // U+FB04
};

static const EpdUnicodeInterval ubuntu_14_boldIntervals[] = {
    { 0x0, 0x17F, 0x0 },
    { 0x1A0, 0x1A1, 0x180 },
    { 0x1AF, 0x1B0, 0x182 },
    { 0x1C4, 0x21F, 0x184 },
    { 0x302, 0x303, 0x1E0 },
    { 0x305, 0x305, 0x1E2 },
    { 0x307, 0x308, 0x1E3 },
    { 0x311, 0x311, 0x1E5 },
    { 0x330, 0x330, 0x1E6 },
    { 0x1EA0, 0x1EF9, 0x1E7 },
    { 0x2013, 0x2015, 0x241 },
    { 0x2018, 0x201A, 0x244 },
    { 0x201C, 0x201E, 0x247 },
    { 0x2020, 0x2022, 0x24A },
    { 0x2026, 0x2026, 0x24D },
    { 0x2030, 0x2030, 0x24E },
    { 0x2032, 0x2037, 0x24F },
    { 0x2039, 0x203A, 0x255 },
    { 0x2044, 0x2044, 0x257 },
    { 0x2057, 0x2057, 0x258 },
    { 0x2070, 0x2070, 0x259 },
    { 0x2074, 0x2079, 0x25A },
    { 0x2080, 0x2089, 0x260 },
    { 0x20AC, 0x20AC, 0x26A },
    { 0x20AE, 0x20AE, 0x26B },
    { 0x20B4, 0x20B4, 0x26C },
    { 0x20B9, 0x20B9, 0x26D },
    { 0x2190, 0x2199, 0x26E },
    { 0x2202, 0x2202, 0x278 },
    { 0x2205, 0x2206, 0x279 },
    { 0x220F, 0x2211, 0x27B },
    { 0x221A, 0x221A, 0x27E },
    { 0x221E, 0x221E, 0x27F },
    { 0x2248, 0x2248, 0x280 },
    { 0x2260, 0x2265, 0x281 },
    { 0x25A0, 0x25CF, 0x287 },
    { 0x2605, 0x2606, 0x2B7 },
    { 0x2713, 0x2718, 0x2B9 },
    { 0xFB00, 0xFB04, 0x2BF },
};

static const EpdFontGroup ubuntu_14_boldGroups[] = {
    { 0, 2733, 7214, 128, 0 },
    { 2733, 2502, 8924, 128, 128 },
    { 5235, 3074, 13390, 128, 256 },
    { 8309, 3032, 12044, 96, 384 },
    { 11341, 73, 78, 7, 480 },
    { 11414, 2174, 12547, 90, 487 },
    { 13588, 478, 1048, 24, 577 },
    { 14066, 236, 595, 17, 601 },
    { 14302, 187, 360, 4, 618 },
    { 14489, 257, 607, 10, 622 },
    { 14746, 524, 1274, 15, 632 },
    { 15270, 2135, 6189, 56, 647 },
    { 17405, 185, 736, 5, 703 },
};

static const uint16_t ubuntu_14_boldKernLeftCodepoints[] = {
    0x0022, 0x0023, 0x0024, 0x0025, 0x0026, 0x0027, 0x0028, 0x0029, 0x002A, 0x002C, 0x002D, 0x002E,
    0x002F, 0x0030, 0x0031, 0x0032, 0x0033, 0x0034, 0x0035, 0x0036, 0x0037, 0x0038, 0x0039, 0x003A,
    0x003B, 0x0040, 0x0041, 0x0042, 0x0043, 0x0044, 0x0045, 0x0046, 0x0047, 0x0048, 0x0049, 0x004A,
    0x004B, 0x004C, 0x004D, 0x004E, 0x004F, 0x0050, 0x0051, 0x0052, 0x0053, 0x0054, 0x0055, 0x0056,
    0x0057, 0x0058, 0x0059, 0x005A, 0x005B, 0x005C, 0x005D, 0x0061, 0x0062, 0x0063, 0x0064, 0x0066,
    0x0067, 0x0068, 0x0069, 0x006A, 0x006B, 0x006C, 0x006D, 0x006E, 0x006F, 0x0070, 0x0071, 0x0072,
    0x0073, 0x0074, 0x0075, 0x0076, 0x0077, 0x0078, 0x0079, 0x007A, 0x007B, 0x007D, 0x00A1, 0x00A3,
    0x00A5, 0x00AB, 0x00B7, 0x00BB, 0x00BF, 0x00C0, 0x00C1, 0x00C2, 0x00C3, 0x00C4, 0x00C5, 0x00C6,
    0x00C7, 0x00C8, 0x00C9, 0x00CA, 0x00CB, 0x00CC, 0x00CD, 0x00CE, 0x00CF, 0x00D0, 0x00D1, 0x00D2,
    0x00D3, 0x00D4, 0x00D5, 0x00D6, 0x00D8, 0x00D9, 0x00DA, 0x00DB, 0x00DC, 0x00DD, 0x00DE, 0x00DF,
    0x00E0, 0x00E1, 0x00E2, 0x00E3, 0x00E4, 0x00E5, 0x00E7, 0x00EC, 0x00ED, 0x00EE, 0x00EF, 0x00F0,
    0x00F1, 0x00F2, 0x00F3, 0x00F4, 0x00F5, 0x00F6, 0x00F8, 0x00F9, 0x00FA, 0x00FB, 0x00FC, 0x00FD,
    0x00FE, 0x00FF, 0x0100, 0x0101, 0x0102, 0x0103, 0x0104, 0x0105, 0x0106, 0x0107, 0x0108, 0x0109,
    0x010A, 0x010B, 0x010C, 0x010D, 0x010E, 0x010F, 0x0110, 0x0111, 0x0112, 0x0114, 0x0116, 0x0118,
    0x011A, 0x011C, 0x011D, 0x011E, 0x011F, 0x0120, 0x0121, 0x0122, 0x0123, 0x0124, 0x0125, 0x0126,
    0x0127, 0x0128, 0x0129, 0x012A, 0x012B, 0x012C, 0x012D, 0x012E, 0x012F, 0x0130, 0x0131, 0x0132,
    0x0133, 0x0134, 0x0135, 0x0136, 0x0137, 0x0138, 0x0139, 0x013A, 0x013B, 0x013C, 0x013D, 0x013E,
    0x013F, 0x0140, 0x0141, 0x0142, 0x0143, 0x0144, 0x0145, 0x0146, 0x0147, 0x0148, 0x0149, 0x014A,
    0x014B, 0x014C, 0x014D, 0x014E, 0x014F, 0x0150, 0x0151, 0x0152, 0x0154, 0x0155, 0x0156, 0x0157,
    0x0158, 0x0159, 0x015A, 0x015B, 0x015C, 0x015D, 0x015E, 0x015F, 0x0160, 0x0161, 0x0162, 0x0163,
    0x0164, 0x0165, 0x0166, 0x0167, 0x0168, 0x0169, 0x016A, 0x016B, 0x016C, 0x016D, 0x016E, 0x016F,
    0x0170, 0x0171, 0x0172, 0x0173, 0x0174, 0x0175, 0x0176, 0x0177, 0x0178, 0x0179, 0x017A, 0x017B,
    0x017C, 0x017D, 0x017E, 0x017F, 0x01A0, 0x01C4, 0x01C5, 0x01C6, 0x01C7, 0x01C8, 0x01C9, 0x01CA,
    0x01CB, 0x01CC, 0x01CD, 0x01CE, 0x01CF, 0x01D0, 0x01D1, 0x01D2, 0x01D3, 0x01D4, 0x01D5, 0x01D6,
    0x01D7, 0x01D8, 0x01D9, 0x01DA, 0x01DB, 0x01DC, 0x01DD, 0x01DE, 0x01DF, 0x01E0, 0x01E1, 0x01E2,
    0x01E4, 0x01E5, 0x01E6, 0x01E7, 0x01E8, 0x01E9, 0x01EA, 0x01EB, 0x01EC, 0x01ED, 0x01EE, 0x01EF,
    0x01F0, 0x01F1, 0x01F2, 0x01F3, 0x01F4, 0x01F5, 0x01F6, 0x01F7, 0x01F8, 0x01F9, 0x01FA, 0x01FB,
    0x01FC, 0x01FE, 0x01FF, 0x0200, 0x0201, 0x0202, 0x0203, 0x0204, 0x0206, 0x0208, 0x0209, 0x020A,
    0x020B, 0x020C, 0x020D, 0x020E, 0x020F, 0x0210, 0x0211, 0x0212, 0x0213, 0x0214, 0x0215, 0x0216,
    0x0217, 0x0218, 0x0219, 0x021A, 0x021B, 0x021C, 0x021E, 0x021F, 0x1EF2, 0x1EF3, 0x2013, 0x2014,
    0x2018, 0x2019, 0x201A, 0x201C, 0x201D, 0x201E, 0x2026, 0x2030, 0x2039, 0x203A, 0xFB00, 0xFB01,
    0xFB02, 0xFB03, 0xFB04,
};

static const uint8_t ubuntu_14_boldKernLeftClassIds[] = {
      1,   2,   3,   4,   5,   1,   6,   7,   8,   9,  10,   9,  11,  12,  13,  14,
     15,  16,  17,  18,  19,  20,  21,  22,  22,  23,  24,  25,  26,  27,  28,  29,
     30,  31,  31,  32,  33,  34,  35,  31,  36,  37,  38,  39,  40,  41,  42,  43,
     44,  45,  46,  47,  48,  49,  50,  51,  52,  53,  54,  55,  56,  57,  58,  59,
     60,  61,  62,  62,  63,  52,  64,  65,  66,  67,  68,  69,  70,  71,  72,  73,
     74,  75,  76,  77,  78,  79,  80,  81,  82,  24,  24,  24,  24,  24,  24,  28,
     26,  28,  28,  28,  28,  31,  31,  31,  31,  27,  31,  36,  36,  36,  36,  36,
     36,  42,  42,  42,  42,  46,  83,  84,  51,  51,  51,  51,  51,  51,  53,  58,
     58,  58,  58,  85,  62,  63,  63,  63,  63,  63,  63,  68,  68,  68,  68,  72,
     86,  72,  24,  51,  24,  51,  24,  51,  26,  53,  26,  53,  26,  53,  26,  53,
     27,  87,  27,  54,  28,  28,  28,  28,  28,  30,  56,  30,  56,  30,  56,  30,
     56,  31,  57,  31,  57,  31,  58,  31,  58,  31,  58,  31,  58,  31,  58,  32,
     59,  32,  59,  33,  60,  60,  34,  61,  34,  61,  34,  87,  34,  61,  34,  61,
     31,  62,  31,  62,  31,  62,  62,  88,  89,  36,  63,  36,  63,  36,  63,  28,
     39,  65,  39,  65,  39,  65,  40,  66,  40,  66,  40,  66,  40,  66,  41,  67,
     41,  67,  41,  67,  42,  68,  42,  68,  42,  68,  42,  68,  42,  68,  42,  68,
     44,  70,  46,  72,  46,  47,  73,  47,  73,  47,  73,  55,  90,  47,  73,  73,
     32,  59,  59,  32,  59,  59,  24,  51,  31,  58,  36,  63,  42,  68,  42,  68,
     42,  68,  42,  68,  42,  68,  63,  24,  51,  24,  51,  28,  30,  56,  30,  56,
     33,  60,  36,  63,  36,  63,  91,  92,  59,  47,  73,  73,  30,  56,  68,  93,
     31,  62,  24,  51,  28,  36,  63,  24,  51,  24,  51,  28,  28,  31,  58,  31,
     58,  36,  63,  36,  63,  39,  65,  39,  65,  42,  68,  42,  68,  40,  66,  41,
     67,  94,  31,  57,  46,  72,  10,  10,  95,  96,  97,  95,  96,  97,   9,   4,
     79,  81,  55,  58,  61,  58,  61,
};

static const uint16_t ubuntu_14_boldKernRightCodepoints[] = {
    0x0021, 0x0022, 0x0023, 0x0025, 0x0026, 0x0027, 0x0028, 0x0029, 0x002A, 0x002C, 0x002D, 0x002E,
    0x002F, 0x0030, 0x0031, 0x0032, 0x0033, 0x0034, 0x0035, 0x0036, 0x0037, 0x0038, 0x0039, 0x003A,
    0x003B, 0x003F, 0x0040, 0x0041, 0x0042, 0x0043, 0x0044, 0x0045, 0x0046, 0x0047, 0x0048, 0x0049,
    0x004A, 0x004B, 0x004C, 0x004D, 0x004E, 0x004F, 0x0050, 0x0051, 0x0052, 0x0053, 0x0054, 0x0055,
    0x0056, 0x0057, 0x0058, 0x0059, 0x005A, 0x005B, 0x005C, 0x005D, 0x0061, 0x0062, 0x0063, 0x0064,
    0x0065, 0x0066, 0x0067, 0x0068, 0x0069, 0x006A, 0x006B, 0x006C, 0x006D, 0x006E, 0x006F, 0x0070,
    0x0071, 0x0072, 0x0073, 0x0074, 0x0075, 0x0076, 0x0077, 0x0078, 0x0079, 0x007A, 0x007B, 0x007D,
    0x00A2, 0x00AB, 0x00B0, 0x00BB, 0x00C0, 0x00C1, 0x00C2, 0x00C3, 0x00C4, 0x00C5, 0x00C6, 0x00C7,
    0x00C8, 0x00C9, 0x00CA, 0x00CB, 0x00CC, 0x00CD, 0x00CE, 0x00CF, 0x00D0, 0x00D1, 0x00D2, 0x00D3,
    0x00D4, 0x00D5, 0x00D6, 0x00D8, 0x00D9, 0x00DA, 0x00DB, 0x00DC, 0x00DD, 0x00DF, 0x00E0, 0x00E1,
    0x00E2, 0x00E3, 0x00E4, 0x00E5, 0x00E6, 0x00E7, 0x00E8, 0x00E9, 0x00EA, 0x00EB, 0x00EC, 0x00ED,
    0x00EE, 0x00EF, 0x00F0, 0x00F1, 0x00F2, 0x00F3, 0x00F4, 0x00F5, 0x00F6, 0x00F8, 0x00F9, 0x00FA,
    0x00FB, 0x00FC, 0x00FD, 0x00FF, 0x0100, 0x0101, 0x0102, 0x0103, 0x0104, 0x0105, 0x0106, 0x0107,
    0x0108, 0x0109, 0x010A, 0x010B, 0x010C, 0x010D, 0x010E, 0x010F, 0x0111, 0x0112, 0x0113, 0x0114,
    0x0115, 0x0116, 0x0117, 0x0118, 0x0119, 0x011A, 0x011B, 0x011C, 0x011D, 0x011E, 0x011F, 0x0120,
    0x0121, 0x0122, 0x0123, 0x0124, 0x0125, 0x0126, 0x0127, 0x0128, 0x0129, 0x012A, 0x012B, 0x012C,
    0x012D, 0x012E, 0x012F, 0x0130, 0x0131, 0x0132, 0x0133, 0x0134, 0x0135, 0x0136, 0x0137, 0x0139,
    0x013A, 0x013B, 0x013C, 0x013D, 0x013E, 0x013F, 0x0140, 0x0141, 0x0142, 0x0143, 0x0144, 0x0145,
    0x0146, 0x0147, 0x0148, 0x0149, 0x014A, 0x014B, 0x014C, 0x014D, 0x014E, 0x014F, 0x0150, 0x0151,
    0x0152, 0x0153, 0x0154, 0x0155, 0x0156, 0x0157, 0x0158, 0x0159, 0x015A, 0x015B, 0x015C, 0x015D,
    0x015E, 0x015F, 0x0160, 0x0161, 0x0162, 0x0163, 0x0164, 0x0165, 0x0166, 0x0167, 0x0168, 0x0169,
    0x016A, 0x016B, 0x016C, 0x016D, 0x016E, 0x016F, 0x0170, 0x0171, 0x0172, 0x0173, 0x0174, 0x0175,
    0x0176, 0x0177, 0x0178, 0x0179, 0x017A, 0x017B, 0x017C, 0x017D, 0x017E, 0x017F, 0x01A0, 0x01A1,
    0x01AF, 0x01B0, 0x01C4, 0x01C5, 0x01C6, 0x01C7, 0x01C8, 0x01C9, 0x01CA, 0x01CB, 0x01CC, 0x01CD,
    0x01CE, 0x01CF, 0x01D0, 0x01D1, 0x01D2, 0x01D3, 0x01D4, 0x01D5, 0x01D6, 0x01D7, 0x01D8, 0x01D9,
    0x01DA, 0x01DB, 0x01DC, 0x01DD, 0x01DE, 0x01DF, 0x01E0, 0x01E1, 0x01E2, 0x01E3, 0x01E4, 0x01E5,
    0x01E6, 0x01E7, 0x01E8, 0x01E9, 0x01EA, 0x01EB, 0x01EC, 0x01ED, 0x01EE, 0x01F0, 0x01F1, 0x01F2,
    0x01F3, 0x01F4, 0x01F5, 0x01F8, 0x01F9, 0x01FA, 0x01FB, 0x01FC, 0x01FD, 0x01FE, 0x01FF, 0x0200,
    0x0201, 0x0202, 0x0203, 0x0204, 0x0205, 0x0206, 0x0207, 0x0208, 0x0209, 0x020A, 0x020B, 0x020C,
    0x020D, 0x020E, 0x020F, 0x0210, 0x0211, 0x0212, 0x0213, 0x0214, 0x0215, 0x0216, 0x0217, 0x0218,
    0x0219, 0x021A, 0x021B, 0x021C, 0x021D, 0x021E, 0x021F, 0x1EF2, 0x1EF3, 0x2013, 0x2014, 0x2018,
    0x2019, 0x201A, 0x201C, 0x201D, 0x201E, 0x2026, 0x2030, 0x2039, 0x203A, 0xFB00, 0xFB01, 0xFB02,
    0xFB03, 0xFB04,
};

static const uint8_t ubuntu_14_boldKernRightClassIds[] = {
      1,   2,   3,   4,   5,   2,   6,   7,   8,   9,  10,   9,  11,  12,  13,  14,
     15,  16,  17,  18,  19,  20,  21,  22,  22,  23,  24,  25,  26,  27,  26,  26,
     26,  28,  26,  26,  29,  26,  26,  30,  26,  31,  26,  31,  26,  32,  33,  34,
     35,  36,  37,  38,  39,  40,  41,  42,  43,  44,  45,  46,  45,  47,  45,  48,
     49,  50,  48,  48,  51,  51,  46,  51,  45,  51,  52,  53,  54,  55,  56,  57,
     58,  59,  60,  61,  62,  63,  64,  65,  25,  25,  25,  25,  25,  25,  66,  27,
     26,  26,  26,  26,  26,  26,  26,  26,  26,  26,  31,  31,  31,  31,  31,  31,
     34,  34,  34,  34,  38,  67,  43,  43,  43,  43,  68,  43,  43,  45,  45,  45,
     45,  45,  69,  49,  70,  71,  72,  51,  46,  46,  46,  46,  46,  46,  54,  54,
     54,  54,  58,  58,  25,  43,  25,  43,  25,  43,  27,  45,  27,  45,  27,  45,
     27,  45,  26,  46,  46,  26,  45,  26,  45,  26,  45,  26,  45,  26,  45,  28,
     45,  28,  45,  28,  45,  28,  45,  26,  48,  26,  48,  26,  73,  26,  74,  26,
     75,  26,  49,  26,  49,  26,  49,  29,  50,  26,  48,  26,  48,  26,  48,  26,
     48,  26,  48,  26,  48,  26,  51,  26,  51,  26,  51,  51,  76,  77,  31,  46,
     31,  46,  31,  46,  31,  46,  26,  51,  26,  51,  26,  51,  32,  52,  32,  52,
     32,  52,  32,  52,  33,  53,  33,  53,  33,  53,  34,  54,  34,  54,  34,  54,
     34,  54,  34,  54,  34,  54,  36,  56,  38,  58,  38,  39,  59,  39,  59,  39,
     59,  47,  31,  46,  34,  54,  26,  26,  46,  26,  26,  48,  26,  26,  51,  25,
     43,  26,  49,  31,  46,  34,  54,  34,  54,  34,  54,  34,  54,  34,  54,  78,
     25,  43,  25,  43,  66,  43,  28,  45,  28,  45,  26,  48,  31,  46,  31,  46,
     79,  50,  26,  26,  46,  28,  45,  26,  51,  25,  43,  66,  43,  31,  46,  25,
     43,  25,  43,  26,  45,  26,  45,  26,  49,  26,  49,  31,  46,  31,  46,  26,
     51,  26,  51,  34,  54,  34,  54,  32,  52,  33,  53,  80,  81,  26,  48,  38,
     58,  10,  10,  82,  83,  84,  82,  83,  84,   9,   4,  63,  65,  47,  47,  47,
     47,  47,
};

static const uint16_t ubuntu_14_boldKernRowOffsets[] = {
        0,    10,    13,    15,    20,    38,    81,   102,   124,   154,   180,   219,   235,   255,   269,   288,
      304,   316,   327,   355,   368,   382,   400,   416,   457,   481,   519,   540,   558,   594,   606,   607,
      615,   659,   701,   710,   731,   759,   779,   813,   833,   884,   893,   939,   980,  1027,  1078,  1115,
     1156,  1190,  1196,  1209,  1227,  1246,  1258,  1289,  1301,  1314,  1325,  1337,  1363,  1382,  1395,  1413,
     1426,  1449,  1458,  1476,  1487,  1507,  1528,  1552,  1572,  1591,  1602,  1613,  1617,  1622,  1629,  1643,
     1651,  1679,  1722,  1745,  1761,  1772,  1784,  1817,  1818,  1823,  1826,  1831,  1832,  1839,  1842,  1871,
     1912,  1947,
};

static const uint8_t ubuntu_14_boldKernSparseCols[] = {
     15,  16,  17,  18,  19,  24,  28,  34,  35,  65,  13,  16,  18,  12,  18,  12,
     14,  15,  18,  20,  24,  26,  27,  28,  30,  32,  34,  35,  36,  37,  42,  44,
     45,  54,  55,  56,  57,  67,   5,   6,   7,   9,  11,  12,  14,  15,  17,  18,
     19,  20,  23,  26,  27,  30,  32,  34,  35,  36,  37,  38,  42,  44,  45,  46,
     48,  49,  50,  51,  53,  54,  55,  57,  66,  67,  68,  69,  70,  71,  72,  73,
     74,   5,   7,   9,  12,  13,  14,  16,  18,  19,  23,  24,  28,  32,  34,  35,
     36,  37,  38,  56,  65,  75,  15,  16,  17,  23,  24,  28,  29,  36,  37,  42,
     44,  45,  49,  51,  54,  55,  56,  57,  65,  67,  71,  75,  11,  12,  13,  14,
     16,  18,  24,  26,  27,  28,  30,  31,  32,  33,  34,  35,  36,  37,  38,  42,
     44,  45,  54,  55,  56,  57,  58,  65,  67,  71,  11,  12,  13,  15,  17,  18,
     19,  26,  27,  28,  30,  32,  34,  36,  37,  38,  42,  44,  45,  46,  55,  56,
     65,  67,  71,  75,  11,  13,  14,  15,  17,  18,  19,  23,  24,  26,  27,  28,
     30,  32,  34,  35,  36,  37,  38,  42,  43,  44,  45,  47,  48,  49,  50,  51,
     53,  58,  65,  67,  68,  69,  70,  71,  72,  73,  74,   0,   6,   8,   9,  10,
     13,  14,  15,  18,  21,  40,  41,  60,  62,  64,  82,   1,   2,   3,   5,   6,
      7,  10,  12,  13,  15,  16,  18,  19,  20,  23,  39,  59,  61,  62,  63,   1,
      2,   5,   8,   9,  14,  15,  39,  40,  41,  59,  60,  61,  62,   1,   3,   5,
      6,   7,   8,   9,  10,  12,  13,  16,  18,  20,  39,  40,  41,  59,  60,  63,
      1,   3,   6,   7,   8,   9,  11,  12,  14,  15,  17,  19,  40,  61,  62,  63,
      1,   3,   5,   7,   8,   9,  10,  12,  15,  39,  59,  63,   1,   3,   7,   9,
     10,  12,  15,  40,  61,  62,  63,   1,   2,   3,   5,   6,   8,   9,  10,  11,
     13,  14,  15,  16,  17,  18,  21,  23,  39,  40,  41,  59,  60,  61,  62,  63,
     64,  81,  82,   1,   6,   8,   9,  10,  15,  40,  41,  60,  61,  62,  81,  82,
      1,   3,   6,   8,   9,  10,  14,  16,  40,  41,  60,  61,  62,  82,  11,  14,
     16,  18,  20,  24,  28,  32,  34,  36,  37,  38,  54,  55,  56,  57,  58,  65,
     12,  13,  14,  16,  18,  24,  28,  32,  34,  35,  36,  37,  38,  56,  65,  75,
      1,   5,   7,   8,  10,  21,  22,  24,  26,  27,  28,  30,  31,  32,  33,  34,
     35,  36,  37,  38,  40,  41,  42,  44,  45,  51,  54,  55,  56,  57,  58,  59,
     62,  64,  65,  67,  71,  79,  81,  82,  83,   6,   7,   9,  10,  21,  22,  24,
     32,  34,  35,  36,  37,  40,  41,  54,  56,  57,  58,  60,  62,  64,  65,  79,
     83,   4,   5,   6,   7,   8,   9,  10,  21,  22,  24,  26,  27,  28,  30,  31,
     32,  34,  35,  36,  37,  38,  40,  41,  42,  44,  45,  51,  53,  56,  58,  62,
     64,  65,  67,  71,  81,  82,  83,   6,   8,   9,  10,  22,  24,  28,  32,  34,
     35,  36,  37,  38,  41,  60,  62,  65,  78,  79,  82,  83,  28,  30,  34,  36,
     37,  38,  42,  44,  45,  56,  64,  65,  67,  71,  75,  81,  82,  83,   4,   5,
      6,   8,   9,  10,  22,  23,  24,  26,  27,  28,  29,  30,  32,  34,  35,  36,
     37,  40,  41,  42,  44,  45,  50,  51,  53,  56,  58,  64,  65,  67,  71,  81,
     82,  83,   7,   8,   9,  21,  32,  34,  35,  37,  54,  57,  81,  83,  10,  10,
     24,  28,  40,  64,  65,  81,  82,   4,   5,   6,   7,   8,   9,  10,  21,  23,
     24,  26,  27,  28,  30,  32,  34,  35,  36,  37,  38,  40,  41,  42,  44,  45,
     51,  52,  53,  54,  55,  56,  57,  58,  59,  62,  65,  67,  70,  71,  72,  73,
     74,  77,  83,   0,   1,   4,   7,   8,   9,  10,  21,  22,  24,  26,  27,  28,
     29,  30,  31,  32,  33,  34,  35,  36,  37,  38,  40,  41,  42,  51,  54,  55,
     56,  57,  58,  59,  60,  62,  64,  65,  67,  79,  81,  82,  83,   7,  10,  22,
     32,  34,  37,  40,  81,  82,   6,   8,   9,  10,  22,  24,  28,  32,  34,  35,
     36,  37,  38,  41,  60,  62,  65,  78,  79,  82,  83,   4,   6,   8,  10,  21,
     24,  28,  32,  36,  37,  39,  41,  42,  44,  45,  54,  55,  56,  57,  60,  62,
     64,  65,  67,  71,  81,  82,  83,   6,   8,   9,  10,  22,  24,  28,  32,  34,
     35,  36,  37,  38,  41,  49,  62,  65,  78,  82,  83,   7,   8,   9,  10,  21,
     22,  23,  24,  26,  27,  28,  30,  32,  33,  34,  36,  37,  38,  40,  41,  42,
     44,  45,  52,  53,  56,  58,  62,  65,  67,  71,  81,  82,  83,   6,   7,   8,
      9,  10,  22,  32,  34,  35,  37,  42,  54,  55,  56,  57,  62,  65,  67,  81,
     83,   4,   5,   6,   8,   9,  10,  21,  22,  23,  24,  26,  27,  28,  29,  30,
     32,  34,  35,  36,  37,  38,  40,  41,  42,  44,  45,  50,  51,  53,  54,  55,
     56,  57,  58,  59,  62,  64,  65,  67,  68,  69,  70,  71,  72,  73,  74,  76,
     77,  81,  82,  83,   8,  10,  21,  24,  28,  40,  65,  81,  82,   1,   4,   5,
      6,   8,   9,  10,  21,  22,  23,  24,  26,  27,  28,  29,  30,  32,  34,  35,
     36,  37,  38,  40,  41,  42,  44,  45,  50,  51,  53,  58,  59,  62,  65,  67,
     68,  70,  71,  72,  73,  74,  76,  77,  81,  82,  83,   1,   4,   5,   6,   8,
     10,  22,  23,  24,  26,  27,  28,  30,  32,  34,  35,  36,  37,  38,  40,  41,
     42,  44,  45,  50,  51,  53,  54,  55,  56,  57,  59,  62,  65,  67,  70,  71,
     72,  81,  82,  83,   4,   5,   6,   7,   8,   9,  10,  21,  22,  23,  24,  26,
     27,  28,  30,  31,  32,  34,  35,  36,  37,  38,  40,  41,  42,  44,  45,  51,
     53,  54,  55,  56,  57,  58,  59,  62,  65,  67,  70,  71,  72,  73,  74,  77,
     81,  82,  83,   0,   4,   5,   6,   7,   8,   9,  10,  21,  22,  23,  24,  26,
     27,  28,  29,  30,  31,  32,  34,  35,  36,  37,  38,  40,  41,  42,  44,  45,
     50,  51,  53,  54,  56,  57,  58,  59,  62,  64,  65,  67,  70,  71,  72,  73,
     74,  76,  77,  81,  82,  83,   4,   6,   8,   9,  21,  22,  23,  24,  26,  27,
     28,  30,  31,  32,  34,  35,  36,  37,  38,  40,  41,  42,  44,  45,  56,  58,
     62,  64,  65,  67,  69,  70,  72,  73,  81,  82,  83,  11,  12,  14,  15,  17,
     18,  19,  24,  26,  27,  28,  30,  32,  34,  35,  36,  37,  38,  41,  42,  44,
     45,  48,  49,  50,  51,  53,  54,  55,  56,  57,  58,  65,  67,  68,  69,  70,
     71,  72,  73,  74,  11,  12,  14,  15,  17,  18,  19,  20,  24,  25,  26,  27,
     28,  29,  30,  32,  33,  34,  35,  36,  37,  38,  42,  44,  45,  49,  52,  53,
     54,  55,  57,  65,  67,  71,  12,  13,  15,  17,  18,  49,   1,   6,   7,  22,
     40,  41,  54,  55,  57,  60,  81,  82,  83,   1,   6,   7,   8,   9,  10,  22,
     40,  41,  54,  55,  56,  57,  58,  60,  62,  81,  82,   8,   9,  21,  22,  23,
     41,  42,  44,  45,  54,  55,  56,  57,  62,  67,  71,  81,  82,  83,   6,   7,
      9,  22,  40,  41,  54,  55,  57,  81,  82,  83,   6,   7,   8,  10,  21,  22,
     40,  41,  42,  44,  45,  48,  49,  54,  55,  56,  57,  60,  62,  64,  67,  68,
     69,  70,  71,  72,  73,  74,  81,  82,  83,   6,   7,  22,  40,  41,  49,  54,
     55,  57,  81,  82,  83,   1,   6,   7,  22,  40,  41,  54,  55,  57,  60,  81,
     82,  83,   6,   7,  22,  40,  41,  54,  55,  57,  81,  82,  83,   6,   7,  22,
     40,  41,  49,  54,  55,  57,  81,  82,  83,   4,   5,   7,   8,   9,  10,  21,
     23,  41,  42,  44,  45,  52,  53,  54,  55,  56,  57,  58,  59,  62,  67,  71,
     81,  82,  83,   6,   7,   8,  21,  22,  40,  41,  42,  54,  55,  56,  57,  58,
     62,  64,  67,  81,  82,  83,   1,   6,   7,  22,  40,  41,  54,  55,  57,  60,
     81,  82,  83,   1,   6,   7,   8,   9,  10,  22,  40,  41,  54,  55,  56,  57,
     58,  60,  62,  81,  82,   6,   7,  10,  22,  40,  41,  49,  54,  55,  57,  81,
     82,  83,   4,   7,   8,  10,  21,  22,  40,  41,  42,  44,  45,  54,  55,  56,
     57,  58,  62,  64,  67,  71,  81,  82,  83,   6,   7,  10,  22,  40,  41,  58,
     60,  83,   8,   9,  21,  22,  40,  41,  42,  44,  45,  54,  55,  56,  57,  62,
     67,  71,  81,  83,   6,   7,  22,  40,  41,  54,  55,  57,  81,  82,  83,   4,
      7,   8,  10,  21,  41,  42,  44,  45,  54,  55,  56,  57,  58,  64,  67,  71,
     81,  82,  83,   4,   7,   8,   9,  10,  21,  41,  42,  44,  45,  54,  55,  56,
     57,  58,  64,  67,  71,  81,  82,  83,   4,   5,   7,   8,   9,  10,  21,  23,
     41,  42,  44,  45,  54,  55,  56,  57,  58,  59,  62,  67,  71,  81,  82,  83,
      4,   7,   8,  10,  21,  41,  42,  44,  45,  54,  55,  56,  57,  58,  64,  67,
     71,  81,  82,  83,   8,  10,  21,  22,  41,  42,  44,  45,  54,  55,  56,  57,
     60,  62,  64,  67,  81,  82,  83,  11,  12,  14,  15,  17,  18,  19,  26,  27,
     30,  60,  12,  13,  15,  17,  18,  28,  32,  34,  36,  37,  65,  32,  34,  35,
     37,  11,  12,  13,  17,  20,  11,  13,  14,  17,  18,  19,  20,  11,  14,  18,
     20,  24,  28,  32,  34,  37,  38,  54,  55,  57,  58,  11,  12,  13,  14,  15,
     17,  18,  20,  11,  12,  13,  14,  15,  17,  18,  20,  24,  26,  27,  28,  30,
     31,  32,  34,  35,  36,  37,  38,  42,  44,  45,  56,  58,  65,  67,  71,  24,
     25,  26,  27,  28,  29,  30,  31,  32,  33,  34,  35,  36,  37,  38,  42,  43,
     44,  45,  46,  47,  48,  49,  50,  51,  52,  53,  54,  55,  56,  57,  58,  65,
     66,  67,  68,  69,  70,  71,  72,  73,  74,  75,   6,   8,   9,  10,  21,  22,
     24,  28,  32,  34,  35,  36,  37,  38,  40,  41,  42,  60,  62,  65,  67,  78,
     79,   1,   6,   7,   9,  22,  39,  40,  41,  54,  55,  56,  57,  60,  80,  81,
     82,   6,   8,   9,  10,  22,  40,  41,  60,  62,  81,  82,   1,   6,   7,  10,
     22,  41,  54,  56,  57,  60,  81,  82,   1,   6,   8,   9,  22,  40,  41,  42,
     43,  44,  45,  47,  48,  49,  50,  51,  52,  53,  54,  55,  56,  57,  58,  60,
     67,  68,  69,  70,  72,  73,  74,  81,  82,  49,   1,   7,  22,  81,  82,  24,
     28,  65,  54,  55,  56,  57,  80,  49,  24,  28,  36,  37,  42,  65,  67,  34,
     37,  75,  14,  15,  17,  18,  20,  24,  26,  27,  28,  29,  30,  31,  32,  33,
     34,  35,  36,  37,  38,  42,  44,  45,  51,  54,  55,  57,  65,  67,  71,  15,
     16,  17,  18,  24,  26,  27,  28,  30,  31,  32,  33,  34,  35,  36,  37,  38,
     42,  43,  44,  45,  46,  47,  48,  50,  51,  53,  54,  55,  57,  58,  65,  66,
     67,  68,  69,  70,  71,  72,  73,  74,  24,  26,  27,  28,  30,  31,  32,  33,
     34,  35,  36,  37,  38,  42,  43,  46,  47,  48,  49,  50,  51,  53,  54,  55,
     56,  57,  58,  65,  67,  68,  69,  70,  72,  73,  74,
};

static const int8_t ubuntu_14_boldKernSparseValues[] = {
     -23,   -5,   -9,    5,   -5,  -23,  -41,    8,    9,  -50,   -8,   -5,   -5,  -14,   -5,  -25,
       5,    7,  -17,   -6,   14,   -9,   -9,    9,   -9,  -37,  -33,  -19,    5,  -47,   -9,   -9,
      -9,  -17,  -14,    5,  -17,   -9,  -14,   37,   -9,   -5,   -7,   -5,    6,  -14,  -12,   11,
      -8,   -7,  -14,   -9,   -9,   -9,   12,   14,   12,   12,   15,    5,  -12,  -14,  -14,   -6,
       6,   40,  -10,   -8,  -12,   -5,   -5,   14,   -7,  -12,    6,    6,    6,  -14,    6,    6,
       6,  -11,   -9,   10,  -10,  -13,   -7,   -7,  -11,   -5,   -6,   -9,   -6,   -9,  -15,   -6,
      -9,  -19,   -5,   -7,   -9,  -10,  -14,   -7,   -6,   -9,  -37,  -49,   -5,  -10,   -5,   -8,
     -14,  -14,   -5,   -5,    7,    7,    6,    7,  -65,   -8,  -22,   -6,   -9,  -37,    4,   11,
       7,   -7,   14,  -19,  -19,   19,  -19,    6,  -38,  -14,  -38,  -20,   12,  -44,   10,  -14,
     -14,  -14,  -27,  -26,    9,  -27,    8,   12,  -14,   -9,   14,  -16,   -9,   18,   17,  -15,
      10,    9,    9,   -7,    9,  -26,  -14,  -15,  -31,   -5,    7,    6,    6,   10,    4,   -9,
     -21,    7,    6,    8,   -5,    7,   12,  -29,  -18,   19,   -7,  -16,  -30,  -11,  -11,  -33,
     -11,   20,   22,   20,   15,   23,    8,  -18,    8,  -27,  -27,    8,    7,    7,  -15,  -14,
      -9,   -5,  -56,  -18,    7,    7,    7,  -22,    7,    7,    7,    7,   -7,   -9,   14,  -21,
      -7,   -5,    5,   -6,    6,   -9,  -10,  -10,    8,    5,    5,  -12,   -7,   -8,  -10,   -6,
     -11,  -10,   -8,   -6,   -8,   -5,   -7,   -5,   -5,   -8,  -10,  -10,   -5,   -6,   -5,   -5,
      -6,   -8,    8,   -7,    7,   -5,   -5,   -5,   -7,   -5,   -7,   -8,  -11,  -14,   -6,   -7,
     -12,   -7,   -9,   10,  -16,   -5,   -7,   -5,   -5,   -5,   -7,   -9,  -11,   -7,  -11,  -14,
     -14,  -12,   -6,  -10,    6,   18,    6,   -8,    6,    8,    6,    6,   -5,    7,   11,  -14,
      -5,   -5,   -7,  -10,   -5,   12,  -11,   -9,    4,   -7,   -7,   -5,   -5,   -6,  -11,   17,
      -8,   -7,    6,   -5,    8,    8,   -5,    5,   -7,   10,  -12,   10,  -35,  -17,  -46,   -6,
       7,    9,  -26,   -7,  -16,    9,   -9,  -20,   -6,   19,   13,   -6,   13,  -21,  -27,   14,
      -8,   13,   12,   -5,   -6,    6,   13,   -7,    6,   -7,   -5,   -5,    4,    5,    6,    6,
      -5,    5,  -10,  -17,    9,  -24,   -6,   -5,   -5,   -9,   -9,    4,    5,    5,    5,    9,
       5,   -9,    6,    8,   11,  -29,   -6,    7,  -18,    6,    7,    7,    6,    7,    5,    7,
      -6,  -12,   -6,   -6,  -10,   -9,   -8,  -17,  -14,   -5,  -12,  -20,   -6,   -5,  -26,   -7,
     -24,   -8,  -37,   14,   11,    9,  -15,   17,  -12,  -12,   15,  -12,    9,  -38,   -9,  -30,
     -19,   17,  -47,   11,  -37,  -12,   -5,   -5,   -5,    5,  -16,  -12,   12,  -16,    7,   -5,
      -7,    6,    9,   -5,   -7,  -21,  -35,  -30,   20,   -6,   -6,    5,  -14,    5,   -9,   -5,
      -8,  -14,   -5,  -10,  -16,   -9,  -11,   -5,   -4,   -5,   -5,   -5,    5,    5,  -12,   -7,
       5,    4,   -6,    7,   -5,   11,   -5,    6,    9,    7,   13,  -12,  -12,   14,  -12,    8,
      10,    9,    9,   12,   11,    8,    9,   12,    5,   -6,   -6,    3,   -6,   11,    7,  -11,
       7,   12,    5,   -5,    9,   17,   18,   -9,  -19,    9,  -24,   -9,  -12,  -11,  -11,  -12,
      -5,  -18,  -21,   -5,   -9,   -7,    5,  -28,   -7,  -10,    5,   -6,   11,   -8,    5,    9,
       5,    5,   -6,   -6,   -6,   10,    6,    8,   -6,   -5,    5,    6,    8,   19,   -9,   -7,
      10,  -29,    7,  -36,   10,   -5,  -22,   -4,   -4,  -35,   -5,   -4,   10,   12,   10,    6,
      13,   14,   12,  -11,   -5,   -5,   -9,   -6,   -9,   -5,   -9,   -5,  -55,  -11,   -5,   19,
      17,  -29,  -12,    9,    8,    5,   -5,   -9,   -9,   -9,   -5,   -5,   -5,   11,   -5,  -14,
      -9,   -6,    5,    5,  -19,    7,    7,   -9,   -9,   11,  -19,   14,  -23,   11,    5,   -7,
      12,  -26,  -26,    9,  -26,   11,    8,    6,   17,    8,   11,    9,   13,   -5,  -19,  -19,
       5,   -5,  -16,  -21,  -21,   16,  -21,   10,   -6,  -24,   12,   -5,   20,  -16,   16,   14,
       5,   -8,   14,    5,  -45,    5,  -48,   19,   -9,    8,   11,  -17,   14,   -9,   -9,   14,
       5,   -9,    8,  -36,   -5,  -40,  -23,   14,  -47,    8,  -37,  -15,    6,    4,  -22,  -14,
      14,  -22,    7,   -7,   -6,   -9,   10,   14,    6,  -23,  -30,  -26,   22,   -5,   -5,   -7,
      -5,   -5,   -7,   -9,   -9,   -7,   -9,  -19,    9,  -24,   -9,  -12,  -11,  -11,  -12,   -5,
     -18,  -21,   -5,   -9,   -6,    5,  -28,   -5,  -10,    5,   -6,   -9,   -4,  -49,  -37,    6,
     -32,  -42,    6,  -10,   -5,   -7,   -6,   -9,   -7,   -7,    9,    9,    6,    9,   -5,   -5,
       6,  -58,   -9,  -11,   14,   14,  -43,   -9,  -19,    9,  -24,   -9,  -12,  -11,  -11,  -12,
      -5,  -18,  -21,   -5,   -9,    7,    5,  -28,   -5,    5,   -6,   -5,   11,   -9,    8,    6,
      -7,   -5,   14,   -8,   -8,   12,   -8,   -5,   -4,   -7,    9,  -15,    8,   -5,  -11,  -12,
     -12,  -12,   -5,   -5,    8,    5,  -10,    9,  -12,  -13,    6,    5,   15,   -4,  -16,    5,
      13,   -7,   -5,   -9,   -5,   -5,   -5,    6,   -7,   -6,   -5,   -7,    7,   -9,    6,   -9,
       8,   -9,   -8,   12,  -38,  -26,  -46,  -28,   12,  -17,  -38,  -11,  -11,  -39,   -5,  -11,
      12,   14,   12,   12,   16,    5,   19,   14,  -35,  -35,  -35,  -32,  -34,  -32,  -35,  -35,
     -35,  -35,  -33,   -8,  -35,  -31,  -54,  -35,   -4,   13,   21,  -43,   21,   15,   14,  -26,
     -28,   13,    9,  -25,  -14,  -25,    5,   -9,   -9,    5,  -26,    2,   11,    8,  -14,  -14,
      15,  -37,  -14,  -44,   -6,   13,  -14,  -30,  -12,  -12,  -41,   -5,  -12,   15,   17,   15,
      15,   18,    7,   19,   17,  -19,  -26,  -26,  -11,  -18,  -10,   -6,   -8,  -19,  -69,  -19,
       9,   24,  -28,   21,   17,   15,   -8,  -10,   13,   17,  -29,    9,   -9,   -5,   13,  -21,
     -29,   12,   -5,  -19,   -5,   -5,  -22,   -5,   13,   15,   13,   13,   16,    5,   19,   15,
     -13,  -15,  -15,   -7,   -7,   -7,    6,    6,    5,    6,   -5,   -7,  -25,  -13,   21,  -17,
      19,   13,   19,  -11,   -9,   -9,   12,  -12,   12,  -15,   11,    8,    9,   -7,   17,  -18,
     -18,   12,  -18,    8,   12,   14,   12,   17,   15,   11,   14,   14,  -14,  -14,  -14,    5,
     -11,  -11,  -11,   11,  -11,    7,   -6,  -17,   17,  -14,   19,  -10,   19,    9,    5,   -7,
       5,    7,   16,    5,  -23,  -18,   16,   -5,  -44,  -31,  -47,  -18,   14,  -28,  -47,  -21,
     -21,  -39,   -7,  -21,   -5,   16,   18,   16,   16,   19,    8,   19,   18,  -34,  -41,  -41,
     -17,  -33,  -16,   -5,   -9,   -5,  -16,   -7,  -37,  -12,  -67,  -59,   25,  -42,   21,   18,
       8,  -14,  -15,   12,   14,  -31,   -5,    7,   13,   -9,    7,    7,   -5,   12,   -6,   -6,
      12,   -6,    6,    7,   10,    7,   12,   11,    6,    9,   10,    5,   -5,   -5,   11,    5,
     -14,    7,   12,    5,    5,   17,   15,    5,    9,   14,   20,  -10,   -8,   13,  -18,  -17,
      13,   -7,  -13,   -9,   -9,  -13,   -9,   14,   16,   14,   14,   18,    7,   42,  -16,  -17,
     -17,    5,   44,  -16,  -15,  -16,  -14,  -14,  -14,   14,  -14,  -13,  -16,    5,    5,    5,
     -19,    5,    5,    5,  -21,  -33,    5,   -5,  -14,  -23,   -7,  -14,    9,  -14,  -19,  -19,
       5,  -14,  -19,  -42,  -19,  -51,  -33,    9,  -51,    5,  -12,  -12,  -12,   65,   -5,   -9,
     -14,   -9,   28,    9,  -12,   -9,   -7,   -7,   -7,   -5,   -5,   15,   -7,  -10,  -14,  -15,
     -19,  -16,   -6,   -5,   -6,   -8,  -10,  -10,    6,   -9,  -12,  -14,  -14,    6,  -13,  -13,
     -23,  -17,   -7,   -6,   -8,   -7,   -5,   -9,    5,  -12,  -12,    8,   -5,    5,   -6,   -5,
     -17,  -12,  -12,  -12,    4,    5,    6,    4,   -7,  -12,  -14,    5,   12,   11,  -10,  -12,
      10,  -17,  -28,  -16,   -7,   -5,   -7,    6,    7,    5,   25,   11,  -28,  -29,    8,   13,
      37,   24,   -4,   -4,   -4,    6,    5,   13,   13,    9,   13,   14,   -5,    8,   -4,   15,
       6,   30,   -9,   27,   24,   26,   18,   26,  -27,   -6,  -12,  -11,  -14,  -16,   12,   -7,
      -5,   -7,  -12,   -7,    5,   -9,  -10,  -12,  -17,  -28,  -16,   -7,   -5,   -7,   -8,  -12,
      -7,    6,    5,  -12,  -17,  -28,  -16,   -7,   -5,   -7,  -12,   -7,    5,    6,  -12,  -17,
     -28,    5,   14,   -7,   -5,   -7,  -12,   -7,    5,   -9,   -6,    6,    6,  -21,   10,    5,
     -10,  -12,   -5,  -17,  -17,   -4,   -5,    9,    9,    9,    9,    7,   -7,  -16,   -5,  -15,
       6,   11,   10,  -10,  -11,   11,    9,   -7,  -28,  -16,    7,   -5,   -5,   10,   -5,    7,
      -7,    9,    7,  -12,  -12,   14,   -8,  -10,  -12,  -17,  -28,  -16,   -7,   -5,   -7,   -8,
     -12,   -7,    6,   -8,  -12,  -14,  -14,    6,  -13,  -13,  -23,  -17,   -7,   -6,   -8,   -7,
      -5,  -11,    5,  -12,  -12,  -10,  -12,   10,  -11,  -14,  -16,   20,   -7,   -5,   -7,  -12,
      -7,    5,   -9,    8,  -28,  -26,    8,    5,    5,   -5,   -5,   -5,   -5,   14,   14,    9,
      14,    5,   -7,    9,   -5,   -7,   13,   22,  -26,   -6,   -5,   -5,  -17,  -14,  -16,   -4,
      -8,    7,    8,   -5,    5,   -7,   -9,  -15,   -9,   -9,   -9,    5,    5,    8,    5,   -9,
      -9,   -5,    7,   11,   -9,  -12,  -11,  -28,  -14,   -7,   -5,   -7,  -12,   -7,    5,   -5,
       7,  -26,  -19,    7,  -14,   -5,   -7,   -7,    9,    9,   11,    9,    6,    8,   -5,   -9,
      10,   18,  -19,   -5,    8,  -25,    4,  -16,    7,  -13,   -5,   -6,   -6,    9,    9,    9,
       9,    7,    9,   -5,   -7,   11,   19,  -13,   -9,   -6,    6,    9,   -9,   10,    7,   -5,
     -14,  -11,  -11,  -11,   11,    9,   15,   11,    9,   -6,  -13,  -11,  -11,    7,   13,   10,
      -5,    7,  -26,  -19,    7,  -14,   -5,   -7,   -7,    9,    9,   11,    9,    6,    8,   -5,
      -9,   10,   15,  -19,   11,    5,    5,   -5,  -13,   -7,   -7,   -7,    9,    9,   10,    9,
      -6,   -7,    5,   -7,    7,   12,   13,  -10,   -8,   13,  -18,  -17,   13,   -7,   -6,   -7,
      -7,   42,   -7,   -7,   -7,   -5,   -5,   -6,   -8,   -8,   -6,   -7,   -6,  -29,  -15,   -5,
     -23,   -5,  -12,   -6,   -8,   -6,    6,    7,   14,    5,   17,    5,    5,    5,    7,  -10,
       7,    5,    8,  -31,   -5,  -13,    6,    8,    8,    8,    4,   15,  -11,  -21,   -8,    7,
      13,  -20,    6,    8,  -21,  -16,  -11,    9,    7,  -26,   -5,   -7,    5,    5,  -14,    5,
      -9,  -35,  -19,   -9,  -18,  -37,  -11,    5,    5,    5,  -13,   -8,  -21,    5,    5,  -20,
     -14,  -19,  -19,  -26,   -9,  -19,  -16,  -49,  -15,  -29,  -20,  -29,  -36,  -23,  -18,  -15,
     -19,  -19,  -15,  -15,  -15,   32,  -15,  -17,  -16,  -18,  -11,  -11,  -14,    7,  -15,  -34,
     -15,  -18,  -15,  -15,  -15,  -20,  -15,  -15,  -15,  -14,  -11,  -26,    7,  -28,    6,  -13,
     -13,  -19,   -9,  -10,   -5,  -16,  -18,  -11,   -9,  -16,   -4,   -9,    7,  -25,   -4,  -10,
      -9,  -17,  -11,  -35,    3,  -21,   -5,  -23,  -10,  -16,  -14,   -5,  -16,  -10,  -12,  -29,
     -27,    7,  -14,    6,  -12,    9,    9,   10,    5,    6,    6,    9,  -12,  -10,   -7,  -10,
     -12,  -14,   -5,   -6,   -5,   -9,   -9,   -7,   12,   28,  -12,   -9,   16,   42,   33,   -9,
       8,  -18,  -18,   13,    8,    8,   -9,  -14,    4,   -7,   15,   15,   14,   19,   11,   33,
      -5,   30,   42,   63,   56,   49,   52,    9,   12,    8,  -12,   -7,   -8,  -10,   -9,   -9,
      -8,  -16,  -10,   -8,   -8,  -10,  -11,   15,  -15,  -21,  -12,   -6,   -7,  -27,   -7,   -8,
     -10,   -5,    6,  -31,  -12,   11,    5,  -38,  -14,  -14,  -44,   -9,  -14,    7,    9,    8,
      13,   15,    7,   12,   10,  -13,  -15,  -20,   -9,    6,    6,    6,  -91,  -13,  -33,  -36,
      -5,  -17,    9,  -46,  -17,  -17,  -49,  -17,   -9,    8,    6,   13,   14,    7,   10,    8,
     -29,   -5,  -34,  -34,   -9,   -5,   -5,  -20,  -36,  -15,   -5,   -5,   -5,  -15,  -60,   -9,
     -29,   -5,   -5,   -5,  -34,   -5,   -5,   -5,   10,  -15,  -15,   10,  -15,    5,  -35,   -9,
     -58,  -35,   11,  -50,    9,    5,    5,    5,    5,    5,   14,    5,    5,    5,  -19,  -14,
      10,  -19,   11,   11,    5,    5,    5,    5,    5,    5,    5,
};

static const EpdLigaturePair ubuntu_14_boldLigaturePairs[] = {
    { 0x00660066, 0xFB00 }, // f f -> U+FB00
    { 0x00660069, 0xFB01 }, // f i -> U+FB01
    { 0x0066006C, 0xFB02 }, // f l -> U+FB02
    { 0xFB000069, 0xFB03 }, // U+FB00 i -> U+FB03
    { 0xFB00006C, 0xFB04 }, // U+FB00 l -> U+FB04
};

static const EpdFontData ubuntu_14_bold = {
    ubuntu_14_boldBitmaps,
    ubuntu_14_boldGlyphs,
    ubuntu_14_boldIntervals,
    39,
    34,
    28,
    -6,
    true,
    ubuntu_14_boldGroups,
    13,
    nullptr,
    nullptr,  // kernLeftClasses: built-in fonts use the split arrays below
    nullptr,  // kernRightClasses
    ubuntu_14_boldKernLeftCodepoints,
    ubuntu_14_boldKernLeftClassIds,
    ubuntu_14_boldKernRightCodepoints,
    ubuntu_14_boldKernRightClassIds,
    nullptr,  // kernMatrix: built-in fonts use the sparse form below
    ubuntu_14_boldKernRowOffsets,
    ubuntu_14_boldKernSparseCols,
    ubuntu_14_boldKernSparseValues,
    375,
    386,
    97,
    84,
    ubuntu_14_boldLigaturePairs,
    5,
};
