/**
 * generated by fontconvert.py
 * name: ubuntu_20_regular
 * size: 20
 * mode: 2-bit  compressed: true
 * Command used: fontconvert.py ubuntu_20_regular 20 ../builtinFonts/source/Ubuntu/Ubuntu-Regular.ttf ../builtinFonts/source/Ubuntu/Ubuntu-Vietnamese-Regular.ttf ../builtinFonts/source/NotoSansMath/NotoSansMath-Regular.ttf ../builtinFonts/source/NotoSansSymbols2/NotoSansSymbols2-Regular.ttf --2bit --compress --pnum --zopfli
 */
#pragma once
#include "EpdFontData.h"

static const uint8_t ubuntu_20_regularBitmaps[25162] = {
    0xCD, 0x9A, 0x47, 0xB4, 0xEC, 0xCC, 0x51, 0xC7, 0x4B, 0x33, 0xC7, 0x57, 0xB6, 0x75, 0x8E, 0x45,
    0x4E, 0x0E, 0x62, 0x47, 0x46, 0xA4, 0xAD, 0x2D, 0x91, 0x73, 0x58, 0x93, 0xD7, 0xE4, 0xB4, 0xB5,
    0xA5, 0xC3, 0xB7, 0x23, 0xDE, 0x03, 0x7B, 0xF2, 0x92, 0xB0, 0x24, 0x7F, 0x2D, 0xF2, 0x56, 0x6C,
    0x89, 0x22, 0xC3, 0xCA, 0x8D, 0x11, 0x58, 0xEF, 0x3D, 0x49, 0x45, 0xFD, 0x4E, 0xDD, 0x9E, 0x70,
    0xC6, 0xCF, 0x7E, 0xC9, 0x41, 0x33, 0xFA, 0x57, 0x8F, 0xBA, 0x52, 0x57, 0x75, 0x92, 0x34, 0x55,
    0xBC, 0xFD, 0x94, 0x7C, 0x26, 0x3E, 0xE5, 0x58, 0x8C, 0xC5, 0x90, 0x0F, 0xF2, 0x70, 0x14, 0x63,
    0x1D, 0x9B, 0xA5, 0x59, 0xEA, 0x58, 0x8C, 0x7A, 0xD8, 0x1F, 0xBE, 0xD9, 0xE6, 0xDF, 0x90, 0x6D,
    0xAF, 0xCB, 0xFA, 0x1E, 0x59, 0xDF, 0x2D, 0xEB, 0x3B, 0xE5, 0xF7, 0x44, 0x36, 0x29, 0x27, 0xC9,
    0x56, 0x29, 0x47, 0x39, 0xAC, 0x52, 0x0D, 0x72, 0x5C, 0x1E, 0xB0, 0x36, 0x9C, 0xA5, 0xE9, 0x25,
    0x8F, 0xD2, 0xB4, 0x52, 0x80, 0x7A, 0x73, 0xC0, 0xBC, 0x0B, 0xCC, 0x1B, 0x68, 0x9A, 0x4C, 0xE4,
    0x00, 0xB6, 0xA6, 0x43, 0x3A, 0x71, 0x34, 0x4D, 0xB7, 0xB2, 0x98, 0xBD, 0x31, 0xEE, 0x66, 0x6F,
    0x8D, 0x77, 0x34, 0x6E, 0x7F, 0x0A, 0xDC, 0xE9, 0x23, 0x91, 0xA0, 0x3A, 0x1E, 0x55, 0x75, 0x28,
    0x76, 0xF9, 0xD4, 0xA1, 0x8C, 0x62, 0x0E, 0x4D, 0x06, 0xCD, 0x78, 0x82, 0x89, 0x6B, 0x54, 0x94,
    0x9B, 0x41, 0xA1, 0x76, 0xF1, 0xA0, 0x28, 0xE8, 0xD4, 0xAA, 0x72, 0xE5, 0xEA, 0x0F, 0x6B, 0xCF,
    0x55, 0x58, 0x9B, 0x08, 0xEB, 0x62, 0x90, 0xAF, 0x06, 0xC7, 0x04, 0xF6, 0xF3, 0xE3, 0xA8, 0x68,
    0xEE, 0x25, 0xC4, 0x46, 0xCD, 0x6E, 0x6D, 0x20, 0x59, 0xD0, 0x5F, 0xF9, 0x20, 0x4E, 0x86, 0xD1,
    0x64, 0xA2, 0x59, 0x31, 0x0D, 0xF5, 0x28, 0x95, 0x2A, 0xB1, 0x32, 0xCF, 0x42, 0x2B, 0x81, 0x20,
    0xD5, 0x03, 0x7C, 0xAF, 0x4B, 0x39, 0x98, 0x11, 0x32, 0x33, 0xE6, 0xB3, 0xD3, 0x32, 0x3A, 0xAD,
    0x47, 0xA7, 0xCD, 0xE0, 0x7C, 0x41, 0x5C, 0xCE, 0xC4, 0xD0, 0xF3, 0x95, 0x26, 0x86, 0xDE, 0x7C,
    0xBE, 0xDB, 0xB1, 0x53, 0x9A, 0x73, 0xA3, 0xD9, 0xAD, 0x46, 0xD5, 0x19, 0x96, 0x3F, 0xD9, 0x73,
    0x58, 0x82, 0xC5, 0x79, 0xC3, 0xAB, 0x63, 0x34, 0x35, 0x16, 0xFB, 0x9C, 0xF8, 0x4A, 0xBE, 0x40,
    0x71, 0xD2, 0x69, 0x35, 0x3A, 0x6D, 0x06, 0xE7, 0x0B, 0xAD, 0xCB, 0xED, 0x92, 0xA1, 0x87, 0x2C,
    0xA3, 0x37, 0x5F, 0x44, 0xB0, 0x83, 0x93, 0x39, 0x9E, 0x74, 0xD8, 0x32, 0xFB, 0xDA, 0xBA, 0x3B,
    0x1E, 0x7F, 0xE2, 0x6E, 0x2A, 0x0A, 0x2A, 0x95, 0x4C, 0xA3, 0x08, 0xC2, 0x2F, 0xBF, 0x58, 0x44,
    0xA4, 0x87, 0xCA, 0xB3, 0xD6, 0x0D, 0x88, 0xBF, 0x5F, 0x51, 0x56, 0xE8, 0xEA, 0x3A, 0x47, 0x48,
    0xA3, 0x54, 0x65, 0xAA, 0x51, 0xBE, 0xB0, 0xCD, 0xF7, 0x72, 0x95, 0xA6, 0x2D, 0xE7, 0xA3, 0x4A,
    0x47, 0xC6, 0xB5, 0x0F, 0xE6, 0xB2, 0x34, 0xFF, 0xB4, 0x41, 0xCA, 0x27, 0x2B, 0xE4, 0xA8, 0x33,
    0x44, 0x74, 0x12, 0x82, 0xD8, 0x59, 0xFC, 0x67, 0xD3, 0xB0, 0x48, 0xB1, 0xB7, 0x95, 0x9A, 0x23,
    0x6A, 0xDA, 0xB4, 0xA5, 0x13, 0xF5, 0xCD, 0x28, 0x77, 0xFA, 0xAF, 0x52, 0x46, 0x95, 0xF3, 0x27,
    0x58, 0x04, 0xDE, 0x23, 0xEF, 0x96, 0x77, 0x5A, 0xBC, 0x5A, 0x29, 0x26, 0xA9, 0x22, 0x0A, 0xBB,
    0xDE, 0xEA, 0x0E, 0x1B, 0xDD, 0x22, 0x9F, 0x09, 0x41, 0x69, 0x35, 0x23, 0xA9, 0xC4, 0x85, 0x9E,
    0xFA, 0xCE, 0xB4, 0xFA, 0x57, 0xD2, 0x97, 0x9F, 0x5C, 0xB7, 0x5A, 0x7A, 0xC0, 0x00, 0x7F, 0x35,
    0x22, 0x4B, 0x07, 0x99, 0x4D, 0x1B, 0x3A, 0x4D, 0xB3, 0xC0, 0x61, 0x75, 0x11, 0x8B, 0x87, 0xF6,
    0x4D, 0x22, 0x0D, 0x11, 0xA2, 0x0D, 0x70, 0x2E, 0x70, 0x66, 0x3B, 0x9C, 0x68, 0x74, 0x5D, 0xF4,
    0x2D, 0x14, 0x3D, 0x7C, 0x0B, 0xFF, 0xCE, 0xE9, 0xCB, 0xCF, 0x73, 0x6D, 0x45, 0x3C, 0xDC, 0x57,
    0x34, 0x28, 0xDA, 0x68, 0xCB, 0x42, 0x65, 0x3D, 0x99, 0x2D, 0x2C, 0xBE, 0xE9, 0xAA, 0xF7, 0x1F,
    0x56, 0x60, 0x11, 0xF9, 0xF4, 0x6C, 0xB9, 0xB3, 0x68, 0xCD, 0xDD, 0xD0, 0x6D, 0xFF, 0xA7, 0x63,
    0xA5, 0xA4, 0xFC, 0x3B, 0xF6, 0x6F, 0x33, 0xBE, 0x8D, 0xDC, 0xFD, 0x4E, 0x6B, 0xCE, 0x32, 0xC4,
    0xF7, 0x82, 0x36, 0xD9, 0xC5, 0x6C, 0xC9, 0x4C, 0xEE, 0x8B, 0xE4, 0xDE, 0xC7, 0xC4, 0x33, 0x80,
    0xDA, 0xB1, 0x9D, 0xE1, 0x59, 0xC5, 0x8A, 0xB9, 0x58, 0xEC, 0x9C, 0xCB, 0xC8, 0xA7, 0x9A, 0xAA,
    0xA1, 0x19, 0x9A, 0xF6, 0xAD, 0x74, 0x58, 0xFF, 0x56, 0x7D, 0x33, 0x85, 0x18, 0x62, 0x33, 0x55,
    0xFD, 0x69, 0x58, 0x2F, 0x82, 0xA4, 0x01, 0x7D, 0x99, 0xD8, 0x30, 0xA7, 0x19, 0x34, 0x40, 0x07,
    0x5F, 0x40, 0xBF, 0xD2, 0xFB, 0xF6, 0xEB, 0x19, 0xE1, 0x24, 0x05, 0x10, 0x53, 0xA4, 0x12, 0x84,
    0x16, 0xA9, 0xE4, 0xDF, 0x61, 0xFB, 0xA0, 0x06, 0xC7, 0x6B, 0x83, 0xED, 0x53, 0x0C, 0x2E, 0x49,
    0xEA, 0x2C, 0x8A, 0x14, 0x93, 0x61, 0xCF, 0x10, 0x59, 0x18, 0x20, 0x2A, 0xC7, 0x3D, 0xD3, 0xBE,
    0x58, 0xA4, 0x19, 0x2B, 0x12, 0x6E, 0xDA, 0x8B, 0xB9, 0x19, 0x4C, 0xBC, 0x1B, 0x4C, 0x51, 0xD7,
    0x1B, 0x98, 0x89, 0xE3, 0xA6, 0xAD, 0xF9, 0xE5, 0x60, 0x1E, 0xEE, 0x67, 0x38, 0x57, 0x04, 0xF8,
    0x3A, 0x24, 0x3A, 0x64, 0x1B, 0xB4, 0xA0, 0x6F, 0x46, 0x73, 0xC4, 0xC6, 0x88, 0xB5, 0x1E, 0xBB,
    0xEE, 0x81, 0xFB, 0x22, 0x8D, 0x37, 0x21, 0xB7, 0xB3, 0x56, 0xDC, 0x92, 0xCA, 0xCE, 0x66, 0x0D,
    0x4C, 0x5A, 0xF2, 0xE9, 0x04, 0xF5, 0x55, 0x9F, 0x3F, 0xBC, 0xB7, 0x66, 0x8F, 0x41, 0x4F, 0xA7,
    0x09, 0x93, 0xD9, 0x7E, 0x97, 0x88, 0xF6, 0x9F, 0xC4, 0xF0, 0x39, 0xE5, 0xE6, 0x3A, 0x4B, 0x1D,
    0xC0, 0xA4, 0x75, 0x24, 0xD4, 0xC5, 0x4A, 0x32, 0x66, 0xD4, 0xB1, 0x4C, 0x70, 0xBD, 0xD8, 0x2E,
    0x2F, 0x65, 0x0A, 0xEB, 0x96, 0x96, 0x88, 0x2A, 0x5E, 0x69, 0xEC, 0xD4, 0xAC, 0x9F, 0x01, 0x87,
    0xE4, 0xAD, 0xAA, 0xD1, 0x1D, 0xAA, 0xEF, 0xCD, 0xA1, 0x37, 0xBA, 0xB5, 0xE4, 0xD0, 0x4D, 0x8F,
    0xC9, 0x14, 0xB5, 0x2B, 0xA1, 0x1C, 0x81, 0x09, 0xC0, 0xDE, 0x5B, 0x15, 0x31, 0x1D, 0xD2, 0x92,
    0x56, 0xC6, 0x5B, 0x48, 0xEB, 0x1F, 0xEA, 0xDF, 0x2D, 0xB9, 0xF6, 0x41, 0x75, 0x97, 0x80, 0x2B,
    0x77, 0xE1, 0x91, 0x48, 0xB2, 0x9B, 0x29, 0x78, 0x54, 0xB0, 0x74, 0x95, 0x0A, 0x86, 0x30, 0x50,
    0x89, 0x33, 0xC7, 0x15, 0x2C, 0x22, 0x58, 0x8D, 0x60, 0x33, 0x80, 0x41, 0x0C, 0xB3, 0x0D, 0x3C,
    0xAE, 0x60, 0x1E, 0xC1, 0x72, 0x02, 0xAB, 0x34, 0x03, 0x1A, 0x76, 0x02, 0x2A, 0x47, 0x7B, 0x89,
    0xDE, 0xD8, 0x67, 0x41, 0xA6, 0xE7, 0xE1, 0x02, 0xC8, 0x41, 0x1E, 0x6F, 0xA1, 0xB8, 0x86, 0x52,
    0x7F, 0x03, 0xD0, 0x7B, 0x60, 0x11, 0x79, 0x43, 0x50, 0x38, 0xB5, 0x37, 0x0C, 0xA7, 0xF0, 0x55,
    0x29, 0x5E, 0x37, 0xE3, 0x69, 0x84, 0xCF, 0xC2, 0x57, 0x68, 0x1B, 0x48, 0x9B, 0xC1, 0x94, 0xC2,
    0x97, 0xFD, 0xCE, 0x40, 0x77, 0x1E, 0xE4, 0xA0, 0x06, 0x95, 0xD9, 0xF0, 0x85, 0xCF, 0x94, 0x7B,
    0xAF, 0x28, 0x96, 0xAB, 0x34, 0x78, 0x6E, 0xFF, 0xD2, 0xF8, 0xBA, 0x87, 0x4C, 0x58, 0x4E, 0xFE,
    0x35, 0x0B, 0x93, 0xB6, 0xE6, 0x81, 0xC2, 0x6F, 0xA5, 0x7C, 0x35, 0x60, 0x48, 0x26, 0xE8, 0xFA,
    0x34, 0xD4, 0x4C, 0x4B, 0x39, 0x97, 0xB3, 0xD4, 0xB1, 0xD8, 0x2D, 0x6B, 0x07, 0x25, 0x82, 0x1D,
    0x0B, 0xE3, 0x9D, 0x2B, 0xD5, 0xF5, 0x0C, 0xC9, 0x7E, 0x15, 0x93, 0xE9, 0xD0, 0x1B, 0xA8, 0xE0,
    0x5C, 0xDA, 0xD0, 0x94, 0xF3, 0xED, 0x7C, 0x95, 0xD8, 0x1C, 0x0E, 0xDB, 0xED, 0xA4, 0x93, 0xA4,
    0xAE, 0x27, 0xAD, 0xDB, 0x49, 0xAF, 0x20, 0x24, 0xC1, 0x5C, 0x39, 0xE2, 0x69, 0xB9, 0x99, 0xCF,
    0xAC, 0x36, 0x13, 0x5D, 0x24, 0x36, 0xBD, 0x14, 0xB3, 0xC3, 0x00, 0x8C, 0x5C, 0x9B, 0xAD, 0xB6,
    0xB2, 0xD0, 0x0C, 0x85, 0xFE, 0xBB, 0xB6, 0x07, 0xD5, 0x0D, 0x05, 0x0B, 0x11, 0xDE, 0xA5, 0x58,
    0x2D, 0xD8, 0xF5, 0x74, 0xD0, 0x48, 0xBF, 0x9A, 0x2D, 0x38, 0xE5, 0xAA, 0xF8, 0x95, 0x20, 0x05,
    0xCC, 0x54, 0xCD, 0xF5, 0x23, 0x09, 0xB1, 0xA4, 0xAB, 0x20, 0x6B, 0x23, 0x06, 0x5F, 0xEE, 0x00,
    0x46, 0x50, 0x46, 0xEC, 0x8F, 0x96, 0xD3, 0xA9, 0x5C, 0x2C, 0x42, 0x2C, 0x92, 0x4C, 0x64, 0xC4,
    0xD9, 0x5A, 0x6C, 0x90, 0xED, 0x27, 0x50, 0x3A, 0x81, 0x92, 0x41, 0xA5, 0xE1, 0x5A, 0xEC, 0xED,
    0x5B, 0xD5, 0x94, 0x7A, 0x0A, 0x37, 0x53, 0xFA, 0x2F, 0xDB, 0x6D, 0x78, 0xEA, 0x68, 0xD0, 0x31,
    0x49, 0xD0, 0x1D, 0x8A, 0x1D, 0xE3, 0x0B, 0x13, 0xD2, 0x68, 0xB0, 0x19, 0xFB, 0xE3, 0x56, 0xE4,
    0x7A, 0x09, 0xBA, 0x3D, 0xAE, 0x39, 0x72, 0x73, 0xB6, 0x5E, 0xEB, 0xB5, 0x5C, 0xF2, 0x49, 0x9E,
    0x72, 0x3C, 0x6D, 0xD5, 0xE3, 0xF8, 0xEC, 0xB4, 0x72, 0x77, 0x1B, 0x43, 0xC0, 0x74, 0x84, 0xDD,
    0xF7, 0xC0, 0x59, 0xD8, 0xC4, 0x3B, 0x70, 0x58, 0xD2, 0xBC, 0x42, 0x49, 0x2A, 0x1F, 0x28, 0xA7,
    0xBD, 0x32, 0x12, 0x2E, 0x8B, 0x16, 0xD7, 0x87, 0xE6, 0x9B, 0x35, 0xFA, 0xE9, 0xC7, 0xCD, 0x82,
    0xFE, 0x65, 0x82, 0xB2, 0xFE, 0x6C, 0xF2, 0xFE, 0xDA, 0x64, 0x77, 0x69, 0x92, 0x22, 0x90, 0x9A,
    0x40, 0xAD, 0xF3, 0x5D, 0x35, 0xC1, 0xF5, 0xA1, 0x59, 0x32, 0x1B, 0xAC, 0xB5, 0xEA, 0xD8, 0xA8,
    0xCE, 0xEF, 0x68, 0xAB, 0xD5, 0x27, 0xF7, 0x8C, 0x53, 0x9D, 0x1E, 0xD0, 0xB5, 0xF8, 0x48, 0xE9,
    0x48, 0xB8, 0x0F, 0x8E, 0x32, 0xD2, 0xA1, 0xBD, 0x2B, 0x37, 0xBD, 0x9F, 0xB7, 0xE9, 0x31, 0x11,
    0x02, 0x19, 0x39, 0x29, 0xFB, 0x35, 0xFA, 0xDB, 0x7F, 0x41, 0xC8, 0x38, 0x6E, 0xFA, 0x72, 0x40,
    0x4B, 0xD8, 0x87, 0xBE, 0x15, 0x87, 0xCB, 0xB4, 0x53, 0x6E, 0xE2, 0x43, 0xAB, 0x08, 0x36, 0xE6,
    0x0F, 0xD4, 0xE0, 0x0B, 0x7B, 0xBB, 0xF0, 0xB8, 0xAD, 0xC7, 0x62, 0xA6, 0x0D, 0x13, 0x39, 0x15,
    0x14, 0xE6, 0x73, 0x35, 0x1E, 0xB4, 0xAF, 0xA6, 0xE3, 0x52, 0x0F, 0x39, 0x77, 0x51, 0x74, 0xDD,
    0x72, 0xB6, 0xC2, 0x61, 0x6D, 0xFA, 0x32, 0x7A, 0xA1, 0xAD, 0x26, 0x2B, 0x64, 0x56, 0xB0, 0x86,
    0x70, 0xA5, 0x4B, 0x85, 0x74, 0x05, 0x9E, 0xD1, 0xC5, 0xFB, 0x2A, 0x52, 0x58, 0x4C, 0x0F, 0x85,
    0x22, 0xD6, 0x43, 0x81, 0xE6, 0x32, 0x56, 0xE3, 0x51, 0xDB, 0x1F, 0x8E, 0x1D, 0x15, 0xCA, 0xD1,
    0x33, 0x09, 0xD1, 0x1E, 0x02, 0x75, 0xD0, 0x31, 0x4C, 0xC9, 0x67, 0x9F, 0xFE, 0xFC, 0x68, 0x62,
    0x8A, 0x52, 0xAA, 0x3B, 0xEA, 0x23, 0xC9, 0xFA, 0x14, 0x8D, 0x31, 0xC5, 0x87, 0x02, 0x11, 0xDB,
    0x5B, 0x57, 0x00, 0xF8, 0x7A, 0x9B, 0xD6, 0x25, 0x52, 0x0C, 0x29, 0x35, 0x42, 0xAA, 0xF7, 0xCE,
    0x90, 0xE6, 0xAF, 0x16, 0x48, 0xF7, 0xDA, 0x0A, 0x09, 0xEE, 0xC2, 0x9E, 0xA6, 0x2D, 0xE4, 0x8F,
    0x2B, 0x19, 0x25, 0xBB, 0x64, 0xD1, 0x37, 0xB4, 0x10, 0xCF, 0x2D, 0x23, 0x95, 0x0A, 0xB2, 0xCD,
    0x2C, 0x6B, 0x24, 0x78, 0x96, 0x94, 0x43, 0x32, 0x50, 0x5B, 0xBB, 0x4E, 0xFD, 0x71, 0x11, 0xB8,
    0x8B, 0x19, 0x32, 0xFA, 0xA4, 0x19, 0x2B, 0x5F, 0x7D, 0xEB, 0x11, 0xB2, 0x60, 0xC4, 0xB4, 0x99,
    0x2E, 0x26, 0xD9, 0xCF, 0x50, 0x16, 0x9F, 0x8E, 0x78, 0x81, 0x3A, 0x9B, 0x92, 0xAC, 0x5B, 0x31,
    0x95, 0x2B, 0x98, 0x81, 0x6C, 0x01, 0xAE, 0x30, 0x5D, 0x3F, 0xEE, 0xE0, 0x0F, 0x2F, 0xC8, 0xEA,
    0xF4, 0x10, 0x31, 0x10, 0x0D, 0x16, 0x2D, 0xE7, 0x1F, 0xC0, 0x66, 0x04, 0xEB, 0x09, 0xAC, 0xE2,
    0x05, 0x4E, 0x60, 0x03, 0x5A, 0x1C, 0xD0, 0xAC, 0x3D, 0x3A, 0x35, 0xE9, 0x51, 0x74, 0x9A, 0x9F,
    0xFF, 0x2A, 0xE9, 0x1E, 0x3A, 0x53, 0x8C, 0x95, 0x86, 0x16, 0xB3, 0x5D, 0xDE, 0x1A, 0x85, 0xC8,
    0x7F, 0xEF, 0x51, 0x25, 0xED, 0x88, 0x88, 0x5A, 0x9A, 0xE0, 0x58, 0x3E, 0xC1, 0xD1, 0xFB, 0xEB,
    0x19, 0xC3, 0x05, 0x76, 0x37, 0xD8, 0x38, 0x8E, 0x49, 0x0F, 0x3A, 0xCF, 0xFA, 0xDD, 0x56, 0x86,
    0xDD, 0x8F, 0x63, 0xA0, 0xDF, 0xCD, 0xEC, 0x16, 0x7D, 0x15, 0xD0, 0x99, 0x8E, 0xF2, 0x08, 0x9F,
    0xEF, 0x51, 0x47, 0x7E, 0x9C, 0x58, 0x85, 0x37, 0x0D, 0x72, 0xD0, 0x01, 0x22, 0x5D, 0x14, 0x48,
    0x35, 0x43, 0x50, 0x0F, 0x39, 0x6E, 0x10, 0xE3, 0x81, 0xA4, 0x24, 0x78, 0xE4, 0x6F, 0x48, 0xFF,
    0xD4, 0x3A, 0xE4, 0x92, 0x16, 0x74, 0x9E, 0x2D, 0x60, 0x2F, 0x59, 0x4F, 0xBE, 0xE0, 0x59, 0xF2,
    0x33, 0x79, 0xFD, 0xD6, 0x73, 0x1B, 0xE6, 0x0B, 0xC0, 0xC4, 0x33, 0x03, 0x0B, 0xDC, 0x19, 0xCE,
    0x15, 0xCF, 0xAD, 0x65, 0xBB, 0x86, 0x78, 0x86, 0x17, 0xD3, 0xD7, 0x5F, 0x00, 0xD7, 0x5E, 0x1C,
    0xAE, 0xBA, 0xE6, 0x2C, 0x85, 0xE1, 0x4A, 0xD7, 0xFC, 0xD4, 0x45, 0xE8, 0x22, 0x9F, 0xF9, 0xB2,
    0x5D, 0xF3, 0xB0, 0x5D, 0x62, 0xE3, 0x38, 0x82, 0x75, 0x04, 0xCB, 0x19, 0x2C, 0x56, 0xF0, 0xA8,
    0x60, 0xA6, 0xA3, 0x21, 0x5D, 0x33, 0xDF, 0xA4, 0x22, 0x64, 0x72, 0x00, 0x49, 0xE9, 0xE3, 0x16,
    0x97, 0x8F, 0xEB, 0x2B, 0x43, 0xB5, 0xE3, 0x0A, 0x5F, 0xA5, 0x7E, 0xF0, 0x45, 0x3F, 0xBE, 0xF3,
    0xFB, 0xB0, 0x43, 0x7D, 0xBE, 0x25, 0x06, 0xBA, 0xE1, 0xD3, 0x18, 0x96, 0x0D, 0xB7, 0x4F, 0x9D,
    0x2A, 0xF1, 0xD7, 0x28, 0x59, 0xD8, 0x5B, 0x1F, 0x72, 0x13, 0xA8, 0xFD, 0x69, 0xFE, 0x2C, 0x57,
    0xB0, 0x89, 0xA0, 0x0E, 0x86, 0x47, 0x15, 0xC3, 0x72, 0x05, 0x9B, 0x08, 0xEA, 0xC0, 0x1A, 0xA2,
    0x28, 0xFF, 0xF9, 0x15, 0x0C, 0x11, 0xB4, 0xCB, 0xA0, 0x97, 0x37, 0xF0, 0x77, 0xB4, 0x85, 0x53,
    0x47, 0xA4, 0xC2, 0x02, 0x56, 0x3B, 0x98, 0x5B, 0x05, 0xFA, 0x47, 0xB0, 0x99, 0xC1, 0xEA, 0x6A,
    0x9E, 0xC7, 0x1F, 0x09, 0x13, 0x58, 0x47, 0xB0, 0x5C, 0x41, 0xF9, 0xE8, 0xC2, 0xF5, 0x38, 0x3F,
    0xFA, 0x08, 0x9A, 0x8E, 0x9B, 0x8F, 0xA1, 0x5C, 0xA1, 0x8D, 0xD1, 0xD6, 0x68, 0x88, 0x85, 0x12,
    0x10, 0x35, 0xCA, 0xE0, 0x80, 0x46, 0xE6, 0xEA, 0x58, 0x3E, 0x31, 0x5A, 0x3C, 0x99, 0xCB, 0xFF,
    0x59, 0x4C, 0xFC, 0x3F, 0xE6, 0xF2, 0x7D, 0xA6, 0xA8, 0xFA, 0xB3, 0xA5, 0x8C, 0xBB, 0x89, 0xBF,
    0xB6, 0x94, 0x53, 0x30, 0x5B, 0x47, 0xA3, 0x4D, 0x2B, 0xFB, 0x71, 0xAD, 0xA6, 0x7A, 0x90, 0xD5,
    0xE8, 0x58, 0x0E, 0x07, 0xE8, 0x58, 0x4C, 0xC7, 0x19, 0x7A, 0x8C, 0xB9, 0x79, 0x51, 0x8F, 0x87,
    0xB9, 0x1C, 0x0F, 0x46, 0xB3, 0xB5, 0x32, 0x0E, 0xE3, 0xDE, 0xEA, 0xF6, 0xC0, 0xD6, 0xFC, 0x3D,
    0x8D, 0x8F, 0xD0, 0xE6, 0x75, 0xA7, 0x16, 0xE4, 0x0C, 0x5A, 0x2E, 0x4E, 0x8B, 0xE8, 0x7B, 0x76,
    0x91, 0xA7, 0x52, 0xD1, 0xAE, 0x15, 0x70, 0x10, 0x30, 0x0A, 0xB8, 0x0A, 0xB8, 0x0B, 0xA8, 0x3D,
    0xA8, 0x23, 0xF8, 0xCB, 0x11, 0xFC, 0xE9, 0x15, 0x7C, 0x6D, 0x07, 0x7B, 0x6D, 0xC1, 0x6E, 0x00,
    0xEB, 0x08, 0x16, 0x0B, 0x78, 0xDC, 0xC0, 0x4C, 0x41, 0x09, 0x3D, 0xD8, 0x8C, 0x60, 0x19, 0xC1,
    0x62, 0x01, 0x8F, 0x1B, 0x28, 0xAA, 0x60, 0x50, 0xB0, 0x51, 0xB0, 0x54, 0xB0, 0x50, 0xF0, 0xA8,
    0x60, 0x06, 0x1A, 0x93, 0xF0, 0x24, 0xD2, 0xD7, 0x43, 0xC5, 0x35, 0x5F, 0x9A, 0x7D, 0x07, 0x5C,
    0x2B, 0x1E, 0x8F, 0xAC, 0x30, 0x26, 0xC5, 0xB5, 0xC9, 0xE7, 0x41, 0x76, 0x72, 0x33, 0xBC, 0x8B,
    0xCF, 0x85, 0xF9, 0xEA, 0x83, 0xE7, 0xB8, 0xFB, 0xD2, 0x7B, 0xD0, 0x74, 0xEB, 0xEF, 0x54, 0x54,
    0x42, 0xA2, 0xFD, 0xF5, 0xEF, 0x54, 0x9F, 0xF8, 0x93, 0x7C, 0xD2, 0x97, 0xF4, 0xBB, 0xBD, 0x35,
    0xD9, 0x4F, 0xFE, 0x24, 0xFF, 0x92, 0xBF, 0xC9, 0xFF, 0x53, 0x7B, 0x52, 0xFB, 0x58, 0xD0, 0xD3,
    0xCA, 0x08, 0x32, 0x60, 0xE5, 0x7A, 0xB3, 0xD4, 0x1A, 0x9A, 0x7F, 0x60, 0x37, 0xDC, 0x62, 0xAA,
    0x85, 0x33, 0x49, 0x65, 0x61, 0x4D, 0xDA, 0x92, 0x66, 0xAC, 0x60, 0xF7, 0xA5, 0xF0, 0xA3, 0x95,
    0x95, 0xEE, 0xA5, 0xB2, 0x32, 0x3F, 0x47, 0x56, 0xDE, 0xEC, 0xED, 0x63, 0xEA, 0x05, 0xF1, 0x1E,
    0x44, 0x9B, 0xD3, 0x23, 0x7C, 0x48, 0xA4, 0x6D, 0x7B, 0xAD, 0x70, 0xA4, 0x37, 0x27, 0x84, 0x68,
    0xBC, 0xCD, 0xEA, 0xC5, 0x16, 0x78, 0xBF, 0xDC, 0x02, 0xF7, 0x1F, 0x38, 0xB7, 0x01, 0xA4, 0xF6,
    0x3A, 0xAB, 0xDD, 0x4D, 0x56, 0x57, 0x39, 0x4D, 0xED, 0xC6, 0x0E, 0x76, 0x23, 0x58, 0xC7, 0xF3,
    0x22, 0x70, 0xDC, 0xC0, 0xC3, 0xA5, 0xC5, 0x6E, 0xBC, 0x98, 0x92, 0x67, 0xDF, 0x66, 0xA0, 0x8E,
    0x48, 0xA9, 0xBF, 0x1B, 0xB8, 0x8B, 0x16, 0x38, 0x76, 0xA2, 0x75, 0xDA, 0x4F, 0x9C, 0x71, 0x3A,
    0xEF, 0x36, 0xAA, 0x0D, 0x2C, 0x95, 0x8A, 0xA3, 0xEE, 0xFC, 0x08, 0x3A, 0x1B, 0x16, 0x78, 0x88,
    0x52, 0x98, 0x0F, 0xA6, 0x13, 0x91, 0x15, 0xCC, 0xF7, 0x8B, 0xDD, 0xEE, 0x0D, 0x1E, 0x76, 0xF9,
    0x24, 0x61, 0x83, 0xD1, 0xDC, 0xA7, 0x9B, 0x80, 0xC8, 0x62, 0x87, 0xB6, 0x1F, 0x26, 0x39, 0xB7,
    0x3B, 0x03, 0xBF, 0x67, 0xFD, 0xD8, 0xC4, 0xD0, 0xF2, 0x3C, 0xEA, 0x23, 0x82, 0x73, 0xE8, 0xC1,
    0x2E, 0xA1, 0xD9, 0x6F, 0x06, 0x90, 0xAC, 0xD5, 0x53, 0x15, 0xC9, 0x1F, 0xDD, 0x98, 0x67, 0x89,
    0xFD, 0x5B, 0x55, 0xC4, 0x83, 0xC7, 0x1D, 0xB6, 0x3F, 0x2F, 0xF0, 0x71, 0x95, 0xAF, 0x8D, 0xDF,
    0xD6, 0xD5, 0x11, 0x12, 0x11, 0xE4, 0x61, 0xD1, 0x22, 0xA4, 0xBE, 0x58, 0x21, 0x43, 0x0E, 0x09,
    0xC3, 0x91, 0x5C, 0xF2, 0xC4, 0x8A, 0xF4, 0x51, 0x22, 0x7F, 0xA2, 0x74, 0x3A, 0xB4, 0x99, 0x2E,
    0x8C, 0x9A, 0x87, 0xF4, 0x17, 0x02, 0xC2, 0x59, 0x43, 0x16, 0xAE, 0x5B, 0x3D, 0x5C, 0x70, 0xE3,
    0xBC, 0xA9, 0x51, 0x41, 0x61, 0xE6, 0xE4, 0xB5, 0x0D, 0xD2, 0xFD, 0xD5, 0x0A, 0x69, 0xFE, 0x71,
    0xB9, 0x18, 0x6E, 0xA5, 0x8F, 0x36, 0x5F, 0x9C, 0xE5, 0x98, 0x48, 0x7B, 0xEA, 0x48, 0xE8, 0xF3,
    0x89, 0xCB, 0x4B, 0x5C, 0xC1, 0x14, 0x87, 0xB6, 0x04, 0x86, 0x05, 0xD1, 0xA7, 0x8E, 0x30, 0xA4,
    0x92, 0x0E, 0x48, 0xD7, 0x93, 0xE1, 0x48, 0x53, 0xAA, 0xC8, 0xB8, 0x66, 0xD7, 0x5B, 0x32, 0xB7,
    0xDB, 0xC9, 0xE4, 0x22, 0xC7, 0x27, 0xF3, 0x43, 0xA9, 0xB0, 0xD5, 0x3F, 0x5F, 0x69, 0x60, 0xF9,
    0xCF, 0x10, 0x7E, 0x94, 0x7F, 0xBD, 0x49, 0x01, 0x03, 0x2F, 0x28, 0x05, 0xC1, 0x4D, 0x9A, 0x3E,
    0x58, 0x09, 0x95, 0x4D, 0xDB, 0xB5, 0x15, 0x06, 0x84, 0xC7, 0xC8, 0x35, 0x46, 0x65, 0x37, 0x4E,
    0x5C, 0xD2, 0x2F, 0xDF, 0xA4, 0x9A, 0x28, 0x85, 0x9F, 0x34, 0x3D, 0x91, 0x2C, 0x76, 0x7F, 0xB6,
    0x90, 0xDB, 0x96, 0xFB, 0x7E, 0x53, 0xB5, 0xA8, 0x10, 0x0B, 0x3C, 0xA1, 0x54, 0xE9, 0x68, 0xAA,
    0xB6, 0xF4, 0x0C, 0x5B, 0x57, 0x4A, 0xCA, 0x14, 0x42, 0xA9, 0x20, 0x20, 0xDD, 0x92, 0x86, 0x5B,
    0x13, 0x29, 0xED, 0x3E, 0x78, 0x19, 0xDE, 0xA4, 0x8A, 0x84, 0x1E, 0x94, 0xCB, 0x8C, 0xBA, 0xCC,
    0x24, 0xC8, 0x74, 0x18, 0xE0, 0x41, 0xA2, 0x1B, 0x85, 0x86, 0xA2, 0xB3, 0x58, 0x8D, 0x11, 0x5D,
    0xC6, 0x88, 0xEC, 0xB7, 0x2E, 0x90, 0xA0, 0x31, 0xBD, 0x9B, 0x4C, 0xC6, 0x85, 0x09, 0x2B, 0x91,
    0x74, 0x11, 0x96, 0xF1, 0x2C, 0x90, 0xE9, 0xB7, 0xAE, 0x82, 0x3B, 0x66, 0x19, 0xD5, 0x64, 0x0D,
    0x9F, 0x50, 0xD3, 0x4C, 0xF6, 0xC5, 0x09, 0x2E, 0x64, 0x4A, 0x35, 0x0E, 0x72, 0xE2, 0x6E, 0xA6,
    0x78, 0x44, 0xB6, 0x1E, 0xDE, 0x73, 0xE3, 0x23, 0xBB, 0xE3, 0x48, 0x1D, 0x32, 0x84, 0xBC, 0x5C,
    0x91, 0xA3, 0x04, 0x37, 0x9E, 0xC3, 0x6D, 0x9E, 0x10, 0xDF, 0x6E, 0xA0, 0x24, 0x4D, 0x34, 0x7E,
    0xEA, 0x8D, 0x0B, 0x6E, 0x4B, 0x20, 0x56, 0x2A, 0x77, 0x10, 0xB5, 0xB8, 0x3B, 0xB8, 0xF3, 0x97,
    0x0F, 0x75, 0x50, 0x4E, 0xFB, 0x96, 0x57, 0x4D, 0x1A, 0xB5, 0x63, 0xB8, 0x44, 0x5C, 0xC1, 0x57,
    0xB9, 0xBC, 0xE3, 0xAB, 0xE6, 0xF3, 0x4C, 0x4C, 0x25, 0xED, 0x4B, 0x0F, 0x09, 0x49, 0x60, 0xCA,
    0x76, 0x5A, 0x4A, 0xDB, 0x94, 0xF9, 0xAB, 0x3B, 0x46, 0x97, 0xEF, 0xCE, 0x2C, 0x8C, 0x5E, 0x46,
    0xE5, 0x59, 0x4B, 0x15, 0x2F, 0x6E, 0x27, 0xF1, 0x67, 0x0A, 0x17, 0xA8, 0x3A, 0xFA, 0xD7, 0xE4,
    0x3E, 0x32, 0xDF, 0x93, 0xC5, 0x66, 0x48, 0xAB, 0x74, 0x19, 0x13, 0xE4, 0xF3, 0xD5, 0x53, 0xFB,
    0xCC, 0xBB, 0x29, 0x10, 0x4E, 0x9B, 0x18, 0x97, 0x03, 0xAA, 0x29, 0xC9, 0x15, 0x33, 0xC2, 0x4B,
    0x92, 0x3B, 0x20, 0x97, 0xED, 0x67, 0xE1, 0xF6, 0x2C, 0x7C, 0x6B, 0xB4, 0x78, 0xAA, 0x51, 0x20,
    0xC9, 0x01, 0x4F, 0x37, 0x1A, 0x34, 0xFA, 0x57, 0xCA, 0x8F, 0xD0, 0xF7, 0x6C, 0xD1, 0xFD, 0x92,
    0x30, 0xE2, 0xBC, 0x46, 0xFC, 0xD1, 0x05, 0xD7, 0x9E, 0xAC, 0xB8, 0xFA, 0xDF, 0xBB, 0xD0, 0xE4,
    0x20, 0xA7, 0xB7, 0x5F, 0x3C, 0x43, 0xCD, 0x7C, 0x62, 0xE3, 0x85, 0x39, 0x5F, 0x26, 0xC3, 0xC8,
    0x45, 0x9F, 0xCF, 0x08, 0x6F, 0xD3, 0x1E, 0x5A, 0x7B, 0x44, 0xEE, 0x1D, 0x3A, 0x5E, 0xE2, 0x9B,
    0x4D, 0x5F, 0x4B, 0x97, 0x72, 0x0D, 0x84, 0xA9, 0x11, 0x79, 0x23, 0xEB, 0xFB, 0xBD, 0xD9, 0x56,
    0x9E, 0xAD, 0xAA, 0x4A, 0x76, 0x9F, 0x69, 0x7A, 0x59, 0xE9, 0xBB, 0x90, 0x32, 0xC5, 0x0E, 0x78,
    0xAB, 0xFE, 0x4E, 0xCC, 0x50, 0x57, 0x00, 0xD5, 0x23, 0xA9, 0x62, 0x33, 0xF9, 0x9A, 0x77, 0x05,
    0x98, 0xA9, 0x1F, 0x19, 0x94, 0xF0, 0x1D, 0x00, 0xF9, 0x3C, 0x7D, 0xDC, 0x7E, 0x3F, 0x49, 0x0D,
    0xCF, 0x05, 0xDF, 0x68, 0xFE, 0xA5, 0xD7, 0x61, 0xDA, 0x86, 0x25, 0xD3, 0x31, 0xB0, 0xD7, 0xB2,
    0xDA, 0x72, 0x36, 0xC8, 0x4F, 0xAF, 0xAF, 0x0E, 0xDB, 0x09, 0xF6, 0x13, 0xF8, 0x7B, 0xE4, 0xC4,
    0x02, 0xB3, 0x8B, 0x35, 0x31, 0xF4, 0x07, 0x1D, 0x50, 0x8A, 0xE6, 0x45, 0xEE, 0xC2, 0xDE, 0x32,
    0xA2, 0xFF, 0x53, 0xA4, 0x21, 0x10, 0x54, 0xE4, 0xDA, 0x7E, 0x06, 0x43, 0x92, 0x50, 0xDC, 0xBC,
    0x27, 0x77, 0x50, 0x39, 0x41, 0x7B, 0xD3, 0x6B, 0x5D, 0x0C, 0x05, 0xA8, 0xBA, 0x93, 0x2C, 0x6D,
    0x21, 0x7B, 0xDF, 0xFE, 0xD9, 0xF1, 0x5B, 0xDE, 0xF5, 0x9F, 0x15, 0xEE, 0xF4, 0x17, 0x36, 0x14,
    0x6C, 0x07, 0x35, 0x28, 0xF6, 0xF6, 0x87, 0x37, 0xB6, 0xDA, 0x5B, 0xC3, 0x7A, 0xD9, 0x0C, 0x06,
    0x5D, 0x9F, 0x02, 0xA1, 0x80, 0x4A, 0x82, 0x73, 0x84, 0xBA, 0x21, 0x31, 0xD7, 0xD1, 0xA0, 0x5C,
    0x0C, 0xF0, 0x6F, 0xCB, 0x50, 0x2A, 0x35, 0x90, 0x85, 0xFD, 0xDE, 0xDF, 0x61, 0x75, 0xE9, 0x1D,
    0x56, 0xBE, 0x4B, 0x18, 0xCB, 0x59, 0xAA, 0xD3, 0x7B, 0xFD, 0xE3, 0x92, 0x5E, 0xE9, 0x1B, 0xB0,
    0xB1, 0xD1, 0x13, 0xDC, 0x44, 0x03, 0x48, 0xD1, 0x60, 0x8D, 0x7C, 0xC3, 0x78, 0x48, 0x4F, 0x99,
    0xCD, 0x77, 0x7D, 0xCC, 0x2E, 0xA3, 0xB7, 0x4B, 0x63, 0xA1, 0x3A, 0x54, 0x4B, 0xD6, 0xD3, 0x05,
    0xD3, 0x96, 0x21, 0x5C, 0x9E, 0xE6, 0x4A, 0x3A, 0xF9, 0xFD, 0xAA, 0x4E, 0x6B, 0xED, 0x63, 0xDF,
    0xDF, 0x67, 0x6A, 0x60, 0x01, 0xC9, 0xD7, 0x92, 0x51, 0x56, 0x4F, 0x06, 0xCD, 0x60, 0x70, 0x6E,
    0xAD, 0x02, 0x2A, 0xA9, 0xE4, 0x11, 0x38, 0xFF, 0x59, 0x61, 0x34, 0xA8, 0x66, 0x83, 0x72, 0x97,
    0x1F, 0x5E, 0x8F, 0xE8, 0x93, 0x00, 0x14, 0xFA, 0x8B, 0x69, 0xD2, 0xBA, 0x7D, 0x8B, 0xF7, 0x96,
    0x6F, 0xCB, 0x74, 0xAC, 0x08, 0xF5, 0x39, 0x05, 0x2F, 0x30, 0x62, 0xBE, 0x43, 0x7B, 0xEF, 0xD2,
    0xDE, 0xB9, 0xEF, 0x0F, 0x4A, 0x9C, 0xBA, 0xC1, 0xA0, 0x1E, 0x0D, 0xAA, 0xC9, 0xA0, 0x8C, 0xAF,
    0x06, 0x78, 0x69, 0xD8, 0x5C, 0xBD, 0x54, 0xAC, 0xC7, 0x67, 0xFF, 0x48, 0x3E, 0xD1, 0x21, 0xCA,
    0x15, 0xB4, 0xF2, 0xF5, 0xEB, 0xC5, 0x97, 0xFE, 0x5E, 0xFC, 0xEF, 0xA8, 0x1B, 0x83, 0x85, 0x61,
    0x97, 0x30, 0x3D, 0x7F, 0x48, 0x81, 0x60, 0xE1, 0xCB, 0xD4, 0x4A, 0xF9, 0x6A, 0x50, 0xCD, 0x06,
    0xDD, 0x28, 0xE1, 0xCB, 0xD5, 0xAA, 0xBE, 0x72, 0x33, 0x96, 0x6F, 0x9D, 0x0D, 0xC2, 0x68, 0xA0,
    0x3D, 0x30, 0x02, 0x5C, 0xFB, 0x1E, 0x6A, 0xBF, 0x56, 0x05, 0xE6, 0x01, 0xB1, 0x88, 0x82, 0xC5,
    0xA0, 0xD8, 0x0C, 0x0E, 0x8A, 0x7A, 0x1D, 0x0C, 0x9A, 0x91, 0x14, 0xC5, 0xEF, 0x97, 0xF0, 0x22,
    0x9F, 0xBE, 0x9B, 0x9A, 0xAD, 0x5C, 0xB3, 0x3F, 0x62, 0x26, 0xBB, 0xF3, 0x59, 0x33, 0x06, 0xDD,
    0xA0, 0x1C, 0x6D, 0xE8, 0x73, 0x9D, 0x33, 0xC5, 0x92, 0xF6, 0x6E, 0xAC, 0xEB, 0xBD, 0x37, 0x30,
    0x6B, 0xC7, 0x8F, 0x16, 0xBD, 0x0B, 0xD7, 0x1D, 0xB6, 0xFF, 0xB0, 0x76, 0x58, 0xB9, 0xF3, 0x7F,
    0x5B, 0xEA, 0xEE, 0x4F, 0x20, 0x06, 0xC9, 0x95, 0x9C, 0x94, 0x0B, 0xBB, 0x34, 0xC6, 0xFA, 0x86,
    0x5B, 0xE9, 0x61, 0xC1, 0xC3, 0xF4, 0x10, 0xC0, 0x5E, 0x99, 0xCE, 0x1E, 0xD0, 0xAF, 0x78, 0xAD,
    0x73, 0xBA, 0x94, 0x6B, 0x70, 0x6D, 0xAE, 0xD9, 0xAD, 0xB8, 0x45, 0xB7, 0x4E, 0x86, 0xAE, 0x5A,
    0x7C, 0xE7, 0xF9, 0xBF, 0x59, 0xD4, 0x0C, 0x9E, 0xB6, 0xA8, 0x01, 0xD7, 0x8B, 0x1A, 0xAB, 0xA2,
    0xAF, 0x8F, 0x64, 0xDB, 0x60, 0xF3, 0xD5, 0xF3, 0x59, 0x7B, 0x39, 0x13, 0xCE, 0xB7, 0x31, 0xFB,
    0xFB, 0x3A, 0x60, 0xCE, 0x3F, 0xAC, 0x0D, 0x75, 0xBC, 0x59, 0x5C, 0x6E, 0x56, 0x98, 0x74, 0x0D,
    0x16, 0x98, 0x81, 0xC9, 0x80, 0x59, 0xD0, 0xD7, 0x29, 0x7F, 0x6D, 0xD1, 0x01, 0xAC, 0x62, 0xCF,
    0xBA, 0xE4, 0xF1, 0xB8, 0xBD, 0xF3, 0xE9, 0xBE, 0x0D, 0xF7, 0xD9, 0xAB, 0x9B, 0xEE, 0xF9, 0x97,
    0x46, 0xE6, 0x73, 0xB2, 0x2E, 0x52, 0x2D, 0xF2, 0x13, 0xD7, 0xFF, 0x29, 0x49, 0xFF, 0xE0, 0xF5,
    0xFB, 0xBC, 0x7F, 0x65, 0x09, 0xD7, 0x11, 0x89, 0x85, 0x2C, 0x72, 0xB5, 0xDA, 0x4F, 0xF7, 0x00,
    0x97, 0xF0, 0xAE, 0x96, 0x27, 0x29, 0x68, 0x36, 0x98, 0x7C, 0xA5, 0xFF, 0x7E, 0x6A, 0x9E, 0x72,
    0x92, 0xAD, 0x74, 0xF2, 0xFB, 0x79, 0xCE, 0xF0, 0x90, 0xBC, 0x6E, 0xC0, 0xDD, 0xBB, 0xB6, 0x52,
    0x1D, 0x72, 0x3B, 0x25, 0x3C, 0xA2, 0xBE, 0x8C, 0x2F, 0x0D, 0xA1, 0x4D, 0xD0, 0x0D, 0x06, 0xCD,
    0x64, 0xC0, 0xC6, 0xCF, 0xB7, 0x80, 0xFE, 0x0A, 0x97, 0x3F, 0x20, 0x10, 0x31, 0x6D, 0x59, 0xB4,
    0xFD, 0x5E, 0x7E, 0x37, 0x96, 0x74, 0x0F, 0x6F, 0x31, 0x9E, 0xD3, 0xBE, 0x95, 0x82, 0x94, 0xA9,
    0x0A, 0x36, 0x44, 0xC4, 0x37, 0xB9, 0xFE, 0xDF, 0x87, 0xAE, 0x35, 0x1C, 0x94, 0x08, 0x8F, 0x84,
    0x98, 0xA7, 0xFC, 0x22, 0xC5, 0xFB, 0xFD, 0x9E, 0x7A, 0x06, 0x35, 0xA6, 0xD7, 0xB6, 0x26, 0x3C,
    0x80, 0x5D, 0xEF, 0xEF, 0xD7, 0xD1, 0xD9, 0x8C, 0x18, 0xCC, 0x36, 0xF3, 0x83, 0x0E, 0xBC, 0xF2,
    0x34, 0x74, 0x35, 0xBB, 0x2C, 0x05, 0x46, 0x97, 0x72, 0x26, 0xAD, 0xF9, 0xCC, 0xBB, 0x7A, 0xF6,
    0xD4, 0xE6, 0x51, 0x13, 0x9C, 0x76, 0x9D, 0x19, 0x35, 0xDF, 0x5E, 0x6F, 0x5A, 0xFE, 0x21, 0x2D,
    0x5B, 0xDD, 0x9B, 0x56, 0x95, 0xB5, 0x1A, 0xCC, 0xB9, 0xF0, 0x15, 0x4B, 0x39, 0x06, 0x5E, 0xCC,
    0xCC, 0xE5, 0xA4, 0x66, 0xF0, 0xCF, 0x62, 0x1E, 0xCD, 0xC5, 0xFA, 0x6F, 0xA7, 0xE3, 0xFF, 0xF2,
    0x4C, 0xEC, 0xBD, 0xE3, 0xF1, 0x09, 0x54, 0x87, 0x4C, 0x67, 0xFF, 0xF3, 0x17, 0xAE, 0x1E, 0x59,
    0x26, 0x26, 0xEF, 0x2C, 0xA4, 0xCA, 0x14, 0xE3, 0x6C, 0x8D, 0xB3, 0x52, 0x12, 0x12, 0xBE, 0x7E,
    0xC7, 0xEC, 0x37, 0xCC, 0x56, 0x9B, 0x62, 0xF0, 0xBE, 0x3D, 0xFD, 0x27, 0xF9, 0xBA, 0xDD, 0x61,
    0x00, 0x29, 0x13, 0x95, 0xC4, 0xE3, 0xFC, 0xC8, 0xB6, 0x24, 0x84, 0xBD, 0xDE, 0x8E, 0x21, 0xF4,
    0x2F, 0x0F, 0xB6, 0xFC, 0x51, 0x88, 0x67, 0x0C, 0xB4, 0xF2, 0x88, 0x27, 0xF5, 0x44, 0x5A, 0x2A,
    0x98, 0xCF, 0x79, 0x23, 0x69, 0x14, 0x2E, 0xF3, 0x86, 0x48, 0x75, 0xBA, 0xEB, 0xE8, 0xDC, 0x5B,
    0x0B, 0x50, 0xBA, 0x69, 0xB1, 0xE0, 0x80, 0x71, 0x33, 0xCC, 0x1F, 0xB9, 0xE7, 0x20, 0x41, 0xC1,
    0xE7, 0x08, 0x76, 0x13, 0x88, 0xA8, 0xA0, 0x86, 0x72, 0x0B, 0xAA, 0xA4, 0xD1, 0xFF, 0x71, 0xD5,
    0x02, 0x1F, 0xEC, 0xBE, 0xAC, 0xF2, 0x74, 0x12, 0x3E, 0x66, 0xD4, 0x33, 0x10, 0x57, 0x93, 0xCC,
    0xF7, 0xB4, 0xBD, 0x6C, 0xE2, 0x07, 0xFE, 0x83, 0xE5, 0xF9, 0x5F, 0x93, 0xC1, 0xDF, 0xAA, 0xDF,
    0xFE, 0x79, 0x6E, 0x4C, 0xEA, 0xBB, 0x13, 0x98, 0xD5, 0x9E, 0x4C, 0x4A, 0x65, 0x67, 0xF3, 0xAF,
    0xE7, 0x5D, 0x69, 0x27, 0x1F, 0xFA, 0x24, 0x1A, 0x2A, 0x04, 0xD7, 0xFF, 0xFA, 0x31, 0xD3, 0x6E,
    0x28, 0xBF, 0xB9, 0x7E, 0x1E, 0xC8, 0xCF, 0xA4, 0xCF, 0xC7, 0x86, 0xE0, 0x07, 0xFE, 0xE0, 0x17,
    0xFE, 0xED, 0xCF, 0x7A, 0xBC, 0xCE, 0xF4, 0x37, 0xDB, 0xB9, 0x32, 0x8B, 0x61, 0xDC, 0x95, 0xBA,
    0xE2, 0x0F, 0x75, 0xFA, 0x18, 0x23, 0x4A, 0xF4, 0x24, 0xD6, 0x37, 0x42, 0xCF, 0x76, 0x9E, 0xDF,
    0x57, 0x7F, 0x61, 0xFA, 0x50, 0xBA, 0x92, 0x4D, 0x75, 0x3F, 0xC2, 0xE6, 0x7E, 0xE1, 0x1F, 0xD9,
    0x79, 0x4B, 0x4B, 0x9F, 0xAE, 0xFA, 0x52, 0x55, 0xEA, 0xB6, 0x1A, 0xC2, 0x14, 0xA0, 0xBA, 0x49,
    0x63, 0x26, 0x17, 0xF9, 0x0C, 0x6B, 0xF5, 0x28, 0xFF, 0x0F, 0xED, 0x5B, 0x3F, 0xAC, 0xED, 0x46,
    0x5A, 0xFF, 0x6C, 0x2F, 0xD7, 0x61, 0x0D, 0x72, 0x8A, 0x2D, 0x22, 0xAE, 0xB4, 0x4E, 0xF1, 0x0A,
    0xA4, 0x15, 0x32, 0xC5, 0xD6, 0x19, 0x27, 0x5B, 0x6C, 0x41, 0x5F, 0x51, 0x90, 0x82, 0x0E, 0xA4,
    0xD7, 0xD0, 0xE6, 0x79, 0x48, 0x4A, 0x0A, 0x6E, 0xDF, 0x40, 0xDF, 0xD0, 0x50, 0x50, 0x90, 0x67,
    0x4B, 0x14, 0x5B, 0x50, 0xE0, 0x8E, 0x82, 0xC6, 0x48, 0x91, 0x80, 0x2A, 0xB3, 0x92, 0xA5, 0xF5,
    0x0D, 0xB6, 0x3F, 0xE6, 0xF7, 0xFB, 0xCE, 0x9C, 0x77, 0x2F, 0xE7, 0xBD, 0xBC, 0xE4, 0xE5, 0xCF,
    0x7D, 0x49, 0x76, 0xCE, 0xF5, 0x6F, 0xBE, 0x33, 0x33, 0xDF, 0xDF, 0x19, 0xCF, 0x8C, 0xC7, 0xE7,
    0x56, 0x53, 0x1B, 0xDC, 0xEA, 0xD6, 0x36, 0x54, 0x93, 0x9C, 0x52, 0x39, 0x56, 0x63, 0x35, 0xD5,
    0x53, 0x3D, 0x9F, 0x3E, 0xA1, 0x79, 0xEE, 0x47, 0xA4, 0x17, 0x79, 0x31, 0x64, 0x7A, 0x2B, 0xD2,
    0xAA, 0x7A, 0x51, 0xD5, 0xAE, 0x50, 0x7F, 0x25, 0xD5, 0x26, 0x22, 0x75, 0x88, 0xD0, 0xCE, 0x11,
    0xDC, 0x98, 0xA0, 0x27, 0xF8, 0x33, 0xB0, 0x22, 0x81, 0x35, 0x86, 0x3E, 0x13, 0x50, 0xE8, 0xCD,
    0x15, 0x85, 0x8E, 0xD2, 0x02, 0x32, 0xFD, 0x8C, 0x2A, 0x3F, 0x0F, 0xAE, 0xF5, 0x46, 0x32, 0xD5,
    0x4D, 0x4A, 0xD5, 0x55, 0xEA, 0x5D, 0xFE, 0xEA, 0xC2, 0x04, 0x2A, 0xEE, 0x22, 0x0C, 0x2F, 0x80,
    0x1E, 0x7E, 0x3C, 0x83, 0xBB, 0xB5, 0x92, 0x40, 0x2F, 0x21, 0x3B, 0x00, 0x1A, 0x53, 0x7E, 0x86,
    0x2B, 0x11, 0x79, 0x43, 0x1A, 0x2F, 0xE2, 0xC4, 0xFD, 0xE7, 0x30, 0xAB, 0xAF, 0x55, 0xF5, 0x90,
    0x42, 0x61, 0x5E, 0xA6, 0xFE, 0x71, 0x90, 0x7C, 0x97, 0x2A, 0x48, 0xB1, 0xF2, 0x2F, 0x48, 0xB6,
    0x3D, 0x0F, 0x59, 0x6B, 0x2D, 0x8D, 0xCB, 0x24, 0x98, 0x34, 0x93, 0x6C, 0x5A, 0x4C, 0xA3, 0x9B,
    0x44, 0xCA, 0x15, 0xA1, 0xAC, 0x43, 0xBD, 0x20, 0xB2, 0xE5, 0x06, 0xFF, 0x8B, 0x9D, 0x9E, 0x28,
    0x2D, 0x1E, 0x7C, 0xBE, 0xA3, 0x10, 0x55, 0x4D, 0xA8, 0xD1, 0x78, 0x41, 0xB0, 0xCA, 0x0D, 0x81,
    0xCA, 0x0F, 0xBA, 0xAC, 0x07, 0x63, 0xBB, 0x09, 0x35, 0xAA, 0xBF, 0x8B, 0xD6, 0xC7, 0xCF, 0xC7,
    0x2F, 0xD3, 0xFE, 0xF8, 0x7F, 0x49, 0x52, 0xBA, 0xA8, 0xB8, 0xD2, 0x4F, 0xD8, 0x3F, 0x63, 0x46,
    0xA9, 0x87, 0x5C, 0x4B, 0xB9, 0x88, 0x20, 0x2C, 0x09, 0xD6, 0x08, 0x05, 0x44, 0xE4, 0x68, 0x2B,
    0x50, 0x9B, 0x23, 0x54, 0xD5, 0xED, 0xA0, 0xD2, 0xCC, 0x57, 0x3A, 0x46, 0xEF, 0xFA, 0xC9, 0x75,
    0xF1, 0x4B, 0x84, 0x3A, 0x38, 0x1F, 0x39, 0xDD, 0x24, 0xF5, 0xDC, 0x2E, 0xD2, 0x4C, 0xB5, 0xFA,
    0x18, 0x27, 0x3D, 0x14, 0x8A, 0x36, 0x91, 0x2B, 0x80, 0x34, 0xEC, 0x61, 0xED, 0x6C, 0x14, 0xDD,
    0x87, 0x9F, 0x76, 0xB1, 0xA2, 0x65, 0x47, 0xB0, 0x57, 0x87, 0x23, 0xCA, 0xEE, 0x9A, 0xAE, 0x1F,
    0xE3, 0x67, 0x1A, 0x26, 0xE4, 0x4D, 0xD7, 0x76, 0x90, 0x75, 0x2B, 0x22, 0xF4, 0x60, 0x16, 0xC1,
    0x18, 0xD5, 0x3D, 0xE6, 0xED, 0xD1, 0x55, 0x88, 0xCE, 0x30, 0xC5, 0xAA, 0xD9, 0x06, 0x52, 0x85,
    0x1E, 0x87, 0x17, 0x1B, 0xFC, 0x7A, 0x7C, 0x2B, 0x83, 0xD4, 0x53, 0x64, 0xF0, 0xAE, 0x6B, 0xC7,
    0x56, 0xA3, 0xC2, 0x48, 0xF5, 0x53, 0x29, 0xCD, 0xE8, 0x38, 0xFC, 0xEA, 0x98, 0x6F, 0xC8, 0x27,
    0x97, 0x21, 0xAF, 0xA6, 0x3E, 0x5B, 0x99, 0xA7, 0xEF, 0xA9, 0x3E, 0xB5, 0x07, 0xFF, 0x55, 0xD7,
    0x8C, 0x94, 0xE7, 0x5B, 0x5F, 0x4F, 0x95, 0x6A, 0x2C, 0x8D, 0xFA, 0x06, 0xE8, 0x4B, 0xFA, 0x93,
    0x3D, 0xB4, 0xCF, 0xCD, 0xB4, 0xB7, 0x54, 0x7F, 0xB6, 0x3F, 0xF9, 0x93, 0xFC, 0x43, 0x27, 0x55,
    0x7A, 0xA0, 0xBA, 0xCB, 0x78, 0x8F, 0xD7, 0xBC, 0xB2, 0x41, 0xC7, 0x5A, 0x15, 0xDA, 0x46, 0xE7,
    0xEB, 0xF1, 0x89, 0xF0, 0x22, 0xED, 0xD4, 0xEA, 0x62, 0xF0, 0xBC, 0xFC, 0x58, 0xF2, 0x0E, 0xDE,
    0x06, 0x71, 0x63, 0x3D, 0xCB, 0xD0, 0xB9, 0x31, 0x53, 0x19, 0x7C, 0xB1, 0xC5, 0xAC, 0x5A, 0x8B,
    0x5D, 0x9A, 0x50, 0x6D, 0xE2, 0xA6, 0x26, 0x5A, 0x3A, 0xBA, 0x60, 0x14, 0xCB, 0x58, 0xCB, 0x76,
    0xE4, 0x20, 0x2F, 0xA5, 0x50, 0x1E, 0x25, 0x2B, 0xAC, 0x36, 0x48, 0xF6, 0xBF, 0x02, 0xA8, 0x2E,
    0xF6, 0xF7, 0xEA, 0xBD, 0x7A, 0xAD, 0x9F, 0xB0, 0x57, 0x9D, 0xAA, 0xA0, 0x57, 0x1D, 0x7B, 0xC1,
    0x75, 0x4E, 0xDA, 0x11, 0xBD, 0xEA, 0x62, 0x5D, 0xCD, 0xBC, 0x1D, 0xD1, 0x6B, 0xA8, 0x8F, 0xBD,
    0x1A, 0xF3, 0x43, 0x2A, 0x7E, 0x5F, 0x2C, 0x8F, 0xD2, 0x58, 0x2F, 0x4F, 0xD9, 0xAB, 0x91, 0x62,
    0xAF, 0x3A, 0x89, 0xE8, 0x51, 0x53, 0xCD, 0xE8, 0x55, 0x27, 0x45, 0x78, 0xF5, 0x5E, 0x45, 0x0F,
    0xA5, 0x2B, 0xD7, 0xAE, 0xD6, 0xE0, 0x74, 0x1B, 0xDE, 0xDD, 0x37, 0x79, 0xB2, 0x89, 0x8B, 0x18,
    0xE9, 0x58, 0x12, 0xCB, 0x63, 0xAD, 0x08, 0xA4, 0xBF, 0x1C, 0x2E, 0xFA, 0xE2, 0x0B, 0xB1, 0xDD,
    0x4F, 0x17, 0x52, 0xAE, 0xD4, 0x4B, 0xAB, 0x8B, 0x0C, 0xBA, 0xC9, 0x3B, 0xD9, 0x2E, 0x6F, 0xCA,
    0xC7, 0x22, 0x18, 0xFB, 0xD9, 0x2A, 0x98, 0x4F, 0xA5, 0x19, 0x39, 0x8B, 0xE7, 0xAB, 0xC4, 0xC8,
    0x88, 0x4D, 0xCF, 0xAA, 0xE7, 0x0B, 0xFC, 0x4E, 0x43, 0xBC, 0x36, 0xF9, 0xA3, 0x6C, 0x23, 0x2F,
    0x23, 0xA6, 0x21, 0x5E, 0x53, 0xBC, 0x36, 0xB1, 0xF0, 0x39, 0x5E, 0x8F, 0x32, 0x95, 0x5E, 0x77,
    0x19, 0x74, 0x95, 0x6B, 0x44, 0xF0, 0x91, 0xC4, 0x9E, 0xC8, 0x0F, 0x29, 0x57, 0x69, 0x66, 0xE9,
    0x3D, 0xDA, 0xBD, 0xC1, 0x89, 0xB7, 0x0E, 0x5F, 0x13, 0x78, 0xC0, 0x08, 0x98, 0x01, 0xB8, 0x23,
    0x06, 0x55, 0x0D, 0xC3, 0x00, 0xA8, 0xF4, 0xB6, 0xE3, 0x32, 0xF5, 0x32, 0x60, 0xFA, 0x0B, 0x3D,
    0x6E, 0xA4, 0x02, 0xB7, 0x50, 0x46, 0x11, 0xAF, 0x32, 0x54, 0xC4, 0x86, 0xD8, 0x12, 0xDD, 0xE7,
    0x62, 0x7B, 0x6E, 0x9F, 0x78, 0x73, 0xA2, 0xF4, 0xC4, 0x2B, 0xA2, 0x54, 0xC4, 0xF2, 0x5B, 0xC3,
    0xC6, 0xBB, 0x79, 0x08, 0x43, 0x70, 0x73, 0xE3, 0xE5, 0x03, 0xF4, 0x64, 0xB6, 0xA2, 0x6B, 0xC4,
    0x75, 0xE2, 0x7C, 0xAB, 0xDE, 0xA9, 0xB4, 0xAB, 0x48, 0x9B, 0x69, 0xA3, 0xAA, 0xC3, 0xF0, 0x73,
    0x27, 0xCF, 0xFB, 0x34, 0xB7, 0x92, 0xA9, 0x8E, 0xA5, 0x6A, 0xA8, 0x97, 0x72, 0x6B, 0x47, 0xD9,
    0xA3, 0x84, 0xA7, 0x4E, 0xA4, 0x8F, 0x97, 0x43, 0x8E, 0xEF, 0x28, 0x47, 0x3D, 0xDA, 0xA1, 0xBD,
    0xB4, 0xB7, 0x9C, 0x73, 0x78, 0x47, 0xE2, 0x36, 0x0E, 0x52, 0x87, 0x72, 0x4D, 0xD3, 0x94, 0xA4,
    0x69, 0x2A, 0xDA, 0x31, 0x89, 0x9B, 0xDA, 0x20, 0x2E, 0xD4, 0x2B, 0x29, 0x96, 0xB1, 0x96, 0xED,
    0xC8, 0x41, 0x5E, 0x4A, 0xA1, 0x3C, 0x4A, 0x96, 0xF6, 0xB4, 0xF4, 0x65, 0xCA, 0xD9, 0x9D, 0x6B,
    0x95, 0xAD, 0x4D, 0xAA, 0xA7, 0xAD, 0xCE, 0x30, 0x9C, 0xF6, 0x28, 0xD1, 0x3B, 0xE1, 0x88, 0x96,
    0x48, 0x14, 0x2B, 0x09, 0x72, 0x93, 0x20, 0x37, 0x89, 0x76, 0x24, 0x41, 0x6E, 0x23, 0x54, 0x48,
    0x90, 0x9B, 0x04, 0xB8, 0x9F, 0x82, 0xA8, 0x82, 0x05, 0x54, 0xEA, 0x59, 0xAA, 0x48, 0x90, 0xBB,
    0x8D, 0x55, 0xE4, 0xFE, 0xF8, 0x89, 0x50, 0x77, 0xB6, 0x80, 0xC8, 0xA2, 0xD7, 0x33, 0x88, 0x62,
    0xE5, 0xE4, 0x4F, 0xDD, 0xAD, 0x80, 0xA8, 0x67, 0x4E, 0x38, 0xE4, 0x36, 0xC2, 0x75, 0x46, 0x98,
    0xEE, 0x27, 0xE4, 0x26, 0x01, 0x6E, 0x23, 0xD0, 0xCD, 0x24, 0x5A, 0x53, 0x6B, 0x41, 0x70, 0xFE,
    0x14, 0x04, 0xBA, 0x0D, 0x62, 0x17, 0x06, 0x01, 0x21, 0xB7, 0x20, 0x94, 0x4B, 0x72, 0x79, 0x3E,
    0x11, 0x8D, 0xB9, 0x4C, 0x6E, 0x12, 0xE4, 0x26, 0xB1, 0x9F, 0x88, 0x3C, 0xF9, 0x4E, 0x6E, 0xBA,
    0x1C, 0x32, 0x9D, 0x40, 0x34, 0x63, 0xA3, 0x1B, 0x08, 0xE7, 0x31, 0x3D, 0x53, 0x77, 0xD3, 0x51,
    0xC2, 0x21, 0x3F, 0x82, 0x10, 0x72, 0x93, 0x20, 0xF7, 0xC7, 0xDC, 0xFB, 0x70, 0x12, 0x32, 0xDD,
    0xD5, 0x4C, 0xCB, 0xE9, 0xB6, 0xE9, 0xDE, 0xC9, 0x6D, 0x53, 0x16, 0xB9, 0x2B, 0x98, 0x58, 0x44,
    0xEE, 0x5A, 0xD5, 0x93, 0xBB, 0x01, 0xD1, 0x4C, 0x46, 0x60, 0xDE, 0x22, 0x83, 0xD3, 0x00, 0x06,
    0x10, 0x9B, 0x05, 0x8B, 0xD3, 0x98, 0x75, 0xF3, 0x26, 0x64, 0xB0, 0x7A, 0x46, 0x2C, 0x58, 0x37,
    0xD3, 0x13, 0xDB, 0xC3, 0x6E, 0xA8, 0x05, 0x75, 0x58, 0xA8, 0xAD, 0x9B, 0x8D, 0xE0, 0x20, 0xC1,
    0x9C, 0x47, 0x6E, 0x4C, 0x7C, 0xE0, 0x6E, 0xFD, 0xA0, 0x2B, 0xB8, 0x07, 0x7F, 0xAD, 0x3E, 0x8B,
    0x02, 0x60, 0x0C, 0xB8, 0xAB, 0x4F, 0xFD, 0xA9, 0x9B, 0xFF, 0x0C, 0x44, 0xE4, 0xFE, 0xA0, 0xF1,
    0x42, 0xDD, 0x2B, 0x89, 0xBE, 0x2B, 0x02, 0x09, 0x8D, 0x0E, 0x82, 0xC8, 0x36, 0xB8, 0xB3, 0x82,
    0x9B, 0x04, 0xB9, 0x49, 0x98, 0x6E, 0xB4, 0x69, 0x47, 0x12, 0x66, 0x39, 0x09, 0x15, 0x23, 0xF2,
    0xC5, 0x1E, 0x1F, 0xEA, 0xFD, 0x74, 0x6D, 0x82, 0xB2, 0x8B, 0x94, 0x53, 0x01, 0x2E, 0xF6, 0x08,
    0xC3, 0xD9, 0x4E, 0x70, 0x40, 0x72, 0x15, 0xB1, 0x4D, 0xB1, 0x70, 0x27, 0xDD, 0x8F, 0xB6, 0xFF,
    0xD7, 0x8E, 0xD5, 0x32, 0x8C, 0x22, 0x6E, 0xC9, 0xFE, 0xB1, 0x51, 0xDD, 0x4A, 0xD8, 0xF5, 0xF8,
    0xC0, 0xE6, 0x4E, 0x98, 0x5A, 0x6F, 0xD9, 0xCC, 0xAC, 0x5A, 0x4D, 0xD9, 0x0E, 0xA4, 0x14, 0x56,
    0x5A, 0xF6, 0xBB, 0xF2, 0x9C, 0xA4, 0xC6, 0xA0, 0x6C, 0x52, 0xE8, 0x48, 0x29, 0x3A, 0x21, 0xAB,
    0x35, 0xD0, 0xC9, 0x4F, 0x6D, 0xF0, 0xFE, 0x8A, 0xB2, 0xFB, 0x8F, 0x36, 0x4A, 0xCE, 0x4F, 0x8B,
    0xA3, 0x9A, 0x3A, 0xF0, 0x17, 0x1B, 0x4D, 0x2F, 0x57, 0x04, 0x1B, 0x0E, 0xB6, 0x33, 0xB2, 0xE4,
    0x6A, 0xBD, 0xB0, 0x17, 0xE0, 0x69, 0xEF, 0xD1, 0x98, 0xD3, 0xFF, 0x69, 0x55, 0x56, 0xC9, 0x98,
    0x75, 0xB1, 0x1C, 0xF5, 0x1C, 0x07, 0x6E, 0xAC, 0x16, 0x64, 0x93, 0x3D, 0xDB, 0x85, 0x66, 0x16,
    0x08, 0x6C, 0x27, 0x64, 0x2B, 0x94, 0x44, 0x69, 0x3D, 0x3B, 0x9E, 0x0E, 0xDF, 0xA4, 0x48, 0xDF,
    0x09, 0x05, 0x79, 0xA8, 0xD1, 0x06, 0x18, 0x33, 0xAB, 0x92, 0xF7, 0xBF, 0xE7, 0x01, 0x79, 0x24,
    0x4C, 0x1F, 0x10, 0x33, 0xF3, 0xA8, 0x34, 0x8F, 0x9A, 0xFF, 0x08, 0x34, 0xFE, 0xBD, 0xCD, 0x5A,
    0x7C, 0x2C, 0x6C, 0xFF, 0xE8, 0x7B, 0x1D, 0x90, 0x66, 0xBA, 0xA2, 0x65, 0x7B, 0xE3, 0x85, 0xD2,
    0x38, 0xBF, 0xF5, 0x36, 0x76, 0xCA, 0xCB, 0x9B, 0xF6, 0xFB, 0x1B, 0x89, 0x0F, 0x38, 0x28, 0x32,
    0xCD, 0x94, 0xD9, 0x7B, 0xDA, 0xA5, 0x6F, 0x1C, 0x0C, 0x3F, 0xA0, 0x48, 0xD8, 0x94, 0x90, 0x6E,
    0x8B, 0xFA, 0xC3, 0x99, 0xC6, 0x0B, 0x7D, 0xF8, 0x29, 0xB3, 0xF4, 0xCD, 0xEA, 0x52, 0xCB, 0x42,
    0x7D, 0xFA, 0x46, 0xDF, 0x59, 0x57, 0x7F, 0xCA, 0x96, 0xED, 0xBF, 0x9A, 0xEF, 0xFF, 0x62, 0xBE,
    0xFF, 0x82, 0xBE, 0x6B, 0x76, 0xDF, 0xF7, 0xE1, 0x85, 0xBE, 0xCF, 0xC9, 0xF7, 0xEA, 0xC2, 0x77,
    0xBD, 0xEB, 0x7B, 0x7E, 0xCF, 0xF7, 0xF2, 0x55, 0x66, 0xCC, 0x06, 0x12, 0xE8, 0x88, 0x3B, 0x53,
    0x43, 0xA2, 0xB2, 0xC3, 0xBA, 0x19, 0x76, 0x26, 0xAA, 0x0A, 0x89, 0x6A, 0x66, 0x52, 0x54, 0x9A,
    0xA8, 0xA1, 0x3B, 0x51, 0x99, 0x8A, 0x26, 0xD6, 0x44, 0x55, 0x6B, 0xA2, 0xEA, 0x00, 0x0F, 0x36,
    0x1A, 0x9A, 0xA8, 0x7E, 0x4C, 0x94, 0x76, 0xE7, 0xE1, 0x25, 0x46, 0x99, 0xEB, 0xC6, 0xBA, 0x92,
    0x4A, 0xA6, 0x9B, 0xFE, 0x33, 0x35, 0x9C, 0x29, 0x20, 0xA9, 0xFC, 0x48, 0x54, 0x49, 0xE1, 0x49,
    0x88, 0x51, 0x4D, 0x10, 0x8B, 0xE6, 0xEC, 0xA6, 0x44, 0xF5, 0x63, 0xA2, 0x4E, 0xCF, 0xA2, 0x19,
    0xE9, 0x3A, 0xE2, 0x2A, 0xEE, 0x90, 0xEB, 0x20, 0x18, 0xE9, 0xEF, 0x17, 0x4A, 0xAF, 0x36, 0x4A,
    0x5C, 0x84, 0xF1, 0x06, 0xBA, 0x99, 0x38, 0x01, 0x21, 0x2B, 0xE1, 0x70, 0x07, 0xFB, 0x0B, 0x74,
    0x86, 0x53, 0x92, 0x93, 0x64, 0x9A, 0x7C, 0xD3, 0x95, 0x41, 0xEF, 0x9B, 0xD2, 0xEF, 0x72, 0xB5,
    0xD0, 0xFF, 0x95, 0x63, 0x60, 0xC1, 0x39, 0xE4, 0x2D, 0xEA, 0x03, 0xDB, 0xAE, 0xD6, 0xD6, 0x62,
    0x03, 0x78, 0xB3, 0xEF, 0x40, 0x2A, 0xB5, 0x1D, 0xD4, 0x00, 0xD9, 0x39, 0x4A, 0xEB, 0x09, 0x10,
    0x2C, 0xC8, 0x29, 0x2C, 0x34, 0xA6, 0x06, 0xE4, 0x72, 0x27, 0xF5, 0x50, 0x76, 0x07, 0x30, 0x48,
    0xBE, 0x20, 0x90, 0x77, 0xBC, 0x03, 0xE7, 0x8A, 0x2F, 0x2D, 0x65, 0x7F, 0x06, 0xA7, 0x35, 0x3C,
    0xDB, 0xD8, 0xBD, 0xC9, 0x11, 0x37, 0x26, 0x3F, 0x36, 0xC0, 0xDB, 0xAF, 0xB9, 0x0B, 0xB4, 0x6F,
    0x4B, 0x9D, 0x5C, 0x2B, 0xB6, 0x9B, 0xFF, 0x36, 0x8B, 0x0C, 0xC5, 0x8A, 0xF2, 0x0D, 0x2D, 0xDE,
    0x7E, 0xAD, 0x5D, 0xF8, 0xA7, 0xF8, 0xC9, 0x8F, 0x1C, 0xE7, 0xCC, 0x85, 0x1A, 0xC5, 0xB2, 0x94,
    0x5E, 0xEB, 0x0E, 0xB8, 0xE2, 0xFE, 0xD8, 0x71, 0xA5, 0xB1, 0x79, 0xC6, 0xCE, 0x4F, 0x2C, 0x65,
    0xC7, 0x37, 0xF2, 0x27, 0x6F, 0x51, 0x8B, 0x76, 0xC5, 0x0E, 0xBD, 0xED, 0x04, 0x1B, 0xCE, 0xFB,
    0xF3, 0x66, 0xFE, 0x46, 0xFE, 0xE8, 0x54, 0x6B, 0x73, 0x50, 0xAE, 0x41, 0xAA, 0xDF, 0x6C, 0xD2,
    0x8C, 0x1A, 0x8B, 0xDA, 0x58, 0x95, 0x3C, 0x66, 0x98, 0xBE, 0xED, 0x8B, 0x36, 0x0C, 0xE3, 0xB3,
    0x0F, 0xBE, 0xA7, 0xF4, 0x90, 0x76, 0xD9, 0x69, 0x95, 0x2D, 0x08, 0x47, 0x67, 0xB9, 0x06, 0xE4,
    0x5D, 0x36, 0xEC, 0xC8, 0x45, 0x4A, 0xED, 0x98, 0xCB, 0x30, 0x59, 0xEE, 0x82, 0xE5, 0x69, 0xB1,
    0xAA, 0x36, 0xCB, 0x8B, 0xFD, 0x94, 0x1F, 0x96, 0xE7, 0x3C, 0x00, 0x9C, 0x25, 0xBB, 0xC8, 0x59,
    0x7F, 0x91, 0xE7, 0x7A, 0x9F, 0x3F, 0xC9, 0x4B, 0xF2, 0x93, 0xBE, 0x36, 0xDC, 0xB3, 0x87, 0xF6,
    0x25, 0x7B, 0x93, 0xFD, 0xC9, 0x9F, 0xE4, 0x9F, 0x3C, 0x95, 0x9F, 0x63, 0x0A, 0x9A, 0x36, 0x91,
    0x9A, 0x6B, 0x4A, 0xF3, 0x21, 0x56, 0xC0, 0x1F, 0x4B, 0xEB, 0xE5, 0x45, 0xA9, 0x67, 0x44, 0xFA,
    0x91, 0x18, 0x88, 0x1B, 0xF1, 0x20, 0xAA, 0x27, 0x4E, 0xC0, 0xBF, 0x0B, 0xC0, 0xBF, 0xD9, 0x80,
    0x1F, 0x1D, 0x40, 0xAF, 0x1D, 0xB0, 0x1F, 0x81, 0x6D, 0x00, 0x56, 0x2B, 0xB0, 0xD8, 0x81, 0x99,
    0x02, 0x65, 0xF0, 0x40, 0x37, 0x01, 0xEB, 0x00, 0xAC, 0x56, 0x60, 0xB1, 0x03, 0x45, 0x89, 0x03,
    0xD1, 0x11, 0x6B, 0x62, 0x45, 0x2C, 0x88, 0x19, 0x51, 0x86, 0xD3, 0x8A, 0x97, 0x96, 0xB6, 0xB4,
    0xFC, 0xA7, 0xB5, 0xC3, 0x02, 0x6D, 0x09, 0x0C, 0x6C, 0x70, 0xCA, 0xAF, 0xE4, 0x32, 0xD9, 0xAB,
    0x07, 0x63, 0x53, 0xB8, 0x6A, 0x5B, 0x04, 0x70, 0xEF, 0xD2, 0x42, 0x92, 0x4E, 0x92, 0xEB, 0x68,
    0xF3, 0x7A, 0x3F, 0xB3, 0x9B, 0xA0, 0xB2, 0x5E, 0xAC, 0xAF, 0xDA, 0x60, 0xAA, 0xDD, 0x64, 0x7D,
    0xEA, 0x46, 0xEB, 0x63, 0xC6, 0x33, 0x3B, 0xE5, 0xA2, 0x32, 0xA4, 0xDC, 0xDF, 0xFF, 0x9E, 0xEA,
    0x53, 0xFB, 0xC4, 0x9F, 0xE4, 0x25, 0xF9, 0xA6, 0x6F, 0x4B, 0xFA, 0x93, 0x3D, 0xC9, 0xBE, 0x64,
    0x6F, 0xB2, 0x3F, 0xF9, 0x93, 0xFC, 0x63, 0xFA, 0x7B, 0xCB, 0xB2, 0x35, 0x05, 0xEC, 0x7E, 0x00,
    0xA9, 0x9A, 0xC6, 0x58, 0xDA, 0x4E, 0xF9, 0xDB, 0x3F, 0xF0, 0xB8, 0xA5, 0x49, 0xF5, 0x9D, 0x53,
    0x6E, 0xD5, 0x51, 0xD2, 0xCC, 0xBC, 0xFE, 0xCD, 0x7A, 0x0A, 0xDF, 0x6E, 0xCD, 0xAC, 0x21, 0x67,
    0xE3, 0x1F, 0x72, 0xDC, 0xAA, 0xB9, 0xE8, 0x18, 0x97, 0xBD, 0x36, 0x9D, 0x56, 0x9F, 0xAD, 0xAD,
    0xDA, 0x68, 0xCC, 0x57, 0xB9, 0x4C, 0x3F, 0xDC, 0x78, 0xA5, 0x71, 0xA3, 0x5E, 0xFD, 0x65, 0x9E,
    0xEA, 0x53, 0xFA, 0x6D, 0xBC, 0xF8, 0x6C, 0x2F, 0x35, 0x34, 0xF5, 0xA3, 0x0B, 0x99, 0xFA, 0x6A,
    0x2B, 0xF7, 0xC8, 0xDC, 0x44, 0xD1, 0x83, 0x4E, 0x12, 0xF9, 0x3B, 0x9E, 0xE7, 0x92, 0x62, 0x99,
    0xD5, 0xB2, 0x1D, 0x38, 0x3A, 0xF2, 0x52, 0xCA, 0x9D, 0x74, 0x63, 0x4A, 0xB2, 0xD5, 0x94, 0x7E,
    0xB4, 0x99, 0x11, 0x1A, 0x4E, 0x46, 0x4D, 0xF7, 0x82, 0x98, 0xEB, 0x44, 0x27, 0x4A, 0xB5, 0x20,
    0xD6, 0x6A, 0x41, 0x74, 0xBF, 0xB2, 0x20, 0x0E, 0xBF, 0x88, 0xBA, 0x46, 0x6E, 0xA8, 0x61, 0x6A,
    0xB9, 0x59, 0x10, 0xEB, 0xC0, 0xA0, 0xA1, 0xC9, 0xE9, 0xA5, 0x33, 0x83, 0x96, 0x1D, 0xC2, 0xBC,
    0xD8, 0x2C, 0xAF, 0x83, 0x05, 0xD1, 0x4D, 0x16, 0xC4, 0xC1, 0x23, 0x88, 0xCD, 0xAF, 0xD5, 0x82,
    0xF8, 0xBF, 0x9B, 0x40, 0x39, 0x74, 0x4B, 0xB3, 0x60, 0xE5, 0xBF, 0x17, 0xC4, 0x5C, 0x2D, 0x88,
    0xA5, 0x5A, 0x10, 0xEB, 0x5F, 0x5B, 0x10, 0xEB, 0xD1, 0x82, 0x98, 0x77, 0x77, 0x7D, 0x96, 0x62,
    0x21, 0x6E, 0x40, 0xD1, 0x3B, 0x6B, 0x42, 0x1D, 0x58, 0x41, 0x14, 0x4F, 0x4C, 0x09, 0x86, 0x4B,
    0xB5, 0x7E, 0x2B, 0xB8, 0x0C, 0x1E, 0xD8, 0x9F, 0xB1, 0x0E, 0x6E, 0x24, 0xA2, 0xB3, 0x67, 0x3B,
    0x7A, 0xAF, 0x11, 0xB9, 0xB1, 0x50, 0x7F, 0xAD, 0x72, 0x3A, 0x8D, 0x68, 0x79, 0x0C, 0x90, 0x0D,
    0xB7, 0x82, 0xF4, 0x16, 0xB1, 0x07, 0x64, 0x9A, 0x1C, 0x4E, 0x3E, 0xBA, 0x91, 0x98, 0xE6, 0xFD,
    0xEF, 0xB4, 0xA7, 0xF9, 0x9D, 0x6D, 0x92, 0x9B, 0x81, 0xBA, 0xA2, 0x78, 0x3F, 0x78, 0x06, 0xE4,
    0x38, 0x10, 0x50, 0x9D, 0x4B, 0xFE, 0x9D, 0xF6, 0xB4, 0xF2, 0xB5, 0x47, 0x63, 0x38, 0xE9, 0x82,
    0x0B, 0x89, 0xAE, 0x59, 0x9E, 0xD2, 0x77, 0xBC, 0x37, 0xE5, 0xEA, 0xDE, 0xB6, 0xD7, 0x59, 0xA6,
    0x44, 0x9E, 0x03, 0x42, 0xB8, 0x65, 0x13, 0xB3, 0xBC, 0xBB, 0xDC, 0xEA, 0xA3, 0x46, 0xBD, 0xB3,
    0x37, 0xBF, 0xCD, 0x42, 0xCE, 0x9A, 0x73, 0x08, 0x28, 0xCC, 0x5F, 0xB9, 0xC2, 0x24, 0xB4, 0xA2,
    0x8A, 0x7E, 0x04, 0xC5, 0xC9, 0x52, 0x50, 0x4F, 0x4D, 0xD5, 0x76, 0xFA, 0xC5, 0x14, 0x2C, 0x97,
    0x4C, 0x29, 0x56, 0x06, 0xB5, 0x91, 0x66, 0x26, 0x35, 0x87, 0x59, 0xBB, 0x31, 0x2B, 0xD7, 0xAF,
    0x3B, 0x43, 0x18, 0x3F, 0x07, 0x55, 0x6F, 0x88, 0xDA, 0x11, 0x43, 0x2C, 0xCF, 0x86, 0x0D, 0xB5,
    0xA5, 0x02, 0x33, 0xED, 0xD0, 0x72, 0xF0, 0xC0, 0x7E, 0xBC, 0xC4, 0x54, 0xCB, 0x96, 0xE4, 0xA2,
    0x84, 0x24, 0x2D, 0x49, 0xBE, 0x79, 0xA9, 0x25, 0x44, 0xB9, 0x46, 0x4B, 0x51, 0xDD, 0x6D, 0x32,
    0xF6, 0x52, 0xEF, 0xD9, 0x30, 0x22, 0xD2, 0xED, 0x8C, 0x40, 0xD7, 0xB0, 0x10, 0x38, 0x74, 0x27,
    0x6C, 0x27, 0xA0, 0x1B, 0x81, 0x2A, 0x11, 0x8B, 0x0D, 0x58, 0x2F, 0xC0, 0x76, 0x02, 0x3A, 0x0F,
    0xEC, 0x0D, 0xAD, 0xE4, 0x96, 0xB5, 0x0A, 0xAE, 0x4A, 0x57, 0xF0, 0x0E, 0x07, 0xB0, 0x52, 0x1F,
    0x51, 0x74, 0x04, 0xBA, 0x09, 0xD8, 0x5E, 0xA0, 0x8B, 0xB5, 0x4B, 0x86, 0x36, 0xAA, 0x2A, 0xC3,
    0xBB, 0xAA, 0x5B, 0xE4, 0xA5, 0xE9, 0x05, 0xFB, 0xF4, 0xFC, 0x83, 0x4B, 0xF6, 0x7F, 0x7E, 0xA4,
    0xFB, 0x48, 0xDA, 0xEE, 0xE2, 0xD5, 0xE4, 0xE3, 0xC8, 0x56, 0x40, 0x42, 0x0E, 0x61, 0xD9, 0x4D,
    0x94, 0x2B, 0x50, 0x9D, 0x44, 0xD4, 0x84, 0x60, 0x70, 0xAD, 0xFF, 0x10, 0x32, 0x44, 0xB6, 0x02,
    0x34, 0xB7, 0xD2, 0x04, 0x37, 0xF3, 0x36, 0xB9, 0x0F, 0x53, 0x84, 0xF6, 0x36, 0x42, 0x8D, 0x76,
    0x39, 0x40, 0x7E, 0xA6, 0x9F, 0x75, 0xA7, 0x15, 0x2C, 0x5F, 0x92, 0x6D, 0x54, 0xC1, 0xE7, 0xC6,
    0xE3, 0xFC, 0xC4, 0xF3, 0xFE, 0x43, 0xDA, 0xC7, 0x55, 0xE7, 0x83, 0xF4, 0x0A, 0x8F, 0x0B, 0x75,
    0xFD, 0x5F, 0x8B, 0x88, 0xFB, 0xEB, 0x4D, 0xE4, 0x09, 0x6A, 0x7E, 0xC2, 0x36, 0x0F, 0x64, 0x1F,
    0xDF, 0xAA, 0xF5, 0x78, 0xA7, 0x06, 0x6D, 0xF9, 0xD2, 0xEF, 0x17, 0x6F, 0xD3, 0x1E, 0xCA, 0x34,
    0xBE, 0xE6, 0xD2, 0x4E, 0x25, 0xD3, 0x77, 0xB5, 0x23, 0x65, 0x65, 0x0F, 0x6F, 0x9A, 0x3C, 0x95,
    0xD4, 0x97, 0x1F, 0x86, 0x08, 0x82, 0x13, 0x17, 0x00, 0x29, 0x96, 0xB1, 0x96, 0xED, 0x1E, 0xCA,
    0xC8, 0xC7, 0xEA, 0xF1, 0x5B, 0x50, 0x68, 0x5C, 0xE3, 0x35, 0x42, 0xEB, 0xD1, 0xA8, 0x2E, 0xD4,
    0x3C, 0x4C, 0xCD, 0x76, 0x9A, 0xB6, 0x0B, 0x7B, 0xAB, 0xB0, 0xDD, 0x79, 0xC1, 0x32, 0x74, 0x34,
    0x82, 0xB7, 0x52, 0x22, 0x60, 0x91, 0xC6, 0xE4, 0x33, 0xB5, 0x34, 0x56, 0x89, 0x68, 0xF6, 0xD3,
    0x61, 0x02, 0x2C, 0x24, 0x01, 0xDB, 0x96, 0x13, 0x51, 0xAD, 0x46, 0x70, 0xA9, 0xA1, 0xBF, 0x85,
    0x42, 0x7E, 0xF4, 0xE9, 0xB1, 0x7E, 0x22, 0x7F, 0x69, 0xBB, 0xEC, 0x14, 0x97, 0x5F, 0x82, 0x88,
    0xBA, 0x66, 0x86, 0x2B, 0x16, 0xFD, 0x37, 0x8C, 0x54, 0x81, 0x56, 0x9C, 0x86, 0xFD, 0x01, 0x0D,
    0xBC, 0xF3, 0x4B, 0x6D, 0x9A, 0x48, 0x83, 0x09, 0x2A, 0x67, 0xB0, 0xB2, 0xD4, 0x84, 0x8D, 0x1D,
    0xD8, 0x28, 0xA0, 0xD2, 0xEE, 0x4A, 0xF2, 0x34, 0x9F, 0x7B, 0x7B, 0x5B, 0x24, 0xFF, 0x6C, 0xAF,
    0xF9, 0x8C, 0xC7, 0x66, 0xBE, 0x1F, 0xB5, 0x11, 0x6A, 0x8D, 0xD0, 0xA8, 0x8F, 0x96, 0xED, 0xF2,
    0x2A, 0xD3, 0xE2, 0x95, 0x2D, 0x4C, 0x3B, 0xFD, 0xF0, 0xE5, 0x21, 0xC3, 0x14, 0x03, 0xD4, 0x04,
    0xBE, 0x29, 0x44, 0x6C, 0x56, 0xBE, 0x25, 0x1C, 0x3A, 0x00, 0x82, 0xA1, 0x67, 0x78, 0xA9, 0x1F,
    0xBF, 0x33, 0xC1, 0x8F, 0xC9, 0x7E, 0x01, 0x95, 0xEB, 0x67, 0x69, 0x63, 0x5F, 0xBC, 0x64, 0x5A,
    0x7C, 0x40, 0xFB, 0x7E, 0x72, 0x6F, 0x5A, 0x2C, 0x79, 0x2B, 0xFD, 0x7B, 0x10, 0x71, 0xEF, 0x6E,
    0xA7, 0xBB, 0xFC, 0x91, 0xBC, 0xF5, 0x70, 0xF6, 0xD1, 0x02, 0x95, 0xF3, 0xDC, 0x23, 0x17, 0x73,
    0xCF, 0x03, 0x99, 0x86, 0x51, 0xE5, 0xB8, 0x3D, 0x6B, 0x82, 0x94, 0x1B, 0xFB, 0xF3, 0x89, 0x9C,
    0x43, 0x95, 0xEF, 0x5F, 0xF5, 0x4F, 0xFE, 0x10, 0x02, 0x33, 0x85, 0xF0, 0x3A, 0xC0, 0xA2, 0x3B,
    0x2F, 0x54, 0xA4, 0x9D, 0xBE, 0xEA, 0x1F, 0x65, 0xBD, 0x63, 0xA7, 0x69, 0x85, 0xCE, 0x3C, 0x45,
    0x73, 0xE3, 0xCE, 0x53, 0x8E, 0x7B, 0x27, 0x67, 0x43, 0xF7, 0x4D, 0x5C, 0x7C, 0x36, 0x70, 0xF3,
    0xB3, 0xCF, 0xE5, 0xB3, 0x02, 0xDD, 0xFC, 0x66, 0x2E, 0x29, 0x4F, 0xAF, 0x88, 0xF2, 0x51, 0xC4,
    0xED, 0xC3, 0xC4, 0x5D, 0x61, 0xC4, 0x8A, 0x93, 0x0F, 0x49, 0x51, 0x9C, 0xB6, 0xCB, 0x9F, 0xDB,
    0xA6, 0xBE, 0x58, 0x89, 0x1B, 0x30, 0xDB, 0x39, 0xD6, 0x0E, 0x91, 0x41, 0x77, 0x95, 0x42, 0x63,
    0x92, 0xFA, 0xE8, 0x1E, 0x2B, 0x06, 0x43, 0xAE, 0x9D, 0x9B, 0xB8, 0x23, 0x1C, 0x81, 0xE6, 0xAE,
    0xA1, 0x42, 0xAA, 0xDC, 0x45, 0x94, 0x73, 0x3F, 0x9C, 0xEF, 0x9C, 0x98, 0x37, 0xCC, 0x10, 0xE5,
    0x2A, 0x18, 0xB7, 0x8B, 0x60, 0x08, 0xCF, 0x9C, 0x1B, 0xBD, 0x0D, 0x6C, 0xE8, 0x85, 0x69, 0xAE,
    0xFB, 0x7D, 0xC9, 0x74, 0x71, 0xD0, 0xBD, 0x4B, 0x39, 0x0D, 0xAB, 0xE4, 0xBE, 0x99, 0x9E, 0x7F,
    0x57, 0x0C, 0x91, 0x7B, 0x50, 0x5D, 0x01, 0x2A, 0x83, 0xCF, 0xB9, 0x15, 0xED, 0xC7, 0x08, 0xDC,
    0x76, 0x36, 0xF3, 0xD7, 0xF8, 0x23, 0xE7, 0xD3, 0x53, 0x4F, 0x3D, 0x12, 0xC3, 0x0B, 0xCE, 0x33,
    0x1A, 0x4F, 0xCB, 0x2E, 0x4C, 0x55, 0x2E, 0x26, 0x7A, 0xD8, 0xC1, 0xCF, 0x88, 0x65, 0xA6, 0x0F,
    0xB8, 0x07, 0x2B, 0x06, 0xA6, 0x60, 0x90, 0x32, 0x06, 0xCC, 0x82, 0x97, 0x42, 0xEB, 0x21, 0xBD,
    0x3F, 0xA1, 0x95, 0x58, 0xAD, 0xB5, 0x34, 0x2E, 0x93, 0x60, 0xD2, 0x4C, 0x32, 0xB5, 0x50, 0x63,
    0xD2, 0x9E, 0x4E, 0xE9, 0x6D, 0x6A, 0x2E, 0x2F, 0x4E, 0x26, 0xCC, 0x8B, 0x8D, 0xF8, 0xF6, 0x6B,
    0x69, 0xBF, 0xDD, 0xBA, 0x8E, 0xA8, 0xFE, 0x7C, 0x4E, 0x6E, 0xA7, 0xE4, 0xED, 0x78, 0xB0, 0xD2,
    0xD9, 0xF9, 0xF8, 0xEB, 0x67, 0x3F, 0x4F, 0xAD, 0xD3, 0x99, 0x35, 0x06, 0x7E, 0x3A, 0xAF, 0x7E,
    0xFF, 0xE2, 0xB4, 0xFA, 0x35, 0xB3, 0x9C, 0x33, 0x67, 0x3A, 0x2D, 0xD6, 0x51, 0x47, 0xA3, 0x59,
    0xFE, 0x9A, 0x5B, 0x2E, 0x1F, 0xA7, 0xB3, 0xB8, 0x5C, 0x3B, 0x52, 0x56, 0x76, 0x99, 0x2E, 0xFF,
    0xFB, 0xE3, 0x22, 0xBD, 0x44, 0xDE, 0x1B, 0x54, 0xEA, 0x68, 0xC0, 0x40, 0x63, 0xA2, 0x61, 0x47,
    0xD7, 0x2F, 0x9C, 0xF3, 0x56, 0x18, 0xEC, 0xE8, 0xB2, 0xC2, 0xE5, 0x7C, 0x83, 0xCB, 0x65, 0x80,
    0xCB, 0xF5, 0x04, 0x97, 0x9D, 0x87, 0xCB, 0xA8, 0x1B, 0xDE, 0xDB, 0x80, 0xBF, 0x0C, 0x70, 0xF9,
    0x6F, 0x27, 0xB8, 0xAC, 0x1E, 0x2E, 0x2B, 0x5D, 0xDE, 0xE0, 0x72, 0x75, 0xC0, 0xE5, 0x86, 0x2E,
    0xBB, 0x01, 0x2E, 0x3F, 0xA1, 0xCB, 0xBF, 0x27, 0xCF, 0x8E, 0x22, 0x9F, 0x00, 0x06, 0x7F, 0xDE,
    0x43, 0x2E, 0xB6, 0x7E, 0x27, 0x93, 0x1F, 0xDD, 0xF3, 0x1E, 0xB3, 0xC1, 0x57, 0x86, 0xA1, 0x4B,
    0xC0, 0x83, 0x68, 0x6E, 0xD6, 0xF9, 0x60, 0xC1, 0x47, 0x0C, 0xFB, 0xA5, 0xD4, 0xB5, 0xFE, 0x4F,
    0xDA, 0xDF, 0xD6, 0x93, 0xD9, 0x46, 0x2B, 0x6D, 0x7B, 0x5B, 0xAE, 0x00, 0x14, 0x65, 0xFE, 0x21,
    0xED, 0xBB, 0x81, 0x05, 0x0B, 0x6C, 0x41, 0xC0, 0x1A, 0x8E, 0xC5, 0xC7, 0xA3, 0xC8, 0x5E, 0x85,
    0x58, 0x9E, 0x2F, 0x68, 0x71, 0xF3, 0x60, 0xF6, 0x65, 0x4B, 0xB4, 0xAD, 0xDC, 0xCA, 0x2D, 0x9A,
    0x57, 0xEE, 0xA4, 0xAC, 0x2C, 0xA5, 0x87, 0x0C, 0x9D, 0xFC, 0x31, 0x40, 0x76, 0x00, 0xFB, 0x94,
    0x4F, 0x08, 0xD6, 0xD1, 0xE9, 0xD8, 0xEA, 0x49, 0x1A, 0xA5, 0x77, 0x13, 0x57, 0x22, 0xBE, 0xD0,
    0xC9, 0x0E, 0xB4, 0xCE, 0xF9, 0xD0, 0x57, 0x6C, 0x52, 0x13, 0xAB, 0x05, 0xA3, 0xA3, 0x24, 0x61,
    0x85, 0xF9, 0x0E, 0x14, 0x95, 0x66, 0x02, 0xB6, 0x23, 0xC4, 0xBB, 0x11, 0x82, 0x9C, 0xE7, 0xD9,
    0x13, 0x9F, 0x79, 0x15, 0x18, 0x60, 0x4F, 0x79, 0x6B, 0xBF, 0xA4, 0x02, 0x66, 0xCA, 0x70, 0x69,
    0xA0, 0x55, 0xB3, 0xE9, 0xA7, 0x9D, 0x44, 0xD7, 0xB1, 0x56, 0xD2, 0x3D, 0xF3, 0x66, 0xB3, 0xA2,
    0x1D, 0x9B, 0x0F, 0x0A, 0x27, 0x1E, 0xD3, 0xAB, 0x9F, 0x75, 0x28, 0xF8, 0x52, 0xF0, 0xA7, 0x47,
    0x77, 0x77, 0xDF, 0x72, 0x73, 0xC5, 0xC3, 0x33, 0xC7, 0xE8, 0x2E, 0x11, 0x4A, 0xEE, 0xE4, 0x09,
    0x7B, 0x84, 0x9C, 0x70, 0x9C, 0xC1, 0xCA, 0xAC, 0x09, 0x1B, 0x93, 0xCD, 0x4B, 0x1B, 0x86, 0x35,
    0xD3, 0x09, 0x42, 0xBB, 0x08, 0xBB, 0x0C, 0x7F, 0xA2, 0x37, 0x5F, 0xD8, 0x2A, 0xFE, 0x93, 0x28,
    0x23, 0x87, 0x28, 0x4E, 0xFD, 0x94, 0x68, 0x2B, 0x4F, 0xE9, 0x7B, 0xD0, 0x63, 0xFF, 0x07, 0xED,
    0x9C, 0x3F, 0xAC, 0xDD, 0xC8, 0x75, 0xC6, 0x3F, 0x92, 0xDE, 0xC7, 0x35, 0x88, 0x84, 0x5B, 0x2C,
    0x90, 0xC5, 0x2A, 0x09, 0x55, 0xA8, 0x30, 0x10, 0x20, 0x6C, 0xD3, 0x58, 0xC3, 0xF5, 0x16, 0x29,
    0x93, 0xBE, 0xC9, 0xF6, 0x0B, 0xE4, 0xA5, 0x48, 0x91, 0xC2, 0x12, 0x27, 0xEB, 0x32, 0x45, 0x1E,
    0x92, 0x1E, 0x76, 0x0F, 0x04, 0x76, 0x0F, 0x49, 0x24, 0xE0, 0xC2, 0x2D, 0x9D, 0x22, 0x29, 0x5C,
    0x84, 0x30, 0x0C, 0x24, 0xA9, 0x76, 0x80, 0x30, 0x09, 0xE5, 0x1D, 0xF2, 0xE4, 0x7E, 0x67, 0x30,
    0x97, 0xEF, 0xEA, 0xDE, 0xF5, 0x6A, 0xB5, 0x4F, 0xEF, 0xE9, 0xCA, 0x19, 0x5D, 0xFE, 0xCE, 0x3C,
    0xCE, 0xBF, 0x33, 0xE7, 0xCC, 0x25, 0x87, 0xC3, 0xB9, 0x02, 0x44, 0x04, 0x38, 0x10, 0x2F, 0x19,
    0x44, 0x99, 0x4A, 0x43, 0x91, 0x49, 0x4F, 0x51, 0xC8, 0x40, 0x51, 0x8A, 0xA3, 0xA8, 0x3E, 0x9F,
    0x28, 0xCC, 0xCF, 0x66, 0x8A, 0xF6, 0x07, 0x9E, 0xA2, 0x4B, 0x57, 0x8A, 0x55, 0xCB, 0xA7, 0x0B,
    0x58, 0x3E, 0xF3, 0x68, 0x7B, 0x20, 0x9F, 0x61, 0x76, 0xA2, 0x74, 0xA8, 0x47, 0x0A, 0x7E, 0x50,
    0x0F, 0x28, 0x27, 0x30, 0x21, 0xF7, 0x40, 0x6B, 0x99, 0x19, 0x9D, 0x88, 0xAC, 0x80, 0x30, 0x20,
    0x51, 0xD1, 0x64, 0x1E, 0x4C, 0xCF, 0x66, 0x30, 0x77, 0x31, 0x51, 0x0C, 0xAC, 0x01, 0xB5, 0xAB,
    0x46, 0xB0, 0xC2, 0x7A, 0xA0, 0x98, 0xD9, 0x08, 0x72, 0xDF, 0x5A, 0x2A, 0xBE, 0x68, 0x9F, 0x37,
    0x7C, 0x79, 0xB8, 0x94, 0x2B, 0x64, 0x22, 0x1E, 0xA9, 0xB6, 0x7A, 0x95, 0x48, 0xAF, 0x6D, 0xB0,
    0x05, 0xAD, 0x5F, 0xE1, 0x02, 0xEE, 0xC9, 0x8F, 0x1D, 0x15, 0x73, 0x05, 0x51, 0x3D, 0x47, 0xE5,
    0xCC, 0x88, 0xD2, 0x99, 0xFE, 0x10, 0x03, 0xD5, 0x7A, 0xBE, 0x43, 0xC9, 0x7C, 0x29, 0x81, 0x3F,
    0x92, 0x5F, 0x37, 0xC0, 0x13, 0x3C, 0x04, 0x80, 0xA7, 0x78, 0x44, 0xD1, 0x7E, 0xE4, 0x29, 0x8C,
    0xCC, 0xD7, 0x0C, 0x9C, 0x48, 0xF3, 0xDB, 0xE3, 0x26, 0xB5, 0xC7, 0x23, 0x3C, 0x06, 0xCC, 0x47,
    0x0B, 0x50, 0x8B, 0xD7, 0x1E, 0x04, 0x2B, 0xDC, 0xBD, 0xC3, 0x6E, 0xCE, 0xD4, 0xDD, 0x9D, 0x9B,
    0x1A, 0xD0, 0xA6, 0x55, 0xE3, 0x41, 0x85, 0xB1, 0x2A, 0x3A, 0x04, 0xD1, 0x04, 0x11, 0x72, 0x9A,
    0x55, 0x45, 0xB1, 0xDC, 0xA6, 0xC1, 0xD5, 0xAC, 0x6D, 0x03, 0x24, 0x54, 0x42, 0xBB, 0x98, 0xB3,
    0x62, 0xED, 0x65, 0x2E, 0x23, 0x90, 0x11, 0xE8, 0x88, 0xC4, 0x22, 0xA6, 0xA3, 0x52, 0x6A, 0x87,
    0x21, 0x44, 0xE6, 0x95, 0x8E, 0x84, 0xC5, 0x0B, 0xE1, 0x42, 0x9E, 0x43, 0xED, 0x39, 0x82, 0xED,
    0xCF, 0xEC, 0xED, 0x3D, 0x07, 0x36, 0xFF, 0x49, 0x26, 0xDA, 0x6F, 0x4F, 0x96, 0x13, 0x59, 0x87,
    0xCA, 0x47, 0xE5, 0x40, 0xB6, 0xFD, 0xC6, 0xEE, 0x1A, 0xDB, 0x23, 0x9A, 0xC0, 0x61, 0xAB, 0xA7,
    0x9C, 0xB6, 0xFA, 0x43, 0x5B, 0x09, 0xDB, 0x7D, 0x0F, 0xED, 0x82, 0x8B, 0x09, 0x95, 0xEA, 0x43,
    0x83, 0x4C, 0xC0, 0x3D, 0xEA, 0x09, 0x5C, 0x01, 0x48, 0x67, 0x96, 0x22, 0xD4, 0xE8, 0x74, 0x6A,
    0xB2, 0xB2, 0xB0, 0x7A, 0xF4, 0x13, 0x5C, 0x0F, 0xA9, 0xFC, 0x07, 0x60, 0x24, 0x0C, 0x19, 0xE4,
    0xD2, 0x7C, 0x88, 0x32, 0x96, 0xA4, 0x46, 0x5A, 0x9C, 0x0E, 0x8F, 0x10, 0xEC, 0x11, 0xCF, 0x69,
    0x16, 0xCD, 0xAC, 0xC5, 0xB4, 0x02, 0x56, 0x75, 0xA1, 0x95, 0x36, 0x68, 0x45, 0x6C, 0xB0, 0x23,
    0x70, 0x9F, 0x40, 0xE8, 0xD1, 0x4A, 0x96, 0x62, 0x59, 0xEE, 0xDF, 0xD4, 0x57, 0xEA, 0x46, 0x0F,
    0xAF, 0x19, 0xEF, 0x9F, 0xB5, 0x27, 0x3E, 0x00, 0x80, 0x47, 0xF1, 0x1A, 0x9D, 0x31, 0x77, 0xF9,
    0xEF, 0x13, 0x60, 0xFE, 0xD6, 0x03, 0x8F, 0x99, 0xF2, 0x3E, 0xF3, 0xDC, 0x9D, 0x27, 0xE6, 0xCD,
    0x07, 0x99, 0x6C, 0x71, 0x3D, 0xBF, 0x85, 0xB3, 0xF6, 0xC1, 0xE3, 0x68, 0x9C, 0x44, 0xAC, 0xC6,
    0xF4, 0xDC, 0x16, 0xEE, 0xD0, 0xFC, 0x3A, 0xBC, 0x75, 0xA8, 0xC7, 0x61, 0x6F, 0xF4, 0x2B, 0x50,
    0x8A, 0xDD, 0x5C, 0xE1, 0x95, 0xF7, 0xCF, 0xDF, 0x15, 0x61, 0xAC, 0xEB, 0xA8, 0xD7, 0xF1, 0xAF,
    0xDF, 0x84, 0x8C, 0x45, 0xF4, 0xDB, 0xC1, 0xF3, 0x60, 0x8E, 0xBB, 0x75, 0xCA, 0xB7, 0x77, 0xFF,
    0x00, 0x54, 0x4D, 0xDD, 0x50, 0x0C, 0x1D, 0x98, 0xF3, 0x7F, 0x7C, 0xE8, 0x9F, 0xA3, 0x40, 0x3B,
    0xA8, 0xD0, 0x1C, 0x2C, 0xF1, 0x65, 0xE1, 0x43, 0x91, 0x2B, 0x66, 0xD7, 0x26, 0x54, 0x4C, 0xAA,
    0xC9, 0xA5, 0xA8, 0x48, 0xA5, 0xA7, 0x40, 0xEB, 0x54, 0x54, 0x93, 0x8A, 0xC2, 0xAB, 0xC8, 0x16,
    0x15, 0xA9, 0xA8, 0x48, 0x82, 0x80, 0x34, 0xA7, 0x84, 0x3D, 0x9D, 0xB6, 0x95, 0x4B, 0x65, 0xAB,
    0x33, 0xB6, 0x10, 0xDB, 0x6B, 0x5D, 0xD4, 0x25, 0x6A, 0xA6, 0x7A, 0x46, 0xAD, 0xEF, 0x69, 0x1F,
    0x34, 0xFC, 0x53, 0xE1, 0x74, 0x6E, 0x12, 0xC5, 0x78, 0x20, 0x86, 0x03, 0xD1, 0x9F, 0x10, 0x3A,
    0x5E, 0xFF, 0x81, 0xA2, 0x15, 0x59, 0xA8, 0x95, 0x8A, 0x62, 0x6D, 0x2E, 0x17, 0x55, 0x27, 0x5B,
    0x74, 0x74, 0xA6, 0x14, 0xBD, 0x8A, 0xD6, 0xAA, 0xE8, 0x1A, 0x15, 0x12, 0x84, 0x20, 0x8A, 0x98,
    0xB6, 0x89, 0xB6, 0xBF, 0x5E, 0xBC, 0x76, 0x2A, 0xCA, 0x59, 0x05, 0xFD, 0xBD, 0x13, 0x49, 0x68,
    0x16, 0x75, 0x10, 0x49, 0xB7, 0xB2, 0x83, 0x9F, 0x8A, 0x0A, 0x88, 0xC8, 0xDA, 0x04, 0x29, 0x8E,
    0xB2, 0x49, 0xBA, 0x85, 0x52, 0xCB, 0xAB, 0x44, 0x37, 0x04, 0x69, 0x9C, 0x4A, 0xD6, 0xAF, 0xB2,
    0xF0, 0x2A, 0xB5, 0x1F, 0x2A, 0xD7, 0x20, 0x53, 0x81, 0x11, 0x19, 0x91, 0x1C, 0x4B, 0xA6, 0x1F,
    0xC9, 0x54, 0xB6, 0xF2, 0x5B, 0x7D, 0x5B, 0xFD, 0xB1, 0xBD, 0xDA, 0x6D, 0xFA, 0x44, 0xFD, 0xA2,
    0xBE, 0x51, 0xFF, 0xD8, 0x9F, 0xD8, 0x3F, 0x20, 0x79, 0x8A, 0xE0, 0x8E, 0x48, 0xFA, 0xFB, 0x90,
    0x3C, 0x7F, 0xC4, 0xE8, 0x3D, 0x75, 0x5E, 0xF0, 0x5D, 0x70, 0x5D, 0xF0, 0x5C, 0x70, 0x5C, 0x30,
    0x7C, 0x70, 0x5B, 0x70, 0x89, 0x04, 0x62, 0x8B, 0x77, 0x1B, 0xD5, 0x5F, 0xB1, 0x54, 0xF0, 0x56,
    0x70, 0x96, 0xFA, 0x2A, 0xBA, 0xAA, 0x56, 0x26, 0xEC, 0x41, 0xC2, 0xE8, 0x86, 0x2F, 0x0D, 0x3A,
    0x88, 0xAF, 0xC1, 0x02, 0x78, 0x69, 0x88, 0x48, 0xBF, 0x41, 0xCF, 0xBD, 0x02, 0xA8, 0xFB, 0x86,
    0x44, 0x64, 0xC5, 0x86, 0xDF, 0x74, 0x77, 0xBD, 0x62, 0xE1, 0xD0, 0x79, 0x9B, 0xAF, 0xE8, 0x86,
    0x72, 0x42, 0xC5, 0x49, 0x7A, 0x31, 0x99, 0x1E, 0xD9, 0xAC, 0x93, 0xFD, 0xAE, 0x21, 0x44, 0xC4,
    0xCB, 0x86, 0x13, 0x97, 0x3B, 0xB3, 0xBF, 0xDC, 0x15, 0xD2, 0xBC, 0x33, 0xD0, 0x6F, 0x03, 0x75,
    0x1B, 0x91, 0xCA, 0xAF, 0x91, 0x38, 0xCC, 0x48, 0xA6, 0x64, 0x06, 0x96, 0x7C, 0x02, 0x3A, 0x71,
    0x34, 0x77, 0x0F, 0xE4, 0xCB, 0x99, 0x18, 0x16, 0x4F, 0xF0, 0x5D, 0xEC, 0xF0, 0x34, 0x3C, 0x1E,
    0x87, 0x87, 0xE3, 0x52, 0xC6, 0xF0, 0x0C, 0x76, 0xF7, 0x26, 0x06, 0x98, 0x92, 0xC9, 0x01, 0xE0,
    0xCF, 0xC5, 0xBA, 0xDB, 0xF4, 0x75, 0x03, 0xCF, 0xDD, 0xB9, 0x61, 0x4F, 0xDA, 0xEA, 0x76, 0x0D,
    0x76, 0x64, 0x2B, 0xE4, 0x73, 0x7C, 0x5A, 0x36, 0xDA, 0x9F, 0x6D, 0x12, 0xC2, 0xD4, 0x96, 0x28,
    0x96, 0xDB, 0x34, 0x93, 0x30, 0xD7, 0x0A, 0x20, 0xD3, 0x74, 0x77, 0xF8, 0xFC, 0x2D, 0x3D, 0x50,
    0x10, 0x49, 0xD7, 0xE3, 0x93, 0xDD, 0xBF, 0x64, 0x4E, 0x26, 0x60, 0xCD, 0x77, 0x30, 0x3F, 0x1C,
    0x98, 0xA3, 0x09, 0x97, 0x02, 0xF0, 0x3C, 0xF0, 0xC9, 0x19, 0x8C, 0xD8, 0x07, 0x9C, 0x44, 0x3E,
    0xD2, 0x69, 0x26, 0xAF, 0x07, 0xE5, 0xBF, 0x3A, 0x20, 0x7F, 0x61, 0x9A, 0xF9, 0x3E, 0xDE, 0x88,
    0x2B, 0x03, 0x1E, 0x10, 0x78, 0x42, 0xA4, 0x42, 0xAA, 0x37, 0x50, 0xFD, 0xC2, 0xB1, 0x9E, 0xEF,
    0x79, 0x00, 0x4F, 0x35, 0xF9, 0x3E, 0xB3, 0x9E, 0x9E, 0xFA, 0x4F, 0x28, 0xD8, 0x3E, 0xCC, 0x8A,
    0xDF, 0x9B, 0xC1, 0x8E, 0xDE, 0xFF, 0xA6, 0x53, 0xFF, 0x74, 0xB9, 0x4E, 0x13, 0x38, 0x90, 0xB5,
    0x23, 0xCB, 0x89, 0x2C, 0x3C, 0x99, 0x09, 0x99, 0xC8, 0xB0, 0x23, 0xDA, 0x85, 0xA3, 0xA5, 0x92,
    0x6D, 0x8A, 0x80, 0x7B, 0xBA, 0x2C, 0xF6, 0xAE, 0x2A, 0x11, 0x5B, 0x49, 0xC5, 0x85, 0x49, 0x35,
    0xAA, 0xBE, 0xE3, 0xF9, 0x9A, 0x39, 0xBE, 0x7D, 0xD0, 0x3D, 0x16, 0x6B, 0x45, 0x3C, 0xBB, 0xE8,
    0x73, 0x69, 0x72, 0x5F, 0xCE, 0xC8, 0x7C, 0x3D, 0xEE, 0x40, 0x4F, 0xF8, 0xCD, 0x13, 0xA2, 0x40,
    0x8C, 0x75, 0x0A, 0xA6, 0xB6, 0xCC, 0x67, 0x86, 0x1D, 0xAA, 0x69, 0x87, 0x72, 0xC5, 0xA5, 0xCF,
    0xD4, 0x58, 0x1D, 0x51, 0xC8, 0x3F, 0x7A, 0xB0, 0x58, 0x44, 0x3E, 0x47, 0x83, 0xD5, 0xEE, 0x77,
    0xFF, 0x3C, 0x91, 0x81, 0x3D, 0xB1, 0x9C, 0x7E, 0xC4, 0x69, 0xA2, 0xD7, 0xF1, 0xF3, 0x44, 0x7D,
    0xD2, 0x26, 0x2C, 0x63, 0x84, 0xF9, 0xF5, 0x86, 0x83, 0x74, 0x6D, 0x70, 0x18, 0xCE, 0xD6, 0x63,
    0x0F, 0x51, 0x35, 0xC1, 0x31, 0x55, 0xDF, 0x02, 0x25, 0x13, 0x32, 0x99, 0xD9, 0xE8, 0x15, 0xB6,
    0xF0, 0xE6, 0x7B, 0x0C, 0x61, 0xBA, 0x2B, 0x87, 0xD4, 0xF3, 0x6F, 0x8B, 0xAF, 0x50, 0x37, 0xB1,
    0x01, 0x21, 0x34, 0x56, 0x37, 0xE7, 0xE3, 0xA6, 0xB3, 0x33, 0xF8, 0x41, 0x10, 0xE5, 0x4A, 0xA4,
    0xCA, 0x7A, 0x51, 0xCE, 0xCA, 0x81, 0xC4, 0x4F, 0xF6, 0x46, 0x70, 0xF1, 0xA4, 0xE9, 0x09, 0xAB,
    0x38, 0x2B, 0x57, 0xA5, 0x8D, 0xBA, 0xA3, 0xDF, 0x1C, 0xD1, 0xB2, 0x60, 0xB2, 0x74, 0x2C, 0x3E,
    0xD5, 0x3D, 0x50, 0x0C, 0x4C, 0x4E, 0x1B, 0xCD, 0xBA, 0x85, 0xD6, 0xB2, 0x91, 0x1B, 0xA3, 0x88,
    0xC8, 0x01, 0x6F, 0xB6, 0x7E, 0xFC, 0x95, 0xF6, 0x8A, 0x7D, 0x15, 0x0B, 0x98, 0xCF, 0x47, 0xE0,
    0x59, 0x36, 0x01, 0x0F, 0x4E, 0xCC, 0x83, 0x3E, 0x1C, 0x68, 0x8D, 0xAF, 0x85, 0x7F, 0x91, 0x11,
    0xB5, 0xC8, 0x4A, 0x48, 0x5F, 0xFF, 0x0A, 0xDD, 0x58, 0x0F, 0x71, 0xB2, 0xB1, 0x43, 0x3E, 0xD7,
    0x74, 0xDB, 0xCD, 0x00, 0x12, 0xDE, 0x07, 0x7C, 0x95, 0x34, 0xA2, 0xC1, 0xBD, 0x28, 0x5F, 0xB6,
    0x3C, 0x84, 0xE1, 0x58, 0x86, 0xF4, 0xD7, 0x2E, 0x8F, 0x57, 0x37, 0x10, 0xD5, 0xD8, 0x18, 0x53,
    0x8F, 0x79, 0xB9, 0x86, 0x65, 0xA9, 0x51, 0xE9, 0x79, 0x43, 0x2F, 0x56, 0xA6, 0x26, 0x42, 0xA2,
    0x6B, 0xC8, 0xD6, 0x92, 0xA6, 0x7F, 0x2D, 0x9C, 0xF1, 0xA3, 0x42, 0x3E, 0x9B, 0x2A, 0xDA, 0x3E,
    0x97, 0xFE, 0xF7, 0xF1, 0x0C, 0x47, 0xA1, 0x1A, 0x6F, 0xFD, 0x48, 0x67, 0x0C, 0xA5, 0x7C, 0xCC,
    0xF1, 0x30, 0x3E, 0x2E, 0xA4, 0xFF, 0xCE, 0x29, 0xBD, 0xEA, 0xE1, 0xB5, 0x1C, 0xAD, 0x88, 0x8D,
    0x07, 0x4E, 0x85, 0xD6, 0xDE, 0xFA, 0xD1, 0x89, 0x34, 0xF1, 0xC0, 0xA9, 0xD0, 0x35, 0xAF, 0xE5,
    0x98, 0xF1, 0x7D, 0x8F, 0x27, 0x5D, 0xEA, 0x8D, 0x4C, 0x95, 0x8C, 0x2F, 0xCC, 0x38, 0x93, 0xF5,
    0xB5, 0x7C, 0xBE, 0x8B, 0xFA, 0x21, 0x8C, 0xB1, 0x6B, 0x25, 0xBE, 0x90, 0x29, 0xE9, 0xEC, 0x0B,
    0x5D, 0xFD, 0x86, 0x9F, 0xD7, 0xA4, 0x76, 0xE6, 0x51, 0x38, 0x54, 0x3D, 0x4C, 0x03, 0x63, 0x61,
    0x04, 0xB5, 0x20, 0x5F, 0x91, 0xCC, 0xD9, 0x9A, 0x49, 0xB6, 0x26, 0x73, 0xEC, 0x41, 0xBA, 0xBC,
    0xFC, 0xBF, 0x6C, 0x2E, 0x47, 0x63, 0x5B, 0x74, 0x4D, 0xB7, 0x9A, 0xB5, 0x58, 0x6A, 0x74, 0xBD,
    0xF4, 0x5D, 0x5F, 0x37, 0xDB, 0x70, 0x7C, 0xD5, 0x7F, 0x5D, 0xF3, 0xF2, 0xFF, 0x5A, 0xAB, 0xD3,
    0x89, 0x37, 0x55, 0x54, 0xA3, 0x0A, 0x33, 0xB4, 0xF6, 0x77, 0x80, 0xB6, 0x6F, 0x6D, 0x3D, 0x5C,
    0xF0, 0xAD, 0x84, 0x11, 0x59, 0xD1, 0xDA, 0x42, 0x64, 0xD2, 0x57, 0x0E, 0x6B, 0x83, 0xCA, 0xE2,
    0x31, 0xCC, 0x08, 0x69, 0x8C, 0x4B, 0xC4, 0x6A, 0x4C, 0xCF, 0x9D, 0x0A, 0xF5, 0x00, 0xB9, 0x3D,
    0x00, 0x2F, 0x20, 0x5D, 0xC3, 0x5C, 0x14, 0x85, 0x4C, 0x40, 0x29, 0x03, 0x50, 0xAC, 0x60, 0x48,
    0x95, 0x65, 0x4F, 0x1A, 0x47, 0x76, 0x9E, 0xA7, 0xBD, 0x96, 0x70, 0xC6, 0x32, 0x91, 0xC9, 0x29,
    0xD2, 0xE3, 0x2B, 0xFA, 0xDD, 0xB0, 0x0E, 0x1C, 0x0E, 0x26, 0xD2, 0x1F, 0x00, 0x62, 0x61, 0xAE,
    0x72, 0x89, 0xAF, 0x6A, 0x78, 0x37, 0xD2, 0x57, 0x25, 0x3A, 0xC6, 0x2D, 0x90, 0x8D, 0x61, 0x61,
    0xC3, 0xAC, 0x80, 0xB4, 0x36, 0xF3, 0xE5, 0x90, 0x8D, 0xD9, 0x08, 0x0B, 0x8B, 0x18, 0x8A, 0xE9,
    0x35, 0x1D, 0x0E, 0x28, 0xF5, 0x08, 0xBD, 0x68, 0x07, 0xB4, 0x62, 0xD1, 0xAD, 0x40, 0x37, 0x22,
    0x5C, 0xA0, 0x47, 0x52, 0xEC, 0x8E, 0xD9, 0xCA, 0x33, 0xA5, 0x27, 0x8D, 0x23, 0xA5, 0xDF, 0x31,
    0x13, 0xE6, 0x2C, 0x3D, 0x69, 0x1C, 0x29, 0x3D, 0x37, 0xE3, 0x08, 0x76, 0xFC, 0x7B, 0x4F, 0x76,
    0x8E, 0x94, 0x5E, 0x19, 0xE2, 0x0B, 0xF9, 0x63, 0x69, 0x34, 0xE7, 0xC0, 0x52, 0xDD, 0x4C, 0x56,
    0x2B, 0x99, 0x4B, 0xA3, 0xF5, 0x0F, 0xA4, 0x99, 0xC8, 0xCA, 0x93, 0xB9, 0x90, 0x09, 0xF5, 0xA1,
    0x8E, 0x64, 0xED, 0x48, 0xB6, 0x7F, 0x3D, 0x98, 0x7E, 0x63, 0x67, 0xC3, 0xBA, 0x11, 0xB9, 0x46,
    0x7B, 0xE2, 0xD3, 0x86, 0x49, 0x5F, 0x13, 0x5D, 0xDF, 0x35, 0x89, 0xEC, 0x62, 0xB9, 0xDF, 0xA1,
    0x9A, 0x76, 0x68, 0x07, 0x74, 0x1F, 0x49, 0x83, 0xEE, 0xE3, 0x05, 0xE8, 0xFE, 0x6C, 0xDA, 0xA1,
    0x1B, 0x76, 0x10, 0x4B, 0x68, 0x8C, 0xE7, 0xFE, 0x82, 0xA9, 0x7F, 0x2A, 0x60, 0xE6, 0x9E, 0xC5,
    0x1C, 0x2B, 0x98, 0x77, 0x28, 0x96, 0x1D, 0x52, 0x56, 0x0A, 0xE9, 0x77, 0x30, 0xC3, 0x0E, 0xB5,
    0xC3, 0x16, 0xB2, 0xF9, 0xE0, 0x71, 0x42, 0x1C, 0x31, 0x00, 0x60, 0x6F, 0x58, 0x62, 0x64, 0x59,
    0xDB, 0x35, 0xD9, 0x8A, 0xAE, 0x29, 0x59, 0xA9, 0x19, 0x77, 0xA0, 0x2F, 0x3F, 0x5E, 0xBF, 0x4C,
    0xAB, 0x79, 0x87, 0xCB, 0x55, 0xB5, 0xB2, 0xD4, 0x6A, 0x60, 0xB1, 0x89, 0x15, 0x78, 0x76, 0x50,
    0xC0, 0xAE, 0x5A, 0x76, 0x3A, 0x28, 0xB4, 0x43, 0x39, 0x87, 0xF5, 0x27, 0x13, 0x97, 0x63, 0xB3,
    0x25, 0x2A, 0x55, 0x0F, 0x44, 0x73, 0xFC, 0x1A, 0xB7, 0xB5, 0x77, 0x0E, 0x11, 0x71, 0x1B, 0xA8,
    0x60, 0x8B, 0x4C, 0x50, 0x2F, 0x4C, 0xFF, 0x93, 0xFD, 0x83, 0x47, 0x8F, 0xFA, 0x66, 0x3F, 0x23,
    0xAA, 0x19, 0xA5, 0x34, 0x99, 0x00, 0x97, 0x6F, 0xA0, 0x21, 0xB6, 0x90, 0x2C, 0x11, 0xB9, 0x2E,
    0xC5, 0x29, 0x1C, 0x61, 0x81, 0x8B, 0x9F, 0xA0, 0x70, 0x37, 0xFA, 0x99, 0x91, 0xAF, 0xBA, 0x63,
    0x41, 0x7A, 0xDC, 0xEB, 0xA1, 0x21, 0xF5, 0xC8, 0x3C, 0x9B, 0x6F, 0xE7, 0xF0, 0x2A, 0x9D, 0xD7,
    0x04, 0x1C, 0xE3, 0xD9, 0x1E, 0x4F, 0xF7, 0x78, 0x72, 0x3B, 0x06, 0xFB, 0x34, 0xF3, 0x5D, 0x36,
    0xEB, 0x67, 0xD2, 0x8F, 0xDB, 0x3E, 0xC0, 0xAB, 0x7C, 0x2C, 0xDA, 0x11, 0x66, 0x41, 0xE9, 0x91,
    0x3C, 0xF9, 0x06, 0xAA, 0xB2, 0x6C, 0x2A, 0x7A, 0x35, 0xD6, 0x98, 0x9E, 0xBB, 0x81, 0x0E, 0x03,
    0xE8, 0x5E, 0xE9, 0x78, 0x8C, 0x0E, 0xD2, 0x74, 0x89, 0x58, 0x95, 0x78, 0xFC, 0xD5, 0x65, 0xF4,
    0x6E, 0x03, 0x5A, 0x83, 0xE6, 0xA0, 0x3D, 0xF4, 0xAA, 0xF2, 0x4A, 0xFC, 0x0E, 0xF9, 0xCF, 0x9E,
    0x94, 0x45, 0x39, 0x01, 0x30, 0xFA, 0xE2, 0x4D, 0xA3, 0x95, 0x0C, 0x3C, 0xAD, 0x2C, 0x2F, 0xC9,
    0x6F, 0x7D, 0xED, 0x56, 0x44, 0xC4, 0x1F, 0xF0, 0x2F, 0x01, 0xC8, 0xCB, 0x1E, 0xEF, 0x02, 0xF2,
    0x0C, 0x10, 0x41, 0x22, 0x33, 0x2A, 0xB1, 0xE8, 0x84, 0x0E, 0x00, 0x1E, 0xBC, 0x74, 0x1D, 0x43,
    0x58, 0x31, 0xAA, 0x3D, 0x90, 0xCE, 0xDB, 0x16, 0x9A, 0xDA, 0xEE, 0x97, 0xF0, 0x92, 0x6B, 0x9B,
    0x32, 0x4B, 0xA7, 0xEC, 0xC9, 0x14, 0x87, 0xA1, 0x6D, 0x00, 0x48, 0xDB, 0x2B, 0x9D, 0xD2, 0x2B,
    0x57, 0xA5, 0x58, 0xE5, 0x40, 0xFE, 0xD0, 0x91, 0x7F, 0xE7, 0xC9, 0x1F, 0xAC, 0xA4, 0x95, 0x86,
    0x6C, 0x7B, 0xB2, 0x76, 0x64, 0x31, 0x93, 0xD9, 0x42, 0x26, 0x42, 0xA2, 0xB3, 0xA4, 0x19, 0xC8,
    0xD2, 0x91, 0xC5, 0x4C, 0x66, 0x0B, 0x09, 0x51, 0x76, 0x4A, 0xA3, 0x2C, 0x95, 0x85, 0x32, 0x53,
    0x26, 0x4A, 0x74, 0x61, 0xE9, 0x0C, 0xC5, 0x78, 0xB0, 0x2B, 0x53, 0xB4, 0xA7, 0x84, 0x3B, 0xDA,
    0x7C, 0x7A, 0xD1, 0xA9, 0x81, 0x65, 0x26, 0x04, 0x9D, 0x4D, 0xF5, 0xD6, 0xD6, 0xF6, 0x3B, 0xD4,
    0xC3, 0x0E, 0xD5, 0xB8, 0x43, 0xE9, 0x6E, 0x06, 0x67, 0x66, 0xCD, 0x83, 0x90, 0x4F, 0x64, 0xA1,
    0xAC, 0x1C, 0x29, 0x81, 0x3D, 0xB9, 0xDE, 0xBA, 0x2D, 0xB1, 0x85, 0xD4, 0x47, 0xE4, 0x44, 0x3B,
    0x13, 0xF1, 0x2E, 0x85, 0x30, 0x65, 0xD6, 0xC9, 0x33, 0xB2, 0xB9, 0xD4, 0xF9, 0x91, 0x3A, 0xC2,
    0xAC, 0x88, 0x6F, 0x0F, 0xC1, 0xC4, 0x6D, 0x6C, 0x9C, 0xF5, 0x77, 0x80, 0xAF, 0x99, 0x31, 0x27,
    0xF3, 0xD1, 0x6B, 0xE6, 0xEC, 0x68, 0x7B, 0xF2, 0x9D, 0x7D, 0x11, 0x4A, 0x35, 0xF7, 0x75, 0x56,
    0x83, 0xB2, 0x27, 0x6B, 0xA5, 0x69, 0xC8, 0x96, 0xC0, 0x1F, 0x1C, 0xEE, 0xFA, 0x3B, 0x5A, 0x44,
    0xC4, 0x2D, 0x2F, 0x22, 0xDE, 0xF4, 0x90, 0x28, 0x5F, 0x71, 0x48, 0xB4, 0x47, 0x43, 0x22, 0x57,
    0x66, 0x4A, 0x48, 0x20, 0x70, 0x8A, 0xC9, 0x4A, 0xEA, 0x4C, 0x3D, 0x15, 0xAF, 0x9C, 0x94, 0xF6,
    0xD6, 0xBF, 0xC8, 0x87, 0x08, 0x4F, 0xCE, 0x66, 0xD0, 0x8D, 0x52, 0x44, 0x13, 0xDE, 0xF5, 0x50,
    0x9B, 0x06, 0xC7, 0xF2, 0xA5, 0xC3, 0x85, 0xFC, 0x8A, 0x42, 0xB7, 0x1E, 0x00, 0x61, 0x43, 0x6F,
    0xD8, 0x35, 0x52, 0x87, 0xDB, 0xA6, 0xEE, 0xD2, 0xCC, 0x84, 0xE7, 0x46, 0x14, 0x3E, 0x5C, 0xE9,
    0xCA, 0x29, 0x5C, 0x25, 0x6A, 0xA7, 0x17, 0x18, 0x55, 0x0C, 0xD9, 0x0A, 0xD3, 0xAB, 0xB5, 0xE2,
    0xFD, 0x34, 0x48, 0x08, 0xBA, 0x28, 0xED, 0xE1, 0xDF, 0x31, 0x3D, 0xE6, 0x8F, 0xE5, 0x63, 0x7D,
    0xB1, 0xFE, 0xD0, 0x9E, 0x8F, 0xED, 0x47, 0x7D, 0xA2, 0x7E, 0x9B, 0xBE, 0xAA, 0xFF, 0xD6, 0x1F,
    0xED, 0xDF, 0x66, 0x96, 0x8D, 0x5F, 0x6D, 0x16, 0xB5, 0xB7, 0xAC, 0xA1, 0xAA, 0x1E, 0xB9, 0x34,
    0xAD, 0x43, 0x39, 0x53, 0x85, 0x7A, 0xD4, 0xBD, 0x87, 0x7D, 0xDC, 0xE9, 0x2A, 0x08, 0xEB, 0xA4,
    0x4A, 0xAB, 0xAA, 0x05, 0x5A, 0x3D, 0x13, 0xD8, 0x68, 0xCE, 0x50, 0x2A, 0xD4, 0x10, 0x6A, 0x0B,
    0x35, 0x87, 0x56, 0x42, 0x8B, 0xB1, 0x75, 0xAE, 0x80, 0x52, 0xE0, 0x21, 0x8C, 0x4A, 0x63, 0x57,
    0x95, 0x95, 0x78, 0x95, 0x85, 0x4C, 0x2A, 0x0F, 0x96, 0x46, 0xFF, 0xDF, 0xD7, 0xC1, 0x6C, 0x06,
    0x86, 0xB4, 0xCF, 0xF6, 0x06, 0xCB, 0x83, 0xB9, 0x3A, 0xFB, 0xA6, 0xFB, 0x1D, 0x0F, 0x70, 0xA5,
    0xF2, 0x71, 0x32, 0xAB, 0x94, 0x4C, 0x65, 0xE6, 0x4B, 0x47, 0x59, 0x38, 0xB5, 0x1D, 0xEA, 0xBE,
    0xA3, 0x40, 0xD5, 0x3C, 0x55, 0xF9, 0x0E, 0x1E, 0xFC, 0x36, 0xFB, 0x1D, 0x1F, 0xE0, 0x6A, 0x6F,
    0x34, 0xC9, 0x7C, 0x34, 0x58, 0xE1, 0xEA, 0x3E, 0xEE, 0xAA, 0xAF, 0x9A, 0x47, 0x2C, 0x80, 0xF7,
    0xDF, 0x44, 0xBF, 0x27, 0x9D, 0x30, 0xB0, 0xAB, 0x94, 0x41, 0x8D, 0x18, 0xAB, 0xE5, 0x2A, 0xDE,
    0xA9, 0x26, 0x84, 0x58, 0x2A, 0x36, 0xC4, 0xC2, 0x6E, 0x39, 0x81, 0x3A, 0x2C, 0xC6, 0x2A, 0x17,
    0x63, 0x66, 0xDC, 0xC7, 0x86, 0x18, 0x6B, 0xFB, 0xC3, 0x98, 0xC8, 0x8A, 0xEE, 0x74, 0xEC, 0x74,
    0x89, 0x58, 0xDF, 0x51, 0x1B, 0xB5, 0x3B, 0xD6, 0x65, 0xD3, 0x2F, 0x53, 0x9D, 0x0F, 0xFB, 0x01,
    0x13, 0xFB, 0xB6, 0xEF, 0xAF, 0x03, 0xDA, 0x18, 0x8B, 0x76, 0x71, 0xB8, 0x90, 0x01, 0x89, 0x8C,
    0x2C, 0xC0, 0xB1, 0xB0, 0x86, 0x21, 0x40, 0xF3, 0xD0, 0xA8, 0xBF, 0x5C, 0xD1, 0x8E, 0xB4, 0xF1,
    0x17, 0x33, 0xCA, 0x89, 0x26, 0x17, 0x87, 0x7C, 0x56, 0x0F, 0x0C, 0xE1, 0x05, 0x3B, 0xA4, 0x47,
    0xEA, 0x83, 0x97, 0x90, 0x2E, 0x1A, 0x11, 0x91, 0x45, 0xBD, 0x77, 0x10, 0x09, 0x79, 0x00, 0xEC,
    0x23, 0xA1, 0x38, 0x80, 0x50, 0x21, 0x80, 0xD0, 0x04, 0xA0, 0x8E, 0x15, 0x0F, 0x40, 0xD5, 0x90,
    0xAB, 0x77, 0x7E, 0xA4, 0xEE, 0xED, 0x44, 0x9C, 0x7A, 0xB8, 0x0A, 0xCA, 0x8F, 0x48, 0x3A, 0x6E,
    0xE4, 0x48, 0xAD, 0x76, 0x75, 0xDC, 0x7B, 0x09, 0xED, 0x4B, 0xFE, 0x28, 0x50, 0x7F, 0xDC, 0xA1,
    0x0A, 0x36, 0x4A, 0xAE, 0xFD, 0x24, 0x6D, 0x58, 0xEE, 0x5D, 0xC9, 0x38, 0x42, 0x2D, 0xD9, 0x29,
    0xDB, 0x7E, 0x63, 0xA7, 0xD4, 0xD4, 0x44, 0x1A, 0x96, 0x92, 0x58, 0x03, 0x6B, 0xDB, 0x6A, 0xF6,
    0xD8, 0x2F, 0x57, 0x43, 0x2C, 0xD9, 0x0E, 0x64, 0xED, 0xB6, 0x85, 0xED, 0x6C, 0x21, 0xD3, 0xEB,
    0x2D, 0xB6, 0xC3, 0xB5, 0x65, 0xE6, 0x29, 0xCC, 0xA9, 0x3D, 0x98, 0x53, 0xFF, 0x34, 0x43, 0xB0,
    0xE7, 0x53, 0x60, 0xBB, 0x54, 0x85, 0x25, 0xFE, 0x56, 0xC4, 0xEA, 0xAB, 0xCD, 0xAB, 0xE4, 0x86,
    0xDE, 0x5A, 0x9E, 0x9F, 0xB5, 0x4E, 0x2C, 0xCA, 0xDB, 0x6B, 0x8B, 0xF2, 0x38, 0x5C, 0x94, 0xE7,
    0xEE, 0xA5, 0x44, 0x64, 0x4D, 0x45, 0x96, 0x74, 0x6D, 0xBE, 0x95, 0x2E, 0xC0, 0x4D, 0x1C, 0x31,
    0xE8, 0xDF, 0x3E, 0x3C, 0x3F, 0x9A, 0x19, 0x30, 0x4E, 0xF5, 0xD9, 0x7E, 0x41, 0xA6, 0xD3, 0xCF,
    0x6C, 0x3A, 0xFD, 0x0B, 0xB2, 0x59, 0x79, 0x5F, 0x89, 0xB3, 0x1E, 0xC5, 0xEF, 0xE2, 0x5D, 0xD4,
    0x30, 0xA8, 0xFB, 0x15, 0xC5, 0xFF, 0x7A, 0xA4, 0xE2, 0xA8, 0x02, 0x60, 0x80, 0xB0, 0xC4, 0xFF,
    0xDA, 0x47, 0xF2, 0xF6, 0x78, 0xEA, 0x0F, 0x97, 0xA8, 0xE2, 0x38, 0x91, 0x66, 0xDB, 0x5C, 0xF8,
    0xE0, 0xE4, 0xB6, 0x42, 0x9A, 0x63, 0x42, 0xA6, 0xB7, 0xCE, 0x62, 0x6D, 0x2E, 0x1C, 0xAA, 0x09,
    0x78, 0x0F, 0x75, 0xDC, 0xCE, 0xB6, 0x71, 0xDC, 0xF6, 0x58, 0x55, 0x0B, 0x59, 0x0A, 0x13, 0x32,
    0x51, 0xCF, 0x76, 0x32, 0xE9, 0x68, 0x94, 0x46, 0x2B, 0x65, 0xE6, 0x54, 0x66, 0x2D, 0xE2, 0xC9,
    0x7C, 0xBD, 0xF6, 0xDB, 0xBC, 0x23, 0xA6, 0x2B, 0xDE, 0xD7, 0xDB, 0x81, 0xB9, 0xC2, 0xE5, 0x1C,
    0xFC, 0x85, 0x4A, 0xB4, 0xB6, 0xCB, 0x70, 0x1B, 0xBF, 0x20, 0xAA, 0x3E, 0xF6, 0x4D, 0x62, 0x87,
    0xB5, 0xBF, 0x45, 0x7F, 0xBC, 0x20, 0x77, 0x4F, 0xF4, 0x27, 0x3A, 0x9E, 0x4A, 0xCD, 0xA8, 0x66,
    0xFC, 0xF5, 0xF5, 0xBD, 0x6E, 0x8A, 0x31, 0x6E, 0x90, 0x2B, 0xD9, 0x46, 0x2E, 0x32, 0xB0, 0xC4,
    0x4C, 0xDB, 0xF0, 0x6C, 0xB5, 0xEE, 0x77, 0x68, 0x5E, 0xC7, 0xC3, 0x86, 0x8A, 0x8A, 0x78, 0x62,
    0x0C, 0x76, 0x8C, 0x2E, 0x37, 0x4A, 0x0E, 0x83, 0x30, 0x20, 0x74, 0x68, 0x40, 0x07, 0x49, 0x9C,
    0x7B, 0x72, 0xE0, 0x9C, 0xB5, 0x27, 0x6C, 0xBC, 0x11, 0x95, 0xDA, 0x35, 0x61, 0x9B, 0xC6, 0x22,
    0xF5, 0xE5, 0x88, 0xCC, 0x31, 0xC5, 0xC2, 0xDE, 0x91, 0x27, 0xCE, 0xC1, 0x9A, 0xF5, 0x81, 0x35,
    0x9F, 0x10, 0x58, 0x95, 0xAD, 0x0D, 0x83, 0x5C, 0xD7, 0xD2, 0xC9, 0x4A, 0x02, 0x2D, 0xAD, 0xB8,
    0xBC, 0xAA, 0x2D, 0xAD, 0x76, 0x83, 0x96, 0xF1, 0x5F, 0xD3, 0x96, 0xF9, 0x10, 0x57, 0x9D, 0xF2,
    0x39, 0x5E, 0x67, 0x3E, 0x62, 0xD5, 0xAC, 0x29, 0x51, 0x3B, 0x74, 0x43, 0x1C, 0xD3, 0x3A, 0xBE,
    0xE3, 0x58, 0x0F, 0xE3, 0x3E, 0x15, 0xB7, 0x6D, 0x7F, 0x35, 0x44, 0x1C, 0xFC, 0xE7, 0x7D, 0x35,
    0xB2, 0xB0, 0x1C, 0xEA, 0x23, 0x07, 0xFD, 0x00, 0x84, 0xA5, 0xA5, 0x35, 0xCE, 0x6D, 0x33, 0x55,
    0xCE, 0x12, 0x77, 0x78, 0x49, 0x3A, 0xDE, 0x92, 0x1A, 0x2E, 0x96, 0x6F, 0x2C, 0x7B, 0xB2, 0x6A,
    0xB6, 0xD7, 0x43, 0x85, 0x23, 0xB3, 0x39, 0x90, 0x90, 0x49, 0xE9, 0xE2, 0x53, 0xCE, 0xA7, 0xBF,
    0xE9, 0xD5, 0x8E, 0x48, 0xB3, 0x3F, 0x00, 0x7C, 0xDD, 0xA3, 0x6B, 0xC2, 0x04, 0xDC, 0x8C, 0x17,
    0x4D, 0x25, 0xD2, 0x17, 0xBB, 0x03, 0xDD, 0xF3, 0xA0, 0xA2, 0xB1, 0x61, 0xED, 0x2D, 0x73, 0x48,
    0xF2, 0x49, 0x55, 0xCA, 0x75, 0x91, 0xB5, 0x89, 0x5B, 0x8D, 0x75, 0xDB, 0xB1, 0x6E, 0x41, 0x8E,
    0xDB, 0x91, 0xD1, 0xFA, 0x38, 0xB5, 0x67, 0x32, 0xC9, 0x8C, 0xC7, 0xE1, 0xCC, 0x3C, 0x47, 0xD7,
    0x64, 0x13, 0xC2, 0xE1, 0xF0, 0xE9, 0xEE, 0x90, 0xFD, 0x31, 0xDE, 0x98, 0x4F, 0xBA, 0x13, 0x3E,
    0xC9, 0x83, 0x4F, 0x6E, 0xCE, 0x62, 0x9D, 0xC8, 0x72, 0xC8, 0x1B, 0xB7, 0xD8, 0x0D, 0x8C, 0xDA,
    0x83, 0x3C, 0x2F, 0x67, 0x21, 0xDD, 0x34, 0x0B, 0x94, 0xF2, 0x99, 0x03, 0x6A, 0x91, 0x11, 0x78,
    0x58, 0x48, 0x0F, 0x6C, 0x9B, 0x7A, 0x8F, 0x83, 0xD6, 0x56, 0xCC, 0xB7, 0xC2, 0xA9, 0xB3, 0x64,
    0xBB, 0x67, 0xE9, 0x4C, 0xAF, 0x1C, 0x80, 0x7A, 0xAC, 0x1C, 0x60, 0x86, 0xD2, 0x03, 0xD2, 0x67,
    0x62, 0xEF, 0x89, 0x9A, 0xC1, 0xC7, 0xBE, 0x24, 0xEC, 0x22, 0xDA, 0xE6, 0x03, 0x24, 0x32, 0x3D,
    0x46, 0xC6, 0xA4, 0xE2, 0xE7, 0x32, 0x21, 0x6D, 0xAA, 0x01, 0xA7, 0x82, 0xB0, 0xEE, 0x6F, 0x86,
    0xC3, 0x17, 0x96, 0x3D, 0x75, 0x1D, 0x51, 0x86, 0xFF, 0x39, 0xA8, 0x10, 0x11, 0x97, 0x08, 0x95,
    0xBB, 0x27, 0xFF, 0xA9, 0x6A, 0x0E, 0x07, 0x64, 0x78, 0x5B, 0x0C, 0xAF, 0xE6, 0xDE, 0x10, 0xC2,
    0xDD, 0xDB, 0xBC, 0x6C, 0x0A, 0x76, 0xA4, 0x2F, 0xC9, 0xB1, 0xD6, 0x57, 0x3E, 0x02, 0x20, 0x91,
    0x05, 0x60, 0xDF, 0xDE, 0x16, 0xFB, 0xA7, 0x0E, 0x13, 0xD2, 0x29, 0x99, 0x90, 0x2C, 0xB9, 0x03,
    0x34, 0xC5, 0xC4, 0x9F, 0xCE, 0xDF, 0xBD, 0x27, 0xE2, 0x0D, 0x3D, 0xAC, 0xCF, 0x4E, 0x8F, 0x00,
    0x64, 0xC3, 0x1F, 0x2B, 0xFF, 0x30, 0xC6, 0x79, 0x3E, 0xE6, 0x61, 0xFE, 0x73, 0xF6, 0x07, 0x2E,
    0xD8, 0x89, 0x4A, 0xC0, 0x8B, 0x6C, 0x0F, 0x7C, 0x3F, 0xDB, 0xE1, 0x6F, 0x08, 0x8D, 0xE9, 0xB9,
    0x4A, 0x34, 0xDF, 0x5D, 0x3A, 0x25, 0xAC, 0x77, 0x97, 0xF6, 0xB1, 0xCE, 0x3E, 0x25, 0x2E, 0x8F,
    0xA7, 0xBE, 0x70, 0x3A, 0x73, 0x19, 0x76, 0x1C, 0xAA, 0x06, 0x48, 0xEC, 0xC5, 0x59, 0xBB, 0x03,
    0x36, 0x05, 0xD2, 0xA9, 0xEC, 0x51, 0xB0, 0x57, 0xD5, 0xD8, 0x36, 0xE1, 0xAD, 0x99, 0xBE, 0x41,
    0xF1, 0x99, 0x03, 0xEE, 0xC3, 0xDE, 0x99, 0x27, 0x6E, 0xD1, 0x9A, 0xF3, 0x91, 0x35, 0xA7, 0x6B,
    0xD6, 0x74, 0x6A, 0xCD, 0xF1, 0x9A, 0x35, 0x1B, 0x5D, 0xEE, 0x57, 0x6B, 0xCE, 0xB4, 0xA6, 0xF4,
    0xFA, 0x22, 0x7C, 0x5B, 0x6D, 0x2C, 0x07, 0xB2, 0xEE, 0x95, 0x21, 0x2E, 0xCD, 0x7E, 0xD5, 0x2F,
    0x95, 0xE6, 0xD6, 0x6C, 0xE9, 0x70, 0x2F, 0xDC, 0x57, 0xBB, 0xB8, 0x11, 0x33, 0x9B, 0xBE, 0xF4,
    0x3F, 0xE1, 0x1B, 0x0E, 0x1F, 0x45, 0xCD, 0xE6, 0xF9, 0x3E, 0x48, 0xA4, 0x9A, 0x51, 0x3B, 0xFA,
    0x5F, 0xB3, 0x4A, 0x76, 0x73, 0x8D, 0x05, 0x62, 0x91, 0x6D, 0x39, 0xE7, 0x38, 0x74, 0x36, 0xC8,
    0xD6, 0xC6, 0x58, 0x67, 0xDB, 0x1E, 0x1A, 0xA4, 0xA1, 0xDD, 0xDB, 0x06, 0x90, 0xB0, 0xFE, 0xDD,
    0xC7, 0x98, 0xC4, 0x57, 0x43, 0xFA, 0xC3, 0xCF, 0x15, 0x95, 0x53, 0x5D, 0xD2, 0x05, 0xA5, 0x43,
    0x26, 0xBB, 0x43, 0x5F, 0x8A, 0x65, 0x5F, 0x4C, 0x21, 0xA6, 0xFA, 0xE5, 0x1E, 0xC5, 0x8C, 0xF2,
    0x97, 0x14, 0xFC, 0xA3, 0xFC, 0xF9, 0x82, 0x82, 0x19, 0xA8, 0xB3, 0x16, 0x5C, 0x60, 0x6C, 0xC7,
    0x58, 0xBA, 0xC2, 0x34, 0x6D, 0x53, 0xB1, 0x01, 0x74, 0x30, 0x3D, 0xDD, 0x26, 0x58, 0x51, 0xF7,
    0x54, 0x49, 0x3E, 0x5A, 0x50, 0x8D, 0x8C, 0x75, 0x9F, 0x79, 0x9A, 0xDB, 0x02, 0xED, 0x4F, 0x67,
    0x7E, 0x11, 0x1B, 0xC0, 0xFC, 0xCC, 0x21, 0x9B, 0x45, 0x17, 0x77, 0xA9, 0x09, 0x63, 0x95, 0x3E,
    0xA3, 0x2E, 0xEA, 0x74, 0x56, 0xE0, 0xA3, 0xFB, 0x3B, 0x1F, 0x77, 0x8D, 0xB7, 0xB4, 0x60, 0xA6,
    0xC5, 0x5C, 0x5C, 0x0C, 0x8E, 0xFB, 0xB3, 0x6D, 0x10, 0xD9, 0x18, 0x64, 0x39, 0x07, 0x69, 0xD6,
    0x20, 0x57, 0x2A, 0x10, 0xB7, 0x23, 0xC5, 0xCD, 0x49, 0x5A, 0xCC, 0xE2, 0x28, 0x98, 0x9E, 0xFE,
    0x4E, 0x56, 0x33, 0xB0, 0xF7, 0xC9, 0x52, 0x8F, 0xAC, 0x2F, 0xF5, 0x7C, 0x6F, 0xE9, 0xC3, 0x7B,
    0xBF, 0xCA, 0xB3, 0xAE, 0x09, 0xF5, 0x82, 0x7C, 0xCA, 0x67, 0x18, 0x9A, 0x27, 0xF3, 0x30, 0x5D,
    0x90, 0x6D, 0x8B, 0x6A, 0x48, 0x17, 0x3C, 0x33, 0x4D, 0xDD, 0x63, 0xC5, 0x52, 0x5B, 0xD3, 0x43,
    0xE0, 0xAB, 0xDE, 0x58, 0x74, 0xDF, 0xDB, 0xE9, 0xD1, 0x71, 0xCB, 0xFD, 0x54, 0x8E, 0x02, 0x98,
    0x9F, 0xBA, 0xDC, 0xAD, 0x40, 0xFD, 0x8B, 0x31, 0xFB, 0x6F, 0x0F, 0x94, 0x9F, 0x0F, 0xD9, 0x17,
    0x94, 0xD2, 0xEB, 0x2E, 0xC9, 0x5C, 0x2C, 0xC4, 0xB1, 0xEF, 0x0D, 0xBA, 0x31, 0x3C, 0xBA, 0xEB,
    0x10, 0x58, 0xA9, 0xEC, 0xD6, 0xFD, 0xCC, 0xA9, 0x28, 0xBC, 0x8A, 0x5A, 0x48, 0x5D, 0x55, 0x43,
    0x58, 0x57, 0x43, 0x58, 0x59, 0x3B, 0xDD, 0xEF, 0x96, 0x96, 0x11, 0x4B, 0xD3, 0x26, 0x82, 0x6A,
    0x02, 0xBD, 0x5D, 0x7A, 0x56, 0x17, 0xDF, 0xB1, 0xB0, 0xDD, 0x7A, 0x64, 0x2E, 0x6D, 0xB6, 0xED,
    0x19, 0x83, 0x71, 0x89, 0x80, 0xE9, 0xD9, 0xA2, 0x8D, 0x17, 0xEA, 0xA6, 0xB5, 0x72, 0x60, 0x4D,
    0x5A, 0x2D, 0xC2, 0x57, 0x1E, 0x46, 0x48, 0x54, 0x2B, 0xA9, 0x95, 0xEB, 0xA2, 0xD0, 0xCD, 0x8B,
    0x6F, 0x2B, 0xAB, 0x66, 0xDF, 0x31, 0xDA, 0x31, 0xFE, 0xB7, 0x67, 0xB4, 0x3D, 0x13, 0xEB, 0x86,
    0x19, 0xDF, 0x39, 0x72, 0x7E, 0xF8, 0x0A, 0x25, 0x2B, 0x6A, 0xFD, 0xC2, 0x54, 0xE1, 0xCB, 0xA2,
    0x2C, 0x26, 0xB6, 0x90, 0x6B, 0x24, 0x9C, 0x4C, 0x17, 0x12, 0x82, 0x6A, 0x20, 0x6B, 0xDA, 0x85,
    0xBE, 0x86, 0xA1, 0xA7, 0x51, 0x6B, 0x5B, 0xE5, 0x28, 0xA4, 0x5B, 0xA8, 0xC3, 0x73, 0xAF, 0xC3,
    0x98, 0x0C, 0x5A, 0x41, 0x1C, 0xD9, 0x8E, 0xA4, 0x39, 0xDA, 0x91, 0x25, 0xF1, 0x85, 0x09, 0xDE,
    0xAB, 0x66, 0xE6, 0xD3, 0xEC, 0x1D, 0x4D, 0xCF, 0x85, 0x25, 0x4D, 0x75, 0xE9, 0xB8, 0xD9, 0xBE,
    0xF4, 0xA5, 0x8F, 0x7F, 0x69, 0x9A, 0xC3, 0x61, 0x78, 0x9B, 0x3D, 0x8F, 0x07, 0xCA, 0x67, 0xDB,
    0x42, 0x5C, 0x7E, 0xF4, 0x46, 0xE3, 0xF4, 0x1A, 0xA2, 0xD1, 0x77, 0xE1, 0xD7, 0xA9, 0x55, 0x58,
    0xF5, 0xD6, 0xF6, 0xBD, 0xAA, 0xA6, 0x6D, 0xE9, 0x50, 0x13, 0xD3, 0xD0, 0xCA, 0xB2, 0x5D, 0x77,
    0xCC, 0xB5, 0xF5, 0x4A, 0x69, 0xD4, 0x26, 0x5B, 0xF9, 0xF2, 0x5A, 0xF9, 0x76, 0xCB, 0x92, 0xAE,
    0x51, 0xD7, 0x58, 0x4B, 0x15, 0x34, 0x1E, 0xF6, 0x8B, 0x39, 0x63, 0x77, 0x8D, 0x40, 0xAA, 0x59,
    0xFB, 0x98, 0x87, 0xB5, 0x04, 0x3F, 0x4C, 0xC4, 0x70, 0xB4, 0x30, 0x64, 0xD8, 0xA5, 0x0D, 0xE1,
    0xBE, 0x8A, 0x7C, 0x8D, 0x0D, 0x1A, 0x17, 0x35, 0x8A, 0x9B, 0x17, 0xE3, 0x76, 0x89, 0xD8, 0x44,
    0x67, 0xD5, 0xA6, 0xB1, 0x9D, 0xC3, 0x5F, 0xFF, 0x6B, 0xA5, 0xED, 0x1E, 0x40, 0x65, 0xB7, 0x8E,
    0x1A, 0xB7, 0xC5, 0xF5, 0x7C, 0x0C, 0xE7, 0xED, 0x83, 0x74, 0x8A, 0x55, 0x96, 0x84, 0xC6, 0x78,
    0x2E, 0x86, 0x3B, 0x34, 0xFF, 0x05, 0x52, 0xA6, 0xDB, 0xD2, 0xEE, 0x38, 0xB6, 0xAC, 0xF2, 0xB9,
    0x9A, 0x47, 0xE6, 0xD8, 0x77, 0x26, 0x93, 0xE9, 0xDB, 0xE0, 0x0A, 0x0B, 0x1B, 0x2E, 0x75, 0x89,
    0x3E, 0x78, 0xB4, 0x97, 0xBA, 0x93, 0x71, 0xEF, 0x14, 0x2D, 0x6C, 0xEF, 0xDA, 0x29, 0xB5, 0x5C,
    0xA5, 0x22, 0x03, 0x17, 0x81, 0xAB, 0x39, 0x54, 0x10, 0x27, 0x70, 0xDD, 0x2D, 0x1C, 0xFF, 0x07,
    0xED, 0x5C, 0x3D, 0xAC, 0xE5, 0x48, 0x56, 0x3E, 0xB6, 0x97, 0xEB, 0x1E, 0x19, 0xAD, 0x09, 0x56,
    0xB0, 0xA2, 0x25, 0xDC, 0xC1, 0x64, 0x04, 0x8E, 0x09, 0x18, 0x7B, 0x77, 0x82, 0x4D, 0x27, 0x4F,
    0x98, 0x7C, 0x90, 0x1E, 0x01, 0xE9, 0x8C, 0x3D, 0x74, 0x48, 0xB0, 0x57, 0x90, 0x0B, 0x02, 0xD2,
    0xD5, 0xA4, 0x04, 0xAF, 0xA7, 0x8C, 0x36, 0xD8, 0x80, 0x00, 0xAF, 0x90, 0x20, 0x20, 0x71, 0xD0,
    0x12, 0x10, 0x4D, 0x8D, 0x64, 0x81, 0x7B, 0x29, 0xFB, 0xE0, 0xF3, 0x1D, 0xD7, 0x2D, 0xF7, 0xED,
    0x77, 0x5B, 0xF3, 0x76, 0x5E, 0xCF, 0xEB, 0xEE, 0xE9, 0x7A, 0x7D, 0xBF, 0xF3, 0xF9, 0xBA, 0x5C,
    0xAE, 0x3A, 0xA7, 0x7E, 0x4F, 0xD5, 0x6D, 0x42, 0x30, 0xF5, 0x99, 0x24, 0x0D, 0x4C, 0x44, 0x07,
    0x7E, 0x4A, 0x0B, 0x51, 0xC4, 0xCC, 0x9F, 0xCF, 0x44, 0xF9, 0x2A, 0xFF, 0xCF, 0x11, 0x35, 0x33,
    0x95, 0x6C, 0x89, 0xB8, 0xA7, 0x78, 0xFD, 0x24, 0x12, 0xB5, 0xE9, 0x29, 0x73, 0xAB, 0x2C, 0x2C,
    0xE5, 0xE3, 0x2A, 0xF3, 0x89, 0x4A, 0xBB, 0xCA, 0xD4, 0x51, 0xD5, 0xAF, 0x32, 0x99, 0xA9, 0xEA,
    0x56, 0x19, 0x2F, 0xD4, 0x88, 0x8C, 0x58, 0x25, 0x31, 0x19, 0x2F, 0xDB, 0xFD, 0x75, 0xB8, 0xEF,
    0xE3, 0xEB, 0xF3, 0xBC, 0xA5, 0xB7, 0x6C, 0xE9, 0xCF, 0xDB, 0xFB, 0xDC, 0xF6, 0xFE, 0x71, 0xCB,
    0xCF, 0xB0, 0xE5, 0xAF, 0xDB, 0xF2, 0x4B, 0x9A, 0xFF, 0x89, 0xB4, 0x3C, 0x2D, 0x6D, 0xE5, 0xD3,
    0x90, 0x8E, 0xE7, 0x98, 0xD9, 0xF5, 0x76, 0x9F, 0x5B, 0xAA, 0x78, 0x29, 0x7A, 0x79, 0x84, 0xBB,
    0x74, 0xA9, 0x1B, 0x96, 0xF7, 0x65, 0x6B, 0x8A, 0x83, 0x96, 0x09, 0x25, 0x69, 0x91, 0xEF, 0x5A,
    0xB4, 0x08, 0x6C, 0x91, 0x85, 0x0D, 0xF5, 0x1B, 0xBD, 0xAB, 0x31, 0xF5, 0x29, 0xA4, 0x80, 0xD4,
    0x1C, 0x49, 0xCA, 0x16, 0x19, 0xEB, 0x49, 0xDE, 0x88, 0xCC, 0x0D, 0xB4, 0xB3, 0x45, 0x10, 0x0B,
    0x30, 0x52, 0x91, 0xCE, 0x92, 0x70, 0xC6, 0x4E, 0x85, 0x55, 0x51, 0x43, 0x4C, 0xF4, 0xAA, 0xC5,
    0x28, 0x46, 0x13, 0xD1, 0x6C, 0xA2, 0x23, 0x29, 0x50, 0x25, 0xC2, 0xC2, 0x50, 0xA5, 0x95, 0x2A,
    0x21, 0x34, 0x77, 0x44, 0xDC, 0x51, 0xC2, 0xED, 0x43, 0xA6, 0x95, 0x32, 0x8B, 0xBD, 0x4A, 0x46,
    0x31, 0x23, 0xF3, 0x8C, 0x34, 0x24, 0xEE, 0x66, 0xCC, 0x27, 0x5E, 0x81, 0x2D, 0xB0, 0x13, 0x5C,
    0x48, 0xD0, 0x7E, 0x2B, 0x34, 0x75, 0xC0, 0xA6, 0x43, 0xA6, 0x07, 0xC1, 0xE2, 0x99, 0x64, 0x3B,
    0x63, 0x66, 0x58, 0x45, 0xF2, 0xF8, 0x90, 0xFF, 0x9B, 0x4E, 0x21, 0xA6, 0x38, 0x5C, 0xE4, 0x5D,
    0xDE, 0x82, 0x68, 0xBD, 0xA9, 0xC2, 0x45, 0x32, 0x2F, 0x14, 0x02, 0x4F, 0x81, 0xCB, 0x7B, 0x42,
    0x08, 0xCF, 0x23, 0xED, 0x6F, 0x1C, 0xFE, 0x90, 0xF9, 0x28, 0x69, 0xA1, 0x76, 0x36, 0x2B, 0xD4,
    0xFB, 0x8B, 0xF1, 0x74, 0xD1, 0xD2, 0x15, 0x13, 0x02, 0x2E, 0x62, 0xEE, 0x90, 0x3B, 0xAD, 0xB9,
    0x8D, 0x45, 0xBE, 0x1D, 0x2E, 0x8A, 0x91, 0x08, 0x08, 0x8B, 0x3A, 0xCD, 0x29, 0x2E, 0x92, 0x59,
    0x9F, 0xC7, 0x45, 0xCC, 0x04, 0xC0, 0x45, 0xC4, 0xA8, 0x88, 0x7A, 0x41, 0x5C, 0xA3, 0xF5, 0x87,
    0x8B, 0xD2, 0xEE, 0x2E, 0x9A, 0xCE, 0x5F, 0xB4, 0xF8, 0xC2, 0xDF, 0x91, 0xCC, 0x84, 0x8B, 0xD4,
    0x85, 0x0B, 0xB4, 0x6F, 0xFF, 0x1E, 0x24, 0xE6, 0x73, 0x80, 0xC4, 0x7C, 0xDE, 0x90, 0x98, 0xCF,
    0x35, 0xB2, 0xE7, 0xCB, 0x83, 0x8C, 0xFB, 0x92, 0xE6, 0xB0, 0xC1, 0xA6, 0x83, 0x02, 0x25, 0x87,
    0x76, 0xBC, 0x41, 0xA0, 0x37, 0x15, 0x3C, 0x6C, 0x1A, 0x35, 0xB8, 0x78, 0xA8, 0xBA, 0xD6, 0x0B,
    0xDA, 0xC2, 0x91, 0x8E, 0x9E, 0xC6, 0x63, 0x6C, 0x3D, 0x8F, 0xE6, 0x4C, 0x39, 0x92, 0xBC, 0xEA,
    0xBC, 0xA1, 0xA8, 0x60, 0x4D, 0xBB, 0x56, 0x8D, 0xFB, 0xD7, 0x91, 0x3C, 0xEA, 0xAD, 0x24, 0x49,
    0x7A, 0x23, 0x85, 0x9C, 0x83, 0x06, 0x13, 0x85, 0xB2, 0x56, 0xB0, 0x30, 0x94, 0x10, 0x78, 0xCC,
    0x9E, 0x43, 0x6D, 0x02, 0xED, 0xC9, 0x06, 0xC9, 0xB2, 0xB3, 0x94, 0xDB, 0x1B, 0x2A, 0x98, 0xA6,
    0xE9, 0xC3, 0xF7, 0xDC, 0x06, 0x2B, 0x2D, 0x7B, 0x23, 0x05, 0xB3, 0xE4, 0x63, 0xB0, 0x4A, 0x35,
    0x04, 0xA3, 0xA8, 0xB9, 0xB5, 0xAC, 0xBC, 0x37, 0x49, 0x28, 0x57, 0xEA, 0x82, 0x41, 0x72, 0x1B,
    0xEC, 0x51, 0x0E, 0xC2, 0x43, 0x35, 0xEE, 0x37, 0xBD, 0x89, 0xE8, 0xD5, 0x18, 0xCA, 0x49, 0x43,
    0x4B, 0x2D, 0xE4, 0x2F, 0x28, 0xB6, 0x89, 0x85, 0x45, 0x66, 0x8A, 0x5D, 0x3E, 0x6C, 0x94, 0x4C,
    0xD3, 0x79, 0x5A, 0x32, 0x29, 0x45, 0xCE, 0x3C, 0xC5, 0x53, 0x4A, 0xA9, 0x0D, 0x94, 0x2E, 0xD2,
    0x03, 0xFF, 0xCD, 0xA6, 0x73, 0xC9, 0xC9, 0x46, 0x63, 0x3E, 0xD1, 0x6C, 0xA9, 0xAF, 0x66, 0x34,
    0x94, 0xDA, 0x17, 0x3A, 0x9D, 0x45, 0x3F, 0x48, 0x21, 0x9F, 0xA8, 0xEA, 0x94, 0x56, 0xD0, 0x3C,
    0xA8, 0xE9, 0xC8, 0xD4, 0xA0, 0x11, 0xD7, 0xC4, 0xA0, 0x50, 0x3B, 0x87, 0xFC, 0x82, 0x62, 0xAC,
    0xF5, 0x71, 0xAB, 0xFE, 0x44, 0x8D, 0xA8, 0x15, 0xE9, 0xC2, 0xF0, 0x15, 0x28, 0xDE, 0x5D, 0x5A,
    0xA1, 0xD9, 0x84, 0x77, 0x0B, 0x85, 0xBA, 0x53, 0xAE, 0x0F, 0x33, 0x12, 0xA0, 0x08, 0x59, 0x6F,
    0x50, 0xA0, 0x52, 0xA8, 0x01, 0x8D, 0xCC, 0x72, 0x54, 0x0A, 0xD3, 0x93, 0xBC, 0xE3, 0x2D, 0x61,
    0xF5, 0x8B, 0x8C, 0x69, 0x63, 0xD1, 0xC6, 0x3E, 0x3E, 0x35, 0x98, 0xA5, 0x2E, 0x1C, 0xD4, 0xF3,
    0x35, 0x33, 0x5B, 0x30, 0xBB, 0x42, 0xA7, 0xEC, 0x70, 0xEA, 0xDF, 0xD3, 0x01, 0x22, 0x9F, 0xF0,
    0xD4, 0x4E, 0xE0, 0x1E, 0x04, 0xD1, 0x65, 0x91, 0xD9, 0xFB, 0x15, 0x28, 0xCD, 0xB9, 0x20, 0x09,
    0x9B, 0xC8, 0x9F, 0x13, 0xC5, 0xA0, 0x59, 0xEF, 0x05, 0x0D, 0xB7, 0x10, 0x0B, 0x41, 0x0C, 0xF4,
    0x09, 0x24, 0xD1, 0x93, 0x15, 0x22, 0x5E, 0x21, 0xE6, 0x5A, 0x99, 0x7E, 0x47, 0x74, 0x03, 0xF0,
    0xDD, 0x43, 0x2B, 0x86, 0x1D, 0x56, 0xA8, 0xE6, 0x15, 0x72, 0xB7, 0x42, 0x74, 0x8D, 0x3E, 0x29,
    0x40, 0xB4, 0x68, 0xEB, 0xD6, 0x56, 0x96, 0xF3, 0x28, 0xD0, 0xAF, 0x57, 0xD2, 0xEB, 0xD5, 0x3E,
    0x66, 0xD9, 0x37, 0xDD, 0x8E, 0xDB, 0x1D, 0x77, 0x3B, 0xBE, 0xEC, 0x38, 0xB7, 0x3B, 0xDE, 0x07,
    0xFE, 0x77, 0x36, 0xF0, 0xBF, 0x76, 0x81, 0x3F, 0x5E, 0x02, 0x6F, 0xB9, 0x0E, 0xBC, 0xE9, 0x02,
    0x2F, 0x6D, 0xE0, 0xD9, 0x14, 0x78, 0x32, 0x07, 0x1E, 0x71, 0xE0, 0x64, 0xDA, 0xC0, 0xAB, 0x3E,
    0xF0, 0xDC, 0x06, 0x9E, 0x4D, 0x81, 0x27, 0x33, 0x78, 0x25, 0x9C, 0x58, 0x79, 0x27, 0xDC, 0xEC,
    0x78, 0xC5, 0xA1, 0x49, 0xE5, 0x4C, 0xEF, 0x13, 0x71, 0x2D, 0x3C, 0x63, 0xAA, 0xDA, 0x15, 0x84,
    0x27, 0x4C, 0x86, 0xD9, 0x81, 0x47, 0x8C, 0x39, 0x1F, 0x38, 0x19, 0x4C, 0xFC, 0x7C, 0x88, 0xA6,
    0xD3, 0xB4, 0x69, 0xD3, 0x76, 0xBA, 0x34, 0x9D, 0x92, 0x79, 0xD3, 0x73, 0x34, 0x9D, 0x94, 0x7C,
    0xD2, 0xF0, 0x49, 0xBD, 0x27, 0xDD, 0x6E, 0x8A, 0x4D, 0x9C, 0x68, 0x15, 0x04, 0x2A, 0x05, 0x81,
    0x3E, 0x41, 0x9A, 0x0E, 0x44, 0x35, 0x09, 0x92, 0x4D, 0x20, 0xAA, 0x43, 0x90, 0x88, 0x41, 0x54,
    0x7B, 0x20, 0x50, 0x1D, 0x48, 0x6E, 0x41, 0xA0, 0x34, 0x10, 0x68, 0x0C, 0x84, 0xD8, 0x13, 0xE3,
    0x49, 0xE5, 0x49, 0xEE, 0x49, 0xE6, 0x49, 0xE2, 0x49, 0xE4, 0x09, 0x99, 0x95, 0x10, 0xC2, 0x4D,
    0xC4, 0x2B, 0x2A, 0x1B, 0x37, 0x52, 0x5A, 0x95, 0x15, 0xF7, 0x9E, 0xD4, 0xDB, 0x9D, 0xC9, 0x47,
    0xD9, 0xA4, 0xE9, 0x54, 0x72, 0xE7, 0xAF, 0xC3, 0xFD, 0x97, 0x87, 0x83, 0xE1, 0x16, 0x0B, 0x1A,
    0xE6, 0x69, 0x93, 0x0C, 0xD9, 0xC6, 0xDC, 0x8A, 0xAC, 0xA9, 0xE9, 0x54, 0x96, 0xBD, 0xCA, 0x62,
    0x50, 0x99, 0xDB, 0x7B, 0x90, 0x84, 0xD0, 0xD4, 0x5E, 0x9E, 0x2F, 0x70, 0x11, 0xD2, 0x05, 0x22,
    0x61, 0xA7, 0x97, 0x6C, 0x55, 0x2E, 0x12, 0xFD, 0x7D, 0xA9, 0xCF, 0x44, 0x9F, 0xD2, 0x13, 0xA4,
    0xF0, 0x53, 0xC4, 0x29, 0xFE, 0xC3, 0x6A, 0x4C, 0x28, 0x2E, 0x52, 0x45, 0x23, 0x06, 0x9E, 0xB8,
    0x1C, 0x18, 0x18, 0xEB, 0x03, 0x89, 0x3E, 0x9E, 0xA9, 0xC1, 0x72, 0x7D, 0x6D, 0xF1, 0x15, 0x0C,
    0x5A, 0xFD, 0x4A, 0x67, 0xA9, 0x8F, 0x1D, 0x32, 0x1C, 0x23, 0x8B, 0x0B, 0x9E, 0x8F, 0x67, 0x9D,
    0xC2, 0x39, 0x4C, 0xAD, 0xD2, 0xC9, 0xAF, 0xB5, 0xCA, 0x41, 0x84, 0xFC, 0x13, 0xDD, 0xE7, 0x23,
    0xC9, 0x0D, 0x9D, 0xA1, 0xA1, 0xDE, 0x88, 0xAD, 0xA4, 0x05, 0x48, 0xA0, 0x08, 0xA2, 0x4E, 0x74,
    0xE6, 0x85, 0xDA, 0x54, 0x75, 0xD9, 0x28, 0xA2, 0xCF, 0x2D, 0xAA, 0x13, 0x3A, 0xF5, 0xDC, 0x96,
    0xBD, 0x88, 0x09, 0x4B, 0xEF, 0x54, 0x6B, 0x66, 0x32, 0xAF, 0x85, 0xFC, 0x91, 0x28, 0xE5, 0x53,
    0xA2, 0x4A, 0x54, 0x02, 0x85, 0xA4, 0xDC, 0x7B, 0x65, 0x7C, 0x7A, 0x41, 0x11, 0x57, 0x7C, 0xA4,
    0x84, 0xD9, 0x51, 0x8C, 0x4C, 0x1C, 0x23, 0xA8, 0x00, 0x33, 0x8F, 0x12, 0xAF, 0x03, 0x58, 0x85,
    0x87, 0xFC, 0x85, 0x8D, 0x30, 0xF4, 0x08, 0x60, 0x3D, 0x86, 0xA5, 0x59, 0xD5, 0x3D, 0x0F, 0xBD,
    0xE4, 0xF2, 0xD9, 0x0A, 0xB9, 0xC4, 0x8B, 0x05, 0xE8, 0x8F, 0xF9, 0x37, 0xF5, 0x23, 0x7A, 0x74,
    0x4D, 0xD7, 0x4D, 0xEC, 0xD6, 0xDC, 0x65, 0x32, 0x2B, 0x23, 0xBA, 0x26, 0x7A, 0x44, 0xA7, 0x10,
    0x2D, 0xAF, 0xE4, 0xDF, 0x83, 0xF5, 0xAF, 0xA2, 0x8A, 0xCA, 0x6E, 0xA1, 0xFC, 0x7F, 0x27, 0x4A,
    0x78, 0xD0, 0x19, 0x75, 0x45, 0xB4, 0xDE, 0x7A, 0x3E, 0x98, 0xFA, 0xD5, 0x7C, 0x90, 0x0B, 0x09,
    0x1F, 0xAC, 0x7F, 0x04, 0xF3, 0xCE, 0x22, 0x90, 0x23, 0x09, 0xC8, 0x95, 0x04, 0x6E, 0x21, 0x34,
    0x1A, 0x1E, 0xBC, 0x1C, 0x82, 0xC7, 0x04, 0x1E, 0x94, 0xE0, 0x51, 0xF1, 0x1E, 0x16, 0xEF, 0x71,
    0xF1, 0x1E, 0x98, 0x97, 0x7B, 0x84, 0x16, 0xEF, 0xD1, 0xB9, 0x63, 0x8F, 0x90, 0x3B, 0xF3, 0x08,
    0xD9, 0xDB, 0x7B, 0x84, 0xA0, 0x3E, 0x98, 0x91, 0x60, 0x48, 0x28, 0x2E, 0xA8, 0x4D, 0xE3, 0x56,
    0x97, 0x15, 0xE6, 0xBD, 0x37, 0x15, 0x2F, 0x9A, 0x78, 0x27, 0xD3, 0x6C, 0x5D, 0x7E, 0x66, 0xEE,
    0xEE, 0x7C, 0x47, 0x48, 0x4D, 0x53, 0xD6, 0xB7, 0x04, 0xDF, 0x91, 0x3A, 0x29, 0xD4, 0x3B, 0xD1,
    0x79, 0xB7, 0x44, 0xEC, 0x96, 0xE0, 0x88, 0xA8, 0x06, 0xC2, 0xED, 0xCB, 0x3E, 0x07, 0x75, 0xF5,
    0x7C, 0x27, 0x38, 0xAA, 0x23, 0xA9, 0xF1, 0x88, 0xF6, 0x0D, 0xEC, 0xA5, 0x77, 0x50, 0x1F, 0x92,
    0xBA, 0x90, 0xD4, 0x83, 0x04, 0x07, 0x92, 0xF7, 0x1F, 0x61, 0x16, 0x81, 0xC5, 0x78, 0x34, 0xC6,
    0x23, 0xD1, 0x9C, 0x59, 0x5D, 0x77, 0x53, 0xE1, 0x7D, 0x13, 0xEB, 0x1D, 0x42, 0x9C, 0xF3, 0x00,
    0x47, 0xD0, 0xB7, 0x06, 0x53, 0x7B, 0x80, 0x1B, 0x09, 0x5D, 0x15, 0x3A, 0x2D, 0x74, 0x5F, 0xEA,
    0x42, 0x82, 0x07, 0x29, 0x87, 0x99, 0xF6, 0xB8, 0x0F, 0x79, 0x9B, 0x89, 0x11, 0xFB, 0x62, 0x10,
    0x2C, 0xAD, 0x72, 0xFD, 0xFE, 0x8D, 0x37, 0x50, 0xC4, 0x3C, 0xEE, 0x20, 0x84, 0xD8, 0xD2, 0x48,
    0xE9, 0x94, 0x48, 0x8B, 0x4D, 0x66, 0x65, 0xB1, 0x8D, 0xC6, 0x7B, 0x36, 0x95, 0x1F, 0x2E, 0x9E,
    0xA8, 0x4B, 0x27, 0xCC, 0xBC, 0xB0, 0x0C, 0xBA, 0x2E, 0xFE, 0x49, 0x0A, 0x52, 0x7C, 0xE8, 0x56,
    0x3C, 0x24, 0xB3, 0x4E, 0xDE, 0x64, 0x94, 0x89, 0xC6, 0x37, 0xB9, 0x15, 0x51, 0x7C, 0xEA, 0x16,
    0x30, 0xFA, 0xC3, 0x9D, 0x89, 0x85, 0x91, 0x13, 0x35, 0xD8, 0x95, 0x0C, 0x1F, 0x4D, 0x94, 0x4D,
    0xB1, 0x74, 0x40, 0xC9, 0xA2, 0x2C, 0x1E, 0x68, 0xBA, 0x67, 0x73, 0xC5, 0xF5, 0x41, 0xDA, 0x7A,
    0x5F, 0xD6, 0x62, 0x27, 0x86, 0xEA, 0x91, 0xA7, 0xA2, 0x17, 0x73, 0xA5, 0x34, 0xC1, 0x44, 0xF3,
    0x1E, 0x31, 0x29, 0x98, 0xDE, 0x64, 0x73, 0x7D, 0x4C, 0x2D, 0x91, 0x13, 0xD7, 0x95, 0xF9, 0xB3,
    0x1E, 0xFD, 0x9D, 0xAF, 0xA5, 0x7F, 0x2F, 0x96, 0xA2, 0x7F, 0x54, 0xFB, 0x64, 0xEE, 0x35, 0xB2,
    0x94, 0xB6, 0xAB, 0x68, 0xDA, 0x39, 0xD3, 0x0C, 0x10, 0x75, 0xED, 0x3A, 0xFF, 0xB5, 0x34, 0xAC,
    0xF4, 0x97, 0x6E, 0xC5, 0xF8, 0xED, 0x69, 0x58, 0x0F, 0x30, 0xCF, 0xF2, 0x19, 0xD7, 0xC9, 0x4B,
    0xDE, 0xAF, 0x90, 0x5A, 0x0C, 0x4F, 0x62, 0xAE, 0xE3, 0x6B, 0xD8, 0xB0, 0x22, 0xB3, 0xAC, 0x91,
    0x98, 0x47, 0x01, 0xA6, 0x1F, 0xD6, 0x07, 0xEE, 0x30, 0x9F, 0xC2, 0xE4, 0xCA, 0xAF, 0x42, 0xE1,
    0xC6, 0x4D, 0x14, 0x78, 0x0D, 0x3B, 0x30, 0xF2, 0x9D, 0xA9, 0x29, 0x15, 0x0F, 0x58, 0x36, 0x62,
    0xDE, 0x5E, 0x0E, 0xA2, 0xB0, 0x39, 0xE2, 0x36, 0xDD, 0x16, 0x26, 0x13, 0xD1, 0xC3, 0x05, 0x3E,
    0x7C, 0x76, 0x74, 0x2E, 0xCE, 0xC2, 0x35, 0xD6, 0x18, 0xD1, 0xB6, 0x24, 0x62, 0xE2, 0x5A, 0xAF,
    0xFC, 0xBD, 0xB7, 0x7F, 0x09, 0xD6, 0xF0, 0x4C, 0x01, 0xF6, 0xAA, 0x91, 0x2A, 0x26, 0x1A, 0x89,
    0x56, 0x68, 0xC1, 0xF0, 0xDD, 0xBD, 0x2E, 0xC6, 0xBE, 0x91, 0x51, 0xBD, 0xDD, 0x18, 0x18, 0x71,
    0xB8, 0xC2, 0xBD, 0xEF, 0xB3, 0x51, 0xB5, 0xF8, 0x0C, 0xA8, 0xC1, 0xF0, 0xDD, 0x3D, 0x1B, 0x15,
    0x6A, 0xC6, 0x44, 0xEE, 0x02, 0xBB, 0x7D, 0x28, 0xD8, 0xAF, 0xC4, 0xAA, 0x13, 0x33, 0x9E, 0x45,
    0x0B, 0x9F, 0x3C, 0x61, 0x9E, 0x65, 0xD6, 0xB3, 0x62, 0xF0, 0xAC, 0xEA, 0x3C, 0x33, 0x35, 0x18,
    0x6A, 0x13, 0xFB, 0x47, 0x3D, 0xCB, 0x26, 0xCF, 0x72, 0x8B, 0xEE, 0x1A, 0xAA, 0xF2, 0xAC, 0xE9,
    0x3C, 0xE3, 0xFA, 0x54, 0xC3, 0x48, 0x19, 0x2C, 0xAF, 0x2C, 0x9F, 0x3C, 0x43, 0xD6, 0xC1, 0xAA,
    0x13, 0x33, 0x27, 0x26, 0x08, 0x16, 0x2F, 0x60, 0xB0, 0x3B, 0x18, 0x12, 0xF1, 0x0C, 0xFD, 0x29,
    0x76, 0x18, 0xAB, 0xDE, 0xB3, 0xA6, 0xF3, 0x8C, 0xC4, 0xB8, 0x12, 0xF7, 0x9C, 0xDC, 0x36, 0x5C,
    0x71, 0x4B, 0x57, 0xCF, 0xF4, 0xE1, 0xF5, 0xD3, 0x49, 0x7D, 0x59, 0x0A, 0xE6, 0x11, 0x75, 0xC6,
    0xF4, 0x85, 0xD3, 0x72, 0x50, 0xB2, 0x08, 0x29, 0xDD, 0x2E, 0xA3, 0xA6, 0x16, 0xA2, 0xFB, 0x95,
    0x9E, 0x48, 0x5D, 0x82, 0x95, 0x22, 0xD6, 0xD0, 0x65, 0x9E, 0x14, 0xB3, 0x16, 0x8A, 0x50, 0xB7,
    0x40, 0x3A, 0xB4, 0x23, 0x90, 0x6C, 0x52, 0x22, 0xB5, 0x5F, 0xD5, 0x9F, 0xA0, 0x82, 0xAF, 0xB5,
    0xF1, 0x8A, 0x9F, 0xD2, 0x9F, 0x53, 0xCE, 0x08, 0x5A, 0xA3, 0x7F, 0x26, 0x64, 0x7D, 0xD7, 0x20,
    0x15, 0x1D, 0xCB, 0xDC, 0x67, 0xB0, 0x2D, 0xAB, 0xA7, 0x1E, 0x77, 0xAB, 0x99, 0x7E, 0x5F, 0x6C,
    0xD2, 0xCB, 0x2C, 0x23, 0x61, 0xB5, 0xB4, 0x83, 0xC8, 0xC7, 0xE0, 0x2B, 0x45, 0x7E, 0x20, 0x7A,
    0x88, 0xA6, 0xDB, 0x0B, 0x13, 0x44, 0x3C, 0x53, 0x73, 0x83, 0x40, 0x9E, 0x99, 0x5D, 0xD5, 0x43,
    0x94, 0x16, 0x42, 0xDE, 0x80, 0xC9, 0x16, 0x44, 0xC2, 0x10, 0x11, 0xF7, 0x22, 0xC4, 0xE9, 0x90,
    0xCE, 0x5A, 0x4F, 0x56, 0x11, 0xAB, 0xA0, 0x87, 0x68, 0x49, 0x07, 0x60, 0xC3, 0xEC, 0x50, 0x1C,
    0x2C, 0xEA, 0x53, 0x27, 0xFA, 0x4E, 0xD4, 0x5D, 0xE0, 0xF0, 0x42, 0xB7, 0x75, 0x3B, 0xA6, 0x16,
    0xE4, 0x3A, 0x63, 0xB6, 0x4C, 0x40, 0x70, 0xFD, 0xDE, 0xB4, 0x88, 0x89, 0xF8, 0x55, 0x2F, 0x58,
    0x8C, 0x82, 0xF9, 0x42, 0x57, 0x8E, 0x12, 0xD5, 0x93, 0x01, 0x66, 0xFC, 0xB7, 0x2F, 0x9C, 0xB4,
    0x48, 0x27, 0xAF, 0x2C, 0xE8, 0xEA, 0x87, 0x1F, 0x45, 0xDC, 0x23, 0xD7, 0xB5, 0x6E, 0x0A, 0xEA,
    0x7E, 0xE0, 0xC9, 0x3B, 0xFA, 0x84, 0xAE, 0xBD, 0x6F, 0x14, 0x9E, 0x40, 0xEF, 0x19, 0x8D, 0x59,
    0xC7, 0xA3, 0xCB, 0x6E, 0x51, 0x18, 0xD0, 0xDB, 0x2F, 0x43, 0xB6, 0xAA, 0x85, 0xFE, 0x60, 0x52,
    0xE3, 0x25, 0xEC, 0x4D, 0x17, 0x32, 0xA3, 0x76, 0x03, 0xF6, 0xC1, 0x5C, 0x8A, 0x66, 0x87, 0x6A,
    0xA3, 0x3D, 0x56, 0x8A, 0xBD, 0x60, 0x69, 0x05, 0xD5, 0x56, 0x6A, 0x2A, 0xB5, 0x94, 0x1A, 0x4A,
    0xED, 0xA4, 0x66, 0xF2, 0x56, 0x82, 0x91, 0x7E, 0xBC, 0xFE, 0xD1, 0x67, 0xF0, 0x7A, 0xE2, 0x34,
    0xD4, 0x7F, 0x8E, 0xD2, 0x80, 0x7A, 0xED, 0x21, 0xE4, 0x0E, 0x91, 0xC4, 0x38, 0x0B, 0x30, 0x2D,
    0x2C, 0x0B, 0xC3, 0xC2, 0xAE, 0x30, 0x2B, 0xAC, 0x0A, 0xA3, 0xC2, 0xA6, 0x30, 0x1D, 0x03, 0xC8,
    0x33, 0x03, 0x90, 0xBB, 0x30, 0x26, 0x6C, 0x09, 0x53, 0xC2, 0x92, 0x30, 0x24, 0xEC, 0xE8, 0xCD,
    0x98, 0x28, 0xC0, 0x86, 0xD0, 0x1A, 0x94, 0x06, 0x03, 0x4A, 0x71, 0x5A, 0x31, 0x1F, 0xAC, 0x77,
    0x07, 0x1E, 0x2E, 0xEC, 0xDE, 0x0F, 0x82, 0x38, 0x59, 0xA0, 0x5B, 0xA4, 0xB9, 0x13, 0xAC, 0xAC,
    0x20, 0x4E, 0x8A, 0x24, 0x2C, 0x31, 0x73, 0x27, 0x58, 0x59, 0x41, 0xB8, 0xDF, 0x1E, 0x33, 0xAD,
    0xF8, 0x73, 0x27, 0x68, 0xAC, 0x20, 0x77, 0x40, 0xE5, 0xB3, 0xE0, 0x17, 0x5C, 0x23, 0x66, 0x0F,
    0x3F, 0xD8, 0x24, 0x58, 0x2C, 0x82, 0x29, 0xD7, 0x48, 0xBF, 0x17, 0xAC, 0x46, 0xC1, 0xC2, 0x09,
    0xA6, 0x2C, 0xB8, 0x9D, 0x74, 0x30, 0xC8, 0x5B, 0x69, 0x05, 0x73, 0xF7, 0x3E, 0x7D, 0xBC, 0x5A,
    0x28, 0x91, 0xE1, 0xFB, 0xAB, 0x41, 0xAA, 0x7D, 0xEB, 0x57, 0x1E, 0x7F, 0x71, 0xC3, 0xA9, 0x1A,
    0x8C, 0x97, 0xB7, 0x84, 0xD2, 0xAE, 0xD0, 0x74, 0x65, 0x1F, 0xF1, 0x7A, 0x99, 0xCE, 0x2B, 0x14,
    0xE3, 0x0A, 0x4D, 0xBF, 0x82, 0x34, 0x9D, 0x7F, 0x9D, 0x89, 0x4A, 0x99, 0x87, 0x94, 0x3C, 0x08,
    0x80, 0xC9, 0x77, 0xFF, 0x2E, 0x77, 0x7F, 0xCD, 0x9D, 0x44, 0xB6, 0xF2, 0x98, 0x93, 0x04, 0x96,
    0x15, 0x62, 0xAE, 0xD7, 0x44, 0x4D, 0xB7, 0x42, 0x65, 0x31, 0xFD, 0x58, 0x21, 0x73, 0xDF, 0xCE,
    0x0D, 0xEB, 0xEE, 0xC9, 0x0D, 0x7B, 0xBB, 0x83, 0x79, 0xB3, 0x1F, 0x99, 0x55, 0x96, 0x9D, 0xCA,
    0xEA, 0x6C, 0x13, 0xC7, 0xF8, 0xEB, 0x45, 0x65, 0xB5, 0xC9, 0x6C, 0xBE, 0x37, 0x27, 0xEC, 0xEE,
    0x00, 0x9F, 0x1F, 0xE5, 0x7C, 0x86, 0x23, 0x27, 0x18, 0x03, 0x93, 0x19, 0x5C, 0xE3, 0x28, 0x96,
    0x40, 0xC3, 0x5C, 0xDF, 0x24, 0x43, 0xB8, 0x03, 0x17, 0xFD, 0xBB, 0xBA, 0xA1, 0x6A, 0xDD, 0xE3,
    0xE5, 0xF0, 0xA6, 0xD6, 0xA5, 0x07, 0xF4, 0x9E, 0x50, 0x2A, 0x45, 0xC7, 0x9D, 0x3C, 0x96, 0xFE,
    0x8F, 0x43, 0x4C, 0x1B, 0xC6, 0xCA, 0xF2, 0x25, 0x9D, 0x7C, 0xC9, 0x6B, 0xD8, 0xE1, 0x12, 0x86,
    0xE4, 0xC2, 0x86, 0x61, 0x18, 0xDA, 0x4B, 0xF4, 0xE6, 0x84, 0xE7, 0x06, 0xA4, 0x1F, 0xA6, 0x01,
    0x09, 0x2A, 0x65, 0xCA, 0xDC, 0x02, 0xE1, 0xF0, 0x30, 0x0E, 0x0F, 0x2C, 0xE4, 0x63, 0x69, 0x42,
    0xA2, 0x9F, 0x73, 0xC4, 0xF7, 0x11, 0x4E, 0x17, 0xA4, 0x0B, 0x35, 0x47, 0x6A, 0x1C, 0x66, 0xC4,
    0x16, 0xB9, 0xAA, 0x29, 0xFA, 0x82, 0xFF, 0x01, 0x6E, 0xA5, 0x47, 0x44, 0x8E, 0x1C, 0x91, 0x91,
    0xC5, 0x57, 0xF9, 0x2F, 0xBE, 0xAB, 0x4F, 0x90, 0xBC, 0x23, 0xC4, 0x39, 0x0F, 0x58, 0xD6, 0x04,
    0xF0, 0x6A, 0xE6, 0x7A, 0x9B, 0xAC, 0xA7, 0x5A, 0x45, 0x7D, 0x69, 0x4F, 0xE9, 0xE5, 0x4E, 0x80,
    0x8F, 0x02, 0xB3, 0x00, 0xB7, 0xA7, 0x6A, 0x62, 0x31, 0x59, 0x3E, 0x73, 0x8B, 0x5C, 0x18, 0xA1,
    0x2B, 0xFB, 0x47, 0xE2, 0x52, 0xA9, 0xA4, 0x24, 0x2B, 0x4C, 0x74, 0x30, 0x4B, 0x8D, 0xF3, 0x6C,
    0x89, 0x4D, 0x2C, 0x4E, 0xB0, 0xB1, 0x8C, 0x74, 0x8B, 0x26, 0x99, 0x58, 0x92, 0x9B, 0xCF, 0x85,
    0x6C, 0x7C, 0x45, 0x1F, 0x8B, 0x66, 0x86, 0x4F, 0x31, 0xE8, 0xA9, 0x40, 0x6E, 0xD1, 0xA2, 0xCC,
    0x70, 0x6F, 0xC7, 0x4F, 0xDF, 0x1D, 0x3F, 0x55, 0xC5, 0x6B, 0xD0, 0x58, 0x81, 0x8F, 0x9E, 0x07,
    0xAD, 0xBF, 0x3B, 0x4E, 0x7A, 0xCB, 0xE3, 0xA4, 0xBF, 0xD8, 0x9F, 0xF5, 0xBC, 0x53, 0xFA, 0xEE,
    0x0C, 0xE9, 0x69, 0x17, 0x36, 0x19, 0xCF, 0x07, 0x8C, 0x46, 0xBD, 0x3C, 0xBB, 0xB3, 0x60, 0x1F,
    0xBF, 0xD1, 0x2B, 0x46, 0xEC, 0xC1, 0x68, 0x51, 0x74, 0x10, 0x09, 0x83, 0x4B, 0x18, 0x8F, 0x5E,
    0xFB, 0xC5, 0x22, 0xCC, 0x82, 0x88, 0x77, 0xC2, 0xF2, 0xF1, 0xF6, 0x0C, 0xFD, 0xE1, 0x4D, 0xEC,
    0x36, 0xA9, 0xD8, 0x33, 0x36, 0x9F, 0xD8, 0x42, 0x54, 0x80, 0xC5, 0xE8, 0x28, 0x7C, 0xAF, 0xD5,
    0x74, 0x60, 0x66, 0x3C, 0xA0, 0xB7, 0xD3, 0xE9, 0x10, 0x81, 0x65, 0xCC, 0x93, 0x32, 0xBA, 0x5A,
    0x56, 0xF1, 0x09, 0x3F, 0x15, 0x9B, 0xB3, 0x3C, 0x85, 0xCA, 0xD9, 0x3C, 0x5D, 0x6F, 0xC0, 0x5B,
    0xC3, 0x3A, 0xCF, 0x43, 0x5A, 0x55, 0x0F, 0xDC, 0x2D, 0x4D, 0x8B, 0x0B, 0x88, 0x5C, 0x20, 0xA6,
    0x7F, 0xCA, 0x20, 0x05, 0xA4, 0x16, 0x23, 0x17, 0xA9, 0x13, 0xD4, 0xB1, 0xD2, 0xF4, 0x2B, 0xC6,
    0x58, 0x18, 0x17, 0xD2, 0x4F, 0x7E, 0xCE, 0x83, 0x9C, 0x82, 0xD4, 0x0E, 0x0E, 0x03, 0x98, 0x50,
    0xC9, 0x15, 0x2C, 0x71, 0x3B, 0xF4, 0x95, 0xD4, 0xED, 0xFC, 0xF2, 0x4D, 0x17, 0x26, 0x81, 0xE9,
    0x74, 0xB9, 0xC5, 0xEA, 0x41, 0xCE, 0xA6, 0x03, 0x5A, 0xA0, 0x03, 0x2E, 0x40, 0x6E, 0x81, 0xBD,
    0x20, 0xCE, 0x6C, 0xEA, 0x81, 0x4D, 0x3D, 0xAD, 0x29, 0x47, 0x35, 0x05, 0x9B, 0x4E, 0xB0, 0xB4,
    0x82, 0xD9, 0x24, 0x98, 0xCC, 0x82, 0x11, 0x0B, 0x92, 0x69, 0x05, 0xAB, 0x5E, 0x30, 0xB7, 0x82,
    0xD9, 0x24, 0x98, 0xCC, 0x82, 0xC4, 0x40, 0x03, 0xAC, 0x80, 0x39, 0x30, 0x03, 0x26, 0xC0, 0x08,
    0x48, 0x86, 0x7E, 0x17, 0x79, 0x06, 0x74, 0x28, 0x9F, 0x2F, 0x5E, 0xB4, 0xD0, 0x8D, 0x3E, 0x1E,
    0x9C, 0x89, 0x34, 0xCC, 0x93, 0x00, 0x13, 0x8E, 0x42, 0xE2, 0x1C, 0x24, 0x0E, 0x41, 0xE2, 0x04,
    0x24, 0xB6, 0xD8, 0xEE, 0x06, 0x24, 0x23, 0x6A, 0x92, 0xAC, 0x83, 0x68, 0x06, 0xC1, 0x84, 0xDB,
    0xDD, 0x69, 0xD0, 0xA4, 0x26, 0x84, 0x85, 0x76, 0xC7, 0x14, 0xF3, 0xC7, 0x03, 0x04, 0xED, 0x45,
    0xF6, 0xB8, 0xD7, 0xC7, 0x3B, 0x9F, 0x4A, 0x78, 0x20, 0x63, 0x8D, 0xF9, 0x15, 0x4C, 0x5C, 0xFE,
    0x33, 0xD2, 0xAE, 0x7E, 0xA9, 0x4D, 0xF9, 0x43, 0x08, 0x8E, 0x9E, 0xDF, 0x40, 0x31, 0x17, 0x37,
    0x50, 0x06, 0xBF, 0x81, 0x92, 0xBD, 0x7C, 0x03, 0x25, 0x7E, 0x6E, 0x03, 0x25, 0xBD, 0xF5, 0x06,
    0x0A, 0x45, 0x72, 0x9D, 0xF5, 0x7A, 0xF4, 0x5C, 0xCF, 0x24, 0x26, 0xCF, 0xE4, 0x5E, 0x4B, 0x3E,
    0x7C, 0xE9, 0x4B, 0x9C, 0xFD, 0x95, 0x64, 0x8D, 0x2C, 0x00, 0x97, 0xB8, 0x81, 0x28, 0xF7, 0xBA,
    0xA9, 0x42, 0xA8, 0x86, 0x61, 0x51, 0xAB, 0x81, 0x3D, 0x8B, 0x17, 0xC1, 0x30, 0x76, 0x86, 0x33,
    0xF8, 0x60, 0xAD, 0x67, 0x87, 0xDF, 0x7E, 0xA3, 0xE5, 0xDD, 0x46, 0x0B, 0x51, 0x22, 0x80, 0x87,
    0x7A, 0x5F, 0x5C, 0x4F, 0xB8, 0x3E, 0x9B, 0xC4, 0x65, 0xA3, 0x27, 0x3E, 0x4A, 0x5C, 0xBF, 0xDD,
    0x5B, 0x2F, 0x3A, 0xB5, 0x09, 0xDD, 0xBE, 0x2A, 0xD9, 0x2B, 0x56, 0x13, 0xF6, 0xF6, 0x40, 0xC0,
    0xED, 0x1B, 0xD7, 0xDF, 0x74, 0x54, 0xAF, 0x95, 0xA4, 0x24, 0x85, 0x78, 0xEC, 0x48, 0xDF, 0x6D,
    0x37, 0x2F, 0x50, 0xBF, 0xF7, 0x5A, 0xAD, 0x52, 0x7D, 0xA0, 0x29, 0xAB, 0xD7, 0x2A, 0x67, 0x3D,
    0x58, 0x5A, 0xFD, 0x4A, 0xBD, 0x56, 0xE6, 0x43, 0x78, 0x62, 0xE2, 0x45, 0x7F, 0x6A, 0x9C, 0x3A,
    0xF5, 0x5A, 0xE5, 0x56, 0xBD, 0x54, 0x55, 0x2F, 0xB2, 0x15, 0x5D, 0xCA, 0xF7, 0xD1, 0x42, 0x90,
    0x89, 0x53, 0x99, 0x5B, 0xF5, 0x5A, 0x55, 0xBD, 0x7A, 0xAD, 0x0C, 0x5C, 0xDB, 0xC5, 0xD7, 0xAC,
    0x5E, 0x2B, 0xF9, 0xF9, 0x73, 0xE6, 0xF0, 0x6E, 0xF5, 0x5A, 0xF5, 0xC1, 0x6B, 0x05, 0x5B, 0xAA,
    0xD7, 0x2A, 0x65, 0xF5, 0x5A, 0xE5, 0x5F, 0x6B, 0x8B, 0xCA, 0x3B, 0xF5, 0xCA, 0x85, 0x5A, 0xA1,
    0xEA, 0x8B, 0xA6, 0xA0, 0x3A, 0x6F, 0xA1, 0xA0, 0x34, 0x77, 0x83, 0xC2, 0x1E, 0xC0, 0xC5, 0x50,
    0xC1, 0x2F, 0x64, 0xA0, 0x2E, 0xFD, 0xF1, 0xF0, 0x28, 0xBA, 0x28, 0x26, 0xE9, 0x91, 0x2A, 0x94,
    0x1F, 0x33, 0x95, 0xD8, 0x89, 0x27, 0x2A, 0xB5, 0xE2, 0x89, 0xCA, 0x7B, 0xF1, 0x44, 0x55, 0x6D,
    0xB3, 0xA2, 0xDC, 0x33, 0x3F, 0x75, 0x82, 0x3F, 0xB3, 0xE2, 0x89, 0xFA, 0xB9, 0x68, 0xA5, 0x92,
    0x4A, 0x24, 0xF9, 0x4F, 0xE6, 0xCD, 0x35, 0x97, 0xE1, 0x67, 0xC9, 0x05, 0xA6, 0xED, 0x95, 0xE1,
    0x85, 0xE8, 0x33, 0x71, 0x70, 0xF8, 0xFE, 0x29, 0x96, 0xEC, 0x48, 0xE9, 0x1A, 0x58, 0x5E, 0x27,
    0x4E, 0xE9, 0x58, 0xF4, 0x84, 0x89, 0xB2, 0x3A, 0x99, 0x62, 0xAD, 0xD0, 0xE4, 0x34, 0xFB, 0x8F,
    0xDE, 0xE2, 0x0D, 0x7C, 0xE8, 0x23, 0xEF, 0x3E, 0xDB, 0x74, 0x91, 0x8A, 0xBB, 0x3E, 0x76, 0xA2,
    0x07, 0x93, 0x38, 0xE8, 0x00, 0x1A, 0xB8, 0xC7, 0xC1, 0x25, 0x5E, 0x6A, 0xD5, 0xAA, 0x2E, 0x89,
    0x78, 0x84, 0x3A, 0xD5, 0x97, 0x78, 0xAD, 0x7B, 0x75, 0xEE, 0xFC, 0x60, 0xC1, 0x5B, 0x6C, 0x30,
    0xAC, 0x8F, 0x35, 0xCB, 0xA5, 0xB4, 0xD7, 0xEA, 0x27, 0x8E, 0xE8, 0x89, 0x28, 0xE0, 0xEC, 0xC8,
    0xCC, 0x3D, 0x19, 0x2C, 0xAE, 0xDF, 0x93, 0xA9, 0x5E, 0x45, 0x1A, 0x33, 0x11, 0x5F, 0x60, 0xB4,
    0xA4, 0xE2, 0xDE, 0xFA, 0x89, 0x6C, 0x1D, 0xD5, 0x4F, 0x88, 0xDE, 0xF3, 0x9B, 0xAB, 0xC1, 0x03,
    0x14, 0x00, 0xE5, 0xFC, 0xC6, 0x20, 0xED, 0x3C, 0x40, 0xB8, 0x71, 0xEB, 0x54, 0xE6, 0x00, 0x68,
    0x13, 0x45, 0xAB, 0x6D, 0xA2, 0xA6, 0x2C, 0xB4, 0x09, 0xBE, 0xD4, 0x26, 0x0E, 0x7C, 0xC4, 0x2E,
    0xA0, 0xFA, 0xFC, 0xD3, 0x85, 0x4C, 0x2F, 0x9D, 0x9B, 0xC5, 0xFC, 0x51, 0xD4, 0x30, 0x85, 0x45,
    0xB0, 0xC1, 0x29, 0xB3, 0x00, 0xB5, 0x77, 0xFC, 0x23, 0x2F, 0xB0, 0x76, 0x05, 0x8B, 0x4C, 0xA8,
    0xA2, 0xF5, 0xEF, 0xF4, 0xA2, 0xDD, 0x5E, 0x72, 0x39, 0x50, 0xCC, 0xBF, 0xD9, 0xE6, 0x09, 0x85,
    0xBA, 0xDA, 0x2D, 0xD1, 0x97, 0xF1, 0xB4, 0xF9, 0x90, 0x47, 0x6D, 0x0F, 0x1A, 0x5E, 0x63, 0x15,
    0xDF, 0x5C, 0x8B, 0x3F, 0xBD, 0x50, 0x8B, 0xEF, 0x41, 0xC5, 0x07, 0xFA, 0x31, 0xAA, 0x6A, 0xD9,
    0x1B, 0xD4, 0xE3, 0xC4, 0xE5, 0x96, 0x96, 0x64, 0xA2, 0xCF, 0xA2, 0x71, 0xBD, 0xF5, 0x11, 0xF9,
    0x10, 0x2D, 0xDF, 0xF5, 0x07, 0xAD, 0xA7, 0x22, 0x87, 0xA9, 0x6C, 0x3E, 0x54, 0x6D, 0x3A, 0x15,
    0x7D, 0x34, 0x67, 0x23, 0x3D, 0x89, 0xED, 0x7A, 0xAB, 0xDD, 0x39, 0xEC, 0x5E, 0xC9, 0x27, 0x5E,
    0xEA, 0x9C, 0x87, 0x8A, 0xC7, 0x26, 0x72, 0x6B, 0x07, 0x8C, 0xCE, 0xF7, 0x55, 0xFF, 0x46, 0x09,
    0xFE, 0xBD, 0x94, 0x57, 0x7B, 0x8B, 0xFF, 0xAC, 0xFD, 0x12, 0xC7, 0x00, 0xFE, 0x14, 0x1B, 0x41,
    0xDF, 0xD1, 0xEF, 0x93, 0xE2, 0x5A, 0xF7, 0x9B, 0xF2, 0xAE, 0x82, 0x44, 0xEF, 0x86, 0x83, 0xCB,
    0xBA, 0x90, 0x89, 0xE6, 0x74, 0xA4, 0xDD, 0x4F, 0xEE, 0xA8, 0x44, 0x5B, 0x44, 0x4F, 0xF1, 0x3D,
    0xFE, 0x5D, 0x12, 0x86, 0x03, 0x28, 0xCD, 0xAB, 0x2C, 0x99, 0xF2, 0x41, 0xAA, 0x09, 0xD4, 0x85,
    0x31, 0x81, 0xCA, 0x5A, 0x54, 0xF5, 0x1E, 0x3D, 0x7A, 0x0D, 0x7F, 0x91, 0x44, 0x91, 0xAA, 0x8E,
    0x32, 0x86, 0x7D, 0x51, 0x03, 0xF5, 0xE0, 0xF7, 0x02, 0xF9, 0x01, 0x55, 0x90, 0xCF, 0xD5, 0xC6,
    0x77, 0xBF, 0x47, 0xC3, 0x9B, 0xA5, 0xC9, 0x7A, 0x95, 0x49, 0xB3, 0x15, 0xA4, 0xEA, 0x82, 0xB2,
    0x5E, 0x2B, 0xBB, 0xA3, 0x32, 0xA2, 0x9B, 0xF5, 0x3E, 0x83, 0x1C, 0x6B, 0x05, 0x5D, 0x2A, 0xA0,
    0xBB, 0x25, 0xBA, 0x8E, 0x2D, 0x56, 0x3B, 0xED, 0x4D, 0xFF, 0xC5, 0x0D, 0x36, 0x6B, 0x80, 0xB2,
    0xCB, 0x11, 0x35, 0x7A, 0xDE, 0x67, 0x11, 0xF4, 0x39, 0x6F, 0x05, 0x0D, 0xB0, 0xE9, 0x02, 0x1A,
    0x20, 0xEE, 0x46, 0x5C, 0xCB, 0x53, 0xAC, 0x29, 0x68, 0x6A, 0x21, 0x65, 0x47, 0xA7, 0xF3, 0x4A,
    0xC4, 0xAD, 0x60, 0xD3, 0x0B, 0x96, 0x36, 0x9C, 0x6C, 0x4A, 0x66, 0xC1, 0x78, 0xFF, 0xC6, 0xA6,
    0xDF, 0x9D, 0x33, 0x1A, 0x4F, 0x43, 0x5D, 0xC7, 0x7E, 0xA8, 0x1B, 0x6E, 0x18, 0xEA, 0xB0, 0x8F,
    0x11, 0x31, 0x2F, 0xB1, 0xCC, 0x90, 0x96, 0xFA, 0x07, 0x77, 0x35, 0xA2, 0xD0, 0x41, 0xBD, 0x06,
    0xDC, 0xFB, 0xE3, 0x54, 0x78, 0x3B, 0xD1, 0x04, 0xE5, 0x9F, 0x4D, 0x69, 0xDE, 0x64, 0x4D, 0xFB,
    0x31, 0x2C, 0x97, 0x25, 0x77, 0x67, 0xD0, 0x14, 0x3E, 0xA0, 0x82, 0xCE, 0x02, 0x7E, 0xBD, 0xD0,
    0x30, 0xB7, 0x86, 0xB9, 0x36, 0xC7, 0xE8, 0xEE, 0x7E, 0x62, 0x7B, 0x8C, 0x57, 0x8C, 0x6D, 0xDE,
    0x11, 0x61, 0x42, 0x43, 0xC4, 0xD0, 0x74, 0xF3, 0x39, 0x26, 0x94, 0xBD, 0x78, 0xBE, 0xB3, 0xBE,
    0xAC, 0xD1, 0x6D, 0xBF, 0xC9, 0x3F, 0xDB, 0x7B, 0x80, 0xB3, 0x73, 0xD1, 0x24, 0xA3, 0xF1, 0x4C,
    0x98, 0xC5, 0x51, 0x26, 0xA9, 0x68, 0xB1, 0xA7, 0x64, 0x20, 0x7A, 0x14, 0xB5, 0xF7, 0xF8, 0x73,
    0x22, 0x2C, 0xBC, 0x22, 0xC6, 0xDE, 0x28, 0x6B, 0xF7, 0x52, 0xB6, 0xFE, 0x97, 0xAF, 0x79, 0xAD,
    0xBE, 0xF2, 0xB7, 0xE1, 0x17, 0xAE, 0x29, 0x36, 0x7A, 0xB9, 0x93, 0x7B, 0x83, 0xCC, 0x92, 0x2C,
    0xC5, 0x63, 0x34, 0xEA, 0x0F, 0x28, 0x43, 0xB8, 0x37, 0x4B, 0xE8, 0x81, 0xEC, 0x86, 0x79, 0xC4,
    0x31, 0xE3, 0x49, 0x1C, 0x48, 0x07, 0x8B, 0x23, 0x06, 0xBF, 0x07, 0x2B, 0x49, 0x19, 0x77, 0x38,
    0x84, 0x4D, 0xDA, 0x62, 0x16, 0xCC, 0x19, 0x43, 0x27, 0x2F, 0x30, 0x0E, 0x8F, 0xBA, 0xD5, 0x56,
    0x23, 0x51, 0x89, 0x1C, 0xF3, 0xE4, 0xBD, 0xA2, 0x38, 0x0A, 0x84, 0xC8, 0x82, 0xD1, 0x0B, 0x18,
    0x2F, 0xF4, 0x23, 0x68, 0xAC, 0x3A, 0xD2, 0xD5, 0xB4, 0xF5, 0x41, 0x7A, 0x8C, 0x19, 0x0E, 0xCE,
    0xB3, 0x60, 0x80, 0xBB, 0xE7, 0x8B, 0x05, 0xE8, 0x82, 0x7B, 0xFD, 0x21, 0x1F, 0x29, 0xD2, 0x1D,
    0x54, 0x9E, 0xC4, 0xD9, 0xF6, 0x97, 0xDB, 0x2F, 0x24, 0x3B, 0x80, 0x2F, 0x50, 0x39, 0xA3, 0x20,
    0x4F, 0x51, 0x19, 0x7B, 0x79, 0x62, 0xC2, 0xA9, 0x35, 0x9F, 0x66, 0x8C, 0xE4, 0xF7, 0xF0, 0x41,
    0x2D, 0xD9, 0x64, 0x76, 0x02, 0x03, 0xB4, 0x18, 0x42, 0xF0, 0x26, 0xA8, 0xAA, 0x62, 0xEE, 0x05,
    0xDA, 0xED, 0x27, 0xA9, 0xBA, 0x0D, 0xBA, 0x47, 0x8D, 0xFB, 0xBA, 0xA2, 0x0F, 0xE7, 0xDF, 0x97,
    0x6A, 0xDE, 0x1E, 0xD8, 0x7A, 0xE7, 0xFA, 0x27, 0xD0, 0xCF, 0x85, 0x0F, 0x73, 0xED, 0x3F, 0xB8,
    0xBE, 0xC5, 0xC7, 0xC8, 0x07, 0xE7, 0x81, 0xC4, 0x68, 0x87, 0xBA, 0x60, 0xEE, 0xD2, 0xF5, 0x43,
    0x66, 0xA7, 0xFA, 0xAA, 0xD5, 0x8F, 0x69, 0x29, 0xD7, 0xFF, 0x70, 0x90, 0xB2, 0xD5, 0xAA, 0xD1,
    0x17, 0x8B, 0x8C, 0x43, 0xD0, 0x74, 0xA5, 0xC7, 0xE2, 0x8F, 0x92, 0xF1, 0x1F, 0xAC, 0x97, 0x5A,
    0xA0, 0xDD, 0xC1, 0x86, 0xD4, 0xDD, 0x8C, 0xB8, 0x8B, 0x98, 0xFE, 0x29, 0xC6, 0x86, 0x23, 0xCB,
    0x35, 0x4F, 0xC0, 0x11, 0xC8, 0x35, 0xAA, 0x9E, 0x1E, 0x90, 0x40, 0xFC, 0x1C, 0x29, 0x24, 0xFB,
    0x83, 0x73, 0x17, 0x30, 0xE2, 0x10, 0x33, 0x73, 0xA7, 0x73, 0x81, 0x11, 0x7A, 0x94, 0x2B, 0x6E,
    0x25, 0xF9, 0x99, 0x04, 0x8F, 0x2B, 0x2E, 0xEA, 0x88, 0xFF, 0x2F, 0x54, 0x2A, 0xDC, 0xB3, 0xF4,
    0x27, 0x54, 0x4E, 0xC8, 0xB4, 0xB7, 0x48, 0x04, 0x58, 0xFC, 0x65, 0xE2, 0xB6, 0x62, 0x44, 0x66,
    0x90, 0xE7, 0x44, 0xA7, 0xCB, 0xA9, 0xB9, 0x5E, 0xB9, 0x53, 0x33, 0x65, 0x82, 0xCA, 0x3D, 0x34,
    0x27, 0xC6, 0xBE, 0x14, 0x99, 0x43, 0x09, 0x25, 0x63, 0x70, 0x1E, 0x20, 0x11, 0xBF, 0x67, 0x1D,
    0xD7, 0x31, 0xC6, 0xD3, 0xAC, 0x23, 0xF1, 0xAB, 0x76, 0x92, 0x11, 0x03, 0x95, 0xB8, 0xD0, 0x87,
    0x64, 0xDD, 0xE5, 0xAD, 0x17, 0xDD, 0xFC, 0xBF, 0x33, 0x7C, 0xA1, 0xD5, 0xDD, 0x69, 0xFA, 0xAF,
    0xFC, 0xBC, 0xFA, 0xBF, 0xF1, 0x20, 0x35, 0x78, 0x11, 0xE0, 0xAE, 0x7C, 0x4A, 0x66, 0x28, 0x7B,
    0xEF, 0xFF, 0x59, 0x21, 0x9D, 0x56, 0x48, 0xDC, 0xDD, 0xC0, 0xFF, 0x03, 0x5D, 0x8C, 0x05, 0x11,
    0x42, 0x01, 0x10, 0x44, 0x17, 0x1F, 0xFF, 0x11, 0x2E, 0x01, 0x24, 0xF8, 0x9A, 0x88, 0x02, 0xDC,
    0x10, 0x0B, 0x87, 0x8B, 0x40, 0x84, 0x6B, 0x80, 0xBB, 0x2C, 0xAE, 0x2B, 0x6F, 0xFC, 0x21, 0x31,
    0x80, 0x53, 0xE4, 0xB9, 0x45, 0x65, 0x7F, 0x42, 0xE0, 0xA3, 0x34, 0x49, 0xC5, 0x4E, 0xA8, 0x4C,
    0x71, 0x4D, 0xE5, 0x84, 0x9A, 0xD0, 0x35, 0x21, 0x8F, 0x5A, 0xE1, 0xB2, 0x8D, 0xFA, 0x18, 0xB7,
    0x8C, 0x48, 0xFA, 0x07, 0x92, 0x26, 0x76, 0xAB, 0xA4, 0x0A, 0x25, 0xCE, 0xD7, 0x29, 0x1A, 0x39,
    0xA6, 0x01, 0x3D, 0xE1, 0xB6, 0x99, 0x1D, 0x07, 0xD0, 0x3E, 0xA2, 0xA7, 0xB3, 0xFA, 0xE7, 0xB4,
    0x0B, 0xED, 0x9C, 0x3D, 0x8C, 0xE5, 0x56, 0xF9, 0xC6, 0x1F, 0xDB, 0x99, 0x71, 0x34, 0x2E, 0x3C,
    0x7F, 0x29, 0xF9, 0x6B, 0x09, 0x41, 0xDE, 0x62, 0x90, 0x92, 0x28, 0xC8, 0x14, 0x14, 0x29, 0x76,
    0xF7, 0x9C, 0xDD, 0x08, 0x51, 0xD0, 0x04, 0x69, 0xA7, 0x00, 0x8A, 0xD0, 0x20, 0x05, 0x9A, 0xA5,
    0x57, 0x36, 0xB6, 0xA0, 0xA0, 0xDD, 0x22, 0x82, 0x76, 0x0A, 0x84, 0xC4, 0x50, 0x40, 0x91, 0x82,
    0x62, 0x37, 0x36, 0xB4, 0x34, 0x6E, 0x10, 0x05, 0x05, 0x96, 0xB2, 0x55, 0x1A, 0x5C, 0x5C, 0xC0,
    0x0B, 0xD7, 0x7E, 0x99, 0xF7, 0x39, 0x3E, 0xF7, 0x63, 0x6F, 0x80, 0x81, 0x2C, 0xBB, 0x77, 0x3E,
    0xDE, 0x5D, 0x3D, 0xEF, 0xCD, 0xF5, 0xC7, 0x39, 0xE7, 0xFD, 0x3D, 0xF6, 0x3D, 0x3E, 0xF7, 0x6E,
    0x00, 0x08, 0x34, 0x42, 0xB1, 0x9A, 0x22, 0xA9, 0x35, 0x25, 0x2E, 0xA5, 0xD2, 0x6A, 0xCA, 0xFE,
    0xD8, 0x69, 0x32, 0xBF, 0xED, 0x35, 0x15, 0x6F, 0xCE, 0x35, 0x49, 0x38, 0x68, 0x1A, 0x03, 0xD1,
    0xA3, 0x07, 0x68, 0x8A, 0xE6, 0x28, 0x4A, 0x20, 0x9E, 0xC1, 0xD4, 0x40, 0xDA, 0x21, 0x6F, 0x80,
    0xB4, 0x45, 0xD6, 0x01, 0x79, 0xA3, 0x6F, 0xE8, 0x86, 0xA4, 0x07, 0x8A, 0x52, 0x77, 0x86, 0x7C,
    0x7C, 0xFC, 0xF3, 0x01, 0x10, 0x0D, 0x84, 0x2E, 0x45, 0xE3, 0xF1, 0xF1, 0xB1, 0x94, 0xB1, 0xB6,
    0x52, 0xD4, 0xBA, 0x33, 0x4C, 0xA3, 0x87, 0x22, 0x6F, 0x33, 0x4D, 0x59, 0x67, 0x1A, 0xED, 0xDC,
    0x4C, 0x1B, 0x41, 0xD2, 0x6B, 0x93, 0xE0, 0xEE, 0xEB, 0xB1, 0xEF, 0xD2, 0x48, 0x0D, 0xD7, 0x86,
    0x19, 0x08, 0x18, 0xEF, 0x60, 0x8A, 0xA0, 0x92, 0x06, 0x91, 0xC8, 0x1C, 0x21, 0xBB, 0xF2, 0xFE,
    0xAE, 0x94, 0x6C, 0x1F, 0xEC, 0x39, 0x90, 0xB5, 0xE0, 0x50, 0x28, 0xB9, 0x48, 0xAB, 0xFB, 0xB5,
    0x89, 0x4A, 0xF6, 0x08, 0x59, 0x6B, 0x1A, 0xA4, 0xAD, 0xA9, 0x55, 0x4A, 0xFF, 0x8A, 0x92, 0xCF,
    0x4E, 0x24, 0xD5, 0xFD, 0x62, 0x15, 0x54, 0x22, 0x0D, 0x82, 0x43, 0x8B, 0x29, 0x5E, 0xF0, 0x7D,
    0x64, 0xD7, 0x28, 0x90, 0x65, 0xDF, 0x6E, 0xC3, 0x81, 0x28, 0x5D, 0x6A, 0x34, 0x3D, 0xC7, 0x7E,
    0x00, 0x4C, 0xEC, 0xE4, 0x72, 0x9C, 0x98, 0xC3, 0x1F, 0xE7, 0xE3, 0xDC, 0x31, 0x4E, 0xC4, 0xAA,
    0x34, 0xC0, 0xCE, 0xDB, 0x0B, 0x2C, 0x85, 0xEE, 0x5F, 0x59, 0x00, 0xF7, 0x59, 0xBD, 0x67, 0x0E,
    0x96, 0x11, 0xBB, 0x94, 0xD6, 0x4C, 0xA6, 0x61, 0xAA, 0x4A, 0xD2, 0x20, 0xB0, 0x6B, 0xF1, 0x8C,
    0x25, 0x4E, 0x1B, 0x92, 0xF9, 0xBE, 0x5D, 0x22, 0x31, 0x3F, 0x24, 0x8B, 0x0F, 0x1D, 0xD2, 0x37,
    0xF0, 0x25, 0x30, 0xCE, 0x2D, 0xD8, 0xD0, 0xC1, 0xAD, 0xE1, 0xA9, 0x38, 0x4A, 0xEC, 0xDC, 0x81,
    0x36, 0x88, 0x07, 0x49, 0x07, 0x04, 0x72, 0xAB, 0x06, 0x62, 0x21, 0xBC, 0x3F, 0xCC, 0x74, 0xB7,
    0x9B, 0x3A, 0x9A, 0xEB, 0x78, 0x97, 0x97, 0xD3, 0x3E, 0xD6, 0x82, 0x06, 0x70, 0x0E, 0x70, 0x16,
    0xF0, 0x1E, 0xE0, 0xE9, 0xE9, 0x82, 0x65, 0x83, 0xA9, 0x57, 0x3A, 0x01, 0xB4, 0x02, 0x12, 0x2A,
    0xCD, 0x00, 0xBA, 0x01, 0xA6, 0xA6, 0x96, 0xFE, 0xB5, 0x57, 0x5A, 0x02, 0xF4, 0x04, 0x62, 0xAA,
    0x73, 0xC5, 0xD2, 0x16, 0x25, 0x35, 0xEC, 0x98, 0x38, 0x6C, 0x6F, 0x04, 0x6F, 0x8B, 0x6B, 0xAE,
    0x3F, 0x63, 0xD2, 0x39, 0x43, 0xD4, 0x17, 0xD6, 0x10, 0x0C, 0x7D, 0x33, 0xEA, 0xB8, 0x45, 0x5F,
    0xB1, 0x97, 0x3A, 0xB8, 0x03, 0x53, 0xAB, 0x1F, 0x5A, 0xB5, 0x43, 0x49, 0x37, 0xD0, 0x0C, 0xF4,
    0x02, 0xAD, 0xE0, 0x9D, 0xB0, 0x15, 0xF7, 0x81, 0xAA, 0x65, 0x92, 0x39, 0xD3, 0x4F, 0x27, 0xE0,
    0x2E, 0xB1, 0xF2, 0x1C, 0x9F, 0xD2, 0x77, 0xF6, 0x1F, 0xF7, 0x4A, 0xE2, 0x53, 0xBD, 0xA0, 0xF4,
    0x03, 0xAB, 0x75, 0xEB, 0x55, 0xB4, 0x4E, 0xFB, 0xC2, 0x3A, 0x6A, 0xC7, 0x46, 0xE0, 0x40, 0xEF,
    0x9A, 0x0F, 0xE2, 0x1A, 0x81, 0xDC, 0xB4, 0xDB, 0x4A, 0x7F, 0xC7, 0xEE, 0xB0, 0xD4, 0xB3, 0xCC,
    0x02, 0x10, 0x61, 0x71, 0x1F, 0x55, 0x83, 0xA6, 0x36, 0xE9, 0xB0, 0x19, 0xD7, 0x96, 0xBE, 0xB8,
    0xD0, 0xF4, 0x77, 0xED, 0x2E, 0x60, 0x1E, 0x65, 0x25, 0xAB, 0xC6, 0x9A, 0x05, 0xED, 0x6E, 0x8B,
    0x29, 0x0E, 0x54, 0x1E, 0x70, 0x1A, 0x67, 0xB1, 0x95, 0xF4, 0x9F, 0x28, 0xD3, 0xCB, 0xD9, 0xF9,
    0xF6, 0x23, 0x3F, 0xF5, 0x7C, 0xDE, 0xC7, 0x17, 0xA9, 0x8E, 0x3C, 0x6F, 0x69, 0x2C, 0x16, 0x53,
    0x4E, 0xAC, 0x64, 0x45, 0x77, 0xF0, 0xE0, 0x2B, 0xAF, 0x82, 0x53, 0xDB, 0xBB, 0x9A, 0xDE, 0x73,
    0xC7, 0x99, 0x3F, 0xF5, 0xCE, 0x07, 0x9D, 0x2F, 0x9E, 0x8B, 0xF3, 0x6D, 0xA3, 0xAB, 0x00, 0xD0,
    0xFB, 0x79, 0x53, 0xA2, 0x6F, 0xF1, 0x08, 0x53, 0x7A, 0x3B, 0xBD, 0xC1, 0x4A, 0x5D, 0x07, 0xEE,
    0xAA, 0x65, 0xCC, 0x8F, 0xE6, 0x40, 0x26, 0x33, 0x3F, 0x67, 0xFC, 0x0E, 0x18, 0x5B, 0x72, 0x7F,
    0x78, 0xD9, 0xA5, 0x6A, 0x4A, 0xB5, 0x77, 0xC0, 0x8A, 0x1F, 0x02, 0x32, 0xD0, 0xD1, 0xD0, 0x09,
    0xFB, 0x97, 0x4E, 0xA0, 0x13, 0x9E, 0x07, 0x80, 0x1B, 0x8B, 0x89, 0xF3, 0xB4, 0x93, 0xEB, 0xD6,
    0x99, 0x72, 0x42, 0xC2, 0xAE, 0x22, 0x75, 0x10, 0xF6, 0x7E, 0xB1, 0xF6, 0x70, 0xCF, 0x56, 0x39,
    0x44, 0x52, 0x77, 0x16, 0xB8, 0x7F, 0x69, 0x01, 0x5A, 0x20, 0xF8, 0x99, 0xAF, 0x5B, 0xC2, 0x7E,
    0x27, 0x9D, 0x2F, 0x1C, 0x89, 0x7D, 0xC8, 0x2A, 0x9D, 0x05, 0x0B, 0xEC, 0xBA, 0xA9, 0x62, 0xD1,
    0x67, 0xE5, 0xE3, 0x53, 0xC5, 0xA0, 0x89, 0x5B, 0xB8, 0x20, 0x7B, 0x90, 0xFD, 0x25, 0x7B, 0x46,
    0xFE, 0x30, 0x2D, 0x51, 0x49, 0x65, 0x83, 0x51, 0x46, 0x84, 0x5D, 0xD6, 0xC3, 0xC7, 0xF6, 0x63,
    0xBF, 0x84, 0xF9, 0x44, 0x26, 0x87, 0x1E, 0xF3, 0xFD, 0x09, 0x73, 0xAE, 0x98, 0x93, 0x75, 0xCC,
    0x5B, 0x3E, 0x2F, 0x2C, 0x44, 0xA4, 0x5B, 0x91, 0x8F, 0x8F, 0x8F, 0x8F, 0x58, 0x9A, 0xD3, 0x88,
    0x88, 0x94, 0x4B, 0xD1, 0x63, 0x2D, 0x37, 0x9C, 0x5A, 0x7E, 0x77, 0x78, 0x78, 0x5B, 0x8F, 0x1D,
    0x96, 0x82, 0x95, 0x78, 0xCB, 0x7F, 0xA4, 0xC6, 0xFA, 0x76, 0xA2, 0xC2, 0xFF, 0xC4, 0x11, 0xA6,
    0xE0, 0xCD, 0xB7, 0x90, 0x91, 0x35, 0x2D, 0x93, 0xF1, 0xA6, 0x34, 0xE9, 0x0C, 0x79, 0x97, 0xB7,
    0x8E, 0x74, 0xDC, 0xD3, 0x33, 0x95, 0x55, 0x11, 0x91, 0xB9, 0x2C, 0x85, 0x4F, 0xF9, 0x94, 0x05,
    0x07, 0x43, 0x0E, 0x33, 0x45, 0x30, 0xDA, 0xA0, 0x8E, 0x44, 0xA4, 0x86, 0x68, 0x39, 0x33, 0x51,
    0x5A, 0x87, 0x6F, 0xAD, 0xD9, 0x84, 0x35, 0xA5, 0x85, 0x55, 0x02, 0x5F, 0xD3, 0x8D, 0x0F, 0x07,
    0xFA, 0x90, 0x64, 0x39, 0xCB, 0x7A, 0xE0, 0xAC, 0xB3, 0x8C, 0x6D, 0xA5, 0x90, 0x0A, 0xA5, 0xD6,
    0xD5, 0x6E, 0x5E, 0x3C, 0x8D, 0x2F, 0x94, 0xF8, 0x99, 0x30, 0x7E, 0xF2, 0x0C, 0x51, 0xEC, 0x95,
    0xBB, 0x40, 0xF1, 0x4F, 0x1F, 0xD6, 0xB1, 0xDD, 0x25, 0xDE, 0xC1, 0x73, 0x80, 0x79, 0x98, 0x59,
    0xF6, 0x3E, 0xFA, 0x9B, 0xDE, 0x19, 0x9A, 0xAC, 0xC3, 0x5A, 0x3C, 0x5B, 0xA3, 0x3F, 0x4F, 0xCD,
    0xB1, 0xBE, 0x22, 0xBE, 0xCF, 0x8B, 0xF0, 0x03, 0x75, 0x75, 0x38, 0x64, 0x74, 0xF9, 0x57, 0xF4,
    0x74, 0x42, 0x7B, 0x7C, 0x55, 0x47, 0x30, 0x84, 0xBA, 0xCB, 0xF7, 0x4E, 0xFE, 0x6C, 0x42, 0x58,
    0x53, 0x72, 0x70, 0x45, 0x3A, 0xBD, 0x3A, 0x20, 0x6B, 0x4A, 0x26, 0x6E, 0xEB, 0x7F, 0xAC, 0xA4,
    0x03, 0x42, 0x59, 0xD3, 0x65, 0x84, 0xD4, 0xB4, 0x86, 0x2B, 0x9D, 0x2F, 0x25, 0x1F, 0x03, 0x0F,
    0xE2, 0x5E, 0xAF, 0x69, 0xBD, 0xBC, 0x43, 0x79, 0xB3, 0x7C, 0xEC, 0xFB, 0x81, 0x5B, 0x73, 0x3E,
    0x3E, 0xBD, 0xCB, 0x5B, 0xC6, 0xFE, 0x27, 0x41, 0x25, 0x55, 0x87, 0x15, 0xE4, 0x0A, 0x82, 0x05,
    0xC9, 0x82, 0x68, 0x41, 0xB6, 0x20, 0x5C, 0x90, 0x2E, 0x64, 0x55, 0x2D, 0x7B, 0xE4, 0xD4, 0x8D,
    0xC8, 0xF7, 0xD4, 0x53, 0x76, 0x98, 0xE1, 0x38, 0x3B, 0xD0, 0x8E, 0x34, 0x51, 0xFB, 0x08, 0xF9,
    0x4C, 0xC0, 0xDE, 0x77, 0xFE, 0xD3, 0xF1, 0xFF, 0x44, 0x59, 0x17, 0x25, 0x51, 0x93, 0x34, 0x41,
    0x93, 0x33, 0x31, 0x93, 0xF2, 0xD6, 0xDF, 0xCA, 0x10, 0xF0, 0xF3, 0xBE, 0x5D, 0x3C, 0xA9, 0xF1,
    0x7D, 0x81, 0x5F, 0xCE, 0x4F, 0x1B, 0xA5, 0xB7, 0x5C, 0xD0, 0x25, 0x3A, 0x92, 0x23, 0xB8, 0x67,
    0x7E, 0x29, 0xEE, 0xF0, 0x03, 0xA6, 0xF3, 0x2B, 0xF9, 0xB4, 0x55, 0x70, 0x22, 0xFB, 0xC9, 0x5C,
    0x2F, 0xC5, 0x16, 0xE1, 0x90, 0x5A, 0x24, 0xF2, 0xE5, 0x33, 0x88, 0x67, 0x87, 0x23, 0x2C, 0x48,
    0xC4, 0x88, 0xEA, 0x7E, 0x61, 0xF9, 0x96, 0x4A, 0x48, 0x48, 0x11, 0x2F, 0xB2, 0x88, 0x17, 0xD9,
    0x4D, 0x7B, 0x36, 0x2F, 0xB2, 0x97, 0xEC, 0xF3, 0x40, 0x35, 0x33, 0xDA, 0x8F, 0x11, 0xD1, 0x9F,
    0xA5, 0x47, 0x58, 0x27, 0xCD, 0xDA, 0x94, 0xE2, 0x03, 0xCE, 0x8B, 0xD9, 0x6D, 0x7B, 0xE6, 0x50,
    0x06, 0xD3, 0x83, 0x91, 0x75, 0x9F, 0xC7, 0x7C, 0x30, 0x6A, 0x59, 0x9A, 0xCD, 0xE5, 0x54, 0xCE,
    0x43, 0xB7, 0xF5, 0x72, 0x3B, 0xFB, 0x28, 0x4E, 0x3F, 0x8B, 0xDE, 0x7E, 0x28, 0xA7, 0x9B, 0x77,
    0xF3, 0x3E, 0x62, 0x06, 0x18, 0xE1, 0xED, 0xC3, 0xD8, 0x50, 0x10, 0xF5, 0x88, 0x5A, 0x04, 0x3C,
    0x3A, 0xEE, 0xFF, 0x27, 0x7F, 0xB5, 0xF7, 0x73, 0x6D, 0xF4, 0xF3, 0x95, 0x36, 0x1A, 0xF8, 0x46,
    0xC3, 0x7B, 0x00, 0xB0, 0x7B, 0x84, 0xA4, 0xFB, 0x54, 0x7F, 0x8B, 0xF2, 0xBF, 0xFD, 0xC3, 0xDF,
    0xEB, 0xA0, 0xB0, 0x52, 0x4B, 0x5D, 0x95, 0x9F, 0xC1, 0x9E, 0x35, 0x8D, 0x69, 0x4D, 0x9B, 0xD7,
    0x3B, 0x70, 0xF1, 0x52, 0x99, 0xD7, 0xA7, 0xFD, 0x03, 0x00, 0x01, 0xF2, 0x5A, 0xCF, 0x60, 0x9A,
    0x3D, 0x0B, 0x04, 0x5F, 0x57, 0x88, 0xB8, 0x23, 0x23, 0xE0, 0x7F, 0x73, 0x90, 0x2B, 0x61, 0xA0,
    0x7A, 0x84, 0x3B, 0x82, 0x40, 0x6A, 0x84, 0x52, 0x13, 0x52, 0xD1, 0x72, 0xB9, 0x3C, 0xEF, 0x52,
    0x52, 0xEE, 0x73, 0x37, 0xC1, 0x20, 0xF8, 0x68, 0x30, 0xB5, 0xA6, 0x91, 0x5E, 0x08, 0x85, 0x29,
    0x90, 0xAA, 0xDC, 0x4C, 0x7E, 0xDB, 0xB4, 0xE7, 0x74, 0xDC, 0x74, 0x96, 0xE9, 0x9C, 0x99, 0x6B,
    0x21, 0x75, 0xED, 0xC5, 0x23, 0x5B, 0x0F, 0x5D, 0x5F, 0xB4, 0x67, 0xB9, 0xF8, 0x7E, 0xFA, 0x5E,
    0xD3, 0xC9, 0x7A, 0xDE, 0xEF, 0x5A, 0xF8, 0x60, 0xF1, 0x18, 0x95, 0x4B, 0x52, 0xAE, 0x25, 0xCB,
    0xF4, 0x2A, 0x95, 0x11, 0xCB, 0x43, 0x9E, 0x49, 0x80, 0x90, 0xFE, 0x8D, 0xE5, 0x6B, 0x55, 0x87,
    0xB4, 0xD7, 0xBF, 0x79, 0xAB, 0xD7, 0x9C, 0xA9, 0x11, 0x8E, 0xBC, 0x68, 0x05, 0x95, 0xF5, 0x5A,
    0x59, 0xC1, 0xE3, 0xCA, 0xAD, 0x96, 0x7B, 0xEA, 0x51, 0xC1, 0x89, 0xB6, 0x88, 0x06, 0xBD, 0x46,
    0x92, 0x39, 0x92, 0x11, 0xC5, 0x0C, 0x11, 0x2F, 0x10, 0x54, 0xE2, 0x6E, 0x4F, 0xB4, 0x22, 0x91,
    0xAC, 0x75, 0xBF, 0xF2, 0xBD, 0x5E, 0xAA, 0x5D, 0xE9, 0xF9, 0x6D, 0xAC, 0xAC, 0xDC, 0xC4, 0xD2,
    0xB1, 0x0C, 0x09, 0x13, 0xA6, 0x64, 0x5A, 0xA6, 0xC2, 0x32, 0xDD, 0x5D, 0xAE, 0x29, 0x9C, 0x77,
    0x0B, 0xC4, 0x52, 0x2E, 0x8A, 0x12, 0x7E, 0x53, 0x15, 0x31, 0x95, 0xAD, 0x90, 0xA3, 0xAF, 0xC7,
    0x2B, 0xDB, 0xEB, 0x03, 0x46, 0x6C, 0x99, 0xB2, 0x86, 0xC9, 0x30, 0xD1, 0x08, 0x7E, 0x26, 0x7C,
    0x2D, 0x99, 0xD1, 0x2D, 0x71, 0xC3, 0xAA, 0xFE, 0xDA, 0xB9, 0xC2, 0x8D, 0xF6, 0x37, 0x73, 0x1E,
    0xE4, 0x16, 0xB5, 0x5F, 0xC6, 0xEB, 0x60, 0x9C, 0x77, 0x03, 0x84, 0xD4, 0xB4, 0x5C, 0x7E, 0x2B,
    0x56, 0xB9, 0x76, 0x01, 0x5C, 0xE1, 0x74, 0xF4, 0x06, 0x97, 0x74, 0xE4, 0x07, 0x25, 0x10, 0xF1,
    0x14, 0xE9, 0x5F, 0xF5, 0x6D, 0x53, 0x8E, 0xBA, 0x11, 0xD7, 0x79, 0x0D, 0xBA, 0xAB, 0x70, 0x4B,
    0xED, 0xE1, 0x52, 0xD8, 0x32, 0x39, 0x07, 0x68, 0x07, 0x18, 0xE2, 0x92, 0xA9, 0x69, 0x8F, 0xD4,
    0x55, 0x20, 0x72, 0x35, 0xAF, 0x2F, 0xBC, 0x3D, 0xA8, 0x61, 0xE3, 0xEB, 0xA6, 0x27, 0x5D, 0x59,
    0x22, 0x66, 0xDB, 0x57, 0x58, 0xB3, 0x1B, 0x2C, 0x99, 0x94, 0x38, 0xB3, 0x26, 0x79, 0xED, 0x88,
    0xA9, 0x1A, 0x98, 0x0A, 0x59, 0xFF, 0x54, 0xA4, 0xC6, 0xEE, 0x1E, 0x12, 0x3B, 0x93, 0xC4, 0x97,
    0x26, 0x71, 0xA5, 0xFB, 0xFF, 0x7B, 0xAA, 0x66, 0xA4, 0x0A, 0x98, 0xAC, 0xFF, 0x2C, 0xBD, 0x12,
    0x09, 0xED, 0x31, 0xE3, 0x3D, 0xA4, 0x3D, 0xA3, 0xF6, 0xD8, 0xBB, 0x17, 0x6B, 0x36, 0x5C, 0x07,
    0x84, 0x08, 0x27, 0xE4, 0xFD, 0x1D, 0xFA, 0xE1, 0x28, 0x3C, 0xC2, 0xE6, 0xCF, 0x91, 0x2A, 0xEA,
    0xA5, 0x3D, 0x76, 0x6D, 0xA8, 0x47, 0x3E, 0x4A, 0xEB, 0xA9, 0xB0, 0xC1, 0x50, 0xE9, 0xE6, 0x5F,
    0xEE, 0xCE, 0xB0, 0x88, 0x2B, 0xD4, 0x1B, 0xC0, 0x19, 0xBF, 0x87, 0x30, 0x3C, 0xD6, 0x82, 0x1A,
    0xF8, 0x39, 0x67, 0xAB, 0x29, 0xFB, 0x88, 0xFB, 0x1B, 0xCB, 0x0A, 0x7D, 0xC1, 0x9B, 0x05, 0x1B,
    0x46, 0xB8, 0x7C, 0xDE, 0xD8, 0x0E, 0x6F, 0x3C, 0x83, 0x67, 0x15, 0x58, 0x97, 0x82, 0x0E, 0x6B,
    0x33, 0x15, 0x22, 0xF6, 0xD3, 0x5A, 0x76, 0x09, 0x87, 0xD3, 0x8F, 0x97, 0x84, 0x0B, 0x39, 0x53,
    0x06, 0x33, 0x7D, 0x34, 0x3A, 0x23, 0x05, 0x83, 0x63, 0xF2, 0xD1, 0xDC, 0x21, 0x92, 0x6E, 0xF2,
    0x52, 0xE3, 0xCD, 0x04, 0xBA, 0xA9, 0x6A, 0x31, 0xD9, 0x09, 0x93, 0x9F, 0x30, 0xC1, 0xC7, 0xE4,
    0x05, 0x4C, 0xD6, 0xC0, 0xE4, 0x14, 0x97, 0x03, 0x41, 0x55, 0x7E, 0x72, 0xF6, 0xDB, 0xFD, 0xFE,
    0xFE, 0x78, 0x7F, 0x3E, 0x7F, 0xFE, 0xC9, 0x5D, 0x98, 0xEC, 0x85, 0xC9, 0x5F, 0xF0, 0x06, 0xF3,
    0x0E, 0xF3, 0x16, 0xF3, 0x1E, 0xF3, 0x26, 0xDB, 0x70, 0x19, 0xB7, 0x85, 0x24, 0xC0, 0x31, 0xB9,
    0xB5, 0x7E, 0xB6, 0xEF, 0xEB, 0x34, 0xE7, 0xA3, 0xDF, 0x55, 0x2A, 0x26, 0x4D, 0x3B, 0x75, 0x4D,
    0xDA, 0xAA, 0x6B, 0xF2, 0x5A, 0x5D, 0x23, 0xA5, 0xBA, 0x46, 0xA6, 0xCE, 0xE5, 0x64, 0xFE, 0xB4,
    0x5C, 0x13, 0xC2, 0x45, 0x52, 0xBB, 0x9C, 0xB7, 0xEB, 0x56, 0x88, 0x86, 0x25, 0xF0, 0xC3, 0x69,
    0x78, 0xC2, 0x03, 0x2E, 0xBD, 0xB0, 0x88, 0x88, 0xAF, 0xD3, 0xC6, 0x99, 0x60, 0x73, 0x12, 0x5B,
    0x72, 0x73, 0xA9, 0xFC, 0xC3, 0x2D, 0xF6, 0x02, 0x6E, 0x63, 0x75, 0x11, 0x83, 0x0F, 0xEC, 0xAB,
    0xCB, 0x18, 0xF0, 0xD9, 0xB4, 0xCE, 0x0B, 0x85, 0x85, 0x4C, 0x8F, 0xEE, 0xCC, 0x2F, 0x5C, 0x7A,
    0xE1, 0xDF, 0xAE, 0x75, 0xD0, 0x05, 0x77, 0xA1, 0xFA, 0xCA, 0x56, 0xBA, 0xC0, 0x47, 0xD2, 0xC4,
    0x96, 0xB0, 0xC7, 0xB7, 0x6B, 0x2C, 0xA6, 0xA4, 0x08, 0xFA, 0x7C, 0x20, 0xFD, 0x6F, 0x05, 0x47,
    0x8E, 0x3A, 0x2E, 0xEF, 0x04, 0x9A, 0x6C, 0x00, 0x20, 0xEB, 0x93, 0x5A, 0x37, 0xA9, 0x09, 0xC6,
    0x4A, 0x00, 0x74, 0x71, 0xBF, 0x7A, 0xF1, 0x50, 0xB7, 0x96, 0xFB, 0xE1, 0xE3, 0x3C, 0x2F, 0xB9,
    0x6E, 0xCC, 0x2A, 0x51, 0x4D, 0x59, 0xCA, 0xC7, 0xB2, 0xC5, 0xC6, 0xD4, 0x72, 0xFB, 0xB9, 0x9F,
    0x76, 0xDE, 0xC8, 0xD6, 0x93, 0x99, 0x6A, 0xFA, 0xB4, 0xB4, 0xD4, 0x5A, 0x15, 0x4E, 0x6B, 0xFF,
    0xCB, 0xC3, 0xBC, 0x55, 0xC6, 0x45, 0x93, 0xF6, 0x80, 0xD4, 0x89, 0xD8, 0xCF, 0x8A, 0xD5, 0xD1,
    0x0D, 0x1C, 0xDD, 0x6C, 0xF1, 0x4D, 0xF1, 0x37, 0xDE, 0xC7, 0x22, 0x02, 0x6A, 0x5E, 0xAB, 0x9A,
    0x96, 0xDA, 0x51, 0x1B, 0xD5, 0x3D, 0x0B, 0x1C, 0xEB, 0x13, 0xB8, 0x00, 0x59, 0xFB, 0xA9, 0xA5,
    0xB2, 0x27, 0x52, 0xD4, 0xFC, 0xA1, 0xE1, 0x89, 0xE4, 0x3D, 0x72, 0xF7, 0xA3, 0xC2, 0x48, 0x45,
    0x3B, 0x79, 0x8F, 0x3F, 0x2A, 0xDC, 0xFC, 0x56, 0x91, 0xB2, 0xFE, 0xAD, 0xE2, 0x8B, 0xA0, 0xDF,
    0xD9, 0x5B, 0xE1, 0xDB, 0xB7, 0xA8, 0x01, 0x35, 0x21, 0xC7, 0xB4, 0xA1, 0x5A, 0xD5, 0x1D, 0x30,
    0xCE, 0x34, 0xAF, 0x7C, 0x50, 0x51, 0xE7, 0xBD, 0xC8, 0xCB, 0x3C, 0x2F, 0xA7, 0xE1, 0x84, 0x83,
    0xFF, 0x87, 0xB7, 0x01, 0x8B, 0x83, 0x67, 0xC5, 0xED, 0x05, 0x30, 0xEE, 0xBA, 0x24, 0xAB, 0x33,
    0xE5, 0x64, 0xC6, 0x94, 0x37, 0x9C, 0x4E, 0x19, 0x8B, 0x60, 0x04, 0x3E, 0x07, 0x26, 0x70, 0x08,
    0x6E, 0x7E, 0x48, 0x3C, 0xD2, 0xB3, 0x72, 0xD2, 0x32, 0x8D, 0x96, 0x69, 0x86, 0xA7, 0x97, 0xC8,
    0x0A, 0xC5, 0x94, 0xC8, 0x0C, 0x0E, 0x1A, 0x1C, 0x35, 0x38, 0x6C, 0x70, 0xDC, 0xE0, 0xC0, 0x79,
    0x72, 0x0E, 0x9D, 0x67, 0xE7, 0x23, 0x5E, 0x99, 0x0D, 0x1B, 0xAA, 0xD8, 0xC5, 0xC8, 0xE3, 0x19,
    0xB5, 0x51, 0x8F, 0x07, 0x56, 0x55, 0x4B, 0xD7, 0xBB, 0xCA, 0x29, 0xCC, 0xAA, 0x53, 0x18, 0xD2,
    0xA8, 0x8E, 0x20, 0x98, 0x27, 0xA0, 0x64, 0x0B, 0xC2, 0x05, 0xE9, 0x82, 0x78, 0x41, 0xBE, 0x88,
    0xA8, 0x8E, 0xB0, 0x47, 0x6C, 0xFF, 0xD5, 0xBF, 0xF2, 0xB6, 0xAB, 0x8C, 0x93, 0x8E, 0x70, 0xC3,
    0xFA, 0xE2, 0x30, 0x7E, 0x9D, 0x5A, 0x39, 0x5D, 0x7C, 0xB1, 0xE3, 0xCD, 0x1F, 0xBA, 0x6A, 0x3D,
    0x20, 0xDD, 0xAB, 0x5B, 0xCC, 0xF8, 0x45, 0xF8, 0xBB, 0xEB, 0xF2, 0xF6, 0x8A, 0x5B, 0x2E, 0x05,
    0x2E, 0x25, 0x3D, 0x19, 0xA7, 0x0D, 0xE1, 0xA6, 0x96, 0x69, 0xE7, 0x22, 0x30, 0xCE, 0x07, 0xAA,
    0x58, 0xF8, 0xFB, 0x30, 0xF2, 0xD2, 0xB9, 0x9F, 0x1E, 0x57, 0xAE, 0x61, 0xA7, 0x1A, 0x1C, 0x6D,
    0x25, 0x5D, 0x17, 0x61, 0x8F, 0x06, 0xCA, 0xE6, 0xC7, 0x4A, 0xD9, 0x70, 0x16, 0x84, 0xF7, 0x12,
    0xB1, 0xB8, 0x8D, 0x2B, 0x78, 0x87, 0x3C, 0x71, 0x21, 0x6E, 0xCF, 0x6E, 0xF5, 0xB2, 0x6A, 0x6E,
    0xF8, 0xFF, 0x95, 0x46, 0xF2, 0x77, 0xE9, 0x81, 0xA4, 0xCC, 0x9B, 0xD5, 0x65, 0x40, 0xEA, 0xD6,
    0x02, 0xBD, 0x4D, 0xBD, 0x38, 0xD0, 0x7C, 0x04, 0x2E, 0xE5, 0x35, 0x93, 0x69, 0x5D, 0xEA, 0x5C,
    0x6A, 0xE0, 0xA7, 0xB1, 0x8C, 0xB3, 0x43, 0x93, 0xB3, 0x5F, 0xDF, 0xC9, 0x78, 0xF0, 0xEA, 0xDF,
    0xC1, 0x11, 0xF5, 0x80, 0x8A, 0x61, 0xED, 0x31, 0x8B, 0x0F, 0x7E, 0x2C, 0xF1, 0xCA, 0xFE, 0x98,
    0xD2, 0x55, 0xAC, 0x07, 0xAB, 0x0E, 0x48, 0xA9, 0x15, 0x0B, 0x84, 0x4F, 0x87, 0xD1, 0xC0, 0x87,
    0xC3, 0x64, 0xAE, 0xAF, 0x14, 0x5C, 0x28, 0x64, 0x04, 0x29, 0x79, 0xF2, 0xA2, 0xD6, 0x57, 0x30,
    0x5D, 0x20, 0xD0, 0xED, 0xBA, 0x17, 0x92, 0x39, 0xA7, 0xDC, 0xD1, 0x98, 0x71, 0x16, 0x2A, 0x3C,
    0x2D, 0x2A, 0xA9, 0x17, 0xDF, 0x4C, 0xB2, 0xAA, 0xEC, 0xD9, 0x9C, 0x29, 0xEE, 0x9F, 0x78, 0x0A,
    0xCA, 0xE5, 0xAA, 0x12, 0xBB, 0xE3, 0x27, 0x26, 0x95, 0x75, 0xD3, 0x12, 0x6E, 0xA0, 0x86, 0x16,
    0x9B, 0xC1, 0xE1, 0x89, 0x62, 0x0A, 0x46, 0x1D, 0x71, 0x38, 0x20, 0xE3, 0x8D, 0x3C, 0xA5, 0x26,
    0x33, 0x6D, 0x27, 0xE6, 0x0B, 0xF7, 0x66, 0x38, 0xA8, 0x42, 0x90, 0x35, 0xAA, 0xB9, 0x56, 0xA7,
    0x34, 0xB5, 0x9E, 0xC8, 0x94, 0xDA, 0x60, 0xA5, 0xE3, 0x6D, 0x85, 0x3C, 0xF8, 0x14, 0xF3, 0x48,
    0x07, 0x1F, 0x89, 0x6A, 0x40, 0x57, 0x43, 0x3A, 0x62, 0x68, 0x97, 0xEC, 0x72, 0xAA, 0xB1, 0xDC,
    0xBA, 0xB8, 0x8E, 0xF7, 0xB3, 0x5E, 0xF7, 0xE3, 0xEE, 0x15, 0xAF, 0x84, 0x3B, 0x3D, 0x8F, 0xAC,
    0xC9, 0x5E, 0x9D, 0x1F, 0x8A, 0xF6, 0x97, 0x00, 0x7B, 0x45, 0xA2, 0x7D, 0x65, 0xDF, 0xC7, 0x09,
    0xA0, 0x6B, 0xA1, 0xAA, 0x79, 0x2D, 0x9A, 0x06, 0xC2, 0x75, 0x59, 0x02, 0x4C, 0xFB, 0x98, 0x00,
    0xE7, 0x34, 0x4E, 0x28, 0x6E, 0xDE, 0x22, 0x55, 0xCD, 0x36, 0x9C, 0xB7, 0xCC, 0x1A, 0xC0, 0xA4,
    0x7F, 0xD2, 0x69, 0x23, 0x2C, 0x35, 0x9E, 0xF9, 0x66, 0x37, 0x5B, 0x0F, 0xEE, 0x01, 0x78, 0xAD,
    0x04, 0x8E, 0x8D, 0x4E, 0x33, 0xF3, 0x06, 0xE1, 0x90, 0xB5, 0x1C, 0x86, 0x8A, 0x12, 0x8B, 0x7B,
    0x24, 0x33, 0xF2, 0x52, 0x5C, 0x6D, 0x30, 0x2A, 0x2D, 0xC2, 0xAA, 0xAC, 0xA9, 0x61, 0x4A, 0x63,
    0x61, 0xEA, 0x8A, 0x8F, 0x3B, 0x13, 0xA7, 0xF8, 0x2F, 0x73, 0xA5, 0xD4, 0x03, 0x21, 0x21, 0xB9,
    0xA2, 0xB7, 0x9E, 0x90, 0x29, 0xFD, 0xAF, 0xD5, 0x84, 0x25, 0x0B, 0xE6, 0xDF, 0xBE, 0x33, 0x8B,
    0xA4, 0x72, 0x4F, 0x44, 0x36, 0x1C, 0xEF, 0x3C, 0x04, 0x7E, 0xE5, 0x7F, 0x76, 0x8E, 0x62, 0x60,
    0x32, 0x02, 0xFF, 0xCB, 0x73, 0xBE, 0x4B, 0x0D, 0x85, 0x29, 0xEA, 0x5D, 0x6A, 0x99, 0x02, 0x0B,
    0xC6, 0xB9, 0xC4, 0x1B, 0x4B, 0xA9, 0xD2, 0xF9, 0x55, 0xE0, 0x58, 0x25, 0x57, 0x61, 0x59, 0xAF,
    0x2F, 0x7E, 0xEC, 0xB6, 0x05, 0x60, 0x81, 0x13, 0xB0, 0x40, 0x25, 0x5A, 0x5D, 0x2D, 0x92, 0x82,
    0xE5, 0xB2, 0xCF, 0x01, 0xAB, 0xD8, 0xDC, 0xE7, 0x80, 0xF4, 0x7C, 0x48, 0x7F, 0xCF, 0x93, 0x25,
    0x9C, 0x0C, 0x6E, 0xC6, 0xF9, 0x24, 0xCA, 0xC5, 0x5D, 0xAE, 0xED, 0x72, 0x69, 0x77, 0xAC, 0xC4,
    0x2D, 0xEC, 0xAE, 0xC7, 0x36, 0xC3, 0xFC, 0x07, 0xA5, 0x92, 0xC1, 0x6D, 0xDC, 0x30, 0x10, 0x45,
    0xBF, 0x24, 0x20, 0x02, 0xAC, 0x03, 0xEF, 0xB9, 0xA8, 0x82, 0x40, 0x15, 0xD8, 0x14, 0x90, 0xB6,
    0x92, 0x90, 0x25, 0xB8, 0x20, 0xDB, 0x62, 0x3A, 0x60, 0x09, 0x2A, 0x81, 0x07, 0x1E, 0x14, 0x40,
    0x2B, 0xE6, 0x7F, 0x43, 0x6B, 0x26, 0x01, 0x62, 0x04, 0x9B, 0x11, 0x76, 0x34, 0x1C, 0xFE, 0xF7,
    0x39, 0x22, 0xD6, 0x16, 0x46, 0xFA, 0x23, 0x9F, 0xB1, 0xDF, 0x58, 0x76, 0x8F, 0x7D, 0x36, 0x69,
    0x5C, 0xA7, 0x60, 0xF9, 0xB8, 0xE0, 0xBC, 0x0B, 0x26, 0xF3, 0x49, 0xAF, 0xCF, 0x3A, 0x46, 0xEE,
    0x78, 0x87, 0x8F, 0xA8, 0x5D, 0xAA, 0xCF, 0x5E, 0xF7, 0xD8, 0xF9, 0x3E, 0x0F, 0xEA, 0x46, 0x75,
    0x4F, 0x17, 0x6F, 0xC3, 0x32, 0x3B, 0xFD, 0x7C, 0xE1, 0xBB, 0xCC, 0x26, 0x8F, 0xE9, 0x4A, 0x8B,
    0x7F, 0xFD, 0xAD, 0x53, 0x1C, 0xA3, 0x15, 0xE3, 0xE5, 0xE6, 0x50, 0xE8, 0xF8, 0x09, 0x55, 0x3B,
    0x9E, 0xDA, 0xA9, 0x7A, 0x7B, 0x37, 0x5F, 0x75, 0x68, 0x37, 0xFC, 0x73, 0x72, 0xA5, 0x94, 0x58,
    0xD3, 0x7B, 0xE2, 0xDB, 0x53, 0x93, 0x7F, 0x4B, 0x48, 0x35, 0xE1, 0xFF, 0xC7, 0xBD, 0x05, 0xBB,
    0x7D, 0xDC, 0xF6, 0x80, 0x29, 0xD1, 0x96, 0xE4, 0xCA, 0xB6, 0x94, 0xBD, 0x94, 0x9D, 0x99, 0x35,
    0x3B, 0xEC, 0x73, 0x77, 0x9A, 0xD1, 0x66, 0xF0, 0xE5, 0x22, 0xFA, 0x0B, 0xE0, 0x62, 0x59, 0x61,
    0x0E, 0xA0, 0xAC, 0x6F, 0xC5, 0xB9, 0xB5, 0xC4, 0x37, 0x31, 0x6B, 0xC0, 0x24, 0x28, 0xFA, 0xB2,
    0xB3, 0x15, 0xA1, 0x18, 0x4B, 0x01, 0xAC, 0x87, 0xC2, 0xC6, 0x85, 0x3A, 0x40, 0xE1, 0x30, 0x05,
    0xD0, 0x4B, 0xF1, 0x02, 0x13, 0x3A, 0x22, 0x8A, 0x0B, 0x4C, 0xEC, 0x73, 0xAD, 0x4D, 0xAA, 0xF5,
    0x14, 0x6B, 0x6D, 0x43, 0x65, 0x17, 0x54, 0xCF, 0xD3, 0x52, 0x67, 0x7D, 0x3E, 0x2D, 0x35, 0x43,
    0x9F, 0x3F, 0x70, 0x67, 0xF8, 0xA1, 0xD9, 0x4C, 0xB2, 0x25, 0xC2, 0x95, 0x80, 0x25, 0x8E, 0xB1,
    0x94, 0xDC, 0x94, 0x92, 0x84, 0x7C, 0x3F, 0xFA, 0xBD, 0xBB, 0x0C, 0x3A, 0x7D, 0xE9, 0x36, 0x5C,
    0xFA, 0xD4, 0xCA, 0xE2, 0xE8, 0x12, 0x5E, 0x86, 0x15, 0xAC, 0xDB, 0xBD, 0x4F, 0x70, 0x26, 0xE2,
    0x02, 0xF4, 0x5B, 0xAD, 0x4D, 0xAA, 0xF5, 0x18, 0x6B, 0x6D, 0x43, 0x65, 0x97, 0xB9, 0x7A, 0x1E,
    0x68, 0xAE, 0x67, 0x69, 0x79, 0xCE, 0x40, 0x4B, 0xE0, 0x3A, 0x9B, 0x3E, 0xBC, 0xD7, 0xCC, 0xB2,
    0x8F, 0xBA, 0x2D, 0xAB, 0xAF, 0xC5, 0xAE, 0x0B, 0xA7, 0xEB, 0x40, 0x89, 0xC7, 0x04, 0xDC, 0x43,
    0x02, 0x1B, 0x28, 0x71, 0xC4, 0x71, 0x50, 0xD6, 0xEC, 0x14, 0x76, 0x99, 0xD2, 0x7E, 0xA5, 0xD8,
    0x04, 0xCA, 0x47, 0x4F, 0xC0, 0x82, 0xC8, 0x57, 0x41, 0xDB, 0x89, 0x2D, 0x10, 0x48, 0x4A, 0x68,
    0xBB, 0x0B, 0x16, 0x29, 0x9C, 0x73, 0xCB, 0x80, 0xB4, 0x2C, 0xA6, 0x59, 0x26, 0x72, 0x90, 0xCD,
    0x17, 0xC8, 0x48, 0x2E, 0xB4, 0x6A, 0x12, 0xE9, 0x40, 0x3B, 0x0C, 0x09, 0x84, 0x75, 0xFC, 0xB3,
    0x0C, 0x41, 0x88, 0x78, 0x1F, 0xD1, 0x26, 0x1B, 0x0E, 0x50, 0xE2, 0x40, 0x91, 0xF5, 0x94, 0x99,
    0x40, 0xE1, 0xB0, 0x52, 0xDA, 0x89, 0x6F, 0x36, 0xC9, 0x9F, 0x40, 0xE0, 0x01, 0x44, 0x46, 0x10,
    0x32, 0x9E, 0x18, 0x1D, 0xC9, 0x71, 0x36, 0x81, 0x17, 0x88, 0x74, 0x10, 0x6A, 0x67, 0xB1, 0xF4,
    0x21, 0x3C, 0x44, 0xD1, 0x74, 0x22, 0xDE, 0x64, 0xF1, 0x78, 0x82, 0x0C, 0xEE, 0x71, 0x07, 0xF2,
    0x1A, 0x70, 0x99, 0x9B, 0x82, 0x8E, 0x3E, 0x1B, 0xC6, 0x04, 0x1B, 0xB1, 0x04, 0x66, 0xD6, 0xEC,
    0xA8, 0xCF, 0x5D, 0x6A, 0xCE, 0x4F, 0xB9, 0x13, 0xC7, 0x13, 0x26, 0xAE, 0x7E, 0x15, 0x14, 0x2F,
    0xC6, 0x8A, 0x67, 0x7D, 0x35, 0xA4, 0x86, 0x4A, 0xEA, 0x49, 0x29, 0x64, 0xC2, 0x70, 0x50, 0x1C,
    0x4A, 0xED, 0xAE, 0xDC, 0x6D, 0xCA, 0x43, 0x52, 0x1E, 0x23, 0xAA, 0x70, 0x7E, 0x47, 0x68, 0x6E,
    0x17, 0x16, 0xA5, 0xE6, 0x2F, 0xC2, 0x49, 0x42, 0x2D, 0xAC, 0x3F, 0xB8, 0x3B, 0x85, 0x45, 0x7F,
    0x70, 0x58, 0x5C, 0xBA, 0x4C, 0xC5, 0x4B, 0xBB, 0x0D, 0x69, 0x0C, 0xD8, 0x75, 0xC7, 0x76, 0x6E,
    0xF3, 0x10, 0x27, 0xFF, 0x0D, 0xAF, 0x2B, 0xEC, 0x18, 0xC2, 0x34, 0x3F, 0x37, 0x19, 0xC6, 0x3F,
    0x60, 0xEB, 0x12, 0x26, 0x3C, 0x35, 0xA9, 0x0F, 0xB8, 0x47, 0xEE, 0x56, 0xE3, 0xF1, 0x13, 0xA4,
    0xD1, 0x01, 0x86, 0x1C, 0x41, 0x14, 0xC6, 0xF1, 0x7F, 0x75, 0xD8, 0xC5, 0x60, 0x02, 0x40, 0x50,
    0xB0, 0x00, 0x51, 0x10, 0x00, 0xFB, 0x2A, 0x27, 0xCA, 0x09, 0x32, 0xDD, 0x47, 0xC8, 0x11, 0x72,
    0x91, 0xD9, 0xEA, 0x23, 0xEC, 0x11, 0x06, 0x02, 0xC0, 0x60, 0xD0, 0xA8, 0xEE, 0x2F, 0xEF, 0x29,
    0x22, 0x08, 0x10, 0xE5, 0x47, 0xEB, 0xFA, 0x5E, 0xA9, 0xFE, 0x9A, 0xF6, 0x83, 0x93, 0x36, 0xB2,
    0x76, 0x6C, 0x15, 0x33, 0x56, 0xDF, 0x28, 0xCB, 0x95, 0xBC, 0xEC, 0xE4, 0x35, 0xC4, 0x73, 0xBC,
    0x8B, 0xBD, 0xC8, 0x44, 0x36, 0x66, 0x92, 0xCF, 0x92, 0x3A, 0x3C, 0xBB, 0xEC, 0x2E, 0x6E, 0xEB,
    0x7C, 0xB8, 0x77, 0xCE, 0x6B, 0xA7, 0xD0, 0xB9, 0x38, 0x49, 0x6B, 0x08, 0xD0, 0xF9, 0xDB, 0xB3,
    0x0E, 0xC2, 0x29, 0xAC, 0x10, 0xCE, 0x47, 0xE5, 0xAC, 0x87, 0xDB, 0xE1, 0x49, 0x80, 0xB9, 0x52,
    0xC1, 0xEA, 0x0B, 0x0D, 0xD3, 0xEE, 0x36, 0x3E, 0x69, 0x81, 0x74, 0x85, 0x72, 0x90, 0xE2, 0x9C,
    0x98, 0x5B, 0xA1, 0xB4, 0x5B, 0x64, 0x98, 0x25, 0x2E, 0x75, 0x5E, 0x2E, 0xE4, 0xB0, 0x1A, 0x65,
    0xB1, 0x75, 0xAE, 0x59, 0xE2, 0xA4, 0x0E, 0xED, 0x3D, 0x32, 0xCB, 0xA0, 0x0A, 0x6F, 0x90, 0x3A,
    0xFE, 0x01, 0x70, 0xBA, 0x31, 0x0E, 0xAB, 0x60, 0xC4, 0x16, 0xF4, 0xB1, 0x3D, 0x6D, 0x1E, 0x79,
    0x8C, 0x58, 0x74, 0x70, 0x56, 0xA7, 0xE8, 0xC0, 0x6A, 0xE3, 0x15, 0x8B, 0x45, 0xF9, 0x15, 0x1D,
    0x3D, 0xDC, 0x8E, 0x7D, 0x15, 0xDF, 0x19, 0x9D, 0x36, 0xBF, 0x8F, 0x69, 0x74, 0x38, 0xE9, 0x46,
    0x52, 0xCC, 0x6F, 0xE3, 0xBE, 0x3E, 0x7F, 0xC5, 0xAA, 0xE7, 0x6A, 0xAB, 0x25, 0x72, 0x35, 0xBB,
    0x49, 0x0D, 0x98, 0x61, 0xDA, 0xE1, 0x5B, 0x64, 0x6F, 0x14, 0x55, 0xCA, 0x4F, 0xF8, 0xEF, 0xFF,
    0x57, 0x92, 0xB2, 0xA4, 0xD6, 0xBE, 0x18, 0xFF, 0x58, 0x4F, 0x5A, 0x28, 0x7A, 0xD0, 0xD4, 0x79,
    0x4D, 0x3B, 0x1F, 0xB9, 0x32, 0x8A, 0xD8, 0x46, 0x01, 0x79, 0x85, 0x16, 0x9D, 0x8C, 0xCA, 0xF2,
    0x02, 0x26, 0xFD, 0x11, 0xF3, 0xA6, 0xBB, 0xEB, 0x7C, 0x8E, 0xF2, 0x70, 0x53, 0x27, 0xE9, 0xEE,
    0xDE, 0x5D, 0x9C, 0x75, 0x00, 0x16, 0x78, 0x49, 0x62, 0xD6, 0x4E, 0xFB, 0x3D, 0x48, 0xFC, 0x0E,
    0x70, 0xFA, 0x1A, 0x4D, 0x5F, 0x00, 0x8D, 0xD2, 0x81, 0x85, 0xC4, 0x40, 0x14, 0xC6, 0xF1, 0x7F,
    0x92, 0xB3, 0xC1, 0x61, 0x0B, 0x58, 0xA4, 0x84, 0x94, 0x90, 0x74, 0x96, 0x29, 0x61, 0x1B, 0x3A,
    0xC9, 0x75, 0x90, 0x0E, 0x6E, 0x71, 0x05, 0x04, 0xC1, 0x2E, 0x99, 0xF9, 0xCE, 0x47, 0xC8, 0x38,
    0xC1, 0xC2, 0x0F, 0xF3, 0xDE, 0xFB, 0x26, 0xCF, 0x04, 0x8A, 0x31, 0xF5, 0xD0, 0x48, 0x13, 0x8C,
    0xB6, 0xD4, 0xFD, 0x12, 0xA8, 0x23, 0xC0, 0x75, 0xB5, 0xCD, 0xC3, 0x76, 0x33, 0x76, 0x32, 0x92,
    0xD6, 0xCC, 0x05, 0xC6, 0x1E, 0x4E, 0x74, 0x75, 0xCA, 0x0C, 0x7B, 0xC2, 0x6E, 0x3B, 0xDB, 0x66,
    0x39, 0xEE, 0xF2, 0xBD, 0x50, 0x6A, 0x2E, 0x66, 0x18, 0x1D, 0x4D, 0x63, 0xF1, 0x77, 0x0E, 0x72,
    0x50, 0x6E, 0x1E, 0x77, 0xEA, 0xF7, 0x62, 0x7F, 0x9E, 0x56, 0xAB, 0x4D, 0xC0, 0x45, 0x5E, 0x69,
    0xF0, 0x7C, 0x25, 0x5B, 0x46, 0xF7, 0x13, 0xDE, 0xEE, 0x7F, 0xED, 0xFD, 0x96, 0x73, 0xB9, 0xE9,
    0x17, 0x0A, 0x49, 0x3D, 0x48, 0x8E, 0x78, 0x31, 0x38, 0x93, 0xCF, 0xCD, 0x56, 0x96, 0xF2, 0xD0,
    0x27, 0x67, 0x3B, 0x56, 0x0A, 0x40, 0x1B, 0x71, 0xDC, 0xE2, 0x79, 0x1F, 0xD0, 0x6D, 0x70, 0xD2,
    0x5F, 0x3F, 0x71, 0xCB, 0xFA, 0xDF, 0x7A, 0x83, 0x0F, 0x67, 0x15, 0x5F, 0x20, 0x29, 0x41, 0x2B,
    0x45, 0x28, 0xFD, 0x0B, 0x74, 0xF2, 0x6C, 0x66, 0x80, 0xDB, 0x06, 0x80, 0x38, 0x5E, 0xB5, 0x0B,
    0xB8, 0x9A, 0xB0, 0x11, 0xEB, 0x26, 0x86, 0x60, 0x65, 0xEA, 0x84, 0x9F, 0x6B, 0xC3, 0xD5, 0x07,
    0xB6, 0xB7, 0x77, 0xA0, 0x5D, 0x8E, 0xF5, 0xCB, 0x3D, 0x77, 0xB2, 0xDD, 0x62, 0xAF, 0x9B, 0xAD,
    0x92, 0x2D, 0x3C, 0x05, 0xC3, 0x6C, 0xDB, 0xBC, 0x1C, 0xE1, 0x0F, 0xAD, 0x92, 0x21, 0x8C, 0xD4,
    0x40, 0x14, 0x86, 0xBF, 0xDD, 0x09, 0xA9, 0xA8, 0x98, 0x33, 0xE8, 0xAE, 0xC4, 0xD5, 0x27, 0xEC,
    0x75, 0xBC, 0xC2, 0x10, 0x2C, 0xDE, 0x9C, 0x4F, 0x2E, 0x77, 0xE3, 0x0D, 0xDE, 0xA1, 0x4F, 0x23,
    0x10, 0x90, 0xD6, 0x9B, 0xAB, 0x37, 0xD4, 0xAB, 0x0A, 0x48, 0x2A, 0xCA, 0x0E, 0x99, 0xF9, 0xDF,
    0x08, 0x30, 0x77, 0x09, 0x37, 0xC9, 0xBE, 0xBF, 0x79, 0xAF, 0xDB, 0xBE, 0xFF, 0xFF, 0xCA, 0x21,
    0x50, 0x8E, 0x37, 0xED, 0x25, 0x7C, 0x97, 0xB8, 0x5D, 0xDA, 0xFD, 0x7A, 0x9F, 0x0F, 0x63, 0x2A,
    0x67, 0xAA, 0xEA, 0x7F, 0x6A, 0x7E, 0xB4, 0xFB, 0xB8, 0x33, 0xED, 0x4C, 0x9B, 0x28, 0x6D, 0xED,
    0x1D, 0xC3, 0x04, 0xE3, 0xCA, 0x21, 0x6D, 0x34, 0xE9, 0x42, 0xF7, 0xE3, 0x3E, 0x5E, 0xFB, 0x76,
    0x3A, 0x79, 0x22, 0x1E, 0x5E, 0xF0, 0xA7, 0xF3, 0xD1, 0xF4, 0xD6, 0x74, 0x30, 0xED, 0x26, 0xDB,
    0x6B, 0xE5, 0x75, 0x76, 0xF6, 0xE1, 0x37, 0xC9, 0x3C, 0x99, 0xC6, 0xBF, 0x02, 0xF0, 0x8B, 0xB4,
    0x0F, 0xD2, 0xB3, 0x84, 0x2F, 0xF0, 0xD2, 0x7B, 0x9F, 0x3C, 0xE1, 0xEC, 0x9B, 0xB9, 0x7F, 0xBC,
    0x89, 0x6D, 0xBA, 0x70, 0x4C, 0x5B, 0xCE, 0x4C, 0xD9, 0x75, 0xA1, 0x64, 0x29, 0x6E, 0xEF, 0x2A,
    0xB8, 0xAF, 0x95, 0xDC, 0x75, 0x45, 0xD7, 0x47, 0x5B, 0xDD, 0x2F, 0x19, 0x9E, 0x1C, 0x8E, 0xD5,
    0x5A, 0xBD, 0x08, 0xE2, 0xD7, 0x6C, 0x06, 0xD0, 0xCF, 0x46, 0x70, 0x08, 0x86, 0xF0, 0xB6, 0x32,
    0x5C, 0x81, 0x57, 0x80, 0xD7, 0xC3, 0x19, 0x66, 0x48, 0x2B, 0x2E, 0xED, 0xB4, 0x29, 0xD1, 0x7F,
    0xEA, 0xA7, 0xB3, 0x3F, 0xCE, 0x57, 0xFF, 0x61, 0xFC, 0xAA, 0x18, 0x77, 0x73, 0x7E, 0x96, 0x8C,
    0xEF, 0xFF, 0x18, 0x97, 0x65, 0x48, 0x0F, 0x9F, 0x81, 0x31, 0x07, 0xC3, 0xFD, 0x25, 0x00, 0xC3,
    0x4A, 0xAE, 0x5B, 0x09, 0xA1, 0x58, 0x38, 0x77, 0x11, 0x78, 0xDB, 0x2C, 0xB9, 0x1E, 0xF2, 0xE0,
    0x8D, 0xBC, 0x51, 0x06, 0x94, 0x01, 0x65, 0xC0, 0x33, 0x07, 0x73, 0x19, 0x94, 0x6B, 0x02, 0xF0,
    0x30, 0x2E, 0xE0, 0x52, 0xCA, 0xFD, 0x9B, 0x34, 0x01, 0x94, 0xEA, 0x4A, 0xF5, 0x8F, 0x11, 0x18,
    0xDA, 0x5C, 0xF7, 0x9C, 0xA1, 0x5B, 0x5D, 0x04, 0x3F, 0xB9, 0x50, 0xBF, 0xC3, 0x1D, 0x72, 0x1B,
    0x72, 0x1B, 0x9E, 0x68, 0x7F, 0x2B, 0xF5, 0x64, 0xD5, 0x3A, 0x36, 0xB5, 0x3B, 0xED, 0x5F, 0xEC,
    0xCF, 0x1B, 0xB8, 0xA0, 0xAD, 0x6C, 0x43, 0xDB, 0xD6, 0x36, 0x77, 0xD5, 0x91, 0xDC, 0xC9, 0xA9,
    0x5C, 0x5B, 0x02, 0x96, 0x86, 0x25, 0x63, 0x29, 0xDD, 0x29, 0x3D, 0x25, 0xF9, 0x44, 0x5B, 0x44,
    0x44, 0x47, 0xA4, 0x44, 0x4D, 0x04, 0x45, 0x53, 0x64, 0x45, 0x59, 0xC4, 0x45, 0x5F, 0x5F, 0xC2,
    0x1F, 0xDD, 0x93, 0x2F, 0x8C, 0xED, 0x44, 0x14, 0xC6, 0x7F, 0x6D, 0x13, 0x2A, 0x9A, 0x50, 0x83,
    0x20, 0x90, 0x50, 0xFB, 0x5C, 0x0D, 0x9A, 0xA9, 0xC3, 0x7B, 0x81, 0x46, 0x2D, 0xDE, 0xB4, 0x0F,
    0x2F, 0xAE, 0xD7, 0x78, 0x8D, 0xD9, 0x9D, 0xF1, 0x86, 0x71, 0xD8, 0x7A, 0xB3, 0x23, 0x2A, 0xFA,
    0x92, 0xCE, 0x3D, 0xEC, 0x97, 0x21, 0xB9, 0xF7, 0xA6, 0x84, 0xF0, 0x42, 0x10, 0xBC, 0xC9, 0xE6,
    0xF7, 0xDD, 0xF4, 0x7C, 0xE7, 0xCF, 0xCC, 0xC9, 0xF2, 0x64, 0x17, 0x68, 0xCC, 0x32, 0xD4, 0x66,
    0xB6, 0x50, 0x5D, 0x2A, 0x4B, 0x00, 0xC3, 0x2E, 0x36, 0x59, 0xAC, 0x4C, 0xA4, 0x70, 0x9E, 0x44,
    0x17, 0x28, 0xAC, 0xFC, 0xFE, 0xC6, 0xC1, 0xCC, 0x07, 0xBC, 0x99, 0xC5, 0xDA, 0x2E, 0xAD, 0xC5,
    0x36, 0xC3, 0x1C, 0xFB, 0x0D, 0xC6, 0x38, 0x24, 0x71, 0x8C, 0xF2, 0xBB, 0x70, 0xC7, 0x05, 0xE6,
    0x30, 0x8B, 0x8B, 0x7E, 0x9B, 0xEA, 0x15, 0xD6, 0x99, 0x31, 0xD2, 0x1E, 0xF4, 0x9B, 0xFE, 0xBA,
    0x2B, 0x7E, 0x45, 0x13, 0x4E, 0xE0, 0x35, 0x2D, 0xAD, 0x26, 0xBF, 0x9D, 0xCA, 0x7F, 0x80, 0x0B,
    0x38, 0xB3, 0xB5, 0xDE, 0x90, 0xF5, 0xDA, 0x25, 0xFA, 0xEB, 0xF4, 0x99, 0xBD, 0x06, 0xE6, 0x15,
    0x46, 0x03, 0x53, 0x66, 0xA6, 0x39, 0x80, 0xCE, 0xE8, 0x12, 0xFA, 0xBE, 0xF4, 0x11, 0xF0, 0x3F,
    0x84, 0x71, 0x81, 0x2A, 0xF7, 0xAB, 0x93, 0x6D, 0x6B, 0xD3, 0x0C, 0x0C, 0xB1, 0x49, 0x2F, 0xE8,
    0xDE, 0xF5, 0xF6, 0xAC, 0x30, 0xD5, 0x9E, 0x15, 0x7E, 0xD3, 0x43, 0xE1, 0x37, 0x7D, 0x56, 0x58,
    0xAA, 0xF0, 0x9B, 0xBE, 0x28, 0x4C, 0xBD, 0xCD, 0x0A, 0xD3, 0x24, 0xA7, 0x30, 0x6D, 0x1A, 0xDF,
    0x67, 0xA0, 0x5F, 0xFB, 0xDF, 0x37, 0x55, 0x0E, 0x9D, 0x45, 0xC0, 0x4D, 0x8D, 0xEE, 0x85, 0x51,
    0x19, 0xE8, 0xD6, 0xAD, 0x69, 0xDE, 0xC4, 0xF0, 0xAA, 0xF9, 0x03, 0xEE, 0x67, 0xDD, 0x07, 0x5E,
    0x78, 0x32, 0x85, 0xDE, 0x95, 0xFB, 0xDE, 0x4E, 0xC9, 0x84, 0xA6, 0x48, 0x6B, 0x8B, 0xA4, 0xB7,
    0x20, 0x19, 0x94, 0x02, 0xE3, 0x6B, 0x92, 0xB8, 0xDF, 0x76, 0x89, 0xFF, 0xFE, 0x90, 0x98, 0x36,
    0x4C, 0x75, 0x55, 0xBE, 0x9E, 0x45, 0xD2, 0xEE, 0xF8, 0x05, 0xBA, 0x8D, 0x39, 0x40, 0x9F, 0x70,
    0x11, 0xC6, 0x15, 0xED, 0xD1, 0x05, 0xED, 0x43, 0x81, 0x6E, 0x07, 0x3F, 0x69, 0x5A, 0x0C, 0x9A,
    0x4C, 0x75, 0x85, 0xDA, 0xF4, 0x8B, 0xCA, 0x54, 0x0B, 0x6C, 0x92, 0x0B, 0x1F, 0x94, 0xC3, 0x1C,
    0xFA, 0x04, 0xB8, 0x75, 0x5C, 0xD1, 0xF5, 0x9C, 0xE9, 0x14, 0xB1, 0x7D, 0x16, 0xED, 0x90, 0xD8,
    0xFE, 0xC0, 0x05, 0xDA, 0xFF, 0x19, 0x7F, 0x04, 0xAA, 0x5F, 0xCA, 0x9B, 0x7E, 0x82, 0xD4, 0x79,
    0xA0, 0x13, 0xC3, 0x1D, 0xCB, 0xC6, 0xE9, 0x0E, 0xB1, 0xB9, 0x8A, 0x98, 0x80, 0x0F, 0xA2, 0x5B,
    0xC5, 0x3E, 0xFD, 0x13, 0xD3, 0x86, 0x28, 0x13, 0xC3, 0x76, 0xFB, 0x2E, 0x0F, 0x95, 0xA1, 0xDC,
    0x7C, 0xAB, 0x33, 0x24, 0xD1, 0xC5, 0xBF, 0xB4, 0xB4, 0xC7, 0xAD, 0xE2, 0x98, 0xC4, 0xF3, 0xE4,
    0xE8, 0xCC, 0x02, 0xF8, 0x22, 0xB9, 0xC8, 0x21, 0x50, 0x17, 0x69, 0xF6, 0x22, 0x9B, 0x48, 0x9B,
    0x44, 0xBA, 0x55, 0xA4, 0x8F, 0x45, 0x4A, 0xAD, 0xB1, 0x88, 0x5B, 0x8A, 0x4C, 0xF7, 0x0D, 0x5E,
    0x80, 0x6F, 0x20, 0xC3, 0xD7, 0x86, 0x1A, 0xCC, 0x36, 0x55, 0x07, 0x38, 0x0B, 0xCD, 0x2E, 0x89,
    0x4D, 0x82, 0x2F, 0x86, 0x55, 0x0D, 0xE8, 0x93, 0x1A, 0xD0, 0xED, 0x6A, 0x40, 0x73, 0xA8, 0x01,
    0x75, 0x1E, 0x24, 0x5C, 0xC7, 0x45, 0x62, 0xAE, 0xD4, 0xF7, 0x22, 0xEE, 0x2A, 0x32, 0x66, 0x6E,
    0x8F, 0x48, 0x57, 0xA4, 0xDD, 0x80, 0x4A, 0xFF, 0xA3, 0xF4, 0xB6, 0x3A, 0x5B, 0x46, 0xDB, 0xCD,
    0xE2, 0xFC, 0xDE, 0xF6, 0x3E, 0xBD, 0xE0, 0xD6, 0x66, 0x7B, 0xA6, 0x0F, 0xF5, 0x9F, 0x2C, 0x5F,
    0x4A, 0x74, 0xD4, 0xE2, 0x63, 0xC9, 0x52, 0x85, 0x0F, 0xE0, 0x17, 0x3E, 0x9F, 0x1A, 0xDB, 0x18,
    0x96, 0xDE, 0x8C, 0x71, 0x1A, 0x82, 0x5F, 0xBD, 0xD4, 0x32, 0x8E, 0xDA, 0x76, 0xBE, 0x82, 0xA7,
    0xC8, 0xFD, 0xF9, 0xA8, 0xAC, 0x2F, 0x85, 0x71, 0x02, 0x9C, 0xE0, 0x01, 0x72, 0x59, 0x88, 0x16,
    0x97, 0x6F, 0x28, 0x6F, 0x7E, 0xB2, 0x95, 0x75, 0x9D, 0xCC, 0xF3, 0xD9, 0x56, 0x6F, 0x00, 0x3F,
    0x51, 0xCC, 0xD7, 0x1B, 0x38, 0x9D, 0x7F, 0x63, 0xF9, 0x4E, 0x70, 0xC2, 0xB3, 0x70, 0x9C, 0x7D,
    0x5D, 0x04, 0xB4, 0x66, 0x86, 0x45, 0xDE, 0x73, 0xA9, 0x6A, 0x07, 0x9A, 0x54, 0xA0, 0x84, 0x93,
    0xE5, 0xBE, 0x83, 0xF0, 0xEB, 0x47, 0x0C, 0x0E, 0xFF, 0xE5, 0x1B, 0xBC, 0x83, 0xF2, 0xDE, 0x73,
    0x86, 0xD6, 0x56, 0xF0, 0xBA, 0xB3, 0x45, 0x2A, 0x9F, 0x61, 0xB0, 0x0B, 0xF8, 0x1D, 0xB0, 0x00,
    0xE5, 0xD7, 0x60, 0x0B, 0xA0, 0x28, 0xF2, 0x95, 0x8C, 0x92, 0xCB, 0x5C, 0xF6, 0x57, 0x2A, 0xDF,
    0x9F, 0xD3, 0xCE, 0xBF, 0x45, 0xF6, 0xE5, 0x56, 0xF4, 0xF2, 0x58, 0x74, 0x7E, 0x2C, 0x4A, 0x9B,
    0xEF, 0x86, 0x54, 0xB4, 0xF8, 0x1E, 0x86, 0x2C, 0xF5, 0x54, 0x99, 0xBF, 0x6F, 0xFE, 0x07, 0xE5,
    0x58, 0x05, 0x90, 0xE4, 0x48, 0x76, 0xFD, 0x55, 0x3A, 0xAF, 0x2E, 0x42, 0xB1, 0x2B, 0x33, 0xDB,
    0x32, 0x05, 0x18, 0x65, 0xF6, 0x41, 0xDD, 0x48, 0x66, 0x66, 0x3B, 0x38, 0xCC, 0xCC, 0x8C, 0xBD,
    0x53, 0x32, 0x07, 0xDF, 0x04, 0xB3, 0x19, 0x0F, 0xCD, 0xD8, 0x73, 0x92, 0x99, 0xED, 0x32, 0xB3,
    0x2D, 0x33, 0xDB, 0xDA, 0x5B, 0xD9, 0xA3, 0xD9, 0x93, 0xF4, 0x2F, 0x5F, 0xBE, 0xCC, 0x1F, 0xD5,
    0xD5, 0xBD, 0xCC, 0xBB, 0x39, 0x2D, 0xBD, 0xA7, 0xCA, 0xF7, 0x29, 0x53, 0xFA, 0x9A, 0xAA, 0x97,
    0x70, 0x7C, 0xBF, 0x72, 0x4C, 0xCF, 0x16, 0x3C, 0xAD, 0xBB, 0x17, 0x3F, 0x9E, 0xF7, 0x4C, 0xC3,
    0xFB, 0x58, 0xE7, 0xCF, 0xC6, 0x3A, 0x37, 0xFE, 0xF2, 0x47, 0xA4, 0xE0, 0xF5, 0xE1, 0x8C, 0xBA,
    0xF1, 0x47, 0x2F, 0xDA, 0xBD, 0xCB, 0xD3, 0x15, 0x63, 0x1D, 0xB1, 0xAE, 0x58, 0x67, 0xAC, 0xFB,
    0xE4, 0x3E, 0x98, 0x23, 0xCE, 0xD4, 0x3F, 0x02, 0x7C, 0x9D, 0x4F, 0xFE, 0x64, 0x8F, 0xB9, 0x6A,
    0xFD, 0x98, 0xE1, 0x23, 0xCE, 0x47, 0x39, 0x1E, 0x14, 0x07, 0xEA, 0x77, 0x0F, 0x86, 0x4F, 0x57,
    0xBB, 0x4B, 0x7E, 0x92, 0x2E, 0x97, 0x5C, 0x76, 0xCF, 0x0C, 0x7C, 0xEC, 0xEA, 0x7D, 0xBA, 0xDA,
    0x5D, 0x42, 0xD9, 0x0E, 0x52, 0xD4, 0x3B, 0xED, 0xE4, 0x5C, 0xD2, 0xC3, 0xEE, 0xDE, 0x41, 0x4A,
    0xD9, 0x8C, 0xBB, 0x61, 0x96, 0xAC, 0x93, 0xBB, 0x77, 0x43, 0xE5, 0x05, 0x67, 0x43, 0xE6, 0x05,
    0xF3, 0xB0, 0xF5, 0x82, 0x79, 0xC0, 0x55, 0x27, 0x67, 0xFE, 0x6A, 0x90, 0x1D, 0xE5, 0xB2, 0x8B,
    0xFE, 0x5E, 0x13, 0xFC, 0xBD, 0x3A, 0xFA, 0x3B, 0x0F, 0xFE, 0x4A, 0xF3, 0x27, 0x37, 0xBD, 0x3F,
    0xC8, 0x83, 0xBF, 0x83, 0x9C, 0x8D, 0x5E, 0x2E, 0xBB, 0x25, 0xFA, 0xAB, 0xE9, 0xEF, 0xD6, 0x81,
    0xFE, 0xEE, 0x19, 0x83, 0xBF, 0xBB, 0x25, 0xF5, 0xFE, 0x9C, 0xF1, 0x08, 0x7F, 0xCE, 0xD8, 0x7D,
    0xF4, 0xA0, 0xCF, 0x2F, 0x74, 0xD7, 0x24, 0x99, 0x9D, 0x9D, 0x4C, 0x92, 0xCF, 0xCE, 0x4F, 0xD2,
    0x4B, 0x05, 0xBF, 0x79, 0x23, 0xB3, 0x8B, 0x83, 0xE9, 0x61, 0xA7, 0x7E, 0xBA, 0xD9, 0x2D, 0x98,
    0xBE, 0x26, 0x3B, 0x37, 0x8D, 0x4F, 0x76, 0x83, 0xBC, 0xC8, 0x7D, 0xE2, 0x70, 0x43, 0x83, 0x13,
    0x7F, 0xE7, 0xF4, 0x77, 0x2D, 0xF8, 0x9B, 0x82, 0xBF, 0xDE, 0xF9, 0xDB, 0x04, 0x7F, 0x30, 0x80,
    0xBF, 0x22, 0xF8, 0xF3, 0x06, 0x67, 0xF4, 0xB7, 0x09, 0xFE, 0x52, 0xFA, 0x43, 0x5D, 0x7E, 0xFA,
    0x6E, 0xEF, 0xCF, 0x55, 0x0A, 0x7F, 0xAE, 0xCC, 0x03, 0xFC, 0xC1, 0xC5, 0x83, 0xEE, 0xEF, 0x9A,
    0xFC, 0xC3, 0x70, 0xAD, 0xF8, 0x80, 0x59, 0x5F, 0x5C, 0x9F, 0x4F, 0xE9, 0x5F, 0xCD, 0xF7, 0x2E,
    0x52, 0xF6, 0x1B, 0xDD, 0xDD, 0x33, 0x4B, 0xDE, 0xC9, 0xB2, 0xBB, 0xA5, 0x52, 0x0D, 0x5B, 0x3D,
    0xD3, 0x8F, 0xEC, 0xA6, 0xF3, 0xEC, 0xD7, 0xE7, 0x65, 0x7B, 0x6F, 0x5F, 0x56, 0x9B, 0x79, 0x94,
    0xB6, 0xC9, 0x66, 0xEC, 0x6F, 0x25, 0xC9, 0x88, 0xFD, 0xD5, 0x2E, 0x9F, 0xE5, 0x5C, 0xBD, 0xBF,
    0xED, 0xFC, 0x9A, 0xBF, 0x6B, 0x9C, 0xBF, 0xBF, 0x9B, 0x5F, 0x7D, 0x95, 0xBF, 0x24, 0xF8, 0xCB,
    0xBF, 0xC3, 0xF9, 0xBB, 0xD5, 0x17, 0xD7, 0xE9, 0x2F, 0x9D, 0xB0, 0xBF, 0xF4, 0xB7, 0xC0, 0xDF,
    0x22, 0xB3, 0x7E, 0xE0, 0x1F, 0x3A, 0x7F, 0x1F, 0x38, 0xDF, 0xFA, 0xBB, 0xFA, 0xA6, 0xF3, 0x77,
    0x7E, 0x8F, 0xF7, 0xB7, 0xEE, 0x1C, 0xD2, 0xDF, 0xFF, 0xD6, 0xD5, 0x98, 0xFE, 0xEF, 0x99, 0x7E,
    0xE8, 0x61, 0xBA, 0xBB, 0xF8, 0xD0, 0x4B, 0xF5, 0x7D, 0xF2, 0x27, 0x7F, 0x9C, 0xEA, 0xF8, 0x00,
    0x7F, 0x22, 0xE2, 0xFF, 0xBB, 0x32, 0xF5, 0xF2, 0xBC, 0xCB, 0x7F, 0xF7, 0xE1, 0x0D, 0x3F, 0xA9,
    0x8D, 0xFE, 0x49, 0xA3, 0x2F, 0xB1, 0x71, 0xE3, 0xE8, 0xD3, 0xFB, 0xEC, 0xD3, 0xBE, 0x97, 0x38,
    0x1E, 0x37, 0x7A, 0x75, 0x3A, 0x5F, 0xF0, 0x92, 0x97, 0x34, 0xAD, 0x6A, 0xF7, 0x54, 0x3F, 0x54,
    0xB5, 0xC1, 0x31, 0x4A, 0xF6, 0x94, 0x3C, 0x62, 0x7E, 0xA9, 0xC6, 0x71, 0xC8, 0x8C, 0x76, 0x47,
    0x34, 0xBF, 0x8A, 0x36, 0x85, 0xD1, 0xBA, 0x34, 0x2A, 0xD5, 0x15, 0x74, 0x3D, 0xA6, 0xFB, 0x48,
    0x17, 0x69, 0x23, 0x9D, 0xC5, 0xED, 0x29, 0xC7, 0x0F, 0xCB, 0x71, 0x3A, 0xB6, 0xE9, 0x5D, 0x26,
    0x61, 0x6C, 0xBB, 0xBB, 0xC4, 0xE8, 0x9D, 0x91, 0x26, 0xCD, 0x5B, 0x1A, 0xAD, 0xDF, 0x25, 0xD2,
    0x54, 0x9E, 0x17, 0x69, 0x26, 0x46, 0xEF, 0x92, 0xF7, 0x16, 0xA3, 0x5F, 0x16, 0xE9, 0x9D, 0xF7,
    0x93, 0xCE, 0x85, 0x51, 0x47, 0x32, 0xC4, 0x14, 0xC6, 0x18, 0x75, 0x8E, 0x81, 0xD6, 0x40, 0x0A,
    0x0D, 0xA4, 0xD2, 0x86, 0x64, 0xAF, 0x07, 0x12, 0xD5, 0x81, 0xD6, 0xAA, 0xB4, 0x4F, 0x54, 0x69,
    0x9F, 0x63, 0x89, 0x68, 0xAD, 0x4A, 0x6B, 0xAC, 0x35, 0xAD, 0x95, 0xF6, 0x0E, 0x75, 0xA0, 0x35,
    0xED, 0x13, 0x90, 0x99, 0xD6, 0xB4, 0xE7, 0xDE, 0xD0, 0x1A, 0xDB, 0x26, 0x28, 0x8E, 0xF6, 0x1E,
    0x75, 0x80, 0x35, 0xED, 0x53, 0x92, 0x19, 0xD6, 0xB4, 0x2F, 0x4E, 0x77, 0xB0, 0x83, 0x35, 0xED,
    0x1F, 0xFD, 0x6A, 0xBC, 0x32, 0xAE, 0x46, 0x1E, 0xBC, 0x2D, 0x59, 0x58, 0x8D, 0x39, 0x09, 0xAB,
    0x31, 0x6E, 0xC2, 0x6A, 0xF4, 0x12, 0x56, 0xA3, 0x93, 0x3D, 0xAD, 0x1B, 0x29, 0x61, 0x8F, 0x4B,
    0xDA, 0x2F, 0x22, 0xCE, 0x1E, 0xD6, 0x30, 0x84, 0xB5, 0xBB, 0x82, 0x3D, 0xAC, 0x45, 0x56, 0x6F,
    0x0D, 0x4B, 0x1C, 0xC8, 0xB8, 0xC4, 0x6A, 0x88, 0xC0, 0xDE, 0x5B, 0x7B, 0xFB, 0xED, 0xC4, 0xC0,
    0x92, 0x3A, 0x6B, 0xD8, 0xD3, 0x5A, 0xE4, 0xC1, 0x57, 0xE3, 0x4E, 0x44, 0x08, 0xCE, 0xF7, 0xCE,
    0xB7, 0x1E, 0x64, 0xA3, 0x83, 0x24, 0x58, 0x5A, 0xBF, 0xAA, 0x8B, 0x14, 0xB4, 0xAE, 0xDD, 0xD1,
    0xC8, 0x73, 0x4E, 0x6C, 0xBE, 0xD2, 0xD9, 0xFC, 0xBD, 0xB3, 0xE9, 0x9C, 0x4D, 0xF7, 0x55, 0x92,
    0xD6, 0x3B, 0xC9, 0xE5, 0xAD, 0xDC, 0xBF, 0xDC, 0xDB, 0xBC, 0xD3, 0x4B, 0x5E, 0x62, 0xEB, 0xDC,
    0x07, 0x5C, 0x02, 0x6A, 0x17, 0x70, 0x0A, 0xA8, 0x75, 0xC0, 0x31, 0xE0, 0x1A, 0x50, 0xFB, 0x80,
    0xDE, 0x94, 0xC9, 0x13, 0xA7, 0x80, 0xDA, 0x04, 0x1C, 0x03, 0x6A, 0xC4, 0x3E, 0xE0, 0x1A, 0x50,
    0x1B, 0xC2, 0x72, 0x71, 0x7E, 0x3D, 0xB1, 0xAF, 0x2F, 0xFA, 0xEF, 0x8E, 0xE3, 0x5B, 0x3E, 0xEB,
    0x49, 0xBE, 0xF5, 0xC5, 0x7A, 0x9A, 0x8B, 0xF5, 0x1E, 0xE4, 0x74, 0x3C, 0xBC, 0x75, 0x59, 0x5A,
    0xC6, 0x99, 0x8B, 0x95, 0xB8, 0xD1, 0xDE, 0xA3, 0x94, 0x0B, 0x71, 0xAB, 0x9D, 0x47, 0xD9, 0x4F,
    0xC4, 0x54, 0x1B, 0x8F, 0x02, 0x53, 0x60, 0xAE, 0x44, 0x98, 0x02, 0x61, 0xEA, 0x31, 0xD1, 0xC6,
    0xAE, 0x39, 0x6F, 0x7A, 0xDA, 0x9B, 0x3F, 0xF3, 0x6F, 0xF1, 0x60, 0x64, 0xF9, 0x30, 0x3F, 0xE6,
    0xFB, 0xC8, 0xD7, 0xE5, 0x67, 0x11, 0xB3, 0x71, 0xC7, 0xE4, 0x0E, 0x6D, 0xDC, 0x31, 0xB9, 0x43,
    0xEB, 0xD6, 0x37, 0xDE, 0x83, 0xB4, 0xCE, 0xB8, 0x75, 0x86, 0x37, 0x45, 0xE4, 0xE3, 0xF8, 0x30,
    0x9B, 0xCD, 0x8F, 0x3B, 0x9B, 0x1F, 0x2D, 0x1B, 0xF9, 0xD1, 0xED, 0x24, 0x3F, 0x2A, 0x55, 0xFD,
    0xA3, 0x1B, 0x87, 0x45, 0x83, 0xCF, 0x31, 0x0F, 0x1D, 0xF4, 0x71, 0xDC, 0x26, 0x28, 0x51, 0x89,
    0x4A, 0x3C, 0xBE, 0x23, 0xFE, 0x89, 0xA0, 0x07, 0x55, 0x3F, 0xCB, 0xB3, 0x29, 0x83, 0x1D, 0x4B,
    0x5F, 0xE9, 0x9F, 0xE7, 0xAB, 0x03, 0xF5, 0x5F, 0xEA, 0xB1, 0x97, 0x2F, 0x9D, 0x3C, 0xC8, 0x97,
    0xFE, 0x13, 0x00, 0xE8, 0x61, 0xA3, 0x07, 0x80, 0x53, 0x39, 0x80, 0xB6, 0xC7, 0x99, 0x76, 0xE6,
    0xE5, 0x24, 0x90, 0x0D, 0x7B, 0xC6, 0xED, 0xA9, 0xB7, 0x3E, 0x60, 0x7D, 0x32, 0x21, 0x99, 0xAD,
    0x97, 0x5A, 0x77, 0x3D, 0xEA, 0xB7, 0xB4, 0x6F, 0xAC, 0x27, 0x5B, 0x97, 0xB6, 0xBE, 0x6D, 0x9D,
    0xDC, 0x7A, 0xFB, 0x71, 0xB7, 0xB7, 0xFE, 0x6F, 0x6F, 0x84, 0x8C, 0xD6, 0xDE, 0x7E, 0xBE, 0xF8,
    0x1E, 0x11, 0x5A, 0x7B, 0xFB, 0xEE, 0xE4, 0xED, 0x53, 0xE8, 0x69, 0x4F, 0x4E, 0xE6, 0xD3, 0xBE,
    0x2D, 0x43, 0x24, 0xF5, 0x83, 0x2D, 0x42, 0x68, 0x8F, 0xD6, 0x30, 0xAD, 0x85, 0x5A, 0x53, 0xB5,
    0x36, 0x6B, 0x8D, 0xD7, 0x5A, 0xB1, 0x35, 0x67, 0x6B, 0xD7, 0xD6, 0xC0, 0xAD, 0xA5, 0x5B, 0x93,
    0xB7, 0xB6, 0x6F, 0x2F, 0x02, 0xDA, 0xAF, 0xF6, 0xB2, 0xB0, 0xD7, 0x87, 0xBD, 0x50, 0x4E, 0x5E,
    0x31, 0xD5, 0x2B, 0x1F, 0xF9, 0x22, 0xD8, 0x40, 0x27, 0x46, 0x47, 0x2E, 0x50, 0xBE, 0x2E, 0xBE,
    0xBB, 0xA3, 0xCB, 0xA3, 0xDB, 0x8B, 0x1E, 0xD8, 0xFD, 0x51, 0x69, 0x11, 0x3A, 0xFC, 0x73, 0xC4,
    0x6C, 0xD0, 0xCD, 0xD1, 0xD5, 0xD1, 0xDD, 0xD1, 0xE5, 0xD1, 0xED, 0xD1, 0xF5, 0xD1, 0xFD, 0x4F,
    0x6C, 0x4E, 0xC6, 0xA6, 0x23, 0xE6, 0x01, 0x5B, 0x62, 0xAA, 0xC4, 0x3D, 0x71, 0xAB, 0xC4, 0x92,
    0xB8, 0x51, 0x62, 0x11, 0xB0, 0x25, 0x66, 0x4A, 0xDC, 0x13, 0x13, 0x25, 0x96, 0xC4, 0x8D, 0xED,
    0x31, 0x71, 0x7F, 0x72, 0x1D, 0xE6, 0x4D, 0x8F, 0xA0, 0xC7, 0xFE, 0x90, 0x94, 0xC5, 0x23, 0xE6,
    0x44, 0xCB, 0x27, 0xE6, 0x67, 0xF9, 0x4A, 0x15, 0x30, 0x25, 0x5A, 0x7D, 0x92, 0x11, 0xAD, 0xFE,
    0x47, 0xBA, 0x2E, 0x7F, 0xC7, 0xB8, 0x4B, 0xCE, 0x3C, 0x7A, 0x8F, 0xF9, 0x4A, 0xBB, 0x76, 0xF4,
    0x98, 0x6A, 0x0D, 0x44, 0x53, 0x06, 0x26, 0xDA, 0x01, 0xD1, 0x94, 0x81, 0xCE, 0xC8, 0x23, 0x9A,
    0x32, 0x10, 0x2A, 0xBB, 0xB6, 0x79, 0xD3, 0x9B, 0xBD, 0xF9, 0x33, 0xFF, 0x8C, 0x07, 0x91, 0x8A,
    0xE5, 0x63, 0xF9, 0x59, 0xBE, 0xCC, 0xFF, 0xE1, 0xAC, 0x4B, 0xED, 0x84, 0x88, 0xD7, 0x41, 0x0F,
    0xDB, 0x54, 0xB5, 0xAB, 0xF8, 0xBF, 0xF8, 0x4E, 0x5A, 0x77, 0x64, 0xDA, 0x79, 0x1F, 0xB4, 0xAF,
    0x2F, 0xDA, 0xFC, 0xBF, 0xB3, 0xF9, 0x80, 0x2E, 0x1D, 0xB7, 0x5D, 0x55, 0x6F, 0xBB, 0xAC, 0xDF,
    0x76, 0xF2, 0x2A, 0x77, 0x64, 0xFF, 0x72, 0x6C, 0xD3, 0xC8, 0xD1, 0xB8, 0x63, 0xF4, 0x39, 0xB4,
    0xA3, 0x3F, 0xEB, 0xE8, 0xCF, 0x3A, 0xE2, 0xEC, 0x00, 0x67, 0x07, 0x25, 0xCE, 0x76, 0x65, 0x5D,
    0xEE, 0x0E, 0x0F, 0x40, 0x00, 0x70, 0x34, 0x9F, 0x97, 0xB7, 0x79, 0x62, 0xA0, 0xC9, 0x9F, 0xFF,
    0xE9, 0x79, 0xFE, 0x2C, 0xCF, 0xF3, 0x67, 0x79, 0x1E, 0xCE, 0x0E, 0x4A, 0xCC, 0xE2, 0xEA, 0x06,
    0x40, 0x80, 0x0E, 0x5C, 0xC0, 0x1B, 0x0E, 0x10, 0xE0, 0x06, 0xC0, 0xE1, 0xCF, 0x8A, 0xC7, 0x49,
    0xAE, 0x1E, 0x9F, 0x76, 0x12, 0x96, 0x3B, 0xB0, 0x1A, 0x2D, 0xD4, 0x16, 0x61, 0xAF, 0x7D, 0x94,
    0xAA, 0x4E, 0x51, 0xAA, 0xBA, 0x9A, 0x54, 0x29, 0x86, 0x54, 0x29, 0x86, 0x94, 0x62, 0x2F, 0xA5,
    0x98, 0x52, 0x8A, 0x21, 0xA5, 0x98, 0x52, 0x8A, 0x21, 0x85, 0xD8, 0xA4, 0x10, 0x53, 0x0A, 0x31,
    0xA5, 0x14, 0x53, 0x0A, 0x31, 0xA5, 0x14, 0x53, 0xEA, 0xC5, 0x47, 0xF4, 0x48, 0x70, 0x64, 0x76,
    0xE4, 0xEC, 0x28, 0xC4, 0x71, 0x60, 0x4B, 0xE7, 0x38, 0x49, 0x4B, 0xFD, 0xA4, 0x20, 0x2B, 0xD3,
    0x8A, 0x3F, 0x59, 0x12, 0x5B, 0x28, 0x5B, 0x3E, 0x5B, 0xD4, 0xD3, 0xA5, 0xB6, 0x0D, 0xB0, 0x6D,
    0xB9, 0xBC, 0x59, 0xF2, 0x71, 0x8F, 0x7A, 0x63, 0x3F, 0xD6, 0x36, 0x76, 0x49, 0x6C, 0x63, 0x47,
    0xB1, 0x8D, 0x3D, 0x48, 0x15, 0x37, 0xB6, 0x96, 0xBC, 0x0F, 0x52, 0x11, 0x8A, 0x21, 0x15, 0x8A,
    0x21, 0x15, 0x8A, 0x21, 0x15, 0x8A, 0x21, 0xA5, 0x98, 0x52, 0x8A, 0x21, 0xA5, 0x98, 0x52, 0x88,
    0x29, 0xA5, 0x98, 0x52, 0x88, 0x29, 0xA5, 0x98, 0x52, 0x2F, 0xDE, 0x37, 0x31, 0xBF, 0xBE, 0xE8,
    0x63, 0x29, 0x4D, 0x3A, 0x85, 0x52, 0x56, 0xFC, 0x31, 0xBF, 0x09, 0x13, 0x41, 0xCA, 0xC3, 0x4B,
    0x31, 0x43, 0x29, 0x4F, 0x94, 0x72, 0x8A, 0x32, 0x9C, 0x79, 0xCD, 0x39, 0xAA, 0x08, 0xB8, 0xA4,
    0x98, 0x22, 0x8A, 0x21, 0xA5, 0x98, 0x52, 0x2F, 0xA6, 0xD4, 0x8B, 0xBF, 0xEB, 0x19, 0xB1, 0xB1,
    0x1F, 0x67, 0x1B, 0xBB, 0x19, 0x6D, 0x63, 0xD3, 0xC5, 0x36, 0xB6, 0xD0, 0x3A, 0x6E, 0xEC, 0x5E,
    0x0F, 0x10, 0x43, 0xAA, 0x0A, 0x31, 0xA4, 0x89, 0x2A, 0xC4, 0x90, 0xE6, 0xAA, 0x5E, 0xEC, 0xA4,
    0x95, 0xAA, 0x17, 0xEF, 0x1B, 0x52, 0x6E, 0x2C, 0x05, 0xD8, 0x58, 0x9A, 0x85, 0x8D, 0x85, 0xB3,
    0xB0, 0xB1, 0x95, 0x97, 0x8A, 0x78, 0x31, 0xA4, 0x22, 0x10, 0x2F, 0xB6, 0xB1, 0x42, 0xA9, 0x17,
    0xBF, 0xEE, 0x53, 0x69, 0x63, 0xBF, 0x70, 0xAD, 0x3D, 0x66, 0x7E, 0x3D, 0x8E, 0xFE, 0x17, 0x91,
    0xEA, 0x0D, 0xBE, 0x69, 0xCA, 0x31, 0x78, 0x69, 0x9B, 0x72, 0xAD, 0xDB, 0xC6, 0x05, 0x4D, 0x54,
    0x47, 0x97, 0x50, 0x32, 0x95, 0xAA, 0x6B, 0x3A, 0x4A, 0xD6, 0xC3, 0xEA, 0x97, 0x66, 0xC9, 0x7F,
    0xC9, 0xA1, 0x0E, 0x8B, 0x94, 0x1F, 0x08, 0x32, 0xED, 0xA5, 0xCA, 0x41, 0xE6, 0x4A, 0xAE, 0x7B,
    0xB2, 0x96, 0xF5, 0xCD, 0x12, 0x44, 0xF3, 0xE6, 0xBC, 0x22, 0xE9, 0xE6, 0x13, 0xF2, 0xB1, 0x20,
    0x27, 0x53, 0x66, 0x75, 0xBD, 0xF0, 0x7E, 0x8A, 0x26, 0x7A, 0xAE, 0xAB, 0x0F, 0x0D, 0xB1, 0x8A,
    0x18, 0x3D, 0xEF, 0x41, 0x7E, 0x71, 0x96, 0x64, 0x84, 0xBD, 0xCB, 0x70, 0xB3, 0x64, 0x4E, 0x52,
    0xF4, 0xA8, 0x62, 0xAF, 0xCD, 0xBE, 0x0B, 0x75, 0x29, 0x2A, 0xC5, 0x8E, 0x4D, 0xB1, 0x59, 0x1E,
    0xB8, 0x80, 0x61, 0x35, 0xE4, 0x4B, 0xD7, 0x1B, 0x1E, 0x9F, 0xEB, 0xCF, 0x6F, 0xCD, 0x1E, 0x50,
    0xDB, 0xF7, 0xDD, 0xAD, 0x6F, 0x93, 0x89, 0x62, 0xA1, 0xF2, 0x5B, 0x33, 0x96, 0xEB, 0xEF, 0x57,
    0x48, 0xBA, 0xD6, 0x89, 0xD4, 0xA1, 0x6C, 0x17, 0xC1, 0x5A, 0xCD, 0x92, 0x8D, 0x92, 0x0F, 0x8E,
    0xE0, 0x72, 0xB3, 0x62, 0x4A, 0xDA, 0x1A, 0xB2, 0x7D, 0x47, 0xCE, 0xCF, 0xA9, 0xA1, 0x9E, 0xB6,
    0xF4, 0x43, 0x9F, 0xF0, 0x6F, 0xB1, 0x10, 0x97, 0x39, 0x30, 0x1F, 0xCB, 0xED, 0xAD, 0x2D, 0x67,
    0x6C, 0xF1, 0x7D, 0xB5, 0xC7, 0xB7, 0x50, 0xBD, 0xCD, 0x2D, 0x76, 0x3B, 0xDB, 0xF8, 0x27, 0x86,
    0x87, 0x94, 0x10, 0x5C, 0x77, 0xC7, 0xB9, 0xC0, 0x77, 0x23, 0x9B, 0x01, 0x24, 0x39, 0xE0, 0x4F,
    0x04, 0x97, 0x19, 0x7D, 0x9C, 0x49, 0x4E, 0xA7, 0x2F, 0x92, 0x77, 0x05, 0x20, 0xD4, 0x8E, 0x24,
    0x97, 0xAF, 0xF3, 0xE8, 0xA4, 0x3F, 0x4A, 0x92, 0x34, 0x43, 0x20, 0xDD, 0xC3, 0x22, 0x66, 0x6E,
    0x0E, 0x2D, 0x84, 0x05, 0xB5, 0x34, 0x2C, 0xB1, 0xA4, 0xF3, 0x64, 0xB0, 0xE4, 0xAD, 0x1C, 0x2B,
    0xF0, 0xA8, 0x64, 0xC1, 0xED, 0xDD, 0xD9, 0xB2, 0xD8, 0x42, 0x3D, 0xD1, 0x83, 0x5F, 0x3D, 0xDE,
    0x8A, 0x0F, 0x68, 0x1B, 0x6E, 0xB6, 0x32, 0xDC, 0x7E, 0x76, 0x43, 0x66, 0xFA, 0x67, 0xFF, 0xA2,
    0x13, 0xB6, 0x57, 0xBF, 0xA5, 0x57, 0x45, 0xFA, 0xBF, 0xFF, 0x2D, 0xFD, 0x6D, 0xFF, 0x75, 0x20,
    0xFF, 0x96, 0x7E, 0xAA, 0x7A, 0x49, 0x49, 0x46, 0xC9, 0x49, 0x66, 0x29, 0x49, 0x16, 0xA9, 0x5E,
    0x09, 0x72, 0xAD, 0x95, 0x7D, 0xE9, 0x49, 0x55, 0xB7, 0x81, 0x34, 0xAF, 0x22, 0x29, 0x9B, 0x85,
    0xA4, 0xE8, 0x02, 0xC9, 0xBB, 0x39, 0x12, 0xFB, 0xC4, 0x34, 0x6B, 0x20, 0x4D, 0x1B, 0xCD, 0xCD,
    0xB3, 0xC5, 0x2A, 0xFF, 0xD7, 0x93, 0xD5, 0xF2, 0x91, 0x2C, 0x66, 0x98, 0x90, 0x0C, 0xAC, 0x62,
    0xD2, 0xEE, 0xA8, 0xAE, 0x5C, 0xFF, 0xEC, 0x9F, 0x7D, 0xA5, 0x5B, 0x7B, 0x18, 0xD1, 0x64, 0xC2,
    0xFA, 0xE8, 0x0D, 0xE1, 0x78, 0x44, 0xED, 0xEB, 0x2D, 0x6E, 0x8B, 0x6F, 0x5F, 0xCE, 0x75, 0xEF,
    0xDB, 0x17, 0x1E, 0x73, 0xB6, 0xAF, 0x7E, 0xAB, 0x1F, 0x30, 0x4B, 0xFE, 0x8B, 0x4E, 0x58, 0x1E,
    0xD0, 0xBE, 0x26, 0xE7, 0x73, 0xD8, 0x4B, 0x95, 0xF5, 0x22, 0xDB, 0x09, 0xED, 0x0B, 0x5E, 0x67,
    0xD7, 0xBE, 0x8A, 0xC6, 0x91, 0x9B, 0xAE, 0x7D, 0x95, 0x88, 0x87, 0x85, 0xAA, 0x40, 0xAA, 0x07,
    0x24, 0x37, 0x83, 0xB8, 0xB9, 0x4E, 0x73, 0xB4, 0x2F, 0x38, 0x44, 0xFB, 0xFA, 0x48, 0x84, 0x40,
    0xFB, 0xFA, 0x65, 0x04, 0x45, 0xFB, 0xC2, 0x23, 0x5E, 0xFE, 0x01, 0xDA, 0x17, 0x12, 0xFB, 0x0E,
    0xB4, 0x2F, 0xA4, 0xEA, 0xDB, 0xD7, 0x37, 0xAB, 0xF6, 0x6C, 0x5F, 0x6F, 0x71, 0xFB, 0xA1, 0xB7,
    0x2F, 0x79, 0xE5, 0xDA, 0x08, 0xA7, 0x4E, 0x6F, 0x2D, 0x10, 0xDE, 0x5A, 0x18, 0x5C, 0xC2, 0xA3,
    0x6F, 0x9A, 0xDA, 0x4B, 0x4A, 0x32, 0x4A, 0x4E, 0x32, 0x4B, 0x41, 0xB2, 0xC0, 0x88, 0x66, 0x46,
    0xDA, 0x40, 0x1A, 0x23, 0x01, 0xB5, 0x7B, 0x28, 0xE4, 0xB2, 0xF9, 0xE5, 0x10, 0x16, 0xDD, 0xF2,
    0xB1, 0x0C, 0x2D, 0x67, 0xAB, 0x82, 0x66, 0xAB, 0x55, 0x7A, 0xF5, 0x42, 0x6D, 0x5E, 0xC9, 0x85,
    0xBA, 0x72, 0xBC, 0x61, 0x24, 0xBB, 0x4B, 0xE4, 0x7A, 0x24, 0x7A, 0x4A, 0x36, 0xDA, 0x90, 0x24,
    0xDA, 0x9D, 0x90, 0x54, 0x7B, 0x92, 0x5C, 0x87, 0x13, 0x52, 0xF8, 0x04, 0xBF, 0x54, 0x39, 0x6E,
    0xE7, 0x81, 0x0C, 0xDB, 0x40, 0x9A, 0xB0, 0x0A, 0x73, 0x28, 0xC7, 0x7B, 0xF2, 0x24, 0x3C, 0x29,
    0xDE, 0x5E, 0xD2, 0x58, 0xA0, 0x91, 0x1C, 0x5E, 0x2E, 0x90, 0x22, 0x8A, 0x2B, 0xFD, 0x4F, 0x9D,
    0x49, 0xDE, 0x9F, 0x64, 0x3F, 0x4B, 0xB5, 0x82, 0x38, 0xF7, 0x99, 0x7A, 0x52, 0xB3, 0xB2, 0x2D,
    0x2C, 0xCA, 0x86, 0xED, 0x55, 0xD2, 0xCE, 0x91, 0x07, 0xFC, 0x91, 0x58, 0xB6, 0xC6, 0x12, 0x63,
    0x69, 0x13, 0x59, 0xDE, 0x5D, 0x66, 0x45, 0x1F, 0x59, 0x35, 0x44, 0x76, 0xCD, 0xD8, 0xF9, 0x14,
    0xD9, 0x74, 0x1E, 0xD9, 0x78, 0x77, 0x0C, 0x36, 0x5C, 0x8B, 0xC1, 0xFA, 0x32, 0xB2, 0x43, 0x51,
    0x93, 0x65, 0x5D, 0xDE, 0xC4, 0xDF, 0xF6, 0xB0, 0x78, 0x23, 0x4E, 0x75, 0x8A, 0x4B, 0x51, 0xAF,
    0x49, 0x17, 0x91, 0xB2, 0x17, 0xE1, 0x39, 0x59, 0xFC, 0x36, 0xD6, 0xE1, 0xF7, 0xD9, 0xCC, 0x47,
    0xCE, 0x47, 0xFE, 0xE4, 0xC4, 0xA5, 0xE0, 0xF6, 0xE3, 0x85, 0xC3, 0xC0, 0x89, 0x63, 0x65, 0x08,
    0x9B, 0x36, 0x05, 0xAB, 0xED, 0xCA, 0x21, 0x6F, 0xBC, 0x6D, 0xA3, 0x4B, 0xD6, 0x79, 0xF6, 0xA1,
    0x53, 0xFB, 0x1D, 0x9E, 0x95, 0xE5, 0xA1, 0xF8, 0xC7, 0x9E, 0xAB, 0x2F, 0x89, 0x0E, 0x9E, 0x39,
    0xCF, 0xAD, 0x67, 0xED, 0x41, 0xA4, 0x40, 0x5C, 0x2E, 0xFE, 0x0C, 0xE6, 0x2F, 0xCF, 0x70, 0xE9,
    0x1D, 0xDC, 0xC5, 0x45, 0xB6, 0xF3, 0x95, 0xE3, 0x8D, 0x7E, 0x92, 0x48, 0xAF, 0x76, 0x27, 0xE6,
    0x2C, 0x5B, 0xAA, 0xD0, 0x2D, 0x74, 0xA2, 0x23, 0xED, 0x99, 0xB9, 0xC9, 0x84, 0xB2, 0x39, 0x78,
    0x19, 0x59, 0x76, 0x90, 0x25, 0x27, 0xB2, 0x62, 0x09, 0xF2, 0xC9, 0x82, 0x52, 0x0E, 0xD9, 0x1D,
    0x87, 0xC4, 0x07, 0x2D, 0x87, 0x8C, 0x77, 0xD8, 0x90, 0xCF, 0xF4, 0x59, 0x8E, 0xBC, 0xF5, 0xF6,
    0x83, 0x47, 0xA5, 0xD7, 0x0A, 0xBB, 0xC3, 0x5B, 0x3B, 0x04, 0x59, 0x02, 0xCE, 0x21, 0xC7, 0x58,
    0x52, 0xCF, 0xDC, 0x29, 0x17, 0xF9, 0xEC, 0xAB, 0xBF, 0xB3, 0x64, 0x63, 0x20, 0xE5, 0x14, 0xC8,
    0x7E, 0x24, 0x6E, 0x74, 0x0A, 0x12, 0x1D, 0x83, 0x24, 0xF8, 0x96, 0x56, 0xBB, 0xE0, 0x5C, 0x83,
    0x04, 0xD1, 0xDF, 0xDC, 0xA7, 0x87, 0xD7, 0x19, 0xEA, 0xD0, 0x83, 0x5F, 0x80, 0x04, 0xF9, 0xB6,
    0x5A, 0xBB, 0x8B, 0x15, 0x9F, 0xD6, 0x4E, 0x32, 0x81, 0x34, 0x9B, 0xD0, 0x96, 0xBA, 0x14, 0x12,
    0x90, 0x02, 0x12, 0x90, 0xBD, 0x0F, 0xBD, 0xD7, 0x3F, 0x84, 0x04, 0x44, 0x21, 0x21, 0x59, 0x85,
    0x24, 0x3E, 0xAB, 0x5E, 0x42, 0xD2, 0x90, 0x40, 0x42, 0x32, 0x45, 0xD2, 0x33, 0x7F, 0x48, 0x6C,
    0xD1, 0x58, 0xC0, 0x18, 0xAB, 0x6E, 0x88, 0x36, 0x9E, 0x4B, 0x78, 0x9B, 0x6B, 0xC4, 0xF3, 0xB6,
    0xF1, 0x06, 0x2B, 0x9F, 0x87, 0x6C, 0xCA, 0x27, 0xEF, 0x72, 0x48, 0xD6, 0xF0, 0xC3, 0x98, 0x36,
    0xF0, 0x27, 0x52, 0x39, 0x41, 0x36, 0x8B, 0x40, 0x50, 0x0E, 0x22, 0x4E, 0x80, 0x69, 0x71, 0x02,
    0x4C, 0x43, 0x80, 0x69, 0x08, 0x30, 0x0D, 0x01, 0xA6, 0x21, 0x38, 0xB9, 0xAF, 0xE2, 0x96, 0xB4,
    0x6B, 0x48, 0x16, 0x21, 0xE0, 0x1C, 0x21, 0xE0, 0x3C, 0x9F, 0x18, 0x3B, 0x3C, 0x99, 0x6C, 0x4B,
    0xA9, 0xB3, 0xAE, 0xF0, 0x9C, 0x0C, 0x62, 0x4F, 0xA7, 0x13, 0x60, 0x1A, 0x02, 0x4C, 0x43, 0x80,
    0x69, 0x08, 0x30, 0x0D, 0xC1, 0x9E, 0xB1, 0x96, 0xB7, 0x24, 0xBE, 0xB7, 0x9C, 0x8E, 0x77, 0xC5,
    0xC9, 0x19, 0xB5, 0xB5, 0x93, 0xCF, 0xB2, 0xD5, 0x03, 0x16, 0x92, 0x77, 0x47, 0xA5, 0x5D, 0x89,
    0x35, 0x55, 0x1D, 0x5A, 0xD5, 0x3A, 0x51, 0x9D, 0x2B, 0xD5, 0x43, 0xAE, 0x3A, 0xE2, 0x00, 0x4F,
    0x54, 0x57, 0xC5, 0xFE, 0xF3, 0x5D, 0xC5, 0x1D, 0x83, 0x6D, 0x1E, 0xDE, 0x3E, 0x89, 0xFA, 0x69,
    0x11, 0x4E, 0x7B, 0xC1, 0x68, 0x68, 0x9F, 0x9B, 0x8E, 0x76, 0xE6, 0x27, 0xFA, 0x8D, 0x71, 0x62,
    0xDC, 0x98, 0x47, 0xCC, 0x2B, 0xE6, 0x19, 0xF3, 0x0E, 0x75, 0x58, 0x5D, 0x56, 0xE7, 0xC9, 0x78,
    0x5D, 0x7C, 0x61, 0xDE, 0xFE, 0x24, 0x96, 0x32, 0x9B, 0x25, 0x9F, 0x25, 0x5B, 0xD0, 0x90, 0x53,
    0x15, 0xE7, 0x20, 0xD1, 0x0F, 0xD0, 0x46, 0xB6, 0xFA, 0xDB, 0x8A, 0x3C, 0xFF, 0x77, 0xF6, 0xB7,
    0xF1, 0x18, 0x7F, 0x36, 0x42, 0x18, 0xFB, 0xD9, 0xBF, 0xF4, 0xE7, 0x7D, 0xA8, 0x14, 0x7B, 0xE3,
    0xAB, 0xC8, 0x54, 0x07, 0x27, 0x59, 0x5B, 0x64, 0x35, 0xE3, 0x0E, 0xD0, 0xB1, 0xC0, 0x2A, 0xF7,
    0xF9, 0x8A, 0x8E, 0x92, 0x28, 0xBA, 0xD3, 0x56, 0xEB, 0x62, 0x15, 0x99, 0x05, 0x82, 0x77, 0x08,
    0x8D, 0x67, 0x6F, 0xAD, 0x31, 0xDE, 0xC6, 0x95, 0x9C, 0x8E, 0x3A, 0x34, 0x61, 0x0F, 0xF9, 0x20,
    0x9F, 0x0A, 0xD5, 0x6D, 0xDF, 0x1C, 0x74, 0x4D, 0x7D, 0x05, 0x2B, 0xBA, 0x6D, 0xAE, 0x4B, 0xA2,
    0x13, 0x1E, 0xE3, 0x8D, 0x2E, 0x82, 0xCC, 0x54, 0x13, 0x55, 0x94, 0xF3, 0x62, 0x9D, 0xB9, 0xD8,
    0xE8, 0xE9, 0x5C, 0xFA, 0xC2, 0x76, 0x62, 0xE1, 0xBB, 0x75, 0xE2, 0xFE, 0xA0, 0xE6, 0x2D, 0x21,
    0xC1, 0xDE, 0x78, 0xC9, 0x2C, 0x34, 0xE7, 0x4E, 0xFA, 0xE5, 0x82, 0x17, 0x98, 0xC1, 0x67, 0xA1,
    0x2B, 0x34, 0x15, 0x76, 0x6A, 0x95, 0x56, 0xFB, 0x0A, 0x80, 0xA6, 0x30, 0x3B, 0x90, 0xCC, 0x79,
    0x6B, 0xB1, 0xBB, 0x07, 0xDF, 0x47, 0xFF, 0x8F, 0xCF, 0xD6, 0xDB, 0x58, 0x4D, 0x9B, 0xC6, 0xC3,
    0x6B, 0x01, 0xD5, 0x92, 0xC5, 0x79, 0x05, 0x31, 0x0C, 0x84, 0x15, 0xE6, 0xE4, 0x1E, 0x2C, 0xC1,
    0x25, 0x78, 0x3B, 0x93, 0x4A, 0x48, 0x41, 0x01, 0x95, 0xE0, 0x0E, 0x82, 0xF7, 0x30, 0x83, 0x62,
    0x1A, 0x3F, 0x3E, 0x86, 0x16, 0x46, 0xFF, 0xF2, 0xCE, 0x7C, 0x43, 0xCE, 0x84, 0xB6, 0x6C, 0x7F,
    0xDA, 0x2C, 0x4C, 0x99, 0x5D, 0xAF, 0x98, 0xE9, 0x82, 0xD9, 0xE9, 0xDE, 0xF3, 0x94, 0x6C, 0x7C,
    0x50, 0xE7, 0x03, 0x91, 0x3B, 0x25, 0xF2, 0x5A, 0x76, 0xEE, 0xCA, 0x3C, 0x4E, 0x53, 0xCA, 0xE4,
    0xFE, 0x69, 0x26, 0x6C, 0xA6, 0x23, 0x13, 0xD7, 0xFF, 0xD8, 0xCC, 0xFE, 0x29, 0xBA, 0x17, 0x47,
    0x2B, 0x51, 0x8F, 0x35, 0x3A, 0x27, 0xD3, 0xE4, 0xFB, 0x58, 0x93, 0x53, 0x97, 0x3D, 0xA7, 0x27,
    0x46, 0x34, 0x79, 0x93, 0x7E, 0x4D, 0xE7, 0x7F, 0x56, 0xD3, 0xFF, 0x6F, 0x49, 0xFA, 0x7F, 0x96,
    0x95, 0xAC, 0xE9, 0xFF, 0x59, 0x7C, 0xA0, 0xA4, 0x9A, 0x94, 0x27, 0x3C, 0xFB, 0x73, 0xFF, 0xEF,
    0x35, 0xEB, 0x65, 0x52, 0x67, 0x49, 0x57, 0x3E, 0x93, 0x4E, 0x1D, 0xD6, 0xFE, 0x09, 0x51, 0x6D,
    0xA0, 0xEE, 0x49, 0xED, 0xA0, 0xFA, 0x80, 0x16, 0xF2, 0x69, 0xEB, 0x61, 0x40, 0x13, 0xF7, 0x04,
    0x5D, 0x44, 0x1B, 0x41, 0x3C, 0x44, 0xE8, 0xA0, 0xD7, 0x71, 0x84, 0xFB, 0xFE, 0x27, 0x21, 0xBF,
    0x2D, 0x6D, 0x01, 0x7A, 0x25, 0x24, 0x18, 0x11, 0x11, 0x46, 0x44, 0x86, 0x09, 0x95, 0xB0, 0x73,
    0x07, 0x44, 0x8C, 0x40, 0x1E, 0x45, 0xA4, 0x36, 0x1E, 0x47, 0x1F, 0xFB, 0x83, 0x18, 0x1A, 0xBA,
    0xFB, 0x86, 0x1B, 0xD6, 0x70, 0xA1, 0x87, 0x74, 0x44, 0x5F,
};

static const EpdGlyph ubuntu_20_regularGlyphs[] = {
    { 0, 0, 0, 0, 0, 0, 0 }, // U+0000
    { 0, 0, 0, 0, 0, 0, 0 }, // U+0001
    { 0, 0, 0, 0, 0, 0, 0 }, // U+0002
    { 0, 0, 0, 0, 0, 0, 0 }, // U+0003
    { 0, 0, 0, 0, 0, 0, 0 }, // U+0004
    { 0, 0, 0, 0, 0, 0, 0 }, // U+0005
    { 0, 0, 0, 0, 0, 0, 0 }, // U+0006
    { 0, 0, 0, 0, 0, 0, 0 }, // U+0007
    { 0, 0, 0, 0, 0, 0, 0 }, // U+0008
    { 0, 0, 154, 0, 0, 0, 0 }, // U+0009
    { 0, 0, 0, 0, 0, 0, 0 }, // U+000A
    { 0, 0, 0, 0, 0, 0, 0 }, // U+000B
    { 0, 0, 0, 0, 0, 0, 0 }, // U+000C
    { 0, 0, 154, 0, 0, 0, 0 }, // U+000D
    { 0, 0, 0, 0, 0, 0, 0 }, // U+000E
    { 0, 0, 0, 0, 0, 0, 0 }, // U+000F
    { 0, 0, 0, 0, 0, 0, 0 }, // U+0010
    { 0, 0, 0, 0, 0, 0, 0 }, // U+0011
    { 0, 0, 0, 0, 0, 0, 0 }, // U+0012
    { 0, 0, 0, 0, 0, 0, 0 }, // U+0013
    { 0, 0, 0, 0, 0, 0, 0 }, // U+0014
    { 0, 0, 0, 0, 0, 0, 0 }, // U+0015
    { 0, 0, 0, 0, 0, 0, 0 }, // U+0016
    { 0, 0, 0, 0, 0, 0, 0 }, // U+0017
    { 0, 0, 0, 0, 0, 0, 0 }, // U+0018
    { 0, 0, 0, 0, 0, 0, 0 }, // U+0019
    { 0, 0, 0, 0, 0, 0, 0 }, // U+001A
    { 0, 0, 0, 0, 0, 0, 0 }, // U+001B
    { 0, 0, 0, 0, 0, 0, 0 }, // U+001C
    { 0, 0, 0, 0, 0, 0, 0 }, // U+001D
    { 0, 0, 0, 0, 0, 0, 0 }, // U+001E
    { 0, 0, 0, 0, 0, 0, 0 }, // U+001F
    { 0, 0, 154, 0, 0, 0, 0 }, // U+0020
    { 7, 29, 184, 2, 29, 51, 0 }, // !
    { 12, 11, 279, 3, 33, 33, 51 }, // "
    { 24, 29, 445, 2, 29, 174, 84 }, // #
    { 19, 38, 376, 2, 33, 181, 258 }, // $
    { 32, 29, 572, 2, 29, 232, 439 }, // %
    { 27, 29, 444, 1, 29, 196, 671 }, // &
    { 5, 11, 161, 3, 33, 14, 867 }, // '
    { 11, 41, 216, 3, 33, 113, 881 }, // (
    { 11, 41, 216, 0, 33, 113, 994 }, // )
    { 18, 16, 320, 1, 29, 72, 1107 }, // *
    { 20, 19, 376, 2, 22, 95, 1179 }, // +
    { 7, 12, 164, 1, 5, 21, 1274 }, // ,
    { 11, 3, 199, 1, 14, 9, 1295 }, // -
    { 6, 6, 164, 2, 6, 9, 1304 }, // .
    { 20, 41, 256, -2, 33, 205, 1313 }, // /
    { 20, 29, 376, 2, 29, 145, 1518 }, // 0
    { 13, 29, 249, 0, 29, 95, 1663 }, // 1
    { 19, 29, 330, 1, 29, 138, 1758 }, // 2
    { 19, 29, 336, 1, 29, 138, 1896 }, // 3
    { 21, 29, 355, 1, 29, 153, 2034 }, // 4
    { 18, 29, 331, 1, 29, 131, 2187 }, // 5
    { 20, 29, 364, 2, 29, 145, 2318 }, // 6
    { 20, 29, 314, 0, 29, 145, 2463 }, // 7
    { 20, 29, 367, 2, 29, 145, 2608 }, // 8
    { 20, 29, 364, 1, 29, 145, 2753 }, // 9
    { 6, 23, 164, 2, 23, 35, 2898 }, // :
    { 7, 30, 164, 1, 23, 53, 2933 }, // ;
    { 20, 19, 376, 2, 22, 95, 2986 }, // <
    { 20, 12, 376, 2, 18, 60, 3081 }, // =
    { 20, 19, 376, 2, 22, 95, 3141 }, // >
    { 16, 29, 269, 0, 29, 116, 3236 }, // ?
    { 36, 35, 633, 2, 29, 315, 3352 }, // @
    { 28, 29, 442, 0, 29, 203, 3667 }, // A
    { 22, 29, 429, 3, 29, 160, 3870 }, // B
    { 23, 29, 413, 2, 29, 167, 4030 }, // C
    { 25, 29, 475, 3, 29, 182, 4197 }, // D
    { 20, 29, 381, 3, 29, 145, 4379 }, // E
    { 19, 29, 358, 3, 29, 138, 4524 }, // F
    { 24, 29, 448, 2, 29, 174, 4662 }, // G
    { 23, 29, 470, 3, 29, 167, 4836 }, // H
    { 5, 29, 179, 3, 29, 37, 5003 }, // I
    { 18, 29, 333, 0, 29, 131, 5040 }, // J
    { 24, 29, 419, 3, 29, 174, 5171 }, // K
    { 19, 29, 346, 3, 29, 138, 5345 }, // L
    { 32, 29, 581, 2, 29, 232, 5483 }, // M
    { 24, 29, 485, 3, 29, 174, 5715 }, // N
    { 29, 29, 519, 2, 29, 211, 5889 }, // O
    { 22, 29, 405, 3, 29, 160, 6100 }, // P
    { 29, 37, 519, 2, 29, 269, 6260 }, // Q
    { 23, 29, 419, 3, 29, 167, 6529 }, // R
    { 21, 29, 355, 1, 29, 153, 6696 }, // S
    { 24, 29, 377, 0, 29, 174, 6849 }, // T
    { 23, 29, 459, 3, 29, 167, 7023 }, // U
    { 28, 29, 437, 0, 29, 203, 7190 }, // V
    { 37, 29, 619, 1, 29, 269, 7393 }, // W
    { 26, 29, 421, 0, 29, 189, 7662 }, // X
    { 25, 29, 399, 0, 29, 182, 7851 }, // Y
    { 22, 29, 382, 1, 29, 160, 8033 }, // Z
    { 10, 41, 219, 4, 33, 103, 8193 }, // [
    { 20, 41, 256, -2, 33, 205, 8296 }, // <backslash>
    { 10, 41, 219, 0, 33, 103, 8501 }, // ]
    { 21, 16, 376, 1, 29, 84, 8604 }, // ^
    { 22, 3, 328, -1, -5, 17, 8688 }, // _
    { 9, 8, 251, 2, 32, 18, 8705 }, // `
    { 18, 22, 348, 1, 22, 99, 8723 }, // a
    { 20, 32, 393, 3, 32, 160, 8822 }, // b
    { 17, 22, 310, 2, 22, 94, 8982 }, // c
    { 20, 32, 393, 2, 32, 160, 9076 }, // d
    { 20, 22, 373, 2, 22, 110, 9236 }, // e
    { 14, 32, 257, 3, 32, 112, 9346 }, // f
    { 19, 30, 385, 2, 22, 143, 9458 }, // g
    { 18, 32, 381, 3, 32, 144, 9601 }, // h
    { 6, 31, 169, 2, 31, 47, 9745 }, // i
    { 11, 39, 169, -3, 31, 108, 9792 }, // j
    { 19, 32, 348, 3, 32, 152, 9900 }, // k
    { 8, 32, 182, 3, 32, 64, 10052 }, // l
    { 31, 22, 574, 3, 22, 171, 10116 }, // m
    { 18, 22, 383, 3, 22, 99, 10287 }, // n
    { 21, 22, 393, 2, 22, 116, 10386 }, // o
    { 20, 30, 393, 3, 22, 150, 10502 }, // p
    { 20, 30, 393, 2, 22, 150, 10652 }, // q
    { 13, 22, 257, 3, 22, 72, 10802 }, // r
    { 17, 22, 297, 1, 22, 94, 10874 }, // s
    { 14, 29, 268, 3, 29, 102, 10968 }, // t
    { 18, 22, 383, 3, 22, 99, 11070 }, // u
    { 21, 22, 335, 0, 22, 116, 11169 }, // v
    { 32, 22, 518, 0, 22, 176, 11285 }, // w
    { 21, 22, 341, 0, 22, 116, 11461 }, // x
    { 21, 30, 331, 0, 22, 158, 11577 }, // y
    { 18, 22, 314, 1, 22, 99, 11735 }, // z
    { 13, 41, 222, 1, 33, 134, 11834 }, // {
    { 4, 41, 186, 4, 33, 41, 11968 }, // |
    { 13, 41, 222, 0, 33, 134, 12009 }, // }
    { 21, 7, 376, 1, 16, 37, 12143 }, // ~
    { 0, 0, 0, 0, 0, 0, 12180 }, // U+007F
    { 0, 0, 0, 0, 0, 0, 0 }, // U+0080
    { 0, 0, 0, 0, 0, 0, 0 }, // U+0081
    { 0, 0, 0, 0, 0, 0, 0 }, // U+0082
    { 0, 0, 0, 0, 0, 0, 0 }, // U+0083
    { 0, 0, 0, 0, 0, 0, 0 }, // U+0084
    { 0, 0, 0, 0, 0, 0, 0 }, // U+0085
    { 0, 0, 0, 0, 0, 0, 0 }, // U+0086
    { 0, 0, 0, 0, 0, 0, 0 }, // U+0087
    { 0, 0, 0, 0, 0, 0, 0 }, // U+0088
    { 0, 0, 0, 0, 0, 0, 0 }, // U+0089
    { 0, 0, 0, 0, 0, 0, 0 }, // U+008A
    { 0, 0, 0, 0, 0, 0, 0 }, // U+008B
    { 0, 0, 0, 0, 0, 0, 0 }, // U+008C
    { 0, 0, 0, 0, 0, 0, 0 }, // U+008D
    { 0, 0, 0, 0, 0, 0, 0 }, // U+008E
    { 0, 0, 0, 0, 0, 0, 0 }, // U+008F
    { 0, 0, 0, 0, 0, 0, 0 }, // U+0090
    { 0, 0, 0, 0, 0, 0, 0 }, // U+0091
    { 0, 0, 0, 0, 0, 0, 0 }, // U+0092
    { 0, 0, 0, 0, 0, 0, 0 }, // U+0093
    { 0, 0, 0, 0, 0, 0, 0 }, // U+0094
    { 0, 0, 0, 0, 0, 0, 0 }, // U+0095
    { 0, 0, 0, 0, 0, 0, 0 }, // U+0096
    { 0, 0, 0, 0, 0, 0, 0 }, // U+0097
    { 0, 0, 0, 0, 0, 0, 0 }, // U+0098
    { 0, 0, 0, 0, 0, 0, 0 }, // U+0099
    { 0, 0, 0, 0, 0, 0, 0 }, // U+009A
    { 0, 0, 0, 0, 0, 0, 0 }, // U+009B
    { 0, 0, 0, 0, 0, 0, 0 }, // U+009C
    { 0, 0, 0, 0, 0, 0, 0 }, // U+009D
    { 0, 0, 0, 0, 0, 0, 0 }, // U+009E
    { 0, 0, 0, 0, 0, 0, 0 }, // U+009F
    { 0, 0, 154, 0, 0, 0, 0 }, // U+00A0
    { 7, 30, 184, 2, 22, 53, 0 }, // U+00A1
    { 18, 34, 376, 3, 28, 153, 53 }, // U+00A2
    { 20, 29, 376, 2, 29, 145, 206 }, // U+00A3
    { 21, 20, 376, 1, 25, 105, 351 }, // U+00A4
    { 24, 29, 376, 0, 29, 174, 456 }, // U+00A5
    { 4, 41, 186, 4, 33, 41, 630 }, // U+00A6
    { 18, 34, 328, 1, 31, 153, 671 }, // U+00A7
    { 14, 5, 251, 1, 31, 18, 824 }, // U+00A8
    { 30, 29, 543, 2, 29, 218, 842 }, // U+00A9
    { 14, 16, 259, 1, 29, 56, 1060 }, // U+00AA
    { 19, 19, 333, 1, 21, 91, 1116 }, // U+00AB
    { 20, 14, 376, 2, 16, 70, 1207 }, // U+00AC
    { 11, 3, 199, 1, 14, 9, 1277 }, // U+00AD
    { 30, 29, 543, 2, 29, 218, 1286 }, // U+00AE
    { 13, 3, 251, 1, 30, 10, 1504 }, // U+00AF
    { 12, 11, 221, 1, 32, 33, 1514 }, // U+00B0
    { 20, 25, 376, 2, 25, 125, 1547 }, // U+00B1
    { 13, 16, 239, 1, 29, 52, 1672 }, // U+00B2
    { 13, 16, 239, 1, 29, 52, 1724 }, // U+00B3
    { 9, 8, 251, 5, 32, 18, 1776 }, // U+00B4
    { 18, 30, 387, 3, 22, 135, 1794 }, // U+00B5
    { 22, 37, 431, 1, 29, 204, 1929 }, // U+00B6
    { 6, 6, 164, 2, 16, 9, 2133 }, // U+00B7
    { 9, 9, 251, 2, 1, 21, 2142 }, // U+00B8
    { 8, 16, 239, 2, 29, 32, 2163 }, // U+00B9
    { 16, 15, 297, 1, 29, 60, 2195 }, // U+00BA
    { 19, 19, 333, 1, 21, 91, 2255 }, // U+00BB
    { 34, 29, 583, 2, 29, 247, 2346 }, // U+00BC
    { 33, 29, 583, 2, 29, 240, 2593 }, // U+00BD
    { 35, 29, 583, 1, 29, 254, 2833 }, // U+00BE
    { 16, 30, 269, 1, 22, 120, 3087 }, // U+00BF
    { 28, 39, 442, 0, 39, 273, 3207 }, // U+00C0
    { 28, 39, 442, 0, 39, 273, 3480 }, // U+00C1
    { 28, 39, 442, 0, 39, 273, 3753 }, // U+00C2
    { 28, 38, 442, 0, 38, 266, 4026 }, // U+00C3
    { 28, 38, 442, 0, 38, 266, 4292 }, // U+00C4
    { 28, 36, 442, 0, 36, 252, 4558 }, // U+00C5
    { 38, 29, 623, 0, 29, 276, 4810 }, // U+00C6
    { 23, 37, 413, 2, 29, 213, 5086 }, // U+00C7
    { 20, 39, 381, 3, 39, 195, 5299 }, // U+00C8
    { 20, 39, 381, 3, 39, 195, 5494 }, // U+00C9
    { 20, 39, 381, 3, 39, 195, 5689 }, // U+00CA
    { 20, 38, 381, 3, 38, 190, 5884 }, // U+00CB
    { 9, 39, 179, 0, 39, 88, 6074 }, // U+00CC
    { 9, 39, 179, 2, 39, 88, 6162 }, // U+00CD
    { 13, 39, 179, -1, 39, 127, 6250 }, // U+00CE
    { 14, 38, 179, -1, 38, 133, 6377 }, // U+00CF
    { 29, 29, 484, 0, 29, 211, 6510 }, // U+00D0
    { 24, 38, 485, 3, 38, 228, 6721 }, // U+00D1
    { 29, 39, 519, 2, 39, 283, 6949 }, // U+00D2
    { 29, 39, 519, 2, 39, 283, 7232 }, // U+00D3
    { 29, 39, 519, 2, 39, 283, 7515 }, // U+00D4
    { 29, 38, 519, 2, 38, 276, 7798 }, // U+00D5
    { 29, 38, 519, 2, 38, 276, 8074 }, // U+00D6
    { 18, 17, 376, 3, 21, 77, 8350 }, // U+00D7
    { 29, 31, 519, 2, 30, 225, 8427 }, // U+00D8
    { 23, 39, 459, 3, 39, 225, 8652 }, // U+00D9
    { 23, 39, 459, 3, 39, 225, 8877 }, // U+00DA
    { 23, 39, 459, 3, 39, 225, 9102 }, // U+00DB
    { 23, 38, 459, 3, 38, 219, 9327 }, // U+00DC
    { 25, 39, 399, 0, 39, 244, 9546 }, // U+00DD
    { 22, 29, 406, 3, 29, 160, 9790 }, // U+00DE
    { 22, 32, 415, 3, 32, 176, 9950 }, // U+00DF
    { 18, 32, 348, 1, 32, 144, 10126 }, // U+00E0
    { 18, 32, 348, 1, 32, 144, 10270 }, // U+00E1
    { 18, 32, 348, 1, 32, 144, 10414 }, // U+00E2
    { 18, 31, 348, 1, 31, 140, 10558 }, // U+00E3
    { 18, 31, 348, 1, 31, 140, 10698 }, // U+00E4
    { 18, 33, 348, 1, 33, 149, 10838 }, // U+00E5
    { 33, 22, 573, 1, 22, 182, 10987 }, // U+00E6
    { 17, 30, 310, 2, 22, 128, 11169 }, // U+00E7
    { 20, 32, 373, 2, 32, 160, 11297 }, // U+00E8
    { 20, 32, 373, 2, 32, 160, 11457 }, // U+00E9
    { 20, 32, 373, 2, 32, 160, 11617 }, // U+00EA
    { 20, 31, 373, 2, 31, 155, 11777 }, // U+00EB
    { 9, 32, 169, 0, 32, 72, 11932 }, // U+00EC
    { 9, 32, 169, 2, 32, 72, 12004 }, // U+00ED
    { 13, 32, 169, -1, 32, 104, 12076 }, // U+00EE
    { 14, 31, 169, -2, 31, 109, 12180 }, // U+00EF
    { 22, 32, 393, 2, 32, 176, 12289 }, // U+00F0
    { 18, 31, 383, 3, 31, 140, 12465 }, // U+00F1
    { 21, 32, 393, 2, 32, 168, 12605 }, // U+00F2
    { 21, 32, 393, 2, 32, 168, 12773 }, // U+00F3
    { 21, 32, 393, 2, 32, 168, 12941 }, // U+00F4
    { 21, 31, 393, 2, 31, 163, 13109 }, // U+00F5
    { 21, 31, 393, 2, 31, 163, 13272 }, // U+00F6
    { 20, 21, 376, 2, 23, 105, 13435 }, // U+00F7
    { 21, 24, 393, 2, 23, 126, 13540 }, // U+00F8
    { 18, 32, 383, 3, 32, 144, 13666 }, // U+00F9
    { 18, 32, 383, 3, 32, 144, 13810 }, // U+00FA
    { 18, 32, 383, 3, 32, 144, 13954 }, // U+00FB
    { 18, 31, 383, 3, 31, 140, 14098 }, // U+00FC
    { 21, 40, 331, 0, 32, 210, 14238 }, // U+00FD
    { 20, 40, 393, 3, 32, 200, 14448 }, // U+00FE
    { 21, 39, 331, 0, 31, 205, 14648 }, // U+00FF
    { 28, 37, 442, 0, 37, 259, 0 }, // U+0100
    { 18, 30, 348, 1, 30, 135, 259 }, // U+0101
    { 28, 39, 442, 0, 39, 273, 394 }, // U+0102
    { 18, 32, 348, 1, 32, 144, 667 }, // U+0103
    { 28, 37, 442, 0, 29, 259, 811 }, // U+0104
    { 18, 30, 348, 1, 22, 135, 1070 }, // U+0105
    { 23, 39, 413, 2, 39, 225, 1205 }, // U+0106
    { 17, 32, 310, 2, 32, 136, 1430 }, // U+0107
    { 23, 39, 413, 2, 39, 225, 1566 }, // U+0108
    { 17, 32, 310, 2, 32, 136, 1791 }, // U+0109
    { 23, 38, 413, 2, 38, 219, 1927 }, // U+010A
    { 17, 31, 310, 2, 31, 132, 2146 }, // U+010B
    { 23, 40, 413, 2, 40, 230, 2278 }, // U+010C
    { 17, 33, 310, 2, 33, 141, 2508 }, // U+010D
    { 25, 40, 475, 3, 40, 250, 2649 }, // U+010E
    { 27, 32, 415, 2, 32, 216, 2899 }, // U+010F
    { 29, 29, 484, 0, 29, 211, 3115 }, // U+0110
    { 23, 32, 393, 2, 32, 184, 3326 }, // U+0111
    { 20, 37, 381, 3, 37, 185, 3510 }, // U+0112
    { 20, 30, 373, 2, 30, 150, 3695 }, // U+0113
    { 20, 39, 381, 3, 39, 195, 3845 }, // U+0114
    { 20, 32, 373, 2, 32, 160, 4040 }, // U+0115
    { 20, 38, 381, 3, 38, 190, 4200 }, // U+0116
    { 20, 31, 373, 2, 31, 155, 4390 }, // U+0117
    { 20, 37, 381, 3, 29, 185, 4545 }, // U+0118
    { 20, 30, 373, 2, 22, 150, 4730 }, // U+0119
    { 20, 40, 381, 3, 40, 200, 4880 }, // U+011A
    { 20, 34, 373, 2, 34, 170, 5080 }, // U+011B
    { 24, 39, 448, 2, 39, 234, 5250 }, // U+011C
    { 19, 40, 385, 2, 32, 190, 5484 }, // U+011D
    { 24, 39, 448, 2, 39, 234, 5674 }, // U+011E
    { 19, 40, 385, 2, 32, 190, 5908 }, // U+011F
    { 24, 38, 448, 2, 38, 228, 6098 }, // U+0120
    { 19, 39, 385, 2, 31, 186, 6326 }, // U+0121
    { 24, 37, 448, 2, 29, 222, 6512 }, // U+0122
    { 19, 41, 385, 2, 33, 195, 6734 }, // U+0123
    { 23, 39, 470, 3, 39, 225, 6929 }, // U+0124
    { 19, 41, 381, 2, 41, 195, 7154 }, // U+0125
    { 30, 29, 487, 0, 29, 218, 7349 }, // U+0126
    { 21, 32, 381, 0, 32, 168, 7567 }, // U+0127
    { 15, 38, 179, -2, 38, 143, 7735 }, // U+0128
    { 15, 31, 169, -2, 31, 117, 7878 }, // U+0129
    { 13, 37, 179, -1, 37, 121, 7995 }, // U+012A
    { 13, 30, 169, -1, 30, 98, 8116 }, // U+012B
    { 12, 39, 179, 0, 39, 117, 8214 }, // U+012C
    { 12, 32, 169, -1, 32, 96, 8331 }, // U+012D
    { 9, 37, 179, 0, 29, 84, 8427 }, // U+012E
    { 8, 39, 169, 0, 31, 78, 8511 }, // U+012F
    { 6, 38, 179, 3, 38, 57, 8589 }, // U+0130
    { 5, 22, 169, 3, 22, 28, 8646 }, // U+0131
    { 27, 29, 512, 3, 29, 196, 8674 }, // U+0132
    { 17, 39, 340, 2, 31, 166, 8870 }, // U+0133
    { 22, 39, 333, 0, 39, 215, 9036 }, // U+0134
    { 15, 40, 169, -3, 32, 150, 9251 }, // U+0135
    { 24, 37, 419, 3, 29, 222, 9401 }, // U+0136
    { 19, 40, 348, 3, 32, 190, 9623 }, // U+0137
    { 19, 22, 358, 3, 22, 105, 9813 }, // U+0138
    { 19, 39, 346, 3, 39, 186, 9918 }, // U+0139
    { 9, 40, 182, 2, 40, 90, 10104 }, // U+013A
    { 19, 37, 346, 3, 29, 176, 10194 }, // U+013B
    { 10, 40, 182, 1, 32, 100, 10370 }, // U+013C
    { 19, 29, 346, 3, 29, 138, 10470 }, // U+013D
    { 11, 32, 189, 3, 32, 88, 10608 }, // U+013E
    { 19, 29, 346, 3, 29, 138, 10696 }, // U+013F
    { 13, 32, 246, 3, 32, 104, 10834 }, // U+0140
    { 23, 29, 358, -1, 29, 167, 10938 }, // U+0141
    { 13, 32, 191, 0, 32, 104, 11105 }, // U+0142
    { 24, 39, 485, 3, 39, 234, 11209 }, // U+0143
    { 18, 32, 383, 3, 32, 144, 11443 }, // U+0144
    { 24, 37, 485, 3, 29, 222, 11587 }, // U+0145
    { 18, 30, 383, 3, 22, 135, 11809 }, // U+0146
    { 24, 40, 485, 3, 40, 240, 11944 }, // U+0147
    { 18, 33, 383, 3, 33, 149, 12184 }, // U+0148
    { 21, 32, 383, 0, 32, 168, 12333 }, // U+0149
    { 24, 37, 485, 3, 29, 222, 12501 }, // U+014A
    { 18, 30, 383, 3, 22, 135, 12723 }, // U+014B
    { 29, 37, 519, 2, 37, 269, 12858 }, // U+014C
    { 21, 30, 393, 2, 30, 158, 13127 }, // U+014D
    { 29, 39, 519, 2, 39, 283, 13285 }, // U+014E
    { 21, 32, 393, 2, 32, 168, 13568 }, // U+014F
    { 29, 39, 519, 2, 39, 283, 13736 }, // U+0150
    { 21, 32, 393, 2, 32, 168, 14019 }, // U+0151
    { 39, 29, 662, 2, 29, 283, 14187 }, // U+0152
    { 36, 22, 631, 2, 22, 198, 14470 }, // U+0153
    { 23, 39, 419, 3, 39, 225, 14668 }, // U+0154
    { 13, 32, 257, 3, 32, 104, 14893 }, // U+0155
    { 23, 37, 419, 3, 29, 213, 14997 }, // U+0156
    { 16, 30, 257, 0, 22, 120, 15210 }, // U+0157
    { 23, 40, 419, 3, 40, 230, 15330 }, // U+0158
    { 13, 33, 257, 3, 33, 108, 15560 }, // U+0159
    { 21, 39, 355, 1, 39, 205, 15668 }, // U+015A
    { 17, 32, 297, 1, 32, 136, 15873 }, // U+015B
    { 21, 39, 355, 1, 39, 205, 16009 }, // U+015C
    { 17, 32, 297, 1, 32, 136, 16214 }, // U+015D
    { 21, 37, 355, 1, 29, 195, 16350 }, // U+015E
    { 17, 30, 297, 1, 22, 128, 16545 }, // U+015F
    { 21, 40, 355, 1, 40, 210, 16673 }, // U+0160
    { 17, 33, 297, 1, 33, 141, 16883 }, // U+0161
    { 24, 38, 377, 0, 29, 228, 17024 }, // U+0162
    { 14, 37, 268, 3, 29, 130, 17252 }, // U+0163
    { 24, 40, 377, 0, 40, 240, 17382 }, // U+0164
    { 14, 33, 268, 3, 33, 116, 17622 }, // U+0165
    { 24, 29, 377, 0, 29, 174, 17738 }, // U+0166
    { 14, 29, 268, 3, 29, 102, 17912 }, // U+0167
    { 23, 38, 459, 3, 38, 219, 18014 }, // U+0168
    { 18, 31, 383, 3, 31, 140, 18233 }, // U+0169
    { 23, 37, 459, 3, 37, 213, 18373 }, // U+016A
    { 18, 30, 383, 3, 30, 135, 18586 }, // U+016B
    { 23, 39, 459, 3, 39, 225, 18721 }, // U+016C
    { 18, 32, 383, 3, 32, 144, 18946 }, // U+016D
    { 23, 40, 459, 3, 40, 230, 19090 }, // U+016E
    { 18, 33, 383, 3, 33, 149, 19320 }, // U+016F
    { 23, 39, 459, 3, 39, 225, 19469 }, // U+0170
    { 18, 32, 383, 3, 32, 144, 19694 }, // U+0171
    { 23, 37, 459, 3, 29, 213, 19838 }, // U+0172
    { 18, 30, 383, 3, 22, 135, 20051 }, // U+0173
    { 37, 39, 619, 1, 39, 361, 20186 }, // U+0174
    { 32, 32, 518, 0, 32, 256, 20547 }, // U+0175
    { 25, 39, 399, 0, 39, 244, 20803 }, // U+0176
    { 21, 40, 331, 0, 32, 210, 21047 }, // U+0177
    { 25, 38, 399, 0, 38, 238, 21257 }, // U+0178
    { 22, 39, 382, 1, 39, 215, 21495 }, // U+0179
    { 18, 32, 314, 1, 32, 144, 21710 }, // U+017A
    { 22, 38, 382, 1, 38, 209, 21854 }, // U+017B
    { 18, 31, 314, 1, 31, 140, 22063 }, // U+017C
    { 22, 40, 382, 1, 40, 220, 22203 }, // U+017D
    { 18, 33, 314, 1, 33, 149, 22423 }, // U+017E
    { 14, 32, 182, 3, 32, 112, 22572 }, // U+017F
    { 29, 33, 519, 2, 33, 240, 0 }, // U+01A0
    { 23, 26, 393, 2, 26, 150, 240 }, // U+01A1
    { 28, 34, 473, 3, 34, 238, 390 }, // U+01AF
    { 23, 27, 398, 3, 27, 156, 628 }, // U+01B0
    { 50, 40, 860, 3, 40, 500, 784 }, // U+01C4
    { 46, 33, 792, 3, 33, 380, 1284 }, // U+01C5
    { 42, 33, 709, 2, 33, 347, 1664 }, // U+01C6
    { 37, 29, 679, 3, 29, 269, 2011 }, // U+01C7
    { 27, 39, 517, 3, 31, 264, 2280 }, // U+01C8
    { 17, 40, 353, 3, 32, 170, 2544 }, // U+01C9
    { 46, 29, 818, 3, 29, 334, 2714 }, // U+01CA
    { 36, 39, 657, 3, 31, 351, 3048 }, // U+01CB
    { 30, 39, 554, 3, 31, 293, 3399 }, // U+01CC
    { 28, 40, 442, 0, 40, 280, 3692 }, // U+01CD
    { 18, 33, 348, 1, 33, 149, 3972 }, // U+01CE
    { 12, 40, 179, 0, 40, 120, 4121 }, // U+01CF
    { 13, 33, 169, -1, 33, 108, 4241 }, // U+01D0
    { 29, 40, 519, 2, 40, 290, 4349 }, // U+01D1
    { 21, 33, 393, 2, 33, 174, 4639 }, // U+01D2
    { 23, 40, 459, 3, 40, 230, 4813 }, // U+01D3
    { 18, 33, 383, 3, 33, 149, 5043 }, // U+01D4
    { 23, 42, 459, 3, 42, 242, 5192 }, // U+01D5
    { 18, 35, 383, 3, 35, 158, 5434 }, // U+01D6
    { 23, 41, 459, 3, 41, 236, 5592 }, // U+01D7
    { 18, 37, 383, 3, 37, 167, 5828 }, // U+01D8
    { 23, 41, 459, 3, 41, 236, 5995 }, // U+01D9
    { 18, 36, 383, 3, 36, 162, 6231 }, // U+01DA
    { 23, 41, 459, 3, 41, 236, 6393 }, // U+01DB
    { 18, 37, 383, 3, 37, 167, 6629 }, // U+01DC
    { 20, 22, 373, 2, 22, 110, 6796 }, // U+01DD
    { 28, 42, 442, 0, 42, 294, 6906 }, // U+01DE
    { 18, 35, 348, 1, 35, 158, 7200 }, // U+01DF
    { 28, 42, 442, 0, 42, 294, 7358 }, // U+01E0
    { 18, 35, 348, 1, 35, 158, 7652 }, // U+01E1
    { 38, 37, 623, 0, 37, 352, 7810 }, // U+01E2
    { 33, 30, 573, 1, 30, 248, 8162 }, // U+01E3
    { 27, 29, 468, 2, 29, 196, 8410 }, // U+01E4
    { 23, 30, 393, 2, 22, 173, 8606 }, // U+01E5
    { 24, 40, 448, 2, 40, 240, 8779 }, // U+01E6
    { 19, 41, 385, 2, 33, 195, 9019 }, // U+01E7
    { 24, 40, 419, 3, 40, 240, 9214 }, // U+01E8
    { 20, 41, 348, 2, 41, 205, 9454 }, // U+01E9
    { 29, 37, 519, 2, 29, 269, 9659 }, // U+01EA
    { 21, 30, 393, 2, 22, 158, 9928 }, // U+01EB
    { 29, 45, 519, 2, 37, 327, 10086 }, // U+01EC
    { 21, 38, 393, 2, 30, 200, 10413 }, // U+01ED
    { 21, 40, 378, 1, 40, 210, 10613 }, // U+01EE
    { 20, 41, 314, -1, 33, 205, 10823 }, // U+01EF
    { 15, 41, 169, -3, 33, 154, 11028 }, // U+01F0
    { 50, 29, 860, 3, 29, 363, 11182 }, // U+01F1
    { 46, 29, 792, 3, 29, 334, 11545 }, // U+01F2
    { 42, 32, 709, 2, 32, 336, 11879 }, // U+01F3
    { 24, 39, 448, 2, 39, 234, 12215 }, // U+01F4
    { 19, 40, 385, 2, 32, 190, 12449 }, // U+01F5
    { 39, 29, 705, 3, 29, 283, 12639 }, // U+01F6
    { 22, 37, 429, 3, 29, 204, 12922 }, // U+01F7
    { 24, 39, 485, 3, 39, 234, 13126 }, // U+01F8
    { 18, 32, 383, 3, 32, 144, 13360 }, // U+01F9
    { 28, 41, 442, 0, 41, 287, 13504 }, // U+01FA
    { 18, 39, 348, 1, 39, 176, 13791 }, // U+01FB
    { 38, 39, 623, 0, 39, 371, 13967 }, // U+01FC
    { 33, 32, 573, 1, 32, 264, 14338 }, // U+01FD
    { 29, 40, 519, 2, 39, 290, 14602 }, // U+01FE
    { 21, 33, 393, 2, 32, 174, 14892 }, // U+01FF
    { 28, 39, 442, 0, 39, 273, 15066 }, // U+0200
    { 18, 32, 348, 1, 32, 144, 15339 }, // U+0201
    { 28, 39, 442, 0, 39, 273, 15483 }, // U+0202
    { 18, 32, 348, 1, 32, 144, 15756 }, // U+0203
    { 20, 39, 381, 3, 39, 195, 15900 }, // U+0204
    { 20, 32, 373, 2, 32, 160, 16095 }, // U+0205
    { 20, 39, 381, 3, 39, 195, 16255 }, // U+0206
    { 20, 32, 373, 2, 32, 160, 16450 }, // U+0207
    { 15, 39, 179, -4, 39, 147, 16610 }, // U+0208
    { 15, 32, 169, -4, 32, 120, 16757 }, // U+0209
    { 12, 39, 179, 0, 39, 117, 16877 }, // U+020A
    { 13, 32, 169, -1, 32, 104, 16994 }, // U+020B
    { 29, 39, 519, 2, 39, 283, 17098 }, // U+020C
    { 21, 32, 393, 2, 32, 168, 17381 }, // U+020D
    { 29, 39, 519, 2, 39, 283, 17549 }, // U+020E
    { 21, 32, 393, 2, 32, 168, 17832 }, // U+020F
    { 23, 39, 419, 3, 39, 225, 18000 }, // U+0210
    { 16, 32, 257, 0, 32, 128, 18225 }, // U+0211
    { 23, 39, 419, 3, 39, 225, 18353 }, // U+0212
    { 13, 32, 257, 3, 32, 104, 18578 }, // U+0213
    { 23, 39, 459, 3, 39, 225, 18682 }, // U+0214
    { 18, 32, 383, 3, 32, 144, 18907 }, // U+0215
    { 23, 39, 459, 3, 39, 225, 19051 }, // U+0216
    { 18, 32, 383, 3, 32, 144, 19276 }, // U+0217
    { 21, 37, 355, 1, 29, 195, 19420 }, // U+0218
    { 17, 30, 297, 1, 22, 128, 19615 }, // U+0219
    { 24, 37, 377, 0, 29, 222, 19743 }, // U+021A
    { 14, 37, 268, 3, 29, 130, 19965 }, // U+021B
    { 21, 37, 357, 0, 29, 195, 20095 }, // U+021C
    { 17, 30, 291, 0, 22, 128, 20290 }, // U+021D
    { 23, 40, 470, 3, 40, 230, 20418 }, // U+021E
    { 19, 41, 381, 2, 41, 195, 20648 }, // U+021F
    { 15, 7, 0, -7, 33, 27, 0 }, // U+0302
    { 16, 6, 0, -8, 32, 24, 27 }, // U+0303
    { 18, 4, 0, -9, 36, 18, 51 }, // U+0305
    { 6, 5, 0, -3, 31, 8, 69 }, // U+0307
    { 12, 4, 0, -6, 31, 12, 77 }, // U+0308
    { 12, 6, 251, 2, 32, 18, 89 }, // U+0311
    { 16, 6, 0, -8, -2, 24, 107 }, // U+0330
    { 28, 37, 442, 0, 29, 259, 0 }, // U+1EA0
    { 18, 31, 348, 1, 23, 140, 259 }, // U+1EA1
    { 28, 39, 442, 0, 39, 273, 399 }, // U+1EA2
    { 18, 33, 348, 1, 32, 149, 672 }, // U+1EA3
    { 28, 44, 442, 0, 44, 308, 821 }, // U+1EA4
    { 22, 38, 348, 1, 37, 209, 1129 }, // U+1EA5
    { 28, 43, 442, 0, 43, 301, 1338 }, // U+1EA6
    { 18, 39, 348, 1, 38, 176, 1639 }, // U+1EA7
    { 28, 45, 442, 0, 45, 315, 1815 }, // U+1EA8
    { 20, 39, 348, 1, 38, 195, 2130 }, // U+1EA9
    { 28, 45, 442, 0, 45, 315, 2325 }, // U+1EAA
    { 18, 39, 348, 1, 38, 176, 2640 }, // U+1EAB
    { 28, 47, 442, 0, 39, 329, 2816 }, // U+1EAC
    { 18, 41, 348, 1, 33, 185, 3145 }, // U+1EAD
    { 28, 46, 442, 0, 46, 322, 3330 }, // U+1EAE
    { 18, 40, 348, 1, 39, 180, 3652 }, // U+1EAF
    { 28, 46, 442, 0, 46, 322, 3832 }, // U+1EB0
    { 18, 40, 348, 1, 39, 180, 4154 }, // U+1EB1
    { 28, 45, 442, 0, 45, 315, 4334 }, // U+1EB2
    { 18, 40, 348, 1, 39, 180, 4649 }, // U+1EB3
    { 28, 44, 442, 0, 44, 308, 4829 }, // U+1EB4
    { 18, 39, 348, 1, 38, 176, 5137 }, // U+1EB5
    { 28, 46, 442, 0, 38, 322, 5313 }, // U+1EB6
    { 18, 40, 348, 1, 32, 180, 5635 }, // U+1EB7
    { 20, 37, 381, 3, 29, 185, 5815 }, // U+1EB8
    { 20, 31, 373, 2, 23, 155, 6000 }, // U+1EB9
    { 20, 39, 381, 3, 39, 195, 6155 }, // U+1EBA
    { 20, 33, 373, 2, 32, 165, 6350 }, // U+1EBB
    { 20, 38, 381, 3, 38, 190, 6515 }, // U+1EBC
    { 20, 32, 373, 2, 31, 160, 6705 }, // U+1EBD
    { 22, 43, 381, 3, 43, 237, 6865 }, // U+1EBE
    { 22, 39, 373, 2, 38, 215, 7102 }, // U+1EBF
    { 20, 44, 381, 3, 44, 220, 7317 }, // U+1EC0
    { 20, 39, 373, 2, 38, 195, 7537 }, // U+1EC1
    { 20, 44, 381, 3, 44, 220, 7732 }, // U+1EC2
    { 21, 39, 373, 2, 38, 205, 7952 }, // U+1EC3
    { 20, 45, 381, 3, 45, 225, 8157 }, // U+1EC4
    { 20, 40, 373, 2, 39, 200, 8382 }, // U+1EC5
    { 20, 47, 381, 3, 39, 235, 8582 }, // U+1EC6
    { 20, 41, 373, 2, 33, 205, 8817 }, // U+1EC7
    { 9, 39, 179, 1, 39, 88, 9022 }, // U+1EC8
    { 9, 32, 169, 1, 32, 72, 9110 }, // U+1EC9
    { 6, 37, 179, 3, 29, 56, 9182 }, // U+1ECA
    { 6, 39, 169, 2, 31, 59, 9238 }, // U+1ECB
    { 28, 38, 519, 2, 30, 266, 9297 }, // U+1ECC
    { 21, 31, 393, 2, 23, 163, 9563 }, // U+1ECD
    { 28, 40, 519, 2, 39, 280, 9726 }, // U+1ECE
    { 21, 33, 393, 2, 32, 174, 10006 }, // U+1ECF
    { 28, 45, 519, 2, 44, 315, 10180 }, // U+1ED0
    { 22, 38, 393, 2, 37, 209, 10495 }, // U+1ED1
    { 28, 45, 519, 2, 44, 315, 10704 }, // U+1ED2
    { 21, 39, 393, 2, 38, 205, 11019 }, // U+1ED3
    { 28, 45, 519, 2, 44, 315, 11224 }, // U+1ED4
    { 21, 38, 393, 2, 37, 200, 11539 }, // U+1ED5
    { 28, 45, 519, 2, 44, 315, 11739 }, // U+1ED6
    { 21, 39, 393, 2, 38, 205, 12054 }, // U+1ED7
    { 28, 48, 519, 2, 40, 336, 12259 }, // U+1ED8
    { 21, 41, 393, 2, 33, 216, 12595 }, // U+1ED9
    { 29, 40, 519, 2, 39, 290, 12811 }, // U+1EDA
    { 23, 34, 393, 2, 33, 196, 13101 }, // U+1EDB
    { 29, 40, 519, 2, 39, 290, 13297 }, // U+1EDC
    { 23, 34, 393, 2, 33, 196, 13587 }, // U+1EDD
    { 29, 40, 519, 2, 39, 290, 13783 }, // U+1EDE
    { 23, 33, 393, 2, 32, 190, 14073 }, // U+1EDF
    { 29, 39, 519, 2, 38, 283, 14263 }, // U+1EE0
    { 23, 32, 393, 2, 31, 184, 14546 }, // U+1EE1
    { 29, 42, 519, 2, 34, 305, 14730 }, // U+1EE2
    { 23, 35, 393, 2, 27, 202, 15035 }, // U+1EE3
    { 23, 37, 459, 3, 29, 213, 15237 }, // U+1EE4
    { 18, 30, 383, 3, 22, 135, 15450 }, // U+1EE5
    { 23, 40, 459, 3, 39, 230, 15585 }, // U+1EE6
    { 18, 33, 383, 3, 32, 149, 15815 }, // U+1EE7
    { 28, 40, 473, 3, 39, 280, 15964 }, // U+1EE8
    { 23, 34, 398, 3, 33, 196, 16244 }, // U+1EE9
    { 28, 40, 473, 3, 39, 280, 16440 }, // U+1EEA
    { 23, 34, 398, 3, 33, 196, 16720 }, // U+1EEB
    { 28, 40, 473, 3, 39, 280, 16916 }, // U+1EEC
    { 23, 33, 398, 3, 32, 190, 17196 }, // U+1EED
    { 28, 39, 473, 3, 38, 273, 17386 }, // U+1EEE
    { 23, 32, 398, 3, 31, 184, 17659 }, // U+1EEF
    { 28, 42, 473, 3, 34, 294, 17843 }, // U+1EF0
    { 23, 35, 398, 3, 27, 202, 18137 }, // U+1EF1
    { 25, 39, 399, 0, 39, 244, 18339 }, // U+1EF2
    { 21, 41, 331, 0, 33, 216, 18583 }, // U+1EF3
    { 25, 37, 399, 0, 29, 232, 18799 }, // U+1EF4
    { 20, 30, 331, 0, 22, 150, 19031 }, // U+1EF5
    { 25, 39, 399, 0, 39, 244, 19181 }, // U+1EF6
    { 20, 40, 331, 0, 32, 200, 19425 }, // U+1EF7
    { 25, 38, 399, 0, 38, 238, 19625 }, // U+1EF8
    { 20, 39, 331, 0, 31, 195, 19863 }, // U+1EF9
    { 22, 3, 331, -1, 14, 17, 0 }, // U+2013
    { 43, 3, 664, -1, 14, 33, 17 }, // U+2014
    { 43, 3, 664, -1, 14, 33, 50 }, // U+2015
    { 7, 10, 157, 2, 32, 18, 83 }, // U+2018
    { 7, 11, 157, 1, 32, 20, 101 }, // U+2019
    { 7, 10, 157, 1, 5, 18, 121 }, // U+201A
    { 15, 10, 278, 2, 32, 38, 139 }, // U+201C
    { 14, 11, 278, 1, 32, 39, 177 }, // U+201D
    { 14, 10, 278, 1, 5, 35, 216 }, // U+201E
    { 18, 35, 317, 1, 29, 158, 251 }, // U+2020
    { 18, 35, 317, 1, 29, 158, 409 }, // U+2021
    { 11, 11, 240, 2, 20, 31, 567 }, // U+2022
    { 34, 6, 664, 4, 6, 51, 598 }, // U+2026
    { 48, 29, 818, 2, 29, 348, 649 }, // U+2030
    { 10, 11, 155, 1, 30, 28, 997 }, // U+2032
    { 18, 11, 272, 1, 30, 50, 1025 }, // U+2033
    { 25, 11, 389, 1, 30, 69, 1075 }, // U+2034
    { 11, 11, 155, -2, 30, 31, 1144 }, // U+2035
    { 17, 11, 293, -2, 30, 47, 1175 }, // U+2036
    { 24, 11, 401, -2, 30, 66, 1222 }, // U+2037
    { 10, 19, 194, 1, 21, 48, 1288 }, // U+2039
    { 10, 19, 194, 1, 21, 48, 1336 }, // U+203A
    { 22, 29, 99, -8, 29, 160, 1384 }, // U+2044
    { 31, 11, 495, 1, 30, 86, 1544 }, // U+2057
    { 13, 16, 239, 1, 29, 52, 0 }, // U+2070
    { 14, 16, 239, 1, 29, 56, 52 }, // U+2074
    { 13, 16, 239, 1, 29, 52, 108 }, // U+2075
    { 13, 16, 239, 1, 29, 52, 160 }, // U+2076
    { 13, 16, 239, 1, 29, 52, 212 }, // U+2077
    { 13, 16, 239, 1, 29, 52, 264 }, // U+2078
    { 13, 16, 239, 1, 29, 52, 316 }, // U+2079
    { 13, 16, 239, 1, 16, 52, 368 }, // U+2080
    { 8, 16, 239, 2, 16, 32, 420 }, // U+2081
    { 13, 16, 239, 1, 16, 52, 452 }, // U+2082
    { 13, 16, 239, 1, 16, 52, 504 }, // U+2083
    { 14, 16, 239, 1, 16, 56, 556 }, // U+2084
    { 13, 16, 239, 1, 16, 52, 612 }, // U+2085
    { 13, 16, 239, 1, 16, 52, 664 }, // U+2086
    { 13, 16, 239, 1, 16, 52, 716 }, // U+2087
    { 13, 16, 239, 1, 16, 52, 768 }, // U+2088
    { 13, 16, 239, 1, 16, 52, 820 }, // U+2089
    { 23, 29, 376, 1, 29, 167, 0 }, // U+20AC
    { 22, 29, 376, 1, 29, 160, 167 }, // U+20AE
    { 22, 29, 376, 1, 29, 160, 327 }, // U+20B4
    { 22, 29, 376, 2, 29, 160, 487 }, // U+20B9
    { 29, 13, 529, 2, 21, 95, 0 }, // U+2190
    { 14, 29, 291, 2, 29, 102, 95 }, // U+2191
    { 29, 13, 529, 2, 21, 95, 197 }, // U+2192
    { 14, 29, 291, 2, 29, 102, 292 }, // U+2193
    { 33, 13, 589, 2, 21, 108, 394 }, // U+2194
    { 14, 33, 291, 2, 29, 116, 502 }, // U+2195
    { 22, 22, 412, 2, 26, 121, 618 }, // U+2196
    { 22, 22, 412, 2, 26, 121, 739 }, // U+2197
    { 22, 22, 412, 2, 25, 121, 860 }, // U+2198
    { 22, 22, 412, 2, 25, 121, 981 }, // U+2199
    { 22, 32, 390, 1, 32, 176, 0 }, // U+2202
    { 31, 33, 559, 2, 32, 256, 176 }, // U+2205
    { 27, 29, 434, 0, 29, 196, 432 }, // U+2206
    { 23, 33, 465, 3, 29, 190, 628 }, // U+220F
    { 23, 40, 433, 2, 30, 230, 818 }, // U+2210
    { 21, 34, 343, 0, 29, 179, 1048 }, // U+2211
    { 25, 34, 376, 0, 33, 213, 1227 }, // U+221A
    { 23, 12, 392, 1, 18, 69, 1440 }, // U+221E
    { 21, 16, 376, 1, 21, 84, 1509 }, // U+2248
    { 20, 24, 376, 2, 24, 120, 1593 }, // U+2260
    { 20, 17, 381, 2, 23, 85, 1713 }, // U+2261
    { 20, 27, 381, 2, 28, 135, 1798 }, // U+2262
    { 20, 25, 381, 2, 27, 125, 1933 }, // U+2263
    { 20, 25, 376, 2, 25, 125, 2058 }, // U+2264
    { 20, 25, 376, 2, 25, 125, 2183 }, // U+2265
    { 31, 31, 556, 2, 31, 241, 0 }, // U+25A0
    { 31, 31, 556, 2, 31, 241, 241 }, // U+25A1
    { 31, 32, 561, 2, 31, 248, 482 }, // U+25A2
    { 31, 31, 556, 2, 31, 241, 730 }, // U+25A3
    { 31, 30, 556, 2, 30, 233, 971 }, // U+25A4
    { 31, 30, 556, 2, 30, 233, 1204 }, // U+25A5
    { 31, 30, 556, 2, 30, 233, 1437 }, // U+25A6
    { 31, 30, 556, 2, 30, 233, 1670 }, // U+25A7
    { 31, 30, 556, 2, 30, 233, 1903 }, // U+25A8
    { 31, 30, 556, 2, 30, 233, 2136 }, // U+25A9
    { 11, 12, 233, 2, 21, 33, 2369 }, // U+25AA
    { 11, 11, 235, 2, 21, 31, 2402 }, // U+25AB
    { 42, 13, 667, 0, 15, 137, 2433 }, // U+25AC
    { 42, 13, 667, 0, 15, 137, 2570 }, // U+25AD
    { 13, 42, 667, 14, 30, 137, 2707 }, // U+25AE
    { 13, 42, 269, 2, 30, 137, 2844 }, // U+25AF
    { 42, 13, 667, 0, 15, 137, 2981 }, // U+25B0
    { 42, 13, 667, 0, 15, 137, 3118 }, // U+25B1
    { 34, 30, 605, 2, 30, 255, 3255 }, // U+25B2
    { 34, 30, 605, 2, 30, 255, 3510 }, // U+25B3
    { 13, 13, 247, 1, 20, 43, 3765 }, // U+25B4
    { 13, 13, 247, 1, 20, 43, 3808 }, // U+25B5
    { 30, 35, 533, 2, 32, 263, 3851 }, // U+25B6
    { 30, 35, 533, 2, 32, 263, 4114 }, // U+25B7
    { 13, 13, 247, 1, 20, 43, 4377 }, // U+25B8
    { 13, 13, 247, 1, 20, 43, 4420 }, // U+25B9
    { 27, 15, 489, 2, 21, 102, 4463 }, // U+25BA
    { 27, 15, 489, 2, 21, 102, 4565 }, // U+25BB
    { 34, 30, 605, 2, 30, 255, 4667 }, // U+25BC
    { 34, 30, 605, 2, 29, 255, 4922 }, // U+25BD
    { 13, 13, 247, 1, 20, 43, 5177 }, // U+25BE
    { 13, 13, 247, 1, 20, 43, 5220 }, // U+25BF
    { 30, 35, 533, 2, 32, 263, 5263 }, // U+25C0
    { 30, 35, 533, 2, 32, 263, 5526 }, // U+25C1
    { 13, 13, 247, 1, 20, 43, 5789 }, // U+25C2
    { 13, 13, 247, 1, 20, 43, 5832 }, // U+25C3
    { 27, 15, 489, 2, 21, 102, 5875 }, // U+25C4
    { 27, 15, 489, 2, 21, 102, 5977 }, // U+25C5
    { 43, 43, 739, 2, 37, 463, 6079 }, // U+25C6
    { 43, 43, 739, 2, 37, 463, 6542 }, // U+25C7
    { 43, 43, 739, 2, 37, 463, 7005 }, // U+25C8
    { 33, 33, 596, 2, 32, 273, 7468 }, // U+25C9
    { 21, 31, 368, 1, 30, 163, 7741 }, // U+25CA
    { 33, 34, 596, 2, 32, 281, 7904 }, // U+25CB
    { 21, 20, 396, 2, 22, 105, 8185 }, // U+25CC
    { 33, 34, 596, 2, 32, 281, 8290 }, // U+25CD
    { 33, 33, 596, 2, 32, 273, 8571 }, // U+25CE
    { 33, 34, 596, 2, 32, 281, 8844 }, // U+25CF
    { 36, 35, 640, 2, 34, 315, 9125 }, // U+2605
    { 39, 39, 689, 2, 36, 381, 9440 }, // U+2606
    { 31, 33, 553, 2, 31, 256, 9821 }, // U+2713
    { 35, 33, 620, 2, 29, 289, 10077 }, // U+2714
    { 32, 33, 576, 2, 29, 264, 10366 }, // U+2715
    { 32, 32, 564, 2, 27, 256, 10630 }, // U+2716
    { 24, 32, 443, 2, 26, 192, 10886 }, // U+2717
    { 28, 34, 511, 2, 28, 238, 11078 }, // U+2718
    { 30, 32, 517, 3, 32, 240, 0 }, // U+FB00
    { 22, 32, 429, 3, 32, 176, 240 }, // U+FB01
    { 24, 32, 442, 3, 32, 192, 416 }, // U+FB02
    { 38, 32, 689, 3, 32, 304, 608 }, // U+FB03
    { 41, 32, 702, 3, 32, 328, 912 }, // U+FB04
};

static const EpdUnicodeInterval ubuntu_20_regularIntervals[] = {
    { 0x0, 0x17F, 0x0 },
    { 0x1A0, 0x1A1, 0x180 },
    { 0x1AF, 0x1B0, 0x182 },
    { 0x1C4, 0x21F, 0x184 },
    { 0x302, 0x303, 0x1E0 },
    { 0x305, 0x305, 0x1E2 },
    { 0x307, 0x308, 0x1E3 },
    { 0x311, 0x311, 0x1E5 },
    { 0x330, 0x330, 0x1E6 },
    { 0x1EA0, 0x1EF9, 0x1E7 },
    { 0x2013, 0x2015, 0x241 },
    { 0x2018, 0x201A, 0x244 },
    { 0x201C, 0x201E, 0x247 },
    { 0x2020, 0x2022, 0x24A },
    { 0x2026, 0x2026, 0x24D },
    { 0x2030, 0x2030, 0x24E },
    { 0x2032, 0x2037, 0x24F },
    { 0x2039, 0x203A, 0x255 },
    { 0x2044, 0x2044, 0x257 },
    { 0x2057, 0x2057, 0x258 },
    { 0x2070, 0x2070, 0x259 },
    { 0x2074, 0x2079, 0x25A },
    { 0x2080, 0x2089, 0x260 },
    { 0x20AC, 0x20AC, 0x26A },
    { 0x20AE, 0x20AE, 0x26B },
    { 0x20B4, 0x20B4, 0x26C },
    { 0x20B9, 0x20B9, 0x26D },
    { 0x2190, 0x2199, 0x26E },
    { 0x2202, 0x2202, 0x278 },
    { 0x2205, 0x2206, 0x279 },
    { 0x220F, 0x2211, 0x27B },
    { 0x221A, 0x221A, 0x27E },
    { 0x221E, 0x221E, 0x27F },
    { 0x2248, 0x2248, 0x280 },
    { 0x2260, 0x2265, 0x281 },
    { 0x25A0, 0x25CF, 0x287 },
    { 0x2605, 0x2606, 0x2B7 },
    { 0x2713, 0x2718, 0x2B9 },
    { 0xFB00, 0xFB04, 0x2BF },
};

static const EpdFontGroup ubuntu_20_regularGroups[] = {
    { 0, 4074, 12974, 128, 0 },
    { 4074, 3653, 15998, 128, 128 },
    { 7727, 4353, 24343, 128, 256 },
    { 12080, 4428, 22121, 96, 384 },
    { 16508, 101, 136, 7, 480 },
    { 16609, 2903, 21029, 90, 487 },
    { 19512, 615, 1750, 24, 577 },
    { 20127, 327, 1056, 17, 601 },
    { 20454, 245, 696, 4, 618 },
    { 20699, 390, 1217, 10, 622 },
    { 21089, 718, 2422, 15, 632 },
    { 21807, 3123, 11906, 56, 647 },
    { 24930, 232, 1312, 5, 703 },
};

static const uint16_t ubuntu_20_regularKernLeftCodepoints[] = {
    0x0022, 0x0023, 0x0027, 0x0028, 0x0029, 0x002A, 0x002C, 0x002D, 0x002E, 0x002F, 0x0030, 0x0031,
    0x0032, 0x0033, 0x0034, 0x0035, 0x0036, 0x0037, 0x0038, 0x0039, 0x003A, 0x003B, 0x0040, 0x0041,
    0x0042, 0x0043, 0x0044, 0x0045, 0x0046, 0x0047, 0x004A, 0x004B, 0x004C, 0x004D, 0x004F, 0x0050,
    0x0051, 0x0052, 0x0054, 0x0055, 0x0056, 0x0057, 0x0058, 0x0059, 0x005A, 0x005B, 0x005D, 0x0061,
    0x0062, 0x0063, 0x0066, 0x0068, 0x006A, 0x006B, 0x006D, 0x006E, 0x006F, 0x0070, 0x0071, 0x0072,
    0x0074, 0x0076, 0x0077, 0x0078, 0x007A, 0x007B, 0x007D, 0x00A1, 0x00A3, 0x00A5, 0x00AB, 0x00BB,
    0x00BF, 0x00C0, 0x00C1, 0x00C2, 0x00C3, 0x00C4, 0x00C5, 0x00C6, 0x00C7, 0x00C8, 0x00C9, 0x00CA,
    0x00CB, 0x00D0, 0x00D2, 0x00D3, 0x00D4, 0x00D5, 0x00D6, 0x00D8, 0x00D9, 0x00DA, 0x00DB, 0x00DC,
    0x00DD, 0x00DE, 0x00DF, 0x00E0, 0x00E1, 0x00E2, 0x00E3, 0x00E4, 0x00E5, 0x00E7, 0x00F0, 0x00F1,
    0x00F2, 0x00F3, 0x00F4, 0x00F5, 0x00F6, 0x00F8, 0x00FE, 0x0100, 0x0101, 0x0102, 0x0103, 0x0104,
    0x0105, 0x0106, 0x0107, 0x0108, 0x0109, 0x010A, 0x010B, 0x010C, 0x010D, 0x010E, 0x010F, 0x0110,
    0x0112, 0x0114, 0x0116, 0x0118, 0x011A, 0x011C, 0x011E, 0x0120, 0x0122, 0x0125, 0x0127, 0x0132,
    0x0133, 0x0134, 0x0135, 0x0136, 0x0137, 0x0138, 0x0139, 0x013B, 0x013D, 0x013E, 0x013F, 0x0141,
    0x0144, 0x0146, 0x0148, 0x0149, 0x014A, 0x014B, 0x014C, 0x014D, 0x014E, 0x014F, 0x0150, 0x0151,
    0x0152, 0x0154, 0x0155, 0x0156, 0x0157, 0x0158, 0x0159, 0x0162, 0x0163, 0x0164, 0x0165, 0x0166,
    0x0167, 0x0168, 0x016A, 0x016C, 0x016E, 0x0170, 0x0172, 0x0174, 0x0175, 0x0176, 0x0178, 0x0179,
    0x017A, 0x017B, 0x017C, 0x017D, 0x017E, 0x017F, 0x01C4, 0x01C5, 0x01C6, 0x01C7, 0x01C8, 0x01C9,
    0x01CA, 0x01CB, 0x01CC, 0x01CD, 0x01CE, 0x01D1, 0x01D2, 0x01D3, 0x01D5, 0x01D7, 0x01D9, 0x01DB,
    0x01DD, 0x01DE, 0x01DF, 0x01E0, 0x01E1, 0x01E2, 0x01E4, 0x01E6, 0x01E8, 0x01E9, 0x01EA, 0x01EB,
    0x01EC, 0x01ED, 0x01EE, 0x01F0, 0x01F1, 0x01F2, 0x01F3, 0x01F4, 0x01F7, 0x01F9, 0x01FA, 0x01FB,
    0x01FC, 0x01FE, 0x01FF, 0x0200, 0x0201, 0x0202, 0x0203, 0x0204, 0x0206, 0x020C, 0x020D, 0x020E,
    0x020F, 0x0210, 0x0211, 0x0212, 0x0213, 0x0214, 0x0216, 0x021A, 0x021B, 0x021C, 0x021F, 0x1EF2,
    0x2013, 0x2014, 0x2018, 0x201A, 0x201C, 0x201E, 0x2026, 0x2039, 0x203A, 0x20AC, 0xFB00,
};

static const uint8_t ubuntu_20_regularKernLeftClassIds[] = {
      1,   2,   1,   3,   4,   5,   6,   7,   6,   8,   9,  10,  11,  12,  13,  14,
     15,  16,  17,  18,  19,  19,  20,  21,  22,  23,  24,  25,  26,  27,  28,  29,
     30,  31,  32,  33,  34,  35,  36,  37,  38,  39,  40,  41,  42,  43,  44,  45,
     46,  47,  48,  49,  50,  51,  52,  52,  53,  54,  55,  56,  57,  58,  59,  60,
     61,  62,  63,  64,  65,  66,  67,  68,  69,  21,  21,  21,  21,  21,  21,  25,
     23,  25,  25,  25,  25,  24,  32,  32,  32,  32,  32,  32,  37,  37,  37,  37,
     41,  70,  71,  45,  45,  45,  45,  45,  45,  47,  72,  52,  53,  53,  53,  53,
     53,  53,  73,  21,  45,  21,  45,  21,  45,  23,  47,  23,  47,  23,  47,  23,
     47,  24,  74,  24,  25,  25,  25,  25,  25,  27,  27,  27,  27,  49,  49,  28,
     50,  28,  50,  29,  51,  51,  30,  30,  30,  74,  30,  30,  52,  52,  52,  52,
     75,  76,  32,  53,  32,  53,  32,  53,  25,  35,  56,  35,  56,  35,  56,  36,
     57,  36,  57,  36,  57,  37,  37,  37,  37,  37,  37,  39,  59,  41,  41,  42,
     61,  42,  61,  42,  61,  48,  42,  61,  61,  28,  50,  50,  28,  50,  50,  21,
     45,  32,  53,  37,  37,  37,  37,  37,  53,  21,  45,  21,  45,  25,  27,  27,
     29,  51,  32,  53,  32,  53,  77,  50,  42,  61,  61,  27,  78,  52,  21,  45,
     25,  32,  53,  21,  45,  21,  45,  25,  25,  32,  53,  32,  53,  35,  56,  35,
     56,  37,  37,  36,  57,  79,  49,  41,   7,   7,  80,  81,  80,  81,   6,  67,
     68,  82,  48,
};

static const uint16_t ubuntu_20_regularKernRightCodepoints[] = {
    0x0021, 0x0022, 0x0025, 0x0027, 0x0028, 0x0029, 0x002A, 0x002C, 0x002D, 0x002E, 0x002F, 0x0030,
    0x0031, 0x0032, 0x0033, 0x0034, 0x0035, 0x0036, 0x0037, 0x0038, 0x0039, 0x003A, 0x003B, 0x003F,
    0x0040, 0x0041, 0x0043, 0x0047, 0x004A, 0x004D, 0x004F, 0x0051, 0x0053, 0x0054, 0x0055, 0x0056,
    0x0057, 0x0058, 0x0059, 0x005A, 0x005B, 0x005C, 0x005D, 0x0061, 0x0062, 0x0063, 0x0064, 0x0065,
    0x0066, 0x0067, 0x0068, 0x0069, 0x006A, 0x006B, 0x006C, 0x006D, 0x006E, 0x006F, 0x0070, 0x0071,
    0x0072, 0x0073, 0x0074, 0x0075, 0x0076, 0x0077, 0x0078, 0x0079, 0x007A, 0x007B, 0x007D, 0x00A2,
    0x00AB, 0x00BB, 0x00C0, 0x00C1, 0x00C2, 0x00C3, 0x00C4, 0x00C5, 0x00C6, 0x00C7, 0x00D2, 0x00D3,
    0x00D4, 0x00D5, 0x00D6, 0x00D8, 0x00D9, 0x00DA, 0x00DB, 0x00DC, 0x00DD, 0x00DF, 0x00E0, 0x00E1,
    0x00E2, 0x00E3, 0x00E4, 0x00E5, 0x00E6, 0x00E7, 0x00E8, 0x00E9, 0x00EA, 0x00EB, 0x00EC, 0x00ED,
    0x00EE, 0x00EF, 0x00F0, 0x00F1, 0x00F2, 0x00F3, 0x00F4, 0x00F5, 0x00F6, 0x00F8, 0x00F9, 0x00FA,
    0x00FB, 0x00FC, 0x00FD, 0x00FE, 0x00FF, 0x0100, 0x0101, 0x0102, 0x0103, 0x0104, 0x0105, 0x0106,
    0x0107, 0x0108, 0x0109, 0x010A, 0x010B, 0x010C, 0x010D, 0x010F, 0x0111, 0x0113, 0x0115, 0x0117,
    0x0119, 0x011B, 0x011C, 0x011D, 0x011E, 0x011F, 0x0120, 0x0121, 0x0122, 0x0123, 0x0125, 0x0127,
    0x0129, 0x012B, 0x012D, 0x012F, 0x0131, 0x0133, 0x0134, 0x0135, 0x0137, 0x013A, 0x013C, 0x013E,
    0x0140, 0x0142, 0x0144, 0x0146, 0x0148, 0x0149, 0x014A, 0x014B, 0x014C, 0x014D, 0x014E, 0x014F,
    0x0150, 0x0151, 0x0152, 0x0153, 0x0155, 0x0157, 0x0159, 0x015A, 0x015B, 0x015C, 0x015D, 0x015E,
    0x015F, 0x0160, 0x0161, 0x0162, 0x0163, 0x0164, 0x0165, 0x0166, 0x0167, 0x0168, 0x0169, 0x016A,
    0x016B, 0x016C, 0x016D, 0x016E, 0x016F, 0x0170, 0x0171, 0x0172, 0x0173, 0x0174, 0x0175, 0x0176,
    0x0177, 0x0178, 0x0179, 0x017A, 0x017B, 0x017C, 0x017D, 0x017E, 0x017F, 0x01A0, 0x01A1, 0x01AF,
    0x01B0, 0x01C6, 0x01C9, 0x01CC, 0x01CD, 0x01CE, 0x01D0, 0x01D1, 0x01D2, 0x01D3, 0x01D4, 0x01D5,
    0x01D6, 0x01D7, 0x01D8, 0x01D9, 0x01DA, 0x01DB, 0x01DC, 0x01DD, 0x01DE, 0x01DF, 0x01E0, 0x01E1,
    0x01E2, 0x01E3, 0x01E4, 0x01E5, 0x01E6, 0x01E7, 0x01E9, 0x01EA, 0x01EB, 0x01EC, 0x01ED, 0x01EE,
    0x01EF, 0x01F0, 0x01F3, 0x01F4, 0x01F5, 0x01F7, 0x01F9, 0x01FA, 0x01FB, 0x01FC, 0x01FD, 0x01FE,
    0x01FF, 0x0200, 0x0201, 0x0202, 0x0203, 0x0205, 0x0207, 0x0209, 0x020B, 0x020C, 0x020D, 0x020E,
    0x020F, 0x0211, 0x0213, 0x0214, 0x0215, 0x0216, 0x0217, 0x0218, 0x0219, 0x021A, 0x021B, 0x021C,
    0x021D, 0x021F, 0x1EF2, 0x1EF3, 0x2013, 0x2014, 0x2018, 0x2019, 0x201A, 0x201C, 0x201D, 0x201E,
    0x2026, 0x2030, 0x2039, 0x203A, 0xFB00, 0xFB01, 0xFB02, 0xFB03, 0xFB04,
};

static const uint8_t ubuntu_20_regularKernRightClassIds[] = {
      1,   2,   3,   2,   4,   5,   6,   7,   8,   7,   9,  10,  11,  12,  13,  14,
     15,  16,  17,  18,  19,  20,  20,  21,  22,  23,  24,  25,  26,  27,  28,  29,
     30,  31,  32,  33,  34,  35,  36,  37,  38,  39,  40,  41,  42,  43,  44,  45,
     46,  47,  42,  48,  49,  42,  50,  51,  51,  52,  51,  53,  51,  54,  55,  56,
     57,  58,  59,  60,  61,  62,  63,  64,  65,  66,  23,  23,  23,  23,  23,  23,
     67,  24,  28,  28,  28,  28,  28,  28,  32,  32,  32,  32,  36,  68,  41,  41,
     41,  41,  41,  41,  41,  43,  45,  45,  45,  45,  69,  48,  70,  71,  72,  51,
     52,  52,  52,  52,  52,  52,  56,  56,  56,  56,  60,  68,  60,  23,  41,  23,
     41,  23,  41,  24,  43,  24,  43,  24,  43,  24,  43,  44,  44,  45,  45,  45,
     45,  45,  25,  47,  25,  47,  25,  47,  25,  47,  42,  42,  73,  74,  75,  48,
     48,  48,  26,  49,  42,  50,  50,  50,  50,  50,  51,  51,  51,  51,  76,  77,
     28,  52,  28,  52,  28,  52,  28,  52,  51,  51,  51,  30,  54,  30,  54,  30,
     54,  30,  54,  31,  55,  31,  55,  31,  55,  32,  56,  32,  56,  32,  56,  32,
     56,  32,  56,  32,  56,  34,  58,  36,  60,  36,  37,  61,  37,  61,  37,  61,
     46,  28,  52,  32,  56,  44,  50,  51,  23,  41,  48,  28,  52,  32,  56,  32,
     56,  32,  56,  32,  56,  32,  56,  78,  23,  41,  23,  41,  67,  41,  25,  47,
     25,  47,  42,  28,  52,  28,  52,  79,  80,  49,  44,  25,  47,  68,  51,  23,
     41,  67,  41,  28,  52,  23,  41,  23,  41,  45,  45,  48,  48,  28,  52,  28,
     52,  51,  51,  32,  56,  32,  56,  30,  54,  31,  55,  81,  82,  42,  36,  60,
      8,   8,  83,  84,  85,  83,  84,  85,   7,   3,  65,  66,  46,  46,  46,  46,
     46,
};

static const uint16_t ubuntu_20_regularKernRowOffsets[] = {
        0,    10,    11,    21,    35,    41,    56,    63,    76,    77,    79,    81,    82,    86,    89,    94,
      100,   101,   103,   112,   127,   170,   187,   222,   249,   281,   316,   322,   334,   376,   417,   419,
      446,   472,   495,   519,   567,   582,   630,   669,   704,   751,   785,   801,   808,   818,   831,   843,
      865,   876,   877,   891,   902,   916,   930,   931,   946,   959,   977,   991,  1002,  1016,  1027,  1038,
     1044,  1052,  1053,  1056,  1066,  1081,  1104,  1117,  1121,  1135,  1166,  1168,  1175,  1182,  1203,  1207,
     1217,  1232,  1236,
};

static const uint8_t ubuntu_20_regularKernSparseCols[] = {
     22,  23,  24,  25,  27,  28,  32,  33,  36,  66,  12,   4,  23,  24,  27,  28,
     29,  30,  31,  32,  35,  22,  23,  24,  25,  27,  28,  29,  30,  32,  33,  34,
     35,  36,  66,  22,  23,  24,  25,  34,  66,  22,  23,  24,  25,  27,  28,  29,
     30,  31,  32,  33,  34,  35,  36,  66,  25,  30,  32,  34,  35,  36,  66,  22,
     23,  24,  25,  27,  28,  30,  32,  33,  34,  35,  36,  66,  63,   2,  63,  13,
     63,  63,   1,   2,  13,  18,   1,  18,  63,   1,   2,  10,  18,  63,  11,  12,
     13,  15,  16,  63,  63,  12,  63,  23,  24,  27,  28,  30,  31,  32,  33,  35,
     22,  23,  24,  25,  27,  28,  29,  30,  31,  32,  33,  34,  35,  36,  66,   1,
      3,   5,   6,   8,  21,  22,  23,  24,  25,  27,  28,  29,  30,  31,  32,  33,
     34,  35,  36,  39,  42,  43,  44,  46,  51,  52,  53,  55,  56,  57,  58,  59,
     60,  61,  62,  64,  66,  71,  80,  82,  83,  84,   1,   3,   4,   5,   6,   8,
     19,  20,  32,  33,  34,  35,  39,  60,  62,  66,  80,   3,   6,   7,  20,  21,
     22,  23,  24,  25,  27,  28,  29,  30,  32,  34,  35,  36,  37,  42,  43,  44,
     46,  51,  52,  55,  56,  57,  58,  59,  61,  64,  66,  71,  83,  84,   0,   1,
      3,   4,   6,   8,  20,  21,  22,  25,  29,  30,  32,  33,  34,  35,  36,  37,
     39,  40,  62,  66,  78,  80,  82,  83,  84,   1,   3,   5,   6,  21,  22,  23,
     24,  25,  27,  28,  31,  37,  39,  42,  43,  44,  46,  51,  52,  54,  55,  56,
     57,  58,  59,  61,  62,  64,  66,  71,  82,   0,   3,   6,   8,  19,  20,  21,
     22,  23,  24,  25,  27,  28,  30,  32,  35,  37,  39,  40,  42,  43,  44,  46,
     50,  51,  52,  55,  58,  60,  65,  66,  71,  76,  77,  84,   4,   5,  39,  56,
     59,  62,   4,   6,   8,  22,  25,  36,  39,  60,  62,  66,  78,  84,   3,   5,
      6,   7,   8,  20,  21,  22,  23,  24,  25,  27,  28,  30,  32,  33,  34,  35,
     36,  39,  42,  43,  44,  46,  51,  52,  53,  55,  56,  57,  58,  59,  60,  61,
     64,  66,  70,  71,  72,  73,  77,  84,   1,   3,   5,   6,   7,   8,  22,  23,
     24,  25,  27,  28,  29,  30,  31,  32,  33,  34,  35,  36,  39,  42,  43,  44,
     46,  51,  52,  56,  57,  58,  59,  60,  61,  62,  64,  65,  66,  80,  82,  83,
     84,  32,  35,   0,   1,   3,   4,   6,   8,  20,  21,  22,  25,  29,  30,  32,
     33,  34,  35,  36,  37,  39,  40,  62,  66,  78,  80,  82,  83,  84,   0,   3,
      4,   6,   8,  22,  25,  34,  37,  39,  40,  42,  43,  44,  46,  51,  52,  56,
     57,  59,  62,  64,  66,  71,  83,  84,   0,   1,   3,   6,  20,  21,  22,  25,
     29,  30,  32,  33,  34,  35,  36,  37,  40,  48,  66,  78,  82,  83,  84,   3,
      6,   8,  20,  21,  22,  23,  24,  25,  27,  28,  32,  34,  35,  36,  39,  58,
     60,  61,  62,  64,  66,  71,  84,   3,   4,   6,   7,   8,  19,  20,  21,  22,
     23,  24,  25,  27,  28,  30,  32,  33,  34,  35,  39,  40,  42,  43,  44,  46,
     50,  51,  52,  53,  55,  56,  57,  58,  59,  60,  61,  64,  65,  66,  69,  70,
     71,  72,  73,  74,  76,  77,  84,   3,   6,   8,  19,  22,  25,  36,  39,  40,
     60,  61,  62,  66,  78,  84,   1,   3,   4,   6,   7,   8,  19,  20,  21,  22,
     23,  24,  25,  26,  27,  28,  30,  32,  33,  34,  35,  39,  40,  42,  43,  44,
     46,  50,  51,  52,  53,  55,  60,  61,  64,  65,  66,  68,  70,  71,  72,  73,
     74,  76,  77,  82,  83,  84,   1,   3,   6,   8,  19,  20,  21,  22,  23,  24,
     25,  27,  28,  30,  32,  33,  34,  35,  39,  40,  42,  43,  44,  46,  50,  51,
     52,  53,  55,  61,  64,  66,  70,  71,  72,  76,  82,  83,  84,   3,   5,   6,
      7,   8,  21,  22,  23,  24,  25,  27,  28,  30,  32,  34,  35,  36,  39,  42,
     43,  44,  46,  51,  52,  55,  56,  57,  58,  59,  61,  64,  66,  71,  77,  84,
      3,   4,   6,   7,   8,  19,  20,  21,  22,  23,  24,  25,  26,  27,  28,  30,
     32,  33,  34,  35,  36,  39,  40,  42,  43,  44,  46,  50,  51,  52,  53,  55,
     58,  60,  61,  64,  65,  66,  70,  71,  72,  73,  76,  77,  82,  83,  84,   3,
      6,   7,  21,  22,  23,  24,  25,  27,  28,  31,  32,  35,  37,  39,  42,  43,
     44,  46,  51,  52,  54,  55,  56,  57,  58,  59,  61,  62,  64,  66,  70,  71,
     72,  22,  23,  24,  25,  27,  28,  29,  30,  31,  32,  33,  34,  35,  36,  39,
     66,  23,  24,  27,  28,  33,  34,  36,   1,   4,   5,  20,  39,  56,  57,  59,
     62,  83,   1,   4,   8,  20,  39,  56,  57,  58,  59,  60,  62,  82,  83,   6,
      7,  39,  43,  46,  51,  56,  57,  58,  59,  61,  64,   4,   5,   6,   7,   8,
     20,  39,  56,  57,  58,  59,  62,  64,  65,  68,  70,  71,  72,  73,  74,  83,
     84,   1,   4,   5,  20,  39,  56,  57,  59,  62,  82,  83,  48,   7,   8,  21,
     39,  42,  43,  44,  46,  51,  52,  58,  61,  64,  71,   1,   4,   5,  20,  39,
     56,  57,  59,  62,  82,  83,   1,   4,   5,   8,  20,  39,  56,  57,  58,  59,
     60,  62,  82,  83,   1,   4,   5,   8,  20,  39,  56,  57,  58,  59,  60,  62,
     82,  83,  48,   5,   6,   7,   8,  20,  39,  52,  56,  57,  58,  59,  64,  71,
     83,  84,   6,   7,  39,  42,  43,  44,  46,  51,  52,  58,  61,  64,  71,   5,
      6,   8,  20,  39,  42,  43,  44,  46,  51,  52,  56,  57,  58,  59,  71,  83,
     84,   5,   6,   8,  20,  39,  42,  51,  56,  57,  58,  59,  71,  83,  84,  39,
     42,  43,  44,  46,  51,  52,  58,  61,  64,  71,  39,  42,  43,  44,  45,  46,
     51,  52,  54,  55,  61,  62,  64,  71,  22,  23,  24,  25,  27,  28,  29,  31,
     36,  62,  66,  22,  25,  29,  30,  31,  32,  33,  34,  35,  36,  66,  30,  31,
     32,  33,  35,  36,   9,  10,  12,  13,  14,  15,  17,  18,  16,  30,  32,  35,
     22,  25,  29,  30,  32,  33,  34,  35,  36,  66,  22,  23,  24,  25,  27,  28,
     29,  30,  31,  32,  33,  34,  35,  36,  66,   0,   1,   4,   6,   8,  20,  22,
     25,  30,  32,  34,  35,  36,  37,  39,  40,  62,  66,  78,  80,  82,  83,  84,
      1,   4,   5,  20,  39,  56,  57,  59,  62,  79,  81,  82,  83,   8,  20,  39,
     62,   1,   4,   5,   8,  20,  39,  56,  57,  58,  59,  60,  62,  82,  83,   1,
      4,   6,   7,  19,  20,  38,  39,  40,  41,  42,  43,  44,  46,  47,  48,  49,
     50,  51,  52,  53,  54,  55,  62,  68,  69,  70,  72,  73,  74,  83,  48,  60,
      1,   5,  20,  56,  57,  82,  83,  48,  56,  57,  58,  59,  79,  81,  22,  25,
     34,  35,  36,  40,  41,  45,  47,  48,  50,  66,  67,  68,  69,  70,  72,  73,
     74,  75,  78,  32,  35,  75,  80,  22,  23,  24,  25,  27,  28,  32,  33,  35,
     66,  22,  23,  24,  25,  27,  28,  29,  30,  31,  32,  33,  34,  35,  36,  66,
     11,  12,  14,  16,
};

static const int8_t ubuntu_20_regularKernSparseValues[] = {
     -53,  -17,  -17,  -82,  -17,  -17,    9,    7,   -8,  -89,  -11,   53,  -20,  -20,  -20,  -20,
     -12,    7,   -7,   10,   11,  -13,   -8,   -8,   -9,   -8,   -8,   -8,  -19,  -23,  -12,  -19,
     -29,  -15,  -13,  -43,   -7,   -7,  -81,  -17,  -65,   17,  -19,  -19,   19,  -22,  -22,    9,
     -47,  -15,  -51,  -27,    7,  -53,   13,   13,  -19,  -33,   -8,  -21,  -33,  -11,   -9,  -33,
     -18,  -18,  -47,  -17,  -17,   19,   21,   15,   13,   23,    6,  -51,   -9,   -8,  -13,  -11,
     -26,  -11,   -9,  -15,    9,  -11,  -10,  -11,  -11,  -17,  -14,  -15,  -15,  -10,   13,    8,
     -35,  -21,   17,  -41,  -12,  -11,  -11,   -7,   -7,   -7,   -7,  -57,   -8,  -14,   -9,  -27,
     -17,   -7,   -7,  -17,   -7,   -7,  -12,  -29,   -8,  -24,  -15,  -26,  -36,  -23,  -25,  -52,
     -13,  -42,   17,   11,  -10,   22,  -13,  -13,   19,  -13,  -13,   11,  -43,   -7,  -41,  -12,
      17,  -53,   13,  -18,   -9,   -9,   -9,  -11,   -9,   -9,    9,  -10,  -14,  -13,   17,  -10,
      10,  -13,   -7,  -13,   23,   -9,  -35,  -47,  -45,   17,   -7,   -7,  -17,   -7,   -7,  -14,
      -7,  -13,  -13,   -9,  -14,  -17,  -23,   -9,  -15,   -8,   -9,  -15,   15,  -20,   10,  -11,
      15,  -13,  -13,   15,  -13,  -13,    7,   11,   11,    9,   11,    7,   -7,  -10,  -10,  -10,
     -10,  -10,  -10,  -13,  -11,  -11,    9,  -11,  -19,  -30,   15,  -10,    9,   12,   -9,  -17,
      -8,  -22,  -22,  -29,  -26,   -7,  -13,  -17,   -7,  -18,  -11,  -11,  -16,  -27,  -10,   -7,
     -28,   -9,  -19,  -28,  -20,  -20,  -13,   -8,  -23,  -11,  -14,   -9,    7,  -11,   11,  -19,
     -19,   11,  -19,  -19,  -15,  -11,  -29,  -11,  -11,  -11,  -15,  -11,  -10,   -9,  -13,  -17,
     -17,    6,  -17,  -13,  -15,  -15,   12,  -10,   -9,   -7,  -16,  -43,  -40,  -12,    9,  -12,
     -31,   -9,   -9,  -53,   -9,   -9,    9,   12,   13,  -10,  -27,  -34,   -9,   -9,   -9,   -9,
     -19,   -9,   -9,  -17,  -24,  -17,  -14,  -51,  -10,  -17,  -12,  -69,   -7,  -17,   -7,  -12,
     -12,   -7,   -7,   -7,  -24,   -7,  -10,  -11,  -23,  -12,  -13,  -17,  -10,   -9,  -12,  -22,
      11,  -31,   12,    7,  -13,   23,  -23,  -23,   18,  -23,  -23,   11,   13,    7,   17,   15,
      14,  -17,  -14,  -14,  -14,  -14,  -14,  -14,    9,   -9,   -9,  -32,   18,   -7,   11,  -13,
     -41,   23,   14,  -17,    7,    7,   -9,   10,  -84,   -7,  -93,   15,  -46,    8,   19,  -30,
     -30,   19,  -30,  -30,    9,  -77,  -12,  -67,  -30,   13,  -77,    9,  -21,   -8,   -8,   -8,
      -8,   -8,   -8,  -27,  -25,   14,  -13,    7,  -16,  -10,  -26,    7,   19,  -56,  -80,  -79,
       9,   -4,   -5,   -9,  -15,   -8,  -19,  -22,  -28,  -23,   -7,  -13,  -17,   -7,  -18,  -11,
     -11,  -16,  -27,  -10,   -7,  -28,   -9,  -19,  -27,  -18,  -17,  -11,   -7,  -20,   -7,   -8,
     -16,  -60,  -41,  -33,  -63,  -12,  -10,  -27,  -13,  -14,  -14,  -21,  -14,  -14,   -7,    7,
       6,    7,  -16,  -12,  -56,  -11,    7,  -77,   -9,  -15,   -8,  -22,  -23,   -7,  -13,  -17,
      -7,  -18,  -11,  -11,  -16,  -27,  -10,   -7,   -9,   10,  -27,  -18,  -11,   -7,  -13,   -8,
       9,    8,   -9,  -10,   19,   -7,   -7,   15,   -7,   -7,   -7,   13,  -13,    9,  -22,   14,
       6,  -11,  -11,  -13,   19,  -10,    9,  -18,    8,  -50,  -33,  -57,  -56,   15,  -34,  -43,
     -18,  -18,  -60,  -18,  -18,   16,   18,   11,   10,   19,  -21,  -30,  -37,  -37,  -37,  -37,
     -27,  -37,  -37,  -30,  -23,  -15,  -54,  -12,  -15,  -20,  -16,  -57,  -51,  -48,   14,   21,
     -53,   34,   14,    7,  -48,  -44,  -45,   -7,   -7,  -27,   -7,   -7,  -10,  -11,  -25,  -11,
     -12,   -7,  -15,  -23,   -9,  -14,    9,  -22,   11,  -50,   -7,  -45,  -13,   16,  -25,  -41,
     -11,  -11,  -63,   -4,  -11,  -11,   19,   21,   14,   13,   22,  -19,  -17,  -30,  -30,  -30,
     -30,  -20,  -30,  -30,  -10,  -16,   -1,  -16,  -29,   -7,  -55,    7,   21,  -34,   27,   21,
       7,  -17,  -16,   13,   16,  -49,    9,  -11,  -25,  -31,   -7,   11,  -13,  -12,  -11,  -11,
     -40,  -11,  -11,   13,   15,    8,    7,   16,  -25,  -19,  -15,  -15,  -15,  -17,  -14,  -15,
     -15,  -11,  -13,  -11,  -13,  -33,   12,  -17,    7,   -9,   12,   17,  -25,  -17,  -17,    9,
     -19,    7,  -17,   18,  -16,  -16,   13,  -16,  -16,    9,   11,   12,   13,    9,  -23,  -12,
     -12,  -12,  -12,  -12,  -12,   -7,   -7,  -25,   13,   -5,  -17,  -31,   19,  -19,  -11,    7,
     -28,   12,  -43,  -33,  -55,  -25,   17,  -39,  -53,  -27,  -27,  -77,   -5,  -27,  -27,   20,
      22,   15,   14,   23,    7,  -17,  -27,  -33,  -33,  -33,  -33,  -27,  -33,  -33,  -13,  -23,
     -10,  -19,  -15,  -51,  -21,  -53,   27,  -52,   27,   21,  -29,  -26,    7,   11,  -52,  -14,
       7,  -40,  -11,   11,  -24,  -24,   11,  -24,  -24,   -9,    7,    8,  -11,  -29,  -11,  -11,
     -11,  -15,  -11,  -10,   -9,  -13,  -15,  -16,    6,  -15,  -23,  -10,  -33,   12,    7,  -10,
       8,  -19,  -29,  -29,  -19,  -29,  -29,  -17,  -22,  -25,  -19,  -25,  -24,  -18,  -27,   53,
     -18,   -7,   -7,   -7,   -7,   -7,   -7,  -11,  -18,  -16,  -13,  -19,  -20,  -10,   -8,  -10,
     -14,  -16,  -25,  -18,  -15,  -19,  -20,   -9,   -8,  -11,   -9,  -13,  -14,  -22,  -22,    7,
     -21,  -18,   -8,  -11,   -9,    7,    7,   11,    7,  -14,  -19,   26,    7,  -35,  -23,  -28,
      16,   26,   13,   12,   10,   13,   26,  -13,    6,   20,   27,  -11,   27,   20,   27,   13,
     -35,  -25,  -16,  -14,  -18,  -19,  -10,   -9,  -11,  -14,  -20,  -20,    6,  -18,    7,  -13,
     -17,  -17,  -17,  -17,  -19,  -19,  -17,   13,  -13,  -23,  -18,  -21,  -17,  -15,  -19,  -20,
     -11,   -9,  -12,  -14,  -15,  -17,  -21,  -18,  -13,  -15,  -20,  -20,   -9,   -9,  -11,   -9,
     -13,  -14,  -15,  -18,  -21,  -18,  -13,  -15,  -19,  -20,   -9,   -8,  -11,   -9,  -12,  -14,
     -15,  -18,   20,    8,  -37,  -21,  -31,  -29,  -16,   -8,   14,   13,   11,   14,  -14,  -13,
       9,  -35,    7,  -26,  -18,   -9,   -9,   -7,   -7,   -9,   -8,   11,  -14,  -19,   -8,    6,
     -23,  -21,  -26,  -17,  -10,   -9,   -9,   -9,   -9,   -9,   12,   11,    9,   12,  -11,    8,
     -24,    6,  -21,  -19,  -23,  -17,   -9,   -8,   12,   11,    9,   12,   -9,    8,  -20,  -18,
     -14,  -14,  -14,  -14,  -14,  -14,   11,  -14,  -19,  -16,  -23,  -13,  -13,  -13,   -8,  -15,
     -13,  -12,   -9,   -9,  -19,  -14,  -22,  -12,   -8,  -17,  -20,   -8,  -20,  -20,  -14,  -15,
     -12,   53,   -7,  -14,  -14,  -12,  -17,   -7,  -17,  -13,  -19,  -16,  -23,  -13,  -55,   -7,
     -19,  -14,  -31,   -7,  -19,  -23,   11,  -23,   10,  -27,  -16,   -7,   17,  -51,   -8,  -22,
     -13,  -28,  -14,  -57,  -29,  -14,  -34,  -52,  -29,  -29,  -31,  -25,  -25,  -41,  -25,  -25,
     -21,  -74,  -29,  -31,  -26,  -46,  -44,  -45,  -47,   -9,  -22,  -26,  -40,  -27,  -23,  -18,
     -37,  -29,  -14,  -29,  -28,  -31,  -11,  -28,  -10,  -18,  -33,  -27,  -15,  -17,  -11,  -38,
     -27,  -18,  -22,  -13,  -14,  -19,  -17,  -19,  -14,  -23,  -14,  -21,  -20,  -14,   10,    9,
       9,  -27,  -18,  -13,  -15,  -19,  -20,   -9,   -8,  -11,   -9,  -12,  -14,  -24,  -24,   12,
      40,   -7,   -7,   -7,   30,   60,   47,   -7,   10,   -7,   -7,   -7,   -7,    5,    5,   10,
      -7,   -7,   -7,   -7,    7,   -7,   47,   47,   63,   73,   73,   73,   57,   13,   13,   -9,
     -28,  -13,  -16,   -9,   -8,  -23,  -23,   -9,  -15,  -13,   -9,  -15,  -21,  -16,  -23,  -42,
     -21,   -9,  -11,  -15,   -8,   -8,   -8,   -8,   -8,  -39,   -8,   -8,   -8,   -8,   -8,   -8,
      -8,   -8,  -12,  -11,  -14,   -9,  -10,  -50,  -14,  -14,  -77,  -14,  -14,   13,   11,    9,
     -88,   17,  -17,  -17,   19,  -19,  -21,   11,  -45,  -13,  -49,  -23,    8,  -51,   14,   14,
       9,   14,   14,   11,
};

static const EpdLigaturePair ubuntu_20_regularLigaturePairs[] = {
    { 0x00660066, 0xFB00 }, // f f -> U+FB00
    { 0x00660069, 0xFB01 }, // f i -> U+FB01
    { 0x0066006C, 0xFB02 }, // f l -> U+FB02
    { 0xFB000069, 0xFB03 }, // U+FB00 i -> U+FB03
    { 0xFB00006C, 0xFB04 }, // U+FB00 l -> U+FB04
};

static const EpdFontData ubuntu_20_regular = {
    ubuntu_20_regularBitmaps,
    ubuntu_20_regularGlyphs,
    ubuntu_20_regularIntervals,
    39,
    48,
    39,
    -8,
    true,
    ubuntu_20_regularGroups,
    13,
    nullptr,
    nullptr,  // kernLeftClasses: built-in fonts use the split arrays below
    nullptr,  // kernRightClasses
    ubuntu_20_regularKernLeftCodepoints,
    ubuntu_20_regularKernLeftClassIds,
    ubuntu_20_regularKernRightCodepoints,
    ubuntu_20_regularKernRightClassIds,
    nullptr,  // kernMatrix: built-in fonts use the sparse form below
    ubuntu_20_regularKernRowOffsets,
    ubuntu_20_regularKernSparseCols,
    ubuntu_20_regularKernSparseValues,
    275,
    321,
    82,
    85,
    ubuntu_20_regularLigaturePairs,
    5,
};
